date,source,data_type,list_type,keyword,rank,title,price,rating,review_count,likes,comments,views,published_at,competition_count,product_url,image_url,hot_score,reason
2026-09-22,amazon_us,product,search,platform sandals women,15,Women's Suede Platform Wedge Heel Slide Sandals Y2K Round Open Toe One Strap Slip-On Heeled Sandals Stylish Comfortable Daily Casual Summer Slippers,¥237.53,3.5,100+ bought in past month,,,,,,https://www.amazon.com/NBZKBNG-Platform-Sandals-Comfortable-Slippers/dp/B0FXRQXXLG/ref=sr_1_9?dib=eyJ2IjoiMSJ9.-sztLUvFGvhR_ekbbj8Xky_JQwtUkG3xFMXqzf-jACXFLhY_JXg3c45ewpyuQHwiLVAObzNwTNM9NHiQyyG9fcEawl468fLNoBp33vjloCejXp8SyQFe5zVSN19LTM18tYGnHrXb6beQqcGR2SJIGBZB0O2SG7NfbHwutg3EbDJduA84AAJMuCDYxE1ajggjdhJPAVpbxKChdAeMXLVnyPgZk832z6NeSYtuvYyEQoa-WHYKk4m3MzPpKpnxalWAzyES4Y2bKnPobatj7mP-1LOxLiY0jm_ivHFMne0ksQk.dAJ7Yy2SgWDAOaOsiASC4dLXmU7aZ1NCS7Tg70yVpYU&dib_tag=se&keywords=platform+sandals+women&qid=1790056296&sr=8-9,https://m.media-amazon.com/images/I/61mezHp5R1L._AC_UL320_.jpg,80,排名进入前30；评论数达到50以上；价格处于人民币等值¥180.00-¥288.00区间；标题包含 platform、comfort、summer、wedge，符合美国女鞋舒适化趋势；platform + comfort组合趋势加分。
2026-09-22,amazon_us,product,best_sellers,Best Sellers Women Sandals,20,OOFOS OOriginal Recovery Sandal - Women’s and Men’s,¥431.64,4.5,"26,623",,,,,,https://www.amazon.com/OOFOS-Unisex-Original-Thong-Black/dp/B007VDJSTI/ref=zg_bs_g_679425011_d_sccl_20/133-1338554-2740064?psc=1,"https://images-na.ssl-images-amazon.com/images/I/51qiZpHX64L._AC_UL600_SR600,400_.jpg",78,排名进入前30；评论数高；价格高于人民币等值¥288.00；标题包含 recovery，符合美国女鞋舒适化趋势；评分达到4.3以上。
2026-09-22,amazon_us,product,search,platform sandals women,47,Platform Sandals Women Strappy Wedges Comfortable Lightweight Non Slip Walking Sandals Dressy Summer Wedges for Vacation Office Casual Wear,¥143.93,4.3,100+ bought in past month,,,,,,https://www.amazon.com/Tearkiss-Platform-Comfortable-Lightweight-Vacation/dp/B0GZKQ9V4C/ref=sr_1_33?dib=eyJ2IjoiMSJ9.-sztLUvFGvhR_ekbbj8Xky_JQwtUkG3xFMXqzf-jACXFLhY_JXg3c45ewpyuQHwiLVAObzNwTNM9NHiQyyG9fcEawl468fLNoBp33vjloCejXp8SyQFe5zVSN19LTM18tYGnHrXb6beQqcGR2SJIGBZB0O2SG7NfbHwutg3EbDJduA84AAJMuCDYxE1ajggjdhJPAVpbxKChdAeMXLVnyPgZk832z6NeSYtuvYyEQoa-WHYKk4m3MzPpKpnxalWAzyES4Y2bKnPobatj7mP-1LOxLiY0jm_ivHFMne0ksQk.dAJ7Yy2SgWDAOaOsiASC4dLXmU7aZ1NCS7Tg70yVpYU&dib_tag=se&keywords=platform+sandals+women&qid=1790056296&sr=8-33,https://m.media-amazon.com/images/I/71Re0WbOVEL._AC_UL320_.jpg,77,排名进入前50；评论数达到50以上；价格处于人民币等值¥57.60-¥180.00黄金区间；标题包含 platform、comfort、summer、wedge，符合美国女鞋舒适化趋势；platform + comfort组合趋势加分；评分达到4.3以上。
2026-09-22,amazon_us,product,search,women slides,47,"Cloud Slides for Women, Platform Slides Slippers Men, EVA Non-Slip Quick Drying Soft Lightweight Sandals, Thick Sole Open Toe Slides, Shower Shoes for Indoor Outdoor",¥79.13,4.1,50+ bought in past month,,,,,,https://www.amazon.com/Genevese-Platform-Slippers-Non-Slip-Lightweight/dp/B0GSW2R3NZ/ref=sr_1_29?dib=eyJ2IjoiMSJ9.6owUC4TDSG3NkE2e1xmDHGQF3LFLRuf9b6QFruX3rubGKDTw3AYE1VEQ5MtkUzJsaHh4IlMN2ZctBespjH9bRC-TAA4f0dwp-hT9JlRlo0GjFnqWmyp1g6tUY0FT7pSmByC7PfhDe3l64QCPqY9cqiMcFDExAAT1u8xZH5pEQijUJJUjFtOWSYWyUtqZlYwTrzlrtsZVQFgLx75M_2PlDaAL9PQbrvU0a9z6FcHD9zQzs4QQ6o27ClJ9XhEaO5rJE4mvRroBm8DMdsZYtvCgE8_uK8Z1HwylhESToovJJQg.M1MXIbcZ1-DNAWHrhnLPGJxJOJ83eduRFg7CwcuM_L8&dib_tag=se&keywords=women+slides&qid=1790056296&sr=8-29,https://m.media-amazon.com/images/I/81MqDEqG5DL._AC_UL320_.jpg,73,排名进入前50；评论数达到50以上；价格处于人民币等值¥57.60-¥180.00黄金区间；标题包含 cloud、platform、soft，符合美国女鞋舒适化趋势；cloud + slides组合趋势加分；评分达到4.0以上。
2026-09-22,amazon_us,product,new_releases,New Releases Women Sandals,1,Project Cloud Pool Slides For Women & Jelly Sandals For Women Footwear | Womens Sandals Comfortable w/ Memory Foam Insole - Slip Resistant Womens Jelly Sandals Beach Essentials Sandals Women,,3.9,$26.91,,,,,,https://www.amazon.com/Project-Cloud-Slides-Sandals-Footwear/dp/B0H5YKTVPP/ref=zg_bsnr_g_679425011_d_sccl_1/144-1060190-2868101?psc=1,"https://images-na.ssl-images-amazon.com/images/I/81x+j68eH7L._AC_UL600_SR600,400_.jpg",72,排名靠前；标题包含 cloud、comfort、beach，符合美国女鞋舒适化趋势；cloud + slides组合趋势加分。
2026-09-22,amazon_us,product,best_sellers,Best Sellers Women Sandals,3,KuaiLu Flip Flops for Women with Arch Support Summer Beach Thong Sandals | Comfortable Yoga Mat Walking Shoes Cushion Slip On Casual Outfits Indoor Outdoor,,4.3,$9.99,,,,,,https://www.amazon.com/KuaiLu-Support-Comfortable-Walking-Sandals/dp/B0C5ZRQS2X/ref=zg_bs_g_679425011_d_sccl_3/133-1338554-2740064?psc=1,"https://images-na.ssl-images-amazon.com/images/I/710PdcSAm6L._AC_UL600_SR600,400_.jpg",70,排名靠前；标题包含 comfort、arch support、beach、summer，符合美国女鞋舒适化趋势；评分达到4.3以上。
2026-09-22,amazon_us,product,search,women slides,45,"Womens Sandal Cork Footbed Slide, Arch Support Slides for Women with Adjustable Buckle, Comfortable Summer Beach Outdoor Sandals",¥122.33,4.4,300+ bought in past month,,,,,,https://www.amazon.com/AUGCY-Footbed-Support-Adjustable-Comfortable/dp/B0GFVJCPGW/ref=sr_1_27?dib=eyJ2IjoiMSJ9.6owUC4TDSG3NkE2e1xmDHGQF3LFLRuf9b6QFruX3rubGKDTw3AYE1VEQ5MtkUzJsaHh4IlMN2ZctBespjH9bRC-TAA4f0dwp-hT9JlRlo0GjFnqWmyp1g6tUY0FT7pSmByC7PfhDe3l64QCPqY9cqiMcFDExAAT1u8xZH5pEQijUJJUjFtOWSYWyUtqZlYwTrzlrtsZVQFgLx75M_2PlDaAL9PQbrvU0a9z6FcHD9zQzs4QQ6o27ClJ9XhEaO5rJE4mvRroBm8DMdsZYtvCgE8_uK8Z1HwylhESToovJJQg.M1MXIbcZ1-DNAWHrhnLPGJxJOJ83eduRFg7CwcuM_L8&dib_tag=se&keywords=women+slides&qid=1790056296&sr=8-27,https://m.media-amazon.com/images/I/71jk8h0qC0L._AC_UL320_.jpg,70,排名进入前50；评论数达到300以上；价格处于人民币等值¥57.60-¥180.00黄金区间；标题包含 comfort、arch support、beach、summer，符合美国女鞋舒适化趋势；评分达到4.3以上。
2026-09-22,amazon_us,product,best_sellers,Best Sellers Women Sandals,24,"CUSHIONAIRE Feather EVA Slides for Women – Comfortable Slip On Womens Slippers, Indoor Outdoor Shower Shoes, Beach Essential Cloud Slides",,4.4,$26.99,,,,,,https://www.amazon.com/Cushionaire-Womens-Feather-recovery-Comfort/dp/B094TD7Z1K/ref=zg_bs_g_679425011_d_sccl_24/133-1338554-2740064?psc=1,"https://images-na.ssl-images-amazon.com/images/I/817PhiYQjLL._AC_UL600_SR600,400_.jpg",69,排名进入前30；标题包含 cloud、comfort、beach，符合美国女鞋舒适化趋势；cloud + slides组合趋势加分；评分达到4.3以上。
2026-09-22,amazon_us,product,new_releases,New Releases Women Sandals,26,IDIFU Women's Platform Sparkly Rhinestone High Stiletto Strappy Heels | 3 Inch Open Toe Dress Shoes for Women Comfortable Wedding Bridal Bridesmaid Prom Cute Stylish Ankle Strap Heeled Sandals,,4.8,$36.99,,,,,,https://www.amazon.com/IDIFU-Rhinestone-Sparkly-Platform-Stiletto/dp/B0H2HT1MXL/ref=zg_bsnr_g_679425011_d_sccl_26/144-1060190-2868101?psc=1,"https://images-na.ssl-images-amazon.com/images/I/718MXnlf5lL._AC_UL600_SR600,400_.jpg",69,排名进入前30；标题包含 platform、comfort，符合美国女鞋舒适化趋势；platform + comfort组合趋势加分；评分达到4.6以上。
2026-09-22,amazon_us,product,new_releases,New Releases Women Sandals,10,GETOEU Arch Support Flip Flops for Women Square Toe Thong Sandals Comfortable Summer Beach Lightweight Flip Flops,,4.2,$9.99,,,,,,https://www.amazon.com/GETOEU-Support-Sandals-Comfortable-Lightweight/dp/B0H33X2P5N/ref=zg_bsnr_g_679425011_d_sccl_10/144-1060190-2868101?psc=1,"https://images-na.ssl-images-amazon.com/images/I/812JKZIwOpL._AC_UL600_SR600,400_.jpg",67,排名靠前；标题包含 comfort、arch support、beach、summer，符合美国女鞋舒适化趋势；评分达到4.0以上。
2026-09-22,amazon_us,product,search,women summer slippers,4,GOEWY,¥71.93,4.3,GOEWY,,,,,,https://www.amazon.com/GOEWY-House-Slippers-Summer-Memory/dp/B0GVYMZHKG/ref=sr_1_1?dib=eyJ2IjoiMSJ9.wQE1IQn9JtlrMDDR9TavgqOSlL2Sb0ZOxmvm80WeypBzEpPIWqqGZAR4mmkjx59wwDtwCQ4pypOsoH1AKuD4qEgdPm_TQrVCxz7Vsnw8hWavCcZiENEiHJobNCOokJ4YOvwjcwvJXcyhzTBXsDIBttbNJMHNxNF2AkPpRHBhT3ceHRqlr9_cm4apxKNsjJvxSU2iGYs8WKACEEGS_HY1CR41r_ffTh_7mNtYgOnNUHuymz5gm3kHZhHFiAqW6drESh3xCPvGsuYicJPb1h3osvpNI9VuDM7abfS6vBUjqSA.6yntjgzet8zdiQrrvVCmbrBnJ8zN8WJEGKvt0AFpf0s&dib_tag=se&keywords=women+summer+slippers&qid=1790056295&sr=8-1,https://m.media-amazon.com/images/I/81wxouP5EZL._AC_UL320_.jpg,67,排名靠前；价格处于人民币等值¥57.60-¥180.00黄金区间；评分达到4.3以上。
2026-09-22,amazon_us,product,search,women summer slippers,5,GOEWY,¥93.53,4.4,Products highlighted as 'Overall Pick' are:,,,,,,https://www.amazon.com/GOEWY-Slippers-Summer-Breathable-Slides/dp/B0GQGLFHFJ/ref=sr_1_2?dib=eyJ2IjoiMSJ9.wQE1IQn9JtlrMDDR9TavgqOSlL2Sb0ZOxmvm80WeypBzEpPIWqqGZAR4mmkjx59wwDtwCQ4pypOsoH1AKuD4qEgdPm_TQrVCxz7Vsnw8hWavCcZiENEiHJobNCOokJ4YOvwjcwvJXcyhzTBXsDIBttbNJMHNxNF2AkPpRHBhT3ceHRqlr9_cm4apxKNsjJvxSU2iGYs8WKACEEGS_HY1CR41r_ffTh_7mNtYgOnNUHuymz5gm3kHZhHFiAqW6drESh3xCPvGsuYicJPb1h3osvpNI9VuDM7abfS6vBUjqSA.6yntjgzet8zdiQrrvVCmbrBnJ8zN8WJEGKvt0AFpf0s&dib_tag=se&keywords=women+summer+slippers&qid=1790056295&sr=8-2,https://m.media-amazon.com/images/I/61PJ6PNvlqL._AC_UL320_.jpg,67,排名靠前；价格处于人民币等值¥57.60-¥180.00黄金区间；评分达到4.3以上。
2026-09-22,amazon_us,product,search,women summer slippers,6,EverFoams,¥154.73,4.4,EverFoams,,,,,,https://www.amazon.com/EverFoams-Womens-Slippers-Memory-Outdoor/dp/B0CLGNYKFR/ref=sr_1_3?dib=eyJ2IjoiMSJ9.wQE1IQn9JtlrMDDR9TavgqOSlL2Sb0ZOxmvm80WeypBzEpPIWqqGZAR4mmkjx59wwDtwCQ4pypOsoH1AKuD4qEgdPm_TQrVCxz7Vsnw8hWavCcZiENEiHJobNCOokJ4YOvwjcwvJXcyhzTBXsDIBttbNJMHNxNF2AkPpRHBhT3ceHRqlr9_cm4apxKNsjJvxSU2iGYs8WKACEEGS_HY1CR41r_ffTh_7mNtYgOnNUHuymz5gm3kHZhHFiAqW6drESh3xCPvGsuYicJPb1h3osvpNI9VuDM7abfS6vBUjqSA.6yntjgzet8zdiQrrvVCmbrBnJ8zN8WJEGKvt0AFpf0s&dib_tag=se&keywords=women+summer+slippers&qid=1790056295&sr=8-3,https://m.media-amazon.com/images/I/81rGYT3pkaL._AC_UL320_.jpg,67,排名靠前；价格处于人民币等值¥57.60-¥180.00黄金区间；评分达到4.3以上。
2026-09-22,amazon_us,product,search,platform sandals women,8,Soda,¥178.56,4.5,Products highlighted as 'Overall Pick' are:,,,,,,https://www.amazon.com/Soda-Buckle-Espadrilles-Flatform-Casual/dp/B0C5S26DHB/ref=sr_1_2?dib=eyJ2IjoiMSJ9.-sztLUvFGvhR_ekbbj8Xky_JQwtUkG3xFMXqzf-jACXFLhY_JXg3c45ewpyuQHwiLVAObzNwTNM9NHiQyyG9fcEawl468fLNoBp33vjloCejXp8SyQFe5zVSN19LTM18tYGnHrXb6beQqcGR2SJIGBZB0O2SG7NfbHwutg3EbDJduA84AAJMuCDYxE1ajggjdhJPAVpbxKChdAeMXLVnyPgZk832z6NeSYtuvYyEQoa-WHYKk4m3MzPpKpnxalWAzyES4Y2bKnPobatj7mP-1LOxLiY0jm_ivHFMne0ksQk.dAJ7Yy2SgWDAOaOsiASC4dLXmU7aZ1NCS7Tg70yVpYU&dib_tag=se&keywords=platform+sandals+women&qid=1790056296&sr=8-2,https://m.media-amazon.com/images/I/71q-Jp+UEkL._AC_UL320_.jpg,67,排名靠前；价格处于人民币等值¥57.60-¥180.00黄金区间；评分达到4.3以上。
2026-09-22,amazon_us,product,new_releases,New Releases Women Sandals,21,Project Cloud Platform Sandals Women - Wedge Sandals for Women 2026 (Silly) | Womens Sandals Comfortable with Soft & Plush Insole - Non Slip Beach Essentials Womens Slide - Stylish Women Footwear,,3.8,$39.90,,,,,,https://www.amazon.com/Project-Cloud-Platform-Sandals-Women/dp/B0H27GP2WC/ref=zg_bsnr_g_679425011_d_sccl_21/144-1060190-2868101?psc=1,"https://images-na.ssl-images-amazon.com/images/I/71lcJ5wbS4L._AC_UL600_SR600,400_.jpg",65,排名进入前30；标题包含 cloud、platform、comfort、soft、beach、wedge，符合美国女鞋舒适化趋势；platform + comfort组合趋势加分。
2026-09-22,amazon_us,product,best_sellers,Best Sellers Women Sandals,1,mazeskin Womens Memory Foam Flip Flops Flat Thong Sandals | Soft Vegan Leather Comfortable Cushioned Casual Dressy Beach Summer Minimalist Slim Slide Shoes Indoor Outdoor,,4.2,$9.99,,,,,,https://www.amazon.com/mazeskin-Womens-Comfortable-Sandals-Leather/dp/B0F32KMZ18/ref=zg_bs_g_679425011_d_sccl_1/133-1338554-2740064?psc=1,"https://images-na.ssl-images-amazon.com/images/I/71jV8GHPNSL._AC_UL600_SR600,400_.jpg",64,排名靠前；标题包含 comfort、soft、beach、summer，符合美国女鞋舒适化趋势；评分达到4.0以上。
2026-09-22,amazon_us,product,search,women summer slippers,7,Chantomoo Womens Slippers Memory Foam Slippers for Women Open Toe Comfy House Slipper Chantomoo Womens Slippers Memory Foam Slippers for Women Open Toe Comfy House Slipper,¥179.93,4.1,4.1,,,,,,https://sponsored-ads.amazon.com/clk/?_encoding=UTF8&p=eAFVUM2O0lAYDU7USR1_wmJMcIeRBcmlt4UWLoaY_oGdYoEW0GFzc-m9LZXSlrYZJix4ChPfwYUxceUTqDs3PoOvYSJjjGd1kvPzfTmcd_rr47efd8r3lel8rFum9QbqhlMtCfVzn8XhNV5PX2XrxVDfbC90yhfz7rnfCN9aF24S7XMH6a-tvTYAquLca8FGW26ITdSAi1uuujxVjOlLwzHd8mPuLmX5ukjS8tnMdgxtNLDNhaFXPpe4pzcKzhnJvBVOWeYlESkYDuMojBleFn6ZIxuyT-KGl2wqT_Il8CKS56EHjhlwdIJUqN5mMZ65dSlfgmLFNowCL4ki5hVhEoMrEdwcAx7JaA5SEsYFy4CXxAWLC_GZ6ii2jrXRcGhoU3Nku9i0h6Zt4KE5N7BuuNZ0NK7KXAk--vDp-4-vX_TKg7-VxyeqD5sQwk6r00EQwSaUxZOZq3dPtLFWt8rPdVXR0r4J2spB3R4RKAd1skWjZKD8j4MaHNTJQVX-kKBypgXG9UAxAoHsmPi-xL0rrYoizbs8v9vtGv8m4oOUJzue8irsW5faUNT0FynFGcVptKJZr6itcoK9DIe0B2vbkPaENoJQkkUk1fKsJwABSESSZNFHwKc-BS0BCgD5iALalglBCHVaTbEW9kia10jG_J4qeZeofzVZTX8DHMC8oA&v=c1&r=https%3A%2F%2Fwww.amazon.com%2Fgp%2Faw%2Fd%2FB0FKYCL2CD%3Fpd_rd_plhdr%3Dt%26hsa_cr_id%3D0%26qid%3D1790056295%26sr%3D1-1-5a5562f9-fdfd-4101-9f9d-d76aa9998432%26i%3Daps%26aref%3DB5cY9FvQhT&ref_=sbx__sbtcd2_asin_0_bkgd&pd_rd_w=atSqY&content-id=amzn1.sym.90f77631-9599-4fe0-95f8-a40adfe1c762%3Aamzn1.sym.90f77631-9599-4fe0-95f8-a40adfe1c762&pf_rd_p=90f77631-9599-4fe0-95f8-a40adfe1c762&pf_rd_r=YVVN61XBPBA7AJYBNMB4&pd_rd_wg=1HtbN&pd_rd_r=ff0e7187-9dd3-44b0-bd61-003f79793fe1,"https://m.media-amazon.com/images/I/71pyVto-QqL._AC_SR322,134_CB1169409_QL70_.jpg",64,排名靠前；价格处于人民币等值¥57.60-¥180.00黄金区间；评分达到4.0以上。
2026-09-22,amazon_us,product,search,women summer slippers,10,shevalues,¥143.93,4.2,shevalues,,,,,,https://www.amazon.com/shevalues-Summer-Slippers-Support-Breathable/dp/B0BK8PN8CL/ref=sr_1_4?dib=eyJ2IjoiMSJ9.wQE1IQn9JtlrMDDR9TavgqOSlL2Sb0ZOxmvm80WeypBzEpPIWqqGZAR4mmkjx59wwDtwCQ4pypOsoH1AKuD4qEgdPm_TQrVCxz7Vsnw8hWavCcZiENEiHJobNCOokJ4YOvwjcwvJXcyhzTBXsDIBttbNJMHNxNF2AkPpRHBhT3ceHRqlr9_cm4apxKNsjJvxSU2iGYs8WKACEEGS_HY1CR41r_ffTh_7mNtYgOnNUHuymz5gm3kHZhHFiAqW6drESh3xCPvGsuYicJPb1h3osvpNI9VuDM7abfS6vBUjqSA.6yntjgzet8zdiQrrvVCmbrBnJ8zN8WJEGKvt0AFpf0s&dib_tag=se&keywords=women+summer+slippers&qid=1790056295&sr=8-4,https://m.media-amazon.com/images/I/71wQ2tOj0+L._AC_UL320_.jpg,64,排名靠前；价格处于人民币等值¥57.60-¥180.00黄金区间；评分达到4.0以上。
2026-09-22,amazon_us,product,search,women slides,9,WHITIN,¥71.93,4.1,Products highlighted as 'Overall Pick' are:,,,,,,https://www.amazon.com/WHITIN-Slippers-Cushioned-Bathroom-Sandals/dp/B0C1C45XMJ/ref=sr_1_1?dib=eyJ2IjoiMSJ9.6owUC4TDSG3NkE2e1xmDHGQF3LFLRuf9b6QFruX3rubGKDTw3AYE1VEQ5MtkUzJsaHh4IlMN2ZctBespjH9bRC-TAA4f0dwp-hT9JlRlo0GjFnqWmyp1g6tUY0FT7pSmByC7PfhDe3l64QCPqY9cqiMcFDExAAT1u8xZH5pEQijUJJUjFtOWSYWyUtqZlYwTrzlrtsZVQFgLx75M_2PlDaAL9PQbrvU0a9z6FcHD9zQzs4QQ6o27ClJ9XhEaO5rJE4mvRroBm8DMdsZYtvCgE8_uK8Z1HwylhESToovJJQg.M1MXIbcZ1-DNAWHrhnLPGJxJOJ83eduRFg7CwcuM_L8&dib_tag=se&keywords=women+slides&qid=1790056296&sr=8-1,https://m.media-amazon.com/images/I/71ik7hynCjL._AC_UL320_.jpg,64,排名靠前；价格处于人民币等值¥57.60-¥180.00黄金区间；评分达到4.0以上。
2026-09-22,amazon_us,product,search,platform sandals women,9,Vilanva,¥129.53,4.0,Vilanva,,,,,,https://www.amazon.com/Vilanva-Platform-Lightweight-Comfortable-Non-Slip/dp/B0GH6HQ54N/ref=sr_1_3?dib=eyJ2IjoiMSJ9.-sztLUvFGvhR_ekbbj8Xky_JQwtUkG3xFMXqzf-jACXFLhY_JXg3c45ewpyuQHwiLVAObzNwTNM9NHiQyyG9fcEawl468fLNoBp33vjloCejXp8SyQFe5zVSN19LTM18tYGnHrXb6beQqcGR2SJIGBZB0O2SG7NfbHwutg3EbDJduA84AAJMuCDYxE1ajggjdhJPAVpbxKChdAeMXLVnyPgZk832z6NeSYtuvYyEQoa-WHYKk4m3MzPpKpnxalWAzyES4Y2bKnPobatj7mP-1LOxLiY0jm_ivHFMne0ksQk.dAJ7Yy2SgWDAOaOsiASC4dLXmU7aZ1NCS7Tg70yVpYU&dib_tag=se&keywords=platform+sandals+women&qid=1790056296&sr=8-3,https://m.media-amazon.com/images/I/71Rd9P48eZL._AC_UL320_.jpg,64,排名靠前；价格处于人民币等值¥57.60-¥180.00黄金区间；评分达到4.0以上。
2026-09-22,amazon_us,product,best_sellers,Best Sellers Women Sandals,11,"Joomra Pillow Slippers for Women and Men Thick Sole Ultra Cushion Slides | Cloud-Like Sole, Quick Drying Shower Shoes, Soft Open Toe Indoor Outdoor Sandals",,4.3,$23.99,,,,,,https://www.amazon.com/Joomra-Slippers-Cushioned-Massage-Sandals/dp/B09653TC4H/ref=zg_bs_g_679425011_d_sccl_11/133-1338554-2740064?psc=1,"https://images-na.ssl-images-amazon.com/images/I/71pkhgTTRXL._AC_UL600_SR600,400_.jpg",63,排名进入前30；标题包含 cloud、soft，符合美国女鞋舒适化趋势；cloud + slides组合趋势加分；评分达到4.3以上。
2026-09-22,amazon_us,product,new_releases,New Releases Women Sandals,25,IDIFU Women's IN3 Chunky Platform Block Heels Thick Mule Sandals | Square Open Toe Fashion Comfortable Slip On Casual for Work Wedding Bridal Prom Party Vacation Dress Shoes,,4.0,$33.99,,,,,,https://www.amazon.com/IDIFU-Womens-Chunky-Platform-Sandals/dp/B0H5VFJHJW/ref=zg_bsnr_g_679425011_d_sccl_25/144-1060190-2868101?psc=1,"https://images-na.ssl-images-amazon.com/images/I/41FoDfo0M9L._AC_UL600_SR600,400_.jpg",63,排名进入前30；标题包含 platform、comfort，符合美国女鞋舒适化趋势；platform + comfort组合趋势加分；评分达到4.0以上。
2026-09-22,amazon_us,product,search,women slides,12,"ULTRAIDEAS Women's Open Toe Indoor Outdoor Slippers | Memory Foam,Cute Bow Design,Gift for Women,Anti-skid Rubber Sole,lightweight,washable,comfortably Breathable ULTRAIDEAS Women's Open Toe Indoor Outdoor Slippers | Memory Foam,Cute Bow Design,Gift for Women,Anti…",¥122.33,4.5,4.5,,,,,,https://sponsored-ads.amazon.com/clk/?_encoding=UTF8&p=eAFVUMtu00AUVaiAypSHsihS2AWRRaRJPG5s10ER8ivFJLVj5yHIZjTxjB0Xx3Y8A0m7yCcggZD4BxZs-Aj4Af6BH2CPRIoQZ3Wk87hXRwgPf375_uNW9a4-mY2sgTN4KVp2UK_A5nFEs2SLXjC8pdA5fzXIZZNf8u5xUgbQ9_ULjV3y7SLHUzCTQz-40xFbqtKSTrSWOL8xNhaHuj15bgfOuPpQuE0oe83zono0dQPb9M5cZ25bta8V4fG1ghjFZbhEBS3DPMWcoiRLk4yiBY-qAl7hqzxrhfmq9ogtQJhixpIQ7DNg7wQFrN-kGZqOmzJbAL6kK0pAmKcpDXmSZ-CtBK6PgRCXhIECJxmnJQjzjNOMS0-MQHctZHrDoW1OHM8dI8cdOq6Nhs7MRpY9Hky8UV0RKuKDD78-v3v_zard-1u5f6J-XxJFCBVV7ZxKmqxC6WA6troH5shsDqpPLUM3i74DVH1nrPeI9Z3hrzUv9_X_sTPineHvDP0PiWtHZmxvz3Q7hnhDpU8V4WNlyXnBuu32ZrNp_ZuoHRdtvGmTtiGq53P5BPaNZwVBJUFFuiRljzeWDKOwRAnpiY11QnpQ1URRViRNabCyBwEEMpZlRYo0EJGIgA4UIdAijQCiKhhrmnbaOZEaSQ8XrIFLGvWu9NXFqv_Gj73fxHK9MA&v=c1&r=https%3A%2F%2Fwww.amazon.com%2Fgp%2Faw%2Fd%2FB07MZ531FB%3Fpd_rd_plhdr%3Dt%26hsa_cr_id%3D0%26qid%3D1790056296%26sr%3D1-1-5a5562f9-fdfd-4101-9f9d-d76aa9998432%26i%3Daps%26aref%3DzAmjmFuQgO&ref_=sbx__sbtcd2_asin_0_bkgd&pd_rd_w=p8G4K&content-id=amzn1.sym.90f77631-9599-4fe0-95f8-a40adfe1c762%3Aamzn1.sym.90f77631-9599-4fe0-95f8-a40adfe1c762&pf_rd_p=90f77631-9599-4fe0-95f8-a40adfe1c762&pf_rd_r=JGZ3GGJB2CQX1ARS4JMS&pd_rd_wg=QWEhD&pd_rd_r=2d2e7466-aa8d-4b78-b89b-cc47a9df1da3,"https://m.media-amazon.com/images/I/71cvxwhDe7L._AC_SR322,134_CB1169409_QL70_.jpg",63,排名进入前30；价格处于人民币等值¥57.60-¥180.00黄金区间；标题包含 comfort，符合美国女鞋舒适化趋势；评分达到4.3以上。
2026-09-22,amazon_us,product,search,women slides,16,"ULTRAIDEAS Women's Open Toe Indoor Outdoor Slippers | Memory Foam,Cute Bow Design,Gift for Women,Anti-skid Rubber Sole,lightweight,washable,comfortably Breathable ULTRAIDEAS Women's Open Toe Indoor Outdoor Slippers | Memory Foam,Cute Bow Design,Gift for Women,Anti…",¥179.93,4.5,4.5,,,,,,https://sponsored-ads.amazon.com/clk/?_encoding=UTF8&p=eAFVUMtu00AUVaiAypSHsihS2AWRRaSJH43tOshCfiWYBDt2kpZ2M5p4xo6LYzuegaRd5BOQQEj8Aws2fAT8AP_AD7BHIkWIszrSedyrw0X7P798_3GrfteYnoztoTt8JdhO2KyJ7cOY5OkGvqBoQ0T35dmwkC12yXqHaRWKQWBcaPSSbeYFmoETOQrCO12hoyod6UjrCOc3JuZ833Cmz53QndQfcrcxoa9ZUdYPZl7oWP7Ac88du_G1xj2-ViAlqIoWsCRVVGSIEZjmWZoTOGdxnUNLdFXknahYNh7ROYgyRGkagV0G7JygFJs3SQ5nk7ZM54AtyJJgEBVZRiKWFjl4K4HrYyBCFaagRGnOSAWiImckZ9ITMzQ8G1r-aORYU9f3JtD1Rq7nwJF74kDbmQyn_ripcDXhwYdfn9-9_2Y37v2t3D3RvC8Jgigqqto9ljRZFaW92cTu7Vljqz2sP7VNwyr7LlCNrbnaITG2ZrDS_CIw_sfWTLZmsDWNPyRpHFiJsxkYTiKiNZE-1biPtQVjJe3x_Hq97vybiE9KHq15zJtC3x57o8HZ6bMSwwrDMlvgSmetBUUwqmCKdaG1SrEuqpogyIqkKS1a6SKQgYxkWZFiDcQ4xqArCiLQYg0DrCoIaZp23D2SWqmOStpCFYn1K2N5sey_CRL_N_PhvaA&v=c1&r=https%3A%2F%2Fwww.amazon.com%2Fgp%2Faw%2Fd%2FB0FDPNLGYW%3Fpd_rd_plhdr%3Dt%26hsa_cr_id%3D0%26qid%3D1790056296%26sr%3D1-5-5a5562f9-fdfd-4101-9f9d-d76aa9998432%26i%3Daps%26aref%3DzAmjmFuQgO&ref_=sbx__sbtcd2_asin_4_bkgd&pd_rd_w=p8G4K&content-id=amzn1.sym.90f77631-9599-4fe0-95f8-a40adfe1c762%3Aamzn1.sym.90f77631-9599-4fe0-95f8-a40adfe1c762&pf_rd_p=90f77631-9599-4fe0-95f8-a40adfe1c762&pf_rd_r=JGZ3GGJB2CQX1ARS4JMS&pd_rd_wg=QWEhD&pd_rd_r=2d2e7466-aa8d-4b78-b89b-cc47a9df1da3,"https://m.media-amazon.com/images/I/71WxO9L+vPL._AC_SR322,134_CB1169409_QL70_.jpg",63,排名进入前30；价格处于人民币等值¥57.60-¥180.00黄金区间；标题包含 comfort，符合美国女鞋舒适化趋势；评分达到4.3以上。
2026-09-22,amazon_us,product,search,women summer slippers,1,Chantomoo Slippers for Women Memory Foam House Bedroom Corduroy Bow Crossbands Slipper Shoes Comfy Trendy Gift Slippers Chantomoo Slippers for Women Memory Foam Hous…,¥215.93,4.4,,,,,,,https://sponsored-ads.amazon.com/clk/?_encoding=UTF8&p=eAFVkLtu01AAhhUqIDJFoAxtlY0MGSqd-PgSJw6yKt-Spk4T1xcEWawT-_iiOrbjcypHDFnZmJB4izIy8AK8AM_AWyDERUJ80y99wy99TNj-fv_126POU9V7ZRvW3HoNDdPptbjzkxgX2T5wpur6StJ8iYg28ixzcmKvVXB1bfBTf1Fbce77O0fMG-eJCAcjacAL8gCuH7japq2a3qXpzN3OKfM4wuSWllXn2F86pr6aLedr0-i-bzHtXyZANO4waIvelsUgLLfdM7IBd0UWZzgCBKM6TEGFEgy43kNcBL57zpMNoCne4giEZZ7jkGZlAf6-gBDVEQEVygqKaxCWBcUF5V9ojro0An21WJi6N18t3cC1VcdamIFhupa3snsXTAs-v3_34_OnL0b3FN3REpAK1bc5BilBgGJaZ6T3TIAQysJ4yEFBFKDEH_muMTnSbf3c6rw0NFWvpnMwUg_a7g-JetBudvKqnKn_c9CSg3Zz0NTfI-ke64m5n6lmwqEG8x9bzIdWSmlFJizbNM3gXyE2qVjUsBGrQX10KYzfaN5FFQV1FFR5GtUK7acEBWEdZJEC-7ssUriRDOFQ4uVhn9QKBzgQ4xAKHBSBFHMcEHmRB-N4JANuGCPMj2UplqR-pqCK9FGNY2XXRHvLv5Z18hNRjLAA&v=c1&r=https%3A%2F%2Fwww.amazon.com%2Fgp%2Faw%2Fd%2FB0C7H38YBT%3Fpd_rd_plhdr%3Dt%26hsa_cr_id%3D0%26qid%3D1790056295%26sr%3D1-1-fec03104-6f11-4242-8f79-15fae2896f66%26i%3Daps%26aref%3DqwdxKUM9Cs&ref_=sbx_s_sparkle_sbtcd_asin_0_bkgd&pd_rd_w=Hg8lr&content-id=amzn1.sym.22e060df-ce87-467b-805a-61b8bd37fbe9%3Aamzn1.sym.22e060df-ce87-467b-805a-61b8bd37fbe9&pf_rd_p=22e060df-ce87-467b-805a-61b8bd37fbe9&pf_rd_r=YVVN61XBPBA7AJYBNMB4&pd_rd_wg=DjhDU&pd_rd_r=daf8b09e-4d24-4f93-b72f-cfea0c8c58f0,"https://m.media-amazon.com/images/I/711Z9Ju3AqL._AC_SR160,134_CB1169409_QL70_.jpg",62,排名靠前；价格处于人民币等值¥180.00-¥288.00区间；评分达到4.3以上。
2026-09-22,amazon_us,product,search,women summer slippers,3,Chantomoo Slippers for Women Memory Foam House Bedroom Corduroy Bow Crossbands Slipper Shoes Comfy Trendy Gift Slippers Chantomoo Slippers for Women Memory Foam Hous…,¥287.93,4.4,,,,,,,https://sponsored-ads.amazon.com/clk/?_encoding=UTF8&p=eAFVkMuK01AAhqmDOsQRpYsZ6c4uuiic5uTStKmE4eTS2kmnl6RR6SacJicXJk3SnDOkuOjWnSvBtxiXLnwBX8Bn8C1EvID4rX74Fj98XHD6_e7rtwfNx2j9amnaU_sNNC2n3RC65xHJ04PvjNHmStE9hcpLvLat0flyg8DVtSmOvVllR5nn7R05q51HMuwNlJ4oqT24uefq21NkrV9aztRtXnAPQ0JvWFE2z7y5YxmLyXy6sczW-wZ3-sv4mEVNDu_w2yLvBcWu9YxuwW2eRikJASW4ChJQ4pgAoX2f5L7ndkW6BSwhOxKCoMgyErC0yMHfFxDgKqSgxGnOSAWCImckZ-Jz3UFz0zcWs5llrKeLueu7S-TYM8s3LddeL5btS64Bn969-_H50xezdYFvWQFoiaubjICEYsAIq1LafiJBCFVp2BegJEtQEU881xydGEujazdfmDoyyvEUDNBR3_8hRkd9tVcXxQT9z1GPj_rqqKPfI26dGbF1mCArFnBNxI8N7kMjYaykI56v67r3rxAflzyu-ZDX4djZjGfi6vVlGfpV6JdZElYa6yQU-0Hlp6EGO_s01ISBCmFfEdV-h1aaACQQkQBKApSBEgkCkEVZBMNooAKhH2EiDlUlUpROquGSdnBFIm1fhwfbu1YN-hNvNrBE&v=c1&r=https%3A%2F%2Fwww.amazon.com%2Fgp%2Faw%2Fd%2FB0FRZFL2QW%3Fpd_rd_plhdr%3Dt%26hsa_cr_id%3D0%26qid%3D1790056295%26sr%3D1-3-fec03104-6f11-4242-8f79-15fae2896f66%26i%3Daps%26aref%3DqwdxKUM9Cs&ref_=sbx_s_sparkle_sbtcd_asin_2_bkgd&pd_rd_w=Hg8lr&content-id=amzn1.sym.22e060df-ce87-467b-805a-61b8bd37fbe9%3Aamzn1.sym.22e060df-ce87-467b-805a-61b8bd37fbe9&pf_rd_p=22e060df-ce87-467b-805a-61b8bd37fbe9&pf_rd_r=YVVN61XBPBA7AJYBNMB4&pd_rd_wg=DjhDU&pd_rd_r=daf8b09e-4d24-4f93-b72f-cfea0c8c58f0,"https://m.media-amazon.com/images/I/71Ku9McB09L._AC_SR160,134_CB1169409_QL70_.jpg",62,排名靠前；价格处于人民币等值¥180.00-¥288.00区间；评分达到4.3以上。
2026-09-22,amazon_us,product,search,platform sandals women,10,DREAM PAIRS,¥287.93,4.4,DREAM PAIRS,,,,,,https://www.amazon.com/DREAM-PAIRS-Adjustable-Lightweight-Waterproof/dp/B0G1RBS19X/ref=sr_1_4?dib=eyJ2IjoiMSJ9.-sztLUvFGvhR_ekbbj8Xky_JQwtUkG3xFMXqzf-jACXFLhY_JXg3c45ewpyuQHwiLVAObzNwTNM9NHiQyyG9fcEawl468fLNoBp33vjloCejXp8SyQFe5zVSN19LTM18tYGnHrXb6beQqcGR2SJIGBZB0O2SG7NfbHwutg3EbDJduA84AAJMuCDYxE1ajggjdhJPAVpbxKChdAeMXLVnyPgZk832z6NeSYtuvYyEQoa-WHYKk4m3MzPpKpnxalWAzyES4Y2bKnPobatj7mP-1LOxLiY0jm_ivHFMne0ksQk.dAJ7Yy2SgWDAOaOsiASC4dLXmU7aZ1NCS7Tg70yVpYU&dib_tag=se&keywords=platform+sandals+women&qid=1790056296&sr=8-4,https://m.media-amazon.com/images/I/61VKPpZxLML._AC_UL320_.jpg,62,排名靠前；价格处于人民币等值¥180.00-¥288.00区间；评分达到4.3以上。
2026-09-22,amazon_us,product,best_sellers,Best Sellers Women Sandals,10,mazeskin Womens Memory Foam Flip Flops Leather Flat Sandals | Vegan Leather Square Toe Cushion Summer Casual Comfortable Slim Thong Beach Slide Shoes Non Slip,,4.0,$9.98,,,,,,https://www.amazon.com/mazeskin-Womens-Memory-Leather-Sandals/dp/B0GRMZ5PFS/ref=zg_bs_g_679425011_d_sccl_10/133-1338554-2740064?psc=1,"https://images-na.ssl-images-amazon.com/images/I/717PAaaaLdL._AC_UL600_SR600,400_.jpg",61,排名靠前；标题包含 comfort、beach、summer，符合美国女鞋舒适化趋势；评分达到4.0以上。
2026-09-22,amazon_us,product,new_releases,New Releases Women Sandals,30,"Littleplum Women's Dressy Summer Flat Sandals Comfortable Open Toe Slip On Leather Slide Sandals Soft Cushion Slippers for Walking,Beach,Travel",,4.8,$36.99,,,,,,https://www.amazon.com/Littleplum-Sandals-Comfortable-Leather-Slippers/dp/B0GZSYKRFB/ref=zg_bsnr_g_679425011_d_sccl_30/144-1060190-2868101?psc=1,"https://images-na.ssl-images-amazon.com/images/I/71gdulqGP+L._AC_UL600_SR600,400_.jpg",60,排名进入前30；标题包含 comfort、soft、beach、summer，符合美国女鞋舒适化趋势；评分达到4.6以上。
2026-09-22,amazon_us,product,best_sellers,Best Sellers Women Sandals,38,"shevalues Orthopedic Sandals for Women, Arch Support Recovery Flip Flops | Orthotic Pillow Soft Summer Beach Shoes, Comfortable for Plantar Fasciitis",,4.2,$18.99,,,,,,https://www.amazon.com/Orthotic-Pillow-Recovery-Sandals-Support/dp/B09LC836QG/ref=zg_bs_g_679425011_d_sccl_38/144-1060190-2868101?psc=1,"https://images-na.ssl-images-amazon.com/images/I/61qX-fKai7L._AC_UL300_SR300,200_.jpg",59,排名进入前50；标题包含 recovery、orthopedic、comfort、arch support、soft、beach、summer，符合美国女鞋舒适化趋势；orthopedic + arch support组合趋势加分；评分达到4.0以上。
2026-09-22,amazon_us,product,search,women summer slippers,11,Women's Open Toe House Slippers Breathable Waffle Fabric Memory Foam,¥71.21,4.2,200+ bought in past month,,,,,,https://www.amazon.com/Yoerpe-Womens-House-Slippers-Slip/dp/B0DRNTXHFS/ref=sr_1_5?dib=eyJ2IjoiMSJ9.wQE1IQn9JtlrMDDR9TavgqOSlL2Sb0ZOxmvm80WeypBzEpPIWqqGZAR4mmkjx59wwDtwCQ4pypOsoH1AKuD4qEgdPm_TQrVCxz7Vsnw8hWavCcZiENEiHJobNCOokJ4YOvwjcwvJXcyhzTBXsDIBttbNJMHNxNF2AkPpRHBhT3ceHRqlr9_cm4apxKNsjJvxSU2iGYs8WKACEEGS_HY1CR41r_ffTh_7mNtYgOnNUHuymz5gm3kHZhHFiAqW6drESh3xCPvGsuYicJPb1h3osvpNI9VuDM7abfS6vBUjqSA.6yntjgzet8zdiQrrvVCmbrBnJ8zN8WJEGKvt0AFpf0s&dib_tag=se&keywords=women+summer+slippers&qid=1790056295&sr=8-5,https://m.media-amazon.com/images/I/81fS3PsOVnL._AC_UL320_.jpg,59,排名进入前30；评论数达到50以上；价格处于人民币等值¥57.60-¥180.00黄金区间；评分达到4.0以上。
2026-09-22,amazon_us,product,search,platform sandals women,7,CUSHIONAIRE,¥287.93,4.0,CUSHIONAIRE,,,,,,https://www.amazon.com/CUSHIONAIRE-Womens-platform-sandal-Memory/dp/B09M96YX6M/ref=sr_1_1?dib=eyJ2IjoiMSJ9.-sztLUvFGvhR_ekbbj8Xky_JQwtUkG3xFMXqzf-jACXFLhY_JXg3c45ewpyuQHwiLVAObzNwTNM9NHiQyyG9fcEawl468fLNoBp33vjloCejXp8SyQFe5zVSN19LTM18tYGnHrXb6beQqcGR2SJIGBZB0O2SG7NfbHwutg3EbDJduA84AAJMuCDYxE1ajggjdhJPAVpbxKChdAeMXLVnyPgZk832z6NeSYtuvYyEQoa-WHYKk4m3MzPpKpnxalWAzyES4Y2bKnPobatj7mP-1LOxLiY0jm_ivHFMne0ksQk.dAJ7Yy2SgWDAOaOsiASC4dLXmU7aZ1NCS7Tg70yVpYU&dib_tag=se&keywords=platform+sandals+women&qid=1790056296&sr=8-1,https://m.media-amazon.com/images/I/81v0nOOl2oL._AC_UL320_.jpg,59,排名靠前；价格处于人民币等值¥180.00-¥288.00区间；评分达到4.0以上。
2026-09-22,amazon_us,product,best_sellers,Best Sellers Women Sandals,2,"Ankis Heels for Women Open Toe Ankle Strap Chunky Heel Sandals 2.75 Inch | nude white gold black, adjustable ankle strap, Cushioned footbed, All-day comfort, for various occasions",,4.4,$26.99,,,,,,https://www.amazon.com/Ankis-Nude-Heels-Women-numeric_8/dp/B094CTB3TY/ref=zg_bs_g_679425011_d_sccl_2/133-1338554-2740064?psc=1,"https://images-na.ssl-images-amazon.com/images/I/71dUhT7TubL._AC_UL600_SR600,400_.jpg",58,排名靠前；标题包含 comfort，符合美国女鞋舒适化趋势；评分达到4.3以上。
2026-09-22,amazon_us,product,best_sellers,Best Sellers Women Sandals,6,"CUSHIONAIRE Lane Cork Slide Women's Sandals, Comfortable Sandals for Women | Molded Cork Footbed, Slide Sandals for Women, Adjustable Buckle, Sandals for Wide Feet, Cushioned Sandals for Women, Open Toe",,4.5,$34.99,,,,,,https://www.amazon.com/CUSHIONAIRE-Womens-Slide-Sandals-Brown/dp/B075PBVR9N/ref=zg_bs_g_679425011_d_sccl_6/133-1338554-2740064?psc=1,"https://images-na.ssl-images-amazon.com/images/I/81suZ76XHpL._AC_UL600_SR600,400_.jpg",58,排名靠前；标题包含 comfort，符合美国女鞋舒适化趋势；评分达到4.3以上。
2026-09-22,amazon_us,product,best_sellers,Best Sellers Women Sandals,9,PIZZ ANNU Women's Low Block Chunky Heels Sandals Comfortable Open Toe Ankle Strap Party Dress Pump Shoes Strappy Buckle Heeled Sandal with 2 Inches Tall Thick Heel Design,,4.4,$32.99,,,,,,https://www.amazon.com/PIZZ-ANNU-Sandals-Wedding-Glitter/dp/B0B465ZBH6/ref=zg_bs_g_679425011_d_sccl_9/133-1338554-2740064?psc=1,"https://images-na.ssl-images-amazon.com/images/I/71N1hjwzuWL._AC_UL600_SR600,400_.jpg",58,排名靠前；标题包含 comfort，符合美国女鞋舒适化趋势；评分达到4.3以上。
2026-09-22,amazon_us,product,new_releases,New Releases Women Sandals,2,"DOBOLIN 1.8 Inch Women's Heeled Sandals Low Block Womens Dress Shoes | Comfortable Short Chunky Heels Open Toe Ankle Strap Casual Pumps Shoes Wedding Party Office (Run Large, Size Half Down)",,4.3,$27.06,,,,,,https://www.amazon.com/DOBOLIN-Womens-Heeled-Sandals-Block/dp/B0H25DLSQR/ref=zg_bsnr_g_679425011_d_sccl_2/144-1060190-2868101?psc=1,"https://images-na.ssl-images-amazon.com/images/I/61ITG6AOpoL._AC_UL600_SR600,400_.jpg",58,排名靠前；标题包含 comfort，符合美国女鞋舒适化趋势；评分达到4.3以上。
2026-09-22,amazon_us,product,new_releases,New Releases Women Sandals,4,"DREAM PAIRS Women's Kitten Strappy Heel Sandals | Slip On Heeled Sandals for Women, Open Toe Summer Sandals for Weddings, Parties, Work and Dressy Occasions",,4.7,$37.99,,,,,,https://www.amazon.com/DREAM-PAIRS-Womens-Strappy-Sandals/dp/B0H6J7N492/ref=zg_bsnr_g_679425011_d_sccl_4/144-1060190-2868101?psc=1,"https://images-na.ssl-images-amazon.com/images/I/615T5Gm9P5L._AC_UL600_SR600,400_.jpg",58,排名靠前；标题包含 summer，符合美国女鞋舒适化趋势；评分达到4.6以上。
2026-09-22,amazon_us,product,new_releases,New Releases Women Sandals,5,"mazeskin Womens Jelly Flats Lattice Ballet Sandals Shoes | Summer Water-Friendly,Pointed Toe Breathable,Lightweight Flexible Woven,Beach Vacation Travel Pool",,4.5,$13.99,,,,,,https://www.amazon.com/mazeskin-Womens-Lattice-Ballet-Sandals/dp/B0H8Y24RR6/ref=zg_bsnr_g_679425011_d_sccl_5/144-1060190-2868101?psc=1,"https://images-na.ssl-images-amazon.com/images/I/71ixO5QqFYL._AC_UL600_SR600,400_.jpg",58,排名靠前；标题包含 beach、summer，符合美国女鞋舒适化趋势；评分达到4.3以上。
2026-09-22,amazon_us,product,best_sellers,Best Sellers Women Sandals,21,"ODOLY Unisex Comfortable Cork Footbed Slide Sandals with Arch Support | Adjustable Buckle, Lightweight Summer Sandals for Travel and Everyday Wear",,4.5,$19.99,,,,,,https://www.amazon.com/ODOLY-Footbed-Comfortable-Sandals-Adjustable/dp/B0CSMN1X4W/ref=zg_bs_g_679425011_d_sccl_21/133-1338554-2740064?psc=1,"https://images-na.ssl-images-amazon.com/images/I/61iYsM+H9QL._AC_UL600_SR600,400_.jpg",57,排名进入前30；标题包含 comfort、arch support、summer，符合美国女鞋舒适化趋势；评分达到4.3以上。
2026-09-22,amazon_us,product,best_sellers,Best Sellers Women Sandals,22,KuaiLu Flip Flops for Women with Arch Support Summer Beach Thong Sandals | Comfortable Yoga Mat Cushion Walking Shoes Slip on Casual Outfits Faux Leather Indoor Outdoor,,4.2,$9.99,,,,,,https://www.amazon.com/KuaiLu-Support-Comfortable-Cushion-Walking/dp/B08GKGCH2R/ref=zg_bs_g_679425011_d_sccl_22/133-1338554-2740064?psc=1,"https://images-na.ssl-images-amazon.com/images/I/81-DUybjK+L._AC_UL600_SR600,400_.jpg",57,排名进入前30；标题包含 comfort、arch support、beach、summer，符合美国女鞋舒适化趋势；评分达到4.0以上。
2026-09-22,amazon_us,product,new_releases,New Releases Women Sandals,15,Project Cloud 100% Genuine Leather Block Heeled Sandals for Women(Opal) | Sandals Women Footwear-Memory Foam Insole & Non-Slip Womens Sandals Block Heels For Women-Womens Slides & Women's Sandals,,4.1,$49.90,,,,,,https://www.amazon.com/Project-Cloud-Genuine-Leather-Sandals/dp/B0GYFT1J3P/ref=zg_bsnr_g_679425011_d_sccl_15/144-1060190-2868101?psc=1,"https://images-na.ssl-images-amazon.com/images/I/81FmD-R2JoL._AC_UL600_SR600,400_.jpg",57,排名进入前30；标题包含 cloud，符合美国女鞋舒适化趋势；cloud + slides组合趋势加分；评分达到4.0以上。
2026-09-22,amazon_us,product,new_releases,New Releases Women Sandals,19,"VIVASUN Flip Flops for Women with Arch Support Non-Slip Thong Sandals for Beach, Pool, Shower, Casual Summer Wear Comfortable Flip Flops",,4.2,$9.99,,,,,,https://www.amazon.com/VIVASUN-Support-Non-Slip-Sandals-Comfortable/dp/B0H3JMZ11X/ref=zg_bsnr_g_679425011_d_sccl_19/144-1060190-2868101?psc=1,"https://images-na.ssl-images-amazon.com/images/I/61u9FrNqQQL._AC_UL600_SR600,400_.jpg",57,排名进入前30；标题包含 comfort、arch support、beach、summer，符合美国女鞋舒适化趋势；评分达到4.0以上。
2026-09-22,amazon_us,product,new_releases,New Releases Women Sandals,28,"SUITSER Womens Comfortable Beach Sandals Waterproof Pool Eva Slides | Arch Support,Adjustable Double Buckles,Summer Walking Slides,Slip on,Non Slip,Lightweight,Shower Outdoor Shoes",,4.1,$9.99,,,,,,https://www.amazon.com/SUITSER-Womens-Comfortable-Sandals-Waterproof/dp/B0H14F4G37/ref=zg_bsnr_g_679425011_d_sccl_28/144-1060190-2868101?psc=1,"https://images-na.ssl-images-amazon.com/images/I/71IwB6FPJSL._AC_UL600_SR600,400_.jpg",57,排名进入前30；标题包含 comfort、arch support、beach、summer，符合美国女鞋舒适化趋势；评分达到4.0以上。
2026-09-22,amazon_us,product,search,women summer slippers,12,Litfun,¥129.53,4.3,Litfun,,,,,,https://www.amazon.com/Litfun-Orthopedic-Slippers-Support-Corduroy/dp/B0FH4NQLCJ/ref=sr_1_6?dib=eyJ2IjoiMSJ9.wQE1IQn9JtlrMDDR9TavgqOSlL2Sb0ZOxmvm80WeypBzEpPIWqqGZAR4mmkjx59wwDtwCQ4pypOsoH1AKuD4qEgdPm_TQrVCxz7Vsnw8hWavCcZiENEiHJobNCOokJ4YOvwjcwvJXcyhzTBXsDIBttbNJMHNxNF2AkPpRHBhT3ceHRqlr9_cm4apxKNsjJvxSU2iGYs8WKACEEGS_HY1CR41r_ffTh_7mNtYgOnNUHuymz5gm3kHZhHFiAqW6drESh3xCPvGsuYicJPb1h3osvpNI9VuDM7abfS6vBUjqSA.6yntjgzet8zdiQrrvVCmbrBnJ8zN8WJEGKvt0AFpf0s&dib_tag=se&keywords=women+summer+slippers&qid=1790056295&sr=8-6,https://m.media-amazon.com/images/I/71YnbijMiKL._AC_UL320_.jpg,57,排名进入前30；价格处于人民币等值¥57.60-¥180.00黄金区间；评分达到4.3以上。
2026-09-22,amazon_us,product,search,women summer slippers,15,LongBay,¥114.62,4.5,LongBay,,,,,,https://www.amazon.com/LongBay-Slippers-Memory-Bedroom-Dual-Strap/dp/B0DP277YRM/ref=sr_1_9?dib=eyJ2IjoiMSJ9.wQE1IQn9JtlrMDDR9TavgqOSlL2Sb0ZOxmvm80WeypBzEpPIWqqGZAR4mmkjx59wwDtwCQ4pypOsoH1AKuD4qEgdPm_TQrVCxz7Vsnw8hWavCcZiENEiHJobNCOokJ4YOvwjcwvJXcyhzTBXsDIBttbNJMHNxNF2AkPpRHBhT3ceHRqlr9_cm4apxKNsjJvxSU2iGYs8WKACEEGS_HY1CR41r_ffTh_7mNtYgOnNUHuymz5gm3kHZhHFiAqW6drESh3xCPvGsuYicJPb1h3osvpNI9VuDM7abfS6vBUjqSA.6yntjgzet8zdiQrrvVCmbrBnJ8zN8WJEGKvt0AFpf0s&dib_tag=se&keywords=women+summer+slippers&qid=1790056295&sr=8-9,https://m.media-amazon.com/images/I/71BlGXBbl-L._AC_UL320_.jpg,57,排名进入前30；价格处于人民币等值¥57.60-¥180.00黄金区间；评分达到4.3以上。
2026-09-22,amazon_us,product,search,women summer slippers,19,ULTRAIDEAS,¥122.33,4.5,ULTRAIDEAS,,,,,,https://www.amazon.com/ULTRAIDEAS-Slippers-Bowknot-Outdoor-Anti-Skid/dp/B07MZ3H6MN/ref=sr_1_13?dib=eyJ2IjoiMSJ9.wQE1IQn9JtlrMDDR9TavgqOSlL2Sb0ZOxmvm80WeypBzEpPIWqqGZAR4mmkjx59wwDtwCQ4pypOsoH1AKuD4qEgdPm_TQrVCxz7Vsnw8hWavCcZiENEiHJobNCOokJ4YOvwjcwvJXcyhzTBXsDIBttbNJMHNxNF2AkPpRHBhT3ceHRqlr9_cm4apxKNsjJvxSU2iGYs8WKACEEGS_HY1CR41r_ffTh_7mNtYgOnNUHuymz5gm3kHZhHFiAqW6drESh3xCPvGsuYicJPb1h3osvpNI9VuDM7abfS6vBUjqSA.6yntjgzet8zdiQrrvVCmbrBnJ8zN8WJEGKvt0AFpf0s&dib_tag=se&keywords=women+summer+slippers&qid=1790056295&sr=8-13,https://m.media-amazon.com/images/I/71cvxwhDe7L._AC_UL320_.jpg,57,排名进入前30；价格处于人民币等值¥57.60-¥180.00黄金区间；评分达到4.3以上。
2026-09-22,amazon_us,product,search,women summer slippers,20,GOEWY,¥122.33,4.3,GOEWY,,,,,,https://www.amazon.com/GOEWY-House-Slippers-Summer-Memory/dp/B0GVYCBV2P/ref=sr_1_14?dib=eyJ2IjoiMSJ9.wQE1IQn9JtlrMDDR9TavgqOSlL2Sb0ZOxmvm80WeypBzEpPIWqqGZAR4mmkjx59wwDtwCQ4pypOsoH1AKuD4qEgdPm_TQrVCxz7Vsnw8hWavCcZiENEiHJobNCOokJ4YOvwjcwvJXcyhzTBXsDIBttbNJMHNxNF2AkPpRHBhT3ceHRqlr9_cm4apxKNsjJvxSU2iGYs8WKACEEGS_HY1CR41r_ffTh_7mNtYgOnNUHuymz5gm3kHZhHFiAqW6drESh3xCPvGsuYicJPb1h3osvpNI9VuDM7abfS6vBUjqSA.6yntjgzet8zdiQrrvVCmbrBnJ8zN8WJEGKvt0AFpf0s&dib_tag=se&keywords=women+summer+slippers&qid=1790056295&sr=8-14,https://m.media-amazon.com/images/I/71mtwAgrcLL._AC_UL320_.jpg,57,排名进入前30；价格处于人民币等值¥57.60-¥180.00黄金区间；评分达到4.3以上。
2026-09-22,amazon_us,product,search,women summer slippers,22,Dearfoams,¥129.53,4.3,Dearfoams,,,,,,https://www.amazon.com/Dearfoams-womens-Slipper-Dusty-Large/dp/B083VY1Q3M/ref=sr_1_16?dib=eyJ2IjoiMSJ9.wQE1IQn9JtlrMDDR9TavgqOSlL2Sb0ZOxmvm80WeypBzEpPIWqqGZAR4mmkjx59wwDtwCQ4pypOsoH1AKuD4qEgdPm_TQrVCxz7Vsnw8hWavCcZiENEiHJobNCOokJ4YOvwjcwvJXcyhzTBXsDIBttbNJMHNxNF2AkPpRHBhT3ceHRqlr9_cm4apxKNsjJvxSU2iGYs8WKACEEGS_HY1CR41r_ffTh_7mNtYgOnNUHuymz5gm3kHZhHFiAqW6drESh3xCPvGsuYicJPb1h3osvpNI9VuDM7abfS6vBUjqSA.6yntjgzet8zdiQrrvVCmbrBnJ8zN8WJEGKvt0AFpf0s&dib_tag=se&keywords=women+summer+slippers&qid=1790056295&sr=8-16,https://m.media-amazon.com/images/I/716X6dZXCuL._AC_UL320_.jpg,57,排名进入前30；价格处于人民币等值¥57.60-¥180.00黄金区间；评分达到4.3以上。
2026-09-22,amazon_us,product,search,women summer slippers,23,VeraCosy,¥104.40,4.5,VeraCosy,,,,,,https://www.amazon.com/VeraCosy-Two-Tone-Slippers-Non-slip-Evening/dp/B0DCVZ52Y5/ref=sr_1_17?dib=eyJ2IjoiMSJ9.wQE1IQn9JtlrMDDR9TavgqOSlL2Sb0ZOxmvm80WeypBzEpPIWqqGZAR4mmkjx59wwDtwCQ4pypOsoH1AKuD4qEgdPm_TQrVCxz7Vsnw8hWavCcZiENEiHJobNCOokJ4YOvwjcwvJXcyhzTBXsDIBttbNJMHNxNF2AkPpRHBhT3ceHRqlr9_cm4apxKNsjJvxSU2iGYs8WKACEEGS_HY1CR41r_ffTh_7mNtYgOnNUHuymz5gm3kHZhHFiAqW6drESh3xCPvGsuYicJPb1h3osvpNI9VuDM7abfS6vBUjqSA.6yntjgzet8zdiQrrvVCmbrBnJ8zN8WJEGKvt0AFpf0s&dib_tag=se&keywords=women+summer+slippers&qid=1790056295&sr=8-17,https://m.media-amazon.com/images/I/81RJZ2gB8sL._AC_UL320_.jpg,57,排名进入前30；价格处于人民币等值¥57.60-¥180.00黄金区间；评分达到4.3以上。
2026-09-22,amazon_us,product,search,women slides,11,adidas,¥143.86,4.4,adidas,,,,,,https://www.amazon.com/adidas-Unisex-Adilette-Shower-Sandal/dp/B091ZGKB8G/ref=sr_1_3?dib=eyJ2IjoiMSJ9.6owUC4TDSG3NkE2e1xmDHGQF3LFLRuf9b6QFruX3rubGKDTw3AYE1VEQ5MtkUzJsaHh4IlMN2ZctBespjH9bRC-TAA4f0dwp-hT9JlRlo0GjFnqWmyp1g6tUY0FT7pSmByC7PfhDe3l64QCPqY9cqiMcFDExAAT1u8xZH5pEQijUJJUjFtOWSYWyUtqZlYwTrzlrtsZVQFgLx75M_2PlDaAL9PQbrvU0a9z6FcHD9zQzs4QQ6o27ClJ9XhEaO5rJE4mvRroBm8DMdsZYtvCgE8_uK8Z1HwylhESToovJJQg.M1MXIbcZ1-DNAWHrhnLPGJxJOJ83eduRFg7CwcuM_L8&dib_tag=se&keywords=women+slides&qid=1790056296&sr=8-3,https://m.media-amazon.com/images/I/51EuQODcuHL._AC_UL320_.jpg,57,排名进入前30；价格处于人民币等值¥57.60-¥180.00黄金区间；评分达到4.3以上。
2026-09-22,amazon_us,product,search,women slides,14,"ULTRAIDEAS Women's Fancy Fuzzy House Slippers with Shiny Bow | Fancy, Indoor, Cute Open Toe Slides, Rhinestone Bowknot, Comfy Fluffy Bedroom ULTRAIDEAS Women's Fancy Fuzzy House Slippers with Shiny Bow | Fancy, Indoor, Cute Open Toe Slides, Rhineston…",¥107.93,4.5,4.5,,,,,,https://sponsored-ads.amazon.com/clk/?_encoding=UTF8&p=eAFVUMtu00AUVaiAypSHsihS2AWRRaRJbCe2O0ER8ivBJLXjvNR2M5p4xo6LYzuegaRd5BOQQEj8Aws2fAT8AP_AD7BHIkWIszrSedyrIwSHP798_3GnfF-fzkfWwBmciZY9rpak-nFI03iLXjG8pZJzej7IFJNf8c5xXIwl39cvIbvi20WGZ2CuBP74XltsaGpDbsGGeHFrYiwOdXv60h47k_Jj4S6h7DXP8vLRzB3bptd3nQvbqnwtCU9vFMQoLoIlymkRZAnmFMVpEqcULXhYFvAKX2dpI8hWlSdsAYIEMxYHYJ8BeyfIpeptmqLZpK6wBeBLuqIEBFmS0IDHWQreyuDmGAhwQRjIcZxyWoAgSzlNufzMGOuuhUxvOLTNqeO5E-S4Q8e10dCZ28iyJ4OpN6qqQkl89OHX53fvv1mVB38r909UH8qiKEmqprVPZKhoknwwm1idA3Nk1gfl55ahm3nPAZq-M9Z7RPrO8NfQy3z9f-yMaGf4O0P_Q6LKkRnZ275uRxLeUPlTSfhYWnKes06zudlsGv8makZ5E2-apGmIPdecn2v90xc5QQVBebIkRZfXlgyjoEAx6Yq1dUy6kgZFUVFlqNZY0ZVACyhYUVQ5hCAkIQFtSZQADCEBRFMxhhCetFtyLe7inNVwQcPutb66XPXe-JH3G-iBvYQ&v=c1&r=https%3A%2F%2Fwww.amazon.com%2Fgp%2Faw%2Fd%2FB0FNCVY7GM%3Fpd_rd_plhdr%3Dt%26hsa_cr_id%3D0%26qid%3D1790056296%26sr%3D1-3-5a5562f9-fdfd-4101-9f9d-d76aa9998432%26i%3Daps%26aref%3DzAmjmFuQgO&ref_=sbx__sbtcd2_asin_2_bkgd&pd_rd_w=p8G4K&content-id=amzn1.sym.90f77631-9599-4fe0-95f8-a40adfe1c762%3Aamzn1.sym.90f77631-9599-4fe0-95f8-a40adfe1c762&pf_rd_p=90f77631-9599-4fe0-95f8-a40adfe1c762&pf_rd_r=JGZ3GGJB2CQX1ARS4JMS&pd_rd_wg=QWEhD&pd_rd_r=2d2e7466-aa8d-4b78-b89b-cc47a9df1da3,"https://m.media-amazon.com/images/I/61LzL6hszIL._AC_SR322,134_CB1169409_QL70_.jpg",57,排名进入前30；价格处于人民币等值¥57.60-¥180.00黄金区间；评分达到4.3以上。
2026-09-22,amazon_us,product,search,women slides,26,Weweya,¥71.93,4.4,Weweya,,,,,,https://www.amazon.com/Weweya-Shower-Non-Slip-Outdoor-Sandals/dp/B0F1XTPHY8/ref=sr_1_8?dib=eyJ2IjoiMSJ9.6owUC4TDSG3NkE2e1xmDHGQF3LFLRuf9b6QFruX3rubGKDTw3AYE1VEQ5MtkUzJsaHh4IlMN2ZctBespjH9bRC-TAA4f0dwp-hT9JlRlo0GjFnqWmyp1g6tUY0FT7pSmByC7PfhDe3l64QCPqY9cqiMcFDExAAT1u8xZH5pEQijUJJUjFtOWSYWyUtqZlYwTrzlrtsZVQFgLx75M_2PlDaAL9PQbrvU0a9z6FcHD9zQzs4QQ6o27ClJ9XhEaO5rJE4mvRroBm8DMdsZYtvCgE8_uK8Z1HwylhESToovJJQg.M1MXIbcZ1-DNAWHrhnLPGJxJOJ83eduRFg7CwcuM_L8&dib_tag=se&keywords=women+slides&qid=1790056296&sr=8-8,https://m.media-amazon.com/images/I/61QGXLFgg+L._AC_UL320_.jpg,57,排名进入前30；价格处于人民币等值¥57.60-¥180.00黄金区间；评分达到4.3以上。
2026-09-22,amazon_us,product,search,women slides,27,Calvin Klein,¥172.01,4.5,Calvin Klein,,,,,,https://www.amazon.com/Calvin-Klein-Womens-Athens-Sandal/dp/B0CQRSPTDJ/ref=sr_1_9?dib=eyJ2IjoiMSJ9.6owUC4TDSG3NkE2e1xmDHGQF3LFLRuf9b6QFruX3rubGKDTw3AYE1VEQ5MtkUzJsaHh4IlMN2ZctBespjH9bRC-TAA4f0dwp-hT9JlRlo0GjFnqWmyp1g6tUY0FT7pSmByC7PfhDe3l64QCPqY9cqiMcFDExAAT1u8xZH5pEQijUJJUjFtOWSYWyUtqZlYwTrzlrtsZVQFgLx75M_2PlDaAL9PQbrvU0a9z6FcHD9zQzs4QQ6o27ClJ9XhEaO5rJE4mvRroBm8DMdsZYtvCgE8_uK8Z1HwylhESToovJJQg.M1MXIbcZ1-DNAWHrhnLPGJxJOJ83eduRFg7CwcuM_L8&dib_tag=se&keywords=women+slides&qid=1790056296&sr=8-9,https://m.media-amazon.com/images/I/61TQsy18fPL._AC_UL320_.jpg,57,排名进入前30；价格处于人民币等值¥57.60-¥180.00黄金区间；评分达到4.3以上。
2026-09-22,amazon_us,product,search,women slides,28,ODOLY,¥143.93,4.5,ODOLY,,,,,,https://www.amazon.com/ODOLY-Footbed-Comfortable-Sandals-Adjustable/dp/B0CSMN1X4W/ref=sr_1_10?dib=eyJ2IjoiMSJ9.6owUC4TDSG3NkE2e1xmDHGQF3LFLRuf9b6QFruX3rubGKDTw3AYE1VEQ5MtkUzJsaHh4IlMN2ZctBespjH9bRC-TAA4f0dwp-hT9JlRlo0GjFnqWmyp1g6tUY0FT7pSmByC7PfhDe3l64QCPqY9cqiMcFDExAAT1u8xZH5pEQijUJJUjFtOWSYWyUtqZlYwTrzlrtsZVQFgLx75M_2PlDaAL9PQbrvU0a9z6FcHD9zQzs4QQ6o27ClJ9XhEaO5rJE4mvRroBm8DMdsZYtvCgE8_uK8Z1HwylhESToovJJQg.M1MXIbcZ1-DNAWHrhnLPGJxJOJ83eduRFg7CwcuM_L8&dib_tag=se&keywords=women+slides&qid=1790056296&sr=8-10,https://m.media-amazon.com/images/I/61iYsM+H9QL._AC_UL320_.jpg,57,排名进入前30；价格处于人民币等值¥57.60-¥180.00黄金区间；评分达到4.3以上。
2026-09-22,amazon_us,product,search,platform sandals women,14,Project Cloud,¥287.28,4.2,Project Cloud,,,,,,https://www.amazon.com/Project-Cloud-Platform-Sandals-Women/dp/B0FTTJXGPG/ref=sr_1_8?dib=eyJ2IjoiMSJ9.-sztLUvFGvhR_ekbbj8Xky_JQwtUkG3xFMXqzf-jACXFLhY_JXg3c45ewpyuQHwiLVAObzNwTNM9NHiQyyG9fcEawl468fLNoBp33vjloCejXp8SyQFe5zVSN19LTM18tYGnHrXb6beQqcGR2SJIGBZB0O2SG7NfbHwutg3EbDJduA84AAJMuCDYxE1ajggjdhJPAVpbxKChdAeMXLVnyPgZk832z6NeSYtuvYyEQoa-WHYKk4m3MzPpKpnxalWAzyES4Y2bKnPobatj7mP-1LOxLiY0jm_ivHFMne0ksQk.dAJ7Yy2SgWDAOaOsiASC4dLXmU7aZ1NCS7Tg70yVpYU&dib_tag=se&keywords=platform+sandals+women&qid=1790056296&sr=8-8,https://m.media-amazon.com/images/I/71J636VmPQL._AC_UL320_.jpg,57,排名进入前30；价格处于人民币等值¥180.00-¥288.00区间；标题包含 cloud，符合美国女鞋舒适化趋势；评分达到4.0以上。
2026-09-22,amazon_us,product,search,platform sandals women,17,Goosecret,¥122.98,4.4,Goosecret,,,,,,https://www.amazon.com/Goosecret-Platform-Comfortable-Lightweight-Adjustable/dp/B0BZ7K2R1S/ref=sr_1_11?dib=eyJ2IjoiMSJ9.-sztLUvFGvhR_ekbbj8Xky_JQwtUkG3xFMXqzf-jACXFLhY_JXg3c45ewpyuQHwiLVAObzNwTNM9NHiQyyG9fcEawl468fLNoBp33vjloCejXp8SyQFe5zVSN19LTM18tYGnHrXb6beQqcGR2SJIGBZB0O2SG7NfbHwutg3EbDJduA84AAJMuCDYxE1ajggjdhJPAVpbxKChdAeMXLVnyPgZk832z6NeSYtuvYyEQoa-WHYKk4m3MzPpKpnxalWAzyES4Y2bKnPobatj7mP-1LOxLiY0jm_ivHFMne0ksQk.dAJ7Yy2SgWDAOaOsiASC4dLXmU7aZ1NCS7Tg70yVpYU&dib_tag=se&keywords=platform+sandals+women&qid=1790056296&sr=8-11,https://m.media-amazon.com/images/I/61HSQ2aKNuL._AC_UL320_.jpg,57,排名进入前30；价格处于人民币等值¥57.60-¥180.00黄金区间；评分达到4.3以上。
2026-09-22,amazon_us,product,search,platform sandals women,19,Crocs Women's Miami Toe Loop Sandals | Square Toe Flat | Flexible Straps | Croslite Foam Footbed Crocs Women's Miami Toe Loop Sandals | Square Toe Flat | Flexible Straps | Croslite Foam Footbed,¥172.73,4.5,4.5,,,,,,https://sponsored-ads.amazon.com/clk/?_encoding=UTF8&p=eAFVUMuu0kAYDp6oJ_V4CYtjgjuMLEimTAstFENMbx4bsFAKxMNmMnSmpaG0pTNc4oKFz2DizqVLY-IjuPEFfAfXPoGJHGP8Vl_yXf4_nxCc__z8_ced8n19MhtZfaf_Blr2uFqS6pchTeMDmu7YkoUqnnrraKJaefeSNHc897eJKdIOWOmL1fUhnXnjey0otlVRbmoinN_yjcW5bk9e2WPHLz8W7hLKVjzLyxdTd2ybwyvXmdtW5WtJeHqjIEZxESxRTosgSzCnKE6TOKVowcOygNf4bZaKQbauPGELECSYsTgApww4OUEuVW_TFE39usIWgC_pmhIQZElCAx5nKdjJ4OYYCHBBGMhxnHJagCBLOU25_MwY666FzOFgYJsTZ-j6yHEHjmujgTOzkWX7_clwVFWFEnz06de7Lx-_WZUHfytPT1QfyhBCTWl3VKUD1bYkn019q3tmjsx6v_zcMnQzf-mAtn40NidE-tHwNtow8_T_cTSio-EdDf0PiSoXZmQfrnQ7kvCeyh9KwvvSkvOcdRuN_X4v_puoEeUNvG-QhgEt2fX6yrX0IieoIChPlqTo8dqSYRQUKCY9WNvEpCe1NQgVVdbUGit6EpCBghVFlUMNhCQkoCVBCWihRgBpqxhrmtZpNeVa3MM5q-GChj1lDul2-5oV8DdR271I&v=c1&r=https%3A%2F%2Fwww.amazon.com%2Fgp%2Faw%2Fd%2FB0D2NQK5Y1%3Fpd_rd_plhdr%3Dt%26hsa_cr_id%3D0%26qid%3D1790056296%26sr%3D1-2-5a5562f9-fdfd-4101-9f9d-d76aa9998432%26i%3Daps%26aref%3D5Z0euuMsr0&ref_=sbx__sbtcd2_asin_1_bkgd&pd_rd_w=yeayo&content-id=amzn1.sym.90f77631-9599-4fe0-95f8-a40adfe1c762%3Aamzn1.sym.90f77631-9599-4fe0-95f8-a40adfe1c762&pf_rd_p=90f77631-9599-4fe0-95f8-a40adfe1c762&pf_rd_r=CCE3XJYA9P865W86FQ55&pd_rd_wg=MXrOM&pd_rd_r=48d7bf3a-6f0e-46c2-9fba-bb83ffdfd39b,"https://m.media-amazon.com/images/I/41ONvkS7wYL._AC_SR322,134_CB1169409_QL70_.jpg",57,排名进入前30；价格处于人民币等值¥57.60-¥180.00黄金区间；评分达到4.3以上。
2026-09-22,amazon_us,product,best_sellers,Best Sellers Women Sandals,4,"DREAM PAIRS Women's Comfort Block Heel Sandals | Open Toe Adjustable Ankle Strap Chunky Dress Heels, Fashion Heeled Sandals for Prom, Wedding Guest and Formal Events",,4.2,$29.99,,,,,,https://www.amazon.com/DREAM-PAIRS-Womens-Chunk-Sandals/dp/B071CTLNBL/ref=zg_bs_g_679425011_d_sccl_4/133-1338554-2740064?psc=1,"https://images-na.ssl-images-amazon.com/images/I/61mjdmlQ3bL._AC_UL600_SR600,400_.jpg",55,排名靠前；标题包含 comfort，符合美国女鞋舒适化趋势；评分达到4.0以上。
2026-09-22,amazon_us,product,best_sellers,Best Sellers Women Sandals,7,"Ankis Women Nude White Gold Black Sandals Open Toe 1 Inch Low Block Heel | 1-inch short heel, adjustable ankle strap, 5mm latex cushioned insole, comfortable walking, for wedding, dressy, formal event",,4.2,$31.96,,,,,,https://www.amazon.com/Ankis-Sandals-Comfortable-Adjustable-Available/dp/B0BPL95VFW/ref=zg_bs_g_679425011_d_sccl_7/133-1338554-2740064?psc=1,"https://images-na.ssl-images-amazon.com/images/I/51EOkpMrmNL._AC_UL600_SR600,400_.jpg",55,排名靠前；标题包含 comfort，符合美国女鞋舒适化趋势；评分达到4.0以上。
2026-09-22,amazon_us,product,new_releases,New Releases Women Sandals,7,"DREAM PAIRS Women's Stiletto Kitten Heeled Sandals | Pointed Open Toe Chunky Block Heels, Heeled Sandals Wedding Bridal Party, 3.78-inch stiletto heel Comfortable Shoes",,4.0,$37.99,,,,,,https://www.amazon.com/DREAM-PAIRS-Stiletto-Sandals-Black-Pat/dp/B0H2TP4W7B/ref=zg_bsnr_g_679425011_d_sccl_7/144-1060190-2868101?psc=1,"https://images-na.ssl-images-amazon.com/images/I/61u0MZ27XUL._AC_UL600_SR600,400_.jpg",55,排名靠前；标题包含 comfort，符合美国女鞋舒适化趋势；评分达到4.0以上。
2026-09-22,amazon_us,product,new_releases,New Releases Women Sandals,9,"DREAM PAIRS Women's Kitten Low Heel Ankle Strap Sandals | 2.72 Inch,Comfortable Fashion Open Toe Sandals,4mm Cushioning,Suitable for Casual Daily Formal Wedding Prom Party Date Night",,4.2,$40.84,,,,,,https://www.amazon.com/DREAM-PAIRS-Womens-Kitten-Sandals/dp/B0H6HV9WGR/ref=zg_bsnr_g_679425011_d_sccl_9/144-1060190-2868101?psc=1,"https://images-na.ssl-images-amazon.com/images/I/61PAu8JIWnL._AC_UL600_SR600,400_.jpg",55,排名靠前；标题包含 comfort，符合美国女鞋舒适化趋势；评分达到4.0以上。
2026-09-22,amazon_us,product,search,women slides,40,Arch Support Slides for Women and Men Recovery House Sandals for Men Soft and Comfortable Summer Beach Shoes Slippers Women,¥71.93,3.8,"Price, product page $9.99 $ 9 . 99",,,,,,https://www.amazon.com/SKETOE-Support-Recovery-Comfortable-Slippers/dp/B0GLF1516G/ref=sr_1_22?dib=eyJ2IjoiMSJ9.6owUC4TDSG3NkE2e1xmDHGQF3LFLRuf9b6QFruX3rubGKDTw3AYE1VEQ5MtkUzJsaHh4IlMN2ZctBespjH9bRC-TAA4f0dwp-hT9JlRlo0GjFnqWmyp1g6tUY0FT7pSmByC7PfhDe3l64QCPqY9cqiMcFDExAAT1u8xZH5pEQijUJJUjFtOWSYWyUtqZlYwTrzlrtsZVQFgLx75M_2PlDaAL9PQbrvU0a9z6FcHD9zQzs4QQ6o27ClJ9XhEaO5rJE4mvRroBm8DMdsZYtvCgE8_uK8Z1HwylhESToovJJQg.M1MXIbcZ1-DNAWHrhnLPGJxJOJ83eduRFg7CwcuM_L8&dib_tag=se&keywords=women+slides&qid=1790056296&sr=8-22,https://m.media-amazon.com/images/I/81ECHpu6ZvL._AC_UL320_.jpg,55,排名进入前50；价格处于人民币等值¥57.60-¥180.00黄金区间；标题包含 recovery、comfort、arch support、soft、beach、summer，符合美国女鞋舒适化趋势。
2026-09-22,amazon_us,product,best_sellers,Best Sellers Women Sandals,14,"Archies Arch Support Flip Flops for Men & Women – Orthotic Sandals for Plantar Fasciitis Relief – Lightweight, Cushioning, Shock-Absorbing Thong Sandals for Walking, Foot Pain & All-Day Comfort",,4.3,$40.00,,,,,,https://www.amazon.com/Archies-Womens-Arch-Support-Black/dp/B086SYFKLP/ref=zg_bs_g_679425011_d_sccl_14/133-1338554-2740064?psc=1,"https://images-na.ssl-images-amazon.com/images/I/81xintmVcHL._AC_UL600_SR600,400_.jpg",54,排名进入前30；标题包含 comfort、arch support，符合美国女鞋舒适化趋势；评分达到4.3以上。
2026-09-22,amazon_us,product,new_releases,New Releases Women Sandals,29,Separat Toe Arch Support Slides Summer Home Outdoor Women Sandals Slippers,,5.0,$23.90,,,,,,https://www.amazon.com/AXGUGXX-Separat-Support-Outdoor-Slippers/dp/B0HCDVF8FV/ref=zg_bsnr_g_679425011_d_sccl_29/144-1060190-2868101?psc=1,"https://images-na.ssl-images-amazon.com/images/I/51DDAf6ClzL._AC_UL600_SR600,400_.jpg",54,排名进入前30；标题包含 arch support、summer，符合美国女鞋舒适化趋势；评分达到4.6以上。
2026-09-22,amazon_us,product,search,women summer slippers,29,COCOMUSE,¥107.93,4.1,COCOMUSE,,,,,,https://www.amazon.com/Ultralight-Indoor-Cotton-Slippers-Absorb/dp/B09MRP87ZZ/ref=sr_1_23?dib=eyJ2IjoiMSJ9.wQE1IQn9JtlrMDDR9TavgqOSlL2Sb0ZOxmvm80WeypBzEpPIWqqGZAR4mmkjx59wwDtwCQ4pypOsoH1AKuD4qEgdPm_TQrVCxz7Vsnw8hWavCcZiENEiHJobNCOokJ4YOvwjcwvJXcyhzTBXsDIBttbNJMHNxNF2AkPpRHBhT3ceHRqlr9_cm4apxKNsjJvxSU2iGYs8WKACEEGS_HY1CR41r_ffTh_7mNtYgOnNUHuymz5gm3kHZhHFiAqW6drESh3xCPvGsuYicJPb1h3osvpNI9VuDM7abfS6vBUjqSA.6yntjgzet8zdiQrrvVCmbrBnJ8zN8WJEGKvt0AFpf0s&dib_tag=se&keywords=women+summer+slippers&qid=1790056295&sr=8-23,https://m.media-amazon.com/images/I/81KNq3E0H3L._AC_UL320_.jpg,54,排名进入前30；价格处于人民币等值¥57.60-¥180.00黄金区间；评分达到4.0以上。
2026-09-22,amazon_us,product,search,women slides,13,"ULTRAIDEAS Women's Popcorn Flip Flop House Slipper with Memory Foam, Gift for Women Mom ULTRAIDEAS Women's Popcorn Flip Flop House Slipper with Memory Foam, Gift for Women Mom",¥129.53,4.2,4.2,,,,,,https://sponsored-ads.amazon.com/clk/?_encoding=UTF8&p=eAFVUE1u00AYVaiAKpQfZVGksAsii0gTe9zY7gRZyH8txmkSx0kF2YwmnrHjktiOZyBpFzkCEgiJO7BgwyHgAtyBC7BHIkWIt3rS-_k-vWq0__PL9x-3anfN8fnQ8T3_pey4o0YFtg5jlqUb_IKTDYPe2Ss_V21xKbqHaTmCQWBeIH4pNrOcTMC5GgWjOx25rWtt5Qi15emN0Jrtm-74uTvywtrD6m3K-GuRF7WDSX_k2oPTvjd1nfrXSvXxtYI5I2U0xwUro3xBBMNptkgzhmcirlXJklzlWTvKl_VHfAaiBeE8jcAuA3ZOUMDGTZbhSdhS-QyIOVsyCqJ8sWCRSPMMvFXA9TEQkZJyUJA0E6wEUZ4JlgnliTUy-w62B72ea4-9QT_EXr_n9V3c885d7LihPx4MG1q1Ij_48Ovzu_ffnPq9v5W7Jxr3FVmGUNP1zrGCVB0qe5PQ6e7ZQ7vl1546lmkXJx7Qza212iExt1awQoM8MP_H1kq2VrC1zD8kqR_Yibs5Nd0EkjVTPlWqHytzIQrelaT1et3-N5GUFBJZS1SyZBRObeifac8KikuKi8WcloZozjnBUYlTasjNVUoNqCNZVjUFaU1eGhAoQCWqqikxAjGNKehAGQIUIwqorhGCEDruHCnN1CAFb5KSxcaVubxYnrwJksFv1pm9Wg&v=c1&r=https%3A%2F%2Fwww.amazon.com%2Fgp%2Faw%2Fd%2FB09SZC1KM6%3Fpd_rd_plhdr%3Dt%26hsa_cr_id%3D0%26qid%3D1790056296%26sr%3D1-2-5a5562f9-fdfd-4101-9f9d-d76aa9998432%26i%3Daps%26aref%3DzAmjmFuQgO&ref_=sbx__sbtcd2_asin_1_bkgd&pd_rd_w=p8G4K&content-id=amzn1.sym.90f77631-9599-4fe0-95f8-a40adfe1c762%3Aamzn1.sym.90f77631-9599-4fe0-95f8-a40adfe1c762&pf_rd_p=90f77631-9599-4fe0-95f8-a40adfe1c762&pf_rd_r=JGZ3GGJB2CQX1ARS4JMS&pd_rd_wg=QWEhD&pd_rd_r=2d2e7466-aa8d-4b78-b89b-cc47a9df1da3,"https://m.media-amazon.com/images/I/71GPcULYBKL._AC_SR322,134_CB1169409_QL70_.jpg",54,排名进入前30；价格处于人民币等值¥57.60-¥180.00黄金区间；评分达到4.0以上。
2026-09-22,amazon_us,product,search,platform sandals women,11,Monrovia,¥143.93,4.1,Monrovia,,,,,,https://www.amazon.com/Monrovia-Platform-Espadrilles-Vacation-Comfortable/dp/B0FJS1R2ZG/ref=sr_1_5?dib=eyJ2IjoiMSJ9.-sztLUvFGvhR_ekbbj8Xky_JQwtUkG3xFMXqzf-jACXFLhY_JXg3c45ewpyuQHwiLVAObzNwTNM9NHiQyyG9fcEawl468fLNoBp33vjloCejXp8SyQFe5zVSN19LTM18tYGnHrXb6beQqcGR2SJIGBZB0O2SG7NfbHwutg3EbDJduA84AAJMuCDYxE1ajggjdhJPAVpbxKChdAeMXLVnyPgZk832z6NeSYtuvYyEQoa-WHYKk4m3MzPpKpnxalWAzyES4Y2bKnPobatj7mP-1LOxLiY0jm_ivHFMne0ksQk.dAJ7Yy2SgWDAOaOsiASC4dLXmU7aZ1NCS7Tg70yVpYU&dib_tag=se&keywords=platform+sandals+women&qid=1790056296&sr=8-5,https://m.media-amazon.com/images/I/61s1n98EyYL._AC_UL320_.jpg,54,排名进入前30；价格处于人民币等值¥57.60-¥180.00黄金区间；评分达到4.0以上。
2026-09-22,amazon_us,product,search,women slides,38,Womens Comfortable Beach Sandals Waterproof Pool Eva Slides,¥71.93,4.1,50+ bought in past month,,,,,,https://www.amazon.com/SUITSER-Womens-Comfortable-Sandals-Waterproof/dp/B0H14F4G37/ref=sr_1_20?dib=eyJ2IjoiMSJ9.6owUC4TDSG3NkE2e1xmDHGQF3LFLRuf9b6QFruX3rubGKDTw3AYE1VEQ5MtkUzJsaHh4IlMN2ZctBespjH9bRC-TAA4f0dwp-hT9JlRlo0GjFnqWmyp1g6tUY0FT7pSmByC7PfhDe3l64QCPqY9cqiMcFDExAAT1u8xZH5pEQijUJJUjFtOWSYWyUtqZlYwTrzlrtsZVQFgLx75M_2PlDaAL9PQbrvU0a9z6FcHD9zQzs4QQ6o27ClJ9XhEaO5rJE4mvRroBm8DMdsZYtvCgE8_uK8Z1HwylhESToovJJQg.M1MXIbcZ1-DNAWHrhnLPGJxJOJ83eduRFg7CwcuM_L8&dib_tag=se&keywords=women+slides&qid=1790056296&sr=8-20,https://m.media-amazon.com/images/I/71IwB6FPJSL._AC_UL320_.jpg,53,排名进入前50；评论数达到50以上；价格处于人民币等值¥57.60-¥180.00黄金区间；标题包含 comfort、beach，符合美国女鞋舒适化趋势；评分达到4.0以上。
2026-09-22,amazon_us,product,best_sellers,Best Sellers Women Sandals,5,"Amazon Essentials Women's Two Strap Heeled Sandals with Adjustable Ankle Strap, Padded Memory Foam Insole",,4.4,$14.11,,,,,,https://www.amazon.com/Amazon-Essentials-Womens-Nola-Heeled/dp/B08LPV277H/ref=zg_bs_g_679425011_d_sccl_5/133-1338554-2740064?psc=1,"https://images-na.ssl-images-amazon.com/images/I/71DEyvdnHNL._AC_UL600_SR600,400_.jpg",52,排名靠前；评分达到4.3以上。
2026-09-22,amazon_us,product,search,women slides,1,"CUSHIONAIRE Cliff Suede Clog Mules for Women | 100% Genuine Suede Upper, Gold Horsebit Detail, Cork Footbed, Backless Slip On Design, Treaded Outsole, Round Moc Toe CUSHIONAIRE Cliff Suede Clog Mules for Women | 100% Ge…",¥359.86,4.2,,,,,,,https://sponsored-ads.amazon.com/clk/?_encoding=UTF8&p=eAFVkMuK01AAhqmDWuKI0sXM0J1ddFE4zUmaSZpKGE4utrWXtEkrYzfhNDm5MGmS5pwhZRZd-ACuBJ9A3M1DuPIFfAdXPoN4AfFb_fAtfvg4v_79_uu3R42naPVmYU7Gk2toWk6rJnTOQpIlB09GaG8ba8jgPkPl23BwtpjtJJoqqTibs-7d61G5Ca7NyHkiwa4id8We2oWbB66-rSNrNbKcsds45x4HhN6wvGicrueOZdjD-Xhjmc33Na7-y3iYhQ0O7_BdnnX9fNe8oFtwmyVhQgJACS79GBQ4IkBoPSSZt3Y7It0CFpMdCYCfpynxWZJn4O8L8HEZUFDgJGOkBH6eMZIx8YXuoLnpGfZ0ahmrsT13PXeBnMnU8kzLnazsReuKq8Hn7z7ff_rxxWye41uWA1rg8iYlIKYYMMLKhLaeiRBCVer1-ookXSqCeLJ2zcGJsTA6k8ZLU0dG8WoMFHTU93-I0FFf7lU7X6L_OerRUV8edfR7RM1TI7IOQ2RFAq6I-LHGfajFjBV0wPNVVXX_FeKjgscVH_A6HMmOPB_23Ksi8MrAK9I4KDXWjin2_NJLAg2290mgCYoK4aUsqnKblpoABBASH_YEKAE5FAQgiZII-qGiAuEyxETsq3Ioy-1EwwVt45KE2g6Ks-qAQkX4Cc5PsDc&v=c1&r=https%3A%2F%2Fwww.amazon.com%2Fgp%2Faw%2Fd%2FB0H6R6NG3S%3Fpd_rd_plhdr%3Dt%26hsa_cr_id%3D0%26qid%3D1790056296%26sr%3D1-1-fec03104-6f11-4242-8f79-15fae2896f66%26i%3Daps%26aref%3Dm02MwxAf71&ref_=sbx_s_sparkle_sbtcd_asin_0_bkgd&pd_rd_w=dcK7a&content-id=amzn1.sym.22e060df-ce87-467b-805a-61b8bd37fbe9%3Aamzn1.sym.22e060df-ce87-467b-805a-61b8bd37fbe9&pf_rd_p=22e060df-ce87-467b-805a-61b8bd37fbe9&pf_rd_r=JGZ3GGJB2CQX1ARS4JMS&pd_rd_wg=DF0VZ&pd_rd_r=627e615b-5e5b-4ec9-8342-fc9def7a829d,"https://m.media-amazon.com/images/I/81cMnGhtI2L._AC_SR160,134_CB1169409_QL70_.jpg",52,排名靠前；价格高于人民币等值¥288.00；评分达到4.0以上。
2026-09-22,amazon_us,product,search,women slides,23,KIDMI,¥194.26,4.4,KIDMI,,,,,,https://www.amazon.com/KIDMI-Leather-Footbed-Sandals-Support/dp/B0BS6G9WG6/ref=sr_1_5?dib=eyJ2IjoiMSJ9.6owUC4TDSG3NkE2e1xmDHGQF3LFLRuf9b6QFruX3rubGKDTw3AYE1VEQ5MtkUzJsaHh4IlMN2ZctBespjH9bRC-TAA4f0dwp-hT9JlRlo0GjFnqWmyp1g6tUY0FT7pSmByC7PfhDe3l64QCPqY9cqiMcFDExAAT1u8xZH5pEQijUJJUjFtOWSYWyUtqZlYwTrzlrtsZVQFgLx75M_2PlDaAL9PQbrvU0a9z6FcHD9zQzs4QQ6o27ClJ9XhEaO5rJE4mvRroBm8DMdsZYtvCgE8_uK8Z1HwylhESToovJJQg.M1MXIbcZ1-DNAWHrhnLPGJxJOJ83eduRFg7CwcuM_L8&dib_tag=se&keywords=women+slides&qid=1790056296&sr=8-5,https://m.media-amazon.com/images/I/81zCzavhSUL._AC_UL320_.jpg,52,排名进入前30；价格处于人民币等值¥180.00-¥288.00区间；评分达到4.3以上。
2026-09-22,amazon_us,product,search,women slides,24,CUSHIONAIRE,¥194.33,4.4,CUSHIONAIRE,,,,,,https://www.amazon.com/CUSHIONAIRE-Womens-Feather-recovery-Comfort/dp/B0BTQ7ZS7B/ref=sr_1_6?dib=eyJ2IjoiMSJ9.6owUC4TDSG3NkE2e1xmDHGQF3LFLRuf9b6QFruX3rubGKDTw3AYE1VEQ5MtkUzJsaHh4IlMN2ZctBespjH9bRC-TAA4f0dwp-hT9JlRlo0GjFnqWmyp1g6tUY0FT7pSmByC7PfhDe3l64QCPqY9cqiMcFDExAAT1u8xZH5pEQijUJJUjFtOWSYWyUtqZlYwTrzlrtsZVQFgLx75M_2PlDaAL9PQbrvU0a9z6FcHD9zQzs4QQ6o27ClJ9XhEaO5rJE4mvRroBm8DMdsZYtvCgE8_uK8Z1HwylhESToovJJQg.M1MXIbcZ1-DNAWHrhnLPGJxJOJ83eduRFg7CwcuM_L8&dib_tag=se&keywords=women+slides&qid=1790056296&sr=8-6,https://m.media-amazon.com/images/I/81PBXKFp76L._AC_UL320_.jpg,52,排名进入前30；价格处于人民币等值¥180.00-¥288.00区间；评分达到4.3以上。
2026-09-22,amazon_us,product,search,women slides,29,adidas,¥215.78,4.4,adidas,,,,,,https://www.amazon.com/adidas-Unisex-Adilette-Sportswear-Sandal/dp/B0D28BLH78/ref=sr_1_11?dib=eyJ2IjoiMSJ9.6owUC4TDSG3NkE2e1xmDHGQF3LFLRuf9b6QFruX3rubGKDTw3AYE1VEQ5MtkUzJsaHh4IlMN2ZctBespjH9bRC-TAA4f0dwp-hT9JlRlo0GjFnqWmyp1g6tUY0FT7pSmByC7PfhDe3l64QCPqY9cqiMcFDExAAT1u8xZH5pEQijUJJUjFtOWSYWyUtqZlYwTrzlrtsZVQFgLx75M_2PlDaAL9PQbrvU0a9z6FcHD9zQzs4QQ6o27ClJ9XhEaO5rJE4mvRroBm8DMdsZYtvCgE8_uK8Z1HwylhESToovJJQg.M1MXIbcZ1-DNAWHrhnLPGJxJOJ83eduRFg7CwcuM_L8&dib_tag=se&keywords=women+slides&qid=1790056296&sr=8-11,https://m.media-amazon.com/images/I/61J+U+PiJmL._AC_UL320_.jpg,52,排名进入前30；价格处于人民币等值¥180.00-¥288.00区间；评分达到4.3以上。
2026-09-22,amazon_us,product,new_releases,New Releases Women Sandals,8,IDIFU IN1 Kitten Flip Flop Heels for Women Square Open Toe Low Heel | Wedding Bride Graduation Party Slide Dress Shoes Comfortable Cute Trendy Casual Thong Slip On Strappy Low Heeled Sandals,,3.9,$28.49,,,,,,https://www.amazon.com/IDIFU-Gold-Heels-Kitten-Square/dp/B0H33NLC5H/ref=zg_bsnr_g_679425011_d_sccl_8/144-1060190-2868101?psc=1,"https://images-na.ssl-images-amazon.com/images/I/612hFK868jL._AC_UL600_SR600,400_.jpg",51,排名靠前；标题包含 comfort，符合美国女鞋舒适化趋势。
2026-09-22,amazon_us,product,new_releases,New Releases Women Sandals,11,"CUSHIONAIRE Mona Slip-On Lightweight Womens Sandals, Comfortable Wedge Flip Flops for Women with Crossover Strap",,4.4,$49.99,,,,,,https://www.amazon.com/CUSHIONAIRE-Lightweight-Sandals-Comfortable-Crossover/dp/B0H9B7SNL7/ref=zg_bsnr_g_679425011_d_sccl_11/144-1060190-2868101?psc=1,"https://images-na.ssl-images-amazon.com/images/I/710k2uicqiL._AC_UL600_SR600,400_.jpg",51,排名进入前30；标题包含 comfort、wedge，符合美国女鞋舒适化趋势；评分达到4.3以上。
2026-09-22,amazon_us,product,new_releases,New Releases Women Sandals,12,IDIFU Women's Kitten Mule Heels Open Pointed Toe Slip On Heeled Sandals | 3 Inch Peep Toe Backless Sexy Heel Comfortable Dressy Womens Dress Shoes for Wedding Bridal Office Prom Party Casual,,4.6,$29.89,,,,,,https://www.amazon.com/IDIFU-Womens-Kitten-Heeled-Sandals/dp/B0H44NPTW1/ref=zg_bsnr_g_679425011_d_sccl_12/144-1060190-2868101?psc=1,"https://images-na.ssl-images-amazon.com/images/I/61gg6-nPaQL._AC_UL600_SR600,400_.jpg",51,排名进入前30；标题包含 comfort，符合美国女鞋舒适化趋势；评分达到4.6以上。
2026-09-22,amazon_us,product,new_releases,New Releases Women Sandals,31,IDIFU Platform Chunky Block Strappy Heels Sandals | Slingback Heeled Sandals Thick Open Square Toe Comfortable Dress Shoes for Women Wedding Work Prom Ladies Cute Heel,,4.5,$39.99,,,,,,https://www.amazon.com/IDIFU-Platform-Chunky-Strappy-Sandals/dp/B0H1LS3ZZH/ref=zg_bsnr_g_679425011_d_sccl_31/144-1060190-2868101?psc=1,"https://images-na.ssl-images-amazon.com/images/I/61zeFLRuxkL._AC_UL300_SR300,200_.jpg",51,排名进入前50；标题包含 platform、comfort，符合美国女鞋舒适化趋势；platform + comfort组合趋势加分；评分达到4.3以上。
2026-09-22,amazon_us,product,best_sellers,Best Sellers Women Sandals,26,Clarks Women's Breeze Sea Flip-Flop,,4.7,$50.41,,,,,,https://www.amazon.com/Clarks-Womens-Breeze-Black-Synthetic/dp/B01FH9EEGE/ref=zg_bs_g_679425011_d_sccl_26/133-1338554-2740064?psc=1,"https://images-na.ssl-images-amazon.com/images/I/61f5Z2idq9L._AC_UL600_SR600,400_.jpg",50,排名进入前30；评论数达到50以上；评分达到4.6以上。
2026-09-22,amazon_us,product,new_releases,New Releases Women Sandals,27,"Ankis Women’s Open Toe Ankle Strap Platform Block Heel Sandals Shoes | Crossover Front Strap Platform Sandals, Ankle Strap with Buckle, Chunky Block High Heels, Wedding Party Dress Heels for Women",,4.5,$42.99,,,,,,https://www.amazon.com/Ankis-Womens-Ankle-Platform-Sandals/dp/B0GXV78G9Q/ref=zg_bsnr_g_679425011_d_sccl_27/144-1060190-2868101?psc=1,"https://images-na.ssl-images-amazon.com/images/I/7156C3QyK7L._AC_UL600_SR600,400_.jpg",50,排名进入前30；标题包含 platform，符合美国女鞋舒适化趋势；评分达到4.3以上。
2026-09-22,amazon_us,product,search,platform sandals women,31,"Women's Platform Sandals, Cork Footbed Slides with Double Buckles",¥215.93,4.4,50+ bought in past month,,,,,,https://www.amazon.com/BiuYorBTY-Platform-Sandals-Footbed-Comfort/dp/B0DZ1P3782/ref=sr_1_17?dib=eyJ2IjoiMSJ9.-sztLUvFGvhR_ekbbj8Xky_JQwtUkG3xFMXqzf-jACXFLhY_JXg3c45ewpyuQHwiLVAObzNwTNM9NHiQyyG9fcEawl468fLNoBp33vjloCejXp8SyQFe5zVSN19LTM18tYGnHrXb6beQqcGR2SJIGBZB0O2SG7NfbHwutg3EbDJduA84AAJMuCDYxE1ajggjdhJPAVpbxKChdAeMXLVnyPgZk832z6NeSYtuvYyEQoa-WHYKk4m3MzPpKpnxalWAzyES4Y2bKnPobatj7mP-1LOxLiY0jm_ivHFMne0ksQk.dAJ7Yy2SgWDAOaOsiASC4dLXmU7aZ1NCS7Tg70yVpYU&dib_tag=se&keywords=platform+sandals+women&qid=1790056296&sr=8-17,https://m.media-amazon.com/images/I/716g0SFJuTL._AC_UL320_.jpg,50,排名进入前50；评论数达到50以上；价格处于人民币等值¥180.00-¥288.00区间；标题包含 platform，符合美国女鞋舒适化趋势；评分达到4.3以上。
2026-09-22,amazon_us,product,best_sellers,Best Sellers Women Sandals,8,LULLASONG Women's Kitten Heels Sandals Square Open Toe Flip Flop Heels 1.8-2 Inch Heeled Sandals for Women,,4.0,$29.58,,,,,,https://www.amazon.com/LULLASONG-Womens-Kitten-Sandals-Square/dp/B0DCFSM597/ref=zg_bs_g_679425011_d_sccl_8/133-1338554-2740064?psc=1,"https://images-na.ssl-images-amazon.com/images/I/61aVZl7OhqL._AC_UL600_SR600,400_.jpg",49,排名靠前；评分达到4.0以上。
2026-09-22,amazon_us,product,new_releases,New Releases Women Sandals,3,CUSHIONAIRE Toots Thong Strap Jelly Sandals for Women with Low Block Heel,,4.1,$39.99,,,,,,https://www.amazon.com/CUSHIONAIRE-Toots-Thong-Sandals-TORTOISE/dp/B0HB6R34PX/ref=zg_bsnr_g_679425011_d_sccl_3/144-1060190-2868101?psc=1,"https://images-na.ssl-images-amazon.com/images/I/71I1E9EQjlL._AC_UL600_SR600,400_.jpg",49,排名靠前；评分达到4.0以上。
2026-09-22,amazon_us,product,search,women summer slippers,21,Dearfoams,¥194.40,4.2,Dearfoams,,,,,,https://www.amazon.com/Dearfoams-Womens-Melanie-Terry-Slipper/dp/B0CJ9QKQZ7/ref=sr_1_15?dib=eyJ2IjoiMSJ9.wQE1IQn9JtlrMDDR9TavgqOSlL2Sb0ZOxmvm80WeypBzEpPIWqqGZAR4mmkjx59wwDtwCQ4pypOsoH1AKuD4qEgdPm_TQrVCxz7Vsnw8hWavCcZiENEiHJobNCOokJ4YOvwjcwvJXcyhzTBXsDIBttbNJMHNxNF2AkPpRHBhT3ceHRqlr9_cm4apxKNsjJvxSU2iGYs8WKACEEGS_HY1CR41r_ffTh_7mNtYgOnNUHuymz5gm3kHZhHFiAqW6drESh3xCPvGsuYicJPb1h3osvpNI9VuDM7abfS6vBUjqSA.6yntjgzet8zdiQrrvVCmbrBnJ8zN8WJEGKvt0AFpf0s&dib_tag=se&keywords=women+summer+slippers&qid=1790056295&sr=8-15,https://m.media-amazon.com/images/I/71SuJjO4hLL._AC_UL320_.jpg,49,排名进入前30；价格处于人民币等值¥180.00-¥288.00区间；评分达到4.0以上。
2026-09-22,amazon_us,product,search,platform sandals women,16,EQAUDES,¥287.93,4.0,EQAUDES,,,,,,https://www.amazon.com/EQAUDES-Platform-Espadrille-Sandals-Flatform/dp/B0C6XLWPN9/ref=sr_1_10?dib=eyJ2IjoiMSJ9.-sztLUvFGvhR_ekbbj8Xky_JQwtUkG3xFMXqzf-jACXFLhY_JXg3c45ewpyuQHwiLVAObzNwTNM9NHiQyyG9fcEawl468fLNoBp33vjloCejXp8SyQFe5zVSN19LTM18tYGnHrXb6beQqcGR2SJIGBZB0O2SG7NfbHwutg3EbDJduA84AAJMuCDYxE1ajggjdhJPAVpbxKChdAeMXLVnyPgZk832z6NeSYtuvYyEQoa-WHYKk4m3MzPpKpnxalWAzyES4Y2bKnPobatj7mP-1LOxLiY0jm_ivHFMne0ksQk.dAJ7Yy2SgWDAOaOsiASC4dLXmU7aZ1NCS7Tg70yVpYU&dib_tag=se&keywords=platform+sandals+women&qid=1790056296&sr=8-10,https://m.media-amazon.com/images/I/81juIfWU4pL._AC_UL320_.jpg,49,排名进入前30；价格处于人民币等值¥180.00-¥288.00区间；评分达到4.0以上。
2026-09-22,amazon_us,product,search,platform sandals women,20,Teva Women's Voya Zillesa | Casual Sandals Teva Women's Voya Zillesa | Casual Sandals,¥259.20,4.2,4.2,,,,,,https://sponsored-ads.amazon.com/clk/?_encoding=UTF8&p=eAFVUMuq00AYph7UQz1e6OIIdVexi8Ikk7RJm0qR3DwnNKaXtEW7GaaZSRqaJtNMesFFFz6D4M6lSxF8BDe-gO_g2icQ7BHxW33wXf6frxyc__z8_cedyn19Mhtafaf_Glr2uFaSGpchTeMDmu74kocqno7W0US1WPeSNHcF87eJKdAOWOmL1ZtDOhuN77Wg0FYFuakJcH7LNxbnuj25tseOX3lcvksoXxUZq1xMvbFtDq48Z25b1a-l8tMbBXGK82CJGM2DLMEFRXGaxClFiyKslPEav81SIcjW1Sd8AYIEcx4H4JQBJydgUu02TdHUbyh8AYolXVMCgixJaFDEWQp2Mrg5BgKcEw4YjtOC5iDI0oKmhfzMGOuehcyB69rmxBl4PnI81_Fs5DozG1m2358MhjW1XIKPPv169-XjN6v64G_l6YnaQxlCqCntjqp0oNqW5LOpb3XPzKHZ6FeeW4ZuspcOaOtHY3NCpB-N0UYbZCP9fxyN6GiMjob-h0TVCzOyD1e6HUl4T-UPpfL70rIoGO-K4n6_F_5NJEZMxHuRiAY0NaXvjt3rF4ygnCCWLEneK-pLjlGQo5j0YH0Tk57U1iBUVFlT6zzvSaAJFKwoqhxqICQhAS0JSkALNQJIW8VY07ROqynX4x5mvI5zGvaUOaTb7Suew99YKb1Y&v=c1&r=https%3A%2F%2Fwww.amazon.com%2Fgp%2Faw%2Fd%2FB0C95KLRLH%3Fpd_rd_plhdr%3Dt%26hsa_cr_id%3D0%26qid%3D1790056296%26sr%3D1-3-5a5562f9-fdfd-4101-9f9d-d76aa9998432%26i%3Daps%26aref%3D5Z0euuMsr0&ref_=sbx__sbtcd2_asin_2_bkgd&pd_rd_w=yeayo&content-id=amzn1.sym.90f77631-9599-4fe0-95f8-a40adfe1c762%3Aamzn1.sym.90f77631-9599-4fe0-95f8-a40adfe1c762&pf_rd_p=90f77631-9599-4fe0-95f8-a40adfe1c762&pf_rd_r=CCE3XJYA9P865W86FQ55&pd_rd_wg=MXrOM&pd_rd_r=48d7bf3a-6f0e-46c2-9fba-bb83ffdfd39b,"https://m.media-amazon.com/images/I/71uTPqGxzsL._AC_SR322,134_CB1169409_QL70_.jpg",49,排名进入前30；价格处于人民币等值¥180.00-¥288.00区间；评分达到4.0以上。
2026-09-22,amazon_us,product,best_sellers,Best Sellers Women Sandals,12,"FW FRAN WILLOR Women Open Toe Low Chunky Short Heels Block Heel Sandals | Fashion Formal Dress Heels,Ankle Strap Comfortable Heeled Sandals for Prom, Party ,Wedding Guest and Formal Events",,4.4,$24.69,,,,,,https://www.amazon.com/FW-FRAN-WILLOR-Sandals-Wedding/dp/B0CCRGMPPQ/ref=zg_bs_g_679425011_d_sccl_12/133-1338554-2740064?psc=1,"https://images-na.ssl-images-amazon.com/images/I/61sRdf9ebFL._AC_UL600_SR600,400_.jpg",48,排名进入前30；标题包含 comfort，符合美国女鞋舒适化趋势；评分达到4.3以上。
2026-09-22,amazon_us,product,best_sellers,Best Sellers Women Sandals,15,"IDIFU Women's 3 Inch Block Chunky Open Toe Heels Ankle Strap Heeled Sandal | Dressy Thick Heel, Comfortable Women Dress Shoes for Wedding Bridesmaid Bridal Prom Office Homecoming and Formal",,4.4,$22.49,,,,,,https://www.amazon.com/IDIFU-Womens-Cookie-MI-Sandals-Wedding/dp/B08HVDR358/ref=zg_bs_g_679425011_d_sccl_15/133-1338554-2740064?psc=1,"https://images-na.ssl-images-amazon.com/images/I/71fiYRCspSL._AC_UL600_SR600,400_.jpg",48,排名进入前30；标题包含 comfort，符合美国女鞋舒适化趋势；评分达到4.3以上。
2026-09-22,amazon_us,product,best_sellers,Best Sellers Women Sandals,16,SKETOE Kitten Heels for Women Square Toe Sandals Flip Flop Heels Thong Sandals Comfortable Summer 2 Inch Heels Sandals,,4.1,$25.99,,,,,,https://www.amazon.com/SKETOE-Kitten-Square-Sandals-Comfortable/dp/B0F4QHKCDM/ref=zg_bs_g_679425011_d_sccl_16/133-1338554-2740064?psc=1,"https://images-na.ssl-images-amazon.com/images/I/61WGe4p1FWL._AC_UL600_SR600,400_.jpg",48,排名进入前30；标题包含 comfort、summer，符合美国女鞋舒适化趋势；评分达到4.0以上。
2026-09-22,amazon_us,product,best_sellers,Best Sellers Women Sandals,18,"COASIS Women's Chunky Block Heels Open Toe Ankle Strap Heeled Sandals | 3.5"" High Heel, 3MM Latex Midsole, Non-Slip Rubber Sole, Comfortable Walking, Wedding, Work & Party Wear",,4.4,$29.99,,,,,,https://www.amazon.com/COASIS-Womens-Chunky-Sandal-Ankle/dp/B08SH9V6D9/ref=zg_bs_g_679425011_d_sccl_18/133-1338554-2740064?psc=1,"https://images-na.ssl-images-amazon.com/images/I/71s+ovTRKSL._AC_UL600_SR600,400_.jpg",48,排名进入前30；标题包含 comfort，符合美国女鞋舒适化趋势；评分达到4.3以上。
2026-09-22,amazon_us,product,best_sellers,Best Sellers Women Sandals,27,"AIUNIIND Women's Kitten Low Heel Sandals, Strappy Square Open Toe 2.5 inch | Adjustable Ankle Strap, Comfortable All Day, for Summer, Going out, Dress, Party, Prom, Wedding Guest Occasions",,4.0,$43.99,,,,,,https://www.amazon.com/AIUNIIND-Womens-Sandals-Strappy-Comfort/dp/B0DPHLM5HD/ref=zg_bs_g_679425011_d_sccl_27/133-1338554-2740064?psc=1,"https://images-na.ssl-images-amazon.com/images/I/61FchW-aFQL._AC_UL600_SR600,400_.jpg",48,排名进入前30；标题包含 comfort、summer，符合美国女鞋舒适化趋势；评分达到4.0以上。
2026-09-22,amazon_us,product,best_sellers,Best Sellers Women Sandals,28,"Coutgo Womens Kitten Heel Sandals Heeled Mules Pointed Open Toe High Heels | Comfortable, Sexy, Slip On, Backless, Dress Shoes, 3.2 Inch, Peep Toe, Wedding, Bridal, Party, Prom, Graduation",,4.3,$39.99,,,,,,https://www.amazon.com/Coutgo-Womens-Pointed-Backless-Sandals/dp/B0DG25L7P9/ref=zg_bs_g_679425011_d_sccl_28/133-1338554-2740064?psc=1,"https://images-na.ssl-images-amazon.com/images/I/61rZuSoH5yL._AC_UL600_SR600,400_.jpg",48,排名进入前30；标题包含 comfort，符合美国女鞋舒适化趋势；评分达到4.3以上。
2026-09-22,amazon_us,product,best_sellers,Best Sellers Women Sandals,30,"CUSHIONAIRE Luna Cork Footbed Sandals for Women with Crossover Straps | Womens Sandals with Arch Support, Adjustable Buckle Straps, Walking Sandals Women, Wide Widths, Cushioned Sandals for Women",,4.5,$34.99,,,,,,https://www.amazon.com/CUSHIONAIRE-Next-Womens-Slide-Sandals-Brown/dp/B073XS7BW7/ref=zg_bs_g_679425011_d_sccl_30/133-1338554-2740064?psc=1,"https://images-na.ssl-images-amazon.com/images/I/81TDeaArVJL._AC_UL600_SR600,400_.jpg",48,排名进入前30；标题包含 arch support，符合美国女鞋舒适化趋势；评分达到4.3以上。
2026-09-22,amazon_us,product,new_releases,New Releases Women Sandals,18,IDIFU Bow Kitten Heels Low Slingback Strappy Short Small Heeled Sandals | Dress Shoes for Women Open Round Toe Small Ankle Strap Wedding Work Prom Homecoming Comfortable Cute Fashion Ladies Heel,,4.3,$33.99,,,,,,https://www.amazon.com/IDIFU-Kitten-Slingback-Strappy-Sandals/dp/B0H5NMSGPX/ref=zg_bsnr_g_679425011_d_sccl_18/144-1060190-2868101?psc=1,"https://images-na.ssl-images-amazon.com/images/I/71po8PNG4HL._AC_UL600_SR600,400_.jpg",48,排名进入前30；标题包含 comfort，符合美国女鞋舒适化趋势；评分达到4.3以上。
2026-09-22,amazon_us,product,new_releases,New Releases Women Sandals,22,"Ankis Women Kitten Heel Sandals Strappy Low Heels for Wedding Party Prom | Comfortable 2.5 Inch Cross Strappy Heels, Square Toe, Adjustable Ankle Strap,Anti-Slip Sole, Gold Silver Black Available",,4.4,$37.98,,,,,,https://www.amazon.com/Ankis-Kitten-Sandals-Strappy-Wedding/dp/B0GX1QFDTN/ref=zg_bsnr_g_679425011_d_sccl_22/144-1060190-2868101?psc=1,"https://images-na.ssl-images-amazon.com/images/I/61tvlj6BO3L._AC_UL600_SR600,400_.jpg",48,排名进入前30；标题包含 comfort，符合美国女鞋舒适化趋势；评分达到4.3以上。
2026-09-22,amazon_us,product,search,platform sandals women,21,Teva womens Original Universal Teva womens Original Universal,¥539.64,4.6,4.6,,,,,,https://sponsored-ads.amazon.com/clk/?_encoding=UTF8&p=eAFVUMuK01AYpg7qEMcLXYxQdxW7KJzmJNMkTSVIbs6E1vSStsx0czjNObnQNElz0gsuuvAZBHcuXYrgI7jxBXwH1z6BYEfEb_XBd_l_Ps4__fn5-4971Yf6ZDa0ek7vGlr2uF4RmucBTeM9mm5ZxAIZT0ercCJbefecXGzL3NskZot2wFJfLG_26Ww0ftCGLUVuiRdqC87veMbiVLcnV_bY8apPufuEsmWZ5dWzqTu2zcGl68xtq_a1wj2_VRCjuPAjlNPCzxJcUhSnSZxStCiDKodX-G2WtvxsVXvGFsBPMGOxD44ZcHSCXKjfpSmaek2JLUAZ0RUlwM-ShPplnKVgK4LbY8DHBWEgx3Fa0gL4WVrStBRfGGPdtZA56Pdtc-IMXA85bt9xbdR3ZjaybK83GQzrMleBTz79evfl4zer9uhv5fGJ-mMRQqhKSkeWOlBWBPFk6lndE3NoNnvVl5ahm_lrByj6wVgfEeoHY7RWB9lI_x8HIzwYo4Oh_yFh7cwM7f2lbocC3lHxQ4V7X4nKMmddnt_tdq1_E_FhzuMdT3gDmlfza0Ucuq9yggqC8iQihVY2IoaRX6CYaLCxjokmKCqEkiyqcoMVmgDaQMKSJIuBCgISENAWoADUQCWAKDLGqqp22hdiI9Zwzhq4oIEmzSHdbN6wAv4GYnm9bw&v=c1&r=https%3A%2F%2Fwww.amazon.com%2Fgp%2Faw%2Fd%2FB0CHZX72PN%3Fpd_rd_plhdr%3Dt%26hsa_cr_id%3D0%26qid%3D1790056296%26sr%3D1-4-5a5562f9-fdfd-4101-9f9d-d76aa9998432%26i%3Daps%26aref%3D5Z0euuMsr0&ref_=sbx__sbtcd2_asin_3_bkgd&pd_rd_w=yeayo&content-id=amzn1.sym.90f77631-9599-4fe0-95f8-a40adfe1c762%3Aamzn1.sym.90f77631-9599-4fe0-95f8-a40adfe1c762&pf_rd_p=90f77631-9599-4fe0-95f8-a40adfe1c762&pf_rd_r=CCE3XJYA9P865W86FQ55&pd_rd_wg=MXrOM&pd_rd_r=48d7bf3a-6f0e-46c2-9fba-bb83ffdfd39b,"https://m.media-amazon.com/images/I/71T2j4VVR5L._AC_SR322,134_CB1169409_QL70_.jpg",48,排名进入前30；价格高于人民币等值¥288.00；评分达到4.6以上。
2026-09-22,amazon_us,product,best_sellers,Best Sellers Women Sandals,36,KuaiLu Flip Flops for Women with Arch Support Summer Beach Thong Sandals | Comfortable Walking Shoes Lightweight Soft Yoga Mat Cushion Floral Outfits Slip On Indoor Outdoor,,4.5,$13.99,,,,,,https://www.amazon.com/KuaiLu-Comfortable-Waterproof-Supportive-Flipflops/dp/B0CTML36SJ/ref=zg_bs_g_679425011_d_sccl_36/144-1060190-2868101?psc=1,"https://images-na.ssl-images-amazon.com/images/I/71FLg8v7ZyL._AC_UL300_SR300,200_.jpg",47,排名进入前50；标题包含 comfort、arch support、soft、beach、summer，符合美国女鞋舒适化趋势；评分达到4.3以上。
2026-09-22,amazon_us,product,best_sellers,Best Sellers Women Sandals,17,"WHITIN Women's Slides with Cushioned Thick Sole Slippers for Home Wear Y13 | Comfort for Daily Wear, Waterproof & Easy to Clean, Indoor & Outdoor Versatility, Lightweight EVA for All-Day",,4.1,$9.99,,,,,,https://www.amazon.com/WHITIN-Slippers-Sandals-Fashionable-Lightweight/dp/B0C1C3MKLF/ref=zg_bs_g_679425011_d_sccl_17/133-1338554-2740064?psc=1,"https://images-na.ssl-images-amazon.com/images/I/71nA8egRirL._AC_UL600_SR600,400_.jpg",45,排名进入前30；标题包含 comfort，符合美国女鞋舒适化趋势；评分达到4.0以上。
2026-09-22,amazon_us,product,best_sellers,Best Sellers Women Sandals,19,"mysoft Women's Chunky Heels Open Toe Dress Sandals with Ankle Strap | Block Low Prom Heel, Adjustable Ankle Strap, Perfect for Wedding and Party, Four Seasons Classic Versatile",,4.4,$31.99,,,,,,https://www.amazon.com/mysoft-Womens-Chunky-Wedding-Sandals/dp/B09K7F4YP2/ref=zg_bs_g_679425011_d_sccl_19/133-1338554-2740064?psc=1,"https://images-na.ssl-images-amazon.com/images/I/71Sf6IDXUGL._AC_UL600_SR600,400_.jpg",45,排名进入前30；标题包含 soft，符合美国女鞋舒适化趋势；评分达到4.3以上。
2026-09-22,amazon_us,product,best_sellers,Best Sellers Women Sandals,25,"Weweya Slides for Women Men Shower Shoes House Slippers Beach Sandals | Bathroom, Non Slip, Lightweight",,4.4,$9.99,,,,,,https://www.amazon.com/Weweya-Shower-Bathroom-Slippers-Sandals/dp/B0F1XJ9TM4/ref=zg_bs_g_679425011_d_sccl_25/133-1338554-2740064?psc=1,"https://images-na.ssl-images-amazon.com/images/I/718rk3GaK+L._AC_UL600_SR600,400_.jpg",45,排名进入前30；标题包含 beach，符合美国女鞋舒适化趋势；评分达到4.3以上。
2026-09-22,amazon_us,product,new_releases,New Releases Women Sandals,6,DREAM PAIRS Women's Slingback kitten Heeled Sandals | Square Toe Dress Heels for Party Wedding,,3.8,$40.99,,,,,,https://www.amazon.com/DREAM-PAIRS-Womens-Slingback-Sandals/dp/B0H8S94YCT/ref=zg_bsnr_g_679425011_d_sccl_6/144-1060190-2868101?psc=1,"https://images-na.ssl-images-amazon.com/images/I/71s9ROaphnL._AC_UL600_SR600,400_.jpg",45,排名靠前。
2026-09-22,amazon_us,product,new_releases,New Releases Women Sandals,14,threepurple Women's Non-Slip Flip Flops Ultra Lightweight Basic Thongs Rubber Soft Slide Slip-on Shoes Beach Pool Shower Sandals,,4.0,$7.99,,,,,,https://www.amazon.com/threepurple-Womens-Non-Slip-Lightweight-Sandals/dp/B0HB8ZZ2YB/ref=zg_bsnr_g_679425011_d_sccl_14/144-1060190-2868101?psc=1,"https://images-na.ssl-images-amazon.com/images/I/71-qSzOW17L._AC_UL600_SR600,400_.jpg",45,排名进入前30；标题包含 soft、beach，符合美国女鞋舒适化趋势；评分达到4.0以上。
2026-09-22,amazon_us,product,new_releases,New Releases Women Sandals,20,"LOOPCHARM Women's Strappy High Heels Square Open Toe Ankle Strap Sandals | Comfortable Sexy Dress Sandals Adjustable Ankle Strap Shoes 3.55-Inch Stiletto Heel for Parties,Weddings Work.",,4.2,$43.99,,,,,,https://www.amazon.com/LOOPCHARM-Womens-Strappy-Sandals-Rhinestone/dp/B0H261NJGY/ref=zg_bsnr_g_679425011_d_sccl_20/144-1060190-2868101?psc=1,"https://images-na.ssl-images-amazon.com/images/I/71hVeBc3wWL._AC_UL600_SR600,400_.jpg",45,排名进入前30；标题包含 comfort，符合美国女鞋舒适化趋势；评分达到4.0以上。
2026-09-22,amazon_us,product,search,platform sandals women,1,4.2,,,4.2,,,,,,https://sponsored-ads.amazon.com/clk/?_encoding=UTF8&p=eAFVkEtu00AAhhUqoDJFoCwoyjKLSFQae-w4dh1kVX61NQ5xYidR1Y018YwdN6k98UwSxCKX4LXiCiw4AGsuwB04BAvEQ0J8q1_6Fr_0CcHh909fv91rPrQms5Eb-MEVdL2o3ZD7T65e3mztcQjPxehSxMMt4NVNYUUPVCjqmqh0DRFe34nt-aHlTS69yI-bx8J9TNiSV7R5NB1GnhNeDP1rz219bAiHv0yCeNYU0C16XZViWt22nrI52JRFVhAMGEF1ugAU5QTI7bukTKbxicHmYFtgUgFaV3iTcpBWqxVJeVGV4O8ZSFGNGaCoKDmpQVqVnJRceTbzXS9MRlHoTp1J4oSDgedM_HAYJ_HIioKBl7heHEzCUftMaMDH7999-fHms9s6RhteAUZRvVwRsGAIcMLrgrUfdSGEPb2nqxDKCtSUg2ns9g-ckXMSNJ-7tuXQcx_o1t5e_yG39vZ4bYTV2PqfvZ3v7fHetn6PvHXk5N6rC8vLZbQjyoeG8Lax4JyyviTtdjvxXzAppxLaSViyoRt1h2qsds8oTmqc0NUC1ybvLBhK0jopsAk76wKbsm5A2NMUQ-uw2pSBDDKSwq4MVaBlsgxURVXAaaYbQO5liCinhpZpWqcwEWUdVJPM7M2WL2aT9ZimPwH8bK2U&v=c1&r=https%3A%2F%2Fwww.amazon.com%2Fgp%2Faw%2Fd%2FB0DR3N4S43%3Fpd_rd_plhdr%3Dt%26hsa_cr_id%3D0%26qid%3D1790056296%26sr%3D1-1-fec03104-6f11-4242-8f79-15fae2896f66%26i%3Daps%26aref%3D5VkJVTqQpc&pd_rd_i=B0DR3N4S43&ref_=sbx_be_s_sparkle_ssd_img&qid=&pd_rd_w=nQQh0&content-id=amzn1.sym.22e060df-ce87-467b-805a-61b8bd37fbe9%3Aamzn1.sym.22e060df-ce87-467b-805a-61b8bd37fbe9&pf_rd_p=22e060df-ce87-467b-805a-61b8bd37fbe9&pf_rd_r=CCE3XJYA9P865W86FQ55&pd_rd_wg=O1h6V&pd_rd_r=9d4f571a-0358-49eb-9a67-8427e62c08e5,"https://m.media-amazon.com/images/I/41HDyol2hqL._AC_SR250,250_QL65_.jpg",45,排名靠前。
2026-09-22,amazon_us,product,search,platform sandals women,2,4.3,,,4.3,,,,,,https://sponsored-ads.amazon.com/clk/?_encoding=UTF8&p=eAFVkMuOk1AAhlMn6gTHaLpwTJddNHGSAwfawlBDJtymRSq0QJvJbMgp50CZduAUTlvjoi_hbeUruPABXPsCvoMP4cJ4SYzf6k--xZ98nHv8_dPXb_eaD_VoPrFcx72Clh20G-LgydXLm50x9eElH4x47O0AK29yPXjQg7wi81JX5eH1ndBYHOt2NLIDJ2yecvcxqVespM2TmRfYpj_0nGvban1scMe_TIxY2uTQLXpdFnxS3rae1guwLfI0JxjUBFXJElCUESC275IinoVnar0AuxyTEtCqxNuEgaRcr0nC8rIAf89AgipcA4rygpEKJGXBSMGkZ3PHsv14EvjWzIxi0x-PbTNyfC-Mw4keuGM7tuzQjfxJ-4JrwMfv33358eaz1TpFW1aCmqJqtSZgWSPACKvyuv2oCyHsK32lB6EoQVk6moXW4MicmGdu87ll6Ca9dICiH4zNHzL9YEw3ql9O9f85GNnBmB4M_ffIWidmZr8a6nYmoj2RPjS4t40lY7QeCMJ-v-f_BRMyKqC9gAUDWp47ioaqd0FxXOGYrpe40lhnWaM4qeIca7CzybEmKiqEfVlS5U5daSKQQEoS2BVhD8ipKIKe1JPAeaqoQOyniEjnqpzKcifXEK07qCKp1p-vXsyjzZQmPwEZJK3X&v=c1&r=https%3A%2F%2Fwww.amazon.com%2Fgp%2Faw%2Fd%2FB0DNKHTG9N%3Fpd_rd_plhdr%3Dt%26hsa_cr_id%3D0%26qid%3D1790056296%26sr%3D1-2-fec03104-6f11-4242-8f79-15fae2896f66%26i%3Daps%26aref%3D5VkJVTqQpc&pd_rd_i=B0DNKHTG9N&ref_=sbx_be_s_sparkle_ssd_img&qid=&pd_rd_w=nQQh0&content-id=amzn1.sym.22e060df-ce87-467b-805a-61b8bd37fbe9%3Aamzn1.sym.22e060df-ce87-467b-805a-61b8bd37fbe9&pf_rd_p=22e060df-ce87-467b-805a-61b8bd37fbe9&pf_rd_r=CCE3XJYA9P865W86FQ55&pd_rd_wg=O1h6V&pd_rd_r=9d4f571a-0358-49eb-9a67-8427e62c08e5,"https://m.media-amazon.com/images/I/41+BoOCIiqL._AC_SR250,250_QL65_.jpg",45,排名靠前。
2026-09-22,amazon_us,product,search,platform sandals women,3,4.0,,,4.0,,,,,,https://sponsored-ads.amazon.com/clk/?_encoding=UTF8&p=eAFVkEtu00AAhhUqoDJFoCwoyjKLSFQae-wkdh1kVX6lNQlxYjuhdGNNPGPHTWpPPJMEscgleK24AgsOwJoLcAcOwQLxkBDf6pe-xS99wuDw-6ev3-7U75vRbOwMvMEldNygWZN7jy6fX2-tiQ_7YnAh4tEW8PI6N4N7HShqqqi0dRFe3Qqt-aHpRhdu4IX1Y-EuJmzJS1o_mo4C1_bPR96V6zQ-1oTDXyZGPK0L6Aa9LgsxKW8aj9kcbIo8zQkGjKAqWQCKMgLk5m1SxNPwRGdzsM0xKQGtSrxJOEjK1YokPC8L8PcMJKjCDFCUF5xUICkLTgquPJl5juvH48B3pnYU2_5w6NqR54_COBybwWDoxo4bDiJ_3DwTavDh-3dffrz57DSO0YaXgFFULVcELBgCnPAqZ80HbQhhV-tqHQhlBarKwTR0egf22D4Z1J86lmnTvgc0c2-t_5CZe2uy1v1yYv7P3sr21mRvmb9H1jiyM_fVuelmMtoR5UNNeFtbcE5ZT5J2u534L5iUUQntJCxZsP8ieqk6mnZGcVzhmK4WuDJ4a8FQnFRxjg3YWufYkDUdwq6q6GqLVYYM2iAlCWzLsAPUVJZBR-ko4DTVdCB3U0SUU11NVbWVG4iyFqpIanRny2ezaD2hyU8Q163D&v=c1&r=https%3A%2F%2Fwww.amazon.com%2Fgp%2Faw%2Fd%2FB0FWTY6D77%3Fpd_rd_plhdr%3Dt%26hsa_cr_id%3D0%26qid%3D1790056296%26sr%3D1-3-fec03104-6f11-4242-8f79-15fae2896f66%26i%3Daps%26aref%3D5VkJVTqQpc&pd_rd_i=B0FWTY6D77&ref_=sbx_be_s_sparkle_ssd_img&qid=&pd_rd_w=nQQh0&content-id=amzn1.sym.22e060df-ce87-467b-805a-61b8bd37fbe9%3Aamzn1.sym.22e060df-ce87-467b-805a-61b8bd37fbe9&pf_rd_p=22e060df-ce87-467b-805a-61b8bd37fbe9&pf_rd_r=CCE3XJYA9P865W86FQ55&pd_rd_wg=O1h6V&pd_rd_r=9d4f571a-0358-49eb-9a67-8427e62c08e5,"https://m.media-amazon.com/images/I/51hzokf1usL._AC_SR250,250_QL65_.jpg",45,排名靠前。
2026-09-22,amazon_us,product,search,platform sandals women,4,4.2,,,4.2,,,,,,https://sponsored-ads.amazon.com/clk/?_encoding=UTF8&p=eAFVkEtu00AAhhUqoDJFoCwoyjKLSFQae-w4dh1kVX61NQ5xYidR1Y018YwdN6k98UwSxCKX4LXiCiw4AGsuwB04BAvEQ0J8q1_6Fr_0CcHh909fv91rPrQms5Eb-MEVdL2o3ZD7T65e3mztcQjPxehSxMMt4NVNYUUPVCjqmqh0DRFe34nt-aHlTS69yI-bx8J9TNiSV7R5NB1GnhNeDP1rz219bAiHv0yCeNYU0C16XZViWt22nrI52JRFVhAMGEF1ugAU5QTI7bukTKbxicHmYFtgUgFaV3iTcpBWqxVJeVGV4O8ZSFGNGaCoKDmpQVqVnJRceTbzXS9MRlHoTp1J4oSDgedM_HAYJ_HIioKBl7heHEzCUftMaMDH7999-fHms9s6RhteAUZRvVwRsGAIcMLrgrUfdSGEPb2nqxDKCtSUg2ns9g-ckXMSNJ-7tuXQcx_o1t5e_yG39vZ4bYTV2PqfvZ3v7fHetn6PvHXk5N6rC8vLZbQjyoeG8Lax4JyyviTtdjvxXzAppxLaSViyoRt1h2qsds8oTmqc0NUC1ybvLBhK0jopsAk76wKbsm5A2NMUQ-uw2pSBDDKSwq4MVaBlsgxURVXAaaYbQO5liCinhpZpWqcwEWUdVJPM7M2WL2aT9ZimPwH8bK2U&v=c1&r=https%3A%2F%2Fwww.amazon.com%2Fgp%2Faw%2Fd%2FB0DR3N4S43%3Fpd_rd_plhdr%3Dt%26hsa_cr_id%3D0%26qid%3D1790056296%26sr%3D1-1-fec03104-6f11-4242-8f79-15fae2896f66%26i%3Daps%26aref%3D5VkJVTqQpc&pd_rd_i=B0DR3N4S43&ref_=sbx_be_s_sparkle_ssd_img&qid=&pd_rd_w=nQQh0&content-id=amzn1.sym.22e060df-ce87-467b-805a-61b8bd37fbe9%3Aamzn1.sym.22e060df-ce87-467b-805a-61b8bd37fbe9&pf_rd_p=22e060df-ce87-467b-805a-61b8bd37fbe9&pf_rd_r=CCE3XJYA9P865W86FQ55&pd_rd_wg=O1h6V&pd_rd_r=9d4f571a-0358-49eb-9a67-8427e62c08e5,"https://m.media-amazon.com/images/I/41HDyol2hqL._AC_SR250,250_QL65_.jpg",45,排名靠前。
2026-09-22,amazon_us,product,search,platform sandals women,5,4.3,,,4.3,,,,,,https://sponsored-ads.amazon.com/clk/?_encoding=UTF8&p=eAFVkMuOk1AAhlMn6gTHaLpwTJddNHGSAwfawlBDJtymRSq0QJvJbMgp50CZduAUTlvjoi_hbeUruPABXPsCvoMP4cJ4SYzf6k--xZ98nHv8_dPXb_eaD_VoPrFcx72Clh20G-LgydXLm50x9eElH4x47O0AK29yPXjQg7wi81JX5eH1ndBYHOt2NLIDJ2yecvcxqVespM2TmRfYpj_0nGvban1scMe_TIxY2uTQLXpdFnxS3rae1guwLfI0JxjUBFXJElCUESC275IinoVnar0AuxyTEtCqxNuEgaRcr0nC8rIAf89AgipcA4rygpEKJGXBSMGkZ3PHsv14EvjWzIxi0x-PbTNyfC-Mw4keuGM7tuzQjfxJ-4JrwMfv33358eaz1TpFW1aCmqJqtSZgWSPACKvyuv2oCyHsK32lB6EoQVk6moXW4MicmGdu87ll6Ca9dICiH4zNHzL9YEw3ql9O9f85GNnBmB4M_ffIWidmZr8a6nYmoj2RPjS4t40lY7QeCMJ-v-f_BRMyKqC9gAUDWp47ioaqd0FxXOGYrpe40lhnWaM4qeIca7CzybEmKiqEfVlS5U5daSKQQEoS2BVhD8ipKIKe1JPAeaqoQOyniEjnqpzKcifXEK07qCKp1p-vXsyjzZQmPwEZJK3X&v=c1&r=https%3A%2F%2Fwww.amazon.com%2Fgp%2Faw%2Fd%2FB0DNKHTG9N%3Fpd_rd_plhdr%3Dt%26hsa_cr_id%3D0%26qid%3D1790056296%26sr%3D1-2-fec03104-6f11-4242-8f79-15fae2896f66%26i%3Daps%26aref%3D5VkJVTqQpc&pd_rd_i=B0DNKHTG9N&ref_=sbx_be_s_sparkle_ssd_img&qid=&pd_rd_w=nQQh0&content-id=amzn1.sym.22e060df-ce87-467b-805a-61b8bd37fbe9%3Aamzn1.sym.22e060df-ce87-467b-805a-61b8bd37fbe9&pf_rd_p=22e060df-ce87-467b-805a-61b8bd37fbe9&pf_rd_r=CCE3XJYA9P865W86FQ55&pd_rd_wg=O1h6V&pd_rd_r=9d4f571a-0358-49eb-9a67-8427e62c08e5,"https://m.media-amazon.com/images/I/41+BoOCIiqL._AC_SR250,250_QL65_.jpg",45,排名靠前。
2026-09-22,amazon_us,product,search,platform sandals women,6,4.0,,,4.0,,,,,,https://sponsored-ads.amazon.com/clk/?_encoding=UTF8&p=eAFVkEtu00AAhhUqoDJFoCwoyjKLSFQae-wkdh1kVX6lNQlxYjuhdGNNPGPHTWpPPJMEscgleK24AgsOwJoLcAcOwQLxkBDf6pe-xS99wuDw-6ev3-7U75vRbOwMvMEldNygWZN7jy6fX2-tiQ_7YnAh4tEW8PI6N4N7HShqqqi0dRFe3Qqt-aHpRhdu4IX1Y-EuJmzJS1o_mo4C1_bPR96V6zQ-1oTDXyZGPK0L6Aa9LgsxKW8aj9kcbIo8zQkGjKAqWQCKMgLk5m1SxNPwRGdzsM0xKQGtSrxJOEjK1YokPC8L8PcMJKjCDFCUF5xUICkLTgquPJl5juvH48B3pnYU2_5w6NqR54_COBybwWDoxo4bDiJ_3DwTavDh-3dffrz57DSO0YaXgFFULVcELBgCnPAqZ80HbQhhV-tqHQhlBarKwTR0egf22D4Z1J86lmnTvgc0c2-t_5CZe2uy1v1yYv7P3sr21mRvmb9H1jiyM_fVuelmMtoR5UNNeFtbcE5ZT5J2u534L5iUUQntJCxZsP8ieqk6mnZGcVzhmK4WuDJ4a8FQnFRxjg3YWufYkDUdwq6q6GqLVYYM2iAlCWzLsAPUVJZBR-ko4DTVdCB3U0SUU11NVbWVG4iyFqpIanRny2ezaD2hyU8Q163D&v=c1&r=https%3A%2F%2Fwww.amazon.com%2Fgp%2Faw%2Fd%2FB0FWTY6D77%3Fpd_rd_plhdr%3Dt%26hsa_cr_id%3D0%26qid%3D1790056296%26sr%3D1-3-fec03104-6f11-4242-8f79-15fae2896f66%26i%3Daps%26aref%3D5VkJVTqQpc&pd_rd_i=B0FWTY6D77&ref_=sbx_be_s_sparkle_ssd_img&qid=&pd_rd_w=nQQh0&content-id=amzn1.sym.22e060df-ce87-467b-805a-61b8bd37fbe9%3Aamzn1.sym.22e060df-ce87-467b-805a-61b8bd37fbe9&pf_rd_p=22e060df-ce87-467b-805a-61b8bd37fbe9&pf_rd_r=CCE3XJYA9P865W86FQ55&pd_rd_wg=O1h6V&pd_rd_r=9d4f571a-0358-49eb-9a67-8427e62c08e5,"https://m.media-amazon.com/images/I/51hzokf1usL._AC_SR250,250_QL65_.jpg",45,排名靠前。
2026-09-22,amazon_us,product,search,platform sandals women,22,BORN Women's Iwa Sandals BORN Women's Iwa Sandals,¥935.64,4.5,4.5,,,,,,https://sponsored-ads.amazon.com/clk/?_encoding=UTF8&p=eAFVUMuq00AYph7UQzxe6OIIdVexi8K0k7RJmkqQ3DyG1t7SFk83wzQzudA0mWbSCy668BkEdy5diuAjuPEFfAfXPoFgj4jf6oPv8v98gn_-8_P3H3fK943pfGT33N4baDuTakmsXwY0jQ9otuMRDxQ8G6_DqWKz7iVp7QrmbROrQTtgZSxX14d0Pp7ca8OGqjSkltaAi1ueuTw3nOkrZ-J65cfCXUL5qshY-WI2mDjW8GrgLhy78rUkPL1REKc49yPEaO5nCS4oitMkTilaFkFZwGv8NksbfrauPOFL4CeY89gHpww4OQETq7dpimZeXeZLUER0TQnwsyShfhFnKdhJ4OYY8HFOOGA4TguaAz9LC5oW0jNzYgxsZA37fceausOBh9xB3x04qO_OHWQ7Xm86HFUVoQQfffr17svHb3blwd_K0xPVhxKEUJPVjiJ3oKKK0tnMs7tn1siq98rPbdOw2EsXqMbR3JwQGkdzvNGG2dj4H0czPJrjo2n8IWHlwgqdw5XhhCLeU-lDSXhfioqC8W6zud_vG_8maoasifdN0jShOp_3x16_84IRlBPEkojkelGLOEZ-jmKiw9omJrqoahDKiqQpNZ7rIpCBjGVZkQINBCQgoC1CEWiBRgBRFYw1Teu0W1It1jHjNZzTQJcXkG63r3kOfwNrAb2D&v=c1&r=https%3A%2F%2Fwww.amazon.com%2Fgp%2Faw%2Fd%2FB07VVLQSL8%3Fpd_rd_plhdr%3Dt%26hsa_cr_id%3D0%26qid%3D1790056296%26sr%3D1-5-5a5562f9-fdfd-4101-9f9d-d76aa9998432%26i%3Daps%26aref%3D5Z0euuMsr0&ref_=sbx__sbtcd2_asin_4_bkgd&pd_rd_w=yeayo&content-id=amzn1.sym.90f77631-9599-4fe0-95f8-a40adfe1c762%3Aamzn1.sym.90f77631-9599-4fe0-95f8-a40adfe1c762&pf_rd_p=90f77631-9599-4fe0-95f8-a40adfe1c762&pf_rd_r=CCE3XJYA9P865W86FQ55&pd_rd_wg=MXrOM&pd_rd_r=48d7bf3a-6f0e-46c2-9fba-bb83ffdfd39b,"https://m.media-amazon.com/images/I/51z79AQcE8L._AC_SR322,134_CB1169409_QL70_.jpg",45,排名进入前30；价格高于人民币等值¥288.00；评分达到4.3以上。
2026-09-22,amazon_us,product,search,platform sandals women,24,KEEN Women's Newport H2 Closed Toe Water Sandals KEEN Women's Newport H2 Closed Toe Water Sandals,¥935.64,4.4,4.4,,,,,,https://sponsored-ads.amazon.com/clk/?_encoding=UTF8&p=eAFVUMuq00AYph7UQzxe6OIIdVexi8Ikk7RJmkqR3DyG1rRN2uLpZphmJmlomqSZ9IKLLnwGwZ1LlyL4CG58Ad_BtU8g2CPit_rgu_w_Hxec__z8_ced6n19MhtZfaf_Blq2V6-IzcuQpvEBTXdsyUIFT8fraKJYefeStHZl7m8Tk6cdsNIXq-tDOht799qQVxVeamk8nN_yjcW5bk9e2Z7jVx9zdwllqzLLqxdT17PN4ZXrzG2r9rXCPb1REKO4CJYop0WQJbikKE6TOKVoUYZVDq_x2yzlg2xde8IWIEgwY3EAThlwcoJcrN-mKZr6TZktQLmka0pAkCUJDco4S8FOAjfHQIALwkCO47SkBQiytKRpKT0zPN21kDkcDGxz4gxdHznuwHFtNHBmNrJsvz8ZjuoKV4GPPv169-XjN6v24G_l6Yn6QwlCqMlqR5E7UFFF6WzqW90zc2Q2-9XnlqGb-UsHqPrR2JwQ6UdjvNGG2Vj_H0cjOhrjo6H_IVHtwozsw5VuRyLeU-lDhXtfWZZlzrqCsN_v-X8TCVEu4L1ABAMa0mjmTSzpRU5QQVCeLEnRKxtLhlFQoJj0YGMTk56oahDKiqQpDVb0RKACGcuyIoUaCElIQFuEItBCjQCiKhhrmtZpt6RG3MM5a-CChj15Dul2-5oV8DddCb1k&v=c1&r=https%3A%2F%2Fwww.amazon.com%2Fgp%2Faw%2Fd%2FB0B2PVRTD2%3Fpd_rd_plhdr%3Dt%26hsa_cr_id%3D0%26qid%3D1790056296%26sr%3D1-7-5a5562f9-fdfd-4101-9f9d-d76aa9998432%26i%3Daps%26aref%3D5Z0euuMsr0&ref_=sbx__sbtcd2_asin_6_bkgd&pd_rd_w=yeayo&content-id=amzn1.sym.90f77631-9599-4fe0-95f8-a40adfe1c762%3Aamzn1.sym.90f77631-9599-4fe0-95f8-a40adfe1c762&pf_rd_p=90f77631-9599-4fe0-95f8-a40adfe1c762&pf_rd_r=CCE3XJYA9P865W86FQ55&pd_rd_wg=MXrOM&pd_rd_r=48d7bf3a-6f0e-46c2-9fba-bb83ffdfd39b,"https://m.media-amazon.com/images/I/61kPZBKlf6L._AC_SR322,134_CB1169409_QL70_.jpg",45,排名进入前30；价格高于人民币等值¥288.00；评分达到4.3以上。
2026-09-22,amazon_us,product,search,platform sandals women,25,Steve Madden Women's Trella Steve Madden Women's Trella,¥230.26,3.8,3.8,,,,,,https://sponsored-ads.amazon.com/clk/?_encoding=UTF8&p=eAFVUMuq00AYph7UQzxe6OIIdVexi8I0k7RJmkqR3OyJrb2lLcduhmlmkoamSZqZXnDRhc8guHPpUgQfwY0v4Du49gkEe0T8Vh98l__nE_zzn5-__7hTvG9MZkO763avoe2MywWpehnQJDqg6Y4tWaDi6WgdTlQ7a12S-o5n3ja2arQJVsZi9eaQzEbjew1Y09SaXNdrcH7LMxfnhjO5csauV3ws3CWUrXiaFS-m_bFjDTp9d-7Ypa8F4emNghjFub9EGc39NMacoiiJo4SiBQ-KAl7jt2lS89N16QlbAD_GjEU-OGXAyQkyqXybJmjqVRW2AHxJ15QAP41j6vMoTcBOBjfHgI9zwkCGo4TTHPhpwmnC5Wfm2OjbyBr0eo41cQd9D7n9ntt3UM-dOch2vO5kMCyrQgE--vTr3ZeP3-zSg7-VpyfKD2UIoa5oTVVpQlWT5LOpZ7fOrKFV7Raf26ZhZS9doBlHc3NCaBzN0UYfpCPjfxzN8GiOjqbxh4SlCyt0Dh3DCSW8p_KHgvC-sOQ8Yy1R3O_3tX8TiWEm4r1IRBN2XnVU6ap5_SIjKCcoi5ckb_PKkmHk5ygibVjZRKQtaTqEiirraoXlbQk0gYIVRZUDHQQkIKAhQQnogU4A0VSMdV1vNupyJWrjjFVwToO2Mod0u33NcvgbT7C9Rg&v=c1&r=https%3A%2F%2Fwww.amazon.com%2Fgp%2Faw%2Fd%2FB0GJG61H8X%3Fpd_rd_plhdr%3Dt%26hsa_cr_id%3D0%26qid%3D1790056296%26sr%3D1-8-5a5562f9-fdfd-4101-9f9d-d76aa9998432%26i%3Daps%26aref%3D5Z0euuMsr0&ref_=sbx__sbtcd2_asin_7_bkgd&pd_rd_w=yeayo&content-id=amzn1.sym.90f77631-9599-4fe0-95f8-a40adfe1c762%3Aamzn1.sym.90f77631-9599-4fe0-95f8-a40adfe1c762&pf_rd_p=90f77631-9599-4fe0-95f8-a40adfe1c762&pf_rd_r=CCE3XJYA9P865W86FQ55&pd_rd_wg=MXrOM&pd_rd_r=48d7bf3a-6f0e-46c2-9fba-bb83ffdfd39b,"https://m.media-amazon.com/images/I/61uy7PKiFoL._AC_SR322,134_CB1169409_QL70_.jpg",45,排名进入前30；价格处于人民币等值¥180.00-¥288.00区间。
2026-09-22,amazon_us,product,search,platform sandals women,26,REEF,¥360.94,4.3,REEF,,,,,,https://www.amazon.com/REEF-Womens-Sandals-Cushion-Leopard/dp/B0FGKSYS9T/ref=sr_1_12?dib=eyJ2IjoiMSJ9.-sztLUvFGvhR_ekbbj8Xky_JQwtUkG3xFMXqzf-jACXFLhY_JXg3c45ewpyuQHwiLVAObzNwTNM9NHiQyyG9fcEawl468fLNoBp33vjloCejXp8SyQFe5zVSN19LTM18tYGnHrXb6beQqcGR2SJIGBZB0O2SG7NfbHwutg3EbDJduA84AAJMuCDYxE1ajggjdhJPAVpbxKChdAeMXLVnyPgZk832z6NeSYtuvYyEQoa-WHYKk4m3MzPpKpnxalWAzyES4Y2bKnPobatj7mP-1LOxLiY0jm_ivHFMne0ksQk.dAJ7Yy2SgWDAOaOsiASC4dLXmU7aZ1NCS7Tg70yVpYU&dib_tag=se&keywords=platform+sandals+women&qid=1790056296&sr=8-12,https://m.media-amazon.com/images/I/61DRcyLcgCL._AC_UL320_.jpg,45,排名进入前30；价格高于人民币等值¥288.00；评分达到4.3以上。
2026-09-22,amazon_us,product,search,platform sandals women,28,HEYDUDE,¥395.64,4.4,HEYDUDE,,,,,,https://www.amazon.com/HEYDUDE-Womens-Austin-Classic-Cognac/dp/B0F7NWHTF1/ref=sr_1_14?dib=eyJ2IjoiMSJ9.-sztLUvFGvhR_ekbbj8Xky_JQwtUkG3xFMXqzf-jACXFLhY_JXg3c45ewpyuQHwiLVAObzNwTNM9NHiQyyG9fcEawl468fLNoBp33vjloCejXp8SyQFe5zVSN19LTM18tYGnHrXb6beQqcGR2SJIGBZB0O2SG7NfbHwutg3EbDJduA84AAJMuCDYxE1ajggjdhJPAVpbxKChdAeMXLVnyPgZk832z6NeSYtuvYyEQoa-WHYKk4m3MzPpKpnxalWAzyES4Y2bKnPobatj7mP-1LOxLiY0jm_ivHFMne0ksQk.dAJ7Yy2SgWDAOaOsiASC4dLXmU7aZ1NCS7Tg70yVpYU&dib_tag=se&keywords=platform+sandals+women&qid=1790056296&sr=8-14,https://m.media-amazon.com/images/I/71+OUCJdJzL._AC_UL320_.jpg,45,排名进入前30；价格高于人民币等值¥288.00；评分达到4.3以上。
2026-09-22,amazon_us,product,new_releases,New Releases Women Sandals,16,"DREAM PAIRS Women's Chunky Low Heel Thong Sandals | Square Open Toe Slip On, Flip Flop Summer Heels, Comfortable Elgeant Going Out Sandals, Causal for Travel Daily Party Events",,3.9,$24.99,,,,,,https://www.amazon.com/DREAM-PAIRS-Womens-Chunky-Sandals/dp/B0H4FNT36P/ref=zg_bsnr_g_679425011_d_sccl_16/144-1060190-2868101?psc=1,"https://images-na.ssl-images-amazon.com/images/I/61B769rYVcL._AC_UL600_SR600,400_.jpg",44,排名进入前30；标题包含 comfort、summer，符合美国女鞋舒适化趋势。
2026-09-22,amazon_us,product,search,women summer slippers,35,Women and Men Linen House Slippers Indoor,¥100.73,4.1,100+ bought in past month,,,,,,https://www.amazon.com/EitCaton-Slippers-Non-Slip-Open-Toe-Washable/dp/B0DVR24MMK/ref=sr_1_29?dib=eyJ2IjoiMSJ9.wQE1IQn9JtlrMDDR9TavgqOSlL2Sb0ZOxmvm80WeypBzEpPIWqqGZAR4mmkjx59wwDtwCQ4pypOsoH1AKuD4qEgdPm_TQrVCxz7Vsnw8hWavCcZiENEiHJobNCOokJ4YOvwjcwvJXcyhzTBXsDIBttbNJMHNxNF2AkPpRHBhT3ceHRqlr9_cm4apxKNsjJvxSU2iGYs8WKACEEGS_HY1CR41r_ffTh_7mNtYgOnNUHuymz5gm3kHZhHFiAqW6drESh3xCPvGsuYicJPb1h3osvpNI9VuDM7abfS6vBUjqSA.6yntjgzet8zdiQrrvVCmbrBnJ8zN8WJEGKvt0AFpf0s&dib_tag=se&keywords=women+summer+slippers&qid=1790056295&sr=8-29,https://m.media-amazon.com/images/I/81HinGlzSrL._AC_UL320_.jpg,44,排名进入前50；评论数达到50以上；价格处于人民币等值¥57.60-¥180.00黄金区间；评分达到4.0以上。
2026-09-22,amazon_us,product,best_sellers,Best Sellers Women Sandals,23,Susanny High Heels for Women Pointed Open Toe Strappy Chunky Block Heels Ankle Strap Stiletto Kitten Heeled Sandals Wedding Bridal Party Prom Sexy Dress Shoes,,4.3,$33.91,,,,,,https://www.amazon.com/Susanny-Pointed-Strappy-Stiletto-Sandals/dp/B0DSVWD76J/ref=zg_bs_g_679425011_d_sccl_23/133-1338554-2740064?psc=1,"https://images-na.ssl-images-amazon.com/images/I/71xlGjMZFaL._AC_UL600_SR600,400_.jpg",42,排名进入前30；评分达到4.3以上。
2026-09-22,amazon_us,product,best_sellers,Best Sellers Women Sandals,29,IDIFU Women's Cookie-LO Low Block Heels Chunky Sandals Ankle Strap Wedding Dress Pump Shoes,,4.3,$28.49,,,,,,https://www.amazon.com/IDIFU-Womens-Cookie-LO-Ankle-Sandal/dp/B07CVSC8NN/ref=zg_bs_g_679425011_d_sccl_29/133-1338554-2740064?psc=1,"https://images-na.ssl-images-amazon.com/images/I/710+HIt2AHL._AC_UL600_SR600,400_.jpg",42,排名进入前30；评分达到4.3以上。
2026-09-22,amazon_us,product,new_releases,New Releases Women Sandals,17,"Goderci Womens Kitten Heel Sandals Square Open Toe Stiletto Heels | 3.15 Inch Heel, Ankle Strap Buckle, Sexy Dressy Shoes, for Wedding, Bridal, Party, Prom, Daily",,4.4,$23.99,,,,,,https://www.amazon.com/Goderci-Womens-Kitten-Sandals-Stiletto/dp/B0GT4KCQDW/ref=zg_bsnr_g_679425011_d_sccl_17/144-1060190-2868101?psc=1,"https://images-na.ssl-images-amazon.com/images/I/71VMLF8wZuL._AC_UL600_SR600,400_.jpg",42,排名进入前30；评分达到4.3以上。
2026-09-22,amazon_us,product,new_releases,New Releases Women Sandals,23,Mostrin Chunky Heels for Women Round Open Toe Strappy Heeled Sandals Ankle Strap Dressy Block Low Heels for Party Wedding Prom Daily,,4.3,31,,,,,,https://www.amazon.com/Mostrin-Chunky-Strappy-Sandals-Wedding/dp/B0H36X5QTL/ref=zg_bsnr_g_679425011_d_sccl_23/144-1060190-2868101?psc=1,"https://images-na.ssl-images-amazon.com/images/I/61anNXDNT1L._AC_UL600_SR600,400_.jpg",42,排名进入前30；评分达到4.3以上。
2026-09-22,amazon_us,product,search,women summer slippers,33,KuaiLu,¥100.73,4.3,KuaiLu,,,,,,https://www.amazon.com/KuaiLu-Support-Comfortable-Walking-Sandals/dp/B0C5ZZ51RT/ref=sr_1_27?dib=eyJ2IjoiMSJ9.wQE1IQn9JtlrMDDR9TavgqOSlL2Sb0ZOxmvm80WeypBzEpPIWqqGZAR4mmkjx59wwDtwCQ4pypOsoH1AKuD4qEgdPm_TQrVCxz7Vsnw8hWavCcZiENEiHJobNCOokJ4YOvwjcwvJXcyhzTBXsDIBttbNJMHNxNF2AkPpRHBhT3ceHRqlr9_cm4apxKNsjJvxSU2iGYs8WKACEEGS_HY1CR41r_ffTh_7mNtYgOnNUHuymz5gm3kHZhHFiAqW6drESh3xCPvGsuYicJPb1h3osvpNI9VuDM7abfS6vBUjqSA.6yntjgzet8zdiQrrvVCmbrBnJ8zN8WJEGKvt0AFpf0s&dib_tag=se&keywords=women+summer+slippers&qid=1790056295&sr=8-27,https://m.media-amazon.com/images/I/710PdcSAm6L._AC_UL320_.jpg,42,排名进入前50；价格处于人民币等值¥57.60-¥180.00黄金区间；评分达到4.3以上。
2026-09-22,amazon_us,product,search,women summer slippers,42,EverFoams,¥116.06,4.5,EverFoams,,,,,,https://www.amazon.com/EverFoams-Womens-Wool-Like-Slippers-Outdoor/dp/B0BYNYSHZD/ref=sr_1_36?dib=eyJ2IjoiMSJ9.wQE1IQn9JtlrMDDR9TavgqOSlL2Sb0ZOxmvm80WeypBzEpPIWqqGZAR4mmkjx59wwDtwCQ4pypOsoH1AKuD4qEgdPm_TQrVCxz7Vsnw8hWavCcZiENEiHJobNCOokJ4YOvwjcwvJXcyhzTBXsDIBttbNJMHNxNF2AkPpRHBhT3ceHRqlr9_cm4apxKNsjJvxSU2iGYs8WKACEEGS_HY1CR41r_ffTh_7mNtYgOnNUHuymz5gm3kHZhHFiAqW6drESh3xCPvGsuYicJPb1h3osvpNI9VuDM7abfS6vBUjqSA.6yntjgzet8zdiQrrvVCmbrBnJ8zN8WJEGKvt0AFpf0s&dib_tag=se&keywords=women+summer+slippers&qid=1790056295&sr=8-36,https://m.media-amazon.com/images/I/71yhTG8TNrL._AC_UL320_.jpg,42,排名进入前50；价格处于人民币等值¥57.60-¥180.00黄金区间；评分达到4.3以上。
2026-09-22,amazon_us,product,search,women summer slippers,43,EverFoams,¥86.26,4.3,EverFoams,,,,,,https://www.amazon.com/EverFoams-Slippers-Outdoor-Outsole-Vanilla/dp/B0DPZPQ4JW/ref=sr_1_37?dib=eyJ2IjoiMSJ9.wQE1IQn9JtlrMDDR9TavgqOSlL2Sb0ZOxmvm80WeypBzEpPIWqqGZAR4mmkjx59wwDtwCQ4pypOsoH1AKuD4qEgdPm_TQrVCxz7Vsnw8hWavCcZiENEiHJobNCOokJ4YOvwjcwvJXcyhzTBXsDIBttbNJMHNxNF2AkPpRHBhT3ceHRqlr9_cm4apxKNsjJvxSU2iGYs8WKACEEGS_HY1CR41r_ffTh_7mNtYgOnNUHuymz5gm3kHZhHFiAqW6drESh3xCPvGsuYicJPb1h3osvpNI9VuDM7abfS6vBUjqSA.6yntjgzet8zdiQrrvVCmbrBnJ8zN8WJEGKvt0AFpf0s&dib_tag=se&keywords=women+summer+slippers&qid=1790056295&sr=8-37,https://m.media-amazon.com/images/I/61-syU96aOL._AC_UL320_.jpg,42,排名进入前50；价格处于人民币等值¥57.60-¥180.00黄金区间；评分达到4.3以上。
2026-09-22,amazon_us,product,search,women summer slippers,44,KIDMI,¥151.13,4.4,KIDMI,,,,,,https://www.amazon.com/KIDMI-Womens-Comfortable-Walking-Sandals/dp/B0FC28GT31/ref=sr_1_38?dib=eyJ2IjoiMSJ9.wQE1IQn9JtlrMDDR9TavgqOSlL2Sb0ZOxmvm80WeypBzEpPIWqqGZAR4mmkjx59wwDtwCQ4pypOsoH1AKuD4qEgdPm_TQrVCxz7Vsnw8hWavCcZiENEiHJobNCOokJ4YOvwjcwvJXcyhzTBXsDIBttbNJMHNxNF2AkPpRHBhT3ceHRqlr9_cm4apxKNsjJvxSU2iGYs8WKACEEGS_HY1CR41r_ffTh_7mNtYgOnNUHuymz5gm3kHZhHFiAqW6drESh3xCPvGsuYicJPb1h3osvpNI9VuDM7abfS6vBUjqSA.6yntjgzet8zdiQrrvVCmbrBnJ8zN8WJEGKvt0AFpf0s&dib_tag=se&keywords=women+summer+slippers&qid=1790056295&sr=8-38,https://m.media-amazon.com/images/I/71xyikXkd0L._AC_UL320_.jpg,42,排名进入前50；价格处于人民币等值¥57.60-¥180.00黄金区间；评分达到4.3以上。
2026-09-22,amazon_us,product,search,women summer slippers,47,ATHMILE,¥122.33,4.5,ATHMILE,,,,,,https://www.amazon.com/ATHMILE-Slippers-Barefoot-Bedroom-8-5-9-5/dp/B0CXDKD35S/ref=sr_1_41?dib=eyJ2IjoiMSJ9.wQE1IQn9JtlrMDDR9TavgqOSlL2Sb0ZOxmvm80WeypBzEpPIWqqGZAR4mmkjx59wwDtwCQ4pypOsoH1AKuD4qEgdPm_TQrVCxz7Vsnw8hWavCcZiENEiHJobNCOokJ4YOvwjcwvJXcyhzTBXsDIBttbNJMHNxNF2AkPpRHBhT3ceHRqlr9_cm4apxKNsjJvxSU2iGYs8WKACEEGS_HY1CR41r_ffTh_7mNtYgOnNUHuymz5gm3kHZhHFiAqW6drESh3xCPvGsuYicJPb1h3osvpNI9VuDM7abfS6vBUjqSA.6yntjgzet8zdiQrrvVCmbrBnJ8zN8WJEGKvt0AFpf0s&dib_tag=se&keywords=women+summer+slippers&qid=1790056295&sr=8-41,https://m.media-amazon.com/images/I/71pjxDZzLbL._AC_UL320_.jpg,42,排名进入前50；价格处于人民币等值¥57.60-¥180.00黄金区间；评分达到4.3以上。
2026-09-22,amazon_us,product,search,women summer slippers,48,HomeTop,¥122.33,4.4,HomeTop,,,,,,https://www.amazon.com/Womens-Comfort-Cotton-Slippers-Anti-Skid/dp/B07J5QBSWK/ref=sr_1_42?dib=eyJ2IjoiMSJ9.wQE1IQn9JtlrMDDR9TavgqOSlL2Sb0ZOxmvm80WeypBzEpPIWqqGZAR4mmkjx59wwDtwCQ4pypOsoH1AKuD4qEgdPm_TQrVCxz7Vsnw8hWavCcZiENEiHJobNCOokJ4YOvwjcwvJXcyhzTBXsDIBttbNJMHNxNF2AkPpRHBhT3ceHRqlr9_cm4apxKNsjJvxSU2iGYs8WKACEEGS_HY1CR41r_ffTh_7mNtYgOnNUHuymz5gm3kHZhHFiAqW6drESh3xCPvGsuYicJPb1h3osvpNI9VuDM7abfS6vBUjqSA.6yntjgzet8zdiQrrvVCmbrBnJ8zN8WJEGKvt0AFpf0s&dib_tag=se&keywords=women+summer+slippers&qid=1790056295&sr=8-42,https://m.media-amazon.com/images/I/71h+wvVaLcL._AC_UL320_.jpg,42,排名进入前50；价格处于人民币等值¥57.60-¥180.00黄金区间；评分达到4.3以上。
2026-09-22,amazon_us,product,search,women summer slippers,49,isotoner,¥139.39,4.4,isotoner,,,,,,https://www.amazon.com/isotoner-Ballerina-Slipper-Quilted-Periwinkle/dp/B07W7W26CG/ref=sr_1_43?dib=eyJ2IjoiMSJ9.wQE1IQn9JtlrMDDR9TavgqOSlL2Sb0ZOxmvm80WeypBzEpPIWqqGZAR4mmkjx59wwDtwCQ4pypOsoH1AKuD4qEgdPm_TQrVCxz7Vsnw8hWavCcZiENEiHJobNCOokJ4YOvwjcwvJXcyhzTBXsDIBttbNJMHNxNF2AkPpRHBhT3ceHRqlr9_cm4apxKNsjJvxSU2iGYs8WKACEEGS_HY1CR41r_ffTh_7mNtYgOnNUHuymz5gm3kHZhHFiAqW6drESh3xCPvGsuYicJPb1h3osvpNI9VuDM7abfS6vBUjqSA.6yntjgzet8zdiQrrvVCmbrBnJ8zN8WJEGKvt0AFpf0s&dib_tag=se&keywords=women+summer+slippers&qid=1790056295&sr=8-43,https://m.media-amazon.com/images/I/71By5NlPHFL._AC_UL320_.jpg,42,排名进入前50；价格处于人民币等值¥57.60-¥180.00黄金区间；评分达到4.3以上。
2026-09-22,amazon_us,product,search,women summer slippers,50,HUXMEYSON,¥84.17,4.4,HUXMEYSON,,,,,,https://www.amazon.com/HUXMEYSON-Womens-Slippers-Fuzzy-House-Slippers-Cozy-Slippers-Anti-Skid/dp/B0CDBVJJY1/ref=sr_1_44?dib=eyJ2IjoiMSJ9.wQE1IQn9JtlrMDDR9TavgqOSlL2Sb0ZOxmvm80WeypBzEpPIWqqGZAR4mmkjx59wwDtwCQ4pypOsoH1AKuD4qEgdPm_TQrVCxz7Vsnw8hWavCcZiENEiHJobNCOokJ4YOvwjcwvJXcyhzTBXsDIBttbNJMHNxNF2AkPpRHBhT3ceHRqlr9_cm4apxKNsjJvxSU2iGYs8WKACEEGS_HY1CR41r_ffTh_7mNtYgOnNUHuymz5gm3kHZhHFiAqW6drESh3xCPvGsuYicJPb1h3osvpNI9VuDM7abfS6vBUjqSA.6yntjgzet8zdiQrrvVCmbrBnJ8zN8WJEGKvt0AFpf0s&dib_tag=se&keywords=women+summer+slippers&qid=1790056295&sr=8-44,https://m.media-amazon.com/images/I/71m7TkKnNuL._AC_UL320_.jpg,42,排名进入前50；价格处于人民币等值¥57.60-¥180.00黄金区间；评分达到4.3以上。
2026-09-22,amazon_us,product,search,women slides,46,Dirk,¥71.93,4.3,Dirk,,,,,,https://www.amazon.com/Dirk-Slides-Sandals-Slippers-Cushioned/dp/B0B7RLKV2S/ref=sr_1_28?dib=eyJ2IjoiMSJ9.6owUC4TDSG3NkE2e1xmDHGQF3LFLRuf9b6QFruX3rubGKDTw3AYE1VEQ5MtkUzJsaHh4IlMN2ZctBespjH9bRC-TAA4f0dwp-hT9JlRlo0GjFnqWmyp1g6tUY0FT7pSmByC7PfhDe3l64QCPqY9cqiMcFDExAAT1u8xZH5pEQijUJJUjFtOWSYWyUtqZlYwTrzlrtsZVQFgLx75M_2PlDaAL9PQbrvU0a9z6FcHD9zQzs4QQ6o27ClJ9XhEaO5rJE4mvRroBm8DMdsZYtvCgE8_uK8Z1HwylhESToovJJQg.M1MXIbcZ1-DNAWHrhnLPGJxJOJ83eduRFg7CwcuM_L8&dib_tag=se&keywords=women+slides&qid=1790056296&sr=8-28,https://m.media-amazon.com/images/I/515Hu5Wef6L._AC_UL320_.jpg,42,排名进入前50；价格处于人民币等值¥57.60-¥180.00黄金区间；评分达到4.3以上。
2026-09-22,amazon_us,product,search,women slides,49,FUNKYMONKEY,¥107.93,4.3,FUNKYMONKEY,,,,,,https://www.amazon.com/FUNKYMONKEY-Womens-Bathroom-Shower-Slippers/dp/B08GLT67WJ/ref=sr_1_31?dib=eyJ2IjoiMSJ9.6owUC4TDSG3NkE2e1xmDHGQF3LFLRuf9b6QFruX3rubGKDTw3AYE1VEQ5MtkUzJsaHh4IlMN2ZctBespjH9bRC-TAA4f0dwp-hT9JlRlo0GjFnqWmyp1g6tUY0FT7pSmByC7PfhDe3l64QCPqY9cqiMcFDExAAT1u8xZH5pEQijUJJUjFtOWSYWyUtqZlYwTrzlrtsZVQFgLx75M_2PlDaAL9PQbrvU0a9z6FcHD9zQzs4QQ6o27ClJ9XhEaO5rJE4mvRroBm8DMdsZYtvCgE8_uK8Z1HwylhESToovJJQg.M1MXIbcZ1-DNAWHrhnLPGJxJOJ83eduRFg7CwcuM_L8&dib_tag=se&keywords=women+slides&qid=1790056296&sr=8-31,https://m.media-amazon.com/images/I/61iN+-HVLUL._AC_UL320_.jpg,42,排名进入前50；价格处于人民币等值¥57.60-¥180.00黄金区间；评分达到4.3以上。
2026-09-22,amazon_us,product,search,women slides,50,RockDove,¥136.73,4.3,RockDove,,,,,,https://www.amazon.com/RockDove-Womens-Velcro-Memory-Slide/dp/B07N6GYGF2/ref=sr_1_32?dib=eyJ2IjoiMSJ9.6owUC4TDSG3NkE2e1xmDHGQF3LFLRuf9b6QFruX3rubGKDTw3AYE1VEQ5MtkUzJsaHh4IlMN2ZctBespjH9bRC-TAA4f0dwp-hT9JlRlo0GjFnqWmyp1g6tUY0FT7pSmByC7PfhDe3l64QCPqY9cqiMcFDExAAT1u8xZH5pEQijUJJUjFtOWSYWyUtqZlYwTrzlrtsZVQFgLx75M_2PlDaAL9PQbrvU0a9z6FcHD9zQzs4QQ6o27ClJ9XhEaO5rJE4mvRroBm8DMdsZYtvCgE8_uK8Z1HwylhESToovJJQg.M1MXIbcZ1-DNAWHrhnLPGJxJOJ83eduRFg7CwcuM_L8&dib_tag=se&keywords=women+slides&qid=1790056296&sr=8-32,https://m.media-amazon.com/images/I/81yJ955n5jL._AC_UL320_.jpg,42,排名进入前50；价格处于人民币等值¥57.60-¥180.00黄金区间；评分达到4.3以上。
2026-09-22,amazon_us,product,search,platform sandals women,23,Spring Step L'Artiste womens Caelana Spring Step L'Artiste womens Caelana,¥935.64,4.2,4.2,,,,,,https://sponsored-ads.amazon.com/clk/?_encoding=UTF8&p=eAFVUMuq00AYph7UQz1e6OIIdVexi8Ikk7RJm0qQ3DyG9qRN0xbtZphmJheaJmkmveCiC59BcOfSpQg-ghtfwHdw7RMI9oj4rT74Lv_PV_XPf37-_uNO7b42nY_NgT14DU1r0qgIrcuApvEBzXYsYoGMZ-46nMpm3r8k7V2Ze9vE4GgPrLTl6s0hnbuTex3IdWVObCscXNzy9OW5Zk1fWRPbqz2u3iWUrcosr13MnIlljK4ce2GZ9a-V6tMbBTGKCz9COS38LMElRXGaxClFyzKoVfEav81Szs_W9SdsCfwEMxb74JQBJyfIhcZtmqKZ15LYEpQRXVMC_CxJqF_GWQp2Irg5BnxcEAZyHKclLYCfpSVNS_GZPtEcExmj4dAypvbI8ZDtDG3HQkN7biHT8gbT0bghVyvw0adf7758_GbWH_ytPD3ReChCCBWp25OlHpS7gng288z-mTE2WoPac1PXjPylDbraUd-cEGpH3d0oo8zV_sdRD4-6e9S1PySsXxihdbjSrFDAeyp-qFTfV6KyzFmf5_f7PfdvIj7MebznCa9Dw9XlyeJ6-iInqCAoTyJSqGUzYhj5BYqJCpubmKhCV4FQkkVFbrJCFYAMJCxJshgoICABAR0BCkAJFAJIV8ZYUZRepy02YxXnrIkLGqjSAtLt9poV8Ddrob2G&v=c1&r=https%3A%2F%2Fwww.amazon.com%2Fgp%2Faw%2Fd%2FB0CQB6RZMT%3Fpd_rd_plhdr%3Dt%26hsa_cr_id%3D0%26qid%3D1790056296%26sr%3D1-6-5a5562f9-fdfd-4101-9f9d-d76aa9998432%26i%3Daps%26aref%3D5Z0euuMsr0&ref_=sbx__sbtcd2_asin_5_bkgd&pd_rd_w=yeayo&content-id=amzn1.sym.90f77631-9599-4fe0-95f8-a40adfe1c762%3Aamzn1.sym.90f77631-9599-4fe0-95f8-a40adfe1c762&pf_rd_p=90f77631-9599-4fe0-95f8-a40adfe1c762&pf_rd_r=CCE3XJYA9P865W86FQ55&pd_rd_wg=MXrOM&pd_rd_r=48d7bf3a-6f0e-46c2-9fba-bb83ffdfd39b,"https://m.media-amazon.com/images/I/810hVoH0sTL._AC_SR322,134_CB1169409_QL70_.jpg",42,排名进入前30；价格高于人民币等值¥288.00；评分达到4.0以上。
2026-09-22,amazon_us,product,search,platform sandals women,27,Aerosoles,¥359.93,4.2,Aerosoles,,,,,,https://www.amazon.com/Aerosoles-Womens-CAMILIA-Heeled-Natural/dp/B0CTKDTBST/ref=sr_1_13?dib=eyJ2IjoiMSJ9.-sztLUvFGvhR_ekbbj8Xky_JQwtUkG3xFMXqzf-jACXFLhY_JXg3c45ewpyuQHwiLVAObzNwTNM9NHiQyyG9fcEawl468fLNoBp33vjloCejXp8SyQFe5zVSN19LTM18tYGnHrXb6beQqcGR2SJIGBZB0O2SG7NfbHwutg3EbDJduA84AAJMuCDYxE1ajggjdhJPAVpbxKChdAeMXLVnyPgZk832z6NeSYtuvYyEQoa-WHYKk4m3MzPpKpnxalWAzyES4Y2bKnPobatj7mP-1LOxLiY0jm_ivHFMne0ksQk.dAJ7Yy2SgWDAOaOsiASC4dLXmU7aZ1NCS7Tg70yVpYU&dib_tag=se&keywords=platform+sandals+women&qid=1790056296&sr=8-13,https://m.media-amazon.com/images/I/71bCv2s89xL._AC_UL320_.jpg,42,排名进入前30；价格高于人民币等值¥288.00；评分达到4.0以上。
2026-09-22,amazon_us,product,search,women summer slippers,31,Women's Open Toe House Slippers Breathable Indoor Shoes Memory Foam,¥64.15,3.4,50+ bought in past month,,,,,,https://www.amazon.com/Yoerpe-Womens-House-Slippers-Slip/dp/B0F8BKW8PC/ref=sr_1_25?dib=eyJ2IjoiMSJ9.wQE1IQn9JtlrMDDR9TavgqOSlL2Sb0ZOxmvm80WeypBzEpPIWqqGZAR4mmkjx59wwDtwCQ4pypOsoH1AKuD4qEgdPm_TQrVCxz7Vsnw8hWavCcZiENEiHJobNCOokJ4YOvwjcwvJXcyhzTBXsDIBttbNJMHNxNF2AkPpRHBhT3ceHRqlr9_cm4apxKNsjJvxSU2iGYs8WKACEEGS_HY1CR41r_ffTh_7mNtYgOnNUHuymz5gm3kHZhHFiAqW6drESh3xCPvGsuYicJPb1h3osvpNI9VuDM7abfS6vBUjqSA.6yntjgzet8zdiQrrvVCmbrBnJ8zN8WJEGKvt0AFpf0s&dib_tag=se&keywords=women+summer+slippers&qid=1790056295&sr=8-25,https://m.media-amazon.com/images/I/71+UMdH9OnL._AC_UL320_.jpg,40,排名进入前50；评论数达到50以上；价格处于人民币等值¥57.60-¥180.00黄金区间。
2026-09-22,amazon_us,product,best_sellers,Best Sellers Women Sandals,13,"CUSHIONAIRE Java Casual Womens Jelly Flats with Adjustable Strap, Closed Toe Mary Janes Mule Design, Waterproof Jelly Sandals for Women",,4.2,$34.98,,,,,,https://www.amazon.com/CUSHIONAIRE-Adjustable-Waterproof-Sandals-Chocolate/dp/B0H4MLLC32/ref=zg_bs_g_679425011_d_sccl_13/133-1338554-2740064?psc=1,"https://images-na.ssl-images-amazon.com/images/I/81iCqxPUX6L._AC_UL600_SR600,400_.jpg",39,排名进入前30；评分达到4.0以上。
2026-09-22,amazon_us,product,new_releases,New Releases Women Sandals,13,IDAWIVI Women's Heeled Sandals Square Open Toe Strappy Heels Wedding Party | Stiletto Heels with Ankle Strap Night Out Prom Graduation Dress Shoes,,4.1,$33.98,,,,,,https://www.amazon.com/IDAWIVI-Sandals-Strappy-Stiletto-Wedding/dp/B0HGBL9SF8/ref=zg_bsnr_g_679425011_d_sccl_13/144-1060190-2868101?psc=1,"https://images-na.ssl-images-amazon.com/images/I/615OQKjKfZL._AC_UL600_SR600,400_.jpg",39,排名进入前30；评分达到4.0以上。
2026-09-22,amazon_us,product,new_releases,New Releases Women Sandals,24,CUSHIONAIRE Markie Chunky Block Heel Sandals for Women with Faux Wood Heel and Memory Foam,,4.2,$49.99,,,,,,https://www.amazon.com/CUSHIONAIRE-Markie-Chunky-Sandals-WHISKEY/dp/B0H7CZG34V/ref=zg_bsnr_g_679425011_d_sccl_24/144-1060190-2868101?psc=1,"https://images-na.ssl-images-amazon.com/images/I/81bd02BLg7L._AC_UL600_SR600,400_.jpg",39,排名进入前30；评分达到4.0以上。
2026-09-22,amazon_us,product,search,women summer slippers,34,FRALOSHA,¥68.33,4.2,FRALOSHA,,,,,,https://www.amazon.com/FRALOSHA-Slippers-Breathable-Outdoor-Sandals/dp/B07FSG6P3M/ref=sr_1_28?dib=eyJ2IjoiMSJ9.wQE1IQn9JtlrMDDR9TavgqOSlL2Sb0ZOxmvm80WeypBzEpPIWqqGZAR4mmkjx59wwDtwCQ4pypOsoH1AKuD4qEgdPm_TQrVCxz7Vsnw8hWavCcZiENEiHJobNCOokJ4YOvwjcwvJXcyhzTBXsDIBttbNJMHNxNF2AkPpRHBhT3ceHRqlr9_cm4apxKNsjJvxSU2iGYs8WKACEEGS_HY1CR41r_ffTh_7mNtYgOnNUHuymz5gm3kHZhHFiAqW6drESh3xCPvGsuYicJPb1h3osvpNI9VuDM7abfS6vBUjqSA.6yntjgzet8zdiQrrvVCmbrBnJ8zN8WJEGKvt0AFpf0s&dib_tag=se&keywords=women+summer+slippers&qid=1790056295&sr=8-28,https://m.media-amazon.com/images/I/810Hfh0qwIL._AC_UL320_.jpg,39,排名进入前50；价格处于人民币等值¥57.60-¥180.00黄金区间；评分达到4.0以上。
2026-09-22,amazon_us,product,search,women summer slippers,36,mazeskin,¥71.93,4.2,mazeskin,,,,,,https://www.amazon.com/mazeskin-Womens-Comfortable-Sandals-Leather/dp/B0F32KMZ18/ref=sr_1_30?dib=eyJ2IjoiMSJ9.wQE1IQn9JtlrMDDR9TavgqOSlL2Sb0ZOxmvm80WeypBzEpPIWqqGZAR4mmkjx59wwDtwCQ4pypOsoH1AKuD4qEgdPm_TQrVCxz7Vsnw8hWavCcZiENEiHJobNCOokJ4YOvwjcwvJXcyhzTBXsDIBttbNJMHNxNF2AkPpRHBhT3ceHRqlr9_cm4apxKNsjJvxSU2iGYs8WKACEEGS_HY1CR41r_ffTh_7mNtYgOnNUHuymz5gm3kHZhHFiAqW6drESh3xCPvGsuYicJPb1h3osvpNI9VuDM7abfS6vBUjqSA.6yntjgzet8zdiQrrvVCmbrBnJ8zN8WJEGKvt0AFpf0s&dib_tag=se&keywords=women+summer+slippers&qid=1790056295&sr=8-30,https://m.media-amazon.com/images/I/71jV8GHPNSL._AC_UL320_.jpg,39,排名进入前50；价格处于人民币等值¥57.60-¥180.00黄金区间；评分达到4.0以上。
2026-09-22,amazon_us,product,search,women summer slippers,37,Garonne,¥115.13,4.2,Garonne,,,,,,https://www.amazon.com/Garonne-Slippers-Non-Slip-Bedroom-Outdoor/dp/B0F37BTNB5/ref=sr_1_31?dib=eyJ2IjoiMSJ9.wQE1IQn9JtlrMDDR9TavgqOSlL2Sb0ZOxmvm80WeypBzEpPIWqqGZAR4mmkjx59wwDtwCQ4pypOsoH1AKuD4qEgdPm_TQrVCxz7Vsnw8hWavCcZiENEiHJobNCOokJ4YOvwjcwvJXcyhzTBXsDIBttbNJMHNxNF2AkPpRHBhT3ceHRqlr9_cm4apxKNsjJvxSU2iGYs8WKACEEGS_HY1CR41r_ffTh_7mNtYgOnNUHuymz5gm3kHZhHFiAqW6drESh3xCPvGsuYicJPb1h3osvpNI9VuDM7abfS6vBUjqSA.6yntjgzet8zdiQrrvVCmbrBnJ8zN8WJEGKvt0AFpf0s&dib_tag=se&keywords=women+summer+slippers&qid=1790056295&sr=8-31,https://m.media-amazon.com/images/I/81JmkmTRcmL._AC_UL320_.jpg,39,排名进入前50；价格处于人民币等值¥57.60-¥180.00黄金区间；评分达到4.0以上。
2026-09-22,amazon_us,product,search,women summer slippers,40,KuaiLu,¥71.93,4.2,KuaiLu,,,,,,https://www.amazon.com/KuaiLu-Support-Comfortable-Cushion-Walking/dp/B08GKGCH2R/ref=sr_1_34?dib=eyJ2IjoiMSJ9.wQE1IQn9JtlrMDDR9TavgqOSlL2Sb0ZOxmvm80WeypBzEpPIWqqGZAR4mmkjx59wwDtwCQ4pypOsoH1AKuD4qEgdPm_TQrVCxz7Vsnw8hWavCcZiENEiHJobNCOokJ4YOvwjcwvJXcyhzTBXsDIBttbNJMHNxNF2AkPpRHBhT3ceHRqlr9_cm4apxKNsjJvxSU2iGYs8WKACEEGS_HY1CR41r_ffTh_7mNtYgOnNUHuymz5gm3kHZhHFiAqW6drESh3xCPvGsuYicJPb1h3osvpNI9VuDM7abfS6vBUjqSA.6yntjgzet8zdiQrrvVCmbrBnJ8zN8WJEGKvt0AFpf0s&dib_tag=se&keywords=women+summer+slippers&qid=1790056295&sr=8-34,https://m.media-amazon.com/images/I/81-DUybjK+L._AC_UL320_.jpg,39,排名进入前50；价格处于人民币等值¥57.60-¥180.00黄金区间；评分达到4.0以上。
2026-09-22,amazon_us,product,search,women slides,31,Happy Lily,¥64.73,4.2,Happy Lily,,,,,,https://www.amazon.com/Slippers-Non-Slip-Shower-Sandals-Bathroom/dp/B01LYNR9VM/ref=sr_1_13?dib=eyJ2IjoiMSJ9.6owUC4TDSG3NkE2e1xmDHGQF3LFLRuf9b6QFruX3rubGKDTw3AYE1VEQ5MtkUzJsaHh4IlMN2ZctBespjH9bRC-TAA4f0dwp-hT9JlRlo0GjFnqWmyp1g6tUY0FT7pSmByC7PfhDe3l64QCPqY9cqiMcFDExAAT1u8xZH5pEQijUJJUjFtOWSYWyUtqZlYwTrzlrtsZVQFgLx75M_2PlDaAL9PQbrvU0a9z6FcHD9zQzs4QQ6o27ClJ9XhEaO5rJE4mvRroBm8DMdsZYtvCgE8_uK8Z1HwylhESToovJJQg.M1MXIbcZ1-DNAWHrhnLPGJxJOJ83eduRFg7CwcuM_L8&dib_tag=se&keywords=women+slides&qid=1790056296&sr=8-13,https://m.media-amazon.com/images/I/815Fjif9JhL._AC_UL320_.jpg,39,排名进入前50；价格处于人民币等值¥57.60-¥180.00黄金区间；评分达到4.0以上。
2026-09-22,amazon_us,product,search,women slides,37,Leevar,¥79.13,4.2,Leevar,,,,,,https://www.amazon.com/Slippers-Leevar-Massage-Bathroom-Non-Slip/dp/B09YCTG4NP/ref=sr_1_19?dib=eyJ2IjoiMSJ9.6owUC4TDSG3NkE2e1xmDHGQF3LFLRuf9b6QFruX3rubGKDTw3AYE1VEQ5MtkUzJsaHh4IlMN2ZctBespjH9bRC-TAA4f0dwp-hT9JlRlo0GjFnqWmyp1g6tUY0FT7pSmByC7PfhDe3l64QCPqY9cqiMcFDExAAT1u8xZH5pEQijUJJUjFtOWSYWyUtqZlYwTrzlrtsZVQFgLx75M_2PlDaAL9PQbrvU0a9z6FcHD9zQzs4QQ6o27ClJ9XhEaO5rJE4mvRroBm8DMdsZYtvCgE8_uK8Z1HwylhESToovJJQg.M1MXIbcZ1-DNAWHrhnLPGJxJOJ83eduRFg7CwcuM_L8&dib_tag=se&keywords=women+slides&qid=1790056296&sr=8-19,https://m.media-amazon.com/images/I/71Epw-42KBL._AC_UL320_.jpg,39,排名进入前50；价格处于人民币等值¥57.60-¥180.00黄金区间；评分达到4.0以上。
2026-09-22,amazon_us,product,search,women slides,43,Frykun,¥84.10,4.1,Frykun,,,,,,https://www.amazon.com/Frykun-Bathroom-Slippers-Non-slip-Flip-flops/dp/B0CTH9SP7N/ref=sr_1_25?dib=eyJ2IjoiMSJ9.6owUC4TDSG3NkE2e1xmDHGQF3LFLRuf9b6QFruX3rubGKDTw3AYE1VEQ5MtkUzJsaHh4IlMN2ZctBespjH9bRC-TAA4f0dwp-hT9JlRlo0GjFnqWmyp1g6tUY0FT7pSmByC7PfhDe3l64QCPqY9cqiMcFDExAAT1u8xZH5pEQijUJJUjFtOWSYWyUtqZlYwTrzlrtsZVQFgLx75M_2PlDaAL9PQbrvU0a9z6FcHD9zQzs4QQ6o27ClJ9XhEaO5rJE4mvRroBm8DMdsZYtvCgE8_uK8Z1HwylhESToovJJQg.M1MXIbcZ1-DNAWHrhnLPGJxJOJ83eduRFg7CwcuM_L8&dib_tag=se&keywords=women+slides&qid=1790056296&sr=8-25,https://m.media-amazon.com/images/I/71pIGs-usxL._AC_UL320_.jpg,39,排名进入前50；价格处于人民币等值¥57.60-¥180.00黄金区间；评分达到4.0以上。
2026-09-22,amazon_us,product,search,platform sandals women,37,Athlefit,¥122.33,4.0,Athlefit,,,,,,https://www.amazon.com/Athlefit-Espadrilles-Sandals-Studded-Platform/dp/B083NZVCQH/ref=sr_1_23?dib=eyJ2IjoiMSJ9.-sztLUvFGvhR_ekbbj8Xky_JQwtUkG3xFMXqzf-jACXFLhY_JXg3c45ewpyuQHwiLVAObzNwTNM9NHiQyyG9fcEawl468fLNoBp33vjloCejXp8SyQFe5zVSN19LTM18tYGnHrXb6beQqcGR2SJIGBZB0O2SG7NfbHwutg3EbDJduA84AAJMuCDYxE1ajggjdhJPAVpbxKChdAeMXLVnyPgZk832z6NeSYtuvYyEQoa-WHYKk4m3MzPpKpnxalWAzyES4Y2bKnPobatj7mP-1LOxLiY0jm_ivHFMne0ksQk.dAJ7Yy2SgWDAOaOsiASC4dLXmU7aZ1NCS7Tg70yVpYU&dib_tag=se&keywords=platform+sandals+women&qid=1790056296&sr=8-23,https://m.media-amazon.com/images/I/71PoCinhRsL._AC_UL320_.jpg,39,排名进入前50；价格处于人民币等值¥57.60-¥180.00黄金区间；评分达到4.0以上。
2026-09-22,amazon_us,product,search,platform sandals women,44,YUHITYGZGS,¥165.53,4.2,YUHITYGZGS,,,,,,https://www.amazon.com/YUHITYGZGS-Platform-Sandals-Footbed-Lightweight/dp/B0F991QX1S/ref=sr_1_30?dib=eyJ2IjoiMSJ9.-sztLUvFGvhR_ekbbj8Xky_JQwtUkG3xFMXqzf-jACXFLhY_JXg3c45ewpyuQHwiLVAObzNwTNM9NHiQyyG9fcEawl468fLNoBp33vjloCejXp8SyQFe5zVSN19LTM18tYGnHrXb6beQqcGR2SJIGBZB0O2SG7NfbHwutg3EbDJduA84AAJMuCDYxE1ajggjdhJPAVpbxKChdAeMXLVnyPgZk832z6NeSYtuvYyEQoa-WHYKk4m3MzPpKpnxalWAzyES4Y2bKnPobatj7mP-1LOxLiY0jm_ivHFMne0ksQk.dAJ7Yy2SgWDAOaOsiASC4dLXmU7aZ1NCS7Tg70yVpYU&dib_tag=se&keywords=platform+sandals+women&qid=1790056296&sr=8-30,https://m.media-amazon.com/images/I/71Bo+e1NKLL._AC_UL320_.jpg,39,排名进入前50；价格处于人民币等值¥57.60-¥180.00黄金区间；评分达到4.0以上。
2026-09-22,amazon_us,product,search,platform sandals women,18,Clarks Women's Breezerae Sun Clarks Women's Breezerae Sun,¥352.51,3.8,3.8,,,,,,https://sponsored-ads.amazon.com/clk/?_encoding=UTF8&p=eAFVUMuO0lAYDk7USR0vYTEmuMPIguS0p4UWiiGmt5mpILcCo2xODj2npaG0h55yiQsWPoOJO5cujYmP4MYX8B1c-wQmMsb4rb7ku_x_PsE__fn5-487xfvGeDqwO27nNbSdUbkgV88DmkR7NNnyBQ80PBmuwrFms9Y5qW1z5m1iS6RNsDTmyzf7ZDoc3atDsaGJSk0X4eyWZ85PDWd85Yxcr_hYuEsoX-YpK55NeiPH6l_23Jljl74WhKc3CuIUZ_4CMZr5aYxziqIkjhKK5nlQFPAKv00T0U9XpSd8DvwYcx754JgBRydgcvk2TdDEq6p8DvIFXVEC_DSOqZ9HaQK2Crg5BnycEQ4YjpKcZsBPk5wmufLMHBk9G1n9btexxm6_5yG313V7Duq6UwfZjtcZ9wdlTSjAR59-vfvy8ZtdevC38vhE-aECIdTVRlNTm1BryMrJxLNbJ9bAqnaKz23TsNiFCxrGwVwfERoHc7jW--nQ-B8HMzyYw4Np_CFh6cwKnf2l4YQy3lHlQ0F4X1jkOeMtSdrtduK_iaSQSXgnEcmEF1eeXFOvX75gBGUEsXhBsnZeWXCM_AxFpA0r64i05YYOoaopulbhWVsGMlCxqmpKoIOABATUZSgDPdAJIA0NY13Xm_WaUonamPEKzmjQVmeQbjaveAZ_A0_QvUM&v=c1&r=https%3A%2F%2Fwww.amazon.com%2Fgp%2Faw%2Fd%2FB0FHS135WJ%3Fpd_rd_plhdr%3Dt%26hsa_cr_id%3D0%26qid%3D1790056296%26sr%3D1-1-5a5562f9-fdfd-4101-9f9d-d76aa9998432%26i%3Daps%26aref%3D5Z0euuMsr0&ref_=sbx__sbtcd2_asin_0_bkgd&pd_rd_w=yeayo&content-id=amzn1.sym.90f77631-9599-4fe0-95f8-a40adfe1c762%3Aamzn1.sym.90f77631-9599-4fe0-95f8-a40adfe1c762&pf_rd_p=90f77631-9599-4fe0-95f8-a40adfe1c762&pf_rd_r=CCE3XJYA9P865W86FQ55&pd_rd_wg=MXrOM&pd_rd_r=48d7bf3a-6f0e-46c2-9fba-bb83ffdfd39b,"https://m.media-amazon.com/images/I/711lu8cd44L._AC_SR322,134_CB1169409_QL70_.jpg",38,排名进入前30；价格高于人民币等值¥288.00。
2026-09-22,amazon_us,product,search,platform sandals women,49,REEF,¥260.86,4.3,REEF,,,,,,https://www.amazon.com/Reef-Womens-Cushion-Vista-Hi/dp/B09K8WMWN6/ref=sr_1_35_mod_primary_new?dib=eyJ2IjoiMSJ9.-sztLUvFGvhR_ekbbj8Xky_JQwtUkG3xFMXqzf-jACXFLhY_JXg3c45ewpyuQHwiLVAObzNwTNM9NHiQyyG9fcEawl468fLNoBp33vjloCejXp8SyQFe5zVSN19LTM18tYGnHrXb6beQqcGR2SJIGBZB0O2SG7NfbHwutg3EbDJduA84AAJMuCDYxE1ajggjdhJPAVpbxKChdAeMXLVnyPgZk832z6NeSYtuvYyEQoa-WHYKk4m3MzPpKpnxalWAzyES4Y2bKnPobatj7mP-1LOxLiY0jm_ivHFMne0ksQk.dAJ7Yy2SgWDAOaOsiASC4dLXmU7aZ1NCS7Tg70yVpYU&dib_tag=se&keywords=platform+sandals+women&qid=1790056296&sbo=RZvfv%2F%2FHxDF%2BO5021pAnSA%3D%3D&sr=8-35,https://m.media-amazon.com/images/I/61wij8MIiAL._AC_UL320_.jpg,37,排名进入前50；价格处于人民币等值¥180.00-¥288.00区间；评分达到4.3以上。
2026-09-22,amazon_us,product,search,platform sandals women,50,DREAM PAIRS,¥215.93,4.3,DREAM PAIRS,,,,,,https://www.amazon.com/DREAM-PAIRS-Elastic-Flatform-Platform/dp/B08136S1YW/ref=sr_1_36?dib=eyJ2IjoiMSJ9.-sztLUvFGvhR_ekbbj8Xky_JQwtUkG3xFMXqzf-jACXFLhY_JXg3c45ewpyuQHwiLVAObzNwTNM9NHiQyyG9fcEawl468fLNoBp33vjloCejXp8SyQFe5zVSN19LTM18tYGnHrXb6beQqcGR2SJIGBZB0O2SG7NfbHwutg3EbDJduA84AAJMuCDYxE1ajggjdhJPAVpbxKChdAeMXLVnyPgZk832z6NeSYtuvYyEQoa-WHYKk4m3MzPpKpnxalWAzyES4Y2bKnPobatj7mP-1LOxLiY0jm_ivHFMne0ksQk.dAJ7Yy2SgWDAOaOsiASC4dLXmU7aZ1NCS7Tg70yVpYU&dib_tag=se&keywords=platform+sandals+women&qid=1790056296&sr=8-36,https://m.media-amazon.com/images/I/71x8LyfCctL._AC_UL320_.jpg,37,排名进入前50；价格处于人民币等值¥180.00-¥288.00区间；评分达到4.3以上。
2026-09-22,amazon_us,product,new_releases,New Releases Women Sandals,32,"JACKSHIBO Jelly Flip Flops for Women Slip on Thong Sandals Clear Slides | Fashion Trendy Sandals, Summer Beach Walking, Non Slip Flat for Shower Pool, Waterproof, Transparent, PVC, Tortie Tortoise",,4.7,$9.99,,,,,,https://www.amazon.com/JACKSHIBO-Jelly-Flip-Sandals-Slides/dp/B0HBVNQZC8/ref=zg_bsnr_g_679425011_d_sccl_32/144-1060190-2868101?psc=1,"https://images-na.ssl-images-amazon.com/images/I/81olzVAfhkL._AC_UL300_SR300,200_.jpg",36,排名进入前50；标题包含 beach、summer，符合美国女鞋舒适化趋势；评分达到4.6以上。
2026-09-22,amazon_us,product,best_sellers,Best Sellers Women Sandals,33,Rainbow Sandals Women’s Flirty Braidy Premier Leather w/Single Braided Strap,,4.6,$71.00,,,,,,https://www.amazon.com/Rainbow-Sandals-Womens-Flirty-7-5-8-5/dp/B00LGF8TAQ/ref=zg_bs_g_679425011_d_sccl_33/144-1060190-2868101?psc=1,"https://images-na.ssl-images-amazon.com/images/I/71B9WRizBDL._AC_UL300_SR300,200_.jpg",35,排名进入前50；评论数达到50以上；评分达到4.6以上。
2026-09-22,amazon_us,product,new_releases,New Releases Women Sandals,34,"wetkiss Mule Heels for Women Open Toe High Heel Slides Stiletto Sandals | Stiletto Heel, Slip-On, Round Toe, Backless, Single Strap, 3.93 Inch, Dressy Shoes, Wedding, Bridal, Party, Prom, Evening",,4.8,$52.99,,,,,,https://www.amazon.com/wetkiss-Black-Heels-Women-Sandals/dp/B0H6Q3BN75/ref=zg_bsnr_g_679425011_d_sccl_34/144-1060190-2868101?psc=1,"https://images-na.ssl-images-amazon.com/images/I/618ljWrT0KL._AC_UL300_SR300,200_.jpg",35,排名进入前50；评论数达到50以上；评分达到4.6以上。
2026-09-22,amazon_us,product,search,women summer slippers,41,NineCiFun,¥71.93,3.2,NineCiFun,,,,,,https://www.amazon.com/NineCiFun-Slippers-Women-House-Slides/dp/B0GKZXS8WW/ref=sr_1_35?dib=eyJ2IjoiMSJ9.wQE1IQn9JtlrMDDR9TavgqOSlL2Sb0ZOxmvm80WeypBzEpPIWqqGZAR4mmkjx59wwDtwCQ4pypOsoH1AKuD4qEgdPm_TQrVCxz7Vsnw8hWavCcZiENEiHJobNCOokJ4YOvwjcwvJXcyhzTBXsDIBttbNJMHNxNF2AkPpRHBhT3ceHRqlr9_cm4apxKNsjJvxSU2iGYs8WKACEEGS_HY1CR41r_ffTh_7mNtYgOnNUHuymz5gm3kHZhHFiAqW6drESh3xCPvGsuYicJPb1h3osvpNI9VuDM7abfS6vBUjqSA.6yntjgzet8zdiQrrvVCmbrBnJ8zN8WJEGKvt0AFpf0s&dib_tag=se&keywords=women+summer+slippers&qid=1790056295&sr=8-35,https://m.media-amazon.com/images/I/71R7sXc96FL._AC_UL320_.jpg,35,排名进入前50；价格处于人民币等值¥57.60-¥180.00黄金区间。
2026-09-22,amazon_us,product,search,women slides,34,Under Armour,¥244.44,4.2,Under Armour,,,,,,https://www.amazon.com/Under-Armour-Womens-Ignite-Slides/dp/B0F34CRJP6/ref=sr_1_16?dib=eyJ2IjoiMSJ9.6owUC4TDSG3NkE2e1xmDHGQF3LFLRuf9b6QFruX3rubGKDTw3AYE1VEQ5MtkUzJsaHh4IlMN2ZctBespjH9bRC-TAA4f0dwp-hT9JlRlo0GjFnqWmyp1g6tUY0FT7pSmByC7PfhDe3l64QCPqY9cqiMcFDExAAT1u8xZH5pEQijUJJUjFtOWSYWyUtqZlYwTrzlrtsZVQFgLx75M_2PlDaAL9PQbrvU0a9z6FcHD9zQzs4QQ6o27ClJ9XhEaO5rJE4mvRroBm8DMdsZYtvCgE8_uK8Z1HwylhESToovJJQg.M1MXIbcZ1-DNAWHrhnLPGJxJOJ83eduRFg7CwcuM_L8&dib_tag=se&keywords=women+slides&qid=1790056296&sr=8-16,https://m.media-amazon.com/images/I/41S9a3VMv1L._AC_UL320_.jpg,34,排名进入前50；价格处于人民币等值¥180.00-¥288.00区间；评分达到4.0以上。
2026-09-22,amazon_us,product,search,platform sandals women,48,Accloris,¥259.78,4.1,Accloris,,,,,,https://www.amazon.com/Accloris-Platform-Comfortable-Lightweight-Beach-Ready/dp/B0G1YB2ZGH/ref=sr_1_34?dib=eyJ2IjoiMSJ9.-sztLUvFGvhR_ekbbj8Xky_JQwtUkG3xFMXqzf-jACXFLhY_JXg3c45ewpyuQHwiLVAObzNwTNM9NHiQyyG9fcEawl468fLNoBp33vjloCejXp8SyQFe5zVSN19LTM18tYGnHrXb6beQqcGR2SJIGBZB0O2SG7NfbHwutg3EbDJduA84AAJMuCDYxE1ajggjdhJPAVpbxKChdAeMXLVnyPgZk832z6NeSYtuvYyEQoa-WHYKk4m3MzPpKpnxalWAzyES4Y2bKnPobatj7mP-1LOxLiY0jm_ivHFMne0ksQk.dAJ7Yy2SgWDAOaOsiASC4dLXmU7aZ1NCS7Tg70yVpYU&dib_tag=se&keywords=platform+sandals+women&qid=1790056296&sr=8-34,https://m.media-amazon.com/images/I/716qZhNTI0L._AC_UL320_.jpg,34,排名进入前50；价格处于人民币等值¥180.00-¥288.00区间；评分达到4.0以上。
2026-09-22,amazon_us,product,best_sellers,Best Sellers Women Sandals,32,"DREAM PAIRS Women's Comfort Low Block Heel Sandals | Chunky Heel Sandals, Open Toe Ankle Strap Dress Shoes, Comfortable Wedding Heels for Party, Prom and Formal Events",,4.3,$31.99,,,,,,https://www.amazon.com/DREAM-PAIRS-Low-Chunk-Glitter-Sandals/dp/B06ZY5XWCF/ref=zg_bs_g_679425011_d_sccl_32/144-1060190-2868101?psc=1,"https://images-na.ssl-images-amazon.com/images/I/71pCcrVD38L._AC_UL300_SR300,200_.jpg",33,排名进入前50；标题包含 comfort，符合美国女鞋舒适化趋势；评分达到4.3以上。
2026-09-22,amazon_us,product,best_sellers,Best Sellers Women Sandals,35,100% Genuine Leather Womens Sandals Slides for Women Everyday Sandals Women | Cork Footbed Sandals for Women with Memory Foam and Arch Support Vacation Essentials Slides Women Footwear Flat Sandals,,4.3,$36.90,,,,,,https://www.amazon.com/Genuine-Leather-Womens-Sandals-Everyday/dp/B0CNY8BFWN/ref=zg_bs_g_679425011_d_sccl_35/144-1060190-2868101?psc=1,"https://images-na.ssl-images-amazon.com/images/I/71Zk8CZeYSL._AC_UL300_SR300,200_.jpg",33,排名进入前50；标题包含 arch support，符合美国女鞋舒适化趋势；评分达到4.3以上。
2026-09-22,amazon_us,product,new_releases,New Releases Women Sandals,33,"Womens Jelly Shoes, Clear Hollow Ballet Flats for Women Breathable | Rounded Toe Mesh Flats, Water-Resistant Slip On Jellies Sandals for Beach, Garden, Party, Travel, Casual",,4.6,$28.99,,,,,,https://www.amazon.com/Womens-Hollow-Ballet-Transparent-07/dp/B0GTV9JN1Y/ref=zg_bsnr_g_679425011_d_sccl_33/144-1060190-2868101?psc=1,"https://images-na.ssl-images-amazon.com/images/I/71vG5Bfi3LL._AC_UL300_SR300,200_.jpg",33,排名进入前50；标题包含 beach，符合美国女鞋舒适化趋势；评分达到4.6以上。
2026-09-22,amazon_us,product,new_releases,New Releases Women Sandals,38,Riekhany Kitten Heeled Sandals for Women Slip On Square Clip Toe Flip Flips | Casual Low Heel Pumps Comfortable Thong Slide Shoes Dressy Slippers for Party Daliy Work Travel,,4.4,$40.37,,,,,,https://www.amazon.com/Riekhany-Kitten-Sandals-Comfortable-Slippers/dp/B0HCV31H3D/ref=zg_bsnr_g_679425011_d_sccl_38/144-1060190-2868101?psc=1,"https://images-na.ssl-images-amazon.com/images/I/71GDJdxQMEL._AC_UL300_SR300,200_.jpg",33,排名进入前50；标题包含 comfort，符合美国女鞋舒适化趋势；评分达到4.3以上。
2026-09-22,amazon_us,product,search,women slides,48,Coach,¥684.00,4.6,Coach,,,,,,https://www.amazon.com/Coach-Womens-Udele-Slide-Tan/dp/B07PGQ6MQ8/ref=sr_1_30?dib=eyJ2IjoiMSJ9.6owUC4TDSG3NkE2e1xmDHGQF3LFLRuf9b6QFruX3rubGKDTw3AYE1VEQ5MtkUzJsaHh4IlMN2ZctBespjH9bRC-TAA4f0dwp-hT9JlRlo0GjFnqWmyp1g6tUY0FT7pSmByC7PfhDe3l64QCPqY9cqiMcFDExAAT1u8xZH5pEQijUJJUjFtOWSYWyUtqZlYwTrzlrtsZVQFgLx75M_2PlDaAL9PQbrvU0a9z6FcHD9zQzs4QQ6o27ClJ9XhEaO5rJE4mvRroBm8DMdsZYtvCgE8_uK8Z1HwylhESToovJJQg.M1MXIbcZ1-DNAWHrhnLPGJxJOJ83eduRFg7CwcuM_L8&dib_tag=se&keywords=women+slides&qid=1790056296&sr=8-30,https://m.media-amazon.com/images/I/71BQOaIl59L._AC_UL320_.jpg,33,排名进入前50；价格高于人民币等值¥288.00；评分达到4.6以上。
2026-09-22,amazon_us,product,new_releases,New Releases Women Sandals,36,"LOOPCHARM Women's Strappy Kitten Heel Thong Sandals Square Toe Mules | Comfortable Slip-On Thong Mule Sandals Featuring a Cushioned Footbed, Open Toe, and Kitten Heel for Effortless Style.",,4.1,$39.99,,,,,,https://www.amazon.com/LOOPCHARM-Womens-Strappy-Kitten-Sandals/dp/B0H3P7KV8N/ref=zg_bsnr_g_679425011_d_sccl_36/144-1060190-2868101?psc=1,"https://images-na.ssl-images-amazon.com/images/I/71zyqv+nw9L._AC_UL300_SR300,200_.jpg",30,排名进入前50；标题包含 comfort，符合美国女鞋舒适化趋势；评分达到4.0以上。
2026-09-22,amazon_us,product,search,platform sandals women,34,Madden Girl,¥215.93,3.8,Madden Girl,,,,,,https://www.amazon.com/Madden-Girl-Womens-Mythicall-Natural/dp/B0CNKPC4Y5/ref=sr_1_20?dib=eyJ2IjoiMSJ9.-sztLUvFGvhR_ekbbj8Xky_JQwtUkG3xFMXqzf-jACXFLhY_JXg3c45ewpyuQHwiLVAObzNwTNM9NHiQyyG9fcEawl468fLNoBp33vjloCejXp8SyQFe5zVSN19LTM18tYGnHrXb6beQqcGR2SJIGBZB0O2SG7NfbHwutg3EbDJduA84AAJMuCDYxE1ajggjdhJPAVpbxKChdAeMXLVnyPgZk832z6NeSYtuvYyEQoa-WHYKk4m3MzPpKpnxalWAzyES4Y2bKnPobatj7mP-1LOxLiY0jm_ivHFMne0ksQk.dAJ7Yy2SgWDAOaOsiASC4dLXmU7aZ1NCS7Tg70yVpYU&dib_tag=se&keywords=platform+sandals+women&qid=1790056296&sr=8-20,https://m.media-amazon.com/images/I/71SNHrdlHML._AC_UL320_.jpg,30,排名进入前50；价格处于人民币等值¥180.00-¥288.00区间。
2026-09-22,amazon_us,product,search,platform sandals women,35,REEF,¥467.93,4.3,REEF,,,,,,https://www.amazon.com/Reef-Sandals-Cushion-Platform-Natural/dp/B09TRZZP54/ref=sr_1_21?dib=eyJ2IjoiMSJ9.-sztLUvFGvhR_ekbbj8Xky_JQwtUkG3xFMXqzf-jACXFLhY_JXg3c45ewpyuQHwiLVAObzNwTNM9NHiQyyG9fcEawl468fLNoBp33vjloCejXp8SyQFe5zVSN19LTM18tYGnHrXb6beQqcGR2SJIGBZB0O2SG7NfbHwutg3EbDJduA84AAJMuCDYxE1ajggjdhJPAVpbxKChdAeMXLVnyPgZk832z6NeSYtuvYyEQoa-WHYKk4m3MzPpKpnxalWAzyES4Y2bKnPobatj7mP-1LOxLiY0jm_ivHFMne0ksQk.dAJ7Yy2SgWDAOaOsiASC4dLXmU7aZ1NCS7Tg70yVpYU&dib_tag=se&keywords=platform+sandals+women&qid=1790056296&sr=8-21,https://m.media-amazon.com/images/I/61Uv1VDRdFL._AC_UL320_.jpg,30,排名进入前50；价格高于人民币等值¥288.00；评分达到4.3以上。
2026-09-22,amazon_us,product,search,platform sandals women,39,Crocs,¥323.64,4.5,Crocs,,,,,,https://www.amazon.com/Crocs-Womens-Brooklyn-Cashew-Medium/dp/B0FKTQRXY3/ref=sr_1_25?dib=eyJ2IjoiMSJ9.-sztLUvFGvhR_ekbbj8Xky_JQwtUkG3xFMXqzf-jACXFLhY_JXg3c45ewpyuQHwiLVAObzNwTNM9NHiQyyG9fcEawl468fLNoBp33vjloCejXp8SyQFe5zVSN19LTM18tYGnHrXb6beQqcGR2SJIGBZB0O2SG7NfbHwutg3EbDJduA84AAJMuCDYxE1ajggjdhJPAVpbxKChdAeMXLVnyPgZk832z6NeSYtuvYyEQoa-WHYKk4m3MzPpKpnxalWAzyES4Y2bKnPobatj7mP-1LOxLiY0jm_ivHFMne0ksQk.dAJ7Yy2SgWDAOaOsiASC4dLXmU7aZ1NCS7Tg70yVpYU&dib_tag=se&keywords=platform+sandals+women&qid=1790056296&sr=8-25,https://m.media-amazon.com/images/I/61+pv64cN9L._AC_UL320_.jpg,30,排名进入前50；价格高于人民币等值¥288.00；评分达到4.3以上。
2026-09-22,amazon_us,product,best_sellers,Best Sellers Women Sandals,31,PARTY Women's Open Toe Ankle Strap Low Block Chunky Heels Sandals,,4.4,$31.99,,,,,,https://www.amazon.com/PARTY-Womens-Ankle-Chunky-Sandals/dp/B0CR9QXJTK/ref=zg_bs_g_679425011_d_sccl_31/144-1060190-2868101?psc=1,"https://images-na.ssl-images-amazon.com/images/I/615IvQVkYsL._AC_UL300_SR300,200_.jpg",27,排名进入前50；评分达到4.3以上。
2026-09-22,amazon_us,product,best_sellers,Best Sellers Women Sandals,34,Havaianas Women's Slim Sandals,,4.5,$28.00,,,,,,https://www.amazon.com/Havaianas-Womens-Slim-Sandal-Black/dp/B000NBGN0W/ref=zg_bs_g_679425011_d_sccl_34/144-1060190-2868101?psc=1,"https://images-na.ssl-images-amazon.com/images/I/61JHkRJJEFL._AC_UL300_SR300,200_.jpg",27,排名进入前50；评分达到4.3以上。
2026-09-22,amazon_us,product,new_releases,New Releases Women Sandals,35,"Cociy Women's Heeled Mules Square Toe Kitten Heels Sandal | One Strap Heeled Sandals,Slip On Mule Heels,2.76"" Low Heel, Summer Vacation Dress Slippers,Backless Shoes for Party Wedding",,4.1,$39.99,,,,,,https://www.amazon.com/Cociy-Womens-Heeled-Square-Kitten/dp/B0H9QYS6YL/ref=zg_bsnr_g_679425011_d_sccl_35/144-1060190-2868101?psc=1,"https://images-na.ssl-images-amazon.com/images/I/71ojW21bQJL._AC_UL300_SR300,200_.jpg",27,排名进入前50；标题包含 summer，符合美国女鞋舒适化趋势；评分达到4.0以上。
2026-09-22,amazon_us,product,new_releases,New Releases Women Sandals,37,"Susanny Women's Closed Toe Rhinstone Wedding Low Heel Slingback Clear Kitten Heels,Adjustable Strap Pointed Toe Bow Pumps High Heeled Prom Dress Shoes",,4.5,$39.98,,,,,,https://www.amazon.com/Susanny-Womens-Kitten-Rhinestone-Square/dp/B0H7QSBHMD/ref=zg_bsnr_g_679425011_d_sccl_37/144-1060190-2868101?psc=1,"https://images-na.ssl-images-amazon.com/images/I/71FJSCN94YL._AC_UL300_SR300,200_.jpg",27,排名进入前50；评分达到4.3以上。
2026-09-22,amazon_us,product,best_sellers,Best Sellers Women Sandals,37,Havaianas Women's Slim Square Solid Flip Flops,,4.1,$23.00,,,,,,https://www.amazon.com/Havaianas-Womens-Square-Solid-Medium/dp/B0BBPX6J6F/ref=zg_bs_g_679425011_d_sccl_37/144-1060190-2868101?psc=1,"https://images-na.ssl-images-amazon.com/images/I/51Z+TNRYqLL._AC_UL300_SR300,200_.jpg",24,排名进入前50；评分达到4.0以上。
