date,source,data_type,list_type,keyword,rank,title,price,rating,review_count,likes,comments,views,published_at,competition_count,product_url,image_url,hot_score,reason
2026-07-02,amazon_us,product,search,women slides,8,LongBay Women's Fuzzy Slippers Comfy Cloud Memory Foam House Shoes Home Open Toe Slides Indoor Outdoor LongBay Women's Fuzzy Slippers Comfy Cloud Memory Foam House Shoes Home Open Toe Slides Indoor Out…,¥64.73,4.4,4.4,,,,,,https://aax-us-east-retail-direct.amazon.com/x/c/JAn5H1AdWGgOjk4lRZShSj8AAAGfIoL4MQEAAAH2AQBvbm9fdHhuX2JpZDYgICBvbm9fdHhuX2ltcDIgICDhVrKi/clv1c_ek-ABPHXFbbWzjK3YoscrxfcOWxCnjqPwrZx0pLnFUmL7dBSbaJKBNoqcg3m1xNIA5jhQQSwneylhi0QVoW8MLFEd5m8qSf3dDtxUzkL5_Cyu9fjJ73H9wAAiLvwqEKZh7nqJBRGhOsiwKw-gcJn8t_a8rO5tlXsupSwzfXvyo0UZVH9LqDv5eIOg2goGPz8NWJ2GE2iXEWYdWd4sl32-WDjBemVlnrWRV4O7MtfKrbN1gay6UwadM6ip8fW5eUGWv8kNbPlxYPnrbK2mpzLvV0H8oa07jMV3EKhpfg96Z-Y0YUQJjcLKUvMXmPP5DFIPvWvjIxQJmXclt2UdVdphBw0lkTY4I20Z240MnuG0GJhyLGCSEWqIne5_o8rMPv5A2bfR9mD3Ln3-yrSNgJeB0UQNWcbkwxEoV-C_SFyDrzAxKJ0Wbcgw4Ey47wYPVCYalF7RRWSBheOI-FLPObj1OWJy5C2npYCjoWQS-k9Ia4X7UM8CTJj8x7n_iTyPLJJ1bdBTd0_woHsZjR18pTgee0RBmS1_K4pdDBFfqGB_RLUqoeHUnRTamjL37imu8fCt1n65_Rmu-lNjJwAv688OWYRcZjZbjV48S1CDzr85H_1MLACu6kTBKdmsr8ne0NzaTgdd8nIEazlDlXYE2KOb_QyxXYZ7e5MnAQeMNK6ZiJb9FyGTT5oGt4jyo8oC9exW9ovWiSNGJHqwngqALvW9unCw-CqtM6L4irbEhEiHsmaZxpLKeQaCs1DIazc1qZcDnzi50k6g0CVjnfB-RMfZmsX3wDD2OD7o4_FK_51kH-l0FfeMZSJgEBreEqbjW_MxojwVu8DIoWaFaOjaQ3sgnPR0u-_0F_MTaX8kCJTAgSFQ_ew-lJdh_iPNmcTMbMM6kBLmlNzcR_2IPOPoPG6JV96YtyIOZ3vRuiLtYW-2pupB9DjrNa4FaR4ni7sd1Dxer731q43aNR6-OKJhsnDfRqZC8Y465BNaBxNbkldVS53rIrsSOKmCKG2MDRL6RUFxZHzbP_gs6LKBB2dnZfQxcbvZO5G7l90Mb_pBjfH3eNHvk_HWhgAG8DxPw1QHEH5T0b03foTbvDNHJMOKfflY5BbUW7c7BxSkLBfvq2WqXeTgoOg6rJrzWqysrZc2Z9f7Ud6ZCIbEWWZJAzfS-H4oYp75tvnZ_73OETIGNNCXTY5EGc9xxU5YSYVkQSuDnUFNmyHQz_iLXdJ1nM8lvrujsic1davI7tG5e8nfLIiYWWQM2hKX6RsvFHCaOZBnhoknxGTW5Kd455W5yO2CAD4PNwXnBT0lOW4xD_iM-_l0O7FFjJTMj_lPmHWLCACTofz97ZoQjWb1PeEnrMqXG-h47ag0vFkkpTg6JXe2Gc5Bx9Yj-r224kaMGAygA1A9GV4ZsDe_9CUvskvgkFEWei42JKBWr4O2Rdt8ZVhrM8lQBnMPjXRVjKPzE0e4f8ksfl599m1vF_EHPvMvVYcJxKsT3TmDjj6zC2MUZniMEDu_8UvzN-qhk4bcObfbi8fYsURe86WeiSBprKM6njOv7o3y1PLqmAVZr5GLQwp40AHX9fLRbFiiEdCX15InhZyNFZGCTlCH2d5SYnf-79vWGXWdK6YDjwXlXT4vHDbfUIcbE8jgcD-rJYGc9nl78wZL8WL9qLagvLNg79H-HeFd5uVpsI/https://www.amazon.com/gp/aw/d/B07H3PB6LH/?_encoding=UTF8&pd_rd_plhdr=t&aaxitk=775815826e6995480130ba8184ce92f8&hsa_cr_id=0&qid=1782990436&sr=1-5-f02f01d6-adaf-4bef-9a7c-29308eff9043&ref_=sbx__sbtcd2_asin_4_bkgd&pd_rd_w=3qOwm&content-id=amzn1.sym.5159d9cb-0665-4a83-8f64-8881eaba312a%3Aamzn1.sym.5159d9cb-0665-4a83-8f64-8881eaba312a&pf_rd_p=5159d9cb-0665-4a83-8f64-8881eaba312a&pf_rd_r=NS72BBFGF9Q4V3XMAHJ4&pd_rd_wg=ttjjs&pd_rd_r=72cfb132-1153-43e6-812a-6a7d429f9fc7,"https://m.media-amazon.com/images/I/6121CkyqTzL._AC_SR322,134_CB1169409_QL70_.jpg",85,排名靠前；价格处于人民币等值¥57.60-¥180.00黄金区间；标题包含 cloud，符合美国女鞋舒适化趋势；cloud + slides组合趋势加分；评分达到4.3以上。
2026-07-02,amazon_us,product,search,platform sandals women,17,"CUSHIONAIRE Feather EVA Slides for Women – Comfortable Slip On Womens Slippers, Indoor Outdoor Shower Shoes, Beach Essential Cloud Slides CUSHIONAIRE Feather EVA Slides for Women – Comfortable Slip On Womens Slippers, Indoor Outdoor Sh…",¥136.01,4.4,4.4,,,,,,https://aax-us-east-retail-direct.amazon.com/x/c/JCc4UOFPV--lO4MbPXEOAKoAAAGfIoL4SQEAAAH2AQBvbm9fdHhuX2JpZDUgICBvbm9fdHhuX2ltcDEgICA1hNAJ/clv1c_ek-wBPHXFbbWzjK3YoscrxfcOWxCnjqP7-0CUpDnFUkScXyzONh_xxIZ4WCj3AhujQmFV-uPHgDERi62qHKEkWGKcfPXmlO7Oj7hCtiJ1K-6a5RiFLNPl3xZ4f1e8hohnxUa5ty02LmlUixRGv576dPf4NydhF1qq1QxDTUlwp4Twbtv345077kLBYy2rql0CM0Q50pKJV-QhYXOF8hHk0ERu120juSnHI0L3XAFZDOidme2l8eMTB0KBWWpDy6nA2OsH-rfVlR3xz3wqT7y9Vd7GPqCPTCRzxp2U6Ou5q-vFda_ftLXl97q95QB1wdG8dtFVORJVpApL1z88dwQVTaFliJZlEBbWdjS8GogUdfh5KG3XcDYY6Kr-ISPyqZF07NweNrweWTADcvqGn4FAnyDF8g5JyWgpR2ZLECiAbzel0ksWeUCmkvioJPIMj2xQ2oppvIuwI1hb-kzqFCAMC227fEJqk6QPMY0YBN8uG3IdXlxJlTT5xXDIQpgcnTkl0G3wQRqO0sg_yYisoNWnfmvz2aeLiPHjVXzmxvSHXg7jaJtNkRIpupIYsyEeDya7QDzBi_8pPpf0pkUqymz_wnFE8052xj9UfHj01yPhxoHXl_-q4gDFD-3WQ_PBcpBrIJyh8FpeInH0jOgZ69LuShYIb6PYp8ZAvj81znjnX5Ph3RVfDxfvXKRJ_TXxT1UXXoHdyjM0dXYIebSg8OH19BeQAwPAA9FQBxwoCeAyH14xniSo8xG7ujTIgdxBg_PoIFsY8aZgz-xnjmvjFyUWz9qdZNmBSLz9j5UJMi6byD68f2X4SJ4Y7DNLtVCg7sqlAK_q4oNXq5HG81jtt-_u2mbvSanLUXgCFdouyzVdFEKIN35qkAZO2haeLSVdfepJd_VRe8XvuScvrG6mB_8fgveR2PLReKdJ_0phLwtu5wtylq0sgPyT6vtd_rp61hRHjU5Thy3seguki5OslhrR8VimqVgPUZoBXRMNHdFGJFnJyTaxzB-PipkSse2BzryWNTjZpD-YBg4A_v0X6LLxu201oYL04166BJO8MFT74rMv0Hlf2ER2KeN9q377rx5mBoDMRN26dZQhSnA7moYrKf_w384eatGlzqKEBQLVXMYuX1ByNXdiNax2-n6PBo5M_qJjaQqV5cBqs-kf1VR6DMWhhJBUsRm-hzliixEgvP2XyRLRI7Obd-5o96uu34S_zCxJEyILXCN-9Qbzg5f2Z_RKVXazNjYyjPD2M3w91x4Lw2ngfTrDK-O__avf80Din8ztWqkE59DBpGh34NYKk__KE4oBuGrSZgN4S5h_NdWvm8ZIersj96sWvCwU-uEq0eyoKN4q1KYARBubvQ5EuM628SRtmoP0MtySOTEloXztQk7Ib2msr-xXAuOOtBIHOLoFsqmfdD3vItngDd95SW11OlJ0jYphkJLCcVEBOuhaQGlFgSj3Y9aH05D41p-CER9w9ktk3elz8GCQ3LFftBTGgH3wDSi7HTNJkPkqSB8y__VZ6loNiHzeN6h6eQyfqFQcwmcS8xbtRrx5lsjz0InMa1yyOwjW0g_jlTxk_4obBvxbGf4yVqkg0BbBhJx0MFTPTORmufrMj_Ef6GkpVmKKvMndGAztKgGo0wBm_P1rMVK04iRMAmMaI10lDAkJW4Vi3FQX05ZwBSmQxS7rT7jcxJ4Ibx-S3sSf2LOxA/https://www.amazon.com/gp/aw/d/B094T7X4TF/?_encoding=UTF8&pd_rd_plhdr=t&aaxitk=5ba5259cdd41489b62ef0207eef11481&hsa_cr_id=0&qid=1782990436&sr=1-9-f02f01d6-adaf-4bef-9a7c-29308eff9043&ref_=sbx__sbtcd2_asin_8_bkgd&pd_rd_w=A5FK3&content-id=amzn1.sym.5159d9cb-0665-4a83-8f64-8881eaba312a%3Aamzn1.sym.5159d9cb-0665-4a83-8f64-8881eaba312a&pf_rd_p=5159d9cb-0665-4a83-8f64-8881eaba312a&pf_rd_r=WNNH2DVV4WMZMPR2PCP6&pd_rd_wg=RT4Uk&pd_rd_r=0035b7a9-d5b5-43a6-a32c-3681360a4424,"https://m.media-amazon.com/images/I/71wn2rr8uVL._AC_SR322,134_CB1169409_QL70_.jpg",84,排名进入前30；价格处于人民币等值¥57.60-¥180.00黄金区间；标题包含 cloud、comfort、beach，符合美国女鞋舒适化趋势；cloud + slides组合趋势加分；评分达到4.3以上。
2026-07-02,amazon_us,product,search,platform sandals women,15,"CUSHIONAIRE Fame Pillow Recovery Sandals for Women, Adjustable Double Buckle Waterproof EVA Cloud Slides for Women CUSHIONAIRE Fame Pillow Recovery Sandals for Women, Adjustable Double Buckle Waterproof EVA Cloud Slide…",¥194.33,4.4,4.4,,,,,,https://aax-us-east-retail-direct.amazon.com/x/c/JCc4UOFPV--lO4MbPXEOAKoAAAGfIoL4SQEAAAH2AQBvbm9fdHhuX2JpZDUgICBvbm9fdHhuX2ltcDEgICA1hNAJ/clv1c_ek-wBPHXFbbWzjK3YoscrxfcOWxCnjqP7-0CUpDnFUkScXyzONh_xxIZ4WCj3AhujQmFV-uPHgDERi62qHKEkWGKcfPXmlO7Oj7hCtiJ1K-6a5RiFLNPl3xZ4f1e8hohnxUa5ty02LmlUixRGv576dPf4NydhF1qq1QxDTUlwp4Twbtv345077kLBYy2rql0CM0Q50pKJV-QhYXOF8hHk0ERu120juSnHI0L3XAFZDOidme2l8eMTB0KBWWpDy6nA2OsH-rfVlR3xz3wqT7y9Vd7GPqCPTCRzxp2U6Ou5q-vFda_ftLXl97q95QB1wdG8dtFVORJVpApL1z88dwQVTaFliJZlEBbWdjS8GogUdfh5KG3XcDYY6Kr-ISPyqZF07NweNrweWTADcvqGn4FAnyDF8g5JyWgpR2ZLECiAbzel0ksWeUCmkvioJPIMj2xQ2oppvIuwI1hb-kzqFCAMC227fEJqk6QPMY0YBN8uG3IdXlxJlTT5xXDIQpgcnTkl0G3wQRqO0sg_yYisoNWnfmvz2aeLiPHjVXzmxvSHXg7jaJtNkRIpupIYsyEeDya7QDzBi_8pPpf0pkUqymz_wnFE8052xj9UfHj01yPhxoHXl_-q4gDFD-3WQ_PBcpBrIJyh8FpeInH0jOgZ69LuShYIb6PYp8ZAvj81znjnX5Ph3RVfDxfvXKRJ_TXxT1UXXoHdyjM0dXYIebSg8OH19BeQAwPAA9FQBxwoCeAyH14xniSo8xG7ujTIgdxBg_PoIFsY8aZgz-xnjmvjFyUWz9qdZNmBSLz9j5UJMi6byD68f2X4SJ4Y7DNLtVCg7sqlAK_q4oNXq5HG81jtt-_u2mbvSanLUXgCFdouyzVdFEKIN35qkAZO2haeLSVdfepJd_VRe8XvuScvrG6mB_8fgveR2PLReKdJ_0phLwtu5wtylq0sgPyT6vtd_rp61hRHjU5Thy3seguki5OslhrR8VimqVgPUZoBXRMNHdFGJFnJyTaxzB-PipkSse2BzryWNTjZpD-YBg4A_v0X6LLxu201oYL04166BJO8MFT74rMv0Hlf2ER2KeN9q377rx5mBoDMRN26dZQhSnA7moYrKf_w384eatGlzqKEBQLVXMYuX1ByNXdiNax2-n6PBo5M_qJjaQqV5cBqs-kf1VR6DMWhhJBUsRm-hzliixEgvP2XyRLRI7Obd-5o96uu34S_zCxJEyILXCN-9Qbzg5f2Z_RKVXazNjYyjPD2M3w91x4Lw2ngfTrDK-O__avf80Din8ztWqkE59DBpGh34NYKk__KE4oBuGrSZgN4S5h_NdWvm8ZIersj96sWvCwU-uEq0eyoKN4q1KYARBubvQ5EuM628SRtmoP0MtySOTEloXztQk7Ib2msr-xXAuOOtBIHOLoFsqmfdD3vItngDd95SW11OlJ0jYphkJLCcVEBOuhaQGlFgSj3Y9aH05D41p-CER9w9ktk3elz8GCQ3LFftBTGgH3wDSi7HTNJkPkqSB8y__VZ6loNiHzeN6h6eQyfqFQcwmcS8xbtRrx5lsjz0InMa1yyOwjW0g_jlTxk_4obBvxbGf4yVqkg0BbBhJx0MFTPTORmufrMj_Ef6GkpVmKKvMndGAztKgGo0wBm_P1rMVK04iRMAmMaI10lDAkJW4Vi3FQX05ZwBSmQxS7rT7jcxJ4Ibx-S3sSf2LOxA/https://www.amazon.com/gp/aw/d/B09CK13W3R/?_encoding=UTF8&pd_rd_plhdr=t&aaxitk=5ba5259cdd41489b62ef0207eef11481&hsa_cr_id=0&qid=1782990436&sr=1-7-f02f01d6-adaf-4bef-9a7c-29308eff9043&ref_=sbx__sbtcd2_asin_6_bkgd&pd_rd_w=A5FK3&content-id=amzn1.sym.5159d9cb-0665-4a83-8f64-8881eaba312a%3Aamzn1.sym.5159d9cb-0665-4a83-8f64-8881eaba312a&pf_rd_p=5159d9cb-0665-4a83-8f64-8881eaba312a&pf_rd_r=WNNH2DVV4WMZMPR2PCP6&pd_rd_wg=RT4Uk&pd_rd_r=0035b7a9-d5b5-43a6-a32c-3681360a4424,"https://m.media-amazon.com/images/I/71shJc38wAL._AC_SR322,134_CB1169409_QL70_.jpg",78,排名进入前30；价格处于人民币等值¥180.00-¥288.00区间；标题包含 cloud、recovery，符合美国女鞋舒适化趋势；cloud + slides组合趋势加分；评分达到4.3以上。
2026-07-02,amazon_us,product,best_sellers,Best Sellers Women Sandals,21,shevalues Orthopedic Sandals for Women Arch Support Recovery Flip Flops Pillow Soft Summer Beach Shoes,,4.3,$18.99,,,,,,https://www.amazon.com/Orthotic-Pillow-Recovery-Sandals-Support/dp/B09LC836QG/ref=zg_bs_g_679425011_d_sccl_21/144-8125776-6072209?psc=1,"https://images-na.ssl-images-amazon.com/images/I/61o9ArJVVsL._AC_UL600_SR600,400_.jpg",77,排名进入前30；标题包含 recovery、orthopedic、arch support、soft、beach、summer，符合美国女鞋舒适化趋势；orthopedic + arch support组合趋势加分；评分达到4.3以上。
2026-07-02,amazon_us,product,best_sellers,Best Sellers Women Sandals,5,Project Cloud 100% Genuine Leather Flat Sandals For Women 2026 Cork Footbed Womens Sandals with Memory Foam and arch support Vacation Essentials Slides for Women Footwear (Venita),,4.4,$39.90,,,,,,https://www.amazon.com/Project-Cloud-Comfortable-Essentials-Vacation/dp/B0CNYDF946/ref=zg_bs_g_679425011_d_sccl_5/144-8125776-6072209?psc=1,"https://images-na.ssl-images-amazon.com/images/I/61PPWwEkHDL._AC_UL600_SR600,400_.jpg",76,排名靠前；标题包含 cloud、arch support，符合美国女鞋舒适化趋势；cloud + slides组合趋势加分；评分达到4.3以上。
2026-07-02,amazon_us,product,search,women slides,9,LongBay Womens Adjustable Slippers Memory Foam Cozy Wide Diabetic House Shoes Edema Orthopedic Neuropathy Indoor Outdoor LongBay Womens Adjustable Slippers Memory Foam Cozy Wide Diabetic House Shoes Edema Orthopedic Neuropa…,¥158.33,4.3,4.3,,,,,,https://aax-us-east-retail-direct.amazon.com/x/c/JAn5H1AdWGgOjk4lRZShSj8AAAGfIoL4MQEAAAH2AQBvbm9fdHhuX2JpZDYgICBvbm9fdHhuX2ltcDIgICDhVrKi/clv1c_ek-ABPHXFbbWzjK3YoscrxfcOWxCnjqPwrZx0pLnFUmL7dBSbaJKBNoqcg3m1xNIA5jhQQSwneylhi0QVoW8MLFEd5m8qSf3dDtxUzkL5_Cyu9fjJ73H9wAAiLvwqEKZh7nqJBRGhOsiwKw-gcJn8t_a8rO5tlXsupSwzfXvyo0UZVH9LqDv5eIOg2goGPz8NWJ2GE2iXEWYdWd4sl32-WDjBemVlnrWRV4O7MtfKrbN1gay6UwadM6ip8fW5eUGWv8kNbPlxYPnrbK2mpzLvV0H8oa07jMV3EKhpfg96Z-Y0YUQJjcLKUvMXmPP5DFIPvWvjIxQJmXclt2UdVdphBw0lkTY4I20Z240MnuG0GJhyLGCSEWqIne5_o8rMPv5A2bfR9mD3Ln3-yrSNgJeB0UQNWcbkwxEoV-C_SFyDrzAxKJ0Wbcgw4Ey47wYPVCYalF7RRWSBheOI-FLPObj1OWJy5C2npYCjoWQS-k9Ia4X7UM8CTJj8x7n_iTyPLJJ1bdBTd0_woHsZjR18pTgee0RBmS1_K4pdDBFfqGB_RLUqoeHUnRTamjL37imu8fCt1n65_Rmu-lNjJwAv688OWYRcZjZbjV48S1CDzr85H_1MLACu6kTBKdmsr8ne0NzaTgdd8nIEazlDlXYE2KOb_QyxXYZ7e5MnAQeMNK6ZiJb9FyGTT5oGt4jyo8oC9exW9ovWiSNGJHqwngqALvW9unCw-CqtM6L4irbEhEiHsmaZxpLKeQaCs1DIazc1qZcDnzi50k6g0CVjnfB-RMfZmsX3wDD2OD7o4_FK_51kH-l0FfeMZSJgEBreEqbjW_MxojwVu8DIoWaFaOjaQ3sgnPR0u-_0F_MTaX8kCJTAgSFQ_ew-lJdh_iPNmcTMbMM6kBLmlNzcR_2IPOPoPG6JV96YtyIOZ3vRuiLtYW-2pupB9DjrNa4FaR4ni7sd1Dxer731q43aNR6-OKJhsnDfRqZC8Y465BNaBxNbkldVS53rIrsSOKmCKG2MDRL6RUFxZHzbP_gs6LKBB2dnZfQxcbvZO5G7l90Mb_pBjfH3eNHvk_HWhgAG8DxPw1QHEH5T0b03foTbvDNHJMOKfflY5BbUW7c7BxSkLBfvq2WqXeTgoOg6rJrzWqysrZc2Z9f7Ud6ZCIbEWWZJAzfS-H4oYp75tvnZ_73OETIGNNCXTY5EGc9xxU5YSYVkQSuDnUFNmyHQz_iLXdJ1nM8lvrujsic1davI7tG5e8nfLIiYWWQM2hKX6RsvFHCaOZBnhoknxGTW5Kd455W5yO2CAD4PNwXnBT0lOW4xD_iM-_l0O7FFjJTMj_lPmHWLCACTofz97ZoQjWb1PeEnrMqXG-h47ag0vFkkpTg6JXe2Gc5Bx9Yj-r224kaMGAygA1A9GV4ZsDe_9CUvskvgkFEWei42JKBWr4O2Rdt8ZVhrM8lQBnMPjXRVjKPzE0e4f8ksfl599m1vF_EHPvMvVYcJxKsT3TmDjj6zC2MUZniMEDu_8UvzN-qhk4bcObfbi8fYsURe86WeiSBprKM6njOv7o3y1PLqmAVZr5GLQwp40AHX9fLRbFiiEdCX15InhZyNFZGCTlCH2d5SYnf-79vWGXWdK6YDjwXlXT4vHDbfUIcbE8jgcD-rJYGc9nl78wZL8WL9qLagvLNg79H-HeFd5uVpsI/https://www.amazon.com/gp/aw/d/B07QZRTGDQ/?_encoding=UTF8&pd_rd_plhdr=t&aaxitk=775815826e6995480130ba8184ce92f8&hsa_cr_id=0&qid=1782990436&sr=1-6-f02f01d6-adaf-4bef-9a7c-29308eff9043&ref_=sbx__sbtcd2_asin_5_bkgd&pd_rd_w=3qOwm&content-id=amzn1.sym.5159d9cb-0665-4a83-8f64-8881eaba312a%3Aamzn1.sym.5159d9cb-0665-4a83-8f64-8881eaba312a&pf_rd_p=5159d9cb-0665-4a83-8f64-8881eaba312a&pf_rd_r=NS72BBFGF9Q4V3XMAHJ4&pd_rd_wg=ttjjs&pd_rd_r=72cfb132-1153-43e6-812a-6a7d429f9fc7,"https://m.media-amazon.com/images/I/81vlBHmDhGL._AC_SR322,134_CB1169409_QL70_.jpg",75,排名靠前；价格处于人民币等值¥57.60-¥180.00黄金区间；标题包含 orthopedic，符合美国女鞋舒适化趋势；评分达到4.3以上。
2026-07-02,amazon_us,product,search,platform sandals women,9,CUSHIONAIRE Lane Cork Footbed Womens Sandals Comfortable Double Buckle Slip On Sandals for Women with Arch Support and Classic Two Strap Design CUSHIONAIRE Lane Cork Footbed Womens Sandals Comfortable Double Buckle Slip On Sandals for Women…,¥239.26,4.5,4.5,,,,,,https://aax-us-east-retail-direct.amazon.com/x/c/JCc4UOFPV--lO4MbPXEOAKoAAAGfIoL4SQEAAAH2AQBvbm9fdHhuX2JpZDUgICBvbm9fdHhuX2ltcDEgICA1hNAJ/clv1c_ek-wBPHXFbbWzjK3YoscrxfcOWxCnjqP7-0CUpDnFUkScXyzONh_xxIZ4WCj3AhujQmFV-uPHgDERi62qHKEkWGKcfPXmlO7Oj7hCtiJ1K-6a5RiFLNPl3xZ4f1e8hohnxUa5ty02LmlUixRGv576dPf4NydhF1qq1QxDTUlwp4Twbtv345077kLBYy2rql0CM0Q50pKJV-QhYXOF8hHk0ERu120juSnHI0L3XAFZDOidme2l8eMTB0KBWWpDy6nA2OsH-rfVlR3xz3wqT7y9Vd7GPqCPTCRzxp2U6Ou5q-vFda_ftLXl97q95QB1wdG8dtFVORJVpApL1z88dwQVTaFliJZlEBbWdjS8GogUdfh5KG3XcDYY6Kr-ISPyqZF07NweNrweWTADcvqGn4FAnyDF8g5JyWgpR2ZLECiAbzel0ksWeUCmkvioJPIMj2xQ2oppvIuwI1hb-kzqFCAMC227fEJqk6QPMY0YBN8uG3IdXlxJlTT5xXDIQpgcnTkl0G3wQRqO0sg_yYisoNWnfmvz2aeLiPHjVXzmxvSHXg7jaJtNkRIpupIYsyEeDya7QDzBi_8pPpf0pkUqymz_wnFE8052xj9UfHj01yPhxoHXl_-q4gDFD-3WQ_PBcpBrIJyh8FpeInH0jOgZ69LuShYIb6PYp8ZAvj81znjnX5Ph3RVfDxfvXKRJ_TXxT1UXXoHdyjM0dXYIebSg8OH19BeQAwPAA9FQBxwoCeAyH14xniSo8xG7ujTIgdxBg_PoIFsY8aZgz-xnjmvjFyUWz9qdZNmBSLz9j5UJMi6byD68f2X4SJ4Y7DNLtVCg7sqlAK_q4oNXq5HG81jtt-_u2mbvSanLUXgCFdouyzVdFEKIN35qkAZO2haeLSVdfepJd_VRe8XvuScvrG6mB_8fgveR2PLReKdJ_0phLwtu5wtylq0sgPyT6vtd_rp61hRHjU5Thy3seguki5OslhrR8VimqVgPUZoBXRMNHdFGJFnJyTaxzB-PipkSse2BzryWNTjZpD-YBg4A_v0X6LLxu201oYL04166BJO8MFT74rMv0Hlf2ER2KeN9q377rx5mBoDMRN26dZQhSnA7moYrKf_w384eatGlzqKEBQLVXMYuX1ByNXdiNax2-n6PBo5M_qJjaQqV5cBqs-kf1VR6DMWhhJBUsRm-hzliixEgvP2XyRLRI7Obd-5o96uu34S_zCxJEyILXCN-9Qbzg5f2Z_RKVXazNjYyjPD2M3w91x4Lw2ngfTrDK-O__avf80Din8ztWqkE59DBpGh34NYKk__KE4oBuGrSZgN4S5h_NdWvm8ZIersj96sWvCwU-uEq0eyoKN4q1KYARBubvQ5EuM628SRtmoP0MtySOTEloXztQk7Ib2msr-xXAuOOtBIHOLoFsqmfdD3vItngDd95SW11OlJ0jYphkJLCcVEBOuhaQGlFgSj3Y9aH05D41p-CER9w9ktk3elz8GCQ3LFftBTGgH3wDSi7HTNJkPkqSB8y__VZ6loNiHzeN6h6eQyfqFQcwmcS8xbtRrx5lsjz0InMa1yyOwjW0g_jlTxk_4obBvxbGf4yVqkg0BbBhJx0MFTPTORmufrMj_Ef6GkpVmKKvMndGAztKgGo0wBm_P1rMVK04iRMAmMaI10lDAkJW4Vi3FQX05ZwBSmQxS7rT7jcxJ4Ibx-S3sSf2LOxA/https://www.amazon.com/gp/aw/d/B075PCJWXY/?_encoding=UTF8&pd_rd_plhdr=t&aaxitk=5ba5259cdd41489b62ef0207eef11481&hsa_cr_id=0&qid=1782990436&sr=1-1-f02f01d6-adaf-4bef-9a7c-29308eff9043&ref_=sbx__sbtcd2_asin_0_bkgd&pd_rd_w=A5FK3&content-id=amzn1.sym.5159d9cb-0665-4a83-8f64-8881eaba312a%3Aamzn1.sym.5159d9cb-0665-4a83-8f64-8881eaba312a&pf_rd_p=5159d9cb-0665-4a83-8f64-8881eaba312a&pf_rd_r=WNNH2DVV4WMZMPR2PCP6&pd_rd_wg=RT4Uk&pd_rd_r=0035b7a9-d5b5-43a6-a32c-3681360a4424,"https://m.media-amazon.com/images/I/81suZ76XHpL._AC_SR322,134_CB1169409_QL70_.jpg",74,排名靠前；价格处于人民币等值¥180.00-¥288.00区间；标题包含 comfort、arch support，符合美国女鞋舒适化趋势；评分达到4.3以上。
2026-07-02,amazon_us,product,best_sellers,Best Sellers Women Sandals,17,"Goosecret Women's Comfortable Arch Support Walking Platform Sandals | Lightweight Chunky Slip-On Foam Slides with Adjustable Buckle, Sandals for Beach and Daily Wear",,4.4,$18.99,,,,,,https://www.amazon.com/Goosecret-Platform-Lightweight-Comfortable-Adjustable/dp/B0CZ75N4PP/ref=zg_bs_g_679425011_d_sccl_17/144-8125776-6072209?psc=1,"https://images-na.ssl-images-amazon.com/images/I/61l3YNTRtgL._AC_UL600_SR600,400_.jpg",72,排名进入前30；标题包含 platform、comfort、arch support、beach，符合美国女鞋舒适化趋势；platform + comfort组合趋势加分；评分达到4.3以上。
2026-07-02,amazon_us,product,new_releases,New Releases Women Sandals,28,SHIBEVER Womens Wedge Sandals Dressy: Arch Support Slip-On Comfortable Summer Sandals Open Toe Flower Casual Platform Shoes Size 5-11,,4.4,$32.39,,,,,,https://www.amazon.com/SHIBEVER-Comfortable-Lightweight-Platform-Vacation/dp/B0GZQ2W66D/ref=zg_bsnr_g_679425011_d_sccl_28/146-3742404-1051655?psc=1,"https://images-na.ssl-images-amazon.com/images/I/71s6gVMM2nL._AC_UL600_SR600,400_.jpg",72,排名进入前30；标题包含 platform、comfort、arch support、summer、wedge，符合美国女鞋舒适化趋势；platform + comfort组合趋势加分；评分达到4.3以上。
2026-07-02,amazon_us,product,search,platform sandals women,19,"Women's Bohemian Espadrille Platform Sandals, T-Strap Wedge Sandals with Turquoise Decor, Adjustable Ankle Buckle, Summer Beach Shoes",¥273.53,4.7,"Price, product page $37.99 $ 37 . 99 List: $39.99 List: $39.99 $39.99",,,,,,https://www.amazon.com/EXEBLUE-Bohemian-Espadrille-Turquoise-Adjustable/dp/B0GVRBGBWP/ref=sr_1_3?dib=eyJ2IjoiMSJ9.b40a7B90wYxMAM79Sxswy9CaSBvT-Au8SyrrYgI-JCANtM1nqubAolqvyV0CV8kCf3SEZd3I5OvYncpX2A4ywbf-3o9OYmKnuegtM5sA4E0pJ6Lv8ggvruC99I6VsCZ8dgkErL6SQDXYb-fzNSPp3x281F7XSxhL3DSG-4cUTuxXm3yp7QJFYadEV3A345xBeopkFq31LijhcDbMIQXP4mAl3b4aEYqhRHJbo8v23BW0Is7xRQScAZnTK3XQNqZRfoM4nQGR07_OnglSYuh_Uo-A34GOPuggRSuU61IcLic.-kQJ8ILaxefTnBWCC5ZAN1fd3s-W0ILBbigpP4vzO0I&dib_tag=se&keywords=platform+sandals+women&qid=1782990436&sr=8-3,https://m.media-amazon.com/images/I/81yEZuSfWhL._AC_UL320_.jpg,72,排名进入前30；价格处于人民币等值¥180.00-¥288.00区间；标题包含 platform、beach、summer、wedge，符合美国女鞋舒适化趋势；评分达到4.6以上。
2026-07-02,amazon_us,product,search,platform sandals women,37,"Women's Platform Clogs Sandals Cork Footbed with Comfort Double Buckles, Summer Platform Slides Mules, Summer Beach Comfort Wide Widths Availab",¥215.93,4.3,200+ bought in past month,,,,,,https://www.amazon.com/BiuYorBTY-Platform-Sandals-Footbed-Comfort/dp/B0DZ1NT6L9/ref=sr_1_21?dib=eyJ2IjoiMSJ9.b40a7B90wYxMAM79Sxswy9CaSBvT-Au8SyrrYgI-JCANtM1nqubAolqvyV0CV8kCf3SEZd3I5OvYncpX2A4ywbf-3o9OYmKnuegtM5sA4E0pJ6Lv8ggvruC99I6VsCZ8dgkErL6SQDXYb-fzNSPp3x281F7XSxhL3DSG-4cUTuxXm3yp7QJFYadEV3A345xBeopkFq31LijhcDbMIQXP4mAl3b4aEYqhRHJbo8v23BW0Is7xRQScAZnTK3XQNqZRfoM4nQGR07_OnglSYuh_Uo-A34GOPuggRSuU61IcLic.-kQJ8ILaxefTnBWCC5ZAN1fd3s-W0ILBbigpP4vzO0I&dib_tag=se&keywords=platform+sandals+women&qid=1782990436&sr=8-21,https://m.media-amazon.com/images/I/716g0SFJuTL._AC_UL320_.jpg,72,排名进入前50；评论数达到50以上；价格处于人民币等值¥180.00-¥288.00区间；标题包含 platform、comfort、beach、summer，符合美国女鞋舒适化趋势；platform + comfort组合趋势加分；评分达到4.3以上。
2026-07-02,amazon_us,product,best_sellers,Best Sellers Women Sandals,2,KuaiLu Flip Flops for Women with Arch Support Yoga Mat Comfortable Summer Beach Walking Thong Cushion Sandals Slip On Indoor Outdoor,,4.3,$13.99,,,,,,https://www.amazon.com/KuaiLu-Support-Comfortable-Walking-Sandals/dp/B0C5ZRQS2X/ref=zg_bs_g_679425011_d_sccl_2/144-8125776-6072209?psc=1,"https://images-na.ssl-images-amazon.com/images/I/710PdcSAm6L._AC_UL600_SR600,400_.jpg",70,排名靠前；标题包含 comfort、arch support、beach、summer，符合美国女鞋舒适化趋势；评分达到4.3以上。
2026-07-02,amazon_us,product,search,women slides,7,LongBay Womens Slippers Slip on Memory Foam Soft House Shoes with Brushed Jersey Upper Anti-Slip Sole for Indoor Outdoor LongBay Womens Slippers Slip on Memory Foam Soft House Shoes with Brushed Jersey Upper Anti-Slip Sole for Ind…,¥143.93,4.4,4.4,,,,,,https://aax-us-east-retail-direct.amazon.com/x/c/JAn5H1AdWGgOjk4lRZShSj8AAAGfIoL4MQEAAAH2AQBvbm9fdHhuX2JpZDYgICBvbm9fdHhuX2ltcDIgICDhVrKi/clv1c_ek-ABPHXFbbWzjK3YoscrxfcOWxCnjqPwrZx0pLnFUmL7dBSbaJKBNoqcg3m1xNIA5jhQQSwneylhi0QVoW8MLFEd5m8qSf3dDtxUzkL5_Cyu9fjJ73H9wAAiLvwqEKZh7nqJBRGhOsiwKw-gcJn8t_a8rO5tlXsupSwzfXvyo0UZVH9LqDv5eIOg2goGPz8NWJ2GE2iXEWYdWd4sl32-WDjBemVlnrWRV4O7MtfKrbN1gay6UwadM6ip8fW5eUGWv8kNbPlxYPnrbK2mpzLvV0H8oa07jMV3EKhpfg96Z-Y0YUQJjcLKUvMXmPP5DFIPvWvjIxQJmXclt2UdVdphBw0lkTY4I20Z240MnuG0GJhyLGCSEWqIne5_o8rMPv5A2bfR9mD3Ln3-yrSNgJeB0UQNWcbkwxEoV-C_SFyDrzAxKJ0Wbcgw4Ey47wYPVCYalF7RRWSBheOI-FLPObj1OWJy5C2npYCjoWQS-k9Ia4X7UM8CTJj8x7n_iTyPLJJ1bdBTd0_woHsZjR18pTgee0RBmS1_K4pdDBFfqGB_RLUqoeHUnRTamjL37imu8fCt1n65_Rmu-lNjJwAv688OWYRcZjZbjV48S1CDzr85H_1MLACu6kTBKdmsr8ne0NzaTgdd8nIEazlDlXYE2KOb_QyxXYZ7e5MnAQeMNK6ZiJb9FyGTT5oGt4jyo8oC9exW9ovWiSNGJHqwngqALvW9unCw-CqtM6L4irbEhEiHsmaZxpLKeQaCs1DIazc1qZcDnzi50k6g0CVjnfB-RMfZmsX3wDD2OD7o4_FK_51kH-l0FfeMZSJgEBreEqbjW_MxojwVu8DIoWaFaOjaQ3sgnPR0u-_0F_MTaX8kCJTAgSFQ_ew-lJdh_iPNmcTMbMM6kBLmlNzcR_2IPOPoPG6JV96YtyIOZ3vRuiLtYW-2pupB9DjrNa4FaR4ni7sd1Dxer731q43aNR6-OKJhsnDfRqZC8Y465BNaBxNbkldVS53rIrsSOKmCKG2MDRL6RUFxZHzbP_gs6LKBB2dnZfQxcbvZO5G7l90Mb_pBjfH3eNHvk_HWhgAG8DxPw1QHEH5T0b03foTbvDNHJMOKfflY5BbUW7c7BxSkLBfvq2WqXeTgoOg6rJrzWqysrZc2Z9f7Ud6ZCIbEWWZJAzfS-H4oYp75tvnZ_73OETIGNNCXTY5EGc9xxU5YSYVkQSuDnUFNmyHQz_iLXdJ1nM8lvrujsic1davI7tG5e8nfLIiYWWQM2hKX6RsvFHCaOZBnhoknxGTW5Kd455W5yO2CAD4PNwXnBT0lOW4xD_iM-_l0O7FFjJTMj_lPmHWLCACTofz97ZoQjWb1PeEnrMqXG-h47ag0vFkkpTg6JXe2Gc5Bx9Yj-r224kaMGAygA1A9GV4ZsDe_9CUvskvgkFEWei42JKBWr4O2Rdt8ZVhrM8lQBnMPjXRVjKPzE0e4f8ksfl599m1vF_EHPvMvVYcJxKsT3TmDjj6zC2MUZniMEDu_8UvzN-qhk4bcObfbi8fYsURe86WeiSBprKM6njOv7o3y1PLqmAVZr5GLQwp40AHX9fLRbFiiEdCX15InhZyNFZGCTlCH2d5SYnf-79vWGXWdK6YDjwXlXT4vHDbfUIcbE8jgcD-rJYGc9nl78wZL8WL9qLagvLNg79H-HeFd5uVpsI/https://www.amazon.com/gp/aw/d/B0GQDRZZJ5/?_encoding=UTF8&pd_rd_plhdr=t&aaxitk=775815826e6995480130ba8184ce92f8&hsa_cr_id=0&qid=1782990436&sr=1-4-f02f01d6-adaf-4bef-9a7c-29308eff9043&ref_=sbx__sbtcd2_asin_3_bkgd&pd_rd_w=3qOwm&content-id=amzn1.sym.5159d9cb-0665-4a83-8f64-8881eaba312a%3Aamzn1.sym.5159d9cb-0665-4a83-8f64-8881eaba312a&pf_rd_p=5159d9cb-0665-4a83-8f64-8881eaba312a&pf_rd_r=NS72BBFGF9Q4V3XMAHJ4&pd_rd_wg=ttjjs&pd_rd_r=72cfb132-1153-43e6-812a-6a7d429f9fc7,"https://m.media-amazon.com/images/I/71L0GoiIBNL._AC_SR322,134_CB1169409_QL70_.jpg",70,排名靠前；价格处于人民币等值¥57.60-¥180.00黄金区间；标题包含 soft，符合美国女鞋舒适化趋势；评分达到4.3以上。
2026-07-02,amazon_us,product,best_sellers,Best Sellers Women Sandals,24,Project Cloud 100% Genuine Leather Flat Sandals for Women 2026 Comfortable Beach Essentials Womens Sandals Memory Foam Vacation Essentials Slides for Women Footwear (Santorini),,4.3,$39.90,,,,,,https://www.amazon.com/Project-Cloud-Comfortable-Essentials-Santorini/dp/B0DQF9DJNY/ref=zg_bs_g_679425011_d_sccl_24/144-8125776-6072209?psc=1,"https://images-na.ssl-images-amazon.com/images/I/81gswZHf+6L._AC_UL600_SR600,400_.jpg",69,排名进入前30；标题包含 cloud、comfort、beach，符合美国女鞋舒适化趋势；cloud + slides组合趋势加分；评分达到4.3以上。
2026-07-02,amazon_us,product,best_sellers,Best Sellers Women Sandals,27,"CUSHIONAIRE Feather EVA Slides for Women – Comfortable Slip On Womens Slippers, Indoor Outdoor Shower Shoes, Beach Essential Cloud Slides",,4.4,$25.64,,,,,,https://www.amazon.com/Cushionaire-Womens-Feather-recovery-Comfort/dp/B094TD7Z1K/ref=zg_bs_g_679425011_d_sccl_27/144-8125776-6072209?psc=1,"https://images-na.ssl-images-amazon.com/images/I/817PhiYQjLL._AC_UL600_SR600,400_.jpg",69,排名进入前30；标题包含 cloud、comfort、beach，符合美国女鞋舒适化趋势；cloud + slides组合趋势加分；评分达到4.3以上。
2026-07-02,amazon_us,product,new_releases,New Releases Women Sandals,12,"Project Cloud Genuine Leather Women’s Sandals – Thong Flip Flops with Plush Soft Insole, Arch Support & Non Slip Outsole – Comfortable Beach & Summer Slides",,4.1,$35.91,,,,,,https://www.amazon.com/Project-Cloud-Genuine-Leather-Sandals/dp/B0GHT63G3W/ref=zg_bsnr_g_679425011_d_sccl_12/146-3742404-1051655?psc=1,"https://images-na.ssl-images-amazon.com/images/I/71Da9eEAVQL._AC_UL600_SR600,400_.jpg",69,排名进入前30；标题包含 cloud、comfort、arch support、soft、beach、summer，符合美国女鞋舒适化趋势；cloud + slides组合趋势加分；评分达到4.0以上。
2026-07-02,amazon_us,product,new_releases,New Releases Women Sandals,4,Project Cloud Platform Sandals Women - Memory Foam Insole Flip Flops and Lightweight Womens Sandals - Non-Slip Summer Thong Sandals for Women 2026 (ELEVATION),,4.2,$42.90,,,,,,https://www.amazon.com/Project-Cloud-Platform-Sandals-Women/dp/B0GTZK16HL/ref=zg_bsnr_g_679425011_d_sccl_4/146-3742404-1051655?psc=1,"https://images-na.ssl-images-amazon.com/images/I/61Kn9EsnuXL._AC_UL600_SR600,400_.jpg",68,排名靠前；标题包含 cloud、platform、summer，符合美国女鞋舒适化趋势；评分达到4.0以上。
2026-07-02,amazon_us,product,search,platform sandals women,10,"CUSHIONAIRE Siesta Modern Lattice Ballet Flats for Women, Comfortable Slip On Pointed Toe Womens Jelly Shoes CUSHIONAIRE Siesta Modern Lattice Ballet Flats for Women, Comfortable Slip On Pointed Toe Womens Jelly S…",¥287.86,4.3,4.3,,,,,,https://aax-us-east-retail-direct.amazon.com/x/c/JCc4UOFPV--lO4MbPXEOAKoAAAGfIoL4SQEAAAH2AQBvbm9fdHhuX2JpZDUgICBvbm9fdHhuX2ltcDEgICA1hNAJ/clv1c_ek-wBPHXFbbWzjK3YoscrxfcOWxCnjqP7-0CUpDnFUkScXyzONh_xxIZ4WCj3AhujQmFV-uPHgDERi62qHKEkWGKcfPXmlO7Oj7hCtiJ1K-6a5RiFLNPl3xZ4f1e8hohnxUa5ty02LmlUixRGv576dPf4NydhF1qq1QxDTUlwp4Twbtv345077kLBYy2rql0CM0Q50pKJV-QhYXOF8hHk0ERu120juSnHI0L3XAFZDOidme2l8eMTB0KBWWpDy6nA2OsH-rfVlR3xz3wqT7y9Vd7GPqCPTCRzxp2U6Ou5q-vFda_ftLXl97q95QB1wdG8dtFVORJVpApL1z88dwQVTaFliJZlEBbWdjS8GogUdfh5KG3XcDYY6Kr-ISPyqZF07NweNrweWTADcvqGn4FAnyDF8g5JyWgpR2ZLECiAbzel0ksWeUCmkvioJPIMj2xQ2oppvIuwI1hb-kzqFCAMC227fEJqk6QPMY0YBN8uG3IdXlxJlTT5xXDIQpgcnTkl0G3wQRqO0sg_yYisoNWnfmvz2aeLiPHjVXzmxvSHXg7jaJtNkRIpupIYsyEeDya7QDzBi_8pPpf0pkUqymz_wnFE8052xj9UfHj01yPhxoHXl_-q4gDFD-3WQ_PBcpBrIJyh8FpeInH0jOgZ69LuShYIb6PYp8ZAvj81znjnX5Ph3RVfDxfvXKRJ_TXxT1UXXoHdyjM0dXYIebSg8OH19BeQAwPAA9FQBxwoCeAyH14xniSo8xG7ujTIgdxBg_PoIFsY8aZgz-xnjmvjFyUWz9qdZNmBSLz9j5UJMi6byD68f2X4SJ4Y7DNLtVCg7sqlAK_q4oNXq5HG81jtt-_u2mbvSanLUXgCFdouyzVdFEKIN35qkAZO2haeLSVdfepJd_VRe8XvuScvrG6mB_8fgveR2PLReKdJ_0phLwtu5wtylq0sgPyT6vtd_rp61hRHjU5Thy3seguki5OslhrR8VimqVgPUZoBXRMNHdFGJFnJyTaxzB-PipkSse2BzryWNTjZpD-YBg4A_v0X6LLxu201oYL04166BJO8MFT74rMv0Hlf2ER2KeN9q377rx5mBoDMRN26dZQhSnA7moYrKf_w384eatGlzqKEBQLVXMYuX1ByNXdiNax2-n6PBo5M_qJjaQqV5cBqs-kf1VR6DMWhhJBUsRm-hzliixEgvP2XyRLRI7Obd-5o96uu34S_zCxJEyILXCN-9Qbzg5f2Z_RKVXazNjYyjPD2M3w91x4Lw2ngfTrDK-O__avf80Din8ztWqkE59DBpGh34NYKk__KE4oBuGrSZgN4S5h_NdWvm8ZIersj96sWvCwU-uEq0eyoKN4q1KYARBubvQ5EuM628SRtmoP0MtySOTEloXztQk7Ib2msr-xXAuOOtBIHOLoFsqmfdD3vItngDd95SW11OlJ0jYphkJLCcVEBOuhaQGlFgSj3Y9aH05D41p-CER9w9ktk3elz8GCQ3LFftBTGgH3wDSi7HTNJkPkqSB8y__VZ6loNiHzeN6h6eQyfqFQcwmcS8xbtRrx5lsjz0InMa1yyOwjW0g_jlTxk_4obBvxbGf4yVqkg0BbBhJx0MFTPTORmufrMj_Ef6GkpVmKKvMndGAztKgGo0wBm_P1rMVK04iRMAmMaI10lDAkJW4Vi3FQX05ZwBSmQxS7rT7jcxJ4Ibx-S3sSf2LOxA/https://www.amazon.com/gp/aw/d/B0GYQJT3MY/?_encoding=UTF8&pd_rd_plhdr=t&aaxitk=5ba5259cdd41489b62ef0207eef11481&hsa_cr_id=0&qid=1782990436&sr=1-2-f02f01d6-adaf-4bef-9a7c-29308eff9043&ref_=sbx__sbtcd2_asin_1_bkgd&pd_rd_w=A5FK3&content-id=amzn1.sym.5159d9cb-0665-4a83-8f64-8881eaba312a%3Aamzn1.sym.5159d9cb-0665-4a83-8f64-8881eaba312a&pf_rd_p=5159d9cb-0665-4a83-8f64-8881eaba312a&pf_rd_r=WNNH2DVV4WMZMPR2PCP6&pd_rd_wg=RT4Uk&pd_rd_r=0035b7a9-d5b5-43a6-a32c-3681360a4424,"https://m.media-amazon.com/images/I/81aIqaR3TYL._AC_SR322,134_CB1169409_QL70_.jpg",68,排名靠前；价格处于人民币等值¥180.00-¥288.00区间；标题包含 comfort，符合美国女鞋舒适化趋势；评分达到4.3以上。
2026-07-02,amazon_us,product,new_releases,New Releases Women Sandals,7,"Littleplum Women Slides Sandals Arch Support Open Toe Slip on Sandals Soft Cushion Slippers Comfy Casual Summer Shoes for Walking,Beach,Travel",,4.3,$38.99,,,,,,https://www.amazon.com/Littleplum-Sandals-Support-Cushion-Slippers/dp/B0GTSZ797Q/ref=zg_bsnr_g_679425011_d_sccl_7/146-3742404-1051655?psc=1,"https://images-na.ssl-images-amazon.com/images/I/81TXHXCHqjL._AC_UL600_SR600,400_.jpg",67,排名靠前；标题包含 arch support、soft、beach、summer，符合美国女鞋舒适化趋势；评分达到4.3以上。
2026-07-02,amazon_us,product,search,women summer slippers,8,"ULTRAIDEAS Women's Indoor Loafer House Slippers with Memory Foam, Ladies Warm Closed Back House Shoes with Non-Slip Outdoor Rubber Sole ULTRAIDEAS Women's Indoor Loafer House Slippers with Memory Foam, Ladies Warm Closed Back House Shoes wi…",¥122.11,4.5,4.5,,,,,,https://aax-us-east-retail-direct.amazon.com/x/c/JH2U-ssXaXdGdgmk9uPiOuYAAAGfIoLy0QEAAAH2AQBvbm9fdHhuX2JpZDQgICBvbm9fdHhuX2ltcDEgICAaFH5D/clv1c_ek-wBPHXFbbWzjK3YpscrxfcOWxCnjqP7-2S1QhCt-fEVBferU6jgfmct4M90RPKqXJ2TeuPHgDERi62qHKEIl-rAj2krkHa-QdtB8v4ntRXD5bhOEKNtQ66ZvhkDqKRRBPln2Juq9b0HDzyAm86LkKfQNydgh3KkiKwyTyh8Kx_aSqfUJysXd2ulMKL1RxG-IpNggrLHhHe4TyJH6ihaPg_1Z8fJ2W-EA9kc31qUv0RCsk7hEftzFzUWqgm6g96runfmWhc2LrUQh508MepKBNgIH-JYlNpMsjfxiHd4mKdkNRb1nsanT7QO4l4vAkcyZ6FnH41CBzUPW9oWAoEGJyq6kcXL8zSNzLp5g6MMd_d2hF22DaYUG1ycX-yOyLPyXIDJO4laN6X78CSBrh0gv-DEUgpI2SwpVzXMU2bS2qfrkEuSSUCamsS4ZPGcy1JY7plOmRi1YIouejZYtr4hoINV3tGcZQJJCBKKJRx0CkgOwsjIyEMrmLqgLBlBQe4sOCvc_SmetFPt27bLCXdxZb371zv8JFTfCtDA2Qyz0ffe8FRevkWoV15qV3O1UwcAhaPAUmwvyHBo-bWYnn9B4Li7MsvIt3szQJ_IHtVg-dWr4XBOzFGDGktQyevH6AJdMc53keSd9sBtjbTHlua4P2iu6BE3UbvZL1VAM4twz03QnW7GGJKR-VupjtDhOqmrSGjqP6ZlzA3A-MDgYChW245xbkelinZh8MvR6FethkzqH4IvWlRsW_42enT_erPz_9PX0eyy5KT--MlAq-fNiWr19rHSCwFSgmSPU5pPk5K9CsZArZFqDAE0rIvEeYxSvnxI7TUcYNumeb_Sj0AlFhshPNXH20fGahWD2RIGJ9ymK4V1KuyAX2q4jhDH5xlei4uJeAnG_ZH5g-ymD_wfirWR2PXpaOdG8kWBeBSdbFi7cTSlEHB1kaC1QTcHG-4h-blSalr9UyOpJKoVqfHkY9254P8dZ6gq0rgVnaJRfnxnd_l6yPupJHsZ6NtIfZm_uCI4ekqmcdsuY14vzqQP0G2rZyIPxQwrChzgNMJw7BIMAJnufD_veF8X_Z39jafr4jKDgBey5VgxxbZikDa-MtFd6RzG4ezRFakYa-BC-tWGKTALPrzYxrS10J8qmvVPO17GUp2JHQLm4XMypwcLSL26gAzeuS-NNS0TqaSP6T-u7BNdB4-pd8QBeqiAQv56CqvOYWvGNxoKHa6zgCkORI-O_tDWPCE6hkl3EfB2U5iC-N23R5bHsa7e_oLhrwjtUO57DIHLyJaeQ9v9arocvcmyBc9SsUsKNga5OagK3aaSfVOofzALsydyeoSqLrn7Rxp4aZNT13k8bF2aPr_aHBMfNJzNJcO61uwjtq3WKHhVHQZbtSl1UpDZ1SVg46uI7hnR3NOl174qsEAjtGcEInWQMWRnxNG_iquSF_6q_umxJSzgNhJbTP69Cr0X_0GZlHzT1qu49PcwMNnhYM0sFrm33Ucff-ZQ-RTNvwMPk7IMFQBL9AILP-BmjdaASw4SuJh4LhZjtT341HzpoBWwhkhnIZTsdLTNuSwEaEKh2oOeCqIVfsO9tu0flDBJRWiR8X3-2SRCb6mbX8hV8LIcR0PDfu9ZklFQJul9SeYSjllsY4Qsj--gY3MrfrxlxUv-ZV4GpddrOwOYr-wowc4jmq_mo1Cqi6Ay0bR/https://www.amazon.com/gp/aw/d/B07RTV8GPB/?_encoding=UTF8&pd_rd_plhdr=t&aaxitk=01c0f67fbe3c6cef36a9be9344b797a1&hsa_cr_id=0&qid=1782990434&sr=1-2-f02f01d6-adaf-4bef-9a7c-29308eff9043&ref_=sbx__sbtcd2_asin_1_bkgd&pd_rd_w=QuaGD&content-id=amzn1.sym.5159d9cb-0665-4a83-8f64-8881eaba312a%3Aamzn1.sym.5159d9cb-0665-4a83-8f64-8881eaba312a&pf_rd_p=5159d9cb-0665-4a83-8f64-8881eaba312a&pf_rd_r=J108HJ8Z1NV7FP5CE66H&pd_rd_wg=RXraQ&pd_rd_r=c8d1131f-6fcf-4bc2-9184-8d49b1e9d66b,"https://m.media-amazon.com/images/I/81Yli1OTNgL._AC_SR322,134_CB1169409_QL70_.jpg",67,排名靠前；价格处于人民币等值¥57.60-¥180.00黄金区间；评分达到4.3以上。
2026-07-02,amazon_us,product,search,women summer slippers,9,"ULTRAIDEAS Women's Fancy Fuzzy House Slippers Indoor, Cute Open Toe Slides with Rhinestone Bowknot, Comfy Fluffy Bedroom House Shoes ULTRAIDEAS Women's Fancy Fuzzy House Slippers Indoor, Cute Open Toe Slides with Rhinestone Bowknot, Comfy…",¥129.53,4.4,4.4,,,,,,https://aax-us-east-retail-direct.amazon.com/x/c/JH2U-ssXaXdGdgmk9uPiOuYAAAGfIoLy0QEAAAH2AQBvbm9fdHhuX2JpZDQgICBvbm9fdHhuX2ltcDEgICAaFH5D/clv1c_ek-wBPHXFbbWzjK3YpscrxfcOWxCnjqP7-2S1QhCt-fEVBferU6jgfmct4M90RPKqXJ2TeuPHgDERi62qHKEIl-rAj2krkHa-QdtB8v4ntRXD5bhOEKNtQ66ZvhkDqKRRBPln2Juq9b0HDzyAm86LkKfQNydgh3KkiKwyTyh8Kx_aSqfUJysXd2ulMKL1RxG-IpNggrLHhHe4TyJH6ihaPg_1Z8fJ2W-EA9kc31qUv0RCsk7hEftzFzUWqgm6g96runfmWhc2LrUQh508MepKBNgIH-JYlNpMsjfxiHd4mKdkNRb1nsanT7QO4l4vAkcyZ6FnH41CBzUPW9oWAoEGJyq6kcXL8zSNzLp5g6MMd_d2hF22DaYUG1ycX-yOyLPyXIDJO4laN6X78CSBrh0gv-DEUgpI2SwpVzXMU2bS2qfrkEuSSUCamsS4ZPGcy1JY7plOmRi1YIouejZYtr4hoINV3tGcZQJJCBKKJRx0CkgOwsjIyEMrmLqgLBlBQe4sOCvc_SmetFPt27bLCXdxZb371zv8JFTfCtDA2Qyz0ffe8FRevkWoV15qV3O1UwcAhaPAUmwvyHBo-bWYnn9B4Li7MsvIt3szQJ_IHtVg-dWr4XBOzFGDGktQyevH6AJdMc53keSd9sBtjbTHlua4P2iu6BE3UbvZL1VAM4twz03QnW7GGJKR-VupjtDhOqmrSGjqP6ZlzA3A-MDgYChW245xbkelinZh8MvR6FethkzqH4IvWlRsW_42enT_erPz_9PX0eyy5KT--MlAq-fNiWr19rHSCwFSgmSPU5pPk5K9CsZArZFqDAE0rIvEeYxSvnxI7TUcYNumeb_Sj0AlFhshPNXH20fGahWD2RIGJ9ymK4V1KuyAX2q4jhDH5xlei4uJeAnG_ZH5g-ymD_wfirWR2PXpaOdG8kWBeBSdbFi7cTSlEHB1kaC1QTcHG-4h-blSalr9UyOpJKoVqfHkY9254P8dZ6gq0rgVnaJRfnxnd_l6yPupJHsZ6NtIfZm_uCI4ekqmcdsuY14vzqQP0G2rZyIPxQwrChzgNMJw7BIMAJnufD_veF8X_Z39jafr4jKDgBey5VgxxbZikDa-MtFd6RzG4ezRFakYa-BC-tWGKTALPrzYxrS10J8qmvVPO17GUp2JHQLm4XMypwcLSL26gAzeuS-NNS0TqaSP6T-u7BNdB4-pd8QBeqiAQv56CqvOYWvGNxoKHa6zgCkORI-O_tDWPCE6hkl3EfB2U5iC-N23R5bHsa7e_oLhrwjtUO57DIHLyJaeQ9v9arocvcmyBc9SsUsKNga5OagK3aaSfVOofzALsydyeoSqLrn7Rxp4aZNT13k8bF2aPr_aHBMfNJzNJcO61uwjtq3WKHhVHQZbtSl1UpDZ1SVg46uI7hnR3NOl174qsEAjtGcEInWQMWRnxNG_iquSF_6q_umxJSzgNhJbTP69Cr0X_0GZlHzT1qu49PcwMNnhYM0sFrm33Ucff-ZQ-RTNvwMPk7IMFQBL9AILP-BmjdaASw4SuJh4LhZjtT341HzpoBWwhkhnIZTsdLTNuSwEaEKh2oOeCqIVfsO9tu0flDBJRWiR8X3-2SRCb6mbX8hV8LIcR0PDfu9ZklFQJul9SeYSjllsY4Qsj--gY3MrfrxlxUv-ZV4GpddrOwOYr-wowc4jmq_mo1Cqi6Ay0bR/https://www.amazon.com/gp/aw/d/B0FNCSPXPR/?_encoding=UTF8&pd_rd_plhdr=t&aaxitk=01c0f67fbe3c6cef36a9be9344b797a1&hsa_cr_id=0&qid=1782990434&sr=1-3-f02f01d6-adaf-4bef-9a7c-29308eff9043&ref_=sbx__sbtcd2_asin_2_bkgd&pd_rd_w=QuaGD&content-id=amzn1.sym.5159d9cb-0665-4a83-8f64-8881eaba312a%3Aamzn1.sym.5159d9cb-0665-4a83-8f64-8881eaba312a&pf_rd_p=5159d9cb-0665-4a83-8f64-8881eaba312a&pf_rd_r=J108HJ8Z1NV7FP5CE66H&pd_rd_wg=RXraQ&pd_rd_r=c8d1131f-6fcf-4bc2-9184-8d49b1e9d66b,"https://m.media-amazon.com/images/I/81Z2-NcHOiL._AC_SR322,134_CB1169409_QL70_.jpg",67,排名靠前；价格处于人民币等值¥57.60-¥180.00黄金区间；评分达到4.3以上。
2026-07-02,amazon_us,product,search,women summer slippers,10,"ULTRAIDEAS Womens Indoor Outdoor Slippers, Memory Foam Open Toe Cute House Shoes for Bedroom with Bow Design, Gift for Women ULTRAIDEAS Womens Indoor Outdoor Slippers, Memory Foam Open Toe Cute House Shoes for Bedroom with Bo…",¥158.33,4.5,4.5,,,,,,https://aax-us-east-retail-direct.amazon.com/x/c/JH2U-ssXaXdGdgmk9uPiOuYAAAGfIoLy0QEAAAH2AQBvbm9fdHhuX2JpZDQgICBvbm9fdHhuX2ltcDEgICAaFH5D/clv1c_ek-wBPHXFbbWzjK3YpscrxfcOWxCnjqP7-2S1QhCt-fEVBferU6jgfmct4M90RPKqXJ2TeuPHgDERi62qHKEIl-rAj2krkHa-QdtB8v4ntRXD5bhOEKNtQ66ZvhkDqKRRBPln2Juq9b0HDzyAm86LkKfQNydgh3KkiKwyTyh8Kx_aSqfUJysXd2ulMKL1RxG-IpNggrLHhHe4TyJH6ihaPg_1Z8fJ2W-EA9kc31qUv0RCsk7hEftzFzUWqgm6g96runfmWhc2LrUQh508MepKBNgIH-JYlNpMsjfxiHd4mKdkNRb1nsanT7QO4l4vAkcyZ6FnH41CBzUPW9oWAoEGJyq6kcXL8zSNzLp5g6MMd_d2hF22DaYUG1ycX-yOyLPyXIDJO4laN6X78CSBrh0gv-DEUgpI2SwpVzXMU2bS2qfrkEuSSUCamsS4ZPGcy1JY7plOmRi1YIouejZYtr4hoINV3tGcZQJJCBKKJRx0CkgOwsjIyEMrmLqgLBlBQe4sOCvc_SmetFPt27bLCXdxZb371zv8JFTfCtDA2Qyz0ffe8FRevkWoV15qV3O1UwcAhaPAUmwvyHBo-bWYnn9B4Li7MsvIt3szQJ_IHtVg-dWr4XBOzFGDGktQyevH6AJdMc53keSd9sBtjbTHlua4P2iu6BE3UbvZL1VAM4twz03QnW7GGJKR-VupjtDhOqmrSGjqP6ZlzA3A-MDgYChW245xbkelinZh8MvR6FethkzqH4IvWlRsW_42enT_erPz_9PX0eyy5KT--MlAq-fNiWr19rHSCwFSgmSPU5pPk5K9CsZArZFqDAE0rIvEeYxSvnxI7TUcYNumeb_Sj0AlFhshPNXH20fGahWD2RIGJ9ymK4V1KuyAX2q4jhDH5xlei4uJeAnG_ZH5g-ymD_wfirWR2PXpaOdG8kWBeBSdbFi7cTSlEHB1kaC1QTcHG-4h-blSalr9UyOpJKoVqfHkY9254P8dZ6gq0rgVnaJRfnxnd_l6yPupJHsZ6NtIfZm_uCI4ekqmcdsuY14vzqQP0G2rZyIPxQwrChzgNMJw7BIMAJnufD_veF8X_Z39jafr4jKDgBey5VgxxbZikDa-MtFd6RzG4ezRFakYa-BC-tWGKTALPrzYxrS10J8qmvVPO17GUp2JHQLm4XMypwcLSL26gAzeuS-NNS0TqaSP6T-u7BNdB4-pd8QBeqiAQv56CqvOYWvGNxoKHa6zgCkORI-O_tDWPCE6hkl3EfB2U5iC-N23R5bHsa7e_oLhrwjtUO57DIHLyJaeQ9v9arocvcmyBc9SsUsKNga5OagK3aaSfVOofzALsydyeoSqLrn7Rxp4aZNT13k8bF2aPr_aHBMfNJzNJcO61uwjtq3WKHhVHQZbtSl1UpDZ1SVg46uI7hnR3NOl174qsEAjtGcEInWQMWRnxNG_iquSF_6q_umxJSzgNhJbTP69Cr0X_0GZlHzT1qu49PcwMNnhYM0sFrm33Ucff-ZQ-RTNvwMPk7IMFQBL9AILP-BmjdaASw4SuJh4LhZjtT341HzpoBWwhkhnIZTsdLTNuSwEaEKh2oOeCqIVfsO9tu0flDBJRWiR8X3-2SRCb6mbX8hV8LIcR0PDfu9ZklFQJul9SeYSjllsY4Qsj--gY3MrfrxlxUv-ZV4GpddrOwOYr-wowc4jmq_mo1Cqi6Ay0bR/https://www.amazon.com/gp/aw/d/B09WHG898G/?_encoding=UTF8&pd_rd_plhdr=t&aaxitk=01c0f67fbe3c6cef36a9be9344b797a1&hsa_cr_id=0&qid=1782990434&sr=1-4-f02f01d6-adaf-4bef-9a7c-29308eff9043&ref_=sbx__sbtcd2_asin_3_bkgd&pd_rd_w=QuaGD&content-id=amzn1.sym.5159d9cb-0665-4a83-8f64-8881eaba312a%3Aamzn1.sym.5159d9cb-0665-4a83-8f64-8881eaba312a&pf_rd_p=5159d9cb-0665-4a83-8f64-8881eaba312a&pf_rd_r=J108HJ8Z1NV7FP5CE66H&pd_rd_wg=RXraQ&pd_rd_r=c8d1131f-6fcf-4bc2-9184-8d49b1e9d66b,"https://m.media-amazon.com/images/I/81+fkuGqeOL._AC_SR322,134_CB1169409_QL70_.jpg",67,排名靠前；价格处于人民币等值¥57.60-¥180.00黄金区间；评分达到4.3以上。
2026-07-02,amazon_us,product,search,women slides,2,WHITIN,¥71.93,4.4,Products highlighted as 'Overall Pick' are:,,,,,,https://www.amazon.com/WHITIN-Slippers-Cushioned-Sandals-Lightweight/dp/B0C1C1L7YT/ref=sr_1_1?dib=eyJ2IjoiMSJ9.wrqHnvIFpzxZDCy1gVq3f4lU1Vnrjhi4TbSLsbHbjD2aFFjqtuo5jyZZyFPRxf5T-DFqTE4rsRPQIkTtCm4-jQIypntXMixo50qzJJqeT9pgQGTgKDeZYXz-JTCqGq_hSMzrRIVsh6yP7xKt9q5yOBdM1OwfF2bCr0cb2AG9pHMMykwoRVeBLdx9aiflhpOm8l8IzwYavI0fSHQwHJ5ZhnN9cj8xEwx45Mb13iG9NC8b2mZJYwUEl3OS1ZgXNMpZHO1rhgIPIZnjxd4PGlNba3WWXlzLw3J4hjAADDiJPQE.uPULmM20D6pBIiNrgw-hLClMzLd2A99vi8NokcVnOTQ&dib_tag=se&keywords=women+slides&qid=1782990436&sr=8-1,https://m.media-amazon.com/images/I/71nA8egRirL._AC_UL320_.jpg,67,排名靠前；价格处于人民币等值¥57.60-¥180.00黄金区间；评分达到4.3以上。
2026-07-02,amazon_us,product,search,women slides,3,adidas,¥143.86,4.4,adidas,,,,,,https://www.amazon.com/adidas-Unisex-Adilette-Shower-Sandal/dp/B091ZGQF6G/ref=sr_1_2?dib=eyJ2IjoiMSJ9.wrqHnvIFpzxZDCy1gVq3f4lU1Vnrjhi4TbSLsbHbjD2aFFjqtuo5jyZZyFPRxf5T-DFqTE4rsRPQIkTtCm4-jQIypntXMixo50qzJJqeT9pgQGTgKDeZYXz-JTCqGq_hSMzrRIVsh6yP7xKt9q5yOBdM1OwfF2bCr0cb2AG9pHMMykwoRVeBLdx9aiflhpOm8l8IzwYavI0fSHQwHJ5ZhnN9cj8xEwx45Mb13iG9NC8b2mZJYwUEl3OS1ZgXNMpZHO1rhgIPIZnjxd4PGlNba3WWXlzLw3J4hjAADDiJPQE.uPULmM20D6pBIiNrgw-hLClMzLd2A99vi8NokcVnOTQ&dib_tag=se&keywords=women+slides&qid=1782990436&sr=8-2,https://m.media-amazon.com/images/I/61CCABduhML._AC_UL320_.jpg,67,排名靠前；价格处于人民币等值¥57.60-¥180.00黄金区间；评分达到4.3以上。
2026-07-02,amazon_us,product,search,women slides,4,LongBay Slippers for Women Memory Foam Open Toe Slide Indoor House Shoes Slip On Bedroom Comfy Gift LongBay Slippers for Women Memory Foam Open Toe Slide Indoor House Shoes Slip On Bedroom Comfy Gift,¥114.62,4.5,4.5,,,,,,https://aax-us-east-retail-direct.amazon.com/x/c/JAn5H1AdWGgOjk4lRZShSj8AAAGfIoL4MQEAAAH2AQBvbm9fdHhuX2JpZDYgICBvbm9fdHhuX2ltcDIgICDhVrKi/clv1c_ek-ABPHXFbbWzjK3YoscrxfcOWxCnjqPwrZx0pLnFUmL7dBSbaJKBNoqcg3m1xNIA5jhQQSwneylhi0QVoW8MLFEd5m8qSf3dDtxUzkL5_Cyu9fjJ73H9wAAiLvwqEKZh7nqJBRGhOsiwKw-gcJn8t_a8rO5tlXsupSwzfXvyo0UZVH9LqDv5eIOg2goGPz8NWJ2GE2iXEWYdWd4sl32-WDjBemVlnrWRV4O7MtfKrbN1gay6UwadM6ip8fW5eUGWv8kNbPlxYPnrbK2mpzLvV0H8oa07jMV3EKhpfg96Z-Y0YUQJjcLKUvMXmPP5DFIPvWvjIxQJmXclt2UdVdphBw0lkTY4I20Z240MnuG0GJhyLGCSEWqIne5_o8rMPv5A2bfR9mD3Ln3-yrSNgJeB0UQNWcbkwxEoV-C_SFyDrzAxKJ0Wbcgw4Ey47wYPVCYalF7RRWSBheOI-FLPObj1OWJy5C2npYCjoWQS-k9Ia4X7UM8CTJj8x7n_iTyPLJJ1bdBTd0_woHsZjR18pTgee0RBmS1_K4pdDBFfqGB_RLUqoeHUnRTamjL37imu8fCt1n65_Rmu-lNjJwAv688OWYRcZjZbjV48S1CDzr85H_1MLACu6kTBKdmsr8ne0NzaTgdd8nIEazlDlXYE2KOb_QyxXYZ7e5MnAQeMNK6ZiJb9FyGTT5oGt4jyo8oC9exW9ovWiSNGJHqwngqALvW9unCw-CqtM6L4irbEhEiHsmaZxpLKeQaCs1DIazc1qZcDnzi50k6g0CVjnfB-RMfZmsX3wDD2OD7o4_FK_51kH-l0FfeMZSJgEBreEqbjW_MxojwVu8DIoWaFaOjaQ3sgnPR0u-_0F_MTaX8kCJTAgSFQ_ew-lJdh_iPNmcTMbMM6kBLmlNzcR_2IPOPoPG6JV96YtyIOZ3vRuiLtYW-2pupB9DjrNa4FaR4ni7sd1Dxer731q43aNR6-OKJhsnDfRqZC8Y465BNaBxNbkldVS53rIrsSOKmCKG2MDRL6RUFxZHzbP_gs6LKBB2dnZfQxcbvZO5G7l90Mb_pBjfH3eNHvk_HWhgAG8DxPw1QHEH5T0b03foTbvDNHJMOKfflY5BbUW7c7BxSkLBfvq2WqXeTgoOg6rJrzWqysrZc2Z9f7Ud6ZCIbEWWZJAzfS-H4oYp75tvnZ_73OETIGNNCXTY5EGc9xxU5YSYVkQSuDnUFNmyHQz_iLXdJ1nM8lvrujsic1davI7tG5e8nfLIiYWWQM2hKX6RsvFHCaOZBnhoknxGTW5Kd455W5yO2CAD4PNwXnBT0lOW4xD_iM-_l0O7FFjJTMj_lPmHWLCACTofz97ZoQjWb1PeEnrMqXG-h47ag0vFkkpTg6JXe2Gc5Bx9Yj-r224kaMGAygA1A9GV4ZsDe_9CUvskvgkFEWei42JKBWr4O2Rdt8ZVhrM8lQBnMPjXRVjKPzE0e4f8ksfl599m1vF_EHPvMvVYcJxKsT3TmDjj6zC2MUZniMEDu_8UvzN-qhk4bcObfbi8fYsURe86WeiSBprKM6njOv7o3y1PLqmAVZr5GLQwp40AHX9fLRbFiiEdCX15InhZyNFZGCTlCH2d5SYnf-79vWGXWdK6YDjwXlXT4vHDbfUIcbE8jgcD-rJYGc9nl78wZL8WL9qLagvLNg79H-HeFd5uVpsI/https://www.amazon.com/gp/aw/d/B0DP277YRM/?_encoding=UTF8&pd_rd_plhdr=t&aaxitk=775815826e6995480130ba8184ce92f8&hsa_cr_id=0&qid=1782990436&sr=1-1-f02f01d6-adaf-4bef-9a7c-29308eff9043&ref_=sbx__sbtcd2_asin_0_bkgd&pd_rd_w=3qOwm&content-id=amzn1.sym.5159d9cb-0665-4a83-8f64-8881eaba312a%3Aamzn1.sym.5159d9cb-0665-4a83-8f64-8881eaba312a&pf_rd_p=5159d9cb-0665-4a83-8f64-8881eaba312a&pf_rd_r=NS72BBFGF9Q4V3XMAHJ4&pd_rd_wg=ttjjs&pd_rd_r=72cfb132-1153-43e6-812a-6a7d429f9fc7,"https://m.media-amazon.com/images/I/71BlGXBbl-L._AC_SR322,134_CB1169409_QL70_.jpg",67,排名靠前；价格处于人民币等值¥57.60-¥180.00黄金区间；评分达到4.3以上。
2026-07-02,amazon_us,product,search,women slides,5,LongBay Women's Comfy Slippers Indoor Outdoor House Shoes with Removable Insole & Non-Slip Sole LongBay Women's Comfy Slippers Indoor Outdoor House Shoes with Removable Insole & Non-Slip Sole,¥143.57,4.3,4.3,,,,,,https://aax-us-east-retail-direct.amazon.com/x/c/JAn5H1AdWGgOjk4lRZShSj8AAAGfIoL4MQEAAAH2AQBvbm9fdHhuX2JpZDYgICBvbm9fdHhuX2ltcDIgICDhVrKi/clv1c_ek-ABPHXFbbWzjK3YoscrxfcOWxCnjqPwrZx0pLnFUmL7dBSbaJKBNoqcg3m1xNIA5jhQQSwneylhi0QVoW8MLFEd5m8qSf3dDtxUzkL5_Cyu9fjJ73H9wAAiLvwqEKZh7nqJBRGhOsiwKw-gcJn8t_a8rO5tlXsupSwzfXvyo0UZVH9LqDv5eIOg2goGPz8NWJ2GE2iXEWYdWd4sl32-WDjBemVlnrWRV4O7MtfKrbN1gay6UwadM6ip8fW5eUGWv8kNbPlxYPnrbK2mpzLvV0H8oa07jMV3EKhpfg96Z-Y0YUQJjcLKUvMXmPP5DFIPvWvjIxQJmXclt2UdVdphBw0lkTY4I20Z240MnuG0GJhyLGCSEWqIne5_o8rMPv5A2bfR9mD3Ln3-yrSNgJeB0UQNWcbkwxEoV-C_SFyDrzAxKJ0Wbcgw4Ey47wYPVCYalF7RRWSBheOI-FLPObj1OWJy5C2npYCjoWQS-k9Ia4X7UM8CTJj8x7n_iTyPLJJ1bdBTd0_woHsZjR18pTgee0RBmS1_K4pdDBFfqGB_RLUqoeHUnRTamjL37imu8fCt1n65_Rmu-lNjJwAv688OWYRcZjZbjV48S1CDzr85H_1MLACu6kTBKdmsr8ne0NzaTgdd8nIEazlDlXYE2KOb_QyxXYZ7e5MnAQeMNK6ZiJb9FyGTT5oGt4jyo8oC9exW9ovWiSNGJHqwngqALvW9unCw-CqtM6L4irbEhEiHsmaZxpLKeQaCs1DIazc1qZcDnzi50k6g0CVjnfB-RMfZmsX3wDD2OD7o4_FK_51kH-l0FfeMZSJgEBreEqbjW_MxojwVu8DIoWaFaOjaQ3sgnPR0u-_0F_MTaX8kCJTAgSFQ_ew-lJdh_iPNmcTMbMM6kBLmlNzcR_2IPOPoPG6JV96YtyIOZ3vRuiLtYW-2pupB9DjrNa4FaR4ni7sd1Dxer731q43aNR6-OKJhsnDfRqZC8Y465BNaBxNbkldVS53rIrsSOKmCKG2MDRL6RUFxZHzbP_gs6LKBB2dnZfQxcbvZO5G7l90Mb_pBjfH3eNHvk_HWhgAG8DxPw1QHEH5T0b03foTbvDNHJMOKfflY5BbUW7c7BxSkLBfvq2WqXeTgoOg6rJrzWqysrZc2Z9f7Ud6ZCIbEWWZJAzfS-H4oYp75tvnZ_73OETIGNNCXTY5EGc9xxU5YSYVkQSuDnUFNmyHQz_iLXdJ1nM8lvrujsic1davI7tG5e8nfLIiYWWQM2hKX6RsvFHCaOZBnhoknxGTW5Kd455W5yO2CAD4PNwXnBT0lOW4xD_iM-_l0O7FFjJTMj_lPmHWLCACTofz97ZoQjWb1PeEnrMqXG-h47ag0vFkkpTg6JXe2Gc5Bx9Yj-r224kaMGAygA1A9GV4ZsDe_9CUvskvgkFEWei42JKBWr4O2Rdt8ZVhrM8lQBnMPjXRVjKPzE0e4f8ksfl599m1vF_EHPvMvVYcJxKsT3TmDjj6zC2MUZniMEDu_8UvzN-qhk4bcObfbi8fYsURe86WeiSBprKM6njOv7o3y1PLqmAVZr5GLQwp40AHX9fLRbFiiEdCX15InhZyNFZGCTlCH2d5SYnf-79vWGXWdK6YDjwXlXT4vHDbfUIcbE8jgcD-rJYGc9nl78wZL8WL9qLagvLNg79H-HeFd5uVpsI/https://www.amazon.com/gp/aw/d/B0FZSNW1CG/?_encoding=UTF8&pd_rd_plhdr=t&aaxitk=775815826e6995480130ba8184ce92f8&hsa_cr_id=0&qid=1782990436&sr=1-2-f02f01d6-adaf-4bef-9a7c-29308eff9043&ref_=sbx__sbtcd2_asin_1_bkgd&pd_rd_w=3qOwm&content-id=amzn1.sym.5159d9cb-0665-4a83-8f64-8881eaba312a%3Aamzn1.sym.5159d9cb-0665-4a83-8f64-8881eaba312a&pf_rd_p=5159d9cb-0665-4a83-8f64-8881eaba312a&pf_rd_r=NS72BBFGF9Q4V3XMAHJ4&pd_rd_wg=ttjjs&pd_rd_r=72cfb132-1153-43e6-812a-6a7d429f9fc7,"https://m.media-amazon.com/images/I/71fzRTA2QML._AC_SR322,134_CB1169409_QL70_.jpg",67,排名靠前；价格处于人民币等值¥57.60-¥180.00黄金区间；评分达到4.3以上。
2026-07-02,amazon_us,product,search,women slides,6,LongBay Women's Memory Foam House Shoes Cozy Brushed Jersey Slippers for Indoor Outdoor LongBay Women's Memory Foam House Shoes Cozy Brushed Jersey Slippers for Indoor Outdoor,¥143.93,4.3,4.3,,,,,,https://aax-us-east-retail-direct.amazon.com/x/c/JAn5H1AdWGgOjk4lRZShSj8AAAGfIoL4MQEAAAH2AQBvbm9fdHhuX2JpZDYgICBvbm9fdHhuX2ltcDIgICDhVrKi/clv1c_ek-ABPHXFbbWzjK3YoscrxfcOWxCnjqPwrZx0pLnFUmL7dBSbaJKBNoqcg3m1xNIA5jhQQSwneylhi0QVoW8MLFEd5m8qSf3dDtxUzkL5_Cyu9fjJ73H9wAAiLvwqEKZh7nqJBRGhOsiwKw-gcJn8t_a8rO5tlXsupSwzfXvyo0UZVH9LqDv5eIOg2goGPz8NWJ2GE2iXEWYdWd4sl32-WDjBemVlnrWRV4O7MtfKrbN1gay6UwadM6ip8fW5eUGWv8kNbPlxYPnrbK2mpzLvV0H8oa07jMV3EKhpfg96Z-Y0YUQJjcLKUvMXmPP5DFIPvWvjIxQJmXclt2UdVdphBw0lkTY4I20Z240MnuG0GJhyLGCSEWqIne5_o8rMPv5A2bfR9mD3Ln3-yrSNgJeB0UQNWcbkwxEoV-C_SFyDrzAxKJ0Wbcgw4Ey47wYPVCYalF7RRWSBheOI-FLPObj1OWJy5C2npYCjoWQS-k9Ia4X7UM8CTJj8x7n_iTyPLJJ1bdBTd0_woHsZjR18pTgee0RBmS1_K4pdDBFfqGB_RLUqoeHUnRTamjL37imu8fCt1n65_Rmu-lNjJwAv688OWYRcZjZbjV48S1CDzr85H_1MLACu6kTBKdmsr8ne0NzaTgdd8nIEazlDlXYE2KOb_QyxXYZ7e5MnAQeMNK6ZiJb9FyGTT5oGt4jyo8oC9exW9ovWiSNGJHqwngqALvW9unCw-CqtM6L4irbEhEiHsmaZxpLKeQaCs1DIazc1qZcDnzi50k6g0CVjnfB-RMfZmsX3wDD2OD7o4_FK_51kH-l0FfeMZSJgEBreEqbjW_MxojwVu8DIoWaFaOjaQ3sgnPR0u-_0F_MTaX8kCJTAgSFQ_ew-lJdh_iPNmcTMbMM6kBLmlNzcR_2IPOPoPG6JV96YtyIOZ3vRuiLtYW-2pupB9DjrNa4FaR4ni7sd1Dxer731q43aNR6-OKJhsnDfRqZC8Y465BNaBxNbkldVS53rIrsSOKmCKG2MDRL6RUFxZHzbP_gs6LKBB2dnZfQxcbvZO5G7l90Mb_pBjfH3eNHvk_HWhgAG8DxPw1QHEH5T0b03foTbvDNHJMOKfflY5BbUW7c7BxSkLBfvq2WqXeTgoOg6rJrzWqysrZc2Z9f7Ud6ZCIbEWWZJAzfS-H4oYp75tvnZ_73OETIGNNCXTY5EGc9xxU5YSYVkQSuDnUFNmyHQz_iLXdJ1nM8lvrujsic1davI7tG5e8nfLIiYWWQM2hKX6RsvFHCaOZBnhoknxGTW5Kd455W5yO2CAD4PNwXnBT0lOW4xD_iM-_l0O7FFjJTMj_lPmHWLCACTofz97ZoQjWb1PeEnrMqXG-h47ag0vFkkpTg6JXe2Gc5Bx9Yj-r224kaMGAygA1A9GV4ZsDe_9CUvskvgkFEWei42JKBWr4O2Rdt8ZVhrM8lQBnMPjXRVjKPzE0e4f8ksfl599m1vF_EHPvMvVYcJxKsT3TmDjj6zC2MUZniMEDu_8UvzN-qhk4bcObfbi8fYsURe86WeiSBprKM6njOv7o3y1PLqmAVZr5GLQwp40AHX9fLRbFiiEdCX15InhZyNFZGCTlCH2d5SYnf-79vWGXWdK6YDjwXlXT4vHDbfUIcbE8jgcD-rJYGc9nl78wZL8WL9qLagvLNg79H-HeFd5uVpsI/https://www.amazon.com/gp/aw/d/B0CRDQY8LF/?_encoding=UTF8&pd_rd_plhdr=t&aaxitk=775815826e6995480130ba8184ce92f8&hsa_cr_id=0&qid=1782990436&sr=1-3-f02f01d6-adaf-4bef-9a7c-29308eff9043&ref_=sbx__sbtcd2_asin_2_bkgd&pd_rd_w=3qOwm&content-id=amzn1.sym.5159d9cb-0665-4a83-8f64-8881eaba312a%3Aamzn1.sym.5159d9cb-0665-4a83-8f64-8881eaba312a&pf_rd_p=5159d9cb-0665-4a83-8f64-8881eaba312a&pf_rd_r=NS72BBFGF9Q4V3XMAHJ4&pd_rd_wg=ttjjs&pd_rd_r=72cfb132-1153-43e6-812a-6a7d429f9fc7,"https://m.media-amazon.com/images/I/81syfwFbyJL._AC_SR322,134_CB1169409_QL70_.jpg",67,排名靠前；价格处于人民币等值¥57.60-¥180.00黄金区间；评分达到4.3以上。
2026-07-02,amazon_us,product,search,women slides,10,LongBay Womens Fuzzy Slippers Open Toe Memory Foam Supportive House Shoes Bow Crossbands Indoor Bedroom Slides Gift LongBay Womens Fuzzy Slippers Open Toe Memory Foam Supportive House Shoes Bow Crossbands Indoor Bed…,¥109.30,4.4,4.4,,,,,,https://aax-us-east-retail-direct.amazon.com/x/c/JAn5H1AdWGgOjk4lRZShSj8AAAGfIoL4MQEAAAH2AQBvbm9fdHhuX2JpZDYgICBvbm9fdHhuX2ltcDIgICDhVrKi/clv1c_ek-ABPHXFbbWzjK3YoscrxfcOWxCnjqPwrZx0pLnFUmL7dBSbaJKBNoqcg3m1xNIA5jhQQSwneylhi0QVoW8MLFEd5m8qSf3dDtxUzkL5_Cyu9fjJ73H9wAAiLvwqEKZh7nqJBRGhOsiwKw-gcJn8t_a8rO5tlXsupSwzfXvyo0UZVH9LqDv5eIOg2goGPz8NWJ2GE2iXEWYdWd4sl32-WDjBemVlnrWRV4O7MtfKrbN1gay6UwadM6ip8fW5eUGWv8kNbPlxYPnrbK2mpzLvV0H8oa07jMV3EKhpfg96Z-Y0YUQJjcLKUvMXmPP5DFIPvWvjIxQJmXclt2UdVdphBw0lkTY4I20Z240MnuG0GJhyLGCSEWqIne5_o8rMPv5A2bfR9mD3Ln3-yrSNgJeB0UQNWcbkwxEoV-C_SFyDrzAxKJ0Wbcgw4Ey47wYPVCYalF7RRWSBheOI-FLPObj1OWJy5C2npYCjoWQS-k9Ia4X7UM8CTJj8x7n_iTyPLJJ1bdBTd0_woHsZjR18pTgee0RBmS1_K4pdDBFfqGB_RLUqoeHUnRTamjL37imu8fCt1n65_Rmu-lNjJwAv688OWYRcZjZbjV48S1CDzr85H_1MLACu6kTBKdmsr8ne0NzaTgdd8nIEazlDlXYE2KOb_QyxXYZ7e5MnAQeMNK6ZiJb9FyGTT5oGt4jyo8oC9exW9ovWiSNGJHqwngqALvW9unCw-CqtM6L4irbEhEiHsmaZxpLKeQaCs1DIazc1qZcDnzi50k6g0CVjnfB-RMfZmsX3wDD2OD7o4_FK_51kH-l0FfeMZSJgEBreEqbjW_MxojwVu8DIoWaFaOjaQ3sgnPR0u-_0F_MTaX8kCJTAgSFQ_ew-lJdh_iPNmcTMbMM6kBLmlNzcR_2IPOPoPG6JV96YtyIOZ3vRuiLtYW-2pupB9DjrNa4FaR4ni7sd1Dxer731q43aNR6-OKJhsnDfRqZC8Y465BNaBxNbkldVS53rIrsSOKmCKG2MDRL6RUFxZHzbP_gs6LKBB2dnZfQxcbvZO5G7l90Mb_pBjfH3eNHvk_HWhgAG8DxPw1QHEH5T0b03foTbvDNHJMOKfflY5BbUW7c7BxSkLBfvq2WqXeTgoOg6rJrzWqysrZc2Z9f7Ud6ZCIbEWWZJAzfS-H4oYp75tvnZ_73OETIGNNCXTY5EGc9xxU5YSYVkQSuDnUFNmyHQz_iLXdJ1nM8lvrujsic1davI7tG5e8nfLIiYWWQM2hKX6RsvFHCaOZBnhoknxGTW5Kd455W5yO2CAD4PNwXnBT0lOW4xD_iM-_l0O7FFjJTMj_lPmHWLCACTofz97ZoQjWb1PeEnrMqXG-h47ag0vFkkpTg6JXe2Gc5Bx9Yj-r224kaMGAygA1A9GV4ZsDe_9CUvskvgkFEWei42JKBWr4O2Rdt8ZVhrM8lQBnMPjXRVjKPzE0e4f8ksfl599m1vF_EHPvMvVYcJxKsT3TmDjj6zC2MUZniMEDu_8UvzN-qhk4bcObfbi8fYsURe86WeiSBprKM6njOv7o3y1PLqmAVZr5GLQwp40AHX9fLRbFiiEdCX15InhZyNFZGCTlCH2d5SYnf-79vWGXWdK6YDjwXlXT4vHDbfUIcbE8jgcD-rJYGc9nl78wZL8WL9qLagvLNg79H-HeFd5uVpsI/https://www.amazon.com/gp/aw/d/B0FW4D7LS5/?_encoding=UTF8&pd_rd_plhdr=t&aaxitk=775815826e6995480130ba8184ce92f8&hsa_cr_id=0&qid=1782990436&sr=1-7-f02f01d6-adaf-4bef-9a7c-29308eff9043&ref_=sbx__sbtcd2_asin_6_bkgd&pd_rd_w=3qOwm&content-id=amzn1.sym.5159d9cb-0665-4a83-8f64-8881eaba312a%3Aamzn1.sym.5159d9cb-0665-4a83-8f64-8881eaba312a&pf_rd_p=5159d9cb-0665-4a83-8f64-8881eaba312a&pf_rd_r=NS72BBFGF9Q4V3XMAHJ4&pd_rd_wg=ttjjs&pd_rd_r=72cfb132-1153-43e6-812a-6a7d429f9fc7,"https://m.media-amazon.com/images/I/71-2TuddrfL._AC_SR322,134_CB1169409_QL70_.jpg",67,排名靠前；价格处于人民币等值¥57.60-¥180.00黄金区间；评分达到4.3以上。
2026-07-02,amazon_us,product,best_sellers,Best Sellers Women Sandals,14,"FUNKYMONKEY Jelly Sandals for Women with Adjustable Buckle, Comfortable Chunky Slip-on Beach Slides, Waterproof Platform Shoes for Pool Shower Casual Wear",,4.1,$18.99,,,,,,https://www.amazon.com/FUNKYMONKEY-Comfort-Adjustable-Sandals-US-Women/dp/B07CV9YZBB/ref=zg_bs_g_679425011_d_sccl_14/144-8125776-6072209?psc=1,"https://images-na.ssl-images-amazon.com/images/I/51o3wxcasIL._AC_UL600_SR600,400_.jpg",66,排名进入前30；标题包含 platform、comfort、beach，符合美国女鞋舒适化趋势；platform + comfort组合趋势加分；评分达到4.0以上。
2026-07-02,amazon_us,product,new_releases,New Releases Women Sandals,5,Project Cloud Square Toe Flip Flops For Women Footwear - Non Slip with Memory Foam Insole Beach Essentials Womens Sandals - Lightweight Thong Sandals Women (DEDICATION),,4.6,$24.90,,,,,,https://www.amazon.com/Project-Cloud-Square-Flops-Footwear/dp/B0GY6BHNDZ/ref=zg_bsnr_g_679425011_d_sccl_5/146-3742404-1051655?psc=1,"https://images-na.ssl-images-amazon.com/images/I/71nllf30glL._AC_UL600_SR600,400_.jpg",66,排名靠前；标题包含 cloud、beach，符合美国女鞋舒适化趋势；评分达到4.6以上。
2026-07-02,amazon_us,product,best_sellers,Best Sellers Women Sandals,9,OOFOS OOahh Recovery Slide - Women’s and Men’s,,4.4,$59.95,,,,,,https://www.amazon.com/OOFOS-Unisex-Ooahh-Slide-Sandal/dp/B00BRC4L14/ref=zg_bs_g_679425011_d_sccl_9/144-8125776-6072209?psc=1,"https://images-na.ssl-images-amazon.com/images/I/51NSD3PLF-L._AC_UL600_SR600,400_.jpg",65,排名靠前；评论数达到50以上；标题包含 recovery，符合美国女鞋舒适化趋势；评分达到4.3以上。
2026-07-02,amazon_us,product,search,platform sandals women,8,mysoft,¥273.53,4.4,mysoft,,,,,,https://www.amazon.com/sspa/click?ie=UTF8&spc=MToxNTExODk3NTExMDM1MTg3OjE3ODI5OTA0MzY6c3Bfc2VhcmNoX3RoZW1hdGljOjMwMTIyODU3NzU4NzMwMjo6NDo6&url=%2Fmysoft-Walking-Sandals-Platform-Comfortable%2Fdp%2FB0CH8DP41B%2Fref%3Dsxin_19_pa_sp_search_thematic_sspa%3Fcontent-id%3Damzn1.sym.292df443-b323-44ae-8b40-9a666975b8b5%253Aamzn1.sym.292df443-b323-44ae-8b40-9a666975b8b5%26cv_ct_cx%3Dplatform%2Bsandals%2Bwomen%26keywords%3Dplatform%2Bsandals%2Bwomen%26pd_rd_i%3DB0CH8DP41B%26pd_rd_r%3D0035b7a9-d5b5-43a6-a32c-3681360a4424%26pd_rd_w%3DWzasl%26pd_rd_wg%3DRT4Uk%26pf_rd_p%3D292df443-b323-44ae-8b40-9a666975b8b5%26pf_rd_r%3DWNNH2DVV4WMZMPR2PCP6%26qid%3D1782990436%26sbo%3DRZvfv%252F%252FHxDF%252BO5021pAnSA%253D%253D%26sr%3D1-5-6024b2a3-78e4-4fed-8fed-e1613be3bcce-spons%26aref%3D6b5z5cPcAo%26sp_csd%3Dd2lkZ2V0TmFtZT1zcF9zZWFyY2hfdGhlbWF0aWM%26psc%3D1&aref=6b5z5cPcAo,https://m.media-amazon.com/images/I/71DzqMJv0fL._AC_UL320_.jpg,65,排名靠前；价格处于人民币等值¥180.00-¥288.00区间；标题包含 soft，符合美国女鞋舒适化趋势；评分达到4.3以上。
2026-07-02,amazon_us,product,best_sellers,Best Sellers Women Sandals,3,"Archies Arch Support Flip Flops for Men & Women – Orthotic Sandals for Plantar Fasciitis Relief – Lightweight, Cushioning, Shock-Absorbing Thong Sandals for Walking, Foot Pain & All-Day Comfort",,4.3,$40.00,,,,,,https://www.amazon.com/Archies-Womens-Arch-Support-Black/dp/B086SYFKLP/ref=zg_bs_g_679425011_d_sccl_3/144-8125776-6072209?psc=1,"https://images-na.ssl-images-amazon.com/images/I/81xintmVcHL._AC_UL600_SR600,400_.jpg",64,排名靠前；标题包含 comfort、arch support，符合美国女鞋舒适化趋势；评分达到4.3以上。
2026-07-02,amazon_us,product,best_sellers,Best Sellers Women Sandals,4,mazeskin Women's Memory Foam Comfortable Flat Thong Sandals Dressy Summer Beach Leather Slide Flip Flops,,4.4,$9.99,,,,,,https://www.amazon.com/mazeskin-Womens-Comfortable-Sandals-Leather/dp/B0F32KMZ18/ref=zg_bs_g_679425011_d_sccl_4/144-8125776-6072209?psc=1,"https://images-na.ssl-images-amazon.com/images/I/71jV8GHPNSL._AC_UL600_SR600,400_.jpg",64,排名靠前；标题包含 comfort、beach、summer，符合美国女鞋舒适化趋势；评分达到4.3以上。
2026-07-02,amazon_us,product,best_sellers,Best Sellers Women Sandals,7,CUSHIONAIRE Lane Cork Footbed Womens Sandals Comfortable Double Buckle Slip On Sandals for Women with Arch Support and Classic Two Strap Design,,4.5,$31.49,,,,,,https://www.amazon.com/CUSHIONAIRE-Womens-Slide-Sandals-Brown/dp/B075PBVR9N/ref=zg_bs_g_679425011_d_sccl_7/144-8125776-6072209?psc=1,"https://images-na.ssl-images-amazon.com/images/I/81suZ76XHpL._AC_UL600_SR600,400_.jpg",64,排名靠前；标题包含 comfort、arch support，符合美国女鞋舒适化趋势；评分达到4.3以上。
2026-07-02,amazon_us,product,new_releases,New Releases Women Sandals,8,"CUSHIONAIRE Expo Thong Sandals for Women, Comfortable Slingback Sandals with Arch Support and Cushioned Footbed",,4.5,$39.99,,,,,,https://www.amazon.com/CUSHIONAIRE-Comfortable-Slingback-Cushioned-CHOCOLATE/dp/B0GZJ8RVL5/ref=zg_bsnr_g_679425011_d_sccl_8/146-3742404-1051655?psc=1,"https://images-na.ssl-images-amazon.com/images/I/71P3k5SiVZL._AC_UL600_SR600,400_.jpg",64,排名靠前；标题包含 comfort、arch support，符合美国女鞋舒适化趋势；评分达到4.3以上。
2026-07-02,amazon_us,product,search,women summer slippers,6,Sksshion,¥121.61,4.2,Sksshion,,,,,,https://www.amazon.com/Sksshion-Womens-Slides-Sandals-Slippers/dp/B0DP76JQ4X/ref=sr_1_2?dib=eyJ2IjoiMSJ9.NubgJ1RLlNFHfLGC5PuwuUeiPbkuWycliQru95aUAu6ZqaZC1y8Xjd0vU12TOw2RkEl7NTQG4tI5FLxZhuogz_qmuE3nNUg6SOWMP6znb2ASpWlJYFcVhFNNQruZasjtrzJlgmH387htOHSym6lY_lRDg8yu1FhGtAS_Uk8AqmndlVyLwslU4VDbpSs2AgDucdKDpkKZQrUin2D9O0MCbOl-E9VtUdKJEENli3eSXpQlQEqpiJmv1i_tH17duoECXuJXbEVR9Qm1IEj7TY69MHXbzKcGxxByqyVx669V5mk.U140NrtpQF9DQGXC4o2Is8ccqvNUg6Q69j8BZdSfNmk&dib_tag=se&keywords=women+summer+slippers&qid=1782990434&sr=8-2,https://m.media-amazon.com/images/I/71E9gKBPQjL._AC_UL320_.jpg,64,排名靠前；价格处于人民币等值¥57.60-¥180.00黄金区间；评分达到4.0以上。
2026-07-02,amazon_us,product,search,women summer slippers,7,"ULTRAIDEAS Women's Popcorn Flip Flop House Slipper with Memory Foam, Gift for Women Mom ULTRAIDEAS Women's Popcorn Flip Flop House Slipper with Memory Foam, Gift for Women Mom",¥113.47,4.2,4.2,,,,,,https://aax-us-east-retail-direct.amazon.com/x/c/JH2U-ssXaXdGdgmk9uPiOuYAAAGfIoLy0QEAAAH2AQBvbm9fdHhuX2JpZDQgICBvbm9fdHhuX2ltcDEgICAaFH5D/clv1c_ek-wBPHXFbbWzjK3YpscrxfcOWxCnjqP7-2S1QhCt-fEVBferU6jgfmct4M90RPKqXJ2TeuPHgDERi62qHKEIl-rAj2krkHa-QdtB8v4ntRXD5bhOEKNtQ66ZvhkDqKRRBPln2Juq9b0HDzyAm86LkKfQNydgh3KkiKwyTyh8Kx_aSqfUJysXd2ulMKL1RxG-IpNggrLHhHe4TyJH6ihaPg_1Z8fJ2W-EA9kc31qUv0RCsk7hEftzFzUWqgm6g96runfmWhc2LrUQh508MepKBNgIH-JYlNpMsjfxiHd4mKdkNRb1nsanT7QO4l4vAkcyZ6FnH41CBzUPW9oWAoEGJyq6kcXL8zSNzLp5g6MMd_d2hF22DaYUG1ycX-yOyLPyXIDJO4laN6X78CSBrh0gv-DEUgpI2SwpVzXMU2bS2qfrkEuSSUCamsS4ZPGcy1JY7plOmRi1YIouejZYtr4hoINV3tGcZQJJCBKKJRx0CkgOwsjIyEMrmLqgLBlBQe4sOCvc_SmetFPt27bLCXdxZb371zv8JFTfCtDA2Qyz0ffe8FRevkWoV15qV3O1UwcAhaPAUmwvyHBo-bWYnn9B4Li7MsvIt3szQJ_IHtVg-dWr4XBOzFGDGktQyevH6AJdMc53keSd9sBtjbTHlua4P2iu6BE3UbvZL1VAM4twz03QnW7GGJKR-VupjtDhOqmrSGjqP6ZlzA3A-MDgYChW245xbkelinZh8MvR6FethkzqH4IvWlRsW_42enT_erPz_9PX0eyy5KT--MlAq-fNiWr19rHSCwFSgmSPU5pPk5K9CsZArZFqDAE0rIvEeYxSvnxI7TUcYNumeb_Sj0AlFhshPNXH20fGahWD2RIGJ9ymK4V1KuyAX2q4jhDH5xlei4uJeAnG_ZH5g-ymD_wfirWR2PXpaOdG8kWBeBSdbFi7cTSlEHB1kaC1QTcHG-4h-blSalr9UyOpJKoVqfHkY9254P8dZ6gq0rgVnaJRfnxnd_l6yPupJHsZ6NtIfZm_uCI4ekqmcdsuY14vzqQP0G2rZyIPxQwrChzgNMJw7BIMAJnufD_veF8X_Z39jafr4jKDgBey5VgxxbZikDa-MtFd6RzG4ezRFakYa-BC-tWGKTALPrzYxrS10J8qmvVPO17GUp2JHQLm4XMypwcLSL26gAzeuS-NNS0TqaSP6T-u7BNdB4-pd8QBeqiAQv56CqvOYWvGNxoKHa6zgCkORI-O_tDWPCE6hkl3EfB2U5iC-N23R5bHsa7e_oLhrwjtUO57DIHLyJaeQ9v9arocvcmyBc9SsUsKNga5OagK3aaSfVOofzALsydyeoSqLrn7Rxp4aZNT13k8bF2aPr_aHBMfNJzNJcO61uwjtq3WKHhVHQZbtSl1UpDZ1SVg46uI7hnR3NOl174qsEAjtGcEInWQMWRnxNG_iquSF_6q_umxJSzgNhJbTP69Cr0X_0GZlHzT1qu49PcwMNnhYM0sFrm33Ucff-ZQ-RTNvwMPk7IMFQBL9AILP-BmjdaASw4SuJh4LhZjtT341HzpoBWwhkhnIZTsdLTNuSwEaEKh2oOeCqIVfsO9tu0flDBJRWiR8X3-2SRCb6mbX8hV8LIcR0PDfu9ZklFQJul9SeYSjllsY4Qsj--gY3MrfrxlxUv-ZV4GpddrOwOYr-wowc4jmq_mo1Cqi6Ay0bR/https://www.amazon.com/gp/aw/d/B09SZCC42N/?_encoding=UTF8&pd_rd_plhdr=t&aaxitk=01c0f67fbe3c6cef36a9be9344b797a1&hsa_cr_id=0&qid=1782990434&sr=1-1-f02f01d6-adaf-4bef-9a7c-29308eff9043&ref_=sbx__sbtcd2_asin_0_bkgd&pd_rd_w=QuaGD&content-id=amzn1.sym.5159d9cb-0665-4a83-8f64-8881eaba312a%3Aamzn1.sym.5159d9cb-0665-4a83-8f64-8881eaba312a&pf_rd_p=5159d9cb-0665-4a83-8f64-8881eaba312a&pf_rd_r=J108HJ8Z1NV7FP5CE66H&pd_rd_wg=RXraQ&pd_rd_r=c8d1131f-6fcf-4bc2-9184-8d49b1e9d66b,"https://m.media-amazon.com/images/I/71ohkuM4pUL._AC_SR322,134_CB1169409_QL70_.jpg",64,排名靠前；价格处于人民币等值¥57.60-¥180.00黄金区间；评分达到4.0以上。
2026-07-02,amazon_us,product,best_sellers,Best Sellers Women Sandals,1,Project Cloud Flip Flops for Women Footwear- Lightweight and Memory Foam Insole Sandals for Women 2026 - Durable Non-Slip Beach Essentials Flats for Women Sandals (Foundations),,4.3,$26.90,,,,,,https://www.amazon.com/Project-Cloud-Flip-flops-Women/dp/B0D2FPWL8Q/ref=zg_bs_g_679425011_d_sccl_1/144-8125776-6072209?psc=1,"https://images-na.ssl-images-amazon.com/images/I/71C3a048GxL._AC_UL600_SR600,400_.jpg",63,排名靠前；标题包含 cloud、beach，符合美国女鞋舒适化趋势；评分达到4.3以上。
2026-07-02,amazon_us,product,search,platform sandals women,16,CUSHIONAIRE Pim Wedge Chunky Platform Womens Sandals with Firm Knit Upper & Memory Foam Summer Sandals for Women CUSHIONAIRE Pim Wedge Chunky Platform Womens Sandals with Firm Knit Upper & Memory Foam Summer Sa…,¥273.53,4.2,4.2,,,,,,https://aax-us-east-retail-direct.amazon.com/x/c/JCc4UOFPV--lO4MbPXEOAKoAAAGfIoL4SQEAAAH2AQBvbm9fdHhuX2JpZDUgICBvbm9fdHhuX2ltcDEgICA1hNAJ/clv1c_ek-wBPHXFbbWzjK3YoscrxfcOWxCnjqP7-0CUpDnFUkScXyzONh_xxIZ4WCj3AhujQmFV-uPHgDERi62qHKEkWGKcfPXmlO7Oj7hCtiJ1K-6a5RiFLNPl3xZ4f1e8hohnxUa5ty02LmlUixRGv576dPf4NydhF1qq1QxDTUlwp4Twbtv345077kLBYy2rql0CM0Q50pKJV-QhYXOF8hHk0ERu120juSnHI0L3XAFZDOidme2l8eMTB0KBWWpDy6nA2OsH-rfVlR3xz3wqT7y9Vd7GPqCPTCRzxp2U6Ou5q-vFda_ftLXl97q95QB1wdG8dtFVORJVpApL1z88dwQVTaFliJZlEBbWdjS8GogUdfh5KG3XcDYY6Kr-ISPyqZF07NweNrweWTADcvqGn4FAnyDF8g5JyWgpR2ZLECiAbzel0ksWeUCmkvioJPIMj2xQ2oppvIuwI1hb-kzqFCAMC227fEJqk6QPMY0YBN8uG3IdXlxJlTT5xXDIQpgcnTkl0G3wQRqO0sg_yYisoNWnfmvz2aeLiPHjVXzmxvSHXg7jaJtNkRIpupIYsyEeDya7QDzBi_8pPpf0pkUqymz_wnFE8052xj9UfHj01yPhxoHXl_-q4gDFD-3WQ_PBcpBrIJyh8FpeInH0jOgZ69LuShYIb6PYp8ZAvj81znjnX5Ph3RVfDxfvXKRJ_TXxT1UXXoHdyjM0dXYIebSg8OH19BeQAwPAA9FQBxwoCeAyH14xniSo8xG7ujTIgdxBg_PoIFsY8aZgz-xnjmvjFyUWz9qdZNmBSLz9j5UJMi6byD68f2X4SJ4Y7DNLtVCg7sqlAK_q4oNXq5HG81jtt-_u2mbvSanLUXgCFdouyzVdFEKIN35qkAZO2haeLSVdfepJd_VRe8XvuScvrG6mB_8fgveR2PLReKdJ_0phLwtu5wtylq0sgPyT6vtd_rp61hRHjU5Thy3seguki5OslhrR8VimqVgPUZoBXRMNHdFGJFnJyTaxzB-PipkSse2BzryWNTjZpD-YBg4A_v0X6LLxu201oYL04166BJO8MFT74rMv0Hlf2ER2KeN9q377rx5mBoDMRN26dZQhSnA7moYrKf_w384eatGlzqKEBQLVXMYuX1ByNXdiNax2-n6PBo5M_qJjaQqV5cBqs-kf1VR6DMWhhJBUsRm-hzliixEgvP2XyRLRI7Obd-5o96uu34S_zCxJEyILXCN-9Qbzg5f2Z_RKVXazNjYyjPD2M3w91x4Lw2ngfTrDK-O__avf80Din8ztWqkE59DBpGh34NYKk__KE4oBuGrSZgN4S5h_NdWvm8ZIersj96sWvCwU-uEq0eyoKN4q1KYARBubvQ5EuM628SRtmoP0MtySOTEloXztQk7Ib2msr-xXAuOOtBIHOLoFsqmfdD3vItngDd95SW11OlJ0jYphkJLCcVEBOuhaQGlFgSj3Y9aH05D41p-CER9w9ktk3elz8GCQ3LFftBTGgH3wDSi7HTNJkPkqSB8y__VZ6loNiHzeN6h6eQyfqFQcwmcS8xbtRrx5lsjz0InMa1yyOwjW0g_jlTxk_4obBvxbGf4yVqkg0BbBhJx0MFTPTORmufrMj_Ef6GkpVmKKvMndGAztKgGo0wBm_P1rMVK04iRMAmMaI10lDAkJW4Vi3FQX05ZwBSmQxS7rT7jcxJ4Ibx-S3sSf2LOxA/https://www.amazon.com/gp/aw/d/B09M96NPG8/?_encoding=UTF8&pd_rd_plhdr=t&aaxitk=5ba5259cdd41489b62ef0207eef11481&hsa_cr_id=0&qid=1782990436&sr=1-8-f02f01d6-adaf-4bef-9a7c-29308eff9043&ref_=sbx__sbtcd2_asin_7_bkgd&pd_rd_w=A5FK3&content-id=amzn1.sym.5159d9cb-0665-4a83-8f64-8881eaba312a%3Aamzn1.sym.5159d9cb-0665-4a83-8f64-8881eaba312a&pf_rd_p=5159d9cb-0665-4a83-8f64-8881eaba312a&pf_rd_r=WNNH2DVV4WMZMPR2PCP6&pd_rd_wg=RT4Uk&pd_rd_r=0035b7a9-d5b5-43a6-a32c-3681360a4424,"https://m.media-amazon.com/images/I/71oz-qD6L5L._AC_SR322,134_CB1169409_QL70_.jpg",63,排名进入前30；价格处于人民币等值¥180.00-¥288.00区间；标题包含 platform、summer、wedge，符合美国女鞋舒适化趋势；评分达到4.0以上。
2026-07-02,amazon_us,product,best_sellers,Best Sellers Women Sandals,43,Athlefit Women's Orthopedic Arch Support Sandals Comfortable Thong T-Strap Orthotic Casual Flat Sandals,,4.3,$30.56,,,,,,https://www.amazon.com/Athlefit-Orthopedic-Support-Sandals-Adjustable/dp/B0CQYB7PCR/ref=zg_bs_g_679425011_d_sccl_43/144-8125776-6072209?psc=1,"https://images-na.ssl-images-amazon.com/images/I/61i6aJbj0IL._AC_UL300_SR300,200_.jpg",62,排名进入前50；标题包含 orthopedic、comfort、arch support，符合美国女鞋舒适化趋势；orthopedic + arch support组合趋势加分；评分达到4.3以上。
2026-07-02,amazon_us,product,search,women summer slippers,5,Dearfoams,¥194.40,4.3,Products highlighted as 'Overall Pick' are:,,,,,,https://www.amazon.com/Dearfoams-womens-Slipper-Dusty-Large/dp/B083VY1Q3M/ref=sr_1_1?dib=eyJ2IjoiMSJ9.NubgJ1RLlNFHfLGC5PuwuUeiPbkuWycliQru95aUAu6ZqaZC1y8Xjd0vU12TOw2RkEl7NTQG4tI5FLxZhuogz_qmuE3nNUg6SOWMP6znb2ASpWlJYFcVhFNNQruZasjtrzJlgmH387htOHSym6lY_lRDg8yu1FhGtAS_Uk8AqmndlVyLwslU4VDbpSs2AgDucdKDpkKZQrUin2D9O0MCbOl-E9VtUdKJEENli3eSXpQlQEqpiJmv1i_tH17duoECXuJXbEVR9Qm1IEj7TY69MHXbzKcGxxByqyVx669V5mk.U140NrtpQF9DQGXC4o2Is8ccqvNUg6Q69j8BZdSfNmk&dib_tag=se&keywords=women+summer+slippers&qid=1782990434&sr=8-1,https://m.media-amazon.com/images/I/716X6dZXCuL._AC_UL320_.jpg,62,排名靠前；价格处于人民币等值¥180.00-¥288.00区间；评分达到4.3以上。
2026-07-02,amazon_us,product,search,women summer slippers,19,"Women's Open Toe House Slippers – Breathable Waffle Fabric, Memory Foam Cushioning, Slip-On Summer Indoor Slippers, Non-Slip TPR Sole, Easy Care",¥79.13,4.2,100+ bought in past month,,,,,,https://www.amazon.com/Yoerpe-Womens-House-Slippers-Slip/dp/B0DRNTXHFS/ref=sr_1_10?dib=eyJ2IjoiMSJ9.NubgJ1RLlNFHfLGC5PuwuUeiPbkuWycliQru95aUAu6ZqaZC1y8Xjd0vU12TOw2RkEl7NTQG4tI5FLxZhuogz_qmuE3nNUg6SOWMP6znb2ASpWlJYFcVhFNNQruZasjtrzJlgmH387htOHSym6lY_lRDg8yu1FhGtAS_Uk8AqmndlVyLwslU4VDbpSs2AgDucdKDpkKZQrUin2D9O0MCbOl-E9VtUdKJEENli3eSXpQlQEqpiJmv1i_tH17duoECXuJXbEVR9Qm1IEj7TY69MHXbzKcGxxByqyVx669V5mk.U140NrtpQF9DQGXC4o2Is8ccqvNUg6Q69j8BZdSfNmk&dib_tag=se&keywords=women+summer+slippers&qid=1782990434&sr=8-10,https://m.media-amazon.com/images/I/81KV6CQuzNL._AC_UL320_.jpg,62,排名进入前30；评论数达到50以上；价格处于人民币等值¥57.60-¥180.00黄金区间；标题包含 summer，符合美国女鞋舒适化趋势；评分达到4.0以上。
2026-07-02,amazon_us,product,search,platform sandals women,4,ONCAI,¥230.33,4.4,ONCAI,,,,,,https://www.amazon.com/sspa/click?ie=UTF8&spc=MToxNTExODk3NTExMDM1MTg3OjE3ODI5OTA0MzY6c3Bfc2VhcmNoX3RoZW1hdGljOjMwMTIxNjI1NDA2ODQwMjo6MDo6&url=%2FONCAI-Rhinestone%25EF%25BC%258CArch-Orthopedic-Comfortable-Fasciitis%2Fdp%2FB0DT4751Q3%2Fref%3Dsxin_19_pa_sp_search_thematic_sspa%3Fcontent-id%3Damzn1.sym.292df443-b323-44ae-8b40-9a666975b8b5%253Aamzn1.sym.292df443-b323-44ae-8b40-9a666975b8b5%26cv_ct_cx%3Dplatform%2Bsandals%2Bwomen%26keywords%3Dplatform%2Bsandals%2Bwomen%26pd_rd_i%3DB0DT4751Q3%26pd_rd_r%3D0035b7a9-d5b5-43a6-a32c-3681360a4424%26pd_rd_w%3DWzasl%26pd_rd_wg%3DRT4Uk%26pf_rd_p%3D292df443-b323-44ae-8b40-9a666975b8b5%26pf_rd_r%3DWNNH2DVV4WMZMPR2PCP6%26qid%3D1782990436%26sbo%3DRZvfv%252F%252FHxDF%252BO5021pAnSA%253D%253D%26sr%3D1-1-6024b2a3-78e4-4fed-8fed-e1613be3bcce-spons%26aref%3DQVS5ZZikBh%26sp_csd%3Dd2lkZ2V0TmFtZT1zcF9zZWFyY2hfdGhlbWF0aWM%26psc%3D1&aref=QVS5ZZikBh,https://m.media-amazon.com/images/I/71o9ZnTlQhL._AC_UL320_.jpg,62,排名靠前；价格处于人民币等值¥180.00-¥288.00区间；评分达到4.3以上。
2026-07-02,amazon_us,product,search,platform sandals women,5,TEMOFON,¥220.25,4.4,TEMOFON,,,,,,https://www.amazon.com/sspa/click?ie=UTF8&spc=MToxNTExODk3NTExMDM1MTg3OjE3ODI5OTA0MzY6c3Bfc2VhcmNoX3RoZW1hdGljOjMwMTIyMTA0MzgzNzMwMjo6MTo6&url=%2FTEMOFON-Sandals-Platform-Bohemian-Rhinestone%2Fdp%2FB0C1495B39%2Fref%3Dsxin_19_pa_sp_search_thematic_sspa%3Fcontent-id%3Damzn1.sym.292df443-b323-44ae-8b40-9a666975b8b5%253Aamzn1.sym.292df443-b323-44ae-8b40-9a666975b8b5%26cv_ct_cx%3Dplatform%2Bsandals%2Bwomen%26keywords%3Dplatform%2Bsandals%2Bwomen%26pd_rd_i%3DB0C1495B39%26pd_rd_r%3D0035b7a9-d5b5-43a6-a32c-3681360a4424%26pd_rd_w%3DWzasl%26pd_rd_wg%3DRT4Uk%26pf_rd_p%3D292df443-b323-44ae-8b40-9a666975b8b5%26pf_rd_r%3DWNNH2DVV4WMZMPR2PCP6%26qid%3D1782990436%26sbo%3DRZvfv%252F%252FHxDF%252BO5021pAnSA%253D%253D%26sr%3D1-2-6024b2a3-78e4-4fed-8fed-e1613be3bcce-spons%26aref%3D21BzPDRu8P%26sp_csd%3Dd2lkZ2V0TmFtZT1zcF9zZWFyY2hfdGhlbWF0aWM%26psc%3D1&aref=21BzPDRu8P,https://m.media-amazon.com/images/I/61iMqDDZYAL._AC_UL320_.jpg,62,排名靠前；价格处于人民币等值¥180.00-¥288.00区间；评分达到4.3以上。
2026-07-02,amazon_us,product,search,platform sandals women,7,Littleplum,¥280.73,4.4,Littleplum,,,,,,https://www.amazon.com/sspa/click?ie=UTF8&spc=MToxNTExODk3NTExMDM1MTg3OjE3ODI5OTA0MzY6c3Bfc2VhcmNoX3RoZW1hdGljOjMwMTIxMjg3NDQ4MzUwMjo6Mzo6&url=%2FLittleplum-Handmade-Comfortable-Orthopedic-Bohemian%2Fdp%2FB0DKNRQF8D%2Fref%3Dsxin_19_pa_sp_search_thematic_sspa%3Fcontent-id%3Damzn1.sym.292df443-b323-44ae-8b40-9a666975b8b5%253Aamzn1.sym.292df443-b323-44ae-8b40-9a666975b8b5%26cv_ct_cx%3Dplatform%2Bsandals%2Bwomen%26keywords%3Dplatform%2Bsandals%2Bwomen%26pd_rd_i%3DB0DKNRQF8D%26pd_rd_r%3D0035b7a9-d5b5-43a6-a32c-3681360a4424%26pd_rd_w%3DWzasl%26pd_rd_wg%3DRT4Uk%26pf_rd_p%3D292df443-b323-44ae-8b40-9a666975b8b5%26pf_rd_r%3DWNNH2DVV4WMZMPR2PCP6%26qid%3D1782990436%26sbo%3D9ZOMT9Jm0JH%252Ft%252BWi68iDSA%253D%253D%26sr%3D1-4-6024b2a3-78e4-4fed-8fed-e1613be3bcce-spons%26aref%3Dp9aRz2xZvz%26sp_csd%3Dd2lkZ2V0TmFtZT1zcF9zZWFyY2hfdGhlbWF0aWM%26psc%3D1&aref=p9aRz2xZvz,https://m.media-amazon.com/images/I/718egl+NShL._AC_UL320_.jpg,62,排名靠前；价格处于人民币等值¥180.00-¥288.00区间；评分达到4.3以上。
2026-07-02,amazon_us,product,search,platform sandals women,12,"CUSHIONAIRE Luna Sandals for Women, Cork Footbed Womens Sandals for Summer Comfort with Adjustable Straps, Wide Width Available CUSHIONAIRE Luna Sandals for Women, Cork Footbed Womens Sandals for Summer Comfort with Adjustable Str…",¥251.86,4.5,4.5,,,,,,https://aax-us-east-retail-direct.amazon.com/x/c/JCc4UOFPV--lO4MbPXEOAKoAAAGfIoL4SQEAAAH2AQBvbm9fdHhuX2JpZDUgICBvbm9fdHhuX2ltcDEgICA1hNAJ/clv1c_ek-wBPHXFbbWzjK3YoscrxfcOWxCnjqP7-0CUpDnFUkScXyzONh_xxIZ4WCj3AhujQmFV-uPHgDERi62qHKEkWGKcfPXmlO7Oj7hCtiJ1K-6a5RiFLNPl3xZ4f1e8hohnxUa5ty02LmlUixRGv576dPf4NydhF1qq1QxDTUlwp4Twbtv345077kLBYy2rql0CM0Q50pKJV-QhYXOF8hHk0ERu120juSnHI0L3XAFZDOidme2l8eMTB0KBWWpDy6nA2OsH-rfVlR3xz3wqT7y9Vd7GPqCPTCRzxp2U6Ou5q-vFda_ftLXl97q95QB1wdG8dtFVORJVpApL1z88dwQVTaFliJZlEBbWdjS8GogUdfh5KG3XcDYY6Kr-ISPyqZF07NweNrweWTADcvqGn4FAnyDF8g5JyWgpR2ZLECiAbzel0ksWeUCmkvioJPIMj2xQ2oppvIuwI1hb-kzqFCAMC227fEJqk6QPMY0YBN8uG3IdXlxJlTT5xXDIQpgcnTkl0G3wQRqO0sg_yYisoNWnfmvz2aeLiPHjVXzmxvSHXg7jaJtNkRIpupIYsyEeDya7QDzBi_8pPpf0pkUqymz_wnFE8052xj9UfHj01yPhxoHXl_-q4gDFD-3WQ_PBcpBrIJyh8FpeInH0jOgZ69LuShYIb6PYp8ZAvj81znjnX5Ph3RVfDxfvXKRJ_TXxT1UXXoHdyjM0dXYIebSg8OH19BeQAwPAA9FQBxwoCeAyH14xniSo8xG7ujTIgdxBg_PoIFsY8aZgz-xnjmvjFyUWz9qdZNmBSLz9j5UJMi6byD68f2X4SJ4Y7DNLtVCg7sqlAK_q4oNXq5HG81jtt-_u2mbvSanLUXgCFdouyzVdFEKIN35qkAZO2haeLSVdfepJd_VRe8XvuScvrG6mB_8fgveR2PLReKdJ_0phLwtu5wtylq0sgPyT6vtd_rp61hRHjU5Thy3seguki5OslhrR8VimqVgPUZoBXRMNHdFGJFnJyTaxzB-PipkSse2BzryWNTjZpD-YBg4A_v0X6LLxu201oYL04166BJO8MFT74rMv0Hlf2ER2KeN9q377rx5mBoDMRN26dZQhSnA7moYrKf_w384eatGlzqKEBQLVXMYuX1ByNXdiNax2-n6PBo5M_qJjaQqV5cBqs-kf1VR6DMWhhJBUsRm-hzliixEgvP2XyRLRI7Obd-5o96uu34S_zCxJEyILXCN-9Qbzg5f2Z_RKVXazNjYyjPD2M3w91x4Lw2ngfTrDK-O__avf80Din8ztWqkE59DBpGh34NYKk__KE4oBuGrSZgN4S5h_NdWvm8ZIersj96sWvCwU-uEq0eyoKN4q1KYARBubvQ5EuM628SRtmoP0MtySOTEloXztQk7Ib2msr-xXAuOOtBIHOLoFsqmfdD3vItngDd95SW11OlJ0jYphkJLCcVEBOuhaQGlFgSj3Y9aH05D41p-CER9w9ktk3elz8GCQ3LFftBTGgH3wDSi7HTNJkPkqSB8y__VZ6loNiHzeN6h6eQyfqFQcwmcS8xbtRrx5lsjz0InMa1yyOwjW0g_jlTxk_4obBvxbGf4yVqkg0BbBhJx0MFTPTORmufrMj_Ef6GkpVmKKvMndGAztKgGo0wBm_P1rMVK04iRMAmMaI10lDAkJW4Vi3FQX05ZwBSmQxS7rT7jcxJ4Ibx-S3sSf2LOxA/https://www.amazon.com/gp/aw/d/B073XS7BW7/?_encoding=UTF8&pd_rd_plhdr=t&aaxitk=5ba5259cdd41489b62ef0207eef11481&hsa_cr_id=0&qid=1782990436&sr=1-4-f02f01d6-adaf-4bef-9a7c-29308eff9043&ref_=sbx__sbtcd2_asin_3_bkgd&pd_rd_w=A5FK3&content-id=amzn1.sym.5159d9cb-0665-4a83-8f64-8881eaba312a%3Aamzn1.sym.5159d9cb-0665-4a83-8f64-8881eaba312a&pf_rd_p=5159d9cb-0665-4a83-8f64-8881eaba312a&pf_rd_r=WNNH2DVV4WMZMPR2PCP6&pd_rd_wg=RT4Uk&pd_rd_r=0035b7a9-d5b5-43a6-a32c-3681360a4424,"https://m.media-amazon.com/images/I/81TDeaArVJL._AC_SR322,134_CB1169409_QL70_.jpg",61,排名进入前30；价格处于人民币等值¥180.00-¥288.00区间；标题包含 comfort、summer，符合美国女鞋舒适化趋势；评分达到4.3以上。
2026-07-02,amazon_us,product,search,platform sandals women,18,CUSHIONAIRE Lizzy Cork Footbed Womens Sandals - Comfortable Braided Summer Slip On Slide Sandals for Women CUSHIONAIRE Lizzy Cork Footbed Womens Sandals - Comfortable Braided Summer Slip On Slide Sandals for W…,¥215.93,4.4,4.4,,,,,,https://aax-us-east-retail-direct.amazon.com/x/c/JCc4UOFPV--lO4MbPXEOAKoAAAGfIoL4SQEAAAH2AQBvbm9fdHhuX2JpZDUgICBvbm9fdHhuX2ltcDEgICA1hNAJ/clv1c_ek-wBPHXFbbWzjK3YoscrxfcOWxCnjqP7-0CUpDnFUkScXyzONh_xxIZ4WCj3AhujQmFV-uPHgDERi62qHKEkWGKcfPXmlO7Oj7hCtiJ1K-6a5RiFLNPl3xZ4f1e8hohnxUa5ty02LmlUixRGv576dPf4NydhF1qq1QxDTUlwp4Twbtv345077kLBYy2rql0CM0Q50pKJV-QhYXOF8hHk0ERu120juSnHI0L3XAFZDOidme2l8eMTB0KBWWpDy6nA2OsH-rfVlR3xz3wqT7y9Vd7GPqCPTCRzxp2U6Ou5q-vFda_ftLXl97q95QB1wdG8dtFVORJVpApL1z88dwQVTaFliJZlEBbWdjS8GogUdfh5KG3XcDYY6Kr-ISPyqZF07NweNrweWTADcvqGn4FAnyDF8g5JyWgpR2ZLECiAbzel0ksWeUCmkvioJPIMj2xQ2oppvIuwI1hb-kzqFCAMC227fEJqk6QPMY0YBN8uG3IdXlxJlTT5xXDIQpgcnTkl0G3wQRqO0sg_yYisoNWnfmvz2aeLiPHjVXzmxvSHXg7jaJtNkRIpupIYsyEeDya7QDzBi_8pPpf0pkUqymz_wnFE8052xj9UfHj01yPhxoHXl_-q4gDFD-3WQ_PBcpBrIJyh8FpeInH0jOgZ69LuShYIb6PYp8ZAvj81znjnX5Ph3RVfDxfvXKRJ_TXxT1UXXoHdyjM0dXYIebSg8OH19BeQAwPAA9FQBxwoCeAyH14xniSo8xG7ujTIgdxBg_PoIFsY8aZgz-xnjmvjFyUWz9qdZNmBSLz9j5UJMi6byD68f2X4SJ4Y7DNLtVCg7sqlAK_q4oNXq5HG81jtt-_u2mbvSanLUXgCFdouyzVdFEKIN35qkAZO2haeLSVdfepJd_VRe8XvuScvrG6mB_8fgveR2PLReKdJ_0phLwtu5wtylq0sgPyT6vtd_rp61hRHjU5Thy3seguki5OslhrR8VimqVgPUZoBXRMNHdFGJFnJyTaxzB-PipkSse2BzryWNTjZpD-YBg4A_v0X6LLxu201oYL04166BJO8MFT74rMv0Hlf2ER2KeN9q377rx5mBoDMRN26dZQhSnA7moYrKf_w384eatGlzqKEBQLVXMYuX1ByNXdiNax2-n6PBo5M_qJjaQqV5cBqs-kf1VR6DMWhhJBUsRm-hzliixEgvP2XyRLRI7Obd-5o96uu34S_zCxJEyILXCN-9Qbzg5f2Z_RKVXazNjYyjPD2M3w91x4Lw2ngfTrDK-O__avf80Din8ztWqkE59DBpGh34NYKk__KE4oBuGrSZgN4S5h_NdWvm8ZIersj96sWvCwU-uEq0eyoKN4q1KYARBubvQ5EuM628SRtmoP0MtySOTEloXztQk7Ib2msr-xXAuOOtBIHOLoFsqmfdD3vItngDd95SW11OlJ0jYphkJLCcVEBOuhaQGlFgSj3Y9aH05D41p-CER9w9ktk3elz8GCQ3LFftBTGgH3wDSi7HTNJkPkqSB8y__VZ6loNiHzeN6h6eQyfqFQcwmcS8xbtRrx5lsjz0InMa1yyOwjW0g_jlTxk_4obBvxbGf4yVqkg0BbBhJx0MFTPTORmufrMj_Ef6GkpVmKKvMndGAztKgGo0wBm_P1rMVK04iRMAmMaI10lDAkJW4Vi3FQX05ZwBSmQxS7rT7jcxJ4Ibx-S3sSf2LOxA/https://www.amazon.com/gp/aw/d/B0964BLJWV/?_encoding=UTF8&pd_rd_plhdr=t&aaxitk=5ba5259cdd41489b62ef0207eef11481&hsa_cr_id=0&qid=1782990436&sr=1-10-f02f01d6-adaf-4bef-9a7c-29308eff9043&ref_=sbx__sbtcd2_asin_9_bkgd&pd_rd_w=A5FK3&content-id=amzn1.sym.5159d9cb-0665-4a83-8f64-8881eaba312a%3Aamzn1.sym.5159d9cb-0665-4a83-8f64-8881eaba312a&pf_rd_p=5159d9cb-0665-4a83-8f64-8881eaba312a&pf_rd_r=WNNH2DVV4WMZMPR2PCP6&pd_rd_wg=RT4Uk&pd_rd_r=0035b7a9-d5b5-43a6-a32c-3681360a4424,"https://m.media-amazon.com/images/I/81FiPpeRE3L._AC_SR322,134_CB1169409_QL70_.jpg",61,排名进入前30；价格处于人民币等值¥180.00-¥288.00区间；标题包含 comfort、summer，符合美国女鞋舒适化趋势；评分达到4.3以上。
2026-07-02,amazon_us,product,best_sellers,Best Sellers Women Sandals,19,ONCAI Women's Flip Flops Comfortable Arch Support Yoga Mat Summer Beach Walking Thong Cushion Sandals Ladies Outdoor Vacation Essentials Slide Shoes Rubber Soles US Size 5-11,,4.3,$13.99,,,,,,https://www.amazon.com/ONCAI-Support-Athletic-Orthotic-Fasciitis/dp/B0D2292JM9/ref=zg_bs_g_679425011_d_sccl_19/144-8125776-6072209?psc=1,"https://images-na.ssl-images-amazon.com/images/I/71iVIX1IyIL._AC_UL600_SR600,400_.jpg",60,排名进入前30；标题包含 comfort、arch support、beach、summer，符合美国女鞋舒适化趋势；评分达到4.3以上。
2026-07-02,amazon_us,product,search,women summer slippers,11,"ULTRAIDEAS Women's Indoor Bedroom Slipper with Memory Foam, Gift for Women, Wool-Like House Shoe with Anti-Skid Rubber Sole for Ladies ULTRAIDEAS Women's Indoor Bedroom Slipper with Memory Foam, Gift for Women, Wool-Like House Shoe with Anti-S…",¥97.13,4.6,4.6,,,,,,https://aax-us-east-retail-direct.amazon.com/x/c/JH2U-ssXaXdGdgmk9uPiOuYAAAGfIoLy0QEAAAH2AQBvbm9fdHhuX2JpZDQgICBvbm9fdHhuX2ltcDEgICAaFH5D/clv1c_ek-wBPHXFbbWzjK3YpscrxfcOWxCnjqP7-2S1QhCt-fEVBferU6jgfmct4M90RPKqXJ2TeuPHgDERi62qHKEIl-rAj2krkHa-QdtB8v4ntRXD5bhOEKNtQ66ZvhkDqKRRBPln2Juq9b0HDzyAm86LkKfQNydgh3KkiKwyTyh8Kx_aSqfUJysXd2ulMKL1RxG-IpNggrLHhHe4TyJH6ihaPg_1Z8fJ2W-EA9kc31qUv0RCsk7hEftzFzUWqgm6g96runfmWhc2LrUQh508MepKBNgIH-JYlNpMsjfxiHd4mKdkNRb1nsanT7QO4l4vAkcyZ6FnH41CBzUPW9oWAoEGJyq6kcXL8zSNzLp5g6MMd_d2hF22DaYUG1ycX-yOyLPyXIDJO4laN6X78CSBrh0gv-DEUgpI2SwpVzXMU2bS2qfrkEuSSUCamsS4ZPGcy1JY7plOmRi1YIouejZYtr4hoINV3tGcZQJJCBKKJRx0CkgOwsjIyEMrmLqgLBlBQe4sOCvc_SmetFPt27bLCXdxZb371zv8JFTfCtDA2Qyz0ffe8FRevkWoV15qV3O1UwcAhaPAUmwvyHBo-bWYnn9B4Li7MsvIt3szQJ_IHtVg-dWr4XBOzFGDGktQyevH6AJdMc53keSd9sBtjbTHlua4P2iu6BE3UbvZL1VAM4twz03QnW7GGJKR-VupjtDhOqmrSGjqP6ZlzA3A-MDgYChW245xbkelinZh8MvR6FethkzqH4IvWlRsW_42enT_erPz_9PX0eyy5KT--MlAq-fNiWr19rHSCwFSgmSPU5pPk5K9CsZArZFqDAE0rIvEeYxSvnxI7TUcYNumeb_Sj0AlFhshPNXH20fGahWD2RIGJ9ymK4V1KuyAX2q4jhDH5xlei4uJeAnG_ZH5g-ymD_wfirWR2PXpaOdG8kWBeBSdbFi7cTSlEHB1kaC1QTcHG-4h-blSalr9UyOpJKoVqfHkY9254P8dZ6gq0rgVnaJRfnxnd_l6yPupJHsZ6NtIfZm_uCI4ekqmcdsuY14vzqQP0G2rZyIPxQwrChzgNMJw7BIMAJnufD_veF8X_Z39jafr4jKDgBey5VgxxbZikDa-MtFd6RzG4ezRFakYa-BC-tWGKTALPrzYxrS10J8qmvVPO17GUp2JHQLm4XMypwcLSL26gAzeuS-NNS0TqaSP6T-u7BNdB4-pd8QBeqiAQv56CqvOYWvGNxoKHa6zgCkORI-O_tDWPCE6hkl3EfB2U5iC-N23R5bHsa7e_oLhrwjtUO57DIHLyJaeQ9v9arocvcmyBc9SsUsKNga5OagK3aaSfVOofzALsydyeoSqLrn7Rxp4aZNT13k8bF2aPr_aHBMfNJzNJcO61uwjtq3WKHhVHQZbtSl1UpDZ1SVg46uI7hnR3NOl174qsEAjtGcEInWQMWRnxNG_iquSF_6q_umxJSzgNhJbTP69Cr0X_0GZlHzT1qu49PcwMNnhYM0sFrm33Ucff-ZQ-RTNvwMPk7IMFQBL9AILP-BmjdaASw4SuJh4LhZjtT341HzpoBWwhkhnIZTsdLTNuSwEaEKh2oOeCqIVfsO9tu0flDBJRWiR8X3-2SRCb6mbX8hV8LIcR0PDfu9ZklFQJul9SeYSjllsY4Qsj--gY3MrfrxlxUv-ZV4GpddrOwOYr-wowc4jmq_mo1Cqi6Ay0bR/https://www.amazon.com/gp/aw/d/B07CKS49CH/?_encoding=UTF8&pd_rd_plhdr=t&aaxitk=01c0f67fbe3c6cef36a9be9344b797a1&hsa_cr_id=0&qid=1782990434&sr=1-5-f02f01d6-adaf-4bef-9a7c-29308eff9043&ref_=sbx__sbtcd2_asin_4_bkgd&pd_rd_w=QuaGD&content-id=amzn1.sym.5159d9cb-0665-4a83-8f64-8881eaba312a%3Aamzn1.sym.5159d9cb-0665-4a83-8f64-8881eaba312a&pf_rd_p=5159d9cb-0665-4a83-8f64-8881eaba312a&pf_rd_r=J108HJ8Z1NV7FP5CE66H&pd_rd_wg=RXraQ&pd_rd_r=c8d1131f-6fcf-4bc2-9184-8d49b1e9d66b,"https://m.media-amazon.com/images/I/81Aw74tSZ4L._AC_SR322,134_CB1169409_QL70_.jpg",60,排名进入前30；价格处于人民币等值¥57.60-¥180.00黄金区间；评分达到4.6以上。
2026-07-02,amazon_us,product,search,women summer slippers,16,GOEWY,¥71.93,4.6,GOEWY,,,,,,https://www.amazon.com/GOEWY-Slippers-Outdoor-Slipper-Bridesmaid/dp/B0DT12FRRT/ref=sr_1_7?dib=eyJ2IjoiMSJ9.NubgJ1RLlNFHfLGC5PuwuUeiPbkuWycliQru95aUAu6ZqaZC1y8Xjd0vU12TOw2RkEl7NTQG4tI5FLxZhuogz_qmuE3nNUg6SOWMP6znb2ASpWlJYFcVhFNNQruZasjtrzJlgmH387htOHSym6lY_lRDg8yu1FhGtAS_Uk8AqmndlVyLwslU4VDbpSs2AgDucdKDpkKZQrUin2D9O0MCbOl-E9VtUdKJEENli3eSXpQlQEqpiJmv1i_tH17duoECXuJXbEVR9Qm1IEj7TY69MHXbzKcGxxByqyVx669V5mk.U140NrtpQF9DQGXC4o2Is8ccqvNUg6Q69j8BZdSfNmk&dib_tag=se&keywords=women+summer+slippers&qid=1782990434&sr=8-7,https://m.media-amazon.com/images/I/612fmVMoiKL._AC_UL320_.jpg,60,排名进入前30；价格处于人民币等值¥57.60-¥180.00黄金区间；评分达到4.6以上。
2026-07-02,amazon_us,product,search,women slides,13,LongBay Women's Cozy Bootie Slippers Memory Foam Warm House Shoes with Fluffy Collar Non-Slip Indoor Outdoor LongBay Women's Cozy Bootie Slippers Memory Foam Warm House Shoes with Fluffy Collar Non-Slip Indoor Outdoor,¥179.93,4.6,4.6,,,,,,https://aax-us-east-retail-direct.amazon.com/x/c/JAn5H1AdWGgOjk4lRZShSj8AAAGfIoL4MQEAAAH2AQBvbm9fdHhuX2JpZDYgICBvbm9fdHhuX2ltcDIgICDhVrKi/clv1c_ek-ABPHXFbbWzjK3YoscrxfcOWxCnjqPwrZx0pLnFUmL7dBSbaJKBNoqcg3m1xNIA5jhQQSwneylhi0QVoW8MLFEd5m8qSf3dDtxUzkL5_Cyu9fjJ73H9wAAiLvwqEKZh7nqJBRGhOsiwKw-gcJn8t_a8rO5tlXsupSwzfXvyo0UZVH9LqDv5eIOg2goGPz8NWJ2GE2iXEWYdWd4sl32-WDjBemVlnrWRV4O7MtfKrbN1gay6UwadM6ip8fW5eUGWv8kNbPlxYPnrbK2mpzLvV0H8oa07jMV3EKhpfg96Z-Y0YUQJjcLKUvMXmPP5DFIPvWvjIxQJmXclt2UdVdphBw0lkTY4I20Z240MnuG0GJhyLGCSEWqIne5_o8rMPv5A2bfR9mD3Ln3-yrSNgJeB0UQNWcbkwxEoV-C_SFyDrzAxKJ0Wbcgw4Ey47wYPVCYalF7RRWSBheOI-FLPObj1OWJy5C2npYCjoWQS-k9Ia4X7UM8CTJj8x7n_iTyPLJJ1bdBTd0_woHsZjR18pTgee0RBmS1_K4pdDBFfqGB_RLUqoeHUnRTamjL37imu8fCt1n65_Rmu-lNjJwAv688OWYRcZjZbjV48S1CDzr85H_1MLACu6kTBKdmsr8ne0NzaTgdd8nIEazlDlXYE2KOb_QyxXYZ7e5MnAQeMNK6ZiJb9FyGTT5oGt4jyo8oC9exW9ovWiSNGJHqwngqALvW9unCw-CqtM6L4irbEhEiHsmaZxpLKeQaCs1DIazc1qZcDnzi50k6g0CVjnfB-RMfZmsX3wDD2OD7o4_FK_51kH-l0FfeMZSJgEBreEqbjW_MxojwVu8DIoWaFaOjaQ3sgnPR0u-_0F_MTaX8kCJTAgSFQ_ew-lJdh_iPNmcTMbMM6kBLmlNzcR_2IPOPoPG6JV96YtyIOZ3vRuiLtYW-2pupB9DjrNa4FaR4ni7sd1Dxer731q43aNR6-OKJhsnDfRqZC8Y465BNaBxNbkldVS53rIrsSOKmCKG2MDRL6RUFxZHzbP_gs6LKBB2dnZfQxcbvZO5G7l90Mb_pBjfH3eNHvk_HWhgAG8DxPw1QHEH5T0b03foTbvDNHJMOKfflY5BbUW7c7BxSkLBfvq2WqXeTgoOg6rJrzWqysrZc2Z9f7Ud6ZCIbEWWZJAzfS-H4oYp75tvnZ_73OETIGNNCXTY5EGc9xxU5YSYVkQSuDnUFNmyHQz_iLXdJ1nM8lvrujsic1davI7tG5e8nfLIiYWWQM2hKX6RsvFHCaOZBnhoknxGTW5Kd455W5yO2CAD4PNwXnBT0lOW4xD_iM-_l0O7FFjJTMj_lPmHWLCACTofz97ZoQjWb1PeEnrMqXG-h47ag0vFkkpTg6JXe2Gc5Bx9Yj-r224kaMGAygA1A9GV4ZsDe_9CUvskvgkFEWei42JKBWr4O2Rdt8ZVhrM8lQBnMPjXRVjKPzE0e4f8ksfl599m1vF_EHPvMvVYcJxKsT3TmDjj6zC2MUZniMEDu_8UvzN-qhk4bcObfbi8fYsURe86WeiSBprKM6njOv7o3y1PLqmAVZr5GLQwp40AHX9fLRbFiiEdCX15InhZyNFZGCTlCH2d5SYnf-79vWGXWdK6YDjwXlXT4vHDbfUIcbE8jgcD-rJYGc9nl78wZL8WL9qLagvLNg79H-HeFd5uVpsI/https://www.amazon.com/gp/aw/d/B0F32QM2PK/?_encoding=UTF8&pd_rd_plhdr=t&aaxitk=775815826e6995480130ba8184ce92f8&hsa_cr_id=0&qid=1782990436&sr=1-10-f02f01d6-adaf-4bef-9a7c-29308eff9043&ref_=sbx__sbtcd2_asin_9_bkgd&pd_rd_w=3qOwm&content-id=amzn1.sym.5159d9cb-0665-4a83-8f64-8881eaba312a%3Aamzn1.sym.5159d9cb-0665-4a83-8f64-8881eaba312a&pf_rd_p=5159d9cb-0665-4a83-8f64-8881eaba312a&pf_rd_r=NS72BBFGF9Q4V3XMAHJ4&pd_rd_wg=ttjjs&pd_rd_r=72cfb132-1153-43e6-812a-6a7d429f9fc7,"https://m.media-amazon.com/images/I/71o89kZJUcL._AC_SR322,134_CB1169409_QL70_.jpg",60,排名进入前30；价格处于人民币等值¥57.60-¥180.00黄金区间；评分达到4.6以上。
2026-07-02,amazon_us,product,best_sellers,Best Sellers Women Sandals,26,KuaiLu Womens Fashion Orthotic Slides Ladies Athletic Yoga Mat Memory Foam Walking Sandals Thick Cushion Recovery Summer Beach Slippers Comfortable Plantar Fasciitis Arch Support,,4.0,$25.99,,,,,,https://www.amazon.com/Orthotic-Lightweight-Athletic-Comfortable-Fasciitis/dp/B092ZS2B5S/ref=zg_bs_g_679425011_d_sccl_26/144-8125776-6072209?psc=1,"https://images-na.ssl-images-amazon.com/images/I/71Rxka3CPTL._AC_UL600_SR600,400_.jpg",59,排名进入前30；标题包含 recovery、comfort、arch support、beach、summer，符合美国女鞋舒适化趋势；评分达到4.0以上。
2026-07-02,amazon_us,product,search,platform sandals women,2,CUSHIONAIRE,¥273.53,4.2,Products highlighted as 'Overall Pick' are:,,,,,,https://www.amazon.com/CUSHIONAIRE-Womens-platform-sandal-Memory/dp/B09M96YX6M/ref=sr_1_1?dib=eyJ2IjoiMSJ9.b40a7B90wYxMAM79Sxswy9CaSBvT-Au8SyrrYgI-JCANtM1nqubAolqvyV0CV8kCf3SEZd3I5OvYncpX2A4ywbf-3o9OYmKnuegtM5sA4E0pJ6Lv8ggvruC99I6VsCZ8dgkErL6SQDXYb-fzNSPp3x281F7XSxhL3DSG-4cUTuxXm3yp7QJFYadEV3A345xBeopkFq31LijhcDbMIQXP4mAl3b4aEYqhRHJbo8v23BW0Is7xRQScAZnTK3XQNqZRfoM4nQGR07_OnglSYuh_Uo-A34GOPuggRSuU61IcLic.-kQJ8ILaxefTnBWCC5ZAN1fd3s-W0ILBbigpP4vzO0I&dib_tag=se&keywords=platform+sandals+women&qid=1782990436&sr=8-1,https://m.media-amazon.com/images/I/71oz-qD6L5L._AC_UL320_.jpg,59,排名靠前；价格处于人民币等值¥180.00-¥288.00区间；评分达到4.0以上。
2026-07-02,amazon_us,product,search,platform sandals women,6,EQAUDES,¥215.93,4.2,EQAUDES,,,,,,https://www.amazon.com/sspa/click?ie=UTF8&spc=MToxNTExODk3NTExMDM1MTg3OjE3ODI5OTA0MzY6c3Bfc2VhcmNoX3RoZW1hdGljOjMwMTMzMzAwOTM5OTgwMjo6Mjo6&url=%2FEQAUDES-Platform-Espadrille-Comfortable-Vacation%2Fdp%2FB0FXQSD25Q%2Fref%3Dsxin_19_pa_sp_search_thematic_sspa%3Fcontent-id%3Damzn1.sym.292df443-b323-44ae-8b40-9a666975b8b5%253Aamzn1.sym.292df443-b323-44ae-8b40-9a666975b8b5%26cv_ct_cx%3Dplatform%2Bsandals%2Bwomen%26keywords%3Dplatform%2Bsandals%2Bwomen%26pd_rd_i%3DB0FXQSD25Q%26pd_rd_r%3D0035b7a9-d5b5-43a6-a32c-3681360a4424%26pd_rd_w%3DWzasl%26pd_rd_wg%3DRT4Uk%26pf_rd_p%3D292df443-b323-44ae-8b40-9a666975b8b5%26pf_rd_r%3DWNNH2DVV4WMZMPR2PCP6%26qid%3D1782990436%26sbo%3DRZvfv%252F%252FHxDF%252BO5021pAnSA%253D%253D%26sr%3D1-3-6024b2a3-78e4-4fed-8fed-e1613be3bcce-spons%26aref%3Djp3I4x9qqS%26sp_csd%3Dd2lkZ2V0TmFtZT1zcF9zZWFyY2hfdGhlbWF0aWM%26psc%3D1&aref=jp3I4x9qqS,https://m.media-amazon.com/images/I/81rBUgOPyxL._AC_UL320_.jpg,59,排名靠前；价格处于人民币等值¥180.00-¥288.00区间；评分达到4.0以上。
2026-07-02,amazon_us,product,new_releases,New Releases Women Sandals,2,"CUSHIONAIRE Siesta Modern Lattice Ballet Flats for Women, Comfortable Slip On Pointed Toe Womens Jelly Shoes",,4.3,$37.98,,,,,,https://www.amazon.com/CUSHIONAIRE-Siesta-Lattice-Comfortable-Pointed/dp/B0GYQ6NBDF/ref=zg_bsnr_g_679425011_d_sccl_2/146-3742404-1051655?psc=1,"https://images-na.ssl-images-amazon.com/images/I/81aIqaR3TYL._AC_UL600_SR600,400_.jpg",58,排名靠前；标题包含 comfort，符合美国女鞋舒适化趋势；评分达到4.3以上。
2026-07-02,amazon_us,product,new_releases,New Releases Women Sandals,9,"CUSHIONAIRE Lab Jelly Flats for Women, Closed Toe Slip On Lightweight Womens Mules with Woven Design and Cushioned Comfort",,4.5,$39.99,,,,,,https://www.amazon.com/CUSHIONAIRE-Lightweight-Cushioned-Comfort-CHOCOLATE/dp/B0GXLQJB8T/ref=zg_bsnr_g_679425011_d_sccl_9/146-3742404-1051655?psc=1,"https://images-na.ssl-images-amazon.com/images/I/81yCFR3A49L._AC_UL600_SR600,400_.jpg",58,排名靠前；标题包含 comfort，符合美国女鞋舒适化趋势；评分达到4.3以上。
2026-07-02,amazon_us,product,new_releases,New Releases Women Sandals,10,adidas Unisex Adult Adilette Comfort 2.0 Slide,,4.5,$25.65,,,,,,https://www.amazon.com/adidas-Unisex-Adilette-Comfort-Sandal/dp/B0F2B84XX9/ref=zg_bsnr_g_679425011_d_sccl_10/146-3742404-1051655?psc=1,"https://images-na.ssl-images-amazon.com/images/I/51qn7G+PVyL._AC_UL600_SR600,400_.jpg",58,排名靠前；标题包含 comfort，符合美国女鞋舒适化趋势；评分达到4.3以上。
2026-07-02,amazon_us,product,search,platform sandals women,3,Crocs,¥395.64,4.6,Crocs,,,,,,https://www.amazon.com/Crocs-Brooklyn-Low-Wedge-Black/dp/B07YQRHTG4/ref=sr_1_2?dib=eyJ2IjoiMSJ9.b40a7B90wYxMAM79Sxswy9CaSBvT-Au8SyrrYgI-JCANtM1nqubAolqvyV0CV8kCf3SEZd3I5OvYncpX2A4ywbf-3o9OYmKnuegtM5sA4E0pJ6Lv8ggvruC99I6VsCZ8dgkErL6SQDXYb-fzNSPp3x281F7XSxhL3DSG-4cUTuxXm3yp7QJFYadEV3A345xBeopkFq31LijhcDbMIQXP4mAl3b4aEYqhRHJbo8v23BW0Is7xRQScAZnTK3XQNqZRfoM4nQGR07_OnglSYuh_Uo-A34GOPuggRSuU61IcLic.-kQJ8ILaxefTnBWCC5ZAN1fd3s-W0ILBbigpP4vzO0I&dib_tag=se&keywords=platform+sandals+women&qid=1782990436&sr=8-2,https://m.media-amazon.com/images/I/7146HmICxBL._AC_UL320_.jpg,58,排名靠前；价格高于人民币等值¥288.00；评分达到4.6以上。
2026-07-02,amazon_us,product,best_sellers,Best Sellers Women Sandals,18,KuaiLu Womens Arch Support Flip Flops Comfortable Yoga Mat Slip on Summer Beach Walking Thong Cushion Sandals,,4.2,$13.99,,,,,,https://www.amazon.com/KuaiLu-Support-Comfortable-Cushion-Walking/dp/B08GKGCH2R/ref=zg_bs_g_679425011_d_sccl_18/144-8125776-6072209?psc=1,"https://images-na.ssl-images-amazon.com/images/I/81-DUybjK+L._AC_UL600_SR600,400_.jpg",57,排名进入前30；标题包含 comfort、arch support、beach、summer，符合美国女鞋舒适化趋势；评分达到4.0以上。
2026-07-02,amazon_us,product,best_sellers,Best Sellers Women Sandals,22,KuaiLu Womens Arch Support Flip Flops Ladies Comfort Lightweight Soft Yoga Mat Cushion Walking Thong Sandals,,4.5,$15.99,,,,,,https://www.amazon.com/KuaiLu-Comfortable-Waterproof-Supportive-Flipflops/dp/B0CTML36SJ/ref=zg_bs_g_679425011_d_sccl_22/144-8125776-6072209?psc=1,"https://images-na.ssl-images-amazon.com/images/I/71FLg8v7ZyL._AC_UL600_SR600,400_.jpg",57,排名进入前30；标题包含 comfort、arch support、soft，符合美国女鞋舒适化趋势；评分达到4.3以上。
2026-07-02,amazon_us,product,best_sellers,Best Sellers Women Sandals,23,UBFEN Womens Hiking Comfort Sport Sandals Beach Vacation Camping Casual Sport Sandals with Adjustable Straps and Arch Support,,4.5,$39.97,,,,,,https://www.amazon.com/UBFEN-Sandals-Adjustable-Support-Vacation/dp/B0DQ7YQ2MD/ref=zg_bs_g_679425011_d_sccl_23/144-8125776-6072209?psc=1,"https://images-na.ssl-images-amazon.com/images/I/71kBI1vUNtL._AC_UL600_SR600,400_.jpg",57,排名进入前30；标题包含 comfort、arch support、beach，符合美国女鞋舒适化趋势；评分达到4.3以上。
2026-07-02,amazon_us,product,new_releases,New Releases Women Sandals,24,"SOSOWHLTE Women’s Square Toe Slides - Arch Support Thong Sandals, Lightweight Slip-Resistant Flip Flop for Beach Vacation & Summer Walk",,4.7,$15.24,,,,,,https://www.amazon.com/SOSOWHLTE-Lightweight-Comfortable-Sandals-Support/dp/B0GWF7LQZ8/ref=zg_bsnr_g_679425011_d_sccl_24/146-3742404-1051655?psc=1,"https://images-na.ssl-images-amazon.com/images/I/614wiYPK6AL._AC_UL600_SR600,400_.jpg",57,排名进入前30；标题包含 arch support、beach、summer，符合美国女鞋舒适化趋势；评分达到4.6以上。
2026-07-02,amazon_us,product,search,women summer slippers,13,Litfun,¥129.53,4.5,Litfun,,,,,,https://www.amazon.com/Litfun-Orthopedic-Slippers-Support-Corduroy/dp/B0FH4NQLCJ/ref=sr_1_4?dib=eyJ2IjoiMSJ9.NubgJ1RLlNFHfLGC5PuwuUeiPbkuWycliQru95aUAu6ZqaZC1y8Xjd0vU12TOw2RkEl7NTQG4tI5FLxZhuogz_qmuE3nNUg6SOWMP6znb2ASpWlJYFcVhFNNQruZasjtrzJlgmH387htOHSym6lY_lRDg8yu1FhGtAS_Uk8AqmndlVyLwslU4VDbpSs2AgDucdKDpkKZQrUin2D9O0MCbOl-E9VtUdKJEENli3eSXpQlQEqpiJmv1i_tH17duoECXuJXbEVR9Qm1IEj7TY69MHXbzKcGxxByqyVx669V5mk.U140NrtpQF9DQGXC4o2Is8ccqvNUg6Q69j8BZdSfNmk&dib_tag=se&keywords=women+summer+slippers&qid=1782990434&sr=8-4,https://m.media-amazon.com/images/I/71YnbijMiKL._AC_UL320_.jpg,57,排名进入前30；价格处于人民币等值¥57.60-¥180.00黄金区间；评分达到4.3以上。
2026-07-02,amazon_us,product,search,women summer slippers,17,Evshine,¥86.33,4.4,Evshine,,,,,,https://www.amazon.com/Evshine-Summer-Slippers-Corduroy-Bedroom/dp/B0CSN39WDS/ref=sr_1_8?dib=eyJ2IjoiMSJ9.NubgJ1RLlNFHfLGC5PuwuUeiPbkuWycliQru95aUAu6ZqaZC1y8Xjd0vU12TOw2RkEl7NTQG4tI5FLxZhuogz_qmuE3nNUg6SOWMP6znb2ASpWlJYFcVhFNNQruZasjtrzJlgmH387htOHSym6lY_lRDg8yu1FhGtAS_Uk8AqmndlVyLwslU4VDbpSs2AgDucdKDpkKZQrUin2D9O0MCbOl-E9VtUdKJEENli3eSXpQlQEqpiJmv1i_tH17duoECXuJXbEVR9Qm1IEj7TY69MHXbzKcGxxByqyVx669V5mk.U140NrtpQF9DQGXC4o2Is8ccqvNUg6Q69j8BZdSfNmk&dib_tag=se&keywords=women+summer+slippers&qid=1782990434&sr=8-8,https://m.media-amazon.com/images/I/71SaoMUrpoL._AC_UL320_.jpg,57,排名进入前30；价格处于人民币等值¥57.60-¥180.00黄金区间；评分达到4.3以上。
2026-07-02,amazon_us,product,search,women summer slippers,18,shevalues,¥129.74,4.3,shevalues,,,,,,https://www.amazon.com/shevalues-Summer-Slippers-Support-Breathable/dp/B0BK8PN8CL/ref=sr_1_9?dib=eyJ2IjoiMSJ9.NubgJ1RLlNFHfLGC5PuwuUeiPbkuWycliQru95aUAu6ZqaZC1y8Xjd0vU12TOw2RkEl7NTQG4tI5FLxZhuogz_qmuE3nNUg6SOWMP6znb2ASpWlJYFcVhFNNQruZasjtrzJlgmH387htOHSym6lY_lRDg8yu1FhGtAS_Uk8AqmndlVyLwslU4VDbpSs2AgDucdKDpkKZQrUin2D9O0MCbOl-E9VtUdKJEENli3eSXpQlQEqpiJmv1i_tH17duoECXuJXbEVR9Qm1IEj7TY69MHXbzKcGxxByqyVx669V5mk.U140NrtpQF9DQGXC4o2Is8ccqvNUg6Q69j8BZdSfNmk&dib_tag=se&keywords=women+summer+slippers&qid=1782990434&sr=8-9,https://m.media-amazon.com/images/I/71wQ2tOj0+L._AC_UL320_.jpg,57,排名进入前30；价格处于人民币等值¥57.60-¥180.00黄金区间；评分达到4.3以上。
2026-07-02,amazon_us,product,search,women summer slippers,20,EverFoams,¥158.33,4.5,EverFoams,,,,,,https://www.amazon.com/EverFoams-Womens-Slippers-Memory-Outdoor/dp/B0CLGNYKFR/ref=sr_1_11?dib=eyJ2IjoiMSJ9.NubgJ1RLlNFHfLGC5PuwuUeiPbkuWycliQru95aUAu6ZqaZC1y8Xjd0vU12TOw2RkEl7NTQG4tI5FLxZhuogz_qmuE3nNUg6SOWMP6znb2ASpWlJYFcVhFNNQruZasjtrzJlgmH387htOHSym6lY_lRDg8yu1FhGtAS_Uk8AqmndlVyLwslU4VDbpSs2AgDucdKDpkKZQrUin2D9O0MCbOl-E9VtUdKJEENli3eSXpQlQEqpiJmv1i_tH17duoECXuJXbEVR9Qm1IEj7TY69MHXbzKcGxxByqyVx669V5mk.U140NrtpQF9DQGXC4o2Is8ccqvNUg6Q69j8BZdSfNmk&dib_tag=se&keywords=women+summer+slippers&qid=1782990434&sr=8-11,https://m.media-amazon.com/images/I/81rGYT3pkaL._AC_UL320_.jpg,57,排名进入前30；价格处于人民币等值¥57.60-¥180.00黄金区间；评分达到4.3以上。
2026-07-02,amazon_us,product,search,women summer slippers,21,IPSAE,¥71.93,4.4,IPSAE,,,,,,https://www.amazon.com/IPSAE-Slippers-Corduroy-Slipper-Bedroom/dp/B0DB4W73J3/ref=sr_1_12?dib=eyJ2IjoiMSJ9.NubgJ1RLlNFHfLGC5PuwuUeiPbkuWycliQru95aUAu6ZqaZC1y8Xjd0vU12TOw2RkEl7NTQG4tI5FLxZhuogz_qmuE3nNUg6SOWMP6znb2ASpWlJYFcVhFNNQruZasjtrzJlgmH387htOHSym6lY_lRDg8yu1FhGtAS_Uk8AqmndlVyLwslU4VDbpSs2AgDucdKDpkKZQrUin2D9O0MCbOl-E9VtUdKJEENli3eSXpQlQEqpiJmv1i_tH17duoECXuJXbEVR9Qm1IEj7TY69MHXbzKcGxxByqyVx669V5mk.U140NrtpQF9DQGXC4o2Is8ccqvNUg6Q69j8BZdSfNmk&dib_tag=se&keywords=women+summer+slippers&qid=1782990434&sr=8-12,https://m.media-amazon.com/images/I/71GcxKVQLUL._AC_UL320_.jpg,57,排名进入前30；价格处于人民币等值¥57.60-¥180.00黄金区间；评分达到4.3以上。
2026-07-02,amazon_us,product,search,women summer slippers,23,LongBay,¥114.62,4.5,LongBay,,,,,,https://www.amazon.com/LongBay-Slippers-Memory-Bedroom-Dual-Strap/dp/B0DP277YRM/ref=sr_1_14?dib=eyJ2IjoiMSJ9.NubgJ1RLlNFHfLGC5PuwuUeiPbkuWycliQru95aUAu6ZqaZC1y8Xjd0vU12TOw2RkEl7NTQG4tI5FLxZhuogz_qmuE3nNUg6SOWMP6znb2ASpWlJYFcVhFNNQruZasjtrzJlgmH387htOHSym6lY_lRDg8yu1FhGtAS_Uk8AqmndlVyLwslU4VDbpSs2AgDucdKDpkKZQrUin2D9O0MCbOl-E9VtUdKJEENli3eSXpQlQEqpiJmv1i_tH17duoECXuJXbEVR9Qm1IEj7TY69MHXbzKcGxxByqyVx669V5mk.U140NrtpQF9DQGXC4o2Is8ccqvNUg6Q69j8BZdSfNmk&dib_tag=se&keywords=women+summer+slippers&qid=1782990434&sr=8-14,https://m.media-amazon.com/images/I/71BlGXBbl-L._AC_UL320_.jpg,57,排名进入前30；价格处于人民币等值¥57.60-¥180.00黄金区间；评分达到4.3以上。
2026-07-02,amazon_us,product,search,women summer slippers,24,HomeTop,¥129.53,4.4,HomeTop,,,,,,https://www.amazon.com/Womens-Comfort-Cotton-Slippers-Anti-Skid/dp/B07J5QBSWK/ref=sr_1_15?dib=eyJ2IjoiMSJ9.NubgJ1RLlNFHfLGC5PuwuUeiPbkuWycliQru95aUAu6ZqaZC1y8Xjd0vU12TOw2RkEl7NTQG4tI5FLxZhuogz_qmuE3nNUg6SOWMP6znb2ASpWlJYFcVhFNNQruZasjtrzJlgmH387htOHSym6lY_lRDg8yu1FhGtAS_Uk8AqmndlVyLwslU4VDbpSs2AgDucdKDpkKZQrUin2D9O0MCbOl-E9VtUdKJEENli3eSXpQlQEqpiJmv1i_tH17duoECXuJXbEVR9Qm1IEj7TY69MHXbzKcGxxByqyVx669V5mk.U140NrtpQF9DQGXC4o2Is8ccqvNUg6Q69j8BZdSfNmk&dib_tag=se&keywords=women+summer+slippers&qid=1782990434&sr=8-15,https://m.media-amazon.com/images/I/71h+wvVaLcL._AC_UL320_.jpg,57,排名进入前30；价格处于人民币等值¥57.60-¥180.00黄金区间；评分达到4.3以上。
2026-07-02,amazon_us,product,search,women summer slippers,25,KuaiLu,¥100.73,4.3,KuaiLu,,,,,,https://www.amazon.com/KuaiLu-Support-Comfortable-Walking-Sandals/dp/B0C5ZZ51RT/ref=sr_1_16?dib=eyJ2IjoiMSJ9.NubgJ1RLlNFHfLGC5PuwuUeiPbkuWycliQru95aUAu6ZqaZC1y8Xjd0vU12TOw2RkEl7NTQG4tI5FLxZhuogz_qmuE3nNUg6SOWMP6znb2ASpWlJYFcVhFNNQruZasjtrzJlgmH387htOHSym6lY_lRDg8yu1FhGtAS_Uk8AqmndlVyLwslU4VDbpSs2AgDucdKDpkKZQrUin2D9O0MCbOl-E9VtUdKJEENli3eSXpQlQEqpiJmv1i_tH17duoECXuJXbEVR9Qm1IEj7TY69MHXbzKcGxxByqyVx669V5mk.U140NrtpQF9DQGXC4o2Is8ccqvNUg6Q69j8BZdSfNmk&dib_tag=se&keywords=women+summer+slippers&qid=1782990434&sr=8-16,https://m.media-amazon.com/images/I/710PdcSAm6L._AC_UL320_.jpg,57,排名进入前30；价格处于人民币等值¥57.60-¥180.00黄金区间；评分达到4.3以上。
2026-07-02,amazon_us,product,search,women summer slippers,26,shevalues,¥100.73,4.3,shevalues,,,,,,https://www.amazon.com/Shevalues-Womens-Indoor-Slippers-Cotton/dp/B074HBC1BR/ref=sr_1_17?dib=eyJ2IjoiMSJ9.NubgJ1RLlNFHfLGC5PuwuUeiPbkuWycliQru95aUAu6ZqaZC1y8Xjd0vU12TOw2RkEl7NTQG4tI5FLxZhuogz_qmuE3nNUg6SOWMP6znb2ASpWlJYFcVhFNNQruZasjtrzJlgmH387htOHSym6lY_lRDg8yu1FhGtAS_Uk8AqmndlVyLwslU4VDbpSs2AgDucdKDpkKZQrUin2D9O0MCbOl-E9VtUdKJEENli3eSXpQlQEqpiJmv1i_tH17duoECXuJXbEVR9Qm1IEj7TY69MHXbzKcGxxByqyVx669V5mk.U140NrtpQF9DQGXC4o2Is8ccqvNUg6Q69j8BZdSfNmk&dib_tag=se&keywords=women+summer+slippers&qid=1782990434&sr=8-17,https://m.media-amazon.com/images/I/71JYzlHXkPL._AC_UL320_.jpg,57,排名进入前30；价格处于人民币等值¥57.60-¥180.00黄金区间；评分达到4.3以上。
2026-07-02,amazon_us,product,search,women summer slippers,29,ULTRAIDEAS,¥122.33,4.5,ULTRAIDEAS,,,,,,https://www.amazon.com/ULTRAIDEAS-Slippers-Bowknot-Outdoor-Anti-Skid/dp/B07MZ3H6MN/ref=sr_1_20?dib=eyJ2IjoiMSJ9.NubgJ1RLlNFHfLGC5PuwuUeiPbkuWycliQru95aUAu6ZqaZC1y8Xjd0vU12TOw2RkEl7NTQG4tI5FLxZhuogz_qmuE3nNUg6SOWMP6znb2ASpWlJYFcVhFNNQruZasjtrzJlgmH387htOHSym6lY_lRDg8yu1FhGtAS_Uk8AqmndlVyLwslU4VDbpSs2AgDucdKDpkKZQrUin2D9O0MCbOl-E9VtUdKJEENli3eSXpQlQEqpiJmv1i_tH17duoECXuJXbEVR9Qm1IEj7TY69MHXbzKcGxxByqyVx669V5mk.U140NrtpQF9DQGXC4o2Is8ccqvNUg6Q69j8BZdSfNmk&dib_tag=se&keywords=women+summer+slippers&qid=1782990434&sr=8-20,https://m.media-amazon.com/images/I/71cvxwhDe7L._AC_UL320_.jpg,57,排名进入前30；价格处于人民币等值¥57.60-¥180.00黄金区间；评分达到4.3以上。
2026-07-02,amazon_us,product,search,women slides,19,Comwarm,¥71.93,4.3,Comwarm,,,,,,https://www.amazon.com/Sandals-Lightweight-Bathroom-Non-Slip-Slippers/dp/B099DTRKSL/ref=sr_1_8?dib=eyJ2IjoiMSJ9.wrqHnvIFpzxZDCy1gVq3f4lU1Vnrjhi4TbSLsbHbjD2aFFjqtuo5jyZZyFPRxf5T-DFqTE4rsRPQIkTtCm4-jQIypntXMixo50qzJJqeT9pgQGTgKDeZYXz-JTCqGq_hSMzrRIVsh6yP7xKt9q5yOBdM1OwfF2bCr0cb2AG9pHMMykwoRVeBLdx9aiflhpOm8l8IzwYavI0fSHQwHJ5ZhnN9cj8xEwx45Mb13iG9NC8b2mZJYwUEl3OS1ZgXNMpZHO1rhgIPIZnjxd4PGlNba3WWXlzLw3J4hjAADDiJPQE.uPULmM20D6pBIiNrgw-hLClMzLd2A99vi8NokcVnOTQ&dib_tag=se&keywords=women+slides&qid=1782990436&sr=8-8,https://m.media-amazon.com/images/I/71uNAZpAhiL._AC_UL320_.jpg,57,排名进入前30；价格处于人民币等值¥57.60-¥180.00黄金区间；评分达到4.3以上。
2026-07-02,amazon_us,product,search,women slides,29,ODOLY,¥143.93,4.5,ODOLY,,,,,,https://www.amazon.com/ODOLY-Footbed-Comfortable-Sandals-Adjustable/dp/B0CSMN1X4W/ref=sr_1_18?dib=eyJ2IjoiMSJ9.wrqHnvIFpzxZDCy1gVq3f4lU1Vnrjhi4TbSLsbHbjD2aFFjqtuo5jyZZyFPRxf5T-DFqTE4rsRPQIkTtCm4-jQIypntXMixo50qzJJqeT9pgQGTgKDeZYXz-JTCqGq_hSMzrRIVsh6yP7xKt9q5yOBdM1OwfF2bCr0cb2AG9pHMMykwoRVeBLdx9aiflhpOm8l8IzwYavI0fSHQwHJ5ZhnN9cj8xEwx45Mb13iG9NC8b2mZJYwUEl3OS1ZgXNMpZHO1rhgIPIZnjxd4PGlNba3WWXlzLw3J4hjAADDiJPQE.uPULmM20D6pBIiNrgw-hLClMzLd2A99vi8NokcVnOTQ&dib_tag=se&keywords=women+slides&qid=1782990436&sr=8-18,https://m.media-amazon.com/images/I/61iYsM+H9QL._AC_UL320_.jpg,57,排名进入前30；价格处于人民币等值¥57.60-¥180.00黄金区间；评分达到4.3以上。
2026-07-02,amazon_us,product,search,platform sandals women,21,Goosecret,¥136.73,4.4,Goosecret,,,,,,https://www.amazon.com/Goosecret-Platform-Lightweight-Comfortable-Adjustable/dp/B0CZ75N4PP/ref=sr_1_5?dib=eyJ2IjoiMSJ9.b40a7B90wYxMAM79Sxswy9CaSBvT-Au8SyrrYgI-JCANtM1nqubAolqvyV0CV8kCf3SEZd3I5OvYncpX2A4ywbf-3o9OYmKnuegtM5sA4E0pJ6Lv8ggvruC99I6VsCZ8dgkErL6SQDXYb-fzNSPp3x281F7XSxhL3DSG-4cUTuxXm3yp7QJFYadEV3A345xBeopkFq31LijhcDbMIQXP4mAl3b4aEYqhRHJbo8v23BW0Is7xRQScAZnTK3XQNqZRfoM4nQGR07_OnglSYuh_Uo-A34GOPuggRSuU61IcLic.-kQJ8ILaxefTnBWCC5ZAN1fd3s-W0ILBbigpP4vzO0I&dib_tag=se&keywords=platform+sandals+women&qid=1782990436&sr=8-5,https://m.media-amazon.com/images/I/61l3YNTRtgL._AC_UL320_.jpg,57,排名进入前30；价格处于人民币等值¥57.60-¥180.00黄金区间；评分达到4.3以上。
2026-07-02,amazon_us,product,new_releases,New Releases Women Sandals,19,"Monrovia Raffia Platform Sandals for Women Slip-On Espadrille Wedges Slides, Flatform Woven Straw Summer Vacation Beach Shoes",,4.0,$42.99,,,,,,https://www.amazon.com/Monrovia-Platform-Espadrille-Flatform-Vacation/dp/B0GZH32RSB/ref=zg_bsnr_g_679425011_d_sccl_19/146-3742404-1051655?psc=1,"https://images-na.ssl-images-amazon.com/images/I/71Td3IAnifL._AC_UL600_SR600,400_.jpg",56,排名进入前30；标题包含 platform、beach、summer、wedge，符合美国女鞋舒适化趋势；评分达到4.0以上。
2026-07-02,amazon_us,product,best_sellers,Best Sellers Women Sandals,8,Clarks Women's Breeze Sea Flip-Flop,,4.7,$29.99,,,,,,https://www.amazon.com/Clarks-Womens-Breeze-Flip-Synthetic/dp/B01FH9EJCI/ref=zg_bs_g_679425011_d_sccl_8/144-8125776-6072209?psc=1,"https://images-na.ssl-images-amazon.com/images/I/61CUHH0LXiL._AC_UL600_SR600,400_.jpg",55,排名靠前；评分达到4.6以上。
2026-07-02,amazon_us,product,best_sellers,Best Sellers Women Sandals,46,Crocs Women Getaway Strappy Sandals,¥475.20,4.5,"8,721",,,,,,https://www.amazon.com/Crocs-Getaway-Platform-Strappy-Sandals/dp/B0C53TYGLK/ref=zg_bs_g_679425011_d_sccl_46/144-8125776-6072209?psc=1,"https://images-na.ssl-images-amazon.com/images/I/61vJSarNnML._AC_UL300_SR300,200_.jpg",55,排名进入前50；评论数高；价格高于人民币等值¥288.00；评分达到4.3以上。
2026-07-02,amazon_us,product,new_releases,New Releases Women Sandals,6,"BRONAX Women's Arch Support Flip Flops, Orthotic Thong Sandals for Plantar Fasciitis Relief",,4.0,$9.99,,,,,,https://www.amazon.com/BRONAX-Support-Orthopedic-Fasciitis-Orthotic/dp/B0GWCFXWCV/ref=zg_bsnr_g_679425011_d_sccl_6/146-3742404-1051655?psc=1,"https://images-na.ssl-images-amazon.com/images/I/71xbxxdu7-L._AC_UL600_SR600,400_.jpg",55,排名靠前；标题包含 arch support，符合美国女鞋舒适化趋势；评分达到4.0以上。
2026-07-02,amazon_us,product,search,women slides,23,Under Armour,¥195.77,4.6,Under Armour,,,,,,https://www.amazon.com/Under-Armour-Womens-Ignite-Select/dp/B0BZWT7TPW/ref=sr_1_12?dib=eyJ2IjoiMSJ9.wrqHnvIFpzxZDCy1gVq3f4lU1Vnrjhi4TbSLsbHbjD2aFFjqtuo5jyZZyFPRxf5T-DFqTE4rsRPQIkTtCm4-jQIypntXMixo50qzJJqeT9pgQGTgKDeZYXz-JTCqGq_hSMzrRIVsh6yP7xKt9q5yOBdM1OwfF2bCr0cb2AG9pHMMykwoRVeBLdx9aiflhpOm8l8IzwYavI0fSHQwHJ5ZhnN9cj8xEwx45Mb13iG9NC8b2mZJYwUEl3OS1ZgXNMpZHO1rhgIPIZnjxd4PGlNba3WWXlzLw3J4hjAADDiJPQE.uPULmM20D6pBIiNrgw-hLClMzLd2A99vi8NokcVnOTQ&dib_tag=se&keywords=women+slides&qid=1782990436&sr=8-12,https://m.media-amazon.com/images/I/31W+XacFYoL._AC_UL320_.jpg,55,排名进入前30；价格处于人民币等值¥180.00-¥288.00区间；评分达到4.6以上。
2026-07-02,amazon_us,product,best_sellers,Best Sellers Women Sandals,25,KuaiLu Womens Flip Flops Ladies Yoga Mat Comfortable Walking Thong Sandals With Plantar Fasciitis Arch Support Slip On Indoor Outdoor For Summer,,4.2,$25.99,,,,,,https://www.amazon.com/KuaiLu-Comfortable-Walking-Sandals-Fasciitis/dp/B08XX52FHY/ref=zg_bs_g_679425011_d_sccl_25/144-8125776-6072209?psc=1,"https://images-na.ssl-images-amazon.com/images/I/61k31MTJEYL._AC_UL600_SR600,400_.jpg",54,排名进入前30；标题包含 comfort、arch support、summer，符合美国女鞋舒适化趋势；评分达到4.0以上。
2026-07-02,amazon_us,product,new_releases,New Releases Women Sandals,23,Uniwill Shower Shoes Women with Arch Support Non-Slip Flip Flop Sandals for Public Shower Bathroom Pool Beach Quick Dry with Drain Holes,,4.8,$16.99,,,,,,https://www.amazon.com/Uniwill-Support-Non-Slip-Sandals-Bathroom/dp/B0GY46Z3DP/ref=zg_bsnr_g_679425011_d_sccl_23/146-3742404-1051655?psc=1,"https://images-na.ssl-images-amazon.com/images/I/71SL6HBtLiL._AC_UL600_SR600,400_.jpg",54,排名进入前30；标题包含 arch support、beach，符合美国女鞋舒适化趋势；评分达到4.6以上。
2026-07-02,amazon_us,product,new_releases,New Releases Women Sandals,26,QIY Women's Flip Flops Flat Sandals Minimalist Knot Design Slip on Slide Sandals Comfortable Non Slip Summer Casual Thong Flats for Beach Vacation,,4.3,$29.99,,,,,,https://www.amazon.com/QIY-Womens-Sandals-Leather-Errands/dp/B0H4TZH8BV/ref=zg_bsnr_g_679425011_d_sccl_26/146-3742404-1051655?psc=1,"https://images-na.ssl-images-amazon.com/images/I/716pVHs663L._AC_UL600_SR600,400_.jpg",54,排名进入前30；标题包含 comfort、beach、summer，符合美国女鞋舒适化趋势；评分达到4.3以上。
2026-07-02,amazon_us,product,new_releases,New Releases Women Sandals,31,"CUSHIONAIRE Eden Footbed Sandals for Women, Comfortable Arch Support Womens Sandals with Platform, Slingback Strap and Memory Foam",,4.2,$37.98,,,,,,https://www.amazon.com/CUSHIONAIRE-Footbed-Comfortable-Platform-Slingback/dp/B0GXWRLDGH/ref=zg_bsnr_g_679425011_d_sccl_31/144-8125776-6072209?psc=1,"https://images-na.ssl-images-amazon.com/images/I/71GnsiZqPhL._AC_UL300_SR300,200_.jpg",54,排名进入前50；标题包含 platform、comfort、arch support，符合美国女鞋舒适化趋势；platform + comfort组合趋势加分；评分达到4.0以上。
2026-07-02,amazon_us,product,search,women summer slippers,27,COCOMUSE,¥107.93,4.1,COCOMUSE,,,,,,https://www.amazon.com/Ultralight-Indoor-Cotton-Slippers-Absorb/dp/B09MRP87ZZ/ref=sr_1_18?dib=eyJ2IjoiMSJ9.NubgJ1RLlNFHfLGC5PuwuUeiPbkuWycliQru95aUAu6ZqaZC1y8Xjd0vU12TOw2RkEl7NTQG4tI5FLxZhuogz_qmuE3nNUg6SOWMP6znb2ASpWlJYFcVhFNNQruZasjtrzJlgmH387htOHSym6lY_lRDg8yu1FhGtAS_Uk8AqmndlVyLwslU4VDbpSs2AgDucdKDpkKZQrUin2D9O0MCbOl-E9VtUdKJEENli3eSXpQlQEqpiJmv1i_tH17duoECXuJXbEVR9Qm1IEj7TY69MHXbzKcGxxByqyVx669V5mk.U140NrtpQF9DQGXC4o2Is8ccqvNUg6Q69j8BZdSfNmk&dib_tag=se&keywords=women+summer+slippers&qid=1782990434&sr=8-18,https://m.media-amazon.com/images/I/81KNq3E0H3L._AC_UL320_.jpg,54,排名进入前30；价格处于人民币等值¥57.60-¥180.00黄金区间；评分达到4.0以上。
2026-07-02,amazon_us,product,best_sellers,Best Sellers Women Sandals,38,"CUSHIONAIRE Fame Pillow Recovery Sandals for Women, Adjustable Double Buckle Waterproof EVA Cloud Slides for Women",,4.4,$26.99,,,,,,https://www.amazon.com/CUSHIONAIRE-Double-Adjustable-Buckle-Shower/dp/B09CK8R425/ref=zg_bs_g_679425011_d_sccl_38/144-8125776-6072209?psc=1,"https://images-na.ssl-images-amazon.com/images/I/81w0A8kWZPL._AC_UL300_SR300,200_.jpg",53,排名进入前50；标题包含 cloud、recovery，符合美国女鞋舒适化趋势；cloud + slides组合趋势加分；评分达到4.3以上。
2026-07-02,amazon_us,product,best_sellers,Best Sellers Women Sandals,6,CUSHIONAIRE Pool Slides for Women Water Resistant Double Buckle Adjustable Slip-On Womens Sandals for Beach Shower Casual Wear,,4.0,$44.99,,,,,,https://www.amazon.com/CUSHIONAIRE-Slides-Resistant-Adjustable-Sandals/dp/B0GXHKZW5C/ref=zg_bs_g_679425011_d_sccl_6/144-8125776-6072209?psc=1,"https://images-na.ssl-images-amazon.com/images/I/71NStLIJ8SL._AC_UL600_SR600,400_.jpg",52,排名靠前；标题包含 beach，符合美国女鞋舒适化趋势；评分达到4.0以上。
2026-07-02,amazon_us,product,new_releases,New Releases Women Sandals,1,CUSHIONAIRE Pool Slides for Women Water Resistant Double Buckle Adjustable Slip-On Womens Sandals for Beach Shower Casual Wear,,4.0,$44.99,,,,,,https://www.amazon.com/CUSHIONAIRE-Slides-Resistant-Adjustable-Sandals/dp/B0GXHKZW5C/ref=zg_bsnr_g_679425011_d_sccl_1/146-3742404-1051655?psc=1,"https://images-na.ssl-images-amazon.com/images/I/71NStLIJ8SL._AC_UL600_SR600,400_.jpg",52,排名靠前；标题包含 beach，符合美国女鞋舒适化趋势；评分达到4.0以上。
2026-07-02,amazon_us,product,search,women summer slippers,12,FITORY,¥196.27,4.3,FITORY,,,,,,https://www.amazon.com/FITORY-Sandals-Fashion-Leather-Slippers/dp/B0CM5N7R34/ref=sr_1_3?dib=eyJ2IjoiMSJ9.NubgJ1RLlNFHfLGC5PuwuUeiPbkuWycliQru95aUAu6ZqaZC1y8Xjd0vU12TOw2RkEl7NTQG4tI5FLxZhuogz_qmuE3nNUg6SOWMP6znb2ASpWlJYFcVhFNNQruZasjtrzJlgmH387htOHSym6lY_lRDg8yu1FhGtAS_Uk8AqmndlVyLwslU4VDbpSs2AgDucdKDpkKZQrUin2D9O0MCbOl-E9VtUdKJEENli3eSXpQlQEqpiJmv1i_tH17duoECXuJXbEVR9Qm1IEj7TY69MHXbzKcGxxByqyVx669V5mk.U140NrtpQF9DQGXC4o2Is8ccqvNUg6Q69j8BZdSfNmk&dib_tag=se&keywords=women+summer+slippers&qid=1782990434&sr=8-3,https://m.media-amazon.com/images/I/71fgVPQ6SpL._AC_UL320_.jpg,52,排名进入前30；价格处于人民币等值¥180.00-¥288.00区间；评分达到4.3以上。
2026-07-02,amazon_us,product,search,women slides,11,LongBay Women's Cozy Winter Slipper Boots Warm Chenille Knit Bootie Memory Foam Non-Slip Indoor Outdoor House Shoes LongBay Women's Cozy Winter Slipper Boots Warm Chenille Knit Bootie Memory Foam Non-Slip Indoor Outd…,¥187.13,4.5,4.5,,,,,,https://aax-us-east-retail-direct.amazon.com/x/c/JAn5H1AdWGgOjk4lRZShSj8AAAGfIoL4MQEAAAH2AQBvbm9fdHhuX2JpZDYgICBvbm9fdHhuX2ltcDIgICDhVrKi/clv1c_ek-ABPHXFbbWzjK3YoscrxfcOWxCnjqPwrZx0pLnFUmL7dBSbaJKBNoqcg3m1xNIA5jhQQSwneylhi0QVoW8MLFEd5m8qSf3dDtxUzkL5_Cyu9fjJ73H9wAAiLvwqEKZh7nqJBRGhOsiwKw-gcJn8t_a8rO5tlXsupSwzfXvyo0UZVH9LqDv5eIOg2goGPz8NWJ2GE2iXEWYdWd4sl32-WDjBemVlnrWRV4O7MtfKrbN1gay6UwadM6ip8fW5eUGWv8kNbPlxYPnrbK2mpzLvV0H8oa07jMV3EKhpfg96Z-Y0YUQJjcLKUvMXmPP5DFIPvWvjIxQJmXclt2UdVdphBw0lkTY4I20Z240MnuG0GJhyLGCSEWqIne5_o8rMPv5A2bfR9mD3Ln3-yrSNgJeB0UQNWcbkwxEoV-C_SFyDrzAxKJ0Wbcgw4Ey47wYPVCYalF7RRWSBheOI-FLPObj1OWJy5C2npYCjoWQS-k9Ia4X7UM8CTJj8x7n_iTyPLJJ1bdBTd0_woHsZjR18pTgee0RBmS1_K4pdDBFfqGB_RLUqoeHUnRTamjL37imu8fCt1n65_Rmu-lNjJwAv688OWYRcZjZbjV48S1CDzr85H_1MLACu6kTBKdmsr8ne0NzaTgdd8nIEazlDlXYE2KOb_QyxXYZ7e5MnAQeMNK6ZiJb9FyGTT5oGt4jyo8oC9exW9ovWiSNGJHqwngqALvW9unCw-CqtM6L4irbEhEiHsmaZxpLKeQaCs1DIazc1qZcDnzi50k6g0CVjnfB-RMfZmsX3wDD2OD7o4_FK_51kH-l0FfeMZSJgEBreEqbjW_MxojwVu8DIoWaFaOjaQ3sgnPR0u-_0F_MTaX8kCJTAgSFQ_ew-lJdh_iPNmcTMbMM6kBLmlNzcR_2IPOPoPG6JV96YtyIOZ3vRuiLtYW-2pupB9DjrNa4FaR4ni7sd1Dxer731q43aNR6-OKJhsnDfRqZC8Y465BNaBxNbkldVS53rIrsSOKmCKG2MDRL6RUFxZHzbP_gs6LKBB2dnZfQxcbvZO5G7l90Mb_pBjfH3eNHvk_HWhgAG8DxPw1QHEH5T0b03foTbvDNHJMOKfflY5BbUW7c7BxSkLBfvq2WqXeTgoOg6rJrzWqysrZc2Z9f7Ud6ZCIbEWWZJAzfS-H4oYp75tvnZ_73OETIGNNCXTY5EGc9xxU5YSYVkQSuDnUFNmyHQz_iLXdJ1nM8lvrujsic1davI7tG5e8nfLIiYWWQM2hKX6RsvFHCaOZBnhoknxGTW5Kd455W5yO2CAD4PNwXnBT0lOW4xD_iM-_l0O7FFjJTMj_lPmHWLCACTofz97ZoQjWb1PeEnrMqXG-h47ag0vFkkpTg6JXe2Gc5Bx9Yj-r224kaMGAygA1A9GV4ZsDe_9CUvskvgkFEWei42JKBWr4O2Rdt8ZVhrM8lQBnMPjXRVjKPzE0e4f8ksfl599m1vF_EHPvMvVYcJxKsT3TmDjj6zC2MUZniMEDu_8UvzN-qhk4bcObfbi8fYsURe86WeiSBprKM6njOv7o3y1PLqmAVZr5GLQwp40AHX9fLRbFiiEdCX15InhZyNFZGCTlCH2d5SYnf-79vWGXWdK6YDjwXlXT4vHDbfUIcbE8jgcD-rJYGc9nl78wZL8WL9qLagvLNg79H-HeFd5uVpsI/https://www.amazon.com/gp/aw/d/B07WN89M9K/?_encoding=UTF8&pd_rd_plhdr=t&aaxitk=775815826e6995480130ba8184ce92f8&hsa_cr_id=0&qid=1782990436&sr=1-8-f02f01d6-adaf-4bef-9a7c-29308eff9043&ref_=sbx__sbtcd2_asin_7_bkgd&pd_rd_w=3qOwm&content-id=amzn1.sym.5159d9cb-0665-4a83-8f64-8881eaba312a%3Aamzn1.sym.5159d9cb-0665-4a83-8f64-8881eaba312a&pf_rd_p=5159d9cb-0665-4a83-8f64-8881eaba312a&pf_rd_r=NS72BBFGF9Q4V3XMAHJ4&pd_rd_wg=ttjjs&pd_rd_r=72cfb132-1153-43e6-812a-6a7d429f9fc7,"https://m.media-amazon.com/images/I/71WFBzGNeUL._AC_SR322,134_CB1169409_QL70_.jpg",52,排名进入前30；价格处于人民币等值¥180.00-¥288.00区间；评分达到4.3以上。
2026-07-02,amazon_us,product,search,women slides,12,LongBay Women's Warm Chenille Knit Bootie Slippers Memory Foam Comfy Suede Fluffy Faux Fur Boots House Shoes LongBay Women's Warm Chenille Knit Bootie Slippers Memory Foam Comfy Suede Fluffy Faux Fur Boots House…,¥187.13,4.4,4.4,,,,,,https://aax-us-east-retail-direct.amazon.com/x/c/JAn5H1AdWGgOjk4lRZShSj8AAAGfIoL4MQEAAAH2AQBvbm9fdHhuX2JpZDYgICBvbm9fdHhuX2ltcDIgICDhVrKi/clv1c_ek-ABPHXFbbWzjK3YoscrxfcOWxCnjqPwrZx0pLnFUmL7dBSbaJKBNoqcg3m1xNIA5jhQQSwneylhi0QVoW8MLFEd5m8qSf3dDtxUzkL5_Cyu9fjJ73H9wAAiLvwqEKZh7nqJBRGhOsiwKw-gcJn8t_a8rO5tlXsupSwzfXvyo0UZVH9LqDv5eIOg2goGPz8NWJ2GE2iXEWYdWd4sl32-WDjBemVlnrWRV4O7MtfKrbN1gay6UwadM6ip8fW5eUGWv8kNbPlxYPnrbK2mpzLvV0H8oa07jMV3EKhpfg96Z-Y0YUQJjcLKUvMXmPP5DFIPvWvjIxQJmXclt2UdVdphBw0lkTY4I20Z240MnuG0GJhyLGCSEWqIne5_o8rMPv5A2bfR9mD3Ln3-yrSNgJeB0UQNWcbkwxEoV-C_SFyDrzAxKJ0Wbcgw4Ey47wYPVCYalF7RRWSBheOI-FLPObj1OWJy5C2npYCjoWQS-k9Ia4X7UM8CTJj8x7n_iTyPLJJ1bdBTd0_woHsZjR18pTgee0RBmS1_K4pdDBFfqGB_RLUqoeHUnRTamjL37imu8fCt1n65_Rmu-lNjJwAv688OWYRcZjZbjV48S1CDzr85H_1MLACu6kTBKdmsr8ne0NzaTgdd8nIEazlDlXYE2KOb_QyxXYZ7e5MnAQeMNK6ZiJb9FyGTT5oGt4jyo8oC9exW9ovWiSNGJHqwngqALvW9unCw-CqtM6L4irbEhEiHsmaZxpLKeQaCs1DIazc1qZcDnzi50k6g0CVjnfB-RMfZmsX3wDD2OD7o4_FK_51kH-l0FfeMZSJgEBreEqbjW_MxojwVu8DIoWaFaOjaQ3sgnPR0u-_0F_MTaX8kCJTAgSFQ_ew-lJdh_iPNmcTMbMM6kBLmlNzcR_2IPOPoPG6JV96YtyIOZ3vRuiLtYW-2pupB9DjrNa4FaR4ni7sd1Dxer731q43aNR6-OKJhsnDfRqZC8Y465BNaBxNbkldVS53rIrsSOKmCKG2MDRL6RUFxZHzbP_gs6LKBB2dnZfQxcbvZO5G7l90Mb_pBjfH3eNHvk_HWhgAG8DxPw1QHEH5T0b03foTbvDNHJMOKfflY5BbUW7c7BxSkLBfvq2WqXeTgoOg6rJrzWqysrZc2Z9f7Ud6ZCIbEWWZJAzfS-H4oYp75tvnZ_73OETIGNNCXTY5EGc9xxU5YSYVkQSuDnUFNmyHQz_iLXdJ1nM8lvrujsic1davI7tG5e8nfLIiYWWQM2hKX6RsvFHCaOZBnhoknxGTW5Kd455W5yO2CAD4PNwXnBT0lOW4xD_iM-_l0O7FFjJTMj_lPmHWLCACTofz97ZoQjWb1PeEnrMqXG-h47ag0vFkkpTg6JXe2Gc5Bx9Yj-r224kaMGAygA1A9GV4ZsDe_9CUvskvgkFEWei42JKBWr4O2Rdt8ZVhrM8lQBnMPjXRVjKPzE0e4f8ksfl599m1vF_EHPvMvVYcJxKsT3TmDjj6zC2MUZniMEDu_8UvzN-qhk4bcObfbi8fYsURe86WeiSBprKM6njOv7o3y1PLqmAVZr5GLQwp40AHX9fLRbFiiEdCX15InhZyNFZGCTlCH2d5SYnf-79vWGXWdK6YDjwXlXT4vHDbfUIcbE8jgcD-rJYGc9nl78wZL8WL9qLagvLNg79H-HeFd5uVpsI/https://www.amazon.com/gp/aw/d/B08C7N5XDZ/?_encoding=UTF8&pd_rd_plhdr=t&aaxitk=775815826e6995480130ba8184ce92f8&hsa_cr_id=0&qid=1782990436&sr=1-9-f02f01d6-adaf-4bef-9a7c-29308eff9043&ref_=sbx__sbtcd2_asin_8_bkgd&pd_rd_w=3qOwm&content-id=amzn1.sym.5159d9cb-0665-4a83-8f64-8881eaba312a%3Aamzn1.sym.5159d9cb-0665-4a83-8f64-8881eaba312a&pf_rd_p=5159d9cb-0665-4a83-8f64-8881eaba312a&pf_rd_r=NS72BBFGF9Q4V3XMAHJ4&pd_rd_wg=ttjjs&pd_rd_r=72cfb132-1153-43e6-812a-6a7d429f9fc7,"https://m.media-amazon.com/images/I/71EhQyapGRL._AC_SR322,134_CB1169409_QL70_.jpg",52,排名进入前30；价格处于人民币等值¥180.00-¥288.00区间；评分达到4.3以上。
2026-07-02,amazon_us,product,search,women slides,17,CUSHIONAIRE,¥184.61,4.4,CUSHIONAIRE,,,,,,https://www.amazon.com/CUSHIONAIRE-Womens-Feather-recovery-Comfort/dp/B0BTQ7ZS7B/ref=sr_1_6?dib=eyJ2IjoiMSJ9.wrqHnvIFpzxZDCy1gVq3f4lU1Vnrjhi4TbSLsbHbjD2aFFjqtuo5jyZZyFPRxf5T-DFqTE4rsRPQIkTtCm4-jQIypntXMixo50qzJJqeT9pgQGTgKDeZYXz-JTCqGq_hSMzrRIVsh6yP7xKt9q5yOBdM1OwfF2bCr0cb2AG9pHMMykwoRVeBLdx9aiflhpOm8l8IzwYavI0fSHQwHJ5ZhnN9cj8xEwx45Mb13iG9NC8b2mZJYwUEl3OS1ZgXNMpZHO1rhgIPIZnjxd4PGlNba3WWXlzLw3J4hjAADDiJPQE.uPULmM20D6pBIiNrgw-hLClMzLd2A99vi8NokcVnOTQ&dib_tag=se&keywords=women+slides&qid=1782990436&sr=8-6,https://m.media-amazon.com/images/I/81PBXKFp76L._AC_UL320_.jpg,52,排名进入前30；价格处于人民币等值¥180.00-¥288.00区间；评分达到4.3以上。
2026-07-02,amazon_us,product,search,women slides,22,adidas,¥230.33,4.5,adidas,,,,,,https://www.amazon.com/adidas-Unisex-Adilette-Sportswear-Sandal/dp/B0D224KWLQ/ref=sr_1_11?dib=eyJ2IjoiMSJ9.wrqHnvIFpzxZDCy1gVq3f4lU1Vnrjhi4TbSLsbHbjD2aFFjqtuo5jyZZyFPRxf5T-DFqTE4rsRPQIkTtCm4-jQIypntXMixo50qzJJqeT9pgQGTgKDeZYXz-JTCqGq_hSMzrRIVsh6yP7xKt9q5yOBdM1OwfF2bCr0cb2AG9pHMMykwoRVeBLdx9aiflhpOm8l8IzwYavI0fSHQwHJ5ZhnN9cj8xEwx45Mb13iG9NC8b2mZJYwUEl3OS1ZgXNMpZHO1rhgIPIZnjxd4PGlNba3WWXlzLw3J4hjAADDiJPQE.uPULmM20D6pBIiNrgw-hLClMzLd2A99vi8NokcVnOTQ&dib_tag=se&keywords=women+slides&qid=1782990436&sr=8-11,https://m.media-amazon.com/images/I/51EzGCn-OoL._AC_UL320_.jpg,52,排名进入前30；价格处于人民币等值¥180.00-¥288.00区间；评分达到4.3以上。
2026-07-02,amazon_us,product,search,women slides,30,REEF,¥230.33,4.5,REEF,,,,,,https://www.amazon.com/Reef-Womens-Water-Scout-Sandal/dp/B0CCG16XG8/ref=sr_1_19?dib=eyJ2IjoiMSJ9.wrqHnvIFpzxZDCy1gVq3f4lU1Vnrjhi4TbSLsbHbjD2aFFjqtuo5jyZZyFPRxf5T-DFqTE4rsRPQIkTtCm4-jQIypntXMixo50qzJJqeT9pgQGTgKDeZYXz-JTCqGq_hSMzrRIVsh6yP7xKt9q5yOBdM1OwfF2bCr0cb2AG9pHMMykwoRVeBLdx9aiflhpOm8l8IzwYavI0fSHQwHJ5ZhnN9cj8xEwx45Mb13iG9NC8b2mZJYwUEl3OS1ZgXNMpZHO1rhgIPIZnjxd4PGlNba3WWXlzLw3J4hjAADDiJPQE.uPULmM20D6pBIiNrgw-hLClMzLd2A99vi8NokcVnOTQ&dib_tag=se&keywords=women+slides&qid=1782990436&sr=8-19,https://m.media-amazon.com/images/I/61UbnU8V6oL._AC_UL320_.jpg,52,排名进入前30；价格处于人民币等值¥180.00-¥288.00区间；评分达到4.3以上。
2026-07-02,amazon_us,product,search,platform sandals women,28,Soda,¥215.93,4.5,Soda,,,,,,https://www.amazon.com/Soda-Buckle-Espadrilles-Flatform-Casual/dp/B0C5S26DHB/ref=sr_1_12?dib=eyJ2IjoiMSJ9.b40a7B90wYxMAM79Sxswy9CaSBvT-Au8SyrrYgI-JCANtM1nqubAolqvyV0CV8kCf3SEZd3I5OvYncpX2A4ywbf-3o9OYmKnuegtM5sA4E0pJ6Lv8ggvruC99I6VsCZ8dgkErL6SQDXYb-fzNSPp3x281F7XSxhL3DSG-4cUTuxXm3yp7QJFYadEV3A345xBeopkFq31LijhcDbMIQXP4mAl3b4aEYqhRHJbo8v23BW0Is7xRQScAZnTK3XQNqZRfoM4nQGR07_OnglSYuh_Uo-A34GOPuggRSuU61IcLic.-kQJ8ILaxefTnBWCC5ZAN1fd3s-W0ILBbigpP4vzO0I&dib_tag=se&keywords=platform+sandals+women&qid=1782990436&sr=8-12,https://m.media-amazon.com/images/I/71q-Jp+UEkL._AC_UL320_.jpg,52,排名进入前30；价格处于人民币等值¥180.00-¥288.00区间；评分达到4.3以上。
2026-07-02,amazon_us,product,search,platform sandals women,29,DREAM PAIRS,¥237.53,4.5,DREAM PAIRS,,,,,,https://www.amazon.com/DREAM-PAIRS-Lightweight-Comfortable-Adjustable/dp/B0CNCLDB9P/ref=sr_1_13?dib=eyJ2IjoiMSJ9.b40a7B90wYxMAM79Sxswy9CaSBvT-Au8SyrrYgI-JCANtM1nqubAolqvyV0CV8kCf3SEZd3I5OvYncpX2A4ywbf-3o9OYmKnuegtM5sA4E0pJ6Lv8ggvruC99I6VsCZ8dgkErL6SQDXYb-fzNSPp3x281F7XSxhL3DSG-4cUTuxXm3yp7QJFYadEV3A345xBeopkFq31LijhcDbMIQXP4mAl3b4aEYqhRHJbo8v23BW0Is7xRQScAZnTK3XQNqZRfoM4nQGR07_OnglSYuh_Uo-A34GOPuggRSuU61IcLic.-kQJ8ILaxefTnBWCC5ZAN1fd3s-W0ILBbigpP4vzO0I&dib_tag=se&keywords=platform+sandals+women&qid=1782990436&sr=8-13,https://m.media-amazon.com/images/I/61XHiZMaOcL._AC_UL320_.jpg,52,排名进入前30；价格处于人民币等值¥180.00-¥288.00区间；评分达到4.3以上。
2026-07-02,amazon_us,product,best_sellers,Best Sellers Women Sandals,10,"CUSHIONAIRE Splash Jelly Flip Flops for Women With Flexible Sole, Soft Footbed Summer Sandals for Women",,3.8,$29.99,,,,,,https://www.amazon.com/CUSHIONAIRE-Flexible-Footbed-Sandals-WHISKEY/dp/B0FCZFSVZD/ref=zg_bs_g_679425011_d_sccl_10/144-8125776-6072209?psc=1,"https://images-na.ssl-images-amazon.com/images/I/71jSCW+w9gL._AC_UL600_SR600,400_.jpg",51,排名靠前；标题包含 soft、summer，符合美国女鞋舒适化趋势。
2026-07-02,amazon_us,product,best_sellers,Best Sellers Women Sandals,11,"CUSHIONAIRE Luna Sandals for Women, Cork Footbed Womens Sandals for Summer Comfort with Adjustable Straps, Wide Width Available",,4.5,$33.23,,,,,,https://www.amazon.com/CUSHIONAIRE-Next-Womens-Slide-Sandals-Brown/dp/B073XSLL5P/ref=zg_bs_g_679425011_d_sccl_11/144-8125776-6072209?psc=1,"https://images-na.ssl-images-amazon.com/images/I/81TDeaArVJL._AC_UL600_SR600,400_.jpg",51,排名进入前30；标题包含 comfort、summer，符合美国女鞋舒适化趋势；评分达到4.3以上。
2026-07-02,amazon_us,product,best_sellers,Best Sellers Women Sandals,12,"ODOLY Unisex Cork Footbed Slide Sandal, Arch Support Summer Outdoor Sandals with Adjustable Buckle for Women and Men",,4.5,$19.99,,,,,,https://www.amazon.com/ODOLY-Footbed-Comfortable-Sandals-Adjustable/dp/B0CSMN1X4W/ref=zg_bs_g_679425011_d_sccl_12/144-8125776-6072209?psc=1,"https://images-na.ssl-images-amazon.com/images/I/61iYsM+H9QL._AC_UL600_SR600,400_.jpg",51,排名进入前30；标题包含 arch support、summer，符合美国女鞋舒适化趋势；评分达到4.3以上。
2026-07-02,amazon_us,product,new_releases,New Releases Women Sandals,21,UBFEN Womens Flat Sandals Dress Braided T-Strap Thong Sandals with Arch Support Comfortable for Walking,,4.2,$29.98,,,,,,https://www.amazon.com/UBFEN-Sandals-Braided-T-Strap-Comfortable/dp/B0H13XBG29/ref=zg_bsnr_g_679425011_d_sccl_21/146-3742404-1051655?psc=1,"https://images-na.ssl-images-amazon.com/images/I/71Mt-T6UgsL._AC_UL600_SR600,400_.jpg",51,排名进入前30；标题包含 comfort、arch support，符合美国女鞋舒适化趋势；评分达到4.0以上。
2026-07-02,amazon_us,product,search,platform sandals women,13,"CUSHIONAIRE Splash Jelly Flip Flops for Women With Flexible Sole, Soft Footbed Summer Sandals for Women CUSHIONAIRE Splash Jelly Flip Flops for Women With Flexible Sole, Soft Footbed Summer Sandals for Women",¥215.93,3.8,3.8,,,,,,https://aax-us-east-retail-direct.amazon.com/x/c/JCc4UOFPV--lO4MbPXEOAKoAAAGfIoL4SQEAAAH2AQBvbm9fdHhuX2JpZDUgICBvbm9fdHhuX2ltcDEgICA1hNAJ/clv1c_ek-wBPHXFbbWzjK3YoscrxfcOWxCnjqP7-0CUpDnFUkScXyzONh_xxIZ4WCj3AhujQmFV-uPHgDERi62qHKEkWGKcfPXmlO7Oj7hCtiJ1K-6a5RiFLNPl3xZ4f1e8hohnxUa5ty02LmlUixRGv576dPf4NydhF1qq1QxDTUlwp4Twbtv345077kLBYy2rql0CM0Q50pKJV-QhYXOF8hHk0ERu120juSnHI0L3XAFZDOidme2l8eMTB0KBWWpDy6nA2OsH-rfVlR3xz3wqT7y9Vd7GPqCPTCRzxp2U6Ou5q-vFda_ftLXl97q95QB1wdG8dtFVORJVpApL1z88dwQVTaFliJZlEBbWdjS8GogUdfh5KG3XcDYY6Kr-ISPyqZF07NweNrweWTADcvqGn4FAnyDF8g5JyWgpR2ZLECiAbzel0ksWeUCmkvioJPIMj2xQ2oppvIuwI1hb-kzqFCAMC227fEJqk6QPMY0YBN8uG3IdXlxJlTT5xXDIQpgcnTkl0G3wQRqO0sg_yYisoNWnfmvz2aeLiPHjVXzmxvSHXg7jaJtNkRIpupIYsyEeDya7QDzBi_8pPpf0pkUqymz_wnFE8052xj9UfHj01yPhxoHXl_-q4gDFD-3WQ_PBcpBrIJyh8FpeInH0jOgZ69LuShYIb6PYp8ZAvj81znjnX5Ph3RVfDxfvXKRJ_TXxT1UXXoHdyjM0dXYIebSg8OH19BeQAwPAA9FQBxwoCeAyH14xniSo8xG7ujTIgdxBg_PoIFsY8aZgz-xnjmvjFyUWz9qdZNmBSLz9j5UJMi6byD68f2X4SJ4Y7DNLtVCg7sqlAK_q4oNXq5HG81jtt-_u2mbvSanLUXgCFdouyzVdFEKIN35qkAZO2haeLSVdfepJd_VRe8XvuScvrG6mB_8fgveR2PLReKdJ_0phLwtu5wtylq0sgPyT6vtd_rp61hRHjU5Thy3seguki5OslhrR8VimqVgPUZoBXRMNHdFGJFnJyTaxzB-PipkSse2BzryWNTjZpD-YBg4A_v0X6LLxu201oYL04166BJO8MFT74rMv0Hlf2ER2KeN9q377rx5mBoDMRN26dZQhSnA7moYrKf_w384eatGlzqKEBQLVXMYuX1ByNXdiNax2-n6PBo5M_qJjaQqV5cBqs-kf1VR6DMWhhJBUsRm-hzliixEgvP2XyRLRI7Obd-5o96uu34S_zCxJEyILXCN-9Qbzg5f2Z_RKVXazNjYyjPD2M3w91x4Lw2ngfTrDK-O__avf80Din8ztWqkE59DBpGh34NYKk__KE4oBuGrSZgN4S5h_NdWvm8ZIersj96sWvCwU-uEq0eyoKN4q1KYARBubvQ5EuM628SRtmoP0MtySOTEloXztQk7Ib2msr-xXAuOOtBIHOLoFsqmfdD3vItngDd95SW11OlJ0jYphkJLCcVEBOuhaQGlFgSj3Y9aH05D41p-CER9w9ktk3elz8GCQ3LFftBTGgH3wDSi7HTNJkPkqSB8y__VZ6loNiHzeN6h6eQyfqFQcwmcS8xbtRrx5lsjz0InMa1yyOwjW0g_jlTxk_4obBvxbGf4yVqkg0BbBhJx0MFTPTORmufrMj_Ef6GkpVmKKvMndGAztKgGo0wBm_P1rMVK04iRMAmMaI10lDAkJW4Vi3FQX05ZwBSmQxS7rT7jcxJ4Ibx-S3sSf2LOxA/https://www.amazon.com/gp/aw/d/B0FCZG88K8/?_encoding=UTF8&pd_rd_plhdr=t&aaxitk=5ba5259cdd41489b62ef0207eef11481&hsa_cr_id=0&qid=1782990436&sr=1-5-f02f01d6-adaf-4bef-9a7c-29308eff9043&ref_=sbx__sbtcd2_asin_4_bkgd&pd_rd_w=A5FK3&content-id=amzn1.sym.5159d9cb-0665-4a83-8f64-8881eaba312a%3Aamzn1.sym.5159d9cb-0665-4a83-8f64-8881eaba312a&pf_rd_p=5159d9cb-0665-4a83-8f64-8881eaba312a&pf_rd_r=WNNH2DVV4WMZMPR2PCP6&pd_rd_wg=RT4Uk&pd_rd_r=0035b7a9-d5b5-43a6-a32c-3681360a4424,"https://m.media-amazon.com/images/I/71jSCW+w9gL._AC_SR322,134_CB1169409_QL70_.jpg",51,排名进入前30；价格处于人民币等值¥180.00-¥288.00区间；标题包含 soft、summer，符合美国女鞋舒适化趋势。
2026-07-02,amazon_us,product,new_releases,New Releases Women Sandals,20,Rainbow Sandals Women’s Double Layer Flirty Braidy Premier Leather w/Single Braided Strap,,4.8,$90.00,,,,,,https://www.amazon.com/Rainbow-Sandals-Premier-Leather-Expresso/dp/B0GZLQP78H/ref=zg_bsnr_g_679425011_d_sccl_20/146-3742404-1051655?psc=1,"https://images-na.ssl-images-amazon.com/images/I/71blkLyFZ9L._AC_UL600_SR600,400_.jpg",50,排名进入前30；评论数达到50以上；评分达到4.6以上。
2026-07-02,amazon_us,product,search,women summer slippers,50,"Flip Flops for Women,Yoga Mat Flip Flops Women,Beach Thong Sandals for Women,Indoor and Outdoor Womens Flip Flops",¥64.73,4.4,50+ bought in past month,,,,,,https://www.amazon.com/Qzize-Comfortable-Sandals-Lightweight-Slippers/dp/B0DK3L9FZJ/ref=sr_1_41?dib=eyJ2IjoiMSJ9.NubgJ1RLlNFHfLGC5PuwuUeiPbkuWycliQru95aUAu6ZqaZC1y8Xjd0vU12TOw2RkEl7NTQG4tI5FLxZhuogz_qmuE3nNUg6SOWMP6znb2ASpWlJYFcVhFNNQruZasjtrzJlgmH387htOHSym6lY_lRDg8yu1FhGtAS_Uk8AqmndlVyLwslU4VDbpSs2AgDucdKDpkKZQrUin2D9O0MCbOl-E9VtUdKJEENli3eSXpQlQEqpiJmv1i_tH17duoECXuJXbEVR9Qm1IEj7TY69MHXbzKcGxxByqyVx669V5mk.U140NrtpQF9DQGXC4o2Is8ccqvNUg6Q69j8BZdSfNmk&dib_tag=se&keywords=women+summer+slippers&qid=1782990434&sr=8-41,https://m.media-amazon.com/images/I/71PawNcgveL._AC_UL320_.jpg,50,排名进入前50；评论数达到50以上；价格处于人民币等值¥57.60-¥180.00黄金区间；标题包含 beach，符合美国女鞋舒适化趋势；评分达到4.3以上。
2026-07-02,amazon_us,product,search,platform sandals women,24,Project Cloud,¥467.28,4.2,Project Cloud,,,,,,https://www.amazon.com/Project-Cloud-Genuine-Platform-Footwear/dp/B0DPRJPCK6/ref=sr_1_8?dib=eyJ2IjoiMSJ9.b40a7B90wYxMAM79Sxswy9CaSBvT-Au8SyrrYgI-JCANtM1nqubAolqvyV0CV8kCf3SEZd3I5OvYncpX2A4ywbf-3o9OYmKnuegtM5sA4E0pJ6Lv8ggvruC99I6VsCZ8dgkErL6SQDXYb-fzNSPp3x281F7XSxhL3DSG-4cUTuxXm3yp7QJFYadEV3A345xBeopkFq31LijhcDbMIQXP4mAl3b4aEYqhRHJbo8v23BW0Is7xRQScAZnTK3XQNqZRfoM4nQGR07_OnglSYuh_Uo-A34GOPuggRSuU61IcLic.-kQJ8ILaxefTnBWCC5ZAN1fd3s-W0ILBbigpP4vzO0I&dib_tag=se&keywords=platform+sandals+women&qid=1782990436&sr=8-8,https://m.media-amazon.com/images/I/81FRcaN2z8L._AC_UL320_.jpg,50,排名进入前30；价格高于人民币等值¥288.00；标题包含 cloud，符合美国女鞋舒适化趋势；评分达到4.0以上。
2026-07-02,amazon_us,product,new_releases,New Releases Women Sandals,3,"CUSHIONAIRE Vita Jelly Sandals for Women, Casual Lightweight Womens Strappy Sandals with Adjustable Buckle Strap and Gold Hardware Accent",,4.0,$39.99,,,,,,https://www.amazon.com/CUSHIONAIRE-Sandals-Lightweight-Adjustable-Hardware/dp/B0H1Y94T1T/ref=zg_bsnr_g_679425011_d_sccl_3/146-3742404-1051655?psc=1,"https://images-na.ssl-images-amazon.com/images/I/81Uy6Bt6XaL._AC_UL600_SR600,400_.jpg",49,排名靠前；评分达到4.0以上。
2026-07-02,amazon_us,product,search,women summer slippers,30,KuaiLu,¥187.13,4.2,KuaiLu,,,,,,https://www.amazon.com/KuaiLu-Comfortable-Walking-Plantar-Fasciitis/dp/B0BN3DW8ZP/ref=sr_1_21?dib=eyJ2IjoiMSJ9.NubgJ1RLlNFHfLGC5PuwuUeiPbkuWycliQru95aUAu6ZqaZC1y8Xjd0vU12TOw2RkEl7NTQG4tI5FLxZhuogz_qmuE3nNUg6SOWMP6znb2ASpWlJYFcVhFNNQruZasjtrzJlgmH387htOHSym6lY_lRDg8yu1FhGtAS_Uk8AqmndlVyLwslU4VDbpSs2AgDucdKDpkKZQrUin2D9O0MCbOl-E9VtUdKJEENli3eSXpQlQEqpiJmv1i_tH17duoECXuJXbEVR9Qm1IEj7TY69MHXbzKcGxxByqyVx669V5mk.U140NrtpQF9DQGXC4o2Is8ccqvNUg6Q69j8BZdSfNmk&dib_tag=se&keywords=women+summer+slippers&qid=1782990434&sr=8-21,https://m.media-amazon.com/images/I/61Qb8hEa+tL._AC_UL320_.jpg,49,排名进入前30；价格处于人民币等值¥180.00-¥288.00区间；评分达到4.0以上。
2026-07-02,amazon_us,product,search,platform sandals women,14,"CUSHIONAIRE Crisp Women’s Slide Sandal – Faux Leather Cutout Slip-On with Artisan Stitching & Memory Foam, Wide Widths Available CUSHIONAIRE Crisp Women’s Slide Sandal – Faux Leather Cutout Slip-On with Artisan Stitching & Memory Foam,…",¥226.73,4,4,,,,,,https://aax-us-east-retail-direct.amazon.com/x/c/JCc4UOFPV--lO4MbPXEOAKoAAAGfIoL4SQEAAAH2AQBvbm9fdHhuX2JpZDUgICBvbm9fdHhuX2ltcDEgICA1hNAJ/clv1c_ek-wBPHXFbbWzjK3YoscrxfcOWxCnjqP7-0CUpDnFUkScXyzONh_xxIZ4WCj3AhujQmFV-uPHgDERi62qHKEkWGKcfPXmlO7Oj7hCtiJ1K-6a5RiFLNPl3xZ4f1e8hohnxUa5ty02LmlUixRGv576dPf4NydhF1qq1QxDTUlwp4Twbtv345077kLBYy2rql0CM0Q50pKJV-QhYXOF8hHk0ERu120juSnHI0L3XAFZDOidme2l8eMTB0KBWWpDy6nA2OsH-rfVlR3xz3wqT7y9Vd7GPqCPTCRzxp2U6Ou5q-vFda_ftLXl97q95QB1wdG8dtFVORJVpApL1z88dwQVTaFliJZlEBbWdjS8GogUdfh5KG3XcDYY6Kr-ISPyqZF07NweNrweWTADcvqGn4FAnyDF8g5JyWgpR2ZLECiAbzel0ksWeUCmkvioJPIMj2xQ2oppvIuwI1hb-kzqFCAMC227fEJqk6QPMY0YBN8uG3IdXlxJlTT5xXDIQpgcnTkl0G3wQRqO0sg_yYisoNWnfmvz2aeLiPHjVXzmxvSHXg7jaJtNkRIpupIYsyEeDya7QDzBi_8pPpf0pkUqymz_wnFE8052xj9UfHj01yPhxoHXl_-q4gDFD-3WQ_PBcpBrIJyh8FpeInH0jOgZ69LuShYIb6PYp8ZAvj81znjnX5Ph3RVfDxfvXKRJ_TXxT1UXXoHdyjM0dXYIebSg8OH19BeQAwPAA9FQBxwoCeAyH14xniSo8xG7ujTIgdxBg_PoIFsY8aZgz-xnjmvjFyUWz9qdZNmBSLz9j5UJMi6byD68f2X4SJ4Y7DNLtVCg7sqlAK_q4oNXq5HG81jtt-_u2mbvSanLUXgCFdouyzVdFEKIN35qkAZO2haeLSVdfepJd_VRe8XvuScvrG6mB_8fgveR2PLReKdJ_0phLwtu5wtylq0sgPyT6vtd_rp61hRHjU5Thy3seguki5OslhrR8VimqVgPUZoBXRMNHdFGJFnJyTaxzB-PipkSse2BzryWNTjZpD-YBg4A_v0X6LLxu201oYL04166BJO8MFT74rMv0Hlf2ER2KeN9q377rx5mBoDMRN26dZQhSnA7moYrKf_w384eatGlzqKEBQLVXMYuX1ByNXdiNax2-n6PBo5M_qJjaQqV5cBqs-kf1VR6DMWhhJBUsRm-hzliixEgvP2XyRLRI7Obd-5o96uu34S_zCxJEyILXCN-9Qbzg5f2Z_RKVXazNjYyjPD2M3w91x4Lw2ngfTrDK-O__avf80Din8ztWqkE59DBpGh34NYKk__KE4oBuGrSZgN4S5h_NdWvm8ZIersj96sWvCwU-uEq0eyoKN4q1KYARBubvQ5EuM628SRtmoP0MtySOTEloXztQk7Ib2msr-xXAuOOtBIHOLoFsqmfdD3vItngDd95SW11OlJ0jYphkJLCcVEBOuhaQGlFgSj3Y9aH05D41p-CER9w9ktk3elz8GCQ3LFftBTGgH3wDSi7HTNJkPkqSB8y__VZ6loNiHzeN6h6eQyfqFQcwmcS8xbtRrx5lsjz0InMa1yyOwjW0g_jlTxk_4obBvxbGf4yVqkg0BbBhJx0MFTPTORmufrMj_Ef6GkpVmKKvMndGAztKgGo0wBm_P1rMVK04iRMAmMaI10lDAkJW4Vi3FQX05ZwBSmQxS7rT7jcxJ4Ibx-S3sSf2LOxA/https://www.amazon.com/gp/aw/d/B0D85FTF8X/?_encoding=UTF8&pd_rd_plhdr=t&aaxitk=5ba5259cdd41489b62ef0207eef11481&hsa_cr_id=0&qid=1782990436&sr=1-6-f02f01d6-adaf-4bef-9a7c-29308eff9043&ref_=sbx__sbtcd2_asin_5_bkgd&pd_rd_w=A5FK3&content-id=amzn1.sym.5159d9cb-0665-4a83-8f64-8881eaba312a%3Aamzn1.sym.5159d9cb-0665-4a83-8f64-8881eaba312a&pf_rd_p=5159d9cb-0665-4a83-8f64-8881eaba312a&pf_rd_r=WNNH2DVV4WMZMPR2PCP6&pd_rd_wg=RT4Uk&pd_rd_r=0035b7a9-d5b5-43a6-a32c-3681360a4424,"https://m.media-amazon.com/images/I/716ikL4mjkL._AC_SR322,134_CB1169409_QL70_.jpg",49,排名进入前30；价格处于人民币等值¥180.00-¥288.00区间；评分达到4.0以上。
2026-07-02,amazon_us,product,best_sellers,Best Sellers Women Sandals,30,"CUSHIONAIRE Siesta Modern Lattice Ballet Flats for Women, Comfortable Slip On Pointed Toe Womens Jelly Shoes",,4.3,$37.98,,,,,,https://www.amazon.com/CUSHIONAIRE-Siesta-Lattice-Comfortable-Pointed/dp/B0GYQ6NBDF/ref=zg_bs_g_679425011_d_sccl_30/144-8125776-6072209?psc=1,"https://images-na.ssl-images-amazon.com/images/I/81aIqaR3TYL._AC_UL600_SR600,400_.jpg",48,排名进入前30；标题包含 comfort，符合美国女鞋舒适化趋势；评分达到4.3以上。
2026-07-02,amazon_us,product,new_releases,New Releases Women Sandals,14,Glamnest Women's Kitten Heel Sandals Square Open Toe Slip On Flip Flop Heels Comfortable 2 Inch Heeled Sandals Thong Party Dress Summer Travel Wedding,,4.1,$31.99,,,,,,https://www.amazon.com/Glamnest-Womens-Kitten-Comfortable-Wedding/dp/B0GLZ4Q81C/ref=zg_bsnr_g_679425011_d_sccl_14/146-3742404-1051655?psc=1,"https://images-na.ssl-images-amazon.com/images/I/61TP1DPnvlL._AC_UL600_SR600,400_.jpg",48,排名进入前30；标题包含 comfort、summer，符合美国女鞋舒适化趋势；评分达到4.0以上。
2026-07-02,amazon_us,product,new_releases,New Releases Women Sandals,18,"CUSHIONAIRE Mezzo Clear Strap Kitten Heels for Women, Square Toe Flip Flop Sandal Heels with Memory Foam Comfort",,4.4,$49.99,,,,,,https://www.amazon.com/CUSHIONAIRE-Kitten-Square-Sandal-Comfort/dp/B0GZJ3ZPD5/ref=zg_bsnr_g_679425011_d_sccl_18/146-3742404-1051655?psc=1,"https://images-na.ssl-images-amazon.com/images/I/71JZGKZQhEL._AC_UL600_SR600,400_.jpg",48,排名进入前30；标题包含 comfort，符合美国女鞋舒适化趋势；评分达到4.3以上。
2026-07-02,amazon_us,product,new_releases,New Releases Women Sandals,27,"Dearuser Pool Slides for Women Non-Slip Quick Dry Beach Sandals Adjustable Double Buckle Slip On Slide Sandals for Casual Summer Travel,Vacation",,4.3,$35.99,,,,,,https://www.amazon.com/Dearuser-Sandals-Adjustable-Comfortable-Non-Slip/dp/B0GX947JR5/ref=zg_bsnr_g_679425011_d_sccl_27/146-3742404-1051655?psc=1,"https://images-na.ssl-images-amazon.com/images/I/81fy8l5HugL._AC_UL600_SR600,400_.jpg",48,排名进入前30；标题包含 beach、summer，符合美国女鞋舒适化趋势；评分达到4.3以上。
2026-07-02,amazon_us,product,best_sellers,Best Sellers Women Sandals,45,Comwarm Cloud Slide Sandals for Women Men Ultra Comfort Recovery Pillow Slippers Soft Summer Beach Shoes with Low Arch Support,,4.3,$9.99,,,,,,https://www.amazon.com/Sandals-Lightweight-Bathroom-Non-Slip-Slippers/dp/B099DTRKSL/ref=zg_bs_g_679425011_d_sccl_45/144-8125776-6072209?psc=1,"https://images-na.ssl-images-amazon.com/images/I/71uNAZpAhiL._AC_UL300_SR300,200_.jpg",47,排名进入前50；标题包含 cloud、recovery、comfort、arch support、soft、beach、summer，符合美国女鞋舒适化趋势；评分达到4.3以上。
2026-07-02,amazon_us,product,new_releases,New Releases Women Sandals,29,Cape Robbin Women's Platform Sandals Chunky Block Heel - Slip On Elastic Band Round Open Toe Heeled Sandals - 4.5 Inch Dressy Platform Heels for Women (Echoya),,4.1,$44.90,,,,,,https://www.amazon.com/Cape-Robbin-Platform-Sandals-Echoya/dp/B0GS5MM6N6/ref=zg_bsnr_g_679425011_d_sccl_29/146-3742404-1051655?psc=1,"https://images-na.ssl-images-amazon.com/images/I/715flvg-G0L._AC_UL600_SR600,400_.jpg",47,排名进入前30；标题包含 platform，符合美国女鞋舒适化趋势；评分达到4.0以上。
2026-07-02,amazon_us,product,best_sellers,Best Sellers Women Sandals,13,shevalues Slim Flip Flops for Women Beach Rubber Shower Shoes Basic Thong Sandals,,4.4,$8.54,,,,,,https://www.amazon.com/shevalues-Shower-Rubber-Sandals-Comfortable/dp/B0B68G2D52/ref=zg_bs_g_679425011_d_sccl_13/144-8125776-6072209?psc=1,"https://images-na.ssl-images-amazon.com/images/I/61X4Xy4XRFL._AC_UL600_SR600,400_.jpg",45,排名进入前30；标题包含 beach，符合美国女鞋舒适化趋势；评分达到4.3以上。
2026-07-02,amazon_us,product,best_sellers,Best Sellers Women Sandals,28,Weweya Slides for Women and Men - Bathroom Shower Shoes - Non Slip House Slippers - Lightweight Beach Sandals,,4.4,$9.99,,,,,,https://www.amazon.com/Weweya-Shower-Bathroom-Slippers-Sandals/dp/B0F1XJ9TM4/ref=zg_bs_g_679425011_d_sccl_28/144-8125776-6072209?psc=1,"https://images-na.ssl-images-amazon.com/images/I/718rk3GaK+L._AC_UL600_SR600,400_.jpg",45,排名进入前30；标题包含 beach，符合美国女鞋舒适化趋势；评分达到4.3以上。
2026-07-02,amazon_us,product,best_sellers,Best Sellers Women Sandals,32,Project Cloud 100% Genuine Leather Sandals for Women 2026 - Fashion Flat Womens Sandals with Memory Foam Insole Slides Sandals Women Footwear - Mules Women's Sandals (Jannel),,4.3,$49.90,,,,,,https://www.amazon.com/Project-Cloud-Fashion-Sandals-Women/dp/B0CQ716Z3L/ref=zg_bs_g_679425011_d_sccl_32/144-8125776-6072209?psc=1,"https://images-na.ssl-images-amazon.com/images/I/71WxLxLw-rL._AC_UL300_SR300,200_.jpg",45,排名进入前50；标题包含 cloud，符合美国女鞋舒适化趋势；cloud + slides组合趋势加分；评分达到4.3以上。
2026-07-02,amazon_us,product,best_sellers,Best Sellers Women Sandals,37,Project Cloud 100% Genuine Leather Sandals Women Dressy Beach Essentials Slides for Women Footwear - Lightweight with Memory Foam Insole Sandals for Women 2026 - Womens Slides,,4.1,$39.90,,,,,,https://www.amazon.com/Project-Cloud-Genuine-Leather-Essentials/dp/B0CP4LB912/ref=zg_bs_g_679425011_d_sccl_37/144-8125776-6072209?psc=1,"https://images-na.ssl-images-amazon.com/images/I/813h1QBU5fL._AC_UL300_SR300,200_.jpg",45,排名进入前50；标题包含 cloud、beach，符合美国女鞋舒适化趋势；cloud + slides组合趋势加分；评分达到4.0以上。
2026-07-02,amazon_us,product,new_releases,New Releases Women Sandals,11,"CUSHIONAIRE Talisa Espadrilles for Women, Closed Toe Wedge Sandal with Elastic Ankle Strap and Jute Wrapped Sole",,4.5,$37.98,,,,,,https://www.amazon.com/CUSHIONAIRE-Talisa-Espadrilles-Elastic-Wrapped/dp/B0GXGH3Z92/ref=zg_bsnr_g_679425011_d_sccl_11/146-3742404-1051655?psc=1,"https://images-na.ssl-images-amazon.com/images/I/810XN0i4gjL._AC_UL600_SR600,400_.jpg",45,排名进入前30；标题包含 wedge，符合美国女鞋舒适化趋势；评分达到4.3以上。
2026-07-02,amazon_us,product,search,women summer slippers,1,4.2,,,4.2,,,,,,https://aax-us-east-retail-direct.amazon.com/x/c/JEo0-t7d8Vn4Zh_Jn-QIFpkAAAGfIoLy4AEAAAH2AQBvbm9fdHhuX2JpZDYgICBvbm9fdHhuX2ltcDEgICBtYHoy/clv1c_ek-wBXfWasTaRc6yUFOObYmm_pNK2WM6fEX2AGLTOTSXodgsmTyYGgUb-S82XPttTlv1S35ijJZn4jE8pvX6qn-r1i76TbHcdDwt68iw1MppStEHJ_eVBbz44-J-8pKgjCs4dc_9Qf_9z1rN7Bro8_p7IN6XmjX2xrTAT_GuzrwHCWjeWSNl0hZuhF9qcrEqp_X8a-vKnAbN8_fPJ5gJQMaxPf6crwokGS9-4KOUapLfUIKzqMKslfPmBp_7UWBavuapF1qhDFc7ImOSI4Kp7b6ztDdPkjhrNv3yFDIsjXKaf9HiTydBka51B1_xCRcdhTq-XDjib_MhpmT_RreSP7XRb7S_c8prpdqT4IoQ1dZrScXa0TjKkyrhR2edk1thTonhQs-Sze8eHj1DyvbnOZCL68TnpJp-gsvwUCVSER4LCRKUGQ8wzQGGEc-aDzoD1f9RQnjm4oBbryMbVzp5QIFBm47zvKXCpVjQsHJ4EC9FRpO_8IkFpIsN65f-V84socZbcqVQOMwR0wClao3XCOnls1BjxgZn6Md4JE_nSmhFR_1WQPHOpP5AGz879RoQyk5xG4DQ0ji2gtYYyq8vyBhuTK-zdnBRPpK9Koutr47XHdy83ZncIr-UTPaJAcUk55mAJTuDOM-aoHVi-KTgiid6u-BcGavFuUe6Vf6fd1iYXYWqcJkE1KsN5vcaq54uqwSvgHSQ_pvdxWXWWaE9dVl_grb3FAmi7fLYqqmIXkoJZHM_pGyOGRMq3-jWVtF9sjjqCI4UTG_JWntd96QIA7VNjnIOpjrCY_T9DLo6LGYWg2PfaTN114k3Ad7m-IuATGc7G44ofGLKV7YRPCsicybwJPJ10UDWIr09zw9519oBolJjpgf_VwBCv9pltoF5T3GebPRXZlGKv2g81WzI2ZFc6sm9TqOdPC7QQpjcNhxIroa4zvXZk5Fh5u3ylA6D_FL9tL6yaFVidZf2Vm65eeLDaK6f1vR_tqXR35P5eE-VdUlAkjYx1y7xmFki4JMncVDfnm02kK_rrSDePLZ0aaRtzEt1W7byIvxOnPF7HlgPRscfeyFcvjZ8mas2JlVF0PFog0gh5z19kMbDX4gX6TQAuMaiez02smLkJ2N6o-Z1Wrmjp2LLI6T7iZHJR-xo5UNiIERPEgPUXVd6Fqm84yt_3E-RRwC1QW82FM2qMoMp6pE0QbYX2kEB1XLuYLxJ6jBDazh5WnLySlElGbpIlUi5TRp6ZukkHOx73W7VcD66WgoRLO1OL-MBjRlRqzOBZ3UGVe9xocM4Wdbduol4kMs-W9YSkjyJLjRAtK85TZDq8Gm4KGhEUOPoo2fPwEqGEXV5_sseFMZPxuUm8O2-Vjz-6Vgf8zcaB6e2cn_hEh8bNTZV6UnIF0Fw9r5oh_Tos1pYwKLS71TDfgZJD4LEnUrWeHROf8UYfrwCKQfDuzG1Q1DGtMo7bmXQvaphyQDXV_RF6-I4R39jNYS95s42kMTwHatyR24Hvz2X8_6-Nko_RU2QqL4SyXqzYBHPTHmtHWwMaDQSyXR8bWLlY7YJzUd_1BURzsAPkU9xbV-fZc-CbMtOxLLa8B7KuE6lRmAEVauhTgir5Bqn5_E2D7UDonBzHN4/https://www.amazon.com/dp/B0D3TZV2L2/?_encoding=UTF8&pd_rd_i=B0D3TZV2L2&ref_=sbx_be_s_sparkle_ssd_img&qid=1782990434&pd_rd_w=TIx1K&content-id=amzn1.sym.2fb72bc8-96ef-420d-b08f-c04b69f36507%3Aamzn1.sym.2fb72bc8-96ef-420d-b08f-c04b69f36507&pf_rd_p=2fb72bc8-96ef-420d-b08f-c04b69f36507&pf_rd_r=J108HJ8Z1NV7FP5CE66H&pd_rd_wg=Qsf8t&pd_rd_r=d78edb28-b0ce-4dc5-aa07-45f269147303&pd_rd_plhdr=t,"https://m.media-amazon.com/images/I/41GVaMhZ-dL._AC_SR250,250_QL65_.jpg",45,排名靠前。
2026-07-02,amazon_us,product,search,women summer slippers,2,4.2,,,4.2,,,,,,https://aax-us-east-retail-direct.amazon.com/x/c/JEo0-t7d8Vn4Zh_Jn-QIFpkAAAGfIoLy4AEAAAH2AQBvbm9fdHhuX2JpZDYgICBvbm9fdHhuX2ltcDEgICBtYHoy/clv1c_ek-wBXfWasTaRc6yUFOObYmm_pNK2WM6fEX2AGLTOTSXodgsmTyYGgUb-S82XPttTlv1S35ijJZn4jE8pvX6qn-r1i76TbHcdDwt68iw1MppStEHJ_eVBbz44-J-8pKgjCs4dc_9Qf_9z1rN7Bro8_p7IN6XmjX2xrTAT_GuzrwHCWjeWSNl0hZuhF9qcrEqp_X8a-vKnAbN8_fPJ5gJQMaxPf6crwokGS9-4KOUapLfUIKzqMKslfPmBp_7UWBavuapF1qhDFc7ImOSI4Kp7b6ztDdPkjhrNv3yFDIsjXKaf9HiTydBka51B1_xCRcdhTq-XDjib_MhpmT_RreSP7XRb7S_c8prpdqT4IoQ1dZrScXa0TjKkyrhR2edk1thTonhQs-Sze8eHj1DyvbnOZCL68TnpJp-gsvwUCVSER4LCRKUGQ8wzQGGEc-aDzoD1f9RQnjm4oBbryMbVzp5QIFBm47zvKXCpVjQsHJ4EC9FRpO_8IkFpIsN65f-V84socZbcqVQOMwR0wClao3XCOnls1BjxgZn6Md4JE_nSmhFR_1WQPHOpP5AGz879RoQyk5xG4DQ0ji2gtYYyq8vyBhuTK-zdnBRPpK9Koutr47XHdy83ZncIr-UTPaJAcUk55mAJTuDOM-aoHVi-KTgiid6u-BcGavFuUe6Vf6fd1iYXYWqcJkE1KsN5vcaq54uqwSvgHSQ_pvdxWXWWaE9dVl_grb3FAmi7fLYqqmIXkoJZHM_pGyOGRMq3-jWVtF9sjjqCI4UTG_JWntd96QIA7VNjnIOpjrCY_T9DLo6LGYWg2PfaTN114k3Ad7m-IuATGc7G44ofGLKV7YRPCsicybwJPJ10UDWIr09zw9519oBolJjpgf_VwBCv9pltoF5T3GebPRXZlGKv2g81WzI2ZFc6sm9TqOdPC7QQpjcNhxIroa4zvXZk5Fh5u3ylA6D_FL9tL6yaFVidZf2Vm65eeLDaK6f1vR_tqXR35P5eE-VdUlAkjYx1y7xmFki4JMncVDfnm02kK_rrSDePLZ0aaRtzEt1W7byIvxOnPF7HlgPRscfeyFcvjZ8mas2JlVF0PFog0gh5z19kMbDX4gX6TQAuMaiez02smLkJ2N6o-Z1Wrmjp2LLI6T7iZHJR-xo5UNiIERPEgPUXVd6Fqm84yt_3E-RRwC1QW82FM2qMoMp6pE0QbYX2kEB1XLuYLxJ6jBDazh5WnLySlElGbpIlUi5TRp6ZukkHOx73W7VcD66WgoRLO1OL-MBjRlRqzOBZ3UGVe9xocM4Wdbduol4kMs-W9YSkjyJLjRAtK85TZDq8Gm4KGhEUOPoo2fPwEqGEXV5_sseFMZPxuUm8O2-Vjz-6Vgf8zcaB6e2cn_hEh8bNTZV6UnIF0Fw9r5oh_Tos1pYwKLS71TDfgZJD4LEnUrWeHROf8UYfrwCKQfDuzG1Q1DGtMo7bmXQvaphyQDXV_RF6-I4R39jNYS95s42kMTwHatyR24Hvz2X8_6-Nko_RU2QqL4SyXqzYBHPTHmtHWwMaDQSyXR8bWLlY7YJzUd_1BURzsAPkU9xbV-fZc-CbMtOxLLa8B7KuE6lRmAEVauhTgir5Bqn5_E2D7UDonBzHN4/https://www.amazon.com/dp/B0BF58X5BB/?_encoding=UTF8&pd_rd_i=B0BF58X5BB&ref_=sbx_be_s_sparkle_ssd_img&qid=1782990434&pd_rd_w=TIx1K&content-id=amzn1.sym.2fb72bc8-96ef-420d-b08f-c04b69f36507%3Aamzn1.sym.2fb72bc8-96ef-420d-b08f-c04b69f36507&pf_rd_p=2fb72bc8-96ef-420d-b08f-c04b69f36507&pf_rd_r=J108HJ8Z1NV7FP5CE66H&pd_rd_wg=Qsf8t&pd_rd_r=d78edb28-b0ce-4dc5-aa07-45f269147303&pd_rd_plhdr=t,"https://m.media-amazon.com/images/I/41hfYhfXBFL._AC_SR250,250_QL65_.jpg",45,排名靠前。
2026-07-02,amazon_us,product,search,women summer slippers,3,4.2,,,4.2,,,,,,https://aax-us-east-retail-direct.amazon.com/x/c/JEo0-t7d8Vn4Zh_Jn-QIFpkAAAGfIoLy4AEAAAH2AQBvbm9fdHhuX2JpZDYgICBvbm9fdHhuX2ltcDEgICBtYHoy/clv1c_ek-wBXfWasTaRc6yUFOObYmm_pNK2WM6fEX2AGLTOTSXodgsmTyYGgUb-S82XPttTlv1S35ijJZn4jE8pvX6qn-r1i76TbHcdDwt68iw1MppStEHJ_eVBbz44-J-8pKgjCs4dc_9Qf_9z1rN7Bro8_p7IN6XmjX2xrTAT_GuzrwHCWjeWSNl0hZuhF9qcrEqp_X8a-vKnAbN8_fPJ5gJQMaxPf6crwokGS9-4KOUapLfUIKzqMKslfPmBp_7UWBavuapF1qhDFc7ImOSI4Kp7b6ztDdPkjhrNv3yFDIsjXKaf9HiTydBka51B1_xCRcdhTq-XDjib_MhpmT_RreSP7XRb7S_c8prpdqT4IoQ1dZrScXa0TjKkyrhR2edk1thTonhQs-Sze8eHj1DyvbnOZCL68TnpJp-gsvwUCVSER4LCRKUGQ8wzQGGEc-aDzoD1f9RQnjm4oBbryMbVzp5QIFBm47zvKXCpVjQsHJ4EC9FRpO_8IkFpIsN65f-V84socZbcqVQOMwR0wClao3XCOnls1BjxgZn6Md4JE_nSmhFR_1WQPHOpP5AGz879RoQyk5xG4DQ0ji2gtYYyq8vyBhuTK-zdnBRPpK9Koutr47XHdy83ZncIr-UTPaJAcUk55mAJTuDOM-aoHVi-KTgiid6u-BcGavFuUe6Vf6fd1iYXYWqcJkE1KsN5vcaq54uqwSvgHSQ_pvdxWXWWaE9dVl_grb3FAmi7fLYqqmIXkoJZHM_pGyOGRMq3-jWVtF9sjjqCI4UTG_JWntd96QIA7VNjnIOpjrCY_T9DLo6LGYWg2PfaTN114k3Ad7m-IuATGc7G44ofGLKV7YRPCsicybwJPJ10UDWIr09zw9519oBolJjpgf_VwBCv9pltoF5T3GebPRXZlGKv2g81WzI2ZFc6sm9TqOdPC7QQpjcNhxIroa4zvXZk5Fh5u3ylA6D_FL9tL6yaFVidZf2Vm65eeLDaK6f1vR_tqXR35P5eE-VdUlAkjYx1y7xmFki4JMncVDfnm02kK_rrSDePLZ0aaRtzEt1W7byIvxOnPF7HlgPRscfeyFcvjZ8mas2JlVF0PFog0gh5z19kMbDX4gX6TQAuMaiez02smLkJ2N6o-Z1Wrmjp2LLI6T7iZHJR-xo5UNiIERPEgPUXVd6Fqm84yt_3E-RRwC1QW82FM2qMoMp6pE0QbYX2kEB1XLuYLxJ6jBDazh5WnLySlElGbpIlUi5TRp6ZukkHOx73W7VcD66WgoRLO1OL-MBjRlRqzOBZ3UGVe9xocM4Wdbduol4kMs-W9YSkjyJLjRAtK85TZDq8Gm4KGhEUOPoo2fPwEqGEXV5_sseFMZPxuUm8O2-Vjz-6Vgf8zcaB6e2cn_hEh8bNTZV6UnIF0Fw9r5oh_Tos1pYwKLS71TDfgZJD4LEnUrWeHROf8UYfrwCKQfDuzG1Q1DGtMo7bmXQvaphyQDXV_RF6-I4R39jNYS95s42kMTwHatyR24Hvz2X8_6-Nko_RU2QqL4SyXqzYBHPTHmtHWwMaDQSyXR8bWLlY7YJzUd_1BURzsAPkU9xbV-fZc-CbMtOxLLa8B7KuE6lRmAEVauhTgir5Bqn5_E2D7UDonBzHN4/https://www.amazon.com/dp/B0D3TZV2L2/?_encoding=UTF8&pd_rd_i=B0D3TZV2L2&ref_=sbx_be_s_sparkle_ssd_img&qid=1782990434&pd_rd_w=TIx1K&content-id=amzn1.sym.2fb72bc8-96ef-420d-b08f-c04b69f36507%3Aamzn1.sym.2fb72bc8-96ef-420d-b08f-c04b69f36507&pf_rd_p=2fb72bc8-96ef-420d-b08f-c04b69f36507&pf_rd_r=J108HJ8Z1NV7FP5CE66H&pd_rd_wg=Qsf8t&pd_rd_r=d78edb28-b0ce-4dc5-aa07-45f269147303&pd_rd_plhdr=t,"https://m.media-amazon.com/images/I/41GVaMhZ-dL._AC_SR250,250_QL65_.jpg",45,排名靠前。
2026-07-02,amazon_us,product,search,women summer slippers,4,4.2,,,4.2,,,,,,https://aax-us-east-retail-direct.amazon.com/x/c/JEo0-t7d8Vn4Zh_Jn-QIFpkAAAGfIoLy4AEAAAH2AQBvbm9fdHhuX2JpZDYgICBvbm9fdHhuX2ltcDEgICBtYHoy/clv1c_ek-wBXfWasTaRc6yUFOObYmm_pNK2WM6fEX2AGLTOTSXodgsmTyYGgUb-S82XPttTlv1S35ijJZn4jE8pvX6qn-r1i76TbHcdDwt68iw1MppStEHJ_eVBbz44-J-8pKgjCs4dc_9Qf_9z1rN7Bro8_p7IN6XmjX2xrTAT_GuzrwHCWjeWSNl0hZuhF9qcrEqp_X8a-vKnAbN8_fPJ5gJQMaxPf6crwokGS9-4KOUapLfUIKzqMKslfPmBp_7UWBavuapF1qhDFc7ImOSI4Kp7b6ztDdPkjhrNv3yFDIsjXKaf9HiTydBka51B1_xCRcdhTq-XDjib_MhpmT_RreSP7XRb7S_c8prpdqT4IoQ1dZrScXa0TjKkyrhR2edk1thTonhQs-Sze8eHj1DyvbnOZCL68TnpJp-gsvwUCVSER4LCRKUGQ8wzQGGEc-aDzoD1f9RQnjm4oBbryMbVzp5QIFBm47zvKXCpVjQsHJ4EC9FRpO_8IkFpIsN65f-V84socZbcqVQOMwR0wClao3XCOnls1BjxgZn6Md4JE_nSmhFR_1WQPHOpP5AGz879RoQyk5xG4DQ0ji2gtYYyq8vyBhuTK-zdnBRPpK9Koutr47XHdy83ZncIr-UTPaJAcUk55mAJTuDOM-aoHVi-KTgiid6u-BcGavFuUe6Vf6fd1iYXYWqcJkE1KsN5vcaq54uqwSvgHSQ_pvdxWXWWaE9dVl_grb3FAmi7fLYqqmIXkoJZHM_pGyOGRMq3-jWVtF9sjjqCI4UTG_JWntd96QIA7VNjnIOpjrCY_T9DLo6LGYWg2PfaTN114k3Ad7m-IuATGc7G44ofGLKV7YRPCsicybwJPJ10UDWIr09zw9519oBolJjpgf_VwBCv9pltoF5T3GebPRXZlGKv2g81WzI2ZFc6sm9TqOdPC7QQpjcNhxIroa4zvXZk5Fh5u3ylA6D_FL9tL6yaFVidZf2Vm65eeLDaK6f1vR_tqXR35P5eE-VdUlAkjYx1y7xmFki4JMncVDfnm02kK_rrSDePLZ0aaRtzEt1W7byIvxOnPF7HlgPRscfeyFcvjZ8mas2JlVF0PFog0gh5z19kMbDX4gX6TQAuMaiez02smLkJ2N6o-Z1Wrmjp2LLI6T7iZHJR-xo5UNiIERPEgPUXVd6Fqm84yt_3E-RRwC1QW82FM2qMoMp6pE0QbYX2kEB1XLuYLxJ6jBDazh5WnLySlElGbpIlUi5TRp6ZukkHOx73W7VcD66WgoRLO1OL-MBjRlRqzOBZ3UGVe9xocM4Wdbduol4kMs-W9YSkjyJLjRAtK85TZDq8Gm4KGhEUOPoo2fPwEqGEXV5_sseFMZPxuUm8O2-Vjz-6Vgf8zcaB6e2cn_hEh8bNTZV6UnIF0Fw9r5oh_Tos1pYwKLS71TDfgZJD4LEnUrWeHROf8UYfrwCKQfDuzG1Q1DGtMo7bmXQvaphyQDXV_RF6-I4R39jNYS95s42kMTwHatyR24Hvz2X8_6-Nko_RU2QqL4SyXqzYBHPTHmtHWwMaDQSyXR8bWLlY7YJzUd_1BURzsAPkU9xbV-fZc-CbMtOxLLa8B7KuE6lRmAEVauhTgir5Bqn5_E2D7UDonBzHN4/https://www.amazon.com/dp/B0BF58X5BB/?_encoding=UTF8&pd_rd_i=B0BF58X5BB&ref_=sbx_be_s_sparkle_ssd_img&qid=1782990434&pd_rd_w=TIx1K&content-id=amzn1.sym.2fb72bc8-96ef-420d-b08f-c04b69f36507%3Aamzn1.sym.2fb72bc8-96ef-420d-b08f-c04b69f36507&pf_rd_p=2fb72bc8-96ef-420d-b08f-c04b69f36507&pf_rd_r=J108HJ8Z1NV7FP5CE66H&pd_rd_wg=Qsf8t&pd_rd_r=d78edb28-b0ce-4dc5-aa07-45f269147303&pd_rd_plhdr=t,"https://m.media-amazon.com/images/I/41hfYhfXBFL._AC_SR250,250_QL65_.jpg",45,排名靠前。
2026-07-02,amazon_us,product,search,women summer slippers,36,GOEWY,¥93.53,4.6,GOEWY,,,,,,https://www.amazon.com/GOEWY-Slippers-Indoor-Memory-Slides/dp/B0DSZ16ZN3/ref=sr_1_27?dib=eyJ2IjoiMSJ9.NubgJ1RLlNFHfLGC5PuwuUeiPbkuWycliQru95aUAu6ZqaZC1y8Xjd0vU12TOw2RkEl7NTQG4tI5FLxZhuogz_qmuE3nNUg6SOWMP6znb2ASpWlJYFcVhFNNQruZasjtrzJlgmH387htOHSym6lY_lRDg8yu1FhGtAS_Uk8AqmndlVyLwslU4VDbpSs2AgDucdKDpkKZQrUin2D9O0MCbOl-E9VtUdKJEENli3eSXpQlQEqpiJmv1i_tH17duoECXuJXbEVR9Qm1IEj7TY69MHXbzKcGxxByqyVx669V5mk.U140NrtpQF9DQGXC4o2Is8ccqvNUg6Q69j8BZdSfNmk&dib_tag=se&keywords=women+summer+slippers&qid=1782990434&sr=8-27,https://m.media-amazon.com/images/I/61Y4pR97GVL._AC_UL320_.jpg,45,排名进入前50；价格处于人民币等值¥57.60-¥180.00黄金区间；评分达到4.6以上。
2026-07-02,amazon_us,product,search,women slides,1,4.3,,,4.3,,,,,,https://aax-us-east-retail-direct.amazon.com/x/c/JEh15Tm62qOgBsgwd4LsKAUAAAGfIoL4PwEAAAH2AQBvbm9fdHhuX2JpZDcgICBvbm9fdHhuX2ltcDIgICBy9QWS/clv1c_ek-wBYf3UsbaHn0mGP1fgM-zj5EBnw4mvafBIMVA9xx4Vt0KbP9RDacx65HnO1VX-NZF6t1YaaOJgq2E-2lo62gi_d3ohvjpJ6Ul5lmn0K46CR3wX6ZQlDyY4_VSquqJDZIw-pRKjZsApF2ZsUIqUNVLod6I_vXqO2WxSzSu5ha_mO0EPLqOv3oGqIE8QnJajuWoBoN6M4-4tSRYN0zQnjkJCUZHYCqzHz0XzD4Q-Rqk8nf4ZUcZFh1tXV1A8vpxWLkrrrwfShBfxp38l9TSiZ4afbLsHgx3_F5yWRYYz4mhkAA1k9Ygsn0rnmVE_EC1zs8gsnFSdniJNH7qDV5KN_y1a18HZ4-9w20s7k03cpl69VkKoxA7I-Acb9ELF198owKtC0T9vexgYGlDU8Gh8t3wfJCHuNJj-USujwTSbzpoufTtApcOsHmKy9-kyRlibuBUb2PTjx7mWK5sZpWZHxMJgU1t4_kSJfEIg15G10-X4bRzf1aHcShij4VeiKKngz3c_AfJlVA3xR_MW6DZimY9ZVxQA5AaIh1amRU9nK9M-n0gIGz_WkUFi-9Bzh4MMs7L5Yvt29OTmG6LUAhSbAl0vD3z7ZjvKbL0Sfs-J_d7d1vrrNjnkDeXpu_hJU6Y4ZFEjZVHmV3Qbf6xwrAbeegFkxeG1JNfI3gvw-nzoh4o3KGflswSWZRoDd2vzSkgzCcgqgRCMyQ0gm2Jwxqk3CXODtSRe6jFsaG29y_ilvfbtr2-ved9WgkMt2TN-eDJ6ZR2rqgqEjd6O_-ONSpMA0bFkfz2CMFlGdtOQf5jwwj-0oKicotVSpA3cfaXkLwCjjJucMeTna040meILwsMr-z6vP2aPUOEyrp2Szv_sHFDT8E4aqn1OYQ-KWsCCkpbNOxRqJgpv4TK_pBJsb7xybgMPBtHD2rz8y340VZXor7LWHd7zBvBwq23Fgq3VA-NQXUvHvkfyiMlqsI_oSj3kyUNgbnTM85AcZIQFAdUKSXs4Nmpi6A8Iyx6WtQtTEcodELYrpzapadsqeJkkn_rMonUQT1m7821yVcsQIKkp0Awyspj9PsBVrUj9_dkk848OcgifYZUsK5wTEzsZalncdQoEtEEVaV50ESueexjzTjDxMLMBwbDakBvTl2sy6j3nFbcXHo_vltz3ww425AfxkyDtO3XSKP8DYAvipvctmMuuvC2dnFsJP3vLHKjO3tAmO8MeKZnaabktfcQa6y2vTztbgoi_GMYaWDYAB1EJAs9_AKDQjB83GC7-lNyIQeld_fkdAEVZYnn1hcolj9LItdp6T_mtgVG3OnlRlP2KeZ7ZaIkdZytZz65k7c86x-4RlcxYG-CU3s6eQ20VZpe63HOxoNuctTPABpzUqBoz5yqM6iIoEGihg6rQh1TtBTftbi3nKW6adjpxwcqEYe7B7XRersHTVq6oZ2H-g85YIYV-0mbtIkKlVeVpASISEYtxUThvNDPSkqr72pBPL5u38KeaT4OJuY5STK3WBEG6Nj8T0tZqPWmNkwoqUJYXYWVneNgpQbeGgQQQTT_Vu7JaMPzm6SkTmxrTD4L/https://www.amazon.com/dp/B09C1QWSL8/?_encoding=UTF8&pd_rd_i=B09C1QWSL8&ref_=sbx_be_s_sparkle_ssd_img&qid=1782990436&pd_rd_w=ed6nn&content-id=amzn1.sym.2fb72bc8-96ef-420d-b08f-c04b69f36507%3Aamzn1.sym.2fb72bc8-96ef-420d-b08f-c04b69f36507&pf_rd_p=2fb72bc8-96ef-420d-b08f-c04b69f36507&pf_rd_r=NS72BBFGF9Q4V3XMAHJ4&pd_rd_wg=U4Hgm&pd_rd_r=83c61a0a-40a5-43d5-afa6-a0139c684543&pd_rd_plhdr=t,"https://m.media-amazon.com/images/I/31zGbEI4DFL._AC_SR250,250_QL65_.jpg",45,排名靠前。
2026-07-02,amazon_us,product,search,women slides,18,OOFOS,¥431.64,4.4,OOFOS,,,,,,https://www.amazon.com/OOFOS-Unisex-Ooahh-Slide-Sandal/dp/B00BRC4L14/ref=sr_1_7?dib=eyJ2IjoiMSJ9.wrqHnvIFpzxZDCy1gVq3f4lU1Vnrjhi4TbSLsbHbjD2aFFjqtuo5jyZZyFPRxf5T-DFqTE4rsRPQIkTtCm4-jQIypntXMixo50qzJJqeT9pgQGTgKDeZYXz-JTCqGq_hSMzrRIVsh6yP7xKt9q5yOBdM1OwfF2bCr0cb2AG9pHMMykwoRVeBLdx9aiflhpOm8l8IzwYavI0fSHQwHJ5ZhnN9cj8xEwx45Mb13iG9NC8b2mZJYwUEl3OS1ZgXNMpZHO1rhgIPIZnjxd4PGlNba3WWXlzLw3J4hjAADDiJPQE.uPULmM20D6pBIiNrgw-hLClMzLd2A99vi8NokcVnOTQ&dib_tag=se&keywords=women+slides&qid=1782990436&sr=8-7,https://m.media-amazon.com/images/I/51NSD3PLF-L._AC_UL320_.jpg,45,排名进入前30；价格高于人民币等值¥288.00；评分达到4.3以上。
2026-07-02,amazon_us,product,search,women slides,26,Nike,¥396.00,4.5,Nike,,,,,,https://www.amazon.com/Nike-Womens-Slides-Sandal-Sail-Sail/dp/B0F8RWJWPP/ref=sr_1_15?dib=eyJ2IjoiMSJ9.wrqHnvIFpzxZDCy1gVq3f4lU1Vnrjhi4TbSLsbHbjD2aFFjqtuo5jyZZyFPRxf5T-DFqTE4rsRPQIkTtCm4-jQIypntXMixo50qzJJqeT9pgQGTgKDeZYXz-JTCqGq_hSMzrRIVsh6yP7xKt9q5yOBdM1OwfF2bCr0cb2AG9pHMMykwoRVeBLdx9aiflhpOm8l8IzwYavI0fSHQwHJ5ZhnN9cj8xEwx45Mb13iG9NC8b2mZJYwUEl3OS1ZgXNMpZHO1rhgIPIZnjxd4PGlNba3WWXlzLw3J4hjAADDiJPQE.uPULmM20D6pBIiNrgw-hLClMzLd2A99vi8NokcVnOTQ&dib_tag=se&keywords=women+slides&qid=1782990436&sr=8-15,https://m.media-amazon.com/images/I/51cWuQbsCJL._AC_UL320_.jpg,45,排名进入前30；价格高于人民币等值¥288.00；评分达到4.3以上。
2026-07-02,amazon_us,product,search,women slides,31,PUMA,¥143.93,4.6,PUMA,,,,,,https://www.amazon.com/PUMA-Womens-Slide-Sandal-Black-Rose/dp/B0BXTXF7KB/ref=sr_1_20?dib=eyJ2IjoiMSJ9.wrqHnvIFpzxZDCy1gVq3f4lU1Vnrjhi4TbSLsbHbjD2aFFjqtuo5jyZZyFPRxf5T-DFqTE4rsRPQIkTtCm4-jQIypntXMixo50qzJJqeT9pgQGTgKDeZYXz-JTCqGq_hSMzrRIVsh6yP7xKt9q5yOBdM1OwfF2bCr0cb2AG9pHMMykwoRVeBLdx9aiflhpOm8l8IzwYavI0fSHQwHJ5ZhnN9cj8xEwx45Mb13iG9NC8b2mZJYwUEl3OS1ZgXNMpZHO1rhgIPIZnjxd4PGlNba3WWXlzLw3J4hjAADDiJPQE.uPULmM20D6pBIiNrgw-hLClMzLd2A99vi8NokcVnOTQ&dib_tag=se&keywords=women+slides&qid=1782990436&sr=8-20,https://m.media-amazon.com/images/I/619ZjmwISWL._AC_UL320_.jpg,45,排名进入前50；价格处于人民币等值¥57.60-¥180.00黄金区间；评分达到4.6以上。
2026-07-02,amazon_us,product,search,platform sandals women,1,4.4,,,4.4,,,,,,https://aax-us-east-retail-direct.amazon.com/x/c/JCjMtGkRtRjGCkWPnJ7O3V4AAAGfIoL4WAEAAAH2AQBvbm9fdHhuX2JpZDYgICBvbm9fdHhuX2ltcDEgICBvWBFX/clv1c_ek-IxYfWUsbaTQWEC8ozyO_ISb2bJne50nmKU08rFX12-K8HYpw8ph1FwznrM5l-ireqTOvnVVw3DS4j9UJ4vGVBznObiQC_NRhnry6H_Mh3ewGn3nmQ-Oz4_8lEBzAKAbYK_mqNq6UOST-EGF3u01HZhM1clVKSl93s41d6TQQeSnHZSqgRlR5tHCigczXr0pK92j87r6cKs6b8oc6F0kKplfeXDt9SNEdoKtP28URCD5C2vnqnCYe7sVVzsJtSF4wArHHvQlfb2Sz0HBIyqKChrl6eKVEXSdBbfSa9ySR32_fqH3IJkeSq2-7vLj3Tus8YRFysMTvXOUZUlxhJdjeqyY8lXWJArwHZoEeRrHCZxGb0ve1Zk6EKNHBqrd9kn4BBVYmr7mTk5LYRpvOD0wl9hDc9KE8C1UuNj3HKjQ_COaRTZ0WyCwGyRwo7sTzaIrGhUtESoFHIy9LofdlkngYmU3eX9MejSEJEDR6hdulYEQWXLeobdjG8W4G3nAAbN6znv1pBuxnLT_buty3HVu8TfnscrdordvTn4MOV4QfaqdJKiKsBJydX7i_nFY1o4p0YN8cxhyon99XmI2txiXiFJeDiQSmDAzfP5DYoM5mzvYnH4YkxDedUSAaiMswe9Q7-qLcAlBTfqwx654wXuNQ67aSc8q6BEJ7v_E80aFbMVU5PJ6MDNIoNBtba0Dm8iF87Ol1DJjnVuPgoGgQCWR1zRFo-GuaKQpEveia6QU_dJ3q2YKBtsIqHxR9iDfXv7JEe3Jc6aselzYCq31s7gRYJ5wG7GFGKoStdunVi_6vE_bF0_QDVa1J_KLFwwIPOuw4B_SV64kOs4XEUrRLzbQQ8v9-HDK0He2Cui6uNBS4ShgOWeb0Li5nENEZbx9fKJ-4YPXBJxcYoIFAjqSt0uSVKzQxZ9V9w6JeZmStPxTM2bHSb5JeLMQ0QU1wkEUfE4nhZ2RexMN-XldFoSGO0XiMmEHsDoe4Q9zQGUGldYSCUF3OU2sCxycL9AZQ5N2-OXWxGUTHPiFUkNJvM2C79AzN_HUMLNMKQQ0b3mNOzvlg0iNrCxNSX3GjygH-IV9JzX1nM3GPuTbD-9ceEcrXTnA_g3V5_3onCvWcfr1UZN7f6Lu40XNOIDm6wKWpfVyn2yTGogDrzfq8BtotojuwWZRPqyDTPIYL_88h7CUDM2h3p6lmocBaEyuOhey099Bd8i6mVufytPdPGjFfBPnW07Oxx7eD6yuaKHyZYBEtRKWfhDk08RI-GuG79pz0cxLDmXtFcIqYNSnD5m-XtSPLoCX7ZsEwuWBk0VRSgdEcxNRww0KDCzBHBfHTU_bqY7LEICkvh9UO5AzhkEXGBeyEut8lQPVeO35nWrxjZXqQD1dWmaHELxpmfhdzCAYR0C4EDO3TjTtm03quybO6NLqoFiGTWAonvLMv0kFBf83D4tJv_lkVaeoLqM6BDGgOzQzauTHizAI_qI5z2gxIeRWajTWzJuMbWCr8zeiWSDSj9N90DCNLIFRsrxnZBQv0XXMed8yBjBdXN2Oe8GSdI9tjj4CE3A1ltgfnGzfjvEDReVKZgrzm4eQyueOPj0H6DQlw/https://www.amazon.com/dp/B0FWTW4495/?_encoding=UTF8&pd_rd_i=B0FWTW4495&ref_=sbx_be_s_sparkle_ssd_img&qid=1782990436&pd_rd_w=EP1bJ&content-id=amzn1.sym.2fb72bc8-96ef-420d-b08f-c04b69f36507%3Aamzn1.sym.2fb72bc8-96ef-420d-b08f-c04b69f36507&pf_rd_p=2fb72bc8-96ef-420d-b08f-c04b69f36507&pf_rd_r=WNNH2DVV4WMZMPR2PCP6&pd_rd_wg=ktm4s&pd_rd_r=a6891378-3d62-4b2e-ae45-096776f6f621&pd_rd_plhdr=t,"https://m.media-amazon.com/images/I/41nzurz+P6L._AC_SR250,250_QL65_.jpg",45,排名靠前。
2026-07-02,amazon_us,product,search,platform sandals women,11,CUSHIONAIRE Pool Slides for Women Water Resistant Double Buckle Adjustable Slip-On Womens Sandals for Beach Shower Casual Wear CUSHIONAIRE Pool Slides for Women Water Resistant Double Buckle Adjustable Slip-On Womens Sandals for Be…,¥323.93,4,4,,,,,,https://aax-us-east-retail-direct.amazon.com/x/c/JCc4UOFPV--lO4MbPXEOAKoAAAGfIoL4SQEAAAH2AQBvbm9fdHhuX2JpZDUgICBvbm9fdHhuX2ltcDEgICA1hNAJ/clv1c_ek-wBPHXFbbWzjK3YoscrxfcOWxCnjqP7-0CUpDnFUkScXyzONh_xxIZ4WCj3AhujQmFV-uPHgDERi62qHKEkWGKcfPXmlO7Oj7hCtiJ1K-6a5RiFLNPl3xZ4f1e8hohnxUa5ty02LmlUixRGv576dPf4NydhF1qq1QxDTUlwp4Twbtv345077kLBYy2rql0CM0Q50pKJV-QhYXOF8hHk0ERu120juSnHI0L3XAFZDOidme2l8eMTB0KBWWpDy6nA2OsH-rfVlR3xz3wqT7y9Vd7GPqCPTCRzxp2U6Ou5q-vFda_ftLXl97q95QB1wdG8dtFVORJVpApL1z88dwQVTaFliJZlEBbWdjS8GogUdfh5KG3XcDYY6Kr-ISPyqZF07NweNrweWTADcvqGn4FAnyDF8g5JyWgpR2ZLECiAbzel0ksWeUCmkvioJPIMj2xQ2oppvIuwI1hb-kzqFCAMC227fEJqk6QPMY0YBN8uG3IdXlxJlTT5xXDIQpgcnTkl0G3wQRqO0sg_yYisoNWnfmvz2aeLiPHjVXzmxvSHXg7jaJtNkRIpupIYsyEeDya7QDzBi_8pPpf0pkUqymz_wnFE8052xj9UfHj01yPhxoHXl_-q4gDFD-3WQ_PBcpBrIJyh8FpeInH0jOgZ69LuShYIb6PYp8ZAvj81znjnX5Ph3RVfDxfvXKRJ_TXxT1UXXoHdyjM0dXYIebSg8OH19BeQAwPAA9FQBxwoCeAyH14xniSo8xG7ujTIgdxBg_PoIFsY8aZgz-xnjmvjFyUWz9qdZNmBSLz9j5UJMi6byD68f2X4SJ4Y7DNLtVCg7sqlAK_q4oNXq5HG81jtt-_u2mbvSanLUXgCFdouyzVdFEKIN35qkAZO2haeLSVdfepJd_VRe8XvuScvrG6mB_8fgveR2PLReKdJ_0phLwtu5wtylq0sgPyT6vtd_rp61hRHjU5Thy3seguki5OslhrR8VimqVgPUZoBXRMNHdFGJFnJyTaxzB-PipkSse2BzryWNTjZpD-YBg4A_v0X6LLxu201oYL04166BJO8MFT74rMv0Hlf2ER2KeN9q377rx5mBoDMRN26dZQhSnA7moYrKf_w384eatGlzqKEBQLVXMYuX1ByNXdiNax2-n6PBo5M_qJjaQqV5cBqs-kf1VR6DMWhhJBUsRm-hzliixEgvP2XyRLRI7Obd-5o96uu34S_zCxJEyILXCN-9Qbzg5f2Z_RKVXazNjYyjPD2M3w91x4Lw2ngfTrDK-O__avf80Din8ztWqkE59DBpGh34NYKk__KE4oBuGrSZgN4S5h_NdWvm8ZIersj96sWvCwU-uEq0eyoKN4q1KYARBubvQ5EuM628SRtmoP0MtySOTEloXztQk7Ib2msr-xXAuOOtBIHOLoFsqmfdD3vItngDd95SW11OlJ0jYphkJLCcVEBOuhaQGlFgSj3Y9aH05D41p-CER9w9ktk3elz8GCQ3LFftBTGgH3wDSi7HTNJkPkqSB8y__VZ6loNiHzeN6h6eQyfqFQcwmcS8xbtRrx5lsjz0InMa1yyOwjW0g_jlTxk_4obBvxbGf4yVqkg0BbBhJx0MFTPTORmufrMj_Ef6GkpVmKKvMndGAztKgGo0wBm_P1rMVK04iRMAmMaI10lDAkJW4Vi3FQX05ZwBSmQxS7rT7jcxJ4Ibx-S3sSf2LOxA/https://www.amazon.com/gp/aw/d/B0FCZTW66W/?_encoding=UTF8&pd_rd_plhdr=t&aaxitk=5ba5259cdd41489b62ef0207eef11481&hsa_cr_id=0&qid=1782990436&sr=1-3-f02f01d6-adaf-4bef-9a7c-29308eff9043&ref_=sbx__sbtcd2_asin_2_bkgd&pd_rd_w=A5FK3&content-id=amzn1.sym.5159d9cb-0665-4a83-8f64-8881eaba312a%3Aamzn1.sym.5159d9cb-0665-4a83-8f64-8881eaba312a&pf_rd_p=5159d9cb-0665-4a83-8f64-8881eaba312a&pf_rd_r=WNNH2DVV4WMZMPR2PCP6&pd_rd_wg=RT4Uk&pd_rd_r=0035b7a9-d5b5-43a6-a32c-3681360a4424,"https://m.media-amazon.com/images/I/81lNbpr-lkL._AC_SR322,134_CB1169409_QL70_.jpg",45,排名进入前30；价格高于人民币等值¥288.00；标题包含 beach，符合美国女鞋舒适化趋势；评分达到4.0以上。
2026-07-02,amazon_us,product,search,platform sandals women,25,DREAM PAIRS,¥309.53,4.5,DREAM PAIRS,,,,,,https://www.amazon.com/DREAM-PAIRS-Adjustable-Lightweight-Waterproof/dp/B0G1RBS19X/ref=sr_1_9?dib=eyJ2IjoiMSJ9.b40a7B90wYxMAM79Sxswy9CaSBvT-Au8SyrrYgI-JCANtM1nqubAolqvyV0CV8kCf3SEZd3I5OvYncpX2A4ywbf-3o9OYmKnuegtM5sA4E0pJ6Lv8ggvruC99I6VsCZ8dgkErL6SQDXYb-fzNSPp3x281F7XSxhL3DSG-4cUTuxXm3yp7QJFYadEV3A345xBeopkFq31LijhcDbMIQXP4mAl3b4aEYqhRHJbo8v23BW0Is7xRQScAZnTK3XQNqZRfoM4nQGR07_OnglSYuh_Uo-A34GOPuggRSuU61IcLic.-kQJ8ILaxefTnBWCC5ZAN1fd3s-W0ILBbigpP4vzO0I&dib_tag=se&keywords=platform+sandals+women&qid=1782990436&sr=8-9,https://m.media-amazon.com/images/I/61VKPpZxLML._AC_UL320_.jpg,45,排名进入前30；价格高于人民币等值¥288.00；评分达到4.3以上。
2026-07-02,amazon_us,product,search,platform sandals women,27,REEF,¥431.71,4.4,REEF,,,,,,https://www.amazon.com/REEF-Higher-Womens-Platform-Adjustable/dp/B0D9HYMNMN/ref=sr_1_11?dib=eyJ2IjoiMSJ9.b40a7B90wYxMAM79Sxswy9CaSBvT-Au8SyrrYgI-JCANtM1nqubAolqvyV0CV8kCf3SEZd3I5OvYncpX2A4ywbf-3o9OYmKnuegtM5sA4E0pJ6Lv8ggvruC99I6VsCZ8dgkErL6SQDXYb-fzNSPp3x281F7XSxhL3DSG-4cUTuxXm3yp7QJFYadEV3A345xBeopkFq31LijhcDbMIQXP4mAl3b4aEYqhRHJbo8v23BW0Is7xRQScAZnTK3XQNqZRfoM4nQGR07_OnglSYuh_Uo-A34GOPuggRSuU61IcLic.-kQJ8ILaxefTnBWCC5ZAN1fd3s-W0ILBbigpP4vzO0I&dib_tag=se&keywords=platform+sandals+women&qid=1782990436&sr=8-11,https://m.media-amazon.com/images/I/51WBYuiSZiL._AC_UL320_.jpg,45,排名进入前30；价格高于人民币等值¥288.00；评分达到4.3以上。
2026-07-02,amazon_us,product,best_sellers,Best Sellers Women Sandals,35,"Reef Cushion Vista Hi Womens Platform Fashion Sandal, Arch Support, Ultra Soft Cushion Footbed",,4.4,$49.23,,,,,,https://www.amazon.com/Reef-Sandals-Cushion-Platform-Footbed/dp/B07WWTCM9T/ref=zg_bs_g_679425011_d_sccl_35/144-8125776-6072209?psc=1,"https://images-na.ssl-images-amazon.com/images/I/61Uv1VDRdFL._AC_UL300_SR300,200_.jpg",44,排名进入前50；标题包含 platform、arch support、soft，符合美国女鞋舒适化趋势；评分达到4.3以上。
2026-07-02,amazon_us,product,new_releases,New Releases Women Sandals,30,CUSHIONAIRE Chica Espadrille Wedge Sandals for Women Slip On Closed Toe Women Shoes with Elastic Straps and Stylish Everyday Comfort,,3.8,$49.99,,,,,,https://www.amazon.com/CUSHIONAIRE-Espadrille-Sandals-Elastic-Everyday/dp/B0GZ8BPDHY/ref=zg_bsnr_g_679425011_d_sccl_30/146-3742404-1051655?psc=1,"https://images-na.ssl-images-amazon.com/images/I/81A0k0gSvYL._AC_UL600_SR600,400_.jpg",44,排名进入前30；标题包含 comfort、wedge，符合美国女鞋舒适化趋势。
2026-07-02,amazon_us,product,search,women summer slippers,38,Open Toe Summer Slippers for Women - Arch Support Comfy & Cute Slip-On Indoor/Outdoor House Slippers with Non-Slip TPR Outsole,¥187.13,4.0,"Price, product page $25.99 $ 25 . 99",,,,,,https://www.amazon.com/SaDuck-Summer-Slippers-Women-Slip/dp/B0GLNVHZ5M/ref=sr_1_29?dib=eyJ2IjoiMSJ9.NubgJ1RLlNFHfLGC5PuwuUeiPbkuWycliQru95aUAu6ZqaZC1y8Xjd0vU12TOw2RkEl7NTQG4tI5FLxZhuogz_qmuE3nNUg6SOWMP6znb2ASpWlJYFcVhFNNQruZasjtrzJlgmH387htOHSym6lY_lRDg8yu1FhGtAS_Uk8AqmndlVyLwslU4VDbpSs2AgDucdKDpkKZQrUin2D9O0MCbOl-E9VtUdKJEENli3eSXpQlQEqpiJmv1i_tH17duoECXuJXbEVR9Qm1IEj7TY69MHXbzKcGxxByqyVx669V5mk.U140NrtpQF9DQGXC4o2Is8ccqvNUg6Q69j8BZdSfNmk&dib_tag=se&keywords=women+summer+slippers&qid=1782990434&sr=8-29,https://m.media-amazon.com/images/I/71LNEIAFQiL._AC_UL320_.jpg,43,排名进入前50；价格处于人民币等值¥180.00-¥288.00区间；标题包含 arch support、summer，符合美国女鞋舒适化趋势；评分达到4.0以上。
2026-07-02,amazon_us,product,best_sellers,Best Sellers Women Sandals,15,Joomra Pillow Slippers for Women and Men Non Slip Quick Drying Shower Slides Bathroom Sandals | Ultra Cushion | Thick Sole,,4.3,$20.34,,,,,,https://www.amazon.com/Joomra-Slippers-Massage-Bathroom-Platform/dp/B09652VJP1/ref=zg_bs_g_679425011_d_sccl_15/144-8125776-6072209?psc=1,"https://images-na.ssl-images-amazon.com/images/I/71pkhgTTRXL._AC_UL600_SR600,400_.jpg",42,排名进入前30；评分达到4.3以上。
2026-07-02,amazon_us,product,best_sellers,Best Sellers Women Sandals,16,WHITIN Slippers for Women Non Slip | Cushioned Thick Sole Slides | Quick Drying Bathroom Sandals,,4.4,$9.99,,,,,,https://www.amazon.com/WHITIN-Slippers-Sandals-Fashionable-Lightweight/dp/B0C1C3MKLF/ref=zg_bs_g_679425011_d_sccl_16/144-8125776-6072209?psc=1,"https://images-na.ssl-images-amazon.com/images/I/71nA8egRirL._AC_UL600_SR600,400_.jpg",42,排名进入前30；评分达到4.3以上。
2026-07-02,amazon_us,product,best_sellers,Best Sellers Women Sandals,20,Havaianas Women's Slim Square Solid Flip Flops,,4.3,$32.00,,,,,,https://www.amazon.com/Havaianas-Womens-Square-Solid-Medium/dp/B0BBPX6J6F/ref=zg_bs_g_679425011_d_sccl_20/144-8125776-6072209?psc=1,"https://images-na.ssl-images-amazon.com/images/I/519tF5UFGFL._AC_UL600_SR600,400_.jpg",42,排名进入前30；评分达到4.3以上。
2026-07-02,amazon_us,product,best_sellers,Best Sellers Women Sandals,29,REEF Womens Bliss Nights Flip Flop,,4.3,$34.99,,,,,,https://www.amazon.com/Reef-Womens-Bliss-Nights-Flip-Flop/dp/B01GQO5292/ref=zg_bs_g_679425011_d_sccl_29/144-8125776-6072209?psc=1,"https://images-na.ssl-images-amazon.com/images/I/51QnLKsP3vL._AC_UL600_SR600,400_.jpg",42,排名进入前30；评分达到4.3以上。
2026-07-02,amazon_us,product,new_releases,New Releases Women Sandals,22,iiimmu 3.5 IN Stiletto Mules High Heels with Pointed Peep Toe Heeled Sandals Faux Leather,,4.4,$49.99,,,,,,https://www.amazon.com/iiimmu-Black-Stiletto-Heels-3-5/dp/B0GXFC6FW2/ref=zg_bsnr_g_679425011_d_sccl_22/146-3742404-1051655?psc=1,"https://images-na.ssl-images-amazon.com/images/I/71Yh8ITyR9L._AC_UL600_SR600,400_.jpg",42,排名进入前30；评分达到4.3以上。
2026-07-02,amazon_us,product,search,women summer slippers,34,FITORY,¥143.71,4.3,FITORY,,,,,,https://www.amazon.com/FITORY-Sandals-Fashion-Leather-Slippers/dp/B0BN3GQFKN/ref=sr_1_25?dib=eyJ2IjoiMSJ9.NubgJ1RLlNFHfLGC5PuwuUeiPbkuWycliQru95aUAu6ZqaZC1y8Xjd0vU12TOw2RkEl7NTQG4tI5FLxZhuogz_qmuE3nNUg6SOWMP6znb2ASpWlJYFcVhFNNQruZasjtrzJlgmH387htOHSym6lY_lRDg8yu1FhGtAS_Uk8AqmndlVyLwslU4VDbpSs2AgDucdKDpkKZQrUin2D9O0MCbOl-E9VtUdKJEENli3eSXpQlQEqpiJmv1i_tH17duoECXuJXbEVR9Qm1IEj7TY69MHXbzKcGxxByqyVx669V5mk.U140NrtpQF9DQGXC4o2Is8ccqvNUg6Q69j8BZdSfNmk&dib_tag=se&keywords=women+summer+slippers&qid=1782990434&sr=8-25,https://m.media-amazon.com/images/I/61cA2WpKDqL._AC_UL320_.jpg,42,排名进入前50；价格处于人民币等值¥57.60-¥180.00黄金区间；评分达到4.3以上。
2026-07-02,amazon_us,product,search,women summer slippers,39,Scurtain,¥86.33,4.3,Scurtain,,,,,,https://www.amazon.com/Summer-Slippers-Shower-Travel-Rubber/dp/B0CPXMZLHM/ref=sr_1_30?dib=eyJ2IjoiMSJ9.NubgJ1RLlNFHfLGC5PuwuUeiPbkuWycliQru95aUAu6ZqaZC1y8Xjd0vU12TOw2RkEl7NTQG4tI5FLxZhuogz_qmuE3nNUg6SOWMP6znb2ASpWlJYFcVhFNNQruZasjtrzJlgmH387htOHSym6lY_lRDg8yu1FhGtAS_Uk8AqmndlVyLwslU4VDbpSs2AgDucdKDpkKZQrUin2D9O0MCbOl-E9VtUdKJEENli3eSXpQlQEqpiJmv1i_tH17duoECXuJXbEVR9Qm1IEj7TY69MHXbzKcGxxByqyVx669V5mk.U140NrtpQF9DQGXC4o2Is8ccqvNUg6Q69j8BZdSfNmk&dib_tag=se&keywords=women+summer+slippers&qid=1782990434&sr=8-30,https://m.media-amazon.com/images/I/81+JWdhjj5L._AC_UL320_.jpg,42,排名进入前50；价格处于人民币等值¥57.60-¥180.00黄金区间；评分达到4.3以上。
2026-07-02,amazon_us,product,search,women summer slippers,40,Joomra,¥146.52,4.3,Joomra,,,,,,https://www.amazon.com/Joomra-Slippers-Massage-Cushioned-Bathroom/dp/B09C1RFQ87/ref=sr_1_31?dib=eyJ2IjoiMSJ9.NubgJ1RLlNFHfLGC5PuwuUeiPbkuWycliQru95aUAu6ZqaZC1y8Xjd0vU12TOw2RkEl7NTQG4tI5FLxZhuogz_qmuE3nNUg6SOWMP6znb2ASpWlJYFcVhFNNQruZasjtrzJlgmH387htOHSym6lY_lRDg8yu1FhGtAS_Uk8AqmndlVyLwslU4VDbpSs2AgDucdKDpkKZQrUin2D9O0MCbOl-E9VtUdKJEENli3eSXpQlQEqpiJmv1i_tH17duoECXuJXbEVR9Qm1IEj7TY69MHXbzKcGxxByqyVx669V5mk.U140NrtpQF9DQGXC4o2Is8ccqvNUg6Q69j8BZdSfNmk&dib_tag=se&keywords=women+summer+slippers&qid=1782990434&sr=8-31,https://m.media-amazon.com/images/I/61-Aatjne0L._AC_UL320_.jpg,42,排名进入前50；价格处于人民币等值¥57.60-¥180.00黄金区间；评分达到4.3以上。
2026-07-02,amazon_us,product,search,women summer slippers,43,RockDove,¥102.46,4.4,RockDove,,,,,,https://www.amazon.com/RockDove-Original-Two-Tone-Slipper-Eggplant/dp/B08RNBR2L8/ref=sr_1_34?dib=eyJ2IjoiMSJ9.NubgJ1RLlNFHfLGC5PuwuUeiPbkuWycliQru95aUAu6ZqaZC1y8Xjd0vU12TOw2RkEl7NTQG4tI5FLxZhuogz_qmuE3nNUg6SOWMP6znb2ASpWlJYFcVhFNNQruZasjtrzJlgmH387htOHSym6lY_lRDg8yu1FhGtAS_Uk8AqmndlVyLwslU4VDbpSs2AgDucdKDpkKZQrUin2D9O0MCbOl-E9VtUdKJEENli3eSXpQlQEqpiJmv1i_tH17duoECXuJXbEVR9Qm1IEj7TY69MHXbzKcGxxByqyVx669V5mk.U140NrtpQF9DQGXC4o2Is8ccqvNUg6Q69j8BZdSfNmk&dib_tag=se&keywords=women+summer+slippers&qid=1782990434&sr=8-34,https://m.media-amazon.com/images/I/81Xsn-EWKyL._AC_UL320_.jpg,42,排名进入前50；价格处于人民币等值¥57.60-¥180.00黄金区间；评分达到4.3以上。
2026-07-02,amazon_us,product,search,women summer slippers,47,Weweya,¥71.93,4.4,Weweya,,,,,,https://www.amazon.com/Weweya-Shower-Non-Slip-Outdoor-Sandals/dp/B0F1XTPHY8/ref=sr_1_38?dib=eyJ2IjoiMSJ9.NubgJ1RLlNFHfLGC5PuwuUeiPbkuWycliQru95aUAu6ZqaZC1y8Xjd0vU12TOw2RkEl7NTQG4tI5FLxZhuogz_qmuE3nNUg6SOWMP6znb2ASpWlJYFcVhFNNQruZasjtrzJlgmH387htOHSym6lY_lRDg8yu1FhGtAS_Uk8AqmndlVyLwslU4VDbpSs2AgDucdKDpkKZQrUin2D9O0MCbOl-E9VtUdKJEENli3eSXpQlQEqpiJmv1i_tH17duoECXuJXbEVR9Qm1IEj7TY69MHXbzKcGxxByqyVx669V5mk.U140NrtpQF9DQGXC4o2Is8ccqvNUg6Q69j8BZdSfNmk&dib_tag=se&keywords=women+summer+slippers&qid=1782990434&sr=8-38,https://m.media-amazon.com/images/I/61QGXLFgg+L._AC_UL320_.jpg,42,排名进入前50；价格处于人民币等值¥57.60-¥180.00黄金区间；评分达到4.3以上。
2026-07-02,amazon_us,product,search,women slides,37,KIDMI,¥158.33,4.5,KIDMI,,,,,,https://www.amazon.com/KIDMI-Genuine-Sandals-Footbed-Adjustable/dp/B0DQH21M77/ref=sr_1_26?dib=eyJ2IjoiMSJ9.wrqHnvIFpzxZDCy1gVq3f4lU1Vnrjhi4TbSLsbHbjD2aFFjqtuo5jyZZyFPRxf5T-DFqTE4rsRPQIkTtCm4-jQIypntXMixo50qzJJqeT9pgQGTgKDeZYXz-JTCqGq_hSMzrRIVsh6yP7xKt9q5yOBdM1OwfF2bCr0cb2AG9pHMMykwoRVeBLdx9aiflhpOm8l8IzwYavI0fSHQwHJ5ZhnN9cj8xEwx45Mb13iG9NC8b2mZJYwUEl3OS1ZgXNMpZHO1rhgIPIZnjxd4PGlNba3WWXlzLw3J4hjAADDiJPQE.uPULmM20D6pBIiNrgw-hLClMzLd2A99vi8NokcVnOTQ&dib_tag=se&keywords=women+slides&qid=1782990436&sr=8-26,https://m.media-amazon.com/images/I/81JaarSAG2L._AC_UL320_.jpg,42,排名进入前50；价格处于人民币等值¥57.60-¥180.00黄金区间；评分达到4.3以上。
2026-07-02,amazon_us,product,search,women slides,40,mazeskin,¥71.93,4.4,mazeskin,,,,,,https://www.amazon.com/mazeskin-Womens-Comfortable-Sandals-Leather/dp/B0F32KMZ18/ref=sr_1_29?dib=eyJ2IjoiMSJ9.wrqHnvIFpzxZDCy1gVq3f4lU1Vnrjhi4TbSLsbHbjD2aFFjqtuo5jyZZyFPRxf5T-DFqTE4rsRPQIkTtCm4-jQIypntXMixo50qzJJqeT9pgQGTgKDeZYXz-JTCqGq_hSMzrRIVsh6yP7xKt9q5yOBdM1OwfF2bCr0cb2AG9pHMMykwoRVeBLdx9aiflhpOm8l8IzwYavI0fSHQwHJ5ZhnN9cj8xEwx45Mb13iG9NC8b2mZJYwUEl3OS1ZgXNMpZHO1rhgIPIZnjxd4PGlNba3WWXlzLw3J4hjAADDiJPQE.uPULmM20D6pBIiNrgw-hLClMzLd2A99vi8NokcVnOTQ&dib_tag=se&keywords=women+slides&qid=1782990436&sr=8-29,https://m.media-amazon.com/images/I/71jV8GHPNSL._AC_UL320_.jpg,42,排名进入前50；价格处于人民币等值¥57.60-¥180.00黄金区间；评分达到4.3以上。
2026-07-02,amazon_us,product,new_releases,New Releases Women Sandals,13,"CUSHIONAIRE Caper Jelly Sandals for Women, Comfortable Womens Slides with Cushioned Footbed and Wide Widths Available",,3.6,$39.99,,,,,,https://www.amazon.com/CUSHIONAIRE-Sandals-Comfortable-Cushioned-Available/dp/B0GXKC2VLN/ref=zg_bsnr_g_679425011_d_sccl_13/146-3742404-1051655?psc=1,"https://images-na.ssl-images-amazon.com/images/I/71jXtJ3qqEL._AC_UL600_SR600,400_.jpg",41,排名进入前30；标题包含 comfort，符合美国女鞋舒适化趋势。
2026-07-02,amazon_us,product,new_releases,New Releases Women Sandals,16,"CUSHIONAIRE Tropic Thong Jelly Flip Flops for Women with Square Toe and Wide Strap Design, Comfortable Lightweight Womens Sandals",,3.2,$34.99,,,,,,https://www.amazon.com/CUSHIONAIRE-Comfortable-Lightweight-Sandals-TORTOISE/dp/B0H2FP1P95/ref=zg_bsnr_g_679425011_d_sccl_16/146-3742404-1051655?psc=1,"https://images-na.ssl-images-amazon.com/images/I/71r1GbHxUpL._AC_UL600_SR600,400_.jpg",41,排名进入前30；标题包含 comfort，符合美国女鞋舒适化趋势。
2026-07-02,amazon_us,product,search,women summer slippers,35,Summer Sandals For Woman 2026 Comfortable Slip On Breathable Hollow Mesh Casual Beach Slippers Orthopedic Shoes,,3.8,,,,,,,https://www.amazon.com/dyiozbga-Comfortable-Breathable-Orthopedic-Lightweight/dp/B0G6L2RHZG/ref=sr_1_26?dib=eyJ2IjoiMSJ9.NubgJ1RLlNFHfLGC5PuwuUeiPbkuWycliQru95aUAu6ZqaZC1y8Xjd0vU12TOw2RkEl7NTQG4tI5FLxZhuogz_qmuE3nNUg6SOWMP6znb2ASpWlJYFcVhFNNQruZasjtrzJlgmH387htOHSym6lY_lRDg8yu1FhGtAS_Uk8AqmndlVyLwslU4VDbpSs2AgDucdKDpkKZQrUin2D9O0MCbOl-E9VtUdKJEENli3eSXpQlQEqpiJmv1i_tH17duoECXuJXbEVR9Qm1IEj7TY69MHXbzKcGxxByqyVx669V5mk.U140NrtpQF9DQGXC4o2Is8ccqvNUg6Q69j8BZdSfNmk&dib_tag=se&keywords=women+summer+slippers&qid=1782990434&sr=8-26,https://m.media-amazon.com/images/I/71yJlD7GxHL._AC_UL320_.jpg,40,排名进入前50；标题包含 orthopedic、comfort、beach、summer，符合美国女鞋舒适化趋势。
2026-07-02,amazon_us,product,search,women slides,45,Nike,¥252.00,4.6,Nike,,,,,,https://www.amazon.com/Nike-Womens-Gymnastics-White-Black/dp/B08Q8RRJ5H/ref=sr_1_34?dib=eyJ2IjoiMSJ9.wrqHnvIFpzxZDCy1gVq3f4lU1Vnrjhi4TbSLsbHbjD2aFFjqtuo5jyZZyFPRxf5T-DFqTE4rsRPQIkTtCm4-jQIypntXMixo50qzJJqeT9pgQGTgKDeZYXz-JTCqGq_hSMzrRIVsh6yP7xKt9q5yOBdM1OwfF2bCr0cb2AG9pHMMykwoRVeBLdx9aiflhpOm8l8IzwYavI0fSHQwHJ5ZhnN9cj8xEwx45Mb13iG9NC8b2mZJYwUEl3OS1ZgXNMpZHO1rhgIPIZnjxd4PGlNba3WWXlzLw3J4hjAADDiJPQE.uPULmM20D6pBIiNrgw-hLClMzLd2A99vi8NokcVnOTQ&dib_tag=se&keywords=women+slides&qid=1782990436&sr=8-34,https://m.media-amazon.com/images/I/51npEYHZuAL._AC_UL320_.jpg,40,排名进入前50；价格处于人民币等值¥180.00-¥288.00区间；评分达到4.6以上。
2026-07-02,amazon_us,product,search,platform sandals women,46,UBFEN,¥287.86,4.7,UBFEN,,,,,,https://www.amazon.com/UBFEN-Womens-Espadrille-Platform-Sandals/dp/B0G6YZGM42/ref=sr_1_30?dib=eyJ2IjoiMSJ9.b40a7B90wYxMAM79Sxswy9CaSBvT-Au8SyrrYgI-JCANtM1nqubAolqvyV0CV8kCf3SEZd3I5OvYncpX2A4ywbf-3o9OYmKnuegtM5sA4E0pJ6Lv8ggvruC99I6VsCZ8dgkErL6SQDXYb-fzNSPp3x281F7XSxhL3DSG-4cUTuxXm3yp7QJFYadEV3A345xBeopkFq31LijhcDbMIQXP4mAl3b4aEYqhRHJbo8v23BW0Is7xRQScAZnTK3XQNqZRfoM4nQGR07_OnglSYuh_Uo-A34GOPuggRSuU61IcLic.-kQJ8ILaxefTnBWCC5ZAN1fd3s-W0ILBbigpP4vzO0I&dib_tag=se&keywords=platform+sandals+women&qid=1782990436&sr=8-30,https://m.media-amazon.com/images/I/71hqwCz4-2L._AC_UL320_.jpg,40,排名进入前50；价格处于人民币等值¥180.00-¥288.00区间；评分达到4.6以上。
2026-07-02,amazon_us,product,best_sellers,Best Sellers Women Sandals,39,COFACE Womens Fashion Orthotic Flip Flops Ladies Slip On Lightweight Athletic Yoga Mat Cushion Thong Sandals With Comfortable Plantar Fasciitis Arch Support,,4.3,$25.99,,,,,,https://www.amazon.com/COFACE-Orthotic-Athletic-FlipFlops-Fasciitis/dp/B09ZKZW1LR/ref=zg_bs_g_679425011_d_sccl_39/144-8125776-6072209?psc=1,"https://images-na.ssl-images-amazon.com/images/I/71wrTj6AkpL._AC_UL300_SR300,200_.jpg",39,排名进入前50；标题包含 comfort、arch support，符合美国女鞋舒适化趋势；评分达到4.3以上。
2026-07-02,amazon_us,product,best_sellers,Best Sellers Women Sandals,40,"shevalues Women's Slim Square Toe Flip Flops Comfortable Summer Rubber Thong Sandals for Beach, Shower & Pool",,4.5,$10.80,,,,,,https://www.amazon.com/shevalues-Womens-Square-Comfortable-Sandals/dp/B0G64DTLDF/ref=zg_bs_g_679425011_d_sccl_40/144-8125776-6072209?psc=1,"https://images-na.ssl-images-amazon.com/images/I/81q2hMbe+BL._AC_UL300_SR300,200_.jpg",39,排名进入前50；标题包含 comfort、beach、summer，符合美国女鞋舒适化趋势；评分达到4.3以上。
2026-07-02,amazon_us,product,new_releases,New Releases Women Sandals,17,"CUSHIONAIRE Shana Clear Jelly Strap Heels for Women, Flared Kitten Heel Slide with Cushioned Footbed and Split Toe",,4.2,$49.99,,,,,,https://www.amazon.com/CUSHIONAIRE-Flared-Cushioned-Footbed-TORTOISE/dp/B0H2FNMRGH/ref=zg_bsnr_g_679425011_d_sccl_17/146-3742404-1051655?psc=1,"https://images-na.ssl-images-amazon.com/images/I/71YZfL+oAFL._AC_UL600_SR600,400_.jpg",39,排名进入前30；评分达到4.0以上。
2026-07-02,amazon_us,product,search,women summer slippers,31,Garonne,¥107.93,4.1,Garonne,,,,,,https://www.amazon.com/Garonne-Womens-Slippers-Bedroom-Outdoor/dp/B0F2H8K8BL/ref=sr_1_22?dib=eyJ2IjoiMSJ9.NubgJ1RLlNFHfLGC5PuwuUeiPbkuWycliQru95aUAu6ZqaZC1y8Xjd0vU12TOw2RkEl7NTQG4tI5FLxZhuogz_qmuE3nNUg6SOWMP6znb2ASpWlJYFcVhFNNQruZasjtrzJlgmH387htOHSym6lY_lRDg8yu1FhGtAS_Uk8AqmndlVyLwslU4VDbpSs2AgDucdKDpkKZQrUin2D9O0MCbOl-E9VtUdKJEENli3eSXpQlQEqpiJmv1i_tH17duoECXuJXbEVR9Qm1IEj7TY69MHXbzKcGxxByqyVx669V5mk.U140NrtpQF9DQGXC4o2Is8ccqvNUg6Q69j8BZdSfNmk&dib_tag=se&keywords=women+summer+slippers&qid=1782990434&sr=8-22,https://m.media-amazon.com/images/I/81Ts-c2v3fL._AC_UL320_.jpg,39,排名进入前50；价格处于人民币等值¥57.60-¥180.00黄金区间；评分达到4.0以上。
2026-07-02,amazon_us,product,search,women summer slippers,42,Wishcotton,¥105.05,4.2,Wishcotton,,,,,,https://www.amazon.com/Wishcotton-Womens-Adjustable-Memory-Slippers/dp/B079QKLSLQ/ref=sr_1_33?dib=eyJ2IjoiMSJ9.NubgJ1RLlNFHfLGC5PuwuUeiPbkuWycliQru95aUAu6ZqaZC1y8Xjd0vU12TOw2RkEl7NTQG4tI5FLxZhuogz_qmuE3nNUg6SOWMP6znb2ASpWlJYFcVhFNNQruZasjtrzJlgmH387htOHSym6lY_lRDg8yu1FhGtAS_Uk8AqmndlVyLwslU4VDbpSs2AgDucdKDpkKZQrUin2D9O0MCbOl-E9VtUdKJEENli3eSXpQlQEqpiJmv1i_tH17duoECXuJXbEVR9Qm1IEj7TY69MHXbzKcGxxByqyVx669V5mk.U140NrtpQF9DQGXC4o2Is8ccqvNUg6Q69j8BZdSfNmk&dib_tag=se&keywords=women+summer+slippers&qid=1782990434&sr=8-33,https://m.media-amazon.com/images/I/71WcFznX60L._AC_UL320_.jpg,39,排名进入前50；价格处于人民币等值¥57.60-¥180.00黄金区间；评分达到4.0以上。
2026-07-02,amazon_us,product,search,women summer slippers,45,FRALOSHA,¥85.39,4.2,FRALOSHA,,,,,,https://www.amazon.com/FRALOSHA-Slippers-Breathable-Outdoor-Sandals/dp/B07FSG6P3M/ref=sr_1_36?dib=eyJ2IjoiMSJ9.NubgJ1RLlNFHfLGC5PuwuUeiPbkuWycliQru95aUAu6ZqaZC1y8Xjd0vU12TOw2RkEl7NTQG4tI5FLxZhuogz_qmuE3nNUg6SOWMP6znb2ASpWlJYFcVhFNNQruZasjtrzJlgmH387htOHSym6lY_lRDg8yu1FhGtAS_Uk8AqmndlVyLwslU4VDbpSs2AgDucdKDpkKZQrUin2D9O0MCbOl-E9VtUdKJEENli3eSXpQlQEqpiJmv1i_tH17duoECXuJXbEVR9Qm1IEj7TY69MHXbzKcGxxByqyVx669V5mk.U140NrtpQF9DQGXC4o2Is8ccqvNUg6Q69j8BZdSfNmk&dib_tag=se&keywords=women+summer+slippers&qid=1782990434&sr=8-36,https://m.media-amazon.com/images/I/810Hfh0qwIL._AC_UL320_.jpg,39,排名进入前50；价格处于人民币等值¥57.60-¥180.00黄金区间；评分达到4.0以上。
2026-07-02,amazon_us,product,search,women slides,36,FUNKYMONKEY,¥136.73,4.1,FUNKYMONKEY,,,,,,https://www.amazon.com/FUNKYMONKEY-Comfort-Adjustable-Sandals-US-Women/dp/B07CV9YZBB/ref=sr_1_25?dib=eyJ2IjoiMSJ9.wrqHnvIFpzxZDCy1gVq3f4lU1Vnrjhi4TbSLsbHbjD2aFFjqtuo5jyZZyFPRxf5T-DFqTE4rsRPQIkTtCm4-jQIypntXMixo50qzJJqeT9pgQGTgKDeZYXz-JTCqGq_hSMzrRIVsh6yP7xKt9q5yOBdM1OwfF2bCr0cb2AG9pHMMykwoRVeBLdx9aiflhpOm8l8IzwYavI0fSHQwHJ5ZhnN9cj8xEwx45Mb13iG9NC8b2mZJYwUEl3OS1ZgXNMpZHO1rhgIPIZnjxd4PGlNba3WWXlzLw3J4hjAADDiJPQE.uPULmM20D6pBIiNrgw-hLClMzLd2A99vi8NokcVnOTQ&dib_tag=se&keywords=women+slides&qid=1782990436&sr=8-25,https://m.media-amazon.com/images/I/51o3wxcasIL._AC_UL320_.jpg,39,排名进入前50；价格处于人民币等值¥57.60-¥180.00黄金区间；评分达到4.0以上。
2026-07-02,amazon_us,product,new_releases,New Releases Women Sandals,37,Project Cloud Womens Sandals with Memory Foam - Eco Crafted Leather Sandals for Women 2026 - Flats - Non Slip & Comfortable Sandals Women (Lisa),,4.1,$39.90,,,,,,https://www.amazon.com/Project-Cloud-Womens-Sandals-Memory/dp/B0GY5PJFLC/ref=zg_bsnr_g_679425011_d_sccl_37/144-8125776-6072209?psc=1,"https://images-na.ssl-images-amazon.com/images/I/81U8JrVbpYL._AC_UL300_SR300,200_.jpg",38,排名进入前50；标题包含 cloud、comfort，符合美国女鞋舒适化趋势；评分达到4.0以上。
2026-07-02,amazon_us,product,search,platform sandals women,47,Project Cloud,¥359.28,4.3,Project Cloud,,,,,,https://www.amazon.com/Project-Cloud-Genuine-Platform-Footwear/dp/B0DNKP5ML3/ref=sr_1_31?dib=eyJ2IjoiMSJ9.b40a7B90wYxMAM79Sxswy9CaSBvT-Au8SyrrYgI-JCANtM1nqubAolqvyV0CV8kCf3SEZd3I5OvYncpX2A4ywbf-3o9OYmKnuegtM5sA4E0pJ6Lv8ggvruC99I6VsCZ8dgkErL6SQDXYb-fzNSPp3x281F7XSxhL3DSG-4cUTuxXm3yp7QJFYadEV3A345xBeopkFq31LijhcDbMIQXP4mAl3b4aEYqhRHJbo8v23BW0Is7xRQScAZnTK3XQNqZRfoM4nQGR07_OnglSYuh_Uo-A34GOPuggRSuU61IcLic.-kQJ8ILaxefTnBWCC5ZAN1fd3s-W0ILBbigpP4vzO0I&dib_tag=se&keywords=platform+sandals+women&qid=1782990436&sr=8-31,https://m.media-amazon.com/images/I/814Iw0hjcmL._AC_UL320_.jpg,38,排名进入前50；价格高于人民币等值¥288.00；标题包含 cloud，符合美国女鞋舒适化趋势；评分达到4.3以上。
2026-07-02,amazon_us,product,search,women summer slippers,48,Chantomoo,¥215.93,4.4,Chantomoo,,,,,,https://www.amazon.com/Chantomoo-Slippers-Bedroom-Corduroy-Crossbands/dp/B0C7H38YBT/ref=sr_1_39?dib=eyJ2IjoiMSJ9.NubgJ1RLlNFHfLGC5PuwuUeiPbkuWycliQru95aUAu6ZqaZC1y8Xjd0vU12TOw2RkEl7NTQG4tI5FLxZhuogz_qmuE3nNUg6SOWMP6znb2ASpWlJYFcVhFNNQruZasjtrzJlgmH387htOHSym6lY_lRDg8yu1FhGtAS_Uk8AqmndlVyLwslU4VDbpSs2AgDucdKDpkKZQrUin2D9O0MCbOl-E9VtUdKJEENli3eSXpQlQEqpiJmv1i_tH17duoECXuJXbEVR9Qm1IEj7TY69MHXbzKcGxxByqyVx669V5mk.U140NrtpQF9DQGXC4o2Is8ccqvNUg6Q69j8BZdSfNmk&dib_tag=se&keywords=women+summer+slippers&qid=1782990434&sr=8-39,https://m.media-amazon.com/images/I/711Z9Ju3AqL._AC_UL320_.jpg,37,排名进入前50；价格处于人民币等值¥180.00-¥288.00区间；评分达到4.3以上。
2026-07-02,amazon_us,product,search,women slides,34,Calvin Klein,¥224.21,4.5,Calvin Klein,,,,,,https://www.amazon.com/Calvin-Klein-Athens-Brown/dp/B091ZF5PQQ/ref=sr_1_23?dib=eyJ2IjoiMSJ9.wrqHnvIFpzxZDCy1gVq3f4lU1Vnrjhi4TbSLsbHbjD2aFFjqtuo5jyZZyFPRxf5T-DFqTE4rsRPQIkTtCm4-jQIypntXMixo50qzJJqeT9pgQGTgKDeZYXz-JTCqGq_hSMzrRIVsh6yP7xKt9q5yOBdM1OwfF2bCr0cb2AG9pHMMykwoRVeBLdx9aiflhpOm8l8IzwYavI0fSHQwHJ5ZhnN9cj8xEwx45Mb13iG9NC8b2mZJYwUEl3OS1ZgXNMpZHO1rhgIPIZnjxd4PGlNba3WWXlzLw3J4hjAADDiJPQE.uPULmM20D6pBIiNrgw-hLClMzLd2A99vi8NokcVnOTQ&dib_tag=se&keywords=women+slides&qid=1782990436&sr=8-23,https://m.media-amazon.com/images/I/71nyc3qEKeS._AC_UL320_.jpg,37,排名进入前50；价格处于人民币等值¥180.00-¥288.00区间；评分达到4.3以上。
2026-07-02,amazon_us,product,search,women slides,35,Crocs,¥287.64,4.5,Crocs,,,,,,https://www.amazon.com/Crocs-Getaway-Strappy-Sandals-Truffle/dp/B0D7VHLQFZ/ref=sr_1_24?dib=eyJ2IjoiMSJ9.wrqHnvIFpzxZDCy1gVq3f4lU1Vnrjhi4TbSLsbHbjD2aFFjqtuo5jyZZyFPRxf5T-DFqTE4rsRPQIkTtCm4-jQIypntXMixo50qzJJqeT9pgQGTgKDeZYXz-JTCqGq_hSMzrRIVsh6yP7xKt9q5yOBdM1OwfF2bCr0cb2AG9pHMMykwoRVeBLdx9aiflhpOm8l8IzwYavI0fSHQwHJ5ZhnN9cj8xEwx45Mb13iG9NC8b2mZJYwUEl3OS1ZgXNMpZHO1rhgIPIZnjxd4PGlNba3WWXlzLw3J4hjAADDiJPQE.uPULmM20D6pBIiNrgw-hLClMzLd2A99vi8NokcVnOTQ&dib_tag=se&keywords=women+slides&qid=1782990436&sr=8-24,https://m.media-amazon.com/images/I/41XlH+hu26L._AC_UL320_.jpg,37,排名进入前50；价格处于人民币等值¥180.00-¥288.00区间；评分达到4.3以上。
2026-07-02,amazon_us,product,search,platform sandals women,34,VICKI·VICKI,¥286.78,4.4,VICKI·VICKI,,,,,,https://www.amazon.com/VICKI%C2%B7VICKI-Womens-Platform-Sandals-Wedge/dp/B08B4VCB7H/ref=sr_1_18?dib=eyJ2IjoiMSJ9.b40a7B90wYxMAM79Sxswy9CaSBvT-Au8SyrrYgI-JCANtM1nqubAolqvyV0CV8kCf3SEZd3I5OvYncpX2A4ywbf-3o9OYmKnuegtM5sA4E0pJ6Lv8ggvruC99I6VsCZ8dgkErL6SQDXYb-fzNSPp3x281F7XSxhL3DSG-4cUTuxXm3yp7QJFYadEV3A345xBeopkFq31LijhcDbMIQXP4mAl3b4aEYqhRHJbo8v23BW0Is7xRQScAZnTK3XQNqZRfoM4nQGR07_OnglSYuh_Uo-A34GOPuggRSuU61IcLic.-kQJ8ILaxefTnBWCC5ZAN1fd3s-W0ILBbigpP4vzO0I&dib_tag=se&keywords=platform+sandals+women&qid=1782990436&sr=8-18,https://m.media-amazon.com/images/I/51Q0yOuTnXL._AC_UL320_.jpg,37,排名进入前50；价格处于人民币等值¥180.00-¥288.00区间；评分达到4.3以上。
2026-07-02,amazon_us,product,search,platform sandals women,42,mikarka,¥225.58,4.5,mikarka,,,,,,https://www.amazon.com/mikarka-Wedge-Sandals-Women-Comfortable/dp/B0DPMBZT18/ref=sr_1_26?dib=eyJ2IjoiMSJ9.b40a7B90wYxMAM79Sxswy9CaSBvT-Au8SyrrYgI-JCANtM1nqubAolqvyV0CV8kCf3SEZd3I5OvYncpX2A4ywbf-3o9OYmKnuegtM5sA4E0pJ6Lv8ggvruC99I6VsCZ8dgkErL6SQDXYb-fzNSPp3x281F7XSxhL3DSG-4cUTuxXm3yp7QJFYadEV3A345xBeopkFq31LijhcDbMIQXP4mAl3b4aEYqhRHJbo8v23BW0Is7xRQScAZnTK3XQNqZRfoM4nQGR07_OnglSYuh_Uo-A34GOPuggRSuU61IcLic.-kQJ8ILaxefTnBWCC5ZAN1fd3s-W0ILBbigpP4vzO0I&dib_tag=se&keywords=platform+sandals+women&qid=1782990436&sr=8-26,https://m.media-amazon.com/images/I/610FEH2unfS._AC_UL320_.jpg,37,排名进入前50；价格处于人民币等值¥180.00-¥288.00区间；评分达到4.3以上。
2026-07-02,amazon_us,product,best_sellers,Best Sellers Women Sandals,41,KIDMI Unisex Summer Sandals Arch Support Cork Footbed Slide Sandals with Double Adjustable Buckle for Women Men,,4.5,$21.99,,,,,,https://www.amazon.com/KIDMI-Genuine-Sandals-Footbed-Adjustable/dp/B0DQH21M77/ref=zg_bs_g_679425011_d_sccl_41/144-8125776-6072209?psc=1,"https://images-na.ssl-images-amazon.com/images/I/81JaarSAG2L._AC_UL300_SR300,200_.jpg",36,排名进入前50；标题包含 arch support、summer，符合美国女鞋舒适化趋势；评分达到4.3以上。
2026-07-02,amazon_us,product,new_releases,New Releases Women Sandals,15,"CUSHIONAIRE Java Casual Womens Jelly Flats with Adjustable Strap, Closed Toe Mary Janes Mule Design, Waterproof Jelly Sandals for Women",,,$34.99,,,,,,https://www.amazon.com/CUSHIONAIRE-Casual-Adjustable-Waterproof-Sandals/dp/B0H4MJCG6Z/ref=zg_bsnr_g_679425011_d_sccl_15/146-3742404-1051655?psc=1,"https://images-na.ssl-images-amazon.com/images/I/713AgXedTJL._AC_UL600_SR600,400_.jpg",35,排名进入前30。
2026-07-02,amazon_us,product,new_releases,New Releases Women Sandals,25,"CUSHIONAIRE Elle Pointed Heel Womens Sandal, Open Toe Heeled Mule with Cushioned Memory and Stiletto Design",,3.8,$49.99,,,,,,https://www.amazon.com/CUSHIONAIRE-Pointed-Womens-Cushioned-Stiletto/dp/B0GXGSK737/ref=zg_bsnr_g_679425011_d_sccl_25/146-3742404-1051655?psc=1,"https://images-na.ssl-images-amazon.com/images/I/71cWGn5b4kL._AC_UL600_SR600,400_.jpg",35,排名进入前30。
2026-07-02,amazon_us,product,search,women summer slippers,46,Hwayslon,¥86.33,3.9,Hwayslon,,,,,,https://www.amazon.com/Hwayslon-Fashion-Unisex-Skidproof-Slippers/dp/B07SW2MMRX/ref=sr_1_37?dib=eyJ2IjoiMSJ9.NubgJ1RLlNFHfLGC5PuwuUeiPbkuWycliQru95aUAu6ZqaZC1y8Xjd0vU12TOw2RkEl7NTQG4tI5FLxZhuogz_qmuE3nNUg6SOWMP6znb2ASpWlJYFcVhFNNQruZasjtrzJlgmH387htOHSym6lY_lRDg8yu1FhGtAS_Uk8AqmndlVyLwslU4VDbpSs2AgDucdKDpkKZQrUin2D9O0MCbOl-E9VtUdKJEENli3eSXpQlQEqpiJmv1i_tH17duoECXuJXbEVR9Qm1IEj7TY69MHXbzKcGxxByqyVx669V5mk.U140NrtpQF9DQGXC4o2Is8ccqvNUg6Q69j8BZdSfNmk&dib_tag=se&keywords=women+summer+slippers&qid=1782990434&sr=8-37,https://m.media-amazon.com/images/I/71J9JxYTIdL._AC_UL320_.jpg,35,排名进入前50；价格处于人民币等值¥57.60-¥180.00黄金区间。
2026-07-02,amazon_us,product,search,women summer slippers,49,Generic,¥102.74,3.5,Generic,,,,,,https://www.amazon.com/Slipper-Perfect-Vacation-Stylish-Slippers/dp/B0FJMHX4RZ/ref=sr_1_40_hul_core?dib=eyJ2IjoiMSJ9.NubgJ1RLlNFHfLGC5PuwuUeiPbkuWycliQru95aUAu6ZqaZC1y8Xjd0vU12TOw2RkEl7NTQG4tI5FLxZhuogz_qmuE3nNUg6SOWMP6znb2ASpWlJYFcVhFNNQruZasjtrzJlgmH387htOHSym6lY_lRDg8yu1FhGtAS_Uk8AqmndlVyLwslU4VDbpSs2AgDucdKDpkKZQrUin2D9O0MCbOl-E9VtUdKJEENli3eSXpQlQEqpiJmv1i_tH17duoECXuJXbEVR9Qm1IEj7TY69MHXbzKcGxxByqyVx669V5mk.U140NrtpQF9DQGXC4o2Is8ccqvNUg6Q69j8BZdSfNmk&dib_tag=se&keywords=women+summer+slippers&qid=1782990434&s=bazaar&sr=8-40,https://m.media-amazon.com/images/I/81wpUfv43IL._AC_UL320_.jpg,35,排名进入前50；价格处于人民币等值¥57.60-¥180.00黄金区间。
2026-07-02,amazon_us,product,search,platform sandals women,50,IDIFU,¥143.93,3.9,IDIFU,,,,,,https://www.amazon.com/IDIFU-Platform-Sandals-Comfortable-Vacation/dp/B0GGYV78HJ/ref=sr_1_34?dib=eyJ2IjoiMSJ9.b40a7B90wYxMAM79Sxswy9CaSBvT-Au8SyrrYgI-JCANtM1nqubAolqvyV0CV8kCf3SEZd3I5OvYncpX2A4ywbf-3o9OYmKnuegtM5sA4E0pJ6Lv8ggvruC99I6VsCZ8dgkErL6SQDXYb-fzNSPp3x281F7XSxhL3DSG-4cUTuxXm3yp7QJFYadEV3A345xBeopkFq31LijhcDbMIQXP4mAl3b4aEYqhRHJbo8v23BW0Is7xRQScAZnTK3XQNqZRfoM4nQGR07_OnglSYuh_Uo-A34GOPuggRSuU61IcLic.-kQJ8ILaxefTnBWCC5ZAN1fd3s-W0ILBbigpP4vzO0I&dib_tag=se&keywords=platform+sandals+women&qid=1782990436&sr=8-34,https://m.media-amazon.com/images/I/71O1WNQPOtL._AC_UL320_.jpg,35,排名进入前50；价格处于人民币等值¥57.60-¥180.00黄金区间。
2026-07-02,amazon_us,product,search,platform sandals women,35,Coutgo,¥266.33,4.0,Coutgo,,,,,,https://www.amazon.com/Coutgo-Womens-Platform-Sandals-Espadrilles/dp/B0DJVQ5L69/ref=sr_1_19?dib=eyJ2IjoiMSJ9.b40a7B90wYxMAM79Sxswy9CaSBvT-Au8SyrrYgI-JCANtM1nqubAolqvyV0CV8kCf3SEZd3I5OvYncpX2A4ywbf-3o9OYmKnuegtM5sA4E0pJ6Lv8ggvruC99I6VsCZ8dgkErL6SQDXYb-fzNSPp3x281F7XSxhL3DSG-4cUTuxXm3yp7QJFYadEV3A345xBeopkFq31LijhcDbMIQXP4mAl3b4aEYqhRHJbo8v23BW0Is7xRQScAZnTK3XQNqZRfoM4nQGR07_OnglSYuh_Uo-A34GOPuggRSuU61IcLic.-kQJ8ILaxefTnBWCC5ZAN1fd3s-W0ILBbigpP4vzO0I&dib_tag=se&keywords=platform+sandals+women&qid=1782990436&sr=8-19,https://m.media-amazon.com/images/I/71969BHDGrL._AC_UL320_.jpg,34,排名进入前50；价格处于人民币等值¥180.00-¥288.00区间；评分达到4.0以上。
2026-07-02,amazon_us,product,search,platform sandals women,41,Lovee Cosee,¥287.93,4.2,Lovee Cosee,,,,,,https://www.amazon.com/Lovee-Cosee-Lightweight-Comfortable-Essentials/dp/B0F1MYF4FQ/ref=sr_1_25?dib=eyJ2IjoiMSJ9.b40a7B90wYxMAM79Sxswy9CaSBvT-Au8SyrrYgI-JCANtM1nqubAolqvyV0CV8kCf3SEZd3I5OvYncpX2A4ywbf-3o9OYmKnuegtM5sA4E0pJ6Lv8ggvruC99I6VsCZ8dgkErL6SQDXYb-fzNSPp3x281F7XSxhL3DSG-4cUTuxXm3yp7QJFYadEV3A345xBeopkFq31LijhcDbMIQXP4mAl3b4aEYqhRHJbo8v23BW0Is7xRQScAZnTK3XQNqZRfoM4nQGR07_OnglSYuh_Uo-A34GOPuggRSuU61IcLic.-kQJ8ILaxefTnBWCC5ZAN1fd3s-W0ILBbigpP4vzO0I&dib_tag=se&keywords=platform+sandals+women&qid=1782990436&sr=8-25,https://m.media-amazon.com/images/I/71tL3Y0loaL._AC_UL320_.jpg,34,排名进入前50；价格处于人民币等值¥180.00-¥288.00区间；评分达到4.0以上。
2026-07-02,amazon_us,product,search,platform sandals women,48,Rocket Dog,¥251.64,4.2,Rocket Dog,,,,,,https://www.amazon.com/Rocket-Dog-Womens-Platform-Sandal/dp/B000W91BWU/ref=sr_1_32?dib=eyJ2IjoiMSJ9.b40a7B90wYxMAM79Sxswy9CaSBvT-Au8SyrrYgI-JCANtM1nqubAolqvyV0CV8kCf3SEZd3I5OvYncpX2A4ywbf-3o9OYmKnuegtM5sA4E0pJ6Lv8ggvruC99I6VsCZ8dgkErL6SQDXYb-fzNSPp3x281F7XSxhL3DSG-4cUTuxXm3yp7QJFYadEV3A345xBeopkFq31LijhcDbMIQXP4mAl3b4aEYqhRHJbo8v23BW0Is7xRQScAZnTK3XQNqZRfoM4nQGR07_OnglSYuh_Uo-A34GOPuggRSuU61IcLic.-kQJ8ILaxefTnBWCC5ZAN1fd3s-W0ILBbigpP4vzO0I&dib_tag=se&keywords=platform+sandals+women&qid=1782990436&sr=8-32,https://m.media-amazon.com/images/I/71eBTqo1s2L._AC_UL320_.jpg,34,排名进入前50；价格处于人民币等值¥180.00-¥288.00区间；评分达到4.0以上。
2026-07-02,amazon_us,product,new_releases,New Releases Women Sandals,36,STQ Women‘s Flip-flop Non Slip Comfortable Yoga-Mat Thong Sandals for Outdoor,,4.3,$9.99,,,,,,https://www.amazon.com/STQ-Flip-Flops-Orthopedic-Fasciitis/dp/B0GVSMLMS4/ref=zg_bsnr_g_679425011_d_sccl_36/144-8125776-6072209?psc=1,"https://images-na.ssl-images-amazon.com/images/I/61lQQe08nWL._AC_UL300_SR300,200_.jpg",33,排名进入前50；标题包含 comfort，符合美国女鞋舒适化趋势；评分达到4.3以上。
2026-07-02,amazon_us,product,search,women slides,48,Coach,¥684.00,4.6,Coach,,,,,,https://www.amazon.com/Coach-Womens-Udele-Slide-Tan/dp/B07PGQ6MQ8/ref=sr_1_37?dib=eyJ2IjoiMSJ9.wrqHnvIFpzxZDCy1gVq3f4lU1Vnrjhi4TbSLsbHbjD2aFFjqtuo5jyZZyFPRxf5T-DFqTE4rsRPQIkTtCm4-jQIypntXMixo50qzJJqeT9pgQGTgKDeZYXz-JTCqGq_hSMzrRIVsh6yP7xKt9q5yOBdM1OwfF2bCr0cb2AG9pHMMykwoRVeBLdx9aiflhpOm8l8IzwYavI0fSHQwHJ5ZhnN9cj8xEwx45Mb13iG9NC8b2mZJYwUEl3OS1ZgXNMpZHO1rhgIPIZnjxd4PGlNba3WWXlzLw3J4hjAADDiJPQE.uPULmM20D6pBIiNrgw-hLClMzLd2A99vi8NokcVnOTQ&dib_tag=se&keywords=women+slides&qid=1782990436&sr=8-37,https://m.media-amazon.com/images/I/71BQOaIl59L._AC_UL320_.jpg,33,排名进入前50；价格高于人民币等值¥288.00；评分达到4.6以上。
2026-07-02,amazon_us,product,search,platform sandals women,45,Teva,¥436.75,4.6,Teva,,,,,,https://www.amazon.com/Teva-Womens-Flatform-Universal-Platform/dp/B00KXD9RDA/ref=sr_1_29?dib=eyJ2IjoiMSJ9.b40a7B90wYxMAM79Sxswy9CaSBvT-Au8SyrrYgI-JCANtM1nqubAolqvyV0CV8kCf3SEZd3I5OvYncpX2A4ywbf-3o9OYmKnuegtM5sA4E0pJ6Lv8ggvruC99I6VsCZ8dgkErL6SQDXYb-fzNSPp3x281F7XSxhL3DSG-4cUTuxXm3yp7QJFYadEV3A345xBeopkFq31LijhcDbMIQXP4mAl3b4aEYqhRHJbo8v23BW0Is7xRQScAZnTK3XQNqZRfoM4nQGR07_OnglSYuh_Uo-A34GOPuggRSuU61IcLic.-kQJ8ILaxefTnBWCC5ZAN1fd3s-W0ILBbigpP4vzO0I&dib_tag=se&keywords=platform+sandals+women&qid=1782990436&sr=8-29,https://m.media-amazon.com/images/I/51hzsC5dKSL._AC_UL320_.jpg,33,排名进入前50；价格高于人民币等值¥288.00；评分达到4.6以上。
2026-07-02,amazon_us,product,new_releases,New Releases Women Sandals,32,"CUSHIONAIRE Flora Platform Espadrilles for Women, Dressy Wedge Closed Toe Sandals with Ankle Strap and Cushioned Footbed",,3.9,$49.99,,,,,,https://www.amazon.com/CUSHIONAIRE-Platform-Espadrilles-Sandals-Cushioned/dp/B0GXJ3MQ4F/ref=zg_bsnr_g_679425011_d_sccl_32/144-8125776-6072209?psc=1,"https://images-na.ssl-images-amazon.com/images/I/81lROjN+zUL._AC_UL300_SR300,200_.jpg",31,排名进入前50；标题包含 platform、wedge，符合美国女鞋舒适化趋势。
2026-07-02,amazon_us,product,best_sellers,Best Sellers Women Sandals,36,mazeskin Womens Flip Flops Vegan Leather Memory Foam Square Toe Flat Sandals Summer Beach Slides,,4.2,$9.99,,,,,,https://www.amazon.com/mazeskin-Womens-Memory-Sandals-Leather/dp/B0GRMZ5PFS/ref=zg_bs_g_679425011_d_sccl_36/144-8125776-6072209?psc=1,"https://images-na.ssl-images-amazon.com/images/I/717PAaaaLdL._AC_UL300_SR300,200_.jpg",30,排名进入前50；标题包含 beach、summer，符合美国女鞋舒适化趋势；评分达到4.0以上。
2026-07-02,amazon_us,product,new_releases,New Releases Women Sandals,33,"Toybdsunx Women‘s Flat Sandals, Strappy Square Open Toe Summer Beach Sandals with Cushioned Sole for House Vacation Everyday Wear",,4.0,$9.99,,,,,,https://www.amazon.com/Toybdsunx-Sandals-Cushioned-Vacation-Everyday/dp/B0H5QMH9P5/ref=zg_bsnr_g_679425011_d_sccl_33/144-8125776-6072209?psc=1,"https://images-na.ssl-images-amazon.com/images/I/613Ec0-kaKL._AC_UL300_SR300,200_.jpg",30,排名进入前50；标题包含 beach、summer，符合美国女鞋舒适化趋势；评分达到4.0以上。
2026-07-02,amazon_us,product,new_releases,New Releases Women Sandals,35,"CELLENZ Women Kitten Heels Sandals: 2.5 Inch Heeled Flip Flop | 2026 Fashion Heel Sandals, Square Toe Thong Sandal for Daily Wear & Dressy Casual",,4.6,$39.99,,,,,,https://www.amazon.com/CELLENZ-Women-Kitten-Heels-Sandals/dp/B0GXJXR6NQ/ref=zg_bsnr_g_679425011_d_sccl_35/144-8125776-6072209?psc=1,"https://images-na.ssl-images-amazon.com/images/I/614oMI7jadL._AC_UL300_SR300,200_.jpg",30,排名进入前50；评分达到4.6以上。
2026-07-02,amazon_us,product,best_sellers,Best Sellers Women Sandals,33,REEF Women's Cushion Breeze Flip Flops,,4.4,$43.65,,,,,,https://www.amazon.com/Reef-Womens-Cushion-Breeze-Flip-Flop/dp/B07CZ32X2L/ref=zg_bs_g_679425011_d_sccl_33/144-8125776-6072209?psc=1,"https://images-na.ssl-images-amazon.com/images/I/51aJDTYSrJL._AC_UL300_SR300,200_.jpg",27,排名进入前50；评分达到4.3以上。
2026-07-02,amazon_us,product,best_sellers,Best Sellers Women Sandals,42,Amazon Essentials Women's Thong Sandal,,4.3,$15.80,,,,,,https://www.amazon.com/Amazon-Essentials-Womens-Thong-Sandal/dp/B07FQYQ43R/ref=zg_bs_g_679425011_d_sccl_42/144-8125776-6072209?psc=1,"https://images-na.ssl-images-amazon.com/images/I/51oGZnWHmcL._AC_UL300_SR300,200_.jpg",27,排名进入前50；评分达到4.3以上。
2026-07-02,amazon_us,product,best_sellers,Best Sellers Women Sandals,44,Crocs Women's Miami Thong Sandal,,4.5,$39.99,,,,,,https://www.amazon.com/Crocs-Womens-Miami-Thong-Sandal/dp/B0CK29L2V7/ref=zg_bs_g_679425011_d_sccl_44/144-8125776-6072209?psc=1,"https://images-na.ssl-images-amazon.com/images/I/41bsMQP2BkL._AC_UL300_SR300,200_.jpg",27,排名进入前50；评分达到4.3以上。
2026-07-02,amazon_us,product,search,women summer slippers,32,EverFoams,,4.4,EverFoams,,,,,,https://www.amazon.com/EverFoams-Slippers-Outdoor-Outsole-Vanilla/dp/B0DPZPB7MQ/ref=sr_1_23?dib=eyJ2IjoiMSJ9.NubgJ1RLlNFHfLGC5PuwuUeiPbkuWycliQru95aUAu6ZqaZC1y8Xjd0vU12TOw2RkEl7NTQG4tI5FLxZhuogz_qmuE3nNUg6SOWMP6znb2ASpWlJYFcVhFNNQruZasjtrzJlgmH387htOHSym6lY_lRDg8yu1FhGtAS_Uk8AqmndlVyLwslU4VDbpSs2AgDucdKDpkKZQrUin2D9O0MCbOl-E9VtUdKJEENli3eSXpQlQEqpiJmv1i_tH17duoECXuJXbEVR9Qm1IEj7TY69MHXbzKcGxxByqyVx669V5mk.U140NrtpQF9DQGXC4o2Is8ccqvNUg6Q69j8BZdSfNmk&dib_tag=se&keywords=women+summer+slippers&qid=1782990434&sr=8-23,https://m.media-amazon.com/images/I/61CsE2rT4gL._AC_UL320_.jpg,27,排名进入前50；评分达到4.3以上。
2026-07-02,amazon_us,product,search,women slides,43,adidas,,4.4,adidas,,,,,,https://www.amazon.com/adidas-Unisex-Adilette-Shower-Sandal/dp/B091ZDXQ2Z/ref=sr_1_32?dib=eyJ2IjoiMSJ9.wrqHnvIFpzxZDCy1gVq3f4lU1Vnrjhi4TbSLsbHbjD2aFFjqtuo5jyZZyFPRxf5T-DFqTE4rsRPQIkTtCm4-jQIypntXMixo50qzJJqeT9pgQGTgKDeZYXz-JTCqGq_hSMzrRIVsh6yP7xKt9q5yOBdM1OwfF2bCr0cb2AG9pHMMykwoRVeBLdx9aiflhpOm8l8IzwYavI0fSHQwHJ5ZhnN9cj8xEwx45Mb13iG9NC8b2mZJYwUEl3OS1ZgXNMpZHO1rhgIPIZnjxd4PGlNba3WWXlzLw3J4hjAADDiJPQE.uPULmM20D6pBIiNrgw-hLClMzLd2A99vi8NokcVnOTQ&dib_tag=se&keywords=women+slides&qid=1782990436&sr=8-32,https://m.media-amazon.com/images/I/51EuQODcuHL._AC_UL320_.jpg,27,排名进入前50；评分达到4.3以上。
2026-07-02,amazon_us,product,best_sellers,Best Sellers Women Sandals,31,LULLASONG Women's Kitten Heels Sandals Square Open Toe Flip Flop Heels 1.8-2 Inch Heeled Sandals for Women,,4.2,$29.59,,,,,,https://www.amazon.com/LULLASONG-Womens-Kitten-Sandals-Square/dp/B0DCFSM597/ref=zg_bs_g_679425011_d_sccl_31/144-8125776-6072209?psc=1,"https://images-na.ssl-images-amazon.com/images/I/61aVZl7OhqL._AC_UL300_SR300,200_.jpg",24,排名进入前50；评分达到4.0以上。
2026-07-02,amazon_us,product,best_sellers,Best Sellers Women Sandals,34,"CUSHIONAIRE Vita Jelly Sandals for Women, Casual Lightweight Womens Strappy Sandals with Adjustable Buckle Strap and Gold Hardware Accent",,4.0,$39.99,,,,,,https://www.amazon.com/CUSHIONAIRE-Sandals-Lightweight-Adjustable-Hardware/dp/B0H1Y94T1T/ref=zg_bs_g_679425011_d_sccl_34/144-8125776-6072209?psc=1,"https://images-na.ssl-images-amazon.com/images/I/81Uy6Bt6XaL._AC_UL300_SR300,200_.jpg",24,排名进入前50；评分达到4.0以上。
2026-07-02,amazon_us,product,new_releases,New Releases Women Sandals,34,"CUSHIONAIRE Lanky Strappy Sandals for Women, Trendy Multi-Strap Square Toe Flat Slide Womens Sandals with Cushioned Footbed",,4.1,$39.99,,,,,,https://www.amazon.com/CUSHIONAIRE-Strappy-Sandals-Multi-Strap-Cushioned/dp/B0GXLVZS56/ref=zg_bsnr_g_679425011_d_sccl_34/144-8125776-6072209?psc=1,"https://images-na.ssl-images-amazon.com/images/I/71gjdmwBJuL._AC_UL300_SR300,200_.jpg",24,排名进入前50；评分达到4.0以上。
2026-07-02,amazon_us,product,new_releases,New Releases Women Sandals,38,"CUSHIONAIRE Titan Square Toe Flip Flops for Women, Dressy Slip On Flat Womens Sandals with Cushioned Footbed",,4.1,$39.99,,,,,,https://www.amazon.com/CUSHIONAIRE-Sandals-Cushioned-Footbed-TORTOISE/dp/B0H2WR546B/ref=zg_bsnr_g_679425011_d_sccl_38/144-8125776-6072209?psc=1,"https://images-na.ssl-images-amazon.com/images/I/71vL4TDR7VL._AC_UL300_SR300,200_.jpg",24,排名进入前50；评分达到4.0以上。
2026-07-02,amazon_us,product,search,platform sandals women,44,Madden Girl,¥424.80,3.9,Madden Girl,,,,,,https://www.amazon.com/Madden-Girl-Womens-Mythicall-Natural/dp/B0CNKPC4Y5/ref=sr_1_28?dib=eyJ2IjoiMSJ9.b40a7B90wYxMAM79Sxswy9CaSBvT-Au8SyrrYgI-JCANtM1nqubAolqvyV0CV8kCf3SEZd3I5OvYncpX2A4ywbf-3o9OYmKnuegtM5sA4E0pJ6Lv8ggvruC99I6VsCZ8dgkErL6SQDXYb-fzNSPp3x281F7XSxhL3DSG-4cUTuxXm3yp7QJFYadEV3A345xBeopkFq31LijhcDbMIQXP4mAl3b4aEYqhRHJbo8v23BW0Is7xRQScAZnTK3XQNqZRfoM4nQGR07_OnglSYuh_Uo-A34GOPuggRSuU61IcLic.-kQJ8ILaxefTnBWCC5ZAN1fd3s-W0ILBbigpP4vzO0I&dib_tag=se&keywords=platform+sandals+women&qid=1782990436&sr=8-28,https://m.media-amazon.com/images/I/71SNHrdlHML._AC_UL320_.jpg,23,排名进入前50；价格高于人民币等值¥288.00。
