date,source,data_type,list_type,keyword,rank,title,price,rating,review_count,likes,comments,views,published_at,competition_count,product_url,image_url,hot_score,reason
2026-10-04,amazon_us,product,search,women summer slippers,1,Women's Orthopedic Summer Slippers with Arch Support for Plantar Fasciitis,¥143.93,4.2,Products highlighted as 'Overall Pick' are:,,,,,,https://www.amazon.com/shevalues-Summer-Slippers-Support-Breathable/dp/B0BK8PN8CL/ref=sr_1_1?dib=eyJ2IjoiMSJ9._L_gfE0XXegGAngREyIarjc0-exgFjT5G99gOBL_2588cZsQrBwFJdUT61LMAIXpSAoEZAjDAiUPCp8_oXaoFeq_jhMbRoVydHZEuMaMgKRh0mIIDsNWLK5ZM9iE-SEWSIf3XSY4kWhUO5N47Nv3ABYAr0H4pmUl-drbgsxVVdefvuL9NSF1PbfIjpbxhWEKmeMPOGrxt5zseA0v5ZquNsezg4B-KuTqwmYvdDNidaoGl-TjGyLZlmH9FGusvFaGNVpjZt-u94JRZTOlgKi4fSzgNx1xQSeMdrSok6xoQ0I.E946euP8Oya8kU6itTtmjNAUfvKK5Ca9tMaDAAiOthQ&dib_tag=se&keywords=women+summer+slippers&qid=1791095857&sr=8-1,https://m.media-amazon.com/images/I/71wQ2tOj0+L._AC_UL320_.jpg,96,排名靠前；价格处于人民币等值¥57.60-¥180.00黄金区间；标题包含 orthopedic、arch support、summer，符合美国女鞋舒适化趋势；orthopedic + arch support组合趋势加分；评分达到4.0以上。
2026-10-04,amazon_us,product,search,platform sandals women,6,CYNLLIO Women's Platform Sandals Wedges Espadrilles Raffia Heels,¥136.73,4.1,"2026 Summer Wedge Sandals, Wicker Rattan Slides with Open Toe Chunky Heeled, Boho Shoes for Beach Vacation",,,,,,https://www.amazon.com/sspa/click?ie=UTF8&spc=MTo0MzE4Mzg5NTk5NDEyNTU5OjE3OTEwOTU4NTk6c3Bfc2VhcmNoX3RoZW1hdGljOjMwMTUyNDUyNTM5MjQwMjo6Mjo6&url=%2FCYNLLIO-Espadrilles-Platform-Sandals-Slippers%2Fdp%2FB0BXCGWDTQ%2Fref%3Dsxin_15_pa_sp_search_thematic_sspa%3Fcontent-id%3Damzn1.sym.befd5ae9-64c6-40e0-90f2-45ad7003b71b%253Aamzn1.sym.befd5ae9-64c6-40e0-90f2-45ad7003b71b%26cv_ct_cx%3Dplatform%2Bsandals%2Bwomen%26keywords%3Dplatform%2Bsandals%2Bwomen%26pd_rd_i%3DB0BXCGWDTQ%26pd_rd_r%3Dd6d0c773-aa9d-465f-a130-23e8168f531c%26pd_rd_w%3Dl5Ney%26pd_rd_wg%3D8lvb4%26pf_rd_p%3Dbefd5ae9-64c6-40e0-90f2-45ad7003b71b%26pf_rd_r%3DMGESTMWB7MF8GKG69XVK%26qid%3D1791095859%26sbo%3D9ZOMT9Jm0JH%252Ft%252BWi68iDSA%253D%253D%26sr%3D1-3-7efdef4d-9875-47e1-927f-8c2c1c47ed49-spons%26aref%3DyGNTX1ehjT%26sp_csd%3Dd2lkZ2V0TmFtZT1zcF9zZWFyY2hfdGhlbWF0aWM%26psc%3D1&aref=yGNTX1ehjT,https://m.media-amazon.com/images/I/81hRDIN7KcL._AC_UL320_.jpg,95,排名靠前；评论数达到1000以上；价格处于人民币等值¥57.60-¥180.00黄金区间；标题包含 platform、wedge，符合美国女鞋舒适化趋势；评分达到4.0以上。
2026-10-04,amazon_us,product,search,women slides,9,"CUSHIONAIRE Feather EVA Slides for Women – Comfortable Slip On Womens Slippers, Indoor Outdoor Shower Shoes, Beach Essential Cloud Slides",¥194.33,4.4,100+ bought in past month,,,,,,https://www.amazon.com/CUSHIONAIRE-Womens-Feather-recovery-Comfort/dp/B0BTQ7ZS7B/ref=sr_1_9?dib=eyJ2IjoiMSJ9.UXktg5ZKJZxCJyRKr9FwH-5ISCpT-qDImHOl_nO4JUk1laVOb-Ah8igw-ZnwNyWJlS5_tfDO32XYjzKY-SeZHbMnoWamz44QPqb3gC6jgzlt2AKXZY31I128UQ6a3Ibc67Pi_7N9A8CwH-L4Tnh-6QjMiqqWsC6KXkKrEsww7P2doSgE4UnqXETHPDAjEK5UfKSECc52D0vyFDiw0E-NUfyCmgSuOiPtP49WxR5Y-IbbP-jIHZ3kD8pONYcdt0OFlDoKXgKX3-NNmO5QfEGahk4HIhJ6zH_CNCv3XW946Gw.vRE15SgsqS9i_m2ljyE8Pk_C9lDXPrk3FC7kZCvemz0&dib_tag=se&keywords=women+slides&qid=1791095859&sr=8-9,https://m.media-amazon.com/images/I/81PBXKFp76L._AC_UL320_.jpg,94,排名靠前；评论数达到50以上；价格处于人民币等值¥180.00-¥288.00区间；标题包含 cloud、comfort、beach，符合美国女鞋舒适化趋势；cloud + slides组合趋势加分；评分达到4.3以上。
2026-10-04,amazon_us,product,search,platform sandals women,3,shevalues Women’s Platform Sandals with Arch Support Comfortable EVA Slides,¥71.86,4.0,"Lightweight Rubber Sandals with Adjustable Double Buckle, Chunky Slip-On Recovery Slides for Summer Beach",,,,,,https://www.amazon.com/shevalues-Platform-Lightweight-Adjustable-Comfortable/dp/B0GGHB1LZY/ref=sr_1_3?dib=eyJ2IjoiMSJ9.EIJh1jY9ea3EISWsO86AbRTimG68G4WZuo_0N_aXtZDsm7HknsiVMwk4Ipi71BAqYpDlbmE5ztUgA225xRuXvA1p0v6OCzy818VqxpReOQq4pvi-mp6pc9ooJAL8jmCRQL07_htx6iyOfsPVS_O4MBOGNPrcCvmh65F9mYOfjo00jG460mNeoHvOaqpBSsjI3UGD8ZYsdDxMezUbcHYOV3UeymjScl_CkUR3zsO-6buYcxEwFy1C8cQxm78kM2-G00lpEm9g-dKXScNZDScRwKJt3gXiFY3URv3tzWMMES8.C2XqrU8IUhFUrcQZxdDI_QZv68BHVrcPxiii7TtsQfM&dib_tag=se&keywords=platform+sandals+women&qid=1791095859&sr=8-3,https://m.media-amazon.com/images/I/71AV5+9AJaL._AC_UL320_.jpg,94,排名靠前；价格处于人民币等值¥57.60-¥180.00黄金区间；标题包含 platform、comfort、arch support，符合美国女鞋舒适化趋势；platform + comfort组合趋势加分；评分达到4.0以上。
2026-10-04,amazon_us,product,search,platform sandals women,30,Platform Sandals Women Strappy Wedges Comfortable Lightweight Non Slip Walking Sandals Dressy Summer Wedges for Vacation Office Casual Wear,¥143.93,4.3,100+ bought in past month,,,,,,https://www.amazon.com/Tearkiss-Platform-Comfortable-Lightweight-Vacation/dp/B0GZKQ9V4C/ref=sr_1_25?dib=eyJ2IjoiMSJ9.EIJh1jY9ea3EISWsO86AbRTimG68G4WZuo_0N_aXtZDsm7HknsiVMwk4Ipi71BAqYpDlbmE5ztUgA225xRuXvA1p0v6OCzy818VqxpReOQq4pvi-mp6pc9ooJAL8jmCRQL07_htx6iyOfsPVS_O4MBOGNPrcCvmh65F9mYOfjo00jG460mNeoHvOaqpBSsjI3UGD8ZYsdDxMezUbcHYOV3UeymjScl_CkUR3zsO-6buYcxEwFy1C8cQxm78kM2-G00lpEm9g-dKXScNZDScRwKJt3gXiFY3URv3tzWMMES8.C2XqrU8IUhFUrcQZxdDI_QZv68BHVrcPxiii7TtsQfM&dib_tag=se&keywords=platform+sandals+women&qid=1791095859&sr=8-25,https://m.media-amazon.com/images/I/71Re0WbOVEL._AC_UL320_.jpg,92,排名进入前30；评论数达到50以上；价格处于人民币等值¥57.60-¥180.00黄金区间；标题包含 platform、comfort、summer、wedge，符合美国女鞋舒适化趋势；platform + comfort组合趋势加分；评分达到4.3以上。
2026-10-04,amazon_us,product,best_sellers,Best Sellers Women Sandals,11,"Archies Arch Support Flip Flops for Men & Women – Orthotic Sandals for Plantar Fasciitis Relief – Lightweight, Cushioning, Shock-Absorbing Thong Sandals for Walking, Foot Pain & All-Day Comfort",¥288.00,4.3,"10,497",,,,,,https://www.amazon.com/Archies-Womens-Arch-Support-Black/dp/B086SYFKLP/ref=zg_bs_g_679425011_d_sccl_11/143-2230118-5467469?psc=1,"https://images-na.ssl-images-amazon.com/images/I/81xintmVcHL._AC_UL600_SR600,400_.jpg",89,排名进入前30；评论数高；价格处于人民币等值¥180.00-¥288.00区间；标题包含 comfort、arch support，符合美国女鞋舒适化趋势；评分达到4.3以上。
2026-10-04,amazon_us,product,search,women summer slippers,21,"shevalues Orthopedic Sandals for Women, Arch Support Recovery Flip Flops",¥151.13,4.2,"Orthotic Pillow Soft Summer Beach Shoes, Comfortable for Plantar Fasciitis",,,,,,https://www.amazon.com/Orthotic-Pillow-Recovery-Sandals-Support/dp/B09LC836QG/ref=sr_1_21?dib=eyJ2IjoiMSJ9._L_gfE0XXegGAngREyIarjc0-exgFjT5G99gOBL_2588cZsQrBwFJdUT61LMAIXpSAoEZAjDAiUPCp8_oXaoFeq_jhMbRoVydHZEuMaMgKRh0mIIDsNWLK5ZM9iE-SEWSIf3XSY4kWhUO5N47Nv3ABYAr0H4pmUl-drbgsxVVdefvuL9NSF1PbfIjpbxhWEKmeMPOGrxt5zseA0v5ZquNsezg4B-KuTqwmYvdDNidaoGl-TjGyLZlmH9FGusvFaGNVpjZt-u94JRZTOlgKi4fSzgNx1xQSeMdrSok6xoQ0I.E946euP8Oya8kU6itTtmjNAUfvKK5Ca9tMaDAAiOthQ&dib_tag=se&keywords=women+summer+slippers&qid=1791095857&sr=8-21,https://m.media-amazon.com/images/I/61qX-fKai7L._AC_UL320_.jpg,89,排名进入前30；价格处于人民币等值¥57.60-¥180.00黄金区间；标题包含 recovery、orthopedic、arch support，符合美国女鞋舒适化趋势；orthopedic + arch support组合趋势加分；评分达到4.0以上。
2026-10-04,amazon_us,product,search,platform sandals women,25,"Monrovia Platform Sandals Women Raffia Espadrille Slides, Woven Straw Flatform Beach Sandals Women, Slip On Summer Vacation Shoes, Comfortable Casual Daily Wear",¥143.93,4.1,100+ bought in past month,,,,,,https://www.amazon.com/Monrovia-Platform-Espadrilles-Vacation-Comfortable/dp/B0FJS1R2ZG/ref=sr_1_20?dib=eyJ2IjoiMSJ9.EIJh1jY9ea3EISWsO86AbRTimG68G4WZuo_0N_aXtZDsm7HknsiVMwk4Ipi71BAqYpDlbmE5ztUgA225xRuXvA1p0v6OCzy818VqxpReOQq4pvi-mp6pc9ooJAL8jmCRQL07_htx6iyOfsPVS_O4MBOGNPrcCvmh65F9mYOfjo00jG460mNeoHvOaqpBSsjI3UGD8ZYsdDxMezUbcHYOV3UeymjScl_CkUR3zsO-6buYcxEwFy1C8cQxm78kM2-G00lpEm9g-dKXScNZDScRwKJt3gXiFY3URv3tzWMMES8.C2XqrU8IUhFUrcQZxdDI_QZv68BHVrcPxiii7TtsQfM&dib_tag=se&keywords=platform+sandals+women&qid=1791095859&sr=8-20,https://m.media-amazon.com/images/I/61s1n98EyYL._AC_UL320_.jpg,89,排名进入前30；评论数达到50以上；价格处于人民币等值¥57.60-¥180.00黄金区间；标题包含 platform、comfort、beach、summer，符合美国女鞋舒适化趋势；platform + comfort组合趋势加分；评分达到4.0以上。
2026-10-04,amazon_us,product,search,women slides,15,"CUSHIONAIRE Fame Pillow Recovery Sandals for Women, Adjustable Double Buckle Waterproof EVA Cloud Slides for Women",¥194.33,4.3,100+ bought in past month,,,,,,https://www.amazon.com/CUSHIONAIRE-Double-Adjustable-Buckle-Shower/dp/B09CK8CYPC/ref=sr_1_15?dib=eyJ2IjoiMSJ9.UXktg5ZKJZxCJyRKr9FwH-5ISCpT-qDImHOl_nO4JUk1laVOb-Ah8igw-ZnwNyWJlS5_tfDO32XYjzKY-SeZHbMnoWamz44QPqb3gC6jgzlt2AKXZY31I128UQ6a3Ibc67Pi_7N9A8CwH-L4Tnh-6QjMiqqWsC6KXkKrEsww7P2doSgE4UnqXETHPDAjEK5UfKSECc52D0vyFDiw0E-NUfyCmgSuOiPtP49WxR5Y-IbbP-jIHZ3kD8pONYcdt0OFlDoKXgKX3-NNmO5QfEGahk4HIhJ6zH_CNCv3XW946Gw.vRE15SgsqS9i_m2ljyE8Pk_C9lDXPrk3FC7kZCvemz0&dib_tag=se&keywords=women+slides&qid=1791095859&sr=8-15,https://m.media-amazon.com/images/I/81UVyCi7FzL._AC_UL320_.jpg,83,排名进入前30；评论数达到50以上；价格处于人民币等值¥180.00-¥288.00区间；标题包含 cloud、recovery，符合美国女鞋舒适化趋势；cloud + slides组合趋势加分；评分达到4.3以上。
2026-10-04,amazon_us,product,search,women slides,6,"Leevar Cloud Slides for Women and Men, Pillow Slippers Shower Shoes",¥86.11,4.2,"Cushioned Thick Sole,Indoor Outdoor Bathroom Slides Sandals, Quick Dry,Non-Slip,Swimming,Beach,House Slippers",,,,,,https://www.amazon.com/Leevar-Slippers-Non-slip-Swimming-Footwear/dp/B09YCLK5DG/ref=sr_1_6?dib=eyJ2IjoiMSJ9.UXktg5ZKJZxCJyRKr9FwH-5ISCpT-qDImHOl_nO4JUk1laVOb-Ah8igw-ZnwNyWJlS5_tfDO32XYjzKY-SeZHbMnoWamz44QPqb3gC6jgzlt2AKXZY31I128UQ6a3Ibc67Pi_7N9A8CwH-L4Tnh-6QjMiqqWsC6KXkKrEsww7P2doSgE4UnqXETHPDAjEK5UfKSECc52D0vyFDiw0E-NUfyCmgSuOiPtP49WxR5Y-IbbP-jIHZ3kD8pONYcdt0OFlDoKXgKX3-NNmO5QfEGahk4HIhJ6zH_CNCv3XW946Gw.vRE15SgsqS9i_m2ljyE8Pk_C9lDXPrk3FC7kZCvemz0&dib_tag=se&keywords=women+slides&qid=1791095859&sr=8-6,https://m.media-amazon.com/images/I/71Epw-42KBL._AC_UL320_.jpg,82,排名靠前；价格处于人民币等值¥57.60-¥180.00黄金区间；标题包含 cloud，符合美国女鞋舒适化趋势；cloud + slides组合趋势加分；评分达到4.0以上。
2026-10-04,amazon_us,product,search,platform sandals women,22,Women's Suede Platform Wedge Heel Slide Sandals Y2K Round Open Toe One Strap Slip-On Heeled Sandals Stylish Comfortable Daily Casual Summer Slippers,¥237.53,3.6,100+ bought in past month,,,,,,https://www.amazon.com/NBZKBNG-Platform-Sandals-Comfortable-Slippers/dp/B0FXRQXXLG/ref=sr_1_17?dib=eyJ2IjoiMSJ9.EIJh1jY9ea3EISWsO86AbRTimG68G4WZuo_0N_aXtZDsm7HknsiVMwk4Ipi71BAqYpDlbmE5ztUgA225xRuXvA1p0v6OCzy818VqxpReOQq4pvi-mp6pc9ooJAL8jmCRQL07_htx6iyOfsPVS_O4MBOGNPrcCvmh65F9mYOfjo00jG460mNeoHvOaqpBSsjI3UGD8ZYsdDxMezUbcHYOV3UeymjScl_CkUR3zsO-6buYcxEwFy1C8cQxm78kM2-G00lpEm9g-dKXScNZDScRwKJt3gXiFY3URv3tzWMMES8.C2XqrU8IUhFUrcQZxdDI_QZv68BHVrcPxiii7TtsQfM&dib_tag=se&keywords=platform+sandals+women&qid=1791095859&sr=8-17,https://m.media-amazon.com/images/I/31atGR0IcGL._AC_UL320_.jpg,80,排名进入前30；评论数达到50以上；价格处于人民币等值¥180.00-¥288.00区间；标题包含 platform、comfort、summer、wedge，符合美国女鞋舒适化趋势；platform + comfort组合趋势加分。
2026-10-04,amazon_us,product,best_sellers,Best Sellers Women Sandals,21,OOFOS OOriginal Recovery Sandal - Women’s and Men’s,¥431.64,4.5,"26,669",,,,,,https://www.amazon.com/OOFOS-Unisex-Original-Thong-Black/dp/B007VDJSTI/ref=zg_bs_g_679425011_d_sccl_21/143-2230118-5467469?psc=1,"https://images-na.ssl-images-amazon.com/images/I/51qiZpHX64L._AC_UL600_SR600,400_.jpg",78,排名进入前30；评论数高；价格高于人民币等值¥288.00；标题包含 recovery，符合美国女鞋舒适化趋势；评分达到4.3以上。
2026-10-04,amazon_us,product,search,women slides,45,"Jaeynow Cloud Slides for Women Men,EVA Soft Recovery Slides for Womens,Thick Sole Open Toe Shower Shoes Mens Sandals Outdoor&Indoor House Slippers Sandals",¥172.73,4.2,900+ bought in past month,,,,,,https://www.amazon.com/Jaeynow-Recovery-Outdoor-Slippers-Sandals/dp/B0CTDGRBJV/ref=sr_1_45?dib=eyJ2IjoiMSJ9.UXktg5ZKJZxCJyRKr9FwH-5ISCpT-qDImHOl_nO4JUk1laVOb-Ah8igw-ZnwNyWJlS5_tfDO32XYjzKY-SeZHbMnoWamz44QPqb3gC6jgzlt2AKXZY31I128UQ6a3Ibc67Pi_7N9A8CwH-L4Tnh-6QjMiqqWsC6KXkKrEsww7P2doSgE4UnqXETHPDAjEK5UfKSECc52D0vyFDiw0E-NUfyCmgSuOiPtP49WxR5Y-IbbP-jIHZ3kD8pONYcdt0OFlDoKXgKX3-NNmO5QfEGahk4HIhJ6zH_CNCv3XW946Gw.vRE15SgsqS9i_m2ljyE8Pk_C9lDXPrk3FC7kZCvemz0&dib_tag=se&keywords=women+slides&qid=1791095859&sr=8-45,https://m.media-amazon.com/images/I/61KDb+HpgTL._AC_UL320_.jpg,78,排名进入前50；评论数达到300以上；价格处于人民币等值¥57.60-¥180.00黄金区间；标题包含 cloud、recovery、soft，符合美国女鞋舒适化趋势；cloud + slides组合趋势加分；评分达到4.0以上。
2026-10-04,amazon_us,product,best_sellers,Best Sellers Women Sandals,20,IDIFU Women's Cookie-LO Low Block Heels Chunky Sandals Ankle Strap Wedding Dress Pump Shoes,¥259.13,4.3,"7,179",,,,,,https://www.amazon.com/IDIFU-Womens-Cookie-LO-Sandals-Wedding/dp/B08HVNK84W/ref=zg_bs_g_679425011_d_sccl_20/143-2230118-5467469?psc=1,"https://images-na.ssl-images-amazon.com/images/I/61Z5dHV-bzL._AC_UL600_SR600,400_.jpg",77,排名进入前30；评论数高；价格处于人民币等值¥180.00-¥288.00区间；评分达到4.3以上。
2026-10-04,amazon_us,product,search,women summer slippers,30,"HUXMEYSON Slippers for Women, Warm Memory Foam Comfy House Slippers with Anti-Skid Rubber Sole for Indoor and Outdoor",¥71.93,4.4,3K+ bought in past month,,,,,,https://www.amazon.com/HUXMEYSON-Womens-Slippers-Fuzzy-House-Slippers-Cozy-Slippers-Anti-Skid/dp/B0CDBVJJY1/ref=sr_1_30?dib=eyJ2IjoiMSJ9._L_gfE0XXegGAngREyIarjc0-exgFjT5G99gOBL_2588cZsQrBwFJdUT61LMAIXpSAoEZAjDAiUPCp8_oXaoFeq_jhMbRoVydHZEuMaMgKRh0mIIDsNWLK5ZM9iE-SEWSIf3XSY4kWhUO5N47Nv3ABYAr0H4pmUl-drbgsxVVdefvuL9NSF1PbfIjpbxhWEKmeMPOGrxt5zseA0v5ZquNsezg4B-KuTqwmYvdDNidaoGl-TjGyLZlmH9FGusvFaGNVpjZt-u94JRZTOlgKi4fSzgNx1xQSeMdrSok6xoQ0I.E946euP8Oya8kU6itTtmjNAUfvKK5Ca9tMaDAAiOthQ&dib_tag=se&keywords=women+summer+slippers&qid=1791095857&sr=8-30,https://m.media-amazon.com/images/I/71m7TkKnNuL._AC_UL320_.jpg,77,排名进入前30；评论数达到1000以上；价格处于人民币等值¥57.60-¥180.00黄金区间；评分达到4.3以上。
2026-10-04,amazon_us,product,search,platform sandals women,18,CUSHIONAIRE Melissa Espadrille Platform Sandals For Women with Adjustable Ankle Strap and Memory Foam Insole-Comfortable Womens Sandals for Summer,¥287.93,3.8,100+ bought in past month,,,,,,https://www.amazon.com/CUSHIONAIRE-Womens-Melissa-Espadrille-Sandal/dp/B07S758RTR/ref=sr_1_13?dib=eyJ2IjoiMSJ9.EIJh1jY9ea3EISWsO86AbRTimG68G4WZuo_0N_aXtZDsm7HknsiVMwk4Ipi71BAqYpDlbmE5ztUgA225xRuXvA1p0v6OCzy818VqxpReOQq4pvi-mp6pc9ooJAL8jmCRQL07_htx6iyOfsPVS_O4MBOGNPrcCvmh65F9mYOfjo00jG460mNeoHvOaqpBSsjI3UGD8ZYsdDxMezUbcHYOV3UeymjScl_CkUR3zsO-6buYcxEwFy1C8cQxm78kM2-G00lpEm9g-dKXScNZDScRwKJt3gXiFY3URv3tzWMMES8.C2XqrU8IUhFUrcQZxdDI_QZv68BHVrcPxiii7TtsQfM&dib_tag=se&keywords=platform+sandals+women&qid=1791095859&sr=8-13,https://m.media-amazon.com/images/I/81ZJ-NyvHwL._AC_UL320_.jpg,77,排名进入前30；评论数达到50以上；价格处于人民币等值¥180.00-¥288.00区间；标题包含 platform、comfort、summer，符合美国女鞋舒适化趋势；platform + comfort组合趋势加分。
2026-10-04,amazon_us,product,search,platform sandals women,9,"Vilanva Women’s Platform Slide Sandals, 2 Inch Chunky Double Strap Slip-On Sandals with Cushioned Footbed, Water-Friendly Non-Slip Casual Summer Slides",¥129.53,4.0,"Price, product page $17.99 $ 17 . 99 List: $45.99 List: $45.99 $45.99",,,,,,https://www.amazon.com/Vilanva-Platform-Lightweight-Comfortable-Non-Slip/dp/B0GH6HQ54N/ref=sr_1_4?dib=eyJ2IjoiMSJ9.EIJh1jY9ea3EISWsO86AbRTimG68G4WZuo_0N_aXtZDsm7HknsiVMwk4Ipi71BAqYpDlbmE5ztUgA225xRuXvA1p0v6OCzy818VqxpReOQq4pvi-mp6pc9ooJAL8jmCRQL07_htx6iyOfsPVS_O4MBOGNPrcCvmh65F9mYOfjo00jG460mNeoHvOaqpBSsjI3UGD8ZYsdDxMezUbcHYOV3UeymjScl_CkUR3zsO-6buYcxEwFy1C8cQxm78kM2-G00lpEm9g-dKXScNZDScRwKJt3gXiFY3URv3tzWMMES8.C2XqrU8IUhFUrcQZxdDI_QZv68BHVrcPxiii7TtsQfM&dib_tag=se&keywords=platform+sandals+women&qid=1791095859&sr=8-4,https://m.media-amazon.com/images/I/71Rd9P48eZL._AC_UL320_.jpg,75,排名靠前；价格处于人民币等值¥57.60-¥180.00黄金区间；标题包含 platform、summer，符合美国女鞋舒适化趋势；评分达到4.0以上。
2026-10-04,amazon_us,product,search,platform sandals women,10,Soda Topic Open Toe Buckle Ankle Strap Espadrilles Flatform Wedge Casual Sandal,¥176.98,4.5,100+ bought in past month,,,,,,https://www.amazon.com/Soda-Buckle-Espadrilles-Flatform-Casual/dp/B0C5S26DHB/ref=sr_1_5?dib=eyJ2IjoiMSJ9.EIJh1jY9ea3EISWsO86AbRTimG68G4WZuo_0N_aXtZDsm7HknsiVMwk4Ipi71BAqYpDlbmE5ztUgA225xRuXvA1p0v6OCzy818VqxpReOQq4pvi-mp6pc9ooJAL8jmCRQL07_htx6iyOfsPVS_O4MBOGNPrcCvmh65F9mYOfjo00jG460mNeoHvOaqpBSsjI3UGD8ZYsdDxMezUbcHYOV3UeymjScl_CkUR3zsO-6buYcxEwFy1C8cQxm78kM2-G00lpEm9g-dKXScNZDScRwKJt3gXiFY3URv3tzWMMES8.C2XqrU8IUhFUrcQZxdDI_QZv68BHVrcPxiii7TtsQfM&dib_tag=se&keywords=platform+sandals+women&qid=1791095859&sr=8-5,https://m.media-amazon.com/images/I/71q-Jp+UEkL._AC_UL320_.jpg,75,排名靠前；评论数达到50以上；价格处于人民币等值¥57.60-¥180.00黄金区间；标题包含 wedge，符合美国女鞋舒适化趋势；评分达到4.3以上。
2026-10-04,amazon_us,product,search,women slides,19,Comwarm Cloud Slide Sandals for Women Men Ultra Comfort Recovery Slippers,¥86.33,4.2,"Soft Summer Beach Shoes with Low Arch Support, Non-Slip Lightweight Pillow Slides",,,,,,https://www.amazon.com/Sandals-Lightweight-Bathroom-Non-Slip-Slippers/dp/B099DTRKSL/ref=sr_1_19?dib=eyJ2IjoiMSJ9.UXktg5ZKJZxCJyRKr9FwH-5ISCpT-qDImHOl_nO4JUk1laVOb-Ah8igw-ZnwNyWJlS5_tfDO32XYjzKY-SeZHbMnoWamz44QPqb3gC6jgzlt2AKXZY31I128UQ6a3Ibc67Pi_7N9A8CwH-L4Tnh-6QjMiqqWsC6KXkKrEsww7P2doSgE4UnqXETHPDAjEK5UfKSECc52D0vyFDiw0E-NUfyCmgSuOiPtP49WxR5Y-IbbP-jIHZ3kD8pONYcdt0OFlDoKXgKX3-NNmO5QfEGahk4HIhJ6zH_CNCv3XW946Gw.vRE15SgsqS9i_m2ljyE8Pk_C9lDXPrk3FC7kZCvemz0&dib_tag=se&keywords=women+slides&qid=1791095859&sr=8-19,https://m.media-amazon.com/images/I/71outwcHwWL._AC_UL320_.jpg,74,排名进入前30；价格处于人民币等值¥57.60-¥180.00黄金区间；标题包含 cloud、recovery、comfort，符合美国女鞋舒适化趋势；评分达到4.0以上。
2026-10-04,amazon_us,product,best_sellers,Best Sellers Women Sandals,4,"Joomra Pillow Slippers for Women and Men Thick Sole Ultra Cushion Slides | Cloud-Like Sole, Quick Drying Shower Shoes, Soft Open Toe Indoor Outdoor Sandals",,4.3,$20.34,,,,,,https://www.amazon.com/Joomra-Slippers-Massage-Bathroom-Platform/dp/B09652VJP1/ref=zg_bs_g_679425011_d_sccl_4/143-2230118-5467469?psc=1,"https://images-na.ssl-images-amazon.com/images/I/71pkhgTTRXL._AC_UL600_SR600,400_.jpg",73,排名靠前；标题包含 cloud、soft，符合美国女鞋舒适化趋势；cloud + slides组合趋势加分；评分达到4.3以上。
2026-10-04,amazon_us,product,new_releases,New Releases Women Sandals,26,IDIFU Platform Chunky Block Strappy Heels Sandals | Slingback Heeled Sandals Thick Open Square Toe Comfortable Dress Shoes for Women Wedding Work Prom Ladies Cute Heel,¥287.93,4.2,41,,,,,,https://www.amazon.com/IDIFU-Platform-Chunky-Strappy-Sandals/dp/B0H1LQRCYB/ref=zg_bsnr_g_679425011_d_sccl_26/135-9474429-0924631?psc=1,"https://images-na.ssl-images-amazon.com/images/I/61zeFLRuxkL._AC_UL600_SR600,400_.jpg",73,排名进入前30；价格处于人民币等值¥180.00-¥288.00区间；标题包含 platform、comfort，符合美国女鞋舒适化趋势；platform + comfort组合趋势加分；评分达到4.0以上。
2026-10-04,amazon_us,product,search,platform sandals women,1,CUSHIONAIRE Pim Wedge Chunky Platform Womens Sandals with Firm Knit Upper & Memory Foam Summer Sandals for Women,¥287.93,4.0,Products highlighted as 'Overall Pick' are:,,,,,,https://www.amazon.com/CUSHIONAIRE-Womens-platform-sandal-Memory/dp/B09M96YX6M/ref=sr_1_1?dib=eyJ2IjoiMSJ9.EIJh1jY9ea3EISWsO86AbRTimG68G4WZuo_0N_aXtZDsm7HknsiVMwk4Ipi71BAqYpDlbmE5ztUgA225xRuXvA1p0v6OCzy818VqxpReOQq4pvi-mp6pc9ooJAL8jmCRQL07_htx6iyOfsPVS_O4MBOGNPrcCvmh65F9mYOfjo00jG460mNeoHvOaqpBSsjI3UGD8ZYsdDxMezUbcHYOV3UeymjScl_CkUR3zsO-6buYcxEwFy1C8cQxm78kM2-G00lpEm9g-dKXScNZDScRwKJt3gXiFY3URv3tzWMMES8.C2XqrU8IUhFUrcQZxdDI_QZv68BHVrcPxiii7TtsQfM&dib_tag=se&keywords=platform+sandals+women&qid=1791095859&sr=8-1,https://m.media-amazon.com/images/I/81v0nOOl2oL._AC_UL320_.jpg,73,排名靠前；价格处于人民币等值¥180.00-¥288.00区间；标题包含 platform、summer、wedge，符合美国女鞋舒适化趋势；评分达到4.0以上。
2026-10-04,amazon_us,product,new_releases,New Releases Women Sandals,49,"UBFEN Womens Low Wedge Platform Sandals Espadrille Orthopedic Arch Support | Cushion Insole, Comfortable for Walking, Adjustable Strap, 2 Inches Platform Heel Height, Dressy for Vacation, Travel, Dating",,4.5,$39.99,,,,,,https://www.amazon.com/UBFEN-Platform-Sandals-Espadrille-Orthopedic/dp/B0H6WDB6D5/ref=zg_bsnr_g_679425011_d_sccl_49/135-9474429-0924631?psc=1,"https://images-na.ssl-images-amazon.com/images/I/71alTFCPCdL._AC_UL300_SR300,200_.jpg",72,排名进入前50；标题包含 platform、orthopedic、comfort、arch support、wedge，符合美国女鞋舒适化趋势；platform + comfort组合趋势加分；orthopedic + arch support组合趋势加分；评分达到4.3以上。
2026-10-04,amazon_us,product,search,women summer slippers,20,Womens Comfortable Slides Sandals: Lightweight Soft Cushioned Slip On Flat Sandals - Dressy Summer Shoes for Casual Walking Travel,¥70.49,4.6,"Price, product page $9.79 $ 9 . 79 Typical: $13.99 Typical: $13.99 $13.99",,,,,,https://www.amazon.com/Diarilip-Womens-Comfortable-Slides-Sandals/dp/B0GZN9H21P/ref=sr_1_20?dib=eyJ2IjoiMSJ9._L_gfE0XXegGAngREyIarjc0-exgFjT5G99gOBL_2588cZsQrBwFJdUT61LMAIXpSAoEZAjDAiUPCp8_oXaoFeq_jhMbRoVydHZEuMaMgKRh0mIIDsNWLK5ZM9iE-SEWSIf3XSY4kWhUO5N47Nv3ABYAr0H4pmUl-drbgsxVVdefvuL9NSF1PbfIjpbxhWEKmeMPOGrxt5zseA0v5ZquNsezg4B-KuTqwmYvdDNidaoGl-TjGyLZlmH9FGusvFaGNVpjZt-u94JRZTOlgKi4fSzgNx1xQSeMdrSok6xoQ0I.E946euP8Oya8kU6itTtmjNAUfvKK5Ca9tMaDAAiOthQ&dib_tag=se&keywords=women+summer+slippers&qid=1791095857&sr=8-20,https://m.media-amazon.com/images/I/81PtNHs+1kL._AC_UL320_.jpg,72,排名进入前30；价格处于人民币等值¥57.60-¥180.00黄金区间；标题包含 comfort、soft、summer，符合美国女鞋舒适化趋势；评分达到4.6以上。
2026-10-04,amazon_us,product,best_sellers,Best Sellers Women Sandals,29,"IDIFU Women's Dressy Strappy 2 Inch Low Kitten Heels Open Toe Heel Sandals | Short Small Slingback Heeled Sandal, Comfortable Dress Shoes for Women Lady Bridesmaids in Wedding Bridal Prom Dance Evening",¥331.13,4.4,"4,654",,,,,,https://www.amazon.com/IDIFU-Strappy-Sandals-Wedding-Glitter/dp/B07TG8S96G/ref=zg_bs_g_679425011_d_sccl_29/143-2230118-5467469?psc=1,"https://images-na.ssl-images-amazon.com/images/I/716u32p-+2L._AC_UL600_SR600,400_.jpg",71,排名进入前30；评论数达到1000以上；价格高于人民币等值¥288.00；标题包含 comfort，符合美国女鞋舒适化趋势；评分达到4.3以上。
2026-10-04,amazon_us,product,search,platform sandals women,27,"Monrovia Raffia Platform Sandals for Women Slip-On Espadrille Wedges Slides, Flatform Woven Straw Summer Vacation Beach Shoes",¥143.93,4.1,"Price, product page $19.99 $ 19 . 99 List: $59.98 List: $59.98 $59.98",,,,,,https://www.amazon.com/Monrovia-Platform-Espadrille-Flatform-Vacation/dp/B0FVX54GF6/ref=sr_1_22?dib=eyJ2IjoiMSJ9.EIJh1jY9ea3EISWsO86AbRTimG68G4WZuo_0N_aXtZDsm7HknsiVMwk4Ipi71BAqYpDlbmE5ztUgA225xRuXvA1p0v6OCzy818VqxpReOQq4pvi-mp6pc9ooJAL8jmCRQL07_htx6iyOfsPVS_O4MBOGNPrcCvmh65F9mYOfjo00jG460mNeoHvOaqpBSsjI3UGD8ZYsdDxMezUbcHYOV3UeymjScl_CkUR3zsO-6buYcxEwFy1C8cQxm78kM2-G00lpEm9g-dKXScNZDScRwKJt3gXiFY3URv3tzWMMES8.C2XqrU8IUhFUrcQZxdDI_QZv68BHVrcPxiii7TtsQfM&dib_tag=se&keywords=platform+sandals+women&qid=1791095859&sr=8-22,https://m.media-amazon.com/images/I/71Td3IAnifL._AC_UL320_.jpg,71,排名进入前30；价格处于人民币等值¥57.60-¥180.00黄金区间；标题包含 platform、beach、summer、wedge，符合美国女鞋舒适化趋势；评分达到4.0以上。
2026-10-04,amazon_us,product,best_sellers,Best Sellers Women Sandals,3,KuaiLu Flip Flops for Women with Arch Support Summer Beach Thong Sandals | Comfortable Yoga Mat Walking Shoes Cushion Slip On Casual Outfits Indoor Outdoor,,4.3,$9.99,,,,,,https://www.amazon.com/KuaiLu-Support-Comfortable-Walking-Sandals/dp/B0C5ZRQS2X/ref=zg_bs_g_679425011_d_sccl_3/143-2230118-5467469?psc=1,"https://images-na.ssl-images-amazon.com/images/I/710PdcSAm6L._AC_UL600_SR600,400_.jpg",70,排名靠前；标题包含 comfort、arch support、beach、summer，符合美国女鞋舒适化趋势；评分达到4.3以上。
2026-10-04,amazon_us,product,new_releases,New Releases Women Sandals,8,"VIVASUN Flip Flops for Women with Arch Support Non-Slip Thong Sandals for Beach, Pool, Shower, Casual Summer Wear Comfortable Flip Flops",,4.5,$9.99,,,,,,https://www.amazon.com/VIVASUN-Support-Non-Slip-Sandals-Comfortable/dp/B0H3JMZ11X/ref=zg_bsnr_g_679425011_d_sccl_8/135-9474429-0924631?psc=1,"https://images-na.ssl-images-amazon.com/images/I/61u9FrNqQQL._AC_UL600_SR600,400_.jpg",70,排名靠前；标题包含 comfort、arch support、beach、summer，符合美国女鞋舒适化趋势；评分达到4.3以上。
2026-10-04,amazon_us,product,search,women summer slippers,5,GOEWY Fuzzy Open Toe Slippers for Women Cozy Memory Foam House Shoes Indoor,¥71.93,4.6,"Cute Cross Band,Soft Faux Fur,Anti-slip Sole Outdoor,Machine-washable,Lightweight,Slip on Gifts for Women,Mom and Bridesmaid",,,,,,https://www.amazon.com/GOEWY-Slippers-Outdoor-Slipper-Bridesmaid/dp/B0DT12FRRT/ref=sr_1_5?dib=eyJ2IjoiMSJ9._L_gfE0XXegGAngREyIarjc0-exgFjT5G99gOBL_2588cZsQrBwFJdUT61LMAIXpSAoEZAjDAiUPCp8_oXaoFeq_jhMbRoVydHZEuMaMgKRh0mIIDsNWLK5ZM9iE-SEWSIf3XSY4kWhUO5N47Nv3ABYAr0H4pmUl-drbgsxVVdefvuL9NSF1PbfIjpbxhWEKmeMPOGrxt5zseA0v5ZquNsezg4B-KuTqwmYvdDNidaoGl-TjGyLZlmH9FGusvFaGNVpjZt-u94JRZTOlgKi4fSzgNx1xQSeMdrSok6xoQ0I.E946euP8Oya8kU6itTtmjNAUfvKK5Ca9tMaDAAiOthQ&dib_tag=se&keywords=women+summer+slippers&qid=1791095857&sr=8-5,https://m.media-amazon.com/images/I/612fmVMoiKL._AC_UL320_.jpg,70,排名靠前；价格处于人民币等值¥57.60-¥180.00黄金区间；评分达到4.6以上。
2026-10-04,amazon_us,product,search,women summer slippers,7,GOEWY Cute Slippers for Women Indoor with Bow Open Toe Summer Shoes,¥71.78,4.4,"Cozy Memory Foam, Anti-Skid Sole, Machine Wash, Soft Spa Slides Birthday Gifts for Women Mom Her Ladies Bridesmaid",,,,,,https://www.amazon.com/GOEWY-Slippers-Anti-Skid-Birthday-Bridesmaid/dp/B0DRFQKGW3/ref=sr_1_7?dib=eyJ2IjoiMSJ9._L_gfE0XXegGAngREyIarjc0-exgFjT5G99gOBL_2588cZsQrBwFJdUT61LMAIXpSAoEZAjDAiUPCp8_oXaoFeq_jhMbRoVydHZEuMaMgKRh0mIIDsNWLK5ZM9iE-SEWSIf3XSY4kWhUO5N47Nv3ABYAr0H4pmUl-drbgsxVVdefvuL9NSF1PbfIjpbxhWEKmeMPOGrxt5zseA0v5ZquNsezg4B-KuTqwmYvdDNidaoGl-TjGyLZlmH9FGusvFaGNVpjZt-u94JRZTOlgKi4fSzgNx1xQSeMdrSok6xoQ0I.E946euP8Oya8kU6itTtmjNAUfvKK5Ca9tMaDAAiOthQ&dib_tag=se&keywords=women+summer+slippers&qid=1791095857&sr=8-7,https://m.media-amazon.com/images/I/71cJmHLWhGL._AC_UL320_.jpg,70,排名靠前；价格处于人民币等值¥57.60-¥180.00黄金区间；标题包含 summer，符合美国女鞋舒适化趋势；评分达到4.3以上。
2026-10-04,amazon_us,product,search,women summer slippers,8,Evshine Summer House Slippers for Women Corduroy Open Toe Indoor Slippers,¥93.53,4.4,"Stylish Cross Bow Design, High-Density Memory Foam, Lightweight & Foldable",,,,,,https://www.amazon.com/Evshine-Summer-Slippers-Corduroy-Bedroom/dp/B0CSN39WDS/ref=sr_1_8?dib=eyJ2IjoiMSJ9._L_gfE0XXegGAngREyIarjc0-exgFjT5G99gOBL_2588cZsQrBwFJdUT61LMAIXpSAoEZAjDAiUPCp8_oXaoFeq_jhMbRoVydHZEuMaMgKRh0mIIDsNWLK5ZM9iE-SEWSIf3XSY4kWhUO5N47Nv3ABYAr0H4pmUl-drbgsxVVdefvuL9NSF1PbfIjpbxhWEKmeMPOGrxt5zseA0v5ZquNsezg4B-KuTqwmYvdDNidaoGl-TjGyLZlmH9FGusvFaGNVpjZt-u94JRZTOlgKi4fSzgNx1xQSeMdrSok6xoQ0I.E946euP8Oya8kU6itTtmjNAUfvKK5Ca9tMaDAAiOthQ&dib_tag=se&keywords=women+summer+slippers&qid=1791095857&sr=8-8,https://m.media-amazon.com/images/I/71SaoMUrpoL._AC_UL320_.jpg,70,排名靠前；价格处于人民币等值¥57.60-¥180.00黄金区间；标题包含 summer，符合美国女鞋舒适化趋势；评分达到4.3以上。
2026-10-04,amazon_us,product,search,women slides,8,PUMA Women's Cool Cat 3.0 Slide Sandals,¥199.94,5.0,100+ bought in past month,,,,,,https://www.amazon.com/PUMA-Womens-Slide-Sandals-Black-Mauve/dp/B0GRKGZ78L/ref=sr_1_8?dib=eyJ2IjoiMSJ9.UXktg5ZKJZxCJyRKr9FwH-5ISCpT-qDImHOl_nO4JUk1laVOb-Ah8igw-ZnwNyWJlS5_tfDO32XYjzKY-SeZHbMnoWamz44QPqb3gC6jgzlt2AKXZY31I128UQ6a3Ibc67Pi_7N9A8CwH-L4Tnh-6QjMiqqWsC6KXkKrEsww7P2doSgE4UnqXETHPDAjEK5UfKSECc52D0vyFDiw0E-NUfyCmgSuOiPtP49WxR5Y-IbbP-jIHZ3kD8pONYcdt0OFlDoKXgKX3-NNmO5QfEGahk4HIhJ6zH_CNCv3XW946Gw.vRE15SgsqS9i_m2ljyE8Pk_C9lDXPrk3FC7kZCvemz0&dib_tag=se&keywords=women+slides&qid=1791095859&sr=8-8,https://m.media-amazon.com/images/I/71kIVrdgXOL._AC_UL320_.jpg,70,排名靠前；评论数达到50以上；价格处于人民币等值¥180.00-¥288.00区间；评分达到4.6以上。
2026-10-04,amazon_us,product,search,platform sandals women,4,"Women's Platform Sandals, Cork Footbed Slides with Double Buckles",¥215.93,4.4,"Comfort platform slides with cork footbed, adjustable double buckles and wide fit for summer beach, travel and everyday wear.",,,,,,https://www.amazon.com/sspa/click?ie=UTF8&spc=MTo0MzE4Mzg5NTk5NDEyNTU5OjE3OTEwOTU4NTk6c3Bfc2VhcmNoX3RoZW1hdGljOjMwMDc4NzA5MjE5ODgwMjo6MDo6&url=%2FBiuYorBTY-Platform-Sandals-Footbed-Comfort%2Fdp%2FB0DZ1N2Y36%2Fref%3Dsxin_15_pa_sp_search_thematic_sspa%3Fcontent-id%3Damzn1.sym.befd5ae9-64c6-40e0-90f2-45ad7003b71b%253Aamzn1.sym.befd5ae9-64c6-40e0-90f2-45ad7003b71b%26cv_ct_cx%3Dplatform%2Bsandals%2Bwomen%26keywords%3Dplatform%2Bsandals%2Bwomen%26pd_rd_i%3DB0DZ1N2Y36%26pd_rd_r%3Dd6d0c773-aa9d-465f-a130-23e8168f531c%26pd_rd_w%3Dl5Ney%26pd_rd_wg%3D8lvb4%26pf_rd_p%3Dbefd5ae9-64c6-40e0-90f2-45ad7003b71b%26pf_rd_r%3DMGESTMWB7MF8GKG69XVK%26qid%3D1791095859%26sbo%3DRZvfv%252F%252FHxDF%252BO5021pAnSA%253D%253D%26sr%3D1-1-7efdef4d-9875-47e1-927f-8c2c1c47ed49-spons%26aref%3DhasMprJP9N%26sp_csd%3Dd2lkZ2V0TmFtZT1zcF9zZWFyY2hfdGhlbWF0aWM%26psc%3D1&aref=hasMprJP9N,https://m.media-amazon.com/images/I/716g0SFJuTL._AC_UL320_.jpg,70,排名靠前；价格处于人民币等值¥180.00-¥288.00区间；标题包含 platform，符合美国女鞋舒适化趋势；评分达到4.3以上。
2026-10-04,amazon_us,product,search,platform sandals women,19,Athlefit Women's Espadrilles Sandals Ankle Strap Buckle Wedge Sandal Open Toe Studded Platform Sandals,¥122.33,4.0,50+ bought in past month,,,,,,https://www.amazon.com/Athlefit-Espadrilles-Sandals-Studded-Platform/dp/B083NZVCQH/ref=sr_1_14?dib=eyJ2IjoiMSJ9.EIJh1jY9ea3EISWsO86AbRTimG68G4WZuo_0N_aXtZDsm7HknsiVMwk4Ipi71BAqYpDlbmE5ztUgA225xRuXvA1p0v6OCzy818VqxpReOQq4pvi-mp6pc9ooJAL8jmCRQL07_htx6iyOfsPVS_O4MBOGNPrcCvmh65F9mYOfjo00jG460mNeoHvOaqpBSsjI3UGD8ZYsdDxMezUbcHYOV3UeymjScl_CkUR3zsO-6buYcxEwFy1C8cQxm78kM2-G00lpEm9g-dKXScNZDScRwKJt3gXiFY3URv3tzWMMES8.C2XqrU8IUhFUrcQZxdDI_QZv68BHVrcPxiii7TtsQfM&dib_tag=se&keywords=platform+sandals+women&qid=1791095859&sr=8-14,https://m.media-amazon.com/images/I/71PoCinhRsL._AC_UL320_.jpg,70,排名进入前30；评论数达到50以上；价格处于人民币等值¥57.60-¥180.00黄金区间；标题包含 platform、wedge，符合美国女鞋舒适化趋势；评分达到4.0以上。
2026-10-04,amazon_us,product,search,women summer slippers,24,KuaiLu Flip Flops for Women with Arch Support Summer Beach Thong Sandals,¥100.66,4.3,Comfortable Yoga Mat Walking Shoes Cushion Slip On Casual Outfits Indoor Outdoor,,,,,,https://www.amazon.com/KuaiLu-Support-Comfortable-Walking-Sandals/dp/B0C5ZZ51RT/ref=sr_1_24?dib=eyJ2IjoiMSJ9._L_gfE0XXegGAngREyIarjc0-exgFjT5G99gOBL_2588cZsQrBwFJdUT61LMAIXpSAoEZAjDAiUPCp8_oXaoFeq_jhMbRoVydHZEuMaMgKRh0mIIDsNWLK5ZM9iE-SEWSIf3XSY4kWhUO5N47Nv3ABYAr0H4pmUl-drbgsxVVdefvuL9NSF1PbfIjpbxhWEKmeMPOGrxt5zseA0v5ZquNsezg4B-KuTqwmYvdDNidaoGl-TjGyLZlmH9FGusvFaGNVpjZt-u94JRZTOlgKi4fSzgNx1xQSeMdrSok6xoQ0I.E946euP8Oya8kU6itTtmjNAUfvKK5Ca9tMaDAAiOthQ&dib_tag=se&keywords=women+summer+slippers&qid=1791095857&sr=8-24,https://m.media-amazon.com/images/I/710PdcSAm6L._AC_UL320_.jpg,69,排名进入前30；价格处于人民币等值¥57.60-¥180.00黄金区间；标题包含 arch support、beach、summer，符合美国女鞋舒适化趋势；评分达到4.3以上。
2026-10-04,amazon_us,product,search,women summer slippers,25,KIDMI Women's Arch Support Flip Flops with Comfortable Cushion Footbed,¥151.13,4.4,Lightweight Summer Beach Walking Thong Sandals for Casual Outdoor Wear,,,,,,https://www.amazon.com/KIDMI-Womens-Comfortable-Walking-Sandals/dp/B0FC28GT31/ref=sr_1_25?dib=eyJ2IjoiMSJ9._L_gfE0XXegGAngREyIarjc0-exgFjT5G99gOBL_2588cZsQrBwFJdUT61LMAIXpSAoEZAjDAiUPCp8_oXaoFeq_jhMbRoVydHZEuMaMgKRh0mIIDsNWLK5ZM9iE-SEWSIf3XSY4kWhUO5N47Nv3ABYAr0H4pmUl-drbgsxVVdefvuL9NSF1PbfIjpbxhWEKmeMPOGrxt5zseA0v5ZquNsezg4B-KuTqwmYvdDNidaoGl-TjGyLZlmH9FGusvFaGNVpjZt-u94JRZTOlgKi4fSzgNx1xQSeMdrSok6xoQ0I.E946euP8Oya8kU6itTtmjNAUfvKK5Ca9tMaDAAiOthQ&dib_tag=se&keywords=women+summer+slippers&qid=1791095857&sr=8-25,https://m.media-amazon.com/images/I/71xyikXkd0L._AC_UL320_.jpg,69,排名进入前30；价格处于人民币等值¥57.60-¥180.00黄金区间；标题包含 comfort、arch support，符合美国女鞋舒适化趋势；评分达到4.3以上。
2026-10-04,amazon_us,product,search,women slides,17,shevalues Women's Comfort EVA Sandals Medium Arch Support Beach Slides,¥143.93,4.2,"Adjustable Double Buckle, Waterproof, Lightweight, Soft Cushioned, Non-slip, Slip-On",,,,,,https://www.amazon.com/shevalues-Comfort-Sandals-Support-Adjustable/dp/B0GG1VL4SZ/ref=sr_1_17?dib=eyJ2IjoiMSJ9.UXktg5ZKJZxCJyRKr9FwH-5ISCpT-qDImHOl_nO4JUk1laVOb-Ah8igw-ZnwNyWJlS5_tfDO32XYjzKY-SeZHbMnoWamz44QPqb3gC6jgzlt2AKXZY31I128UQ6a3Ibc67Pi_7N9A8CwH-L4Tnh-6QjMiqqWsC6KXkKrEsww7P2doSgE4UnqXETHPDAjEK5UfKSECc52D0vyFDiw0E-NUfyCmgSuOiPtP49WxR5Y-IbbP-jIHZ3kD8pONYcdt0OFlDoKXgKX3-NNmO5QfEGahk4HIhJ6zH_CNCv3XW946Gw.vRE15SgsqS9i_m2ljyE8Pk_C9lDXPrk3FC7kZCvemz0&dib_tag=se&keywords=women+slides&qid=1791095859&sr=8-17,https://m.media-amazon.com/images/I/71N1gcg2qHL._AC_UL320_.jpg,69,排名进入前30；价格处于人民币等值¥57.60-¥180.00黄金区间；标题包含 comfort、arch support、beach，符合美国女鞋舒适化趋势；评分达到4.0以上。
2026-10-04,amazon_us,product,search,platform sandals women,39,Goosecret Women's Comfortable Arch Support Walking Platform Sandals,¥179.93,4.2,"Lightweight Chunky Slip-On Foam Slides with Adjustable Buckle,Sandals for Beach and Daily Wear",,,,,,https://www.amazon.com/Goosecret-Platform-Lightweight-Comfortable-Adjustable/dp/B0FYXHTKGR/ref=sr_1_34?dib=eyJ2IjoiMSJ9.EIJh1jY9ea3EISWsO86AbRTimG68G4WZuo_0N_aXtZDsm7HknsiVMwk4Ipi71BAqYpDlbmE5ztUgA225xRuXvA1p0v6OCzy818VqxpReOQq4pvi-mp6pc9ooJAL8jmCRQL07_htx6iyOfsPVS_O4MBOGNPrcCvmh65F9mYOfjo00jG460mNeoHvOaqpBSsjI3UGD8ZYsdDxMezUbcHYOV3UeymjScl_CkUR3zsO-6buYcxEwFy1C8cQxm78kM2-G00lpEm9g-dKXScNZDScRwKJt3gXiFY3URv3tzWMMES8.C2XqrU8IUhFUrcQZxdDI_QZv68BHVrcPxiii7TtsQfM&dib_tag=se&keywords=platform+sandals+women&qid=1791095859&sr=8-34,https://m.media-amazon.com/images/I/61FAELpxf5L._AC_UL320_.jpg,69,排名进入前50；价格处于人民币等值¥57.60-¥180.00黄金区间；标题包含 platform、comfort、arch support，符合美国女鞋舒适化趋势；platform + comfort组合趋势加分；评分达到4.0以上。
2026-10-04,amazon_us,product,search,platform sandals women,5,"TOMS Women's Majorca Platform Sandal, Textile Upper",¥527.11,4.4,"Price, product page $73.21 $ 73 . 21 List: $100.00 List: $100.00 $100.00",,,,,,https://www.amazon.com/sspa/click?ie=UTF8&spc=MTo0MzE4Mzg5NTk5NDEyNTU5OjE3OTEwOTU4NTk6c3Bfc2VhcmNoX3RoZW1hdGljOjMwMTMyNDA4MjM2MDkwMjo6MTo6&url=%2FTOMS-Majorca-Platform-Sandals-Natural%2Fdp%2FB0B785SLGC%2Fref%3Dsxin_15_pa_sp_search_thematic_sspa%3Fcontent-id%3Damzn1.sym.befd5ae9-64c6-40e0-90f2-45ad7003b71b%253Aamzn1.sym.befd5ae9-64c6-40e0-90f2-45ad7003b71b%26cv_ct_cx%3Dplatform%2Bsandals%2Bwomen%26keywords%3Dplatform%2Bsandals%2Bwomen%26pd_rd_i%3DB0B785SLGC%26pd_rd_r%3Dd6d0c773-aa9d-465f-a130-23e8168f531c%26pd_rd_w%3Dl5Ney%26pd_rd_wg%3D8lvb4%26pf_rd_p%3Dbefd5ae9-64c6-40e0-90f2-45ad7003b71b%26pf_rd_r%3DMGESTMWB7MF8GKG69XVK%26qid%3D1791095859%26sbo%3DRZvfv%252F%252FHxDF%252BO5021pAnSA%253D%253D%26sr%3D1-2-7efdef4d-9875-47e1-927f-8c2c1c47ed49-spons%26aref%3DoBShkCssea%26sp_csd%3Dd2lkZ2V0TmFtZT1zcF9zZWFyY2hfdGhlbWF0aWM%26psc%3D1&aref=oBShkCssea,https://m.media-amazon.com/images/I/71bfb69zYSL._AC_UL320_.jpg,68,排名靠前；评论数达到50以上；价格高于人民币等值¥288.00；标题包含 platform，符合美国女鞋舒适化趋势；评分达到4.3以上。
2026-10-04,amazon_us,product,search,platform sandals women,29,Project Cloud 100% Genuine Leather Platform Sandals for Women Wedge Sandals,¥287.28,4.1,Plush & Soft Insole Strappy Wedges for Women Sandals with Durable Sole Chunky Sandals for Women Everyday Platform Sandals,,,,,,https://www.amazon.com/Project-Cloud-Genuine-Leather-Platform/dp/B0FWTVB6CH/ref=sr_1_24?dib=eyJ2IjoiMSJ9.EIJh1jY9ea3EISWsO86AbRTimG68G4WZuo_0N_aXtZDsm7HknsiVMwk4Ipi71BAqYpDlbmE5ztUgA225xRuXvA1p0v6OCzy818VqxpReOQq4pvi-mp6pc9ooJAL8jmCRQL07_htx6iyOfsPVS_O4MBOGNPrcCvmh65F9mYOfjo00jG460mNeoHvOaqpBSsjI3UGD8ZYsdDxMezUbcHYOV3UeymjScl_CkUR3zsO-6buYcxEwFy1C8cQxm78kM2-G00lpEm9g-dKXScNZDScRwKJt3gXiFY3URv3tzWMMES8.C2XqrU8IUhFUrcQZxdDI_QZv68BHVrcPxiii7TtsQfM&dib_tag=se&keywords=platform+sandals+women&qid=1791095859&sr=8-24,https://m.media-amazon.com/images/I/916xAlSTTDL._AC_UL320_.jpg,68,排名进入前30；价格处于人民币等值¥180.00-¥288.00区间；标题包含 cloud、platform、wedge，符合美国女鞋舒适化趋势；评分达到4.0以上。
2026-10-04,amazon_us,product,search,women summer slippers,2,EverFoams Womens Fuzzy Open-toe Slippers Memory Foam Indoor House Shoes,¥136.58,4.4,"Machine-washable, Gifts, Memory Foam, Anti-slip Sole, Lightweight, Indoor and Outdoor, Cozy",,,,,,https://www.amazon.com/EverFoams-Womens-Slippers-Memory-Outdoor/dp/B0CLGNYKFR/ref=sr_1_2?dib=eyJ2IjoiMSJ9._L_gfE0XXegGAngREyIarjc0-exgFjT5G99gOBL_2588cZsQrBwFJdUT61LMAIXpSAoEZAjDAiUPCp8_oXaoFeq_jhMbRoVydHZEuMaMgKRh0mIIDsNWLK5ZM9iE-SEWSIf3XSY4kWhUO5N47Nv3ABYAr0H4pmUl-drbgsxVVdefvuL9NSF1PbfIjpbxhWEKmeMPOGrxt5zseA0v5ZquNsezg4B-KuTqwmYvdDNidaoGl-TjGyLZlmH9FGusvFaGNVpjZt-u94JRZTOlgKi4fSzgNx1xQSeMdrSok6xoQ0I.E946euP8Oya8kU6itTtmjNAUfvKK5Ca9tMaDAAiOthQ&dib_tag=se&keywords=women+summer+slippers&qid=1791095857&sr=8-2,https://m.media-amazon.com/images/I/81rGYT3pkaL._AC_UL320_.jpg,67,排名靠前；价格处于人民币等值¥57.60-¥180.00黄金区间；评分达到4.3以上。
2026-10-04,amazon_us,product,search,women summer slippers,4,shevalues Open Toe House Slippers for Women Men Memory Foam Bedroom Shoes,¥100.73,4.3,"Ultra-soft & Comfy Cotton, Lightweight & Breathable, Slip-on, Non-slip, Indoor & Outdoor",,,,,,https://www.amazon.com/Shevalues-Womens-Indoor-Slippers-Cotton/dp/B074HBC1BR/ref=sr_1_4?dib=eyJ2IjoiMSJ9._L_gfE0XXegGAngREyIarjc0-exgFjT5G99gOBL_2588cZsQrBwFJdUT61LMAIXpSAoEZAjDAiUPCp8_oXaoFeq_jhMbRoVydHZEuMaMgKRh0mIIDsNWLK5ZM9iE-SEWSIf3XSY4kWhUO5N47Nv3ABYAr0H4pmUl-drbgsxVVdefvuL9NSF1PbfIjpbxhWEKmeMPOGrxt5zseA0v5ZquNsezg4B-KuTqwmYvdDNidaoGl-TjGyLZlmH9FGusvFaGNVpjZt-u94JRZTOlgKi4fSzgNx1xQSeMdrSok6xoQ0I.E946euP8Oya8kU6itTtmjNAUfvKK5Ca9tMaDAAiOthQ&dib_tag=se&keywords=women+summer+slippers&qid=1791095857&sr=8-4,https://m.media-amazon.com/images/I/71JYzlHXkPL._AC_UL320_.jpg,67,排名靠前；价格处于人民币等值¥57.60-¥180.00黄金区间；评分达到4.3以上。
2026-10-04,amazon_us,product,search,women summer slippers,6,LongBay Slippers for Women Memory Foam Open Toe Indoor House Shoes Gifts,¥158.33,4.5,"Dual-Strap Slide Sandals, Comfortable Cushioning , Lightweight Non-Slip Sole, Home Bedroom, Birthday Gift, Machine Washable",,,,,,https://www.amazon.com/LongBay-Slippers-Memory-Bedroom-Dual-Strap/dp/B0DP277YRM/ref=sr_1_6?dib=eyJ2IjoiMSJ9._L_gfE0XXegGAngREyIarjc0-exgFjT5G99gOBL_2588cZsQrBwFJdUT61LMAIXpSAoEZAjDAiUPCp8_oXaoFeq_jhMbRoVydHZEuMaMgKRh0mIIDsNWLK5ZM9iE-SEWSIf3XSY4kWhUO5N47Nv3ABYAr0H4pmUl-drbgsxVVdefvuL9NSF1PbfIjpbxhWEKmeMPOGrxt5zseA0v5ZquNsezg4B-KuTqwmYvdDNidaoGl-TjGyLZlmH9FGusvFaGNVpjZt-u94JRZTOlgKi4fSzgNx1xQSeMdrSok6xoQ0I.E946euP8Oya8kU6itTtmjNAUfvKK5Ca9tMaDAAiOthQ&dib_tag=se&keywords=women+summer+slippers&qid=1791095857&sr=8-6,https://m.media-amazon.com/images/I/71BlGXBbl-L._AC_UL320_.jpg,67,排名靠前；价格处于人民币等值¥57.60-¥180.00黄金区间；评分达到4.3以上。
2026-10-04,amazon_us,product,search,women summer slippers,9,shevalues Summer House Slippers for Women Men Waffle Indoor Slippers,¥122.33,4.2,"Breathable Open toe Home Shoes, Memory Foam Slip-on Washable Bedroom Slides",,,,,,https://www.amazon.com/Shevalues-Summer-House-Slippers-Men-Breathable-Waffle-Indoor-Slippers-Slip-Open-Toe-Home-Shoes-7-5-8-5-6-5-7-5/dp/B09SLQJ637/ref=sr_1_9?dib=eyJ2IjoiMSJ9._L_gfE0XXegGAngREyIarjc0-exgFjT5G99gOBL_2588cZsQrBwFJdUT61LMAIXpSAoEZAjDAiUPCp8_oXaoFeq_jhMbRoVydHZEuMaMgKRh0mIIDsNWLK5ZM9iE-SEWSIf3XSY4kWhUO5N47Nv3ABYAr0H4pmUl-drbgsxVVdefvuL9NSF1PbfIjpbxhWEKmeMPOGrxt5zseA0v5ZquNsezg4B-KuTqwmYvdDNidaoGl-TjGyLZlmH9FGusvFaGNVpjZt-u94JRZTOlgKi4fSzgNx1xQSeMdrSok6xoQ0I.E946euP8Oya8kU6itTtmjNAUfvKK5Ca9tMaDAAiOthQ&dib_tag=se&keywords=women+summer+slippers&qid=1791095857&sr=8-9,https://m.media-amazon.com/images/I/81-CmH5PjYL._AC_UL320_.jpg,67,排名靠前；价格处于人民币等值¥57.60-¥180.00黄金区间；标题包含 summer，符合美国女鞋舒适化趋势；评分达到4.0以上。
2026-10-04,amazon_us,product,search,women slides,4,Calvin Klein Women's Athens,¥170.64,4.5,"Price, product page $23.70 $ 23 . 70 Typical: $27.26 Typical: $27.26 $27.26",,,,,,https://www.amazon.com/Calvin-Klein-Womens-Athens-Sandal/dp/B0CQRSPTDJ/ref=sr_1_4?dib=eyJ2IjoiMSJ9.UXktg5ZKJZxCJyRKr9FwH-5ISCpT-qDImHOl_nO4JUk1laVOb-Ah8igw-ZnwNyWJlS5_tfDO32XYjzKY-SeZHbMnoWamz44QPqb3gC6jgzlt2AKXZY31I128UQ6a3Ibc67Pi_7N9A8CwH-L4Tnh-6QjMiqqWsC6KXkKrEsww7P2doSgE4UnqXETHPDAjEK5UfKSECc52D0vyFDiw0E-NUfyCmgSuOiPtP49WxR5Y-IbbP-jIHZ3kD8pONYcdt0OFlDoKXgKX3-NNmO5QfEGahk4HIhJ6zH_CNCv3XW946Gw.vRE15SgsqS9i_m2ljyE8Pk_C9lDXPrk3FC7kZCvemz0&dib_tag=se&keywords=women+slides&qid=1791095859&sr=8-4,https://m.media-amazon.com/images/I/61TQsy18fPL._AC_UL320_.jpg,67,排名靠前；价格处于人民币等值¥57.60-¥180.00黄金区间；评分达到4.3以上。
2026-10-04,amazon_us,product,search,platform sandals women,16,"REEF Cushion Vista Higher Women's Platform Fashion Sandal, Arch Support, Ultra Soft Cushion Footbed",¥336.60,4.5,50+ bought in past month,,,,,,https://www.amazon.com/Reef-Womens-Cushion-Sandal-Natural/dp/B0B7TTVGVJ/ref=sr_1_11?dib=eyJ2IjoiMSJ9.EIJh1jY9ea3EISWsO86AbRTimG68G4WZuo_0N_aXtZDsm7HknsiVMwk4Ipi71BAqYpDlbmE5ztUgA225xRuXvA1p0v6OCzy818VqxpReOQq4pvi-mp6pc9ooJAL8jmCRQL07_htx6iyOfsPVS_O4MBOGNPrcCvmh65F9mYOfjo00jG460mNeoHvOaqpBSsjI3UGD8ZYsdDxMezUbcHYOV3UeymjScl_CkUR3zsO-6buYcxEwFy1C8cQxm78kM2-G00lpEm9g-dKXScNZDScRwKJt3gXiFY3URv3tzWMMES8.C2XqrU8IUhFUrcQZxdDI_QZv68BHVrcPxiii7TtsQfM&dib_tag=se&keywords=platform+sandals+women&qid=1791095859&sr=8-11,https://m.media-amazon.com/images/I/81cCTkHhaSL._AC_UL320_.jpg,67,排名进入前30；评论数达到50以上；价格高于人民币等值¥288.00；标题包含 platform、arch support、soft，符合美国女鞋舒适化趋势；评分达到4.3以上。
2026-10-04,amazon_us,product,new_releases,New Releases Women Sandals,12,Project Cloud Pool Slides For Women & Jelly Sandals For Women Footwear | Womens Sandals Comfortable w/ Memory Foam Insole - Slip Resistant Womens Jelly Sandals Beach Essentials Sandals Women,,4.2,$29.90,,,,,,https://www.amazon.com/Project-Cloud-Slides-Sandals-Footwear/dp/B0H5YKTVPP/ref=zg_bsnr_g_679425011_d_sccl_12/135-9474429-0924631?psc=1,"https://images-na.ssl-images-amazon.com/images/I/81x+j68eH7L._AC_UL600_SR600,400_.jpg",66,排名进入前30；标题包含 cloud、comfort、beach，符合美国女鞋舒适化趋势；cloud + slides组合趋势加分；评分达到4.0以上。
2026-10-04,amazon_us,product,search,women slides,28,KIDMI Women's Cork Footbed Casual Summer Sandals with Mild Arch Support,¥158.33,4.5,"Double Adjustable Buckle Slides for Men with Memory Foam, Lightweight Unisex No-Break-In Sandals",,,,,,https://www.amazon.com/KIDMI-Genuine-Sandals-Footbed-Adjustable/dp/B0DQH21M77/ref=sr_1_28?dib=eyJ2IjoiMSJ9.UXktg5ZKJZxCJyRKr9FwH-5ISCpT-qDImHOl_nO4JUk1laVOb-Ah8igw-ZnwNyWJlS5_tfDO32XYjzKY-SeZHbMnoWamz44QPqb3gC6jgzlt2AKXZY31I128UQ6a3Ibc67Pi_7N9A8CwH-L4Tnh-6QjMiqqWsC6KXkKrEsww7P2doSgE4UnqXETHPDAjEK5UfKSECc52D0vyFDiw0E-NUfyCmgSuOiPtP49WxR5Y-IbbP-jIHZ3kD8pONYcdt0OFlDoKXgKX3-NNmO5QfEGahk4HIhJ6zH_CNCv3XW946Gw.vRE15SgsqS9i_m2ljyE8Pk_C9lDXPrk3FC7kZCvemz0&dib_tag=se&keywords=women+slides&qid=1791095859&sr=8-28,https://m.media-amazon.com/images/I/81JaarSAG2L._AC_UL320_.jpg,66,排名进入前30；价格处于人民币等值¥57.60-¥180.00黄金区间；标题包含 arch support、summer，符合美国女鞋舒适化趋势；评分达到4.3以上。
2026-10-04,amazon_us,product,new_releases,New Releases Women Sandals,21,Project Cloud Platform Sandals Women - Wedge Sandals for Women 2026 (Silly) | Womens Sandals Comfortable with Soft & Plush Insole - Non Slip Beach Essentials Womens Slide - Stylish Women Footwear,,3.8,$39.90,,,,,,https://www.amazon.com/Project-Cloud-Platform-Sandals-Women/dp/B0H27GP2WC/ref=zg_bsnr_g_679425011_d_sccl_21/135-9474429-0924631?psc=1,"https://images-na.ssl-images-amazon.com/images/I/71lcJ5wbS4L._AC_UL600_SR600,400_.jpg",65,排名进入前30；标题包含 cloud、platform、comfort、soft、beach、wedge，符合美国女鞋舒适化趋势；platform + comfort组合趋势加分。
2026-10-04,amazon_us,product,search,women summer slippers,38,Isotoner Women's Satin Ballerina Slippers with Classic Ribbon Bow and Suede Sole,¥121.25,4.7,1K+ bought in past month,,,,,,https://www.amazon.com/isotoner-Ballerina-Slippers-Classic-Black-Soft/dp/B01M3Q47N6/ref=sr_1_38?dib=eyJ2IjoiMSJ9._L_gfE0XXegGAngREyIarjc0-exgFjT5G99gOBL_2588cZsQrBwFJdUT61LMAIXpSAoEZAjDAiUPCp8_oXaoFeq_jhMbRoVydHZEuMaMgKRh0mIIDsNWLK5ZM9iE-SEWSIf3XSY4kWhUO5N47Nv3ABYAr0H4pmUl-drbgsxVVdefvuL9NSF1PbfIjpbxhWEKmeMPOGrxt5zseA0v5ZquNsezg4B-KuTqwmYvdDNidaoGl-TjGyLZlmH9FGusvFaGNVpjZt-u94JRZTOlgKi4fSzgNx1xQSeMdrSok6xoQ0I.E946euP8Oya8kU6itTtmjNAUfvKK5Ca9tMaDAAiOthQ&dib_tag=se&keywords=women+summer+slippers&qid=1791095857&sr=8-38,https://m.media-amazon.com/images/I/715H7S8q3rL._AC_UL320_.jpg,65,排名进入前50；评论数达到1000以上；价格处于人民币等值¥57.60-¥180.00黄金区间；评分达到4.6以上。
2026-10-04,amazon_us,product,best_sellers,Best Sellers Women Sandals,2,mazeskin Womens Memory Foam Flip Flops Flat Thong Sandals | Soft Vegan Leather Comfortable Cushioned Casual Dressy Beach Summer Minimalist Slim Slide Shoes Indoor Outdoor,,4.2,$9.99,,,,,,https://www.amazon.com/mazeskin-Womens-Comfortable-Sandals-Leather/dp/B0F32KMZ18/ref=zg_bs_g_679425011_d_sccl_2/143-2230118-5467469?psc=1,"https://images-na.ssl-images-amazon.com/images/I/71jV8GHPNSL._AC_UL600_SR600,400_.jpg",64,排名靠前；标题包含 comfort、soft、beach、summer，符合美国女鞋舒适化趋势；评分达到4.0以上。
2026-10-04,amazon_us,product,new_releases,New Releases Women Sandals,44,IDIFU Women's Platform Sparkly Rhinestone High Stiletto Strappy Heels | 3 Inch Open Toe Dress Shoes for Women Comfortable Wedding Bridal Bridesmaid Prom Cute Stylish Ankle Strap Heeled Sandals,¥266.33,4.7,33,,,,,,https://www.amazon.com/IDIFU-Rhinestone-Sparkly-Platform-Stiletto/dp/B0H2HHLP41/ref=zg_bsnr_g_679425011_d_sccl_44/135-9474429-0924631?psc=1,"https://images-na.ssl-images-amazon.com/images/I/718MXnlf5lL._AC_UL300_SR300,200_.jpg",64,排名进入前50；价格处于人民币等值¥180.00-¥288.00区间；标题包含 platform、comfort，符合美国女鞋舒适化趋势；platform + comfort组合趋势加分；评分达到4.6以上。
2026-10-04,amazon_us,product,search,women summer slippers,3,WHITIN Women's Slides with Cushioned Thick Sole Slippers for Home Wear Y13,¥71.93,4.1,"Comfort for Daily Wear, Waterproof & Easy to Clean, Indoor & Outdoor Versatility, Lightweight EVA for All-Day",,,,,,https://www.amazon.com/WHITIN-Slippers-Cushioned-Fashionable-Lightweight/dp/B0C1C17KH8/ref=sr_1_3?dib=eyJ2IjoiMSJ9._L_gfE0XXegGAngREyIarjc0-exgFjT5G99gOBL_2588cZsQrBwFJdUT61LMAIXpSAoEZAjDAiUPCp8_oXaoFeq_jhMbRoVydHZEuMaMgKRh0mIIDsNWLK5ZM9iE-SEWSIf3XSY4kWhUO5N47Nv3ABYAr0H4pmUl-drbgsxVVdefvuL9NSF1PbfIjpbxhWEKmeMPOGrxt5zseA0v5ZquNsezg4B-KuTqwmYvdDNidaoGl-TjGyLZlmH9FGusvFaGNVpjZt-u94JRZTOlgKi4fSzgNx1xQSeMdrSok6xoQ0I.E946euP8Oya8kU6itTtmjNAUfvKK5Ca9tMaDAAiOthQ&dib_tag=se&keywords=women+summer+slippers&qid=1791095857&sr=8-3,https://m.media-amazon.com/images/I/71nA8egRirL._AC_UL320_.jpg,64,排名靠前；价格处于人民币等值¥57.60-¥180.00黄金区间；评分达到4.0以上。
2026-10-04,amazon_us,product,search,platform sandals women,23,Project Cloud Platform Sandals Women - Wedge Sandals for Women 2026 (Silly),¥287.28,3.8,Womens Sandals Comfortable with Soft & Plush Insole - Non Slip Beach Essentials Womens Slide - Stylish Women Footwear,,,,,,https://www.amazon.com/Project-Cloud-Platform-Sandals-Women/dp/B0H27GP2WC/ref=sr_1_18?dib=eyJ2IjoiMSJ9.EIJh1jY9ea3EISWsO86AbRTimG68G4WZuo_0N_aXtZDsm7HknsiVMwk4Ipi71BAqYpDlbmE5ztUgA225xRuXvA1p0v6OCzy818VqxpReOQq4pvi-mp6pc9ooJAL8jmCRQL07_htx6iyOfsPVS_O4MBOGNPrcCvmh65F9mYOfjo00jG460mNeoHvOaqpBSsjI3UGD8ZYsdDxMezUbcHYOV3UeymjScl_CkUR3zsO-6buYcxEwFy1C8cQxm78kM2-G00lpEm9g-dKXScNZDScRwKJt3gXiFY3URv3tzWMMES8.C2XqrU8IUhFUrcQZxdDI_QZv68BHVrcPxiii7TtsQfM&dib_tag=se&keywords=platform+sandals+women&qid=1791095859&sr=8-18,https://m.media-amazon.com/images/I/71lcJ5wbS4L._AC_UL320_.jpg,64,排名进入前30；价格处于人民币等值¥180.00-¥288.00区间；标题包含 cloud、platform、wedge，符合美国女鞋舒适化趋势。
2026-10-04,amazon_us,product,best_sellers,Best Sellers Women Sandals,39,"IDIFU Women's 3 Inch Block Chunky Open Toe Heels Ankle Strap Heeled Sandal | Dressy Thick Heel, Comfortable Women Dress Shoes for Wedding Bridesmaid Bridal Prom Office Homecoming and Formal",¥215.93,4.4,"4,639",,,,,,https://www.amazon.com/IDIFU-Cookie-MI-Sandals-Wedding-Homecoming/dp/B091CLMLKP/ref=zg_bs_g_679425011_d_sccl_39/135-9474429-0924631?psc=1,"https://images-na.ssl-images-amazon.com/images/I/71VhullrxGL._AC_UL300_SR300,200_.jpg",63,排名进入前50；评论数达到1000以上；价格处于人民币等值¥180.00-¥288.00区间；标题包含 comfort，符合美国女鞋舒适化趋势；评分达到4.3以上。
2026-10-04,amazon_us,product,search,women slides,13,OOFOS OOahh Recovery Slide - Women’s and Men’s,¥431.64,4.4,600+ bought in past month,,,,,,https://www.amazon.com/OOFOS-OOahh-Unisex-Slide-Sandal/dp/B0B6GN7M6R/ref=sr_1_13?dib=eyJ2IjoiMSJ9.UXktg5ZKJZxCJyRKr9FwH-5ISCpT-qDImHOl_nO4JUk1laVOb-Ah8igw-ZnwNyWJlS5_tfDO32XYjzKY-SeZHbMnoWamz44QPqb3gC6jgzlt2AKXZY31I128UQ6a3Ibc67Pi_7N9A8CwH-L4Tnh-6QjMiqqWsC6KXkKrEsww7P2doSgE4UnqXETHPDAjEK5UfKSECc52D0vyFDiw0E-NUfyCmgSuOiPtP49WxR5Y-IbbP-jIHZ3kD8pONYcdt0OFlDoKXgKX3-NNmO5QfEGahk4HIhJ6zH_CNCv3XW946Gw.vRE15SgsqS9i_m2ljyE8Pk_C9lDXPrk3FC7kZCvemz0&dib_tag=se&keywords=women+slides&qid=1791095859&sr=8-13,https://m.media-amazon.com/images/I/51dH7-05JjL._AC_UL320_.jpg,63,排名进入前30；评论数达到300以上；价格高于人民币等值¥288.00；标题包含 recovery，符合美国女鞋舒适化趋势；评分达到4.3以上。
2026-10-04,amazon_us,product,search,women slides,40,"Men's and Women's Capybara Slides,Cute Capybara Slippers for Indoor Outdoor,Non Slip Quick Drying Shower Shoes,Comfort Cloud Slides Sandals",¥71.93,4.0,"Price, product page $9.99 $ 9 . 99",,,,,,https://www.amazon.com/XUNBAI-Capybara-Slippers-Outdoor-Comfort/dp/B0GL1B5RRN/ref=sr_1_40?dib=eyJ2IjoiMSJ9.UXktg5ZKJZxCJyRKr9FwH-5ISCpT-qDImHOl_nO4JUk1laVOb-Ah8igw-ZnwNyWJlS5_tfDO32XYjzKY-SeZHbMnoWamz44QPqb3gC6jgzlt2AKXZY31I128UQ6a3Ibc67Pi_7N9A8CwH-L4Tnh-6QjMiqqWsC6KXkKrEsww7P2doSgE4UnqXETHPDAjEK5UfKSECc52D0vyFDiw0E-NUfyCmgSuOiPtP49WxR5Y-IbbP-jIHZ3kD8pONYcdt0OFlDoKXgKX3-NNmO5QfEGahk4HIhJ6zH_CNCv3XW946Gw.vRE15SgsqS9i_m2ljyE8Pk_C9lDXPrk3FC7kZCvemz0&dib_tag=se&keywords=women+slides&qid=1791095859&sr=8-40,https://m.media-amazon.com/images/I/61wFDL2ZcbL._AC_UL320_.jpg,63,排名进入前50；价格处于人民币等值¥57.60-¥180.00黄金区间；标题包含 cloud、comfort，符合美国女鞋舒适化趋势；cloud + slides组合趋势加分；评分达到4.0以上。
2026-10-04,amazon_us,product,search,platform sandals women,2,Crocs Women's Brooklyn Low Wedge Sandals,¥359.64,4.5,100+ bought in past month,,,,,,https://www.amazon.com/Crocs-Womens-Brooklyn-Cashew-Medium/dp/B0FKTRTGWW/ref=sr_1_2?dib=eyJ2IjoiMSJ9.EIJh1jY9ea3EISWsO86AbRTimG68G4WZuo_0N_aXtZDsm7HknsiVMwk4Ipi71BAqYpDlbmE5ztUgA225xRuXvA1p0v6OCzy818VqxpReOQq4pvi-mp6pc9ooJAL8jmCRQL07_htx6iyOfsPVS_O4MBOGNPrcCvmh65F9mYOfjo00jG460mNeoHvOaqpBSsjI3UGD8ZYsdDxMezUbcHYOV3UeymjScl_CkUR3zsO-6buYcxEwFy1C8cQxm78kM2-G00lpEm9g-dKXScNZDScRwKJt3gXiFY3URv3tzWMMES8.C2XqrU8IUhFUrcQZxdDI_QZv68BHVrcPxiii7TtsQfM&dib_tag=se&keywords=platform+sandals+women&qid=1791095859&sr=8-2,https://m.media-amazon.com/images/I/71q74-BOFGL._AC_UL320_.jpg,63,排名靠前；评论数达到50以上；价格高于人民币等值¥288.00；标题包含 wedge，符合美国女鞋舒适化趋势；评分达到4.3以上。
2026-10-04,amazon_us,product,search,platform sandals women,8,Soda MIGUEL ~ Women Crisscross Band Fashion Chunky Platform Block Mid Heel Sandal with Ankle Strap and Stud,¥338.04,4.3,"Price, product page $46.95 $ 46 . 95",,,,,,https://www.amazon.com/sspa/click?ie=UTF8&spc=MTo0MzE4Mzg5NTk5NDEyNTU5OjE3OTEwOTU4NTk6c3Bfc2VhcmNoX3RoZW1hdGljOjMwMDEyODE1MTYxNzcwMjo6NDo6&url=%2FMIGUEL-Crisscross-Fashion-Platform-numeric_9%2Fdp%2FB09TMXB2YK%2Fref%3Dsxin_15_pa_sp_search_thematic_sspa%3Fcontent-id%3Damzn1.sym.befd5ae9-64c6-40e0-90f2-45ad7003b71b%253Aamzn1.sym.befd5ae9-64c6-40e0-90f2-45ad7003b71b%26cv_ct_cx%3Dplatform%2Bsandals%2Bwomen%26keywords%3Dplatform%2Bsandals%2Bwomen%26pd_rd_i%3DB09TMXB2YK%26pd_rd_r%3Dd6d0c773-aa9d-465f-a130-23e8168f531c%26pd_rd_w%3Dl5Ney%26pd_rd_wg%3D8lvb4%26pf_rd_p%3Dbefd5ae9-64c6-40e0-90f2-45ad7003b71b%26pf_rd_r%3DMGESTMWB7MF8GKG69XVK%26qid%3D1791095859%26sbo%3DRZvfv%252F%252FHxDF%252BO5021pAnSA%253D%253D%26sr%3D1-5-7efdef4d-9875-47e1-927f-8c2c1c47ed49-spons%26aref%3Dl5712SH3J2%26sp_csd%3Dd2lkZ2V0TmFtZT1zcF9zZWFyY2hfdGhlbWF0aWM%26psc%3D1&aref=l5712SH3J2,https://m.media-amazon.com/images/I/71xRHiABPfL._AC_UL320_.jpg,63,排名靠前；价格高于人民币等值¥288.00；标题包含 platform，符合美国女鞋舒适化趋势；评分达到4.3以上。
2026-10-04,amazon_us,product,search,platform sandals women,38,Rocket Dog Women's Crush Comfort Foam Platform Flip Flop Sandal,¥201.31,4.2,100+ bought in past month,,,,,,https://www.amazon.com/Rocket-Dog-Womens-Platform-Sandal/dp/B000W91BWU/ref=sr_1_33?dib=eyJ2IjoiMSJ9.EIJh1jY9ea3EISWsO86AbRTimG68G4WZuo_0N_aXtZDsm7HknsiVMwk4Ipi71BAqYpDlbmE5ztUgA225xRuXvA1p0v6OCzy818VqxpReOQq4pvi-mp6pc9ooJAL8jmCRQL07_htx6iyOfsPVS_O4MBOGNPrcCvmh65F9mYOfjo00jG460mNeoHvOaqpBSsjI3UGD8ZYsdDxMezUbcHYOV3UeymjScl_CkUR3zsO-6buYcxEwFy1C8cQxm78kM2-G00lpEm9g-dKXScNZDScRwKJt3gXiFY3URv3tzWMMES8.C2XqrU8IUhFUrcQZxdDI_QZv68BHVrcPxiii7TtsQfM&dib_tag=se&keywords=platform+sandals+women&qid=1791095859&sr=8-33,https://m.media-amazon.com/images/I/71kguy0F5cL._AC_UL320_.jpg,63,排名进入前50；评论数达到50以上；价格处于人民币等值¥180.00-¥288.00区间；标题包含 platform、comfort，符合美国女鞋舒适化趋势；platform + comfort组合趋势加分；评分达到4.0以上。
2026-10-04,amazon_us,product,search,women summer slippers,13,IPSAE House Slippers for Woman Memory Foam Open Toe Slippers Corduroy Cross Bow Womens Slipper Slides Comfy Indoor Bedroom Slip On Shoes,¥71.93,4.4,100+ bought in past month,,,,,,https://www.amazon.com/IPSAE-Slippers-Corduroy-Slipper-Bedroom/dp/B0DB4W73J3/ref=sr_1_13?dib=eyJ2IjoiMSJ9._L_gfE0XXegGAngREyIarjc0-exgFjT5G99gOBL_2588cZsQrBwFJdUT61LMAIXpSAoEZAjDAiUPCp8_oXaoFeq_jhMbRoVydHZEuMaMgKRh0mIIDsNWLK5ZM9iE-SEWSIf3XSY4kWhUO5N47Nv3ABYAr0H4pmUl-drbgsxVVdefvuL9NSF1PbfIjpbxhWEKmeMPOGrxt5zseA0v5ZquNsezg4B-KuTqwmYvdDNidaoGl-TjGyLZlmH9FGusvFaGNVpjZt-u94JRZTOlgKi4fSzgNx1xQSeMdrSok6xoQ0I.E946euP8Oya8kU6itTtmjNAUfvKK5Ca9tMaDAAiOthQ&dib_tag=se&keywords=women+summer+slippers&qid=1791095857&sr=8-13,https://m.media-amazon.com/images/I/71GcxKVQLUL._AC_UL320_.jpg,62,排名进入前30；评论数达到50以上；价格处于人民币等值¥57.60-¥180.00黄金区间；评分达到4.3以上。
2026-10-04,amazon_us,product,search,women summer slippers,15,Ultralight Soft Indoor Open Toe Cotton linen Slippers Absorb Sweat Cloth Bottom House Slippers,¥107.93,4.1,200+ bought in past month,,,,,,https://www.amazon.com/Ultralight-Indoor-Cotton-Slippers-Absorb/dp/B09MRP87ZZ/ref=sr_1_15?dib=eyJ2IjoiMSJ9._L_gfE0XXegGAngREyIarjc0-exgFjT5G99gOBL_2588cZsQrBwFJdUT61LMAIXpSAoEZAjDAiUPCp8_oXaoFeq_jhMbRoVydHZEuMaMgKRh0mIIDsNWLK5ZM9iE-SEWSIf3XSY4kWhUO5N47Nv3ABYAr0H4pmUl-drbgsxVVdefvuL9NSF1PbfIjpbxhWEKmeMPOGrxt5zseA0v5ZquNsezg4B-KuTqwmYvdDNidaoGl-TjGyLZlmH9FGusvFaGNVpjZt-u94JRZTOlgKi4fSzgNx1xQSeMdrSok6xoQ0I.E946euP8Oya8kU6itTtmjNAUfvKK5Ca9tMaDAAiOthQ&dib_tag=se&keywords=women+summer+slippers&qid=1791095857&sr=8-15,https://m.media-amazon.com/images/I/81KNq3E0H3L._AC_UL320_.jpg,62,排名进入前30；评论数达到50以上；价格处于人民币等值¥57.60-¥180.00黄金区间；标题包含 soft，符合美国女鞋舒适化趋势；评分达到4.0以上。
2026-10-04,amazon_us,product,search,women summer slippers,35,Isotoner Women's 2 Pack Mictroterry Ballerina Slipper with a Satin Bow,¥127.66,4.4,1K+ bought in past month,,,,,,https://www.amazon.com/isotoner-Ballerina-Slipper-Quilted-Periwinkle/dp/B07W7W26CG/ref=sr_1_35?dib=eyJ2IjoiMSJ9._L_gfE0XXegGAngREyIarjc0-exgFjT5G99gOBL_2588cZsQrBwFJdUT61LMAIXpSAoEZAjDAiUPCp8_oXaoFeq_jhMbRoVydHZEuMaMgKRh0mIIDsNWLK5ZM9iE-SEWSIf3XSY4kWhUO5N47Nv3ABYAr0H4pmUl-drbgsxVVdefvuL9NSF1PbfIjpbxhWEKmeMPOGrxt5zseA0v5ZquNsezg4B-KuTqwmYvdDNidaoGl-TjGyLZlmH9FGusvFaGNVpjZt-u94JRZTOlgKi4fSzgNx1xQSeMdrSok6xoQ0I.E946euP8Oya8kU6itTtmjNAUfvKK5Ca9tMaDAAiOthQ&dib_tag=se&keywords=women+summer+slippers&qid=1791095857&sr=8-35,https://m.media-amazon.com/images/I/71By5NlPHFL._AC_UL320_.jpg,62,排名进入前50；评论数达到1000以上；价格处于人民币等值¥57.60-¥180.00黄金区间；评分达到4.3以上。
2026-10-04,amazon_us,product,search,women slides,2,KIDMI Genuine Suede Clogs for Women Men Cork Footbed Mules Potato Shoes,¥194.33,4.4,"Arch Support, Comfortable, Leather Slip On, Fall, Casual, Indoor Outdoor, Non-slip Rubber Sole, Adjustable Metal Buckle",,,,,,https://www.amazon.com/KIDMI-Leather-Footbed-Sandals-Support/dp/B0BS6G9WG6/ref=sr_1_2?dib=eyJ2IjoiMSJ9.UXktg5ZKJZxCJyRKr9FwH-5ISCpT-qDImHOl_nO4JUk1laVOb-Ah8igw-ZnwNyWJlS5_tfDO32XYjzKY-SeZHbMnoWamz44QPqb3gC6jgzlt2AKXZY31I128UQ6a3Ibc67Pi_7N9A8CwH-L4Tnh-6QjMiqqWsC6KXkKrEsww7P2doSgE4UnqXETHPDAjEK5UfKSECc52D0vyFDiw0E-NUfyCmgSuOiPtP49WxR5Y-IbbP-jIHZ3kD8pONYcdt0OFlDoKXgKX3-NNmO5QfEGahk4HIhJ6zH_CNCv3XW946Gw.vRE15SgsqS9i_m2ljyE8Pk_C9lDXPrk3FC7kZCvemz0&dib_tag=se&keywords=women+slides&qid=1791095859&sr=8-2,https://m.media-amazon.com/images/I/81zCzavhSUL._AC_UL320_.jpg,62,排名靠前；价格处于人民币等值¥180.00-¥288.00区间；评分达到4.3以上。
2026-10-04,amazon_us,product,search,platform sandals women,17,YUHITYGZGS Women's Platform Slide Sandals Cork Footbed Non Slip Clogs Mules,¥136.73,4.2,"Double Buckles, Comfort，Platform Summer Beach Sandals，Lightweight，Wedge Sandals for Women",,,,,,https://www.amazon.com/YUHITYGZGS-Platform-Sandals-Footbed-Lightweight/dp/B0F991QX1S/ref=sr_1_12?dib=eyJ2IjoiMSJ9.EIJh1jY9ea3EISWsO86AbRTimG68G4WZuo_0N_aXtZDsm7HknsiVMwk4Ipi71BAqYpDlbmE5ztUgA225xRuXvA1p0v6OCzy818VqxpReOQq4pvi-mp6pc9ooJAL8jmCRQL07_htx6iyOfsPVS_O4MBOGNPrcCvmh65F9mYOfjo00jG460mNeoHvOaqpBSsjI3UGD8ZYsdDxMezUbcHYOV3UeymjScl_CkUR3zsO-6buYcxEwFy1C8cQxm78kM2-G00lpEm9g-dKXScNZDScRwKJt3gXiFY3URv3tzWMMES8.C2XqrU8IUhFUrcQZxdDI_QZv68BHVrcPxiii7TtsQfM&dib_tag=se&keywords=platform+sandals+women&qid=1791095859&sr=8-12,https://m.media-amazon.com/images/I/71Bo+e1NKLL._AC_UL320_.jpg,62,排名进入前30；价格处于人民币等值¥57.60-¥180.00黄金区间；标题包含 platform，符合美国女鞋舒适化趋势；评分达到4.0以上。
2026-10-04,amazon_us,product,best_sellers,Best Sellers Women Sandals,9,mazeskin Womens Memory Foam Flip Flops Leather Flat Sandals | Vegan Leather Square Toe Cushion Summer Casual Comfortable Slim Thong Beach Slide Shoes Non Slip,,4.1,$9.99,,,,,,https://www.amazon.com/mazeskin-Womens-Memory-Leather-Sandals/dp/B0GRMZ5PFS/ref=zg_bs_g_679425011_d_sccl_9/143-2230118-5467469?psc=1,"https://images-na.ssl-images-amazon.com/images/I/717PAaaaLdL._AC_UL600_SR600,400_.jpg",61,排名靠前；标题包含 comfort、beach、summer，符合美国女鞋舒适化趋势；评分达到4.0以上。
2026-10-04,amazon_us,product,new_releases,New Releases Women Sandals,9,"CUSHIONAIRE Mona Slip-On Lightweight Womens Sandals, Comfortable Wedge Flip Flops for Women with Crossover Strap",,4.4,$49.99,,,,,,https://www.amazon.com/CUSHIONAIRE-Lightweight-Sandals-Comfortable-Crossover/dp/B0H9B98GS4/ref=zg_bsnr_g_679425011_d_sccl_9/135-9474429-0924631?psc=1,"https://images-na.ssl-images-amazon.com/images/I/710k2uicqiL._AC_UL600_SR600,400_.jpg",61,排名靠前；标题包含 comfort、wedge，符合美国女鞋舒适化趋势；评分达到4.3以上。
2026-10-04,amazon_us,product,new_releases,New Releases Women Sandals,39,IDIFU IN3 Women's Strappy Platform Heels High Open Toe Heeled Sandals | Round Toe Ankle Strap Heel Comfortbale Dressy Trendy Formal Dress Shoes for Prom Wedding Party Homecoming Work Daily,¥251.93,4.5,8,,,,,,https://www.amazon.com/IDIFU-Platform-Strappy-Party-Dressy/dp/B0H2HPNBHW/ref=zg_bsnr_g_679425011_d_sccl_39/135-9474429-0924631?psc=1,"https://images-na.ssl-images-amazon.com/images/I/71Ev+8anMEL._AC_UL300_SR300,200_.jpg",61,排名进入前50；价格处于人民币等值¥180.00-¥288.00区间；标题包含 platform、comfort，符合美国女鞋舒适化趋势；platform + comfort组合趋势加分；评分达到4.3以上。
2026-10-04,amazon_us,product,search,women slides,22,GOEWY Cloud Womens Sandals Bathroom Shower Shoes House Slippers Beach Slide,¥93.53,3.4,"Non Slip,Lightweight, Wear-resistant,Indoor and Outdoor,Soft Cushioning, Quick Dry, Essentials for Dorm Room Travel Pool Gym",,,,,,https://www.amazon.com/GOEWY-Womens-Sandals-Bathroom-Slippers/dp/B0GXFLXLXH/ref=sr_1_22?dib=eyJ2IjoiMSJ9.UXktg5ZKJZxCJyRKr9FwH-5ISCpT-qDImHOl_nO4JUk1laVOb-Ah8igw-ZnwNyWJlS5_tfDO32XYjzKY-SeZHbMnoWamz44QPqb3gC6jgzlt2AKXZY31I128UQ6a3Ibc67Pi_7N9A8CwH-L4Tnh-6QjMiqqWsC6KXkKrEsww7P2doSgE4UnqXETHPDAjEK5UfKSECc52D0vyFDiw0E-NUfyCmgSuOiPtP49WxR5Y-IbbP-jIHZ3kD8pONYcdt0OFlDoKXgKX3-NNmO5QfEGahk4HIhJ6zH_CNCv3XW946Gw.vRE15SgsqS9i_m2ljyE8Pk_C9lDXPrk3FC7kZCvemz0&dib_tag=se&keywords=women+slides&qid=1791095859&sr=8-22,https://m.media-amazon.com/images/I/71k-pJ4wF4L._AC_UL320_.jpg,61,排名进入前30；价格处于人民币等值¥57.60-¥180.00黄金区间；标题包含 cloud、beach，符合美国女鞋舒适化趋势。
2026-10-04,amazon_us,product,search,women summer slippers,11,VeraCosy Women's Two-Tone Slippers Soft Memory Foam Indoor Outdoor Shoes,¥104.40,4.5,"Machine-washable, Gifts, Anti-slip Sole, Lightweight, Indoor and Outdoor, Cozy",,,,,,https://www.amazon.com/VeraCosy-Two-Tone-Slippers-Non-slip-Evening/dp/B0DCVZ52Y5/ref=sr_1_11?dib=eyJ2IjoiMSJ9._L_gfE0XXegGAngREyIarjc0-exgFjT5G99gOBL_2588cZsQrBwFJdUT61LMAIXpSAoEZAjDAiUPCp8_oXaoFeq_jhMbRoVydHZEuMaMgKRh0mIIDsNWLK5ZM9iE-SEWSIf3XSY4kWhUO5N47Nv3ABYAr0H4pmUl-drbgsxVVdefvuL9NSF1PbfIjpbxhWEKmeMPOGrxt5zseA0v5ZquNsezg4B-KuTqwmYvdDNidaoGl-TjGyLZlmH9FGusvFaGNVpjZt-u94JRZTOlgKi4fSzgNx1xQSeMdrSok6xoQ0I.E946euP8Oya8kU6itTtmjNAUfvKK5Ca9tMaDAAiOthQ&dib_tag=se&keywords=women+summer+slippers&qid=1791095857&sr=8-11,https://m.media-amazon.com/images/I/81RJZ2gB8sL._AC_UL320_.jpg,60,排名进入前30；价格处于人民币等值¥57.60-¥180.00黄金区间；标题包含 soft，符合美国女鞋舒适化趋势；评分达到4.3以上。
2026-10-04,amazon_us,product,search,women summer slippers,16,ATHMILE House Slippers for Women Men Indoor Barefoot House Shoes Soft Socks,¥110.09,4.5,Furry Slip on Cozy Comfy Flexible Machine Washable Home Bedroom Travel Hospital Yoga Gifts for Mom Grandma,,,,,,https://www.amazon.com/ATHMILE-Slippers-Barefoot-Bedroom-8-5-9-5/dp/B0CXDKD35S/ref=sr_1_16?dib=eyJ2IjoiMSJ9._L_gfE0XXegGAngREyIarjc0-exgFjT5G99gOBL_2588cZsQrBwFJdUT61LMAIXpSAoEZAjDAiUPCp8_oXaoFeq_jhMbRoVydHZEuMaMgKRh0mIIDsNWLK5ZM9iE-SEWSIf3XSY4kWhUO5N47Nv3ABYAr0H4pmUl-drbgsxVVdefvuL9NSF1PbfIjpbxhWEKmeMPOGrxt5zseA0v5ZquNsezg4B-KuTqwmYvdDNidaoGl-TjGyLZlmH9FGusvFaGNVpjZt-u94JRZTOlgKi4fSzgNx1xQSeMdrSok6xoQ0I.E946euP8Oya8kU6itTtmjNAUfvKK5Ca9tMaDAAiOthQ&dib_tag=se&keywords=women+summer+slippers&qid=1791095857&sr=8-16,https://m.media-amazon.com/images/I/71pjxDZzLbL._AC_UL320_.jpg,60,排名进入前30；价格处于人民币等值¥57.60-¥180.00黄金区间；标题包含 soft，符合美国女鞋舒适化趋势；评分达到4.3以上。
2026-10-04,amazon_us,product,search,women slides,12,Weweya Slides for Women Men Shower Shoes House Slippers Beach Sandals,¥71.93,4.4,"Bathroom, Non Slip, Lightweight",,,,,,https://www.amazon.com/Weweya-Shower-Non-Slip-Outdoor-Sandals/dp/B0F1XTPHY8/ref=sr_1_12?dib=eyJ2IjoiMSJ9.UXktg5ZKJZxCJyRKr9FwH-5ISCpT-qDImHOl_nO4JUk1laVOb-Ah8igw-ZnwNyWJlS5_tfDO32XYjzKY-SeZHbMnoWamz44QPqb3gC6jgzlt2AKXZY31I128UQ6a3Ibc67Pi_7N9A8CwH-L4Tnh-6QjMiqqWsC6KXkKrEsww7P2doSgE4UnqXETHPDAjEK5UfKSECc52D0vyFDiw0E-NUfyCmgSuOiPtP49WxR5Y-IbbP-jIHZ3kD8pONYcdt0OFlDoKXgKX3-NNmO5QfEGahk4HIhJ6zH_CNCv3XW946Gw.vRE15SgsqS9i_m2ljyE8Pk_C9lDXPrk3FC7kZCvemz0&dib_tag=se&keywords=women+slides&qid=1791095859&sr=8-12,https://m.media-amazon.com/images/I/61QGXLFgg+L._AC_UL320_.jpg,60,排名进入前30；价格处于人民币等值¥57.60-¥180.00黄金区间；标题包含 beach，符合美国女鞋舒适化趋势；评分达到4.3以上。
2026-10-04,amazon_us,product,search,women slides,30,Unisex Arch Support Slides Cushioned Non Slip Shower Sandals,¥143.93,4.0,"Soft EVA, waterproof quick dry,Relieves flat feet fatigue, great for pool gym dorm bathroom indoor outdoor use",,,,,,https://www.amazon.com/VIVASUN-Unisex-Support-Cushioned-Sandals/dp/B0H8CX577D/ref=sr_1_30?dib=eyJ2IjoiMSJ9.UXktg5ZKJZxCJyRKr9FwH-5ISCpT-qDImHOl_nO4JUk1laVOb-Ah8igw-ZnwNyWJlS5_tfDO32XYjzKY-SeZHbMnoWamz44QPqb3gC6jgzlt2AKXZY31I128UQ6a3Ibc67Pi_7N9A8CwH-L4Tnh-6QjMiqqWsC6KXkKrEsww7P2doSgE4UnqXETHPDAjEK5UfKSECc52D0vyFDiw0E-NUfyCmgSuOiPtP49WxR5Y-IbbP-jIHZ3kD8pONYcdt0OFlDoKXgKX3-NNmO5QfEGahk4HIhJ6zH_CNCv3XW946Gw.vRE15SgsqS9i_m2ljyE8Pk_C9lDXPrk3FC7kZCvemz0&dib_tag=se&keywords=women+slides&qid=1791095859&sr=8-30,https://m.media-amazon.com/images/I/71DfPnwadBL._AC_UL320_.jpg,60,排名进入前30；价格处于人民币等值¥57.60-¥180.00黄金区间；标题包含 arch support，符合美国女鞋舒适化趋势；评分达到4.0以上。
2026-10-04,amazon_us,product,search,platform sandals women,11,DREAM PAIRS Women's Platform Chunky Low Heel Sandals,¥244.73,4.4,"All Day Open Toe Stylish Comfortable, with Adjustable Ankle Strap Sandals, Lightweight Wedding Party Fisherman Summer Shoes",,,,,,https://www.amazon.com/DREAM-PAIRS-Lightweight-Comfortable-Adjustable/dp/B0CNCLDB9P/ref=sr_1_6?dib=eyJ2IjoiMSJ9.EIJh1jY9ea3EISWsO86AbRTimG68G4WZuo_0N_aXtZDsm7HknsiVMwk4Ipi71BAqYpDlbmE5ztUgA225xRuXvA1p0v6OCzy818VqxpReOQq4pvi-mp6pc9ooJAL8jmCRQL07_htx6iyOfsPVS_O4MBOGNPrcCvmh65F9mYOfjo00jG460mNeoHvOaqpBSsjI3UGD8ZYsdDxMezUbcHYOV3UeymjScl_CkUR3zsO-6buYcxEwFy1C8cQxm78kM2-G00lpEm9g-dKXScNZDScRwKJt3gXiFY3URv3tzWMMES8.C2XqrU8IUhFUrcQZxdDI_QZv68BHVrcPxiii7TtsQfM&dib_tag=se&keywords=platform+sandals+women&qid=1791095859&sr=8-6,https://m.media-amazon.com/images/I/61XHiZMaOcL._AC_UL320_.jpg,60,排名进入前30；价格处于人民币等值¥180.00-¥288.00区间；标题包含 platform，符合美国女鞋舒适化趋势；评分达到4.3以上。
2026-10-04,amazon_us,product,search,platform sandals women,15,DREAM PAIRS Waterproof Lightweight Platform Sandals,¥287.93,4.4,"1.69"" travel-friendly platform sandals with arch-support footbed easy clean water-ready TPU upper non-slip outsole",,,,,,https://www.amazon.com/DREAM-PAIRS-Adjustable-Lightweight-Waterproof/dp/B0G1RBS19X/ref=sr_1_10?dib=eyJ2IjoiMSJ9.EIJh1jY9ea3EISWsO86AbRTimG68G4WZuo_0N_aXtZDsm7HknsiVMwk4Ipi71BAqYpDlbmE5ztUgA225xRuXvA1p0v6OCzy818VqxpReOQq4pvi-mp6pc9ooJAL8jmCRQL07_htx6iyOfsPVS_O4MBOGNPrcCvmh65F9mYOfjo00jG460mNeoHvOaqpBSsjI3UGD8ZYsdDxMezUbcHYOV3UeymjScl_CkUR3zsO-6buYcxEwFy1C8cQxm78kM2-G00lpEm9g-dKXScNZDScRwKJt3gXiFY3URv3tzWMMES8.C2XqrU8IUhFUrcQZxdDI_QZv68BHVrcPxiii7TtsQfM&dib_tag=se&keywords=platform+sandals+women&qid=1791095859&sr=8-10,https://m.media-amazon.com/images/I/61VKPpZxLML._AC_UL320_.jpg,60,排名进入前30；价格处于人民币等值¥180.00-¥288.00区间；标题包含 platform，符合美国女鞋舒适化趋势；评分达到4.3以上。
2026-10-04,amazon_us,product,best_sellers,Best Sellers Women Sandals,32,"shevalues Orthopedic Sandals for Women, Arch Support Recovery Flip Flops | Orthotic Pillow Soft Summer Beach Shoes, Comfortable for Plantar Fasciitis",,4.2,$20.99,,,,,,https://www.amazon.com/Orthotic-Pillow-Recovery-Sandals-Support/dp/B09LC836QG/ref=zg_bs_g_679425011_d_sccl_32/135-9474429-0924631?psc=1,"https://images-na.ssl-images-amazon.com/images/I/61qX-fKai7L._AC_UL300_SR300,200_.jpg",59,排名进入前50；标题包含 recovery、orthopedic、comfort、arch support、soft、beach、summer，符合美国女鞋舒适化趋势；orthopedic + arch support组合趋势加分；评分达到4.0以上。
2026-10-04,amazon_us,product,new_releases,New Releases Women Sandals,15,"Hioora Toe Separating Arch Support Sandals Slippers for Women | Toe Separator, Indoor & Outdoor, Summer Slides, Arch Support",¥165.53,,,,,,,,https://www.amazon.com/Hioora-Separating-Support-Sandals-Slippers/dp/B0HKFVXJDT/ref=zg_bsnr_g_679425011_d_sccl_15/135-9474429-0924631?psc=1,"https://images-na.ssl-images-amazon.com/images/I/613fzDe1kmL._AC_UL600_SR600,400_.jpg",59,排名进入前30；价格处于人民币等值¥57.60-¥180.00黄金区间；标题包含 arch support、summer，符合美国女鞋舒适化趋势。
2026-10-04,amazon_us,product,search,women summer slippers,26,"ULTRAIDEAS Women's Popcorn Flip Flop House Slipper with Memory Foam, Gift for Women Mom",¥129.53,4.2,200+ bought in past month,,,,,,https://www.amazon.com/ULTRAIDEAS-Womens-Memory-Slipper-Upgrade/dp/B09SZBHFG6/ref=sr_1_26?dib=eyJ2IjoiMSJ9._L_gfE0XXegGAngREyIarjc0-exgFjT5G99gOBL_2588cZsQrBwFJdUT61LMAIXpSAoEZAjDAiUPCp8_oXaoFeq_jhMbRoVydHZEuMaMgKRh0mIIDsNWLK5ZM9iE-SEWSIf3XSY4kWhUO5N47Nv3ABYAr0H4pmUl-drbgsxVVdefvuL9NSF1PbfIjpbxhWEKmeMPOGrxt5zseA0v5ZquNsezg4B-KuTqwmYvdDNidaoGl-TjGyLZlmH9FGusvFaGNVpjZt-u94JRZTOlgKi4fSzgNx1xQSeMdrSok6xoQ0I.E946euP8Oya8kU6itTtmjNAUfvKK5Ca9tMaDAAiOthQ&dib_tag=se&keywords=women+summer+slippers&qid=1791095857&sr=8-26,https://m.media-amazon.com/images/I/71GPcULYBKL._AC_UL320_.jpg,59,排名进入前30；评论数达到50以上；价格处于人民币等值¥57.60-¥180.00黄金区间；评分达到4.0以上。
2026-10-04,amazon_us,product,search,women slides,18,Crocs Women's Swiftwater Sandals,¥215.93,4.2,600+ bought in past month,,,,,,https://www.amazon.com/Crocs-Womens-Sandal-Summer-Sandals/dp/B0888T2ZGL/ref=sr_1_18?dib=eyJ2IjoiMSJ9.UXktg5ZKJZxCJyRKr9FwH-5ISCpT-qDImHOl_nO4JUk1laVOb-Ah8igw-ZnwNyWJlS5_tfDO32XYjzKY-SeZHbMnoWamz44QPqb3gC6jgzlt2AKXZY31I128UQ6a3Ibc67Pi_7N9A8CwH-L4Tnh-6QjMiqqWsC6KXkKrEsww7P2doSgE4UnqXETHPDAjEK5UfKSECc52D0vyFDiw0E-NUfyCmgSuOiPtP49WxR5Y-IbbP-jIHZ3kD8pONYcdt0OFlDoKXgKX3-NNmO5QfEGahk4HIhJ6zH_CNCv3XW946Gw.vRE15SgsqS9i_m2ljyE8Pk_C9lDXPrk3FC7kZCvemz0&dib_tag=se&keywords=women+slides&qid=1791095859&sr=8-18,https://m.media-amazon.com/images/I/418xHnUA5HL._AC_UL320_.jpg,59,排名进入前30；评论数达到300以上；价格处于人民币等值¥180.00-¥288.00区间；评分达到4.0以上。
2026-10-04,amazon_us,product,best_sellers,Best Sellers Women Sandals,1,"Ankis Heels for Women Open Toe Ankle Strap Chunky Heel Sandals 2.75 Inch | nude white gold black, adjustable ankle strap, Cushioned footbed, All-day comfort, for various occasions",,4.4,$24.29,,,,,,https://www.amazon.com/Ankis-Nude-Heels-Women-numeric_8/dp/B094CTB3TY/ref=zg_bs_g_679425011_d_sccl_1/143-2230118-5467469?psc=1,"https://images-na.ssl-images-amazon.com/images/I/71dUhT7TubL._AC_UL600_SR600,400_.jpg",58,排名靠前；标题包含 comfort，符合美国女鞋舒适化趋势；评分达到4.3以上。
2026-10-04,amazon_us,product,best_sellers,Best Sellers Women Sandals,8,PIZZ ANNU Women's Low Block Chunky Heels Sandals Comfortable Open Toe Ankle Strap Party Dress Pump Shoes Strappy Buckle Heeled Sandal with 2 Inches Tall Thick Heel Design,,4.3,$32.99,,,,,,https://www.amazon.com/PIZZ-ANNU-Sandals-Wedding-Glitter/dp/B0B465ZBH6/ref=zg_bs_g_679425011_d_sccl_8/143-2230118-5467469?psc=1,"https://images-na.ssl-images-amazon.com/images/I/71N1hjwzuWL._AC_UL600_SR600,400_.jpg",58,排名靠前；标题包含 comfort，符合美国女鞋舒适化趋势；评分达到4.3以上。
2026-10-04,amazon_us,product,best_sellers,Best Sellers Women Sandals,10,"CUSHIONAIRE Lane Cork Slide Women's Sandals, Comfortable Sandals for Women | Molded Cork Footbed, Slide Sandals for Women, Adjustable Buckle, Sandals for Wide Feet, Cushioned Sandals for Women, Open Toe",,4.5,$34.99,,,,,,https://www.amazon.com/CUSHIONAIRE-Womens-Slide-Sandals-Brown/dp/B075PBVR9N/ref=zg_bs_g_679425011_d_sccl_10/143-2230118-5467469?psc=1,"https://images-na.ssl-images-amazon.com/images/I/81suZ76XHpL._AC_UL600_SR600,400_.jpg",58,排名靠前；标题包含 comfort，符合美国女鞋舒适化趋势；评分达到4.3以上。
2026-10-04,amazon_us,product,new_releases,New Releases Women Sandals,4,"DREAM PAIRS Women's Kitten Strappy Heel Sandals | Slip On Heeled Sandals for Women, Open Toe Summer Sandals for Weddings, Parties, Work and Dressy Occasions",,4.7,$37.99,,,,,,https://www.amazon.com/DREAM-PAIRS-Womens-Strappy-Sandals/dp/B0H6J81RWR/ref=zg_bsnr_g_679425011_d_sccl_4/135-9474429-0924631?psc=1,"https://images-na.ssl-images-amazon.com/images/I/615T5Gm9P5L._AC_UL600_SR600,400_.jpg",58,排名靠前；标题包含 summer，符合美国女鞋舒适化趋势；评分达到4.6以上。
2026-10-04,amazon_us,product,new_releases,New Releases Women Sandals,22,IDIFU Bow Kitten Heels Low Slingback Strappy Short Small Heeled Sandals | Dress Shoes for Women Open Round Toe Small Ankle Strap Wedding Work Prom Homecoming Comfortable Cute Fashion Ladies Heel,¥244.73,4.4,25,,,,,,https://www.amazon.com/IDIFU-Kitten-Slingback-Strappy-Sandals/dp/B0H5NMSGPX/ref=zg_bsnr_g_679425011_d_sccl_22/135-9474429-0924631?psc=1,"https://images-na.ssl-images-amazon.com/images/I/71po8PNG4HL._AC_UL600_SR600,400_.jpg",58,排名进入前30；价格处于人民币等值¥180.00-¥288.00区间；标题包含 comfort，符合美国女鞋舒适化趋势；评分达到4.3以上。
2026-10-04,amazon_us,product,new_releases,New Releases Women Sandals,24,"IDIFU Kitten Heels Strappy Square Toe Slip On Low Heel Sandals | Open Toe Dress Shoes for Women, Summer Prom Bridal Wedding Vacation Party Comfortable Casual Fashion Dressy Heeled Mules",¥205.13,4.1,28,,,,,,https://www.amazon.com/IDIFU-Kitten-Strappy-Square-Sandals/dp/B0H24RJXQF/ref=zg_bsnr_g_679425011_d_sccl_24/135-9474429-0924631?psc=1,"https://images-na.ssl-images-amazon.com/images/I/71obhu4OpfL._AC_UL600_SR600,400_.jpg",58,排名进入前30；价格处于人民币等值¥180.00-¥288.00区间；标题包含 comfort、summer，符合美国女鞋舒适化趋势；评分达到4.0以上。
2026-10-04,amazon_us,product,search,women slides,11,ODOLY Genuine Suede Clogs for Women Men Comfort Cork Footbed Potato Shoes,¥194.33,4.5,"Unisex Lightweight Slip-On Leather Mules with Arch Support, Adjustable Buckle, Indoor Outdoor Footwear",,,,,,https://www.amazon.com/ODOLY-Footbed-Leather-Comfort-Support/dp/B0CL4XJCJW/ref=sr_1_11?dib=eyJ2IjoiMSJ9.UXktg5ZKJZxCJyRKr9FwH-5ISCpT-qDImHOl_nO4JUk1laVOb-Ah8igw-ZnwNyWJlS5_tfDO32XYjzKY-SeZHbMnoWamz44QPqb3gC6jgzlt2AKXZY31I128UQ6a3Ibc67Pi_7N9A8CwH-L4Tnh-6QjMiqqWsC6KXkKrEsww7P2doSgE4UnqXETHPDAjEK5UfKSECc52D0vyFDiw0E-NUfyCmgSuOiPtP49WxR5Y-IbbP-jIHZ3kD8pONYcdt0OFlDoKXgKX3-NNmO5QfEGahk4HIhJ6zH_CNCv3XW946Gw.vRE15SgsqS9i_m2ljyE8Pk_C9lDXPrk3FC7kZCvemz0&dib_tag=se&keywords=women+slides&qid=1791095859&sr=8-11,https://m.media-amazon.com/images/I/81DkW0S8uYL._AC_UL320_.jpg,58,排名进入前30；价格处于人民币等值¥180.00-¥288.00区间；标题包含 comfort，符合美国女鞋舒适化趋势；评分达到4.3以上。
2026-10-04,amazon_us,product,best_sellers,Best Sellers Women Sandals,22,KuaiLu Flip Flops for Women with Arch Support Summer Beach Thong Sandals | Comfortable Yoga Mat Cushion Walking Shoes Slip on Casual Outfits Faux Leather Indoor Outdoor,,4.2,$9.99,,,,,,https://www.amazon.com/KuaiLu-Support-Comfortable-Cushion-Walking/dp/B08GKGCH2R/ref=zg_bs_g_679425011_d_sccl_22/143-2230118-5467469?psc=1,"https://images-na.ssl-images-amazon.com/images/I/81-DUybjK+L._AC_UL600_SR600,400_.jpg",57,排名进入前30；标题包含 comfort、arch support、beach、summer，符合美国女鞋舒适化趋势；评分达到4.0以上。
2026-10-04,amazon_us,product,best_sellers,Best Sellers Women Sandals,23,"ODOLY Unisex Comfortable Cork Footbed Slide Sandals with Arch Support | Adjustable Buckle, Lightweight Summer Sandals for Travel and Everyday Wear",,4.5,$19.99,,,,,,https://www.amazon.com/ODOLY-Footbed-Comfortable-Sandals-Adjustable/dp/B0CSMN1X4W/ref=zg_bs_g_679425011_d_sccl_23/143-2230118-5467469?psc=1,"https://images-na.ssl-images-amazon.com/images/I/61iYsM+H9QL._AC_UL600_SR600,400_.jpg",57,排名进入前30；标题包含 comfort、arch support、summer，符合美国女鞋舒适化趋势；评分达到4.3以上。
2026-10-04,amazon_us,product,new_releases,New Releases Women Sandals,19,GETOEU Arch Support Flip Flops for Women Square Toe Thong Sandals Comfortable Summer Beach Lightweight Flip Flops,,4.2,$9.99,,,,,,https://www.amazon.com/GETOEU-Support-Sandals-Comfortable-Lightweight/dp/B0H33X2P5N/ref=zg_bsnr_g_679425011_d_sccl_19/135-9474429-0924631?psc=1,"https://images-na.ssl-images-amazon.com/images/I/812JKZIwOpL._AC_UL600_SR600,400_.jpg",57,排名进入前30；标题包含 comfort、arch support、beach、summer，符合美国女鞋舒适化趋势；评分达到4.0以上。
2026-10-04,amazon_us,product,search,women summer slippers,17,FRALOSHA Women's Summer Slippers Flax Cross House Shoes Indoor Breathable Outdoor Sandals,¥68.33,4.2,"Price, product page $9.49 $ 9 . 49 Typical price: $9.99 Typical price: $9.99 $9.99",,,,,,https://www.amazon.com/FRALOSHA-Slippers-Breathable-Outdoor-Sandals/dp/B07FSG6P3M/ref=sr_1_17?dib=eyJ2IjoiMSJ9._L_gfE0XXegGAngREyIarjc0-exgFjT5G99gOBL_2588cZsQrBwFJdUT61LMAIXpSAoEZAjDAiUPCp8_oXaoFeq_jhMbRoVydHZEuMaMgKRh0mIIDsNWLK5ZM9iE-SEWSIf3XSY4kWhUO5N47Nv3ABYAr0H4pmUl-drbgsxVVdefvuL9NSF1PbfIjpbxhWEKmeMPOGrxt5zseA0v5ZquNsezg4B-KuTqwmYvdDNidaoGl-TjGyLZlmH9FGusvFaGNVpjZt-u94JRZTOlgKi4fSzgNx1xQSeMdrSok6xoQ0I.E946euP8Oya8kU6itTtmjNAUfvKK5Ca9tMaDAAiOthQ&dib_tag=se&keywords=women+summer+slippers&qid=1791095857&sr=8-17,https://m.media-amazon.com/images/I/810Hfh0qwIL._AC_UL320_.jpg,57,排名进入前30；价格处于人民币等值¥57.60-¥180.00黄金区间；标题包含 summer，符合美国女鞋舒适化趋势；评分达到4.0以上。
2026-10-04,amazon_us,product,search,women summer slippers,22,EverFoams Womens Fuzzy Open-toe Slippers Memory Foam Indoor House Shoes,¥172.58,4.4,"Machine-washable, Gifts, Memory Foam, Anti-slip Sole, Lightweight, Indoor and Outdoor, Cozy",,,,,,https://www.amazon.com/EverFoams-Womens-Slippers-Breathable-Outdoor/dp/B0FBRHKZPY/ref=sr_1_22?dib=eyJ2IjoiMSJ9._L_gfE0XXegGAngREyIarjc0-exgFjT5G99gOBL_2588cZsQrBwFJdUT61LMAIXpSAoEZAjDAiUPCp8_oXaoFeq_jhMbRoVydHZEuMaMgKRh0mIIDsNWLK5ZM9iE-SEWSIf3XSY4kWhUO5N47Nv3ABYAr0H4pmUl-drbgsxVVdefvuL9NSF1PbfIjpbxhWEKmeMPOGrxt5zseA0v5ZquNsezg4B-KuTqwmYvdDNidaoGl-TjGyLZlmH9FGusvFaGNVpjZt-u94JRZTOlgKi4fSzgNx1xQSeMdrSok6xoQ0I.E946euP8Oya8kU6itTtmjNAUfvKK5Ca9tMaDAAiOthQ&dib_tag=se&keywords=women+summer+slippers&qid=1791095857&sr=8-22,https://m.media-amazon.com/images/I/81RB8MMSfoL._AC_UL320_.jpg,57,排名进入前30；价格处于人民币等值¥57.60-¥180.00黄金区间；评分达到4.3以上。
2026-10-04,amazon_us,product,search,women summer slippers,27,EverFoams Women's Fuzzy Open Toe Slippers Memory Foam Indoor House Shoes,¥86.26,4.3,"Dual Strap Styling, Skin-friendly Vegan Plush, Breathable Upper, Slip-resistant PVC Base, Holiday Packaging, Machine Washable",,,,,,https://www.amazon.com/EverFoams-Slippers-Outdoor-Outsole-Vanilla/dp/B0DPZPQ4JW/ref=sr_1_27?dib=eyJ2IjoiMSJ9._L_gfE0XXegGAngREyIarjc0-exgFjT5G99gOBL_2588cZsQrBwFJdUT61LMAIXpSAoEZAjDAiUPCp8_oXaoFeq_jhMbRoVydHZEuMaMgKRh0mIIDsNWLK5ZM9iE-SEWSIf3XSY4kWhUO5N47Nv3ABYAr0H4pmUl-drbgsxVVdefvuL9NSF1PbfIjpbxhWEKmeMPOGrxt5zseA0v5ZquNsezg4B-KuTqwmYvdDNidaoGl-TjGyLZlmH9FGusvFaGNVpjZt-u94JRZTOlgKi4fSzgNx1xQSeMdrSok6xoQ0I.E946euP8Oya8kU6itTtmjNAUfvKK5Ca9tMaDAAiOthQ&dib_tag=se&keywords=women+summer+slippers&qid=1791095857&sr=8-27,https://m.media-amazon.com/images/I/61-syU96aOL._AC_UL320_.jpg,57,排名进入前30；价格处于人民币等值¥57.60-¥180.00黄金区间；评分达到4.3以上。
2026-10-04,amazon_us,product,search,women summer slippers,29,Dearfoams Women's Melanie Thong Slide Memory Foam Terry Sandal Summer House Slippers,¥208.80,4.2,100+ bought in past month,,,,,,https://www.amazon.com/Dearfoams-Womens-Melanie-Terry-Slipper/dp/B0CJ9NS5ZW/ref=sr_1_29?dib=eyJ2IjoiMSJ9._L_gfE0XXegGAngREyIarjc0-exgFjT5G99gOBL_2588cZsQrBwFJdUT61LMAIXpSAoEZAjDAiUPCp8_oXaoFeq_jhMbRoVydHZEuMaMgKRh0mIIDsNWLK5ZM9iE-SEWSIf3XSY4kWhUO5N47Nv3ABYAr0H4pmUl-drbgsxVVdefvuL9NSF1PbfIjpbxhWEKmeMPOGrxt5zseA0v5ZquNsezg4B-KuTqwmYvdDNidaoGl-TjGyLZlmH9FGusvFaGNVpjZt-u94JRZTOlgKi4fSzgNx1xQSeMdrSok6xoQ0I.E946euP8Oya8kU6itTtmjNAUfvKK5Ca9tMaDAAiOthQ&dib_tag=se&keywords=women+summer+slippers&qid=1791095857&sr=8-29,https://m.media-amazon.com/images/I/71pY+l6k0SL._AC_UL320_.jpg,57,排名进入前30；评论数达到50以上；价格处于人民币等值¥180.00-¥288.00区间；标题包含 summer，符合美国女鞋舒适化趋势；评分达到4.0以上。
2026-10-04,amazon_us,product,search,women slides,26,Crocs Women’s All Day Slide Lightweight Slip-On Sandals,¥162.00,4.3,"Price, product page $22.50 $ 22 . 50 List: $29.99 List: $29.99 $29.99",,,,,,https://www.amazon.com/Crocs-Womens-Slide-Sandal-Taupe/dp/B0F9XF5RX9/ref=sr_1_26?dib=eyJ2IjoiMSJ9.UXktg5ZKJZxCJyRKr9FwH-5ISCpT-qDImHOl_nO4JUk1laVOb-Ah8igw-ZnwNyWJlS5_tfDO32XYjzKY-SeZHbMnoWamz44QPqb3gC6jgzlt2AKXZY31I128UQ6a3Ibc67Pi_7N9A8CwH-L4Tnh-6QjMiqqWsC6KXkKrEsww7P2doSgE4UnqXETHPDAjEK5UfKSECc52D0vyFDiw0E-NUfyCmgSuOiPtP49WxR5Y-IbbP-jIHZ3kD8pONYcdt0OFlDoKXgKX3-NNmO5QfEGahk4HIhJ6zH_CNCv3XW946Gw.vRE15SgsqS9i_m2ljyE8Pk_C9lDXPrk3FC7kZCvemz0&dib_tag=se&keywords=women+slides&qid=1791095859&sr=8-26,https://m.media-amazon.com/images/I/61cPOC2WmbL._AC_UL320_.jpg,57,排名进入前30；价格处于人民币等值¥57.60-¥180.00黄金区间；评分达到4.3以上。
2026-10-04,amazon_us,product,search,women slides,29,BRONAX Cushioned Thick Sole Pillow Slippers for Women and Men Y10,¥172.73,4.3,"Cloud-Like Soft Sole, Foot Pain Relief, EVA Platform Sole, Indoor Outdoor Slides, Waterproof Shower Ready, Quick-Drying",,,,,,https://www.amazon.com/BRONAX-Slides-Slippers-Sandals-Cushioned/dp/B0BPWYWZDK/ref=sr_1_29?dib=eyJ2IjoiMSJ9.UXktg5ZKJZxCJyRKr9FwH-5ISCpT-qDImHOl_nO4JUk1laVOb-Ah8igw-ZnwNyWJlS5_tfDO32XYjzKY-SeZHbMnoWamz44QPqb3gC6jgzlt2AKXZY31I128UQ6a3Ibc67Pi_7N9A8CwH-L4Tnh-6QjMiqqWsC6KXkKrEsww7P2doSgE4UnqXETHPDAjEK5UfKSECc52D0vyFDiw0E-NUfyCmgSuOiPtP49WxR5Y-IbbP-jIHZ3kD8pONYcdt0OFlDoKXgKX3-NNmO5QfEGahk4HIhJ6zH_CNCv3XW946Gw.vRE15SgsqS9i_m2ljyE8Pk_C9lDXPrk3FC7kZCvemz0&dib_tag=se&keywords=women+slides&qid=1791095859&sr=8-29,https://m.media-amazon.com/images/I/61i-dRRb1oL._AC_UL320_.jpg,57,排名进入前30；价格处于人民币等值¥57.60-¥180.00黄金区间；评分达到4.3以上。
2026-10-04,amazon_us,product,search,women slides,41,Dirk Slides for Women and Men Sandals Pillow Slippers Shower Shoes Cushioned Cloud Slides,¥71.93,4.2,"Price, product page $9.99 $ 9 . 99",,,,,,https://www.amazon.com/Dirk-Slides-Sandals-Slippers-Cushioned/dp/B0B7RLKV2S/ref=sr_1_41?dib=eyJ2IjoiMSJ9.UXktg5ZKJZxCJyRKr9FwH-5ISCpT-qDImHOl_nO4JUk1laVOb-Ah8igw-ZnwNyWJlS5_tfDO32XYjzKY-SeZHbMnoWamz44QPqb3gC6jgzlt2AKXZY31I128UQ6a3Ibc67Pi_7N9A8CwH-L4Tnh-6QjMiqqWsC6KXkKrEsww7P2doSgE4UnqXETHPDAjEK5UfKSECc52D0vyFDiw0E-NUfyCmgSuOiPtP49WxR5Y-IbbP-jIHZ3kD8pONYcdt0OFlDoKXgKX3-NNmO5QfEGahk4HIhJ6zH_CNCv3XW946Gw.vRE15SgsqS9i_m2ljyE8Pk_C9lDXPrk3FC7kZCvemz0&dib_tag=se&keywords=women+slides&qid=1791095859&sr=8-41,https://m.media-amazon.com/images/I/515Hu5Wef6L._AC_UL320_.jpg,57,排名进入前50；价格处于人民币等值¥57.60-¥180.00黄金区间；标题包含 cloud，符合美国女鞋舒适化趋势；cloud + slides组合趋势加分；评分达到4.0以上。
2026-10-04,amazon_us,product,search,platform sandals women,44,TIKVAW Womens Arch Support Platform Sandals with Adjustable Buckle Slides,¥122.33,4.3,"Lightweight Chunky,Slip-On Shoes,Non-Slip Comfort, Cushioning, Beach, Garden, Walking, Travel & Daily Wear",,,,,,https://www.amazon.com/TIKVAW-Support-Platform-Sandals-Adjustable/dp/B0C8TVJF3P/ref=sr_1_39?dib=eyJ2IjoiMSJ9.EIJh1jY9ea3EISWsO86AbRTimG68G4WZuo_0N_aXtZDsm7HknsiVMwk4Ipi71BAqYpDlbmE5ztUgA225xRuXvA1p0v6OCzy818VqxpReOQq4pvi-mp6pc9ooJAL8jmCRQL07_htx6iyOfsPVS_O4MBOGNPrcCvmh65F9mYOfjo00jG460mNeoHvOaqpBSsjI3UGD8ZYsdDxMezUbcHYOV3UeymjScl_CkUR3zsO-6buYcxEwFy1C8cQxm78kM2-G00lpEm9g-dKXScNZDScRwKJt3gXiFY3URv3tzWMMES8.C2XqrU8IUhFUrcQZxdDI_QZv68BHVrcPxiii7TtsQfM&dib_tag=se&keywords=platform+sandals+women&qid=1791095859&sr=8-39,https://m.media-amazon.com/images/I/71mwMI75T8L._AC_UL320_.jpg,56,排名进入前50；价格处于人民币等值¥57.60-¥180.00黄金区间；标题包含 platform、arch support，符合美国女鞋舒适化趋势；评分达到4.3以上。
2026-10-04,amazon_us,product,best_sellers,Best Sellers Women Sandals,6,"DREAM PAIRS Women's Comfort Block Heel Sandals | Open Toe Adjustable Ankle Strap Chunky Dress Heels, Fashion Heeled Sandals for Prom, Wedding Guest and Formal Events",,4.2,$29.99,,,,,,https://www.amazon.com/DREAM-PAIRS-Womens-Chunk-Sandals/dp/B071XSX4PL/ref=zg_bs_g_679425011_d_sccl_6/143-2230118-5467469?psc=1,"https://images-na.ssl-images-amazon.com/images/I/61mjdmlQ3bL._AC_UL600_SR600,400_.jpg",55,排名靠前；标题包含 comfort，符合美国女鞋舒适化趋势；评分达到4.0以上。
2026-10-04,amazon_us,product,best_sellers,Best Sellers Women Sandals,7,"Ankis Women Nude White Gold Black Sandals Open Toe 1 Inch Low Block Heel | 1-inch short heel, adjustable ankle strap, 5mm latex cushioned insole, comfortable walking, for wedding, dressy, formal event",,4.2,$34.99,,,,,,https://www.amazon.com/Ankis-Sandals-Comfortable-Adjustable-Available/dp/B0BPL95VFW/ref=zg_bs_g_679425011_d_sccl_7/143-2230118-5467469?psc=1,"https://images-na.ssl-images-amazon.com/images/I/51EOkpMrmNL._AC_UL600_SR600,400_.jpg",55,排名靠前；标题包含 comfort，符合美国女鞋舒适化趋势；评分达到4.0以上。
2026-10-04,amazon_us,product,new_releases,New Releases Women Sandals,3,threepurple Women's Non-Slip Flip Flops Ultra Lightweight Basic Thongs Rubber Soft Slide Slip-on Shoes Beach Pool Shower Sandals,,4.0,$7.99,,,,,,https://www.amazon.com/threepurple-Womens-Non-Slip-Lightweight-Sandals/dp/B0HB8ZZ2YB/ref=zg_bsnr_g_679425011_d_sccl_3/135-9474429-0924631?psc=1,"https://images-na.ssl-images-amazon.com/images/I/71-qSzOW17L._AC_UL600_SR600,400_.jpg",55,排名靠前；标题包含 soft、beach，符合美国女鞋舒适化趋势；评分达到4.0以上。
2026-10-04,amazon_us,product,new_releases,New Releases Women Sandals,5,"mazeskin Womens Jelly Flats Lattice Ballet Sandals Shoes | Summer Water-Friendly,Pointed Toe Breathable,Lightweight Flexible Woven,Beach Vacation Travel Pool",,4.1,$13.99,,,,,,https://www.amazon.com/mazeskin-Womens-Lattice-Ballet-Sandals/dp/B0H8Y24RR6/ref=zg_bsnr_g_679425011_d_sccl_5/135-9474429-0924631?psc=1,"https://images-na.ssl-images-amazon.com/images/I/71ixO5QqFYL._AC_UL600_SR600,400_.jpg",55,排名靠前；标题包含 beach、summer，符合美国女鞋舒适化趋势；评分达到4.0以上。
2026-10-04,amazon_us,product,new_releases,New Releases Women Sandals,6,"DREAM PAIRS Women's Stiletto Kitten Heeled Sandals | Pointed Open Toe Chunky Block Heels, Heeled Sandals Wedding Bridal Party, 3.78-inch stiletto heel Comfortable Shoes",,4.0,$38.99,,,,,,https://www.amazon.com/DREAM-PAIRS-Womens-Stiletto-Sandals/dp/B0H2TRRXXQ/ref=zg_bsnr_g_679425011_d_sccl_6/135-9474429-0924631?psc=1,"https://images-na.ssl-images-amazon.com/images/I/615-nQIWeVL._AC_UL600_SR600,400_.jpg",55,排名靠前；标题包含 comfort，符合美国女鞋舒适化趋势；评分达到4.0以上。
2026-10-04,amazon_us,product,new_releases,New Releases Women Sandals,7,"Ankis Women Kitten Heel Sandals Strappy Low Heels for Wedding Party Prom | Comfortable 2.5 Inch Cross Strappy Heels, Square Toe, Adjustable Ankle Strap,Anti-Slip Sole, Gold Silver Black Available",,4.2,$39.99,,,,,,https://www.amazon.com/Ankis-Kitten-Sandals-Strappy-Wedding/dp/B0GX1FPPB7/ref=zg_bsnr_g_679425011_d_sccl_7/135-9474429-0924631?psc=1,"https://images-na.ssl-images-amazon.com/images/I/61tvlj6BO3L._AC_UL600_SR600,400_.jpg",55,排名靠前；标题包含 comfort，符合美国女鞋舒适化趋势；评分达到4.0以上。
2026-10-04,amazon_us,product,new_releases,New Releases Women Sandals,10,"DREAM PAIRS Women's Kitten Low Heel Ankle Strap Sandals | 2.72 Inch,Comfortable Fashion Open Toe Sandals,4mm Cushioning,Suitable for Casual Daily Formal Wedding Prom Party Date Night",,4.1,$35.99,,,,,,https://www.amazon.com/DREAM-PAIRS-Womens-Kitten-Sandals/dp/B0H6HTM6KG/ref=zg_bsnr_g_679425011_d_sccl_10/135-9474429-0924631?psc=1,"https://images-na.ssl-images-amazon.com/images/I/61NrjaXcDIL._AC_UL600_SR600,400_.jpg",55,排名靠前；标题包含 comfort，符合美国女鞋舒适化趋势；评分达到4.0以上。
2026-10-04,amazon_us,product,new_releases,New Releases Women Sandals,14,IDIFU IN1 Kitten Flip Flop Heels for Women Square Open Toe Low Heel | Wedding Bride Graduation Party Slide Dress Shoes Comfortable Cute Trendy Casual Thong Slip On Strappy Low Heeled Sandals,¥194.33,4.1,38,,,,,,https://www.amazon.com/IDIFU-Black-Heels-Kitten-Square/dp/B0H33RYJVG/ref=zg_bsnr_g_679425011_d_sccl_14/135-9474429-0924631?psc=1,"https://images-na.ssl-images-amazon.com/images/I/61RO1a8KWKL._AC_UL600_SR600,400_.jpg",55,排名进入前30；价格处于人民币等值¥180.00-¥288.00区间；标题包含 comfort，符合美国女鞋舒适化趋势；评分达到4.0以上。
2026-10-04,amazon_us,product,new_releases,New Releases Women Sandals,28,IDIFU IN2 Women's Bow Heels Block Chunky Open Toe Heeled Sandals | 2.3 Inch Round Toe Satin Low Dress Shoes for Women Bride Wedding Prom Homecoming Graduation Party Ankle Strap Heel,¥287.86,4.8,22,,,,,,https://www.amazon.com/IDIFU-Womens-Chunky-Heeled-Sandals/dp/B0H4L45N3J/ref=zg_bsnr_g_679425011_d_sccl_28/135-9474429-0924631?psc=1,"https://images-na.ssl-images-amazon.com/images/I/71K+FCI9FQL._AC_UL600_SR600,400_.jpg",55,排名进入前30；价格处于人民币等值¥180.00-¥288.00区间；评分达到4.6以上。
2026-10-04,amazon_us,product,search,platform sandals women,7,"REEF Women's Sandals, Water Vista Higher",¥431.64,4.4,"Platform Sandals, Water-Friendly, Adjustable Fit, Lightweight Comfort, Enhanced Grip",,,,,,https://www.amazon.com/sspa/click?ie=UTF8&spc=MTo0MzE4Mzg5NTk5NDEyNTU5OjE3OTEwOTU4NTk6c3Bfc2VhcmNoX3RoZW1hdGljOjMwMDY0NTc1MTM1ODMwMjo6Mzo6&url=%2FReef-Womens-Sandals-Higher-Vintage%2Fdp%2FB0CMCT3W5T%2Fref%3Dsxin_15_pa_sp_search_thematic_sspa%3Fcontent-id%3Damzn1.sym.befd5ae9-64c6-40e0-90f2-45ad7003b71b%253Aamzn1.sym.befd5ae9-64c6-40e0-90f2-45ad7003b71b%26cv_ct_cx%3Dplatform%2Bsandals%2Bwomen%26keywords%3Dplatform%2Bsandals%2Bwomen%26pd_rd_i%3DB0CMCT3W5T%26pd_rd_r%3Dd6d0c773-aa9d-465f-a130-23e8168f531c%26pd_rd_w%3Dl5Ney%26pd_rd_wg%3D8lvb4%26pf_rd_p%3Dbefd5ae9-64c6-40e0-90f2-45ad7003b71b%26pf_rd_r%3DMGESTMWB7MF8GKG69XVK%26qid%3D1791095859%26sbo%3DRZvfv%252F%252FHxDF%252BO5021pAnSA%253D%253D%26sr%3D1-4-7efdef4d-9875-47e1-927f-8c2c1c47ed49-spons%26aref%3DKRWmzbZTnR%26sp_csd%3Dd2lkZ2V0TmFtZT1zcF9zZWFyY2hfdGhlbWF0aWM%26psc%3D1&aref=KRWmzbZTnR,https://m.media-amazon.com/images/I/61x9SiZHNdL._AC_UL320_.jpg,55,排名靠前；价格高于人民币等值¥288.00；评分达到4.3以上。
2026-10-04,amazon_us,product,search,platform sandals women,28,Aerosoles Women's Camilia Platform Sandal,¥359.93,4.2,50+ bought in past month,,,,,,https://www.amazon.com/Aerosoles-Womens-CAMILIA-Heeled-Natural/dp/B0CTKDTBST/ref=sr_1_23?dib=eyJ2IjoiMSJ9.EIJh1jY9ea3EISWsO86AbRTimG68G4WZuo_0N_aXtZDsm7HknsiVMwk4Ipi71BAqYpDlbmE5ztUgA225xRuXvA1p0v6OCzy818VqxpReOQq4pvi-mp6pc9ooJAL8jmCRQL07_htx6iyOfsPVS_O4MBOGNPrcCvmh65F9mYOfjo00jG460mNeoHvOaqpBSsjI3UGD8ZYsdDxMezUbcHYOV3UeymjScl_CkUR3zsO-6buYcxEwFy1C8cQxm78kM2-G00lpEm9g-dKXScNZDScRwKJt3gXiFY3URv3tzWMMES8.C2XqrU8IUhFUrcQZxdDI_QZv68BHVrcPxiii7TtsQfM&dib_tag=se&keywords=platform+sandals+women&qid=1791095859&sr=8-23,https://m.media-amazon.com/images/I/71bCv2s89xL._AC_UL320_.jpg,55,排名进入前30；评论数达到50以上；价格高于人民币等值¥288.00；标题包含 platform，符合美国女鞋舒适化趋势；评分达到4.0以上。
2026-10-04,amazon_us,product,best_sellers,Best Sellers Women Sandals,43,"CUSHIONAIRE Feather EVA Slides for Women – Comfortable Slip On Womens Slippers, Indoor Outdoor Shower Shoes, Beach Essential Cloud Slides",,4.4,$26.99,,,,,,https://www.amazon.com/Cushionaire-Womens-Feather-recovery-Comfort/dp/B094TD7Z1K/ref=zg_bs_g_679425011_d_sccl_43/135-9474429-0924631?psc=1,"https://images-na.ssl-images-amazon.com/images/I/817PhiYQjLL._AC_UL300_SR300,200_.jpg",54,排名进入前50；标题包含 cloud、comfort、beach，符合美国女鞋舒适化趋势；cloud + slides组合趋势加分；评分达到4.3以上。
2026-10-04,amazon_us,product,new_releases,New Releases Women Sandals,35,IDIFU Women's IN3 Chunky Platform Block Heels Thick Mule Sandals | Square Open Toe Fashion Comfortable Slip On Casual for Work Wedding Bridal Prom Party Vacation Dress Shoes,¥244.73,3.8,42,,,,,,https://www.amazon.com/IDIFU-Womens-Chunky-Platform-Sandals/dp/B0H5V2XVVK/ref=zg_bsnr_g_679425011_d_sccl_35/135-9474429-0924631?psc=1,"https://images-na.ssl-images-amazon.com/images/I/51jneUUFAHL._AC_UL300_SR300,200_.jpg",54,排名进入前50；价格处于人民币等值¥180.00-¥288.00区间；标题包含 platform、comfort，符合美国女鞋舒适化趋势；platform + comfort组合趋势加分。
2026-10-04,amazon_us,product,search,women summer slippers,12,Women's Open Toe House Slippers Breathable Waffle Fabric Memory Foam,¥71.93,4.2,Cushioning Slip-On Summer Indoor Slippers Non-Slip TPR Sole House Shoes Gifts for Womens Her Mom Easy Care,,,,,,https://www.amazon.com/Yoerpe-Womens-House-Slippers-Slip/dp/B0DRNVC3W2/ref=sr_1_12?dib=eyJ2IjoiMSJ9._L_gfE0XXegGAngREyIarjc0-exgFjT5G99gOBL_2588cZsQrBwFJdUT61LMAIXpSAoEZAjDAiUPCp8_oXaoFeq_jhMbRoVydHZEuMaMgKRh0mIIDsNWLK5ZM9iE-SEWSIf3XSY4kWhUO5N47Nv3ABYAr0H4pmUl-drbgsxVVdefvuL9NSF1PbfIjpbxhWEKmeMPOGrxt5zseA0v5ZquNsezg4B-KuTqwmYvdDNidaoGl-TjGyLZlmH9FGusvFaGNVpjZt-u94JRZTOlgKi4fSzgNx1xQSeMdrSok6xoQ0I.E946euP8Oya8kU6itTtmjNAUfvKK5Ca9tMaDAAiOthQ&dib_tag=se&keywords=women+summer+slippers&qid=1791095857&sr=8-12,https://m.media-amazon.com/images/I/81fS3PsOVnL._AC_UL320_.jpg,54,排名进入前30；价格处于人民币等值¥57.60-¥180.00黄金区间；评分达到4.0以上。
2026-10-04,amazon_us,product,search,women summer slippers,14,Women and Men Linen House Slippers Indoor,¥100.73,4.1,"Cotton Fabric, Breathable, Open-Toe, Non-Slip, Memory Foam, Soft Bottom, Machine Washable, Outdoor, Casual Home Wear",,,,,,https://www.amazon.com/EitCaton-Slippers-Non-Slip-Open-Toe-Washable/dp/B0DVR24MMK/ref=sr_1_14?dib=eyJ2IjoiMSJ9._L_gfE0XXegGAngREyIarjc0-exgFjT5G99gOBL_2588cZsQrBwFJdUT61LMAIXpSAoEZAjDAiUPCp8_oXaoFeq_jhMbRoVydHZEuMaMgKRh0mIIDsNWLK5ZM9iE-SEWSIf3XSY4kWhUO5N47Nv3ABYAr0H4pmUl-drbgsxVVdefvuL9NSF1PbfIjpbxhWEKmeMPOGrxt5zseA0v5ZquNsezg4B-KuTqwmYvdDNidaoGl-TjGyLZlmH9FGusvFaGNVpjZt-u94JRZTOlgKi4fSzgNx1xQSeMdrSok6xoQ0I.E946euP8Oya8kU6itTtmjNAUfvKK5Ca9tMaDAAiOthQ&dib_tag=se&keywords=women+summer+slippers&qid=1791095857&sr=8-14,https://m.media-amazon.com/images/I/81HinGlzSrL._AC_UL320_.jpg,54,排名进入前30；价格处于人民币等值¥57.60-¥180.00黄金区间；评分达到4.0以上。
2026-10-04,amazon_us,product,search,women summer slippers,19,Linen House Slippers for Women Men,¥71.93,4.2,Breathable Linen Upper Open Toe Design Textured Non-Slip Sole Soft Woven Footbed Lightweight & Comfortable,,,,,,https://www.amazon.com/VIDSID-Linen-Slippers-Breathable-Anti-Slip/dp/B0D4DNFVWP/ref=sr_1_19?dib=eyJ2IjoiMSJ9._L_gfE0XXegGAngREyIarjc0-exgFjT5G99gOBL_2588cZsQrBwFJdUT61LMAIXpSAoEZAjDAiUPCp8_oXaoFeq_jhMbRoVydHZEuMaMgKRh0mIIDsNWLK5ZM9iE-SEWSIf3XSY4kWhUO5N47Nv3ABYAr0H4pmUl-drbgsxVVdefvuL9NSF1PbfIjpbxhWEKmeMPOGrxt5zseA0v5ZquNsezg4B-KuTqwmYvdDNidaoGl-TjGyLZlmH9FGusvFaGNVpjZt-u94JRZTOlgKi4fSzgNx1xQSeMdrSok6xoQ0I.E946euP8Oya8kU6itTtmjNAUfvKK5Ca9tMaDAAiOthQ&dib_tag=se&keywords=women+summer+slippers&qid=1791095857&sr=8-19,https://m.media-amazon.com/images/I/81CG5b2e3QL._AC_UL320_.jpg,54,排名进入前30；价格处于人民币等值¥57.60-¥180.00黄金区间；评分达到4.0以上。
2026-10-04,amazon_us,product,search,women summer slippers,23,mazeskin Womens Memory Foam Flip Flops Flat Thong Sandals,¥71.93,4.2,Soft Vegan Leather Comfortable Cushioned Casual Dressy Beach Summer Minimalist Slim Slide Shoes Indoor Outdoor,,,,,,https://www.amazon.com/mazeskin-Womens-Comfortable-Sandals-Leather/dp/B0F32KMZ18/ref=sr_1_23?dib=eyJ2IjoiMSJ9._L_gfE0XXegGAngREyIarjc0-exgFjT5G99gOBL_2588cZsQrBwFJdUT61LMAIXpSAoEZAjDAiUPCp8_oXaoFeq_jhMbRoVydHZEuMaMgKRh0mIIDsNWLK5ZM9iE-SEWSIf3XSY4kWhUO5N47Nv3ABYAr0H4pmUl-drbgsxVVdefvuL9NSF1PbfIjpbxhWEKmeMPOGrxt5zseA0v5ZquNsezg4B-KuTqwmYvdDNidaoGl-TjGyLZlmH9FGusvFaGNVpjZt-u94JRZTOlgKi4fSzgNx1xQSeMdrSok6xoQ0I.E946euP8Oya8kU6itTtmjNAUfvKK5Ca9tMaDAAiOthQ&dib_tag=se&keywords=women+summer+slippers&qid=1791095857&sr=8-23,https://m.media-amazon.com/images/I/71jV8GHPNSL._AC_UL320_.jpg,54,排名进入前30；价格处于人民币等值¥57.60-¥180.00黄金区间；评分达到4.0以上。
2026-10-04,amazon_us,product,search,women summer slippers,28,"Garonne Women's Lightweight Loafer Slippers with Memory Foam, Ladies' Non-Slip House Shoes for Bedroom Indoor Outdoor",¥115.13,4.2,"Price, product page $15.99 $ 15 . 99",,,,,,https://www.amazon.com/Garonne-Slippers-Non-Slip-Bedroom-Outdoor/dp/B0F37BTNB5/ref=sr_1_28?dib=eyJ2IjoiMSJ9._L_gfE0XXegGAngREyIarjc0-exgFjT5G99gOBL_2588cZsQrBwFJdUT61LMAIXpSAoEZAjDAiUPCp8_oXaoFeq_jhMbRoVydHZEuMaMgKRh0mIIDsNWLK5ZM9iE-SEWSIf3XSY4kWhUO5N47Nv3ABYAr0H4pmUl-drbgsxVVdefvuL9NSF1PbfIjpbxhWEKmeMPOGrxt5zseA0v5ZquNsezg4B-KuTqwmYvdDNidaoGl-TjGyLZlmH9FGusvFaGNVpjZt-u94JRZTOlgKi4fSzgNx1xQSeMdrSok6xoQ0I.E946euP8Oya8kU6itTtmjNAUfvKK5Ca9tMaDAAiOthQ&dib_tag=se&keywords=women+summer+slippers&qid=1791095857&sr=8-28,https://m.media-amazon.com/images/I/81JmkmTRcmL._AC_UL320_.jpg,54,排名进入前30；价格处于人民币等值¥57.60-¥180.00黄金区间；评分达到4.0以上。
2026-10-04,amazon_us,product,search,women summer slippers,40,shevalues Women's Comfort EVA Sandals Medium Arch Support Beach Slides,¥179.93,4.2,"Adjustable Double Buckle, Waterproof, Lightweight, Soft Cushioned, Non-slip, Slip-On",,,,,,https://www.amazon.com/shevalues-Comfort-Sandals-Support-Adjustable/dp/B0GG2D6T1H/ref=sr_1_40?dib=eyJ2IjoiMSJ9._L_gfE0XXegGAngREyIarjc0-exgFjT5G99gOBL_2588cZsQrBwFJdUT61LMAIXpSAoEZAjDAiUPCp8_oXaoFeq_jhMbRoVydHZEuMaMgKRh0mIIDsNWLK5ZM9iE-SEWSIf3XSY4kWhUO5N47Nv3ABYAr0H4pmUl-drbgsxVVdefvuL9NSF1PbfIjpbxhWEKmeMPOGrxt5zseA0v5ZquNsezg4B-KuTqwmYvdDNidaoGl-TjGyLZlmH9FGusvFaGNVpjZt-u94JRZTOlgKi4fSzgNx1xQSeMdrSok6xoQ0I.E946euP8Oya8kU6itTtmjNAUfvKK5Ca9tMaDAAiOthQ&dib_tag=se&keywords=women+summer+slippers&qid=1791095857&sr=8-40,https://m.media-amazon.com/images/I/71N1gcg2qHL._AC_UL320_.jpg,54,排名进入前50；价格处于人民币等值¥57.60-¥180.00黄金区间；标题包含 comfort、arch support、beach，符合美国女鞋舒适化趋势；评分达到4.0以上。
2026-10-04,amazon_us,product,search,women slides,7,"House Slipper for Women Men, Shower Shoes, Fast-Dry Nonslip Slides Sandal",¥57.53,4.2,Lightweight Comfortable Pool Slides Easy to Slip on Indoor Slippers for Gym Shower College Dorms Beach Hospital,,,,,,https://www.amazon.com/Slipper-Shower-Fast-Dry-Nonslip-Slides/dp/B01LYNR9VM/ref=sr_1_7?dib=eyJ2IjoiMSJ9.UXktg5ZKJZxCJyRKr9FwH-5ISCpT-qDImHOl_nO4JUk1laVOb-Ah8igw-ZnwNyWJlS5_tfDO32XYjzKY-SeZHbMnoWamz44QPqb3gC6jgzlt2AKXZY31I128UQ6a3Ibc67Pi_7N9A8CwH-L4Tnh-6QjMiqqWsC6KXkKrEsww7P2doSgE4UnqXETHPDAjEK5UfKSECc52D0vyFDiw0E-NUfyCmgSuOiPtP49WxR5Y-IbbP-jIHZ3kD8pONYcdt0OFlDoKXgKX3-NNmO5QfEGahk4HIhJ6zH_CNCv3XW946Gw.vRE15SgsqS9i_m2ljyE8Pk_C9lDXPrk3FC7kZCvemz0&dib_tag=se&keywords=women+slides&qid=1791095859&sr=8-7,https://m.media-amazon.com/images/I/815Fjif9JhL._AC_UL320_.jpg,54,排名靠前；价格低于人民币等值¥57.60；评分达到4.0以上。
2026-10-04,amazon_us,product,search,women slides,32,ODOLY Unisex Comfortable Cork Footbed Slide Sandals with Arch Support,¥179.93,4.5,"Adjustable Buckle, Lightweight Summer Sandals for Travel and Everyday Wear",,,,,,https://www.amazon.com/ODOLY-Footbed-Comfortable-Sandals-Adjustable/dp/B0CSMPY4FL/ref=sr_1_32?dib=eyJ2IjoiMSJ9.UXktg5ZKJZxCJyRKr9FwH-5ISCpT-qDImHOl_nO4JUk1laVOb-Ah8igw-ZnwNyWJlS5_tfDO32XYjzKY-SeZHbMnoWamz44QPqb3gC6jgzlt2AKXZY31I128UQ6a3Ibc67Pi_7N9A8CwH-L4Tnh-6QjMiqqWsC6KXkKrEsww7P2doSgE4UnqXETHPDAjEK5UfKSECc52D0vyFDiw0E-NUfyCmgSuOiPtP49WxR5Y-IbbP-jIHZ3kD8pONYcdt0OFlDoKXgKX3-NNmO5QfEGahk4HIhJ6zH_CNCv3XW946Gw.vRE15SgsqS9i_m2ljyE8Pk_C9lDXPrk3FC7kZCvemz0&dib_tag=se&keywords=women+slides&qid=1791095859&sr=8-32,https://m.media-amazon.com/images/I/61OMlYEdkQL._AC_UL320_.jpg,54,排名进入前50；价格处于人民币等值¥57.60-¥180.00黄金区间；标题包含 comfort、arch support，符合美国女鞋舒适化趋势；评分达到4.3以上。
2026-10-04,amazon_us,product,search,women slides,44,"CUSHIONAIRE Java Casual Womens Jelly Flats with Adjustable Strap, Closed Toe Mary Janes Mule Design, Waterproof Jelly Sandals for Women",¥251.93,4.2,1K+ bought in past month,,,,,,https://www.amazon.com/CUSHIONAIRE-Adjustable-Waterproof-Sandals-Chocolate/dp/B0H4MRPF79/ref=sr_1_44?dib=eyJ2IjoiMSJ9.UXktg5ZKJZxCJyRKr9FwH-5ISCpT-qDImHOl_nO4JUk1laVOb-Ah8igw-ZnwNyWJlS5_tfDO32XYjzKY-SeZHbMnoWamz44QPqb3gC6jgzlt2AKXZY31I128UQ6a3Ibc67Pi_7N9A8CwH-L4Tnh-6QjMiqqWsC6KXkKrEsww7P2doSgE4UnqXETHPDAjEK5UfKSECc52D0vyFDiw0E-NUfyCmgSuOiPtP49WxR5Y-IbbP-jIHZ3kD8pONYcdt0OFlDoKXgKX3-NNmO5QfEGahk4HIhJ6zH_CNCv3XW946Gw.vRE15SgsqS9i_m2ljyE8Pk_C9lDXPrk3FC7kZCvemz0&dib_tag=se&keywords=women+slides&qid=1791095859&sr=8-44,https://m.media-amazon.com/images/I/81iCqxPUX6L._AC_UL320_.jpg,54,排名进入前50；评论数达到1000以上；价格处于人民币等值¥180.00-¥288.00区间；评分达到4.0以上。
2026-10-04,amazon_us,product,search,women slides,16,Project Cloud 100% Genuine Leather Womens Cork Footbed Clogs for Women,¥323.28,4.3,Memory Foam Arch Support Slippers for Women; Trendy Slip-On Women's Mules & Clogs Sandals with Durable Outsole for Comfort,,,,,,https://www.amazon.com/Project-Cloud-Womens-Genuine-Footbed/dp/B0CZY392JY/ref=sr_1_16?dib=eyJ2IjoiMSJ9.UXktg5ZKJZxCJyRKr9FwH-5ISCpT-qDImHOl_nO4JUk1laVOb-Ah8igw-ZnwNyWJlS5_tfDO32XYjzKY-SeZHbMnoWamz44QPqb3gC6jgzlt2AKXZY31I128UQ6a3Ibc67Pi_7N9A8CwH-L4Tnh-6QjMiqqWsC6KXkKrEsww7P2doSgE4UnqXETHPDAjEK5UfKSECc52D0vyFDiw0E-NUfyCmgSuOiPtP49WxR5Y-IbbP-jIHZ3kD8pONYcdt0OFlDoKXgKX3-NNmO5QfEGahk4HIhJ6zH_CNCv3XW946Gw.vRE15SgsqS9i_m2ljyE8Pk_C9lDXPrk3FC7kZCvemz0&dib_tag=se&keywords=women+slides&qid=1791095859&sr=8-16,https://m.media-amazon.com/images/I/91HByeOmkuL._AC_UL320_.jpg,53,排名进入前30；价格高于人民币等值¥288.00；标题包含 cloud，符合美国女鞋舒适化趋势；评分达到4.3以上。
2026-10-04,amazon_us,product,search,platform sandals women,14,Crocs Women's Getaway Toe Loop Platform Sandals,¥323.64,4.5,Casual Sandals,,,,,,https://www.amazon.com/Crocs-Getaway-Platform-Sandals-LiteRide/dp/B0DND8TTL9/ref=sr_1_9?dib=eyJ2IjoiMSJ9.EIJh1jY9ea3EISWsO86AbRTimG68G4WZuo_0N_aXtZDsm7HknsiVMwk4Ipi71BAqYpDlbmE5ztUgA225xRuXvA1p0v6OCzy818VqxpReOQq4pvi-mp6pc9ooJAL8jmCRQL07_htx6iyOfsPVS_O4MBOGNPrcCvmh65F9mYOfjo00jG460mNeoHvOaqpBSsjI3UGD8ZYsdDxMezUbcHYOV3UeymjScl_CkUR3zsO-6buYcxEwFy1C8cQxm78kM2-G00lpEm9g-dKXScNZDScRwKJt3gXiFY3URv3tzWMMES8.C2XqrU8IUhFUrcQZxdDI_QZv68BHVrcPxiii7TtsQfM&dib_tag=se&keywords=platform+sandals+women&qid=1791095859&sr=8-9,https://m.media-amazon.com/images/I/41yd3SXL8yL._AC_UL320_.jpg,53,排名进入前30；价格高于人民币等值¥288.00；标题包含 platform，符合美国女鞋舒适化趋势；评分达到4.3以上。
2026-10-04,amazon_us,product,search,platform sandals women,24,HEYDUDE Women's Austin Slide Classic Platform Sandal | EVA Footbed,¥395.64,4.4,"Synthetic Upper, Memory Foam Cushioned Straps, Plush Yoga Mat Feel, Easy On System, Flexible Outsole, Breathable Airflow",,,,,,https://www.amazon.com/HEYDUDE-Womens-Austin-Classic-Cognac/dp/B0F7NWHTF1/ref=sr_1_19?dib=eyJ2IjoiMSJ9.EIJh1jY9ea3EISWsO86AbRTimG68G4WZuo_0N_aXtZDsm7HknsiVMwk4Ipi71BAqYpDlbmE5ztUgA225xRuXvA1p0v6OCzy818VqxpReOQq4pvi-mp6pc9ooJAL8jmCRQL07_htx6iyOfsPVS_O4MBOGNPrcCvmh65F9mYOfjo00jG460mNeoHvOaqpBSsjI3UGD8ZYsdDxMezUbcHYOV3UeymjScl_CkUR3zsO-6buYcxEwFy1C8cQxm78kM2-G00lpEm9g-dKXScNZDScRwKJt3gXiFY3URv3tzWMMES8.C2XqrU8IUhFUrcQZxdDI_QZv68BHVrcPxiii7TtsQfM&dib_tag=se&keywords=platform+sandals+women&qid=1791095859&sr=8-19,https://m.media-amazon.com/images/I/71+OUCJdJzL._AC_UL320_.jpg,53,排名进入前30；价格高于人民币等值¥288.00；标题包含 platform，符合美国女鞋舒适化趋势；评分达到4.3以上。
2026-10-04,amazon_us,product,search,platform sandals women,48,Athlefit Women's Espadrille Platform Wedge Sandals,¥129.53,4.3,"Adjustable Ankle Strap Buckle,Comfortable Open Toe Flatform,Summer Casual Daily Wear for All-Day",,,,,,https://www.amazon.com/Athlefit-Platform-Espadrille-Sandals-Casual/dp/B0DK1DS13Q/ref=sr_1_43?dib=eyJ2IjoiMSJ9.EIJh1jY9ea3EISWsO86AbRTimG68G4WZuo_0N_aXtZDsm7HknsiVMwk4Ipi71BAqYpDlbmE5ztUgA225xRuXvA1p0v6OCzy818VqxpReOQq4pvi-mp6pc9ooJAL8jmCRQL07_htx6iyOfsPVS_O4MBOGNPrcCvmh65F9mYOfjo00jG460mNeoHvOaqpBSsjI3UGD8ZYsdDxMezUbcHYOV3UeymjScl_CkUR3zsO-6buYcxEwFy1C8cQxm78kM2-G00lpEm9g-dKXScNZDScRwKJt3gXiFY3URv3tzWMMES8.C2XqrU8IUhFUrcQZxdDI_QZv68BHVrcPxiii7TtsQfM&dib_tag=se&keywords=platform+sandals+women&qid=1791095859&sr=8-43,https://m.media-amazon.com/images/I/71ecjqItEzL._AC_UL320_.jpg,53,排名进入前50；价格处于人民币等值¥57.60-¥180.00黄金区间；标题包含 platform、wedge，符合美国女鞋舒适化趋势；评分达到4.3以上。
2026-10-04,amazon_us,product,search,platform sandals women,50,Espadrille Platform Wedge Sandals Braided Women Slip-On Sandal,¥156.10,4.3,"Adjustable Strap,Open Toe, 3 in Platform Heel, 1.4in Sole, Straw Woven/PU—4 Colors, Beach, Vacation & Summer Boho Daily Wear",,,,,,https://www.amazon.com/COMFITORIA-Espadrille-Platform-Adjustable-Comfortable/dp/B0FPFTJ3DX/ref=sr_1_45?dib=eyJ2IjoiMSJ9.EIJh1jY9ea3EISWsO86AbRTimG68G4WZuo_0N_aXtZDsm7HknsiVMwk4Ipi71BAqYpDlbmE5ztUgA225xRuXvA1p0v6OCzy818VqxpReOQq4pvi-mp6pc9ooJAL8jmCRQL07_htx6iyOfsPVS_O4MBOGNPrcCvmh65F9mYOfjo00jG460mNeoHvOaqpBSsjI3UGD8ZYsdDxMezUbcHYOV3UeymjScl_CkUR3zsO-6buYcxEwFy1C8cQxm78kM2-G00lpEm9g-dKXScNZDScRwKJt3gXiFY3URv3tzWMMES8.C2XqrU8IUhFUrcQZxdDI_QZv68BHVrcPxiii7TtsQfM&dib_tag=se&keywords=platform+sandals+women&qid=1791095859&sr=8-45,https://m.media-amazon.com/images/I/71ZzmcXK9RL._AC_UL320_.jpg,53,排名进入前50；价格处于人民币等值¥57.60-¥180.00黄金区间；标题包含 platform、wedge，符合美国女鞋舒适化趋势；评分达到4.3以上。
2026-10-04,amazon_us,product,best_sellers,Best Sellers Women Sandals,5,"Amazon Essentials Women's Two Strap Heeled Sandals with Adjustable Ankle Strap, Padded Memory Foam Insole",,4.4,$14.11,,,,,,https://www.amazon.com/Amazon-Essentials-Womens-Nola-Heeled/dp/B08LPV277H/ref=zg_bs_g_679425011_d_sccl_5/143-2230118-5467469?psc=1,"https://images-na.ssl-images-amazon.com/images/I/71DEyvdnHNL._AC_UL600_SR600,400_.jpg",52,排名靠前；评分达到4.3以上。
2026-10-04,amazon_us,product,search,women summer slippers,45,"Leslie Terry Clog House Shoes with Memory Foam, Indoor Slippers with Wide Widths",¥111.24,4.4,400+ bought in past month,,,,,,https://www.amazon.com/Dearfoams-Womens-Quilted-Terry-Slipper/dp/B01N34HJY5/ref=sr_1_45?dib=eyJ2IjoiMSJ9._L_gfE0XXegGAngREyIarjc0-exgFjT5G99gOBL_2588cZsQrBwFJdUT61LMAIXpSAoEZAjDAiUPCp8_oXaoFeq_jhMbRoVydHZEuMaMgKRh0mIIDsNWLK5ZM9iE-SEWSIf3XSY4kWhUO5N47Nv3ABYAr0H4pmUl-drbgsxVVdefvuL9NSF1PbfIjpbxhWEKmeMPOGrxt5zseA0v5ZquNsezg4B-KuTqwmYvdDNidaoGl-TjGyLZlmH9FGusvFaGNVpjZt-u94JRZTOlgKi4fSzgNx1xQSeMdrSok6xoQ0I.E946euP8Oya8kU6itTtmjNAUfvKK5Ca9tMaDAAiOthQ&dib_tag=se&keywords=women+summer+slippers&qid=1791095857&sr=8-45,https://m.media-amazon.com/images/I/718ZuT7GZrL._AC_UL320_.jpg,52,排名进入前50；评论数达到300以上；价格处于人民币等值¥57.60-¥180.00黄金区间；评分达到4.3以上。
2026-10-04,amazon_us,product,search,women slides,21,Skechers Women's On-The-Go 600 Adore,¥268.27,4.5,"Casual, Stretch Fit, Air-Cooled Goga Mat, 5GEN Cushioning, Machine Washable",,,,,,https://www.amazon.com/ON-THE-GO-600-STRETCH-KNIT-SLIDE/dp/B08FF499T6/ref=sr_1_21?dib=eyJ2IjoiMSJ9.UXktg5ZKJZxCJyRKr9FwH-5ISCpT-qDImHOl_nO4JUk1laVOb-Ah8igw-ZnwNyWJlS5_tfDO32XYjzKY-SeZHbMnoWamz44QPqb3gC6jgzlt2AKXZY31I128UQ6a3Ibc67Pi_7N9A8CwH-L4Tnh-6QjMiqqWsC6KXkKrEsww7P2doSgE4UnqXETHPDAjEK5UfKSECc52D0vyFDiw0E-NUfyCmgSuOiPtP49WxR5Y-IbbP-jIHZ3kD8pONYcdt0OFlDoKXgKX3-NNmO5QfEGahk4HIhJ6zH_CNCv3XW946Gw.vRE15SgsqS9i_m2ljyE8Pk_C9lDXPrk3FC7kZCvemz0&dib_tag=se&keywords=women+slides&qid=1791095859&sr=8-21,https://m.media-amazon.com/images/I/71GRfZeylfL._AC_UL320_.jpg,52,排名进入前30；价格处于人民币等值¥180.00-¥288.00区间；评分达到4.3以上。
2026-10-04,amazon_us,product,search,women slides,27,"CUSHIONAIRE Lab Lattice Jelly Flats for Women, Closed Toe Womens Mules",¥251.86,4.3,"Womens Flats with Molded Lattice Upper, Cushioned Footbed, Womens Slip On Shoes, Water Resistant, Jelly Shoes Women, Backless",,,,,,https://www.amazon.com/CUSHIONAIRE-Lattice-Jelly-Closed-Womens/dp/B0H1DP19B2/ref=sr_1_27?dib=eyJ2IjoiMSJ9.UXktg5ZKJZxCJyRKr9FwH-5ISCpT-qDImHOl_nO4JUk1laVOb-Ah8igw-ZnwNyWJlS5_tfDO32XYjzKY-SeZHbMnoWamz44QPqb3gC6jgzlt2AKXZY31I128UQ6a3Ibc67Pi_7N9A8CwH-L4Tnh-6QjMiqqWsC6KXkKrEsww7P2doSgE4UnqXETHPDAjEK5UfKSECc52D0vyFDiw0E-NUfyCmgSuOiPtP49WxR5Y-IbbP-jIHZ3kD8pONYcdt0OFlDoKXgKX3-NNmO5QfEGahk4HIhJ6zH_CNCv3XW946Gw.vRE15SgsqS9i_m2ljyE8Pk_C9lDXPrk3FC7kZCvemz0&dib_tag=se&keywords=women+slides&qid=1791095859&sr=8-27,https://m.media-amazon.com/images/I/71IXAHxwQYL._AC_UL320_.jpg,52,排名进入前30；价格处于人民币等值¥180.00-¥288.00区间；评分达到4.3以上。
2026-10-04,amazon_us,product,best_sellers,Best Sellers Women Sandals,31,Project Cloud 100% Genuine Leather Womens Sandals Slides for Women Flats | Cork Footbed Sandals for Women with Memory Foam and Arch Support Vacation Essentials Slides Women Footwear Flat Sandals,,4.3,$32.90,,,,,,https://www.amazon.com/Genuine-Leather-Womens-Sandals-Everyday/dp/B0D1RKKCH8/ref=zg_bs_g_679425011_d_sccl_31/135-9474429-0924631?psc=1,"https://images-na.ssl-images-amazon.com/images/I/91FN+pG6RHL._AC_UL300_SR300,200_.jpg",51,排名进入前50；标题包含 cloud、arch support，符合美国女鞋舒适化趋势；cloud + slides组合趋势加分；评分达到4.3以上。
2026-10-04,amazon_us,product,new_releases,New Releases Women Sandals,25,RJYLP Jelly Sandals for Women Clear Sandals Jelly Shoes Women Kitten Heel Mules Open Toe Slide Pumps Dress Shoes Beach Summer Sandal Cute Comfortable,,4.2,$44.99,,,,,,https://www.amazon.com/RJYLP-Sandals-Kitten-Summer-Comfortable/dp/B0H8X3YPPN/ref=zg_bsnr_g_679425011_d_sccl_25/135-9474429-0924631?psc=1,"https://images-na.ssl-images-amazon.com/images/I/614JcEHq9rL._AC_UL600_SR600,400_.jpg",51,排名进入前30；标题包含 comfort、beach、summer，符合美国女鞋舒适化趋势；评分达到4.0以上。
2026-10-04,amazon_us,product,search,women summer slippers,33,KuaiLu Flip Flops for Women with Arch Support Summer Beach Thong Sandals,¥71.93,4.2,Comfortable Yoga Mat Cushion Walking Shoes Slip on Casual Outfits Faux Leather Indoor Outdoor,,,,,,https://www.amazon.com/KuaiLu-Support-Comfortable-Cushion-Walking/dp/B08GKGCH2R/ref=sr_1_33?dib=eyJ2IjoiMSJ9._L_gfE0XXegGAngREyIarjc0-exgFjT5G99gOBL_2588cZsQrBwFJdUT61LMAIXpSAoEZAjDAiUPCp8_oXaoFeq_jhMbRoVydHZEuMaMgKRh0mIIDsNWLK5ZM9iE-SEWSIf3XSY4kWhUO5N47Nv3ABYAr0H4pmUl-drbgsxVVdefvuL9NSF1PbfIjpbxhWEKmeMPOGrxt5zseA0v5ZquNsezg4B-KuTqwmYvdDNidaoGl-TjGyLZlmH9FGusvFaGNVpjZt-u94JRZTOlgKi4fSzgNx1xQSeMdrSok6xoQ0I.E946euP8Oya8kU6itTtmjNAUfvKK5Ca9tMaDAAiOthQ&dib_tag=se&keywords=women+summer+slippers&qid=1791095857&sr=8-33,https://m.media-amazon.com/images/I/81-DUybjK+L._AC_UL320_.jpg,51,排名进入前50；价格处于人民币等值¥57.60-¥180.00黄金区间；标题包含 arch support、beach、summer，符合美国女鞋舒适化趋势；评分达到4.0以上。
2026-10-04,amazon_us,product,search,women slides,20,CUSHIONAIRE Pool Slides for Women Water Resistant Double Buckle Adjustable Slip-On Womens Sandals for Beach Shower Casual Wear,¥323.93,3.8,300+ bought in past month,,,,,,https://www.amazon.com/CUSHIONAIRE-Sandals-Slides-Shower-Tortie/dp/B0GXHMQTNM/ref=sr_1_20?dib=eyJ2IjoiMSJ9.UXktg5ZKJZxCJyRKr9FwH-5ISCpT-qDImHOl_nO4JUk1laVOb-Ah8igw-ZnwNyWJlS5_tfDO32XYjzKY-SeZHbMnoWamz44QPqb3gC6jgzlt2AKXZY31I128UQ6a3Ibc67Pi_7N9A8CwH-L4Tnh-6QjMiqqWsC6KXkKrEsww7P2doSgE4UnqXETHPDAjEK5UfKSECc52D0vyFDiw0E-NUfyCmgSuOiPtP49WxR5Y-IbbP-jIHZ3kD8pONYcdt0OFlDoKXgKX3-NNmO5QfEGahk4HIhJ6zH_CNCv3XW946Gw.vRE15SgsqS9i_m2ljyE8Pk_C9lDXPrk3FC7kZCvemz0&dib_tag=se&keywords=women+slides&qid=1791095859&sr=8-20,https://m.media-amazon.com/images/I/71NStLIJ8SL._AC_UL320_.jpg,51,排名进入前30；评论数达到300以上；价格高于人民币等值¥288.00；标题包含 beach，符合美国女鞋舒适化趋势。
2026-10-04,amazon_us,product,search,platform sandals women,41,EQAUDES Platform Sandals For Women Espadrilles Wedges Summer Beach Shoes,¥287.93,4.0,"Raffia, Woven, Chunky Block Heels, Dressy Slides, Non-Slip Sole, Slip On, Square Open Toe, Daliy And Vacation Outfits",,,,,,https://www.amazon.com/EQAUDES-Platform-Espadrille-Sandals-Flatform/dp/B0C6XLWPN9/ref=sr_1_36?dib=eyJ2IjoiMSJ9.EIJh1jY9ea3EISWsO86AbRTimG68G4WZuo_0N_aXtZDsm7HknsiVMwk4Ipi71BAqYpDlbmE5ztUgA225xRuXvA1p0v6OCzy818VqxpReOQq4pvi-mp6pc9ooJAL8jmCRQL07_htx6iyOfsPVS_O4MBOGNPrcCvmh65F9mYOfjo00jG460mNeoHvOaqpBSsjI3UGD8ZYsdDxMezUbcHYOV3UeymjScl_CkUR3zsO-6buYcxEwFy1C8cQxm78kM2-G00lpEm9g-dKXScNZDScRwKJt3gXiFY3URv3tzWMMES8.C2XqrU8IUhFUrcQZxdDI_QZv68BHVrcPxiii7TtsQfM&dib_tag=se&keywords=platform+sandals+women&qid=1791095859&sr=8-36,https://m.media-amazon.com/images/I/81juIfWU4pL._AC_UL320_.jpg,51,排名进入前50；价格处于人民币等值¥180.00-¥288.00区间；标题包含 platform、beach、summer、wedge，符合美国女鞋舒适化趋势；评分达到4.0以上。
2026-10-04,amazon_us,product,new_releases,New Releases Women Sandals,13,"Ankis Women’s Open Toe Ankle Strap Platform Block Heel Sandals Shoes | Crossover Front Strap Platform Sandals, Ankle Strap with Buckle, Chunky Block High Heels, Wedding Party Dress Heels for Women",,4.5,$42.99,,,,,,https://www.amazon.com/Ankis-Womens-Ankle-Platform-Sandals/dp/B0GXV499C7/ref=zg_bsnr_g_679425011_d_sccl_13/135-9474429-0924631?psc=1,"https://images-na.ssl-images-amazon.com/images/I/7156C3QyK7L._AC_UL600_SR600,400_.jpg",50,排名进入前30；标题包含 platform，符合美国女鞋舒适化趋势；评分达到4.3以上。
2026-10-04,amazon_us,product,new_releases,New Releases Women Sandals,16,UGG Women's Ultra Mini Bailey Bow,,5.0,$174.95,,,,,,https://www.amazon.com/UGG-Womens-Ultra-Bailey-Chestnut/dp/B0G3M49CFL/ref=zg_bsnr_g_679425011_d_sccl_16/135-9474429-0924631?psc=1,"https://images-na.ssl-images-amazon.com/images/I/81qXYkRPhWL._AC_UL600_SR600,400_.jpg",50,排名进入前30；评论数达到50以上；评分达到4.6以上。
2026-10-04,amazon_us,product,search,women summer slippers,18,Women's Open Toe House Slippers Breathable Indoor Shoes Memory Foam,¥69.05,3.4,Cushioning Slip-On Summer Indoor Slippers Non-Slip TPR Sole House Shoes Gifts for Womens Her Mom Easy Care,,,,,,https://www.amazon.com/Yoerpe-Womens-House-Slippers-Slip/dp/B0F8BKW8PC/ref=sr_1_18?dib=eyJ2IjoiMSJ9._L_gfE0XXegGAngREyIarjc0-exgFjT5G99gOBL_2588cZsQrBwFJdUT61LMAIXpSAoEZAjDAiUPCp8_oXaoFeq_jhMbRoVydHZEuMaMgKRh0mIIDsNWLK5ZM9iE-SEWSIf3XSY4kWhUO5N47Nv3ABYAr0H4pmUl-drbgsxVVdefvuL9NSF1PbfIjpbxhWEKmeMPOGrxt5zseA0v5ZquNsezg4B-KuTqwmYvdDNidaoGl-TjGyLZlmH9FGusvFaGNVpjZt-u94JRZTOlgKi4fSzgNx1xQSeMdrSok6xoQ0I.E946euP8Oya8kU6itTtmjNAUfvKK5Ca9tMaDAAiOthQ&dib_tag=se&keywords=women+summer+slippers&qid=1791095857&sr=8-18,https://m.media-amazon.com/images/I/81olwtMl2yL._AC_UL320_.jpg,50,排名进入前30；价格处于人民币等值¥57.60-¥180.00黄金区间。
2026-10-04,amazon_us,product,search,platform sandals women,32,Project Cloud Adjustable Strap Platform Sandals Women Footwear,¥287.28,4.2,Plush & Soft Insole Wedge Sandals for Women; Water-Resistant and Non-Slip Lightweight Wedge Sandals,,,,,,https://www.amazon.com/Project-Cloud-Platform-Sandals-Footwear/dp/B0FWV2NY6V/ref=sr_1_27?dib=eyJ2IjoiMSJ9.EIJh1jY9ea3EISWsO86AbRTimG68G4WZuo_0N_aXtZDsm7HknsiVMwk4Ipi71BAqYpDlbmE5ztUgA225xRuXvA1p0v6OCzy818VqxpReOQq4pvi-mp6pc9ooJAL8jmCRQL07_htx6iyOfsPVS_O4MBOGNPrcCvmh65F9mYOfjo00jG460mNeoHvOaqpBSsjI3UGD8ZYsdDxMezUbcHYOV3UeymjScl_CkUR3zsO-6buYcxEwFy1C8cQxm78kM2-G00lpEm9g-dKXScNZDScRwKJt3gXiFY3URv3tzWMMES8.C2XqrU8IUhFUrcQZxdDI_QZv68BHVrcPxiii7TtsQfM&dib_tag=se&keywords=platform+sandals+women&qid=1791095859&sr=8-27,https://m.media-amazon.com/images/I/81UjymWABvL._AC_UL320_.jpg,50,排名进入前50；价格处于人民币等值¥180.00-¥288.00区间；标题包含 cloud、platform，符合美国女鞋舒适化趋势；评分达到4.0以上。
2026-10-04,amazon_us,product,search,platform sandals women,49,Project Cloud Adjustable Strap Platform Sandals Women Footwear,¥215.28,4.2,Plush & Soft Insole Wedge Sandals for Women; Water-Resistant and Non-Slip Lightweight Wedge Sandals,,,,,,https://www.amazon.com/Project-Cloud-Platform-Sandals-Footwear/dp/B0FWTW9F7T/ref=sr_1_44?dib=eyJ2IjoiMSJ9.EIJh1jY9ea3EISWsO86AbRTimG68G4WZuo_0N_aXtZDsm7HknsiVMwk4Ipi71BAqYpDlbmE5ztUgA225xRuXvA1p0v6OCzy818VqxpReOQq4pvi-mp6pc9ooJAL8jmCRQL07_htx6iyOfsPVS_O4MBOGNPrcCvmh65F9mYOfjo00jG460mNeoHvOaqpBSsjI3UGD8ZYsdDxMezUbcHYOV3UeymjScl_CkUR3zsO-6buYcxEwFy1C8cQxm78kM2-G00lpEm9g-dKXScNZDScRwKJt3gXiFY3URv3tzWMMES8.C2XqrU8IUhFUrcQZxdDI_QZv68BHVrcPxiii7TtsQfM&dib_tag=se&keywords=platform+sandals+women&qid=1791095859&sr=8-44,https://m.media-amazon.com/images/I/61qBT+OMRmL._AC_UL320_.jpg,50,排名进入前50；价格处于人民币等值¥180.00-¥288.00区间；标题包含 cloud、platform，符合美国女鞋舒适化趋势；评分达到4.0以上。
2026-10-04,amazon_us,product,new_releases,New Releases Women Sandals,1,CUSHIONAIRE Toots Thong Strap Jelly Sandals for Women with Low Block Heel,,4.0,$39.99,,,,,,https://www.amazon.com/CUSHIONAIRE-Toots-Thong-Sandals-TORTOISE/dp/B0HB6R34PX/ref=zg_bsnr_g_679425011_d_sccl_1/135-9474429-0924631?psc=1,"https://images-na.ssl-images-amazon.com/images/I/71I1E9EQjlL._AC_UL600_SR600,400_.jpg",49,排名靠前；评分达到4.0以上。
2026-10-04,amazon_us,product,new_releases,New Releases Women Sandals,2,DREAM PAIRS Women's Slingback kitten Heeled Sandals | Square Toe Dress Heels for Party Wedding,,4.0,$47.99,,,,,,https://www.amazon.com/DREAM-PAIRS-Womens-Slingback-Sandals/dp/B0H8S94YCT/ref=zg_bsnr_g_679425011_d_sccl_2/135-9474429-0924631?psc=1,"https://images-na.ssl-images-amazon.com/images/I/71s9ROaphnL._AC_UL600_SR600,400_.jpg",49,排名靠前；评分达到4.0以上。
2026-10-04,amazon_us,product,best_sellers,Best Sellers Women Sandals,15,"Coutgo Womens Kitten Heel Sandals Heeled Mules Pointed Open Toe High Heels | Comfortable, Sexy, Slip On, Backless, Dress Shoes, 3.2 Inch, Peep Toe, Wedding, Bridal, Party, Prom, Graduation",,4.3,$39.99,,,,,,https://www.amazon.com/Coutgo-Womens-Pointed-Backless-Sandals/dp/B0DG25L7P9/ref=zg_bs_g_679425011_d_sccl_15/143-2230118-5467469?psc=1,"https://images-na.ssl-images-amazon.com/images/I/61rZuSoH5yL._AC_UL600_SR600,400_.jpg",48,排名进入前30；标题包含 comfort，符合美国女鞋舒适化趋势；评分达到4.3以上。
2026-10-04,amazon_us,product,best_sellers,Best Sellers Women Sandals,17,"FW FRAN WILLOR Women Open Toe Low Chunky Short Heels Block Heel Sandals | Fashion Formal Dress Heels,Ankle Strap Comfortable Heeled Sandals for Prom, Party ,Wedding Guest and Formal Events",,4.4,$27.99,,,,,,https://www.amazon.com/FW-FRAN-WILLOR-Sandals-Wedding/dp/B0CCRGMPPQ/ref=zg_bs_g_679425011_d_sccl_17/143-2230118-5467469?psc=1,"https://images-na.ssl-images-amazon.com/images/I/61sRdf9ebFL._AC_UL600_SR600,400_.jpg",48,排名进入前30；标题包含 comfort，符合美国女鞋舒适化趋势；评分达到4.3以上。
2026-10-04,amazon_us,product,best_sellers,Best Sellers Women Sandals,18,"COASIS Women's Chunky Block Heels Open Toe Ankle Strap Heeled Sandals | 3.5"" High Heel, 3MM Latex Midsole, Non-Slip Rubber Sole, Comfortable Walking, Wedding, Work & Party Wear",,4.4,$29.99,,,,,,https://www.amazon.com/COASIS-Womens-Chunky-Sandal-Ankle/dp/B08SH9V6D9/ref=zg_bs_g_679425011_d_sccl_18/143-2230118-5467469?psc=1,"https://images-na.ssl-images-amazon.com/images/I/71s+ovTRKSL._AC_UL600_SR600,400_.jpg",48,排名进入前30；标题包含 comfort，符合美国女鞋舒适化趋势；评分达到4.3以上。
2026-10-04,amazon_us,product,new_releases,New Releases Women Sandals,20,"Ankis Women Gold Black Silver Dressy Square Peep Toe Low Chunky Heel Sandal | homecoming shoes, 2-inch stable block heel, adjustable ankle strap, soft cushioned insole, all-day comfort for wedding, prom",,4.2,$37.89,,,,,,https://www.amazon.com/Ankis-Silver-Dressy-Square-Chunky/dp/B0GX12BGGQ/ref=zg_bsnr_g_679425011_d_sccl_20/135-9474429-0924631?psc=1,"https://images-na.ssl-images-amazon.com/images/I/6115SWiTYoL._AC_UL600_SR600,400_.jpg",48,排名进入前30；标题包含 comfort、soft，符合美国女鞋舒适化趋势；评分达到4.0以上。
2026-10-04,amazon_us,product,new_releases,New Releases Women Sandals,23,IDIFU Bow Heels for Women Square Open Toe Mesh Kitten Heeled Sandals | High Heeled Dress Shoes Wedding Evening Party Daily Casual Bridal Lady Ankle Strap Sandal,¥331.13,4.6,21,,,,,,https://www.amazon.com/IDIFU-Square-Kitten-Heeled-Sandals/dp/B0H6HGMX6J/ref=zg_bsnr_g_679425011_d_sccl_23/135-9474429-0924631?psc=1,"https://images-na.ssl-images-amazon.com/images/I/61oOSC-cIZL._AC_UL600_SR600,400_.jpg",48,排名进入前30；价格高于人民币等值¥288.00；评分达到4.6以上。
2026-10-04,amazon_us,product,new_releases,New Releases Women Sandals,30,EQAUDES High Heels Mules for Women Summer Sandals Open Toe Slip on Stiletto Heels for Women Round Toe Raffia Heeled Sandals Comfortable Dress Shoes,,4.0,$45.88,,,,,,https://www.amazon.com/EQAUDES-Womens-Backless-Heeled-Sandals/dp/B0H4GMBGM4/ref=zg_bsnr_g_679425011_d_sccl_30/135-9474429-0924631?psc=1,"https://images-na.ssl-images-amazon.com/images/I/61STmIK+pIL._AC_UL600_SR600,400_.jpg",48,排名进入前30；标题包含 comfort、summer，符合美国女鞋舒适化趋势；评分达到4.0以上。
2026-10-04,amazon_us,product,search,women slides,31,Womens Comfortable Beach Sandals Waterproof Pool Eva Slides,¥71.93,4.0,"Arch Support,Adjustable Double Buckles,Summer Walking Slides,Slip on,Non Slip,Lightweight,Shower Outdoor Shoes",,,,,,https://www.amazon.com/SUITSER-Womens-Comfortable-Sandals-Waterproof/dp/B0H14F4G37/ref=sr_1_31?dib=eyJ2IjoiMSJ9.UXktg5ZKJZxCJyRKr9FwH-5ISCpT-qDImHOl_nO4JUk1laVOb-Ah8igw-ZnwNyWJlS5_tfDO32XYjzKY-SeZHbMnoWamz44QPqb3gC6jgzlt2AKXZY31I128UQ6a3Ibc67Pi_7N9A8CwH-L4Tnh-6QjMiqqWsC6KXkKrEsww7P2doSgE4UnqXETHPDAjEK5UfKSECc52D0vyFDiw0E-NUfyCmgSuOiPtP49WxR5Y-IbbP-jIHZ3kD8pONYcdt0OFlDoKXgKX3-NNmO5QfEGahk4HIhJ6zH_CNCv3XW946Gw.vRE15SgsqS9i_m2ljyE8Pk_C9lDXPrk3FC7kZCvemz0&dib_tag=se&keywords=women+slides&qid=1791095859&sr=8-31,https://m.media-amazon.com/images/I/71IwB6FPJSL._AC_UL320_.jpg,48,排名进入前50；价格处于人民币等值¥57.60-¥180.00黄金区间；标题包含 comfort、beach，符合美国女鞋舒适化趋势；评分达到4.0以上。
2026-10-04,amazon_us,product,search,women slides,34,FUNKYMONKEY Women's Comfort Slides Non-Slip Lightweight Flat Beach Sandals,¥136.73,4.1,"Adjustable Buckle Plastic Sandals with Arch Support, Waterproof Non-Slip Summer Slippers for Pool, Shower & Daily Wear",,,,,,https://www.amazon.com/FUNKYMONKEY-Comfort-Adjustable-Sandals-US-Women/dp/B07CV9YZBB/ref=sr_1_34?dib=eyJ2IjoiMSJ9.UXktg5ZKJZxCJyRKr9FwH-5ISCpT-qDImHOl_nO4JUk1laVOb-Ah8igw-ZnwNyWJlS5_tfDO32XYjzKY-SeZHbMnoWamz44QPqb3gC6jgzlt2AKXZY31I128UQ6a3Ibc67Pi_7N9A8CwH-L4Tnh-6QjMiqqWsC6KXkKrEsww7P2doSgE4UnqXETHPDAjEK5UfKSECc52D0vyFDiw0E-NUfyCmgSuOiPtP49WxR5Y-IbbP-jIHZ3kD8pONYcdt0OFlDoKXgKX3-NNmO5QfEGahk4HIhJ6zH_CNCv3XW946Gw.vRE15SgsqS9i_m2ljyE8Pk_C9lDXPrk3FC7kZCvemz0&dib_tag=se&keywords=women+slides&qid=1791095859&sr=8-34,https://m.media-amazon.com/images/I/51o3wxcasIL._AC_UL320_.jpg,48,排名进入前50；价格处于人民币等值¥57.60-¥180.00黄金区间；标题包含 comfort、beach，符合美国女鞋舒适化趋势；评分达到4.0以上。
2026-10-04,amazon_us,product,new_releases,New Releases Women Sandals,43,WVBVLO Women'S Round Open Toe High Heel Platform Flip Flops Sexy Patent Leather Comfort Slip On 5.11in High Heeled Thong Sandals Summer Backless Prom Party Weddings Dress Slides,,2.4,$39.99,,,,,,https://www.amazon.com/WVBVLO-Platform-Leather-Backless-Weddings/dp/B0H8YWDLV4/ref=zg_bsnr_g_679425011_d_sccl_43/135-9474429-0924631?psc=1,"https://images-na.ssl-images-amazon.com/images/I/619RCb7q5wL._AC_UL300_SR300,200_.jpg",47,排名进入前50；标题包含 platform、comfort、summer，符合美国女鞋舒适化趋势；platform + comfort组合趋势加分。
2026-10-04,amazon_us,product,search,platform sandals women,26,Madden Girl Women's Mythical Platform Sandal,¥301.03,3.8,"Price, product page $41.81 $ 41 . 81 List: $59.00 List: $59.00 $59.00",,,,,,https://www.amazon.com/Madden-Girl-Womens-Mythicall-Natural/dp/B0CNKPC4Y5/ref=sr_1_21?dib=eyJ2IjoiMSJ9.EIJh1jY9ea3EISWsO86AbRTimG68G4WZuo_0N_aXtZDsm7HknsiVMwk4Ipi71BAqYpDlbmE5ztUgA225xRuXvA1p0v6OCzy818VqxpReOQq4pvi-mp6pc9ooJAL8jmCRQL07_htx6iyOfsPVS_O4MBOGNPrcCvmh65F9mYOfjo00jG460mNeoHvOaqpBSsjI3UGD8ZYsdDxMezUbcHYOV3UeymjScl_CkUR3zsO-6buYcxEwFy1C8cQxm78kM2-G00lpEm9g-dKXScNZDScRwKJt3gXiFY3URv3tzWMMES8.C2XqrU8IUhFUrcQZxdDI_QZv68BHVrcPxiii7TtsQfM&dib_tag=se&keywords=platform+sandals+women&qid=1791095859&sr=8-21,https://m.media-amazon.com/images/I/71SNHrdlHML._AC_UL320_.jpg,46,排名进入前30；价格高于人民币等值¥288.00；标题包含 platform，符合美国女鞋舒适化趋势。
2026-10-04,amazon_us,product,search,platform sandals women,31,"CUSHIONAIRE Pippin Chunky Platform Flip Flops, Stylish Wedge Flip Flops for Women with Cushioned Footbed and Durable Sole",¥287.93,3.7,50+ bought in past month,,,,,,https://www.amazon.com/CUSHIONAIRE-Womens-Pippin-platform-sandal/dp/B09RLMDGTS/ref=sr_1_26?dib=eyJ2IjoiMSJ9.EIJh1jY9ea3EISWsO86AbRTimG68G4WZuo_0N_aXtZDsm7HknsiVMwk4Ipi71BAqYpDlbmE5ztUgA225xRuXvA1p0v6OCzy818VqxpReOQq4pvi-mp6pc9ooJAL8jmCRQL07_htx6iyOfsPVS_O4MBOGNPrcCvmh65F9mYOfjo00jG460mNeoHvOaqpBSsjI3UGD8ZYsdDxMezUbcHYOV3UeymjScl_CkUR3zsO-6buYcxEwFy1C8cQxm78kM2-G00lpEm9g-dKXScNZDScRwKJt3gXiFY3URv3tzWMMES8.C2XqrU8IUhFUrcQZxdDI_QZv68BHVrcPxiii7TtsQfM&dib_tag=se&keywords=platform+sandals+women&qid=1791095859&sr=8-26,https://m.media-amazon.com/images/I/71AIv6gE8NL._AC_UL320_.jpg,46,排名进入前50；评论数达到50以上；价格处于人民币等值¥180.00-¥288.00区间；标题包含 platform、wedge，符合美国女鞋舒适化趋势。
2026-10-04,amazon_us,product,best_sellers,Best Sellers Women Sandals,13,SKETOE Kitten Heels for Women Square Toe Sandals Flip Flop Heels Thong Comfortable 2 Inch,,4.1,$26.99,,,,,,https://www.amazon.com/SKETOE-Kitten-Square-Sandals-Comfortable/dp/B0F4QHKCDM/ref=zg_bs_g_679425011_d_sccl_13/143-2230118-5467469?psc=1,"https://images-na.ssl-images-amazon.com/images/I/61WGe4p1FWL._AC_UL600_SR600,400_.jpg",45,排名进入前30；标题包含 comfort，符合美国女鞋舒适化趋势；评分达到4.0以上。
2026-10-04,amazon_us,product,best_sellers,Best Sellers Women Sandals,14,"WHITIN Women's Slides with Cushioned Thick Sole Slippers for Home Wear Y13 | Comfort for Daily Wear, Waterproof & Easy to Clean, Indoor & Outdoor Versatility, Lightweight EVA for All-Day",,4.1,$9.99,,,,,,https://www.amazon.com/WHITIN-Slippers-Sandals-Fashionable-Lightweight/dp/B0C1C3MKLF/ref=zg_bs_g_679425011_d_sccl_14/143-2230118-5467469?psc=1,"https://images-na.ssl-images-amazon.com/images/I/71nA8egRirL._AC_UL600_SR600,400_.jpg",45,排名进入前30；标题包含 comfort，符合美国女鞋舒适化趋势；评分达到4.0以上。
2026-10-04,amazon_us,product,best_sellers,Best Sellers Women Sandals,16,"mysoft Women's Chunky Heels Open Toe Dress Sandals with Ankle Strap | Classic Block 2.25 Inch Low Heel Sandals, Adjustable Ankle Strap Dress Shoes, Year-Round Wardrobe Essential",,4.4,$32.99,,,,,,https://www.amazon.com/mysoft-Womens-Chunky-Wedding-Sandals/dp/B09K7F4YP2/ref=zg_bs_g_679425011_d_sccl_16/143-2230118-5467469?psc=1,"https://images-na.ssl-images-amazon.com/images/I/71Sf6IDXUGL._AC_UL600_SR600,400_.jpg",45,排名进入前30；标题包含 soft，符合美国女鞋舒适化趋势；评分达到4.3以上。
2026-10-04,amazon_us,product,best_sellers,Best Sellers Women Sandals,24,"Weweya Slides for Women Men Shower Shoes House Slippers Beach Sandals | Bathroom, Non Slip, Lightweight",,4.4,$9.99,,,,,,https://www.amazon.com/Weweya-Shower-Bathroom-Slippers-Sandals/dp/B0F1XJ9TM4/ref=zg_bs_g_679425011_d_sccl_24/143-2230118-5467469?psc=1,"https://images-na.ssl-images-amazon.com/images/I/718rk3GaK+L._AC_UL600_SR600,400_.jpg",45,排名进入前30；标题包含 beach，符合美国女鞋舒适化趋势；评分达到4.3以上。
2026-10-04,amazon_us,product,best_sellers,Best Sellers Women Sandals,25,Clarks Women's Breeze Sea Flip-Flop,,4.7,$29.99,,,,,,https://www.amazon.com/Clarks-Womens-Breeze-White-Synthetic/dp/B01FH9F3FA/ref=zg_bs_g_679425011_d_sccl_25/143-2230118-5467469?psc=1,"https://images-na.ssl-images-amazon.com/images/I/51YYTFEggSL._AC_UL600_SR600,400_.jpg",45,排名进入前30；评分达到4.6以上。
2026-10-04,amazon_us,product,new_releases,New Releases Women Sandals,18,"Mattiventon High Heels for Women Pointed Toe Stiletto Dress Heeled Sandals | 3.7'' Heel, Adjustable Ankle Strap, Open Toe, Slip-Resistant Outsole, Sexy Shoes for Party, Wedding, Cocktail, Evening Events",,4.6,$49.99,,,,,,https://www.amazon.com/Mattiventon-Womens-Pointed-Sandals-Fashion/dp/B0H4Z1DTJQ/ref=zg_bsnr_g_679425011_d_sccl_18/135-9474429-0924631?psc=1,"https://images-na.ssl-images-amazon.com/images/I/41q+wBg6UlL._AC_UL600_SR600,400_.jpg",45,排名进入前30；评分达到4.6以上。
2026-10-04,amazon_us,product,search,women summer slippers,34,Garonne Women's Dual-Strap Adjustable Open-toe Slippers with Arch Support,¥179.93,4.2,"Price, product page $24.99 $ 24 . 99",,,,,,https://www.amazon.com/Garonne-Dual-Strap-Adjustable-Open-toe-Slippers/dp/B0FNRGR78V/ref=sr_1_34?dib=eyJ2IjoiMSJ9._L_gfE0XXegGAngREyIarjc0-exgFjT5G99gOBL_2588cZsQrBwFJdUT61LMAIXpSAoEZAjDAiUPCp8_oXaoFeq_jhMbRoVydHZEuMaMgKRh0mIIDsNWLK5ZM9iE-SEWSIf3XSY4kWhUO5N47Nv3ABYAr0H4pmUl-drbgsxVVdefvuL9NSF1PbfIjpbxhWEKmeMPOGrxt5zseA0v5ZquNsezg4B-KuTqwmYvdDNidaoGl-TjGyLZlmH9FGusvFaGNVpjZt-u94JRZTOlgKi4fSzgNx1xQSeMdrSok6xoQ0I.E946euP8Oya8kU6itTtmjNAUfvKK5Ca9tMaDAAiOthQ&dib_tag=se&keywords=women+summer+slippers&qid=1791095857&sr=8-34,https://m.media-amazon.com/images/I/71DDuy+0v7L._AC_UL320_.jpg,45,排名进入前50；价格处于人民币等值¥57.60-¥180.00黄金区间；标题包含 arch support，符合美国女鞋舒适化趋势；评分达到4.0以上。
2026-10-04,amazon_us,product,search,women slides,46,"EVA Sandals for Women with Arch Support, Adjustable Double Buckle Slides",¥71.28,4.0,"Lightweight EVA Slide Sandals for Beach, Shower and Summer Everyday Wear",,,,,,https://www.amazon.com/DmCabin-Sandals-Adjustable-Comfortable-Lightweight/dp/B0G6T8SVQP/ref=sr_1_46?dib=eyJ2IjoiMSJ9.UXktg5ZKJZxCJyRKr9FwH-5ISCpT-qDImHOl_nO4JUk1laVOb-Ah8igw-ZnwNyWJlS5_tfDO32XYjzKY-SeZHbMnoWamz44QPqb3gC6jgzlt2AKXZY31I128UQ6a3Ibc67Pi_7N9A8CwH-L4Tnh-6QjMiqqWsC6KXkKrEsww7P2doSgE4UnqXETHPDAjEK5UfKSECc52D0vyFDiw0E-NUfyCmgSuOiPtP49WxR5Y-IbbP-jIHZ3kD8pONYcdt0OFlDoKXgKX3-NNmO5QfEGahk4HIhJ6zH_CNCv3XW946Gw.vRE15SgsqS9i_m2ljyE8Pk_C9lDXPrk3FC7kZCvemz0&dib_tag=se&keywords=women+slides&qid=1791095859&sr=8-46,https://m.media-amazon.com/images/I/61JI+sjrJqL._AC_UL320_.jpg,45,排名进入前50；价格处于人民币等值¥57.60-¥180.00黄金区间；标题包含 arch support，符合美国女鞋舒适化趋势；评分达到4.0以上。
2026-10-04,amazon_us,product,search,platform sandals women,37,Accloris Floral Platform Sandals Women Chunky Wedge Cute Square Toe,¥259.78,4.0,"Unique Floral Shape · 2"" Heel & 1.06"" Platform · PU Upper · Comfy Padded — 4 Colors, Summer Beach Shoes, Resort to Everyday",,,,,,https://www.amazon.com/Accloris-Platform-Comfortable-Lightweight-Beach-Ready/dp/B0G1YB2ZGH/ref=sr_1_32?dib=eyJ2IjoiMSJ9.EIJh1jY9ea3EISWsO86AbRTimG68G4WZuo_0N_aXtZDsm7HknsiVMwk4Ipi71BAqYpDlbmE5ztUgA225xRuXvA1p0v6OCzy818VqxpReOQq4pvi-mp6pc9ooJAL8jmCRQL07_htx6iyOfsPVS_O4MBOGNPrcCvmh65F9mYOfjo00jG460mNeoHvOaqpBSsjI3UGD8ZYsdDxMezUbcHYOV3UeymjScl_CkUR3zsO-6buYcxEwFy1C8cQxm78kM2-G00lpEm9g-dKXScNZDScRwKJt3gXiFY3URv3tzWMMES8.C2XqrU8IUhFUrcQZxdDI_QZv68BHVrcPxiii7TtsQfM&dib_tag=se&keywords=platform+sandals+women&qid=1791095859&sr=8-32,https://m.media-amazon.com/images/I/716qZhNTI0L._AC_UL320_.jpg,45,排名进入前50；价格处于人民币等值¥180.00-¥288.00区间；标题包含 platform、wedge，符合美国女鞋舒适化趋势；评分达到4.0以上。
2026-10-04,amazon_us,product,search,platform sandals women,42,DREAM PAIRS Women's Espadrilles Platform Wedge Sandals,¥266.33,4.1,Women Raffia Espadrilles Summer Comfortable Wedge Sandals Beach Vacation Adjustable Buckle Cute Slide Sandals,,,,,,https://www.amazon.com/DREAM-PAIRS-Espadrilles-Comfortable-Adjustable/dp/B0FZRZNNV8/ref=sr_1_37?dib=eyJ2IjoiMSJ9.EIJh1jY9ea3EISWsO86AbRTimG68G4WZuo_0N_aXtZDsm7HknsiVMwk4Ipi71BAqYpDlbmE5ztUgA225xRuXvA1p0v6OCzy818VqxpReOQq4pvi-mp6pc9ooJAL8jmCRQL07_htx6iyOfsPVS_O4MBOGNPrcCvmh65F9mYOfjo00jG460mNeoHvOaqpBSsjI3UGD8ZYsdDxMezUbcHYOV3UeymjScl_CkUR3zsO-6buYcxEwFy1C8cQxm78kM2-G00lpEm9g-dKXScNZDScRwKJt3gXiFY3URv3tzWMMES8.C2XqrU8IUhFUrcQZxdDI_QZv68BHVrcPxiii7TtsQfM&dib_tag=se&keywords=platform+sandals+women&qid=1791095859&sr=8-37,https://m.media-amazon.com/images/I/71QL1LJYN3L._AC_UL320_.jpg,45,排名进入前50；价格处于人民币等值¥180.00-¥288.00区间；标题包含 platform、wedge，符合美国女鞋舒适化趋势；评分达到4.0以上。
2026-10-04,amazon_us,product,new_releases,New Releases Women Sandals,31,IDIFU Women's Kitten Mule Heels Open Pointed Toe Slip On Heeled Sandals | 3 Inch Peep Toe Backless Sexy Heel Comfortable Dressy Womens Dress Shoes for Wedding Bridal Office Prom Party Casual,¥287.93,4.3,34,,,,,,https://www.amazon.com/IDIFU-Womens-Kitten-Heeled-Sandals/dp/B0H44MZT9H/ref=zg_bsnr_g_679425011_d_sccl_31/135-9474429-0924631?psc=1,"https://images-na.ssl-images-amazon.com/images/I/61gg6-nPaQL._AC_UL300_SR300,200_.jpg",43,排名进入前50；价格处于人民币等值¥180.00-¥288.00区间；标题包含 comfort，符合美国女鞋舒适化趋势；评分达到4.3以上。
2026-10-04,amazon_us,product,search,women summer slippers,31,"CUSHIONAIRE Lane Cork Slide Women's Sandals, Comfortable Sandals for Women",¥251.93,4.5,"Molded Cork Footbed, Slide Sandals for Women, Adjustable Buckle, Sandals for Wide Feet, Cushioned Sandals for Women, Open Toe",,,,,,https://www.amazon.com/CUSHIONAIRE-Womens-Slide-Sandals-Brown/dp/B075PCJWXY/ref=sr_1_31?dib=eyJ2IjoiMSJ9._L_gfE0XXegGAngREyIarjc0-exgFjT5G99gOBL_2588cZsQrBwFJdUT61LMAIXpSAoEZAjDAiUPCp8_oXaoFeq_jhMbRoVydHZEuMaMgKRh0mIIDsNWLK5ZM9iE-SEWSIf3XSY4kWhUO5N47Nv3ABYAr0H4pmUl-drbgsxVVdefvuL9NSF1PbfIjpbxhWEKmeMPOGrxt5zseA0v5ZquNsezg4B-KuTqwmYvdDNidaoGl-TjGyLZlmH9FGusvFaGNVpjZt-u94JRZTOlgKi4fSzgNx1xQSeMdrSok6xoQ0I.E946euP8Oya8kU6itTtmjNAUfvKK5Ca9tMaDAAiOthQ&dib_tag=se&keywords=women+summer+slippers&qid=1791095857&sr=8-31,https://m.media-amazon.com/images/I/81suZ76XHpL._AC_UL320_.jpg,43,排名进入前50；价格处于人民币等值¥180.00-¥288.00区间；标题包含 comfort，符合美国女鞋舒适化趋势；评分达到4.3以上。
2026-10-04,amazon_us,product,search,women slides,33,"Juicy Couture Slide Sandals, Beach Flats for Women, Summer Shoes",¥215.86,4.4,"Price, product page $29.98 $ 29 . 98",,,,,,https://www.amazon.com/Juicy-Couture-Womens-Slide-Sandals/dp/B0DY6JK6WB/ref=sr_1_33?dib=eyJ2IjoiMSJ9.UXktg5ZKJZxCJyRKr9FwH-5ISCpT-qDImHOl_nO4JUk1laVOb-Ah8igw-ZnwNyWJlS5_tfDO32XYjzKY-SeZHbMnoWamz44QPqb3gC6jgzlt2AKXZY31I128UQ6a3Ibc67Pi_7N9A8CwH-L4Tnh-6QjMiqqWsC6KXkKrEsww7P2doSgE4UnqXETHPDAjEK5UfKSECc52D0vyFDiw0E-NUfyCmgSuOiPtP49WxR5Y-IbbP-jIHZ3kD8pONYcdt0OFlDoKXgKX3-NNmO5QfEGahk4HIhJ6zH_CNCv3XW946Gw.vRE15SgsqS9i_m2ljyE8Pk_C9lDXPrk3FC7kZCvemz0&dib_tag=se&keywords=women+slides&qid=1791095859&sr=8-33,https://m.media-amazon.com/images/I/51sh6ZNL2JL._AC_UL320_.jpg,43,排名进入前50；价格处于人民币等值¥180.00-¥288.00区间；标题包含 beach、summer，符合美国女鞋舒适化趋势；评分达到4.3以上。
2026-10-04,amazon_us,product,best_sellers,Best Sellers Women Sandals,28,Havaianas Women's Slim Sandals,,4.5,$27.90,,,,,,https://www.amazon.com/Havaianas-Womens-Slim-Sandal-Black/dp/B000NBGN0W/ref=zg_bs_g_679425011_d_sccl_28/143-2230118-5467469?psc=1,"https://images-na.ssl-images-amazon.com/images/I/61JHkRJJEFL._AC_UL600_SR600,400_.jpg",42,排名进入前30；评分达到4.3以上。
2026-10-04,amazon_us,product,best_sellers,Best Sellers Women Sandals,30,PARTY Women's Open Toe Ankle Strap Low Block Chunky Heels Sandals,,4.3,$30.99,,,,,,https://www.amazon.com/PARTY-Womens-Ankle-Chunky-Sandals/dp/B0CR9QXJTK/ref=zg_bs_g_679425011_d_sccl_30/143-2230118-5467469?psc=1,"https://images-na.ssl-images-amazon.com/images/I/615IvQVkYsL._AC_UL600_SR600,400_.jpg",42,排名进入前30；评分达到4.3以上。
2026-10-04,amazon_us,product,new_releases,New Releases Women Sandals,17,"GRACESTRIDE Jelly Flats Women's Mesh Sandals Slip On Slides | Closed Round Toe Design, Flat Sandals for Daily Casual Outfits",,4.4,$26.24,,,,,,https://www.amazon.com/GRACESTRIDE-Jelly-Womens-Sandals-Slides/dp/B0H9KKR19R/ref=zg_bsnr_g_679425011_d_sccl_17/135-9474429-0924631?psc=1,"https://images-na.ssl-images-amazon.com/images/I/81bk8oSZhpL._AC_UL600_SR600,400_.jpg",42,排名进入前30；评分达到4.3以上。
2026-10-04,amazon_us,product,search,women summer slippers,36,GOEWY Fuzzy Open Toe Slippers for Women Indoor with Comfy Memory Foam,¥71.93,4.5,"Machine Washable,Cozy Fluffy Ladies Slippers,Cute Summer Bedroom House Shoes,Slip On Slides Sandal, Gifts for Womens Her Mom",,,,,,https://www.amazon.com/GOEWY-Slippers-Indoor-Memory-Slides/dp/B0DSZ6VZF2/ref=sr_1_36?dib=eyJ2IjoiMSJ9._L_gfE0XXegGAngREyIarjc0-exgFjT5G99gOBL_2588cZsQrBwFJdUT61LMAIXpSAoEZAjDAiUPCp8_oXaoFeq_jhMbRoVydHZEuMaMgKRh0mIIDsNWLK5ZM9iE-SEWSIf3XSY4kWhUO5N47Nv3ABYAr0H4pmUl-drbgsxVVdefvuL9NSF1PbfIjpbxhWEKmeMPOGrxt5zseA0v5ZquNsezg4B-KuTqwmYvdDNidaoGl-TjGyLZlmH9FGusvFaGNVpjZt-u94JRZTOlgKi4fSzgNx1xQSeMdrSok6xoQ0I.E946euP8Oya8kU6itTtmjNAUfvKK5Ca9tMaDAAiOthQ&dib_tag=se&keywords=women+summer+slippers&qid=1791095857&sr=8-36,https://m.media-amazon.com/images/I/61Y4pR97GVL._AC_UL320_.jpg,42,排名进入前50；价格处于人民币等值¥57.60-¥180.00黄金区间；评分达到4.3以上。
2026-10-04,amazon_us,product,search,women summer slippers,37,Crocs Women's Kadee II Flip Flops,¥179.64,4.4,Casual Sandals,,,,,,https://www.amazon.com/Crocs-Womens-Kadee-Ii-Flip/dp/B010123E6S/ref=sr_1_37?dib=eyJ2IjoiMSJ9._L_gfE0XXegGAngREyIarjc0-exgFjT5G99gOBL_2588cZsQrBwFJdUT61LMAIXpSAoEZAjDAiUPCp8_oXaoFeq_jhMbRoVydHZEuMaMgKRh0mIIDsNWLK5ZM9iE-SEWSIf3XSY4kWhUO5N47Nv3ABYAr0H4pmUl-drbgsxVVdefvuL9NSF1PbfIjpbxhWEKmeMPOGrxt5zseA0v5ZquNsezg4B-KuTqwmYvdDNidaoGl-TjGyLZlmH9FGusvFaGNVpjZt-u94JRZTOlgKi4fSzgNx1xQSeMdrSok6xoQ0I.E946euP8Oya8kU6itTtmjNAUfvKK5Ca9tMaDAAiOthQ&dib_tag=se&keywords=women+summer+slippers&qid=1791095857&sr=8-37,https://m.media-amazon.com/images/I/61zhSrNbuaL._AC_UL320_.jpg,42,排名进入前50；价格处于人民币等值¥57.60-¥180.00黄金区间；评分达到4.3以上。
2026-10-04,amazon_us,product,search,women summer slippers,42,RockDove Women's Original Two-Tone Memory Foam Slipper,¥134.57,4.4,"Slip-on, Indoor/Outdoor, House Use, Non-Slip, Machine Washable, Lightweight, Skin-Friendly, Gift-Ready",,,,,,https://www.amazon.com/RockDove-Original-Two-Tone-Slipper-Eggplant/dp/B08RMXM2PR/ref=sr_1_42?dib=eyJ2IjoiMSJ9._L_gfE0XXegGAngREyIarjc0-exgFjT5G99gOBL_2588cZsQrBwFJdUT61LMAIXpSAoEZAjDAiUPCp8_oXaoFeq_jhMbRoVydHZEuMaMgKRh0mIIDsNWLK5ZM9iE-SEWSIf3XSY4kWhUO5N47Nv3ABYAr0H4pmUl-drbgsxVVdefvuL9NSF1PbfIjpbxhWEKmeMPOGrxt5zseA0v5ZquNsezg4B-KuTqwmYvdDNidaoGl-TjGyLZlmH9FGusvFaGNVpjZt-u94JRZTOlgKi4fSzgNx1xQSeMdrSok6xoQ0I.E946euP8Oya8kU6itTtmjNAUfvKK5Ca9tMaDAAiOthQ&dib_tag=se&keywords=women+summer+slippers&qid=1791095857&sr=8-42,https://m.media-amazon.com/images/I/81Xsn-EWKyL._AC_UL320_.jpg,42,排名进入前50；价格处于人民币等值¥57.60-¥180.00黄金区间；评分达到4.3以上。
2026-10-04,amazon_us,product,search,women summer slippers,43,Joomra Pillow Slippers for Women and Men Thick Sole Ultra Cushion Slides,¥146.52,4.3,"Cloud-Like Sole, Quick Drying Shower Shoes, Soft Open Toe Indoor Outdoor Sandals",,,,,,https://www.amazon.com/Joomra-Slippers-Massage-Bathroom-Platform/dp/B09C1QWSL8/ref=sr_1_43?dib=eyJ2IjoiMSJ9._L_gfE0XXegGAngREyIarjc0-exgFjT5G99gOBL_2588cZsQrBwFJdUT61LMAIXpSAoEZAjDAiUPCp8_oXaoFeq_jhMbRoVydHZEuMaMgKRh0mIIDsNWLK5ZM9iE-SEWSIf3XSY4kWhUO5N47Nv3ABYAr0H4pmUl-drbgsxVVdefvuL9NSF1PbfIjpbxhWEKmeMPOGrxt5zseA0v5ZquNsezg4B-KuTqwmYvdDNidaoGl-TjGyLZlmH9FGusvFaGNVpjZt-u94JRZTOlgKi4fSzgNx1xQSeMdrSok6xoQ0I.E946euP8Oya8kU6itTtmjNAUfvKK5Ca9tMaDAAiOthQ&dib_tag=se&keywords=women+summer+slippers&qid=1791095857&sr=8-43,https://m.media-amazon.com/images/I/61-Aatjne0L._AC_UL320_.jpg,42,排名进入前50；价格处于人民币等值¥57.60-¥180.00黄金区间；评分达到4.3以上。
2026-10-04,amazon_us,product,search,women summer slippers,46,Garonne Women's V-neck Soft Comfy Slip-on Memory Foam Slippers,¥107.93,4.2,"Comfortable Durable memory foam, fleece lining; durable non-slip sole; machine washable; Fit for high instep",,,,,,https://www.amazon.com/Garonne-Womens-Slippers-Bedroom-Outdoor/dp/B0F2H8K8BL/ref=sr_1_46?dib=eyJ2IjoiMSJ9._L_gfE0XXegGAngREyIarjc0-exgFjT5G99gOBL_2588cZsQrBwFJdUT61LMAIXpSAoEZAjDAiUPCp8_oXaoFeq_jhMbRoVydHZEuMaMgKRh0mIIDsNWLK5ZM9iE-SEWSIf3XSY4kWhUO5N47Nv3ABYAr0H4pmUl-drbgsxVVdefvuL9NSF1PbfIjpbxhWEKmeMPOGrxt5zseA0v5ZquNsezg4B-KuTqwmYvdDNidaoGl-TjGyLZlmH9FGusvFaGNVpjZt-u94JRZTOlgKi4fSzgNx1xQSeMdrSok6xoQ0I.E946euP8Oya8kU6itTtmjNAUfvKK5Ca9tMaDAAiOthQ&dib_tag=se&keywords=women+summer+slippers&qid=1791095857&sr=8-46,https://m.media-amazon.com/images/I/81Ts-c2v3fL._AC_UL320_.jpg,42,排名进入前50；价格处于人民币等值¥57.60-¥180.00黄金区间；标题包含 soft，符合美国女鞋舒适化趋势；评分达到4.0以上。
2026-10-04,amazon_us,product,search,women summer slippers,48,Dokela Womens Open Toe House Slippers Breathable Slip-on Indoor Slippers,¥71.93,4.3,"Soft Memory Foam,Anti-slip,Lightweight,Machine Washable,Bedroom Home Shoes",,,,,,https://www.amazon.com/Dokela-Womens-Slippers-Breathable-Indoor/dp/B0GLH28M2B/ref=sr_1_48?dib=eyJ2IjoiMSJ9._L_gfE0XXegGAngREyIarjc0-exgFjT5G99gOBL_2588cZsQrBwFJdUT61LMAIXpSAoEZAjDAiUPCp8_oXaoFeq_jhMbRoVydHZEuMaMgKRh0mIIDsNWLK5ZM9iE-SEWSIf3XSY4kWhUO5N47Nv3ABYAr0H4pmUl-drbgsxVVdefvuL9NSF1PbfIjpbxhWEKmeMPOGrxt5zseA0v5ZquNsezg4B-KuTqwmYvdDNidaoGl-TjGyLZlmH9FGusvFaGNVpjZt-u94JRZTOlgKi4fSzgNx1xQSeMdrSok6xoQ0I.E946euP8Oya8kU6itTtmjNAUfvKK5Ca9tMaDAAiOthQ&dib_tag=se&keywords=women+summer+slippers&qid=1791095857&sr=8-48,https://m.media-amazon.com/images/I/81r1tSkHqHL._AC_UL320_.jpg,42,排名进入前50；价格处于人民币等值¥57.60-¥180.00黄金区间；评分达到4.3以上。
2026-10-04,amazon_us,product,search,women slides,42,RockDove Women's Adjustable Wrap Memory Foam Slide Slipper,¥134.50,4.3,"Memory Foam, Indoor/Outdoor Sole, Non-Slip, Lightweight, Machine Washable, Skin-Friendly, Breathable, Non-Sweat",,,,,,https://www.amazon.com/RockDove-Womens-Velcro-Memory-Slide/dp/B07N6GYGF2/ref=sr_1_42?dib=eyJ2IjoiMSJ9.UXktg5ZKJZxCJyRKr9FwH-5ISCpT-qDImHOl_nO4JUk1laVOb-Ah8igw-ZnwNyWJlS5_tfDO32XYjzKY-SeZHbMnoWamz44QPqb3gC6jgzlt2AKXZY31I128UQ6a3Ibc67Pi_7N9A8CwH-L4Tnh-6QjMiqqWsC6KXkKrEsww7P2doSgE4UnqXETHPDAjEK5UfKSECc52D0vyFDiw0E-NUfyCmgSuOiPtP49WxR5Y-IbbP-jIHZ3kD8pONYcdt0OFlDoKXgKX3-NNmO5QfEGahk4HIhJ6zH_CNCv3XW946Gw.vRE15SgsqS9i_m2ljyE8Pk_C9lDXPrk3FC7kZCvemz0&dib_tag=se&keywords=women+slides&qid=1791095859&sr=8-42,https://m.media-amazon.com/images/I/81yJ955n5jL._AC_UL320_.jpg,42,排名进入前50；价格处于人民币等值¥57.60-¥180.00黄金区间；评分达到4.3以上。
2026-10-04,amazon_us,product,search,women slides,43,Spesoul Slides for Women Womens Slippers Fur Fuzzy Fluffy for House Bedroom,¥122.33,4.4,Flat Slide Sandals Faux Fur Open Toe Arch Support Casual Indoor Outdoor Summer Winter,,,,,,https://www.amazon.com/Womens-Slippers-Indoor-Outdoor-Sandals/dp/B07Q1NHLZC/ref=sr_1_43?dib=eyJ2IjoiMSJ9.UXktg5ZKJZxCJyRKr9FwH-5ISCpT-qDImHOl_nO4JUk1laVOb-Ah8igw-ZnwNyWJlS5_tfDO32XYjzKY-SeZHbMnoWamz44QPqb3gC6jgzlt2AKXZY31I128UQ6a3Ibc67Pi_7N9A8CwH-L4Tnh-6QjMiqqWsC6KXkKrEsww7P2doSgE4UnqXETHPDAjEK5UfKSECc52D0vyFDiw0E-NUfyCmgSuOiPtP49WxR5Y-IbbP-jIHZ3kD8pONYcdt0OFlDoKXgKX3-NNmO5QfEGahk4HIhJ6zH_CNCv3XW946Gw.vRE15SgsqS9i_m2ljyE8Pk_C9lDXPrk3FC7kZCvemz0&dib_tag=se&keywords=women+slides&qid=1791095859&sr=8-43,https://m.media-amazon.com/images/I/7160g5DAKLL._AC_UL320_.jpg,42,排名进入前50；价格处于人民币等值¥57.60-¥180.00黄金区间；评分达到4.3以上。
2026-10-04,amazon_us,product,search,platform sandals women,34,YorFotMae Women's Platform Sandals Cork Footbed Slides with Double Buckles,¥183.53,4.2,"Summer,Chunky,Wedge,Wide Width Sandals,Comfort,Anti-slip,Beach Clogs Sandals",,,,,,https://www.amazon.com/YorFotMae-Platform-Sandals-Footbed-Buckles%EF%BC%8C/dp/B0F9K2JNWD/ref=sr_1_29?dib=eyJ2IjoiMSJ9.EIJh1jY9ea3EISWsO86AbRTimG68G4WZuo_0N_aXtZDsm7HknsiVMwk4Ipi71BAqYpDlbmE5ztUgA225xRuXvA1p0v6OCzy818VqxpReOQq4pvi-mp6pc9ooJAL8jmCRQL07_htx6iyOfsPVS_O4MBOGNPrcCvmh65F9mYOfjo00jG460mNeoHvOaqpBSsjI3UGD8ZYsdDxMezUbcHYOV3UeymjScl_CkUR3zsO-6buYcxEwFy1C8cQxm78kM2-G00lpEm9g-dKXScNZDScRwKJt3gXiFY3URv3tzWMMES8.C2XqrU8IUhFUrcQZxdDI_QZv68BHVrcPxiii7TtsQfM&dib_tag=se&keywords=platform+sandals+women&qid=1791095859&sr=8-29,https://m.media-amazon.com/images/I/716H0att18L._AC_UL320_.jpg,42,排名进入前50；价格处于人民币等值¥180.00-¥288.00区间；标题包含 platform，符合美国女鞋舒适化趋势；评分达到4.0以上。
2026-10-04,amazon_us,product,best_sellers,Best Sellers Women Sandals,36,Project Cloud Flip Flops for Women Memory Foam Womens Flats Sandals Women | Flexible Upper & Durable Outsole Womens Sandals - Beach Essentials Womens Flat Sandals for Everyday Comfort Wear Flip Flops,,4.2,$19.90,,,,,,https://www.amazon.com/Project-Cloud-Flip-flops-Women/dp/B0D2F7FF1F/ref=zg_bs_g_679425011_d_sccl_36/135-9474429-0924631?psc=1,"https://images-na.ssl-images-amazon.com/images/I/41JMYLSDC3L._AC_UL300_SR300,200_.jpg",41,排名进入前50；标题包含 cloud、comfort、beach，符合美国女鞋舒适化趋势；评分达到4.0以上。
2026-10-04,amazon_us,product,new_releases,New Releases Women Sandals,29,"JACKSHIBO Jelly Flip Flops for Women Slip on Thong Sandals Clear Slides | Fashion Trendy Sandals, Summer Beach Walking, Non Slip Flat for Shower Pool, Waterproof, Transparent, PVC, Tortie Tortoise",,3.8,$9.99,,,,,,https://www.amazon.com/JACKSHIBO-Jelly-Flip-Sandals-Slides/dp/B0HBVBF5HC/ref=zg_bsnr_g_679425011_d_sccl_29/135-9474429-0924631?psc=1,"https://images-na.ssl-images-amazon.com/images/I/81olzVAfhkL._AC_UL600_SR600,400_.jpg",41,排名进入前30；标题包含 beach、summer，符合美国女鞋舒适化趋势。
2026-10-04,amazon_us,product,search,platform sandals women,36,Platform Water Sandals for Women Chunky Lug Sole Summer Beach Sandals,¥431.93,4.0,"2.36” Platform,Waterproof,Adjustable Strap,Open Toe,Walking Shoes,Travel-friendly,Resort Wear,Vacation Essentials Outfit",,,,,,https://www.amazon.com/Platform-Water-Sandals-Women-Chunky/dp/B0F1MXL45K/ref=sr_1_31?dib=eyJ2IjoiMSJ9.EIJh1jY9ea3EISWsO86AbRTimG68G4WZuo_0N_aXtZDsm7HknsiVMwk4Ipi71BAqYpDlbmE5ztUgA225xRuXvA1p0v6OCzy818VqxpReOQq4pvi-mp6pc9ooJAL8jmCRQL07_htx6iyOfsPVS_O4MBOGNPrcCvmh65F9mYOfjo00jG460mNeoHvOaqpBSsjI3UGD8ZYsdDxMezUbcHYOV3UeymjScl_CkUR3zsO-6buYcxEwFy1C8cQxm78kM2-G00lpEm9g-dKXScNZDScRwKJt3gXiFY3URv3tzWMMES8.C2XqrU8IUhFUrcQZxdDI_QZv68BHVrcPxiii7TtsQfM&dib_tag=se&keywords=platform+sandals+women&qid=1791095859&sr=8-31,https://m.media-amazon.com/images/I/81IarpEqdRL._AC_UL320_.jpg,41,排名进入前50；价格高于人民币等值¥288.00；标题包含 platform、beach、summer，符合美国女鞋舒适化趋势；评分达到4.0以上。
2026-10-04,amazon_us,product,search,women summer slippers,41,NineCiFun Women's Slippers Open Toe Cross Band Breathable House Shoes,¥71.93,3.9,"Breathable Soft Fabric, 80D Memory Foam Cushions Every Step, Non-Slip Sole, Quiet, Machine Washable,Lightweight,Gift,Wide",,,,,,https://www.amazon.com/NineCiFun-Slippers-Breathable-Footbed-Non-Slip/dp/B0GKLVRNYQ/ref=sr_1_41?dib=eyJ2IjoiMSJ9._L_gfE0XXegGAngREyIarjc0-exgFjT5G99gOBL_2588cZsQrBwFJdUT61LMAIXpSAoEZAjDAiUPCp8_oXaoFeq_jhMbRoVydHZEuMaMgKRh0mIIDsNWLK5ZM9iE-SEWSIf3XSY4kWhUO5N47Nv3ABYAr0H4pmUl-drbgsxVVdefvuL9NSF1PbfIjpbxhWEKmeMPOGrxt5zseA0v5ZquNsezg4B-KuTqwmYvdDNidaoGl-TjGyLZlmH9FGusvFaGNVpjZt-u94JRZTOlgKi4fSzgNx1xQSeMdrSok6xoQ0I.E946euP8Oya8kU6itTtmjNAUfvKK5Ca9tMaDAAiOthQ&dib_tag=se&keywords=women+summer+slippers&qid=1791095857&sr=8-41,https://m.media-amazon.com/images/I/61eZRSlcSrL._AC_UL320_.jpg,40,排名进入前50；评论数达到50以上；价格处于人民币等值¥57.60-¥180.00黄金区间。
2026-10-04,amazon_us,product,search,women slides,38,Lacoste womens [公式] レディース Serve Slide 1.0 125 1 Cfa,¥288.00,4.6,"Price, product page $40.00 $ 40 . 00",,,,,,https://www.amazon.com/Lacoste-Womens-Serve-Slide-White/dp/B0DQM2KMDZ/ref=sr_1_38?dib=eyJ2IjoiMSJ9.UXktg5ZKJZxCJyRKr9FwH-5ISCpT-qDImHOl_nO4JUk1laVOb-Ah8igw-ZnwNyWJlS5_tfDO32XYjzKY-SeZHbMnoWamz44QPqb3gC6jgzlt2AKXZY31I128UQ6a3Ibc67Pi_7N9A8CwH-L4Tnh-6QjMiqqWsC6KXkKrEsww7P2doSgE4UnqXETHPDAjEK5UfKSECc52D0vyFDiw0E-NUfyCmgSuOiPtP49WxR5Y-IbbP-jIHZ3kD8pONYcdt0OFlDoKXgKX3-NNmO5QfEGahk4HIhJ6zH_CNCv3XW946Gw.vRE15SgsqS9i_m2ljyE8Pk_C9lDXPrk3FC7kZCvemz0&dib_tag=se&keywords=women+slides&qid=1791095859&sr=8-38,https://m.media-amazon.com/images/I/61r1XNZVStL._AC_UL320_.jpg,40,排名进入前50；价格处于人民币等值¥180.00-¥288.00区间；评分达到4.6以上。
2026-10-04,amazon_us,product,best_sellers,Best Sellers Women Sandals,12,"CUSHIONAIRE Java Casual Womens Jelly Flats with Adjustable Strap, Closed Toe Mary Janes Mule Design, Waterproof Jelly Sandals for Women",,4.2,$34.99,,,,,,https://www.amazon.com/CUSHIONAIRE-Adjustable-Waterproof-Sandals-Chocolate/dp/B0H4MLLC32/ref=zg_bs_g_679425011_d_sccl_12/143-2230118-5467469?psc=1,"https://images-na.ssl-images-amazon.com/images/I/81iCqxPUX6L._AC_UL600_SR600,400_.jpg",39,排名进入前30；评分达到4.0以上。
2026-10-04,amazon_us,product,best_sellers,Best Sellers Women Sandals,19,LULLASONG Women's Kitten Heels Sandals Square Open Toe Flip Flop Heels 1.8-2 Inch Heeled Sandals for Women,,4.0,$35.99,,,,,,https://www.amazon.com/LULLASONG-Womens-Kitten-Sandals-Square/dp/B0DCFSM597/ref=zg_bs_g_679425011_d_sccl_19/143-2230118-5467469?psc=1,"https://images-na.ssl-images-amazon.com/images/I/61aVZl7OhqL._AC_UL600_SR600,400_.jpg",39,排名进入前30；评分达到4.0以上。
2026-10-04,amazon_us,product,best_sellers,Best Sellers Women Sandals,26,Susanny High Heels for Women Pointed Open Toe Strappy Chunky Block Heels Ankle Strap Stiletto Kitten Heeled Sandals Wedding Bridal Party Prom Sexy Dress Shoes,,4.2,$33.91,,,,,,https://www.amazon.com/Susanny-Pointed-Strappy-Stiletto-Sandals/dp/B0DSVWD76J/ref=zg_bs_g_679425011_d_sccl_26/143-2230118-5467469?psc=1,"https://images-na.ssl-images-amazon.com/images/I/71xlGjMZFaL._AC_UL600_SR600,400_.jpg",39,排名进入前30；评分达到4.0以上。
2026-10-04,amazon_us,product,best_sellers,Best Sellers Women Sandals,27,Hodeery Women's Kitten Heels Thong Sandals Open Square Toe Flip Flop Low Heels 2.5 Inch Slip On Sexy Women Dressy Slide Shoes for Casual,,4.0,$24.66,,,,,,https://www.amazon.com/Hodeery-Womens-Kitten-Sandals-Square/dp/B0DT7TP42N/ref=zg_bs_g_679425011_d_sccl_27/143-2230118-5467469?psc=1,"https://images-na.ssl-images-amazon.com/images/I/51ADcuVGvWL._AC_UL600_SR600,400_.jpg",39,排名进入前30；评分达到4.0以上。
2026-10-04,amazon_us,product,best_sellers,Best Sellers Women Sandals,37,KuaiLu Womens Flip Flops Arch Support Yoga Mat Cushioned Thong Sandals | Ladies Comfortable Walking Slides For Plantar Fasciitis Slip On Indoor Outdoor For Summer,,4.1,$25.99,,,,,,https://www.amazon.com/KuaiLu-Comfortable-Walking-Sandals-Fasciitis/dp/B08XX5YN7N/ref=zg_bs_g_679425011_d_sccl_37/135-9474429-0924631?psc=1,"https://images-na.ssl-images-amazon.com/images/I/61giVB09JoL._AC_UL300_SR300,200_.jpg",39,排名进入前50；标题包含 comfort、arch support、summer，符合美国女鞋舒适化趋势；评分达到4.0以上。
2026-10-04,amazon_us,product,new_releases,New Releases Women Sandals,11,"JOY IN LOVE Kitten Heels for Women Open Toe Sandals | 2.5“ Low Heel, Square Toe, Ankle Strap, Party, Wedding, Dress Shoes",,4.0,$39.99,,,,,,https://www.amazon.com/JOY-LOVE-Kitten-Sandals-Patent/dp/B0HGLL1QZS/ref=zg_bsnr_g_679425011_d_sccl_11/135-9474429-0924631?psc=1,"https://images-na.ssl-images-amazon.com/images/I/61bB3uObmvL._AC_UL600_SR600,400_.jpg",39,排名进入前30；评分达到4.0以上。
2026-10-04,amazon_us,product,new_releases,New Releases Women Sandals,27,"Jussy Women's Chunky Block Mule Heeled Sandals Square Toe Slip On Low Heels | 2.5 Inch Chunky Block Heel Sandals For Women, Women's Block Heel Slides For Weddings Parties Proms Daily Work Dressy",,4.1,$15.99,,,,,,https://www.amazon.com/Jussy-Womens-Chunky-Heeled-Sandals/dp/B0H2Z7VYSR/ref=zg_bsnr_g_679425011_d_sccl_27/135-9474429-0924631?psc=1,"https://images-na.ssl-images-amazon.com/images/I/61R2+7cB-ZL._AC_UL600_SR600,400_.jpg",39,排名进入前30；评分达到4.0以上。
2026-10-04,amazon_us,product,search,women slides,36,Under Armour Ignite Pro 8 Fixed Band Slides,¥244.44,4.2,100+ bought in past month,,,,,,https://www.amazon.com/Under-Armour-Womens-Ignite-Slides/dp/B0F33YVYXW/ref=sr_1_36?dib=eyJ2IjoiMSJ9.UXktg5ZKJZxCJyRKr9FwH-5ISCpT-qDImHOl_nO4JUk1laVOb-Ah8igw-ZnwNyWJlS5_tfDO32XYjzKY-SeZHbMnoWamz44QPqb3gC6jgzlt2AKXZY31I128UQ6a3Ibc67Pi_7N9A8CwH-L4Tnh-6QjMiqqWsC6KXkKrEsww7P2doSgE4UnqXETHPDAjEK5UfKSECc52D0vyFDiw0E-NUfyCmgSuOiPtP49WxR5Y-IbbP-jIHZ3kD8pONYcdt0OFlDoKXgKX3-NNmO5QfEGahk4HIhJ6zH_CNCv3XW946Gw.vRE15SgsqS9i_m2ljyE8Pk_C9lDXPrk3FC7kZCvemz0&dib_tag=se&keywords=women+slides&qid=1791095859&sr=8-36,https://m.media-amazon.com/images/I/41S9a3VMv1L._AC_UL320_.jpg,39,排名进入前50；评论数达到50以上；价格处于人民币等值¥180.00-¥288.00区间；评分达到4.0以上。
2026-10-04,amazon_us,product,new_releases,New Releases Women Sandals,38,DREAM PAIRS Women's Platform Stiletto High Heel Sandals | Crisscross Open Toe Adjustable Ankle Strap Dress Heels for Wedding Party Prom,,4.7,$40.60,,,,,,https://www.amazon.com/DREAM-PAIRS-Platform-Stiletto-Sandals/dp/B0H8SC1XMP/ref=zg_bsnr_g_679425011_d_sccl_38/135-9474429-0924631?psc=1,"https://images-na.ssl-images-amazon.com/images/I/71ya4iQqiNL._AC_UL300_SR300,200_.jpg",38,排名进入前50；标题包含 platform，符合美国女鞋舒适化趋势；评分达到4.6以上。
2026-10-04,amazon_us,product,search,women summer slippers,44,NineCiFun Slippers for Women Men Summer Open Toe Slip On House Shoes,¥71.93,3.2,"Breathable Fabric, Soft Memory Foam Footbed, Non-Slip Sole, Lightweight and Flexible, Machine Washable,Runs WIDE",,,,,,https://www.amazon.com/NineCiFun-Slippers-Women-House-Slides/dp/B0GKZXS8WW/ref=sr_1_44?dib=eyJ2IjoiMSJ9._L_gfE0XXegGAngREyIarjc0-exgFjT5G99gOBL_2588cZsQrBwFJdUT61LMAIXpSAoEZAjDAiUPCp8_oXaoFeq_jhMbRoVydHZEuMaMgKRh0mIIDsNWLK5ZM9iE-SEWSIf3XSY4kWhUO5N47Nv3ABYAr0H4pmUl-drbgsxVVdefvuL9NSF1PbfIjpbxhWEKmeMPOGrxt5zseA0v5ZquNsezg4B-KuTqwmYvdDNidaoGl-TjGyLZlmH9FGusvFaGNVpjZt-u94JRZTOlgKi4fSzgNx1xQSeMdrSok6xoQ0I.E946euP8Oya8kU6itTtmjNAUfvKK5Ca9tMaDAAiOthQ&dib_tag=se&keywords=women+summer+slippers&qid=1791095857&sr=8-44,https://m.media-amazon.com/images/I/71R7sXc96FL._AC_UL320_.jpg,38,排名进入前50；价格处于人民币等值¥57.60-¥180.00黄金区间；标题包含 summer，符合美国女鞋舒适化趋势。
2026-10-04,amazon_us,product,search,platform sandals women,43,"CUSHIONAIRE Spin Womens Platform Sandals, Slip On Dressy Wedge Slides with Memory Foam",¥359.93,4.0,"Price, product page $49.99 $ 49 . 99",,,,,,https://www.amazon.com/CUSHIONAIRE-Womens-platform-sandal-Memory/dp/B0CCF6M3TX/ref=sr_1_38?dib=eyJ2IjoiMSJ9.EIJh1jY9ea3EISWsO86AbRTimG68G4WZuo_0N_aXtZDsm7HknsiVMwk4Ipi71BAqYpDlbmE5ztUgA225xRuXvA1p0v6OCzy818VqxpReOQq4pvi-mp6pc9ooJAL8jmCRQL07_htx6iyOfsPVS_O4MBOGNPrcCvmh65F9mYOfjo00jG460mNeoHvOaqpBSsjI3UGD8ZYsdDxMezUbcHYOV3UeymjScl_CkUR3zsO-6buYcxEwFy1C8cQxm78kM2-G00lpEm9g-dKXScNZDScRwKJt3gXiFY3URv3tzWMMES8.C2XqrU8IUhFUrcQZxdDI_QZv68BHVrcPxiii7TtsQfM&dib_tag=se&keywords=platform+sandals+women&qid=1791095859&sr=8-38,https://m.media-amazon.com/images/I/81IyApfBfXL._AC_UL320_.jpg,38,排名进入前50；价格高于人民币等值¥288.00；标题包含 platform、wedge，符合美国女鞋舒适化趋势；评分达到4.0以上。
2026-10-04,amazon_us,product,search,platform sandals women,46,DREAM PAIRS Women's Open Toe Flatform Platform Wedge Sandal,¥295.13,4.2,"Elastic ankle strap and cushioned footbed, casual summer sandals for casual outings, beach walks and all-day comfort",,,,,,https://www.amazon.com/DREAM-PAIRS-Flatform-Platform-Sandals/dp/B07ZZB9VZW/ref=sr_1_41?dib=eyJ2IjoiMSJ9.EIJh1jY9ea3EISWsO86AbRTimG68G4WZuo_0N_aXtZDsm7HknsiVMwk4Ipi71BAqYpDlbmE5ztUgA225xRuXvA1p0v6OCzy818VqxpReOQq4pvi-mp6pc9ooJAL8jmCRQL07_htx6iyOfsPVS_O4MBOGNPrcCvmh65F9mYOfjo00jG460mNeoHvOaqpBSsjI3UGD8ZYsdDxMezUbcHYOV3UeymjScl_CkUR3zsO-6buYcxEwFy1C8cQxm78kM2-G00lpEm9g-dKXScNZDScRwKJt3gXiFY3URv3tzWMMES8.C2XqrU8IUhFUrcQZxdDI_QZv68BHVrcPxiii7TtsQfM&dib_tag=se&keywords=platform+sandals+women&qid=1791095859&sr=8-41,https://m.media-amazon.com/images/I/7142idevyNL._AC_UL320_.jpg,38,排名进入前50；价格高于人民币等值¥288.00；标题包含 platform、wedge，符合美国女鞋舒适化趋势；评分达到4.0以上。
2026-10-04,amazon_us,product,search,platform sandals women,35,Soda ACCOUNT ~ Women Open Toe Two Bands Lug sole Fashion Block Heel Sandals with Adjustable Ankle Strap,¥257.69,4.4,"Price, product page $35.79 $ 35 . 79",,,,,,https://www.amazon.com/ACCOUNT-Fashion-Sandals-Adjustable-numeric_10/dp/B0973NW7QP/ref=sr_1_30?dib=eyJ2IjoiMSJ9.EIJh1jY9ea3EISWsO86AbRTimG68G4WZuo_0N_aXtZDsm7HknsiVMwk4Ipi71BAqYpDlbmE5ztUgA225xRuXvA1p0v6OCzy818VqxpReOQq4pvi-mp6pc9ooJAL8jmCRQL07_htx6iyOfsPVS_O4MBOGNPrcCvmh65F9mYOfjo00jG460mNeoHvOaqpBSsjI3UGD8ZYsdDxMezUbcHYOV3UeymjScl_CkUR3zsO-6buYcxEwFy1C8cQxm78kM2-G00lpEm9g-dKXScNZDScRwKJt3gXiFY3URv3tzWMMES8.C2XqrU8IUhFUrcQZxdDI_QZv68BHVrcPxiii7TtsQfM&dib_tag=se&keywords=platform+sandals+women&qid=1791095859&sr=8-30,https://m.media-amazon.com/images/I/61-Md78Ui+L._AC_UL320_.jpg,37,排名进入前50；价格处于人民币等值¥180.00-¥288.00区间；评分达到4.3以上。
2026-10-04,amazon_us,product,best_sellers,Best Sellers Women Sandals,42,Crocs Unisex Adult Mellow Recovery Slides,,4.4,$34.99,,,,,,https://www.amazon.com/Crocs-Unisex-Mellow-Slides-Sandal/dp/B0BFNMMK7T/ref=zg_bs_g_679425011_d_sccl_42/135-9474429-0924631?psc=1,"https://images-na.ssl-images-amazon.com/images/I/71Iwspid-HL._AC_UL300_SR300,200_.jpg",35,排名进入前50；标题包含 recovery，符合美国女鞋舒适化趋势；评分达到4.3以上。
2026-10-04,amazon_us,product,search,women slides,48,Project Cloud 100% Genuine Leather Penny Loafers for Women Mule,¥380.88,4.2,Mules For Women with Memory Foam Insole Womens Flats-Lightweight Womens Loafers & Womens Shoes-Women's Loafers & Slip-ons,,,,,,https://www.amazon.com/Project-Cloud-Genuine-Leather-Loafers/dp/B0GZ8TNX48/ref=sr_1_48?dib=eyJ2IjoiMSJ9.UXktg5ZKJZxCJyRKr9FwH-5ISCpT-qDImHOl_nO4JUk1laVOb-Ah8igw-ZnwNyWJlS5_tfDO32XYjzKY-SeZHbMnoWamz44QPqb3gC6jgzlt2AKXZY31I128UQ6a3Ibc67Pi_7N9A8CwH-L4Tnh-6QjMiqqWsC6KXkKrEsww7P2doSgE4UnqXETHPDAjEK5UfKSECc52D0vyFDiw0E-NUfyCmgSuOiPtP49WxR5Y-IbbP-jIHZ3kD8pONYcdt0OFlDoKXgKX3-NNmO5QfEGahk4HIhJ6zH_CNCv3XW946Gw.vRE15SgsqS9i_m2ljyE8Pk_C9lDXPrk3FC7kZCvemz0&dib_tag=se&keywords=women+slides&qid=1791095859&sr=8-48,https://m.media-amazon.com/images/I/81exdFN0pZL._AC_UL320_.jpg,35,排名进入前50；价格高于人民币等值¥288.00；标题包含 cloud，符合美国女鞋舒适化趋势；评分达到4.0以上。
2026-10-04,amazon_us,product,new_releases,New Releases Women Sandals,34,"IDIFU IN2 Kitten Heels for Women Square Open Toe Mule Heeled Sandals | 1.8 Inch Dressy Strappy Low Short Flip Flop Heels for Women, Dress Shoes for Daily, Wedding, Work, Office, Bridal, Prom",¥237.53,4.2,30,,,,,,https://www.amazon.com/IDIFU-Kitten-Square-Heeled-Sandals/dp/B0H24Y4ZBX/ref=zg_bsnr_g_679425011_d_sccl_34/135-9474429-0924631?psc=1,"https://images-na.ssl-images-amazon.com/images/I/71ahxXRkrnL._AC_UL300_SR300,200_.jpg",34,排名进入前50；价格处于人民币等值¥180.00-¥288.00区间；评分达到4.0以上。
2026-10-04,amazon_us,product,new_releases,New Releases Women Sandals,46,IDIFU Womens Strappy Heels Low Chunky Block Square Open Toe Heeled Sandals | IN3 Slingback Short Small Thick Adjustable Ankle Strap Heels Wedding Prom Bridal Office Party Dressy Dress Shoes for Women,¥266.33,4.0,32,,,,,,https://www.amazon.com/IDIFU-Womens-Strappy-Chunky-Sandals/dp/B0GZNG152X/ref=zg_bsnr_g_679425011_d_sccl_46/135-9474429-0924631?psc=1,"https://images-na.ssl-images-amazon.com/images/I/61SJkY3nnLL._AC_UL300_SR300,200_.jpg",34,排名进入前50；价格处于人民币等值¥180.00-¥288.00区间；评分达到4.0以上。
2026-10-04,amazon_us,product,search,platform sandals women,45,"CUSHIONAIRE Siesta Jelly Ballet Flats for Women, Slip On Womens Jelly Shoes",¥259.13,4.2,"Pointed Toe Flats for Women, Cushioned Footbed, Closed Toe Sandals Women, Water Resistant, Womens Flats Comfortable Dressy",,,,,,https://www.amazon.com/CUSHIONAIRE-Siesta-Jelly-Ballet-Womens/dp/B0GYQJT3MY/ref=sr_1_40?dib=eyJ2IjoiMSJ9.EIJh1jY9ea3EISWsO86AbRTimG68G4WZuo_0N_aXtZDsm7HknsiVMwk4Ipi71BAqYpDlbmE5ztUgA225xRuXvA1p0v6OCzy818VqxpReOQq4pvi-mp6pc9ooJAL8jmCRQL07_htx6iyOfsPVS_O4MBOGNPrcCvmh65F9mYOfjo00jG460mNeoHvOaqpBSsjI3UGD8ZYsdDxMezUbcHYOV3UeymjScl_CkUR3zsO-6buYcxEwFy1C8cQxm78kM2-G00lpEm9g-dKXScNZDScRwKJt3gXiFY3URv3tzWMMES8.C2XqrU8IUhFUrcQZxdDI_QZv68BHVrcPxiii7TtsQfM&dib_tag=se&keywords=platform+sandals+women&qid=1791095859&sr=8-40,https://m.media-amazon.com/images/I/81aIqaR3TYL._AC_UL320_.jpg,34,排名进入前50；价格处于人民币等值¥180.00-¥288.00区间；评分达到4.0以上。
2026-10-04,amazon_us,product,best_sellers,Best Sellers Women Sandals,33,"CUSHIONAIRE Luna Cork Footbed Sandals for Women with Crossover Straps | Womens Sandals with Arch Support, Adjustable Buckle Straps, Walking Sandals Women, Wide Widths, Cushioned Sandals for Women",,4.5,$34.99,,,,,,https://www.amazon.com/CUSHIONAIRE-Next-Womens-Slide-Sandals-Brown/dp/B073XSLL5P/ref=zg_bs_g_679425011_d_sccl_33/135-9474429-0924631?psc=1,"https://images-na.ssl-images-amazon.com/images/I/81TDeaArVJL._AC_UL300_SR300,200_.jpg",33,排名进入前50；标题包含 arch support，符合美国女鞋舒适化趋势；评分达到4.3以上。
2026-10-04,amazon_us,product,best_sellers,Best Sellers Women Sandals,40,"DREAM PAIRS Women's Comfort Low Block Heel Sandals | Chunky Heel Sandals, Open Toe Ankle Strap Dress Shoes, Comfortable Wedding Heels for Party, Prom and Formal Events",,4.3,$31.99,,,,,,https://www.amazon.com/DREAM-PAIRS-Womens-Low-Chunk-Sandals/dp/B06ZZWGFMQ/ref=zg_bs_g_679425011_d_sccl_40/135-9474429-0924631?psc=1,"https://images-na.ssl-images-amazon.com/images/I/61Zw-nKQO0L._AC_UL300_SR300,200_.jpg",33,排名进入前50；标题包含 comfort，符合美国女鞋舒适化趋势；评分达到4.3以上。
2026-10-04,amazon_us,product,new_releases,New Releases Women Sandals,37,Separat Toe Arch Support Slides Summer Home Outdoor Women Sandals Slippers,,4.1,$23.90,,,,,,https://www.amazon.com/AXGUGXX-Separat-Support-Outdoor-Slippers/dp/B0HCDKNWJH/ref=zg_bsnr_g_679425011_d_sccl_37/135-9474429-0924631?psc=1,"https://images-na.ssl-images-amazon.com/images/I/31Zd5+RXwRL._AC_UL300_SR300,200_.jpg",33,排名进入前50；标题包含 arch support、summer，符合美国女鞋舒适化趋势；评分达到4.0以上。
2026-10-04,amazon_us,product,new_releases,New Releases Women Sandals,41,"ISNOM Women's Bow Mule Heels Square Toe Mid Heel Dress Shoes | Mule Heels, Elegant Bow Design, Slip-On Heels, Organza Fabric, Perfect for Weddings, Special Occasions, and Daily Wear",¥359.93,4.6,24,,,,,,https://www.amazon.com/ISNOM-Heels-Womens-Mules-Square/dp/B0H39CSF1X/ref=zg_bsnr_g_679425011_d_sccl_41/135-9474429-0924631?psc=1,"https://images-na.ssl-images-amazon.com/images/I/61Eepgbra1L._AC_UL300_SR300,200_.jpg",33,排名进入前50；价格高于人民币等值¥288.00；评分达到4.6以上。
2026-10-04,amazon_us,product,new_releases,New Releases Women Sandals,42,Susanny Burgundy Patent Slingback Kitten Heels for Women Closed Pointed Toe Strappy Dress Pumps Comfortable Stiletto Low Heels Sexy Buckle Strap Dressy Slip On Shoes for Wedding Bridal Work,,4.5,$39.89,,,,,,https://www.amazon.com/Susanny-Womens-Silver-Rhinestone-Strappy/dp/B0H8JYXHYQ/ref=zg_bsnr_g_679425011_d_sccl_42/135-9474429-0924631?psc=1,"https://images-na.ssl-images-amazon.com/images/I/71f2bQwRe8L._AC_UL300_SR300,200_.jpg",33,排名进入前50；标题包含 comfort，符合美国女鞋舒适化趋势；评分达到4.3以上。
2026-10-04,amazon_us,product,new_releases,New Releases Women Sandals,47,"IDIFU IN4 High Heels for Women Peep Toe Mesh Heeled Sandals | Block Chunky Dance Heels, Open Toe Booties, Lace Up Zipper Summer Boots, Buckle Sexy Dance Shoes for Ballroom Prom Party",¥359.93,4.4,48,,,,,,https://www.amazon.com/IDIFU-Heels-Women-Heeled-Sandals/dp/B0H24XNPSN/ref=zg_bsnr_g_679425011_d_sccl_47/135-9474429-0924631?psc=1,"https://images-na.ssl-images-amazon.com/images/I/81XjNsNSnPL._AC_UL300_SR300,200_.jpg",33,排名进入前50；价格高于人民币等值¥288.00；标题包含 summer，符合美国女鞋舒适化趋势；评分达到4.3以上。
2026-10-04,amazon_us,product,new_releases,New Releases Women Sandals,50,DOEYG Suede Kitten Heels Sandals for Women Slide Sandals Dressy Comfortable Square Open Toe Summer Slip on Mule heels Heeled Sandal with Ornamental Wooden Detail,,4.1,$49.99,,,,,,https://www.amazon.com/DOEYG-Kitten-Sandals-Dressy-Comfortable/dp/B0HFR88GLH/ref=zg_bsnr_g_679425011_d_sccl_50/135-9474429-0924631?psc=1,"https://images-na.ssl-images-amazon.com/images/I/717blroUcdL._AC_UL300_SR300,200_.jpg",33,排名进入前50；标题包含 comfort、summer，符合美国女鞋舒适化趋势；评分达到4.0以上。
2026-10-04,amazon_us,product,search,platform sandals women,47,Crocs Women's Brooklyn Buckle Low Wedges,¥359.93,4.3,Casual Sandals,,,,,,https://www.amazon.com/Crocs-207431-2Q9-W7-Brooklyn-Buckle-LowWdg/dp/B0C53V7C96/ref=sr_1_42?dib=eyJ2IjoiMSJ9.EIJh1jY9ea3EISWsO86AbRTimG68G4WZuo_0N_aXtZDsm7HknsiVMwk4Ipi71BAqYpDlbmE5ztUgA225xRuXvA1p0v6OCzy818VqxpReOQq4pvi-mp6pc9ooJAL8jmCRQL07_htx6iyOfsPVS_O4MBOGNPrcCvmh65F9mYOfjo00jG460mNeoHvOaqpBSsjI3UGD8ZYsdDxMezUbcHYOV3UeymjScl_CkUR3zsO-6buYcxEwFy1C8cQxm78kM2-G00lpEm9g-dKXScNZDScRwKJt3gXiFY3URv3tzWMMES8.C2XqrU8IUhFUrcQZxdDI_QZv68BHVrcPxiii7TtsQfM&dib_tag=se&keywords=platform+sandals+women&qid=1791095859&sr=8-42,https://m.media-amazon.com/images/I/514KSObcofL._AC_UL320_.jpg,33,排名进入前50；价格高于人民币等值¥288.00；标题包含 wedge，符合美国女鞋舒适化趋势；评分达到4.3以上。
2026-10-04,amazon_us,product,new_releases,New Releases Women Sandals,33,Riekhany Kitten Heeled Sandals for Women Slip On Square Clip Toe Flip Flips | Casual Low Heel Pumps Comfortable Thong Slide Shoes Dressy Slippers for Party Daliy Work Travel,,4.0,$49.99,,,,,,https://www.amazon.com/Riekhany-Kitten-Sandals-Comfortable-Slippers/dp/B0HCV31H3D/ref=zg_bsnr_g_679425011_d_sccl_33/135-9474429-0924631?psc=1,"https://images-na.ssl-images-amazon.com/images/I/71GDJdxQMEL._AC_UL300_SR300,200_.jpg",30,排名进入前50；标题包含 comfort，符合美国女鞋舒适化趋势；评分达到4.0以上。
2026-10-04,amazon_us,product,new_releases,New Releases Women Sandals,45,"Viciously Vixen Women Strappy Kitten Heels Square Open Toe Sandals | Square toe, Adjustable strap, Party, Wedding, Graduation, 3 Inchs, Stable",,4.6,$36.99,,,,,,https://www.amazon.com/Viciously-Vixen-Strappy-Kitten-Sandals/dp/B0H5L5GBZT/ref=zg_bsnr_g_679425011_d_sccl_45/135-9474429-0924631?psc=1,"https://images-na.ssl-images-amazon.com/images/I/61Fi3OKv1YL._AC_UL300_SR300,200_.jpg",30,排名进入前50；评分达到4.6以上。
2026-10-04,amazon_us,product,best_sellers,Best Sellers Women Sandals,41,Viciously Vixen Women's Strappy Kitten Heels Square Open Toe Sandals Party Wedding Ankle Strap Shoes,,4.3,$39.99,,,,,,https://www.amazon.com/Viciously-Vixen-Strappy-Sandals-Wedding/dp/B0DP6419L8/ref=zg_bs_g_679425011_d_sccl_41/135-9474429-0924631?psc=1,"https://images-na.ssl-images-amazon.com/images/I/7190Ipay-hL._AC_UL300_SR300,200_.jpg",27,排名进入前50；评分达到4.3以上。
2026-10-04,amazon_us,product,best_sellers,Best Sellers Women Sandals,44,"ZUVARI Kitten Heels for Women, Square Toe Flip Flop Kitten Heel Sandals | 2.16 In Thong Heels, Non-Slip Outsole and Easy Slip-On Dressy Summer Heeled Sandals",,4.2,$28.79,,,,,,https://www.amazon.com/ZUVARI-Kitten-Square-Sandals-Dressy/dp/B0GBXPS8D3/ref=zg_bs_g_679425011_d_sccl_44/135-9474429-0924631?psc=1,"https://images-na.ssl-images-amazon.com/images/I/51r5FYMKLKL._AC_UL300_SR300,200_.jpg",27,排名进入前50；标题包含 summer，符合美国女鞋舒适化趋势；评分达到4.0以上。
2026-10-04,amazon_us,product,best_sellers,Best Sellers Women Sandals,45,Amazon Essentials Women's Memory Foam Thong Sandal,,4.3,$10.20,,,,,,https://www.amazon.com/Amazon-Essentials-Womens-Thong-Sandal/dp/B07FQYVKYF/ref=zg_bs_g_679425011_d_sccl_45/135-9474429-0924631?psc=1,"https://images-na.ssl-images-amazon.com/images/I/61zim4qDNNL._AC_UL300_SR300,200_.jpg",27,排名进入前50；评分达到4.3以上。
2026-10-04,amazon_us,product,new_releases,New Releases Women Sandals,32,"Susanny Women's Closed Toe Rhinstone Wedding Low Heel Slingback Clear Kitten Heels,Adjustable Strap Pointed Toe Bow Pumps High Heeled Prom Dress Shoes",,4.5,$39.98,,,,,,https://www.amazon.com/Susanny-Womens-Kitten-Rhinestone-Square/dp/B0H7QRZ4R3/ref=zg_bsnr_g_679425011_d_sccl_32/135-9474429-0924631?psc=1,"https://images-na.ssl-images-amazon.com/images/I/71FJSCN94YL._AC_UL300_SR300,200_.jpg",27,排名进入前50；评分达到4.3以上。
2026-10-04,amazon_us,product,new_releases,New Releases Women Sandals,36,"CUSHIONAIRE Gummie Slip On Jelly Sandals for Women | Double Adjustable Strap, Oversized Gold Buckles, Open Toe Womens Jelly Slide Sandals, Cushioned Footbed, Translucen",,4.3,$44.98,,,,,,https://www.amazon.com/CUSHIONAIRE-Gummie-Jelly-Sandals-Tortoise/dp/B0HD1FHB9X/ref=zg_bsnr_g_679425011_d_sccl_36/135-9474429-0924631?psc=1,"https://images-na.ssl-images-amazon.com/images/I/81ZcjSGeaQL._AC_UL300_SR300,200_.jpg",27,排名进入前50；评分达到4.3以上。
2026-10-04,amazon_us,product,new_releases,New Releases Women Sandals,40,"NIEARDAN Women's Kitten Heels Square Toe Mules Stiletto Heeled Sandals | Slip on,Open Toe,2.56 inch Heel,Slip Resistant,Ankle Strap,Party, Wedding,Dress,Business,Bridal,Office",,4.4,$39.99,,,,,,https://www.amazon.com/NIEARDAN-Womens-Kitten-Stiletto-Sandals/dp/B0H5Q3HGW9/ref=zg_bsnr_g_679425011_d_sccl_40/135-9474429-0924631?psc=1,"https://images-na.ssl-images-amazon.com/images/I/71ujs4H0d2L._AC_UL300_SR300,200_.jpg",27,排名进入前50；评分达到4.3以上。
2026-10-04,amazon_us,product,search,women slides,39,Under Armour womens Ignite ProSlide Sandal,,4.5,Comfort Sandals,,,,,,https://www.amazon.com/Under-Armour-Womens-Ignite-Slide/dp/B09WJGWW57/ref=sr_1_39?dib=eyJ2IjoiMSJ9.UXktg5ZKJZxCJyRKr9FwH-5ISCpT-qDImHOl_nO4JUk1laVOb-Ah8igw-ZnwNyWJlS5_tfDO32XYjzKY-SeZHbMnoWamz44QPqb3gC6jgzlt2AKXZY31I128UQ6a3Ibc67Pi_7N9A8CwH-L4Tnh-6QjMiqqWsC6KXkKrEsww7P2doSgE4UnqXETHPDAjEK5UfKSECc52D0vyFDiw0E-NUfyCmgSuOiPtP49WxR5Y-IbbP-jIHZ3kD8pONYcdt0OFlDoKXgKX3-NNmO5QfEGahk4HIhJ6zH_CNCv3XW946Gw.vRE15SgsqS9i_m2ljyE8Pk_C9lDXPrk3FC7kZCvemz0&dib_tag=se&keywords=women+slides&qid=1791095859&sr=8-39,https://m.media-amazon.com/images/I/41U-+qQdCWL._AC_UL320_.jpg,27,排名进入前50；评分达到4.3以上。
2026-10-04,amazon_us,product,search,platform sandals women,33,Crocs Women's Soho Y Strap Sandals,¥288.14,4.1,Casual Sandals,,,,,,https://www.amazon.com/Crocs-Womens-Strap-Sandals-Medium/dp/B0FDD8LVWJ/ref=sr_1_28?dib=eyJ2IjoiMSJ9.EIJh1jY9ea3EISWsO86AbRTimG68G4WZuo_0N_aXtZDsm7HknsiVMwk4Ipi71BAqYpDlbmE5ztUgA225xRuXvA1p0v6OCzy818VqxpReOQq4pvi-mp6pc9ooJAL8jmCRQL07_htx6iyOfsPVS_O4MBOGNPrcCvmh65F9mYOfjo00jG460mNeoHvOaqpBSsjI3UGD8ZYsdDxMezUbcHYOV3UeymjScl_CkUR3zsO-6buYcxEwFy1C8cQxm78kM2-G00lpEm9g-dKXScNZDScRwKJt3gXiFY3URv3tzWMMES8.C2XqrU8IUhFUrcQZxdDI_QZv68BHVrcPxiii7TtsQfM&dib_tag=se&keywords=platform+sandals+women&qid=1791095859&sr=8-28,https://m.media-amazon.com/images/I/51tIsVQEHVL._AC_UL320_.jpg,27,排名进入前50；价格高于人民币等值¥288.00；评分达到4.0以上。
2026-10-04,amazon_us,product,best_sellers,Best Sellers Women Sandals,34,PiePieBuy Women's Lace Up Heeled Sandals Square Flip Flop High Heels Strappy Party Shoes,,4.1,$31.99,,,,,,https://www.amazon.com/PiePieBuy-Womens-Kitten-Sandals-Square/dp/B09N3LZTJX/ref=zg_bs_g_679425011_d_sccl_34/135-9474429-0924631?psc=1,"https://images-na.ssl-images-amazon.com/images/I/61L4UgP8LlL._AC_UL300_SR300,200_.jpg",24,排名进入前50；评分达到4.0以上。
2026-10-04,amazon_us,product,best_sellers,Best Sellers Women Sandals,35,Havaianas Women's Slim Square Solid Flip Flops,,4.1,$22.00,,,,,,https://www.amazon.com/Havaianas-Womens-Square-Solid-Medium/dp/B0BBPX6J6F/ref=zg_bs_g_679425011_d_sccl_35/135-9474429-0924631?psc=1,"https://images-na.ssl-images-amazon.com/images/I/51Z+TNRYqLL._AC_UL300_SR300,200_.jpg",24,排名进入前50；评分达到4.0以上。
2026-10-04,amazon_us,product,best_sellers,Best Sellers Women Sandals,38,"DREAM PAIRS Women's Chunky Heel Sandal | sleek thin straps square-toe design,3.15 inch chunky block ankle buckle heeled sandals,for wedding party dress prom",,4.1,$33.99,,,,,,https://www.amazon.com/DREAM-PAIRS-Strappy-Sandals-SDHS2428W/dp/B0CPHSR46Y/ref=zg_bs_g_679425011_d_sccl_38/135-9474429-0924631?psc=1,"https://images-na.ssl-images-amazon.com/images/I/61bf5lXJwTL._AC_UL300_SR300,200_.jpg",24,排名进入前50；评分达到4.0以上。
2026-10-04,amazon_us,product,best_sellers,Best Sellers Women Sandals,46,Mostrin Kitten Heels for Women Round Toe Heels With Bow Vintage Mules Sexy Slip on Stiletto Backless Sandals for Party Daily,,4.2,$39.98,,,,,,https://www.amazon.com/Mostrin-Stiletto-Backless-Sandals-Holiday/dp/B0DTHVPXGS/ref=zg_bs_g_679425011_d_sccl_46/135-9474429-0924631?psc=1,"https://images-na.ssl-images-amazon.com/images/I/71UBmvHtexL._AC_UL300_SR300,200_.jpg",24,排名进入前50；评分达到4.0以上。
2026-10-04,amazon_us,product,new_releases,New Releases Women Sandals,48,Aerosoles Divia,¥498.96,3.6,28,,,,,,https://www.amazon.com/Aerosoles-Womens-Heeled-Sandal-Bronze/dp/B0H9C6L23W/ref=zg_bsnr_g_679425011_d_sccl_48/135-9474429-0924631?psc=1,"https://images-na.ssl-images-amazon.com/images/I/71tOG5I6IRL._AC_UL300_SR300,200_.jpg",23,排名进入前50；价格高于人民币等值¥288.00。
