date,source,data_type,list_type,keyword,rank,title,price,rating,review_count,likes,comments,views,published_at,competition_count,product_url,image_url,hot_score,reason
2026-06-25,amazon_us,product,best_sellers,Best Sellers Women Sandals,5,CUSHIONAIRE Lane Cork Footbed Womens Sandals Comfortable Double Buckle Slip On Sandals for Women with Arch Support and Classic Two Strap Design,¥251.93,4.5,"74,495",,,,,,https://www.amazon.com/CUSHIONAIRE-Womens-Slide-Sandals-Brown/dp/B075PBVR9N/ref=zg_bs_g_679425011_d_sccl_5/144-1062484-0454632?psc=1,"https://images-na.ssl-images-amazon.com/images/I/81suZ76XHpL._AC_UL600_SR600,400_.jpg",99,排名靠前；评论数高；价格处于人民币等值¥180.00-¥288.00区间；标题包含 comfort、arch support，符合美国女鞋舒适化趋势；评分达到4.3以上。
2026-06-25,amazon_us,product,best_sellers,Best Sellers Women Sandals,33,"CUSHIONAIRE Fame Pillow Recovery Sandals for Women, Adjustable Double Buckle Waterproof EVA Cloud Slides for Women",¥194.33,4.4,"11,539",,,,,,https://www.amazon.com/CUSHIONAIRE-Double-Adjustable-Buckle-Shower/dp/B09CK8R425/ref=zg_bs_g_679425011_d_sccl_33/137-3815378-3621952?psc=1,"https://images-na.ssl-images-amazon.com/images/I/81w0A8kWZPL._AC_UL300_SR300,200_.jpg",88,排名进入前50；评论数高；价格处于人民币等值¥180.00-¥288.00区间；标题包含 cloud、recovery，符合美国女鞋舒适化趋势；cloud + slides组合趋势加分；评分达到4.3以上。
2026-06-25,amazon_us,product,new_releases,New Releases Women Sandals,7,"Project Cloud Genuine Leather Women’s Sandals – Thong Flip Flops with Plush Soft Insole, Arch Support & Non Slip Outsole – Comfortable Beach & Summer Slides",,4.1,$34.11,,,,,,https://www.amazon.com/Project-Cloud-Genuine-Leather-Sandals/dp/B0GHT8V7LK/ref=zg_bsnr_g_679425011_d_sccl_7/137-3815378-3621952?psc=1,"https://images-na.ssl-images-amazon.com/images/I/71Da9eEAVQL._AC_UL600_SR600,400_.jpg",79,排名靠前；标题包含 cloud、comfort、arch support、soft、beach、summer，符合美国女鞋舒适化趋势；cloud + slides组合趋势加分；评分达到4.0以上。
2026-06-25,amazon_us,product,best_sellers,Best Sellers Women Sandals,24,shevalues Orthopedic Sandals for Women Arch Support Recovery Flip Flops Pillow Soft Summer Beach Shoes,,4.3,$19.99,,,,,,https://www.amazon.com/Orthotic-Pillow-Recovery-Sandals-Support/dp/B09LC836QG/ref=zg_bs_g_679425011_d_sccl_24/144-1062484-0454632?psc=1,"https://images-na.ssl-images-amazon.com/images/I/61o9ArJVVsL._AC_UL600_SR600,400_.jpg",77,排名进入前30；标题包含 recovery、orthopedic、arch support、soft、beach、summer，符合美国女鞋舒适化趋势；orthopedic + arch support组合趋势加分；评分达到4.3以上。
2026-06-25,amazon_us,product,best_sellers,Best Sellers Women Sandals,3,Project Cloud 100% Genuine Leather Flat Sandals For Women 2026 Cork Footbed Womens Sandals with Memory Foam and arch support Vacation Essentials Slides for Women Footwear (Venita),,4.4,$24.90,,,,,,https://www.amazon.com/Project-Cloud-Comfortable-Essentials-Vacation/dp/B0CNYDF946/ref=zg_bs_g_679425011_d_sccl_3/144-1062484-0454632?psc=1,"https://images-na.ssl-images-amazon.com/images/I/61PPWwEkHDL._AC_UL600_SR600,400_.jpg",76,排名靠前；标题包含 cloud、arch support，符合美国女鞋舒适化趋势；cloud + slides组合趋势加分；评分达到4.3以上。
2026-06-25,amazon_us,product,best_sellers,Best Sellers Women Sandals,8,Crocs Women's Miami Thong Sandal,¥489.60,4.4,"1,911",,,,,,https://www.amazon.com/Crocs-Womens-Miami-Sandal-Chocolate/dp/B0D2NT1QQ8/ref=zg_bs_g_679425011_d_sccl_8/144-1062484-0454632?psc=1,"https://images-na.ssl-images-amazon.com/images/I/61wKizJ75GL._AC_UL600_SR600,400_.jpg",75,排名靠前；评论数达到1000以上；价格高于人民币等值¥288.00；评分达到4.3以上。
2026-06-25,amazon_us,product,search,women summer slippers,1,Isotoner Women's Indoor/Outdoor Plush Flip-Flop Slipper with Memory Foam Comfort Isotoner Women's Indoor/Outdoor Plush Flip-Fl…,¥109.30,4.4,,,,,,,https://aax-us-east-retail-direct.amazon.com/x/c/JHPMDPpLxW_iEdQpQs2dTCcAAAGe_oIZXAEAAAH2AQBvbm9fdHhuX2JpZDUgICBvbm9fdHhuX2ltcDEgICCxdMim/clv1c_ek-YBIXWarbWXT1XZ_v_Sd5aokuZ0nDJMH128yPA2lrhIt7q4po2TnYkcoTC9G9faVkyVNP9DIeOOj6AlJLzpbRi_Z3okgz1DntvRSEm2E4mj1DjKbWSezDBw7lxrgb5h4gjjhqjbC2zbvWSPbpvfLKqo-vUFlfrpgRw259KrIaWUHMp9pCLZNb9nCbNTR-WDXmiSHnBeq8otaR7fs7E5l6pnP8VxO0VP8qUaGnTZ1UZNLepZgOnuQSZofI898VmVoNopagtLYgWCm09sJ33yaWKSBUhg_ou5Cf0jO-U4K4Ui6KhbrSgyhkwkomN4vwmEyHE39qL1RASrfsnv34AVLamBLKcjzr2ReD6As1NMkO7ySL4JDW6OKF6-1jDFkQTLO9ZYwybtlAftkgnwS3RXeLppJiBnpJV6euT__LKOjgnhPjVvjMGGN9mgsnODBzUF3ewDS_KtnfuHy9MPRa8TcRJOS1SvBJy5lNXyaW8w98Ctar6Ujc--roJltpmmWuvFCxvsWd6Lb7MOs3O05uSPnov0X8XtV3pDEbifpuz8fudm91vdRyej2Ek8mMHYIN_uYKOHc9uEK-BYwbEJE-heFscZPRp2-cjrLxqMv4wu5kR2X5DswzTUma6Du_IJjBItNRCcHRaI198s12jBllpIA0v9-V0iE410As47mrddl-3gs9Yb-bNJS9ZEa-OrRB8IPO9hC3Dp0qjFJWurWNI8G7-ho0M50Y8llvn9WW97TUyWlyHECKb7x-wHpJpAFIeG8kZWUunPXe0DDnuCz6jhbsPD0CBHx1nb6EKIKt6v5gOnFbgqhp6s9WMfwvDXAgTgta1auQfVKbP-onIxkZLexMoDuVSbz9TyT6p4MiN88zmZtwjG1TXRQWX3oYmzAwwdsjuXHI_FfnPnQMxEu260gLhAOFF2YIoPVQvXXYNFjSZeIKaXio5vPRVzCGQ8Ozbmky_ypLs9ORT5NOw31hD90i9LsbLA-FDe_tQrZUAFlvknjOtYj2GZB0xBW6ueSKgG9UFXZ8CrpLVPWLyRSPbb74hOSNSnbGPlHeYxkiGqdsen9J6qZFiHkqhRBvy5ZoxHe0U5McIa1tYt3bGJ-hgcVKBL1wjfVOkhvDYnl0N2B__gZNkdYAsH5I9ROmV2Ke6pSrKYhOtajltSqXl7KHGa3lNvsNiiqr7bG-HTzxzl71-h4mKE1Ug5cyg9bXvTz2y4xbGJBNsoNSRjcqz-8QCRaqFJ08_7xA20ecvGp_ISQR9MJ0Q5jjWybqh4UVP8ajtvHm_xIIsC06UPqSqBP46gPtYZQWR-41k_T_Fsra-TsFewNnhFiq0I88DqzxT8TGmbhYGCFYwbGFRi2wKbLsVcVXeRIZBVSIe9xAiiAFKOKUWKWeJU0mbbkptMkydB55ERIREuCo15uSDNtiaL4AUjpLn-pYRhMTsvuX6H-cBlGZUunNe6AFj2WdToKEiOxdGs4fwkwOhnf0KxHbs-uF5pUZLRElB9l-pb5KpKRHLmtYhIrXI-9IodM3sL301x-7rcZw2BQGaIeQZZjZ-YQx_Dq9oQJ2QkcMHy-p-KHUlgIV4lzEHBJzpvnjPlOO7BuM4jD_3V6AEueHJo12l5Nxwcf2stn1l5KZv2IP8ZP12MKswmUB1sVzz4ye6Ep7H3PxvXSb9_XcnoVkbvw/https://www.amazon.com/gp/aw/d/B0DWCBF1M7/?_encoding=UTF8&pd_rd_plhdr=t&aaxitk=81ced092aab88a54df06768c1c8263cc&hsa_cr_id=0&qid=1782386399&sr=1-1-9e67e56a-6f64-441f-a281-df67fc737124&ref_=sbx_s_sparkle_sbtcd_asin_0_bkgd&pd_rd_w=5fRSy&content-id=amzn1.sym.2fb72bc8-96ef-420d-b08f-c04b69f36507%3Aamzn1.sym.2fb72bc8-96ef-420d-b08f-c04b69f36507&pf_rd_p=2fb72bc8-96ef-420d-b08f-c04b69f36507&pf_rd_r=M0QRZZHRTYME1FGRDSYY&pd_rd_wg=WkWeG&pd_rd_r=353da73a-a352-4a70-9ab8-cbaaacaf4cf1,"https://m.media-amazon.com/images/I/71qRY-AqnhL._AC_SR160,134_CB1169409_QL70_.jpg",73,排名靠前；价格处于人民币等值¥57.60-¥180.00黄金区间；标题包含 comfort，符合美国女鞋舒适化趋势；评分达到4.3以上。
2026-06-25,amazon_us,product,search,women summer slippers,2,isotoner Women's Indoor/Outdoor Slip-on Diamond Microterry Gemma Clog Slippers With Memory Foam Comfort isotoner Women's Indoor/Outdoor Slip-on Dia…,¥132.48,4.4,,,,,,,https://aax-us-east-retail-direct.amazon.com/x/c/JHPMDPpLxW_iEdQpQs2dTCcAAAGe_oIZXAEAAAH2AQBvbm9fdHhuX2JpZDUgICBvbm9fdHhuX2ltcDEgICCxdMim/clv1c_ek-YBIXWarbWXT1XZ_v_Sd5aokuZ0nDJMH128yPA2lrhIt7q4po2TnYkcoTC9G9faVkyVNP9DIeOOj6AlJLzpbRi_Z3okgz1DntvRSEm2E4mj1DjKbWSezDBw7lxrgb5h4gjjhqjbC2zbvWSPbpvfLKqo-vUFlfrpgRw259KrIaWUHMp9pCLZNb9nCbNTR-WDXmiSHnBeq8otaR7fs7E5l6pnP8VxO0VP8qUaGnTZ1UZNLepZgOnuQSZofI898VmVoNopagtLYgWCm09sJ33yaWKSBUhg_ou5Cf0jO-U4K4Ui6KhbrSgyhkwkomN4vwmEyHE39qL1RASrfsnv34AVLamBLKcjzr2ReD6As1NMkO7ySL4JDW6OKF6-1jDFkQTLO9ZYwybtlAftkgnwS3RXeLppJiBnpJV6euT__LKOjgnhPjVvjMGGN9mgsnODBzUF3ewDS_KtnfuHy9MPRa8TcRJOS1SvBJy5lNXyaW8w98Ctar6Ujc--roJltpmmWuvFCxvsWd6Lb7MOs3O05uSPnov0X8XtV3pDEbifpuz8fudm91vdRyej2Ek8mMHYIN_uYKOHc9uEK-BYwbEJE-heFscZPRp2-cjrLxqMv4wu5kR2X5DswzTUma6Du_IJjBItNRCcHRaI198s12jBllpIA0v9-V0iE410As47mrddl-3gs9Yb-bNJS9ZEa-OrRB8IPO9hC3Dp0qjFJWurWNI8G7-ho0M50Y8llvn9WW97TUyWlyHECKb7x-wHpJpAFIeG8kZWUunPXe0DDnuCz6jhbsPD0CBHx1nb6EKIKt6v5gOnFbgqhp6s9WMfwvDXAgTgta1auQfVKbP-onIxkZLexMoDuVSbz9TyT6p4MiN88zmZtwjG1TXRQWX3oYmzAwwdsjuXHI_FfnPnQMxEu260gLhAOFF2YIoPVQvXXYNFjSZeIKaXio5vPRVzCGQ8Ozbmky_ypLs9ORT5NOw31hD90i9LsbLA-FDe_tQrZUAFlvknjOtYj2GZB0xBW6ueSKgG9UFXZ8CrpLVPWLyRSPbb74hOSNSnbGPlHeYxkiGqdsen9J6qZFiHkqhRBvy5ZoxHe0U5McIa1tYt3bGJ-hgcVKBL1wjfVOkhvDYnl0N2B__gZNkdYAsH5I9ROmV2Ke6pSrKYhOtajltSqXl7KHGa3lNvsNiiqr7bG-HTzxzl71-h4mKE1Ug5cyg9bXvTz2y4xbGJBNsoNSRjcqz-8QCRaqFJ08_7xA20ecvGp_ISQR9MJ0Q5jjWybqh4UVP8ajtvHm_xIIsC06UPqSqBP46gPtYZQWR-41k_T_Fsra-TsFewNnhFiq0I88DqzxT8TGmbhYGCFYwbGFRi2wKbLsVcVXeRIZBVSIe9xAiiAFKOKUWKWeJU0mbbkptMkydB55ERIREuCo15uSDNtiaL4AUjpLn-pYRhMTsvuX6H-cBlGZUunNe6AFj2WdToKEiOxdGs4fwkwOhnf0KxHbs-uF5pUZLRElB9l-pb5KpKRHLmtYhIrXI-9IodM3sL301x-7rcZw2BQGaIeQZZjZ-YQx_Dq9oQJ2QkcMHy-p-KHUlgIV4lzEHBJzpvnjPlOO7BuM4jD_3V6AEueHJo12l5Nxwcf2stn1l5KZv2IP8ZP12MKswmUB1sVzz4ye6Ep7H3PxvXSb9_XcnoVkbvw/https://www.amazon.com/gp/aw/d/B0DWC2B3Q3/?_encoding=UTF8&pd_rd_plhdr=t&aaxitk=81ced092aab88a54df06768c1c8263cc&hsa_cr_id=0&qid=1782386399&sr=1-2-9e67e56a-6f64-441f-a281-df67fc737124&ref_=sbx_s_sparkle_sbtcd_asin_1_bkgd&pd_rd_w=5fRSy&content-id=amzn1.sym.2fb72bc8-96ef-420d-b08f-c04b69f36507%3Aamzn1.sym.2fb72bc8-96ef-420d-b08f-c04b69f36507&pf_rd_p=2fb72bc8-96ef-420d-b08f-c04b69f36507&pf_rd_r=M0QRZZHRTYME1FGRDSYY&pd_rd_wg=WkWeG&pd_rd_r=353da73a-a352-4a70-9ab8-cbaaacaf4cf1,"https://m.media-amazon.com/images/I/71qDdjRMoqL._AC_SR160,134_CB1169409_QL70_.jpg",73,排名靠前；价格处于人民币等值¥57.60-¥180.00黄金区间；标题包含 comfort，符合美国女鞋舒适化趋势；评分达到4.3以上。
2026-06-25,amazon_us,product,best_sellers,Best Sellers Women Sandals,17,"Goosecret Women's Comfortable Arch Support Walking Platform Sandals | Lightweight Chunky Slip-On Foam Slides with Adjustable Buckle,Sandals for Beach and Daily Wear",,4.4,$17.14,,,,,,https://www.amazon.com/Goosecret-Platform-Lightweight-Comfortable-Adjustable/dp/B0CZ75N4PP/ref=zg_bs_g_679425011_d_sccl_17/144-1062484-0454632?psc=1,"https://images-na.ssl-images-amazon.com/images/I/61l3YNTRtgL._AC_UL600_SR600,400_.jpg",72,排名进入前30；标题包含 platform、comfort、arch support、beach，符合美国女鞋舒适化趋势；platform + comfort组合趋势加分；评分达到4.3以上。
2026-06-25,amazon_us,product,best_sellers,Best Sellers Women Sandals,2,KuaiLu Flip Flops for Women with Arch Support Yoga Mat Comfortable Summer Beach Walking Thong Cushion Sandals Slip On Indoor Outdoor,,4.3,$13.29,,,,,,https://www.amazon.com/KuaiLu-Support-Comfortable-Walking-Sandals/dp/B0C5ZRQS2X/ref=zg_bs_g_679425011_d_sccl_2/144-1062484-0454632?psc=1,"https://images-na.ssl-images-amazon.com/images/I/710PdcSAm6L._AC_UL600_SR600,400_.jpg",70,排名靠前；标题包含 comfort、arch support、beach、summer，符合美国女鞋舒适化趋势；评分达到4.3以上。
2026-06-25,amazon_us,product,search,women summer slippers,8,welltree,¥122.33,4.6,welltree,,,,,,https://www.amazon.com/sspa/click?ie=UTF8&spc=MTo3NzQzMTQ1MTQ5MTAzNjI3OjE3ODIzODYzOTk6c3Bfc2VhcmNoX3RoZW1hdGljOjo6MDpCMEJXUlZOR01QOnNlYXJjaA&url=%2Fwelltree-Novelty-Slippers-Sandals-Cushioned%2Fdp%2FB0BWRVNGMP%2Fref%3Dsxin_17_pa_sp_search_thematic_sspa%3Fcontent-id%3Damzn1.sym.20370b4c-979a-4a65-bc84-8b168f3df5c5%253Aamzn1.sym.20370b4c-979a-4a65-bc84-8b168f3df5c5%26cv_ct_cx%3Dwomen%2Bsummer%2Bslippers%26keywords%3Dwomen%2Bsummer%2Bslippers%26pd_rd_i%3DB0BWRVNGMP%26pd_rd_r%3Da06887f5-5840-4b39-af1c-ee6966172914%26pd_rd_w%3DtEcG0%26pd_rd_wg%3DqyqVY%26pf_rd_p%3D20370b4c-979a-4a65-bc84-8b168f3df5c5%26pf_rd_r%3DM0QRZZHRTYME1FGRDSYY%26qid%3D1782386399%26sbo%3D9ZOMT9Jm0JH%252Ft%252BWi68iDSA%253D%253D%26sr%3D1-1-543a432c-671c-4a3a-a15e-c8d9b2229043-spons%26sp_csd%3Dd2lkZ2V0TmFtZT1zcF9zZWFyY2hfdGhlbWF0aWM%26psc%3D1,https://m.media-amazon.com/images/I/41j0sf+tT6L._AC_UL320_.jpg,70,排名靠前；价格处于人民币等值¥57.60-¥180.00黄金区间；评分达到4.6以上。
2026-06-25,amazon_us,product,best_sellers,Best Sellers Women Sandals,23,Project Cloud 100% Genuine Leather Flat Sandals for Women 2026 Comfortable Beach Essentials Womens Sandals Memory Foam Vacation Essentials Slides for Women Footwear (Santorini),,4.3,$37.91,,,,,,https://www.amazon.com/Project-Cloud-Genuine-Leather-Sandals/dp/B0D75DL96M/ref=zg_bs_g_679425011_d_sccl_23/144-1062484-0454632?psc=1,"https://images-na.ssl-images-amazon.com/images/I/81KEpbRPxUL._AC_UL600_SR600,400_.jpg",69,排名进入前30；标题包含 cloud、comfort、beach，符合美国女鞋舒适化趋势；cloud + slides组合趋势加分；评分达到4.3以上。
2026-06-25,amazon_us,product,new_releases,New Releases Women Sandals,21,EQAUDES Platform Sandals Women Open Toe Ankle Strap Summer Wedge Espadrille Sandals Cute Beach Straw Raffia Woven Sandals Comfortable Vacation Dress Shoes,,4.2,$25.49,,,,,,https://www.amazon.com/EQAUDES-Platform-Espadrilles-Adjustable-Vacation/dp/B0H1XK3GQD/ref=zg_bsnr_g_679425011_d_sccl_21/137-3815378-3621952?psc=1,"https://images-na.ssl-images-amazon.com/images/I/816lek7lyEL._AC_UL600_SR600,400_.jpg",69,排名进入前30；标题包含 platform、comfort、beach、summer、wedge，符合美国女鞋舒适化趋势；platform + comfort组合趋势加分；评分达到4.0以上。
2026-06-25,amazon_us,product,search,platform sandals women,25,DREAM PAIRS Women's Platform Water Sandals Adjustable Lightweight Waterproof Summer Beach Wedge Chunky Sandals DREAM PAIRS Women's Platform Water Sandals Adjustable Lightweight Waterproof Summer Beach Wedge Chunky Sandals,¥230.33,4.5,4.5,,,,,,https://aax-us-east-retail-direct.amazon.com/x/c/JPciVLkFFXV_zVwfnMc3S7YAAAGe_oId0gEAAAH2AQBvbm9fdHhuX2JpZDcgICBvbm9fdHhuX2ltcDIgICCmXk4e/clv1c_ek-IBHfWVcba3TK2Z8p873dcOO1DnziMguf50AhLNXfcwPffU0f8mb2Ukym7e0Aw9axfC1zKUqC-rKd44xLfIMgutfA7iBQKCTFszxr22E91uNKvN7W-AOQo4_9pjMYTcr0uHC5nBTrmtGZ6jMjffdzJmB0clFKim83M4xf6zQMeSnFKVMLv2tZPV-YcVTzw4AyB2j-7r6cKM6T8pc5l2k6OZUsrFt9aZNpR6crbFn0jD5C2vnqnGWqruVJ7svpaWdlHJewkcbh3pKYcn5vtfSlbYzNIUX8rud3HoLBEc42Dr-9oF_zw0UVp_gBMq9Wdpk7wiD5ML3iDFCXolYr7FsNPU7_QgphYZdnT4GggpfhSCMXaUfheDPPpUOWquQmHWjwITyBfAZ59i9gpNr6raqO7qdPjWczYQmaU1Km-ZupUDGxcmXsjro8CoCMpsj2BeEunvnEjGLntNiU9dHsZBI8QJnBa4oX83VPXeYLKPciiWxcxFwkXl-PTxEqDFhtzlAgb8_qrZyLr1PGkTWfWxZA2YJ2FxwkY99Rm-vrhnXOAb2D0odm4pmKy4AbYmCZ7HuQ87XloZBtssv-_xYjpqbfqevkBmIitXq2mWCHF2WYR8LcO3Z5CvTgRlySwFemnE55u4ameRSbyEhw8C6Exi3H5Q_X2x1D3n0zYt6Wrwx036XCFty_fVzoOpJlEyEClNYaTuI5XsikEuOcTOAsF1E2MufLFLUld8NfGTKW3_6mN6FEXSwKVjG_Hr2FguGvtJ6Ee6jNjT5D7yxkaPyH1ZluIVxKK-88LFTyBAy-2xU9YpzFQNNI4TMW_TtkOCrZFs_dEtcYYlx-ZiwZoJol08MIboDJJLwZEJvygykZgSa7MvnNTWkDDgf67b6SjSWOpBWcFQMVQs3fG6nEL8Wl7SFPToQ0rZy_ZrXDC0IWT1bhsIDTToAJ1hKNeyg31mgyhglYlxKcrxdIG9JB99DNw4P94t-SzuLnBcSDOelpHFZ1fKDhj57dhGavNYxILWE8yd3jd_DS0ncSMq1py823dYXsvtn3N9r6DzYv0ghwnfYcQMwMpxpRueM011u6ok44W6WmyUH7QbVr7ODP1Anwfo0FleF2yDkH9bEfIjsO3-nDMf8Oy5eCRzSo88h4KWq1x5YDIqPEZ32SOY9HGuwtEsQWACcO0i0470CnXnIlSWWM1ygkrwcykC41DF1IxdmW-w3YxdxvcdnkeExGzTE8uprrH1Fk-y-5kAkBSZoplwXTKZv4evW08Kg7ViqOedDbi4uaiCQcId-yW7jvXeJBsVog-KvNjHb2XoEmw6SN0YWU7mVI4ZxRUOH1NIZwRCrl76paNly53roPXAi-7wPzc2sXZb2JnwP_JWUsqJmrD3969SCqIBR-EmNNOq8iWT4lQOwZromBecwLKXxDaaGk0VJY3xUxcSY86WkSN6syTEo4505h9l5hpcNlHQTKUkKVabnvcRH9HDlW3kT07NUGapkOzEaJnljX9wYpe4V7BCE-eo7QKnvn0DexJUY4YYNbtTCSYQUdhAqsNUuq6mu8NSuW87woQT-mKxujkjKLA8Zj_A61YCY2YTOb_tJ1jc-enq1HpY7wvuRWPqlVtkHR-bhJ8_sWm3QvdAWv7RdeZVqupWIE_J5kUawE7TX1a2no8OpYuEsAbLeDyi4xsVqQ/https://www.amazon.com/gp/aw/d/B0G1RGBLGG/?_encoding=UTF8&pd_rd_plhdr=t&aaxitk=cf221f156927395b50dc2d29acf58585&hsa_cr_id=0&qid=1782386400&sr=1-1-f02f01d6-adaf-4bef-9a7c-29308eff9043&ref_=sbx__sbtcd2_asin_0_bkgd&pd_rd_w=DgVIu&content-id=amzn1.sym.5159d9cb-0665-4a83-8f64-8881eaba312a%3Aamzn1.sym.5159d9cb-0665-4a83-8f64-8881eaba312a&pf_rd_p=5159d9cb-0665-4a83-8f64-8881eaba312a&pf_rd_r=1RFEGYM41RJ7WV3GEG3G&pd_rd_wg=ZlcKi&pd_rd_r=6cd9e074-6f30-49c3-b6ec-30224c3e18fe,"https://m.media-amazon.com/images/I/61ERVtfZurL._AC_SR322,134_CB1169409_QL70_.jpg",69,排名进入前30；价格处于人民币等值¥180.00-¥288.00区间；标题包含 platform、beach、summer、wedge，符合美国女鞋舒适化趋势；评分达到4.3以上。
2026-06-25,amazon_us,product,best_sellers,Best Sellers Women Sandals,21,Project Cloud 100% Genuine Leather Platform Sandals Women Footwear - Wedge Chunky Slides for Women 2026 with Memory Foam Insole & Cork Footbed Womens Sandals (GreeceChunky),,4.2,$44.90,,,,,,https://www.amazon.com/Project-Cloud-Genuine-Platform-Footwear/dp/B0DPRGP6N6/ref=zg_bs_g_679425011_d_sccl_21/144-1062484-0454632?psc=1,"https://images-na.ssl-images-amazon.com/images/I/81FRcaN2z8L._AC_UL600_SR600,400_.jpg",68,排名进入前30；标题包含 cloud、platform、wedge，符合美国女鞋舒适化趋势；cloud + slides组合趋势加分；评分达到4.0以上。
2026-06-25,amazon_us,product,new_releases,New Releases Women Sandals,5,Project Cloud Platform Sandals Women - Memory Foam Insole Flip Flops and Lightweight Womens Sandals - Non-Slip Summer Thong Sandals for Women 2026 (ELEVATION),,4.0,$37.90,,,,,,https://www.amazon.com/Project-Cloud-Platform-Sandals-Women/dp/B0GTZK16HL/ref=zg_bsnr_g_679425011_d_sccl_5/137-3815378-3621952?psc=1,"https://images-na.ssl-images-amazon.com/images/I/61Kn9EsnuXL._AC_UL600_SR600,400_.jpg",68,排名靠前；标题包含 cloud、platform、summer，符合美国女鞋舒适化趋势；评分达到4.0以上。
2026-06-25,amazon_us,product,new_releases,New Releases Women Sandals,8,"CUSHIONAIRE Expo Thong Sandals for Women, Comfortable Slingback Sandals with Arch Support and Cushioned Footbed",,4.7,$37.98,,,,,,https://www.amazon.com/CUSHIONAIRE-Comfortable-Slingback-Cushioned-CHOCOLATE/dp/B0GZJ5KHBQ/ref=zg_bsnr_g_679425011_d_sccl_8/137-3815378-3621952?psc=1,"https://images-na.ssl-images-amazon.com/images/I/71P3k5SiVZL._AC_UL600_SR600,400_.jpg",67,排名靠前；标题包含 comfort、arch support，符合美国女鞋舒适化趋势；评分达到4.6以上。
2026-06-25,amazon_us,product,search,women summer slippers,9,rosyclo,¥171.29,4.5,rosyclo,,,,,,https://www.amazon.com/sspa/click?ie=UTF8&spc=MTo3NzQzMTQ1MTQ5MTAzNjI3OjE3ODIzODYzOTk6c3Bfc2VhcmNoX3RoZW1hdGljOjo6MTpCMENHTE1KSjROOnNlYXJjaA&url=%2Frosyclo-Slippers-Lightweight-Anti-Slip-Cushioned%2Fdp%2FB0CGLMJJ4N%2Fref%3Dsxin_17_pa_sp_search_thematic_sspa%3Fcontent-id%3Damzn1.sym.20370b4c-979a-4a65-bc84-8b168f3df5c5%253Aamzn1.sym.20370b4c-979a-4a65-bc84-8b168f3df5c5%26cv_ct_cx%3Dwomen%2Bsummer%2Bslippers%26keywords%3Dwomen%2Bsummer%2Bslippers%26pd_rd_i%3DB0CGLMJJ4N%26pd_rd_r%3Da06887f5-5840-4b39-af1c-ee6966172914%26pd_rd_w%3DtEcG0%26pd_rd_wg%3DqyqVY%26pf_rd_p%3D20370b4c-979a-4a65-bc84-8b168f3df5c5%26pf_rd_r%3DM0QRZZHRTYME1FGRDSYY%26qid%3D1782386399%26sbo%3D9ZOMT9Jm0JH%252Ft%252BWi68iDSA%253D%253D%26sr%3D1-2-543a432c-671c-4a3a-a15e-c8d9b2229043-spons%26sp_csd%3Dd2lkZ2V0TmFtZT1zcF9zZWFyY2hfdGhlbWF0aWM%26psc%3D1,https://m.media-amazon.com/images/I/614TvxnncqL._AC_UL320_.jpg,67,排名靠前；价格处于人民币等值¥57.60-¥180.00黄金区间；评分达到4.3以上。
2026-06-25,amazon_us,product,search,women summer slippers,10,Evshine,¥95.69,4.4,Evshine,,,,,,https://www.amazon.com/sspa/click?ie=UTF8&spc=MTo3NzQzMTQ1MTQ5MTAzNjI3OjE3ODIzODYzOTk6c3Bfc2VhcmNoX3RoZW1hdGljOjo6MjpCMENUNERIUVJZOnNlYXJjaA&url=%2FEvshine-Summer-Slippers-Corduroy-Bedroom%2Fdp%2FB0CT4DHQRY%2Fref%3Dsxin_17_pa_sp_search_thematic_sspa%3Fcontent-id%3Damzn1.sym.20370b4c-979a-4a65-bc84-8b168f3df5c5%253Aamzn1.sym.20370b4c-979a-4a65-bc84-8b168f3df5c5%26cv_ct_cx%3Dwomen%2Bsummer%2Bslippers%26keywords%3Dwomen%2Bsummer%2Bslippers%26pd_rd_i%3DB0CT4DHQRY%26pd_rd_r%3Da06887f5-5840-4b39-af1c-ee6966172914%26pd_rd_w%3DtEcG0%26pd_rd_wg%3DqyqVY%26pf_rd_p%3D20370b4c-979a-4a65-bc84-8b168f3df5c5%26pf_rd_r%3DM0QRZZHRTYME1FGRDSYY%26qid%3D1782386399%26sbo%3D9ZOMT9Jm0JH%252Ft%252BWi68iDSA%253D%253D%26sr%3D1-3-543a432c-671c-4a3a-a15e-c8d9b2229043-spons%26sp_csd%3Dd2lkZ2V0TmFtZT1zcF9zZWFyY2hfdGhlbWF0aWM%26psc%3D1,https://m.media-amazon.com/images/I/713lF-LR+QL._AC_UL320_.jpg,67,排名靠前；价格处于人民币等值¥57.60-¥180.00黄金区间；评分达到4.3以上。
2026-06-25,amazon_us,product,search,women slides,4,adidas,¥128.23,4.4,Products highlighted as 'Overall Pick' are:,,,,,,https://www.amazon.com/adidas-Unisex-Adilette-Shower-Sandal/dp/B091ZDXQ2Z/ref=sr_1_1?dib=eyJ2IjoiMSJ9._KS9xv2PSxs4p0s5tNQUoq4xU3qT-MHx3jd9FYCpnQSYIHh-rgG1K4MjD6UFye3zBwAcS9tNe1vcDUQbDd0WcxL3toWaV_z3HMXoz_NHSfIzVXl2mPRXv0HPSE28QkCAqPEIS3B10CInqljXn3qlLxzQV8b-wS2kmAOOSWcjNra63_x1vaHGu12mzmzQ5JWG4yZvYfYkWprcsC16s-veozyZ_g_K7kqFDaP2_ssTaZXJ1XMbnkDdpn-dTcb3OE29AoXzaeOR8mcUdT9lke82odCSKQUODYNn1l1Pk_B8sBQ.fWUWiiVBq3IkUO0oZPCVRbYUQzox1b7v2awGWoXyKJU&dib_tag=se&keywords=women+slides&qid=1782386399&sr=8-1,https://m.media-amazon.com/images/I/51EuQODcuHL._AC_UL320_.jpg,67,排名靠前；价格处于人民币等值¥57.60-¥180.00黄金区间；评分达到4.3以上。
2026-06-25,amazon_us,product,search,women slides,5,WHITIN,¥71.93,4.4,WHITIN,,,,,,https://www.amazon.com/WHITIN-Bathroom-Slippers-Fashionable-Antislip/dp/B0C1C1R659/ref=sr_1_2?dib=eyJ2IjoiMSJ9._KS9xv2PSxs4p0s5tNQUoq4xU3qT-MHx3jd9FYCpnQSYIHh-rgG1K4MjD6UFye3zBwAcS9tNe1vcDUQbDd0WcxL3toWaV_z3HMXoz_NHSfIzVXl2mPRXv0HPSE28QkCAqPEIS3B10CInqljXn3qlLxzQV8b-wS2kmAOOSWcjNra63_x1vaHGu12mzmzQ5JWG4yZvYfYkWprcsC16s-veozyZ_g_K7kqFDaP2_ssTaZXJ1XMbnkDdpn-dTcb3OE29AoXzaeOR8mcUdT9lke82odCSKQUODYNn1l1Pk_B8sBQ.fWUWiiVBq3IkUO0oZPCVRbYUQzox1b7v2awGWoXyKJU&dib_tag=se&keywords=women+slides&qid=1782386399&sr=8-2,https://m.media-amazon.com/images/I/61nPKXN2RNL._AC_UL320_.jpg,67,排名靠前；价格处于人民币等值¥57.60-¥180.00黄金区间；评分达到4.3以上。
2026-06-25,amazon_us,product,best_sellers,Best Sellers Women Sandals,10,OOFOS OOahh Recovery Slide - Women’s and Men’s,,4.4,$50.96,,,,,,https://www.amazon.com/OOFOS-Unisex-Ooahh-Slide-Sandal/dp/B00BRC4L14/ref=zg_bs_g_679425011_d_sccl_10/144-1062484-0454632?psc=1,"https://images-na.ssl-images-amazon.com/images/I/51NSD3PLF-L._AC_UL600_SR600,400_.jpg",65,排名靠前；评论数达到50以上；标题包含 recovery，符合美国女鞋舒适化趋势；评分达到4.3以上。
2026-06-25,amazon_us,product,new_releases,New Releases Women Sandals,25,ONCAI Women’s Platform Chunky Sandals With Arch Support Trendy Fashion Summer Vacation Wedge Flip Flops for Women Soft Walking Outdoor Ladies Heels Shoes Rubber Soles US Size 5-11,,4.8,36,,,,,,https://www.amazon.com/ONCAI-Platform-Sandals-Vacation-Waterproof/dp/B0GVJ3QT5H/ref=zg_bsnr_g_679425011_d_sccl_25/137-3815378-3621952?psc=1,"https://images-na.ssl-images-amazon.com/images/I/81pTH140GeL._AC_UL600_SR600,400_.jpg",65,排名进入前30；标题包含 platform、arch support、soft、summer、wedge，符合美国女鞋舒适化趋势；评分达到4.6以上。
2026-06-25,amazon_us,product,new_releases,New Releases Women Sandals,27,Project Cloud Platform Sandals Women - Memory Foam Insole Slides Women with Adjustable Buckle - Non Slip and Lightweight Womens Sandals 2026 (Havana),,4.0,$43.92,,,,,,https://www.amazon.com/Project-Cloud-Genuine-Leather-Platform/dp/B0G1ZMKWBM/ref=zg_bsnr_g_679425011_d_sccl_27/137-3815378-3621952?psc=1,"https://images-na.ssl-images-amazon.com/images/I/81+-nFNBI2L._AC_UL600_SR600,400_.jpg",65,排名进入前30；标题包含 cloud、platform，符合美国女鞋舒适化趋势；cloud + slides组合趋势加分；评分达到4.0以上。
2026-06-25,amazon_us,product,search,platform sandals women,9,vodvob,¥201.89,4.6,vodvob,,,,,,https://www.amazon.com/sspa/click?ie=UTF8&spc=MToyNTkzOTE3MjkxNDIwNjI4OjE3ODIzODY0MDA6c3Bfc2VhcmNoX3RoZW1hdGljOjo6MDpCMENXOFo5Q1k5OnNlYXJjaA&url=%2Fvodvob-Platform-Sandals-Adjustable-Flatform%2Fdp%2FB0CW8Z9CY9%2Fref%3Dsxin_17_pa_sp_search_thematic_sspa%3Fcontent-id%3Damzn1.sym.20370b4c-979a-4a65-bc84-8b168f3df5c5%253Aamzn1.sym.20370b4c-979a-4a65-bc84-8b168f3df5c5%26cv_ct_cx%3Dplatform%2Bsandals%2Bwomen%26keywords%3Dplatform%2Bsandals%2Bwomen%26pd_rd_i%3DB0CW8Z9CY9%26pd_rd_r%3D6cd9e074-6f30-49c3-b6ec-30224c3e18fe%26pd_rd_w%3Du2PT2%26pd_rd_wg%3DZlcKi%26pf_rd_p%3D20370b4c-979a-4a65-bc84-8b168f3df5c5%26pf_rd_r%3D1RFEGYM41RJ7WV3GEG3G%26qid%3D1782386400%26sbo%3D9ZOMT9Jm0JH%252Ft%252BWi68iDSA%253D%253D%26sr%3D1-1-543a432c-671c-4a3a-a15e-c8d9b2229043-spons%26sp_csd%3Dd2lkZ2V0TmFtZT1zcF9zZWFyY2hfdGhlbWF0aWM%26psc%3D1,https://m.media-amazon.com/images/I/61UUNMnL9hL._AC_UL320_.jpg,65,排名靠前；价格处于人民币等值¥180.00-¥288.00区间；评分达到4.6以上。
2026-06-25,amazon_us,product,search,platform sandals women,10,Skechers,¥274.46,4.6,Skechers,,,,,,https://www.amazon.com/sspa/click?ie=UTF8&spc=MToyNTkzOTE3MjkxNDIwNjI4OjE3ODIzODY0MDA6c3Bfc2VhcmNoX3RoZW1hdGljOjo6MTpCMENETVhMMUtXOnNlYXJjaA&url=%2FSkechers-Womens-Arya-Sandal-Black%2Fdp%2FB0CDMXL1KW%2Fref%3Dsxin_17_pa_sp_search_thematic_sspa%3Fcontent-id%3Damzn1.sym.20370b4c-979a-4a65-bc84-8b168f3df5c5%253Aamzn1.sym.20370b4c-979a-4a65-bc84-8b168f3df5c5%26cv_ct_cx%3Dplatform%2Bsandals%2Bwomen%26keywords%3Dplatform%2Bsandals%2Bwomen%26pd_rd_i%3DB0CDMXL1KW%26pd_rd_r%3D6cd9e074-6f30-49c3-b6ec-30224c3e18fe%26pd_rd_w%3Du2PT2%26pd_rd_wg%3DZlcKi%26pf_rd_p%3D20370b4c-979a-4a65-bc84-8b168f3df5c5%26pf_rd_r%3D1RFEGYM41RJ7WV3GEG3G%26qid%3D1782386400%26sbo%3D9ZOMT9Jm0JH%252Ft%252BWi68iDSA%253D%253D%26sr%3D1-2-543a432c-671c-4a3a-a15e-c8d9b2229043-spons%26sp_csd%3Dd2lkZ2V0TmFtZT1zcF9zZWFyY2hfdGhlbWF0aWM%26psc%3D1,https://m.media-amazon.com/images/I/811zZvhiXmL._AC_UL320_.jpg,65,排名靠前；价格处于人民币等值¥180.00-¥288.00区间；评分达到4.6以上。
2026-06-25,amazon_us,product,best_sellers,Best Sellers Women Sandals,4,mazeskin Women's Memory Foam Comfortable Flat Thong Sandals Dressy Summer Beach Leather Slide Flip Flops,,4.4,$9.99,,,,,,https://www.amazon.com/mazeskin-Womens-Comfortable-Sandals-Leather/dp/B0F32KMZ18/ref=zg_bs_g_679425011_d_sccl_4/144-1062484-0454632?psc=1,"https://images-na.ssl-images-amazon.com/images/I/71jV8GHPNSL._AC_UL600_SR600,400_.jpg",64,排名靠前；标题包含 comfort、beach、summer，符合美国女鞋舒适化趋势；评分达到4.3以上。
2026-06-25,amazon_us,product,best_sellers,Best Sellers Women Sandals,6,"Archies Arch Support Flip Flops for Men & Women – Orthotic Sandals for Plantar Fasciitis Relief – Lightweight, Cushioning, Shock-Absorbing Thong Sandals for Walking, Foot Pain & All-Day Comfort",,4.4,$40.00,,,,,,https://www.amazon.com/Archies-Womens-Arch-Support-Black/dp/B086SYFKLP/ref=zg_bs_g_679425011_d_sccl_6/144-1062484-0454632?psc=1,"https://images-na.ssl-images-amazon.com/images/I/81xintmVcHL._AC_UL600_SR600,400_.jpg",64,排名靠前；标题包含 comfort、arch support，符合美国女鞋舒适化趋势；评分达到4.3以上。
2026-06-25,amazon_us,product,search,women summer slippers,6,Sksshion,¥121.61,4.2,Products highlighted as 'Overall Pick' are:,,,,,,https://www.amazon.com/Sksshion-Womens-Slides-Sandals-Slippers/dp/B0DP76JQ4X/ref=sr_1_1?dib=eyJ2IjoiMSJ9.edQbWdZgRC57j1GkLLh3yg_5pR05vUY5G0-dACSTUcEb7hq8na7bMFX_sswoiB6zjgNmsyvQaikX_iQ42JKmgMotwLV6jde_eRUDAN0Gq8VRWyLRAXxFq0nruCwry6yURSO0XDGBCyB4s3KU2GFsBwTXPr5vl46JHPZ7DzX6BO5_kNBjFpRk26tg8U7-ChjfZFaMtcjkptff4-bW5B9J0J7oaQtsoC8gxBtNlhPDeyrSEL-qCE2Ygzwgi5GFYdhaDQoyb1aFICIxh6aVJnjI69XGpnMA81ZIOFYnWGdbJHU.EfKxodipE2G1lffsONm4iRUwyz9FEyGQN_zcu5EtCrQ&dib_tag=se&keywords=women+summer+slippers&qid=1782386399&sr=8-1,https://m.media-amazon.com/images/I/71E9gKBPQjL._AC_UL320_.jpg,64,排名靠前；价格处于人民币等值¥57.60-¥180.00黄金区间；评分达到4.0以上。
2026-06-25,amazon_us,product,best_sellers,Best Sellers Women Sandals,1,Project Cloud Flip Flops for Women Footwear- Lightweight and Memory Foam Insole Sandals for Women 2026 - Durable Non-Slip Beach Essentials Flats for Women Sandals (Foundations),,4.3,$18.91,,,,,,https://www.amazon.com/Project-Cloud-Flip-flops-Women/dp/B0D2DV8PTH/ref=zg_bs_g_679425011_d_sccl_1/144-1062484-0454632?psc=1,"https://images-na.ssl-images-amazon.com/images/I/61ArmmxBEvL._AC_UL600_SR600,400_.jpg",63,排名靠前；标题包含 cloud、beach，符合美国女鞋舒适化趋势；评分达到4.3以上。
2026-06-25,amazon_us,product,new_releases,New Releases Women Sandals,37,COFACE Womens Rhinestone Orthopedic Flip Flops Lightweight Yoga Mat Thick Cushioned Recovery Walking Thong Sandals Adjustable Summer Beach Slippers with Comfortable Plantar Fasciitis Arch Support,,4.5,$31.34,,,,,,https://www.amazon.com/COFACE-Rhinestone-Orthopedic-Cushioned-Comfortable/dp/B0GVM2ZNBV/ref=zg_bsnr_g_679425011_d_sccl_37/137-3815378-3621952?psc=1,"https://images-na.ssl-images-amazon.com/images/I/81vO0UeScgL._AC_UL300_SR300,200_.jpg",62,排名进入前50；标题包含 recovery、orthopedic、comfort、arch support、beach、summer，符合美国女鞋舒适化趋势；orthopedic + arch support组合趋势加分；评分达到4.3以上。
2026-06-25,amazon_us,product,new_releases,New Releases Women Sandals,38,COFACE Womens Fashion Orthopedic Flip Flops Comfortable Plantar Fasciitis Arch Support Lightweight Thick Yoga Mat Cushion Recovery Walking Thong Sandals Adjustable Summer Beach Slippers,,4.4,$27.99,,,,,,https://www.amazon.com/COFACE-Orthopedic-Comfortable-Fasciitis-Recovery/dp/B0GJ417YRM/ref=zg_bsnr_g_679425011_d_sccl_38/137-3815378-3621952?psc=1,"https://images-na.ssl-images-amazon.com/images/I/716BWVKkcOL._AC_UL300_SR300,200_.jpg",62,排名进入前50；标题包含 recovery、orthopedic、comfort、arch support、beach、summer，符合美国女鞋舒适化趋势；orthopedic + arch support组合趋势加分；评分达到4.3以上。
2026-06-25,amazon_us,product,search,women summer slippers,3,isotoner Women's Indoor/Outdoor Slip-on Fiona Clog Slippers With Memory Foam isotoner Women's Indoor/Outdoor Slip-on Fion…,¥207.36,4.3,,,,,,,https://aax-us-east-retail-direct.amazon.com/x/c/JHPMDPpLxW_iEdQpQs2dTCcAAAGe_oIZXAEAAAH2AQBvbm9fdHhuX2JpZDUgICBvbm9fdHhuX2ltcDEgICCxdMim/clv1c_ek-YBIXWarbWXT1XZ_v_Sd5aokuZ0nDJMH128yPA2lrhIt7q4po2TnYkcoTC9G9faVkyVNP9DIeOOj6AlJLzpbRi_Z3okgz1DntvRSEm2E4mj1DjKbWSezDBw7lxrgb5h4gjjhqjbC2zbvWSPbpvfLKqo-vUFlfrpgRw259KrIaWUHMp9pCLZNb9nCbNTR-WDXmiSHnBeq8otaR7fs7E5l6pnP8VxO0VP8qUaGnTZ1UZNLepZgOnuQSZofI898VmVoNopagtLYgWCm09sJ33yaWKSBUhg_ou5Cf0jO-U4K4Ui6KhbrSgyhkwkomN4vwmEyHE39qL1RASrfsnv34AVLamBLKcjzr2ReD6As1NMkO7ySL4JDW6OKF6-1jDFkQTLO9ZYwybtlAftkgnwS3RXeLppJiBnpJV6euT__LKOjgnhPjVvjMGGN9mgsnODBzUF3ewDS_KtnfuHy9MPRa8TcRJOS1SvBJy5lNXyaW8w98Ctar6Ujc--roJltpmmWuvFCxvsWd6Lb7MOs3O05uSPnov0X8XtV3pDEbifpuz8fudm91vdRyej2Ek8mMHYIN_uYKOHc9uEK-BYwbEJE-heFscZPRp2-cjrLxqMv4wu5kR2X5DswzTUma6Du_IJjBItNRCcHRaI198s12jBllpIA0v9-V0iE410As47mrddl-3gs9Yb-bNJS9ZEa-OrRB8IPO9hC3Dp0qjFJWurWNI8G7-ho0M50Y8llvn9WW97TUyWlyHECKb7x-wHpJpAFIeG8kZWUunPXe0DDnuCz6jhbsPD0CBHx1nb6EKIKt6v5gOnFbgqhp6s9WMfwvDXAgTgta1auQfVKbP-onIxkZLexMoDuVSbz9TyT6p4MiN88zmZtwjG1TXRQWX3oYmzAwwdsjuXHI_FfnPnQMxEu260gLhAOFF2YIoPVQvXXYNFjSZeIKaXio5vPRVzCGQ8Ozbmky_ypLs9ORT5NOw31hD90i9LsbLA-FDe_tQrZUAFlvknjOtYj2GZB0xBW6ueSKgG9UFXZ8CrpLVPWLyRSPbb74hOSNSnbGPlHeYxkiGqdsen9J6qZFiHkqhRBvy5ZoxHe0U5McIa1tYt3bGJ-hgcVKBL1wjfVOkhvDYnl0N2B__gZNkdYAsH5I9ROmV2Ke6pSrKYhOtajltSqXl7KHGa3lNvsNiiqr7bG-HTzxzl71-h4mKE1Ug5cyg9bXvTz2y4xbGJBNsoNSRjcqz-8QCRaqFJ08_7xA20ecvGp_ISQR9MJ0Q5jjWybqh4UVP8ajtvHm_xIIsC06UPqSqBP46gPtYZQWR-41k_T_Fsra-TsFewNnhFiq0I88DqzxT8TGmbhYGCFYwbGFRi2wKbLsVcVXeRIZBVSIe9xAiiAFKOKUWKWeJU0mbbkptMkydB55ERIREuCo15uSDNtiaL4AUjpLn-pYRhMTsvuX6H-cBlGZUunNe6AFj2WdToKEiOxdGs4fwkwOhnf0KxHbs-uF5pUZLRElB9l-pb5KpKRHLmtYhIrXI-9IodM3sL301x-7rcZw2BQGaIeQZZjZ-YQx_Dq9oQJ2QkcMHy-p-KHUlgIV4lzEHBJzpvnjPlOO7BuM4jD_3V6AEueHJo12l5Nxwcf2stn1l5KZv2IP8ZP12MKswmUB1sVzz4ye6Ep7H3PxvXSb9_XcnoVkbvw/https://www.amazon.com/gp/aw/d/B0BMW5YR9V/?_encoding=UTF8&pd_rd_plhdr=t&aaxitk=81ced092aab88a54df06768c1c8263cc&hsa_cr_id=0&qid=1782386399&sr=1-3-9e67e56a-6f64-441f-a281-df67fc737124&ref_=sbx_s_sparkle_sbtcd_asin_2_bkgd&pd_rd_w=5fRSy&content-id=amzn1.sym.2fb72bc8-96ef-420d-b08f-c04b69f36507%3Aamzn1.sym.2fb72bc8-96ef-420d-b08f-c04b69f36507&pf_rd_p=2fb72bc8-96ef-420d-b08f-c04b69f36507&pf_rd_r=M0QRZZHRTYME1FGRDSYY&pd_rd_wg=WkWeG&pd_rd_r=353da73a-a352-4a70-9ab8-cbaaacaf4cf1,"https://m.media-amazon.com/images/I/81lSD1476LL._AC_SR160,134_CB1169409_QL70_.jpg",62,排名靠前；价格处于人民币等值¥180.00-¥288.00区间；评分达到4.3以上。
2026-06-25,amazon_us,product,search,women summer slippers,4,isotoner Women's Indoor/Outdoor Slip-on Microsuede Rory Memory Foam Clog Slippers isotoner Women's Indoor/Outdoor Slip-on Micr…,¥235.30,4.3,,,,,,,https://aax-us-east-retail-direct.amazon.com/x/c/JHPMDPpLxW_iEdQpQs2dTCcAAAGe_oIZXAEAAAH2AQBvbm9fdHhuX2JpZDUgICBvbm9fdHhuX2ltcDEgICCxdMim/clv1c_ek-YBIXWarbWXT1XZ_v_Sd5aokuZ0nDJMH128yPA2lrhIt7q4po2TnYkcoTC9G9faVkyVNP9DIeOOj6AlJLzpbRi_Z3okgz1DntvRSEm2E4mj1DjKbWSezDBw7lxrgb5h4gjjhqjbC2zbvWSPbpvfLKqo-vUFlfrpgRw259KrIaWUHMp9pCLZNb9nCbNTR-WDXmiSHnBeq8otaR7fs7E5l6pnP8VxO0VP8qUaGnTZ1UZNLepZgOnuQSZofI898VmVoNopagtLYgWCm09sJ33yaWKSBUhg_ou5Cf0jO-U4K4Ui6KhbrSgyhkwkomN4vwmEyHE39qL1RASrfsnv34AVLamBLKcjzr2ReD6As1NMkO7ySL4JDW6OKF6-1jDFkQTLO9ZYwybtlAftkgnwS3RXeLppJiBnpJV6euT__LKOjgnhPjVvjMGGN9mgsnODBzUF3ewDS_KtnfuHy9MPRa8TcRJOS1SvBJy5lNXyaW8w98Ctar6Ujc--roJltpmmWuvFCxvsWd6Lb7MOs3O05uSPnov0X8XtV3pDEbifpuz8fudm91vdRyej2Ek8mMHYIN_uYKOHc9uEK-BYwbEJE-heFscZPRp2-cjrLxqMv4wu5kR2X5DswzTUma6Du_IJjBItNRCcHRaI198s12jBllpIA0v9-V0iE410As47mrddl-3gs9Yb-bNJS9ZEa-OrRB8IPO9hC3Dp0qjFJWurWNI8G7-ho0M50Y8llvn9WW97TUyWlyHECKb7x-wHpJpAFIeG8kZWUunPXe0DDnuCz6jhbsPD0CBHx1nb6EKIKt6v5gOnFbgqhp6s9WMfwvDXAgTgta1auQfVKbP-onIxkZLexMoDuVSbz9TyT6p4MiN88zmZtwjG1TXRQWX3oYmzAwwdsjuXHI_FfnPnQMxEu260gLhAOFF2YIoPVQvXXYNFjSZeIKaXio5vPRVzCGQ8Ozbmky_ypLs9ORT5NOw31hD90i9LsbLA-FDe_tQrZUAFlvknjOtYj2GZB0xBW6ueSKgG9UFXZ8CrpLVPWLyRSPbb74hOSNSnbGPlHeYxkiGqdsen9J6qZFiHkqhRBvy5ZoxHe0U5McIa1tYt3bGJ-hgcVKBL1wjfVOkhvDYnl0N2B__gZNkdYAsH5I9ROmV2Ke6pSrKYhOtajltSqXl7KHGa3lNvsNiiqr7bG-HTzxzl71-h4mKE1Ug5cyg9bXvTz2y4xbGJBNsoNSRjcqz-8QCRaqFJ08_7xA20ecvGp_ISQR9MJ0Q5jjWybqh4UVP8ajtvHm_xIIsC06UPqSqBP46gPtYZQWR-41k_T_Fsra-TsFewNnhFiq0I88DqzxT8TGmbhYGCFYwbGFRi2wKbLsVcVXeRIZBVSIe9xAiiAFKOKUWKWeJU0mbbkptMkydB55ERIREuCo15uSDNtiaL4AUjpLn-pYRhMTsvuX6H-cBlGZUunNe6AFj2WdToKEiOxdGs4fwkwOhnf0KxHbs-uF5pUZLRElB9l-pb5KpKRHLmtYhIrXI-9IodM3sL301x-7rcZw2BQGaIeQZZjZ-YQx_Dq9oQJ2QkcMHy-p-KHUlgIV4lzEHBJzpvnjPlOO7BuM4jD_3V6AEueHJo12l5Nxwcf2stn1l5KZv2IP8ZP12MKswmUB1sVzz4ye6Ep7H3PxvXSb9_XcnoVkbvw/https://www.amazon.com/gp/aw/d/B0CDCNTQVF/?_encoding=UTF8&pd_rd_plhdr=t&aaxitk=81ced092aab88a54df06768c1c8263cc&hsa_cr_id=0&qid=1782386399&sr=1-4-9e67e56a-6f64-441f-a281-df67fc737124&ref_=sbx_s_sparkle_sbtcd_asin_3_bkgd&pd_rd_w=5fRSy&content-id=amzn1.sym.2fb72bc8-96ef-420d-b08f-c04b69f36507%3Aamzn1.sym.2fb72bc8-96ef-420d-b08f-c04b69f36507&pf_rd_p=2fb72bc8-96ef-420d-b08f-c04b69f36507&pf_rd_r=M0QRZZHRTYME1FGRDSYY&pd_rd_wg=WkWeG&pd_rd_r=353da73a-a352-4a70-9ab8-cbaaacaf4cf1,"https://m.media-amazon.com/images/I/51h4ivJviRL._AC_SR160,134_CB1169409_QL70_.jpg",62,排名靠前；价格处于人民币等值¥180.00-¥288.00区间；评分达到4.3以上。
2026-06-25,amazon_us,product,search,women summer slippers,7,FITORY,¥186.48,4.3,FITORY,,,,,,https://www.amazon.com/FITORY-Sandals-Fashion-Leather-Slippers/dp/B0CM5N7R34/ref=sr_1_2?dib=eyJ2IjoiMSJ9.edQbWdZgRC57j1GkLLh3yg_5pR05vUY5G0-dACSTUcEb7hq8na7bMFX_sswoiB6zjgNmsyvQaikX_iQ42JKmgMotwLV6jde_eRUDAN0Gq8VRWyLRAXxFq0nruCwry6yURSO0XDGBCyB4s3KU2GFsBwTXPr5vl46JHPZ7DzX6BO5_kNBjFpRk26tg8U7-ChjfZFaMtcjkptff4-bW5B9J0J7oaQtsoC8gxBtNlhPDeyrSEL-qCE2Ygzwgi5GFYdhaDQoyb1aFICIxh6aVJnjI69XGpnMA81ZIOFYnWGdbJHU.EfKxodipE2G1lffsONm4iRUwyz9FEyGQN_zcu5EtCrQ&dib_tag=se&keywords=women+summer+slippers&qid=1782386399&sr=8-2,https://m.media-amazon.com/images/I/71fgVPQ6SpL._AC_UL320_.jpg,62,排名靠前；价格处于人民币等值¥180.00-¥288.00区间；评分达到4.3以上。
2026-06-25,amazon_us,product,search,women slides,1,"CUSHIONAIRE Logo 100% Genuine Leather Suede Slides for Women, Cushioned Cork Footbed Womens Sandals with Adjustable Buckles and Memory Foam CUSHIONAIRE Logo 100% Genuine Leather Suede Slide…",¥272.88,4.5,,,,,,,https://aax-us-east-retail-direct.amazon.com/x/c/JNQDgSBzI5YYokIP_yXLhDwAAAGe_oIb9wEAAAH2AQBvbm9fdHhuX2JpZDMgICBvbm9fdHhuX2ltcDIgICCa-wLh/clv1c_ek-wBPHXbcbWXixXZJuIyd59BF5KfsE4tch70CPZzZ_k4T5WVahQP24r0ONcw9b2o0w-BEMVLIZFs2msmILeXZvy2yVb0oErPEAAXzubUNz0gzJnXnixSquv4ftgJrO10yFTUNUhoJbOGx8oh0Iu1METzMT4VtXqlNSwhDPaHAZZXHc3dlCGwEe1lGrd_Z2nVRbzL2uv7xvgNUS8NYZB-n7PlhdrEV7mxNpUcd-WUNb7RVceITT69YwZWTZ0F5NewgtPvvw-Ebi2O4GZIbSc1Oyz8qRlcBLP4Sc4buUbrwOGfRZG71cQIUAhCW4Jvcb29-IF8xxQqPHrrtq1qT2HBmhwIVWnd-iB_xVXOTR_GFfsRWY1zgDGrbO82_tzyWuMDCfRVQdBdfiZbvVuRBtM2VSGF59x7YpV6suT_aMfo1aohyM4mqMpUWIwzR8kEmSgKEu7CWT9u1zvVtQP60bpsLtmOZGE14J2GRSInHAGmjFVFIfycy2Ne8Oq9ryWdQliihc8KM7cTYABACnSVRde3tfcIfveUH_JfgpQ1QGkf508tkf4ihUjMJHuDT8nA7OULkF__hSvV6XpizreFjJ2dVP1zWsnXRA0LbOk-Q92Hc2K_PHxNZPDOiKEhzTJ5fAZ-C_3vVGCffxuoadHWvLu0DA5Bm2vA_Kfl1WQKJdbF8vilAEsil5UFQJ8G9WRg386DtzGGx16J5us0sDaqS-Tf7mWsQgVmSN-kq-MmyIviSP7KbB1PTkW4TnLlpNQp8bk8bNL8INzjJjH_fTAeCSEo0qJkWrZGG_eBa5SXVOKQO1d4iPeOox3y0YAAnuEXwB7HucQbyDY-bNpJptwa59snGEmsiZuRVkkMJx3rjo6BHOHEdT3RzpaQVCEO7NpQppYrnQBRH5jGHurNusTk85QKrhExMoPNOKT_5vLgfOMBdqxeT9lIdFrKYFkJfIdDheq5nZrc9Q9C5QBMHYuogBxLP6GdtD512-aM2czEm7h0yTTZ7wtIhhWYP08HDjvUY8oiXPeWHu1EZEB9_IB51aCmReOdckNG8y-GFI0DEEU-PIgdoIixQ4jI_k9CGeCM5McYlRBOYFPRX_drZPECLs6Y0kf23K1FQ4MsYizDiNEX0F7hkdlCDAcuqtd0GLclat74Ln51DEApcw2YbeGlC1hiUO7A63YsRll-UaP78wgtiXetTGDnm8FlKInhu0uiNPPPvWtfBEtdi3kL-5yK2k7EtMpo5tXEIbDt7w5QEnq0ZbAZlx5LNhIfFnS_2tm3_aqa3kNIZ8uOoywUWDtOkdK5EmoQp9W2ysR9wMbhjTdKSPpvl-n9pRZHASaL6yt_H7o4uVxO5AOfQjuVaUxq-FdFeqDkf5xhJPErS9jhUPaw4fXcaGtx4ECdqRxxMXB5o31DHjylV-H-Zu8YmtwXPHGdg34o0fm7yEShuQ74_kWVLXztsuisgA9CIo8wGHk6uMhYsyM09QGUWED-haK8cV1FRs-fTyR97ykWfgcNbUzhgMmw_Zo4F_8cnRCgeAGNfcGlD_YatHPmfrnh2LQZlCz6LdS9tXnC3JK7TmQSVl_j1arwsIsyZnh64SpvrC-g-C_888PyqFxHHFQ_PNk8oaw1IRZvlQvIOgfvVQn281wv1gVxgUuKmA0JQnZot35j4ThPL7elRLQFm6I6a7c7KWdcSGcT_nLYJ60qgHMBIoJwZKSQOrnrCI9FI4q14E0atLjXJT1gA/https://www.amazon.com/gp/aw/d/B0GNTMNYK4/?_encoding=UTF8&pd_rd_plhdr=t&aaxitk=d7b1c718cefca3ff714acb4a6363c837&hsa_cr_id=0&qid=1782386399&sr=1-1-9e67e56a-6f64-441f-a281-df67fc737124&ref_=sbx_s_sparkle_sbtcd_asin_0_bkgd&pd_rd_w=U1sPS&content-id=amzn1.sym.2fb72bc8-96ef-420d-b08f-c04b69f36507%3Aamzn1.sym.2fb72bc8-96ef-420d-b08f-c04b69f36507&pf_rd_p=2fb72bc8-96ef-420d-b08f-c04b69f36507&pf_rd_r=C6K9QCJ74HV1D3XMQBDG&pd_rd_wg=nIsGf&pd_rd_r=e3713388-edce-4bdf-8d0b-31a8f509479d,"https://m.media-amazon.com/images/I/81fjPRPg4CL._AC_SR160,134_CB1169409_QL70_.jpg",62,排名靠前；价格处于人民币等值¥180.00-¥288.00区间；评分达到4.3以上。
2026-06-25,amazon_us,product,best_sellers,Best Sellers Women Sandals,25,ONCAI Women's Flip Flops Comfortable Arch Support Yoga Mat Summer Beach Walking Thong Cushion Sandals Ladies Outdoor Vacation Essentials Slide Shoes Rubber Soles US Size 5-11,,4.3,$13.28,,,,,,https://www.amazon.com/ONCAI-Support-Athletic-Orthotic-Fasciitis/dp/B0D2292JM9/ref=zg_bs_g_679425011_d_sccl_25/144-1062484-0454632?psc=1,"https://images-na.ssl-images-amazon.com/images/I/71iVIX1IyIL._AC_UL600_SR600,400_.jpg",60,排名进入前30；标题包含 comfort、arch support、beach、summer，符合美国女鞋舒适化趋势；评分达到4.3以上。
2026-06-25,amazon_us,product,best_sellers,Best Sellers Women Sandals,26,Project Cloud 100% Genuine Leather Sandals Women Dressy Beach Essentials Slides for Women Footwear - Lightweight with Memory Foam Insole Sandals for Women 2026 - Womens Slides,,4.1,$29.90,,,,,,https://www.amazon.com/Project-Cloud-Genuine-Leather-Essentials/dp/B0CP4LB912/ref=zg_bs_g_679425011_d_sccl_26/144-1062484-0454632?psc=1,"https://images-na.ssl-images-amazon.com/images/I/813h1QBU5fL._AC_UL600_SR600,400_.jpg",60,排名进入前30；标题包含 cloud、beach，符合美国女鞋舒适化趋势；cloud + slides组合趋势加分；评分达到4.0以上。
2026-06-25,amazon_us,product,best_sellers,Best Sellers Women Sandals,28,Project Cloud 100% Genuine Leather Sandals for Women 2026 - Fashion Flat Womens Sandals with Memory Foam Insole Slides Sandals Women Footwear - Mules Women's Sandals (Jannel),,4.3,$39.90,,,,,,https://www.amazon.com/Project-Cloud-Fashion-Sandals-Women/dp/B0CQ716Z3L/ref=zg_bs_g_679425011_d_sccl_28/144-1062484-0454632?psc=1,"https://images-na.ssl-images-amazon.com/images/I/71WxLxLw-rL._AC_UL600_SR600,400_.jpg",60,排名进入前30；标题包含 cloud，符合美国女鞋舒适化趋势；cloud + slides组合趋势加分；评分达到4.3以上。
2026-06-25,amazon_us,product,new_releases,New Releases Women Sandals,6,"CUSHIONAIRE Talisa Espadrilles for Women, Closed Toe Wedge Sandal with Elastic Ankle Strap and Jute Wrapped Sole",,4.5,111,,,,,,https://www.amazon.com/CUSHIONAIRE-Talisa-Espadrilles-Elastic-Wrapped/dp/B0GXGVQT4K/ref=zg_bsnr_g_679425011_d_sccl_6/137-3815378-3621952?psc=1,"https://images-na.ssl-images-amazon.com/images/I/81F8HNyZMNL._AC_UL600_SR600,400_.jpg",60,排名靠前；评论数达到50以上；标题包含 wedge，符合美国女鞋舒适化趋势；评分达到4.3以上。
2026-06-25,amazon_us,product,search,women summer slippers,19,GOEWY,¥68.26,4.6,GOEWY,,,,,,https://www.amazon.com/GOEWY-Slippers-Outdoor-Slipper-Bridesmaid/dp/B0DT12FRRT/ref=sr_1_5?dib=eyJ2IjoiMSJ9.edQbWdZgRC57j1GkLLh3yg_5pR05vUY5G0-dACSTUcEb7hq8na7bMFX_sswoiB6zjgNmsyvQaikX_iQ42JKmgMotwLV6jde_eRUDAN0Gq8VRWyLRAXxFq0nruCwry6yURSO0XDGBCyB4s3KU2GFsBwTXPr5vl46JHPZ7DzX6BO5_kNBjFpRk26tg8U7-ChjfZFaMtcjkptff4-bW5B9J0J7oaQtsoC8gxBtNlhPDeyrSEL-qCE2Ygzwgi5GFYdhaDQoyb1aFICIxh6aVJnjI69XGpnMA81ZIOFYnWGdbJHU.EfKxodipE2G1lffsONm4iRUwyz9FEyGQN_zcu5EtCrQ&dib_tag=se&keywords=women+summer+slippers&qid=1782386399&sr=8-5,https://m.media-amazon.com/images/I/612fmVMoiKL._AC_UL320_.jpg,60,排名进入前30；价格处于人民币等值¥57.60-¥180.00黄金区间；评分达到4.6以上。
2026-06-25,amazon_us,product,search,women slides,13,Under Armour,¥129.60,4.6,Under Armour,,,,,,https://www.amazon.com/Under-Armour-Womens-Ignite-Select/dp/B0BZWT7TPW/ref=sr_1_5?dib=eyJ2IjoiMSJ9._KS9xv2PSxs4p0s5tNQUoq4xU3qT-MHx3jd9FYCpnQSYIHh-rgG1K4MjD6UFye3zBwAcS9tNe1vcDUQbDd0WcxL3toWaV_z3HMXoz_NHSfIzVXl2mPRXv0HPSE28QkCAqPEIS3B10CInqljXn3qlLxzQV8b-wS2kmAOOSWcjNra63_x1vaHGu12mzmzQ5JWG4yZvYfYkWprcsC16s-veozyZ_g_K7kqFDaP2_ssTaZXJ1XMbnkDdpn-dTcb3OE29AoXzaeOR8mcUdT9lke82odCSKQUODYNn1l1Pk_B8sBQ.fWUWiiVBq3IkUO0oZPCVRbYUQzox1b7v2awGWoXyKJU&dib_tag=se&keywords=women+slides&qid=1782386399&sr=8-5,https://m.media-amazon.com/images/I/31W+XacFYoL._AC_UL320_.jpg,60,排名进入前30；价格处于人民币等值¥57.60-¥180.00黄金区间；评分达到4.6以上。
2026-06-25,amazon_us,product,search,women slides,16,PUMA,¥116.21,4.6,PUMA,,,,,,https://www.amazon.com/PUMA-Womens-Slide-Sandal-Black-Rose/dp/B0BXTXF7KB/ref=sr_1_8?dib=eyJ2IjoiMSJ9._KS9xv2PSxs4p0s5tNQUoq4xU3qT-MHx3jd9FYCpnQSYIHh-rgG1K4MjD6UFye3zBwAcS9tNe1vcDUQbDd0WcxL3toWaV_z3HMXoz_NHSfIzVXl2mPRXv0HPSE28QkCAqPEIS3B10CInqljXn3qlLxzQV8b-wS2kmAOOSWcjNra63_x1vaHGu12mzmzQ5JWG4yZvYfYkWprcsC16s-veozyZ_g_K7kqFDaP2_ssTaZXJ1XMbnkDdpn-dTcb3OE29AoXzaeOR8mcUdT9lke82odCSKQUODYNn1l1Pk_B8sBQ.fWUWiiVBq3IkUO0oZPCVRbYUQzox1b7v2awGWoXyKJU&dib_tag=se&keywords=women+slides&qid=1782386399&sr=8-8,https://m.media-amazon.com/images/I/619ZjmwISWL._AC_UL320_.jpg,60,排名进入前30；价格处于人民币等值¥57.60-¥180.00黄金区间；评分达到4.6以上。
2026-06-25,amazon_us,product,search,platform sandals women,7,Project Cloud,¥323.28,4.2,Project Cloud,,,,,,https://www.amazon.com/Project-Cloud-Genuine-Platform-Footwear/dp/B0DPRJPCK6/ref=sr_1_1?dib=eyJ2IjoiMSJ9.69twT_3puw6XYRjA92eE7MPyHb91r8aX5FFdCUfKKias0iaehEbV_rn_-0UEdNb3d8-j7uqVV4c1OAPwVu_zsm3fJxFJZmnY6yw6t54Nx4Z7uw7zi-0UeagJdoML_Gb_yqCN-Hg3Dy1iMxsBbvuImbBkogCNK31-6MGZbjlPxmdnPP7i6f-vzq95p1f548gWcUKkT-ZcfPWKMdiCpiBJ2o2vhparMcPjjOrA4lJlL-rYZHYyslODbkycFO8sryapnizF9Di4vsGOb5xJURx7DTr8phws7ytEqt8u7xRWqxw.6qcSPGtj9d7CLLmrKDzC8g5EnnkjqTxPoP6VcuavGJk&dib_tag=se&keywords=platform+sandals+women&qid=1782386400&sr=8-1,https://m.media-amazon.com/images/I/81FRcaN2z8L._AC_UL320_.jpg,60,排名靠前；价格高于人民币等值¥288.00；标题包含 cloud，符合美国女鞋舒适化趋势；评分达到4.0以上。
2026-06-25,amazon_us,product,search,platform sandals women,11,Calvin Klein,¥107.35,4.6,Calvin Klein,,,,,,https://www.amazon.com/sspa/click?ie=UTF8&spc=MToyNTkzOTE3MjkxNDIwNjI4OjE3ODIzODY0MDA6c3Bfc2VhcmNoX3RoZW1hdGljOjo6MjpCMENRUFJQOVNYOnNlYXJjaA&url=%2FCalvin-Klein-Womens-CALUHA-Flip-Flop%2Fdp%2FB0CQPRP9SX%2Fref%3Dsxin_17_pa_sp_search_thematic_sspa%3Fcontent-id%3Damzn1.sym.20370b4c-979a-4a65-bc84-8b168f3df5c5%253Aamzn1.sym.20370b4c-979a-4a65-bc84-8b168f3df5c5%26cv_ct_cx%3Dplatform%2Bsandals%2Bwomen%26keywords%3Dplatform%2Bsandals%2Bwomen%26pd_rd_i%3DB0CQPRP9SX%26pd_rd_r%3D6cd9e074-6f30-49c3-b6ec-30224c3e18fe%26pd_rd_w%3Du2PT2%26pd_rd_wg%3DZlcKi%26pf_rd_p%3D20370b4c-979a-4a65-bc84-8b168f3df5c5%26pf_rd_r%3D1RFEGYM41RJ7WV3GEG3G%26qid%3D1782386400%26sbo%3D9ZOMT9Jm0JH%252Ft%252BWi68iDSA%253D%253D%26sr%3D1-3-543a432c-671c-4a3a-a15e-c8d9b2229043-spons%26sp_csd%3Dd2lkZ2V0TmFtZT1zcF9zZWFyY2hfdGhlbWF0aWM%26psc%3D1,https://m.media-amazon.com/images/I/51IkbELJzlL._AC_UL320_.jpg,60,排名进入前30；价格处于人民币等值¥57.60-¥180.00黄金区间；评分达到4.6以上。
2026-06-25,amazon_us,product,search,platform sandals women,17,Project Cloud,¥258.62,4.3,Project Cloud,,,,,,https://www.amazon.com/sspa/click?ie=UTF8&spc=MTo1NjI0MjkzOTEyNDg3MzcyOjE3ODIzODY0MDA6c3Bfc2VhcmNoX3RoZW1hdGljOjMwMTE2NTkyMjc0NDMwMjo6Mzo6&url=%2FProject-Cloud-Platform-Sandals-Women%2Fdp%2FB0FWWDLGSF%2Fref%3Dsxin_19_pa_sp_search_thematic_sspa%3Fcontent-id%3Damzn1.sym.44acafb9-9a42-418c-a96e-4e3ed427e46e%253Aamzn1.sym.44acafb9-9a42-418c-a96e-4e3ed427e46e%26cv_ct_cx%3Dplatform%2Bsandals%2Bwomen%26keywords%3Dplatform%2Bsandals%2Bwomen%26pd_rd_i%3DB0FWWDLGSF%26pd_rd_r%3D6cd9e074-6f30-49c3-b6ec-30224c3e18fe%26pd_rd_w%3DOgv6M%26pd_rd_wg%3DZlcKi%26pf_rd_p%3D44acafb9-9a42-418c-a96e-4e3ed427e46e%26pf_rd_r%3D1RFEGYM41RJ7WV3GEG3G%26qid%3D1782386400%26sbo%3D9ZOMT9Jm0JH%252Ft%252BWi68iDSA%253D%253D%26sr%3D1-4-4a82bf2c-99de-49d4-8c6e-1b9c06d4b176-spons%26aref%3DxvLFAdiIXT%26sp_csd%3Dd2lkZ2V0TmFtZT1zcF9zZWFyY2hfdGhlbWF0aWM%26psc%3D1&aref=xvLFAdiIXT,https://m.media-amazon.com/images/I/81s0zvx8ieL._AC_UL320_.jpg,60,排名进入前30；价格处于人民币等值¥180.00-¥288.00区间；标题包含 cloud，符合美国女鞋舒适化趋势；评分达到4.3以上。
2026-06-25,amazon_us,product,search,women slides,7,Crocs,¥215.93,4.0,Crocs,,,,,,https://www.amazon.com/sspa/click?ie=UTF8&spc=MTo0MzEwNTg0MDY5MDMxNzM6MTc4MjM4NjQwMDpzcF9zZWFyY2hfdGhlbWF0aWM6MzAxMTk0MzIwNDgxMzAyOjoxOjo&url=%2FCrocs-Classic-Saturday-Slides-Medium%2Fdp%2FB0F9X9V5BB%2Fref%3Dsxin_19_pa_sp_search_thematic_sspa%3Fcontent-id%3Damzn1.sym.71e21d01-9c92-451d-b99d-ee0a33f40110%253Aamzn1.sym.71e21d01-9c92-451d-b99d-ee0a33f40110%26cv_ct_cx%3Dwomen%2Bslides%26keywords%3Dwomen%2Bslides%26pd_rd_i%3DB0F9X9V5BB%26pd_rd_r%3Ddd57d219-efce-49d1-b53d-a681ebc9e5d3%26pd_rd_w%3D0XTBh%26pd_rd_wg%3DCLaSO%26pf_rd_p%3D71e21d01-9c92-451d-b99d-ee0a33f40110%26pf_rd_r%3DC6K9QCJ74HV1D3XMQBDG%26qid%3D1782386399%26sbo%3DRZvfv%252F%252FHxDF%252BO5021pAnSA%253D%253D%26sr%3D1-2-2c727eeb-987f-452f-86bd-c2978cc9d8b9-spons%26aref%3DCZv72hT8P3%26sp_csd%3Dd2lkZ2V0TmFtZT1zcF9zZWFyY2hfdGhlbWF0aWM%26psc%3D1&aref=CZv72hT8P3,https://m.media-amazon.com/images/I/71h9UUNnTcL._AC_UL320_.jpg,59,排名靠前；价格处于人民币等值¥180.00-¥288.00区间；评分达到4.0以上。
2026-06-25,amazon_us,product,search,platform sandals women,8,CUSHIONAIRE,¥273.46,4.2,CUSHIONAIRE,,,,,,https://www.amazon.com/CUSHIONAIRE-Womens-Melissa-Espadrille-Sandal/dp/B07S758RTR/ref=sr_1_2?dib=eyJ2IjoiMSJ9.69twT_3puw6XYRjA92eE7MPyHb91r8aX5FFdCUfKKias0iaehEbV_rn_-0UEdNb3d8-j7uqVV4c1OAPwVu_zsm3fJxFJZmnY6yw6t54Nx4Z7uw7zi-0UeagJdoML_Gb_yqCN-Hg3Dy1iMxsBbvuImbBkogCNK31-6MGZbjlPxmdnPP7i6f-vzq95p1f548gWcUKkT-ZcfPWKMdiCpiBJ2o2vhparMcPjjOrA4lJlL-rYZHYyslODbkycFO8sryapnizF9Di4vsGOb5xJURx7DTr8phws7ytEqt8u7xRWqxw.6qcSPGtj9d7CLLmrKDzC8g5EnnkjqTxPoP6VcuavGJk&dib_tag=se&keywords=platform+sandals+women&qid=1782386400&sr=8-2,https://m.media-amazon.com/images/I/81ZJ-NyvHwL._AC_UL320_.jpg,59,排名靠前；价格处于人民币等值¥180.00-¥288.00区间；评分达到4.0以上。
2026-06-25,amazon_us,product,new_releases,New Releases Women Sandals,2,"CUSHIONAIRE Siesta Modern Lattice Ballet Flats for Women, Comfortable Slip On Pointed Toe Womens Jelly Shoes",,4.4,$37.98,,,,,,https://www.amazon.com/CUSHIONAIRE-Siesta-Lattice-Comfortable-Pointed/dp/B0GYQ3JK18/ref=zg_bsnr_g_679425011_d_sccl_2/137-3815378-3621952?psc=1,"https://images-na.ssl-images-amazon.com/images/I/81aIqaR3TYL._AC_UL600_SR600,400_.jpg",58,排名靠前；标题包含 comfort，符合美国女鞋舒适化趋势；评分达到4.3以上。
2026-06-25,amazon_us,product,new_releases,New Releases Women Sandals,4,"CUSHIONAIRE Lab Jelly Flats for Women, Closed Toe Slip On Lightweight Womens Mules with Woven Design and Cushioned Comfort",,4.3,$33.23,,,,,,https://www.amazon.com/CUSHIONAIRE-Lightweight-Cushioned-Comfort-CHOCOLATE/dp/B0GXLQJB8T/ref=zg_bsnr_g_679425011_d_sccl_4/137-3815378-3621952?psc=1,"https://images-na.ssl-images-amazon.com/images/I/81yCFR3A49L._AC_UL600_SR600,400_.jpg",58,排名靠前；标题包含 comfort，符合美国女鞋舒适化趋势；评分达到4.3以上。
2026-06-25,amazon_us,product,new_releases,New Releases Women Sandals,9,Glamnest Women's Kitten Heel Sandals Square Open Toe Slip On Flip Flop Heels Comfortable 2 Inch Heeled Sandals Thong Party Dress Summer Travel Wedding,,4.2,$25.59,,,,,,https://www.amazon.com/Glamnest-Womens-Kitten-Comfortable-Wedding/dp/B0GLZ4Q81C/ref=zg_bsnr_g_679425011_d_sccl_9/137-3815378-3621952?psc=1,"https://images-na.ssl-images-amazon.com/images/I/61TP1DPnvlL._AC_UL600_SR600,400_.jpg",58,排名靠前；标题包含 comfort、summer，符合美国女鞋舒适化趋势；评分达到4.0以上。
2026-06-25,amazon_us,product,search,women summer slippers,5,isotoner womens Indoor/Outdoor Clara Embroidered Microsuede Clog Slippers With Memory Foam Comfort isotoner womens Indoor/Outdoor Clara Embro…,,4.4,,,,,,,https://aax-us-east-retail-direct.amazon.com/x/c/JHPMDPpLxW_iEdQpQs2dTCcAAAGe_oIZXAEAAAH2AQBvbm9fdHhuX2JpZDUgICBvbm9fdHhuX2ltcDEgICCxdMim/clv1c_ek-YBIXWarbWXT1XZ_v_Sd5aokuZ0nDJMH128yPA2lrhIt7q4po2TnYkcoTC9G9faVkyVNP9DIeOOj6AlJLzpbRi_Z3okgz1DntvRSEm2E4mj1DjKbWSezDBw7lxrgb5h4gjjhqjbC2zbvWSPbpvfLKqo-vUFlfrpgRw259KrIaWUHMp9pCLZNb9nCbNTR-WDXmiSHnBeq8otaR7fs7E5l6pnP8VxO0VP8qUaGnTZ1UZNLepZgOnuQSZofI898VmVoNopagtLYgWCm09sJ33yaWKSBUhg_ou5Cf0jO-U4K4Ui6KhbrSgyhkwkomN4vwmEyHE39qL1RASrfsnv34AVLamBLKcjzr2ReD6As1NMkO7ySL4JDW6OKF6-1jDFkQTLO9ZYwybtlAftkgnwS3RXeLppJiBnpJV6euT__LKOjgnhPjVvjMGGN9mgsnODBzUF3ewDS_KtnfuHy9MPRa8TcRJOS1SvBJy5lNXyaW8w98Ctar6Ujc--roJltpmmWuvFCxvsWd6Lb7MOs3O05uSPnov0X8XtV3pDEbifpuz8fudm91vdRyej2Ek8mMHYIN_uYKOHc9uEK-BYwbEJE-heFscZPRp2-cjrLxqMv4wu5kR2X5DswzTUma6Du_IJjBItNRCcHRaI198s12jBllpIA0v9-V0iE410As47mrddl-3gs9Yb-bNJS9ZEa-OrRB8IPO9hC3Dp0qjFJWurWNI8G7-ho0M50Y8llvn9WW97TUyWlyHECKb7x-wHpJpAFIeG8kZWUunPXe0DDnuCz6jhbsPD0CBHx1nb6EKIKt6v5gOnFbgqhp6s9WMfwvDXAgTgta1auQfVKbP-onIxkZLexMoDuVSbz9TyT6p4MiN88zmZtwjG1TXRQWX3oYmzAwwdsjuXHI_FfnPnQMxEu260gLhAOFF2YIoPVQvXXYNFjSZeIKaXio5vPRVzCGQ8Ozbmky_ypLs9ORT5NOw31hD90i9LsbLA-FDe_tQrZUAFlvknjOtYj2GZB0xBW6ueSKgG9UFXZ8CrpLVPWLyRSPbb74hOSNSnbGPlHeYxkiGqdsen9J6qZFiHkqhRBvy5ZoxHe0U5McIa1tYt3bGJ-hgcVKBL1wjfVOkhvDYnl0N2B__gZNkdYAsH5I9ROmV2Ke6pSrKYhOtajltSqXl7KHGa3lNvsNiiqr7bG-HTzxzl71-h4mKE1Ug5cyg9bXvTz2y4xbGJBNsoNSRjcqz-8QCRaqFJ08_7xA20ecvGp_ISQR9MJ0Q5jjWybqh4UVP8ajtvHm_xIIsC06UPqSqBP46gPtYZQWR-41k_T_Fsra-TsFewNnhFiq0I88DqzxT8TGmbhYGCFYwbGFRi2wKbLsVcVXeRIZBVSIe9xAiiAFKOKUWKWeJU0mbbkptMkydB55ERIREuCo15uSDNtiaL4AUjpLn-pYRhMTsvuX6H-cBlGZUunNe6AFj2WdToKEiOxdGs4fwkwOhnf0KxHbs-uF5pUZLRElB9l-pb5KpKRHLmtYhIrXI-9IodM3sL301x-7rcZw2BQGaIeQZZjZ-YQx_Dq9oQJ2QkcMHy-p-KHUlgIV4lzEHBJzpvnjPlOO7BuM4jD_3V6AEueHJo12l5Nxwcf2stn1l5KZv2IP8ZP12MKswmUB1sVzz4ye6Ep7H3PxvXSb9_XcnoVkbvw/https://www.amazon.com/gp/aw/d/B0DCK9LC3P/?_encoding=UTF8&pd_rd_plhdr=t&aaxitk=81ced092aab88a54df06768c1c8263cc&hsa_cr_id=0&qid=1782386399&sr=1-5-9e67e56a-6f64-441f-a281-df67fc737124&ref_=sbx_s_sparkle_sbtcd_asin_4_bkgd&pd_rd_w=5fRSy&content-id=amzn1.sym.2fb72bc8-96ef-420d-b08f-c04b69f36507%3Aamzn1.sym.2fb72bc8-96ef-420d-b08f-c04b69f36507&pf_rd_p=2fb72bc8-96ef-420d-b08f-c04b69f36507&pf_rd_r=M0QRZZHRTYME1FGRDSYY&pd_rd_wg=WkWeG&pd_rd_r=353da73a-a352-4a70-9ab8-cbaaacaf4cf1,"https://m.media-amazon.com/images/I/61b4x43IpLL._AC_SR160,134_CB1169409_QL70_.jpg",58,排名靠前；标题包含 comfort，符合美国女鞋舒适化趋势；评分达到4.3以上。
2026-06-25,amazon_us,product,best_sellers,Best Sellers Women Sandals,22,KuaiLu Womens Arch Support Flip Flops Comfortable Yoga Mat Slip on Summer Beach Walking Thong Cushion Sandals,,4.2,$13.28,,,,,,https://www.amazon.com/KuaiLu-Support-Comfortable-Cushion-Walking/dp/B08GKGCH2R/ref=zg_bs_g_679425011_d_sccl_22/144-1062484-0454632?psc=1,"https://images-na.ssl-images-amazon.com/images/I/81-DUybjK+L._AC_UL600_SR600,400_.jpg",57,排名进入前30；标题包含 comfort、arch support、beach、summer，符合美国女鞋舒适化趋势；评分达到4.0以上。
2026-06-25,amazon_us,product,new_releases,New Releases Women Sandals,13,"MOAILAOZI Women's Dressy Flat Sandals, Slip On Slide With Comfortable Memory Foam Support, Summer Beach Slide",,5.0,$15.99,,,,,,https://www.amazon.com/MOAILAOZI-Womens-Sandals-Comfortable-Support/dp/B0GV4HGLFN/ref=zg_bsnr_g_679425011_d_sccl_13/137-3815378-3621952?psc=1,"https://images-na.ssl-images-amazon.com/images/I/61kWHIxAOYL._AC_UL600_SR600,400_.jpg",57,排名进入前30；标题包含 comfort、beach、summer，符合美国女鞋舒适化趋势；评分达到4.6以上。
2026-06-25,amazon_us,product,search,women summer slippers,11,shevalues,¥90.72,4.3,shevalues,,,,,,https://www.amazon.com/sspa/click?ie=UTF8&spc=MTo3NzQzMTQ1MTQ5MTAzNjI3OjE3ODIzODYzOTk6c3Bfc2VhcmNoX3RoZW1hdGljOjo6MzpCMDc0SEJDMUJSOnNlYXJjaA&url=%2FShevalues-Womens-Indoor-Slippers-Cotton%2Fdp%2FB074HBC1BR%2Fref%3Dsxin_17_pa_sp_search_thematic_sspa%3Fcontent-id%3Damzn1.sym.20370b4c-979a-4a65-bc84-8b168f3df5c5%253Aamzn1.sym.20370b4c-979a-4a65-bc84-8b168f3df5c5%26cv_ct_cx%3Dwomen%2Bsummer%2Bslippers%26keywords%3Dwomen%2Bsummer%2Bslippers%26pd_rd_i%3DB074HBC1BR%26pd_rd_r%3Da06887f5-5840-4b39-af1c-ee6966172914%26pd_rd_w%3DtEcG0%26pd_rd_wg%3DqyqVY%26pf_rd_p%3D20370b4c-979a-4a65-bc84-8b168f3df5c5%26pf_rd_r%3DM0QRZZHRTYME1FGRDSYY%26qid%3D1782386399%26sbo%3D9ZOMT9Jm0JH%252Ft%252BWi68iDSA%253D%253D%26sr%3D1-4-543a432c-671c-4a3a-a15e-c8d9b2229043-spons%26sp_csd%3Dd2lkZ2V0TmFtZT1zcF9zZWFyY2hfdGhlbWF0aWM%26psc%3D1,https://m.media-amazon.com/images/I/71JYzlHXkPL._AC_UL320_.jpg,57,排名进入前30；价格处于人民币等值¥57.60-¥180.00黄金区间；评分达到4.3以上。
2026-06-25,amazon_us,product,search,women summer slippers,17,Litfun,¥123.05,4.5,Litfun,,,,,,https://www.amazon.com/Litfun-Orthopedic-Slippers-Support-Corduroy/dp/B0FH4NQLCJ/ref=sr_1_3?dib=eyJ2IjoiMSJ9.edQbWdZgRC57j1GkLLh3yg_5pR05vUY5G0-dACSTUcEb7hq8na7bMFX_sswoiB6zjgNmsyvQaikX_iQ42JKmgMotwLV6jde_eRUDAN0Gq8VRWyLRAXxFq0nruCwry6yURSO0XDGBCyB4s3KU2GFsBwTXPr5vl46JHPZ7DzX6BO5_kNBjFpRk26tg8U7-ChjfZFaMtcjkptff4-bW5B9J0J7oaQtsoC8gxBtNlhPDeyrSEL-qCE2Ygzwgi5GFYdhaDQoyb1aFICIxh6aVJnjI69XGpnMA81ZIOFYnWGdbJHU.EfKxodipE2G1lffsONm4iRUwyz9FEyGQN_zcu5EtCrQ&dib_tag=se&keywords=women+summer+slippers&qid=1782386399&sr=8-3,https://m.media-amazon.com/images/I/71YnbijMiKL._AC_UL320_.jpg,57,排名进入前30；价格处于人民币等值¥57.60-¥180.00黄金区间；评分达到4.3以上。
2026-06-25,amazon_us,product,search,women summer slippers,18,Evshine,¥68.33,4.4,Evshine,,,,,,https://www.amazon.com/Evshine-Summer-Slippers-Corduroy-Bedroom/dp/B0CSN39WDS/ref=sr_1_4?dib=eyJ2IjoiMSJ9.edQbWdZgRC57j1GkLLh3yg_5pR05vUY5G0-dACSTUcEb7hq8na7bMFX_sswoiB6zjgNmsyvQaikX_iQ42JKmgMotwLV6jde_eRUDAN0Gq8VRWyLRAXxFq0nruCwry6yURSO0XDGBCyB4s3KU2GFsBwTXPr5vl46JHPZ7DzX6BO5_kNBjFpRk26tg8U7-ChjfZFaMtcjkptff4-bW5B9J0J7oaQtsoC8gxBtNlhPDeyrSEL-qCE2Ygzwgi5GFYdhaDQoyb1aFICIxh6aVJnjI69XGpnMA81ZIOFYnWGdbJHU.EfKxodipE2G1lffsONm4iRUwyz9FEyGQN_zcu5EtCrQ&dib_tag=se&keywords=women+summer+slippers&qid=1782386399&sr=8-4,https://m.media-amazon.com/images/I/71SaoMUrpoL._AC_UL320_.jpg,57,排名进入前30；价格处于人民币等值¥57.60-¥180.00黄金区间；评分达到4.3以上。
2026-06-25,amazon_us,product,search,women summer slippers,21,EverFoams,¥136.66,4.5,EverFoams,,,,,,https://www.amazon.com/EverFoams-Womens-Slippers-Memory-Outdoor/dp/B0CLGNYKFR/ref=sr_1_7?dib=eyJ2IjoiMSJ9.edQbWdZgRC57j1GkLLh3yg_5pR05vUY5G0-dACSTUcEb7hq8na7bMFX_sswoiB6zjgNmsyvQaikX_iQ42JKmgMotwLV6jde_eRUDAN0Gq8VRWyLRAXxFq0nruCwry6yURSO0XDGBCyB4s3KU2GFsBwTXPr5vl46JHPZ7DzX6BO5_kNBjFpRk26tg8U7-ChjfZFaMtcjkptff4-bW5B9J0J7oaQtsoC8gxBtNlhPDeyrSEL-qCE2Ygzwgi5GFYdhaDQoyb1aFICIxh6aVJnjI69XGpnMA81ZIOFYnWGdbJHU.EfKxodipE2G1lffsONm4iRUwyz9FEyGQN_zcu5EtCrQ&dib_tag=se&keywords=women+summer+slippers&qid=1782386399&sr=8-7,https://m.media-amazon.com/images/I/81rGYT3pkaL._AC_UL320_.jpg,57,排名进入前30；价格处于人民币等值¥57.60-¥180.00黄金区间；评分达到4.3以上。
2026-06-25,amazon_us,product,search,women summer slippers,24,HomeTop,¥122.33,4.4,HomeTop,,,,,,https://www.amazon.com/Womens-Comfort-Cotton-Slippers-Anti-Skid/dp/B07J5QBSWK/ref=sr_1_10?dib=eyJ2IjoiMSJ9.edQbWdZgRC57j1GkLLh3yg_5pR05vUY5G0-dACSTUcEb7hq8na7bMFX_sswoiB6zjgNmsyvQaikX_iQ42JKmgMotwLV6jde_eRUDAN0Gq8VRWyLRAXxFq0nruCwry6yURSO0XDGBCyB4s3KU2GFsBwTXPr5vl46JHPZ7DzX6BO5_kNBjFpRk26tg8U7-ChjfZFaMtcjkptff4-bW5B9J0J7oaQtsoC8gxBtNlhPDeyrSEL-qCE2Ygzwgi5GFYdhaDQoyb1aFICIxh6aVJnjI69XGpnMA81ZIOFYnWGdbJHU.EfKxodipE2G1lffsONm4iRUwyz9FEyGQN_zcu5EtCrQ&dib_tag=se&keywords=women+summer+slippers&qid=1782386399&sr=8-10,https://m.media-amazon.com/images/I/71h+wvVaLcL._AC_UL320_.jpg,57,排名进入前30；价格处于人民币等值¥57.60-¥180.00黄金区间；评分达到4.3以上。
2026-06-25,amazon_us,product,search,women summer slippers,25,LongBay,¥108.86,4.5,LongBay,,,,,,https://www.amazon.com/LongBay-Slippers-Memory-Bedroom-Dual-Strap/dp/B0DP277YRM/ref=sr_1_11?dib=eyJ2IjoiMSJ9.edQbWdZgRC57j1GkLLh3yg_5pR05vUY5G0-dACSTUcEb7hq8na7bMFX_sswoiB6zjgNmsyvQaikX_iQ42JKmgMotwLV6jde_eRUDAN0Gq8VRWyLRAXxFq0nruCwry6yURSO0XDGBCyB4s3KU2GFsBwTXPr5vl46JHPZ7DzX6BO5_kNBjFpRk26tg8U7-ChjfZFaMtcjkptff4-bW5B9J0J7oaQtsoC8gxBtNlhPDeyrSEL-qCE2Ygzwgi5GFYdhaDQoyb1aFICIxh6aVJnjI69XGpnMA81ZIOFYnWGdbJHU.EfKxodipE2G1lffsONm4iRUwyz9FEyGQN_zcu5EtCrQ&dib_tag=se&keywords=women+summer+slippers&qid=1782386399&sr=8-11,https://m.media-amazon.com/images/I/71BlGXBbl-L._AC_UL320_.jpg,57,排名进入前30；价格处于人民币等值¥57.60-¥180.00黄金区间；评分达到4.3以上。
2026-06-25,amazon_us,product,search,women summer slippers,26,KuaiLu,¥95.69,4.3,KuaiLu,,,,,,https://www.amazon.com/KuaiLu-Support-Comfortable-Walking-Sandals/dp/B0C5ZZ51RT/ref=sr_1_12?dib=eyJ2IjoiMSJ9.edQbWdZgRC57j1GkLLh3yg_5pR05vUY5G0-dACSTUcEb7hq8na7bMFX_sswoiB6zjgNmsyvQaikX_iQ42JKmgMotwLV6jde_eRUDAN0Gq8VRWyLRAXxFq0nruCwry6yURSO0XDGBCyB4s3KU2GFsBwTXPr5vl46JHPZ7DzX6BO5_kNBjFpRk26tg8U7-ChjfZFaMtcjkptff4-bW5B9J0J7oaQtsoC8gxBtNlhPDeyrSEL-qCE2Ygzwgi5GFYdhaDQoyb1aFICIxh6aVJnjI69XGpnMA81ZIOFYnWGdbJHU.EfKxodipE2G1lffsONm4iRUwyz9FEyGQN_zcu5EtCrQ&dib_tag=se&keywords=women+summer+slippers&qid=1782386399&sr=8-12,https://m.media-amazon.com/images/I/710PdcSAm6L._AC_UL320_.jpg,57,排名进入前30；价格处于人民币等值¥57.60-¥180.00黄金区间；评分达到4.3以上。
2026-06-25,amazon_us,product,search,women summer slippers,28,IPSAE,¥64.87,4.4,IPSAE,,,,,,https://www.amazon.com/IPSAE-Slippers-Corduroy-Slipper-Bedroom/dp/B0DB4W73J3/ref=sr_1_14?dib=eyJ2IjoiMSJ9.edQbWdZgRC57j1GkLLh3yg_5pR05vUY5G0-dACSTUcEb7hq8na7bMFX_sswoiB6zjgNmsyvQaikX_iQ42JKmgMotwLV6jde_eRUDAN0Gq8VRWyLRAXxFq0nruCwry6yURSO0XDGBCyB4s3KU2GFsBwTXPr5vl46JHPZ7DzX6BO5_kNBjFpRk26tg8U7-ChjfZFaMtcjkptff4-bW5B9J0J7oaQtsoC8gxBtNlhPDeyrSEL-qCE2Ygzwgi5GFYdhaDQoyb1aFICIxh6aVJnjI69XGpnMA81ZIOFYnWGdbJHU.EfKxodipE2G1lffsONm4iRUwyz9FEyGQN_zcu5EtCrQ&dib_tag=se&keywords=women+summer+slippers&qid=1782386399&sr=8-14,https://m.media-amazon.com/images/I/71GcxKVQLUL._AC_UL320_.jpg,57,排名进入前30；价格处于人民币等值¥57.60-¥180.00黄金区间；评分达到4.3以上。
2026-06-25,amazon_us,product,search,women summer slippers,29,shevalues,¥129.74,4.3,shevalues,,,,,,https://www.amazon.com/shevalues-Summer-Slippers-Support-Breathable/dp/B0BK8PN8CL/ref=sr_1_15?dib=eyJ2IjoiMSJ9.edQbWdZgRC57j1GkLLh3yg_5pR05vUY5G0-dACSTUcEb7hq8na7bMFX_sswoiB6zjgNmsyvQaikX_iQ42JKmgMotwLV6jde_eRUDAN0Gq8VRWyLRAXxFq0nruCwry6yURSO0XDGBCyB4s3KU2GFsBwTXPr5vl46JHPZ7DzX6BO5_kNBjFpRk26tg8U7-ChjfZFaMtcjkptff4-bW5B9J0J7oaQtsoC8gxBtNlhPDeyrSEL-qCE2Ygzwgi5GFYdhaDQoyb1aFICIxh6aVJnjI69XGpnMA81ZIOFYnWGdbJHU.EfKxodipE2G1lffsONm4iRUwyz9FEyGQN_zcu5EtCrQ&dib_tag=se&keywords=women+summer+slippers&qid=1782386399&sr=8-15,https://m.media-amazon.com/images/I/71wQ2tOj0+L._AC_UL320_.jpg,57,排名进入前30；价格处于人民币等值¥57.60-¥180.00黄金区间；评分达到4.3以上。
2026-06-25,amazon_us,product,search,women slides,9,CUSHIONAIRE,¥51.70,4.4,CUSHIONAIRE,,,,,,https://www.amazon.com/sspa/click?ie=UTF8&spc=MTo0MzEwNTg0MDY5MDMxNzM6MTc4MjM4NjQwMDpzcF9zZWFyY2hfdGhlbWF0aWM6MzAwNjU3NjkzMzA3ODAyOjozOjo&url=%2FCushionaire-Womens-Feather-recovery-Comfort%2Fdp%2FB094T7X4TF%2Fref%3Dsxin_19_pa_sp_search_thematic_sspa%3Fcontent-id%3Damzn1.sym.71e21d01-9c92-451d-b99d-ee0a33f40110%253Aamzn1.sym.71e21d01-9c92-451d-b99d-ee0a33f40110%26cv_ct_cx%3Dwomen%2Bslides%26keywords%3Dwomen%2Bslides%26pd_rd_i%3DB094T7X4TF%26pd_rd_r%3Ddd57d219-efce-49d1-b53d-a681ebc9e5d3%26pd_rd_w%3D0XTBh%26pd_rd_wg%3DCLaSO%26pf_rd_p%3D71e21d01-9c92-451d-b99d-ee0a33f40110%26pf_rd_r%3DC6K9QCJ74HV1D3XMQBDG%26qid%3D1782386399%26sbo%3DRZvfv%252F%252FHxDF%252BO5021pAnSA%253D%253D%26sr%3D1-4-2c727eeb-987f-452f-86bd-c2978cc9d8b9-spons%26aref%3DIT6s8LrRdP%26sp_csd%3Dd2lkZ2V0TmFtZT1zcF9zZWFyY2hfdGhlbWF0aWM%26psc%3D1&aref=IT6s8LrRdP,https://m.media-amazon.com/images/I/71wn2rr8uVL._AC_UL320_.jpg,57,排名靠前；价格低于人民币等值¥57.60；评分达到4.3以上。
2026-06-25,amazon_us,product,search,women slides,17,LongBay Slippers for Women Memory Foam Open Toe Slide Indoor House Shoes Slip On Bedroom Comfy Gift LongBay Slippers for Women Memory Foam Open Toe Slide Indoor House Shoes Slip On Bedroom Comfy Gift,¥108.86,4.5,4.5,,,,,,https://aax-us-east-retail-direct.amazon.com/x/c/JIZ5gavH2b1U6bREDqxYZugAAAGe_oIbvAEAAAH2AQBvbm9fdHhuX2JpZDEgICBvbm9fdHhuX2ltcDEgICD0NBY9/clv1c_ek-wBPfXPbTZnk85dIf4oI467dMVu4or-o5JXkDrPj1Oxz2LYG1XshC9Nwfle8o6hBL3felJJOaNhmkNlN3wffgriWGUOdheuXtxMRb-GtQRihaSHgn7ze316oFkZ964Vl978qQpIuirMiW7nqNvrwBaoM8cFle8UMX-1jdijMYdXidOT-mtTOlmxw_M7rGtaNfenmGTn0RO3drog-jga8izVn8eJoTO1snUxJtdswrMtn5di5BY0pKIVXqp-MtWMctj7CybUxTvVRJ0hIHAUAuCAWZzt77S5YPkLSE5rKb42O27S0MajT5vRsye-wTQHB0a0MYNjh1URgrRn20CSwFk4bGdg0ioTywM4Hcvdun9NrUk7VzSnRY_QSAXMzKUg06MyV-W-BHVbV1bU4BRsKp0ryK-Unz8oZRn36EjhKXMCD_K9SIaampCn5GJpjRRiuYbilqE6IZydiuLF_k6b4-AgmKy9ZYJpCHGKRR2DZdAVwQXbRDQpVinCRGsMU3oEGhqhJsWt9psR2aELDumZcM0n0EbclmHsXNH-po_t7idpNJQq8sgqXaXIcjVNMW4BEzOW1K9VieDrpO0pN_EXj7-QJnZDbxyQAZoluGgsH-C3gFkj2eP-qxWLsYy0wt-4x1DUZ9ga2dpKeD5DZQpmMbqFWiSrXZroUV3ScL75Yr4VVWMPfjbVzQPqptMhgoZ_5tuOfvDnXx8Opz6WRTmd_P49ah4xoIHOdyIcYYQ_ym9ezKvZvs2W4dkCNeVkiCf43dkOXP05bfSKZzvQ7wTHy-eShXajBoEw5Sx1tYcIWx_-v9kiXGafC_kkbmIOCjf9ysXBcq__0gKjMxzkh9ygWSpo0xtTOj1IbW0G4MdK_CAafDK3SxouX0nxBDu8ZRycEgJ_1ppuv43zsazsfySfpt-V6a-jquZb6g4XsJOJz5_aw13TzCGkBZFP6VMr90FocO9cTz6nCsD8MZnwAI6a-6V0U0l2DDZHSduUcqlEt7HL5bLDtby_P0YH6foJZicQgiOmwOA-MecuNoSqAOPPUJukUjxe-LrZnML-HzI7OIZgOzykLkDky7BFDnFj3M3coxM-PUAmrPvm_FwngYfnTlh2NJkdDqjrIxBExXSEvmCKZxg8BZDDw2swS5OCxBYle_uX9VS7DLPDFZ-0VZ8GHBTJmqZGZzIdXL7W4JE9Om-L5SP6toRsApKIBfAVZXeDJm44WVkfblQcVpIJ7XmvgBIbi8xgQSgF7y0QjYwp6iZQZs8xMDEImzGZW6A3bICuxiDLS9f9DEiwDpJx68MuziyhoF4KRuX2D61wrzHnJo5yR1Psv69MMulZdpthwwI8BGo4lq8UuvaW3mTzVVx1ZwrDbXY1FWIfFwXT0G9pK3gX1uRidJWfa7mY7jnk0c_72x_ao-mbPT9_IUSO7ZsN_QxPq36XhjBHy3QrYPpx0EWOMjLkzE9P9CA52mvXjY34qsgAcHYMj-kQeHSqTMXvJ05lYXygfJo3rLNBNn-gbzXv6KZST-1Uothodl-ExHqp6iT-6TuLFKnwR55XuNCjcULVYguPrGbI589GLbYu1YSNp3HPCVGROWCHAA1KMlNEINx6Hn1xur8--qMv-DIWOzzvotmWvy1WPfIgY1yOi-IdhH_KZ40JXG9bs3rydDqxfxSnYreq2QEYPdlDG0EnjK86IfOtHFuPV-J/https://www.amazon.com/gp/aw/d/B0DP277YRM/?_encoding=UTF8&pd_rd_plhdr=t&aaxitk=c035c6df3bfb0a6da52aa7c1abe210ea&hsa_cr_id=0&qid=1782386399&sr=1-1-f02f01d6-adaf-4bef-9a7c-29308eff9043&ref_=sbx__sbtcd2_asin_0_bkgd&pd_rd_w=igOuE&content-id=amzn1.sym.5159d9cb-0665-4a83-8f64-8881eaba312a%3Aamzn1.sym.5159d9cb-0665-4a83-8f64-8881eaba312a&pf_rd_p=5159d9cb-0665-4a83-8f64-8881eaba312a&pf_rd_r=C6K9QCJ74HV1D3XMQBDG&pd_rd_wg=CLaSO&pd_rd_r=dd57d219-efce-49d1-b53d-a681ebc9e5d3,"https://m.media-amazon.com/images/I/71BlGXBbl-L._AC_SR322,134_CB1169409_QL70_.jpg",57,排名进入前30；价格处于人民币等值¥57.60-¥180.00黄金区间；评分达到4.3以上。
2026-06-25,amazon_us,product,search,women slides,23,LongBay Slippers for Women Memory Foam Open Toe Slide Indoor House Shoes Slip On Bedroom Comfy Gift LongBay Slippers for Women Memory Foam Open Toe Slide Indoor House Shoes Slip On Bedroom Comfy Gift,¥162.36,4.5,4.5,,,,,,https://aax-us-east-retail-direct.amazon.com/x/c/JIZ5gavH2b1U6bREDqxYZugAAAGe_oIbvAEAAAH2AQBvbm9fdHhuX2JpZDEgICBvbm9fdHhuX2ltcDEgICD0NBY9/clv1c_ek-wBPfXPbTZnk85dIf4oI467dMVu4or-o5JXkDrPj1Oxz2LYG1XshC9Nwfle8o6hBL3felJJOaNhmkNlN3wffgriWGUOdheuXtxMRb-GtQRihaSHgn7ze316oFkZ964Vl978qQpIuirMiW7nqNvrwBaoM8cFle8UMX-1jdijMYdXidOT-mtTOlmxw_M7rGtaNfenmGTn0RO3drog-jga8izVn8eJoTO1snUxJtdswrMtn5di5BY0pKIVXqp-MtWMctj7CybUxTvVRJ0hIHAUAuCAWZzt77S5YPkLSE5rKb42O27S0MajT5vRsye-wTQHB0a0MYNjh1URgrRn20CSwFk4bGdg0ioTywM4Hcvdun9NrUk7VzSnRY_QSAXMzKUg06MyV-W-BHVbV1bU4BRsKp0ryK-Unz8oZRn36EjhKXMCD_K9SIaampCn5GJpjRRiuYbilqE6IZydiuLF_k6b4-AgmKy9ZYJpCHGKRR2DZdAVwQXbRDQpVinCRGsMU3oEGhqhJsWt9psR2aELDumZcM0n0EbclmHsXNH-po_t7idpNJQq8sgqXaXIcjVNMW4BEzOW1K9VieDrpO0pN_EXj7-QJnZDbxyQAZoluGgsH-C3gFkj2eP-qxWLsYy0wt-4x1DUZ9ga2dpKeD5DZQpmMbqFWiSrXZroUV3ScL75Yr4VVWMPfjbVzQPqptMhgoZ_5tuOfvDnXx8Opz6WRTmd_P49ah4xoIHOdyIcYYQ_ym9ezKvZvs2W4dkCNeVkiCf43dkOXP05bfSKZzvQ7wTHy-eShXajBoEw5Sx1tYcIWx_-v9kiXGafC_kkbmIOCjf9ysXBcq__0gKjMxzkh9ygWSpo0xtTOj1IbW0G4MdK_CAafDK3SxouX0nxBDu8ZRycEgJ_1ppuv43zsazsfySfpt-V6a-jquZb6g4XsJOJz5_aw13TzCGkBZFP6VMr90FocO9cTz6nCsD8MZnwAI6a-6V0U0l2DDZHSduUcqlEt7HL5bLDtby_P0YH6foJZicQgiOmwOA-MecuNoSqAOPPUJukUjxe-LrZnML-HzI7OIZgOzykLkDky7BFDnFj3M3coxM-PUAmrPvm_FwngYfnTlh2NJkdDqjrIxBExXSEvmCKZxg8BZDDw2swS5OCxBYle_uX9VS7DLPDFZ-0VZ8GHBTJmqZGZzIdXL7W4JE9Om-L5SP6toRsApKIBfAVZXeDJm44WVkfblQcVpIJ7XmvgBIbi8xgQSgF7y0QjYwp6iZQZs8xMDEImzGZW6A3bICuxiDLS9f9DEiwDpJx68MuziyhoF4KRuX2D61wrzHnJo5yR1Psv69MMulZdpthwwI8BGo4lq8UuvaW3mTzVVx1ZwrDbXY1FWIfFwXT0G9pK3gX1uRidJWfa7mY7jnk0c_72x_ao-mbPT9_IUSO7ZsN_QxPq36XhjBHy3QrYPpx0EWOMjLkzE9P9CA52mvXjY34qsgAcHYMj-kQeHSqTMXvJ05lYXygfJo3rLNBNn-gbzXv6KZST-1Uothodl-ExHqp6iT-6TuLFKnwR55XuNCjcULVYguPrGbI589GLbYu1YSNp3HPCVGROWCHAA1KMlNEINx6Hn1xur8--qMv-DIWOzzvotmWvy1WPfIgY1yOi-IdhH_KZ40JXG9bs3rydDqxfxSnYreq2QEYPdlDG0EnjK86IfOtHFuPV-J/https://www.amazon.com/gp/aw/d/B0GS4S8ML1/?_encoding=UTF8&pd_rd_plhdr=t&aaxitk=c035c6df3bfb0a6da52aa7c1abe210ea&hsa_cr_id=0&qid=1782386399&sr=1-7-f02f01d6-adaf-4bef-9a7c-29308eff9043&ref_=sbx__sbtcd2_asin_6_bkgd&pd_rd_w=igOuE&content-id=amzn1.sym.5159d9cb-0665-4a83-8f64-8881eaba312a%3Aamzn1.sym.5159d9cb-0665-4a83-8f64-8881eaba312a&pf_rd_p=5159d9cb-0665-4a83-8f64-8881eaba312a&pf_rd_r=C6K9QCJ74HV1D3XMQBDG&pd_rd_wg=CLaSO&pd_rd_r=dd57d219-efce-49d1-b53d-a681ebc9e5d3,"https://m.media-amazon.com/images/I/71nA8A9qHEL._AC_SR322,134_CB1169409_QL70_.jpg",57,排名进入前30；价格处于人民币等值¥57.60-¥180.00黄金区间；评分达到4.3以上。
2026-06-25,amazon_us,product,search,women slides,27,Comwarm,¥64.87,4.3,Comwarm,,,,,,https://www.amazon.com/Sandals-Lightweight-Bathroom-Non-Slip-Slippers/dp/B099DTRKSL/ref=sr_1_9?dib=eyJ2IjoiMSJ9._KS9xv2PSxs4p0s5tNQUoq4xU3qT-MHx3jd9FYCpnQSYIHh-rgG1K4MjD6UFye3zBwAcS9tNe1vcDUQbDd0WcxL3toWaV_z3HMXoz_NHSfIzVXl2mPRXv0HPSE28QkCAqPEIS3B10CInqljXn3qlLxzQV8b-wS2kmAOOSWcjNra63_x1vaHGu12mzmzQ5JWG4yZvYfYkWprcsC16s-veozyZ_g_K7kqFDaP2_ssTaZXJ1XMbnkDdpn-dTcb3OE29AoXzaeOR8mcUdT9lke82odCSKQUODYNn1l1Pk_B8sBQ.fWUWiiVBq3IkUO0oZPCVRbYUQzox1b7v2awGWoXyKJU&dib_tag=se&keywords=women+slides&qid=1782386399&sr=8-9,https://m.media-amazon.com/images/I/71uNAZpAhiL._AC_UL320_.jpg,57,排名进入前30；价格处于人民币等值¥57.60-¥180.00黄金区间；评分达到4.3以上。
2026-06-25,amazon_us,product,search,platform sandals women,13,Goosecret,¥122.98,4.5,Goosecret,,,,,,https://www.amazon.com/sspa/click?ie=UTF8&spc=MToyNTkzOTE3MjkxNDIwNjI4OjE3ODIzODY0MDA6c3Bfc2VhcmNoX3RoZW1hdGljOjo6NDpCMEJaN0syUjFTOnNlYXJjaA&url=%2FGoosecret-Platform-Comfortable-Lightweight-Adjustable%2Fdp%2FB0BZ7K2R1S%2Fref%3Dsxin_17_pa_sp_search_thematic_sspa%3Fcontent-id%3Damzn1.sym.20370b4c-979a-4a65-bc84-8b168f3df5c5%253Aamzn1.sym.20370b4c-979a-4a65-bc84-8b168f3df5c5%26cv_ct_cx%3Dplatform%2Bsandals%2Bwomen%26keywords%3Dplatform%2Bsandals%2Bwomen%26pd_rd_i%3DB0BZ7K2R1S%26pd_rd_r%3D6cd9e074-6f30-49c3-b6ec-30224c3e18fe%26pd_rd_w%3Du2PT2%26pd_rd_wg%3DZlcKi%26pf_rd_p%3D20370b4c-979a-4a65-bc84-8b168f3df5c5%26pf_rd_r%3D1RFEGYM41RJ7WV3GEG3G%26qid%3D1782386400%26sbo%3D9ZOMT9Jm0JH%252Ft%252BWi68iDSA%253D%253D%26sr%3D1-5-543a432c-671c-4a3a-a15e-c8d9b2229043-spons%26sp_csd%3Dd2lkZ2V0TmFtZT1zcF9zZWFyY2hfdGhlbWF0aWM%26psc%3D1,https://m.media-amazon.com/images/I/61HSQ2aKNuL._AC_UL320_.jpg,57,排名进入前30；价格处于人民币等值¥57.60-¥180.00黄金区间；评分达到4.3以上。
2026-06-25,amazon_us,product,best_sellers,Best Sellers Women Sandals,9,Clarks womens Breeze Sea,,4.7,$25.64,,,,,,https://www.amazon.com/Clarks-Womens-Breeze-Black-Synthetic/dp/B01FH9EEGE/ref=zg_bs_g_679425011_d_sccl_9/144-1062484-0454632?psc=1,"https://images-na.ssl-images-amazon.com/images/I/61f5Z2idq9L._AC_UL600_SR600,400_.jpg",55,排名靠前；评分达到4.6以上。
2026-06-25,amazon_us,product,new_releases,New Releases Women Sandals,24,"Platform Flip Flops for Women, Arch Support Cushion Thong Sandals, Thick Sole Pillow Slippers, Non-Slip Summer Beach Shoes",,3.6,$9.34,,,,,,https://www.amazon.com/Platform-Support-Cushion-Slippers-Non-Slip/dp/B0GV7GHK65/ref=zg_bsnr_g_679425011_d_sccl_24/137-3815378-3621952?psc=1,"https://images-na.ssl-images-amazon.com/images/I/41PxRsXU-fL._AC_UL600_SR600,400_.jpg",55,排名进入前30；标题包含 platform、arch support、beach、summer，符合美国女鞋舒适化趋势。
2026-06-25,amazon_us,product,search,women slides,6,Tory Burch,¥1440.00,4.5,Tory Burch,,,,,,https://www.amazon.com/sspa/click?ie=UTF8&spc=MTo0MzEwNTg0MDY5MDMxNzM6MTc4MjM4NjQwMDpzcF9zZWFyY2hfdGhlbWF0aWM6MzAwODY3MzQxNzQ3MjAyOjowOjo&url=%2FTory-Burch-Womens-Double-Slides%2Fdp%2FB0DWV44YXY%2Fref%3Dsxin_19_pa_sp_search_thematic_sspa%3Fcontent-id%3Damzn1.sym.71e21d01-9c92-451d-b99d-ee0a33f40110%253Aamzn1.sym.71e21d01-9c92-451d-b99d-ee0a33f40110%26cv_ct_cx%3Dwomen%2Bslides%26keywords%3Dwomen%2Bslides%26pd_rd_i%3DB0DWV44YXY%26pd_rd_r%3Ddd57d219-efce-49d1-b53d-a681ebc9e5d3%26pd_rd_w%3D0XTBh%26pd_rd_wg%3DCLaSO%26pf_rd_p%3D71e21d01-9c92-451d-b99d-ee0a33f40110%26pf_rd_r%3DC6K9QCJ74HV1D3XMQBDG%26qid%3D1782386399%26sbo%3DRZvfv%252F%252FHxDF%252BO5021pAnSA%253D%253D%26sr%3D1-1-2c727eeb-987f-452f-86bd-c2978cc9d8b9-spons%26aref%3D94YL8nm2Oy%26sp_csd%3Dd2lkZ2V0TmFtZT1zcF9zZWFyY2hfdGhlbWF0aWM%26psc%3D1&aref=94YL8nm2Oy,https://m.media-amazon.com/images/I/412SXMa6yAL._AC_UL320_.jpg,55,排名靠前；价格高于人民币等值¥288.00；评分达到4.3以上。
2026-06-25,amazon_us,product,search,women slides,8,Tory Burch,¥1080.00,4.3,Tory Burch,,,,,,https://www.amazon.com/sspa/click?ie=UTF8&spc=MTo0MzEwNTg0MDY5MDMxNzM6MTc4MjM4NjQwMDpzcF9zZWFyY2hfdGhlbWF0aWM6MzAxMjEyNjg0MzAzMTAyOjoyOjo&url=%2FTory-Burch-Womens-BUCKLE-Perfect%2Fdp%2FB0C7KJ3S4N%2Fref%3Dsxin_19_pa_sp_search_thematic_sspa%3Fcontent-id%3Damzn1.sym.71e21d01-9c92-451d-b99d-ee0a33f40110%253Aamzn1.sym.71e21d01-9c92-451d-b99d-ee0a33f40110%26cv_ct_cx%3Dwomen%2Bslides%26keywords%3Dwomen%2Bslides%26pd_rd_i%3DB0C7KJ3S4N%26pd_rd_r%3Ddd57d219-efce-49d1-b53d-a681ebc9e5d3%26pd_rd_w%3D0XTBh%26pd_rd_wg%3DCLaSO%26pf_rd_p%3D71e21d01-9c92-451d-b99d-ee0a33f40110%26pf_rd_r%3DC6K9QCJ74HV1D3XMQBDG%26qid%3D1782386399%26sbo%3DRZvfv%252F%252FHxDF%252BO5021pAnSA%253D%253D%26sr%3D1-3-2c727eeb-987f-452f-86bd-c2978cc9d8b9-spons%26aref%3DzV13MVOPlj%26sp_csd%3Dd2lkZ2V0TmFtZT1zcF9zZWFyY2hfdGhlbWF0aWM%26psc%3D1&aref=zV13MVOPlj,https://m.media-amazon.com/images/I/512lSFvPzbL._AC_UL320_.jpg,55,排名靠前；价格高于人民币等值¥288.00；评分达到4.3以上。
2026-06-25,amazon_us,product,search,women slides,30,Nike,¥241.92,4.6,Nike,,,,,,https://www.amazon.com/NIKE-Womens-Sneaker-Anthracite-Black/dp/B0818JZNJV/ref=sr_1_12?dib=eyJ2IjoiMSJ9._KS9xv2PSxs4p0s5tNQUoq4xU3qT-MHx3jd9FYCpnQSYIHh-rgG1K4MjD6UFye3zBwAcS9tNe1vcDUQbDd0WcxL3toWaV_z3HMXoz_NHSfIzVXl2mPRXv0HPSE28QkCAqPEIS3B10CInqljXn3qlLxzQV8b-wS2kmAOOSWcjNra63_x1vaHGu12mzmzQ5JWG4yZvYfYkWprcsC16s-veozyZ_g_K7kqFDaP2_ssTaZXJ1XMbnkDdpn-dTcb3OE29AoXzaeOR8mcUdT9lke82odCSKQUODYNn1l1Pk_B8sBQ.fWUWiiVBq3IkUO0oZPCVRbYUQzox1b7v2awGWoXyKJU&dib_tag=se&keywords=women+slides&qid=1782386399&sr=8-12,https://m.media-amazon.com/images/I/61fkw4GxrjL._AC_UL320_.jpg,55,排名进入前30；价格处于人民币等值¥180.00-¥288.00区间；评分达到4.6以上。
2026-06-25,amazon_us,product,search,platform sandals women,18,UBFEN,¥273.46,4.7,UBFEN,,,,,,https://www.amazon.com/sspa/click?ie=UTF8&spc=MTo1NjI0MjkzOTEyNDg3MzcyOjE3ODIzODY0MDA6c3Bfc2VhcmNoX3RoZW1hdGljOjMwMTMzNDgxMjM5MjgwMjo6NDo6&url=%2FUBFEN-Womens-Platform-Wedge-Sandals%2Fdp%2FB0H331HRLQ%2Fref%3Dsxin_19_pa_sp_search_thematic_sspa%3Fcontent-id%3Damzn1.sym.44acafb9-9a42-418c-a96e-4e3ed427e46e%253Aamzn1.sym.44acafb9-9a42-418c-a96e-4e3ed427e46e%26cv_ct_cx%3Dplatform%2Bsandals%2Bwomen%26keywords%3Dplatform%2Bsandals%2Bwomen%26pd_rd_i%3DB0H331HRLQ%26pd_rd_r%3D6cd9e074-6f30-49c3-b6ec-30224c3e18fe%26pd_rd_w%3DOgv6M%26pd_rd_wg%3DZlcKi%26pf_rd_p%3D44acafb9-9a42-418c-a96e-4e3ed427e46e%26pf_rd_r%3D1RFEGYM41RJ7WV3GEG3G%26qid%3D1782386400%26sbo%3D9ZOMT9Jm0JH%252Ft%252BWi68iDSA%253D%253D%26sr%3D1-5-4a82bf2c-99de-49d4-8c6e-1b9c06d4b176-spons%26aref%3D4A97hsu5Hp%26sp_csd%3Dd2lkZ2V0TmFtZT1zcF9zZWFyY2hfdGhlbWF0aWM%26psc%3D1&aref=4A97hsu5Hp,https://m.media-amazon.com/images/I/71Ibf14V4lL._AC_UL320_.jpg,55,排名进入前30；价格处于人民币等值¥180.00-¥288.00区间；评分达到4.6以上。
2026-06-25,amazon_us,product,best_sellers,Best Sellers Women Sandals,16,"FUNKYMONKEY Women's Comfort Slides with Arch Support, Non-Slip Lightweight Foam Slip-on Flat Beach Sandals with Adjustable Buckle for Vacation & Everyday Wear",,4.1,$15.19,,,,,,https://www.amazon.com/FUNKYMONKEY-Thick-sole-Adjustable-Waterproof-Platform/dp/B0CX8JWVQP/ref=zg_bs_g_679425011_d_sccl_16/144-1062484-0454632?psc=1,"https://images-na.ssl-images-amazon.com/images/I/61gRcMpyJjL._AC_UL600_SR600,400_.jpg",54,排名进入前30；标题包含 comfort、arch support、beach，符合美国女鞋舒适化趋势；评分达到4.0以上。
2026-06-25,amazon_us,product,best_sellers,Best Sellers Women Sandals,30,COFACE Womens Fashion Orthotic Flip Flops Ladies Slip On Lightweight Athletic Yoga Mat Cushion Thong Sandals With Comfortable Plantar Fasciitis Arch Support,,4.3,$23.09,,,,,,https://www.amazon.com/COFACE-Orthotic-Athletic-FlipFlops-Fasciitis/dp/B09ZKZW1LR/ref=zg_bs_g_679425011_d_sccl_30/144-1062484-0454632?psc=1,"https://images-na.ssl-images-amazon.com/images/I/71wrTj6AkpL._AC_UL600_SR600,400_.jpg",54,排名进入前30；标题包含 comfort、arch support，符合美国女鞋舒适化趋势；评分达到4.3以上。
2026-06-25,amazon_us,product,best_sellers,Best Sellers Women Sandals,40,"CUSHIONAIRE Feather EVA Slides for Women – Comfortable Slip On Womens Slippers, Indoor Outdoor Shower Shoes, Beach Essential Cloud Slides",,4.4,$23.00,,,,,,https://www.amazon.com/Cushionaire-Womens-Feather-recovery-Comfort/dp/B094TB7BQH/ref=zg_bs_g_679425011_d_sccl_40/137-3815378-3621952?psc=1,"https://images-na.ssl-images-amazon.com/images/I/817PhiYQjLL._AC_UL300_SR300,200_.jpg",54,排名进入前50；标题包含 cloud、comfort、beach，符合美国女鞋舒适化趋势；cloud + slides组合趋势加分；评分达到4.3以上。
2026-06-25,amazon_us,product,new_releases,New Releases Women Sandals,18,QIY Women's Flip Flops Flat Sandals Minimalist Knot Design Slip on Slide Sandals Comfortable Non Slip Summer Casual Thong Flats for Beach Vacation,,4.4,$27.99,,,,,,https://www.amazon.com/QIY-Lightweight-Sandals-Minimalist-Vacation/dp/B0GX17LXMW/ref=zg_bsnr_g_679425011_d_sccl_18/137-3815378-3621952?psc=1,"https://images-na.ssl-images-amazon.com/images/I/716pVHs663L._AC_UL600_SR600,400_.jpg",54,排名进入前30；标题包含 comfort、beach、summer，符合美国女鞋舒适化趋势；评分达到4.3以上。
2026-06-25,amazon_us,product,new_releases,New Releases Women Sandals,20,Uniwill Shower Shoes Women with Arch Support Non-Slip Flip Flop Sandals for Public Shower Bathroom Pool Beach Quick Dry with Drain Holes,,4.8,$11.11,,,,,,https://www.amazon.com/Uniwill-Support-Non-Slip-Sandals-Bathroom/dp/B0GY4471BY/ref=zg_bsnr_g_679425011_d_sccl_20/137-3815378-3621952?psc=1,"https://images-na.ssl-images-amazon.com/images/I/71SL6HBtLiL._AC_UL600_SR600,400_.jpg",54,排名进入前30；标题包含 arch support、beach，符合美国女鞋舒适化趋势；评分达到4.6以上。
2026-06-25,amazon_us,product,new_releases,New Releases Women Sandals,33,"CUSHIONAIRE Eden Footbed Sandals for Women, Comfortable Arch Support Womens Sandals with Platform, Slingback Strap and Memory Foam",,4.0,$37.98,,,,,,https://www.amazon.com/CUSHIONAIRE-Comfortable-Platform-Slingback-CHOCOLATE/dp/B0GXWQQJXY/ref=zg_bsnr_g_679425011_d_sccl_33/137-3815378-3621952?psc=1,"https://images-na.ssl-images-amazon.com/images/I/61bWnDq2UNL._AC_UL300_SR300,200_.jpg",54,排名进入前50；标题包含 platform、comfort、arch support，符合美国女鞋舒适化趋势；platform + comfort组合趋势加分；评分达到4.0以上。
2026-06-25,amazon_us,product,search,women summer slippers,23,ULTRAIDEAS,¥129.89,4.2,ULTRAIDEAS,,,,,,https://www.amazon.com/ULTRAIDEAS-Womens-Memory-Slipper-Upgrade/dp/B09SZBHFG6/ref=sr_1_9?dib=eyJ2IjoiMSJ9.edQbWdZgRC57j1GkLLh3yg_5pR05vUY5G0-dACSTUcEb7hq8na7bMFX_sswoiB6zjgNmsyvQaikX_iQ42JKmgMotwLV6jde_eRUDAN0Gq8VRWyLRAXxFq0nruCwry6yURSO0XDGBCyB4s3KU2GFsBwTXPr5vl46JHPZ7DzX6BO5_kNBjFpRk26tg8U7-ChjfZFaMtcjkptff4-bW5B9J0J7oaQtsoC8gxBtNlhPDeyrSEL-qCE2Ygzwgi5GFYdhaDQoyb1aFICIxh6aVJnjI69XGpnMA81ZIOFYnWGdbJHU.EfKxodipE2G1lffsONm4iRUwyz9FEyGQN_zcu5EtCrQ&dib_tag=se&keywords=women+summer+slippers&qid=1782386399&sr=8-9,https://m.media-amazon.com/images/I/71GPcULYBKL._AC_UL320_.jpg,54,排名进入前30；价格处于人民币等值¥57.60-¥180.00黄金区间；评分达到4.0以上。
2026-06-25,amazon_us,product,search,women summer slippers,27,Yoerpe,¥79.13,4.2,Yoerpe,,,,,,https://www.amazon.com/Yoerpe-Womens-House-Slippers-Slip/dp/B0DRNTXHFS/ref=sr_1_13?dib=eyJ2IjoiMSJ9.edQbWdZgRC57j1GkLLh3yg_5pR05vUY5G0-dACSTUcEb7hq8na7bMFX_sswoiB6zjgNmsyvQaikX_iQ42JKmgMotwLV6jde_eRUDAN0Gq8VRWyLRAXxFq0nruCwry6yURSO0XDGBCyB4s3KU2GFsBwTXPr5vl46JHPZ7DzX6BO5_kNBjFpRk26tg8U7-ChjfZFaMtcjkptff4-bW5B9J0J7oaQtsoC8gxBtNlhPDeyrSEL-qCE2Ygzwgi5GFYdhaDQoyb1aFICIxh6aVJnjI69XGpnMA81ZIOFYnWGdbJHU.EfKxodipE2G1lffsONm4iRUwyz9FEyGQN_zcu5EtCrQ&dib_tag=se&keywords=women+summer+slippers&qid=1782386399&sr=8-13,https://m.media-amazon.com/images/I/81KV6CQuzNL._AC_UL320_.jpg,54,排名进入前30；价格处于人民币等值¥57.60-¥180.00黄金区间；评分达到4.0以上。
2026-06-25,amazon_us,product,new_releases,New Releases Women Sandals,11,shevalues Women's Flip Flops with Mild Arch Support Comfortable Lightweight Thong Sandals Summer Beach Walking Slides,,3.5,$9.99,,,,,,https://www.amazon.com/shevalues-Support-Comfortable-Lightweight-Sandals/dp/B0GVJY1R7G/ref=zg_bsnr_g_679425011_d_sccl_11/137-3815378-3621952?psc=1,"https://images-na.ssl-images-amazon.com/images/I/51Q0RjuKlEL._AC_UL600_SR600,400_.jpg",53,排名进入前30；标题包含 comfort、arch support、beach、summer，符合美国女鞋舒适化趋势。
2026-06-25,amazon_us,product,new_releases,New Releases Women Sandals,17,NEEP Jelly Sandals for Women Non-Slip Pool Slides Vintage Platform Double Buckle Waterproof Sandals for Summer Beach Casual,,4.1,$30.59,,,,,,https://www.amazon.com/NEEP-Sandals-Non-Slip-Platform-Waterproof/dp/B0GWZG4MT8/ref=zg_bsnr_g_679425011_d_sccl_17/137-3815378-3621952?psc=1,"https://images-na.ssl-images-amazon.com/images/I/71iXkFqzxsL._AC_UL600_SR600,400_.jpg",53,排名进入前30；标题包含 platform、beach、summer，符合美国女鞋舒适化趋势；评分达到4.0以上。
2026-06-25,amazon_us,product,best_sellers,Best Sellers Women Sandals,7,CUSHIONAIRE Pool Slides for Women Water Resistant Double Buckle Adjustable Slip-On Womens Sandals for Beach Shower Casual Wear,,4.0,$44.99,,,,,,https://www.amazon.com/CUSHIONAIRE-Slides-Resistant-Adjustable-Sandals/dp/B0GXHKZW5C/ref=zg_bs_g_679425011_d_sccl_7/144-1062484-0454632?psc=1,"https://images-na.ssl-images-amazon.com/images/I/71NStLIJ8SL._AC_UL600_SR600,400_.jpg",52,排名靠前；标题包含 beach，符合美国女鞋舒适化趋势；评分达到4.0以上。
2026-06-25,amazon_us,product,best_sellers,Best Sellers Women Sandals,46,adidas Unisex Adult Adilette Shower Slide,,4.4,"20,737",,,,,,https://www.amazon.com/adidas-Unisex-Adult-Adilette-Shower-Strata/dp/B0F345X9L3/ref=zg_bs_g_679425011_d_sccl_46/137-3815378-3621952?psc=1,"https://images-na.ssl-images-amazon.com/images/I/51-qOF9jJjL._AC_UL300_SR300,200_.jpg",52,排名进入前50；评论数高；评分达到4.3以上。
2026-06-25,amazon_us,product,new_releases,New Releases Women Sandals,1,CUSHIONAIRE Pool Slides for Women Water Resistant Double Buckle Adjustable Slip-On Womens Sandals for Beach Shower Casual Wear,,4.0,$44.99,,,,,,https://www.amazon.com/CUSHIONAIRE-Slides-Resistant-Adjustable-Sandals/dp/B0GXHKZW5C/ref=zg_bsnr_g_679425011_d_sccl_1/137-3815378-3621952?psc=1,"https://images-na.ssl-images-amazon.com/images/I/71NStLIJ8SL._AC_UL600_SR600,400_.jpg",52,排名靠前；标题包含 beach，符合美国女鞋舒适化趋势；评分达到4.0以上。
2026-06-25,amazon_us,product,search,women slides,14,CUSHIONAIRE,¥184.54,4.4,CUSHIONAIRE,,,,,,https://www.amazon.com/CUSHIONAIRE-Double-Adjustable-Buckle-Shower/dp/B09CK8CYPC/ref=sr_1_6?dib=eyJ2IjoiMSJ9._KS9xv2PSxs4p0s5tNQUoq4xU3qT-MHx3jd9FYCpnQSYIHh-rgG1K4MjD6UFye3zBwAcS9tNe1vcDUQbDd0WcxL3toWaV_z3HMXoz_NHSfIzVXl2mPRXv0HPSE28QkCAqPEIS3B10CInqljXn3qlLxzQV8b-wS2kmAOOSWcjNra63_x1vaHGu12mzmzQ5JWG4yZvYfYkWprcsC16s-veozyZ_g_K7kqFDaP2_ssTaZXJ1XMbnkDdpn-dTcb3OE29AoXzaeOR8mcUdT9lke82odCSKQUODYNn1l1Pk_B8sBQ.fWUWiiVBq3IkUO0oZPCVRbYUQzox1b7v2awGWoXyKJU&dib_tag=se&keywords=women+slides&qid=1782386399&sr=8-6,https://m.media-amazon.com/images/I/81UVyCi7FzL._AC_UL320_.jpg,52,排名进入前30；价格处于人民币等值¥180.00-¥288.00区间；评分达到4.3以上。
2026-06-25,amazon_us,product,search,women slides,28,adidas,¥216.00,4.5,adidas,,,,,,https://www.amazon.com/adidas-Womens-Adilette-Slides-Sandal/dp/B0921XTJQ7/ref=sr_1_10?dib=eyJ2IjoiMSJ9._KS9xv2PSxs4p0s5tNQUoq4xU3qT-MHx3jd9FYCpnQSYIHh-rgG1K4MjD6UFye3zBwAcS9tNe1vcDUQbDd0WcxL3toWaV_z3HMXoz_NHSfIzVXl2mPRXv0HPSE28QkCAqPEIS3B10CInqljXn3qlLxzQV8b-wS2kmAOOSWcjNra63_x1vaHGu12mzmzQ5JWG4yZvYfYkWprcsC16s-veozyZ_g_K7kqFDaP2_ssTaZXJ1XMbnkDdpn-dTcb3OE29AoXzaeOR8mcUdT9lke82odCSKQUODYNn1l1Pk_B8sBQ.fWUWiiVBq3IkUO0oZPCVRbYUQzox1b7v2awGWoXyKJU&dib_tag=se&keywords=women+slides&qid=1782386399&sr=8-10,https://m.media-amazon.com/images/I/31UIFbdKeTL._AC_UL320_.jpg,52,排名进入前30；价格处于人民币等值¥180.00-¥288.00区间；评分达到4.3以上。
2026-06-25,amazon_us,product,search,platform sandals women,19,DREAM PAIRS,¥247.61,4.5,Products highlighted as 'Overall Pick' are:,,,,,,https://www.amazon.com/DREAM-PAIRS-Adjustable-Lightweight-Waterproof/dp/B0G1RBS19X/ref=sr_1_3?dib=eyJ2IjoiMSJ9.69twT_3puw6XYRjA92eE7MPyHb91r8aX5FFdCUfKKias0iaehEbV_rn_-0UEdNb3d8-j7uqVV4c1OAPwVu_zsm3fJxFJZmnY6yw6t54Nx4Z7uw7zi-0UeagJdoML_Gb_yqCN-Hg3Dy1iMxsBbvuImbBkogCNK31-6MGZbjlPxmdnPP7i6f-vzq95p1f548gWcUKkT-ZcfPWKMdiCpiBJ2o2vhparMcPjjOrA4lJlL-rYZHYyslODbkycFO8sryapnizF9Di4vsGOb5xJURx7DTr8phws7ytEqt8u7xRWqxw.6qcSPGtj9d7CLLmrKDzC8g5EnnkjqTxPoP6VcuavGJk&dib_tag=se&keywords=platform+sandals+women&qid=1782386400&sr=8-3,https://m.media-amazon.com/images/I/61VKPpZxLML._AC_UL320_.jpg,52,排名进入前30；价格处于人民币等值¥180.00-¥288.00区间；评分达到4.3以上。
2026-06-25,amazon_us,product,best_sellers,Best Sellers Women Sandals,11,"CUSHIONAIRE Luna Sandals for Women, Cork Footbed Womens Sandals for Summer Comfort with Adjustable Straps, Wide Width Available",,4.5,$33.23,,,,,,https://www.amazon.com/CUSHIONAIRE-Next-Womens-Slide-Sandals-Brown/dp/B073XSLL5P/ref=zg_bs_g_679425011_d_sccl_11/144-1062484-0454632?psc=1,"https://images-na.ssl-images-amazon.com/images/I/81TDeaArVJL._AC_UL600_SR600,400_.jpg",51,排名进入前30；标题包含 comfort、summer，符合美国女鞋舒适化趋势；评分达到4.3以上。
2026-06-25,amazon_us,product,best_sellers,Best Sellers Women Sandals,14,"ODOLY Unisex Cork Footbed Slide Sandal, Arch Support Summer Outdoor Sandals with Adjustable Buckle for Women and Men",,4.5,$17.09,,,,,,https://www.amazon.com/ODOLY-Footbed-Comfortable-Sandals-Adjustable/dp/B0CSMN1X4W/ref=zg_bs_g_679425011_d_sccl_14/144-1062484-0454632?psc=1,"https://images-na.ssl-images-amazon.com/images/I/61iYsM+H9QL._AC_UL600_SR600,400_.jpg",51,排名进入前30；标题包含 arch support、summer，符合美国女鞋舒适化趋势；评分达到4.3以上。
2026-06-25,amazon_us,product,new_releases,New Releases Women Sandals,10,"CUSHIONAIRE Caper Jelly Sandals for Women, Comfortable Womens Slides with Cushioned Footbed and Wide Widths Available",,3.6,$37.98,,,,,,https://www.amazon.com/CUSHIONAIRE-Sandals-Comfortable-Cushioned-Available/dp/B0GXKC2VLN/ref=zg_bsnr_g_679425011_d_sccl_10/137-3815378-3621952?psc=1,"https://images-na.ssl-images-amazon.com/images/I/71jXtJ3qqEL._AC_UL600_SR600,400_.jpg",51,排名靠前；标题包含 comfort，符合美国女鞋舒适化趋势。
2026-06-25,amazon_us,product,new_releases,New Releases Women Sandals,22,Rainbow Sandals Women’s Double Layer Flirty Braidy Premier Leather w/Single Braided Strap,,4.8,$90.00,,,,,,https://www.amazon.com/Rainbow-Sandals-Premier-Leather-Braided/dp/B0GZQRQR61/ref=zg_bsnr_g_679425011_d_sccl_22/137-3815378-3621952?psc=1,"https://images-na.ssl-images-amazon.com/images/I/71cAVMcF91L._AC_UL600_SR600,400_.jpg",50,排名进入前30；评论数达到50以上；评分达到4.6以上。
2026-06-25,amazon_us,product,new_releases,New Releases Women Sandals,3,"CUSHIONAIRE Vita Jelly Sandals for Women, Casual Lightweight Womens Strappy Sandals with Adjustable Buckle Strap and Gold Hardware Accent",,4.0,$37.98,,,,,,https://www.amazon.com/CUSHIONAIRE-Sandals-Lightweight-Adjustable-Hardware/dp/B0H1Y94T1T/ref=zg_bsnr_g_679425011_d_sccl_3/137-3815378-3621952?psc=1,"https://images-na.ssl-images-amazon.com/images/I/81Uy6Bt6XaL._AC_UL600_SR600,400_.jpg",49,排名靠前；评分达到4.0以上。
2026-06-25,amazon_us,product,search,platform sandals women,28,EQAUDES,¥209.59,4.2,EQAUDES,,,,,,https://www.amazon.com/EQAUDES-Platform-Espadrille-Sandals-Flatform/dp/B0C6XLWPN9/ref=sr_1_9?dib=eyJ2IjoiMSJ9.69twT_3puw6XYRjA92eE7MPyHb91r8aX5FFdCUfKKias0iaehEbV_rn_-0UEdNb3d8-j7uqVV4c1OAPwVu_zsm3fJxFJZmnY6yw6t54Nx4Z7uw7zi-0UeagJdoML_Gb_yqCN-Hg3Dy1iMxsBbvuImbBkogCNK31-6MGZbjlPxmdnPP7i6f-vzq95p1f548gWcUKkT-ZcfPWKMdiCpiBJ2o2vhparMcPjjOrA4lJlL-rYZHYyslODbkycFO8sryapnizF9Di4vsGOb5xJURx7DTr8phws7ytEqt8u7xRWqxw.6qcSPGtj9d7CLLmrKDzC8g5EnnkjqTxPoP6VcuavGJk&dib_tag=se&keywords=platform+sandals+women&qid=1782386400&sr=8-9,https://m.media-amazon.com/images/I/81juIfWU4pL._AC_UL320_.jpg,49,排名进入前30；价格处于人民币等值¥180.00-¥288.00区间；评分达到4.0以上。
2026-06-25,amazon_us,product,best_sellers,Best Sellers Women Sandals,15,"CUSHIONAIRE Siesta Modern Lattice Ballet Flats for Women, Comfortable Slip On Pointed Toe Womens Jelly Shoes",,4.4,$37.98,,,,,,https://www.amazon.com/CUSHIONAIRE-Siesta-Lattice-Comfortable-Pointed/dp/B0GYQ3JK18/ref=zg_bs_g_679425011_d_sccl_15/144-1062484-0454632?psc=1,"https://images-na.ssl-images-amazon.com/images/I/81aIqaR3TYL._AC_UL600_SR600,400_.jpg",48,排名进入前30；标题包含 comfort，符合美国女鞋舒适化趋势；评分达到4.3以上。
2026-06-25,amazon_us,product,best_sellers,Best Sellers Women Sandals,45,Project Cloud 100% Genuine Leather Sandals for Women Footwear - Stylish Womens Sandals with Plush & Soft Insole - Non-Slip and Water-Resistant Beach Sandals Slides for Women (Mayvy),,4.2,$39.92,,,,,,https://www.amazon.com/Project-Cloud-Genuine-Leather-Footwear/dp/B0G1VMPTPR/ref=zg_bs_g_679425011_d_sccl_45/137-3815378-3621952?psc=1,"https://images-na.ssl-images-amazon.com/images/I/71xiz8qo8CL._AC_UL300_SR300,200_.jpg",48,排名进入前50；标题包含 cloud、soft、beach，符合美国女鞋舒适化趋势；cloud + slides组合趋势加分；评分达到4.0以上。
2026-06-25,amazon_us,product,new_releases,New Releases Women Sandals,12,"CUSHIONAIRE Mezzo Clear Strap Kitten Heels for Women, Square Toe Flip Flop Sandal Heels with Memory Foam Comfort",,4.4,$47.48,,,,,,https://www.amazon.com/CUSHIONAIRE-Kitten-Square-Sandal-Comfort/dp/B0GZJ1JQKJ/ref=zg_bsnr_g_679425011_d_sccl_12/137-3815378-3621952?psc=1,"https://images-na.ssl-images-amazon.com/images/I/713Q6uXZZqL._AC_UL600_SR600,400_.jpg",48,排名进入前30；标题包含 comfort，符合美国女鞋舒适化趋势；评分达到4.3以上。
2026-06-25,amazon_us,product,new_releases,New Releases Women Sandals,14,adidas Unisex Adult Adilette Comfort 2.0 Slide,,4.5,$25.63,,,,,,https://www.amazon.com/adidas-Unisex-Adilette-Comfort-Sandal/dp/B0F2B84XX9/ref=zg_bsnr_g_679425011_d_sccl_14/137-3815378-3621952?psc=1,"https://images-na.ssl-images-amazon.com/images/I/51qn7G+PVyL._AC_UL600_SR600,400_.jpg",48,排名进入前30；标题包含 comfort，符合美国女鞋舒适化趋势；评分达到4.3以上。
2026-06-25,amazon_us,product,new_releases,New Releases Women Sandals,26,"SaDuck Womens Beach Sandals, Cute Slip On Summer Slides Sandals for Women, Non Slip Casual Summer Shoes for Beach travel & Vacation",,4.3,$15.99,,,,,,https://www.amazon.com/SaDuck-Womens-Sandals-Summer-Vacation/dp/B0GVJY9LB4/ref=zg_bsnr_g_679425011_d_sccl_26/137-3815378-3621952?psc=1,"https://images-na.ssl-images-amazon.com/images/I/81+ILfEa4XL._AC_UL600_SR600,400_.jpg",48,排名进入前30；标题包含 beach、summer，符合美国女鞋舒适化趋势；评分达到4.3以上。
2026-06-25,amazon_us,product,search,women summer slippers,16,isotoner womens Indoor/Outdoor Clara Embroidered Microsuede Clog Slippers With Memory Foam Comfort isotoner womens Indoor/Outdoor Clara Embroidered Microsuede Clog Slippers With Memory Foam…,,4.4,4.4,,,,,,https://aax-us-east-retail-direct.amazon.com/x/c/JLO735CrSZtxWXXvw9Qtj5gAAAGe_oIZRgEAAAH2AQBvbm9fdHhuX2JpZDMgICBvbm9fdHhuX2ltcDIgICBdwmPv/clv1c_ek-IBPHXFbbWzjK3YpscrxfcOWxCnjqPwnbd-5LnFUmL7dASbYIN3L8Ou-0QjglujwnFEdPdhHM5grDC9P0WkqFl1efyp7y_Ez5hCtjpvUAGyVLoL92XcV_ZoPps0lph3tATvTmmrnih8B1hLnTzbISXsNyfhH2qkmnhDvYqTIwnLTu9NIjVfMucOuOL_fhfRH95pZnSz8cJVeZuvlHChjENSFoHEFoj3JRabRzU3TygfdfaUWPzZFXjS8J0l8l8G8b0R2ZX3efCe1V6rZ3EEauSBSdrc47eZqpJV6Ip568tFNafftK3l97qB5QJFzdm8dlJVE6KM_sAq0yAO6ftUt6dj9pDDTxApzNhJx4IMdfc0uNq0GyVSW31D_zSuTOHhVRZnVWQ9B_CVGoKwwyYM3w0aReqzebdOf7DZgqQ6hLZJ1GivfZ0bn8je9qjLhpAvt1X4IgvAifZNEgCkn7qBXLMoyQsAW-5APaBGJLj0OerKBNz6XrApKvdX7l79Kp3hVFXAq9c6F1jj-DKaVQKqXjX8sx7CfQF6mcyQ3uua3UEgwpp9AAhQef1vg28E1-v0XFaCUPEbDi2MQQEAhXPF8j4D20DX5li4igA2Noo2GnR8KXN5auc6dl2182zUBAKL8TZR5zmTCgjqWpoGkkGfmy8QZXzGcRaI_I6buFa7Q-ax7Ui_up4XgO7SyXJMUbAJz8YEGYzMwbzOM_peAJpPp9RVKGx5eOzYooikCCgBEA9tXiJN6ukIlvTHt8oKs6Vvl_UVdnHyjYdzXGZGKEAwEgxfLxVAzEr0OfBk1W-m7Bx3hjImboR6I1STCJt59XylrcUOdtFjKfyXzU4g6jVrvh70qSBqBOV42Y5QPsA-q0kpXfthTKVJmUdlseRfBNvQx_-v_fXgw1mJj8HZsJsIailYyuu9B1g6Tg_SYU3g_9AG2VwV31RaXai9mY6ORhuswsOCpjoy9sFw5fDq8I9tbBpMG3Ea25RKqZ4isz2noufleLnt7_qpFgWEfgqiTMbBbf98Plev2y5ZVHGFWR2Q7khT6PoJfo0tO1p_UDw64iQsliiXyLnwpBQ_2zJUDSs1jhayK37ThdA8FLQ9W8Smj6YXgEGFxxXaQnmRJcu2naLyYskZY1YHcX1o4mtrnSZg3zyCiZ5JhRsgbBv3KGJVT01c6pGLVAwfbFwWIb90lrjjclsY2_iPuUuSEcEpwFb1xJdv3QqY-v0YCK647MLrq5Py6wJJULjYYeRs355B2JZqnMw-OMJ0cXr1jeMy1c8KyE7CkNeI_xvzkF1Ai8SSGPv6ogX659dOTOxfJF9T_OzPiRrJRaNe1_KrWeA0duSI-qrh6SsZnxzzHyHoSY4Y3IvVzS1SSb9F2lQkQ-0NciR0x-Vi_E2D23DlDKmxbDrtT-ApLwrxhXMCy7EG9bMWtUiCLZTTn5H-UND5FShWbdB4hd_4zspO1Du5DaLDl8jawvRNHgY8PNQ4T8P2L4kLz7pnx3yCYyuy9YdWHgXTuN-JByFLsBsZO9Oq3_VnAWnTYe0o4HM890yXHOOkq9MyjudFG_--NTXX4uf-fe0Y35KQSuhpUjjTSlaUGe9e6Wrjj5ruZ1dJsWy96kdK8y9fNFCWNBgyvrmVGhKVJVwSQIC8JSvYj_8B5TjbBxPcfrIhDMW_3_IEkVi1hRigJ6H/https://www.amazon.com/gp/aw/d/B0DCK9LC3P/?_encoding=UTF8&pd_rd_plhdr=t&aaxitk=81ced092aab88a54df06768c1c8263cc&hsa_cr_id=0&qid=1782386399&sr=1-5-f02f01d6-adaf-4bef-9a7c-29308eff9043&ref_=sbx__sbtcd2_asin_4_bkgd&pd_rd_w=sc1Wm&content-id=amzn1.sym.5159d9cb-0665-4a83-8f64-8881eaba312a%3Aamzn1.sym.5159d9cb-0665-4a83-8f64-8881eaba312a&pf_rd_p=5159d9cb-0665-4a83-8f64-8881eaba312a&pf_rd_r=M0QRZZHRTYME1FGRDSYY&pd_rd_wg=qyqVY&pd_rd_r=a06887f5-5840-4b39-af1c-ee6966172914,"https://m.media-amazon.com/images/I/61b4x43IpLL._AC_SR322,134_CB1169409_QL70_.jpg",48,排名进入前30；标题包含 comfort，符合美国女鞋舒适化趋势；评分达到4.3以上。
2026-06-25,amazon_us,product,search,platform sandals women,24,Crocs,¥395.64,4.6,Crocs,,,,,,https://www.amazon.com/Crocs-Brooklyn-Platform-Sandals-Mushroom/dp/B0C53VD944/ref=sr_1_8?dib=eyJ2IjoiMSJ9.69twT_3puw6XYRjA92eE7MPyHb91r8aX5FFdCUfKKias0iaehEbV_rn_-0UEdNb3d8-j7uqVV4c1OAPwVu_zsm3fJxFJZmnY6yw6t54Nx4Z7uw7zi-0UeagJdoML_Gb_yqCN-Hg3Dy1iMxsBbvuImbBkogCNK31-6MGZbjlPxmdnPP7i6f-vzq95p1f548gWcUKkT-ZcfPWKMdiCpiBJ2o2vhparMcPjjOrA4lJlL-rYZHYyslODbkycFO8sryapnizF9Di4vsGOb5xJURx7DTr8phws7ytEqt8u7xRWqxw.6qcSPGtj9d7CLLmrKDzC8g5EnnkjqTxPoP6VcuavGJk&dib_tag=se&keywords=platform+sandals+women&qid=1782386400&sr=8-8,https://m.media-amazon.com/images/I/71CwJiZoybL._AC_UL320_.jpg,48,排名进入前30；价格高于人民币等值¥288.00；评分达到4.6以上。
2026-06-25,amazon_us,product,new_releases,New Releases Women Sandals,30,Cape Robbin Women's Platform Sandals Chunky Block Heel - Slip On Elastic Band Round Open Toe Heeled Sandals - 4.5 Inch Dressy Platform Heels for Women (Echoya),,4.0,$35.92,,,,,,https://www.amazon.com/Cape-Robbin-Platform-Sandals-Echoya/dp/B0GS5TWH24/ref=zg_bsnr_g_679425011_d_sccl_30/137-3815378-3621952?psc=1,"https://images-na.ssl-images-amazon.com/images/I/715flvg-G0L._AC_UL600_SR600,400_.jpg",47,排名进入前30；标题包含 platform，符合美国女鞋舒适化趋势；评分达到4.0以上。
2026-06-25,amazon_us,product,new_releases,New Releases Women Sandals,45,"Littleplum Women's Slides Sandals with Arch Support - Soft Cushion Platform Wedge Sandals with Adjustable Buckle for Indoor/Outdoor, Lightweight Walking Beach Resort Slippers",,4.5,$39.99,,,,,,https://www.amazon.com/Littleplum-Womens-Slides-Sandals-Support/dp/B0GMGMTLTR/ref=zg_bsnr_g_679425011_d_sccl_45/137-3815378-3621952?psc=1,"https://images-na.ssl-images-amazon.com/images/I/71n3-DrdIDL._AC_UL300_SR300,200_.jpg",47,排名进入前50；标题包含 platform、arch support、soft、beach、wedge，符合美国女鞋舒适化趋势；评分达到4.3以上。
2026-06-25,amazon_us,product,new_releases,New Releases Women Sandals,23,"CUSHIONAIRE Flora Platform Espadrilles for Women, Dressy Wedge Closed Toe Sandals with Ankle Strap and Cushioned Footbed",,3.9,$47.48,,,,,,https://www.amazon.com/CUSHIONAIRE-Platform-Espadrilles-Sandals-Cushioned/dp/B0GXJ3MQ4F/ref=zg_bsnr_g_679425011_d_sccl_23/137-3815378-3621952?psc=1,"https://images-na.ssl-images-amazon.com/images/I/81lROjN+zUL._AC_UL600_SR600,400_.jpg",46,排名进入前30；标题包含 platform、wedge，符合美国女鞋舒适化趋势。
2026-06-25,amazon_us,product,new_releases,New Releases Women Sandals,19,"CUSHIONAIRE Shana Clear Jelly Strap Heels for Women, Flared Kitten Heel Slide with Cushioned Footbed and Split Toe",,5.0,$47.49,,,,,,https://www.amazon.com/CUSHIONAIRE-Flared-Cushioned-Footbed-TORTOISE/dp/B0H2FR7D24/ref=zg_bsnr_g_679425011_d_sccl_19/137-3815378-3621952?psc=1,"https://images-na.ssl-images-amazon.com/images/I/71YZfL+oAFL._AC_UL600_SR600,400_.jpg",45,排名进入前30；评分达到4.6以上。
2026-06-25,amazon_us,product,search,platform sandals women,1,4.3,,,4.3,,,,,,https://aax-us-east-retail-direct.amazon.com/x/c/JN0IAXnCd7LiWGgk1DQT0OAAAAGe_oId6wEAAAH2AQBvbm9fdHhuX2JpZDIgICBvbm9fdHhuX2ltcDIgICBQdgRw/clv1c_ek-IxfXXUsbSTQWEa8qzboB5LzOU8oPTb_SifaGmFSkEpgdO_Xpv4h0K-PN1t4rsh6FVLNv9gPNIvEXw7ShkmwNP1etlXcRcKQV6RGvxoMmcobnhMdWUcd_YI_180poBy5A6u2IYiR5rNMlCk2g3e-HZMN2dij1qk2lRT7Cp2Lx_6QvetsMlqqkNE0A2ypDKCWwH8ptjL8YLVOpqtUXIqtC7VX3PrOaklv_kIR8dL2kqaQWyTir14ei7qvqfflvVvVkulqbDQ1ZfLavlfpRB1SGhA-ezZO4Yu1-4M1RtgtfckwapnS1_LN07otMzbM4V8cD9ta5oSfCd-94cMd-Y9qNoK6fpMRZBDcLYNRAQBXhvwXNBP12bvN4Jbc6INF5bCxtN9pXaeV1J-ilVb3YsmIIZdoB5j9p-LvgCaLIYSagDWmposqWqJAkn4XFQFpwMejtoGrGs1GJUwS3vmuAPC07MKpSEz9jJL0qK-mEgURlkU3U_qQUQ17Kpw7btBK0xKj5pQ752wIBN8fbA4YmI_3LfA95cvm_eKmu_1VuT8_kaz8qMqoGPwh5X4-P_l1h6Mw3oeaFNl5GnsoPuV6LtTegwqCmp24UJZjTVYbOwgmIIG5KIrS6gS8F062x6d2zAMpeJ-4NEeuQuFJUi5XpPrmgxKFdsoWx8apVcKxuMkdg6JGM6NTmZdmjZnZUq2gxSIn2gNjTZk3WzDYT5fX-0cHxpgrvDPWRegZeqmwijhS0rIosoIfxPl7YWUup1C-Jxpnxf00DdYeemrPdZusxTcZOXa16UJdMar4CKwdB9fozDe3cuCoePIhluvR86LJhyGAb1hCGrVLu7BDyJnyfmnCoRtWDmU1x21zpIiqLX_Hh9JCP-nsQRCDKPE_t8gAaJvZ9sMDYUOH7e7aggyFeUno1J-Gy-fcaVI-TX896scGgRrHeEbK5NGLI1c-ZuwZC_mJS30v7t3DbFkH4JTSZRZsV2u3c7hkhTwlEsUdb2Fzx-nYnWyOi9YHeZaItefpZ_wpngpsnbf4P_3B1C0gSxbvs9tANiYuULqB3WIOBQc8BWyUt4PZKxWOgdxVQG_ftPP_L61rfB1l9oE9MEMpjdmSakuzd-XW6ZIjlq5qO3UBoAE1EcjZbdFzaJtk7vu0nqzIP6XlhGo3hXX-V8v1GlL8aaR-yuS9MDiiA_iYB2_DOvmukp3uh4r3K0mCKuY7r-TIcDnnOLv1XkxwY48c_GljK1kfn56VzEDDUAGe1Suz6A-PRavVIn_DaIZCYzm8LnSPKmHuB1bdJ-ffp4AxZgtraofvZU2TXIptLhcq4M3tq5xZ7Hjl1nQVf-BnVf_NyIegC8bJi6GxkWtq21pLgiZOL4IGx1lYe-voaxSG13PC6_Gb4_xHzLgTVuzewdce3EjDxMJJ-SkKEY8r_gXLH2jDObrOWkcJrkIZ0HNJQWDMtmXOqtIDevIHXp-XVO2kblWbOIL5uSZKt3pi_1SD3m-5NGWC-3EcqjW9X_81X1WoaugHHHQ7cmnYxNULiw3F99OblPFn2otXc1VFZWTPnvk3RGABG6K6mBIHGR-q_PhdMFY0cI3kMZCFAZWdeRwNXr14qFWrVFh-Iqsbe-/https://www.amazon.com/dp/B0DR3N4S43/?_encoding=UTF8&pd_rd_i=B0DR3N4S43&ref_=sbx_be_s_sparkle_ssd_img&qid=1782386400&pd_rd_w=qw2PY&content-id=amzn1.sym.2fb72bc8-96ef-420d-b08f-c04b69f36507%3Aamzn1.sym.2fb72bc8-96ef-420d-b08f-c04b69f36507&pf_rd_p=2fb72bc8-96ef-420d-b08f-c04b69f36507&pf_rd_r=1RFEGYM41RJ7WV3GEG3G&pd_rd_wg=kv0Vi&pd_rd_r=c7b6eaad-cb9a-446b-9bc1-f5dc3c26d7d8&pd_rd_plhdr=t,"https://m.media-amazon.com/images/I/41HDyol2hqL._AC_SR250,250_QL65_.jpg",45,排名靠前。
2026-06-25,amazon_us,product,search,platform sandals women,2,4.3,,,4.3,,,,,,https://aax-us-east-retail-direct.amazon.com/x/c/JN0IAXnCd7LiWGgk1DQT0OAAAAGe_oId6wEAAAH2AQBvbm9fdHhuX2JpZDIgICBvbm9fdHhuX2ltcDIgICBQdgRw/clv1c_ek-IxfXXUsbSTQWEa8qzboB5LzOU8oPTb_SifaGmFSkEpgdO_Xpv4h0K-PN1t4rsh6FVLNv9gPNIvEXw7ShkmwNP1etlXcRcKQV6RGvxoMmcobnhMdWUcd_YI_180poBy5A6u2IYiR5rNMlCk2g3e-HZMN2dij1qk2lRT7Cp2Lx_6QvetsMlqqkNE0A2ypDKCWwH8ptjL8YLVOpqtUXIqtC7VX3PrOaklv_kIR8dL2kqaQWyTir14ei7qvqfflvVvVkulqbDQ1ZfLavlfpRB1SGhA-ezZO4Yu1-4M1RtgtfckwapnS1_LN07otMzbM4V8cD9ta5oSfCd-94cMd-Y9qNoK6fpMRZBDcLYNRAQBXhvwXNBP12bvN4Jbc6INF5bCxtN9pXaeV1J-ilVb3YsmIIZdoB5j9p-LvgCaLIYSagDWmposqWqJAkn4XFQFpwMejtoGrGs1GJUwS3vmuAPC07MKpSEz9jJL0qK-mEgURlkU3U_qQUQ17Kpw7btBK0xKj5pQ752wIBN8fbA4YmI_3LfA95cvm_eKmu_1VuT8_kaz8qMqoGPwh5X4-P_l1h6Mw3oeaFNl5GnsoPuV6LtTegwqCmp24UJZjTVYbOwgmIIG5KIrS6gS8F062x6d2zAMpeJ-4NEeuQuFJUi5XpPrmgxKFdsoWx8apVcKxuMkdg6JGM6NTmZdmjZnZUq2gxSIn2gNjTZk3WzDYT5fX-0cHxpgrvDPWRegZeqmwijhS0rIosoIfxPl7YWUup1C-Jxpnxf00DdYeemrPdZusxTcZOXa16UJdMar4CKwdB9fozDe3cuCoePIhluvR86LJhyGAb1hCGrVLu7BDyJnyfmnCoRtWDmU1x21zpIiqLX_Hh9JCP-nsQRCDKPE_t8gAaJvZ9sMDYUOH7e7aggyFeUno1J-Gy-fcaVI-TX896scGgRrHeEbK5NGLI1c-ZuwZC_mJS30v7t3DbFkH4JTSZRZsV2u3c7hkhTwlEsUdb2Fzx-nYnWyOi9YHeZaItefpZ_wpngpsnbf4P_3B1C0gSxbvs9tANiYuULqB3WIOBQc8BWyUt4PZKxWOgdxVQG_ftPP_L61rfB1l9oE9MEMpjdmSakuzd-XW6ZIjlq5qO3UBoAE1EcjZbdFzaJtk7vu0nqzIP6XlhGo3hXX-V8v1GlL8aaR-yuS9MDiiA_iYB2_DOvmukp3uh4r3K0mCKuY7r-TIcDnnOLv1XkxwY48c_GljK1kfn56VzEDDUAGe1Suz6A-PRavVIn_DaIZCYzm8LnSPKmHuB1bdJ-ffp4AxZgtraofvZU2TXIptLhcq4M3tq5xZ7Hjl1nQVf-BnVf_NyIegC8bJi6GxkWtq21pLgiZOL4IGx1lYe-voaxSG13PC6_Gb4_xHzLgTVuzewdce3EjDxMJJ-SkKEY8r_gXLH2jDObrOWkcJrkIZ0HNJQWDMtmXOqtIDevIHXp-XVO2kblWbOIL5uSZKt3pi_1SD3m-5NGWC-3EcqjW9X_81X1WoaugHHHQ7cmnYxNULiw3F99OblPFn2otXc1VFZWTPnvk3RGABG6K6mBIHGR-q_PhdMFY0cI3kMZCFAZWdeRwNXr14qFWrVFh-Iqsbe-/https://www.amazon.com/dp/B0DNKHTG9N/?_encoding=UTF8&pd_rd_i=B0DNKHTG9N&ref_=sbx_be_s_sparkle_ssd_img&qid=1782386400&pd_rd_w=qw2PY&content-id=amzn1.sym.2fb72bc8-96ef-420d-b08f-c04b69f36507%3Aamzn1.sym.2fb72bc8-96ef-420d-b08f-c04b69f36507&pf_rd_p=2fb72bc8-96ef-420d-b08f-c04b69f36507&pf_rd_r=1RFEGYM41RJ7WV3GEG3G&pd_rd_wg=kv0Vi&pd_rd_r=c7b6eaad-cb9a-446b-9bc1-f5dc3c26d7d8&pd_rd_plhdr=t,"https://m.media-amazon.com/images/I/41+BoOCIiqL._AC_SR250,250_QL65_.jpg",45,排名靠前。
2026-06-25,amazon_us,product,search,platform sandals women,3,4.0,,,4.0,,,,,,https://aax-us-east-retail-direct.amazon.com/x/c/JN0IAXnCd7LiWGgk1DQT0OAAAAGe_oId6wEAAAH2AQBvbm9fdHhuX2JpZDIgICBvbm9fdHhuX2ltcDIgICBQdgRw/clv1c_ek-IxfXXUsbSTQWEa8qzboB5LzOU8oPTb_SifaGmFSkEpgdO_Xpv4h0K-PN1t4rsh6FVLNv9gPNIvEXw7ShkmwNP1etlXcRcKQV6RGvxoMmcobnhMdWUcd_YI_180poBy5A6u2IYiR5rNMlCk2g3e-HZMN2dij1qk2lRT7Cp2Lx_6QvetsMlqqkNE0A2ypDKCWwH8ptjL8YLVOpqtUXIqtC7VX3PrOaklv_kIR8dL2kqaQWyTir14ei7qvqfflvVvVkulqbDQ1ZfLavlfpRB1SGhA-ezZO4Yu1-4M1RtgtfckwapnS1_LN07otMzbM4V8cD9ta5oSfCd-94cMd-Y9qNoK6fpMRZBDcLYNRAQBXhvwXNBP12bvN4Jbc6INF5bCxtN9pXaeV1J-ilVb3YsmIIZdoB5j9p-LvgCaLIYSagDWmposqWqJAkn4XFQFpwMejtoGrGs1GJUwS3vmuAPC07MKpSEz9jJL0qK-mEgURlkU3U_qQUQ17Kpw7btBK0xKj5pQ752wIBN8fbA4YmI_3LfA95cvm_eKmu_1VuT8_kaz8qMqoGPwh5X4-P_l1h6Mw3oeaFNl5GnsoPuV6LtTegwqCmp24UJZjTVYbOwgmIIG5KIrS6gS8F062x6d2zAMpeJ-4NEeuQuFJUi5XpPrmgxKFdsoWx8apVcKxuMkdg6JGM6NTmZdmjZnZUq2gxSIn2gNjTZk3WzDYT5fX-0cHxpgrvDPWRegZeqmwijhS0rIosoIfxPl7YWUup1C-Jxpnxf00DdYeemrPdZusxTcZOXa16UJdMar4CKwdB9fozDe3cuCoePIhluvR86LJhyGAb1hCGrVLu7BDyJnyfmnCoRtWDmU1x21zpIiqLX_Hh9JCP-nsQRCDKPE_t8gAaJvZ9sMDYUOH7e7aggyFeUno1J-Gy-fcaVI-TX896scGgRrHeEbK5NGLI1c-ZuwZC_mJS30v7t3DbFkH4JTSZRZsV2u3c7hkhTwlEsUdb2Fzx-nYnWyOi9YHeZaItefpZ_wpngpsnbf4P_3B1C0gSxbvs9tANiYuULqB3WIOBQc8BWyUt4PZKxWOgdxVQG_ftPP_L61rfB1l9oE9MEMpjdmSakuzd-XW6ZIjlq5qO3UBoAE1EcjZbdFzaJtk7vu0nqzIP6XlhGo3hXX-V8v1GlL8aaR-yuS9MDiiA_iYB2_DOvmukp3uh4r3K0mCKuY7r-TIcDnnOLv1XkxwY48c_GljK1kfn56VzEDDUAGe1Suz6A-PRavVIn_DaIZCYzm8LnSPKmHuB1bdJ-ffp4AxZgtraofvZU2TXIptLhcq4M3tq5xZ7Hjl1nQVf-BnVf_NyIegC8bJi6GxkWtq21pLgiZOL4IGx1lYe-voaxSG13PC6_Gb4_xHzLgTVuzewdce3EjDxMJJ-SkKEY8r_gXLH2jDObrOWkcJrkIZ0HNJQWDMtmXOqtIDevIHXp-XVO2kblWbOIL5uSZKt3pi_1SD3m-5NGWC-3EcqjW9X_81X1WoaugHHHQ7cmnYxNULiw3F99OblPFn2otXc1VFZWTPnvk3RGABG6K6mBIHGR-q_PhdMFY0cI3kMZCFAZWdeRwNXr14qFWrVFh-Iqsbe-/https://www.amazon.com/dp/B0FWTY6D77/?_encoding=UTF8&pd_rd_i=B0FWTY6D77&ref_=sbx_be_s_sparkle_ssd_img&qid=1782386400&pd_rd_w=qw2PY&content-id=amzn1.sym.2fb72bc8-96ef-420d-b08f-c04b69f36507%3Aamzn1.sym.2fb72bc8-96ef-420d-b08f-c04b69f36507&pf_rd_p=2fb72bc8-96ef-420d-b08f-c04b69f36507&pf_rd_r=1RFEGYM41RJ7WV3GEG3G&pd_rd_wg=kv0Vi&pd_rd_r=c7b6eaad-cb9a-446b-9bc1-f5dc3c26d7d8&pd_rd_plhdr=t,"https://m.media-amazon.com/images/I/51hzokf1usL._AC_SR250,250_QL65_.jpg",45,排名靠前。
2026-06-25,amazon_us,product,search,platform sandals women,4,4.3,,,4.3,,,,,,https://aax-us-east-retail-direct.amazon.com/x/c/JN0IAXnCd7LiWGgk1DQT0OAAAAGe_oId6wEAAAH2AQBvbm9fdHhuX2JpZDIgICBvbm9fdHhuX2ltcDIgICBQdgRw/clv1c_ek-IxfXXUsbSTQWEa8qzboB5LzOU8oPTb_SifaGmFSkEpgdO_Xpv4h0K-PN1t4rsh6FVLNv9gPNIvEXw7ShkmwNP1etlXcRcKQV6RGvxoMmcobnhMdWUcd_YI_180poBy5A6u2IYiR5rNMlCk2g3e-HZMN2dij1qk2lRT7Cp2Lx_6QvetsMlqqkNE0A2ypDKCWwH8ptjL8YLVOpqtUXIqtC7VX3PrOaklv_kIR8dL2kqaQWyTir14ei7qvqfflvVvVkulqbDQ1ZfLavlfpRB1SGhA-ezZO4Yu1-4M1RtgtfckwapnS1_LN07otMzbM4V8cD9ta5oSfCd-94cMd-Y9qNoK6fpMRZBDcLYNRAQBXhvwXNBP12bvN4Jbc6INF5bCxtN9pXaeV1J-ilVb3YsmIIZdoB5j9p-LvgCaLIYSagDWmposqWqJAkn4XFQFpwMejtoGrGs1GJUwS3vmuAPC07MKpSEz9jJL0qK-mEgURlkU3U_qQUQ17Kpw7btBK0xKj5pQ752wIBN8fbA4YmI_3LfA95cvm_eKmu_1VuT8_kaz8qMqoGPwh5X4-P_l1h6Mw3oeaFNl5GnsoPuV6LtTegwqCmp24UJZjTVYbOwgmIIG5KIrS6gS8F062x6d2zAMpeJ-4NEeuQuFJUi5XpPrmgxKFdsoWx8apVcKxuMkdg6JGM6NTmZdmjZnZUq2gxSIn2gNjTZk3WzDYT5fX-0cHxpgrvDPWRegZeqmwijhS0rIosoIfxPl7YWUup1C-Jxpnxf00DdYeemrPdZusxTcZOXa16UJdMar4CKwdB9fozDe3cuCoePIhluvR86LJhyGAb1hCGrVLu7BDyJnyfmnCoRtWDmU1x21zpIiqLX_Hh9JCP-nsQRCDKPE_t8gAaJvZ9sMDYUOH7e7aggyFeUno1J-Gy-fcaVI-TX896scGgRrHeEbK5NGLI1c-ZuwZC_mJS30v7t3DbFkH4JTSZRZsV2u3c7hkhTwlEsUdb2Fzx-nYnWyOi9YHeZaItefpZ_wpngpsnbf4P_3B1C0gSxbvs9tANiYuULqB3WIOBQc8BWyUt4PZKxWOgdxVQG_ftPP_L61rfB1l9oE9MEMpjdmSakuzd-XW6ZIjlq5qO3UBoAE1EcjZbdFzaJtk7vu0nqzIP6XlhGo3hXX-V8v1GlL8aaR-yuS9MDiiA_iYB2_DOvmukp3uh4r3K0mCKuY7r-TIcDnnOLv1XkxwY48c_GljK1kfn56VzEDDUAGe1Suz6A-PRavVIn_DaIZCYzm8LnSPKmHuB1bdJ-ffp4AxZgtraofvZU2TXIptLhcq4M3tq5xZ7Hjl1nQVf-BnVf_NyIegC8bJi6GxkWtq21pLgiZOL4IGx1lYe-voaxSG13PC6_Gb4_xHzLgTVuzewdce3EjDxMJJ-SkKEY8r_gXLH2jDObrOWkcJrkIZ0HNJQWDMtmXOqtIDevIHXp-XVO2kblWbOIL5uSZKt3pi_1SD3m-5NGWC-3EcqjW9X_81X1WoaugHHHQ7cmnYxNULiw3F99OblPFn2otXc1VFZWTPnvk3RGABG6K6mBIHGR-q_PhdMFY0cI3kMZCFAZWdeRwNXr14qFWrVFh-Iqsbe-/https://www.amazon.com/dp/B0DR3N4S43/?_encoding=UTF8&pd_rd_i=B0DR3N4S43&ref_=sbx_be_s_sparkle_ssd_img&qid=1782386400&pd_rd_w=qw2PY&content-id=amzn1.sym.2fb72bc8-96ef-420d-b08f-c04b69f36507%3Aamzn1.sym.2fb72bc8-96ef-420d-b08f-c04b69f36507&pf_rd_p=2fb72bc8-96ef-420d-b08f-c04b69f36507&pf_rd_r=1RFEGYM41RJ7WV3GEG3G&pd_rd_wg=kv0Vi&pd_rd_r=c7b6eaad-cb9a-446b-9bc1-f5dc3c26d7d8&pd_rd_plhdr=t,"https://m.media-amazon.com/images/I/41HDyol2hqL._AC_SR250,250_QL65_.jpg",45,排名靠前。
2026-06-25,amazon_us,product,search,platform sandals women,5,4.3,,,4.3,,,,,,https://aax-us-east-retail-direct.amazon.com/x/c/JN0IAXnCd7LiWGgk1DQT0OAAAAGe_oId6wEAAAH2AQBvbm9fdHhuX2JpZDIgICBvbm9fdHhuX2ltcDIgICBQdgRw/clv1c_ek-IxfXXUsbSTQWEa8qzboB5LzOU8oPTb_SifaGmFSkEpgdO_Xpv4h0K-PN1t4rsh6FVLNv9gPNIvEXw7ShkmwNP1etlXcRcKQV6RGvxoMmcobnhMdWUcd_YI_180poBy5A6u2IYiR5rNMlCk2g3e-HZMN2dij1qk2lRT7Cp2Lx_6QvetsMlqqkNE0A2ypDKCWwH8ptjL8YLVOpqtUXIqtC7VX3PrOaklv_kIR8dL2kqaQWyTir14ei7qvqfflvVvVkulqbDQ1ZfLavlfpRB1SGhA-ezZO4Yu1-4M1RtgtfckwapnS1_LN07otMzbM4V8cD9ta5oSfCd-94cMd-Y9qNoK6fpMRZBDcLYNRAQBXhvwXNBP12bvN4Jbc6INF5bCxtN9pXaeV1J-ilVb3YsmIIZdoB5j9p-LvgCaLIYSagDWmposqWqJAkn4XFQFpwMejtoGrGs1GJUwS3vmuAPC07MKpSEz9jJL0qK-mEgURlkU3U_qQUQ17Kpw7btBK0xKj5pQ752wIBN8fbA4YmI_3LfA95cvm_eKmu_1VuT8_kaz8qMqoGPwh5X4-P_l1h6Mw3oeaFNl5GnsoPuV6LtTegwqCmp24UJZjTVYbOwgmIIG5KIrS6gS8F062x6d2zAMpeJ-4NEeuQuFJUi5XpPrmgxKFdsoWx8apVcKxuMkdg6JGM6NTmZdmjZnZUq2gxSIn2gNjTZk3WzDYT5fX-0cHxpgrvDPWRegZeqmwijhS0rIosoIfxPl7YWUup1C-Jxpnxf00DdYeemrPdZusxTcZOXa16UJdMar4CKwdB9fozDe3cuCoePIhluvR86LJhyGAb1hCGrVLu7BDyJnyfmnCoRtWDmU1x21zpIiqLX_Hh9JCP-nsQRCDKPE_t8gAaJvZ9sMDYUOH7e7aggyFeUno1J-Gy-fcaVI-TX896scGgRrHeEbK5NGLI1c-ZuwZC_mJS30v7t3DbFkH4JTSZRZsV2u3c7hkhTwlEsUdb2Fzx-nYnWyOi9YHeZaItefpZ_wpngpsnbf4P_3B1C0gSxbvs9tANiYuULqB3WIOBQc8BWyUt4PZKxWOgdxVQG_ftPP_L61rfB1l9oE9MEMpjdmSakuzd-XW6ZIjlq5qO3UBoAE1EcjZbdFzaJtk7vu0nqzIP6XlhGo3hXX-V8v1GlL8aaR-yuS9MDiiA_iYB2_DOvmukp3uh4r3K0mCKuY7r-TIcDnnOLv1XkxwY48c_GljK1kfn56VzEDDUAGe1Suz6A-PRavVIn_DaIZCYzm8LnSPKmHuB1bdJ-ffp4AxZgtraofvZU2TXIptLhcq4M3tq5xZ7Hjl1nQVf-BnVf_NyIegC8bJi6GxkWtq21pLgiZOL4IGx1lYe-voaxSG13PC6_Gb4_xHzLgTVuzewdce3EjDxMJJ-SkKEY8r_gXLH2jDObrOWkcJrkIZ0HNJQWDMtmXOqtIDevIHXp-XVO2kblWbOIL5uSZKt3pi_1SD3m-5NGWC-3EcqjW9X_81X1WoaugHHHQ7cmnYxNULiw3F99OblPFn2otXc1VFZWTPnvk3RGABG6K6mBIHGR-q_PhdMFY0cI3kMZCFAZWdeRwNXr14qFWrVFh-Iqsbe-/https://www.amazon.com/dp/B0DNKHTG9N/?_encoding=UTF8&pd_rd_i=B0DNKHTG9N&ref_=sbx_be_s_sparkle_ssd_img&qid=1782386400&pd_rd_w=qw2PY&content-id=amzn1.sym.2fb72bc8-96ef-420d-b08f-c04b69f36507%3Aamzn1.sym.2fb72bc8-96ef-420d-b08f-c04b69f36507&pf_rd_p=2fb72bc8-96ef-420d-b08f-c04b69f36507&pf_rd_r=1RFEGYM41RJ7WV3GEG3G&pd_rd_wg=kv0Vi&pd_rd_r=c7b6eaad-cb9a-446b-9bc1-f5dc3c26d7d8&pd_rd_plhdr=t,"https://m.media-amazon.com/images/I/41+BoOCIiqL._AC_SR250,250_QL65_.jpg",45,排名靠前。
2026-06-25,amazon_us,product,search,platform sandals women,6,4.0,,,4.0,,,,,,https://aax-us-east-retail-direct.amazon.com/x/c/JN0IAXnCd7LiWGgk1DQT0OAAAAGe_oId6wEAAAH2AQBvbm9fdHhuX2JpZDIgICBvbm9fdHhuX2ltcDIgICBQdgRw/clv1c_ek-IxfXXUsbSTQWEa8qzboB5LzOU8oPTb_SifaGmFSkEpgdO_Xpv4h0K-PN1t4rsh6FVLNv9gPNIvEXw7ShkmwNP1etlXcRcKQV6RGvxoMmcobnhMdWUcd_YI_180poBy5A6u2IYiR5rNMlCk2g3e-HZMN2dij1qk2lRT7Cp2Lx_6QvetsMlqqkNE0A2ypDKCWwH8ptjL8YLVOpqtUXIqtC7VX3PrOaklv_kIR8dL2kqaQWyTir14ei7qvqfflvVvVkulqbDQ1ZfLavlfpRB1SGhA-ezZO4Yu1-4M1RtgtfckwapnS1_LN07otMzbM4V8cD9ta5oSfCd-94cMd-Y9qNoK6fpMRZBDcLYNRAQBXhvwXNBP12bvN4Jbc6INF5bCxtN9pXaeV1J-ilVb3YsmIIZdoB5j9p-LvgCaLIYSagDWmposqWqJAkn4XFQFpwMejtoGrGs1GJUwS3vmuAPC07MKpSEz9jJL0qK-mEgURlkU3U_qQUQ17Kpw7btBK0xKj5pQ752wIBN8fbA4YmI_3LfA95cvm_eKmu_1VuT8_kaz8qMqoGPwh5X4-P_l1h6Mw3oeaFNl5GnsoPuV6LtTegwqCmp24UJZjTVYbOwgmIIG5KIrS6gS8F062x6d2zAMpeJ-4NEeuQuFJUi5XpPrmgxKFdsoWx8apVcKxuMkdg6JGM6NTmZdmjZnZUq2gxSIn2gNjTZk3WzDYT5fX-0cHxpgrvDPWRegZeqmwijhS0rIosoIfxPl7YWUup1C-Jxpnxf00DdYeemrPdZusxTcZOXa16UJdMar4CKwdB9fozDe3cuCoePIhluvR86LJhyGAb1hCGrVLu7BDyJnyfmnCoRtWDmU1x21zpIiqLX_Hh9JCP-nsQRCDKPE_t8gAaJvZ9sMDYUOH7e7aggyFeUno1J-Gy-fcaVI-TX896scGgRrHeEbK5NGLI1c-ZuwZC_mJS30v7t3DbFkH4JTSZRZsV2u3c7hkhTwlEsUdb2Fzx-nYnWyOi9YHeZaItefpZ_wpngpsnbf4P_3B1C0gSxbvs9tANiYuULqB3WIOBQc8BWyUt4PZKxWOgdxVQG_ftPP_L61rfB1l9oE9MEMpjdmSakuzd-XW6ZIjlq5qO3UBoAE1EcjZbdFzaJtk7vu0nqzIP6XlhGo3hXX-V8v1GlL8aaR-yuS9MDiiA_iYB2_DOvmukp3uh4r3K0mCKuY7r-TIcDnnOLv1XkxwY48c_GljK1kfn56VzEDDUAGe1Suz6A-PRavVIn_DaIZCYzm8LnSPKmHuB1bdJ-ffp4AxZgtraofvZU2TXIptLhcq4M3tq5xZ7Hjl1nQVf-BnVf_NyIegC8bJi6GxkWtq21pLgiZOL4IGx1lYe-voaxSG13PC6_Gb4_xHzLgTVuzewdce3EjDxMJJ-SkKEY8r_gXLH2jDObrOWkcJrkIZ0HNJQWDMtmXOqtIDevIHXp-XVO2kblWbOIL5uSZKt3pi_1SD3m-5NGWC-3EcqjW9X_81X1WoaugHHHQ7cmnYxNULiw3F99OblPFn2otXc1VFZWTPnvk3RGABG6K6mBIHGR-q_PhdMFY0cI3kMZCFAZWdeRwNXr14qFWrVFh-Iqsbe-/https://www.amazon.com/dp/B0FWTY6D77/?_encoding=UTF8&pd_rd_i=B0FWTY6D77&ref_=sbx_be_s_sparkle_ssd_img&qid=1782386400&pd_rd_w=qw2PY&content-id=amzn1.sym.2fb72bc8-96ef-420d-b08f-c04b69f36507%3Aamzn1.sym.2fb72bc8-96ef-420d-b08f-c04b69f36507&pf_rd_p=2fb72bc8-96ef-420d-b08f-c04b69f36507&pf_rd_r=1RFEGYM41RJ7WV3GEG3G&pd_rd_wg=kv0Vi&pd_rd_r=c7b6eaad-cb9a-446b-9bc1-f5dc3c26d7d8&pd_rd_plhdr=t,"https://m.media-amazon.com/images/I/51hzokf1usL._AC_SR250,250_QL65_.jpg",45,排名靠前。
2026-06-25,amazon_us,product,search,platform sandals women,15,ROSERWISH,¥347.69,4.3,ROSERWISH,,,,,,https://www.amazon.com/sspa/click?ie=UTF8&spc=MTo1NjI0MjkzOTEyNDg3MzcyOjE3ODIzODY0MDA6c3Bfc2VhcmNoX3RoZW1hdGljOjMwMTM0MjYzNjY4MjYwMjo6MTo6&url=%2FROSERWISH-Platform-Strappy-Sandals-Slingback%2Fdp%2FB0DT3QTFH6%2Fref%3Dsxin_19_pa_sp_search_thematic_sspa%3Fcontent-id%3Damzn1.sym.44acafb9-9a42-418c-a96e-4e3ed427e46e%253Aamzn1.sym.44acafb9-9a42-418c-a96e-4e3ed427e46e%26cv_ct_cx%3Dplatform%2Bsandals%2Bwomen%26keywords%3Dplatform%2Bsandals%2Bwomen%26pd_rd_i%3DB0DT3QTFH6%26pd_rd_r%3D6cd9e074-6f30-49c3-b6ec-30224c3e18fe%26pd_rd_w%3DOgv6M%26pd_rd_wg%3DZlcKi%26pf_rd_p%3D44acafb9-9a42-418c-a96e-4e3ed427e46e%26pf_rd_r%3D1RFEGYM41RJ7WV3GEG3G%26qid%3D1782386400%26sbo%3DRZvfv%252F%252FHxDF%252BO5021pAnSA%253D%253D%26sr%3D1-2-4a82bf2c-99de-49d4-8c6e-1b9c06d4b176-spons%26aref%3D86tDSao9Pn%26sp_csd%3Dd2lkZ2V0TmFtZT1zcF9zZWFyY2hfdGhlbWF0aWM%26psc%3D1&aref=86tDSao9Pn,https://m.media-amazon.com/images/I/71Xe4Hh6H2L._AC_UL320_.jpg,45,排名进入前30；价格高于人民币等值¥288.00；评分达到4.3以上。
2026-06-25,amazon_us,product,search,platform sandals women,16,Naturalizer,¥503.93,4.4,Naturalizer,,,,,,https://www.amazon.com/sspa/click?ie=UTF8&spc=MTo1NjI0MjkzOTEyNDg3MzcyOjE3ODIzODY0MDA6c3Bfc2VhcmNoX3RoZW1hdGljOjMwMTI1MTU5NDk1MjkwMjo6Mjo6&url=%2FNaturalizer-Womens-Baylor-Heeled-Metallic%2Fdp%2FB0FSN97WQ8%2Fref%3Dsxin_19_pa_sp_search_thematic_sspa%3Fcontent-id%3Damzn1.sym.44acafb9-9a42-418c-a96e-4e3ed427e46e%253Aamzn1.sym.44acafb9-9a42-418c-a96e-4e3ed427e46e%26cv_ct_cx%3Dplatform%2Bsandals%2Bwomen%26keywords%3Dplatform%2Bsandals%2Bwomen%26pd_rd_i%3DB0FSN97WQ8%26pd_rd_r%3D6cd9e074-6f30-49c3-b6ec-30224c3e18fe%26pd_rd_w%3DOgv6M%26pd_rd_wg%3DZlcKi%26pf_rd_p%3D44acafb9-9a42-418c-a96e-4e3ed427e46e%26pf_rd_r%3D1RFEGYM41RJ7WV3GEG3G%26qid%3D1782386400%26sbo%3DRZvfv%252F%252FHxDF%252BO5021pAnSA%253D%253D%26sr%3D1-3-4a82bf2c-99de-49d4-8c6e-1b9c06d4b176-spons%26aref%3DL5Tx5H3C1Z%26sp_csd%3Dd2lkZ2V0TmFtZT1zcF9zZWFyY2hfdGhlbWF0aWM%26psc%3D1&aref=L5Tx5H3C1Z,https://m.media-amazon.com/images/I/81j8v5C8N0L._AC_UL320_.jpg,45,排名进入前30；价格高于人民币等值¥288.00；评分达到4.3以上。
2026-06-25,amazon_us,product,search,platform sandals women,20,REEF,¥402.98,4.4,REEF,,,,,,https://www.amazon.com/REEF-Higher-Womens-Platform-Adjustable/dp/B0D9HYMNMN/ref=sr_1_4?dib=eyJ2IjoiMSJ9.69twT_3puw6XYRjA92eE7MPyHb91r8aX5FFdCUfKKias0iaehEbV_rn_-0UEdNb3d8-j7uqVV4c1OAPwVu_zsm3fJxFJZmnY6yw6t54Nx4Z7uw7zi-0UeagJdoML_Gb_yqCN-Hg3Dy1iMxsBbvuImbBkogCNK31-6MGZbjlPxmdnPP7i6f-vzq95p1f548gWcUKkT-ZcfPWKMdiCpiBJ2o2vhparMcPjjOrA4lJlL-rYZHYyslODbkycFO8sryapnizF9Di4vsGOb5xJURx7DTr8phws7ytEqt8u7xRWqxw.6qcSPGtj9d7CLLmrKDzC8g5EnnkjqTxPoP6VcuavGJk&dib_tag=se&keywords=platform+sandals+women&qid=1782386400&sr=8-4,https://m.media-amazon.com/images/I/51WBYuiSZiL._AC_UL320_.jpg,45,排名进入前30；价格高于人民币等值¥288.00；评分达到4.3以上。
2026-06-25,amazon_us,product,best_sellers,Best Sellers Women Sandals,31,"Reef Cushion Vista Hi Womens Platform Fashion Sandal, Arch Support, Ultra Soft Cushion Footbed",,4.4,$34.53,,,,,,https://www.amazon.com/Reef-Sandals-Cushion-Platform-Footbed/dp/B07WNNC1G6/ref=zg_bs_g_679425011_d_sccl_31/137-3815378-3621952?psc=1,"https://images-na.ssl-images-amazon.com/images/I/61Uv1VDRdFL._AC_UL300_SR300,200_.jpg",44,排名进入前50；标题包含 platform、arch support、soft，符合美国女鞋舒适化趋势；评分达到4.3以上。
2026-06-25,amazon_us,product,best_sellers,Best Sellers Women Sandals,34,KuaiLu Womens Fashion Orthotic Slides Ladies Athletic Yoga Mat Memory Foam Walking Sandals Thick Cushion Recovery Summer Beach Slippers Comfortable Plantar Fasciitis Arch Support,,4.0,$23.99,,,,,,https://www.amazon.com/Orthotic-Lightweight-Athletic-Comfortable-Fasciitis/dp/B092ZT26V3/ref=zg_bs_g_679425011_d_sccl_34/137-3815378-3621952?psc=1,"https://images-na.ssl-images-amazon.com/images/I/71Rxka3CPTL._AC_UL300_SR300,200_.jpg",44,排名进入前50；标题包含 recovery、comfort、arch support、beach、summer，符合美国女鞋舒适化趋势；评分达到4.0以上。
2026-06-25,amazon_us,product,new_releases,New Releases Women Sandals,29,CUSHIONAIRE Chica Espadrille Wedge Sandals for Women Slip On Closed Toe Women Shoes with Elastic Straps and Stylish Everyday Comfort,,3.9,$47.48,,,,,,https://www.amazon.com/CUSHIONAIRE-Espadrille-Sandals-Elastic-Everyday/dp/B0GZ8MNS7F/ref=zg_bsnr_g_679425011_d_sccl_29/137-3815378-3621952?psc=1,"https://images-na.ssl-images-amazon.com/images/I/71Uq6m+ImyL._AC_UL600_SR600,400_.jpg",44,排名进入前30；标题包含 comfort、wedge，符合美国女鞋舒适化趋势。
2026-06-25,amazon_us,product,new_releases,New Releases Women Sandals,36,"KuaiLu Womens Recovery Flip Flops with Comfortable Plantar Fasciitis Arch Support Orthotic Thong Sandals Cushion Sport Slides Reduces Stress on Feet, Joints & Back Post-Exercise",,4.0,$36.09,,,,,,https://www.amazon.com/KuaiLu-Recovery-Comfortable-Fasciitis-Orthopedic/dp/B0GQT7Y4WD/ref=zg_bsnr_g_679425011_d_sccl_36/137-3815378-3621952?psc=1,"https://images-na.ssl-images-amazon.com/images/I/71o4Iu4D0WL._AC_UL300_SR300,200_.jpg",44,排名进入前50；标题包含 recovery、comfort、arch support，符合美国女鞋舒适化趋势；评分达到4.0以上。
2026-06-25,amazon_us,product,best_sellers,Best Sellers Women Sandals,41,OOFOS OOriginal Recovery Sandal - Women’s and Men’s,,4.6,$50.96,,,,,,https://www.amazon.com/OOFOS-Unisex-Ooriginal-Thong-Slate/dp/B01LAK7XEO/ref=zg_bs_g_679425011_d_sccl_41/137-3815378-3621952?psc=1,"https://images-na.ssl-images-amazon.com/images/I/51rg1HSZaCL._AC_UL300_SR300,200_.jpg",43,排名进入前50；评论数达到50以上；标题包含 recovery，符合美国女鞋舒适化趋势；评分达到4.6以上。
2026-06-25,amazon_us,product,best_sellers,Best Sellers Women Sandals,12,REEF Cushion Vista Womens Sandal,,4.4,$31.78,,,,,,https://www.amazon.com/Reef-Womens-Cushion-Sandal-Vintage/dp/B0BPJWSXKF/ref=zg_bs_g_679425011_d_sccl_12/144-1062484-0454632?psc=1,"https://images-na.ssl-images-amazon.com/images/I/61sqCrQF+NL._AC_UL600_SR600,400_.jpg",42,排名进入前30；评分达到4.3以上。
2026-06-25,amazon_us,product,best_sellers,Best Sellers Women Sandals,18,Joomra Pillow Slippers for Women and Men Non Slip Quick Drying Shower Slides Bathroom Sandals | Ultra Cushion | Thick Sole,,4.3,$19.32,,,,,,https://www.amazon.com/Joomra-Slippers-Massage-Bathroom-Platform/dp/B09652VJP1/ref=zg_bs_g_679425011_d_sccl_18/144-1062484-0454632?psc=1,"https://images-na.ssl-images-amazon.com/images/I/71pkhgTTRXL._AC_UL600_SR600,400_.jpg",42,排名进入前30；评分达到4.3以上。
2026-06-25,amazon_us,product,best_sellers,Best Sellers Women Sandals,19,REEF Water Vista Womens Sandal,,4.4,$34.83,,,,,,https://www.amazon.com/REEF-Platform-Friendly-Adjustable-Vintage/dp/B0BPK22YCJ/ref=zg_bs_g_679425011_d_sccl_19/144-1062484-0454632?psc=1,"https://images-na.ssl-images-amazon.com/images/I/51DfOQI44UL._AC_UL600_SR600,400_.jpg",42,排名进入前30；评分达到4.3以上。
2026-06-25,amazon_us,product,best_sellers,Best Sellers Women Sandals,20,REEF Women's Cushion Breeze Flip Flops,,4.4,$23.90,,,,,,https://www.amazon.com/Reef-Womens-Cushion-Breeze-Flip-Flop/dp/B07CZ32X2L/ref=zg_bs_g_679425011_d_sccl_20/144-1062484-0454632?psc=1,"https://images-na.ssl-images-amazon.com/images/I/51aJDTYSrJL._AC_UL600_SR600,400_.jpg",42,排名进入前30；评分达到4.3以上。
2026-06-25,amazon_us,product,best_sellers,Best Sellers Women Sandals,27,WHITIN Slippers for Women Non Slip | Cushioned Thick Sole Slides | Quick Drying Bathroom Sandals,,4.4,$9.99,,,,,,https://www.amazon.com/WHITIN-Slippers-Sandals-Fashionable-Lightweight/dp/B0C1C3MKLF/ref=zg_bs_g_679425011_d_sccl_27/144-1062484-0454632?psc=1,"https://images-na.ssl-images-amazon.com/images/I/71nA8egRirL._AC_UL600_SR600,400_.jpg",42,排名进入前30；评分达到4.3以上。
2026-06-25,amazon_us,product,best_sellers,Best Sellers Women Sandals,29,Havaianas Women's Slim Square Solid Flip Flops,,4.3,$32.00,,,,,,https://www.amazon.com/Havaianas-Womens-Square-Solid-Medium/dp/B0BBPX6J6F/ref=zg_bs_g_679425011_d_sccl_29/144-1062484-0454632?psc=1,"https://images-na.ssl-images-amazon.com/images/I/519tF5UFGFL._AC_UL600_SR600,400_.jpg",42,排名进入前30；评分达到4.3以上。
2026-06-25,amazon_us,product,best_sellers,Best Sellers Women Sandals,35,UBFEN Womens Hiking Comfort Sport Sandals Beach Vacation Camping Casual Sport Sandals with Adjustable Straps and Arch Support,,4.5,$37.97,,,,,,https://www.amazon.com/UBFEN-Sandals-Adjustable-Support-Vacation/dp/B0DQ7YQ2MD/ref=zg_bs_g_679425011_d_sccl_35/137-3815378-3621952?psc=1,"https://images-na.ssl-images-amazon.com/images/I/71kBI1vUNtL._AC_UL300_SR300,200_.jpg",42,排名进入前50；标题包含 comfort、arch support、beach，符合美国女鞋舒适化趋势；评分达到4.3以上。
2026-06-25,amazon_us,product,best_sellers,Best Sellers Women Sandals,37,KuaiLu Womens Arch Support Flip Flops Ladies Comfort Lightweight Soft Yoga Mat Cushion Walking Thong Sandals,,4.5,$15.18,,,,,,https://www.amazon.com/KuaiLu-Comfortable-Waterproof-Supportive-Flipflops/dp/B0CTML36SJ/ref=zg_bs_g_679425011_d_sccl_37/137-3815378-3621952?psc=1,"https://images-na.ssl-images-amazon.com/images/I/71FLg8v7ZyL._AC_UL300_SR300,200_.jpg",42,排名进入前50；标题包含 comfort、arch support、soft，符合美国女鞋舒适化趋势；评分达到4.3以上。
2026-06-25,amazon_us,product,new_releases,New Releases Women Sandals,16,iiimmu 3.5 IN Stiletto Mules High Heels with Pointed Peep Toe Heeled Sandals Faux Leather,,4.4,$42.49,,,,,,https://www.amazon.com/iiimmu-Stiletto-Pointed-Heeled-Sandals/dp/B0GXFC6FW2/ref=zg_bsnr_g_679425011_d_sccl_16/137-3815378-3621952?psc=1,"https://images-na.ssl-images-amazon.com/images/I/71uhzjn70LL._AC_UL600_SR600,400_.jpg",42,排名进入前30；评分达到4.3以上。
2026-06-25,amazon_us,product,new_releases,New Releases Women Sandals,35,SUITSER Womens Sport Hiking Sandals Comfortable Walking Sandals Quick-Drying Water Beach Outdoor Summer Shoes with Arch Support & Adjustable Straps,,4.2,$16.49,,,,,,https://www.amazon.com/SUITSER-Sandals-Comfortable-Quick-Drying-Adjustable/dp/B0GVN5117T/ref=zg_bsnr_g_679425011_d_sccl_35/137-3815378-3621952?psc=1,"https://images-na.ssl-images-amazon.com/images/I/811sNtzmyIL._AC_UL300_SR300,200_.jpg",42,排名进入前50；标题包含 comfort、arch support、beach、summer，符合美国女鞋舒适化趋势；评分达到4.0以上。
2026-06-25,amazon_us,product,search,women summer slippers,31,ULTRAIDEAS,¥102.53,4.5,ULTRAIDEAS,,,,,,https://www.amazon.com/ULTRAIDEAS-Slippers-Bowknot-Outdoor-Anti-Skid/dp/B07MZ3H6MN/ref=sr_1_17?dib=eyJ2IjoiMSJ9.edQbWdZgRC57j1GkLLh3yg_5pR05vUY5G0-dACSTUcEb7hq8na7bMFX_sswoiB6zjgNmsyvQaikX_iQ42JKmgMotwLV6jde_eRUDAN0Gq8VRWyLRAXxFq0nruCwry6yURSO0XDGBCyB4s3KU2GFsBwTXPr5vl46JHPZ7DzX6BO5_kNBjFpRk26tg8U7-ChjfZFaMtcjkptff4-bW5B9J0J7oaQtsoC8gxBtNlhPDeyrSEL-qCE2Ygzwgi5GFYdhaDQoyb1aFICIxh6aVJnjI69XGpnMA81ZIOFYnWGdbJHU.EfKxodipE2G1lffsONm4iRUwyz9FEyGQN_zcu5EtCrQ&dib_tag=se&keywords=women+summer+slippers&qid=1782386399&sr=8-17,https://m.media-amazon.com/images/I/71cvxwhDe7L._AC_UL320_.jpg,42,排名进入前50；价格处于人民币等值¥57.60-¥180.00黄金区间；评分达到4.3以上。
2026-06-25,amazon_us,product,search,women summer slippers,36,EverFoams,¥64.94,4.4,EverFoams,,,,,,https://www.amazon.com/EverFoams-Slippers-Outdoor-Outsole-Vanilla/dp/B0DPZPB7MQ/ref=sr_1_22?dib=eyJ2IjoiMSJ9.edQbWdZgRC57j1GkLLh3yg_5pR05vUY5G0-dACSTUcEb7hq8na7bMFX_sswoiB6zjgNmsyvQaikX_iQ42JKmgMotwLV6jde_eRUDAN0Gq8VRWyLRAXxFq0nruCwry6yURSO0XDGBCyB4s3KU2GFsBwTXPr5vl46JHPZ7DzX6BO5_kNBjFpRk26tg8U7-ChjfZFaMtcjkptff4-bW5B9J0J7oaQtsoC8gxBtNlhPDeyrSEL-qCE2Ygzwgi5GFYdhaDQoyb1aFICIxh6aVJnjI69XGpnMA81ZIOFYnWGdbJHU.EfKxodipE2G1lffsONm4iRUwyz9FEyGQN_zcu5EtCrQ&dib_tag=se&keywords=women+summer+slippers&qid=1782386399&sr=8-22,https://m.media-amazon.com/images/I/61CsE2rT4gL._AC_UL320_.jpg,42,排名进入前50；价格处于人民币等值¥57.60-¥180.00黄金区间；评分达到4.3以上。
2026-06-25,amazon_us,product,search,women summer slippers,37,Garonne,¥115.13,4.3,Garonne,,,,,,https://www.amazon.com/Garonne-Open-toe-Slippers-Support-Adjustable/dp/B0F21B5LY5/ref=sr_1_23?dib=eyJ2IjoiMSJ9.edQbWdZgRC57j1GkLLh3yg_5pR05vUY5G0-dACSTUcEb7hq8na7bMFX_sswoiB6zjgNmsyvQaikX_iQ42JKmgMotwLV6jde_eRUDAN0Gq8VRWyLRAXxFq0nruCwry6yURSO0XDGBCyB4s3KU2GFsBwTXPr5vl46JHPZ7DzX6BO5_kNBjFpRk26tg8U7-ChjfZFaMtcjkptff4-bW5B9J0J7oaQtsoC8gxBtNlhPDeyrSEL-qCE2Ygzwgi5GFYdhaDQoyb1aFICIxh6aVJnjI69XGpnMA81ZIOFYnWGdbJHU.EfKxodipE2G1lffsONm4iRUwyz9FEyGQN_zcu5EtCrQ&dib_tag=se&keywords=women+summer+slippers&qid=1782386399&sr=8-23,https://m.media-amazon.com/images/I/61QD2CewWOL._AC_UL320_.jpg,42,排名进入前50；价格处于人民币等值¥57.60-¥180.00黄金区间；评分达到4.3以上。
2026-06-25,amazon_us,product,search,women summer slippers,45,Crocs,¥134.93,4.4,Crocs,,,,,,https://www.amazon.com/Crocs-Womens-Kadee-Ii-Flip/dp/B010123EV8/ref=sr_1_31?dib=eyJ2IjoiMSJ9.edQbWdZgRC57j1GkLLh3yg_5pR05vUY5G0-dACSTUcEb7hq8na7bMFX_sswoiB6zjgNmsyvQaikX_iQ42JKmgMotwLV6jde_eRUDAN0Gq8VRWyLRAXxFq0nruCwry6yURSO0XDGBCyB4s3KU2GFsBwTXPr5vl46JHPZ7DzX6BO5_kNBjFpRk26tg8U7-ChjfZFaMtcjkptff4-bW5B9J0J7oaQtsoC8gxBtNlhPDeyrSEL-qCE2Ygzwgi5GFYdhaDQoyb1aFICIxh6aVJnjI69XGpnMA81ZIOFYnWGdbJHU.EfKxodipE2G1lffsONm4iRUwyz9FEyGQN_zcu5EtCrQ&dib_tag=se&keywords=women+summer+slippers&qid=1782386399&sr=8-31,https://m.media-amazon.com/images/I/61zhSrNbuaL._AC_UL320_.jpg,42,排名进入前50；价格处于人民币等值¥57.60-¥180.00黄金区间；评分达到4.3以上。
2026-06-25,amazon_us,product,search,women summer slippers,48,Joomra,¥139.18,4.3,Joomra,,,,,,https://www.amazon.com/Joomra-Slippers-Massage-Cushioned-Bathroom/dp/B09C1RFQ87/ref=sr_1_34?dib=eyJ2IjoiMSJ9.edQbWdZgRC57j1GkLLh3yg_5pR05vUY5G0-dACSTUcEb7hq8na7bMFX_sswoiB6zjgNmsyvQaikX_iQ42JKmgMotwLV6jde_eRUDAN0Gq8VRWyLRAXxFq0nruCwry6yURSO0XDGBCyB4s3KU2GFsBwTXPr5vl46JHPZ7DzX6BO5_kNBjFpRk26tg8U7-ChjfZFaMtcjkptff4-bW5B9J0J7oaQtsoC8gxBtNlhPDeyrSEL-qCE2Ygzwgi5GFYdhaDQoyb1aFICIxh6aVJnjI69XGpnMA81ZIOFYnWGdbJHU.EfKxodipE2G1lffsONm4iRUwyz9FEyGQN_zcu5EtCrQ&dib_tag=se&keywords=women+summer+slippers&qid=1782386399&sr=8-34,https://m.media-amazon.com/images/I/61-Aatjne0L._AC_UL320_.jpg,42,排名进入前50；价格处于人民币等值¥57.60-¥180.00黄金区间；评分达到4.3以上。
2026-06-25,amazon_us,product,search,women summer slippers,49,Weweya,¥71.93,4.4,Weweya,,,,,,https://www.amazon.com/Weweya-Shower-Non-Slip-Outdoor-Sandals/dp/B0F1XTPHY8/ref=sr_1_35?dib=eyJ2IjoiMSJ9.edQbWdZgRC57j1GkLLh3yg_5pR05vUY5G0-dACSTUcEb7hq8na7bMFX_sswoiB6zjgNmsyvQaikX_iQ42JKmgMotwLV6jde_eRUDAN0Gq8VRWyLRAXxFq0nruCwry6yURSO0XDGBCyB4s3KU2GFsBwTXPr5vl46JHPZ7DzX6BO5_kNBjFpRk26tg8U7-ChjfZFaMtcjkptff4-bW5B9J0J7oaQtsoC8gxBtNlhPDeyrSEL-qCE2Ygzwgi5GFYdhaDQoyb1aFICIxh6aVJnjI69XGpnMA81ZIOFYnWGdbJHU.EfKxodipE2G1lffsONm4iRUwyz9FEyGQN_zcu5EtCrQ&dib_tag=se&keywords=women+summer+slippers&qid=1782386399&sr=8-35,https://m.media-amazon.com/images/I/61QGXLFgg+L._AC_UL320_.jpg,42,排名进入前50；价格处于人民币等值¥57.60-¥180.00黄金区间；评分达到4.3以上。
2026-06-25,amazon_us,product,search,women slides,37,ODOLY,¥123.05,4.5,ODOLY,,,,,,https://www.amazon.com/ODOLY-Footbed-Comfortable-Sandals-Adjustable/dp/B0CSMN1X4W/ref=sr_1_19?dib=eyJ2IjoiMSJ9._KS9xv2PSxs4p0s5tNQUoq4xU3qT-MHx3jd9FYCpnQSYIHh-rgG1K4MjD6UFye3zBwAcS9tNe1vcDUQbDd0WcxL3toWaV_z3HMXoz_NHSfIzVXl2mPRXv0HPSE28QkCAqPEIS3B10CInqljXn3qlLxzQV8b-wS2kmAOOSWcjNra63_x1vaHGu12mzmzQ5JWG4yZvYfYkWprcsC16s-veozyZ_g_K7kqFDaP2_ssTaZXJ1XMbnkDdpn-dTcb3OE29AoXzaeOR8mcUdT9lke82odCSKQUODYNn1l1Pk_B8sBQ.fWUWiiVBq3IkUO0oZPCVRbYUQzox1b7v2awGWoXyKJU&dib_tag=se&keywords=women+slides&qid=1782386399&sr=8-19,https://m.media-amazon.com/images/I/61iYsM+H9QL._AC_UL320_.jpg,42,排名进入前50；价格处于人民币等值¥57.60-¥180.00黄金区间；评分达到4.3以上。
2026-06-25,amazon_us,product,search,women slides,39,Calvin Klein,¥167.76,4.5,Calvin Klein,,,,,,https://www.amazon.com/Calvin-Klein-Athens-Brown/dp/B091ZF5PQQ/ref=sr_1_21?dib=eyJ2IjoiMSJ9._KS9xv2PSxs4p0s5tNQUoq4xU3qT-MHx3jd9FYCpnQSYIHh-rgG1K4MjD6UFye3zBwAcS9tNe1vcDUQbDd0WcxL3toWaV_z3HMXoz_NHSfIzVXl2mPRXv0HPSE28QkCAqPEIS3B10CInqljXn3qlLxzQV8b-wS2kmAOOSWcjNra63_x1vaHGu12mzmzQ5JWG4yZvYfYkWprcsC16s-veozyZ_g_K7kqFDaP2_ssTaZXJ1XMbnkDdpn-dTcb3OE29AoXzaeOR8mcUdT9lke82odCSKQUODYNn1l1Pk_B8sBQ.fWUWiiVBq3IkUO0oZPCVRbYUQzox1b7v2awGWoXyKJU&dib_tag=se&keywords=women+slides&qid=1782386399&sr=8-21,https://m.media-amazon.com/images/I/71nyc3qEKeS._AC_UL320_.jpg,42,排名进入前50；价格处于人民币等值¥57.60-¥180.00黄金区间；评分达到4.3以上。
2026-06-25,amazon_us,product,search,women slides,42,KIDMI,¥143.57,4.5,KIDMI,,,,,,https://www.amazon.com/KIDMI-Genuine-Sandals-Footbed-Adjustable/dp/B0DQH21M77/ref=sr_1_24?dib=eyJ2IjoiMSJ9._KS9xv2PSxs4p0s5tNQUoq4xU3qT-MHx3jd9FYCpnQSYIHh-rgG1K4MjD6UFye3zBwAcS9tNe1vcDUQbDd0WcxL3toWaV_z3HMXoz_NHSfIzVXl2mPRXv0HPSE28QkCAqPEIS3B10CInqljXn3qlLxzQV8b-wS2kmAOOSWcjNra63_x1vaHGu12mzmzQ5JWG4yZvYfYkWprcsC16s-veozyZ_g_K7kqFDaP2_ssTaZXJ1XMbnkDdpn-dTcb3OE29AoXzaeOR8mcUdT9lke82odCSKQUODYNn1l1Pk_B8sBQ.fWUWiiVBq3IkUO0oZPCVRbYUQzox1b7v2awGWoXyKJU&dib_tag=se&keywords=women+slides&qid=1782386399&sr=8-24,https://m.media-amazon.com/images/I/81JaarSAG2L._AC_UL320_.jpg,42,排名进入前50；价格处于人民币等值¥57.60-¥180.00黄金区间；评分达到4.3以上。
2026-06-25,amazon_us,product,search,platform sandals women,33,BiuYorBTY,¥174.38,4.4,BiuYorBTY,,,,,,https://www.amazon.com/BiuYorBTY-Platform-Sandals-Footbed-Comfort/dp/B0DZ1NT6L9/ref=sr_1_14?dib=eyJ2IjoiMSJ9.69twT_3puw6XYRjA92eE7MPyHb91r8aX5FFdCUfKKias0iaehEbV_rn_-0UEdNb3d8-j7uqVV4c1OAPwVu_zsm3fJxFJZmnY6yw6t54Nx4Z7uw7zi-0UeagJdoML_Gb_yqCN-Hg3Dy1iMxsBbvuImbBkogCNK31-6MGZbjlPxmdnPP7i6f-vzq95p1f548gWcUKkT-ZcfPWKMdiCpiBJ2o2vhparMcPjjOrA4lJlL-rYZHYyslODbkycFO8sryapnizF9Di4vsGOb5xJURx7DTr8phws7ytEqt8u7xRWqxw.6qcSPGtj9d7CLLmrKDzC8g5EnnkjqTxPoP6VcuavGJk&dib_tag=se&keywords=platform+sandals+women&qid=1782386400&sr=8-14,https://m.media-amazon.com/images/I/716g0SFJuTL._AC_UL320_.jpg,42,排名进入前50；价格处于人民币等值¥57.60-¥180.00黄金区间；评分达到4.3以上。
2026-06-25,amazon_us,product,search,platform sandals women,49,Rocket Dog,¥172.66,4.3,Rocket Dog,,,,,,https://www.amazon.com/Rocket-Dog-Womens-Platform-Sandal/dp/B000W91BWU/ref=sr_1_30?dib=eyJ2IjoiMSJ9.69twT_3puw6XYRjA92eE7MPyHb91r8aX5FFdCUfKKias0iaehEbV_rn_-0UEdNb3d8-j7uqVV4c1OAPwVu_zsm3fJxFJZmnY6yw6t54Nx4Z7uw7zi-0UeagJdoML_Gb_yqCN-Hg3Dy1iMxsBbvuImbBkogCNK31-6MGZbjlPxmdnPP7i6f-vzq95p1f548gWcUKkT-ZcfPWKMdiCpiBJ2o2vhparMcPjjOrA4lJlL-rYZHYyslODbkycFO8sryapnizF9Di4vsGOb5xJURx7DTr8phws7ytEqt8u7xRWqxw.6qcSPGtj9d7CLLmrKDzC8g5EnnkjqTxPoP6VcuavGJk&dib_tag=se&keywords=platform+sandals+women&qid=1782386400&sr=8-30,https://m.media-amazon.com/images/I/71eBTqo1s2L._AC_UL320_.jpg,42,排名进入前50；价格处于人民币等值¥57.60-¥180.00黄金区间；评分达到4.3以上。
2026-06-25,amazon_us,product,best_sellers,Best Sellers Women Sandals,13,"CUSHIONAIRE Splash Jelly Flip Flops for Women With Flexible Sole, Soft Footbed Summer Sandals for Women",,3.8,$27.99,,,,,,https://www.amazon.com/CUSHIONAIRE-Flexible-Footbed-Sandals-WHISKEY/dp/B0FCZFSVZD/ref=zg_bs_g_679425011_d_sccl_13/144-1062484-0454632?psc=1,"https://images-na.ssl-images-amazon.com/images/I/71jSCW+w9gL._AC_UL600_SR600,400_.jpg",41,排名进入前30；标题包含 soft、summer，符合美国女鞋舒适化趋势。
2026-06-25,amazon_us,product,new_releases,New Releases Women Sandals,15,"CUSHIONAIRE Tropic Thong Jelly Flip Flops for Women with Square Toe and Wide Strap Design, Comfortable Lightweight Womens Sandals",,3.3,$33.24,,,,,,https://www.amazon.com/CUSHIONAIRE-Comfortable-Lightweight-Sandals-TORTOISE/dp/B0H2FP1P95/ref=zg_bsnr_g_679425011_d_sccl_15/137-3815378-3621952?psc=1,"https://images-na.ssl-images-amazon.com/images/I/71r1GbHxUpL._AC_UL600_SR600,400_.jpg",41,排名进入前30；标题包含 comfort，符合美国女鞋舒适化趋势。
2026-06-25,amazon_us,product,new_releases,New Releases Women Sandals,32,"Monrovia Raffia Chunky Platform Heels for Women, Double Strap Square Open Toe Slip On Heels - Casual Beach Summer Heeled Sandals",,4.4,$31.99,,,,,,https://www.amazon.com/Monrovia-Clear-Heels-Heeled-Sandals/dp/B0GJ5T4GD4/ref=zg_bsnr_g_679425011_d_sccl_32/137-3815378-3621952?psc=1,"https://images-na.ssl-images-amazon.com/images/I/61ccvRhh5EL._AC_UL300_SR300,200_.jpg",41,排名进入前50；标题包含 platform、beach、summer，符合美国女鞋舒适化趋势；评分达到4.3以上。
2026-06-25,amazon_us,product,best_sellers,Best Sellers Women Sandals,36,KuaiLu Womens Flip Flops Ladies Yoga Mat Comfortable Walking Thong Sandals With Plantar Fasciitis Arch Support Slip On Indoor Outdoor For Summer,,4.2,$21.93,,,,,,https://www.amazon.com/KuaiLu-Comfortable-Walking-Sandals-Fasciitis/dp/B08XX52FHY/ref=zg_bs_g_679425011_d_sccl_36/137-3815378-3621952?psc=1,"https://images-na.ssl-images-amazon.com/images/I/61k31MTJEYL._AC_UL300_SR300,200_.jpg",39,排名进入前50；标题包含 comfort、arch support、summer，符合美国女鞋舒适化趋势；评分达到4.0以上。
2026-06-25,amazon_us,product,search,women summer slippers,32,COCOMUSE,¥107.93,4.1,COCOMUSE,,,,,,https://www.amazon.com/Ultralight-Indoor-Cotton-Slippers-Absorb/dp/B09MRP87ZZ/ref=sr_1_18?dib=eyJ2IjoiMSJ9.edQbWdZgRC57j1GkLLh3yg_5pR05vUY5G0-dACSTUcEb7hq8na7bMFX_sswoiB6zjgNmsyvQaikX_iQ42JKmgMotwLV6jde_eRUDAN0Gq8VRWyLRAXxFq0nruCwry6yURSO0XDGBCyB4s3KU2GFsBwTXPr5vl46JHPZ7DzX6BO5_kNBjFpRk26tg8U7-ChjfZFaMtcjkptff4-bW5B9J0J7oaQtsoC8gxBtNlhPDeyrSEL-qCE2Ygzwgi5GFYdhaDQoyb1aFICIxh6aVJnjI69XGpnMA81ZIOFYnWGdbJHU.EfKxodipE2G1lffsONm4iRUwyz9FEyGQN_zcu5EtCrQ&dib_tag=se&keywords=women+summer+slippers&qid=1782386399&sr=8-18,https://m.media-amazon.com/images/I/81KNq3E0H3L._AC_UL320_.jpg,39,排名进入前50；价格处于人民币等值¥57.60-¥180.00黄金区间；评分达到4.0以上。
2026-06-25,amazon_us,product,search,women summer slippers,38,FITORY,¥136.51,4.2,FITORY,,,,,,https://www.amazon.com/FITORY-Sandals-Fashion-Leather-Slippers/dp/B0BN3GQFKN/ref=sr_1_24?dib=eyJ2IjoiMSJ9.edQbWdZgRC57j1GkLLh3yg_5pR05vUY5G0-dACSTUcEb7hq8na7bMFX_sswoiB6zjgNmsyvQaikX_iQ42JKmgMotwLV6jde_eRUDAN0Gq8VRWyLRAXxFq0nruCwry6yURSO0XDGBCyB4s3KU2GFsBwTXPr5vl46JHPZ7DzX6BO5_kNBjFpRk26tg8U7-ChjfZFaMtcjkptff4-bW5B9J0J7oaQtsoC8gxBtNlhPDeyrSEL-qCE2Ygzwgi5GFYdhaDQoyb1aFICIxh6aVJnjI69XGpnMA81ZIOFYnWGdbJHU.EfKxodipE2G1lffsONm4iRUwyz9FEyGQN_zcu5EtCrQ&dib_tag=se&keywords=women+summer+slippers&qid=1782386399&sr=8-24,https://m.media-amazon.com/images/I/61cA2WpKDqL._AC_UL320_.jpg,39,排名进入前50；价格处于人民币等值¥57.60-¥180.00黄金区间；评分达到4.0以上。
2026-06-25,amazon_us,product,search,women summer slippers,39,SaDuck,¥149.69,4.1,SaDuck,,,,,,https://www.amazon.com/SaDuck-Summer-Slippers-Women-Slip/dp/B0GLNVHZ5M/ref=sr_1_25?dib=eyJ2IjoiMSJ9.edQbWdZgRC57j1GkLLh3yg_5pR05vUY5G0-dACSTUcEb7hq8na7bMFX_sswoiB6zjgNmsyvQaikX_iQ42JKmgMotwLV6jde_eRUDAN0Gq8VRWyLRAXxFq0nruCwry6yURSO0XDGBCyB4s3KU2GFsBwTXPr5vl46JHPZ7DzX6BO5_kNBjFpRk26tg8U7-ChjfZFaMtcjkptff4-bW5B9J0J7oaQtsoC8gxBtNlhPDeyrSEL-qCE2Ygzwgi5GFYdhaDQoyb1aFICIxh6aVJnjI69XGpnMA81ZIOFYnWGdbJHU.EfKxodipE2G1lffsONm4iRUwyz9FEyGQN_zcu5EtCrQ&dib_tag=se&keywords=women+summer+slippers&qid=1782386399&sr=8-25,https://m.media-amazon.com/images/I/71LNEIAFQiL._AC_UL320_.jpg,39,排名进入前50；价格处于人民币等值¥57.60-¥180.00黄金区间；评分达到4.0以上。
2026-06-25,amazon_us,product,search,women summer slippers,40,KuaiLu,¥157.90,4.2,KuaiLu,,,,,,https://www.amazon.com/KuaiLu-Comfortable-Walking-Plantar-Fasciitis/dp/B0BN3DW8ZP/ref=sr_1_26?dib=eyJ2IjoiMSJ9.edQbWdZgRC57j1GkLLh3yg_5pR05vUY5G0-dACSTUcEb7hq8na7bMFX_sswoiB6zjgNmsyvQaikX_iQ42JKmgMotwLV6jde_eRUDAN0Gq8VRWyLRAXxFq0nruCwry6yURSO0XDGBCyB4s3KU2GFsBwTXPr5vl46JHPZ7DzX6BO5_kNBjFpRk26tg8U7-ChjfZFaMtcjkptff4-bW5B9J0J7oaQtsoC8gxBtNlhPDeyrSEL-qCE2Ygzwgi5GFYdhaDQoyb1aFICIxh6aVJnjI69XGpnMA81ZIOFYnWGdbJHU.EfKxodipE2G1lffsONm4iRUwyz9FEyGQN_zcu5EtCrQ&dib_tag=se&keywords=women+summer+slippers&qid=1782386399&sr=8-26,https://m.media-amazon.com/images/I/61Qb8hEa+tL._AC_UL320_.jpg,39,排名进入前50；价格处于人民币等值¥57.60-¥180.00黄金区间；评分达到4.0以上。
2026-06-25,amazon_us,product,search,women summer slippers,43,MAGILONA,¥143.93,4.0,MAGILONA,,,,,,https://www.amazon.com/MAGILONA-Unisex-Open-Toe-Slippers-Non-Slip/dp/B0C4KQJ1R6/ref=sr_1_29?dib=eyJ2IjoiMSJ9.edQbWdZgRC57j1GkLLh3yg_5pR05vUY5G0-dACSTUcEb7hq8na7bMFX_sswoiB6zjgNmsyvQaikX_iQ42JKmgMotwLV6jde_eRUDAN0Gq8VRWyLRAXxFq0nruCwry6yURSO0XDGBCyB4s3KU2GFsBwTXPr5vl46JHPZ7DzX6BO5_kNBjFpRk26tg8U7-ChjfZFaMtcjkptff4-bW5B9J0J7oaQtsoC8gxBtNlhPDeyrSEL-qCE2Ygzwgi5GFYdhaDQoyb1aFICIxh6aVJnjI69XGpnMA81ZIOFYnWGdbJHU.EfKxodipE2G1lffsONm4iRUwyz9FEyGQN_zcu5EtCrQ&dib_tag=se&keywords=women+summer+slippers&qid=1782386399&sr=8-29,https://m.media-amazon.com/images/I/71YgTA6teCL._AC_UL320_.jpg,39,排名进入前50；价格处于人民币等值¥57.60-¥180.00黄金区间；评分达到4.0以上。
2026-06-25,amazon_us,product,search,women summer slippers,46,FRALOSHA,¥71.93,4.2,FRALOSHA,,,,,,https://www.amazon.com/FRALOSHA-Slippers-Breathable-Outdoor-Sandals/dp/B07FSG6P3M/ref=sr_1_32?dib=eyJ2IjoiMSJ9.edQbWdZgRC57j1GkLLh3yg_5pR05vUY5G0-dACSTUcEb7hq8na7bMFX_sswoiB6zjgNmsyvQaikX_iQ42JKmgMotwLV6jde_eRUDAN0Gq8VRWyLRAXxFq0nruCwry6yURSO0XDGBCyB4s3KU2GFsBwTXPr5vl46JHPZ7DzX6BO5_kNBjFpRk26tg8U7-ChjfZFaMtcjkptff4-bW5B9J0J7oaQtsoC8gxBtNlhPDeyrSEL-qCE2Ygzwgi5GFYdhaDQoyb1aFICIxh6aVJnjI69XGpnMA81ZIOFYnWGdbJHU.EfKxodipE2G1lffsONm4iRUwyz9FEyGQN_zcu5EtCrQ&dib_tag=se&keywords=women+summer+slippers&qid=1782386399&sr=8-32,https://m.media-amazon.com/images/I/810Hfh0qwIL._AC_UL320_.jpg,39,排名进入前50；价格处于人民币等值¥57.60-¥180.00黄金区间；评分达到4.0以上。
2026-06-25,amazon_us,product,search,platform sandals women,43,FUNKYMONKEY,¥109.37,4.1,FUNKYMONKEY,,,,,,https://www.amazon.com/FUNKYMONKEY-Thick-sole-Adjustable-Waterproof-Platform/dp/B0CX8JWVQP/ref=sr_1_24?dib=eyJ2IjoiMSJ9.69twT_3puw6XYRjA92eE7MPyHb91r8aX5FFdCUfKKias0iaehEbV_rn_-0UEdNb3d8-j7uqVV4c1OAPwVu_zsm3fJxFJZmnY6yw6t54Nx4Z7uw7zi-0UeagJdoML_Gb_yqCN-Hg3Dy1iMxsBbvuImbBkogCNK31-6MGZbjlPxmdnPP7i6f-vzq95p1f548gWcUKkT-ZcfPWKMdiCpiBJ2o2vhparMcPjjOrA4lJlL-rYZHYyslODbkycFO8sryapnizF9Di4vsGOb5xJURx7DTr8phws7ytEqt8u7xRWqxw.6qcSPGtj9d7CLLmrKDzC8g5EnnkjqTxPoP6VcuavGJk&dib_tag=se&keywords=platform+sandals+women&qid=1782386400&sr=8-24,https://m.media-amazon.com/images/I/61gRcMpyJjL._AC_UL320_.jpg,39,排名进入前50；价格处于人民币等值¥57.60-¥180.00黄金区间；评分达到4.0以上。
2026-06-25,amazon_us,product,new_releases,New Releases Women Sandals,34,Project Cloud Womens Sandals with Memory Foam - Eco Crafted Leather Sandals for Women 2026 - Flats - Non Slip & Comfortable Sandals Women (Lisa),,4.0,$39.92,,,,,,https://www.amazon.com/Project-Cloud-Womens-Sandals-Memory/dp/B0GY5YWSMV/ref=zg_bsnr_g_679425011_d_sccl_34/137-3815378-3621952?psc=1,"https://images-na.ssl-images-amazon.com/images/I/81U8JrVbpYL._AC_UL300_SR300,200_.jpg",38,排名进入前50；标题包含 cloud、comfort，符合美国女鞋舒适化趋势；评分达到4.0以上。
2026-06-25,amazon_us,product,search,women summer slippers,50,Dearfoams,¥194.40,4.3,Dearfoams,,,,,,https://www.amazon.com/Dearfoams-womens-Slipper-Dusty-Large/dp/B083VY1Q3M/ref=sr_1_36?dib=eyJ2IjoiMSJ9.edQbWdZgRC57j1GkLLh3yg_5pR05vUY5G0-dACSTUcEb7hq8na7bMFX_sswoiB6zjgNmsyvQaikX_iQ42JKmgMotwLV6jde_eRUDAN0Gq8VRWyLRAXxFq0nruCwry6yURSO0XDGBCyB4s3KU2GFsBwTXPr5vl46JHPZ7DzX6BO5_kNBjFpRk26tg8U7-ChjfZFaMtcjkptff4-bW5B9J0J7oaQtsoC8gxBtNlhPDeyrSEL-qCE2Ygzwgi5GFYdhaDQoyb1aFICIxh6aVJnjI69XGpnMA81ZIOFYnWGdbJHU.EfKxodipE2G1lffsONm4iRUwyz9FEyGQN_zcu5EtCrQ&dib_tag=se&keywords=women+summer+slippers&qid=1782386399&sr=8-36,https://m.media-amazon.com/images/I/716X6dZXCuL._AC_UL320_.jpg,37,排名进入前50；价格处于人民币等值¥180.00-¥288.00区间；评分达到4.3以上。
2026-06-25,amazon_us,product,search,women slides,36,REEF,¥283.18,4.4,REEF,,,,,,https://www.amazon.com/Reef-Womens-Cushion-Sandal-Vintage/dp/B0BPK1HXKX/ref=sr_1_18?dib=eyJ2IjoiMSJ9._KS9xv2PSxs4p0s5tNQUoq4xU3qT-MHx3jd9FYCpnQSYIHh-rgG1K4MjD6UFye3zBwAcS9tNe1vcDUQbDd0WcxL3toWaV_z3HMXoz_NHSfIzVXl2mPRXv0HPSE28QkCAqPEIS3B10CInqljXn3qlLxzQV8b-wS2kmAOOSWcjNra63_x1vaHGu12mzmzQ5JWG4yZvYfYkWprcsC16s-veozyZ_g_K7kqFDaP2_ssTaZXJ1XMbnkDdpn-dTcb3OE29AoXzaeOR8mcUdT9lke82odCSKQUODYNn1l1Pk_B8sBQ.fWUWiiVBq3IkUO0oZPCVRbYUQzox1b7v2awGWoXyKJU&dib_tag=se&keywords=women+slides&qid=1782386399&sr=8-18,https://m.media-amazon.com/images/I/61sqCrQF+NL._AC_UL320_.jpg,37,排名进入前50；价格处于人民币等值¥180.00-¥288.00区间；评分达到4.3以上。
2026-06-25,amazon_us,product,search,women slides,49,Crocs,¥287.64,4.5,Crocs,,,,,,https://www.amazon.com/Crocs-Getaway-Strappy-Sandals-Truffle/dp/B0D7VHLQFZ/ref=sr_1_31?dib=eyJ2IjoiMSJ9._KS9xv2PSxs4p0s5tNQUoq4xU3qT-MHx3jd9FYCpnQSYIHh-rgG1K4MjD6UFye3zBwAcS9tNe1vcDUQbDd0WcxL3toWaV_z3HMXoz_NHSfIzVXl2mPRXv0HPSE28QkCAqPEIS3B10CInqljXn3qlLxzQV8b-wS2kmAOOSWcjNra63_x1vaHGu12mzmzQ5JWG4yZvYfYkWprcsC16s-veozyZ_g_K7kqFDaP2_ssTaZXJ1XMbnkDdpn-dTcb3OE29AoXzaeOR8mcUdT9lke82odCSKQUODYNn1l1Pk_B8sBQ.fWUWiiVBq3IkUO0oZPCVRbYUQzox1b7v2awGWoXyKJU&dib_tag=se&keywords=women+slides&qid=1782386399&sr=8-31,https://m.media-amazon.com/images/I/41XlH+hu26L._AC_UL320_.jpg,37,排名进入前50；价格处于人民币等值¥180.00-¥288.00区间；评分达到4.3以上。
2026-06-25,amazon_us,product,search,platform sandals women,35,Soda,¥215.93,4.5,Soda,,,,,,https://www.amazon.com/Soda-Buckle-Espadrilles-Flatform-Casual/dp/B0C5S26DHB/ref=sr_1_16?dib=eyJ2IjoiMSJ9.69twT_3puw6XYRjA92eE7MPyHb91r8aX5FFdCUfKKias0iaehEbV_rn_-0UEdNb3d8-j7uqVV4c1OAPwVu_zsm3fJxFJZmnY6yw6t54Nx4Z7uw7zi-0UeagJdoML_Gb_yqCN-Hg3Dy1iMxsBbvuImbBkogCNK31-6MGZbjlPxmdnPP7i6f-vzq95p1f548gWcUKkT-ZcfPWKMdiCpiBJ2o2vhparMcPjjOrA4lJlL-rYZHYyslODbkycFO8sryapnizF9Di4vsGOb5xJURx7DTr8phws7ytEqt8u7xRWqxw.6qcSPGtj9d7CLLmrKDzC8g5EnnkjqTxPoP6VcuavGJk&dib_tag=se&keywords=platform+sandals+women&qid=1782386400&sr=8-16,https://m.media-amazon.com/images/I/71q-Jp+UEkL._AC_UL320_.jpg,37,排名进入前50；价格处于人民币等值¥180.00-¥288.00区间；评分达到4.3以上。
2026-06-25,amazon_us,product,search,platform sandals women,42,VICKI·VICKI,¥270.86,4.4,VICKI·VICKI,,,,,,https://www.amazon.com/VICKI%C2%B7VICKI-Womens-Platform-Sandals-Wedge/dp/B08B4VCB7H/ref=sr_1_23?dib=eyJ2IjoiMSJ9.69twT_3puw6XYRjA92eE7MPyHb91r8aX5FFdCUfKKias0iaehEbV_rn_-0UEdNb3d8-j7uqVV4c1OAPwVu_zsm3fJxFJZmnY6yw6t54Nx4Z7uw7zi-0UeagJdoML_Gb_yqCN-Hg3Dy1iMxsBbvuImbBkogCNK31-6MGZbjlPxmdnPP7i6f-vzq95p1f548gWcUKkT-ZcfPWKMdiCpiBJ2o2vhparMcPjjOrA4lJlL-rYZHYyslODbkycFO8sryapnizF9Di4vsGOb5xJURx7DTr8phws7ytEqt8u7xRWqxw.6qcSPGtj9d7CLLmrKDzC8g5EnnkjqTxPoP6VcuavGJk&dib_tag=se&keywords=platform+sandals+women&qid=1782386400&sr=8-23,https://m.media-amazon.com/images/I/51Q0yOuTnXL._AC_UL320_.jpg,37,排名进入前50；价格处于人民币等值¥180.00-¥288.00区间；评分达到4.3以上。
2026-06-25,amazon_us,product,search,platform sandals women,47,DREAM PAIRS,¥184.61,4.3,DREAM PAIRS,,,,,,https://www.amazon.com/DREAM-PAIRS-Elastic-Flatform-Platform/dp/B08138FWSP/ref=sr_1_28?dib=eyJ2IjoiMSJ9.69twT_3puw6XYRjA92eE7MPyHb91r8aX5FFdCUfKKias0iaehEbV_rn_-0UEdNb3d8-j7uqVV4c1OAPwVu_zsm3fJxFJZmnY6yw6t54Nx4Z7uw7zi-0UeagJdoML_Gb_yqCN-Hg3Dy1iMxsBbvuImbBkogCNK31-6MGZbjlPxmdnPP7i6f-vzq95p1f548gWcUKkT-ZcfPWKMdiCpiBJ2o2vhparMcPjjOrA4lJlL-rYZHYyslODbkycFO8sryapnizF9Di4vsGOb5xJURx7DTr8phws7ytEqt8u7xRWqxw.6qcSPGtj9d7CLLmrKDzC8g5EnnkjqTxPoP6VcuavGJk&dib_tag=se&keywords=platform+sandals+women&qid=1782386400&sr=8-28,https://m.media-amazon.com/images/I/716T8wDzQRL._AC_UL320_.jpg,37,排名进入前50；价格处于人民币等值¥180.00-¥288.00区间；评分达到4.3以上。
2026-06-25,amazon_us,product,best_sellers,Best Sellers Women Sandals,44,KIDMI Unisex Summer Sandals Arch Support Cork Footbed Slide Sandals with Double Adjustable Buckle for Women Men,,4.5,$19.94,,,,,,https://www.amazon.com/KIDMI-Genuine-Sandals-Footbed-Adjustable/dp/B0DQH21M77/ref=zg_bs_g_679425011_d_sccl_44/137-3815378-3621952?psc=1,"https://images-na.ssl-images-amazon.com/images/I/81JaarSAG2L._AC_UL300_SR300,200_.jpg",36,排名进入前50；标题包含 arch support、summer，符合美国女鞋舒适化趋势；评分达到4.3以上。
2026-06-25,amazon_us,product,new_releases,New Releases Women Sandals,28,"CUSHIONAIRE Elle Pointed Heel Womens Sandal, Open Toe Heeled Mule with Cushioned Memory and Stiletto Design",,3.9,$47.48,,,,,,https://www.amazon.com/CUSHIONAIRE-Pointed-Cushioned-Stiletto-CHAMPAGNE/dp/B0GXGX1M8Z/ref=zg_bsnr_g_679425011_d_sccl_28/137-3815378-3621952?psc=1,"https://images-na.ssl-images-amazon.com/images/I/71ch+3yhREL._AC_UL600_SR600,400_.jpg",35,排名进入前30。
2026-06-25,amazon_us,product,search,platform sandals women,45,Lovee Cosee,¥259.85,4.1,Lovee Cosee,,,,,,https://www.amazon.com/Lovee-Cosee-Lightweight-Comfortable-Essentials/dp/B0F1MYF4FQ/ref=sr_1_26?dib=eyJ2IjoiMSJ9.69twT_3puw6XYRjA92eE7MPyHb91r8aX5FFdCUfKKias0iaehEbV_rn_-0UEdNb3d8-j7uqVV4c1OAPwVu_zsm3fJxFJZmnY6yw6t54Nx4Z7uw7zi-0UeagJdoML_Gb_yqCN-Hg3Dy1iMxsBbvuImbBkogCNK31-6MGZbjlPxmdnPP7i6f-vzq95p1f548gWcUKkT-ZcfPWKMdiCpiBJ2o2vhparMcPjjOrA4lJlL-rYZHYyslODbkycFO8sryapnizF9Di4vsGOb5xJURx7DTr8phws7ytEqt8u7xRWqxw.6qcSPGtj9d7CLLmrKDzC8g5EnnkjqTxPoP6VcuavGJk&dib_tag=se&keywords=platform+sandals+women&qid=1782386400&sr=8-26,https://m.media-amazon.com/images/I/71tL3Y0loaL._AC_UL320_.jpg,34,排名进入前50；价格处于人民币等值¥180.00-¥288.00区间；评分达到4.0以上。
2026-06-25,amazon_us,product,new_releases,New Releases Women Sandals,39,VIVASUN Slides for Women with Arch Support Beach Slides Waterproof Shower Rubber Slide for Indoor and Outdoor,,4.1,$7.99,,,,,,https://www.amazon.com/VIVASUN-Slides-Support-Waterproof-Outdoor/dp/B0GWXL8MJ8/ref=zg_bsnr_g_679425011_d_sccl_39/137-3815378-3621952?psc=1,"https://images-na.ssl-images-amazon.com/images/I/61NH8ZyCw3L._AC_UL300_SR300,200_.jpg",33,排名进入前50；标题包含 arch support、beach，符合美国女鞋舒适化趋势；评分达到4.0以上。
2026-06-25,amazon_us,product,new_releases,New Releases Women Sandals,42,"Dearuser Pool Slides for Women Non-Slip Quick Dry Beach Sandals Adjustable Double Buckle Slip On Slide Sandals for Casual Summer Travel,Vacation",,4.5,$39.99,,,,,,https://www.amazon.com/Dearuser-Sandals-Comfortable-Waterproof-Vacation/dp/B0GX9JDCNS/ref=zg_bsnr_g_679425011_d_sccl_42/137-3815378-3621952?psc=1,"https://images-na.ssl-images-amazon.com/images/I/71229ga16cL._AC_UL300_SR300,200_.jpg",33,排名进入前50；标题包含 beach、summer，符合美国女鞋舒适化趋势；评分达到4.3以上。
2026-06-25,amazon_us,product,search,women slides,34,Nike,¥396.00,4.6,Nike,,,,,,https://www.amazon.com/Nike-Womens-Slides-Sandal-Sail-Sail/dp/B0F8RWJWPP/ref=sr_1_16?dib=eyJ2IjoiMSJ9._KS9xv2PSxs4p0s5tNQUoq4xU3qT-MHx3jd9FYCpnQSYIHh-rgG1K4MjD6UFye3zBwAcS9tNe1vcDUQbDd0WcxL3toWaV_z3HMXoz_NHSfIzVXl2mPRXv0HPSE28QkCAqPEIS3B10CInqljXn3qlLxzQV8b-wS2kmAOOSWcjNra63_x1vaHGu12mzmzQ5JWG4yZvYfYkWprcsC16s-veozyZ_g_K7kqFDaP2_ssTaZXJ1XMbnkDdpn-dTcb3OE29AoXzaeOR8mcUdT9lke82odCSKQUODYNn1l1Pk_B8sBQ.fWUWiiVBq3IkUO0oZPCVRbYUQzox1b7v2awGWoXyKJU&dib_tag=se&keywords=women+slides&qid=1782386399&sr=8-16,https://m.media-amazon.com/images/I/51cWuQbsCJL._AC_UL320_.jpg,33,排名进入前50；价格高于人民币等值¥288.00；评分达到4.6以上。
2026-06-25,amazon_us,product,best_sellers,Best Sellers Women Sandals,38,REEF Water Vista Higher,,4.4,$79.95,,,,,,https://www.amazon.com/Reef-Womens-Higher-Sandal-Natural/dp/B0CPCK7FJR/ref=zg_bs_g_679425011_d_sccl_38/137-3815378-3621952?psc=1,"https://images-na.ssl-images-amazon.com/images/I/61V8NrfjzdL._AC_UL300_SR300,200_.jpg",32,排名进入前50；评论数达到50以上；评分达到4.3以上。
2026-06-25,amazon_us,product,best_sellers,Best Sellers Women Sandals,32,Weweya Slides for Women and Men - Bathroom Shower Shoes - Non Slip House Slippers - Lightweight Beach Sandals,,4.4,$9.99,,,,,,https://www.amazon.com/Weweya-Shower-Bathroom-Slippers-Sandals/dp/B0F1XJ9TM4/ref=zg_bs_g_679425011_d_sccl_32/137-3815378-3621952?psc=1,"https://images-na.ssl-images-amazon.com/images/I/718rk3GaK+L._AC_UL300_SR300,200_.jpg",30,排名进入前50；标题包含 beach，符合美国女鞋舒适化趋势；评分达到4.3以上。
2026-06-25,amazon_us,product,best_sellers,Best Sellers Women Sandals,39,shevalues Slim Flip Flops for Women Beach Rubber Shower Shoes Basic Thong Sandals,,4.4,$8.11,,,,,,https://www.amazon.com/shevalues-Shower-Rubber-Sandals-Comfortable/dp/B0B68G2D52/ref=zg_bs_g_679425011_d_sccl_39/137-3815378-3621952?psc=1,"https://images-na.ssl-images-amazon.com/images/I/61X4Xy4XRFL._AC_UL300_SR300,200_.jpg",30,排名进入前50；标题包含 beach，符合美国女鞋舒适化趋势；评分达到4.3以上。
2026-06-25,amazon_us,product,new_releases,New Releases Women Sandals,41,MAVMAX Clear Jelly Slide Sandals for Women Mary Jane Mules Breathable Closed Toe Flat Summer Slip On Mesh Slides for Woman,,4.4,$23.11,,,,,,https://www.amazon.com/MAVMAX-Sandals-Breathable-Closed-Summer/dp/B0GXZLGFJ1/ref=zg_bsnr_g_679425011_d_sccl_41/137-3815378-3621952?psc=1,"https://images-na.ssl-images-amazon.com/images/I/41g+sOipKAL._AC_UL300_SR300,200_.jpg",30,排名进入前50；标题包含 summer，符合美国女鞋舒适化趋势；评分达到4.3以上。
2026-06-25,amazon_us,product,new_releases,New Releases Women Sandals,46,adidas Women's Adilette Comfort 2.0 Slide,,4.1,$28.00,,,,,,https://www.amazon.com/adidas-Womens-Adilette-Comfort-Crystal/dp/B0F2B6PNGW/ref=zg_bsnr_g_679425011_d_sccl_46/137-3815378-3621952?psc=1,"https://images-na.ssl-images-amazon.com/images/I/51MmIVL+CDL._AC_UL300_SR300,200_.jpg",30,排名进入前50；标题包含 comfort，符合美国女鞋舒适化趋势；评分达到4.0以上。
2026-06-25,amazon_us,product,search,women slides,31,OOFOS,¥366.91,4.4,OOFOS,,,,,,https://www.amazon.com/OOFOS-Unisex-Ooahh-Slide-Sandal/dp/B00BRC4L14/ref=sr_1_13?dib=eyJ2IjoiMSJ9._KS9xv2PSxs4p0s5tNQUoq4xU3qT-MHx3jd9FYCpnQSYIHh-rgG1K4MjD6UFye3zBwAcS9tNe1vcDUQbDd0WcxL3toWaV_z3HMXoz_NHSfIzVXl2mPRXv0HPSE28QkCAqPEIS3B10CInqljXn3qlLxzQV8b-wS2kmAOOSWcjNra63_x1vaHGu12mzmzQ5JWG4yZvYfYkWprcsC16s-veozyZ_g_K7kqFDaP2_ssTaZXJ1XMbnkDdpn-dTcb3OE29AoXzaeOR8mcUdT9lke82odCSKQUODYNn1l1Pk_B8sBQ.fWUWiiVBq3IkUO0oZPCVRbYUQzox1b7v2awGWoXyKJU&dib_tag=se&keywords=women+slides&qid=1782386399&sr=8-13,https://m.media-amazon.com/images/I/51NSD3PLF-L._AC_UL320_.jpg,30,排名进入前50；价格高于人民币等值¥288.00；评分达到4.3以上。
2026-06-25,amazon_us,product,search,platform sandals women,44,Aerosoles,¥314.50,4.5,Aerosoles,,,,,,https://www.amazon.com/Aerosoles-Womens-CAMILIA-Heeled-Natural/dp/B0CTKDTBST/ref=sr_1_25?dib=eyJ2IjoiMSJ9.69twT_3puw6XYRjA92eE7MPyHb91r8aX5FFdCUfKKias0iaehEbV_rn_-0UEdNb3d8-j7uqVV4c1OAPwVu_zsm3fJxFJZmnY6yw6t54Nx4Z7uw7zi-0UeagJdoML_Gb_yqCN-Hg3Dy1iMxsBbvuImbBkogCNK31-6MGZbjlPxmdnPP7i6f-vzq95p1f548gWcUKkT-ZcfPWKMdiCpiBJ2o2vhparMcPjjOrA4lJlL-rYZHYyslODbkycFO8sryapnizF9Di4vsGOb5xJURx7DTr8phws7ytEqt8u7xRWqxw.6qcSPGtj9d7CLLmrKDzC8g5EnnkjqTxPoP6VcuavGJk&dib_tag=se&keywords=platform+sandals+women&qid=1782386400&sr=8-25,https://m.media-amazon.com/images/I/71bCv2s89xL._AC_UL320_.jpg,30,排名进入前50；价格高于人民币等值¥288.00；评分达到4.3以上。
2026-06-25,amazon_us,product,best_sellers,Best Sellers Women Sandals,42,REEF Womens Bliss Nights Flip Flop,,4.3,$23.73,,,,,,https://www.amazon.com/Reef-Womens-Nights-Flip-Flop-Champagne/dp/B07WR43DRG/ref=zg_bs_g_679425011_d_sccl_42/137-3815378-3621952?psc=1,"https://images-na.ssl-images-amazon.com/images/I/51uNI4IaUZL._AC_UL300_SR300,200_.jpg",27,排名进入前50；评分达到4.3以上。
2026-06-25,amazon_us,product,best_sellers,Best Sellers Women Sandals,43,Ankis Heels for Women Open Toe Ankle Strap Chunky Heel Sandals 2.75 Inch,,4.4,$25.49,,,,,,https://www.amazon.com/Ankis-Nude-Heels-Women-numeric_8/dp/B094CTB3TY/ref=zg_bs_g_679425011_d_sccl_43/137-3815378-3621952?psc=1,"https://images-na.ssl-images-amazon.com/images/I/71dUhT7TubL._AC_UL300_SR300,200_.jpg",27,排名进入前50；评分达到4.3以上。
2026-06-25,amazon_us,product,new_releases,New Releases Women Sandals,31,"CUSHIONAIRE Quiz Kitten Heels for Women, Strappy Heeled Sandals with Cushioned Footbed, Slip On Open Toe Sandal",,4.3,$42.73,,,,,,https://www.amazon.com/CUSHIONAIRE-Strappy-Sandals-Cushioned-Footbed/dp/B0GZZKNN87/ref=zg_bsnr_g_679425011_d_sccl_31/137-3815378-3621952?psc=1,"https://images-na.ssl-images-amazon.com/images/I/712tHXKRYQL._AC_UL300_SR300,200_.jpg",27,排名进入前50；评分达到4.3以上。
2026-06-25,amazon_us,product,search,women slides,38,CUSHIONAIRE,,4.5,CUSHIONAIRE,,,,,,https://www.amazon.com/CUSHIONAIRE-Womens-Slide-Sandals-Brown/dp/B075PBVR9N/ref=sr_1_20?dib=eyJ2IjoiMSJ9._KS9xv2PSxs4p0s5tNQUoq4xU3qT-MHx3jd9FYCpnQSYIHh-rgG1K4MjD6UFye3zBwAcS9tNe1vcDUQbDd0WcxL3toWaV_z3HMXoz_NHSfIzVXl2mPRXv0HPSE28QkCAqPEIS3B10CInqljXn3qlLxzQV8b-wS2kmAOOSWcjNra63_x1vaHGu12mzmzQ5JWG4yZvYfYkWprcsC16s-veozyZ_g_K7kqFDaP2_ssTaZXJ1XMbnkDdpn-dTcb3OE29AoXzaeOR8mcUdT9lke82odCSKQUODYNn1l1Pk_B8sBQ.fWUWiiVBq3IkUO0oZPCVRbYUQzox1b7v2awGWoXyKJU&dib_tag=se&keywords=women+slides&qid=1782386399&sr=8-20,https://m.media-amazon.com/images/I/81suZ76XHpL._AC_UL320_.jpg,27,排名进入前50；评分达到4.3以上。
2026-06-25,amazon_us,product,search,women slides,50,CUSHIONAIRE,,4.4,CUSHIONAIRE,,,,,,https://www.amazon.com/CUSHIONAIRE-Womens-recovery-cloud-Comfort/dp/B0BTQPS1F4/ref=sr_1_32?dib=eyJ2IjoiMSJ9._KS9xv2PSxs4p0s5tNQUoq4xU3qT-MHx3jd9FYCpnQSYIHh-rgG1K4MjD6UFye3zBwAcS9tNe1vcDUQbDd0WcxL3toWaV_z3HMXoz_NHSfIzVXl2mPRXv0HPSE28QkCAqPEIS3B10CInqljXn3qlLxzQV8b-wS2kmAOOSWcjNra63_x1vaHGu12mzmzQ5JWG4yZvYfYkWprcsC16s-veozyZ_g_K7kqFDaP2_ssTaZXJ1XMbnkDdpn-dTcb3OE29AoXzaeOR8mcUdT9lke82odCSKQUODYNn1l1Pk_B8sBQ.fWUWiiVBq3IkUO0oZPCVRbYUQzox1b7v2awGWoXyKJU&dib_tag=se&keywords=women+slides&qid=1782386399&sr=8-32,https://m.media-amazon.com/images/I/81ab6T9a83L._AC_UL320_.jpg,27,排名进入前50；评分达到4.3以上。
2026-06-25,amazon_us,product,new_releases,New Releases Women Sandals,44,Kitten Heels for Women with Metal Disc Ornament Leather Stiletto Heels Open Toe Adjustable Ankle Strap Slingback High Heels Summer Vintage Dress Dance Shoes,¥431.93,,,,,,,,https://www.amazon.com/Ornament-Leather-Stiletto-Adjustable-Slingback/dp/B0H4TV6JPF/ref=zg_bsnr_g_679425011_d_sccl_44/137-3815378-3621952?psc=1,"https://images-na.ssl-images-amazon.com/images/I/61zMpO9KSGL._AC_UL300_SR300,200_.jpg",26,排名进入前50；价格高于人民币等值¥288.00；标题包含 summer，符合美国女鞋舒适化趋势。
2026-06-25,amazon_us,product,new_releases,New Releases Women Sandals,40,"CUSHIONAIRE Lanky Strappy Sandals for Women, Trendy Multi-Strap Square Toe Flat Slide Womens Sandals with Cushioned Footbed",,4.0,$37.98,,,,,,https://www.amazon.com/CUSHIONAIRE-Strappy-Sandals-Multi-Strap-Cushioned/dp/B0GXLNQY3W/ref=zg_bsnr_g_679425011_d_sccl_40/137-3815378-3621952?psc=1,"https://images-na.ssl-images-amazon.com/images/I/71f76aU4iML._AC_UL300_SR300,200_.jpg",24,排名进入前50；评分达到4.0以上。
2026-06-25,amazon_us,product,new_releases,New Releases Women Sandals,43,"CUSHIONAIRE Era Rope Thong Strappy Sandals for Women, Flat Minimalist Sandals Women Footwear with Adjustable Ankle Support",,4.2,$37.98,,,,,,https://www.amazon.com/CUSHIONAIRE-Strappy-Minimalist-Footwear-Adjustable/dp/B0GZ8LHYV9/ref=zg_bsnr_g_679425011_d_sccl_43/137-3815378-3621952?psc=1,"https://images-na.ssl-images-amazon.com/images/I/81n83+B4+kL._AC_UL300_SR300,200_.jpg",24,排名进入前50；评分达到4.0以上。
2026-06-25,amazon_us,product,search,women slides,35,CUSHIONAIRE,,4.0,CUSHIONAIRE,,,,,,https://www.amazon.com/CUSHIONAIRE-Waterproof-Adjustable-Sandals-WHISKEY/dp/B0FD132FYF/ref=sr_1_17?dib=eyJ2IjoiMSJ9._KS9xv2PSxs4p0s5tNQUoq4xU3qT-MHx3jd9FYCpnQSYIHh-rgG1K4MjD6UFye3zBwAcS9tNe1vcDUQbDd0WcxL3toWaV_z3HMXoz_NHSfIzVXl2mPRXv0HPSE28QkCAqPEIS3B10CInqljXn3qlLxzQV8b-wS2kmAOOSWcjNra63_x1vaHGu12mzmzQ5JWG4yZvYfYkWprcsC16s-veozyZ_g_K7kqFDaP2_ssTaZXJ1XMbnkDdpn-dTcb3OE29AoXzaeOR8mcUdT9lke82odCSKQUODYNn1l1Pk_B8sBQ.fWUWiiVBq3IkUO0oZPCVRbYUQzox1b7v2awGWoXyKJU&dib_tag=se&keywords=women+slides&qid=1782386399&sr=8-17,https://m.media-amazon.com/images/I/81lNbpr-lkL._AC_UL320_.jpg,24,排名进入前50；评分达到4.0以上。
2026-06-25,amazon_us,product,search,platform sandals women,41,CUSHIONAIRE,,4.0,CUSHIONAIRE,,,,,,https://www.amazon.com/CUSHIONAIRE-Waterproof-Adjustable-Sandals-WHISKEY/dp/B0FCZTW66W/ref=sr_1_22?dib=eyJ2IjoiMSJ9.69twT_3puw6XYRjA92eE7MPyHb91r8aX5FFdCUfKKias0iaehEbV_rn_-0UEdNb3d8-j7uqVV4c1OAPwVu_zsm3fJxFJZmnY6yw6t54Nx4Z7uw7zi-0UeagJdoML_Gb_yqCN-Hg3Dy1iMxsBbvuImbBkogCNK31-6MGZbjlPxmdnPP7i6f-vzq95p1f548gWcUKkT-ZcfPWKMdiCpiBJ2o2vhparMcPjjOrA4lJlL-rYZHYyslODbkycFO8sryapnizF9Di4vsGOb5xJURx7DTr8phws7ytEqt8u7xRWqxw.6qcSPGtj9d7CLLmrKDzC8g5EnnkjqTxPoP6VcuavGJk&dib_tag=se&keywords=platform+sandals+women&qid=1782386400&sr=8-22,https://m.media-amazon.com/images/I/81lNbpr-lkL._AC_UL320_.jpg,24,排名进入前50；评分达到4.0以上。
2026-06-25,amazon_us,product,search,platform sandals women,48,Madden Girl,¥424.80,3.9,Madden Girl,,,,,,https://www.amazon.com/Madden-Girl-Womens-Mythicall-Natural/dp/B0CNKPC4Y5/ref=sr_1_29?dib=eyJ2IjoiMSJ9.69twT_3puw6XYRjA92eE7MPyHb91r8aX5FFdCUfKKias0iaehEbV_rn_-0UEdNb3d8-j7uqVV4c1OAPwVu_zsm3fJxFJZmnY6yw6t54Nx4Z7uw7zi-0UeagJdoML_Gb_yqCN-Hg3Dy1iMxsBbvuImbBkogCNK31-6MGZbjlPxmdnPP7i6f-vzq95p1f548gWcUKkT-ZcfPWKMdiCpiBJ2o2vhparMcPjjOrA4lJlL-rYZHYyslODbkycFO8sryapnizF9Di4vsGOb5xJURx7DTr8phws7ytEqt8u7xRWqxw.6qcSPGtj9d7CLLmrKDzC8g5EnnkjqTxPoP6VcuavGJk&dib_tag=se&keywords=platform+sandals+women&qid=1782386400&sr=8-29,https://m.media-amazon.com/images/I/71SNHrdlHML._AC_UL320_.jpg,23,排名进入前50；价格高于人民币等值¥288.00。
2026-06-25,amazon_us,product,search,women summer slippers,47,dyiozbga,,3.8,dyiozbga,,,,,,https://www.amazon.com/dyiozbga-Comfortable-Breathable-Orthopedic-Lightweight/dp/B0G6L2RHZG/ref=sr_1_33?dib=eyJ2IjoiMSJ9.edQbWdZgRC57j1GkLLh3yg_5pR05vUY5G0-dACSTUcEb7hq8na7bMFX_sswoiB6zjgNmsyvQaikX_iQ42JKmgMotwLV6jde_eRUDAN0Gq8VRWyLRAXxFq0nruCwry6yURSO0XDGBCyB4s3KU2GFsBwTXPr5vl46JHPZ7DzX6BO5_kNBjFpRk26tg8U7-ChjfZFaMtcjkptff4-bW5B9J0J7oaQtsoC8gxBtNlhPDeyrSEL-qCE2Ygzwgi5GFYdhaDQoyb1aFICIxh6aVJnjI69XGpnMA81ZIOFYnWGdbJHU.EfKxodipE2G1lffsONm4iRUwyz9FEyGQN_zcu5EtCrQ&dib_tag=se&keywords=women+summer+slippers&qid=1782386399&sr=8-33,https://m.media-amazon.com/images/I/71yJlD7GxHL._AC_UL320_.jpg,20,排名进入前50。
