date,source,data_type,list_type,keyword,rank,title,price,rating,review_count,likes,comments,views,published_at,competition_count,product_url,image_url,hot_score,reason
2026-07-29,amazon_us,product,search,platform sandals women,22,"UBFEN Womens Platform Sandals with Orthopedic Arch Support | Lightweight, Comfortable, Casual, Outdoor Walking, Low Wedge UBFEN Womens Platform Sandals with Orthopedic Arch Support | Lightweight, Comfortable, Casual, Outdo…",¥143.93,4.5,4.5,,,,,,https://sponsored-ads.amazon.com/clk/?_encoding=UTF8&p=eAFVT8lq20AAxQ1pg5ou-JCCe3PBB8NYS7S6iKCtsmPHieWFkosYz4xkEVmSZ6ZxmoO_oMdCv6CXfkShp35APyT3nAp1Suk7PXgbT0AHP--__npcf-ZM5xf-oD94L_lB1KzJ7aOEFNlNPIG3STVch9fm-spypsfdI4zOSzOidBaxTD3Vh-58FDlp9FSROprckS2rI10-mriLAyeY9oKoP6m_Ep5gwq54WdUPZ6Mo8M7DUf8y8BufasKbByVmBFK0jCtCUZlDTuKsyLOCxAue1AW4grdl0UHlqvGaLQDKIWMZArsM2DlBJTf3SRHPJm2NLQBfkhXBAJV5ThDPygJcK-BhDCBIMQMVzApOKEBlwUnBm7pQk15-v7v7dv_Dbzz_6921N18okiSZlmqohqmYhqzszSZ-d8-78NqD-lvfdbzqXR8YztZd75A6W3dc9j5MQ-d_bN106463rvOHpI1DLw1uQidI6aBPlC814XNtyXnFuqK42Ww6_76LaSXCjYhFVwp7w9MzXQ5PKhxTHFf5ElObt5YMxojGGbal1jrDtmyYmmKZimq0GLVloAMNapquJBZIcIKBKksysBILA2zoEFqWZarHSiuzYcVakJLEnn6UvTkfn2n4N1mIscA&v=c1&r=https%3A%2F%2Fwww.amazon.com%2Fgp%2Faw%2Fd%2FB0GHLJM61G%3Fpd_rd_plhdr%3Dt%26hsa_cr_id%3D0%26qid%3D1785298247%26sr%3D1-6-5a5562f9-fdfd-4101-9f9d-d76aa9998432%26i%3Daps%26aref%3DTy1CVtQM5d&ref_=sbx__sbtcd2_asin_5_bkgd&pd_rd_w=1cCSt&content-id=amzn1.sym.90f77631-9599-4fe0-95f8-a40adfe1c762%3Aamzn1.sym.90f77631-9599-4fe0-95f8-a40adfe1c762&pf_rd_p=90f77631-9599-4fe0-95f8-a40adfe1c762&pf_rd_r=PWJ2TYARNKH82P14Y4NK&pd_rd_wg=6lODP&pd_rd_r=1066602e-065b-4678-ae15-9954544b6323,"https://m.media-amazon.com/images/I/71oGaIiORvL._AC_SR322,134_CB1169409_QL70_.jpg",100,排名进入前30；价格处于人民币等值¥57.60-¥180.00黄金区间；标题包含 platform、orthopedic、comfort、arch support、wedge，符合美国女鞋舒适化趋势；platform + comfort组合趋势加分；orthopedic + arch support组合趋势加分；评分达到4.3以上。
2026-07-29,amazon_us,product,search,women slides,18,Cloud Slide Sandals for Women Men Ultra Comfort Recovery Slippers,¥68.26,4.3,3K+ bought in past month,,,,,,https://www.amazon.com/Sandals-Lightweight-Bathroom-Non-Slip-Slippers/dp/B099DTRKSL/ref=sr_1_7?dib=eyJ2IjoiMSJ9.wrqHnvIFpzxZDCy1gVq3f2HcNswV2RaHhxwkGjsTd_W7Wc6jF6JA7FA0W4Roi-Vi295q7bUslMnKQZOUF6kjhA8yjxJWtZLxMDYAPyH6CrbvSzasNotLuoU65jOATHNlH8xfpT749HChbKPgH36AE4w_GRR8DHQczszIWg_V5YyQMRKDjiRAbCnyqeQXfrMCWwdFBvTaEs046etDPkKaMGB7sEooloxlCkPRuOCfVI9eF3f08E7it6lhII1UA9AvkoDL22O9Mz-FCCLeQoGLOI4sTaT_0d0lccP9bViYRZE.BD9-NElxvZBK-rGn8mG1P9qZH8iQdOAW35E5W7a7SK4&dib_tag=se&keywords=women+slides&qid=1785298247&sr=8-7,https://m.media-amazon.com/images/I/71uNAZpAhiL._AC_UL320_.jpg,97,排名进入前30；评论数达到1000以上；价格处于人民币等值¥57.60-¥180.00黄金区间；标题包含 cloud、recovery、comfort，符合美国女鞋舒适化趋势；评分达到4.3以上。
2026-07-29,amazon_us,product,search,women slides,4,"Joomra Pillow Slippers for Women and Men Thick Sole Ultra Cushion Slides | Cloud-Like Sole, Quick Drying Shower Shoes, Soft Open Toe Indoor Outdoor Sandals Joomra Pillow Slippers for Women and Men Thick Sole Ultra Cushion Slides | Cloud-Like Sole, Quick Drying Sho…",¥137.52,4.3,4.3,,,,,,https://sponsored-ads.amazon.com/clk/?_encoding=UTF8&p=eAFVT7mO00AAVVgBK7McSrFIoQtSikgTz3jjY4Is5CvHZhU2F0TbWJOZ8SEc2ztjyEKRH4ASiS-gpaSm4wP4CVpaKiSyCPGqJ71LT6GH3359-n6rftdZPD_3x6PxCvrBrFlD7eOI5-lVuIJJLGludqenicH7vHc8940z4yyeEG_LQJAzK3iT9Z3ZHQ12dNRBGHfgxY25uz50gsUwmI3m9YfKbcbly6oo60fLySzwng0mo4vAb7yvKY-vlVByImgSllzQIiMVD9M8S3MerquorpANeVvkHVpsGo_kGtCMSJlSsM-AvROUqHmT5-Fy3tblGlQJ33AGaJFlnFZpkYPXGrgeA5QIJkFJ0rziAtAir3heNQ2lBh98-fn53Y-vfuPeX---vXlfgxBaSIeWjk-wibSD5dzvHXjnXntcf-K7jlf2R8B0du7lHrGzc6fF8NVi4PyPnRvv3OnOdf6QuHHkxcHVwAliMR5x7WNN-VBLqqqUPVXdbredf9_VuFTJVmWqC_HidLXyh_7TkoWChWWWMGFXrUSSkIowZTZsXabMRqala9jSumZLChsBBHSi64YWYRCxiIEuggjgCDPATIMQjLHVPdFaqU1K2SKCRzYtUrc0B8J_8RumgLEI&v=c1&r=https%3A%2F%2Fwww.amazon.com%2Fgp%2Faw%2Fd%2FB09TJXXDHD%3Fpd_rd_plhdr%3Dt%26hsa_cr_id%3D0%26qid%3D1785298247%26sr%3D1-1-5a5562f9-fdfd-4101-9f9d-d76aa9998432%26i%3Daps%26aref%3DcoiBp7GrDW&ref_=sbx__sbtcd2_asin_0_bkgd&pd_rd_w=osU63&content-id=amzn1.sym.90f77631-9599-4fe0-95f8-a40adfe1c762%3Aamzn1.sym.90f77631-9599-4fe0-95f8-a40adfe1c762&pf_rd_p=90f77631-9599-4fe0-95f8-a40adfe1c762&pf_rd_r=ZY4C9NY2YBBZZM3S1025&pd_rd_wg=OxIwd&pd_rd_r=2480bbc1-8b51-4bb3-aac8-b1c9c1cfe6d5,"https://m.media-amazon.com/images/I/71CIVcXsl4L._AC_SR322,134_CB1169409_QL70_.jpg",88,排名靠前；价格处于人民币等值¥57.60-¥180.00黄金区间；标题包含 cloud、soft，符合美国女鞋舒适化趋势；cloud + slides组合趋势加分；评分达到4.3以上。
2026-07-29,amazon_us,product,search,platform sandals women,20,"UBFEN Womens High Platform Wedge Sandals, Comfortable | Dressy, Lightweight, Open-Toe, 2.76-inch Heel, Adjustable Straps, Cushioned Insole for All-day Wear, Summer, Vacation, Beach UBFEN Womens High Platform Wedge Sandals, Comfortable | Dressy, Lightweight, Open-Toe, 2.7…",¥287.93,4.6,4.6,,,,,,https://sponsored-ads.amazon.com/clk/?_encoding=UTF8&p=eAFVT0tq20AAxQ1pg5J-8CIBd-eCF4axPpEsyUUU_Sq7Thxbsk3JRoxnRrKILMkz0zjNwifostATdNNDFLrqAXqQ7LMq1Cmlb_Xg_XgCOvh5__XX4_pTezofe8PB8L3k-WGzJrePE1JkN3EEb5PqbB1cG-sr056e9o4xuiiNkNJZyDL1XffMmY9COw0PFamjyR3ZNDvS5aPIWRzY_rTvh4OofiI8wYRd8bKqH81Goe9eBKPBpe81PtWEVw9KzAikaBlXhKIyh5zEWZFnBYkXPKkLcAVvy6KDylXjJVsAlEPGMgR2GbBzgkpu7pMinkVtjS0AX5IVwQCVeU4Qz8oCXCvgYQwgSDEDFcwKTihAZcFJwZtdoSa9-H539-3-h9d49te7a28-VyRJMkxVV3VDMXRZ2ZtFXm_PHbvtYf2159hu9XYAdHvrrHdI7a0zKfsfpoH9P7ZOunUmW8f-Q9LGkZv6N4Htp3Q4IMqXmvC5tuS8Yj1R3Gw2nX_fxbQS4UbEoiMFkTHuq-fBmwrHFMdVvsTU4q0lgzGicYYtqbXOsCXrhqaYhqLqLUYtGahAg5rWVRITJDjBQJUlGZiJiQHWuxCapmmop0ors2DFWpCSxJp-lN05n5xr-Ddgp7HQ&v=c1&r=https%3A%2F%2Fwww.amazon.com%2Fgp%2Faw%2Fd%2FB0GS8PH4MG%3Fpd_rd_plhdr%3Dt%26hsa_cr_id%3D0%26qid%3D1785298247%26sr%3D1-4-5a5562f9-fdfd-4101-9f9d-d76aa9998432%26i%3Daps%26aref%3DTy1CVtQM5d&ref_=sbx__sbtcd2_asin_3_bkgd&pd_rd_w=1cCSt&content-id=amzn1.sym.90f77631-9599-4fe0-95f8-a40adfe1c762%3Aamzn1.sym.90f77631-9599-4fe0-95f8-a40adfe1c762&pf_rd_p=90f77631-9599-4fe0-95f8-a40adfe1c762&pf_rd_r=PWJ2TYARNKH82P14Y4NK&pd_rd_wg=6lODP&pd_rd_r=1066602e-065b-4678-ae15-9954544b6323,"https://m.media-amazon.com/images/I/718rFJZeUeL._AC_SR322,134_CB1169409_QL70_.jpg",85,排名进入前30；价格处于人民币等值¥180.00-¥288.00区间；标题包含 platform、comfort、beach、summer、wedge，符合美国女鞋舒适化趋势；platform + comfort组合趋势加分；评分达到4.6以上。
2026-07-29,amazon_us,product,search,platform sandals women,21,"UBFEN Womens Outdoor Walking Sandals Comfort Stable Low Wedge Platform | Built-in Arch Support, Shock-Absorbing Cushion Insole, Versatile Buckle Sandals for Everyday Errands,and Vacation Strolls UBFEN Womens Outdoor Walking Sandals Comfort Stable Low Wedge Platform | Built-in Arch Support, Shock…",¥287.93,4.6,4.6,,,,,,https://sponsored-ads.amazon.com/clk/?_encoding=UTF8&p=eAFVT0tu00AAVaiAypSPsihS2AUpi0gTf2LHniAL-Uca0qaNnUTQjTWZGTtWHduZGZrSRU7AEokTsOEQSKw4AAfpviskUoR4qye9n56E93_efv31oP7Ymc7P_NFw9E7xg7BZU9uHCS2yqzhC10l1vB5cWusL6Ey7_UOCT0srZGwW8kx_2zt25-PQScNHmtIx1I4KYUc5vxe5i30nmB4F4TCqP5ceEsovRFnVD2bjMPBOB-PheeA3PtWkl3dKzClieBlXlOEyR4LGWZFnBY0XIqlLaIWuy6KDy1XjBV8AnCPOMwx2GbBzgkpt3qdFPIvaBl8AsaQrSgAu85xikZUFuNTA3RjAiBEOKpQVgjKAy0LQQjR7Uk159v3m5tvtD7_x5K931958qimKYkHd1E1Ls0xV25tFfn_PO_Pao_or33W86s0QmM7WXe-QOlt3Uh59mA6c_7F106072brOH5I2Drw0uBo4QcpGQ6p9qUmfa0shKt6X5c1m0_n3XU4rGW1kIrvKoPe-G50Y8HVFYkbiKl8SZovWkqMYszgjttJaZ8RWTcvQoKXpZoszWwUGMJBh9LQEgoQkBOiqogKYQAKI2UMIQmjpXa2V2ajiLcRoYk8_qt5cTE4M8htVPbG2&v=c1&r=https%3A%2F%2Fwww.amazon.com%2Fgp%2Faw%2Fd%2FB0G6Y3SM59%3Fpd_rd_plhdr%3Dt%26hsa_cr_id%3D0%26qid%3D1785298247%26sr%3D1-5-5a5562f9-fdfd-4101-9f9d-d76aa9998432%26i%3Daps%26aref%3DTy1CVtQM5d&ref_=sbx__sbtcd2_asin_4_bkgd&pd_rd_w=1cCSt&content-id=amzn1.sym.90f77631-9599-4fe0-95f8-a40adfe1c762%3Aamzn1.sym.90f77631-9599-4fe0-95f8-a40adfe1c762&pf_rd_p=90f77631-9599-4fe0-95f8-a40adfe1c762&pf_rd_r=PWJ2TYARNKH82P14Y4NK&pd_rd_wg=6lODP&pd_rd_r=1066602e-065b-4678-ae15-9954544b6323,"https://m.media-amazon.com/images/I/71yLAOzJGKL._AC_SR322,134_CB1169409_QL70_.jpg",85,排名进入前30；价格处于人民币等值¥180.00-¥288.00区间；标题包含 platform、comfort、arch support、wedge，符合美国女鞋舒适化趋势；platform + comfort组合趋势加分；评分达到4.6以上。
2026-07-29,amazon_us,product,new_releases,New Releases Women Sandals,4,Project Cloud Platform Sandals Women Memory Foam Flip Flops (ELEVATION) | Durable and Lightweight Non-Slip Sole Summer Thong Sandals - Platform Flip Flops for Women Everyday Comfort Daily.,,4.3,$39.90,,,,,,https://www.amazon.com/Project-Cloud-Platform-Sandals-ELEVATION/dp/B0GTZM2X7L/ref=zg_bsnr_g_679425011_d_sccl_4/132-0708818-8616366?psc=1,"https://images-na.ssl-images-amazon.com/images/I/61E9Kh8oh9L._AC_UL600_SR600,400_.jpg",82,排名靠前；标题包含 cloud、platform、comfort、summer，符合美国女鞋舒适化趋势；platform + comfort组合趋势加分；评分达到4.3以上。
2026-07-29,amazon_us,product,search,platform sandals women,18,UBFEN Womens Platform Sandals Wedge Walking Comfortable Casual Adjustable Strap Lightweight Open Toe UBFEN Womens Platform Sandals Wedge Walking Comfortable Casual Adjustable Strap Lightweig…,¥107.93,4.2,4.2,,,,,,https://sponsored-ads.amazon.com/clk/?_encoding=UTF8&p=eAFVT8lu00AAVaiAypRFORQp3IKUQ6SJl9qxHWQhb6QhIW2chaoXazIzXlTHnswMTekhX8ARiS_gwkcgceID-JDee0IiRYh3etLb9CS0__P2668H9cfubHEaDAfDMyUIo2ZNbR8mpMyv4im8Tuho3b-01he2OzvqHWJ0UlkRY_OI5_rb7shbjCM3jR5pSsdQO6ptd5Tze1Nvue-Gs-MwGkzrz6WHmPALUdH6wXwchf5Jfzw4D4PGp5r08k6JOYEMZTElDFUFFCTOyyIvSbwUSV2CK3hdlR1UrRov-BKgAnKeI7DLgJ0TULV5n5TxfNo2-BKIjKwIBqgqCoJEXpXgUgN3YwBBhjmgMC8FYQBVpSClaHalmvLs-83Nt9sfQePJX--uvflUUxTFsnVTNy3NMlVtbz4Nenv-qd8e1l8FnuvTNwNgultvvUPqbr1Jdfxh1nf_x9ZLt95k67l_SNo48NPwqu-GKRsOiPalJn2uZUJQ3pPlzWbT-fddTqkMNzKWPSUYLc7eW8HwNcUxwzEtMswc0co4jBGLc-worXWOHdW0DM22NN1sceaoQAMGNIyultggwQkGuqqowE5sDLDZhdC2bUs_0lq5AylvQUYSZ_ZR9Rdi8s7AvwFyirH4&v=c1&r=https%3A%2F%2Fwww.amazon.com%2Fgp%2Faw%2Fd%2FB0DLVXW8DK%3Fpd_rd_plhdr%3Dt%26hsa_cr_id%3D0%26qid%3D1785298247%26sr%3D1-2-5a5562f9-fdfd-4101-9f9d-d76aa9998432%26i%3Daps%26aref%3DTy1CVtQM5d&ref_=sbx__sbtcd2_asin_1_bkgd&pd_rd_w=1cCSt&content-id=amzn1.sym.90f77631-9599-4fe0-95f8-a40adfe1c762%3Aamzn1.sym.90f77631-9599-4fe0-95f8-a40adfe1c762&pf_rd_p=90f77631-9599-4fe0-95f8-a40adfe1c762&pf_rd_r=PWJ2TYARNKH82P14Y4NK&pd_rd_wg=6lODP&pd_rd_r=1066602e-065b-4678-ae15-9954544b6323,"https://m.media-amazon.com/images/I/61WGZjkj5EL._AC_SR322,134_CB1169409_QL70_.jpg",81,排名进入前30；价格处于人民币等值¥57.60-¥180.00黄金区间；标题包含 platform、comfort、wedge，符合美国女鞋舒适化趋势；platform + comfort组合趋势加分；评分达到4.0以上。
2026-07-29,amazon_us,product,best_sellers,Best Sellers Women Sandals,19,"shevalues Orthopedic Sandals for Women, Arch Support Recovery Flip Flops | Orthotic Pillow Soft Summer Beach Shoes, Comfortable for Plantar Fasciitis",,4.3,$18.99,,,,,,https://www.amazon.com/Orthotic-Pillow-Recovery-Sandals-Support/dp/B09LC836QG/ref=zg_bs_g_679425011_d_sccl_19/137-5111843-3366465?psc=1,"https://images-na.ssl-images-amazon.com/images/I/61o9ArJVVsL._AC_UL600_SR600,400_.jpg",77,排名进入前30；标题包含 recovery、orthopedic、comfort、arch support、soft、beach、summer，符合美国女鞋舒适化趋势；orthopedic + arch support组合趋势加分；评分达到4.3以上。
2026-07-29,amazon_us,product,best_sellers,Best Sellers Women Sandals,3,Project Cloud 100% Genuine Leather Womens Sandals Slides for Women (Venita) | Cork Footbed Sandals for Women with Memory Foam and Arch Support Vacation Essentials Slides Women Footwear Flat Sandals,,4.4,$24.90,,,,,,https://www.amazon.com/Project-Cloud-Comfortable-Essentials-Vacation/dp/B0CNYDBPDD/ref=zg_bs_g_679425011_d_sccl_3/137-5111843-3366465?psc=1,"https://images-na.ssl-images-amazon.com/images/I/71Zk8CZeYSL._AC_UL600_SR600,400_.jpg",76,排名靠前；标题包含 cloud、arch support，符合美国女鞋舒适化趋势；cloud + slides组合趋势加分；评分达到4.3以上。
2026-07-29,amazon_us,product,best_sellers,Best Sellers Women Sandals,6,"Joomra Pillow Slippers for Women and Men Thick Sole Ultra Cushion Slides | Cloud-Like Sole, Quick Drying Shower Shoes, Soft Open Toe Indoor Outdoor Sandals",,4.3,$20.35,,,,,,https://www.amazon.com/Joomra-Slippers-Cushion-Massage-Bathroom/dp/B09653BWXT/ref=zg_bs_g_679425011_d_sccl_6/137-5111843-3366465?psc=1,"https://images-na.ssl-images-amazon.com/images/I/71pkhgTTRXL._AC_UL600_SR600,400_.jpg",73,排名靠前；标题包含 cloud、soft，符合美国女鞋舒适化趋势；cloud + slides组合趋势加分；评分达到4.3以上。
2026-07-29,amazon_us,product,search,women summer slippers,10,Slippers for Women Memory Foam House Womens Slipper Slides Home Bedroom Bathroom Spa Open Toe Corduroy Bow Slippers Cozy Comfortable,¥179.93,4.3,"Price, product page $24.99 $ 24 . 99 List: $29.99 List: $29.99 $29.99",,,,,,https://www.amazon.com/sspa/click?ie=UTF8&spc=MTo1ODkzNTE0MTI0MDgyNzQ1OjE3ODUyOTgyNDY6c3Bfc2VhcmNoX3RoZW1hdGljOjMwMDEzOTMxNzM4NDYwMjo6NDo6&url=%2FChantomoo-Slippers-Bathroom-Corduroy-Comfortable%2Fdp%2FB0CS91N51B%2Fref%3Dsxin_19_pa_sp_search_thematic_sspa%3Fcontent-id%3Damzn1.sym.42790fec-54ce-481c-b1f9-c518002a1382%253Aamzn1.sym.42790fec-54ce-481c-b1f9-c518002a1382%26cv_ct_cx%3Dwomen%2Bsummer%2Bslippers%26keywords%3Dwomen%2Bsummer%2Bslippers%26pd_rd_i%3DB0CS91N51B%26pd_rd_r%3D740c61fa-21d0-4b86-90c6-ff4f43eaa089%26pd_rd_w%3DxlefB%26pd_rd_wg%3Dmc2h0%26pf_rd_p%3D42790fec-54ce-481c-b1f9-c518002a1382%26pf_rd_r%3DPHSFC7M65QSVVS34HA6R%26qid%3D1785298246%26sbo%3DRZvfv%252F%252FHxDF%252BO5021pAnSA%253D%253D%26sr%3D1-5-183302c6-8dec-4386-8e58-6031e7be5ad8-spons%26aref%3DoneJDKU9Af%26sp_csd%3Dd2lkZ2V0TmFtZT1zcF9zZWFyY2hfdGhlbWF0aWM%26psc%3D1&aref=oneJDKU9Af,https://m.media-amazon.com/images/I/714QMlR76iL._AC_UL320_.jpg,73,排名靠前；价格处于人民币等值¥57.60-¥180.00黄金区间；标题包含 comfort，符合美国女鞋舒适化趋势；评分达到4.3以上。
2026-07-29,amazon_us,product,search,women slides,43,"Womens Sandal Cork Footbed Slide, Arch Support Slides for Women with Adjustable Buckle, Comfortable Summer Beach Outdoor Sandals",¥122.33,4.6,500+ bought in past month,,,,,,https://www.amazon.com/AUGCY-Footbed-Support-Adjustable-Comfortable/dp/B0GFVJCPGW/ref=sr_1_32?dib=eyJ2IjoiMSJ9.wrqHnvIFpzxZDCy1gVq3f2HcNswV2RaHhxwkGjsTd_W7Wc6jF6JA7FA0W4Roi-Vi295q7bUslMnKQZOUF6kjhA8yjxJWtZLxMDYAPyH6CrbvSzasNotLuoU65jOATHNlH8xfpT749HChbKPgH36AE4w_GRR8DHQczszIWg_V5YyQMRKDjiRAbCnyqeQXfrMCWwdFBvTaEs046etDPkKaMGB7sEooloxlCkPRuOCfVI9eF3f08E7it6lhII1UA9AvkoDL22O9Mz-FCCLeQoGLOI4sTaT_0d0lccP9bViYRZE.BD9-NElxvZBK-rGn8mG1P9qZH8iQdOAW35E5W7a7SK4&dib_tag=se&keywords=women+slides&qid=1785298247&sr=8-32,https://m.media-amazon.com/images/I/71jk8h0qC0L._AC_UL320_.jpg,73,排名进入前50；评论数达到300以上；价格处于人民币等值¥57.60-¥180.00黄金区间；标题包含 comfort、arch support、beach、summer，符合美国女鞋舒适化趋势；评分达到4.6以上。
2026-07-29,amazon_us,product,search,platform sandals women,19,"UBFEN Womens Slides Sandals Comfortable Low Wedge Arch Support for Walking | Soft Cushioned Insoles, Adjustable Straps, Slip On for Summer, Casual, Home, Quick Outings UBFEN Womens Slides Sandals Comfortable Low Wedge Arch Support for Walking | Soft Cushioned In…",¥244.73,4.5,4.5,,,,,,https://sponsored-ads.amazon.com/clk/?_encoding=UTF8&p=eAFVT0tu00AAVaiAypSPsmilsAtSFpEm9jh2bAdZyD_SkJImzkdVNtZkZuxYdWxnZmhKFzkBSyROwIZDILHiAByk-66QSBHirZ70fnoSPvx59_XXo-pTZzof-YP-4ELxg7Begc3jmObpdTRBN3F5tuldmZtLy5m2u8cEnxdmyNgs5Kn2rnPmzoehk4RPVKWlwxa0rJayeDBxl4dOMD0Nwv6keiI9JpRfiqKsHs2GYeCd94b9ReDXPlWkV_dKxClieBWVlOEiQ4JGaZ6lOY2WIq5KaI1uiryFi3XtJV8CnCHOUwz2GbB3ghLWH9I8mk2aOl8CsaJrSgAusoxikRY5uFLB_RjAiBEOSpTmgjKAi1zQXNQ7UkV58f329tvdD7_27K93315_riqKYlqaoRmmahpQPZhN_O6BN_Kag-pr33W88m0fGM7O3eyRODt3XJx-mPac_7Fzk5073rnOH5LUjrwkuO45QcIGfap-qUifKyshSt6V5e122_r3XU5KGW1lIrtKr3OxGOlz-KYkESNRma0Is0VjxVGEWZQSW2lsUmJDw9RVy1Q1o8GZDUEb6EjXO2psgZjEBGhQgcCKLQKI0UHIsixTa6uN1EYlbyBGY3v6EXpzMX6vk99kdLHY&v=c1&r=https%3A%2F%2Fwww.amazon.com%2Fgp%2Faw%2Fd%2FB0G6XZP5V1%3Fpd_rd_plhdr%3Dt%26hsa_cr_id%3D0%26qid%3D1785298247%26sr%3D1-3-5a5562f9-fdfd-4101-9f9d-d76aa9998432%26i%3Daps%26aref%3DTy1CVtQM5d&ref_=sbx__sbtcd2_asin_2_bkgd&pd_rd_w=1cCSt&content-id=amzn1.sym.90f77631-9599-4fe0-95f8-a40adfe1c762%3Aamzn1.sym.90f77631-9599-4fe0-95f8-a40adfe1c762&pf_rd_p=90f77631-9599-4fe0-95f8-a40adfe1c762&pf_rd_r=PWJ2TYARNKH82P14Y4NK&pd_rd_wg=6lODP&pd_rd_r=1066602e-065b-4678-ae15-9954544b6323,"https://m.media-amazon.com/images/I/71AN-spPkYL._AC_SR322,134_CB1169409_QL70_.jpg",72,排名进入前30；价格处于人民币等值¥180.00-¥288.00区间；标题包含 comfort、arch support、soft、summer、wedge，符合美国女鞋舒适化趋势；评分达到4.3以上。
2026-07-29,amazon_us,product,search,platform sandals women,41,"Women's Platform Clogs Sandals Cork Footbed with Comfort Double Buckles, Summer Platform Slides Mules, Summer Beach Comfort Wide Widths Availab",¥215.93,4.4,200+ bought in past month,,,,,,https://www.amazon.com/BiuYorBTY-Platform-Sandals-Footbed-Comfort/dp/B0DZ1NT6L9/ref=sr_1_24?dib=eyJ2IjoiMSJ9.wIlL_eVtHzMil5mQkgwLshesaumb_LLvBOj0HVHzZp9XtMhwBeXQVp2_my6kbtTGn_Fa2clv8V2Q897ishgbGlA7jkhXg3vpW3teC4YiqsnyKwcwZdXEbOiB5mGFiD3iNV3xfP8i5QZSXNfMnLkpg98Yq9uzejinw_WrKJ4RCCeTca5g5qgW-o0gGT_E3E-1SNKcwbaPzGPAvzXH5oty8I8TGI5LkbOoe0bJBe6REPm8zDbEIm_K8bLF5_VMiSPQSFg9CsVCah5n0geBbe4Rz4-A34GOPuggRSuU61IcLic.mijjlaRE00EgNToSJWbg7Xbmo_yi-jatebEUbrY6RT0&dib_tag=se&keywords=platform+sandals+women&qid=1785298247&sr=8-24,https://m.media-amazon.com/images/I/716g0SFJuTL._AC_UL320_.jpg,72,排名进入前50；评论数达到50以上；价格处于人民币等值¥180.00-¥288.00区间；标题包含 platform、comfort、beach、summer，符合美国女鞋舒适化趋势；platform + comfort组合趋势加分；评分达到4.3以上。
2026-07-29,amazon_us,product,best_sellers,Best Sellers Women Sandals,1,KuaiLu Flip Flops for Women with Arch Support Summer Beach Thong Sandals | Comfortable Yoga Mat Walking Shoes Cushion Slip On Casual Outfits Indoor Outdoor,,4.3,$13.29,,,,,,https://www.amazon.com/KuaiLu-Support-Comfortable-Walking-Sandals/dp/B0C5ZRQS2X/ref=zg_bs_g_679425011_d_sccl_1/137-5111843-3366465?psc=1,"https://images-na.ssl-images-amazon.com/images/I/710PdcSAm6L._AC_UL600_SR600,400_.jpg",70,排名靠前；标题包含 comfort、arch support、beach、summer，符合美国女鞋舒适化趋势；评分达到4.3以上。
2026-07-29,amazon_us,product,search,platform sandals women,5,Project Cloud,¥287.28,4.3,Project Cloud,,,,,,https://www.amazon.com/Project-Cloud-Platform-Sandals-Footwear/dp/B0DR3K9KR4/ref=sr_1_2?dib=eyJ2IjoiMSJ9.wIlL_eVtHzMil5mQkgwLshesaumb_LLvBOj0HVHzZp9XtMhwBeXQVp2_my6kbtTGn_Fa2clv8V2Q897ishgbGlA7jkhXg3vpW3teC4YiqsnyKwcwZdXEbOiB5mGFiD3iNV3xfP8i5QZSXNfMnLkpg98Yq9uzejinw_WrKJ4RCCeTca5g5qgW-o0gGT_E3E-1SNKcwbaPzGPAvzXH5oty8I8TGI5LkbOoe0bJBe6REPm8zDbEIm_K8bLF5_VMiSPQSFg9CsVCah5n0geBbe4Rz4-A34GOPuggRSuU61IcLic.mijjlaRE00EgNToSJWbg7Xbmo_yi-jatebEUbrY6RT0&dib_tag=se&keywords=platform+sandals+women&qid=1785298247&sr=8-2,https://m.media-amazon.com/images/I/71lJvDGljyL._AC_UL320_.jpg,70,排名靠前；价格处于人民币等值¥180.00-¥288.00区间；标题包含 cloud，符合美国女鞋舒适化趋势；评分达到4.3以上。
2026-07-29,amazon_us,product,best_sellers,Best Sellers Women Sandals,4,Project Cloud Flip Flops for Women Memory Foam Flats Sandals (Foundations) | Lightweight; Memory Foam Insole; Durable Non-Slip Sole; Beach Essentials; Womens Flat Sandals for Everyday Comfort Daily Wear,,4.3,$22.90,,,,,,https://www.amazon.com/Project-Cloud-Flip-flops-Women/dp/B0D2F94XKW/ref=zg_bs_g_679425011_d_sccl_4/137-5111843-3366465?psc=1,"https://images-na.ssl-images-amazon.com/images/I/41JMYLSDC3L._AC_UL600_SR600,400_.jpg",69,排名靠前；标题包含 cloud、comfort、beach，符合美国女鞋舒适化趋势；评分达到4.3以上。
2026-07-29,amazon_us,product,best_sellers,Best Sellers Women Sandals,27,Project Cloud 100% Genuine Leather Womens Sandals Slides (Lian) | Sandals Women Memory Foam Insole Cork Footbed Non Slip Sandals for Women Lightweight Beach Vacation Summer Essentials Comfort,,4.1,$24.90,,,,,,https://www.amazon.com/Project-Cloud-Genuine-Leather-Sandals/dp/B0FW746LWG/ref=zg_bs_g_679425011_d_sccl_27/137-5111843-3366465?psc=1,"https://images-na.ssl-images-amazon.com/images/I/81ljCfCOosL._AC_UL600_SR600,400_.jpg",69,排名进入前30；标题包含 cloud、comfort、beach、summer，符合美国女鞋舒适化趋势；cloud + slides组合趋势加分；评分达到4.0以上。
2026-07-29,amazon_us,product,search,women summer slippers,9,Women's Open Toe House Slippers Breathable Waffle Fabric Memory Foam,¥79.13,4.2,100+ bought in past month,,,,,,https://www.amazon.com/sspa/click?ie=UTF8&spc=MTo1ODkzNTE0MTI0MDgyNzQ1OjE3ODUyOTgyNDY6c3Bfc2VhcmNoX3RoZW1hdGljOjMwMTIwNzg2NDA3NjcwMjo6Mzo6&url=%2FYoerpe-Womens-House-Slippers-Slip%2Fdp%2FB0DRNTRZ59%2Fref%3Dsxin_19_pa_sp_search_thematic_sspa%3Fcontent-id%3Damzn1.sym.42790fec-54ce-481c-b1f9-c518002a1382%253Aamzn1.sym.42790fec-54ce-481c-b1f9-c518002a1382%26cv_ct_cx%3Dwomen%2Bsummer%2Bslippers%26keywords%3Dwomen%2Bsummer%2Bslippers%26pd_rd_i%3DB0DRNTRZ59%26pd_rd_r%3D740c61fa-21d0-4b86-90c6-ff4f43eaa089%26pd_rd_w%3DxlefB%26pd_rd_wg%3Dmc2h0%26pf_rd_p%3D42790fec-54ce-481c-b1f9-c518002a1382%26pf_rd_r%3DPHSFC7M65QSVVS34HA6R%26qid%3D1785298246%26sbo%3DRZvfv%252F%252FHxDF%252BO5021pAnSA%253D%253D%26sr%3D1-4-183302c6-8dec-4386-8e58-6031e7be5ad8-spons%26aref%3Dok26AnFI4a%26sp_csd%3Dd2lkZ2V0TmFtZT1zcF9zZWFyY2hfdGhlbWF0aWM%26psc%3D1&aref=ok26AnFI4a,https://m.media-amazon.com/images/I/61CmKkRbk6L._AC_UL320_.jpg,69,排名靠前；评论数达到50以上；价格处于人民币等值¥57.60-¥180.00黄金区间；评分达到4.0以上。
2026-07-29,amazon_us,product,best_sellers,Best Sellers Women Sandals,2,mazeskin Womens Memory Foam Flip Flops Flat Thong Sandals | Soft Vegan Leather Comfortable Cushioned Casual Dressy Beach Summer Minimalist Slim Slide Shoes Indoor Outdoor,,4.3,$9.48,,,,,,https://www.amazon.com/mazeskin-Womens-Comfortable-Sandals-Leather/dp/B0F32KMZ18/ref=zg_bs_g_679425011_d_sccl_2/137-5111843-3366465?psc=1,"https://images-na.ssl-images-amazon.com/images/I/71jV8GHPNSL._AC_UL600_SR600,400_.jpg",67,排名靠前；标题包含 comfort、soft、beach、summer，符合美国女鞋舒适化趋势；评分达到4.3以上。
2026-07-29,amazon_us,product,best_sellers,Best Sellers Women Sandals,7,"ODOLY Unisex Comfortable Cork Footbed Slide Sandals with Arch Support | Adjustable Buckle, Lightweight Summer Sandals for Travel and Everyday Wear",,4.5,$17.99,,,,,,https://www.amazon.com/ODOLY-Footbed-Comfortable-Sandals-Adjustable/dp/B0CSMN1X4W/ref=zg_bs_g_679425011_d_sccl_7/137-5111843-3366465?psc=1,"https://images-na.ssl-images-amazon.com/images/I/61iYsM+H9QL._AC_UL600_SR600,400_.jpg",67,排名靠前；标题包含 comfort、arch support、summer，符合美国女鞋舒适化趋势；评分达到4.3以上。
2026-07-29,amazon_us,product,search,women summer slippers,4,GOEWY,¥71.93,4.3,GOEWY,,,,,,https://www.amazon.com/GOEWY-Slippers-Summer-Breathable-Slides/dp/B0GQGLFHFJ/ref=sr_1_1?dib=eyJ2IjoiMSJ9.3B_wBrVg1UMy5tWehIloEqh3GcRQaYuBAiGuYjezoF8Dm6sY8g4v-VR8VGlcZDhfqwFwJmYAK47QRHb_XwRS1YFxk-fDiJyRQuz5HjSGqxnX_u2iFAbXBlLXsYJmBXBXY3y-8RAAD4pi8xQO017zxlyIetkXywB-_ahqbBMl9yZ3f8hjJ0Lyzh1M7NZ_Y6N27VCvWwcyBPEXTX0ZJUAIS3XddoZ-VZ70GIMhVyIAU0Owv9rPemdcIAZNlv0Eai5GoXVOtxn5niAcSNB0iih8dVjjXpDi3h28C6N6Rb0BZzs.PlVTyyj-BbK1HUY8mvWSuc-VHNV8JDNVMnOf7MeQ6Ew&dib_tag=se&keywords=women+summer+slippers&qid=1785298246&sr=8-1,https://m.media-amazon.com/images/I/61PJ6PNvlqL._AC_UL320_.jpg,67,排名靠前；价格处于人民币等值¥57.60-¥180.00黄金区间；评分达到4.3以上。
2026-07-29,amazon_us,product,search,women summer slippers,5,WHITIN,¥71.93,4.3,Products highlighted as 'Overall Pick' are:,,,,,,https://www.amazon.com/WHITIN-Slippers-Cushioned-Fashionable-Lightweight/dp/B0C1C17KH8/ref=sr_1_2?dib=eyJ2IjoiMSJ9.3B_wBrVg1UMy5tWehIloEqh3GcRQaYuBAiGuYjezoF8Dm6sY8g4v-VR8VGlcZDhfqwFwJmYAK47QRHb_XwRS1YFxk-fDiJyRQuz5HjSGqxnX_u2iFAbXBlLXsYJmBXBXY3y-8RAAD4pi8xQO017zxlyIetkXywB-_ahqbBMl9yZ3f8hjJ0Lyzh1M7NZ_Y6N27VCvWwcyBPEXTX0ZJUAIS3XddoZ-VZ70GIMhVyIAU0Owv9rPemdcIAZNlv0Eai5GoXVOtxn5niAcSNB0iih8dVjjXpDi3h28C6N6Rb0BZzs.PlVTyyj-BbK1HUY8mvWSuc-VHNV8JDNVMnOf7MeQ6Ew&dib_tag=se&keywords=women+summer+slippers&qid=1785298246&sr=8-2,https://m.media-amazon.com/images/I/71nA8egRirL._AC_UL320_.jpg,67,排名靠前；价格处于人民币等值¥57.60-¥180.00黄金区间；评分达到4.3以上。
2026-07-29,amazon_us,product,search,women summer slippers,6,HomeTop,¥122.33,4.4,HomeTop,,,,,,https://www.amazon.com/sspa/click?ie=UTF8&spc=MTo1ODkzNTE0MTI0MDgyNzQ1OjE3ODUyOTgyNDY6c3Bfc2VhcmNoX3RoZW1hdGljOjMwMDgzMzkxNDQzMzYwMjo6MDo6&url=%2FWomens-Comfort-Cotton-Slippers-Anti-Skid%2Fdp%2FB07J5QBSWK%2Fref%3Dsxin_19_pa_sp_search_thematic_sspa%3Fcontent-id%3Damzn1.sym.42790fec-54ce-481c-b1f9-c518002a1382%253Aamzn1.sym.42790fec-54ce-481c-b1f9-c518002a1382%26cv_ct_cx%3Dwomen%2Bsummer%2Bslippers%26keywords%3Dwomen%2Bsummer%2Bslippers%26pd_rd_i%3DB07J5QBSWK%26pd_rd_r%3D740c61fa-21d0-4b86-90c6-ff4f43eaa089%26pd_rd_w%3DxlefB%26pd_rd_wg%3Dmc2h0%26pf_rd_p%3D42790fec-54ce-481c-b1f9-c518002a1382%26pf_rd_r%3DPHSFC7M65QSVVS34HA6R%26qid%3D1785298246%26sbo%3DRZvfv%252F%252FHxDF%252BO5021pAnSA%253D%253D%26sr%3D1-1-183302c6-8dec-4386-8e58-6031e7be5ad8-spons%26aref%3DXVd3FX0xCr%26sp_csd%3Dd2lkZ2V0TmFtZT1zcF9zZWFyY2hfdGhlbWF0aWM%26psc%3D1&aref=XVd3FX0xCr,https://m.media-amazon.com/images/I/71h+wvVaLcL._AC_UL320_.jpg,67,排名靠前；价格处于人民币等值¥57.60-¥180.00黄金区间；评分达到4.3以上。
2026-07-29,amazon_us,product,search,women summer slippers,8,IPSAE,¥71.86,4.4,IPSAE,,,,,,https://www.amazon.com/sspa/click?ie=UTF8&spc=MTo1ODkzNTE0MTI0MDgyNzQ1OjE3ODUyOTgyNDY6c3Bfc2VhcmNoX3RoZW1hdGljOjMwMDg3MjUxNjg3NjYwMjo6Mjo6&url=%2FIPSAE-Slippers-Corduroy-Slipper-Bedroom%2Fdp%2FB0DB4W73J3%2Fref%3Dsxin_19_pa_sp_search_thematic_sspa%3Fcontent-id%3Damzn1.sym.42790fec-54ce-481c-b1f9-c518002a1382%253Aamzn1.sym.42790fec-54ce-481c-b1f9-c518002a1382%26cv_ct_cx%3Dwomen%2Bsummer%2Bslippers%26keywords%3Dwomen%2Bsummer%2Bslippers%26pd_rd_i%3DB0DB4W73J3%26pd_rd_r%3D740c61fa-21d0-4b86-90c6-ff4f43eaa089%26pd_rd_w%3DxlefB%26pd_rd_wg%3Dmc2h0%26pf_rd_p%3D42790fec-54ce-481c-b1f9-c518002a1382%26pf_rd_r%3DPHSFC7M65QSVVS34HA6R%26qid%3D1785298246%26sbo%3DRZvfv%252F%252FHxDF%252BO5021pAnSA%253D%253D%26sr%3D1-3-183302c6-8dec-4386-8e58-6031e7be5ad8-spons%26aref%3DWJ3R5Oulio%26sp_csd%3Dd2lkZ2V0TmFtZT1zcF9zZWFyY2hfdGhlbWF0aWM%26psc%3D1&aref=WJ3R5Oulio,https://m.media-amazon.com/images/I/71GcxKVQLUL._AC_UL320_.jpg,67,排名靠前；价格处于人民币等值¥57.60-¥180.00黄金区间；评分达到4.3以上。
2026-07-29,amazon_us,product,search,women slides,3,adidas,¥162.00,4.4,adidas,,,,,,https://www.amazon.com/adidas-Unisex-Adilette-Shower-Sandal/dp/B091ZGQF6G/ref=sr_1_2?dib=eyJ2IjoiMSJ9.wrqHnvIFpzxZDCy1gVq3f2HcNswV2RaHhxwkGjsTd_W7Wc6jF6JA7FA0W4Roi-Vi295q7bUslMnKQZOUF6kjhA8yjxJWtZLxMDYAPyH6CrbvSzasNotLuoU65jOATHNlH8xfpT749HChbKPgH36AE4w_GRR8DHQczszIWg_V5YyQMRKDjiRAbCnyqeQXfrMCWwdFBvTaEs046etDPkKaMGB7sEooloxlCkPRuOCfVI9eF3f08E7it6lhII1UA9AvkoDL22O9Mz-FCCLeQoGLOI4sTaT_0d0lccP9bViYRZE.BD9-NElxvZBK-rGn8mG1P9qZH8iQdOAW35E5W7a7SK4&dib_tag=se&keywords=women+slides&qid=1785298247&sr=8-2,https://m.media-amazon.com/images/I/61CCABduhML._AC_UL320_.jpg,67,排名靠前；价格处于人民币等值¥57.60-¥180.00黄金区间；评分达到4.3以上。
2026-07-29,amazon_us,product,search,platform sandals women,4,Goosecret,¥129.89,4.3,Products highlighted as 'Overall Pick' are:,,,,,,https://www.amazon.com/Goosecret-Platform-Lightweight-Comfortable-Adjustable/dp/B0CZ75N4PP/ref=sr_1_1?dib=eyJ2IjoiMSJ9.wIlL_eVtHzMil5mQkgwLshesaumb_LLvBOj0HVHzZp9XtMhwBeXQVp2_my6kbtTGn_Fa2clv8V2Q897ishgbGlA7jkhXg3vpW3teC4YiqsnyKwcwZdXEbOiB5mGFiD3iNV3xfP8i5QZSXNfMnLkpg98Yq9uzejinw_WrKJ4RCCeTca5g5qgW-o0gGT_E3E-1SNKcwbaPzGPAvzXH5oty8I8TGI5LkbOoe0bJBe6REPm8zDbEIm_K8bLF5_VMiSPQSFg9CsVCah5n0geBbe4Rz4-A34GOPuggRSuU61IcLic.mijjlaRE00EgNToSJWbg7Xbmo_yi-jatebEUbrY6RT0&dib_tag=se&keywords=platform+sandals+women&qid=1785298247&sr=8-1,https://m.media-amazon.com/images/I/61l3YNTRtgL._AC_UL320_.jpg,67,排名靠前；价格处于人民币等值¥57.60-¥180.00黄金区间；评分达到4.3以上。
2026-07-29,amazon_us,product,search,platform sandals women,17,"UBFEN Womens Low Wedge Walking Sandals with Arch Support | Comfortable Cushion Insole, Lightweight, Open Toe, Adjustable Straps, Dressy Sandal, Everyday, Vacation UBFEN Womens Low Wedge Walking Sandals with Arch Support | Comfortable Cushion Insole, Lightweight,…",¥287.93,4.5,4.5,,,,,,https://sponsored-ads.amazon.com/clk/?_encoding=UTF8&p=eAFVT0tu00AAVaiAypSPsmilsAtSFpEm9rh27AmykH-kIW3aOEmFurEmM2PHqmM7M0NTusgJWCJxAjYcAokVB-Ag3XeFRIoQb_Wk99NTyO7Pu6-_HtWfutPzs2A4GL7XgjBq1mB7P2FFdh1P8E1SHa_6V_bqErnTw94-JaelHXE-i0RmvOsee-ejyE2jJ7rWMWEHItTRLh5MvPmuG06PwmgwqR8ojykTl7Ks6nuzURT6p_3R4CIMGp9qyqt7JRYMc7KIK8ZJmWPJ4qzIs4LFc5nUFbzEN2XRIeWy8VLMAcmxEBkB2wzYOkEFmw9ZEc8mbVPMgVywJaOAlHnOiMzKAlzp4H4MEMypABXOCsk4IGUhWSGbXaWmvfh-e_vt7kfQePbXu21vPtc1TbORYRmWrdsW1Hdmk6C345_57WH9deC5fvV2ACx34622SN2NNy6PPkz77v_YeOnGG2889w9JG3t-Gl733TDlwwHTv9SUz7WFlJXoqep6ve78-66mlYrXKlU9LZh2hycIjt5UNOY0rvIF5Y5sLQSOCY8z6mitVUYdaNmmjmzdsFqCOxBAYGLT7OoJAglNKDCgBgFKEAXU6mKMELKNQ72VObgSLcxZ4kw_Qv9cjk9M-htXU7G5&v=c1&r=https%3A%2F%2Fwww.amazon.com%2Fgp%2Faw%2Fd%2FB0DT6KM91N%3Fpd_rd_plhdr%3Dt%26hsa_cr_id%3D0%26qid%3D1785298247%26sr%3D1-1-5a5562f9-fdfd-4101-9f9d-d76aa9998432%26i%3Daps%26aref%3DTy1CVtQM5d&ref_=sbx__sbtcd2_asin_0_bkgd&pd_rd_w=1cCSt&content-id=amzn1.sym.90f77631-9599-4fe0-95f8-a40adfe1c762%3Aamzn1.sym.90f77631-9599-4fe0-95f8-a40adfe1c762&pf_rd_p=90f77631-9599-4fe0-95f8-a40adfe1c762&pf_rd_r=PWJ2TYARNKH82P14Y4NK&pd_rd_wg=6lODP&pd_rd_r=1066602e-065b-4678-ae15-9954544b6323,"https://m.media-amazon.com/images/I/719rrnL3i+L._AC_SR322,134_CB1169409_QL70_.jpg",67,排名进入前30；价格处于人民币等值¥180.00-¥288.00区间；标题包含 comfort、arch support、wedge，符合美国女鞋舒适化趋势；评分达到4.3以上。
2026-07-29,amazon_us,product,best_sellers,Best Sellers Women Sandals,18,Project Cloud 100% Genuine Leather Footbed Sandals for Women (Santorini) | Comfortable Beach Essentials Womens Sandals Plush Memory Foam Cushioning Vacation Essentials Slides for Women Footwear,,4.2,$39.90,,,,,,https://www.amazon.com/Project-Cloud-Genuine-Leather-Sandals/dp/B0D75DL96M/ref=zg_bs_g_679425011_d_sccl_18/137-5111843-3366465?psc=1,"https://images-na.ssl-images-amazon.com/images/I/81KEpbRPxUL._AC_UL600_SR600,400_.jpg",66,排名进入前30；标题包含 cloud、comfort、beach，符合美国女鞋舒适化趋势；cloud + slides组合趋势加分；评分达到4.0以上。
2026-07-29,amazon_us,product,new_releases,New Releases Women Sandals,27,"QIY Flip Flops for Women Square Toe Platform Sandals Slides | Memory Foam Insole - Lightweight and Comfortable, Women Footwear Summer Thong Sandals for Women 2026",,4.2,$29.99,,,,,,https://www.amazon.com/QIY-Square-Platform-Sandals-Slides/dp/B0H13WXYH2/ref=zg_bsnr_g_679425011_d_sccl_27/132-0708818-8616366?psc=1,"https://images-na.ssl-images-amazon.com/images/I/61c-vvOzT2L._AC_UL600_SR600,400_.jpg",66,排名进入前30；标题包含 platform、comfort、summer，符合美国女鞋舒适化趋势；platform + comfort组合趋势加分；评分达到4.0以上。
2026-07-29,amazon_us,product,search,platform sandals women,3,Sorel Women's Sunpeak Platform Sandal Sorel Women's Sunpeak Platform Sandal,¥702.00,4.7,,,,,,,https://aax-us-east-retail-direct.amazon.com/x/c/JDRmI4Gba3CXJLk9pZEN6EUAAAGfrBFhXwEAAAH2AQBvbm9fdHhuX2JpZDYgICBvbm9fdHhuX2ltcDEgICAKciO_/clv1c_ek-wBfHXEsTW3uLbkw8Bb2gzoB0ZWFG5RU1SoEfBvl_wzih9TjG-Cpuzvi27KbqbNq3maREyzNU6ut01CGaoTMzS3I3zp3GKKj9AV4dKlP30kzJup5bmu_dog_h2kH6pnxZJ6Zs7_uIgqKyuLfbOq8_NobncF1X2okTqpydLzAMRbYOtf57nrugEvzehkkvPr2gnx-9SM4-4tSSY90_Y_jENSFpHUBqj2_6XvLYXugoq1Zi4vte6tjzES8IR58F4m9_gR9Axx12PB-8yTYLGucRujbFTgjlzo7CC5iPUMBU9SGzzZPYwojd4cyHmCrQWRT5WbjGrTXiJtAaqpfALqXx4ZiwQZo78-VjscC42eVsM3fZMqddlFSvsvVlMz-kYCaUlFuLVqT_y7XQqCzBXbGeKvzPkZaSjvXFVxdYmHYKA8yJi9wDhZmJ_q4aVuYeF2ey1XEJPYVpBYZpXYZVp40-WBrg2k6VxY6xsaMtl9m93DDejpJd6DQ6B_MHYoAimaoRXaFvz1SvxXsSIQvlpyGSKlEYzbTrYeP14u8XVZe9oxz8EiJPnc-Y7ekUoAURRM_CzsFT7FIxCnLgRdTcJkSEboxewyyGCitehU7zH0O_SRptE3ZjinI5A_eUebExvYwUvxt0spn1I_IzLHG95vfE9XwXEv2pBcg_3wNa6M_v5PotKH4W5t5Xg74gFMV7gKEmsMEgh0HeVQkcWG2GCikFGt9-4TepJF39N6y_gy1jJGQSVspwam7sNbKPZJ5sVou561bzeXoNPE05_RVSAsBPMJdRCUIpyaxnWir9aWbnhM3KSh2ba3IxKG__5BFPRHQFdiYnbH5IobXMlStbqTke5ojInH-DhllvgrQ3Yz0iAOXdMu70mWyJ9VAbjgrFnMQlDa_YGSH91EAPRi2S0mlWllzslBVykiP7tNT7JtoU4vcMfRr5KzVE-KqfzCkpg-gcHiWUoP5FT2OULMRDM9PYlw4yd8BhkMBZl_YUlA2xvwazJ5Si9Xl1Dv4_y1gvX_phoGKwH793o2Gl4uwUTb19Klj9a0clegKQb-2KokmiV5IggDgrhq9FdS3k-ysCvHGp8w7OAwfi451oV4zJU-_f6KTbKAlgb-xKTx8wKGbPMS1x6IjlnDMWJVTVXgz13WkSp7WNaK1TkMNA9Q0GYw0p14O8MAo4pfXcMRBagCmS6CFObPN4WeV4-I7pGCOgUQnRAFdXeGgVPhXhhwc3WHv9aDlryqCkXHXZtENqOP4ANpUr88yXlpPIzBVY7bZfrbZjFftO6HssMQVY48ZfU3jTlhs1s3ScRcE1pNgfoOGrm5b5Pv4cmMbPd_UUyj6szxxUXPYQWAHwPPU5-cxIjBns8IBZL3Rkcd0nUDQGRduptwmCsJCjvaclaQSevqQ56MELl6UO5zG02OxTdS2-erd80oAVz_UGDGPA9wmVWEOua2ILBQCEADntogWeXc1zZKFTVvZYpV4S6nQZA3BPAfgt6BVciq8s3p7njngXcNmMZUjq0Qc18VacLtb5IjUUADaKKamFprGkMVlu2MtVyMPjr6LpkxBUWZQxQf_LsOixMslL7AvXgmdq3nn_bzn-ne6tmmm13k0yy94kdKdCtuhBiWNDiyvrkSnhCtpTxuEIv8GCGHERFkVrKLkgjMwQKNH7WDvhZGJKBPgFiqXJcEEF7yx8JPYO-ayo4EuRd/https://www.amazon.com/gp/aw/d/B0F8DF6JD8/?_encoding=UTF8&pd_rd_plhdr=t&aaxitk=b8fdff5d0a92fb43ad129171fd02a1a5&hsa_cr_id=0&qid=1785298247&sr=1-3-9e67e56a-6f64-441f-a281-df67fc737124&i=aps&aref=rDDkVfxPg8&ref_=sbx__sbtcd_asin_2_bkgd&pd_rd_w=BoT7i&content-id=amzn1.sym.8de9b3d5-f5c5-40e9-9b39-d65f08d6ea68%3Aamzn1.sym.8de9b3d5-f5c5-40e9-9b39-d65f08d6ea68&pf_rd_p=8de9b3d5-f5c5-40e9-9b39-d65f08d6ea68&pf_rd_r=PWJ2TYARNKH82P14Y4NK&pd_rd_wg=FjSfa&pd_rd_r=c8b97e68-47d5-43b2-96fb-669bbb06cf9c,"https://m.media-amazon.com/images/I/61jQ5aKvWfL._AC_SR160,134_CB1169409_QL70_.jpg",66,排名靠前；价格高于人民币等值¥288.00；标题包含 platform，符合美国女鞋舒适化趋势；评分达到4.6以上。
2026-07-29,amazon_us,product,best_sellers,Best Sellers Women Sandals,10,OOFOS OOahh Recovery Slide - Women’s and Men’s,,4.4,$59.95,,,,,,https://www.amazon.com/OOFOS-Unisex-Ooahh-Slide-Sandal/dp/B09Y2HN7X8/ref=zg_bs_g_679425011_d_sccl_10/137-5111843-3366465?psc=1,"https://images-na.ssl-images-amazon.com/images/I/51dH7-05JjL._AC_UL600_SR600,400_.jpg",65,排名靠前；评论数达到50以上；标题包含 recovery，符合美国女鞋舒适化趋势；评分达到4.3以上。
2026-07-29,amazon_us,product,new_releases,New Releases Women Sandals,21,"MellowSoft Cloud Slides for Women & Men, Thick Shock-Absorbing Sole | Ultra Soft CloudFoam Cushioning Slides, Lightweight Anti-Slip Recovery Sandals for Indoor & Outdoor Comfort",,3.5,$39.00,,,,,,https://www.amazon.com/MellowSoft-Cloud-Slides-Women-Shock-Absorbing/dp/B0H53FBMK7/ref=zg_bsnr_g_679425011_d_sccl_21/132-0708818-8616366?psc=1,"https://images-na.ssl-images-amazon.com/images/I/51DtA9ZHO4L._AC_UL600_SR600,400_.jpg",65,排名进入前30；标题包含 cloud、recovery、comfort、soft，符合美国女鞋舒适化趋势；cloud + slides组合趋势加分。
2026-07-29,amazon_us,product,search,platform sandals women,6,UBFEN,¥287.93,4.6,UBFEN,,,,,,https://www.amazon.com/sspa/click?ie=UTF8&spc=MToyNDY4MzYzMDM1OTQwMTI0OjE3ODUyOTgyNDc6c3Bfc2VhcmNoX3RoZW1hdGljOjMwMTM0OTY0ODIxNTMwMjo6MDo6&url=%2FUBFEN-Espadrille-Platform-Sandals-Orthopedic%2Fdp%2FB0GJS1ZXHN%2Fref%3Dsxin_19_pa_sp_search_thematic_sspa%3Fcontent-id%3Damzn1.sym.44acafb9-9a42-418c-a96e-4e3ed427e46e%253Aamzn1.sym.44acafb9-9a42-418c-a96e-4e3ed427e46e%26cv_ct_cx%3Dplatform%2Bsandals%2Bwomen%26keywords%3Dplatform%2Bsandals%2Bwomen%26pd_rd_i%3DB0GJS1ZXHN%26pd_rd_r%3D1066602e-065b-4678-ae15-9954544b6323%26pd_rd_w%3D9NZdc%26pd_rd_wg%3D6lODP%26pf_rd_p%3D44acafb9-9a42-418c-a96e-4e3ed427e46e%26pf_rd_r%3DPWJ2TYARNKH82P14Y4NK%26qid%3D1785298247%26sbo%3D9ZOMT9Jm0JH%252Ft%252BWi68iDSA%253D%253D%26sr%3D1-1-4a82bf2c-99de-49d4-8c6e-1b9c06d4b176-spons%26aref%3D2AtLG8ZtMc%26sp_csd%3Dd2lkZ2V0TmFtZT1zcF9zZWFyY2hfdGhlbWF0aWM%26psc%3D1&aref=2AtLG8ZtMc,https://m.media-amazon.com/images/I/81mta1Mp3vL._AC_UL320_.jpg,65,排名靠前；价格处于人民币等值¥180.00-¥288.00区间；评分达到4.6以上。
2026-07-29,amazon_us,product,search,platform sandals women,10,JOY IN LOVE,¥287.93,4.7,JOY IN LOVE,,,,,,https://www.amazon.com/sspa/click?ie=UTF8&spc=MToyNDY4MzYzMDM1OTQwMTI0OjE3ODUyOTgyNDc6c3Bfc2VhcmNoX3RoZW1hdGljOjMwMDE2MzY3NzQ5ODMwMjo6NDo6&url=%2FJOY-LOVE-Platform-Sandals-Espadrille%2Fdp%2FB0CXHT5S7S%2Fref%3Dsxin_19_pa_sp_search_thematic_sspa%3Fcontent-id%3Damzn1.sym.44acafb9-9a42-418c-a96e-4e3ed427e46e%253Aamzn1.sym.44acafb9-9a42-418c-a96e-4e3ed427e46e%26cv_ct_cx%3Dplatform%2Bsandals%2Bwomen%26keywords%3Dplatform%2Bsandals%2Bwomen%26pd_rd_i%3DB0CXHT5S7S%26pd_rd_r%3D1066602e-065b-4678-ae15-9954544b6323%26pd_rd_w%3D9NZdc%26pd_rd_wg%3D6lODP%26pf_rd_p%3D44acafb9-9a42-418c-a96e-4e3ed427e46e%26pf_rd_r%3DPWJ2TYARNKH82P14Y4NK%26qid%3D1785298247%26sbo%3DRZvfv%252F%252FHxDF%252BO5021pAnSA%253D%253D%26sr%3D1-5-4a82bf2c-99de-49d4-8c6e-1b9c06d4b176-spons%26aref%3DyuU4UaKEdw%26sp_csd%3Dd2lkZ2V0TmFtZT1zcF9zZWFyY2hfdGhlbWF0aWM%26psc%3D1&aref=yuU4UaKEdw,https://m.media-amazon.com/images/I/61jQyRg1JoL._AC_UL320_.jpg,65,排名靠前；价格处于人民币等值¥180.00-¥288.00区间；评分达到4.6以上。
2026-07-29,amazon_us,product,best_sellers,Best Sellers Women Sandals,5,"Archies Arch Support Flip Flops for Men & Women – Orthotic Sandals for Plantar Fasciitis Relief – Lightweight, Cushioning, Shock-Absorbing Thong Sandals for Walking, Foot Pain & All-Day Comfort",,4.3,$40.00,,,,,,https://www.amazon.com/Archies-Womens-Arch-Support-Black/dp/B086SYFKLP/ref=zg_bs_g_679425011_d_sccl_5/137-5111843-3366465?psc=1,"https://images-na.ssl-images-amazon.com/images/I/81xintmVcHL._AC_UL600_SR600,400_.jpg",64,排名靠前；标题包含 comfort、arch support，符合美国女鞋舒适化趋势；评分达到4.3以上。
2026-07-29,amazon_us,product,best_sellers,Best Sellers Women Sandals,9,CUSHIONAIRE Lane Cork Footbed Womens Sandals Comfortable Double Buckle Slip On Sandals for Women with Arch Support and Classic Two Strap Design,,4.5,$34.99,,,,,,https://www.amazon.com/CUSHIONAIRE-Womens-Slide-Sandals-Brown/dp/B075PBVR9N/ref=zg_bs_g_679425011_d_sccl_9/137-5111843-3366465?psc=1,"https://images-na.ssl-images-amazon.com/images/I/81suZ76XHpL._AC_UL600_SR600,400_.jpg",64,排名靠前；标题包含 comfort、arch support，符合美国女鞋舒适化趋势；评分达到4.3以上。
2026-07-29,amazon_us,product,search,women summer slippers,7,Wishcotton,¥119.45,4.2,Wishcotton,,,,,,https://www.amazon.com/sspa/click?ie=UTF8&spc=MTo1ODkzNTE0MTI0MDgyNzQ1OjE3ODUyOTgyNDY6c3Bfc2VhcmNoX3RoZW1hdGljOjMwMTI3OTU4NjY3MTEwMjo6MTo6&url=%2FWishcotton-Womens-Adjustable-Memory-Slippers%2Fdp%2FB079QKLSLQ%2Fref%3Dsxin_19_pa_sp_search_thematic_sspa%3Fcontent-id%3Damzn1.sym.42790fec-54ce-481c-b1f9-c518002a1382%253Aamzn1.sym.42790fec-54ce-481c-b1f9-c518002a1382%26cv_ct_cx%3Dwomen%2Bsummer%2Bslippers%26keywords%3Dwomen%2Bsummer%2Bslippers%26pd_rd_i%3DB079QKLSLQ%26pd_rd_r%3D740c61fa-21d0-4b86-90c6-ff4f43eaa089%26pd_rd_w%3DxlefB%26pd_rd_wg%3Dmc2h0%26pf_rd_p%3D42790fec-54ce-481c-b1f9-c518002a1382%26pf_rd_r%3DPHSFC7M65QSVVS34HA6R%26qid%3D1785298246%26sbo%3DRZvfv%252F%252FHxDF%252BO5021pAnSA%253D%253D%26sr%3D1-2-183302c6-8dec-4386-8e58-6031e7be5ad8-spons%26aref%3DKj9zfZ5xQu%26sp_csd%3Dd2lkZ2V0TmFtZT1zcF9zZWFyY2hfdGhlbWF0aWM%26psc%3D1&aref=Kj9zfZ5xQu,https://m.media-amazon.com/images/I/71WcFznX60L._AC_UL320_.jpg,64,排名靠前；价格处于人民币等值¥57.60-¥180.00黄金区间；评分达到4.0以上。
2026-07-29,amazon_us,product,search,platform sandals women,39,Women's Suede Platform Wedge Heel Slide Sandals Y2K Round Open Toe One Strap Slip-On Heeled Sandals Stylish Comfortable Daily Casual Summer Slippers,¥237.53,4.0,"Price, product page $32.99 $ 32 . 99",,,,,,https://www.amazon.com/NBZKBNG-Platform-Sandals-Comfortable-Slippers/dp/B0FXRQXXLG/ref=sr_1_22?dib=eyJ2IjoiMSJ9.wIlL_eVtHzMil5mQkgwLshesaumb_LLvBOj0HVHzZp9XtMhwBeXQVp2_my6kbtTGn_Fa2clv8V2Q897ishgbGlA7jkhXg3vpW3teC4YiqsnyKwcwZdXEbOiB5mGFiD3iNV3xfP8i5QZSXNfMnLkpg98Yq9uzejinw_WrKJ4RCCeTca5g5qgW-o0gGT_E3E-1SNKcwbaPzGPAvzXH5oty8I8TGI5LkbOoe0bJBe6REPm8zDbEIm_K8bLF5_VMiSPQSFg9CsVCah5n0geBbe4Rz4-A34GOPuggRSuU61IcLic.mijjlaRE00EgNToSJWbg7Xbmo_yi-jatebEUbrY6RT0&dib_tag=se&keywords=platform+sandals+women&qid=1785298247&sr=8-22,https://m.media-amazon.com/images/I/61psKHoQPtL._AC_UL320_.jpg,64,排名进入前50；价格处于人民币等值¥180.00-¥288.00区间；标题包含 platform、comfort、summer、wedge，符合美国女鞋舒适化趋势；platform + comfort组合趋势加分；评分达到4.0以上。
2026-07-29,amazon_us,product,new_releases,New Releases Women Sandals,3,Project Cloud Square Toe Flip Flops For Women - Sandals Women(DEDICATION) | Womens Flip Flop with Memory Foam Insole Beach Essentials Womens Sandals - Thong Sandals Women Footwear - Square Toe Sandals,,4.3,$24.21,,,,,,https://www.amazon.com/Project-Cloud-Square-Flops-Women/dp/B0GY5Y8N35/ref=zg_bsnr_g_679425011_d_sccl_3/132-0708818-8616366?psc=1,"https://images-na.ssl-images-amazon.com/images/I/71nllf30glL._AC_UL600_SR600,400_.jpg",63,排名靠前；标题包含 cloud、beach，符合美国女鞋舒适化趋势；评分达到4.3以上。
2026-07-29,amazon_us,product,search,women summer slippers,18,isotoner Women's Indoor/Outdoor Slip-on Diamond Microterry Gemma Clog Slippers With Memory Foam Comfort isotoner Women's Indoor/Outdoor Slip-on Diamond Microterry Gemma Clog Slippers With Memory Foam Comfort,¥150.62,4.4,4.4,,,,,,https://sponsored-ads.amazon.com/clk/?_encoding=UTF8&p=eAFVT8uO0lAADU7USWd8hMWYMDtMWJBcelta2mIa0xdQ0XlQmNemufTelobS3um9CGHBF7gyJrNz51e4cuMP-DezMpExxrM6yXnlCNH-z_tvv55Un1njizN36A-voOuN6hWpeRSTPF2HtjdfwXW57Lmb0_cOG3SPloGnoLmyCbSJrtl-0B4Hk741OpBhS5VakmG04M2jwJ7uW9544I38oPpKeIoJm_OCVg8nJyPPOe2f-DeeW_tUEV4_KCEjqIxmISVlVGSIkzDNszQn4ZTHVQEt0KbIW1GxqB2zKYgyxFgagV0G7JyASvXHJA8nQVNlU8BnZEEwiIosIxFPixx8lMHDGIhQiRmgKM05KUFU5JzkvN4RKvDl57vvX-9_uLXnf7279voLGUKoGx0N6lCRNUnemwRud885c5rD6hvXthza84Fmbe3bHRJra58Xg2WgW_9jaydb-3xrW39IUjt0Em_dt7ykHPpEvqsIXyozzinriuJqtWr9-y4mVEQrEYs2dC-d9rV-7bylOCxxSLMZLk3emDEURmWYYhM2blNsSpquyoYuK50GK00JyEBFqtqRYwPEOMZAkaAEjNjAAGsdhAzD0JW23EhNRFkDlSQ2cW9JP1xs3l2mvwET0LC1&v=c1&r=https%3A%2F%2Fwww.amazon.com%2Fgp%2Faw%2Fd%2FB0DWC3Y8YC%3Fpd_rd_plhdr%3Dt%26hsa_cr_id%3D0%26qid%3D1785298246%26sr%3D1-2-5a5562f9-fdfd-4101-9f9d-d76aa9998432%26i%3Daps%26aref%3DdFupMVzJWi&ref_=sbx__sbtcd2_asin_1_bkgd&pd_rd_w=MjOyX&content-id=amzn1.sym.90f77631-9599-4fe0-95f8-a40adfe1c762%3Aamzn1.sym.90f77631-9599-4fe0-95f8-a40adfe1c762&pf_rd_p=90f77631-9599-4fe0-95f8-a40adfe1c762&pf_rd_r=PHSFC7M65QSVVS34HA6R&pd_rd_wg=mc2h0&pd_rd_r=740c61fa-21d0-4b86-90c6-ff4f43eaa089,"https://m.media-amazon.com/images/I/711vY9s+p4L._AC_SR322,134_CB1169409_QL70_.jpg",63,排名进入前30；价格处于人民币等值¥57.60-¥180.00黄金区间；标题包含 comfort，符合美国女鞋舒适化趋势；评分达到4.3以上。
2026-07-29,amazon_us,product,search,women slides,33,"Men's and Women's Capybara Slides,Cute Capybara Slippers for Indoor Outdoor,Non Slip Quick Drying Shower Shoes,Comfort Cloud Slides Sandals",¥71.93,4.1,"Price, product page $9.99 $ 9 . 99 List: $16.99 List: $16.99 $16.99",,,,,,https://www.amazon.com/XUNBAI-Capybara-Slippers-Outdoor-Comfort/dp/B0GL1B5RRN/ref=sr_1_22?dib=eyJ2IjoiMSJ9.wrqHnvIFpzxZDCy1gVq3f2HcNswV2RaHhxwkGjsTd_W7Wc6jF6JA7FA0W4Roi-Vi295q7bUslMnKQZOUF6kjhA8yjxJWtZLxMDYAPyH6CrbvSzasNotLuoU65jOATHNlH8xfpT749HChbKPgH36AE4w_GRR8DHQczszIWg_V5YyQMRKDjiRAbCnyqeQXfrMCWwdFBvTaEs046etDPkKaMGB7sEooloxlCkPRuOCfVI9eF3f08E7it6lhII1UA9AvkoDL22O9Mz-FCCLeQoGLOI4sTaT_0d0lccP9bViYRZE.BD9-NElxvZBK-rGn8mG1P9qZH8iQdOAW35E5W7a7SK4&dib_tag=se&keywords=women+slides&qid=1785298247&sr=8-22,https://m.media-amazon.com/images/I/61wFDL2ZcbL._AC_UL320_.jpg,63,排名进入前50；价格处于人民币等值¥57.60-¥180.00黄金区间；标题包含 cloud、comfort，符合美国女鞋舒适化趋势；cloud + slides组合趋势加分；评分达到4.0以上。
2026-07-29,amazon_us,product,best_sellers,Best Sellers Women Sandals,28,KuaiLu Flip Flops for Women with Arch Support Summer Beach Thong Sandals | Comfortable Walking Shoes Lightweight Soft Yoga Mat Cushion Floral Outfits Slip On Indoor Outdoor,,4.5,$15.98,,,,,,https://www.amazon.com/KuaiLu-Comfortable-Orthotic-Essentials-Slippers/dp/B0DZ6HP69D/ref=zg_bs_g_679425011_d_sccl_28/137-5111843-3366465?psc=1,"https://images-na.ssl-images-amazon.com/images/I/71KNoOx0PxL._AC_UL600_SR600,400_.jpg",62,排名进入前30；标题包含 comfort、arch support、soft、beach、summer，符合美国女鞋舒适化趋势；评分达到4.3以上。
2026-07-29,amazon_us,product,best_sellers,Best Sellers Women Sandals,35,COFACE Womens Orthopedic Flip Flops Arch Support Yoga Walking Thong Sandals | Fashion Orthotic Ladies Slip On Lightweight Athletic Mat Recovery Cushion With Comfortable Plantar Fasciitis,,4.4,$24.69,,,,,,https://www.amazon.com/COFACE-Orthotic-Athletic-FlipFlops-Fasciitis/dp/B09ZKZW1LR/ref=zg_bs_g_679425011_d_sccl_35/132-0708818-8616366?psc=1,"https://images-na.ssl-images-amazon.com/images/I/71wrTj6AkpL._AC_UL300_SR300,200_.jpg",62,排名进入前50；标题包含 recovery、orthopedic、comfort、arch support，符合美国女鞋舒适化趋势；orthopedic + arch support组合趋势加分；评分达到4.3以上。
2026-07-29,amazon_us,product,search,women summer slippers,1,Chantomoo Slippers for Women Memory Foam House Bedroom Corduroy Bow Crossbands Slipper Shoes Comfy Trendy Gift Slippers Chantomoo Slippers for Women Memory Foam Hous…,¥215.93,4.4,,,,,,,https://aax-us-east-retail-direct.amazon.com/x/c/JKYRn_tyjNHhiX6kbVcMUZ8AAAGfrBFbxgEAAAH2AQBvbm9fdHhuX2JpZDIgICBvbm9fdHhuX2ltcDIgICCr_x4d/clv1c_ek-wBXHWErTe3Oubkw0Bbus_ohs52FDJAcMZ62-ql8Z7QhMaMTlJTz-4uaXAEri4PYk1RhxWAxqYKYNIZq1xj3g1XE734vLtDeKnz7t83F82C2GrSstOjAPvhqH0JHkysa3wUh_MGTeqLsj6cA4jn8LpCJ2ck3EKEhAg7_eryp1HaQreSmyva2WJwJUjmi_2JQAApOfBrycIVOVquVXwQkbSTzsvNX-jtuckYTc1qRI6_dnxgG6AzE5nS8bwEqQiuCW6kLbQrnpNL9pGxWtMvVETyiew6PuQnetSCGF_hG9H6aUUVQLsJir9Ik5gsSog5DhyxgH6vy0sLD8JVqymD9TZ0Toscnqxdda8vM3Eo_rjHG-sVtOhwJms2MkdYWxlBEt_oQQLx0jwyJ2he1ckGk7SEMVLGttpdt8X3PVkrb7-fgT2GNceMGmKb7-xbqPHPNA02we5DK92Wjge4XR2YmsSwmaCvXoW_yESN24MMgJ7IV8S5bWqKaXujwVCAeqmQ7zbUgW9spDbckF__HLlI0_OYsqEBbC2EPi9G3tS8uZ0r0YgYXT_GzlFEEqgn6OwYWPrU9ndSHyuETk31I9gKPN3rOKeVh0vrh4Yqg2ZXBAInm5kLVbMYpEYB08Im2Zy1U72Lsk1QTWZrMdWeNNzS-ddDfRxlq8-tNU6bLcPBnUd4ukPE4fBf9TYhjFSHriBECCAlT6kVV1CImcWE2CGiFlYTIEZ-fIojGIEKl4hpT_RYrlGFlXYmJ1l4kFR4YwoaPaViMV8NoJpI9B3kQ_LCE3rWG0OhApawPMwbBE3hts8lG6D9NnUjFXVL95fs-BVOn2_6lUyu_hDGmKnc8dMiI_EW88kePu21E56niZFcUoX95rP8nQXolk_l_YyszCo_5rKb6q5M342QDLrMxaX8KrpSgVHUCN7fYq2n7cuJilliWXvuff5ZfHVbvsdB1VJ7GqQb5oCqzlpO9rkxLembtW4yz7jFsasdPdmPzKfymjBIdi2wPSAHElOeIHV1XJWij_wPyQ2xmy2pF7X1UTK_Et5b07T5ImK45w7iUPX4q6FG0LwReIh6d25uC0rg2EsLaz0DMDWHq-uI9F3F9hnCrznrAPquwbZIeSe1Hg7syww95CVf7OS6C-1CtG2FAENi6JbbPSRxfOuyuRuxnRoNt2li978nMPqueI2-UIaklfFcTfMoHwj28yBqoe_d8ltoOeTfErhJhqpRYUXhKBcpRafJa4PFgtaBctU15Nvcq5ieirrFMTznIcuSsm34EnF8isrOqKnknYKLwxbiCalyzCdpR5jVuSiy-2atVB_QxwzPgARFYjEogqqOa6bvnyTvntnH-w92YVa59J6wf12eGl5Xqf-OzPW8nPzYNmpVdGRWfI0v5q1_xQx3beY9QabGadnM90U-U-sg-o-wHt4sOQD03R5O4TQLKF3T6yII_psGURY-P64Hbj2L5VwTzP7wtiFzDAOZTRfy1gLFZuXDm0QDVx-WYEdg1d4m5MG-Wn3-cBW-Qd6AqJS9W9zV_CrdPNLqouGQn4m5dNW0wnaz-DHjSLKY0ZC_kT5i4kpQBGC_HrxwBhTiR7r-nhoYyqnJsQWgylbf18zGu8VfOGfFIBwStJUDQWbeVYPjdgjrsiF1Dd7u_RSd6Gn78vq_tDpQRZz1NxIl12ok5EGf8VOaSfa3g/https://www.amazon.com/gp/aw/d/B0C7H38YBT/?_encoding=UTF8&pd_rd_plhdr=t&aaxitk=e1dc8951dc6a869de52e94b8a9c6e0fe&hsa_cr_id=0&qid=1785298246&sr=1-1-9e67e56a-6f64-441f-a281-df67fc737124&i=aps&aref=qwdxKUM9Cs&ref_=sbx__sbtcd_asin_0_bkgd&pd_rd_w=QRSWv&content-id=amzn1.sym.8de9b3d5-f5c5-40e9-9b39-d65f08d6ea68%3Aamzn1.sym.8de9b3d5-f5c5-40e9-9b39-d65f08d6ea68&pf_rd_p=8de9b3d5-f5c5-40e9-9b39-d65f08d6ea68&pf_rd_r=PHSFC7M65QSVVS34HA6R&pd_rd_wg=LMimn&pd_rd_r=5e95ca9e-4618-40d8-8d23-51c07957cfbd,"https://m.media-amazon.com/images/I/711Z9Ju3AqL._AC_SR160,134_CB1169409_QL70_.jpg",62,排名靠前；价格处于人民币等值¥180.00-¥288.00区间；评分达到4.3以上。
2026-07-29,amazon_us,product,search,women summer slippers,3,Chantomoo Slippers for Women Memory Foam House Bedroom Corduroy Bow Crossbands Slipper Shoes Comfy Trendy Gift Slippers Chantomoo Slippers for Women Memory Foam Hous…,¥287.93,4.4,,,,,,,https://aax-us-east-retail-direct.amazon.com/x/c/JKYRn_tyjNHhiX6kbVcMUZ8AAAGfrBFbxgEAAAH2AQBvbm9fdHhuX2JpZDIgICBvbm9fdHhuX2ltcDIgICCr_x4d/clv1c_ek-wBXHWErTe3Oubkw0Bbus_ohs52FDJAcMZ62-ql8Z7QhMaMTlJTz-4uaXAEri4PYk1RhxWAxqYKYNIZq1xj3g1XE734vLtDeKnz7t83F82C2GrSstOjAPvhqH0JHkysa3wUh_MGTeqLsj6cA4jn8LpCJ2ck3EKEhAg7_eryp1HaQreSmyva2WJwJUjmi_2JQAApOfBrycIVOVquVXwQkbSTzsvNX-jtuckYTc1qRI6_dnxgG6AzE5nS8bwEqQiuCW6kLbQrnpNL9pGxWtMvVETyiew6PuQnetSCGF_hG9H6aUUVQLsJir9Ik5gsSog5DhyxgH6vy0sLD8JVqymD9TZ0Toscnqxdda8vM3Eo_rjHG-sVtOhwJms2MkdYWxlBEt_oQQLx0jwyJ2he1ckGk7SEMVLGttpdt8X3PVkrb7-fgT2GNceMGmKb7-xbqPHPNA02we5DK92Wjge4XR2YmsSwmaCvXoW_yESN24MMgJ7IV8S5bWqKaXujwVCAeqmQ7zbUgW9spDbckF__HLlI0_OYsqEBbC2EPi9G3tS8uZ0r0YgYXT_GzlFEEqgn6OwYWPrU9ndSHyuETk31I9gKPN3rOKeVh0vrh4Yqg2ZXBAInm5kLVbMYpEYB08Im2Zy1U72Lsk1QTWZrMdWeNNzS-ddDfRxlq8-tNU6bLcPBnUd4ukPE4fBf9TYhjFSHriBECCAlT6kVV1CImcWE2CGiFlYTIEZ-fIojGIEKl4hpT_RYrlGFlXYmJ1l4kFR4YwoaPaViMV8NoJpI9B3kQ_LCE3rWG0OhApawPMwbBE3hts8lG6D9NnUjFXVL95fs-BVOn2_6lUyu_hDGmKnc8dMiI_EW88kePu21E56niZFcUoX95rP8nQXolk_l_YyszCo_5rKb6q5M342QDLrMxaX8KrpSgVHUCN7fYq2n7cuJilliWXvuff5ZfHVbvsdB1VJ7GqQb5oCqzlpO9rkxLembtW4yz7jFsasdPdmPzKfymjBIdi2wPSAHElOeIHV1XJWij_wPyQ2xmy2pF7X1UTK_Et5b07T5ImK45w7iUPX4q6FG0LwReIh6d25uC0rg2EsLaz0DMDWHq-uI9F3F9hnCrznrAPquwbZIeSe1Hg7syww95CVf7OS6C-1CtG2FAENi6JbbPSRxfOuyuRuxnRoNt2li978nMPqueI2-UIaklfFcTfMoHwj28yBqoe_d8ltoOeTfErhJhqpRYUXhKBcpRafJa4PFgtaBctU15Nvcq5ieirrFMTznIcuSsm34EnF8isrOqKnknYKLwxbiCalyzCdpR5jVuSiy-2atVB_QxwzPgARFYjEogqqOa6bvnyTvntnH-w92YVa59J6wf12eGl5Xqf-OzPW8nPzYNmpVdGRWfI0v5q1_xQx3beY9QabGadnM90U-U-sg-o-wHt4sOQD03R5O4TQLKF3T6yII_psGURY-P64Hbj2L5VwTzP7wtiFzDAOZTRfy1gLFZuXDm0QDVx-WYEdg1d4m5MG-Wn3-cBW-Qd6AqJS9W9zV_CrdPNLqouGQn4m5dNW0wnaz-DHjSLKY0ZC_kT5i4kpQBGC_HrxwBhTiR7r-nhoYyqnJsQWgylbf18zGu8VfOGfFIBwStJUDQWbeVYPjdgjrsiF1Dd7u_RSd6Gn78vq_tDpQRZz1NxIl12ok5EGf8VOaSfa3g/https://www.amazon.com/gp/aw/d/B0FRZFL2QW/?_encoding=UTF8&pd_rd_plhdr=t&aaxitk=e1dc8951dc6a869de52e94b8a9c6e0fe&hsa_cr_id=0&qid=1785298246&sr=1-3-9e67e56a-6f64-441f-a281-df67fc737124&i=aps&aref=qwdxKUM9Cs&ref_=sbx__sbtcd_asin_2_bkgd&pd_rd_w=QRSWv&content-id=amzn1.sym.8de9b3d5-f5c5-40e9-9b39-d65f08d6ea68%3Aamzn1.sym.8de9b3d5-f5c5-40e9-9b39-d65f08d6ea68&pf_rd_p=8de9b3d5-f5c5-40e9-9b39-d65f08d6ea68&pf_rd_r=PHSFC7M65QSVVS34HA6R&pd_rd_wg=LMimn&pd_rd_r=5e95ca9e-4618-40d8-8d23-51c07957cfbd,"https://m.media-amazon.com/images/I/71Ku9McB09L._AC_SR160,134_CB1169409_QL70_.jpg",62,排名靠前；价格处于人民币等值¥180.00-¥288.00区间；评分达到4.3以上。
2026-07-29,amazon_us,product,search,platform sandals women,2,"Sorel Women's Sunpeak Wedge Ankle Strap, Iced Tea/Snow, 7.5 Regular Sorel Women's Sunpeak Wedge Ankle Strap, Iced Tea…",¥810.00,4.8,,,,,,,https://aax-us-east-retail-direct.amazon.com/x/c/JDRmI4Gba3CXJLk9pZEN6EUAAAGfrBFhXwEAAAH2AQBvbm9fdHhuX2JpZDYgICBvbm9fdHhuX2ltcDEgICAKciO_/clv1c_ek-wBfHXEsTW3uLbkw8Bb2gzoB0ZWFG5RU1SoEfBvl_wzih9TjG-Cpuzvi27KbqbNq3maREyzNU6ut01CGaoTMzS3I3zp3GKKj9AV4dKlP30kzJup5bmu_dog_h2kH6pnxZJ6Zs7_uIgqKyuLfbOq8_NobncF1X2okTqpydLzAMRbYOtf57nrugEvzehkkvPr2gnx-9SM4-4tSSY90_Y_jENSFpHUBqj2_6XvLYXugoq1Zi4vte6tjzES8IR58F4m9_gR9Axx12PB-8yTYLGucRujbFTgjlzo7CC5iPUMBU9SGzzZPYwojd4cyHmCrQWRT5WbjGrTXiJtAaqpfALqXx4ZiwQZo78-VjscC42eVsM3fZMqddlFSvsvVlMz-kYCaUlFuLVqT_y7XQqCzBXbGeKvzPkZaSjvXFVxdYmHYKA8yJi9wDhZmJ_q4aVuYeF2ey1XEJPYVpBYZpXYZVp40-WBrg2k6VxY6xsaMtl9m93DDejpJd6DQ6B_MHYoAimaoRXaFvz1SvxXsSIQvlpyGSKlEYzbTrYeP14u8XVZe9oxz8EiJPnc-Y7ekUoAURRM_CzsFT7FIxCnLgRdTcJkSEboxewyyGCitehU7zH0O_SRptE3ZjinI5A_eUebExvYwUvxt0spn1I_IzLHG95vfE9XwXEv2pBcg_3wNa6M_v5PotKH4W5t5Xg74gFMV7gKEmsMEgh0HeVQkcWG2GCikFGt9-4TepJF39N6y_gy1jJGQSVspwam7sNbKPZJ5sVou561bzeXoNPE05_RVSAsBPMJdRCUIpyaxnWir9aWbnhM3KSh2ba3IxKG__5BFPRHQFdiYnbH5IobXMlStbqTke5ojInH-DhllvgrQ3Yz0iAOXdMu70mWyJ9VAbjgrFnMQlDa_YGSH91EAPRi2S0mlWllzslBVykiP7tNT7JtoU4vcMfRr5KzVE-KqfzCkpg-gcHiWUoP5FT2OULMRDM9PYlw4yd8BhkMBZl_YUlA2xvwazJ5Si9Xl1Dv4_y1gvX_phoGKwH793o2Gl4uwUTb19Klj9a0clegKQb-2KokmiV5IggDgrhq9FdS3k-ysCvHGp8w7OAwfi451oV4zJU-_f6KTbKAlgb-xKTx8wKGbPMS1x6IjlnDMWJVTVXgz13WkSp7WNaK1TkMNA9Q0GYw0p14O8MAo4pfXcMRBagCmS6CFObPN4WeV4-I7pGCOgUQnRAFdXeGgVPhXhhwc3WHv9aDlryqCkXHXZtENqOP4ANpUr88yXlpPIzBVY7bZfrbZjFftO6HssMQVY48ZfU3jTlhs1s3ScRcE1pNgfoOGrm5b5Pv4cmMbPd_UUyj6szxxUXPYQWAHwPPU5-cxIjBns8IBZL3Rkcd0nUDQGRduptwmCsJCjvaclaQSevqQ56MELl6UO5zG02OxTdS2-erd80oAVz_UGDGPA9wmVWEOua2ILBQCEADntogWeXc1zZKFTVvZYpV4S6nQZA3BPAfgt6BVciq8s3p7njngXcNmMZUjq0Qc18VacLtb5IjUUADaKKamFprGkMVlu2MtVyMPjr6LpkxBUWZQxQf_LsOixMslL7AvXgmdq3nn_bzn-ne6tmmm13k0yy94kdKdCtuhBiWNDiyvrkSnhCtpTxuEIv8GCGHERFkVrKLkgjMwQKNH7WDvhZGJKBPgFiqXJcEEF7yx8JPYO-ayo4EuRd/https://www.amazon.com/gp/aw/d/B0F8D6PCQL/?_encoding=UTF8&pd_rd_plhdr=t&aaxitk=b8fdff5d0a92fb43ad129171fd02a1a5&hsa_cr_id=0&qid=1785298247&sr=1-2-9e67e56a-6f64-441f-a281-df67fc737124&i=aps&aref=rDDkVfxPg8&ref_=sbx__sbtcd_asin_1_bkgd&pd_rd_w=BoT7i&content-id=amzn1.sym.8de9b3d5-f5c5-40e9-9b39-d65f08d6ea68%3Aamzn1.sym.8de9b3d5-f5c5-40e9-9b39-d65f08d6ea68&pf_rd_p=8de9b3d5-f5c5-40e9-9b39-d65f08d6ea68&pf_rd_r=PWJ2TYARNKH82P14Y4NK&pd_rd_wg=FjSfa&pd_rd_r=c8b97e68-47d5-43b2-96fb-669bbb06cf9c,"https://m.media-amazon.com/images/I/71-mn-Y6B1L._AC_SR160,134_CB1169409_QL70_.jpg",61,排名靠前；价格高于人民币等值¥288.00；标题包含 wedge，符合美国女鞋舒适化趋势；评分达到4.6以上。
2026-07-29,amazon_us,product,best_sellers,Best Sellers Women Sandals,25,ONCAI Women's Flip Flops Comfortable Arch Support Yoga Mat Summer Beach Walking Thong Cushion Sandals Ladies Outdoor Vacation Essentials Slide Shoes Rubber Soles US Size 5-11,,4.4,$13.98,,,,,,https://www.amazon.com/ONCAI-Support-Athletic-Orthotic-Fasciitis/dp/B0D2292JM9/ref=zg_bs_g_679425011_d_sccl_25/137-5111843-3366465?psc=1,"https://images-na.ssl-images-amazon.com/images/I/71iVIX1IyIL._AC_UL600_SR600,400_.jpg",60,排名进入前30；标题包含 comfort、arch support、beach、summer，符合美国女鞋舒适化趋势；评分达到4.3以上。
2026-07-29,amazon_us,product,new_releases,New Releases Women Sandals,18,Uniwill Shower Shoes Women Non-Slip Quick Dry Flip Flop Sandals | Comfortable Arch Support for Public Shower Bathroom Pool Beach Quick Dry with Drain Holes,,4.8,$12.89,,,,,,https://www.amazon.com/Uniwill-Shower-Shoes-Non-Slip-Sandals/dp/B0GY4471BY/ref=zg_bsnr_g_679425011_d_sccl_18/132-0708818-8616366?psc=1,"https://images-na.ssl-images-amazon.com/images/I/71SL6HBtLiL._AC_UL600_SR600,400_.jpg",60,排名进入前30；标题包含 comfort、arch support、beach，符合美国女鞋舒适化趋势；评分达到4.6以上。
2026-07-29,amazon_us,product,search,women summer slippers,17,Isotoner Women's Satin Ballerina Slippers with Classic Ribbon Bow and Suede Sole Isotoner Women's Satin Ballerina Slippers with Classic Ribbon Bow and Suede Sole,¥165.38,4.7,4.7,,,,,,https://sponsored-ads.amazon.com/clk/?_encoding=UTF8&p=eAFVT8lq20AAxQ1tg5Iu-JCCc3PBB8NYI0WyJBdRtNlW3WyWlYZcxFgzkoVlaTIj18YHf0FPpZBbb_2KnnrpD_RvcirUKaXv9OBtPCHe_3n_7deT-jNrcnXhjvzRNXS9cbMmtY8SUmTryPbmK7hmy767OX_v8GHvaBl4Cporm0ALdc32g5NJEA6s8YEMO6rUkQyjA28eBfZ03_ImQ2_sB_VXwlNM-Lwqaf0wPBt7zvngzL_x3ManmvD6QYk4QSyeRZSwuMxRRaKsyLOCRNMqqQtogTZl0YnLReOYT0GcI86zGOwyYOcEVGo-JkUUBm2VT0E1IwuCQVzmOYmrrCzARxk8jIEYMcwBRVlREQbisqhIUTW7Qg2-_Hz3_ev9D7fx_K931958IUMIdaOrQR0qsibJe2Hg9vacC6c9qr9xbcuhfR9o1ta-3SG1tvZlOVwGuvU_tna6tS-3tvWHpI1DJ_XWA8tL2cgn8l1N-FKbVRXlPVFcrVadf9_FlIpoJWLRhlCxDT8cnL6lOGI4ovkMM7NqzTiKYhZl2ISt2wybkqarsqHLSrfFmSkBCahIVbtyYoAEJxgoEpSAkRgYYK2LkGEYunIitzITUd5CjCQm7i_p6dXm3YfsN_82sIc&v=c1&r=https%3A%2F%2Fwww.amazon.com%2Fgp%2Faw%2Fd%2FB004B9IUGM%3Fpd_rd_plhdr%3Dt%26hsa_cr_id%3D0%26qid%3D1785298246%26sr%3D1-1-5a5562f9-fdfd-4101-9f9d-d76aa9998432%26i%3Daps%26aref%3DdFupMVzJWi&ref_=sbx__sbtcd2_asin_0_bkgd&pd_rd_w=MjOyX&content-id=amzn1.sym.90f77631-9599-4fe0-95f8-a40adfe1c762%3Aamzn1.sym.90f77631-9599-4fe0-95f8-a40adfe1c762&pf_rd_p=90f77631-9599-4fe0-95f8-a40adfe1c762&pf_rd_r=PHSFC7M65QSVVS34HA6R&pd_rd_wg=mc2h0&pd_rd_r=740c61fa-21d0-4b86-90c6-ff4f43eaa089,"https://m.media-amazon.com/images/I/713XrEY7HEL._AC_SR322,134_CB1169409_QL70_.jpg",60,排名进入前30；价格处于人民币等值¥57.60-¥180.00黄金区间；评分达到4.6以上。
2026-07-29,amazon_us,product,search,platform sandals women,12,Project Cloud,¥215.28,4.4,Project Cloud,,,,,,https://www.amazon.com/Project-Cloud-Genuine-Womens-Sandals/dp/B0CQTTTK2J/ref=sr_1_4?dib=eyJ2IjoiMSJ9.wIlL_eVtHzMil5mQkgwLshesaumb_LLvBOj0HVHzZp9XtMhwBeXQVp2_my6kbtTGn_Fa2clv8V2Q897ishgbGlA7jkhXg3vpW3teC4YiqsnyKwcwZdXEbOiB5mGFiD3iNV3xfP8i5QZSXNfMnLkpg98Yq9uzejinw_WrKJ4RCCeTca5g5qgW-o0gGT_E3E-1SNKcwbaPzGPAvzXH5oty8I8TGI5LkbOoe0bJBe6REPm8zDbEIm_K8bLF5_VMiSPQSFg9CsVCah5n0geBbe4Rz4-A34GOPuggRSuU61IcLic.mijjlaRE00EgNToSJWbg7Xbmo_yi-jatebEUbrY6RT0&dib_tag=se&keywords=platform+sandals+women&qid=1785298247&sr=8-4,https://m.media-amazon.com/images/I/81V6vB5lczL._AC_UL320_.jpg,60,排名进入前30；价格处于人民币等值¥180.00-¥288.00区间；标题包含 cloud，符合美国女鞋舒适化趋势；评分达到4.3以上。
2026-07-29,amazon_us,product,best_sellers,Best Sellers Women Sandals,8,"WHITIN Women's Slides with Cushioned Thick Sole Slippers for Home Wear Y13 | Comfort for Daily Wear, Waterproof & Easy to Clean, Indoor & Outdoor Versatility, Lightweight EVA for All-Day",,4.3,$9.99,,,,,,https://www.amazon.com/WHITIN-Slippers-Sandals-Fashionable-Lightweight/dp/B0C1C3MKLF/ref=zg_bs_g_679425011_d_sccl_8/137-5111843-3366465?psc=1,"https://images-na.ssl-images-amazon.com/images/I/71nA8egRirL._AC_UL600_SR600,400_.jpg",58,排名靠前；标题包含 comfort，符合美国女鞋舒适化趋势；评分达到4.3以上。
2026-07-29,amazon_us,product,new_releases,New Releases Women Sandals,7,adidas Unisex-Adult Adilette Comfort 2.0 Slide Sandal,,4.4,$30.00,,,,,,https://www.amazon.com/adidas-Unisex-Adilette-Comfort-Sandal/dp/B0F2B84XX9/ref=zg_bsnr_g_679425011_d_sccl_7/132-0708818-8616366?psc=1,"https://images-na.ssl-images-amazon.com/images/I/51qn7G+PVyL._AC_UL600_SR600,400_.jpg",58,排名靠前；标题包含 comfort，符合美国女鞋舒适化趋势；评分达到4.3以上。
2026-07-29,amazon_us,product,best_sellers,Best Sellers Women Sandals,12,KuaiLu Flip Flops for Women with Arch Support Summer Beach Thong Sandals | Comfortable Yoga Mat Cushion Walking Shoes Slip on Casual Outfits Faux Leather Indoor Outdoor,,4.2,$13.98,,,,,,https://www.amazon.com/KuaiLu-Support-Comfortable-Cushion-Walking/dp/B08GKGCH2R/ref=zg_bs_g_679425011_d_sccl_12/137-5111843-3366465?psc=1,"https://images-na.ssl-images-amazon.com/images/I/81-DUybjK+L._AC_UL600_SR600,400_.jpg",57,排名进入前30；标题包含 comfort、arch support、beach、summer，符合美国女鞋舒适化趋势；评分达到4.0以上。
2026-07-29,amazon_us,product,best_sellers,Best Sellers Women Sandals,14,"FUNKYMONKEY Women's Comfort Slides Non-Slip Lightweight Flat Beach Sandals | Adjustable Buckle Plastic Sandals with Arch Support, Waterproof Non-Slip Summer Slippers for Pool, Shower & Daily Wear",,4.1,$17.09,,,,,,https://www.amazon.com/FUNKYMONKEY-Comfort-Adjustable-Sandals-US-Women/dp/B07CV9YZBB/ref=zg_bs_g_679425011_d_sccl_14/137-5111843-3366465?psc=1,"https://images-na.ssl-images-amazon.com/images/I/51o3wxcasIL._AC_UL600_SR600,400_.jpg",57,排名进入前30；标题包含 comfort、arch support、beach、summer，符合美国女鞋舒适化趋势；评分达到4.0以上。
2026-07-29,amazon_us,product,best_sellers,Best Sellers Women Sandals,31,"Goosecret Women's Comfortable Arch Support Walking Platform Sandals | Lightweight Chunky Slip-On Foam Slides with Adjustable Buckle, Sandals for Beach and Daily Wear",,4.3,$18.04,,,,,,https://www.amazon.com/Goosecret-Platform-Lightweight-Comfortable-Adjustable/dp/B0CZ75N4PP/ref=zg_bs_g_679425011_d_sccl_31/132-0708818-8616366?psc=1,"https://images-na.ssl-images-amazon.com/images/I/61l3YNTRtgL._AC_UL300_SR300,200_.jpg",57,排名进入前50；标题包含 platform、comfort、arch support、beach，符合美国女鞋舒适化趋势；platform + comfort组合趋势加分；评分达到4.3以上。
2026-07-29,amazon_us,product,new_releases,New Releases Women Sandals,12,Project Cloud 100% Genuine Leather Block Heeled Sandals for Women (Opal) | Sandals Women Footwear - Memory Foam Insole & Non-Slip Womens Sandals Block Heels For Women - Womens Slides & Women's Sandals,,4.2,$49.41,,,,,,https://www.amazon.com/Project-Cloud-Genuine-Leather-Sandals/dp/B0GYFZJR99/ref=zg_bsnr_g_679425011_d_sccl_12/132-0708818-8616366?psc=1,"https://images-na.ssl-images-amazon.com/images/I/81mSAaUxMtL._AC_UL600_SR600,400_.jpg",57,排名进入前30；标题包含 cloud，符合美国女鞋舒适化趋势；cloud + slides组合趋势加分；评分达到4.0以上。
2026-07-29,amazon_us,product,new_releases,New Releases Women Sandals,25,Uniwill Shower Shoes Womens Quick Dry Arch Support Flip Flops | Darin Holes Comfortable Non Slip Beach Lightweight Thong Sandalas,,4.5,$9.99,,,,,,https://www.amazon.com/Uniwill-Shower-Shoes-Womens-Quickly/dp/B0GY5JL3N1/ref=zg_bsnr_g_679425011_d_sccl_25/132-0708818-8616366?psc=1,"https://images-na.ssl-images-amazon.com/images/I/61PrHay7LLL._AC_UL600_SR600,400_.jpg",57,排名进入前30；标题包含 comfort、arch support、beach，符合美国女鞋舒适化趋势；评分达到4.3以上。
2026-07-29,amazon_us,product,search,women summer slippers,11,LongBay,¥143.93,4.5,LongBay,,,,,,https://www.amazon.com/LongBay-Slippers-Memory-Bedroom-Dual-Strap/dp/B0DP277YRM/ref=sr_1_3?dib=eyJ2IjoiMSJ9.3B_wBrVg1UMy5tWehIloEqh3GcRQaYuBAiGuYjezoF8Dm6sY8g4v-VR8VGlcZDhfqwFwJmYAK47QRHb_XwRS1YFxk-fDiJyRQuz5HjSGqxnX_u2iFAbXBlLXsYJmBXBXY3y-8RAAD4pi8xQO017zxlyIetkXywB-_ahqbBMl9yZ3f8hjJ0Lyzh1M7NZ_Y6N27VCvWwcyBPEXTX0ZJUAIS3XddoZ-VZ70GIMhVyIAU0Owv9rPemdcIAZNlv0Eai5GoXVOtxn5niAcSNB0iih8dVjjXpDi3h28C6N6Rb0BZzs.PlVTyyj-BbK1HUY8mvWSuc-VHNV8JDNVMnOf7MeQ6Ew&dib_tag=se&keywords=women+summer+slippers&qid=1785298246&sr=8-3,https://m.media-amazon.com/images/I/71BlGXBbl-L._AC_UL320_.jpg,57,排名进入前30；价格处于人民币等值¥57.60-¥180.00黄金区间；评分达到4.3以上。
2026-07-29,amazon_us,product,search,women summer slippers,12,shevalues,¥143.93,4.3,shevalues,,,,,,https://www.amazon.com/shevalues-Summer-Slippers-Support-Breathable/dp/B0BK8PN8CL/ref=sr_1_4?dib=eyJ2IjoiMSJ9.3B_wBrVg1UMy5tWehIloEqh3GcRQaYuBAiGuYjezoF8Dm6sY8g4v-VR8VGlcZDhfqwFwJmYAK47QRHb_XwRS1YFxk-fDiJyRQuz5HjSGqxnX_u2iFAbXBlLXsYJmBXBXY3y-8RAAD4pi8xQO017zxlyIetkXywB-_ahqbBMl9yZ3f8hjJ0Lyzh1M7NZ_Y6N27VCvWwcyBPEXTX0ZJUAIS3XddoZ-VZ70GIMhVyIAU0Owv9rPemdcIAZNlv0Eai5GoXVOtxn5niAcSNB0iih8dVjjXpDi3h28C6N6Rb0BZzs.PlVTyyj-BbK1HUY8mvWSuc-VHNV8JDNVMnOf7MeQ6Ew&dib_tag=se&keywords=women+summer+slippers&qid=1785298246&sr=8-4,https://m.media-amazon.com/images/I/71wQ2tOj0+L._AC_UL320_.jpg,57,排名进入前30；价格处于人民币等值¥57.60-¥180.00黄金区间；评分达到4.3以上。
2026-07-29,amazon_us,product,search,women summer slippers,14,KuaiLu,¥100.73,4.3,KuaiLu,,,,,,https://www.amazon.com/KuaiLu-Support-Comfortable-Walking-Sandals/dp/B0C5ZZ51RT/ref=sr_1_6?dib=eyJ2IjoiMSJ9.3B_wBrVg1UMy5tWehIloEqh3GcRQaYuBAiGuYjezoF8Dm6sY8g4v-VR8VGlcZDhfqwFwJmYAK47QRHb_XwRS1YFxk-fDiJyRQuz5HjSGqxnX_u2iFAbXBlLXsYJmBXBXY3y-8RAAD4pi8xQO017zxlyIetkXywB-_ahqbBMl9yZ3f8hjJ0Lyzh1M7NZ_Y6N27VCvWwcyBPEXTX0ZJUAIS3XddoZ-VZ70GIMhVyIAU0Owv9rPemdcIAZNlv0Eai5GoXVOtxn5niAcSNB0iih8dVjjXpDi3h28C6N6Rb0BZzs.PlVTyyj-BbK1HUY8mvWSuc-VHNV8JDNVMnOf7MeQ6Ew&dib_tag=se&keywords=women+summer+slippers&qid=1785298246&sr=8-6,https://m.media-amazon.com/images/I/710PdcSAm6L._AC_UL320_.jpg,57,排名进入前30；价格处于人民币等值¥57.60-¥180.00黄金区间；评分达到4.3以上。
2026-07-29,amazon_us,product,search,women summer slippers,15,shevalues,¥95.47,4.3,shevalues,,,,,,https://www.amazon.com/Shevalues-Womens-Indoor-Slippers-Cotton/dp/B074HBC1BR/ref=sr_1_7?dib=eyJ2IjoiMSJ9.3B_wBrVg1UMy5tWehIloEqh3GcRQaYuBAiGuYjezoF8Dm6sY8g4v-VR8VGlcZDhfqwFwJmYAK47QRHb_XwRS1YFxk-fDiJyRQuz5HjSGqxnX_u2iFAbXBlLXsYJmBXBXY3y-8RAAD4pi8xQO017zxlyIetkXywB-_ahqbBMl9yZ3f8hjJ0Lyzh1M7NZ_Y6N27VCvWwcyBPEXTX0ZJUAIS3XddoZ-VZ70GIMhVyIAU0Owv9rPemdcIAZNlv0Eai5GoXVOtxn5niAcSNB0iih8dVjjXpDi3h28C6N6Rb0BZzs.PlVTyyj-BbK1HUY8mvWSuc-VHNV8JDNVMnOf7MeQ6Ew&dib_tag=se&keywords=women+summer+slippers&qid=1785298246&sr=8-7,https://m.media-amazon.com/images/I/71JYzlHXkPL._AC_UL320_.jpg,57,排名进入前30；价格处于人民币等值¥57.60-¥180.00黄金区间；评分达到4.3以上。
2026-07-29,amazon_us,product,search,women summer slippers,20,Evshine,¥79.13,4.4,Evshine,,,,,,https://www.amazon.com/Evshine-Slippers-Bedroom-Corduroy-Outdoor/dp/B0FFZ8GWMZ/ref=sr_1_9?dib=eyJ2IjoiMSJ9.3B_wBrVg1UMy5tWehIloEqh3GcRQaYuBAiGuYjezoF8Dm6sY8g4v-VR8VGlcZDhfqwFwJmYAK47QRHb_XwRS1YFxk-fDiJyRQuz5HjSGqxnX_u2iFAbXBlLXsYJmBXBXY3y-8RAAD4pi8xQO017zxlyIetkXywB-_ahqbBMl9yZ3f8hjJ0Lyzh1M7NZ_Y6N27VCvWwcyBPEXTX0ZJUAIS3XddoZ-VZ70GIMhVyIAU0Owv9rPemdcIAZNlv0Eai5GoXVOtxn5niAcSNB0iih8dVjjXpDi3h28C6N6Rb0BZzs.PlVTyyj-BbK1HUY8mvWSuc-VHNV8JDNVMnOf7MeQ6Ew&dib_tag=se&keywords=women+summer+slippers&qid=1785298246&sr=8-9,https://m.media-amazon.com/images/I/81L2e-mi2FL._AC_UL320_.jpg,57,排名进入前30；价格处于人民币等值¥57.60-¥180.00黄金区间；评分达到4.3以上。
2026-07-29,amazon_us,product,search,women summer slippers,23,EverFoams,¥150.62,4.5,EverFoams,,,,,,https://www.amazon.com/EverFoams-Womens-Slippers-Memory-Outdoor/dp/B0CLGMLRK3/ref=sr_1_12?dib=eyJ2IjoiMSJ9.3B_wBrVg1UMy5tWehIloEqh3GcRQaYuBAiGuYjezoF8Dm6sY8g4v-VR8VGlcZDhfqwFwJmYAK47QRHb_XwRS1YFxk-fDiJyRQuz5HjSGqxnX_u2iFAbXBlLXsYJmBXBXY3y-8RAAD4pi8xQO017zxlyIetkXywB-_ahqbBMl9yZ3f8hjJ0Lyzh1M7NZ_Y6N27VCvWwcyBPEXTX0ZJUAIS3XddoZ-VZ70GIMhVyIAU0Owv9rPemdcIAZNlv0Eai5GoXVOtxn5niAcSNB0iih8dVjjXpDi3h28C6N6Rb0BZzs.PlVTyyj-BbK1HUY8mvWSuc-VHNV8JDNVMnOf7MeQ6Ew&dib_tag=se&keywords=women+summer+slippers&qid=1785298246&sr=8-12,https://m.media-amazon.com/images/I/71LrwEKwjJL._AC_UL320_.jpg,57,排名进入前30；价格处于人民币等值¥57.60-¥180.00黄金区间；评分达到4.3以上。
2026-07-29,amazon_us,product,search,women summer slippers,25,GOEWY,¥93.53,4.4,GOEWY,,,,,,https://www.amazon.com/GOEWY-Slippers-Anti-Skid-Birthday-Bridesmaid/dp/B0DRFQKGW3/ref=sr_1_14?dib=eyJ2IjoiMSJ9.3B_wBrVg1UMy5tWehIloEqh3GcRQaYuBAiGuYjezoF8Dm6sY8g4v-VR8VGlcZDhfqwFwJmYAK47QRHb_XwRS1YFxk-fDiJyRQuz5HjSGqxnX_u2iFAbXBlLXsYJmBXBXY3y-8RAAD4pi8xQO017zxlyIetkXywB-_ahqbBMl9yZ3f8hjJ0Lyzh1M7NZ_Y6N27VCvWwcyBPEXTX0ZJUAIS3XddoZ-VZ70GIMhVyIAU0Owv9rPemdcIAZNlv0Eai5GoXVOtxn5niAcSNB0iih8dVjjXpDi3h28C6N6Rb0BZzs.PlVTyyj-BbK1HUY8mvWSuc-VHNV8JDNVMnOf7MeQ6Ew&dib_tag=se&keywords=women+summer+slippers&qid=1785298246&sr=8-14,https://m.media-amazon.com/images/I/71cJmHLWhGL._AC_UL320_.jpg,57,排名进入前30；价格处于人民币等值¥57.60-¥180.00黄金区间；评分达到4.3以上。
2026-07-29,amazon_us,product,search,women summer slippers,26,ULTRAIDEAS,¥122.33,4.5,ULTRAIDEAS,,,,,,https://www.amazon.com/ULTRAIDEAS-Slippers-Bowknot-Outdoor-Anti-Skid/dp/B07MZ3H6MN/ref=sr_1_15?dib=eyJ2IjoiMSJ9.3B_wBrVg1UMy5tWehIloEqh3GcRQaYuBAiGuYjezoF8Dm6sY8g4v-VR8VGlcZDhfqwFwJmYAK47QRHb_XwRS1YFxk-fDiJyRQuz5HjSGqxnX_u2iFAbXBlLXsYJmBXBXY3y-8RAAD4pi8xQO017zxlyIetkXywB-_ahqbBMl9yZ3f8hjJ0Lyzh1M7NZ_Y6N27VCvWwcyBPEXTX0ZJUAIS3XddoZ-VZ70GIMhVyIAU0Owv9rPemdcIAZNlv0Eai5GoXVOtxn5niAcSNB0iih8dVjjXpDi3h28C6N6Rb0BZzs.PlVTyyj-BbK1HUY8mvWSuc-VHNV8JDNVMnOf7MeQ6Ew&dib_tag=se&keywords=women+summer+slippers&qid=1785298246&sr=8-15,https://m.media-amazon.com/images/I/71cvxwhDe7L._AC_UL320_.jpg,57,排名进入前30；价格处于人民币等值¥57.60-¥180.00黄金区间；评分达到4.3以上。
2026-07-29,amazon_us,product,search,women summer slippers,29,Comwarm,¥68.26,4.3,Comwarm,,,,,,https://www.amazon.com/Sandals-Lightweight-Bathroom-Non-Slip-Slippers/dp/B099DTRKSL/ref=sr_1_18?dib=eyJ2IjoiMSJ9.3B_wBrVg1UMy5tWehIloEqh3GcRQaYuBAiGuYjezoF8Dm6sY8g4v-VR8VGlcZDhfqwFwJmYAK47QRHb_XwRS1YFxk-fDiJyRQuz5HjSGqxnX_u2iFAbXBlLXsYJmBXBXY3y-8RAAD4pi8xQO017zxlyIetkXywB-_ahqbBMl9yZ3f8hjJ0Lyzh1M7NZ_Y6N27VCvWwcyBPEXTX0ZJUAIS3XddoZ-VZ70GIMhVyIAU0Owv9rPemdcIAZNlv0Eai5GoXVOtxn5niAcSNB0iih8dVjjXpDi3h28C6N6Rb0BZzs.PlVTyyj-BbK1HUY8mvWSuc-VHNV8JDNVMnOf7MeQ6Ew&dib_tag=se&keywords=women+summer+slippers&qid=1785298246&sr=8-18,https://m.media-amazon.com/images/I/71uNAZpAhiL._AC_UL320_.jpg,57,排名进入前30；价格处于人民币等值¥57.60-¥180.00黄金区间；评分达到4.3以上。
2026-07-29,amazon_us,product,search,women slides,21,adidas,¥107.78,4.4,adidas,,,,,,https://www.amazon.com/adidas-Unisex-Adilette-Slide-Sandal/dp/B0BHXQXLFT/ref=sr_1_10?dib=eyJ2IjoiMSJ9.wrqHnvIFpzxZDCy1gVq3f2HcNswV2RaHhxwkGjsTd_W7Wc6jF6JA7FA0W4Roi-Vi295q7bUslMnKQZOUF6kjhA8yjxJWtZLxMDYAPyH6CrbvSzasNotLuoU65jOATHNlH8xfpT749HChbKPgH36AE4w_GRR8DHQczszIWg_V5YyQMRKDjiRAbCnyqeQXfrMCWwdFBvTaEs046etDPkKaMGB7sEooloxlCkPRuOCfVI9eF3f08E7it6lhII1UA9AvkoDL22O9Mz-FCCLeQoGLOI4sTaT_0d0lccP9bViYRZE.BD9-NElxvZBK-rGn8mG1P9qZH8iQdOAW35E5W7a7SK4&dib_tag=se&keywords=women+slides&qid=1785298247&sr=8-10,https://m.media-amazon.com/images/I/51MKnxJBP5L._AC_UL320_.jpg,57,排名进入前30；价格处于人民币等值¥57.60-¥180.00黄金区间；评分达到4.3以上。
2026-07-29,amazon_us,product,search,women slides,22,Happy Lily,¥64.73,4.3,Happy Lily,,,,,,https://www.amazon.com/Slippers-Non-Slip-Shower-Sandals-Bathroom/dp/B01LYNR9VM/ref=sr_1_11?dib=eyJ2IjoiMSJ9.wrqHnvIFpzxZDCy1gVq3f2HcNswV2RaHhxwkGjsTd_W7Wc6jF6JA7FA0W4Roi-Vi295q7bUslMnKQZOUF6kjhA8yjxJWtZLxMDYAPyH6CrbvSzasNotLuoU65jOATHNlH8xfpT749HChbKPgH36AE4w_GRR8DHQczszIWg_V5YyQMRKDjiRAbCnyqeQXfrMCWwdFBvTaEs046etDPkKaMGB7sEooloxlCkPRuOCfVI9eF3f08E7it6lhII1UA9AvkoDL22O9Mz-FCCLeQoGLOI4sTaT_0d0lccP9bViYRZE.BD9-NElxvZBK-rGn8mG1P9qZH8iQdOAW35E5W7a7SK4&dib_tag=se&keywords=women+slides&qid=1785298247&sr=8-11,https://m.media-amazon.com/images/I/81oTjdeU9ZL._AC_UL320_.jpg,57,排名进入前30；价格处于人民币等值¥57.60-¥180.00黄金区间；评分达到4.3以上。
2026-07-29,amazon_us,product,search,women slides,30,mazeskin,¥68.26,4.3,mazeskin,,,,,,https://www.amazon.com/mazeskin-Womens-Comfortable-Sandals-Leather/dp/B0F32KMZ18/ref=sr_1_19?dib=eyJ2IjoiMSJ9.wrqHnvIFpzxZDCy1gVq3f2HcNswV2RaHhxwkGjsTd_W7Wc6jF6JA7FA0W4Roi-Vi295q7bUslMnKQZOUF6kjhA8yjxJWtZLxMDYAPyH6CrbvSzasNotLuoU65jOATHNlH8xfpT749HChbKPgH36AE4w_GRR8DHQczszIWg_V5YyQMRKDjiRAbCnyqeQXfrMCWwdFBvTaEs046etDPkKaMGB7sEooloxlCkPRuOCfVI9eF3f08E7it6lhII1UA9AvkoDL22O9Mz-FCCLeQoGLOI4sTaT_0d0lccP9bViYRZE.BD9-NElxvZBK-rGn8mG1P9qZH8iQdOAW35E5W7a7SK4&dib_tag=se&keywords=women+slides&qid=1785298247&sr=8-19,https://m.media-amazon.com/images/I/71jV8GHPNSL._AC_UL320_.jpg,57,排名进入前30；价格处于人民币等值¥57.60-¥180.00黄金区间；评分达到4.3以上。
2026-07-29,amazon_us,product,search,women summer slippers,19,isotoner Women's Indoor/Outdoor Embroidered Seersucker Flip Flop Slippers With Memory Foam Comfort isotoner Women's Indoor/Outdoor Embroidered Seersucker Flip Flop Slippers With Memory Foam Comfort,¥188.93,4.1,4.1,,,,,,https://sponsored-ads.amazon.com/clk/?_encoding=UTF8&p=eAFVT8uK01AApQ7qEMcHXYxQdxW6KNzmJs2zEiSvtrE60-ltR5lNuL33Jg1Nk0xuaksX_QJXIszOnV_hyo0_4N_MSrAj4lkdOC-OQI5_3n779aD-2J5ejr1RMPoAPX_SrEnt04hlyTZ0_OUGbst139udv3X5sHe6Rr6Cl8oO6TNDdwLUnaLZwJ48kmFHlTqSaXbg1T3kzI9tfzr0JwGqPxceUsaXVV7UT2ZnE989H5wFV77X-FQTXt4pIWe4JIuwYCXJU1yxMMnSJGPhvIrqAl7hXZ51SL5qvOBzQFLMeULAIQMOTlBIzfssC2eorfI5qBZsxSggeZoyUiV5Bj7K4G4MEFxSDgqcZBUrAcmzimVVUxNq8Nnnm-9fb394jSd_vYf25lMZQmiYmg4NqMi6JB_NkNc7csdue1R_5Tm2W_QDoNt75_qA2N47F_lwjQz7f-ydeO9c7B37D4kbJ27sbwe2H5ejgMk3NeFLbVFVBe-J4maz6fz7LsaFiDciFR04UBAaG87wdUHDkoZFuqClVbUWHIekDBNqwdZ1Qi1JN1TZNGRFa_HSkkAXqFhVNTkyQUQjChQJSsCMTAqormFsmqahdOVWYuGCt3DJIov218W7y92b98lvD0mwqw&v=c1&r=https%3A%2F%2Fwww.amazon.com%2Fgp%2Faw%2Fd%2FB0G4SSP8BH%3Fpd_rd_plhdr%3Dt%26hsa_cr_id%3D0%26qid%3D1785298246%26sr%3D1-3-5a5562f9-fdfd-4101-9f9d-d76aa9998432%26i%3Daps%26aref%3DdFupMVzJWi&ref_=sbx__sbtcd2_asin_2_bkgd&pd_rd_w=MjOyX&content-id=amzn1.sym.90f77631-9599-4fe0-95f8-a40adfe1c762%3Aamzn1.sym.90f77631-9599-4fe0-95f8-a40adfe1c762&pf_rd_p=90f77631-9599-4fe0-95f8-a40adfe1c762&pf_rd_r=PHSFC7M65QSVVS34HA6R&pd_rd_wg=mc2h0&pd_rd_r=740c61fa-21d0-4b86-90c6-ff4f43eaa089,"https://m.media-amazon.com/images/I/71FryBXjO+L._AC_SR322,134_CB1169409_QL70_.jpg",55,排名进入前30；价格处于人民币等值¥180.00-¥288.00区间；标题包含 comfort，符合美国女鞋舒适化趋势；评分达到4.0以上。
2026-07-29,amazon_us,product,search,women slides,25,Nike,¥199.80,4.6,Nike,,,,,,https://www.amazon.com/Nike-Womens-Gymnastics-White-Black/dp/B08Q8RRJ5H/ref=sr_1_14?dib=eyJ2IjoiMSJ9.wrqHnvIFpzxZDCy1gVq3f2HcNswV2RaHhxwkGjsTd_W7Wc6jF6JA7FA0W4Roi-Vi295q7bUslMnKQZOUF6kjhA8yjxJWtZLxMDYAPyH6CrbvSzasNotLuoU65jOATHNlH8xfpT749HChbKPgH36AE4w_GRR8DHQczszIWg_V5YyQMRKDjiRAbCnyqeQXfrMCWwdFBvTaEs046etDPkKaMGB7sEooloxlCkPRuOCfVI9eF3f08E7it6lhII1UA9AvkoDL22O9Mz-FCCLeQoGLOI4sTaT_0d0lccP9bViYRZE.BD9-NElxvZBK-rGn8mG1P9qZH8iQdOAW35E5W7a7SK4&dib_tag=se&keywords=women+slides&qid=1785298247&sr=8-14,https://m.media-amazon.com/images/I/51npEYHZuAL._AC_UL320_.jpg,55,排名进入前30；价格处于人民币等值¥180.00-¥288.00区间；评分达到4.6以上。
2026-07-29,amazon_us,product,search,women slides,41,Arch Support Slides for Women and Men Recovery House Sandals for Men Soft and Comfortable Summer Beach Shoes Slippers Women,¥71.93,3.8,"Price, product page $9.99 $ 9 . 99",,,,,,https://www.amazon.com/SKETOE-Support-Recovery-Comfortable-Slippers/dp/B0GLFF6C8J/ref=sr_1_30?dib=eyJ2IjoiMSJ9.wrqHnvIFpzxZDCy1gVq3f2HcNswV2RaHhxwkGjsTd_W7Wc6jF6JA7FA0W4Roi-Vi295q7bUslMnKQZOUF6kjhA8yjxJWtZLxMDYAPyH6CrbvSzasNotLuoU65jOATHNlH8xfpT749HChbKPgH36AE4w_GRR8DHQczszIWg_V5YyQMRKDjiRAbCnyqeQXfrMCWwdFBvTaEs046etDPkKaMGB7sEooloxlCkPRuOCfVI9eF3f08E7it6lhII1UA9AvkoDL22O9Mz-FCCLeQoGLOI4sTaT_0d0lccP9bViYRZE.BD9-NElxvZBK-rGn8mG1P9qZH8iQdOAW35E5W7a7SK4&dib_tag=se&keywords=women+slides&qid=1785298247&sr=8-30,https://m.media-amazon.com/images/I/81ECHpu6ZvL._AC_UL320_.jpg,55,排名进入前50；价格处于人民币等值¥57.60-¥180.00黄金区间；标题包含 recovery、comfort、arch support、soft、beach、summer，符合美国女鞋舒适化趋势。
2026-07-29,amazon_us,product,best_sellers,Best Sellers Women Sandals,15,KuaiLu Womens Flip Flops Arch Support Yoga Mat Cushioned Thong Sandals | Ladies Comfortable Walking Slides For Plantar Fasciitis Slip On Indoor Outdoor For Summer,,4.2,$23.08,,,,,,https://www.amazon.com/KuaiLu-Comfortable-Walking-Sandals-Fasciitis/dp/B08XX52FHY/ref=zg_bs_g_679425011_d_sccl_15/137-5111843-3366465?psc=1,"https://images-na.ssl-images-amazon.com/images/I/61k31MTJEYL._AC_UL600_SR600,400_.jpg",54,排名进入前30；标题包含 comfort、arch support、summer，符合美国女鞋舒适化趋势；评分达到4.0以上。
2026-07-29,amazon_us,product,best_sellers,Best Sellers Women Sandals,16,"shevalues Slim Basic Flip Flops for Women with Comfortable Yoga Mat | Lightweight Non Slip Rubber Sandals for Beach, Shower, Pool & Summer Casual Wear",,4.4,$9.99,,,,,,https://www.amazon.com/shevalues-Shower-Rubber-Sandals-Comfortable/dp/B0B68G2D52/ref=zg_bs_g_679425011_d_sccl_16/137-5111843-3366465?psc=1,"https://images-na.ssl-images-amazon.com/images/I/61b4HXgBWfL._AC_UL600_SR600,400_.jpg",54,排名进入前30；标题包含 comfort、beach、summer，符合美国女鞋舒适化趋势；评分达到4.3以上。
2026-07-29,amazon_us,product,new_releases,New Releases Women Sandals,16,ZURIN Shower Shoes Women Quick Dry Flip Flops with Arch Support，Pool Flip Flops for Women Drainage Holes Non Slip Shower Sandals Slippers for Beach Bath Gym College Dorm,,4.6,$14.99,,,,,,https://www.amazon.com/ZURIN-Support%EF%BC%8CPool-Drainage-Sandals-Slippers/dp/B0GZVC5JSJ/ref=zg_bsnr_g_679425011_d_sccl_16/132-0708818-8616366?psc=1,"https://images-na.ssl-images-amazon.com/images/I/715V5c8jP-L._AC_UL600_SR600,400_.jpg",54,排名进入前30；标题包含 arch support、beach，符合美国女鞋舒适化趋势；评分达到4.6以上。
2026-07-29,amazon_us,product,new_releases,New Releases Women Sandals,37,IDIFU IN3 Women's Platform Wedge Sandals Cork Open Toe Comfortable Sandal | Casual Dressy Summer Lightweight Adjustable Slingback Platform Wedge Shoes Sandals,,4.1,$27.99,,,,,,https://www.amazon.com/IDIFU-Comfortable-Lightweight-Adjustable-Slingback/dp/B0GY1S52JZ/ref=zg_bsnr_g_679425011_d_sccl_37/132-0708818-8616366?psc=1,"https://images-na.ssl-images-amazon.com/images/I/8122udq+YjL._AC_UL300_SR300,200_.jpg",54,排名进入前50；标题包含 platform、comfort、summer、wedge，符合美国女鞋舒适化趋势；platform + comfort组合趋势加分；评分达到4.0以上。
2026-07-29,amazon_us,product,new_releases,New Releases Women Sandals,41,IDIFU Women's Wedge Thong Flip Flops | Platform Round Toe Slip On Slides Sandals Comfortable Cushioned Summer Pool Beach Casual Wedges Heels,,4.2,$32.79,,,,,,https://www.amazon.com/IDIFU-Platform-Sandals-Comfortable-Cushioned/dp/B0GXTYKRHP/ref=zg_bsnr_g_679425011_d_sccl_41/132-0708818-8616366?psc=1,"https://images-na.ssl-images-amazon.com/images/I/71rQjmDLrRL._AC_UL300_SR300,200_.jpg",54,排名进入前50；标题包含 platform、comfort、beach、summer、wedge，符合美国女鞋舒适化趋势；platform + comfort组合趋势加分；评分达到4.0以上。
2026-07-29,amazon_us,product,search,women summer slippers,30,FITORY,¥143.71,4.2,FITORY,,,,,,https://www.amazon.com/FITORY-Sandals-Fashion-Leather-Slippers/dp/B0BN3GQFKN/ref=sr_1_19?dib=eyJ2IjoiMSJ9.3B_wBrVg1UMy5tWehIloEqh3GcRQaYuBAiGuYjezoF8Dm6sY8g4v-VR8VGlcZDhfqwFwJmYAK47QRHb_XwRS1YFxk-fDiJyRQuz5HjSGqxnX_u2iFAbXBlLXsYJmBXBXY3y-8RAAD4pi8xQO017zxlyIetkXywB-_ahqbBMl9yZ3f8hjJ0Lyzh1M7NZ_Y6N27VCvWwcyBPEXTX0ZJUAIS3XddoZ-VZ70GIMhVyIAU0Owv9rPemdcIAZNlv0Eai5GoXVOtxn5niAcSNB0iih8dVjjXpDi3h28C6N6Rb0BZzs.PlVTyyj-BbK1HUY8mvWSuc-VHNV8JDNVMnOf7MeQ6Ew&dib_tag=se&keywords=women+summer+slippers&qid=1785298246&sr=8-19,https://m.media-amazon.com/images/I/61cA2WpKDqL._AC_UL320_.jpg,54,排名进入前30；价格处于人民币等值¥57.60-¥180.00黄金区间；评分达到4.0以上。
2026-07-29,amazon_us,product,search,platform sandals women,27,Erocalli,¥143.93,4.0,Erocalli,,,,,,https://www.amazon.com/Erocalli-Platform-Sandals-Espadrille-Comfortable/dp/B0H4GCQCMZ/ref=sr_1_10?dib=eyJ2IjoiMSJ9.wIlL_eVtHzMil5mQkgwLshesaumb_LLvBOj0HVHzZp9XtMhwBeXQVp2_my6kbtTGn_Fa2clv8V2Q897ishgbGlA7jkhXg3vpW3teC4YiqsnyKwcwZdXEbOiB5mGFiD3iNV3xfP8i5QZSXNfMnLkpg98Yq9uzejinw_WrKJ4RCCeTca5g5qgW-o0gGT_E3E-1SNKcwbaPzGPAvzXH5oty8I8TGI5LkbOoe0bJBe6REPm8zDbEIm_K8bLF5_VMiSPQSFg9CsVCah5n0geBbe4Rz4-A34GOPuggRSuU61IcLic.mijjlaRE00EgNToSJWbg7Xbmo_yi-jatebEUbrY6RT0&dib_tag=se&keywords=platform+sandals+women&qid=1785298247&sr=8-10,https://m.media-amazon.com/images/I/81Z6XbIYInL._AC_UL320_.jpg,54,排名进入前30；价格处于人民币等值¥57.60-¥180.00黄金区间；评分达到4.0以上。
2026-07-29,amazon_us,product,new_releases,New Releases Women Sandals,19,shevalues Women's Flip Flops Mild Arch Support Comfortable Thong Sandals | Yoga Mat Footbed Lightweight Summer Beach Walking Slides,,3.8,$9.99,,,,,,https://www.amazon.com/shevalues-Womens-Support-Comfortable-Sandals/dp/B0GVJY1R7G/ref=zg_bsnr_g_679425011_d_sccl_19/132-0708818-8616366?psc=1,"https://images-na.ssl-images-amazon.com/images/I/51Q0RjuKlEL._AC_UL600_SR600,400_.jpg",53,排名进入前30；标题包含 comfort、arch support、beach、summer，符合美国女鞋舒适化趋势。
2026-07-29,amazon_us,product,new_releases,New Releases Women Sandals,5,adidas Mens Adilette Aqua Slide Casual Sandals Casual - Black,,4.4,$21.00,,,,,,https://www.amazon.com/adidas-Unisex-Adilette-Slide-Sandal/dp/B0BHXMP298/ref=zg_bsnr_g_679425011_d_sccl_5/132-0708818-8616366?psc=1,"https://images-na.ssl-images-amazon.com/images/I/51nGzrhiENL._AC_UL600_SR600,400_.jpg",52,排名靠前；评分达到4.3以上。
2026-07-29,amazon_us,product,new_releases,New Releases Women Sandals,9,adidas Womens Adilette Aqua Slides Casual Sandals Casual - Pink,,4.5,$24.90,,,,,,https://www.amazon.com/adidas-Womens-Adilette-Slides-Sandal/dp/B0921XTJQ7/ref=zg_bsnr_g_679425011_d_sccl_9/132-0708818-8616366?psc=1,"https://images-na.ssl-images-amazon.com/images/I/31UIFbdKeTL._AC_UL600_SR600,400_.jpg",52,排名靠前；评分达到4.3以上。
2026-07-29,amazon_us,product,search,women slides,17,CUSHIONAIRE,¥194.33,4.4,CUSHIONAIRE,,,,,,https://www.amazon.com/CUSHIONAIRE-Womens-Feather-recovery-Comfort/dp/B0BTQ7ZS7B/ref=sr_1_6?dib=eyJ2IjoiMSJ9.wrqHnvIFpzxZDCy1gVq3f2HcNswV2RaHhxwkGjsTd_W7Wc6jF6JA7FA0W4Roi-Vi295q7bUslMnKQZOUF6kjhA8yjxJWtZLxMDYAPyH6CrbvSzasNotLuoU65jOATHNlH8xfpT749HChbKPgH36AE4w_GRR8DHQczszIWg_V5YyQMRKDjiRAbCnyqeQXfrMCWwdFBvTaEs046etDPkKaMGB7sEooloxlCkPRuOCfVI9eF3f08E7it6lhII1UA9AvkoDL22O9Mz-FCCLeQoGLOI4sTaT_0d0lccP9bViYRZE.BD9-NElxvZBK-rGn8mG1P9qZH8iQdOAW35E5W7a7SK4&dib_tag=se&keywords=women+slides&qid=1785298247&sr=8-6,https://m.media-amazon.com/images/I/81PBXKFp76L._AC_UL320_.jpg,52,排名进入前30；价格处于人民币等值¥180.00-¥288.00区间；评分达到4.3以上。
2026-07-29,amazon_us,product,search,women slides,28,Calvin Klein,¥226.58,4.5,Calvin Klein,,,,,,https://www.amazon.com/Calvin-Klein-Athens-Brown/dp/B091ZF5PQQ/ref=sr_1_17?dib=eyJ2IjoiMSJ9.wrqHnvIFpzxZDCy1gVq3f2HcNswV2RaHhxwkGjsTd_W7Wc6jF6JA7FA0W4Roi-Vi295q7bUslMnKQZOUF6kjhA8yjxJWtZLxMDYAPyH6CrbvSzasNotLuoU65jOATHNlH8xfpT749HChbKPgH36AE4w_GRR8DHQczszIWg_V5YyQMRKDjiRAbCnyqeQXfrMCWwdFBvTaEs046etDPkKaMGB7sEooloxlCkPRuOCfVI9eF3f08E7it6lhII1UA9AvkoDL22O9Mz-FCCLeQoGLOI4sTaT_0d0lccP9bViYRZE.BD9-NElxvZBK-rGn8mG1P9qZH8iQdOAW35E5W7a7SK4&dib_tag=se&keywords=women+slides&qid=1785298247&sr=8-17,https://m.media-amazon.com/images/I/71nyc3qEKeS._AC_UL320_.jpg,52,排名进入前30；价格处于人民币等值¥180.00-¥288.00区间；评分达到4.3以上。
2026-07-29,amazon_us,product,search,platform sandals women,1,Sorel Women's Ona Ave T-Toe Sneaker Sorel Women's Ona Ave T-Toe Sneaker,¥594.00,4.2,,,,,,,https://aax-us-east-retail-direct.amazon.com/x/c/JDRmI4Gba3CXJLk9pZEN6EUAAAGfrBFhXwEAAAH2AQBvbm9fdHhuX2JpZDYgICBvbm9fdHhuX2ltcDEgICAKciO_/clv1c_ek-wBfHXEsTW3uLbkw8Bb2gzoB0ZWFG5RU1SoEfBvl_wzih9TjG-Cpuzvi27KbqbNq3maREyzNU6ut01CGaoTMzS3I3zp3GKKj9AV4dKlP30kzJup5bmu_dog_h2kH6pnxZJ6Zs7_uIgqKyuLfbOq8_NobncF1X2okTqpydLzAMRbYOtf57nrugEvzehkkvPr2gnx-9SM4-4tSSY90_Y_jENSFpHUBqj2_6XvLYXugoq1Zi4vte6tjzES8IR58F4m9_gR9Axx12PB-8yTYLGucRujbFTgjlzo7CC5iPUMBU9SGzzZPYwojd4cyHmCrQWRT5WbjGrTXiJtAaqpfALqXx4ZiwQZo78-VjscC42eVsM3fZMqddlFSvsvVlMz-kYCaUlFuLVqT_y7XQqCzBXbGeKvzPkZaSjvXFVxdYmHYKA8yJi9wDhZmJ_q4aVuYeF2ey1XEJPYVpBYZpXYZVp40-WBrg2k6VxY6xsaMtl9m93DDejpJd6DQ6B_MHYoAimaoRXaFvz1SvxXsSIQvlpyGSKlEYzbTrYeP14u8XVZe9oxz8EiJPnc-Y7ekUoAURRM_CzsFT7FIxCnLgRdTcJkSEboxewyyGCitehU7zH0O_SRptE3ZjinI5A_eUebExvYwUvxt0spn1I_IzLHG95vfE9XwXEv2pBcg_3wNa6M_v5PotKH4W5t5Xg74gFMV7gKEmsMEgh0HeVQkcWG2GCikFGt9-4TepJF39N6y_gy1jJGQSVspwam7sNbKPZJ5sVou561bzeXoNPE05_RVSAsBPMJdRCUIpyaxnWir9aWbnhM3KSh2ba3IxKG__5BFPRHQFdiYnbH5IobXMlStbqTke5ojInH-DhllvgrQ3Yz0iAOXdMu70mWyJ9VAbjgrFnMQlDa_YGSH91EAPRi2S0mlWllzslBVykiP7tNT7JtoU4vcMfRr5KzVE-KqfzCkpg-gcHiWUoP5FT2OULMRDM9PYlw4yd8BhkMBZl_YUlA2xvwazJ5Si9Xl1Dv4_y1gvX_phoGKwH793o2Gl4uwUTb19Klj9a0clegKQb-2KokmiV5IggDgrhq9FdS3k-ysCvHGp8w7OAwfi451oV4zJU-_f6KTbKAlgb-xKTx8wKGbPMS1x6IjlnDMWJVTVXgz13WkSp7WNaK1TkMNA9Q0GYw0p14O8MAo4pfXcMRBagCmS6CFObPN4WeV4-I7pGCOgUQnRAFdXeGgVPhXhhwc3WHv9aDlryqCkXHXZtENqOP4ANpUr88yXlpPIzBVY7bZfrbZjFftO6HssMQVY48ZfU3jTlhs1s3ScRcE1pNgfoOGrm5b5Pv4cmMbPd_UUyj6szxxUXPYQWAHwPPU5-cxIjBns8IBZL3Rkcd0nUDQGRduptwmCsJCjvaclaQSevqQ56MELl6UO5zG02OxTdS2-erd80oAVz_UGDGPA9wmVWEOua2ILBQCEADntogWeXc1zZKFTVvZYpV4S6nQZA3BPAfgt6BVciq8s3p7njngXcNmMZUjq0Qc18VacLtb5IjUUADaKKamFprGkMVlu2MtVyMPjr6LpkxBUWZQxQf_LsOixMslL7AvXgmdq3nn_bzn-ne6tmmm13k0yy94kdKdCtuhBiWNDiyvrkSnhCtpTxuEIv8GCGHERFkVrKLkgjMwQKNH7WDvhZGJKBPgFiqXJcEEF7yx8JPYO-ayo4EuRd/https://www.amazon.com/gp/aw/d/B0F8CMP4J6/?_encoding=UTF8&pd_rd_plhdr=t&aaxitk=b8fdff5d0a92fb43ad129171fd02a1a5&hsa_cr_id=0&qid=1785298247&sr=1-1-9e67e56a-6f64-441f-a281-df67fc737124&i=aps&aref=rDDkVfxPg8&ref_=sbx__sbtcd_asin_0_bkgd&pd_rd_w=BoT7i&content-id=amzn1.sym.8de9b3d5-f5c5-40e9-9b39-d65f08d6ea68%3Aamzn1.sym.8de9b3d5-f5c5-40e9-9b39-d65f08d6ea68&pf_rd_p=8de9b3d5-f5c5-40e9-9b39-d65f08d6ea68&pf_rd_r=PWJ2TYARNKH82P14Y4NK&pd_rd_wg=FjSfa&pd_rd_r=c8b97e68-47d5-43b2-96fb-669bbb06cf9c,"https://m.media-amazon.com/images/I/71Gjc0LInbL._AC_SR160,134_CB1169409_QL70_.jpg",52,排名靠前；价格高于人民币等值¥288.00；评分达到4.0以上。
2026-07-29,amazon_us,product,search,platform sandals women,15,Soda,¥201.96,4.5,Soda,,,,,,https://www.amazon.com/Soda-Buckle-Espadrilles-Flatform-Casual/dp/B0C5S26DHB/ref=sr_1_7?dib=eyJ2IjoiMSJ9.wIlL_eVtHzMil5mQkgwLshesaumb_LLvBOj0HVHzZp9XtMhwBeXQVp2_my6kbtTGn_Fa2clv8V2Q897ishgbGlA7jkhXg3vpW3teC4YiqsnyKwcwZdXEbOiB5mGFiD3iNV3xfP8i5QZSXNfMnLkpg98Yq9uzejinw_WrKJ4RCCeTca5g5qgW-o0gGT_E3E-1SNKcwbaPzGPAvzXH5oty8I8TGI5LkbOoe0bJBe6REPm8zDbEIm_K8bLF5_VMiSPQSFg9CsVCah5n0geBbe4Rz4-A34GOPuggRSuU61IcLic.mijjlaRE00EgNToSJWbg7Xbmo_yi-jatebEUbrY6RT0&dib_tag=se&keywords=platform+sandals+women&qid=1785298247&sr=8-7,https://m.media-amazon.com/images/I/71q-Jp+UEkL._AC_UL320_.jpg,52,排名进入前30；价格处于人民币等值¥180.00-¥288.00区间；评分达到4.3以上。
2026-07-29,amazon_us,product,best_sellers,Best Sellers Women Sandals,20,"CUSHIONAIRE Luna Sandals for Women, Cork Footbed Womens Sandals for Summer Comfort with Adjustable Straps, Wide Width Available",,4.5,$34.99,,,,,,https://www.amazon.com/CUSHIONAIRE-Next-Womens-Slide-Sandals-Brown/dp/B073XSLL5P/ref=zg_bs_g_679425011_d_sccl_20/137-5111843-3366465?psc=1,"https://images-na.ssl-images-amazon.com/images/I/81TDeaArVJL._AC_UL600_SR600,400_.jpg",51,排名进入前30；标题包含 comfort、summer，符合美国女鞋舒适化趋势；评分达到4.3以上。
2026-07-29,amazon_us,product,best_sellers,Best Sellers Women Sandals,26,KuaiLu Womens Fashion Orthotic Slides Arch Support Slip On Walking Sandals | Ladies Lightweight Athletic Yoga Mat Thick Cushion Slippers Sandals With Comfortable Plantar Fasciitis,,4.0,$23.99,,,,,,https://www.amazon.com/Orthotic-Lightweight-Athletic-Comfortable-Fasciitis/dp/B092ZT26V3/ref=zg_bs_g_679425011_d_sccl_26/137-5111843-3366465?psc=1,"https://images-na.ssl-images-amazon.com/images/I/71Rxka3CPTL._AC_UL600_SR600,400_.jpg",51,排名进入前30；标题包含 comfort、arch support，符合美国女鞋舒适化趋势；评分达到4.0以上。
2026-07-29,amazon_us,product,new_releases,New Releases Women Sandals,11,"CUSHIONAIRE Expo Thong Sandals for Women, Comfortable Slingback Sandals with Arch Support and Cushioned Footbed",,4.0,$39.99,,,,,,https://www.amazon.com/CUSHIONAIRE-Comfortable-Slingback-Cushioned-CHOCOLATE/dp/B0GZJ7YGHX/ref=zg_bsnr_g_679425011_d_sccl_11/132-0708818-8616366?psc=1,"https://images-na.ssl-images-amazon.com/images/I/71P3k5SiVZL._AC_UL600_SR600,400_.jpg",51,排名进入前30；标题包含 comfort、arch support，符合美国女鞋舒适化趋势；评分达到4.0以上。
2026-07-29,amazon_us,product,new_releases,New Releases Women Sandals,14,"BRONAX Women's Jelly Sandals Hollow Out Matte Flats J101 | Waterproof PVC Material, Slip-Resistant Sole, Grippy Soft Footbed, Lightweight Comfort, Easy On/Off for Summer & Daily Wear",,4.2,$13.99,,,,,,https://www.amazon.com/BRONAX-Womens-Sandals-Hollow-Breathable/dp/B0H14C4TS7/ref=zg_bsnr_g_679425011_d_sccl_14/132-0708818-8616366?psc=1,"https://images-na.ssl-images-amazon.com/images/I/71Y6OhqE18L._AC_UL600_SR600,400_.jpg",51,排名进入前30；标题包含 comfort、soft、summer，符合美国女鞋舒适化趋势；评分达到4.0以上。
2026-07-29,amazon_us,product,new_releases,New Releases Women Sandals,23,Noctivelle Women Kitten Heeled Sandals Waterproof Thong Flip Flops Memory Foam Comfort Insole Summer Quick Dry Casual Pool Beach Shoes,,4.0,$23.99,,,,,,https://www.amazon.com/Noctivelle-Women-Kitten-Heeled-Sandals/dp/B0H5C9FJ7V/ref=zg_bsnr_g_679425011_d_sccl_23/132-0708818-8616366?psc=1,"https://images-na.ssl-images-amazon.com/images/I/71rZILq3kdL._AC_UL600_SR600,400_.jpg",51,排名进入前30；标题包含 comfort、beach、summer，符合美国女鞋舒适化趋势；评分达到4.0以上。
2026-07-29,amazon_us,product,new_releases,New Releases Women Sandals,26,"DREAM PAIRS Women's Kitten Low Heel Ankle Strap Sandals | Square Open Toe Summer Sandals, Comfortable for Women 2026 Fashion Dress Wedding Party Shoes",,4.3,$36.99,,,,,,https://www.amazon.com/DREAM-PAIRS-Womens-Kitten-Sandals/dp/B0GY3L36VP/ref=zg_bsnr_g_679425011_d_sccl_26/132-0708818-8616366?psc=1,"https://images-na.ssl-images-amazon.com/images/I/61n6gngVKOL._AC_UL600_SR600,400_.jpg",51,排名进入前30；标题包含 comfort、summer，符合美国女鞋舒适化趋势；评分达到4.3以上。
2026-07-29,amazon_us,product,new_releases,New Releases Women Sandals,22,"CUSHIONAIRE Ferry Espadrille Wedge Sandals for Women, Thong Platform Flip Flops with Cross Strap and Slip-On Design",,4.0,$49.98,,,,,,https://www.amazon.com/CUSHIONAIRE-Espadrille-Sandals-Platform-Design/dp/B0H42N5FLS/ref=zg_bsnr_g_679425011_d_sccl_22/132-0708818-8616366?psc=1,"https://images-na.ssl-images-amazon.com/images/I/81rI8wTUKAL._AC_UL600_SR600,400_.jpg",50,排名进入前30；标题包含 platform、wedge，符合美国女鞋舒适化趋势；评分达到4.0以上。
2026-07-29,amazon_us,product,new_releases,New Releases Women Sandals,28,Caradise Jelly Kitten Heel Sandals for Women Jelly Shoes Summer,,4.5,$52.99,,,,,,https://www.amazon.com/Caradise-Jelly-Kitten-Sandals-Summer/dp/B0H5PJ9H4G/ref=zg_bsnr_g_679425011_d_sccl_28/132-0708818-8616366?psc=1,"https://images-na.ssl-images-amazon.com/images/I/61jPzAlZK4L._AC_UL600_SR600,400_.jpg",50,排名进入前30；评论数达到50以上；标题包含 summer，符合美国女鞋舒适化趋势；评分达到4.3以上。
2026-07-29,amazon_us,product,search,women slides,37,"Arch Support Slides Comfortable Beach Pool Slippers, Lightweight Indoor Outdoor Slide Shower Bathroom Sandals Quick Drying",¥71.93,3.9,"Price, product page $9.99 $ 9 . 99 List: $19.99 List: $19.99 $19.99",,,,,,https://www.amazon.com/INUUINUU-Comfortable-Slippers-Lightweight-Bathroom/dp/B0GLGC8BGQ/ref=sr_1_26?dib=eyJ2IjoiMSJ9.wrqHnvIFpzxZDCy1gVq3f2HcNswV2RaHhxwkGjsTd_W7Wc6jF6JA7FA0W4Roi-Vi295q7bUslMnKQZOUF6kjhA8yjxJWtZLxMDYAPyH6CrbvSzasNotLuoU65jOATHNlH8xfpT749HChbKPgH36AE4w_GRR8DHQczszIWg_V5YyQMRKDjiRAbCnyqeQXfrMCWwdFBvTaEs046etDPkKaMGB7sEooloxlCkPRuOCfVI9eF3f08E7it6lhII1UA9AvkoDL22O9Mz-FCCLeQoGLOI4sTaT_0d0lccP9bViYRZE.BD9-NElxvZBK-rGn8mG1P9qZH8iQdOAW35E5W7a7SK4&dib_tag=se&keywords=women+slides&qid=1785298247&sr=8-26,https://m.media-amazon.com/images/I/71ao+6pV3pL._AC_UL320_.jpg,50,排名进入前50；价格处于人民币等值¥57.60-¥180.00黄金区间；标题包含 comfort、arch support、beach，符合美国女鞋舒适化趋势。
2026-07-29,amazon_us,product,search,platform sandals women,34,Project Cloud,¥143.28,4.3,Project Cloud,,,,,,https://www.amazon.com/Project-Cloud-Platform-Sandals-Footwear/dp/B0FWTW9F7T/ref=sr_1_17?dib=eyJ2IjoiMSJ9.wIlL_eVtHzMil5mQkgwLshesaumb_LLvBOj0HVHzZp9XtMhwBeXQVp2_my6kbtTGn_Fa2clv8V2Q897ishgbGlA7jkhXg3vpW3teC4YiqsnyKwcwZdXEbOiB5mGFiD3iNV3xfP8i5QZSXNfMnLkpg98Yq9uzejinw_WrKJ4RCCeTca5g5qgW-o0gGT_E3E-1SNKcwbaPzGPAvzXH5oty8I8TGI5LkbOoe0bJBe6REPm8zDbEIm_K8bLF5_VMiSPQSFg9CsVCah5n0geBbe4Rz4-A34GOPuggRSuU61IcLic.mijjlaRE00EgNToSJWbg7Xbmo_yi-jatebEUbrY6RT0&dib_tag=se&keywords=platform+sandals+women&qid=1785298247&sr=8-17,https://m.media-amazon.com/images/I/61qBT+OMRmL._AC_UL320_.jpg,50,排名进入前50；价格处于人民币等值¥57.60-¥180.00黄金区间；标题包含 cloud，符合美国女鞋舒适化趋势；评分达到4.3以上。
2026-07-29,amazon_us,product,new_releases,New Releases Women Sandals,1,"CUSHIONAIRE Java Casual Womens Jelly Flats with Adjustable Strap, Closed Toe Mary Janes Mule Design, Waterproof Jelly Sandals for Women",,4.2,$34.99,,,,,,https://www.amazon.com/CUSHIONAIRE-Adjustable-Waterproof-Sandals-CHOCOLATE/dp/B0H4MLLC32/ref=zg_bsnr_g_679425011_d_sccl_1/132-0708818-8616366?psc=1,"https://images-na.ssl-images-amazon.com/images/I/81iCqxPUX6L._AC_UL600_SR600,400_.jpg",49,排名靠前；评分达到4.0以上。
2026-07-29,amazon_us,product,search,platform sandals women,13,CUSHIONAIRE,¥287.93,4.2,CUSHIONAIRE,,,,,,https://www.amazon.com/CUSHIONAIRE-Womens-platform-sandal-Memory/dp/B09M96YX6M/ref=sr_1_5?dib=eyJ2IjoiMSJ9.wIlL_eVtHzMil5mQkgwLshesaumb_LLvBOj0HVHzZp9XtMhwBeXQVp2_my6kbtTGn_Fa2clv8V2Q897ishgbGlA7jkhXg3vpW3teC4YiqsnyKwcwZdXEbOiB5mGFiD3iNV3xfP8i5QZSXNfMnLkpg98Yq9uzejinw_WrKJ4RCCeTca5g5qgW-o0gGT_E3E-1SNKcwbaPzGPAvzXH5oty8I8TGI5LkbOoe0bJBe6REPm8zDbEIm_K8bLF5_VMiSPQSFg9CsVCah5n0geBbe4Rz4-A34GOPuggRSuU61IcLic.mijjlaRE00EgNToSJWbg7Xbmo_yi-jatebEUbrY6RT0&dib_tag=se&keywords=platform+sandals+women&qid=1785298247&sr=8-5,https://m.media-amazon.com/images/I/81v0nOOl2oL._AC_UL320_.jpg,49,排名进入前30；价格处于人民币等值¥180.00-¥288.00区间；评分达到4.0以上。
2026-07-29,amazon_us,product,search,platform sandals women,29,EQAUDES,¥220.61,4.2,EQAUDES,,,,,,https://www.amazon.com/EQAUDES-Platform-Espadrille-Sandals-Flatform/dp/B0C6XLWPN9/ref=sr_1_12?dib=eyJ2IjoiMSJ9.wIlL_eVtHzMil5mQkgwLshesaumb_LLvBOj0HVHzZp9XtMhwBeXQVp2_my6kbtTGn_Fa2clv8V2Q897ishgbGlA7jkhXg3vpW3teC4YiqsnyKwcwZdXEbOiB5mGFiD3iNV3xfP8i5QZSXNfMnLkpg98Yq9uzejinw_WrKJ4RCCeTca5g5qgW-o0gGT_E3E-1SNKcwbaPzGPAvzXH5oty8I8TGI5LkbOoe0bJBe6REPm8zDbEIm_K8bLF5_VMiSPQSFg9CsVCah5n0geBbe4Rz4-A34GOPuggRSuU61IcLic.mijjlaRE00EgNToSJWbg7Xbmo_yi-jatebEUbrY6RT0&dib_tag=se&keywords=platform+sandals+women&qid=1785298247&sr=8-12,https://m.media-amazon.com/images/I/81juIfWU4pL._AC_UL320_.jpg,49,排名进入前30；价格处于人民币等值¥180.00-¥288.00区间；评分达到4.0以上。
2026-07-29,amazon_us,product,best_sellers,Best Sellers Women Sandals,21,YOCCI Women's water sandals hiking walking with arch support sports sandal,,4.5,$19.86,,,,,,https://www.amazon.com/YOCCI-Original-Sandals-Support-WHLX001-black-39/dp/B09PYJKZHW/ref=zg_bs_g_679425011_d_sccl_21/137-5111843-3366465?psc=1,"https://images-na.ssl-images-amazon.com/images/I/61jphKWHMEL._AC_UL600_SR600,400_.jpg",48,排名进入前30；标题包含 arch support，符合美国女鞋舒适化趋势；评分达到4.3以上。
2026-07-29,amazon_us,product,best_sellers,Best Sellers Women Sandals,30,"DREAM PAIRS Women's Comfort Block Heel Sandals | Open Toe Adjustable Ankle Strap Chunky Dress Heels, Fashion Heeled Sandals for Prom, Wedding Guest and Formal Events",,4.3,$24.99,,,,,,https://www.amazon.com/DREAM-PAIRS-Womens-Chunk-Sandals/dp/B01LT7HVJA/ref=zg_bs_g_679425011_d_sccl_30/137-5111843-3366465?psc=1,"https://images-na.ssl-images-amazon.com/images/I/71Pi8-WnUlL._AC_UL600_SR600,400_.jpg",48,排名进入前30；标题包含 comfort，符合美国女鞋舒适化趋势；评分达到4.3以上。
2026-07-29,amazon_us,product,new_releases,New Releases Women Sandals,10,"CUSHIONAIRE Aqua Jelly Flip Flops for Women | Jelly Shoes Glossy Upper, Slip-On Thong Design, Open Round Toe, Quick-Dry Beach and Pool Friendly, Travel-Ready Resort Style",,3.9,$29.99,,,,,,https://www.amazon.com/CUSHIONAIRE-Jelly-Flops-Women-CHOCOLATE/dp/B0H6BXXMJ9/ref=zg_bsnr_g_679425011_d_sccl_10/132-0708818-8616366?psc=1,"https://images-na.ssl-images-amazon.com/images/I/71LKwjHednL._AC_UL600_SR600,400_.jpg",48,排名靠前；标题包含 beach，符合美国女鞋舒适化趋势。
2026-07-29,amazon_us,product,new_releases,New Releases Women Sandals,30,"BRONAX Women's Double Buckle Clear Jelly Sandals J100 | Waterproof PVC Material, Quick-Drying, Summer Slip on, Easy to Clean, Comfort During Walking, Travel, and Daily Wear",,4.0,$19.99,,,,,,https://www.amazon.com/BRONAX-Womens-Double-Buckle-Sandals/dp/B0H14NBCZ8/ref=zg_bsnr_g_679425011_d_sccl_30/132-0708818-8616366?psc=1,"https://images-na.ssl-images-amazon.com/images/I/81ntrU8WMiL._AC_UL600_SR600,400_.jpg",48,排名进入前30；标题包含 comfort、summer，符合美国女鞋舒适化趋势；评分达到4.0以上。
2026-07-29,amazon_us,product,search,women slides,27,Nike,¥297.00,4.6,Nike,,,,,,https://www.amazon.com/Nike-Womens-Slides-Sandal-Black-Black/dp/B0F8RWM4WP/ref=sr_1_16?dib=eyJ2IjoiMSJ9.wrqHnvIFpzxZDCy1gVq3f2HcNswV2RaHhxwkGjsTd_W7Wc6jF6JA7FA0W4Roi-Vi295q7bUslMnKQZOUF6kjhA8yjxJWtZLxMDYAPyH6CrbvSzasNotLuoU65jOATHNlH8xfpT749HChbKPgH36AE4w_GRR8DHQczszIWg_V5YyQMRKDjiRAbCnyqeQXfrMCWwdFBvTaEs046etDPkKaMGB7sEooloxlCkPRuOCfVI9eF3f08E7it6lhII1UA9AvkoDL22O9Mz-FCCLeQoGLOI4sTaT_0d0lccP9bViYRZE.BD9-NElxvZBK-rGn8mG1P9qZH8iQdOAW35E5W7a7SK4&dib_tag=se&keywords=women+slides&qid=1785298247&sr=8-16,https://m.media-amazon.com/images/I/61cHFBsaoCL._AC_UL320_.jpg,48,排名进入前30；价格高于人民币等值¥288.00；评分达到4.6以上。
2026-07-29,amazon_us,product,new_releases,New Releases Women Sandals,35,"Littleplum Women's Slides Sandals with Arch Support - Soft Cushion Platform Wedge Sandals with Adjustable Buckle for Indoor/Outdoor, Lightweight Walking Beach Resort Slippers",,4.4,$39.99,,,,,,https://www.amazon.com/Littleplum-Womens-Slides-Sandals-Support/dp/B0GMHLBCRD/ref=zg_bsnr_g_679425011_d_sccl_35/132-0708818-8616366?psc=1,"https://images-na.ssl-images-amazon.com/images/I/71v0hWyuToL._AC_UL300_SR300,200_.jpg",47,排名进入前50；标题包含 platform、arch support、soft、beach、wedge，符合美国女鞋舒适化趋势；评分达到4.3以上。
2026-07-29,amazon_us,product,best_sellers,Best Sellers Women Sandals,11,Clarks Women's Breeze Sea Flip-Flop,,4.7,$31.92,,,,,,https://www.amazon.com/Clarks-Womens-Breeze-Flip-Synthetic/dp/B01FH9EJCI/ref=zg_bs_g_679425011_d_sccl_11/137-5111843-3366465?psc=1,"https://images-na.ssl-images-amazon.com/images/I/61CUHH0LXiL._AC_UL600_SR600,400_.jpg",45,排名进入前30；评分达到4.6以上。
2026-07-29,amazon_us,product,best_sellers,Best Sellers Women Sandals,38,"shevalues Women's Comfort EVA Sandals Medium Arch Support Beach Slides | Adjustable Double Buckle, Waterproof, Lightweight, Soft Cushioned, Non-slip, Slip-On",,4.4,$19.98,,,,,,https://www.amazon.com/shevalues-Comfort-Sandals-Support-Adjustable/dp/B0GG1VL4SZ/ref=zg_bs_g_679425011_d_sccl_38/132-0708818-8616366?psc=1,"https://images-na.ssl-images-amazon.com/images/I/71N1gcg2qHL._AC_UL300_SR300,200_.jpg",45,排名进入前50；标题包含 comfort、arch support、soft、beach，符合美国女鞋舒适化趋势；评分达到4.3以上。
2026-07-29,amazon_us,product,new_releases,New Releases Women Sandals,2,"CUSHIONAIRE Vita Jelly Sandals for Women, Casual Lightweight Womens Strappy Sandals with Adjustable Buckle Strap and Gold Hardware Accent",,3.9,$39.99,,,,,,https://www.amazon.com/CUSHIONAIRE-Sandals-Lightweight-Adjustable-Hardware/dp/B0H1Y94T1T/ref=zg_bsnr_g_679425011_d_sccl_2/132-0708818-8616366?psc=1,"https://images-na.ssl-images-amazon.com/images/I/81Uy6Bt6XaL._AC_UL600_SR600,400_.jpg",45,排名靠前。
2026-07-29,amazon_us,product,new_releases,New Releases Women Sandals,6,CUSHIONAIRE Riot Jelly Thong Kitten Heels for Women,,3.4,$39.99,,,,,,https://www.amazon.com/CUSHIONAIRE-Jelly-Thong-Kitten-TORTOISE/dp/B0H6C3Z5GT/ref=zg_bsnr_g_679425011_d_sccl_6/132-0708818-8616366?psc=1,"https://images-na.ssl-images-amazon.com/images/I/71W7iboN2dL._AC_UL600_SR600,400_.jpg",45,排名靠前。
2026-07-29,amazon_us,product,new_releases,New Releases Women Sandals,8,"CUSHIONAIRE Tory Strappy Flat Sandals for Women, Toe Ring Sandals with Adjustable Buckle Ankle Strap, Wrap Style",,3.8,$39.99,,,,,,https://www.amazon.com/CUSHIONAIRE-Strappy-Sandals-Adjustable-Buckle/dp/B0H42DFYZ8/ref=zg_bsnr_g_679425011_d_sccl_8/132-0708818-8616366?psc=1,"https://images-na.ssl-images-amazon.com/images/I/81hP4YBoUmL._AC_UL600_SR600,400_.jpg",45,排名靠前。
2026-07-29,amazon_us,product,new_releases,New Releases Women Sandals,20,"CUSHIONAIRE Mezzo Clear Strap Kitten Heels for Women, Square Toe Flip Flop Sandal Heels with Memory Foam Comfort",,4.2,$49.99,,,,,,https://www.amazon.com/CUSHIONAIRE-Kitten-Square-Sandal-Comfort/dp/B0GZJ1JQKJ/ref=zg_bsnr_g_679425011_d_sccl_20/132-0708818-8616366?psc=1,"https://images-na.ssl-images-amazon.com/images/I/713Q6uXZZqL._AC_UL600_SR600,400_.jpg",45,排名进入前30；标题包含 comfort，符合美国女鞋舒适化趋势；评分达到4.0以上。
2026-07-29,amazon_us,product,new_releases,New Releases Women Sandals,24,adidas Unisex Adult Adissage 360rec Slide Sandals,,4.6,$15.60,,,,,,https://www.amazon.com/adidas-Unisex-Adissage-360Rec-Sandal/dp/B0F4TFFRHC/ref=zg_bsnr_g_679425011_d_sccl_24/132-0708818-8616366?psc=1,"https://images-na.ssl-images-amazon.com/images/I/51+JktV+LPL._AC_UL600_SR600,400_.jpg",45,排名进入前30；评分达到4.6以上。
2026-07-29,amazon_us,product,search,women summer slippers,35,GOEWY,¥136.73,4.6,GOEWY,,,,,,https://www.amazon.com/GOEWY-House-Slippers-Summer-Memory/dp/B0GVYCBV2P/ref=sr_1_24?dib=eyJ2IjoiMSJ9.3B_wBrVg1UMy5tWehIloEqh3GcRQaYuBAiGuYjezoF8Dm6sY8g4v-VR8VGlcZDhfqwFwJmYAK47QRHb_XwRS1YFxk-fDiJyRQuz5HjSGqxnX_u2iFAbXBlLXsYJmBXBXY3y-8RAAD4pi8xQO017zxlyIetkXywB-_ahqbBMl9yZ3f8hjJ0Lyzh1M7NZ_Y6N27VCvWwcyBPEXTX0ZJUAIS3XddoZ-VZ70GIMhVyIAU0Owv9rPemdcIAZNlv0Eai5GoXVOtxn5niAcSNB0iih8dVjjXpDi3h28C6N6Rb0BZzs.PlVTyyj-BbK1HUY8mvWSuc-VHNV8JDNVMnOf7MeQ6Ew&dib_tag=se&keywords=women+summer+slippers&qid=1785298246&sr=8-24,https://m.media-amazon.com/images/I/71prwg4iI5L._AC_UL320_.jpg,45,排名进入前50；价格处于人民币等值¥57.60-¥180.00黄金区间；评分达到4.6以上。
2026-07-29,amazon_us,product,search,women summer slippers,50,Summer Sandals For Woman 2026 Comfortable Slip On Breathable Hollow Mesh Casual Beach Slippers Orthopedic Shoes,¥57.38,3.4,"Price, product page $7.97 $ 7 . 97",,,,,,https://www.amazon.com/dyiozbga-Comfortable-Breathable-Orthopedic-Lightweight/dp/B0G6L2RHZG/ref=sr_1_39?dib=eyJ2IjoiMSJ9.3B_wBrVg1UMy5tWehIloEqh3GcRQaYuBAiGuYjezoF8Dm6sY8g4v-VR8VGlcZDhfqwFwJmYAK47QRHb_XwRS1YFxk-fDiJyRQuz5HjSGqxnX_u2iFAbXBlLXsYJmBXBXY3y-8RAAD4pi8xQO017zxlyIetkXywB-_ahqbBMl9yZ3f8hjJ0Lyzh1M7NZ_Y6N27VCvWwcyBPEXTX0ZJUAIS3XddoZ-VZ70GIMhVyIAU0Owv9rPemdcIAZNlv0Eai5GoXVOtxn5niAcSNB0iih8dVjjXpDi3h28C6N6Rb0BZzs.PlVTyyj-BbK1HUY8mvWSuc-VHNV8JDNVMnOf7MeQ6Ew&dib_tag=se&keywords=women+summer+slippers&qid=1785298246&sr=8-39,https://m.media-amazon.com/images/I/71yJlD7GxHL._AC_UL320_.jpg,45,排名进入前50；价格低于人民币等值¥57.60；标题包含 orthopedic、comfort、beach、summer，符合美国女鞋舒适化趋势。
2026-07-29,amazon_us,product,search,women slides,1,4.0,,,4.0,,,,,,https://aax-us-east-retail-direct.amazon.com/x/c/JKJ6idpgaad6MJOrMQECeCcAAAGfrBFhUgEAAAH2AQBvbm9fdHhuX2JpZDcgICBvbm9fdHhuX2ltcDEgICDdzk5f/clv1c_ek-wxYHXErbWDQHEa4szumk9I78aJnZUfKImLo4Xm4OfOc5u7SPSOWoEYStPvP0KVZDEGJpzZNCpjfIFEsnmdIR8wWu81OJBcpkVT2kJXaE2jSDbJruSezDFw7tzvgaZBw4py5RIEYHhbDrV0kQCgrjcolUclFPkgkRoX_ZozpQMRWeFzpSgZm76z4K88h69wfJit8ndV9cJF2b3LEbF-nKtnP_3xOwVv4asaKniB1UbRatqV2M_EKySlAIJW8I3iE1zrmeSMJaVkK3JpPwCySWJSukhi3ov6ODFlG-V3M40j6PmRvQrLCPKB7j4MW2d-cQrsdkC-WwE73EUsARvBDpv1uAF68M7GGBwZDJQUQQVKQIlIk-p03ZxzxwL4_f5sNinKkkKtY-8zMMDGbSbXTplM4yPRVQof98XOofKZ_xzv2Il6QKvwkQhhwVFUQ5y9fStmPLeBxQ2n24tgHvMR9C9i1dyxDZwj3Q2xMHXQQRy0aBufkj_4nO73MFWRLyggCstnjOSOuzOizm8lvHk6-Uu-OCANDuxTo8AqAKzHXz2V88VJ2TNfVMYGz1aB7OsBuBeKUvy-zb-Vm14J0NPyDiYiJV2SJSLolvul6LoHT9EGoYErc4JVIc-JTTWwhD3pKDVom9T0KchWC5eWo-D6ZVtRZgB2MhW3fcd-5GnCOvM_KGCmIH1K3U7WoqRhz8WCryZmwxwzcdG0pVYYRPXDorerwwmMjZEruvmkXDQFE8TQdJys2YlbQs6HcRJY1OOPVoR01cRUWMdwiKItZWUcjHeQuKsMTR6-KBXQVIopyrQey95BTSL6DeqfX5PnCfpBZnjpq0culOZYhVAdfiRjxd_mh8WN6nnNGhF13Be9bTz5jSQLcPjYInkOxYutxp-oxP30nO-5Vw2vaLZy5CZUZUrBa-2Wr_c7LMUbGwywHVHDlEf_GdC-0Gs8TA2CEK63HlgvbrWB9vo9M7MO35x4FfBWGeOMSIq8k9rV0rSjlIbJ90OtvFrlEGYPqvQxbuNk-jewreYdULE_n3OyHTK9aL-K12n41BzQ1VlboPbDQbBgzdqyowNm2b23XvHHH9icpYMkK_N-NZo3jtyEM110NeM1hY2l2P7LVWP-JiXFUjlk4zeB-6onxipd-cjmOZYVj0Q17s54BYaOc_09VNr2hpeOM9YmULWa4FPIf8ey59PG0fhDXz6SGs-8ISSQgafeDbvTrOzGqvOh5ZhcGuDm0tiLxcVpb8VLLXCIuhTSzVsJ8Og6wV9piD9_Z3K5r1fz9mWJfw65xjbVql13XyMwlyzIYcCEJwScAC9LaVHUhqDzTba00zvwsnERjmVgqT_f4QomDFRqL1ODDkGiyXS42OeVeKjeY18COPRdQ7e0DJ0usbBSg7WsvxQsyRhn6P7fBU7EiQMaRKAUPXNM-6C2IUYGP7qrAl6bva_CSEDApxQKTq4SGECYbazenFirhfRExG10k9FEiYpDQEGtAr6lScWt9VtcYZu9Oh21_AWescqg8XuBinegI3OTZe_H5RWngk-zNyWRvXcgK5I2xmX3c0sb-4MPvWh1OJl9uNPRJIBd2yGrmrcmf0HAPDEyZEFo1LGXmo_IG4/https://www.amazon.com/dp/B0CB98LX2M/?_encoding=UTF8&pd_rd_i=B0CB98LX2M&ref_=sbx_be_s_sparkle_ssd_img&qid=1785298247&pd_rd_w=fz6O5&content-id=amzn1.sym.8de9b3d5-f5c5-40e9-9b39-d65f08d6ea68%3Aamzn1.sym.8de9b3d5-f5c5-40e9-9b39-d65f08d6ea68&pf_rd_p=8de9b3d5-f5c5-40e9-9b39-d65f08d6ea68&pf_rd_r=ZY4C9NY2YBBZZM3S1025&pd_rd_wg=jDipj&pd_rd_r=52af87ea-7b02-42b9-830a-41a854622549&pd_rd_plhdr=t,"https://m.media-amazon.com/images/I/31ZTiaIGWVL._AC_SR250,250_QL65_.jpg",45,排名靠前。
2026-07-29,amazon_us,product,search,women slides,38,Litfun,¥158.33,4.6,Litfun,,,,,,https://www.amazon.com/Litfun-Womens-Footbed-Sandals-Adjustable/dp/B0DZ6MG247/ref=sr_1_27?dib=eyJ2IjoiMSJ9.wrqHnvIFpzxZDCy1gVq3f2HcNswV2RaHhxwkGjsTd_W7Wc6jF6JA7FA0W4Roi-Vi295q7bUslMnKQZOUF6kjhA8yjxJWtZLxMDYAPyH6CrbvSzasNotLuoU65jOATHNlH8xfpT749HChbKPgH36AE4w_GRR8DHQczszIWg_V5YyQMRKDjiRAbCnyqeQXfrMCWwdFBvTaEs046etDPkKaMGB7sEooloxlCkPRuOCfVI9eF3f08E7it6lhII1UA9AvkoDL22O9Mz-FCCLeQoGLOI4sTaT_0d0lccP9bViYRZE.BD9-NElxvZBK-rGn8mG1P9qZH8iQdOAW35E5W7a7SK4&dib_tag=se&keywords=women+slides&qid=1785298247&sr=8-27,https://m.media-amazon.com/images/I/81XXLyFZLVL._AC_UL320_.jpg,45,排名进入前50；价格处于人民币等值¥57.60-¥180.00黄金区间；评分达到4.6以上。
2026-07-29,amazon_us,product,search,platform sandals women,28,REEF,¥352.80,4.4,REEF,,,,,,https://www.amazon.com/Reef-Sandals-Cushion-Platform-Natural/dp/B09TRZZP54/ref=sr_1_11?dib=eyJ2IjoiMSJ9.wIlL_eVtHzMil5mQkgwLshesaumb_LLvBOj0HVHzZp9XtMhwBeXQVp2_my6kbtTGn_Fa2clv8V2Q897ishgbGlA7jkhXg3vpW3teC4YiqsnyKwcwZdXEbOiB5mGFiD3iNV3xfP8i5QZSXNfMnLkpg98Yq9uzejinw_WrKJ4RCCeTca5g5qgW-o0gGT_E3E-1SNKcwbaPzGPAvzXH5oty8I8TGI5LkbOoe0bJBe6REPm8zDbEIm_K8bLF5_VMiSPQSFg9CsVCah5n0geBbe4Rz4-A34GOPuggRSuU61IcLic.mijjlaRE00EgNToSJWbg7Xbmo_yi-jatebEUbrY6RT0&dib_tag=se&keywords=platform+sandals+women&qid=1785298247&sr=8-11,https://m.media-amazon.com/images/I/61Uv1VDRdFL._AC_UL320_.jpg,45,排名进入前30；价格高于人民币等值¥288.00；评分达到4.3以上。
2026-07-29,amazon_us,product,best_sellers,Best Sellers Women Sandals,33,"Reef Cushion Vista Hi Womens Platform Fashion Sandal, Arch Support, Ultra Soft Cushion Footbed",,4.4,$39.93,,,,,,https://www.amazon.com/Reef-Womens-Cushion-Vista-Hi/dp/B09K8WMWN6/ref=zg_bs_g_679425011_d_sccl_33/132-0708818-8616366?psc=1,"https://images-na.ssl-images-amazon.com/images/I/61wij8MIiAL._AC_UL300_SR300,200_.jpg",44,排名进入前50；标题包含 platform、arch support、soft，符合美国女鞋舒适化趋势；评分达到4.3以上。
2026-07-29,amazon_us,product,new_releases,New Releases Women Sandals,31,RJYLP Jelly Sandals for Women Clear Sandals Jelly Shoes Women Kitten Heel Mules Open Toe Slide Pumps Dress Shoes Beach Summer Sandal Cute Comfortable,,4.4,$52.99,,,,,,https://www.amazon.com/RJYLP-Sandals-Kitten-Summer-Comfortable/dp/B0H3NBYHJS/ref=zg_bsnr_g_679425011_d_sccl_31/132-0708818-8616366?psc=1,"https://images-na.ssl-images-amazon.com/images/I/61SdeC7gxAL._AC_UL300_SR300,200_.jpg",44,排名进入前50；评论数达到50以上；标题包含 comfort、beach、summer，符合美国女鞋舒适化趋势；评分达到4.3以上。
2026-07-29,amazon_us,product,best_sellers,Best Sellers Women Sandals,34,OOFOS OOriginal Recovery Sandal - Women’s and Men’s,,4.6,$54.99,,,,,,https://www.amazon.com/OOFOS-Unisex-Original-Thong-Black/dp/B007VDSTW0/ref=zg_bs_g_679425011_d_sccl_34/132-0708818-8616366?psc=1,"https://images-na.ssl-images-amazon.com/images/I/51qiZpHX64L._AC_UL300_SR300,200_.jpg",43,排名进入前50；评论数达到50以上；标题包含 recovery，符合美国女鞋舒适化趋势；评分达到4.6以上。
2026-07-29,amazon_us,product,search,women summer slippers,45,Open Toe Summer Slippers for Women - Arch Support Comfy & Cute Slip-On Indoor/Outdoor House Slippers with Non-Slip TPR Outsole,¥187.13,4.1,"Price, product page $25.99 $ 25 . 99",,,,,,https://www.amazon.com/SaDuck-Summer-Slippers-Women-Slip/dp/B0GLNVHZ5M/ref=sr_1_34?dib=eyJ2IjoiMSJ9.3B_wBrVg1UMy5tWehIloEqh3GcRQaYuBAiGuYjezoF8Dm6sY8g4v-VR8VGlcZDhfqwFwJmYAK47QRHb_XwRS1YFxk-fDiJyRQuz5HjSGqxnX_u2iFAbXBlLXsYJmBXBXY3y-8RAAD4pi8xQO017zxlyIetkXywB-_ahqbBMl9yZ3f8hjJ0Lyzh1M7NZ_Y6N27VCvWwcyBPEXTX0ZJUAIS3XddoZ-VZ70GIMhVyIAU0Owv9rPemdcIAZNlv0Eai5GoXVOtxn5niAcSNB0iih8dVjjXpDi3h28C6N6Rb0BZzs.PlVTyyj-BbK1HUY8mvWSuc-VHNV8JDNVMnOf7MeQ6Ew&dib_tag=se&keywords=women+summer+slippers&qid=1785298246&sr=8-34,https://m.media-amazon.com/images/I/71LNEIAFQiL._AC_UL320_.jpg,43,排名进入前50；价格处于人民币等值¥180.00-¥288.00区间；标题包含 arch support、summer，符合美国女鞋舒适化趋势；评分达到4.0以上。
2026-07-29,amazon_us,product,best_sellers,Best Sellers Women Sandals,13,CUSHIONAIRE Pool Slides for Women Water Resistant Double Buckle Adjustable Slip-On Womens Sandals for Beach Shower Casual Wear,,4.0,$44.99,,,,,,https://www.amazon.com/CUSHIONAIRE-Sandals-Resistant-Double-Buckle/dp/B0GXHKZW5C/ref=zg_bs_g_679425011_d_sccl_13/137-5111843-3366465?psc=1,"https://images-na.ssl-images-amazon.com/images/I/71NStLIJ8SL._AC_UL600_SR600,400_.jpg",42,排名进入前30；标题包含 beach，符合美国女鞋舒适化趋势；评分达到4.0以上。
2026-07-29,amazon_us,product,best_sellers,Best Sellers Women Sandals,22,"ZUVARI Kitten Heels for Women, Square Toe Flip Flop Kitten Heel Sandals, 2.16 Inch Thong Heels, Slip-On Dressy Summer Heeled Sandals",,4.2,$31.99,,,,,,https://www.amazon.com/ZUVARI-Kitten-Square-Sandals-Dressy/dp/B0GBX8KZ3H/ref=zg_bs_g_679425011_d_sccl_22/137-5111843-3366465?psc=1,"https://images-na.ssl-images-amazon.com/images/I/51r5FYMKLKL._AC_UL600_SR600,400_.jpg",42,排名进入前30；标题包含 summer，符合美国女鞋舒适化趋势；评分达到4.0以上。
2026-07-29,amazon_us,product,best_sellers,Best Sellers Women Sandals,23,Ankis Heels for Women Open Toe Ankle Strap Chunky Heel Sandals 2.75 Inch,,4.4,$24.99,,,,,,https://www.amazon.com/Ankis-Nude-Heels-Women-numeric_8/dp/B094CTB3TY/ref=zg_bs_g_679425011_d_sccl_23/137-5111843-3366465?psc=1,"https://images-na.ssl-images-amazon.com/images/I/71dUhT7TubL._AC_UL600_SR600,400_.jpg",42,排名进入前30；评分达到4.3以上。
2026-07-29,amazon_us,product,new_releases,New Releases Women Sandals,15,adidas Mens Adilette Shower Arsenal Slides Casual Sandals Casual - Red,,4.4,$22.50,,,,,,https://www.amazon.com/adidas-Unisex-Adilette-Shower-Sandal/dp/B0DHWKGQLD/ref=zg_bsnr_g_679425011_d_sccl_15/132-0708818-8616366?psc=1,"https://images-na.ssl-images-amazon.com/images/I/612nP+tlU-L._AC_UL600_SR600,400_.jpg",42,排名进入前30；评分达到4.3以上。
2026-07-29,amazon_us,product,new_releases,New Releases Women Sandals,29,"CUSHIONAIRE Raz Thong Strappy Sandals for Women, Minimalist Flat Sandals with Decorative Ring Accents",,4.4,$39.98,,,,,,https://www.amazon.com/CUSHIONAIRE-Strappy-Sandals-Minimalist-Decorative/dp/B0H4NK8G8K/ref=zg_bsnr_g_679425011_d_sccl_29/132-0708818-8616366?psc=1,"https://images-na.ssl-images-amazon.com/images/I/71jGJslIY4L._AC_UL600_SR600,400_.jpg",42,排名进入前30；评分达到4.3以上。
2026-07-29,amazon_us,product,new_releases,New Releases Women Sandals,42,"Women's Flip Flops Flat Sandals Slip on Slide Sandals Summer Thong Flats | Minimalist Knot Design, All-Day Comfort Sole, Comfort Shoes for Weddings, Beach Vacation, Dress, Parties & Daily Wear",,4.6,$29.99,,,,,,https://www.amazon.com/Womens-Flops-Sandals-Slide-Summer/dp/B0H4TZH8BV/ref=zg_bsnr_g_679425011_d_sccl_42/132-0708818-8616366?psc=1,"https://images-na.ssl-images-amazon.com/images/I/716pVHs663L._AC_UL300_SR300,200_.jpg",42,排名进入前50；标题包含 comfort、beach、summer，符合美国女鞋舒适化趋势；评分达到4.6以上。
2026-07-29,amazon_us,product,search,women summer slippers,31,Dearfoams,¥156.96,4.3,Dearfoams,,,,,,https://www.amazon.com/Dearfoams-womens-Slipper-Dusty-Large/dp/B083VY1Q3M/ref=sr_1_20?dib=eyJ2IjoiMSJ9.3B_wBrVg1UMy5tWehIloEqh3GcRQaYuBAiGuYjezoF8Dm6sY8g4v-VR8VGlcZDhfqwFwJmYAK47QRHb_XwRS1YFxk-fDiJyRQuz5HjSGqxnX_u2iFAbXBlLXsYJmBXBXY3y-8RAAD4pi8xQO017zxlyIetkXywB-_ahqbBMl9yZ3f8hjJ0Lyzh1M7NZ_Y6N27VCvWwcyBPEXTX0ZJUAIS3XddoZ-VZ70GIMhVyIAU0Owv9rPemdcIAZNlv0Eai5GoXVOtxn5niAcSNB0iih8dVjjXpDi3h28C6N6Rb0BZzs.PlVTyyj-BbK1HUY8mvWSuc-VHNV8JDNVMnOf7MeQ6Ew&dib_tag=se&keywords=women+summer+slippers&qid=1785298246&sr=8-20,https://m.media-amazon.com/images/I/716X6dZXCuL._AC_UL320_.jpg,42,排名进入前50；价格处于人民币等值¥57.60-¥180.00黄金区间；评分达到4.3以上。
2026-07-29,amazon_us,product,search,women summer slippers,32,Garonne,¥115.13,4.3,Garonne,,,,,,https://www.amazon.com/Garonne-Slippers-Non-Slip-Bedroom-Outdoor/dp/B0F37BTNB5/ref=sr_1_21?dib=eyJ2IjoiMSJ9.3B_wBrVg1UMy5tWehIloEqh3GcRQaYuBAiGuYjezoF8Dm6sY8g4v-VR8VGlcZDhfqwFwJmYAK47QRHb_XwRS1YFxk-fDiJyRQuz5HjSGqxnX_u2iFAbXBlLXsYJmBXBXY3y-8RAAD4pi8xQO017zxlyIetkXywB-_ahqbBMl9yZ3f8hjJ0Lyzh1M7NZ_Y6N27VCvWwcyBPEXTX0ZJUAIS3XddoZ-VZ70GIMhVyIAU0Owv9rPemdcIAZNlv0Eai5GoXVOtxn5niAcSNB0iih8dVjjXpDi3h28C6N6Rb0BZzs.PlVTyyj-BbK1HUY8mvWSuc-VHNV8JDNVMnOf7MeQ6Ew&dib_tag=se&keywords=women+summer+slippers&qid=1785298246&sr=8-21,https://m.media-amazon.com/images/I/81JmkmTRcmL._AC_UL320_.jpg,42,排名进入前50；价格处于人民币等值¥57.60-¥180.00黄金区间；评分达到4.3以上。
2026-07-29,amazon_us,product,search,women summer slippers,34,VeraCosy,¥122.33,4.5,VeraCosy,,,,,,https://www.amazon.com/VeraCosy-Two-Tone-Slippers-Non-slip-Evening/dp/B0DCVZ52Y5/ref=sr_1_23?dib=eyJ2IjoiMSJ9.3B_wBrVg1UMy5tWehIloEqh3GcRQaYuBAiGuYjezoF8Dm6sY8g4v-VR8VGlcZDhfqwFwJmYAK47QRHb_XwRS1YFxk-fDiJyRQuz5HjSGqxnX_u2iFAbXBlLXsYJmBXBXY3y-8RAAD4pi8xQO017zxlyIetkXywB-_ahqbBMl9yZ3f8hjJ0Lyzh1M7NZ_Y6N27VCvWwcyBPEXTX0ZJUAIS3XddoZ-VZ70GIMhVyIAU0Owv9rPemdcIAZNlv0Eai5GoXVOtxn5niAcSNB0iih8dVjjXpDi3h28C6N6Rb0BZzs.PlVTyyj-BbK1HUY8mvWSuc-VHNV8JDNVMnOf7MeQ6Ew&dib_tag=se&keywords=women+summer+slippers&qid=1785298246&sr=8-23,https://m.media-amazon.com/images/I/81RJZ2gB8sL._AC_UL320_.jpg,42,排名进入前50；价格处于人民币等值¥57.60-¥180.00黄金区间；评分达到4.3以上。
2026-07-29,amazon_us,product,search,women summer slippers,38,Weweya,¥71.86,4.4,Weweya,,,,,,https://www.amazon.com/Weweya-Shower-Non-Slip-Outdoor-Sandals/dp/B0F1XTPHY8/ref=sr_1_27?dib=eyJ2IjoiMSJ9.3B_wBrVg1UMy5tWehIloEqh3GcRQaYuBAiGuYjezoF8Dm6sY8g4v-VR8VGlcZDhfqwFwJmYAK47QRHb_XwRS1YFxk-fDiJyRQuz5HjSGqxnX_u2iFAbXBlLXsYJmBXBXY3y-8RAAD4pi8xQO017zxlyIetkXywB-_ahqbBMl9yZ3f8hjJ0Lyzh1M7NZ_Y6N27VCvWwcyBPEXTX0ZJUAIS3XddoZ-VZ70GIMhVyIAU0Owv9rPemdcIAZNlv0Eai5GoXVOtxn5niAcSNB0iih8dVjjXpDi3h28C6N6Rb0BZzs.PlVTyyj-BbK1HUY8mvWSuc-VHNV8JDNVMnOf7MeQ6Ew&dib_tag=se&keywords=women+summer+slippers&qid=1785298246&sr=8-27,https://m.media-amazon.com/images/I/61QGXLFgg+L._AC_UL320_.jpg,42,排名进入前50；价格处于人民币等值¥57.60-¥180.00黄金区间；评分达到4.3以上。
2026-07-29,amazon_us,product,search,women summer slippers,40,EverFoams,¥93.53,4.4,EverFoams,,,,,,https://www.amazon.com/EverFoams-Slippers-Outdoor-Outsole-Vanilla/dp/B0DPZPQ4JW/ref=sr_1_29?dib=eyJ2IjoiMSJ9.3B_wBrVg1UMy5tWehIloEqh3GcRQaYuBAiGuYjezoF8Dm6sY8g4v-VR8VGlcZDhfqwFwJmYAK47QRHb_XwRS1YFxk-fDiJyRQuz5HjSGqxnX_u2iFAbXBlLXsYJmBXBXY3y-8RAAD4pi8xQO017zxlyIetkXywB-_ahqbBMl9yZ3f8hjJ0Lyzh1M7NZ_Y6N27VCvWwcyBPEXTX0ZJUAIS3XddoZ-VZ70GIMhVyIAU0Owv9rPemdcIAZNlv0Eai5GoXVOtxn5niAcSNB0iih8dVjjXpDi3h28C6N6Rb0BZzs.PlVTyyj-BbK1HUY8mvWSuc-VHNV8JDNVMnOf7MeQ6Ew&dib_tag=se&keywords=women+summer+slippers&qid=1785298246&sr=8-29,https://m.media-amazon.com/images/I/61-syU96aOL._AC_UL320_.jpg,42,排名进入前50；价格处于人民币等值¥57.60-¥180.00黄金区间；评分达到4.3以上。
2026-07-29,amazon_us,product,search,women slides,34,KIDMI,¥122.26,4.3,KIDMI,,,,,,https://www.amazon.com/KIDMI-Comfortable-Sandals-Support-Adjustable/dp/B0DMV98TMM/ref=sr_1_23?dib=eyJ2IjoiMSJ9.wrqHnvIFpzxZDCy1gVq3f2HcNswV2RaHhxwkGjsTd_W7Wc6jF6JA7FA0W4Roi-Vi295q7bUslMnKQZOUF6kjhA8yjxJWtZLxMDYAPyH6CrbvSzasNotLuoU65jOATHNlH8xfpT749HChbKPgH36AE4w_GRR8DHQczszIWg_V5YyQMRKDjiRAbCnyqeQXfrMCWwdFBvTaEs046etDPkKaMGB7sEooloxlCkPRuOCfVI9eF3f08E7it6lhII1UA9AvkoDL22O9Mz-FCCLeQoGLOI4sTaT_0d0lccP9bViYRZE.BD9-NElxvZBK-rGn8mG1P9qZH8iQdOAW35E5W7a7SK4&dib_tag=se&keywords=women+slides&qid=1785298247&sr=8-23,https://m.media-amazon.com/images/I/71Z8+aRxp3L._AC_UL320_.jpg,42,排名进入前50；价格处于人民币等值¥57.60-¥180.00黄金区间；评分达到4.3以上。
2026-07-29,amazon_us,product,search,women slides,44,welltree,¥107.93,4.3,welltree,,,,,,https://www.amazon.com/welltree-Slippers-Non-Slip-Bathroom-Sandals/dp/B09JVKT6L8/ref=sr_1_33?dib=eyJ2IjoiMSJ9.wrqHnvIFpzxZDCy1gVq3f2HcNswV2RaHhxwkGjsTd_W7Wc6jF6JA7FA0W4Roi-Vi295q7bUslMnKQZOUF6kjhA8yjxJWtZLxMDYAPyH6CrbvSzasNotLuoU65jOATHNlH8xfpT749HChbKPgH36AE4w_GRR8DHQczszIWg_V5YyQMRKDjiRAbCnyqeQXfrMCWwdFBvTaEs046etDPkKaMGB7sEooloxlCkPRuOCfVI9eF3f08E7it6lhII1UA9AvkoDL22O9Mz-FCCLeQoGLOI4sTaT_0d0lccP9bViYRZE.BD9-NElxvZBK-rGn8mG1P9qZH8iQdOAW35E5W7a7SK4&dib_tag=se&keywords=women+slides&qid=1785298247&sr=8-33,https://m.media-amazon.com/images/I/51gpb9lx2LL._AC_UL320_.jpg,42,排名进入前50；价格处于人民币等值¥57.60-¥180.00黄金区间；评分达到4.3以上。
2026-07-29,amazon_us,product,search,women slides,50,BRONAX,¥172.73,4.3,BRONAX,,,,,,https://www.amazon.com/BRONAX-Slides-Slippers-Sandals-Cushioned/dp/B0BPWYWZDK/ref=sr_1_39?dib=eyJ2IjoiMSJ9.wrqHnvIFpzxZDCy1gVq3f2HcNswV2RaHhxwkGjsTd_W7Wc6jF6JA7FA0W4Roi-Vi295q7bUslMnKQZOUF6kjhA8yjxJWtZLxMDYAPyH6CrbvSzasNotLuoU65jOATHNlH8xfpT749HChbKPgH36AE4w_GRR8DHQczszIWg_V5YyQMRKDjiRAbCnyqeQXfrMCWwdFBvTaEs046etDPkKaMGB7sEooloxlCkPRuOCfVI9eF3f08E7it6lhII1UA9AvkoDL22O9Mz-FCCLeQoGLOI4sTaT_0d0lccP9bViYRZE.BD9-NElxvZBK-rGn8mG1P9qZH8iQdOAW35E5W7a7SK4&dib_tag=se&keywords=women+slides&qid=1785298247&sr=8-39,https://m.media-amazon.com/images/I/61i-dRRb1oL._AC_UL320_.jpg,42,排名进入前50；价格处于人民币等值¥57.60-¥180.00黄金区间；评分达到4.3以上。
2026-07-29,amazon_us,product,search,platform sandals women,38,TIKVAW,¥100.73,4.4,TIKVAW,,,,,,https://www.amazon.com/TIKVAW-Support-Platform-Sandals-Adjustable/dp/B0C8TVJF3P/ref=sr_1_21?dib=eyJ2IjoiMSJ9.wIlL_eVtHzMil5mQkgwLshesaumb_LLvBOj0HVHzZp9XtMhwBeXQVp2_my6kbtTGn_Fa2clv8V2Q897ishgbGlA7jkhXg3vpW3teC4YiqsnyKwcwZdXEbOiB5mGFiD3iNV3xfP8i5QZSXNfMnLkpg98Yq9uzejinw_WrKJ4RCCeTca5g5qgW-o0gGT_E3E-1SNKcwbaPzGPAvzXH5oty8I8TGI5LkbOoe0bJBe6REPm8zDbEIm_K8bLF5_VMiSPQSFg9CsVCah5n0geBbe4Rz4-A34GOPuggRSuU61IcLic.mijjlaRE00EgNToSJWbg7Xbmo_yi-jatebEUbrY6RT0&dib_tag=se&keywords=platform+sandals+women&qid=1785298247&sr=8-21,https://m.media-amazon.com/images/I/71mwMI75T8L._AC_UL320_.jpg,42,排名进入前50；价格处于人民币等值¥57.60-¥180.00黄金区间；评分达到4.3以上。
2026-07-29,amazon_us,product,search,women slides,46,Under Armour,¥216.00,4.6,Under Armour,,,,,,https://www.amazon.com/Under-Armour-Womens-Ignite-Select/dp/B0BZWT24K1/ref=sr_1_35?dib=eyJ2IjoiMSJ9.wrqHnvIFpzxZDCy1gVq3f2HcNswV2RaHhxwkGjsTd_W7Wc6jF6JA7FA0W4Roi-Vi295q7bUslMnKQZOUF6kjhA8yjxJWtZLxMDYAPyH6CrbvSzasNotLuoU65jOATHNlH8xfpT749HChbKPgH36AE4w_GRR8DHQczszIWg_V5YyQMRKDjiRAbCnyqeQXfrMCWwdFBvTaEs046etDPkKaMGB7sEooloxlCkPRuOCfVI9eF3f08E7it6lhII1UA9AvkoDL22O9Mz-FCCLeQoGLOI4sTaT_0d0lccP9bViYRZE.BD9-NElxvZBK-rGn8mG1P9qZH8iQdOAW35E5W7a7SK4&dib_tag=se&keywords=women+slides&qid=1785298247&sr=8-35,https://m.media-amazon.com/images/I/31W+XacFYoL._AC_UL320_.jpg,40,排名进入前50；价格处于人民币等值¥180.00-¥288.00区间；评分达到4.6以上。
2026-07-29,amazon_us,product,best_sellers,Best Sellers Women Sandals,17,Havaianas Women's Slim Square Solid Flip Flops,,4.2,$31.00,,,,,,https://www.amazon.com/Havaianas-Womens-Square-Solid-Medium/dp/B0BBPX6J6F/ref=zg_bs_g_679425011_d_sccl_17/137-5111843-3366465?psc=1,"https://images-na.ssl-images-amazon.com/images/I/519tF5UFGFL._AC_UL600_SR600,400_.jpg",39,排名进入前30；评分达到4.0以上。
2026-07-29,amazon_us,product,best_sellers,Best Sellers Women Sandals,24,"CUSHIONAIRE Java Casual Womens Jelly Flats with Adjustable Strap, Closed Toe Mary Janes Mule Design, Waterproof Jelly Sandals for Women",,4.2,$34.99,,,,,,https://www.amazon.com/CUSHIONAIRE-Adjustable-Waterproof-Sandals-CHOCOLATE/dp/B0H4MLLC32/ref=zg_bs_g_679425011_d_sccl_24/137-5111843-3366465?psc=1,"https://images-na.ssl-images-amazon.com/images/I/81iCqxPUX6L._AC_UL600_SR600,400_.jpg",39,排名进入前30；评分达到4.0以上。
2026-07-29,amazon_us,product,new_releases,New Releases Women Sandals,13,"Glamnest Women's Kitten Heel Sandals Dressy Square Toe Flip Flop Heels | 2 Inch Kitten Heels Slip-On Sandals,Lightweight Cushioned Insoles for Wedding, Party, Vacations, Casual Wear",,4.1,$29.99,,,,,,https://www.amazon.com/Glamnest-Kitten-Sandals-Dressy-Square/dp/B0GLZ4Q81C/ref=zg_bsnr_g_679425011_d_sccl_13/132-0708818-8616366?psc=1,"https://images-na.ssl-images-amazon.com/images/I/61TP1DPnvlL._AC_UL600_SR600,400_.jpg",39,排名进入前30；评分达到4.0以上。
2026-07-29,amazon_us,product,new_releases,New Releases Women Sandals,17,"CUSHIONAIRE Shana Clear Jelly Strap Heels for Women, Flared Kitten Heel Slide with Cushioned Footbed and Split Toe",,4.1,$49.99,,,,,,https://www.amazon.com/CUSHIONAIRE-Flared-Cushioned-Footbed-TORTOISE/dp/B0H2FK577R/ref=zg_bsnr_g_679425011_d_sccl_17/132-0708818-8616366?psc=1,"https://images-na.ssl-images-amazon.com/images/I/71YZfL+oAFL._AC_UL600_SR600,400_.jpg",39,排名进入前30；评分达到4.0以上。
2026-07-29,amazon_us,product,search,women summer slippers,37,MAGILONA,¥143.93,4.0,MAGILONA,,,,,,https://www.amazon.com/MAGILONA-Unisex-Open-Toe-Slippers-Non-Slip/dp/B0C4KQJ1R6/ref=sr_1_26?dib=eyJ2IjoiMSJ9.3B_wBrVg1UMy5tWehIloEqh3GcRQaYuBAiGuYjezoF8Dm6sY8g4v-VR8VGlcZDhfqwFwJmYAK47QRHb_XwRS1YFxk-fDiJyRQuz5HjSGqxnX_u2iFAbXBlLXsYJmBXBXY3y-8RAAD4pi8xQO017zxlyIetkXywB-_ahqbBMl9yZ3f8hjJ0Lyzh1M7NZ_Y6N27VCvWwcyBPEXTX0ZJUAIS3XddoZ-VZ70GIMhVyIAU0Owv9rPemdcIAZNlv0Eai5GoXVOtxn5niAcSNB0iih8dVjjXpDi3h28C6N6Rb0BZzs.PlVTyyj-BbK1HUY8mvWSuc-VHNV8JDNVMnOf7MeQ6Ew&dib_tag=se&keywords=women+summer+slippers&qid=1785298246&sr=8-26,https://m.media-amazon.com/images/I/71YgTA6teCL._AC_UL320_.jpg,39,排名进入前50；价格处于人民币等值¥57.60-¥180.00黄金区间；评分达到4.0以上。
2026-07-29,amazon_us,product,search,women summer slippers,39,KuaiLu,¥166.18,4.2,KuaiLu,,,,,,https://www.amazon.com/KuaiLu-Comfortable-Walking-Plantar-Fasciitis/dp/B0BN3DW8ZP/ref=sr_1_28?dib=eyJ2IjoiMSJ9.3B_wBrVg1UMy5tWehIloEqh3GcRQaYuBAiGuYjezoF8Dm6sY8g4v-VR8VGlcZDhfqwFwJmYAK47QRHb_XwRS1YFxk-fDiJyRQuz5HjSGqxnX_u2iFAbXBlLXsYJmBXBXY3y-8RAAD4pi8xQO017zxlyIetkXywB-_ahqbBMl9yZ3f8hjJ0Lyzh1M7NZ_Y6N27VCvWwcyBPEXTX0ZJUAIS3XddoZ-VZ70GIMhVyIAU0Owv9rPemdcIAZNlv0Eai5GoXVOtxn5niAcSNB0iih8dVjjXpDi3h28C6N6Rb0BZzs.PlVTyyj-BbK1HUY8mvWSuc-VHNV8JDNVMnOf7MeQ6Ew&dib_tag=se&keywords=women+summer+slippers&qid=1785298246&sr=8-28,https://m.media-amazon.com/images/I/61Qb8hEa+tL._AC_UL320_.jpg,39,排名进入前50；价格处于人民币等值¥57.60-¥180.00黄金区间；评分达到4.0以上。
2026-07-29,amazon_us,product,search,women slides,45,Sksshion,¥115.13,4.2,Sksshion,,,,,,https://www.amazon.com/Sksshion-Womens-Slides-Sandals-Slippers/dp/B0DP76JQ4X/ref=sr_1_34?dib=eyJ2IjoiMSJ9.wrqHnvIFpzxZDCy1gVq3f2HcNswV2RaHhxwkGjsTd_W7Wc6jF6JA7FA0W4Roi-Vi295q7bUslMnKQZOUF6kjhA8yjxJWtZLxMDYAPyH6CrbvSzasNotLuoU65jOATHNlH8xfpT749HChbKPgH36AE4w_GRR8DHQczszIWg_V5YyQMRKDjiRAbCnyqeQXfrMCWwdFBvTaEs046etDPkKaMGB7sEooloxlCkPRuOCfVI9eF3f08E7it6lhII1UA9AvkoDL22O9Mz-FCCLeQoGLOI4sTaT_0d0lccP9bViYRZE.BD9-NElxvZBK-rGn8mG1P9qZH8iQdOAW35E5W7a7SK4&dib_tag=se&keywords=women+slides&qid=1785298247&sr=8-34,https://m.media-amazon.com/images/I/71E9gKBPQjL._AC_UL320_.jpg,39,排名进入前50；价格处于人民币等值¥57.60-¥180.00黄金区间；评分达到4.0以上。
2026-07-29,amazon_us,product,search,platform sandals women,35,FUNKYMONKEY,¥136.01,4.1,FUNKYMONKEY,,,,,,https://www.amazon.com/FUNKYMONKEY-Thick-sole-Adjustable-Waterproof-Platform/dp/B0CX8JWVQP/ref=sr_1_18?dib=eyJ2IjoiMSJ9.wIlL_eVtHzMil5mQkgwLshesaumb_LLvBOj0HVHzZp9XtMhwBeXQVp2_my6kbtTGn_Fa2clv8V2Q897ishgbGlA7jkhXg3vpW3teC4YiqsnyKwcwZdXEbOiB5mGFiD3iNV3xfP8i5QZSXNfMnLkpg98Yq9uzejinw_WrKJ4RCCeTca5g5qgW-o0gGT_E3E-1SNKcwbaPzGPAvzXH5oty8I8TGI5LkbOoe0bJBe6REPm8zDbEIm_K8bLF5_VMiSPQSFg9CsVCah5n0geBbe4Rz4-A34GOPuggRSuU61IcLic.mijjlaRE00EgNToSJWbg7Xbmo_yi-jatebEUbrY6RT0&dib_tag=se&keywords=platform+sandals+women&qid=1785298247&sr=8-18,https://m.media-amazon.com/images/I/61gRcMpyJjL._AC_UL320_.jpg,39,排名进入前50；价格处于人民币等值¥57.60-¥180.00黄金区间；评分达到4.0以上。
2026-07-29,amazon_us,product,search,women summer slippers,44,FITORY,¥196.27,4.3,FITORY,,,,,,https://www.amazon.com/FITORY-Sandals-Fashion-Leather-Slippers/dp/B0CM5N7R34/ref=sr_1_33?dib=eyJ2IjoiMSJ9.3B_wBrVg1UMy5tWehIloEqh3GcRQaYuBAiGuYjezoF8Dm6sY8g4v-VR8VGlcZDhfqwFwJmYAK47QRHb_XwRS1YFxk-fDiJyRQuz5HjSGqxnX_u2iFAbXBlLXsYJmBXBXY3y-8RAAD4pi8xQO017zxlyIetkXywB-_ahqbBMl9yZ3f8hjJ0Lyzh1M7NZ_Y6N27VCvWwcyBPEXTX0ZJUAIS3XddoZ-VZ70GIMhVyIAU0Owv9rPemdcIAZNlv0Eai5GoXVOtxn5niAcSNB0iih8dVjjXpDi3h28C6N6Rb0BZzs.PlVTyyj-BbK1HUY8mvWSuc-VHNV8JDNVMnOf7MeQ6Ew&dib_tag=se&keywords=women+summer+slippers&qid=1785298246&sr=8-33,https://m.media-amazon.com/images/I/71fgVPQ6SpL._AC_UL320_.jpg,37,排名进入前50；价格处于人民币等值¥180.00-¥288.00区间；评分达到4.3以上。
2026-07-29,amazon_us,product,search,women slides,32,Under Armour,¥287.64,4.4,Under Armour,,,,,,https://www.amazon.com/Under-Armour-Womens-Ignite-Slides/dp/B0F343Z28R/ref=sr_1_21?dib=eyJ2IjoiMSJ9.wrqHnvIFpzxZDCy1gVq3f2HcNswV2RaHhxwkGjsTd_W7Wc6jF6JA7FA0W4Roi-Vi295q7bUslMnKQZOUF6kjhA8yjxJWtZLxMDYAPyH6CrbvSzasNotLuoU65jOATHNlH8xfpT749HChbKPgH36AE4w_GRR8DHQczszIWg_V5YyQMRKDjiRAbCnyqeQXfrMCWwdFBvTaEs046etDPkKaMGB7sEooloxlCkPRuOCfVI9eF3f08E7it6lhII1UA9AvkoDL22O9Mz-FCCLeQoGLOI4sTaT_0d0lccP9bViYRZE.BD9-NElxvZBK-rGn8mG1P9qZH8iQdOAW35E5W7a7SK4&dib_tag=se&keywords=women+slides&qid=1785298247&sr=8-21,https://m.media-amazon.com/images/I/41S9a3VMv1L._AC_UL320_.jpg,37,排名进入前50；价格处于人民币等值¥180.00-¥288.00区间；评分达到4.3以上。
2026-07-29,amazon_us,product,search,platform sandals women,31,DREAM PAIRS,¥287.93,4.5,DREAM PAIRS,,,,,,https://www.amazon.com/DREAM-PAIRS-Adjustable-Lightweight-Waterproof/dp/B0G1RBS19X/ref=sr_1_14?dib=eyJ2IjoiMSJ9.wIlL_eVtHzMil5mQkgwLshesaumb_LLvBOj0HVHzZp9XtMhwBeXQVp2_my6kbtTGn_Fa2clv8V2Q897ishgbGlA7jkhXg3vpW3teC4YiqsnyKwcwZdXEbOiB5mGFiD3iNV3xfP8i5QZSXNfMnLkpg98Yq9uzejinw_WrKJ4RCCeTca5g5qgW-o0gGT_E3E-1SNKcwbaPzGPAvzXH5oty8I8TGI5LkbOoe0bJBe6REPm8zDbEIm_K8bLF5_VMiSPQSFg9CsVCah5n0geBbe4Rz4-A34GOPuggRSuU61IcLic.mijjlaRE00EgNToSJWbg7Xbmo_yi-jatebEUbrY6RT0&dib_tag=se&keywords=platform+sandals+women&qid=1785298247&sr=8-14,https://m.media-amazon.com/images/I/61VKPpZxLML._AC_UL320_.jpg,37,排名进入前50；价格处于人民币等值¥180.00-¥288.00区间；评分达到4.3以上。
2026-07-29,amazon_us,product,search,platform sandals women,40,DREAM PAIRS,¥187.13,4.3,DREAM PAIRS,,,,,,https://www.amazon.com/DREAM-PAIRS-Elastic-Flatform-Platform/dp/B08138FWSP/ref=sr_1_23?dib=eyJ2IjoiMSJ9.wIlL_eVtHzMil5mQkgwLshesaumb_LLvBOj0HVHzZp9XtMhwBeXQVp2_my6kbtTGn_Fa2clv8V2Q897ishgbGlA7jkhXg3vpW3teC4YiqsnyKwcwZdXEbOiB5mGFiD3iNV3xfP8i5QZSXNfMnLkpg98Yq9uzejinw_WrKJ4RCCeTca5g5qgW-o0gGT_E3E-1SNKcwbaPzGPAvzXH5oty8I8TGI5LkbOoe0bJBe6REPm8zDbEIm_K8bLF5_VMiSPQSFg9CsVCah5n0geBbe4Rz4-A34GOPuggRSuU61IcLic.mijjlaRE00EgNToSJWbg7Xbmo_yi-jatebEUbrY6RT0&dib_tag=se&keywords=platform+sandals+women&qid=1785298247&sr=8-23,https://m.media-amazon.com/images/I/716T8wDzQRL._AC_UL320_.jpg,37,排名进入前50；价格处于人民币等值¥180.00-¥288.00区间；评分达到4.3以上。
2026-07-29,amazon_us,product,search,platform sandals women,43,mikarka,¥276.41,4.5,mikarka,,,,,,https://www.amazon.com/mikarka-Wedge-Sandals-Women-Comfortable/dp/B0DPMBZT18/ref=sr_1_26?dib=eyJ2IjoiMSJ9.wIlL_eVtHzMil5mQkgwLshesaumb_LLvBOj0HVHzZp9XtMhwBeXQVp2_my6kbtTGn_Fa2clv8V2Q897ishgbGlA7jkhXg3vpW3teC4YiqsnyKwcwZdXEbOiB5mGFiD3iNV3xfP8i5QZSXNfMnLkpg98Yq9uzejinw_WrKJ4RCCeTca5g5qgW-o0gGT_E3E-1SNKcwbaPzGPAvzXH5oty8I8TGI5LkbOoe0bJBe6REPm8zDbEIm_K8bLF5_VMiSPQSFg9CsVCah5n0geBbe4Rz4-A34GOPuggRSuU61IcLic.mijjlaRE00EgNToSJWbg7Xbmo_yi-jatebEUbrY6RT0&dib_tag=se&keywords=platform+sandals+women&qid=1785298247&sr=8-26,https://m.media-amazon.com/images/I/610FEH2unfS._AC_UL320_.jpg,37,排名进入前50；价格处于人民币等值¥180.00-¥288.00区间；评分达到4.3以上。
2026-07-29,amazon_us,product,search,platform sandals women,49,vodvob,¥259.06,4.5,vodvob,,,,,,https://www.amazon.com/vodvob-Platform-Sandals-Adjustable-Flatform/dp/B0CW8YF5XW/ref=sr_1_32?dib=eyJ2IjoiMSJ9.wIlL_eVtHzMil5mQkgwLshesaumb_LLvBOj0HVHzZp9XtMhwBeXQVp2_my6kbtTGn_Fa2clv8V2Q897ishgbGlA7jkhXg3vpW3teC4YiqsnyKwcwZdXEbOiB5mGFiD3iNV3xfP8i5QZSXNfMnLkpg98Yq9uzejinw_WrKJ4RCCeTca5g5qgW-o0gGT_E3E-1SNKcwbaPzGPAvzXH5oty8I8TGI5LkbOoe0bJBe6REPm8zDbEIm_K8bLF5_VMiSPQSFg9CsVCah5n0geBbe4Rz4-A34GOPuggRSuU61IcLic.mijjlaRE00EgNToSJWbg7Xbmo_yi-jatebEUbrY6RT0&dib_tag=se&keywords=platform+sandals+women&qid=1785298247&sr=8-32,https://m.media-amazon.com/images/I/71ZrpOD4Q9L._AC_UL320_.jpg,37,排名进入前50；价格处于人民币等值¥180.00-¥288.00区间；评分达到4.3以上。
2026-07-29,amazon_us,product,new_releases,New Releases Women Sandals,33,"UBFEN Womens Flat Sandals T-Strap Thong Sandals with Arch Support | Braided Upper, Lightweight, Comfortable for Walking, Flip Flop with Back Elastic Strap",,4.1,$33.99,,,,,,https://www.amazon.com/UBFEN-Womens-Sandals-T-Strap-Support/dp/B0GW3ZW244/ref=zg_bsnr_g_679425011_d_sccl_33/132-0708818-8616366?psc=1,"https://images-na.ssl-images-amazon.com/images/I/814UqhNlwuL._AC_UL300_SR300,200_.jpg",36,排名进入前50；标题包含 comfort、arch support，符合美国女鞋舒适化趋势；评分达到4.0以上。
2026-07-29,amazon_us,product,new_releases,New Releases Women Sandals,39,Noctivelle Women Jelly Shoes Clear Mesh Flat Sandal V-Shaped Breathable Comfort Slip On Waterproof Transparent Summer Beach Pool Ballet Flats,,4.0,$20.99,,,,,,https://www.amazon.com/Noctivelle-Women-Clear-Flat-Transparent/dp/B0H2TPN8VR/ref=zg_bsnr_g_679425011_d_sccl_39/132-0708818-8616366?psc=1,"https://images-na.ssl-images-amazon.com/images/I/71xmW9YikiL._AC_UL300_SR300,200_.jpg",36,排名进入前50；标题包含 comfort、beach、summer，符合美国女鞋舒适化趋势；评分达到4.0以上。
2026-07-29,amazon_us,product,new_releases,New Releases Women Sandals,44,"Women's Flat Sandals, Comfortable Open Toe Beach Sandals for Vacation | Comfortable Cushioned Footbed, Non-Slip Outsole, Slip On Style, Flat Sandals for Summer Walking Everyday Wear",,4.2,$9.99,,,,,,https://www.amazon.com/Toybdsunx-Sandals-Comfortable-Vacation-Everyday/dp/B0GGQWJ4M3/ref=zg_bsnr_g_679425011_d_sccl_44/132-0708818-8616366?psc=1,"https://images-na.ssl-images-amazon.com/images/I/71BhQ2xX-0L._AC_UL300_SR300,200_.jpg",36,排名进入前50；标题包含 comfort、beach、summer，符合美国女鞋舒适化趋势；评分达到4.0以上。
2026-07-29,amazon_us,product,best_sellers,Best Sellers Women Sandals,29,"CUSHIONAIRE Vita Jelly Sandals for Women, Casual Lightweight Womens Strappy Sandals with Adjustable Buckle Strap and Gold Hardware Accent",,3.9,$39.99,,,,,,https://www.amazon.com/CUSHIONAIRE-Sandals-Lightweight-Adjustable-Hardware/dp/B0H1Y94T1T/ref=zg_bs_g_679425011_d_sccl_29/137-5111843-3366465?psc=1,"https://images-na.ssl-images-amazon.com/images/I/81Uy6Bt6XaL._AC_UL600_SR600,400_.jpg",35,排名进入前30。
2026-07-29,amazon_us,product,new_releases,New Releases Women Sandals,46,"Yamvim Heel Mules for Women | Pointed Peep Open Toe, Slip On Stiletto High Heeled Sandals for Summer Party Dress Prom Wedding Daily",,4.4,61,,,,,,https://www.amazon.com/Yamvim-Brown-Raffia-Mules-Women/dp/B0GX1J2YYV/ref=zg_bsnr_g_679425011_d_sccl_46/132-0708818-8616366?psc=1,"https://images-na.ssl-images-amazon.com/images/I/711zC4wn56L._AC_UL300_SR300,200_.jpg",35,排名进入前50；评论数达到50以上；标题包含 summer，符合美国女鞋舒适化趋势；评分达到4.3以上。
2026-07-29,amazon_us,product,search,women summer slippers,46,NineCiFun,¥64.87,3.9,NineCiFun,,,,,,https://www.amazon.com/NineCiFun-Slippers-Breathable-Footbed-Non-Slip/dp/B0GKLHS31R/ref=sr_1_35?dib=eyJ2IjoiMSJ9.3B_wBrVg1UMy5tWehIloEqh3GcRQaYuBAiGuYjezoF8Dm6sY8g4v-VR8VGlcZDhfqwFwJmYAK47QRHb_XwRS1YFxk-fDiJyRQuz5HjSGqxnX_u2iFAbXBlLXsYJmBXBXY3y-8RAAD4pi8xQO017zxlyIetkXywB-_ahqbBMl9yZ3f8hjJ0Lyzh1M7NZ_Y6N27VCvWwcyBPEXTX0ZJUAIS3XddoZ-VZ70GIMhVyIAU0Owv9rPemdcIAZNlv0Eai5GoXVOtxn5niAcSNB0iih8dVjjXpDi3h28C6N6Rb0BZzs.PlVTyyj-BbK1HUY8mvWSuc-VHNV8JDNVMnOf7MeQ6Ew&dib_tag=se&keywords=women+summer+slippers&qid=1785298246&sr=8-35,https://m.media-amazon.com/images/I/61YRX1dIG9L._AC_UL320_.jpg,35,排名进入前50；价格处于人民币等值¥57.60-¥180.00黄金区间。
2026-07-29,amazon_us,product,new_releases,New Releases Women Sandals,36,"CUSHIONAIRE Trio Flip Flops for Women, Comfortable Beach Sandals with Braided Thong Strap, Memory Foam Footbed and Metallic Ring Accents",,4.1,$39.99,,,,,,https://www.amazon.com/CUSHIONAIRE-Comfortable-Sandals-Metallic-CHOCOLATE/dp/B0H429LWCV/ref=zg_bsnr_g_679425011_d_sccl_36/132-0708818-8616366?psc=1,"https://images-na.ssl-images-amazon.com/images/I/71SWuBKpk7L._AC_UL300_SR300,200_.jpg",33,排名进入前50；标题包含 comfort、beach，符合美国女鞋舒适化趋势；评分达到4.0以上。
2026-07-29,amazon_us,product,new_releases,New Releases Women Sandals,38,adidas Womens Adilette Comfort 2.0 Slides Casual Sandals Casual - White,,4.3,$30.00,,,,,,https://www.amazon.com/adidas-Womens-Adilette-Comfort-Metallic/dp/B0F349N8N8/ref=zg_bsnr_g_679425011_d_sccl_38/132-0708818-8616366?psc=1,"https://images-na.ssl-images-amazon.com/images/I/51KXzkGNdgL._AC_UL300_SR300,200_.jpg",33,排名进入前50；标题包含 comfort，符合美国女鞋舒适化趋势；评分达到4.3以上。
2026-07-29,amazon_us,product,new_releases,New Releases Women Sandals,40,"Athlefit Women's Jelly Flip Flops Summer Beach Thong Sandals | Quick-Dry Casual Beach Pool Flat Sandals,Slip On Lightweight Casual Slides,Travel Walking Cute Round Toe Jelly Shoes",,4.3,$23.99,,,,,,https://www.amazon.com/Athlefit-Womens-Jelly-Summer-Sandals/dp/B0GZ854G1T/ref=zg_bsnr_g_679425011_d_sccl_40/132-0708818-8616366?psc=1,"https://images-na.ssl-images-amazon.com/images/I/61wskUHhjTL._AC_UL300_SR300,200_.jpg",33,排名进入前50；标题包含 beach、summer，符合美国女鞋舒适化趋势；评分达到4.3以上。
2026-07-29,amazon_us,product,search,women slides,31,Coach,¥684.00,4.6,Coach,,,,,,https://www.amazon.com/Coach-Womens-Udele-Slide-Tan/dp/B07PGQ6MQ8/ref=sr_1_20?dib=eyJ2IjoiMSJ9.wrqHnvIFpzxZDCy1gVq3f2HcNswV2RaHhxwkGjsTd_W7Wc6jF6JA7FA0W4Roi-Vi295q7bUslMnKQZOUF6kjhA8yjxJWtZLxMDYAPyH6CrbvSzasNotLuoU65jOATHNlH8xfpT749HChbKPgH36AE4w_GRR8DHQczszIWg_V5YyQMRKDjiRAbCnyqeQXfrMCWwdFBvTaEs046etDPkKaMGB7sEooloxlCkPRuOCfVI9eF3f08E7it6lhII1UA9AvkoDL22O9Mz-FCCLeQoGLOI4sTaT_0d0lccP9bViYRZE.BD9-NElxvZBK-rGn8mG1P9qZH8iQdOAW35E5W7a7SK4&dib_tag=se&keywords=women+slides&qid=1785298247&sr=8-20,https://m.media-amazon.com/images/I/71BQOaIl59L._AC_UL320_.jpg,33,排名进入前50；价格高于人民币等值¥288.00；评分达到4.6以上。
2026-07-29,amazon_us,product,best_sellers,Best Sellers Women Sandals,37,"Weweya Slides for Women Men Shower Shoes House Slippers Beach Sandals | Bathroom, Non Slip, Lightweight",,4.4,$9.98,,,,,,https://www.amazon.com/Weweya-Shower-Bathroom-Slippers-Sandals/dp/B0F1XJ9TM4/ref=zg_bs_g_679425011_d_sccl_37/132-0708818-8616366?psc=1,"https://images-na.ssl-images-amazon.com/images/I/718rk3GaK+L._AC_UL300_SR300,200_.jpg",30,排名进入前50；标题包含 beach，符合美国女鞋舒适化趋势；评分达到4.3以上。
2026-07-29,amazon_us,product,new_releases,New Releases Women Sandals,32,VICKI·VICKI Mules Heels for Women Pointed Peep Toe High Heels Slip On Backless Mule Sandals Dress Shoes,,4.8,$34.99,,,,,,https://www.amazon.com/VICKI%C2%B7VICK-Pointed-Backless-Sandals-Wedding/dp/B0GZCDG7ZZ/ref=zg_bsnr_g_679425011_d_sccl_32/132-0708818-8616366?psc=1,"https://images-na.ssl-images-amazon.com/images/I/51L5Hizy8OL._AC_UL300_SR300,200_.jpg",30,排名进入前50；评分达到4.6以上。
2026-07-29,amazon_us,product,search,platform sandals women,44,TOMS,¥354.17,4.5,TOMS,,,,,,https://www.amazon.com/TOMS-Womens-Diana-Sandal-Black/dp/B09TT44N4V/ref=sr_1_27?dib=eyJ2IjoiMSJ9.wIlL_eVtHzMil5mQkgwLshesaumb_LLvBOj0HVHzZp9XtMhwBeXQVp2_my6kbtTGn_Fa2clv8V2Q897ishgbGlA7jkhXg3vpW3teC4YiqsnyKwcwZdXEbOiB5mGFiD3iNV3xfP8i5QZSXNfMnLkpg98Yq9uzejinw_WrKJ4RCCeTca5g5qgW-o0gGT_E3E-1SNKcwbaPzGPAvzXH5oty8I8TGI5LkbOoe0bJBe6REPm8zDbEIm_K8bLF5_VMiSPQSFg9CsVCah5n0geBbe4Rz4-A34GOPuggRSuU61IcLic.mijjlaRE00EgNToSJWbg7Xbmo_yi-jatebEUbrY6RT0&dib_tag=se&keywords=platform+sandals+women&qid=1785298247&sr=8-27,https://m.media-amazon.com/images/I/71tGQVFxBAL._AC_UL320_.jpg,30,排名进入前50；价格高于人民币等值¥288.00；评分达到4.3以上。
2026-07-29,amazon_us,product,search,platform sandals women,46,REEF,¥575.64,4.5,REEF,,,,,,https://www.amazon.com/REEF-Higher-Womens-Platform-Adjustable/dp/B0D9HYMNMN/ref=sr_1_29?dib=eyJ2IjoiMSJ9.wIlL_eVtHzMil5mQkgwLshesaumb_LLvBOj0HVHzZp9XtMhwBeXQVp2_my6kbtTGn_Fa2clv8V2Q897ishgbGlA7jkhXg3vpW3teC4YiqsnyKwcwZdXEbOiB5mGFiD3iNV3xfP8i5QZSXNfMnLkpg98Yq9uzejinw_WrKJ4RCCeTca5g5qgW-o0gGT_E3E-1SNKcwbaPzGPAvzXH5oty8I8TGI5LkbOoe0bJBe6REPm8zDbEIm_K8bLF5_VMiSPQSFg9CsVCah5n0geBbe4Rz4-A34GOPuggRSuU61IcLic.mijjlaRE00EgNToSJWbg7Xbmo_yi-jatebEUbrY6RT0&dib_tag=se&keywords=platform+sandals+women&qid=1785298247&sr=8-29,https://m.media-amazon.com/images/I/51WBYuiSZiL._AC_UL320_.jpg,30,排名进入前50；价格高于人民币等值¥288.00；评分达到4.3以上。
2026-07-29,amazon_us,product,search,platform sandals women,50,Crocs,,4.6,Crocs,,,,,,https://www.amazon.com/Crocs-Brooklyn-Low-Wedge-Black/dp/B07YQRHTG4/ref=sr_1_33?dib=eyJ2IjoiMSJ9.wIlL_eVtHzMil5mQkgwLshesaumb_LLvBOj0HVHzZp9XtMhwBeXQVp2_my6kbtTGn_Fa2clv8V2Q897ishgbGlA7jkhXg3vpW3teC4YiqsnyKwcwZdXEbOiB5mGFiD3iNV3xfP8i5QZSXNfMnLkpg98Yq9uzejinw_WrKJ4RCCeTca5g5qgW-o0gGT_E3E-1SNKcwbaPzGPAvzXH5oty8I8TGI5LkbOoe0bJBe6REPm8zDbEIm_K8bLF5_VMiSPQSFg9CsVCah5n0geBbe4Rz4-A34GOPuggRSuU61IcLic.mijjlaRE00EgNToSJWbg7Xbmo_yi-jatebEUbrY6RT0&dib_tag=se&keywords=platform+sandals+women&qid=1785298247&sr=8-33,https://m.media-amazon.com/images/I/7146HmICxBL._AC_UL320_.jpg,30,排名进入前50；评分达到4.6以上。
2026-07-29,amazon_us,product,new_releases,New Releases Women Sandals,45,CUSHIONAIRE Chica Espadrille Wedge Sandals for Women Slip On Closed Toe Women Shoes with Elastic Straps and Stylish Everyday Comfort,,3.9,$49.99,,,,,,https://www.amazon.com/CUSHIONAIRE-Espadrille-Sandals-Elastic-Everyday/dp/B0GZ8Q5FNL/ref=zg_bsnr_g_679425011_d_sccl_45/132-0708818-8616366?psc=1,"https://images-na.ssl-images-amazon.com/images/I/81TsFQDEj1L._AC_UL300_SR300,200_.jpg",29,排名进入前50；标题包含 comfort、wedge，符合美国女鞋舒适化趋势。
2026-07-29,amazon_us,product,search,women summer slippers,33,CHGANG,¥53.21,4.1,CHGANG,,,,,,https://www.amazon.com/CHGANG-House-Slippers-Womens-Cotton/dp/B0G58LHD6Y/ref=sr_1_22?dib=eyJ2IjoiMSJ9.3B_wBrVg1UMy5tWehIloEqh3GcRQaYuBAiGuYjezoF8Dm6sY8g4v-VR8VGlcZDhfqwFwJmYAK47QRHb_XwRS1YFxk-fDiJyRQuz5HjSGqxnX_u2iFAbXBlLXsYJmBXBXY3y-8RAAD4pi8xQO017zxlyIetkXywB-_ahqbBMl9yZ3f8hjJ0Lyzh1M7NZ_Y6N27VCvWwcyBPEXTX0ZJUAIS3XddoZ-VZ70GIMhVyIAU0Owv9rPemdcIAZNlv0Eai5GoXVOtxn5niAcSNB0iih8dVjjXpDi3h28C6N6Rb0BZzs.PlVTyyj-BbK1HUY8mvWSuc-VHNV8JDNVMnOf7MeQ6Ew&dib_tag=se&keywords=women+summer+slippers&qid=1785298246&sr=8-22,https://m.media-amazon.com/images/I/71eCq66Oq9L._AC_UL320_.jpg,29,排名进入前50；价格低于人民币等值¥57.60；评分达到4.0以上。
2026-07-29,amazon_us,product,new_releases,New Releases Women Sandals,43,"CUSHIONAIRE Erika Sandals for Women with Cut-Out Band and Ankle Strap, Cushioned Footbed Sandal, Wide Width Available",,4.5,$44.98,,,,,,https://www.amazon.com/CUSHIONAIRE-Sandals-Cut-Out-Cushioned-Available/dp/B0H2FG64VM/ref=zg_bsnr_g_679425011_d_sccl_43/132-0708818-8616366?psc=1,"https://images-na.ssl-images-amazon.com/images/I/816ybN5HoaL._AC_UL300_SR300,200_.jpg",27,排名进入前50；评分达到4.3以上。
2026-07-29,amazon_us,product,search,women slides,40,OOFOS,¥431.64,4.2,OOFOS,,,,,,https://www.amazon.com/OOFOS-Womens-Unisex-Slide-Sandal/dp/B01L9XP1XC/ref=sr_1_29?dib=eyJ2IjoiMSJ9.wrqHnvIFpzxZDCy1gVq3f2HcNswV2RaHhxwkGjsTd_W7Wc6jF6JA7FA0W4Roi-Vi295q7bUslMnKQZOUF6kjhA8yjxJWtZLxMDYAPyH6CrbvSzasNotLuoU65jOATHNlH8xfpT749HChbKPgH36AE4w_GRR8DHQczszIWg_V5YyQMRKDjiRAbCnyqeQXfrMCWwdFBvTaEs046etDPkKaMGB7sEooloxlCkPRuOCfVI9eF3f08E7it6lhII1UA9AvkoDL22O9Mz-FCCLeQoGLOI4sTaT_0d0lccP9bViYRZE.BD9-NElxvZBK-rGn8mG1P9qZH8iQdOAW35E5W7a7SK4&dib_tag=se&keywords=women+slides&qid=1785298247&sr=8-29,https://m.media-amazon.com/images/I/519Avbo2jAL._AC_UL320_.jpg,27,排名进入前50；价格高于人民币等值¥288.00；评分达到4.0以上。
2026-07-29,amazon_us,product,best_sellers,Best Sellers Women Sandals,36,LULLASONG Women's Kitten Heels Sandals Square Open Toe Flip Flop Heels 1.8-2 Inch Heeled Sandals for Women,,4.2,$29.59,,,,,,https://www.amazon.com/LULLASONG-Womens-Kitten-Sandals-Square/dp/B0DCFSM597/ref=zg_bs_g_679425011_d_sccl_36/132-0708818-8616366?psc=1,"https://images-na.ssl-images-amazon.com/images/I/61aVZl7OhqL._AC_UL300_SR300,200_.jpg",24,排名进入前50；评分达到4.0以上。
2026-07-29,amazon_us,product,new_releases,New Releases Women Sandals,34,"CUSHIONAIRE Titan Square Toe Flip Flops for Women, Dressy Slip On Flat Womens Sandals with Cushioned Footbed",,4.0,$39.99,,,,,,https://www.amazon.com/CUSHIONAIRE-Sandals-Cushioned-Footbed-TORTOISE/dp/B0H2WR1KWF/ref=zg_bsnr_g_679425011_d_sccl_34/132-0708818-8616366?psc=1,"https://images-na.ssl-images-amazon.com/images/I/71vL4TDR7VL._AC_UL300_SR300,200_.jpg",24,排名进入前50；评分达到4.0以上。
2026-07-29,amazon_us,product,best_sellers,Best Sellers Women Sandals,32,"CUSHIONAIRE Splash Jelly Flip Flops for Women With Flexible Sole, Glossy Jelly Finish Summer Sandals for Women",,3.7,$29.99,,,,,,https://www.amazon.com/CUSHIONAIRE-Flexible-Footbed-Sandals-WHISKEY/dp/B0FCZFSVZD/ref=zg_bs_g_679425011_d_sccl_32/132-0708818-8616366?psc=1,"https://images-na.ssl-images-amazon.com/images/I/71jSCW+w9gL._AC_UL300_SR300,200_.jpg",23,排名进入前50；标题包含 summer，符合美国女鞋舒适化趋势。
2026-07-29,amazon_us,product,search,platform sandals women,48,Madden Girl,¥393.48,3.9,Madden Girl,,,,,,https://www.amazon.com/Madden-Girl-Womens-Mythicall-Natural/dp/B0CNKPC4Y5/ref=sr_1_31?dib=eyJ2IjoiMSJ9.wIlL_eVtHzMil5mQkgwLshesaumb_LLvBOj0HVHzZp9XtMhwBeXQVp2_my6kbtTGn_Fa2clv8V2Q897ishgbGlA7jkhXg3vpW3teC4YiqsnyKwcwZdXEbOiB5mGFiD3iNV3xfP8i5QZSXNfMnLkpg98Yq9uzejinw_WrKJ4RCCeTca5g5qgW-o0gGT_E3E-1SNKcwbaPzGPAvzXH5oty8I8TGI5LkbOoe0bJBe6REPm8zDbEIm_K8bLF5_VMiSPQSFg9CsVCah5n0geBbe4Rz4-A34GOPuggRSuU61IcLic.mijjlaRE00EgNToSJWbg7Xbmo_yi-jatebEUbrY6RT0&dib_tag=se&keywords=platform+sandals+women&qid=1785298247&sr=8-31,https://m.media-amazon.com/images/I/71SNHrdlHML._AC_UL320_.jpg,23,排名进入前50；价格高于人民币等值¥288.00。
