date,source,data_type,list_type,keyword,rank,title,price,rating,review_count,likes,comments,views,published_at,competition_count,product_url,image_url,hot_score,reason
2026-07-25,amazon_us,product,search,women slides,4,"Shower Shoes for Women & Men - Non-Slip House Slippers - Cloud Comfort Slides - Quick-Dry, Arch Support - Perfect for Bathroom, Beach, Pool, Travel",¥71.86,4.3,100+ bought in past month,,,,,,https://www.amazon.com/sspa/click?ie=UTF8&spc=MTozNjE4NTc5NzgwNTA1NjA3OjE3ODQ5NTI1MzY6c3Bfc2VhcmNoX3RoZW1hdGljOjMwMDc3OTU5NzM4NDgwMjo6MDo6&url=%2FKattmas-Shower-Shoes-Women-Men%2Fdp%2FB0D26185WV%2Fref%3Dsxin_19_pa_sp_search_thematic_sspa%3Fcontent-id%3Damzn1.sym.83f5ab61-f5a2-46fe-8ca0-d4cbfcb9bc51%253Aamzn1.sym.83f5ab61-f5a2-46fe-8ca0-d4cbfcb9bc51%26cv_ct_cx%3Dwomen%2Bslides%26keywords%3Dwomen%2Bslides%26pd_rd_i%3DB0D26185WV%26pd_rd_r%3D2c88543e-c7d2-4b08-b2c6-7cd586364bb5%26pd_rd_w%3DqFUlj%26pd_rd_wg%3DbXUXj%26pf_rd_p%3D83f5ab61-f5a2-46fe-8ca0-d4cbfcb9bc51%26pf_rd_r%3DRJ7EV6EG1KJWFJFVFZNQ%26qid%3D1784952536%26sbo%3DRZvfv%252F%252FHxDF%252BO5021pAnSA%253D%253D%26sr%3D1-1-e169343e-09af-4d41-85b1-8335fe8f32d0-spons%26aref%3DObahxxMdD4%26sp_csd%3Dd2lkZ2V0TmFtZT1zcF9zZWFyY2hfdGhlbWF0aWM%26psc%3D1&aref=ObahxxMdD4,https://m.media-amazon.com/images/I/71h7Dffy6KL._AC_UL320_.jpg,100,排名靠前；评论数达到50以上；价格处于人民币等值¥57.60-¥180.00黄金区间；标题包含 cloud、comfort、arch support、beach，符合美国女鞋舒适化趋势；cloud + slides组合趋势加分；评分达到4.3以上。
2026-07-25,amazon_us,product,search,platform sandals women,17,"UBFEN Womens Espadrille Platform Sandals Low Wedge Orthopedic Arch Support | Cushion Insole, Comfortable Dressy Buckle Sandals for Walking and Vacation, Low Heel, Adjustable Strap UBFEN Womens Espadrille Platform Sandals Low Wedge Orthopedic Arch Support | Cushion Insole, Comfortable…",¥287.93,4.7,4.7,,,,,,https://sponsored-ads.amazon.com/clk?p=eAFVT02L00AApS7qEtcPelih3ir0UJkkkzZflSBJk6212qbpVtZewnRmksZNk2xmtil76B9QxIMg-HP8C4L4J7x6FuyK-E4P3hdPwIc_fn78dqt-1z597buj4ehMdr2gWYPt44hmyTaE-kB7sj3ZXOqj-Qv_ctM79mfTCmzFSXdbVksH577xcqNOgzuwIxodEWpQlBc3Zs7y0PZOn3vBcFZ_KNwmlJ3zvKgfzceB158MxsOF5zbe14TH10rIKCrxKixoifMUcRomWZpkNFzyqC6gNbrKMxHn68YjtgQ4RYwlGOwzYO8EBWzepFk4n7VVtgR8RdeUAJynKcU8yTOwUcD1GMCoJAwUKMk4LQHOM04z3tSEmvzg-5cPv959dRv3_nr37c37iizLJoQq1Lsa1KFyMJ-5vYO-32-P6k9dx-4XJ0Og2zvnYo_Y3jnTTEuCyv4fOyfeOdOdY_8hceOoH3vbge3FVyOPKp9rwqfaivOC9SSpqirx33cpLiRUSURy5IH2JtBc33hWkLAkYZGuSGnx1oqhEJdhQiy5dZEQC-pG11QVtaO1WGlBAIGKVFVTIhNEJCKgC2UIzMgkgOgaQqZpGt2O0kosVLAWKmlkGc7bxXk0ngSvfgNyJbCH&v=c1&r=https%3A%2F%2Fwww.amazon.com%2Fgp%2Faw%2Fd%2FB0G6YR6DP8%2F%3Fie%3DUTF8%26pd_rd_plhdr%3Dt%26hsa_cr_id%3D0%26qid%3D1784952536%26sr%3D1-1-5a5562f9-fdfd-4101-9f9d-d76aa9998432%26i%3Daps%26aref%3D8BjZkfNORM%26ref_%3Dsbx__sbtcd2_asin_0_bkgd%26pd_rd_w%3DU3rF4%26content-id%3Damzn1.sym.90f77631-9599-4fe0-95f8-a40adfe1c762%253Aamzn1.sym.90f77631-9599-4fe0-95f8-a40adfe1c762%26pf_rd_p%3D90f77631-9599-4fe0-95f8-a40adfe1c762%26pf_rd_r%3D8EV24XJK52H5P0BHSE0H%26pd_rd_wg%3DhGet8%26pd_rd_r%3D5a76dda6-a6c5-470e-b7f9-8c046dede263,"https://m.media-amazon.com/images/I/71Cs5sEmDeL._AC_SR322,134_CB1169409_QL70_.jpg",100,排名进入前30；价格处于人民币等值¥180.00-¥288.00区间；标题包含 platform、orthopedic、comfort、arch support、wedge，符合美国女鞋舒适化趋势；platform + comfort组合趋势加分；orthopedic + arch support组合趋势加分；评分达到4.6以上。
2026-07-25,amazon_us,product,search,platform sandals women,18,"UBFEN Womens Platform Wedge Sandals Orthopedic Arch Support | Espadrille Slides, Comfortable Cushioned, Dressy for Summer Walking, Beach Vacation UBFEN Womens Platform Wedge Sandals Orthopedic Arch Support | Espadrille Slides, Comfortable Cushio…",¥287.78,4.7,4.7,,,,,,https://sponsored-ads.amazon.com/clk?p=eAFVT8uK01AApQ7qEMcHXYxQdx3oonKT3DSPphKGpMnU2rGPdCoz3YTbe2_SOGmSyb3TlFn0BxRxIQh-jr8giD_h1rVgR8SzOnBeHAHv__j58du96kP77M3YHfQH57Lr-fUKbB6GNI03ATR6-vPNyfraGMxeja_XncPxdFKCjThSN0W5cHA2bp-utYn_ALbEdkuEOhTl-Z2ps9i3vbOXnt-fVp8K9wlllzzLqwezoe91R71hf-65tfcV4ehWCRhFBV4GOS1wliBOgzhN4pQGCx5WBbRCN1kq4mxVe8YWACeIsRiDXQbsnCCH9bs0DWbTpsYWgC_pihKAsyShmMdZCtYKuB0DGBWEgRzFKacFwFnKacrrulCRn3z_8uHXu69u7dFf7669_liRZdmEUIOGqkMDKnuzqdvZ6467zUH1hevY3fykDwx761ztENlbZ5LqsV_a_2PrRFtnsnXsPySqHXQjb9Ozvehm4FHlc0X4VFlynrOOJJVlKf77LkW5hEqJSI7c0y_m5xen7nFOgoIEebIkhcUbS4YCXAQxseTGVUwsaLRVU1O0lt5ghQWBAjSkaboSmiAkIQEqlCEwQ5MAYugImabZVltKI7ZQzhqooKHVdt7OL8PhyH_9G5EBsM8&v=c1&r=https%3A%2F%2Fwww.amazon.com%2Fgp%2Faw%2Fd%2FB0G6YZXYLD%2F%3Fie%3DUTF8%26pd_rd_plhdr%3Dt%26hsa_cr_id%3D0%26qid%3D1784952536%26sr%3D1-2-5a5562f9-fdfd-4101-9f9d-d76aa9998432%26i%3Daps%26aref%3D8BjZkfNORM%26ref_%3Dsbx__sbtcd2_asin_1_bkgd%26pd_rd_w%3DU3rF4%26content-id%3Damzn1.sym.90f77631-9599-4fe0-95f8-a40adfe1c762%253Aamzn1.sym.90f77631-9599-4fe0-95f8-a40adfe1c762%26pf_rd_p%3D90f77631-9599-4fe0-95f8-a40adfe1c762%26pf_rd_r%3D8EV24XJK52H5P0BHSE0H%26pd_rd_wg%3DhGet8%26pd_rd_r%3D5a76dda6-a6c5-470e-b7f9-8c046dede263,"https://m.media-amazon.com/images/I/71LWkfwnDvL._AC_SR322,134_CB1169409_QL70_.jpg",100,排名进入前30；价格处于人民币等值¥180.00-¥288.00区间；标题包含 platform、orthopedic、comfort、arch support、beach、summer、wedge，符合美国女鞋舒适化趋势；platform + comfort组合趋势加分；orthopedic + arch support组合趋势加分；评分达到4.6以上。
2026-07-25,amazon_us,product,best_sellers,Best Sellers Women Sandals,10,OOFOS OOahh Recovery Slide - Women’s and Men’s,¥431.64,4.4,"32,803",,,,,,https://www.amazon.com/OOFOS-Unisex-Ooahh-Slide-Sandal/dp/B00BRC4L14/ref=zg_bs_g_679425011_d_sccl_10/135-0908118-7500743?psc=1,"https://images-na.ssl-images-amazon.com/images/I/51NSD3PLF-L._AC_UL600_SR600,400_.jpg",88,排名靠前；评论数高；价格高于人民币等值¥288.00；标题包含 recovery，符合美国女鞋舒适化趋势；评分达到4.3以上。
2026-07-25,amazon_us,product,search,women summer slippers,10,"Joomra Pillow Slippers for Women and Men Thick Sole Ultra Cushion Slides | Cloud-Like Sole, Quick Drying Shower Shoes, Soft Open Toe Indoor Outdoor Sandals Joomra Pillow Slippers for Women and Men Thick Sole Ultra Cushion Slides | Cloud-Like Sole, Quick Drying Sho…",¥137.52,4.3,4.3,,,,,,https://sponsored-ads.amazon.com/clk?p=eAFVT7mO00AAVVgBK7McSrFIoQtSikgTzzi2EwdZyI69uWB3c7HZNNZkZnwoju14ZkmUIgU1BQUSvwMlLRR8BXwDElmEeNWT3qUnkeMfPz98v1d8aE3eXDqD3mAGHXdULqDqqc-SaOvlg2F6s-QkdHi6VDvT1ul1PB_28dkrEs6VK6N_sRui11tr9ADVa816DemoBud3xvbi2HInXXfUGxefSvcp40uRZsWT6fnIbV90zntz1ym9L0jPbxWPM5yT0MtYTtIYC-ZFSRwlzFsIvyjhFd6lSY2kq9IzvgAkxpxHBBwy4OAEGSrfZYk3HVc1vgAiZCtGAUnjmBERpQl4q4DbMUBwTjnIcJQIlgOSJoIloqxLBfjk3Zev3359dkqP_noP7eXHCoSwiZpqQ4dIbSDlaDp2Wkfty3Z1UHzh2FY7O-uBhrW31wcE1t4eJno0Wln_Y28He3u4t60_JCidtAN327HcYDdwmfKpIH0shEJkvCXLm82m9u-7HGQy3shUtqEx6c9mTtd5mVEvp14WhzQ3RSXk2CO5F1ETVtYRNVGjqRqaotW1Cs9NBBDQsKbpim8An_oUqAgiYPgGBbShY2wYRlOtK5XIxBmv4Jz5JrzZdtcQ2v2r3zndsXM&v=c1&r=https%3A%2F%2Fwww.amazon.com%2Fgp%2Faw%2Fd%2FB09TJXXDHD%2F%3Fie%3DUTF8%26pd_rd_plhdr%3Dt%26hsa_cr_id%3D0%26qid%3D1784952535%26sr%3D1-1-5a5562f9-fdfd-4101-9f9d-d76aa9998432%26i%3Daps%26aref%3D0uxHq00BJW%26ref_%3Dsbx__sbtcd2_asin_0_bkgd%26pd_rd_w%3DYfy0G%26content-id%3Damzn1.sym.90f77631-9599-4fe0-95f8-a40adfe1c762%253Aamzn1.sym.90f77631-9599-4fe0-95f8-a40adfe1c762%26pf_rd_p%3D90f77631-9599-4fe0-95f8-a40adfe1c762%26pf_rd_r%3DXD4SYD4JWH2P7M1X5KCP%26pd_rd_wg%3DrAHSV%26pd_rd_r%3Dbbeddaaf-fc01-4d8b-890e-9080955b387b,"https://m.media-amazon.com/images/I/71CIVcXsl4L._AC_SR322,134_CB1169409_QL70_.jpg",88,排名靠前；价格处于人民币等值¥57.60-¥180.00黄金区间；标题包含 cloud、soft，符合美国女鞋舒适化趋势；cloud + slides组合趋势加分；评分达到4.3以上。
2026-07-25,amazon_us,product,new_releases,New Releases Women Sandals,5,Project Cloud Platform Sandals Women Memory Foam Flip Flops (ELEVATION) | Durable and Lightweight Non-Slip Sole Summer Thong Sandals - Platform Flip Flops for Women Everyday Comfort Daily.,,4.4,$39.90,,,,,,https://www.amazon.com/Project-Cloud-Platform-Sandals-Women/dp/B0GTZM2X7L/ref=zg_bsnr_g_679425011_d_sccl_5/131-0015466-5867276?psc=1,"https://images-na.ssl-images-amazon.com/images/I/61E9Kh8oh9L._AC_UL600_SR600,400_.jpg",82,排名靠前；标题包含 cloud、platform、comfort、summer，符合美国女鞋舒适化趋势；platform + comfort组合趋势加分；评分达到4.3以上。
2026-07-25,amazon_us,product,search,platform sandals women,21,"UBFEN Womens Platform Sandals Chunky Wedge Heel Comfortable Arch Support | Lightweight Block Heel, Adjustable Straps, Soft Cushioned Footbed for Dressy, Casual, and Summer Wear UBFEN Womens Platform Sandals Chunky Wedge Heel Comfortable Arch Support | Lightweight Block Heel, Adj…",¥244.73,4.5,4.5,,,,,,https://sponsored-ads.amazon.com/clk?p=eAFVT8uK01AApQ7qEMcHXcxA3VXoonKT3DSPphIkt0k7tU4f6VSGbsLtvTdpnDTJ5GaaMov-gCIuBMHP8RcE8SfcuhbsiHhWB86LI5DDHz8_frtXfWifv5k4w8HwQnZcr16BzeOAJdHWh0Zff77tba6N4fzV5HrTOZ7MpiXYimN1m5dLRNJJ-_VGm3oPYEtst0SoQ1Fe3Jmh5aHtnp-63mBWPRHuU8YvizSrHs1Hntsd90eDhevU3leEZ7eKzxnOycrPWE7SGBfMj5I4Spi_LIKqgNf4Jk1Ekq5rT_kSkBhzHhGwz4C9E2Swfpcl_nzW1PgSFCu2ZhSQNI4ZKaI0ARsF3I4BgnPKQYajpGA5IGlSsKSo60JFfvL9y4df7746tUd_vfv2-mNFlmUTQg0aqg4NqBzMZ07noDvpNofVFw6yu1lvAAx7h672CO0dmiZ65JX2_9ihcIemO2T_IWHtqBu6277thjdDlymfK8KnyqooMt6RpLIsxX_fpTCTcClRCcn9_mkPXaCzlxn1c-pn8YrmVtFYceyT3I-oJTeuImpBo62amqK19AbPLQg0oGFN05XABAENKFChDIEZmBRQQ8fYNM222lIakYUz3sA5C6w2eru4DEZj7-w3fpiwpg&v=c1&r=https%3A%2F%2Fwww.amazon.com%2Fgp%2Faw%2Fd%2FB0GGHFBXBM%2F%3Fie%3DUTF8%26pd_rd_plhdr%3Dt%26hsa_cr_id%3D0%26qid%3D1784952536%26sr%3D1-5-5a5562f9-fdfd-4101-9f9d-d76aa9998432%26i%3Daps%26aref%3D8BjZkfNORM%26ref_%3Dsbx__sbtcd2_asin_4_bkgd%26pd_rd_w%3DU3rF4%26content-id%3Damzn1.sym.90f77631-9599-4fe0-95f8-a40adfe1c762%253Aamzn1.sym.90f77631-9599-4fe0-95f8-a40adfe1c762%26pf_rd_p%3D90f77631-9599-4fe0-95f8-a40adfe1c762%26pf_rd_r%3D8EV24XJK52H5P0BHSE0H%26pd_rd_wg%3DhGet8%26pd_rd_r%3D5a76dda6-a6c5-470e-b7f9-8c046dede263,"https://m.media-amazon.com/images/I/61RMRFrQxLL._AC_SR322,134_CB1169409_QL70_.jpg",82,排名进入前30；价格处于人民币等值¥180.00-¥288.00区间；标题包含 platform、comfort、arch support、soft、summer、wedge，符合美国女鞋舒适化趋势；platform + comfort组合趋势加分；评分达到4.3以上。
2026-07-25,amazon_us,product,best_sellers,Best Sellers Women Sandals,29,OOFOS OOriginal Recovery Sandal - Women’s and Men’s,¥431.64,4.6,"26,038",,,,,,https://www.amazon.com/OOFOS-Unisex-Original-Thong-Black/dp/B007VDJSTI/ref=zg_bs_g_679425011_d_sccl_29/135-0908118-7500743?psc=1,"https://images-na.ssl-images-amazon.com/images/I/51qiZpHX64L._AC_UL600_SR600,400_.jpg",81,排名进入前30；评论数高；价格高于人民币等值¥288.00；标题包含 recovery，符合美国女鞋舒适化趋势；评分达到4.6以上。
2026-07-25,amazon_us,product,search,platform sandals women,30,Women's Suede Platform Wedge Heel Slide Sandals Y2K Round Open Toe One Strap Slip-On Heeled Sandals Stylish Comfortable Daily Casual Summer Slippers,¥237.53,4.2,"Price, product page $32.99 $ 32 . 99",,,,,,https://www.amazon.com/NBZKBNG-Platform-Sandals-Comfortable-Slippers/dp/B0FXRQXXLG/ref=sr_1_14?dib=eyJ2IjoiMSJ9.b40a7B90wYxMAM79Sxswy67Ut4mlF1lCo_WdI1gA3ajgwlB168OjrSZwEURkJDtTcpLE6xEiP1Qkski2dfwsrEnaeEk_MGlPPhP-e1PGjqHnzeLdPBKSb65ZP_KRth-2nBkfkZhprGYD9gyHDFAqnlga9Vj7yLZ4LYpfjK4yGMzRmhbL9SoEp-LPywu27-OQZMFR-aL3EIpyULmzvTBjTb2HoQmr84O9hp1iLbgFbdlAcKi_jJ-GYaa34PcuacMozcog2D-XscQlM-b5cQ1Zp6I89oqGGLjaIcro_JkQoVo.56hKNwz2ig2j-PONG-ooRTUgvvEgAudbb3XUg9O81-U&dib_tag=se&keywords=platform+sandals+women&qid=1784952536&sr=8-14,https://m.media-amazon.com/images/I/61psKHoQPtL._AC_UL320_.jpg,79,排名进入前30；价格处于人民币等值¥180.00-¥288.00区间；标题包含 platform、comfort、summer、wedge，符合美国女鞋舒适化趋势；platform + comfort组合趋势加分；评分达到4.0以上。
2026-07-25,amazon_us,product,best_sellers,Best Sellers Women Sandals,18,shevalues Orthopedic Sandals for Women Arch Support Recovery Flip Flops Pillow Soft Summer Beach Shoes,,4.3,$16.18,,,,,,https://www.amazon.com/Orthotic-Pillow-Recovery-Sandals-Support/dp/B09LC836QG/ref=zg_bs_g_679425011_d_sccl_18/135-0908118-7500743?psc=1,"https://images-na.ssl-images-amazon.com/images/I/61o9ArJVVsL._AC_UL600_SR600,400_.jpg",77,排名进入前30；标题包含 recovery、orthopedic、arch support、soft、beach、summer，符合美国女鞋舒适化趋势；orthopedic + arch support组合趋势加分；评分达到4.3以上。
2026-07-25,amazon_us,product,search,platform sandals women,24,UBFEN Womens Platform Sandals With Arch Support Comfy Walking Wedge Crisscross Band Summer Casual UBFEN Womens Platform Sandals With Arch Support Comfy Walking Wedge Crisscross Band Summer Ca…,¥143.64,4.5,4.5,,,,,,https://sponsored-ads.amazon.com/clk?p=eAFVT8uK01AApQ7qkBkfdDFCZ1ehi8pNctPmVQmS13RqnT6SqSPdhNt7b9I4aZJJ7jRlFv0BRVwIgp_jLwjiT7h1LdgR8awOnBeHw_s_fn78dq_-wDx_PXGGg-Eb0XG9Zg22j0KaxpsAqn3l2eZkfa0OZy8n1-ve0cSfVmDDj7ubolpYOJtor9by1DuAHV7r8FCBvDi_41uLfdM9P3W9gV9_wt0ntLxkWV4_nI081x73R4O56zTe17int0pQUlTgZZDTAmcJYjSI0yROabBgYZ1DK3STpTzOVo3jcgFwgsoyxmCXATsnyGHzLk2Dmd-WywVgS7qiBOAsSShmcZaCtQRuxwBGBSlBjuKU0QLgLGU0ZU2Fq4mPv3_58OvdV6fx8K931958JImiqEMoQ7WrQBVKezPf6e3ZE7s9rD93LNPOTwZANbfW1Q6RubWmqRJ7lfk_tla0taZby_xDosahHbmbvulGN0OXSp9r3KfakrG87AlCVVX8v-9ClAuoEohgif3TCyif2f6LnAQFCfJkSQqDtZYlCnARxMQQW1cxMaCqdXVZkjtKqywMCDQgI1lWpFAHIQkJ6EIRAj3UCSCqgpCu61q3I7ViA-VlCxU0NDTr7fwyHI29s991xbCT&v=c1&r=https%3A%2F%2Fwww.amazon.com%2Fgp%2Faw%2Fd%2FB0GHW15MCS%2F%3Fie%3DUTF8%26pd_rd_plhdr%3Dt%26hsa_cr_id%3D0%26qid%3D1784952536%26sr%3D1-8-5a5562f9-fdfd-4101-9f9d-d76aa9998432%26i%3Daps%26aref%3D8BjZkfNORM%26ref_%3Dsbx__sbtcd2_asin_7_bkgd%26pd_rd_w%3DU3rF4%26content-id%3Damzn1.sym.90f77631-9599-4fe0-95f8-a40adfe1c762%253Aamzn1.sym.90f77631-9599-4fe0-95f8-a40adfe1c762%26pf_rd_p%3D90f77631-9599-4fe0-95f8-a40adfe1c762%26pf_rd_r%3D8EV24XJK52H5P0BHSE0H%26pd_rd_wg%3DhGet8%26pd_rd_r%3D5a76dda6-a6c5-470e-b7f9-8c046dede263,"https://m.media-amazon.com/images/I/61cow9BW-yL._AC_SR322,134_CB1169409_QL70_.jpg",77,排名进入前30；价格处于人民币等值¥57.60-¥180.00黄金区间；标题包含 platform、arch support、summer、wedge，符合美国女鞋舒适化趋势；评分达到4.3以上。
2026-07-25,amazon_us,product,best_sellers,Best Sellers Women Sandals,4,Project Cloud 100% Genuine Leather Womens Sandals Slides for Women (Venita) | Cork Footbed Sandals for Women with Memory Foam and Arch Support Vacation Essentials Slides for Women Footwear Flat Sandals,,4.4,$24.90,,,,,,https://www.amazon.com/Project-Cloud-Comfortable-Essentials-Vacation/dp/B0CNYDBPDD/ref=zg_bs_g_679425011_d_sccl_4/135-0908118-7500743?psc=1,"https://images-na.ssl-images-amazon.com/images/I/71Zk8CZeYSL._AC_UL600_SR600,400_.jpg",76,排名靠前；标题包含 cloud、arch support，符合美国女鞋舒适化趋势；cloud + slides组合趋势加分；评分达到4.3以上。
2026-07-25,amazon_us,product,best_sellers,Best Sellers Women Sandals,6,"Joomra Pillow Slippers for Women and Men Thick Sole Ultra Cushion Slides | Cloud-Like Sole, Quick Drying Shower Shoes, Soft Open Toe Indoor Outdoor Sandals",,4.3,$20.34,,,,,,https://www.amazon.com/Joomra-Slippers-Massage-Bathroom-Platform/dp/B09652VJP1/ref=zg_bs_g_679425011_d_sccl_6/135-0908118-7500743?psc=1,"https://images-na.ssl-images-amazon.com/images/I/71pkhgTTRXL._AC_UL600_SR600,400_.jpg",73,排名靠前；标题包含 cloud、soft，符合美国女鞋舒适化趋势；cloud + slides组合趋势加分；评分达到4.3以上。
2026-07-25,amazon_us,product,best_sellers,Best Sellers Women Sandals,25,"Goosecret Women's Comfortable Arch Support Walking Platform Sandals | Lightweight Chunky Slip-On Foam Slides with Adjustable Buckle, Sandals for Beach and Daily Wear",,4.3,$18.04,,,,,,https://www.amazon.com/Goosecret-Platform-Lightweight-Comfortable-Adjustable/dp/B0CZ75N4PP/ref=zg_bs_g_679425011_d_sccl_25/135-0908118-7500743?psc=1,"https://images-na.ssl-images-amazon.com/images/I/61l3YNTRtgL._AC_UL600_SR600,400_.jpg",72,排名进入前30；标题包含 platform、comfort、arch support、beach，符合美国女鞋舒适化趋势；platform + comfort组合趋势加分；评分达到4.3以上。
2026-07-25,amazon_us,product,best_sellers,Best Sellers Women Sandals,27,Project Cloud Platform Sandals Women – Strappy Wedges with Comfortable Plush & Soft Insole – Lightweight & Non Slip Platform Sandals for Women 2026,,4.3,$49.90,,,,,,https://www.amazon.com/Project-Cloud-Platform-Sandals-Footwear/dp/B0DR3N7LYW/ref=zg_bs_g_679425011_d_sccl_27/135-0908118-7500743?psc=1,"https://images-na.ssl-images-amazon.com/images/I/71lJvDGljyL._AC_UL600_SR600,400_.jpg",72,排名进入前30；标题包含 cloud、platform、comfort、soft、wedge，符合美国女鞋舒适化趋势；platform + comfort组合趋势加分；评分达到4.3以上。
2026-07-25,amazon_us,product,search,platform sandals women,31,"Women's Platform Clogs Sandals Cork Footbed with Comfort Double Buckles, Summer Platform Slides Mules, Summer Beach Comfort Wide Widths Availab",¥183.53,4.4,200+ bought in past month,,,,,,https://www.amazon.com/BiuYorBTY-Platform-Sandals-Footbed-Comfort/dp/B0DZ1NT6L9/ref=sr_1_15?dib=eyJ2IjoiMSJ9.b40a7B90wYxMAM79Sxswy67Ut4mlF1lCo_WdI1gA3ajgwlB168OjrSZwEURkJDtTcpLE6xEiP1Qkski2dfwsrEnaeEk_MGlPPhP-e1PGjqHnzeLdPBKSb65ZP_KRth-2nBkfkZhprGYD9gyHDFAqnlga9Vj7yLZ4LYpfjK4yGMzRmhbL9SoEp-LPywu27-OQZMFR-aL3EIpyULmzvTBjTb2HoQmr84O9hp1iLbgFbdlAcKi_jJ-GYaa34PcuacMozcog2D-XscQlM-b5cQ1Zp6I89oqGGLjaIcro_JkQoVo.56hKNwz2ig2j-PONG-ooRTUgvvEgAudbb3XUg9O81-U&dib_tag=se&keywords=platform+sandals+women&qid=1784952536&sr=8-15,https://m.media-amazon.com/images/I/716g0SFJuTL._AC_UL320_.jpg,72,排名进入前50；评论数达到50以上；价格处于人民币等值¥180.00-¥288.00区间；标题包含 platform、comfort、beach、summer，符合美国女鞋舒适化趋势；platform + comfort组合趋势加分；评分达到4.3以上。
2026-07-25,amazon_us,product,search,platform sandals women,22,UBFEN Womens Chunky Wedge Platform Sandals Adjustable Double-Strap Square | Toed Open-Toe Style Suitable for Outdoor Casual Wear UBFEN Womens Chunky Wedge Platform Sandals Adjustable Double-Strap Square | Toed Open-Toe Sty…,¥107.93,4.6,4.6,,,,,,https://sponsored-ads.amazon.com/clk?p=eAFVT8uK01AApQ7qEMcHXYxQdxW6qNwkN21elSBJk6k12kc6lbGbcHvvTRonTTK5d5oyi_6AIi4Ewc_xFwTxJ9y6FuyIeFYHzosj4MMfPz9-u1W_a5--nrj-0D-TXS9o1mD7OKJZsg2hPtCebE82l7o_fzG53PSOJ7NpBbbiuLstq6WD84nxcqNOgzuwIxodEWpQlBc3Zs7y0PZOn3vBcFZ_KNwmlJ3zvKgfzUeB1x8PRsOF5zbe14TH10rIKCrxKixoifMUcRomWZpkNFzyqC6gNbrKMxHn68YjtgQ4RYwlGOwzYO8EBWzepFk4n7VVtgR8RdeUAJynKcU8yTOwUcD1GMCoJAwUKMk4LQHOM04z3tSEmvzg-5cPv959dRv3_nr37c37iizLJoQq1Lsa1KFyMJ-5vYP-pN_2609dx-4XJ0Og2zvnYo_Y3jnTTEuCyv4fOyfeOdOdY_8hceOoH3vbge3FV75Hlc814VNtxXnBepJUVZX477sUFxKqJCI58sB9oxiDM_9ZQcKShEW6IqXFWyuGQlyGCbHk1kVCLKgbXVNV1I7WYqUFgQZUpKqaEpkgIhEBXShDYEYmAUTXEDJN0-h2lFZioYK1UEkjy3DeLs6j0Th49Rt5IbCa&v=c1&r=https%3A%2F%2Fwww.amazon.com%2Fgp%2Faw%2Fd%2FB0GDY28GXK%2F%3Fie%3DUTF8%26pd_rd_plhdr%3Dt%26hsa_cr_id%3D0%26qid%3D1784952536%26sr%3D1-6-5a5562f9-fdfd-4101-9f9d-d76aa9998432%26i%3Daps%26aref%3D8BjZkfNORM%26ref_%3Dsbx__sbtcd2_asin_5_bkgd%26pd_rd_w%3DU3rF4%26content-id%3Damzn1.sym.90f77631-9599-4fe0-95f8-a40adfe1c762%253Aamzn1.sym.90f77631-9599-4fe0-95f8-a40adfe1c762%26pf_rd_p%3D90f77631-9599-4fe0-95f8-a40adfe1c762%26pf_rd_r%3D8EV24XJK52H5P0BHSE0H%26pd_rd_wg%3DhGet8%26pd_rd_r%3D5a76dda6-a6c5-470e-b7f9-8c046dede263,"https://m.media-amazon.com/images/I/61M8szgUVaL._AC_SR322,134_CB1169409_QL70_.jpg",71,排名进入前30；价格处于人民币等值¥57.60-¥180.00黄金区间；标题包含 platform、wedge，符合美国女鞋舒适化趋势；评分达到4.6以上。
2026-07-25,amazon_us,product,best_sellers,Best Sellers Women Sandals,1,KuaiLu Flip Flops for Women with Arch Support Summer Beach Thong Sandals | Comfortable Yoga Mat Walking Shoes Cushion Slip On Casual Outfits Indoor Outdoor,,4.3,$13.29,,,,,,https://www.amazon.com/KuaiLu-Support-Comfortable-Walking-Sandals/dp/B0C5ZRQS2X/ref=zg_bs_g_679425011_d_sccl_1/135-0908118-7500743?psc=1,"https://images-na.ssl-images-amazon.com/images/I/710PdcSAm6L._AC_UL600_SR600,400_.jpg",70,排名靠前；标题包含 comfort、arch support、beach、summer，符合美国女鞋舒适化趋势；评分达到4.3以上。
2026-07-25,amazon_us,product,search,women summer slippers,7,GOEWY,¥93.53,4.9,GOEWY,,,,,,https://www.amazon.com/GOEWY-Slippers-Breathable-Birthday-Checkered/dp/B0GVYMZHKG/ref=sr_1_6?dib=eyJ2IjoiMSJ9.KrYGXQ5FFfDAMuU-o313tXOUrpbalsfVZtI2J9j5lwTSaT8UZxxT6-ni8hxgXSbms2a-iRAMvnEn0iSH_RSzG5c-VQPyBG98qbNVecwQhYhioEKf4N58nPfgZ7w57mKUPT_uXgnwYBmLiFGtyLFff_Kp318JU12i6Xhypeebo0RoGoCFt4KIFoa1IzZ7qhbMmtcniz2GvqW6xJgX4v7-FrRjLzQZDen_z7rvrKuVg_wLIa9pGZqz7iaRLu5e1fcGmRR5DGM6_DxRldKlRUo7MbuINf2jVhPMNQMFumQbGeA.6PONBvTR1H9dzEfN1z6vRMQoixtNmeE2H5g2U9mqSH0&dib_tag=se&keywords=women+summer+slippers&qid=1784952535&sr=8-6,https://m.media-amazon.com/images/I/81wxouP5EZL._AC_UL320_.jpg,70,排名靠前；价格处于人民币等值¥57.60-¥180.00黄金区间；评分达到4.6以上。
2026-07-25,amazon_us,product,search,women summer slippers,9,GOEWY,¥71.93,4.6,GOEWY,,,,,,https://www.amazon.com/GOEWY-Slippers-Outdoor-Slipper-Bridesmaid/dp/B0DT12FRRT/ref=sr_1_8?dib=eyJ2IjoiMSJ9.KrYGXQ5FFfDAMuU-o313tXOUrpbalsfVZtI2J9j5lwTSaT8UZxxT6-ni8hxgXSbms2a-iRAMvnEn0iSH_RSzG5c-VQPyBG98qbNVecwQhYhioEKf4N58nPfgZ7w57mKUPT_uXgnwYBmLiFGtyLFff_Kp318JU12i6Xhypeebo0RoGoCFt4KIFoa1IzZ7qhbMmtcniz2GvqW6xJgX4v7-FrRjLzQZDen_z7rvrKuVg_wLIa9pGZqz7iaRLu5e1fcGmRR5DGM6_DxRldKlRUo7MbuINf2jVhPMNQMFumQbGeA.6PONBvTR1H9dzEfN1z6vRMQoixtNmeE2H5g2U9mqSH0&dib_tag=se&keywords=women+summer+slippers&qid=1784952535&sr=8-8,https://m.media-amazon.com/images/I/612fmVMoiKL._AC_UL320_.jpg,70,排名靠前；价格处于人民币等值¥57.60-¥180.00黄金区间；评分达到4.6以上。
2026-07-25,amazon_us,product,best_sellers,Best Sellers Women Sandals,3,Project Cloud Flip Flops for Women Memory Foam Flats Sandals (Foundations) | Lightweight; Memory Foam Insole; Durable Non-Slip Sole; Beach Essentials; Womens Flat Sandals for Everyday Comfort Daily Wear,,4.3,$28.90,,,,,,https://www.amazon.com/Project-Cloud-Flip-flops-Women/dp/B0D2F5845T/ref=zg_bs_g_679425011_d_sccl_3/135-0908118-7500743?psc=1,"https://images-na.ssl-images-amazon.com/images/I/71C3a048GxL._AC_UL600_SR600,400_.jpg",69,排名靠前；标题包含 cloud、comfort、beach，符合美国女鞋舒适化趋势；评分达到4.3以上。
2026-07-25,amazon_us,product,best_sellers,Best Sellers Women Sandals,24,Project Cloud 100% Genuine Leather Womens Sandals Slides (Lian) | Sandals Women Memory Foam Insole Cork Footbed Non Slip Sandals for Women Lightweight Beach Vacation Summer Essentials Comfort,,4.2,$24.90,,,,,,https://www.amazon.com/Project-Cloud-Genuine-Leather-Sandals/dp/B0FW71GCZ2/ref=zg_bs_g_679425011_d_sccl_24/135-0908118-7500743?psc=1,"https://images-na.ssl-images-amazon.com/images/I/81ljCfCOosL._AC_UL600_SR600,400_.jpg",69,排名进入前30；标题包含 cloud、comfort、beach、summer，符合美国女鞋舒适化趋势；cloud + slides组合趋势加分；评分达到4.0以上。
2026-07-25,amazon_us,product,new_releases,New Releases Women Sandals,27,"QIY Flip Flops for Women Square Toe Platform Sandals Slides | Memory Foam Insole - Lightweight and Comfortable, Women Footwear Summer Thong Sandals for Women 2026",,4.3,$29.99,,,,,,https://www.amazon.com/QIY-Square-Platform-Sandals-Slides/dp/B0H13WXYH2/ref=zg_bsnr_g_679425011_d_sccl_27/131-0015466-5867276?psc=1,"https://images-na.ssl-images-amazon.com/images/I/61c-vvOzT2L._AC_UL600_SR600,400_.jpg",69,排名进入前30；标题包含 platform、comfort、summer，符合美国女鞋舒适化趋势；platform + comfort组合趋势加分；评分达到4.3以上。
2026-07-25,amazon_us,product,best_sellers,Best Sellers Women Sandals,2,mazeskin Womens Memory Foam Flip Flops Flat Thong Sandals | Soft Vegan Leather Comfortable Cushioned Casual Dressy Beach Summer Minimalist Slim Slide Shoes Indoor Outdoor,,4.3,$9.48,,,,,,https://www.amazon.com/mazeskin-Womens-Comfortable-Sandals-Leather/dp/B0F32KMZ18/ref=zg_bs_g_679425011_d_sccl_2/135-0908118-7500743?psc=1,"https://images-na.ssl-images-amazon.com/images/I/71jV8GHPNSL._AC_UL600_SR600,400_.jpg",67,排名靠前；标题包含 comfort、soft、beach、summer，符合美国女鞋舒适化趋势；评分达到4.3以上。
2026-07-25,amazon_us,product,best_sellers,Best Sellers Women Sandals,7,"ODOLY Unisex Comfortable Cork Footbed Slide Sandals with Arch Support | Adjustable Buckle, Lightweight Summer Sandals for Travel and Everyday Wear",,4.5,$17.99,,,,,,https://www.amazon.com/ODOLY-Footbed-Comfortable-Sandals-Adjustable/dp/B0CSMN1X4W/ref=zg_bs_g_679425011_d_sccl_7/135-0908118-7500743?psc=1,"https://images-na.ssl-images-amazon.com/images/I/61iYsM+H9QL._AC_UL600_SR600,400_.jpg",67,排名靠前；标题包含 comfort、arch support、summer，符合美国女鞋舒适化趋势；评分达到4.3以上。
2026-07-25,amazon_us,product,search,women summer slippers,2,WHITIN,¥71.93,4.3,Products highlighted as 'Overall Pick' are:,,,,,,https://www.amazon.com/WHITIN-Slippers-Cushioned-Fashionable-Lightweight/dp/B0C1C17KH8/ref=sr_1_1?dib=eyJ2IjoiMSJ9.KrYGXQ5FFfDAMuU-o313tXOUrpbalsfVZtI2J9j5lwTSaT8UZxxT6-ni8hxgXSbms2a-iRAMvnEn0iSH_RSzG5c-VQPyBG98qbNVecwQhYhioEKf4N58nPfgZ7w57mKUPT_uXgnwYBmLiFGtyLFff_Kp318JU12i6Xhypeebo0RoGoCFt4KIFoa1IzZ7qhbMmtcniz2GvqW6xJgX4v7-FrRjLzQZDen_z7rvrKuVg_wLIa9pGZqz7iaRLu5e1fcGmRR5DGM6_DxRldKlRUo7MbuINf2jVhPMNQMFumQbGeA.6PONBvTR1H9dzEfN1z6vRMQoixtNmeE2H5g2U9mqSH0&dib_tag=se&keywords=women+summer+slippers&qid=1784952535&sr=8-1,https://m.media-amazon.com/images/I/71nA8egRirL._AC_UL320_.jpg,67,排名靠前；价格处于人民币等值¥57.60-¥180.00黄金区间；评分达到4.3以上。
2026-07-25,amazon_us,product,search,women summer slippers,3,LongBay,¥114.62,4.5,LongBay,,,,,,https://www.amazon.com/LongBay-Slippers-Memory-Bedroom-Dual-Strap/dp/B0DP277YRM/ref=sr_1_2?dib=eyJ2IjoiMSJ9.KrYGXQ5FFfDAMuU-o313tXOUrpbalsfVZtI2J9j5lwTSaT8UZxxT6-ni8hxgXSbms2a-iRAMvnEn0iSH_RSzG5c-VQPyBG98qbNVecwQhYhioEKf4N58nPfgZ7w57mKUPT_uXgnwYBmLiFGtyLFff_Kp318JU12i6Xhypeebo0RoGoCFt4KIFoa1IzZ7qhbMmtcniz2GvqW6xJgX4v7-FrRjLzQZDen_z7rvrKuVg_wLIa9pGZqz7iaRLu5e1fcGmRR5DGM6_DxRldKlRUo7MbuINf2jVhPMNQMFumQbGeA.6PONBvTR1H9dzEfN1z6vRMQoixtNmeE2H5g2U9mqSH0&dib_tag=se&keywords=women+summer+slippers&qid=1784952535&sr=8-2,https://m.media-amazon.com/images/I/71BlGXBbl-L._AC_UL320_.jpg,67,排名靠前；价格处于人民币等值¥57.60-¥180.00黄金区间；评分达到4.3以上。
2026-07-25,amazon_us,product,search,women summer slippers,5,Evshine,¥79.13,4.4,Evshine,,,,,,https://www.amazon.com/Evshine-Slippers-Bedroom-Corduroy-Outdoor/dp/B0FFZ8GWMZ/ref=sr_1_4?dib=eyJ2IjoiMSJ9.KrYGXQ5FFfDAMuU-o313tXOUrpbalsfVZtI2J9j5lwTSaT8UZxxT6-ni8hxgXSbms2a-iRAMvnEn0iSH_RSzG5c-VQPyBG98qbNVecwQhYhioEKf4N58nPfgZ7w57mKUPT_uXgnwYBmLiFGtyLFff_Kp318JU12i6Xhypeebo0RoGoCFt4KIFoa1IzZ7qhbMmtcniz2GvqW6xJgX4v7-FrRjLzQZDen_z7rvrKuVg_wLIa9pGZqz7iaRLu5e1fcGmRR5DGM6_DxRldKlRUo7MbuINf2jVhPMNQMFumQbGeA.6PONBvTR1H9dzEfN1z6vRMQoixtNmeE2H5g2U9mqSH0&dib_tag=se&keywords=women+summer+slippers&qid=1784952535&sr=8-4,https://m.media-amazon.com/images/I/81L2e-mi2FL._AC_UL320_.jpg,67,排名靠前；价格处于人民币等值¥57.60-¥180.00黄金区间；评分达到4.3以上。
2026-07-25,amazon_us,product,search,women summer slippers,6,Litfun,¥136.73,4.4,Litfun,,,,,,https://www.amazon.com/Litfun-Orthopedic-Slippers-Support-Corduroy/dp/B0FH4NQLCJ/ref=sr_1_5?dib=eyJ2IjoiMSJ9.KrYGXQ5FFfDAMuU-o313tXOUrpbalsfVZtI2J9j5lwTSaT8UZxxT6-ni8hxgXSbms2a-iRAMvnEn0iSH_RSzG5c-VQPyBG98qbNVecwQhYhioEKf4N58nPfgZ7w57mKUPT_uXgnwYBmLiFGtyLFff_Kp318JU12i6Xhypeebo0RoGoCFt4KIFoa1IzZ7qhbMmtcniz2GvqW6xJgX4v7-FrRjLzQZDen_z7rvrKuVg_wLIa9pGZqz7iaRLu5e1fcGmRR5DGM6_DxRldKlRUo7MbuINf2jVhPMNQMFumQbGeA.6PONBvTR1H9dzEfN1z6vRMQoixtNmeE2H5g2U9mqSH0&dib_tag=se&keywords=women+summer+slippers&qid=1784952535&sr=8-5,https://m.media-amazon.com/images/I/713-nTTXUXL._AC_UL320_.jpg,67,排名靠前；价格处于人民币等值¥57.60-¥180.00黄金区间；评分达到4.3以上。
2026-07-25,amazon_us,product,search,women summer slippers,8,shevalues,¥95.47,4.3,shevalues,,,,,,https://www.amazon.com/Shevalues-Womens-Indoor-Slippers-Cotton/dp/B074HBC1BR/ref=sr_1_7?dib=eyJ2IjoiMSJ9.KrYGXQ5FFfDAMuU-o313tXOUrpbalsfVZtI2J9j5lwTSaT8UZxxT6-ni8hxgXSbms2a-iRAMvnEn0iSH_RSzG5c-VQPyBG98qbNVecwQhYhioEKf4N58nPfgZ7w57mKUPT_uXgnwYBmLiFGtyLFff_Kp318JU12i6Xhypeebo0RoGoCFt4KIFoa1IzZ7qhbMmtcniz2GvqW6xJgX4v7-FrRjLzQZDen_z7rvrKuVg_wLIa9pGZqz7iaRLu5e1fcGmRR5DGM6_DxRldKlRUo7MbuINf2jVhPMNQMFumQbGeA.6PONBvTR1H9dzEfN1z6vRMQoixtNmeE2H5g2U9mqSH0&dib_tag=se&keywords=women+summer+slippers&qid=1784952535&sr=8-7,https://m.media-amazon.com/images/I/71JYzlHXkPL._AC_UL320_.jpg,67,排名靠前；价格处于人民币等值¥57.60-¥180.00黄金区间；评分达到4.3以上。
2026-07-25,amazon_us,product,search,women slides,2,adidas,¥151.13,4.4,Products highlighted as 'Overall Pick' are:,,,,,,https://www.amazon.com/adidas-Unisex-Adilette-Shower-Sandal/dp/B091ZGQF6G/ref=sr_1_1?dib=eyJ2IjoiMSJ9.RrPumS3Ni8XWS9mPWZVEoPInrt2RHyBcd8_hgzLhdqKaFFjqtuo5jyZZyFPRxf5T-DFqTE4rsRPQIkTtCm4-jcmm2kzhiJlO5N11Jl9rTTZ5PYErAiynLKAXMD9vHPHk4UhzViZoBfifwwk07cObYbvZlVmeXuO9rBRseBJnUjkn7QhRy4icrN2-Tm35aUIBnTIEEH-OLYeCqACyVZO6UIAt9khYIcuKTkQaCF8vSrAJ0Tzc66MT-PRZrq0cSYohcNqi3f1mSIEEFcw1ICwR8texRnainHSuvwPePaJSReg.EVmjLPLI-qeuRR7Z3o4_YfguLDc7uiLxtJZXHUqyq88&dib_tag=se&keywords=women+slides&qid=1784952536&sr=8-1,https://m.media-amazon.com/images/I/61CCABduhML._AC_UL320_.jpg,67,排名靠前；价格处于人民币等值¥57.60-¥180.00黄金区间；评分达到4.3以上。
2026-07-25,amazon_us,product,search,women slides,6,Joomra,¥146.52,4.3,Joomra,,,,,,https://www.amazon.com/sspa/click?ie=UTF8&spc=MTozNjE4NTc5NzgwNTA1NjA3OjE3ODQ5NTI1MzY6c3Bfc2VhcmNoX3RoZW1hdGljOjMwMDI5NDk2NjMxODIwMjo6Mjo6&url=%2FJoomra-Slippers-Cushioned-Massage-Sandals%2Fdp%2FB0B55RZW5W%2Fref%3Dsxin_19_pa_sp_search_thematic_sspa%3Fcontent-id%3Damzn1.sym.83f5ab61-f5a2-46fe-8ca0-d4cbfcb9bc51%253Aamzn1.sym.83f5ab61-f5a2-46fe-8ca0-d4cbfcb9bc51%26cv_ct_cx%3Dwomen%2Bslides%26keywords%3Dwomen%2Bslides%26pd_rd_i%3DB0B55RZW5W%26pd_rd_r%3D2c88543e-c7d2-4b08-b2c6-7cd586364bb5%26pd_rd_w%3DqFUlj%26pd_rd_wg%3DbXUXj%26pf_rd_p%3D83f5ab61-f5a2-46fe-8ca0-d4cbfcb9bc51%26pf_rd_r%3DRJ7EV6EG1KJWFJFVFZNQ%26qid%3D1784952536%26sbo%3DRZvfv%252F%252FHxDF%252BO5021pAnSA%253D%253D%26sr%3D1-3-e169343e-09af-4d41-85b1-8335fe8f32d0-spons%26aref%3DI33O7ULj62%26sp_csd%3Dd2lkZ2V0TmFtZT1zcF9zZWFyY2hfdGhlbWF0aWM%26psc%3D1&aref=I33O7ULj62,https://m.media-amazon.com/images/I/61AbvDJ3R5L._AC_UL320_.jpg,67,排名靠前；价格处于人民币等值¥57.60-¥180.00黄金区间；评分达到4.3以上。
2026-07-25,amazon_us,product,search,platform sandals women,6,Goosecret,¥179.93,4.5,Goosecret,,,,,,https://www.amazon.com/sspa/click?ie=UTF8&spc=MTo1ODU5ODYzNTM5MTg5NTQ3OjE3ODQ5NTI1MzY6c3Bfc2VhcmNoX3RoZW1hdGljOjMwMTM0MjA5Mjk2NzcwMjo6MDo6&url=%2FGoosecret-Platform-Comfortable-Lightweight-Adjustable%2Fdp%2FB0D22VQCXX%2Fref%3Dsxin_19_pa_sp_search_thematic_sspa%3Fcontent-id%3Damzn1.sym.42790fec-54ce-481c-b1f9-c518002a1382%253Aamzn1.sym.42790fec-54ce-481c-b1f9-c518002a1382%26cv_ct_cx%3Dplatform%2Bsandals%2Bwomen%26keywords%3Dplatform%2Bsandals%2Bwomen%26pd_rd_i%3DB0D22VQCXX%26pd_rd_r%3D5a76dda6-a6c5-470e-b7f9-8c046dede263%26pd_rd_w%3DvuV5V%26pd_rd_wg%3DhGet8%26pf_rd_p%3D42790fec-54ce-481c-b1f9-c518002a1382%26pf_rd_r%3D8EV24XJK52H5P0BHSE0H%26qid%3D1784952536%26sbo%3DRZvfv%252F%252FHxDF%252BO5021pAnSA%253D%253D%26sr%3D1-1-183302c6-8dec-4386-8e58-6031e7be5ad8-spons%26aref%3DPdWRuRrBEd%26sp_csd%3Dd2lkZ2V0TmFtZT1zcF9zZWFyY2hfdGhlbWF0aWM%26psc%3D1&aref=PdWRuRrBEd,https://m.media-amazon.com/images/I/61mWJ0dPsvL._AC_UL320_.jpg,67,排名靠前；价格处于人民币等值¥57.60-¥180.00黄金区间；评分达到4.3以上。
2026-07-25,amazon_us,product,best_sellers,Best Sellers Women Sandals,14,"FUNKYMONKEY Jelly Sandals for Women with Adjustable Buckle, Comfortable Chunky Slip-on Beach Slides, Waterproof Platform Shoes for Pool Shower Casual Wear",,4.1,$17.09,,,,,,https://www.amazon.com/FUNKYMONKEY-Comfort-Adjustable-Sandals-US-Women/dp/B07CV9HRQT/ref=zg_bs_g_679425011_d_sccl_14/135-0908118-7500743?psc=1,"https://images-na.ssl-images-amazon.com/images/I/61e3d7mh76L._AC_UL600_SR600,400_.jpg",66,排名进入前30；标题包含 platform、comfort、beach，符合美国女鞋舒适化趋势；platform + comfort组合趋势加分；评分达到4.0以上。
2026-07-25,amazon_us,product,best_sellers,Best Sellers Women Sandals,20,Project Cloud 100% Genuine Leather Sandals Women Comfortable Womens Slides | Slides for Women Footwear Genuine Leather Beach Essential Lightweight with Memory Foam Insole Sandals for Women Womens Slides,,4.0,$24.90,,,,,,https://www.amazon.com/Project-Cloud-Genuine-Leather-Essentials/dp/B0CP4LB912/ref=zg_bs_g_679425011_d_sccl_20/135-0908118-7500743?psc=1,"https://images-na.ssl-images-amazon.com/images/I/7117f+dSmAL._AC_UL600_SR600,400_.jpg",66,排名进入前30；标题包含 cloud、comfort、beach，符合美国女鞋舒适化趋势；cloud + slides组合趋势加分；评分达到4.0以上。
2026-07-25,amazon_us,product,search,platform sandals women,3,Sorel Women's Sunpeak Platform Sandal Sorel Women's Sunpeak Platform Sandal,¥702.00,4.8,,,,,,,https://aax-us-east-retail-direct.amazon.com/x/c/JJSxbQ4NeXfmj0LZwIKr1s8AAAGfl3Y-9gEAAAH2AQBvbm9fdHhuX2JpZDIgICBvbm9fdHhuX2ltcDIgICBtRE8s/clv1c_ek-wBXfWLbTanevbk4pMbyu34x2SgvI4Go61RH3w3ea6TpuKoFKXiJFLetRiysXooxJ1XaPV_GdGF9ridukNkCLPXkBcLaZB-IxNcNTj2kk0iKy8VnnAjm_ApinUQThMXtRTzHhlN6bE66SPPlhn3SBboNSINmzYgvRxijCk8J7PcqmIjiCmmOF1joHalNv_VMsX7kVbL6aJGeT-h7jtuzj_TQ9uEXbU1x1bOtM18cRCL9t7uTonf2mb7vc4K1q0MHMU4agzcTh5peWR8nSKUBLHo5iQYQOaN8KG44bApjsEpbOoYvDtgPCwbFBaineSjqbU6URLgP3Woagv_gEHIxptQsGsGFqzM9YmGDFZ1Qp-lWGurcOZOfrzMknQtZFz74OdV5lCGa32Gy-se2imt0TeXm3LY8gVThf3a-bjUfGdWKTTZvWQV4sDmxQrGV3BtwJBv2OnwjHq4JJKtvFkngYGU3VFf8e7GBNcjB65cOuiWL95YmIcZim0u1GvtrWgo0VaAmWREZA7_am7Ikx0PYLSd7cPbUIMFdBl8f6DUYMqTBapVhphJlT77_mFJEj1lee_MTsi6yaeOHF9WJSbeZTdyv6Nas54yDy8S03sOc6xBO3pLrQ1ROC09ouCRM0I8aTkwx9fCh0TfuueeyYB3GDlhMKJT7II5MAFCJEKWQRy9lIQdNxFxYLo598vubWCq0JQTcsjOu8pttM58z7WzvUtPKbYpG7LT7dp5JH3M1Yky39SX3AbChOqcdhUzomukbXiWrsM1s0S7D2aUVcnsOtbxe2kMDlCBb-AP14JvohMGsCDVkdLBsCt96Z4NJ-Ox4fVfmPVYzLpa-vaC0_5LDM_l3Q5B_ib5cqskfyUaVA2zb8-jM-oJ1W5Vzv-agbVLqOqV314BCPCk474aPYWt2ovUKmWOyOVxI2x2glsEl_sHVqsC-IKIFzo-tbbCGdzsjK6GMhVWe0DIWn7Zk0CGwwo0vXrXhmCvxOjq23wZLIeYb7_1ejmelzDcTsE0jVaGqy-qYvkD8n5YsxDkzfjCm4_i6lJ-NWPjE0zZ0q2mFtgnEjM0w2qW2ZPQqyJocWmGRs1wjKa3CF4LIAVMMxkSXolhn5RH-EM767ER_KR5AGV-7TeCVcdjbmxEXEmoTiN1tSG4MF4NjiJ6n4o9bf_BV86agKOqWV7A9mqWS6JFd3U4dk0objEbFVMYAw7cj00mFLtgYv7XjjqytbzBCyRRVTuOLwkdUTZNlvZjgqDWR3sQrdOpzOBuwAE3GJgK3psHn_4U_4xkCjPHQmjF8SrGNKSqO7VdQHSK_EXIPizkk5J3OTow3BPvrHUjG2auPxKB7mFfndgNyoHcNCg0-89l6m4RL9WlPA0kgzQ1xWjpfAe1jVCGR8NEWxjUR6dfyStCP0aGBmpZMjs8zzfjDqm7zj0YHKuhzhHEXzWqjoRz3icATmNJW-B8Q2s6zjbRfx1a6kaeGUG8e_XMcoP7HtjLSisu1aeo6evG7dDKzptX1CEnILfxE0pv7n1k04BRh3p66hKCAG6ATyJ3m7tyZDbOPrQhbTrObnVTZatKJud7D7UmAXPtzM9tTubydRfJW4o8txxwZAqYmEvcCI8wLGRxQ75rd_Up4YxQw_WvYVVjz6EKvEk-xXOdchVrYx2wAhefa8Uhga6FYZOY6wQtv_VZleNc4vd7osA8A/https://www.amazon.com/gp/aw/d/B0F8DF6JD8/?_encoding=UTF8&pd_rd_plhdr=t&aaxitk=b8fdff5d0a92fb43ad129171fd02a1a5&hsa_cr_id=0&qid=1784952536&sr=1-3-9e67e56a-6f64-441f-a281-df67fc737124&i=aps&aref=rDDkVfxPg8&ref_=sbx__sbtcd_asin_2_bkgd&pd_rd_w=tECjV&content-id=amzn1.sym.2fb72bc8-96ef-420d-b08f-c04b69f36507%3Aamzn1.sym.2fb72bc8-96ef-420d-b08f-c04b69f36507&pf_rd_p=2fb72bc8-96ef-420d-b08f-c04b69f36507&pf_rd_r=8EV24XJK52H5P0BHSE0H&pd_rd_wg=h9hef&pd_rd_r=6a4dd3c0-182e-480c-818b-cce6f6592176,"https://m.media-amazon.com/images/I/61jQ5aKvWfL._AC_SR160,134_CB1169409_QL70_.jpg",66,排名靠前；价格高于人民币等值¥288.00；标题包含 platform，符合美国女鞋舒适化趋势；评分达到4.6以上。
2026-07-25,amazon_us,product,new_releases,New Releases Women Sandals,22,"MellowSoft Cloud Slides for Women & Men – Ultra Soft CloudFoam Cushioning Slides, Thick Shock-Absorbing Sole, Lightweight Anti-Slip Recovery Sandals for Indoor & Outdoor Comfort",,3.8,$39.00,,,,,,https://www.amazon.com/MellowSoft-Cloud-Slides-Women-Shock-Absorbing/dp/B0H52VV17P/ref=zg_bsnr_g_679425011_d_sccl_22/131-0015466-5867276?psc=1,"https://images-na.ssl-images-amazon.com/images/I/51KGd55hl5L._AC_UL600_SR600,400_.jpg",65,排名进入前30；标题包含 cloud、recovery、comfort、soft，符合美国女鞋舒适化趋势；cloud + slides组合趋势加分。
2026-07-25,amazon_us,product,search,women slides,5,Nike,¥199.80,4.6,Nike,,,,,,https://www.amazon.com/sspa/click?ie=UTF8&spc=MTozNjE4NTc5NzgwNTA1NjA3OjE3ODQ5NTI1MzY6c3Bfc2VhcmNoX3RoZW1hdGljOjMwMTEzOTY2Nzk3MDUwMjo6MTo6&url=%2FNIKE-Womens-Gymnastics-White-Black%2Fdp%2FB08Q8RGR3K%2Fref%3Dsxin_19_pa_sp_search_thematic_sspa%3Fcontent-id%3Damzn1.sym.83f5ab61-f5a2-46fe-8ca0-d4cbfcb9bc51%253Aamzn1.sym.83f5ab61-f5a2-46fe-8ca0-d4cbfcb9bc51%26cv_ct_cx%3Dwomen%2Bslides%26keywords%3Dwomen%2Bslides%26pd_rd_i%3DB08Q8RGR3K%26pd_rd_r%3D2c88543e-c7d2-4b08-b2c6-7cd586364bb5%26pd_rd_w%3DqFUlj%26pd_rd_wg%3DbXUXj%26pf_rd_p%3D83f5ab61-f5a2-46fe-8ca0-d4cbfcb9bc51%26pf_rd_r%3DRJ7EV6EG1KJWFJFVFZNQ%26qid%3D1784952536%26sbo%3DRZvfv%252F%252FHxDF%252BO5021pAnSA%253D%253D%26sr%3D1-2-e169343e-09af-4d41-85b1-8335fe8f32d0-spons%26aref%3DkiBtpOoeyz%26sp_csd%3Dd2lkZ2V0TmFtZT1zcF9zZWFyY2hfdGhlbWF0aWM%26psc%3D1&aref=kiBtpOoeyz,https://m.media-amazon.com/images/I/5190AloUtsL._AC_UL320_.jpg,65,排名靠前；价格处于人民币等值¥180.00-¥288.00区间；评分达到4.6以上。
2026-07-25,amazon_us,product,search,platform sandals women,9,UBFEN,¥287.93,4.7,UBFEN,,,,,,https://www.amazon.com/sspa/click?ie=UTF8&spc=MTo1ODU5ODYzNTM5MTg5NTQ3OjE3ODQ5NTI1MzY6c3Bfc2VhcmNoX3RoZW1hdGljOjMwMTI2MDU2MTQxNjQwMjo6Mzo6&url=%2FUBFEN-Espadrille-Platform-Sandals-Orthopedic%2Fdp%2FB0GJS89MTL%2Fref%3Dsxin_19_pa_sp_search_thematic_sspa%3Fcontent-id%3Damzn1.sym.42790fec-54ce-481c-b1f9-c518002a1382%253Aamzn1.sym.42790fec-54ce-481c-b1f9-c518002a1382%26cv_ct_cx%3Dplatform%2Bsandals%2Bwomen%26keywords%3Dplatform%2Bsandals%2Bwomen%26pd_rd_i%3DB0GJS89MTL%26pd_rd_r%3D5a76dda6-a6c5-470e-b7f9-8c046dede263%26pd_rd_w%3DvuV5V%26pd_rd_wg%3DhGet8%26pf_rd_p%3D42790fec-54ce-481c-b1f9-c518002a1382%26pf_rd_r%3D8EV24XJK52H5P0BHSE0H%26qid%3D1784952536%26sbo%3D9ZOMT9Jm0JH%252Ft%252BWi68iDSA%253D%253D%26sr%3D1-4-183302c6-8dec-4386-8e58-6031e7be5ad8-spons%26aref%3DZ37f8stv26%26sp_csd%3Dd2lkZ2V0TmFtZT1zcF9zZWFyY2hfdGhlbWF0aWM%26psc%3D1&aref=Z37f8stv26,https://m.media-amazon.com/images/I/81ToZ2Ro5jL._AC_UL320_.jpg,65,排名靠前；价格处于人民币等值¥180.00-¥288.00区间；评分达到4.6以上。
2026-07-25,amazon_us,product,best_sellers,Best Sellers Women Sandals,5,"Archies Arch Support Flip Flops for Men & Women – Orthotic Sandals for Plantar Fasciitis Relief – Lightweight, Cushioning, Shock-Absorbing Thong Sandals for Walking, Foot Pain & All-Day Comfort",,4.3,$40.00,,,,,,https://www.amazon.com/Archies-Womens-Arch-Support-Black/dp/B086SY3VP6/ref=zg_bs_g_679425011_d_sccl_5/135-0908118-7500743?psc=1,"https://images-na.ssl-images-amazon.com/images/I/81xintmVcHL._AC_UL600_SR600,400_.jpg",64,排名靠前；标题包含 comfort、arch support，符合美国女鞋舒适化趋势；评分达到4.3以上。
2026-07-25,amazon_us,product,best_sellers,Best Sellers Women Sandals,9,CUSHIONAIRE Lane Cork Footbed Womens Sandals Comfortable Double Buckle Slip On Sandals for Women with Arch Support and Classic Two Strap Design,,4.5,$34.99,,,,,,https://www.amazon.com/CUSHIONAIRE-Womens-Slide-Sandals-Brown/dp/B075PBVR9N/ref=zg_bs_g_679425011_d_sccl_9/135-0908118-7500743?psc=1,"https://images-na.ssl-images-amazon.com/images/I/81suZ76XHpL._AC_UL600_SR600,400_.jpg",64,排名靠前；标题包含 comfort、arch support，符合美国女鞋舒适化趋势；评分达到4.3以上。
2026-07-25,amazon_us,product,search,women slides,7,Sksshion,¥136.73,4.2,Sksshion,,,,,,https://www.amazon.com/sspa/click?ie=UTF8&spc=MTozNjE4NTc5NzgwNTA1NjA3OjE3ODQ5NTI1MzY6c3Bfc2VhcmNoX3RoZW1hdGljOjMwMDg0ODk5ODI5MTkwMjo6Mzo6&url=%2FSksshion-Womens-Slides-Sandals-Slippers%2Fdp%2FB0DP76JQ4X%2Fref%3Dsxin_19_pa_sp_search_thematic_sspa%3Fcontent-id%3Damzn1.sym.83f5ab61-f5a2-46fe-8ca0-d4cbfcb9bc51%253Aamzn1.sym.83f5ab61-f5a2-46fe-8ca0-d4cbfcb9bc51%26cv_ct_cx%3Dwomen%2Bslides%26keywords%3Dwomen%2Bslides%26pd_rd_i%3DB0DP76JQ4X%26pd_rd_r%3D2c88543e-c7d2-4b08-b2c6-7cd586364bb5%26pd_rd_w%3DqFUlj%26pd_rd_wg%3DbXUXj%26pf_rd_p%3D83f5ab61-f5a2-46fe-8ca0-d4cbfcb9bc51%26pf_rd_r%3DRJ7EV6EG1KJWFJFVFZNQ%26qid%3D1784952536%26sbo%3DRZvfv%252F%252FHxDF%252BO5021pAnSA%253D%253D%26sr%3D1-4-e169343e-09af-4d41-85b1-8335fe8f32d0-spons%26aref%3D2e1HIpHOrj%26sp_csd%3Dd2lkZ2V0TmFtZT1zcF9zZWFyY2hfdGhlbWF0aWM%26psc%3D1&aref=2e1HIpHOrj,https://m.media-amazon.com/images/I/71E9gKBPQjL._AC_UL320_.jpg,64,排名靠前；价格处于人民币等值¥57.60-¥180.00黄金区间；评分达到4.0以上。
2026-07-25,amazon_us,product,new_releases,New Releases Women Sandals,4,Project Cloud Square Toe Flip Flops For Women - Sandals Women(DEDICATION) | Womens Flip Flop with Memory Foam Insole Beach Essentials Womens Sandals - Thong Sandals Women Footwear - Square Toe Sandals,,4.5,$24.21,,,,,,https://www.amazon.com/Project-Cloud-Square-Flops-Women/dp/B0GY6CNC29/ref=zg_bsnr_g_679425011_d_sccl_4/131-0015466-5867276?psc=1,"https://images-na.ssl-images-amazon.com/images/I/71nllf30glL._AC_UL600_SR600,400_.jpg",63,排名靠前；标题包含 cloud、beach，符合美国女鞋舒适化趋势；评分达到4.3以上。
2026-07-25,amazon_us,product,search,women slides,44,"Men's and Women's Capybara Slides,Cute Capybara Slippers for Indoor Outdoor,Non Slip Quick Drying Shower Shoes,Comfort Cloud Slides Sandals",¥122.33,4.2,"Price, product page $16.99 $ 16 . 99",,,,,,https://www.amazon.com/XUNBAI-Capybara-Slippers-Outdoor-Comfort/dp/B0GL1B5RRN/ref=sr_1_29?dib=eyJ2IjoiMSJ9.RrPumS3Ni8XWS9mPWZVEoPInrt2RHyBcd8_hgzLhdqKaFFjqtuo5jyZZyFPRxf5T-DFqTE4rsRPQIkTtCm4-jcmm2kzhiJlO5N11Jl9rTTZ5PYErAiynLKAXMD9vHPHk4UhzViZoBfifwwk07cObYbvZlVmeXuO9rBRseBJnUjkn7QhRy4icrN2-Tm35aUIBnTIEEH-OLYeCqACyVZO6UIAt9khYIcuKTkQaCF8vSrAJ0Tzc66MT-PRZrq0cSYohcNqi3f1mSIEEFcw1ICwR8texRnainHSuvwPePaJSReg.EVmjLPLI-qeuRR7Z3o4_YfguLDc7uiLxtJZXHUqyq88&dib_tag=se&keywords=women+slides&qid=1784952536&sr=8-29,https://m.media-amazon.com/images/I/61wFDL2ZcbL._AC_UL320_.jpg,63,排名进入前50；价格处于人民币等值¥57.60-¥180.00黄金区间；标题包含 cloud、comfort，符合美国女鞋舒适化趋势；cloud + slides组合趋势加分；评分达到4.0以上。
2026-07-25,amazon_us,product,search,women summer slippers,25,"Open Toe Slippers for Women, Foldable Summer House Shoes, Waffle",¥79.13,4.2,100+ bought in past month,,,,,,https://www.amazon.com/Yoerpe-Womens-House-Slippers-Slip/dp/B0F8BKW8PC/ref=sr_1_14?dib=eyJ2IjoiMSJ9.KrYGXQ5FFfDAMuU-o313tXOUrpbalsfVZtI2J9j5lwTSaT8UZxxT6-ni8hxgXSbms2a-iRAMvnEn0iSH_RSzG5c-VQPyBG98qbNVecwQhYhioEKf4N58nPfgZ7w57mKUPT_uXgnwYBmLiFGtyLFff_Kp318JU12i6Xhypeebo0RoGoCFt4KIFoa1IzZ7qhbMmtcniz2GvqW6xJgX4v7-FrRjLzQZDen_z7rvrKuVg_wLIa9pGZqz7iaRLu5e1fcGmRR5DGM6_DxRldKlRUo7MbuINf2jVhPMNQMFumQbGeA.6PONBvTR1H9dzEfN1z6vRMQoixtNmeE2H5g2U9mqSH0&dib_tag=se&keywords=women+summer+slippers&qid=1784952535&sr=8-14,https://m.media-amazon.com/images/I/71vgfjILkLL._AC_UL320_.jpg,62,排名进入前30；评论数达到50以上；价格处于人民币等值¥57.60-¥180.00黄金区间；标题包含 summer，符合美国女鞋舒适化趋势；评分达到4.0以上。
2026-07-25,amazon_us,product,search,platform sandals women,10,mikarka,¥189.79,4.5,mikarka,,,,,,https://www.amazon.com/sspa/click?ie=UTF8&spc=MTo1ODU5ODYzNTM5MTg5NTQ3OjE3ODQ5NTI1MzY6c3Bfc2VhcmNoX3RoZW1hdGljOjIwMDEyODIyMjY1MDM5ODo6NDo6&url=%2Fmikarka-Striped-Espadrilles-Platform-Sandals%2Fdp%2FB0BNL14DVY%2Fref%3Dsxin_19_pa_sp_search_thematic_sspa%3Fcontent-id%3Damzn1.sym.42790fec-54ce-481c-b1f9-c518002a1382%253Aamzn1.sym.42790fec-54ce-481c-b1f9-c518002a1382%26cv_ct_cx%3Dplatform%2Bsandals%2Bwomen%26keywords%3Dplatform%2Bsandals%2Bwomen%26pd_rd_i%3DB0BNL14DVY%26pd_rd_r%3D5a76dda6-a6c5-470e-b7f9-8c046dede263%26pd_rd_w%3DvuV5V%26pd_rd_wg%3DhGet8%26pf_rd_p%3D42790fec-54ce-481c-b1f9-c518002a1382%26pf_rd_r%3D8EV24XJK52H5P0BHSE0H%26qid%3D1784952536%26sbo%3DRZvfv%252F%252FHxDF%252BO5021pAnSA%253D%253D%26sr%3D1-5-183302c6-8dec-4386-8e58-6031e7be5ad8-spons%26aref%3DEkGsEgggRx%26sp_csd%3Dd2lkZ2V0TmFtZT1zcF9zZWFyY2hfdGhlbWF0aWM%26psc%3D1&aref=EkGsEgggRx,https://m.media-amazon.com/images/I/61ZOm-CVyxL._AC_UL320_.jpg,62,排名靠前；价格处于人民币等值¥180.00-¥288.00区间；评分达到4.3以上。
2026-07-25,amazon_us,product,new_releases,New Releases Women Sandals,10,"BRONAX Women's Jelly Sandals Hollow Out Matte Flats J101 | Waterproof PVC Material, Slip-Resistant Sole, Grippy Soft Footbed, Lightweight Comfort, Easy On/Off for Summer & Daily Wear",,4.1,$13.99,,,,,,https://www.amazon.com/BRONAX-Womens-Sandals-Hollow-Breathable/dp/B0H148P712/ref=zg_bsnr_g_679425011_d_sccl_10/131-0015466-5867276?psc=1,"https://images-na.ssl-images-amazon.com/images/I/71+vww7qiKL._AC_UL600_SR600,400_.jpg",61,排名靠前；标题包含 comfort、soft、summer，符合美国女鞋舒适化趋势；评分达到4.0以上。
2026-07-25,amazon_us,product,search,platform sandals women,2,"Sorel Women's Sunpeak Wedge Ankle Strap, Iced Tea/Snow, 7.5 Regular Sorel Women's Sunpeak Wedge Ankle Strap, Iced Tea…",¥810.00,4.8,,,,,,,https://aax-us-east-retail-direct.amazon.com/x/c/JJSxbQ4NeXfmj0LZwIKr1s8AAAGfl3Y-9gEAAAH2AQBvbm9fdHhuX2JpZDIgICBvbm9fdHhuX2ltcDIgICBtRE8s/clv1c_ek-wBXfWLbTanevbk4pMbyu34x2SgvI4Go61RH3w3ea6TpuKoFKXiJFLetRiysXooxJ1XaPV_GdGF9ridukNkCLPXkBcLaZB-IxNcNTj2kk0iKy8VnnAjm_ApinUQThMXtRTzHhlN6bE66SPPlhn3SBboNSINmzYgvRxijCk8J7PcqmIjiCmmOF1joHalNv_VMsX7kVbL6aJGeT-h7jtuzj_TQ9uEXbU1x1bOtM18cRCL9t7uTonf2mb7vc4K1q0MHMU4agzcTh5peWR8nSKUBLHo5iQYQOaN8KG44bApjsEpbOoYvDtgPCwbFBaineSjqbU6URLgP3Woagv_gEHIxptQsGsGFqzM9YmGDFZ1Qp-lWGurcOZOfrzMknQtZFz74OdV5lCGa32Gy-se2imt0TeXm3LY8gVThf3a-bjUfGdWKTTZvWQV4sDmxQrGV3BtwJBv2OnwjHq4JJKtvFkngYGU3VFf8e7GBNcjB65cOuiWL95YmIcZim0u1GvtrWgo0VaAmWREZA7_am7Ikx0PYLSd7cPbUIMFdBl8f6DUYMqTBapVhphJlT77_mFJEj1lee_MTsi6yaeOHF9WJSbeZTdyv6Nas54yDy8S03sOc6xBO3pLrQ1ROC09ouCRM0I8aTkwx9fCh0TfuueeyYB3GDlhMKJT7II5MAFCJEKWQRy9lIQdNxFxYLo598vubWCq0JQTcsjOu8pttM58z7WzvUtPKbYpG7LT7dp5JH3M1Yky39SX3AbChOqcdhUzomukbXiWrsM1s0S7D2aUVcnsOtbxe2kMDlCBb-AP14JvohMGsCDVkdLBsCt96Z4NJ-Ox4fVfmPVYzLpa-vaC0_5LDM_l3Q5B_ib5cqskfyUaVA2zb8-jM-oJ1W5Vzv-agbVLqOqV314BCPCk474aPYWt2ovUKmWOyOVxI2x2glsEl_sHVqsC-IKIFzo-tbbCGdzsjK6GMhVWe0DIWn7Zk0CGwwo0vXrXhmCvxOjq23wZLIeYb7_1ejmelzDcTsE0jVaGqy-qYvkD8n5YsxDkzfjCm4_i6lJ-NWPjE0zZ0q2mFtgnEjM0w2qW2ZPQqyJocWmGRs1wjKa3CF4LIAVMMxkSXolhn5RH-EM767ER_KR5AGV-7TeCVcdjbmxEXEmoTiN1tSG4MF4NjiJ6n4o9bf_BV86agKOqWV7A9mqWS6JFd3U4dk0objEbFVMYAw7cj00mFLtgYv7XjjqytbzBCyRRVTuOLwkdUTZNlvZjgqDWR3sQrdOpzOBuwAE3GJgK3psHn_4U_4xkCjPHQmjF8SrGNKSqO7VdQHSK_EXIPizkk5J3OTow3BPvrHUjG2auPxKB7mFfndgNyoHcNCg0-89l6m4RL9WlPA0kgzQ1xWjpfAe1jVCGR8NEWxjUR6dfyStCP0aGBmpZMjs8zzfjDqm7zj0YHKuhzhHEXzWqjoRz3icATmNJW-B8Q2s6zjbRfx1a6kaeGUG8e_XMcoP7HtjLSisu1aeo6evG7dDKzptX1CEnILfxE0pv7n1k04BRh3p66hKCAG6ATyJ3m7tyZDbOPrQhbTrObnVTZatKJud7D7UmAXPtzM9tTubydRfJW4o8txxwZAqYmEvcCI8wLGRxQ75rd_Up4YxQw_WvYVVjz6EKvEk-xXOdchVrYx2wAhefa8Uhga6FYZOY6wQtv_VZleNc4vd7osA8A/https://www.amazon.com/gp/aw/d/B0F8D6PCQL/?_encoding=UTF8&pd_rd_plhdr=t&aaxitk=b8fdff5d0a92fb43ad129171fd02a1a5&hsa_cr_id=0&qid=1784952536&sr=1-2-9e67e56a-6f64-441f-a281-df67fc737124&i=aps&aref=rDDkVfxPg8&ref_=sbx__sbtcd_asin_1_bkgd&pd_rd_w=tECjV&content-id=amzn1.sym.2fb72bc8-96ef-420d-b08f-c04b69f36507%3Aamzn1.sym.2fb72bc8-96ef-420d-b08f-c04b69f36507&pf_rd_p=2fb72bc8-96ef-420d-b08f-c04b69f36507&pf_rd_r=8EV24XJK52H5P0BHSE0H&pd_rd_wg=h9hef&pd_rd_r=6a4dd3c0-182e-480c-818b-cce6f6592176,"https://m.media-amazon.com/images/I/71-mn-Y6B1L._AC_SR160,134_CB1169409_QL70_.jpg",61,排名靠前；价格高于人民币等值¥288.00；标题包含 wedge，符合美国女鞋舒适化趋势；评分达到4.6以上。
2026-07-25,amazon_us,product,best_sellers,Best Sellers Women Sandals,17,ONCAI Women's Flip Flops Comfortable Arch Support Yoga Mat Summer Beach Walking Thong Cushion Sandals Ladies Outdoor Vacation Essentials Slide Shoes Rubber Soles US Size 5-11,,4.4,$13.99,,,,,,https://www.amazon.com/ONCAI-Support-Athletic-Orthotic-Fasciitis/dp/B0D2292JM9/ref=zg_bs_g_679425011_d_sccl_17/135-0908118-7500743?psc=1,"https://images-na.ssl-images-amazon.com/images/I/71iVIX1IyIL._AC_UL600_SR600,400_.jpg",60,排名进入前30；标题包含 comfort、arch support、beach、summer，符合美国女鞋舒适化趋势；评分达到4.3以上。
2026-07-25,amazon_us,product,new_releases,New Releases Women Sandals,19,Project Cloud 100% Genuine Leather Block Heeled Sandals for Women (Opal) | Sandals Women Footwear - Memory Foam Insole & Non-Slip Womens Sandals Block Heels For Women - Womens Slides & Women's Sandals,,4.3,$49.41,,,,,,https://www.amazon.com/Project-Cloud-Genuine-Leather-Sandals/dp/B0GYFW3KR1/ref=zg_bsnr_g_679425011_d_sccl_19/131-0015466-5867276?psc=1,"https://images-na.ssl-images-amazon.com/images/I/71QRCDQG5SL._AC_UL600_SR600,400_.jpg",60,排名进入前30；标题包含 cloud，符合美国女鞋舒适化趋势；cloud + slides组合趋势加分；评分达到4.3以上。
2026-07-25,amazon_us,product,search,platform sandals women,16,Project Cloud,¥215.28,4.4,Project Cloud,,,,,,https://www.amazon.com/Project-Cloud-Genuine-Womens-Sandals/dp/B0CQTTTK2J/ref=sr_1_8?dib=eyJ2IjoiMSJ9.b40a7B90wYxMAM79Sxswy67Ut4mlF1lCo_WdI1gA3ajgwlB168OjrSZwEURkJDtTcpLE6xEiP1Qkski2dfwsrEnaeEk_MGlPPhP-e1PGjqHnzeLdPBKSb65ZP_KRth-2nBkfkZhprGYD9gyHDFAqnlga9Vj7yLZ4LYpfjK4yGMzRmhbL9SoEp-LPywu27-OQZMFR-aL3EIpyULmzvTBjTb2HoQmr84O9hp1iLbgFbdlAcKi_jJ-GYaa34PcuacMozcog2D-XscQlM-b5cQ1Zp6I89oqGGLjaIcro_JkQoVo.56hKNwz2ig2j-PONG-ooRTUgvvEgAudbb3XUg9O81-U&dib_tag=se&keywords=platform+sandals+women&qid=1784952536&sr=8-8,https://m.media-amazon.com/images/I/81V6vB5lczL._AC_UL320_.jpg,60,排名进入前30；价格处于人民币等值¥180.00-¥288.00区间；标题包含 cloud，符合美国女鞋舒适化趋势；评分达到4.3以上。
2026-07-25,amazon_us,product,best_sellers,Best Sellers Women Sandals,28,"Reef Cushion Vista Hi Womens Platform Fashion Sandal, Arch Support, Ultra Soft Cushion Footbed",,4.4,$39.93,,,,,,https://www.amazon.com/Reef-Sandals-Cushion-Platform-Vintage/dp/B09TRY3DZP/ref=zg_bs_g_679425011_d_sccl_28/135-0908118-7500743?psc=1,"https://images-na.ssl-images-amazon.com/images/I/61wij8MIiAL._AC_UL600_SR600,400_.jpg",59,排名进入前30；标题包含 platform、arch support、soft，符合美国女鞋舒适化趋势；评分达到4.3以上。
2026-07-25,amazon_us,product,search,platform sandals women,4,CUSHIONAIRE,¥287.93,4.2,CUSHIONAIRE,,,,,,https://www.amazon.com/CUSHIONAIRE-Womens-platform-sandal-Memory/dp/B09M96YX6M/ref=sr_1_1?dib=eyJ2IjoiMSJ9.b40a7B90wYxMAM79Sxswy67Ut4mlF1lCo_WdI1gA3ajgwlB168OjrSZwEURkJDtTcpLE6xEiP1Qkski2dfwsrEnaeEk_MGlPPhP-e1PGjqHnzeLdPBKSb65ZP_KRth-2nBkfkZhprGYD9gyHDFAqnlga9Vj7yLZ4LYpfjK4yGMzRmhbL9SoEp-LPywu27-OQZMFR-aL3EIpyULmzvTBjTb2HoQmr84O9hp1iLbgFbdlAcKi_jJ-GYaa34PcuacMozcog2D-XscQlM-b5cQ1Zp6I89oqGGLjaIcro_JkQoVo.56hKNwz2ig2j-PONG-ooRTUgvvEgAudbb3XUg9O81-U&dib_tag=se&keywords=platform+sandals+women&qid=1784952536&sr=8-1,https://m.media-amazon.com/images/I/81v0nOOl2oL._AC_UL320_.jpg,59,排名靠前；价格处于人民币等值¥180.00-¥288.00区间；评分达到4.0以上。
2026-07-25,amazon_us,product,new_releases,New Releases Women Sandals,3,"CUSHIONAIRE Siesta Modern Lattice Ballet Flats for Women, Comfortable Slip On Pointed Toe Womens Jelly Shoes",,4.3,$39.99,,,,,,https://www.amazon.com/CUSHIONAIRE-Siesta-Lattice-Comfortable-Pointed/dp/B0GYQ3JK18/ref=zg_bsnr_g_679425011_d_sccl_3/131-0015466-5867276?psc=1,"https://images-na.ssl-images-amazon.com/images/I/81aIqaR3TYL._AC_UL600_SR600,400_.jpg",58,排名靠前；标题包含 comfort，符合美国女鞋舒适化趋势；评分达到4.3以上。
2026-07-25,amazon_us,product,search,platform sandals women,5,Crocs,¥395.64,4.6,Products highlighted as 'Overall Pick' are:,,,,,,https://www.amazon.com/Crocs-Brooklyn-Low-Wedge-Black/dp/B07YQRHTG4/ref=sr_1_2?dib=eyJ2IjoiMSJ9.b40a7B90wYxMAM79Sxswy67Ut4mlF1lCo_WdI1gA3ajgwlB168OjrSZwEURkJDtTcpLE6xEiP1Qkski2dfwsrEnaeEk_MGlPPhP-e1PGjqHnzeLdPBKSb65ZP_KRth-2nBkfkZhprGYD9gyHDFAqnlga9Vj7yLZ4LYpfjK4yGMzRmhbL9SoEp-LPywu27-OQZMFR-aL3EIpyULmzvTBjTb2HoQmr84O9hp1iLbgFbdlAcKi_jJ-GYaa34PcuacMozcog2D-XscQlM-b5cQ1Zp6I89oqGGLjaIcro_JkQoVo.56hKNwz2ig2j-PONG-ooRTUgvvEgAudbb3XUg9O81-U&dib_tag=se&keywords=platform+sandals+women&qid=1784952536&sr=8-2,https://m.media-amazon.com/images/I/7146HmICxBL._AC_UL320_.jpg,58,排名靠前；价格高于人民币等值¥288.00；评分达到4.6以上。
2026-07-25,amazon_us,product,search,platform sandals women,8,REEF,¥575.64,4.8,REEF,,,,,,https://www.amazon.com/sspa/click?ie=UTF8&spc=MTo1ODU5ODYzNTM5MTg5NTQ3OjE3ODQ5NTI1MzY6c3Bfc2VhcmNoX3RoZW1hdGljOjMwMTI0MTc0NzU1MTQwMjo6Mjo6&url=%2FREEF-Womens-Sandals-Higher-Chocolate%2Fdp%2FB0FQPGZ9JN%2Fref%3Dsxin_19_pa_sp_search_thematic_sspa%3Fcontent-id%3Damzn1.sym.42790fec-54ce-481c-b1f9-c518002a1382%253Aamzn1.sym.42790fec-54ce-481c-b1f9-c518002a1382%26cv_ct_cx%3Dplatform%2Bsandals%2Bwomen%26keywords%3Dplatform%2Bsandals%2Bwomen%26pd_rd_i%3DB0FQPGZ9JN%26pd_rd_r%3D5a76dda6-a6c5-470e-b7f9-8c046dede263%26pd_rd_w%3DvuV5V%26pd_rd_wg%3DhGet8%26pf_rd_p%3D42790fec-54ce-481c-b1f9-c518002a1382%26pf_rd_r%3D8EV24XJK52H5P0BHSE0H%26qid%3D1784952536%26sbo%3DRZvfv%252F%252FHxDF%252BO5021pAnSA%253D%253D%26sr%3D1-3-183302c6-8dec-4386-8e58-6031e7be5ad8-spons%26aref%3DFTvceLvJb8%26sp_csd%3Dd2lkZ2V0TmFtZT1zcF9zZWFyY2hfdGhlbWF0aWM%26psc%3D1%26smid%3DA3DA9IRYT71M9S&aref=FTvceLvJb8,https://m.media-amazon.com/images/I/61p4a8FYrVL._AC_UL320_.jpg,58,排名靠前；价格高于人民币等值¥288.00；评分达到4.6以上。
2026-07-25,amazon_us,product,best_sellers,Best Sellers Women Sandals,21,KuaiLu Flip Flops for Women with Arch Support Summer Beach Thong Sandals | Comfortable Yoga Mat Cushion Walking Shoes Slip on Casual Outfits Faux Leather Indoor Outdoor,,4.2,$13.98,,,,,,https://www.amazon.com/KuaiLu-Support-Comfortable-Cushion-Walking/dp/B08GKGCH2R/ref=zg_bs_g_679425011_d_sccl_21/135-0908118-7500743?psc=1,"https://images-na.ssl-images-amazon.com/images/I/81-DUybjK+L._AC_UL600_SR600,400_.jpg",57,排名进入前30；标题包含 comfort、arch support、beach、summer，符合美国女鞋舒适化趋势；评分达到4.0以上。
2026-07-25,amazon_us,product,best_sellers,Best Sellers Women Sandals,40,"Comwarm Cloud Slide Sandals for Women Men Ultra Comfort Recovery Slippers | Soft Summer Beach Shoes with Low Arch Support, Non-Slip Lightweight Pillow Slides",,4.3,$9.48,,,,,,https://www.amazon.com/Sandals-Lightweight-Bathroom-Non-Slip-Slippers/dp/B099DTRKSL/ref=zg_bs_g_679425011_d_sccl_40/135-0908118-7500743?psc=1,"https://images-na.ssl-images-amazon.com/images/I/71uNAZpAhiL._AC_UL300_SR300,200_.jpg",57,排名进入前50；标题包含 cloud、recovery、comfort、arch support、soft、beach、summer，符合美国女鞋舒适化趋势；cloud + slides组合趋势加分；评分达到4.3以上。
2026-07-25,amazon_us,product,search,women summer slippers,21,shevalues,¥143.93,4.3,shevalues,,,,,,https://www.amazon.com/shevalues-Summer-Slippers-Support-Breathable/dp/B0BK8PN8CL/ref=sr_1_10?dib=eyJ2IjoiMSJ9.KrYGXQ5FFfDAMuU-o313tXOUrpbalsfVZtI2J9j5lwTSaT8UZxxT6-ni8hxgXSbms2a-iRAMvnEn0iSH_RSzG5c-VQPyBG98qbNVecwQhYhioEKf4N58nPfgZ7w57mKUPT_uXgnwYBmLiFGtyLFff_Kp318JU12i6Xhypeebo0RoGoCFt4KIFoa1IzZ7qhbMmtcniz2GvqW6xJgX4v7-FrRjLzQZDen_z7rvrKuVg_wLIa9pGZqz7iaRLu5e1fcGmRR5DGM6_DxRldKlRUo7MbuINf2jVhPMNQMFumQbGeA.6PONBvTR1H9dzEfN1z6vRMQoixtNmeE2H5g2U9mqSH0&dib_tag=se&keywords=women+summer+slippers&qid=1784952535&sr=8-10,https://m.media-amazon.com/images/I/71wQ2tOj0+L._AC_UL320_.jpg,57,排名进入前30；价格处于人民币等值¥57.60-¥180.00黄金区间；评分达到4.3以上。
2026-07-25,amazon_us,product,search,women summer slippers,22,IPSAE,¥71.86,4.4,IPSAE,,,,,,https://www.amazon.com/IPSAE-Slippers-Corduroy-Slipper-Bedroom/dp/B0DB4W73J3/ref=sr_1_11?dib=eyJ2IjoiMSJ9.KrYGXQ5FFfDAMuU-o313tXOUrpbalsfVZtI2J9j5lwTSaT8UZxxT6-ni8hxgXSbms2a-iRAMvnEn0iSH_RSzG5c-VQPyBG98qbNVecwQhYhioEKf4N58nPfgZ7w57mKUPT_uXgnwYBmLiFGtyLFff_Kp318JU12i6Xhypeebo0RoGoCFt4KIFoa1IzZ7qhbMmtcniz2GvqW6xJgX4v7-FrRjLzQZDen_z7rvrKuVg_wLIa9pGZqz7iaRLu5e1fcGmRR5DGM6_DxRldKlRUo7MbuINf2jVhPMNQMFumQbGeA.6PONBvTR1H9dzEfN1z6vRMQoixtNmeE2H5g2U9mqSH0&dib_tag=se&keywords=women+summer+slippers&qid=1784952535&sr=8-11,https://m.media-amazon.com/images/I/71GcxKVQLUL._AC_UL320_.jpg,57,排名进入前30；价格处于人民币等值¥57.60-¥180.00黄金区间；评分达到4.3以上。
2026-07-25,amazon_us,product,search,women summer slippers,24,ULTRAIDEAS,¥122.33,4.5,ULTRAIDEAS,,,,,,https://www.amazon.com/ULTRAIDEAS-Slippers-Bowknot-Outdoor-Anti-Skid/dp/B07MZ3H6MN/ref=sr_1_13?dib=eyJ2IjoiMSJ9.KrYGXQ5FFfDAMuU-o313tXOUrpbalsfVZtI2J9j5lwTSaT8UZxxT6-ni8hxgXSbms2a-iRAMvnEn0iSH_RSzG5c-VQPyBG98qbNVecwQhYhioEKf4N58nPfgZ7w57mKUPT_uXgnwYBmLiFGtyLFff_Kp318JU12i6Xhypeebo0RoGoCFt4KIFoa1IzZ7qhbMmtcniz2GvqW6xJgX4v7-FrRjLzQZDen_z7rvrKuVg_wLIa9pGZqz7iaRLu5e1fcGmRR5DGM6_DxRldKlRUo7MbuINf2jVhPMNQMFumQbGeA.6PONBvTR1H9dzEfN1z6vRMQoixtNmeE2H5g2U9mqSH0&dib_tag=se&keywords=women+summer+slippers&qid=1784952535&sr=8-13,https://m.media-amazon.com/images/I/71cvxwhDe7L._AC_UL320_.jpg,57,排名进入前30；价格处于人民币等值¥57.60-¥180.00黄金区间；评分达到4.3以上。
2026-07-25,amazon_us,product,search,women summer slippers,29,EverFoams,¥150.62,4.5,EverFoams,,,,,,https://www.amazon.com/EverFoams-Womens-Slippers-Memory-Outdoor/dp/B0CLGMLRK3/ref=sr_1_18?dib=eyJ2IjoiMSJ9.KrYGXQ5FFfDAMuU-o313tXOUrpbalsfVZtI2J9j5lwTSaT8UZxxT6-ni8hxgXSbms2a-iRAMvnEn0iSH_RSzG5c-VQPyBG98qbNVecwQhYhioEKf4N58nPfgZ7w57mKUPT_uXgnwYBmLiFGtyLFff_Kp318JU12i6Xhypeebo0RoGoCFt4KIFoa1IzZ7qhbMmtcniz2GvqW6xJgX4v7-FrRjLzQZDen_z7rvrKuVg_wLIa9pGZqz7iaRLu5e1fcGmRR5DGM6_DxRldKlRUo7MbuINf2jVhPMNQMFumQbGeA.6PONBvTR1H9dzEfN1z6vRMQoixtNmeE2H5g2U9mqSH0&dib_tag=se&keywords=women+summer+slippers&qid=1784952535&sr=8-18,https://m.media-amazon.com/images/I/71LrwEKwjJL._AC_UL320_.jpg,57,排名进入前30；价格处于人民币等值¥57.60-¥180.00黄金区间；评分达到4.3以上。
2026-07-25,amazon_us,product,search,women slides,13,Comwarm,¥68.26,4.3,Comwarm,,,,,,https://www.amazon.com/Sandals-Lightweight-Bathroom-Non-Slip-Slippers/dp/B099DTRKSL/ref=sr_1_7?dib=eyJ2IjoiMSJ9.RrPumS3Ni8XWS9mPWZVEoPInrt2RHyBcd8_hgzLhdqKaFFjqtuo5jyZZyFPRxf5T-DFqTE4rsRPQIkTtCm4-jcmm2kzhiJlO5N11Jl9rTTZ5PYErAiynLKAXMD9vHPHk4UhzViZoBfifwwk07cObYbvZlVmeXuO9rBRseBJnUjkn7QhRy4icrN2-Tm35aUIBnTIEEH-OLYeCqACyVZO6UIAt9khYIcuKTkQaCF8vSrAJ0Tzc66MT-PRZrq0cSYohcNqi3f1mSIEEFcw1ICwR8texRnainHSuvwPePaJSReg.EVmjLPLI-qeuRR7Z3o4_YfguLDc7uiLxtJZXHUqyq88&dib_tag=se&keywords=women+slides&qid=1784952536&sr=8-7,https://m.media-amazon.com/images/I/71uNAZpAhiL._AC_UL320_.jpg,57,排名进入前30；价格处于人民币等值¥57.60-¥180.00黄金区间；评分达到4.3以上。
2026-07-25,amazon_us,product,search,women slides,14,ODOLY,¥129.53,4.5,ODOLY,,,,,,https://www.amazon.com/ODOLY-Footbed-Comfortable-Sandals-Adjustable/dp/B0CSMN1X4W/ref=sr_1_8?dib=eyJ2IjoiMSJ9.RrPumS3Ni8XWS9mPWZVEoPInrt2RHyBcd8_hgzLhdqKaFFjqtuo5jyZZyFPRxf5T-DFqTE4rsRPQIkTtCm4-jcmm2kzhiJlO5N11Jl9rTTZ5PYErAiynLKAXMD9vHPHk4UhzViZoBfifwwk07cObYbvZlVmeXuO9rBRseBJnUjkn7QhRy4icrN2-Tm35aUIBnTIEEH-OLYeCqACyVZO6UIAt9khYIcuKTkQaCF8vSrAJ0Tzc66MT-PRZrq0cSYohcNqi3f1mSIEEFcw1ICwR8texRnainHSuvwPePaJSReg.EVmjLPLI-qeuRR7Z3o4_YfguLDc7uiLxtJZXHUqyq88&dib_tag=se&keywords=women+slides&qid=1784952536&sr=8-8,https://m.media-amazon.com/images/I/61iYsM+H9QL._AC_UL320_.jpg,57,排名进入前30；价格处于人民币等值¥57.60-¥180.00黄金区间；评分达到4.3以上。
2026-07-25,amazon_us,product,search,women slides,15,LongBay Slippers for Women Memory Foam Open Toe Slide Indoor House Shoes Slip On Bedroom Comfy Gift LongBay Slippers for Women Memory Foam Open Toe Slide Indoor House Shoes Slip On Bedroom Comfy Gift,¥114.62,4.5,4.5,,,,,,https://sponsored-ads.amazon.com/clk?p=eAFVTz1v00AAVaiAypQPZShS2IKUIdLFd3Zsx0EW8hepFWgbp6mgi3X2nR0Tx774jiZ0yB-AgQGJkf_B32BB8BsY2ZFIEeJNT3pfelKy_-3nh6-3mnfts_NTbxyMX0LPD9sN1D1MaZlvotmIGVBxlXzVD8dyPBgenpuL51VILuEJeMsYKAbTN4vXk_AOUnsDtYd01IMXN6ZOvG_7Z0d-GEybD6XbhPKFqFjzYHYc-u7J6Di48L3W-4b0-FqJOMV1Mo8YrZOqwIJGeVnkJY1ikTYlvMRXVdlLqmXrEY9BUmDO8wTsMmDnBAy1b9Iymk27Go-BmNMlJSCpioImIq9KcKmA6zGQ4JpwwHBeClqDpCoFLUVblxrwwfd3n3_8-uK17v317trb91UIoYlUZKI-RFBX9mZTb7jnnrrdcfOJ59guexYAw946qx0ye-tMSj0P1_b_2DrZ1plsHfsPyVoHbuZvRrafXY19qnxqSB8bcyEYH8ryer3u_fsuZ0zGa5nIDvROFcN4Fb54ykhUk4gVc1JbojPnOErqKCcW7KxyYiFj0Dc1RVP1Dq8tBBDQsKbpSmqClKQE9BFEwExNAoihY2ya5qCvKp3cwox3cE1TSzlKN0FsTIL6NyeUsIA&v=c1&r=https%3A%2F%2Fwww.amazon.com%2Fgp%2Faw%2Fd%2FB0DP277YRM%2F%3Fie%3DUTF8%26pd_rd_plhdr%3Dt%26hsa_cr_id%3D0%26qid%3D1784952536%26sr%3D1-1-5a5562f9-fdfd-4101-9f9d-d76aa9998432%26i%3Daps%26aref%3D2HfxIb7QIr%26ref_%3Dsbx__sbtcd2_asin_0_bkgd%26pd_rd_w%3DbDE43%26content-id%3Damzn1.sym.90f77631-9599-4fe0-95f8-a40adfe1c762%253Aamzn1.sym.90f77631-9599-4fe0-95f8-a40adfe1c762%26pf_rd_p%3D90f77631-9599-4fe0-95f8-a40adfe1c762%26pf_rd_r%3DRJ7EV6EG1KJWFJFVFZNQ%26pd_rd_wg%3DbXUXj%26pd_rd_r%3D2c88543e-c7d2-4b08-b2c6-7cd586364bb5,"https://m.media-amazon.com/images/I/71BlGXBbl-L._AC_SR322,134_CB1169409_QL70_.jpg",57,排名进入前30；价格处于人民币等值¥57.60-¥180.00黄金区间；评分达到4.3以上。
2026-07-25,amazon_us,product,search,women slides,25,adidas,¥107.78,4.4,adidas,,,,,,https://www.amazon.com/adidas-Unisex-Adilette-Slide-Sandal/dp/B0BHXQXLFT/ref=sr_1_10?dib=eyJ2IjoiMSJ9.RrPumS3Ni8XWS9mPWZVEoPInrt2RHyBcd8_hgzLhdqKaFFjqtuo5jyZZyFPRxf5T-DFqTE4rsRPQIkTtCm4-jcmm2kzhiJlO5N11Jl9rTTZ5PYErAiynLKAXMD9vHPHk4UhzViZoBfifwwk07cObYbvZlVmeXuO9rBRseBJnUjkn7QhRy4icrN2-Tm35aUIBnTIEEH-OLYeCqACyVZO6UIAt9khYIcuKTkQaCF8vSrAJ0Tzc66MT-PRZrq0cSYohcNqi3f1mSIEEFcw1ICwR8texRnainHSuvwPePaJSReg.EVmjLPLI-qeuRR7Z3o4_YfguLDc7uiLxtJZXHUqyq88&dib_tag=se&keywords=women+slides&qid=1784952536&sr=8-10,https://m.media-amazon.com/images/I/51MKnxJBP5L._AC_UL320_.jpg,57,排名进入前30；价格处于人民币等值¥57.60-¥180.00黄金区间；评分达到4.3以上。
2026-07-25,amazon_us,product,search,platform sandals women,11,Goosecret,¥129.89,4.3,Goosecret,,,,,,https://www.amazon.com/Goosecret-Platform-Lightweight-Comfortable-Adjustable/dp/B0CZ75N4PP/ref=sr_1_3?dib=eyJ2IjoiMSJ9.b40a7B90wYxMAM79Sxswy67Ut4mlF1lCo_WdI1gA3ajgwlB168OjrSZwEURkJDtTcpLE6xEiP1Qkski2dfwsrEnaeEk_MGlPPhP-e1PGjqHnzeLdPBKSb65ZP_KRth-2nBkfkZhprGYD9gyHDFAqnlga9Vj7yLZ4LYpfjK4yGMzRmhbL9SoEp-LPywu27-OQZMFR-aL3EIpyULmzvTBjTb2HoQmr84O9hp1iLbgFbdlAcKi_jJ-GYaa34PcuacMozcog2D-XscQlM-b5cQ1Zp6I89oqGGLjaIcro_JkQoVo.56hKNwz2ig2j-PONG-ooRTUgvvEgAudbb3XUg9O81-U&dib_tag=se&keywords=platform+sandals+women&qid=1784952536&sr=8-3,https://m.media-amazon.com/images/I/61l3YNTRtgL._AC_UL320_.jpg,57,排名进入前30；价格处于人民币等值¥57.60-¥180.00黄金区间；评分达到4.3以上。
2026-07-25,amazon_us,product,search,platform sandals women,27,Project Cloud,¥287.28,4.0,Project Cloud,,,,,,https://www.amazon.com/Project-Cloud-Genuine-Leather-Platform/dp/B0FWTY6D77/ref=sr_1_11?dib=eyJ2IjoiMSJ9.b40a7B90wYxMAM79Sxswy67Ut4mlF1lCo_WdI1gA3ajgwlB168OjrSZwEURkJDtTcpLE6xEiP1Qkski2dfwsrEnaeEk_MGlPPhP-e1PGjqHnzeLdPBKSb65ZP_KRth-2nBkfkZhprGYD9gyHDFAqnlga9Vj7yLZ4LYpfjK4yGMzRmhbL9SoEp-LPywu27-OQZMFR-aL3EIpyULmzvTBjTb2HoQmr84O9hp1iLbgFbdlAcKi_jJ-GYaa34PcuacMozcog2D-XscQlM-b5cQ1Zp6I89oqGGLjaIcro_JkQoVo.56hKNwz2ig2j-PONG-ooRTUgvvEgAudbb3XUg9O81-U&dib_tag=se&keywords=platform+sandals+women&qid=1784952536&sr=8-11,https://m.media-amazon.com/images/I/916xAlSTTDL._AC_UL320_.jpg,57,排名进入前30；价格处于人民币等值¥180.00-¥288.00区间；标题包含 cloud，符合美国女鞋舒适化趋势；评分达到4.0以上。
2026-07-25,amazon_us,product,new_releases,New Releases Women Sandals,23,"Monrovia Raffia Platform Sandals for Women Slip-On Espadrille Wedges Slides, Flatform Woven Straw Summer Vacation Beach Shoes",,4.2,$29.99,,,,,,https://www.amazon.com/Monrovia-Platform-Espadrille-Flatform-Vacation/dp/B0H4L29JCK/ref=zg_bsnr_g_679425011_d_sccl_23/131-0015466-5867276?psc=1,"https://images-na.ssl-images-amazon.com/images/I/71g0jGqtopL._AC_UL600_SR600,400_.jpg",56,排名进入前30；标题包含 platform、beach、summer、wedge，符合美国女鞋舒适化趋势；评分达到4.0以上。
2026-07-25,amazon_us,product,new_releases,New Releases Women Sandals,7,CUSHIONAIRE Riot Jelly Thong Kitten Heels for Women,,4.8,$39.99,,,,,,https://www.amazon.com/CUSHIONAIRE-Jelly-Thong-Kitten-CHOCOLATE/dp/B0H6BY83VX/ref=zg_bsnr_g_679425011_d_sccl_7/131-0015466-5867276?psc=1,"https://images-na.ssl-images-amazon.com/images/I/71cl7MmlX-L._AC_UL600_SR600,400_.jpg",55,排名靠前；评分达到4.6以上。
2026-07-25,amazon_us,product,new_releases,New Releases Women Sandals,8,VIVASUN Women's Arch Support Waterproof Slip On EVA Slides,,4.2,$18.99,,,,,,https://www.amazon.com/VIVASUN-Slides-Support-Waterproof-Outdoor/dp/B0GWXSFFQF/ref=zg_bsnr_g_679425011_d_sccl_8/131-0015466-5867276?psc=1,"https://images-na.ssl-images-amazon.com/images/I/61NH8ZyCw3L._AC_UL600_SR600,400_.jpg",55,排名靠前；标题包含 arch support，符合美国女鞋舒适化趋势；评分达到4.0以上。
2026-07-25,amazon_us,product,search,platform sandals women,1,Sorel Women's Ona Ave T-Toe Sneaker Sorel Women's Ona Ave T-Toe Sneaker,¥594.00,4.3,,,,,,,https://aax-us-east-retail-direct.amazon.com/x/c/JJSxbQ4NeXfmj0LZwIKr1s8AAAGfl3Y-9gEAAAH2AQBvbm9fdHhuX2JpZDIgICBvbm9fdHhuX2ltcDIgICBtRE8s/clv1c_ek-wBXfWLbTanevbk4pMbyu34x2SgvI4Go61RH3w3ea6TpuKoFKXiJFLetRiysXooxJ1XaPV_GdGF9ridukNkCLPXkBcLaZB-IxNcNTj2kk0iKy8VnnAjm_ApinUQThMXtRTzHhlN6bE66SPPlhn3SBboNSINmzYgvRxijCk8J7PcqmIjiCmmOF1joHalNv_VMsX7kVbL6aJGeT-h7jtuzj_TQ9uEXbU1x1bOtM18cRCL9t7uTonf2mb7vc4K1q0MHMU4agzcTh5peWR8nSKUBLHo5iQYQOaN8KG44bApjsEpbOoYvDtgPCwbFBaineSjqbU6URLgP3Woagv_gEHIxptQsGsGFqzM9YmGDFZ1Qp-lWGurcOZOfrzMknQtZFz74OdV5lCGa32Gy-se2imt0TeXm3LY8gVThf3a-bjUfGdWKTTZvWQV4sDmxQrGV3BtwJBv2OnwjHq4JJKtvFkngYGU3VFf8e7GBNcjB65cOuiWL95YmIcZim0u1GvtrWgo0VaAmWREZA7_am7Ikx0PYLSd7cPbUIMFdBl8f6DUYMqTBapVhphJlT77_mFJEj1lee_MTsi6yaeOHF9WJSbeZTdyv6Nas54yDy8S03sOc6xBO3pLrQ1ROC09ouCRM0I8aTkwx9fCh0TfuueeyYB3GDlhMKJT7II5MAFCJEKWQRy9lIQdNxFxYLo598vubWCq0JQTcsjOu8pttM58z7WzvUtPKbYpG7LT7dp5JH3M1Yky39SX3AbChOqcdhUzomukbXiWrsM1s0S7D2aUVcnsOtbxe2kMDlCBb-AP14JvohMGsCDVkdLBsCt96Z4NJ-Ox4fVfmPVYzLpa-vaC0_5LDM_l3Q5B_ib5cqskfyUaVA2zb8-jM-oJ1W5Vzv-agbVLqOqV314BCPCk474aPYWt2ovUKmWOyOVxI2x2glsEl_sHVqsC-IKIFzo-tbbCGdzsjK6GMhVWe0DIWn7Zk0CGwwo0vXrXhmCvxOjq23wZLIeYb7_1ejmelzDcTsE0jVaGqy-qYvkD8n5YsxDkzfjCm4_i6lJ-NWPjE0zZ0q2mFtgnEjM0w2qW2ZPQqyJocWmGRs1wjKa3CF4LIAVMMxkSXolhn5RH-EM767ER_KR5AGV-7TeCVcdjbmxEXEmoTiN1tSG4MF4NjiJ6n4o9bf_BV86agKOqWV7A9mqWS6JFd3U4dk0objEbFVMYAw7cj00mFLtgYv7XjjqytbzBCyRRVTuOLwkdUTZNlvZjgqDWR3sQrdOpzOBuwAE3GJgK3psHn_4U_4xkCjPHQmjF8SrGNKSqO7VdQHSK_EXIPizkk5J3OTow3BPvrHUjG2auPxKB7mFfndgNyoHcNCg0-89l6m4RL9WlPA0kgzQ1xWjpfAe1jVCGR8NEWxjUR6dfyStCP0aGBmpZMjs8zzfjDqm7zj0YHKuhzhHEXzWqjoRz3icATmNJW-B8Q2s6zjbRfx1a6kaeGUG8e_XMcoP7HtjLSisu1aeo6evG7dDKzptX1CEnILfxE0pv7n1k04BRh3p66hKCAG6ATyJ3m7tyZDbOPrQhbTrObnVTZatKJud7D7UmAXPtzM9tTubydRfJW4o8txxwZAqYmEvcCI8wLGRxQ75rd_Up4YxQw_WvYVVjz6EKvEk-xXOdchVrYx2wAhefa8Uhga6FYZOY6wQtv_VZleNc4vd7osA8A/https://www.amazon.com/gp/aw/d/B0F8CMP4J6/?_encoding=UTF8&pd_rd_plhdr=t&aaxitk=b8fdff5d0a92fb43ad129171fd02a1a5&hsa_cr_id=0&qid=1784952536&sr=1-1-9e67e56a-6f64-441f-a281-df67fc737124&i=aps&aref=rDDkVfxPg8&ref_=sbx__sbtcd_asin_0_bkgd&pd_rd_w=tECjV&content-id=amzn1.sym.2fb72bc8-96ef-420d-b08f-c04b69f36507%3Aamzn1.sym.2fb72bc8-96ef-420d-b08f-c04b69f36507&pf_rd_p=2fb72bc8-96ef-420d-b08f-c04b69f36507&pf_rd_r=8EV24XJK52H5P0BHSE0H&pd_rd_wg=h9hef&pd_rd_r=6a4dd3c0-182e-480c-818b-cce6f6592176,"https://m.media-amazon.com/images/I/71Gjc0LInbL._AC_SR160,134_CB1169409_QL70_.jpg",55,排名靠前；价格高于人民币等值¥288.00；评分达到4.3以上。
2026-07-25,amazon_us,product,search,platform sandals women,7,REEF,¥436.68,4.4,REEF,,,,,,https://www.amazon.com/sspa/click?ie=UTF8&spc=MTo1ODU5ODYzNTM5MTg5NTQ3OjE3ODQ5NTI1MzY6c3Bfc2VhcmNoX3RoZW1hdGljOjMwMDg1MTE2ODYxNTUwMjo6MTo6&url=%2FReef-Womens-Sandals-Water-Higher%2Fdp%2FB0CMCR4R4X%2Fref%3Dsxin_19_pa_sp_search_thematic_sspa%3Fcontent-id%3Damzn1.sym.42790fec-54ce-481c-b1f9-c518002a1382%253Aamzn1.sym.42790fec-54ce-481c-b1f9-c518002a1382%26cv_ct_cx%3Dplatform%2Bsandals%2Bwomen%26keywords%3Dplatform%2Bsandals%2Bwomen%26pd_rd_i%3DB0CMCR4R4X%26pd_rd_r%3D5a76dda6-a6c5-470e-b7f9-8c046dede263%26pd_rd_w%3DvuV5V%26pd_rd_wg%3DhGet8%26pf_rd_p%3D42790fec-54ce-481c-b1f9-c518002a1382%26pf_rd_r%3D8EV24XJK52H5P0BHSE0H%26qid%3D1784952536%26sbo%3DRZvfv%252F%252FHxDF%252BO5021pAnSA%253D%253D%26sr%3D1-2-183302c6-8dec-4386-8e58-6031e7be5ad8-spons%26aref%3DWAM3XVAcro%26sp_csd%3Dd2lkZ2V0TmFtZT1zcF9zZWFyY2hfdGhlbWF0aWM%26psc%3D1&aref=WAM3XVAcro,https://m.media-amazon.com/images/I/61YxKHZ8gRL._AC_UL320_.jpg,55,排名靠前；价格高于人民币等值¥288.00；评分达到4.3以上。
2026-07-25,amazon_us,product,best_sellers,Best Sellers Women Sandals,16,"shevalues Slim Basic Flip Flops for Women with Comfortable Yoga Mat | Lightweight Non Slip Rubber Sandals for Beach, Shower, Pool & Summer Casual Wear",,4.4,$9.99,,,,,,https://www.amazon.com/shevalues-Shower-Rubber-Sandals-Comfortable/dp/B0B68G2D52/ref=zg_bs_g_679425011_d_sccl_16/135-0908118-7500743?psc=1,"https://images-na.ssl-images-amazon.com/images/I/61b4HXgBWfL._AC_UL600_SR600,400_.jpg",54,排名进入前30；标题包含 comfort、beach、summer，符合美国女鞋舒适化趋势；评分达到4.3以上。
2026-07-25,amazon_us,product,best_sellers,Best Sellers Women Sandals,42,Project Cloud 100% Genuine Leather Sandals Women & Slides for Women (Mayvy) | Plush Soft Insole Water Resistant Beach Footwear - Stylish Womens Slides Comfortable Women Sandals - Non-Slip Outsole,,4.1,$39.90,,,,,,https://www.amazon.com/Project-Cloud-Genuine-Leather-Footwear/dp/B0G1VMCZB6/ref=zg_bs_g_679425011_d_sccl_42/135-0908118-7500743?psc=1,"https://images-na.ssl-images-amazon.com/images/I/71xiz8qo8CL._AC_UL300_SR300,200_.jpg",54,排名进入前50；标题包含 cloud、comfort、soft、beach，符合美国女鞋舒适化趋势；cloud + slides组合趋势加分；评分达到4.0以上。
2026-07-25,amazon_us,product,new_releases,New Releases Women Sandals,17,ZURIN Shower Shoes Women Quick Dry Flip Flops with Arch Support，Pool Flip Flops for Women Drainage Holes Non Slip Shower Sandals Slippers for Beach Bath Gym College Dorm,,4.7,$13.99,,,,,,https://www.amazon.com/ZURIN-Support%EF%BC%8CPool-Drainage-Sandals-Slippers/dp/B0GZVC5JSJ/ref=zg_bsnr_g_679425011_d_sccl_17/131-0015466-5867276?psc=1,"https://images-na.ssl-images-amazon.com/images/I/715V5c8jP-L._AC_UL600_SR600,400_.jpg",54,排名进入前30；标题包含 arch support、beach，符合美国女鞋舒适化趋势；评分达到4.6以上。
2026-07-25,amazon_us,product,new_releases,New Releases Women Sandals,25,Uniwill Shower Shoes Women with Arch Support Non-Slip Flip Flop Sandals for Public Shower Bathroom Pool Beach Quick Dry with Drain Holes,,4.8,$12.89,,,,,,https://www.amazon.com/Uniwill-Support-Non-Slip-Sandals-Bathroom/dp/B0GY4471BY/ref=zg_bsnr_g_679425011_d_sccl_25/131-0015466-5867276?psc=1,"https://images-na.ssl-images-amazon.com/images/I/71SL6HBtLiL._AC_UL600_SR600,400_.jpg",54,排名进入前30；标题包含 arch support、beach，符合美国女鞋舒适化趋势；评分达到4.6以上。
2026-07-25,amazon_us,product,new_releases,New Releases Women Sandals,40,IDIFU Women's Wedge Thong Flip Flops Platform Round Toe Slip On Slides Sandals Comfortable Cushioned Summer Pool Beach Casual Wedge Heels,,4.2,$34.84,,,,,,https://www.amazon.com/IDIFU-Platform-Sandals-Comfortable-Cushioned/dp/B0GXTYKRHP/ref=zg_bsnr_g_679425011_d_sccl_40/135-0908118-7500743?psc=1,"https://images-na.ssl-images-amazon.com/images/I/71rQjmDLrRL._AC_UL300_SR300,200_.jpg",54,排名进入前50；标题包含 platform、comfort、beach、summer、wedge，符合美国女鞋舒适化趋势；platform + comfort组合趋势加分；评分达到4.0以上。
2026-07-25,amazon_us,product,search,women summer slippers,27,Dearfoams,¥107.93,4.2,Dearfoams,,,,,,https://www.amazon.com/Dearfoams-Womens-Beatrice-Microfiber-Quilted/dp/B01NH595UN/ref=sr_1_16?dib=eyJ2IjoiMSJ9.KrYGXQ5FFfDAMuU-o313tXOUrpbalsfVZtI2J9j5lwTSaT8UZxxT6-ni8hxgXSbms2a-iRAMvnEn0iSH_RSzG5c-VQPyBG98qbNVecwQhYhioEKf4N58nPfgZ7w57mKUPT_uXgnwYBmLiFGtyLFff_Kp318JU12i6Xhypeebo0RoGoCFt4KIFoa1IzZ7qhbMmtcniz2GvqW6xJgX4v7-FrRjLzQZDen_z7rvrKuVg_wLIa9pGZqz7iaRLu5e1fcGmRR5DGM6_DxRldKlRUo7MbuINf2jVhPMNQMFumQbGeA.6PONBvTR1H9dzEfN1z6vRMQoixtNmeE2H5g2U9mqSH0&dib_tag=se&keywords=women+summer+slippers&qid=1784952535&sr=8-16,https://m.media-amazon.com/images/I/61YDnLJiKCL._AC_UL320_.jpg,54,排名进入前30；价格处于人民币等值¥57.60-¥180.00黄金区间；评分达到4.0以上。
2026-07-25,amazon_us,product,search,women slides,45,"Arch Support Slides Comfortable Beach Pool Slippers, Lightweight Indoor Outdoor Slide Shower Bathroom Sandals Quick Drying",¥71.93,4.1,"Price, product page $9.99 $ 9 . 99 List: $19.99 List: $19.99 $19.99",,,,,,https://www.amazon.com/INUUINUU-Comfortable-Slippers-Lightweight-Bathroom/dp/B0GLGC8BGQ/ref=sr_1_30?dib=eyJ2IjoiMSJ9.RrPumS3Ni8XWS9mPWZVEoPInrt2RHyBcd8_hgzLhdqKaFFjqtuo5jyZZyFPRxf5T-DFqTE4rsRPQIkTtCm4-jcmm2kzhiJlO5N11Jl9rTTZ5PYErAiynLKAXMD9vHPHk4UhzViZoBfifwwk07cObYbvZlVmeXuO9rBRseBJnUjkn7QhRy4icrN2-Tm35aUIBnTIEEH-OLYeCqACyVZO6UIAt9khYIcuKTkQaCF8vSrAJ0Tzc66MT-PRZrq0cSYohcNqi3f1mSIEEFcw1ICwR8texRnainHSuvwPePaJSReg.EVmjLPLI-qeuRR7Z3o4_YfguLDc7uiLxtJZXHUqyq88&dib_tag=se&keywords=women+slides&qid=1784952536&sr=8-30,https://m.media-amazon.com/images/I/71ao+6pV3pL._AC_UL320_.jpg,54,排名进入前50；价格处于人民币等值¥57.60-¥180.00黄金区间；标题包含 comfort、arch support、beach，符合美国女鞋舒适化趋势；评分达到4.0以上。
2026-07-25,amazon_us,product,best_sellers,Best Sellers Women Sandals,44,"CUSHIONAIRE Fame Pillow Recovery Sandals for Women, Adjustable Double Buckle Waterproof EVA Cloud Slides for Women",,4.4,$26.98,,,,,,https://www.amazon.com/CUSHIONAIRE-Womens-recovery-cloud-Comfort/dp/B0BTQ5S71G/ref=zg_bs_g_679425011_d_sccl_44/135-0908118-7500743?psc=1,"https://images-na.ssl-images-amazon.com/images/I/81ab6T9a83L._AC_UL300_SR300,200_.jpg",53,排名进入前50；标题包含 cloud、recovery，符合美国女鞋舒适化趋势；cloud + slides组合趋势加分；评分达到4.3以上。
2026-07-25,amazon_us,product,new_releases,New Releases Women Sandals,28,Caradise Jelly Kitten Heel Sandals for Women Jelly Shoes Summer,,5.0,$52.99,,,,,,https://www.amazon.com/Caradise-Kitten-Sandals-Jellies-Wedding/dp/B0H5P5H215/ref=zg_bsnr_g_679425011_d_sccl_28/131-0015466-5867276?psc=1,"https://images-na.ssl-images-amazon.com/images/I/61jPzAlZK4L._AC_UL600_SR600,400_.jpg",53,排名进入前30；评论数达到50以上；标题包含 summer，符合美国女鞋舒适化趋势；评分达到4.6以上。
2026-07-25,amazon_us,product,search,platform sandals women,12,Project Cloud,¥359.28,4.3,Project Cloud,,,,,,https://www.amazon.com/Project-Cloud-Platform-Sandals-Footwear/dp/B0DR3K9KR4/ref=sr_1_4?dib=eyJ2IjoiMSJ9.b40a7B90wYxMAM79Sxswy67Ut4mlF1lCo_WdI1gA3ajgwlB168OjrSZwEURkJDtTcpLE6xEiP1Qkski2dfwsrEnaeEk_MGlPPhP-e1PGjqHnzeLdPBKSb65ZP_KRth-2nBkfkZhprGYD9gyHDFAqnlga9Vj7yLZ4LYpfjK4yGMzRmhbL9SoEp-LPywu27-OQZMFR-aL3EIpyULmzvTBjTb2HoQmr84O9hp1iLbgFbdlAcKi_jJ-GYaa34PcuacMozcog2D-XscQlM-b5cQ1Zp6I89oqGGLjaIcro_JkQoVo.56hKNwz2ig2j-PONG-ooRTUgvvEgAudbb3XUg9O81-U&dib_tag=se&keywords=platform+sandals+women&qid=1784952536&sr=8-4,https://m.media-amazon.com/images/I/71lJvDGljyL._AC_UL320_.jpg,53,排名进入前30；价格高于人民币等值¥288.00；标题包含 cloud，符合美国女鞋舒适化趋势；评分达到4.3以上。
2026-07-25,amazon_us,product,best_sellers,Best Sellers Women Sandals,8,CUSHIONAIRE Pool Slides for Women Water Resistant Double Buckle Adjustable Slip-On Womens Sandals for Beach Shower Casual Wear,,4.1,$44.98,,,,,,https://www.amazon.com/CUSHIONAIRE-Sandals-Resistant-Double-Buckle/dp/B0GXHKZW5C/ref=zg_bs_g_679425011_d_sccl_8/135-0908118-7500743?psc=1,"https://images-na.ssl-images-amazon.com/images/I/71NStLIJ8SL._AC_UL600_SR600,400_.jpg",52,排名靠前；标题包含 beach，符合美国女鞋舒适化趋势；评分达到4.0以上。
2026-07-25,amazon_us,product,new_releases,New Releases Women Sandals,2,"CUSHIONAIRE Java Casual Womens Jelly Flats with Adjustable Strap, Closed Toe Mary Janes Mule Design, Waterproof Jelly Sandals for Women",,4.3,$34.99,,,,,,https://www.amazon.com/CUSHIONAIRE-Adjustable-Waterproof-Sandals-CHOCOLATE/dp/B0H4MLLC32/ref=zg_bsnr_g_679425011_d_sccl_2/131-0015466-5867276?psc=1,"https://images-na.ssl-images-amazon.com/images/I/81iCqxPUX6L._AC_UL600_SR600,400_.jpg",52,排名靠前；评分达到4.3以上。
2026-07-25,amazon_us,product,new_releases,New Releases Women Sandals,6,adidas Mens Adilette Aqua Slide Casual Sandals Casual - Black,,4.4,$21.00,,,,,,https://www.amazon.com/adidas-Unisex-Adilette-Slide-Sandal/dp/B0BHXMP298/ref=zg_bsnr_g_679425011_d_sccl_6/131-0015466-5867276?psc=1,"https://images-na.ssl-images-amazon.com/images/I/51nGzrhiENL._AC_UL600_SR600,400_.jpg",52,排名靠前；评分达到4.3以上。
2026-07-25,amazon_us,product,new_releases,New Releases Women Sandals,9,adidas Womens Adilette Aqua Slides Casual Sandals Casual - Blue,,4.5,$24.90,,,,,,https://www.amazon.com/adidas-Womens-Adilette-Slides-Sandal/dp/B0921G46VX/ref=zg_bsnr_g_679425011_d_sccl_9/131-0015466-5867276?psc=1,"https://images-na.ssl-images-amazon.com/images/I/31UIFbdKeTL._AC_UL600_SR600,400_.jpg",52,排名靠前；评分达到4.3以上。
2026-07-25,amazon_us,product,search,women slides,12,CUSHIONAIRE,¥194.33,4.4,CUSHIONAIRE,,,,,,https://www.amazon.com/CUSHIONAIRE-Womens-Feather-recovery-Comfort/dp/B0BTQ7ZS7B/ref=sr_1_6?dib=eyJ2IjoiMSJ9.RrPumS3Ni8XWS9mPWZVEoPInrt2RHyBcd8_hgzLhdqKaFFjqtuo5jyZZyFPRxf5T-DFqTE4rsRPQIkTtCm4-jcmm2kzhiJlO5N11Jl9rTTZ5PYErAiynLKAXMD9vHPHk4UhzViZoBfifwwk07cObYbvZlVmeXuO9rBRseBJnUjkn7QhRy4icrN2-Tm35aUIBnTIEEH-OLYeCqACyVZO6UIAt9khYIcuKTkQaCF8vSrAJ0Tzc66MT-PRZrq0cSYohcNqi3f1mSIEEFcw1ICwR8texRnainHSuvwPePaJSReg.EVmjLPLI-qeuRR7Z3o4_YfguLDc7uiLxtJZXHUqyq88&dib_tag=se&keywords=women+slides&qid=1784952536&sr=8-6,https://m.media-amazon.com/images/I/81PBXKFp76L._AC_UL320_.jpg,52,排名进入前30；价格处于人民币等值¥180.00-¥288.00区间；评分达到4.3以上。
2026-07-25,amazon_us,product,search,women slides,26,adidas,¥189.00,4.5,adidas,,,,,,https://www.amazon.com/adidas-Unisex-Adilette-Sportswear-Sandal/dp/B0D224KWLQ/ref=sr_1_11?dib=eyJ2IjoiMSJ9.RrPumS3Ni8XWS9mPWZVEoPInrt2RHyBcd8_hgzLhdqKaFFjqtuo5jyZZyFPRxf5T-DFqTE4rsRPQIkTtCm4-jcmm2kzhiJlO5N11Jl9rTTZ5PYErAiynLKAXMD9vHPHk4UhzViZoBfifwwk07cObYbvZlVmeXuO9rBRseBJnUjkn7QhRy4icrN2-Tm35aUIBnTIEEH-OLYeCqACyVZO6UIAt9khYIcuKTkQaCF8vSrAJ0Tzc66MT-PRZrq0cSYohcNqi3f1mSIEEFcw1ICwR8texRnainHSuvwPePaJSReg.EVmjLPLI-qeuRR7Z3o4_YfguLDc7uiLxtJZXHUqyq88&dib_tag=se&keywords=women+slides&qid=1784952536&sr=8-11,https://m.media-amazon.com/images/I/51EzGCn-OoL._AC_UL320_.jpg,52,排名进入前30；价格处于人民币等值¥180.00-¥288.00区间；评分达到4.3以上。
2026-07-25,amazon_us,product,search,platform sandals women,15,Soda,¥202.32,4.5,Soda,,,,,,https://www.amazon.com/Soda-Buckle-Espadrilles-Flatform-Casual/dp/B0C5S26DHB/ref=sr_1_7?dib=eyJ2IjoiMSJ9.b40a7B90wYxMAM79Sxswy67Ut4mlF1lCo_WdI1gA3ajgwlB168OjrSZwEURkJDtTcpLE6xEiP1Qkski2dfwsrEnaeEk_MGlPPhP-e1PGjqHnzeLdPBKSb65ZP_KRth-2nBkfkZhprGYD9gyHDFAqnlga9Vj7yLZ4LYpfjK4yGMzRmhbL9SoEp-LPywu27-OQZMFR-aL3EIpyULmzvTBjTb2HoQmr84O9hp1iLbgFbdlAcKi_jJ-GYaa34PcuacMozcog2D-XscQlM-b5cQ1Zp6I89oqGGLjaIcro_JkQoVo.56hKNwz2ig2j-PONG-ooRTUgvvEgAudbb3XUg9O81-U&dib_tag=se&keywords=platform+sandals+women&qid=1784952536&sr=8-7,https://m.media-amazon.com/images/I/71q-Jp+UEkL._AC_UL320_.jpg,52,排名进入前30；价格处于人民币等值¥180.00-¥288.00区间；评分达到4.3以上。
2026-07-25,amazon_us,product,best_sellers,Best Sellers Women Sandals,23,"CUSHIONAIRE Luna Sandals for Women, Cork Footbed Womens Sandals for Summer Comfort with Adjustable Straps, Wide Width Available",,4.5,$34.99,,,,,,https://www.amazon.com/CUSHIONAIRE-Next-Womens-Slide-Sandals-Brown/dp/B073XSLL5P/ref=zg_bs_g_679425011_d_sccl_23/135-0908118-7500743?psc=1,"https://images-na.ssl-images-amazon.com/images/I/81TDeaArVJL._AC_UL600_SR600,400_.jpg",51,排名进入前30；标题包含 comfort、summer，符合美国女鞋舒适化趋势；评分达到4.3以上。
2026-07-25,amazon_us,product,best_sellers,Best Sellers Women Sandals,33,Project Cloud 100% Genuine Leather Footbed Sandals for Women (Santorini) | Comfortable Beach Essentials Womens Sandals Plush Memory Foam Cushioning Vacation Essentials Slides for Women Footwear,,4.2,$39.90,,,,,,https://www.amazon.com/Project-Cloud-Comfortable-Essentials-Santorini/dp/B0DQF8LS5X/ref=zg_bs_g_679425011_d_sccl_33/135-0908118-7500743?psc=1,"https://images-na.ssl-images-amazon.com/images/I/71mAZNxrM1L._AC_UL300_SR300,200_.jpg",51,排名进入前50；标题包含 cloud、comfort、beach，符合美国女鞋舒适化趋势；cloud + slides组合趋势加分；评分达到4.0以上。
2026-07-25,amazon_us,product,new_releases,New Releases Women Sandals,13,"CUSHIONAIRE Expo Thong Sandals for Women, Comfortable Slingback Sandals with Arch Support and Cushioned Footbed",,4.0,$39.98,,,,,,https://www.amazon.com/CUSHIONAIRE-Comfortable-Slingback-Cushioned-CHOCOLATE/dp/B0GZJ5KHBQ/ref=zg_bsnr_g_679425011_d_sccl_13/131-0015466-5867276?psc=1,"https://images-na.ssl-images-amazon.com/images/I/71P3k5SiVZL._AC_UL600_SR600,400_.jpg",51,排名进入前30；标题包含 comfort、arch support，符合美国女鞋舒适化趋势；评分达到4.0以上。
2026-07-25,amazon_us,product,new_releases,New Releases Women Sandals,24,IDIFU Flat Sandals for Women Dressy Comfortable Summer Beach Cute Vacation Slip On Slides Open Round Toe Cute Casual Fashion Sandals,,4.0,$15.99,,,,,,https://www.amazon.com/IDIFU-Sandals-Comfortable-Vacation-Fashion/dp/B0GXTRKQ9V/ref=zg_bsnr_g_679425011_d_sccl_24/131-0015466-5867276?psc=1,"https://images-na.ssl-images-amazon.com/images/I/615IK0HptHL._AC_UL600_SR600,400_.jpg",51,排名进入前30；标题包含 comfort、beach、summer，符合美国女鞋舒适化趋势；评分达到4.0以上。
2026-07-25,amazon_us,product,new_releases,New Releases Women Sandals,30,"DREAM PAIRS Women's Kitten Low Heel Ankle Strap Sandals | Square Open Toe Summer Sandals, Comfortable for Women 2026 Fashion Dress Wedding Party Shoes",,4.3,$35.14,,,,,,https://www.amazon.com/DREAM-PAIRS-Womens-Kitten-Sandals/dp/B0GY3QTZY6/ref=zg_bsnr_g_679425011_d_sccl_30/131-0015466-5867276?psc=1,"https://images-na.ssl-images-amazon.com/images/I/61n6gngVKOL._AC_UL600_SR600,400_.jpg",51,排名进入前30；标题包含 comfort、summer，符合美国女鞋舒适化趋势；评分达到4.3以上。
2026-07-25,amazon_us,product,search,women summer slippers,48,H Flat Sandals for Women Dressy Lightweight Comfortable Slide Sandal Fashion Summer Trendy Casual Slip-On Shoes,¥138.17,4.5,"Price, product page $19.19 $ 19 . 19 List: $26.99 List: $26.99 $26.99",,,,,,https://www.amazon.com/Timutopone-Brown-White-Sandals-Lightweight-Comfortable/dp/B0F4NBCWNW/ref=sr_1_37?dib=eyJ2IjoiMSJ9.KrYGXQ5FFfDAMuU-o313tXOUrpbalsfVZtI2J9j5lwTSaT8UZxxT6-ni8hxgXSbms2a-iRAMvnEn0iSH_RSzG5c-VQPyBG98qbNVecwQhYhioEKf4N58nPfgZ7w57mKUPT_uXgnwYBmLiFGtyLFff_Kp318JU12i6Xhypeebo0RoGoCFt4KIFoa1IzZ7qhbMmtcniz2GvqW6xJgX4v7-FrRjLzQZDen_z7rvrKuVg_wLIa9pGZqz7iaRLu5e1fcGmRR5DGM6_DxRldKlRUo7MbuINf2jVhPMNQMFumQbGeA.6PONBvTR1H9dzEfN1z6vRMQoixtNmeE2H5g2U9mqSH0&dib_tag=se&keywords=women+summer+slippers&qid=1784952535&sr=8-37,https://m.media-amazon.com/images/I/71HLd1UgRNL._AC_UL320_.jpg,51,排名进入前50；价格处于人民币等值¥57.60-¥180.00黄金区间；标题包含 comfort、summer，符合美国女鞋舒适化趋势；评分达到4.3以上。
2026-07-25,amazon_us,product,new_releases,New Releases Women Sandals,29,"Yamvim Heel Mules for Women | Pointed Peep Open Toe, Slip On Stiletto High Heeled Sandals for Summer Party Dress Prom Wedding Daily",,4.4,$52.99,,,,,,https://www.amazon.com/Yamvim-Raffia-Pointed-Stiletto-Heeled/dp/B0GX1BM1X1/ref=zg_bsnr_g_679425011_d_sccl_29/131-0015466-5867276?psc=1,"https://images-na.ssl-images-amazon.com/images/I/711zC4wn56L._AC_UL600_SR600,400_.jpg",50,排名进入前30；评论数达到50以上；标题包含 summer，符合美国女鞋舒适化趋势；评分达到4.3以上。
2026-07-25,amazon_us,product,new_releases,New Releases Women Sandals,1,"CUSHIONAIRE Vita Jelly Sandals for Women, Casual Lightweight Womens Strappy Sandals with Adjustable Buckle Strap and Gold Hardware Accent",,4.0,$39.98,,,,,,https://www.amazon.com/CUSHIONAIRE-Sandals-Lightweight-Adjustable-Hardware/dp/B0H1Y94T1T/ref=zg_bsnr_g_679425011_d_sccl_1/131-0015466-5867276?psc=1,"https://images-na.ssl-images-amazon.com/images/I/81Uy6Bt6XaL._AC_UL600_SR600,400_.jpg",49,排名靠前；评分达到4.0以上。
2026-07-25,amazon_us,product,search,platform sandals women,26,EQAUDES,¥220.61,4.2,EQAUDES,,,,,,https://www.amazon.com/EQAUDES-Platform-Espadrille-Sandals-Flatform/dp/B0C6XLWPN9/ref=sr_1_10?dib=eyJ2IjoiMSJ9.b40a7B90wYxMAM79Sxswy67Ut4mlF1lCo_WdI1gA3ajgwlB168OjrSZwEURkJDtTcpLE6xEiP1Qkski2dfwsrEnaeEk_MGlPPhP-e1PGjqHnzeLdPBKSb65ZP_KRth-2nBkfkZhprGYD9gyHDFAqnlga9Vj7yLZ4LYpfjK4yGMzRmhbL9SoEp-LPywu27-OQZMFR-aL3EIpyULmzvTBjTb2HoQmr84O9hp1iLbgFbdlAcKi_jJ-GYaa34PcuacMozcog2D-XscQlM-b5cQ1Zp6I89oqGGLjaIcro_JkQoVo.56hKNwz2ig2j-PONG-ooRTUgvvEgAudbb3XUg9O81-U&dib_tag=se&keywords=platform+sandals+women&qid=1784952536&sr=8-10,https://m.media-amazon.com/images/I/81juIfWU4pL._AC_UL320_.jpg,49,排名进入前30；价格处于人民币等值¥180.00-¥288.00区间；评分达到4.0以上。
2026-07-25,amazon_us,product,best_sellers,Best Sellers Women Sandals,11,"WHITIN Women's Slides with Cushioned Thick Sole Slippers for Home Wear Y13 | Comfort for Daily Wear, Waterproof & Easy to Clean, Indoor & Outdoor Versatility, Lightweight EVA for All-Day",,4.3,$9.99,,,,,,https://www.amazon.com/WHITIN-Slippers-Sandals-Fashionable-Lightweight/dp/B0C1C3MKLF/ref=zg_bs_g_679425011_d_sccl_11/135-0908118-7500743?psc=1,"https://images-na.ssl-images-amazon.com/images/I/71nA8egRirL._AC_UL600_SR600,400_.jpg",48,排名进入前30；标题包含 comfort，符合美国女鞋舒适化趋势；评分达到4.3以上。
2026-07-25,amazon_us,product,best_sellers,Best Sellers Women Sandals,26,YOCCI Women's Original Sport Sandals Hiking Sandals with Arch Support Yoga Mat Insole Light Weight Outdoor Water Shoes,,4.5,$19.86,,,,,,https://www.amazon.com/YOCCI-Original-Sandals-Support-WHLX001-black-39/dp/B09PYJKZHW/ref=zg_bs_g_679425011_d_sccl_26/135-0908118-7500743?psc=1,"https://images-na.ssl-images-amazon.com/images/I/61jphKWHMEL._AC_UL600_SR600,400_.jpg",48,排名进入前30；标题包含 arch support，符合美国女鞋舒适化趋势；评分达到4.3以上。
2026-07-25,amazon_us,product,new_releases,New Releases Women Sandals,11,adidas Unisex-Adult Adilette Comfort 2.0 Slide Sandal,,4.5,$30.00,,,,,,https://www.amazon.com/adidas-Unisex-Adilette-Comfort-Sandal/dp/B0F2B84XX9/ref=zg_bsnr_g_679425011_d_sccl_11/131-0015466-5867276?psc=1,"https://images-na.ssl-images-amazon.com/images/I/51qn7G+PVyL._AC_UL600_SR600,400_.jpg",48,排名进入前30；标题包含 comfort，符合美国女鞋舒适化趋势；评分达到4.3以上。
2026-07-25,amazon_us,product,new_releases,New Releases Women Sandals,14,"CUSHIONAIRE Aqua Jelly Flip Flops for Women | Jelly Shoes Glossy Upper, Slip-On Thong Design, Open Round Toe, Quick-Dry Beach and Pool Friendly, Travel-Ready Resort Style",,4.8,$29.99,,,,,,https://www.amazon.com/CUSHIONAIRE-Jelly-Flops-Women-CHOCOLATE/dp/B0H6BZ8F8Y/ref=zg_bsnr_g_679425011_d_sccl_14/131-0015466-5867276?psc=1,"https://images-na.ssl-images-amazon.com/images/I/71LKwjHednL._AC_UL600_SR600,400_.jpg",48,排名进入前30；标题包含 beach，符合美国女鞋舒适化趋势；评分达到4.6以上。
2026-07-25,amazon_us,product,new_releases,New Releases Women Sandals,20,Glamnest Women's Kitten Heel Sandals Square Open Toe Slip On Flip Flop Heels Comfortable 2 Inch Heeled Sandals Thong Party Dress Summer Travel Wedding,,4.2,$31.99,,,,,,https://www.amazon.com/Glamnest-Womens-Kitten-Comfortable-Wedding/dp/B0GLZ4Q81C/ref=zg_bsnr_g_679425011_d_sccl_20/131-0015466-5867276?psc=1,"https://images-na.ssl-images-amazon.com/images/I/61TP1DPnvlL._AC_UL600_SR600,400_.jpg",48,排名进入前30；标题包含 comfort、summer，符合美国女鞋舒适化趋势；评分达到4.0以上。
2026-07-25,amazon_us,product,new_releases,New Releases Women Sandals,21,"BRONAX Women's Double Buckle Clear Jelly Sandals J100 | Waterproof PVC Material, Quick-Drying, Summer Slip on, Easy to Clean, Comfort During Walking, Travel, and Daily Wear",,4.1,$19.99,,,,,,https://www.amazon.com/BRONAX-Womens-Double-Buckle-Sandals/dp/B0H14NQKY9/ref=zg_bsnr_g_679425011_d_sccl_21/131-0015466-5867276?psc=1,"https://images-na.ssl-images-amazon.com/images/I/81ntrU8WMiL._AC_UL600_SR600,400_.jpg",48,排名进入前30；标题包含 comfort、summer，符合美国女鞋舒适化趋势；评分达到4.0以上。
2026-07-25,amazon_us,product,best_sellers,Best Sellers Women Sandals,36,KuaiLu Flip Flops for Women with Arch Support Summer Beach Thong Sandals | Comfortable Walking Shoes Lightweight Soft Yoga Mat Cushion Floral Outfits Slip On Indoor Outdoor,,4.5,$15.99,,,,,,https://www.amazon.com/KuaiLu-Comfortable-Waterproof-Supportive-Flipflops/dp/B0CTML36SJ/ref=zg_bs_g_679425011_d_sccl_36/135-0908118-7500743?psc=1,"https://images-na.ssl-images-amazon.com/images/I/71FLg8v7ZyL._AC_UL300_SR300,200_.jpg",47,排名进入前50；标题包含 comfort、arch support、soft、beach、summer，符合美国女鞋舒适化趋势；评分达到4.3以上。
2026-07-25,amazon_us,product,best_sellers,Best Sellers Women Sandals,12,Clarks Women's Breeze Sea Flip-Flop,,4.7,$32.38,,,,,,https://www.amazon.com/Clarks-Womens-Breeze-Flip-Synthetic/dp/B01FH9EJCI/ref=zg_bs_g_679425011_d_sccl_12/135-0908118-7500743?psc=1,"https://images-na.ssl-images-amazon.com/images/I/61CUHH0LXiL._AC_UL600_SR600,400_.jpg",45,排名进入前30；评分达到4.6以上。
2026-07-25,amazon_us,product,best_sellers,Best Sellers Women Sandals,13,"ZUVARI Kitten Heels for Women, Square Toe Flip Flop Kitten Heel Sandals, 2.16 Inch Thong Heels, Slip-On Dressy Summer Heeled Sandals",,4.4,$28.79,,,,,,https://www.amazon.com/ZUVARI-Kitten-Square-Sandals-Dressy/dp/B0GBXPS8D3/ref=zg_bs_g_679425011_d_sccl_13/135-0908118-7500743?psc=1,"https://images-na.ssl-images-amazon.com/images/I/51r5FYMKLKL._AC_UL600_SR600,400_.jpg",45,排名进入前30；标题包含 summer，符合美国女鞋舒适化趋势；评分达到4.3以上。
2026-07-25,amazon_us,product,best_sellers,Best Sellers Women Sandals,43,"shevalues Women's Comfort EVA Sandals Medium Arch Support Beach Slides | Adjustable Double Buckle, Waterproof, Lightweight, Soft Cushioned, Non-slip, Slip-On",,4.4,$19.98,,,,,,https://www.amazon.com/shevalues-Comfort-Sandals-Support-Adjustable/dp/B0GG1VL4SZ/ref=zg_bs_g_679425011_d_sccl_43/135-0908118-7500743?psc=1,"https://images-na.ssl-images-amazon.com/images/I/71N1gcg2qHL._AC_UL300_SR300,200_.jpg",45,排名进入前50；标题包含 comfort、arch support、soft、beach，符合美国女鞋舒适化趋势；评分达到4.3以上。
2026-07-25,amazon_us,product,new_releases,New Releases Women Sandals,15,IDAWIVI Heeled Sandals for Women Low Block Chunky Heels Cutout Strap Square Open Toe Mule Sandals Casual Summer Slip On Slides,,4.5,$35.89,,,,,,https://www.amazon.com/IDAWIVI-Heeled-Sandals-Chunky-Cutout/dp/B0GRTM7FY9/ref=zg_bsnr_g_679425011_d_sccl_15/131-0015466-5867276?psc=1,"https://images-na.ssl-images-amazon.com/images/I/616J5sbTlUL._AC_UL600_SR600,400_.jpg",45,排名进入前30；标题包含 summer，符合美国女鞋舒适化趋势；评分达到4.3以上。
2026-07-25,amazon_us,product,new_releases,New Releases Women Sandals,26,"CUSHIONAIRE Mezzo Clear Strap Kitten Heels for Women, Square Toe Flip Flop Sandal Heels with Memory Foam Comfort",,4.2,$48.99,,,,,,https://www.amazon.com/CUSHIONAIRE-Kitten-Square-Sandal-Comfort/dp/B0GZHWP9H3/ref=zg_bsnr_g_679425011_d_sccl_26/131-0015466-5867276?psc=1,"https://images-na.ssl-images-amazon.com/images/I/713Q6uXZZqL._AC_UL600_SR600,400_.jpg",45,排名进入前30；标题包含 comfort，符合美国女鞋舒适化趋势；评分达到4.0以上。
2026-07-25,amazon_us,product,search,women summer slippers,1,4.3,,,4.3,,,,,,https://aax-us-east-retail-direct.amazon.com/x/c/JONi3y5Cx8GKh6M2fTP1TZcAAAGfl3Y6XAEAAAH2AQBvbm9fdHhuX2JpZDQgICBvbm9fdHhuX2ltcDEgICCr3fHh/clv1c_ek-wBfHXUsbWHkcJGj1SGvhI6tIxSEYQ-IXP9TI-Dim1O7Es3a0kc5dN6EImjiHI26m7ssb-D140StwQ7yqknGcv1d2keryw7T5AL13z_0AGzVkKimVgYEvsuvn3q3EXAXFeyVG9rgfAAt9Q5PSndN_W9J2ck1maEt6YX-crjoUNb3eFkk_lih45N0xh_h-88jWAgDPNFwza7-hFg6CAMdy_VM5-QAvjZIrBgYL7lovtmIWiqK6DjM5gS8bwEqRiuKUdOPWaTxFvbuswJzKuegW5oXBBC8HNxsKMehiIUNmxKjCzPceEXn6_QynmKrwUx47kllvXkV0smikEiCHlP7qNIzJ5WiYDh1Ii5k03jJl6t7vAlFxKUSR_0IQcI4CYW91BljPxW3CQxvgVZ3YzeFfr9jIcolb6-eNAh9i2qTr8l3qFtsVvYBg6Dz8GzYoOTTDco9Vea1ywJLPZQ_tf4oVME3zXs6kwc6oYFHavXVt7QAj-hkrFcw2B_MHgy9ff06TsawxIFzOhoSUnxLfDfTftYdst8_a5rcK5nX2Cfox4aNIO6AvgE_577wPGE_twGrTde_q0IxM6cmKDHiMuEb5DnOx74Y1sda0VFiRANQWqQ6woq8J5vfgxrQz7B1pJIQ9z4eGSINunW1kFKFPWCwSVFw7PuL3VTM6ohzbT7SBHlAgOn2LOCNQg74hEIV6B6El2eQ7IBicrcyd0hmCdcNLlqTTT-Lc4Jz4Qy-hjJHerQXOTgBwa4_1uvprwwBsgX2Qmvk4NsJt-_XnCBXGoJI2c21gyLzJtA7ityWDRNprU8CHWj5Z3IMvzzqwEQExbN3UpcVH4RBFKvxvzAad-SXb_6uFymlGlQZdu2G8vRhnE-jx2ERat2Gd5rcF2IpQn2XmrVkl0V2VmPI3FOmt1CoXn6K3zV6ecDlSQNXKhRQ4NA5LNyvq8EApNBKC3X_77AHKYK60MyfcC1AUZzaUhmmORdjHYbBSKzTv5_ns1hJyCB37i8zAjq13DdnecXaxXtMjxA2JQDu_hiuFEyj0ERymcNSMpRC85RZF3_hmK30ipyZOGnQT8UmD0bBmur4RaFNQzD8Uo2HJBEEhSsmMTZ01msidueWo46FH3rGidP_ld5hYPrLqd8dQFro_BL0Ss6ZdoxDE4dMMjjUR8QiquiYP1Pd_Q8GAoSEGER2z8E3mcY-3WLbP_dpCLCY0YKppAWITHhVIoRwANyHP3PG6YDoOrXQNed-G0MH_UlO0N0S0ILKJTOKRvrO40fDBS1NHKiXru4S1xqjKAkWbAnmz1EtoS9nu-PV-G4cgoHO3225ERSbgo-ZrNliuh7fqPfcylL6jtZbI-fT4IOJ-L5SUnfzjeCYEPsqODVAx8j__NxjwI9v47q52uMiyElIjEx0RSWfPsk_bs8BTCHjbnjib5HcaLUogkreEyEw0K7oaiui32TOU1V6N5fDbqLM_WSpgvxsELigoVhaP-A4ryHkl_BidiKgDmHf5IkFlgEUEJPvCly00i5ex3Kt9bbGUwpWls_2n1F-qKTCx9ohRTfW5fPEiFh9pxTO0PpM-lmpAupFkUol2woPKUQC5YR44K3OaKVo3XNWhc/https://www.amazon.com/dp/B09C1QWSL8/?_encoding=UTF8&pd_rd_i=B09C1QWSL8&ref_=sbx_be_s_sparkle_ssd_img&qid=1784952535&pd_rd_w=0D1bz&content-id=amzn1.sym.2fb72bc8-96ef-420d-b08f-c04b69f36507%3Aamzn1.sym.2fb72bc8-96ef-420d-b08f-c04b69f36507&pf_rd_p=2fb72bc8-96ef-420d-b08f-c04b69f36507&pf_rd_r=XD4SYD4JWH2P7M1X5KCP&pd_rd_wg=NCb9t&pd_rd_r=f9ab22d1-4eb5-4459-98be-409e918207ff&pd_rd_plhdr=t,"https://m.media-amazon.com/images/I/31zGbEI4DFL._AC_SR250,250_QL65_.jpg",45,排名靠前。
2026-07-25,amazon_us,product,search,women slides,1,4.3,,,4.3,,,,,,https://aax-us-east-retail-direct.amazon.com/x/c/JLRQJdZg2N_vdzqrvoGx7tUAAAGfl3Y_EwEAAAH2AQBvbm9fdHhuX2JpZDYgICBvbm9fdHhuX2ltcDEgICDTf3v-/clv1c_ek-wBfHTEsbWTm7asDLNYoizTwsPiNs1mtXi54hjj3FIfXWAWXRpx6ORpxuj6gy2imQ9_UH4bI8MY4f_Nv-LkAKbGmmxYCF4Pqh1qeck1K-ynycRNnCbT-rx6hGkxxZpjS-SSsjLsjWJyRkhvYp6aN75hF2ck1kKmO7096d6TQYaQu3p9mND2mVCv114spX74Gwz3M5CHgm8bZCV94ry1yMKnBp6UV5GohSquG3o133eVxr5iMIs2XCW4dn7SWQhnt65F7qBjOfwKzVKCB6cvw4GvlyjIVEvFTkxevLyERECw9RQrCMskTpKskcU2I0_pbFRfeIqHd4JwcDtEBwLxM8LY5D5a09IKtImDjGD4iE5r_Ly9gbXPOAPJU4NbJeh7Mavpst90bHXPydTscC_8t0SZJCGhNqiOwbJ73yJJIboOlBRMsf5FQuFgwcnz8oYRqy5XkVFoTtJqbnqV-zX1aoRJqinRlxGZzwyMe3AQPe3wF9d4xdln6A5_VqT1WULHtwUx4xI_bXl495zgk9WfhmYVV2-5HXw3bI6gl0d8BriitBzmEqoYn2UuZ1xzw4eAKJp4tOo26uTNMTWTbd5GNzpZHwcXi8CF6Shh2vEE0jTBKT_q9oiMykKDC7jd6fTYlBVTqvxC3WHIFHFCheSaHEyAapE0dj-RlHZAhh1Pz-POAhxQGGibYpLUQWarRO8g59htWBD0myRk5GZnCeIuqWA1uum41yOUkQogiY3Ynse43E0zawzBBMQlOhKdErWsurb4rave0Wl21UiOjeWA7Hc7rSKQJkAJaXtaFMBZU0x1cgC42N_w3JNp2pHoKvs97QKc7pz0BUFnyE76hUIU9oa8RsSKhYeDIIlzhFVDcBCDhdb0FRPHOn3Gq-0j8sxsRcvAMMSJNWhWyNp_KzsTbCSurETStVmSOQufmwtjfqjb6b_Uk_bZd9zgJvjmdRRniOWlZXXjyxMgUpo4tBmGZAsXkn-TOaCUDLewXbOlqxR-24Gua9Mc9Olo9k7rkd7BANaIM5k-f7XWymAVNqsqqNMQxO5PjO-3sY7oHDsRUMX5PQhzmsXaxCILkAhPILJ42jMPqAYCxBxpwuTE1bvXWleM2GDbb48gsjJ8N0bN0_8s2LN-_UCwADDdYc9p7pOl8N_Kgl-feb5fgMhPEJ9DsFx0ZnJLtWI6TjPYjV19ttRW7YtI9ShYukXlnQGQrqFJKMqDsxnj5cYcICdwK9q1mWxyAjyjO3luIDm6PJZ1AyjEbdu_sh8uBCM2CAY_2ALgHdlryMxdYZ9BVmsgbQ_RKy1LazNzCETJD9X07V9NdIqfkl3C4Ji-qDxwMFLzyfStAyYqwMaGm9WXM6IuN8lJtmSIflPqx139BQg_J87Wz26WHwZvKcqlSEzOM7IkoukFBpa5k3ud8Ymyxlz8xRT-gUfEL11Jis0H8UOi6Q0LDm9LWSG4xHWiNCCGSCKGhdbR9m4LsfCy_V4h3GvFzwSgVSHOAkNYXaRueLLbCAv0HwJXhJoq2yEI1ex2UWUxA1RWmzlUQlf55GKJNB6Dz9Lg0RnI1nftc9S2MO1eDZ_4v7Uh3KsHQ0liKsFbeLRdLlfKYk/https://www.amazon.com/dp/B09C1QWSL8/?_encoding=UTF8&pd_rd_i=B09C1QWSL8&ref_=sbx_be_s_sparkle_ssd_img&qid=1784952536&pd_rd_w=SQNqi&content-id=amzn1.sym.2fb72bc8-96ef-420d-b08f-c04b69f36507%3Aamzn1.sym.2fb72bc8-96ef-420d-b08f-c04b69f36507&pf_rd_p=2fb72bc8-96ef-420d-b08f-c04b69f36507&pf_rd_r=RJ7EV6EG1KJWFJFVFZNQ&pd_rd_wg=dm6vl&pd_rd_r=f6c64822-a635-4d15-962f-be9ec0769382&pd_rd_plhdr=t,"https://m.media-amazon.com/images/I/31zGbEI4DFL._AC_SR250,250_QL65_.jpg",45,排名靠前。
2026-07-25,amazon_us,product,best_sellers,Best Sellers Women Sandals,37,KuaiLu Womens Fashion Orthotic Slides Ladies Athletic Yoga Mat Memory Foam Walking Sandals Thick Cushion Recovery Summer Beach Slippers Comfortable Plantar Fasciitis Arch Support,,4.0,$25.99,,,,,,https://www.amazon.com/Orthotic-Lightweight-Athletic-Comfortable-Fasciitis/dp/B092ZS2B5S/ref=zg_bs_g_679425011_d_sccl_37/135-0908118-7500743?psc=1,"https://images-na.ssl-images-amazon.com/images/I/71Rxka3CPTL._AC_UL300_SR300,200_.jpg",44,排名进入前50；标题包含 recovery、comfort、arch support、beach、summer，符合美国女鞋舒适化趋势；评分达到4.0以上。
2026-07-25,amazon_us,product,best_sellers,Best Sellers Women Sandals,15,Havaianas Women's Slim Square Solid Flip Flops,,4.3,$31.50,,,,,,https://www.amazon.com/Havaianas-Womens-Square-Solid-Medium/dp/B0BBPX6J6F/ref=zg_bs_g_679425011_d_sccl_15/135-0908118-7500743?psc=1,"https://images-na.ssl-images-amazon.com/images/I/519tF5UFGFL._AC_UL600_SR600,400_.jpg",42,排名进入前30；评分达到4.3以上。
2026-07-25,amazon_us,product,best_sellers,Best Sellers Women Sandals,30,Ankis Heels for Women Open Toe Ankle Strap Chunky Heel Sandals 2.75 Inch,,4.4,$24.99,,,,,,https://www.amazon.com/Ankis-Nude-Heels-Women-numeric_8/dp/B094CTB3TY/ref=zg_bs_g_679425011_d_sccl_30/135-0908118-7500743?psc=1,"https://images-na.ssl-images-amazon.com/images/I/71dUhT7TubL._AC_UL600_SR600,400_.jpg",42,排名进入前30；评分达到4.3以上。
2026-07-25,amazon_us,product,new_releases,New Releases Women Sandals,16,adidas Mens Adilette Shower Arsenal Slides Casual Sandals Casual - Red,,4.4,$19.98,,,,,,https://www.amazon.com/adidas-Unisex-Adilette-Shower-Metallic/dp/B0DF14TP1N/ref=zg_bsnr_g_679425011_d_sccl_16/131-0015466-5867276?psc=1,"https://images-na.ssl-images-amazon.com/images/I/61mi711hnuL._AC_UL600_SR600,400_.jpg",42,排名进入前30；评分达到4.3以上。
2026-07-25,amazon_us,product,search,women summer slippers,31,FITORY,¥143.71,4.3,FITORY,,,,,,https://www.amazon.com/FITORY-Sandals-Fashion-Leather-Slippers/dp/B0BN3GQFKN/ref=sr_1_20?dib=eyJ2IjoiMSJ9.KrYGXQ5FFfDAMuU-o313tXOUrpbalsfVZtI2J9j5lwTSaT8UZxxT6-ni8hxgXSbms2a-iRAMvnEn0iSH_RSzG5c-VQPyBG98qbNVecwQhYhioEKf4N58nPfgZ7w57mKUPT_uXgnwYBmLiFGtyLFff_Kp318JU12i6Xhypeebo0RoGoCFt4KIFoa1IzZ7qhbMmtcniz2GvqW6xJgX4v7-FrRjLzQZDen_z7rvrKuVg_wLIa9pGZqz7iaRLu5e1fcGmRR5DGM6_DxRldKlRUo7MbuINf2jVhPMNQMFumQbGeA.6PONBvTR1H9dzEfN1z6vRMQoixtNmeE2H5g2U9mqSH0&dib_tag=se&keywords=women+summer+slippers&qid=1784952535&sr=8-20,https://m.media-amazon.com/images/I/61cA2WpKDqL._AC_UL320_.jpg,42,排名进入前50；价格处于人民币等值¥57.60-¥180.00黄金区间；评分达到4.3以上。
2026-07-25,amazon_us,product,search,women summer slippers,34,VeraCosy,¥104.47,4.5,VeraCosy,,,,,,https://www.amazon.com/VeraCosy-Two-Tone-Slippers-Non-slip-Evening/dp/B0DCVZ52Y5/ref=sr_1_23?dib=eyJ2IjoiMSJ9.KrYGXQ5FFfDAMuU-o313tXOUrpbalsfVZtI2J9j5lwTSaT8UZxxT6-ni8hxgXSbms2a-iRAMvnEn0iSH_RSzG5c-VQPyBG98qbNVecwQhYhioEKf4N58nPfgZ7w57mKUPT_uXgnwYBmLiFGtyLFff_Kp318JU12i6Xhypeebo0RoGoCFt4KIFoa1IzZ7qhbMmtcniz2GvqW6xJgX4v7-FrRjLzQZDen_z7rvrKuVg_wLIa9pGZqz7iaRLu5e1fcGmRR5DGM6_DxRldKlRUo7MbuINf2jVhPMNQMFumQbGeA.6PONBvTR1H9dzEfN1z6vRMQoixtNmeE2H5g2U9mqSH0&dib_tag=se&keywords=women+summer+slippers&qid=1784952535&sr=8-23,https://m.media-amazon.com/images/I/81RJZ2gB8sL._AC_UL320_.jpg,42,排名进入前50；价格处于人民币等值¥57.60-¥180.00黄金区间；评分达到4.3以上。
2026-07-25,amazon_us,product,search,women summer slippers,35,Dearfoams,¥148.25,4.3,Dearfoams,,,,,,https://www.amazon.com/Dearfoams-womens-Slipper-Dusty-Large/dp/B083VY1Q3M/ref=sr_1_24?dib=eyJ2IjoiMSJ9.KrYGXQ5FFfDAMuU-o313tXOUrpbalsfVZtI2J9j5lwTSaT8UZxxT6-ni8hxgXSbms2a-iRAMvnEn0iSH_RSzG5c-VQPyBG98qbNVecwQhYhioEKf4N58nPfgZ7w57mKUPT_uXgnwYBmLiFGtyLFff_Kp318JU12i6Xhypeebo0RoGoCFt4KIFoa1IzZ7qhbMmtcniz2GvqW6xJgX4v7-FrRjLzQZDen_z7rvrKuVg_wLIa9pGZqz7iaRLu5e1fcGmRR5DGM6_DxRldKlRUo7MbuINf2jVhPMNQMFumQbGeA.6PONBvTR1H9dzEfN1z6vRMQoixtNmeE2H5g2U9mqSH0&dib_tag=se&keywords=women+summer+slippers&qid=1784952535&sr=8-24,https://m.media-amazon.com/images/I/716X6dZXCuL._AC_UL320_.jpg,42,排名进入前50；价格处于人民币等值¥57.60-¥180.00黄金区间；评分达到4.3以上。
2026-07-25,amazon_us,product,search,women summer slippers,38,Weweya,¥71.86,4.4,Weweya,,,,,,https://www.amazon.com/Weweya-Shower-Non-Slip-Outdoor-Sandals/dp/B0F1XTPHY8/ref=sr_1_27?dib=eyJ2IjoiMSJ9.KrYGXQ5FFfDAMuU-o313tXOUrpbalsfVZtI2J9j5lwTSaT8UZxxT6-ni8hxgXSbms2a-iRAMvnEn0iSH_RSzG5c-VQPyBG98qbNVecwQhYhioEKf4N58nPfgZ7w57mKUPT_uXgnwYBmLiFGtyLFff_Kp318JU12i6Xhypeebo0RoGoCFt4KIFoa1IzZ7qhbMmtcniz2GvqW6xJgX4v7-FrRjLzQZDen_z7rvrKuVg_wLIa9pGZqz7iaRLu5e1fcGmRR5DGM6_DxRldKlRUo7MbuINf2jVhPMNQMFumQbGeA.6PONBvTR1H9dzEfN1z6vRMQoixtNmeE2H5g2U9mqSH0&dib_tag=se&keywords=women+summer+slippers&qid=1784952535&sr=8-27,https://m.media-amazon.com/images/I/61QGXLFgg+L._AC_UL320_.jpg,42,排名进入前50；价格处于人民币等值¥57.60-¥180.00黄金区间；评分达到4.3以上。
2026-07-25,amazon_us,product,search,women summer slippers,47,KuaiLu,¥115.13,4.5,KuaiLu,,,,,,https://www.amazon.com/KuaiLu-Comfortable-Waterproof-Supportive-Flipflops/dp/B0CTML36SJ/ref=sr_1_36?dib=eyJ2IjoiMSJ9.KrYGXQ5FFfDAMuU-o313tXOUrpbalsfVZtI2J9j5lwTSaT8UZxxT6-ni8hxgXSbms2a-iRAMvnEn0iSH_RSzG5c-VQPyBG98qbNVecwQhYhioEKf4N58nPfgZ7w57mKUPT_uXgnwYBmLiFGtyLFff_Kp318JU12i6Xhypeebo0RoGoCFt4KIFoa1IzZ7qhbMmtcniz2GvqW6xJgX4v7-FrRjLzQZDen_z7rvrKuVg_wLIa9pGZqz7iaRLu5e1fcGmRR5DGM6_DxRldKlRUo7MbuINf2jVhPMNQMFumQbGeA.6PONBvTR1H9dzEfN1z6vRMQoixtNmeE2H5g2U9mqSH0&dib_tag=se&keywords=women+summer+slippers&qid=1784952535&sr=8-36,https://m.media-amazon.com/images/I/71FLg8v7ZyL._AC_UL320_.jpg,42,排名进入前50；价格处于人民币等值¥57.60-¥180.00黄金区间；评分达到4.3以上。
2026-07-25,amazon_us,product,search,women slides,32,mazeskin,¥68.26,4.3,mazeskin,,,,,,https://www.amazon.com/mazeskin-Womens-Comfortable-Sandals-Leather/dp/B0F32KMZ18/ref=sr_1_17?dib=eyJ2IjoiMSJ9.RrPumS3Ni8XWS9mPWZVEoPInrt2RHyBcd8_hgzLhdqKaFFjqtuo5jyZZyFPRxf5T-DFqTE4rsRPQIkTtCm4-jcmm2kzhiJlO5N11Jl9rTTZ5PYErAiynLKAXMD9vHPHk4UhzViZoBfifwwk07cObYbvZlVmeXuO9rBRseBJnUjkn7QhRy4icrN2-Tm35aUIBnTIEEH-OLYeCqACyVZO6UIAt9khYIcuKTkQaCF8vSrAJ0Tzc66MT-PRZrq0cSYohcNqi3f1mSIEEFcw1ICwR8texRnainHSuvwPePaJSReg.EVmjLPLI-qeuRR7Z3o4_YfguLDc7uiLxtJZXHUqyq88&dib_tag=se&keywords=women+slides&qid=1784952536&sr=8-17,https://m.media-amazon.com/images/I/71jV8GHPNSL._AC_UL320_.jpg,42,排名进入前50；价格处于人民币等值¥57.60-¥180.00黄金区间；评分达到4.3以上。
2026-07-25,amazon_us,product,search,women slides,33,Happy Lily,¥64.73,4.3,Happy Lily,,,,,,https://www.amazon.com/Slippers-Non-Slip-Shower-Sandals-Bathroom/dp/B01LYNR9VM/ref=sr_1_18?dib=eyJ2IjoiMSJ9.RrPumS3Ni8XWS9mPWZVEoPInrt2RHyBcd8_hgzLhdqKaFFjqtuo5jyZZyFPRxf5T-DFqTE4rsRPQIkTtCm4-jcmm2kzhiJlO5N11Jl9rTTZ5PYErAiynLKAXMD9vHPHk4UhzViZoBfifwwk07cObYbvZlVmeXuO9rBRseBJnUjkn7QhRy4icrN2-Tm35aUIBnTIEEH-OLYeCqACyVZO6UIAt9khYIcuKTkQaCF8vSrAJ0Tzc66MT-PRZrq0cSYohcNqi3f1mSIEEFcw1ICwR8texRnainHSuvwPePaJSReg.EVmjLPLI-qeuRR7Z3o4_YfguLDc7uiLxtJZXHUqyq88&dib_tag=se&keywords=women+slides&qid=1784952536&sr=8-18,https://m.media-amazon.com/images/I/81oTjdeU9ZL._AC_UL320_.jpg,42,排名进入前50；价格处于人民币等值¥57.60-¥180.00黄金区间；评分达到4.3以上。
2026-07-25,amazon_us,product,search,women slides,40,KIDMI,¥158.33,4.5,KIDMI,,,,,,https://www.amazon.com/KIDMI-Genuine-Sandals-Footbed-Adjustable/dp/B0DQH21M77/ref=sr_1_25?dib=eyJ2IjoiMSJ9.RrPumS3Ni8XWS9mPWZVEoPInrt2RHyBcd8_hgzLhdqKaFFjqtuo5jyZZyFPRxf5T-DFqTE4rsRPQIkTtCm4-jcmm2kzhiJlO5N11Jl9rTTZ5PYErAiynLKAXMD9vHPHk4UhzViZoBfifwwk07cObYbvZlVmeXuO9rBRseBJnUjkn7QhRy4icrN2-Tm35aUIBnTIEEH-OLYeCqACyVZO6UIAt9khYIcuKTkQaCF8vSrAJ0Tzc66MT-PRZrq0cSYohcNqi3f1mSIEEFcw1ICwR8texRnainHSuvwPePaJSReg.EVmjLPLI-qeuRR7Z3o4_YfguLDc7uiLxtJZXHUqyq88&dib_tag=se&keywords=women+slides&qid=1784952536&sr=8-25,https://m.media-amazon.com/images/I/81JaarSAG2L._AC_UL320_.jpg,42,排名进入前50；价格处于人民币等值¥57.60-¥180.00黄金区间；评分达到4.3以上。
2026-07-25,amazon_us,product,search,women slides,46,KIDMI,¥122.26,4.3,KIDMI,,,,,,https://www.amazon.com/KIDMI-Comfortable-Sandals-Support-Adjustable/dp/B0DMV98TMM/ref=sr_1_31?dib=eyJ2IjoiMSJ9.RrPumS3Ni8XWS9mPWZVEoPInrt2RHyBcd8_hgzLhdqKaFFjqtuo5jyZZyFPRxf5T-DFqTE4rsRPQIkTtCm4-jcmm2kzhiJlO5N11Jl9rTTZ5PYErAiynLKAXMD9vHPHk4UhzViZoBfifwwk07cObYbvZlVmeXuO9rBRseBJnUjkn7QhRy4icrN2-Tm35aUIBnTIEEH-OLYeCqACyVZO6UIAt9khYIcuKTkQaCF8vSrAJ0Tzc66MT-PRZrq0cSYohcNqi3f1mSIEEFcw1ICwR8texRnainHSuvwPePaJSReg.EVmjLPLI-qeuRR7Z3o4_YfguLDc7uiLxtJZXHUqyq88&dib_tag=se&keywords=women+slides&qid=1784952536&sr=8-31,https://m.media-amazon.com/images/I/71Z8+aRxp3L._AC_UL320_.jpg,42,排名进入前50；价格处于人民币等值¥57.60-¥180.00黄金区间；评分达到4.3以上。
2026-07-25,amazon_us,product,best_sellers,Best Sellers Women Sandals,19,"CUSHIONAIRE Vita Jelly Sandals for Women, Casual Lightweight Womens Strappy Sandals with Adjustable Buckle Strap and Gold Hardware Accent",,4.0,$39.98,,,,,,https://www.amazon.com/CUSHIONAIRE-Sandals-Lightweight-Adjustable-Hardware/dp/B0H1Y94T1T/ref=zg_bs_g_679425011_d_sccl_19/135-0908118-7500743?psc=1,"https://images-na.ssl-images-amazon.com/images/I/81Uy6Bt6XaL._AC_UL600_SR600,400_.jpg",39,排名进入前30；评分达到4.0以上。
2026-07-25,amazon_us,product,best_sellers,Best Sellers Women Sandals,31,KuaiLu Womens Flip Flops Arch Support Yoga Mat Cushioned Thong Sandals | Ladies Comfortable Walking Slides For Plantar Fasciitis Slip On Indoor Outdoor For Summer,,4.2,$25.99,,,,,,https://www.amazon.com/KuaiLu-Comfortable-Walking-Sandals-Fasciitis/dp/B08XX52FHY/ref=zg_bs_g_679425011_d_sccl_31/135-0908118-7500743?psc=1,"https://images-na.ssl-images-amazon.com/images/I/61k31MTJEYL._AC_UL300_SR300,200_.jpg",39,排名进入前50；标题包含 comfort、arch support、summer，符合美国女鞋舒适化趋势；评分达到4.0以上。
2026-07-25,amazon_us,product,new_releases,New Releases Women Sandals,12,"CUSHIONAIRE Tory Strappy Flat Sandals for Women, Toe Ring Sandals with Adjustable Buckle Ankle Strap, Wrap Style",,4.0,$39.99,,,,,,https://www.amazon.com/CUSHIONAIRE-Strappy-Sandals-Adjustable-Buckle/dp/B0H421635H/ref=zg_bsnr_g_679425011_d_sccl_12/131-0015466-5867276?psc=1,"https://images-na.ssl-images-amazon.com/images/I/81hP4YBoUmL._AC_UL600_SR600,400_.jpg",39,排名进入前30；评分达到4.0以上。
2026-07-25,amazon_us,product,new_releases,New Releases Women Sandals,18,"CUSHIONAIRE Shana Clear Jelly Strap Heels for Women, Flared Kitten Heel Slide with Cushioned Footbed and Split Toe",,4.2,$49.99,,,,,,https://www.amazon.com/CUSHIONAIRE-Flared-Cushioned-Footbed-TORTOISE/dp/B0H2FK577R/ref=zg_bsnr_g_679425011_d_sccl_18/131-0015466-5867276?psc=1,"https://images-na.ssl-images-amazon.com/images/I/71YZfL+oAFL._AC_UL600_SR600,400_.jpg",39,排名进入前30；评分达到4.0以上。
2026-07-25,amazon_us,product,new_releases,New Releases Women Sandals,32,"BRONAX Women's Jelly Slides Hollow Out Slip-on Sandals J102 | Waterproof PVC Material, Grippy Footbed, Easy-to-Clean, Lightweight Comfort, Slip-Resistant Summer Shoes for Beach & Pool",,4.5,$19.99,,,,,,https://www.amazon.com/BRONAX-Womens-Slides-Sandals-Summer/dp/B0H14FBD45/ref=zg_bsnr_g_679425011_d_sccl_32/135-0908118-7500743?psc=1,"https://images-na.ssl-images-amazon.com/images/I/81RV8Ju+i4L._AC_UL300_SR300,200_.jpg",39,排名进入前50；标题包含 comfort、beach、summer，符合美国女鞋舒适化趋势；评分达到4.3以上。
2026-07-25,amazon_us,product,new_releases,New Releases Women Sandals,39,"CUSHIONAIRE Trio Flip Flops for Women, Comfortable Beach Sandals with Braided Thong Strap, Memory Foam Footbed and Metallic Ring Accents",,4.6,$39.99,,,,,,https://www.amazon.com/CUSHIONAIRE-Comfortable-Sandals-Braided-Metallic/dp/B0H37L11HM/ref=zg_bsnr_g_679425011_d_sccl_39/135-0908118-7500743?psc=1,"https://images-na.ssl-images-amazon.com/images/I/71Bu6Js8cPL._AC_UL300_SR300,200_.jpg",39,排名进入前50；标题包含 comfort、beach，符合美国女鞋舒适化趋势；评分达到4.6以上。
2026-07-25,amazon_us,product,search,women summer slippers,50,VOVEA,¥64.73,4.2,VOVEA,,,,,,https://www.amazon.com/VOVEA-Non-Slip-Bathroom-Cushion-Outdoor/dp/B0BHWQT653/ref=sr_1_39?dib=eyJ2IjoiMSJ9.KrYGXQ5FFfDAMuU-o313tXOUrpbalsfVZtI2J9j5lwTSaT8UZxxT6-ni8hxgXSbms2a-iRAMvnEn0iSH_RSzG5c-VQPyBG98qbNVecwQhYhioEKf4N58nPfgZ7w57mKUPT_uXgnwYBmLiFGtyLFff_Kp318JU12i6Xhypeebo0RoGoCFt4KIFoa1IzZ7qhbMmtcniz2GvqW6xJgX4v7-FrRjLzQZDen_z7rvrKuVg_wLIa9pGZqz7iaRLu5e1fcGmRR5DGM6_DxRldKlRUo7MbuINf2jVhPMNQMFumQbGeA.6PONBvTR1H9dzEfN1z6vRMQoixtNmeE2H5g2U9mqSH0&dib_tag=se&keywords=women+summer+slippers&qid=1784952535&sr=8-39,https://m.media-amazon.com/images/I/811Rf7NxwkL._AC_UL320_.jpg,39,排名进入前50；价格处于人民币等值¥57.60-¥180.00黄金区间；评分达到4.0以上。
2026-07-25,amazon_us,product,search,platform sandals women,42,FUNKYMONKEY,¥136.01,4.1,FUNKYMONKEY,,,,,,https://www.amazon.com/FUNKYMONKEY-Thick-sole-Adjustable-Waterproof-Platform/dp/B0CX8JWVQP/ref=sr_1_26?dib=eyJ2IjoiMSJ9.b40a7B90wYxMAM79Sxswy67Ut4mlF1lCo_WdI1gA3ajgwlB168OjrSZwEURkJDtTcpLE6xEiP1Qkski2dfwsrEnaeEk_MGlPPhP-e1PGjqHnzeLdPBKSb65ZP_KRth-2nBkfkZhprGYD9gyHDFAqnlga9Vj7yLZ4LYpfjK4yGMzRmhbL9SoEp-LPywu27-OQZMFR-aL3EIpyULmzvTBjTb2HoQmr84O9hp1iLbgFbdlAcKi_jJ-GYaa34PcuacMozcog2D-XscQlM-b5cQ1Zp6I89oqGGLjaIcro_JkQoVo.56hKNwz2ig2j-PONG-ooRTUgvvEgAudbb3XUg9O81-U&dib_tag=se&keywords=platform+sandals+women&qid=1784952536&sr=8-26,https://m.media-amazon.com/images/I/61gRcMpyJjL._AC_UL320_.jpg,39,排名进入前50；价格处于人民币等值¥57.60-¥180.00黄金区间；评分达到4.0以上。
2026-07-25,amazon_us,product,best_sellers,Best Sellers Women Sandals,22,"CUSHIONAIRE Splash Jelly Flip Flops for Women With Flexible Sole, Glossy Jelly Finish Summer Sandals for Women",,3.8,$29.95,,,,,,https://www.amazon.com/CUSHIONAIRE-Flexible-Footbed-Sandals-WHISKEY/dp/B0FCZFSVZD/ref=zg_bs_g_679425011_d_sccl_22/135-0908118-7500743?psc=1,"https://images-na.ssl-images-amazon.com/images/I/71jSCW+w9gL._AC_UL600_SR600,400_.jpg",38,排名进入前30；标题包含 summer，符合美国女鞋舒适化趋势。
2026-07-25,amazon_us,product,new_releases,New Releases Women Sandals,34,NEEP Jelly Sandals for Women Non-Slip Pool Slides Vintage Platform Double Buckle Waterproof Sandals for Summer Beach Casual,,4.2,$29.99,,,,,,https://www.amazon.com/NEEP-Sandals-Non-Slip-Platform-Waterproof/dp/B0GWZG4MT8/ref=zg_bsnr_g_679425011_d_sccl_34/135-0908118-7500743?psc=1,"https://images-na.ssl-images-amazon.com/images/I/71iXkFqzxsL._AC_UL300_SR300,200_.jpg",38,排名进入前50；标题包含 platform、beach、summer，符合美国女鞋舒适化趋势；评分达到4.0以上。
2026-07-25,amazon_us,product,search,women summer slippers,44,FITORY,¥196.27,4.3,FITORY,,,,,,https://www.amazon.com/FITORY-Sandals-Fashion-Leather-Slippers/dp/B0CM5N7R34/ref=sr_1_33?dib=eyJ2IjoiMSJ9.KrYGXQ5FFfDAMuU-o313tXOUrpbalsfVZtI2J9j5lwTSaT8UZxxT6-ni8hxgXSbms2a-iRAMvnEn0iSH_RSzG5c-VQPyBG98qbNVecwQhYhioEKf4N58nPfgZ7w57mKUPT_uXgnwYBmLiFGtyLFff_Kp318JU12i6Xhypeebo0RoGoCFt4KIFoa1IzZ7qhbMmtcniz2GvqW6xJgX4v7-FrRjLzQZDen_z7rvrKuVg_wLIa9pGZqz7iaRLu5e1fcGmRR5DGM6_DxRldKlRUo7MbuINf2jVhPMNQMFumQbGeA.6PONBvTR1H9dzEfN1z6vRMQoixtNmeE2H5g2U9mqSH0&dib_tag=se&keywords=women+summer+slippers&qid=1784952535&sr=8-33,https://m.media-amazon.com/images/I/71fgVPQ6SpL._AC_UL320_.jpg,37,排名进入前50；价格处于人民币等值¥180.00-¥288.00区间；评分达到4.3以上。
2026-07-25,amazon_us,product,search,women slides,35,Under Armour,¥244.44,4.4,Under Armour,,,,,,https://www.amazon.com/Under-Armour-Womens-Ignite-Slides/dp/B0F343Z28R/ref=sr_1_20?dib=eyJ2IjoiMSJ9.RrPumS3Ni8XWS9mPWZVEoPInrt2RHyBcd8_hgzLhdqKaFFjqtuo5jyZZyFPRxf5T-DFqTE4rsRPQIkTtCm4-jcmm2kzhiJlO5N11Jl9rTTZ5PYErAiynLKAXMD9vHPHk4UhzViZoBfifwwk07cObYbvZlVmeXuO9rBRseBJnUjkn7QhRy4icrN2-Tm35aUIBnTIEEH-OLYeCqACyVZO6UIAt9khYIcuKTkQaCF8vSrAJ0Tzc66MT-PRZrq0cSYohcNqi3f1mSIEEFcw1ICwR8texRnainHSuvwPePaJSReg.EVmjLPLI-qeuRR7Z3o4_YfguLDc7uiLxtJZXHUqyq88&dib_tag=se&keywords=women+slides&qid=1784952536&sr=8-20,https://m.media-amazon.com/images/I/41S9a3VMv1L._AC_UL320_.jpg,37,排名进入前50；价格处于人民币等值¥180.00-¥288.00区间；评分达到4.3以上。
2026-07-25,amazon_us,product,search,women slides,37,Calvin Klein,¥220.25,4.5,Calvin Klein,,,,,,https://www.amazon.com/Calvin-Klein-Athens-Brown/dp/B091ZF5PQQ/ref=sr_1_22?dib=eyJ2IjoiMSJ9.RrPumS3Ni8XWS9mPWZVEoPInrt2RHyBcd8_hgzLhdqKaFFjqtuo5jyZZyFPRxf5T-DFqTE4rsRPQIkTtCm4-jcmm2kzhiJlO5N11Jl9rTTZ5PYErAiynLKAXMD9vHPHk4UhzViZoBfifwwk07cObYbvZlVmeXuO9rBRseBJnUjkn7QhRy4icrN2-Tm35aUIBnTIEEH-OLYeCqACyVZO6UIAt9khYIcuKTkQaCF8vSrAJ0Tzc66MT-PRZrq0cSYohcNqi3f1mSIEEFcw1ICwR8texRnainHSuvwPePaJSReg.EVmjLPLI-qeuRR7Z3o4_YfguLDc7uiLxtJZXHUqyq88&dib_tag=se&keywords=women+slides&qid=1784952536&sr=8-22,https://m.media-amazon.com/images/I/71nyc3qEKeS._AC_UL320_.jpg,37,排名进入前50；价格处于人民币等值¥180.00-¥288.00区间；评分达到4.3以上。
2026-07-25,amazon_us,product,search,platform sandals women,33,REEF,¥287.50,4.5,REEF,,,,,,https://www.amazon.com/Reef-Womens-Cushion-Sandal-Natural/dp/B0B7TTVGVJ/ref=sr_1_17?dib=eyJ2IjoiMSJ9.b40a7B90wYxMAM79Sxswy67Ut4mlF1lCo_WdI1gA3ajgwlB168OjrSZwEURkJDtTcpLE6xEiP1Qkski2dfwsrEnaeEk_MGlPPhP-e1PGjqHnzeLdPBKSb65ZP_KRth-2nBkfkZhprGYD9gyHDFAqnlga9Vj7yLZ4LYpfjK4yGMzRmhbL9SoEp-LPywu27-OQZMFR-aL3EIpyULmzvTBjTb2HoQmr84O9hp1iLbgFbdlAcKi_jJ-GYaa34PcuacMozcog2D-XscQlM-b5cQ1Zp6I89oqGGLjaIcro_JkQoVo.56hKNwz2ig2j-PONG-ooRTUgvvEgAudbb3XUg9O81-U&dib_tag=se&keywords=platform+sandals+women&qid=1784952536&sr=8-17,https://m.media-amazon.com/images/I/81cCTkHhaSL._AC_UL320_.jpg,37,排名进入前50；价格处于人民币等值¥180.00-¥288.00区间；评分达到4.3以上。
2026-07-25,amazon_us,product,search,platform sandals women,34,DREAM PAIRS,¥287.93,4.5,DREAM PAIRS,,,,,,https://www.amazon.com/DREAM-PAIRS-Adjustable-Lightweight-Waterproof/dp/B0G1RBS19X/ref=sr_1_18?dib=eyJ2IjoiMSJ9.b40a7B90wYxMAM79Sxswy67Ut4mlF1lCo_WdI1gA3ajgwlB168OjrSZwEURkJDtTcpLE6xEiP1Qkski2dfwsrEnaeEk_MGlPPhP-e1PGjqHnzeLdPBKSb65ZP_KRth-2nBkfkZhprGYD9gyHDFAqnlga9Vj7yLZ4LYpfjK4yGMzRmhbL9SoEp-LPywu27-OQZMFR-aL3EIpyULmzvTBjTb2HoQmr84O9hp1iLbgFbdlAcKi_jJ-GYaa34PcuacMozcog2D-XscQlM-b5cQ1Zp6I89oqGGLjaIcro_JkQoVo.56hKNwz2ig2j-PONG-ooRTUgvvEgAudbb3XUg9O81-U&dib_tag=se&keywords=platform+sandals+women&qid=1784952536&sr=8-18,https://m.media-amazon.com/images/I/61VKPpZxLML._AC_UL320_.jpg,37,排名进入前50；价格处于人民币等值¥180.00-¥288.00区间；评分达到4.3以上。
2026-07-25,amazon_us,product,search,platform sandals women,36,DREAM PAIRS,¥187.13,4.3,DREAM PAIRS,,,,,,https://www.amazon.com/DREAM-PAIRS-Elastic-Flatform-Platform/dp/B08138FWSP/ref=sr_1_20?dib=eyJ2IjoiMSJ9.b40a7B90wYxMAM79Sxswy67Ut4mlF1lCo_WdI1gA3ajgwlB168OjrSZwEURkJDtTcpLE6xEiP1Qkski2dfwsrEnaeEk_MGlPPhP-e1PGjqHnzeLdPBKSb65ZP_KRth-2nBkfkZhprGYD9gyHDFAqnlga9Vj7yLZ4LYpfjK4yGMzRmhbL9SoEp-LPywu27-OQZMFR-aL3EIpyULmzvTBjTb2HoQmr84O9hp1iLbgFbdlAcKi_jJ-GYaa34PcuacMozcog2D-XscQlM-b5cQ1Zp6I89oqGGLjaIcro_JkQoVo.56hKNwz2ig2j-PONG-ooRTUgvvEgAudbb3XUg9O81-U&dib_tag=se&keywords=platform+sandals+women&qid=1784952536&sr=8-20,https://m.media-amazon.com/images/I/716T8wDzQRL._AC_UL320_.jpg,37,排名进入前50；价格处于人民币等值¥180.00-¥288.00区间；评分达到4.3以上。
2026-07-25,amazon_us,product,search,platform sandals women,41,mikarka,¥276.41,4.5,mikarka,,,,,,https://www.amazon.com/mikarka-Wedge-Sandals-Women-Comfortable/dp/B0DPMBZT18/ref=sr_1_25?dib=eyJ2IjoiMSJ9.b40a7B90wYxMAM79Sxswy67Ut4mlF1lCo_WdI1gA3ajgwlB168OjrSZwEURkJDtTcpLE6xEiP1Qkski2dfwsrEnaeEk_MGlPPhP-e1PGjqHnzeLdPBKSb65ZP_KRth-2nBkfkZhprGYD9gyHDFAqnlga9Vj7yLZ4LYpfjK4yGMzRmhbL9SoEp-LPywu27-OQZMFR-aL3EIpyULmzvTBjTb2HoQmr84O9hp1iLbgFbdlAcKi_jJ-GYaa34PcuacMozcog2D-XscQlM-b5cQ1Zp6I89oqGGLjaIcro_JkQoVo.56hKNwz2ig2j-PONG-ooRTUgvvEgAudbb3XUg9O81-U&dib_tag=se&keywords=platform+sandals+women&qid=1784952536&sr=8-25,https://m.media-amazon.com/images/I/610FEH2unfS._AC_UL320_.jpg,37,排名进入前50；价格处于人民币等值¥180.00-¥288.00区间；评分达到4.3以上。
2026-07-25,amazon_us,product,best_sellers,Best Sellers Women Sandals,41,KuaiLu Casual Flip Flops for Women Lightweight Cushion Summer Beach Sandals | Comfortable Sport Walking Thong Shoes Pool Outfits Non-Slip Indoor Outdoor,,4.2,$23.98,,,,,,https://www.amazon.com/KuaiLu-Support-Comfortable-Cushion-Non-Slip/dp/B07C1YTWDF/ref=zg_bs_g_679425011_d_sccl_41/135-0908118-7500743?psc=1,"https://images-na.ssl-images-amazon.com/images/I/61TtgwlEaSL._AC_UL300_SR300,200_.jpg",36,排名进入前50；标题包含 comfort、beach、summer，符合美国女鞋舒适化趋势；评分达到4.0以上。
2026-07-25,amazon_us,product,new_releases,New Releases Women Sandals,37,RJYLP Jelly Sandals for Women Clear Sandals Jelly Shoes Women Kitten Heel Mules Open Toe Slide Pumps Dress Shoes Beach Summer Sandal Cute Comfortable,,4.2,$46.99,,,,,,https://www.amazon.com/RJYLP-Sandals-Kitten-Summer-Comfortable/dp/B0H3NBYHJS/ref=zg_bsnr_g_679425011_d_sccl_37/135-0908118-7500743?psc=1,"https://images-na.ssl-images-amazon.com/images/I/61SdeC7gxAL._AC_UL300_SR300,200_.jpg",36,排名进入前50；标题包含 comfort、beach、summer，符合美国女鞋舒适化趋势；评分达到4.0以上。
2026-07-25,amazon_us,product,new_releases,New Releases Women Sandals,44,UBFEN Womens Flat Sandals Dress Braided T-Strap Thong Sandals with Arch Support Comfortable for Walking,,4.2,$33.99,,,,,,https://www.amazon.com/UBFEN-Sandals-Braided-T-Strap-Comfortable/dp/B0H17K4H1S/ref=zg_bsnr_g_679425011_d_sccl_44/135-0908118-7500743?psc=1,"https://images-na.ssl-images-amazon.com/images/I/814WWPR2TOL._AC_UL300_SR300,200_.jpg",36,排名进入前50；标题包含 comfort、arch support，符合美国女鞋舒适化趋势；评分达到4.0以上。
2026-07-25,amazon_us,product,new_releases,New Releases Women Sandals,46,Noctivelle Women Jelly Shoes Clear Mesh Flat Sandal V-Shaped Breathable Comfort Slip On Waterproof Transparent Summer Beach Pool Ballet Flats,,4.1,$22.99,,,,,,https://www.amazon.com/Noctivelle-Women-Clear-Flat-Transparent/dp/B0H5JVSQWM/ref=zg_bsnr_g_679425011_d_sccl_46/135-0908118-7500743?psc=1,"https://images-na.ssl-images-amazon.com/images/I/81WNgzdjKrL._AC_UL300_SR300,200_.jpg",36,排名进入前50；标题包含 comfort、beach、summer，符合美国女鞋舒适化趋势；评分达到4.0以上。
2026-07-25,amazon_us,product,search,women slides,18,4.2,,,4.2,,,,,,https://aax-us-east-retail-direct.amazon.com/x/c/JCk2JQ1Nx4jTpQkPT5SHjBYAAAGfl3Y_DAEAAAH2AQBvbm9fdHhuX2JpZDEgICBvbm9fdHhuX2ltcDEgICC36pe5/clv1c_ek-wBHHWYkbXHQ9XY-scId89Py-I8oNrTYVpFzIM8sCLdRyVcOeYK3KXUX86oIifroHwNZIrDDN78-Zlu6B5nx4woMKxJ-YRk7f0kgWJMwkuoBm-FrApvg1S68Ucpncb00hol9Xvc56RbktF8ioljRCktdtsFlPaUsT-XyW2_JYe3Gcx9qAtxEhPkaolZM71_J3D4JBZPH34deX-pkpY1jqbFOURDNy-pqzkrLSkCzoBtj-hHo6WWDJvlg2O-nUTRApQLqfLujTM0wsXEpLBoRxic9Yg1Y13bh6qSLAw4XGUIEX2a6gmLrPc9aipBFBRMXbCaek3dfRSTlYE8t0ElsPXa-FJnz9DCo59kDX0CyT8viK9wodgap7wly7LjMC3cFzeVPSfa2KOXWimVInPCNaubz26doC_I1ixjJ6xzL4oSKztScbzY4rK6cewFBeNVFv5aTiTJzzOJMX_ypS2TjydWMq81jUVl1Nek9L7otQfwNsXn2v6nA7n-aSPJ7KJ1TdAeh06yuHvYtRi8pjgZ-sQCqA0kgMPe1i6B3CD_RKyRi1Yw551zRmrad4FHHdPCcl75XOiH2gtaxePF8VnSmu72B9QjDLZgToXSjs2RaYvVKyWFuPvZtmhrHzukm6QxCc9bb_8hAM5YEIg_9kidcP0R4WLOZg3ovJyj_q3rK_B029Gf4vymh3v2tv1Lk4auGuE1u5kmh6w_ZiBRYVMaHAQZ-aeXCDto6GBn1L8S3o2HUpcrGbT6TGgTmf4ReYxzEbxU2g9Ub0rUEX3u0ads5MydZ_mwoEClWAQrfZiRw0Woot9U_EuPq-nxFUo8-Qbnj6fTRBm0bsauln06Wb4uvNfesmf3kjyz-8Bb1J6Fkgte25fYp5jACO2yY0zwOdidEb8dLZgzun_pwubPI0v_h_rA0TrBXCAs4dtndieTKJuwxFVBrCtHY18cBtYeU2PjOa-9alHbEyulz-Q3Y3mWdGpKKgDBq7t2qNzoTIF1Z7hyz9SZD67FDSZqgnMX2npFiVhCqODe78s1kPkUQ5d7U5WIUOGRLVLCKpoUURPxewDrItckVaJ4dCmveMD9bJfCOef_OtrEUwzdyQLOR0_Le7yO2CIWfnC5FhZ5jR_sw9h7H4C20uVOSbzi9D47-Uq7TQZi3W__EiiTuT0oWKMHzITyksEOYw-XF_xyaLqp8hvN5WyW0ZdFswSWJjSjrHk_yUpIA09saHdPsH7PCEWHRu9Na_ZbWI0DAENiMdnbxFpDlPl9MsEf6VjF20tQ1HkBpbO6N7Nl-NORC6PWYQ-MqaEj1heYMSpLak8juPPELW7VxEZy2UfYfoXc5hEyJ_TtYjYvFFjSg7fnmLRJ_mYRsaEJjyOIkFY51lFehrE7HtepXLrlZzM3X861drG1iIp-favHAEsGKfD1JQnjg_jug12I-ORL7QI1iD48ZHQBqrkV68OlFFDTYdpSQl1lfk4HSxzJSusrgARyBub1uaDNeapcq0jkZc_OeXsiAi81vh4Z72x-w6-QeKDkb7IC9uEFBGnyLagmc4ULf4trE9AR7zOL2ghc9kGLSsw0GbcGCjpTfPmX3veCF2riE79_gjo6jcxPI07Ng4C8i2-5HNJqkV1TrPYzgMWzy9Ssc9EmNlJI4eUgMKs5KJ_Uqx40nJK7ek7SvFAaAjZqDYbDCXz0JkDrO1m75wVy3imEFmt-gKy_k2gbKjzSLGIo-IhDq3ysNveoiI4vAPm/https://www.amazon.com/dp/B0DQFCGYF3/?_encoding=UTF8&pd_rd_i=B0DQFCGYF3&ref_=sbx_be_s_sparkle_ssd_img&qid=1784952536&pd_rd_w=hA5ev&content-id=amzn1.sym.f080d48e-a8e8-4344-8f76-e4fe27e7b530%3Aamzn1.sym.f080d48e-a8e8-4344-8f76-e4fe27e7b530&pf_rd_p=f080d48e-a8e8-4344-8f76-e4fe27e7b530&pf_rd_r=RJ7EV6EG1KJWFJFVFZNQ&pd_rd_wg=bXUXj&pd_rd_r=2c88543e-c7d2-4b08-b2c6-7cd586364bb5&pd_rd_plhdr=t,"https://m.media-amazon.com/images/I/41WtUR+22DL._AC_SR250,250_QL65_.jpg",35,排名进入前30。
2026-07-25,amazon_us,product,search,women slides,19,4.0,,,4.0,,,,,,https://aax-us-east-retail-direct.amazon.com/x/c/JCk2JQ1Nx4jTpQkPT5SHjBYAAAGfl3Y_DAEAAAH2AQBvbm9fdHhuX2JpZDEgICBvbm9fdHhuX2ltcDEgICC36pe5/clv1c_ek-wBHHWYkbXHQ9XY-scId89Py-I8oNrTYVpFzIM8sCLdRyVcOeYK3KXUX86oIifroHwNZIrDDN78-Zlu6B5nx4woMKxJ-YRk7f0kgWJMwkuoBm-FrApvg1S68Ucpncb00hol9Xvc56RbktF8ioljRCktdtsFlPaUsT-XyW2_JYe3Gcx9qAtxEhPkaolZM71_J3D4JBZPH34deX-pkpY1jqbFOURDNy-pqzkrLSkCzoBtj-hHo6WWDJvlg2O-nUTRApQLqfLujTM0wsXEpLBoRxic9Yg1Y13bh6qSLAw4XGUIEX2a6gmLrPc9aipBFBRMXbCaek3dfRSTlYE8t0ElsPXa-FJnz9DCo59kDX0CyT8viK9wodgap7wly7LjMC3cFzeVPSfa2KOXWimVInPCNaubz26doC_I1ixjJ6xzL4oSKztScbzY4rK6cewFBeNVFv5aTiTJzzOJMX_ypS2TjydWMq81jUVl1Nek9L7otQfwNsXn2v6nA7n-aSPJ7KJ1TdAeh06yuHvYtRi8pjgZ-sQCqA0kgMPe1i6B3CD_RKyRi1Yw551zRmrad4FHHdPCcl75XOiH2gtaxePF8VnSmu72B9QjDLZgToXSjs2RaYvVKyWFuPvZtmhrHzukm6QxCc9bb_8hAM5YEIg_9kidcP0R4WLOZg3ovJyj_q3rK_B029Gf4vymh3v2tv1Lk4auGuE1u5kmh6w_ZiBRYVMaHAQZ-aeXCDto6GBn1L8S3o2HUpcrGbT6TGgTmf4ReYxzEbxU2g9Ub0rUEX3u0ads5MydZ_mwoEClWAQrfZiRw0Woot9U_EuPq-nxFUo8-Qbnj6fTRBm0bsauln06Wb4uvNfesmf3kjyz-8Bb1J6Fkgte25fYp5jACO2yY0zwOdidEb8dLZgzun_pwubPI0v_h_rA0TrBXCAs4dtndieTKJuwxFVBrCtHY18cBtYeU2PjOa-9alHbEyulz-Q3Y3mWdGpKKgDBq7t2qNzoTIF1Z7hyz9SZD67FDSZqgnMX2npFiVhCqODe78s1kPkUQ5d7U5WIUOGRLVLCKpoUURPxewDrItckVaJ4dCmveMD9bJfCOef_OtrEUwzdyQLOR0_Le7yO2CIWfnC5FhZ5jR_sw9h7H4C20uVOSbzi9D47-Uq7TQZi3W__EiiTuT0oWKMHzITyksEOYw-XF_xyaLqp8hvN5WyW0ZdFswSWJjSjrHk_yUpIA09saHdPsH7PCEWHRu9Na_ZbWI0DAENiMdnbxFpDlPl9MsEf6VjF20tQ1HkBpbO6N7Nl-NORC6PWYQ-MqaEj1heYMSpLak8juPPELW7VxEZy2UfYfoXc5hEyJ_TtYjYvFFjSg7fnmLRJ_mYRsaEJjyOIkFY51lFehrE7HtepXLrlZzM3X861drG1iIp-favHAEsGKfD1JQnjg_jug12I-ORL7QI1iD48ZHQBqrkV68OlFFDTYdpSQl1lfk4HSxzJSusrgARyBub1uaDNeapcq0jkZc_OeXsiAi81vh4Z72x-w6-QeKDkb7IC9uEFBGnyLagmc4ULf4trE9AR7zOL2ghc9kGLSsw0GbcGCjpTfPmX3veCF2riE79_gjo6jcxPI07Ng4C8i2-5HNJqkV1TrPYzgMWzy9Ssc9EmNlJI4eUgMKs5KJ_Uqx40nJK7ek7SvFAaAjZqDYbDCXz0JkDrO1m75wVy3imEFmt-gKy_k2gbKjzSLGIo-IhDq3ysNveoiI4vAPm/https://www.amazon.com/dp/B0D79QV1LX/?_encoding=UTF8&pd_rd_i=B0D79QV1LX&ref_=sbx_be_s_sparkle_ssd_img&qid=1784952536&pd_rd_w=hA5ev&content-id=amzn1.sym.f080d48e-a8e8-4344-8f76-e4fe27e7b530%3Aamzn1.sym.f080d48e-a8e8-4344-8f76-e4fe27e7b530&pf_rd_p=f080d48e-a8e8-4344-8f76-e4fe27e7b530&pf_rd_r=RJ7EV6EG1KJWFJFVFZNQ&pd_rd_wg=bXUXj&pd_rd_r=2c88543e-c7d2-4b08-b2c6-7cd586364bb5&pd_rd_plhdr=t,"https://m.media-amazon.com/images/I/41tX2qrpXaL._AC_SR250,250_QL65_.jpg",35,排名进入前30。
2026-07-25,amazon_us,product,search,women slides,20,4.2,,,4.2,,,,,,https://aax-us-east-retail-direct.amazon.com/x/c/JCk2JQ1Nx4jTpQkPT5SHjBYAAAGfl3Y_DAEAAAH2AQBvbm9fdHhuX2JpZDEgICBvbm9fdHhuX2ltcDEgICC36pe5/clv1c_ek-wBHHWYkbXHQ9XY-scId89Py-I8oNrTYVpFzIM8sCLdRyVcOeYK3KXUX86oIifroHwNZIrDDN78-Zlu6B5nx4woMKxJ-YRk7f0kgWJMwkuoBm-FrApvg1S68Ucpncb00hol9Xvc56RbktF8ioljRCktdtsFlPaUsT-XyW2_JYe3Gcx9qAtxEhPkaolZM71_J3D4JBZPH34deX-pkpY1jqbFOURDNy-pqzkrLSkCzoBtj-hHo6WWDJvlg2O-nUTRApQLqfLujTM0wsXEpLBoRxic9Yg1Y13bh6qSLAw4XGUIEX2a6gmLrPc9aipBFBRMXbCaek3dfRSTlYE8t0ElsPXa-FJnz9DCo59kDX0CyT8viK9wodgap7wly7LjMC3cFzeVPSfa2KOXWimVInPCNaubz26doC_I1ixjJ6xzL4oSKztScbzY4rK6cewFBeNVFv5aTiTJzzOJMX_ypS2TjydWMq81jUVl1Nek9L7otQfwNsXn2v6nA7n-aSPJ7KJ1TdAeh06yuHvYtRi8pjgZ-sQCqA0kgMPe1i6B3CD_RKyRi1Yw551zRmrad4FHHdPCcl75XOiH2gtaxePF8VnSmu72B9QjDLZgToXSjs2RaYvVKyWFuPvZtmhrHzukm6QxCc9bb_8hAM5YEIg_9kidcP0R4WLOZg3ovJyj_q3rK_B029Gf4vymh3v2tv1Lk4auGuE1u5kmh6w_ZiBRYVMaHAQZ-aeXCDto6GBn1L8S3o2HUpcrGbT6TGgTmf4ReYxzEbxU2g9Ub0rUEX3u0ads5MydZ_mwoEClWAQrfZiRw0Woot9U_EuPq-nxFUo8-Qbnj6fTRBm0bsauln06Wb4uvNfesmf3kjyz-8Bb1J6Fkgte25fYp5jACO2yY0zwOdidEb8dLZgzun_pwubPI0v_h_rA0TrBXCAs4dtndieTKJuwxFVBrCtHY18cBtYeU2PjOa-9alHbEyulz-Q3Y3mWdGpKKgDBq7t2qNzoTIF1Z7hyz9SZD67FDSZqgnMX2npFiVhCqODe78s1kPkUQ5d7U5WIUOGRLVLCKpoUURPxewDrItckVaJ4dCmveMD9bJfCOef_OtrEUwzdyQLOR0_Le7yO2CIWfnC5FhZ5jR_sw9h7H4C20uVOSbzi9D47-Uq7TQZi3W__EiiTuT0oWKMHzITyksEOYw-XF_xyaLqp8hvN5WyW0ZdFswSWJjSjrHk_yUpIA09saHdPsH7PCEWHRu9Na_ZbWI0DAENiMdnbxFpDlPl9MsEf6VjF20tQ1HkBpbO6N7Nl-NORC6PWYQ-MqaEj1heYMSpLak8juPPELW7VxEZy2UfYfoXc5hEyJ_TtYjYvFFjSg7fnmLRJ_mYRsaEJjyOIkFY51lFehrE7HtepXLrlZzM3X861drG1iIp-favHAEsGKfD1JQnjg_jug12I-ORL7QI1iD48ZHQBqrkV68OlFFDTYdpSQl1lfk4HSxzJSusrgARyBub1uaDNeapcq0jkZc_OeXsiAi81vh4Z72x-w6-QeKDkb7IC9uEFBGnyLagmc4ULf4trE9AR7zOL2ghc9kGLSsw0GbcGCjpTfPmX3veCF2riE79_gjo6jcxPI07Ng4C8i2-5HNJqkV1TrPYzgMWzy9Ssc9EmNlJI4eUgMKs5KJ_Uqx40nJK7ek7SvFAaAjZqDYbDCXz0JkDrO1m75wVy3imEFmt-gKy_k2gbKjzSLGIo-IhDq3ysNveoiI4vAPm/https://www.amazon.com/dp/B0DNRXPSX5/?_encoding=UTF8&pd_rd_i=B0DNRXPSX5&ref_=sbx_be_s_sparkle_ssd_img&qid=1784952536&pd_rd_w=hA5ev&content-id=amzn1.sym.f080d48e-a8e8-4344-8f76-e4fe27e7b530%3Aamzn1.sym.f080d48e-a8e8-4344-8f76-e4fe27e7b530&pf_rd_p=f080d48e-a8e8-4344-8f76-e4fe27e7b530&pf_rd_r=RJ7EV6EG1KJWFJFVFZNQ&pd_rd_wg=bXUXj&pd_rd_r=2c88543e-c7d2-4b08-b2c6-7cd586364bb5&pd_rd_plhdr=t,"https://m.media-amazon.com/images/I/414xfCbuq+L._AC_SR250,250_QL65_.jpg",35,排名进入前30。
2026-07-25,amazon_us,product,search,women slides,21,4.2,,,4.2,,,,,,https://aax-us-east-retail-direct.amazon.com/x/c/JCk2JQ1Nx4jTpQkPT5SHjBYAAAGfl3Y_DAEAAAH2AQBvbm9fdHhuX2JpZDEgICBvbm9fdHhuX2ltcDEgICC36pe5/clv1c_ek-wBHHWYkbXHQ9XY-scId89Py-I8oNrTYVpFzIM8sCLdRyVcOeYK3KXUX86oIifroHwNZIrDDN78-Zlu6B5nx4woMKxJ-YRk7f0kgWJMwkuoBm-FrApvg1S68Ucpncb00hol9Xvc56RbktF8ioljRCktdtsFlPaUsT-XyW2_JYe3Gcx9qAtxEhPkaolZM71_J3D4JBZPH34deX-pkpY1jqbFOURDNy-pqzkrLSkCzoBtj-hHo6WWDJvlg2O-nUTRApQLqfLujTM0wsXEpLBoRxic9Yg1Y13bh6qSLAw4XGUIEX2a6gmLrPc9aipBFBRMXbCaek3dfRSTlYE8t0ElsPXa-FJnz9DCo59kDX0CyT8viK9wodgap7wly7LjMC3cFzeVPSfa2KOXWimVInPCNaubz26doC_I1ixjJ6xzL4oSKztScbzY4rK6cewFBeNVFv5aTiTJzzOJMX_ypS2TjydWMq81jUVl1Nek9L7otQfwNsXn2v6nA7n-aSPJ7KJ1TdAeh06yuHvYtRi8pjgZ-sQCqA0kgMPe1i6B3CD_RKyRi1Yw551zRmrad4FHHdPCcl75XOiH2gtaxePF8VnSmu72B9QjDLZgToXSjs2RaYvVKyWFuPvZtmhrHzukm6QxCc9bb_8hAM5YEIg_9kidcP0R4WLOZg3ovJyj_q3rK_B029Gf4vymh3v2tv1Lk4auGuE1u5kmh6w_ZiBRYVMaHAQZ-aeXCDto6GBn1L8S3o2HUpcrGbT6TGgTmf4ReYxzEbxU2g9Ub0rUEX3u0ads5MydZ_mwoEClWAQrfZiRw0Woot9U_EuPq-nxFUo8-Qbnj6fTRBm0bsauln06Wb4uvNfesmf3kjyz-8Bb1J6Fkgte25fYp5jACO2yY0zwOdidEb8dLZgzun_pwubPI0v_h_rA0TrBXCAs4dtndieTKJuwxFVBrCtHY18cBtYeU2PjOa-9alHbEyulz-Q3Y3mWdGpKKgDBq7t2qNzoTIF1Z7hyz9SZD67FDSZqgnMX2npFiVhCqODe78s1kPkUQ5d7U5WIUOGRLVLCKpoUURPxewDrItckVaJ4dCmveMD9bJfCOef_OtrEUwzdyQLOR0_Le7yO2CIWfnC5FhZ5jR_sw9h7H4C20uVOSbzi9D47-Uq7TQZi3W__EiiTuT0oWKMHzITyksEOYw-XF_xyaLqp8hvN5WyW0ZdFswSWJjSjrHk_yUpIA09saHdPsH7PCEWHRu9Na_ZbWI0DAENiMdnbxFpDlPl9MsEf6VjF20tQ1HkBpbO6N7Nl-NORC6PWYQ-MqaEj1heYMSpLak8juPPELW7VxEZy2UfYfoXc5hEyJ_TtYjYvFFjSg7fnmLRJ_mYRsaEJjyOIkFY51lFehrE7HtepXLrlZzM3X861drG1iIp-favHAEsGKfD1JQnjg_jug12I-ORL7QI1iD48ZHQBqrkV68OlFFDTYdpSQl1lfk4HSxzJSusrgARyBub1uaDNeapcq0jkZc_OeXsiAi81vh4Z72x-w6-QeKDkb7IC9uEFBGnyLagmc4ULf4trE9AR7zOL2ghc9kGLSsw0GbcGCjpTfPmX3veCF2riE79_gjo6jcxPI07Ng4C8i2-5HNJqkV1TrPYzgMWzy9Ssc9EmNlJI4eUgMKs5KJ_Uqx40nJK7ek7SvFAaAjZqDYbDCXz0JkDrO1m75wVy3imEFmt-gKy_k2gbKjzSLGIo-IhDq3ysNveoiI4vAPm/https://www.amazon.com/dp/B0DQFCGYF3/?_encoding=UTF8&pd_rd_i=B0DQFCGYF3&ref_=sbx_be_s_sparkle_ssd_img&qid=1784952536&pd_rd_w=hA5ev&content-id=amzn1.sym.f080d48e-a8e8-4344-8f76-e4fe27e7b530%3Aamzn1.sym.f080d48e-a8e8-4344-8f76-e4fe27e7b530&pf_rd_p=f080d48e-a8e8-4344-8f76-e4fe27e7b530&pf_rd_r=RJ7EV6EG1KJWFJFVFZNQ&pd_rd_wg=bXUXj&pd_rd_r=2c88543e-c7d2-4b08-b2c6-7cd586364bb5&pd_rd_plhdr=t,"https://m.media-amazon.com/images/I/41WtUR+22DL._AC_SR250,250_QL65_.jpg",35,排名进入前30。
2026-07-25,amazon_us,product,search,women slides,22,4.0,,,4.0,,,,,,https://aax-us-east-retail-direct.amazon.com/x/c/JCk2JQ1Nx4jTpQkPT5SHjBYAAAGfl3Y_DAEAAAH2AQBvbm9fdHhuX2JpZDEgICBvbm9fdHhuX2ltcDEgICC36pe5/clv1c_ek-wBHHWYkbXHQ9XY-scId89Py-I8oNrTYVpFzIM8sCLdRyVcOeYK3KXUX86oIifroHwNZIrDDN78-Zlu6B5nx4woMKxJ-YRk7f0kgWJMwkuoBm-FrApvg1S68Ucpncb00hol9Xvc56RbktF8ioljRCktdtsFlPaUsT-XyW2_JYe3Gcx9qAtxEhPkaolZM71_J3D4JBZPH34deX-pkpY1jqbFOURDNy-pqzkrLSkCzoBtj-hHo6WWDJvlg2O-nUTRApQLqfLujTM0wsXEpLBoRxic9Yg1Y13bh6qSLAw4XGUIEX2a6gmLrPc9aipBFBRMXbCaek3dfRSTlYE8t0ElsPXa-FJnz9DCo59kDX0CyT8viK9wodgap7wly7LjMC3cFzeVPSfa2KOXWimVInPCNaubz26doC_I1ixjJ6xzL4oSKztScbzY4rK6cewFBeNVFv5aTiTJzzOJMX_ypS2TjydWMq81jUVl1Nek9L7otQfwNsXn2v6nA7n-aSPJ7KJ1TdAeh06yuHvYtRi8pjgZ-sQCqA0kgMPe1i6B3CD_RKyRi1Yw551zRmrad4FHHdPCcl75XOiH2gtaxePF8VnSmu72B9QjDLZgToXSjs2RaYvVKyWFuPvZtmhrHzukm6QxCc9bb_8hAM5YEIg_9kidcP0R4WLOZg3ovJyj_q3rK_B029Gf4vymh3v2tv1Lk4auGuE1u5kmh6w_ZiBRYVMaHAQZ-aeXCDto6GBn1L8S3o2HUpcrGbT6TGgTmf4ReYxzEbxU2g9Ub0rUEX3u0ads5MydZ_mwoEClWAQrfZiRw0Woot9U_EuPq-nxFUo8-Qbnj6fTRBm0bsauln06Wb4uvNfesmf3kjyz-8Bb1J6Fkgte25fYp5jACO2yY0zwOdidEb8dLZgzun_pwubPI0v_h_rA0TrBXCAs4dtndieTKJuwxFVBrCtHY18cBtYeU2PjOa-9alHbEyulz-Q3Y3mWdGpKKgDBq7t2qNzoTIF1Z7hyz9SZD67FDSZqgnMX2npFiVhCqODe78s1kPkUQ5d7U5WIUOGRLVLCKpoUURPxewDrItckVaJ4dCmveMD9bJfCOef_OtrEUwzdyQLOR0_Le7yO2CIWfnC5FhZ5jR_sw9h7H4C20uVOSbzi9D47-Uq7TQZi3W__EiiTuT0oWKMHzITyksEOYw-XF_xyaLqp8hvN5WyW0ZdFswSWJjSjrHk_yUpIA09saHdPsH7PCEWHRu9Na_ZbWI0DAENiMdnbxFpDlPl9MsEf6VjF20tQ1HkBpbO6N7Nl-NORC6PWYQ-MqaEj1heYMSpLak8juPPELW7VxEZy2UfYfoXc5hEyJ_TtYjYvFFjSg7fnmLRJ_mYRsaEJjyOIkFY51lFehrE7HtepXLrlZzM3X861drG1iIp-favHAEsGKfD1JQnjg_jug12I-ORL7QI1iD48ZHQBqrkV68OlFFDTYdpSQl1lfk4HSxzJSusrgARyBub1uaDNeapcq0jkZc_OeXsiAi81vh4Z72x-w6-QeKDkb7IC9uEFBGnyLagmc4ULf4trE9AR7zOL2ghc9kGLSsw0GbcGCjpTfPmX3veCF2riE79_gjo6jcxPI07Ng4C8i2-5HNJqkV1TrPYzgMWzy9Ssc9EmNlJI4eUgMKs5KJ_Uqx40nJK7ek7SvFAaAjZqDYbDCXz0JkDrO1m75wVy3imEFmt-gKy_k2gbKjzSLGIo-IhDq3ysNveoiI4vAPm/https://www.amazon.com/dp/B0D79QV1LX/?_encoding=UTF8&pd_rd_i=B0D79QV1LX&ref_=sbx_be_s_sparkle_ssd_img&qid=1784952536&pd_rd_w=hA5ev&content-id=amzn1.sym.f080d48e-a8e8-4344-8f76-e4fe27e7b530%3Aamzn1.sym.f080d48e-a8e8-4344-8f76-e4fe27e7b530&pf_rd_p=f080d48e-a8e8-4344-8f76-e4fe27e7b530&pf_rd_r=RJ7EV6EG1KJWFJFVFZNQ&pd_rd_wg=bXUXj&pd_rd_r=2c88543e-c7d2-4b08-b2c6-7cd586364bb5&pd_rd_plhdr=t,"https://m.media-amazon.com/images/I/41tX2qrpXaL._AC_SR250,250_QL65_.jpg",35,排名进入前30。
2026-07-25,amazon_us,product,search,women slides,23,4.2,,,4.2,,,,,,https://aax-us-east-retail-direct.amazon.com/x/c/JCk2JQ1Nx4jTpQkPT5SHjBYAAAGfl3Y_DAEAAAH2AQBvbm9fdHhuX2JpZDEgICBvbm9fdHhuX2ltcDEgICC36pe5/clv1c_ek-wBHHWYkbXHQ9XY-scId89Py-I8oNrTYVpFzIM8sCLdRyVcOeYK3KXUX86oIifroHwNZIrDDN78-Zlu6B5nx4woMKxJ-YRk7f0kgWJMwkuoBm-FrApvg1S68Ucpncb00hol9Xvc56RbktF8ioljRCktdtsFlPaUsT-XyW2_JYe3Gcx9qAtxEhPkaolZM71_J3D4JBZPH34deX-pkpY1jqbFOURDNy-pqzkrLSkCzoBtj-hHo6WWDJvlg2O-nUTRApQLqfLujTM0wsXEpLBoRxic9Yg1Y13bh6qSLAw4XGUIEX2a6gmLrPc9aipBFBRMXbCaek3dfRSTlYE8t0ElsPXa-FJnz9DCo59kDX0CyT8viK9wodgap7wly7LjMC3cFzeVPSfa2KOXWimVInPCNaubz26doC_I1ixjJ6xzL4oSKztScbzY4rK6cewFBeNVFv5aTiTJzzOJMX_ypS2TjydWMq81jUVl1Nek9L7otQfwNsXn2v6nA7n-aSPJ7KJ1TdAeh06yuHvYtRi8pjgZ-sQCqA0kgMPe1i6B3CD_RKyRi1Yw551zRmrad4FHHdPCcl75XOiH2gtaxePF8VnSmu72B9QjDLZgToXSjs2RaYvVKyWFuPvZtmhrHzukm6QxCc9bb_8hAM5YEIg_9kidcP0R4WLOZg3ovJyj_q3rK_B029Gf4vymh3v2tv1Lk4auGuE1u5kmh6w_ZiBRYVMaHAQZ-aeXCDto6GBn1L8S3o2HUpcrGbT6TGgTmf4ReYxzEbxU2g9Ub0rUEX3u0ads5MydZ_mwoEClWAQrfZiRw0Woot9U_EuPq-nxFUo8-Qbnj6fTRBm0bsauln06Wb4uvNfesmf3kjyz-8Bb1J6Fkgte25fYp5jACO2yY0zwOdidEb8dLZgzun_pwubPI0v_h_rA0TrBXCAs4dtndieTKJuwxFVBrCtHY18cBtYeU2PjOa-9alHbEyulz-Q3Y3mWdGpKKgDBq7t2qNzoTIF1Z7hyz9SZD67FDSZqgnMX2npFiVhCqODe78s1kPkUQ5d7U5WIUOGRLVLCKpoUURPxewDrItckVaJ4dCmveMD9bJfCOef_OtrEUwzdyQLOR0_Le7yO2CIWfnC5FhZ5jR_sw9h7H4C20uVOSbzi9D47-Uq7TQZi3W__EiiTuT0oWKMHzITyksEOYw-XF_xyaLqp8hvN5WyW0ZdFswSWJjSjrHk_yUpIA09saHdPsH7PCEWHRu9Na_ZbWI0DAENiMdnbxFpDlPl9MsEf6VjF20tQ1HkBpbO6N7Nl-NORC6PWYQ-MqaEj1heYMSpLak8juPPELW7VxEZy2UfYfoXc5hEyJ_TtYjYvFFjSg7fnmLRJ_mYRsaEJjyOIkFY51lFehrE7HtepXLrlZzM3X861drG1iIp-favHAEsGKfD1JQnjg_jug12I-ORL7QI1iD48ZHQBqrkV68OlFFDTYdpSQl1lfk4HSxzJSusrgARyBub1uaDNeapcq0jkZc_OeXsiAi81vh4Z72x-w6-QeKDkb7IC9uEFBGnyLagmc4ULf4trE9AR7zOL2ghc9kGLSsw0GbcGCjpTfPmX3veCF2riE79_gjo6jcxPI07Ng4C8i2-5HNJqkV1TrPYzgMWzy9Ssc9EmNlJI4eUgMKs5KJ_Uqx40nJK7ek7SvFAaAjZqDYbDCXz0JkDrO1m75wVy3imEFmt-gKy_k2gbKjzSLGIo-IhDq3ysNveoiI4vAPm/https://www.amazon.com/dp/B0DNRXPSX5/?_encoding=UTF8&pd_rd_i=B0DNRXPSX5&ref_=sbx_be_s_sparkle_ssd_img&qid=1784952536&pd_rd_w=hA5ev&content-id=amzn1.sym.f080d48e-a8e8-4344-8f76-e4fe27e7b530%3Aamzn1.sym.f080d48e-a8e8-4344-8f76-e4fe27e7b530&pf_rd_p=f080d48e-a8e8-4344-8f76-e4fe27e7b530&pf_rd_r=RJ7EV6EG1KJWFJFVFZNQ&pd_rd_wg=bXUXj&pd_rd_r=2c88543e-c7d2-4b08-b2c6-7cd586364bb5&pd_rd_plhdr=t,"https://m.media-amazon.com/images/I/414xfCbuq+L._AC_SR250,250_QL65_.jpg",35,排名进入前30。
2026-07-25,amazon_us,product,search,women summer slippers,41,KuaiLu,¥187.13,4.2,KuaiLu,,,,,,https://www.amazon.com/KuaiLu-Comfortable-Walking-Plantar-Fasciitis/dp/B0BN3DW8ZP/ref=sr_1_30?dib=eyJ2IjoiMSJ9.KrYGXQ5FFfDAMuU-o313tXOUrpbalsfVZtI2J9j5lwTSaT8UZxxT6-ni8hxgXSbms2a-iRAMvnEn0iSH_RSzG5c-VQPyBG98qbNVecwQhYhioEKf4N58nPfgZ7w57mKUPT_uXgnwYBmLiFGtyLFff_Kp318JU12i6Xhypeebo0RoGoCFt4KIFoa1IzZ7qhbMmtcniz2GvqW6xJgX4v7-FrRjLzQZDen_z7rvrKuVg_wLIa9pGZqz7iaRLu5e1fcGmRR5DGM6_DxRldKlRUo7MbuINf2jVhPMNQMFumQbGeA.6PONBvTR1H9dzEfN1z6vRMQoixtNmeE2H5g2U9mqSH0&dib_tag=se&keywords=women+summer+slippers&qid=1784952535&sr=8-30,https://m.media-amazon.com/images/I/61Qb8hEa+tL._AC_UL320_.jpg,34,排名进入前50；价格处于人民币等值¥180.00-¥288.00区间；评分达到4.0以上。
2026-07-25,amazon_us,product,search,women summer slippers,42,Dearfoams,¥194.40,4.2,Dearfoams,,,,,,https://www.amazon.com/Dearfoams-Womens-Melanie-Terry-Slipper/dp/B0CJ9QKQZ7/ref=sr_1_31?dib=eyJ2IjoiMSJ9.KrYGXQ5FFfDAMuU-o313tXOUrpbalsfVZtI2J9j5lwTSaT8UZxxT6-ni8hxgXSbms2a-iRAMvnEn0iSH_RSzG5c-VQPyBG98qbNVecwQhYhioEKf4N58nPfgZ7w57mKUPT_uXgnwYBmLiFGtyLFff_Kp318JU12i6Xhypeebo0RoGoCFt4KIFoa1IzZ7qhbMmtcniz2GvqW6xJgX4v7-FrRjLzQZDen_z7rvrKuVg_wLIa9pGZqz7iaRLu5e1fcGmRR5DGM6_DxRldKlRUo7MbuINf2jVhPMNQMFumQbGeA.6PONBvTR1H9dzEfN1z6vRMQoixtNmeE2H5g2U9mqSH0&dib_tag=se&keywords=women+summer+slippers&qid=1784952535&sr=8-31,https://m.media-amazon.com/images/I/71dBhEFP+kL._AC_UL320_.jpg,34,排名进入前50；价格处于人民币等值¥180.00-¥288.00区间；评分达到4.0以上。
2026-07-25,amazon_us,product,search,platform sandals women,46,Lovee Cosee,¥287.93,4.1,Lovee Cosee,,,,,,https://www.amazon.com/Lovee-Cosee-Lightweight-Comfortable-Essentials/dp/B0F1MYF4FQ/ref=sr_1_30?dib=eyJ2IjoiMSJ9.b40a7B90wYxMAM79Sxswy67Ut4mlF1lCo_WdI1gA3ajgwlB168OjrSZwEURkJDtTcpLE6xEiP1Qkski2dfwsrEnaeEk_MGlPPhP-e1PGjqHnzeLdPBKSb65ZP_KRth-2nBkfkZhprGYD9gyHDFAqnlga9Vj7yLZ4LYpfjK4yGMzRmhbL9SoEp-LPywu27-OQZMFR-aL3EIpyULmzvTBjTb2HoQmr84O9hp1iLbgFbdlAcKi_jJ-GYaa34PcuacMozcog2D-XscQlM-b5cQ1Zp6I89oqGGLjaIcro_JkQoVo.56hKNwz2ig2j-PONG-ooRTUgvvEgAudbb3XUg9O81-U&dib_tag=se&keywords=platform+sandals+women&qid=1784952536&sr=8-30,https://m.media-amazon.com/images/I/71tL3Y0loaL._AC_UL320_.jpg,34,排名进入前50；价格处于人民币等值¥180.00-¥288.00区间；评分达到4.0以上。
2026-07-25,amazon_us,product,search,platform sandals women,48,Coutgo,¥266.26,4.0,Coutgo,,,,,,https://www.amazon.com/Coutgo-Womens-Platform-Sandals-Espadrilles/dp/B0DJVQ5L69/ref=sr_1_32?dib=eyJ2IjoiMSJ9.b40a7B90wYxMAM79Sxswy67Ut4mlF1lCo_WdI1gA3ajgwlB168OjrSZwEURkJDtTcpLE6xEiP1Qkski2dfwsrEnaeEk_MGlPPhP-e1PGjqHnzeLdPBKSb65ZP_KRth-2nBkfkZhprGYD9gyHDFAqnlga9Vj7yLZ4LYpfjK4yGMzRmhbL9SoEp-LPywu27-OQZMFR-aL3EIpyULmzvTBjTb2HoQmr84O9hp1iLbgFbdlAcKi_jJ-GYaa34PcuacMozcog2D-XscQlM-b5cQ1Zp6I89oqGGLjaIcro_JkQoVo.56hKNwz2ig2j-PONG-ooRTUgvvEgAudbb3XUg9O81-U&dib_tag=se&keywords=platform+sandals+women&qid=1784952536&sr=8-32,https://m.media-amazon.com/images/I/71969BHDGrL._AC_UL320_.jpg,34,排名进入前50；价格处于人民币等值¥180.00-¥288.00区间；评分达到4.0以上。
2026-07-25,amazon_us,product,best_sellers,Best Sellers Women Sandals,34,"DREAM PAIRS Women's Comfort Block Heel Sandals | Open Toe Adjustable Ankle Strap Chunky Dress Heels, Fashion Formal Heeled Sandals for Prom, Wedding Guest and Formal Events",,4.3,$25.02,,,,,,https://www.amazon.com/DREAM-PAIRS-Womens-Chunk-Sandals/dp/B01LT7HVJA/ref=zg_bs_g_679425011_d_sccl_34/135-0908118-7500743?psc=1,"https://images-na.ssl-images-amazon.com/images/I/71Pi8-WnUlL._AC_UL300_SR300,200_.jpg",33,排名进入前50；标题包含 comfort，符合美国女鞋舒适化趋势；评分达到4.3以上。
2026-07-25,amazon_us,product,best_sellers,Best Sellers Women Sandals,39,SKETOE Kitten Heels for Women Square Toe Sandals Flip Flop Heels Thong Sandals Comfortable Summer 2 Inch Heels Sandals,,4.2,$30.99,,,,,,https://www.amazon.com/SKETOE-Kitten-Square-Sandals-Comfortable/dp/B0F4QHKCDM/ref=zg_bs_g_679425011_d_sccl_39/135-0908118-7500743?psc=1,"https://images-na.ssl-images-amazon.com/images/I/61WGe4p1FWL._AC_UL300_SR300,200_.jpg",33,排名进入前50；标题包含 comfort、summer，符合美国女鞋舒适化趋势；评分达到4.0以上。
2026-07-25,amazon_us,product,best_sellers,Best Sellers Women Sandals,45,SKETOE Women Square Toe Leather Flip Flops Lightweight Flat Thong Sandals Summer Vacation Dressy Comfort Slides,,4.1,$9.98,,,,,,https://www.amazon.com/SKETOE-Comfortable-Lightweight-Vacation-Essentials/dp/B0F3D7SK4Q/ref=zg_bs_g_679425011_d_sccl_45/135-0908118-7500743?psc=1,"https://images-na.ssl-images-amazon.com/images/I/71y8BI4F1xL._AC_UL300_SR300,200_.jpg",33,排名进入前50；标题包含 comfort、summer，符合美国女鞋舒适化趋势；评分达到4.0以上。
2026-07-25,amazon_us,product,new_releases,New Releases Women Sandals,42,adidas Womens Adilette Comfort 2.0 Slides Casual Sandals Casual - White,,4.3,$28.00,,,,,,https://www.amazon.com/adidas-Womens-Adilette-Comfort-Crystal/dp/B0F2BB53S6/ref=zg_bsnr_g_679425011_d_sccl_42/135-0908118-7500743?psc=1,"https://images-na.ssl-images-amazon.com/images/I/51MmIVL+CDL._AC_UL300_SR300,200_.jpg",33,排名进入前50；标题包含 comfort，符合美国女鞋舒适化趋势；评分达到4.3以上。
2026-07-25,amazon_us,product,search,women slides,31,Nike,¥310.82,4.6,Nike,,,,,,https://www.amazon.com/Nike-Womens-Slides-Sandal-Black-Black/dp/B0F8RWM4WP/ref=sr_1_16?dib=eyJ2IjoiMSJ9.RrPumS3Ni8XWS9mPWZVEoPInrt2RHyBcd8_hgzLhdqKaFFjqtuo5jyZZyFPRxf5T-DFqTE4rsRPQIkTtCm4-jcmm2kzhiJlO5N11Jl9rTTZ5PYErAiynLKAXMD9vHPHk4UhzViZoBfifwwk07cObYbvZlVmeXuO9rBRseBJnUjkn7QhRy4icrN2-Tm35aUIBnTIEEH-OLYeCqACyVZO6UIAt9khYIcuKTkQaCF8vSrAJ0Tzc66MT-PRZrq0cSYohcNqi3f1mSIEEFcw1ICwR8texRnainHSuvwPePaJSReg.EVmjLPLI-qeuRR7Z3o4_YfguLDc7uiLxtJZXHUqyq88&dib_tag=se&keywords=women+slides&qid=1784952536&sr=8-16,https://m.media-amazon.com/images/I/61cHFBsaoCL._AC_UL320_.jpg,33,排名进入前50；价格高于人民币等值¥288.00；评分达到4.6以上。
2026-07-25,amazon_us,product,search,women slides,39,Coach,¥684.00,4.6,Coach,,,,,,https://www.amazon.com/Coach-Womens-Udele-Slide-Tan/dp/B07PGQ6MQ8/ref=sr_1_24?dib=eyJ2IjoiMSJ9.RrPumS3Ni8XWS9mPWZVEoPInrt2RHyBcd8_hgzLhdqKaFFjqtuo5jyZZyFPRxf5T-DFqTE4rsRPQIkTtCm4-jcmm2kzhiJlO5N11Jl9rTTZ5PYErAiynLKAXMD9vHPHk4UhzViZoBfifwwk07cObYbvZlVmeXuO9rBRseBJnUjkn7QhRy4icrN2-Tm35aUIBnTIEEH-OLYeCqACyVZO6UIAt9khYIcuKTkQaCF8vSrAJ0Tzc66MT-PRZrq0cSYohcNqi3f1mSIEEFcw1ICwR8texRnainHSuvwPePaJSReg.EVmjLPLI-qeuRR7Z3o4_YfguLDc7uiLxtJZXHUqyq88&dib_tag=se&keywords=women+slides&qid=1784952536&sr=8-24,https://m.media-amazon.com/images/I/71BQOaIl59L._AC_UL320_.jpg,33,排名进入前50；价格高于人民币等值¥288.00；评分达到4.6以上。
2026-07-25,amazon_us,product,search,platform sandals women,40,Teva,¥467.93,4.6,Teva,,,,,,https://www.amazon.com/Teva-Womens-Flatform-Universal-Platform/dp/B00KXD9RDA/ref=sr_1_24?dib=eyJ2IjoiMSJ9.b40a7B90wYxMAM79Sxswy67Ut4mlF1lCo_WdI1gA3ajgwlB168OjrSZwEURkJDtTcpLE6xEiP1Qkski2dfwsrEnaeEk_MGlPPhP-e1PGjqHnzeLdPBKSb65ZP_KRth-2nBkfkZhprGYD9gyHDFAqnlga9Vj7yLZ4LYpfjK4yGMzRmhbL9SoEp-LPywu27-OQZMFR-aL3EIpyULmzvTBjTb2HoQmr84O9hp1iLbgFbdlAcKi_jJ-GYaa34PcuacMozcog2D-XscQlM-b5cQ1Zp6I89oqGGLjaIcro_JkQoVo.56hKNwz2ig2j-PONG-ooRTUgvvEgAudbb3XUg9O81-U&dib_tag=se&keywords=platform+sandals+women&qid=1784952536&sr=8-24,https://m.media-amazon.com/images/I/51hzsC5dKSL._AC_UL320_.jpg,33,排名进入前50；价格高于人民币等值¥288.00；评分达到4.6以上。
2026-07-25,amazon_us,product,new_releases,New Releases Women Sandals,36,"CUSHIONAIRE Fuse Chunky Womens Sandals with Double Buckle Straps and Durable Lug Sole, Casual Platform Sandals Women Footwear",,4.0,$44.99,,,,,,https://www.amazon.com/CUSHIONAIRE-Sandals-Platform-Footwear-TORTOISE/dp/B0H427B8X1/ref=zg_bsnr_g_679425011_d_sccl_36/135-0908118-7500743?psc=1,"https://images-na.ssl-images-amazon.com/images/I/81J+-tsF-qL._AC_UL300_SR300,200_.jpg",32,排名进入前50；标题包含 platform，符合美国女鞋舒适化趋势；评分达到4.0以上。
2026-07-25,amazon_us,product,new_releases,New Releases Women Sandals,45,Cape Robbin Women's Platform Sandals Chunky Block Heel - Slip On Elastic Band Round Open Toe Heeled Sandals - 4.5 Inch Dressy Platform Heels for Women (Echoya),,4.1,$44.90,,,,,,https://www.amazon.com/Cape-Robbin-Platform-Sandals-Echoya/dp/B0GS5GF4F2/ref=zg_bsnr_g_679425011_d_sccl_45/135-0908118-7500743?psc=1,"https://images-na.ssl-images-amazon.com/images/I/715flvg-G0L._AC_UL300_SR300,200_.jpg",32,排名进入前50；标题包含 platform，符合美国女鞋舒适化趋势；评分达到4.0以上。
2026-07-25,amazon_us,product,new_releases,New Releases Women Sandals,31,"CUSHIONAIRE Ferry Espadrille Wedge Sandals for Women, Thong Platform Flip Flops with Cross Strap and Slip-On Design",,3.9,$49.98,,,,,,https://www.amazon.com/CUSHIONAIRE-Espadrille-Sandals-Platform-Design/dp/B0H42JXMW3/ref=zg_bsnr_g_679425011_d_sccl_31/135-0908118-7500743?psc=1,"https://images-na.ssl-images-amazon.com/images/I/81rI8wTUKAL._AC_UL300_SR300,200_.jpg",31,排名进入前50；标题包含 platform、wedge，符合美国女鞋舒适化趋势。
2026-07-25,amazon_us,product,best_sellers,Best Sellers Women Sandals,32,Coutgo Womens Heeled Mules Pointed Peep Toe High Heels Slip On Backless Mule Sandals Dress Shoes,,4.6,$33.99,,,,,,https://www.amazon.com/Coutgo-Womens-Pointed-Backless-Sandals/dp/B0DG25L7P9/ref=zg_bs_g_679425011_d_sccl_32/135-0908118-7500743?psc=1,"https://images-na.ssl-images-amazon.com/images/I/61rZuSoH5yL._AC_UL300_SR300,200_.jpg",30,排名进入前50；评分达到4.6以上。
2026-07-25,amazon_us,product,best_sellers,Best Sellers Women Sandals,38,"Weweya Slides for Women Men Shower Shoes House Slippers Beach Sandals | Bathroom, Non Slip, Lightweight",,4.4,$9.98,,,,,,https://www.amazon.com/Weweya-Shower-Bathroom-Slippers-Sandals/dp/B0F1XJ9TM4/ref=zg_bs_g_679425011_d_sccl_38/135-0908118-7500743?psc=1,"https://images-na.ssl-images-amazon.com/images/I/718rk3GaK+L._AC_UL300_SR300,200_.jpg",30,排名进入前50；标题包含 beach，符合美国女鞋舒适化趋势；评分达到4.3以上。
2026-07-25,amazon_us,product,new_releases,New Releases Women Sandals,35,adidas Unisex Adult Adissage 360rec Slide Sandals,,4.6,$16.01,,,,,,https://www.amazon.com/adidas-Unisex-Adissage-360Rec-Sandal/dp/B0F4TFFRHC/ref=zg_bsnr_g_679425011_d_sccl_35/135-0908118-7500743?psc=1,"https://images-na.ssl-images-amazon.com/images/I/51+JktV+LPL._AC_UL300_SR300,200_.jpg",30,排名进入前50；评分达到4.6以上。
2026-07-25,amazon_us,product,new_releases,New Releases Women Sandals,38,"Athlefit Women's Jelly Flip Flops Summer Beach Thong Sandals | Quick-Dry Casual Beach Pool Flat Sandals,Slip On Lightweight Casual Slides,Travel Walking Cute Round Toe Jelly Shoes",,4.2,$25.99,,,,,,https://www.amazon.com/Athlefit-Summer-Leopard-Sandals-Comfortable/dp/B0GZ8KJLPB/ref=zg_bsnr_g_679425011_d_sccl_38/135-0908118-7500743?psc=1,"https://images-na.ssl-images-amazon.com/images/I/71a-cEiz3nL._AC_UL300_SR300,200_.jpg",30,排名进入前50；标题包含 beach、summer，符合美国女鞋舒适化趋势；评分达到4.0以上。
2026-07-25,amazon_us,product,search,women slides,47,PUMA,,4.6,PUMA,,,,,,https://www.amazon.com/PUMA-Womens-Slide-Sandal-Black-Rose/dp/B0BXTXF7KB/ref=sr_1_32?dib=eyJ2IjoiMSJ9.RrPumS3Ni8XWS9mPWZVEoPInrt2RHyBcd8_hgzLhdqKaFFjqtuo5jyZZyFPRxf5T-DFqTE4rsRPQIkTtCm4-jcmm2kzhiJlO5N11Jl9rTTZ5PYErAiynLKAXMD9vHPHk4UhzViZoBfifwwk07cObYbvZlVmeXuO9rBRseBJnUjkn7QhRy4icrN2-Tm35aUIBnTIEEH-OLYeCqACyVZO6UIAt9khYIcuKTkQaCF8vSrAJ0Tzc66MT-PRZrq0cSYohcNqi3f1mSIEEFcw1ICwR8texRnainHSuvwPePaJSReg.EVmjLPLI-qeuRR7Z3o4_YfguLDc7uiLxtJZXHUqyq88&dib_tag=se&keywords=women+slides&qid=1784952536&sr=8-32,https://m.media-amazon.com/images/I/619ZjmwISWL._AC_UL320_.jpg,30,排名进入前50；评分达到4.6以上。
2026-07-25,amazon_us,product,search,platform sandals women,37,VICKI·VICKI,¥302.69,4.4,VICKI·VICKI,,,,,,https://www.amazon.com/VICKI%C2%B7VICKI-Womens-Platform-Sandals-Wedge/dp/B08B4VCB7H/ref=sr_1_21?dib=eyJ2IjoiMSJ9.b40a7B90wYxMAM79Sxswy67Ut4mlF1lCo_WdI1gA3ajgwlB168OjrSZwEURkJDtTcpLE6xEiP1Qkski2dfwsrEnaeEk_MGlPPhP-e1PGjqHnzeLdPBKSb65ZP_KRth-2nBkfkZhprGYD9gyHDFAqnlga9Vj7yLZ4LYpfjK4yGMzRmhbL9SoEp-LPywu27-OQZMFR-aL3EIpyULmzvTBjTb2HoQmr84O9hp1iLbgFbdlAcKi_jJ-GYaa34PcuacMozcog2D-XscQlM-b5cQ1Zp6I89oqGGLjaIcro_JkQoVo.56hKNwz2ig2j-PONG-ooRTUgvvEgAudbb3XUg9O81-U&dib_tag=se&keywords=platform+sandals+women&qid=1784952536&sr=8-21,https://m.media-amazon.com/images/I/51Q0yOuTnXL._AC_UL320_.jpg,30,排名进入前50；价格高于人民币等值¥288.00；评分达到4.3以上。
2026-07-25,amazon_us,product,search,platform sandals women,50,Aerosoles,¥295.13,4.4,Aerosoles,,,,,,https://www.amazon.com/Aerosoles-Womens-CAMILIA-Heeled-Natural/dp/B0CTKDTBST/ref=sr_1_34?dib=eyJ2IjoiMSJ9.b40a7B90wYxMAM79Sxswy67Ut4mlF1lCo_WdI1gA3ajgwlB168OjrSZwEURkJDtTcpLE6xEiP1Qkski2dfwsrEnaeEk_MGlPPhP-e1PGjqHnzeLdPBKSb65ZP_KRth-2nBkfkZhprGYD9gyHDFAqnlga9Vj7yLZ4LYpfjK4yGMzRmhbL9SoEp-LPywu27-OQZMFR-aL3EIpyULmzvTBjTb2HoQmr84O9hp1iLbgFbdlAcKi_jJ-GYaa34PcuacMozcog2D-XscQlM-b5cQ1Zp6I89oqGGLjaIcro_JkQoVo.56hKNwz2ig2j-PONG-ooRTUgvvEgAudbb3XUg9O81-U&dib_tag=se&keywords=platform+sandals+women&qid=1784952536&sr=8-34,https://m.media-amazon.com/images/I/71bCv2s89xL._AC_UL320_.jpg,30,排名进入前50；价格高于人民币等值¥288.00；评分达到4.3以上。
2026-07-25,amazon_us,product,new_releases,New Releases Women Sandals,41,CUSHIONAIRE Chica Espadrille Wedge Sandals for Women Slip On Closed Toe Women Shoes with Elastic Straps and Stylish Everyday Comfort,,3.8,$49.99,,,,,,https://www.amazon.com/CUSHIONAIRE-Espadrille-Sandals-Elastic-Everyday/dp/B0GZ8T97L9/ref=zg_bsnr_g_679425011_d_sccl_41/135-0908118-7500743?psc=1,"https://images-na.ssl-images-amazon.com/images/I/81A0k0gSvYL._AC_UL300_SR300,200_.jpg",29,排名进入前50；标题包含 comfort、wedge，符合美国女鞋舒适化趋势。
2026-07-25,amazon_us,product,search,women summer slippers,36,CHGANG,¥53.21,4.1,CHGANG,,,,,,https://www.amazon.com/CHGANG-House-Slippers-Womens-Cotton/dp/B0G58LHD6Y/ref=sr_1_25?dib=eyJ2IjoiMSJ9.KrYGXQ5FFfDAMuU-o313tXOUrpbalsfVZtI2J9j5lwTSaT8UZxxT6-ni8hxgXSbms2a-iRAMvnEn0iSH_RSzG5c-VQPyBG98qbNVecwQhYhioEKf4N58nPfgZ7w57mKUPT_uXgnwYBmLiFGtyLFff_Kp318JU12i6Xhypeebo0RoGoCFt4KIFoa1IzZ7qhbMmtcniz2GvqW6xJgX4v7-FrRjLzQZDen_z7rvrKuVg_wLIa9pGZqz7iaRLu5e1fcGmRR5DGM6_DxRldKlRUo7MbuINf2jVhPMNQMFumQbGeA.6PONBvTR1H9dzEfN1z6vRMQoixtNmeE2H5g2U9mqSH0&dib_tag=se&keywords=women+summer+slippers&qid=1784952535&sr=8-25,https://m.media-amazon.com/images/I/71eCq66Oq9L._AC_UL320_.jpg,29,排名进入前50；价格低于人民币等值¥57.60；评分达到4.0以上。
2026-07-25,amazon_us,product,best_sellers,Best Sellers Women Sandals,35,"CUSHIONAIRE Java Casual Womens Jelly Flats with Adjustable Strap, Closed Toe Mary Janes Mule Design, Waterproof Jelly Sandals for Women",,4.3,$34.99,,,,,,https://www.amazon.com/CUSHIONAIRE-Adjustable-Waterproof-Sandals-CHOCOLATE/dp/B0H4MLLC32/ref=zg_bs_g_679425011_d_sccl_35/135-0908118-7500743?psc=1,"https://images-na.ssl-images-amazon.com/images/I/81iCqxPUX6L._AC_UL300_SR300,200_.jpg",27,排名进入前50；评分达到4.3以上。
2026-07-25,amazon_us,product,new_releases,New Releases Women Sandals,43,"adidas Mens Lightblaze Lace Up Sneakers Shoes Casual - Black, Grey",,4.4,$32.00,,,,,,https://www.amazon.com/adidas-Unisex-Lightblaze-Slide-Sandal/dp/B0DJVBC7XP/ref=zg_bsnr_g_679425011_d_sccl_43/135-0908118-7500743?psc=1,"https://images-na.ssl-images-amazon.com/images/I/51EsYoxSIhL._AC_UL300_SR300,200_.jpg",27,排名进入前50；评分达到4.3以上。
2026-07-25,amazon_us,product,best_sellers,Best Sellers Women Sandals,46,PiePieBuy Women's Lace Up Heeled Sandals Square Flip Flop High Heels Strappy Party Shoes,,4.2,$24.99,,,,,,https://www.amazon.com/PiePieBuy-Womens-Kitten-Sandals-Square/dp/B09N3LZTJX/ref=zg_bs_g_679425011_d_sccl_46/135-0908118-7500743?psc=1,"https://images-na.ssl-images-amazon.com/images/I/61L4UgP8LlL._AC_UL300_SR300,200_.jpg",24,排名进入前50；评分达到4.0以上。
2026-07-25,amazon_us,product,new_releases,New Releases Women Sandals,33,"CUSHIONAIRE Titan Square Toe Flip Flops for Women, Dressy Slip On Flat Womens Sandals with Cushioned Footbed",,4.0,$39.99,,,,,,https://www.amazon.com/CUSHIONAIRE-Sandals-Cushioned-Footbed-TORTOISE/dp/B0H2WR1KWF/ref=zg_bsnr_g_679425011_d_sccl_33/135-0908118-7500743?psc=1,"https://images-na.ssl-images-amazon.com/images/I/71vL4TDR7VL._AC_UL300_SR300,200_.jpg",24,排名进入前50；评分达到4.0以上。
2026-07-25,amazon_us,product,search,platform sandals women,43,Madden Girl,¥393.77,3.9,Madden Girl,,,,,,https://www.amazon.com/Madden-Girl-Womens-Mythicall-Natural/dp/B0CNKPC4Y5/ref=sr_1_27?dib=eyJ2IjoiMSJ9.b40a7B90wYxMAM79Sxswy67Ut4mlF1lCo_WdI1gA3ajgwlB168OjrSZwEURkJDtTcpLE6xEiP1Qkski2dfwsrEnaeEk_MGlPPhP-e1PGjqHnzeLdPBKSb65ZP_KRth-2nBkfkZhprGYD9gyHDFAqnlga9Vj7yLZ4LYpfjK4yGMzRmhbL9SoEp-LPywu27-OQZMFR-aL3EIpyULmzvTBjTb2HoQmr84O9hp1iLbgFbdlAcKi_jJ-GYaa34PcuacMozcog2D-XscQlM-b5cQ1Zp6I89oqGGLjaIcro_JkQoVo.56hKNwz2ig2j-PONG-ooRTUgvvEgAudbb3XUg9O81-U&dib_tag=se&keywords=platform+sandals+women&qid=1784952536&sr=8-27,https://m.media-amazon.com/images/I/71SNHrdlHML._AC_UL320_.jpg,23,排名进入前50；价格高于人民币等值¥288.00。
