date,source,data_type,list_type,keyword,rank,title,price,rating,review_count,likes,comments,views,published_at,competition_count,product_url,image_url,hot_score,reason
2026-08-11,amazon_us,product,search,women summer slippers,11,Women's Orthopedic Summer Slippers with Arch Support for Plantar Fasciitis,¥129.74,4.2,1K+ bought in past month,,,,,,https://www.amazon.com/shevalues-Summer-Slippers-Support-Breathable/dp/B0BK8PN8CL/ref=sr_1_3?dib=eyJ2IjoiMSJ9.3B_wBrVg1UMy5tWehIloEqcJ9-aVDJ_nzHv3-WRd7oepZiUeX5Ssn7U0ro-W6pI_NAXX23yMdsXb5GF-rTQWCTNmkRhJ_05Be8EpFUSi4nqWjvKV9evO5SXGOm_UkavROWWEoLKGgC3FkYVbdw2AY9CbS_hwMSGMeiKyGg3omXxa9LcqTlT2j4GsodsANPVu7adBMC-495VGUo6aCZcPszp3qfI6Vz0oYiEF06t1gFywv9rPemdcIAZNlv0Eai5GfrP7EcrUmVLPIzhiP-sSNHP1-6qZlwBx2Ld15hdEfwk._bMqCHi2W3QluEzRLChy7cRCwdJ4loRbcgTm-6GwTEk&dib_tag=se&keywords=women+summer+slippers&qid=1786417407&sr=8-3,https://m.media-amazon.com/images/I/71wQ2tOj0+L._AC_UL320_.jpg,100,排名进入前30；评论数达到1000以上；价格处于人民币等值¥57.60-¥180.00黄金区间；标题包含 orthopedic、arch support、summer，符合美国女鞋舒适化趋势；orthopedic + arch support组合趋势加分；评分达到4.0以上。
2026-08-11,amazon_us,product,search,platform sandals women,21,"UBFEN Womens Platform Sandals Low Wedge Espadrille Orthopedic Arch Support | Cushion Insole, Adjustable Back Strap, Dressy, Comfortable, Lightweight, Walking Sandals for Vacation UBFEN Womens Platform Sandals Low Wedge Espadrille Orthopedic Arch Support | Cushion Insole, Adj…",¥287.86,4.6,4.6,,,,,,https://sponsored-ads.amazon.com/clk/?_encoding=UTF8&p=eAFdT0tu00AAVaiAygofZVGksAtSFpHGnnH9yQRZyI7dkKZtmo9b6MaazIwdq449tUdNYRFxANggJPbcAHEDFlyAW3AKJFKExFs96f30FLb77suvn_caD9z52ak_Go5eQT-YtmqosxfzPL2JDgp2ZObXCIfl0Dqe097ea5SdjdaliQcFg-NQRYJMjGRa16GKupaq79sqvLgz8xa7bjB_GUyHs8YT5T7j1aUsRKMenkyD_nhwMrwI_Ob7mvLsVokqTkq6jAQvaZERyaM0z9KcRwsZNxSyIm-LXKXFqvm0WgCakapKKdhmwNYJBGrd5XkUzjpmtQByyVecAVpkGacyLXJwrYPbMUBJySogSJpLXgJa5JLnsmUpNfj449dvPz5895sP_3q37a1HOoQQI2Qi27CQjfSdcOb3dvqn_c6o8dz33L44GALb3XhXWyTuxpsUb0jh_oeNl2y8ycZz_5CkWe8nwc3ADRLDmnD9c035VFtKKaqepq3Xa_Xfdy0RGllrTPPg4HCmHx2a5y8Ei0oWiWzJSke2lxWJaBmlzIHtq5Q5yO5aBrIN2G1XpYOAAUximpYeYxCzmAEDQQRwjBlgtkUIxrhr7Ovt1CGiapOSx87kEuPw2I3H578BcT6voA&v=c1&r=https%3A%2F%2Fwww.amazon.com%2Fgp%2Faw%2Fd%2FB0GJS2LJ5W%3Fpd_rd_plhdr%3Dt%26hsa_cr_id%3D0%26qid%3D1786417408%26sr%3D1-4-5a5562f9-fdfd-4101-9f9d-d76aa9998432%26i%3Daps%26aref%3DQk99UMAfOW&ref_=sbx__sbtcd2_asin_3_bkgd&pd_rd_w=lRc8j&content-id=amzn1.sym.90f77631-9599-4fe0-95f8-a40adfe1c762%3Aamzn1.sym.90f77631-9599-4fe0-95f8-a40adfe1c762&pf_rd_p=90f77631-9599-4fe0-95f8-a40adfe1c762&pf_rd_r=55G7JDVD51SYY10ZJ32N&pd_rd_wg=cm4FF&pd_rd_r=94366bf3-e764-481b-b677-de04b708ac92,"https://m.media-amazon.com/images/I/81mta1Mp3vL._AC_SR322,134_CB1169409_QL70_.jpg",100,排名进入前30；价格处于人民币等值¥180.00-¥288.00区间；标题包含 platform、orthopedic、comfort、arch support、wedge，符合美国女鞋舒适化趋势；platform + comfort组合趋势加分；orthopedic + arch support组合趋势加分；评分达到4.6以上。
2026-08-11,amazon_us,product,search,platform sandals women,18,"UBFEN Womens Espadrille Platform Sandals Low Wedge Orthopedic Arch Support | Cushion Insole, Comfortable Dressy Buckle Sandals for Walking and Vacation, Low Heel, Adjustable Strap UBFEN Womens Espadrille Platform Sandals Low Wedge Orthopedic Arch Support | Cushion Insole, Comfortable…",¥287.86,4.5,4.5,,,,,,https://sponsored-ads.amazon.com/clk/?_encoding=UTF8&p=eAFdT82K00AApi7qEuoPPexCvVXooTDJTDY_nUqQpMnWUnf7m9XdS5hmJmnYNJnNDNvVQ_EB9CKCd99AfAMPvoBv4VMIdkXwO33w_fEpdP_dl18_7zUeuIuziT8ajl5DP5i1aqhzkLAiu4mOS_rSLK4RDquhdbKIewfnKD8bbSoTD0oKx6GKOJka6ayuQxV1LVU_slV4cWfuLffdYPEimA3njUPlPmXiUpa8UQ9PZ0F_PDgdXgR-831NeXqrRIKRKl5FnFVxmRPJoqzIs4JFS5k0FLImb8tCjct184lYgjgnQmQx2GXAzgk4at1lRRTOO6ZYArlia0ZBXOY5i2VWFuBaB7djICYVFYCTrJCsAnFZSFbIlqXU4OOPX7_9-PDdbz786921tx7pEEKMkIlsw0I20vfCud_b60_6nVHjme-5fX48BLa79a52SN2tNy3fkNL9D1sv3XrTref-IWmz3k-Dm4EbpIY1ZfrnmvKptpKSi56mbTYb9d93LeUa2WhU8-DAOp9Z_qT7nNOoohHPV7RyZHslSBRXUUYd2L7KqIPsrmUg24DdtqgcBBAwiWlaeoJBQhMKDAQRwAmmgNoWIRjjrnGktzOHcNEmFUuc6SXG4YmbjF_9BmqVr48&v=c1&r=https%3A%2F%2Fwww.amazon.com%2Fgp%2Faw%2Fd%2FB0G6YR6DP8%3Fpd_rd_plhdr%3Dt%26hsa_cr_id%3D0%26qid%3D1786417408%26sr%3D1-1-5a5562f9-fdfd-4101-9f9d-d76aa9998432%26i%3Daps%26aref%3DQk99UMAfOW&ref_=sbx__sbtcd2_asin_0_bkgd&pd_rd_w=lRc8j&content-id=amzn1.sym.90f77631-9599-4fe0-95f8-a40adfe1c762%3Aamzn1.sym.90f77631-9599-4fe0-95f8-a40adfe1c762&pf_rd_p=90f77631-9599-4fe0-95f8-a40adfe1c762&pf_rd_r=55G7JDVD51SYY10ZJ32N&pd_rd_wg=cm4FF&pd_rd_r=94366bf3-e764-481b-b677-de04b708ac92,"https://m.media-amazon.com/images/I/71Cs5sEmDeL._AC_SR322,134_CB1169409_QL70_.jpg",97,排名进入前30；价格处于人民币等值¥180.00-¥288.00区间；标题包含 platform、orthopedic、comfort、arch support、wedge，符合美国女鞋舒适化趋势；platform + comfort组合趋势加分；orthopedic + arch support组合趋势加分；评分达到4.3以上。
2026-08-11,amazon_us,product,search,platform sandals women,19,"UBFEN Womens Platform Wedge Sandals Orthopedic Arch Support | Espadrille Slides, Comfortable Cushioned, Dressy for Summer Walking, Beach Vacation UBFEN Womens Platform Wedge Sandals Orthopedic Arch Support | Espadrille Slides, Comfortable Cushio…",¥359.93,4.6,4.6,,,,,,https://sponsored-ads.amazon.com/clk/?_encoding=UTF8&p=eAFdT0tq20AAxQ1tg3A_eJGAu3PBC8NIM4o-losokqW4xkkcf5TG3ojxzOhDZI0iDXHahekB2k0pdN8blN6gi16gt-gpCnVKoW_14P14Et1_9-XXzweNR8784twbDUeX0POnrRrqHEQsT2_DY05P9PwGWUE5NE7npHewQNnFaFPq1oBTOA5kVOCJFk_rKpRR15DVI1OGy3szd7Xv-PNX_nQ4axxKDymrrgQvGvXgbOr3x4Oz4dL3mu9r0vM7JawYLkkSFqwkPMOChWmepTkLVyJqSHiN3_JcJnzdfFatAMlwVaUE7DJg5wQFat1neRjMOnq1AiJha0YB4VnGiEh5Dm5UcDcGCC5pBQqc5oKVgPBcsFy0DKkGn378-u3Hh-9e8_Ff76699USFEFoI6cjUDGQidS-Yeb29_nm_M2q88FynXxwPgels3esdYmfrTvgbzJ3_sHXjrTvZus4fEjfr_di_HTh-rBkTpn6uSZ9qiRBF1VOUzWYj__uuxIWCNwpVXDgwFsvLxYn3sqBhScMiS2hpi3ZS4ZCUYUpt2L5OqY3MrqEhU4PddlXaCKhAx7puqJEFIhpRoCGIgBVZFFDTwNiyrK52pLZTGxdVG5cssidXlhWcOtH49W-Jca_X&v=c1&r=https%3A%2F%2Fwww.amazon.com%2Fgp%2Faw%2Fd%2FB0G6YZXYLD%3Fpd_rd_plhdr%3Dt%26hsa_cr_id%3D0%26qid%3D1786417408%26sr%3D1-2-5a5562f9-fdfd-4101-9f9d-d76aa9998432%26i%3Daps%26aref%3DQk99UMAfOW&ref_=sbx__sbtcd2_asin_1_bkgd&pd_rd_w=lRc8j&content-id=amzn1.sym.90f77631-9599-4fe0-95f8-a40adfe1c762%3Aamzn1.sym.90f77631-9599-4fe0-95f8-a40adfe1c762&pf_rd_p=90f77631-9599-4fe0-95f8-a40adfe1c762&pf_rd_r=55G7JDVD51SYY10ZJ32N&pd_rd_wg=cm4FF&pd_rd_r=94366bf3-e764-481b-b677-de04b708ac92,"https://m.media-amazon.com/images/I/71LWkfwnDvL._AC_SR322,134_CB1169409_QL70_.jpg",93,排名进入前30；价格高于人民币等值¥288.00；标题包含 platform、orthopedic、comfort、arch support、beach、summer、wedge，符合美国女鞋舒适化趋势；platform + comfort组合趋势加分；orthopedic + arch support组合趋势加分；评分达到4.6以上。
2026-08-11,amazon_us,product,search,women slides,5,"CUSHIONAIRE Feather EVA Slides for Women – Comfortable Slip On Womens Slippers, Indoor Outdoor Shower Shoes, Beach Essential Cloud Slides CUSHIONAIRE Feather EVA Slides for Women – Comfort…",¥184.61,4.4,,,,,,,https://aax-us-east-retail-direct.amazon.com/x/c/JOZXLlS5FJ8SyRc7juNqqlkAAAGf7sZqRQEAAAH2AQBvbm9fdHhuX2JpZDMgICBvbm9fdHhuX2ltcDIgICCAHYWJ/clv1c_ek-IBPHXKrTWnuOrE88nb8h9mFkzDJq0ElxcrtFmz964PNEvxNea9_XDU43igEeqxZP6HsDL96bDFtkWaaQRo3-7P8ip1Dgcv-s3GjbGWN1wkzT7iCZnwGvwUnn0olQJJ7zf2QrMM6ftolGzCczFneHn-J2dn2n6EmEg7_Ss2pMnqUoZOamuudp88RlueNzOgECH7N-m3IXEzsJZu3jBdapb_jo2UCrSDc6qgKu6FinNaDjaAY164fAiQM5X7U9F8f_kK8mCNosKd5eMbZ3YbMKPIYqZia3Ahj8gpoBNz3pnTszis5SLkqKKAaD9wXGcmbTMjpExzKIWWxc0kU0Dk_ZLu7QEtT_nK0zpahu17nWwtpW9AsRZPW5JK-_07KBVqKyuGxhH7mtfyl474J35nfonmsi01mur03yr8dzPlzsJsw_-rYolK5gQu9szwoWaqWF0KOTzHnyYfzfNBNFublNbGvUEVdmx30kWuoR1gxscDup8z97LNU-T_dlmAJU67dzMUb3lEYan4QDj-1J0Ng6WyIZq351ymv0Ibuo1_7eHNKVF5qsdtmWwXKb2EbkNgaF3a1SUhJCBSkPKfhiFfuhv7YqrOGa-Y4Hjs-NVGgV2h64yq4o-lmMHLpx2bTKfrvjiaYtDvLqroDSwtzTSFQU1IPLKV6YpJNrt1d5vl6y8f1Mt_swT6KSIDMjN0Q9IfKpb9n7za5_YGjykcz6JX0XdJse8GN4mTwMXzKigSFKLOZuiW6wMPl0Pm-MZBJuGjm04w5zafuWhyCOBXOzKRsaWShtBg2lfpfKSoRLj2KrUL9TtIZpc8SjNUMztn5I9JiJD7g4G4OfKaUuk4YLhbu2U14OobI0O3IVUdxSdpKZLl7ucYeWdAYrtmGdYwVqdIgZvXKZ8LVxDRLCYAlBWlYZeh5cc60r33_X4AsldSLKOO8DH21aUYOTr42bVFnR9kXSmVJ7QmQGHNaz43M8Vf7ajz6bsX9ExIDfDDfcPSC84c70rlOIXFb_AU3NC25CscewfhWkiclJZbAtw3bPtoDBFXgYuqVwec7INkzOJ9hR3KTXJJ1k18JqoronVZafR6CdN4U2Iit_nHbUecwRnORPWv62N-nqTgRSp5cFPiIbp80D1BaJR9vK6Hz3ppjO5ARdF8zXd4PTMfbh5lJ5ZsDhsjEMo5VW0hBC0XRif4N2x9oUNkjYnAcTMFki194swhjR8JAVxp306E4HkVF-41S2zmDJLGWgLfXG3sr5igfMaPfE3qErypHzlzNSCrFFW0wfX78q9AfqCtx-PwdTAaliA3s7RAbO7rTF5mRcwA5AO9effvJhBxgPVoNOdI2E4ByHi6bDR9-so5WX6aJF1ACyhLjRe1hmFHyu2uTpAoVb9zbb05E8Cwo8aumF1k_Sxc9s9hsAoRA17F9XUAczwEETX9NZUk1UAgUOI0N-sXt4oDdOxmFMfuiJaCxaZHNJo0Rt2JQtfTvHVxTjrn6LDlYtUljGgPPji4PpLtb-a4R9mGpFozvJR5ThoCstYCR-C0lVP4la7fsGmK2TF7wz8YocwtUEdi7lNPLcXbBcbY9VbbOmzVBhBHKoy1-f8bJrK7UMcpobqZF2OE7sc0UPURZ3gyBSmKas-qZuwreVC0FY1CKwkirGDkAzNA1_J2Xh-bT4VD_tP8Kp_FiazgmVQNSXkWhAydblRGkjzwVw/https://www.amazon.com/gp/aw/d/B0BTQ7ZS7B/?_encoding=UTF8&pd_rd_plhdr=t&aaxitk=44dd0c4cb7639509caffa28e339187a6&hsa_cr_id=0&qid=1786417408&sr=1-5-9e67e56a-6f64-441f-a281-df67fc737124&i=aps&aref=5sJdcvgD2v&ref_=sbx__sbtcd_asin_4_bkgd&pd_rd_w=mEElF&content-id=amzn1.sym.8de9b3d5-f5c5-40e9-9b39-d65f08d6ea68%3Aamzn1.sym.8de9b3d5-f5c5-40e9-9b39-d65f08d6ea68&pf_rd_p=8de9b3d5-f5c5-40e9-9b39-d65f08d6ea68&pf_rd_r=CZENM1X5NZAD1GDJ4JNT&pd_rd_wg=ghJNr&pd_rd_r=e09eccb3-c4c9-40c7-ab69-2df630f2512d,"https://m.media-amazon.com/images/I/81PBXKFp76L._AC_SR160,134_CB1169409_QL70_.jpg",89,排名靠前；价格处于人民币等值¥180.00-¥288.00区间；标题包含 cloud、comfort、beach，符合美国女鞋舒适化趋势；cloud + slides组合趋势加分；评分达到4.3以上。
2026-08-11,amazon_us,product,search,women slides,3,"CUSHIONAIRE Fame Pillow Recovery Sandals for Women, Adjustable Double Buckle Waterproof EVA Cloud Slides for Women CUSHIONAIRE Fame Pillow Recovery Sandals for Wome…",¥194.33,4.4,,,,,,,https://aax-us-east-retail-direct.amazon.com/x/c/JOZXLlS5FJ8SyRc7juNqqlkAAAGf7sZqRQEAAAH2AQBvbm9fdHhuX2JpZDMgICBvbm9fdHhuX2ltcDIgICCAHYWJ/clv1c_ek-IBPHXKrTWnuOrE88nb8h9mFkzDJq0ElxcrtFmz964PNEvxNea9_XDU43igEeqxZP6HsDL96bDFtkWaaQRo3-7P8ip1Dgcv-s3GjbGWN1wkzT7iCZnwGvwUnn0olQJJ7zf2QrMM6ftolGzCczFneHn-J2dn2n6EmEg7_Ss2pMnqUoZOamuudp88RlueNzOgECH7N-m3IXEzsJZu3jBdapb_jo2UCrSDc6qgKu6FinNaDjaAY164fAiQM5X7U9F8f_kK8mCNosKd5eMbZ3YbMKPIYqZia3Ahj8gpoBNz3pnTszis5SLkqKKAaD9wXGcmbTMjpExzKIWWxc0kU0Dk_ZLu7QEtT_nK0zpahu17nWwtpW9AsRZPW5JK-_07KBVqKyuGxhH7mtfyl474J35nfonmsi01mur03yr8dzPlzsJsw_-rYolK5gQu9szwoWaqWF0KOTzHnyYfzfNBNFublNbGvUEVdmx30kWuoR1gxscDup8z97LNU-T_dlmAJU67dzMUb3lEYan4QDj-1J0Ng6WyIZq351ymv0Ibuo1_7eHNKVF5qsdtmWwXKb2EbkNgaF3a1SUhJCBSkPKfhiFfuhv7YqrOGa-Y4Hjs-NVGgV2h64yq4o-lmMHLpx2bTKfrvjiaYtDvLqroDSwtzTSFQU1IPLKV6YpJNrt1d5vl6y8f1Mt_swT6KSIDMjN0Q9IfKpb9n7za5_YGjykcz6JX0XdJse8GN4mTwMXzKigSFKLOZuiW6wMPl0Pm-MZBJuGjm04w5zafuWhyCOBXOzKRsaWShtBg2lfpfKSoRLj2KrUL9TtIZpc8SjNUMztn5I9JiJD7g4G4OfKaUuk4YLhbu2U14OobI0O3IVUdxSdpKZLl7ucYeWdAYrtmGdYwVqdIgZvXKZ8LVxDRLCYAlBWlYZeh5cc60r33_X4AsldSLKOO8DH21aUYOTr42bVFnR9kXSmVJ7QmQGHNaz43M8Vf7ajz6bsX9ExIDfDDfcPSC84c70rlOIXFb_AU3NC25CscewfhWkiclJZbAtw3bPtoDBFXgYuqVwec7INkzOJ9hR3KTXJJ1k18JqoronVZafR6CdN4U2Iit_nHbUecwRnORPWv62N-nqTgRSp5cFPiIbp80D1BaJR9vK6Hz3ppjO5ARdF8zXd4PTMfbh5lJ5ZsDhsjEMo5VW0hBC0XRif4N2x9oUNkjYnAcTMFki194swhjR8JAVxp306E4HkVF-41S2zmDJLGWgLfXG3sr5igfMaPfE3qErypHzlzNSCrFFW0wfX78q9AfqCtx-PwdTAaliA3s7RAbO7rTF5mRcwA5AO9effvJhBxgPVoNOdI2E4ByHi6bDR9-so5WX6aJF1ACyhLjRe1hmFHyu2uTpAoVb9zbb05E8Cwo8aumF1k_Sxc9s9hsAoRA17F9XUAczwEETX9NZUk1UAgUOI0N-sXt4oDdOxmFMfuiJaCxaZHNJo0Rt2JQtfTvHVxTjrn6LDlYtUljGgPPji4PpLtb-a4R9mGpFozvJR5ThoCstYCR-C0lVP4la7fsGmK2TF7wz8YocwtUEdi7lNPLcXbBcbY9VbbOmzVBhBHKoy1-f8bJrK7UMcpobqZF2OE7sc0UPURZ3gyBSmKas-qZuwreVC0FY1CKwkirGDkAzNA1_J2Xh-bT4VD_tP8Kp_FiazgmVQNSXkWhAydblRGkjzwVw/https://www.amazon.com/gp/aw/d/B09CKKVX9H/?_encoding=UTF8&pd_rd_plhdr=t&aaxitk=44dd0c4cb7639509caffa28e339187a6&hsa_cr_id=0&qid=1786417408&sr=1-3-9e67e56a-6f64-441f-a281-df67fc737124&i=aps&aref=5sJdcvgD2v&ref_=sbx__sbtcd_asin_2_bkgd&pd_rd_w=mEElF&content-id=amzn1.sym.8de9b3d5-f5c5-40e9-9b39-d65f08d6ea68%3Aamzn1.sym.8de9b3d5-f5c5-40e9-9b39-d65f08d6ea68&pf_rd_p=8de9b3d5-f5c5-40e9-9b39-d65f08d6ea68&pf_rd_r=CZENM1X5NZAD1GDJ4JNT&pd_rd_wg=ghJNr&pd_rd_r=e09eccb3-c4c9-40c7-ab69-2df630f2512d,"https://m.media-amazon.com/images/I/81UVyCi7FzL._AC_SR160,134_CB1169409_QL70_.jpg",88,排名靠前；价格处于人民币等值¥180.00-¥288.00区间；标题包含 cloud、recovery，符合美国女鞋舒适化趋势；cloud + slides组合趋势加分；评分达到4.3以上。
2026-08-11,amazon_us,product,search,women slides,11,"Cloud Slides for Women, Platform Slides Slippers Men, EVA Non-Slip Quick Drying Soft Lightweight Sandals, Thick Sole Open Toe Slides, Shower Shoes for Indoor Outdoor",¥100.73,4.2,200+ bought in past month,,,,,,https://www.amazon.com/sspa/click?ie=UTF8&spc=MTo4MjQ4NDA4MDY0NzE1MTQ4OjE3ODY0MTc0MDg6c3Bfc2VhcmNoX3RoZW1hdGljOjMwMTM5NDc3ODAzMjcwMjo6MDo6&url=%2FGenevese-Platform-Slippers-Non-Slip-Lightweight%2Fdp%2FB0GSW1L3XD%2Fref%3Dsxin_18_pa_sp_search_thematic_sspa%3Fcontent-id%3Damzn1.sym.8f580787-d4c7-42df-832f-97da9b694989%253Aamzn1.sym.8f580787-d4c7-42df-832f-97da9b694989%26cv_ct_cx%3Dwomen%2Bslides%26keywords%3Dwomen%2Bslides%26pd_rd_i%3DB0GSW1L3XD%26pd_rd_r%3De07a6ef1-ebb7-4f33-ad32-7496dcf851e8%26pd_rd_w%3DWUBK3%26pd_rd_wg%3DvK0RC%26pf_rd_p%3D8f580787-d4c7-42df-832f-97da9b694989%26pf_rd_r%3DCZENM1X5NZAD1GDJ4JNT%26qid%3D1786417408%26sbo%3DRZvfv%252F%252FHxDF%252BO5021pAnSA%253D%253D%26sr%3D1-1-7efdef4d-9875-47e1-927f-8c2c1c47ed49-spons%26aref%3DRnn3LDHe3u%26sp_csd%3Dd2lkZ2V0TmFtZT1zcF9zZWFyY2hfdGhlbWF0aWM%26psc%3D1&aref=Rnn3LDHe3u,https://m.media-amazon.com/images/I/81MqDEqG5DL._AC_UL320_.jpg,88,排名进入前30；评论数达到50以上；价格处于人民币等值¥57.60-¥180.00黄金区间；标题包含 cloud、platform、soft，符合美国女鞋舒适化趋势；cloud + slides组合趋势加分；评分达到4.0以上。
2026-08-11,amazon_us,product,new_releases,New Releases Women Sandals,4,Project Cloud Platform Sandals Women Memory Foam Flip Flops (ELEVATION) | Durable and Lightweight Non-Slip Sole Summer Thong Sandals - Platform Flip Flops for Women Everyday Comfort Daily.,,4.0,$39.90,,,,,,https://www.amazon.com/Project-Cloud-Platform-Sandals-ELEVATION/dp/B0GTZM2X7L/ref=zg_bsnr_g_679425011_d_sccl_4/133-0567473-1440741?psc=1,"https://images-na.ssl-images-amazon.com/images/I/61E9Kh8oh9L._AC_UL600_SR600,400_.jpg",79,排名靠前；标题包含 cloud、platform、comfort、summer，符合美国女鞋舒适化趋势；platform + comfort组合趋势加分；评分达到4.0以上。
2026-08-11,amazon_us,product,search,women summer slippers,31,Cloud Slide Sandals for Women Men Ultra Comfort Recovery Slippers,¥71.93,4.2,3K+ bought in past month,,,,,,https://www.amazon.com/Sandals-Lightweight-Bathroom-Non-Slip-Slippers/dp/B099DTRKSL/ref=sr_1_18?dib=eyJ2IjoiMSJ9.3B_wBrVg1UMy5tWehIloEqcJ9-aVDJ_nzHv3-WRd7oepZiUeX5Ssn7U0ro-W6pI_NAXX23yMdsXb5GF-rTQWCTNmkRhJ_05Be8EpFUSi4nqWjvKV9evO5SXGOm_UkavROWWEoLKGgC3FkYVbdw2AY9CbS_hwMSGMeiKyGg3omXxa9LcqTlT2j4GsodsANPVu7adBMC-495VGUo6aCZcPszp3qfI6Vz0oYiEF06t1gFywv9rPemdcIAZNlv0Eai5GfrP7EcrUmVLPIzhiP-sSNHP1-6qZlwBx2Ld15hdEfwk._bMqCHi2W3QluEzRLChy7cRCwdJ4loRbcgTm-6GwTEk&dib_tag=se&keywords=women+summer+slippers&qid=1786417407&sr=8-18,https://m.media-amazon.com/images/I/71uNAZpAhiL._AC_UL320_.jpg,79,排名进入前50；评论数达到1000以上；价格处于人民币等值¥57.60-¥180.00黄金区间；标题包含 cloud、recovery、comfort，符合美国女鞋舒适化趋势；评分达到4.0以上。
2026-08-11,amazon_us,product,search,women slides,6,CUSHIONAIRE Women's Fable Cloud Recovery Clog with +Comfort CUSHIONAIRE Women's Fable Cloud Recovery Clog with +C…,¥215.93,4.1,,,,,,,https://aax-us-east-retail-direct.amazon.com/x/c/JOZXLlS5FJ8SyRc7juNqqlkAAAGf7sZqRQEAAAH2AQBvbm9fdHhuX2JpZDMgICBvbm9fdHhuX2ltcDIgICCAHYWJ/clv1c_ek-IBPHXKrTWnuOrE88nb8h9mFkzDJq0ElxcrtFmz964PNEvxNea9_XDU43igEeqxZP6HsDL96bDFtkWaaQRo3-7P8ip1Dgcv-s3GjbGWN1wkzT7iCZnwGvwUnn0olQJJ7zf2QrMM6ftolGzCczFneHn-J2dn2n6EmEg7_Ss2pMnqUoZOamuudp88RlueNzOgECH7N-m3IXEzsJZu3jBdapb_jo2UCrSDc6qgKu6FinNaDjaAY164fAiQM5X7U9F8f_kK8mCNosKd5eMbZ3YbMKPIYqZia3Ahj8gpoBNz3pnTszis5SLkqKKAaD9wXGcmbTMjpExzKIWWxc0kU0Dk_ZLu7QEtT_nK0zpahu17nWwtpW9AsRZPW5JK-_07KBVqKyuGxhH7mtfyl474J35nfonmsi01mur03yr8dzPlzsJsw_-rYolK5gQu9szwoWaqWF0KOTzHnyYfzfNBNFublNbGvUEVdmx30kWuoR1gxscDup8z97LNU-T_dlmAJU67dzMUb3lEYan4QDj-1J0Ng6WyIZq351ymv0Ibuo1_7eHNKVF5qsdtmWwXKb2EbkNgaF3a1SUhJCBSkPKfhiFfuhv7YqrOGa-Y4Hjs-NVGgV2h64yq4o-lmMHLpx2bTKfrvjiaYtDvLqroDSwtzTSFQU1IPLKV6YpJNrt1d5vl6y8f1Mt_swT6KSIDMjN0Q9IfKpb9n7za5_YGjykcz6JX0XdJse8GN4mTwMXzKigSFKLOZuiW6wMPl0Pm-MZBJuGjm04w5zafuWhyCOBXOzKRsaWShtBg2lfpfKSoRLj2KrUL9TtIZpc8SjNUMztn5I9JiJD7g4G4OfKaUuk4YLhbu2U14OobI0O3IVUdxSdpKZLl7ucYeWdAYrtmGdYwVqdIgZvXKZ8LVxDRLCYAlBWlYZeh5cc60r33_X4AsldSLKOO8DH21aUYOTr42bVFnR9kXSmVJ7QmQGHNaz43M8Vf7ajz6bsX9ExIDfDDfcPSC84c70rlOIXFb_AU3NC25CscewfhWkiclJZbAtw3bPtoDBFXgYuqVwec7INkzOJ9hR3KTXJJ1k18JqoronVZafR6CdN4U2Iit_nHbUecwRnORPWv62N-nqTgRSp5cFPiIbp80D1BaJR9vK6Hz3ppjO5ARdF8zXd4PTMfbh5lJ5ZsDhsjEMo5VW0hBC0XRif4N2x9oUNkjYnAcTMFki194swhjR8JAVxp306E4HkVF-41S2zmDJLGWgLfXG3sr5igfMaPfE3qErypHzlzNSCrFFW0wfX78q9AfqCtx-PwdTAaliA3s7RAbO7rTF5mRcwA5AO9effvJhBxgPVoNOdI2E4ByHi6bDR9-so5WX6aJF1ACyhLjRe1hmFHyu2uTpAoVb9zbb05E8Cwo8aumF1k_Sxc9s9hsAoRA17F9XUAczwEETX9NZUk1UAgUOI0N-sXt4oDdOxmFMfuiJaCxaZHNJo0Rt2JQtfTvHVxTjrn6LDlYtUljGgPPji4PpLtb-a4R9mGpFozvJR5ThoCstYCR-C0lVP4la7fsGmK2TF7wz8YocwtUEdi7lNPLcXbBcbY9VbbOmzVBhBHKoy1-f8bJrK7UMcpobqZF2OE7sc0UPURZ3gyBSmKas-qZuwreVC0FY1CKwkirGDkAzNA1_J2Xh-bT4VD_tP8Kp_FiazgmVQNSXkWhAydblRGkjzwVw/https://www.amazon.com/gp/aw/d/B0BTQQSP5F/?_encoding=UTF8&pd_rd_plhdr=t&aaxitk=44dd0c4cb7639509caffa28e339187a6&hsa_cr_id=0&qid=1786417408&sr=1-6-9e67e56a-6f64-441f-a281-df67fc737124&i=aps&aref=5sJdcvgD2v&ref_=sbx__sbtcd_asin_5_bkgd&pd_rd_w=mEElF&content-id=amzn1.sym.8de9b3d5-f5c5-40e9-9b39-d65f08d6ea68%3Aamzn1.sym.8de9b3d5-f5c5-40e9-9b39-d65f08d6ea68&pf_rd_p=8de9b3d5-f5c5-40e9-9b39-d65f08d6ea68&pf_rd_r=CZENM1X5NZAD1GDJ4JNT&pd_rd_wg=ghJNr&pd_rd_r=e09eccb3-c4c9-40c7-ab69-2df630f2512d,"https://m.media-amazon.com/images/I/710PWjL+M4L._AC_SR160,134_CB1169409_QL70_.jpg",79,排名靠前；价格处于人民币等值¥180.00-¥288.00区间；标题包含 cloud、recovery、comfort，符合美国女鞋舒适化趋势；评分达到4.0以上。
2026-08-11,amazon_us,product,search,women slides,23,"Joomra Pillow Slippers for Women and Men Thick Sole Ultra Cushion Slides | Cloud-Like Sole, Quick Drying Shower Shoes, Soft Open Toe Indoor Outdoor Sandals Joomra Pillow Slippers for Women and Men Thick Sole Ultra Cushion Slides | Cloud-Like Sole, Quick Drying Sho…",¥172.73,4.3,4.3,,,,,,https://sponsored-ads.amazon.com/clk/?_encoding=UTF8&p=eAFdT8uq00AApV7US6gPurhC3VXoojDJJG1elSCZJra1WvvUejdhOjNJc2-apJnBtndR3OtScO8HuHTtP_gT4s4_EOwVwbM6cF4ciZ6--_zz-63KHXf2auQN-oMF9PxJraQ2zkKWxrvgorczXDjaDMcvMJoLo322R9QWcg94z73C2M8i9GZ6ZY0nZQ3KqmXIWtOU4fmNKVqeuv6s50_608oD6TZl_FJkeaU8H078zsvusH_ue9UPJenRtRJwhguyCnJWkCzBggVxmsQpC5YirEh4ja-yVCbZuvqQLwFJMOcxAccMODpBrtZusjSYTxs6XwKxYmtGAcmShBERZyl4q4HrMUBwQTnIcZwKVgCSpYKlomZIJXj_668v739886p3_3qP7bV7GoTQUnVo6XbTNlXtZD712iedUacxqDz2kNvJn_aB6R7Q5ojIPaBxtseZ-x8OKDqg8QG5f0hULXcif9d1_ahljJn2qSR9LK2EyHlbUbbbrfzvuxLlCt4qVEHQnj1bLLye9ySnQUGDPFnRwhH1FccBKYKYOrC-iamjmpbRUs0WtOq8cFSgAh3ruqGFNghpSEFLhSqwQ5sCahoY27ZttZpaPXZwzuu4YKFDshjlZrfwXv8GHbewpw&v=c1&r=https%3A%2F%2Fwww.amazon.com%2Fgp%2Faw%2Fd%2FB09TJXXDHD%3Fpd_rd_plhdr%3Dt%26hsa_cr_id%3D0%26qid%3D1786417408%26sr%3D1-1-5a5562f9-fdfd-4101-9f9d-d76aa9998432%26i%3Daps%26aref%3DcoiBp7GrDW&ref_=sbx__sbtcd2_asin_0_bkgd&pd_rd_w=KcyXj&content-id=amzn1.sym.90f77631-9599-4fe0-95f8-a40adfe1c762%3Aamzn1.sym.90f77631-9599-4fe0-95f8-a40adfe1c762&pf_rd_p=90f77631-9599-4fe0-95f8-a40adfe1c762&pf_rd_r=CZENM1X5NZAD1GDJ4JNT&pd_rd_wg=vK0RC&pd_rd_r=e07a6ef1-ebb7-4f33-ad32-7496dcf851e8,"https://m.media-amazon.com/images/I/71CIVcXsl4L._AC_SR322,134_CB1169409_QL70_.jpg",78,排名进入前30；价格处于人民币等值¥57.60-¥180.00黄金区间；标题包含 cloud、soft，符合美国女鞋舒适化趋势；cloud + slides组合趋势加分；评分达到4.3以上。
2026-08-11,amazon_us,product,best_sellers,Best Sellers Women Sandals,28,"shevalues Orthopedic Sandals for Women, Arch Support Recovery Flip Flops | Orthotic Pillow Soft Summer Beach Shoes, Comfortable for Plantar Fasciitis",,4.3,$18.99,,,,,,https://www.amazon.com/Orthotic-Pillow-Recovery-Sandals-Support/dp/B09LC836QG/ref=zg_bs_g_679425011_d_sccl_28/142-7760405-0885639?psc=1,"https://images-na.ssl-images-amazon.com/images/I/61o9ArJVVsL._AC_UL600_SR600,400_.jpg",77,排名进入前30；标题包含 recovery、orthopedic、comfort、arch support、soft、beach、summer，符合美国女鞋舒适化趋势；orthopedic + arch support组合趋势加分；评分达到4.3以上。
2026-08-11,amazon_us,product,search,platform sandals women,23,UBFEN Womens Platform Sandals With Arch Support Comfy Walking Wedge Crisscross Band Summer Casual UBFEN Womens Platform Sandals With Arch Support Comfy Walking Wedge Crisscross Band Summer Ca…,¥143.64,4.4,4.4,,,,,,https://sponsored-ads.amazon.com/clk/?_encoding=UTF8&p=eAFdT8lu00AAVaiAygqLcihSuAUph0hjz7heMkEW8tY0CmmaxS30Yk0840V1PK49agqHiA-AC0Lizh8g_oADP8Bf8BVIpAiJd3rS2_Qkuv_uy6-f91oP7OXZqTcejV9Bz593Gqh3ELMiuwmPOH2pF9cIB9XImCyjwcFrlJ-NN5WOh5zCaSCjksy0ZN5UoYz6hqwemjK8uLNwVvu2vzz256NF64l0n7L6UvCy1QxO5r47HZ6MLnyv_b4hPbtVwpqRKkrDklURz4lgYVbkWcHClYhbElmTt7yQI75uP61XIMpJXWcR2GXAzglK1LnLijBY9PR6BUTK1oyCiOc5i0TGC3CtgtsxEJGK1qAkWSFYBSJeCFaIjiE14OOPX7_9-PDdaz_86921dx6pEEKMkI5MzUAmUveChTfYc0_d3rj13HNstzwaAdPeOlc7JPbWmfE3hNv_YeskW2e2dew_JGk33cS_Gdp-ohkzpn5uSJ8aqRBlPVCUzWYj__uuJKVCNgpVHDg8Pkf6xF28KGlY0bDMU1pZopvWJIyqMKMW7F5l1EJm39CQqcF-t64sBAygE1031BiDmMYUaAgigGNMATUNQjDGfe1Q7WYWKesuqVhszS4xDiZ2PD3_DW29r5k&v=c1&r=https%3A%2F%2Fwww.amazon.com%2Fgp%2Faw%2Fd%2FB0GHW15MCS%3Fpd_rd_plhdr%3Dt%26hsa_cr_id%3D0%26qid%3D1786417408%26sr%3D1-6-5a5562f9-fdfd-4101-9f9d-d76aa9998432%26i%3Daps%26aref%3DQk99UMAfOW&ref_=sbx__sbtcd2_asin_5_bkgd&pd_rd_w=lRc8j&content-id=amzn1.sym.90f77631-9599-4fe0-95f8-a40adfe1c762%3Aamzn1.sym.90f77631-9599-4fe0-95f8-a40adfe1c762&pf_rd_p=90f77631-9599-4fe0-95f8-a40adfe1c762&pf_rd_r=55G7JDVD51SYY10ZJ32N&pd_rd_wg=cm4FF&pd_rd_r=94366bf3-e764-481b-b677-de04b708ac92,"https://m.media-amazon.com/images/I/61cow9BW-yL._AC_SR322,134_CB1169409_QL70_.jpg",77,排名进入前30；价格处于人民币等值¥57.60-¥180.00黄金区间；标题包含 platform、arch support、summer、wedge，符合美国女鞋舒适化趋势；评分达到4.3以上。
2026-08-11,amazon_us,product,best_sellers,Best Sellers Women Sandals,5,Project Cloud 100% Genuine Leather Womens Sandals Slides for Women (Venita) | Cork Footbed Sandals for Women with Memory Foam and Arch Support Vacation Essentials Slides Women Footwear Flat Sandals,,4.3,$28.40,,,,,,https://www.amazon.com/Project-Cloud-Comfortable-Essentials-Vacation/dp/B0CNYDF946/ref=zg_bs_g_679425011_d_sccl_5/142-7760405-0885639?psc=1,"https://images-na.ssl-images-amazon.com/images/I/61PPWwEkHDL._AC_UL600_SR600,400_.jpg",76,排名靠前；标题包含 cloud、arch support，符合美国女鞋舒适化趋势；cloud + slides组合趋势加分；评分达到4.3以上。
2026-08-11,amazon_us,product,search,platform sandals women,16,Women's Suede Platform Wedge Heel Slide Sandals Y2K Round Open Toe One Strap Slip-On Heeled Sandals Stylish Comfortable Daily Casual Summer Slippers,¥237.53,3.7,"Price, product page $32.99 $ 32 . 99",,,,,,https://www.amazon.com/NBZKBNG-Platform-Sandals-Comfortable-Slippers/dp/B0FXRQXXLG/ref=sr_1_8?dib=eyJ2IjoiMSJ9.JGk5YzWo4YO7-puRDmTMUJkZXwC3U2tW3QWYWUBMAYsPb83jjm0z8AQ_mPQ7Y3S_f3SEZd3I5OvYncpX2A4ywVCr28NXhJvBI4kc_PtVZpFQLiuWX6cQpAvYyr5eD17Kg-f9x-gPkMeqLY8MVOjrbcKLCZFRFk7ir0rV-F9w9UwvBarOCNNgIy9w2aE4AliBESSxwL6VpwQZ185FDNk3UCxIh2wBq-9z3gR0QI0wDh4TvVdRN95oFEWh-895J3IOcgSlciTRBp8A-G3myH1DE1NGwAxdVVkz226K5unBUYk.CUOnrJX7fMzSVD3RVv5jkwsE4qTUnyjWMXRXncm7ci0&dib_tag=se&keywords=platform+sandals+women&qid=1786417408&sr=8-8,https://m.media-amazon.com/images/I/61psKHoQPtL._AC_UL320_.jpg,75,排名进入前30；价格处于人民币等值¥180.00-¥288.00区间；标题包含 platform、comfort、summer、wedge，符合美国女鞋舒适化趋势；platform + comfort组合趋势加分。
2026-08-11,amazon_us,product,best_sellers,Best Sellers Women Sandals,9,"Joomra Pillow Slippers for Women and Men Thick Sole Ultra Cushion Slides | Cloud-Like Sole, Quick Drying Shower Shoes, Soft Open Toe Indoor Outdoor Sandals",,4.3,$23.99,,,,,,https://www.amazon.com/Joomra-Slippers-Massage-Bathroom-Platform/dp/B09652VJP1/ref=zg_bs_g_679425011_d_sccl_9/142-7760405-0885639?psc=1,"https://images-na.ssl-images-amazon.com/images/I/71pkhgTTRXL._AC_UL600_SR600,400_.jpg",73,排名靠前；标题包含 cloud、soft，符合美国女鞋舒适化趋势；cloud + slides组合趋势加分；评分达到4.3以上。
2026-08-11,amazon_us,product,best_sellers,Best Sellers Women Sandals,24,Project Cloud Platform Sandals for Women Strappy Wedges Plush Insole 2026 | Comfortable and Lightweight Fashion Wedge Sandals for Women - Non-Slip Sole with Adjustable Strap for Every Occasions,,4.3,$44.90,,,,,,https://www.amazon.com/Project-Cloud-Platform-Sandals-Footwear/dp/B0DR3KSN3X/ref=zg_bs_g_679425011_d_sccl_24/142-7760405-0885639?psc=1,"https://images-na.ssl-images-amazon.com/images/I/71lJvDGljyL._AC_UL600_SR600,400_.jpg",72,排名进入前30；标题包含 cloud、platform、comfort、wedge，符合美国女鞋舒适化趋势；platform + comfort组合趋势加分；评分达到4.3以上。
2026-08-11,amazon_us,product,new_releases,New Releases Women Sandals,19,IDIFU Espadrille Platform Wedge Sandals for Women | 4 Inch Ankle Strap Open Toe Wedges Comfortable Casual Dressy Summer Wedding Prom Work Beach Cute High Heel Wedges Heels,,4.3,$19.99,,,,,,https://www.amazon.com/IDIFU-Espadrille-Platform-Sandals-Comfortable/dp/B0GGH5Z657/ref=zg_bsnr_g_679425011_d_sccl_19/133-0567473-1440741?psc=1,"https://images-na.ssl-images-amazon.com/images/I/81wNGYQ9UyL._AC_UL600_SR600,400_.jpg",72,排名进入前30；标题包含 platform、comfort、beach、summer、wedge，符合美国女鞋舒适化趋势；platform + comfort组合趋势加分；评分达到4.3以上。
2026-08-11,amazon_us,product,search,platform sandals women,41,"Women's Platform Clogs Sandals Cork Footbed with Comfort Double Buckles, Summer Platform Slides Mules, Summer Beach Comfort Wide Widths Availab",¥215.93,4.3,100+ bought in past month,,,,,,https://www.amazon.com/BiuYorBTY-Platform-Sandals-Footbed-Comfort/dp/B0DZ1P3782/ref=sr_1_25?dib=eyJ2IjoiMSJ9.JGk5YzWo4YO7-puRDmTMUJkZXwC3U2tW3QWYWUBMAYsPb83jjm0z8AQ_mPQ7Y3S_f3SEZd3I5OvYncpX2A4ywVCr28NXhJvBI4kc_PtVZpFQLiuWX6cQpAvYyr5eD17Kg-f9x-gPkMeqLY8MVOjrbcKLCZFRFk7ir0rV-F9w9UwvBarOCNNgIy9w2aE4AliBESSxwL6VpwQZ185FDNk3UCxIh2wBq-9z3gR0QI0wDh4TvVdRN95oFEWh-895J3IOcgSlciTRBp8A-G3myH1DE1NGwAxdVVkz226K5unBUYk.CUOnrJX7fMzSVD3RVv5jkwsE4qTUnyjWMXRXncm7ci0&dib_tag=se&keywords=platform+sandals+women&qid=1786417408&sr=8-25,https://m.media-amazon.com/images/I/716g0SFJuTL._AC_UL320_.jpg,72,排名进入前50；评论数达到50以上；价格处于人民币等值¥180.00-¥288.00区间；标题包含 platform、comfort、beach、summer，符合美国女鞋舒适化趋势；platform + comfort组合趋势加分；评分达到4.3以上。
2026-08-11,amazon_us,product,search,platform sandals women,20,UBFEN Womens Chunky Wedge Platform Sandals Adjustable Double-Strap Square | Toed Open-Toe Style Suitable for Outdoor Casual Wear UBFEN Womens Chunky Wedge Platform Sandals Adjustable Double-Strap Square | Toed Open-Toe Sty…,¥143.93,4.6,4.6,,,,,,https://sponsored-ads.amazon.com/clk/?_encoding=UTF8&p=eAFdT82K00AApi7qEuoPPaxQbxV6KEwyk-anUwmSNNla6m63P1l39xKmmUkaNs3MZsJ29VB8AL2I4N03EN_Agy_gW_gUgl0R_E4ffH98Ct1_9-XXz3uNB-7i9MQfj8Zn0A9mrRrqHCSsyG6iQ05fmcU1wmE5so4Wcf_gHOWn401p4iGncBKqSJCpkc7qOlRRz1L1rq3Ciztzb7nvBouXwWw0bzxR7lMmLysuGvXweBYMJsPj0UXgN9_XlGe3SiQZKeNVJFgZ85xULMqKPCtYtKyShkLW5C0v1Jivm0_lEsQ5kTKLwS4Ddk4gUOsuK6Jw3jHlElQrtmYUxDzPWVxlvADXOrgdAzEpqQSCZEXFShDzomJF1bKUGnz88eu3Hx---82Hf7279tYjHUKIETKRbVjIRvpeOPf7e4OTQWfceO577kAcjoDtbr2rHVJ36035G8Ld_7D10q033XruH5I264M0uBm6QWpYU6Z_rimfaquqErKvaZvNRv33XUuFRjYa1Tw49M_13vBs_ELQqKSRyFe0dKr2SpIoLqOMOrB9lVEH2T3LQLYBe21ZOgh0gUlM09ITDBKaUGAgiABOMAXUtgjBGPeMrt7OHCJkm5QscaaXGIdHbjJ5_Rtw3a-f&v=c1&r=https%3A%2F%2Fwww.amazon.com%2Fgp%2Faw%2Fd%2FB0GDY28GXK%3Fpd_rd_plhdr%3Dt%26hsa_cr_id%3D0%26qid%3D1786417408%26sr%3D1-3-5a5562f9-fdfd-4101-9f9d-d76aa9998432%26i%3Daps%26aref%3DQk99UMAfOW&ref_=sbx__sbtcd2_asin_2_bkgd&pd_rd_w=lRc8j&content-id=amzn1.sym.90f77631-9599-4fe0-95f8-a40adfe1c762%3Aamzn1.sym.90f77631-9599-4fe0-95f8-a40adfe1c762&pf_rd_p=90f77631-9599-4fe0-95f8-a40adfe1c762&pf_rd_r=55G7JDVD51SYY10ZJ32N&pd_rd_wg=cm4FF&pd_rd_r=94366bf3-e764-481b-b677-de04b708ac92,"https://m.media-amazon.com/images/I/61M8szgUVaL._AC_SR322,134_CB1169409_QL70_.jpg",71,排名进入前30；价格处于人民币等值¥57.60-¥180.00黄金区间；标题包含 platform、wedge，符合美国女鞋舒适化趋势；评分达到4.6以上。
2026-08-11,amazon_us,product,best_sellers,Best Sellers Women Sandals,1,KuaiLu Flip Flops for Women with Arch Support Summer Beach Thong Sandals | Comfortable Yoga Mat Walking Shoes Cushion Slip On Casual Outfits Indoor Outdoor,,4.3,$11.99,,,,,,https://www.amazon.com/KuaiLu-Support-Comfortable-Walking-Sandals/dp/B0C5ZRQS2X/ref=zg_bs_g_679425011_d_sccl_1/142-7760405-0885639?psc=1,"https://images-na.ssl-images-amazon.com/images/I/710PdcSAm6L._AC_UL600_SR600,400_.jpg",70,排名靠前；标题包含 comfort、arch support、beach、summer，符合美国女鞋舒适化趋势；评分达到4.3以上。
2026-08-11,amazon_us,product,new_releases,New Releases Women Sandals,9,Uniwill Shower Shoes Womens Quick Dry Arch Support Flip Flops | Darin Holes Comfortable Non Slip Beach Lightweight Thong Sandalas,,4.6,$10.99,,,,,,https://www.amazon.com/Uniwill-Shower-Shoes-Womens-Quickly/dp/B0GY5JL3N1/ref=zg_bsnr_g_679425011_d_sccl_9/133-0567473-1440741?psc=1,"https://images-na.ssl-images-amazon.com/images/I/61PrHay7LLL._AC_UL600_SR600,400_.jpg",70,排名靠前；标题包含 comfort、arch support、beach，符合美国女鞋舒适化趋势；评分达到4.6以上。
2026-08-11,amazon_us,product,search,women summer slippers,6,Women's Fuzzy Open Toe Slippers Memory Foam Faux Fur House Shoes,¥179.93,4.8,New on Amazon in past month,,,,,,https://www.amazon.com/sspa/click?ie=UTF8&spc=MToxNjc2NTU3MTQyMDM4Njg1OjE3ODY0MTc0MDc6c3Bfc2VhcmNoX3RoZW1hdGljOjMwMTQzNTE5NjkwMDIwMjo6MDo6&url=%2FBesroad-Fluffy-Slippers-Women-House%2Fdp%2FB0H6JLHNRM%2Fref%3Dsxin_18_pa_sp_search_thematic_sspa%3Fcontent-id%3Damzn1.sym.6a13f6f8-2cc5-4505-8828-4fd5b2133d74%253Aamzn1.sym.6a13f6f8-2cc5-4505-8828-4fd5b2133d74%26cv_ct_cx%3Dwomen%2Bsummer%2Bslippers%26keywords%3Dwomen%2Bsummer%2Bslippers%26pd_rd_i%3DB0H6JLHNRM%26pd_rd_r%3Dd5d7c367-f21d-413a-90dc-a5f21132c4a6%26pd_rd_w%3DJm6n0%26pd_rd_wg%3DgEpFz%26pf_rd_p%3D6a13f6f8-2cc5-4505-8828-4fd5b2133d74%26pf_rd_r%3D7DZ3P2TFS2YD5GMVSGEV%26qid%3D1786417407%26sbo%3DRZvfv%252F%252FHxDF%252BO5021pAnSA%253D%253D%26sr%3D1-1-d1d87218-35d9-414f-9801-db7973c52143-spons%26aref%3DfMtxBBSGMu%26sp_csd%3Dd2lkZ2V0TmFtZT1zcF9zZWFyY2hfdGhlbWF0aWM%26psc%3D1&aref=fMtxBBSGMu,https://m.media-amazon.com/images/I/71eoFD0AOPL._AC_UL320_.jpg,70,排名靠前；价格处于人民币等值¥57.60-¥180.00黄金区间；评分达到4.6以上。
2026-08-11,amazon_us,product,search,women summer slippers,10,JOLLYVOGUE,¥115.13,4.8,JOLLYVOGUE,,,,,,https://www.amazon.com/sspa/click?ie=UTF8&spc=MToxNjc2NTU3MTQyMDM4Njg1OjE3ODY0MTc0MDc6c3Bfc2VhcmNoX3RoZW1hdGljOjMwMTM5NTAyODUzODAwMjo6NDo6&url=%2FJOLLYVOGUE-Cheetah-Slippers-Leopard-Memory%2Fdp%2FB0GZTNPSMR%2Fref%3Dsxin_18_pa_sp_search_thematic_sspa%3Fcontent-id%3Damzn1.sym.6a13f6f8-2cc5-4505-8828-4fd5b2133d74%253Aamzn1.sym.6a13f6f8-2cc5-4505-8828-4fd5b2133d74%26cv_ct_cx%3Dwomen%2Bsummer%2Bslippers%26keywords%3Dwomen%2Bsummer%2Bslippers%26pd_rd_i%3DB0GZTNPSMR%26pd_rd_r%3Dd5d7c367-f21d-413a-90dc-a5f21132c4a6%26pd_rd_w%3DJm6n0%26pd_rd_wg%3DgEpFz%26pf_rd_p%3D6a13f6f8-2cc5-4505-8828-4fd5b2133d74%26pf_rd_r%3D7DZ3P2TFS2YD5GMVSGEV%26qid%3D1786417407%26sbo%3DRZvfv%252F%252FHxDF%252BO5021pAnSA%253D%253D%26sr%3D1-5-d1d87218-35d9-414f-9801-db7973c52143-spons%26aref%3DPg6JNgjUlK%26sp_csd%3Dd2lkZ2V0TmFtZT1zcF9zZWFyY2hfdGhlbWF0aWM%26psc%3D1&aref=Pg6JNgjUlK,https://m.media-amazon.com/images/I/71N+OFE+0YL._AC_UL320_.jpg,70,排名靠前；价格处于人民币等值¥57.60-¥180.00黄金区间；评分达到4.6以上。
2026-08-11,amazon_us,product,search,women summer slippers,27,Summer House Slippers for Women Men Waffle Indoor Slippers,¥122.33,4.3,600+ bought in past month,,,,,,https://www.amazon.com/Shevalues-Summer-House-Slippers-Men-Breathable-Waffle-Indoor-Slippers-Slip-Open-Toe-Home-Shoes-7-5-8-5-6-5-7-5/dp/B09SLQJ637/ref=sr_1_14?dib=eyJ2IjoiMSJ9.3B_wBrVg1UMy5tWehIloEqcJ9-aVDJ_nzHv3-WRd7oepZiUeX5Ssn7U0ro-W6pI_NAXX23yMdsXb5GF-rTQWCTNmkRhJ_05Be8EpFUSi4nqWjvKV9evO5SXGOm_UkavROWWEoLKGgC3FkYVbdw2AY9CbS_hwMSGMeiKyGg3omXxa9LcqTlT2j4GsodsANPVu7adBMC-495VGUo6aCZcPszp3qfI6Vz0oYiEF06t1gFywv9rPemdcIAZNlv0Eai5GfrP7EcrUmVLPIzhiP-sSNHP1-6qZlwBx2Ld15hdEfwk._bMqCHi2W3QluEzRLChy7cRCwdJ4loRbcgTm-6GwTEk&dib_tag=se&keywords=women+summer+slippers&qid=1786417407&sr=8-14,https://m.media-amazon.com/images/I/81-CmH5PjYL._AC_UL320_.jpg,70,排名进入前30；评论数达到300以上；价格处于人民币等值¥57.60-¥180.00黄金区间；标题包含 summer，符合美国女鞋舒适化趋势；评分达到4.3以上。
2026-08-11,amazon_us,product,search,platform sandals women,7,Project Cloud,¥287.28,4.3,Project Cloud,,,,,,https://www.amazon.com/sspa/click?ie=UTF8&spc=MTo0MzgxNzExNjczOTA3MDoxNzg2NDE3NDA4OnNwX3NlYXJjaF90aGVtYXRpYzozMDA2NjU0NDYyOTEwMDI6OjE6Og&url=%2FProject-Cloud-Genuine-Platform-Footwear%2Fdp%2FB0DNKKFTXY%2Fref%3Dsxin_18_pa_sp_search_thematic_sspa%3Fcontent-id%3Damzn1.sym.d45862ba-a141-4749-99ed-fdbc59982e34%253Aamzn1.sym.d45862ba-a141-4749-99ed-fdbc59982e34%26cv_ct_cx%3Dplatform%2Bsandals%2Bwomen%26keywords%3Dplatform%2Bsandals%2Bwomen%26pd_rd_i%3DB0DNKKFTXY%26pd_rd_r%3D94366bf3-e764-481b-b677-de04b708ac92%26pd_rd_w%3DIp0Nj%26pd_rd_wg%3Dcm4FF%26pf_rd_p%3Dd45862ba-a141-4749-99ed-fdbc59982e34%26pf_rd_r%3D55G7JDVD51SYY10ZJ32N%26qid%3D1786417408%26sbo%3D9ZOMT9Jm0JH%252Ft%252BWi68iDSA%253D%253D%26sr%3D1-2-2c727eeb-987f-452f-86bd-c2978cc9d8b9-spons%26aref%3DFsCfuegO6N%26sp_csd%3Dd2lkZ2V0TmFtZT1zcF9zZWFyY2hfdGhlbWF0aWM%26psc%3D1&aref=FsCfuegO6N,https://m.media-amazon.com/images/I/814Iw0hjcmL._AC_UL320_.jpg,70,排名靠前；价格处于人民币等值¥180.00-¥288.00区间；标题包含 cloud，符合美国女鞋舒适化趋势；评分达到4.3以上。
2026-08-11,amazon_us,product,best_sellers,Best Sellers Women Sandals,21,"CUSHIONAIRE Feather EVA Slides for Women – Comfortable Slip On Womens Slippers, Indoor Outdoor Shower Shoes, Beach Essential Cloud Slides",,4.4,$25.64,,,,,,https://www.amazon.com/Cushionaire-Womens-Feather-recovery-Comfort/dp/B094TD7Z1K/ref=zg_bs_g_679425011_d_sccl_21/142-7760405-0885639?psc=1,"https://images-na.ssl-images-amazon.com/images/I/817PhiYQjLL._AC_UL600_SR600,400_.jpg",69,排名进入前30；标题包含 cloud、comfort、beach，符合美国女鞋舒适化趋势；cloud + slides组合趋势加分；评分达到4.3以上。
2026-08-11,amazon_us,product,best_sellers,Best Sellers Women Sandals,29,Project Cloud 100% Genuine Leather Sandals Women Comfortable Womens Slides | Slides for Women Beach Essential Lightweight Footwear with Memory Foam Insole Everyday Summer Sandals for Women,,4.0,$27.90,,,,,,https://www.amazon.com/Project-Cloud-Genuine-Leather-Essentials/dp/B0CP4LB912/ref=zg_bs_g_679425011_d_sccl_29/142-7760405-0885639?psc=1,"https://images-na.ssl-images-amazon.com/images/I/71vp2CsL3sL._AC_UL600_SR600,400_.jpg",69,排名进入前30；标题包含 cloud、comfort、beach、summer，符合美国女鞋舒适化趋势；cloud + slides组合趋势加分；评分达到4.0以上。
2026-08-11,amazon_us,product,new_releases,New Releases Women Sandals,28,Tearkiss Platform Sandals Women Strappy Wedges Comfortable Lightweight Non Slip Walking Sandals Dressy Summer Wedges for Vacation Office Casual Wear,,4.1,$31.99,,,,,,https://www.amazon.com/Tearkiss-Platform-Comfortable-Lightweight-Vacation/dp/B0GZKFP5K6/ref=zg_bsnr_g_679425011_d_sccl_28/133-0567473-1440741?psc=1,"https://images-na.ssl-images-amazon.com/images/I/71dus76wSwL._AC_UL600_SR600,400_.jpg",69,排名进入前30；标题包含 platform、comfort、summer、wedge，符合美国女鞋舒适化趋势；platform + comfort组合趋势加分；评分达到4.0以上。
2026-08-11,amazon_us,product,new_releases,New Releases Women Sandals,29,IDIFU IN2 Platform Sandals Comfortable Open Toe Chunky Wedge Slides | Cute Lightweight Summer Beach Vacation Slip on Cross Strap Knit Womens Slide Sandal,,4.0,$19.99,,,,,,https://www.amazon.com/IDIFU-Platform-Sandals-Comfortable-Chunky/dp/B0GLF3Q2MQ/ref=zg_bsnr_g_679425011_d_sccl_29/133-0567473-1440741?psc=1,"https://images-na.ssl-images-amazon.com/images/I/81JSTk0SgZL._AC_UL600_SR600,400_.jpg",69,排名进入前30；标题包含 platform、comfort、beach、summer、wedge，符合美国女鞋舒适化趋势；platform + comfort组合趋势加分；评分达到4.0以上。
2026-08-11,amazon_us,product,best_sellers,Best Sellers Women Sandals,10,"ODOLY Unisex Comfortable Cork Footbed Slide Sandals with Arch Support | Adjustable Buckle, Lightweight Summer Sandals for Travel and Everyday Wear",,4.5,$19.99,,,,,,https://www.amazon.com/ODOLY-Footbed-Comfortable-Sandals-Adjustable/dp/B0CSMN1X4W/ref=zg_bs_g_679425011_d_sccl_10/142-7760405-0885639?psc=1,"https://images-na.ssl-images-amazon.com/images/I/61iYsM+H9QL._AC_UL600_SR600,400_.jpg",67,排名靠前；标题包含 comfort、arch support、summer，符合美国女鞋舒适化趋势；评分达到4.3以上。
2026-08-11,amazon_us,product,search,women summer slippers,4,GOEWY,¥93.53,4.4,GOEWY,,,,,,https://www.amazon.com/GOEWY-Slippers-Summer-Breathable-Slides/dp/B0GQGLFHFJ/ref=sr_1_1?dib=eyJ2IjoiMSJ9.3B_wBrVg1UMy5tWehIloEqcJ9-aVDJ_nzHv3-WRd7oepZiUeX5Ssn7U0ro-W6pI_NAXX23yMdsXb5GF-rTQWCTNmkRhJ_05Be8EpFUSi4nqWjvKV9evO5SXGOm_UkavROWWEoLKGgC3FkYVbdw2AY9CbS_hwMSGMeiKyGg3omXxa9LcqTlT2j4GsodsANPVu7adBMC-495VGUo6aCZcPszp3qfI6Vz0oYiEF06t1gFywv9rPemdcIAZNlv0Eai5GfrP7EcrUmVLPIzhiP-sSNHP1-6qZlwBx2Ld15hdEfwk._bMqCHi2W3QluEzRLChy7cRCwdJ4loRbcgTm-6GwTEk&dib_tag=se&keywords=women+summer+slippers&qid=1786417407&sr=8-1,https://m.media-amazon.com/images/I/61PJ6PNvlqL._AC_UL320_.jpg,67,排名靠前；价格处于人民币等值¥57.60-¥180.00黄金区间；评分达到4.3以上。
2026-08-11,amazon_us,product,search,women summer slippers,7,SMILIN,¥174.17,4.3,SMILIN,,,,,,https://www.amazon.com/sspa/click?ie=UTF8&spc=MToxNjc2NTU3MTQyMDM4Njg1OjE3ODY0MTc0MDc6c3Bfc2VhcmNoX3RoZW1hdGljOjMwMTM5MDQyNzY0NTQwMjo6MTo6&url=%2FSMILIN-Raffia-Sandals-Slides-Vacation%2Fdp%2FB0H6P6Z7Q2%2Fref%3Dsxin_18_pa_sp_search_thematic_sspa%3Fcontent-id%3Damzn1.sym.6a13f6f8-2cc5-4505-8828-4fd5b2133d74%253Aamzn1.sym.6a13f6f8-2cc5-4505-8828-4fd5b2133d74%26cv_ct_cx%3Dwomen%2Bsummer%2Bslippers%26keywords%3Dwomen%2Bsummer%2Bslippers%26pd_rd_i%3DB0H6P6Z7Q2%26pd_rd_r%3Dd5d7c367-f21d-413a-90dc-a5f21132c4a6%26pd_rd_w%3DJm6n0%26pd_rd_wg%3DgEpFz%26pf_rd_p%3D6a13f6f8-2cc5-4505-8828-4fd5b2133d74%26pf_rd_r%3D7DZ3P2TFS2YD5GMVSGEV%26qid%3D1786417407%26sbo%3D9ZOMT9Jm0JH%252Ft%252BWi68iDSA%253D%253D%26sr%3D1-2-d1d87218-35d9-414f-9801-db7973c52143-spons%26aref%3D8VXCSrVjDa%26sp_csd%3Dd2lkZ2V0TmFtZT1zcF9zZWFyY2hfdGhlbWF0aWM%26psc%3D1&aref=8VXCSrVjDa,https://m.media-amazon.com/images/I/71jgOLqZKaL._AC_UL320_.jpg,67,排名靠前；价格处于人民币等值¥57.60-¥180.00黄金区间；评分达到4.3以上。
2026-08-11,amazon_us,product,search,women summer slippers,25,Open Toe House Slippers for Women Men Memory Foam Bedroom Shoes,¥100.73,4.3,800+ bought in past month,,,,,,https://www.amazon.com/Shevalues-Womens-Indoor-Slippers-Cotton/dp/B074HBC1BR/ref=sr_1_12?dib=eyJ2IjoiMSJ9.3B_wBrVg1UMy5tWehIloEqcJ9-aVDJ_nzHv3-WRd7oepZiUeX5Ssn7U0ro-W6pI_NAXX23yMdsXb5GF-rTQWCTNmkRhJ_05Be8EpFUSi4nqWjvKV9evO5SXGOm_UkavROWWEoLKGgC3FkYVbdw2AY9CbS_hwMSGMeiKyGg3omXxa9LcqTlT2j4GsodsANPVu7adBMC-495VGUo6aCZcPszp3qfI6Vz0oYiEF06t1gFywv9rPemdcIAZNlv0Eai5GfrP7EcrUmVLPIzhiP-sSNHP1-6qZlwBx2Ld15hdEfwk._bMqCHi2W3QluEzRLChy7cRCwdJ4loRbcgTm-6GwTEk&dib_tag=se&keywords=women+summer+slippers&qid=1786417407&sr=8-12,https://m.media-amazon.com/images/I/71JYzlHXkPL._AC_UL320_.jpg,67,排名进入前30；评论数达到300以上；价格处于人民币等值¥57.60-¥180.00黄金区间；评分达到4.3以上。
2026-08-11,amazon_us,product,best_sellers,Best Sellers Women Sandals,8,Project Cloud Flip Flops for Women Memory Foam Flats Sandals (Foundations) | Lightweight and Durable Non-Slip SoleWomens Sandals - Beach Essentials Womens Flat Sandals for Everyday Comfort Daily Wear,,4.2,$28.90,,,,,,https://www.amazon.com/Project-Cloud-Flip-flops-Women/dp/B0D2F94XKW/ref=zg_bs_g_679425011_d_sccl_8/142-7760405-0885639?psc=1,"https://images-na.ssl-images-amazon.com/images/I/41JMYLSDC3L._AC_UL600_SR600,400_.jpg",66,排名靠前；标题包含 cloud、comfort、beach，符合美国女鞋舒适化趋势；评分达到4.0以上。
2026-08-11,amazon_us,product,best_sellers,Best Sellers Women Sandals,25,Project Cloud 100% Genuine Leather Footbed Sandals for Women (Santorini) | Comfortable Beach Essentials Womens Sandals Plush Memory Foam Cushioning Vacation Essentials Slides for Women Footwear,,4.2,$37.90,,,,,,https://www.amazon.com/Project-Cloud-Comfortable-Essentials-Santorini/dp/B0DQF8F5XV/ref=zg_bs_g_679425011_d_sccl_25/142-7760405-0885639?psc=1,"https://images-na.ssl-images-amazon.com/images/I/91yOyl7MMNL._AC_UL600_SR600,400_.jpg",66,排名进入前30；标题包含 cloud、comfort、beach，符合美国女鞋舒适化趋势；cloud + slides组合趋势加分；评分达到4.0以上。
2026-08-11,amazon_us,product,search,women slides,7,"CUSHIONAIRE Pippin Chunky Platform Flip Flops, Stylish Wedge Flip Flops for Women with Cushioned Footbed and Durable Sole CUSHIONAIRE Pippin Chunky Platform Flip Flops, Stylish W…",¥287.93,3.7,,,,,,,https://aax-us-east-retail-direct.amazon.com/x/c/JOZXLlS5FJ8SyRc7juNqqlkAAAGf7sZqRQEAAAH2AQBvbm9fdHhuX2JpZDMgICBvbm9fdHhuX2ltcDIgICCAHYWJ/clv1c_ek-IBPHXKrTWnuOrE88nb8h9mFkzDJq0ElxcrtFmz964PNEvxNea9_XDU43igEeqxZP6HsDL96bDFtkWaaQRo3-7P8ip1Dgcv-s3GjbGWN1wkzT7iCZnwGvwUnn0olQJJ7zf2QrMM6ftolGzCczFneHn-J2dn2n6EmEg7_Ss2pMnqUoZOamuudp88RlueNzOgECH7N-m3IXEzsJZu3jBdapb_jo2UCrSDc6qgKu6FinNaDjaAY164fAiQM5X7U9F8f_kK8mCNosKd5eMbZ3YbMKPIYqZia3Ahj8gpoBNz3pnTszis5SLkqKKAaD9wXGcmbTMjpExzKIWWxc0kU0Dk_ZLu7QEtT_nK0zpahu17nWwtpW9AsRZPW5JK-_07KBVqKyuGxhH7mtfyl474J35nfonmsi01mur03yr8dzPlzsJsw_-rYolK5gQu9szwoWaqWF0KOTzHnyYfzfNBNFublNbGvUEVdmx30kWuoR1gxscDup8z97LNU-T_dlmAJU67dzMUb3lEYan4QDj-1J0Ng6WyIZq351ymv0Ibuo1_7eHNKVF5qsdtmWwXKb2EbkNgaF3a1SUhJCBSkPKfhiFfuhv7YqrOGa-Y4Hjs-NVGgV2h64yq4o-lmMHLpx2bTKfrvjiaYtDvLqroDSwtzTSFQU1IPLKV6YpJNrt1d5vl6y8f1Mt_swT6KSIDMjN0Q9IfKpb9n7za5_YGjykcz6JX0XdJse8GN4mTwMXzKigSFKLOZuiW6wMPl0Pm-MZBJuGjm04w5zafuWhyCOBXOzKRsaWShtBg2lfpfKSoRLj2KrUL9TtIZpc8SjNUMztn5I9JiJD7g4G4OfKaUuk4YLhbu2U14OobI0O3IVUdxSdpKZLl7ucYeWdAYrtmGdYwVqdIgZvXKZ8LVxDRLCYAlBWlYZeh5cc60r33_X4AsldSLKOO8DH21aUYOTr42bVFnR9kXSmVJ7QmQGHNaz43M8Vf7ajz6bsX9ExIDfDDfcPSC84c70rlOIXFb_AU3NC25CscewfhWkiclJZbAtw3bPtoDBFXgYuqVwec7INkzOJ9hR3KTXJJ1k18JqoronVZafR6CdN4U2Iit_nHbUecwRnORPWv62N-nqTgRSp5cFPiIbp80D1BaJR9vK6Hz3ppjO5ARdF8zXd4PTMfbh5lJ5ZsDhsjEMo5VW0hBC0XRif4N2x9oUNkjYnAcTMFki194swhjR8JAVxp306E4HkVF-41S2zmDJLGWgLfXG3sr5igfMaPfE3qErypHzlzNSCrFFW0wfX78q9AfqCtx-PwdTAaliA3s7RAbO7rTF5mRcwA5AO9effvJhBxgPVoNOdI2E4ByHi6bDR9-so5WX6aJF1ACyhLjRe1hmFHyu2uTpAoVb9zbb05E8Cwo8aumF1k_Sxc9s9hsAoRA17F9XUAczwEETX9NZUk1UAgUOI0N-sXt4oDdOxmFMfuiJaCxaZHNJo0Rt2JQtfTvHVxTjrn6LDlYtUljGgPPji4PpLtb-a4R9mGpFozvJR5ThoCstYCR-C0lVP4la7fsGmK2TF7wz8YocwtUEdi7lNPLcXbBcbY9VbbOmzVBhBHKoy1-f8bJrK7UMcpobqZF2OE7sc0UPURZ3gyBSmKas-qZuwreVC0FY1CKwkirGDkAzNA1_J2Xh-bT4VD_tP8Kp_FiazgmVQNSXkWhAydblRGkjzwVw/https://www.amazon.com/gp/aw/d/B09RLW769L/?_encoding=UTF8&pd_rd_plhdr=t&aaxitk=44dd0c4cb7639509caffa28e339187a6&hsa_cr_id=0&qid=1786417408&sr=1-7-9e67e56a-6f64-441f-a281-df67fc737124&i=aps&aref=5sJdcvgD2v&ref_=sbx__sbtcd_asin_6_bkgd&pd_rd_w=mEElF&content-id=amzn1.sym.8de9b3d5-f5c5-40e9-9b39-d65f08d6ea68%3Aamzn1.sym.8de9b3d5-f5c5-40e9-9b39-d65f08d6ea68&pf_rd_p=8de9b3d5-f5c5-40e9-9b39-d65f08d6ea68&pf_rd_r=CZENM1X5NZAD1GDJ4JNT&pd_rd_wg=ghJNr&pd_rd_r=e09eccb3-c4c9-40c7-ab69-2df630f2512d,"https://m.media-amazon.com/images/I/6159szeAVvL._AC_SR160,134_CB1169409_QL70_.jpg",66,排名靠前；价格处于人民币等值¥180.00-¥288.00区间；标题包含 platform、wedge，符合美国女鞋舒适化趋势。
2026-08-11,amazon_us,product,search,platform sandals women,11,Womens Fashion Platforms Sandals Summer Wedges Open Toe Buckle Ankle Strap Sandal Dressy Shoes,¥244.73,4.3,New on Amazon in past month,,,,,,https://www.amazon.com/EXEBLUE-Womens-Fashion-Platforms-Sandals/dp/B0GX148XK1/ref=sr_1_3?dib=eyJ2IjoiMSJ9.JGk5YzWo4YO7-puRDmTMUJkZXwC3U2tW3QWYWUBMAYsPb83jjm0z8AQ_mPQ7Y3S_f3SEZd3I5OvYncpX2A4ywVCr28NXhJvBI4kc_PtVZpFQLiuWX6cQpAvYyr5eD17Kg-f9x-gPkMeqLY8MVOjrbcKLCZFRFk7ir0rV-F9w9UwvBarOCNNgIy9w2aE4AliBESSxwL6VpwQZ185FDNk3UCxIh2wBq-9z3gR0QI0wDh4TvVdRN95oFEWh-895J3IOcgSlciTRBp8A-G3myH1DE1NGwAxdVVkz226K5unBUYk.CUOnrJX7fMzSVD3RVv5jkwsE4qTUnyjWMXRXncm7ci0&dib_tag=se&keywords=platform+sandals+women&qid=1786417408&sr=8-3,https://m.media-amazon.com/images/I/71VtpYzvstL._AC_UL320_.jpg,66,排名进入前30；价格处于人民币等值¥180.00-¥288.00区间；标题包含 platform、summer、wedge，符合美国女鞋舒适化趋势；评分达到4.3以上。
2026-08-11,amazon_us,product,best_sellers,Best Sellers Women Sandals,6,OOFOS OOahh Recovery Slide - Women’s and Men’s,,4.4,$59.95,,,,,,https://www.amazon.com/OOFOS-Unisex-Ooahh-Slide-Sandal/dp/B00BRC4LLE/ref=zg_bs_g_679425011_d_sccl_6/142-7760405-0885639?psc=1,"https://images-na.ssl-images-amazon.com/images/I/51xksaC-aaL._AC_UL600_SR600,400_.jpg",65,排名靠前；评论数达到50以上；标题包含 recovery，符合美国女鞋舒适化趋势；评分达到4.3以上。
2026-08-11,amazon_us,product,new_releases,New Releases Women Sandals,11,"MellowSoft Cloud Slides for Women & Men, Thick Shock-Absorbing Sole | Ultra Soft CloudFoam Cushioning Slides, Lightweight Anti-Slip Recovery Sandals for Indoor & Outdoor Comfort",,3.5,$31.20,,,,,,https://www.amazon.com/MellowSoft-Cloud-Slides-CloudFoam-Cushioning/dp/B0H52VV17P/ref=zg_bsnr_g_679425011_d_sccl_11/133-0567473-1440741?psc=1,"https://images-na.ssl-images-amazon.com/images/I/51KGd55hl5L._AC_UL600_SR600,400_.jpg",65,排名进入前30；标题包含 cloud、recovery、comfort、soft，符合美国女鞋舒适化趋势；cloud + slides组合趋势加分。
2026-08-11,amazon_us,product,search,women slides,8,"CUSHIONAIRE Chai Strappy Flip Flops for Women, Comfortable Casual Women Sandals with Memory Foam CUSHIONAIRE Chai Strappy Flip Flops for Women, Comforta…",¥239.26,4.2,,,,,,,https://aax-us-east-retail-direct.amazon.com/x/c/JOZXLlS5FJ8SyRc7juNqqlkAAAGf7sZqRQEAAAH2AQBvbm9fdHhuX2JpZDMgICBvbm9fdHhuX2ltcDIgICCAHYWJ/clv1c_ek-IBPHXKrTWnuOrE88nb8h9mFkzDJq0ElxcrtFmz964PNEvxNea9_XDU43igEeqxZP6HsDL96bDFtkWaaQRo3-7P8ip1Dgcv-s3GjbGWN1wkzT7iCZnwGvwUnn0olQJJ7zf2QrMM6ftolGzCczFneHn-J2dn2n6EmEg7_Ss2pMnqUoZOamuudp88RlueNzOgECH7N-m3IXEzsJZu3jBdapb_jo2UCrSDc6qgKu6FinNaDjaAY164fAiQM5X7U9F8f_kK8mCNosKd5eMbZ3YbMKPIYqZia3Ahj8gpoBNz3pnTszis5SLkqKKAaD9wXGcmbTMjpExzKIWWxc0kU0Dk_ZLu7QEtT_nK0zpahu17nWwtpW9AsRZPW5JK-_07KBVqKyuGxhH7mtfyl474J35nfonmsi01mur03yr8dzPlzsJsw_-rYolK5gQu9szwoWaqWF0KOTzHnyYfzfNBNFublNbGvUEVdmx30kWuoR1gxscDup8z97LNU-T_dlmAJU67dzMUb3lEYan4QDj-1J0Ng6WyIZq351ymv0Ibuo1_7eHNKVF5qsdtmWwXKb2EbkNgaF3a1SUhJCBSkPKfhiFfuhv7YqrOGa-Y4Hjs-NVGgV2h64yq4o-lmMHLpx2bTKfrvjiaYtDvLqroDSwtzTSFQU1IPLKV6YpJNrt1d5vl6y8f1Mt_swT6KSIDMjN0Q9IfKpb9n7za5_YGjykcz6JX0XdJse8GN4mTwMXzKigSFKLOZuiW6wMPl0Pm-MZBJuGjm04w5zafuWhyCOBXOzKRsaWShtBg2lfpfKSoRLj2KrUL9TtIZpc8SjNUMztn5I9JiJD7g4G4OfKaUuk4YLhbu2U14OobI0O3IVUdxSdpKZLl7ucYeWdAYrtmGdYwVqdIgZvXKZ8LVxDRLCYAlBWlYZeh5cc60r33_X4AsldSLKOO8DH21aUYOTr42bVFnR9kXSmVJ7QmQGHNaz43M8Vf7ajz6bsX9ExIDfDDfcPSC84c70rlOIXFb_AU3NC25CscewfhWkiclJZbAtw3bPtoDBFXgYuqVwec7INkzOJ9hR3KTXJJ1k18JqoronVZafR6CdN4U2Iit_nHbUecwRnORPWv62N-nqTgRSp5cFPiIbp80D1BaJR9vK6Hz3ppjO5ARdF8zXd4PTMfbh5lJ5ZsDhsjEMo5VW0hBC0XRif4N2x9oUNkjYnAcTMFki194swhjR8JAVxp306E4HkVF-41S2zmDJLGWgLfXG3sr5igfMaPfE3qErypHzlzNSCrFFW0wfX78q9AfqCtx-PwdTAaliA3s7RAbO7rTF5mRcwA5AO9effvJhBxgPVoNOdI2E4ByHi6bDR9-so5WX6aJF1ACyhLjRe1hmFHyu2uTpAoVb9zbb05E8Cwo8aumF1k_Sxc9s9hsAoRA17F9XUAczwEETX9NZUk1UAgUOI0N-sXt4oDdOxmFMfuiJaCxaZHNJo0Rt2JQtfTvHVxTjrn6LDlYtUljGgPPji4PpLtb-a4R9mGpFozvJR5ThoCstYCR-C0lVP4la7fsGmK2TF7wz8YocwtUEdi7lNPLcXbBcbY9VbbOmzVBhBHKoy1-f8bJrK7UMcpobqZF2OE7sc0UPURZ3gyBSmKas-qZuwreVC0FY1CKwkirGDkAzNA1_J2Xh-bT4VD_tP8Kp_FiazgmVQNSXkWhAydblRGkjzwVw/https://www.amazon.com/gp/aw/d/B0DWCLTF8C/?_encoding=UTF8&pd_rd_plhdr=t&aaxitk=44dd0c4cb7639509caffa28e339187a6&hsa_cr_id=0&qid=1786417408&sr=1-8-9e67e56a-6f64-441f-a281-df67fc737124&i=aps&aref=5sJdcvgD2v&ref_=sbx__sbtcd_asin_7_bkgd&pd_rd_w=mEElF&content-id=amzn1.sym.8de9b3d5-f5c5-40e9-9b39-d65f08d6ea68%3Aamzn1.sym.8de9b3d5-f5c5-40e9-9b39-d65f08d6ea68&pf_rd_p=8de9b3d5-f5c5-40e9-9b39-d65f08d6ea68&pf_rd_r=CZENM1X5NZAD1GDJ4JNT&pd_rd_wg=ghJNr&pd_rd_r=e09eccb3-c4c9-40c7-ab69-2df630f2512d,"https://m.media-amazon.com/images/I/71yOuWP3MrL._AC_SR160,134_CB1169409_QL70_.jpg",65,排名靠前；价格处于人民币等值¥180.00-¥288.00区间；标题包含 comfort，符合美国女鞋舒适化趋势；评分达到4.0以上。
2026-08-11,amazon_us,product,search,women slides,15,Womens Wedge SIides Sandals Platform Open Toe Slip On Elastic Band Wedges Shoes,¥287.86,4.1,100+ bought in past month,,,,,,https://www.amazon.com/sspa/click?ie=UTF8&spc=MTo4MjQ4NDA4MDY0NzE1MTQ4OjE3ODY0MTc0MDg6c3Bfc2VhcmNoX3RoZW1hdGljOjIwMDA0NTA1ODM0Nzc5ODo6NDo6&url=%2FMinshluu-Platform-Slides-Sandals-Backless%2Fdp%2FB09NKR3BCS%2Fref%3Dsxin_18_pa_sp_search_thematic_sspa%3Fcontent-id%3Damzn1.sym.8f580787-d4c7-42df-832f-97da9b694989%253Aamzn1.sym.8f580787-d4c7-42df-832f-97da9b694989%26cv_ct_cx%3Dwomen%2Bslides%26keywords%3Dwomen%2Bslides%26pd_rd_i%3DB09NKR3BCS%26pd_rd_r%3De07a6ef1-ebb7-4f33-ad32-7496dcf851e8%26pd_rd_w%3DWUBK3%26pd_rd_wg%3DvK0RC%26pf_rd_p%3D8f580787-d4c7-42df-832f-97da9b694989%26pf_rd_r%3DCZENM1X5NZAD1GDJ4JNT%26qid%3D1786417408%26sbo%3DRZvfv%252F%252FHxDF%252BO5021pAnSA%253D%253D%26sr%3D1-5-7efdef4d-9875-47e1-927f-8c2c1c47ed49-spons%26aref%3DvQRdQL3Y7I%26sp_csd%3Dd2lkZ2V0TmFtZT1zcF9zZWFyY2hfdGhlbWF0aWM%26psc%3D1&aref=vQRdQL3Y7I,https://m.media-amazon.com/images/I/51tmUw22-+L._AC_UL320_.jpg,65,排名进入前30；评论数达到50以上；价格处于人民币等值¥180.00-¥288.00区间；标题包含 platform、wedge，符合美国女鞋舒适化趋势；评分达到4.0以上。
2026-08-11,amazon_us,product,best_sellers,Best Sellers Women Sandals,2,mazeskin Womens Memory Foam Flip Flops Flat Thong Sandals | Soft Vegan Leather Comfortable Cushioned Casual Dressy Beach Summer Minimalist Slim Slide Shoes Indoor Outdoor,,4.2,$9.99,,,,,,https://www.amazon.com/mazeskin-Womens-Comfortable-Sandals-Leather/dp/B0F32KMZ18/ref=zg_bs_g_679425011_d_sccl_2/142-7760405-0885639?psc=1,"https://images-na.ssl-images-amazon.com/images/I/71jV8GHPNSL._AC_UL600_SR600,400_.jpg",64,排名靠前；标题包含 comfort、soft、beach、summer，符合美国女鞋舒适化趋势；评分达到4.0以上。
2026-08-11,amazon_us,product,best_sellers,Best Sellers Women Sandals,3,CUSHIONAIRE Lane Cork Footbed Womens Sandals Comfortable Double Buckle Slip On Sandals for Women with Arch Support and Classic Two Strap Design,,4.5,$28.49,,,,,,https://www.amazon.com/CUSHIONAIRE-Womens-Slide-Sandals-Brown/dp/B075PBVR9N/ref=zg_bs_g_679425011_d_sccl_3/142-7760405-0885639?psc=1,"https://images-na.ssl-images-amazon.com/images/I/81suZ76XHpL._AC_UL600_SR600,400_.jpg",64,排名靠前；标题包含 comfort、arch support，符合美国女鞋舒适化趋势；评分达到4.3以上。
2026-08-11,amazon_us,product,best_sellers,Best Sellers Women Sandals,4,"Archies Arch Support Flip Flops for Men & Women – Orthotic Sandals for Plantar Fasciitis Relief – Lightweight, Cushioning, Shock-Absorbing Thong Sandals for Walking, Foot Pain & All-Day Comfort",,4.3,$40.00,,,,,,https://www.amazon.com/Archies-Womens-Arch-Support-Black/dp/B086SYFKLP/ref=zg_bs_g_679425011_d_sccl_4/142-7760405-0885639?psc=1,"https://images-na.ssl-images-amazon.com/images/I/81xintmVcHL._AC_UL600_SR600,400_.jpg",64,排名靠前；标题包含 comfort、arch support，符合美国女鞋舒适化趋势；评分达到4.3以上。
2026-08-11,amazon_us,product,best_sellers,Best Sellers Women Sandals,7,"shevalues Slim Basic Flip Flops for Women with Comfortable Yoga Mat | Lightweight Non Slip Rubber Sandals for Beach, Shower, Pool & Summer Casual Wear",,4.4,$8.54,,,,,,https://www.amazon.com/shevalues-Shower-Rubber-Sandals-Comfortable/dp/B0B68G2D52/ref=zg_bs_g_679425011_d_sccl_7/142-7760405-0885639?psc=1,"https://images-na.ssl-images-amazon.com/images/I/61b4HXgBWfL._AC_UL600_SR600,400_.jpg",64,排名靠前；标题包含 comfort、beach、summer，符合美国女鞋舒适化趋势；评分达到4.3以上。
2026-08-11,amazon_us,product,search,women summer slippers,5,WHITIN,¥71.93,4.2,Products highlighted as 'Overall Pick' are:,,,,,,https://www.amazon.com/WHITIN-Slippers-Cushioned-Fashionable-Lightweight/dp/B0C1C17KH8/ref=sr_1_2?dib=eyJ2IjoiMSJ9.3B_wBrVg1UMy5tWehIloEqcJ9-aVDJ_nzHv3-WRd7oepZiUeX5Ssn7U0ro-W6pI_NAXX23yMdsXb5GF-rTQWCTNmkRhJ_05Be8EpFUSi4nqWjvKV9evO5SXGOm_UkavROWWEoLKGgC3FkYVbdw2AY9CbS_hwMSGMeiKyGg3omXxa9LcqTlT2j4GsodsANPVu7adBMC-495VGUo6aCZcPszp3qfI6Vz0oYiEF06t1gFywv9rPemdcIAZNlv0Eai5GfrP7EcrUmVLPIzhiP-sSNHP1-6qZlwBx2Ld15hdEfwk._bMqCHi2W3QluEzRLChy7cRCwdJ4loRbcgTm-6GwTEk&dib_tag=se&keywords=women+summer+slippers&qid=1786417407&sr=8-2,https://m.media-amazon.com/images/I/71nA8egRirL._AC_UL320_.jpg,64,排名靠前；价格处于人民币等值¥57.60-¥180.00黄金区间；评分达到4.0以上。
2026-08-11,amazon_us,product,search,women summer slippers,21,"Tunmigame Memory Foam Fuzzy House Slippers for Women | Fluffy Slippers,Soft Indoor Outdoor House Shoes,Double Strap,Open Toe,Gifts for Women Tunmigame Memory Foam Fuzzy House Slippers for Women | Fluffy Slippers,Soft Indoor Outdoor House Shoe…",¥143.21,4.6,4.6,,,,,,https://sponsored-ads.amazon.com/clk/?_encoding=UTF8&p=eAFVT8lu00AAVaiAygqLcmilcAtSDpEmnnEcTxxkIe8JgRJnKW0v1sQzXopjOx6LtBxy5IA4IjjzK_wAB-58AD8BEilCvNOT3qYn0MNfX35-v9O4py9Op9ZkPDmDlj1r1VDnKGRZcuUblz3P0dXLUXj2fIQcfXjkJbi_OH-mrl5FcTR13I115p3qs7oEu2igdKUe7sKLW3Njdajbi5E9G88bx8JdyvjrKi8a9eXJzDZfuifjC9tqfqgJj28UnzNSBrFfsDLIU1IxP8nSJGP-qgobAlmTt3nWDfJ18xFfgSAlnCcB2GfA3gkK1LrNMn857_T5ClQxWzMKgjxNWVAleQbeSOBmDASkpBwUJMkqVoIgzyqWVS1FqMGH7z-9-_Htq9W8_9e7b289kCCEqqRgRcEDhJF0sJxbwwNzanYmjSeWoZuFMwZY3xmbPSJ9Z3j5Nckk_X_sjGhneDtD_0OiZt2M7CtXtyNZ8Zj0uSZ8rMVVVfChKG632-6_72JUiGQrUtGAroPdF643eVpQv6R-kca01Kp2zIkflH5CNdjeJFRDeKDICMsQt3mpISCDPun3FSlUQUhDCmQEEVBDlQKKFUJUVR3IPamdaKTgbVKyUDtXrp2e2Yvp9De85q-6&v=c1&r=https%3A%2F%2Fwww.amazon.com%2Fgp%2Faw%2Fd%2FB0GF7GMGQK%3Fpd_rd_plhdr%3Dt%26hsa_cr_id%3D0%26qid%3D1786417407%26sr%3D1-4-5a5562f9-fdfd-4101-9f9d-d76aa9998432%26i%3Daps%26aref%3DY6yF3C3hdP&ref_=sbx__sbtcd2_asin_3_bkgd&pd_rd_w=CTrjV&content-id=amzn1.sym.90f77631-9599-4fe0-95f8-a40adfe1c762%3Aamzn1.sym.90f77631-9599-4fe0-95f8-a40adfe1c762&pf_rd_p=90f77631-9599-4fe0-95f8-a40adfe1c762&pf_rd_r=7DZ3P2TFS2YD5GMVSGEV&pd_rd_wg=gEpFz&pd_rd_r=d5d7c367-f21d-413a-90dc-a5f21132c4a6,"https://m.media-amazon.com/images/I/61D52mQxVSL._AC_SR322,134_CB1169409_QL70_.jpg",63,排名进入前30；价格处于人民币等值¥57.60-¥180.00黄金区间；标题包含 soft，符合美国女鞋舒适化趋势；评分达到4.6以上。
2026-08-11,amazon_us,product,search,women slides,43,"Men's and Women's Capybara Slides,Cute Capybara Slippers for Indoor Outdoor,Non Slip Quick Drying Shower Shoes,Comfort Cloud Slides Sandals",¥71.93,4.1,"Price, product page $9.99 $ 9 . 99 List: $16.99 List: $16.99 $16.99",,,,,,https://www.amazon.com/XUNBAI-Capybara-Slippers-Outdoor-Comfort/dp/B0GL1B5RRN/ref=sr_1_20?dib=eyJ2IjoiMSJ9.XNUAwuHHUjfeyM66sI3Ar2i2YhWFGPDhIr7DP0b3eG8-VANXGYZCqTKGXsG6CO9Hc5VCc8_0p8bxz50uqu1gVLMaWuGoVbkR_BYyQlf9jNCRzjnLsarK2G8uEZVMPMEy6WVzpFL99XUMr8ciE6oyQmbHkSgown4NGrOI4h2jSCiiS4W1a1HgRkRbo24Ew7Wk8r-CaUZ0eiIUl7RktsMs7hA-n3XoOt-EFkNRTs7wvDzV5a_88aolieSmjpo3_dkQkDVFJroJ1gxmX6hJybKfKYY-j24qPbTwoNia_yt3IQw.Do3X_IyxDz1NgRkjykhyITmjSWv78X55939k5B_dmNE&dib_tag=se&keywords=women+slides&qid=1786417408&sr=8-20,https://m.media-amazon.com/images/I/61wFDL2ZcbL._AC_UL320_.jpg,63,排名进入前50；价格处于人民币等值¥57.60-¥180.00黄金区间；标题包含 cloud、comfort，符合美国女鞋舒适化趋势；cloud + slides组合趋势加分；评分达到4.0以上。
2026-08-11,amazon_us,product,search,platform sandals women,3,Sorel Women's Sunpeak Platform Sandal Sorel Women's Sunpeak Platform Sandal,¥702.00,4.3,,,,,,,https://aax-us-east-retail-direct.amazon.com/x/c/JMu_eTaKZgChztncty7WEzUAAAGf7sZqfQEAAAH2AQBvbm9fdHhuX2JpZDUgICBvbm9fdHhuX2ltcDIgICADx9_X/clv1c_ek-IBfHXKrTWXmxht4lh7WbeGXTDGuQVCRLLt4nxuw83CRWzMFgF7BTsld0UXZcfoYXO4BnE-muhsxIHmwJ3UF86s1mzC4OLVwUg_9jsmtRVn4kDWUg7BGX-monV592ZCNxmldqpc02zLiw4JPBlwtHO-P0ckFrykc70l3cLz4U5FYMhbJXyTBhBZinvvKDZtK7VnlhTD2eJVql-vXCYVE6yL9eXrESKVcjVtZtVySpEtQ9dC0gN1-FshCwg9gp67m8cGl1D3eejQUFW2DtzKNIAIHuJZVNpIsCnwSPXYuKeEOE7S8sb3UibPoh4XAjQHKnUhH41MCUDI08HWiec5HC8bGeoTMbdn_-3p9MiKoGOZqJJitIY5WYqANi3XbPflUKSlDrgAQhjAovrrR32dOZRCSGGqNqjTpxl8KuOMrgYtBKtoxS--yiQiD8jaSqLT3RHcNIwjE8x1t_SrnQ9jUpSpq64SBYCD5oRXjs7PWlddfom0dGlBSlh4cuEVWblwsvPo7bIg12PRhJ4I-UsxTPmtFzbOUwWJQ21dTPY3F2ywrnh5MU5FiHTfyMTDzrHe63uIMOUgZpDUonW3kofs89GGUER2rBGOtExg8SNpajaUetGnych4khCLHPG3lL-bgF_3aQ7i3xf0MB6uuApjOy25G1C6flzpAG0vAsbfYndTDFhIW8SOZToTZ16SG86gE2JeO8N3lLqtKzHX0fKKn1a1ofCuequ3M6F3PWijpCn0l6fOYpYlHWcCmaAo3oGqgT5QwLN31h3preNUdMBmzTFn-y_-HPAU8GW-nVX2e0Xi2CyEHZAjvIl4KfKxO6V0wxSpoU-fZuF_KFCvNaLxnQ_m3T5h6Ad9pmDowxjreWlOPln4BRFN9YzbVew5Sw25NEmi0_4pWL-F6rjqpoi44WAKmiUXU1wEyu97_YSdEfilVawsHf5gdgOfySH2d94IZkl_COQW-SoQ7bEv35_MqbEmUp0CM3AcNa0z8XtLqVtKe3IcZ-nHgdfIgG5XaVEUUD0ln1wTDTIfFOFvEAOMZGOK17pFESloSQAbGm06Gl0AuwXHrFrb3r8iRg1xbeMYqj3aoQiILEtsn5ocTIhIDs7he3rJ427wWKvrOWP8PEvNjP4KvEOqpLStfdPQN-QdBVvLd_Ej_OxriziKuLeiUOmoZ_eEvUp_TJrYXGI1cH_za22z7QHINPcenKk-7GPAAjS9OejBAKqEyvMvLOx502-PDy_u8n21R-IZwyrLHYRO_95zlV8NwCRfRrKxRpCS0CMVpmB690fnPlHLCFG_no7LnF0z0IU3RYTJNgzivdoTdt0D_1d2IYYWhg1XeygY-lwqEE8njbAdOoopc1aH8Trg-T-0XZcNgfmSNz3bCJQNs0W0ylZEMosvTnnyylYnOPdtpnxoWY1VZbAFHj6vGSoybRoOf3bUhfOK0EJTsCEgL3oIV6e9zWSYJhcHbu7ZlC83B4YApYpTS3UBCun1jRlX1lYavsBUIWg_OltnDe9TzJybykmdvQ5Ch2Mar-MFNv0Lyfr55llrJzqqV8XeK8ZpOL_m47mlPCL82OG6zmOk0EgfTAoBScl7Ccc_iD9cxazsRPwL2tNmm5aP__TWAn5w7XEUJGaY24g58hCQOUqyN28xJI8hU0B54pTUxM7-KmMOvej84MtKVZFd5CNfUi5hTi8Y85jJiU/https://www.amazon.com/gp/aw/d/B0F8DF6JD8/?_encoding=UTF8&pd_rd_plhdr=t&aaxitk=b8fdff5d0a92fb43ad129171fd02a1a5&hsa_cr_id=0&qid=1786417408&sr=1-3-9e67e56a-6f64-441f-a281-df67fc737124&i=aps&aref=rDDkVfxPg8&ref_=sbx__sbtcd_asin_2_bkgd&pd_rd_w=gVXmd&content-id=amzn1.sym.8de9b3d5-f5c5-40e9-9b39-d65f08d6ea68%3Aamzn1.sym.8de9b3d5-f5c5-40e9-9b39-d65f08d6ea68&pf_rd_p=8de9b3d5-f5c5-40e9-9b39-d65f08d6ea68&pf_rd_r=55G7JDVD51SYY10ZJ32N&pd_rd_wg=3ExQx&pd_rd_r=589e3ddc-eb87-48c9-bb70-5711cf196e87,"https://m.media-amazon.com/images/I/61jQ5aKvWfL._AC_SR160,134_CB1169409_QL70_.jpg",63,排名靠前；价格高于人民币等值¥288.00；标题包含 platform，符合美国女鞋舒适化趋势；评分达到4.3以上。
2026-08-11,amazon_us,product,best_sellers,Best Sellers Women Sandals,19,KuaiLu Flip Flops for Women with Arch Support Summer Beach Thong Sandals | Comfortable Walking Shoes Lightweight Soft Yoga Mat Cushion Floral Outfits Slip On Indoor Outdoor,,4.5,$13.99,,,,,,https://www.amazon.com/KuaiLu-Comfortable-Waterproof-Supportive-Flipflops/dp/B0CTML36SJ/ref=zg_bs_g_679425011_d_sccl_19/142-7760405-0885639?psc=1,"https://images-na.ssl-images-amazon.com/images/I/71FLg8v7ZyL._AC_UL600_SR600,400_.jpg",62,排名进入前30；标题包含 comfort、arch support、soft、beach、summer，符合美国女鞋舒适化趋势；评分达到4.3以上。
2026-08-11,amazon_us,product,new_releases,New Releases Women Sandals,12,Project Cloud 100% Genuine Leather Block Heeled Sandals for Women(Opal) | Sandals Women Footwear-Memory Foam Insole & Non-Slip Womens Sandals Block Heels For Women-Womens Slides & Women's Sandals,,4.0,$54.90,,,,,,https://www.amazon.com/Project-Cloud-Genuine-Leather-Sandals/dp/B0GYFT1J3P/ref=zg_bsnr_g_679425011_d_sccl_12/133-0567473-1440741?psc=1,"https://images-na.ssl-images-amazon.com/images/I/81mSAaUxMtL._AC_UL600_SR600,400_.jpg",62,排名进入前30；评论数达到50以上；标题包含 cloud，符合美国女鞋舒适化趋势；cloud + slides组合趋势加分；评分达到4.0以上。
2026-08-11,amazon_us,product,new_releases,New Releases Women Sandals,44,COFACE Womens Rhinestone Orthopedic Flip Flops Arch Support Thong Sandals | Lightweight Yoga Mat Thick Cushioned Recovery Walking Adjustable Summer Beach Slippers with Comfortable Plantar Fasciitis,,4.4,$32.99,,,,,,https://www.amazon.com/COFACE-Womens-Orthotic-Support-Sandals/dp/B0H47WJLWN/ref=zg_bsnr_g_679425011_d_sccl_44/142-7760405-0885639?psc=1,"https://images-na.ssl-images-amazon.com/images/I/81vO0UeScgL._AC_UL300_SR300,200_.jpg",62,排名进入前50；标题包含 recovery、orthopedic、comfort、arch support、beach、summer，符合美国女鞋舒适化趋势；orthopedic + arch support组合趋势加分；评分达到4.3以上。
2026-08-11,amazon_us,product,search,women summer slippers,1,Chantomoo Slippers for Women Memory Foam House Bedroom Corduroy Bow Crossbands Slipper Shoes Comfy Trendy Gift Slippers Chantomoo Slippers for Women Memory Foam Hous…,¥215.93,4.4,,,,,,,https://aax-us-east-retail-direct.amazon.com/x/c/JBPbS0-hl6zL1hHMX74IbsEAAAGf7sZnrQEAAAH2AQBvbm9fdHhuX2JpZDcgICBvbm9fdHhuX2ltcDIgICBsLjMu/clv1c_ek-wBfHXUsbWHn2mJrbUyS9ZrY1W3vrGlDNvQNhl19rJ1AzyFD99ZGa_xV84uKr0hxSDed-qYkIWhjFQbFM00MB0l4syVgDgvbABX3uwzZpjDwAtImmlUn8vzbFEZvE82uKAnsk_fTASDFzCWw72a91apO98FlTvjNTW_TPyjCQcVFFR9pWO748AQykaHmCTlfXMVLspHQTK-YxNXhjB96kJORo5GlvjtZ5bnOD6F6XZt1UmTxM9Z7atVp_NVCvNNRh3OIJgQ1ZeJtDl9pRB1SGl86W7YNUAOZ_YI7lCapR553XUXVPgV_Bx0ujjAjY4VS4ulahAWPT6OZsXOQry_PamYNK96wgZUMM5iPoUE7Fos6WiJO67nxjBevk3kWvun-1kbILSXEBxYqAFhzNvbI3xc4gmN3DAeFC-S_rFozH7fgT2GNceNGkKzmCyTqNH7L9trMHk69yT7blmkArh0tuk1KinRoDh3b1MleOxLA8uDXT75f_EG7d9MbSFh_KjEdv0AgW9anSWJNxD4CVt5f9QSlWMZB0jDK6lmee1X09DeFAZNuHIzKUVgzbBn6OwZ2KXmRApTJDmWGZvu6BqjAcdvfoa64GjyfzyflaSv3s4GKJI9krKA82u9TpnoW7Zx2PAhU4sAnkcUN3dOF2skrQ9Ssp-OnhcCCDVBJipjjc23V9NTU8KFJNWHSgz3lSnHq9gSpf-EqCXdNwBAkxoQzyYliV_XOp0VZnMKC9gy-FmN8sVHohqSgoAQvZfiE57YidEn6LylkmzpAIFSdaOeSRKoSchgiARZj5ql3LHdsFtV-JqNYOaIqiBZljGjYPdse2_I2FnyhBZdVBh2Jq63N6T-glYccl8XqWIVR-3bGtP2n9X4BdFMRizcsnouDy2OKOExoCRRaPA-A4glAa6zmFZ4rqzs3ZnIuGfDVv3Sy1XfirXMD4-v2RzJzK7TU7JZVcfXufhNwslHVMWRLd7sGCyD5fWm9UB7S64JgVza_VFQk6UVwR7M2wlUWo7lQcYV007xvtytvu8GCFT3MRet3UrYlL_RBh4oHFZGzDbIyU7rFKhefBt0cUQcWcqvDWkLtCrH3niZ-YqDh8DxylnpGmdkoCV4CMpyZ8LqE0hrkGAtpyj0bbzvzTAgscjuj5Cix8Mn-F26GcHYejc0bHhNsMiKzfAmsRz6y1rn4LG2nNJmrlF3bprz1wM3JsSuK-kqSI6gS5asGbacKI59K5LRWJ8FYoRz0vVDBvJMc-mz5iFGH4UwPcE8nglnMZ8mH_aLI4FAA4UfleEWsbPZV7SwRo6NpMAjsr3ttp03sjJjsunWO59MsnKCKuzsS5R2-RXgpl4uY08PMm1go_-0iw2DDpFYQeWNdegjjRQ_KoxYDbkGZqVRsyTBaJY-MyiTI0FgaT6jGuXCn0Mg0a-MyYkxhTqi-fzODXddMRYQN-dN19tTHdzl6DhmV7yIj4Vc6PefAXGrN3qrx_hFyvBBT79iT-Ao_DCPJY-QpH9vl1UfNmNDWba7_1VmEH03z_SM7J4ko_I33OKwc9f2xVRq9eMWpdwY0kXGZ8KO8byar6jMEjykDJ9xAfupFRSTQ0Z2sBeHkvLJpSenBCAa0a3KUTGpBueXGNZVFZMdWssKKLMHNk9GqVfcl28j4_OYBLxLxEvTWetBTCEaY2a6Ugz4q0J4d2z/https://www.amazon.com/gp/aw/d/B0C7H38YBT/?_encoding=UTF8&pd_rd_plhdr=t&aaxitk=e1dc8951dc6a869de52e94b8a9c6e0fe&hsa_cr_id=0&qid=1786417407&sr=1-1-9e67e56a-6f64-441f-a281-df67fc737124&i=aps&aref=qwdxKUM9Cs&ref_=sbx__sbtcd_asin_0_bkgd&pd_rd_w=QZqVI&content-id=amzn1.sym.8de9b3d5-f5c5-40e9-9b39-d65f08d6ea68%3Aamzn1.sym.8de9b3d5-f5c5-40e9-9b39-d65f08d6ea68&pf_rd_p=8de9b3d5-f5c5-40e9-9b39-d65f08d6ea68&pf_rd_r=7DZ3P2TFS2YD5GMVSGEV&pd_rd_wg=u0Wkd&pd_rd_r=17bb5a43-4b60-46a0-ac2b-0e63e3694a3c,"https://m.media-amazon.com/images/I/711Z9Ju3AqL._AC_SR160,134_CB1169409_QL70_.jpg",62,排名靠前；价格处于人民币等值¥180.00-¥288.00区间；评分达到4.3以上。
2026-08-11,amazon_us,product,search,women summer slippers,3,Chantomoo Slippers for Women Memory Foam House Bedroom Corduroy Bow Crossbands Slipper Shoes Comfy Trendy Gift Slippers Chantomoo Slippers for Women Memory Foam Hous…,¥287.93,4.4,,,,,,,https://aax-us-east-retail-direct.amazon.com/x/c/JBPbS0-hl6zL1hHMX74IbsEAAAGf7sZnrQEAAAH2AQBvbm9fdHhuX2JpZDcgICBvbm9fdHhuX2ltcDIgICBsLjMu/clv1c_ek-wBfHXUsbWHn2mJrbUyS9ZrY1W3vrGlDNvQNhl19rJ1AzyFD99ZGa_xV84uKr0hxSDed-qYkIWhjFQbFM00MB0l4syVgDgvbABX3uwzZpjDwAtImmlUn8vzbFEZvE82uKAnsk_fTASDFzCWw72a91apO98FlTvjNTW_TPyjCQcVFFR9pWO748AQykaHmCTlfXMVLspHQTK-YxNXhjB96kJORo5GlvjtZ5bnOD6F6XZt1UmTxM9Z7atVp_NVCvNNRh3OIJgQ1ZeJtDl9pRB1SGl86W7YNUAOZ_YI7lCapR553XUXVPgV_Bx0ujjAjY4VS4ulahAWPT6OZsXOQry_PamYNK96wgZUMM5iPoUE7Fos6WiJO67nxjBevk3kWvun-1kbILSXEBxYqAFhzNvbI3xc4gmN3DAeFC-S_rFozH7fgT2GNceNGkKzmCyTqNH7L9trMHk69yT7blmkArh0tuk1KinRoDh3b1MleOxLA8uDXT75f_EG7d9MbSFh_KjEdv0AgW9anSWJNxD4CVt5f9QSlWMZB0jDK6lmee1X09DeFAZNuHIzKUVgzbBn6OwZ2KXmRApTJDmWGZvu6BqjAcdvfoa64GjyfzyflaSv3s4GKJI9krKA82u9TpnoW7Zx2PAhU4sAnkcUN3dOF2skrQ9Ssp-OnhcCCDVBJipjjc23V9NTU8KFJNWHSgz3lSnHq9gSpf-EqCXdNwBAkxoQzyYliV_XOp0VZnMKC9gy-FmN8sVHohqSgoAQvZfiE57YidEn6LylkmzpAIFSdaOeSRKoSchgiARZj5ql3LHdsFtV-JqNYOaIqiBZljGjYPdse2_I2FnyhBZdVBh2Jq63N6T-glYccl8XqWIVR-3bGtP2n9X4BdFMRizcsnouDy2OKOExoCRRaPA-A4glAa6zmFZ4rqzs3ZnIuGfDVv3Sy1XfirXMD4-v2RzJzK7TU7JZVcfXufhNwslHVMWRLd7sGCyD5fWm9UB7S64JgVza_VFQk6UVwR7M2wlUWo7lQcYV007xvtytvu8GCFT3MRet3UrYlL_RBh4oHFZGzDbIyU7rFKhefBt0cUQcWcqvDWkLtCrH3niZ-YqDh8DxylnpGmdkoCV4CMpyZ8LqE0hrkGAtpyj0bbzvzTAgscjuj5Cix8Mn-F26GcHYejc0bHhNsMiKzfAmsRz6y1rn4LG2nNJmrlF3bprz1wM3JsSuK-kqSI6gS5asGbacKI59K5LRWJ8FYoRz0vVDBvJMc-mz5iFGH4UwPcE8nglnMZ8mH_aLI4FAA4UfleEWsbPZV7SwRo6NpMAjsr3ttp03sjJjsunWO59MsnKCKuzsS5R2-RXgpl4uY08PMm1go_-0iw2DDpFYQeWNdegjjRQ_KoxYDbkGZqVRsyTBaJY-MyiTI0FgaT6jGuXCn0Mg0a-MyYkxhTqi-fzODXddMRYQN-dN19tTHdzl6DhmV7yIj4Vc6PefAXGrN3qrx_hFyvBBT79iT-Ao_DCPJY-QpH9vl1UfNmNDWba7_1VmEH03z_SM7J4ko_I33OKwc9f2xVRq9eMWpdwY0kXGZ8KO8byar6jMEjykDJ9xAfupFRSTQ0Z2sBeHkvLJpSenBCAa0a3KUTGpBueXGNZVFZMdWssKKLMHNk9GqVfcl28j4_OYBLxLxEvTWetBTCEaY2a6Ugz4q0J4d2z/https://www.amazon.com/gp/aw/d/B0FRZFL2QW/?_encoding=UTF8&pd_rd_plhdr=t&aaxitk=e1dc8951dc6a869de52e94b8a9c6e0fe&hsa_cr_id=0&qid=1786417407&sr=1-3-9e67e56a-6f64-441f-a281-df67fc737124&i=aps&aref=qwdxKUM9Cs&ref_=sbx__sbtcd_asin_2_bkgd&pd_rd_w=QZqVI&content-id=amzn1.sym.8de9b3d5-f5c5-40e9-9b39-d65f08d6ea68%3Aamzn1.sym.8de9b3d5-f5c5-40e9-9b39-d65f08d6ea68&pf_rd_p=8de9b3d5-f5c5-40e9-9b39-d65f08d6ea68&pf_rd_r=7DZ3P2TFS2YD5GMVSGEV&pd_rd_wg=u0Wkd&pd_rd_r=17bb5a43-4b60-46a0-ac2b-0e63e3694a3c,"https://m.media-amazon.com/images/I/71Ku9McB09L._AC_SR160,134_CB1169409_QL70_.jpg",62,排名靠前；价格处于人民币等值¥180.00-¥288.00区间；评分达到4.3以上。
2026-08-11,amazon_us,product,search,women slides,1,"CUSHIONAIRE Java Casual Womens Jelly Flats with Adjustable Strap, Closed Toe Mary Janes Mule Design, Waterproof Jelly Sandals for Women CUSHIONAIRE Java Casual Womens Jelly Flats with Adj…",¥251.93,4.3,,,,,,,https://aax-us-east-retail-direct.amazon.com/x/c/JOZXLlS5FJ8SyRc7juNqqlkAAAGf7sZqRQEAAAH2AQBvbm9fdHhuX2JpZDMgICBvbm9fdHhuX2ltcDIgICCAHYWJ/clv1c_ek-IBPHXKrTWnuOrE88nb8h9mFkzDJq0ElxcrtFmz964PNEvxNea9_XDU43igEeqxZP6HsDL96bDFtkWaaQRo3-7P8ip1Dgcv-s3GjbGWN1wkzT7iCZnwGvwUnn0olQJJ7zf2QrMM6ftolGzCczFneHn-J2dn2n6EmEg7_Ss2pMnqUoZOamuudp88RlueNzOgECH7N-m3IXEzsJZu3jBdapb_jo2UCrSDc6qgKu6FinNaDjaAY164fAiQM5X7U9F8f_kK8mCNosKd5eMbZ3YbMKPIYqZia3Ahj8gpoBNz3pnTszis5SLkqKKAaD9wXGcmbTMjpExzKIWWxc0kU0Dk_ZLu7QEtT_nK0zpahu17nWwtpW9AsRZPW5JK-_07KBVqKyuGxhH7mtfyl474J35nfonmsi01mur03yr8dzPlzsJsw_-rYolK5gQu9szwoWaqWF0KOTzHnyYfzfNBNFublNbGvUEVdmx30kWuoR1gxscDup8z97LNU-T_dlmAJU67dzMUb3lEYan4QDj-1J0Ng6WyIZq351ymv0Ibuo1_7eHNKVF5qsdtmWwXKb2EbkNgaF3a1SUhJCBSkPKfhiFfuhv7YqrOGa-Y4Hjs-NVGgV2h64yq4o-lmMHLpx2bTKfrvjiaYtDvLqroDSwtzTSFQU1IPLKV6YpJNrt1d5vl6y8f1Mt_swT6KSIDMjN0Q9IfKpb9n7za5_YGjykcz6JX0XdJse8GN4mTwMXzKigSFKLOZuiW6wMPl0Pm-MZBJuGjm04w5zafuWhyCOBXOzKRsaWShtBg2lfpfKSoRLj2KrUL9TtIZpc8SjNUMztn5I9JiJD7g4G4OfKaUuk4YLhbu2U14OobI0O3IVUdxSdpKZLl7ucYeWdAYrtmGdYwVqdIgZvXKZ8LVxDRLCYAlBWlYZeh5cc60r33_X4AsldSLKOO8DH21aUYOTr42bVFnR9kXSmVJ7QmQGHNaz43M8Vf7ajz6bsX9ExIDfDDfcPSC84c70rlOIXFb_AU3NC25CscewfhWkiclJZbAtw3bPtoDBFXgYuqVwec7INkzOJ9hR3KTXJJ1k18JqoronVZafR6CdN4U2Iit_nHbUecwRnORPWv62N-nqTgRSp5cFPiIbp80D1BaJR9vK6Hz3ppjO5ARdF8zXd4PTMfbh5lJ5ZsDhsjEMo5VW0hBC0XRif4N2x9oUNkjYnAcTMFki194swhjR8JAVxp306E4HkVF-41S2zmDJLGWgLfXG3sr5igfMaPfE3qErypHzlzNSCrFFW0wfX78q9AfqCtx-PwdTAaliA3s7RAbO7rTF5mRcwA5AO9effvJhBxgPVoNOdI2E4ByHi6bDR9-so5WX6aJF1ACyhLjRe1hmFHyu2uTpAoVb9zbb05E8Cwo8aumF1k_Sxc9s9hsAoRA17F9XUAczwEETX9NZUk1UAgUOI0N-sXt4oDdOxmFMfuiJaCxaZHNJo0Rt2JQtfTvHVxTjrn6LDlYtUljGgPPji4PpLtb-a4R9mGpFozvJR5ThoCstYCR-C0lVP4la7fsGmK2TF7wz8YocwtUEdi7lNPLcXbBcbY9VbbOmzVBhBHKoy1-f8bJrK7UMcpobqZF2OE7sc0UPURZ3gyBSmKas-qZuwreVC0FY1CKwkirGDkAzNA1_J2Xh-bT4VD_tP8Kp_FiazgmVQNSXkWhAydblRGkjzwVw/https://www.amazon.com/gp/aw/d/B0H4MRPF79/?_encoding=UTF8&pd_rd_plhdr=t&aaxitk=44dd0c4cb7639509caffa28e339187a6&hsa_cr_id=0&qid=1786417408&sr=1-1-9e67e56a-6f64-441f-a281-df67fc737124&i=aps&aref=5sJdcvgD2v&ref_=sbx__sbtcd_asin_0_bkgd&pd_rd_w=mEElF&content-id=amzn1.sym.8de9b3d5-f5c5-40e9-9b39-d65f08d6ea68%3Aamzn1.sym.8de9b3d5-f5c5-40e9-9b39-d65f08d6ea68&pf_rd_p=8de9b3d5-f5c5-40e9-9b39-d65f08d6ea68&pf_rd_r=CZENM1X5NZAD1GDJ4JNT&pd_rd_wg=ghJNr&pd_rd_r=e09eccb3-c4c9-40c7-ab69-2df630f2512d,"https://m.media-amazon.com/images/I/81iCqxPUX6L._AC_SR160,134_CB1169409_QL70_.jpg",62,排名靠前；价格处于人民币等值¥180.00-¥288.00区间；评分达到4.3以上。
2026-08-11,amazon_us,product,search,platform sandals women,5,DREAM PAIRS,¥273.53,4.5,Products highlighted as 'Overall Pick' are:,,,,,,https://www.amazon.com/DREAM-PAIRS-Adjustable-Lightweight-Waterproof/dp/B0G1RBS19X/ref=sr_1_2?dib=eyJ2IjoiMSJ9.JGk5YzWo4YO7-puRDmTMUJkZXwC3U2tW3QWYWUBMAYsPb83jjm0z8AQ_mPQ7Y3S_f3SEZd3I5OvYncpX2A4ywVCr28NXhJvBI4kc_PtVZpFQLiuWX6cQpAvYyr5eD17Kg-f9x-gPkMeqLY8MVOjrbcKLCZFRFk7ir0rV-F9w9UwvBarOCNNgIy9w2aE4AliBESSxwL6VpwQZ185FDNk3UCxIh2wBq-9z3gR0QI0wDh4TvVdRN95oFEWh-895J3IOcgSlciTRBp8A-G3myH1DE1NGwAxdVVkz226K5unBUYk.CUOnrJX7fMzSVD3RVv5jkwsE4qTUnyjWMXRXncm7ci0&dib_tag=se&keywords=platform+sandals+women&qid=1786417408&sr=8-2,https://m.media-amazon.com/images/I/61VKPpZxLML._AC_UL320_.jpg,62,排名靠前；价格处于人民币等值¥180.00-¥288.00区间；评分达到4.3以上。
2026-08-11,amazon_us,product,new_releases,New Releases Women Sandals,10,RJYLP Jelly Sandals for Women Clear Sandals Jelly Shoes Women Kitten Heel Mules Open Toe Slide Pumps Dress Shoes Beach Summer Sandal Cute Comfortable,,4.1,$49.99,,,,,,https://www.amazon.com/RJYLP-Sandals-Kitten-Summer-Comfortable/dp/B0H3NBYHJS/ref=zg_bsnr_g_679425011_d_sccl_10/133-0567473-1440741?psc=1,"https://images-na.ssl-images-amazon.com/images/I/61SdeC7gxAL._AC_UL600_SR600,400_.jpg",61,排名靠前；标题包含 comfort、beach、summer，符合美国女鞋舒适化趋势；评分达到4.0以上。
2026-08-11,amazon_us,product,best_sellers,Best Sellers Women Sandals,20,ONCAI Women's Flip Flops Comfortable Arch Support Yoga Mat Summer Beach Walking Thong Cushion Sandals Ladies Outdoor Vacation Essentials Slide Shoes Rubber Soles US Size 5-11,,4.3,$13.98,,,,,,https://www.amazon.com/ONCAI-Support-Athletic-Orthotic-Fasciitis/dp/B0D2292JM9/ref=zg_bs_g_679425011_d_sccl_20/142-7760405-0885639?psc=1,"https://images-na.ssl-images-amazon.com/images/I/71iVIX1IyIL._AC_UL600_SR600,400_.jpg",60,排名进入前30；标题包含 comfort、arch support、beach、summer，符合美国女鞋舒适化趋势；评分达到4.3以上。
2026-08-11,amazon_us,product,new_releases,New Releases Women Sandals,3,Project Cloud Square Toe Flip Flops For Women - Sandals Women(DEDICATION) | Womens Flip Flop with Memory Foam Insole Beach Essentials Womens Sandals - Thong Sandals Women Footwear - Square Toe Sandals,,4.1,$26.90,,,,,,https://www.amazon.com/Project-Cloud-Square-Flops-Women/dp/B0GY5Y8N35/ref=zg_bsnr_g_679425011_d_sccl_3/133-0567473-1440741?psc=1,"https://images-na.ssl-images-amazon.com/images/I/71nllf30glL._AC_UL600_SR600,400_.jpg",60,排名靠前；标题包含 cloud、beach，符合美国女鞋舒适化趋势；评分达到4.0以上。
2026-08-11,amazon_us,product,search,women summer slippers,14,GOEWY,¥71.93,4.6,GOEWY,,,,,,https://www.amazon.com/GOEWY-Slippers-Outdoor-Slipper-Bridesmaid/dp/B0DT12FRRT/ref=sr_1_6?dib=eyJ2IjoiMSJ9.3B_wBrVg1UMy5tWehIloEqcJ9-aVDJ_nzHv3-WRd7oepZiUeX5Ssn7U0ro-W6pI_NAXX23yMdsXb5GF-rTQWCTNmkRhJ_05Be8EpFUSi4nqWjvKV9evO5SXGOm_UkavROWWEoLKGgC3FkYVbdw2AY9CbS_hwMSGMeiKyGg3omXxa9LcqTlT2j4GsodsANPVu7adBMC-495VGUo6aCZcPszp3qfI6Vz0oYiEF06t1gFywv9rPemdcIAZNlv0Eai5GfrP7EcrUmVLPIzhiP-sSNHP1-6qZlwBx2Ld15hdEfwk._bMqCHi2W3QluEzRLChy7cRCwdJ4loRbcgTm-6GwTEk&dib_tag=se&keywords=women+summer+slippers&qid=1786417407&sr=8-6,https://m.media-amazon.com/images/I/612fmVMoiKL._AC_UL320_.jpg,60,排名进入前30；价格处于人民币等值¥57.60-¥180.00黄金区间；评分达到4.6以上。
2026-08-11,amazon_us,product,search,platform sandals women,17,Project Cloud,¥204.48,4.4,Project Cloud,,,,,,https://www.amazon.com/Project-Cloud-Genuine-Womens-Sandals/dp/B0CQTTTK2J/ref=sr_1_9?dib=eyJ2IjoiMSJ9.JGk5YzWo4YO7-puRDmTMUJkZXwC3U2tW3QWYWUBMAYsPb83jjm0z8AQ_mPQ7Y3S_f3SEZd3I5OvYncpX2A4ywVCr28NXhJvBI4kc_PtVZpFQLiuWX6cQpAvYyr5eD17Kg-f9x-gPkMeqLY8MVOjrbcKLCZFRFk7ir0rV-F9w9UwvBarOCNNgIy9w2aE4AliBESSxwL6VpwQZ185FDNk3UCxIh2wBq-9z3gR0QI0wDh4TvVdRN95oFEWh-895J3IOcgSlciTRBp8A-G3myH1DE1NGwAxdVVkz226K5unBUYk.CUOnrJX7fMzSVD3RVv5jkwsE4qTUnyjWMXRXncm7ci0&dib_tag=se&keywords=platform+sandals+women&qid=1786417408&sr=8-9,https://m.media-amazon.com/images/I/81V6vB5lczL._AC_UL320_.jpg,60,排名进入前30；价格处于人民币等值¥180.00-¥288.00区间；标题包含 cloud，符合美国女鞋舒适化趋势；评分达到4.3以上。
2026-08-11,amazon_us,product,search,platform sandals women,4,CUSHIONAIRE,¥273.46,4.1,CUSHIONAIRE,,,,,,https://www.amazon.com/CUSHIONAIRE-Womens-platform-sandal-Memory/dp/B09M96YX6M/ref=sr_1_1?dib=eyJ2IjoiMSJ9.JGk5YzWo4YO7-puRDmTMUJkZXwC3U2tW3QWYWUBMAYsPb83jjm0z8AQ_mPQ7Y3S_f3SEZd3I5OvYncpX2A4ywVCr28NXhJvBI4kc_PtVZpFQLiuWX6cQpAvYyr5eD17Kg-f9x-gPkMeqLY8MVOjrbcKLCZFRFk7ir0rV-F9w9UwvBarOCNNgIy9w2aE4AliBESSxwL6VpwQZ185FDNk3UCxIh2wBq-9z3gR0QI0wDh4TvVdRN95oFEWh-895J3IOcgSlciTRBp8A-G3myH1DE1NGwAxdVVkz226K5unBUYk.CUOnrJX7fMzSVD3RVv5jkwsE4qTUnyjWMXRXncm7ci0&dib_tag=se&keywords=platform+sandals+women&qid=1786417408&sr=8-1,https://m.media-amazon.com/images/I/81v0nOOl2oL._AC_UL320_.jpg,59,排名靠前；价格处于人民币等值¥180.00-¥288.00区间；评分达到4.0以上。
2026-08-11,amazon_us,product,search,platform sandals women,10,DREAM PAIRS,¥201.53,4.1,DREAM PAIRS,,,,,,https://www.amazon.com/sspa/click?ie=UTF8&spc=MTo0MzgxNzExNjczOTA3MDoxNzg2NDE3NDA4OnNwX3NlYXJjaF90aGVtYXRpYzozMDA3NzA2NDY1NDg5MDI6OjQ6Og&url=%2FDREAM-PAIRS-Espadrille-Flatform-Platform%2Fdp%2FB082HSGQXD%2Fref%3Dsxin_18_pa_sp_search_thematic_sspa%3Fcontent-id%3Damzn1.sym.d45862ba-a141-4749-99ed-fdbc59982e34%253Aamzn1.sym.d45862ba-a141-4749-99ed-fdbc59982e34%26cv_ct_cx%3Dplatform%2Bsandals%2Bwomen%26keywords%3Dplatform%2Bsandals%2Bwomen%26pd_rd_i%3DB082HSGQXD%26pd_rd_r%3D94366bf3-e764-481b-b677-de04b708ac92%26pd_rd_w%3DIp0Nj%26pd_rd_wg%3Dcm4FF%26pf_rd_p%3Dd45862ba-a141-4749-99ed-fdbc59982e34%26pf_rd_r%3D55G7JDVD51SYY10ZJ32N%26qid%3D1786417408%26sbo%3DRZvfv%252F%252FHxDF%252BO5021pAnSA%253D%253D%26sr%3D1-5-2c727eeb-987f-452f-86bd-c2978cc9d8b9-spons%26aref%3D4FpHDumVKd%26sp_csd%3Dd2lkZ2V0TmFtZT1zcF9zZWFyY2hfdGhlbWF0aWM%26psc%3D1&aref=4FpHDumVKd,https://m.media-amazon.com/images/I/71Qy+9MetxL._AC_UL320_.jpg,59,排名靠前；价格处于人民币等值¥180.00-¥288.00区间；评分达到4.0以上。
2026-08-11,amazon_us,product,best_sellers,Best Sellers Women Sandals,18,OOFOS OOriginal Recovery Sandal - Women’s and Men’s,,4.6,$59.95,,,,,,https://www.amazon.com/OOFOS-Unisex-Original-Thong-Black/dp/B00D1A5PH4/ref=zg_bs_g_679425011_d_sccl_18/142-7760405-0885639?psc=1,"https://images-na.ssl-images-amazon.com/images/I/51qiZpHX64L._AC_UL600_SR600,400_.jpg",58,排名进入前30；评论数达到50以上；标题包含 recovery，符合美国女鞋舒适化趋势；评分达到4.6以上。
2026-08-11,amazon_us,product,new_releases,New Releases Women Sandals,7,adidas Unisex-Adult Adilette Comfort 2.0 Slide Sandal,,4.4,$30.00,,,,,,https://www.amazon.com/adidas-Unisex-Adilette-Comfort-Sandal/dp/B0F2B84XX9/ref=zg_bsnr_g_679425011_d_sccl_7/133-0567473-1440741?psc=1,"https://images-na.ssl-images-amazon.com/images/I/51qn7G+PVyL._AC_UL600_SR600,400_.jpg",58,排名靠前；标题包含 comfort，符合美国女鞋舒适化趋势；评分达到4.3以上。
2026-08-11,amazon_us,product,search,women slides,4,"CUSHIONAIRE Splash Jelly Flip Flops for Women With Flexible Sole, Glossy Jelly Finish Summer Sandals for Women CUSHIONAIRE Splash Jelly Flip Flops for Women With Flexib…",¥215.93,3.6,,,,,,,https://aax-us-east-retail-direct.amazon.com/x/c/JOZXLlS5FJ8SyRc7juNqqlkAAAGf7sZqRQEAAAH2AQBvbm9fdHhuX2JpZDMgICBvbm9fdHhuX2ltcDIgICCAHYWJ/clv1c_ek-IBPHXKrTWnuOrE88nb8h9mFkzDJq0ElxcrtFmz964PNEvxNea9_XDU43igEeqxZP6HsDL96bDFtkWaaQRo3-7P8ip1Dgcv-s3GjbGWN1wkzT7iCZnwGvwUnn0olQJJ7zf2QrMM6ftolGzCczFneHn-J2dn2n6EmEg7_Ss2pMnqUoZOamuudp88RlueNzOgECH7N-m3IXEzsJZu3jBdapb_jo2UCrSDc6qgKu6FinNaDjaAY164fAiQM5X7U9F8f_kK8mCNosKd5eMbZ3YbMKPIYqZia3Ahj8gpoBNz3pnTszis5SLkqKKAaD9wXGcmbTMjpExzKIWWxc0kU0Dk_ZLu7QEtT_nK0zpahu17nWwtpW9AsRZPW5JK-_07KBVqKyuGxhH7mtfyl474J35nfonmsi01mur03yr8dzPlzsJsw_-rYolK5gQu9szwoWaqWF0KOTzHnyYfzfNBNFublNbGvUEVdmx30kWuoR1gxscDup8z97LNU-T_dlmAJU67dzMUb3lEYan4QDj-1J0Ng6WyIZq351ymv0Ibuo1_7eHNKVF5qsdtmWwXKb2EbkNgaF3a1SUhJCBSkPKfhiFfuhv7YqrOGa-Y4Hjs-NVGgV2h64yq4o-lmMHLpx2bTKfrvjiaYtDvLqroDSwtzTSFQU1IPLKV6YpJNrt1d5vl6y8f1Mt_swT6KSIDMjN0Q9IfKpb9n7za5_YGjykcz6JX0XdJse8GN4mTwMXzKigSFKLOZuiW6wMPl0Pm-MZBJuGjm04w5zafuWhyCOBXOzKRsaWShtBg2lfpfKSoRLj2KrUL9TtIZpc8SjNUMztn5I9JiJD7g4G4OfKaUuk4YLhbu2U14OobI0O3IVUdxSdpKZLl7ucYeWdAYrtmGdYwVqdIgZvXKZ8LVxDRLCYAlBWlYZeh5cc60r33_X4AsldSLKOO8DH21aUYOTr42bVFnR9kXSmVJ7QmQGHNaz43M8Vf7ajz6bsX9ExIDfDDfcPSC84c70rlOIXFb_AU3NC25CscewfhWkiclJZbAtw3bPtoDBFXgYuqVwec7INkzOJ9hR3KTXJJ1k18JqoronVZafR6CdN4U2Iit_nHbUecwRnORPWv62N-nqTgRSp5cFPiIbp80D1BaJR9vK6Hz3ppjO5ARdF8zXd4PTMfbh5lJ5ZsDhsjEMo5VW0hBC0XRif4N2x9oUNkjYnAcTMFki194swhjR8JAVxp306E4HkVF-41S2zmDJLGWgLfXG3sr5igfMaPfE3qErypHzlzNSCrFFW0wfX78q9AfqCtx-PwdTAaliA3s7RAbO7rTF5mRcwA5AO9effvJhBxgPVoNOdI2E4ByHi6bDR9-so5WX6aJF1ACyhLjRe1hmFHyu2uTpAoVb9zbb05E8Cwo8aumF1k_Sxc9s9hsAoRA17F9XUAczwEETX9NZUk1UAgUOI0N-sXt4oDdOxmFMfuiJaCxaZHNJo0Rt2JQtfTvHVxTjrn6LDlYtUljGgPPji4PpLtb-a4R9mGpFozvJR5ThoCstYCR-C0lVP4la7fsGmK2TF7wz8YocwtUEdi7lNPLcXbBcbY9VbbOmzVBhBHKoy1-f8bJrK7UMcpobqZF2OE7sc0UPURZ3gyBSmKas-qZuwreVC0FY1CKwkirGDkAzNA1_J2Xh-bT4VD_tP8Kp_FiazgmVQNSXkWhAydblRGkjzwVw/https://www.amazon.com/gp/aw/d/B0FCZG88K8/?_encoding=UTF8&pd_rd_plhdr=t&aaxitk=44dd0c4cb7639509caffa28e339187a6&hsa_cr_id=0&qid=1786417408&sr=1-4-9e67e56a-6f64-441f-a281-df67fc737124&i=aps&aref=5sJdcvgD2v&ref_=sbx__sbtcd_asin_3_bkgd&pd_rd_w=mEElF&content-id=amzn1.sym.8de9b3d5-f5c5-40e9-9b39-d65f08d6ea68%3Aamzn1.sym.8de9b3d5-f5c5-40e9-9b39-d65f08d6ea68&pf_rd_p=8de9b3d5-f5c5-40e9-9b39-d65f08d6ea68&pf_rd_r=CZENM1X5NZAD1GDJ4JNT&pd_rd_wg=ghJNr&pd_rd_r=e09eccb3-c4c9-40c7-ab69-2df630f2512d,"https://m.media-amazon.com/images/I/71jSCW+w9gL._AC_SR160,134_CB1169409_QL70_.jpg",58,排名靠前；价格处于人民币等值¥180.00-¥288.00区间；标题包含 summer，符合美国女鞋舒适化趋势。
2026-08-11,amazon_us,product,search,platform sandals women,2,"Sorel Women's Sunpeak Wedge Ankle Strap, Iced Tea/Snow, 7.5 Regular Sorel Women's Sunpeak Wedge Ankle Strap, Iced Tea…",¥810.00,4.5,,,,,,,https://aax-us-east-retail-direct.amazon.com/x/c/JMu_eTaKZgChztncty7WEzUAAAGf7sZqfQEAAAH2AQBvbm9fdHhuX2JpZDUgICBvbm9fdHhuX2ltcDIgICADx9_X/clv1c_ek-IBfHXKrTWXmxht4lh7WbeGXTDGuQVCRLLt4nxuw83CRWzMFgF7BTsld0UXZcfoYXO4BnE-muhsxIHmwJ3UF86s1mzC4OLVwUg_9jsmtRVn4kDWUg7BGX-monV592ZCNxmldqpc02zLiw4JPBlwtHO-P0ckFrykc70l3cLz4U5FYMhbJXyTBhBZinvvKDZtK7VnlhTD2eJVql-vXCYVE6yL9eXrESKVcjVtZtVySpEtQ9dC0gN1-FshCwg9gp67m8cGl1D3eejQUFW2DtzKNIAIHuJZVNpIsCnwSPXYuKeEOE7S8sb3UibPoh4XAjQHKnUhH41MCUDI08HWiec5HC8bGeoTMbdn_-3p9MiKoGOZqJJitIY5WYqANi3XbPflUKSlDrgAQhjAovrrR32dOZRCSGGqNqjTpxl8KuOMrgYtBKtoxS--yiQiD8jaSqLT3RHcNIwjE8x1t_SrnQ9jUpSpq64SBYCD5oRXjs7PWlddfom0dGlBSlh4cuEVWblwsvPo7bIg12PRhJ4I-UsxTPmtFzbOUwWJQ21dTPY3F2ywrnh5MU5FiHTfyMTDzrHe63uIMOUgZpDUonW3kofs89GGUER2rBGOtExg8SNpajaUetGnych4khCLHPG3lL-bgF_3aQ7i3xf0MB6uuApjOy25G1C6flzpAG0vAsbfYndTDFhIW8SOZToTZ16SG86gE2JeO8N3lLqtKzHX0fKKn1a1ofCuequ3M6F3PWijpCn0l6fOYpYlHWcCmaAo3oGqgT5QwLN31h3preNUdMBmzTFn-y_-HPAU8GW-nVX2e0Xi2CyEHZAjvIl4KfKxO6V0wxSpoU-fZuF_KFCvNaLxnQ_m3T5h6Ad9pmDowxjreWlOPln4BRFN9YzbVew5Sw25NEmi0_4pWL-F6rjqpoi44WAKmiUXU1wEyu97_YSdEfilVawsHf5gdgOfySH2d94IZkl_COQW-SoQ7bEv35_MqbEmUp0CM3AcNa0z8XtLqVtKe3IcZ-nHgdfIgG5XaVEUUD0ln1wTDTIfFOFvEAOMZGOK17pFESloSQAbGm06Gl0AuwXHrFrb3r8iRg1xbeMYqj3aoQiILEtsn5ocTIhIDs7he3rJ427wWKvrOWP8PEvNjP4KvEOqpLStfdPQN-QdBVvLd_Ej_OxriziKuLeiUOmoZ_eEvUp_TJrYXGI1cH_za22z7QHINPcenKk-7GPAAjS9OejBAKqEyvMvLOx502-PDy_u8n21R-IZwyrLHYRO_95zlV8NwCRfRrKxRpCS0CMVpmB690fnPlHLCFG_no7LnF0z0IU3RYTJNgzivdoTdt0D_1d2IYYWhg1XeygY-lwqEE8njbAdOoopc1aH8Trg-T-0XZcNgfmSNz3bCJQNs0W0ylZEMosvTnnyylYnOPdtpnxoWY1VZbAFHj6vGSoybRoOf3bUhfOK0EJTsCEgL3oIV6e9zWSYJhcHbu7ZlC83B4YApYpTS3UBCun1jRlX1lYavsBUIWg_OltnDe9TzJybykmdvQ5Ch2Mar-MFNv0Lyfr55llrJzqqV8XeK8ZpOL_m47mlPCL82OG6zmOk0EgfTAoBScl7Ccc_iD9cxazsRPwL2tNmm5aP__TWAn5w7XEUJGaY24g58hCQOUqyN28xJI8hU0B54pTUxM7-KmMOvej84MtKVZFd5CNfUi5hTi8Y85jJiU/https://www.amazon.com/gp/aw/d/B0F8D6PCQL/?_encoding=UTF8&pd_rd_plhdr=t&aaxitk=b8fdff5d0a92fb43ad129171fd02a1a5&hsa_cr_id=0&qid=1786417408&sr=1-2-9e67e56a-6f64-441f-a281-df67fc737124&i=aps&aref=rDDkVfxPg8&ref_=sbx__sbtcd_asin_1_bkgd&pd_rd_w=gVXmd&content-id=amzn1.sym.8de9b3d5-f5c5-40e9-9b39-d65f08d6ea68%3Aamzn1.sym.8de9b3d5-f5c5-40e9-9b39-d65f08d6ea68&pf_rd_p=8de9b3d5-f5c5-40e9-9b39-d65f08d6ea68&pf_rd_r=55G7JDVD51SYY10ZJ32N&pd_rd_wg=3ExQx&pd_rd_r=589e3ddc-eb87-48c9-bb70-5711cf196e87,"https://m.media-amazon.com/images/I/71-mn-Y6B1L._AC_SR160,134_CB1169409_QL70_.jpg",58,排名靠前；价格高于人民币等值¥288.00；标题包含 wedge，符合美国女鞋舒适化趋势；评分达到4.3以上。
2026-08-11,amazon_us,product,best_sellers,Best Sellers Women Sandals,23,KuaiLu Flip Flops for Women with Arch Support Summer Beach Thong Sandals | Comfortable Yoga Mat Cushion Walking Shoes Slip on Casual Outfits Faux Leather Indoor Outdoor,,4.2,$13.99,,,,,,https://www.amazon.com/KuaiLu-Support-Comfortable-Cushion-Walking/dp/B08GKGCH2R/ref=zg_bs_g_679425011_d_sccl_23/142-7760405-0885639?psc=1,"https://images-na.ssl-images-amazon.com/images/I/81-DUybjK+L._AC_UL600_SR600,400_.jpg",57,排名进入前30；标题包含 comfort、arch support、beach、summer，符合美国女鞋舒适化趋势；评分达到4.0以上。
2026-08-11,amazon_us,product,best_sellers,Best Sellers Women Sandals,30,"FUNKYMONKEY Women's Comfort Slides Non-Slip Lightweight Flat Beach Sandals | Adjustable Buckle Plastic Sandals with Arch Support, Waterproof Non-Slip Summer Slippers for Pool, Shower & Daily Wear",,4.1,$18.99,,,,,,https://www.amazon.com/FUNKYMONKEY-Comfort-Adjustable-Sandals-US-Women/dp/B07CV9YZBB/ref=zg_bs_g_679425011_d_sccl_30/142-7760405-0885639?psc=1,"https://images-na.ssl-images-amazon.com/images/I/51o3wxcasIL._AC_UL600_SR600,400_.jpg",57,排名进入前30；标题包含 comfort、arch support、beach、summer，符合美国女鞋舒适化趋势；评分达到4.0以上。
2026-08-11,amazon_us,product,new_releases,New Releases Women Sandals,13,Uniwill Shower Shoes Women Non-Slip Quick Dry Flip Flop Sandals | Comfortable Arch Support for Public Shower Bathroom Pool Beach Quick Dry with Drain Holes,,4.5,$12.89,,,,,,https://www.amazon.com/Uniwill-Shower-Shoes-Non-Slip-Sandals/dp/B0GY4471BY/ref=zg_bsnr_g_679425011_d_sccl_13/133-0567473-1440741?psc=1,"https://images-na.ssl-images-amazon.com/images/I/71SL6HBtLiL._AC_UL600_SR600,400_.jpg",57,排名进入前30；标题包含 comfort、arch support、beach，符合美国女鞋舒适化趋势；评分达到4.3以上。
2026-08-11,amazon_us,product,new_releases,New Releases Women Sandals,14,"ZURIN Women Shower Shoes Quick Dry Flip Flops, Pool Flip Flops for Women | Comfortable, Arch Support, Drainage Holes, Non Slip, for Beach Bath Gym College Dorm",,4.4,$9.99,,,,,,https://www.amazon.com/ZURIN-Support%EF%BC%8CPool-Drainage-Sandals-Slippers/dp/B0GZVHXYJS/ref=zg_bsnr_g_679425011_d_sccl_14/133-0567473-1440741?psc=1,"https://images-na.ssl-images-amazon.com/images/I/71mdYp+i5oL._AC_UL600_SR600,400_.jpg",57,排名进入前30；标题包含 comfort、arch support、beach，符合美国女鞋舒适化趋势；评分达到4.3以上。
2026-08-11,amazon_us,product,new_releases,New Releases Women Sandals,20,"FITORY Flip Flops for Women Men Summer Thong Sandals Arch Support Shower | Slip on, Rubber, Beach, Pool, Comfortable, Cushion, Waterproof, EVA, Unisex",,4.1,$9.99,,,,,,https://www.amazon.com/FITORY-Flops-Summer-Support-Shower/dp/B0GZZK1C98/ref=zg_bsnr_g_679425011_d_sccl_20/133-0567473-1440741?psc=1,"https://images-na.ssl-images-amazon.com/images/I/51lPFR4H9aL._AC_UL600_SR600,400_.jpg",57,排名进入前30；标题包含 comfort、arch support、beach、summer，符合美国女鞋舒适化趋势；评分达到4.0以上。
2026-08-11,amazon_us,product,search,women summer slippers,12,LongBay,¥143.93,4.4,LongBay,,,,,,https://www.amazon.com/LongBay-Slippers-Memory-Bedroom-Dual-Strap/dp/B0DP277YRM/ref=sr_1_4?dib=eyJ2IjoiMSJ9.3B_wBrVg1UMy5tWehIloEqcJ9-aVDJ_nzHv3-WRd7oepZiUeX5Ssn7U0ro-W6pI_NAXX23yMdsXb5GF-rTQWCTNmkRhJ_05Be8EpFUSi4nqWjvKV9evO5SXGOm_UkavROWWEoLKGgC3FkYVbdw2AY9CbS_hwMSGMeiKyGg3omXxa9LcqTlT2j4GsodsANPVu7adBMC-495VGUo6aCZcPszp3qfI6Vz0oYiEF06t1gFywv9rPemdcIAZNlv0Eai5GfrP7EcrUmVLPIzhiP-sSNHP1-6qZlwBx2Ld15hdEfwk._bMqCHi2W3QluEzRLChy7cRCwdJ4loRbcgTm-6GwTEk&dib_tag=se&keywords=women+summer+slippers&qid=1786417407&sr=8-4,https://m.media-amazon.com/images/I/71BlGXBbl-L._AC_UL320_.jpg,57,排名进入前30；价格处于人民币等值¥57.60-¥180.00黄金区间；评分达到4.3以上。
2026-08-11,amazon_us,product,search,women summer slippers,15,Evshine,¥71.86,4.4,Evshine,,,,,,https://www.amazon.com/Evshine-Slippers-Bedroom-Corduroy-Outdoor/dp/B0FFZ8GWMZ/ref=sr_1_7?dib=eyJ2IjoiMSJ9.3B_wBrVg1UMy5tWehIloEqcJ9-aVDJ_nzHv3-WRd7oepZiUeX5Ssn7U0ro-W6pI_NAXX23yMdsXb5GF-rTQWCTNmkRhJ_05Be8EpFUSi4nqWjvKV9evO5SXGOm_UkavROWWEoLKGgC3FkYVbdw2AY9CbS_hwMSGMeiKyGg3omXxa9LcqTlT2j4GsodsANPVu7adBMC-495VGUo6aCZcPszp3qfI6Vz0oYiEF06t1gFywv9rPemdcIAZNlv0Eai5GfrP7EcrUmVLPIzhiP-sSNHP1-6qZlwBx2Ld15hdEfwk._bMqCHi2W3QluEzRLChy7cRCwdJ4loRbcgTm-6GwTEk&dib_tag=se&keywords=women+summer+slippers&qid=1786417407&sr=8-7,https://m.media-amazon.com/images/I/81L2e-mi2FL._AC_UL320_.jpg,57,排名进入前30；价格处于人民币等值¥57.60-¥180.00黄金区间；评分达到4.3以上。
2026-08-11,amazon_us,product,search,women summer slippers,16,shevalues,¥71.86,4.4,shevalues,,,,,,https://www.amazon.com/shevalues-Quick-Dry-Shower-Pink-Update/dp/B07759MD3B/ref=sr_1_8?dib=eyJ2IjoiMSJ9.3B_wBrVg1UMy5tWehIloEqcJ9-aVDJ_nzHv3-WRd7oepZiUeX5Ssn7U0ro-W6pI_NAXX23yMdsXb5GF-rTQWCTNmkRhJ_05Be8EpFUSi4nqWjvKV9evO5SXGOm_UkavROWWEoLKGgC3FkYVbdw2AY9CbS_hwMSGMeiKyGg3omXxa9LcqTlT2j4GsodsANPVu7adBMC-495VGUo6aCZcPszp3qfI6Vz0oYiEF06t1gFywv9rPemdcIAZNlv0Eai5GfrP7EcrUmVLPIzhiP-sSNHP1-6qZlwBx2Ld15hdEfwk._bMqCHi2W3QluEzRLChy7cRCwdJ4loRbcgTm-6GwTEk&dib_tag=se&keywords=women+summer+slippers&qid=1786417407&sr=8-8,https://m.media-amazon.com/images/I/51tSepxKI5L._AC_UL320_.jpg,57,排名进入前30；价格处于人民币等值¥57.60-¥180.00黄金区间；评分达到4.3以上。
2026-08-11,amazon_us,product,search,women summer slippers,17,KuaiLu,¥100.73,4.3,KuaiLu,,,,,,https://www.amazon.com/KuaiLu-Support-Comfortable-Walking-Sandals/dp/B0C5ZZ51RT/ref=sr_1_9?dib=eyJ2IjoiMSJ9.3B_wBrVg1UMy5tWehIloEqcJ9-aVDJ_nzHv3-WRd7oepZiUeX5Ssn7U0ro-W6pI_NAXX23yMdsXb5GF-rTQWCTNmkRhJ_05Be8EpFUSi4nqWjvKV9evO5SXGOm_UkavROWWEoLKGgC3FkYVbdw2AY9CbS_hwMSGMeiKyGg3omXxa9LcqTlT2j4GsodsANPVu7adBMC-495VGUo6aCZcPszp3qfI6Vz0oYiEF06t1gFywv9rPemdcIAZNlv0Eai5GfrP7EcrUmVLPIzhiP-sSNHP1-6qZlwBx2Ld15hdEfwk._bMqCHi2W3QluEzRLChy7cRCwdJ4loRbcgTm-6GwTEk&dib_tag=se&keywords=women+summer+slippers&qid=1786417407&sr=8-9,https://m.media-amazon.com/images/I/710PdcSAm6L._AC_UL320_.jpg,57,排名进入前30；价格处于人民币等值¥57.60-¥180.00黄金区间；评分达到4.3以上。
2026-08-11,amazon_us,product,search,women summer slippers,19,"Tunmigame Slippers for Women Cross Band Bow Memory Foam House Slippers | Open Toe,Slides Sandals,Non-slip,House Shoes,Bedroom,Indoor Outdoor,pantuflas para mujer Tunmigame Slippers for Women Cross Band Bow Memory Foam House Slippers | Open Toe,Slides Sandals,N…",¥86.33,4.4,4.4,,,,,,https://sponsored-ads.amazon.com/clk/?_encoding=UTF8&p=eAFVT8uK01AApQ7qEOqDLkaouwpdFG5zb9omTSXIzautlbHpy3Y24Sb35jGmSZpc7IyLLl2IS9G1v-IPuHDvB_gTCnZEPKsD58UR6OmvLz-_36ndw4vV1JyMJ2toWrNGBbXOApbGV65-2XFsrF6OgvWLEbLx4MyJld5i81z1XoVROLWHO3PtrPCsKsE26sttqaO04cWtue6dYmsxsmbjee2RcJey8jXP8lp1eT6zjJfD8_GFZdY_VIQnN4pbMlL4kZuzws8Swpkbp0mcMtfjQU0gW_I2S9t-tq0_Lj3gJ6QsYx8cM-DoBDlq3Gapu5y3eqUHeMS2jAI_SxLm8zhLwRsJ3IwBnxS0BDmJU84K4GcpZylvyEIFPnz_6d2Pb1_N-v2_3mN744EEIVQlWZFlpY8UJJ0s5-bgxJgarUntqaljI7fHQMEHfXdEiA-6k12TVML_46CHB9056PgPCetVI7SuhtgKu7LDpM8V4WMl4jwvB6K43-_b_76LYS6SvUhFHQ5tZbNS54tnOXUL6uZJRAuNN6OSuH7hxlSDzV1MNaT05S5SulBploWGgAR6pNeTpUAFAQ0o6CKIgBqoFFBFJkRV1X63IzVjjeRlkxQs0Dbytd0xOhGd_gbG16_Q&v=c1&r=https%3A%2F%2Fwww.amazon.com%2Fgp%2Faw%2Fd%2FB0GF7YV9ST%3Fpd_rd_plhdr%3Dt%26hsa_cr_id%3D0%26qid%3D1786417407%26sr%3D1-2-5a5562f9-fdfd-4101-9f9d-d76aa9998432%26i%3Daps%26aref%3DY6yF3C3hdP&ref_=sbx__sbtcd2_asin_1_bkgd&pd_rd_w=CTrjV&content-id=amzn1.sym.90f77631-9599-4fe0-95f8-a40adfe1c762%3Aamzn1.sym.90f77631-9599-4fe0-95f8-a40adfe1c762&pf_rd_p=90f77631-9599-4fe0-95f8-a40adfe1c762&pf_rd_r=7DZ3P2TFS2YD5GMVSGEV&pd_rd_wg=gEpFz&pd_rd_r=d5d7c367-f21d-413a-90dc-a5f21132c4a6,"https://m.media-amazon.com/images/I/71Xzskcx8VL._AC_SR322,134_CB1169409_QL70_.jpg",57,排名进入前30；价格处于人民币等值¥57.60-¥180.00黄金区间；评分达到4.3以上。
2026-08-11,amazon_us,product,search,women summer slippers,20,"Tunmigame Open Toe Bedroom House Slippers for Women | Memory Foam,Corduroy, Indoor Outdoor, Slip-on，Bedroom，Soft,pantuflas para mujer，Gifts，Cooling Tunmigame Open Toe Bedroom House Slippers for Women | Memory Foam,Corduroy, Indoor Out…",¥122.33,4.2,4.2,,,,,,https://sponsored-ads.amazon.com/clk/?_encoding=UTF8&p=eAFVT7mO00AAVVgBKyscSrFIoQtSikgTz9iJHQdZaHzkIGixcyzZbayxZ3wsju3YI7JLkZICUSKo-RV-gIKeD-AnQCKLEK960rv0BHr868vP73ca9_DyzLFm09kaWva8VUOdk5BlyZVnXMruCGuXk3D9YoJGeHjiJmp_ef5c819FceSMxltr7Z7heV2CXTRQupKsduHFrYXhH2N7ObHn00XjkXCXsuo1z4tGfXU6t82X49PphW01P9SEJzeKVzFSBrFXsDLIU8KZl2RpkjHP52FDIBvyNs-6Qb5pPq58EKSkqpIAHDLg4AQFat1mmbdadPqVD3jMNoyCIE9TFvAkz8AbCdyMgYCUtAIFSTLOShDkGWcZbylCDT58_-ndj29freb9v95De-uBBCHUJEVVFHWAVCQdrRbW8Mh0zM6s8dQysFmMpkDFe2N7QIT3hptfk0zC_2NvRHvD3Rv4D4madTOyr8bYjnqKy6TPNeFjLea8qIaiuNvtuv--i1Ehkp1IRQOOrbWztJzFs4J6JfWKNKalzttxRbyg9BKqw_Y2oTpSB0oPqT2otqtSR0AGfdLvK1KogZCGFPQQREALNQqoqhCiadqgJ0vtRCdF1SYlC_Vz5Xokm3JMnd_S-a_s&v=c1&r=https%3A%2F%2Fwww.amazon.com%2Fgp%2Faw%2Fd%2FB0GDXPTDPS%3Fpd_rd_plhdr%3Dt%26hsa_cr_id%3D0%26qid%3D1786417407%26sr%3D1-3-5a5562f9-fdfd-4101-9f9d-d76aa9998432%26i%3Daps%26aref%3DY6yF3C3hdP&ref_=sbx__sbtcd2_asin_2_bkgd&pd_rd_w=CTrjV&content-id=amzn1.sym.90f77631-9599-4fe0-95f8-a40adfe1c762%3Aamzn1.sym.90f77631-9599-4fe0-95f8-a40adfe1c762&pf_rd_p=90f77631-9599-4fe0-95f8-a40adfe1c762&pf_rd_r=7DZ3P2TFS2YD5GMVSGEV&pd_rd_wg=gEpFz&pd_rd_r=d5d7c367-f21d-413a-90dc-a5f21132c4a6,"https://m.media-amazon.com/images/I/71LQrDPQezL._AC_SR322,134_CB1169409_QL70_.jpg",57,排名进入前30；价格处于人民币等值¥57.60-¥180.00黄金区间；标题包含 soft，符合美国女鞋舒适化趋势；评分达到4.0以上。
2026-08-11,amazon_us,product,search,women summer slippers,23,IPSAE,¥71.93,4.4,IPSAE,,,,,,https://www.amazon.com/IPSAE-Slippers-Corduroy-Slipper-Bedroom/dp/B0DB4W73J3/ref=sr_1_10?dib=eyJ2IjoiMSJ9.3B_wBrVg1UMy5tWehIloEqcJ9-aVDJ_nzHv3-WRd7oepZiUeX5Ssn7U0ro-W6pI_NAXX23yMdsXb5GF-rTQWCTNmkRhJ_05Be8EpFUSi4nqWjvKV9evO5SXGOm_UkavROWWEoLKGgC3FkYVbdw2AY9CbS_hwMSGMeiKyGg3omXxa9LcqTlT2j4GsodsANPVu7adBMC-495VGUo6aCZcPszp3qfI6Vz0oYiEF06t1gFywv9rPemdcIAZNlv0Eai5GfrP7EcrUmVLPIzhiP-sSNHP1-6qZlwBx2Ld15hdEfwk._bMqCHi2W3QluEzRLChy7cRCwdJ4loRbcgTm-6GwTEk&dib_tag=se&keywords=women+summer+slippers&qid=1786417407&sr=8-10,https://m.media-amazon.com/images/I/71GcxKVQLUL._AC_UL320_.jpg,57,排名进入前30；价格处于人民币等值¥57.60-¥180.00黄金区间；评分达到4.3以上。
2026-08-11,amazon_us,product,search,women summer slippers,24,ULTRAIDEAS,¥97.42,4.5,ULTRAIDEAS,,,,,,https://www.amazon.com/ULTRAIDEAS-Slippers-Bowknot-Outdoor-Anti-Skid/dp/B07MZ3H6MN/ref=sr_1_11?dib=eyJ2IjoiMSJ9.3B_wBrVg1UMy5tWehIloEqcJ9-aVDJ_nzHv3-WRd7oepZiUeX5Ssn7U0ro-W6pI_NAXX23yMdsXb5GF-rTQWCTNmkRhJ_05Be8EpFUSi4nqWjvKV9evO5SXGOm_UkavROWWEoLKGgC3FkYVbdw2AY9CbS_hwMSGMeiKyGg3omXxa9LcqTlT2j4GsodsANPVu7adBMC-495VGUo6aCZcPszp3qfI6Vz0oYiEF06t1gFywv9rPemdcIAZNlv0Eai5GfrP7EcrUmVLPIzhiP-sSNHP1-6qZlwBx2Ld15hdEfwk._bMqCHi2W3QluEzRLChy7cRCwdJ4loRbcgTm-6GwTEk&dib_tag=se&keywords=women+summer+slippers&qid=1786417407&sr=8-11,https://m.media-amazon.com/images/I/71cvxwhDe7L._AC_UL320_.jpg,57,排名进入前30；价格处于人民币等值¥57.60-¥180.00黄金区间；评分达到4.3以上。
2026-08-11,amazon_us,product,search,women summer slippers,26,Evshine,¥93.53,4.4,Evshine,,,,,,https://www.amazon.com/Evshine-Summer-Slippers-Corduroy-Bedroom/dp/B0CSN39WDS/ref=sr_1_13?dib=eyJ2IjoiMSJ9.3B_wBrVg1UMy5tWehIloEqcJ9-aVDJ_nzHv3-WRd7oepZiUeX5Ssn7U0ro-W6pI_NAXX23yMdsXb5GF-rTQWCTNmkRhJ_05Be8EpFUSi4nqWjvKV9evO5SXGOm_UkavROWWEoLKGgC3FkYVbdw2AY9CbS_hwMSGMeiKyGg3omXxa9LcqTlT2j4GsodsANPVu7adBMC-495VGUo6aCZcPszp3qfI6Vz0oYiEF06t1gFywv9rPemdcIAZNlv0Eai5GfrP7EcrUmVLPIzhiP-sSNHP1-6qZlwBx2Ld15hdEfwk._bMqCHi2W3QluEzRLChy7cRCwdJ4loRbcgTm-6GwTEk&dib_tag=se&keywords=women+summer+slippers&qid=1786417407&sr=8-13,https://m.media-amazon.com/images/I/71SaoMUrpoL._AC_UL320_.jpg,57,排名进入前30；价格处于人民币等值¥57.60-¥180.00黄金区间；评分达到4.3以上。
2026-08-11,amazon_us,product,search,women summer slippers,28,"Cloth Slippers Linen Slippers - Breathable, Anti-Slip, Easy to Clean - Summer Silent Slippers for Women and Men",¥64.73,4.2,"Price, product page $8.99 $ 8 . 99",,,,,,https://www.amazon.com/VIDSID-Linen-Slippers-Breathable-Anti-Slip/dp/B0D4DNFVWP/ref=sr_1_15?dib=eyJ2IjoiMSJ9.3B_wBrVg1UMy5tWehIloEqcJ9-aVDJ_nzHv3-WRd7oepZiUeX5Ssn7U0ro-W6pI_NAXX23yMdsXb5GF-rTQWCTNmkRhJ_05Be8EpFUSi4nqWjvKV9evO5SXGOm_UkavROWWEoLKGgC3FkYVbdw2AY9CbS_hwMSGMeiKyGg3omXxa9LcqTlT2j4GsodsANPVu7adBMC-495VGUo6aCZcPszp3qfI6Vz0oYiEF06t1gFywv9rPemdcIAZNlv0Eai5GfrP7EcrUmVLPIzhiP-sSNHP1-6qZlwBx2Ld15hdEfwk._bMqCHi2W3QluEzRLChy7cRCwdJ4loRbcgTm-6GwTEk&dib_tag=se&keywords=women+summer+slippers&qid=1786417407&sr=8-15,https://m.media-amazon.com/images/I/81CG5b2e3QL._AC_UL320_.jpg,57,排名进入前30；价格处于人民币等值¥57.60-¥180.00黄金区间；标题包含 summer，符合美国女鞋舒适化趋势；评分达到4.0以上。
2026-08-11,amazon_us,product,search,women slides,13,Stratuxx Kaze,¥179.93,4.4,Stratuxx Kaze,,,,,,https://www.amazon.com/sspa/click?ie=UTF8&spc=MTo4MjQ4NDA4MDY0NzE1MTQ4OjE3ODY0MTc0MDg6c3Bfc2VhcmNoX3RoZW1hdGljOjMwMTMxNzM0NjAwOTEwMjo6Mjo6&url=%2FStratuxx-Kaze-Dress-Sandals-Womens%2Fdp%2FB0D2HP4618%2Fref%3Dsxin_18_pa_sp_search_thematic_sspa%3Fcontent-id%3Damzn1.sym.8f580787-d4c7-42df-832f-97da9b694989%253Aamzn1.sym.8f580787-d4c7-42df-832f-97da9b694989%26cv_ct_cx%3Dwomen%2Bslides%26keywords%3Dwomen%2Bslides%26pd_rd_i%3DB0D2HP4618%26pd_rd_r%3De07a6ef1-ebb7-4f33-ad32-7496dcf851e8%26pd_rd_w%3DWUBK3%26pd_rd_wg%3DvK0RC%26pf_rd_p%3D8f580787-d4c7-42df-832f-97da9b694989%26pf_rd_r%3DCZENM1X5NZAD1GDJ4JNT%26qid%3D1786417408%26sbo%3DRZvfv%252F%252FHxDF%252BO5021pAnSA%253D%253D%26sr%3D1-3-7efdef4d-9875-47e1-927f-8c2c1c47ed49-spons%26aref%3D5RGTCeWs3L%26sp_csd%3Dd2lkZ2V0TmFtZT1zcF9zZWFyY2hfdGhlbWF0aWM%26psc%3D1&aref=5RGTCeWs3L,https://m.media-amazon.com/images/I/71r3AvMiEqL._AC_UL320_.jpg,57,排名进入前30；价格处于人民币等值¥57.60-¥180.00黄金区间；评分达到4.3以上。
2026-08-11,amazon_us,product,search,women slides,14,FUNKYMONKEY,¥107.93,4.3,FUNKYMONKEY,,,,,,https://www.amazon.com/sspa/click?ie=UTF8&spc=MTo4MjQ4NDA4MDY0NzE1MTQ4OjE3ODY0MTc0MDg6c3Bfc2VhcmNoX3RoZW1hdGljOjMwMTE2NDcyOTIwMDEwMjo6Mzo6&url=%2FFUNKYMONKEY-Womens-Bathroom-Slippers-Black-03%2Fdp%2FB07DXWJ1VG%2Fref%3Dsxin_18_pa_sp_search_thematic_sspa%3Fcontent-id%3Damzn1.sym.8f580787-d4c7-42df-832f-97da9b694989%253Aamzn1.sym.8f580787-d4c7-42df-832f-97da9b694989%26cv_ct_cx%3Dwomen%2Bslides%26keywords%3Dwomen%2Bslides%26pd_rd_i%3DB07DXWJ1VG%26pd_rd_r%3De07a6ef1-ebb7-4f33-ad32-7496dcf851e8%26pd_rd_w%3DWUBK3%26pd_rd_wg%3DvK0RC%26pf_rd_p%3D8f580787-d4c7-42df-832f-97da9b694989%26pf_rd_r%3DCZENM1X5NZAD1GDJ4JNT%26qid%3D1786417408%26sbo%3DRZvfv%252F%252FHxDF%252BO5021pAnSA%253D%253D%26sr%3D1-4-7efdef4d-9875-47e1-927f-8c2c1c47ed49-spons%26aref%3D9YUmnrgDXf%26sp_csd%3Dd2lkZ2V0TmFtZT1zcF9zZWFyY2hfdGhlbWF0aWM%26psc%3D1&aref=9YUmnrgDXf,https://m.media-amazon.com/images/I/51LtjM1RiwL._AC_UL320_.jpg,57,排名进入前30；价格处于人民币等值¥57.60-¥180.00黄金区间；评分达到4.3以上。
2026-08-11,amazon_us,product,search,women slides,17,adidas,¥151.20,4.4,adidas,,,,,,https://www.amazon.com/adidas-Unisex-Adilette-Shower-Sandal/dp/B091ZGQF6G/ref=sr_1_4?dib=eyJ2IjoiMSJ9.XNUAwuHHUjfeyM66sI3Ar2i2YhWFGPDhIr7DP0b3eG8-VANXGYZCqTKGXsG6CO9Hc5VCc8_0p8bxz50uqu1gVLMaWuGoVbkR_BYyQlf9jNCRzjnLsarK2G8uEZVMPMEy6WVzpFL99XUMr8ciE6oyQmbHkSgown4NGrOI4h2jSCiiS4W1a1HgRkRbo24Ew7Wk8r-CaUZ0eiIUl7RktsMs7hA-n3XoOt-EFkNRTs7wvDzV5a_88aolieSmjpo3_dkQkDVFJroJ1gxmX6hJybKfKYY-j24qPbTwoNia_yt3IQw.Do3X_IyxDz1NgRkjykhyITmjSWv78X55939k5B_dmNE&dib_tag=se&keywords=women+slides&qid=1786417408&sr=8-4,https://m.media-amazon.com/images/I/61CCABduhML._AC_UL320_.jpg,57,排名进入前30；价格处于人民币等值¥57.60-¥180.00黄金区间；评分达到4.3以上。
2026-08-11,amazon_us,product,search,women slides,22,adidas,¥107.78,4.4,adidas,,,,,,https://www.amazon.com/adidas-Unisex-Adilette-Slide-Sandal/dp/B0BHXQXLFT/ref=sr_1_9?dib=eyJ2IjoiMSJ9.XNUAwuHHUjfeyM66sI3Ar2i2YhWFGPDhIr7DP0b3eG8-VANXGYZCqTKGXsG6CO9Hc5VCc8_0p8bxz50uqu1gVLMaWuGoVbkR_BYyQlf9jNCRzjnLsarK2G8uEZVMPMEy6WVzpFL99XUMr8ciE6oyQmbHkSgown4NGrOI4h2jSCiiS4W1a1HgRkRbo24Ew7Wk8r-CaUZ0eiIUl7RktsMs7hA-n3XoOt-EFkNRTs7wvDzV5a_88aolieSmjpo3_dkQkDVFJroJ1gxmX6hJybKfKYY-j24qPbTwoNia_yt3IQw.Do3X_IyxDz1NgRkjykhyITmjSWv78X55939k5B_dmNE&dib_tag=se&keywords=women+slides&qid=1786417408&sr=8-9,https://m.media-amazon.com/images/I/51MKnxJBP5L._AC_UL320_.jpg,57,排名进入前30；价格处于人民币等值¥57.60-¥180.00黄金区间；评分达到4.3以上。
2026-08-11,amazon_us,product,search,women slides,12,mysoft,¥194.33,4.3,mysoft,,,,,,https://www.amazon.com/sspa/click?ie=UTF8&spc=MTo4MjQ4NDA4MDY0NzE1MTQ4OjE3ODY0MTc0MDg6c3Bfc2VhcmNoX3RoZW1hdGljOjMwMTIyMzgzODUxMDcwMjo6MTo6&url=%2Fmysoft-Platform-Sandals-Lightweight-Comfortable%2Fdp%2FB0CDPTH8CL%2Fref%3Dsxin_18_pa_sp_search_thematic_sspa%3Fcontent-id%3Damzn1.sym.8f580787-d4c7-42df-832f-97da9b694989%253Aamzn1.sym.8f580787-d4c7-42df-832f-97da9b694989%26cv_ct_cx%3Dwomen%2Bslides%26keywords%3Dwomen%2Bslides%26pd_rd_i%3DB0CDPTH8CL%26pd_rd_r%3De07a6ef1-ebb7-4f33-ad32-7496dcf851e8%26pd_rd_w%3DWUBK3%26pd_rd_wg%3DvK0RC%26pf_rd_p%3D8f580787-d4c7-42df-832f-97da9b694989%26pf_rd_r%3DCZENM1X5NZAD1GDJ4JNT%26qid%3D1786417408%26sbo%3DRZvfv%252F%252FHxDF%252BO5021pAnSA%253D%253D%26sr%3D1-2-7efdef4d-9875-47e1-927f-8c2c1c47ed49-spons%26aref%3DJS0g1XoWqD%26sp_csd%3Dd2lkZ2V0TmFtZT1zcF9zZWFyY2hfdGhlbWF0aWM%26psc%3D1&aref=JS0g1XoWqD,https://m.media-amazon.com/images/I/717QQugOLML._AC_UL320_.jpg,55,排名进入前30；价格处于人民币等值¥180.00-¥288.00区间；标题包含 soft，符合美国女鞋舒适化趋势；评分达到4.3以上。
2026-08-11,amazon_us,product,search,women slides,16,Nike,¥199.80,4.6,Nike,,,,,,https://www.amazon.com/Nike-Womens-Gymnastics-White-Black/dp/B08Q8RRJ5H/ref=sr_1_3?dib=eyJ2IjoiMSJ9.XNUAwuHHUjfeyM66sI3Ar2i2YhWFGPDhIr7DP0b3eG8-VANXGYZCqTKGXsG6CO9Hc5VCc8_0p8bxz50uqu1gVLMaWuGoVbkR_BYyQlf9jNCRzjnLsarK2G8uEZVMPMEy6WVzpFL99XUMr8ciE6oyQmbHkSgown4NGrOI4h2jSCiiS4W1a1HgRkRbo24Ew7Wk8r-CaUZ0eiIUl7RktsMs7hA-n3XoOt-EFkNRTs7wvDzV5a_88aolieSmjpo3_dkQkDVFJroJ1gxmX6hJybKfKYY-j24qPbTwoNia_yt3IQw.Do3X_IyxDz1NgRkjykhyITmjSWv78X55939k5B_dmNE&dib_tag=se&keywords=women+slides&qid=1786417408&sr=8-3,https://m.media-amazon.com/images/I/51npEYHZuAL._AC_UL320_.jpg,55,排名进入前30；价格处于人民币等值¥180.00-¥288.00区间；评分达到4.6以上。
2026-08-11,amazon_us,product,search,platform sandals women,8,Soda,¥338.33,4.3,Soda,,,,,,https://www.amazon.com/sspa/click?ie=UTF8&spc=MTo0MzgxNzExNjczOTA3MDoxNzg2NDE3NDA4OnNwX3NlYXJjaF90aGVtYXRpYzozMDEyNDQ4NjQ5ODUxMDI6OjI6Og&url=%2FSoda-LAUNCH-Platform-Chunky-Heeled%2Fdp%2FB0BZQV3C8T%2Fref%3Dsxin_18_pa_sp_search_thematic_sspa%3Fcontent-id%3Damzn1.sym.d45862ba-a141-4749-99ed-fdbc59982e34%253Aamzn1.sym.d45862ba-a141-4749-99ed-fdbc59982e34%26cv_ct_cx%3Dplatform%2Bsandals%2Bwomen%26keywords%3Dplatform%2Bsandals%2Bwomen%26pd_rd_i%3DB0BZQV3C8T%26pd_rd_r%3D94366bf3-e764-481b-b677-de04b708ac92%26pd_rd_w%3DIp0Nj%26pd_rd_wg%3Dcm4FF%26pf_rd_p%3Dd45862ba-a141-4749-99ed-fdbc59982e34%26pf_rd_r%3D55G7JDVD51SYY10ZJ32N%26qid%3D1786417408%26sbo%3DRZvfv%252F%252FHxDF%252BO5021pAnSA%253D%253D%26sr%3D1-3-2c727eeb-987f-452f-86bd-c2978cc9d8b9-spons%26aref%3DpBumL1HCPM%26sp_csd%3Dd2lkZ2V0TmFtZT1zcF9zZWFyY2hfdGhlbWF0aWM%26psc%3D1&aref=pBumL1HCPM,https://m.media-amazon.com/images/I/617gQrUAqpL._AC_UL320_.jpg,55,排名靠前；价格高于人民币等值¥288.00；评分达到4.3以上。
2026-08-11,amazon_us,product,best_sellers,Best Sellers Women Sandals,16,KuaiLu Womens Flip Flops Arch Support Yoga Mat Cushioned Thong Sandals | Ladies Comfortable Walking Slides For Plantar Fasciitis Slip On Indoor Outdoor For Summer,,4.1,$32.99,,,,,,https://www.amazon.com/KuaiLu-Comfortable-Walking-Sandals-Fasciitis/dp/B08XX52FHY/ref=zg_bs_g_679425011_d_sccl_16/142-7760405-0885639?psc=1,"https://images-na.ssl-images-amazon.com/images/I/61k31MTJEYL._AC_UL600_SR600,400_.jpg",54,排名进入前30；标题包含 comfort、arch support、summer，符合美国女鞋舒适化趋势；评分达到4.0以上。
2026-08-11,amazon_us,product,best_sellers,Best Sellers Women Sandals,39,Project Cloud 100% Genuine Leather Womens Sandals Slides for Women (Lian) | Sandals Women Memory Foam Insole Cork Footbed Non Slip Sandals for Women Lightweight Beach Vacation Summer Essentials Comfort,,4.1,$27.90,,,,,,https://www.amazon.com/Project-Cloud-Genuine-Leather-Sandals/dp/B0FW71GCZ2/ref=zg_bs_g_679425011_d_sccl_39/142-7760405-0885639?psc=1,"https://images-na.ssl-images-amazon.com/images/I/81ljCfCOosL._AC_UL300_SR300,200_.jpg",54,排名进入前50；标题包含 cloud、comfort、beach、summer，符合美国女鞋舒适化趋势；cloud + slides组合趋势加分；评分达到4.0以上。
2026-08-11,amazon_us,product,new_releases,New Releases Women Sandals,34,Project Cloud Platform Sandals Women - Wedge Sandals for Women 2026 (Silly) | Womens Sandals Comfortable with Soft & Plush Insole - Non Slip Beach Essentials Womens Slide - Stylish Women Footwear,,4.2,$39.90,,,,,,https://www.amazon.com/Project-Cloud-Platform-Sandals-Women/dp/B0H277SDZ9/ref=zg_bsnr_g_679425011_d_sccl_34/142-7760405-0885639?psc=1,"https://images-na.ssl-images-amazon.com/images/I/71lcJ5wbS4L._AC_UL300_SR300,200_.jpg",54,排名进入前50；标题包含 cloud、platform、comfort、soft、beach、wedge，符合美国女鞋舒适化趋势；platform + comfort组合趋势加分；评分达到4.0以上。
2026-08-11,amazon_us,product,new_releases,New Releases Women Sandals,40,"QIY Flip Flops for Women Square Toe Platform Sandals Slides | Memory Foam Insole - Lightweight and Comfortable, Women Footwear Summer Thong Sandals for Women 2026",,4.4,$25.99,,,,,,https://www.amazon.com/QIY-Square-Platform-Sandals-Slides/dp/B0HC362RC1/ref=zg_bsnr_g_679425011_d_sccl_40/142-7760405-0885639?psc=1,"https://images-na.ssl-images-amazon.com/images/I/61c-vvOzT2L._AC_UL300_SR300,200_.jpg",54,排名进入前50；标题包含 platform、comfort、summer，符合美国女鞋舒适化趋势；platform + comfort组合趋势加分；评分达到4.3以上。
2026-08-11,amazon_us,product,search,women summer slippers,18,"Tunmigame Women’s Fuzzy Cross Band Open Toe Slippers Indoor House Shoes | Memory Foam,Bedroom,Outdoor,Cozy,Anti-slip,Faux Fur,Comfy,Gifts,Bride,Bridesmaids Tunmigame Women’s Fuzzy Cross Band Open Toe Slippers Indoor House Shoes | Memory Foam,Bedroom,Outdoor,Coz…",¥158.33,4.2,4.2,,,,,,https://sponsored-ads.amazon.com/clk/?_encoding=UTF8&p=eAFVT7mO00AAVVgBKyscSrErhS5IKSJN7LETOw6y0PhKQmCJc5Hdxpp4xsfi2I5nRHYpUlIgSgQ1v8IPUNDzAfwESGQR4lVPepeeQI5_ffn5_U7tHpovJ_Z4NF5JtjNtVGDrJKRZcuWbl4rnIv1yGK6eD6GL-ideonXn58_09asojibuYGuvvCWaVmWpDXtqW1a0tnRxa2auj5EzHzrT0ax2KtwllL3meVGrLs6mjvVycDa6cOz6h4rw-EbxGcVlEPsFLYM8xZz6SZYmGfXXPKwJeIPf5lk7yDf1R2wNghQzlgTgkAEHJyhg4zbN_MWs1WVrwGO6oQQEeZrSgCd5Bt7I4GYMBLgkDBQ4yTgtQZBnnGa8oQoV6eH7T-9-fPtq1-__9R7aGw9kSZJ0WdVUVetBDcpHi5ndP7ImVmtce2KbyCrcEdDQ3tweEKG96eXXOJPR_9ib0d709ib6Q6J61YqcqwFyoo7qUflzRfhYiTkvWF8Ud7td-993MSpEvBOJaEru9IViL-fDpwXxS-IXaUxKgzdjhv2g9BNiSM1tQgyo9dQO1DqS1mSlAQEEXdztqnKog5CEBHSgBIEe6gQQTcVY1_VeR5GbiYEL1sQlDY1z9dpVLCUmk9_Em6_K&v=c1&r=https%3A%2F%2Fwww.amazon.com%2Fgp%2Faw%2Fd%2FB0FRM3DVTH%3Fpd_rd_plhdr%3Dt%26hsa_cr_id%3D0%26qid%3D1786417407%26sr%3D1-1-5a5562f9-fdfd-4101-9f9d-d76aa9998432%26i%3Daps%26aref%3DY6yF3C3hdP&ref_=sbx__sbtcd2_asin_0_bkgd&pd_rd_w=CTrjV&content-id=amzn1.sym.90f77631-9599-4fe0-95f8-a40adfe1c762%3Aamzn1.sym.90f77631-9599-4fe0-95f8-a40adfe1c762&pf_rd_p=90f77631-9599-4fe0-95f8-a40adfe1c762&pf_rd_r=7DZ3P2TFS2YD5GMVSGEV&pd_rd_wg=gEpFz&pd_rd_r=d5d7c367-f21d-413a-90dc-a5f21132c4a6,"https://m.media-amazon.com/images/I/71sFy+9o-sL._AC_SR322,134_CB1169409_QL70_.jpg",54,排名进入前30；价格处于人民币等值¥57.60-¥180.00黄金区间；评分达到4.0以上。
2026-08-11,amazon_us,product,search,women summer slippers,22,"Tunmigame Fuzzy Indoor Outdoor Slippers for Women Open Toe | Memory Foam,Gifts for Women,House Slippers,Slip on,Open Toe,pantuflas para mujer,Indoor,Cozy Tunmigame Fuzzy Indoor Outdoor Slippers for Women Open Toe | Memory Foam,Gifts for Women,Hou…",¥162.65,4.1,4.1,,,,,,https://sponsored-ads.amazon.com/clk/?_encoding=UTF8&p=eAFVT8lu00AAVaiAygqLcmilcAtSDpEmnnHimTjIqrwmIVDiLCXtxZp4xkvr2I5tkZZDjhwQRwRnfoUf4MCdD-AnQCJFiHd60tv0BHb468vP7_dqD7T52cQcj8ZLaFrTRgW1jnyeRNeuftlxbE25HPrLF0Nka_0jJyLy_Py5snodhMHEHmzMpXOmTasSbKMebksd0oYXd2b66lCz5kNrOprVjoX7jBdXZZrVqovTqWW8GpyOLiyz_qEiPL1V3ILT3AvdjOdeGtOSu1ESRwl3V6VfE-iavk2Ttpeu60-KFfBiWhSRB_YZsHeCDDXu8sRdzFpysQJlyNecAS-NY-6VUZqANxK4HQMezVkBMholJc-BlyYlT8oGFirw8ftP7358-2rWH_717tsbjyQIoSJhgjHpIYKkg8XM7B8YE6M1rj0zdc3I7BEg2k7f7BFoO91Jb2giaf9jpwc73dnp2h8S1KtGYF0PNCvoYodLnyvCx0pYllnRF8Xtdtv-910MMpFuRSbqcGATPH7poJOMuTlzszhkuVo2w4K6Xu5GTIXNTcRURHq4i0gXkmaRqwjIQKayjCVfAT7zGegiiIDiKwwwgilVFKXX7UjNSKVZ0aQ599VzfGN3jE7IJr8BrHCvlA&v=c1&r=https%3A%2F%2Fwww.amazon.com%2Fgp%2Faw%2Fd%2FB0GF76KMQ1%3Fpd_rd_plhdr%3Dt%26hsa_cr_id%3D0%26qid%3D1786417407%26sr%3D1-5-5a5562f9-fdfd-4101-9f9d-d76aa9998432%26i%3Daps%26aref%3DY6yF3C3hdP&ref_=sbx__sbtcd2_asin_4_bkgd&pd_rd_w=CTrjV&content-id=amzn1.sym.90f77631-9599-4fe0-95f8-a40adfe1c762%3Aamzn1.sym.90f77631-9599-4fe0-95f8-a40adfe1c762&pf_rd_p=90f77631-9599-4fe0-95f8-a40adfe1c762&pf_rd_r=7DZ3P2TFS2YD5GMVSGEV&pd_rd_wg=gEpFz&pd_rd_r=d5d7c367-f21d-413a-90dc-a5f21132c4a6,"https://m.media-amazon.com/images/I/71432FcOFsL._AC_SR322,134_CB1169409_QL70_.jpg",54,排名进入前30；价格处于人民币等值¥57.60-¥180.00黄金区间；评分达到4.0以上。
2026-08-11,amazon_us,product,search,women slides,20,shevalues,¥143.93,4.2,shevalues,,,,,,https://www.amazon.com/shevalues-Comfort-Sandals-Support-Adjustable/dp/B0GG1VL4SZ/ref=sr_1_7?dib=eyJ2IjoiMSJ9.XNUAwuHHUjfeyM66sI3Ar2i2YhWFGPDhIr7DP0b3eG8-VANXGYZCqTKGXsG6CO9Hc5VCc8_0p8bxz50uqu1gVLMaWuGoVbkR_BYyQlf9jNCRzjnLsarK2G8uEZVMPMEy6WVzpFL99XUMr8ciE6oyQmbHkSgown4NGrOI4h2jSCiiS4W1a1HgRkRbo24Ew7Wk8r-CaUZ0eiIUl7RktsMs7hA-n3XoOt-EFkNRTs7wvDzV5a_88aolieSmjpo3_dkQkDVFJroJ1gxmX6hJybKfKYY-j24qPbTwoNia_yt3IQw.Do3X_IyxDz1NgRkjykhyITmjSWv78X55939k5B_dmNE&dib_tag=se&keywords=women+slides&qid=1786417408&sr=8-7,https://m.media-amazon.com/images/I/71N1gcg2qHL._AC_UL320_.jpg,54,排名进入前30；价格处于人民币等值¥57.60-¥180.00黄金区间；评分达到4.0以上。
2026-08-11,amazon_us,product,search,platform sandals women,13,Goosecret,¥136.73,4.2,Goosecret,,,,,,https://www.amazon.com/Goosecret-Platform-Lightweight-Comfortable-Adjustable/dp/B0CZ75N4PP/ref=sr_1_5?dib=eyJ2IjoiMSJ9.JGk5YzWo4YO7-puRDmTMUJkZXwC3U2tW3QWYWUBMAYsPb83jjm0z8AQ_mPQ7Y3S_f3SEZd3I5OvYncpX2A4ywVCr28NXhJvBI4kc_PtVZpFQLiuWX6cQpAvYyr5eD17Kg-f9x-gPkMeqLY8MVOjrbcKLCZFRFk7ir0rV-F9w9UwvBarOCNNgIy9w2aE4AliBESSxwL6VpwQZ185FDNk3UCxIh2wBq-9z3gR0QI0wDh4TvVdRN95oFEWh-895J3IOcgSlciTRBp8A-G3myH1DE1NGwAxdVVkz226K5unBUYk.CUOnrJX7fMzSVD3RVv5jkwsE4qTUnyjWMXRXncm7ci0&dib_tag=se&keywords=platform+sandals+women&qid=1786417408&sr=8-5,https://m.media-amazon.com/images/I/61l3YNTRtgL._AC_UL320_.jpg,54,排名进入前30；价格处于人民币等值¥57.60-¥180.00黄金区间；评分达到4.0以上。
2026-08-11,amazon_us,product,new_releases,New Releases Women Sandals,22,shevalues Women's Flip Flops Mild Arch Support Comfortable Thong Sandals | Yoga Mat Footbed Lightweight Summer Beach Walking Slides,,3.8,$9.99,,,,,,https://www.amazon.com/shevalues-Womens-Support-Comfortable-Sandals/dp/B0GVJY1R7G/ref=zg_bsnr_g_679425011_d_sccl_22/133-0567473-1440741?psc=1,"https://images-na.ssl-images-amazon.com/images/I/51Q0RjuKlEL._AC_UL600_SR600,400_.jpg",53,排名进入前30；标题包含 comfort、arch support、beach、summer，符合美国女鞋舒适化趋势。
2026-08-11,amazon_us,product,new_releases,New Releases Women Sandals,1,"CUSHIONAIRE Java Casual Womens Jelly Flats with Adjustable Strap, Closed Toe Mary Janes Mule Design, Waterproof Jelly Sandals for Women",,4.3,$34.99,,,,,,https://www.amazon.com/CUSHIONAIRE-Casual-Adjustable-Waterproof-Sandals/dp/B0H4MJCG6Z/ref=zg_bsnr_g_679425011_d_sccl_1/133-0567473-1440741?psc=1,"https://images-na.ssl-images-amazon.com/images/I/713AgXedTJL._AC_UL600_SR600,400_.jpg",52,排名靠前；评分达到4.3以上。
2026-08-11,amazon_us,product,search,women slides,21,CUSHIONAIRE,¥184.61,4.4,CUSHIONAIRE,,,,,,https://www.amazon.com/CUSHIONAIRE-Womens-Feather-recovery-Comfort/dp/B0BTQ7ZS7B/ref=sr_1_8?dib=eyJ2IjoiMSJ9.XNUAwuHHUjfeyM66sI3Ar2i2YhWFGPDhIr7DP0b3eG8-VANXGYZCqTKGXsG6CO9Hc5VCc8_0p8bxz50uqu1gVLMaWuGoVbkR_BYyQlf9jNCRzjnLsarK2G8uEZVMPMEy6WVzpFL99XUMr8ciE6oyQmbHkSgown4NGrOI4h2jSCiiS4W1a1HgRkRbo24Ew7Wk8r-CaUZ0eiIUl7RktsMs7hA-n3XoOt-EFkNRTs7wvDzV5a_88aolieSmjpo3_dkQkDVFJroJ1gxmX6hJybKfKYY-j24qPbTwoNia_yt3IQw.Do3X_IyxDz1NgRkjykhyITmjSWv78X55939k5B_dmNE&dib_tag=se&keywords=women+slides&qid=1786417408&sr=8-8,https://m.media-amazon.com/images/I/81PBXKFp76L._AC_UL320_.jpg,52,排名进入前30；价格处于人民币等值¥180.00-¥288.00区间；评分达到4.3以上。
2026-08-11,amazon_us,product,search,platform sandals women,1,Sorel Women's Ona Ave T-Toe Sneaker Sorel Women's Ona Ave T-Toe Sneaker,¥594.00,4.2,,,,,,,https://aax-us-east-retail-direct.amazon.com/x/c/JMu_eTaKZgChztncty7WEzUAAAGf7sZqfQEAAAH2AQBvbm9fdHhuX2JpZDUgICBvbm9fdHhuX2ltcDIgICADx9_X/clv1c_ek-IBfHXKrTWXmxht4lh7WbeGXTDGuQVCRLLt4nxuw83CRWzMFgF7BTsld0UXZcfoYXO4BnE-muhsxIHmwJ3UF86s1mzC4OLVwUg_9jsmtRVn4kDWUg7BGX-monV592ZCNxmldqpc02zLiw4JPBlwtHO-P0ckFrykc70l3cLz4U5FYMhbJXyTBhBZinvvKDZtK7VnlhTD2eJVql-vXCYVE6yL9eXrESKVcjVtZtVySpEtQ9dC0gN1-FshCwg9gp67m8cGl1D3eejQUFW2DtzKNIAIHuJZVNpIsCnwSPXYuKeEOE7S8sb3UibPoh4XAjQHKnUhH41MCUDI08HWiec5HC8bGeoTMbdn_-3p9MiKoGOZqJJitIY5WYqANi3XbPflUKSlDrgAQhjAovrrR32dOZRCSGGqNqjTpxl8KuOMrgYtBKtoxS--yiQiD8jaSqLT3RHcNIwjE8x1t_SrnQ9jUpSpq64SBYCD5oRXjs7PWlddfom0dGlBSlh4cuEVWblwsvPo7bIg12PRhJ4I-UsxTPmtFzbOUwWJQ21dTPY3F2ywrnh5MU5FiHTfyMTDzrHe63uIMOUgZpDUonW3kofs89GGUER2rBGOtExg8SNpajaUetGnych4khCLHPG3lL-bgF_3aQ7i3xf0MB6uuApjOy25G1C6flzpAG0vAsbfYndTDFhIW8SOZToTZ16SG86gE2JeO8N3lLqtKzHX0fKKn1a1ofCuequ3M6F3PWijpCn0l6fOYpYlHWcCmaAo3oGqgT5QwLN31h3preNUdMBmzTFn-y_-HPAU8GW-nVX2e0Xi2CyEHZAjvIl4KfKxO6V0wxSpoU-fZuF_KFCvNaLxnQ_m3T5h6Ad9pmDowxjreWlOPln4BRFN9YzbVew5Sw25NEmi0_4pWL-F6rjqpoi44WAKmiUXU1wEyu97_YSdEfilVawsHf5gdgOfySH2d94IZkl_COQW-SoQ7bEv35_MqbEmUp0CM3AcNa0z8XtLqVtKe3IcZ-nHgdfIgG5XaVEUUD0ln1wTDTIfFOFvEAOMZGOK17pFESloSQAbGm06Gl0AuwXHrFrb3r8iRg1xbeMYqj3aoQiILEtsn5ocTIhIDs7he3rJ427wWKvrOWP8PEvNjP4KvEOqpLStfdPQN-QdBVvLd_Ej_OxriziKuLeiUOmoZ_eEvUp_TJrYXGI1cH_za22z7QHINPcenKk-7GPAAjS9OejBAKqEyvMvLOx502-PDy_u8n21R-IZwyrLHYRO_95zlV8NwCRfRrKxRpCS0CMVpmB690fnPlHLCFG_no7LnF0z0IU3RYTJNgzivdoTdt0D_1d2IYYWhg1XeygY-lwqEE8njbAdOoopc1aH8Trg-T-0XZcNgfmSNz3bCJQNs0W0ylZEMosvTnnyylYnOPdtpnxoWY1VZbAFHj6vGSoybRoOf3bUhfOK0EJTsCEgL3oIV6e9zWSYJhcHbu7ZlC83B4YApYpTS3UBCun1jRlX1lYavsBUIWg_OltnDe9TzJybykmdvQ5Ch2Mar-MFNv0Lyfr55llrJzqqV8XeK8ZpOL_m47mlPCL82OG6zmOk0EgfTAoBScl7Ccc_iD9cxazsRPwL2tNmm5aP__TWAn5w7XEUJGaY24g58hCQOUqyN28xJI8hU0B54pTUxM7-KmMOvej84MtKVZFd5CNfUi5hTi8Y85jJiU/https://www.amazon.com/gp/aw/d/B0F8CMP4J6/?_encoding=UTF8&pd_rd_plhdr=t&aaxitk=b8fdff5d0a92fb43ad129171fd02a1a5&hsa_cr_id=0&qid=1786417408&sr=1-1-9e67e56a-6f64-441f-a281-df67fc737124&i=aps&aref=rDDkVfxPg8&ref_=sbx__sbtcd_asin_0_bkgd&pd_rd_w=gVXmd&content-id=amzn1.sym.8de9b3d5-f5c5-40e9-9b39-d65f08d6ea68%3Aamzn1.sym.8de9b3d5-f5c5-40e9-9b39-d65f08d6ea68&pf_rd_p=8de9b3d5-f5c5-40e9-9b39-d65f08d6ea68&pf_rd_r=55G7JDVD51SYY10ZJ32N&pd_rd_wg=3ExQx&pd_rd_r=589e3ddc-eb87-48c9-bb70-5711cf196e87,"https://m.media-amazon.com/images/I/71Gjc0LInbL._AC_SR160,134_CB1169409_QL70_.jpg",52,排名靠前；价格高于人民币等值¥288.00；评分达到4.0以上。
2026-08-11,amazon_us,product,search,platform sandals women,12,Soda,¥201.89,4.5,Soda,,,,,,https://www.amazon.com/Soda-Buckle-Espadrilles-Flatform-Casual/dp/B0C5S26DHB/ref=sr_1_4?dib=eyJ2IjoiMSJ9.JGk5YzWo4YO7-puRDmTMUJkZXwC3U2tW3QWYWUBMAYsPb83jjm0z8AQ_mPQ7Y3S_f3SEZd3I5OvYncpX2A4ywVCr28NXhJvBI4kc_PtVZpFQLiuWX6cQpAvYyr5eD17Kg-f9x-gPkMeqLY8MVOjrbcKLCZFRFk7ir0rV-F9w9UwvBarOCNNgIy9w2aE4AliBESSxwL6VpwQZ185FDNk3UCxIh2wBq-9z3gR0QI0wDh4TvVdRN95oFEWh-895J3IOcgSlciTRBp8A-G3myH1DE1NGwAxdVVkz226K5unBUYk.CUOnrJX7fMzSVD3RVv5jkwsE4qTUnyjWMXRXncm7ci0&dib_tag=se&keywords=platform+sandals+women&qid=1786417408&sr=8-4,https://m.media-amazon.com/images/I/71q-Jp+UEkL._AC_UL320_.jpg,52,排名进入前30；价格处于人民币等值¥180.00-¥288.00区间；评分达到4.3以上。
2026-08-11,amazon_us,product,best_sellers,Best Sellers Women Sandals,14,"CUSHIONAIRE Luna Sandals for Women, Cork Footbed Womens Sandals for Summer Comfort with Adjustable Straps, Wide Width Available",,4.5,$33.23,,,,,,https://www.amazon.com/CUSHIONAIRE-Next-Womens-Slide-Sandals-Brown/dp/B073XSLL5P/ref=zg_bs_g_679425011_d_sccl_14/142-7760405-0885639?psc=1,"https://images-na.ssl-images-amazon.com/images/I/81TDeaArVJL._AC_UL600_SR600,400_.jpg",51,排名进入前30；标题包含 comfort、summer，符合美国女鞋舒适化趋势；评分达到4.3以上。
2026-08-11,amazon_us,product,best_sellers,Best Sellers Women Sandals,17,KuaiLu Womens Fashion Orthotic Slides Arch Support Slip On Walking Sandals | Ladies Lightweight Athletic Yoga Mat Thick Cushion Slippers Sandals With Comfortable Plantar Fasciitis,,4.0,$25.99,,,,,,https://www.amazon.com/Orthotic-Lightweight-Athletic-Comfortable-Fasciitis/dp/B092ZT26V3/ref=zg_bs_g_679425011_d_sccl_17/142-7760405-0885639?psc=1,"https://images-na.ssl-images-amazon.com/images/I/71Rxka3CPTL._AC_UL600_SR600,400_.jpg",51,排名进入前30；标题包含 comfort、arch support，符合美国女鞋舒适化趋势；评分达到4.0以上。
2026-08-11,amazon_us,product,new_releases,New Releases Women Sandals,16,"UBFEN Womens Flat Sandals T-Strap Thong Sandals with Arch Support | Braided Upper, Lightweight, Comfortable for Walking, Flip Flop with Back Elastic Strap",,4.1,$29.99,,,,,,https://www.amazon.com/UBFEN-Womens-Sandals-T-Strap-Support/dp/B0H17RQHQX/ref=zg_bsnr_g_679425011_d_sccl_16/133-0567473-1440741?psc=1,"https://images-na.ssl-images-amazon.com/images/I/814WWPR2TOL._AC_UL600_SR600,400_.jpg",51,排名进入前30；标题包含 comfort、arch support，符合美国女鞋舒适化趋势；评分达到4.0以上。
2026-08-11,amazon_us,product,new_releases,New Releases Women Sandals,25,IDIFU Flat Sandals for Women Dressy Comfortable Summer Beach Cute Vacation Slip On Slides Open Round Toe Cute Casual Fashion Sandals,,4.1,$9.99,,,,,,https://www.amazon.com/IDIFU-Sandals-Comfortable-Vacation-Fashion/dp/B0GXTNM6ZP/ref=zg_bsnr_g_679425011_d_sccl_25/133-0567473-1440741?psc=1,"https://images-na.ssl-images-amazon.com/images/I/61ZkRv44rTL._AC_UL600_SR600,400_.jpg",51,排名进入前30；标题包含 comfort、beach、summer，符合美国女鞋舒适化趋势；评分达到4.0以上。
2026-08-11,amazon_us,product,search,women slides,2,CUSHIONAIRE Pool Slides for Women Water Resistant Double Buckle Adjustable Slip-On Womens Sandals for Beach Shower Casual Wear CUSHIONAIRE Pool Slides for Women Water Resistant Do…,¥323.93,3.8,,,,,,,https://aax-us-east-retail-direct.amazon.com/x/c/JOZXLlS5FJ8SyRc7juNqqlkAAAGf7sZqRQEAAAH2AQBvbm9fdHhuX2JpZDMgICBvbm9fdHhuX2ltcDIgICCAHYWJ/clv1c_ek-IBPHXKrTWnuOrE88nb8h9mFkzDJq0ElxcrtFmz964PNEvxNea9_XDU43igEeqxZP6HsDL96bDFtkWaaQRo3-7P8ip1Dgcv-s3GjbGWN1wkzT7iCZnwGvwUnn0olQJJ7zf2QrMM6ftolGzCczFneHn-J2dn2n6EmEg7_Ss2pMnqUoZOamuudp88RlueNzOgECH7N-m3IXEzsJZu3jBdapb_jo2UCrSDc6qgKu6FinNaDjaAY164fAiQM5X7U9F8f_kK8mCNosKd5eMbZ3YbMKPIYqZia3Ahj8gpoBNz3pnTszis5SLkqKKAaD9wXGcmbTMjpExzKIWWxc0kU0Dk_ZLu7QEtT_nK0zpahu17nWwtpW9AsRZPW5JK-_07KBVqKyuGxhH7mtfyl474J35nfonmsi01mur03yr8dzPlzsJsw_-rYolK5gQu9szwoWaqWF0KOTzHnyYfzfNBNFublNbGvUEVdmx30kWuoR1gxscDup8z97LNU-T_dlmAJU67dzMUb3lEYan4QDj-1J0Ng6WyIZq351ymv0Ibuo1_7eHNKVF5qsdtmWwXKb2EbkNgaF3a1SUhJCBSkPKfhiFfuhv7YqrOGa-Y4Hjs-NVGgV2h64yq4o-lmMHLpx2bTKfrvjiaYtDvLqroDSwtzTSFQU1IPLKV6YpJNrt1d5vl6y8f1Mt_swT6KSIDMjN0Q9IfKpb9n7za5_YGjykcz6JX0XdJse8GN4mTwMXzKigSFKLOZuiW6wMPl0Pm-MZBJuGjm04w5zafuWhyCOBXOzKRsaWShtBg2lfpfKSoRLj2KrUL9TtIZpc8SjNUMztn5I9JiJD7g4G4OfKaUuk4YLhbu2U14OobI0O3IVUdxSdpKZLl7ucYeWdAYrtmGdYwVqdIgZvXKZ8LVxDRLCYAlBWlYZeh5cc60r33_X4AsldSLKOO8DH21aUYOTr42bVFnR9kXSmVJ7QmQGHNaz43M8Vf7ajz6bsX9ExIDfDDfcPSC84c70rlOIXFb_AU3NC25CscewfhWkiclJZbAtw3bPtoDBFXgYuqVwec7INkzOJ9hR3KTXJJ1k18JqoronVZafR6CdN4U2Iit_nHbUecwRnORPWv62N-nqTgRSp5cFPiIbp80D1BaJR9vK6Hz3ppjO5ARdF8zXd4PTMfbh5lJ5ZsDhsjEMo5VW0hBC0XRif4N2x9oUNkjYnAcTMFki194swhjR8JAVxp306E4HkVF-41S2zmDJLGWgLfXG3sr5igfMaPfE3qErypHzlzNSCrFFW0wfX78q9AfqCtx-PwdTAaliA3s7RAbO7rTF5mRcwA5AO9effvJhBxgPVoNOdI2E4ByHi6bDR9-so5WX6aJF1ACyhLjRe1hmFHyu2uTpAoVb9zbb05E8Cwo8aumF1k_Sxc9s9hsAoRA17F9XUAczwEETX9NZUk1UAgUOI0N-sXt4oDdOxmFMfuiJaCxaZHNJo0Rt2JQtfTvHVxTjrn6LDlYtUljGgPPji4PpLtb-a4R9mGpFozvJR5ThoCstYCR-C0lVP4la7fsGmK2TF7wz8YocwtUEdi7lNPLcXbBcbY9VbbOmzVBhBHKoy1-f8bJrK7UMcpobqZF2OE7sc0UPURZ3gyBSmKas-qZuwreVC0FY1CKwkirGDkAzNA1_J2Xh-bT4VD_tP8Kp_FiazgmVQNSXkWhAydblRGkjzwVw/https://www.amazon.com/gp/aw/d/B0GXHKZW5C/?_encoding=UTF8&pd_rd_plhdr=t&aaxitk=44dd0c4cb7639509caffa28e339187a6&hsa_cr_id=0&qid=1786417408&sr=1-2-9e67e56a-6f64-441f-a281-df67fc737124&i=aps&aref=5sJdcvgD2v&ref_=sbx__sbtcd_asin_1_bkgd&pd_rd_w=mEElF&content-id=amzn1.sym.8de9b3d5-f5c5-40e9-9b39-d65f08d6ea68%3Aamzn1.sym.8de9b3d5-f5c5-40e9-9b39-d65f08d6ea68&pf_rd_p=8de9b3d5-f5c5-40e9-9b39-d65f08d6ea68&pf_rd_r=CZENM1X5NZAD1GDJ4JNT&pd_rd_wg=ghJNr&pd_rd_r=e09eccb3-c4c9-40c7-ab69-2df630f2512d,"https://m.media-amazon.com/images/I/71NStLIJ8SL._AC_SR160,134_CB1169409_QL70_.jpg",51,排名靠前；价格高于人民币等值¥288.00；标题包含 beach，符合美国女鞋舒适化趋势。
2026-08-11,amazon_us,product,search,women slides,41,Slides for Women and Men Arch Support Slide Sandals Slip Resistant Shower Slippers Cushioned Pool Slides,¥122.33,4.1,100+ bought in past month,,,,,,https://www.amazon.com/VIVASUN-Unisex-Support-Cushioned-Sandals/dp/B0H8CX577D/ref=sr_1_18?dib=eyJ2IjoiMSJ9.XNUAwuHHUjfeyM66sI3Ar2i2YhWFGPDhIr7DP0b3eG8-VANXGYZCqTKGXsG6CO9Hc5VCc8_0p8bxz50uqu1gVLMaWuGoVbkR_BYyQlf9jNCRzjnLsarK2G8uEZVMPMEy6WVzpFL99XUMr8ciE6oyQmbHkSgown4NGrOI4h2jSCiiS4W1a1HgRkRbo24Ew7Wk8r-CaUZ0eiIUl7RktsMs7hA-n3XoOt-EFkNRTs7wvDzV5a_88aolieSmjpo3_dkQkDVFJroJ1gxmX6hJybKfKYY-j24qPbTwoNia_yt3IQw.Do3X_IyxDz1NgRkjykhyITmjSWv78X55939k5B_dmNE&dib_tag=se&keywords=women+slides&qid=1786417408&sr=8-18,https://m.media-amazon.com/images/I/71DfPnwadBL._AC_UL320_.jpg,50,排名进入前50；评论数达到50以上；价格处于人民币等值¥57.60-¥180.00黄金区间；标题包含 arch support，符合美国女鞋舒适化趋势；评分达到4.0以上。
2026-08-11,amazon_us,product,search,platform sandals women,26,Project Cloud,¥359.28,4.0,Project Cloud,,,,,,https://www.amazon.com/Project-Cloud-Genuine-Leather-Platform/dp/B0FWTY6D77/ref=sr_1_10?dib=eyJ2IjoiMSJ9.JGk5YzWo4YO7-puRDmTMUJkZXwC3U2tW3QWYWUBMAYsPb83jjm0z8AQ_mPQ7Y3S_f3SEZd3I5OvYncpX2A4ywVCr28NXhJvBI4kc_PtVZpFQLiuWX6cQpAvYyr5eD17Kg-f9x-gPkMeqLY8MVOjrbcKLCZFRFk7ir0rV-F9w9UwvBarOCNNgIy9w2aE4AliBESSxwL6VpwQZ185FDNk3UCxIh2wBq-9z3gR0QI0wDh4TvVdRN95oFEWh-895J3IOcgSlciTRBp8A-G3myH1DE1NGwAxdVVkz226K5unBUYk.CUOnrJX7fMzSVD3RVv5jkwsE4qTUnyjWMXRXncm7ci0&dib_tag=se&keywords=platform+sandals+women&qid=1786417408&sr=8-10,https://m.media-amazon.com/images/I/916xAlSTTDL._AC_UL320_.jpg,50,排名进入前30；价格高于人民币等值¥288.00；标题包含 cloud，符合美国女鞋舒适化趋势；评分达到4.0以上。
2026-08-11,amazon_us,product,best_sellers,Best Sellers Women Sandals,44,The Drop Women's Avery,,4.2,"11,514",,,,,,https://www.amazon.com/Drop-Womens-Avery-Square-Heeled/dp/B08Q5G3JPB/ref=zg_bs_g_679425011_d_sccl_44/142-7760405-0885639?psc=1,"https://images-na.ssl-images-amazon.com/images/I/61f6z+X4CbL._AC_UL300_SR300,200_.jpg",49,排名进入前50；评论数高；评分达到4.0以上。
2026-08-11,amazon_us,product,search,platform sandals women,30,EQAUDES,¥273.53,4.1,EQAUDES,,,,,,https://www.amazon.com/EQAUDES-Platform-Espadrille-Sandals-Flatform/dp/B0BS6R3NX1/ref=sr_1_14?dib=eyJ2IjoiMSJ9.JGk5YzWo4YO7-puRDmTMUJkZXwC3U2tW3QWYWUBMAYsPb83jjm0z8AQ_mPQ7Y3S_f3SEZd3I5OvYncpX2A4ywVCr28NXhJvBI4kc_PtVZpFQLiuWX6cQpAvYyr5eD17Kg-f9x-gPkMeqLY8MVOjrbcKLCZFRFk7ir0rV-F9w9UwvBarOCNNgIy9w2aE4AliBESSxwL6VpwQZ185FDNk3UCxIh2wBq-9z3gR0QI0wDh4TvVdRN95oFEWh-895J3IOcgSlciTRBp8A-G3myH1DE1NGwAxdVVkz226K5unBUYk.CUOnrJX7fMzSVD3RVv5jkwsE4qTUnyjWMXRXncm7ci0&dib_tag=se&keywords=platform+sandals+women&qid=1786417408&sr=8-14,https://m.media-amazon.com/images/I/81juIfWU4pL._AC_UL320_.jpg,49,排名进入前30；价格处于人民币等值¥180.00-¥288.00区间；评分达到4.0以上。
2026-08-11,amazon_us,product,best_sellers,Best Sellers Women Sandals,37,"Litfun Unisex Cork Footbed Sandals Summer Slip On Slides for Women Men | Adjustable Buckle, Comfortable Sandals With Arch Support, Beach Casual Style",,4.6,$21.98,,,,,,https://www.amazon.com/Litfun-Womens-Footbed-Sandals-Adjustable/dp/B0DZ6MG247/ref=zg_bs_g_679425011_d_sccl_37/142-7760405-0885639?psc=1,"https://images-na.ssl-images-amazon.com/images/I/81XXLyFZLVL._AC_UL300_SR300,200_.jpg",48,排名进入前50；标题包含 comfort、arch support、beach、summer，符合美国女鞋舒适化趋势；评分达到4.6以上。
2026-08-11,amazon_us,product,new_releases,New Releases Women Sandals,6,"CUSHIONAIRE Aqua Jelly Flip Flops for Women | Jelly Shoes Glossy Upper, Slip-On Thong Design, Open Round Toe, Quick-Dry Beach and Pool Friendly, Travel-Ready Resort Style",,3.1,$29.99,,,,,,https://www.amazon.com/CUSHIONAIRE-Jelly-Flops-Women-WHISKEY/dp/B0H6BZ1LDG/ref=zg_bsnr_g_679425011_d_sccl_6/133-0567473-1440741?psc=1,"https://images-na.ssl-images-amazon.com/images/I/71kD+7wQXQL._AC_UL600_SR600,400_.jpg",48,排名靠前；标题包含 beach，符合美国女鞋舒适化趋势。
2026-08-11,amazon_us,product,new_releases,New Releases Women Sandals,18,"DREAM PAIRS Women's Stiletto Kitten Heeled Sandals | Pointed Open Toe Chunky Block Heels, Heeled Sandals Wedding Bridal Party, 3.78-inch stiletto heel Comfortable Shoes",,4.5,$37.99,,,,,,https://www.amazon.com/DREAM-PAIRS-Womens-Stiletto-Sandals/dp/B0H2TRRXXQ/ref=zg_bsnr_g_679425011_d_sccl_18/133-0567473-1440741?psc=1,"https://images-na.ssl-images-amazon.com/images/I/61xj+RP20CL._AC_UL600_SR600,400_.jpg",48,排名进入前30；标题包含 comfort，符合美国女鞋舒适化趋势；评分达到4.3以上。
2026-08-11,amazon_us,product,new_releases,New Releases Women Sandals,24,adidas Womens Adilette Comfort 2.0 Slides Casual Sandals Casual - White,,4.3,$26.25,,,,,,https://www.amazon.com/adidas-Womens-Adilette-Comfort-Metallic/dp/B0F33YVXNJ/ref=zg_bsnr_g_679425011_d_sccl_24/133-0567473-1440741?psc=1,"https://images-na.ssl-images-amazon.com/images/I/51KXzkGNdgL._AC_UL600_SR600,400_.jpg",48,排名进入前30；标题包含 comfort，符合美国女鞋舒适化趋势；评分达到4.3以上。
2026-08-11,amazon_us,product,new_releases,New Releases Women Sandals,26,"DREAM PAIRS Women's Kitten Low Heel Ankle Strap Sandals | Square Open Toe Summer Sandals, Comfortable for Women 2026 Fashion Dress Wedding Party Shoes",,4.2,$32.99,,,,,,https://www.amazon.com/DREAM-PAIRS-Womens-Kitten-Sandals/dp/B0GY3QTZY6/ref=zg_bsnr_g_679425011_d_sccl_26/133-0567473-1440741?psc=1,"https://images-na.ssl-images-amazon.com/images/I/61n6gngVKOL._AC_UL600_SR600,400_.jpg",48,排名进入前30；标题包含 comfort、summer，符合美国女鞋舒适化趋势；评分达到4.0以上。
2026-08-11,amazon_us,product,search,women slides,19,Coach,¥684.00,4.6,Coach,,,,,,https://www.amazon.com/Coach-Womens-Udele-Slide-Tan/dp/B07PGQ6GGP/ref=sr_1_6?dib=eyJ2IjoiMSJ9.XNUAwuHHUjfeyM66sI3Ar2i2YhWFGPDhIr7DP0b3eG8-VANXGYZCqTKGXsG6CO9Hc5VCc8_0p8bxz50uqu1gVLMaWuGoVbkR_BYyQlf9jNCRzjnLsarK2G8uEZVMPMEy6WVzpFL99XUMr8ciE6oyQmbHkSgown4NGrOI4h2jSCiiS4W1a1HgRkRbo24Ew7Wk8r-CaUZ0eiIUl7RktsMs7hA-n3XoOt-EFkNRTs7wvDzV5a_88aolieSmjpo3_dkQkDVFJroJ1gxmX6hJybKfKYY-j24qPbTwoNia_yt3IQw.Do3X_IyxDz1NgRkjykhyITmjSWv78X55939k5B_dmNE&dib_tag=se&keywords=women+slides&qid=1786417408&sr=8-6,https://m.media-amazon.com/images/I/71BQOaIl59L._AC_UL320_.jpg,48,排名进入前30；价格高于人民币等值¥288.00；评分达到4.6以上。
2026-08-11,amazon_us,product,new_releases,New Releases Women Sandals,23,Noctivelle Women Jelly Shoes Clear Mesh Flat Sandal V-Shaped Breathable Comfort Slip On Waterproof Transparent Summer Beach Pool Ballet Flats,,3.8,$19.99,,,,,,https://www.amazon.com/Noctivelle-Women-Clear-Flat-Transparent/dp/B0H2TVZVVS/ref=zg_bsnr_g_679425011_d_sccl_23/133-0567473-1440741?psc=1,"https://images-na.ssl-images-amazon.com/images/I/71XZbrymaBL._AC_UL600_SR600,400_.jpg",47,排名进入前30；标题包含 comfort、beach、summer，符合美国女鞋舒适化趋势。
2026-08-11,amazon_us,product,new_releases,New Releases Women Sandals,21,"CUSHIONAIRE Ferry Espadrille Wedge Sandals for Women, Thong Platform Flip Flops with Cross Strap and Slip-On Design",,3.8,$49.99,,,,,,https://www.amazon.com/CUSHIONAIRE-Espadrille-Sandals-Platform-Design/dp/B0H42V7M96/ref=zg_bsnr_g_679425011_d_sccl_21/133-0567473-1440741?psc=1,"https://images-na.ssl-images-amazon.com/images/I/81rI8wTUKAL._AC_UL600_SR600,400_.jpg",46,排名进入前30；标题包含 platform、wedge，符合美国女鞋舒适化趋势。
2026-08-11,amazon_us,product,best_sellers,Best Sellers Women Sandals,11,"WHITIN Women's Slides with Cushioned Thick Sole Slippers for Home Wear Y13 | Comfort for Daily Wear, Waterproof & Easy to Clean, Indoor & Outdoor Versatility, Lightweight EVA for All-Day",,4.2,$9.99,,,,,,https://www.amazon.com/WHITIN-Slippers-Sandals-Fashionable-Lightweight/dp/B0C1C3MKLF/ref=zg_bs_g_679425011_d_sccl_11/142-7760405-0885639?psc=1,"https://images-na.ssl-images-amazon.com/images/I/71nA8egRirL._AC_UL600_SR600,400_.jpg",45,排名进入前30；标题包含 comfort，符合美国女鞋舒适化趋势；评分达到4.0以上。
2026-08-11,amazon_us,product,best_sellers,Best Sellers Women Sandals,13,Clarks Women's Breeze Sea Flip-Flop,,4.7,$31.67,,,,,,https://www.amazon.com/Clarks-Womens-Breeze-Flip-Synthetic/dp/B01FH9EJCI/ref=zg_bs_g_679425011_d_sccl_13/142-7760405-0885639?psc=1,"https://images-na.ssl-images-amazon.com/images/I/61CUHH0LXiL._AC_UL600_SR600,400_.jpg",45,排名进入前30；评分达到4.6以上。
2026-08-11,amazon_us,product,best_sellers,Best Sellers Women Sandals,22,"Weweya Slides for Women Men Shower Shoes House Slippers Beach Sandals | Bathroom, Non Slip, Lightweight",,4.4,$9.99,,,,,,https://www.amazon.com/Weweya-Shower-Bathroom-Slippers-Sandals/dp/B0F1XJ9TM4/ref=zg_bs_g_679425011_d_sccl_22/142-7760405-0885639?psc=1,"https://images-na.ssl-images-amazon.com/images/I/718rk3GaK+L._AC_UL600_SR600,400_.jpg",45,排名进入前30；标题包含 beach，符合美国女鞋舒适化趋势；评分达到4.3以上。
2026-08-11,amazon_us,product,best_sellers,Best Sellers Women Sandals,26,Crocs Women's Brooklyn Low Wedge Sandals,,4.5,$41.21,,,,,,https://www.amazon.com/Crocs-Brooklyn-Low-Wedge-Black/dp/B07YQRHPBF/ref=zg_bs_g_679425011_d_sccl_26/142-7760405-0885639?psc=1,"https://images-na.ssl-images-amazon.com/images/I/7146HmICxBL._AC_UL600_SR600,400_.jpg",45,排名进入前30；标题包含 wedge，符合美国女鞋舒适化趋势；评分达到4.3以上。
2026-08-11,amazon_us,product,best_sellers,Best Sellers Women Sandals,40,Project Cloud 100% Genuine Leather Sandals Women Flats For Women (Jannel) | Sandals for Women Fashion Flat Womens Sandals with Memory Foam Insole Slides Sandals Footwear Mules Women's Sandals,,4.3,$49.90,,,,,,https://www.amazon.com/Project-Cloud-Fashion-Sandals-Women/dp/B0CQ712QY4/ref=zg_bs_g_679425011_d_sccl_40/142-7760405-0885639?psc=1,"https://images-na.ssl-images-amazon.com/images/I/71WxLxLw-rL._AC_UL300_SR300,200_.jpg",45,排名进入前50；标题包含 cloud，符合美国女鞋舒适化趋势；cloud + slides组合趋势加分；评分达到4.3以上。
2026-08-11,amazon_us,product,best_sellers,Best Sellers Women Sandals,43,KuaiLu Women's Rhinestone Flip Flops Arch Support Yoga Mat Cushion Sandals | Comfort Fashion Summer Beach Travel Orthotic Walking Thong Sandles Slip on Plantar Fasciitis Indoor Outdoor Shoes Size 5-11,,4.3,$15.99,,,,,,https://www.amazon.com/KuaiLu-Rhinestone-Comfort-Orthotic-Fasciitis/dp/B0DSKGBXR8/ref=zg_bs_g_679425011_d_sccl_43/142-7760405-0885639?psc=1,"https://images-na.ssl-images-amazon.com/images/I/71AzqGl1rjL._AC_UL300_SR300,200_.jpg",45,排名进入前50；标题包含 comfort、arch support、beach、summer，符合美国女鞋舒适化趋势；评分达到4.3以上。
2026-08-11,amazon_us,product,new_releases,New Releases Women Sandals,2,"CUSHIONAIRE Vita Jelly Sandals for Women, Casual Lightweight Womens Strappy Sandals with Adjustable Buckle Strap and Gold Hardware Accent",,3.6,$39.99,,,,,,https://www.amazon.com/CUSHIONAIRE-Sandals-Lightweight-Adjustable-Hardware/dp/B0H1Y94T1T/ref=zg_bsnr_g_679425011_d_sccl_2/133-0567473-1440741?psc=1,"https://images-na.ssl-images-amazon.com/images/I/81Uy6Bt6XaL._AC_UL600_SR600,400_.jpg",45,排名靠前。
2026-08-11,amazon_us,product,new_releases,New Releases Women Sandals,5,CUSHIONAIRE Riot Jelly Thong Kitten Heels for Women,,3.6,$39.99,,,,,,https://www.amazon.com/CUSHIONAIRE-Jelly-Thong-Kitten-CHOCOLATE/dp/B0H6C2T8B3/ref=zg_bsnr_g_679425011_d_sccl_5/133-0567473-1440741?psc=1,"https://images-na.ssl-images-amazon.com/images/I/71cl7MmlX-L._AC_UL600_SR600,400_.jpg",45,排名靠前。
2026-08-11,amazon_us,product,new_releases,New Releases Women Sandals,8,"CUSHIONAIRE Tory Strappy Flat Sandals for Women, Toe Ring Sandals with Adjustable Buckle Ankle Strap, Wrap Style",,3.5,$39.99,,,,,,https://www.amazon.com/CUSHIONAIRE-Strappy-Sandals-Adjustable-Buckle/dp/B0H42DFYZ8/ref=zg_bsnr_g_679425011_d_sccl_8/133-0567473-1440741?psc=1,"https://images-na.ssl-images-amazon.com/images/I/81hP4YBoUmL._AC_UL600_SR600,400_.jpg",45,排名靠前。
2026-08-11,amazon_us,product,new_releases,New Releases Women Sandals,30,IDIFU IN1 Kitten Flip Flop Heels for Women Square Open Toe Low Heel | Wedding Bride Graduation Party Slide Dress Shoes Comfortable Cute Trendy Casual Thong Slip On Strappy Low Heeled Sandals,,4.1,$28.99,,,,,,https://www.amazon.com/IDIFU-Black-Heels-Kitten-Square/dp/B0H33W2RR2/ref=zg_bsnr_g_679425011_d_sccl_30/133-0567473-1440741?psc=1,"https://images-na.ssl-images-amazon.com/images/I/61RO1a8KWKL._AC_UL600_SR600,400_.jpg",45,排名进入前30；标题包含 comfort，符合美国女鞋舒适化趋势；评分达到4.0以上。
2026-08-11,amazon_us,product,search,women summer slippers,49,womens Classic,¥122.26,5.0,"Price, product page $16.98 $ 16 . 98 List: $20.99 List: $20.99 $20.99",,,,,,https://www.amazon.com/Bunnycool-Slippers-Comfortable-Washable-Airplane/dp/B0DV3TQHTG/ref=sr_1_36?dib=eyJ2IjoiMSJ9.3B_wBrVg1UMy5tWehIloEqcJ9-aVDJ_nzHv3-WRd7oepZiUeX5Ssn7U0ro-W6pI_NAXX23yMdsXb5GF-rTQWCTNmkRhJ_05Be8EpFUSi4nqWjvKV9evO5SXGOm_UkavROWWEoLKGgC3FkYVbdw2AY9CbS_hwMSGMeiKyGg3omXxa9LcqTlT2j4GsodsANPVu7adBMC-495VGUo6aCZcPszp3qfI6Vz0oYiEF06t1gFywv9rPemdcIAZNlv0Eai5GfrP7EcrUmVLPIzhiP-sSNHP1-6qZlwBx2Ld15hdEfwk._bMqCHi2W3QluEzRLChy7cRCwdJ4loRbcgTm-6GwTEk&dib_tag=se&keywords=women+summer+slippers&qid=1786417407&sr=8-36,https://m.media-amazon.com/images/I/91VdpWKQ9wL._AC_UL320_.jpg,45,排名进入前50；价格处于人民币等值¥57.60-¥180.00黄金区间；评分达到4.6以上。
2026-08-11,amazon_us,product,search,platform sandals women,15,Crocs,¥296.71,4.5,Crocs,,,,,,https://www.amazon.com/Crocs-Brooklyn-Low-Wedge-Black/dp/B07YQRHTG4/ref=sr_1_7?dib=eyJ2IjoiMSJ9.JGk5YzWo4YO7-puRDmTMUJkZXwC3U2tW3QWYWUBMAYsPb83jjm0z8AQ_mPQ7Y3S_f3SEZd3I5OvYncpX2A4ywVCr28NXhJvBI4kc_PtVZpFQLiuWX6cQpAvYyr5eD17Kg-f9x-gPkMeqLY8MVOjrbcKLCZFRFk7ir0rV-F9w9UwvBarOCNNgIy9w2aE4AliBESSxwL6VpwQZ185FDNk3UCxIh2wBq-9z3gR0QI0wDh4TvVdRN95oFEWh-895J3IOcgSlciTRBp8A-G3myH1DE1NGwAxdVVkz226K5unBUYk.CUOnrJX7fMzSVD3RVv5jkwsE4qTUnyjWMXRXncm7ci0&dib_tag=se&keywords=platform+sandals+women&qid=1786417408&sr=8-7,https://m.media-amazon.com/images/I/7146HmICxBL._AC_UL320_.jpg,45,排名进入前30；价格高于人民币等值¥288.00；评分达到4.3以上。
2026-08-11,amazon_us,product,search,platform sandals women,28,REEF,¥352.80,4.4,REEF,,,,,,https://www.amazon.com/Reef-Sandals-Cushion-Platform-Footbed/dp/B07WWTCM9T/ref=sr_1_12?dib=eyJ2IjoiMSJ9.JGk5YzWo4YO7-puRDmTMUJkZXwC3U2tW3QWYWUBMAYsPb83jjm0z8AQ_mPQ7Y3S_f3SEZd3I5OvYncpX2A4ywVCr28NXhJvBI4kc_PtVZpFQLiuWX6cQpAvYyr5eD17Kg-f9x-gPkMeqLY8MVOjrbcKLCZFRFk7ir0rV-F9w9UwvBarOCNNgIy9w2aE4AliBESSxwL6VpwQZ185FDNk3UCxIh2wBq-9z3gR0QI0wDh4TvVdRN95oFEWh-895J3IOcgSlciTRBp8A-G3myH1DE1NGwAxdVVkz226K5unBUYk.CUOnrJX7fMzSVD3RVv5jkwsE4qTUnyjWMXRXncm7ci0&dib_tag=se&keywords=platform+sandals+women&qid=1786417408&sr=8-12,https://m.media-amazon.com/images/I/61Uv1VDRdFL._AC_UL320_.jpg,45,排名进入前30；价格高于人民币等值¥288.00；评分达到4.3以上。
2026-08-11,amazon_us,product,best_sellers,Best Sellers Women Sandals,32,"Reef Cushion Vista Hi Womens Platform Fashion Sandal, Arch Support, Ultra Soft Cushion Footbed",,4.4,$39.93,,,,,,https://www.amazon.com/Reef-Sandals-Cushion-Platform-Vintage/dp/B09TS1MY8S/ref=zg_bs_g_679425011_d_sccl_32/142-7760405-0885639?psc=1,"https://images-na.ssl-images-amazon.com/images/I/61wij8MIiAL._AC_UL300_SR300,200_.jpg",44,排名进入前50；标题包含 platform、arch support、soft，符合美国女鞋舒适化趋势；评分达到4.3以上。
2026-08-11,amazon_us,product,best_sellers,Best Sellers Women Sandals,27,Ankis Heels for Women Open Toe Ankle Strap Chunky Heel Sandals 2.75 Inch,,4.4,$26.99,,,,,,https://www.amazon.com/Ankis-Nude-Heels-Women-numeric_8/dp/B094CTB3TY/ref=zg_bs_g_679425011_d_sccl_27/142-7760405-0885639?psc=1,"https://images-na.ssl-images-amazon.com/images/I/71dUhT7TubL._AC_UL600_SR600,400_.jpg",42,排名进入前30；评分达到4.3以上。
2026-08-11,amazon_us,product,best_sellers,Best Sellers Women Sandals,31,"UBFEN Womens Hiking Sandals with Comfortable Arch Support | Lightweight, Adjustable Straps, Water Sandals for All-Day Wear, Beach, Vacation, Camping, Walking, Sport",,4.5,$39.97,,,,,,https://www.amazon.com/UBFEN-Sandals-Adjustable-Support-Vacation/dp/B0DQ7YQ2MD/ref=zg_bs_g_679425011_d_sccl_31/142-7760405-0885639?psc=1,"https://images-na.ssl-images-amazon.com/images/I/71kBI1vUNtL._AC_UL300_SR300,200_.jpg",42,排名进入前50；标题包含 comfort、arch support、beach，符合美国女鞋舒适化趋势；评分达到4.3以上。
2026-08-11,amazon_us,product,best_sellers,Best Sellers Women Sandals,42,"shevalues Women's Comfort EVA Sandals Medium Arch Support Beach Slides | Adjustable Double Buckle, Waterproof, Lightweight, Soft Cushioned, Non-slip, Slip-On",,4.2,$19.99,,,,,,https://www.amazon.com/shevalues-Comfort-Sandals-Support-Adjustable/dp/B0GG1VL4SZ/ref=zg_bs_g_679425011_d_sccl_42/142-7760405-0885639?psc=1,"https://images-na.ssl-images-amazon.com/images/I/71N1gcg2qHL._AC_UL300_SR300,200_.jpg",42,排名进入前50；标题包含 comfort、arch support、soft、beach，符合美国女鞋舒适化趋势；评分达到4.0以上。
2026-08-11,amazon_us,product,new_releases,New Releases Women Sandals,17,Caradise Jelly Mule Kitten Heel Sandals for Women Jelly Summer Shoes,,4.2,$49.99,,,,,,https://www.amazon.com/Caradise-Jelly-Kitten-Sandals-Summer/dp/B0H5PJ2WRN/ref=zg_bsnr_g_679425011_d_sccl_17/133-0567473-1440741?psc=1,"https://images-na.ssl-images-amazon.com/images/I/61GKR9y5HSL._AC_UL600_SR600,400_.jpg",42,排名进入前30；标题包含 summer，符合美国女鞋舒适化趋势；评分达到4.0以上。
2026-08-11,amazon_us,product,search,women summer slippers,34,VeraCosy,¥122.33,4.5,VeraCosy,,,,,,https://www.amazon.com/VeraCosy-Two-Tone-Slippers-Non-slip-Evening/dp/B0DCVZ52Y5/ref=sr_1_21?dib=eyJ2IjoiMSJ9.3B_wBrVg1UMy5tWehIloEqcJ9-aVDJ_nzHv3-WRd7oepZiUeX5Ssn7U0ro-W6pI_NAXX23yMdsXb5GF-rTQWCTNmkRhJ_05Be8EpFUSi4nqWjvKV9evO5SXGOm_UkavROWWEoLKGgC3FkYVbdw2AY9CbS_hwMSGMeiKyGg3omXxa9LcqTlT2j4GsodsANPVu7adBMC-495VGUo6aCZcPszp3qfI6Vz0oYiEF06t1gFywv9rPemdcIAZNlv0Eai5GfrP7EcrUmVLPIzhiP-sSNHP1-6qZlwBx2Ld15hdEfwk._bMqCHi2W3QluEzRLChy7cRCwdJ4loRbcgTm-6GwTEk&dib_tag=se&keywords=women+summer+slippers&qid=1786417407&sr=8-21,https://m.media-amazon.com/images/I/81RJZ2gB8sL._AC_UL320_.jpg,42,排名进入前50；价格处于人民币等值¥57.60-¥180.00黄金区间；评分达到4.3以上。
2026-08-11,amazon_us,product,search,women summer slippers,38,Dearfoams,¥129.53,4.3,Dearfoams,,,,,,https://www.amazon.com/Dearfoams-womens-Slipper-Dusty-Large/dp/B083VY1Q3M/ref=sr_1_25?dib=eyJ2IjoiMSJ9.3B_wBrVg1UMy5tWehIloEqcJ9-aVDJ_nzHv3-WRd7oepZiUeX5Ssn7U0ro-W6pI_NAXX23yMdsXb5GF-rTQWCTNmkRhJ_05Be8EpFUSi4nqWjvKV9evO5SXGOm_UkavROWWEoLKGgC3FkYVbdw2AY9CbS_hwMSGMeiKyGg3omXxa9LcqTlT2j4GsodsANPVu7adBMC-495VGUo6aCZcPszp3qfI6Vz0oYiEF06t1gFywv9rPemdcIAZNlv0Eai5GfrP7EcrUmVLPIzhiP-sSNHP1-6qZlwBx2Ld15hdEfwk._bMqCHi2W3QluEzRLChy7cRCwdJ4loRbcgTm-6GwTEk&dib_tag=se&keywords=women+summer+slippers&qid=1786417407&sr=8-25,https://m.media-amazon.com/images/I/716X6dZXCuL._AC_UL320_.jpg,42,排名进入前50；价格处于人民币等值¥57.60-¥180.00黄金区间；评分达到4.3以上。
2026-08-11,amazon_us,product,search,women summer slippers,40,GOEWY,¥129.53,4.4,GOEWY,,,,,,https://www.amazon.com/GOEWY-House-Slippers-Summer-Memory/dp/B0GVYCBV2P/ref=sr_1_27?dib=eyJ2IjoiMSJ9.3B_wBrVg1UMy5tWehIloEqcJ9-aVDJ_nzHv3-WRd7oepZiUeX5Ssn7U0ro-W6pI_NAXX23yMdsXb5GF-rTQWCTNmkRhJ_05Be8EpFUSi4nqWjvKV9evO5SXGOm_UkavROWWEoLKGgC3FkYVbdw2AY9CbS_hwMSGMeiKyGg3omXxa9LcqTlT2j4GsodsANPVu7adBMC-495VGUo6aCZcPszp3qfI6Vz0oYiEF06t1gFywv9rPemdcIAZNlv0Eai5GfrP7EcrUmVLPIzhiP-sSNHP1-6qZlwBx2Ld15hdEfwk._bMqCHi2W3QluEzRLChy7cRCwdJ4loRbcgTm-6GwTEk&dib_tag=se&keywords=women+summer+slippers&qid=1786417407&sr=8-27,https://m.media-amazon.com/images/I/71prwg4iI5L._AC_UL320_.jpg,42,排名进入前50；价格处于人民币等值¥57.60-¥180.00黄金区间；评分达到4.3以上。
2026-08-11,amazon_us,product,search,women summer slippers,48,Weweya,¥71.93,4.4,Weweya,,,,,,https://www.amazon.com/Weweya-Shower-Non-Slip-Outdoor-Sandals/dp/B0F1XTPHY8/ref=sr_1_35?dib=eyJ2IjoiMSJ9.3B_wBrVg1UMy5tWehIloEqcJ9-aVDJ_nzHv3-WRd7oepZiUeX5Ssn7U0ro-W6pI_NAXX23yMdsXb5GF-rTQWCTNmkRhJ_05Be8EpFUSi4nqWjvKV9evO5SXGOm_UkavROWWEoLKGgC3FkYVbdw2AY9CbS_hwMSGMeiKyGg3omXxa9LcqTlT2j4GsodsANPVu7adBMC-495VGUo6aCZcPszp3qfI6Vz0oYiEF06t1gFywv9rPemdcIAZNlv0Eai5GfrP7EcrUmVLPIzhiP-sSNHP1-6qZlwBx2Ld15hdEfwk._bMqCHi2W3QluEzRLChy7cRCwdJ4loRbcgTm-6GwTEk&dib_tag=se&keywords=women+summer+slippers&qid=1786417407&sr=8-35,https://m.media-amazon.com/images/I/61QGXLFgg+L._AC_UL320_.jpg,42,排名进入前50；价格处于人民币等值¥57.60-¥180.00黄金区间；评分达到4.3以上。
2026-08-11,amazon_us,product,search,women slides,40,Happy Lily,¥64.73,4.3,Happy Lily,,,,,,https://www.amazon.com/Slippers-Non-Slip-Shower-Sandals-Bathroom/dp/B01LYNR9VM/ref=sr_1_17?dib=eyJ2IjoiMSJ9.XNUAwuHHUjfeyM66sI3Ar2i2YhWFGPDhIr7DP0b3eG8-VANXGYZCqTKGXsG6CO9Hc5VCc8_0p8bxz50uqu1gVLMaWuGoVbkR_BYyQlf9jNCRzjnLsarK2G8uEZVMPMEy6WVzpFL99XUMr8ciE6oyQmbHkSgown4NGrOI4h2jSCiiS4W1a1HgRkRbo24Ew7Wk8r-CaUZ0eiIUl7RktsMs7hA-n3XoOt-EFkNRTs7wvDzV5a_88aolieSmjpo3_dkQkDVFJroJ1gxmX6hJybKfKYY-j24qPbTwoNia_yt3IQw.Do3X_IyxDz1NgRkjykhyITmjSWv78X55939k5B_dmNE&dib_tag=se&keywords=women+slides&qid=1786417408&sr=8-17,https://m.media-amazon.com/images/I/81oTjdeU9ZL._AC_UL320_.jpg,42,排名进入前50；价格处于人民币等值¥57.60-¥180.00黄金区间；评分达到4.3以上。
2026-08-11,amazon_us,product,search,women slides,42,KIDMI,¥151.13,4.5,KIDMI,,,,,,https://www.amazon.com/KIDMI-Genuine-Sandals-Footbed-Adjustable/dp/B0DQH21M77/ref=sr_1_19?dib=eyJ2IjoiMSJ9.XNUAwuHHUjfeyM66sI3Ar2i2YhWFGPDhIr7DP0b3eG8-VANXGYZCqTKGXsG6CO9Hc5VCc8_0p8bxz50uqu1gVLMaWuGoVbkR_BYyQlf9jNCRzjnLsarK2G8uEZVMPMEy6WVzpFL99XUMr8ciE6oyQmbHkSgown4NGrOI4h2jSCiiS4W1a1HgRkRbo24Ew7Wk8r-CaUZ0eiIUl7RktsMs7hA-n3XoOt-EFkNRTs7wvDzV5a_88aolieSmjpo3_dkQkDVFJroJ1gxmX6hJybKfKYY-j24qPbTwoNia_yt3IQw.Do3X_IyxDz1NgRkjykhyITmjSWv78X55939k5B_dmNE&dib_tag=se&keywords=women+slides&qid=1786417408&sr=8-19,https://m.media-amazon.com/images/I/81JaarSAG2L._AC_UL320_.jpg,42,排名进入前50；价格处于人民币等值¥57.60-¥180.00黄金区间；评分达到4.3以上。
2026-08-11,amazon_us,product,search,women slides,49,welltree,¥93.46,4.3,welltree,,,,,,https://www.amazon.com/welltree-Slippers-Non-Slip-Bathroom-Sandals/dp/B09JVKT6L8/ref=sr_1_26?dib=eyJ2IjoiMSJ9.XNUAwuHHUjfeyM66sI3Ar2i2YhWFGPDhIr7DP0b3eG8-VANXGYZCqTKGXsG6CO9Hc5VCc8_0p8bxz50uqu1gVLMaWuGoVbkR_BYyQlf9jNCRzjnLsarK2G8uEZVMPMEy6WVzpFL99XUMr8ciE6oyQmbHkSgown4NGrOI4h2jSCiiS4W1a1HgRkRbo24Ew7Wk8r-CaUZ0eiIUl7RktsMs7hA-n3XoOt-EFkNRTs7wvDzV5a_88aolieSmjpo3_dkQkDVFJroJ1gxmX6hJybKfKYY-j24qPbTwoNia_yt3IQw.Do3X_IyxDz1NgRkjykhyITmjSWv78X55939k5B_dmNE&dib_tag=se&keywords=women+slides&qid=1786417408&sr=8-26,https://m.media-amazon.com/images/I/51gpb9lx2LL._AC_UL320_.jpg,42,排名进入前50；价格处于人民币等值¥57.60-¥180.00黄金区间；评分达到4.3以上。
2026-08-11,amazon_us,product,search,women slides,45,adidas,¥211.90,4.6,adidas,,,,,,https://www.amazon.com/adidas-Unisex-Adilette-Comfort-Slides/dp/B091ZHRHCD/ref=sr_1_22?dib=eyJ2IjoiMSJ9.XNUAwuHHUjfeyM66sI3Ar2i2YhWFGPDhIr7DP0b3eG8-VANXGYZCqTKGXsG6CO9Hc5VCc8_0p8bxz50uqu1gVLMaWuGoVbkR_BYyQlf9jNCRzjnLsarK2G8uEZVMPMEy6WVzpFL99XUMr8ciE6oyQmbHkSgown4NGrOI4h2jSCiiS4W1a1HgRkRbo24Ew7Wk8r-CaUZ0eiIUl7RktsMs7hA-n3XoOt-EFkNRTs7wvDzV5a_88aolieSmjpo3_dkQkDVFJroJ1gxmX6hJybKfKYY-j24qPbTwoNia_yt3IQw.Do3X_IyxDz1NgRkjykhyITmjSWv78X55939k5B_dmNE&dib_tag=se&keywords=women+slides&qid=1786417408&sr=8-22,https://m.media-amazon.com/images/I/51uJnrrxC9L._AC_UL320_.jpg,40,排名进入前50；价格处于人民币等值¥180.00-¥288.00区间；评分达到4.6以上。
2026-08-11,amazon_us,product,best_sellers,Best Sellers Women Sandals,12,Havaianas Women's Slim Square Solid Flip Flops,,4.2,$25.70,,,,,,https://www.amazon.com/Havaianas-Womens-Square-Solid-Medium/dp/B0BBPX6J6F/ref=zg_bs_g_679425011_d_sccl_12/142-7760405-0885639?psc=1,"https://images-na.ssl-images-amazon.com/images/I/519tF5UFGFL._AC_UL600_SR600,400_.jpg",39,排名进入前30；评分达到4.0以上。
2026-08-11,amazon_us,product,best_sellers,Best Sellers Women Sandals,15,LULLASONG Women's Kitten Heels Sandals Square Open Toe Flip Flop Heels 1.8-2 Inch Heeled Sandals for Women,,4.1,$29.59,,,,,,https://www.amazon.com/LULLASONG-Womens-Kitten-Sandals-Square/dp/B0DCFSM597/ref=zg_bs_g_679425011_d_sccl_15/142-7760405-0885639?psc=1,"https://images-na.ssl-images-amazon.com/images/I/61aVZl7OhqL._AC_UL600_SR600,400_.jpg",39,排名进入前30；评分达到4.0以上。
2026-08-11,amazon_us,product,new_releases,New Releases Women Sandals,15,"CUSHIONAIRE Shana Clear Jelly Strap Heels for Women, Flared Kitten Heel Slide with Cushioned Footbed and Split Toe",,4.2,$49.98,,,,,,https://www.amazon.com/CUSHIONAIRE-Flared-Cushioned-Footbed-TORTOISE/dp/B0H2FR7D24/ref=zg_bsnr_g_679425011_d_sccl_15/133-0567473-1440741?psc=1,"https://images-na.ssl-images-amazon.com/images/I/71YZfL+oAFL._AC_UL600_SR600,400_.jpg",39,排名进入前30；评分达到4.0以上。
2026-08-11,amazon_us,product,search,women summer slippers,33,FRALOSHA,¥85.39,4.2,FRALOSHA,,,,,,https://www.amazon.com/FRALOSHA-Slippers-Breathable-Outdoor-Sandals/dp/B07FSG6P3M/ref=sr_1_20?dib=eyJ2IjoiMSJ9.3B_wBrVg1UMy5tWehIloEqcJ9-aVDJ_nzHv3-WRd7oepZiUeX5Ssn7U0ro-W6pI_NAXX23yMdsXb5GF-rTQWCTNmkRhJ_05Be8EpFUSi4nqWjvKV9evO5SXGOm_UkavROWWEoLKGgC3FkYVbdw2AY9CbS_hwMSGMeiKyGg3omXxa9LcqTlT2j4GsodsANPVu7adBMC-495VGUo6aCZcPszp3qfI6Vz0oYiEF06t1gFywv9rPemdcIAZNlv0Eai5GfrP7EcrUmVLPIzhiP-sSNHP1-6qZlwBx2Ld15hdEfwk._bMqCHi2W3QluEzRLChy7cRCwdJ4loRbcgTm-6GwTEk&dib_tag=se&keywords=women+summer+slippers&qid=1786417407&sr=8-20,https://m.media-amazon.com/images/I/810Hfh0qwIL._AC_UL320_.jpg,39,排名进入前50；价格处于人民币等值¥57.60-¥180.00黄金区间；评分达到4.0以上。
2026-08-11,amazon_us,product,search,women summer slippers,35,FITORY,¥143.93,4.2,FITORY,,,,,,https://www.amazon.com/FITORY-Sandals-Fashion-Leather-Slippers/dp/B0BN3GQFKN/ref=sr_1_22?dib=eyJ2IjoiMSJ9.3B_wBrVg1UMy5tWehIloEqcJ9-aVDJ_nzHv3-WRd7oepZiUeX5Ssn7U0ro-W6pI_NAXX23yMdsXb5GF-rTQWCTNmkRhJ_05Be8EpFUSi4nqWjvKV9evO5SXGOm_UkavROWWEoLKGgC3FkYVbdw2AY9CbS_hwMSGMeiKyGg3omXxa9LcqTlT2j4GsodsANPVu7adBMC-495VGUo6aCZcPszp3qfI6Vz0oYiEF06t1gFywv9rPemdcIAZNlv0Eai5GfrP7EcrUmVLPIzhiP-sSNHP1-6qZlwBx2Ld15hdEfwk._bMqCHi2W3QluEzRLChy7cRCwdJ4loRbcgTm-6GwTEk&dib_tag=se&keywords=women+summer+slippers&qid=1786417407&sr=8-22,https://m.media-amazon.com/images/I/61cA2WpKDqL._AC_UL320_.jpg,39,排名进入前50；价格处于人民币等值¥57.60-¥180.00黄金区间；评分达到4.0以上。
2026-08-11,amazon_us,product,search,women summer slippers,37,mazeskin,¥71.93,4.2,mazeskin,,,,,,https://www.amazon.com/mazeskin-Womens-Comfortable-Sandals-Leather/dp/B0F32KMZ18/ref=sr_1_24?dib=eyJ2IjoiMSJ9.3B_wBrVg1UMy5tWehIloEqcJ9-aVDJ_nzHv3-WRd7oepZiUeX5Ssn7U0ro-W6pI_NAXX23yMdsXb5GF-rTQWCTNmkRhJ_05Be8EpFUSi4nqWjvKV9evO5SXGOm_UkavROWWEoLKGgC3FkYVbdw2AY9CbS_hwMSGMeiKyGg3omXxa9LcqTlT2j4GsodsANPVu7adBMC-495VGUo6aCZcPszp3qfI6Vz0oYiEF06t1gFywv9rPemdcIAZNlv0Eai5GfrP7EcrUmVLPIzhiP-sSNHP1-6qZlwBx2Ld15hdEfwk._bMqCHi2W3QluEzRLChy7cRCwdJ4loRbcgTm-6GwTEk&dib_tag=se&keywords=women+summer+slippers&qid=1786417407&sr=8-24,https://m.media-amazon.com/images/I/71jV8GHPNSL._AC_UL320_.jpg,39,排名进入前50；价格处于人民币等值¥57.60-¥180.00黄金区间；评分达到4.0以上。
2026-08-11,amazon_us,product,search,women summer slippers,39,VOVEA,¥71.93,4.2,VOVEA,,,,,,https://www.amazon.com/VOVEA-Non-Slip-Bathroom-Cushion-Outdoor/dp/B0BHWQT653/ref=sr_1_26?dib=eyJ2IjoiMSJ9.3B_wBrVg1UMy5tWehIloEqcJ9-aVDJ_nzHv3-WRd7oepZiUeX5Ssn7U0ro-W6pI_NAXX23yMdsXb5GF-rTQWCTNmkRhJ_05Be8EpFUSi4nqWjvKV9evO5SXGOm_UkavROWWEoLKGgC3FkYVbdw2AY9CbS_hwMSGMeiKyGg3omXxa9LcqTlT2j4GsodsANPVu7adBMC-495VGUo6aCZcPszp3qfI6Vz0oYiEF06t1gFywv9rPemdcIAZNlv0Eai5GfrP7EcrUmVLPIzhiP-sSNHP1-6qZlwBx2Ld15hdEfwk._bMqCHi2W3QluEzRLChy7cRCwdJ4loRbcgTm-6GwTEk&dib_tag=se&keywords=women+summer+slippers&qid=1786417407&sr=8-26,https://m.media-amazon.com/images/I/811Rf7NxwkL._AC_UL320_.jpg,39,排名进入前50；价格处于人民币等值¥57.60-¥180.00黄金区间；评分达到4.0以上。
2026-08-11,amazon_us,product,search,women summer slippers,41,DL,¥127.15,4.2,DL,,,,,,https://www.amazon.com/DL-Slippers-Flannel-Bedroom-Non-Slip/dp/B08NJV6WYX/ref=sr_1_28?dib=eyJ2IjoiMSJ9.3B_wBrVg1UMy5tWehIloEqcJ9-aVDJ_nzHv3-WRd7oepZiUeX5Ssn7U0ro-W6pI_NAXX23yMdsXb5GF-rTQWCTNmkRhJ_05Be8EpFUSi4nqWjvKV9evO5SXGOm_UkavROWWEoLKGgC3FkYVbdw2AY9CbS_hwMSGMeiKyGg3omXxa9LcqTlT2j4GsodsANPVu7adBMC-495VGUo6aCZcPszp3qfI6Vz0oYiEF06t1gFywv9rPemdcIAZNlv0Eai5GfrP7EcrUmVLPIzhiP-sSNHP1-6qZlwBx2Ld15hdEfwk._bMqCHi2W3QluEzRLChy7cRCwdJ4loRbcgTm-6GwTEk&dib_tag=se&keywords=women+summer+slippers&qid=1786417407&sr=8-28,https://m.media-amazon.com/images/I/71rpTD70hUL._AC_UL320_.jpg,39,排名进入前50；价格处于人民币等值¥57.60-¥180.00黄金区间；评分达到4.0以上。
2026-08-11,amazon_us,product,search,women summer slippers,44,COCOMUSE,¥107.93,4.1,COCOMUSE,,,,,,https://www.amazon.com/Ultralight-Indoor-Cotton-Slippers-Absorb/dp/B09MRP87ZZ/ref=sr_1_31?dib=eyJ2IjoiMSJ9.3B_wBrVg1UMy5tWehIloEqcJ9-aVDJ_nzHv3-WRd7oepZiUeX5Ssn7U0ro-W6pI_NAXX23yMdsXb5GF-rTQWCTNmkRhJ_05Be8EpFUSi4nqWjvKV9evO5SXGOm_UkavROWWEoLKGgC3FkYVbdw2AY9CbS_hwMSGMeiKyGg3omXxa9LcqTlT2j4GsodsANPVu7adBMC-495VGUo6aCZcPszp3qfI6Vz0oYiEF06t1gFywv9rPemdcIAZNlv0Eai5GfrP7EcrUmVLPIzhiP-sSNHP1-6qZlwBx2Ld15hdEfwk._bMqCHi2W3QluEzRLChy7cRCwdJ4loRbcgTm-6GwTEk&dib_tag=se&keywords=women+summer+slippers&qid=1786417407&sr=8-31,https://m.media-amazon.com/images/I/81KNq3E0H3L._AC_UL320_.jpg,39,排名进入前50；价格处于人民币等值¥57.60-¥180.00黄金区间；评分达到4.0以上。
2026-08-11,amazon_us,product,search,women summer slippers,46,Womens Open Toe House Slippers Breathable Slip-on Indoor Slippers,¥71.93,4.2,"Price, product page $9.99 $ 9 . 99",,,,,,https://www.amazon.com/Dokela-Womens-Slippers-Breathable-Indoor/dp/B0GLH28M2B/ref=sr_1_33?dib=eyJ2IjoiMSJ9.3B_wBrVg1UMy5tWehIloEqcJ9-aVDJ_nzHv3-WRd7oepZiUeX5Ssn7U0ro-W6pI_NAXX23yMdsXb5GF-rTQWCTNmkRhJ_05Be8EpFUSi4nqWjvKV9evO5SXGOm_UkavROWWEoLKGgC3FkYVbdw2AY9CbS_hwMSGMeiKyGg3omXxa9LcqTlT2j4GsodsANPVu7adBMC-495VGUo6aCZcPszp3qfI6Vz0oYiEF06t1gFywv9rPemdcIAZNlv0Eai5GfrP7EcrUmVLPIzhiP-sSNHP1-6qZlwBx2Ld15hdEfwk._bMqCHi2W3QluEzRLChy7cRCwdJ4loRbcgTm-6GwTEk&dib_tag=se&keywords=women+summer+slippers&qid=1786417407&sr=8-33,https://m.media-amazon.com/images/I/81r1tSkHqHL._AC_UL320_.jpg,39,排名进入前50；价格处于人民币等值¥57.60-¥180.00黄金区间；评分达到4.0以上。
2026-08-11,amazon_us,product,search,women summer slippers,50,MAGILONA,¥143.93,4.0,MAGILONA,,,,,,https://www.amazon.com/MAGILONA-Unisex-Open-Toe-Slippers-Non-Slip/dp/B0C4KQJ1R6/ref=sr_1_37?dib=eyJ2IjoiMSJ9.3B_wBrVg1UMy5tWehIloEqcJ9-aVDJ_nzHv3-WRd7oepZiUeX5Ssn7U0ro-W6pI_NAXX23yMdsXb5GF-rTQWCTNmkRhJ_05Be8EpFUSi4nqWjvKV9evO5SXGOm_UkavROWWEoLKGgC3FkYVbdw2AY9CbS_hwMSGMeiKyGg3omXxa9LcqTlT2j4GsodsANPVu7adBMC-495VGUo6aCZcPszp3qfI6Vz0oYiEF06t1gFywv9rPemdcIAZNlv0Eai5GfrP7EcrUmVLPIzhiP-sSNHP1-6qZlwBx2Ld15hdEfwk._bMqCHi2W3QluEzRLChy7cRCwdJ4loRbcgTm-6GwTEk&dib_tag=se&keywords=women+summer+slippers&qid=1786417407&sr=8-37,https://m.media-amazon.com/images/I/71YgTA6teCL._AC_UL320_.jpg,39,排名进入前50；价格处于人民币等值¥57.60-¥180.00黄金区间；评分达到4.0以上。
2026-08-11,amazon_us,product,search,platform sandals women,44,Athlefit,¥143.93,4.0,Athlefit,,,,,,https://www.amazon.com/Athlefit-Espadrilles-Sandals-Studded-Platform/dp/B083NZVCQH/ref=sr_1_28?dib=eyJ2IjoiMSJ9.JGk5YzWo4YO7-puRDmTMUJkZXwC3U2tW3QWYWUBMAYsPb83jjm0z8AQ_mPQ7Y3S_f3SEZd3I5OvYncpX2A4ywVCr28NXhJvBI4kc_PtVZpFQLiuWX6cQpAvYyr5eD17Kg-f9x-gPkMeqLY8MVOjrbcKLCZFRFk7ir0rV-F9w9UwvBarOCNNgIy9w2aE4AliBESSxwL6VpwQZ185FDNk3UCxIh2wBq-9z3gR0QI0wDh4TvVdRN95oFEWh-895J3IOcgSlciTRBp8A-G3myH1DE1NGwAxdVVkz226K5unBUYk.CUOnrJX7fMzSVD3RVv5jkwsE4qTUnyjWMXRXncm7ci0&dib_tag=se&keywords=platform+sandals+women&qid=1786417408&sr=8-28,https://m.media-amazon.com/images/I/71PoCinhRsL._AC_UL320_.jpg,39,排名进入前50；价格处于人民币等值¥57.60-¥180.00黄金区间；评分达到4.0以上。
2026-08-11,amazon_us,product,new_releases,New Releases Women Sandals,33,Susanny Wedge Heels Sandals Platform Women Flip Flops Slides Slip,,4.4,$42.99,,,,,,https://www.amazon.com/Susanny-Black-Sandals-Platform-Slides/dp/B0GXYD9HDN/ref=zg_bsnr_g_679425011_d_sccl_33/142-7760405-0885639?psc=1,"https://images-na.ssl-images-amazon.com/images/I/61YzBN4r2QL._AC_UL300_SR300,200_.jpg",38,排名进入前50；标题包含 platform、wedge，符合美国女鞋舒适化趋势；评分达到4.3以上。
2026-08-11,amazon_us,product,search,women slides,44,Calvin Klein,¥239.40,4.4,Calvin Klein,,,,,,https://www.amazon.com/Calvin-Klein-Athens-Brown/dp/B091ZF5PQQ/ref=sr_1_21?dib=eyJ2IjoiMSJ9.XNUAwuHHUjfeyM66sI3Ar2i2YhWFGPDhIr7DP0b3eG8-VANXGYZCqTKGXsG6CO9Hc5VCc8_0p8bxz50uqu1gVLMaWuGoVbkR_BYyQlf9jNCRzjnLsarK2G8uEZVMPMEy6WVzpFL99XUMr8ciE6oyQmbHkSgown4NGrOI4h2jSCiiS4W1a1HgRkRbo24Ew7Wk8r-CaUZ0eiIUl7RktsMs7hA-n3XoOt-EFkNRTs7wvDzV5a_88aolieSmjpo3_dkQkDVFJroJ1gxmX6hJybKfKYY-j24qPbTwoNia_yt3IQw.Do3X_IyxDz1NgRkjykhyITmjSWv78X55939k5B_dmNE&dib_tag=se&keywords=women+slides&qid=1786417408&sr=8-21,https://m.media-amazon.com/images/I/71nyc3qEKeS._AC_UL320_.jpg,37,排名进入前50；价格处于人民币等值¥180.00-¥288.00区间；评分达到4.3以上。
2026-08-11,amazon_us,product,search,platform sandals women,31,Aerosoles,¥275.33,4.3,Aerosoles,,,,,,https://www.amazon.com/Aerosoles-Womens-CAMILIA-Heeled-Natural/dp/B0CTKDTBST/ref=sr_1_15?dib=eyJ2IjoiMSJ9.JGk5YzWo4YO7-puRDmTMUJkZXwC3U2tW3QWYWUBMAYsPb83jjm0z8AQ_mPQ7Y3S_f3SEZd3I5OvYncpX2A4ywVCr28NXhJvBI4kc_PtVZpFQLiuWX6cQpAvYyr5eD17Kg-f9x-gPkMeqLY8MVOjrbcKLCZFRFk7ir0rV-F9w9UwvBarOCNNgIy9w2aE4AliBESSxwL6VpwQZ185FDNk3UCxIh2wBq-9z3gR0QI0wDh4TvVdRN95oFEWh-895J3IOcgSlciTRBp8A-G3myH1DE1NGwAxdVVkz226K5unBUYk.CUOnrJX7fMzSVD3RVv5jkwsE4qTUnyjWMXRXncm7ci0&dib_tag=se&keywords=platform+sandals+women&qid=1786417408&sr=8-15,https://m.media-amazon.com/images/I/71bCv2s89xL._AC_UL320_.jpg,37,排名进入前50；价格处于人民币等值¥180.00-¥288.00区间；评分达到4.3以上。
2026-08-11,amazon_us,product,search,platform sandals women,35,ziitop,¥195.70,4.5,ziitop,,,,,,https://www.amazon.com/ziitop-Espadrille-Platform-Orthopedic-Comfortable/dp/B0GJDMBKS3/ref=sr_1_19?dib=eyJ2IjoiMSJ9.JGk5YzWo4YO7-puRDmTMUJkZXwC3U2tW3QWYWUBMAYsPb83jjm0z8AQ_mPQ7Y3S_f3SEZd3I5OvYncpX2A4ywVCr28NXhJvBI4kc_PtVZpFQLiuWX6cQpAvYyr5eD17Kg-f9x-gPkMeqLY8MVOjrbcKLCZFRFk7ir0rV-F9w9UwvBarOCNNgIy9w2aE4AliBESSxwL6VpwQZ185FDNk3UCxIh2wBq-9z3gR0QI0wDh4TvVdRN95oFEWh-895J3IOcgSlciTRBp8A-G3myH1DE1NGwAxdVVkz226K5unBUYk.CUOnrJX7fMzSVD3RVv5jkwsE4qTUnyjWMXRXncm7ci0&dib_tag=se&keywords=platform+sandals+women&qid=1786417408&sr=8-19,https://m.media-amazon.com/images/I/81KFSeLTJuL._AC_UL320_.jpg,37,排名进入前50；价格处于人民币等值¥180.00-¥288.00区间；评分达到4.3以上。
2026-08-11,amazon_us,product,search,platform sandals women,48,dunes,¥287.93,4.3,dunes,,,,,,https://www.amazon.com/Dunes-Sandra-Block-Womens-Heels/dp/B09PTN9MCQ/ref=sr_1_32?dib=eyJ2IjoiMSJ9.JGk5YzWo4YO7-puRDmTMUJkZXwC3U2tW3QWYWUBMAYsPb83jjm0z8AQ_mPQ7Y3S_f3SEZd3I5OvYncpX2A4ywVCr28NXhJvBI4kc_PtVZpFQLiuWX6cQpAvYyr5eD17Kg-f9x-gPkMeqLY8MVOjrbcKLCZFRFk7ir0rV-F9w9UwvBarOCNNgIy9w2aE4AliBESSxwL6VpwQZ185FDNk3UCxIh2wBq-9z3gR0QI0wDh4TvVdRN95oFEWh-895J3IOcgSlciTRBp8A-G3myH1DE1NGwAxdVVkz226K5unBUYk.CUOnrJX7fMzSVD3RVv5jkwsE4qTUnyjWMXRXncm7ci0&dib_tag=se&keywords=platform+sandals+women&qid=1786417408&sr=8-32,https://m.media-amazon.com/images/I/610PNftzwpL._AC_UL320_.jpg,37,排名进入前50；价格处于人民币等值¥180.00-¥288.00区间；评分达到4.3以上。
2026-08-11,amazon_us,product,new_releases,New Releases Women Sandals,27,"CUSHIONAIRE Titan Square Toe Flip Flops for Women, Dressy Slip On Flat Womens Sandals with Cushioned Footbed",,3.4,$39.99,,,,,,https://www.amazon.com/CUSHIONAIRE-Sandals-Cushioned-Footbed-TORTOISE/dp/B0H2WR546B/ref=zg_bsnr_g_679425011_d_sccl_27/133-0567473-1440741?psc=1,"https://images-na.ssl-images-amazon.com/images/I/71vL4TDR7VL._AC_UL600_SR600,400_.jpg",35,排名进入前30。
2026-08-11,amazon_us,product,search,platform sandals women,38,Vilanva,¥143.93,3.9,Vilanva,,,,,,https://www.amazon.com/Vilanva-Platform-Lightweight-Comfortable-Non-Slip/dp/B0GH7455R7/ref=sr_1_22?dib=eyJ2IjoiMSJ9.JGk5YzWo4YO7-puRDmTMUJkZXwC3U2tW3QWYWUBMAYsPb83jjm0z8AQ_mPQ7Y3S_f3SEZd3I5OvYncpX2A4ywVCr28NXhJvBI4kc_PtVZpFQLiuWX6cQpAvYyr5eD17Kg-f9x-gPkMeqLY8MVOjrbcKLCZFRFk7ir0rV-F9w9UwvBarOCNNgIy9w2aE4AliBESSxwL6VpwQZ185FDNk3UCxIh2wBq-9z3gR0QI0wDh4TvVdRN95oFEWh-895J3IOcgSlciTRBp8A-G3myH1DE1NGwAxdVVkz226K5unBUYk.CUOnrJX7fMzSVD3RVv5jkwsE4qTUnyjWMXRXncm7ci0&dib_tag=se&keywords=platform+sandals+women&qid=1786417408&sr=8-22,https://m.media-amazon.com/images/I/71ohCPS2CgL._AC_UL320_.jpg,35,排名进入前50；价格处于人民币等值¥57.60-¥180.00黄金区间。
2026-08-11,amazon_us,product,search,platform sandals women,32,ONCAI,¥215.93,4.2,ONCAI,,,,,,https://www.amazon.com/ONCAI-Platform-Essentials-Flatform-Comfortable/dp/B0F43HJVG4/ref=sr_1_16?dib=eyJ2IjoiMSJ9.JGk5YzWo4YO7-puRDmTMUJkZXwC3U2tW3QWYWUBMAYsPb83jjm0z8AQ_mPQ7Y3S_f3SEZd3I5OvYncpX2A4ywVCr28NXhJvBI4kc_PtVZpFQLiuWX6cQpAvYyr5eD17Kg-f9x-gPkMeqLY8MVOjrbcKLCZFRFk7ir0rV-F9w9UwvBarOCNNgIy9w2aE4AliBESSxwL6VpwQZ185FDNk3UCxIh2wBq-9z3gR0QI0wDh4TvVdRN95oFEWh-895J3IOcgSlciTRBp8A-G3myH1DE1NGwAxdVVkz226K5unBUYk.CUOnrJX7fMzSVD3RVv5jkwsE4qTUnyjWMXRXncm7ci0&dib_tag=se&keywords=platform+sandals+women&qid=1786417408&sr=8-16,https://m.media-amazon.com/images/I/6107ZWz1NoL._AC_UL320_.jpg,34,排名进入前50；价格处于人民币等值¥180.00-¥288.00区间；评分达到4.0以上。
2026-08-11,amazon_us,product,search,platform sandals women,46,Rocket Dog,¥183.10,4.2,Rocket Dog,,,,,,https://www.amazon.com/Rocket-Dog-Womens-Platform-Sandal/dp/B000W91BWU/ref=sr_1_30?dib=eyJ2IjoiMSJ9.JGk5YzWo4YO7-puRDmTMUJkZXwC3U2tW3QWYWUBMAYsPb83jjm0z8AQ_mPQ7Y3S_f3SEZd3I5OvYncpX2A4ywVCr28NXhJvBI4kc_PtVZpFQLiuWX6cQpAvYyr5eD17Kg-f9x-gPkMeqLY8MVOjrbcKLCZFRFk7ir0rV-F9w9UwvBarOCNNgIy9w2aE4AliBESSxwL6VpwQZ185FDNk3UCxIh2wBq-9z3gR0QI0wDh4TvVdRN95oFEWh-895J3IOcgSlciTRBp8A-G3myH1DE1NGwAxdVVkz226K5unBUYk.CUOnrJX7fMzSVD3RVv5jkwsE4qTUnyjWMXRXncm7ci0&dib_tag=se&keywords=platform+sandals+women&qid=1786417408&sr=8-30,https://m.media-amazon.com/images/I/71kguy0F5cL._AC_UL320_.jpg,34,排名进入前50；价格处于人民币等值¥180.00-¥288.00区间；评分达到4.0以上。
2026-08-11,amazon_us,product,best_sellers,Best Sellers Women Sandals,33,"DREAM PAIRS Women's Comfort Block Heel Sandals | Open Toe Adjustable Ankle Strap Chunky Dress Heels, Fashion Heeled Sandals for Prom, Wedding Guest and Formal Events",,4.3,$29.99,,,,,,https://www.amazon.com/DREAM-PAIRS-Womens-Chunk-Sandals/dp/B071CTLNBL/ref=zg_bs_g_679425011_d_sccl_33/142-7760405-0885639?psc=1,"https://images-na.ssl-images-amazon.com/images/I/61mjdmlQ3bL._AC_UL300_SR300,200_.jpg",33,排名进入前50；标题包含 comfort，符合美国女鞋舒适化趋势；评分达到4.3以上。
2026-08-11,amazon_us,product,best_sellers,Best Sellers Women Sandals,38,YOCCI Women's Original Sport Sandals Hiking Sandals with Arch Support Yoga Mat Insole Light Weight Outdoor Water Shoes,,4.4,$19.99,,,,,,https://www.amazon.com/YOCCI-Original-Sandals-Support-WHLX001-black-39/dp/B09PYJKZHW/ref=zg_bs_g_679425011_d_sccl_38/142-7760405-0885639?psc=1,"https://images-na.ssl-images-amazon.com/images/I/61jphKWHMEL._AC_UL300_SR300,200_.jpg",33,排名进入前50；标题包含 arch support，符合美国女鞋舒适化趋势；评分达到4.3以上。
2026-08-11,amazon_us,product,best_sellers,Best Sellers Women Sandals,45,SKETOE Kitten Heels for Women Square Toe Sandals Flip Flop Heels Thong Sandals Comfortable Summer 2 Inch Heels Sandals,,4.2,$25.99,,,,,,https://www.amazon.com/SKETOE-Kitten-Square-Sandals-Comfortable/dp/B0F4QHKCDM/ref=zg_bs_g_679425011_d_sccl_45/142-7760405-0885639?psc=1,"https://images-na.ssl-images-amazon.com/images/I/61WGe4p1FWL._AC_UL300_SR300,200_.jpg",33,排名进入前50；标题包含 comfort、summer，符合美国女鞋舒适化趋势；评分达到4.0以上。
2026-08-11,amazon_us,product,new_releases,New Releases Women Sandals,31,"VIVASUN Women's Arch Support Waterproof Slip On EVA Slides | Non-slip wet sole,eases plantar fasciitis & sore feet,lightweight odor-free for shower,beach, daily walks",,4.1,$9.99,,,,,,https://www.amazon.com/VIVASUN-Womens-Support-Waterproof-Slides/dp/B0GWXSFFQF/ref=zg_bsnr_g_679425011_d_sccl_31/142-7760405-0885639?psc=1,"https://images-na.ssl-images-amazon.com/images/I/61NH8ZyCw3L._AC_UL300_SR300,200_.jpg",33,排名进入前50；标题包含 arch support、beach，符合美国女鞋舒适化趋势；评分达到4.0以上。
2026-08-11,amazon_us,product,new_releases,New Releases Women Sandals,38,"DREAM PAIRS Women's Chunky Low Heel Thong Sandals | Square Open Toe Slip On, Flip Flop Summer Heels, Comfortable Elgeant Going Out Sandals, Causal for Travel Daily Party Events",,4.2,$36.99,,,,,,https://www.amazon.com/DREAM-PAIRS-Womens-Chunky-Sandals/dp/B0H4FCN89X/ref=zg_bsnr_g_679425011_d_sccl_38/142-7760405-0885639?psc=1,"https://images-na.ssl-images-amazon.com/images/I/61B769rYVcL._AC_UL300_SR300,200_.jpg",33,排名进入前50；标题包含 comfort、summer，符合美国女鞋舒适化趋势；评分达到4.0以上。
2026-08-11,amazon_us,product,new_releases,New Releases Women Sandals,39,DOBOLIN Rhinestone Heels 1.3 Inch Strappy Square Open Toe Heeled Sandals Slip on Sparkly Low Block Chunky Heels for Women Dressy Shoes Comfortable,,4.5,$33.99,,,,,,https://www.amazon.com/DOBOLIN-Rhinestone-Strappy-Sandals-Comfortable/dp/B0GWM954NV/ref=zg_bsnr_g_679425011_d_sccl_39/142-7760405-0885639?psc=1,"https://images-na.ssl-images-amazon.com/images/I/61rNnk31FgL._AC_UL300_SR300,200_.jpg",33,排名进入前50；标题包含 comfort，符合美国女鞋舒适化趋势；评分达到4.3以上。
2026-08-11,amazon_us,product,search,women slides,48,Nike,¥302.40,4.7,Nike,,,,,,https://www.amazon.com/OffCourt-Adjust-Womens-Slides-DV1033-002/dp/B0BWTFYBH1/ref=sr_1_25?dib=eyJ2IjoiMSJ9.XNUAwuHHUjfeyM66sI3Ar2i2YhWFGPDhIr7DP0b3eG8-VANXGYZCqTKGXsG6CO9Hc5VCc8_0p8bxz50uqu1gVLMaWuGoVbkR_BYyQlf9jNCRzjnLsarK2G8uEZVMPMEy6WVzpFL99XUMr8ciE6oyQmbHkSgown4NGrOI4h2jSCiiS4W1a1HgRkRbo24Ew7Wk8r-CaUZ0eiIUl7RktsMs7hA-n3XoOt-EFkNRTs7wvDzV5a_88aolieSmjpo3_dkQkDVFJroJ1gxmX6hJybKfKYY-j24qPbTwoNia_yt3IQw.Do3X_IyxDz1NgRkjykhyITmjSWv78X55939k5B_dmNE&dib_tag=se&keywords=women+slides&qid=1786417408&sr=8-25,https://m.media-amazon.com/images/I/61zEg5Er3mL._AC_UL320_.jpg,33,排名进入前50；价格高于人民币等值¥288.00；评分达到4.6以上。
2026-08-11,amazon_us,product,best_sellers,Best Sellers Women Sandals,36,Havaianas Women's Slim Sandals,,4.6,$30.00,,,,,,https://www.amazon.com/Havaianas-Womens-Slim-Sandal-Black/dp/B000NBGN0W/ref=zg_bs_g_679425011_d_sccl_36/142-7760405-0885639?psc=1,"https://images-na.ssl-images-amazon.com/images/I/51wqhZix1lL._AC_UL300_SR300,200_.jpg",30,排名进入前50；评分达到4.6以上。
2026-08-11,amazon_us,product,best_sellers,Best Sellers Women Sandals,46,"Ankis Women Nude White Gold Black Sandals Open Toe 1 Inch Low Block Heel | 1-inch short heel, adjustable ankle strap, 5mm latex cushioned insole, comfortable walking, for wedding, dressy, formal event",,4.2,$31.97,,,,,,https://www.amazon.com/Ankis-Sandals-Comfortable-Adjustable-Available/dp/B0BPL95VFW/ref=zg_bs_g_679425011_d_sccl_46/142-7760405-0885639?psc=1,"https://images-na.ssl-images-amazon.com/images/I/51EOkpMrmNL._AC_UL300_SR300,200_.jpg",30,排名进入前50；标题包含 comfort，符合美国女鞋舒适化趋势；评分达到4.0以上。
2026-08-11,amazon_us,product,new_releases,New Releases Women Sandals,35,"Joomra Women's Cork-Inspired Footbed Slides Adjustable Buckle Sandals | Natural Foot-Shaped, Vegan Upper, Two-Strap, Casual Daily Slippers, Comfy Indoor Outdoor Sandles",,4.6,$13.99,,,,,,https://www.amazon.com/Joomra-Footbed-Slides-Double-Sandals/dp/B0H4QRWZ96/ref=zg_bsnr_g_679425011_d_sccl_35/142-7760405-0885639?psc=1,"https://images-na.ssl-images-amazon.com/images/I/81g9PA4Ey0L._AC_UL300_SR300,200_.jpg",30,排名进入前50；评分达到4.6以上。
2026-08-11,amazon_us,product,new_releases,New Releases Women Sandals,36,SKETOE Kitten Heels Dressy Women Strappy Heel Sandals Square Open Toe Flip Flop Heels,,4.6,$24.99,,,,,,https://www.amazon.com/SKETOE-Kitten-Dressy-Strappy-Sandals/dp/B0H25P6NQW/ref=zg_bsnr_g_679425011_d_sccl_36/142-7760405-0885639?psc=1,"https://images-na.ssl-images-amazon.com/images/I/51BaV0poB-L._AC_UL300_SR300,200_.jpg",30,排名进入前50；评分达到4.6以上。
2026-08-11,amazon_us,product,new_releases,New Releases Women Sandals,41,Noctivelle Women Jelly Sandals Mesh Clear Waterproof Mule Slip On Flats Hollow Breathable Summer Beach Pool Casual Shoes,,4.2,$19.99,,,,,,https://www.amazon.com/Noctivelle-Women-Jelly-Waterproof-Mule/dp/B0H4W2QLMH/ref=zg_bsnr_g_679425011_d_sccl_41/142-7760405-0885639?psc=1,"https://images-na.ssl-images-amazon.com/images/I/71kK2mDkYgL._AC_UL300_SR300,200_.jpg",30,排名进入前50；标题包含 beach、summer，符合美国女鞋舒适化趋势；评分达到4.0以上。
2026-08-11,amazon_us,product,new_releases,New Releases Women Sandals,43,"Rihero Women's Flip Flops Multi-Strap Square Toe Flat Sandals | Trendy Strappy Flat Slides, Minimalist Knot Design, Lightweight Thong Sandals, Summer Casual Flats for Beach Vacation",,4.1,$24.99,,,,,,https://www.amazon.com/Rihero-Womens-Multi-Strap-Square-Sandals/dp/B0GXY9YNVR/ref=zg_bsnr_g_679425011_d_sccl_43/142-7760405-0885639?psc=1,"https://images-na.ssl-images-amazon.com/images/I/71AEMvKZgjL._AC_UL300_SR300,200_.jpg",30,排名进入前50；标题包含 beach、summer，符合美国女鞋舒适化趋势；评分达到4.0以上。
2026-08-11,amazon_us,product,search,platform sandals women,37,REEF,¥575.64,4.4,REEF,,,,,,https://www.amazon.com/REEF-Higher-Womens-Platform-Adjustable/dp/B0D9HYMNMN/ref=sr_1_21?dib=eyJ2IjoiMSJ9.JGk5YzWo4YO7-puRDmTMUJkZXwC3U2tW3QWYWUBMAYsPb83jjm0z8AQ_mPQ7Y3S_f3SEZd3I5OvYncpX2A4ywVCr28NXhJvBI4kc_PtVZpFQLiuWX6cQpAvYyr5eD17Kg-f9x-gPkMeqLY8MVOjrbcKLCZFRFk7ir0rV-F9w9UwvBarOCNNgIy9w2aE4AliBESSxwL6VpwQZ185FDNk3UCxIh2wBq-9z3gR0QI0wDh4TvVdRN95oFEWh-895J3IOcgSlciTRBp8A-G3myH1DE1NGwAxdVVkz226K5unBUYk.CUOnrJX7fMzSVD3RVv5jkwsE4qTUnyjWMXRXncm7ci0&dib_tag=se&keywords=platform+sandals+women&qid=1786417408&sr=8-21,https://m.media-amazon.com/images/I/51WBYuiSZiL._AC_UL320_.jpg,30,排名进入前50；价格高于人民币等值¥288.00；评分达到4.3以上。
2026-08-11,amazon_us,product,search,platform sandals women,49,TOMS,¥395.64,4.4,TOMS,,,,,,https://www.amazon.com/TOMS-Womens-Diana-Sandal-Black/dp/B09TT44N4V/ref=sr_1_33?dib=eyJ2IjoiMSJ9.JGk5YzWo4YO7-puRDmTMUJkZXwC3U2tW3QWYWUBMAYsPb83jjm0z8AQ_mPQ7Y3S_f3SEZd3I5OvYncpX2A4ywVCr28NXhJvBI4kc_PtVZpFQLiuWX6cQpAvYyr5eD17Kg-f9x-gPkMeqLY8MVOjrbcKLCZFRFk7ir0rV-F9w9UwvBarOCNNgIy9w2aE4AliBESSxwL6VpwQZ185FDNk3UCxIh2wBq-9z3gR0QI0wDh4TvVdRN95oFEWh-895J3IOcgSlciTRBp8A-G3myH1DE1NGwAxdVVkz226K5unBUYk.CUOnrJX7fMzSVD3RVv5jkwsE4qTUnyjWMXRXncm7ci0&dib_tag=se&keywords=platform+sandals+women&qid=1786417408&sr=8-33,https://m.media-amazon.com/images/I/71tGQVFxBAL._AC_UL320_.jpg,30,排名进入前50；价格高于人民币等值¥288.00；评分达到4.3以上。
2026-08-11,amazon_us,product,new_releases,New Releases Women Sandals,32,"CUSHIONAIRE Trio Flip Flops for Women, Comfortable Beach Sandals with Braided Thong Strap, Memory Foam Footbed and Metallic Ring Accents",,3.6,$39.99,,,,,,https://www.amazon.com/CUSHIONAIRE-Comfortable-Sandals-Braided-Metallic/dp/B0H37GLVLG/ref=zg_bsnr_g_679425011_d_sccl_32/142-7760405-0885639?psc=1,"https://images-na.ssl-images-amazon.com/images/I/71Bu6Js8cPL._AC_UL300_SR300,200_.jpg",29,排名进入前50；标题包含 comfort、beach，符合美国女鞋舒适化趋势。
2026-08-11,amazon_us,product,new_releases,New Releases Women Sandals,45,"DREAM PAIRS Women's High Heels Kitten Mules | Dressy Comfortable Fashion Pointed Peep Toe Slip On Sandals tacones,Suitable for Wedding Daily Work Travel Vacation Summer",,3.7,$28.99,,,,,,https://www.amazon.com/DREAM-PAIRS-Womens-Heels-Kitten/dp/B0GYPVF22S/ref=zg_bsnr_g_679425011_d_sccl_45/142-7760405-0885639?psc=1,"https://images-na.ssl-images-amazon.com/images/I/61ySebuBdYL._AC_UL300_SR300,200_.jpg",29,排名进入前50；标题包含 comfort、summer，符合美国女鞋舒适化趋势。
2026-08-11,amazon_us,product,new_releases,New Releases Women Sandals,37,"CUSHIONAIRE Fuse Chunky Womens Sandals with Double Buckle Straps and Durable Lug Sole, Casual Platform Sandals Women Footwear",,3.9,$44.99,,,,,,https://www.amazon.com/CUSHIONAIRE-Sandals-Platform-Footwear-TORTOISE/dp/B0H42DJLNP/ref=zg_bsnr_g_679425011_d_sccl_37/142-7760405-0885639?psc=1,"https://images-na.ssl-images-amazon.com/images/I/81J+-tsF-qL._AC_UL300_SR300,200_.jpg",28,排名进入前50；标题包含 platform，符合美国女鞋舒适化趋势。
2026-08-11,amazon_us,product,best_sellers,Best Sellers Women Sandals,34,Litfun Non-Slip Shower Shoes for Women Quick Dry Slippers Bathroom Sandals,,4.4,$9.98,,,,,,https://www.amazon.com/Litfun-Non-Slip-Slippers-Lightweight-Bathroom/dp/B0DLKTMBYS/ref=zg_bs_g_679425011_d_sccl_34/142-7760405-0885639?psc=1,"https://images-na.ssl-images-amazon.com/images/I/6153U7gq4yL._AC_UL300_SR300,200_.jpg",27,排名进入前50；评分达到4.3以上。
2026-08-11,amazon_us,product,search,platform sandals women,47,CUSHIONAIRE,¥359.93,4.1,CUSHIONAIRE,,,,,,https://www.amazon.com/CUSHIONAIRE-Womens-platform-sandal-Memory/dp/B0CCF6M3TX/ref=sr_1_31?dib=eyJ2IjoiMSJ9.JGk5YzWo4YO7-puRDmTMUJkZXwC3U2tW3QWYWUBMAYsPb83jjm0z8AQ_mPQ7Y3S_f3SEZd3I5OvYncpX2A4ywVCr28NXhJvBI4kc_PtVZpFQLiuWX6cQpAvYyr5eD17Kg-f9x-gPkMeqLY8MVOjrbcKLCZFRFk7ir0rV-F9w9UwvBarOCNNgIy9w2aE4AliBESSxwL6VpwQZ185FDNk3UCxIh2wBq-9z3gR0QI0wDh4TvVdRN95oFEWh-895J3IOcgSlciTRBp8A-G3myH1DE1NGwAxdVVkz226K5unBUYk.CUOnrJX7fMzSVD3RVv5jkwsE4qTUnyjWMXRXncm7ci0&dib_tag=se&keywords=platform+sandals+women&qid=1786417408&sr=8-31,https://m.media-amazon.com/images/I/81IyApfBfXL._AC_UL320_.jpg,27,排名进入前50；价格高于人民币等值¥288.00；评分达到4.0以上。
2026-08-11,amazon_us,product,search,women summer slippers,43,CHGANG,¥53.21,3.8,CHGANG,,,,,,https://www.amazon.com/CHGANG-House-Slippers-Womens-Cotton/dp/B0G58LHD6Y/ref=sr_1_30?dib=eyJ2IjoiMSJ9.3B_wBrVg1UMy5tWehIloEqcJ9-aVDJ_nzHv3-WRd7oepZiUeX5Ssn7U0ro-W6pI_NAXX23yMdsXb5GF-rTQWCTNmkRhJ_05Be8EpFUSi4nqWjvKV9evO5SXGOm_UkavROWWEoLKGgC3FkYVbdw2AY9CbS_hwMSGMeiKyGg3omXxa9LcqTlT2j4GsodsANPVu7adBMC-495VGUo6aCZcPszp3qfI6Vz0oYiEF06t1gFywv9rPemdcIAZNlv0Eai5GfrP7EcrUmVLPIzhiP-sSNHP1-6qZlwBx2Ld15hdEfwk._bMqCHi2W3QluEzRLChy7cRCwdJ4loRbcgTm-6GwTEk&dib_tag=se&keywords=women+summer+slippers&qid=1786417407&sr=8-30,https://m.media-amazon.com/images/I/71eCq66Oq9L._AC_UL320_.jpg,25,排名进入前50；价格低于人民币等值¥57.60。
2026-08-11,amazon_us,product,new_releases,New Releases Women Sandals,42,"CUSHIONAIRE Naty Jelly Kitten Heels for Women, Chic Slip-On Mule Design with Modern Open Square Toe Womens Heels",,4.1,$49.99,,,,,,https://www.amazon.com/CUSHIONAIRE-Kitten-Design-Modern-Square/dp/B0H4WJRW2B/ref=zg_bsnr_g_679425011_d_sccl_42/142-7760405-0885639?psc=1,"https://images-na.ssl-images-amazon.com/images/I/71TU4CazmuL._AC_UL300_SR300,200_.jpg",24,排名进入前50；评分达到4.0以上。
2026-08-11,amazon_us,product,new_releases,New Releases Women Sandals,46,"CUSHIONAIRE Erika Sandals for Women with Cut-Out Band and Ankle Strap, Cushioned Footbed Sandal, Wide Width Available",,4.2,$44.99,,,,,,https://www.amazon.com/CUSHIONAIRE-Sandals-Cut-Out-Cushioned-Available/dp/B0H2FS295W/ref=zg_bsnr_g_679425011_d_sccl_46/142-7760405-0885639?psc=1,"https://images-na.ssl-images-amazon.com/images/I/816ybN5HoaL._AC_UL300_SR300,200_.jpg",24,排名进入前50；评分达到4.0以上。
2026-08-11,amazon_us,product,best_sellers,Best Sellers Women Sandals,35,CUSHIONAIRE Pool Slides for Women Water Resistant Double Buckle Adjustable Slip-On Womens Sandals for Beach Shower Casual Wear,,3.8,$44.99,,,,,,https://www.amazon.com/CUSHIONAIRE-Sandals-Resistant-Double-Buckle/dp/B0GXHKZW5C/ref=zg_bs_g_679425011_d_sccl_35/142-7760405-0885639?psc=1,"https://images-na.ssl-images-amazon.com/images/I/71NStLIJ8SL._AC_UL300_SR300,200_.jpg",23,排名进入前50；标题包含 beach，符合美国女鞋舒适化趋势。
2026-08-11,amazon_us,product,search,platform sandals women,43,Madden Girl,¥403.34,3.8,Madden Girl,,,,,,https://www.amazon.com/Madden-Girl-Womens-Mythicall-Natural/dp/B0CNKPC4Y5/ref=sr_1_27?dib=eyJ2IjoiMSJ9.JGk5YzWo4YO7-puRDmTMUJkZXwC3U2tW3QWYWUBMAYsPb83jjm0z8AQ_mPQ7Y3S_f3SEZd3I5OvYncpX2A4ywVCr28NXhJvBI4kc_PtVZpFQLiuWX6cQpAvYyr5eD17Kg-f9x-gPkMeqLY8MVOjrbcKLCZFRFk7ir0rV-F9w9UwvBarOCNNgIy9w2aE4AliBESSxwL6VpwQZ185FDNk3UCxIh2wBq-9z3gR0QI0wDh4TvVdRN95oFEWh-895J3IOcgSlciTRBp8A-G3myH1DE1NGwAxdVVkz226K5unBUYk.CUOnrJX7fMzSVD3RVv5jkwsE4qTUnyjWMXRXncm7ci0&dib_tag=se&keywords=platform+sandals+women&qid=1786417408&sr=8-27,https://m.media-amazon.com/images/I/71SNHrdlHML._AC_UL320_.jpg,23,排名进入前50；价格高于人民币等值¥288.00。
2026-08-11,amazon_us,product,best_sellers,Best Sellers Women Sandals,41,"CUSHIONAIRE Miami Kitten Heels for Women, Thong Flip Flop Heeled Sandals with Memory Foam, Slip On Dressy Sandal",,3.9,$39.99,,,,,,https://www.amazon.com/CUSHIONAIRE-Womens-Kitten-sandals-Available/dp/B0DB9JN4K3/ref=zg_bs_g_679425011_d_sccl_41/142-7760405-0885639?psc=1,"https://images-na.ssl-images-amazon.com/images/I/71P702x5XoL._AC_UL300_SR300,200_.jpg",20,排名进入前50。
