date,source,data_type,list_type,keyword,rank,title,price,rating,review_count,likes,comments,views,published_at,competition_count,product_url,image_url,hot_score,reason
2026-09-08,amazon_us,product,search,platform sandals women,22,"UBFEN Womens Platform Wedge Sandals Orthopedic Arch Support | Espadrille Slides, Comfortable Cushioned, Dressy for Summer Walking, Beach Vacation UBFEN Womens Platform Wedge Sandals Orthopedic Arch Support | Espadrille Slides, Comfortable Cushio…",¥287.93,4.6,4.6,,,,,,https://sponsored-ads.amazon.com/clk/?_encoding=UTF8&p=eAFVUMuK01AYpg7qUMcLXYxQdxW7qJzmYtL0VIrkcmaMbdNL2up0czjNObkwaZLmxHboom_gRgSfQ2YnuHHhE_g8ItgR8Vt98F3-n6_sHX_99uvnncp9fTofWT2790600KRWkhqnPkuiK7yZbLZzniTo-U6AcPOmc6prgROeDceDRe7EHI6Uwfsd3E7uyWJTlqVmq90UF7dcY3mso-lrNLHdyuPyXcr4ZZFmlZOZM0Hm8NyxF8iqXpfKT28UzBnJvRBnLPfSmBQMR0kcJQwvC79SJiuyS5Oml66qT_gSeDHhPPLAIQMOTpBJtdsswTO3ofIlKEK2YhR4aRwzr4jSBGxkcHMMeCSnHGQkSgqWAy9NCpYU8jNjojsWNof9PjKn9tBxse30bQfhvj1H2EJubzoc1Vrlkvjo45frHx--W9UHfysPT9QeyqIoQklSJU1pSZokH81cq3NkjsxGr_LSMnQzO7OBpu-N9QGBvjfG65HlIP1_7I1gb4z3hv6HBNUTM0BX5zoKQpIy-XOp_KkUFkXGO4Kw3W6b_yYSgkwgW4EKhnjeuhi4F5b8KqM4pziLQ5p3i3rICfZyHNGuWF9HtCtp7XZbUTVVqfO8KwEVqERVW7IPgU99ChRJlAD0IQVUaxECIWwrL-R61CUZr5Oc-d3xJYSzge4P3_4GRiO8kw&v=c1&r=https%3A%2F%2Fwww.amazon.com%2Fgp%2Faw%2Fd%2FB0G6YMSYD2%3Fpd_rd_plhdr%3Dt%26hsa_cr_id%3D0%26qid%3D1788845754%26sr%3D1-5-5a5562f9-fdfd-4101-9f9d-d76aa9998432%26i%3Daps%26aref%3DQk99UMAfOW&ref_=sbx__sbtcd2_asin_4_bkgd&pd_rd_w=Uj6Ch&content-id=amzn1.sym.90f77631-9599-4fe0-95f8-a40adfe1c762%3Aamzn1.sym.90f77631-9599-4fe0-95f8-a40adfe1c762&pf_rd_p=90f77631-9599-4fe0-95f8-a40adfe1c762&pf_rd_r=6AZFCG79HB3CJ8HFYWSJ&pd_rd_wg=uexck&pd_rd_r=2066ce0a-08b5-4173-9018-a0a30ff0e79a,"https://m.media-amazon.com/images/I/71CpcxiqsNL._AC_SR322,134_CB1169409_QL70_.jpg",100,排名进入前30；价格处于人民币等值¥180.00-¥288.00区间；标题包含 platform、orthopedic、comfort、arch support、beach、summer、wedge，符合美国女鞋舒适化趋势；platform + comfort组合趋势加分；orthopedic + arch support组合趋势加分；评分达到4.6以上。
2026-09-08,amazon_us,product,search,platform sandals women,18,"UBFEN Womens Espadrille Platform Sandals Low Wedge Orthopedic Arch Support | Cushion Insole, Comfortable Dressy Buckle Sandals for Walking and Vacation, Low Heel, Adjustable Strap UBFEN Womens Espadrille Platform Sandals Low Wedge Orthopedic Arch Support | Cushion Insole, Comfortable…",¥287.93,4.5,4.5,,,,,,https://sponsored-ads.amazon.com/clk/?_encoding=UTF8&p=eAFVUMtu00AUVaiAKpSHsihS2AWRRdHEHhPbmaII-TENJqmTOI9CNqOJZ_xQXdv1mKTKIn_ABiHxHag7JDYs-AK-ByGRIsRZHek87tWp-vtfv_36ead235jOR3bf6b-Vbew1KvDoMOBpfEVW3mo9F2mKn28khFZvjg8NPXSjk-H4dFG4iUCj9un7DVp79xS5pSiwpXVa8uLWxFzuG3j6GnvOpPa4epdxcV5mee1g5nrYGvZcZ4Ht-nWl-vRGIYLTwo9Izgs_S2jJSZwmccrJsgxqVXpBN1na8rOL-hOxBH5ChYh9sMuAnRPksHGbp2Q2OVLFEpQRv-AM-FmScL-MsxSsFHBzDPi0YALkNE5LXgA_S0uelsoz0zNcm1jDwQBbU2foTojjDhwXk4Ezx8TGk_50OGpo1Yr86OOX6x8fvtv1B38rd080HiqyLCMIVai3NahDZW82sY_3rJF11K-9tE3Dyk8coBtb83KH0Nia48uR7WLjf2zNcGuOt6bxh4T1AyvEVz0DhxHNuPK5Uv1UicoyF8eStF6vW_8mksJcomuJSabc0955mj3qvMoZKRjJk4gV3bIZCUr8gsSsKzcvY9aFeqfTaau62m6KogsBBCpVVU0JEAhYwEAbyhCgADHAdI1ShFCn_UJpxl2aiyYteNAdnyM0OzWC4dlvOW68dA&v=c1&r=https%3A%2F%2Fwww.amazon.com%2Fgp%2Faw%2Fd%2FB0G6YR6DP8%3Fpd_rd_plhdr%3Dt%26hsa_cr_id%3D0%26qid%3D1788845754%26sr%3D1-1-5a5562f9-fdfd-4101-9f9d-d76aa9998432%26i%3Daps%26aref%3DQk99UMAfOW&ref_=sbx__sbtcd2_asin_0_bkgd&pd_rd_w=Uj6Ch&content-id=amzn1.sym.90f77631-9599-4fe0-95f8-a40adfe1c762%3Aamzn1.sym.90f77631-9599-4fe0-95f8-a40adfe1c762&pf_rd_p=90f77631-9599-4fe0-95f8-a40adfe1c762&pf_rd_r=6AZFCG79HB3CJ8HFYWSJ&pd_rd_wg=uexck&pd_rd_r=2066ce0a-08b5-4173-9018-a0a30ff0e79a,"https://m.media-amazon.com/images/I/71Cs5sEmDeL._AC_SR322,134_CB1169409_QL70_.jpg",97,排名进入前30；价格处于人民币等值¥180.00-¥288.00区间；标题包含 platform、orthopedic、comfort、arch support、wedge，符合美国女鞋舒适化趋势；platform + comfort组合趋势加分；orthopedic + arch support组合趋势加分；评分达到4.3以上。
2026-09-08,amazon_us,product,search,platform sandals women,21,"UBFEN Womens Platform Sandals Low Wedge Espadrille Orthopedic Arch Support | Cushion Insole, Adjustable Back Strap, Dressy, Comfortable, Lightweight, Walking Sandals for Vacation UBFEN Womens Platform Sandals Low Wedge Espadrille Orthopedic Arch Support | Cushion Insole, Adj…",¥287.86,4.4,4.4,,,,,,https://sponsored-ads.amazon.com/clk/?_encoding=UTF8&p=eAFVUMtu00AUVaiAKpSHsihS2AWRRdDED-w4U2QhP6bBTeo8nLSom9HEM36oju14TFx1kT9gg5D4DtQdEhsWfAHfg5BIEeKsjnQe9-rU_f2v3379vNd4aMzPJvbQGb4TbTRr1aTOYcDS-ApvZpvqjKcpenktQLg5OTo0tNCNjsfT04vCTTicKKfvr2E1eyCLXVmWur1-V7y445nLfQPN36KZ4zWe1u9Txi_LLG8cLNwZssYD17lAdvOmVn9-q2DOSOFHOGeFnyWkZDhOkzhleFkGjTpZkess7frZqvmML4GfEM5jH-wyYOcEudS6y1K88DoqX4IyYitGgZ8lCfPLOEvBRga3x4BPCspBTuK0ZAXws7RkaSm_MGeGa2NrPBoha-6MXQ877shxER45ZwjbyBvOx5NWr14Tn3z8cvPjw3e7-ehv5e6J1mNZFEUoSaqkKT1Jk-S9hWcf7VkTqzNsvLZNw8qPHaAZW3O9Q2hszel6YrvI-B9bM9ya061p_CFh88AK0dXAQGFEMiZ_rtU_1aKyzPmRIFRV1f03kRDmAqkEKpji4MSTRyfq-Zuc4oLiPIlooZftiBPsFzimuthex1SXtH6_r6iaqrR5oUtAASpR1Z4cQBDQgAJFEiUAA0gB1XqEQAj7yiu5Hesk521SsECfXkK4ODWC8flvQBe8hQ&v=c1&r=https%3A%2F%2Fwww.amazon.com%2Fgp%2Faw%2Fd%2FB0GJS2LJ5W%3Fpd_rd_plhdr%3Dt%26hsa_cr_id%3D0%26qid%3D1788845754%26sr%3D1-4-5a5562f9-fdfd-4101-9f9d-d76aa9998432%26i%3Daps%26aref%3DQk99UMAfOW&ref_=sbx__sbtcd2_asin_3_bkgd&pd_rd_w=Uj6Ch&content-id=amzn1.sym.90f77631-9599-4fe0-95f8-a40adfe1c762%3Aamzn1.sym.90f77631-9599-4fe0-95f8-a40adfe1c762&pf_rd_p=90f77631-9599-4fe0-95f8-a40adfe1c762&pf_rd_r=6AZFCG79HB3CJ8HFYWSJ&pd_rd_wg=uexck&pd_rd_r=2066ce0a-08b5-4173-9018-a0a30ff0e79a,"https://m.media-amazon.com/images/I/81mta1Mp3vL._AC_SR322,134_CB1169409_QL70_.jpg",97,排名进入前30；价格处于人民币等值¥180.00-¥288.00区间；标题包含 platform、orthopedic、comfort、arch support、wedge，符合美国女鞋舒适化趋势；platform + comfort组合趋势加分；orthopedic + arch support组合趋势加分；评分达到4.3以上。
2026-09-08,amazon_us,product,search,platform sandals women,19,"UBFEN Womens Platform Wedge Sandals Orthopedic Arch Support | Espadrille Slides, Comfortable Cushioned, Dressy for Summer Walking, Beach Vacation UBFEN Womens Platform Wedge Sandals Orthopedic Arch Support | Espadrille Slides, Comfortable Cushio…",¥359.93,4.6,4.6,,,,,,https://sponsored-ads.amazon.com/clk/?_encoding=UTF8&p=eAFVUMuK01AYpg7qUMcLXYxQdxW7qJzmYtP0VIrkcqbGtum9M9PN4TTn5MKkSZoTm6GLvoEbEXwOmZ3gxoVP4POIYEfEb_XBd_l_vqJz_PXbr5_3Sg-12WJk9qzehWiiSaUg1U5dFgXXeDvZ5gseRejlToBw-659qqme7Z8Nx4NlaoccjhqD9zuYTx7IYl2WpXqzVReXd6b66lhDs7doYk1LT4v3KeNXWZyUTub2BBnDrm0tkVm-KRSf3yqYM5I6Pk5Y6sQhyRgOojCIGF5lbqlI1mQXR3UnXpef8RVwQsJ54IBDBhycIJEqd1mE59Oawlcg89maUeDEYcicLIgjsJXB7THgkJRykJAgylgKnDjKWJTJL_SJZpvYGPb7yJhZQ3uKLbtv2Qj3rQXCJpr2ZsNRpVksiE8-frn58eG7WX70t_LwROWxLIoilCRFUhtNSZXko_nUbB8ZI6PWK702dc1Iziygant9c4Cn7fXxZmTaSPsfe93b6-O9rv0hXvnE8NB1V0OeT2Imfy4UPxX8LEt4WxDyPK__m0jwEoHkAhV0sdu8XF5c9s03CcUpxUno07STVX1OsJPigHbE6iagHUlttVoNRVUaVZ52JCADhShKU3YhcKlLQUMSJQBdSAFVm4RACFuNV3I16JCEV0nK3M74CsL5QHOH578BWEq8vA&v=c1&r=https%3A%2F%2Fwww.amazon.com%2Fgp%2Faw%2Fd%2FB0G6YZXYLD%3Fpd_rd_plhdr%3Dt%26hsa_cr_id%3D0%26qid%3D1788845754%26sr%3D1-2-5a5562f9-fdfd-4101-9f9d-d76aa9998432%26i%3Daps%26aref%3DQk99UMAfOW&ref_=sbx__sbtcd2_asin_1_bkgd&pd_rd_w=Uj6Ch&content-id=amzn1.sym.90f77631-9599-4fe0-95f8-a40adfe1c762%3Aamzn1.sym.90f77631-9599-4fe0-95f8-a40adfe1c762&pf_rd_p=90f77631-9599-4fe0-95f8-a40adfe1c762&pf_rd_r=6AZFCG79HB3CJ8HFYWSJ&pd_rd_wg=uexck&pd_rd_r=2066ce0a-08b5-4173-9018-a0a30ff0e79a,"https://m.media-amazon.com/images/I/71LWkfwnDvL._AC_SR322,134_CB1169409_QL70_.jpg",93,排名进入前30；价格高于人民币等值¥288.00；标题包含 platform、orthopedic、comfort、arch support、beach、summer、wedge，符合美国女鞋舒适化趋势；platform + comfort组合趋势加分；orthopedic + arch support组合趋势加分；评分达到4.6以上。
2026-09-08,amazon_us,product,search,women slides,12,"Shower Shoes for Women & Men - Non-Slip House Slippers - Cloud Comfort Slides - Quick-Dry, Arch Support - Perfect for Bathroom, Beach, Pool, Travel",¥71.86,4.4,"Price, product page $9.98 $ 9 . 98",,,,,,https://www.amazon.com/sspa/click?ie=UTF8&spc=MTozNjIzMzkxMDUzMjY4MzU6MTc4ODg0NTc1NDpzcF9zZWFyY2hfdGhlbWF0aWM6MzAwNzc5NTk3Mzg1MDAyOjowOjo&url=%2FKattmas-Shower-Shoes-Women-Men%2Fdp%2FB0D262RW1V%2Fref%3Dsxin_15_pa_sp_search_thematic_sspa%3Fcontent-id%3Damzn1.sym.3553e585-d0c8-423a-845e-cf785d8e065d%253Aamzn1.sym.3553e585-d0c8-423a-845e-cf785d8e065d%26cv_ct_cx%3Dwomen%2Bslides%26keywords%3Dwomen%2Bslides%26pd_rd_i%3DB0D262RW1V%26pd_rd_r%3D3bc663ed-78ef-476f-bb14-ac9e15a813ac%26pd_rd_w%3DO1YNM%26pd_rd_wg%3DIt0rJ%26pf_rd_p%3D3553e585-d0c8-423a-845e-cf785d8e065d%26pf_rd_r%3DV4V1HT8KVBK7WSZYJBQD%26qid%3D1788845754%26sbo%3DRZvfv%252F%252FHxDF%252BO5021pAnSA%253D%253D%26sr%3D1-1-e169343e-09af-4d41-85b1-8335fe8f32d0-spons%26aref%3DQfuKpR2KzL%26sp_csd%3Dd2lkZ2V0TmFtZT1zcF9zZWFyY2hfdGhlbWF0aWM%26psc%3D1&aref=QfuKpR2KzL,https://m.media-amazon.com/images/I/71Jlma4M71L._AC_UL320_.jpg,87,排名进入前30；价格处于人民币等值¥57.60-¥180.00黄金区间；标题包含 cloud、comfort、arch support、beach，符合美国女鞋舒适化趋势；cloud + slides组合趋势加分；评分达到4.3以上。
2026-09-08,amazon_us,product,new_releases,New Releases Women Sandals,9,IDIFU Platform Chunky Block Strappy Heels Sandals | Slingback Heeled Sandals Thick Open Square Toe Comfortable Dress Shoes for Women Wedding Work Prom Ladies Cute Heel,,4.6,$49.99,,,,,,https://www.amazon.com/IDIFU-Platform-Chunky-Strappy-Sandals/dp/B0H1LR1GFW/ref=zg_bsnr_g_679425011_d_sccl_9/140-3637061-9872510?psc=1,"https://images-na.ssl-images-amazon.com/images/I/61zeFLRuxkL._AC_UL600_SR600,400_.jpg",79,排名靠前；标题包含 platform、comfort，符合美国女鞋舒适化趋势；platform + comfort组合趋势加分；评分达到4.6以上。
2026-09-08,amazon_us,product,best_sellers,Best Sellers Women Sandals,10,Project Cloud 100% Genuine Leather Womens Sandals Slides for Women (Venita) | Cork Footbed Sandals for Women with Memory Foam and Arch Support Vacation Essentials Slides Women Footwear Flat Sandals,,4.3,$28.40,,,,,,https://www.amazon.com/Project-Cloud-Comfortable-Essentials-Vacation/dp/B0D1RKKCH8/ref=zg_bs_g_679425011_d_sccl_10/145-9042852-1426506?psc=1,"https://images-na.ssl-images-amazon.com/images/I/91FN+pG6RHL._AC_UL600_SR600,400_.jpg",76,排名靠前；标题包含 cloud、arch support，符合美国女鞋舒适化趋势；cloud + slides组合趋势加分；评分达到4.3以上。
2026-09-08,amazon_us,product,search,women summer slippers,1,"RockDove Women's Faux Shearling Closed Back Slipper | Fuzzy, Warm, Cozy, Soft, Thick Fuax Fur, Non-Slip, Cute, Machine Washable, Comfortable, Skin-Friendly, Gift-Ready RockDove Women's Faux Shearling Closed Back Slippe…",¥122.33,4.5,,,,,,,https://aax-us-east-retail-direct.amazon.com/x/c/JO0sY3ehsvd2ZdTlerKkSx4AAAGgf4QF2wEAAAH2AQBvbm9fdHhuX2JpZDMgICBvbm9fdHhuX2ltcDEgICAkLueg/clv1c_ek-wBHHSJUjb7g5bFINGmC6Jo1MFW5Br3xH5VwIVakstWP5UWcXVI6rImHpkoTM3vuUo7krAOxioW2c7Et8KpwZ0Nz8Ad_v-ak2ezAySIRK0-x2JOr_K5eRFgEt6ilox0SofPzUi1XKav_fAhLZAZ35JSRw_pFTlgoTxzXcqqgUYU0ndD8Gr1CIIZXLseNvcBSGS0-hXJwLQymK3s03oenpbed07TJ76iIDpKDmwzB-sFRY6jHUpiIwHmtlKE5VlkyNP0wlXFU1RYdBM2EniIlCXzerCD5LG_5YR_KHLcLuW5DGRCjkr0qJSb0zWONmkgJuEhkTPS8jIjdjZVEPC2ftVWWe9iUTJMrQWEhExhVz9mbbeL4RCt1Hw-1C-ON_tFaQgMjX7eUOv-1Ipf5brmF8op1NbxQp4Oakz4-bTUrvKOVDI39pzPd72HJH283HfXgg4CaRLuLLTmIBp1fvkxU1_3Xo7v7pLIx4Wpj26G_X6A9C_DieNRmqxvlNl5GgIHUhJszQrblCzf5_lGQYHOr11BEQfSltxS-zXWBFHyFkxbeC2FsZyj6q8tpRVYNJl7ODO6W9gkqVpqZAceU9n2Pkdpqs9gyhZw3bB019e4JLrC4HxdCxA2HiUc9T9BonxpiPt18jp_onTiWYTPHjWvZoKTT0rDF73Zl5aU-7osxqnygiWnmR3w3bXjhMapl5feUeU3h7e02C7usW52ie4PnTL_nKn8LaesXPwSWA8O32qDYhJpL0YxyjErhkWUjzuSZUVqqNkRh1qRM3JOnXl7eWIOXNg8NKcT7RWlJM5GgDBnzMKaX7Cilf6bmnM_mDoBBeW_-a_Ot4LsuLBWzMAi20Pq7VHn0HW9cCMWuhxnDEYnLJrWCJ0lHzL8gbxNVkLetp5DwohYsLxAXNJ-llHMBNanPWbkTbCZZ23VPJ_c8oLaF_Sb0OBjTJVF2HtC1Uu35QAQ0nMMDvGrqZQwWF--OEVkh-P1nX1qWcEvhy6FH-ddtx2PyFtBBKUBvDdMRRPCYytpxCgH4D8r5AQ1MHhBd8kXqos0vfd1A5iAniY3G-kL0O-YxDtO8gRx-b6c7QZihnDXZUzLJrkqtbnn0ksnhqrGO-ZtewWF6d9Ud-RnMfpGLtRIOR_bdrCriVlPriB_O1Ozddp4W6egTXpW2FQxMhfrfTRjdq_-ena3WN1VvYsNk1K7Xranmn_BiDBMf06_zh5LRhgBhjw3ExCDgSf_CsnCEcfPgUjFXPqyzVb23euaZ6uIliGvYZrsWR2bodZBWIjuf7_kV2niDBsJIfz2UYYzO0ijGJR-kBsFZxr7m-7GBaVNbzlAnMELvNWMJVsq36SIOgbbHSnPVr7rZSCLvtuVjtzwMMLmBElquY5tPk_z9G7ZrwUWNGVHO_oGOGMXAVZA79dhQSsKc634HeiL4cT0R8no7Pp94CBSuSkRDggsvYMupCyhqO8-R84WnWTEs4w3uN_LztrH8f8EnB68StrJsAspzGPlPXWbdAJW_SJFq9U8uD0e2EDpThG6O3FvTXni6fVjBA_oRdD5dcwd31-z7-RyeqRIZvgNVMnH1tRF3ACtgqWUE1mhkkHbDLxNj69OppV2tQZaWmvx8CEx7vVyj-itsYBuZ3hWL2HE1cE_y8kmluWx3vhKvbF9LGr7RW3wqqFPPbL4MBHrLePHwoZlzl1xeqwUTWzk6K9B_NOTpeVyfnvQI51m-Le/https://www.amazon.com/gp/aw/d/B0CRR5T673/?_encoding=UTF8&pd_rd_plhdr=t&aaxitk=f0c72c4147bd63b99bb10865004b7c23&hsa_cr_id=0&qid=1788845753&sr=1-1-9e67e56a-6f64-441f-a281-df67fc737124&i=aps&aref=NdJWnfwhdh&ref_=sbx_s_sparkle_sbtcd_asin_0_bkgd&pd_rd_w=xG0mK&content-id=amzn1.sym.8de9b3d5-f5c5-40e9-9b39-d65f08d6ea68%3Aamzn1.sym.8de9b3d5-f5c5-40e9-9b39-d65f08d6ea68&pf_rd_p=8de9b3d5-f5c5-40e9-9b39-d65f08d6ea68&pf_rd_r=W3XMZ345ZCAKV26T3MAY&pd_rd_wg=tzgOx&pd_rd_r=88cf3d0f-585e-49c1-969b-324b2c6c1c8f,"https://m.media-amazon.com/images/I/81gi+F5sILL._AC_SR160,134_CB1169409_QL70_.jpg",76,排名靠前；价格处于人民币等值¥57.60-¥180.00黄金区间；标题包含 comfort、soft，符合美国女鞋舒适化趋势；评分达到4.3以上。
2026-09-08,amazon_us,product,new_releases,New Releases Women Sandals,6,Project Cloud Platform Sandals Women - Wedge Sandals for Women 2026 (Silly) | Womens Sandals Comfortable with Soft & Plush Insole - Non Slip Beach Essentials Womens Slide - Stylish Women Footwear,,3.7,$32.90,,,,,,https://www.amazon.com/Project-Cloud-Platform-Sandals-Women/dp/B0H275S7FH/ref=zg_bsnr_g_679425011_d_sccl_6/140-3637061-9872510?psc=1,"https://images-na.ssl-images-amazon.com/images/I/71lcJ5wbS4L._AC_UL600_SR600,400_.jpg",75,排名靠前；标题包含 cloud、platform、comfort、soft、beach、wedge，符合美国女鞋舒适化趋势；platform + comfort组合趋势加分。
2026-09-08,amazon_us,product,new_releases,New Releases Women Sandals,8,"MellowSoft Cloud Slides for Women & Men, Thick Shock-Absorbing Sole | Ultra Soft CloudFoam Cushioning Slides, Lightweight Anti-Slip Recovery Sandals for Indoor & Outdoor Comfort",,3.7,$39.00,,,,,,https://www.amazon.com/MellowSoft-Cloud-Slides-CloudFoam-Cushioning/dp/B0H52VV17P/ref=zg_bsnr_g_679425011_d_sccl_8/140-3637061-9872510?psc=1,"https://images-na.ssl-images-amazon.com/images/I/51KGd55hl5L._AC_UL600_SR600,400_.jpg",75,排名靠前；标题包含 cloud、recovery、comfort、soft，符合美国女鞋舒适化趋势；cloud + slides组合趋势加分。
2026-09-08,amazon_us,product,new_releases,New Releases Women Sandals,36,"UBFEN Womens Low Wedge Platform Sandals Espadrille Orthopedic Arch Support | Cushion Insole, Comfortable for Walking, Adjustable Strap, 2 Inches Platform Heel Height, Dressy for Vacation, Travel, Dating",,4.9,$39.99,,,,,,https://www.amazon.com/UBFEN-Platform-Sandals-Espadrille-Orthopedic/dp/B0H6W1D3TJ/ref=zg_bsnr_g_679425011_d_sccl_36/145-9042852-1426506?psc=1,"https://images-na.ssl-images-amazon.com/images/I/71gIqt-y9NL._AC_UL300_SR300,200_.jpg",75,排名进入前50；标题包含 platform、orthopedic、comfort、arch support、wedge，符合美国女鞋舒适化趋势；platform + comfort组合趋势加分；orthopedic + arch support组合趋势加分；评分达到4.6以上。
2026-09-08,amazon_us,product,search,platform sandals women,28,Women's Suede Platform Wedge Heel Slide Sandals Y2K Round Open Toe One Strap Slip-On Heeled Sandals Stylish Comfortable Daily Casual Summer Slippers,¥237.53,3.6,"Price, product page $32.99 $ 32 . 99",,,,,,https://www.amazon.com/NBZKBNG-Platform-Sandals-Comfortable-Slippers/dp/B0FXRQXXLG/ref=sr_1_14?dib=eyJ2IjoiMSJ9.FPoSxH-pDUFI745W7ytbodcUw-hme5sdwMWJdkLhJVri1AzfM_0C74iSFtuRczTeT29itzOslVsFKLPCB3CM1cROU3kQ3mRb5EFaKkRN8DE5eDktEsI_MqCX2uB9o5VLqZaIygbiIrAK57q7_01vdkmVsbj-N0S4iqpEuuIA6n9HM2Zgf5l9vqAnabKtdS70CZPAL4cl7-HtwbCMEn8ltI155-abWBJ38tbvFH6kQ5xr3_m7rkkJVIOyubsYLozf9SyDQSwgktBClQfFslKgOKVIIQqAZnTTODZOyk9rJbU.LUWNXsH0V6sg-yv-d0ujeZL0PybscKG5cReYS37iOMc&dib_tag=se&keywords=platform+sandals+women&qid=1788845754&sr=8-14,https://m.media-amazon.com/images/I/61psKHoQPtL._AC_UL320_.jpg,75,排名进入前30；价格处于人民币等值¥180.00-¥288.00区间；标题包含 platform、comfort、summer、wedge，符合美国女鞋舒适化趋势；platform + comfort组合趋势加分。
2026-09-08,amazon_us,product,best_sellers,Best Sellers Women Sandals,30,"shevalues Orthopedic Sandals for Women, Arch Support Recovery Flip Flops | Orthotic Pillow Soft Summer Beach Shoes, Comfortable for Plantar Fasciitis",,4.2,$18.99,,,,,,https://www.amazon.com/Orthotic-Pillow-Recovery-Sandals-Support/dp/B09LC836QG/ref=zg_bs_g_679425011_d_sccl_30/145-9042852-1426506?psc=1,"https://images-na.ssl-images-amazon.com/images/I/61qX-fKai7L._AC_UL600_SR600,400_.jpg",74,排名进入前30；标题包含 recovery、orthopedic、comfort、arch support、soft、beach、summer，符合美国女鞋舒适化趋势；orthopedic + arch support组合趋势加分；评分达到4.0以上。
2026-09-08,amazon_us,product,search,women summer slippers,5,"RockDove Women's Pluffie Open Toe Slippers | Arch Support & Memory Foam, Cozy Faux Fur, Gift-Ready Design, Indoor & Outdoor Comfort RockDove Women's Pluffie Open Toe Slippers | Arch Sup…",¥201.53,4.4,,,,,,,https://aax-us-east-retail-direct.amazon.com/x/c/JO0sY3ehsvd2ZdTlerKkSx4AAAGgf4QF2wEAAAH2AQBvbm9fdHhuX2JpZDMgICBvbm9fdHhuX2ltcDEgICAkLueg/clv1c_ek-wBHHSJUjb7g5bFINGmC6Jo1MFW5Br3xH5VwIVakstWP5UWcXVI6rImHpkoTM3vuUo7krAOxioW2c7Et8KpwZ0Nz8Ad_v-ak2ezAySIRK0-x2JOr_K5eRFgEt6ilox0SofPzUi1XKav_fAhLZAZ35JSRw_pFTlgoTxzXcqqgUYU0ndD8Gr1CIIZXLseNvcBSGS0-hXJwLQymK3s03oenpbed07TJ76iIDpKDmwzB-sFRY6jHUpiIwHmtlKE5VlkyNP0wlXFU1RYdBM2EniIlCXzerCD5LG_5YR_KHLcLuW5DGRCjkr0qJSb0zWONmkgJuEhkTPS8jIjdjZVEPC2ftVWWe9iUTJMrQWEhExhVz9mbbeL4RCt1Hw-1C-ON_tFaQgMjX7eUOv-1Ipf5brmF8op1NbxQp4Oakz4-bTUrvKOVDI39pzPd72HJH283HfXgg4CaRLuLLTmIBp1fvkxU1_3Xo7v7pLIx4Wpj26G_X6A9C_DieNRmqxvlNl5GgIHUhJszQrblCzf5_lGQYHOr11BEQfSltxS-zXWBFHyFkxbeC2FsZyj6q8tpRVYNJl7ODO6W9gkqVpqZAceU9n2Pkdpqs9gyhZw3bB019e4JLrC4HxdCxA2HiUc9T9BonxpiPt18jp_onTiWYTPHjWvZoKTT0rDF73Zl5aU-7osxqnygiWnmR3w3bXjhMapl5feUeU3h7e02C7usW52ie4PnTL_nKn8LaesXPwSWA8O32qDYhJpL0YxyjErhkWUjzuSZUVqqNkRh1qRM3JOnXl7eWIOXNg8NKcT7RWlJM5GgDBnzMKaX7Cilf6bmnM_mDoBBeW_-a_Ot4LsuLBWzMAi20Pq7VHn0HW9cCMWuhxnDEYnLJrWCJ0lHzL8gbxNVkLetp5DwohYsLxAXNJ-llHMBNanPWbkTbCZZ23VPJ_c8oLaF_Sb0OBjTJVF2HtC1Uu35QAQ0nMMDvGrqZQwWF--OEVkh-P1nX1qWcEvhy6FH-ddtx2PyFtBBKUBvDdMRRPCYytpxCgH4D8r5AQ1MHhBd8kXqos0vfd1A5iAniY3G-kL0O-YxDtO8gRx-b6c7QZihnDXZUzLJrkqtbnn0ksnhqrGO-ZtewWF6d9Ud-RnMfpGLtRIOR_bdrCriVlPriB_O1Ozddp4W6egTXpW2FQxMhfrfTRjdq_-ena3WN1VvYsNk1K7Xranmn_BiDBMf06_zh5LRhgBhjw3ExCDgSf_CsnCEcfPgUjFXPqyzVb23euaZ6uIliGvYZrsWR2bodZBWIjuf7_kV2niDBsJIfz2UYYzO0ijGJR-kBsFZxr7m-7GBaVNbzlAnMELvNWMJVsq36SIOgbbHSnPVr7rZSCLvtuVjtzwMMLmBElquY5tPk_z9G7ZrwUWNGVHO_oGOGMXAVZA79dhQSsKc634HeiL4cT0R8no7Pp94CBSuSkRDggsvYMupCyhqO8-R84WnWTEs4w3uN_LztrH8f8EnB68StrJsAspzGPlPXWbdAJW_SJFq9U8uD0e2EDpThG6O3FvTXni6fVjBA_oRdD5dcwd31-z7-RyeqRIZvgNVMnH1tRF3ACtgqWUE1mhkkHbDLxNj69OppV2tQZaWmvx8CEx7vVyj-itsYBuZ3hWL2HE1cE_y8kmluWx3vhKvbF9LGr7RW3wqqFPPbL4MBHrLePHwoZlzl1xeqwUTWzk6K9B_NOTpeVyfnvQI51m-Le/https://www.amazon.com/gp/aw/d/B0FM3KDXFD/?_encoding=UTF8&pd_rd_plhdr=t&aaxitk=f0c72c4147bd63b99bb10865004b7c23&hsa_cr_id=0&qid=1788845753&sr=1-5-9e67e56a-6f64-441f-a281-df67fc737124&i=aps&aref=NdJWnfwhdh&ref_=sbx_s_sparkle_sbtcd_asin_4_bkgd&pd_rd_w=xG0mK&content-id=amzn1.sym.8de9b3d5-f5c5-40e9-9b39-d65f08d6ea68%3Aamzn1.sym.8de9b3d5-f5c5-40e9-9b39-d65f08d6ea68&pf_rd_p=8de9b3d5-f5c5-40e9-9b39-d65f08d6ea68&pf_rd_r=W3XMZ345ZCAKV26T3MAY&pd_rd_wg=tzgOx&pd_rd_r=88cf3d0f-585e-49c1-969b-324b2c6c1c8f,"https://m.media-amazon.com/images/I/81tYP0T8eWL._AC_SR160,134_CB1169409_QL70_.jpg",74,排名靠前；价格处于人民币等值¥180.00-¥288.00区间；标题包含 comfort、arch support，符合美国女鞋舒适化趋势；评分达到4.3以上。
2026-09-08,amazon_us,product,search,platform sandals women,23,UBFEN Womens Platform Sandals With Arch Support Comfy Walking Wedge Crisscross Band Summer Casual UBFEN Womens Platform Sandals With Arch Support Comfy Walking Wedge Crisscross Band Summer Ca…,¥143.64,4.1,4.1,,,,,,https://sponsored-ads.amazon.com/clk/?_encoding=UTF8&p=eAFVUMtu00AUVaiAKpSHsihS2AWRRdHEHmPHmaII-TFNTRLn4SRF3YwmnvFDdWzXY5Kqi_wBG4TEd6DukNiw4Av4HoREihBndaTzuFen6u9__fbr573aQ2O2GNt9p_9OtvG0UYFHhwFP4yuynq43C5Gm-OW1hND67fGhoYdudDKaDM8LNxForA7fX6PN9IEitxQFttqdlnx-xzOX-waeneKp49WeVu8zLi7KLK8dzN0ptkY91znHdv2mUn1-qxDBaeFHJOeFnyW05CROkzjlZFkGtSpd0essbfnZqv5MLIGfUCFiH-wyYOcEOWzc5SmZe0eaWIIy4ivOgJ8lCffLOEvBWgG3x4BPCyZATuO05AXws7Tkaam8MKeGaxNrNBhga-aMXI847sBxMRk4C0xs7PVno3GjXa3ITz5-ufnx4btdf_S3cvdE47EiyzKCUIO62oY6VPbmnn28Z42to37ttW0aVn7iAN3Ympc7hMbWnFyObRcb_2NrhltzsjWNPySsH1ghvuoZOIxoxpXPleqnSlSWuTiWpM1m0_o3kRTmEt1ITDLl3ukZ1IaW9yZnpGAkTyJWdMtmJCjxCxKzrty8jFkX6p1OR9V0TW2KogtBG2hU09pKgEDAAgZUKEOAAsQA09uUIoQ66iulGXdpLpq04EF3coHQfGgEo7PfPJa8fg&v=c1&r=https%3A%2F%2Fwww.amazon.com%2Fgp%2Faw%2Fd%2FB0GHW15MCS%3Fpd_rd_plhdr%3Dt%26hsa_cr_id%3D0%26qid%3D1788845754%26sr%3D1-6-5a5562f9-fdfd-4101-9f9d-d76aa9998432%26i%3Daps%26aref%3DQk99UMAfOW&ref_=sbx__sbtcd2_asin_5_bkgd&pd_rd_w=Uj6Ch&content-id=amzn1.sym.90f77631-9599-4fe0-95f8-a40adfe1c762%3Aamzn1.sym.90f77631-9599-4fe0-95f8-a40adfe1c762&pf_rd_p=90f77631-9599-4fe0-95f8-a40adfe1c762&pf_rd_r=6AZFCG79HB3CJ8HFYWSJ&pd_rd_wg=uexck&pd_rd_r=2066ce0a-08b5-4173-9018-a0a30ff0e79a,"https://m.media-amazon.com/images/I/61cow9BW-yL._AC_SR322,134_CB1169409_QL70_.jpg",74,排名进入前30；价格处于人民币等值¥57.60-¥180.00黄金区间；标题包含 platform、arch support、summer、wedge，符合美国女鞋舒适化趋势；评分达到4.0以上。
2026-09-08,amazon_us,product,best_sellers,Best Sellers Women Sandals,3,"Joomra Pillow Slippers for Women and Men Thick Sole Ultra Cushion Slides | Cloud-Like Sole, Quick Drying Shower Shoes, Soft Open Toe Indoor Outdoor Sandals",,4.3,$23.99,,,,,,https://www.amazon.com/Joomra-Slippers-Cushion-Massage-Bathroom/dp/B09653BWXT/ref=zg_bs_g_679425011_d_sccl_3/145-9042852-1426506?psc=1,"https://images-na.ssl-images-amazon.com/images/I/71pkhgTTRXL._AC_UL600_SR600,400_.jpg",73,排名靠前；标题包含 cloud、soft，符合美国女鞋舒适化趋势；cloud + slides组合趋势加分；评分达到4.3以上。
2026-09-08,amazon_us,product,search,women summer slippers,3,"RockDove Women's Nomad Faux Shearling Slipper | Indoor/Outdoor Sole, Non-Slip, Memory Foam, Machine Washable, Skin-Friendly, Comfortable, Fluffy, Warm, Gift-Ready RockDove Women's Nomad Faux Shearling Slipper | Indo…",¥136.73,4.4,,,,,,,https://aax-us-east-retail-direct.amazon.com/x/c/JO0sY3ehsvd2ZdTlerKkSx4AAAGgf4QF2wEAAAH2AQBvbm9fdHhuX2JpZDMgICBvbm9fdHhuX2ltcDEgICAkLueg/clv1c_ek-wBHHSJUjb7g5bFINGmC6Jo1MFW5Br3xH5VwIVakstWP5UWcXVI6rImHpkoTM3vuUo7krAOxioW2c7Et8KpwZ0Nz8Ad_v-ak2ezAySIRK0-x2JOr_K5eRFgEt6ilox0SofPzUi1XKav_fAhLZAZ35JSRw_pFTlgoTxzXcqqgUYU0ndD8Gr1CIIZXLseNvcBSGS0-hXJwLQymK3s03oenpbed07TJ76iIDpKDmwzB-sFRY6jHUpiIwHmtlKE5VlkyNP0wlXFU1RYdBM2EniIlCXzerCD5LG_5YR_KHLcLuW5DGRCjkr0qJSb0zWONmkgJuEhkTPS8jIjdjZVEPC2ftVWWe9iUTJMrQWEhExhVz9mbbeL4RCt1Hw-1C-ON_tFaQgMjX7eUOv-1Ipf5brmF8op1NbxQp4Oakz4-bTUrvKOVDI39pzPd72HJH283HfXgg4CaRLuLLTmIBp1fvkxU1_3Xo7v7pLIx4Wpj26G_X6A9C_DieNRmqxvlNl5GgIHUhJszQrblCzf5_lGQYHOr11BEQfSltxS-zXWBFHyFkxbeC2FsZyj6q8tpRVYNJl7ODO6W9gkqVpqZAceU9n2Pkdpqs9gyhZw3bB019e4JLrC4HxdCxA2HiUc9T9BonxpiPt18jp_onTiWYTPHjWvZoKTT0rDF73Zl5aU-7osxqnygiWnmR3w3bXjhMapl5feUeU3h7e02C7usW52ie4PnTL_nKn8LaesXPwSWA8O32qDYhJpL0YxyjErhkWUjzuSZUVqqNkRh1qRM3JOnXl7eWIOXNg8NKcT7RWlJM5GgDBnzMKaX7Cilf6bmnM_mDoBBeW_-a_Ot4LsuLBWzMAi20Pq7VHn0HW9cCMWuhxnDEYnLJrWCJ0lHzL8gbxNVkLetp5DwohYsLxAXNJ-llHMBNanPWbkTbCZZ23VPJ_c8oLaF_Sb0OBjTJVF2HtC1Uu35QAQ0nMMDvGrqZQwWF--OEVkh-P1nX1qWcEvhy6FH-ddtx2PyFtBBKUBvDdMRRPCYytpxCgH4D8r5AQ1MHhBd8kXqos0vfd1A5iAniY3G-kL0O-YxDtO8gRx-b6c7QZihnDXZUzLJrkqtbnn0ksnhqrGO-ZtewWF6d9Ud-RnMfpGLtRIOR_bdrCriVlPriB_O1Ozddp4W6egTXpW2FQxMhfrfTRjdq_-ena3WN1VvYsNk1K7Xranmn_BiDBMf06_zh5LRhgBhjw3ExCDgSf_CsnCEcfPgUjFXPqyzVb23euaZ6uIliGvYZrsWR2bodZBWIjuf7_kV2niDBsJIfz2UYYzO0ijGJR-kBsFZxr7m-7GBaVNbzlAnMELvNWMJVsq36SIOgbbHSnPVr7rZSCLvtuVjtzwMMLmBElquY5tPk_z9G7ZrwUWNGVHO_oGOGMXAVZA79dhQSsKc634HeiL4cT0R8no7Pp94CBSuSkRDggsvYMupCyhqO8-R84WnWTEs4w3uN_LztrH8f8EnB68StrJsAspzGPlPXWbdAJW_SJFq9U8uD0e2EDpThG6O3FvTXni6fVjBA_oRdD5dcwd31-z7-RyeqRIZvgNVMnH1tRF3ACtgqWUE1mhkkHbDLxNj69OppV2tQZaWmvx8CEx7vVyj-itsYBuZ3hWL2HE1cE_y8kmluWx3vhKvbF9LGr7RW3wqqFPPbL4MBHrLePHwoZlzl1xeqwUTWzk6K9B_NOTpeVyfnvQI51m-Le/https://www.amazon.com/gp/aw/d/B08CTGSH6V/?_encoding=UTF8&pd_rd_plhdr=t&aaxitk=f0c72c4147bd63b99bb10865004b7c23&hsa_cr_id=0&qid=1788845753&sr=1-3-9e67e56a-6f64-441f-a281-df67fc737124&i=aps&aref=NdJWnfwhdh&ref_=sbx_s_sparkle_sbtcd_asin_2_bkgd&pd_rd_w=xG0mK&content-id=amzn1.sym.8de9b3d5-f5c5-40e9-9b39-d65f08d6ea68%3Aamzn1.sym.8de9b3d5-f5c5-40e9-9b39-d65f08d6ea68&pf_rd_p=8de9b3d5-f5c5-40e9-9b39-d65f08d6ea68&pf_rd_r=W3XMZ345ZCAKV26T3MAY&pd_rd_wg=tzgOx&pd_rd_r=88cf3d0f-585e-49c1-969b-324b2c6c1c8f,"https://m.media-amazon.com/images/I/81EvdJqry4L._AC_SR160,134_CB1169409_QL70_.jpg",73,排名靠前；价格处于人民币等值¥57.60-¥180.00黄金区间；标题包含 comfort，符合美国女鞋舒适化趋势；评分达到4.3以上。
2026-09-08,amazon_us,product,search,women summer slippers,7,"RockDove Women's Nomad Faux Shearling Slipper | Indoor/Outdoor Sole, Non-Slip, Memory Foam, Machine Washable, Skin-Friendly, Comfortable, Fluffy, Warm, Gift-Ready RockDove Women's Nomad Faux Shearling Slipper | Indo…",¥172.73,4.4,,,,,,,https://aax-us-east-retail-direct.amazon.com/x/c/JO0sY3ehsvd2ZdTlerKkSx4AAAGgf4QF2wEAAAH2AQBvbm9fdHhuX2JpZDMgICBvbm9fdHhuX2ltcDEgICAkLueg/clv1c_ek-wBHHSJUjb7g5bFINGmC6Jo1MFW5Br3xH5VwIVakstWP5UWcXVI6rImHpkoTM3vuUo7krAOxioW2c7Et8KpwZ0Nz8Ad_v-ak2ezAySIRK0-x2JOr_K5eRFgEt6ilox0SofPzUi1XKav_fAhLZAZ35JSRw_pFTlgoTxzXcqqgUYU0ndD8Gr1CIIZXLseNvcBSGS0-hXJwLQymK3s03oenpbed07TJ76iIDpKDmwzB-sFRY6jHUpiIwHmtlKE5VlkyNP0wlXFU1RYdBM2EniIlCXzerCD5LG_5YR_KHLcLuW5DGRCjkr0qJSb0zWONmkgJuEhkTPS8jIjdjZVEPC2ftVWWe9iUTJMrQWEhExhVz9mbbeL4RCt1Hw-1C-ON_tFaQgMjX7eUOv-1Ipf5brmF8op1NbxQp4Oakz4-bTUrvKOVDI39pzPd72HJH283HfXgg4CaRLuLLTmIBp1fvkxU1_3Xo7v7pLIx4Wpj26G_X6A9C_DieNRmqxvlNl5GgIHUhJszQrblCzf5_lGQYHOr11BEQfSltxS-zXWBFHyFkxbeC2FsZyj6q8tpRVYNJl7ODO6W9gkqVpqZAceU9n2Pkdpqs9gyhZw3bB019e4JLrC4HxdCxA2HiUc9T9BonxpiPt18jp_onTiWYTPHjWvZoKTT0rDF73Zl5aU-7osxqnygiWnmR3w3bXjhMapl5feUeU3h7e02C7usW52ie4PnTL_nKn8LaesXPwSWA8O32qDYhJpL0YxyjErhkWUjzuSZUVqqNkRh1qRM3JOnXl7eWIOXNg8NKcT7RWlJM5GgDBnzMKaX7Cilf6bmnM_mDoBBeW_-a_Ot4LsuLBWzMAi20Pq7VHn0HW9cCMWuhxnDEYnLJrWCJ0lHzL8gbxNVkLetp5DwohYsLxAXNJ-llHMBNanPWbkTbCZZ23VPJ_c8oLaF_Sb0OBjTJVF2HtC1Uu35QAQ0nMMDvGrqZQwWF--OEVkh-P1nX1qWcEvhy6FH-ddtx2PyFtBBKUBvDdMRRPCYytpxCgH4D8r5AQ1MHhBd8kXqos0vfd1A5iAniY3G-kL0O-YxDtO8gRx-b6c7QZihnDXZUzLJrkqtbnn0ksnhqrGO-ZtewWF6d9Ud-RnMfpGLtRIOR_bdrCriVlPriB_O1Ozddp4W6egTXpW2FQxMhfrfTRjdq_-ena3WN1VvYsNk1K7Xranmn_BiDBMf06_zh5LRhgBhjw3ExCDgSf_CsnCEcfPgUjFXPqyzVb23euaZ6uIliGvYZrsWR2bodZBWIjuf7_kV2niDBsJIfz2UYYzO0ijGJR-kBsFZxr7m-7GBaVNbzlAnMELvNWMJVsq36SIOgbbHSnPVr7rZSCLvtuVjtzwMMLmBElquY5tPk_z9G7ZrwUWNGVHO_oGOGMXAVZA79dhQSsKc634HeiL4cT0R8no7Pp94CBSuSkRDggsvYMupCyhqO8-R84WnWTEs4w3uN_LztrH8f8EnB68StrJsAspzGPlPXWbdAJW_SJFq9U8uD0e2EDpThG6O3FvTXni6fVjBA_oRdD5dcwd31-z7-RyeqRIZvgNVMnH1tRF3ACtgqWUE1mhkkHbDLxNj69OppV2tQZaWmvx8CEx7vVyj-itsYBuZ3hWL2HE1cE_y8kmluWx3vhKvbF9LGr7RW3wqqFPPbL4MBHrLePHwoZlzl1xeqwUTWzk6K9B_NOTpeVyfnvQI51m-Le/https://www.amazon.com/gp/aw/d/B08CTGLS3C/?_encoding=UTF8&pd_rd_plhdr=t&aaxitk=f0c72c4147bd63b99bb10865004b7c23&hsa_cr_id=0&qid=1788845753&sr=1-7-9e67e56a-6f64-441f-a281-df67fc737124&i=aps&aref=NdJWnfwhdh&ref_=sbx_s_sparkle_sbtcd_asin_6_bkgd&pd_rd_w=xG0mK&content-id=amzn1.sym.8de9b3d5-f5c5-40e9-9b39-d65f08d6ea68%3Aamzn1.sym.8de9b3d5-f5c5-40e9-9b39-d65f08d6ea68&pf_rd_p=8de9b3d5-f5c5-40e9-9b39-d65f08d6ea68&pf_rd_r=W3XMZ345ZCAKV26T3MAY&pd_rd_wg=tzgOx&pd_rd_r=88cf3d0f-585e-49c1-969b-324b2c6c1c8f,"https://m.media-amazon.com/images/I/81uwMgMJXpL._AC_SR160,134_CB1169409_QL70_.jpg",73,排名靠前；价格处于人民币等值¥57.60-¥180.00黄金区间；标题包含 comfort，符合美国女鞋舒适化趋势；评分达到4.3以上。
2026-09-08,amazon_us,product,best_sellers,Best Sellers Women Sandals,2,KuaiLu Flip Flops for Women with Arch Support Summer Beach Thong Sandals | Comfortable Yoga Mat Walking Shoes Cushion Slip On Casual Outfits Indoor Outdoor,,4.3,$11.99,,,,,,https://www.amazon.com/KuaiLu-Support-Comfortable-Walking-Sandals/dp/B0C5ZRQS2X/ref=zg_bs_g_679425011_d_sccl_2/145-9042852-1426506?psc=1,"https://images-na.ssl-images-amazon.com/images/I/710PdcSAm6L._AC_UL600_SR600,400_.jpg",70,排名靠前；标题包含 comfort、arch support、beach、summer，符合美国女鞋舒适化趋势；评分达到4.3以上。
2026-09-08,amazon_us,product,search,women slides,13,"Shower Shoes Quick-Dry Non-Slip Bathroom Slippers for Men & Women,Quick-Dry Non-Slip, Home Slides Dorms, Gym, Pool, Spa, Camping, Beach",¥71.86,4.4,800+ bought in past month,,,,,,https://www.amazon.com/sspa/click?ie=UTF8&spc=MTozNjIzMzkxMDUzMjY4MzU6MTc4ODg0NTc1NDpzcF9zZWFyY2hfdGhlbWF0aWM6MzAwODcwMDkxNzc4MzAyOjoxOjo&url=%2FKattmas-Slippers-Bathroom-Flip-Flops-Essentials%2Fdp%2FB0D2QFSJK2%2Fref%3Dsxin_15_pa_sp_search_thematic_sspa%3Fcontent-id%3Damzn1.sym.3553e585-d0c8-423a-845e-cf785d8e065d%253Aamzn1.sym.3553e585-d0c8-423a-845e-cf785d8e065d%26cv_ct_cx%3Dwomen%2Bslides%26keywords%3Dwomen%2Bslides%26pd_rd_i%3DB0D2QFSJK2%26pd_rd_r%3D3bc663ed-78ef-476f-bb14-ac9e15a813ac%26pd_rd_w%3DO1YNM%26pd_rd_wg%3DIt0rJ%26pf_rd_p%3D3553e585-d0c8-423a-845e-cf785d8e065d%26pf_rd_r%3DV4V1HT8KVBK7WSZYJBQD%26qid%3D1788845754%26sbo%3DRZvfv%252F%252FHxDF%252BO5021pAnSA%253D%253D%26sr%3D1-2-e169343e-09af-4d41-85b1-8335fe8f32d0-spons%26aref%3DobqtWE4WbR%26sp_csd%3Dd2lkZ2V0TmFtZT1zcF9zZWFyY2hfdGhlbWF0aWM%26psc%3D1&aref=obqtWE4WbR,https://m.media-amazon.com/images/I/61qFDZJ0heL._AC_UL320_.jpg,70,排名进入前30；评论数达到300以上；价格处于人民币等值¥57.60-¥180.00黄金区间；标题包含 beach，符合美国女鞋舒适化趋势；评分达到4.3以上。
2026-09-08,amazon_us,product,best_sellers,Best Sellers Women Sandals,17,Project Cloud 100% Genuine Leather Sandals Women Comfortable Womens Slides | Slides for Women Beach Essential Lightweight Footwear with Memory Foam Insole Everyday Summer Sandals for Women,,4.0,$19.90,,,,,,https://www.amazon.com/Project-Cloud-Essentials-Footwear-Lightweight-2026-Womens/dp/B0FWFL4D3Y/ref=zg_bs_g_679425011_d_sccl_17/145-9042852-1426506?psc=1,"https://images-na.ssl-images-amazon.com/images/I/813ApkmeC+L._AC_UL600_SR600,400_.jpg",69,排名进入前30；标题包含 cloud、comfort、beach、summer，符合美国女鞋舒适化趋势；cloud + slides组合趋势加分；评分达到4.0以上。
2026-09-08,amazon_us,product,search,platform sandals women,20,UBFEN Womens Chunky Wedge Platform Sandals Adjustable Double-Strap Square | Toed Open-Toe Style Suitable for Outdoor Casual Wear UBFEN Womens Chunky Wedge Platform Sandals Adjustable Double-Strap Square | Toed Open-Toe Sty…,¥143.93,4.4,4.4,,,,,,https://sponsored-ads.amazon.com/clk/?_encoding=UTF8&p=eAFVUMuK01AYpg7qUMcLXYxQdxW7qJzmMk3TUymSy5ka26b3ztjN4TTn5MKkSZoTm6GLvoEbEXwOmZ3gxoVP4POIYEfEb_XBd_l_vqJz_PXbr5_3Sg-12WJk9qzepWiiSaUg1U5dFgXXeDvZ5gseRejlToBw-7Z9qqme7Z8Px4NlaoccjhqD9zuYTx7IYl2WpXqzVReXd6b66lhDszdoYk1LT4v3KeNXWZyUTub2BBnDrm0tkVm-KRSf3yqYM5I6Pk5Y6sQhyRgOojCIGF5lbqlI1mQXR3UnXpef8RVwQsJ54IBDBhycIJEqd1mE59Oawlcg89maUeDEYcicLIgjsJXB7THgkJRykJAgylgKnDjKWJTJL_SJZpvYGPb7yJhZQ3uKLbtv2Qj3rQXCJpr2ZsNRpVksiE8-frn58eG7WX70t_LwROWxLIoilCRFUhtNSZXko_nUbB8ZI6PWK70ydc1Izi2gant9c4Cn7fXxZmTaSPsfe93b6-O9rv0hXvnE8NB1V0OeT2Imfy4UPxX8LEt4WxDyPK__m0jwEoHkAhV0sWu-k1vdy97rhOKU4iT0adrJqj4n2ElxQDtidRPQjqS2Wq2GoiqNKk87EjgDClGUpuxC4FKXgoYkSgC6kAKqNgmBELYaZ3I16JCEV0nK3M74CsL5QHOHF78BP7a8hA&v=c1&r=https%3A%2F%2Fwww.amazon.com%2Fgp%2Faw%2Fd%2FB0GDY28GXK%3Fpd_rd_plhdr%3Dt%26hsa_cr_id%3D0%26qid%3D1788845754%26sr%3D1-3-5a5562f9-fdfd-4101-9f9d-d76aa9998432%26i%3Daps%26aref%3DQk99UMAfOW&ref_=sbx__sbtcd2_asin_2_bkgd&pd_rd_w=Uj6Ch&content-id=amzn1.sym.90f77631-9599-4fe0-95f8-a40adfe1c762%3Aamzn1.sym.90f77631-9599-4fe0-95f8-a40adfe1c762&pf_rd_p=90f77631-9599-4fe0-95f8-a40adfe1c762&pf_rd_r=6AZFCG79HB3CJ8HFYWSJ&pd_rd_wg=uexck&pd_rd_r=2066ce0a-08b5-4173-9018-a0a30ff0e79a,"https://m.media-amazon.com/images/I/61M8szgUVaL._AC_SR322,134_CB1169409_QL70_.jpg",68,排名进入前30；价格处于人民币等值¥57.60-¥180.00黄金区间；标题包含 platform、wedge，符合美国女鞋舒适化趋势；评分达到4.3以上。
2026-09-08,amazon_us,product,best_sellers,Best Sellers Women Sandals,9,"ODOLY Unisex Comfortable Cork Footbed Slide Sandals with Arch Support | Adjustable Buckle, Lightweight Summer Sandals for Travel and Everyday Wear",,4.5,$19.99,,,,,,https://www.amazon.com/ODOLY-Footbed-Comfortable-Sandals-Adjustable/dp/B0CSMN1X4W/ref=zg_bs_g_679425011_d_sccl_9/145-9042852-1426506?psc=1,"https://images-na.ssl-images-amazon.com/images/I/61iYsM+H9QL._AC_UL600_SR600,400_.jpg",67,排名靠前；标题包含 comfort、arch support、summer，符合美国女鞋舒适化趋势；评分达到4.3以上。
2026-09-08,amazon_us,product,new_releases,New Releases Women Sandals,3,Project Cloud 100% Genuine Leather Block Heeled Sandals for Women(Opal) | Sandals Women Footwear-Memory Foam Insole & Non-Slip Womens Sandals Block Heels For Women-Womens Slides & Women's Sandals,,4.2,$49.41,,,,,,https://www.amazon.com/Project-Cloud-Genuine-Leather-Sandals/dp/B0GYFSCP7G/ref=zg_bsnr_g_679425011_d_sccl_3/140-3637061-9872510?psc=1,"https://images-na.ssl-images-amazon.com/images/I/81o45aOtlpL._AC_UL600_SR600,400_.jpg",67,排名靠前；标题包含 cloud，符合美国女鞋舒适化趋势；cloud + slides组合趋势加分；评分达到4.0以上。
2026-09-08,amazon_us,product,search,women summer slippers,8,GOEWY,¥71.86,4.4,GOEWY,,,,,,https://www.amazon.com/GOEWY-Slippers-Summer-Breathable-Slides/dp/B0GQGLFHFJ/ref=sr_1_1?dib=eyJ2IjoiMSJ9.Z3DtW4uoCvsDIv_xz9KW2LQdCuo-kT_owG1TkFjrVnXOGVQ9C0DfSdMi0C9kS1FbwQ2la_nEYlVe0DJ3lSYe70CKn0tLl1aEnRvrymSeMCpjfqQdDt1wSRPHDuq6kB-KPPEA9GI98HCuaq0slL0TJ1iYBStW_oQBLm33d-Lr1qMl77JIkGE2bQdSaLw9Q3LPO-ndszFK6Y2O8e6YB9BZUwzW7fOSSOtwYhwsx7fToNGt1OvHenjDcM0BT1IthUOwrRK3Lz4LlwtHBb_XumeWIyzgNx1xQSeMdrSok6xoQ0I.-IYva1ORjPpMJRhXX13WRFzhJUoDSrYM_0zWqu3exLk&dib_tag=se&keywords=women+summer+slippers&qid=1788845753&sr=8-1,https://m.media-amazon.com/images/I/61PJ6PNvlqL._AC_UL320_.jpg,67,排名靠前；价格处于人民币等值¥57.60-¥180.00黄金区间；评分达到4.3以上。
2026-09-08,amazon_us,product,search,women summer slippers,9,shevalues,¥95.47,4.3,shevalues,,,,,,https://www.amazon.com/Shevalues-Womens-Indoor-Slippers-Cotton/dp/B074HBC1BR/ref=sr_1_2?dib=eyJ2IjoiMSJ9.Z3DtW4uoCvsDIv_xz9KW2LQdCuo-kT_owG1TkFjrVnXOGVQ9C0DfSdMi0C9kS1FbwQ2la_nEYlVe0DJ3lSYe70CKn0tLl1aEnRvrymSeMCpjfqQdDt1wSRPHDuq6kB-KPPEA9GI98HCuaq0slL0TJ1iYBStW_oQBLm33d-Lr1qMl77JIkGE2bQdSaLw9Q3LPO-ndszFK6Y2O8e6YB9BZUwzW7fOSSOtwYhwsx7fToNGt1OvHenjDcM0BT1IthUOwrRK3Lz4LlwtHBb_XumeWIyzgNx1xQSeMdrSok6xoQ0I.-IYva1ORjPpMJRhXX13WRFzhJUoDSrYM_0zWqu3exLk&dib_tag=se&keywords=women+summer+slippers&qid=1788845753&sr=8-2,https://m.media-amazon.com/images/I/71JYzlHXkPL._AC_UL320_.jpg,67,排名靠前；价格处于人民币等值¥57.60-¥180.00黄金区间；评分达到4.3以上。
2026-09-08,amazon_us,product,search,women summer slippers,10,"Cloth Slippers Linen Slippers - Breathable, Anti-Slip, Easy to Clean - Summer Silent Slippers for Women and Men",¥64.73,4.2,Products highlighted as 'Overall Pick' are:,,,,,,https://www.amazon.com/VIDSID-Linen-Slippers-Breathable-Anti-Slip/dp/B0D4DNFVWP/ref=sr_1_3?dib=eyJ2IjoiMSJ9.Z3DtW4uoCvsDIv_xz9KW2LQdCuo-kT_owG1TkFjrVnXOGVQ9C0DfSdMi0C9kS1FbwQ2la_nEYlVe0DJ3lSYe70CKn0tLl1aEnRvrymSeMCpjfqQdDt1wSRPHDuq6kB-KPPEA9GI98HCuaq0slL0TJ1iYBStW_oQBLm33d-Lr1qMl77JIkGE2bQdSaLw9Q3LPO-ndszFK6Y2O8e6YB9BZUwzW7fOSSOtwYhwsx7fToNGt1OvHenjDcM0BT1IthUOwrRK3Lz4LlwtHBb_XumeWIyzgNx1xQSeMdrSok6xoQ0I.-IYva1ORjPpMJRhXX13WRFzhJUoDSrYM_0zWqu3exLk&dib_tag=se&keywords=women+summer+slippers&qid=1788845753&sr=8-3,https://m.media-amazon.com/images/I/81CG5b2e3QL._AC_UL320_.jpg,67,排名靠前；价格处于人民币等值¥57.60-¥180.00黄金区间；标题包含 summer，符合美国女鞋舒适化趋势；评分达到4.0以上。
2026-09-08,amazon_us,product,search,women slides,10,adidas,¥151.20,4.4,adidas,,,,,,https://www.amazon.com/adidas-Unisex-Adilette-Shower-Sandal/dp/B091ZGQF6G/ref=sr_1_2?dib=eyJ2IjoiMSJ9.wrqHnvIFpzxZDCy1gVq3fzWl4LVZ75nPHLlD5S7mA7U3VvFppUL9hQQkdi2m77LDiGlfHSopqA0E_LXuC-jM9ztyKPwI2ZrILp2sskE9FcZALNKIiqksLuTOlsvCAWXdTLUbjVrpC6Kszrb4GIiUBg2sbNF8F2BIjbBk02UqECs6OddSsQTWnyOxVCZ3rc3R5diDh79lI__70JX-Izobo05SBoybjmkrZxyXILVC4qjpHCgx0GTMcSm3m1r6fcu5UrYSeB9fDe2UsIj8YErwWVQREJ5IX5I--z_m4Tc7EQw.lzPhloYJ9TdZrrU05OhwUuQiB8-bmAttl5ZZhiaEtY4&dib_tag=se&keywords=women+slides&qid=1788845754&sr=8-2,https://m.media-amazon.com/images/I/61CCABduhML._AC_UL320_.jpg,67,排名靠前；价格处于人民币等值¥57.60-¥180.00黄金区间；评分达到4.3以上。
2026-09-08,amazon_us,product,search,platform sandals women,7,Crocs,¥179.64,4.4,Crocs,,,,,,https://www.amazon.com/Crocs-Womens-Brooklyn-Wedges-Cross-strap/dp/B0F9XF27B6/ref=sr_1_1?dib=eyJ2IjoiMSJ9.FPoSxH-pDUFI745W7ytbodcUw-hme5sdwMWJdkLhJVri1AzfM_0C74iSFtuRczTeT29itzOslVsFKLPCB3CM1cROU3kQ3mRb5EFaKkRN8DE5eDktEsI_MqCX2uB9o5VLqZaIygbiIrAK57q7_01vdkmVsbj-N0S4iqpEuuIA6n9HM2Zgf5l9vqAnabKtdS70CZPAL4cl7-HtwbCMEn8ltI155-abWBJ38tbvFH6kQ5xr3_m7rkkJVIOyubsYLozf9SyDQSwgktBClQfFslKgOKVIIQqAZnTTODZOyk9rJbU.LUWNXsH0V6sg-yv-d0ujeZL0PybscKG5cReYS37iOMc&dib_tag=se&keywords=platform+sandals+women&qid=1788845754&sr=8-1,https://m.media-amazon.com/images/I/51A3u-p-WqL._AC_UL320_.jpg,67,排名靠前；价格处于人民币等值¥57.60-¥180.00黄金区间；评分达到4.3以上。
2026-09-08,amazon_us,product,search,platform sandals women,10,Soda,¥176.98,4.5,Soda,,,,,,https://www.amazon.com/Soda-Buckle-Espadrilles-Flatform-Casual/dp/B0C5S26DHB/ref=sr_1_4?dib=eyJ2IjoiMSJ9.FPoSxH-pDUFI745W7ytbodcUw-hme5sdwMWJdkLhJVri1AzfM_0C74iSFtuRczTeT29itzOslVsFKLPCB3CM1cROU3kQ3mRb5EFaKkRN8DE5eDktEsI_MqCX2uB9o5VLqZaIygbiIrAK57q7_01vdkmVsbj-N0S4iqpEuuIA6n9HM2Zgf5l9vqAnabKtdS70CZPAL4cl7-HtwbCMEn8ltI155-abWBJ38tbvFH6kQ5xr3_m7rkkJVIOyubsYLozf9SyDQSwgktBClQfFslKgOKVIIQqAZnTTODZOyk9rJbU.LUWNXsH0V6sg-yv-d0ujeZL0PybscKG5cReYS37iOMc&dib_tag=se&keywords=platform+sandals+women&qid=1788845754&sr=8-4,https://m.media-amazon.com/images/I/71q-Jp+UEkL._AC_UL320_.jpg,67,排名靠前；价格处于人民币等值¥57.60-¥180.00黄金区间；评分达到4.3以上。
2026-09-08,amazon_us,product,new_releases,New Releases Women Sandals,14,Project Cloud Pool Slides For Women & Jelly Sandals For Women Footwear | Womens Sandals Comfortable w/ Memory Foam Insole - Slip Resistant Womens Jelly Sandals Beach Essentials Sandals Women,,4.1,$29.90,,,,,,https://www.amazon.com/Project-Cloud-Slides-Sandals-Footwear/dp/B0H5YKTVPP/ref=zg_bsnr_g_679425011_d_sccl_14/140-3637061-9872510?psc=1,"https://images-na.ssl-images-amazon.com/images/I/81x+j68eH7L._AC_UL600_SR600,400_.jpg",66,排名进入前30；标题包含 cloud、comfort、beach，符合美国女鞋舒适化趋势；cloud + slides组合趋势加分；评分达到4.0以上。
2026-09-08,amazon_us,product,search,women slides,1,"CUSHIONAIRE Palm Slides Jelly Sandals for Women, Shower Shoes for Beach | Cutout Jelly Strap, Contoured Footbed, Raised Sole, Water Resistant Sandals, Slip On Slide Sandals, Beach and Summer Wear CUSHIONAIRE Palm Slides Jelly Sandals for Women, Shower…",¥287.93,4.2,,,,,,,https://aax-us-east-retail-direct.amazon.com/x/c/JNt1FLQkfWiHT_swHUOh4dQAAAGgf4QIMQEAAAH2AQBvbm9fdHhuX2JpZDYgICBvbm9fdHhuX2ltcDIgICBC0cTK/clv1c_ek-wBPPXIjbXDj8jdO9eG6s9PxdKIuTh7V8BkPGcwo0RA3lsuCtk2t1YgSpkUAe3z5URHVYBFxQSa7yQDaXEpNyboGtyXqnYLsxkVzkJ5_Cyu9PjiaWdybXJB_11ynIywRKDZYZ_-2-hGbWjd7h1eBeolFmDFFTackXz7xcyfEZfXEM_3gGo0QYK0VVik1tmXWTflb9a3ZZER-rLhxhhsiKcAB_fHXYquA9KpxZcSpvJkzLVvA99ZLn-xCWJ9iy4kS0tEk4fypfx-eadeBwj7JPPa629gJy0TBqwuW8xeM2xHXwTlwLMZ3cEJHtJ7gvLCQnueTt5Rm7w3IJuNrjYSkFYmu2t66sfsoXXCxevWENNzmxhKlHvbiqM40JDifuRL47vTDqS5fO6_zMKdLcW8nXajz7-k7SkLHP6DMZwmYxH2TpVOrsd7DpssVj9nghHDXLenOb0n_XRwY0AT9pVk44A1jjSps9z09SKw0nKTe-oPH96fx5R4gjfIavU_IAkcmR6L5wpYVJ0YzsvTryfVF-Bc78pKUUL1NbLQWhP9rnqoOd-PS0-Q5joiTSbaMuyu_qimz3PKdYWQv-DXMoZ1ok1rT9-GyNQ8DABrt1SB0yEWJ-JbVX7gq56CEBWrIU7O7jxM6yY8WtR8NAVZinqu1IUSmXS3Nm85zT4lKa0idJd18ff2aje4VQaZl0Hbdyv9lLR4R6b8uxuMuRQF-T5aNmfCXiXyPIMuBMv9UZmGPMc4A7HQXCsTOZfbCkieuIe4Ell6DdwTs152x5-a7_ZbsTu3sqUb0S-Opu7QoaKwKgA7ZCBZh-dd2uMqQZNI2QtjkuJaAd_FPcNYqWwZh0DoSpFly4gWGeIdv3e0rentiOC-IdoC6xLIynXJw5TSrncnQPsHaRDIVuLs7gaypjPgIIShTpr_RxGiUW1sXi93Nqx_vOHUomQMshN1dKT9LvrTQTE3wpoDusCRuzgKk9s9ra4K-zjeQwHJCFgC7QD4i-02G0S6QG4fTNplUIsjrDOgmExn6etc8AUIe3GJaPAanOTGQSgtV71lXWjxQ46B6SJtzUFzHSJCRrbHvd_JxeOQh9jcpoJYqWBQzw2HKsOvkjBrXWoVIIQQsMy9cRLCziCsjQY1ay3KRSiFb0WjSbiWoSdycng0ybFVFf-kp2-JpOdDvdVQFK4iiByHsiktRRsHlMloSYXtQSv1UujdySeDZidJ_vn2P_BobMWBP4CKA49DzZcIsigM6I0iZPi1vVNB73NclZaY8z8EI1WjkmdSh1twIO5Pu1EXHS2XqsYUKlnCMHuuiTb48FQFjRxDAV7mOq8aoTifuE5nT2qTIZqssViRQx_200VGnddrHBsCTXr09pQ1XQrbsnQEaOJ6GuySKylUpV_HAiB1r4hlL_dNoAggpiL3RXMc9JuINWFCmgDXhJ8I1FcMmCFiTh3GIXq-0jUCZiBe9X6TAAqevG6rS_GPPKQk7vPehYN7ZitGUraf05E2mnPOXuzAa7OvbWIWxv3dYl2_JEsA7oKDXURD_j3sb-Ec79NCw2DlkD8BRFIhmNav4jXNYPQVGPPlD1CUKseZWwL4FfLU5w-hQSZFUpDdUNWtOh4rDORQTc7T0jNp4KlGYnTAjKgpQGJIkwgCKiPMmy6Bov9muclRi7Aqz_C4FpaRG6JQK-fCq3X2sR1FhHj1mctj6BjKZtlPbUjouG2Dw/https://www.amazon.com/gp/aw/d/B0HB196SQV/?_encoding=UTF8&pd_rd_plhdr=t&aaxitk=d52a38e3cb55381101c8ae4d1a1beafc&hsa_cr_id=0&qid=1788845754&sr=1-1-9e67e56a-6f64-441f-a281-df67fc737124&i=aps&aref=KGqfwVpZfl&ref_=sbx_s_sparkle_sbtcd_asin_0_bkgd&pd_rd_w=Z6rNa&content-id=amzn1.sym.8de9b3d5-f5c5-40e9-9b39-d65f08d6ea68%3Aamzn1.sym.8de9b3d5-f5c5-40e9-9b39-d65f08d6ea68&pf_rd_p=8de9b3d5-f5c5-40e9-9b39-d65f08d6ea68&pf_rd_r=V4V1HT8KVBK7WSZYJBQD&pd_rd_wg=ILBgx&pd_rd_r=69fe29e5-3bdf-4e40-aec6-d9e9fcea302d,"https://m.media-amazon.com/images/I/71t6PB0PfXL._AC_SR160,134_CB1169409_QL70_.jpg",65,排名靠前；价格处于人民币等值¥180.00-¥288.00区间；标题包含 beach、summer，符合美国女鞋舒适化趋势；评分达到4.0以上。
2026-09-08,amazon_us,product,best_sellers,Best Sellers Women Sandals,1,mazeskin Womens Memory Foam Flip Flops Flat Thong Sandals | Soft Vegan Leather Comfortable Cushioned Casual Dressy Beach Summer Minimalist Slim Slide Shoes Indoor Outdoor,,4.2,$9.99,,,,,,https://www.amazon.com/mazeskin-Womens-Comfortable-Sandals-Leather/dp/B0F32KMZ18/ref=zg_bs_g_679425011_d_sccl_1/145-9042852-1426506?psc=1,"https://images-na.ssl-images-amazon.com/images/I/71jV8GHPNSL._AC_UL600_SR600,400_.jpg",64,排名靠前；标题包含 comfort、soft、beach、summer，符合美国女鞋舒适化趋势；评分达到4.0以上。
2026-09-08,amazon_us,product,search,women slides,9,WHITIN,¥71.93,4.1,Products highlighted as 'Overall Pick' are:,,,,,,https://www.amazon.com/WHITIN-Slippers-Cushioned-Sandals-Lightweight/dp/B0C1C1L7YT/ref=sr_1_1?dib=eyJ2IjoiMSJ9.wrqHnvIFpzxZDCy1gVq3fzWl4LVZ75nPHLlD5S7mA7U3VvFppUL9hQQkdi2m77LDiGlfHSopqA0E_LXuC-jM9ztyKPwI2ZrILp2sskE9FcZALNKIiqksLuTOlsvCAWXdTLUbjVrpC6Kszrb4GIiUBg2sbNF8F2BIjbBk02UqECs6OddSsQTWnyOxVCZ3rc3R5diDh79lI__70JX-Izobo05SBoybjmkrZxyXILVC4qjpHCgx0GTMcSm3m1r6fcu5UrYSeB9fDe2UsIj8YErwWVQREJ5IX5I--z_m4Tc7EQw.lzPhloYJ9TdZrrU05OhwUuQiB8-bmAttl5ZZhiaEtY4&dib_tag=se&keywords=women+slides&qid=1788845754&sr=8-1,https://m.media-amazon.com/images/I/71nA8egRirL._AC_UL320_.jpg,64,排名靠前；价格处于人民币等值¥57.60-¥180.00黄金区间；评分达到4.0以上。
2026-09-08,amazon_us,product,search,platform sandals women,8,Athlefit,¥129.53,4.0,Products highlighted as 'Overall Pick' are:,,,,,,https://www.amazon.com/Athlefit-Espadrilles-Sandals-Studded-Platform/dp/B083NZVCQH/ref=sr_1_2?dib=eyJ2IjoiMSJ9.FPoSxH-pDUFI745W7ytbodcUw-hme5sdwMWJdkLhJVri1AzfM_0C74iSFtuRczTeT29itzOslVsFKLPCB3CM1cROU3kQ3mRb5EFaKkRN8DE5eDktEsI_MqCX2uB9o5VLqZaIygbiIrAK57q7_01vdkmVsbj-N0S4iqpEuuIA6n9HM2Zgf5l9vqAnabKtdS70CZPAL4cl7-HtwbCMEn8ltI155-abWBJ38tbvFH6kQ5xr3_m7rkkJVIOyubsYLozf9SyDQSwgktBClQfFslKgOKVIIQqAZnTTODZOyk9rJbU.LUWNXsH0V6sg-yv-d0ujeZL0PybscKG5cReYS37iOMc&dib_tag=se&keywords=platform+sandals+women&qid=1788845754&sr=8-2,https://m.media-amazon.com/images/I/71PoCinhRsL._AC_UL320_.jpg,64,排名靠前；价格处于人民币等值¥57.60-¥180.00黄金区间；评分达到4.0以上。
2026-09-08,amazon_us,product,search,women slides,25,"ULTRAIDEAS Women's Open Toe Indoor Outdoor Slippers | Memory Foam,Cute Bow Design,Gift for Women,Anti-skid Rubber Sole,lightweight,washable,comfortably Breathable ULTRAIDEAS Women's Open Toe Indoor Outdoor Slippers | Memory Foam,Cute Bow Design,Gift for Women,Anti…",¥122.33,4.5,4.5,,,,,,https://sponsored-ads.amazon.com/clk/?_encoding=UTF8&p=eAFVUMuK01AYpg7qUMcLXYxQdxW7KJxc26SpBMnNTmiadpJ20G4Op-ecXJg0SZOMmbroC7hxIfgeuhPc-gTu3fgcItgR8Vt98F3-n6-Jj798_fX9Tuu-triYmxN78oozLa_T4HunAU3ja1ju-q-vPLLLNUMei-vx6HS7wpLgFKvl7LweM9hcVnq90Lx7AscIAs9IQ4Zb3fL19bFmLc4sz_Zbj5t3CS0vqyxvnSxdzzJmY9deWWb7c6P59EaBJUUFjmBOC5wlqKIwTpM4pXBdBa0m2qC3WcrgbNN-Uq4BTlBZxhgcMuDgBDnfuU1TuPR7g3INqohuKAE4SxKKqzhLwRsB3BwDGBWkBDmK04oWAGdpRdNKeKZ7mmtCY-Y4lrGwZ64PbdexXQs69oUFTcufLGbzjtRscI8-_Xj_8903s_3gb-Xhic5DgeN4TlQ4WeJFUeaFo6Vvjo6MudGbtJ6bumbkL20ga3t9e0Co7fXz7dx0Le1_7PVwr5_vde0PCdsnRmhdjzUrjFBGhY-N5odGVFV5OWLZuq6ZfxOxYc6imiWszsnTlXgmTd0XOYEFgXkSkUKtulGJIC5gTFSuu42JysvD4bA_kAf9blmoPODBAA0GkhAoICABAX2e44ESKAQQWUJIUZRhXxS6sYrysosKGqiOJF7Op-RK2P0G0ja8ig&v=c1&r=https%3A%2F%2Fwww.amazon.com%2Fgp%2Faw%2Fd%2FB07MZ3H6MN%3Fpd_rd_plhdr%3Dt%26hsa_cr_id%3D0%26qid%3D1788845754%26sr%3D1-1-5a5562f9-fdfd-4101-9f9d-d76aa9998432%26i%3Daps%26aref%3DL63kPMdu2y&ref_=sbx__sbtcd2_asin_0_bkgd&pd_rd_w=rCXjI&content-id=amzn1.sym.90f77631-9599-4fe0-95f8-a40adfe1c762%3Aamzn1.sym.90f77631-9599-4fe0-95f8-a40adfe1c762&pf_rd_p=90f77631-9599-4fe0-95f8-a40adfe1c762&pf_rd_r=V4V1HT8KVBK7WSZYJBQD&pd_rd_wg=It0rJ&pd_rd_r=3bc663ed-78ef-476f-bb14-ac9e15a813ac,"https://m.media-amazon.com/images/I/71cvxwhDe7L._AC_SR322,134_CB1169409_QL70_.jpg",63,排名进入前30；价格处于人民币等值¥57.60-¥180.00黄金区间；标题包含 comfort，符合美国女鞋舒适化趋势；评分达到4.3以上。
2026-09-08,amazon_us,product,best_sellers,Best Sellers Women Sandals,18,KuaiLu Flip Flops for Women with Arch Support Summer Beach Thong Sandals | Comfortable Walking Shoes Lightweight Soft Yoga Mat Cushion Floral Outfits Slip On Indoor Outdoor,,4.5,$15.98,,,,,,https://www.amazon.com/KuaiLu-Comfortable-Orthotic-Essentials-Slippers/dp/B0DZ6HP69D/ref=zg_bs_g_679425011_d_sccl_18/145-9042852-1426506?psc=1,"https://images-na.ssl-images-amazon.com/images/I/71KNoOx0PxL._AC_UL600_SR600,400_.jpg",62,排名进入前30；标题包含 comfort、arch support、soft、beach、summer，符合美国女鞋舒适化趋势；评分达到4.3以上。
2026-09-08,amazon_us,product,best_sellers,Best Sellers Women Sandals,41,COFACE Womens Orthopedic Flip Flops Arch Support Yoga Walking Thong Sandals | Fashion Orthotic Ladies Slip On Lightweight Athletic Mat Recovery Cushion With Comfortable Plantar Fasciitis,,4.3,$25.99,,,,,,https://www.amazon.com/COFACE-FlipFlops-Comfortable-Fasciitis-Fantastic/dp/B0BL74DGYW/ref=zg_bs_g_679425011_d_sccl_41/145-9042852-1426506?psc=1,"https://images-na.ssl-images-amazon.com/images/I/61N4A12WSZL._AC_UL300_SR300,200_.jpg",62,排名进入前50；标题包含 recovery、orthopedic、comfort、arch support，符合美国女鞋舒适化趋势；orthopedic + arch support组合趋势加分；评分达到4.3以上。
2026-09-08,amazon_us,product,search,women summer slippers,12,Women Home Slippers Cute Pattern Strawberry Slippers Indoor Outdoor Plaid Shoes Warm Soft Bedroom Shoes Fuzzy Closed Toe Sandals Non Slip House Bedroom Slippers,¥100.73,4.2,50+ bought in past month,,,,,,https://www.amazon.com/sspa/click?ie=UTF8&spc=MTo2NDc3NzEzMDQ2NzA0NjYyOjE3ODg4NDU3NTM6c3Bfc2VhcmNoX3RoZW1hdGljOjMwMDY5MzQwNDQ1NjUwMjo6MTo6&url=%2FSlippers-Pattern-Strawberry-Outdoor-Bedroom%2Fdp%2FB0DH3LNT5Z%2Fref%3Dsxin_15_pa_sp_search_thematic_sspa%3Fcontent-id%3Damzn1.sym.3553e585-d0c8-423a-845e-cf785d8e065d%253Aamzn1.sym.3553e585-d0c8-423a-845e-cf785d8e065d%26cv_ct_cx%3Dwomen%2Bsummer%2Bslippers%26keywords%3Dwomen%2Bsummer%2Bslippers%26pd_rd_i%3DB0DH3LNT5Z%26pd_rd_r%3D0e1b9ed7-d33c-448b-87fa-0d0d124f4eaa%26pd_rd_w%3DdLIdG%26pd_rd_wg%3DJD0JY%26pf_rd_p%3D3553e585-d0c8-423a-845e-cf785d8e065d%26pf_rd_r%3DW3XMZ345ZCAKV26T3MAY%26qid%3D1788845753%26sbo%3DRZvfv%252F%252FHxDF%252BO5021pAnSA%253D%253D%26sr%3D1-2-e169343e-09af-4d41-85b1-8335fe8f32d0-spons%26aref%3DMSvkFG5ZsX%26sp_csd%3Dd2lkZ2V0TmFtZT1zcF9zZWFyY2hfdGhlbWF0aWM%26psc%3D1&aref=MSvkFG5ZsX,https://m.media-amazon.com/images/I/61gQzE1ujpL._AC_UL320_.jpg,62,排名进入前30；评论数达到50以上；价格处于人民币等值¥57.60-¥180.00黄金区间；标题包含 soft，符合美国女鞋舒适化趋势；评分达到4.0以上。
2026-09-08,amazon_us,product,search,platform sandals women,9,IDIFU,¥230.33,4.4,IDIFU,,,,,,https://www.amazon.com/IDIFU-Womens-Chunky-Platform-Sandals/dp/B0H5VDWK7Y/ref=sr_1_3?dib=eyJ2IjoiMSJ9.FPoSxH-pDUFI745W7ytbodcUw-hme5sdwMWJdkLhJVri1AzfM_0C74iSFtuRczTeT29itzOslVsFKLPCB3CM1cROU3kQ3mRb5EFaKkRN8DE5eDktEsI_MqCX2uB9o5VLqZaIygbiIrAK57q7_01vdkmVsbj-N0S4iqpEuuIA6n9HM2Zgf5l9vqAnabKtdS70CZPAL4cl7-HtwbCMEn8ltI155-abWBJ38tbvFH6kQ5xr3_m7rkkJVIOyubsYLozf9SyDQSwgktBClQfFslKgOKVIIQqAZnTTODZOyk9rJbU.LUWNXsH0V6sg-yv-d0ujeZL0PybscKG5cReYS37iOMc&dib_tag=se&keywords=platform+sandals+women&qid=1788845754&sr=8-3,https://m.media-amazon.com/images/I/51zKUCxeaML._AC_UL320_.jpg,62,排名靠前；价格处于人民币等值¥180.00-¥288.00区间；评分达到4.3以上。
2026-09-08,amazon_us,product,best_sellers,Best Sellers Women Sandals,5,"Archies Arch Support Flip Flops for Men & Women – Orthotic Sandals for Plantar Fasciitis Relief – Lightweight, Cushioning, Shock-Absorbing Thong Sandals for Walking, Foot Pain & All-Day Comfort",,4.2,$40.00,,,,,,https://www.amazon.com/Archies-Womens-Arch-Support-Black/dp/B086SYFKLP/ref=zg_bs_g_679425011_d_sccl_5/145-9042852-1426506?psc=1,"https://images-na.ssl-images-amazon.com/images/I/81xintmVcHL._AC_UL600_SR600,400_.jpg",61,排名靠前；标题包含 comfort、arch support，符合美国女鞋舒适化趋势；评分达到4.0以上。
2026-09-08,amazon_us,product,new_releases,New Releases Women Sandals,7,mazeskin Womens Soft Jelly Flip Flops Square Thong Sandals | Waterproof Beach Pool Vacation Summer Non Slip Splash Flexible Casual Transparent Crystal Clear Shoes,,4.3,$9.99,,,,,,https://www.amazon.com/mazeskin-Womens-Jelly-Square-Sandals/dp/B0H4P7PPPN/ref=zg_bsnr_g_679425011_d_sccl_7/140-3637061-9872510?psc=1,"https://images-na.ssl-images-amazon.com/images/I/71h3ePK+YmL._AC_UL600_SR600,400_.jpg",61,排名靠前；标题包含 soft、beach、summer，符合美国女鞋舒适化趋势；评分达到4.3以上。
2026-09-08,amazon_us,product,new_releases,New Releases Women Sandals,21,GETOEU Arch Support Flip Flops for Women Square Toe Thong Sandals Comfortable Summer Beach Lightweight Flip Flops,,4.4,$9.99,,,,,,https://www.amazon.com/GETOEU-Support-Sandals-Comfortable-Lightweight/dp/B0H33X2P5N/ref=zg_bsnr_g_679425011_d_sccl_21/140-3637061-9872510?psc=1,"https://images-na.ssl-images-amazon.com/images/I/812JKZIwOpL._AC_UL600_SR600,400_.jpg",60,排名进入前30；标题包含 comfort、arch support、beach、summer，符合美国女鞋舒适化趋势；评分达到4.3以上。
2026-09-08,amazon_us,product,best_sellers,Best Sellers Women Sandals,4,"Ankis Heels for Women Open Toe Ankle Strap Chunky Heel Sandals 2.75 Inch | nude white gold black, adjustable ankle strap, Cushioned footbed, All-day comfort, for various occasions",,4.4,$26.99,,,,,,https://www.amazon.com/Ankis-Nude-Heels-Women-numeric_8/dp/B094CTB3TY/ref=zg_bs_g_679425011_d_sccl_4/145-9042852-1426506?psc=1,"https://images-na.ssl-images-amazon.com/images/I/71dUhT7TubL._AC_UL600_SR600,400_.jpg",58,排名靠前；标题包含 comfort，符合美国女鞋舒适化趋势；评分达到4.3以上。
2026-09-08,amazon_us,product,best_sellers,Best Sellers Women Sandals,6,"CUSHIONAIRE Lane Cork Slide Women's Sandals, Comfortable Sandals for Women | Molded Cork Footbed, Slide Sandals for Women, Adjustable Buckle, Sandals for Wide Feet, Cushioned Sandals for Women, Open Toe",,4.5,$28.49,,,,,,https://www.amazon.com/CUSHIONAIRE-Womens-Slide-Sandals-Brown/dp/B075PBVR9N/ref=zg_bs_g_679425011_d_sccl_6/145-9042852-1426506?psc=1,"https://images-na.ssl-images-amazon.com/images/I/81suZ76XHpL._AC_UL600_SR600,400_.jpg",58,排名靠前；标题包含 comfort，符合美国女鞋舒适化趋势；评分达到4.3以上。
2026-09-08,amazon_us,product,best_sellers,Best Sellers Women Sandals,13,KuaiLu Flip Flops for Women with Arch Support Summer Beach Thong Sandals | Comfortable Yoga Mat Cushion Walking Shoes Slip on Casual Outfits Faux Leather Indoor Outdoor,,4.2,$11.98,,,,,,https://www.amazon.com/KuaiLu-Support-Comfortable-Cushion-Walking/dp/B08GKGCH2R/ref=zg_bs_g_679425011_d_sccl_13/145-9042852-1426506?psc=1,"https://images-na.ssl-images-amazon.com/images/I/81-DUybjK+L._AC_UL600_SR600,400_.jpg",57,排名进入前30；标题包含 comfort、arch support、beach、summer，符合美国女鞋舒适化趋势；评分达到4.0以上。
2026-09-08,amazon_us,product,new_releases,New Releases Women Sandals,26,"VIVASUN Flip Flops for Women with Arch Support Non-Slip Thong Sandals for Beach, Pool, Shower, Casual Summer Wear Comfortable Flip Flops",,4.1,$9.99,,,,,,https://www.amazon.com/VIVASUN-Support-Non-Slip-Sandals-Comfortable/dp/B0H3JMZ11X/ref=zg_bsnr_g_679425011_d_sccl_26/140-3637061-9872510?psc=1,"https://images-na.ssl-images-amazon.com/images/I/61u9FrNqQQL._AC_UL600_SR600,400_.jpg",57,排名进入前30；标题包含 comfort、arch support、beach、summer，符合美国女鞋舒适化趋势；评分达到4.0以上。
2026-09-08,amazon_us,product,search,women summer slippers,13,GOEWY,¥93.53,4.4,GOEWY,,,,,,https://www.amazon.com/sspa/click?ie=UTF8&spc=MTo2NDc3NzEzMDQ2NzA0NjYyOjE3ODg4NDU3NTM6c3Bfc2VhcmNoX3RoZW1hdGljOjMwMDc0MDk4NDI2NTkwMjo6Mjo6&url=%2FGOEWY-Slippers-Anti-Skid-Birthday-Bridesmaid%2Fdp%2FB0DRFQKGW3%2Fref%3Dsxin_15_pa_sp_search_thematic_sspa%3Fcontent-id%3Damzn1.sym.3553e585-d0c8-423a-845e-cf785d8e065d%253Aamzn1.sym.3553e585-d0c8-423a-845e-cf785d8e065d%26cv_ct_cx%3Dwomen%2Bsummer%2Bslippers%26keywords%3Dwomen%2Bsummer%2Bslippers%26pd_rd_i%3DB0DRFQKGW3%26pd_rd_r%3D0e1b9ed7-d33c-448b-87fa-0d0d124f4eaa%26pd_rd_w%3DdLIdG%26pd_rd_wg%3DJD0JY%26pf_rd_p%3D3553e585-d0c8-423a-845e-cf785d8e065d%26pf_rd_r%3DW3XMZ345ZCAKV26T3MAY%26qid%3D1788845753%26sbo%3D9ZOMT9Jm0JH%252Ft%252BWi68iDSA%253D%253D%26sr%3D1-3-e169343e-09af-4d41-85b1-8335fe8f32d0-spons%26aref%3DmK3GRQz3rp%26sp_csd%3Dd2lkZ2V0TmFtZT1zcF9zZWFyY2hfdGhlbWF0aWM%26psc%3D1&aref=mK3GRQz3rp,https://m.media-amazon.com/images/I/71cJmHLWhGL._AC_UL320_.jpg,57,排名进入前30；价格处于人民币等值¥57.60-¥180.00黄金区间；评分达到4.3以上。
2026-09-08,amazon_us,product,search,women summer slippers,14,KuaiLu,¥115.06,4.5,KuaiLu,,,,,,https://www.amazon.com/sspa/click?ie=UTF8&spc=MTo2NDc3NzEzMDQ2NzA0NjYyOjE3ODg4NDU3NTM6c3Bfc2VhcmNoX3RoZW1hdGljOjMwMDE1NDM0MTUzNDkwMjo6Mzo6&url=%2FKuaiLu-Comfortable-Waterproof-Supportive-Flipflops%2Fdp%2FB0CTMB6JKT%2Fref%3Dsxin_15_pa_sp_search_thematic_sspa%3Fcontent-id%3Damzn1.sym.3553e585-d0c8-423a-845e-cf785d8e065d%253Aamzn1.sym.3553e585-d0c8-423a-845e-cf785d8e065d%26cv_ct_cx%3Dwomen%2Bsummer%2Bslippers%26keywords%3Dwomen%2Bsummer%2Bslippers%26pd_rd_i%3DB0CTMB6JKT%26pd_rd_r%3D0e1b9ed7-d33c-448b-87fa-0d0d124f4eaa%26pd_rd_w%3DdLIdG%26pd_rd_wg%3DJD0JY%26pf_rd_p%3D3553e585-d0c8-423a-845e-cf785d8e065d%26pf_rd_r%3DW3XMZ345ZCAKV26T3MAY%26qid%3D1788845753%26sbo%3DRZvfv%252F%252FHxDF%252BO5021pAnSA%253D%253D%26sr%3D1-4-e169343e-09af-4d41-85b1-8335fe8f32d0-spons%26aref%3DP5puM4KbQs%26sp_csd%3Dd2lkZ2V0TmFtZT1zcF9zZWFyY2hfdGhlbWF0aWM%26psc%3D1&aref=P5puM4KbQs,https://m.media-amazon.com/images/I/71FLg8v7ZyL._AC_UL320_.jpg,57,排名进入前30；价格处于人民币等值¥57.60-¥180.00黄金区间；评分达到4.3以上。
2026-09-08,amazon_us,product,search,women summer slippers,15,GOEWY,¥129.53,4.5,GOEWY,,,,,,https://www.amazon.com/sspa/click?ie=UTF8&spc=MTo2NDc3NzEzMDQ2NzA0NjYyOjE3ODg4NDU3NTM6c3Bfc2VhcmNoX3RoZW1hdGljOjMwMDcyOTcxMzM5MzEwMjo6NDo6&url=%2FGOEWY-Slippers-Indoor-Memory-Slides%2Fdp%2FB0DSYY3TFF%2Fref%3Dsxin_15_pa_sp_search_thematic_sspa%3Fcontent-id%3Damzn1.sym.3553e585-d0c8-423a-845e-cf785d8e065d%253Aamzn1.sym.3553e585-d0c8-423a-845e-cf785d8e065d%26cv_ct_cx%3Dwomen%2Bsummer%2Bslippers%26keywords%3Dwomen%2Bsummer%2Bslippers%26pd_rd_i%3DB0DSYY3TFF%26pd_rd_r%3D0e1b9ed7-d33c-448b-87fa-0d0d124f4eaa%26pd_rd_w%3DdLIdG%26pd_rd_wg%3DJD0JY%26pf_rd_p%3D3553e585-d0c8-423a-845e-cf785d8e065d%26pf_rd_r%3DW3XMZ345ZCAKV26T3MAY%26qid%3D1788845753%26sbo%3DRZvfv%252F%252FHxDF%252BO5021pAnSA%253D%253D%26sr%3D1-5-e169343e-09af-4d41-85b1-8335fe8f32d0-spons%26aref%3DT7zwKYsZKv%26sp_csd%3Dd2lkZ2V0TmFtZT1zcF9zZWFyY2hfdGhlbWF0aWM%26psc%3D1&aref=T7zwKYsZKv,https://m.media-amazon.com/images/I/71VpEewSVyL._AC_UL320_.jpg,57,排名进入前30；价格处于人民币等值¥57.60-¥180.00黄金区间；评分达到4.3以上。
2026-09-08,amazon_us,product,search,women summer slippers,16,Litfun,¥136.73,4.3,Litfun,,,,,,https://www.amazon.com/Litfun-Orthopedic-Slippers-Support-Corduroy/dp/B0FH4NQLCJ/ref=sr_1_4?dib=eyJ2IjoiMSJ9.Z3DtW4uoCvsDIv_xz9KW2LQdCuo-kT_owG1TkFjrVnXOGVQ9C0DfSdMi0C9kS1FbwQ2la_nEYlVe0DJ3lSYe70CKn0tLl1aEnRvrymSeMCpjfqQdDt1wSRPHDuq6kB-KPPEA9GI98HCuaq0slL0TJ1iYBStW_oQBLm33d-Lr1qMl77JIkGE2bQdSaLw9Q3LPO-ndszFK6Y2O8e6YB9BZUwzW7fOSSOtwYhwsx7fToNGt1OvHenjDcM0BT1IthUOwrRK3Lz4LlwtHBb_XumeWIyzgNx1xQSeMdrSok6xoQ0I.-IYva1ORjPpMJRhXX13WRFzhJUoDSrYM_0zWqu3exLk&dib_tag=se&keywords=women+summer+slippers&qid=1788845753&sr=8-4,https://m.media-amazon.com/images/I/71YnbijMiKL._AC_UL320_.jpg,57,排名进入前30；价格处于人民币等值¥57.60-¥180.00黄金区间；评分达到4.3以上。
2026-09-08,amazon_us,product,search,women summer slippers,23,ULTRAIDEAS,¥122.33,4.5,ULTRAIDEAS,,,,,,https://www.amazon.com/ULTRAIDEAS-Slippers-Bowknot-Outdoor-Anti-Skid/dp/B07MZ3H6MN/ref=sr_1_11?dib=eyJ2IjoiMSJ9.Z3DtW4uoCvsDIv_xz9KW2LQdCuo-kT_owG1TkFjrVnXOGVQ9C0DfSdMi0C9kS1FbwQ2la_nEYlVe0DJ3lSYe70CKn0tLl1aEnRvrymSeMCpjfqQdDt1wSRPHDuq6kB-KPPEA9GI98HCuaq0slL0TJ1iYBStW_oQBLm33d-Lr1qMl77JIkGE2bQdSaLw9Q3LPO-ndszFK6Y2O8e6YB9BZUwzW7fOSSOtwYhwsx7fToNGt1OvHenjDcM0BT1IthUOwrRK3Lz4LlwtHBb_XumeWIyzgNx1xQSeMdrSok6xoQ0I.-IYva1ORjPpMJRhXX13WRFzhJUoDSrYM_0zWqu3exLk&dib_tag=se&keywords=women+summer+slippers&qid=1788845753&sr=8-11,https://m.media-amazon.com/images/I/71cvxwhDe7L._AC_UL320_.jpg,57,排名进入前30；价格处于人民币等值¥57.60-¥180.00黄金区间；评分达到4.3以上。
2026-09-08,amazon_us,product,search,women summer slippers,24,"Tunmigame Slippers for Women Cross Band Bow Memory Foam House Slippers | Open Toe,Slides Sandals,Non-slip,House Shoes,Bedroom,Indoor Outdoor,pantuflas para mujer Tunmigame Slippers for Women Cross Band Bow Memory Foam House Slippers | Open Toe,Slides Sandals,N…",¥92.81,4.4,4.4,,,,,,https://sponsored-ads.amazon.com/clk/?_encoding=UTF8&p=eAFVUMuK01AYpg7qUMcLXYxQdxW7KJw0yTRJUwmSy2kN7aSXpKWdzeE05-TipEmaHKbFRZ9C8A1cuRhw5UKfwsfwGUSwI-K3-uC7_D9f1T_9-u3Xjwe1x7q3mFhDe7jkLThrVITWeUDTeI9KtpouL-GKWjdef5_T3vkmGrPw3TbntvNZ7MGluXY4fjp7JPKcKAqc3OX4q3uusT7VofcWzmy39rz6kNDymmV57WzuzKA5Hjj2FbTqXyrVl3cKKiku_AjltPCzBDOK4jSJU4rWLKhV8Qa_z1LOzzb1F-Ua-Akuy9gHxww4OkEuNO7TFM3dllSuAYvohhLgZ0lCfRZnKbgRwd0x4OOClCDHccpoAfwsZTRl4itjpjsWMsejETQ9e-y4yHZGtgPRyF5AZEF36I0nDbla4Z99uv15-_m7VX_yt_L4ROOpyPO8LKtyV5EUXhHEk7lr9U7Midka1l5bhm7mfRso-sHYHhHqB2O6nViXsv4_DkZ4MKYHQ_9DwvqZGcL9QIdhhDMqfqxUP1QixvKy127vdjvu30TtMG_jXZu0DX7QV1YL1fXe5AQVBOVJRAqNNaMSI79AMdH45jYmmqB0u92OpEgXzbLQBCAACUuSLAYqCEhAQEfgBaAGKgFEkTFWVbXbuRCbsYbzsokLGmiKfB27xqRvdX4DZYm9DQ&v=c1&r=https%3A%2F%2Fwww.amazon.com%2Fgp%2Faw%2Fd%2FB0GF7YV9ST%3Fpd_rd_plhdr%3Dt%26hsa_cr_id%3D0%26qid%3D1788845753%26sr%3D1-1-5a5562f9-fdfd-4101-9f9d-d76aa9998432%26i%3Daps%26aref%3D76kiSBPFD4&ref_=sbx__sbtcd2_asin_0_bkgd&pd_rd_w=nUuZo&content-id=amzn1.sym.90f77631-9599-4fe0-95f8-a40adfe1c762%3Aamzn1.sym.90f77631-9599-4fe0-95f8-a40adfe1c762&pf_rd_p=90f77631-9599-4fe0-95f8-a40adfe1c762&pf_rd_r=W3XMZ345ZCAKV26T3MAY&pd_rd_wg=JD0JY&pd_rd_r=0e1b9ed7-d33c-448b-87fa-0d0d124f4eaa,"https://m.media-amazon.com/images/I/71Xzskcx8VL._AC_SR322,134_CB1169409_QL70_.jpg",57,排名进入前30；价格处于人民币等值¥57.60-¥180.00黄金区间；评分达到4.3以上。
2026-09-08,amazon_us,product,search,women summer slippers,26,"Tunmigame Slippers for Women Cross Band Bow Memory Foam House Slippers | Open Toe,Slides Sandals,Non-slip,House Shoes,Bedroom,Indoor Outdoor,pantuflas para mujer Tunmigame Slippers for Women Cross Band Bow Memory Foam House Slippers | Open Toe,Slides Sandals,N…",¥122.33,4.4,4.4,,,,,,https://sponsored-ads.amazon.com/clk/?_encoding=UTF8&p=eAFVUMuK01AYpg7qEMcLXcxA3VXsonBya5M0lSK5nHZCO-kl7dCZzeE05-TipEmaHKbFRZ9C8A1cuRhw5UKfwsfwGUSwI-K3-uC7_D8f5x9__fbrx6PqU2N-ObGHznAp2nBWr0jN04Cm8Q6V7Gq6vIBX1L6d93c57Z6uozEL321yfrOYxXO4tFYuL05nT2SRl2WJVzu8eP3AM1fHBpyfw5njVc-4x4SWNyzLqycLdwat8cB1rqFd-1LhXt0rqKS48COU08LPEswoitMkTilasaDK4TV-n6W8n61rL8sV8BNclrEPDhlwcIJcqj-kKVp4TaVcARbRNSXAz5KE-izOUnArg_tjwMcFKUGO45TRAvhZymjK5NfmzHBtZI1HI2jNnbHrIccdOS5EI-cSIht6w_l4Ule5ivji093Pu8_f7dqzv5WHJ-rPZVEUVVVXO5qiiZokHy08u3tkTazmsPrGNg0r7ztAM_bm5oDQ2JvTzcS-UI3_sTfDvTndm8YfEtZOrBDuBgYMI5xR-WOF-1CJGMvLriBst1v-30RCmAt4KxDBFAd9baQuB-dvc4IKgvIkIkWPNaISI79AMemJjU1MepLW6XTaiqa0GmXRk0ALKFhRVDnQQUACAtqSKAE90AkgmoqxruuddktuxD2clw1c0KCnqTexZ076dvs3VZe86Q&v=c1&r=https%3A%2F%2Fwww.amazon.com%2Fgp%2Faw%2Fd%2FB0GF7L6XGH%3Fpd_rd_plhdr%3Dt%26hsa_cr_id%3D0%26qid%3D1788845753%26sr%3D1-3-5a5562f9-fdfd-4101-9f9d-d76aa9998432%26i%3Daps%26aref%3D76kiSBPFD4&ref_=sbx__sbtcd2_asin_2_bkgd&pd_rd_w=nUuZo&content-id=amzn1.sym.90f77631-9599-4fe0-95f8-a40adfe1c762%3Aamzn1.sym.90f77631-9599-4fe0-95f8-a40adfe1c762&pf_rd_p=90f77631-9599-4fe0-95f8-a40adfe1c762&pf_rd_r=W3XMZ345ZCAKV26T3MAY&pd_rd_wg=JD0JY&pd_rd_r=0e1b9ed7-d33c-448b-87fa-0d0d124f4eaa,"https://m.media-amazon.com/images/I/71bPuvq-tzL._AC_SR322,134_CB1169409_QL70_.jpg",57,排名进入前30；价格处于人民币等值¥57.60-¥180.00黄金区间；评分达到4.3以上。
2026-09-08,amazon_us,product,search,women summer slippers,29,Evshine,¥93.53,4.4,Evshine,,,,,,https://www.amazon.com/Evshine-Summer-Slippers-Corduroy-Bedroom/dp/B0CSN39WDS/ref=sr_1_12?dib=eyJ2IjoiMSJ9.Z3DtW4uoCvsDIv_xz9KW2LQdCuo-kT_owG1TkFjrVnXOGVQ9C0DfSdMi0C9kS1FbwQ2la_nEYlVe0DJ3lSYe70CKn0tLl1aEnRvrymSeMCpjfqQdDt1wSRPHDuq6kB-KPPEA9GI98HCuaq0slL0TJ1iYBStW_oQBLm33d-Lr1qMl77JIkGE2bQdSaLw9Q3LPO-ndszFK6Y2O8e6YB9BZUwzW7fOSSOtwYhwsx7fToNGt1OvHenjDcM0BT1IthUOwrRK3Lz4LlwtHBb_XumeWIyzgNx1xQSeMdrSok6xoQ0I.-IYva1ORjPpMJRhXX13WRFzhJUoDSrYM_0zWqu3exLk&dib_tag=se&keywords=women+summer+slippers&qid=1788845753&sr=8-12,https://m.media-amazon.com/images/I/71SaoMUrpoL._AC_UL320_.jpg,57,排名进入前30；价格处于人民币等值¥57.60-¥180.00黄金区间；评分达到4.3以上。
2026-09-08,amazon_us,product,search,women slides,18,CUSHIONAIRE,¥174.89,4.4,CUSHIONAIRE,,,,,,https://www.amazon.com/CUSHIONAIRE-Womens-Feather-recovery-Comfort/dp/B0BTQ7ZS7B/ref=sr_1_5?dib=eyJ2IjoiMSJ9.wrqHnvIFpzxZDCy1gVq3fzWl4LVZ75nPHLlD5S7mA7U3VvFppUL9hQQkdi2m77LDiGlfHSopqA0E_LXuC-jM9ztyKPwI2ZrILp2sskE9FcZALNKIiqksLuTOlsvCAWXdTLUbjVrpC6Kszrb4GIiUBg2sbNF8F2BIjbBk02UqECs6OddSsQTWnyOxVCZ3rc3R5diDh79lI__70JX-Izobo05SBoybjmkrZxyXILVC4qjpHCgx0GTMcSm3m1r6fcu5UrYSeB9fDe2UsIj8YErwWVQREJ5IX5I--z_m4Tc7EQw.lzPhloYJ9TdZrrU05OhwUuQiB8-bmAttl5ZZhiaEtY4&dib_tag=se&keywords=women+slides&qid=1788845754&sr=8-5,https://m.media-amazon.com/images/I/81PBXKFp76L._AC_UL320_.jpg,57,排名进入前30；价格处于人民币等值¥57.60-¥180.00黄金区间；评分达到4.3以上。
2026-09-08,amazon_us,product,search,women slides,24,Weweya,¥71.93,4.4,Weweya,,,,,,https://www.amazon.com/Weweya-Shower-Non-Slip-Outdoor-Sandals/dp/B0F1XTPHY8/ref=sr_1_11?dib=eyJ2IjoiMSJ9.wrqHnvIFpzxZDCy1gVq3fzWl4LVZ75nPHLlD5S7mA7U3VvFppUL9hQQkdi2m77LDiGlfHSopqA0E_LXuC-jM9ztyKPwI2ZrILp2sskE9FcZALNKIiqksLuTOlsvCAWXdTLUbjVrpC6Kszrb4GIiUBg2sbNF8F2BIjbBk02UqECs6OddSsQTWnyOxVCZ3rc3R5diDh79lI__70JX-Izobo05SBoybjmkrZxyXILVC4qjpHCgx0GTMcSm3m1r6fcu5UrYSeB9fDe2UsIj8YErwWVQREJ5IX5I--z_m4Tc7EQw.lzPhloYJ9TdZrrU05OhwUuQiB8-bmAttl5ZZhiaEtY4&dib_tag=se&keywords=women+slides&qid=1788845754&sr=8-11,https://m.media-amazon.com/images/I/61QGXLFgg+L._AC_UL320_.jpg,57,排名进入前30；价格处于人民币等值¥57.60-¥180.00黄金区间；评分达到4.3以上。
2026-09-08,amazon_us,product,search,women slides,26,"ULTRAIDEAS Women's Fancy Fuzzy House Slippers with Shiny Bow | Fancy, Indoor, Cute Open Toe Slides, Rhinestone Bowknot, Comfy Fluffy Bedroom ULTRAIDEAS Women's Fancy Fuzzy House Slippers with Shiny Bow | Fancy, Indoor, Cute Open Toe Slides, Rhineston…",¥86.33,4.5,4.5,,,,,,https://sponsored-ads.amazon.com/clk/?_encoding=UTF8&p=eAFVUMuK01AYpg7qEMcLXYxQdxW7KJxcTttcKkFymxoa0zZtB6ebw-k5J2mYNkmTjJm66Au4cSH4HroT3PoE7t34HCLYEfFbffBd_p-PI8dfvv76fqd-35idj-2hO3wt2k7QrEnt05Al8TUqdt2Lq4DuMsNSBp3loH-6XRAZevliPppUA57Y89KsZkZwD4o8hBIvq7y4uDU1l8eGM3vpBO60_pi7S1lxWaZZ_WTuB441GvjuwrEbn2vc0xsFFQznZIUylpN0jUuG4mQdJwwty7DO4Q1-myY8STeNJ8USkDUuipiAQwYcnCCTmrdZgubTdq9YgnLFNowCkq7XjJRxmoA3ENwcAwTntAAZjpOS5YCkScmSEj4zA8O3kTXyPMeauSN_ilzfc30Hee65g2xnOpyNxk2Zq4mPPv14__PdN7vx4G_l4YnmQyiKktjRREWWOh1Fgkfzqd0_ssZWe1h_bpuGlZ25QDH25vaAyNibk-3Y9h3jf-zNaG9O9qbxh0SNEytyrgeGE61wyuDHGvehtirLrOgLQlVV_L-JhCgTcCVQwRTPfGvWDQL1RUZRTlG2XtFcL1urAiOSo5jqYmsbU11SVFXt9pRet1XkugQg6OFeT4ahBkIaUtCVRAlooUYBVWSMNU1Tux3YinWcFS2cs1D35M7l-BW9grvf2h-8nA&v=c1&r=https%3A%2F%2Fwww.amazon.com%2Fgp%2Faw%2Fd%2FB0FNCT4RR8%3Fpd_rd_plhdr%3Dt%26hsa_cr_id%3D0%26qid%3D1788845754%26sr%3D1-2-5a5562f9-fdfd-4101-9f9d-d76aa9998432%26i%3Daps%26aref%3DL63kPMdu2y&ref_=sbx__sbtcd2_asin_1_bkgd&pd_rd_w=rCXjI&content-id=amzn1.sym.90f77631-9599-4fe0-95f8-a40adfe1c762%3Aamzn1.sym.90f77631-9599-4fe0-95f8-a40adfe1c762&pf_rd_p=90f77631-9599-4fe0-95f8-a40adfe1c762&pf_rd_r=V4V1HT8KVBK7WSZYJBQD&pd_rd_wg=It0rJ&pd_rd_r=3bc663ed-78ef-476f-bb14-ac9e15a813ac,"https://m.media-amazon.com/images/I/81-yr1S1tFL._AC_SR322,134_CB1169409_QL70_.jpg",57,排名进入前30；价格处于人民币等值¥57.60-¥180.00黄金区间；评分达到4.3以上。
2026-09-08,amazon_us,product,search,women slides,27,"ULTRAIDEAS Women's Popcorn Fleece House Slippers | Memory Foam, Washable, Indoor Outdoor, Non Slip Rubber Sole ULTRAIDEAS Women's Popcorn Fleece House Slippers | Memory Foam, Washable, Indoor Outdoor, Non Slip Ru…",¥93.53,4.5,4.5,,,,,,https://sponsored-ads.amazon.com/clk/?_encoding=UTF8&p=eAFVUMuK01AYpg7qEMcLXYxQdxW7KJxcm6SpBMltamhML2kHp5vD6TknFyZN0iRjpy76Am5cCL6H7gS3PoF7Nz6HCHZE_FYffJf_52Pw8Zevv77fad435ucTe-SOXvO2M2s3hO5pSLPkGla73sXVjOwKw1KH0mo4ON0ssSJ65XIxnm6HLLYXtbmdG7N7Is-KosAqfZZf3grM1bHhzF86MzdoPmbuElpd1nnRPFn4M8caD3136ditzw3m6Y0CK4pKHMOCljhPUU1hkqVJRuGqDpsMWqO3ecbifN16Uq0ATlFVJRgcMuDgBIXQvk0zuAi6crUCdUzXlACcpynFdZJn4I0Ibo4BjEpSgQIlWU1LgPOsplktPjNnhm9Da-x5jjV3x34AXd9zfQd67rkDbScYzceTtsI0-Eeffrz_-e6b3Xrwt_LwRPuhyPMCL2m8qgiSpAri0SKwB0fWxOqOms9t07CKMxeoxt7cHBAZe3O6mdi-Y_yPvRntzeneNP6QqHViRc710HCiGOVU_NhgPjTiui6qAcdtt1v230RcVHBoyxHO5LXRPNDOzOWLgsCSwCKNSanXnbhCEJcwITrf2SREF9R-v9-TVbnXqUpdABKQkSwrYqiBkIQE9AReAFqoEUBUBSFN0_o9SewkOiqqDippqHuKdDl5Ra7E3W_eyryo&v=c1&r=https%3A%2F%2Fwww.amazon.com%2Fgp%2Faw%2Fd%2FB09KTS9FBZ%3Fpd_rd_plhdr%3Dt%26hsa_cr_id%3D0%26qid%3D1788845754%26sr%3D1-3-5a5562f9-fdfd-4101-9f9d-d76aa9998432%26i%3Daps%26aref%3DL63kPMdu2y&ref_=sbx__sbtcd2_asin_2_bkgd&pd_rd_w=rCXjI&content-id=amzn1.sym.90f77631-9599-4fe0-95f8-a40adfe1c762%3Aamzn1.sym.90f77631-9599-4fe0-95f8-a40adfe1c762&pf_rd_p=90f77631-9599-4fe0-95f8-a40adfe1c762&pf_rd_r=V4V1HT8KVBK7WSZYJBQD&pd_rd_wg=It0rJ&pd_rd_r=3bc663ed-78ef-476f-bb14-ac9e15a813ac,"https://m.media-amazon.com/images/I/81jPRoBLdSL._AC_SR322,134_CB1169409_QL70_.jpg",57,排名进入前30；价格处于人民币等值¥57.60-¥180.00黄金区间；评分达到4.3以上。
2026-09-08,amazon_us,product,search,women slides,28,ULTRAIDEAS Women's Indoor Slipper with Memory Foam slippers | Terry Clog Slippers Slip-On Ladies Comfy House Shoe with Non-Slip Rubber Sole ULTRAIDEAS Women's Indoor Slipper with Memory Foam slippers | Terry Clog Slippers Slip-On Ladies Comfy Hous…,¥107.93,4.4,4.4,,,,,,https://sponsored-ads.amazon.com/clk/?_encoding=UTF8&p=eAFVUM2K01AYpQ7qEMcfuhih7ip2Ubht_tNUguQmsYbGtJO0g3Zzub33Jg2TJmmSsVMXfQE3LgTfQ3eCW5_AvRufQwQ7Ip7VgfPzfRyOHH_5-uv7reZdc3Y-tcfu-BVvO0G7IXRPI5YlV6jaya8vA7orTEsbScvR8HSzIKrolYv55Gw76hF7XsPtzAzuiHxPFIWeOujxixshXB6bzuyFE7hh8yF3m7Lqos6L5sncDxxrMvLdhWO3Pje4x9cKqhguyQoVrCR5imuGkixNMoaWddTk8Bq_zbMeydetR9USkBRXVULAIQMOTlAI7ZssQ_Owq1RLUK_YmlFA8jRlpE7yDLwRwfUxQHBJK1DgJKtZCUie1SyrxScwMH0bWRPPc6yZO_FD5Pqe6zvIc88dZDvheDaZtlWuwT_49OP9z3ff7Na9v5WHJ9r3RZ4XeEnnNVWQJE0Qj-ahPTyyplZ33HxqQ9MqnrtAM_dwc0Bs7uHZZmr7jvk_9jDew7M9NP-QuHVixc7VyHTiFc6Z-LHBfWis6rqohv3-drvt_ZuoHxd9vO3TPuRt2RtrMIDPCopKiop0RUuj7qwqjEiJEmrwnU1CDUEbDAayoilypyoNAchAwYqiipEOIhpRIAu8APRIp4BqKsa6rg9kSewkBi6qDi5ZZHiqdDF9SS_F3W_My7x_&v=c1&r=https%3A%2F%2Fwww.amazon.com%2Fgp%2Faw%2Fd%2FB0D4LK7BRB%3Fpd_rd_plhdr%3Dt%26hsa_cr_id%3D0%26qid%3D1788845754%26sr%3D1-4-5a5562f9-fdfd-4101-9f9d-d76aa9998432%26i%3Daps%26aref%3DL63kPMdu2y&ref_=sbx__sbtcd2_asin_3_bkgd&pd_rd_w=rCXjI&content-id=amzn1.sym.90f77631-9599-4fe0-95f8-a40adfe1c762%3Aamzn1.sym.90f77631-9599-4fe0-95f8-a40adfe1c762&pf_rd_p=90f77631-9599-4fe0-95f8-a40adfe1c762&pf_rd_r=V4V1HT8KVBK7WSZYJBQD&pd_rd_wg=It0rJ&pd_rd_r=3bc663ed-78ef-476f-bb14-ac9e15a813ac,"https://m.media-amazon.com/images/I/71wzP5-7iTL._AC_SR322,134_CB1169409_QL70_.jpg",57,排名进入前30；价格处于人民币等值¥57.60-¥180.00黄金区间；评分达到4.3以上。
2026-09-08,amazon_us,product,search,platform sandals women,15,Project Cloud,¥287.28,4.2,Project Cloud,,,,,,https://www.amazon.com/Project-Cloud-Platform-Sandals-Women/dp/B0FTTJXGPG/ref=sr_1_9?dib=eyJ2IjoiMSJ9.FPoSxH-pDUFI745W7ytbodcUw-hme5sdwMWJdkLhJVri1AzfM_0C74iSFtuRczTeT29itzOslVsFKLPCB3CM1cROU3kQ3mRb5EFaKkRN8DE5eDktEsI_MqCX2uB9o5VLqZaIygbiIrAK57q7_01vdkmVsbj-N0S4iqpEuuIA6n9HM2Zgf5l9vqAnabKtdS70CZPAL4cl7-HtwbCMEn8ltI155-abWBJ38tbvFH6kQ5xr3_m7rkkJVIOyubsYLozf9SyDQSwgktBClQfFslKgOKVIIQqAZnTTODZOyk9rJbU.LUWNXsH0V6sg-yv-d0ujeZL0PybscKG5cReYS37iOMc&dib_tag=se&keywords=platform+sandals+women&qid=1788845754&sr=8-9,https://m.media-amazon.com/images/I/71J636VmPQL._AC_UL320_.jpg,57,排名进入前30；价格处于人民币等值¥180.00-¥288.00区间；标题包含 cloud，符合美国女鞋舒适化趋势；评分达到4.0以上。
2026-09-08,amazon_us,product,best_sellers,Best Sellers Women Sandals,26,Project Cloud Flip Flops for Women Memory Foam Flats Sandals | Lightweight and Durable Non-Slip Sole Womens Sandals - Beach Essentials Womens Flat Sandals for Everyday Comfort Daily Wear,,4.1,$22.90,,,,,,https://www.amazon.com/Project-Cloud-Flip-flops-Women/dp/B0D2F7FF1F/ref=zg_bs_g_679425011_d_sccl_26/145-9042852-1426506?psc=1,"https://images-na.ssl-images-amazon.com/images/I/41JMYLSDC3L._AC_UL600_SR600,400_.jpg",56,排名进入前30；标题包含 cloud、comfort、beach，符合美国女鞋舒适化趋势；评分达到4.0以上。
2026-09-08,amazon_us,product,best_sellers,Best Sellers Women Sandals,7,"DREAM PAIRS Women's Comfort Block Heel Sandals | Open Toe Adjustable Ankle Strap Chunky Dress Heels, Fashion Heeled Sandals for Prom, Wedding Guest and Formal Events",,4.2,$29.99,,,,,,https://www.amazon.com/DREAM-PAIRS-Womens-Chunk-Sandals/dp/B071CTLNBL/ref=zg_bs_g_679425011_d_sccl_7/145-9042852-1426506?psc=1,"https://images-na.ssl-images-amazon.com/images/I/61mjdmlQ3bL._AC_UL600_SR600,400_.jpg",55,排名靠前；标题包含 comfort，符合美国女鞋舒适化趋势；评分达到4.0以上。
2026-09-08,amazon_us,product,best_sellers,Best Sellers Women Sandals,8,"Weweya Slides for Women Men Shower Shoes House Slippers Beach Sandals | Bathroom, Non Slip, Lightweight",,4.4,$9.99,,,,,,https://www.amazon.com/Weweya-Shower-Bathroom-Slippers-Sandals/dp/B0F1XJ9TM4/ref=zg_bs_g_679425011_d_sccl_8/145-9042852-1426506?psc=1,"https://images-na.ssl-images-amazon.com/images/I/718rk3GaK+L._AC_UL600_SR600,400_.jpg",55,排名靠前；标题包含 beach，符合美国女鞋舒适化趋势；评分达到4.3以上。
2026-09-08,amazon_us,product,best_sellers,Best Sellers Women Sandals,15,OOFOS OOriginal Recovery Sandal - Women’s and Men’s,,4.5,$59.95,,,,,,https://www.amazon.com/OOFOS-Unisex-Original-Thong-Black/dp/B00IA4XD20/ref=zg_bs_g_679425011_d_sccl_15/145-9042852-1426506?psc=1,"https://images-na.ssl-images-amazon.com/images/I/51qiZpHX64L._AC_UL600_SR600,400_.jpg",55,排名进入前30；评论数达到50以上；标题包含 recovery，符合美国女鞋舒适化趋势；评分达到4.3以上。
2026-09-08,amazon_us,product,search,women slides,11,Berness,¥287.93,4.7,Berness,,,,,,https://www.amazon.com/Sandals-Non-Slip-Waterproof-Slides-Double/dp/B0HB4P5GV5/ref=sr_1_3?dib=eyJ2IjoiMSJ9.wrqHnvIFpzxZDCy1gVq3fzWl4LVZ75nPHLlD5S7mA7U3VvFppUL9hQQkdi2m77LDiGlfHSopqA0E_LXuC-jM9ztyKPwI2ZrILp2sskE9FcZALNKIiqksLuTOlsvCAWXdTLUbjVrpC6Kszrb4GIiUBg2sbNF8F2BIjbBk02UqECs6OddSsQTWnyOxVCZ3rc3R5diDh79lI__70JX-Izobo05SBoybjmkrZxyXILVC4qjpHCgx0GTMcSm3m1r6fcu5UrYSeB9fDe2UsIj8YErwWVQREJ5IX5I--z_m4Tc7EQw.lzPhloYJ9TdZrrU05OhwUuQiB8-bmAttl5ZZhiaEtY4&dib_tag=se&keywords=women+slides&qid=1788845754&sr=8-3,https://m.media-amazon.com/images/I/81zrsqTStqL._AC_UL320_.jpg,55,排名进入前30；价格处于人民币等值¥180.00-¥288.00区间；评分达到4.6以上。
2026-09-08,amazon_us,product,search,women slides,16,Nike,¥241.92,4.6,Nike,,,,,,https://www.amazon.com/sspa/click?ie=UTF8&spc=MTozNjIzMzkxMDUzMjY4MzU6MTc4ODg0NTc1NDpzcF9zZWFyY2hfdGhlbWF0aWM6MzAxMTM5NzYxMTA5OTAyOjo0Ojo&url=%2FWomens-Sneaker-WhiteBlack-Black-Summit-White%2Fdp%2FB08PDLRHT2%2Fref%3Dsxin_15_pa_sp_search_thematic_sspa%3Fcontent-id%3Damzn1.sym.3553e585-d0c8-423a-845e-cf785d8e065d%253Aamzn1.sym.3553e585-d0c8-423a-845e-cf785d8e065d%26cv_ct_cx%3Dwomen%2Bslides%26keywords%3Dwomen%2Bslides%26pd_rd_i%3DB08PDLRHT2%26pd_rd_r%3D3bc663ed-78ef-476f-bb14-ac9e15a813ac%26pd_rd_w%3DO1YNM%26pd_rd_wg%3DIt0rJ%26pf_rd_p%3D3553e585-d0c8-423a-845e-cf785d8e065d%26pf_rd_r%3DV4V1HT8KVBK7WSZYJBQD%26qid%3D1788845754%26sbo%3DRZvfv%252F%252FHxDF%252BO5021pAnSA%253D%253D%26sr%3D1-5-e169343e-09af-4d41-85b1-8335fe8f32d0-spons%26aref%3DxfSiQ3G5Uy%26sp_csd%3Dd2lkZ2V0TmFtZT1zcF9zZWFyY2hfdGhlbWF0aWM%26psc%3D1&aref=xfSiQ3G5Uy,https://m.media-amazon.com/images/I/51zREfEfZ5L._AC_UL320_.jpg,55,排名进入前30；价格处于人民币等值¥180.00-¥288.00区间；评分达到4.6以上。
2026-09-08,amazon_us,product,search,women slides,23,adidas,¥189.00,4.6,adidas,,,,,,https://www.amazon.com/adidas-Unisex-Adilette-Comfort-Slides/dp/B091ZGY256/ref=sr_1_10?dib=eyJ2IjoiMSJ9.wrqHnvIFpzxZDCy1gVq3fzWl4LVZ75nPHLlD5S7mA7U3VvFppUL9hQQkdi2m77LDiGlfHSopqA0E_LXuC-jM9ztyKPwI2ZrILp2sskE9FcZALNKIiqksLuTOlsvCAWXdTLUbjVrpC6Kszrb4GIiUBg2sbNF8F2BIjbBk02UqECs6OddSsQTWnyOxVCZ3rc3R5diDh79lI__70JX-Izobo05SBoybjmkrZxyXILVC4qjpHCgx0GTMcSm3m1r6fcu5UrYSeB9fDe2UsIj8YErwWVQREJ5IX5I--z_m4Tc7EQw.lzPhloYJ9TdZrrU05OhwUuQiB8-bmAttl5ZZhiaEtY4&dib_tag=se&keywords=women+slides&qid=1788845754&sr=8-10,https://m.media-amazon.com/images/I/51uJnrrxC9L._AC_UL320_.jpg,55,排名进入前30；价格处于人民币等值¥180.00-¥288.00区间；评分达到4.6以上。
2026-09-08,amazon_us,product,best_sellers,Best Sellers Women Sandals,19,KuaiLu Womens Flip Flops Arch Support Yoga Mat Cushioned Thong Sandals | Ladies Comfortable Walking Slides For Plantar Fasciitis Slip On Indoor Outdoor For Summer,,4.1,$23.08,,,,,,https://www.amazon.com/KuaiLu-Comfortable-Walking-Sandals-Fasciitis/dp/B08XX52FHY/ref=zg_bs_g_679425011_d_sccl_19/145-9042852-1426506?psc=1,"https://images-na.ssl-images-amazon.com/images/I/61giVB09JoL._AC_UL600_SR600,400_.jpg",54,排名进入前30；标题包含 comfort、arch support、summer，符合美国女鞋舒适化趋势；评分达到4.0以上。
2026-09-08,amazon_us,product,best_sellers,Best Sellers Women Sandals,20,"shevalues Slim Basic Flip Flops for Women with Comfortable Yoga Mat | Lightweight Non Slip Rubber Sandals for Beach, Shower, Pool & Summer Casual Wear",,4.4,$8.54,,,,,,https://www.amazon.com/shevalues-Shower-Rubber-Sandals-Comfortable/dp/B0B68G2D52/ref=zg_bs_g_679425011_d_sccl_20/145-9042852-1426506?psc=1,"https://images-na.ssl-images-amazon.com/images/I/61b4HXgBWfL._AC_UL600_SR600,400_.jpg",54,排名进入前30；标题包含 comfort、beach、summer，符合美国女鞋舒适化趋势；评分达到4.3以上。
2026-09-08,amazon_us,product,best_sellers,Best Sellers Women Sandals,35,"CUSHIONAIRE Feather EVA Slides for Women – Comfortable Slip On Womens Slippers, Indoor Outdoor Shower Shoes, Beach Essential Cloud Slides",,4.4,$25.64,,,,,,https://www.amazon.com/Cushionaire-Womens-Feather-recovery-Comfort/dp/B094TD7Z1K/ref=zg_bs_g_679425011_d_sccl_35/145-9042852-1426506?psc=1,"https://images-na.ssl-images-amazon.com/images/I/817PhiYQjLL._AC_UL300_SR300,200_.jpg",54,排名进入前50；标题包含 cloud、comfort、beach，符合美国女鞋舒适化趋势；cloud + slides组合趋势加分；评分达到4.3以上。
2026-09-08,amazon_us,product,new_releases,New Releases Women Sandals,40,IDIFU IN4 Wedge Sandals for Women Platform Wedge Heels Square Open Toe Dressy Wedges Comfortable Summer Beach Vacation Sandals,,4.0,$21.99,,,,,,https://www.amazon.com/IDIFU-Sandals-Platform-Comfortable-Vacation/dp/B0GYN5K9WF/ref=zg_bsnr_g_679425011_d_sccl_40/145-9042852-1426506?psc=1,"https://images-na.ssl-images-amazon.com/images/I/719EIhFHc7L._AC_UL300_SR300,200_.jpg",54,排名进入前50；标题包含 platform、comfort、beach、summer、wedge，符合美国女鞋舒适化趋势；platform + comfort组合趋势加分；评分达到4.0以上。
2026-09-08,amazon_us,product,search,women summer slippers,21,shevalues,¥143.93,4.2,shevalues,,,,,,https://www.amazon.com/shevalues-Summer-Slippers-Support-Breathable/dp/B0BK8PN8CL/ref=sr_1_9?dib=eyJ2IjoiMSJ9.Z3DtW4uoCvsDIv_xz9KW2LQdCuo-kT_owG1TkFjrVnXOGVQ9C0DfSdMi0C9kS1FbwQ2la_nEYlVe0DJ3lSYe70CKn0tLl1aEnRvrymSeMCpjfqQdDt1wSRPHDuq6kB-KPPEA9GI98HCuaq0slL0TJ1iYBStW_oQBLm33d-Lr1qMl77JIkGE2bQdSaLw9Q3LPO-ndszFK6Y2O8e6YB9BZUwzW7fOSSOtwYhwsx7fToNGt1OvHenjDcM0BT1IthUOwrRK3Lz4LlwtHBb_XumeWIyzgNx1xQSeMdrSok6xoQ0I.-IYva1ORjPpMJRhXX13WRFzhJUoDSrYM_0zWqu3exLk&dib_tag=se&keywords=women+summer+slippers&qid=1788845753&sr=8-9,https://m.media-amazon.com/images/I/71wQ2tOj0+L._AC_UL320_.jpg,54,排名进入前30；价格处于人民币等值¥57.60-¥180.00黄金区间；评分达到4.0以上。
2026-09-08,amazon_us,product,search,women summer slippers,37,Womens Comfortable Slides Sandals: Lightweight Soft Cushioned Slip On Flat Sandals - Dressy Summer Shoes for Casual Walking Travel,¥100.73,4.5,"Price, product page $13.99 $ 13 . 99 Typical: $15.99 Typical: $15.99 $15.99",,,,,,https://www.amazon.com/Diarilip-Womens-Comfortable-Slides-Sandals/dp/B0GZN9H21P/ref=sr_1_20?dib=eyJ2IjoiMSJ9.Z3DtW4uoCvsDIv_xz9KW2LQdCuo-kT_owG1TkFjrVnXOGVQ9C0DfSdMi0C9kS1FbwQ2la_nEYlVe0DJ3lSYe70CKn0tLl1aEnRvrymSeMCpjfqQdDt1wSRPHDuq6kB-KPPEA9GI98HCuaq0slL0TJ1iYBStW_oQBLm33d-Lr1qMl77JIkGE2bQdSaLw9Q3LPO-ndszFK6Y2O8e6YB9BZUwzW7fOSSOtwYhwsx7fToNGt1OvHenjDcM0BT1IthUOwrRK3Lz4LlwtHBb_XumeWIyzgNx1xQSeMdrSok6xoQ0I.-IYva1ORjPpMJRhXX13WRFzhJUoDSrYM_0zWqu3exLk&dib_tag=se&keywords=women+summer+slippers&qid=1788845753&sr=8-20,https://m.media-amazon.com/images/I/81PtNHs+1kL._AC_UL320_.jpg,54,排名进入前50；价格处于人民币等值¥57.60-¥180.00黄金区间；标题包含 comfort、soft、summer，符合美国女鞋舒适化趋势；评分达到4.3以上。
2026-09-08,amazon_us,product,search,women slides,15,DREAM LAKE,¥138.17,4.2,DREAM LAKE,,,,,,https://www.amazon.com/sspa/click?ie=UTF8&spc=MTozNjIzMzkxMDUzMjY4MzU6MTc4ODg0NTc1NDpzcF9zZWFyY2hfdGhlbWF0aWM6MzAxMjEyNTQxNzA3MDAyOjozOjo&url=%2FDREAM-LAKE-Platform-Sandals-Cavernous%2Fdp%2FB0DRJXS7ZF%2Fref%3Dsxin_15_pa_sp_search_thematic_sspa%3Fcontent-id%3Damzn1.sym.3553e585-d0c8-423a-845e-cf785d8e065d%253Aamzn1.sym.3553e585-d0c8-423a-845e-cf785d8e065d%26cv_ct_cx%3Dwomen%2Bslides%26keywords%3Dwomen%2Bslides%26pd_rd_i%3DB0DRJXS7ZF%26pd_rd_r%3D3bc663ed-78ef-476f-bb14-ac9e15a813ac%26pd_rd_w%3DO1YNM%26pd_rd_wg%3DIt0rJ%26pf_rd_p%3D3553e585-d0c8-423a-845e-cf785d8e065d%26pf_rd_r%3DV4V1HT8KVBK7WSZYJBQD%26qid%3D1788845754%26sbo%3D9ZOMT9Jm0JH%252Ft%252BWi68iDSA%253D%253D%26sr%3D1-4-e169343e-09af-4d41-85b1-8335fe8f32d0-spons%26aref%3DZ0AYYC2jbJ%26sp_csd%3Dd2lkZ2V0TmFtZT1zcF9zZWFyY2hfdGhlbWF0aWM%26psc%3D1&aref=Z0AYYC2jbJ,https://m.media-amazon.com/images/I/71WOdnasbTL._AC_UL320_.jpg,54,排名进入前30；价格处于人民币等值¥57.60-¥180.00黄金区间；评分达到4.0以上。
2026-09-08,amazon_us,product,search,women slides,29,ULTRAIDEAS Womens Fluffy Scuff House Slippers Indoor Memory Foam ULTRAIDEAS Womens Fluffy Scuff House Slippers Indoor Memory Foam,¥93.53,4,4,,,,,,https://sponsored-ads.amazon.com/clk/?_encoding=UTF8&p=eAFVUMuK01AYpg7qUMcLXYxQdxW7KJxcTpukqQTJzRqaSS9pB6ebw-k5J02YNEmTjJm66Au4cSH4HroT3PoE7t34HCLYEfFbffBd_p-vTo6_fP31_U7jvj4_n1gjZ_RasOxZqyZ2TgOWRNeo2PUurmZ0l-mmMuyuhoPT7ZLI0M2Xi_G0GnLEWpRGNddn96DAQShycp8Tlrd8Y3Ws2_NX9szxG4_rdykrLss0a5wsvJltjoees7St5uda_emNggqGcxKijOUkjXHJUJTEUcLQqgwadbzBb9OEI-mm-aRYARLjoogIOGTAwQkysXWbJWjhd6RiBcqQbRgFJI1jRsooTcAbCG6OAYJzWoAMR0nJckDSpGRJCZ8ZM92zkDl2XducO2PPR47nOp6NXOfcRpbtj-bjSUuu14RHn368__num9V88Lfy8ETrIRQEUeiqgiKL3a4iwqOFbw2OzInZGTWeW4ZuZi8doOh7Y3vAWt8b0-3E8mz9f-yN9d6Y7g39D1k3T8y1fT3U7XWIUwY_1uofamFZZsWA56uq4v5NxK8zHlc85Q3B8qHsuuLZi4yinKIsDmmule2wwIjkKKKa0N5GVBOVfr_fkxSp1y5yTQQSkLAkyTBQQUADCnqiIAI1UCmgioyxqqr9Xhe2Iw1nRRvnLNBcuXs5OaNXcPcbyim8eQ&v=c1&r=https%3A%2F%2Fwww.amazon.com%2Fgp%2Faw%2Fd%2FB0DS26LL1M%3Fpd_rd_plhdr%3Dt%26hsa_cr_id%3D0%26qid%3D1788845754%26sr%3D1-5-5a5562f9-fdfd-4101-9f9d-d76aa9998432%26i%3Daps%26aref%3DL63kPMdu2y&ref_=sbx__sbtcd2_asin_4_bkgd&pd_rd_w=rCXjI&content-id=amzn1.sym.90f77631-9599-4fe0-95f8-a40adfe1c762%3Aamzn1.sym.90f77631-9599-4fe0-95f8-a40adfe1c762&pf_rd_p=90f77631-9599-4fe0-95f8-a40adfe1c762&pf_rd_r=V4V1HT8KVBK7WSZYJBQD&pd_rd_wg=It0rJ&pd_rd_r=3bc663ed-78ef-476f-bb14-ac9e15a813ac,"https://m.media-amazon.com/images/I/61-rP1P4f8L._AC_SR322,134_CB1169409_QL70_.jpg",54,排名进入前30；价格处于人民币等值¥57.60-¥180.00黄金区间；评分达到4.0以上。
2026-09-08,amazon_us,product,search,platform sandals women,12,Monrovia,¥143.93,4.1,Monrovia,,,,,,https://www.amazon.com/Monrovia-Platform-Espadrilles-Vacation-Comfortable/dp/B0FJS1R2ZG/ref=sr_1_6?dib=eyJ2IjoiMSJ9.FPoSxH-pDUFI745W7ytbodcUw-hme5sdwMWJdkLhJVri1AzfM_0C74iSFtuRczTeT29itzOslVsFKLPCB3CM1cROU3kQ3mRb5EFaKkRN8DE5eDktEsI_MqCX2uB9o5VLqZaIygbiIrAK57q7_01vdkmVsbj-N0S4iqpEuuIA6n9HM2Zgf5l9vqAnabKtdS70CZPAL4cl7-HtwbCMEn8ltI155-abWBJ38tbvFH6kQ5xr3_m7rkkJVIOyubsYLozf9SyDQSwgktBClQfFslKgOKVIIQqAZnTTODZOyk9rJbU.LUWNXsH0V6sg-yv-d0ujeZL0PybscKG5cReYS37iOMc&dib_tag=se&keywords=platform+sandals+women&qid=1788845754&sr=8-6,https://m.media-amazon.com/images/I/61s1n98EyYL._AC_UL320_.jpg,54,排名进入前30；价格处于人民币等值¥57.60-¥180.00黄金区间；评分达到4.0以上。
2026-09-08,amazon_us,product,search,platform sandals women,16,YUHITYGZGS,¥143.93,4.2,YUHITYGZGS,,,,,,https://www.amazon.com/YUHITYGZGS-Platform-Sandals-Footbed-Lightweight/dp/B0F991QX1S/ref=sr_1_10?dib=eyJ2IjoiMSJ9.FPoSxH-pDUFI745W7ytbodcUw-hme5sdwMWJdkLhJVri1AzfM_0C74iSFtuRczTeT29itzOslVsFKLPCB3CM1cROU3kQ3mRb5EFaKkRN8DE5eDktEsI_MqCX2uB9o5VLqZaIygbiIrAK57q7_01vdkmVsbj-N0S4iqpEuuIA6n9HM2Zgf5l9vqAnabKtdS70CZPAL4cl7-HtwbCMEn8ltI155-abWBJ38tbvFH6kQ5xr3_m7rkkJVIOyubsYLozf9SyDQSwgktBClQfFslKgOKVIIQqAZnTTODZOyk9rJbU.LUWNXsH0V6sg-yv-d0ujeZL0PybscKG5cReYS37iOMc&dib_tag=se&keywords=platform+sandals+women&qid=1788845754&sr=8-10,https://m.media-amazon.com/images/I/71Bo+e1NKLL._AC_UL320_.jpg,54,排名进入前30；价格处于人民币等值¥57.60-¥180.00黄金区间；评分达到4.0以上。
2026-09-08,amazon_us,product,search,women slides,22,KIDMI,¥194.33,4.4,KIDMI,,,,,,https://www.amazon.com/KIDMI-Leather-Footbed-Sandals-Support/dp/B0BS6G9WG6/ref=sr_1_9?dib=eyJ2IjoiMSJ9.wrqHnvIFpzxZDCy1gVq3fzWl4LVZ75nPHLlD5S7mA7U3VvFppUL9hQQkdi2m77LDiGlfHSopqA0E_LXuC-jM9ztyKPwI2ZrILp2sskE9FcZALNKIiqksLuTOlsvCAWXdTLUbjVrpC6Kszrb4GIiUBg2sbNF8F2BIjbBk02UqECs6OddSsQTWnyOxVCZ3rc3R5diDh79lI__70JX-Izobo05SBoybjmkrZxyXILVC4qjpHCgx0GTMcSm3m1r6fcu5UrYSeB9fDe2UsIj8YErwWVQREJ5IX5I--z_m4Tc7EQw.lzPhloYJ9TdZrrU05OhwUuQiB8-bmAttl5ZZhiaEtY4&dib_tag=se&keywords=women+slides&qid=1788845754&sr=8-9,https://m.media-amazon.com/images/I/81zCzavhSUL._AC_UL320_.jpg,52,排名进入前30；价格处于人民币等值¥180.00-¥288.00区间；评分达到4.3以上。
2026-09-08,amazon_us,product,search,platform sandals women,11,DREAM PAIRS,¥273.53,4.4,DREAM PAIRS,,,,,,https://www.amazon.com/DREAM-PAIRS-Adjustable-Lightweight-Waterproof/dp/B0G1RBS19X/ref=sr_1_5?dib=eyJ2IjoiMSJ9.FPoSxH-pDUFI745W7ytbodcUw-hme5sdwMWJdkLhJVri1AzfM_0C74iSFtuRczTeT29itzOslVsFKLPCB3CM1cROU3kQ3mRb5EFaKkRN8DE5eDktEsI_MqCX2uB9o5VLqZaIygbiIrAK57q7_01vdkmVsbj-N0S4iqpEuuIA6n9HM2Zgf5l9vqAnabKtdS70CZPAL4cl7-HtwbCMEn8ltI155-abWBJ38tbvFH6kQ5xr3_m7rkkJVIOyubsYLozf9SyDQSwgktBClQfFslKgOKVIIQqAZnTTODZOyk9rJbU.LUWNXsH0V6sg-yv-d0ujeZL0PybscKG5cReYS37iOMc&dib_tag=se&keywords=platform+sandals+women&qid=1788845754&sr=8-5,https://m.media-amazon.com/images/I/61VKPpZxLML._AC_UL320_.jpg,52,排名进入前30；价格处于人民币等值¥180.00-¥288.00区间；评分达到4.3以上。
2026-09-08,amazon_us,product,search,platform sandals women,14,UBFEN,¥287.78,4.4,UBFEN,,,,,,https://www.amazon.com/UBFEN-Espadrille-Platform-Sandals-Orthopedic/dp/B0GJS89MTL/ref=sr_1_8?dib=eyJ2IjoiMSJ9.FPoSxH-pDUFI745W7ytbodcUw-hme5sdwMWJdkLhJVri1AzfM_0C74iSFtuRczTeT29itzOslVsFKLPCB3CM1cROU3kQ3mRb5EFaKkRN8DE5eDktEsI_MqCX2uB9o5VLqZaIygbiIrAK57q7_01vdkmVsbj-N0S4iqpEuuIA6n9HM2Zgf5l9vqAnabKtdS70CZPAL4cl7-HtwbCMEn8ltI155-abWBJ38tbvFH6kQ5xr3_m7rkkJVIOyubsYLozf9SyDQSwgktBClQfFslKgOKVIIQqAZnTTODZOyk9rJbU.LUWNXsH0V6sg-yv-d0ujeZL0PybscKG5cReYS37iOMc&dib_tag=se&keywords=platform+sandals+women&qid=1788845754&sr=8-8,https://m.media-amazon.com/images/I/81ToZ2Ro5jL._AC_UL320_.jpg,52,排名进入前30；价格处于人民币等值¥180.00-¥288.00区间；评分达到4.3以上。
2026-09-08,amazon_us,product,search,platform sandals women,26,REEF,¥239.04,4.3,REEF,,,,,,https://www.amazon.com/Reef-Sandals-Cushion-Platform-Footbed/dp/B07WR3S57G/ref=sr_1_12?dib=eyJ2IjoiMSJ9.FPoSxH-pDUFI745W7ytbodcUw-hme5sdwMWJdkLhJVri1AzfM_0C74iSFtuRczTeT29itzOslVsFKLPCB3CM1cROU3kQ3mRb5EFaKkRN8DE5eDktEsI_MqCX2uB9o5VLqZaIygbiIrAK57q7_01vdkmVsbj-N0S4iqpEuuIA6n9HM2Zgf5l9vqAnabKtdS70CZPAL4cl7-HtwbCMEn8ltI155-abWBJ38tbvFH6kQ5xr3_m7rkkJVIOyubsYLozf9SyDQSwgktBClQfFslKgOKVIIQqAZnTTODZOyk9rJbU.LUWNXsH0V6sg-yv-d0ujeZL0PybscKG5cReYS37iOMc&dib_tag=se&keywords=platform+sandals+women&qid=1788845754&sr=8-12,https://m.media-amazon.com/images/I/61N9IMpIT6L._AC_UL320_.jpg,52,排名进入前30；价格处于人民币等值¥180.00-¥288.00区间；评分达到4.3以上。
2026-09-08,amazon_us,product,best_sellers,Best Sellers Women Sandals,12,mazeskin Womens Memory Foam Flip Flops Leather Flat Sandals | Vegan Leather Square Toe Cushion Summer Casual Comfortable Slim Thong Beach Slide Shoes Non Slip,,4.0,$9.99,,,,,,https://www.amazon.com/mazeskin-Womens-Memory-Leather-Sandals/dp/B0GRMZ5PFS/ref=zg_bs_g_679425011_d_sccl_12/145-9042852-1426506?psc=1,"https://images-na.ssl-images-amazon.com/images/I/717PAaaaLdL._AC_UL600_SR600,400_.jpg",51,排名进入前30；标题包含 comfort、beach、summer，符合美国女鞋舒适化趋势；评分达到4.0以上。
2026-09-08,amazon_us,product,best_sellers,Best Sellers Women Sandals,34,"rosyclo Cloud Slippers for Women and Men Cushioned Thick Sole Slide Sandals | Pillow Comfort Ultra-Soft Sole Shower Shoes, Foot Pain Relief, Non-Slip, Easy to Clean, Waterproof for Indoor Outdoor Slides",,4.2,$23.98,,,,,,https://www.amazon.com/Slippers-Massage-Bathroom-Non-Slip-Platform/dp/B093P71YN9/ref=zg_bs_g_679425011_d_sccl_34/145-9042852-1426506?psc=1,"https://images-na.ssl-images-amazon.com/images/I/71p3E2ac4EL._AC_UL300_SR300,200_.jpg",51,排名进入前50；标题包含 cloud、comfort、soft，符合美国女鞋舒适化趋势；cloud + slides组合趋势加分；评分达到4.0以上。
2026-09-08,amazon_us,product,best_sellers,Best Sellers Women Sandals,37,Project Cloud 100% Genuine Leather Footbed Sandals for Women (Santorini) | Comfortable Beach Essentials Womens Sandals Plush Memory Foam Cushioning Vacation Essentials Slides for Women Footwear,,4.1,$37.90,,,,,,https://www.amazon.com/Project-Cloud-Comfortable-Essentials-Santorini/dp/B0DQF8F5XV/ref=zg_bs_g_679425011_d_sccl_37/145-9042852-1426506?psc=1,"https://images-na.ssl-images-amazon.com/images/I/91yOyl7MMNL._AC_UL300_SR300,200_.jpg",51,排名进入前50；标题包含 cloud、comfort、beach，符合美国女鞋舒适化趋势；cloud + slides组合趋势加分；评分达到4.0以上。
2026-09-08,amazon_us,product,new_releases,New Releases Women Sandals,2,"Joomra Women's Cork-Inspired Footbed Slides Adjustable Buckle Sandals | Natural Foot-Shaped, Vegan Upper, Two-Strap, Casual Daily Slippers, Walking Comfort, Fashion Indoor Outdoor Sandles",,3.6,$9.99,,,,,,https://www.amazon.com/Joomra-Footbed-Slides-Double-Sandals/dp/B0H4QWZTLX/ref=zg_bsnr_g_679425011_d_sccl_2/140-3637061-9872510?psc=1,"https://images-na.ssl-images-amazon.com/images/I/81sMp+WikpL._AC_UL600_SR600,400_.jpg",51,排名靠前；标题包含 comfort，符合美国女鞋舒适化趋势。
2026-09-08,amazon_us,product,new_releases,New Releases Women Sandals,10,xhuoqdk Fashion Kitten Heel Thong Sandals for Women Square Open Toe Slip‑On Slides Summer Casual Dress Heeled Flip‑Flops Beach Shoes,,,$16.99,,,,,,https://www.amazon.com/xhuoqdk-Breathable-Flip%E2%80%91Flops-Sandalias-Red/dp/B0HGRYS4XV/ref=zg_bsnr_g_679425011_d_sccl_10/140-3637061-9872510?psc=1,"https://images-na.ssl-images-amazon.com/images/I/613Q5idsZ3L._AC_UL600_SR600,400_.jpg",51,排名靠前；标题包含 beach、summer，符合美国女鞋舒适化趋势。
2026-09-08,amazon_us,product,new_releases,New Releases Women Sandals,16,"CUSHIONAIRE Mona Slip-On Lightweight Womens Sandals, Comfortable Wedge Flip Flops for Women with Crossover Strap",,4.4,$49.98,,,,,,https://www.amazon.com/CUSHIONAIRE-Lightweight-Sandals-Comfortable-Crossover/dp/B0H9B7SNL7/ref=zg_bsnr_g_679425011_d_sccl_16/140-3637061-9872510?psc=1,"https://images-na.ssl-images-amazon.com/images/I/710k2uicqiL._AC_UL600_SR600,400_.jpg",51,排名进入前30；标题包含 comfort、wedge，符合美国女鞋舒适化趋势；评分达到4.3以上。
2026-09-08,amazon_us,product,new_releases,New Releases Women Sandals,31,IDIFU Women's IN3 Chunky Platform Block Heels Thick Mule Sandals | Square Open Toe Fashion Comfortable Slip On Casual for Work Wedding Bridal Prom Party Vacation Dress Shoes,,4.4,$33.98,,,,,,https://www.amazon.com/IDIFU-Womens-Chunky-Platform-Sandals/dp/B0H5V43B48/ref=zg_bsnr_g_679425011_d_sccl_31/145-9042852-1426506?psc=1,"https://images-na.ssl-images-amazon.com/images/I/51lS23lDR-L._AC_UL300_SR300,200_.jpg",51,排名进入前50；标题包含 platform、comfort，符合美国女鞋舒适化趋势；platform + comfort组合趋势加分；评分达到4.3以上。
2026-09-08,amazon_us,product,best_sellers,Best Sellers Women Sandals,23,"REEF Womens Shoes, Neptune | Lightweight Sneaker, Breathable Knit, Soft Cushion Footbed, Crush-Back Heel",,4.5,$59.95,,,,,,https://www.amazon.com/Womens-Neptune-Sneaker-White-Vintage/dp/B0D9HZD9PC/ref=zg_bs_g_679425011_d_sccl_23/145-9042852-1426506?psc=1,"https://images-na.ssl-images-amazon.com/images/I/519dWHTucwL._AC_UL600_SR600,400_.jpg",50,排名进入前30；评论数达到50以上；标题包含 soft，符合美国女鞋舒适化趋势；评分达到4.3以上。
2026-09-08,amazon_us,product,best_sellers,Best Sellers Women Sandals,27,Rainbow Sandals Women’s Flirty Braidy Premier Leather w/Single Braided Strap,,4.6,$71.00,,,,,,https://www.amazon.com/Rainbow-Sandals-Womens-Flirty-7-5-8-5/dp/B00LGF8TAQ/ref=zg_bs_g_679425011_d_sccl_27/145-9042852-1426506?psc=1,"https://images-na.ssl-images-amazon.com/images/I/71B9WRizBDL._AC_UL600_SR600,400_.jpg",50,排名进入前30；评论数达到50以上；评分达到4.6以上。
2026-09-08,amazon_us,product,new_releases,New Releases Women Sandals,17,Project Cloud Square Toe Flip Flops For Women-Sandals Women | Womens Flip Flop with Memory Foam Insole Beach Essentials Womens Sandals-Thong Sandals Women Footwear-Square Toe Sandals,,4.1,$29.90,,,,,,https://www.amazon.com/Project-Cloud-Square-Flops-Women-Sandals/dp/B0GY6CZ1HP/ref=zg_bsnr_g_679425011_d_sccl_17/140-3637061-9872510?psc=1,"https://images-na.ssl-images-amazon.com/images/I/71nllf30glL._AC_UL600_SR600,400_.jpg",50,排名进入前30；标题包含 cloud、beach，符合美国女鞋舒适化趋势；评分达到4.0以上。
2026-09-08,amazon_us,product,search,women slides,41,Unisex Arch Support Slides Cushioned Non Slip Shower Sandals,¥122.26,4.0,100+ bought in past month,,,,,,https://www.amazon.com/VIVASUN-Unisex-Support-Cushioned-Sandals/dp/B0H8CX577D/ref=sr_1_20?dib=eyJ2IjoiMSJ9.wrqHnvIFpzxZDCy1gVq3fzWl4LVZ75nPHLlD5S7mA7U3VvFppUL9hQQkdi2m77LDiGlfHSopqA0E_LXuC-jM9ztyKPwI2ZrILp2sskE9FcZALNKIiqksLuTOlsvCAWXdTLUbjVrpC6Kszrb4GIiUBg2sbNF8F2BIjbBk02UqECs6OddSsQTWnyOxVCZ3rc3R5diDh79lI__70JX-Izobo05SBoybjmkrZxyXILVC4qjpHCgx0GTMcSm3m1r6fcu5UrYSeB9fDe2UsIj8YErwWVQREJ5IX5I--z_m4Tc7EQw.lzPhloYJ9TdZrrU05OhwUuQiB8-bmAttl5ZZhiaEtY4&dib_tag=se&keywords=women+slides&qid=1788845754&sr=8-20,https://m.media-amazon.com/images/I/71DfPnwadBL._AC_UL320_.jpg,50,排名进入前50；评论数达到50以上；价格处于人民币等值¥57.60-¥180.00黄金区间；标题包含 arch support，符合美国女鞋舒适化趋势；评分达到4.0以上。
2026-09-08,amazon_us,product,search,platform sandals women,32,"Women's Platform Sandals, Cork Footbed Slides with Double Buckles",¥215.93,4.4,100+ bought in past month,,,,,,https://www.amazon.com/BiuYorBTY-Platform-Sandals-Footbed-Comfort/dp/B0DZ1P3782/ref=sr_1_18?dib=eyJ2IjoiMSJ9.FPoSxH-pDUFI745W7ytbodcUw-hme5sdwMWJdkLhJVri1AzfM_0C74iSFtuRczTeT29itzOslVsFKLPCB3CM1cROU3kQ3mRb5EFaKkRN8DE5eDktEsI_MqCX2uB9o5VLqZaIygbiIrAK57q7_01vdkmVsbj-N0S4iqpEuuIA6n9HM2Zgf5l9vqAnabKtdS70CZPAL4cl7-HtwbCMEn8ltI155-abWBJ38tbvFH6kQ5xr3_m7rkkJVIOyubsYLozf9SyDQSwgktBClQfFslKgOKVIIQqAZnTTODZOyk9rJbU.LUWNXsH0V6sg-yv-d0ujeZL0PybscKG5cReYS37iOMc&dib_tag=se&keywords=platform+sandals+women&qid=1788845754&sr=8-18,https://m.media-amazon.com/images/I/716g0SFJuTL._AC_UL320_.jpg,50,排名进入前50；评论数达到50以上；价格处于人民币等值¥180.00-¥288.00区间；标题包含 platform，符合美国女鞋舒适化趋势；评分达到4.3以上。
2026-09-08,amazon_us,product,new_releases,New Releases Women Sandals,5,CUSHIONAIRE Toots Thong Strap Jelly Sandals for Women with Low Block Heel,,4.0,$39.98,,,,,,https://www.amazon.com/CUSHIONAIRE-Toots-Thong-Sandals-CHOCOLATE/dp/B0H9NWML46/ref=zg_bsnr_g_679425011_d_sccl_5/140-3637061-9872510?psc=1,"https://images-na.ssl-images-amazon.com/images/I/716+N2PQqGL._AC_UL600_SR600,400_.jpg",49,排名靠前；评分达到4.0以上。
2026-09-08,amazon_us,product,search,women slides,19,Under Armour,¥244.44,4.2,Under Armour,,,,,,https://www.amazon.com/Under-Armour-Womens-Ignite-Slides/dp/B0F34CRJP6/ref=sr_1_6?dib=eyJ2IjoiMSJ9.wrqHnvIFpzxZDCy1gVq3fzWl4LVZ75nPHLlD5S7mA7U3VvFppUL9hQQkdi2m77LDiGlfHSopqA0E_LXuC-jM9ztyKPwI2ZrILp2sskE9FcZALNKIiqksLuTOlsvCAWXdTLUbjVrpC6Kszrb4GIiUBg2sbNF8F2BIjbBk02UqECs6OddSsQTWnyOxVCZ3rc3R5diDh79lI__70JX-Izobo05SBoybjmkrZxyXILVC4qjpHCgx0GTMcSm3m1r6fcu5UrYSeB9fDe2UsIj8YErwWVQREJ5IX5I--z_m4Tc7EQw.lzPhloYJ9TdZrrU05OhwUuQiB8-bmAttl5ZZhiaEtY4&dib_tag=se&keywords=women+slides&qid=1788845754&sr=8-6,https://m.media-amazon.com/images/I/41S9a3VMv1L._AC_UL320_.jpg,49,排名进入前30；价格处于人民币等值¥180.00-¥288.00区间；评分达到4.0以上。
2026-09-08,amazon_us,product,best_sellers,Best Sellers Women Sandals,21,PIZZ ANNU Women's Low Block Chunky Heels Sandals Comfortable Open Toe Ankle Strap Party Dress Pump Shoes Strappy Buckle Heeled Sandal with 2 Inches Tall Thick Heel Design,,4.4,$32.99,,,,,,https://www.amazon.com/PIZZ-ANNU-Sandals-Wedding-Glitter/dp/B0B465ZBH6/ref=zg_bs_g_679425011_d_sccl_21/145-9042852-1426506?psc=1,"https://images-na.ssl-images-amazon.com/images/I/71N1hjwzuWL._AC_UL600_SR600,400_.jpg",48,排名进入前30；标题包含 comfort，符合美国女鞋舒适化趋势；评分达到4.3以上。
2026-09-08,amazon_us,product,best_sellers,Best Sellers Women Sandals,24,"Coutgo Womens Kitten Heel Sandals Heeled Mules Pointed Open Toe High Heels | Comfortable, Sexy, Slip On, Backless, Dress Shoes, 3.2 Inch, Peep Toe, Wedding, Bridal, Party, Prom, Graduation",,4.3,$39.99,,,,,,https://www.amazon.com/Coutgo-Womens-Pointed-Backless-Sandals/dp/B0DG25L7P9/ref=zg_bs_g_679425011_d_sccl_24/145-9042852-1426506?psc=1,"https://images-na.ssl-images-amazon.com/images/I/61rZuSoH5yL._AC_UL600_SR600,400_.jpg",48,排名进入前30；标题包含 comfort，符合美国女鞋舒适化趋势；评分达到4.3以上。
2026-09-08,amazon_us,product,best_sellers,Best Sellers Women Sandals,25,"CUSHIONAIRE Luna Cork Footbed Sandals for Women with Crossover Straps | Womens Sandals with Arch Support, Adjustable Buckle Straps, Walking Sandals Women, Wide Widths, Cushioned Sandals for Women",,4.5,$33.23,,,,,,https://www.amazon.com/CUSHIONAIRE-Next-Womens-Slide-Sandals-Brown/dp/B073XS7BW7/ref=zg_bs_g_679425011_d_sccl_25/145-9042852-1426506?psc=1,"https://images-na.ssl-images-amazon.com/images/I/81TDeaArVJL._AC_UL600_SR600,400_.jpg",48,排名进入前30；标题包含 arch support，符合美国女鞋舒适化趋势；评分达到4.3以上。
2026-09-08,amazon_us,product,new_releases,New Releases Women Sandals,4,"CUSHIONAIRE Aqua Jelly Flip Flops for Women | Jelly Shoes Glossy Upper, Slip-On Thong Design, Open Round Toe, Quick-Dry Beach and Pool Friendly, Travel-Ready Resort Style",,3.4,$29.99,,,,,,https://www.amazon.com/CUSHIONAIRE-Jelly-Flops-Women-CHOCOLATE/dp/B0H6BZ8F8Y/ref=zg_bsnr_g_679425011_d_sccl_4/140-3637061-9872510?psc=1,"https://images-na.ssl-images-amazon.com/images/I/71LKwjHednL._AC_UL600_SR600,400_.jpg",48,排名靠前；标题包含 beach，符合美国女鞋舒适化趋势。
2026-09-08,amazon_us,product,new_releases,New Releases Women Sandals,12,"DREAM PAIRS Women's Kitten Strappy Heel Sandals | Slip On Heeled Sandals for Women, Open Toe Summer Sandals for Weddings, Parties, Work and Dressy Occasions",,4.6,$37.99,,,,,,https://www.amazon.com/DREAM-PAIRS-Womens-Strappy-Sandals/dp/B0H6J7K7JV/ref=zg_bsnr_g_679425011_d_sccl_12/140-3637061-9872510?psc=1,"https://images-na.ssl-images-amazon.com/images/I/615T5Gm9P5L._AC_UL600_SR600,400_.jpg",48,排名进入前30；标题包含 summer，符合美国女鞋舒适化趋势；评分达到4.6以上。
2026-09-08,amazon_us,product,new_releases,New Releases Women Sandals,13,DOBOLIN Kitten Heel Sandals Slip On Open Toe Strappy Heels For Women Strappy Sandals Slides Comfortable Dress Shoes,,4.3,$21.99,,,,,,https://www.amazon.com/DOBOLIN-Kitten-Sandals-Strappy-Comfortable/dp/B0GXJBCK79/ref=zg_bsnr_g_679425011_d_sccl_13/140-3637061-9872510?psc=1,"https://images-na.ssl-images-amazon.com/images/I/7155S0dRLaL._AC_UL600_SR600,400_.jpg",48,排名进入前30；标题包含 comfort，符合美国女鞋舒适化趋势；评分达到4.3以上。
2026-09-08,amazon_us,product,new_releases,New Releases Women Sandals,15,"DREAM PAIRS Women's Kitten Low Heel Ankle Strap Sandals | 2.72 Inch,Comfortable Fashion Open Toe Sandals,4mm Cushioning,Suitable for Casual Daily Formal Wedding Prom Party Date Night",,4.3,$34.99,,,,,,https://www.amazon.com/DREAM-PAIRS-Womens-Kitten-Sandals/dp/B0H6HTFZ5V/ref=zg_bsnr_g_679425011_d_sccl_15/140-3637061-9872510?psc=1,"https://images-na.ssl-images-amazon.com/images/I/61PAu8JIWnL._AC_UL600_SR600,400_.jpg",48,排名进入前30；标题包含 comfort，符合美国女鞋舒适化趋势；评分达到4.3以上。
2026-09-08,amazon_us,product,new_releases,New Releases Women Sandals,20,IDIFU IN2 Kitten Heels for Women Square Open Toe Heeled Sandals Dress Shoe | 2.5 Inch Ankle Strap Dressy Sandals Comfortable Party Wedding Daily Wear Heel,,4.3,$29.98,,,,,,https://www.amazon.com/IDIFU-Kitten-Square-Strappy-Wedding/dp/B0GCZNS467/ref=zg_bsnr_g_679425011_d_sccl_20/140-3637061-9872510?psc=1,"https://images-na.ssl-images-amazon.com/images/I/71bcftnDTeL._AC_UL600_SR600,400_.jpg",48,排名进入前30；标题包含 comfort，符合美国女鞋舒适化趋势；评分达到4.3以上。
2026-09-08,amazon_us,product,new_releases,New Releases Women Sandals,22,"DOBOLIN 1.8 Inch Women's Heeled Sandals Low Block Womens Dress Shoes | Comfortable Short Chunky Heels Open Toe Ankle Strap Casual Pumps Shoes Wedding Party Office (Run Large, Size Half Down)",,4.3,$28.99,,,,,,https://www.amazon.com/DOBOLIN-Womens-Heeled-Sandals-Block/dp/B0H24XTZSP/ref=zg_bsnr_g_679425011_d_sccl_22/140-3637061-9872510?psc=1,"https://images-na.ssl-images-amazon.com/images/I/61ITG6AOpoL._AC_UL600_SR600,400_.jpg",48,排名进入前30；标题包含 comfort，符合美国女鞋舒适化趋势；评分达到4.3以上。
2026-09-08,amazon_us,product,search,women slides,32,"ULTRAIDEAS Women's Open Toe Indoor Outdoor Slippers | Memory Foam,Cute Bow Design,Gift for Women,Anti-skid Rubber Sole,lightweight,washable,comfortably Breathable ULTRAIDEAS Women's Open Toe Indoor Outdoor Slippers | Memory Foam,Cute Bow Design,Gift for Women,Anti…",¥170.93,4.5,4.5,,,,,,https://sponsored-ads.amazon.com/clk/?_encoding=UTF8&p=eAFVUMuO0lAYDk7UCY6XsBgT3GFkQXKgPUAvGGJ6OVMbamFaGGfYnBzOOb1koC1tRwYXvIAbFya-h-5M3PoE7t34HMZExhi_1Zd8l__PV6WHX77--n6ndl-bnk3MkT06F0zkNSpi6zjgSXyNi23v4spj20wzZKu7sAbH6zmVoJPPZ-PTjdWm5qzUN1PNuweFNoRiW1LawvyWry8ONTR9iTzbrz2u3mW8uCzTrHY0cz1kjC3XniOz_rlSfXqj4IKTnEY44zlNl6TkOE6WccLxogxqVbIib9OkTdNV_UmxAHRJiiKmYJ8BeyfIxMZtnuCZ3-oXC1BGfMUZoOlyyWkZpwl4A8HNMUBJzgqQkTgpeQ5ompQ8KeEz3dNcExtjx0HG1B67PrZdx3YRduwzhE3kj6bjSUOqVoRHn368__num1l_8Ldy_0TjIRQEUeiqgiyJ3a4swoOZbw4OjInRGtWem7pmZCc2kLWdvt4j1Hb66Xpiukj7Hzs93OmnO137Q8L6kRGia0tDYURSDj9Wqh8qUVlmxaDT2Ww27X8TdcKsQzYd1tGFE3PiOtbF6xcZwznD2TJi-bBsRgXBNMcxGwrNdcyGoqwoSq8v93vNIh-KQAF90u9LMFBBwAIGeqIgAjVQGWCyRIiqqkqvC5vxkGRFk-Q8GDpS93Lyil3B7W_v7bzS&v=c1&r=https%3A%2F%2Fwww.amazon.com%2Fgp%2Faw%2Fd%2FB0FDPNLGYW%3Fpd_rd_plhdr%3Dt%26hsa_cr_id%3D0%26qid%3D1788845754%26sr%3D1-8-5a5562f9-fdfd-4101-9f9d-d76aa9998432%26i%3Daps%26aref%3DL63kPMdu2y&ref_=sbx__sbtcd2_asin_7_bkgd&pd_rd_w=rCXjI&content-id=amzn1.sym.90f77631-9599-4fe0-95f8-a40adfe1c762%3Aamzn1.sym.90f77631-9599-4fe0-95f8-a40adfe1c762&pf_rd_p=90f77631-9599-4fe0-95f8-a40adfe1c762&pf_rd_r=V4V1HT8KVBK7WSZYJBQD&pd_rd_wg=It0rJ&pd_rd_r=3bc663ed-78ef-476f-bb14-ac9e15a813ac,"https://m.media-amazon.com/images/I/71WxO9L+vPL._AC_SR322,134_CB1169409_QL70_.jpg",48,排名进入前50；价格处于人民币等值¥57.60-¥180.00黄金区间；标题包含 comfort，符合美国女鞋舒适化趋势；评分达到4.3以上。
2026-09-08,amazon_us,product,best_sellers,Best Sellers Women Sandals,11,"WHITIN Women's Slides with Cushioned Thick Sole Slippers for Home Wear Y13 | Comfort for Daily Wear, Waterproof & Easy to Clean, Indoor & Outdoor Versatility, Lightweight EVA for All-Day",,4.1,$9.99,,,,,,https://www.amazon.com/WHITIN-Slippers-Cushioned-Bathroom-Sandals/dp/B0C1C45XMJ/ref=zg_bs_g_679425011_d_sccl_11/145-9042852-1426506?psc=1,"https://images-na.ssl-images-amazon.com/images/I/71ik7hynCjL._AC_UL600_SR600,400_.jpg",45,排名进入前30；标题包含 comfort，符合美国女鞋舒适化趋势；评分达到4.0以上。
2026-09-08,amazon_us,product,best_sellers,Best Sellers Women Sandals,14,Clarks Women's Breeze Sea Flip-Flop | Casual Sandals,,4.7,$36.95,,,,,,https://www.amazon.com/Clarks-Womens-Breeze-Flip-Synthetic/dp/B01FH9EOUK/ref=zg_bs_g_679425011_d_sccl_14/145-9042852-1426506?psc=1,"https://images-na.ssl-images-amazon.com/images/I/61CUHH0LXiL._AC_UL600_SR600,400_.jpg",45,排名进入前30；评分达到4.6以上。
2026-09-08,amazon_us,product,best_sellers,Best Sellers Women Sandals,28,"mysoft Women's Chunky Heels Open Toe Dress Sandals with Ankle Strap | Block Low Prom Heel, Adjustable Ankle Strap, Perfect for Wedding and Party, Four Seasons Classic Versatile",,4.4,$27.96,,,,,,https://www.amazon.com/mysoft-Womens-Chunky-Wedding-Sandals/dp/B09K7F4YP2/ref=zg_bs_g_679425011_d_sccl_28/145-9042852-1426506?psc=1,"https://images-na.ssl-images-amazon.com/images/I/71Sf6IDXUGL._AC_UL600_SR600,400_.jpg",45,排名进入前30；标题包含 soft，符合美国女鞋舒适化趋势；评分达到4.3以上。
2026-09-08,amazon_us,product,best_sellers,Best Sellers Women Sandals,29,"Ankis Women Nude White Gold Black Sandals Open Toe 1 Inch Low Block Heel | 1-inch short heel, adjustable ankle strap, 5mm latex cushioned insole, comfortable walking, for wedding, dressy, formal event",,4.2,$34.99,,,,,,https://www.amazon.com/Ankis-Sandals-Comfortable-Adjustable-Available/dp/B0BPL95VFW/ref=zg_bs_g_679425011_d_sccl_29/145-9042852-1426506?psc=1,"https://images-na.ssl-images-amazon.com/images/I/51EOkpMrmNL._AC_UL600_SR600,400_.jpg",45,排名进入前30；标题包含 comfort，符合美国女鞋舒适化趋势；评分达到4.0以上。
2026-09-08,amazon_us,product,best_sellers,Best Sellers Women Sandals,42,KuaiLu Women's Rhinestone Flip Flops Arch Support Yoga Mat Cushion Sandals | Comfort Fashion Summer Beach Travel Orthotic Walking Thong Sandles Slip on Plantar Fasciitis Indoor Outdoor Shoes Size 5-11,,4.3,$15.19,,,,,,https://www.amazon.com/KuaiLu-Rhinestone-Comfort-Orthotic-Fasciitis/dp/B0DSKGBXR8/ref=zg_bs_g_679425011_d_sccl_42/145-9042852-1426506?psc=1,"https://images-na.ssl-images-amazon.com/images/I/71AzqGl1rjL._AC_UL300_SR300,200_.jpg",45,排名进入前50；标题包含 comfort、arch support、beach、summer，符合美国女鞋舒适化趋势；评分达到4.3以上。
2026-09-08,amazon_us,product,best_sellers,Best Sellers Women Sandals,44,ONCAI Women's Flip Flops Comfortable Arch Support Yoga Mat Summer Beach Walking Thong Cushion Sandals Ladies Outdoor Vacation Essentials Slide Shoes Rubber Soles US Size 5-11,,4.3,$13.99,,,,,,https://www.amazon.com/ONCAI-Support-Athletic-Orthotic-Fasciitis/dp/B0D2292JM9/ref=zg_bs_g_679425011_d_sccl_44/145-9042852-1426506?psc=1,"https://images-na.ssl-images-amazon.com/images/I/71iVIX1IyIL._AC_UL300_SR300,200_.jpg",45,排名进入前50；标题包含 comfort、arch support、beach、summer，符合美国女鞋舒适化趋势；评分达到4.3以上。
2026-09-08,amazon_us,product,new_releases,New Releases Women Sandals,1,CUSHIONAIRE Riot Jelly Thong Kitten Heels for Women,,3.7,$39.99,,,,,,https://www.amazon.com/CUSHIONAIRE-Jelly-Thong-Kitten-TORTOISE/dp/B0H6C3Z5GT/ref=zg_bsnr_g_679425011_d_sccl_1/140-3637061-9872510?psc=1,"https://images-na.ssl-images-amazon.com/images/I/71W7iboN2dL._AC_UL600_SR600,400_.jpg",45,排名靠前。
2026-09-08,amazon_us,product,new_releases,New Releases Women Sandals,11,"DREAM PAIRS Women's Stiletto Kitten Heeled Sandals | Pointed Open Toe Chunky Block Heels, Heeled Sandals Wedding Bridal Party, 3.78-inch stiletto heel Comfortable Shoes",,4.0,$37.99,,,,,,https://www.amazon.com/DREAM-PAIRS-Stiletto-Sandals-Black-Pat/dp/B0H2TP4W7B/ref=zg_bsnr_g_679425011_d_sccl_11/140-3637061-9872510?psc=1,"https://images-na.ssl-images-amazon.com/images/I/61BrOXfBVWL._AC_UL600_SR600,400_.jpg",45,排名进入前30；标题包含 comfort，符合美国女鞋舒适化趋势；评分达到4.0以上。
2026-09-08,amazon_us,product,new_releases,New Releases Women Sandals,24,threepurple Women's Non-Slip Flip Flops Ultra Lightweight Basic Thongs Rubber Soft Slide Slip-on Shoes Beach Pool Shower Sandals,,4.2,$7.99,,,,,,https://www.amazon.com/threepurple-Womens-Non-Slip-Lightweight-Sandals/dp/B0HB9L47CH/ref=zg_bsnr_g_679425011_d_sccl_24/140-3637061-9872510?psc=1,"https://images-na.ssl-images-amazon.com/images/I/71-qSzOW17L._AC_UL600_SR600,400_.jpg",45,排名进入前30；标题包含 soft、beach，符合美国女鞋舒适化趋势；评分达到4.0以上。
2026-09-08,amazon_us,product,search,women summer slippers,34,womens Classic,¥86.33,5.0,"Price, product page $11.99 $ 11 . 99 Typical: $16.98 Typical: $16.98 $16.98",,,,,,https://www.amazon.com/Bunnycool-Slippers-Comfortable-Washable-Airplane/dp/B0DV3TQHTG/ref=sr_1_17?dib=eyJ2IjoiMSJ9.Z3DtW4uoCvsDIv_xz9KW2LQdCuo-kT_owG1TkFjrVnXOGVQ9C0DfSdMi0C9kS1FbwQ2la_nEYlVe0DJ3lSYe70CKn0tLl1aEnRvrymSeMCpjfqQdDt1wSRPHDuq6kB-KPPEA9GI98HCuaq0slL0TJ1iYBStW_oQBLm33d-Lr1qMl77JIkGE2bQdSaLw9Q3LPO-ndszFK6Y2O8e6YB9BZUwzW7fOSSOtwYhwsx7fToNGt1OvHenjDcM0BT1IthUOwrRK3Lz4LlwtHBb_XumeWIyzgNx1xQSeMdrSok6xoQ0I.-IYva1ORjPpMJRhXX13WRFzhJUoDSrYM_0zWqu3exLk&dib_tag=se&keywords=women+summer+slippers&qid=1788845753&sr=8-17,https://m.media-amazon.com/images/I/91VdpWKQ9wL._AC_UL320_.jpg,45,排名进入前50；价格处于人民币等值¥57.60-¥180.00黄金区间；评分达到4.6以上。
2026-09-08,amazon_us,product,search,platform sandals women,1,4.0,,,4.0,,,,,,https://aax-us-east-retail-direct.amazon.com/x/c/JDRKHqrlCt2FL_4udh8qzfoAAAGgf4QJnQEAAAH2AQBvbm9fdHhuX2JpZDMgICBvbm9fdHhuX2ltcDEgICBX3CXP/clv1c_ek-IxYHXFdbSDQHEa4szumk9I78aJnZUHKKd1eC1ngldtw0Nn7qFdyvB6coQc-Jg85LfnHWi5Ge7O1qbs6EFi22H4w1TaqO-YqH2bCmb2_owEgiLrCXfF9Lkcpl2rFRFz2ya5mKTMDt5AtmiTk4K07-YwVyQh31Kk0U4jjaly85rmQvcmNFKqs0wJAfnHUeCDrH3gtpfyPf4FCd8ud_F_xrDK86XLo4VNiRi2n7sH5xFsgdaXHswWjkHBn2Z2q1WwAhPM-Y_UpP0lG-QoZ4b-lkDAkYE1blhYic4dklLQB8SQl6-sUHzcnCVKlDIJFJIOs7fOVvUDdebqbt4NXpJjF7u13i-DG-NW7_i4BAe2qDawlVZAOkQTFpxClhvNo9Spc_D7K8w19-I8IzlXgVT_KWe8DKtQvNZlVio7_49zove7oHpDAShMNHuyX9BqlBSRMCZelQcPLT8L6o_IyLpEtQiVfA7w7GRJ5CLd6pNEhJ55t5mLyZ9iKFB7UZVhZTvbeBoxc6FZ2VBhSybLamMQCeclEamwacUbuwlaR4d-Js0VBx9GirDDaWTMZ13Lux1Ag665cvungQoUWoqRsF4qfnNLpILJZb62vuBkqU9cqeU1ZYyKBR7vk8CtgzuSysMiV9eEg9XTMaRoVo29hWAEVzm2MY2BqIJ74znGV-_c-2In1TofhIE5E53hjXTB-OWusk7rDRko5nAgRzNXMLpWt2YWxF0-XZ4ecNkUnr6ZmpBqmhDHhJ_WQirEtPdUa2CywAUmhLEB62CeV-R-Iu90zWb1QWE0gSiQ3Q629jV6kyPNg4tkS--xWrQvJHzq9bs2dWQnkmN74TCS-IFX0tg8R_mP316l3G7K_8Mnac70fzWteZI0f71LbkXOR0cjXzD94Yq4rbauAln9bMQSw3i7qn9BTRV3nVajfNlnDtPozBY9h4R1JPFLuld8BraOxLoXmMwhDw3rNHYj02BHlv0vQE8i9ioJASkuri8oL21Kj_U5-wHqd0rbKjfH1-VOyKzNH59NUYEWqrOMwfNqY6HlvjTjCky4LRg2i96A1ml-EoTSI55Bk95F-uGc1zmHgzdU39y9ZCx9TtaDoQyY-Q4uF4yrrIORkJ_bk39lEaR_cjW9IJrkPW4X0xbbcOp0aef7TNYs9_NAktCrLoBpwCegiLlKV7zYi_EPXUnYOP9BaP0XswPfNKG9SUsqZhzCkZWfhSRBW9zfD2wWOPTHmJA90vtewsE-zGR3ehhUOWkxyLFbPPdCXMkGZ3B0cnYL4gOZRV0qW4hbcalccDXEJFGKOPOD6nBzs_4ogwN5CsLWsv1BLClluFqlolusY60wDwJc_C_dWUH0PPXgRfYNF5_8iMIXclDy1j-WJnoAlrovOq6orR-V2Eg4zbhADaHCM90xUmHovdXzgiSm2a3pEKLEflrPOGeG0ZKqu78Vlh_2j09j2rUid0QfpiFarPpatfvQ6KXENFHAbhLnfWuIGvYc5kLsjvQBW8osZuL_AeXsQiT-Oe5kIV7cQUcO3Qzcok2l3PHBTB59L_tu45nNUfaz3XpcRgFhBkrKXMPg3dATcCh4tOMPhFv5FUFouvjijzP2Ow6s_FbhcPqWG1_wWyYD5t3xDEUEauELdHqed0Uao8wEO17/https://www.amazon.com/dp/B0FWTY6D77/?_encoding=UTF8&pd_rd_i=B0FWTY6D77&ref_=sbx_be_s_sparkle_ssd_img&qid=1788845754&pd_rd_w=sljVQ&content-id=amzn1.sym.8de9b3d5-f5c5-40e9-9b39-d65f08d6ea68%3Aamzn1.sym.8de9b3d5-f5c5-40e9-9b39-d65f08d6ea68&pf_rd_p=8de9b3d5-f5c5-40e9-9b39-d65f08d6ea68&pf_rd_r=6AZFCG79HB3CJ8HFYWSJ&pd_rd_wg=G5d3U&pd_rd_r=fbc20b7d-9501-4fea-ae55-b375e1c214c7&pd_rd_plhdr=t,"https://m.media-amazon.com/images/I/51hzokf1usL._AC_SR250,250_QL65_.jpg",45,排名靠前。
2026-09-08,amazon_us,product,search,platform sandals women,2,4.3,,,4.3,,,,,,https://aax-us-east-retail-direct.amazon.com/x/c/JDRKHqrlCt2FL_4udh8qzfoAAAGgf4QJnQEAAAH2AQBvbm9fdHhuX2JpZDMgICBvbm9fdHhuX2ltcDEgICBX3CXP/clv1c_ek-IxYHXFdbSDQHEa4szumk9I78aJnZUHKKd1eC1ngldtw0Nn7qFdyvB6coQc-Jg85LfnHWi5Ge7O1qbs6EFi22H4w1TaqO-YqH2bCmb2_owEgiLrCXfF9Lkcpl2rFRFz2ya5mKTMDt5AtmiTk4K07-YwVyQh31Kk0U4jjaly85rmQvcmNFKqs0wJAfnHUeCDrH3gtpfyPf4FCd8ud_F_xrDK86XLo4VNiRi2n7sH5xFsgdaXHswWjkHBn2Z2q1WwAhPM-Y_UpP0lG-QoZ4b-lkDAkYE1blhYic4dklLQB8SQl6-sUHzcnCVKlDIJFJIOs7fOVvUDdebqbt4NXpJjF7u13i-DG-NW7_i4BAe2qDawlVZAOkQTFpxClhvNo9Spc_D7K8w19-I8IzlXgVT_KWe8DKtQvNZlVio7_49zove7oHpDAShMNHuyX9BqlBSRMCZelQcPLT8L6o_IyLpEtQiVfA7w7GRJ5CLd6pNEhJ55t5mLyZ9iKFB7UZVhZTvbeBoxc6FZ2VBhSybLamMQCeclEamwacUbuwlaR4d-Js0VBx9GirDDaWTMZ13Lux1Ag665cvungQoUWoqRsF4qfnNLpILJZb62vuBkqU9cqeU1ZYyKBR7vk8CtgzuSysMiV9eEg9XTMaRoVo29hWAEVzm2MY2BqIJ74znGV-_c-2In1TofhIE5E53hjXTB-OWusk7rDRko5nAgRzNXMLpWt2YWxF0-XZ4ecNkUnr6ZmpBqmhDHhJ_WQirEtPdUa2CywAUmhLEB62CeV-R-Iu90zWb1QWE0gSiQ3Q629jV6kyPNg4tkS--xWrQvJHzq9bs2dWQnkmN74TCS-IFX0tg8R_mP316l3G7K_8Mnac70fzWteZI0f71LbkXOR0cjXzD94Yq4rbauAln9bMQSw3i7qn9BTRV3nVajfNlnDtPozBY9h4R1JPFLuld8BraOxLoXmMwhDw3rNHYj02BHlv0vQE8i9ioJASkuri8oL21Kj_U5-wHqd0rbKjfH1-VOyKzNH59NUYEWqrOMwfNqY6HlvjTjCky4LRg2i96A1ml-EoTSI55Bk95F-uGc1zmHgzdU39y9ZCx9TtaDoQyY-Q4uF4yrrIORkJ_bk39lEaR_cjW9IJrkPW4X0xbbcOp0aef7TNYs9_NAktCrLoBpwCegiLlKV7zYi_EPXUnYOP9BaP0XswPfNKG9SUsqZhzCkZWfhSRBW9zfD2wWOPTHmJA90vtewsE-zGR3ehhUOWkxyLFbPPdCXMkGZ3B0cnYL4gOZRV0qW4hbcalccDXEJFGKOPOD6nBzs_4ogwN5CsLWsv1BLClluFqlolusY60wDwJc_C_dWUH0PPXgRfYNF5_8iMIXclDy1j-WJnoAlrovOq6orR-V2Eg4zbhADaHCM90xUmHovdXzgiSm2a3pEKLEflrPOGeG0ZKqu78Vlh_2j09j2rUid0QfpiFarPpatfvQ6KXENFHAbhLnfWuIGvYc5kLsjvQBW8osZuL_AeXsQiT-Oe5kIV7cQUcO3Qzcok2l3PHBTB59L_tu45nNUfaz3XpcRgFhBkrKXMPg3dATcCh4tOMPhFv5FUFouvjijzP2Ow6s_FbhcPqWG1_wWyYD5t3xDEUEauELdHqed0Uao8wEO17/https://www.amazon.com/dp/B0DNKHTJQ3/?_encoding=UTF8&pd_rd_i=B0DNKHTJQ3&ref_=sbx_be_s_sparkle_ssd_img&qid=1788845754&pd_rd_w=sljVQ&content-id=amzn1.sym.8de9b3d5-f5c5-40e9-9b39-d65f08d6ea68%3Aamzn1.sym.8de9b3d5-f5c5-40e9-9b39-d65f08d6ea68&pf_rd_p=8de9b3d5-f5c5-40e9-9b39-d65f08d6ea68&pf_rd_r=6AZFCG79HB3CJ8HFYWSJ&pd_rd_wg=G5d3U&pd_rd_r=fbc20b7d-9501-4fea-ae55-b375e1c214c7&pd_rd_plhdr=t,"https://m.media-amazon.com/images/I/41M9AhprfyL._AC_SR250,250_QL65_.jpg",45,排名靠前。
2026-09-08,amazon_us,product,search,platform sandals women,3,4.2,,,4.2,,,,,,https://aax-us-east-retail-direct.amazon.com/x/c/JDRKHqrlCt2FL_4udh8qzfoAAAGgf4QJnQEAAAH2AQBvbm9fdHhuX2JpZDMgICBvbm9fdHhuX2ltcDEgICBX3CXP/clv1c_ek-IxYHXFdbSDQHEa4szumk9I78aJnZUHKKd1eC1ngldtw0Nn7qFdyvB6coQc-Jg85LfnHWi5Ge7O1qbs6EFi22H4w1TaqO-YqH2bCmb2_owEgiLrCXfF9Lkcpl2rFRFz2ya5mKTMDt5AtmiTk4K07-YwVyQh31Kk0U4jjaly85rmQvcmNFKqs0wJAfnHUeCDrH3gtpfyPf4FCd8ud_F_xrDK86XLo4VNiRi2n7sH5xFsgdaXHswWjkHBn2Z2q1WwAhPM-Y_UpP0lG-QoZ4b-lkDAkYE1blhYic4dklLQB8SQl6-sUHzcnCVKlDIJFJIOs7fOVvUDdebqbt4NXpJjF7u13i-DG-NW7_i4BAe2qDawlVZAOkQTFpxClhvNo9Spc_D7K8w19-I8IzlXgVT_KWe8DKtQvNZlVio7_49zove7oHpDAShMNHuyX9BqlBSRMCZelQcPLT8L6o_IyLpEtQiVfA7w7GRJ5CLd6pNEhJ55t5mLyZ9iKFB7UZVhZTvbeBoxc6FZ2VBhSybLamMQCeclEamwacUbuwlaR4d-Js0VBx9GirDDaWTMZ13Lux1Ag665cvungQoUWoqRsF4qfnNLpILJZb62vuBkqU9cqeU1ZYyKBR7vk8CtgzuSysMiV9eEg9XTMaRoVo29hWAEVzm2MY2BqIJ74znGV-_c-2In1TofhIE5E53hjXTB-OWusk7rDRko5nAgRzNXMLpWt2YWxF0-XZ4ecNkUnr6ZmpBqmhDHhJ_WQirEtPdUa2CywAUmhLEB62CeV-R-Iu90zWb1QWE0gSiQ3Q629jV6kyPNg4tkS--xWrQvJHzq9bs2dWQnkmN74TCS-IFX0tg8R_mP316l3G7K_8Mnac70fzWteZI0f71LbkXOR0cjXzD94Yq4rbauAln9bMQSw3i7qn9BTRV3nVajfNlnDtPozBY9h4R1JPFLuld8BraOxLoXmMwhDw3rNHYj02BHlv0vQE8i9ioJASkuri8oL21Kj_U5-wHqd0rbKjfH1-VOyKzNH59NUYEWqrOMwfNqY6HlvjTjCky4LRg2i96A1ml-EoTSI55Bk95F-uGc1zmHgzdU39y9ZCx9TtaDoQyY-Q4uF4yrrIORkJ_bk39lEaR_cjW9IJrkPW4X0xbbcOp0aef7TNYs9_NAktCrLoBpwCegiLlKV7zYi_EPXUnYOP9BaP0XswPfNKG9SUsqZhzCkZWfhSRBW9zfD2wWOPTHmJA90vtewsE-zGR3ehhUOWkxyLFbPPdCXMkGZ3B0cnYL4gOZRV0qW4hbcalccDXEJFGKOPOD6nBzs_4ogwN5CsLWsv1BLClluFqlolusY60wDwJc_C_dWUH0PPXgRfYNF5_8iMIXclDy1j-WJnoAlrovOq6orR-V2Eg4zbhADaHCM90xUmHovdXzgiSm2a3pEKLEflrPOGeG0ZKqu78Vlh_2j09j2rUid0QfpiFarPpatfvQ6KXENFHAbhLnfWuIGvYc5kLsjvQBW8osZuL_AeXsQiT-Oe5kIV7cQUcO3Qzcok2l3PHBTB59L_tu45nNUfaz3XpcRgFhBkrKXMPg3dATcCh4tOMPhFv5FUFouvjijzP2Ow6s_FbhcPqWG1_wWyYD5t3xDEUEauELdHqed0Uao8wEO17/https://www.amazon.com/dp/B0DR3LB5NG/?_encoding=UTF8&pd_rd_i=B0DR3LB5NG&ref_=sbx_be_s_sparkle_ssd_img&qid=1788845754&pd_rd_w=sljVQ&content-id=amzn1.sym.8de9b3d5-f5c5-40e9-9b39-d65f08d6ea68%3Aamzn1.sym.8de9b3d5-f5c5-40e9-9b39-d65f08d6ea68&pf_rd_p=8de9b3d5-f5c5-40e9-9b39-d65f08d6ea68&pf_rd_r=6AZFCG79HB3CJ8HFYWSJ&pd_rd_wg=G5d3U&pd_rd_r=fbc20b7d-9501-4fea-ae55-b375e1c214c7&pd_rd_plhdr=t,"https://m.media-amazon.com/images/I/41i54vjKDPL._AC_SR250,250_QL65_.jpg",45,排名靠前。
2026-09-08,amazon_us,product,search,platform sandals women,4,4.0,,,4.0,,,,,,https://aax-us-east-retail-direct.amazon.com/x/c/JDRKHqrlCt2FL_4udh8qzfoAAAGgf4QJnQEAAAH2AQBvbm9fdHhuX2JpZDMgICBvbm9fdHhuX2ltcDEgICBX3CXP/clv1c_ek-IxYHXFdbSDQHEa4szumk9I78aJnZUHKKd1eC1ngldtw0Nn7qFdyvB6coQc-Jg85LfnHWi5Ge7O1qbs6EFi22H4w1TaqO-YqH2bCmb2_owEgiLrCXfF9Lkcpl2rFRFz2ya5mKTMDt5AtmiTk4K07-YwVyQh31Kk0U4jjaly85rmQvcmNFKqs0wJAfnHUeCDrH3gtpfyPf4FCd8ud_F_xrDK86XLo4VNiRi2n7sH5xFsgdaXHswWjkHBn2Z2q1WwAhPM-Y_UpP0lG-QoZ4b-lkDAkYE1blhYic4dklLQB8SQl6-sUHzcnCVKlDIJFJIOs7fOVvUDdebqbt4NXpJjF7u13i-DG-NW7_i4BAe2qDawlVZAOkQTFpxClhvNo9Spc_D7K8w19-I8IzlXgVT_KWe8DKtQvNZlVio7_49zove7oHpDAShMNHuyX9BqlBSRMCZelQcPLT8L6o_IyLpEtQiVfA7w7GRJ5CLd6pNEhJ55t5mLyZ9iKFB7UZVhZTvbeBoxc6FZ2VBhSybLamMQCeclEamwacUbuwlaR4d-Js0VBx9GirDDaWTMZ13Lux1Ag665cvungQoUWoqRsF4qfnNLpILJZb62vuBkqU9cqeU1ZYyKBR7vk8CtgzuSysMiV9eEg9XTMaRoVo29hWAEVzm2MY2BqIJ74znGV-_c-2In1TofhIE5E53hjXTB-OWusk7rDRko5nAgRzNXMLpWt2YWxF0-XZ4ecNkUnr6ZmpBqmhDHhJ_WQirEtPdUa2CywAUmhLEB62CeV-R-Iu90zWb1QWE0gSiQ3Q629jV6kyPNg4tkS--xWrQvJHzq9bs2dWQnkmN74TCS-IFX0tg8R_mP316l3G7K_8Mnac70fzWteZI0f71LbkXOR0cjXzD94Yq4rbauAln9bMQSw3i7qn9BTRV3nVajfNlnDtPozBY9h4R1JPFLuld8BraOxLoXmMwhDw3rNHYj02BHlv0vQE8i9ioJASkuri8oL21Kj_U5-wHqd0rbKjfH1-VOyKzNH59NUYEWqrOMwfNqY6HlvjTjCky4LRg2i96A1ml-EoTSI55Bk95F-uGc1zmHgzdU39y9ZCx9TtaDoQyY-Q4uF4yrrIORkJ_bk39lEaR_cjW9IJrkPW4X0xbbcOp0aef7TNYs9_NAktCrLoBpwCegiLlKV7zYi_EPXUnYOP9BaP0XswPfNKG9SUsqZhzCkZWfhSRBW9zfD2wWOPTHmJA90vtewsE-zGR3ehhUOWkxyLFbPPdCXMkGZ3B0cnYL4gOZRV0qW4hbcalccDXEJFGKOPOD6nBzs_4ogwN5CsLWsv1BLClluFqlolusY60wDwJc_C_dWUH0PPXgRfYNF5_8iMIXclDy1j-WJnoAlrovOq6orR-V2Eg4zbhADaHCM90xUmHovdXzgiSm2a3pEKLEflrPOGeG0ZKqu78Vlh_2j09j2rUid0QfpiFarPpatfvQ6KXENFHAbhLnfWuIGvYc5kLsjvQBW8osZuL_AeXsQiT-Oe5kIV7cQUcO3Qzcok2l3PHBTB59L_tu45nNUfaz3XpcRgFhBkrKXMPg3dATcCh4tOMPhFv5FUFouvjijzP2Ow6s_FbhcPqWG1_wWyYD5t3xDEUEauELdHqed0Uao8wEO17/https://www.amazon.com/dp/B0FWTY6D77/?_encoding=UTF8&pd_rd_i=B0FWTY6D77&ref_=sbx_be_s_sparkle_ssd_img&qid=1788845754&pd_rd_w=sljVQ&content-id=amzn1.sym.8de9b3d5-f5c5-40e9-9b39-d65f08d6ea68%3Aamzn1.sym.8de9b3d5-f5c5-40e9-9b39-d65f08d6ea68&pf_rd_p=8de9b3d5-f5c5-40e9-9b39-d65f08d6ea68&pf_rd_r=6AZFCG79HB3CJ8HFYWSJ&pd_rd_wg=G5d3U&pd_rd_r=fbc20b7d-9501-4fea-ae55-b375e1c214c7&pd_rd_plhdr=t,"https://m.media-amazon.com/images/I/51hzokf1usL._AC_SR250,250_QL65_.jpg",45,排名靠前。
2026-09-08,amazon_us,product,search,platform sandals women,5,4.3,,,4.3,,,,,,https://aax-us-east-retail-direct.amazon.com/x/c/JDRKHqrlCt2FL_4udh8qzfoAAAGgf4QJnQEAAAH2AQBvbm9fdHhuX2JpZDMgICBvbm9fdHhuX2ltcDEgICBX3CXP/clv1c_ek-IxYHXFdbSDQHEa4szumk9I78aJnZUHKKd1eC1ngldtw0Nn7qFdyvB6coQc-Jg85LfnHWi5Ge7O1qbs6EFi22H4w1TaqO-YqH2bCmb2_owEgiLrCXfF9Lkcpl2rFRFz2ya5mKTMDt5AtmiTk4K07-YwVyQh31Kk0U4jjaly85rmQvcmNFKqs0wJAfnHUeCDrH3gtpfyPf4FCd8ud_F_xrDK86XLo4VNiRi2n7sH5xFsgdaXHswWjkHBn2Z2q1WwAhPM-Y_UpP0lG-QoZ4b-lkDAkYE1blhYic4dklLQB8SQl6-sUHzcnCVKlDIJFJIOs7fOVvUDdebqbt4NXpJjF7u13i-DG-NW7_i4BAe2qDawlVZAOkQTFpxClhvNo9Spc_D7K8w19-I8IzlXgVT_KWe8DKtQvNZlVio7_49zove7oHpDAShMNHuyX9BqlBSRMCZelQcPLT8L6o_IyLpEtQiVfA7w7GRJ5CLd6pNEhJ55t5mLyZ9iKFB7UZVhZTvbeBoxc6FZ2VBhSybLamMQCeclEamwacUbuwlaR4d-Js0VBx9GirDDaWTMZ13Lux1Ag665cvungQoUWoqRsF4qfnNLpILJZb62vuBkqU9cqeU1ZYyKBR7vk8CtgzuSysMiV9eEg9XTMaRoVo29hWAEVzm2MY2BqIJ74znGV-_c-2In1TofhIE5E53hjXTB-OWusk7rDRko5nAgRzNXMLpWt2YWxF0-XZ4ecNkUnr6ZmpBqmhDHhJ_WQirEtPdUa2CywAUmhLEB62CeV-R-Iu90zWb1QWE0gSiQ3Q629jV6kyPNg4tkS--xWrQvJHzq9bs2dWQnkmN74TCS-IFX0tg8R_mP316l3G7K_8Mnac70fzWteZI0f71LbkXOR0cjXzD94Yq4rbauAln9bMQSw3i7qn9BTRV3nVajfNlnDtPozBY9h4R1JPFLuld8BraOxLoXmMwhDw3rNHYj02BHlv0vQE8i9ioJASkuri8oL21Kj_U5-wHqd0rbKjfH1-VOyKzNH59NUYEWqrOMwfNqY6HlvjTjCky4LRg2i96A1ml-EoTSI55Bk95F-uGc1zmHgzdU39y9ZCx9TtaDoQyY-Q4uF4yrrIORkJ_bk39lEaR_cjW9IJrkPW4X0xbbcOp0aef7TNYs9_NAktCrLoBpwCegiLlKV7zYi_EPXUnYOP9BaP0XswPfNKG9SUsqZhzCkZWfhSRBW9zfD2wWOPTHmJA90vtewsE-zGR3ehhUOWkxyLFbPPdCXMkGZ3B0cnYL4gOZRV0qW4hbcalccDXEJFGKOPOD6nBzs_4ogwN5CsLWsv1BLClluFqlolusY60wDwJc_C_dWUH0PPXgRfYNF5_8iMIXclDy1j-WJnoAlrovOq6orR-V2Eg4zbhADaHCM90xUmHovdXzgiSm2a3pEKLEflrPOGeG0ZKqu78Vlh_2j09j2rUid0QfpiFarPpatfvQ6KXENFHAbhLnfWuIGvYc5kLsjvQBW8osZuL_AeXsQiT-Oe5kIV7cQUcO3Qzcok2l3PHBTB59L_tu45nNUfaz3XpcRgFhBkrKXMPg3dATcCh4tOMPhFv5FUFouvjijzP2Ow6s_FbhcPqWG1_wWyYD5t3xDEUEauELdHqed0Uao8wEO17/https://www.amazon.com/dp/B0DNKHTJQ3/?_encoding=UTF8&pd_rd_i=B0DNKHTJQ3&ref_=sbx_be_s_sparkle_ssd_img&qid=1788845754&pd_rd_w=sljVQ&content-id=amzn1.sym.8de9b3d5-f5c5-40e9-9b39-d65f08d6ea68%3Aamzn1.sym.8de9b3d5-f5c5-40e9-9b39-d65f08d6ea68&pf_rd_p=8de9b3d5-f5c5-40e9-9b39-d65f08d6ea68&pf_rd_r=6AZFCG79HB3CJ8HFYWSJ&pd_rd_wg=G5d3U&pd_rd_r=fbc20b7d-9501-4fea-ae55-b375e1c214c7&pd_rd_plhdr=t,"https://m.media-amazon.com/images/I/41M9AhprfyL._AC_SR250,250_QL65_.jpg",45,排名靠前。
2026-09-08,amazon_us,product,search,platform sandals women,6,4.2,,,4.2,,,,,,https://aax-us-east-retail-direct.amazon.com/x/c/JDRKHqrlCt2FL_4udh8qzfoAAAGgf4QJnQEAAAH2AQBvbm9fdHhuX2JpZDMgICBvbm9fdHhuX2ltcDEgICBX3CXP/clv1c_ek-IxYHXFdbSDQHEa4szumk9I78aJnZUHKKd1eC1ngldtw0Nn7qFdyvB6coQc-Jg85LfnHWi5Ge7O1qbs6EFi22H4w1TaqO-YqH2bCmb2_owEgiLrCXfF9Lkcpl2rFRFz2ya5mKTMDt5AtmiTk4K07-YwVyQh31Kk0U4jjaly85rmQvcmNFKqs0wJAfnHUeCDrH3gtpfyPf4FCd8ud_F_xrDK86XLo4VNiRi2n7sH5xFsgdaXHswWjkHBn2Z2q1WwAhPM-Y_UpP0lG-QoZ4b-lkDAkYE1blhYic4dklLQB8SQl6-sUHzcnCVKlDIJFJIOs7fOVvUDdebqbt4NXpJjF7u13i-DG-NW7_i4BAe2qDawlVZAOkQTFpxClhvNo9Spc_D7K8w19-I8IzlXgVT_KWe8DKtQvNZlVio7_49zove7oHpDAShMNHuyX9BqlBSRMCZelQcPLT8L6o_IyLpEtQiVfA7w7GRJ5CLd6pNEhJ55t5mLyZ9iKFB7UZVhZTvbeBoxc6FZ2VBhSybLamMQCeclEamwacUbuwlaR4d-Js0VBx9GirDDaWTMZ13Lux1Ag665cvungQoUWoqRsF4qfnNLpILJZb62vuBkqU9cqeU1ZYyKBR7vk8CtgzuSysMiV9eEg9XTMaRoVo29hWAEVzm2MY2BqIJ74znGV-_c-2In1TofhIE5E53hjXTB-OWusk7rDRko5nAgRzNXMLpWt2YWxF0-XZ4ecNkUnr6ZmpBqmhDHhJ_WQirEtPdUa2CywAUmhLEB62CeV-R-Iu90zWb1QWE0gSiQ3Q629jV6kyPNg4tkS--xWrQvJHzq9bs2dWQnkmN74TCS-IFX0tg8R_mP316l3G7K_8Mnac70fzWteZI0f71LbkXOR0cjXzD94Yq4rbauAln9bMQSw3i7qn9BTRV3nVajfNlnDtPozBY9h4R1JPFLuld8BraOxLoXmMwhDw3rNHYj02BHlv0vQE8i9ioJASkuri8oL21Kj_U5-wHqd0rbKjfH1-VOyKzNH59NUYEWqrOMwfNqY6HlvjTjCky4LRg2i96A1ml-EoTSI55Bk95F-uGc1zmHgzdU39y9ZCx9TtaDoQyY-Q4uF4yrrIORkJ_bk39lEaR_cjW9IJrkPW4X0xbbcOp0aef7TNYs9_NAktCrLoBpwCegiLlKV7zYi_EPXUnYOP9BaP0XswPfNKG9SUsqZhzCkZWfhSRBW9zfD2wWOPTHmJA90vtewsE-zGR3ehhUOWkxyLFbPPdCXMkGZ3B0cnYL4gOZRV0qW4hbcalccDXEJFGKOPOD6nBzs_4ogwN5CsLWsv1BLClluFqlolusY60wDwJc_C_dWUH0PPXgRfYNF5_8iMIXclDy1j-WJnoAlrovOq6orR-V2Eg4zbhADaHCM90xUmHovdXzgiSm2a3pEKLEflrPOGeG0ZKqu78Vlh_2j09j2rUid0QfpiFarPpatfvQ6KXENFHAbhLnfWuIGvYc5kLsjvQBW8osZuL_AeXsQiT-Oe5kIV7cQUcO3Qzcok2l3PHBTB59L_tu45nNUfaz3XpcRgFhBkrKXMPg3dATcCh4tOMPhFv5FUFouvjijzP2Ow6s_FbhcPqWG1_wWyYD5t3xDEUEauELdHqed0Uao8wEO17/https://www.amazon.com/dp/B0DR3LB5NG/?_encoding=UTF8&pd_rd_i=B0DR3LB5NG&ref_=sbx_be_s_sparkle_ssd_img&qid=1788845754&pd_rd_w=sljVQ&content-id=amzn1.sym.8de9b3d5-f5c5-40e9-9b39-d65f08d6ea68%3Aamzn1.sym.8de9b3d5-f5c5-40e9-9b39-d65f08d6ea68&pf_rd_p=8de9b3d5-f5c5-40e9-9b39-d65f08d6ea68&pf_rd_r=6AZFCG79HB3CJ8HFYWSJ&pd_rd_wg=G5d3U&pd_rd_r=fbc20b7d-9501-4fea-ae55-b375e1c214c7&pd_rd_plhdr=t,"https://m.media-amazon.com/images/I/41i54vjKDPL._AC_SR250,250_QL65_.jpg",45,排名靠前。
2026-09-08,amazon_us,product,search,platform sandals women,13,CUSHIONAIRE,¥287.93,3.8,CUSHIONAIRE,,,,,,https://www.amazon.com/CUSHIONAIRE-Womens-Melissa-Espadrille-Sandal/dp/B07S758RTR/ref=sr_1_7?dib=eyJ2IjoiMSJ9.FPoSxH-pDUFI745W7ytbodcUw-hme5sdwMWJdkLhJVri1AzfM_0C74iSFtuRczTeT29itzOslVsFKLPCB3CM1cROU3kQ3mRb5EFaKkRN8DE5eDktEsI_MqCX2uB9o5VLqZaIygbiIrAK57q7_01vdkmVsbj-N0S4iqpEuuIA6n9HM2Zgf5l9vqAnabKtdS70CZPAL4cl7-HtwbCMEn8ltI155-abWBJ38tbvFH6kQ5xr3_m7rkkJVIOyubsYLozf9SyDQSwgktBClQfFslKgOKVIIQqAZnTTODZOyk9rJbU.LUWNXsH0V6sg-yv-d0ujeZL0PybscKG5cReYS37iOMc&dib_tag=se&keywords=platform+sandals+women&qid=1788845754&sr=8-7,https://m.media-amazon.com/images/I/81ZJ-NyvHwL._AC_UL320_.jpg,45,排名进入前30；价格处于人民币等值¥180.00-¥288.00区间。
2026-09-08,amazon_us,product,best_sellers,Best Sellers Women Sandals,32,"Reef Cushion Vista Hi Womens Platform Fashion Sandal, Arch Support, Ultra Soft Cushion Footbed",,4.3,$37.99,,,,,,https://www.amazon.com/Reef-Womens-Cushion-Vista-Hi/dp/B09K8WMWN6/ref=zg_bs_g_679425011_d_sccl_32/145-9042852-1426506?psc=1,"https://images-na.ssl-images-amazon.com/images/I/61wij8MIiAL._AC_UL300_SR300,200_.jpg",44,排名进入前50；标题包含 platform、arch support、soft，符合美国女鞋舒适化趋势；评分达到4.3以上。
2026-09-08,amazon_us,product,new_releases,New Releases Women Sandals,28,"DREAM PAIRS Women's Chunky Low Heel Thong Sandals | Square Open Toe Slip On, Flip Flop Summer Heels, Comfortable Elgeant Going Out Sandals, Causal for Travel Daily Party Events",,3.9,$27.99,,,,,,https://www.amazon.com/DREAM-PAIRS-Womens-Chunky-Sandals/dp/B0H4FNT36P/ref=zg_bsnr_g_679425011_d_sccl_28/140-3637061-9872510?psc=1,"https://images-na.ssl-images-amazon.com/images/I/61B769rYVcL._AC_UL600_SR600,400_.jpg",44,排名进入前30；标题包含 comfort、summer，符合美国女鞋舒适化趋势。
2026-09-08,amazon_us,product,new_releases,New Releases Women Sandals,35,"NEEP Jelly Sandals for Women Platform Waterproof Non-Slip Pool Slides | Adjustable Double Buckle,Anti-slip Sole,Vintage Y2K Slip-On,Arch Support,Sandals for Summer Beach Casual Shower",,4.0,$22.99,,,,,,https://www.amazon.com/Tortoise-Jelly-Sandals-Women-Waterproof/dp/B0H3LWL1KL/ref=zg_bsnr_g_679425011_d_sccl_35/145-9042852-1426506?psc=1,"https://images-na.ssl-images-amazon.com/images/I/71VkhrIlEmL._AC_UL300_SR300,200_.jpg",44,排名进入前50；标题包含 platform、arch support、beach、summer，符合美国女鞋舒适化趋势；评分达到4.0以上。
2026-09-08,amazon_us,product,new_releases,New Releases Women Sandals,41,"SUITSER Womens Flip Flops with Arch Support, Yoga Mat Thong Sandals | Soft Fabric Straps, Lightweight Non Slip Sole, Comfortable Summer Sandals for Beach, Pool, Walking, Travel",,4.2,$8.99,,,,,,https://www.amazon.com/SUITSER-Womens-Flops-Support-Sandals/dp/B0GZSLHTFT/ref=zg_bsnr_g_679425011_d_sccl_41/145-9042852-1426506?psc=1,"https://images-na.ssl-images-amazon.com/images/I/71F1nHaut4L._AC_UL300_SR300,200_.jpg",44,排名进入前50；标题包含 comfort、arch support、soft、beach、summer，符合美国女鞋舒适化趋势；评分达到4.0以上。
2026-09-08,amazon_us,product,search,women summer slippers,32,Women and Men Linen House Slippers Indoor,¥100.73,4.1,100+ bought in past month,,,,,,https://www.amazon.com/EitCaton-Slippers-Non-Slip-Open-Toe-Washable/dp/B0DVR24MMK/ref=sr_1_15?dib=eyJ2IjoiMSJ9.Z3DtW4uoCvsDIv_xz9KW2LQdCuo-kT_owG1TkFjrVnXOGVQ9C0DfSdMi0C9kS1FbwQ2la_nEYlVe0DJ3lSYe70CKn0tLl1aEnRvrymSeMCpjfqQdDt1wSRPHDuq6kB-KPPEA9GI98HCuaq0slL0TJ1iYBStW_oQBLm33d-Lr1qMl77JIkGE2bQdSaLw9Q3LPO-ndszFK6Y2O8e6YB9BZUwzW7fOSSOtwYhwsx7fToNGt1OvHenjDcM0BT1IthUOwrRK3Lz4LlwtHBb_XumeWIyzgNx1xQSeMdrSok6xoQ0I.-IYva1ORjPpMJRhXX13WRFzhJUoDSrYM_0zWqu3exLk&dib_tag=se&keywords=women+summer+slippers&qid=1788845753&sr=8-15,https://m.media-amazon.com/images/I/81HinGlzSrL._AC_UL320_.jpg,44,排名进入前50；评论数达到50以上；价格处于人民币等值¥57.60-¥180.00黄金区间；评分达到4.0以上。
2026-09-08,amazon_us,product,search,platform sandals women,39,Women's Platform Sandals Cork Footbed Suede Clogs Sandals Studded Slides,¥215.93,3.9,50+ bought in past month,,,,,,https://www.amazon.com/SHASINGGE-Platform-Sandals-Adjustable-Chunky/dp/B0G635HBLG/ref=sr_1_25?dib=eyJ2IjoiMSJ9.FPoSxH-pDUFI745W7ytbodcUw-hme5sdwMWJdkLhJVri1AzfM_0C74iSFtuRczTeT29itzOslVsFKLPCB3CM1cROU3kQ3mRb5EFaKkRN8DE5eDktEsI_MqCX2uB9o5VLqZaIygbiIrAK57q7_01vdkmVsbj-N0S4iqpEuuIA6n9HM2Zgf5l9vqAnabKtdS70CZPAL4cl7-HtwbCMEn8ltI155-abWBJ38tbvFH6kQ5xr3_m7rkkJVIOyubsYLozf9SyDQSwgktBClQfFslKgOKVIIQqAZnTTODZOyk9rJbU.LUWNXsH0V6sg-yv-d0ujeZL0PybscKG5cReYS37iOMc&dib_tag=se&keywords=platform+sandals+women&qid=1788845754&sr=8-25,https://m.media-amazon.com/images/I/71Kmg0cnKNL._AC_UL320_.jpg,43,排名进入前50；评论数达到50以上；价格处于人民币等值¥180.00-¥288.00区间；标题包含 platform，符合美国女鞋舒适化趋势。
2026-09-08,amazon_us,product,best_sellers,Best Sellers Women Sandals,22,Havaianas Women's Slim Square Solid Flip Flops | Beach Sandals,,4.1,$27.00,,,,,,https://www.amazon.com/Havaianas-Womens-Square-Solid-Medium/dp/B0BBPX6J6F/ref=zg_bs_g_679425011_d_sccl_22/145-9042852-1426506?psc=1,"https://images-na.ssl-images-amazon.com/images/I/519tF5UFGFL._AC_UL600_SR600,400_.jpg",42,排名进入前30；标题包含 beach，符合美国女鞋舒适化趋势；评分达到4.0以上。
2026-09-08,amazon_us,product,best_sellers,Best Sellers Women Sandals,43,"UBFEN Womens Hiking Sandals with Comfortable Arch Support | Lightweight, Adjustable Straps, Water Sandals for All-Day Wear, Beach, Vacation, Camping, Walking, Sport",,4.5,$39.96,,,,,,https://www.amazon.com/UBFEN-Sandals-Adjustable-Support-Vacation/dp/B0DQ7ZMY71/ref=zg_bs_g_679425011_d_sccl_43/145-9042852-1426506?psc=1,"https://images-na.ssl-images-amazon.com/images/I/71kBI1vUNtL._AC_UL300_SR300,200_.jpg",42,排名进入前50；标题包含 comfort、arch support、beach，符合美国女鞋舒适化趋势；评分达到4.3以上。
2026-09-08,amazon_us,product,new_releases,New Releases Women Sandals,18,RIBONGZ Women's Heeled Sandals Square Open Toe Kitten Strappy Heels with Ankle Strap Elegant Summer Wedding Party Evening Prom Daily Wear Lace Up Dress Shoes,,4.1,$36.09,,,,,,https://www.amazon.com/RIBONGZ-Black-Kitten-Square-Sandals/dp/B0H1H4JD5G/ref=zg_bsnr_g_679425011_d_sccl_18/140-3637061-9872510?psc=1,"https://images-na.ssl-images-amazon.com/images/I/71nSDEcMd2L._AC_UL600_SR600,400_.jpg",42,排名进入前30；标题包含 summer，符合美国女鞋舒适化趋势；评分达到4.0以上。
2026-09-08,amazon_us,product,new_releases,New Releases Women Sandals,25,GOUPSKY Women's Chunky Heel Mules Slip On Square Open Toe Mesh Sandals Summer Dressy Block Heeled Shoes for Vacation Party Wedding,,4.1,$39.98,,,,,,https://www.amazon.com/GOUPSKY-Burgundy-Strappy-Sandals-Wedding/dp/B0H3KM84P1/ref=zg_bsnr_g_679425011_d_sccl_25/140-3637061-9872510?psc=1,"https://images-na.ssl-images-amazon.com/images/I/61e2o-niQgL._AC_UL600_SR600,400_.jpg",42,排名进入前30；标题包含 summer，符合美国女鞋舒适化趋势；评分达到4.0以上。
2026-09-08,amazon_us,product,new_releases,New Releases Women Sandals,30,Caradise Jelly Mule Kitten Heel Sandals for Women Summer Jelly Shoes,,4.1,$49.99,,,,,,https://www.amazon.com/Caradise-Jelly-Kitten-Sandals-Summer/dp/B0H5P5H215/ref=zg_bsnr_g_679425011_d_sccl_30/140-3637061-9872510?psc=1,"https://images-na.ssl-images-amazon.com/images/I/61GKR9y5HSL._AC_UL600_SR600,400_.jpg",42,排名进入前30；标题包含 summer，符合美国女鞋舒适化趋势；评分达到4.0以上。
2026-09-08,amazon_us,product,search,women summer slippers,33,IPSAE,¥71.93,4.5,IPSAE,,,,,,https://www.amazon.com/IPSAE-Slippers-Corduroy-Slipper-Bedroom/dp/B0DB4W73J3/ref=sr_1_16?dib=eyJ2IjoiMSJ9.Z3DtW4uoCvsDIv_xz9KW2LQdCuo-kT_owG1TkFjrVnXOGVQ9C0DfSdMi0C9kS1FbwQ2la_nEYlVe0DJ3lSYe70CKn0tLl1aEnRvrymSeMCpjfqQdDt1wSRPHDuq6kB-KPPEA9GI98HCuaq0slL0TJ1iYBStW_oQBLm33d-Lr1qMl77JIkGE2bQdSaLw9Q3LPO-ndszFK6Y2O8e6YB9BZUwzW7fOSSOtwYhwsx7fToNGt1OvHenjDcM0BT1IthUOwrRK3Lz4LlwtHBb_XumeWIyzgNx1xQSeMdrSok6xoQ0I.-IYva1ORjPpMJRhXX13WRFzhJUoDSrYM_0zWqu3exLk&dib_tag=se&keywords=women+summer+slippers&qid=1788845753&sr=8-16,https://m.media-amazon.com/images/I/71GcxKVQLUL._AC_UL320_.jpg,42,排名进入前50；价格处于人民币等值¥57.60-¥180.00黄金区间；评分达到4.3以上。
2026-09-08,amazon_us,product,search,women summer slippers,39,Joomra,¥172.73,4.3,Joomra,,,,,,https://www.amazon.com/Joomra-Slippers-Massage-Bathroom-Platform/dp/B09C1QWSL8/ref=sr_1_22?dib=eyJ2IjoiMSJ9.Z3DtW4uoCvsDIv_xz9KW2LQdCuo-kT_owG1TkFjrVnXOGVQ9C0DfSdMi0C9kS1FbwQ2la_nEYlVe0DJ3lSYe70CKn0tLl1aEnRvrymSeMCpjfqQdDt1wSRPHDuq6kB-KPPEA9GI98HCuaq0slL0TJ1iYBStW_oQBLm33d-Lr1qMl77JIkGE2bQdSaLw9Q3LPO-ndszFK6Y2O8e6YB9BZUwzW7fOSSOtwYhwsx7fToNGt1OvHenjDcM0BT1IthUOwrRK3Lz4LlwtHBb_XumeWIyzgNx1xQSeMdrSok6xoQ0I.-IYva1ORjPpMJRhXX13WRFzhJUoDSrYM_0zWqu3exLk&dib_tag=se&keywords=women+summer+slippers&qid=1788845753&sr=8-22,https://m.media-amazon.com/images/I/61-Aatjne0L._AC_UL320_.jpg,42,排名进入前50；价格处于人民币等值¥57.60-¥180.00黄金区间；评分达到4.3以上。
2026-09-08,amazon_us,product,search,women summer slippers,40,VeraCosy,¥104.40,4.5,VeraCosy,,,,,,https://www.amazon.com/VeraCosy-Two-Tone-Slippers-Non-slip-Evening/dp/B0DCVZ52Y5/ref=sr_1_23?dib=eyJ2IjoiMSJ9.Z3DtW4uoCvsDIv_xz9KW2LQdCuo-kT_owG1TkFjrVnXOGVQ9C0DfSdMi0C9kS1FbwQ2la_nEYlVe0DJ3lSYe70CKn0tLl1aEnRvrymSeMCpjfqQdDt1wSRPHDuq6kB-KPPEA9GI98HCuaq0slL0TJ1iYBStW_oQBLm33d-Lr1qMl77JIkGE2bQdSaLw9Q3LPO-ndszFK6Y2O8e6YB9BZUwzW7fOSSOtwYhwsx7fToNGt1OvHenjDcM0BT1IthUOwrRK3Lz4LlwtHBb_XumeWIyzgNx1xQSeMdrSok6xoQ0I.-IYva1ORjPpMJRhXX13WRFzhJUoDSrYM_0zWqu3exLk&dib_tag=se&keywords=women+summer+slippers&qid=1788845753&sr=8-23,https://m.media-amazon.com/images/I/81RJZ2gB8sL._AC_UL320_.jpg,42,排名进入前50；价格处于人民币等值¥57.60-¥180.00黄金区间；评分达到4.3以上。
2026-09-08,amazon_us,product,search,women summer slippers,44,Dearfoams,¥129.53,4.3,Dearfoams,,,,,,https://www.amazon.com/Dearfoams-womens-Slipper-Dusty-Large/dp/B083VY1Q3M/ref=sr_1_27?dib=eyJ2IjoiMSJ9.Z3DtW4uoCvsDIv_xz9KW2LQdCuo-kT_owG1TkFjrVnXOGVQ9C0DfSdMi0C9kS1FbwQ2la_nEYlVe0DJ3lSYe70CKn0tLl1aEnRvrymSeMCpjfqQdDt1wSRPHDuq6kB-KPPEA9GI98HCuaq0slL0TJ1iYBStW_oQBLm33d-Lr1qMl77JIkGE2bQdSaLw9Q3LPO-ndszFK6Y2O8e6YB9BZUwzW7fOSSOtwYhwsx7fToNGt1OvHenjDcM0BT1IthUOwrRK3Lz4LlwtHBb_XumeWIyzgNx1xQSeMdrSok6xoQ0I.-IYva1ORjPpMJRhXX13WRFzhJUoDSrYM_0zWqu3exLk&dib_tag=se&keywords=women+summer+slippers&qid=1788845753&sr=8-27,https://m.media-amazon.com/images/I/716X6dZXCuL._AC_UL320_.jpg,42,排名进入前50；价格处于人民币等值¥57.60-¥180.00黄金区间；评分达到4.3以上。
2026-09-08,amazon_us,product,search,women summer slippers,46,shevalues,¥61.49,4.4,shevalues,,,,,,https://www.amazon.com/shevalues-Shower-Rubber-Sandals-Comfortable/dp/B0B68G2D52/ref=sr_1_29?dib=eyJ2IjoiMSJ9.Z3DtW4uoCvsDIv_xz9KW2LQdCuo-kT_owG1TkFjrVnXOGVQ9C0DfSdMi0C9kS1FbwQ2la_nEYlVe0DJ3lSYe70CKn0tLl1aEnRvrymSeMCpjfqQdDt1wSRPHDuq6kB-KPPEA9GI98HCuaq0slL0TJ1iYBStW_oQBLm33d-Lr1qMl77JIkGE2bQdSaLw9Q3LPO-ndszFK6Y2O8e6YB9BZUwzW7fOSSOtwYhwsx7fToNGt1OvHenjDcM0BT1IthUOwrRK3Lz4LlwtHBb_XumeWIyzgNx1xQSeMdrSok6xoQ0I.-IYva1ORjPpMJRhXX13WRFzhJUoDSrYM_0zWqu3exLk&dib_tag=se&keywords=women+summer+slippers&qid=1788845753&sr=8-29,https://m.media-amazon.com/images/I/61b4HXgBWfL._AC_UL320_.jpg,42,排名进入前50；价格处于人民币等值¥57.60-¥180.00黄金区间；评分达到4.3以上。
2026-09-08,amazon_us,product,search,women summer slippers,48,isotoner,¥137.66,4.4,isotoner,,,,,,https://www.amazon.com/isotoner-Ballerina-Slipper-Quilted-Periwinkle/dp/B07W7W26CG/ref=sr_1_31?dib=eyJ2IjoiMSJ9.Z3DtW4uoCvsDIv_xz9KW2LQdCuo-kT_owG1TkFjrVnXOGVQ9C0DfSdMi0C9kS1FbwQ2la_nEYlVe0DJ3lSYe70CKn0tLl1aEnRvrymSeMCpjfqQdDt1wSRPHDuq6kB-KPPEA9GI98HCuaq0slL0TJ1iYBStW_oQBLm33d-Lr1qMl77JIkGE2bQdSaLw9Q3LPO-ndszFK6Y2O8e6YB9BZUwzW7fOSSOtwYhwsx7fToNGt1OvHenjDcM0BT1IthUOwrRK3Lz4LlwtHBb_XumeWIyzgNx1xQSeMdrSok6xoQ0I.-IYva1ORjPpMJRhXX13WRFzhJUoDSrYM_0zWqu3exLk&dib_tag=se&keywords=women+summer+slippers&qid=1788845753&sr=8-31,https://m.media-amazon.com/images/I/71By5NlPHFL._AC_UL320_.jpg,42,排名进入前50；价格处于人民币等值¥57.60-¥180.00黄金区间；评分达到4.3以上。
2026-09-08,amazon_us,product,search,women summer slippers,50,KIDMI,¥143.93,4.4,KIDMI,,,,,,https://www.amazon.com/KIDMI-Womens-Comfortable-Walking-Sandals/dp/B0FC28GT31/ref=sr_1_33?dib=eyJ2IjoiMSJ9.Z3DtW4uoCvsDIv_xz9KW2LQdCuo-kT_owG1TkFjrVnXOGVQ9C0DfSdMi0C9kS1FbwQ2la_nEYlVe0DJ3lSYe70CKn0tLl1aEnRvrymSeMCpjfqQdDt1wSRPHDuq6kB-KPPEA9GI98HCuaq0slL0TJ1iYBStW_oQBLm33d-Lr1qMl77JIkGE2bQdSaLw9Q3LPO-ndszFK6Y2O8e6YB9BZUwzW7fOSSOtwYhwsx7fToNGt1OvHenjDcM0BT1IthUOwrRK3Lz4LlwtHBb_XumeWIyzgNx1xQSeMdrSok6xoQ0I.-IYva1ORjPpMJRhXX13WRFzhJUoDSrYM_0zWqu3exLk&dib_tag=se&keywords=women+summer+slippers&qid=1788845753&sr=8-33,https://m.media-amazon.com/images/I/71ZQBGX7l8L._AC_UL320_.jpg,42,排名进入前50；价格处于人民币等值¥57.60-¥180.00黄金区间；评分达到4.3以上。
2026-09-08,amazon_us,product,search,women slides,33,EverFoams,¥154.73,4.4,EverFoams,,,,,,https://www.amazon.com/EverFoams-Womens-Slippers-Memory-Outdoor/dp/B0CLGNYKFR/ref=sr_1_12?dib=eyJ2IjoiMSJ9.wrqHnvIFpzxZDCy1gVq3fzWl4LVZ75nPHLlD5S7mA7U3VvFppUL9hQQkdi2m77LDiGlfHSopqA0E_LXuC-jM9ztyKPwI2ZrILp2sskE9FcZALNKIiqksLuTOlsvCAWXdTLUbjVrpC6Kszrb4GIiUBg2sbNF8F2BIjbBk02UqECs6OddSsQTWnyOxVCZ3rc3R5diDh79lI__70JX-Izobo05SBoybjmkrZxyXILVC4qjpHCgx0GTMcSm3m1r6fcu5UrYSeB9fDe2UsIj8YErwWVQREJ5IX5I--z_m4Tc7EQw.lzPhloYJ9TdZrrU05OhwUuQiB8-bmAttl5ZZhiaEtY4&dib_tag=se&keywords=women+slides&qid=1788845754&sr=8-12,https://m.media-amazon.com/images/I/81rGYT3pkaL._AC_UL320_.jpg,42,排名进入前50；价格处于人民币等值¥57.60-¥180.00黄金区间；评分达到4.3以上。
2026-09-08,amazon_us,product,new_releases,New Releases Women Sandals,19,IDIFU IN1 Kitten Flip Flop Heels for Women Square Open Toe Low Heel | Wedding Bride Graduation Party Slide Dress Shoes Comfortable Cute Trendy Casual Thong Slip On Strappy Low Heeled Sandals,,3.9,$29.99,,,,,,https://www.amazon.com/IDIFU-Gold-Heels-Kitten-Square/dp/B0H33YNWQG/ref=zg_bsnr_g_679425011_d_sccl_19/140-3637061-9872510?psc=1,"https://images-na.ssl-images-amazon.com/images/I/612hFK868jL._AC_UL600_SR600,400_.jpg",41,排名进入前30；标题包含 comfort，符合美国女鞋舒适化趋势。
2026-09-08,amazon_us,product,new_releases,New Releases Women Sandals,27,xhuoqdk Clear Jelly Kitten Heel Thong Sandals for Women Square Transparent Open Toe Slip‑On Slides Summer Casual Dress Heeled Flip‑Flops Beach Shoes,,,$16.99,,,,,,https://www.amazon.com/xhuoqdk-Transparent-Flip%E2%80%91Flops-Night%E2%80%91Out-Pink/dp/B0HGS646DD/ref=zg_bsnr_g_679425011_d_sccl_27/140-3637061-9872510?psc=1,"https://images-na.ssl-images-amazon.com/images/I/61iWvZub7WL._AC_UL600_SR600,400_.jpg",41,排名进入前30；标题包含 beach、summer，符合美国女鞋舒适化趋势。
2026-09-08,amazon_us,product,search,platform sandals women,50,Platform Sandals for Women Fashion Chunky Ankle Buckle Casual,¥403.06,4.2,100+ bought in past month,,,,,,https://www.amazon.com/KIFIWUI-Platform-Comfortable-Decoration-Fisherman/dp/B0F7X21PJV/ref=sr_1_36?dib=eyJ2IjoiMSJ9.FPoSxH-pDUFI745W7ytbodcUw-hme5sdwMWJdkLhJVri1AzfM_0C74iSFtuRczTeT29itzOslVsFKLPCB3CM1cROU3kQ3mRb5EFaKkRN8DE5eDktEsI_MqCX2uB9o5VLqZaIygbiIrAK57q7_01vdkmVsbj-N0S4iqpEuuIA6n9HM2Zgf5l9vqAnabKtdS70CZPAL4cl7-HtwbCMEn8ltI155-abWBJ38tbvFH6kQ5xr3_m7rkkJVIOyubsYLozf9SyDQSwgktBClQfFslKgOKVIIQqAZnTTODZOyk9rJbU.LUWNXsH0V6sg-yv-d0ujeZL0PybscKG5cReYS37iOMc&dib_tag=se&keywords=platform+sandals+women&qid=1788845754&sr=8-36,https://m.media-amazon.com/images/I/71-etU3EJ4L._AC_UL320_.jpg,40,排名进入前50；评论数达到50以上；价格高于人民币等值¥288.00；标题包含 platform，符合美国女鞋舒适化趋势；评分达到4.0以上。
2026-09-08,amazon_us,product,best_sellers,Best Sellers Women Sandals,16,LULLASONG Women's Kitten Heels Sandals Square Open Toe Flip Flop Heels 1.8-2 Inch Heeled Sandals for Women,,4.0,$35.99,,,,,,https://www.amazon.com/LULLASONG-Womens-Kitten-Sandals-Square/dp/B0DCFSM597/ref=zg_bs_g_679425011_d_sccl_16/145-9042852-1426506?psc=1,"https://images-na.ssl-images-amazon.com/images/I/61aVZl7OhqL._AC_UL600_SR600,400_.jpg",39,排名进入前30；评分达到4.0以上。
2026-09-08,amazon_us,product,new_releases,New Releases Women Sandals,23,CUSHIONAIRE Markie Chunky Block Heel Sandals for Women with Faux Wood Heel and Memory Foam,,4.2,$49.99,,,,,,https://www.amazon.com/CUSHIONAIRE-Markie-Chunky-Sandals-CHOCOLATE/dp/B0H7CRLX47/ref=zg_bsnr_g_679425011_d_sccl_23/140-3637061-9872510?psc=1,"https://images-na.ssl-images-amazon.com/images/I/81W1PcaRo-L._AC_UL600_SR600,400_.jpg",39,排名进入前30；评分达到4.0以上。
2026-09-08,amazon_us,product,new_releases,New Releases Women Sandals,32,"CUSHIONAIRE Laz 100% Genuine Leather Cork Footbed Slide Sandals for Women | Slip On Cork Footbed Summer Sandals, Adjustable Buckle Straps, Open Toe Womens Sandals with Arch Support, Two Strap Sandals,",,4.7,$39.99,,,,,,https://www.amazon.com/CUSHIONAIRE-Genuine-Leather-Footbed-Sandals/dp/B0H8FHN5X1/ref=zg_bsnr_g_679425011_d_sccl_32/145-9042852-1426506?psc=1,"https://images-na.ssl-images-amazon.com/images/I/81srhQhObWL._AC_UL300_SR300,200_.jpg",39,排名进入前50；标题包含 arch support、summer，符合美国女鞋舒适化趋势；评分达到4.6以上。
2026-09-08,amazon_us,product,search,women summer slippers,36,mazeskin,¥71.93,4.2,mazeskin,,,,,,https://www.amazon.com/mazeskin-Womens-Comfortable-Sandals-Leather/dp/B0F32KMZ18/ref=sr_1_19?dib=eyJ2IjoiMSJ9.Z3DtW4uoCvsDIv_xz9KW2LQdCuo-kT_owG1TkFjrVnXOGVQ9C0DfSdMi0C9kS1FbwQ2la_nEYlVe0DJ3lSYe70CKn0tLl1aEnRvrymSeMCpjfqQdDt1wSRPHDuq6kB-KPPEA9GI98HCuaq0slL0TJ1iYBStW_oQBLm33d-Lr1qMl77JIkGE2bQdSaLw9Q3LPO-ndszFK6Y2O8e6YB9BZUwzW7fOSSOtwYhwsx7fToNGt1OvHenjDcM0BT1IthUOwrRK3Lz4LlwtHBb_XumeWIyzgNx1xQSeMdrSok6xoQ0I.-IYva1ORjPpMJRhXX13WRFzhJUoDSrYM_0zWqu3exLk&dib_tag=se&keywords=women+summer+slippers&qid=1788845753&sr=8-19,https://m.media-amazon.com/images/I/71jV8GHPNSL._AC_UL320_.jpg,39,排名进入前50；价格处于人民币等值¥57.60-¥180.00黄金区间；评分达到4.0以上。
2026-09-08,amazon_us,product,search,women summer slippers,41,KuaiLu,¥86.26,4.2,KuaiLu,,,,,,https://www.amazon.com/KuaiLu-Support-Comfortable-Cushion-Walking/dp/B08GKGCH2R/ref=sr_1_24?dib=eyJ2IjoiMSJ9.Z3DtW4uoCvsDIv_xz9KW2LQdCuo-kT_owG1TkFjrVnXOGVQ9C0DfSdMi0C9kS1FbwQ2la_nEYlVe0DJ3lSYe70CKn0tLl1aEnRvrymSeMCpjfqQdDt1wSRPHDuq6kB-KPPEA9GI98HCuaq0slL0TJ1iYBStW_oQBLm33d-Lr1qMl77JIkGE2bQdSaLw9Q3LPO-ndszFK6Y2O8e6YB9BZUwzW7fOSSOtwYhwsx7fToNGt1OvHenjDcM0BT1IthUOwrRK3Lz4LlwtHBb_XumeWIyzgNx1xQSeMdrSok6xoQ0I.-IYva1ORjPpMJRhXX13WRFzhJUoDSrYM_0zWqu3exLk&dib_tag=se&keywords=women+summer+slippers&qid=1788845753&sr=8-24,https://m.media-amazon.com/images/I/81-DUybjK+L._AC_UL320_.jpg,39,排名进入前50；价格处于人民币等值¥57.60-¥180.00黄金区间；评分达到4.0以上。
2026-09-08,amazon_us,product,search,women slides,42,Happy Lily,¥71.93,4.2,Happy Lily,,,,,,https://www.amazon.com/Slippers-Non-Slip-Shower-Sandals-Bathroom/dp/B01LYNR9VM/ref=sr_1_21?dib=eyJ2IjoiMSJ9.wrqHnvIFpzxZDCy1gVq3fzWl4LVZ75nPHLlD5S7mA7U3VvFppUL9hQQkdi2m77LDiGlfHSopqA0E_LXuC-jM9ztyKPwI2ZrILp2sskE9FcZALNKIiqksLuTOlsvCAWXdTLUbjVrpC6Kszrb4GIiUBg2sbNF8F2BIjbBk02UqECs6OddSsQTWnyOxVCZ3rc3R5diDh79lI__70JX-Izobo05SBoybjmkrZxyXILVC4qjpHCgx0GTMcSm3m1r6fcu5UrYSeB9fDe2UsIj8YErwWVQREJ5IX5I--z_m4Tc7EQw.lzPhloYJ9TdZrrU05OhwUuQiB8-bmAttl5ZZhiaEtY4&dib_tag=se&keywords=women+slides&qid=1788845754&sr=8-21,https://m.media-amazon.com/images/I/81oTjdeU9ZL._AC_UL320_.jpg,39,排名进入前50；价格处于人民币等值¥57.60-¥180.00黄金区间；评分达到4.0以上。
2026-09-08,amazon_us,product,search,women slides,44,Leevar,¥100.73,4.2,Leevar,,,,,,https://www.amazon.com/Leevar-Slippers-Non-slip-Swimming-Footwear/dp/B09YCLK5DG/ref=sr_1_23?dib=eyJ2IjoiMSJ9.wrqHnvIFpzxZDCy1gVq3fzWl4LVZ75nPHLlD5S7mA7U3VvFppUL9hQQkdi2m77LDiGlfHSopqA0E_LXuC-jM9ztyKPwI2ZrILp2sskE9FcZALNKIiqksLuTOlsvCAWXdTLUbjVrpC6Kszrb4GIiUBg2sbNF8F2BIjbBk02UqECs6OddSsQTWnyOxVCZ3rc3R5diDh79lI__70JX-Izobo05SBoybjmkrZxyXILVC4qjpHCgx0GTMcSm3m1r6fcu5UrYSeB9fDe2UsIj8YErwWVQREJ5IX5I--z_m4Tc7EQw.lzPhloYJ9TdZrrU05OhwUuQiB8-bmAttl5ZZhiaEtY4&dib_tag=se&keywords=women+slides&qid=1788845754&sr=8-23,https://m.media-amazon.com/images/I/71Epw-42KBL._AC_UL320_.jpg,39,排名进入前50；价格处于人民币等值¥57.60-¥180.00黄金区间；评分达到4.0以上。
2026-09-08,amazon_us,product,search,platform sandals women,45,Amazon Essentials,¥149.54,4.2,Amazon Essentials,,,,,,https://www.amazon.com/Amazon-Essentials-Womens-Flatform-Sandal/dp/B08MXVJC71/ref=sr_1_31?dib=eyJ2IjoiMSJ9.FPoSxH-pDUFI745W7ytbodcUw-hme5sdwMWJdkLhJVri1AzfM_0C74iSFtuRczTeT29itzOslVsFKLPCB3CM1cROU3kQ3mRb5EFaKkRN8DE5eDktEsI_MqCX2uB9o5VLqZaIygbiIrAK57q7_01vdkmVsbj-N0S4iqpEuuIA6n9HM2Zgf5l9vqAnabKtdS70CZPAL4cl7-HtwbCMEn8ltI155-abWBJ38tbvFH6kQ5xr3_m7rkkJVIOyubsYLozf9SyDQSwgktBClQfFslKgOKVIIQqAZnTTODZOyk9rJbU.LUWNXsH0V6sg-yv-d0ujeZL0PybscKG5cReYS37iOMc&dib_tag=se&keywords=platform+sandals+women&qid=1788845754&sr=8-31,https://m.media-amazon.com/images/I/71hpTdzYZzS._AC_UL320_.jpg,39,排名进入前50；价格处于人民币等值¥57.60-¥180.00黄金区间；评分达到4.0以上。
2026-09-08,amazon_us,product,new_releases,New Releases Women Sandals,33,JOY IN LOVE Womens Espadrilles Wedge Sandals Platform Heels Ankle Strap Open Toe Buckle Sandals,,4.5,$39.99,,,,,,https://www.amazon.com/JOY-LOVE-Sandals-Platform-Espadrilles/dp/B0H86RW31C/ref=zg_bsnr_g_679425011_d_sccl_33/145-9042852-1426506?psc=1,"https://images-na.ssl-images-amazon.com/images/I/81SOYbAwWwL._AC_UL300_SR300,200_.jpg",38,排名进入前50；标题包含 platform、wedge，符合美国女鞋舒适化趋势；评分达到4.3以上。
2026-09-08,amazon_us,product,search,women slides,30,"ULTRAIDEAS Nealon Moccasin Clog Slipper, Slip on Indoor/Outdoor House Shoes(Coffee&Knit Grey, 9-10) ULTRAIDEAS Nealon Moccasin Clog Slipper, Slip on Indoor/Outdoor House Shoes(Coffee&Knit Grey, 9-…",¥323.86,,,,,,,,https://sponsored-ads.amazon.com/clk/?_encoding=UTF8&p=eAFVUE2P0kAYDm7UDa4f4bAmeMPIgWRoO9AvDDH9mIUGLGwLG-UyGWam0Cy0pZ2VxQN_wIsHE_-H3ky8-gu8e_F3GBNZY3xOT_J8vG-eMj3-8vXX9zuV-9bkYuwOvMEr2UVBraQ0TiOexNe42LVfXwVsl1mO3mvNe53TzYxqcJjPpqPzba9J3amwtxMruAflJoRKUzOa8uxWaM-PLTTpo8ALK4_LdxkvLkWaVU6mfoCcUc_3Zsitfi6Vn94ouOAkp0uc8ZymKyI4jpNVnHA8F1GlTNbkbZo0abquPinmgK5IUcQUHDLg4ASZUrvNEzwNG2oxB2LJ15wBmq5WnIo4TcAbCG6OAUpyVoCMxIngOaBpIngi4DM7sHwXO6PhEDkTb-SH2POHno_w0LtA2EXhYDIa17RySX706cf7n---udUHfysPT9QeQllW5JYp65rSaukKPJqGbufIGTuNQeW5a1tOduYB3drbmwMW1t4-34xdH1n_Y28v9vb53rb-kEX1xFmg656FFkuScvixVP5QWgqRFR1J2m63zX8TSYtMIluJSbbs9p0zo28ELzKGc4az1ZLlXVFfFgTTHMesK9c3MesqumEYbVVX2_Ui7ypAAypRVQ1GJohYxEBbkRVgRiYDTNcIMU3TaLdgPe6SrKiTnEfdoda6HL9kV3D3G86zvIQ&v=c1&r=https%3A%2F%2Fwww.amazon.com%2Fgp%2Faw%2Fd%2FB0DHCF8H8R%3Fpd_rd_plhdr%3Dt%26hsa_cr_id%3D0%26qid%3D1788845754%26sr%3D1-6-5a5562f9-fdfd-4101-9f9d-d76aa9998432%26i%3Daps%26aref%3DL63kPMdu2y&ref_=sbx__sbtcd2_asin_5_bkgd&pd_rd_w=rCXjI&content-id=amzn1.sym.90f77631-9599-4fe0-95f8-a40adfe1c762%3Aamzn1.sym.90f77631-9599-4fe0-95f8-a40adfe1c762&pf_rd_p=90f77631-9599-4fe0-95f8-a40adfe1c762&pf_rd_r=V4V1HT8KVBK7WSZYJBQD&pd_rd_wg=It0rJ&pd_rd_r=3bc663ed-78ef-476f-bb14-ac9e15a813ac,"https://m.media-amazon.com/images/I/71buGj72RjL._AC_SR322,134_CB1169409_QL70_.jpg",38,排名进入前30；价格高于人民币等值¥288.00。
2026-09-08,amazon_us,product,search,women slides,50,Calvin Klein,¥215.86,4.5,Calvin Klein,,,,,,https://www.amazon.com/Calvin-Klein-Womens-Athens-Sandal/dp/B0CQRSPTDJ/ref=sr_1_29?dib=eyJ2IjoiMSJ9.wrqHnvIFpzxZDCy1gVq3fzWl4LVZ75nPHLlD5S7mA7U3VvFppUL9hQQkdi2m77LDiGlfHSopqA0E_LXuC-jM9ztyKPwI2ZrILp2sskE9FcZALNKIiqksLuTOlsvCAWXdTLUbjVrpC6Kszrb4GIiUBg2sbNF8F2BIjbBk02UqECs6OddSsQTWnyOxVCZ3rc3R5diDh79lI__70JX-Izobo05SBoybjmkrZxyXILVC4qjpHCgx0GTMcSm3m1r6fcu5UrYSeB9fDe2UsIj8YErwWVQREJ5IX5I--z_m4Tc7EQw.lzPhloYJ9TdZrrU05OhwUuQiB8-bmAttl5ZZhiaEtY4&dib_tag=se&keywords=women+slides&qid=1788845754&sr=8-29,https://m.media-amazon.com/images/I/61TQsy18fPL._AC_UL320_.jpg,37,排名进入前50；价格处于人民币等值¥180.00-¥288.00区间；评分达到4.3以上。
2026-09-08,amazon_us,product,search,platform sandals women,48,DREAM PAIRS,¥194.33,4.4,DREAM PAIRS,,,,,,https://www.amazon.com/DREAM-PAIRS-Espadrille-Platform-DWUMPS2504/dp/B0DNPZQDXG/ref=sr_1_34?dib=eyJ2IjoiMSJ9.FPoSxH-pDUFI745W7ytbodcUw-hme5sdwMWJdkLhJVri1AzfM_0C74iSFtuRczTeT29itzOslVsFKLPCB3CM1cROU3kQ3mRb5EFaKkRN8DE5eDktEsI_MqCX2uB9o5VLqZaIygbiIrAK57q7_01vdkmVsbj-N0S4iqpEuuIA6n9HM2Zgf5l9vqAnabKtdS70CZPAL4cl7-HtwbCMEn8ltI155-abWBJ38tbvFH6kQ5xr3_m7rkkJVIOyubsYLozf9SyDQSwgktBClQfFslKgOKVIIQqAZnTTODZOyk9rJbU.LUWNXsH0V6sg-yv-d0ujeZL0PybscKG5cReYS37iOMc&dib_tag=se&keywords=platform+sandals+women&qid=1788845754&sr=8-34,https://m.media-amazon.com/images/I/715vFf+zOkL._AC_UL320_.jpg,37,排名进入前50；价格处于人民币等值¥180.00-¥288.00区间；评分达到4.3以上。
2026-09-08,amazon_us,product,best_sellers,Best Sellers Women Sandals,36,KuaiLu Womens Fashion Orthotic Slides Arch Support Slip On Walking Sandals | Ladies Lightweight Athletic Yoga Mat Thick Cushion Slippers Sandals With Comfortable Plantar Fasciitis,,4.0,$23.39,,,,,,https://www.amazon.com/Orthotic-Lightweight-Athletic-Comfortable-Fasciitis/dp/B092ZT26V3/ref=zg_bs_g_679425011_d_sccl_36/145-9042852-1426506?psc=1,"https://images-na.ssl-images-amazon.com/images/I/71Rxka3CPTL._AC_UL300_SR300,200_.jpg",36,排名进入前50；标题包含 comfort、arch support，符合美国女鞋舒适化趋势；评分达到4.0以上。
2026-09-08,amazon_us,product,new_releases,New Releases Women Sandals,39,SheSole Women's Wide Width Cut Out Rhinestone Flat Sandals | Comfortable 1 Inch Low Block Heel Slingback Dress Shoe for Prom Dance Evening Party Wedding Vacation Daily Work Formal Events,,5.0,3,,,,,,https://www.amazon.com/SheSole-Womens-Width-Rhinestone-Sandals/dp/B0H7RK1HKJ/ref=zg_bsnr_g_679425011_d_sccl_39/145-9042852-1426506?psc=1,"https://images-na.ssl-images-amazon.com/images/I/71u4o52r30L._AC_UL300_SR300,200_.jpg",36,排名进入前50；标题包含 comfort，符合美国女鞋舒适化趋势；评分达到4.6以上。
2026-09-08,amazon_us,product,new_releases,New Releases Women Sandals,29,DREAM PAIRS Women's Slingback kitten Heeled Sandals | Square Toe Dress Heels for Party Wedding,,3.6,$37.99,,,,,,https://www.amazon.com/DREAM-PAIRS-Womens-Slingback-Sandals/dp/B0H8SQ7K5G/ref=zg_bsnr_g_679425011_d_sccl_29/140-3637061-9872510?psc=1,"https://images-na.ssl-images-amazon.com/images/I/71s9ROaphnL._AC_UL600_SR600,400_.jpg",35,排名进入前30。
2026-09-08,amazon_us,product,new_releases,New Releases Women Sandals,43,LOOPCHARM Women's Chunky Platform Heeled Sandals with 4 Inch Block Heels | Open Toe Strappy Dress Shoes with Ankle Strap for Wedding Party and Prom,,4.4,$39.99,,,,,,https://www.amazon.com/LOOPCHARM-Womens-Platform-Sandals-Burgundy/dp/B0GZQNJZQC/ref=zg_bsnr_g_679425011_d_sccl_43/145-9042852-1426506?psc=1,"https://images-na.ssl-images-amazon.com/images/I/71mjsYlLTML._AC_UL300_SR300,200_.jpg",35,排名进入前50；标题包含 platform，符合美国女鞋舒适化趋势；评分达到4.3以上。
2026-09-08,amazon_us,product,new_releases,New Releases Women Sandals,46,"Ankis Women’s Open Toe Ankle Strap Platform Block Heel Sandals Shoes | Crossover Front Strap Platform Sandals, Ankle Strap with Buckle, Chunky Block High Heels, Wedding Party Dress Heels for Women",,4.5,$39.89,,,,,,https://www.amazon.com/Ankis-Womens-Ankle-Platform-Sandals/dp/B0GXVD4KKT/ref=zg_bsnr_g_679425011_d_sccl_46/145-9042852-1426506?psc=1,"https://images-na.ssl-images-amazon.com/images/I/61TVfZDiRKL._AC_UL300_SR300,200_.jpg",35,排名进入前50；标题包含 platform，符合美国女鞋舒适化趋势；评分达到4.3以上。
2026-09-08,amazon_us,product,search,women summer slippers,35,NineCiFun,¥71.93,3.2,NineCiFun,,,,,,https://www.amazon.com/NineCiFun-Slippers-Women-House-Slides/dp/B0GKZXS8WW/ref=sr_1_18?dib=eyJ2IjoiMSJ9.Z3DtW4uoCvsDIv_xz9KW2LQdCuo-kT_owG1TkFjrVnXOGVQ9C0DfSdMi0C9kS1FbwQ2la_nEYlVe0DJ3lSYe70CKn0tLl1aEnRvrymSeMCpjfqQdDt1wSRPHDuq6kB-KPPEA9GI98HCuaq0slL0TJ1iYBStW_oQBLm33d-Lr1qMl77JIkGE2bQdSaLw9Q3LPO-ndszFK6Y2O8e6YB9BZUwzW7fOSSOtwYhwsx7fToNGt1OvHenjDcM0BT1IthUOwrRK3Lz4LlwtHBb_XumeWIyzgNx1xQSeMdrSok6xoQ0I.-IYva1ORjPpMJRhXX13WRFzhJUoDSrYM_0zWqu3exLk&dib_tag=se&keywords=women+summer+slippers&qid=1788845753&sr=8-18,https://m.media-amazon.com/images/I/71R7sXc96FL._AC_UL320_.jpg,35,排名进入前50；价格处于人民币等值¥57.60-¥180.00黄金区间。
2026-09-08,amazon_us,product,search,women summer slippers,45,Frykun,¥71.93,3.9,Frykun,,,,,,https://www.amazon.com/Frykun-Flops-Women-Support-Sandals/dp/B0GLGPRMX4/ref=sr_1_28?dib=eyJ2IjoiMSJ9.Z3DtW4uoCvsDIv_xz9KW2LQdCuo-kT_owG1TkFjrVnXOGVQ9C0DfSdMi0C9kS1FbwQ2la_nEYlVe0DJ3lSYe70CKn0tLl1aEnRvrymSeMCpjfqQdDt1wSRPHDuq6kB-KPPEA9GI98HCuaq0slL0TJ1iYBStW_oQBLm33d-Lr1qMl77JIkGE2bQdSaLw9Q3LPO-ndszFK6Y2O8e6YB9BZUwzW7fOSSOtwYhwsx7fToNGt1OvHenjDcM0BT1IthUOwrRK3Lz4LlwtHBb_XumeWIyzgNx1xQSeMdrSok6xoQ0I.-IYva1ORjPpMJRhXX13WRFzhJUoDSrYM_0zWqu3exLk&dib_tag=se&keywords=women+summer+slippers&qid=1788845753&sr=8-28,https://m.media-amazon.com/images/I/71NYXs9bkGL._AC_UL320_.jpg,35,排名进入前50；价格处于人民币等值¥57.60-¥180.00黄金区间。
2026-09-08,amazon_us,product,search,platform sandals women,31,EQAUDES,¥220.54,4.0,EQAUDES,,,,,,https://www.amazon.com/EQAUDES-Platform-Espadrille-Sandals-Flatform/dp/B0C6XLWPN9/ref=sr_1_17?dib=eyJ2IjoiMSJ9.FPoSxH-pDUFI745W7ytbodcUw-hme5sdwMWJdkLhJVri1AzfM_0C74iSFtuRczTeT29itzOslVsFKLPCB3CM1cROU3kQ3mRb5EFaKkRN8DE5eDktEsI_MqCX2uB9o5VLqZaIygbiIrAK57q7_01vdkmVsbj-N0S4iqpEuuIA6n9HM2Zgf5l9vqAnabKtdS70CZPAL4cl7-HtwbCMEn8ltI155-abWBJ38tbvFH6kQ5xr3_m7rkkJVIOyubsYLozf9SyDQSwgktBClQfFslKgOKVIIQqAZnTTODZOyk9rJbU.LUWNXsH0V6sg-yv-d0ujeZL0PybscKG5cReYS37iOMc&dib_tag=se&keywords=platform+sandals+women&qid=1788845754&sr=8-17,https://m.media-amazon.com/images/I/81juIfWU4pL._AC_UL320_.jpg,34,排名进入前50；价格处于人民币等值¥180.00-¥288.00区间；评分达到4.0以上。
2026-09-08,amazon_us,product,search,platform sandals women,37,Rocket Dog,¥189.86,4.2,Rocket Dog,,,,,,https://www.amazon.com/Rocket-Dog-Womens-Platform-Sandal/dp/B000W91BWU/ref=sr_1_23?dib=eyJ2IjoiMSJ9.FPoSxH-pDUFI745W7ytbodcUw-hme5sdwMWJdkLhJVri1AzfM_0C74iSFtuRczTeT29itzOslVsFKLPCB3CM1cROU3kQ3mRb5EFaKkRN8DE5eDktEsI_MqCX2uB9o5VLqZaIygbiIrAK57q7_01vdkmVsbj-N0S4iqpEuuIA6n9HM2Zgf5l9vqAnabKtdS70CZPAL4cl7-HtwbCMEn8ltI155-abWBJ38tbvFH6kQ5xr3_m7rkkJVIOyubsYLozf9SyDQSwgktBClQfFslKgOKVIIQqAZnTTODZOyk9rJbU.LUWNXsH0V6sg-yv-d0ujeZL0PybscKG5cReYS37iOMc&dib_tag=se&keywords=platform+sandals+women&qid=1788845754&sr=8-23,https://m.media-amazon.com/images/I/71kguy0F5cL._AC_UL320_.jpg,34,排名进入前50；价格处于人民币等值¥180.00-¥288.00区间；评分达到4.0以上。
2026-09-08,amazon_us,product,search,platform sandals women,38,Accloris,¥273.46,4.1,Accloris,,,,,,https://www.amazon.com/Accloris-Platform-Comfortable-Lightweight-Beach-Ready/dp/B0G1YB2ZGH/ref=sr_1_24?dib=eyJ2IjoiMSJ9.FPoSxH-pDUFI745W7ytbodcUw-hme5sdwMWJdkLhJVri1AzfM_0C74iSFtuRczTeT29itzOslVsFKLPCB3CM1cROU3kQ3mRb5EFaKkRN8DE5eDktEsI_MqCX2uB9o5VLqZaIygbiIrAK57q7_01vdkmVsbj-N0S4iqpEuuIA6n9HM2Zgf5l9vqAnabKtdS70CZPAL4cl7-HtwbCMEn8ltI155-abWBJ38tbvFH6kQ5xr3_m7rkkJVIOyubsYLozf9SyDQSwgktBClQfFslKgOKVIIQqAZnTTODZOyk9rJbU.LUWNXsH0V6sg-yv-d0ujeZL0PybscKG5cReYS37iOMc&dib_tag=se&keywords=platform+sandals+women&qid=1788845754&sr=8-24,https://m.media-amazon.com/images/I/716qZhNTI0L._AC_UL320_.jpg,34,排名进入前50；价格处于人民币等值¥180.00-¥288.00区间；评分达到4.0以上。
2026-09-08,amazon_us,product,best_sellers,Best Sellers Women Sandals,31,SKETOE Kitten Heels for Women Square Toe Sandals Flip Flop Heels Thong Sandals Comfortable Summer 2 Inch Heels Sandals,,4.1,$28.99,,,,,,https://www.amazon.com/SKETOE-Kitten-Square-Sandals-Comfortable/dp/B0F4QHKCDM/ref=zg_bs_g_679425011_d_sccl_31/145-9042852-1426506?psc=1,"https://images-na.ssl-images-amazon.com/images/I/61WGe4p1FWL._AC_UL300_SR300,200_.jpg",33,排名进入前50；标题包含 comfort、summer，符合美国女鞋舒适化趋势；评分达到4.0以上。
2026-09-08,amazon_us,product,best_sellers,Best Sellers Women Sandals,33,"COASIS Women's Chunky Block Heels Open Toe Ankle Strap Heeled Sandals | 3.5"" High Heel, 3MM Latex Midsole, Non-Slip Rubber Sole, Comfortable Walking, Wedding, Work & Party Wear",,4.4,$26.99,,,,,,https://www.amazon.com/COASIS-Womens-Chunky-Sandal-Ankle/dp/B08SH9V6D9/ref=zg_bs_g_679425011_d_sccl_33/145-9042852-1426506?psc=1,"https://images-na.ssl-images-amazon.com/images/I/71s+ovTRKSL._AC_UL300_SR300,200_.jpg",33,排名进入前50；标题包含 comfort，符合美国女鞋舒适化趋势；评分达到4.3以上。
2026-09-08,amazon_us,product,new_releases,New Releases Women Sandals,42,"Womens Jelly Shoes, Clear Hollow Ballet Flats for Women Breathable | Rounded Toe Mesh Flats, Water-Resistant Slip On Jellies Sandals for Beach, Garden, Party, Travel, Casual",,4.8,$27.99,,,,,,https://www.amazon.com/Womens-Jelly-Hollow-Ballet-Transparent/dp/B0GTV9JN1Y/ref=zg_bsnr_g_679425011_d_sccl_42/145-9042852-1426506?psc=1,"https://images-na.ssl-images-amazon.com/images/I/71vG5Bfi3LL._AC_UL300_SR300,200_.jpg",33,排名进入前50；标题包含 beach，符合美国女鞋舒适化趋势；评分达到4.6以上。
2026-09-08,amazon_us,product,new_releases,New Releases Women Sandals,44,LOOPCHARM Women's Low Block Heel Sandals Square Toe Ankle Strap | Comfortable Open Toe Dressy Sandals Lightly Padded Straps Cushioned Footbed Stable Chunky Heel For Wedding Party Work.,,4.4,$39.99,,,,,,https://www.amazon.com/LOOPCHARM-Womens-Sandals-Square-Chocolate/dp/B0H112WWD9/ref=zg_bsnr_g_679425011_d_sccl_44/145-9042852-1426506?psc=1,"https://images-na.ssl-images-amazon.com/images/I/71b4mUiDMhL._AC_UL300_SR300,200_.jpg",33,排名进入前50；标题包含 comfort，符合美国女鞋舒适化趋势；评分达到4.3以上。
2026-09-08,amazon_us,product,search,women slides,37,Coach,¥684.00,4.6,Coach,,,,,,https://www.amazon.com/COACH-Udele-Slide-Charcoal-Material/dp/B08S3C46NH/ref=sr_1_16?dib=eyJ2IjoiMSJ9.wrqHnvIFpzxZDCy1gVq3fzWl4LVZ75nPHLlD5S7mA7U3VvFppUL9hQQkdi2m77LDiGlfHSopqA0E_LXuC-jM9ztyKPwI2ZrILp2sskE9FcZALNKIiqksLuTOlsvCAWXdTLUbjVrpC6Kszrb4GIiUBg2sbNF8F2BIjbBk02UqECs6OddSsQTWnyOxVCZ3rc3R5diDh79lI__70JX-Izobo05SBoybjmkrZxyXILVC4qjpHCgx0GTMcSm3m1r6fcu5UrYSeB9fDe2UsIj8YErwWVQREJ5IX5I--z_m4Tc7EQw.lzPhloYJ9TdZrrU05OhwUuQiB8-bmAttl5ZZhiaEtY4&dib_tag=se&keywords=women+slides&qid=1788845754&sr=8-16,https://m.media-amazon.com/images/I/71jST5a70hL._AC_UL320_.jpg,33,排名进入前50；价格高于人民币等值¥288.00；评分达到4.6以上。
2026-09-08,amazon_us,product,best_sellers,Best Sellers Women Sandals,40,Havaianas Women's Slim Sandals,,4.6,$30.00,,,,,,https://www.amazon.com/Havaianas-Womens-Slim-Sandal-Black/dp/B000NBGN2A/ref=zg_bs_g_679425011_d_sccl_40/145-9042852-1426506?psc=1,"https://images-na.ssl-images-amazon.com/images/I/61JHkRJJEFL._AC_UL300_SR300,200_.jpg",30,排名进入前50；评分达到4.6以上。
2026-09-08,amazon_us,product,new_releases,New Releases Women Sandals,37,"mazeskin Womens Jelly Flats Lattice Ballet Sandals Shoes | Summer Water-Friendly,Pointed Toe Breathable,Lightweight Flexible Woven,Beach Vacation Travel Pool",,4.0,$13.99,,,,,,https://www.amazon.com/mazeskin-Womens-Lattice-Ballet-Sandals/dp/B0H8Y24RR6/ref=zg_bsnr_g_679425011_d_sccl_37/145-9042852-1426506?psc=1,"https://images-na.ssl-images-amazon.com/images/I/71ixO5QqFYL._AC_UL300_SR300,200_.jpg",30,排名进入前50；标题包含 beach、summer，符合美国女鞋舒适化趋势；评分达到4.0以上。
2026-09-08,amazon_us,product,new_releases,New Releases Women Sandals,38,"LOOPCHARM Women's Strappy High Heels Square Open Toe Ankle Strap Sandals | Comfortable Sexy Dress Sandals Adjustable Ankle Strap Shoes 3.55-Inch Stiletto Heel for Parties,Weddings Work.",,4.2,$39.99,,,,,,https://www.amazon.com/LOOPCHARM-Womens-Strappy-Sandals-Rhinestone/dp/B0H25ZS3WT/ref=zg_bsnr_g_679425011_d_sccl_38/145-9042852-1426506?psc=1,"https://images-na.ssl-images-amazon.com/images/I/71hVeBc3wWL._AC_UL300_SR300,200_.jpg",30,排名进入前50；标题包含 comfort，符合美国女鞋舒适化趋势；评分达到4.0以上。
2026-09-08,amazon_us,product,search,women slides,31,ULTRAIDEAS Women's Eurytides Slide Slippers Memory Foam House Shoes ULTRAIDEAS Women's Eurytides Slide Slippers Memory Foam House Shoes,¥259.06,,,,,,,,https://sponsored-ads.amazon.com/clk/?_encoding=UTF8&p=eAFVUE2P0kAYDm7UDa4f4bAmeMPIgWSgHaClGGL6MWIDW6CFjctlMsxMabOlLe2sXTzwB7x4MPF_6M3Eq7_Auxd_hzGRNcbn9CTPx_vmKdPjL19_fb9Tua_Pz6fWyB69lizk1kpy49TncXiN813n4splu1Q31WF7NeyfbpdUgeNsuZjMimGTWgthFHPdvQelJoRyU-k1peUtz1gd62j-Crm2V3lcvst4fimStHKycFxkToaOvURW9XOp_PRGwTknGQ1wyjOaRERwHMZRGHO8En6lTDbkbRI3abKpPslXgEYkz0MKDhlwcIJUrt3mMV54jW6-AiLgG84ATaKIUxEmMXgDwc0xQEnGcpCSMBY8AzSJBY8FfGa4umNhczIeI3NuTxwP287YdhAe2-cIW8gbzSfTmlIuSY8-_Xj_8903q_rgb-XhidpDKEmy1NYkVZHbbVWGRwvP6h-ZU7Mxqjy3DN1MX9pA1ffG9oC1vjdm26nlIP1_7I313pjtDf0PWVdPzDW6HupoHZCEw4-l8odSIESa91utoiia_yZqrdMWKVqsZUjmmWa5HcN5kTKcMZxGAcsGoh7kBNMMh2wg1bchG8hqr9frdNVup55nAxmooEu6XQX6GvCZz0BHlmSg-RoDTFUI0TSt12nDejggaV4nGfcHY6V9OT1jV3D3G9CsvIk&v=c1&r=https%3A%2F%2Fwww.amazon.com%2Fgp%2Faw%2Fd%2FB0CM9DR4BN%3Fpd_rd_plhdr%3Dt%26hsa_cr_id%3D0%26qid%3D1788845754%26sr%3D1-7-5a5562f9-fdfd-4101-9f9d-d76aa9998432%26i%3Daps%26aref%3DL63kPMdu2y&ref_=sbx__sbtcd2_asin_6_bkgd&pd_rd_w=rCXjI&content-id=amzn1.sym.90f77631-9599-4fe0-95f8-a40adfe1c762%3Aamzn1.sym.90f77631-9599-4fe0-95f8-a40adfe1c762&pf_rd_p=90f77631-9599-4fe0-95f8-a40adfe1c762&pf_rd_r=V4V1HT8KVBK7WSZYJBQD&pd_rd_wg=It0rJ&pd_rd_r=3bc663ed-78ef-476f-bb14-ac9e15a813ac,"https://m.media-amazon.com/images/I/71WYjAQHsuL._AC_SR322,134_CB1169409_QL70_.jpg",30,排名进入前50；价格处于人民币等值¥180.00-¥288.00区间。
2026-09-08,amazon_us,product,search,women slides,36,OOFOS,¥431.64,4.4,OOFOS,,,,,,https://www.amazon.com/OOFOS-OOahh-Unisex-Slide-Sandal/dp/B09Y9GYV3H/ref=sr_1_15?dib=eyJ2IjoiMSJ9.wrqHnvIFpzxZDCy1gVq3fzWl4LVZ75nPHLlD5S7mA7U3VvFppUL9hQQkdi2m77LDiGlfHSopqA0E_LXuC-jM9ztyKPwI2ZrILp2sskE9FcZALNKIiqksLuTOlsvCAWXdTLUbjVrpC6Kszrb4GIiUBg2sbNF8F2BIjbBk02UqECs6OddSsQTWnyOxVCZ3rc3R5diDh79lI__70JX-Izobo05SBoybjmkrZxyXILVC4qjpHCgx0GTMcSm3m1r6fcu5UrYSeB9fDe2UsIj8YErwWVQREJ5IX5I--z_m4Tc7EQw.lzPhloYJ9TdZrrU05OhwUuQiB8-bmAttl5ZZhiaEtY4&dib_tag=se&keywords=women+slides&qid=1788845754&sr=8-15,https://m.media-amazon.com/images/I/51dH7-05JjL._AC_UL320_.jpg,30,排名进入前50；价格高于人民币等值¥288.00；评分达到4.3以上。
2026-09-08,amazon_us,product,search,platform sandals women,36,HEYDUDE,¥296.93,4.4,HEYDUDE,,,,,,https://www.amazon.com/HEYDUDE-Womens-Austin-Classic-Cognac/dp/B0F7NWHTF1/ref=sr_1_22?dib=eyJ2IjoiMSJ9.FPoSxH-pDUFI745W7ytbodcUw-hme5sdwMWJdkLhJVri1AzfM_0C74iSFtuRczTeT29itzOslVsFKLPCB3CM1cROU3kQ3mRb5EFaKkRN8DE5eDktEsI_MqCX2uB9o5VLqZaIygbiIrAK57q7_01vdkmVsbj-N0S4iqpEuuIA6n9HM2Zgf5l9vqAnabKtdS70CZPAL4cl7-HtwbCMEn8ltI155-abWBJ38tbvFH6kQ5xr3_m7rkkJVIOyubsYLozf9SyDQSwgktBClQfFslKgOKVIIQqAZnTTODZOyk9rJbU.LUWNXsH0V6sg-yv-d0ujeZL0PybscKG5cReYS37iOMc&dib_tag=se&keywords=platform+sandals+women&qid=1788845754&sr=8-22,https://m.media-amazon.com/images/I/71+OUCJdJzL._AC_UL320_.jpg,30,排名进入前50；价格高于人民币等值¥288.00；评分达到4.3以上。
2026-09-08,amazon_us,product,search,platform sandals women,47,REEF,¥403.20,4.4,REEF,,,,,,https://www.amazon.com/Reef-Womens-Sandals-Water-Higher/dp/B0CMCR4R4X/ref=sr_1_33?dib=eyJ2IjoiMSJ9.FPoSxH-pDUFI745W7ytbodcUw-hme5sdwMWJdkLhJVri1AzfM_0C74iSFtuRczTeT29itzOslVsFKLPCB3CM1cROU3kQ3mRb5EFaKkRN8DE5eDktEsI_MqCX2uB9o5VLqZaIygbiIrAK57q7_01vdkmVsbj-N0S4iqpEuuIA6n9HM2Zgf5l9vqAnabKtdS70CZPAL4cl7-HtwbCMEn8ltI155-abWBJ38tbvFH6kQ5xr3_m7rkkJVIOyubsYLozf9SyDQSwgktBClQfFslKgOKVIIQqAZnTTODZOyk9rJbU.LUWNXsH0V6sg-yv-d0ujeZL0PybscKG5cReYS37iOMc&dib_tag=se&keywords=platform+sandals+women&qid=1788845754&sr=8-33,https://m.media-amazon.com/images/I/61YxKHZ8gRL._AC_UL320_.jpg,30,排名进入前50；价格高于人民币等值¥288.00；评分达到4.3以上。
2026-09-08,amazon_us,product,search,platform sandals women,49,Crocs,¥359.64,4.5,Crocs,,,,,,https://www.amazon.com/Crocs-Womens-Brooklyn-Cashew-Medium/dp/B0FKTLNH1L/ref=sr_1_35?dib=eyJ2IjoiMSJ9.FPoSxH-pDUFI745W7ytbodcUw-hme5sdwMWJdkLhJVri1AzfM_0C74iSFtuRczTeT29itzOslVsFKLPCB3CM1cROU3kQ3mRb5EFaKkRN8DE5eDktEsI_MqCX2uB9o5VLqZaIygbiIrAK57q7_01vdkmVsbj-N0S4iqpEuuIA6n9HM2Zgf5l9vqAnabKtdS70CZPAL4cl7-HtwbCMEn8ltI155-abWBJ38tbvFH6kQ5xr3_m7rkkJVIOyubsYLozf9SyDQSwgktBClQfFslKgOKVIIQqAZnTTODZOyk9rJbU.LUWNXsH0V6sg-yv-d0ujeZL0PybscKG5cReYS37iOMc&dib_tag=se&keywords=platform+sandals+women&qid=1788845754&sr=8-35,https://m.media-amazon.com/images/I/71q74-BOFGL._AC_UL320_.jpg,30,排名进入前50；价格高于人民币等值¥288.00；评分达到4.3以上。
2026-09-08,amazon_us,product,best_sellers,Best Sellers Women Sandals,38,"Amazon Essentials Women's Two Strap Heeled Sandals with Adjustable Ankle Strap, Padded Memory Foam Insole",,4.4,$27.10,,,,,,https://www.amazon.com/Amazon-Essentials-Womens-Nola-Heeled/dp/B08LPVFHDY/ref=zg_bs_g_679425011_d_sccl_38/145-9042852-1426506?psc=1,"https://images-na.ssl-images-amazon.com/images/I/71gXk60IUaL._AC_UL300_SR300,200_.jpg",27,排名进入前50；评分达到4.3以上。
2026-09-08,amazon_us,product,best_sellers,Best Sellers Women Sandals,39,"CUSHIONAIRE Java Casual Womens Jelly Flats with Adjustable Strap, Closed Toe Mary Janes Mule Design, Waterproof Jelly Sandals for Women",,4.3,$34.99,,,,,,https://www.amazon.com/CUSHIONAIRE-Adjustable-Waterproof-Sandals-Chocolate/dp/B0H4MLLC32/ref=zg_bs_g_679425011_d_sccl_39/145-9042852-1426506?psc=1,"https://images-na.ssl-images-amazon.com/images/I/81iCqxPUX6L._AC_UL300_SR300,200_.jpg",27,排名进入前50；评分达到4.3以上。
2026-09-08,amazon_us,product,best_sellers,Best Sellers Women Sandals,45,IDIFU Women's Cookie-LO Low Block Heels Chunky Sandals Ankle Strap Wedding Dress Pump Shoes,,4.3,$28.49,,,,,,https://www.amazon.com/IDIFU-Womens-Cookie-LO-Sandals-Wedding/dp/B091CLRSHX/ref=zg_bs_g_679425011_d_sccl_45/145-9042852-1426506?psc=1,"https://images-na.ssl-images-amazon.com/images/I/71+iacBe5vL._AC_UL300_SR300,200_.jpg",27,排名进入前50；评分达到4.3以上。
2026-09-08,amazon_us,product,new_releases,New Releases Women Sandals,34,IDIFU Womens Strappy Heels Low Chunky Block Square Open Toe Heeled Sandals | IN3 Slingback Short Small Thick Adjustable Ankle Strap Heels Wedding Prom Bridal Office Party Dressy Dress Shoes for Women,,4.4,$30.99,,,,,,https://www.amazon.com/IDIFU-Womens-Strappy-Chunky-Sandals/dp/B0GZN23VG2/ref=zg_bsnr_g_679425011_d_sccl_34/145-9042852-1426506?psc=1,"https://images-na.ssl-images-amazon.com/images/I/71JL-3WxW1L._AC_UL300_SR300,200_.jpg",27,排名进入前50；评分达到4.3以上。
2026-09-08,amazon_us,product,search,platform sandals women,46,CUSHIONAIRE,¥431.93,4.0,CUSHIONAIRE,,,,,,https://www.amazon.com/CUSHIONAIRE-Womens-platform-sandal-Memory/dp/B09M96YX6M/ref=sr_1_32?dib=eyJ2IjoiMSJ9.FPoSxH-pDUFI745W7ytbodcUw-hme5sdwMWJdkLhJVri1AzfM_0C74iSFtuRczTeT29itzOslVsFKLPCB3CM1cROU3kQ3mRb5EFaKkRN8DE5eDktEsI_MqCX2uB9o5VLqZaIygbiIrAK57q7_01vdkmVsbj-N0S4iqpEuuIA6n9HM2Zgf5l9vqAnabKtdS70CZPAL4cl7-HtwbCMEn8ltI155-abWBJ38tbvFH6kQ5xr3_m7rkkJVIOyubsYLozf9SyDQSwgktBClQfFslKgOKVIIQqAZnTTODZOyk9rJbU.LUWNXsH0V6sg-yv-d0ujeZL0PybscKG5cReYS37iOMc&dib_tag=se&keywords=platform+sandals+women&qid=1788845754&sr=8-32,https://m.media-amazon.com/images/I/81v0nOOl2oL._AC_UL320_.jpg,27,排名进入前50；价格高于人民币等值¥288.00；评分达到4.0以上。
2026-09-08,amazon_us,product,best_sellers,Best Sellers Women Sandals,46,PiePieBuy Women's Lace Up Heeled Sandals Square Flip Flop High Heels Strappy Party Shoes,,4.1,$34.99,,,,,,https://www.amazon.com/PiePieBuy-Womens-Kitten-Sandals-Square/dp/B09N3LZTJX/ref=zg_bs_g_679425011_d_sccl_46/145-9042852-1426506?psc=1,"https://images-na.ssl-images-amazon.com/images/I/61L4UgP8LlL._AC_UL300_SR300,200_.jpg",24,排名进入前50；评分达到4.0以上。
2026-09-08,amazon_us,product,search,platform sandals women,44,Madden Girl,¥401.11,3.8,Madden Girl,,,,,,https://www.amazon.com/Madden-Girl-Womens-Mythicall-Natural/dp/B0CNKPC4Y5/ref=sr_1_30?dib=eyJ2IjoiMSJ9.FPoSxH-pDUFI745W7ytbodcUw-hme5sdwMWJdkLhJVri1AzfM_0C74iSFtuRczTeT29itzOslVsFKLPCB3CM1cROU3kQ3mRb5EFaKkRN8DE5eDktEsI_MqCX2uB9o5VLqZaIygbiIrAK57q7_01vdkmVsbj-N0S4iqpEuuIA6n9HM2Zgf5l9vqAnabKtdS70CZPAL4cl7-HtwbCMEn8ltI155-abWBJ38tbvFH6kQ5xr3_m7rkkJVIOyubsYLozf9SyDQSwgktBClQfFslKgOKVIIQqAZnTTODZOyk9rJbU.LUWNXsH0V6sg-yv-d0ujeZL0PybscKG5cReYS37iOMc&dib_tag=se&keywords=platform+sandals+women&qid=1788845754&sr=8-30,https://m.media-amazon.com/images/I/71SNHrdlHML._AC_UL320_.jpg,23,排名进入前50；价格高于人民币等值¥288.00。
2026-09-08,amazon_us,product,new_releases,New Releases Women Sandals,45,"CUSHIONAIRE Naty Jelly Kitten Heels for Women, Chic Slip-On Mule Design with Modern Open Square Toe Womens Heels",,3.8,$49.99,,,,,,https://www.amazon.com/CUSHIONAIRE-Kitten-Design-Modern-Square/dp/B0H4W6LZGD/ref=zg_bsnr_g_679425011_d_sccl_45/145-9042852-1426506?psc=1,"https://images-na.ssl-images-amazon.com/images/I/71TU4CazmuL._AC_UL300_SR300,200_.jpg",20,排名进入前50。
