date,source,data_type,list_type,keyword,rank,title,price,rating,review_count,likes,comments,views,published_at,competition_count,product_url,image_url,hot_score,reason
2026-08-23,amazon_us,product,new_releases,New Releases Women Sandals,7,Project Cloud Platform Sandals Women Memory Foam Flip Flops (ELEVATION) | Durable and Lightweight Non-Slip Sole Summer Thong Sandals - Platform Flip Flops for Women Everyday Comfort Daily.,,3.9,$39.90,,,,,,https://www.amazon.com/Project-Cloud-Platform-Sandals-ELEVATION/dp/B0GTZM2X7L/ref=zg_bsnr_g_679425011_d_sccl_7/147-1476138-7828040?psc=1,"https://images-na.ssl-images-amazon.com/images/I/61E9Kh8oh9L._AC_UL600_SR600,400_.jpg",75,排名靠前；标题包含 cloud、platform、comfort、summer，符合美国女鞋舒适化趋势；platform + comfort组合趋势加分。
2026-08-23,amazon_us,product,new_releases,New Releases Women Sandals,9,"MellowSoft Cloud Slides for Women & Men, Thick Shock-Absorbing Sole | Ultra Soft CloudFoam Cushioning Slides, Lightweight Anti-Slip Recovery Sandals for Indoor & Outdoor Comfort",,3.5,$31.20,,,,,,https://www.amazon.com/MellowSoft-Cloud-Slides-CloudFoam-Cushioning/dp/B0H52VV17P/ref=zg_bsnr_g_679425011_d_sccl_9/147-1476138-7828040?psc=1,"https://images-na.ssl-images-amazon.com/images/I/51KGd55hl5L._AC_UL600_SR600,400_.jpg",75,排名靠前；标题包含 cloud、recovery、comfort、soft，符合美国女鞋舒适化趋势；cloud + slides组合趋势加分。
2026-08-23,amazon_us,product,new_releases,New Releases Women Sandals,10,Project Cloud Platform Sandals Women - Wedge Sandals for Women 2026 (Silly) | Womens Sandals Comfortable with Soft & Plush Insole - Non Slip Beach Essentials Womens Slide - Stylish Women Footwear,,3.5,$32.90,,,,,,https://www.amazon.com/Project-Cloud-Platform-Sandals-Women/dp/B0H27CBFH3/ref=zg_bsnr_g_679425011_d_sccl_10/147-1476138-7828040?psc=1,"https://images-na.ssl-images-amazon.com/images/I/71lcJ5wbS4L._AC_UL600_SR600,400_.jpg",75,排名靠前；标题包含 cloud、platform、comfort、soft、beach、wedge，符合美国女鞋舒适化趋势；platform + comfort组合趋势加分。
2026-08-23,amazon_us,product,search,platform sandals women,22,Women's Suede Platform Wedge Heel Slide Sandals Y2K Round Open Toe One Strap Slip-On Heeled Sandals Stylish Comfortable Daily Casual Summer Slippers,¥237.53,3.6,"Price, product page $32.99 $ 32 . 99",,,,,,https://www.amazon.com/NBZKBNG-Platform-Sandals-Comfortable-Slippers/dp/B0FXRQXXLG/ref=sr_1_16?dib=eyJ2IjoiMSJ9.yFXG2t-AiJXnmdXXBYxFIjp2brixvqB3XFmuTR1SeW5apThS5ri6cx_nwIk5FefF0oIpw0aCrUXKmMOoKqVjBGuSiK1pw5k0MGbMhkcMnh_vhRmKQmSaYQ9dHZfttsgSTt5Hz8asbiBG-gFpEz6yRr74-1RrjNSnaBe7FNoPJLPZwnBoDD9NV8R6lmf94gsZVpgFhA47PTmYiavasCjAEClGEhoM-oaxs8bDQJJz_L2XQ6FiS4CzcTgHUXUJWUALO-VkX4uTHCExgCHUZITxliwIHtGeKblFBGDP6KgBxvk.HAv9B6CtL5PlNChCSzgGJxYp5HLRRUkS2C1x-1ez_eg&dib_tag=se&keywords=platform+sandals+women&qid=1787451804&sr=8-16,https://m.media-amazon.com/images/I/61psKHoQPtL._AC_UL320_.jpg,75,排名进入前30；价格处于人民币等值¥180.00-¥288.00区间；标题包含 platform、comfort、summer、wedge，符合美国女鞋舒适化趋势；platform + comfort组合趋势加分。
2026-08-23,amazon_us,product,best_sellers,Best Sellers Women Sandals,20,"shevalues Orthopedic Sandals for Women, Arch Support Recovery Flip Flops | Orthotic Pillow Soft Summer Beach Shoes, Comfortable for Plantar Fasciitis",,4.2,$16.17,,,,,,https://www.amazon.com/Orthotic-Pillow-Recovery-Sandals-Support/dp/B09LC836QG/ref=zg_bs_g_679425011_d_sccl_20/130-1550505-5708031?psc=1,"https://images-na.ssl-images-amazon.com/images/I/61o9ArJVVsL._AC_UL600_SR600,400_.jpg",74,排名进入前30；标题包含 recovery、orthopedic、comfort、arch support、soft、beach、summer，符合美国女鞋舒适化趋势；orthopedic + arch support组合趋势加分；评分达到4.0以上。
2026-08-23,amazon_us,product,best_sellers,Best Sellers Women Sandals,9,"Joomra Pillow Slippers for Women and Men Thick Sole Ultra Cushion Slides | Cloud-Like Sole, Quick Drying Shower Shoes, Soft Open Toe Indoor Outdoor Sandals",,4.3,$20.35,,,,,,https://www.amazon.com/Joomra-Slippers-Cushion-Massage-Bathroom/dp/B09653BWXT/ref=zg_bs_g_679425011_d_sccl_9/130-1550505-5708031?psc=1,"https://images-na.ssl-images-amazon.com/images/I/71pkhgTTRXL._AC_UL600_SR600,400_.jpg",73,排名靠前；标题包含 cloud、soft，符合美国女鞋舒适化趋势；cloud + slides组合趋势加分；评分达到4.3以上。
2026-08-23,amazon_us,product,best_sellers,Best Sellers Women Sandals,2,KuaiLu Flip Flops for Women with Arch Support Summer Beach Thong Sandals | Comfortable Yoga Mat Walking Shoes Cushion Slip On Casual Outfits Indoor Outdoor,,4.3,$11.99,,,,,,https://www.amazon.com/KuaiLu-Support-Comfortable-Walking-Sandals/dp/B0C5ZRQS2X/ref=zg_bs_g_679425011_d_sccl_2/130-1550505-5708031?psc=1,"https://images-na.ssl-images-amazon.com/images/I/710PdcSAm6L._AC_UL600_SR600,400_.jpg",70,排名靠前；标题包含 comfort、arch support、beach、summer，符合美国女鞋舒适化趋势；评分达到4.3以上。
2026-08-23,amazon_us,product,best_sellers,Best Sellers Women Sandals,12,Project Cloud 100% Genuine Leather Sandals Women Comfortable Womens Slides | Slides for Women Beach Essential Lightweight Footwear with Memory Foam Insole Everyday Summer Sandals for Women,,4.0,$19.90,,,,,,https://www.amazon.com/Project-Cloud-Essentials-Footwear-Lightweight-2026-Womens/dp/B0FWFCG3WF/ref=zg_bs_g_679425011_d_sccl_12/130-1550505-5708031?psc=1,"https://images-na.ssl-images-amazon.com/images/I/813ApkmeC+L._AC_UL600_SR600,400_.jpg",69,排名进入前30；标题包含 cloud、comfort、beach、summer，符合美国女鞋舒适化趋势；cloud + slides组合趋势加分；评分达到4.0以上。
2026-08-23,amazon_us,product,best_sellers,Best Sellers Women Sandals,16,Project Cloud 100% Genuine Leather Womens Sandals Slides for Women (Lian) | Sandals Women Memory Foam Insole Cork Footbed Non Slip Sandals for Women Lightweight Beach Vacation Summer Essentials Comfort,,4.1,$24.90,,,,,,https://www.amazon.com/Project-Cloud-Genuine-Leather-Sandals/dp/B0FW71GCZ2/ref=zg_bs_g_679425011_d_sccl_16/130-1550505-5708031?psc=1,"https://images-na.ssl-images-amazon.com/images/I/81ljCfCOosL._AC_UL600_SR600,400_.jpg",69,排名进入前30；标题包含 cloud、comfort、beach、summer，符合美国女鞋舒适化趋势；cloud + slides组合趋势加分；评分达到4.0以上。
2026-08-23,amazon_us,product,best_sellers,Best Sellers Women Sandals,24,Project Cloud Platform Sandals for Women Strappy Wedges Plush Insole 2026 | Comfortable and Lightweight Fashion Wedge Sandals for Women - Non-Slip Sole with Adjustable Strap for Every Occasions,,4.2,$37.90,,,,,,https://www.amazon.com/Project-Cloud-Platform-Sandals-Footwear/dp/B0DR3KSN3X/ref=zg_bs_g_679425011_d_sccl_24/130-1550505-5708031?psc=1,"https://images-na.ssl-images-amazon.com/images/I/71lJvDGljyL._AC_UL600_SR600,400_.jpg",69,排名进入前30；标题包含 cloud、platform、comfort、wedge，符合美国女鞋舒适化趋势；platform + comfort组合趋势加分；评分达到4.0以上。
2026-08-23,amazon_us,product,best_sellers,Best Sellers Women Sandals,27,"CUSHIONAIRE Feather EVA Slides for Women – Comfortable Slip On Womens Slippers, Indoor Outdoor Shower Shoes, Beach Essential Cloud Slides",,4.4,$26.99,,,,,,https://www.amazon.com/Cushionaire-Womens-Feather-recovery-Comfort/dp/B094TB7BQH/ref=zg_bs_g_679425011_d_sccl_27/130-1550505-5708031?psc=1,"https://images-na.ssl-images-amazon.com/images/I/817PhiYQjLL._AC_UL600_SR600,400_.jpg",69,排名进入前30；标题包含 cloud、comfort、beach，符合美国女鞋舒适化趋势；cloud + slides组合趋势加分；评分达到4.3以上。
2026-08-23,amazon_us,product,new_releases,New Releases Women Sandals,27,IDIFU Platform Chunky Block Strappy Heels Sandals | Slingback Heeled Sandals Thick Open Square Toe Comfortable Dress Shoes for Women Wedding Work Prom Ladies Cute Heel,,4.8,$39.99,,,,,,https://www.amazon.com/IDIFU-Platform-Chunky-Strappy-Sandals/dp/B0H1LQRCYB/ref=zg_bsnr_g_679425011_d_sccl_27/147-1476138-7828040?psc=1,"https://images-na.ssl-images-amazon.com/images/I/61zeFLRuxkL._AC_UL600_SR600,400_.jpg",69,排名进入前30；标题包含 platform、comfort，符合美国女鞋舒适化趋势；platform + comfort组合趋势加分；评分达到4.6以上。
2026-08-23,amazon_us,product,new_releases,New Releases Women Sandals,4,Uniwill Shower Shoes Womens Quick Dry Arch Support Flip Flops | Darin Holes Comfortable Non Slip Beach Lightweight Thong Sandalas,,4.4,$9.99,,,,,,https://www.amazon.com/Uniwill-Womens-Shower-Support-Sandals/dp/B0GY5LY46K/ref=zg_bsnr_g_679425011_d_sccl_4/147-1476138-7828040?psc=1,"https://images-na.ssl-images-amazon.com/images/I/71R3-oUAUYL._AC_UL600_SR600,400_.jpg",67,排名靠前；标题包含 comfort、arch support、beach，符合美国女鞋舒适化趋势；评分达到4.3以上。
2026-08-23,amazon_us,product,search,women summer slippers,4,GOEWY,¥71.78,4.4,Products highlighted as 'Overall Pick' are:,,,,,,https://www.amazon.com/GOEWY-Slippers-Anti-Skid-Birthday-Bridesmaid/dp/B0DRFQKGW3/ref=sr_1_1?dib=eyJ2IjoiMSJ9.F9OEn6HQacWisoPoD_JQQdRo22Dt7WlNtuucVfc8UyOpYRsOI37_T76phpqs2tQAbgtjCTtOVzUkE31Af3d_V2Ui7UnVc3ls_f8ShFpSOmOPjxhLgau3h9MJwQ1t6iOv9tmcr8XDZ5IKN9pAKgYkCpwfDuBBKl3IqYz0FHCRZKH2FgGoCi9958ByTCoR2yAJV29ibluUVMJFbejWXbRk6nt5EhneyVIWAiI52sSPOKU1m4ucf1jYTZMUABC45Ch4sxg9tJjlXyTeXwfab0ddtg7aR8M4cuyd1CkCpnwXhKo.Deo1ayuWE11DnuilM4-TbqKxDEzwNInkwiYJv-Cs2yw&dib_tag=se&keywords=women+summer+slippers&qid=1787451803&sr=8-1,https://m.media-amazon.com/images/I/71cJmHLWhGL._AC_UL320_.jpg,67,排名靠前；价格处于人民币等值¥57.60-¥180.00黄金区间；评分达到4.3以上。
2026-08-23,amazon_us,product,search,women summer slippers,5,GOEWY,¥93.53,4.4,GOEWY,,,,,,https://www.amazon.com/GOEWY-Slippers-Summer-Breathable-Slides/dp/B0GQGLFHFJ/ref=sr_1_2?dib=eyJ2IjoiMSJ9.F9OEn6HQacWisoPoD_JQQdRo22Dt7WlNtuucVfc8UyOpYRsOI37_T76phpqs2tQAbgtjCTtOVzUkE31Af3d_V2Ui7UnVc3ls_f8ShFpSOmOPjxhLgau3h9MJwQ1t6iOv9tmcr8XDZ5IKN9pAKgYkCpwfDuBBKl3IqYz0FHCRZKH2FgGoCi9958ByTCoR2yAJV29ibluUVMJFbejWXbRk6nt5EhneyVIWAiI52sSPOKU1m4ucf1jYTZMUABC45Ch4sxg9tJjlXyTeXwfab0ddtg7aR8M4cuyd1CkCpnwXhKo.Deo1ayuWE11DnuilM4-TbqKxDEzwNInkwiYJv-Cs2yw&dib_tag=se&keywords=women+summer+slippers&qid=1787451803&sr=8-2,https://m.media-amazon.com/images/I/61PJ6PNvlqL._AC_UL320_.jpg,67,排名靠前；价格处于人民币等值¥57.60-¥180.00黄金区间；评分达到4.3以上。
2026-08-23,amazon_us,product,search,women summer slippers,8,LongBay,¥114.62,4.5,LongBay,,,,,,https://www.amazon.com/LongBay-Slippers-Memory-Bedroom-Dual-Strap/dp/B0DP277YRM/ref=sr_1_5?dib=eyJ2IjoiMSJ9.F9OEn6HQacWisoPoD_JQQdRo22Dt7WlNtuucVfc8UyOpYRsOI37_T76phpqs2tQAbgtjCTtOVzUkE31Af3d_V2Ui7UnVc3ls_f8ShFpSOmOPjxhLgau3h9MJwQ1t6iOv9tmcr8XDZ5IKN9pAKgYkCpwfDuBBKl3IqYz0FHCRZKH2FgGoCi9958ByTCoR2yAJV29ibluUVMJFbejWXbRk6nt5EhneyVIWAiI52sSPOKU1m4ucf1jYTZMUABC45Ch4sxg9tJjlXyTeXwfab0ddtg7aR8M4cuyd1CkCpnwXhKo.Deo1ayuWE11DnuilM4-TbqKxDEzwNInkwiYJv-Cs2yw&dib_tag=se&keywords=women+summer+slippers&qid=1787451803&sr=8-5,https://m.media-amazon.com/images/I/71BlGXBbl-L._AC_UL320_.jpg,67,排名靠前；价格处于人民币等值¥57.60-¥180.00黄金区间；评分达到4.3以上。
2026-08-23,amazon_us,product,search,women summer slippers,9,Litfun,¥136.73,4.3,Litfun,,,,,,https://www.amazon.com/Litfun-Orthopedic-Slippers-Support-Corduroy/dp/B0FH4NQLCJ/ref=sr_1_6?dib=eyJ2IjoiMSJ9.F9OEn6HQacWisoPoD_JQQdRo22Dt7WlNtuucVfc8UyOpYRsOI37_T76phpqs2tQAbgtjCTtOVzUkE31Af3d_V2Ui7UnVc3ls_f8ShFpSOmOPjxhLgau3h9MJwQ1t6iOv9tmcr8XDZ5IKN9pAKgYkCpwfDuBBKl3IqYz0FHCRZKH2FgGoCi9958ByTCoR2yAJV29ibluUVMJFbejWXbRk6nt5EhneyVIWAiI52sSPOKU1m4ucf1jYTZMUABC45Ch4sxg9tJjlXyTeXwfab0ddtg7aR8M4cuyd1CkCpnwXhKo.Deo1ayuWE11DnuilM4-TbqKxDEzwNInkwiYJv-Cs2yw&dib_tag=se&keywords=women+summer+slippers&qid=1787451803&sr=8-6,https://m.media-amazon.com/images/I/71YnbijMiKL._AC_UL320_.jpg,67,排名靠前；价格处于人民币等值¥57.60-¥180.00黄金区间；评分达到4.3以上。
2026-08-23,amazon_us,product,search,women summer slippers,10,EverFoams,¥136.66,4.4,EverFoams,,,,,,https://www.amazon.com/EverFoams-Womens-Slippers-Memory-Outdoor/dp/B0CLGNYKFR/ref=sr_1_7?dib=eyJ2IjoiMSJ9.F9OEn6HQacWisoPoD_JQQdRo22Dt7WlNtuucVfc8UyOpYRsOI37_T76phpqs2tQAbgtjCTtOVzUkE31Af3d_V2Ui7UnVc3ls_f8ShFpSOmOPjxhLgau3h9MJwQ1t6iOv9tmcr8XDZ5IKN9pAKgYkCpwfDuBBKl3IqYz0FHCRZKH2FgGoCi9958ByTCoR2yAJV29ibluUVMJFbejWXbRk6nt5EhneyVIWAiI52sSPOKU1m4ucf1jYTZMUABC45Ch4sxg9tJjlXyTeXwfab0ddtg7aR8M4cuyd1CkCpnwXhKo.Deo1ayuWE11DnuilM4-TbqKxDEzwNInkwiYJv-Cs2yw&dib_tag=se&keywords=women+summer+slippers&qid=1787451803&sr=8-7,https://m.media-amazon.com/images/I/81rGYT3pkaL._AC_UL320_.jpg,67,排名靠前；价格处于人民币等值¥57.60-¥180.00黄金区间；评分达到4.3以上。
2026-08-23,amazon_us,product,search,women slides,3,adidas,¥151.20,4.4,adidas,,,,,,https://www.amazon.com/adidas-Unisex-Adilette-Shower-Sandal/dp/B091ZGQF6G/ref=sr_1_2?dib=eyJ2IjoiMSJ9.wrqHnvIFpzxZDCy1gVq3f4ElwLELpfbzk0bZTxBh-O-UsnXSPoGdIOvDvl5EdsiLL4Ve6X20WUGTARP_hk7cBa78zToD1P2JVV0s08rWfwaWhzqHuC80ctLdieEuBXeabwES5nFentJJRYwlw9KDLj0nIwlbVH9GoyWeGxGfRel6GBV03VxJ2xprn04sw_xOZdrHr9hhQ8P4f-t_aVWOYTBB-ffnkozB6dn3CU_zgtUTDvZorbCVMePwjN4ws7ZFrgu8BAZofIjxjVdE17vYXE4HIhJ6zH_CNCv3XW946Gw.lC941-dOjcn_yWFS6jfB1V2dUzhcDiymseDokA1C0II&dib_tag=se&keywords=women+slides&qid=1787451804&sr=8-2,https://m.media-amazon.com/images/I/61CCABduhML._AC_UL320_.jpg,67,排名靠前；价格处于人民币等值¥57.60-¥180.00黄金区间；评分达到4.3以上。
2026-08-23,amazon_us,product,search,women slides,6,adidas,¥114.98,4.4,adidas,,,,,,https://www.amazon.com/adidas-Unisex-Adilette-Slide-Sandal/dp/B0BHXQXLFT/ref=sr_1_5?dib=eyJ2IjoiMSJ9.wrqHnvIFpzxZDCy1gVq3f4ElwLELpfbzk0bZTxBh-O-UsnXSPoGdIOvDvl5EdsiLL4Ve6X20WUGTARP_hk7cBa78zToD1P2JVV0s08rWfwaWhzqHuC80ctLdieEuBXeabwES5nFentJJRYwlw9KDLj0nIwlbVH9GoyWeGxGfRel6GBV03VxJ2xprn04sw_xOZdrHr9hhQ8P4f-t_aVWOYTBB-ffnkozB6dn3CU_zgtUTDvZorbCVMePwjN4ws7ZFrgu8BAZofIjxjVdE17vYXE4HIhJ6zH_CNCv3XW946Gw.lC941-dOjcn_yWFS6jfB1V2dUzhcDiymseDokA1C0II&dib_tag=se&keywords=women+slides&qid=1787451804&sr=8-5,https://m.media-amazon.com/images/I/51MKnxJBP5L._AC_UL320_.jpg,67,排名靠前；价格处于人民币等值¥57.60-¥180.00黄金区间；评分达到4.3以上。
2026-08-23,amazon_us,product,search,platform sandals women,4,Project Cloud,¥272.88,4.2,Project Cloud,,,,,,https://www.amazon.com/Project-Cloud-Platform-Sandals-Footwear/dp/B0DR3K9KR4/ref=sr_1_1?dib=eyJ2IjoiMSJ9.yFXG2t-AiJXnmdXXBYxFIjp2brixvqB3XFmuTR1SeW5apThS5ri6cx_nwIk5FefF0oIpw0aCrUXKmMOoKqVjBGuSiK1pw5k0MGbMhkcMnh_vhRmKQmSaYQ9dHZfttsgSTt5Hz8asbiBG-gFpEz6yRr74-1RrjNSnaBe7FNoPJLPZwnBoDD9NV8R6lmf94gsZVpgFhA47PTmYiavasCjAEClGEhoM-oaxs8bDQJJz_L2XQ6FiS4CzcTgHUXUJWUALO-VkX4uTHCExgCHUZITxliwIHtGeKblFBGDP6KgBxvk.HAv9B6CtL5PlNChCSzgGJxYp5HLRRUkS2C1x-1ez_eg&dib_tag=se&keywords=platform+sandals+women&qid=1787451804&sr=8-1,https://m.media-amazon.com/images/I/71lJvDGljyL._AC_UL320_.jpg,67,排名靠前；价格处于人民币等值¥180.00-¥288.00区间；标题包含 cloud，符合美国女鞋舒适化趋势；评分达到4.0以上。
2026-08-23,amazon_us,product,search,platform sandals women,7,Soda,¥172.80,4.5,Products highlighted as 'Overall Pick' are:,,,,,,https://www.amazon.com/Soda-Buckle-Espadrilles-Flatform-Casual/dp/B0C5S26DHB/ref=sr_1_4?dib=eyJ2IjoiMSJ9.yFXG2t-AiJXnmdXXBYxFIjp2brixvqB3XFmuTR1SeW5apThS5ri6cx_nwIk5FefF0oIpw0aCrUXKmMOoKqVjBGuSiK1pw5k0MGbMhkcMnh_vhRmKQmSaYQ9dHZfttsgSTt5Hz8asbiBG-gFpEz6yRr74-1RrjNSnaBe7FNoPJLPZwnBoDD9NV8R6lmf94gsZVpgFhA47PTmYiavasCjAEClGEhoM-oaxs8bDQJJz_L2XQ6FiS4CzcTgHUXUJWUALO-VkX4uTHCExgCHUZITxliwIHtGeKblFBGDP6KgBxvk.HAv9B6CtL5PlNChCSzgGJxYp5HLRRUkS2C1x-1ez_eg&dib_tag=se&keywords=platform+sandals+women&qid=1787451804&sr=8-4,https://m.media-amazon.com/images/I/71q-Jp+UEkL._AC_UL320_.jpg,67,排名靠前；价格处于人民币等值¥57.60-¥180.00黄金区间；评分达到4.3以上。
2026-08-23,amazon_us,product,best_sellers,Best Sellers Women Sandals,14,Project Cloud 100% Genuine Leather Womens Sandals Slides for Women (Venita) | Cork Footbed Sandals for Women with Memory Foam and Arch Support Vacation Essentials Slides Women Footwear Flat Sandals,,4.3,$29.90,,,,,,https://www.amazon.com/Project-Cloud-Comfortable-Essentials-Vacation/dp/B0CNY8BFWN/ref=zg_bs_g_679425011_d_sccl_14/130-1550505-5708031?psc=1,"https://images-na.ssl-images-amazon.com/images/I/71Zk8CZeYSL._AC_UL600_SR600,400_.jpg",66,排名进入前30；标题包含 cloud、arch support，符合美国女鞋舒适化趋势；cloud + slides组合趋势加分；评分达到4.3以上。
2026-08-23,amazon_us,product,search,women summer slippers,17,ULTRAIDEAS Women's Indoor Outdoor Slipper Memory Foam | Warm fleece lining for home comfort; durable non-slip sole; machine washable; multi-layer cushion support ULTRAIDEAS Women's Indoor Outdoor Slipper Memory Foam | Warm fleece lining for home comfort; durable non…,¥107.93,4.6,4.6,,,,,,https://sponsored-ads.amazon.com/clk/?_encoding=UTF8&p=eAFVUMtu00AUVaiAypSHsmilsAsii0jjzEzsOA6KkF9t3UR2EielymY08YwdK47t2Ia0LPIVSGwQe2CF-gH8BN_AdyCRIsRZHek87tUR_MNPt19-Pqg-1qaXI3NgD66gaU3qFdQ8DngSXRNopujmQqJhvLwxlOS0dzx3R_Nu5637Robt5MJG0LoSx-HkEYYiUpCIsQjn9zx9cahZ03NrYnvVE-Eh48WqTLPq0cyZWIZ75thzy6zdVoQXdwopOM39Jcl47qcxLTmJkjhKOFmUQVWga_o-TUQ_XdeeFwvgx7QoIh_sM2DvBBmq3-cJmXlNuViAcsnXnAE_jWPul1GagHcY3B0DPs1ZATIaJSXPgZ8mJU9K_FKfaI5JDHc4tIyp7ToesZ2h7VhkaF9axLS8wdQd1TtCBT77-v3zr28_zNqTv5X7J-pPMYRQwaiDIMJtBeGDmWf2DoyR0RxUX5m6ZmSnNlC0nb7ZI9R2-jibS5qr_Y-dHu708U7X_pCwdmSE1vWZZoXhxuf4Y0X4UFmWZVb0Wq3tdiv-m6gVZi26bbGWDhVj4Emqcf46YyRnJIuXLO-XjWVBiZ-TiPVhYxOxPlK6iiSjLpQaRd5HQAYyleUODlQQsIABCUEE1EBlgCkdSlVV7Upt3Ij6NCsaNOdB317NuIqT1Sz9DT3Puus&v=c1&r=https%3A%2F%2Fwww.amazon.com%2Fgp%2Faw%2Fd%2FB07CKS49CH%3Fpd_rd_plhdr%3Dt%26hsa_cr_id%3D0%26qid%3D1787451804%26sr%3D1-5-5a5562f9-fdfd-4101-9f9d-d76aa9998432%26i%3Daps%26aref%3DIkUe92nkUo&ref_=sbx__sbtcd2_asin_4_bkgd&pd_rd_w=Dr6jD&content-id=amzn1.sym.90f77631-9599-4fe0-95f8-a40adfe1c762%3Aamzn1.sym.90f77631-9599-4fe0-95f8-a40adfe1c762&pf_rd_p=90f77631-9599-4fe0-95f8-a40adfe1c762&pf_rd_r=2DNR1HBZMWYM6Y2WEY32&pd_rd_wg=vik0W&pd_rd_r=692c6122-eaf7-49f4-8da1-fc9c92d53261,"https://m.media-amazon.com/images/I/81Aw74tSZ4L._AC_SR322,134_CB1169409_QL70_.jpg",66,排名进入前30；价格处于人民币等值¥57.60-¥180.00黄金区间；标题包含 comfort，符合美国女鞋舒适化趋势；评分达到4.6以上。
2026-08-23,amazon_us,product,search,platform sandals women,13,"CUSHIONAIRE Bera Platform Thong Womens Sandals, Stylish Wedge Flip Flops for Women with Contoured Comfort Footbed CUSHIONAIRE Bera Platform Thong Womens Sandals, Stylish Wedge Flip Flops for Women with Contoured Comfort Footbed",¥359.93,3.8,3.8,,,,,,https://sponsored-ads.amazon.com/clk/?_encoding=UTF8&p=eAFVUMuO0lAYDk7USR0vYTEmuMPIguRATy0txRDTm9gBCxRmxmFzcjjn9OKU9tAWiy54BTcmbty60O3sjQ_hQ_gYJjLG-K2-5Lv8fz6BHH6--vrzVvWuPj-bWENn-Fq0bK9egc1jnyXRFq3Dkp94ozSc6It34eZN77iUN9uJOpZam9JxPN1jG6x1pt4dSWxBFbYkqSUubsyM5aFuz1_anjOrPhRuU5ZfFimvHp26nm2OB66zsK3aVUV4fK2gnOGMhIizjKQxLhiKkjhKGFoWflXAK_w-TVokXdUe5UtAYpznEQH7DNg7AYf1myxBp7NmJ1-CImQrRgFJ45iRIkoT8FYC18cAwRnNAcdRUrAMkDQpWFJITwxPdy1kjkcj25w7Y3eGHHfkuDYaOWc2suzZcD6e1BWhIj749uvDjy_frdq9v5X7J-r3JVEUFUWVNaWrQRVKB6czq3dgTszmsPrMMnSTv3CAqu-M9R6BvjOmfCHrF_r_2BnBzpjuDP0PCWpHZmBvB7odBGvCpE8V4WMlLAqe99rtsixb_yZqB7yNyzZtG-LAM42FKp885xRlFPE4pFm_aIQ5RiRDEe2LjXVE-1DtqnIHdkW5kWd9CCDo4E5HkXwN-NSnQIYiBJqvUUBVBWNN07ryU6kR9THPGzhjfv_81SU3fHixMn8D_7S8ww&v=c1&r=https%3A%2F%2Fwww.amazon.com%2Fgp%2Faw%2Fd%2FB0GRCBZ74J%3Fpd_rd_plhdr%3Dt%26hsa_cr_id%3D0%26qid%3D1787451804%26sr%3D1-1-5a5562f9-fdfd-4101-9f9d-d76aa9998432%26i%3Daps%26aref%3DWMkpBf1YmC&ref_=sbx__sbtcd2_asin_0_bkgd&pd_rd_w=JVbYu&content-id=amzn1.sym.90f77631-9599-4fe0-95f8-a40adfe1c762%3Aamzn1.sym.90f77631-9599-4fe0-95f8-a40adfe1c762&pf_rd_p=90f77631-9599-4fe0-95f8-a40adfe1c762&pf_rd_r=XF4KMK89TXA11WNYSVAR&pd_rd_wg=CPgIH&pd_rd_r=2f0c28ba-8169-4e2c-b008-dd29ce78161c,"https://m.media-amazon.com/images/I/71XqmWoMzeL._AC_SR322,134_CB1169409_QL70_.jpg",65,排名进入前30；价格高于人民币等值¥288.00；标题包含 platform、comfort、wedge，符合美国女鞋舒适化趋势；platform + comfort组合趋势加分。
2026-08-23,amazon_us,product,search,platform sandals women,18,"Women's Platform Sandals, Cork Footbed Slides with Double Buckles",¥183.53,4.4,100+ bought in past month,,,,,,https://www.amazon.com/BiuYorBTY-Platform-Sandals-Footbed-Comfort/dp/B0DZ1P3782/ref=sr_1_12?dib=eyJ2IjoiMSJ9.yFXG2t-AiJXnmdXXBYxFIjp2brixvqB3XFmuTR1SeW5apThS5ri6cx_nwIk5FefF0oIpw0aCrUXKmMOoKqVjBGuSiK1pw5k0MGbMhkcMnh_vhRmKQmSaYQ9dHZfttsgSTt5Hz8asbiBG-gFpEz6yRr74-1RrjNSnaBe7FNoPJLPZwnBoDD9NV8R6lmf94gsZVpgFhA47PTmYiavasCjAEClGEhoM-oaxs8bDQJJz_L2XQ6FiS4CzcTgHUXUJWUALO-VkX4uTHCExgCHUZITxliwIHtGeKblFBGDP6KgBxvk.HAv9B6CtL5PlNChCSzgGJxYp5HLRRUkS2C1x-1ez_eg&dib_tag=se&keywords=platform+sandals+women&qid=1787451804&sr=8-12,https://m.media-amazon.com/images/I/716g0SFJuTL._AC_UL320_.jpg,65,排名进入前30；评论数达到50以上；价格处于人民币等值¥180.00-¥288.00区间；标题包含 platform，符合美国女鞋舒适化趋势；评分达到4.3以上。
2026-08-23,amazon_us,product,best_sellers,Best Sellers Women Sandals,1,mazeskin Womens Memory Foam Flip Flops Flat Thong Sandals | Soft Vegan Leather Comfortable Cushioned Casual Dressy Beach Summer Minimalist Slim Slide Shoes Indoor Outdoor,,4.1,$9.48,,,,,,https://www.amazon.com/mazeskin-Womens-Comfortable-Sandals-Leather/dp/B0F32KMZ18/ref=zg_bs_g_679425011_d_sccl_1/130-1550505-5708031?psc=1,"https://images-na.ssl-images-amazon.com/images/I/71jV8GHPNSL._AC_UL600_SR600,400_.jpg",64,排名靠前；标题包含 comfort、soft、beach、summer，符合美国女鞋舒适化趋势；评分达到4.0以上。
2026-08-23,amazon_us,product,best_sellers,Best Sellers Women Sandals,4,CUSHIONAIRE Lane Cork Footbed Womens Sandals Comfortable Double Buckle Slip On Sandals for Women with Arch Support and Classic Two Strap Design,,4.5,$34.99,,,,,,https://www.amazon.com/CUSHIONAIRE-Womens-Slide-Sandals-Brown/dp/B075PBVR9N/ref=zg_bs_g_679425011_d_sccl_4/130-1550505-5708031?psc=1,"https://images-na.ssl-images-amazon.com/images/I/81suZ76XHpL._AC_UL600_SR600,400_.jpg",64,排名靠前；标题包含 comfort、arch support，符合美国女鞋舒适化趋势；评分达到4.3以上。
2026-08-23,amazon_us,product,best_sellers,Best Sellers Women Sandals,6,"shevalues Slim Basic Flip Flops for Women with Comfortable Yoga Mat | Lightweight Non Slip Rubber Sandals for Beach, Shower, Pool & Summer Casual Wear",,4.4,$9.99,,,,,,https://www.amazon.com/shevalues-Shower-Rubber-Sandals-Comfortable/dp/B0B68G2D52/ref=zg_bs_g_679425011_d_sccl_6/130-1550505-5708031?psc=1,"https://images-na.ssl-images-amazon.com/images/I/61b4HXgBWfL._AC_UL600_SR600,400_.jpg",64,排名靠前；标题包含 comfort、beach、summer，符合美国女鞋舒适化趋势；评分达到4.3以上。
2026-08-23,amazon_us,product,search,women summer slippers,1,"DL Women's Memory Foam Open Toe Slide Slippers with Cute Bow and Cozy Terry Lining, Slip-on House Shoes Spa Mules Sandals with Indoor Outdoor Rubber Sole DL Women's Memory Foam Open Toe Slide Slippers with…",¥119.16,4.1,,,,,,,https://aax-us-east-retail-direct.amazon.com/x/c/JD1lTz-OvLWmfjutHpbNJQkAAAGgLG4KNgEAAAH2AQBvbm9fdHhuX2JpZDMgICBvbm9fdHhuX2ltcDEgICBscsQi/clv1c_ek-wxAfWFbbaTPHXD5ssKkylGrxYq3AW3SI-p68Mwys1zIY09adhMplPr0ulYBbzSywJBtlMH0BIBeKqzyMLlX05q3KNl_BTnI0kCCub22MGmxfrStBkhFXDQ2MkxnI94SzzTEf6O88o6EMV_aKFqkIho_4dmn26EsXy-yCz3qo_aeoZA-bZSikJhngvN17ZQe1hUfG5ZBYLVeD2rSTWpupbLTqmqE45GsBg-T85IcvdZkBrUJad1xQNHYZCmQ2UPOLQYq1ptw94sO-guZDJCZuwOz5m3Qv2wV8m65fzdB_13lN9LDJj-HEsXlPJUgsVg62n8uyoNFeGq_lwFGIWk3QXoJXLxE4AY3EINnv63OB5zDGSSGWlkIfkpcNimQCUYnOmlPMTcqDBdGbEq7X8SmleeF1kTi7ViVwqosYMwrLz-MBjr9MqrXOZrCf9dxFFIgmYmKnLexqCvpCYd7MNj8WxIj8Fnx12xkts7dWj6BjKyEWA0MFTFefFU8BXnqx_SvUhnAtplpYJEYRwCEwz8AIHdNu1338r-2C_nzT7Y3UUKx1c44p6ePQjudjr214iyMPU1oaM9GON2RzxonE2nOTOld6RqmlMjwj008D0jiBp4JmYgg_DutioIar_J980V47QFDWMASk6N0LE_3qW5esqMki5fk-WmBfL8pdDm9Wvg7yi9Nrn2seyK8kkWG1X318r2g5y7WEaq3RPS_5VAbj-01ak5JxMhLwBaEPZ3FTXlbHGwE72tItfgLtbAKHrsg-PARyVdoQ85eiHWKXPOCja6_iFQ20t6GrYwVFT32rHpOxwCgCX4BnhPz2EuWh-FCS-qyC7JyrDxquzdsSHZKSOaEpxINqpQWaDOrFB0ECfPd9jaoebnXxAyUrMYVaNRMI-5kAy1Ec8NuDFLDp_OfU3-sfHwPA4HyVVWSc05SciIcGDGVy6SDxZd9pU_wWdAf8M4nAM6Pi8sRlqA8aHsZPPqyOv-NbM8jL-q4dK3pbDScpYhssBCdikdVtoWRjqdP3iZD6ymKUgcCbmrKYAFN1uk36WSSfQYGc9hm5twheTS252ny5s02-eCOZhN4z-K5u1n8ZF0G8F2NDT1nISGoPhYHlMUrYYAVE48RZ_ecxFrfNhDijuOaBNuiM5dvo83uUE8UmfDgOos5xazz0SCTRKeM1RPNbbChPE4ysRgG1W0_dHgGJeML-HSjE3yb2-4kHOLZPbBqScT0bIb1qfz1IJSZXijbfvejtAXXyEgXmWfiK5CJlnyQwm8vg6VDmhocIz8w4eXyTlGQQRjYeEgEI7nbyp-I2xpitrzC7B5HGlp5eN3JgpAIJwf4Ol1N0G7GZWhwz3msF1ed0qMAPBJ6l9Y-B4MAXwoqp_hbq-PhEZneuSIHPZWslBU0FcjYhvkp32vUN3PlaSPrfdsm1D5UHh3qbBbY3Mb3kXrfdRO1S_tD2ESpnlD_M86NqJbjzT15pGx7OauDBovvzkffTXDmAAKpb9NLQdiMRMBkhBVUbfQCuf6mUnZQpPpSGBH0s_Me_ef8CDRoDXxFv60uXy8LnbaMsFHJYVZYpRfxGeCwJOM3Pzwknnkdj1Yyk3dTl2yId99PUi-R-IpLJXXlBwjvCrbmp59nJ4oVr65UzeGOkN6IAMvi2IitCyJnajwwXq1H7WBv9VGPKBPr5SrGLi5541ncHMB8_dMBhiaHyp/https://www.amazon.com/gp/aw/d/B0855LKHQZ/?_encoding=UTF8&pd_rd_plhdr=t&aaxitk=a33e1d2e8dd8a0b65301d0aebffe80fa&hsa_cr_id=0&qid=1787451803&sr=1-1-9e67e56a-6f64-441f-a281-df67fc737124&i=aps&aref=y8ZmELtRV2&ref_=sbx_s_sparkle_sbtcd_asin_0_bkgd&pd_rd_w=sYY9E&content-id=amzn1.sym.8de9b3d5-f5c5-40e9-9b39-d65f08d6ea68%3Aamzn1.sym.8de9b3d5-f5c5-40e9-9b39-d65f08d6ea68&pf_rd_p=8de9b3d5-f5c5-40e9-9b39-d65f08d6ea68&pf_rd_r=2DNR1HBZMWYM6Y2WEY32&pd_rd_wg=wsThG&pd_rd_r=f72cd4bc-47ea-46e5-b556-b14383bea108,"https://m.media-amazon.com/images/I/71WeFzKbsqL._AC_SR160,134_CB1169409_QL70_.jpg",64,排名靠前；价格处于人民币等值¥57.60-¥180.00黄金区间；评分达到4.0以上。
2026-08-23,amazon_us,product,search,women summer slippers,6,WHITIN,¥71.93,4.1,WHITIN,,,,,,https://www.amazon.com/WHITIN-Slippers-Cushioned-Fashionable-Lightweight/dp/B0C1C17KH8/ref=sr_1_3?dib=eyJ2IjoiMSJ9.F9OEn6HQacWisoPoD_JQQdRo22Dt7WlNtuucVfc8UyOpYRsOI37_T76phpqs2tQAbgtjCTtOVzUkE31Af3d_V2Ui7UnVc3ls_f8ShFpSOmOPjxhLgau3h9MJwQ1t6iOv9tmcr8XDZ5IKN9pAKgYkCpwfDuBBKl3IqYz0FHCRZKH2FgGoCi9958ByTCoR2yAJV29ibluUVMJFbejWXbRk6nt5EhneyVIWAiI52sSPOKU1m4ucf1jYTZMUABC45Ch4sxg9tJjlXyTeXwfab0ddtg7aR8M4cuyd1CkCpnwXhKo.Deo1ayuWE11DnuilM4-TbqKxDEzwNInkwiYJv-Cs2yw&dib_tag=se&keywords=women+summer+slippers&qid=1787451803&sr=8-3,https://m.media-amazon.com/images/I/71nA8egRirL._AC_UL320_.jpg,64,排名靠前；价格处于人民币等值¥57.60-¥180.00黄金区间；评分达到4.0以上。
2026-08-23,amazon_us,product,search,women summer slippers,7,shevalues,¥143.93,4.2,shevalues,,,,,,https://www.amazon.com/shevalues-Summer-Slippers-Support-Breathable/dp/B0BK8PN8CL/ref=sr_1_4?dib=eyJ2IjoiMSJ9.F9OEn6HQacWisoPoD_JQQdRo22Dt7WlNtuucVfc8UyOpYRsOI37_T76phpqs2tQAbgtjCTtOVzUkE31Af3d_V2Ui7UnVc3ls_f8ShFpSOmOPjxhLgau3h9MJwQ1t6iOv9tmcr8XDZ5IKN9pAKgYkCpwfDuBBKl3IqYz0FHCRZKH2FgGoCi9958ByTCoR2yAJV29ibluUVMJFbejWXbRk6nt5EhneyVIWAiI52sSPOKU1m4ucf1jYTZMUABC45Ch4sxg9tJjlXyTeXwfab0ddtg7aR8M4cuyd1CkCpnwXhKo.Deo1ayuWE11DnuilM4-TbqKxDEzwNInkwiYJv-Cs2yw&dib_tag=se&keywords=women+summer+slippers&qid=1787451803&sr=8-4,https://m.media-amazon.com/images/I/71wQ2tOj0+L._AC_UL320_.jpg,64,排名靠前；价格处于人民币等值¥57.60-¥180.00黄金区间；评分达到4.0以上。
2026-08-23,amazon_us,product,search,women slides,8,Comwarm,¥71.93,4.2,Comwarm,,,,,,https://www.amazon.com/Sandals-Lightweight-Bathroom-Non-Slip-Slippers/dp/B099DTRKSL/ref=sr_1_7?dib=eyJ2IjoiMSJ9.wrqHnvIFpzxZDCy1gVq3f4ElwLELpfbzk0bZTxBh-O-UsnXSPoGdIOvDvl5EdsiLL4Ve6X20WUGTARP_hk7cBa78zToD1P2JVV0s08rWfwaWhzqHuC80ctLdieEuBXeabwES5nFentJJRYwlw9KDLj0nIwlbVH9GoyWeGxGfRel6GBV03VxJ2xprn04sw_xOZdrHr9hhQ8P4f-t_aVWOYTBB-ffnkozB6dn3CU_zgtUTDvZorbCVMePwjN4ws7ZFrgu8BAZofIjxjVdE17vYXE4HIhJ6zH_CNCv3XW946Gw.lC941-dOjcn_yWFS6jfB1V2dUzhcDiymseDokA1C0II&dib_tag=se&keywords=women+slides&qid=1787451804&sr=8-7,https://m.media-amazon.com/images/I/71outwcHwWL._AC_UL320_.jpg,64,排名靠前；价格处于人民币等值¥57.60-¥180.00黄金区间；评分达到4.0以上。
2026-08-23,amazon_us,product,search,women summer slippers,16,"ULTRAIDEAS Women's Open Toe Indoor Outdoor Slippers | Memory Foam,Cute Bow Design,Gift for Women,Anti-skid Rubber Sole,lightweight,washable,comfortably Breathable ULTRAIDEAS Women's Open Toe Indoor Outdoor Slippers | Memory Foam,Cute Bow Design,Gift for Women,Anti…",¥102.38,4.5,4.5,,,,,,https://sponsored-ads.amazon.com/clk/?_encoding=UTF8&p=eAFVUMtu00AUVaiAKpSHsihS2AWRRaRxZqZ2HAdZyK-mbiI7z7bKZjTxjB-KYzu2IS2LfAUSG8QeWKF-AD_BN_AdSKQIcVZHOo97dare4afbLz8f1B5rs4uRObAHV9C0Jo0Kah37PImuCTRTdHMu0iAObww5Oe0dL9zRott5615K8CQ5txG0roRxMHmEoYBkJGAswMW9qb481KzZmTWxp7Xn1YeMF6syzWpHc2diGW7fsReWWb-tVF_eKaTgNPdCkvHcS2NachIlcZRwsiz9WpWu6fs0Ebx0XX9RLIEX06KIPLDPgL0TZKhxnydkPm1JxRKUIV9zBrw0jrlXRmkC3mFwdwx4NGcFyGiUlDwHXpqUPCnxK32iOSYx3OHQMma260yJ7QxtxyJD-8IipjUdzNxRo1OtwGdfv3_-9e2HWX_yt3L_ROMphhDKGHUQRPhERvhgPjV7B8bIaA1qr01dM7JTG8jaTt_sEWg7fZwtRM3V_sdOD3b6eKdrf0hQPzIC67qvWUGw8Tj-WKl-qIRlmRW9dnu73Qr_JmoHWZtu26ytQ-XyrN9Vuv03GSM5I1kcslwtm2FBiZeTiKmwuYmYiuSuLEqoC8VmkasIiECiktTBvgJ85jMgIoiA4isMMLlDqaIoXfEENyOVZkWT5txX7dWcKzhZzdPfPW-66Q&v=c1&r=https%3A%2F%2Fwww.amazon.com%2Fgp%2Faw%2Fd%2FB09WHG898G%3Fpd_rd_plhdr%3Dt%26hsa_cr_id%3D0%26qid%3D1787451804%26sr%3D1-4-5a5562f9-fdfd-4101-9f9d-d76aa9998432%26i%3Daps%26aref%3DIkUe92nkUo&ref_=sbx__sbtcd2_asin_3_bkgd&pd_rd_w=Dr6jD&content-id=amzn1.sym.90f77631-9599-4fe0-95f8-a40adfe1c762%3Aamzn1.sym.90f77631-9599-4fe0-95f8-a40adfe1c762&pf_rd_p=90f77631-9599-4fe0-95f8-a40adfe1c762&pf_rd_r=2DNR1HBZMWYM6Y2WEY32&pd_rd_wg=vik0W&pd_rd_r=692c6122-eaf7-49f4-8da1-fc9c92d53261,"https://m.media-amazon.com/images/I/81+fkuGqeOL._AC_SR322,134_CB1169409_QL70_.jpg",63,排名进入前30；价格处于人民币等值¥57.60-¥180.00黄金区间；标题包含 comfort，符合美国女鞋舒适化趋势；评分达到4.3以上。
2026-08-23,amazon_us,product,search,platform sandals women,3,Sorel Women's Sunpeak Platform Sandal Sorel Women's Sunpeak Platform Sandal,¥936.00,4.4,,,,,,,https://aax-us-east-retail-direct.amazon.com/x/c/JNd3XIaXBPFLet5QzM8vYnEAAAGgLG4MbAEAAAH2AQBvbm9fdHhuX2JpZDcgICBvbm9fdHhuX2ltcDEgICCOdf0B/clv1c_ek-wBXXWLbTenuvbk4rMvs2FBA-nstkPuuPYAM3Avl-71XgYzSR5DxbsltwUbZDDyE113W_BO4Ag7Iz0e4_Ng6HkXw6pRP8qoarAJlfn2s4XD9Er6MR0XVgw0vh1rUg9zBkx-7ThrP7E_vGe0W4j8iWJOP2dkkGKEsY9jrai145TeSqeG2NNdAd-vQVbNOoGAVp65IAhNktAZUV-eszGwoItMfQ1dKZevrKPbWmDB1UfNberNmM_DyyT6Aa51kCBgt77JwqgBYgXKuCvLqwQ4A6HSimXK6GO_mIKE8at2lhLLZ3BAFQOjxHeVliFtDwHBbDD0DPPn_OktTpl2rXHWAsY9q6FzcdAqizCe4ItLeHEyo61rOygHf7VWIb0oRek4GuzxK82h8vPBcc1rK4u6CNj3M67o9qqKY5vg-PTvlIp8-PhRtl_NY_4i4VVuoaFyc7rj8bATbdAmJw58BHpwcMiV5A7xUXOpv202pNyrW82rd2UJyJKeaAZ_XZVBRVlVu2cISf5WmWF8NpOjhfJFvAuasnjoLodeTJ5w8Ve38DmcPGZPg2rn68wIrFqW377K0giPwfxATaXVlERVjtDCRFIFW44H_Yz5zgGnfg3z6i0vFtA_VO3DhIo8qKbQdCsisuwoN4AphWUxrP_DhDG5xZku8VsZzKGcAe14Oh7WrLG1CTNSTgKbobW_OgPAF6ynjjaxzN9eMeDcNppDkBySy2Ss_Yl6E4asryLx1hzehBLpp9zEVwgu095vHcYkkSM6GGZSa6LJpMNdcBsyRdtiwWHqd3Bf-5ZphI7jbgMkNsmUabCoVodfugMi7_iagjj8SNC-K7saJuFJndxS7w-YplEnx6tGy4RcBfd-V-c6-GZeGDlDWg3ViqsPL_yfN_ECrN0ObT7FHPzOOAuGB8tMQsDTgP1hk5E22RZREhsUOatxIAhRY6Uikf3H2M6q3zoZvffW22C90raqLx5uojb6ugs04rpCxFLryKUdFE9SQO0VjjWwtfhD-M4nw-9_KhKZx9S_JJQRAcBX3PCCg-VDMK88vjbIPt8Mal82U6AnbvoWX5T8zOFlnaYHR8XMHmmAc_aqVpx4ZSbqLJ6OYZS6PjznH6u37RS_khlTmGcQX4uxvV5_ujTIkyjhDsb3LQ5J5qKy-PrWbO3sPdRO_m1ILVhBB51ijgFJxrzXgac_2bU3AXDuPKZGPTEKYUTUV90hk33UumqNleHPlCaSfkhDqpAolWXAPmgOkXuGolqTf1gfLlGFlsGP4aMFDryvzUQg56VGJmueFngvFkojexL1SI0RgYv4JFvqdhFCospt2Qt-GDqXdNVTFflRysFudENXtPZ5aNn80T-JLcNHXbJU5eLmdWGU2U5Q08nf0_gUEDgSaQfZwJho7sNwnSkjGZkI1nV0CWvOg0MZ9A6zAD4K9XMsE7NtxQUZoSTIEP6RMWRGLxmo1rvwU6nyNx8Eq4lXWlQsPBy_Pu-4-TYYdYurlgI2iYeMGdah_XjYj7xqkRG7h8A3TX15dH2WQiGGNQ4rMUZKO6VsBo2Wx4FmFE9tJqBngXwOD3tDhnVqS93tfSSqLzSjGzRNxXTz2uIePMz6Epg7APzJF2eHf9Jz8BLjP2aNW-d8zxbzcYY4scfKsoGLTe6cC_itRPVuFhZ0J4jw5sYUpbeWcreDEQbTo4f912gf5nuJnRTT5dzkg/https://www.amazon.com/gp/aw/d/B0F8DF6JD8/?_encoding=UTF8&pd_rd_plhdr=t&aaxitk=b8fdff5d0a92fb43ad129171fd02a1a5&hsa_cr_id=0&qid=1787451804&sr=1-3-9e67e56a-6f64-441f-a281-df67fc737124&i=aps&aref=rDDkVfxPg8&ref_=sbx_s_sparkle_sbtcd_asin_2_bkgd&pd_rd_w=fqAsf&content-id=amzn1.sym.8de9b3d5-f5c5-40e9-9b39-d65f08d6ea68%3Aamzn1.sym.8de9b3d5-f5c5-40e9-9b39-d65f08d6ea68&pf_rd_p=8de9b3d5-f5c5-40e9-9b39-d65f08d6ea68&pf_rd_r=XF4KMK89TXA11WNYSVAR&pd_rd_wg=WalIQ&pd_rd_r=1e96b85c-a832-4461-82d5-ccf652cb6e2f,"https://m.media-amazon.com/images/I/61jQ5aKvWfL._AC_SR160,134_CB1169409_QL70_.jpg",63,排名靠前；价格高于人民币等值¥288.00；标题包含 platform，符合美国女鞋舒适化趋势；评分达到4.3以上。
2026-08-23,amazon_us,product,best_sellers,Best Sellers Women Sandals,40,COFACE Womens Orthopedic Flip Flops Arch Support Yoga Walking Thong Sandals | Fashion Orthotic Ladies Slip On Lightweight Athletic Mat Recovery Cushion With Comfortable Plantar Fasciitis,,4.3,$24.69,,,,,,https://www.amazon.com/COFACE-Orthotic-Athletic-FlipFlops-Fasciitis/dp/B09ZKZW1LR/ref=zg_bs_g_679425011_d_sccl_40/147-1476138-7828040?psc=1,"https://images-na.ssl-images-amazon.com/images/I/71wrTj6AkpL._AC_UL300_SR300,200_.jpg",62,排名进入前50；标题包含 recovery、orthopedic、comfort、arch support，符合美国女鞋舒适化趋势；orthopedic + arch support组合趋势加分；评分达到4.3以上。
2026-08-23,amazon_us,product,search,women slides,7,CUSHIONAIRE,¥194.33,4.4,CUSHIONAIRE,,,,,,https://www.amazon.com/CUSHIONAIRE-Womens-Feather-recovery-Comfort/dp/B0BTQ7ZS7B/ref=sr_1_6?dib=eyJ2IjoiMSJ9.wrqHnvIFpzxZDCy1gVq3f4ElwLELpfbzk0bZTxBh-O-UsnXSPoGdIOvDvl5EdsiLL4Ve6X20WUGTARP_hk7cBa78zToD1P2JVV0s08rWfwaWhzqHuC80ctLdieEuBXeabwES5nFentJJRYwlw9KDLj0nIwlbVH9GoyWeGxGfRel6GBV03VxJ2xprn04sw_xOZdrHr9hhQ8P4f-t_aVWOYTBB-ffnkozB6dn3CU_zgtUTDvZorbCVMePwjN4ws7ZFrgu8BAZofIjxjVdE17vYXE4HIhJ6zH_CNCv3XW946Gw.lC941-dOjcn_yWFS6jfB1V2dUzhcDiymseDokA1C0II&dib_tag=se&keywords=women+slides&qid=1787451804&sr=8-6,https://m.media-amazon.com/images/I/81PBXKFp76L._AC_UL320_.jpg,62,排名靠前；价格处于人民币等值¥180.00-¥288.00区间；评分达到4.3以上。
2026-08-23,amazon_us,product,search,women slides,9,Nike,¥266.40,4.5,Nike,,,,,,https://www.amazon.com/Nike-Womens-Gymnastics-White-Black/dp/B08Q8RRJ5H/ref=sr_1_8?dib=eyJ2IjoiMSJ9.wrqHnvIFpzxZDCy1gVq3f4ElwLELpfbzk0bZTxBh-O-UsnXSPoGdIOvDvl5EdsiLL4Ve6X20WUGTARP_hk7cBa78zToD1P2JVV0s08rWfwaWhzqHuC80ctLdieEuBXeabwES5nFentJJRYwlw9KDLj0nIwlbVH9GoyWeGxGfRel6GBV03VxJ2xprn04sw_xOZdrHr9hhQ8P4f-t_aVWOYTBB-ffnkozB6dn3CU_zgtUTDvZorbCVMePwjN4ws7ZFrgu8BAZofIjxjVdE17vYXE4HIhJ6zH_CNCv3XW946Gw.lC941-dOjcn_yWFS6jfB1V2dUzhcDiymseDokA1C0II&dib_tag=se&keywords=women+slides&qid=1787451804&sr=8-8,https://m.media-amazon.com/images/I/51npEYHZuAL._AC_UL320_.jpg,62,排名靠前；价格处于人民币等值¥180.00-¥288.00区间；评分达到4.3以上。
2026-08-23,amazon_us,product,search,women slides,10,adidas,¥252.00,4.3,adidas,,,,,,https://www.amazon.com/adidas-Unisex-Adilette-Sportswear-Sandal/dp/B0D28BLH78/ref=sr_1_9?dib=eyJ2IjoiMSJ9.wrqHnvIFpzxZDCy1gVq3f4ElwLELpfbzk0bZTxBh-O-UsnXSPoGdIOvDvl5EdsiLL4Ve6X20WUGTARP_hk7cBa78zToD1P2JVV0s08rWfwaWhzqHuC80ctLdieEuBXeabwES5nFentJJRYwlw9KDLj0nIwlbVH9GoyWeGxGfRel6GBV03VxJ2xprn04sw_xOZdrHr9hhQ8P4f-t_aVWOYTBB-ffnkozB6dn3CU_zgtUTDvZorbCVMePwjN4ws7ZFrgu8BAZofIjxjVdE17vYXE4HIhJ6zH_CNCv3XW946Gw.lC941-dOjcn_yWFS6jfB1V2dUzhcDiymseDokA1C0II&dib_tag=se&keywords=women+slides&qid=1787451804&sr=8-9,https://m.media-amazon.com/images/I/61J+U+PiJmL._AC_UL320_.jpg,62,排名靠前；价格处于人民币等值¥180.00-¥288.00区间；评分达到4.3以上。
2026-08-23,amazon_us,product,search,platform sandals women,9,DREAM PAIRS,¥287.93,4.4,DREAM PAIRS,,,,,,https://www.amazon.com/DREAM-PAIRS-Adjustable-Lightweight-Waterproof/dp/B0G1RBS19X/ref=sr_1_6?dib=eyJ2IjoiMSJ9.yFXG2t-AiJXnmdXXBYxFIjp2brixvqB3XFmuTR1SeW5apThS5ri6cx_nwIk5FefF0oIpw0aCrUXKmMOoKqVjBGuSiK1pw5k0MGbMhkcMnh_vhRmKQmSaYQ9dHZfttsgSTt5Hz8asbiBG-gFpEz6yRr74-1RrjNSnaBe7FNoPJLPZwnBoDD9NV8R6lmf94gsZVpgFhA47PTmYiavasCjAEClGEhoM-oaxs8bDQJJz_L2XQ6FiS4CzcTgHUXUJWUALO-VkX4uTHCExgCHUZITxliwIHtGeKblFBGDP6KgBxvk.HAv9B6CtL5PlNChCSzgGJxYp5HLRRUkS2C1x-1ez_eg&dib_tag=se&keywords=platform+sandals+women&qid=1787451804&sr=8-6,https://m.media-amazon.com/images/I/61VKPpZxLML._AC_UL320_.jpg,62,排名靠前；价格处于人民币等值¥180.00-¥288.00区间；评分达到4.3以上。
2026-08-23,amazon_us,product,best_sellers,Best Sellers Women Sandals,3,"Archies Arch Support Flip Flops for Men & Women – Orthotic Sandals for Plantar Fasciitis Relief – Lightweight, Cushioning, Shock-Absorbing Thong Sandals for Walking, Foot Pain & All-Day Comfort",,4.2,$40.00,,,,,,https://www.amazon.com/Archies-Womens-Arch-Support-Black/dp/B086SYFKLP/ref=zg_bs_g_679425011_d_sccl_3/130-1550505-5708031?psc=1,"https://images-na.ssl-images-amazon.com/images/I/81xintmVcHL._AC_UL600_SR600,400_.jpg",61,排名靠前；标题包含 comfort、arch support，符合美国女鞋舒适化趋势；评分达到4.0以上。
2026-08-23,amazon_us,product,best_sellers,Best Sellers Women Sandals,19,ONCAI Women's Flip Flops Comfortable Arch Support Yoga Mat Summer Beach Walking Thong Cushion Sandals Ladies Outdoor Vacation Essentials Slide Shoes Rubber Soles US Size 5-11,,4.3,$13.99,,,,,,https://www.amazon.com/ONCAI-Support-Athletic-Orthotic-Fasciitis/dp/B0D2292JM9/ref=zg_bs_g_679425011_d_sccl_19/130-1550505-5708031?psc=1,"https://images-na.ssl-images-amazon.com/images/I/71iVIX1IyIL._AC_UL600_SR600,400_.jpg",60,排名进入前30；标题包含 comfort、arch support、beach、summer，符合美国女鞋舒适化趋势；评分达到4.3以上。
2026-08-23,amazon_us,product,best_sellers,Best Sellers Women Sandals,30,Project Cloud 100% Genuine Leather Sandals Women Flats For Women (Jannel) | Sandals for Women Fashion Flat Womens Sandals with Memory Foam Insole Slides Sandals Footwear Mules Women's Sandals,,4.3,$39.90,,,,,,https://www.amazon.com/Project-Cloud-Fashion-Sandals-Women/dp/B0CQ712QY4/ref=zg_bs_g_679425011_d_sccl_30/130-1550505-5708031?psc=1,"https://images-na.ssl-images-amazon.com/images/I/71WxLxLw-rL._AC_UL600_SR600,400_.jpg",60,排名进入前30；标题包含 cloud，符合美国女鞋舒适化趋势；cloud + slides组合趋势加分；评分达到4.3以上。
2026-08-23,amazon_us,product,new_releases,New Releases Women Sandals,19,"VIVASUN Flip Flops for Women with Arch Support Non-Slip Thong Sandals for Beach, Pool, Shower, Casual Summer Wear Comfortable Flip Flops",,4.3,$9.99,,,,,,https://www.amazon.com/VIVASUN-Support-Non-Slip-Sandals-Comfortable/dp/B0H3JMZ11X/ref=zg_bsnr_g_679425011_d_sccl_19/147-1476138-7828040?psc=1,"https://images-na.ssl-images-amazon.com/images/I/61u9FrNqQQL._AC_UL600_SR600,400_.jpg",60,排名进入前30；标题包含 comfort、arch support、beach、summer，符合美国女鞋舒适化趋势；评分达到4.3以上。
2026-08-23,amazon_us,product,search,women summer slippers,14,"ULTRAIDEAS Women's Memory Foam Slippers Non-Slip Closed Back | Warm House Shoes, Indoor Outdoor Use, Soft Rubber Sole, Closed Back Loafer Design, Comfy Insole,Women Gift ULTRAIDEAS Women's Memory Foam Slippers Non-Slip Closed Back | Warm House Shoes, Indoor Outdo…",¥110.16,4.5,4.5,,,,,,https://sponsored-ads.amazon.com/clk/?_encoding=UTF8&p=eAFVUM2O0lAYDU7UCY4_YTEmuMPIguSWe--0lGIa07_BDoRCCzhhc3PpvS0NpS1tlRkXPIWJG-NeXZl5AF_CZ_A5TGSM8axOcn6-L6fqH3-6-fLzXu2hNp2PzYE9uISm5TYqqHUa8CS6ItBM0fWFSMN4dW3IyXnvdOGMF93OW-eNBM-SCxtB61KYhO4DDAUkIwFjAS7uePryWLOmry3X9mpPq_cZL9ZlmtVOZiPXMpz-yF5YZv2mUn1-q5CC09xfkYznfhrTkpMoiaOEk2UZ1Kp0Q9-nieCnm_qzYgn8mBZF5INDBhycIEONuzwhM68lFUtQrviGM-Cnccz9MkoT8A6D22PApzkrQEajpOQ58NOk5EmJX-iuNjKJ4QyHljG1nZFH7NHQHllkaM8tYlreYOqMG51qBT75-v3zr28_zPqjv5WHJxqPMYRQxqiDIMJnMsJHM8_sHRljozWovTR1zcjObSBre317QKjt9Um2EDVH-x97Pdzrk72u_SFh_cQIrau-ZoXh1uf4Y6X6obIqy6zotdu73U74N1E7zNp012ZtHcrudN7tj_VXGSM5I1m8YrlaNlcFJX5OIqbC5jZiKpK7siihLhSbRa4igIFEJamDAwUELGBARBABJVAYYHKHUkVRuuIZbkYqzYomzXmg2usZV3CynqW_AVPTuxw&v=c1&r=https%3A%2F%2Fwww.amazon.com%2Fgp%2Faw%2Fd%2FB07RTV8GPB%3Fpd_rd_plhdr%3Dt%26hsa_cr_id%3D0%26qid%3D1787451804%26sr%3D1-2-5a5562f9-fdfd-4101-9f9d-d76aa9998432%26i%3Daps%26aref%3DIkUe92nkUo&ref_=sbx__sbtcd2_asin_1_bkgd&pd_rd_w=Dr6jD&content-id=amzn1.sym.90f77631-9599-4fe0-95f8-a40adfe1c762%3Aamzn1.sym.90f77631-9599-4fe0-95f8-a40adfe1c762&pf_rd_p=90f77631-9599-4fe0-95f8-a40adfe1c762&pf_rd_r=2DNR1HBZMWYM6Y2WEY32&pd_rd_wg=vik0W&pd_rd_r=692c6122-eaf7-49f4-8da1-fc9c92d53261,"https://m.media-amazon.com/images/I/81Yli1OTNgL._AC_SR322,134_CB1169409_QL70_.jpg",60,排名进入前30；价格处于人民币等值¥57.60-¥180.00黄金区间；标题包含 soft，符合美国女鞋舒适化趋势；评分达到4.3以上。
2026-08-23,amazon_us,product,search,platform sandals women,8,Vilanva,¥143.93,3.9,Vilanva,,,,,,https://www.amazon.com/Vilanva-Platform-Lightweight-Comfortable-Non-Slip/dp/B0GH6HQ54N/ref=sr_1_5?dib=eyJ2IjoiMSJ9.yFXG2t-AiJXnmdXXBYxFIjp2brixvqB3XFmuTR1SeW5apThS5ri6cx_nwIk5FefF0oIpw0aCrUXKmMOoKqVjBGuSiK1pw5k0MGbMhkcMnh_vhRmKQmSaYQ9dHZfttsgSTt5Hz8asbiBG-gFpEz6yRr74-1RrjNSnaBe7FNoPJLPZwnBoDD9NV8R6lmf94gsZVpgFhA47PTmYiavasCjAEClGEhoM-oaxs8bDQJJz_L2XQ6FiS4CzcTgHUXUJWUALO-VkX4uTHCExgCHUZITxliwIHtGeKblFBGDP6KgBxvk.HAv9B6CtL5PlNChCSzgGJxYp5HLRRUkS2C1x-1ez_eg&dib_tag=se&keywords=platform+sandals+women&qid=1787451804&sr=8-5,https://m.media-amazon.com/images/I/71PL6JGVN0L._AC_UL320_.jpg,60,排名靠前；价格处于人民币等值¥57.60-¥180.00黄金区间。
2026-08-23,amazon_us,product,best_sellers,Best Sellers Women Sandals,29,"Reef Cushion Vista Hi Womens Platform Fashion Sandal, Arch Support, Ultra Soft Cushion Footbed",,4.3,$39.93,,,,,,https://www.amazon.com/Reef-Womens-Cushion-Vista-Hi/dp/B09K8WMWN6/ref=zg_bs_g_679425011_d_sccl_29/130-1550505-5708031?psc=1,"https://images-na.ssl-images-amazon.com/images/I/61wij8MIiAL._AC_UL600_SR600,400_.jpg",59,排名进入前30；标题包含 platform、arch support、soft，符合美国女鞋舒适化趋势；评分达到4.3以上。
2026-08-23,amazon_us,product,search,women slides,37,"Men's and Women's Capybara Slides,Cute Capybara Slippers for Indoor Outdoor,Non Slip Quick Drying Shower Shoes,Comfort Cloud Slides Sandals",¥71.93,3.9,"Price, product page $9.99 $ 9 . 99 List: $16.99 List: $16.99 $16.99",,,,,,https://www.amazon.com/XUNBAI-Capybara-Slippers-Outdoor-Comfort/dp/B0GL1B5RRN/ref=sr_1_31?dib=eyJ2IjoiMSJ9.wrqHnvIFpzxZDCy1gVq3f4ElwLELpfbzk0bZTxBh-O-UsnXSPoGdIOvDvl5EdsiLL4Ve6X20WUGTARP_hk7cBa78zToD1P2JVV0s08rWfwaWhzqHuC80ctLdieEuBXeabwES5nFentJJRYwlw9KDLj0nIwlbVH9GoyWeGxGfRel6GBV03VxJ2xprn04sw_xOZdrHr9hhQ8P4f-t_aVWOYTBB-ffnkozB6dn3CU_zgtUTDvZorbCVMePwjN4ws7ZFrgu8BAZofIjxjVdE17vYXE4HIhJ6zH_CNCv3XW946Gw.lC941-dOjcn_yWFS6jfB1V2dUzhcDiymseDokA1C0II&dib_tag=se&keywords=women+slides&qid=1787451804&sr=8-31,https://m.media-amazon.com/images/I/61wFDL2ZcbL._AC_UL320_.jpg,59,排名进入前50；价格处于人民币等值¥57.60-¥180.00黄金区间；标题包含 cloud、comfort，符合美国女鞋舒适化趋势；cloud + slides组合趋势加分。
2026-08-23,amazon_us,product,best_sellers,Best Sellers Women Sandals,8,SKETOE Kitten Heels for Women Square Toe Sandals Flip Flop Heels Thong Sandals Comfortable Summer 2 Inch Heels Sandals,,4.1,$25.99,,,,,,https://www.amazon.com/SKETOE-Kitten-Square-Sandals-Comfortable/dp/B0F4QHKCDM/ref=zg_bs_g_679425011_d_sccl_8/130-1550505-5708031?psc=1,"https://images-na.ssl-images-amazon.com/images/I/61WGe4p1FWL._AC_UL600_SR600,400_.jpg",58,排名靠前；标题包含 comfort、summer，符合美国女鞋舒适化趋势；评分达到4.0以上。
2026-08-23,amazon_us,product,best_sellers,Best Sellers Women Sandals,22,OOFOS OOriginal Recovery Sandal - Women’s and Men’s,,4.6,$59.95,,,,,,https://www.amazon.com/OOFOS-Unisex-Original-Thong-Black/dp/B007VDSTW0/ref=zg_bs_g_679425011_d_sccl_22/130-1550505-5708031?psc=1,"https://images-na.ssl-images-amazon.com/images/I/51qiZpHX64L._AC_UL600_SR600,400_.jpg",58,排名进入前30；评论数达到50以上；标题包含 recovery，符合美国女鞋舒适化趋势；评分达到4.6以上。
2026-08-23,amazon_us,product,new_releases,New Releases Women Sandals,5,adidas Unisex-Adult Adilette Comfort 2.0 Slide Sandal,,4.3,$40.00,,,,,,https://www.amazon.com/adidas-Unisex-Adilette-Comfort-Sandal/dp/B0F2B84XX9/ref=zg_bsnr_g_679425011_d_sccl_5/147-1476138-7828040?psc=1,"https://images-na.ssl-images-amazon.com/images/I/51qn7G+PVyL._AC_UL600_SR600,400_.jpg",58,排名靠前；标题包含 comfort，符合美国女鞋舒适化趋势；评分达到4.3以上。
2026-08-23,amazon_us,product,search,platform sandals women,2,"Sorel Women's Sunpeak Wedge Ankle Strap, Iced Tea/Snow, 7.5 Regular | Casual Sandals Sorel Women's Sunpeak Wedge Ankle Strap, Iced Tea…",¥810.00,4.4,,,,,,,https://aax-us-east-retail-direct.amazon.com/x/c/JNd3XIaXBPFLet5QzM8vYnEAAAGgLG4MbAEAAAH2AQBvbm9fdHhuX2JpZDcgICBvbm9fdHhuX2ltcDEgICCOdf0B/clv1c_ek-wBXXWLbTenuvbk4rMvs2FBA-nstkPuuPYAM3Avl-71XgYzSR5DxbsltwUbZDDyE113W_BO4Ag7Iz0e4_Ng6HkXw6pRP8qoarAJlfn2s4XD9Er6MR0XVgw0vh1rUg9zBkx-7ThrP7E_vGe0W4j8iWJOP2dkkGKEsY9jrai145TeSqeG2NNdAd-vQVbNOoGAVp65IAhNktAZUV-eszGwoItMfQ1dKZevrKPbWmDB1UfNberNmM_DyyT6Aa51kCBgt77JwqgBYgXKuCvLqwQ4A6HSimXK6GO_mIKE8at2lhLLZ3BAFQOjxHeVliFtDwHBbDD0DPPn_OktTpl2rXHWAsY9q6FzcdAqizCe4ItLeHEyo61rOygHf7VWIb0oRek4GuzxK82h8vPBcc1rK4u6CNj3M67o9qqKY5vg-PTvlIp8-PhRtl_NY_4i4VVuoaFyc7rj8bATbdAmJw58BHpwcMiV5A7xUXOpv202pNyrW82rd2UJyJKeaAZ_XZVBRVlVu2cISf5WmWF8NpOjhfJFvAuasnjoLodeTJ5w8Ve38DmcPGZPg2rn68wIrFqW377K0giPwfxATaXVlERVjtDCRFIFW44H_Yz5zgGnfg3z6i0vFtA_VO3DhIo8qKbQdCsisuwoN4AphWUxrP_DhDG5xZku8VsZzKGcAe14Oh7WrLG1CTNSTgKbobW_OgPAF6ynjjaxzN9eMeDcNppDkBySy2Ss_Yl6E4asryLx1hzehBLpp9zEVwgu095vHcYkkSM6GGZSa6LJpMNdcBsyRdtiwWHqd3Bf-5ZphI7jbgMkNsmUabCoVodfugMi7_iagjj8SNC-K7saJuFJndxS7w-YplEnx6tGy4RcBfd-V-c6-GZeGDlDWg3ViqsPL_yfN_ECrN0ObT7FHPzOOAuGB8tMQsDTgP1hk5E22RZREhsUOatxIAhRY6Uikf3H2M6q3zoZvffW22C90raqLx5uojb6ugs04rpCxFLryKUdFE9SQO0VjjWwtfhD-M4nw-9_KhKZx9S_JJQRAcBX3PCCg-VDMK88vjbIPt8Mal82U6AnbvoWX5T8zOFlnaYHR8XMHmmAc_aqVpx4ZSbqLJ6OYZS6PjznH6u37RS_khlTmGcQX4uxvV5_ujTIkyjhDsb3LQ5J5qKy-PrWbO3sPdRO_m1ILVhBB51ijgFJxrzXgac_2bU3AXDuPKZGPTEKYUTUV90hk33UumqNleHPlCaSfkhDqpAolWXAPmgOkXuGolqTf1gfLlGFlsGP4aMFDryvzUQg56VGJmueFngvFkojexL1SI0RgYv4JFvqdhFCospt2Qt-GDqXdNVTFflRysFudENXtPZ5aNn80T-JLcNHXbJU5eLmdWGU2U5Q08nf0_gUEDgSaQfZwJho7sNwnSkjGZkI1nV0CWvOg0MZ9A6zAD4K9XMsE7NtxQUZoSTIEP6RMWRGLxmo1rvwU6nyNx8Eq4lXWlQsPBy_Pu-4-TYYdYurlgI2iYeMGdah_XjYj7xqkRG7h8A3TX15dH2WQiGGNQ4rMUZKO6VsBo2Wx4FmFE9tJqBngXwOD3tDhnVqS93tfSSqLzSjGzRNxXTz2uIePMz6Epg7APzJF2eHf9Jz8BLjP2aNW-d8zxbzcYY4scfKsoGLTe6cC_itRPVuFhZ0J4jw5sYUpbeWcreDEQbTo4f912gf5nuJnRTT5dzkg/https://www.amazon.com/gp/aw/d/B0F8D6PCQL/?_encoding=UTF8&pd_rd_plhdr=t&aaxitk=b8fdff5d0a92fb43ad129171fd02a1a5&hsa_cr_id=0&qid=1787451804&sr=1-2-9e67e56a-6f64-441f-a281-df67fc737124&i=aps&aref=rDDkVfxPg8&ref_=sbx_s_sparkle_sbtcd_asin_1_bkgd&pd_rd_w=fqAsf&content-id=amzn1.sym.8de9b3d5-f5c5-40e9-9b39-d65f08d6ea68%3Aamzn1.sym.8de9b3d5-f5c5-40e9-9b39-d65f08d6ea68&pf_rd_p=8de9b3d5-f5c5-40e9-9b39-d65f08d6ea68&pf_rd_r=XF4KMK89TXA11WNYSVAR&pd_rd_wg=WalIQ&pd_rd_r=1e96b85c-a832-4461-82d5-ccf652cb6e2f,"https://m.media-amazon.com/images/I/71-mn-Y6B1L._AC_SR160,134_CB1169409_QL70_.jpg",58,排名靠前；价格高于人民币等值¥288.00；标题包含 wedge，符合美国女鞋舒适化趋势；评分达到4.3以上。
2026-08-23,amazon_us,product,search,platform sandals women,6,Littleplum,¥309.53,4.9,Littleplum,,,,,,https://www.amazon.com/Littleplum-Platform-Orthopedic-Comfortable-Vacation/dp/B0H5BRQR66/ref=sr_1_3?dib=eyJ2IjoiMSJ9.yFXG2t-AiJXnmdXXBYxFIjp2brixvqB3XFmuTR1SeW5apThS5ri6cx_nwIk5FefF0oIpw0aCrUXKmMOoKqVjBGuSiK1pw5k0MGbMhkcMnh_vhRmKQmSaYQ9dHZfttsgSTt5Hz8asbiBG-gFpEz6yRr74-1RrjNSnaBe7FNoPJLPZwnBoDD9NV8R6lmf94gsZVpgFhA47PTmYiavasCjAEClGEhoM-oaxs8bDQJJz_L2XQ6FiS4CzcTgHUXUJWUALO-VkX4uTHCExgCHUZITxliwIHtGeKblFBGDP6KgBxvk.HAv9B6CtL5PlNChCSzgGJxYp5HLRRUkS2C1x-1ez_eg&dib_tag=se&keywords=platform+sandals+women&qid=1787451804&sr=8-3,https://m.media-amazon.com/images/I/71us5W3sGuL._AC_UL320_.jpg,58,排名靠前；价格高于人民币等值¥288.00；评分达到4.6以上。
2026-08-23,amazon_us,product,best_sellers,Best Sellers Women Sandals,13,"ODOLY Unisex Comfortable Cork Footbed Slide Sandals with Arch Support | Adjustable Buckle, Lightweight Summer Sandals for Travel and Everyday Wear",,4.5,$19.99,,,,,,https://www.amazon.com/ODOLY-Footbed-Comfortable-Sandals-Adjustable/dp/B0CSMN1X4W/ref=zg_bs_g_679425011_d_sccl_13/130-1550505-5708031?psc=1,"https://images-na.ssl-images-amazon.com/images/I/61iYsM+H9QL._AC_UL600_SR600,400_.jpg",57,排名进入前30；标题包含 comfort、arch support、summer，符合美国女鞋舒适化趋势；评分达到4.3以上。
2026-08-23,amazon_us,product,best_sellers,Best Sellers Women Sandals,26,KuaiLu Flip Flops for Women with Arch Support Summer Beach Thong Sandals | Comfortable Yoga Mat Cushion Walking Shoes Slip on Casual Outfits Faux Leather Indoor Outdoor,,4.2,$11.99,,,,,,https://www.amazon.com/KuaiLu-Support-Comfortable-Cushion-Walking/dp/B08GKGCH2R/ref=zg_bs_g_679425011_d_sccl_26/130-1550505-5708031?psc=1,"https://images-na.ssl-images-amazon.com/images/I/81-DUybjK+L._AC_UL600_SR600,400_.jpg",57,排名进入前30；标题包含 comfort、arch support、beach、summer，符合美国女鞋舒适化趋势；评分达到4.0以上。
2026-08-23,amazon_us,product,new_releases,New Releases Women Sandals,14,Project Cloud 100% Genuine Leather Block Heeled Sandals for Women(Opal) | Sandals Women Footwear-Memory Foam Insole & Non-Slip Womens Sandals Block Heels For Women-Womens Slides & Women's Sandals,,4.1,$49.90,,,,,,https://www.amazon.com/Project-Cloud-Genuine-Leather-Sandals/dp/B0GYFRPTZ4/ref=zg_bsnr_g_679425011_d_sccl_14/147-1476138-7828040?psc=1,"https://images-na.ssl-images-amazon.com/images/I/81FmD-R2JoL._AC_UL600_SR600,400_.jpg",57,排名进入前30；标题包含 cloud，符合美国女鞋舒适化趋势；cloud + slides组合趋势加分；评分达到4.0以上。
2026-08-23,amazon_us,product,search,women summer slippers,12,"Cloth Slippers Linen Slippers - Breathable, Anti-Slip, Easy to Clean - Summer Silent Slippers for Women and Men",¥64.73,4.2,"Price, product page $8.99 $ 8 . 99",,,,,,https://www.amazon.com/VIDSID-Linen-Slippers-Breathable-Anti-Slip/dp/B0D4DNFVWP/ref=sr_1_9?dib=eyJ2IjoiMSJ9.F9OEn6HQacWisoPoD_JQQdRo22Dt7WlNtuucVfc8UyOpYRsOI37_T76phpqs2tQAbgtjCTtOVzUkE31Af3d_V2Ui7UnVc3ls_f8ShFpSOmOPjxhLgau3h9MJwQ1t6iOv9tmcr8XDZ5IKN9pAKgYkCpwfDuBBKl3IqYz0FHCRZKH2FgGoCi9958ByTCoR2yAJV29ibluUVMJFbejWXbRk6nt5EhneyVIWAiI52sSPOKU1m4ucf1jYTZMUABC45Ch4sxg9tJjlXyTeXwfab0ddtg7aR8M4cuyd1CkCpnwXhKo.Deo1ayuWE11DnuilM4-TbqKxDEzwNInkwiYJv-Cs2yw&dib_tag=se&keywords=women+summer+slippers&qid=1787451803&sr=8-9,https://m.media-amazon.com/images/I/81CG5b2e3QL._AC_UL320_.jpg,57,排名进入前30；价格处于人民币等值¥57.60-¥180.00黄金区间；标题包含 summer，符合美国女鞋舒适化趋势；评分达到4.0以上。
2026-08-23,amazon_us,product,search,women summer slippers,15,"ULTRAIDEAS Women's Fancy Fuzzy House Slippers with Shiny Bow | Fancy, Indoor, Cute Open Toe Slides, Rhinestone Bowknot, Comfy Fluffy Bedroom ULTRAIDEAS Women's Fancy Fuzzy House Slippers with Shiny Bow | Fancy, Indoor, Cute Open Toe Slides, Rhineston…",¥143.93,4.4,4.4,,,,,,https://sponsored-ads.amazon.com/clk/?_encoding=UTF8&p=eAFVUMuK01AYpg7qEMcLXYxQdxW7KJzmnNNLmkqR3DpmWpJM046lm8NpzsmFpkmaRDvjok8huBH36krmAXwJn8HnEOyI-K0--C7_zyd4x59uvvy8V32ozC4dfWyOF1A3pvUKap76PImuCNRTdH3eoUEcXmtSMhqcLm1n2e-9td90YTs5NxE0Fq2LYPoAwxaSUAvjFlzecdXVsWLMXhtT060-Fe4zXqzLNKuezK2podlnlrk09NpNRXh-q5CC09wLScZzL41pyUmUxFHCyar0qwLd0Pdp0vLSTe1ZsQJeTIsi8sAhAw5OkKH6XZ6QudvsFitQhnzDGfDSOOZeGaUJeIfB7THg0ZwVIKNRUvIceGlS8qTEL9SpYulEsycTQ5uZtuUS05qYlkEm5qVBdMMdz2yn3hMq8MnX759_ffuh1x79rTw8UX-MIYQSRj0EEW5LCB_NXX1wpDlac1x9qauKlo1MICl7dXtAoOzVi2zZUWzlf-zVYK9e7FXlDwlqJ1pgXJ0pRhBsPY4_VoQPlbAss2IgirvdrvVvIjHIRLoTmajCkaW5zsKZvsoYyRnJ4pDlw7IRFpR4OYnYEDa2ERsiqS91uqgPO40iHyLQBl3a7fawLwOf-Qx0EERA9mUGmNSjVJblfqeNG9GQZkWD5twfmus5l3Gynqe_AWipu00&v=c1&r=https%3A%2F%2Fwww.amazon.com%2Fgp%2Faw%2Fd%2FB0FNCSPXPR%3Fpd_rd_plhdr%3Dt%26hsa_cr_id%3D0%26qid%3D1787451804%26sr%3D1-3-5a5562f9-fdfd-4101-9f9d-d76aa9998432%26i%3Daps%26aref%3DIkUe92nkUo&ref_=sbx__sbtcd2_asin_2_bkgd&pd_rd_w=Dr6jD&content-id=amzn1.sym.90f77631-9599-4fe0-95f8-a40adfe1c762%3Aamzn1.sym.90f77631-9599-4fe0-95f8-a40adfe1c762&pf_rd_p=90f77631-9599-4fe0-95f8-a40adfe1c762&pf_rd_r=2DNR1HBZMWYM6Y2WEY32&pd_rd_wg=vik0W&pd_rd_r=692c6122-eaf7-49f4-8da1-fc9c92d53261,"https://m.media-amazon.com/images/I/81Z2-NcHOiL._AC_SR322,134_CB1169409_QL70_.jpg",57,排名进入前30；价格处于人民币等值¥57.60-¥180.00黄金区间；评分达到4.3以上。
2026-08-23,amazon_us,product,search,women summer slippers,18,shevalues,¥100.73,4.3,shevalues,,,,,,https://www.amazon.com/Shevalues-Womens-Indoor-Slippers-Cotton/dp/B074HBC1BR/ref=sr_1_10?dib=eyJ2IjoiMSJ9.F9OEn6HQacWisoPoD_JQQdRo22Dt7WlNtuucVfc8UyOpYRsOI37_T76phpqs2tQAbgtjCTtOVzUkE31Af3d_V2Ui7UnVc3ls_f8ShFpSOmOPjxhLgau3h9MJwQ1t6iOv9tmcr8XDZ5IKN9pAKgYkCpwfDuBBKl3IqYz0FHCRZKH2FgGoCi9958ByTCoR2yAJV29ibluUVMJFbejWXbRk6nt5EhneyVIWAiI52sSPOKU1m4ucf1jYTZMUABC45Ch4sxg9tJjlXyTeXwfab0ddtg7aR8M4cuyd1CkCpnwXhKo.Deo1ayuWE11DnuilM4-TbqKxDEzwNInkwiYJv-Cs2yw&dib_tag=se&keywords=women+summer+slippers&qid=1787451803&sr=8-10,https://m.media-amazon.com/images/I/71JYzlHXkPL._AC_UL320_.jpg,57,排名进入前30；价格处于人民币等值¥57.60-¥180.00黄金区间；评分达到4.3以上。
2026-08-23,amazon_us,product,search,women summer slippers,19,Evshine,¥93.53,4.4,Evshine,,,,,,https://www.amazon.com/Evshine-Summer-Slippers-Corduroy-Bedroom/dp/B0CSN39WDS/ref=sr_1_11?dib=eyJ2IjoiMSJ9.F9OEn6HQacWisoPoD_JQQdRo22Dt7WlNtuucVfc8UyOpYRsOI37_T76phpqs2tQAbgtjCTtOVzUkE31Af3d_V2Ui7UnVc3ls_f8ShFpSOmOPjxhLgau3h9MJwQ1t6iOv9tmcr8XDZ5IKN9pAKgYkCpwfDuBBKl3IqYz0FHCRZKH2FgGoCi9958ByTCoR2yAJV29ibluUVMJFbejWXbRk6nt5EhneyVIWAiI52sSPOKU1m4ucf1jYTZMUABC45Ch4sxg9tJjlXyTeXwfab0ddtg7aR8M4cuyd1CkCpnwXhKo.Deo1ayuWE11DnuilM4-TbqKxDEzwNInkwiYJv-Cs2yw&dib_tag=se&keywords=women+summer+slippers&qid=1787451803&sr=8-11,https://m.media-amazon.com/images/I/71SaoMUrpoL._AC_UL320_.jpg,57,排名进入前30；价格处于人民币等值¥57.60-¥180.00黄金区间；评分达到4.3以上。
2026-08-23,amazon_us,product,search,women summer slippers,20,IPSAE,¥71.86,4.5,IPSAE,,,,,,https://www.amazon.com/IPSAE-Slippers-Corduroy-Slipper-Bedroom/dp/B0DB4W73J3/ref=sr_1_12?dib=eyJ2IjoiMSJ9.F9OEn6HQacWisoPoD_JQQdRo22Dt7WlNtuucVfc8UyOpYRsOI37_T76phpqs2tQAbgtjCTtOVzUkE31Af3d_V2Ui7UnVc3ls_f8ShFpSOmOPjxhLgau3h9MJwQ1t6iOv9tmcr8XDZ5IKN9pAKgYkCpwfDuBBKl3IqYz0FHCRZKH2FgGoCi9958ByTCoR2yAJV29ibluUVMJFbejWXbRk6nt5EhneyVIWAiI52sSPOKU1m4ucf1jYTZMUABC45Ch4sxg9tJjlXyTeXwfab0ddtg7aR8M4cuyd1CkCpnwXhKo.Deo1ayuWE11DnuilM4-TbqKxDEzwNInkwiYJv-Cs2yw&dib_tag=se&keywords=women+summer+slippers&qid=1787451803&sr=8-12,https://m.media-amazon.com/images/I/71GcxKVQLUL._AC_UL320_.jpg,57,排名进入前30；价格处于人民币等值¥57.60-¥180.00黄金区间；评分达到4.3以上。
2026-08-23,amazon_us,product,search,women summer slippers,22,GOEWY,¥122.33,4.3,GOEWY,,,,,,https://www.amazon.com/GOEWY-House-Slippers-Summer-Memory/dp/B0GVYCBV2P/ref=sr_1_14?dib=eyJ2IjoiMSJ9.F9OEn6HQacWisoPoD_JQQdRo22Dt7WlNtuucVfc8UyOpYRsOI37_T76phpqs2tQAbgtjCTtOVzUkE31Af3d_V2Ui7UnVc3ls_f8ShFpSOmOPjxhLgau3h9MJwQ1t6iOv9tmcr8XDZ5IKN9pAKgYkCpwfDuBBKl3IqYz0FHCRZKH2FgGoCi9958ByTCoR2yAJV29ibluUVMJFbejWXbRk6nt5EhneyVIWAiI52sSPOKU1m4ucf1jYTZMUABC45Ch4sxg9tJjlXyTeXwfab0ddtg7aR8M4cuyd1CkCpnwXhKo.Deo1ayuWE11DnuilM4-TbqKxDEzwNInkwiYJv-Cs2yw&dib_tag=se&keywords=women+summer+slippers&qid=1787451803&sr=8-14,https://m.media-amazon.com/images/I/71prwg4iI5L._AC_UL320_.jpg,57,排名进入前30；价格处于人民币等值¥57.60-¥180.00黄金区间；评分达到4.3以上。
2026-08-23,amazon_us,product,search,women summer slippers,23,ULTRAIDEAS,¥122.33,4.5,ULTRAIDEAS,,,,,,https://www.amazon.com/ULTRAIDEAS-Slippers-Bowknot-Outdoor-Anti-Skid/dp/B07MZ3H6MN/ref=sr_1_15?dib=eyJ2IjoiMSJ9.F9OEn6HQacWisoPoD_JQQdRo22Dt7WlNtuucVfc8UyOpYRsOI37_T76phpqs2tQAbgtjCTtOVzUkE31Af3d_V2Ui7UnVc3ls_f8ShFpSOmOPjxhLgau3h9MJwQ1t6iOv9tmcr8XDZ5IKN9pAKgYkCpwfDuBBKl3IqYz0FHCRZKH2FgGoCi9958ByTCoR2yAJV29ibluUVMJFbejWXbRk6nt5EhneyVIWAiI52sSPOKU1m4ucf1jYTZMUABC45Ch4sxg9tJjlXyTeXwfab0ddtg7aR8M4cuyd1CkCpnwXhKo.Deo1ayuWE11DnuilM4-TbqKxDEzwNInkwiYJv-Cs2yw&dib_tag=se&keywords=women+summer+slippers&qid=1787451803&sr=8-15,https://m.media-amazon.com/images/I/71cvxwhDe7L._AC_UL320_.jpg,57,排名进入前30；价格处于人民币等值¥57.60-¥180.00黄金区间；评分达到4.3以上。
2026-08-23,amazon_us,product,search,women summer slippers,26,KuaiLu,¥100.73,4.3,KuaiLu,,,,,,https://www.amazon.com/KuaiLu-Support-Comfortable-Walking-Sandals/dp/B0C5ZZ51RT/ref=sr_1_18?dib=eyJ2IjoiMSJ9.F9OEn6HQacWisoPoD_JQQdRo22Dt7WlNtuucVfc8UyOpYRsOI37_T76phpqs2tQAbgtjCTtOVzUkE31Af3d_V2Ui7UnVc3ls_f8ShFpSOmOPjxhLgau3h9MJwQ1t6iOv9tmcr8XDZ5IKN9pAKgYkCpwfDuBBKl3IqYz0FHCRZKH2FgGoCi9958ByTCoR2yAJV29ibluUVMJFbejWXbRk6nt5EhneyVIWAiI52sSPOKU1m4ucf1jYTZMUABC45Ch4sxg9tJjlXyTeXwfab0ddtg7aR8M4cuyd1CkCpnwXhKo.Deo1ayuWE11DnuilM4-TbqKxDEzwNInkwiYJv-Cs2yw&dib_tag=se&keywords=women+summer+slippers&qid=1787451803&sr=8-18,https://m.media-amazon.com/images/I/710PdcSAm6L._AC_UL320_.jpg,57,排名进入前30；价格处于人民币等值¥57.60-¥180.00黄金区间；评分达到4.3以上。
2026-08-23,amazon_us,product,search,women summer slippers,28,Evshine,¥71.93,4.3,Evshine,,,,,,https://www.amazon.com/Evshine-Slippers-Bedroom-Corduroy-Outdoor/dp/B0FFZ8GWMZ/ref=sr_1_20?dib=eyJ2IjoiMSJ9.F9OEn6HQacWisoPoD_JQQdRo22Dt7WlNtuucVfc8UyOpYRsOI37_T76phpqs2tQAbgtjCTtOVzUkE31Af3d_V2Ui7UnVc3ls_f8ShFpSOmOPjxhLgau3h9MJwQ1t6iOv9tmcr8XDZ5IKN9pAKgYkCpwfDuBBKl3IqYz0FHCRZKH2FgGoCi9958ByTCoR2yAJV29ibluUVMJFbejWXbRk6nt5EhneyVIWAiI52sSPOKU1m4ucf1jYTZMUABC45Ch4sxg9tJjlXyTeXwfab0ddtg7aR8M4cuyd1CkCpnwXhKo.Deo1ayuWE11DnuilM4-TbqKxDEzwNInkwiYJv-Cs2yw&dib_tag=se&keywords=women+summer+slippers&qid=1787451803&sr=8-20,https://m.media-amazon.com/images/I/81L2e-mi2FL._AC_UL320_.jpg,57,排名进入前30；价格处于人民币等值¥57.60-¥180.00黄金区间；评分达到4.3以上。
2026-08-23,amazon_us,product,search,women summer slippers,30,VeraCosy,¥104.40,4.5,VeraCosy,,,,,,https://www.amazon.com/VeraCosy-Two-Tone-Slippers-Non-slip-Evening/dp/B0DCVZ52Y5/ref=sr_1_22?dib=eyJ2IjoiMSJ9.F9OEn6HQacWisoPoD_JQQdRo22Dt7WlNtuucVfc8UyOpYRsOI37_T76phpqs2tQAbgtjCTtOVzUkE31Af3d_V2Ui7UnVc3ls_f8ShFpSOmOPjxhLgau3h9MJwQ1t6iOv9tmcr8XDZ5IKN9pAKgYkCpwfDuBBKl3IqYz0FHCRZKH2FgGoCi9958ByTCoR2yAJV29ibluUVMJFbejWXbRk6nt5EhneyVIWAiI52sSPOKU1m4ucf1jYTZMUABC45Ch4sxg9tJjlXyTeXwfab0ddtg7aR8M4cuyd1CkCpnwXhKo.Deo1ayuWE11DnuilM4-TbqKxDEzwNInkwiYJv-Cs2yw&dib_tag=se&keywords=women+summer+slippers&qid=1787451803&sr=8-22,https://m.media-amazon.com/images/I/81RJZ2gB8sL._AC_UL320_.jpg,57,排名进入前30；价格处于人民币等值¥57.60-¥180.00黄金区间；评分达到4.3以上。
2026-08-23,amazon_us,product,search,women slides,11,Litfun Non-Slip Shower Shoes for Women Quick Dry Slippers Bathroom Sandals Litfun Non-Slip Shower Shoes for Women Quick Dry Slippers Bathroom Sandals,¥71.93,4.3,4.3,,,,,,https://sponsored-ads.amazon.com/clk/?_encoding=UTF8&p=eAFVUM2Ok1AYTZ2oExx_0sWY1F2NXdTccqFQoIYY_mYkVNoCHafd3NxyL5QMBQrEzrjoS2jixhdw6_gAvoM-ig9gtGOMZ_Ul53znO99hwsNP159_3Gne14KzienYzjk0La_d4LrHEc2SSyRcLdLncjo7n-ZvEmcqD48vCi-Yz0rbj068rbPZSFeGfTb17vGwx0lcj-d7cHHL15eHmhW8sjzbbz5m7hJaXdR50TyauZ5ljE9de2GZresG8_SGQRXFZbhCBS3DPMU1RUmWJhlFyzpqMniN3-VZL8zXrSfVEoQprqokBPsdsFeCgmvfphma-V2xWoJ6RdeUgDBPUxrWSZ6Btzy4OQZCXJIKFDjJalqCMM9qmtX8M93TXBMZ49HIMgJ77PrIdke2a6GRfWYh0_KdYDxpD5gGfPTl_c-v37-ZrQd_Lfch2g95CKEkK6I44CEvcfzBzDeHB8bE6DrNF6auGcWJDSRtp2_2iLWdPi0WgjbX_sdOj3f6dKdrf4a4dWTE1uWpZsXxJqT8xwbzobGq66Iasux2u-39q4iNCxZvWcLq0Bw5wWt97r8sCCoJKtIVKdW6s6owCkuUEBV2NglROUmWBJGTodCpSpUDHBDx7wciBUQkIkDgIAeUSCGASAOMFUWRhT7fSVRcVB1c0kjN-kHZ18QssH8BlIO8mg&v=c1&r=https%3A%2F%2Fwww.amazon.com%2Fgp%2Faw%2Fd%2FB0DLKTMBYS%3Fpd_rd_plhdr%3Dt%26hsa_cr_id%3D0%26qid%3D1787451804%26sr%3D1-1-5a5562f9-fdfd-4101-9f9d-d76aa9998432%26i%3Daps%26aref%3Dn3Tr3A5nTI&ref_=sbx__sbtcd2_asin_0_bkgd&pd_rd_w=VhcIQ&content-id=amzn1.sym.90f77631-9599-4fe0-95f8-a40adfe1c762%3Aamzn1.sym.90f77631-9599-4fe0-95f8-a40adfe1c762&pf_rd_p=90f77631-9599-4fe0-95f8-a40adfe1c762&pf_rd_r=6MBRZY7VMFTR4SPY41MA&pd_rd_wg=XYiRD&pd_rd_r=a0fd2358-b5f8-4cda-8858-a2b75a652ac0,"https://m.media-amazon.com/images/I/6153U7gq4yL._AC_SR322,134_CB1169409_QL70_.jpg",57,排名进入前30；价格处于人民币等值¥57.60-¥180.00黄金区间；评分达到4.3以上。
2026-08-23,amazon_us,product,search,women slides,12,Litfun Non-Slip Shower Shoes for Women Quick Dry Slippers Bathroom Sandals Litfun Non-Slip Shower Shoes for Women Quick Dry Slippers Bathroom Sandals,¥129.53,4.3,4.3,,,,,,https://sponsored-ads.amazon.com/clk/?_encoding=UTF8&p=eAFVUM2Ok1AYTZ2oExx_0sWY1F2NXdTcArdQoIYY_qYSGtoCnZ9ubm65F0qGAgViZ1z0JTRx4wu4dXwA30EfxQcw2jHGs_qSc77zne8w4eGnm88_7jUfasHp1HRs55wzLa_d4LvHEc2SKyRcL9KXcjo_n-VniTOTh8eXhRdczEvbj068rbPZSNeGfTrzHkCux0t8D8Iet7jj68tDzQreWJ7tN58y9wmtLuu8aB7NXc8yJiPXXlhm66bBPL9lUEVxGa5QQcswT3FNUZKlSUbRso6aDF7jd3nWC_N161m1BGGKqyoJwX4H7JWg4Nt3aYbmfleslqBe0TUlIMzTlIZ1kmfgLQS3x0CIS1KBAidZTUsQ5llNsxq-0D3NNZExGY8tI7Anro9sd2y7FhrbpxYyLd8JJtP2gGlwT768__n1-zez9eiv5T5E-zHkOE6SFVEcQA5KPDyY--bwwJgaXaf5ytQ1ozixgaTt9M0esbbTZ8VC0C60_7HT450-2-nanyFuHRmxdTXSrDjehBR-bDAfGqu6Lqohy263296_iti4YPGWJazOmWPHF0fS2euCoJKgIl2RUq07qwqjsEQJUbnOJiEqL8mSIPIyJ3SqUuUBBCL-_UCkgIhEBAg8xwMlUggg0gBjRVFkoQ87iYqLqoNLGqlZPyj7mpgF9i9_Q7xp&v=c1&r=https%3A%2F%2Fwww.amazon.com%2Fgp%2Faw%2Fd%2FB0DLKS5G7W%3Fpd_rd_plhdr%3Dt%26hsa_cr_id%3D0%26qid%3D1787451804%26sr%3D1-2-5a5562f9-fdfd-4101-9f9d-d76aa9998432%26i%3Daps%26aref%3Dn3Tr3A5nTI&ref_=sbx__sbtcd2_asin_1_bkgd&pd_rd_w=VhcIQ&content-id=amzn1.sym.90f77631-9599-4fe0-95f8-a40adfe1c762%3Aamzn1.sym.90f77631-9599-4fe0-95f8-a40adfe1c762&pf_rd_p=90f77631-9599-4fe0-95f8-a40adfe1c762&pf_rd_r=6MBRZY7VMFTR4SPY41MA&pd_rd_wg=XYiRD&pd_rd_r=a0fd2358-b5f8-4cda-8858-a2b75a652ac0,"https://m.media-amazon.com/images/I/61ew7W5dfrL._AC_SR322,134_CB1169409_QL70_.jpg",57,排名进入前30；价格处于人民币等值¥57.60-¥180.00黄金区间；评分达到4.3以上。
2026-08-23,amazon_us,product,search,women slides,30,KIDMI,¥151.13,4.4,KIDMI,,,,,,https://www.amazon.com/KIDMI-Genuine-Sandals-Footbed-Adjustable/dp/B0DQH21M77/ref=sr_1_24?dib=eyJ2IjoiMSJ9.wrqHnvIFpzxZDCy1gVq3f4ElwLELpfbzk0bZTxBh-O-UsnXSPoGdIOvDvl5EdsiLL4Ve6X20WUGTARP_hk7cBa78zToD1P2JVV0s08rWfwaWhzqHuC80ctLdieEuBXeabwES5nFentJJRYwlw9KDLj0nIwlbVH9GoyWeGxGfRel6GBV03VxJ2xprn04sw_xOZdrHr9hhQ8P4f-t_aVWOYTBB-ffnkozB6dn3CU_zgtUTDvZorbCVMePwjN4ws7ZFrgu8BAZofIjxjVdE17vYXE4HIhJ6zH_CNCv3XW946Gw.lC941-dOjcn_yWFS6jfB1V2dUzhcDiymseDokA1C0II&dib_tag=se&keywords=women+slides&qid=1787451804&sr=8-24,https://m.media-amazon.com/images/I/81JaarSAG2L._AC_UL320_.jpg,57,排名进入前30；价格处于人民币等值¥57.60-¥180.00黄金区间；评分达到4.3以上。
2026-08-23,amazon_us,product,search,platform sandals women,21,TIKVAW,¥95.69,4.3,TIKVAW,,,,,,https://www.amazon.com/TIKVAW-Support-Platform-Sandals-Adjustable/dp/B0C8TVJF3P/ref=sr_1_15?dib=eyJ2IjoiMSJ9.yFXG2t-AiJXnmdXXBYxFIjp2brixvqB3XFmuTR1SeW5apThS5ri6cx_nwIk5FefF0oIpw0aCrUXKmMOoKqVjBGuSiK1pw5k0MGbMhkcMnh_vhRmKQmSaYQ9dHZfttsgSTt5Hz8asbiBG-gFpEz6yRr74-1RrjNSnaBe7FNoPJLPZwnBoDD9NV8R6lmf94gsZVpgFhA47PTmYiavasCjAEClGEhoM-oaxs8bDQJJz_L2XQ6FiS4CzcTgHUXUJWUALO-VkX4uTHCExgCHUZITxliwIHtGeKblFBGDP6KgBxvk.HAv9B6CtL5PlNChCSzgGJxYp5HLRRUkS2C1x-1ez_eg&dib_tag=se&keywords=platform+sandals+women&qid=1787451804&sr=8-15,https://m.media-amazon.com/images/I/71mwMI75T8L._AC_UL320_.jpg,57,排名进入前30；价格处于人民币等值¥57.60-¥180.00黄金区间；评分达到4.3以上。
2026-08-23,amazon_us,product,best_sellers,Best Sellers Women Sandals,15,Project Cloud Flip Flops for Women Memory Foam Flats Sandals (Foundations) | Lightweight and Durable Non-Slip SoleWomens Sandals - Beach Essentials Womens Flat Sandals for Everyday Comfort Daily Wear,,4.1,$28.90,,,,,,https://www.amazon.com/Project-Cloud-Flip-flops-Women/dp/B0D2DVSMH3/ref=zg_bs_g_679425011_d_sccl_15/130-1550505-5708031?psc=1,"https://images-na.ssl-images-amazon.com/images/I/41JMYLSDC3L._AC_UL600_SR600,400_.jpg",56,排名进入前30；标题包含 cloud、comfort、beach，符合美国女鞋舒适化趋势；评分达到4.0以上。
2026-08-23,amazon_us,product,best_sellers,Best Sellers Women Sandals,7,Clarks Women's Breeze Sea Flip-Flop | Casual Sandals,,4.7,$33.21,,,,,,https://www.amazon.com/Clarks-Womens-Breeze-Black-Synthetic/dp/B01FH9EEGE/ref=zg_bs_g_679425011_d_sccl_7/130-1550505-5708031?psc=1,"https://images-na.ssl-images-amazon.com/images/I/61f5Z2idq9L._AC_UL600_SR600,400_.jpg",55,排名靠前；评分达到4.6以上。
2026-08-23,amazon_us,product,best_sellers,Best Sellers Women Sandals,10,"WHITIN Women's Slides with Cushioned Thick Sole Slippers for Home Wear Y13 | Comfort for Daily Wear, Waterproof & Easy to Clean, Indoor & Outdoor Versatility, Lightweight EVA for All-Day",,4.1,$9.99,,,,,,https://www.amazon.com/WHITIN-Slippers-Sandals-Fashionable-Lightweight/dp/B0C1C3MKLF/ref=zg_bs_g_679425011_d_sccl_10/130-1550505-5708031?psc=1,"https://images-na.ssl-images-amazon.com/images/I/71nA8egRirL._AC_UL600_SR600,400_.jpg",55,排名靠前；标题包含 comfort，符合美国女鞋舒适化趋势；评分达到4.0以上。
2026-08-23,amazon_us,product,new_releases,New Releases Women Sandals,3,"Joomra Women's Cork-Inspired Footbed Slides Adjustable Buckle Sandals | Natural Foot-Shaped, Vegan Upper, Two-Strap, Casual Daily Slippers, Walking Comfort, Fashion Indoor Outdoor Sandles",,4.0,$9.98,,,,,,https://www.amazon.com/Joomra-Footbed-Slides-Double-Sandals/dp/B0H4QWZTLX/ref=zg_bsnr_g_679425011_d_sccl_3/147-1476138-7828040?psc=1,"https://images-na.ssl-images-amazon.com/images/I/81sMp+WikpL._AC_UL600_SR600,400_.jpg",55,排名靠前；标题包含 comfort，符合美国女鞋舒适化趋势；评分达到4.0以上。
2026-08-23,amazon_us,product,search,women slides,32,Arch Support Slides for Women and Men Recovery House Sandals for Men Soft and Comfortable Summer Beach Shoes Slippers Women,¥71.93,3.8,"Price, product page $9.99 $ 9 . 99 Typical: $14.99 Typical: $14.99 $14.99",,,,,,https://www.amazon.com/SKETOE-Support-Recovery-Comfortable-Slippers/dp/B0GLF1516G/ref=sr_1_26?dib=eyJ2IjoiMSJ9.wrqHnvIFpzxZDCy1gVq3f4ElwLELpfbzk0bZTxBh-O-UsnXSPoGdIOvDvl5EdsiLL4Ve6X20WUGTARP_hk7cBa78zToD1P2JVV0s08rWfwaWhzqHuC80ctLdieEuBXeabwES5nFentJJRYwlw9KDLj0nIwlbVH9GoyWeGxGfRel6GBV03VxJ2xprn04sw_xOZdrHr9hhQ8P4f-t_aVWOYTBB-ffnkozB6dn3CU_zgtUTDvZorbCVMePwjN4ws7ZFrgu8BAZofIjxjVdE17vYXE4HIhJ6zH_CNCv3XW946Gw.lC941-dOjcn_yWFS6jfB1V2dUzhcDiymseDokA1C0II&dib_tag=se&keywords=women+slides&qid=1787451804&sr=8-26,https://m.media-amazon.com/images/I/81ECHpu6ZvL._AC_UL320_.jpg,55,排名进入前50；价格处于人民币等值¥57.60-¥180.00黄金区间；标题包含 recovery、comfort、arch support、soft、beach、summer，符合美国女鞋舒适化趋势。
2026-08-23,amazon_us,product,search,platform sandals women,5,Crocs,¥431.93,4.5,Crocs,,,,,,https://www.amazon.com/Crocs-Brooklyn-Low-Wedge-Black/dp/B07YQRHTG4/ref=sr_1_2?dib=eyJ2IjoiMSJ9.yFXG2t-AiJXnmdXXBYxFIjp2brixvqB3XFmuTR1SeW5apThS5ri6cx_nwIk5FefF0oIpw0aCrUXKmMOoKqVjBGuSiK1pw5k0MGbMhkcMnh_vhRmKQmSaYQ9dHZfttsgSTt5Hz8asbiBG-gFpEz6yRr74-1RrjNSnaBe7FNoPJLPZwnBoDD9NV8R6lmf94gsZVpgFhA47PTmYiavasCjAEClGEhoM-oaxs8bDQJJz_L2XQ6FiS4CzcTgHUXUJWUALO-VkX4uTHCExgCHUZITxliwIHtGeKblFBGDP6KgBxvk.HAv9B6CtL5PlNChCSzgGJxYp5HLRRUkS2C1x-1ez_eg&dib_tag=se&keywords=platform+sandals+women&qid=1787451804&sr=8-2,https://m.media-amazon.com/images/I/7146HmICxBL._AC_UL320_.jpg,55,排名靠前；价格高于人民币等值¥288.00；评分达到4.3以上。
2026-08-23,amazon_us,product,best_sellers,Best Sellers Women Sandals,28,KuaiLu Womens Flip Flops Arch Support Yoga Mat Cushioned Thong Sandals | Ladies Comfortable Walking Slides For Plantar Fasciitis Slip On Indoor Outdoor For Summer,,4.1,$25.99,,,,,,https://www.amazon.com/KuaiLu-Comfortable-Walking-Sandals-Fasciitis/dp/B08XX52FHY/ref=zg_bs_g_679425011_d_sccl_28/130-1550505-5708031?psc=1,"https://images-na.ssl-images-amazon.com/images/I/61giVB09JoL._AC_UL600_SR600,400_.jpg",54,排名进入前30；标题包含 comfort、arch support、summer，符合美国女鞋舒适化趋势；评分达到4.0以上。
2026-08-23,amazon_us,product,new_releases,New Releases Women Sandals,25,"ZURIN Women Shower Shoes Quick Dry Flip Flops, Pool Flip Flops for Women | Comfortable, Arch Support, Drainage Holes, Non Slip, for Beach Bath Gym College Dorm",,4.1,$11.99,,,,,,https://www.amazon.com/ZURIN-Support%EF%BC%8CPool-Drainage-Sandals-Slippers/dp/B0GZVHXYJS/ref=zg_bsnr_g_679425011_d_sccl_25/147-1476138-7828040?psc=1,"https://images-na.ssl-images-amazon.com/images/I/71mdYp+i5oL._AC_UL600_SR600,400_.jpg",54,排名进入前30；标题包含 comfort、arch support、beach，符合美国女鞋舒适化趋势；评分达到4.0以上。
2026-08-23,amazon_us,product,search,women summer slippers,13,"ULTRAIDEAS Women's Popcorn Flip Flop House Slipper with Memory Foam, Gift for Women Mom ULTRAIDEAS Women's Popcorn Flip Flop House Slipper with Memory Foam, Gift for Women Mom",¥158.33,4.2,4.2,,,,,,https://sponsored-ads.amazon.com/clk/?_encoding=UTF8&p=eAFVUMtu00AUVaiAKpSHsihS2AWRRaRJZqZ2HAdFyI9pcRPZSZyUypvRxDN2rDi2YxvSsshXILFB7IEV6gfwE3wD34FEihBndaTzuFen6h9-uvny817toTa7GJtDa3gJTTJtVFDrOBBJdEWhmaLrc4mF8fLaUJLT_rHnjL1e963zRoYnybmFILlsT8LpAwzbSEFtjNvQu-Pqi0ONzF6TqeXWnlbvc1GsyjSrHc3tKTGcM9vyiFm_qVSf3yq0ECz3lzQTuZ_GrBQ0SuIoEXRRBrUqW7P3adL203X9WbEAfsyKIvLBPgP2TpChxl2R0LnbkosFKJdiLTjw0zgWfhmlCXiHwe0x4LOcFyBjUVKKHPhpUoqkxC_0qWab1HBGI2LMLMd2qWWPLJvQkXVBqEnc4cwZN7rVCnzy9fvnX99-mPVHfyv3TzQeYwihglEXQYRPFIQP5q7ZPzDGRmtYe2nqmpGdWkDRdvpmj1Db6ZPMkzRH-x87Pdzpk52u_SFh_cgIydWZRsJw4wv8sVL9UFmWZVb0O53tdtv-N1EnzDps2-EdHaquZxgStl9lnOacZvGS54OyuSwY9XMa8QFsbiI-QEpPkWTUg1KzyAcIICAzWe7iQAUBDziQEERADVQOuNJlTFXVnnSCm9GAZUWT5SIYWKu5UHGymqe_AUQquvc&v=c1&r=https%3A%2F%2Fwww.amazon.com%2Fgp%2Faw%2Fd%2FB09SZCC42N%3Fpd_rd_plhdr%3Dt%26hsa_cr_id%3D0%26qid%3D1787451804%26sr%3D1-1-5a5562f9-fdfd-4101-9f9d-d76aa9998432%26i%3Daps%26aref%3DIkUe92nkUo&ref_=sbx__sbtcd2_asin_0_bkgd&pd_rd_w=Dr6jD&content-id=amzn1.sym.90f77631-9599-4fe0-95f8-a40adfe1c762%3Aamzn1.sym.90f77631-9599-4fe0-95f8-a40adfe1c762&pf_rd_p=90f77631-9599-4fe0-95f8-a40adfe1c762&pf_rd_r=2DNR1HBZMWYM6Y2WEY32&pd_rd_wg=vik0W&pd_rd_r=692c6122-eaf7-49f4-8da1-fc9c92d53261,"https://m.media-amazon.com/images/I/71ohkuM4pUL._AC_SR322,134_CB1169409_QL70_.jpg",54,排名进入前30；价格处于人民币等值¥57.60-¥180.00黄金区间；评分达到4.0以上。
2026-08-23,amazon_us,product,search,women slides,23,Happy Lily,¥71.93,4.2,Happy Lily,,,,,,https://www.amazon.com/Slippers-Non-Slip-Shower-Sandals-Bathroom/dp/B01LYNR9VM/ref=sr_1_17?dib=eyJ2IjoiMSJ9.wrqHnvIFpzxZDCy1gVq3f4ElwLELpfbzk0bZTxBh-O-UsnXSPoGdIOvDvl5EdsiLL4Ve6X20WUGTARP_hk7cBa78zToD1P2JVV0s08rWfwaWhzqHuC80ctLdieEuBXeabwES5nFentJJRYwlw9KDLj0nIwlbVH9GoyWeGxGfRel6GBV03VxJ2xprn04sw_xOZdrHr9hhQ8P4f-t_aVWOYTBB-ffnkozB6dn3CU_zgtUTDvZorbCVMePwjN4ws7ZFrgu8BAZofIjxjVdE17vYXE4HIhJ6zH_CNCv3XW946Gw.lC941-dOjcn_yWFS6jfB1V2dUzhcDiymseDokA1C0II&dib_tag=se&keywords=women+slides&qid=1787451804&sr=8-17,https://m.media-amazon.com/images/I/81oTjdeU9ZL._AC_UL320_.jpg,54,排名进入前30；价格处于人民币等值¥57.60-¥180.00黄金区间；评分达到4.0以上。
2026-08-23,amazon_us,product,search,platform sandals women,12,Goosecret,¥129.89,4.2,Goosecret,,,,,,https://www.amazon.com/Goosecret-Platform-Lightweight-Comfortable-Adjustable/dp/B0CZ75N4PP/ref=sr_1_9?dib=eyJ2IjoiMSJ9.yFXG2t-AiJXnmdXXBYxFIjp2brixvqB3XFmuTR1SeW5apThS5ri6cx_nwIk5FefF0oIpw0aCrUXKmMOoKqVjBGuSiK1pw5k0MGbMhkcMnh_vhRmKQmSaYQ9dHZfttsgSTt5Hz8asbiBG-gFpEz6yRr74-1RrjNSnaBe7FNoPJLPZwnBoDD9NV8R6lmf94gsZVpgFhA47PTmYiavasCjAEClGEhoM-oaxs8bDQJJz_L2XQ6FiS4CzcTgHUXUJWUALO-VkX4uTHCExgCHUZITxliwIHtGeKblFBGDP6KgBxvk.HAv9B6CtL5PlNChCSzgGJxYp5HLRRUkS2C1x-1ez_eg&dib_tag=se&keywords=platform+sandals+women&qid=1787451804&sr=8-9,https://m.media-amazon.com/images/I/61l3YNTRtgL._AC_UL320_.jpg,54,排名进入前30；价格处于人民币等值¥57.60-¥180.00黄金区间；评分达到4.0以上。
2026-08-23,amazon_us,product,search,platform sandals women,20,Monrovia,¥179.93,4.0,Monrovia,,,,,,https://www.amazon.com/Monrovia-Platform-Espadrille-Flatform-Vacation/dp/B0FVX54GF6/ref=sr_1_14?dib=eyJ2IjoiMSJ9.yFXG2t-AiJXnmdXXBYxFIjp2brixvqB3XFmuTR1SeW5apThS5ri6cx_nwIk5FefF0oIpw0aCrUXKmMOoKqVjBGuSiK1pw5k0MGbMhkcMnh_vhRmKQmSaYQ9dHZfttsgSTt5Hz8asbiBG-gFpEz6yRr74-1RrjNSnaBe7FNoPJLPZwnBoDD9NV8R6lmf94gsZVpgFhA47PTmYiavasCjAEClGEhoM-oaxs8bDQJJz_L2XQ6FiS4CzcTgHUXUJWUALO-VkX4uTHCExgCHUZITxliwIHtGeKblFBGDP6KgBxvk.HAv9B6CtL5PlNChCSzgGJxYp5HLRRUkS2C1x-1ez_eg&dib_tag=se&keywords=platform+sandals+women&qid=1787451804&sr=8-14,https://m.media-amazon.com/images/I/71Td3IAnifL._AC_UL320_.jpg,54,排名进入前30；价格处于人民币等值¥57.60-¥180.00黄金区间；评分达到4.0以上。
2026-08-23,amazon_us,product,search,platform sandals women,25,Athlefit,¥143.93,4.0,Athlefit,,,,,,https://www.amazon.com/Athlefit-Espadrilles-Sandals-Studded-Platform/dp/B083NZVCQH/ref=sr_1_19?dib=eyJ2IjoiMSJ9.yFXG2t-AiJXnmdXXBYxFIjp2brixvqB3XFmuTR1SeW5apThS5ri6cx_nwIk5FefF0oIpw0aCrUXKmMOoKqVjBGuSiK1pw5k0MGbMhkcMnh_vhRmKQmSaYQ9dHZfttsgSTt5Hz8asbiBG-gFpEz6yRr74-1RrjNSnaBe7FNoPJLPZwnBoDD9NV8R6lmf94gsZVpgFhA47PTmYiavasCjAEClGEhoM-oaxs8bDQJJz_L2XQ6FiS4CzcTgHUXUJWUALO-VkX4uTHCExgCHUZITxliwIHtGeKblFBGDP6KgBxvk.HAv9B6CtL5PlNChCSzgGJxYp5HLRRUkS2C1x-1ez_eg&dib_tag=se&keywords=platform+sandals+women&qid=1787451804&sr=8-19,https://m.media-amazon.com/images/I/71PoCinhRsL._AC_UL320_.jpg,54,排名进入前30；价格处于人民币等值¥57.60-¥180.00黄金区间；评分达到4.0以上。
2026-08-23,amazon_us,product,best_sellers,Best Sellers Women Sandals,39,"CUSHIONAIRE Fame Pillow Recovery Sandals for Women, Adjustable Double Buckle Waterproof EVA Cloud Slides for Women",,4.4,$26.98,,,,,,https://www.amazon.com/CUSHIONAIRE-Womens-recovery-cloud-Comfort/dp/B0BTQ5S71G/ref=zg_bs_g_679425011_d_sccl_39/147-1476138-7828040?psc=1,"https://images-na.ssl-images-amazon.com/images/I/81ab6T9a83L._AC_UL300_SR300,200_.jpg",53,排名进入前50；标题包含 cloud、recovery，符合美国女鞋舒适化趋势；cloud + slides组合趋势加分；评分达到4.3以上。
2026-08-23,amazon_us,product,search,women slides,18,Calvin Klein,¥226.01,4.4,Calvin Klein,,,,,,https://www.amazon.com/Calvin-Klein-Womens-Athens-Sandal/dp/B0CQRSPTDJ/ref=sr_1_12?dib=eyJ2IjoiMSJ9.wrqHnvIFpzxZDCy1gVq3f4ElwLELpfbzk0bZTxBh-O-UsnXSPoGdIOvDvl5EdsiLL4Ve6X20WUGTARP_hk7cBa78zToD1P2JVV0s08rWfwaWhzqHuC80ctLdieEuBXeabwES5nFentJJRYwlw9KDLj0nIwlbVH9GoyWeGxGfRel6GBV03VxJ2xprn04sw_xOZdrHr9hhQ8P4f-t_aVWOYTBB-ffnkozB6dn3CU_zgtUTDvZorbCVMePwjN4ws7ZFrgu8BAZofIjxjVdE17vYXE4HIhJ6zH_CNCv3XW946Gw.lC941-dOjcn_yWFS6jfB1V2dUzhcDiymseDokA1C0II&dib_tag=se&keywords=women+slides&qid=1787451804&sr=8-12,https://m.media-amazon.com/images/I/61TQsy18fPL._AC_UL320_.jpg,52,排名进入前30；价格处于人民币等值¥180.00-¥288.00区间；评分达到4.3以上。
2026-08-23,amazon_us,product,search,platform sandals women,1,Sorel Women's Ona Ave T-Toe Sneaker Sorel Women's Ona Ave T-Toe Sneaker,¥539.71,4.2,,,,,,,https://aax-us-east-retail-direct.amazon.com/x/c/JNd3XIaXBPFLet5QzM8vYnEAAAGgLG4MbAEAAAH2AQBvbm9fdHhuX2JpZDcgICBvbm9fdHhuX2ltcDEgICCOdf0B/clv1c_ek-wBXXWLbTenuvbk4rMvs2FBA-nstkPuuPYAM3Avl-71XgYzSR5DxbsltwUbZDDyE113W_BO4Ag7Iz0e4_Ng6HkXw6pRP8qoarAJlfn2s4XD9Er6MR0XVgw0vh1rUg9zBkx-7ThrP7E_vGe0W4j8iWJOP2dkkGKEsY9jrai145TeSqeG2NNdAd-vQVbNOoGAVp65IAhNktAZUV-eszGwoItMfQ1dKZevrKPbWmDB1UfNberNmM_DyyT6Aa51kCBgt77JwqgBYgXKuCvLqwQ4A6HSimXK6GO_mIKE8at2lhLLZ3BAFQOjxHeVliFtDwHBbDD0DPPn_OktTpl2rXHWAsY9q6FzcdAqizCe4ItLeHEyo61rOygHf7VWIb0oRek4GuzxK82h8vPBcc1rK4u6CNj3M67o9qqKY5vg-PTvlIp8-PhRtl_NY_4i4VVuoaFyc7rj8bATbdAmJw58BHpwcMiV5A7xUXOpv202pNyrW82rd2UJyJKeaAZ_XZVBRVlVu2cISf5WmWF8NpOjhfJFvAuasnjoLodeTJ5w8Ve38DmcPGZPg2rn68wIrFqW377K0giPwfxATaXVlERVjtDCRFIFW44H_Yz5zgGnfg3z6i0vFtA_VO3DhIo8qKbQdCsisuwoN4AphWUxrP_DhDG5xZku8VsZzKGcAe14Oh7WrLG1CTNSTgKbobW_OgPAF6ynjjaxzN9eMeDcNppDkBySy2Ss_Yl6E4asryLx1hzehBLpp9zEVwgu095vHcYkkSM6GGZSa6LJpMNdcBsyRdtiwWHqd3Bf-5ZphI7jbgMkNsmUabCoVodfugMi7_iagjj8SNC-K7saJuFJndxS7w-YplEnx6tGy4RcBfd-V-c6-GZeGDlDWg3ViqsPL_yfN_ECrN0ObT7FHPzOOAuGB8tMQsDTgP1hk5E22RZREhsUOatxIAhRY6Uikf3H2M6q3zoZvffW22C90raqLx5uojb6ugs04rpCxFLryKUdFE9SQO0VjjWwtfhD-M4nw-9_KhKZx9S_JJQRAcBX3PCCg-VDMK88vjbIPt8Mal82U6AnbvoWX5T8zOFlnaYHR8XMHmmAc_aqVpx4ZSbqLJ6OYZS6PjznH6u37RS_khlTmGcQX4uxvV5_ujTIkyjhDsb3LQ5J5qKy-PrWbO3sPdRO_m1ILVhBB51ijgFJxrzXgac_2bU3AXDuPKZGPTEKYUTUV90hk33UumqNleHPlCaSfkhDqpAolWXAPmgOkXuGolqTf1gfLlGFlsGP4aMFDryvzUQg56VGJmueFngvFkojexL1SI0RgYv4JFvqdhFCospt2Qt-GDqXdNVTFflRysFudENXtPZ5aNn80T-JLcNHXbJU5eLmdWGU2U5Q08nf0_gUEDgSaQfZwJho7sNwnSkjGZkI1nV0CWvOg0MZ9A6zAD4K9XMsE7NtxQUZoSTIEP6RMWRGLxmo1rvwU6nyNx8Eq4lXWlQsPBy_Pu-4-TYYdYurlgI2iYeMGdah_XjYj7xqkRG7h8A3TX15dH2WQiGGNQ4rMUZKO6VsBo2Wx4FmFE9tJqBngXwOD3tDhnVqS93tfSSqLzSjGzRNxXTz2uIePMz6Epg7APzJF2eHf9Jz8BLjP2aNW-d8zxbzcYY4scfKsoGLTe6cC_itRPVuFhZ0J4jw5sYUpbeWcreDEQbTo4f912gf5nuJnRTT5dzkg/https://www.amazon.com/gp/aw/d/B0F8CMP4J6/?_encoding=UTF8&pd_rd_plhdr=t&aaxitk=b8fdff5d0a92fb43ad129171fd02a1a5&hsa_cr_id=0&qid=1787451804&sr=1-1-9e67e56a-6f64-441f-a281-df67fc737124&i=aps&aref=rDDkVfxPg8&ref_=sbx_s_sparkle_sbtcd_asin_0_bkgd&pd_rd_w=fqAsf&content-id=amzn1.sym.8de9b3d5-f5c5-40e9-9b39-d65f08d6ea68%3Aamzn1.sym.8de9b3d5-f5c5-40e9-9b39-d65f08d6ea68&pf_rd_p=8de9b3d5-f5c5-40e9-9b39-d65f08d6ea68&pf_rd_r=XF4KMK89TXA11WNYSVAR&pd_rd_wg=WalIQ&pd_rd_r=1e96b85c-a832-4461-82d5-ccf652cb6e2f,"https://m.media-amazon.com/images/I/71Gjc0LInbL._AC_SR160,134_CB1169409_QL70_.jpg",52,排名靠前；价格高于人民币等值¥288.00；评分达到4.0以上。
2026-08-23,amazon_us,product,search,platform sandals women,10,LACIKOSZ,¥424.73,4.0,LACIKOSZ,,,,,,https://www.amazon.com/LACIKOSZ-Platform-Heeled-Sandals-Chunky/dp/B0H5QL57P9/ref=sr_1_7?dib=eyJ2IjoiMSJ9.yFXG2t-AiJXnmdXXBYxFIjp2brixvqB3XFmuTR1SeW5apThS5ri6cx_nwIk5FefF0oIpw0aCrUXKmMOoKqVjBGuSiK1pw5k0MGbMhkcMnh_vhRmKQmSaYQ9dHZfttsgSTt5Hz8asbiBG-gFpEz6yRr74-1RrjNSnaBe7FNoPJLPZwnBoDD9NV8R6lmf94gsZVpgFhA47PTmYiavasCjAEClGEhoM-oaxs8bDQJJz_L2XQ6FiS4CzcTgHUXUJWUALO-VkX4uTHCExgCHUZITxliwIHtGeKblFBGDP6KgBxvk.HAv9B6CtL5PlNChCSzgGJxYp5HLRRUkS2C1x-1ez_eg&dib_tag=se&keywords=platform+sandals+women&qid=1787451804&sr=8-7,https://m.media-amazon.com/images/I/710etJ0IbtL._AC_UL320_.jpg,52,排名靠前；价格高于人民币等值¥288.00；评分达到4.0以上。
2026-08-23,amazon_us,product,search,platform sandals women,16,DREAM PAIRS,¥223.13,4.4,DREAM PAIRS,,,,,,https://www.amazon.com/DREAM-PAIRS-Lightweight-Comfortable-Adjustable/dp/B0CNCLDB9P/ref=sr_1_10?dib=eyJ2IjoiMSJ9.yFXG2t-AiJXnmdXXBYxFIjp2brixvqB3XFmuTR1SeW5apThS5ri6cx_nwIk5FefF0oIpw0aCrUXKmMOoKqVjBGuSiK1pw5k0MGbMhkcMnh_vhRmKQmSaYQ9dHZfttsgSTt5Hz8asbiBG-gFpEz6yRr74-1RrjNSnaBe7FNoPJLPZwnBoDD9NV8R6lmf94gsZVpgFhA47PTmYiavasCjAEClGEhoM-oaxs8bDQJJz_L2XQ6FiS4CzcTgHUXUJWUALO-VkX4uTHCExgCHUZITxliwIHtGeKblFBGDP6KgBxvk.HAv9B6CtL5PlNChCSzgGJxYp5HLRRUkS2C1x-1ez_eg&dib_tag=se&keywords=platform+sandals+women&qid=1787451804&sr=8-10,https://m.media-amazon.com/images/I/61XHiZMaOcL._AC_UL320_.jpg,52,排名进入前30；价格处于人民币等值¥180.00-¥288.00区间；评分达到4.3以上。
2026-08-23,amazon_us,product,best_sellers,Best Sellers Women Sandals,23,"CUSHIONAIRE Luna Sandals for Women, Cork Footbed Womens Sandals for Summer Comfort with Adjustable Straps, Wide Width Available",,4.5,$34.99,,,,,,https://www.amazon.com/CUSHIONAIRE-Next-Womens-Slide-Sandals-Brown/dp/B073XSLL5P/ref=zg_bs_g_679425011_d_sccl_23/130-1550505-5708031?psc=1,"https://images-na.ssl-images-amazon.com/images/I/81TDeaArVJL._AC_UL600_SR600,400_.jpg",51,排名进入前30；标题包含 comfort、summer，符合美国女鞋舒适化趋势；评分达到4.3以上。
2026-08-23,amazon_us,product,best_sellers,Best Sellers Women Sandals,42,Project Cloud 100% Genuine Leather Footbed Sandals for Women (Santorini) | Comfortable Beach Essentials Womens Sandals Plush Memory Foam Cushioning Vacation Essentials Slides for Women Footwear,,4.1,$42.90,,,,,,https://www.amazon.com/Project-Cloud-Comfortable-Essentials-Santorini/dp/B0DQF8LS5X/ref=zg_bs_g_679425011_d_sccl_42/147-1476138-7828040?psc=1,"https://images-na.ssl-images-amazon.com/images/I/91yOyl7MMNL._AC_UL300_SR300,200_.jpg",51,排名进入前50；标题包含 cloud、comfort、beach，符合美国女鞋舒适化趋势；cloud + slides组合趋势加分；评分达到4.0以上。
2026-08-23,amazon_us,product,new_releases,New Releases Women Sandals,18,RJYLP Jelly Sandals for Women Clear Sandals Jelly Shoes Women Kitten Heel Mules Open Toe Slide Pumps Dress Shoes Beach Summer Sandal Cute Comfortable,,4.0,$49.99,,,,,,https://www.amazon.com/RJYLP-Sandals-Kitten-Summer-Comfortable/dp/B0H3NBYHJS/ref=zg_bsnr_g_679425011_d_sccl_18/147-1476138-7828040?psc=1,"https://images-na.ssl-images-amazon.com/images/I/61SdeC7gxAL._AC_UL600_SR600,400_.jpg",51,排名进入前30；标题包含 comfort、beach、summer，符合美国女鞋舒适化趋势；评分达到4.0以上。
2026-08-23,amazon_us,product,new_releases,New Releases Women Sandals,11,Project Cloud Square Toe Flip Flops For Women-Sandals Women | Womens Flip Flop with Memory Foam Insole Beach Essentials Womens Sandals-Thong Sandals Women Footwear-Square Toe Sandals,,4.1,$24.21,,,,,,https://www.amazon.com/Project-Cloud-Square-Flops-Women-Sandals/dp/B0GY5Y8N35/ref=zg_bsnr_g_679425011_d_sccl_11/147-1476138-7828040?psc=1,"https://images-na.ssl-images-amazon.com/images/I/71nllf30glL._AC_UL600_SR600,400_.jpg",50,排名进入前30；标题包含 cloud、beach，符合美国女鞋舒适化趋势；评分达到4.0以上。
2026-08-23,amazon_us,product,search,women summer slippers,29,Frykun,¥71.93,3.8,Frykun,,,,,,https://www.amazon.com/Frykun-Flops-Women-Support-Sandals/dp/B0GLGPRMX4/ref=sr_1_21?dib=eyJ2IjoiMSJ9.F9OEn6HQacWisoPoD_JQQdRo22Dt7WlNtuucVfc8UyOpYRsOI37_T76phpqs2tQAbgtjCTtOVzUkE31Af3d_V2Ui7UnVc3ls_f8ShFpSOmOPjxhLgau3h9MJwQ1t6iOv9tmcr8XDZ5IKN9pAKgYkCpwfDuBBKl3IqYz0FHCRZKH2FgGoCi9958ByTCoR2yAJV29ibluUVMJFbejWXbRk6nt5EhneyVIWAiI52sSPOKU1m4ucf1jYTZMUABC45Ch4sxg9tJjlXyTeXwfab0ddtg7aR8M4cuyd1CkCpnwXhKo.Deo1ayuWE11DnuilM4-TbqKxDEzwNInkwiYJv-Cs2yw&dib_tag=se&keywords=women+summer+slippers&qid=1787451803&sr=8-21,https://m.media-amazon.com/images/I/71NYXs9bkGL._AC_UL320_.jpg,50,排名进入前30；价格处于人民币等值¥57.60-¥180.00黄金区间。
2026-08-23,amazon_us,product,search,women slides,47,Project Cloud,¥179.28,4.3,Project Cloud,,,,,,https://www.amazon.com/Project-Cloud-Comfortable-Essentials-Vacation/dp/B0CNYDR78V/ref=sr_1_41?dib=eyJ2IjoiMSJ9.wrqHnvIFpzxZDCy1gVq3f4ElwLELpfbzk0bZTxBh-O-UsnXSPoGdIOvDvl5EdsiLL4Ve6X20WUGTARP_hk7cBa78zToD1P2JVV0s08rWfwaWhzqHuC80ctLdieEuBXeabwES5nFentJJRYwlw9KDLj0nIwlbVH9GoyWeGxGfRel6GBV03VxJ2xprn04sw_xOZdrHr9hhQ8P4f-t_aVWOYTBB-ffnkozB6dn3CU_zgtUTDvZorbCVMePwjN4ws7ZFrgu8BAZofIjxjVdE17vYXE4HIhJ6zH_CNCv3XW946Gw.lC941-dOjcn_yWFS6jfB1V2dUzhcDiymseDokA1C0II&dib_tag=se&keywords=women+slides&qid=1787451804&sr=8-41,https://m.media-amazon.com/images/I/71Zk8CZeYSL._AC_UL320_.jpg,50,排名进入前50；价格处于人民币等值¥57.60-¥180.00黄金区间；标题包含 cloud，符合美国女鞋舒适化趋势；评分达到4.3以上。
2026-08-23,amazon_us,product,best_sellers,Best Sellers Women Sandals,5,LULLASONG Women's Kitten Heels Sandals Square Open Toe Flip Flop Heels 1.8-2 Inch Heeled Sandals for Women,,4.0,$29.59,,,,,,https://www.amazon.com/LULLASONG-Womens-Kitten-Sandals-Square/dp/B0DCFSM597/ref=zg_bs_g_679425011_d_sccl_5/130-1550505-5708031?psc=1,"https://images-na.ssl-images-amazon.com/images/I/61aVZl7OhqL._AC_UL600_SR600,400_.jpg",49,排名靠前；评分达到4.0以上。
2026-08-23,amazon_us,product,new_releases,New Releases Women Sandals,1,"CUSHIONAIRE Java Casual Womens Jelly Flats with Adjustable Strap, Closed Toe Mary Janes Mule Design, Waterproof Jelly Sandals for Women",,4.2,$34.98,,,,,,https://www.amazon.com/CUSHIONAIRE-Adjustable-Waterproof-Sandals-WHISKEY/dp/B0H6GSWXPJ/ref=zg_bsnr_g_679425011_d_sccl_1/147-1476138-7828040?psc=1,"https://images-na.ssl-images-amazon.com/images/I/71gErrKwjVL._AC_UL600_SR600,400_.jpg",49,排名靠前；评分达到4.0以上。
2026-08-23,amazon_us,product,search,platform sandals women,11,CUSHIONAIRE,¥287.93,4.0,CUSHIONAIRE,,,,,,https://www.amazon.com/CUSHIONAIRE-Womens-platform-sandal-Memory/dp/B09M96YX6M/ref=sr_1_8?dib=eyJ2IjoiMSJ9.yFXG2t-AiJXnmdXXBYxFIjp2brixvqB3XFmuTR1SeW5apThS5ri6cx_nwIk5FefF0oIpw0aCrUXKmMOoKqVjBGuSiK1pw5k0MGbMhkcMnh_vhRmKQmSaYQ9dHZfttsgSTt5Hz8asbiBG-gFpEz6yRr74-1RrjNSnaBe7FNoPJLPZwnBoDD9NV8R6lmf94gsZVpgFhA47PTmYiavasCjAEClGEhoM-oaxs8bDQJJz_L2XQ6FiS4CzcTgHUXUJWUALO-VkX4uTHCExgCHUZITxliwIHtGeKblFBGDP6KgBxvk.HAv9B6CtL5PlNChCSzgGJxYp5HLRRUkS2C1x-1ez_eg&dib_tag=se&keywords=platform+sandals+women&qid=1787451804&sr=8-8,https://m.media-amazon.com/images/I/81v0nOOl2oL._AC_UL320_.jpg,49,排名进入前30；价格处于人民币等值¥180.00-¥288.00区间；评分达到4.0以上。
2026-08-23,amazon_us,product,search,platform sandals women,27,Accloris,¥287.86,4.1,Accloris,,,,,,https://www.amazon.com/Accloris-Platform-Comfortable-Lightweight-Beach-Ready/dp/B0G1YB2ZGH/ref=sr_1_21?dib=eyJ2IjoiMSJ9.yFXG2t-AiJXnmdXXBYxFIjp2brixvqB3XFmuTR1SeW5apThS5ri6cx_nwIk5FefF0oIpw0aCrUXKmMOoKqVjBGuSiK1pw5k0MGbMhkcMnh_vhRmKQmSaYQ9dHZfttsgSTt5Hz8asbiBG-gFpEz6yRr74-1RrjNSnaBe7FNoPJLPZwnBoDD9NV8R6lmf94gsZVpgFhA47PTmYiavasCjAEClGEhoM-oaxs8bDQJJz_L2XQ6FiS4CzcTgHUXUJWUALO-VkX4uTHCExgCHUZITxliwIHtGeKblFBGDP6KgBxvk.HAv9B6CtL5PlNChCSzgGJxYp5HLRRUkS2C1x-1ez_eg&dib_tag=se&keywords=platform+sandals+women&qid=1787451804&sr=8-21,https://m.media-amazon.com/images/I/716qZhNTI0L._AC_UL320_.jpg,49,排名进入前30；价格处于人民币等值¥180.00-¥288.00区间；评分达到4.0以上。
2026-08-23,amazon_us,product,best_sellers,Best Sellers Women Sandals,18,"Ankis Heels for Women Open Toe Ankle Strap Chunky Heel Sandals 2.75 Inch | nude white gold black, adjustable ankle strap, Cushioned footbed, All-day comfort, for various occasions",,4.4,$26.99,,,,,,https://www.amazon.com/Ankis-Nude-Heels-Women-numeric_8/dp/B094CTB3TY/ref=zg_bs_g_679425011_d_sccl_18/130-1550505-5708031?psc=1,"https://images-na.ssl-images-amazon.com/images/I/71dUhT7TubL._AC_UL600_SR600,400_.jpg",48,排名进入前30；标题包含 comfort，符合美国女鞋舒适化趋势；评分达到4.3以上。
2026-08-23,amazon_us,product,new_releases,New Releases Women Sandals,8,"CUSHIONAIRE Aqua Jelly Flip Flops for Women | Jelly Shoes Glossy Upper, Slip-On Thong Design, Open Round Toe, Quick-Dry Beach and Pool Friendly, Travel-Ready Resort Style",,3.2,$29.99,,,,,,https://www.amazon.com/CUSHIONAIRE-Jelly-Flops-Women-CHOCOLATE/dp/B0H6BZ8F8Y/ref=zg_bsnr_g_679425011_d_sccl_8/147-1476138-7828040?psc=1,"https://images-na.ssl-images-amazon.com/images/I/71LKwjHednL._AC_UL600_SR600,400_.jpg",48,排名靠前；标题包含 beach，符合美国女鞋舒适化趋势。
2026-08-23,amazon_us,product,new_releases,New Releases Women Sandals,12,mazeskin Womens Soft Jelly Flip Flops Square Thong Sandals | Waterproof Beach Pool Vacation Summer Non Slip Splash Flexible Casual Transparent Crystal Clear Shoes,,4.2,$13.99,,,,,,https://www.amazon.com/mazeskin-Womens-Jelly-Square-Sandals/dp/B0H4P7RNBF/ref=zg_bsnr_g_679425011_d_sccl_12/147-1476138-7828040?psc=1,"https://images-na.ssl-images-amazon.com/images/I/711Rr+br5KL._AC_UL600_SR600,400_.jpg",48,排名进入前30；标题包含 soft、beach、summer，符合美国女鞋舒适化趋势；评分达到4.0以上。
2026-08-23,amazon_us,product,new_releases,New Releases Women Sandals,26,"VIVASUN Women's Arch Support Waterproof Slip On EVA Slides | Non-slip wet sole,eases plantar fasciitis & sore feet,lightweight odor-free for shower,beach, daily walks",,4.1,$9.99,,,,,,https://www.amazon.com/VIVASUN-Womens-Support-Waterproof-Slides/dp/B0GWXZXSJW/ref=zg_bsnr_g_679425011_d_sccl_26/147-1476138-7828040?psc=1,"https://images-na.ssl-images-amazon.com/images/I/612YI-yGyyL._AC_UL600_SR600,400_.jpg",48,排名进入前30；标题包含 arch support、beach，符合美国女鞋舒适化趋势；评分达到4.0以上。
2026-08-23,amazon_us,product,best_sellers,Best Sellers Women Sandals,21,mazeskin Womens Memory Foam Flip Flops Leather Flat Sandals | Vegan Leather Square Toe Cushion Summer Casual Comfortable Slim Thong Beach Slide Shoes Non Slip,,3.9,$9.99,,,,,,https://www.amazon.com/mazeskin-Womens-Memory-Leather-Sandals/dp/B0GRMZ5PFS/ref=zg_bs_g_679425011_d_sccl_21/130-1550505-5708031?psc=1,"https://images-na.ssl-images-amazon.com/images/I/717PAaaaLdL._AC_UL600_SR600,400_.jpg",47,排名进入前30；标题包含 comfort、beach、summer，符合美国女鞋舒适化趋势。
2026-08-23,amazon_us,product,best_sellers,Best Sellers Women Sandals,32,KuaiLu Flip Flops for Women with Arch Support Summer Beach Thong Sandals | Comfortable Walking Shoes Lightweight Soft Yoga Mat Cushion Floral Outfits Slip On Indoor Outdoor,,4.5,$13.99,,,,,,https://www.amazon.com/KuaiLu-Comfortable-Waterproof-Supportive-Flipflops/dp/B0CTML36SJ/ref=zg_bs_g_679425011_d_sccl_32/147-1476138-7828040?psc=1,"https://images-na.ssl-images-amazon.com/images/I/71FLg8v7ZyL._AC_UL300_SR300,200_.jpg",47,排名进入前50；标题包含 comfort、arch support、soft、beach、summer，符合美国女鞋舒适化趋势；评分达到4.3以上。
2026-08-23,amazon_us,product,new_releases,New Releases Women Sandals,21,Noctivelle Women Jelly Shoes Clear Mesh Flat Sandal V-Shaped Breathable Comfort Slip On Waterproof Transparent Summer Beach Pool Ballet Flats,,3.9,$22.99,,,,,,https://www.amazon.com/Noctivelle-Women-Clear-Flat-Transparent/dp/B0H5JVSQWM/ref=zg_bsnr_g_679425011_d_sccl_21/147-1476138-7828040?psc=1,"https://images-na.ssl-images-amazon.com/images/I/81WNgzdjKrL._AC_UL600_SR600,400_.jpg",47,排名进入前30；标题包含 comfort、beach、summer，符合美国女鞋舒适化趋势。
2026-08-23,amazon_us,product,new_releases,New Releases Women Sandals,23,"CUSHIONAIRE Ferry Espadrille Wedge Sandals for Women, Thong Platform Flip Flops with Cross Strap and Slip-On Design",,3.8,$49.99,,,,,,https://www.amazon.com/CUSHIONAIRE-Espadrille-Sandals-Platform-Design/dp/B0H42RRPBZ/ref=zg_bsnr_g_679425011_d_sccl_23/147-1476138-7828040?psc=1,"https://images-na.ssl-images-amazon.com/images/I/81rI8wTUKAL._AC_UL600_SR600,400_.jpg",46,排名进入前30；标题包含 platform、wedge，符合美国女鞋舒适化趋势。
2026-08-23,amazon_us,product,search,women slides,36,Slides for Women and Men Arch Support Slide Sandals Slip Resistant Shower Slippers Cushioned Pool Slides,¥143.93,3.9,100+ bought in past month,,,,,,https://www.amazon.com/VIVASUN-Unisex-Support-Cushioned-Sandals/dp/B0H8CX577D/ref=sr_1_30?dib=eyJ2IjoiMSJ9.wrqHnvIFpzxZDCy1gVq3f4ElwLELpfbzk0bZTxBh-O-UsnXSPoGdIOvDvl5EdsiLL4Ve6X20WUGTARP_hk7cBa78zToD1P2JVV0s08rWfwaWhzqHuC80ctLdieEuBXeabwES5nFentJJRYwlw9KDLj0nIwlbVH9GoyWeGxGfRel6GBV03VxJ2xprn04sw_xOZdrHr9hhQ8P4f-t_aVWOYTBB-ffnkozB6dn3CU_zgtUTDvZorbCVMePwjN4ws7ZFrgu8BAZofIjxjVdE17vYXE4HIhJ6zH_CNCv3XW946Gw.lC941-dOjcn_yWFS6jfB1V2dUzhcDiymseDokA1C0II&dib_tag=se&keywords=women+slides&qid=1787451804&sr=8-30,https://m.media-amazon.com/images/I/71DfPnwadBL._AC_UL320_.jpg,46,排名进入前50；评论数达到50以上；价格处于人民币等值¥57.60-¥180.00黄金区间；标题包含 arch support，符合美国女鞋舒适化趋势。
2026-08-23,amazon_us,product,best_sellers,Best Sellers Women Sandals,17,"Weweya Slides for Women Men Shower Shoes House Slippers Beach Sandals | Bathroom, Non Slip, Lightweight",,4.4,$9.99,,,,,,https://www.amazon.com/Weweya-Shower-Bathroom-Slippers-Sandals/dp/B0F1XJ9TM4/ref=zg_bs_g_679425011_d_sccl_17/130-1550505-5708031?psc=1,"https://images-na.ssl-images-amazon.com/images/I/718rk3GaK+L._AC_UL600_SR600,400_.jpg",45,排名进入前30；标题包含 beach，符合美国女鞋舒适化趋势；评分达到4.3以上。
2026-08-23,amazon_us,product,best_sellers,Best Sellers Women Sandals,25,"DREAM PAIRS Women's Comfort Block Heel Sandals | Open Toe Adjustable Ankle Strap Chunky Dress Heels, Fashion Heeled Sandals for Prom, Wedding Guest and Formal Events",,4.2,$29.99,,,,,,https://www.amazon.com/DREAM-PAIRS-Womens-Chunk-Sandals/dp/B071CTLNBL/ref=zg_bs_g_679425011_d_sccl_25/130-1550505-5708031?psc=1,"https://images-na.ssl-images-amazon.com/images/I/61mjdmlQ3bL._AC_UL600_SR600,400_.jpg",45,排名进入前30；标题包含 comfort，符合美国女鞋舒适化趋势；评分达到4.0以上。
2026-08-23,amazon_us,product,new_releases,New Releases Women Sandals,2,CUSHIONAIRE Riot Jelly Thong Kitten Heels for Women,,3.7,$39.99,,,,,,https://www.amazon.com/CUSHIONAIRE-Jelly-Thong-Kitten-CHOCOLATE/dp/B0H6C2T8B3/ref=zg_bsnr_g_679425011_d_sccl_2/147-1476138-7828040?psc=1,"https://images-na.ssl-images-amazon.com/images/I/71cl7MmlX-L._AC_UL600_SR600,400_.jpg",45,排名靠前。
2026-08-23,amazon_us,product,new_releases,New Releases Women Sandals,6,"CUSHIONAIRE Tory Strappy Flat Sandals for Women, Toe Ring Sandals with Adjustable Buckle Ankle Strap, Wrap Style",,3.3,$39.99,,,,,,https://www.amazon.com/CUSHIONAIRE-Strappy-Sandals-Adjustable-Buckle/dp/B0H42DFYZ8/ref=zg_bsnr_g_679425011_d_sccl_6/147-1476138-7828040?psc=1,"https://images-na.ssl-images-amazon.com/images/I/81hP4YBoUmL._AC_UL600_SR600,400_.jpg",45,排名靠前。
2026-08-23,amazon_us,product,new_releases,New Releases Women Sandals,13,"DREAM PAIRS Women's Stiletto Kitten Heeled Sandals | Pointed Open Toe Chunky Block Heels, Heeled Sandals Wedding Bridal Party, 3.78-inch stiletto heel Comfortable Shoes",,4.2,$39.99,,,,,,https://www.amazon.com/DREAM-PAIRS-Womens-Stiletto-Sandals/dp/B0H2THMG4R/ref=zg_bsnr_g_679425011_d_sccl_13/147-1476138-7828040?psc=1,"https://images-na.ssl-images-amazon.com/images/I/61xj+RP20CL._AC_UL600_SR600,400_.jpg",45,排名进入前30；标题包含 comfort，符合美国女鞋舒适化趋势；评分达到4.0以上。
2026-08-23,amazon_us,product,new_releases,New Releases Women Sandals,22,IDIFU IN1 Kitten Flip Flop Heels for Women Square Open Toe Low Heel | Wedding Bride Graduation Party Slide Dress Shoes Comfortable Cute Trendy Casual Thong Slip On Strappy Low Heeled Sandals,,4.1,$28.98,,,,,,https://www.amazon.com/IDIFU-Black-Heels-Kitten-Square/dp/B0H33W2RR2/ref=zg_bsnr_g_679425011_d_sccl_22/147-1476138-7828040?psc=1,"https://images-na.ssl-images-amazon.com/images/I/61RO1a8KWKL._AC_UL600_SR600,400_.jpg",45,排名进入前30；标题包含 comfort，符合美国女鞋舒适化趋势；评分达到4.0以上。
2026-08-23,amazon_us,product,new_releases,New Releases Women Sandals,30,"DREAM PAIRS Women's Elegant Bow Strappy Block Heel Sandals | Square Open Toe Adjustable Ankle Strap Chunky Dress Heels, Comfort Formal Heels for Party, Wedding Guest and Prom Occasions",,4.2,$31.99,,,,,,https://www.amazon.com/DREAM-PAIRS-Elegant-Strappy-Sandals/dp/B0H32MLZSQ/ref=zg_bsnr_g_679425011_d_sccl_30/147-1476138-7828040?psc=1,"https://images-na.ssl-images-amazon.com/images/I/61iuxSWJl4L._AC_UL600_SR600,400_.jpg",45,排名进入前30；标题包含 comfort，符合美国女鞋舒适化趋势；评分达到4.0以上。
2026-08-23,amazon_us,product,search,women slides,1,4.4,,,4.4,,,,,,https://aax-us-east-retail-direct.amazon.com/x/c/JGeHbBzL1rUuUGAdCfR2hAIAAAGgLG4MMgEAAAH2AQBvbm9fdHhuX2JpZDQgICBvbm9fdHhuX2ltcDEgICCrkdgg/clv1c_ek-wBffXVcbe3DK2Z7rC7XdcOO1Dnzj4ziFuBomXOiHfOO5f-O7wE0-kt3mvY9bdvEPexZNIesnbkyT0vILGGOiqsJmKe9M_FidGL92C3M93EtCrt7U2QaRI4vtvoD51YQJoShDPXjfpQCTWAupr4fLZiF2ek00q0nfh7vWr3pMPgQvdQiwMHpj0MCErRAhB8TU3Wg_LGhbG2VzYw2igKdg3N3-fpOaydm5shnBMZ93hNIWbGzvj82kJPKrrVWhavkSfr0Wmn5PVlHC8dBo0qauRztX4VQ7po_xCYIUCuDnEq6904fBK0Wru5gjPpU-S7aJQMwMWZwlkQ0KHChMT18FyU9KygTgaE6UlOJr1U7M5EZzJSARVFV9I9dVUZeZKZCm3uUkp-VQLimYvVtB6nYaunMw7S1sIVOi8h-VcsPmxtMXj4E-CfRwNOzo8HShOHw1BuGnkGxUGuVwUKUnMrpElXbVZCye0HlFYjT65thFjClWrNQEhWim8XBh0hmjY0HXszONADsYyugLu-wc8aP-VH-sfR6b1GpWlbwZ4nrVPiCOcmCzE_qKiiVI0ksGguo6AvG_R1BPKvKx-cU31DQTu054R9823F4FeGBy7LHuOJYwG_FgTDijKPE3DtCCTeiCT-HC6Z7p-IKJ71-0MFARS5qwddI6TqZurB07PbSBHFGqLnuLyCJTv72gFLb7gJ0l2zi9ne2NwY9VeQMZbUMg0uGDsvJHcvQyjF3oGFmgqM_gTHXSpZBsIILLqnN4kEvH2LbscWHzXJOF7cxztJVYse_ffhUc5-mfYNYC-cxg6DScflpH6lS-N7pEPcGyC5GOd37nEQz411HAu6hcgU1tosRsMKiC4bj_WII8HKTwv7Qf20RpOfbyZFVZupQhfPc0z6iPAncwyMrjDWhRqegW7lWEQvyok0tNyMTuWJN3dG54HFxdW1bovdm12D6xLVw90HgQs7Rb3FYEctKRrOZAAdRECERGBs9B5JBSSoAVXol1t_5SxFYG4m2qXbabFqIkR8TowBGwx0kZ_xMd8LJY-svINVA0h-GtyWeECl5yf2ctd6GYg2JckOjVqg9wME64JZ2BvPbPXceYhO4nptlsxOJ0F8DhaHD7a7xjukQ8XVetqI_M-q8erFQkhjJWpaL0Kz8Nr2OPk49BP3ixm8ufZemRlzqFCXgZtNU0bLCQwZosFSQT3-8FsDYtmMUo2G3J4XgeKOUEkaDnlj3TQ3lV1rhZKJDRfjCBe-kNPdn8u-bFNPm7tmqLktH29dzy2_oiLcWgF2yg7BHg2AkD-pq_hZB8af3C5IjD-_-DHBMcD8G6OuJIIQVyeD6PCmMSIWv9mah9qSYAaCUUBU3AlMbh1dW6rOMrU83DbPvrD_hJKvS_Isk1NdIbWEJzQSB8lDYYJ0n98ppJlMaywP_OAg3T_KQPql4dQdTWVtdkQ9HZR8ZSGxWHlW4YP_8n7ME4xz1ivGTc3s8IBPg-QgWaUa0IYop6lQuu0guJLra3G-LftgRRiE_WBqrl5gRw4_BuBSodtm_oX2RG5KBuSUHNPCm01hRhxtcVXW8d5UWksyhQHx58t9pCa8RzjkNrlJp7tM5nlpe90DjSviraqb4V0ihyibA/https://www.amazon.com/dp/B094T4N5W6/?_encoding=UTF8&pd_rd_i=B094T4N5W6&ref_=sbx_be_s_sparkle_ssd_img&qid=1787451804&pd_rd_w=zNzXn&content-id=amzn1.sym.8de9b3d5-f5c5-40e9-9b39-d65f08d6ea68%3Aamzn1.sym.8de9b3d5-f5c5-40e9-9b39-d65f08d6ea68&pf_rd_p=8de9b3d5-f5c5-40e9-9b39-d65f08d6ea68&pf_rd_r=6MBRZY7VMFTR4SPY41MA&pd_rd_wg=FKKRK&pd_rd_r=092d8fdd-ad13-466f-8fdc-b12bb75c0a74&pd_rd_plhdr=t,"https://m.media-amazon.com/images/I/41LppTvCXFL._AC_SR250,250_QL65_.jpg",45,排名靠前。
2026-08-23,amazon_us,product,search,women slides,29,OOFOS,¥431.64,4.4,OOFOS,,,,,,https://www.amazon.com/OOFOS-OOahh-Unisex-Slide-Sandal/dp/B09Y9GYV3H/ref=sr_1_23?dib=eyJ2IjoiMSJ9.wrqHnvIFpzxZDCy1gVq3f4ElwLELpfbzk0bZTxBh-O-UsnXSPoGdIOvDvl5EdsiLL4Ve6X20WUGTARP_hk7cBa78zToD1P2JVV0s08rWfwaWhzqHuC80ctLdieEuBXeabwES5nFentJJRYwlw9KDLj0nIwlbVH9GoyWeGxGfRel6GBV03VxJ2xprn04sw_xOZdrHr9hhQ8P4f-t_aVWOYTBB-ffnkozB6dn3CU_zgtUTDvZorbCVMePwjN4ws7ZFrgu8BAZofIjxjVdE17vYXE4HIhJ6zH_CNCv3XW946Gw.lC941-dOjcn_yWFS6jfB1V2dUzhcDiymseDokA1C0II&dib_tag=se&keywords=women+slides&qid=1787451804&sr=8-23,https://m.media-amazon.com/images/I/51dH7-05JjL._AC_UL320_.jpg,45,排名进入前30；价格高于人民币等值¥288.00；评分达到4.3以上。
2026-08-23,amazon_us,product,search,platform sandals women,19,Crocs,¥323.64,4.5,Crocs,,,,,,https://www.amazon.com/Crocs-Getaway-Platform-Sandals-LiteRide/dp/B0DND8TTL9/ref=sr_1_13?dib=eyJ2IjoiMSJ9.yFXG2t-AiJXnmdXXBYxFIjp2brixvqB3XFmuTR1SeW5apThS5ri6cx_nwIk5FefF0oIpw0aCrUXKmMOoKqVjBGuSiK1pw5k0MGbMhkcMnh_vhRmKQmSaYQ9dHZfttsgSTt5Hz8asbiBG-gFpEz6yRr74-1RrjNSnaBe7FNoPJLPZwnBoDD9NV8R6lmf94gsZVpgFhA47PTmYiavasCjAEClGEhoM-oaxs8bDQJJz_L2XQ6FiS4CzcTgHUXUJWUALO-VkX4uTHCExgCHUZITxliwIHtGeKblFBGDP6KgBxvk.HAv9B6CtL5PlNChCSzgGJxYp5HLRRUkS2C1x-1ez_eg&dib_tag=se&keywords=platform+sandals+women&qid=1787451804&sr=8-13,https://m.media-amazon.com/images/I/41yd3SXL8yL._AC_UL320_.jpg,45,排名进入前30；价格高于人民币等值¥288.00；评分达到4.3以上。
2026-08-23,amazon_us,product,search,platform sandals women,30,REEF,¥436.18,4.4,REEF,,,,,,https://www.amazon.com/Reef-Womens-Sandals-Water-Higher/dp/B0CMCR4R4X/ref=sr_1_24?dib=eyJ2IjoiMSJ9.yFXG2t-AiJXnmdXXBYxFIjp2brixvqB3XFmuTR1SeW5apThS5ri6cx_nwIk5FefF0oIpw0aCrUXKmMOoKqVjBGuSiK1pw5k0MGbMhkcMnh_vhRmKQmSaYQ9dHZfttsgSTt5Hz8asbiBG-gFpEz6yRr74-1RrjNSnaBe7FNoPJLPZwnBoDD9NV8R6lmf94gsZVpgFhA47PTmYiavasCjAEClGEhoM-oaxs8bDQJJz_L2XQ6FiS4CzcTgHUXUJWUALO-VkX4uTHCExgCHUZITxliwIHtGeKblFBGDP6KgBxvk.HAv9B6CtL5PlNChCSzgGJxYp5HLRRUkS2C1x-1ez_eg&dib_tag=se&keywords=platform+sandals+women&qid=1787451804&sr=8-24,https://m.media-amazon.com/images/I/61YxKHZ8gRL._AC_UL320_.jpg,45,排名进入前30；价格高于人民币等值¥288.00；评分达到4.3以上。
2026-08-23,amazon_us,product,new_releases,New Releases Women Sandals,15,"DREAM PAIRS Women's Kitten Low Heel Ankle Strap Sandals | Square Open Toe Summer Sandals, Comfortable for Women 2026 Fashion Dress Wedding Party Shoes",,3.9,$35.99,,,,,,https://www.amazon.com/DREAM-PAIRS-Womens-Kitten-Sandals/dp/B0GY3SP4H3/ref=zg_bsnr_g_679425011_d_sccl_15/147-1476138-7828040?psc=1,"https://images-na.ssl-images-amazon.com/images/I/61n6gngVKOL._AC_UL600_SR600,400_.jpg",44,排名进入前30；标题包含 comfort、summer，符合美国女鞋舒适化趋势。
2026-08-23,amazon_us,product,new_releases,New Releases Women Sandals,17,"DREAM PAIRS Women's High Heels Kitten Mules | Dressy Comfortable Fashion Pointed Peep Toe Slip On Sandals tacones,Suitable for Wedding Daily Work Travel Vacation Summer",,3.8,$25.99,,,,,,https://www.amazon.com/DREAM-PAIRS-Womens-Heels-Kitten/dp/B0GYPWKV5G/ref=zg_bsnr_g_679425011_d_sccl_17/147-1476138-7828040?psc=1,"https://images-na.ssl-images-amazon.com/images/I/61OpOQRzPqL._AC_UL600_SR600,400_.jpg",44,排名进入前30；标题包含 comfort、summer，符合美国女鞋舒适化趋势。
2026-08-23,amazon_us,product,new_releases,New Releases Women Sandals,28,"DREAM PAIRS Women's Chunky Low Heel Thong Sandals | Square Open Toe Slip On, Flip Flop Summer Heels, Comfortable Elgeant Going Out Sandals, Causal for Travel Daily Party Events",,3.8,$36.99,,,,,,https://www.amazon.com/DREAM-PAIRS-Womens-Chunky-Sandals/dp/B0H4FJFZ2C/ref=zg_bsnr_g_679425011_d_sccl_28/147-1476138-7828040?psc=1,"https://images-na.ssl-images-amazon.com/images/I/61B769rYVcL._AC_UL600_SR600,400_.jpg",44,排名进入前30；标题包含 comfort、summer，符合美国女鞋舒适化趋势。
2026-08-23,amazon_us,product,new_releases,New Releases Women Sandals,41,"SUITSER Womens Flip Flops with Arch Support, Yoga Mat Thong Sandals | Soft Fabric Straps, Lightweight Non Slip Sole, Comfortable Summer Sandals for Beach, Pool, Walking, Travel",,4.1,$9.19,,,,,,https://www.amazon.com/SUITSER-Womens-Flops-Support-Sandals/dp/B0GZSSN2ZH/ref=zg_bsnr_g_679425011_d_sccl_41/147-1476138-7828040?psc=1,"https://images-na.ssl-images-amazon.com/images/I/71mLjm7RuDL._AC_UL300_SR300,200_.jpg",44,排名进入前50；标题包含 comfort、arch support、soft、beach、summer，符合美国女鞋舒适化趋势；评分达到4.0以上。
2026-08-23,amazon_us,product,new_releases,New Releases Women Sandals,29,"CUSHIONAIRE Fuse Chunky Womens Sandals with Double Buckle Straps and Durable Lug Sole, Casual Platform Sandals Women Footwear",,3.9,$44.99,,,,,,https://www.amazon.com/CUSHIONAIRE-Sandals-Platform-Footwear-TORTOISE/dp/B0H42DJLNP/ref=zg_bsnr_g_679425011_d_sccl_29/147-1476138-7828040?psc=1,"https://images-na.ssl-images-amazon.com/images/I/81J+-tsF-qL._AC_UL600_SR600,400_.jpg",43,排名进入前30；标题包含 platform，符合美国女鞋舒适化趋势。
2026-08-23,amazon_us,product,best_sellers,Best Sellers Women Sandals,11,Havaianas Women's Slim Square Solid Flip Flops | Beach Sandals,,4.1,$23.00,,,,,,https://www.amazon.com/Havaianas-Womens-Square-Solid-Medium/dp/B0BBPX6J6F/ref=zg_bs_g_679425011_d_sccl_11/130-1550505-5708031?psc=1,"https://images-na.ssl-images-amazon.com/images/I/519tF5UFGFL._AC_UL600_SR600,400_.jpg",42,排名进入前30；标题包含 beach，符合美国女鞋舒适化趋势；评分达到4.0以上。
2026-08-23,amazon_us,product,best_sellers,Best Sellers Women Sandals,35,"FUNKYMONKEY Women's Comfort Slides Non-Slip Lightweight Flat Beach Sandals | Adjustable Buckle Plastic Sandals with Arch Support, Waterproof Non-Slip Summer Slippers for Pool, Shower & Daily Wear",,4.1,$18.99,,,,,,https://www.amazon.com/FUNKYMONKEY-Comfort-Adjustable-Sandals-US-Women/dp/B07CV9YZBB/ref=zg_bs_g_679425011_d_sccl_35/147-1476138-7828040?psc=1,"https://images-na.ssl-images-amazon.com/images/I/51o3wxcasIL._AC_UL300_SR300,200_.jpg",42,排名进入前50；标题包含 comfort、arch support、beach、summer，符合美国女鞋舒适化趋势；评分达到4.0以上。
2026-08-23,amazon_us,product,best_sellers,Best Sellers Women Sandals,37,"UBFEN Womens Hiking Sandals with Comfortable Arch Support | Lightweight, Adjustable Straps, Water Sandals for All-Day Wear, Beach, Vacation, Camping, Walking, Sport",,4.5,$39.99,,,,,,https://www.amazon.com/UBFEN-Sandals-Adjustable-Support-Vacation/dp/B0DQ7ZMY71/ref=zg_bs_g_679425011_d_sccl_37/147-1476138-7828040?psc=1,"https://images-na.ssl-images-amazon.com/images/I/71kBI1vUNtL._AC_UL300_SR300,200_.jpg",42,排名进入前50；标题包含 comfort、arch support、beach，符合美国女鞋舒适化趋势；评分达到4.3以上。
2026-08-23,amazon_us,product,best_sellers,Best Sellers Women Sandals,48,"shevalues Women's Comfort EVA Sandals Medium Arch Support Beach Slides | Adjustable Double Buckle, Waterproof, Lightweight, Soft Cushioned, Non-slip, Slip-On",,4.2,$19.99,,,,,,https://www.amazon.com/shevalues-Comfort-Sandals-Support-Adjustable/dp/B0GG1VL4SZ/ref=zg_bs_g_679425011_d_sccl_48/147-1476138-7828040?psc=1,"https://images-na.ssl-images-amazon.com/images/I/71N1gcg2qHL._AC_UL300_SR300,200_.jpg",42,排名进入前50；标题包含 comfort、arch support、soft、beach，符合美国女鞋舒适化趋势；评分达到4.0以上。
2026-08-23,amazon_us,product,new_releases,New Releases Women Sandals,16,"VICKI·VICKI Women’s Raffia Slide Sandals, Low Heel Square Toe Open Toe Slip On Sandals for Women, Memory Foam Insole, Summer Vacation Casual Sandals",,4.2,$25.99,,,,,,https://www.amazon.com/VICKI%C2%B7VICKI-Womens-Raffia-Sandals-Vacation/dp/B0GJ4F9F3K/ref=zg_bsnr_g_679425011_d_sccl_16/147-1476138-7828040?psc=1,"https://images-na.ssl-images-amazon.com/images/I/71V+JB6FiUL._AC_UL600_SR600,400_.jpg",42,排名进入前30；标题包含 summer，符合美国女鞋舒适化趋势；评分达到4.0以上。
2026-08-23,amazon_us,product,new_releases,New Releases Women Sandals,20,Caradise Jelly Mule Kitten Heel Sandals for Women Summer Jelly Shoes,,4.0,$49.99,,,,,,https://www.amazon.com/Caradise-Jelly-Kitten-Sandals-Summer/dp/B0H5PJ2WRN/ref=zg_bsnr_g_679425011_d_sccl_20/147-1476138-7828040?psc=1,"https://images-na.ssl-images-amazon.com/images/I/61GKR9y5HSL._AC_UL600_SR600,400_.jpg",42,排名进入前30；标题包含 summer，符合美国女鞋舒适化趋势；评分达到4.0以上。
2026-08-23,amazon_us,product,new_releases,New Releases Women Sandals,32,"FITORY Flip Flops for Women Men Summer Thong Sandals Arch Support Shower | Slip on, Rubber, Beach, Pool, Comfortable, Cushion, Waterproof, EVA, Unisex",,4.0,$9.99,,,,,,https://www.amazon.com/FITORY-Flops-Summer-Support-Shower/dp/B0GZZK1C98/ref=zg_bsnr_g_679425011_d_sccl_32/147-1476138-7828040?psc=1,"https://images-na.ssl-images-amazon.com/images/I/51lPFR4H9aL._AC_UL300_SR300,200_.jpg",42,排名进入前50；标题包含 comfort、arch support、beach、summer，符合美国女鞋舒适化趋势；评分达到4.0以上。
2026-08-23,amazon_us,product,new_releases,New Releases Women Sandals,40,GETOEU Arch Support Flip Flops for Women Square Toe Thong Sandals Comfortable Summer Beach Lightweight Flip Flops,,4.2,$9.99,,,,,,https://www.amazon.com/GETOEU-Support-Sandals-Comfortable-Lightweight/dp/B0H33X2P5N/ref=zg_bsnr_g_679425011_d_sccl_40/147-1476138-7828040?psc=1,"https://images-na.ssl-images-amazon.com/images/I/812JKZIwOpL._AC_UL300_SR300,200_.jpg",42,排名进入前50；标题包含 comfort、arch support、beach、summer，符合美国女鞋舒适化趋势；评分达到4.0以上。
2026-08-23,amazon_us,product,new_releases,New Releases Women Sandals,45,Tidewater Flip Flops | Women's Arch Support | Comfortable Casual Sandals | Beach and Daily Wear | Made for Comfort and Style | Resort Wear | Everyday Comfort,,4.4,$32.99,,,,,,https://www.amazon.com/Tidewater-Flip-Flops-Comfortable-Everyday/dp/B0H9YVWG43/ref=zg_bsnr_g_679425011_d_sccl_45/147-1476138-7828040?psc=1,"https://images-na.ssl-images-amazon.com/images/I/51EUsxNmtJL._AC_UL300_SR300,200_.jpg",42,排名进入前50；标题包含 comfort、arch support、beach，符合美国女鞋舒适化趋势；评分达到4.3以上。
2026-08-23,amazon_us,product,search,women summer slippers,31,EverFoams,¥86.26,4.3,EverFoams,,,,,,https://www.amazon.com/EverFoams-Slippers-Outdoor-Outsole-Vanilla/dp/B0DPZPQ4JW/ref=sr_1_23?dib=eyJ2IjoiMSJ9.F9OEn6HQacWisoPoD_JQQdRo22Dt7WlNtuucVfc8UyOpYRsOI37_T76phpqs2tQAbgtjCTtOVzUkE31Af3d_V2Ui7UnVc3ls_f8ShFpSOmOPjxhLgau3h9MJwQ1t6iOv9tmcr8XDZ5IKN9pAKgYkCpwfDuBBKl3IqYz0FHCRZKH2FgGoCi9958ByTCoR2yAJV29ibluUVMJFbejWXbRk6nt5EhneyVIWAiI52sSPOKU1m4ucf1jYTZMUABC45Ch4sxg9tJjlXyTeXwfab0ddtg7aR8M4cuyd1CkCpnwXhKo.Deo1ayuWE11DnuilM4-TbqKxDEzwNInkwiYJv-Cs2yw&dib_tag=se&keywords=women+summer+slippers&qid=1787451803&sr=8-23,https://m.media-amazon.com/images/I/61-syU96aOL._AC_UL320_.jpg,42,排名进入前50；价格处于人民币等值¥57.60-¥180.00黄金区间；评分达到4.3以上。
2026-08-23,amazon_us,product,search,women summer slippers,35,Dearfoams,¥129.53,4.3,Dearfoams,,,,,,https://www.amazon.com/Dearfoams-womens-Slipper-Dusty-Large/dp/B083VY1Q3M/ref=sr_1_27?dib=eyJ2IjoiMSJ9.F9OEn6HQacWisoPoD_JQQdRo22Dt7WlNtuucVfc8UyOpYRsOI37_T76phpqs2tQAbgtjCTtOVzUkE31Af3d_V2Ui7UnVc3ls_f8ShFpSOmOPjxhLgau3h9MJwQ1t6iOv9tmcr8XDZ5IKN9pAKgYkCpwfDuBBKl3IqYz0FHCRZKH2FgGoCi9958ByTCoR2yAJV29ibluUVMJFbejWXbRk6nt5EhneyVIWAiI52sSPOKU1m4ucf1jYTZMUABC45Ch4sxg9tJjlXyTeXwfab0ddtg7aR8M4cuyd1CkCpnwXhKo.Deo1ayuWE11DnuilM4-TbqKxDEzwNInkwiYJv-Cs2yw&dib_tag=se&keywords=women+summer+slippers&qid=1787451803&sr=8-27,https://m.media-amazon.com/images/I/716X6dZXCuL._AC_UL320_.jpg,42,排名进入前50；价格处于人民币等值¥57.60-¥180.00黄金区间；评分达到4.3以上。
2026-08-23,amazon_us,product,search,women summer slippers,39,shevalues,¥71.93,4.4,shevalues,,,,,,https://www.amazon.com/shevalues-Shower-Rubber-Sandals-Comfortable/dp/B0B68G2D52/ref=sr_1_31?dib=eyJ2IjoiMSJ9.F9OEn6HQacWisoPoD_JQQdRo22Dt7WlNtuucVfc8UyOpYRsOI37_T76phpqs2tQAbgtjCTtOVzUkE31Af3d_V2Ui7UnVc3ls_f8ShFpSOmOPjxhLgau3h9MJwQ1t6iOv9tmcr8XDZ5IKN9pAKgYkCpwfDuBBKl3IqYz0FHCRZKH2FgGoCi9958ByTCoR2yAJV29ibluUVMJFbejWXbRk6nt5EhneyVIWAiI52sSPOKU1m4ucf1jYTZMUABC45Ch4sxg9tJjlXyTeXwfab0ddtg7aR8M4cuyd1CkCpnwXhKo.Deo1ayuWE11DnuilM4-TbqKxDEzwNInkwiYJv-Cs2yw&dib_tag=se&keywords=women+summer+slippers&qid=1787451803&sr=8-31,https://m.media-amazon.com/images/I/61b4HXgBWfL._AC_UL320_.jpg,42,排名进入前50；价格处于人民币等值¥57.60-¥180.00黄金区间；评分达到4.3以上。
2026-08-23,amazon_us,product,search,women slides,34,Weweya,¥71.93,4.4,Weweya,,,,,,https://www.amazon.com/Weweya-Shower-Non-Slip-Outdoor-Sandals/dp/B0F1XTPHY8/ref=sr_1_28?dib=eyJ2IjoiMSJ9.wrqHnvIFpzxZDCy1gVq3f4ElwLELpfbzk0bZTxBh-O-UsnXSPoGdIOvDvl5EdsiLL4Ve6X20WUGTARP_hk7cBa78zToD1P2JVV0s08rWfwaWhzqHuC80ctLdieEuBXeabwES5nFentJJRYwlw9KDLj0nIwlbVH9GoyWeGxGfRel6GBV03VxJ2xprn04sw_xOZdrHr9hhQ8P4f-t_aVWOYTBB-ffnkozB6dn3CU_zgtUTDvZorbCVMePwjN4ws7ZFrgu8BAZofIjxjVdE17vYXE4HIhJ6zH_CNCv3XW946Gw.lC941-dOjcn_yWFS6jfB1V2dUzhcDiymseDokA1C0II&dib_tag=se&keywords=women+slides&qid=1787451804&sr=8-28,https://m.media-amazon.com/images/I/61QGXLFgg+L._AC_UL320_.jpg,42,排名进入前50；价格处于人民币等值¥57.60-¥180.00黄金区间；评分达到4.3以上。
2026-08-23,amazon_us,product,search,women slides,41,welltree,¥100.73,4.3,welltree,,,,,,https://www.amazon.com/welltree-Slippers-Non-Slip-Bathroom-Sandals/dp/B09JVKT6L8/ref=sr_1_35?dib=eyJ2IjoiMSJ9.wrqHnvIFpzxZDCy1gVq3f4ElwLELpfbzk0bZTxBh-O-UsnXSPoGdIOvDvl5EdsiLL4Ve6X20WUGTARP_hk7cBa78zToD1P2JVV0s08rWfwaWhzqHuC80ctLdieEuBXeabwES5nFentJJRYwlw9KDLj0nIwlbVH9GoyWeGxGfRel6GBV03VxJ2xprn04sw_xOZdrHr9hhQ8P4f-t_aVWOYTBB-ffnkozB6dn3CU_zgtUTDvZorbCVMePwjN4ws7ZFrgu8BAZofIjxjVdE17vYXE4HIhJ6zH_CNCv3XW946Gw.lC941-dOjcn_yWFS6jfB1V2dUzhcDiymseDokA1C0II&dib_tag=se&keywords=women+slides&qid=1787451804&sr=8-35,https://m.media-amazon.com/images/I/51gpb9lx2LL._AC_UL320_.jpg,42,排名进入前50；价格处于人民币等值¥57.60-¥180.00黄金区间；评分达到4.3以上。
2026-08-23,amazon_us,product,search,women slides,48,Spesoul,¥122.33,4.4,Spesoul,,,,,,https://www.amazon.com/Womens-Slippers-Indoor-Outdoor-Sandals/dp/B07Q1NHLZC/ref=sr_1_42?dib=eyJ2IjoiMSJ9.wrqHnvIFpzxZDCy1gVq3f4ElwLELpfbzk0bZTxBh-O-UsnXSPoGdIOvDvl5EdsiLL4Ve6X20WUGTARP_hk7cBa78zToD1P2JVV0s08rWfwaWhzqHuC80ctLdieEuBXeabwES5nFentJJRYwlw9KDLj0nIwlbVH9GoyWeGxGfRel6GBV03VxJ2xprn04sw_xOZdrHr9hhQ8P4f-t_aVWOYTBB-ffnkozB6dn3CU_zgtUTDvZorbCVMePwjN4ws7ZFrgu8BAZofIjxjVdE17vYXE4HIhJ6zH_CNCv3XW946Gw.lC941-dOjcn_yWFS6jfB1V2dUzhcDiymseDokA1C0II&dib_tag=se&keywords=women+slides&qid=1787451804&sr=8-42,https://m.media-amazon.com/images/I/7160g5DAKLL._AC_UL320_.jpg,42,排名进入前50；价格处于人民币等值¥57.60-¥180.00黄金区间；评分达到4.3以上。
2026-08-23,amazon_us,product,search,women slides,50,ODOLY,¥179.93,4.5,ODOLY,,,,,,https://www.amazon.com/ODOLY-Footbed-Comfortable-Sandals-Adjustable/dp/B0CSMPY4FL/ref=sr_1_44?dib=eyJ2IjoiMSJ9.wrqHnvIFpzxZDCy1gVq3f4ElwLELpfbzk0bZTxBh-O-UsnXSPoGdIOvDvl5EdsiLL4Ve6X20WUGTARP_hk7cBa78zToD1P2JVV0s08rWfwaWhzqHuC80ctLdieEuBXeabwES5nFentJJRYwlw9KDLj0nIwlbVH9GoyWeGxGfRel6GBV03VxJ2xprn04sw_xOZdrHr9hhQ8P4f-t_aVWOYTBB-ffnkozB6dn3CU_zgtUTDvZorbCVMePwjN4ws7ZFrgu8BAZofIjxjVdE17vYXE4HIhJ6zH_CNCv3XW946Gw.lC941-dOjcn_yWFS6jfB1V2dUzhcDiymseDokA1C0II&dib_tag=se&keywords=women+slides&qid=1787451804&sr=8-44,https://m.media-amazon.com/images/I/61OMlYEdkQL._AC_UL320_.jpg,42,排名进入前50；价格处于人民币等值¥57.60-¥180.00黄金区间；评分达到4.3以上。
2026-08-23,amazon_us,product,search,platform sandals women,28,ONCAI,¥359.93,4.2,ONCAI,,,,,,https://www.amazon.com/ONCAI-Platform-Essentials-Flatform-Comfortable/dp/B0F43HJVG4/ref=sr_1_22?dib=eyJ2IjoiMSJ9.yFXG2t-AiJXnmdXXBYxFIjp2brixvqB3XFmuTR1SeW5apThS5ri6cx_nwIk5FefF0oIpw0aCrUXKmMOoKqVjBGuSiK1pw5k0MGbMhkcMnh_vhRmKQmSaYQ9dHZfttsgSTt5Hz8asbiBG-gFpEz6yRr74-1RrjNSnaBe7FNoPJLPZwnBoDD9NV8R6lmf94gsZVpgFhA47PTmYiavasCjAEClGEhoM-oaxs8bDQJJz_L2XQ6FiS4CzcTgHUXUJWUALO-VkX4uTHCExgCHUZITxliwIHtGeKblFBGDP6KgBxvk.HAv9B6CtL5PlNChCSzgGJxYp5HLRRUkS2C1x-1ez_eg&dib_tag=se&keywords=platform+sandals+women&qid=1787451804&sr=8-22,https://m.media-amazon.com/images/I/6107ZWz1NoL._AC_UL320_.jpg,42,排名进入前30；价格高于人民币等值¥288.00；评分达到4.0以上。
2026-08-23,amazon_us,product,search,women summer slippers,27,CHGANG,¥53.21,3.8,CHGANG,,,,,,https://www.amazon.com/CHGANG-House-Slippers-Womens-Cotton/dp/B0G58LHD6Y/ref=sr_1_19?dib=eyJ2IjoiMSJ9.F9OEn6HQacWisoPoD_JQQdRo22Dt7WlNtuucVfc8UyOpYRsOI37_T76phpqs2tQAbgtjCTtOVzUkE31Af3d_V2Ui7UnVc3ls_f8ShFpSOmOPjxhLgau3h9MJwQ1t6iOv9tmcr8XDZ5IKN9pAKgYkCpwfDuBBKl3IqYz0FHCRZKH2FgGoCi9958ByTCoR2yAJV29ibluUVMJFbejWXbRk6nt5EhneyVIWAiI52sSPOKU1m4ucf1jYTZMUABC45Ch4sxg9tJjlXyTeXwfab0ddtg7aR8M4cuyd1CkCpnwXhKo.Deo1ayuWE11DnuilM4-TbqKxDEzwNInkwiYJv-Cs2yw&dib_tag=se&keywords=women+summer+slippers&qid=1787451803&sr=8-19,https://m.media-amazon.com/images/I/71eCq66Oq9L._AC_UL320_.jpg,40,排名进入前30；价格低于人民币等值¥57.60。
2026-08-23,amazon_us,product,search,women summer slippers,32,FRALOSHA,¥89.93,4.2,FRALOSHA,,,,,,https://www.amazon.com/FRALOSHA-Slippers-Breathable-Outdoor-Sandals/dp/B07FSG6P3M/ref=sr_1_24?dib=eyJ2IjoiMSJ9.F9OEn6HQacWisoPoD_JQQdRo22Dt7WlNtuucVfc8UyOpYRsOI37_T76phpqs2tQAbgtjCTtOVzUkE31Af3d_V2Ui7UnVc3ls_f8ShFpSOmOPjxhLgau3h9MJwQ1t6iOv9tmcr8XDZ5IKN9pAKgYkCpwfDuBBKl3IqYz0FHCRZKH2FgGoCi9958ByTCoR2yAJV29ibluUVMJFbejWXbRk6nt5EhneyVIWAiI52sSPOKU1m4ucf1jYTZMUABC45Ch4sxg9tJjlXyTeXwfab0ddtg7aR8M4cuyd1CkCpnwXhKo.Deo1ayuWE11DnuilM4-TbqKxDEzwNInkwiYJv-Cs2yw&dib_tag=se&keywords=women+summer+slippers&qid=1787451803&sr=8-24,https://m.media-amazon.com/images/I/810Hfh0qwIL._AC_UL320_.jpg,39,排名进入前50；价格处于人民币等值¥57.60-¥180.00黄金区间；评分达到4.0以上。
2026-08-23,amazon_us,product,search,women summer slippers,40,DL,¥127.15,4.2,DL,,,,,,https://www.amazon.com/DL-Slippers-Flannel-Bedroom-Non-Slip/dp/B08NJV6WYX/ref=sr_1_32?dib=eyJ2IjoiMSJ9.F9OEn6HQacWisoPoD_JQQdRo22Dt7WlNtuucVfc8UyOpYRsOI37_T76phpqs2tQAbgtjCTtOVzUkE31Af3d_V2Ui7UnVc3ls_f8ShFpSOmOPjxhLgau3h9MJwQ1t6iOv9tmcr8XDZ5IKN9pAKgYkCpwfDuBBKl3IqYz0FHCRZKH2FgGoCi9958ByTCoR2yAJV29ibluUVMJFbejWXbRk6nt5EhneyVIWAiI52sSPOKU1m4ucf1jYTZMUABC45Ch4sxg9tJjlXyTeXwfab0ddtg7aR8M4cuyd1CkCpnwXhKo.Deo1ayuWE11DnuilM4-TbqKxDEzwNInkwiYJv-Cs2yw&dib_tag=se&keywords=women+summer+slippers&qid=1787451803&sr=8-32,https://m.media-amazon.com/images/I/71rpTD70hUL._AC_UL320_.jpg,39,排名进入前50；价格处于人民币等值¥57.60-¥180.00黄金区间；评分达到4.0以上。
2026-08-23,amazon_us,product,search,women summer slippers,45,FITORY,¥143.93,4.2,FITORY,,,,,,https://www.amazon.com/FITORY-Sandals-Fashion-Leather-Slippers/dp/B0BN3GQFKN/ref=sr_1_37?dib=eyJ2IjoiMSJ9.F9OEn6HQacWisoPoD_JQQdRo22Dt7WlNtuucVfc8UyOpYRsOI37_T76phpqs2tQAbgtjCTtOVzUkE31Af3d_V2Ui7UnVc3ls_f8ShFpSOmOPjxhLgau3h9MJwQ1t6iOv9tmcr8XDZ5IKN9pAKgYkCpwfDuBBKl3IqYz0FHCRZKH2FgGoCi9958ByTCoR2yAJV29ibluUVMJFbejWXbRk6nt5EhneyVIWAiI52sSPOKU1m4ucf1jYTZMUABC45Ch4sxg9tJjlXyTeXwfab0ddtg7aR8M4cuyd1CkCpnwXhKo.Deo1ayuWE11DnuilM4-TbqKxDEzwNInkwiYJv-Cs2yw&dib_tag=se&keywords=women+summer+slippers&qid=1787451803&sr=8-37,https://m.media-amazon.com/images/I/61cA2WpKDqL._AC_UL320_.jpg,39,排名进入前50；价格处于人民币等值¥57.60-¥180.00黄金区间；评分达到4.0以上。
2026-08-23,amazon_us,product,search,women summer slippers,46,Dokela,¥71.93,4.1,Dokela,,,,,,https://www.amazon.com/Dokela-Womens-Slippers-Breathable-Indoor/dp/B0GLH28M2B/ref=sr_1_38?dib=eyJ2IjoiMSJ9.F9OEn6HQacWisoPoD_JQQdRo22Dt7WlNtuucVfc8UyOpYRsOI37_T76phpqs2tQAbgtjCTtOVzUkE31Af3d_V2Ui7UnVc3ls_f8ShFpSOmOPjxhLgau3h9MJwQ1t6iOv9tmcr8XDZ5IKN9pAKgYkCpwfDuBBKl3IqYz0FHCRZKH2FgGoCi9958ByTCoR2yAJV29ibluUVMJFbejWXbRk6nt5EhneyVIWAiI52sSPOKU1m4ucf1jYTZMUABC45Ch4sxg9tJjlXyTeXwfab0ddtg7aR8M4cuyd1CkCpnwXhKo.Deo1ayuWE11DnuilM4-TbqKxDEzwNInkwiYJv-Cs2yw&dib_tag=se&keywords=women+summer+slippers&qid=1787451803&sr=8-38,https://m.media-amazon.com/images/I/81r1tSkHqHL._AC_UL320_.jpg,39,排名进入前50；价格处于人民币等值¥57.60-¥180.00黄金区间；评分达到4.0以上。
2026-08-23,amazon_us,product,search,women summer slippers,47,Women's Open Toe House Slippers Breathable Waffle Fabric Memory Foam,¥79.13,4.2,"Price, product page $10.99 $ 10 . 99",,,,,,https://www.amazon.com/Yoerpe-Womens-House-Slippers-Slip/dp/B0F8BKW8PC/ref=sr_1_39?dib=eyJ2IjoiMSJ9.F9OEn6HQacWisoPoD_JQQdRo22Dt7WlNtuucVfc8UyOpYRsOI37_T76phpqs2tQAbgtjCTtOVzUkE31Af3d_V2Ui7UnVc3ls_f8ShFpSOmOPjxhLgau3h9MJwQ1t6iOv9tmcr8XDZ5IKN9pAKgYkCpwfDuBBKl3IqYz0FHCRZKH2FgGoCi9958ByTCoR2yAJV29ibluUVMJFbejWXbRk6nt5EhneyVIWAiI52sSPOKU1m4ucf1jYTZMUABC45Ch4sxg9tJjlXyTeXwfab0ddtg7aR8M4cuyd1CkCpnwXhKo.Deo1ayuWE11DnuilM4-TbqKxDEzwNInkwiYJv-Cs2yw&dib_tag=se&keywords=women+summer+slippers&qid=1787451803&sr=8-39,https://m.media-amazon.com/images/I/71GbfDOMPSL._AC_UL320_.jpg,39,排名进入前50；价格处于人民币等值¥57.60-¥180.00黄金区间；评分达到4.0以上。
2026-08-23,amazon_us,product,search,women summer slippers,48,mazeskin,¥100.66,4.1,mazeskin,,,,,,https://www.amazon.com/mazeskin-Womens-Comfortable-Sandals-Leather/dp/B0F32JZJBN/ref=sr_1_40?dib=eyJ2IjoiMSJ9.F9OEn6HQacWisoPoD_JQQdRo22Dt7WlNtuucVfc8UyOpYRsOI37_T76phpqs2tQAbgtjCTtOVzUkE31Af3d_V2Ui7UnVc3ls_f8ShFpSOmOPjxhLgau3h9MJwQ1t6iOv9tmcr8XDZ5IKN9pAKgYkCpwfDuBBKl3IqYz0FHCRZKH2FgGoCi9958ByTCoR2yAJV29ibluUVMJFbejWXbRk6nt5EhneyVIWAiI52sSPOKU1m4ucf1jYTZMUABC45Ch4sxg9tJjlXyTeXwfab0ddtg7aR8M4cuyd1CkCpnwXhKo.Deo1ayuWE11DnuilM4-TbqKxDEzwNInkwiYJv-Cs2yw&dib_tag=se&keywords=women+summer+slippers&qid=1787451803&sr=8-40,https://m.media-amazon.com/images/I/511kMSDLPcL._AC_UL320_.jpg,39,排名进入前50；价格处于人民币等值¥57.60-¥180.00黄金区间；评分达到4.0以上。
2026-08-23,amazon_us,product,search,women summer slippers,50,VOVEA,¥64.73,4.2,VOVEA,,,,,,https://www.amazon.com/VOVEA-Non-Slip-Bathroom-Cushion-Outdoor/dp/B0BHWQT653/ref=sr_1_42?dib=eyJ2IjoiMSJ9.F9OEn6HQacWisoPoD_JQQdRo22Dt7WlNtuucVfc8UyOpYRsOI37_T76phpqs2tQAbgtjCTtOVzUkE31Af3d_V2Ui7UnVc3ls_f8ShFpSOmOPjxhLgau3h9MJwQ1t6iOv9tmcr8XDZ5IKN9pAKgYkCpwfDuBBKl3IqYz0FHCRZKH2FgGoCi9958ByTCoR2yAJV29ibluUVMJFbejWXbRk6nt5EhneyVIWAiI52sSPOKU1m4ucf1jYTZMUABC45Ch4sxg9tJjlXyTeXwfab0ddtg7aR8M4cuyd1CkCpnwXhKo.Deo1ayuWE11DnuilM4-TbqKxDEzwNInkwiYJv-Cs2yw&dib_tag=se&keywords=women+summer+slippers&qid=1787451803&sr=8-42,https://m.media-amazon.com/images/I/811Rf7NxwkL._AC_UL320_.jpg,39,排名进入前50；价格处于人民币等值¥57.60-¥180.00黄金区间；评分达到4.0以上。
2026-08-23,amazon_us,product,search,women slides,31,mazeskin,¥68.26,4.1,mazeskin,,,,,,https://www.amazon.com/mazeskin-Womens-Comfortable-Sandals-Leather/dp/B0F32KMZ18/ref=sr_1_25?dib=eyJ2IjoiMSJ9.wrqHnvIFpzxZDCy1gVq3f4ElwLELpfbzk0bZTxBh-O-UsnXSPoGdIOvDvl5EdsiLL4Ve6X20WUGTARP_hk7cBa78zToD1P2JVV0s08rWfwaWhzqHuC80ctLdieEuBXeabwES5nFentJJRYwlw9KDLj0nIwlbVH9GoyWeGxGfRel6GBV03VxJ2xprn04sw_xOZdrHr9hhQ8P4f-t_aVWOYTBB-ffnkozB6dn3CU_zgtUTDvZorbCVMePwjN4ws7ZFrgu8BAZofIjxjVdE17vYXE4HIhJ6zH_CNCv3XW946Gw.lC941-dOjcn_yWFS6jfB1V2dUzhcDiymseDokA1C0II&dib_tag=se&keywords=women+slides&qid=1787451804&sr=8-25,https://m.media-amazon.com/images/I/71jV8GHPNSL._AC_UL320_.jpg,39,排名进入前50；价格处于人民币等值¥57.60-¥180.00黄金区间；评分达到4.0以上。
2026-08-23,amazon_us,product,search,platform sandals women,45,FUNKYMONKEY,¥151.13,4.1,FUNKYMONKEY,,,,,,https://www.amazon.com/FUNKYMONKEY-Thick-sole-Adjustable-Waterproof-Platform/dp/B0CX8JWVQP/ref=sr_1_39?dib=eyJ2IjoiMSJ9.yFXG2t-AiJXnmdXXBYxFIjp2brixvqB3XFmuTR1SeW5apThS5ri6cx_nwIk5FefF0oIpw0aCrUXKmMOoKqVjBGuSiK1pw5k0MGbMhkcMnh_vhRmKQmSaYQ9dHZfttsgSTt5Hz8asbiBG-gFpEz6yRr74-1RrjNSnaBe7FNoPJLPZwnBoDD9NV8R6lmf94gsZVpgFhA47PTmYiavasCjAEClGEhoM-oaxs8bDQJJz_L2XQ6FiS4CzcTgHUXUJWUALO-VkX4uTHCExgCHUZITxliwIHtGeKblFBGDP6KgBxvk.HAv9B6CtL5PlNChCSzgGJxYp5HLRRUkS2C1x-1ez_eg&dib_tag=se&keywords=platform+sandals+women&qid=1787451804&sr=8-39,https://m.media-amazon.com/images/I/61gRcMpyJjL._AC_UL320_.jpg,39,排名进入前50；价格处于人民币等值¥57.60-¥180.00黄金区间；评分达到4.0以上。
2026-08-23,amazon_us,product,new_releases,New Releases Women Sandals,38,shevalues Women's Flip Flops Mild Arch Support Comfortable Thong Sandals | Yoga Mat Footbed Lightweight Summer Beach Walking Slides,,3.8,$13.99,,,,,,https://www.amazon.com/shevalues-Womens-Support-Comfortable-Sandals/dp/B0GVJY1R7G/ref=zg_bsnr_g_679425011_d_sccl_38/147-1476138-7828040?psc=1,"https://images-na.ssl-images-amazon.com/images/I/51Q0RjuKlEL._AC_UL300_SR300,200_.jpg",38,排名进入前50；标题包含 comfort、arch support、beach、summer，符合美国女鞋舒适化趋势。
2026-08-23,amazon_us,product,search,platform sandals women,50,REEF,¥288.00,4.4,REEF,,,,,,https://www.amazon.com/REEF-Womens-Platform-Friendly-Adjustable/dp/B0FGK5MW7N/ref=sr_1_44?dib=eyJ2IjoiMSJ9.yFXG2t-AiJXnmdXXBYxFIjp2brixvqB3XFmuTR1SeW5apThS5ri6cx_nwIk5FefF0oIpw0aCrUXKmMOoKqVjBGuSiK1pw5k0MGbMhkcMnh_vhRmKQmSaYQ9dHZfttsgSTt5Hz8asbiBG-gFpEz6yRr74-1RrjNSnaBe7FNoPJLPZwnBoDD9NV8R6lmf94gsZVpgFhA47PTmYiavasCjAEClGEhoM-oaxs8bDQJJz_L2XQ6FiS4CzcTgHUXUJWUALO-VkX4uTHCExgCHUZITxliwIHtGeKblFBGDP6KgBxvk.HAv9B6CtL5PlNChCSzgGJxYp5HLRRUkS2C1x-1ez_eg&dib_tag=se&keywords=platform+sandals+women&qid=1787451804&sr=8-44,https://m.media-amazon.com/images/I/61RplhwB1zL._AC_UL320_.jpg,37,排名进入前50；价格处于人民币等值¥180.00-¥288.00区间；评分达到4.3以上。
2026-08-23,amazon_us,product,best_sellers,Best Sellers Women Sandals,36,KuaiLu Womens Fashion Orthotic Slides Arch Support Slip On Walking Sandals | Ladies Lightweight Athletic Yoga Mat Thick Cushion Slippers Sandals With Comfortable Plantar Fasciitis,,4.0,$25.99,,,,,,https://www.amazon.com/Orthotic-Lightweight-Athletic-Comfortable-Fasciitis/dp/B092ZT26V3/ref=zg_bs_g_679425011_d_sccl_36/147-1476138-7828040?psc=1,"https://images-na.ssl-images-amazon.com/images/I/71Rxka3CPTL._AC_UL300_SR300,200_.jpg",36,排名进入前50；标题包含 comfort、arch support，符合美国女鞋舒适化趋势；评分达到4.0以上。
2026-08-23,amazon_us,product,best_sellers,Best Sellers Women Sandals,38,"KIDMI Women's Cork Footbed Casual Summer Sandals with Mild Arch Support | Double Adjustable Buckle Slides for Men with Memory Foam, Lightweight Unisex No-Break-In Sandals",,4.4,$20.99,,,,,,https://www.amazon.com/KIDMI-Genuine-Sandals-Footbed-Adjustable/dp/B0DQH21M77/ref=zg_bs_g_679425011_d_sccl_38/147-1476138-7828040?psc=1,"https://images-na.ssl-images-amazon.com/images/I/81JaarSAG2L._AC_UL300_SR300,200_.jpg",36,排名进入前50；标题包含 arch support、summer，符合美国女鞋舒适化趋势；评分达到4.3以上。
2026-08-23,amazon_us,product,new_releases,New Releases Women Sandals,35,"Luffymomo Women's Casual Jelly Flip Flops | Fashion Clear Beach Thong Sandals,Comfortable Summer Flat Slides Slippers",,4.1,$32.99,,,,,,https://www.amazon.com/Luffymomo-Womens-Casual-Jelly-Tortoiseshell/dp/B0H35WV6PY/ref=zg_bsnr_g_679425011_d_sccl_35/147-1476138-7828040?psc=1,"https://images-na.ssl-images-amazon.com/images/I/71eNHvVmTwL._AC_UL300_SR300,200_.jpg",36,排名进入前50；标题包含 comfort、beach、summer，符合美国女鞋舒适化趋势；评分达到4.0以上。
2026-08-23,amazon_us,product,best_sellers,Best Sellers Women Sandals,44,Rainbow Sandals Women’s Flirty Braidy Premier Leather w/Single Braided Strap,,4.6,$71.00,,,,,,https://www.amazon.com/Rainbow-Sandals-Womens-Flirty-7-5-8-5/dp/B00LGF8TAQ/ref=zg_bs_g_679425011_d_sccl_44/147-1476138-7828040?psc=1,"https://images-na.ssl-images-amazon.com/images/I/71B9WRizBDL._AC_UL300_SR300,200_.jpg",35,排名进入前50；评论数达到50以上；评分达到4.6以上。
2026-08-23,amazon_us,product,new_releases,New Releases Women Sandals,24,"CUSHIONAIRE Titan Square Toe Flip Flops for Women, Dressy Slip On Flat Womens Sandals with Cushioned Footbed",,3.6,$39.99,,,,,,https://www.amazon.com/CUSHIONAIRE-Sandals-Cushioned-Footbed-TORTOISE/dp/B0H2WR546B/ref=zg_bsnr_g_679425011_d_sccl_24/147-1476138-7828040?psc=1,"https://images-na.ssl-images-amazon.com/images/I/71vL4TDR7VL._AC_UL600_SR600,400_.jpg",35,排名进入前30。
2026-08-23,amazon_us,product,search,platform sandals women,39,Project Cloud,¥467.28,4.1,Project Cloud,,,,,,https://www.amazon.com/Project-Cloud-Genuine-Platform-Footwear/dp/B0DNRXPSX5/ref=sr_1_33?dib=eyJ2IjoiMSJ9.yFXG2t-AiJXnmdXXBYxFIjp2brixvqB3XFmuTR1SeW5apThS5ri6cx_nwIk5FefF0oIpw0aCrUXKmMOoKqVjBGuSiK1pw5k0MGbMhkcMnh_vhRmKQmSaYQ9dHZfttsgSTt5Hz8asbiBG-gFpEz6yRr74-1RrjNSnaBe7FNoPJLPZwnBoDD9NV8R6lmf94gsZVpgFhA47PTmYiavasCjAEClGEhoM-oaxs8bDQJJz_L2XQ6FiS4CzcTgHUXUJWUALO-VkX4uTHCExgCHUZITxliwIHtGeKblFBGDP6KgBxvk.HAv9B6CtL5PlNChCSzgGJxYp5HLRRUkS2C1x-1ez_eg&dib_tag=se&keywords=platform+sandals+women&qid=1787451804&sr=8-33,https://m.media-amazon.com/images/I/913G4KRseXL._AC_UL320_.jpg,35,排名进入前50；价格高于人民币等值¥288.00；标题包含 cloud，符合美国女鞋舒适化趋势；评分达到4.0以上。
2026-08-23,amazon_us,product,search,women summer slippers,42,KuaiLu,¥187.13,4.0,KuaiLu,,,,,,https://www.amazon.com/Orthotic-Lightweight-Athletic-Comfortable-Fasciitis/dp/B092ZSZBQD/ref=sr_1_34?dib=eyJ2IjoiMSJ9.F9OEn6HQacWisoPoD_JQQdRo22Dt7WlNtuucVfc8UyOpYRsOI37_T76phpqs2tQAbgtjCTtOVzUkE31Af3d_V2Ui7UnVc3ls_f8ShFpSOmOPjxhLgau3h9MJwQ1t6iOv9tmcr8XDZ5IKN9pAKgYkCpwfDuBBKl3IqYz0FHCRZKH2FgGoCi9958ByTCoR2yAJV29ibluUVMJFbejWXbRk6nt5EhneyVIWAiI52sSPOKU1m4ucf1jYTZMUABC45Ch4sxg9tJjlXyTeXwfab0ddtg7aR8M4cuyd1CkCpnwXhKo.Deo1ayuWE11DnuilM4-TbqKxDEzwNInkwiYJv-Cs2yw&dib_tag=se&keywords=women+summer+slippers&qid=1787451803&sr=8-34,https://m.media-amazon.com/images/I/71ftvFv5mNL._AC_UL320_.jpg,34,排名进入前50；价格处于人民币等值¥180.00-¥288.00区间；评分达到4.0以上。
2026-08-23,amazon_us,product,search,women slides,44,Under Armour,¥258.84,4.2,Under Armour,,,,,,https://www.amazon.com/Under-Armour-Womens-Ignite-Slides/dp/B0F343Z28R/ref=sr_1_38?dib=eyJ2IjoiMSJ9.wrqHnvIFpzxZDCy1gVq3f4ElwLELpfbzk0bZTxBh-O-UsnXSPoGdIOvDvl5EdsiLL4Ve6X20WUGTARP_hk7cBa78zToD1P2JVV0s08rWfwaWhzqHuC80ctLdieEuBXeabwES5nFentJJRYwlw9KDLj0nIwlbVH9GoyWeGxGfRel6GBV03VxJ2xprn04sw_xOZdrHr9hhQ8P4f-t_aVWOYTBB-ffnkozB6dn3CU_zgtUTDvZorbCVMePwjN4ws7ZFrgu8BAZofIjxjVdE17vYXE4HIhJ6zH_CNCv3XW946Gw.lC941-dOjcn_yWFS6jfB1V2dUzhcDiymseDokA1C0II&dib_tag=se&keywords=women+slides&qid=1787451804&sr=8-38,https://m.media-amazon.com/images/I/41S9a3VMv1L._AC_UL320_.jpg,34,排名进入前50；价格处于人民币等值¥180.00-¥288.00区间；评分达到4.0以上。
2026-08-23,amazon_us,product,search,platform sandals women,36,EQAUDES,¥287.93,4.1,EQAUDES,,,,,,https://www.amazon.com/EQAUDES-Platform-Espadrille-Sandals-Flatform/dp/B0C6XLWPN9/ref=sr_1_30?dib=eyJ2IjoiMSJ9.yFXG2t-AiJXnmdXXBYxFIjp2brixvqB3XFmuTR1SeW5apThS5ri6cx_nwIk5FefF0oIpw0aCrUXKmMOoKqVjBGuSiK1pw5k0MGbMhkcMnh_vhRmKQmSaYQ9dHZfttsgSTt5Hz8asbiBG-gFpEz6yRr74-1RrjNSnaBe7FNoPJLPZwnBoDD9NV8R6lmf94gsZVpgFhA47PTmYiavasCjAEClGEhoM-oaxs8bDQJJz_L2XQ6FiS4CzcTgHUXUJWUALO-VkX4uTHCExgCHUZITxliwIHtGeKblFBGDP6KgBxvk.HAv9B6CtL5PlNChCSzgGJxYp5HLRRUkS2C1x-1ez_eg&dib_tag=se&keywords=platform+sandals+women&qid=1787451804&sr=8-30,https://m.media-amazon.com/images/I/81juIfWU4pL._AC_UL320_.jpg,34,排名进入前50；价格处于人民币等值¥180.00-¥288.00区间；评分达到4.0以上。
2026-08-23,amazon_us,product,search,platform sandals women,37,Rocket Dog,¥188.50,4.2,Rocket Dog,,,,,,https://www.amazon.com/Rocket-Dog-Womens-Platform-Sandal/dp/B000W91BWU/ref=sr_1_31?dib=eyJ2IjoiMSJ9.yFXG2t-AiJXnmdXXBYxFIjp2brixvqB3XFmuTR1SeW5apThS5ri6cx_nwIk5FefF0oIpw0aCrUXKmMOoKqVjBGuSiK1pw5k0MGbMhkcMnh_vhRmKQmSaYQ9dHZfttsgSTt5Hz8asbiBG-gFpEz6yRr74-1RrjNSnaBe7FNoPJLPZwnBoDD9NV8R6lmf94gsZVpgFhA47PTmYiavasCjAEClGEhoM-oaxs8bDQJJz_L2XQ6FiS4CzcTgHUXUJWUALO-VkX4uTHCExgCHUZITxliwIHtGeKblFBGDP6KgBxvk.HAv9B6CtL5PlNChCSzgGJxYp5HLRRUkS2C1x-1ez_eg&dib_tag=se&keywords=platform+sandals+women&qid=1787451804&sr=8-31,https://m.media-amazon.com/images/I/71kguy0F5cL._AC_UL320_.jpg,34,排名进入前50；价格处于人民币等值¥180.00-¥288.00区间；评分达到4.0以上。
2026-08-23,amazon_us,product,search,platform sandals women,46,dunes,¥287.93,4.2,dunes,,,,,,https://www.amazon.com/Dunes-Sandra-Block-Womens-Heels/dp/B09PTN9MCQ/ref=sr_1_40?dib=eyJ2IjoiMSJ9.yFXG2t-AiJXnmdXXBYxFIjp2brixvqB3XFmuTR1SeW5apThS5ri6cx_nwIk5FefF0oIpw0aCrUXKmMOoKqVjBGuSiK1pw5k0MGbMhkcMnh_vhRmKQmSaYQ9dHZfttsgSTt5Hz8asbiBG-gFpEz6yRr74-1RrjNSnaBe7FNoPJLPZwnBoDD9NV8R6lmf94gsZVpgFhA47PTmYiavasCjAEClGEhoM-oaxs8bDQJJz_L2XQ6FiS4CzcTgHUXUJWUALO-VkX4uTHCExgCHUZITxliwIHtGeKblFBGDP6KgBxvk.HAv9B6CtL5PlNChCSzgGJxYp5HLRRUkS2C1x-1ez_eg&dib_tag=se&keywords=platform+sandals+women&qid=1787451804&sr=8-40,https://m.media-amazon.com/images/I/610PNftzwpL._AC_UL320_.jpg,34,排名进入前50；价格处于人民币等值¥180.00-¥288.00区间；评分达到4.0以上。
2026-08-23,amazon_us,product,best_sellers,Best Sellers Women Sandals,33,"Coutgo Womens Kitten Heel Sandals Heeled Mules Pointed Open Toe High Heels | Comfortable, Sexy, Slip On, Backless, Dress Shoes, 3.2 Inch, Peep Toe, Wedding, Bridal, Party, Prom, Graduation",,4.3,$39.99,,,,,,https://www.amazon.com/Coutgo-Womens-Pointed-Backless-Sandals/dp/B0DG267XZ6/ref=zg_bs_g_679425011_d_sccl_33/147-1476138-7828040?psc=1,"https://images-na.ssl-images-amazon.com/images/I/510Qb5untyL._AC_UL300_SR300,200_.jpg",33,排名进入前50；标题包含 comfort，符合美国女鞋舒适化趋势；评分达到4.3以上。
2026-08-23,amazon_us,product,best_sellers,Best Sellers Women Sandals,46,YOCCI Women's Original Sport Sandals Hiking Sandals with Arch Support Yoga Mat Insole Light Weight Outdoor Water Shoes,,4.4,$19.86,,,,,,https://www.amazon.com/YOCCI-Original-Sandals-Support-WHLX001-black-39/dp/B09PYJKZHW/ref=zg_bs_g_679425011_d_sccl_46/147-1476138-7828040?psc=1,"https://images-na.ssl-images-amazon.com/images/I/61jphKWHMEL._AC_UL300_SR300,200_.jpg",33,排名进入前50；标题包含 arch support，符合美国女鞋舒适化趋势；评分达到4.3以上。
2026-08-23,amazon_us,product,new_releases,New Releases Women Sandals,33,"DREAM PAIRS Women's Kitten Strappy Heel Sandals | Slip On Heeled Sandals for Women, Open Toe Summer Sandals for Weddings, Parties, Work and Dressy Occasions",,4.6,$37.99,,,,,,https://www.amazon.com/DREAM-PAIRS-Womens-Strappy-Sandals/dp/B0H6J81RWR/ref=zg_bsnr_g_679425011_d_sccl_33/147-1476138-7828040?psc=1,"https://images-na.ssl-images-amazon.com/images/I/615T5Gm9P5L._AC_UL300_SR300,200_.jpg",33,排名进入前50；标题包含 summer，符合美国女鞋舒适化趋势；评分达到4.6以上。
2026-08-23,amazon_us,product,new_releases,New Releases Women Sandals,34,"UBFEN Womens Bohemian Flat Sandals | Elastic Back Strap, Comfortable for Walking, Open Toe, Dressy for Beach, Vacation, Travel",,4.2,$19.99,,,,,,https://www.amazon.com/UBFEN-Womens-Bohemian-Sandals-Black/dp/B0H1B6XDWS/ref=zg_bsnr_g_679425011_d_sccl_34/147-1476138-7828040?psc=1,"https://images-na.ssl-images-amazon.com/images/I/71TxhfsP6dL._AC_UL300_SR300,200_.jpg",33,排名进入前50；标题包含 comfort、beach，符合美国女鞋舒适化趋势；评分达到4.0以上。
2026-08-23,amazon_us,product,new_releases,New Releases Women Sandals,36,DOBOLIN Rhinestone Heels 1.3 Inch Strappy Square Open Toe Heeled Sandals Slip on Sparkly Low Block Chunky Heels for Women Dressy Shoes Comfortable,,4.3,$32.99,,,,,,https://www.amazon.com/DOBOLIN-Rhinestone-Strappy-Sandals-Comfortable/dp/B0GWMJH2GW/ref=zg_bsnr_g_679425011_d_sccl_36/147-1476138-7828040?psc=1,"https://images-na.ssl-images-amazon.com/images/I/61rNnk31FgL._AC_UL300_SR300,200_.jpg",33,排名进入前50；标题包含 comfort，符合美国女鞋舒适化趋势；评分达到4.3以上。
2026-08-23,amazon_us,product,new_releases,New Releases Women Sandals,46,"IDAWIVI Women's Strappy Kitten Heels Sandals Square Open Toe Low Heel shoes | Adjustable Ankle Strap with Comfort and Elegant Style for Weddings, Proms, Parties, Vacations & Daily Wear",,4.3,$33.02,,,,,,https://www.amazon.com/IDAWIVI-Strappy-Kitten-Heels-Sandals/dp/B0GWP9QTPD/ref=zg_bsnr_g_679425011_d_sccl_46/147-1476138-7828040?psc=1,"https://images-na.ssl-images-amazon.com/images/I/61rbXB6nhRL._AC_UL300_SR300,200_.jpg",33,排名进入前50；标题包含 comfort，符合美国女鞋舒适化趋势；评分达到4.3以上。
2026-08-23,amazon_us,product,search,women slides,39,Coach,¥684.00,4.6,Coach,,,,,,https://www.amazon.com/Coach-Womens-Udele-Slide-Tan/dp/B07PGQ6MQ8/ref=sr_1_33?dib=eyJ2IjoiMSJ9.wrqHnvIFpzxZDCy1gVq3f4ElwLELpfbzk0bZTxBh-O-UsnXSPoGdIOvDvl5EdsiLL4Ve6X20WUGTARP_hk7cBa78zToD1P2JVV0s08rWfwaWhzqHuC80ctLdieEuBXeabwES5nFentJJRYwlw9KDLj0nIwlbVH9GoyWeGxGfRel6GBV03VxJ2xprn04sw_xOZdrHr9hhQ8P4f-t_aVWOYTBB-ffnkozB6dn3CU_zgtUTDvZorbCVMePwjN4ws7ZFrgu8BAZofIjxjVdE17vYXE4HIhJ6zH_CNCv3XW946Gw.lC941-dOjcn_yWFS6jfB1V2dUzhcDiymseDokA1C0II&dib_tag=se&keywords=women+slides&qid=1787451804&sr=8-33,https://m.media-amazon.com/images/I/71BQOaIl59L._AC_UL320_.jpg,33,排名进入前50；价格高于人民币等值¥288.00；评分达到4.6以上。
2026-08-23,amazon_us,product,new_releases,New Releases Women Sandals,31,Noctivelle Women Kitten Heeled Sandals Waterproof Thong Flip Flops Memory Foam Comfort Insole Summer Quick Dry Casual Pool Beach Shoes,,3.8,$22.99,,,,,,https://www.amazon.com/Noctivelle-Women-Kitten-Heeled-Sandals/dp/B0H5C8HCZJ/ref=zg_bsnr_g_679425011_d_sccl_31/147-1476138-7828040?psc=1,"https://images-na.ssl-images-amazon.com/images/I/612IrWV7P3L._AC_UL300_SR300,200_.jpg",32,排名进入前50；标题包含 comfort、beach、summer，符合美国女鞋舒适化趋势。
2026-08-23,amazon_us,product,best_sellers,Best Sellers Women Sandals,34,Havaianas Women's Slim Sandals | Casual Sandals,,4.6,$30.00,,,,,,https://www.amazon.com/Havaianas-Womens-Slim-Sandal-Black/dp/B000NBGN2A/ref=zg_bs_g_679425011_d_sccl_34/147-1476138-7828040?psc=1,"https://images-na.ssl-images-amazon.com/images/I/61JHkRJJEFL._AC_UL300_SR300,200_.jpg",30,排名进入前50；评分达到4.6以上。
2026-08-23,amazon_us,product,best_sellers,Best Sellers Women Sandals,49,"Ankis Women Nude White Gold Black Sandals Open Toe 1 Inch Low Block Heel | 1-inch short heel, adjustable ankle strap, 5mm latex cushioned insole, comfortable walking, for wedding, dressy, formal event",,4.2,$34.99,,,,,,https://www.amazon.com/Ankis-Sandals-Comfortable-Adjustable-Available/dp/B0BPL9HN1W/ref=zg_bs_g_679425011_d_sccl_49/147-1476138-7828040?psc=1,"https://images-na.ssl-images-amazon.com/images/I/51EOkpMrmNL._AC_UL300_SR300,200_.jpg",30,排名进入前50；标题包含 comfort，符合美国女鞋舒适化趋势；评分达到4.0以上。
2026-08-23,amazon_us,product,new_releases,New Releases Women Sandals,44,Noctivelle Women Jelly Sandals Mesh Clear Waterproof Mule Slip On Flats Hollow Breathable Summer Beach Pool Casual Shoes,,4.2,$19.99,,,,,,https://www.amazon.com/Noctivelle-Women-Jelly-Waterproof-Mule/dp/B0H4VV7CYB/ref=zg_bsnr_g_679425011_d_sccl_44/147-1476138-7828040?psc=1,"https://images-na.ssl-images-amazon.com/images/I/71kK2mDkYgL._AC_UL300_SR300,200_.jpg",30,排名进入前50；标题包含 beach、summer，符合美国女鞋舒适化趋势；评分达到4.0以上。
2026-08-23,amazon_us,product,search,platform sandals women,32,HEYDUDE,¥296.93,4.4,HEYDUDE,,,,,,https://www.amazon.com/HEYDUDE-Womens-Austin-Classic-Cognac/dp/B0F7NWHTF1/ref=sr_1_26?dib=eyJ2IjoiMSJ9.yFXG2t-AiJXnmdXXBYxFIjp2brixvqB3XFmuTR1SeW5apThS5ri6cx_nwIk5FefF0oIpw0aCrUXKmMOoKqVjBGuSiK1pw5k0MGbMhkcMnh_vhRmKQmSaYQ9dHZfttsgSTt5Hz8asbiBG-gFpEz6yRr74-1RrjNSnaBe7FNoPJLPZwnBoDD9NV8R6lmf94gsZVpgFhA47PTmYiavasCjAEClGEhoM-oaxs8bDQJJz_L2XQ6FiS4CzcTgHUXUJWUALO-VkX4uTHCExgCHUZITxliwIHtGeKblFBGDP6KgBxvk.HAv9B6CtL5PlNChCSzgGJxYp5HLRRUkS2C1x-1ez_eg&dib_tag=se&keywords=platform+sandals+women&qid=1787451804&sr=8-26,https://m.media-amazon.com/images/I/71+OUCJdJzL._AC_UL320_.jpg,30,排名进入前50；价格高于人民币等值¥288.00；评分达到4.3以上。
2026-08-23,amazon_us,product,search,platform sandals women,49,REEF,¥575.64,4.4,REEF,,,,,,https://www.amazon.com/REEF-Higher-Womens-Platform-Adjustable/dp/B0D9HYMNMN/ref=sr_1_43?dib=eyJ2IjoiMSJ9.yFXG2t-AiJXnmdXXBYxFIjp2brixvqB3XFmuTR1SeW5apThS5ri6cx_nwIk5FefF0oIpw0aCrUXKmMOoKqVjBGuSiK1pw5k0MGbMhkcMnh_vhRmKQmSaYQ9dHZfttsgSTt5Hz8asbiBG-gFpEz6yRr74-1RrjNSnaBe7FNoPJLPZwnBoDD9NV8R6lmf94gsZVpgFhA47PTmYiavasCjAEClGEhoM-oaxs8bDQJJz_L2XQ6FiS4CzcTgHUXUJWUALO-VkX4uTHCExgCHUZITxliwIHtGeKblFBGDP6KgBxvk.HAv9B6CtL5PlNChCSzgGJxYp5HLRRUkS2C1x-1ez_eg&dib_tag=se&keywords=platform+sandals+women&qid=1787451804&sr=8-43,https://m.media-amazon.com/images/I/51WBYuiSZiL._AC_UL320_.jpg,30,排名进入前50；价格高于人民币等值¥288.00；评分达到4.3以上。
2026-08-23,amazon_us,product,new_releases,New Releases Women Sandals,37,"CUSHIONAIRE Trio Flip Flops for Women, Comfortable Beach Sandals with Braided Thong Strap, Memory Foam Footbed and Metallic Ring Accents",,3.6,$39.99,,,,,,https://www.amazon.com/CUSHIONAIRE-Comfortable-Sandals-Braided-Metallic/dp/B0H37DQXYT/ref=zg_bsnr_g_679425011_d_sccl_37/147-1476138-7828040?psc=1,"https://images-na.ssl-images-amazon.com/images/I/71Bu6Js8cPL._AC_UL300_SR300,200_.jpg",29,排名进入前50；标题包含 comfort、beach，符合美国女鞋舒适化趋势。
2026-08-23,amazon_us,product,best_sellers,Best Sellers Women Sandals,43,Litfun Non-Slip Shower Shoes for Women Quick Dry Slippers Bathroom Sandals,,4.3,$9.99,,,,,,https://www.amazon.com/Litfun-Non-Slip-Slippers-Lightweight-Bathroom/dp/B0DLKTMBYS/ref=zg_bs_g_679425011_d_sccl_43/147-1476138-7828040?psc=1,"https://images-na.ssl-images-amazon.com/images/I/6153U7gq4yL._AC_UL300_SR300,200_.jpg",27,排名进入前50；评分达到4.3以上。
2026-08-23,amazon_us,product,best_sellers,Best Sellers Women Sandals,47,"Amazon Essentials Women's Two Strap Heeled Sandals with Adjustable Ankle Strap, Padded Memory Foam Insole",,4.4,$28.80,,,,,,https://www.amazon.com/Amazon-Essentials-Womens-Nola-Heeled/dp/B08LPVFHDY/ref=zg_bs_g_679425011_d_sccl_47/147-1476138-7828040?psc=1,"https://images-na.ssl-images-amazon.com/images/I/71gXk60IUaL._AC_UL300_SR300,200_.jpg",27,排名进入前50；评分达到4.3以上。
2026-08-23,amazon_us,product,new_releases,New Releases Women Sandals,39,GOUPSKY Women's Chunky Heel Mules Slip On Square Open Toe Mesh Sandals Summer Dressy Block Heeled Shoes for Vacation Party Wedding,,4.2,$39.98,,,,,,https://www.amazon.com/GOUPSKY-Burgundy-Strappy-Sandals-Wedding/dp/B0H3KFN5LF/ref=zg_bsnr_g_679425011_d_sccl_39/147-1476138-7828040?psc=1,"https://images-na.ssl-images-amazon.com/images/I/61e2o-niQgL._AC_UL300_SR300,200_.jpg",27,排名进入前50；标题包含 summer，符合美国女鞋舒适化趋势；评分达到4.0以上。
2026-08-23,amazon_us,product,new_releases,New Releases Women Sandals,43,"Athlefit Chunky Block Heels for Women Open Toe Ankle Strap Heeled Sandals | PU Leather Upper, 2-Inch Block Heel, Metal Chain Detail, Cushioned Footbed, TPR Outsole, Dress, Wedding, Party, Prom, Evening",,4.3,$29.99,,,,,,https://www.amazon.com/Athlefit-Block-Heels-Chunky-Sandals/dp/B0GL89HPVF/ref=zg_bsnr_g_679425011_d_sccl_43/147-1476138-7828040?psc=1,"https://images-na.ssl-images-amazon.com/images/I/61XdVnvhvQL._AC_UL300_SR300,200_.jpg",27,排名进入前50；评分达到4.3以上。
2026-08-23,amazon_us,product,best_sellers,Best Sellers Women Sandals,31,"CUSHIONAIRE Java Casual Womens Jelly Flats with Adjustable Strap, Closed Toe Mary Janes Mule Design, Waterproof Jelly Sandals for Women",,4.2,$34.98,,,,,,https://www.amazon.com/CUSHIONAIRE-Adjustable-Waterproof-Sandals-WHISKEY/dp/B0H6GSWXPJ/ref=zg_bs_g_679425011_d_sccl_31/147-1476138-7828040?psc=1,"https://images-na.ssl-images-amazon.com/images/I/71gErrKwjVL._AC_UL300_SR300,200_.jpg",24,排名进入前50；评分达到4.0以上。
2026-08-23,amazon_us,product,best_sellers,Best Sellers Women Sandals,41,Hodeery Women's Kitten Heels Thong Sandals Open Square Toe Flip Flop Low Heels 2.5 Inch Slip On Sexy Women Dressy Slide Shoes for Casual,,4.0,$24.99,,,,,,https://www.amazon.com/Hodeery-Womens-Kitten-Sandals-Square/dp/B0DT8C6HKM/ref=zg_bs_g_679425011_d_sccl_41/147-1476138-7828040?psc=1,"https://images-na.ssl-images-amazon.com/images/I/51Pl6wuu4HL._AC_UL300_SR300,200_.jpg",24,排名进入前50；评分达到4.0以上。
2026-08-23,amazon_us,product,best_sellers,Best Sellers Women Sandals,45,SKETOE Flip Flops Sandals for Women Square Toe Lightweight Thong Slides,,4.0,$9.98,,,,,,https://www.amazon.com/SKETOE-Comfortable-Lightweight-Vacation-Essentials/dp/B0F3D7SK4Q/ref=zg_bs_g_679425011_d_sccl_45/147-1476138-7828040?psc=1,"https://images-na.ssl-images-amazon.com/images/I/71y8BI4F1xL._AC_UL300_SR300,200_.jpg",24,排名进入前50；评分达到4.0以上。
2026-08-23,amazon_us,product,best_sellers,Best Sellers Women Sandals,50,CUSHIONAIRE Pool Slides for Women Water Resistant Double Buckle Adjustable Slip-On Womens Sandals for Beach Shower Casual Wear,,3.8,$44.99,,,,,,https://www.amazon.com/CUSHIONAIRE-Sandals-Resistant-Double-Buckle/dp/B0GXHKZW5C/ref=zg_bs_g_679425011_d_sccl_50/147-1476138-7828040?psc=1,"https://images-na.ssl-images-amazon.com/images/I/71NStLIJ8SL._AC_UL300_SR300,200_.jpg",23,排名进入前50；标题包含 beach，符合美国女鞋舒适化趋势。
2026-08-23,amazon_us,product,search,platform sandals women,41,CUSHIONAIRE,¥359.93,3.9,CUSHIONAIRE,,,,,,https://www.amazon.com/CUSHIONAIRE-Womens-platform-sandal-Memory/dp/B0CCF6M3TX/ref=sr_1_35?dib=eyJ2IjoiMSJ9.yFXG2t-AiJXnmdXXBYxFIjp2brixvqB3XFmuTR1SeW5apThS5ri6cx_nwIk5FefF0oIpw0aCrUXKmMOoKqVjBGuSiK1pw5k0MGbMhkcMnh_vhRmKQmSaYQ9dHZfttsgSTt5Hz8asbiBG-gFpEz6yRr74-1RrjNSnaBe7FNoPJLPZwnBoDD9NV8R6lmf94gsZVpgFhA47PTmYiavasCjAEClGEhoM-oaxs8bDQJJz_L2XQ6FiS4CzcTgHUXUJWUALO-VkX4uTHCExgCHUZITxliwIHtGeKblFBGDP6KgBxvk.HAv9B6CtL5PlNChCSzgGJxYp5HLRRUkS2C1x-1ez_eg&dib_tag=se&keywords=platform+sandals+women&qid=1787451804&sr=8-35,https://m.media-amazon.com/images/I/81IyApfBfXL._AC_UL320_.jpg,23,排名进入前50；价格高于人民币等值¥288.00。
2026-08-23,amazon_us,product,search,platform sandals women,47,Madden Girl,¥397.51,3.7,Madden Girl,,,,,,https://www.amazon.com/Madden-Girl-Womens-Mythicall-Natural/dp/B0CNKPC4Y5/ref=sr_1_41?dib=eyJ2IjoiMSJ9.yFXG2t-AiJXnmdXXBYxFIjp2brixvqB3XFmuTR1SeW5apThS5ri6cx_nwIk5FefF0oIpw0aCrUXKmMOoKqVjBGuSiK1pw5k0MGbMhkcMnh_vhRmKQmSaYQ9dHZfttsgSTt5Hz8asbiBG-gFpEz6yRr74-1RrjNSnaBe7FNoPJLPZwnBoDD9NV8R6lmf94gsZVpgFhA47PTmYiavasCjAEClGEhoM-oaxs8bDQJJz_L2XQ6FiS4CzcTgHUXUJWUALO-VkX4uTHCExgCHUZITxliwIHtGeKblFBGDP6KgBxvk.HAv9B6CtL5PlNChCSzgGJxYp5HLRRUkS2C1x-1ez_eg&dib_tag=se&keywords=platform+sandals+women&qid=1787451804&sr=8-41,https://m.media-amazon.com/images/I/71SNHrdlHML._AC_UL320_.jpg,23,排名进入前50；价格高于人民币等值¥288.00。
2026-08-23,amazon_us,product,new_releases,New Releases Women Sandals,42,"CUSHIONAIRE Naty Jelly Kitten Heels for Women, Chic Slip-On Mule Design with Modern Open Square Toe Womens Heels",,3.8,$49.99,,,,,,https://www.amazon.com/CUSHIONAIRE-Kitten-Design-Modern-Square/dp/B0H4W678ST/ref=zg_bsnr_g_679425011_d_sccl_42/147-1476138-7828040?psc=1,"https://images-na.ssl-images-amazon.com/images/I/71fKFGGvKPL._AC_UL300_SR300,200_.jpg",20,排名进入前50。
