date,source,data_type,list_type,keyword,rank,title,price,rating,review_count,likes,comments,views,published_at,competition_count,product_url,image_url,hot_score,reason
2026-09-06,amazon_us,product,search,women slides,5,"BRONAX Cushioned Thick Sole Pillow Slippers for Women and Men Y10 | Cloud-Like Soft Sole, Foot Pain Relief, EVA Platform Sole, Indoor Outdoor Slides, Waterproof Shower Ready, Quick-Drying BRONAX Cushioned Thick Sole Pillow Slippers for Women and Men Y10 | Cloud-Like Soft Sole, Foot Pain Relief, EVA Platform Sole, Indoor Outdoor Slid…",¥172.73,4.3,4.3,,,,,,https://sponsored-ads.amazon.com/clk/?_encoding=UTF8&p=eAFVULtu01AYVqiAyioXZShS2ILIEOnEx05sx0ER8o3WdeqkthNKlqNjn-NL49iObZGqQ54CiYkXYGXjDViYeAlmmJiQSBHimz7pu_y_PsY__Przx7d7zQeKt5jplmldQt1w2g2uexzSLLlGcn8xk6Ilf37GrzPRnI6Ow9fA8Q3l9PLKdpxVXNzk5puryGF42OPEfk_sweUdV_UPFcM7NRzTbT5h7hNareq8aB7NbcfQpie2uTT01qcG8-xWQRXFZRCjgpZBnuKaoiRLk4wivw6bDF7jmzzrBfm69bTyQZDiqkoCsM-AvRMUXPsuzdDc7QqVD-qYrikBQZ6mNKiTPANveXB7DAS4JBUocJLVtARBntU0q_nnqqPYOtKmk4mheebUdpFpT0zbQBNzYSDdcC1vOmuLTAM-_vzxy_dfH_TWw7-V-yfaj_oQQigKfV6GkgBF_mDu6qMDbaZ1reYLXVW04pUJJGWnbvaIlJ16sTGDQFP-x06NdurFTlX-kKh1pEXG9YliRBxeUf59g3nXiOu6qEYsu91ue_8mYqOCxVuWsCqUBck61weLlwVBJUFFGpNyXHfiCqOgRAkZw84mIWNOGg5FiRdk2KnKMQc4IGBBEPlQBiEJCRhwkANyKBNAJBFjWZaHgz7fSca4qDq4pOHYs7StJ2kiPPsNfMi8Bw&v=c1&r=https%3A%2F%2Fwww.amazon.com%2Fgp%2Faw%2Fd%2FB0957KMD4V%3Fpd_rd_plhdr%3Dt%26hsa_cr_id%3D0%26qid%3D1788672590%26sr%3D1-1-5a5562f9-fdfd-4101-9f9d-d76aa9998432%26i%3Daps%26aref%3DTKCwT7C60J&ref_=sbx__sbtcd2_asin_0_bkgd&pd_rd_w=Tpb64&content-id=amzn1.sym.90f77631-9599-4fe0-95f8-a40adfe1c762%3Aamzn1.sym.90f77631-9599-4fe0-95f8-a40adfe1c762&pf_rd_p=90f77631-9599-4fe0-95f8-a40adfe1c762&pf_rd_r=BD1Z9JZ1NGGRAVW3X0EN&pd_rd_wg=DTkM5&pd_rd_r=7d48a2eb-d652-4cc7-a5b8-19afd5c0da6f,"https://m.media-amazon.com/images/I/61ihh6ms6uL._AC_SR322,134_CB1169409_QL70_.jpg",96,排名靠前；价格处于人民币等值¥57.60-¥180.00黄金区间；标题包含 cloud、platform、soft，符合美国女鞋舒适化趋势；cloud + slides组合趋势加分；评分达到4.3以上。
2026-09-06,amazon_us,product,best_sellers,Best Sellers Women Sandals,26,COFACE Womens Orthopedic Flip Flops Arch Support Yoga Walking Thong Sandals | Fashion Orthotic Ladies Slip On Lightweight Athletic Mat Recovery Cushion With Comfortable Plantar Fasciitis,,4.3,$25.99,,,,,,https://www.amazon.com/COFACE-Orthotic-Athletic-FlipFlops-Fasciitis/dp/B09ZKZW1LR/ref=zg_bs_g_679425011_d_sccl_26/147-7056708-1938302?psc=1,"https://images-na.ssl-images-amazon.com/images/I/71wrTj6AkpL._AC_UL600_SR600,400_.jpg",77,排名进入前30；标题包含 recovery、orthopedic、comfort、arch support，符合美国女鞋舒适化趋势；orthopedic + arch support组合趋势加分；评分达到4.3以上。
2026-09-06,amazon_us,product,best_sellers,Best Sellers Women Sandals,10,Project Cloud 100% Genuine Leather Womens Sandals Slides for Women (Venita) | Cork Footbed Sandals for Women with Memory Foam and Arch Support Vacation Essentials Slides Women Footwear Flat Sandals,,4.3,$29.90,,,,,,https://www.amazon.com/Project-Cloud-Comfortable-Essentials-Vacation/dp/B0CNY8BFWN/ref=zg_bs_g_679425011_d_sccl_10/147-7056708-1938302?psc=1,"https://images-na.ssl-images-amazon.com/images/I/71Zk8CZeYSL._AC_UL600_SR600,400_.jpg",76,排名靠前；标题包含 cloud、arch support，符合美国女鞋舒适化趋势；cloud + slides组合趋势加分；评分达到4.3以上。
2026-09-06,amazon_us,product,new_releases,New Releases Women Sandals,9,Project Cloud Platform Sandals Women - Wedge Sandals for Women 2026 (Silly) | Womens Sandals Comfortable with Soft & Plush Insole - Non Slip Beach Essentials Womens Slide - Stylish Women Footwear,,3.7,$32.90,,,,,,https://www.amazon.com/Project-Cloud-Platform-Sandals-Women/dp/B0H275S7FH/ref=zg_bsnr_g_679425011_d_sccl_9/140-8606379-8659757?psc=1,"https://images-na.ssl-images-amazon.com/images/I/71lcJ5wbS4L._AC_UL600_SR600,400_.jpg",75,排名靠前；标题包含 cloud、platform、comfort、soft、beach、wedge，符合美国女鞋舒适化趋势；platform + comfort组合趋势加分。
2026-09-06,amazon_us,product,new_releases,New Releases Women Sandals,46,"UBFEN Womens Low Wedge Platform Sandals Espadrille Orthopedic Arch Support | Cushion Insole, Comfortable for Walking, Adjustable Strap, 2 Inches Platform Heel Height, Dressy for Vacation, Travel, Dating",,4.9,$39.99,,,,,,https://www.amazon.com/UBFEN-Platform-Sandals-Espadrille-Orthopedic/dp/B0H6W4G2P1/ref=zg_bsnr_g_679425011_d_sccl_46/147-7056708-1938302?psc=1,"https://images-na.ssl-images-amazon.com/images/I/71alTFCPCdL._AC_UL300_SR300,200_.jpg",75,排名进入前50；标题包含 platform、orthopedic、comfort、arch support、wedge，符合美国女鞋舒适化趋势；platform + comfort组合趋势加分；orthopedic + arch support组合趋势加分；评分达到4.6以上。
2026-09-06,amazon_us,product,search,platform sandals women,12,Women's Suede Platform Wedge Heel Slide Sandals Y2K Round Open Toe One Strap Slip-On Heeled Sandals Stylish Comfortable Daily Casual Summer Slippers,¥237.53,3.6,"Price, product page $32.99 $ 32 . 99",,,,,,https://www.amazon.com/NBZKBNG-Platform-Sandals-Comfortable-Slippers/dp/B0FXRQXXLG/ref=sr_1_9?dib=eyJ2IjoiMSJ9.-sztLUvFGvhR_ekbbj8Xk7eQXS1HxoghTOoumRPrGKDqTQXy47jX1SoSwj7HppJOvG71UfJPOfc9EOUgk2pL3t8SLgyMrHm3FZjSjk6gPdGkxUsXZ-rCnuRecRaQuVqtYa3XPY5xzHagUmAp-WpTGlJPV2s2w5ca3W08rGoqmbQuEgoGycAQ_DyIPsDn-otC1PsHQ-VsjVYuHPMdJiGMGMz8jOb1OJ56jKBMCNfzhCiHK5LYlg1NlvARq73pYYqgWO3kLduGISKgG3ZNAYQjKRVV0kPSETxdTpo2DuJTYbM.uiMxBvPHJdrWjyjdxtjhDH0111ASvwknz3R3IPi4k58&dib_tag=se&keywords=platform+sandals+women&qid=1788672590&sr=8-9,https://m.media-amazon.com/images/I/61psKHoQPtL._AC_UL320_.jpg,75,排名进入前30；价格处于人民币等值¥180.00-¥288.00区间；标题包含 platform、comfort、summer、wedge，符合美国女鞋舒适化趋势；platform + comfort组合趋势加分。
2026-09-06,amazon_us,product,best_sellers,Best Sellers Women Sandals,3,"Joomra Pillow Slippers for Women and Men Thick Sole Ultra Cushion Slides | Cloud-Like Sole, Quick Drying Shower Shoes, Soft Open Toe Indoor Outdoor Sandals",,4.3,$23.99,,,,,,https://www.amazon.com/Joomra-Slippers-Massage-Bathroom-Platform/dp/B09652VJP1/ref=zg_bs_g_679425011_d_sccl_3/147-7056708-1938302?psc=1,"https://images-na.ssl-images-amazon.com/images/I/71pkhgTTRXL._AC_UL600_SR600,400_.jpg",73,排名靠前；标题包含 cloud、soft，符合美国女鞋舒适化趋势；cloud + slides组合趋势加分；评分达到4.3以上。
2026-09-06,amazon_us,product,search,women slides,7,"BRONAX Arch Support Slides for Women and Men Y180 | EVA Cushioned Thick Sole, Pain Relief Sandals, Open Toe, Ideal for Shower, Beach & Everyday Wear BRONAX Arch Support Slides for Women and Men Y180 | EVA Cushioned Thick Sole, Pain Relief Sandals, Open Toe, Ideal for Shower, Beach & Everyday Wear",¥136.66,4.1,4.1,,,,,,https://sponsored-ads.amazon.com/clk/?_encoding=UTF8&p=eAFVUL1u01AYVaiAyio_ylCksAWRIdKNr53ajoMs5J9L6yY4qe2ENMvVte-14yaxHdsiVYc8BRITL8DKxhuwMPESzDAxIZEixJmOdH6-T4cLDr_-_PHtXv2B7k_H1sAezKCF3GZNaB9HLE2usdqdjpV4Lr4-F9epbI_6x9Eb4AZIP5tdOa67XOQ3mX15FbucCDuC3O3IHTi_4xnBoY78M-TaXv0Jd5-yclllef1o4rjIHJ069hxZjU817tmtgktGinCBc1aE2YpUDCfpKkkZDqqozpE1ucnSTpitG0_LAIQrUpZJCPYZsHeCXGjeZSmeeG2pDEC1YGtGQZitViyskiwFb0VwewyEpKAlyEmSVqwAYZZWLK3E54arOxY2R8MhMn175HjYdoa2g_DQniJsIW_gj8ZNmavBx58_fvn-64PVePi3cv9E81EXQghlqSuqUJGgLB5MPKt_YI7N9qD-wjJ0M39lA0XfGZs9Yn1nXGzsMDT1_7Ez4p1xsTP0PyRuHJkxuj7VUSyQJRPf17h3tUVV5WWf57fbbeffRHyc82TLU96ApqOqA2HWe5lTXFCcrxa00KrWoiQ4LHBCNdjaJFQTlF5PVkRJha2y0ATQBRKRJFmMVBDRiIITAQpAjVQKqCIToqpq76QrthKN5GWLFCzS_IG59RVThue_AX-GvA0&v=c1&r=https%3A%2F%2Fwww.amazon.com%2Fgp%2Faw%2Fd%2FB0CN99K1X8%3Fpd_rd_plhdr%3Dt%26hsa_cr_id%3D0%26qid%3D1788672590%26sr%3D1-3-5a5562f9-fdfd-4101-9f9d-d76aa9998432%26i%3Daps%26aref%3DTKCwT7C60J&ref_=sbx__sbtcd2_asin_2_bkgd&pd_rd_w=Tpb64&content-id=amzn1.sym.90f77631-9599-4fe0-95f8-a40adfe1c762%3Aamzn1.sym.90f77631-9599-4fe0-95f8-a40adfe1c762&pf_rd_p=90f77631-9599-4fe0-95f8-a40adfe1c762&pf_rd_r=BD1Z9JZ1NGGRAVW3X0EN&pd_rd_wg=DTkM5&pd_rd_r=7d48a2eb-d652-4cc7-a5b8-19afd5c0da6f,"https://m.media-amazon.com/images/I/71V+tRRGaTL._AC_SR322,134_CB1169409_QL70_.jpg",73,排名靠前；价格处于人民币等值¥57.60-¥180.00黄金区间；标题包含 arch support、beach，符合美国女鞋舒适化趋势；评分达到4.0以上。
2026-09-06,amazon_us,product,best_sellers,Best Sellers Women Sandals,2,KuaiLu Flip Flops for Women with Arch Support Summer Beach Thong Sandals | Comfortable Yoga Mat Walking Shoes Cushion Slip On Casual Outfits Indoor Outdoor,,4.3,$11.98,,,,,,https://www.amazon.com/KuaiLu-Support-Comfortable-Walking-Sandals/dp/B0C5ZRQS2X/ref=zg_bs_g_679425011_d_sccl_2/147-7056708-1938302?psc=1,"https://images-na.ssl-images-amazon.com/images/I/710PdcSAm6L._AC_UL600_SR600,400_.jpg",70,排名靠前；标题包含 comfort、arch support、beach、summer，符合美国女鞋舒适化趋势；评分达到4.3以上。
2026-09-06,amazon_us,product,search,women summer slippers,8,GOEWY,¥71.86,4.6,GOEWY,,,,,,https://www.amazon.com/GOEWY-Slippers-Outdoor-Slipper-Bridesmaid/dp/B0DT12FRRT/ref=sr_1_5?dib=eyJ2IjoiMSJ9.eZQEUMTacA8IMNnsyu_bgb8oymj1JXVIM9EkXcf5UuJ10vaZZiwjsPuQ7mqpnKXTZZ00qHRNt3j33kRWI9xMufe2VAGQbU_x6wfO4t-74F3AyuqsHwuuSj9LobFJtWaEp4V90is4ecTlAE8Qa5c6lSseqxAPyup52sDzUWq7Y2aH7UMU_2vaB0ey5NHetzrLVejTIfsc_UM22HaZvw0EhxVdhBtxilopOFhsYSFhH79zabS4yDvot9hciPsxsZ-iBKjMGuyTLD_gfJCOQGYcpizgNx1xQSeMdrSok6xoQ0I.ymgE_3wEUNcm_92DFoskmXlQan_Zt5aRWHfx7OuEsEk&dib_tag=se&keywords=women+summer+slippers&qid=1788672589&sr=8-5,https://m.media-amazon.com/images/I/612fmVMoiKL._AC_UL320_.jpg,70,排名靠前；价格处于人民币等值¥57.60-¥180.00黄金区间；评分达到4.6以上。
2026-09-06,amazon_us,product,new_releases,New Releases Women Sandals,13,IDIFU Platform Chunky Block Strappy Heels Sandals | Slingback Heeled Sandals Thick Open Square Toe Comfortable Dress Shoes for Women Wedding Work Prom Ladies Cute Heel,,4.6,$36.98,,,,,,https://www.amazon.com/IDIFU-Platform-Chunky-Strappy-Sandals/dp/B0H1LQRCYB/ref=zg_bsnr_g_679425011_d_sccl_13/140-8606379-8659757?psc=1,"https://images-na.ssl-images-amazon.com/images/I/61zeFLRuxkL._AC_UL600_SR600,400_.jpg",69,排名进入前30；标题包含 platform、comfort，符合美国女鞋舒适化趋势；platform + comfort组合趋势加分；评分达到4.6以上。
2026-09-06,amazon_us,product,search,women summer slippers,26,Womens Comfortable Slides Sandals: Lightweight Soft Cushioned Slip On Flat Sandals - Dressy Summer Shoes for Casual Walking Travel,¥100.73,4.5,"Price, product page $13.99 $ 13 . 99 Typical: $15.99 Typical: $15.99 $15.99",,,,,,https://www.amazon.com/Diarilip-Womens-Comfortable-Slides-Sandals/dp/B0GZN9H21P/ref=sr_1_20?dib=eyJ2IjoiMSJ9.eZQEUMTacA8IMNnsyu_bgb8oymj1JXVIM9EkXcf5UuJ10vaZZiwjsPuQ7mqpnKXTZZ00qHRNt3j33kRWI9xMufe2VAGQbU_x6wfO4t-74F3AyuqsHwuuSj9LobFJtWaEp4V90is4ecTlAE8Qa5c6lSseqxAPyup52sDzUWq7Y2aH7UMU_2vaB0ey5NHetzrLVejTIfsc_UM22HaZvw0EhxVdhBtxilopOFhsYSFhH79zabS4yDvot9hciPsxsZ-iBKjMGuyTLD_gfJCOQGYcpizgNx1xQSeMdrSok6xoQ0I.ymgE_3wEUNcm_92DFoskmXlQan_Zt5aRWHfx7OuEsEk&dib_tag=se&keywords=women+summer+slippers&qid=1788672589&sr=8-20,https://m.media-amazon.com/images/I/81PtNHs+1kL._AC_UL320_.jpg,69,排名进入前30；价格处于人民币等值¥57.60-¥180.00黄金区间；标题包含 comfort、soft、summer，符合美国女鞋舒适化趋势；评分达到4.3以上。
2026-09-06,amazon_us,product,best_sellers,Best Sellers Women Sandals,8,"ODOLY Unisex Comfortable Cork Footbed Slide Sandals with Arch Support | Adjustable Buckle, Lightweight Summer Sandals for Travel and Everyday Wear",,4.5,$17.99,,,,,,https://www.amazon.com/ODOLY-Footbed-Comfortable-Sandals-Adjustable/dp/B0CSMN1X4W/ref=zg_bs_g_679425011_d_sccl_8/147-7056708-1938302?psc=1,"https://images-na.ssl-images-amazon.com/images/I/61iYsM+H9QL._AC_UL600_SR600,400_.jpg",67,排名靠前；标题包含 comfort、arch support、summer，符合美国女鞋舒适化趋势；评分达到4.3以上。
2026-09-06,amazon_us,product,new_releases,New Releases Women Sandals,5,Project Cloud 100% Genuine Leather Block Heeled Sandals for Women(Opal) | Sandals Women Footwear-Memory Foam Insole & Non-Slip Womens Sandals Block Heels For Women-Womens Slides & Women's Sandals,,4.2,$47.61,,,,,,https://www.amazon.com/Project-Cloud-Genuine-Leather-Sandals/dp/B0GYFT1J3P/ref=zg_bsnr_g_679425011_d_sccl_5/140-8606379-8659757?psc=1,"https://images-na.ssl-images-amazon.com/images/I/81FmD-R2JoL._AC_UL600_SR600,400_.jpg",67,排名靠前；标题包含 cloud，符合美国女鞋舒适化趋势；cloud + slides组合趋势加分；评分达到4.0以上。
2026-09-06,amazon_us,product,search,women summer slippers,5,LongBay,¥143.93,4.5,LongBay,,,,,,https://www.amazon.com/LongBay-Slippers-Memory-Bedroom-Dual-Strap/dp/B0DP277YRM/ref=sr_1_2?dib=eyJ2IjoiMSJ9.eZQEUMTacA8IMNnsyu_bgb8oymj1JXVIM9EkXcf5UuJ10vaZZiwjsPuQ7mqpnKXTZZ00qHRNt3j33kRWI9xMufe2VAGQbU_x6wfO4t-74F3AyuqsHwuuSj9LobFJtWaEp4V90is4ecTlAE8Qa5c6lSseqxAPyup52sDzUWq7Y2aH7UMU_2vaB0ey5NHetzrLVejTIfsc_UM22HaZvw0EhxVdhBtxilopOFhsYSFhH79zabS4yDvot9hciPsxsZ-iBKjMGuyTLD_gfJCOQGYcpizgNx1xQSeMdrSok6xoQ0I.ymgE_3wEUNcm_92DFoskmXlQan_Zt5aRWHfx7OuEsEk&dib_tag=se&keywords=women+summer+slippers&qid=1788672589&sr=8-2,https://m.media-amazon.com/images/I/71BlGXBbl-L._AC_UL320_.jpg,67,排名靠前；价格处于人民币等值¥57.60-¥180.00黄金区间；评分达到4.3以上。
2026-09-06,amazon_us,product,search,women summer slippers,6,shevalues,¥95.47,4.3,shevalues,,,,,,https://www.amazon.com/Shevalues-Womens-Indoor-Slippers-Cotton/dp/B074HBC1BR/ref=sr_1_3?dib=eyJ2IjoiMSJ9.eZQEUMTacA8IMNnsyu_bgb8oymj1JXVIM9EkXcf5UuJ10vaZZiwjsPuQ7mqpnKXTZZ00qHRNt3j33kRWI9xMufe2VAGQbU_x6wfO4t-74F3AyuqsHwuuSj9LobFJtWaEp4V90is4ecTlAE8Qa5c6lSseqxAPyup52sDzUWq7Y2aH7UMU_2vaB0ey5NHetzrLVejTIfsc_UM22HaZvw0EhxVdhBtxilopOFhsYSFhH79zabS4yDvot9hciPsxsZ-iBKjMGuyTLD_gfJCOQGYcpizgNx1xQSeMdrSok6xoQ0I.ymgE_3wEUNcm_92DFoskmXlQan_Zt5aRWHfx7OuEsEk&dib_tag=se&keywords=women+summer+slippers&qid=1788672589&sr=8-3,https://m.media-amazon.com/images/I/71JYzlHXkPL._AC_UL320_.jpg,67,排名靠前；价格处于人民币等值¥57.60-¥180.00黄金区间；评分达到4.3以上。
2026-09-06,amazon_us,product,search,women summer slippers,7,"Cloth Slippers Linen Slippers - Breathable, Anti-Slip, Easy to Clean - Summer Silent Slippers for Women and Men",¥64.73,4.2,Products highlighted as 'Overall Pick' are:,,,,,,https://www.amazon.com/VIDSID-Linen-Slippers-Breathable-Anti-Slip/dp/B0D4DNFVWP/ref=sr_1_4?dib=eyJ2IjoiMSJ9.eZQEUMTacA8IMNnsyu_bgb8oymj1JXVIM9EkXcf5UuJ10vaZZiwjsPuQ7mqpnKXTZZ00qHRNt3j33kRWI9xMufe2VAGQbU_x6wfO4t-74F3AyuqsHwuuSj9LobFJtWaEp4V90is4ecTlAE8Qa5c6lSseqxAPyup52sDzUWq7Y2aH7UMU_2vaB0ey5NHetzrLVejTIfsc_UM22HaZvw0EhxVdhBtxilopOFhsYSFhH79zabS4yDvot9hciPsxsZ-iBKjMGuyTLD_gfJCOQGYcpizgNx1xQSeMdrSok6xoQ0I.ymgE_3wEUNcm_92DFoskmXlQan_Zt5aRWHfx7OuEsEk&dib_tag=se&keywords=women+summer+slippers&qid=1788672589&sr=8-4,https://m.media-amazon.com/images/I/81CG5b2e3QL._AC_UL320_.jpg,67,排名靠前；价格处于人民币等值¥57.60-¥180.00黄金区间；标题包含 summer，符合美国女鞋舒适化趋势；评分达到4.0以上。
2026-09-06,amazon_us,product,search,women slides,2,adidas,¥151.20,4.4,adidas,,,,,,https://www.amazon.com/adidas-Unisex-Adilette-Shower-Sandal/dp/B091ZGQF6G/ref=sr_1_1?dib=eyJ2IjoiMSJ9.RrPumS3Ni8XWS9mPWZVEoF2rrmO2HJxKFXxFJoY_4heCqt4_CHH-xTRoK_CiKD_Pt7BsogWvOSZjNd8swvh9T07DZIIJci_CtKFjkUgFwHvwfFRBt-v79UhOClNVgWtQ2THvJsfW6TkcwJlOa3ae11k7JGPNYNkPCb6HfC_n3RwM5Fl2RcxkON-cnZVw0xMWUu28qJj72Cxd4RKUTbt3wMeXADjU1oPkIPNiP8GNOJGU9PTxU3DHmOZfi6lMw2wKIuvDLgAS0TtSnpOGVSEhGaF-hH5CVd_fCCItQDh-0mk.qgrS06vRsnoKq7lzn3aJV7yhFsLGM7aj6aZeBEh4b9c&dib_tag=se&keywords=women+slides&qid=1788672589&sr=8-1,https://m.media-amazon.com/images/I/61CCABduhML._AC_UL320_.jpg,67,排名靠前；价格处于人民币等值¥57.60-¥180.00黄金区间；评分达到4.3以上。
2026-09-06,amazon_us,product,search,platform sandals women,5,Soda,¥172.80,4.5,Products highlighted as 'Overall Pick' are:,,,,,,https://www.amazon.com/Soda-Buckle-Espadrilles-Flatform-Casual/dp/B0C5S26DHB/ref=sr_1_2?dib=eyJ2IjoiMSJ9.-sztLUvFGvhR_ekbbj8Xk7eQXS1HxoghTOoumRPrGKDqTQXy47jX1SoSwj7HppJOvG71UfJPOfc9EOUgk2pL3t8SLgyMrHm3FZjSjk6gPdGkxUsXZ-rCnuRecRaQuVqtYa3XPY5xzHagUmAp-WpTGlJPV2s2w5ca3W08rGoqmbQuEgoGycAQ_DyIPsDn-otC1PsHQ-VsjVYuHPMdJiGMGMz8jOb1OJ56jKBMCNfzhCiHK5LYlg1NlvARq73pYYqgWO3kLduGISKgG3ZNAYQjKRVV0kPSETxdTpo2DuJTYbM.uiMxBvPHJdrWjyjdxtjhDH0111ASvwknz3R3IPi4k58&dib_tag=se&keywords=platform+sandals+women&qid=1788672590&sr=8-2,https://m.media-amazon.com/images/I/71q-Jp+UEkL._AC_UL320_.jpg,67,排名靠前；价格处于人民币等值¥57.60-¥180.00黄金区间；评分达到4.3以上。
2026-09-06,amazon_us,product,search,platform sandals women,8,Project Cloud,¥287.28,4.2,Project Cloud,,,,,,https://www.amazon.com/Project-Cloud-Platform-Sandals-Women/dp/B0FTTJXGPG/ref=sr_1_5?dib=eyJ2IjoiMSJ9.-sztLUvFGvhR_ekbbj8Xk7eQXS1HxoghTOoumRPrGKDqTQXy47jX1SoSwj7HppJOvG71UfJPOfc9EOUgk2pL3t8SLgyMrHm3FZjSjk6gPdGkxUsXZ-rCnuRecRaQuVqtYa3XPY5xzHagUmAp-WpTGlJPV2s2w5ca3W08rGoqmbQuEgoGycAQ_DyIPsDn-otC1PsHQ-VsjVYuHPMdJiGMGMz8jOb1OJ56jKBMCNfzhCiHK5LYlg1NlvARq73pYYqgWO3kLduGISKgG3ZNAYQjKRVV0kPSETxdTpo2DuJTYbM.uiMxBvPHJdrWjyjdxtjhDH0111ASvwknz3R3IPi4k58&dib_tag=se&keywords=platform+sandals+women&qid=1788672590&sr=8-5,https://m.media-amazon.com/images/I/71J636VmPQL._AC_UL320_.jpg,67,排名靠前；价格处于人民币等值¥180.00-¥288.00区间；标题包含 cloud，符合美国女鞋舒适化趋势；评分达到4.0以上。
2026-09-06,amazon_us,product,new_releases,New Releases Women Sandals,12,Project Cloud Pool Slides For Women & Jelly Sandals For Women Footwear | Womens Sandals Comfortable w/ Memory Foam Insole - Slip Resistant Womens Jelly Sandals Beach Essentials Sandals Women,,4.1,$29.90,,,,,,https://www.amazon.com/Project-Cloud-Slides-Sandals-Footwear/dp/B0H5YKTVPP/ref=zg_bsnr_g_679425011_d_sccl_12/140-8606379-8659757?psc=1,"https://images-na.ssl-images-amazon.com/images/I/81x+j68eH7L._AC_UL600_SR600,400_.jpg",66,排名进入前30；标题包含 cloud、comfort、beach，符合美国女鞋舒适化趋势；cloud + slides组合趋势加分；评分达到4.0以上。
2026-09-06,amazon_us,product,new_releases,New Releases Women Sandals,14,"MellowSoft Cloud Slides for Women & Men, Thick Shock-Absorbing Sole | Ultra Soft CloudFoam Cushioning Slides, Lightweight Anti-Slip Recovery Sandals for Indoor & Outdoor Comfort",,3.6,$39.00,,,,,,https://www.amazon.com/MellowSoft-Cloud-Slides-CloudFoam-Cushioning/dp/B0H52VV17P/ref=zg_bsnr_g_679425011_d_sccl_14/140-8606379-8659757?psc=1,"https://images-na.ssl-images-amazon.com/images/I/51KGd55hl5L._AC_UL600_SR600,400_.jpg",65,排名进入前30；标题包含 cloud、recovery、comfort、soft，符合美国女鞋舒适化趋势；cloud + slides组合趋势加分。
2026-09-06,amazon_us,product,search,platform sandals women,26,"Women's Platform Sandals, Cork Footbed Slides with Double Buckles",¥215.93,4.4,100+ bought in past month,,,,,,https://www.amazon.com/BiuYorBTY-Platform-Sandals-Footbed-Comfort/dp/B0DZ1P3782/ref=sr_1_15?dib=eyJ2IjoiMSJ9.-sztLUvFGvhR_ekbbj8Xk7eQXS1HxoghTOoumRPrGKDqTQXy47jX1SoSwj7HppJOvG71UfJPOfc9EOUgk2pL3t8SLgyMrHm3FZjSjk6gPdGkxUsXZ-rCnuRecRaQuVqtYa3XPY5xzHagUmAp-WpTGlJPV2s2w5ca3W08rGoqmbQuEgoGycAQ_DyIPsDn-otC1PsHQ-VsjVYuHPMdJiGMGMz8jOb1OJ56jKBMCNfzhCiHK5LYlg1NlvARq73pYYqgWO3kLduGISKgG3ZNAYQjKRVV0kPSETxdTpo2DuJTYbM.uiMxBvPHJdrWjyjdxtjhDH0111ASvwknz3R3IPi4k58&dib_tag=se&keywords=platform+sandals+women&qid=1788672590&sr=8-15,https://m.media-amazon.com/images/I/716g0SFJuTL._AC_UL320_.jpg,65,排名进入前30；评论数达到50以上；价格处于人民币等值¥180.00-¥288.00区间；标题包含 platform，符合美国女鞋舒适化趋势；评分达到4.3以上。
2026-09-06,amazon_us,product,best_sellers,Best Sellers Women Sandals,1,mazeskin Womens Memory Foam Flip Flops Flat Thong Sandals | Soft Vegan Leather Comfortable Cushioned Casual Dressy Beach Summer Minimalist Slim Slide Shoes Indoor Outdoor,,4.2,$9.99,,,,,,https://www.amazon.com/mazeskin-Womens-Comfortable-Sandals-Leather/dp/B0F32KMZ18/ref=zg_bs_g_679425011_d_sccl_1/147-7056708-1938302?psc=1,"https://images-na.ssl-images-amazon.com/images/I/71jV8GHPNSL._AC_UL600_SR600,400_.jpg",64,排名靠前；标题包含 comfort、soft、beach、summer，符合美国女鞋舒适化趋势；评分达到4.0以上。
2026-09-06,amazon_us,product,search,women summer slippers,10,WHITIN,¥71.93,4.1,WHITIN,,,,,,https://www.amazon.com/WHITIN-Slippers-Cushioned-Fashionable-Lightweight/dp/B0C1C17KH8/ref=sr_1_7?dib=eyJ2IjoiMSJ9.eZQEUMTacA8IMNnsyu_bgb8oymj1JXVIM9EkXcf5UuJ10vaZZiwjsPuQ7mqpnKXTZZ00qHRNt3j33kRWI9xMufe2VAGQbU_x6wfO4t-74F3AyuqsHwuuSj9LobFJtWaEp4V90is4ecTlAE8Qa5c6lSseqxAPyup52sDzUWq7Y2aH7UMU_2vaB0ey5NHetzrLVejTIfsc_UM22HaZvw0EhxVdhBtxilopOFhsYSFhH79zabS4yDvot9hciPsxsZ-iBKjMGuyTLD_gfJCOQGYcpizgNx1xQSeMdrSok6xoQ0I.ymgE_3wEUNcm_92DFoskmXlQan_Zt5aRWHfx7OuEsEk&dib_tag=se&keywords=women+summer+slippers&qid=1788672589&sr=8-7,https://m.media-amazon.com/images/I/71nA8egRirL._AC_UL320_.jpg,64,排名靠前；价格处于人民币等值¥57.60-¥180.00黄金区间；评分达到4.0以上。
2026-09-06,amazon_us,product,search,platform sandals women,3,Sorel Women's Sunpeak Platform Sandal | Casual Sandals Sorel Women's Sunpeak Platform Sandal | Casual San…,¥900.00,4.5,,,,,,,https://aax-us-east-retail-direct.amazon.com/x/c/JGQnlIpqCBIarlUtS1qpCTcAAAGgdTHDVgEAAAH2AQBvbm9fdHhuX2JpZDEgICBvbm9fdHhuX2ltcDIgICBLqKpI/clv1c_ek-wBfvXJbTWnm_ycA9ByYtaoR1pst8Pu2PbAGOn3SNQSxFq9dSiU7ihssC_Sp1tPPAaL1iZ4qhgRVamwCLmdk_OcInv2_GfGUhMhKa27A4uKFFj8IPP4kx66eFQlrIf8s2SqpEuZbvcLF_EC4sBK_LrodqSnvVq9-eyST6e5rb_GmPrVu1y5k6szIr-eXqwK6RbCdqLmgvb00DxX8iCkqApt9-1iOJ0heJSbRjV7TygfdfeEFeish3OXY3X2_adgXJSJAD6SxBfZnk1sUVF64lRyVWXUbcezkZKOlfoj0kWrAA1mCY9z-br1_q2Hbt2G9AYED2rne_6GwUc1YRPrJ8DhruGDAfBQLILPvfUPF5m_KIaPc-_3AydPZEOtUmgKHimeEDgZiZmGXt1jQE0gv-aqZE0LYfF3EFCZZ-YWHmLCBKEGQ44jcEmy1OuOAhIrEaA4kfk_007sOvYYhR4j9eYhX4Dw3VIRgkMcCxqMNRhClmKNcgAJqnKeM3cB0LVoUTbAnWTF83NcpXD0cp0iX6q7aLo53e1pvmL1oMVH0XzSdD094oIScLW1tuQgiy7GGiipPHKaoHILgrp-QYj0Twple_jr4tNlwYCTZkLUON-LYxKBh8LZ4gP4xeZcxaxK2w9YzPhK5i6O1wBYU16CA7O2tlCLkRIX9dFa-UDgDSVV9ajsKrn5n97k3UyqYIPKHzEsMyBP4Yd6B7jArPTeTZzciAtc4MS36iPL0cwTtInK78fDncR_nBvsOrQIYcva5T-ZL0M0c0yeOnJSawUqupIaVKaa-457vIGzv37jRDlM3VBmdVFVOGR609UAw2CUPVy5kQyGEX4WdMHSg4cuSa6sGNK1z8BWinT1ajP2d3FASsfU24aZCIArKhUBtmhZKsgDDsSsFTBde_yCcq6qSrpkswWjC3qwhBoIPlGANIbZOqA-hm0oeaDZGTb_QlWiBPY1eCBfcYyFd-pKA8TK_bcMbQS14jYP96yzcfge2g82wX_9ZG3GjguCSy1OkwbYtOX8SILBQITGl4miENXu0DnQ6gZOGSPAavw1JGSyeOqrGlkpXFc_GEuTtC4KpDjY-qSlQ3OO_GlxhUX9CKXQ_IIbyGF5AN7-3PK5-Ixikt90Gu8Y8NaMNI2yR_Y9HpiUwHiUI85H55AxdYqc1IYtxQZ0KZySx1SYxFeWuP33-gvfgVjOq925-2EKadkS6djk3Js7mbZ8jKOjbqQSqtMdwjnCKNNySUY9qo0GJpY2mOrXOE1iAzkMDU8xZx2sdH1obfRNpipbv1bpkx3mt3hX-ahrJh57_lPDLw_AU7kKj0C9PQ3WhniY9cqAjvMed3L4Ta9-Jx743Lif-u1qOzPQu3rZbYv_7aA54Slj_Who3_4DHZYzxvzL2jxW973ZjQcPvS5IaDl_kmtnaARbciyFm7bKh7CSPlCFsP1FJbecQwHKrj06oM08qMnGEp_EW8_MQxewUcSWaAHXKtyA6Kf7POnjarN557J3uhUbBwNcanHpAKhLHc0qMOxzeRVM3OW3wxXaKfF_t4qkhIIcGSTXwxBxCoM6mT23O0JLZOen42plz1aaDH4FgBYe2inEOX20NNZoylsrDI8WI9_4YMJYfuXDP5OJl4daolcInURW4R0vW4cekB0hyu13cBheABppDpdm1LeqDcqbN1Mkn4sFpojwuSWj0LMvJ0K/https://www.amazon.com/gp/aw/d/B0F8DF6JD8/?_encoding=UTF8&pd_rd_plhdr=t&aaxitk=b8fdff5d0a92fb43ad129171fd02a1a5&hsa_cr_id=0&qid=1788672590&sr=1-3-9e67e56a-6f64-441f-a281-df67fc737124&i=aps&aref=rDDkVfxPg8&ref_=sbx_s_sparkle_sbtcd_asin_2_bkgd&pd_rd_w=avGNP&content-id=amzn1.sym.8de9b3d5-f5c5-40e9-9b39-d65f08d6ea68%3Aamzn1.sym.8de9b3d5-f5c5-40e9-9b39-d65f08d6ea68&pf_rd_p=8de9b3d5-f5c5-40e9-9b39-d65f08d6ea68&pf_rd_r=YA5S3VN3DT4APE2X3V4E&pd_rd_wg=u2lGh&pd_rd_r=d323efab-62ca-4dad-9ebc-ae202cb633d8,"https://m.media-amazon.com/images/I/61jQ5aKvWfL._AC_SR160,134_CB1169409_QL70_.jpg",63,排名靠前；价格高于人民币等值¥288.00；标题包含 platform，符合美国女鞋舒适化趋势；评分达到4.3以上。
2026-09-06,amazon_us,product,best_sellers,Best Sellers Women Sandals,21,KuaiLu Flip Flops for Women with Arch Support Summer Beach Thong Sandals | Comfortable Walking Shoes Lightweight Soft Yoga Mat Cushion Floral Outfits Slip On Indoor Outdoor,,4.5,$15.98,,,,,,https://www.amazon.com/KuaiLu-Comfortable-Orthotic-Essentials-Slippers/dp/B0DZ6HP69D/ref=zg_bs_g_679425011_d_sccl_21/147-7056708-1938302?psc=1,"https://images-na.ssl-images-amazon.com/images/I/71KNoOx0PxL._AC_UL600_SR600,400_.jpg",62,排名进入前30；标题包含 comfort、arch support、soft、beach、summer，符合美国女鞋舒适化趋势；评分达到4.3以上。
2026-09-06,amazon_us,product,search,women summer slippers,1,Chantomoo Slippers for Women Memory Foam House Bedroom Corduroy Bow Crossbands Slipper Shoes Comfy Trendy Gift Slippers Chantomoo Slippers for Women Memory Foam Hous…,¥215.93,4.4,,,,,,,https://aax-us-east-retail-direct.amazon.com/x/c/JMnwiKZkRCCNERKJ5X0voy4AAAGgdTG_GwEAAAH2AQBvbm9fdHhuX2JpZDYgICBvbm9fdHhuX2ltcDIgICCZikEy/clv1c_ek-wBfvXbbbaXQ4WYzrofx-3U0Dmar-Il9oJHdA71i63qlbgJJwck6L-OEMgxxnQruFaMMJ17LcHgTAiF5YGEq122FeD1faq4vArdZl9-qwkmxWrOqCtwb0JF3lwpSJBdlm0vB7OclaYnP8drmdu0g2PMPy_F1_eskTzxhuh2YQz-VucH9OLutYam52rPZzX55c5NNrISUSJV-X8oXwY_sIbnDovjfyytrT85BvkWwoFjSpdLpKmXHEsXI8I5snCRUqs2m6e717kSNh8wcviftDS8W2Jpp0fKB5aM7BgVltRvDdWWuPa4ISGZOSy3uBT-3cQAURrjr_6uwk3M9MsoxervrdroYCe6QXYWctEPEZ30oxNKjoNit1uX7b9BJ8gjssPMzYRdOZH_oa7RtBMe2yAkSvK6-X1yK6sg8HoF4yuo7fiVczrtbOxAFFdHASHZEZE0FgYW6COcNDI5E2nHvvWkcbo4Cdsl_ZX-NO-QmlIU98dkCYamxj8gEhvtwHubDbuqGPr7Y4wcy8qN0jxv_uX_mukQVw-Bv_wqIju_Qj3tyGF0fzVvE8UgpAkG63HN6C81IaL9SKDkllmJRfY-ELPGxyK3v4XFTUEBdbl2cTHAVeaS7QDNUocU9w57Rq3VdAAWc5eZ1EzD87taYMjduY0VPix2VBE3RbBsCU2UjMUpyREjXNYgKXc0ZbxqlEZzABdn38ql2VxbLRqs3F1GAjdU0j7R4DqWYg7szf1Eeq8UIozXMHWkfU4FLx6ABJKZsa4FvF4dFwmw-w-Baq5b0XGXeSoB-94gXoJvcP6WTEe53lWIZe2vmgLMQiN5IRuvO55mSkHj1AERmbHr78eOU5U7IQ14Y7yN4M4xoUkdiMGEK2JXMugl-88ao6w-CzeraJ89Zd1EAR1trCk29uZM0cXF14YX2icuX8RjJJ4zLXGOuCdWHBPqJAHXc4ZUFQO0nmeU3vgxAwOccL11yYwSH_wFX2d28NDGUZl0l7H1ZwtL9R2PG1hs3pkLYrsrnfWgsMt4L5GkMRn8DJpnObqrNbdR2bmzg_NKYKIQ3zXNrim4Tf1pfSMxb-5bTALpezJHXM5xwA2ev-eOaLhrz5UzXFta7D7RGfugTVygHC7RVZogU7yFk9OY78RbAn8MMDg4_qTRrAtXNR0h2N7o9BPDSY_wHySxtal1AHmlEVw1EO-qmmNrWbWSKCszrRECUtPV2biFrbOYy5IezYAUcZ8gFtY7wY08mZKKp2Medz-cgiQJGuJrCtd-RrI-cjc4yH6SL_ooDIin94dpx9zvifEmzpQMalRtn1IGQbORrbu4u0jBPOBbNmp_cqoc6gzZEbRbd76XiwicEqIFvpOqRjzF1qTbttPKa5seziQ6k6XC8vbRxYAQV6fCSU3wfoxBVBjcDn5Qi6IuJI6E5DVFsAL11btEA-KAZNXM8HyGJIAs8vtM_2Vso4a_ad395u-_iwMSHof42Hf6pz50iEkmGu34ILpXc6_e0dbdC1gYxU1HtkwLffZjsoC-qMC7YM4uGF_Qr4PyVh21CB6yZRfRAqoV9B1zX6w9odd-jP4ikjgjcYAZwCEoqmWsHmdNmKmP0m4FvKvLPjbLkOEkCeM3saFTftmBPJK3VIJCQibFEGGjua3a1HbNLw_hojLaIapsNMsHUBjIYx1GdktFKnAVTZBu9IvQB65/https://www.amazon.com/gp/aw/d/B0C7H38YBT/?_encoding=UTF8&pd_rd_plhdr=t&aaxitk=e1dc8951dc6a869de52e94b8a9c6e0fe&hsa_cr_id=0&qid=1788672589&sr=1-1-9e67e56a-6f64-441f-a281-df67fc737124&i=aps&aref=qwdxKUM9Cs&ref_=sbx_s_sparkle_sbtcd_asin_0_bkgd&pd_rd_w=gUROP&content-id=amzn1.sym.8de9b3d5-f5c5-40e9-9b39-d65f08d6ea68%3Aamzn1.sym.8de9b3d5-f5c5-40e9-9b39-d65f08d6ea68&pf_rd_p=8de9b3d5-f5c5-40e9-9b39-d65f08d6ea68&pf_rd_r=RDSC48PGZ2YHAS7004PA&pd_rd_wg=wRc0m&pd_rd_r=59723b14-44d9-4812-87be-7003d59a1f98,"https://m.media-amazon.com/images/I/711Z9Ju3AqL._AC_SR160,134_CB1169409_QL70_.jpg",62,排名靠前；价格处于人民币等值¥180.00-¥288.00区间；评分达到4.3以上。
2026-09-06,amazon_us,product,search,women summer slippers,3,Chantomoo Slippers for Women Memory Foam House Bedroom Corduroy Bow Crossbands Slipper Shoes Comfy Trendy Gift Slippers Chantomoo Slippers for Women Memory Foam Hous…,¥287.93,4.4,,,,,,,https://aax-us-east-retail-direct.amazon.com/x/c/JMnwiKZkRCCNERKJ5X0voy4AAAGgdTG_GwEAAAH2AQBvbm9fdHhuX2JpZDYgICBvbm9fdHhuX2ltcDIgICCZikEy/clv1c_ek-wBfvXbbbaXQ4WYzrofx-3U0Dmar-Il9oJHdA71i63qlbgJJwck6L-OEMgxxnQruFaMMJ17LcHgTAiF5YGEq122FeD1faq4vArdZl9-qwkmxWrOqCtwb0JF3lwpSJBdlm0vB7OclaYnP8drmdu0g2PMPy_F1_eskTzxhuh2YQz-VucH9OLutYam52rPZzX55c5NNrISUSJV-X8oXwY_sIbnDovjfyytrT85BvkWwoFjSpdLpKmXHEsXI8I5snCRUqs2m6e717kSNh8wcviftDS8W2Jpp0fKB5aM7BgVltRvDdWWuPa4ISGZOSy3uBT-3cQAURrjr_6uwk3M9MsoxervrdroYCe6QXYWctEPEZ30oxNKjoNit1uX7b9BJ8gjssPMzYRdOZH_oa7RtBMe2yAkSvK6-X1yK6sg8HoF4yuo7fiVczrtbOxAFFdHASHZEZE0FgYW6COcNDI5E2nHvvWkcbo4Cdsl_ZX-NO-QmlIU98dkCYamxj8gEhvtwHubDbuqGPr7Y4wcy8qN0jxv_uX_mukQVw-Bv_wqIju_Qj3tyGF0fzVvE8UgpAkG63HN6C81IaL9SKDkllmJRfY-ELPGxyK3v4XFTUEBdbl2cTHAVeaS7QDNUocU9w57Rq3VdAAWc5eZ1EzD87taYMjduY0VPix2VBE3RbBsCU2UjMUpyREjXNYgKXc0ZbxqlEZzABdn38ql2VxbLRqs3F1GAjdU0j7R4DqWYg7szf1Eeq8UIozXMHWkfU4FLx6ABJKZsa4FvF4dFwmw-w-Baq5b0XGXeSoB-94gXoJvcP6WTEe53lWIZe2vmgLMQiN5IRuvO55mSkHj1AERmbHr78eOU5U7IQ14Y7yN4M4xoUkdiMGEK2JXMugl-88ao6w-CzeraJ89Zd1EAR1trCk29uZM0cXF14YX2icuX8RjJJ4zLXGOuCdWHBPqJAHXc4ZUFQO0nmeU3vgxAwOccL11yYwSH_wFX2d28NDGUZl0l7H1ZwtL9R2PG1hs3pkLYrsrnfWgsMt4L5GkMRn8DJpnObqrNbdR2bmzg_NKYKIQ3zXNrim4Tf1pfSMxb-5bTALpezJHXM5xwA2ev-eOaLhrz5UzXFta7D7RGfugTVygHC7RVZogU7yFk9OY78RbAn8MMDg4_qTRrAtXNR0h2N7o9BPDSY_wHySxtal1AHmlEVw1EO-qmmNrWbWSKCszrRECUtPV2biFrbOYy5IezYAUcZ8gFtY7wY08mZKKp2Medz-cgiQJGuJrCtd-RrI-cjc4yH6SL_ooDIin94dpx9zvifEmzpQMalRtn1IGQbORrbu4u0jBPOBbNmp_cqoc6gzZEbRbd76XiwicEqIFvpOqRjzF1qTbttPKa5seziQ6k6XC8vbRxYAQV6fCSU3wfoxBVBjcDn5Qi6IuJI6E5DVFsAL11btEA-KAZNXM8HyGJIAs8vtM_2Vso4a_ad395u-_iwMSHof42Hf6pz50iEkmGu34ILpXc6_e0dbdC1gYxU1HtkwLffZjsoC-qMC7YM4uGF_Qr4PyVh21CB6yZRfRAqoV9B1zX6w9odd-jP4ikjgjcYAZwCEoqmWsHmdNmKmP0m4FvKvLPjbLkOEkCeM3saFTftmBPJK3VIJCQibFEGGjua3a1HbNLw_hojLaIapsNMsHUBjIYx1GdktFKnAVTZBu9IvQB65/https://www.amazon.com/gp/aw/d/B0FRZFL2QW/?_encoding=UTF8&pd_rd_plhdr=t&aaxitk=e1dc8951dc6a869de52e94b8a9c6e0fe&hsa_cr_id=0&qid=1788672589&sr=1-3-9e67e56a-6f64-441f-a281-df67fc737124&i=aps&aref=qwdxKUM9Cs&ref_=sbx_s_sparkle_sbtcd_asin_2_bkgd&pd_rd_w=gUROP&content-id=amzn1.sym.8de9b3d5-f5c5-40e9-9b39-d65f08d6ea68%3Aamzn1.sym.8de9b3d5-f5c5-40e9-9b39-d65f08d6ea68&pf_rd_p=8de9b3d5-f5c5-40e9-9b39-d65f08d6ea68&pf_rd_r=RDSC48PGZ2YHAS7004PA&pd_rd_wg=wRc0m&pd_rd_r=59723b14-44d9-4812-87be-7003d59a1f98,"https://m.media-amazon.com/images/I/71Ku9McB09L._AC_SR160,134_CB1169409_QL70_.jpg",62,排名靠前；价格处于人民币等值¥180.00-¥288.00区间；评分达到4.3以上。
2026-09-06,amazon_us,product,search,women slides,10,CUSHIONAIRE,¥194.33,4.4,CUSHIONAIRE,,,,,,https://www.amazon.com/CUSHIONAIRE-Womens-Feather-recovery-Comfort/dp/B0BTQ7ZS7B/ref=sr_1_6?dib=eyJ2IjoiMSJ9.RrPumS3Ni8XWS9mPWZVEoF2rrmO2HJxKFXxFJoY_4heCqt4_CHH-xTRoK_CiKD_Pt7BsogWvOSZjNd8swvh9T07DZIIJci_CtKFjkUgFwHvwfFRBt-v79UhOClNVgWtQ2THvJsfW6TkcwJlOa3ae11k7JGPNYNkPCb6HfC_n3RwM5Fl2RcxkON-cnZVw0xMWUu28qJj72Cxd4RKUTbt3wMeXADjU1oPkIPNiP8GNOJGU9PTxU3DHmOZfi6lMw2wKIuvDLgAS0TtSnpOGVSEhGaF-hH5CVd_fCCItQDh-0mk.qgrS06vRsnoKq7lzn3aJV7yhFsLGM7aj6aZeBEh4b9c&dib_tag=se&keywords=women+slides&qid=1788672589&sr=8-6,https://m.media-amazon.com/images/I/81PBXKFp76L._AC_UL320_.jpg,62,排名靠前；价格处于人民币等值¥180.00-¥288.00区间；评分达到4.3以上。
2026-09-06,amazon_us,product,search,platform sandals women,6,IDIFU,¥244.73,4.5,IDIFU,,,,,,https://www.amazon.com/IDIFU-Womens-Chunky-Platform-Sandals/dp/B0H5VFJHJW/ref=sr_1_3?dib=eyJ2IjoiMSJ9.-sztLUvFGvhR_ekbbj8Xk7eQXS1HxoghTOoumRPrGKDqTQXy47jX1SoSwj7HppJOvG71UfJPOfc9EOUgk2pL3t8SLgyMrHm3FZjSjk6gPdGkxUsXZ-rCnuRecRaQuVqtYa3XPY5xzHagUmAp-WpTGlJPV2s2w5ca3W08rGoqmbQuEgoGycAQ_DyIPsDn-otC1PsHQ-VsjVYuHPMdJiGMGMz8jOb1OJ56jKBMCNfzhCiHK5LYlg1NlvARq73pYYqgWO3kLduGISKgG3ZNAYQjKRVV0kPSETxdTpo2DuJTYbM.uiMxBvPHJdrWjyjdxtjhDH0111ASvwknz3R3IPi4k58&dib_tag=se&keywords=platform+sandals+women&qid=1788672590&sr=8-3,https://m.media-amazon.com/images/I/41FoDfo0M9L._AC_UL320_.jpg,62,排名靠前；价格处于人民币等值¥180.00-¥288.00区间；评分达到4.3以上。
2026-09-06,amazon_us,product,search,platform sandals women,10,DREAM PAIRS,¥287.93,4.4,DREAM PAIRS,,,,,,https://www.amazon.com/DREAM-PAIRS-Adjustable-Lightweight-Waterproof/dp/B0G1RBS19X/ref=sr_1_7?dib=eyJ2IjoiMSJ9.-sztLUvFGvhR_ekbbj8Xk7eQXS1HxoghTOoumRPrGKDqTQXy47jX1SoSwj7HppJOvG71UfJPOfc9EOUgk2pL3t8SLgyMrHm3FZjSjk6gPdGkxUsXZ-rCnuRecRaQuVqtYa3XPY5xzHagUmAp-WpTGlJPV2s2w5ca3W08rGoqmbQuEgoGycAQ_DyIPsDn-otC1PsHQ-VsjVYuHPMdJiGMGMz8jOb1OJ56jKBMCNfzhCiHK5LYlg1NlvARq73pYYqgWO3kLduGISKgG3ZNAYQjKRVV0kPSETxdTpo2DuJTYbM.uiMxBvPHJdrWjyjdxtjhDH0111ASvwknz3R3IPi4k58&dib_tag=se&keywords=platform+sandals+women&qid=1788672590&sr=8-7,https://m.media-amazon.com/images/I/61VKPpZxLML._AC_UL320_.jpg,62,排名靠前；价格处于人民币等值¥180.00-¥288.00区间；评分达到4.3以上。
2026-09-06,amazon_us,product,best_sellers,Best Sellers Women Sandals,5,"Archies Arch Support Flip Flops for Men & Women – Orthotic Sandals for Plantar Fasciitis Relief – Lightweight, Cushioning, Shock-Absorbing Thong Sandals for Walking, Foot Pain & All-Day Comfort",,4.2,$40.00,,,,,,https://www.amazon.com/Archies-Womens-Arch-Support-Black/dp/B086SYFKLP/ref=zg_bs_g_679425011_d_sccl_5/147-7056708-1938302?psc=1,"https://images-na.ssl-images-amazon.com/images/I/81xintmVcHL._AC_UL600_SR600,400_.jpg",61,排名靠前；标题包含 comfort、arch support，符合美国女鞋舒适化趋势；评分达到4.0以上。
2026-09-06,amazon_us,product,new_releases,New Releases Women Sandals,8,mazeskin Womens Soft Jelly Flip Flops Square Thong Sandals | Waterproof Beach Pool Vacation Summer Non Slip Splash Flexible Casual Transparent Crystal Clear Shoes,,4.3,$13.99,,,,,,https://www.amazon.com/mazeskin-Womens-Jelly-Square-Sandals/dp/B0H4P7RNBF/ref=zg_bsnr_g_679425011_d_sccl_8/140-8606379-8659757?psc=1,"https://images-na.ssl-images-amazon.com/images/I/711Rr+br5KL._AC_UL600_SR600,400_.jpg",61,排名靠前；标题包含 soft、beach、summer，符合美国女鞋舒适化趋势；评分达到4.3以上。
2026-09-06,amazon_us,product,best_sellers,Best Sellers Women Sandals,28,KuaiLu Women's Rhinestone Flip Flops Arch Support Yoga Mat Cushion Sandals | Comfort Fashion Summer Beach Travel Orthotic Walking Thong Sandles Slip on Plantar Fasciitis Indoor Outdoor Shoes Size 5-11,,4.3,$15.19,,,,,,https://www.amazon.com/KuaiLu-Rhinestone-Comfort-Orthotic-Fasciitis/dp/B0DSKGBXR8/ref=zg_bs_g_679425011_d_sccl_28/147-7056708-1938302?psc=1,"https://images-na.ssl-images-amazon.com/images/I/71AzqGl1rjL._AC_UL600_SR600,400_.jpg",60,排名进入前30；标题包含 comfort、arch support、beach、summer，符合美国女鞋舒适化趋势；评分达到4.3以上。
2026-09-06,amazon_us,product,new_releases,New Releases Women Sandals,22,GETOEU Arch Support Flip Flops for Women Square Toe Thong Sandals Comfortable Summer Beach Lightweight Flip Flops,,4.3,$9.99,,,,,,https://www.amazon.com/GETOEU-Support-Sandals-Comfortable-Lightweight/dp/B0H33X2P5N/ref=zg_bsnr_g_679425011_d_sccl_22/140-8606379-8659757?psc=1,"https://images-na.ssl-images-amazon.com/images/I/812JKZIwOpL._AC_UL600_SR600,400_.jpg",60,排名进入前30；标题包含 comfort、arch support、beach、summer，符合美国女鞋舒适化趋势；评分达到4.3以上。
2026-09-06,amazon_us,product,search,women summer slippers,21,"Linen Open-Toe Slide Slippers for Women, Non-Slip Indoor Outdoor House Shoes with Comfortable Sole",¥64.73,4.0,"Price, product page $8.99 $ 8 . 99",,,,,,https://www.amazon.com/VIDSID-Open-Toe-Slippers-Non-Slip-Comfortable/dp/B0DPRRQH9F/ref=sr_1_15?dib=eyJ2IjoiMSJ9.eZQEUMTacA8IMNnsyu_bgb8oymj1JXVIM9EkXcf5UuJ10vaZZiwjsPuQ7mqpnKXTZZ00qHRNt3j33kRWI9xMufe2VAGQbU_x6wfO4t-74F3AyuqsHwuuSj9LobFJtWaEp4V90is4ecTlAE8Qa5c6lSseqxAPyup52sDzUWq7Y2aH7UMU_2vaB0ey5NHetzrLVejTIfsc_UM22HaZvw0EhxVdhBtxilopOFhsYSFhH79zabS4yDvot9hciPsxsZ-iBKjMGuyTLD_gfJCOQGYcpizgNx1xQSeMdrSok6xoQ0I.ymgE_3wEUNcm_92DFoskmXlQan_Zt5aRWHfx7OuEsEk&dib_tag=se&keywords=women+summer+slippers&qid=1788672589&sr=8-15,https://m.media-amazon.com/images/I/71BezUOJ7TL._AC_UL320_.jpg,60,排名进入前30；价格处于人民币等值¥57.60-¥180.00黄金区间；标题包含 comfort，符合美国女鞋舒适化趋势；评分达到4.0以上。
2026-09-06,amazon_us,product,best_sellers,Best Sellers Women Sandals,29,"Reef Cushion Vista Hi Womens Platform Fashion Sandal, Arch Support, Ultra Soft Cushion Footbed",,4.3,$39.93,,,,,,https://www.amazon.com/Reef-Womens-Cushion-Vista-Hi/dp/B09K8WMWN6/ref=zg_bs_g_679425011_d_sccl_29/147-7056708-1938302?psc=1,"https://images-na.ssl-images-amazon.com/images/I/61wij8MIiAL._AC_UL600_SR600,400_.jpg",59,排名进入前30；标题包含 platform、arch support、soft，符合美国女鞋舒适化趋势；评分达到4.3以上。
2026-09-06,amazon_us,product,best_sellers,Best Sellers Women Sandals,32,"shevalues Orthopedic Sandals for Women, Arch Support Recovery Flip Flops | Orthotic Pillow Soft Summer Beach Shoes, Comfortable for Plantar Fasciitis",,4.2,$18.99,,,,,,https://www.amazon.com/Orthotic-Pillow-Recovery-Sandals-Support/dp/B09LC836QG/ref=zg_bs_g_679425011_d_sccl_32/147-7056708-1938302?psc=1,"https://images-na.ssl-images-amazon.com/images/I/61qX-fKai7L._AC_UL300_SR300,200_.jpg",59,排名进入前50；标题包含 recovery、orthopedic、comfort、arch support、soft、beach、summer，符合美国女鞋舒适化趋势；orthopedic + arch support组合趋势加分；评分达到4.0以上。
2026-09-06,amazon_us,product,search,women summer slippers,14,Women and Men Linen House Slippers Indoor,¥100.73,4.1,100+ bought in past month,,,,,,https://www.amazon.com/EitCaton-Slippers-Non-Slip-Open-Toe-Washable/dp/B0DVR24MMK/ref=sr_1_11?dib=eyJ2IjoiMSJ9.eZQEUMTacA8IMNnsyu_bgb8oymj1JXVIM9EkXcf5UuJ10vaZZiwjsPuQ7mqpnKXTZZ00qHRNt3j33kRWI9xMufe2VAGQbU_x6wfO4t-74F3AyuqsHwuuSj9LobFJtWaEp4V90is4ecTlAE8Qa5c6lSseqxAPyup52sDzUWq7Y2aH7UMU_2vaB0ey5NHetzrLVejTIfsc_UM22HaZvw0EhxVdhBtxilopOFhsYSFhH79zabS4yDvot9hciPsxsZ-iBKjMGuyTLD_gfJCOQGYcpizgNx1xQSeMdrSok6xoQ0I.ymgE_3wEUNcm_92DFoskmXlQan_Zt5aRWHfx7OuEsEk&dib_tag=se&keywords=women+summer+slippers&qid=1788672589&sr=8-11,https://m.media-amazon.com/images/I/81HinGlzSrL._AC_UL320_.jpg,59,排名进入前30；评论数达到50以上；价格处于人民币等值¥57.60-¥180.00黄金区间；评分达到4.0以上。
2026-09-06,amazon_us,product,search,women summer slippers,20,Women's Open Toe House Slippers Breathable Waffle Fabric Memory Foam,¥79.13,4.1,50+ bought in past month,,,,,,https://www.amazon.com/Yoerpe-Womens-House-Slippers-Slip/dp/B0F8BKW8PC/ref=sr_1_14?dib=eyJ2IjoiMSJ9.eZQEUMTacA8IMNnsyu_bgb8oymj1JXVIM9EkXcf5UuJ10vaZZiwjsPuQ7mqpnKXTZZ00qHRNt3j33kRWI9xMufe2VAGQbU_x6wfO4t-74F3AyuqsHwuuSj9LobFJtWaEp4V90is4ecTlAE8Qa5c6lSseqxAPyup52sDzUWq7Y2aH7UMU_2vaB0ey5NHetzrLVejTIfsc_UM22HaZvw0EhxVdhBtxilopOFhsYSFhH79zabS4yDvot9hciPsxsZ-iBKjMGuyTLD_gfJCOQGYcpizgNx1xQSeMdrSok6xoQ0I.ymgE_3wEUNcm_92DFoskmXlQan_Zt5aRWHfx7OuEsEk&dib_tag=se&keywords=women+summer+slippers&qid=1788672589&sr=8-14,https://m.media-amazon.com/images/I/71GbfDOMPSL._AC_UL320_.jpg,59,排名进入前30；评论数达到50以上；价格处于人民币等值¥57.60-¥180.00黄金区间；评分达到4.0以上。
2026-09-06,amazon_us,product,search,women slides,9,Under Armour,¥180.72,4.2,Under Armour,,,,,,https://www.amazon.com/Under-Armour-Womens-Ignite-Slides/dp/B0F34CRJP6/ref=sr_1_5?dib=eyJ2IjoiMSJ9.RrPumS3Ni8XWS9mPWZVEoF2rrmO2HJxKFXxFJoY_4heCqt4_CHH-xTRoK_CiKD_Pt7BsogWvOSZjNd8swvh9T07DZIIJci_CtKFjkUgFwHvwfFRBt-v79UhOClNVgWtQ2THvJsfW6TkcwJlOa3ae11k7JGPNYNkPCb6HfC_n3RwM5Fl2RcxkON-cnZVw0xMWUu28qJj72Cxd4RKUTbt3wMeXADjU1oPkIPNiP8GNOJGU9PTxU3DHmOZfi6lMw2wKIuvDLgAS0TtSnpOGVSEhGaF-hH5CVd_fCCItQDh-0mk.qgrS06vRsnoKq7lzn3aJV7yhFsLGM7aj6aZeBEh4b9c&dib_tag=se&keywords=women+slides&qid=1788672589&sr=8-5,https://m.media-amazon.com/images/I/41S9a3VMv1L._AC_UL320_.jpg,59,排名靠前；价格处于人民币等值¥180.00-¥288.00区间；评分达到4.0以上。
2026-09-06,amazon_us,product,search,platform sandals women,4,CUSHIONAIRE,¥287.93,4.0,CUSHIONAIRE,,,,,,https://www.amazon.com/CUSHIONAIRE-Womens-platform-sandal-Memory/dp/B09M96YX6M/ref=sr_1_1?dib=eyJ2IjoiMSJ9.-sztLUvFGvhR_ekbbj8Xk7eQXS1HxoghTOoumRPrGKDqTQXy47jX1SoSwj7HppJOvG71UfJPOfc9EOUgk2pL3t8SLgyMrHm3FZjSjk6gPdGkxUsXZ-rCnuRecRaQuVqtYa3XPY5xzHagUmAp-WpTGlJPV2s2w5ca3W08rGoqmbQuEgoGycAQ_DyIPsDn-otC1PsHQ-VsjVYuHPMdJiGMGMz8jOb1OJ56jKBMCNfzhCiHK5LYlg1NlvARq73pYYqgWO3kLduGISKgG3ZNAYQjKRVV0kPSETxdTpo2DuJTYbM.uiMxBvPHJdrWjyjdxtjhDH0111ASvwknz3R3IPi4k58&dib_tag=se&keywords=platform+sandals+women&qid=1788672590&sr=8-1,https://m.media-amazon.com/images/I/81v0nOOl2oL._AC_UL320_.jpg,59,排名靠前；价格处于人民币等值¥180.00-¥288.00区间；评分达到4.0以上。
2026-09-06,amazon_us,product,best_sellers,Best Sellers Women Sandals,4,"Ankis Heels for Women Open Toe Ankle Strap Chunky Heel Sandals 2.75 Inch | nude white gold black, adjustable ankle strap, Cushioned footbed, All-day comfort, for various occasions",,4.4,$24.49,,,,,,https://www.amazon.com/Ankis-Nude-Heels-Women-numeric_8/dp/B094CTB3TY/ref=zg_bs_g_679425011_d_sccl_4/147-7056708-1938302?psc=1,"https://images-na.ssl-images-amazon.com/images/I/71dUhT7TubL._AC_UL600_SR600,400_.jpg",58,排名靠前；标题包含 comfort，符合美国女鞋舒适化趋势；评分达到4.3以上。
2026-09-06,amazon_us,product,best_sellers,Best Sellers Women Sandals,7,"CUSHIONAIRE Lane Cork Slide Women's Sandals, Comfortable Sandals for Women | Molded Cork Footbed, Slide Sandals for Women, Adjustable Buckle, Sandals for Wide Feet, Cushioned Sandals for Women, Open Toe",,4.5,$34.99,,,,,,https://www.amazon.com/CUSHIONAIRE-Womens-Slide-Sandals-Brown/dp/B075PBVR9N/ref=zg_bs_g_679425011_d_sccl_7/147-7056708-1938302?psc=1,"https://images-na.ssl-images-amazon.com/images/I/81suZ76XHpL._AC_UL600_SR600,400_.jpg",58,排名靠前；标题包含 comfort，符合美国女鞋舒适化趋势；评分达到4.3以上。
2026-09-06,amazon_us,product,search,platform sandals women,2,"Sorel Women's Sunpeak Wedge Ankle Strap, Iced Tea/Snow, 7.5 Regular Sorel Women's Sunpeak Wedge Ankle Strap, Iced Tea…",¥1080.00,4.5,,,,,,,https://aax-us-east-retail-direct.amazon.com/x/c/JGQnlIpqCBIarlUtS1qpCTcAAAGgdTHDVgEAAAH2AQBvbm9fdHhuX2JpZDEgICBvbm9fdHhuX2ltcDIgICBLqKpI/clv1c_ek-wBfvXJbTWnm_ycA9ByYtaoR1pst8Pu2PbAGOn3SNQSxFq9dSiU7ihssC_Sp1tPPAaL1iZ4qhgRVamwCLmdk_OcInv2_GfGUhMhKa27A4uKFFj8IPP4kx66eFQlrIf8s2SqpEuZbvcLF_EC4sBK_LrodqSnvVq9-eyST6e5rb_GmPrVu1y5k6szIr-eXqwK6RbCdqLmgvb00DxX8iCkqApt9-1iOJ0heJSbRjV7TygfdfeEFeish3OXY3X2_adgXJSJAD6SxBfZnk1sUVF64lRyVWXUbcezkZKOlfoj0kWrAA1mCY9z-br1_q2Hbt2G9AYED2rne_6GwUc1YRPrJ8DhruGDAfBQLILPvfUPF5m_KIaPc-_3AydPZEOtUmgKHimeEDgZiZmGXt1jQE0gv-aqZE0LYfF3EFCZZ-YWHmLCBKEGQ44jcEmy1OuOAhIrEaA4kfk_007sOvYYhR4j9eYhX4Dw3VIRgkMcCxqMNRhClmKNcgAJqnKeM3cB0LVoUTbAnWTF83NcpXD0cp0iX6q7aLo53e1pvmL1oMVH0XzSdD094oIScLW1tuQgiy7GGiipPHKaoHILgrp-QYj0Twple_jr4tNlwYCTZkLUON-LYxKBh8LZ4gP4xeZcxaxK2w9YzPhK5i6O1wBYU16CA7O2tlCLkRIX9dFa-UDgDSVV9ajsKrn5n97k3UyqYIPKHzEsMyBP4Yd6B7jArPTeTZzciAtc4MS36iPL0cwTtInK78fDncR_nBvsOrQIYcva5T-ZL0M0c0yeOnJSawUqupIaVKaa-457vIGzv37jRDlM3VBmdVFVOGR609UAw2CUPVy5kQyGEX4WdMHSg4cuSa6sGNK1z8BWinT1ajP2d3FASsfU24aZCIArKhUBtmhZKsgDDsSsFTBde_yCcq6qSrpkswWjC3qwhBoIPlGANIbZOqA-hm0oeaDZGTb_QlWiBPY1eCBfcYyFd-pKA8TK_bcMbQS14jYP96yzcfge2g82wX_9ZG3GjguCSy1OkwbYtOX8SILBQITGl4miENXu0DnQ6gZOGSPAavw1JGSyeOqrGlkpXFc_GEuTtC4KpDjY-qSlQ3OO_GlxhUX9CKXQ_IIbyGF5AN7-3PK5-Ixikt90Gu8Y8NaMNI2yR_Y9HpiUwHiUI85H55AxdYqc1IYtxQZ0KZySx1SYxFeWuP33-gvfgVjOq925-2EKadkS6djk3Js7mbZ8jKOjbqQSqtMdwjnCKNNySUY9qo0GJpY2mOrXOE1iAzkMDU8xZx2sdH1obfRNpipbv1bpkx3mt3hX-ahrJh57_lPDLw_AU7kKj0C9PQ3WhniY9cqAjvMed3L4Ta9-Jx743Lif-u1qOzPQu3rZbYv_7aA54Slj_Who3_4DHZYzxvzL2jxW973ZjQcPvS5IaDl_kmtnaARbciyFm7bKh7CSPlCFsP1FJbecQwHKrj06oM08qMnGEp_EW8_MQxewUcSWaAHXKtyA6Kf7POnjarN557J3uhUbBwNcanHpAKhLHc0qMOxzeRVM3OW3wxXaKfF_t4qkhIIcGSTXwxBxCoM6mT23O0JLZOen42plz1aaDH4FgBYe2inEOX20NNZoylsrDI8WI9_4YMJYfuXDP5OJl4daolcInURW4R0vW4cekB0hyu13cBheABppDpdm1LeqDcqbN1Mkn4sFpojwuSWj0LMvJ0K/https://www.amazon.com/gp/aw/d/B0F8D6PCQL/?_encoding=UTF8&pd_rd_plhdr=t&aaxitk=b8fdff5d0a92fb43ad129171fd02a1a5&hsa_cr_id=0&qid=1788672590&sr=1-2-9e67e56a-6f64-441f-a281-df67fc737124&i=aps&aref=rDDkVfxPg8&ref_=sbx_s_sparkle_sbtcd_asin_1_bkgd&pd_rd_w=avGNP&content-id=amzn1.sym.8de9b3d5-f5c5-40e9-9b39-d65f08d6ea68%3Aamzn1.sym.8de9b3d5-f5c5-40e9-9b39-d65f08d6ea68&pf_rd_p=8de9b3d5-f5c5-40e9-9b39-d65f08d6ea68&pf_rd_r=YA5S3VN3DT4APE2X3V4E&pd_rd_wg=u2lGh&pd_rd_r=d323efab-62ca-4dad-9ebc-ae202cb633d8,"https://m.media-amazon.com/images/I/71-mn-Y6B1L._AC_SR160,134_CB1169409_QL70_.jpg",58,排名靠前；价格高于人民币等值¥288.00；标题包含 wedge，符合美国女鞋舒适化趋势；评分达到4.3以上。
2026-09-06,amazon_us,product,best_sellers,Best Sellers Women Sandals,14,KuaiLu Flip Flops for Women with Arch Support Summer Beach Thong Sandals | Comfortable Yoga Mat Cushion Walking Shoes Slip on Casual Outfits Faux Leather Indoor Outdoor,,4.2,$11.98,,,,,,https://www.amazon.com/KuaiLu-Support-Comfortable-Cushion-Walking/dp/B08GKGCH2R/ref=zg_bs_g_679425011_d_sccl_14/147-7056708-1938302?psc=1,"https://images-na.ssl-images-amazon.com/images/I/81-DUybjK+L._AC_UL600_SR600,400_.jpg",57,排名进入前30；标题包含 comfort、arch support、beach、summer，符合美国女鞋舒适化趋势；评分达到4.0以上。
2026-09-06,amazon_us,product,search,women summer slippers,13,ULTRAIDEAS,¥122.33,4.5,ULTRAIDEAS,,,,,,https://www.amazon.com/ULTRAIDEAS-Slippers-Bowknot-Outdoor-Anti-Skid/dp/B07MZ3H6MN/ref=sr_1_10?dib=eyJ2IjoiMSJ9.eZQEUMTacA8IMNnsyu_bgb8oymj1JXVIM9EkXcf5UuJ10vaZZiwjsPuQ7mqpnKXTZZ00qHRNt3j33kRWI9xMufe2VAGQbU_x6wfO4t-74F3AyuqsHwuuSj9LobFJtWaEp4V90is4ecTlAE8Qa5c6lSseqxAPyup52sDzUWq7Y2aH7UMU_2vaB0ey5NHetzrLVejTIfsc_UM22HaZvw0EhxVdhBtxilopOFhsYSFhH79zabS4yDvot9hciPsxsZ-iBKjMGuyTLD_gfJCOQGYcpizgNx1xQSeMdrSok6xoQ0I.ymgE_3wEUNcm_92DFoskmXlQan_Zt5aRWHfx7OuEsEk&dib_tag=se&keywords=women+summer+slippers&qid=1788672589&sr=8-10,https://m.media-amazon.com/images/I/71cvxwhDe7L._AC_UL320_.jpg,57,排名进入前30；价格处于人民币等值¥57.60-¥180.00黄金区间；评分达到4.3以上。
2026-09-06,amazon_us,product,search,women summer slippers,15,"RockDove Women's Original Two-Tone Memory Foam Slipper | Slip-on, Indoor/Outdoor, House Use, Non-Slip, Machine Washable, Lightweight, Skin-Friendly, Gift-Ready RockDove Women's Original Two-Tone Memory Foam Slipper | Slip-on, Indoor/Outdoor, House Use, Non-Slip, Machine Washable, Lightweight, Skin-F…",¥158.33,4.4,4.4,,,,,,https://sponsored-ads.amazon.com/clk/?_encoding=UTF8&p=eAFVUMuK01AYpg7qEMYLXcxA3VXsonLaJG3SpBIklzM1NqRteqHM5nByzkkbmibpSZgOs-hDiOB6nsFncOnOla-huBbsiPitPvgu_88nhKdff_749qj6xJwtxs7QHS5FBwb1itQ8j1ga36D9jCx4-DofbLq9zkbr9M85uF46nq4Ft8sAXvJwBpJBPAkEWWxJaqeltsSrB1MrPDXh7B0M3Gn1QnhMWbEps7x6NvcDaI8GvnsFndrnivDyXkEFw5ysUc44yRJcMhSnSZwyFJZRVcBbfJulLZJtay-KEJAEF0VMwDEDjk6QS_WHLEXzaVMpQlCu2ZZRQLIkYaSMsxRcy-D-GCCY0wLkOE5LxgHJ0pKlpfzKCkzfQfbI86A9c0f-FLm-5_oQee4CIgdOh7PRuK4KFfH59w-_7r7cObWnfyuPT9SfdURRlBRFUWRJ7YqqfDKfOv0Te2w3h9U3jmXa-aULeubB2h2xMg_WZOcSYpv_42CtDtbkYJl_yKp2Zq_gzcCEKwlvmPypInysrMsyL_rt9n6_b_2bqL3K23jfpm1L1ALfCmRPe5tTxCnKkzXlRtlYFxgRjmJqiI1dTA2pp2lqT1Y0vVFwQwISULCiqHKkg4hGFHQlUQJ6pFNAeyrGuq5r3Y7ciA2cFw3MWWTA90mWTibSmv8GBwK8aQ&v=c1&r=https%3A%2F%2Fwww.amazon.com%2Fgp%2Faw%2Fd%2FB08RNBR2L8%3Fpd_rd_plhdr%3Dt%26hsa_cr_id%3D0%26qid%3D1788672589%26sr%3D1-1-5a5562f9-fdfd-4101-9f9d-d76aa9998432%26i%3Daps%26aref%3DEJlonQQ1hr&ref_=sbx__sbtcd2_asin_0_bkgd&pd_rd_w=uEpie&content-id=amzn1.sym.90f77631-9599-4fe0-95f8-a40adfe1c762%3Aamzn1.sym.90f77631-9599-4fe0-95f8-a40adfe1c762&pf_rd_p=90f77631-9599-4fe0-95f8-a40adfe1c762&pf_rd_r=RDSC48PGZ2YHAS7004PA&pd_rd_wg=pcHpi&pd_rd_r=e89caed8-bad0-4b50-a38c-c953c4819d80,"https://m.media-amazon.com/images/I/81Xsn-EWKyL._AC_SR322,134_CB1169409_QL70_.jpg",57,排名进入前30；价格处于人民币等值¥57.60-¥180.00黄金区间；评分达到4.3以上。
2026-09-06,amazon_us,product,search,women summer slippers,18,GOEWY,¥100.73,4.5,GOEWY,,,,,,https://www.amazon.com/GOEWY-Womens-Slippers-Outdoor-Bedroom/dp/B0GDQFFJKG/ref=sr_1_12?dib=eyJ2IjoiMSJ9.eZQEUMTacA8IMNnsyu_bgb8oymj1JXVIM9EkXcf5UuJ10vaZZiwjsPuQ7mqpnKXTZZ00qHRNt3j33kRWI9xMufe2VAGQbU_x6wfO4t-74F3AyuqsHwuuSj9LobFJtWaEp4V90is4ecTlAE8Qa5c6lSseqxAPyup52sDzUWq7Y2aH7UMU_2vaB0ey5NHetzrLVejTIfsc_UM22HaZvw0EhxVdhBtxilopOFhsYSFhH79zabS4yDvot9hciPsxsZ-iBKjMGuyTLD_gfJCOQGYcpizgNx1xQSeMdrSok6xoQ0I.ymgE_3wEUNcm_92DFoskmXlQan_Zt5aRWHfx7OuEsEk&dib_tag=se&keywords=women+summer+slippers&qid=1788672589&sr=8-12,https://m.media-amazon.com/images/I/81Rjonfb3+L._AC_UL320_.jpg,57,排名进入前30；价格处于人民币等值¥57.60-¥180.00黄金区间；评分达到4.3以上。
2026-09-06,amazon_us,product,search,women summer slippers,19,Evshine,¥115.13,4.4,Evshine,,,,,,https://www.amazon.com/Evshine-Summer-Slippers-Corduroy-Bedroom/dp/B0CT4DBW6N/ref=sr_1_13?dib=eyJ2IjoiMSJ9.eZQEUMTacA8IMNnsyu_bgb8oymj1JXVIM9EkXcf5UuJ10vaZZiwjsPuQ7mqpnKXTZZ00qHRNt3j33kRWI9xMufe2VAGQbU_x6wfO4t-74F3AyuqsHwuuSj9LobFJtWaEp4V90is4ecTlAE8Qa5c6lSseqxAPyup52sDzUWq7Y2aH7UMU_2vaB0ey5NHetzrLVejTIfsc_UM22HaZvw0EhxVdhBtxilopOFhsYSFhH79zabS4yDvot9hciPsxsZ-iBKjMGuyTLD_gfJCOQGYcpizgNx1xQSeMdrSok6xoQ0I.ymgE_3wEUNcm_92DFoskmXlQan_Zt5aRWHfx7OuEsEk&dib_tag=se&keywords=women+summer+slippers&qid=1788672589&sr=8-13,https://m.media-amazon.com/images/I/81ZeYAalE6L._AC_UL320_.jpg,57,排名进入前30；价格处于人民币等值¥57.60-¥180.00黄金区间；评分达到4.3以上。
2026-09-06,amazon_us,product,search,women summer slippers,24,IPSAE,¥71.93,4.5,IPSAE,,,,,,https://www.amazon.com/IPSAE-Slippers-Corduroy-Slipper-Bedroom/dp/B0DB4W73J3/ref=sr_1_18?dib=eyJ2IjoiMSJ9.eZQEUMTacA8IMNnsyu_bgb8oymj1JXVIM9EkXcf5UuJ10vaZZiwjsPuQ7mqpnKXTZZ00qHRNt3j33kRWI9xMufe2VAGQbU_x6wfO4t-74F3AyuqsHwuuSj9LobFJtWaEp4V90is4ecTlAE8Qa5c6lSseqxAPyup52sDzUWq7Y2aH7UMU_2vaB0ey5NHetzrLVejTIfsc_UM22HaZvw0EhxVdhBtxilopOFhsYSFhH79zabS4yDvot9hciPsxsZ-iBKjMGuyTLD_gfJCOQGYcpizgNx1xQSeMdrSok6xoQ0I.ymgE_3wEUNcm_92DFoskmXlQan_Zt5aRWHfx7OuEsEk&dib_tag=se&keywords=women+summer+slippers&qid=1788672589&sr=8-18,https://m.media-amazon.com/images/I/71GcxKVQLUL._AC_UL320_.jpg,57,排名进入前30；价格处于人民币等值¥57.60-¥180.00黄金区间；评分达到4.3以上。
2026-09-06,amazon_us,product,search,women summer slippers,25,KuaiLu,¥100.66,4.3,KuaiLu,,,,,,https://www.amazon.com/KuaiLu-Support-Comfortable-Walking-Sandals/dp/B0C5ZZ51RT/ref=sr_1_19?dib=eyJ2IjoiMSJ9.eZQEUMTacA8IMNnsyu_bgb8oymj1JXVIM9EkXcf5UuJ10vaZZiwjsPuQ7mqpnKXTZZ00qHRNt3j33kRWI9xMufe2VAGQbU_x6wfO4t-74F3AyuqsHwuuSj9LobFJtWaEp4V90is4ecTlAE8Qa5c6lSseqxAPyup52sDzUWq7Y2aH7UMU_2vaB0ey5NHetzrLVejTIfsc_UM22HaZvw0EhxVdhBtxilopOFhsYSFhH79zabS4yDvot9hciPsxsZ-iBKjMGuyTLD_gfJCOQGYcpizgNx1xQSeMdrSok6xoQ0I.ymgE_3wEUNcm_92DFoskmXlQan_Zt5aRWHfx7OuEsEk&dib_tag=se&keywords=women+summer+slippers&qid=1788672589&sr=8-19,https://m.media-amazon.com/images/I/710PdcSAm6L._AC_UL320_.jpg,57,排名进入前30；价格处于人民币等值¥57.60-¥180.00黄金区间；评分达到4.3以上。
2026-09-06,amazon_us,product,search,women summer slippers,27,VeraCosy,¥122.33,4.5,VeraCosy,,,,,,https://www.amazon.com/VeraCosy-Two-Tone-Slippers-Non-slip-Evening/dp/B0DCVZ52Y5/ref=sr_1_21?dib=eyJ2IjoiMSJ9.eZQEUMTacA8IMNnsyu_bgb8oymj1JXVIM9EkXcf5UuJ10vaZZiwjsPuQ7mqpnKXTZZ00qHRNt3j33kRWI9xMufe2VAGQbU_x6wfO4t-74F3AyuqsHwuuSj9LobFJtWaEp4V90is4ecTlAE8Qa5c6lSseqxAPyup52sDzUWq7Y2aH7UMU_2vaB0ey5NHetzrLVejTIfsc_UM22HaZvw0EhxVdhBtxilopOFhsYSFhH79zabS4yDvot9hciPsxsZ-iBKjMGuyTLD_gfJCOQGYcpizgNx1xQSeMdrSok6xoQ0I.ymgE_3wEUNcm_92DFoskmXlQan_Zt5aRWHfx7OuEsEk&dib_tag=se&keywords=women+summer+slippers&qid=1788672589&sr=8-21,https://m.media-amazon.com/images/I/81RJZ2gB8sL._AC_UL320_.jpg,57,排名进入前30；价格处于人民币等值¥57.60-¥180.00黄金区间；评分达到4.3以上。
2026-09-06,amazon_us,product,search,women slides,14,Weweya,¥71.86,4.4,Weweya,,,,,,https://www.amazon.com/Weweya-Shower-Non-Slip-Outdoor-Sandals/dp/B0F1XTPHY8/ref=sr_1_10?dib=eyJ2IjoiMSJ9.RrPumS3Ni8XWS9mPWZVEoF2rrmO2HJxKFXxFJoY_4heCqt4_CHH-xTRoK_CiKD_Pt7BsogWvOSZjNd8swvh9T07DZIIJci_CtKFjkUgFwHvwfFRBt-v79UhOClNVgWtQ2THvJsfW6TkcwJlOa3ae11k7JGPNYNkPCb6HfC_n3RwM5Fl2RcxkON-cnZVw0xMWUu28qJj72Cxd4RKUTbt3wMeXADjU1oPkIPNiP8GNOJGU9PTxU3DHmOZfi6lMw2wKIuvDLgAS0TtSnpOGVSEhGaF-hH5CVd_fCCItQDh-0mk.qgrS06vRsnoKq7lzn3aJV7yhFsLGM7aj6aZeBEh4b9c&dib_tag=se&keywords=women+slides&qid=1788672589&sr=8-10,https://m.media-amazon.com/images/I/61QGXLFgg+L._AC_UL320_.jpg,57,排名进入前30；价格处于人民币等值¥57.60-¥180.00黄金区间；评分达到4.3以上。
2026-09-06,amazon_us,product,search,women slides,27,KIDMI,¥158.33,4.4,KIDMI,,,,,,https://www.amazon.com/KIDMI-Genuine-Sandals-Footbed-Adjustable/dp/B0DQH21M77/ref=sr_1_23?dib=eyJ2IjoiMSJ9.RrPumS3Ni8XWS9mPWZVEoF2rrmO2HJxKFXxFJoY_4heCqt4_CHH-xTRoK_CiKD_Pt7BsogWvOSZjNd8swvh9T07DZIIJci_CtKFjkUgFwHvwfFRBt-v79UhOClNVgWtQ2THvJsfW6TkcwJlOa3ae11k7JGPNYNkPCb6HfC_n3RwM5Fl2RcxkON-cnZVw0xMWUu28qJj72Cxd4RKUTbt3wMeXADjU1oPkIPNiP8GNOJGU9PTxU3DHmOZfi6lMw2wKIuvDLgAS0TtSnpOGVSEhGaF-hH5CVd_fCCItQDh-0mk.qgrS06vRsnoKq7lzn3aJV7yhFsLGM7aj6aZeBEh4b9c&dib_tag=se&keywords=women+slides&qid=1788672589&sr=8-23,https://m.media-amazon.com/images/I/81JaarSAG2L._AC_UL320_.jpg,57,排名进入前30；价格处于人民币等值¥57.60-¥180.00黄金区间；评分达到4.3以上。
2026-09-06,amazon_us,product,search,women slides,28,Joomra,¥172.73,4.3,Joomra,,,,,,https://www.amazon.com/Joomra-Slippers-Massage-Cushioning-Bathroom/dp/B09652TFRP/ref=sr_1_24?dib=eyJ2IjoiMSJ9.RrPumS3Ni8XWS9mPWZVEoF2rrmO2HJxKFXxFJoY_4heCqt4_CHH-xTRoK_CiKD_Pt7BsogWvOSZjNd8swvh9T07DZIIJci_CtKFjkUgFwHvwfFRBt-v79UhOClNVgWtQ2THvJsfW6TkcwJlOa3ae11k7JGPNYNkPCb6HfC_n3RwM5Fl2RcxkON-cnZVw0xMWUu28qJj72Cxd4RKUTbt3wMeXADjU1oPkIPNiP8GNOJGU9PTxU3DHmOZfi6lMw2wKIuvDLgAS0TtSnpOGVSEhGaF-hH5CVd_fCCItQDh-0mk.qgrS06vRsnoKq7lzn3aJV7yhFsLGM7aj6aZeBEh4b9c&dib_tag=se&keywords=women+slides&qid=1788672589&sr=8-24,https://m.media-amazon.com/images/I/61zEQHgVrKL._AC_UL320_.jpg,57,排名进入前30；价格处于人民币等值¥57.60-¥180.00黄金区间；评分达到4.3以上。
2026-09-06,amazon_us,product,search,platform sandals women,17,Crocs Women's Miami Toe Loop Sandals | Square Toe Flat | Flexible Straps | Croslite Foam Footbed Crocs Women's Miami Toe Loop Sandals | Square Toe Flat | Flexible Straps | Croslite Foam Footbed,¥172.73,4.5,4.5,,,,,,https://sponsored-ads.amazon.com/clk/?_encoding=UTF8&p=eAFVUMuK01AYpg7qEMYLXYxQdxW7KJzmJDNJk0qQ3JyGdtJL2jp2czjNOUlD0yTNOZ0OLrrwGQR3Ll0LPoJ7Vz6J-gCCHRG_1Qff5f_5hMXxt18_v9-rPjAns6HT83pX0HHH9YrUPI1oltygYdElr8XuJC3S2JvMaOdU97bXqyuocm0WL2TGW45HtHgsyLAlqWcttQXndwJrcWy6k6479oLqE-E-oWzF86J6MvXHrj248L2569S-VIRntwpiFJfhEhW0DPMUc4qSLE0yihY8qgp4jd_mWSvM17WnbAHCFDOWhOCQAQcnKKT6XZqhadBU2ALwJV1TAsI8TWnIkzwD1zK4PQZCXBIGCpxknJYgzDNOMy4_t8am7yB70O-79sQb-AHy_L7nu6jvzVzkuEFvMhjWVaECH3_68e7zx69O7eHfysMT9UcyhFBX2pqqaFBtS_LRNHA6R_bQbvaqLxzLtItXHmibe2tzQGzurdHGC8NL83_srXhvjfaW-YfEtRM7dm8uTDeW8IrKHyrC-8qS84J1RHG327X-TSTGhYh3IhEt6Mj-qKe8kV4WBJUEFemSlAZvLBlGYYkSYsDGJiGG1NY0tS0rOmyw0pDAGVCwoqhypIOIRAScS1ACeqQTQNoqxrqua-dnciMxcMEauKSRocwh3W4vWQl_A_R8vLA&v=c1&r=https%3A%2F%2Fwww.amazon.com%2Fgp%2Faw%2Fd%2FB0D2NQK5Y1%3Fpd_rd_plhdr%3Dt%26hsa_cr_id%3D0%26qid%3D1788672590%26sr%3D1-3-5a5562f9-fdfd-4101-9f9d-d76aa9998432%26i%3Daps%26aref%3D5Z0euuMsr0&ref_=sbx__sbtcd2_asin_2_bkgd&pd_rd_w=NaXxF&content-id=amzn1.sym.90f77631-9599-4fe0-95f8-a40adfe1c762%3Aamzn1.sym.90f77631-9599-4fe0-95f8-a40adfe1c762&pf_rd_p=90f77631-9599-4fe0-95f8-a40adfe1c762&pf_rd_r=YA5S3VN3DT4APE2X3V4E&pd_rd_wg=0rP73&pd_rd_r=c273d544-d631-44e2-8691-8fff86ef471f,"https://m.media-amazon.com/images/I/41ONvkS7wYL._AC_SR322,134_CB1169409_QL70_.jpg",57,排名进入前30；价格处于人民币等值¥57.60-¥180.00黄金区间；评分达到4.3以上。
2026-09-06,amazon_us,product,best_sellers,Best Sellers Women Sandals,24,Project Cloud Flip Flops for Women Memory Foam Flats Sandals | Lightweight and Durable Non-Slip Sole Womens Sandals - Beach Essentials Womens Flat Sandals for Everyday Comfort Daily Wear,,4.1,$22.90,,,,,,https://www.amazon.com/Project-Cloud-Flip-flops-Women/dp/B0D2F7FF1F/ref=zg_bs_g_679425011_d_sccl_24/147-7056708-1938302?psc=1,"https://images-na.ssl-images-amazon.com/images/I/41JMYLSDC3L._AC_UL600_SR600,400_.jpg",56,排名进入前30；标题包含 cloud、comfort、beach，符合美国女鞋舒适化趋势；评分达到4.0以上。
2026-09-06,amazon_us,product,best_sellers,Best Sellers Women Sandals,6,"DREAM PAIRS Women's Comfort Block Heel Sandals | Open Toe Adjustable Ankle Strap Chunky Dress Heels, Fashion Heeled Sandals for Prom, Wedding Guest and Formal Events",,4.2,$27.30,,,,,,https://www.amazon.com/DREAM-PAIRS-Womens-Chunk-Sandals/dp/B01LT7H4EM/ref=zg_bs_g_679425011_d_sccl_6/147-7056708-1938302?psc=1,"https://images-na.ssl-images-amazon.com/images/I/61kVt4DybFL._AC_UL600_SR600,400_.jpg",55,排名靠前；标题包含 comfort，符合美国女鞋舒适化趋势；评分达到4.0以上。
2026-09-06,amazon_us,product,best_sellers,Best Sellers Women Sandals,9,"Weweya Slides for Women Men Shower Shoes House Slippers Beach Sandals | Bathroom, Non Slip, Lightweight",,4.4,$9.98,,,,,,https://www.amazon.com/Weweya-Shower-Bathroom-Slippers-Sandals/dp/B0F1XJ9TM4/ref=zg_bs_g_679425011_d_sccl_9/147-7056708-1938302?psc=1,"https://images-na.ssl-images-amazon.com/images/I/718rk3GaK+L._AC_UL600_SR600,400_.jpg",55,排名靠前；标题包含 beach，符合美国女鞋舒适化趋势；评分达到4.3以上。
2026-09-06,amazon_us,product,best_sellers,Best Sellers Women Sandals,19,OOFOS OOriginal Recovery Sandal - Women’s and Men’s,,4.5,$58.90,,,,,,https://www.amazon.com/OOFOS-Unisex-Original-Thong-Black/dp/B00D1A5PH4/ref=zg_bs_g_679425011_d_sccl_19/147-7056708-1938302?psc=1,"https://images-na.ssl-images-amazon.com/images/I/51qiZpHX64L._AC_UL600_SR600,400_.jpg",55,排名进入前30；评论数达到50以上；标题包含 recovery，符合美国女鞋舒适化趋势；评分达到4.3以上。
2026-09-06,amazon_us,product,new_releases,New Releases Women Sandals,10,"DREAM PAIRS Women's Comfort Sexy Strappy Stiletto Heels | Square Open Toe Adjustable Ankle Buckle Strap High Dress Heels, Elegant Heeled Pumps for Party, Wedding and Prom Occasions",,4.2,$32.99,,,,,,https://www.amazon.com/DREAM-PAIRS-Comfort-Strappy-Stiletto/dp/B0H6J8VWSB/ref=zg_bsnr_g_679425011_d_sccl_10/140-8606379-8659757?psc=1,"https://images-na.ssl-images-amazon.com/images/I/61HEbBjSxGL._AC_UL600_SR600,400_.jpg",55,排名靠前；标题包含 comfort，符合美国女鞋舒适化趋势；评分达到4.0以上。
2026-09-06,amazon_us,product,search,women slides,12,adidas,¥208.15,4.6,adidas,,,,,,https://www.amazon.com/adidas-Unisex-Adilette-Comfort-Slides/dp/B091ZGY256/ref=sr_1_8?dib=eyJ2IjoiMSJ9.RrPumS3Ni8XWS9mPWZVEoF2rrmO2HJxKFXxFJoY_4heCqt4_CHH-xTRoK_CiKD_Pt7BsogWvOSZjNd8swvh9T07DZIIJci_CtKFjkUgFwHvwfFRBt-v79UhOClNVgWtQ2THvJsfW6TkcwJlOa3ae11k7JGPNYNkPCb6HfC_n3RwM5Fl2RcxkON-cnZVw0xMWUu28qJj72Cxd4RKUTbt3wMeXADjU1oPkIPNiP8GNOJGU9PTxU3DHmOZfi6lMw2wKIuvDLgAS0TtSnpOGVSEhGaF-hH5CVd_fCCItQDh-0mk.qgrS06vRsnoKq7lzn3aJV7yhFsLGM7aj6aZeBEh4b9c&dib_tag=se&keywords=women+slides&qid=1788672589&sr=8-8,https://m.media-amazon.com/images/I/51uJnrrxC9L._AC_UL320_.jpg,55,排名进入前30；价格处于人民币等值¥180.00-¥288.00区间；评分达到4.6以上。
2026-09-06,amazon_us,product,search,women slides,16,Nike,¥223.20,4.6,Nike,,,,,,https://www.amazon.com/Nike-Womens-Benassi-Sandal-Regular/dp/B004051CSK/ref=sr_1_12?dib=eyJ2IjoiMSJ9.RrPumS3Ni8XWS9mPWZVEoF2rrmO2HJxKFXxFJoY_4heCqt4_CHH-xTRoK_CiKD_Pt7BsogWvOSZjNd8swvh9T07DZIIJci_CtKFjkUgFwHvwfFRBt-v79UhOClNVgWtQ2THvJsfW6TkcwJlOa3ae11k7JGPNYNkPCb6HfC_n3RwM5Fl2RcxkON-cnZVw0xMWUu28qJj72Cxd4RKUTbt3wMeXADjU1oPkIPNiP8GNOJGU9PTxU3DHmOZfi6lMw2wKIuvDLgAS0TtSnpOGVSEhGaF-hH5CVd_fCCItQDh-0mk.qgrS06vRsnoKq7lzn3aJV7yhFsLGM7aj6aZeBEh4b9c&dib_tag=se&keywords=women+slides&qid=1788672589&sr=8-12,https://m.media-amazon.com/images/I/61r+GaHXF7L._AC_UL320_.jpg,55,排名进入前30；价格处于人民币等值¥180.00-¥288.00区间；评分达到4.6以上。
2026-09-06,amazon_us,product,search,women slides,31,Arch Support Slides for Women and Men Recovery House Sandals for Men Soft and Comfortable Summer Beach Shoes Slippers Women,¥71.93,3.8,"Price, product page $9.99 $ 9 . 99 Typical: $14.99 Typical: $14.99 $14.99",,,,,,https://www.amazon.com/SKETOE-Support-Recovery-Comfortable-Slippers/dp/B0GLF1516G/ref=sr_1_27?dib=eyJ2IjoiMSJ9.RrPumS3Ni8XWS9mPWZVEoF2rrmO2HJxKFXxFJoY_4heCqt4_CHH-xTRoK_CiKD_Pt7BsogWvOSZjNd8swvh9T07DZIIJci_CtKFjkUgFwHvwfFRBt-v79UhOClNVgWtQ2THvJsfW6TkcwJlOa3ae11k7JGPNYNkPCb6HfC_n3RwM5Fl2RcxkON-cnZVw0xMWUu28qJj72Cxd4RKUTbt3wMeXADjU1oPkIPNiP8GNOJGU9PTxU3DHmOZfi6lMw2wKIuvDLgAS0TtSnpOGVSEhGaF-hH5CVd_fCCItQDh-0mk.qgrS06vRsnoKq7lzn3aJV7yhFsLGM7aj6aZeBEh4b9c&dib_tag=se&keywords=women+slides&qid=1788672589&sr=8-27,https://m.media-amazon.com/images/I/81ECHpu6ZvL._AC_UL320_.jpg,55,排名进入前50；价格处于人民币等值¥57.60-¥180.00黄金区间；标题包含 recovery、comfort、arch support、soft、beach、summer，符合美国女鞋舒适化趋势。
2026-09-06,amazon_us,product,search,platform sandals women,9,UBFEN,¥359.93,4.4,UBFEN,,,,,,https://www.amazon.com/UBFEN-Espadrille-Platform-Sandals-Orthopedic/dp/B0GJS89MTL/ref=sr_1_6?dib=eyJ2IjoiMSJ9.-sztLUvFGvhR_ekbbj8Xk7eQXS1HxoghTOoumRPrGKDqTQXy47jX1SoSwj7HppJOvG71UfJPOfc9EOUgk2pL3t8SLgyMrHm3FZjSjk6gPdGkxUsXZ-rCnuRecRaQuVqtYa3XPY5xzHagUmAp-WpTGlJPV2s2w5ca3W08rGoqmbQuEgoGycAQ_DyIPsDn-otC1PsHQ-VsjVYuHPMdJiGMGMz8jOb1OJ56jKBMCNfzhCiHK5LYlg1NlvARq73pYYqgWO3kLduGISKgG3ZNAYQjKRVV0kPSETxdTpo2DuJTYbM.uiMxBvPHJdrWjyjdxtjhDH0111ASvwknz3R3IPi4k58&dib_tag=se&keywords=platform+sandals+women&qid=1788672590&sr=8-6,https://m.media-amazon.com/images/I/81ToZ2Ro5jL._AC_UL320_.jpg,55,排名靠前；价格高于人民币等值¥288.00；评分达到4.3以上。
2026-09-06,amazon_us,product,best_sellers,Best Sellers Women Sandals,16,"shevalues Slim Basic Flip Flops for Women with Comfortable Yoga Mat | Lightweight Non Slip Rubber Sandals for Beach, Shower, Pool & Summer Casual Wear",,4.4,$9.99,,,,,,https://www.amazon.com/shevalues-Shower-Rubber-Sandals-Comfortable/dp/B0B68G2D52/ref=zg_bs_g_679425011_d_sccl_16/147-7056708-1938302?psc=1,"https://images-na.ssl-images-amazon.com/images/I/61b4HXgBWfL._AC_UL600_SR600,400_.jpg",54,排名进入前30；标题包含 comfort、beach、summer，符合美国女鞋舒适化趋势；评分达到4.3以上。
2026-09-06,amazon_us,product,best_sellers,Best Sellers Women Sandals,20,KuaiLu Womens Flip Flops Arch Support Yoga Mat Cushioned Thong Sandals | Ladies Comfortable Walking Slides For Plantar Fasciitis Slip On Indoor Outdoor For Summer,,4.1,$23.08,,,,,,https://www.amazon.com/KuaiLu-Comfortable-Walking-Sandals-Fasciitis/dp/B08XX52FHY/ref=zg_bs_g_679425011_d_sccl_20/147-7056708-1938302?psc=1,"https://images-na.ssl-images-amazon.com/images/I/61giVB09JoL._AC_UL600_SR600,400_.jpg",54,排名进入前30；标题包含 comfort、arch support、summer，符合美国女鞋舒适化趋势；评分达到4.0以上。
2026-09-06,amazon_us,product,best_sellers,Best Sellers Women Sandals,40,"CUSHIONAIRE Feather EVA Slides for Women – Comfortable Slip On Womens Slippers, Indoor Outdoor Shower Shoes, Beach Essential Cloud Slides",,4.4,$26.99,,,,,,https://www.amazon.com/Cushionaire-Womens-Feather-recovery-Comfort/dp/B094TD7Z1K/ref=zg_bs_g_679425011_d_sccl_40/147-7056708-1938302?psc=1,"https://images-na.ssl-images-amazon.com/images/I/817PhiYQjLL._AC_UL300_SR300,200_.jpg",54,排名进入前50；标题包含 cloud、comfort、beach，符合美国女鞋舒适化趋势；cloud + slides组合趋势加分；评分达到4.3以上。
2026-09-06,amazon_us,product,best_sellers,Best Sellers Women Sandals,42,"Goosecret Women's Comfortable Arch Support Walking Platform Sandals | Lightweight Chunky Slip-On Foam Slides with Adjustable Buckle,Sandals for Beach and Daily Wear",,4.2,$18.04,,,,,,https://www.amazon.com/Goosecret-Platform-Lightweight-Comfortable-Adjustable/dp/B0CZ75N4PP/ref=zg_bs_g_679425011_d_sccl_42/147-7056708-1938302?psc=1,"https://images-na.ssl-images-amazon.com/images/I/61l3YNTRtgL._AC_UL300_SR300,200_.jpg",54,排名进入前50；标题包含 platform、comfort、arch support、beach，符合美国女鞋舒适化趋势；platform + comfort组合趋势加分；评分达到4.0以上。
2026-09-06,amazon_us,product,new_releases,New Releases Women Sandals,30,"CUSHIONAIRE Laz 100% Genuine Leather Cork Footbed Slide Sandals for Women | Slip On Cork Footbed Summer Sandals, Adjustable Buckle Straps, Open Toe Womens Sandals with Arch Support, Two Strap Sandals,",,4.7,$39.99,,,,,,https://www.amazon.com/CUSHIONAIRE-Genuine-Leather-Footbed-Sandals/dp/B0H8FHN5X1/ref=zg_bsnr_g_679425011_d_sccl_30/140-8606379-8659757?psc=1,"https://images-na.ssl-images-amazon.com/images/I/81srhQhObWL._AC_UL600_SR600,400_.jpg",54,排名进入前30；标题包含 arch support、summer，符合美国女鞋舒适化趋势；评分达到4.6以上。
2026-09-06,amazon_us,product,new_releases,New Releases Women Sandals,43,IDIFU IN4 Wedge Sandals for Women Platform Wedge Heels Square Open Toe Dressy Wedges Comfortable Summer Beach Vacation Sandals,,4.0,$21.99,,,,,,https://www.amazon.com/IDIFU-Sandals-Platform-Comfortable-Vacation/dp/B0GYN2PHHF/ref=zg_bsnr_g_679425011_d_sccl_43/147-7056708-1938302?psc=1,"https://images-na.ssl-images-amazon.com/images/I/719EIhFHc7L._AC_UL300_SR300,200_.jpg",54,排名进入前50；标题包含 platform、comfort、beach、summer、wedge，符合美国女鞋舒适化趋势；platform + comfort组合趋势加分；评分达到4.0以上。
2026-09-06,amazon_us,product,search,women summer slippers,11,shevalues,¥143.93,4.2,shevalues,,,,,,https://www.amazon.com/shevalues-Summer-Slippers-Support-Breathable/dp/B0BK8PN8CL/ref=sr_1_8?dib=eyJ2IjoiMSJ9.eZQEUMTacA8IMNnsyu_bgb8oymj1JXVIM9EkXcf5UuJ10vaZZiwjsPuQ7mqpnKXTZZ00qHRNt3j33kRWI9xMufe2VAGQbU_x6wfO4t-74F3AyuqsHwuuSj9LobFJtWaEp4V90is4ecTlAE8Qa5c6lSseqxAPyup52sDzUWq7Y2aH7UMU_2vaB0ey5NHetzrLVejTIfsc_UM22HaZvw0EhxVdhBtxilopOFhsYSFhH79zabS4yDvot9hciPsxsZ-iBKjMGuyTLD_gfJCOQGYcpizgNx1xQSeMdrSok6xoQ0I.ymgE_3wEUNcm_92DFoskmXlQan_Zt5aRWHfx7OuEsEk&dib_tag=se&keywords=women+summer+slippers&qid=1788672589&sr=8-8,https://m.media-amazon.com/images/I/71wQ2tOj0+L._AC_UL320_.jpg,54,排名进入前30；价格处于人民币等值¥57.60-¥180.00黄金区间；评分达到4.0以上。
2026-09-06,amazon_us,product,search,women summer slippers,12,FRALOSHA,¥71.93,4.2,FRALOSHA,,,,,,https://www.amazon.com/FRALOSHA-Slippers-Breathable-Outdoor-Sandals/dp/B07FSG6P3M/ref=sr_1_9?dib=eyJ2IjoiMSJ9.eZQEUMTacA8IMNnsyu_bgb8oymj1JXVIM9EkXcf5UuJ10vaZZiwjsPuQ7mqpnKXTZZ00qHRNt3j33kRWI9xMufe2VAGQbU_x6wfO4t-74F3AyuqsHwuuSj9LobFJtWaEp4V90is4ecTlAE8Qa5c6lSseqxAPyup52sDzUWq7Y2aH7UMU_2vaB0ey5NHetzrLVejTIfsc_UM22HaZvw0EhxVdhBtxilopOFhsYSFhH79zabS4yDvot9hciPsxsZ-iBKjMGuyTLD_gfJCOQGYcpizgNx1xQSeMdrSok6xoQ0I.ymgE_3wEUNcm_92DFoskmXlQan_Zt5aRWHfx7OuEsEk&dib_tag=se&keywords=women+summer+slippers&qid=1788672589&sr=8-9,https://m.media-amazon.com/images/I/810Hfh0qwIL._AC_UL320_.jpg,54,排名进入前30；价格处于人民币等值¥57.60-¥180.00黄金区间；评分达到4.0以上。
2026-09-06,amazon_us,product,search,women summer slippers,22,COCOMUSE,¥122.33,4.1,COCOMUSE,,,,,,https://www.amazon.com/COCOMUSE-Ultralight-Indoor-Cotton-Slippers/dp/B0BVGCRR6R/ref=sr_1_16?dib=eyJ2IjoiMSJ9.eZQEUMTacA8IMNnsyu_bgb8oymj1JXVIM9EkXcf5UuJ10vaZZiwjsPuQ7mqpnKXTZZ00qHRNt3j33kRWI9xMufe2VAGQbU_x6wfO4t-74F3AyuqsHwuuSj9LobFJtWaEp4V90is4ecTlAE8Qa5c6lSseqxAPyup52sDzUWq7Y2aH7UMU_2vaB0ey5NHetzrLVejTIfsc_UM22HaZvw0EhxVdhBtxilopOFhsYSFhH79zabS4yDvot9hciPsxsZ-iBKjMGuyTLD_gfJCOQGYcpizgNx1xQSeMdrSok6xoQ0I.ymgE_3wEUNcm_92DFoskmXlQan_Zt5aRWHfx7OuEsEk&dib_tag=se&keywords=women+summer+slippers&qid=1788672589&sr=8-16,https://m.media-amazon.com/images/I/81KNq3E0H3L._AC_UL320_.jpg,54,排名进入前30；价格处于人民币等值¥57.60-¥180.00黄金区间；评分达到4.0以上。
2026-09-06,amazon_us,product,search,women summer slippers,29,mazeskin,¥71.93,4.2,mazeskin,,,,,,https://www.amazon.com/mazeskin-Womens-Comfortable-Sandals-Leather/dp/B0F32KMZ18/ref=sr_1_23?dib=eyJ2IjoiMSJ9.eZQEUMTacA8IMNnsyu_bgb8oymj1JXVIM9EkXcf5UuJ10vaZZiwjsPuQ7mqpnKXTZZ00qHRNt3j33kRWI9xMufe2VAGQbU_x6wfO4t-74F3AyuqsHwuuSj9LobFJtWaEp4V90is4ecTlAE8Qa5c6lSseqxAPyup52sDzUWq7Y2aH7UMU_2vaB0ey5NHetzrLVejTIfsc_UM22HaZvw0EhxVdhBtxilopOFhsYSFhH79zabS4yDvot9hciPsxsZ-iBKjMGuyTLD_gfJCOQGYcpizgNx1xQSeMdrSok6xoQ0I.ymgE_3wEUNcm_92DFoskmXlQan_Zt5aRWHfx7OuEsEk&dib_tag=se&keywords=women+summer+slippers&qid=1788672589&sr=8-23,https://m.media-amazon.com/images/I/71jV8GHPNSL._AC_UL320_.jpg,54,排名进入前30；价格处于人民币等值¥57.60-¥180.00黄金区间；评分达到4.0以上。
2026-09-06,amazon_us,product,search,women summer slippers,30,GOEWY,¥129.53,4.2,GOEWY,,,,,,https://www.amazon.com/GOEWY-House-Slippers-Summer-Memory/dp/B0GVYCBV2P/ref=sr_1_24?dib=eyJ2IjoiMSJ9.eZQEUMTacA8IMNnsyu_bgb8oymj1JXVIM9EkXcf5UuJ10vaZZiwjsPuQ7mqpnKXTZZ00qHRNt3j33kRWI9xMufe2VAGQbU_x6wfO4t-74F3AyuqsHwuuSj9LobFJtWaEp4V90is4ecTlAE8Qa5c6lSseqxAPyup52sDzUWq7Y2aH7UMU_2vaB0ey5NHetzrLVejTIfsc_UM22HaZvw0EhxVdhBtxilopOFhsYSFhH79zabS4yDvot9hciPsxsZ-iBKjMGuyTLD_gfJCOQGYcpizgNx1xQSeMdrSok6xoQ0I.ymgE_3wEUNcm_92DFoskmXlQan_Zt5aRWHfx7OuEsEk&dib_tag=se&keywords=women+summer+slippers&qid=1788672589&sr=8-24,https://m.media-amazon.com/images/I/71mtwAgrcLL._AC_UL320_.jpg,54,排名进入前30；价格处于人民币等值¥57.60-¥180.00黄金区间；评分达到4.0以上。
2026-09-06,amazon_us,product,search,women slides,17,Crocs,¥162.00,4.2,Crocs,,,,,,https://www.amazon.com/Crocs-Womens-Slide-Sandal-Taupe/dp/B0F9XF5RX9/ref=sr_1_13?dib=eyJ2IjoiMSJ9.RrPumS3Ni8XWS9mPWZVEoF2rrmO2HJxKFXxFJoY_4heCqt4_CHH-xTRoK_CiKD_Pt7BsogWvOSZjNd8swvh9T07DZIIJci_CtKFjkUgFwHvwfFRBt-v79UhOClNVgWtQ2THvJsfW6TkcwJlOa3ae11k7JGPNYNkPCb6HfC_n3RwM5Fl2RcxkON-cnZVw0xMWUu28qJj72Cxd4RKUTbt3wMeXADjU1oPkIPNiP8GNOJGU9PTxU3DHmOZfi6lMw2wKIuvDLgAS0TtSnpOGVSEhGaF-hH5CVd_fCCItQDh-0mk.qgrS06vRsnoKq7lzn3aJV7yhFsLGM7aj6aZeBEh4b9c&dib_tag=se&keywords=women+slides&qid=1788672589&sr=8-13,https://m.media-amazon.com/images/I/61cPOC2WmbL._AC_UL320_.jpg,54,排名进入前30；价格处于人民币等值¥57.60-¥180.00黄金区间；评分达到4.0以上。
2026-09-06,amazon_us,product,search,women slides,23,Leevar,¥100.73,4.2,Leevar,,,,,,https://www.amazon.com/Leevar-Slippers-Non-slip-Swimming-Footwear/dp/B09YCLK5DG/ref=sr_1_19?dib=eyJ2IjoiMSJ9.RrPumS3Ni8XWS9mPWZVEoF2rrmO2HJxKFXxFJoY_4heCqt4_CHH-xTRoK_CiKD_Pt7BsogWvOSZjNd8swvh9T07DZIIJci_CtKFjkUgFwHvwfFRBt-v79UhOClNVgWtQ2THvJsfW6TkcwJlOa3ae11k7JGPNYNkPCb6HfC_n3RwM5Fl2RcxkON-cnZVw0xMWUu28qJj72Cxd4RKUTbt3wMeXADjU1oPkIPNiP8GNOJGU9PTxU3DHmOZfi6lMw2wKIuvDLgAS0TtSnpOGVSEhGaF-hH5CVd_fCCItQDh-0mk.qgrS06vRsnoKq7lzn3aJV7yhFsLGM7aj6aZeBEh4b9c&dib_tag=se&keywords=women+slides&qid=1788672589&sr=8-19,https://m.media-amazon.com/images/I/71Epw-42KBL._AC_UL320_.jpg,54,排名进入前30；价格处于人民币等值¥57.60-¥180.00黄金区间；评分达到4.0以上。
2026-09-06,amazon_us,product,search,women slides,24,Happy Lily,¥71.93,4.2,Happy Lily,,,,,,https://www.amazon.com/Slippers-Non-Slip-Shower-Sandals-Bathroom/dp/B01LYNR9VM/ref=sr_1_20?dib=eyJ2IjoiMSJ9.RrPumS3Ni8XWS9mPWZVEoF2rrmO2HJxKFXxFJoY_4heCqt4_CHH-xTRoK_CiKD_Pt7BsogWvOSZjNd8swvh9T07DZIIJci_CtKFjkUgFwHvwfFRBt-v79UhOClNVgWtQ2THvJsfW6TkcwJlOa3ae11k7JGPNYNkPCb6HfC_n3RwM5Fl2RcxkON-cnZVw0xMWUu28qJj72Cxd4RKUTbt3wMeXADjU1oPkIPNiP8GNOJGU9PTxU3DHmOZfi6lMw2wKIuvDLgAS0TtSnpOGVSEhGaF-hH5CVd_fCCItQDh-0mk.qgrS06vRsnoKq7lzn3aJV7yhFsLGM7aj6aZeBEh4b9c&dib_tag=se&keywords=women+slides&qid=1788672589&sr=8-20,https://m.media-amazon.com/images/I/81oTjdeU9ZL._AC_UL320_.jpg,54,排名进入前30；价格处于人民币等值¥57.60-¥180.00黄金区间；评分达到4.0以上。
2026-09-06,amazon_us,product,search,platform sandals women,24,Monrovia,¥165.53,4.1,Monrovia,,,,,,https://www.amazon.com/Monrovia-Platform-Espadrille-Flatform-Vacation/dp/B0FVX54GF6/ref=sr_1_13?dib=eyJ2IjoiMSJ9.-sztLUvFGvhR_ekbbj8Xk7eQXS1HxoghTOoumRPrGKDqTQXy47jX1SoSwj7HppJOvG71UfJPOfc9EOUgk2pL3t8SLgyMrHm3FZjSjk6gPdGkxUsXZ-rCnuRecRaQuVqtYa3XPY5xzHagUmAp-WpTGlJPV2s2w5ca3W08rGoqmbQuEgoGycAQ_DyIPsDn-otC1PsHQ-VsjVYuHPMdJiGMGMz8jOb1OJ56jKBMCNfzhCiHK5LYlg1NlvARq73pYYqgWO3kLduGISKgG3ZNAYQjKRVV0kPSETxdTpo2DuJTYbM.uiMxBvPHJdrWjyjdxtjhDH0111ASvwknz3R3IPi4k58&dib_tag=se&keywords=platform+sandals+women&qid=1788672590&sr=8-13,https://m.media-amazon.com/images/I/71Td3IAnifL._AC_UL320_.jpg,54,排名进入前30；价格处于人民币等值¥57.60-¥180.00黄金区间；评分达到4.0以上。
2026-09-06,amazon_us,product,search,platform sandals women,29,Athlefit,¥129.53,4.0,Athlefit,,,,,,https://www.amazon.com/Athlefit-Espadrilles-Sandals-Studded-Platform/dp/B083NZVCQH/ref=sr_1_18?dib=eyJ2IjoiMSJ9.-sztLUvFGvhR_ekbbj8Xk7eQXS1HxoghTOoumRPrGKDqTQXy47jX1SoSwj7HppJOvG71UfJPOfc9EOUgk2pL3t8SLgyMrHm3FZjSjk6gPdGkxUsXZ-rCnuRecRaQuVqtYa3XPY5xzHagUmAp-WpTGlJPV2s2w5ca3W08rGoqmbQuEgoGycAQ_DyIPsDn-otC1PsHQ-VsjVYuHPMdJiGMGMz8jOb1OJ56jKBMCNfzhCiHK5LYlg1NlvARq73pYYqgWO3kLduGISKgG3ZNAYQjKRVV0kPSETxdTpo2DuJTYbM.uiMxBvPHJdrWjyjdxtjhDH0111ASvwknz3R3IPi4k58&dib_tag=se&keywords=platform+sandals+women&qid=1788672590&sr=8-18,https://m.media-amazon.com/images/I/71PoCinhRsL._AC_UL320_.jpg,54,排名进入前30；价格处于人民币等值¥57.60-¥180.00黄金区间；评分达到4.0以上。
2026-09-06,amazon_us,product,search,platform sandals women,30,YUHITYGZGS,¥143.93,4.2,YUHITYGZGS,,,,,,https://www.amazon.com/YUHITYGZGS-Platform-Sandals-Footbed-Lightweight/dp/B0F991QX1S/ref=sr_1_19?dib=eyJ2IjoiMSJ9.-sztLUvFGvhR_ekbbj8Xk7eQXS1HxoghTOoumRPrGKDqTQXy47jX1SoSwj7HppJOvG71UfJPOfc9EOUgk2pL3t8SLgyMrHm3FZjSjk6gPdGkxUsXZ-rCnuRecRaQuVqtYa3XPY5xzHagUmAp-WpTGlJPV2s2w5ca3W08rGoqmbQuEgoGycAQ_DyIPsDn-otC1PsHQ-VsjVYuHPMdJiGMGMz8jOb1OJ56jKBMCNfzhCiHK5LYlg1NlvARq73pYYqgWO3kLduGISKgG3ZNAYQjKRVV0kPSETxdTpo2DuJTYbM.uiMxBvPHJdrWjyjdxtjhDH0111ASvwknz3R3IPi4k58&dib_tag=se&keywords=platform+sandals+women&qid=1788672590&sr=8-19,https://m.media-amazon.com/images/I/71Bo+e1NKLL._AC_UL320_.jpg,54,排名进入前30；价格处于人民币等值¥57.60-¥180.00黄金区间；评分达到4.0以上。
2026-09-06,amazon_us,product,new_releases,New Releases Women Sandals,1,"CUSHIONAIRE Java Casual Womens Jelly Flats with Adjustable Strap, Closed Toe Mary Janes Mule Design, Waterproof Jelly Sandals for Women",,4.3,$34.99,,,,,,https://www.amazon.com/CUSHIONAIRE-Adjustable-Waterproof-Sandals-Chocolate/dp/B0H4MLLC32/ref=zg_bsnr_g_679425011_d_sccl_1/140-8606379-8659757?psc=1,"https://images-na.ssl-images-amazon.com/images/I/81iCqxPUX6L._AC_UL600_SR600,400_.jpg",52,排名靠前；评分达到4.3以上。
2026-09-06,amazon_us,product,search,women slides,22,Calvin Klein,¥215.86,4.5,Calvin Klein,,,,,,https://www.amazon.com/Calvin-Klein-Womens-Athens-Sandal/dp/B0CQRSPTDJ/ref=sr_1_18?dib=eyJ2IjoiMSJ9.RrPumS3Ni8XWS9mPWZVEoF2rrmO2HJxKFXxFJoY_4heCqt4_CHH-xTRoK_CiKD_Pt7BsogWvOSZjNd8swvh9T07DZIIJci_CtKFjkUgFwHvwfFRBt-v79UhOClNVgWtQ2THvJsfW6TkcwJlOa3ae11k7JGPNYNkPCb6HfC_n3RwM5Fl2RcxkON-cnZVw0xMWUu28qJj72Cxd4RKUTbt3wMeXADjU1oPkIPNiP8GNOJGU9PTxU3DHmOZfi6lMw2wKIuvDLgAS0TtSnpOGVSEhGaF-hH5CVd_fCCItQDh-0mk.qgrS06vRsnoKq7lzn3aJV7yhFsLGM7aj6aZeBEh4b9c&dib_tag=se&keywords=women+slides&qid=1788672589&sr=8-18,https://m.media-amazon.com/images/I/61TQsy18fPL._AC_UL320_.jpg,52,排名进入前30；价格处于人民币等值¥180.00-¥288.00区间；评分达到4.3以上。
2026-09-06,amazon_us,product,search,platform sandals women,1,Sorel Women's Ona Ave T-Toe Sneaker | Casual Shoes Sorel Women's Ona Ave T-Toe Sneaker | Casual Shoes,¥475.20,4.1,,,,,,,https://aax-us-east-retail-direct.amazon.com/x/c/JGQnlIpqCBIarlUtS1qpCTcAAAGgdTHDVgEAAAH2AQBvbm9fdHhuX2JpZDEgICBvbm9fdHhuX2ltcDIgICBLqKpI/clv1c_ek-wBfvXJbTWnm_ycA9ByYtaoR1pst8Pu2PbAGOn3SNQSxFq9dSiU7ihssC_Sp1tPPAaL1iZ4qhgRVamwCLmdk_OcInv2_GfGUhMhKa27A4uKFFj8IPP4kx66eFQlrIf8s2SqpEuZbvcLF_EC4sBK_LrodqSnvVq9-eyST6e5rb_GmPrVu1y5k6szIr-eXqwK6RbCdqLmgvb00DxX8iCkqApt9-1iOJ0heJSbRjV7TygfdfeEFeish3OXY3X2_adgXJSJAD6SxBfZnk1sUVF64lRyVWXUbcezkZKOlfoj0kWrAA1mCY9z-br1_q2Hbt2G9AYED2rne_6GwUc1YRPrJ8DhruGDAfBQLILPvfUPF5m_KIaPc-_3AydPZEOtUmgKHimeEDgZiZmGXt1jQE0gv-aqZE0LYfF3EFCZZ-YWHmLCBKEGQ44jcEmy1OuOAhIrEaA4kfk_007sOvYYhR4j9eYhX4Dw3VIRgkMcCxqMNRhClmKNcgAJqnKeM3cB0LVoUTbAnWTF83NcpXD0cp0iX6q7aLo53e1pvmL1oMVH0XzSdD094oIScLW1tuQgiy7GGiipPHKaoHILgrp-QYj0Twple_jr4tNlwYCTZkLUON-LYxKBh8LZ4gP4xeZcxaxK2w9YzPhK5i6O1wBYU16CA7O2tlCLkRIX9dFa-UDgDSVV9ajsKrn5n97k3UyqYIPKHzEsMyBP4Yd6B7jArPTeTZzciAtc4MS36iPL0cwTtInK78fDncR_nBvsOrQIYcva5T-ZL0M0c0yeOnJSawUqupIaVKaa-457vIGzv37jRDlM3VBmdVFVOGR609UAw2CUPVy5kQyGEX4WdMHSg4cuSa6sGNK1z8BWinT1ajP2d3FASsfU24aZCIArKhUBtmhZKsgDDsSsFTBde_yCcq6qSrpkswWjC3qwhBoIPlGANIbZOqA-hm0oeaDZGTb_QlWiBPY1eCBfcYyFd-pKA8TK_bcMbQS14jYP96yzcfge2g82wX_9ZG3GjguCSy1OkwbYtOX8SILBQITGl4miENXu0DnQ6gZOGSPAavw1JGSyeOqrGlkpXFc_GEuTtC4KpDjY-qSlQ3OO_GlxhUX9CKXQ_IIbyGF5AN7-3PK5-Ixikt90Gu8Y8NaMNI2yR_Y9HpiUwHiUI85H55AxdYqc1IYtxQZ0KZySx1SYxFeWuP33-gvfgVjOq925-2EKadkS6djk3Js7mbZ8jKOjbqQSqtMdwjnCKNNySUY9qo0GJpY2mOrXOE1iAzkMDU8xZx2sdH1obfRNpipbv1bpkx3mt3hX-ahrJh57_lPDLw_AU7kKj0C9PQ3WhniY9cqAjvMed3L4Ta9-Jx743Lif-u1qOzPQu3rZbYv_7aA54Slj_Who3_4DHZYzxvzL2jxW973ZjQcPvS5IaDl_kmtnaARbciyFm7bKh7CSPlCFsP1FJbecQwHKrj06oM08qMnGEp_EW8_MQxewUcSWaAHXKtyA6Kf7POnjarN557J3uhUbBwNcanHpAKhLHc0qMOxzeRVM3OW3wxXaKfF_t4qkhIIcGSTXwxBxCoM6mT23O0JLZOen42plz1aaDH4FgBYe2inEOX20NNZoylsrDI8WI9_4YMJYfuXDP5OJl4daolcInURW4R0vW4cekB0hyu13cBheABppDpdm1LeqDcqbN1Mkn4sFpojwuSWj0LMvJ0K/https://www.amazon.com/gp/aw/d/B0F8CMP4J6/?_encoding=UTF8&pd_rd_plhdr=t&aaxitk=b8fdff5d0a92fb43ad129171fd02a1a5&hsa_cr_id=0&qid=1788672590&sr=1-1-9e67e56a-6f64-441f-a281-df67fc737124&i=aps&aref=rDDkVfxPg8&ref_=sbx_s_sparkle_sbtcd_asin_0_bkgd&pd_rd_w=avGNP&content-id=amzn1.sym.8de9b3d5-f5c5-40e9-9b39-d65f08d6ea68%3Aamzn1.sym.8de9b3d5-f5c5-40e9-9b39-d65f08d6ea68&pf_rd_p=8de9b3d5-f5c5-40e9-9b39-d65f08d6ea68&pf_rd_r=YA5S3VN3DT4APE2X3V4E&pd_rd_wg=u2lGh&pd_rd_r=d323efab-62ca-4dad-9ebc-ae202cb633d8,"https://m.media-amazon.com/images/I/71Gjc0LInbL._AC_SR160,134_CB1169409_QL70_.jpg",52,排名靠前；价格高于人民币等值¥288.00；评分达到4.0以上。
2026-09-06,amazon_us,product,best_sellers,Best Sellers Women Sandals,11,mazeskin Womens Memory Foam Flip Flops Leather Flat Sandals | Vegan Leather Square Toe Cushion Summer Casual Comfortable Slim Thong Beach Slide Shoes Non Slip,,4.0,$9.99,,,,,,https://www.amazon.com/mazeskin-Womens-Memory-Leather-Sandals/dp/B0GRMZ5PFS/ref=zg_bs_g_679425011_d_sccl_11/147-7056708-1938302?psc=1,"https://images-na.ssl-images-amazon.com/images/I/717PAaaaLdL._AC_UL600_SR600,400_.jpg",51,排名进入前30；标题包含 comfort、beach、summer，符合美国女鞋舒适化趋势；评分达到4.0以上。
2026-09-06,amazon_us,product,new_releases,New Releases Women Sandals,3,"Joomra Women's Cork-Inspired Footbed Slides Adjustable Buckle Sandals | Natural Foot-Shaped, Vegan Upper, Two-Strap, Casual Daily Slippers, Walking Comfort, Fashion Indoor Outdoor Sandles",,3.8,$9.99,,,,,,https://www.amazon.com/Joomra-Footbed-Slides-Double-Sandals/dp/B0H4QWZTLX/ref=zg_bsnr_g_679425011_d_sccl_3/140-8606379-8659757?psc=1,"https://images-na.ssl-images-amazon.com/images/I/81sMp+WikpL._AC_UL600_SR600,400_.jpg",51,排名靠前；标题包含 comfort，符合美国女鞋舒适化趋势。
2026-09-06,amazon_us,product,new_releases,New Releases Women Sandals,4,xhuoqdk Fashion Kitten Heel Thong Sandals for Women Square Open Toe Slip‑On Slides Summer Casual Dress Heeled Flip‑Flops Beach Shoes,,,$16.99,,,,,,https://www.amazon.com/xhuoqdk-Fashion-Flip%E2%80%91Flops-Sandalias-Red/dp/B0HGS2D46R/ref=zg_bsnr_g_679425011_d_sccl_4/140-8606379-8659757?psc=1,"https://images-na.ssl-images-amazon.com/images/I/613Q5idsZ3L._AC_UL600_SR600,400_.jpg",51,排名靠前；标题包含 beach、summer，符合美国女鞋舒适化趋势。
2026-09-06,amazon_us,product,new_releases,New Releases Women Sandals,23,IDIFU IN2 Kitten Heels for Women Square Open Toe Heeled Sandals Dress Shoe | 2.5 Inch Ankle Strap Dressy Sandals Comfortable Party Wedding Daily Wear Heel,,4.6,$26.98,,,,,,https://www.amazon.com/IDIFU-Kitten-Square-Strappy-Wedding/dp/B0GCLK8714/ref=zg_bsnr_g_679425011_d_sccl_23/140-8606379-8659757?psc=1,"https://images-na.ssl-images-amazon.com/images/I/71ZLpte5QqL._AC_UL600_SR600,400_.jpg",51,排名进入前30；标题包含 comfort，符合美国女鞋舒适化趋势；评分达到4.6以上。
2026-09-06,amazon_us,product,new_releases,New Releases Women Sandals,26,"CUSHIONAIRE Mona Slip-On Lightweight Womens Sandals, Comfortable Wedge Flip Flops for Women with Crossover Strap",,4.4,$49.98,,,,,,https://www.amazon.com/CUSHIONAIRE-Lightweight-Sandals-Comfortable-Crossover/dp/B0H9B98GS4/ref=zg_bsnr_g_679425011_d_sccl_26/140-8606379-8659757?psc=1,"https://images-na.ssl-images-amazon.com/images/I/710k2uicqiL._AC_UL600_SR600,400_.jpg",51,排名进入前30；标题包含 comfort、wedge，符合美国女鞋舒适化趋势；评分达到4.3以上。
2026-09-06,amazon_us,product,new_releases,New Releases Women Sandals,36,IDIFU Women's IN3 Chunky Platform Block Heels Thick Mule Sandals | Square Open Toe Fashion Comfortable Slip On Casual for Work Wedding Bridal Prom Party Vacation Dress Shoes,,4.5,$33.99,,,,,,https://www.amazon.com/IDIFU-Womens-Chunky-Platform-Sandals/dp/B0H5VBXCD8/ref=zg_bsnr_g_679425011_d_sccl_36/147-7056708-1938302?psc=1,"https://images-na.ssl-images-amazon.com/images/I/51jneUUFAHL._AC_UL300_SR300,200_.jpg",51,排名进入前50；标题包含 platform、comfort，符合美国女鞋舒适化趋势；platform + comfort组合趋势加分；评分达到4.3以上。
2026-09-06,amazon_us,product,new_releases,New Releases Women Sandals,40,"QIY Flip Flops for Women Square Toe Platform Sandals Slides | Memory Foam Insole - Lightweight and Comfortable, Women Footwear Summer Thong Sandals for Women 2026",,4.2,$32.99,,,,,,https://www.amazon.com/QIY-Square-Platform-Sandals-Slides/dp/B0HCW248LF/ref=zg_bsnr_g_679425011_d_sccl_40/147-7056708-1938302?psc=1,"https://images-na.ssl-images-amazon.com/images/I/61c-vvOzT2L._AC_UL300_SR300,200_.jpg",51,排名进入前50；标题包含 platform、comfort、summer，符合美国女鞋舒适化趋势；platform + comfort组合趋势加分；评分达到4.0以上。
2026-09-06,amazon_us,product,search,women summer slippers,46,Breathable Linen House Slippers Unisex Open Toe Non-slip Indoor Shoes Lightweight Slides Spa Comfortable Home,¥115.13,5.0,"Price, product page $15.99 $ 15 . 99",,,,,,https://www.amazon.com/Tellrain-Breathable-Slippers-Lightweight-Comfortable/dp/B0H38R6K1W/ref=sr_1_40?dib=eyJ2IjoiMSJ9.eZQEUMTacA8IMNnsyu_bgb8oymj1JXVIM9EkXcf5UuJ10vaZZiwjsPuQ7mqpnKXTZZ00qHRNt3j33kRWI9xMufe2VAGQbU_x6wfO4t-74F3AyuqsHwuuSj9LobFJtWaEp4V90is4ecTlAE8Qa5c6lSseqxAPyup52sDzUWq7Y2aH7UMU_2vaB0ey5NHetzrLVejTIfsc_UM22HaZvw0EhxVdhBtxilopOFhsYSFhH79zabS4yDvot9hciPsxsZ-iBKjMGuyTLD_gfJCOQGYcpizgNx1xQSeMdrSok6xoQ0I.ymgE_3wEUNcm_92DFoskmXlQan_Zt5aRWHfx7OuEsEk&dib_tag=se&keywords=women+summer+slippers&qid=1788672589&sr=8-40,https://m.media-amazon.com/images/I/81+BotROltL._AC_UL320_.jpg,51,排名进入前50；价格处于人民币等值¥57.60-¥180.00黄金区间；标题包含 comfort，符合美国女鞋舒适化趋势；评分达到4.6以上。
2026-09-06,amazon_us,product,best_sellers,Best Sellers Women Sandals,27,"REEF Womens Shoes, Neptune | Lightweight Sneaker, Breathable Knit, Soft Cushion Footbed, Crush-Back Heel",,4.5,$59.95,,,,,,https://www.amazon.com/Womens-Neptune-Sneaker-White-Vintage/dp/B0D9HZD9PC/ref=zg_bs_g_679425011_d_sccl_27/147-7056708-1938302?psc=1,"https://images-na.ssl-images-amazon.com/images/I/519dWHTucwL._AC_UL600_SR600,400_.jpg",50,排名进入前30；评论数达到50以上；标题包含 soft，符合美国女鞋舒适化趋势；评分达到4.3以上。
2026-09-06,amazon_us,product,new_releases,New Releases Women Sandals,16,Project Cloud Square Toe Flip Flops For Women-Sandals Women | Womens Flip Flop with Memory Foam Insole Beach Essentials Womens Sandals-Thong Sandals Women Footwear-Square Toe Sandals,,4.1,$29.90,,,,,,https://www.amazon.com/Project-Cloud-Square-Flops-Women-Sandals/dp/B0GY5Y8N35/ref=zg_bsnr_g_679425011_d_sccl_16/140-8606379-8659757?psc=1,"https://images-na.ssl-images-amazon.com/images/I/71nllf30glL._AC_UL600_SR600,400_.jpg",50,排名进入前30；标题包含 cloud、beach，符合美国女鞋舒适化趋势；评分达到4.0以上。
2026-09-06,amazon_us,product,search,women slides,32,Unisex Arch Support Slides Cushioned Non Slip Shower Sandals,¥122.26,4.0,100+ bought in past month,,,,,,https://www.amazon.com/VIVASUN-Unisex-Support-Cushioned-Sandals/dp/B0H8CX577D/ref=sr_1_28?dib=eyJ2IjoiMSJ9.RrPumS3Ni8XWS9mPWZVEoF2rrmO2HJxKFXxFJoY_4heCqt4_CHH-xTRoK_CiKD_Pt7BsogWvOSZjNd8swvh9T07DZIIJci_CtKFjkUgFwHvwfFRBt-v79UhOClNVgWtQ2THvJsfW6TkcwJlOa3ae11k7JGPNYNkPCb6HfC_n3RwM5Fl2RcxkON-cnZVw0xMWUu28qJj72Cxd4RKUTbt3wMeXADjU1oPkIPNiP8GNOJGU9PTxU3DHmOZfi6lMw2wKIuvDLgAS0TtSnpOGVSEhGaF-hH5CVd_fCCItQDh-0mk.qgrS06vRsnoKq7lzn3aJV7yhFsLGM7aj6aZeBEh4b9c&dib_tag=se&keywords=women+slides&qid=1788672589&sr=8-28,https://m.media-amazon.com/images/I/71DfPnwadBL._AC_UL320_.jpg,50,排名进入前50；评论数达到50以上；价格处于人民币等值¥57.60-¥180.00黄金区间；标题包含 arch support，符合美国女鞋舒适化趋势；评分达到4.0以上。
2026-09-06,amazon_us,product,new_releases,New Releases Women Sandals,7,CUSHIONAIRE Toots Thong Strap Jelly Sandals for Women with Low Block Heel,,4.2,$39.98,,,,,,https://www.amazon.com/CUSHIONAIRE-Toots-Thong-Sandals-TORTOISE/dp/B0HB6R34PX/ref=zg_bsnr_g_679425011_d_sccl_7/140-8606379-8659757?psc=1,"https://images-na.ssl-images-amazon.com/images/I/71I1E9EQjlL._AC_UL600_SR600,400_.jpg",49,排名靠前；评分达到4.0以上。
2026-09-06,amazon_us,product,search,women slides,29,Crocs,¥215.93,4.2,Crocs,,,,,,https://www.amazon.com/Crocs-Womens-Sandal-Summer-Sandals/dp/B0888SJTRP/ref=sr_1_25?dib=eyJ2IjoiMSJ9.RrPumS3Ni8XWS9mPWZVEoF2rrmO2HJxKFXxFJoY_4heCqt4_CHH-xTRoK_CiKD_Pt7BsogWvOSZjNd8swvh9T07DZIIJci_CtKFjkUgFwHvwfFRBt-v79UhOClNVgWtQ2THvJsfW6TkcwJlOa3ae11k7JGPNYNkPCb6HfC_n3RwM5Fl2RcxkON-cnZVw0xMWUu28qJj72Cxd4RKUTbt3wMeXADjU1oPkIPNiP8GNOJGU9PTxU3DHmOZfi6lMw2wKIuvDLgAS0TtSnpOGVSEhGaF-hH5CVd_fCCItQDh-0mk.qgrS06vRsnoKq7lzn3aJV7yhFsLGM7aj6aZeBEh4b9c&dib_tag=se&keywords=women+slides&qid=1788672589&sr=8-25,https://m.media-amazon.com/images/I/418xHnUA5HL._AC_UL320_.jpg,49,排名进入前30；价格处于人民币等值¥180.00-¥288.00区间；评分达到4.0以上。
2026-09-06,amazon_us,product,search,platform sandals women,11,EQAUDES,¥220.54,4.1,EQAUDES,,,,,,https://www.amazon.com/EQAUDES-Platform-Espadrille-Sandals-Flatform/dp/B0C6XLWPN9/ref=sr_1_8?dib=eyJ2IjoiMSJ9.-sztLUvFGvhR_ekbbj8Xk7eQXS1HxoghTOoumRPrGKDqTQXy47jX1SoSwj7HppJOvG71UfJPOfc9EOUgk2pL3t8SLgyMrHm3FZjSjk6gPdGkxUsXZ-rCnuRecRaQuVqtYa3XPY5xzHagUmAp-WpTGlJPV2s2w5ca3W08rGoqmbQuEgoGycAQ_DyIPsDn-otC1PsHQ-VsjVYuHPMdJiGMGMz8jOb1OJ56jKBMCNfzhCiHK5LYlg1NlvARq73pYYqgWO3kLduGISKgG3ZNAYQjKRVV0kPSETxdTpo2DuJTYbM.uiMxBvPHJdrWjyjdxtjhDH0111ASvwknz3R3IPi4k58&dib_tag=se&keywords=platform+sandals+women&qid=1788672590&sr=8-8,https://m.media-amazon.com/images/I/81juIfWU4pL._AC_UL320_.jpg,49,排名进入前30；价格处于人民币等值¥180.00-¥288.00区间；评分达到4.0以上。
2026-09-06,amazon_us,product,best_sellers,Best Sellers Women Sandals,17,"Coutgo Womens Kitten Heel Sandals Heeled Mules Pointed Open Toe High Heels | Comfortable, Sexy, Slip On, Backless, Dress Shoes, 3.2 Inch, Peep Toe, Wedding, Bridal, Party, Prom, Graduation",,4.3,$32.29,,,,,,https://www.amazon.com/Coutgo-Womens-Pointed-Backless-Sandals/dp/B0DG1X84PR/ref=zg_bs_g_679425011_d_sccl_17/147-7056708-1938302?psc=1,"https://images-na.ssl-images-amazon.com/images/I/61rZuSoH5yL._AC_UL600_SR600,400_.jpg",48,排名进入前30；标题包含 comfort，符合美国女鞋舒适化趋势；评分达到4.3以上。
2026-09-06,amazon_us,product,best_sellers,Best Sellers Women Sandals,22,SKETOE Kitten Heels for Women Square Toe Sandals Flip Flop Heels Thong Sandals Comfortable Summer 2 Inch Heels Sandals,,4.1,$28.99,,,,,,https://www.amazon.com/SKETOE-Kitten-Square-Sandals-Comfortable/dp/B0F4QHKCDM/ref=zg_bs_g_679425011_d_sccl_22/147-7056708-1938302?psc=1,"https://images-na.ssl-images-amazon.com/images/I/61WGe4p1FWL._AC_UL600_SR600,400_.jpg",48,排名进入前30；标题包含 comfort、summer，符合美国女鞋舒适化趋势；评分达到4.0以上。
2026-09-06,amazon_us,product,best_sellers,Best Sellers Women Sandals,25,"CUSHIONAIRE Luna Cork Footbed Sandals for Women with Crossover Straps | Womens Sandals with Arch Support, Adjustable Buckle Straps, Walking Sandals Women, Wide Widths, Cushioned Sandals for Women",,4.5,$34.99,,,,,,https://www.amazon.com/CUSHIONAIRE-Next-Womens-Slide-Sandals-Brown/dp/B073XS7BW7/ref=zg_bs_g_679425011_d_sccl_25/147-7056708-1938302?psc=1,"https://images-na.ssl-images-amazon.com/images/I/81TDeaArVJL._AC_UL600_SR600,400_.jpg",48,排名进入前30；标题包含 arch support，符合美国女鞋舒适化趋势；评分达到4.3以上。
2026-09-06,amazon_us,product,new_releases,New Releases Women Sandals,6,"CUSHIONAIRE Aqua Jelly Flip Flops for Women | Jelly Shoes Glossy Upper, Slip-On Thong Design, Open Round Toe, Quick-Dry Beach and Pool Friendly, Travel-Ready Resort Style",,3.4,$29.99,,,,,,https://www.amazon.com/CUSHIONAIRE-Jelly-Flops-Women-CHOCOLATE/dp/B0H6BZ8F8Y/ref=zg_bsnr_g_679425011_d_sccl_6/140-8606379-8659757?psc=1,"https://images-na.ssl-images-amazon.com/images/I/71LKwjHednL._AC_UL600_SR600,400_.jpg",48,排名靠前；标题包含 beach，符合美国女鞋舒适化趋势。
2026-09-06,amazon_us,product,new_releases,New Releases Women Sandals,15,"DREAM PAIRS Women's Kitten Strappy Heel Sandals | Slip On Heeled Sandals for Women, Open Toe Summer Sandals for Weddings, Parties, Work and Dressy Occasions",,4.7,$34.99,,,,,,https://www.amazon.com/DREAM-PAIRS-Womens-Strappy-Sandals/dp/B0H6JD8BLV/ref=zg_bsnr_g_679425011_d_sccl_15/140-8606379-8659757?psc=1,"https://images-na.ssl-images-amazon.com/images/I/615T5Gm9P5L._AC_UL600_SR600,400_.jpg",48,排名进入前30；标题包含 summer，符合美国女鞋舒适化趋势；评分达到4.6以上。
2026-09-06,amazon_us,product,new_releases,New Releases Women Sandals,18,"CUSHIONAIRE Shana Heeled Thong Sandals for Women with Square Toe | Memory Foam Padding, Flip Flop Heels, Summer Sandals for Women, Comfortable Heels, Crossover Straps, Open Back",,4.1,$49.99,,,,,,https://www.amazon.com/CUSHIONAIRE-Heeled-Sandals-Square-Smooth/dp/B0H96BJM3D/ref=zg_bsnr_g_679425011_d_sccl_18/140-8606379-8659757?psc=1,"https://images-na.ssl-images-amazon.com/images/I/71IHOrwtqML._AC_UL600_SR600,400_.jpg",48,排名进入前30；标题包含 comfort、summer，符合美国女鞋舒适化趋势；评分达到4.0以上。
2026-09-06,amazon_us,product,new_releases,New Releases Women Sandals,20,"DREAM PAIRS Women's Kitten Low Heel Ankle Strap Sandals | 2.72 Inch,Comfortable Fashion Open Toe Sandals,4mm Cushioning,Suitable for Casual Daily Formal Wedding Prom Party Date Night",,4.3,$34.99,,,,,,https://www.amazon.com/DREAM-PAIRS-Womens-Kitten-Sandals/dp/B0H6HQLMPS/ref=zg_bsnr_g_679425011_d_sccl_20/140-8606379-8659757?psc=1,"https://images-na.ssl-images-amazon.com/images/I/61CAc3Q1dNL._AC_UL600_SR600,400_.jpg",48,排名进入前30；标题包含 comfort，符合美国女鞋舒适化趋势；评分达到4.3以上。
2026-09-06,amazon_us,product,new_releases,New Releases Women Sandals,21,DOBOLIN Kitten Heel Sandals Slip On Open Toe Strappy Heels For Women Strappy Sandals Slides Comfortable Dress Shoes,,4.3,$21.99,,,,,,https://www.amazon.com/DOBOLIN-Kitten-Sandals-Strappy-Comfortable/dp/B0GXJBCK79/ref=zg_bsnr_g_679425011_d_sccl_21/140-8606379-8659757?psc=1,"https://images-na.ssl-images-amazon.com/images/I/7155S0dRLaL._AC_UL600_SR600,400_.jpg",48,排名进入前30；标题包含 comfort，符合美国女鞋舒适化趋势；评分达到4.3以上。
2026-09-06,amazon_us,product,new_releases,New Releases Women Sandals,24,threepurple Women's Non-Slip Flip Flops Ultra Lightweight Basic Thongs Rubber Soft Slide Slip-on Shoes Beach Pool Shower Sandals,,4.4,$7.99,,,,,,https://www.amazon.com/threepurple-Womens-Non-Slip-Lightweight-Sandals/dp/B0HB9L47CH/ref=zg_bsnr_g_679425011_d_sccl_24/140-8606379-8659757?psc=1,"https://images-na.ssl-images-amazon.com/images/I/71-qSzOW17L._AC_UL600_SR600,400_.jpg",48,排名进入前30；标题包含 soft、beach，符合美国女鞋舒适化趋势；评分达到4.3以上。
2026-09-06,amazon_us,product,search,women slides,25,Coach,¥684.00,4.6,Coach,,,,,,https://www.amazon.com/Coach-Womens-Udele-Slide-Tan/dp/B07PGQ6MQ8/ref=sr_1_21?dib=eyJ2IjoiMSJ9.RrPumS3Ni8XWS9mPWZVEoF2rrmO2HJxKFXxFJoY_4heCqt4_CHH-xTRoK_CiKD_Pt7BsogWvOSZjNd8swvh9T07DZIIJci_CtKFjkUgFwHvwfFRBt-v79UhOClNVgWtQ2THvJsfW6TkcwJlOa3ae11k7JGPNYNkPCb6HfC_n3RwM5Fl2RcxkON-cnZVw0xMWUu28qJj72Cxd4RKUTbt3wMeXADjU1oPkIPNiP8GNOJGU9PTxU3DHmOZfi6lMw2wKIuvDLgAS0TtSnpOGVSEhGaF-hH5CVd_fCCItQDh-0mk.qgrS06vRsnoKq7lzn3aJV7yhFsLGM7aj6aZeBEh4b9c&dib_tag=se&keywords=women+slides&qid=1788672589&sr=8-21,https://m.media-amazon.com/images/I/71BQOaIl59L._AC_UL320_.jpg,48,排名进入前30；价格高于人民币等值¥288.00；评分达到4.6以上。
2026-09-06,amazon_us,product,search,platform sandals women,18,Teva womens Original Universal | Casual Sandals Teva womens Original Universal | Casual Sandals,¥539.64,4.6,4.6,,,,,,https://sponsored-ads.amazon.com/clk/?_encoding=UTF8&p=eAFVUMuK01AYpg7qEMYLXcxA3VXsonCak0xzqxTJzWloJ-305tDN4STnJA1NkzTndDq46MJnENy5dC34CO5d-STqAwh2RPxWH3yX_-cTguNvv35-f1B9ZE7nI6fv9a-h447rFal5GtEsuUWjokfeiL1pWqSxN53TzqnhbW9W11Dl-jwOZMZbjkf0eCzIsCWp5y21BRf3JlZwbLrTnjv2JtUz4SGhbMXzonoy88euPbzwvYXr1L5UhOd3CmIUl-ESFbQM8xRzipIsTTKKAh5VBbzGb_OsFebr2jMWgDDFjCUhOGTAwQkKqX6fZmg2aSosAHxJ15SAME9TGvIkz8CNDO6OgRCXhIECJxmnJQjzjNOMyy-ssek7yB4OBq499Yb-BHn-wPNdNPDmLnLcSX86HNVVoQKffvrx7vPHr07t8d_KwxP1JzKE0FA0XVV0qGqSfDSbOJ0je2Q3-9WXjmXaxWsPaObe2hwQm3vrauOF4aX5P_ZWvLeu9pb5h8S1Ezt2by9MN5bwisofKsL7ypLzgnVEcbfbtf5NJMaFiHciES1o9xbXmjzyXxUElQQV6ZKUXd5YMozCEiWkCxubhHQlTddVTVYM2GBlVwJtoGBFUeXIABGJCGhLUAJGZBBANBVjwzD09rncSLq4YA1c0qirLCDdbi9ZCX8DBO281g&v=c1&r=https%3A%2F%2Fwww.amazon.com%2Fgp%2Faw%2Fd%2FB0CHZX72PN%3Fpd_rd_plhdr%3Dt%26hsa_cr_id%3D0%26qid%3D1788672590%26sr%3D1-4-5a5562f9-fdfd-4101-9f9d-d76aa9998432%26i%3Daps%26aref%3D5Z0euuMsr0&ref_=sbx__sbtcd2_asin_3_bkgd&pd_rd_w=NaXxF&content-id=amzn1.sym.90f77631-9599-4fe0-95f8-a40adfe1c762%3Aamzn1.sym.90f77631-9599-4fe0-95f8-a40adfe1c762&pf_rd_p=90f77631-9599-4fe0-95f8-a40adfe1c762&pf_rd_r=YA5S3VN3DT4APE2X3V4E&pd_rd_wg=0rP73&pd_rd_r=c273d544-d631-44e2-8691-8fff86ef471f,"https://m.media-amazon.com/images/I/71T2j4VVR5L._AC_SR322,134_CB1169409_QL70_.jpg",48,排名进入前30；价格高于人民币等值¥288.00；评分达到4.6以上。
2026-09-06,amazon_us,product,search,platform sandals women,23,REEF,¥431.64,4.7,REEF,,,,,,https://www.amazon.com/REEF-Womens-Sandals-Higher-Chocolate/dp/B0FQPKZZFD/ref=sr_1_12?dib=eyJ2IjoiMSJ9.-sztLUvFGvhR_ekbbj8Xk7eQXS1HxoghTOoumRPrGKDqTQXy47jX1SoSwj7HppJOvG71UfJPOfc9EOUgk2pL3t8SLgyMrHm3FZjSjk6gPdGkxUsXZ-rCnuRecRaQuVqtYa3XPY5xzHagUmAp-WpTGlJPV2s2w5ca3W08rGoqmbQuEgoGycAQ_DyIPsDn-otC1PsHQ-VsjVYuHPMdJiGMGMz8jOb1OJ56jKBMCNfzhCiHK5LYlg1NlvARq73pYYqgWO3kLduGISKgG3ZNAYQjKRVV0kPSETxdTpo2DuJTYbM.uiMxBvPHJdrWjyjdxtjhDH0111ASvwknz3R3IPi4k58&dib_tag=se&keywords=platform+sandals+women&qid=1788672590&sr=8-12,https://m.media-amazon.com/images/I/61p4a8FYrVL._AC_UL320_.jpg,48,排名进入前30；价格高于人民币等值¥288.00；评分达到4.6以上。
2026-09-06,amazon_us,product,best_sellers,Best Sellers Women Sandals,13,Clarks Women's Breeze Sea Flip-Flop,,4.7,$36.95,,,,,,https://www.amazon.com/Clarks-Womens-Breeze-Flip-Synthetic/dp/B01FH9EOUK/ref=zg_bs_g_679425011_d_sccl_13/147-7056708-1938302?psc=1,"https://images-na.ssl-images-amazon.com/images/I/61CUHH0LXiL._AC_UL600_SR600,400_.jpg",45,排名进入前30；评分达到4.6以上。
2026-09-06,amazon_us,product,best_sellers,Best Sellers Women Sandals,15,"WHITIN Women's Slides with Cushioned Thick Sole Slippers for Home Wear Y13 | Comfort for Daily Wear, Waterproof & Easy to Clean, Indoor & Outdoor Versatility, Lightweight EVA for All-Day",,4.1,$9.99,,,,,,https://www.amazon.com/WHITIN-Slippers-Sandals-Fashionable-Lightweight/dp/B0C1C3MKLF/ref=zg_bs_g_679425011_d_sccl_15/147-7056708-1938302?psc=1,"https://images-na.ssl-images-amazon.com/images/I/71nA8egRirL._AC_UL600_SR600,400_.jpg",45,排名进入前30；标题包含 comfort，符合美国女鞋舒适化趋势；评分达到4.0以上。
2026-09-06,amazon_us,product,best_sellers,Best Sellers Women Sandals,30,"Ankis Women Nude White Gold Black Sandals Open Toe 1 Inch Low Block Heel | 1-inch short heel, adjustable ankle strap, 5mm latex cushioned insole, comfortable walking, for wedding, dressy, formal event",,4.2,$34.99,,,,,,https://www.amazon.com/Ankis-Sandals-Comfortable-Adjustable-Available/dp/B0BPL95VFW/ref=zg_bs_g_679425011_d_sccl_30/147-7056708-1938302?psc=1,"https://images-na.ssl-images-amazon.com/images/I/51EOkpMrmNL._AC_UL600_SR600,400_.jpg",45,排名进入前30；标题包含 comfort，符合美国女鞋舒适化趋势；评分达到4.0以上。
2026-09-06,amazon_us,product,best_sellers,Best Sellers Women Sandals,39,ONCAI Women's Flip Flops Comfortable Arch Support Yoga Mat Summer Beach Walking Thong Cushion Sandals Ladies Outdoor Vacation Essentials Slide Shoes Rubber Soles US Size 5-11,,4.3,$13.99,,,,,,https://www.amazon.com/ONCAI-Support-Athletic-Orthotic-Fasciitis/dp/B0D2292JM9/ref=zg_bs_g_679425011_d_sccl_39/147-7056708-1938302?psc=1,"https://images-na.ssl-images-amazon.com/images/I/71iVIX1IyIL._AC_UL300_SR300,200_.jpg",45,排名进入前50；标题包含 comfort、arch support、beach、summer，符合美国女鞋舒适化趋势；评分达到4.3以上。
2026-09-06,amazon_us,product,new_releases,New Releases Women Sandals,2,CUSHIONAIRE Riot Jelly Thong Kitten Heels for Women,,3.7,$31.99,,,,,,https://www.amazon.com/CUSHIONAIRE-Jelly-Thong-Kitten-CHOCOLATE/dp/B0H6C47CT3/ref=zg_bsnr_g_679425011_d_sccl_2/140-8606379-8659757?psc=1,"https://images-na.ssl-images-amazon.com/images/I/71cl7MmlX-L._AC_UL600_SR600,400_.jpg",45,排名靠前。
2026-09-06,amazon_us,product,new_releases,New Releases Women Sandals,11,"DREAM PAIRS Women's Stiletto Kitten Heeled Sandals | Pointed Open Toe Chunky Block Heels, Heeled Sandals Wedding Bridal Party, 3.78-inch stiletto heel Comfortable Shoes",,4.0,$39.99,,,,,,https://www.amazon.com/DREAM-PAIRS-Womens-Stiletto-Sandals/dp/B0H2TR91HX/ref=zg_bsnr_g_679425011_d_sccl_11/140-8606379-8659757?psc=1,"https://images-na.ssl-images-amazon.com/images/I/61UGcx94nZL._AC_UL600_SR600,400_.jpg",45,排名进入前30；标题包含 comfort，符合美国女鞋舒适化趋势；评分达到4.0以上。
2026-09-06,amazon_us,product,new_releases,New Releases Women Sandals,27,IDIFU IN1 Kitten Flip Flop Heels for Women Square Open Toe Low Heel | Wedding Bride Graduation Party Slide Dress Shoes Comfortable Cute Trendy Casual Thong Slip On Strappy Low Heeled Sandals,,4.0,$28.99,,,,,,https://www.amazon.com/IDIFU-Black-Heels-Kitten-Square/dp/B0H33RX63S/ref=zg_bsnr_g_679425011_d_sccl_27/140-8606379-8659757?psc=1,"https://images-na.ssl-images-amazon.com/images/I/61RO1a8KWKL._AC_UL600_SR600,400_.jpg",45,排名进入前30；标题包含 comfort，符合美国女鞋舒适化趋势；评分达到4.0以上。
2026-09-06,amazon_us,product,search,women slides,1,4.1,,,4.1,,,,,,https://aax-us-east-retail-direct.amazon.com/x/c/JL2TJrnwAHB2m5btdrVH0lsAAAGgdTHBigEAAAH2AQBvbm9fdHhuX2JpZDcgICBvbm9fdHhuX2ltcDIgICAWjsu_/clv1c_ek-wBXvWbbbaXg4WYzo-Q-A_FbRpkmS3ea1d3ZYOO9lIhV7VrH88haL-OEP3kNgEy9rBtBWcVOkvAfEjoBK0yN6Nol5EyIAIMYLwvq21RMi0m1P7riHbF8Lgcll3qlRlvyddbU-haAaJUzQC_Q-9doeCgN6YovWqkgGxzTihhNJfOauZmJvsC5lwCknJwPiprSUqXgzNERnegTzRn8gDwmKfv10DDkSnClo_Yp0X1TSgXXetfl9HOy3Dk_S5G8qdhzNGf4Fl513JZkUYyypjrNJ_a6sVnzNzg6BKVBDInlXSjHwwOr4yB2U7ceq3rZA8aTbwCml2YiwkQ4PemoTDTgB7WR6v357B5QeXI-lz52CpJLHM3sR6lh7fjLpGnWjNHtVkb5YeXhg1xdR0vAG3UhzSkqYGgF6hjjTPi6OkQvjSi9LbwyDzRuFQiJbJfc-FDs5gsoj3BZUJQMi8DSt9EJYmfkhWaxc6qySDYA6BEFKulZBlu617HUlxy044EKv38s_jj6LsCJiBKPoBQdhTNO5ScWmUJ-jFpjXam9_8vNKp2Bn51siNSxyBVLi3V-6o5gMVXHh1oAS_vgCPjVQLdBXNM7IerQwv1vefTlElw532bbl2tIGWuIvgHcp-m7rHFhj2E4sWQCX6b8-NAKKCj2fe3-C9tVc7lBFMSTggI4pZqGr-DNHQt_Xv7yx9Lfq4J0l0ttKXu-HLgysEN2x6_BaknLMbzVYfIY8ptVc36gkGocg397jyFKMI0WBlUUd8JvYQGrpDek1JOilnwTT46KUoDITyAVDXttc-xAWRnrskmLV7sE4L_MxOh67w7u4Rs3MiXfA2Y4ibP84KVcOzWKuW2_AHQki0vrRfQgttAaU5fuNJrEtkYnw8DZsSZo0kl_Z8EcMBTOD5lLVaxiNc1N5odiD5z6muKEfeOYBnWZjIOCWe4gyECjyFCfgPx33FdB3RHQ_wtU6gZTahLTteYetQSQrWY5DqICChKpngr9x5HBkqN-3oIhjNq2kathqsGoxbRfJW30fFIzemM1u7kpv1BRRWVIUUJcf0KnsfwMC8aD2ZCXwQAD0s-rBph6alzjJE8qQO4UWxXi5SDgO2Ra5Ctmg44dNISpY7729dVEVxa1Boa-SzjZzrhui_irxiSrRoU6UjShlIGcuh62ocPZDU2epN7owavMoTdxY8DqYT3VRCh_5a_6Di09QHVItTzcZvxkaKmKKb_iVGAvJroMNM12bGQ-WS3hroHlnDHu8uAvO17tXjRaxcsNa585k4AmCEfY4zvu5VkWCAslPNXibAlTA_4bvA-nKYxy7qp2Ok828LOyIL1y09mH4MLwM8RBtXnpwbH3ApO_CgiqzPeWqZnLBfJAe0Xgm8D5xFYmFAWC6McCmsyuIhjmys3-IqMzwIakr0-R_UwRZQE4Um3ydI509ShmQLzx9G17vE5jJCh41vP9Eb3cqYGaFpir0N9-YBVs3fKTjNiMfdHRjM39sF1711RG_uC0fHz09fX1KTw_YDpqSIZ4YRM6v3Vk6URqlmQHsEyrJ0U16Mpjh3VvN5LMQYCyEQZVgn6yNvbk0HsnZNlHylBw7_PIBSDOJZaFFptfOT5QOWM-y6RsbqMWWoji-dhaIoR4E2JRU/https://www.amazon.com/dp/B0H5YGW33N/?_encoding=UTF8&pd_rd_i=B0H5YGW33N&ref_=sbx_be_s_sparkle_ssd_img&qid=1788672589&pd_rd_w=EHDdW&content-id=amzn1.sym.8de9b3d5-f5c5-40e9-9b39-d65f08d6ea68%3Aamzn1.sym.8de9b3d5-f5c5-40e9-9b39-d65f08d6ea68&pf_rd_p=8de9b3d5-f5c5-40e9-9b39-d65f08d6ea68&pf_rd_r=BD1Z9JZ1NGGRAVW3X0EN&pd_rd_wg=NUvnb&pd_rd_r=828d2b76-6828-48d1-a5c6-10afe59e125b&pd_rd_plhdr=t,"https://m.media-amazon.com/images/I/514xgUNr+PL._AC_SR250,250_QL65_.jpg",45,排名靠前。
2026-09-06,amazon_us,product,search,women slides,4,Nike,,,Nike,,,,,,https://www.amazon.com/Nike-HQ4309-100-Futuristic-Sandals-Comforts/dp/B0GZL4GSN2/ref=sr_1_3?dib=eyJ2IjoiMSJ9.RrPumS3Ni8XWS9mPWZVEoF2rrmO2HJxKFXxFJoY_4heCqt4_CHH-xTRoK_CiKD_Pt7BsogWvOSZjNd8swvh9T07DZIIJci_CtKFjkUgFwHvwfFRBt-v79UhOClNVgWtQ2THvJsfW6TkcwJlOa3ae11k7JGPNYNkPCb6HfC_n3RwM5Fl2RcxkON-cnZVw0xMWUu28qJj72Cxd4RKUTbt3wMeXADjU1oPkIPNiP8GNOJGU9PTxU3DHmOZfi6lMw2wKIuvDLgAS0TtSnpOGVSEhGaF-hH5CVd_fCCItQDh-0mk.qgrS06vRsnoKq7lzn3aJV7yhFsLGM7aj6aZeBEh4b9c&dib_tag=se&keywords=women+slides&qid=1788672589&sr=8-3,https://m.media-amazon.com/images/I/61jMhAR3qkL._AC_UL320_.jpg,45,排名靠前。
2026-09-06,amazon_us,product,search,women slides,26,Nike,¥396.00,4.3,Nike,,,,,,https://www.amazon.com/Nike-Womens-Slides-Sandal-Pink-Pearl/dp/B0F8S9MQHP/ref=sr_1_22?dib=eyJ2IjoiMSJ9.RrPumS3Ni8XWS9mPWZVEoF2rrmO2HJxKFXxFJoY_4heCqt4_CHH-xTRoK_CiKD_Pt7BsogWvOSZjNd8swvh9T07DZIIJci_CtKFjkUgFwHvwfFRBt-v79UhOClNVgWtQ2THvJsfW6TkcwJlOa3ae11k7JGPNYNkPCb6HfC_n3RwM5Fl2RcxkON-cnZVw0xMWUu28qJj72Cxd4RKUTbt3wMeXADjU1oPkIPNiP8GNOJGU9PTxU3DHmOZfi6lMw2wKIuvDLgAS0TtSnpOGVSEhGaF-hH5CVd_fCCItQDh-0mk.qgrS06vRsnoKq7lzn3aJV7yhFsLGM7aj6aZeBEh4b9c&dib_tag=se&keywords=women+slides&qid=1788672589&sr=8-22,https://m.media-amazon.com/images/I/51z4fzmeiWL._AC_UL320_.jpg,45,排名进入前30；价格高于人民币等值¥288.00；评分达到4.3以上。
2026-09-06,amazon_us,product,search,platform sandals women,15,UGG womens Goldengaze Toe Post | Casual Sandals UGG womens Goldengaze Toe Post | Casual Sandals,¥900.94,4.4,4.4,,,,,,https://sponsored-ads.amazon.com/clk/?_encoding=UTF8&p=eAFVUMtu00AUVaiAyioPZVGksAsii0pjj93YsYMi5FcbK2mSJk5osxmNPWPHimM7nklTsciCb0Bix5I1Ep_AnhVfAnwAEilCnNWRzuNeHSE4_Pbr5_cH1UemPxs5Pa93BR13XK_IJ8cRzZJbNCq65I3U9dMijT1_RtvHhre5WV5BjeuzOFAYFx2P6PFYUKAoa6eiJsL5vYkVHJqu33XH3qT6THhIKFvyvKgeTQdj1x6eD7y569S-VIQXdwpiFJfhAhW0DPMUc4qSLE0yigIeVQW8wm_zTAzzVe05C0CYYsaSEOwzYO8EhVy_TzM0nZyoLAB8QVeUgDBPUxryJM_AjQLujoEQl4SBAicZpyUI84zTjCsvrbE5cJA97Pdd2_eGgwnyBn1v4KK-N3OR4056_nBU14QKfPrpx7vPH786tcd_K_dP1J8oEEJDbemaqkOtJSsH04nTPrBH9kmv-sqxTLs480DL3FnrPWJzZ12uvTC8MP_Hzop31uXOMv-QuHZkx-7tuenGMl5S5UNFeF9ZcF6wtiRtt1vx30RSXEh4KxHJgmeO3OxeO6PXBUElQUW6IGWHNxYMo7BECenAxjohHbml61pLUQ3YYGVHBjJQsapqSmSAiEQENGUoAyMyCCAtDWPDMPTmqdJIOrhgDVzSqKPOId1sLlgJfwP1v7yz&v=c1&r=https%3A%2F%2Fwww.amazon.com%2Fgp%2Faw%2Fd%2FB0FD14HYDP%3Fpd_rd_plhdr%3Dt%26hsa_cr_id%3D0%26qid%3D1788672590%26sr%3D1-1-5a5562f9-fdfd-4101-9f9d-d76aa9998432%26i%3Daps%26aref%3D5Z0euuMsr0&ref_=sbx__sbtcd2_asin_0_bkgd&pd_rd_w=NaXxF&content-id=amzn1.sym.90f77631-9599-4fe0-95f8-a40adfe1c762%3Aamzn1.sym.90f77631-9599-4fe0-95f8-a40adfe1c762&pf_rd_p=90f77631-9599-4fe0-95f8-a40adfe1c762&pf_rd_r=YA5S3VN3DT4APE2X3V4E&pd_rd_wg=0rP73&pd_rd_r=c273d544-d631-44e2-8691-8fff86ef471f,"https://m.media-amazon.com/images/I/71xncqdmPZL._AC_SR322,134_CB1169409_QL70_.jpg",45,排名进入前30；价格高于人民币等值¥288.00；评分达到4.3以上。
2026-09-06,amazon_us,product,search,platform sandals women,19,BORN IWA BORN IWA,¥935.64,4.5,4.5,,,,,,https://sponsored-ads.amazon.com/clk/?_encoding=UTF8&p=eAFVUMuK01AYpg7qEMYLXcxA3VXsonCak8zkVimSm9PQTm9p69DN4STnJA1NkzTndDq46MJnENy5dC34CO5d-STqAwh2RPxWH3yX_-cTguNvv35-f1B9ZE7nI6fn9a6h407qFal5GtEsuUWjokveiN1pWqSxN53T9qnhbW9W11Dl-jwOZMZbjkf0eCLIsCWp5y21BRf3fCs4Nt1p1514fvVMeEgoW_G8qJ7MBhPXHl4OvIXr1L5UhOd3CmIUl-ESFbQM8xRzipIsTTKKAh5VBbzGb_OsFebr2jMWgDDFjCUhOGTAwQkKqX6fZmjmNxUWAL6ka0pAmKcpDXmSZ-BGBnfHQIhLwkCBk4zTEoR5xmnG5RfWxBw4yB72-6499YYDH3mDvjdwUd-bu8hx_d50OKqrQgU-_fTj3eePX53a47-VhyfqT2QIoaFouqroUNUk-WjmO-0je2Q3e9WXjmXaxWsPaObe2hwQm3trvPHC8Mr8H3sr3lvjvWX-IXHtxI7d20vTjSW8ovKHivC-suS8YG1R3O12rX8TiXEh4p1IRAtq83l_7Pf1VwVBJUFFuiRlhzeWDKOwRAnpwMYmIR1J03VVkxUDNljZkYACFKwoqhwZICIRARcSlIARGQQQTcXYMAz94lxuJB1csAYuadRRFpBut1eshL8BDXW86g&v=c1&r=https%3A%2F%2Fwww.amazon.com%2Fgp%2Faw%2Fd%2FB07VVLQSL8%3Fpd_rd_plhdr%3Dt%26hsa_cr_id%3D0%26qid%3D1788672590%26sr%3D1-5-5a5562f9-fdfd-4101-9f9d-d76aa9998432%26i%3Daps%26aref%3D5Z0euuMsr0&ref_=sbx__sbtcd2_asin_4_bkgd&pd_rd_w=NaXxF&content-id=amzn1.sym.90f77631-9599-4fe0-95f8-a40adfe1c762%3Aamzn1.sym.90f77631-9599-4fe0-95f8-a40adfe1c762&pf_rd_p=90f77631-9599-4fe0-95f8-a40adfe1c762&pf_rd_r=YA5S3VN3DT4APE2X3V4E&pd_rd_wg=0rP73&pd_rd_r=c273d544-d631-44e2-8691-8fff86ef471f,"https://m.media-amazon.com/images/I/51z79AQcE8L._AC_SR322,134_CB1169409_QL70_.jpg",45,排名进入前30；价格高于人民币等值¥288.00；评分达到4.3以上。
2026-09-06,amazon_us,product,search,platform sandals women,21,KEEN Women's Newport H2 Closed Toe Water Sandals KEEN Women's Newport H2 Closed Toe Water Sandals,¥701.71,4.4,4.4,,,,,,https://sponsored-ads.amazon.com/clk/?_encoding=UTF8&p=eAFVUMtu00AUVaiAyioPZdFKYRdEFpHGHrv1K8hCftFYSZM0cUOVzWjiGTtWHNvxTJqKRRZ8AxI7lqyR-AT2rPgS4AOQSBHirI50HvfqCPPDb79-fn9Qf2SH05HXC3rX0PPHzZrcPo5pnt6iUdklb6RumJVZEoRT2jk2g83N8hpq3Jgmc4Vx0QuIkYwFBYqydipqIpzdmzjzQ9sPu_44mNRPhIeEsiUvyvrR1WDsu8PzQTDzvcaXmvD8TkGM4ipaoJJWUZFhTlGaZ2lO0ZzHdQGv8NsiF6Ni1XjG5iDKMGNpBPYZsHeCUm7epzm6mrRVNgd8QVeUgKjIMhrxtMjBjQLujoEIV4SBEqc5pxWIipzTnCsvnLE98JA77Pd9NwyGgwkKBv1g4KN-MPWR50964XDU1IQafPrpx7vPH796jcd_K_dPNJ8oEEJT1Q1NNaCmy8rB1cTrHLgjt92rv_Qc2y1fB0C3d856j8TeOZfrIIou7P-xc5Kdc7lz7D8kaRy5iX97bvuJjJdU-VAT3tcWnJesI0nb7Vb8N5GUlBLeSkRyoKOMpuPQU16VBFUEldmCVBZvLRhGUYVSYsHWOiWWrBuGpiuqCVussmSgAxWrqqbEJohJTMCZDGVgxiYBRNcwNk3TODtVWqmFS9bCFY0tdQbpZnPBKvgb_268yw&v=c1&r=https%3A%2F%2Fwww.amazon.com%2Fgp%2Faw%2Fd%2FB0B2PVRTD2%3Fpd_rd_plhdr%3Dt%26hsa_cr_id%3D0%26qid%3D1788672590%26sr%3D1-7-5a5562f9-fdfd-4101-9f9d-d76aa9998432%26i%3Daps%26aref%3D5Z0euuMsr0&ref_=sbx__sbtcd2_asin_6_bkgd&pd_rd_w=NaXxF&content-id=amzn1.sym.90f77631-9599-4fe0-95f8-a40adfe1c762%3Aamzn1.sym.90f77631-9599-4fe0-95f8-a40adfe1c762&pf_rd_p=90f77631-9599-4fe0-95f8-a40adfe1c762&pf_rd_r=YA5S3VN3DT4APE2X3V4E&pd_rd_wg=0rP73&pd_rd_r=c273d544-d631-44e2-8691-8fff86ef471f,"https://m.media-amazon.com/images/I/61kPZBKlf6L._AC_SR322,134_CB1169409_QL70_.jpg",45,排名进入前30；价格高于人民币等值¥288.00；评分达到4.3以上。
2026-09-06,amazon_us,product,search,platform sandals women,22,Steve Madden Women's Trella | Casual Sandals Steve Madden Women's Trella | Casual Sandals,¥230.26,3.8,3.8,,,,,,https://sponsored-ads.amazon.com/clk/?_encoding=UTF8&p=eAFVUM2O0lAYDU7USTP-hMWY4A4jC5Lb3nampcUQ0z-hwgBDGSRsbm57b0tDaUvvZZi4YOEzmLhz6drER3DvyidRH8BExhjP6iTn5_tyhOD426-f3-9VH5jT2djpe_05dNxJvSI3TyOaJTdoXPTIG6k3TYs09qYz2j41vO31ag41rs_iQGFcdDyixxNBgaKsnYmaCBd3fCs4Nt1pz514fvWJcJ9QtuJ5UT25Gk5ce9QdegvXqX2pCM9uFcQoLsMlKmgZ5inmFCVZmmQUBTyqCniN3-aZGObr2lMWgDDFjCUhOGTAwQkKuX6XZujKb6osAHxJ15SAME9TGvIkz8C1Am6PgRCXhIECJxmnJQjzjNOMK8-tiTl0kD0aDFx76o2GPvKGA2_oooE3c5Hj-v3paFzXhAp8_OnHu88fvzq1h38rD0_UHykQQkNt6ZqqQ60lK0dXvtM-ssd2s1994VimXbzyQMvcW5sDYnNvXW68MLww_8feivfW5d4y_5C4dmLH7k3XdGMZr6jyoSK8ryw5L1hbkna7nfhvIikuJLyTiGTB7uuuJvf0-cuCoJKgIl2SssMbS4ZRWKKEdGBjk5CO3NJ1raWoBmywsiMDHahYVTUlMkBEIgLOZSgDIzIIIC0NY8Mw9PMzpZF0cMEauKRRR11Aut1esBL-BvIVvK0&v=c1&r=https%3A%2F%2Fwww.amazon.com%2Fgp%2Faw%2Fd%2FB0GJG61H8X%3Fpd_rd_plhdr%3Dt%26hsa_cr_id%3D0%26qid%3D1788672590%26sr%3D1-8-5a5562f9-fdfd-4101-9f9d-d76aa9998432%26i%3Daps%26aref%3D5Z0euuMsr0&ref_=sbx__sbtcd2_asin_7_bkgd&pd_rd_w=NaXxF&content-id=amzn1.sym.90f77631-9599-4fe0-95f8-a40adfe1c762%3Aamzn1.sym.90f77631-9599-4fe0-95f8-a40adfe1c762&pf_rd_p=90f77631-9599-4fe0-95f8-a40adfe1c762&pf_rd_r=YA5S3VN3DT4APE2X3V4E&pd_rd_wg=0rP73&pd_rd_r=c273d544-d631-44e2-8691-8fff86ef471f,"https://m.media-amazon.com/images/I/61uy7PKiFoL._AC_SR322,134_CB1169409_QL70_.jpg",45,排名进入前30；价格处于人民币等值¥180.00-¥288.00区间。
2026-09-06,amazon_us,product,new_releases,New Releases Women Sandals,28,"DREAM PAIRS Women's Chunky Low Heel Thong Sandals | Square Open Toe Slip On, Flip Flop Summer Heels, Comfortable Elgeant Going Out Sandals, Causal for Travel Daily Party Events",,3.9,$27.99,,,,,,https://www.amazon.com/DREAM-PAIRS-Womens-Chunky-Sandals/dp/B0H4FJFZ2C/ref=zg_bsnr_g_679425011_d_sccl_28/140-8606379-8659757?psc=1,"https://images-na.ssl-images-amazon.com/images/I/61B769rYVcL._AC_UL600_SR600,400_.jpg",44,排名进入前30；标题包含 comfort、summer，符合美国女鞋舒适化趋势。
2026-09-06,amazon_us,product,new_releases,New Releases Women Sandals,42,"SUITSER Womens Flip Flops with Arch Support, Yoga Mat Thong Sandals | Soft Fabric Straps, Lightweight Non Slip Sole, Comfortable Summer Sandals for Beach, Pool, Walking, Travel",,4.2,$8.99,,,,,,https://www.amazon.com/SUITSER-Womens-Flops-Support-Sandals/dp/B0GZSGC48Q/ref=zg_bsnr_g_679425011_d_sccl_42/147-7056708-1938302?psc=1,"https://images-na.ssl-images-amazon.com/images/I/71F1nHaut4L._AC_UL300_SR300,200_.jpg",44,排名进入前50；标题包含 comfort、arch support、soft、beach、summer，符合美国女鞋舒适化趋势；评分达到4.0以上。
2026-09-06,amazon_us,product,best_sellers,Best Sellers Women Sandals,18,Havaianas Women's Slim Square Solid Flip Flops | Beach Sandals,,4.1,$25.00,,,,,,https://www.amazon.com/Havaianas-Womens-Square-Solid-Medium/dp/B0BBPX6J6F/ref=zg_bs_g_679425011_d_sccl_18/147-7056708-1938302?psc=1,"https://images-na.ssl-images-amazon.com/images/I/519tF5UFGFL._AC_UL600_SR600,400_.jpg",42,排名进入前30；标题包含 beach，符合美国女鞋舒适化趋势；评分达到4.0以上。
2026-09-06,amazon_us,product,best_sellers,Best Sellers Women Sandals,44,"UBFEN Womens Hiking Sandals with Comfortable Arch Support | Lightweight, Adjustable Straps, Water Sandals for All-Day Wear, Beach, Vacation, Camping, Walking, Sport",,4.5,$49.99,,,,,,https://www.amazon.com/UBFEN-Sandals-Adjustable-Support-Vacation/dp/B0DQ7YQ2MD/ref=zg_bs_g_679425011_d_sccl_44/147-7056708-1938302?psc=1,"https://images-na.ssl-images-amazon.com/images/I/71kBI1vUNtL._AC_UL300_SR300,200_.jpg",42,排名进入前50；标题包含 comfort、arch support、beach，符合美国女鞋舒适化趋势；评分达到4.3以上。
2026-09-06,amazon_us,product,best_sellers,Best Sellers Women Sandals,46,"FITORY Womens Flat Sandals Fashion Slides with Soft Leather Slipper Summer | Dressy, Cute, Beach, Slip on, Comfortable, Wedding, Fancy, Casual, Comfy, Vacation",,4.3,$14.99,,,,,,https://www.amazon.com/FITORY-Sandals-Fashion-Leather-Slippers/dp/B0BN3GQFKN/ref=zg_bs_g_679425011_d_sccl_46/147-7056708-1938302?psc=1,"https://images-na.ssl-images-amazon.com/images/I/61cA2WpKDqL._AC_UL300_SR300,200_.jpg",42,排名进入前50；标题包含 comfort、soft、beach、summer，符合美国女鞋舒适化趋势；评分达到4.3以上。
2026-09-06,amazon_us,product,new_releases,New Releases Women Sandals,17,"VICKI·VICKI Women’s Raffia Slide Sandals, Low Heel Square Toe Open Toe Slip On Sandals for Women, Memory Foam Insole, Summer Vacation Casual Sandals",,4.1,$25.99,,,,,,https://www.amazon.com/VICKI%C2%B7VICKI-Womens-Raffia-Sandals-Vacation/dp/B0GJ4TC8SW/ref=zg_bsnr_g_679425011_d_sccl_17/140-8606379-8659757?psc=1,"https://images-na.ssl-images-amazon.com/images/I/71V+JB6FiUL._AC_UL600_SR600,400_.jpg",42,排名进入前30；标题包含 summer，符合美国女鞋舒适化趋势；评分达到4.0以上。
2026-09-06,amazon_us,product,new_releases,New Releases Women Sandals,29,GOUPSKY Women's Chunky Heel Mules Slip On Square Open Toe Mesh Sandals Summer Dressy Block Heeled Shoes for Vacation Party Wedding,,4.1,$39.98,,,,,,https://www.amazon.com/GOUPSKY-Chunky-Strappy-Sandals-Wedding/dp/B0H3KJZ83V/ref=zg_bsnr_g_679425011_d_sccl_29/140-8606379-8659757?psc=1,"https://images-na.ssl-images-amazon.com/images/I/61srW3HPThL._AC_UL600_SR600,400_.jpg",42,排名进入前30；标题包含 summer，符合美国女鞋舒适化趋势；评分达到4.0以上。
2026-09-06,amazon_us,product,new_releases,New Releases Women Sandals,33,"VIVASUN Flip Flops for Women with Arch Support Non-Slip Thong Sandals for Beach, Pool, Shower, Casual Summer Wear Comfortable Flip Flops",,4.1,$9.99,,,,,,https://www.amazon.com/VIVASUN-Support-Non-Slip-Sandals-Comfortable/dp/B0H3JMZ11X/ref=zg_bsnr_g_679425011_d_sccl_33/147-7056708-1938302?psc=1,"https://images-na.ssl-images-amazon.com/images/I/61u9FrNqQQL._AC_UL300_SR300,200_.jpg",42,排名进入前50；标题包含 comfort、arch support、beach、summer，符合美国女鞋舒适化趋势；评分达到4.0以上。
2026-09-06,amazon_us,product,search,women summer slippers,32,Dearfoams,¥129.53,4.3,Dearfoams,,,,,,https://www.amazon.com/Dearfoams-womens-Slipper-Dusty-Large/dp/B083VY1Q3M/ref=sr_1_26?dib=eyJ2IjoiMSJ9.eZQEUMTacA8IMNnsyu_bgb8oymj1JXVIM9EkXcf5UuJ10vaZZiwjsPuQ7mqpnKXTZZ00qHRNt3j33kRWI9xMufe2VAGQbU_x6wfO4t-74F3AyuqsHwuuSj9LobFJtWaEp4V90is4ecTlAE8Qa5c6lSseqxAPyup52sDzUWq7Y2aH7UMU_2vaB0ey5NHetzrLVejTIfsc_UM22HaZvw0EhxVdhBtxilopOFhsYSFhH79zabS4yDvot9hciPsxsZ-iBKjMGuyTLD_gfJCOQGYcpizgNx1xQSeMdrSok6xoQ0I.ymgE_3wEUNcm_92DFoskmXlQan_Zt5aRWHfx7OuEsEk&dib_tag=se&keywords=women+summer+slippers&qid=1788672589&sr=8-26,https://m.media-amazon.com/images/I/716X6dZXCuL._AC_UL320_.jpg,42,排名进入前50；价格处于人民币等值¥57.60-¥180.00黄金区间；评分达到4.3以上。
2026-09-06,amazon_us,product,search,women summer slippers,36,shevalues,¥71.93,4.4,shevalues,,,,,,https://www.amazon.com/shevalues-Shower-Rubber-Sandals-Comfortable/dp/B0B68G2D52/ref=sr_1_30?dib=eyJ2IjoiMSJ9.eZQEUMTacA8IMNnsyu_bgb8oymj1JXVIM9EkXcf5UuJ10vaZZiwjsPuQ7mqpnKXTZZ00qHRNt3j33kRWI9xMufe2VAGQbU_x6wfO4t-74F3AyuqsHwuuSj9LobFJtWaEp4V90is4ecTlAE8Qa5c6lSseqxAPyup52sDzUWq7Y2aH7UMU_2vaB0ey5NHetzrLVejTIfsc_UM22HaZvw0EhxVdhBtxilopOFhsYSFhH79zabS4yDvot9hciPsxsZ-iBKjMGuyTLD_gfJCOQGYcpizgNx1xQSeMdrSok6xoQ0I.ymgE_3wEUNcm_92DFoskmXlQan_Zt5aRWHfx7OuEsEk&dib_tag=se&keywords=women+summer+slippers&qid=1788672589&sr=8-30,https://m.media-amazon.com/images/I/61b4HXgBWfL._AC_UL320_.jpg,42,排名进入前50；价格处于人民币等值¥57.60-¥180.00黄金区间；评分达到4.3以上。
2026-09-06,amazon_us,product,search,women summer slippers,37,Evshine,¥71.93,4.4,Evshine,,,,,,https://www.amazon.com/Evshine-Slippers-Bedroom-Corduroy-Outdoor/dp/B0FFZ8GWMZ/ref=sr_1_31?dib=eyJ2IjoiMSJ9.eZQEUMTacA8IMNnsyu_bgb8oymj1JXVIM9EkXcf5UuJ10vaZZiwjsPuQ7mqpnKXTZZ00qHRNt3j33kRWI9xMufe2VAGQbU_x6wfO4t-74F3AyuqsHwuuSj9LobFJtWaEp4V90is4ecTlAE8Qa5c6lSseqxAPyup52sDzUWq7Y2aH7UMU_2vaB0ey5NHetzrLVejTIfsc_UM22HaZvw0EhxVdhBtxilopOFhsYSFhH79zabS4yDvot9hciPsxsZ-iBKjMGuyTLD_gfJCOQGYcpizgNx1xQSeMdrSok6xoQ0I.ymgE_3wEUNcm_92DFoskmXlQan_Zt5aRWHfx7OuEsEk&dib_tag=se&keywords=women+summer+slippers&qid=1788672589&sr=8-31,https://m.media-amazon.com/images/I/81L2e-mi2FL._AC_UL320_.jpg,42,排名进入前50；价格处于人民币等值¥57.60-¥180.00黄金区间；评分达到4.3以上。
2026-09-06,amazon_us,product,search,women summer slippers,39,EverFoams,¥107.93,4.3,EverFoams,,,,,,https://www.amazon.com/EverFoams-Slippers-Outdoor-Outsole-Vanilla/dp/B0DPZPQ4JW/ref=sr_1_33?dib=eyJ2IjoiMSJ9.eZQEUMTacA8IMNnsyu_bgb8oymj1JXVIM9EkXcf5UuJ10vaZZiwjsPuQ7mqpnKXTZZ00qHRNt3j33kRWI9xMufe2VAGQbU_x6wfO4t-74F3AyuqsHwuuSj9LobFJtWaEp4V90is4ecTlAE8Qa5c6lSseqxAPyup52sDzUWq7Y2aH7UMU_2vaB0ey5NHetzrLVejTIfsc_UM22HaZvw0EhxVdhBtxilopOFhsYSFhH79zabS4yDvot9hciPsxsZ-iBKjMGuyTLD_gfJCOQGYcpizgNx1xQSeMdrSok6xoQ0I.ymgE_3wEUNcm_92DFoskmXlQan_Zt5aRWHfx7OuEsEk&dib_tag=se&keywords=women+summer+slippers&qid=1788672589&sr=8-33,https://m.media-amazon.com/images/I/61-syU96aOL._AC_UL320_.jpg,42,排名进入前50；价格处于人民币等值¥57.60-¥180.00黄金区间；评分达到4.3以上。
2026-09-06,amazon_us,product,search,women summer slippers,48,FITORY,¥107.93,4.3,FITORY,,,,,,https://www.amazon.com/FITORY-Sandals-Fashion-Leather-Slippers/dp/B0BN3GQFKN/ref=sr_1_42?dib=eyJ2IjoiMSJ9.eZQEUMTacA8IMNnsyu_bgb8oymj1JXVIM9EkXcf5UuJ10vaZZiwjsPuQ7mqpnKXTZZ00qHRNt3j33kRWI9xMufe2VAGQbU_x6wfO4t-74F3AyuqsHwuuSj9LobFJtWaEp4V90is4ecTlAE8Qa5c6lSseqxAPyup52sDzUWq7Y2aH7UMU_2vaB0ey5NHetzrLVejTIfsc_UM22HaZvw0EhxVdhBtxilopOFhsYSFhH79zabS4yDvot9hciPsxsZ-iBKjMGuyTLD_gfJCOQGYcpizgNx1xQSeMdrSok6xoQ0I.ymgE_3wEUNcm_92DFoskmXlQan_Zt5aRWHfx7OuEsEk&dib_tag=se&keywords=women+summer+slippers&qid=1788672589&sr=8-42,https://m.media-amazon.com/images/I/61cA2WpKDqL._AC_UL320_.jpg,42,排名进入前50；价格处于人民币等值¥57.60-¥180.00黄金区间；评分达到4.3以上。
2026-09-06,amazon_us,product,search,women slides,33,BRONAX,¥172.73,4.3,BRONAX,,,,,,https://www.amazon.com/BRONAX-Slippers-Non-Slip-Cushioned-Comfortable/dp/B092QWSFY7/ref=sr_1_29?dib=eyJ2IjoiMSJ9.RrPumS3Ni8XWS9mPWZVEoF2rrmO2HJxKFXxFJoY_4heCqt4_CHH-xTRoK_CiKD_Pt7BsogWvOSZjNd8swvh9T07DZIIJci_CtKFjkUgFwHvwfFRBt-v79UhOClNVgWtQ2THvJsfW6TkcwJlOa3ae11k7JGPNYNkPCb6HfC_n3RwM5Fl2RcxkON-cnZVw0xMWUu28qJj72Cxd4RKUTbt3wMeXADjU1oPkIPNiP8GNOJGU9PTxU3DHmOZfi6lMw2wKIuvDLgAS0TtSnpOGVSEhGaF-hH5CVd_fCCItQDh-0mk.qgrS06vRsnoKq7lzn3aJV7yhFsLGM7aj6aZeBEh4b9c&dib_tag=se&keywords=women+slides&qid=1788672589&sr=8-29,https://m.media-amazon.com/images/I/71HU6hqqL+L._AC_UL320_.jpg,42,排名进入前50；价格处于人民币等值¥57.60-¥180.00黄金区间；评分达到4.3以上。
2026-09-06,amazon_us,product,search,women slides,35,EverFoams,¥154.73,4.4,EverFoams,,,,,,https://www.amazon.com/EverFoams-Womens-Slippers-Memory-Outdoor/dp/B0CLGNYKFR/ref=sr_1_31?dib=eyJ2IjoiMSJ9.RrPumS3Ni8XWS9mPWZVEoF2rrmO2HJxKFXxFJoY_4heCqt4_CHH-xTRoK_CiKD_Pt7BsogWvOSZjNd8swvh9T07DZIIJci_CtKFjkUgFwHvwfFRBt-v79UhOClNVgWtQ2THvJsfW6TkcwJlOa3ae11k7JGPNYNkPCb6HfC_n3RwM5Fl2RcxkON-cnZVw0xMWUu28qJj72Cxd4RKUTbt3wMeXADjU1oPkIPNiP8GNOJGU9PTxU3DHmOZfi6lMw2wKIuvDLgAS0TtSnpOGVSEhGaF-hH5CVd_fCCItQDh-0mk.qgrS06vRsnoKq7lzn3aJV7yhFsLGM7aj6aZeBEh4b9c&dib_tag=se&keywords=women+slides&qid=1788672589&sr=8-31,https://m.media-amazon.com/images/I/81rGYT3pkaL._AC_UL320_.jpg,42,排名进入前50；价格处于人民币等值¥57.60-¥180.00黄金区间；评分达到4.3以上。
2026-09-06,amazon_us,product,search,women slides,41,Spesoul,¥122.33,4.4,Spesoul,,,,,,https://www.amazon.com/Womens-Slippers-Indoor-Outdoor-Sandals/dp/B07Q1NHLZC/ref=sr_1_37?dib=eyJ2IjoiMSJ9.RrPumS3Ni8XWS9mPWZVEoF2rrmO2HJxKFXxFJoY_4heCqt4_CHH-xTRoK_CiKD_Pt7BsogWvOSZjNd8swvh9T07DZIIJci_CtKFjkUgFwHvwfFRBt-v79UhOClNVgWtQ2THvJsfW6TkcwJlOa3ae11k7JGPNYNkPCb6HfC_n3RwM5Fl2RcxkON-cnZVw0xMWUu28qJj72Cxd4RKUTbt3wMeXADjU1oPkIPNiP8GNOJGU9PTxU3DHmOZfi6lMw2wKIuvDLgAS0TtSnpOGVSEhGaF-hH5CVd_fCCItQDh-0mk.qgrS06vRsnoKq7lzn3aJV7yhFsLGM7aj6aZeBEh4b9c&dib_tag=se&keywords=women+slides&qid=1788672589&sr=8-37,https://m.media-amazon.com/images/I/7160g5DAKLL._AC_UL320_.jpg,42,排名进入前50；价格处于人民币等值¥57.60-¥180.00黄金区间；评分达到4.3以上。
2026-09-06,amazon_us,product,search,women slides,45,welltree,¥100.73,4.3,welltree,,,,,,https://www.amazon.com/welltree-Slippers-Non-Slip-Bathroom-Sandals/dp/B09JVKT6L8/ref=sr_1_41?dib=eyJ2IjoiMSJ9.RrPumS3Ni8XWS9mPWZVEoF2rrmO2HJxKFXxFJoY_4heCqt4_CHH-xTRoK_CiKD_Pt7BsogWvOSZjNd8swvh9T07DZIIJci_CtKFjkUgFwHvwfFRBt-v79UhOClNVgWtQ2THvJsfW6TkcwJlOa3ae11k7JGPNYNkPCb6HfC_n3RwM5Fl2RcxkON-cnZVw0xMWUu28qJj72Cxd4RKUTbt3wMeXADjU1oPkIPNiP8GNOJGU9PTxU3DHmOZfi6lMw2wKIuvDLgAS0TtSnpOGVSEhGaF-hH5CVd_fCCItQDh-0mk.qgrS06vRsnoKq7lzn3aJV7yhFsLGM7aj6aZeBEh4b9c&dib_tag=se&keywords=women+slides&qid=1788672589&sr=8-41,https://m.media-amazon.com/images/I/51gpb9lx2LL._AC_UL320_.jpg,42,排名进入前50；价格处于人民币等值¥57.60-¥180.00黄金区间；评分达到4.3以上。
2026-09-06,amazon_us,product,search,platform sandals women,20,Spring Step L'Artiste womens Caelana Spring Step L'Artiste womens Caelana,¥935.64,4.2,4.2,,,,,,https://sponsored-ads.amazon.com/clk/?_encoding=UTF8&p=eAFVUMuK01AYpg7qEMYLXcxA3VXsonCSk8wkTSpFcnMaek8zdejmcJpzkoamSZpzOh1cdOEzCO5cuhZ8BPeufBL1AQQ7In6rD77L__MJi-Nvv35-f1B9ZAazsdPzetfQcf16RW6eRjRLbtG46JI3UjdIizT2ghltnxre9mZ1DTWuz-KFwrjoeESPfUGBoqydi5oI5_em1uLYdIOu63vT6pnwkFC24nlRPbka-q49uhx6c9epfakIz-8UxCguwyUqaBnmKeYUJVmaZBQteFQV8Bq_zTMxzNe1Z2wBwhQzloTgkAEHJyjk-n2aoatpU2ULwJd0TQkI8zSlIU_yDNwo4O4YCHFJGChwknFagjDPOM248sLyzaGD7FG_79qBNxpOkTfse0MX9b2Zixx32gtG47omVODTTz_eff741ak9_lt5eKL-RIEQGmpL11Qdai1ZObqaOu0je2w3e9WXjmXaxWsPtMy9tTkgNvfWZOOF4cD8H3sr3luTvWX-IXHtxI7d20vTjWW8osqHivC-suS8YG1J2u124r-JpLiQ8E4ikgXtiaX580HwqiCoJKhIl6Ts8MaSYRSWKCEd2NgkpCO3dF1rKaoBG6zsyEADKlZVTYkMEJGIgAsZysCIDAJIS8PYMAz94lxpJB1csAYuadRR55ButwNWwt8OFbzt&v=c1&r=https%3A%2F%2Fwww.amazon.com%2Fgp%2Faw%2Fd%2FB0CQB6RZMT%3Fpd_rd_plhdr%3Dt%26hsa_cr_id%3D0%26qid%3D1788672590%26sr%3D1-6-5a5562f9-fdfd-4101-9f9d-d76aa9998432%26i%3Daps%26aref%3D5Z0euuMsr0&ref_=sbx__sbtcd2_asin_5_bkgd&pd_rd_w=NaXxF&content-id=amzn1.sym.90f77631-9599-4fe0-95f8-a40adfe1c762%3Aamzn1.sym.90f77631-9599-4fe0-95f8-a40adfe1c762&pf_rd_p=90f77631-9599-4fe0-95f8-a40adfe1c762&pf_rd_r=YA5S3VN3DT4APE2X3V4E&pd_rd_wg=0rP73&pd_rd_r=c273d544-d631-44e2-8691-8fff86ef471f,"https://m.media-amazon.com/images/I/810hVoH0sTL._AC_SR322,134_CB1169409_QL70_.jpg",42,排名进入前30；价格高于人民币等值¥288.00；评分达到4.0以上。
2026-09-06,amazon_us,product,search,platform sandals women,32,TIKVAW,¥115.13,4.3,TIKVAW,,,,,,https://www.amazon.com/TIKVAW-Support-Platform-Sandals-Adjustable/dp/B0C8TVJF3P/ref=sr_1_21?dib=eyJ2IjoiMSJ9.-sztLUvFGvhR_ekbbj8Xk7eQXS1HxoghTOoumRPrGKDqTQXy47jX1SoSwj7HppJOvG71UfJPOfc9EOUgk2pL3t8SLgyMrHm3FZjSjk6gPdGkxUsXZ-rCnuRecRaQuVqtYa3XPY5xzHagUmAp-WpTGlJPV2s2w5ca3W08rGoqmbQuEgoGycAQ_DyIPsDn-otC1PsHQ-VsjVYuHPMdJiGMGMz8jOb1OJ56jKBMCNfzhCiHK5LYlg1NlvARq73pYYqgWO3kLduGISKgG3ZNAYQjKRVV0kPSETxdTpo2DuJTYbM.uiMxBvPHJdrWjyjdxtjhDH0111ASvwknz3R3IPi4k58&dib_tag=se&keywords=platform+sandals+women&qid=1788672590&sr=8-21,https://m.media-amazon.com/images/I/71mwMI75T8L._AC_UL320_.jpg,42,排名进入前50；价格处于人民币等值¥57.60-¥180.00黄金区间；评分达到4.3以上。
2026-09-06,amazon_us,product,new_releases,New Releases Women Sandals,19,xhuoqdk Clear Jelly Kitten Heel Thong Sandals for Women Square Transparent Open Toe Slip‑On Slides Summer Casual Dress Heeled Flip‑Flops Beach Shoes,,,$16.99,,,,,,https://www.amazon.com/xhuoqdk-Transparent-Flip%E2%80%91Flops-Night%E2%80%91Out-Black/dp/B0HGRY25RF/ref=zg_bsnr_g_679425011_d_sccl_19/140-8606379-8659757?psc=1,"https://images-na.ssl-images-amazon.com/images/I/61SuQBu5UtL._AC_UL600_SR600,400_.jpg",41,排名进入前30；标题包含 beach、summer，符合美国女鞋舒适化趋势。
2026-09-06,amazon_us,product,best_sellers,Best Sellers Women Sandals,12,LULLASONG Women's Kitten Heels Sandals Square Open Toe Flip Flop Heels 1.8-2 Inch Heeled Sandals for Women,,4.0,$35.99,,,,,,https://www.amazon.com/LULLASONG-Womens-Kitten-Sandals-Square/dp/B0DCFSM597/ref=zg_bs_g_679425011_d_sccl_12/147-7056708-1938302?psc=1,"https://images-na.ssl-images-amazon.com/images/I/61aVZl7OhqL._AC_UL600_SR600,400_.jpg",39,排名进入前30；评分达到4.0以上。
2026-09-06,amazon_us,product,best_sellers,Best Sellers Women Sandals,23,PiePieBuy Women's Lace Up Heeled Sandals Square Flip Flop High Heels Strappy Party Shoes,,4.1,$34.99,,,,,,https://www.amazon.com/PiePieBuy-Womens-Kitten-Sandals-Square/dp/B09N3LZTJX/ref=zg_bs_g_679425011_d_sccl_23/147-7056708-1938302?psc=1,"https://images-na.ssl-images-amazon.com/images/I/61L4UgP8LlL._AC_UL600_SR600,400_.jpg",39,排名进入前30；评分达到4.0以上。
2026-09-06,amazon_us,product,new_releases,New Releases Women Sandals,25,CUSHIONAIRE Markie Chunky Block Heel Sandals for Women with Faux Wood Heel and Memory Foam,,4.2,$49.99,,,,,,https://www.amazon.com/CUSHIONAIRE-Markie-Chunky-Sandals-CHOCOLATE/dp/B0H7CRLX47/ref=zg_bsnr_g_679425011_d_sccl_25/140-8606379-8659757?psc=1,"https://images-na.ssl-images-amazon.com/images/I/81W1PcaRo-L._AC_UL600_SR600,400_.jpg",39,排名进入前30；评分达到4.0以上。
2026-09-06,amazon_us,product,new_releases,New Releases Women Sandals,35,Littleplum Women's Flat Sandals Arch Support Comfortable Slide Sandals Open Toe Orthotic Walking Sandals,,4.3,$29.99,,,,,,https://www.amazon.com/Littleplum-Sandals-Support-Orthotic-Comfortable/dp/B0GYNTBDDG/ref=zg_bsnr_g_679425011_d_sccl_35/147-7056708-1938302?psc=1,"https://images-na.ssl-images-amazon.com/images/I/81Q6+mUGA7L._AC_UL300_SR300,200_.jpg",39,排名进入前50；标题包含 comfort、arch support，符合美国女鞋舒适化趋势；评分达到4.3以上。
2026-09-06,amazon_us,product,search,women summer slippers,35,Garonne,¥115.13,4.2,Garonne,,,,,,https://www.amazon.com/Garonne-Slippers-Non-Slip-Bedroom-Outdoor/dp/B0F37BTNB5/ref=sr_1_29?dib=eyJ2IjoiMSJ9.eZQEUMTacA8IMNnsyu_bgb8oymj1JXVIM9EkXcf5UuJ10vaZZiwjsPuQ7mqpnKXTZZ00qHRNt3j33kRWI9xMufe2VAGQbU_x6wfO4t-74F3AyuqsHwuuSj9LobFJtWaEp4V90is4ecTlAE8Qa5c6lSseqxAPyup52sDzUWq7Y2aH7UMU_2vaB0ey5NHetzrLVejTIfsc_UM22HaZvw0EhxVdhBtxilopOFhsYSFhH79zabS4yDvot9hciPsxsZ-iBKjMGuyTLD_gfJCOQGYcpizgNx1xQSeMdrSok6xoQ0I.ymgE_3wEUNcm_92DFoskmXlQan_Zt5aRWHfx7OuEsEk&dib_tag=se&keywords=women+summer+slippers&qid=1788672589&sr=8-29,https://m.media-amazon.com/images/I/81JmkmTRcmL._AC_UL320_.jpg,39,排名进入前50；价格处于人民币等值¥57.60-¥180.00黄金区间；评分达到4.0以上。
2026-09-06,amazon_us,product,search,women summer slippers,41,Comwarm,¥86.33,4.2,Comwarm,,,,,,https://www.amazon.com/Sandals-Lightweight-Bathroom-Non-Slip-Slippers/dp/B099DTRKSL/ref=sr_1_35?dib=eyJ2IjoiMSJ9.eZQEUMTacA8IMNnsyu_bgb8oymj1JXVIM9EkXcf5UuJ10vaZZiwjsPuQ7mqpnKXTZZ00qHRNt3j33kRWI9xMufe2VAGQbU_x6wfO4t-74F3AyuqsHwuuSj9LobFJtWaEp4V90is4ecTlAE8Qa5c6lSseqxAPyup52sDzUWq7Y2aH7UMU_2vaB0ey5NHetzrLVejTIfsc_UM22HaZvw0EhxVdhBtxilopOFhsYSFhH79zabS4yDvot9hciPsxsZ-iBKjMGuyTLD_gfJCOQGYcpizgNx1xQSeMdrSok6xoQ0I.ymgE_3wEUNcm_92DFoskmXlQan_Zt5aRWHfx7OuEsEk&dib_tag=se&keywords=women+summer+slippers&qid=1788672589&sr=8-35,https://m.media-amazon.com/images/I/71outwcHwWL._AC_UL320_.jpg,39,排名进入前50；价格处于人民币等值¥57.60-¥180.00黄金区间；评分达到4.0以上。
2026-09-06,amazon_us,product,search,women summer slippers,42,isotoner,¥129.60,4.1,isotoner,,,,,,https://www.amazon.com/isotoner-Moisture-Wicking-Outdoor-Comfort/dp/B07N46CQ5X/ref=sr_1_36?dib=eyJ2IjoiMSJ9.eZQEUMTacA8IMNnsyu_bgb8oymj1JXVIM9EkXcf5UuJ10vaZZiwjsPuQ7mqpnKXTZZ00qHRNt3j33kRWI9xMufe2VAGQbU_x6wfO4t-74F3AyuqsHwuuSj9LobFJtWaEp4V90is4ecTlAE8Qa5c6lSseqxAPyup52sDzUWq7Y2aH7UMU_2vaB0ey5NHetzrLVejTIfsc_UM22HaZvw0EhxVdhBtxilopOFhsYSFhH79zabS4yDvot9hciPsxsZ-iBKjMGuyTLD_gfJCOQGYcpizgNx1xQSeMdrSok6xoQ0I.ymgE_3wEUNcm_92DFoskmXlQan_Zt5aRWHfx7OuEsEk&dib_tag=se&keywords=women+summer+slippers&qid=1788672589&sr=8-36,https://m.media-amazon.com/images/I/71ZM3S2w7-L._AC_UL320_.jpg,39,排名进入前50；价格处于人民币等值¥57.60-¥180.00黄金区间；评分达到4.0以上。
2026-09-06,amazon_us,product,search,women slides,42,Goosecret,¥136.73,4.2,Goosecret,,,,,,https://www.amazon.com/Goosecret-Platform-Lightweight-Comfortable-Adjustable/dp/B0CZ73TS2F/ref=sr_1_38?dib=eyJ2IjoiMSJ9.RrPumS3Ni8XWS9mPWZVEoF2rrmO2HJxKFXxFJoY_4heCqt4_CHH-xTRoK_CiKD_Pt7BsogWvOSZjNd8swvh9T07DZIIJci_CtKFjkUgFwHvwfFRBt-v79UhOClNVgWtQ2THvJsfW6TkcwJlOa3ae11k7JGPNYNkPCb6HfC_n3RwM5Fl2RcxkON-cnZVw0xMWUu28qJj72Cxd4RKUTbt3wMeXADjU1oPkIPNiP8GNOJGU9PTxU3DHmOZfi6lMw2wKIuvDLgAS0TtSnpOGVSEhGaF-hH5CVd_fCCItQDh-0mk.qgrS06vRsnoKq7lzn3aJV7yhFsLGM7aj6aZeBEh4b9c&dib_tag=se&keywords=women+slides&qid=1788672589&sr=8-38,https://m.media-amazon.com/images/I/71LGeq3MmbL._AC_UL320_.jpg,39,排名进入前50；价格处于人民币等值¥57.60-¥180.00黄金区间；评分达到4.0以上。
2026-09-06,amazon_us,product,search,platform sandals women,47,FUNKYMONKEY,¥151.13,4.1,FUNKYMONKEY,,,,,,https://www.amazon.com/FUNKYMONKEY-Thick-sole-Adjustable-Waterproof-Platform/dp/B0CX8JWVQP/ref=sr_1_36?dib=eyJ2IjoiMSJ9.-sztLUvFGvhR_ekbbj8Xk7eQXS1HxoghTOoumRPrGKDqTQXy47jX1SoSwj7HppJOvG71UfJPOfc9EOUgk2pL3t8SLgyMrHm3FZjSjk6gPdGkxUsXZ-rCnuRecRaQuVqtYa3XPY5xzHagUmAp-WpTGlJPV2s2w5ca3W08rGoqmbQuEgoGycAQ_DyIPsDn-otC1PsHQ-VsjVYuHPMdJiGMGMz8jOb1OJ56jKBMCNfzhCiHK5LYlg1NlvARq73pYYqgWO3kLduGISKgG3ZNAYQjKRVV0kPSETxdTpo2DuJTYbM.uiMxBvPHJdrWjyjdxtjhDH0111ASvwknz3R3IPi4k58&dib_tag=se&keywords=platform+sandals+women&qid=1788672590&sr=8-36,https://m.media-amazon.com/images/I/61gRcMpyJjL._AC_UL320_.jpg,39,排名进入前50；价格处于人民币等值¥57.60-¥180.00黄金区间；评分达到4.0以上。
2026-09-06,amazon_us,product,search,platform sandals women,16,Clarks Women's Breezerae Sun Clarks Women's Breezerae Sun,¥296.64,3.8,3.8,,,,,,https://sponsored-ads.amazon.com/clk/?_encoding=UTF8&p=eAFVUMtu00AUVaiAyioPZVGksAsii0oTj53asYMs5FcbkzRJYyetshlNPGPHimM7nklTsciCb0Bix5I1Ep_AnhVfAnwAEilCnNWRzuNeHWF--O3Xz-8Pqo_MYDpyel7vGjruuF6RTo4jmiW3aFR0yZXYDdIijb1gSjvHure5WV5DlWvTeC4z3nQ8osVjQYZNSW011Sac3fOt-aHpBl137PnVZ8JDQtmS50X1aDIYu_bwfODNXKf2pSK8uFMQo7gMF6igZZinmFOUZGmSUTTnUVXAK_w2z5phvqo9Z3MQppixJAT7DNg7QSHV79MMTfwThc0BX9AVJSDM05SGPMkzcCODu2MgxCVhoMBJxmkJwjzjNOPyS2tsDhxkD_t91w684cBH3qDvDVzU96Yucly_FwxHdVWowKeffrz7_PGrU3v8t3L_RP2JDCHUlbamKhpU25J8MPGdzoE9sk961VeOZdrFmQfa5s5a7xGbO-ty7YXhhfk_dla8sy53lvmHxLUjO3Zvz003lvCSyh8qwvvKgvOCdURxu902_00kxoWItyIRLXjW9aWWcvXmdUFQSVCRLkhp8MaCYRSWKCEGbKwTYkhtTVPbsqLDBisNCchAwYqiypEOIhIRcCpBCeiRTgBpqxjruq6dtuRGYuCCNXBJI0OZQbrZXLAS_gbycbyr&v=c1&r=https%3A%2F%2Fwww.amazon.com%2Fgp%2Faw%2Fd%2FB0FHS135WJ%3Fpd_rd_plhdr%3Dt%26hsa_cr_id%3D0%26qid%3D1788672590%26sr%3D1-2-5a5562f9-fdfd-4101-9f9d-d76aa9998432%26i%3Daps%26aref%3D5Z0euuMsr0&ref_=sbx__sbtcd2_asin_1_bkgd&pd_rd_w=NaXxF&content-id=amzn1.sym.90f77631-9599-4fe0-95f8-a40adfe1c762%3Aamzn1.sym.90f77631-9599-4fe0-95f8-a40adfe1c762&pf_rd_p=90f77631-9599-4fe0-95f8-a40adfe1c762&pf_rd_r=YA5S3VN3DT4APE2X3V4E&pd_rd_wg=0rP73&pd_rd_r=c273d544-d631-44e2-8691-8fff86ef471f,"https://m.media-amazon.com/images/I/711lu8cd44L._AC_SR322,134_CB1169409_QL70_.jpg",38,排名进入前30；价格高于人民币等值¥288.00。
2026-09-06,amazon_us,product,search,women slides,38,adidas,¥288.00,4.3,adidas,,,,,,https://www.amazon.com/adidas-Unisex-Adult-Adilette-Comfort-Auburn/dp/B0FWTX279V/ref=sr_1_34?dib=eyJ2IjoiMSJ9.RrPumS3Ni8XWS9mPWZVEoF2rrmO2HJxKFXxFJoY_4heCqt4_CHH-xTRoK_CiKD_Pt7BsogWvOSZjNd8swvh9T07DZIIJci_CtKFjkUgFwHvwfFRBt-v79UhOClNVgWtQ2THvJsfW6TkcwJlOa3ae11k7JGPNYNkPCb6HfC_n3RwM5Fl2RcxkON-cnZVw0xMWUu28qJj72Cxd4RKUTbt3wMeXADjU1oPkIPNiP8GNOJGU9PTxU3DHmOZfi6lMw2wKIuvDLgAS0TtSnpOGVSEhGaF-hH5CVd_fCCItQDh-0mk.qgrS06vRsnoKq7lzn3aJV7yhFsLGM7aj6aZeBEh4b9c&dib_tag=se&keywords=women+slides&qid=1788672589&sr=8-34,https://m.media-amazon.com/images/I/614x3gJbyxL._AC_UL320_.jpg,37,排名进入前50；价格处于人民币等值¥180.00-¥288.00区间；评分达到4.3以上。
2026-09-06,amazon_us,product,search,women slides,39,Tommy Hilfiger,¥215.78,4.4,Tommy Hilfiger,,,,,,https://www.amazon.com/Tommy-Hilfiger-Womens-Sandal-Glitter/dp/B07C9H2SMY/ref=sr_1_35?dib=eyJ2IjoiMSJ9.RrPumS3Ni8XWS9mPWZVEoF2rrmO2HJxKFXxFJoY_4heCqt4_CHH-xTRoK_CiKD_Pt7BsogWvOSZjNd8swvh9T07DZIIJci_CtKFjkUgFwHvwfFRBt-v79UhOClNVgWtQ2THvJsfW6TkcwJlOa3ae11k7JGPNYNkPCb6HfC_n3RwM5Fl2RcxkON-cnZVw0xMWUu28qJj72Cxd4RKUTbt3wMeXADjU1oPkIPNiP8GNOJGU9PTxU3DHmOZfi6lMw2wKIuvDLgAS0TtSnpOGVSEhGaF-hH5CVd_fCCItQDh-0mk.qgrS06vRsnoKq7lzn3aJV7yhFsLGM7aj6aZeBEh4b9c&dib_tag=se&keywords=women+slides&qid=1788672589&sr=8-35,https://m.media-amazon.com/images/I/61U+T6nQA-L._AC_UL320_.jpg,37,排名进入前50；价格处于人民币等值¥180.00-¥288.00区间；评分达到4.3以上。
2026-09-06,amazon_us,product,best_sellers,Best Sellers Women Sandals,33,KuaiLu Womens Fashion Orthotic Slides Arch Support Slip On Walking Sandals | Ladies Lightweight Athletic Yoga Mat Thick Cushion Slippers Sandals With Comfortable Plantar Fasciitis,,4.0,$25.99,,,,,,https://www.amazon.com/Orthotic-Lightweight-Athletic-Comfortable-Fasciitis/dp/B092ZVHTS4/ref=zg_bs_g_679425011_d_sccl_33/147-7056708-1938302?psc=1,"https://images-na.ssl-images-amazon.com/images/I/71FIt3eq-6L._AC_UL300_SR300,200_.jpg",36,排名进入前50；标题包含 comfort、arch support，符合美国女鞋舒适化趋势；评分达到4.0以上。
2026-09-06,amazon_us,product,best_sellers,Best Sellers Women Sandals,45,KuaiLu Casual Flip Flops for Women Lightweight Cushion Summer Beach Sandals | Comfortable Sport Walking Thong Shoes Pool Outfits Non-Slip Indoor Outdoor,,4.1,$23.98,,,,,,https://www.amazon.com/KuaiLu-Casual-Flops-Lightweight-Sandals/dp/B07C1YTWDF/ref=zg_bs_g_679425011_d_sccl_45/147-7056708-1938302?psc=1,"https://images-na.ssl-images-amazon.com/images/I/61TtgwlEaSL._AC_UL300_SR300,200_.jpg",36,排名进入前50；标题包含 comfort、beach、summer，符合美国女鞋舒适化趋势；评分达到4.0以上。
2026-09-06,amazon_us,product,best_sellers,Best Sellers Women Sandals,31,Rainbow Sandals Women’s Flirty Braidy Premier Leather w/Single Braided Strap,,4.6,$71.00,,,,,,https://www.amazon.com/Rainbow-Sandals-Womens-Flirty-6-5-7-5/dp/B014HJYWV2/ref=zg_bs_g_679425011_d_sccl_31/147-7056708-1938302?psc=1,"https://images-na.ssl-images-amazon.com/images/I/71B9WRizBDL._AC_UL300_SR300,200_.jpg",35,排名进入前50；评论数达到50以上；评分达到4.6以上。
2026-09-06,amazon_us,product,search,women summer slippers,33,Frykun,¥71.93,3.9,Frykun,,,,,,https://www.amazon.com/Frykun-Flops-Women-Support-Sandals/dp/B0GLGPRMX4/ref=sr_1_27?dib=eyJ2IjoiMSJ9.eZQEUMTacA8IMNnsyu_bgb8oymj1JXVIM9EkXcf5UuJ10vaZZiwjsPuQ7mqpnKXTZZ00qHRNt3j33kRWI9xMufe2VAGQbU_x6wfO4t-74F3AyuqsHwuuSj9LobFJtWaEp4V90is4ecTlAE8Qa5c6lSseqxAPyup52sDzUWq7Y2aH7UMU_2vaB0ey5NHetzrLVejTIfsc_UM22HaZvw0EhxVdhBtxilopOFhsYSFhH79zabS4yDvot9hciPsxsZ-iBKjMGuyTLD_gfJCOQGYcpizgNx1xQSeMdrSok6xoQ0I.ymgE_3wEUNcm_92DFoskmXlQan_Zt5aRWHfx7OuEsEk&dib_tag=se&keywords=women+summer+slippers&qid=1788672589&sr=8-27,https://m.media-amazon.com/images/I/71NYXs9bkGL._AC_UL320_.jpg,35,排名进入前50；价格处于人民币等值¥57.60-¥180.00黄金区间。
2026-09-06,amazon_us,product,search,women summer slippers,43,Dearfoams,¥194.40,4.2,Dearfoams,,,,,,https://www.amazon.com/Dearfoams-Womens-Melanie-Terry-Slipper/dp/B0CJ9NS5ZW/ref=sr_1_37?dib=eyJ2IjoiMSJ9.eZQEUMTacA8IMNnsyu_bgb8oymj1JXVIM9EkXcf5UuJ10vaZZiwjsPuQ7mqpnKXTZZ00qHRNt3j33kRWI9xMufe2VAGQbU_x6wfO4t-74F3AyuqsHwuuSj9LobFJtWaEp4V90is4ecTlAE8Qa5c6lSseqxAPyup52sDzUWq7Y2aH7UMU_2vaB0ey5NHetzrLVejTIfsc_UM22HaZvw0EhxVdhBtxilopOFhsYSFhH79zabS4yDvot9hciPsxsZ-iBKjMGuyTLD_gfJCOQGYcpizgNx1xQSeMdrSok6xoQ0I.ymgE_3wEUNcm_92DFoskmXlQan_Zt5aRWHfx7OuEsEk&dib_tag=se&keywords=women+summer+slippers&qid=1788672589&sr=8-37,https://m.media-amazon.com/images/I/71pY+l6k0SL._AC_UL320_.jpg,34,排名进入前50；价格处于人民币等值¥180.00-¥288.00区间；评分达到4.0以上。
2026-09-06,amazon_us,product,search,platform sandals women,35,Rocket Dog,¥189.86,4.2,Rocket Dog,,,,,,https://www.amazon.com/Rocket-Dog-Womens-Platform-Sandal/dp/B000W91BWU/ref=sr_1_24?dib=eyJ2IjoiMSJ9.-sztLUvFGvhR_ekbbj8Xk7eQXS1HxoghTOoumRPrGKDqTQXy47jX1SoSwj7HppJOvG71UfJPOfc9EOUgk2pL3t8SLgyMrHm3FZjSjk6gPdGkxUsXZ-rCnuRecRaQuVqtYa3XPY5xzHagUmAp-WpTGlJPV2s2w5ca3W08rGoqmbQuEgoGycAQ_DyIPsDn-otC1PsHQ-VsjVYuHPMdJiGMGMz8jOb1OJ56jKBMCNfzhCiHK5LYlg1NlvARq73pYYqgWO3kLduGISKgG3ZNAYQjKRVV0kPSETxdTpo2DuJTYbM.uiMxBvPHJdrWjyjdxtjhDH0111ASvwknz3R3IPi4k58&dib_tag=se&keywords=platform+sandals+women&qid=1788672590&sr=8-24,https://m.media-amazon.com/images/I/71kguy0F5cL._AC_UL320_.jpg,34,排名进入前50；价格处于人民币等值¥180.00-¥288.00区间；评分达到4.0以上。
2026-09-06,amazon_us,product,search,platform sandals women,37,YorFotMae,¥215.93,4.2,YorFotMae,,,,,,https://www.amazon.com/YorFotMae-Platform-Sandals-Footbed-Buckles%EF%BC%8C/dp/B0F9KJZ1XJ/ref=sr_1_26?dib=eyJ2IjoiMSJ9.-sztLUvFGvhR_ekbbj8Xk7eQXS1HxoghTOoumRPrGKDqTQXy47jX1SoSwj7HppJOvG71UfJPOfc9EOUgk2pL3t8SLgyMrHm3FZjSjk6gPdGkxUsXZ-rCnuRecRaQuVqtYa3XPY5xzHagUmAp-WpTGlJPV2s2w5ca3W08rGoqmbQuEgoGycAQ_DyIPsDn-otC1PsHQ-VsjVYuHPMdJiGMGMz8jOb1OJ56jKBMCNfzhCiHK5LYlg1NlvARq73pYYqgWO3kLduGISKgG3ZNAYQjKRVV0kPSETxdTpo2DuJTYbM.uiMxBvPHJdrWjyjdxtjhDH0111ASvwknz3R3IPi4k58&dib_tag=se&keywords=platform+sandals+women&qid=1788672590&sr=8-26,https://m.media-amazon.com/images/I/716H0att18L._AC_UL320_.jpg,34,排名进入前50；价格处于人民币等值¥180.00-¥288.00区间；评分达到4.0以上。
2026-09-06,amazon_us,product,search,platform sandals women,45,Accloris,¥287.86,4.1,Accloris,,,,,,https://www.amazon.com/Accloris-Platform-Comfortable-Lightweight-Beach-Ready/dp/B0G1YB2ZGH/ref=sr_1_34?dib=eyJ2IjoiMSJ9.-sztLUvFGvhR_ekbbj8Xk7eQXS1HxoghTOoumRPrGKDqTQXy47jX1SoSwj7HppJOvG71UfJPOfc9EOUgk2pL3t8SLgyMrHm3FZjSjk6gPdGkxUsXZ-rCnuRecRaQuVqtYa3XPY5xzHagUmAp-WpTGlJPV2s2w5ca3W08rGoqmbQuEgoGycAQ_DyIPsDn-otC1PsHQ-VsjVYuHPMdJiGMGMz8jOb1OJ56jKBMCNfzhCiHK5LYlg1NlvARq73pYYqgWO3kLduGISKgG3ZNAYQjKRVV0kPSETxdTpo2DuJTYbM.uiMxBvPHJdrWjyjdxtjhDH0111ASvwknz3R3IPi4k58&dib_tag=se&keywords=platform+sandals+women&qid=1788672590&sr=8-34,https://m.media-amazon.com/images/I/716qZhNTI0L._AC_UL320_.jpg,34,排名进入前50；价格处于人民币等值¥180.00-¥288.00区间；评分达到4.0以上。
2026-09-06,amazon_us,product,search,platform sandals women,50,DREAM PAIRS,¥201.53,4.0,DREAM PAIRS,,,,,,https://www.amazon.com/DREAM-PAIRS-Espadrilles-Comfortable-Adjustable/dp/B0FZRZNNV8/ref=sr_1_39?dib=eyJ2IjoiMSJ9.-sztLUvFGvhR_ekbbj8Xk7eQXS1HxoghTOoumRPrGKDqTQXy47jX1SoSwj7HppJOvG71UfJPOfc9EOUgk2pL3t8SLgyMrHm3FZjSjk6gPdGkxUsXZ-rCnuRecRaQuVqtYa3XPY5xzHagUmAp-WpTGlJPV2s2w5ca3W08rGoqmbQuEgoGycAQ_DyIPsDn-otC1PsHQ-VsjVYuHPMdJiGMGMz8jOb1OJ56jKBMCNfzhCiHK5LYlg1NlvARq73pYYqgWO3kLduGISKgG3ZNAYQjKRVV0kPSETxdTpo2DuJTYbM.uiMxBvPHJdrWjyjdxtjhDH0111ASvwknz3R3IPi4k58&dib_tag=se&keywords=platform+sandals+women&qid=1788672590&sr=8-39,https://m.media-amazon.com/images/I/71QL1LJYN3L._AC_UL320_.jpg,34,排名进入前50；价格处于人民币等值¥180.00-¥288.00区间；评分达到4.0以上。
2026-09-06,amazon_us,product,best_sellers,Best Sellers Women Sandals,36,PIZZ ANNU Women's Low Block Chunky Heels Sandals Comfortable Open Toe Ankle Strap Party Dress Pump Shoes Strappy Buckle Heeled Sandal with 2 Inches Tall Thick Heel Design,,4.4,$28.04,,,,,,https://www.amazon.com/PIZZ-ANNU-Sandals-Wedding-Glitter/dp/B0B465ZBH6/ref=zg_bs_g_679425011_d_sccl_36/147-7056708-1938302?psc=1,"https://images-na.ssl-images-amazon.com/images/I/71N1hjwzuWL._AC_UL300_SR300,200_.jpg",33,排名进入前50；标题包含 comfort，符合美国女鞋舒适化趋势；评分达到4.3以上。
2026-09-06,amazon_us,product,best_sellers,Best Sellers Women Sandals,41,"COASIS Women's Chunky Block Heels Open Toe Ankle Strap Heeled Sandals | 3.5"" High Heel, 3MM Latex Midsole, Non-Slip Rubber Sole, Comfortable Walking, Wedding, Work & Party Wear",,4.4,$26.99,,,,,,https://www.amazon.com/COASIS-Womens-Chunky-Sandal-Ankle/dp/B08SH9V6D9/ref=zg_bs_g_679425011_d_sccl_41/147-7056708-1938302?psc=1,"https://images-na.ssl-images-amazon.com/images/I/71s+ovTRKSL._AC_UL300_SR300,200_.jpg",33,排名进入前50；标题包含 comfort，符合美国女鞋舒适化趋势；评分达到4.3以上。
2026-09-06,amazon_us,product,new_releases,New Releases Women Sandals,31,DOBOLIN Rhinestone Heels 1.3 Inch Strappy Square Open Toe Heeled Sandals Slip on Sparkly Low Block Chunky Heels for Women Dressy Shoes Comfortable,,4.4,$33.99,,,,,,https://www.amazon.com/DOBOLIN-Rhinestone-Strappy-Sandals-Comfortable/dp/B0GWMJH2GW/ref=zg_bsnr_g_679425011_d_sccl_31/147-7056708-1938302?psc=1,"https://images-na.ssl-images-amazon.com/images/I/61rNnk31FgL._AC_UL300_SR300,200_.jpg",33,排名进入前50；标题包含 comfort，符合美国女鞋舒适化趋势；评分达到4.3以上。
2026-09-06,amazon_us,product,new_releases,New Releases Women Sandals,34,RIBONGZ Mule Kitten Heels for Women Dressy High Heeled Shoes Summer Square Open Toe Strappy Dress Sandals Backless Comfortable Mules Wedding Bridal Parties Office Vacation Casual Shoes,,4.1,$28.79,,,,,,https://www.amazon.com/RIBONGZ-White-Heels-Strappy-Stiletto/dp/B0H2VG19K6/ref=zg_bsnr_g_679425011_d_sccl_34/147-7056708-1938302?psc=1,"https://images-na.ssl-images-amazon.com/images/I/61XwKogg9BL._AC_UL300_SR300,200_.jpg",33,排名进入前50；标题包含 comfort、summer，符合美国女鞋舒适化趋势；评分达到4.0以上。
2026-09-06,amazon_us,product,new_releases,New Releases Women Sandals,41,"DOBOLIN 1.8 Inch Women's Heeled Sandals Low Block Womens Dress Shoes | Comfortable Short Chunky Heels Open Toe Ankle Strap Casual Pumps Shoes Wedding Party Office (Run Large, Size Half Down)",,4.3,$28.99,,,,,,https://www.amazon.com/DOBOLIN-Womens-Heeled-Sandals-Block/dp/B0GYD2C9XC/ref=zg_bsnr_g_679425011_d_sccl_41/147-7056708-1938302?psc=1,"https://images-na.ssl-images-amazon.com/images/I/61ITG6AOpoL._AC_UL300_SR300,200_.jpg",33,排名进入前50；标题包含 comfort，符合美国女鞋舒适化趋势；评分达到4.3以上。
2026-09-06,amazon_us,product,search,women slides,40,Michael Kors,¥428.40,4.6,Michael Kors,,,,,,https://www.amazon.com/Michael-Kors-Womens-Sandal-Vanilla/dp/B0CLPH9557/ref=sr_1_36?dib=eyJ2IjoiMSJ9.RrPumS3Ni8XWS9mPWZVEoF2rrmO2HJxKFXxFJoY_4heCqt4_CHH-xTRoK_CiKD_Pt7BsogWvOSZjNd8swvh9T07DZIIJci_CtKFjkUgFwHvwfFRBt-v79UhOClNVgWtQ2THvJsfW6TkcwJlOa3ae11k7JGPNYNkPCb6HfC_n3RwM5Fl2RcxkON-cnZVw0xMWUu28qJj72Cxd4RKUTbt3wMeXADjU1oPkIPNiP8GNOJGU9PTxU3DHmOZfi6lMw2wKIuvDLgAS0TtSnpOGVSEhGaF-hH5CVd_fCCItQDh-0mk.qgrS06vRsnoKq7lzn3aJV7yhFsLGM7aj6aZeBEh4b9c&dib_tag=se&keywords=women+slides&qid=1788672589&sr=8-36,https://m.media-amazon.com/images/I/61s2RS-TgKL._AC_UL320_.jpg,33,排名进入前50；价格高于人民币等值¥288.00；评分达到4.6以上。
2026-09-06,amazon_us,product,new_releases,New Releases Women Sandals,37,"NSZPD Women's Braided Slingback Sandals, Open Toe Chunky Block Heel Shoes, Summer Fashion Heels",,4.2,$59.99,,,,,,https://www.amazon.com/NSZPD-Braided-Slingback-Sandals-Fashion/dp/B0GX65HJ89/ref=zg_bsnr_g_679425011_d_sccl_37/147-7056708-1938302?psc=1,"https://images-na.ssl-images-amazon.com/images/I/51tAHeB-cOL._AC_UL300_SR300,200_.jpg",32,排名进入前50；评论数达到50以上；标题包含 summer，符合美国女鞋舒适化趋势；评分达到4.0以上。
2026-09-06,amazon_us,product,new_releases,New Releases Women Sandals,45,Clmhoe Suede Zebra High Heeled Sandals for Women Open Peep Toe Mules Slip On Stiletto Slides Casual Wedding Comfortable Pumps Shoes,,3.9,$54.99,,,,,,https://www.amazon.com/Clmhoe-Sandals-Stiletto-Wedding-Comfortable/dp/B0HCCJG13Z/ref=zg_bsnr_g_679425011_d_sccl_45/147-7056708-1938302?psc=1,"https://images-na.ssl-images-amazon.com/images/I/71mcbmHWhmL._AC_UL300_SR300,200_.jpg",31,排名进入前50；评论数达到50以上；标题包含 comfort，符合美国女鞋舒适化趋势。
2026-09-06,amazon_us,product,best_sellers,Best Sellers Women Sandals,34,"mysoft Women's Chunky Heels Open Toe Dress Sandals with Ankle Strap | Block Low Prom Heel, Adjustable Ankle Strap, Perfect for Wedding and Party, Four Seasons Classic Versatile",,4.4,$29.05,,,,,,https://www.amazon.com/mysoft-Womens-Chunky-Wedding-Sandals/dp/B09K7CVXBF/ref=zg_bs_g_679425011_d_sccl_34/147-7056708-1938302?psc=1,"https://images-na.ssl-images-amazon.com/images/I/71HF26BPH3L._AC_UL300_SR300,200_.jpg",30,排名进入前50；标题包含 soft，符合美国女鞋舒适化趋势；评分达到4.3以上。
2026-09-06,amazon_us,product,new_releases,New Releases Women Sandals,44,IDIFU Womens Strappy Heels Low Chunky Block Square Open Toe Heeled Sandals | IN3 Slingback Short Small Thick Adjustable Ankle Strap Heels Wedding Prom Bridal Office Party Dressy Dress Shoes for Women,,4.7,$30.99,,,,,,https://www.amazon.com/IDIFU-Womens-Strappy-Chunky-Sandals/dp/B0GZMYWMHN/ref=zg_bsnr_g_679425011_d_sccl_44/147-7056708-1938302?psc=1,"https://images-na.ssl-images-amazon.com/images/I/71JL-3WxW1L._AC_UL300_SR300,200_.jpg",30,排名进入前50；评分达到4.6以上。
2026-09-06,amazon_us,product,search,women slides,43,OOFOS,¥431.64,4.4,OOFOS,,,,,,https://www.amazon.com/OOFOS-Womens-Unisex-Slide-Sandal/dp/B01L9XP1V4/ref=sr_1_39?dib=eyJ2IjoiMSJ9.RrPumS3Ni8XWS9mPWZVEoF2rrmO2HJxKFXxFJoY_4heCqt4_CHH-xTRoK_CiKD_Pt7BsogWvOSZjNd8swvh9T07DZIIJci_CtKFjkUgFwHvwfFRBt-v79UhOClNVgWtQ2THvJsfW6TkcwJlOa3ae11k7JGPNYNkPCb6HfC_n3RwM5Fl2RcxkON-cnZVw0xMWUu28qJj72Cxd4RKUTbt3wMeXADjU1oPkIPNiP8GNOJGU9PTxU3DHmOZfi6lMw2wKIuvDLgAS0TtSnpOGVSEhGaF-hH5CVd_fCCItQDh-0mk.qgrS06vRsnoKq7lzn3aJV7yhFsLGM7aj6aZeBEh4b9c&dib_tag=se&keywords=women+slides&qid=1788672589&sr=8-39,https://m.media-amazon.com/images/I/519Avbo2jAL._AC_UL320_.jpg,30,排名进入前50；价格高于人民币等值¥288.00；评分达到4.3以上。
2026-09-06,amazon_us,product,search,women slides,47,Coach,¥410.40,4.4,Coach,,,,,,https://www.amazon.com/COACH-CDF08-Bay-Slide/dp/B0FWTHM6TV/ref=sr_1_43?dib=eyJ2IjoiMSJ9.RrPumS3Ni8XWS9mPWZVEoF2rrmO2HJxKFXxFJoY_4heCqt4_CHH-xTRoK_CiKD_Pt7BsogWvOSZjNd8swvh9T07DZIIJci_CtKFjkUgFwHvwfFRBt-v79UhOClNVgWtQ2THvJsfW6TkcwJlOa3ae11k7JGPNYNkPCb6HfC_n3RwM5Fl2RcxkON-cnZVw0xMWUu28qJj72Cxd4RKUTbt3wMeXADjU1oPkIPNiP8GNOJGU9PTxU3DHmOZfi6lMw2wKIuvDLgAS0TtSnpOGVSEhGaF-hH5CVd_fCCItQDh-0mk.qgrS06vRsnoKq7lzn3aJV7yhFsLGM7aj6aZeBEh4b9c&dib_tag=se&keywords=women+slides&qid=1788672589&sr=8-43,https://m.media-amazon.com/images/I/71MWfYRhzkL._AC_UL320_.jpg,30,排名进入前50；价格高于人民币等值¥288.00；评分达到4.3以上。
2026-09-06,amazon_us,product,search,platform sandals women,31,HEYDUDE,¥296.93,4.4,HEYDUDE,,,,,,https://www.amazon.com/HEYDUDE-Womens-Austin-Classic-Cognac/dp/B0F7NWHTF1/ref=sr_1_20?dib=eyJ2IjoiMSJ9.-sztLUvFGvhR_ekbbj8Xk7eQXS1HxoghTOoumRPrGKDqTQXy47jX1SoSwj7HppJOvG71UfJPOfc9EOUgk2pL3t8SLgyMrHm3FZjSjk6gPdGkxUsXZ-rCnuRecRaQuVqtYa3XPY5xzHagUmAp-WpTGlJPV2s2w5ca3W08rGoqmbQuEgoGycAQ_DyIPsDn-otC1PsHQ-VsjVYuHPMdJiGMGMz8jOb1OJ56jKBMCNfzhCiHK5LYlg1NlvARq73pYYqgWO3kLduGISKgG3ZNAYQjKRVV0kPSETxdTpo2DuJTYbM.uiMxBvPHJdrWjyjdxtjhDH0111ASvwknz3R3IPi4k58&dib_tag=se&keywords=platform+sandals+women&qid=1788672590&sr=8-20,https://m.media-amazon.com/images/I/71+OUCJdJzL._AC_UL320_.jpg,30,排名进入前50；价格高于人民币等值¥288.00；评分达到4.3以上。
2026-09-06,amazon_us,product,search,platform sandals women,40,Crocs,¥359.64,4.5,Crocs,,,,,,https://www.amazon.com/Crocs-Womens-Brooklyn-Cashew-Medium/dp/B0FKTLNH1L/ref=sr_1_29?dib=eyJ2IjoiMSJ9.-sztLUvFGvhR_ekbbj8Xk7eQXS1HxoghTOoumRPrGKDqTQXy47jX1SoSwj7HppJOvG71UfJPOfc9EOUgk2pL3t8SLgyMrHm3FZjSjk6gPdGkxUsXZ-rCnuRecRaQuVqtYa3XPY5xzHagUmAp-WpTGlJPV2s2w5ca3W08rGoqmbQuEgoGycAQ_DyIPsDn-otC1PsHQ-VsjVYuHPMdJiGMGMz8jOb1OJ56jKBMCNfzhCiHK5LYlg1NlvARq73pYYqgWO3kLduGISKgG3ZNAYQjKRVV0kPSETxdTpo2DuJTYbM.uiMxBvPHJdrWjyjdxtjhDH0111ASvwknz3R3IPi4k58&dib_tag=se&keywords=platform+sandals+women&qid=1788672590&sr=8-29,https://m.media-amazon.com/images/I/71q74-BOFGL._AC_UL320_.jpg,30,排名进入前50；价格高于人民币等值¥288.00；评分达到4.3以上。
2026-09-06,amazon_us,product,best_sellers,Best Sellers Women Sandals,35,"Amazon Essentials Women's Two Strap Heeled Sandals with Adjustable Ankle Strap, Padded Memory Foam Insole",,4.4,$27.10,,,,,,https://www.amazon.com/Amazon-Essentials-Womens-Nola-Heeled/dp/B08LPVFHDY/ref=zg_bs_g_679425011_d_sccl_35/147-7056708-1938302?psc=1,"https://images-na.ssl-images-amazon.com/images/I/71gXk60IUaL._AC_UL300_SR300,200_.jpg",27,排名进入前50；评分达到4.3以上。
2026-09-06,amazon_us,product,best_sellers,Best Sellers Women Sandals,38,Havaianas Women's Slim Sandals | Casual Sandals,,4.5,$29.00,,,,,,https://www.amazon.com/Havaianas-Womens-Slim-Sandal-Black/dp/B000NBGN0W/ref=zg_bs_g_679425011_d_sccl_38/147-7056708-1938302?psc=1,"https://images-na.ssl-images-amazon.com/images/I/61JHkRJJEFL._AC_UL300_SR300,200_.jpg",27,排名进入前50；评分达到4.3以上。
2026-09-06,amazon_us,product,best_sellers,Best Sellers Women Sandals,43,"CUSHIONAIRE Java Casual Womens Jelly Flats with Adjustable Strap, Closed Toe Mary Janes Mule Design, Waterproof Jelly Sandals for Women",,4.3,$34.99,,,,,,https://www.amazon.com/CUSHIONAIRE-Adjustable-Waterproof-Sandals-Chocolate/dp/B0H4MLLC32/ref=zg_bs_g_679425011_d_sccl_43/147-7056708-1938302?psc=1,"https://images-na.ssl-images-amazon.com/images/I/81iCqxPUX6L._AC_UL300_SR300,200_.jpg",27,排名进入前50；评分达到4.3以上。
2026-09-06,amazon_us,product,new_releases,New Releases Women Sandals,32,Caradise Jelly Mule Kitten Heel Sandals for Women Summer Jelly Shoes,,4.0,$49.99,,,,,,https://www.amazon.com/Caradise-Jelly-Kitten-Sandals-Summer/dp/B0H5PS94HR/ref=zg_bsnr_g_679425011_d_sccl_32/147-7056708-1938302?psc=1,"https://images-na.ssl-images-amazon.com/images/I/61d7nKBBrgL._AC_UL300_SR300,200_.jpg",27,排名进入前50；标题包含 summer，符合美国女鞋舒适化趋势；评分达到4.0以上。
2026-09-06,amazon_us,product,new_releases,New Releases Women Sandals,38,"Athlefit Chunky Block Heels for Women Open Toe Ankle Strap Heeled Sandals | PU Leather Upper, 2-Inch Block Heel, Metal Chain Detail, Cushioned Footbed, TPR Outsole, Dress, Wedding, Party, Prom, Evening",,4.3,$49.99,,,,,,https://www.amazon.com/Athlefit-Black-Block-Heels-Sandals/dp/B0GL8HKLPS/ref=zg_bsnr_g_679425011_d_sccl_38/147-7056708-1938302?psc=1,"https://images-na.ssl-images-amazon.com/images/I/71jPtbfgSrL._AC_UL300_SR300,200_.jpg",27,排名进入前50；评分达到4.3以上。
2026-09-06,amazon_us,product,search,platform sandals women,38,Aerosoles,¥359.93,4.2,Aerosoles,,,,,,https://www.amazon.com/Aerosoles-Womens-CAMILIA-Heeled-Natural/dp/B0CTKDTBST/ref=sr_1_27?dib=eyJ2IjoiMSJ9.-sztLUvFGvhR_ekbbj8Xk7eQXS1HxoghTOoumRPrGKDqTQXy47jX1SoSwj7HppJOvG71UfJPOfc9EOUgk2pL3t8SLgyMrHm3FZjSjk6gPdGkxUsXZ-rCnuRecRaQuVqtYa3XPY5xzHagUmAp-WpTGlJPV2s2w5ca3W08rGoqmbQuEgoGycAQ_DyIPsDn-otC1PsHQ-VsjVYuHPMdJiGMGMz8jOb1OJ56jKBMCNfzhCiHK5LYlg1NlvARq73pYYqgWO3kLduGISKgG3ZNAYQjKRVV0kPSETxdTpo2DuJTYbM.uiMxBvPHJdrWjyjdxtjhDH0111ASvwknz3R3IPi4k58&dib_tag=se&keywords=platform+sandals+women&qid=1788672590&sr=8-27,https://m.media-amazon.com/images/I/71bCv2s89xL._AC_UL320_.jpg,27,排名进入前50；价格高于人民币等值¥288.00；评分达到4.0以上。
2026-09-06,amazon_us,product,best_sellers,Best Sellers Women Sandals,37,Mindeeryy Thong Sandals Kitten Heels Square Toe Flip Flops | Slip On Heels for Women Kitten Heel Sandals Low Heel 2.4 Inch for Casual,,4.0,$24.30,,,,,,https://www.amazon.com/Mindeeryy-Sandals-Kitten-Square-Casual/dp/B0FCRDGLFG/ref=zg_bs_g_679425011_d_sccl_37/147-7056708-1938302?psc=1,"https://images-na.ssl-images-amazon.com/images/I/61huhY2r7vL._AC_UL300_SR300,200_.jpg",24,排名进入前50；评分达到4.0以上。
2026-09-06,amazon_us,product,new_releases,New Releases Women Sandals,39,"JOY IN LOVE Kitten Heels for Women Open Toe Sandals | 2.5“ Low Heel, Square Toe, Ankle Strap, Party, Wedding, Dress Shoes",,4.0,$37.99,,,,,,https://www.amazon.com/JOY-LOVE-Kitten-Sandals-Patent/dp/B0HGDS2N3W/ref=zg_bsnr_g_679425011_d_sccl_39/147-7056708-1938302?psc=1,"https://images-na.ssl-images-amazon.com/images/I/61H5FTYwqbL._AC_UL300_SR300,200_.jpg",24,排名进入前50；评分达到4.0以上。
