date,source,data_type,list_type,keyword,rank,title,price,rating,review_count,likes,comments,views,published_at,competition_count,product_url,image_url,hot_score,reason
2026-08-04,amazon_us,product,search,women summer slippers,12,Women's Orthopedic Summer Slippers with Arch Support for Plantar Fasciitis,¥129.74,4.3,1K+ bought in past month,,,,,,https://www.amazon.com/shevalues-Summer-Slippers-Support-Breathable/dp/B0BK8PN8CL/ref=sr_1_4?dib=eyJ2IjoiMSJ9.3B_wBrVg1UMy5tWehIloEqh3GcRQaYuBAiGuYjezoF8Dm6sY8g4v-VR8VGlcZDhfZZ00qHRNt3j33kRWI9xMudg3niaoteu6WzqDMjqIMDCIAkwfAR6ukf09NdIy2nDTCvqsDV8IODBh7K-bnu4KrD2voxBG0Ud3U_gVdMWwdgphp0szPxsaL-IeMDgKntnAd3BKyjDgFgIPwi12ChR2zlKFMIrMsmh2XgGZnf0Gt97YeBSjYEfuLzL8GLBq0hsXJaNoyAovo0umacq4nRmSwyCfm_9RcHedEiSDNkfpcf8.J1zRt4aXGFwXAolNFfpIyLdSwJHStNCahtFtcWaNSAA&dib_tag=se&keywords=women+summer+slippers&qid=1785816716&sr=8-4,https://m.media-amazon.com/images/I/71wQ2tOj0+L._AC_UL320_.jpg,100,排名进入前30；评论数达到1000以上；价格处于人民币等值¥57.60-¥180.00黄金区间；标题包含 orthopedic、arch support、summer，符合美国女鞋舒适化趋势；orthopedic + arch support组合趋势加分；评分达到4.3以上。
2026-08-04,amazon_us,product,search,platform sandals women,18,"UBFEN Womens Espadrille Platform Sandals Low Wedge Orthopedic Arch Support | Cushion Insole, Comfortable Dressy Buckle Sandals for Walking and Vacation, Low Heel, Adjustable Strap UBFEN Womens Espadrille Platform Sandals Low Wedge Orthopedic Arch Support | Cushion Insole, Comfortable…",¥287.93,4.6,4.6,,,,,,https://sponsored-ads.amazon.com/clk/?_encoding=UTF8&p=eAFVT1tr01AApg51hE2lDxPqWwd5qJwkJ2tulSC5rZayrU0bnX0JJzknF5cmWc7ZMnzoL3AvIvg7xH8g6JtP_iHBTsTv6YPvxsdFu7c_v_960N23lq9n7nQyPZdcz-934OAgIWV-E5J3z90lRhlpbWcSBVejA-A6U394rF7pmrucnXuJkKLV3OdkSVAUAR4J0urewo52LW_5yvMni-5T7iEm9IJVdXcvOPU952x8Oll5bu9Dhzu8U0JKUBNnYU2auCoQI2FeFnlJwoglXQ6t0fuqFOJq3XtGIxAXiNI8BtsM2DpBDfv3SRkGi4FCI8AysiYYxFVRkJjlVQmuZXA3BmLUYApqlJeMNCCuSkZK1le5jvTk45evP26_ub1Hf73b9v5jWZIkA0IFakMValDeCRbuaMeZOYNp94VrW059PAGatbEvt0itjT2vonTsWP9jY6cbe76xrT8k7e05qXcztrz0enpC5M8d7lMnY6ymI1Fs21b4911MaxG1IhZtaay-9VV3pr-scdjgsC4y3JiMzygK4ybMsSnxlzk2oaYrOlQ1qPG0MSGAQEGKosqJARKcYDCEEgRGYmCANRUhwzD04ZHM5yaqKY8akpjzC8MITqzk7M1vVjavLg&v=c1&r=https%3A%2F%2Fwww.amazon.com%2Fgp%2Faw%2Fd%2FB0G6YR6DP8%3Fpd_rd_plhdr%3Dt%26hsa_cr_id%3D0%26qid%3D1785816717%26sr%3D1-1-5a5562f9-fdfd-4101-9f9d-d76aa9998432%26i%3Daps%26aref%3DQk99UMAfOW&ref_=sbx__sbtcd2_asin_0_bkgd&pd_rd_w=cNBdB&content-id=amzn1.sym.90f77631-9599-4fe0-95f8-a40adfe1c762%3Aamzn1.sym.90f77631-9599-4fe0-95f8-a40adfe1c762&pf_rd_p=90f77631-9599-4fe0-95f8-a40adfe1c762&pf_rd_r=81QPZEW1PMFTS2N3N4RZ&pd_rd_wg=nR9er&pd_rd_r=3a231ca3-d8c4-41d5-99db-8ebaa42db7c1,"https://m.media-amazon.com/images/I/71Cs5sEmDeL._AC_SR322,134_CB1169409_QL70_.jpg",100,排名进入前30；价格处于人民币等值¥180.00-¥288.00区间；标题包含 platform、orthopedic、comfort、arch support、wedge，符合美国女鞋舒适化趋势；platform + comfort组合趋势加分；orthopedic + arch support组合趋势加分；评分达到4.6以上。
2026-08-04,amazon_us,product,search,platform sandals women,19,"UBFEN Womens Platform Wedge Sandals Orthopedic Arch Support | Espadrille Slides, Comfortable Cushioned, Dressy for Summer Walking, Beach Vacation UBFEN Womens Platform Wedge Sandals Orthopedic Arch Support | Espadrille Slides, Comfortable Cushio…",¥287.93,4.6,4.6,,,,,,https://sponsored-ads.amazon.com/clk/?_encoding=UTF8&p=eAFVT8tq1FAAZSzaEqqWLCqMuxFmMXKT3HSSTEaC5NUxjG3nFZ3OJtzk3jxsJklzb5viYr7AbkTwO8Q_EHTnyh8SnIp4VgfOi8OFe7c_v_96wD80F28mztgbLyXHnXVasHcYkyK7Cci7584Co5Q0lu2F_tXwEDj2eNY_Vq8GmrOYLN1YSNBqOuNkSVAUAR4J0ure3Ar3THfxyp15c_4Jt4sJvWBlxe_7pzPXPhudeivXaX9occ_ulIASVEdpUJE6KnPESJAVeVaQIGQxz6E1el8WQlSu209pCKIcUZpFYJsBWyeoYOc-KQJ_3lNoCFhK1gSDqMxzErGsLMC1DO7GQIRqTEGFsoKRGkRlwUjBOirXkg4-fvn64_ab037017tt7zyWJUnSIVSg1lehBuUdf-4Md-yJ3RvzLxzLtKtjD2jmxrrcIjE31rQMk5Ft_o-NlWys6cYy_5CkvW8n7s3IdJPr8QmRP7e4T62UsYoORbFpGuHfdzGpRNSIWLSkkXq-Wp6_dl5WOKhxUOUprg3WTSkKojrIsCF1LzNsQG2gDKCqQa1LawMCGShIUVQ51kGMYwz6UIJAj3UMsKYipOv6oH8kdzMDVbSLahIb0wtd90_M-Oztb3USr3Y&v=c1&r=https%3A%2F%2Fwww.amazon.com%2Fgp%2Faw%2Fd%2FB0G6YZXYLD%3Fpd_rd_plhdr%3Dt%26hsa_cr_id%3D0%26qid%3D1785816717%26sr%3D1-2-5a5562f9-fdfd-4101-9f9d-d76aa9998432%26i%3Daps%26aref%3DQk99UMAfOW&ref_=sbx__sbtcd2_asin_1_bkgd&pd_rd_w=cNBdB&content-id=amzn1.sym.90f77631-9599-4fe0-95f8-a40adfe1c762%3Aamzn1.sym.90f77631-9599-4fe0-95f8-a40adfe1c762&pf_rd_p=90f77631-9599-4fe0-95f8-a40adfe1c762&pf_rd_r=81QPZEW1PMFTS2N3N4RZ&pd_rd_wg=nR9er&pd_rd_r=3a231ca3-d8c4-41d5-99db-8ebaa42db7c1,"https://m.media-amazon.com/images/I/71LWkfwnDvL._AC_SR322,134_CB1169409_QL70_.jpg",100,排名进入前30；价格处于人民币等值¥180.00-¥288.00区间；标题包含 platform、orthopedic、comfort、arch support、beach、summer、wedge，符合美国女鞋舒适化趋势；platform + comfort组合趋势加分；orthopedic + arch support组合趋势加分；评分达到4.6以上。
2026-08-04,amazon_us,product,search,platform sandals women,22,"UBFEN Womens Platform Sandals Low Wedge Espadrille Orthopedic Arch Support | Cushion Insole, Adjustable Back Strap, Dressy, Comfortable, Lightweight, Walking Sandals for Vacation UBFEN Womens Platform Sandals Low Wedge Espadrille Orthopedic Arch Support | Cushion Insole, Adj…",¥287.86,4.6,4.6,,,,,,https://sponsored-ads.amazon.com/clk/?_encoding=UTF8&p=eAFVT1tr01AApo7pCPNCHjaobxX6UDlJTtYkTUeQ3Fa7uq1NWjf6Ek5yTi4uTbKcs3X4kF_gXkTwd4j_QNA3n_xDgp2I39MH342PC3fufn7_9ZB_bM7fTp3JeHIhOa7XacHeXkyK7DYg7146c4xSsrbscbi4Hu4Bx554_SP1eqA58-mFGwsJWs48TpYERRHggSAtH_hWuGO689euN_b5fe4RJvSSlRW_uzj1XPtsdDpeuk77Q4t7ca8ElKA6SoOK1FGZI0aCrMizggQhi3kOrdD7shCictV-TkMQ5YjSLAKbDNg4QQU726QIFn5PoSFgKVkRDKIyz0nEsrIANzK4HwMRqjEFFcoKRmoQlQUjBeuoXEt69vHL1x9335z2k7_eTXvnqSxJkg6hArW-CjUoby18Z7hlT-3ehD90LNOujsZAMxvraoPEbKxZGSYj2_wfjZU01qyxzD8kae_aiXs7Mt3kZnJC5M8t7lMrZayiQ1Fcr9fCv-9iUoloLWLRkkbHvvzmWDl_VeGgxkGVp7g2WDelKIjqIMOG1L3KsAG1gTKAqga1Lq0NCBSgIEVR5VgHMY4x6EMJAj3WMcCaipCu64P-gdzNDFTRLqpJbMwudX1xYsZn578BXRuvQA&v=c1&r=https%3A%2F%2Fwww.amazon.com%2Fgp%2Faw%2Fd%2FB0GJS2LJ5W%3Fpd_rd_plhdr%3Dt%26hsa_cr_id%3D0%26qid%3D1785816717%26sr%3D1-5-5a5562f9-fdfd-4101-9f9d-d76aa9998432%26i%3Daps%26aref%3DQk99UMAfOW&ref_=sbx__sbtcd2_asin_4_bkgd&pd_rd_w=cNBdB&content-id=amzn1.sym.90f77631-9599-4fe0-95f8-a40adfe1c762%3Aamzn1.sym.90f77631-9599-4fe0-95f8-a40adfe1c762&pf_rd_p=90f77631-9599-4fe0-95f8-a40adfe1c762&pf_rd_r=81QPZEW1PMFTS2N3N4RZ&pd_rd_wg=nR9er&pd_rd_r=3a231ca3-d8c4-41d5-99db-8ebaa42db7c1,"https://m.media-amazon.com/images/I/81mta1Mp3vL._AC_SR322,134_CB1169409_QL70_.jpg",100,排名进入前30；价格处于人民币等值¥180.00-¥288.00区间；标题包含 platform、orthopedic、comfort、arch support、wedge，符合美国女鞋舒适化趋势；platform + comfort组合趋势加分；orthopedic + arch support组合趋势加分；评分达到4.6以上。
2026-08-04,amazon_us,product,search,women summer slippers,18,Cloud Slide Sandals for Women Men Ultra Comfort Recovery Slippers,¥71.93,4.3,3K+ bought in past month,,,,,,https://www.amazon.com/Sandals-Lightweight-Bathroom-Non-Slip-Slippers/dp/B099DTRKSL/ref=sr_1_10?dib=eyJ2IjoiMSJ9.3B_wBrVg1UMy5tWehIloEqh3GcRQaYuBAiGuYjezoF8Dm6sY8g4v-VR8VGlcZDhfZZ00qHRNt3j33kRWI9xMudg3niaoteu6WzqDMjqIMDCIAkwfAR6ukf09NdIy2nDTCvqsDV8IODBh7K-bnu4KrD2voxBG0Ud3U_gVdMWwdgphp0szPxsaL-IeMDgKntnAd3BKyjDgFgIPwi12ChR2zlKFMIrMsmh2XgGZnf0Gt97YeBSjYEfuLzL8GLBq0hsXJaNoyAovo0umacq4nRmSwyCfm_9RcHedEiSDNkfpcf8.J1zRt4aXGFwXAolNFfpIyLdSwJHStNCahtFtcWaNSAA&dib_tag=se&keywords=women+summer+slippers&qid=1785816716&sr=8-10,https://m.media-amazon.com/images/I/71uNAZpAhiL._AC_UL320_.jpg,97,排名进入前30；评论数达到1000以上；价格处于人民币等值¥57.60-¥180.00黄金区间；标题包含 cloud、recovery、comfort，符合美国女鞋舒适化趋势；评分达到4.3以上。
2026-08-04,amazon_us,product,best_sellers,Best Sellers Women Sandals,10,OOFOS OOahh Recovery Slide - Women’s and Men’s,¥431.64,4.4,"32,986",,,,,,https://www.amazon.com/OOFOS-Unisex-Ooahh-Slide-Sandal/dp/B00BRC4L14/ref=zg_bs_g_679425011_d_sccl_10/133-1636655-0107931?psc=1,"https://images-na.ssl-images-amazon.com/images/I/51xksaC-aaL._AC_UL600_SR600,400_.jpg",88,排名靠前；评论数高；价格高于人民币等值¥288.00；标题包含 recovery，符合美国女鞋舒适化趋势；评分达到4.3以上。
2026-08-04,amazon_us,product,search,women slides,14,"JUYETOA Kids Cloud Slides for Boys & Girls, Super Soft & Comfy Beach Pool Slippers, Non-Slip Waterproof Shower Sandals for Toddlers & Kids JUYETOA Kids Cloud Slides for Boys & Girls, Super Soft & Comfy Beach Pool Slippers, Non-Slip Waterproof Shower Sandals for Toddlers & Kids",¥172.73,4.6,4.6,,,,,,https://sponsored-ads.amazon.com/clk/?_encoding=UTF8&p=eAFVT8uK01AApQ7qEMYHXYxQdxW6KNzk3mTSNJUieU2bZqzTp0424ebemzQ0TTK5YVpc9ANEd4I7f8MvcKdu_Bp3gh0Rz-rAeXGE8PjD968_79UfGPPlpe253htoO9NmDbVPI5Ylu8BlZI6WmyFaR-bac73eqXKhXWl0dz7yy1G4fq2I4yEfT6aCDEVVFZEiQv_OzAyPDWc-dKburP5EuE8ZX1d5UT9ZjKeO9Wowdn3HbryvCc9ulYAzXJJVULCS5CmuWJBkaZKxIKyiuoA3-G2eiSTfNJ7yEJAUc54QcMiAgxMUqHmXZcFi1lZ5CKoV2zAKSJ6mjFRJnoEbGdyOAYJLykGBk6xiJSB5VrGsanaEGnz87sevb5-_2I2Hf72H9uYjBUKoaVDRZYhk2JGPFjO7d2RdWm2v_tw2Das4d4Fm7M3rA2Jjb07yMB5Yxv_Ym_HenOxN4w-JGydW7OwGhhPfeC-Z_KkmfKytqqrgPUnabrfiv-9SXEh4K1HJhNZyOfb9kf-ioEFJgyJd0bJftVYcB6QMEtqHreuE9pHWVbuooyGtxcs-AgioWFU7cqSDiEYUnCGIgB7pFFCtg7Gu690zRW4lfVzwFi5Z1CfU8C5mFkG73yansD0&v=c1&r=https%3A%2F%2Fwww.amazon.com%2Fgp%2Faw%2Fd%2FB0CVVNZZJZ%3Fpd_rd_plhdr%3Dt%26hsa_cr_id%3D0%26qid%3D1785816717%26sr%3D1-1-5a5562f9-fdfd-4101-9f9d-d76aa9998432%26i%3Daps%26aref%3DcdAKLSCc1x&ref_=sbx__sbtcd2_asin_0_bkgd&pd_rd_w=OjXqr&content-id=amzn1.sym.90f77631-9599-4fe0-95f8-a40adfe1c762%3Aamzn1.sym.90f77631-9599-4fe0-95f8-a40adfe1c762&pf_rd_p=90f77631-9599-4fe0-95f8-a40adfe1c762&pf_rd_r=Y7YQEVC6QQQD7VY90GY9&pd_rd_wg=yI5zc&pd_rd_r=37469c67-2452-4aed-8be4-e87bf069c9af,"https://m.media-amazon.com/images/I/51BnoLqHhEL._AC_SR322,134_CB1169409_QL70_.jpg",84,排名进入前30；价格处于人民币等值¥57.60-¥180.00黄金区间；标题包含 cloud、soft、beach，符合美国女鞋舒适化趋势；cloud + slides组合趋势加分；评分达到4.6以上。
2026-08-04,amazon_us,product,search,women slides,15,"JUYETOA Kids Cloud Slides for Boys & Girls, Super Soft & Comfy Beach Pool Slippers, Non-Slip Waterproof Shower Sandals for Toddlers & Kids JUYETOA Kids Cloud Slides for Boys & Girls, Super Soft & Comfy Beach Pool Slippers, Non-Slip Waterproof Shower Sandals for Toddlers & Kids",¥128.45,4.6,4.6,,,,,,https://sponsored-ads.amazon.com/clk/?_encoding=UTF8&p=eAFVT8uK01AApQ7qEMYHXYxQdxW6KNzk3mSSNJUieU2byVj71ukm3Nx7k4amSSY3TIuLfoDoTnDnb_gF7tSNX-NOsCPiWR04L44QHn_4_vXnvfoDc7YYOb7nv4GOO2nWUPs0YlmyCzxGZmixGaB1ZK19z--eKpf6lU535xfL8iJcv1bE4YAPxxNBhqKqikgR4fLO1AqPTXc2cCfetP5EuE8ZX1d5UT-ZDyeu_ao_9Jau03hfE57dKgFnuCSroGAlyVNcsSDJ0iRjQVhFdQFv8Ns8E0m-aTzlISAp5jwh4JABBycoUPMuy4L5tK3yEFQrtmEUkDxNGamSPAM3MrgdAwSXlIMCJ1nFSkDyrGJZ1dSEGnz87sevb5-_OI2Hf72H9uYjBUKo61AxZIhkqMlH86nTPbJHdtuvP3cs0y7OPaCbe-v6gNjcW-M8jPu2-T_2Vry3xnvL_EPixokdu7u-6cY3_ksmf6oJH2urqip4V5K2263477sUFxLeSlSyoL1YjIaWrb0oaFDSoEhXtOxVrRXHASmDhPZg6zqhPaR31A7SdKS3eNlDQAYqVlVNjgwQ0YiCMwQRMCKDAqprGBuG0TlT5FbSwwVv4ZJFPUJN_3JqE7T7DQYUr_E&v=c1&r=https%3A%2F%2Fwww.amazon.com%2Fgp%2Faw%2Fd%2FB0CVVPNBC6%3Fpd_rd_plhdr%3Dt%26hsa_cr_id%3D0%26qid%3D1785816717%26sr%3D1-2-5a5562f9-fdfd-4101-9f9d-d76aa9998432%26i%3Daps%26aref%3DcdAKLSCc1x&ref_=sbx__sbtcd2_asin_1_bkgd&pd_rd_w=OjXqr&content-id=amzn1.sym.90f77631-9599-4fe0-95f8-a40adfe1c762%3Aamzn1.sym.90f77631-9599-4fe0-95f8-a40adfe1c762&pf_rd_p=90f77631-9599-4fe0-95f8-a40adfe1c762&pf_rd_r=Y7YQEVC6QQQD7VY90GY9&pd_rd_wg=yI5zc&pd_rd_r=37469c67-2452-4aed-8be4-e87bf069c9af,"https://m.media-amazon.com/images/I/61Qy2X3Em0L._AC_SR322,134_CB1169409_QL70_.jpg",84,排名进入前30；价格处于人民币等值¥57.60-¥180.00黄金区间；标题包含 cloud、soft、beach，符合美国女鞋舒适化趋势；cloud + slides组合趋势加分；评分达到4.6以上。
2026-08-04,amazon_us,product,new_releases,New Releases Women Sandals,5,Project Cloud Platform Sandals Women Memory Foam Flip Flops (ELEVATION) | Durable and Lightweight Non-Slip Sole Summer Thong Sandals - Platform Flip Flops for Women Everyday Comfort Daily.,,4.1,$39.90,,,,,,https://www.amazon.com/Project-Cloud-Platform-Sandals-ELEVATION/dp/B0GTZM2X7L/ref=zg_bsnr_g_679425011_d_sccl_5/143-6740310-6939560?psc=1,"https://images-na.ssl-images-amazon.com/images/I/61E9Kh8oh9L._AC_UL600_SR600,400_.jpg",79,排名靠前；标题包含 cloud、platform、comfort、summer，符合美国女鞋舒适化趋势；platform + comfort组合趋势加分；评分达到4.0以上。
2026-08-04,amazon_us,product,best_sellers,Best Sellers Women Sandals,21,"shevalues Orthopedic Sandals for Women, Arch Support Recovery Flip Flops | Orthotic Pillow Soft Summer Beach Shoes, Comfortable for Plantar Fasciitis",,4.3,$18.99,,,,,,https://www.amazon.com/Orthotic-Pillow-Recovery-Sandals-Support/dp/B09LC836QG/ref=zg_bs_g_679425011_d_sccl_21/133-1636655-0107931?psc=1,"https://images-na.ssl-images-amazon.com/images/I/61o9ArJVVsL._AC_UL600_SR600,400_.jpg",77,排名进入前30；标题包含 recovery、orthopedic、comfort、arch support、soft、beach、summer，符合美国女鞋舒适化趋势；orthopedic + arch support组合趋势加分；评分达到4.3以上。
2026-08-04,amazon_us,product,search,platform sandals women,20,UBFEN Womens Platform Sandals With Arch Support Comfy Walking Wedge Crisscross Band Summer Casual UBFEN Womens Platform Sandals With Arch Support Comfy Walking Wedge Crisscross Band Summer Ca…,¥143.64,4.4,4.4,,,,,,https://sponsored-ads.amazon.com/clk/?_encoding=UTF8&p=eAFVT8lq20AARQ1tg0gXfEjAvbngg8tIGtmSLBdRtMUxJokXKUl9ESPNaGlkSdFMotCDv6C5lEK_o_QPCu2tp_5QoU4pfacHb-Px4e7dz--_HrWemN7ZzJlOpheS4y46HOztx6TIbgPy7pXjYZSSxrInoX892geOPV0MDtXroeZ4sws3FhK0mi94WRIURYB9QVo9WFrhrul6R-5ismwd8I8xoZesrFp7_snCtU_HJ5OV67Q_cPzLeyWgBNVRGlSkjsocMRJkRZ4VJAhZ3OLRGr0vCyEq1-0XNARRjijNIrDNgK0TVLDzkBSBv-wpNAQsJWuCQVTmOYlYVhbgRgb3YyBCNaagQlnBSA2ismCkYB2V56TnH798_XH3zWk__evdtneeyZIk6RAqUBuoUIPyjr90Rjv2zO5NW68dy7SrwwnQzI11tUVibqx5GSZj2_wfGyvZWPONZf4hSXvPTtzbsekmN9NjIn_m-E9cylhFR6LYNI3w77uYVCJqRCxa0vjIe3u2PJ-_qXBQ46DKU1wbrJtSFER1kGFD6l5l2IDaUBlCVYNal9YGBH2gIEVR5VgHMY4xGEAJAj3WMcCaipCu68NBX-5mBqpoF9UkNuaXuu4fm_Hp-W-BZq-T&v=c1&r=https%3A%2F%2Fwww.amazon.com%2Fgp%2Faw%2Fd%2FB0GHTYVSWQ%3Fpd_rd_plhdr%3Dt%26hsa_cr_id%3D0%26qid%3D1785816717%26sr%3D1-3-5a5562f9-fdfd-4101-9f9d-d76aa9998432%26i%3Daps%26aref%3DQk99UMAfOW&ref_=sbx__sbtcd2_asin_2_bkgd&pd_rd_w=cNBdB&content-id=amzn1.sym.90f77631-9599-4fe0-95f8-a40adfe1c762%3Aamzn1.sym.90f77631-9599-4fe0-95f8-a40adfe1c762&pf_rd_p=90f77631-9599-4fe0-95f8-a40adfe1c762&pf_rd_r=81QPZEW1PMFTS2N3N4RZ&pd_rd_wg=nR9er&pd_rd_r=3a231ca3-d8c4-41d5-99db-8ebaa42db7c1,"https://m.media-amazon.com/images/I/71-57TQ9MzL._AC_SR322,134_CB1169409_QL70_.jpg",77,排名进入前30；价格处于人民币等值¥57.60-¥180.00黄金区间；标题包含 platform、arch support、summer、wedge，符合美国女鞋舒适化趋势；评分达到4.3以上。
2026-08-04,amazon_us,product,best_sellers,Best Sellers Women Sandals,3,Project Cloud 100% Genuine Leather Womens Sandals Slides for Women (Venita) | Cork Footbed Sandals for Women with Memory Foam and Arch Support Vacation Essentials Slides Women Footwear Flat Sandals,,4.3,$32.90,,,,,,https://www.amazon.com/Project-Cloud-Comfortable-Essentials-Vacation/dp/B0CNY8BFWN/ref=zg_bs_g_679425011_d_sccl_3/133-1636655-0107931?psc=1,"https://images-na.ssl-images-amazon.com/images/I/71Zk8CZeYSL._AC_UL600_SR600,400_.jpg",76,排名靠前；标题包含 cloud、arch support，符合美国女鞋舒适化趋势；cloud + slides组合趋势加分；评分达到4.3以上。
2026-08-04,amazon_us,product,new_releases,New Releases Women Sandals,30,IDIFU IN4 Wedge Sandals for Women Platform Wedge Heels Square Open Toe Dressy Wedges Comfortable Summer Beach Vacation Sandals,,4.7,$29.98,,,,,,https://www.amazon.com/IDIFU-Sandals-Platform-Comfortable-Vacation/dp/B0GYMVX2H6/ref=zg_bsnr_g_679425011_d_sccl_30/143-6740310-6939560?psc=1,"https://images-na.ssl-images-amazon.com/images/I/719EIhFHc7L._AC_UL600_SR600,400_.jpg",75,排名进入前30；标题包含 platform、comfort、beach、summer、wedge，符合美国女鞋舒适化趋势；platform + comfort组合趋势加分；评分达到4.6以上。
2026-08-04,amazon_us,product,search,platform sandals women,17,Women's Suede Platform Wedge Heel Slide Sandals Y2K Round Open Toe One Strap Slip-On Heeled Sandals Stylish Comfortable Daily Casual Summer Slippers,¥237.53,3.9,"Price, product page $32.99 $ 32 . 99",,,,,,https://www.amazon.com/NBZKBNG-Platform-Sandals-Comfortable-Slippers/dp/B0FXRQXXLG/ref=sr_1_9?dib=eyJ2IjoiMSJ9.b40a7B90wYxMAM79Sxswy6XAeUi2HtYaPiXC2PoRpg4MTcuHZurxulQfXbE53VLfiSy-aEKse_3MDr2xUlKoesTBC15kg5Sl-4PPtuPBD7ZT6dJWh2c8PbmZldu81hycYa3XPY5xzHagUmAp-WpTGoOf-5ANh4bMX2-PQOj0B30hElaU_9lK_uGrAfuWGMi7Ih6pOIr71z0QvbampNH7o-AhWVkqv1BSLvjsWBIZQ5yxxEuk5cLt_C3ekCUB7nh207lOaRhUrYYuechi_PklDMqwbAEppfiUT9UzapDVsjU.7rrigk9krEfemB3hc8FMpIWoAImhet_6zwzXJM5A4i4&dib_tag=se&keywords=platform+sandals+women&qid=1785816717&sr=8-9,https://m.media-amazon.com/images/I/61psKHoQPtL._AC_UL320_.jpg,75,排名进入前30；价格处于人民币等值¥180.00-¥288.00区间；标题包含 platform、comfort、summer、wedge，符合美国女鞋舒适化趋势；platform + comfort组合趋势加分。
2026-08-04,amazon_us,product,best_sellers,Best Sellers Women Sandals,8,"Joomra Pillow Slippers for Women and Men Thick Sole Ultra Cushion Slides | Cloud-Like Sole, Quick Drying Shower Shoes, Soft Open Toe Indoor Outdoor Sandals",,4.3,$23.99,,,,,,https://www.amazon.com/Joomra-Slippers-Massage-Bathroom-Platform/dp/B09652VJP1/ref=zg_bs_g_679425011_d_sccl_8/133-1636655-0107931?psc=1,"https://images-na.ssl-images-amazon.com/images/I/71pkhgTTRXL._AC_UL600_SR600,400_.jpg",73,排名靠前；标题包含 cloud、soft，符合美国女鞋舒适化趋势；cloud + slides组合趋势加分；评分达到4.3以上。
2026-08-04,amazon_us,product,best_sellers,Best Sellers Women Sandals,26,"Comwarm Cloud Slide Sandals for Women Men Ultra Comfort Recovery Slippers | Soft Summer Beach Shoes with Low Arch Support, Non-Slip Lightweight Pillow Slides",,4.3,$9.99,,,,,,https://www.amazon.com/Sandals-Lightweight-Bathroom-Non-Slip-Slippers/dp/B099DTRKSL/ref=zg_bs_g_679425011_d_sccl_26/133-1636655-0107931?psc=1,"https://images-na.ssl-images-amazon.com/images/I/71uNAZpAhiL._AC_UL600_SR600,400_.jpg",72,排名进入前30；标题包含 cloud、recovery、comfort、arch support、soft、beach、summer，符合美国女鞋舒适化趋势；cloud + slides组合趋势加分；评分达到4.3以上。
2026-08-04,amazon_us,product,best_sellers,Best Sellers Women Sandals,30,Project Cloud Platform Sandals for Women Strappy Wedges Plush Insole 2026 | Comfortable and Lightweight Fashion Wedge Sandals for Women - Non-Slip Sole with Adjustable Strap for Every Occasions,,4.3,$39.90,,,,,,https://www.amazon.com/Project-Cloud-Platform-Sandals-Footwear/dp/B0DR3N7LYW/ref=zg_bs_g_679425011_d_sccl_30/133-1636655-0107931?psc=1,"https://images-na.ssl-images-amazon.com/images/I/71lJvDGljyL._AC_UL600_SR600,400_.jpg",72,排名进入前30；标题包含 cloud、platform、comfort、wedge，符合美国女鞋舒适化趋势；platform + comfort组合趋势加分；评分达到4.3以上。
2026-08-04,amazon_us,product,search,women slides,9,Womens Beach Sandals Slip On Non Slip Pool Lightweight Slides,¥165.53,4.2,50+ bought in past month,,,,,,https://www.amazon.com/sspa/click?ie=UTF8&spc=MTo0MzE5MDQ3ODU4ODQ3MzAwOjE3ODU4MTY3MTc6c3Bfc2VhcmNoX3RoZW1hdGljOjMwMTMxMzIxOTg3NDYwMjo6MDo6&url=%2FSaDuck-Womens-Sandals-Lightweight-Slides%2Fdp%2FB0GVKJKBY2%2Fref%3Dsxin_18_pa_sp_search_thematic_sspa%3Fcontent-id%3Damzn1.sym.44acafb9-9a42-418c-a96e-4e3ed427e46e%253Aamzn1.sym.44acafb9-9a42-418c-a96e-4e3ed427e46e%26cv_ct_cx%3Dwomen%2Bslides%26keywords%3Dwomen%2Bslides%26pd_rd_i%3DB0GVKJKBY2%26pd_rd_r%3D37469c67-2452-4aed-8be4-e87bf069c9af%26pd_rd_w%3DdG9nj%26pd_rd_wg%3DyI5zc%26pf_rd_p%3D44acafb9-9a42-418c-a96e-4e3ed427e46e%26pf_rd_r%3DY7YQEVC6QQQD7VY90GY9%26qid%3D1785816717%26sbo%3DRZvfv%252F%252FHxDF%252BO5021pAnSA%253D%253D%26sr%3D1-1-4a82bf2c-99de-49d4-8c6e-1b9c06d4b176-spons%26aref%3D4CzMXzcyk2%26sp_csd%3Dd2lkZ2V0TmFtZT1zcF9zZWFyY2hfdGhlbWF0aWM%26psc%3D1&aref=4CzMXzcyk2,https://m.media-amazon.com/images/I/81l2HkRZdOL._AC_UL320_.jpg,72,排名靠前；评论数达到50以上；价格处于人民币等值¥57.60-¥180.00黄金区间；标题包含 beach，符合美国女鞋舒适化趋势；评分达到4.0以上。
2026-08-04,amazon_us,product,search,platform sandals women,32,"Women's Platform Clogs Sandals Cork Footbed with Comfort Double Buckles, Summer Platform Slides Mules, Summer Beach Comfort Wide Widths Availab",¥215.93,4.4,200+ bought in past month,,,,,,https://www.amazon.com/BiuYorBTY-Platform-Sandals-Footbed-Comfort/dp/B0DZ1NT6L9/ref=sr_1_15?dib=eyJ2IjoiMSJ9.b40a7B90wYxMAM79Sxswy6XAeUi2HtYaPiXC2PoRpg4MTcuHZurxulQfXbE53VLfiSy-aEKse_3MDr2xUlKoesTBC15kg5Sl-4PPtuPBD7ZT6dJWh2c8PbmZldu81hycYa3XPY5xzHagUmAp-WpTGoOf-5ANh4bMX2-PQOj0B30hElaU_9lK_uGrAfuWGMi7Ih6pOIr71z0QvbampNH7o-AhWVkqv1BSLvjsWBIZQ5yxxEuk5cLt_C3ekCUB7nh207lOaRhUrYYuechi_PklDMqwbAEppfiUT9UzapDVsjU.7rrigk9krEfemB3hc8FMpIWoAImhet_6zwzXJM5A4i4&dib_tag=se&keywords=platform+sandals+women&qid=1785816717&sr=8-15,https://m.media-amazon.com/images/I/716g0SFJuTL._AC_UL320_.jpg,72,排名进入前50；评论数达到50以上；价格处于人民币等值¥180.00-¥288.00区间；标题包含 platform、comfort、beach、summer，符合美国女鞋舒适化趋势；platform + comfort组合趋势加分；评分达到4.3以上。
2026-08-04,amazon_us,product,search,platform sandals women,21,UBFEN Womens Chunky Wedge Platform Sandals Adjustable Double-Strap Square | Toed Open-Toe Style Suitable for Outdoor Casual Wear UBFEN Womens Chunky Wedge Platform Sandals Adjustable Double-Strap Square | Toed Open-Toe Sty…,¥107.93,4.6,4.6,,,,,,https://sponsored-ads.amazon.com/clk/?_encoding=UTF8&p=eAFVT8uK01AApQ7qEMYHXYxQdxW6qNwkN9MkTSVIXhNLmJk2bbV2E25ybx5OmmRy70wGF_kCZyOC3yH-gaA7V_6QYEfEszpwXhwu3L_5-f3Xve4DY_l6ZntTby3ajt_vwOFhTIrsOiDvnttLjFLSmNY0XF1ODoFtef7oWLkcq_ZytnZiPkGbuc9JIi_LPDzixc2dhRnuG87yleNPF90n3H1M6Dkrq-7B6tR3rDP3dLpx7N6HDvfsVgkoQXWUBhWpozJHjARZkWcFCUIWdzm0Re_Lgo_Kbe8pDUGUI0qzCOwyYOcEFezfJUWwWgxlGgKWki3BICrznEQsKwtwJYHbMRChGlNQoaxgpAZRWTBSsL7CdcTHH798_XHzze49_OvdtfcfSaIoahDKUB0pUIXS3mphT_asmTX0ui9s07Cq4ylQjda82CExWnNeholrGf-jNZPWnLem8YckvQMrca5dw0muvBMife5wnzopYxWdCELTNPy_70JSCagRsGCKrv1WGrtr72WFgxoHVZ7iWmeDlKIgqoMM6-LgIsM6VMfyGCoqVAe01iEYARnJsiLFGohxjMEIihBosYYBVhWENE0bj46kQaajig5QTWJ9fq5pqxMjPnvzG1y6rz8&v=c1&r=https%3A%2F%2Fwww.amazon.com%2Fgp%2Faw%2Fd%2FB0GDY28GXK%3Fpd_rd_plhdr%3Dt%26hsa_cr_id%3D0%26qid%3D1785816717%26sr%3D1-4-5a5562f9-fdfd-4101-9f9d-d76aa9998432%26i%3Daps%26aref%3DQk99UMAfOW&ref_=sbx__sbtcd2_asin_3_bkgd&pd_rd_w=cNBdB&content-id=amzn1.sym.90f77631-9599-4fe0-95f8-a40adfe1c762%3Aamzn1.sym.90f77631-9599-4fe0-95f8-a40adfe1c762&pf_rd_p=90f77631-9599-4fe0-95f8-a40adfe1c762&pf_rd_r=81QPZEW1PMFTS2N3N4RZ&pd_rd_wg=nR9er&pd_rd_r=3a231ca3-d8c4-41d5-99db-8ebaa42db7c1,"https://m.media-amazon.com/images/I/61M8szgUVaL._AC_SR322,134_CB1169409_QL70_.jpg",71,排名进入前30；价格处于人民币等值¥57.60-¥180.00黄金区间；标题包含 platform、wedge，符合美国女鞋舒适化趋势；评分达到4.6以上。
2026-08-04,amazon_us,product,best_sellers,Best Sellers Women Sandals,1,KuaiLu Flip Flops for Women with Arch Support Summer Beach Thong Sandals | Comfortable Yoga Mat Walking Shoes Cushion Slip On Casual Outfits Indoor Outdoor,,4.3,$11.99,,,,,,https://www.amazon.com/KuaiLu-Support-Comfortable-Walking-Sandals/dp/B0C5ZRQS2X/ref=zg_bs_g_679425011_d_sccl_1/133-1636655-0107931?psc=1,"https://images-na.ssl-images-amazon.com/images/I/710PdcSAm6L._AC_UL600_SR600,400_.jpg",70,排名靠前；标题包含 comfort、arch support、beach、summer，符合美国女鞋舒适化趋势；评分达到4.3以上。
2026-08-04,amazon_us,product,search,women summer slippers,20,Summer House Slippers for Women Men Waffle Indoor Slippers,¥122.33,4.3,700+ bought in past month,,,,,,https://www.amazon.com/Shevalues-Summer-House-Slippers-Men-Breathable-Waffle-Indoor-Slippers-Slip-Open-Toe-Home-Shoes-7-5-8-5-6-5-7-5/dp/B09SLQJ637/ref=sr_1_12?dib=eyJ2IjoiMSJ9.3B_wBrVg1UMy5tWehIloEqh3GcRQaYuBAiGuYjezoF8Dm6sY8g4v-VR8VGlcZDhfZZ00qHRNt3j33kRWI9xMudg3niaoteu6WzqDMjqIMDCIAkwfAR6ukf09NdIy2nDTCvqsDV8IODBh7K-bnu4KrD2voxBG0Ud3U_gVdMWwdgphp0szPxsaL-IeMDgKntnAd3BKyjDgFgIPwi12ChR2zlKFMIrMsmh2XgGZnf0Gt97YeBSjYEfuLzL8GLBq0hsXJaNoyAovo0umacq4nRmSwyCfm_9RcHedEiSDNkfpcf8.J1zRt4aXGFwXAolNFfpIyLdSwJHStNCahtFtcWaNSAA&dib_tag=se&keywords=women+summer+slippers&qid=1785816716&sr=8-12,https://m.media-amazon.com/images/I/81-CmH5PjYL._AC_UL320_.jpg,70,排名进入前30；评论数达到300以上；价格处于人民币等值¥57.60-¥180.00黄金区间；标题包含 summer，符合美国女鞋舒适化趋势；评分达到4.3以上。
2026-08-04,amazon_us,product,best_sellers,Best Sellers Women Sandals,25,Project Cloud 100% Genuine Leather Womens Sandals Slides for Women (Lian) | Sandals Women Memory Foam Insole Cork Footbed Non Slip Sandals for Women Lightweight Beach Vacation Summer Essentials Comfort,,4.1,$24.90,,,,,,https://www.amazon.com/Project-Cloud-Genuine-Leather-Sandals/dp/B0FW71GCZ2/ref=zg_bs_g_679425011_d_sccl_25/133-1636655-0107931?psc=1,"https://images-na.ssl-images-amazon.com/images/I/81ljCfCOosL._AC_UL600_SR600,400_.jpg",69,排名进入前30；标题包含 cloud、comfort、beach、summer，符合美国女鞋舒适化趋势；cloud + slides组合趋势加分；评分达到4.0以上。
2026-08-04,amazon_us,product,new_releases,New Releases Women Sandals,23,IDIFU IN3 Women's Platform Wedge Sandals Cork Open Toe Comfortable Sandal | Casual Dressy Summer Lightweight Adjustable Slingback Platform Wedge Shoes Sandals,,4.0,$27.99,,,,,,https://www.amazon.com/IDIFU-Comfortable-Lightweight-Adjustable-Slingback/dp/B0GY1S52JZ/ref=zg_bsnr_g_679425011_d_sccl_23/143-6740310-6939560?psc=1,"https://images-na.ssl-images-amazon.com/images/I/8122udq+YjL._AC_UL600_SR600,400_.jpg",69,排名进入前30；标题包含 platform、comfort、summer、wedge，符合美国女鞋舒适化趋势；platform + comfort组合趋势加分；评分达到4.0以上。
2026-08-04,amazon_us,product,search,platform sandals women,11,Womens Fashion Platforms Sandals Summer Wedges Open Toe Buckle Ankle Strap Sandal Dressy Shoes,¥244.73,4.6,New on Amazon in past month,,,,,,https://www.amazon.com/EXEBLUE-Womens-Fashion-Platforms-Sandals/dp/B0GX148XK1/ref=sr_1_3?dib=eyJ2IjoiMSJ9.b40a7B90wYxMAM79Sxswy6XAeUi2HtYaPiXC2PoRpg4MTcuHZurxulQfXbE53VLfiSy-aEKse_3MDr2xUlKoesTBC15kg5Sl-4PPtuPBD7ZT6dJWh2c8PbmZldu81hycYa3XPY5xzHagUmAp-WpTGoOf-5ANh4bMX2-PQOj0B30hElaU_9lK_uGrAfuWGMi7Ih6pOIr71z0QvbampNH7o-AhWVkqv1BSLvjsWBIZQ5yxxEuk5cLt_C3ekCUB7nh207lOaRhUrYYuechi_PklDMqwbAEppfiUT9UzapDVsjU.7rrigk9krEfemB3hc8FMpIWoAImhet_6zwzXJM5A4i4&dib_tag=se&keywords=platform+sandals+women&qid=1785816717&sr=8-3,https://m.media-amazon.com/images/I/71VtpYzvstL._AC_UL320_.jpg,69,排名进入前30；价格处于人民币等值¥180.00-¥288.00区间；标题包含 platform、summer、wedge，符合美国女鞋舒适化趋势；评分达到4.6以上。
2026-08-04,amazon_us,product,best_sellers,Best Sellers Women Sandals,6,"ODOLY Unisex Comfortable Cork Footbed Slide Sandals with Arch Support | Adjustable Buckle, Lightweight Summer Sandals for Travel and Everyday Wear",,4.5,$19.99,,,,,,https://www.amazon.com/ODOLY-Footbed-Comfortable-Sandals-Adjustable/dp/B0CSMN1X4W/ref=zg_bs_g_679425011_d_sccl_6/133-1636655-0107931?psc=1,"https://images-na.ssl-images-amazon.com/images/I/61iYsM+H9QL._AC_UL600_SR600,400_.jpg",67,排名靠前；标题包含 comfort、arch support、summer，符合美国女鞋舒适化趋势；评分达到4.3以上。
2026-08-04,amazon_us,product,new_releases,New Releases Women Sandals,10,Project Cloud 100% Genuine Leather Block Heeled Sandals for Women(Opal) | Sandals Women Footwear-Memory Foam Insole & Non-Slip Womens Sandals Block Heels For Women-Womens Slides & Women's Sandals,,4.1,$49.41,,,,,,https://www.amazon.com/Project-Cloud-Genuine-Leather-Sandals/dp/B0GYFRPTZ4/ref=zg_bsnr_g_679425011_d_sccl_10/143-6740310-6939560?psc=1,"https://images-na.ssl-images-amazon.com/images/I/81mSAaUxMtL._AC_UL600_SR600,400_.jpg",67,排名靠前；标题包含 cloud，符合美国女鞋舒适化趋势；cloud + slides组合趋势加分；评分达到4.0以上。
2026-08-04,amazon_us,product,search,women summer slippers,6,"Tunmigame Slippers for Women Cross Band Bow Memory Foam House Slippers | Open Toe,Slides Sandals,Non-slip,House Shoes,Bedroom,Indoor Outdoor,pantuflas para mujer Tunmigame Slippers for Women Cross Band Bow Memory Foam House Slippers | Open Toe,Slides Sandals,N…",¥86.33,4.4,4.4,,,,,,https://sponsored-ads.amazon.com/clk/?_encoding=UTF8&p=eAFVT71u00AAVqiAyio_ylCksKVShkhn37nxOQ6ykB07IUopSZyEksU6-86OqXN27WsSdcgTdETiDZgY-gRsjEy8Bg-BRIoQ3_RJ358-KTi8_fH956PqE2s6HznDwfACOu6kXkHN44jxZOvj6znkfD7xLpwgG37cdo5HHvLaN4sMy2fcXZ9N9QV83xtPJBXKmiajUxkuHnh2cGi50zfuZOBVX0iPKSsvRZZXj2bnE7f7rn8-WLhO7bYindwrfslIES79nBVhlhLB_ISnCWd-IKKqRFbkJuNymK1qL8sAhCkpyyQE-wzYO0GO6g8Z92deUysDIJZsxSgIszRloUgyDtYquB8DISloCXKScMEKEGZcMC7qWKrA51_uft19_ebUnv717tvrz1QIIcYGbuuaDnWkHsw8p3PQHXWbw-orx7a6eW8AdGtnX-0RWzt7nAVxr2X9j50d7-zxzrb-kLh21I3dbd9y4_XwLVM_V6RPlaUQedlRlM1mI__7rsS5QjYKVWzY7-kf5oY3fZ1Tv6B-ni5pYYrGsiR-WPgJNWHjKqEm0ttaG2Ed4UZZmAggoBFNw2pkgIhGFLQQRMCIDAqojgkxDKPdOlUbiUnyskEKFpk6vkw8e9RzWr8BjC6v1g&v=c1&r=https%3A%2F%2Fwww.amazon.com%2Fgp%2Faw%2Fd%2FB0GF7YV9ST%3Fpd_rd_plhdr%3Dt%26hsa_cr_id%3D0%26qid%3D1785816716%26sr%3D1-1-5a5562f9-fdfd-4101-9f9d-d76aa9998432%26i%3Daps%26aref%3D76kiSBPFD4&ref_=sbx__sbtcd2_asin_0_bkgd&pd_rd_w=nIyJn&content-id=amzn1.sym.90f77631-9599-4fe0-95f8-a40adfe1c762%3Aamzn1.sym.90f77631-9599-4fe0-95f8-a40adfe1c762&pf_rd_p=90f77631-9599-4fe0-95f8-a40adfe1c762&pf_rd_r=KQCZZYVYAQCD45GH2PGT&pd_rd_wg=4rxCm&pd_rd_r=25dbdd58-c0d1-4fa3-a796-6450e2f042bf,"https://m.media-amazon.com/images/I/71Xzskcx8VL._AC_SR322,134_CB1169409_QL70_.jpg",67,排名靠前；价格处于人民币等值¥57.60-¥180.00黄金区间；评分达到4.3以上。
2026-08-04,amazon_us,product,search,women summer slippers,8,"Tunmigame Slippers for Women Cross Band Bow Memory Foam House Slippers | Open Toe,Slides Sandals,Non-slip,House Shoes,Bedroom,Indoor Outdoor,pantuflas para mujer Tunmigame Slippers for Women Cross Band Bow Memory Foam House Slippers | Open Toe,Slides Sandals,N…",¥121.61,4.4,4.4,,,,,,https://sponsored-ads.amazon.com/clk/?_encoding=UTF8&p=eAFVT82O0kAADm7UTbP-hMOa4A0TDiTTzhQ6bTGNaWlhCbgCBSRcmmlnWuqWabetQPbAE-zRxDfw5GGfwJtHT76GD2Eia4zf6Uu-v3yCf3r74_vPR9Un5mwxtoeD4RLazrReQc3zkPF47-GPC8j5YuoubT8dfth3zscucrWbVYrFEXe2o5m6gu97k6kgQ1FRRNQS4eqBa_mnpjO7cKYDt_pCeExZcVWmWfVsfjl1uu_6l4OVY9duK8Kre8UrGMmDtZexPEgTUjIv5knMmeeXYVUgG3KTcjFIN7WXhQ-ChBRFHIBjBhydIEP1h4x7c7epFD4o12zDKAjSJGFBGaccbGVwPwYCktMCZCTmJctBkPKS8bKOhQp8_uXu193Xb3bt6V_vsb3-TIYQYqxjTVVUqCL5ZO7anZPuuNscVl_bltnNegOgmgfr-ojIPFiT1I96bfN_HKzoYE0OlvmHRLWzbuTs-6YTbYdvmfy5InyqrMsyKzqStNvtxH_fpSiTyE6ikgX7PXWEl_2LNxn1cuplyZrmRtlYF8QLci-mBmxcx9RAqqZoCKsIN4rcQKAFFKIoWA51ENKQgjaCCOihTgFVMSG6rmvtltyIDZIVDZKz0FDxVexa457d_g18PK-y&v=c1&r=https%3A%2F%2Fwww.amazon.com%2Fgp%2Faw%2Fd%2FB0GF7L6XGH%3Fpd_rd_plhdr%3Dt%26hsa_cr_id%3D0%26qid%3D1785816716%26sr%3D1-3-5a5562f9-fdfd-4101-9f9d-d76aa9998432%26i%3Daps%26aref%3D76kiSBPFD4&ref_=sbx__sbtcd2_asin_2_bkgd&pd_rd_w=nIyJn&content-id=amzn1.sym.90f77631-9599-4fe0-95f8-a40adfe1c762%3Aamzn1.sym.90f77631-9599-4fe0-95f8-a40adfe1c762&pf_rd_p=90f77631-9599-4fe0-95f8-a40adfe1c762&pf_rd_r=KQCZZYVYAQCD45GH2PGT&pd_rd_wg=4rxCm&pd_rd_r=25dbdd58-c0d1-4fa3-a796-6450e2f042bf,"https://m.media-amazon.com/images/I/71bPuvq-tzL._AC_SR322,134_CB1169409_QL70_.jpg",67,排名靠前；价格处于人民币等值¥57.60-¥180.00黄金区间；评分达到4.3以上。
2026-08-04,amazon_us,product,search,women summer slippers,17,Open Toe House Slippers for Women Men Memory Foam Bedroom Shoes,¥100.73,4.3,900+ bought in past month,,,,,,https://www.amazon.com/Shevalues-Womens-Indoor-Slippers-Cotton/dp/B074HBC1BR/ref=sr_1_9?dib=eyJ2IjoiMSJ9.3B_wBrVg1UMy5tWehIloEqh3GcRQaYuBAiGuYjezoF8Dm6sY8g4v-VR8VGlcZDhfZZ00qHRNt3j33kRWI9xMudg3niaoteu6WzqDMjqIMDCIAkwfAR6ukf09NdIy2nDTCvqsDV8IODBh7K-bnu4KrD2voxBG0Ud3U_gVdMWwdgphp0szPxsaL-IeMDgKntnAd3BKyjDgFgIPwi12ChR2zlKFMIrMsmh2XgGZnf0Gt97YeBSjYEfuLzL8GLBq0hsXJaNoyAovo0umacq4nRmSwyCfm_9RcHedEiSDNkfpcf8.J1zRt4aXGFwXAolNFfpIyLdSwJHStNCahtFtcWaNSAA&dib_tag=se&keywords=women+summer+slippers&qid=1785816716&sr=8-9,https://m.media-amazon.com/images/I/71JYzlHXkPL._AC_UL320_.jpg,67,排名进入前30；评论数达到300以上；价格处于人民币等值¥57.60-¥180.00黄金区间；评分达到4.3以上。
2026-08-04,amazon_us,product,search,women slides,7,adidas,¥151.20,4.4,Products highlighted as 'Overall Pick' are:,,,,,,https://www.amazon.com/adidas-Unisex-Adilette-Shower-Sandal/dp/B091ZGQF6G/ref=sr_1_1?dib=eyJ2IjoiMSJ9.RrPumS3Ni8XWS9mPWZVEoC2cqbLFexTW_RJQDK1FqYFi2SeZwjgoeycwLo44M3HryvchiLfEcy0qfnQIhK6yJlKTGgAfRu0TZGDT8NbwRTQsyvMriFBiPa6cE8nDjbIg4O9pVBmBbtuJ1vBLzjZpiEnlGjrIzqfj-D4S_EyiukbzkLHzjUqhJeX-u_FoxluUFcjZoIm_2msYX02dX2sTXw5g-KbmNjEiKaZVPLdzJEWmP7fGAlXXY0V_R8vNw4ZZnDaT3OQj_s_G8XxXSc4h2W-z_OpbzBIQ4gViRh2fxCU.4OO28znv1_OLc9--M4sYipmVO94DgmLicKJMnQZG-1A&dib_tag=se&keywords=women+slides&qid=1785816717&sr=8-1,https://m.media-amazon.com/images/I/61CCABduhML._AC_UL320_.jpg,67,排名靠前；价格处于人民币等值¥57.60-¥180.00黄金区间；评分达到4.3以上。
2026-08-04,amazon_us,product,search,women slides,10,Jaeynow,¥172.73,4.4,Jaeynow,,,,,,https://www.amazon.com/sspa/click?ie=UTF8&spc=MTo0MzE5MDQ3ODU4ODQ3MzAwOjE3ODU4MTY3MTc6c3Bfc2VhcmNoX3RoZW1hdGljOjMwMDIyMDc0NjgyNzIwMjo6MTo6&url=%2FJaeynow-Recovery-Outdoor-Slippers-Sandals%2Fdp%2FB0CTDH9FXK%2Fref%3Dsxin_18_pa_sp_search_thematic_sspa%3Fcontent-id%3Damzn1.sym.44acafb9-9a42-418c-a96e-4e3ed427e46e%253Aamzn1.sym.44acafb9-9a42-418c-a96e-4e3ed427e46e%26cv_ct_cx%3Dwomen%2Bslides%26keywords%3Dwomen%2Bslides%26pd_rd_i%3DB0CTDH9FXK%26pd_rd_r%3D37469c67-2452-4aed-8be4-e87bf069c9af%26pd_rd_w%3DdG9nj%26pd_rd_wg%3DyI5zc%26pf_rd_p%3D44acafb9-9a42-418c-a96e-4e3ed427e46e%26pf_rd_r%3DY7YQEVC6QQQD7VY90GY9%26qid%3D1785816717%26sbo%3DRZvfv%252F%252FHxDF%252BO5021pAnSA%253D%253D%26sr%3D1-2-4a82bf2c-99de-49d4-8c6e-1b9c06d4b176-spons%26aref%3DQiIYc2z8t5%26sp_csd%3Dd2lkZ2V0TmFtZT1zcF9zZWFyY2hfdGhlbWF0aWM%26psc%3D1&aref=QiIYc2z8t5,https://m.media-amazon.com/images/I/51pWb3NgLUL._AC_UL320_.jpg,67,排名靠前；价格处于人民币等值¥57.60-¥180.00黄金区间；评分达到4.3以上。
2026-08-04,amazon_us,product,best_sellers,Best Sellers Women Sandals,5,Project Cloud Flip Flops for Women Memory Foam Flats Sandals (Foundations) | Lightweight and Durable Non-Slip SoleWomens Sandals - Beach Essentials Womens Flat Sandals for Everyday Comfort Daily Wear,,4.2,$22.90,,,,,,https://www.amazon.com/Project-Cloud-Flip-flops-Women/dp/B0D2F94XKW/ref=zg_bs_g_679425011_d_sccl_5/133-1636655-0107931?psc=1,"https://images-na.ssl-images-amazon.com/images/I/41JMYLSDC3L._AC_UL600_SR600,400_.jpg",66,排名靠前；标题包含 cloud、comfort、beach，符合美国女鞋舒适化趋势；评分达到4.0以上。
2026-08-04,amazon_us,product,best_sellers,Best Sellers Women Sandals,20,Project Cloud 100% Genuine Leather Footbed Sandals for Women (Santorini) | Comfortable Beach Essentials Womens Sandals Plush Memory Foam Cushioning Vacation Essentials Slides for Women Footwear,,4.2,$37.90,,,,,,https://www.amazon.com/Project-Cloud-Comfortable-Essentials-Santorini/dp/B0DQF8F5XV/ref=zg_bs_g_679425011_d_sccl_20/133-1636655-0107931?psc=1,"https://images-na.ssl-images-amazon.com/images/I/91yOyl7MMNL._AC_UL600_SR600,400_.jpg",66,排名进入前30；标题包含 cloud、comfort、beach，符合美国女鞋舒适化趋势；cloud + slides组合趋势加分；评分达到4.0以上。
2026-08-04,amazon_us,product,search,platform sandals women,3,Sorel Women's Sunpeak Platform Sandal Sorel Women's Sunpeak Platform Sandal,¥702.00,4.6,,,,,,,https://aax-us-east-retail-direct.amazon.com/x/c/JA0u93pe3MeF0jN0F4AohlQAAAGfyviaKQEAAAH2AQBvbm9fdHhuX2JpZDYgICBvbm9fdHhuX2ltcDIgICCuVxCt/clv1c_ek-wBXfSKsTa7TffVpoZl6bZ2Tg4ZFaROFxcLkWmDf9K79WPyWac35OLV9uyiA0OIuSO_SYKEU6cMhq2haoTEKRVYwHLU4zgUyHMqfdj_dSwqpRiFK9PkPyZ4vNakpqJC0905CZ1kKMLY53JUSBd_cXzgN2firXwmICoj5Spz6BTsd8Np_aqPC7BnUSU3hjariGghgvPGgq-1PHtB0SR1iK7v_0t5MegDurVzH4v58Y6aChDY8zEbPzNDUA5dLz2CAQiyqeKG_fN5Bov5fFi4gmtgeB2lhA5yDUp_sIIWfbmiE_vfvr1UdpdVct1r7rGP7lMeODNHJIclCjWbXUDbgV7vpPlFJOw9q8JpS8839lq2eK-FqBhXh4At-JBBeGp-DIquokgzUDVLwQxNVgo8UGCGxNOoPs8JqZ5xJVmQM_sTHUaFQ2-k1lmYN6a8CwTnWpLtAHpI_GZfy3g2_gjZ44UBUt-R--Wj2RvgFzpBTCK98CxtQwS5mold-UBhuWBQrUInNUPVQdUP5GmkaWlSr6_MGvGF_UHz90nmsMZK299YCpILjYQDwwo_izol7_302AqXu63Joc6cMXciB6kLyANa6tu3xYpl3rD-Kp-gKOSnlMfPkCwdTo5hb61gD_U4pLDlzYqiUX-zSM-82mMXFVLRMvbPgkdKHAz_bL0k6gV7KGfjti3H87dGjvgBXy3Jf84Xi9Gl92OOK0HMKb6GATTxeIHBm0O4tHTGrsH6_Z0SRvRT_dbbHIuSchUPBg25T_YXsgVUdZcAWKHnX5DcRx78F1K8NZSV7iJAUDYLmqOrTDMEYoHMoQhiXVN4jLIJMXrnV8S92jZN3p57aLCZfkWoNw0hK28lJXpICJsfd4EusX-DO9AHE25jCp2OsoNyBLcfQiWaWJ9WIWZNBDxD3MtWCnerM0wJWTzBKM05R4ALyLNO-9qsJ_v49rbjPu59eWSFbxF7ssuaDvE2dHLmc4BLW80Q1wt2OPCk6EyV0VESlpZXG_M-jTqInp4JCxSfieSkewSLpD7LIzQCJ_h62jfZO87jLUR0o-ZrCQBxSW2L2WmR6CXxxOFHYvqwx4aa4PUX4cxac2Vdib2nCWZBXGxnqaeOpiSVc8Chw6yG3tOuCrW3GTj1_iLkwP-X1ftzATDPL7FFWVbiG91IUFmFGj2wYiy1ZPOtCJb2vu1h0bzCGY_g1DloscOxNngi98HBDF8dKoTZKOpGtRYHY3W8tIP0gVj_UazlPpNv87Z7RkWPGc7A0bYX1L9IJEywUZNwYPR3yP-1_ZiFA8WEf7WA87feoFna4D6iHsMpNjD74opvg611AnEy3zZJASOTawda2uZb8oZ0R1i3k-1C8sEoMlrAGQ9VMboO8cH6CRjlbYpbYYMFW3cXScJ0kBDsMyppdoSM5CAYlemAkDb-MJ4H4tQTBJ4KwR90XnWuvgR33qdEVPfRQkEOAnjaHn7Qb_LliiLa4PTT9QGbWuCsS4FY0nGJSibKxQYSYhcFu3DwwN7L36oGHPr5o_uXVpIeAbKb5TkDZ19EDm25jUsYO9gMKheP1lLk1vV590pdLdgrmKy_bweK-Cr5FV5CThGtqZGb1oa8QnrrKC0OufQy5zt1KnpSDYDW4YcaU1da1s42U-HGzDCD8fDJ6ONEZTzwg02rVfkSnBThGg6buvb-frszMQ5_jmEKgyDq3XA/https://www.amazon.com/gp/aw/d/B0F8DF6JD8/?_encoding=UTF8&pd_rd_plhdr=t&aaxitk=b8fdff5d0a92fb43ad129171fd02a1a5&hsa_cr_id=0&qid=1785816717&sr=1-3-9e67e56a-6f64-441f-a281-df67fc737124&i=aps&aref=rDDkVfxPg8&ref_=sbx__sbtcd_asin_2_bkgd&pd_rd_w=1YLQk&content-id=amzn1.sym.8de9b3d5-f5c5-40e9-9b39-d65f08d6ea68%3Aamzn1.sym.8de9b3d5-f5c5-40e9-9b39-d65f08d6ea68&pf_rd_p=8de9b3d5-f5c5-40e9-9b39-d65f08d6ea68&pf_rd_r=81QPZEW1PMFTS2N3N4RZ&pd_rd_wg=kPc4Y&pd_rd_r=fc863f88-8ad2-42de-8300-f1339637172c,"https://m.media-amazon.com/images/I/61jQ5aKvWfL._AC_SR160,134_CB1169409_QL70_.jpg",66,排名靠前；价格高于人民币等值¥288.00；标题包含 platform，符合美国女鞋舒适化趋势；评分达到4.6以上。
2026-08-04,amazon_us,product,new_releases,New Releases Women Sandals,11,Project Cloud Platform Sandals Women - Wedge Sandals for Women 2026 (Silly) | Womens Sandals Comfortable with Soft & Plush Insole - Non Slip Beach Essentials Womens Slide - Stylish Women Footwear,,3.7,$39.90,,,,,,https://www.amazon.com/Project-Cloud-Platform-Sandals-Women/dp/B0H27BLYKS/ref=zg_bsnr_g_679425011_d_sccl_11/143-6740310-6939560?psc=1,"https://images-na.ssl-images-amazon.com/images/I/71lcJ5wbS4L._AC_UL600_SR600,400_.jpg",65,排名进入前30；标题包含 cloud、platform、comfort、soft、beach、wedge，符合美国女鞋舒适化趋势；platform + comfort组合趋势加分。
2026-08-04,amazon_us,product,new_releases,New Releases Women Sandals,14,"MellowSoft Cloud Slides for Women & Men, Thick Shock-Absorbing Sole | Ultra Soft CloudFoam Cushioning Slides, Lightweight Anti-Slip Recovery Sandals for Indoor & Outdoor Comfort",,3.4,$31.20,,,,,,https://www.amazon.com/MellowSoft-Cloud-Slides-CloudFoam-Cushioning/dp/B0H52VV17P/ref=zg_bsnr_g_679425011_d_sccl_14/143-6740310-6939560?psc=1,"https://images-na.ssl-images-amazon.com/images/I/51KGd55hl5L._AC_UL600_SR600,400_.jpg",65,排名进入前30；标题包含 cloud、recovery、comfort、soft，符合美国女鞋舒适化趋势；cloud + slides组合趋势加分。
2026-08-04,amazon_us,product,best_sellers,Best Sellers Women Sandals,2,mazeskin Womens Memory Foam Flip Flops Flat Thong Sandals | Soft Vegan Leather Comfortable Cushioned Casual Dressy Beach Summer Minimalist Slim Slide Shoes Indoor Outdoor,,4.2,$9.99,,,,,,https://www.amazon.com/mazeskin-Womens-Comfortable-Sandals-Leather/dp/B0F32KMZ18/ref=zg_bs_g_679425011_d_sccl_2/133-1636655-0107931?psc=1,"https://images-na.ssl-images-amazon.com/images/I/71jV8GHPNSL._AC_UL600_SR600,400_.jpg",64,排名靠前；标题包含 comfort、soft、beach、summer，符合美国女鞋舒适化趋势；评分达到4.0以上。
2026-08-04,amazon_us,product,best_sellers,Best Sellers Women Sandals,4,"Archies Arch Support Flip Flops for Men & Women – Orthotic Sandals for Plantar Fasciitis Relief – Lightweight, Cushioning, Shock-Absorbing Thong Sandals for Walking, Foot Pain & All-Day Comfort",,4.3,$40.00,,,,,,https://www.amazon.com/Archies-Womens-Arch-Support-Black/dp/B086SYFKLP/ref=zg_bs_g_679425011_d_sccl_4/133-1636655-0107931?psc=1,"https://images-na.ssl-images-amazon.com/images/I/81xintmVcHL._AC_UL600_SR600,400_.jpg",64,排名靠前；标题包含 comfort、arch support，符合美国女鞋舒适化趋势；评分达到4.3以上。
2026-08-04,amazon_us,product,best_sellers,Best Sellers Women Sandals,7,CUSHIONAIRE Lane Cork Footbed Womens Sandals Comfortable Double Buckle Slip On Sandals for Women with Arch Support and Classic Two Strap Design,,4.5,$28.49,,,,,,https://www.amazon.com/CUSHIONAIRE-Womens-Slide-Sandals-Brown/dp/B075PBVR9N/ref=zg_bs_g_679425011_d_sccl_7/133-1636655-0107931?psc=1,"https://images-na.ssl-images-amazon.com/images/I/81suZ76XHpL._AC_UL600_SR600,400_.jpg",64,排名靠前；标题包含 comfort、arch support，符合美国女鞋舒适化趋势；评分达到4.3以上。
2026-08-04,amazon_us,product,search,women summer slippers,4,GOEWY,¥71.93,4.2,GOEWY,,,,,,https://www.amazon.com/GOEWY-Slippers-Summer-Breathable-Slides/dp/B0GQGLFHFJ/ref=sr_1_1?dib=eyJ2IjoiMSJ9.3B_wBrVg1UMy5tWehIloEqh3GcRQaYuBAiGuYjezoF8Dm6sY8g4v-VR8VGlcZDhfZZ00qHRNt3j33kRWI9xMudg3niaoteu6WzqDMjqIMDCIAkwfAR6ukf09NdIy2nDTCvqsDV8IODBh7K-bnu4KrD2voxBG0Ud3U_gVdMWwdgphp0szPxsaL-IeMDgKntnAd3BKyjDgFgIPwi12ChR2zlKFMIrMsmh2XgGZnf0Gt97YeBSjYEfuLzL8GLBq0hsXJaNoyAovo0umacq4nRmSwyCfm_9RcHedEiSDNkfpcf8.J1zRt4aXGFwXAolNFfpIyLdSwJHStNCahtFtcWaNSAA&dib_tag=se&keywords=women+summer+slippers&qid=1785816716&sr=8-1,https://m.media-amazon.com/images/I/61PJ6PNvlqL._AC_UL320_.jpg,64,排名靠前；价格处于人民币等值¥57.60-¥180.00黄金区间；评分达到4.0以上。
2026-08-04,amazon_us,product,search,women summer slippers,5,WHITIN,¥71.93,4.2,Products highlighted as 'Overall Pick' are:,,,,,,https://www.amazon.com/WHITIN-Slippers-Cushioned-Fashionable-Lightweight/dp/B0C1C17KH8/ref=sr_1_2?dib=eyJ2IjoiMSJ9.3B_wBrVg1UMy5tWehIloEqh3GcRQaYuBAiGuYjezoF8Dm6sY8g4v-VR8VGlcZDhfZZ00qHRNt3j33kRWI9xMudg3niaoteu6WzqDMjqIMDCIAkwfAR6ukf09NdIy2nDTCvqsDV8IODBh7K-bnu4KrD2voxBG0Ud3U_gVdMWwdgphp0szPxsaL-IeMDgKntnAd3BKyjDgFgIPwi12ChR2zlKFMIrMsmh2XgGZnf0Gt97YeBSjYEfuLzL8GLBq0hsXJaNoyAovo0umacq4nRmSwyCfm_9RcHedEiSDNkfpcf8.J1zRt4aXGFwXAolNFfpIyLdSwJHStNCahtFtcWaNSAA&dib_tag=se&keywords=women+summer+slippers&qid=1785816716&sr=8-2,https://m.media-amazon.com/images/I/71nA8egRirL._AC_UL320_.jpg,64,排名靠前；价格处于人民币等值¥57.60-¥180.00黄金区间；评分达到4.0以上。
2026-08-04,amazon_us,product,search,women slides,36,"Men's and Women's Capybara Slides,Cute Capybara Slippers for Indoor Outdoor,Non Slip Quick Drying Shower Shoes,Comfort Cloud Slides Sandals",¥71.93,4.1,"Price, product page $9.99 $ 9 . 99 List: $16.99 List: $16.99 $16.99",,,,,,https://www.amazon.com/XUNBAI-Capybara-Slippers-Outdoor-Comfort/dp/B0GL1B5RRN/ref=sr_1_22?dib=eyJ2IjoiMSJ9.RrPumS3Ni8XWS9mPWZVEoC2cqbLFexTW_RJQDK1FqYFi2SeZwjgoeycwLo44M3HryvchiLfEcy0qfnQIhK6yJlKTGgAfRu0TZGDT8NbwRTQsyvMriFBiPa6cE8nDjbIg4O9pVBmBbtuJ1vBLzjZpiEnlGjrIzqfj-D4S_EyiukbzkLHzjUqhJeX-u_FoxluUFcjZoIm_2msYX02dX2sTXw5g-KbmNjEiKaZVPLdzJEWmP7fGAlXXY0V_R8vNw4ZZnDaT3OQj_s_G8XxXSc4h2W-z_OpbzBIQ4gViRh2fxCU.4OO28znv1_OLc9--M4sYipmVO94DgmLicKJMnQZG-1A&dib_tag=se&keywords=women+slides&qid=1785816717&sr=8-22,https://m.media-amazon.com/images/I/61wFDL2ZcbL._AC_UL320_.jpg,63,排名进入前50；价格处于人民币等值¥57.60-¥180.00黄金区间；标题包含 cloud、comfort，符合美国女鞋舒适化趋势；cloud + slides组合趋势加分；评分达到4.0以上。
2026-08-04,amazon_us,product,best_sellers,Best Sellers Women Sandals,29,KuaiLu Flip Flops for Women with Arch Support Summer Beach Thong Sandals | Comfortable Walking Shoes Lightweight Soft Yoga Mat Cushion Floral Outfits Slip On Indoor Outdoor,,4.5,$13.99,,,,,,https://www.amazon.com/KuaiLu-Comfortable-Waterproof-Supportive-Flipflops/dp/B0CTML36SJ/ref=zg_bs_g_679425011_d_sccl_29/133-1636655-0107931?psc=1,"https://images-na.ssl-images-amazon.com/images/I/71FLg8v7ZyL._AC_UL600_SR600,400_.jpg",62,排名进入前30；标题包含 comfort、arch support、soft、beach、summer，符合美国女鞋舒适化趋势；评分达到4.3以上。
2026-08-04,amazon_us,product,best_sellers,Best Sellers Women Sandals,43,COFACE Womens Orthopedic Flip Flops Arch Support Yoga Walking Thong Sandals | Fashion Orthotic Ladies Slip On Lightweight Athletic Mat Recovery Cushion With Comfortable Plantar Fasciitis,,4.3,$25.99,,,,,,https://www.amazon.com/COFACE-FlipFlops-Comfortable-Fasciitis-Fantastic/dp/B0BL74DGYW/ref=zg_bs_g_679425011_d_sccl_43/143-6740310-6939560?psc=1,"https://images-na.ssl-images-amazon.com/images/I/61N4A12WSZL._AC_UL300_SR300,200_.jpg",62,排名进入前50；标题包含 recovery、orthopedic、comfort、arch support，符合美国女鞋舒适化趋势；orthopedic + arch support组合趋势加分；评分达到4.3以上。
2026-08-04,amazon_us,product,search,women summer slippers,1,Chantomoo Slippers for Women Memory Foam House Bedroom Corduroy Bow Crossbands Slipper Shoes Comfy Trendy Gift Slippers Chantomoo Slippers for Women Memory Foam Hous…,¥215.93,4.4,,,,,,,https://aax-us-east-retail-direct.amazon.com/x/c/JGrVOjN8lRuwkIBkER99pLsAAAGfyviW7wEAAAH2AQBvbm9fdHhuX2JpZDMgICBvbm9fdHhuX2ltcDEgICD5-ks3/clv1c_ek-wBfE3KsTWnuNL4g-BI4-UrhUJ_tSUVeAer9lmzzD-0oRMoXxaLpCGYhRaFh4FggW9Qp_65Oen8wyryqKmc6lEP4hze9ChYi9zK7zzvZlzk3BnOoQN3J0NYvVn9gKRFDhOwQWngLvEPX2ZKvQnMj8Vo40ck1-assTZbnUuwbIpaQvdnCEn0LB81D87BT32_RSjg-5aG5_YtKf6IE7NwlrWTMsaFH6H8crkJRyGixKjaUDUM-8yczinmHkGIcIHiEUK1keanj_p3X1Iy-r1c7arw8hscN_w9ORow08SDZ4t9XkgAC9r5QqNTmXnLFNI8q_n4oQUrz42qrFBui-sYtPxuD6dYaGbDD3t0EERr1C_yCSIT2t3XolM1R_55732kYNg6xzSdGkd9-TJx_9B79UmGklIMYqL1z7xiFSX7t6zyzRrDdZL6c4aB26fcFJMV4Vsyul_VDo4W-lwvJwvQOz4yYW5X1o2PsiEI_M8CZq2huj9dtnj8hB-hUULOyFKe_nxMz7XVaxJP76DWD71c3UAtOqOYqG1NbuZXYPZg0uE6LKJp_6cU-5vrSL93Ya2ZujnB1XpI4Pfc1xGpUF7PLyFGrQgA9RLPr19iw6aS2thr0QQe5_xZGHlLRa9L33Eqz5NdRYmHF0m-QNwwbaBId-VfqzDjR297zu9GEl7czvnLE1ra_uVz5W8sSkNBDWudhdyPiM2SL8AD5grTwurX-T9kZaCHauFAkrwcjqjo-DHamZ1VjmckFRvHBCFC5LpB1Iuh7ch6HCMsmbMlweLehQ9DbLtxScFN6OMO6JmUZXt9dXtk_R5maJZ2eio-Qj4T3p4q10NcBg37QOzosAbD8o6pf9gKi4HDJWGdKgeNBTZyrOLTKRDohhUoGVZ4uFWJBuvT9WigVow5ZPxsLZZKe4o69mL2vcanIfbfdRpfRlCf5khkgf-fAR_QNFm3c_xMo9e7fElZr9oG__XMq-qITt0rccYcjCqOyAOM1903pBdQFm0OExTdU1PWMnV1WHtWiigbBptJWdg1-DHhFLpDRQGofFYj7tsYmLUj5STmrdEMsGkn9kBNvjt9lAZd0ouFEWVX9AmQqSPU5PirKIviRjlrGHKs7ahn0KCOGQW3tr69b3do8zoAxJ70m_q0VgE8Rx6x_Q5t1YXo6-TGabu_we3W7z4DBhitGAOVwUKEMDii90vonz13O9vVUeMc09tiiyMiGc19IPJVzuidgNKAxnqKur331k8rsHxtYOoeg-Uz60IsJLA5nwhnMj84q4NlnrVCfpHGygF9I7ezakEVTk2ODIpUaoRpxOqm0ILI7xtHVtTaqCOXOS0_e_uOzyAwXMcukmMxa-FWgii0glBlyv2pFOau1GWUJbiguF02QOeBgiyqcrqF2SxAtjd7FUaS6uXoQH3t07159sVP-7tAhSifi_nzSmdSVaAFztfNkk5ZyJYtlS3aXc_YwgfYrefjr2uF8lbPEnx0YZ2cREFsKpjjfBpKoiCgtus9uCzf2sHZBYYuDOAyRfj5ms7u0ETj9xN_f3PyRA6TNYKlRT1ILGAEjga7137HIF6EKXuJH1CCHdRZOgC7l3CRGS0W1O7MHEJ2kG3wEamv-rWZPWnz39Y-DvwBRJiPPOOVCnmS9qlbuB-K5EII-0dTEv6IExbTlLRb0tRcHK2s4OhCMNgg3RC/https://www.amazon.com/gp/aw/d/B0C7H38YBT/?_encoding=UTF8&pd_rd_plhdr=t&aaxitk=e1dc8951dc6a869de52e94b8a9c6e0fe&hsa_cr_id=0&qid=1785816716&sr=1-1-9e67e56a-6f64-441f-a281-df67fc737124&i=aps&aref=qwdxKUM9Cs&ref_=sbx__sbtcd_asin_0_bkgd&pd_rd_w=DZiqy&content-id=amzn1.sym.8de9b3d5-f5c5-40e9-9b39-d65f08d6ea68%3Aamzn1.sym.8de9b3d5-f5c5-40e9-9b39-d65f08d6ea68&pf_rd_p=8de9b3d5-f5c5-40e9-9b39-d65f08d6ea68&pf_rd_r=KQCZZYVYAQCD45GH2PGT&pd_rd_wg=fgOPw&pd_rd_r=a612df6c-3060-41de-8a8d-24ae386dc1d0,"https://m.media-amazon.com/images/I/711Z9Ju3AqL._AC_SR160,134_CB1169409_QL70_.jpg",62,排名靠前；价格处于人民币等值¥180.00-¥288.00区间；评分达到4.3以上。
2026-08-04,amazon_us,product,search,women summer slippers,3,Chantomoo Slippers for Women Memory Foam House Bedroom Corduroy Bow Crossbands Slipper Shoes Comfy Trendy Gift Slippers Chantomoo Slippers for Women Memory Foam Hous…,¥287.93,4.4,,,,,,,https://aax-us-east-retail-direct.amazon.com/x/c/JGrVOjN8lRuwkIBkER99pLsAAAGfyviW7wEAAAH2AQBvbm9fdHhuX2JpZDMgICBvbm9fdHhuX2ltcDEgICD5-ks3/clv1c_ek-wBfE3KsTWnuNL4g-BI4-UrhUJ_tSUVeAer9lmzzD-0oRMoXxaLpCGYhRaFh4FggW9Qp_65Oen8wyryqKmc6lEP4hze9ChYi9zK7zzvZlzk3BnOoQN3J0NYvVn9gKRFDhOwQWngLvEPX2ZKvQnMj8Vo40ck1-assTZbnUuwbIpaQvdnCEn0LB81D87BT32_RSjg-5aG5_YtKf6IE7NwlrWTMsaFH6H8crkJRyGixKjaUDUM-8yczinmHkGIcIHiEUK1keanj_p3X1Iy-r1c7arw8hscN_w9ORow08SDZ4t9XkgAC9r5QqNTmXnLFNI8q_n4oQUrz42qrFBui-sYtPxuD6dYaGbDD3t0EERr1C_yCSIT2t3XolM1R_55732kYNg6xzSdGkd9-TJx_9B79UmGklIMYqL1z7xiFSX7t6zyzRrDdZL6c4aB26fcFJMV4Vsyul_VDo4W-lwvJwvQOz4yYW5X1o2PsiEI_M8CZq2huj9dtnj8hB-hUULOyFKe_nxMz7XVaxJP76DWD71c3UAtOqOYqG1NbuZXYPZg0uE6LKJp_6cU-5vrSL93Ya2ZujnB1XpI4Pfc1xGpUF7PLyFGrQgA9RLPr19iw6aS2thr0QQe5_xZGHlLRa9L33Eqz5NdRYmHF0m-QNwwbaBId-VfqzDjR297zu9GEl7czvnLE1ra_uVz5W8sSkNBDWudhdyPiM2SL8AD5grTwurX-T9kZaCHauFAkrwcjqjo-DHamZ1VjmckFRvHBCFC5LpB1Iuh7ch6HCMsmbMlweLehQ9DbLtxScFN6OMO6JmUZXt9dXtk_R5maJZ2eio-Qj4T3p4q10NcBg37QOzosAbD8o6pf9gKi4HDJWGdKgeNBTZyrOLTKRDohhUoGVZ4uFWJBuvT9WigVow5ZPxsLZZKe4o69mL2vcanIfbfdRpfRlCf5khkgf-fAR_QNFm3c_xMo9e7fElZr9oG__XMq-qITt0rccYcjCqOyAOM1903pBdQFm0OExTdU1PWMnV1WHtWiigbBptJWdg1-DHhFLpDRQGofFYj7tsYmLUj5STmrdEMsGkn9kBNvjt9lAZd0ouFEWVX9AmQqSPU5PirKIviRjlrGHKs7ahn0KCOGQW3tr69b3do8zoAxJ70m_q0VgE8Rx6x_Q5t1YXo6-TGabu_we3W7z4DBhitGAOVwUKEMDii90vonz13O9vVUeMc09tiiyMiGc19IPJVzuidgNKAxnqKur331k8rsHxtYOoeg-Uz60IsJLA5nwhnMj84q4NlnrVCfpHGygF9I7ezakEVTk2ODIpUaoRpxOqm0ILI7xtHVtTaqCOXOS0_e_uOzyAwXMcukmMxa-FWgii0glBlyv2pFOau1GWUJbiguF02QOeBgiyqcrqF2SxAtjd7FUaS6uXoQH3t07159sVP-7tAhSifi_nzSmdSVaAFztfNkk5ZyJYtlS3aXc_YwgfYrefjr2uF8lbPEnx0YZ2cREFsKpjjfBpKoiCgtus9uCzf2sHZBYYuDOAyRfj5ms7u0ETj9xN_f3PyRA6TNYKlRT1ILGAEjga7137HIF6EKXuJH1CCHdRZOgC7l3CRGS0W1O7MHEJ2kG3wEamv-rWZPWnz39Y-DvwBRJiPPOOVCnmS9qlbuB-K5EII-0dTEv6IExbTlLRb0tRcHK2s4OhCMNgg3RC/https://www.amazon.com/gp/aw/d/B0FRZFL2QW/?_encoding=UTF8&pd_rd_plhdr=t&aaxitk=e1dc8951dc6a869de52e94b8a9c6e0fe&hsa_cr_id=0&qid=1785816716&sr=1-3-9e67e56a-6f64-441f-a281-df67fc737124&i=aps&aref=qwdxKUM9Cs&ref_=sbx__sbtcd_asin_2_bkgd&pd_rd_w=DZiqy&content-id=amzn1.sym.8de9b3d5-f5c5-40e9-9b39-d65f08d6ea68%3Aamzn1.sym.8de9b3d5-f5c5-40e9-9b39-d65f08d6ea68&pf_rd_p=8de9b3d5-f5c5-40e9-9b39-d65f08d6ea68&pf_rd_r=KQCZZYVYAQCD45GH2PGT&pd_rd_wg=fgOPw&pd_rd_r=a612df6c-3060-41de-8a8d-24ae386dc1d0,"https://m.media-amazon.com/images/I/71Ku9McB09L._AC_SR160,134_CB1169409_QL70_.jpg",62,排名靠前；价格处于人民币等值¥180.00-¥288.00区间；评分达到4.3以上。
2026-08-04,amazon_us,product,search,women summer slippers,30,Women and Men Linen House Slippers Indoor,¥100.73,4.3,100+ bought in past month,,,,,,https://www.amazon.com/EitCaton-Slippers-Non-Slip-Open-Toe-Washable/dp/B0DVR24MMK/ref=sr_1_22?dib=eyJ2IjoiMSJ9.3B_wBrVg1UMy5tWehIloEqh3GcRQaYuBAiGuYjezoF8Dm6sY8g4v-VR8VGlcZDhfZZ00qHRNt3j33kRWI9xMudg3niaoteu6WzqDMjqIMDCIAkwfAR6ukf09NdIy2nDTCvqsDV8IODBh7K-bnu4KrD2voxBG0Ud3U_gVdMWwdgphp0szPxsaL-IeMDgKntnAd3BKyjDgFgIPwi12ChR2zlKFMIrMsmh2XgGZnf0Gt97YeBSjYEfuLzL8GLBq0hsXJaNoyAovo0umacq4nRmSwyCfm_9RcHedEiSDNkfpcf8.J1zRt4aXGFwXAolNFfpIyLdSwJHStNCahtFtcWaNSAA&dib_tag=se&keywords=women+summer+slippers&qid=1785816716&sr=8-22,https://m.media-amazon.com/images/I/81HinGlzSrL._AC_UL320_.jpg,62,排名进入前30；评论数达到50以上；价格处于人民币等值¥57.60-¥180.00黄金区间；评分达到4.3以上。
2026-08-04,amazon_us,product,search,platform sandals women,2,"Sorel Women's Sunpeak Wedge Ankle Strap, Iced Tea/Snow, 7.5 Regular Sorel Women's Sunpeak Wedge Ankle Strap, Iced Tea…",¥810.00,4.6,,,,,,,https://aax-us-east-retail-direct.amazon.com/x/c/JA0u93pe3MeF0jN0F4AohlQAAAGfyviaKQEAAAH2AQBvbm9fdHhuX2JpZDYgICBvbm9fdHhuX2ltcDIgICCuVxCt/clv1c_ek-wBXfSKsTa7TffVpoZl6bZ2Tg4ZFaROFxcLkWmDf9K79WPyWac35OLV9uyiA0OIuSO_SYKEU6cMhq2haoTEKRVYwHLU4zgUyHMqfdj_dSwqpRiFK9PkPyZ4vNakpqJC0905CZ1kKMLY53JUSBd_cXzgN2firXwmICoj5Spz6BTsd8Np_aqPC7BnUSU3hjariGghgvPGgq-1PHtB0SR1iK7v_0t5MegDurVzH4v58Y6aChDY8zEbPzNDUA5dLz2CAQiyqeKG_fN5Bov5fFi4gmtgeB2lhA5yDUp_sIIWfbmiE_vfvr1UdpdVct1r7rGP7lMeODNHJIclCjWbXUDbgV7vpPlFJOw9q8JpS8839lq2eK-FqBhXh4At-JBBeGp-DIquokgzUDVLwQxNVgo8UGCGxNOoPs8JqZ5xJVmQM_sTHUaFQ2-k1lmYN6a8CwTnWpLtAHpI_GZfy3g2_gjZ44UBUt-R--Wj2RvgFzpBTCK98CxtQwS5mold-UBhuWBQrUInNUPVQdUP5GmkaWlSr6_MGvGF_UHz90nmsMZK299YCpILjYQDwwo_izol7_302AqXu63Joc6cMXciB6kLyANa6tu3xYpl3rD-Kp-gKOSnlMfPkCwdTo5hb61gD_U4pLDlzYqiUX-zSM-82mMXFVLRMvbPgkdKHAz_bL0k6gV7KGfjti3H87dGjvgBXy3Jf84Xi9Gl92OOK0HMKb6GATTxeIHBm0O4tHTGrsH6_Z0SRvRT_dbbHIuSchUPBg25T_YXsgVUdZcAWKHnX5DcRx78F1K8NZSV7iJAUDYLmqOrTDMEYoHMoQhiXVN4jLIJMXrnV8S92jZN3p57aLCZfkWoNw0hK28lJXpICJsfd4EusX-DO9AHE25jCp2OsoNyBLcfQiWaWJ9WIWZNBDxD3MtWCnerM0wJWTzBKM05R4ALyLNO-9qsJ_v49rbjPu59eWSFbxF7ssuaDvE2dHLmc4BLW80Q1wt2OPCk6EyV0VESlpZXG_M-jTqInp4JCxSfieSkewSLpD7LIzQCJ_h62jfZO87jLUR0o-ZrCQBxSW2L2WmR6CXxxOFHYvqwx4aa4PUX4cxac2Vdib2nCWZBXGxnqaeOpiSVc8Chw6yG3tOuCrW3GTj1_iLkwP-X1ftzATDPL7FFWVbiG91IUFmFGj2wYiy1ZPOtCJb2vu1h0bzCGY_g1DloscOxNngi98HBDF8dKoTZKOpGtRYHY3W8tIP0gVj_UazlPpNv87Z7RkWPGc7A0bYX1L9IJEywUZNwYPR3yP-1_ZiFA8WEf7WA87feoFna4D6iHsMpNjD74opvg611AnEy3zZJASOTawda2uZb8oZ0R1i3k-1C8sEoMlrAGQ9VMboO8cH6CRjlbYpbYYMFW3cXScJ0kBDsMyppdoSM5CAYlemAkDb-MJ4H4tQTBJ4KwR90XnWuvgR33qdEVPfRQkEOAnjaHn7Qb_LliiLa4PTT9QGbWuCsS4FY0nGJSibKxQYSYhcFu3DwwN7L36oGHPr5o_uXVpIeAbKb5TkDZ19EDm25jUsYO9gMKheP1lLk1vV590pdLdgrmKy_bweK-Cr5FV5CThGtqZGb1oa8QnrrKC0OufQy5zt1KnpSDYDW4YcaU1da1s42U-HGzDCD8fDJ6ONEZTzwg02rVfkSnBThGg6buvb-frszMQ5_jmEKgyDq3XA/https://www.amazon.com/gp/aw/d/B0F8D6PCQL/?_encoding=UTF8&pd_rd_plhdr=t&aaxitk=b8fdff5d0a92fb43ad129171fd02a1a5&hsa_cr_id=0&qid=1785816717&sr=1-2-9e67e56a-6f64-441f-a281-df67fc737124&i=aps&aref=rDDkVfxPg8&ref_=sbx__sbtcd_asin_1_bkgd&pd_rd_w=1YLQk&content-id=amzn1.sym.8de9b3d5-f5c5-40e9-9b39-d65f08d6ea68%3Aamzn1.sym.8de9b3d5-f5c5-40e9-9b39-d65f08d6ea68&pf_rd_p=8de9b3d5-f5c5-40e9-9b39-d65f08d6ea68&pf_rd_r=81QPZEW1PMFTS2N3N4RZ&pd_rd_wg=kPc4Y&pd_rd_r=fc863f88-8ad2-42de-8300-f1339637172c,"https://m.media-amazon.com/images/I/71-mn-Y6B1L._AC_SR160,134_CB1169409_QL70_.jpg",61,排名靠前；价格高于人民币等值¥288.00；标题包含 wedge，符合美国女鞋舒适化趋势；评分达到4.6以上。
2026-08-04,amazon_us,product,best_sellers,Best Sellers Women Sandals,27,ONCAI Women's Flip Flops Comfortable Arch Support Yoga Mat Summer Beach Walking Thong Cushion Sandals Ladies Outdoor Vacation Essentials Slide Shoes Rubber Soles US Size 5-11,,4.4,$13.99,,,,,,https://www.amazon.com/ONCAI-Support-Athletic-Orthotic-Fasciitis/dp/B0D2292JM9/ref=zg_bs_g_679425011_d_sccl_27/133-1636655-0107931?psc=1,"https://images-na.ssl-images-amazon.com/images/I/71iVIX1IyIL._AC_UL600_SR600,400_.jpg",60,排名进入前30；标题包含 comfort、arch support、beach、summer，符合美国女鞋舒适化趋势；评分达到4.3以上。
2026-08-04,amazon_us,product,new_releases,New Releases Women Sandals,3,Project Cloud Square Toe Flip Flops For Women - Sandals Women(DEDICATION) | Womens Flip Flop with Memory Foam Insole Beach Essentials Womens Sandals - Thong Sandals Women Footwear - Square Toe Sandals,,4.0,$26.90,,,,,,https://www.amazon.com/Project-Cloud-Square-Flops-Women/dp/B0GY5Y8N35/ref=zg_bsnr_g_679425011_d_sccl_3/143-6740310-6939560?psc=1,"https://images-na.ssl-images-amazon.com/images/I/71nllf30glL._AC_UL600_SR600,400_.jpg",60,排名靠前；标题包含 cloud、beach，符合美国女鞋舒适化趋势；评分达到4.0以上。
2026-08-04,amazon_us,product,new_releases,New Releases Women Sandals,13,Uniwill Shower Shoes Women Non-Slip Quick Dry Flip Flop Sandals | Comfortable Arch Support for Public Shower Bathroom Pool Beach Quick Dry with Drain Holes,,4.8,$12.89,,,,,,https://www.amazon.com/Uniwill-Shower-Shoes-Non-Slip-Sandals/dp/B0GY4471BY/ref=zg_bsnr_g_679425011_d_sccl_13/143-6740310-6939560?psc=1,"https://images-na.ssl-images-amazon.com/images/I/71SL6HBtLiL._AC_UL600_SR600,400_.jpg",60,排名进入前30；标题包含 comfort、arch support、beach，符合美国女鞋舒适化趋势；评分达到4.6以上。
2026-08-04,amazon_us,product,new_releases,New Releases Women Sandals,15,Uniwill Shower Shoes Womens Quick Dry Arch Support Flip Flops | Darin Holes Comfortable Non Slip Beach Lightweight Thong Sandalas,,4.6,$9.99,,,,,,https://www.amazon.com/Uniwill-Shower-Shoes-Womens-Quickly/dp/B0GY5JL3N1/ref=zg_bsnr_g_679425011_d_sccl_15/143-6740310-6939560?psc=1,"https://images-na.ssl-images-amazon.com/images/I/61PrHay7LLL._AC_UL600_SR600,400_.jpg",60,排名进入前30；标题包含 comfort、arch support、beach，符合美国女鞋舒适化趋势；评分达到4.6以上。
2026-08-04,amazon_us,product,search,women slides,30,adidas,¥90.72,4.6,adidas,,,,,,https://www.amazon.com/adidas-Unisex-Adilette-Comfort-Slides/dp/B091ZHRHCD/ref=sr_1_16?dib=eyJ2IjoiMSJ9.RrPumS3Ni8XWS9mPWZVEoC2cqbLFexTW_RJQDK1FqYFi2SeZwjgoeycwLo44M3HryvchiLfEcy0qfnQIhK6yJlKTGgAfRu0TZGDT8NbwRTQsyvMriFBiPa6cE8nDjbIg4O9pVBmBbtuJ1vBLzjZpiEnlGjrIzqfj-D4S_EyiukbzkLHzjUqhJeX-u_FoxluUFcjZoIm_2msYX02dX2sTXw5g-KbmNjEiKaZVPLdzJEWmP7fGAlXXY0V_R8vNw4ZZnDaT3OQj_s_G8XxXSc4h2W-z_OpbzBIQ4gViRh2fxCU.4OO28znv1_OLc9--M4sYipmVO94DgmLicKJMnQZG-1A&dib_tag=se&keywords=women+slides&qid=1785816717&sr=8-16,https://m.media-amazon.com/images/I/51uJnrrxC9L._AC_UL320_.jpg,60,排名进入前30；价格处于人民币等值¥57.60-¥180.00黄金区间；评分达到4.6以上。
2026-08-04,amazon_us,product,search,platform sandals women,12,Project Cloud,¥287.28,4.3,Project Cloud,,,,,,https://www.amazon.com/Project-Cloud-Platform-Sandals-Footwear/dp/B0DR3K9KR4/ref=sr_1_4?dib=eyJ2IjoiMSJ9.b40a7B90wYxMAM79Sxswy6XAeUi2HtYaPiXC2PoRpg4MTcuHZurxulQfXbE53VLfiSy-aEKse_3MDr2xUlKoesTBC15kg5Sl-4PPtuPBD7ZT6dJWh2c8PbmZldu81hycYa3XPY5xzHagUmAp-WpTGoOf-5ANh4bMX2-PQOj0B30hElaU_9lK_uGrAfuWGMi7Ih6pOIr71z0QvbampNH7o-AhWVkqv1BSLvjsWBIZQ5yxxEuk5cLt_C3ekCUB7nh207lOaRhUrYYuechi_PklDMqwbAEppfiUT9UzapDVsjU.7rrigk9krEfemB3hc8FMpIWoAImhet_6zwzXJM5A4i4&dib_tag=se&keywords=platform+sandals+women&qid=1785816717&sr=8-4,https://m.media-amazon.com/images/I/71lJvDGljyL._AC_UL320_.jpg,60,排名进入前30；价格处于人民币等值¥180.00-¥288.00区间；标题包含 cloud，符合美国女鞋舒适化趋势；评分达到4.3以上。
2026-08-04,amazon_us,product,search,platform sandals women,4,CUSHIONAIRE,¥273.46,4.1,CUSHIONAIRE,,,,,,https://www.amazon.com/CUSHIONAIRE-Womens-platform-sandal-Memory/dp/B09M96YX6M/ref=sr_1_1?dib=eyJ2IjoiMSJ9.b40a7B90wYxMAM79Sxswy6XAeUi2HtYaPiXC2PoRpg4MTcuHZurxulQfXbE53VLfiSy-aEKse_3MDr2xUlKoesTBC15kg5Sl-4PPtuPBD7ZT6dJWh2c8PbmZldu81hycYa3XPY5xzHagUmAp-WpTGoOf-5ANh4bMX2-PQOj0B30hElaU_9lK_uGrAfuWGMi7Ih6pOIr71z0QvbampNH7o-AhWVkqv1BSLvjsWBIZQ5yxxEuk5cLt_C3ekCUB7nh207lOaRhUrYYuechi_PklDMqwbAEppfiUT9UzapDVsjU.7rrigk9krEfemB3hc8FMpIWoAImhet_6zwzXJM5A4i4&dib_tag=se&keywords=platform+sandals+women&qid=1785816717&sr=8-1,https://m.media-amazon.com/images/I/81v0nOOl2oL._AC_UL320_.jpg,59,排名靠前；价格处于人民币等值¥180.00-¥288.00区间；评分达到4.0以上。
2026-08-04,amazon_us,product,search,platform sandals women,6,Lovee Cosee,¥287.93,4.1,Lovee Cosee,,,,,,https://www.amazon.com/sspa/click?ie=UTF8&spc=MTo4MDgwMDU4MDYwMTY1Mjc0OjE3ODU4MTY3MTc6c3Bfc2VhcmNoX3RoZW1hdGljOjMwMTM2NTEyMDE2NjcwMjo6MDo6&url=%2FLovee-Cosee-Lightweight-Comfortable-Essentials%2Fdp%2FB0GDDP3T2P%2Fref%3Dsxin_18_pa_sp_search_thematic_sspa%3Fcontent-id%3Damzn1.sym.292df443-b323-44ae-8b40-9a666975b8b5%253Aamzn1.sym.292df443-b323-44ae-8b40-9a666975b8b5%26cv_ct_cx%3Dplatform%2Bsandals%2Bwomen%26keywords%3Dplatform%2Bsandals%2Bwomen%26pd_rd_i%3DB0GDDP3T2P%26pd_rd_r%3D3a231ca3-d8c4-41d5-99db-8ebaa42db7c1%26pd_rd_w%3DBkTOV%26pd_rd_wg%3DnR9er%26pf_rd_p%3D292df443-b323-44ae-8b40-9a666975b8b5%26pf_rd_r%3D81QPZEW1PMFTS2N3N4RZ%26qid%3D1785816717%26sbo%3DRZvfv%252F%252FHxDF%252BO5021pAnSA%253D%253D%26sr%3D1-1-6024b2a3-78e4-4fed-8fed-e1613be3bcce-spons%26aref%3DtsqW4oPD2u%26sp_csd%3Dd2lkZ2V0TmFtZT1zcF9zZWFyY2hfdGhlbWF0aWM%26psc%3D1&aref=tsqW4oPD2u,https://m.media-amazon.com/images/I/71tL3Y0loaL._AC_UL320_.jpg,59,排名靠前；价格处于人民币等值¥180.00-¥288.00区间；评分达到4.0以上。
2026-08-04,amazon_us,product,search,platform sandals women,7,EQAUDES,¥266.33,4.1,EQAUDES,,,,,,https://www.amazon.com/sspa/click?ie=UTF8&spc=MTo4MDgwMDU4MDYwMTY1Mjc0OjE3ODU4MTY3MTc6c3Bfc2VhcmNoX3RoZW1hdGljOjMwMTQwODQ4NDcwNzMwMjo6MTo6&url=%2FEQAUDES-Platform-Espadrille-Comfortable-Vacation%2Fdp%2FB0CQXJ6NKW%2Fref%3Dsxin_18_pa_sp_search_thematic_sspa%3Fcontent-id%3Damzn1.sym.292df443-b323-44ae-8b40-9a666975b8b5%253Aamzn1.sym.292df443-b323-44ae-8b40-9a666975b8b5%26cv_ct_cx%3Dplatform%2Bsandals%2Bwomen%26keywords%3Dplatform%2Bsandals%2Bwomen%26pd_rd_i%3DB0CQXJ6NKW%26pd_rd_r%3D3a231ca3-d8c4-41d5-99db-8ebaa42db7c1%26pd_rd_w%3DBkTOV%26pd_rd_wg%3DnR9er%26pf_rd_p%3D292df443-b323-44ae-8b40-9a666975b8b5%26pf_rd_r%3D81QPZEW1PMFTS2N3N4RZ%26qid%3D1785816717%26sbo%3DRZvfv%252F%252FHxDF%252BO5021pAnSA%253D%253D%26sr%3D1-2-6024b2a3-78e4-4fed-8fed-e1613be3bcce-spons%26aref%3DHomP1dHhst%26sp_csd%3Dd2lkZ2V0TmFtZT1zcF9zZWFyY2hfdGhlbWF0aWM%26psc%3D1&aref=HomP1dHhst,https://m.media-amazon.com/images/I/91UzoqnwFZL._AC_UL320_.jpg,59,排名靠前；价格处于人民币等值¥180.00-¥288.00区间；评分达到4.0以上。
2026-08-04,amazon_us,product,search,platform sandals women,8,Gothniero,¥266.33,4.1,Gothniero,,,,,,https://www.amazon.com/sspa/click?ie=UTF8&spc=MTo4MDgwMDU4MDYwMTY1Mjc0OjE3ODU4MTY3MTc6c3Bfc2VhcmNoX3RoZW1hdGljOjMwMDc4NDAzNjA4NDIwMjo6Mjo6&url=%2FGothniero-platform-sandals-metallic-buckles%2Fdp%2FB0CFJYRRPN%2Fref%3Dsxin_18_pa_sp_search_thematic_sspa%3Fcontent-id%3Damzn1.sym.292df443-b323-44ae-8b40-9a666975b8b5%253Aamzn1.sym.292df443-b323-44ae-8b40-9a666975b8b5%26cv_ct_cx%3Dplatform%2Bsandals%2Bwomen%26keywords%3Dplatform%2Bsandals%2Bwomen%26pd_rd_i%3DB0CFJYRRPN%26pd_rd_r%3D3a231ca3-d8c4-41d5-99db-8ebaa42db7c1%26pd_rd_w%3DBkTOV%26pd_rd_wg%3DnR9er%26pf_rd_p%3D292df443-b323-44ae-8b40-9a666975b8b5%26pf_rd_r%3D81QPZEW1PMFTS2N3N4RZ%26qid%3D1785816717%26sbo%3DRZvfv%252F%252FHxDF%252BO5021pAnSA%253D%253D%26sr%3D1-3-6024b2a3-78e4-4fed-8fed-e1613be3bcce-spons%26aref%3DS95aJ1AmHd%26sp_csd%3Dd2lkZ2V0TmFtZT1zcF9zZWFyY2hfdGhlbWF0aWM%26psc%3D1&aref=S95aJ1AmHd,https://m.media-amazon.com/images/I/710irGAMWvL._AC_UL320_.jpg,59,排名靠前；价格处于人民币等值¥180.00-¥288.00区间；评分达到4.0以上。
2026-08-04,amazon_us,product,search,platform sandals women,9,Monrovia,¥244.73,4.2,Monrovia,,,,,,https://www.amazon.com/sspa/click?ie=UTF8&spc=MTo4MDgwMDU4MDYwMTY1Mjc0OjE3ODU4MTY3MTc6c3Bfc2VhcmNoX3RoZW1hdGljOjMwMDI5MDU0NzM1NjkwMjo6Mzo6&url=%2FMonrovia-Platform-Espadrille-Sandals%25EF%25BC%258C-Vacation%2Fdp%2FB0D62V19NP%2Fref%3Dsxin_18_pa_sp_search_thematic_sspa%3Fcontent-id%3Damzn1.sym.292df443-b323-44ae-8b40-9a666975b8b5%253Aamzn1.sym.292df443-b323-44ae-8b40-9a666975b8b5%26cv_ct_cx%3Dplatform%2Bsandals%2Bwomen%26keywords%3Dplatform%2Bsandals%2Bwomen%26pd_rd_i%3DB0D62V19NP%26pd_rd_r%3D3a231ca3-d8c4-41d5-99db-8ebaa42db7c1%26pd_rd_w%3DBkTOV%26pd_rd_wg%3DnR9er%26pf_rd_p%3D292df443-b323-44ae-8b40-9a666975b8b5%26pf_rd_r%3D81QPZEW1PMFTS2N3N4RZ%26qid%3D1785816717%26sbo%3DRZvfv%252F%252FHxDF%252BO5021pAnSA%253D%253D%26sr%3D1-4-6024b2a3-78e4-4fed-8fed-e1613be3bcce-spons%26aref%3DRFUR0XgQnl%26sp_csd%3Dd2lkZ2V0TmFtZT1zcF9zZWFyY2hfdGhlbWF0aWM%26psc%3D1&aref=RFUR0XgQnl,https://m.media-amazon.com/images/I/61s1n98EyYL._AC_UL320_.jpg,59,排名靠前；价格处于人民币等值¥180.00-¥288.00区间；评分达到4.0以上。
2026-08-04,amazon_us,product,search,platform sandals women,10,Vepose,¥251.93,4.1,Vepose,,,,,,https://www.amazon.com/sspa/click?ie=UTF8&spc=MTo4MDgwMDU4MDYwMTY1Mjc0OjE3ODU4MTY3MTc6c3Bfc2VhcmNoX3RoZW1hdGljOjMwMTQwODYzNTc0NjAwMjo6NDo6&url=%2FVepose-Espadrilles-Platform-Sandals-Elastic%2Fdp%2FB0B19ZSPXG%2Fref%3Dsxin_18_pa_sp_search_thematic_sspa%3Fcontent-id%3Damzn1.sym.292df443-b323-44ae-8b40-9a666975b8b5%253Aamzn1.sym.292df443-b323-44ae-8b40-9a666975b8b5%26cv_ct_cx%3Dplatform%2Bsandals%2Bwomen%26keywords%3Dplatform%2Bsandals%2Bwomen%26pd_rd_i%3DB0B19ZSPXG%26pd_rd_r%3D3a231ca3-d8c4-41d5-99db-8ebaa42db7c1%26pd_rd_w%3DBkTOV%26pd_rd_wg%3DnR9er%26pf_rd_p%3D292df443-b323-44ae-8b40-9a666975b8b5%26pf_rd_r%3D81QPZEW1PMFTS2N3N4RZ%26qid%3D1785816717%26sbo%3DRZvfv%252F%252FHxDF%252BO5021pAnSA%253D%253D%26sr%3D1-5-6024b2a3-78e4-4fed-8fed-e1613be3bcce-spons%26aref%3DyZI7BsK0pg%26sp_csd%3Dd2lkZ2V0TmFtZT1zcF9zZWFyY2hfdGhlbWF0aWM%26psc%3D1&aref=yZI7BsK0pg,https://m.media-amazon.com/images/I/81aMMIfWGmL._AC_UL320_.jpg,59,排名靠前；价格处于人民币等值¥180.00-¥288.00区间；评分达到4.0以上。
2026-08-04,amazon_us,product,best_sellers,Best Sellers Women Sandals,23,OOFOS OOriginal Recovery Sandal - Women’s and Men’s,,4.6,$54.99,,,,,,https://www.amazon.com/OOFOS-Unisex-Original-Thong-Black/dp/B007VDSTW0/ref=zg_bs_g_679425011_d_sccl_23/133-1636655-0107931?psc=1,"https://images-na.ssl-images-amazon.com/images/I/51qiZpHX64L._AC_UL600_SR600,400_.jpg",58,排名进入前30；评论数达到50以上；标题包含 recovery，符合美国女鞋舒适化趋势；评分达到4.6以上。
2026-08-04,amazon_us,product,new_releases,New Releases Women Sandals,7,adidas Unisex-Adult Adilette Comfort 2.0 Slide Sandal,,4.4,$30.00,,,,,,https://www.amazon.com/adidas-Unisex-Adilette-Comfort-Sandal/dp/B0F2B84XX9/ref=zg_bsnr_g_679425011_d_sccl_7/143-6740310-6939560?psc=1,"https://images-na.ssl-images-amazon.com/images/I/51qn7G+PVyL._AC_UL600_SR600,400_.jpg",58,排名靠前；标题包含 comfort，符合美国女鞋舒适化趋势；评分达到4.3以上。
2026-08-04,amazon_us,product,search,platform sandals women,5,Crocs,¥296.71,4.6,Crocs,,,,,,https://www.amazon.com/Crocs-Brooklyn-Low-Wedge-Black/dp/B07YQRHTG4/ref=sr_1_2?dib=eyJ2IjoiMSJ9.b40a7B90wYxMAM79Sxswy6XAeUi2HtYaPiXC2PoRpg4MTcuHZurxulQfXbE53VLfiSy-aEKse_3MDr2xUlKoesTBC15kg5Sl-4PPtuPBD7ZT6dJWh2c8PbmZldu81hycYa3XPY5xzHagUmAp-WpTGoOf-5ANh4bMX2-PQOj0B30hElaU_9lK_uGrAfuWGMi7Ih6pOIr71z0QvbampNH7o-AhWVkqv1BSLvjsWBIZQ5yxxEuk5cLt_C3ekCUB7nh207lOaRhUrYYuechi_PklDMqwbAEppfiUT9UzapDVsjU.7rrigk9krEfemB3hc8FMpIWoAImhet_6zwzXJM5A4i4&dib_tag=se&keywords=platform+sandals+women&qid=1785816717&sr=8-2,https://m.media-amazon.com/images/I/7146HmICxBL._AC_UL320_.jpg,58,排名靠前；价格高于人民币等值¥288.00；评分达到4.6以上。
2026-08-04,amazon_us,product,best_sellers,Best Sellers Women Sandals,14,KuaiLu Flip Flops for Women with Arch Support Summer Beach Thong Sandals | Comfortable Yoga Mat Cushion Walking Shoes Slip on Casual Outfits Faux Leather Indoor Outdoor,,4.2,$13.98,,,,,,https://www.amazon.com/KuaiLu-Support-Comfortable-Cushion-Walking/dp/B08GKGCH2R/ref=zg_bs_g_679425011_d_sccl_14/133-1636655-0107931?psc=1,"https://images-na.ssl-images-amazon.com/images/I/81-DUybjK+L._AC_UL600_SR600,400_.jpg",57,排名进入前30；标题包含 comfort、arch support、beach、summer，符合美国女鞋舒适化趋势；评分达到4.0以上。
2026-08-04,amazon_us,product,best_sellers,Best Sellers Women Sandals,33,"Goosecret Women's Comfortable Arch Support Walking Platform Sandals | Lightweight Chunky Slip-On Foam Slides with Adjustable Buckle, Sandals for Beach and Daily Wear",,4.3,$18.99,,,,,,https://www.amazon.com/Goosecret-Platform-Lightweight-Comfortable-Adjustable/dp/B0CZ75N4PP/ref=zg_bs_g_679425011_d_sccl_33/143-6740310-6939560?psc=1,"https://images-na.ssl-images-amazon.com/images/I/61l3YNTRtgL._AC_UL300_SR300,200_.jpg",57,排名进入前50；标题包含 platform、comfort、arch support、beach，符合美国女鞋舒适化趋势；platform + comfort组合趋势加分；评分达到4.3以上。
2026-08-04,amazon_us,product,new_releases,New Releases Women Sandals,19,"ZURIN Women Shower Shoes Quick Dry Flip Flops, Pool Flip Flops for Women | Comfortable, Arch Support, Drainage Holes, Non Slip, for Beach Bath Gym College Dorm",,4.5,$9.99,,,,,,https://www.amazon.com/ZURIN-Support%EF%BC%8CPool-Drainage-Sandals-Slippers/dp/B0GZVHXYJS/ref=zg_bsnr_g_679425011_d_sccl_19/143-6740310-6939560?psc=1,"https://images-na.ssl-images-amazon.com/images/I/71mdYp+i5oL._AC_UL600_SR600,400_.jpg",57,排名进入前30；标题包含 comfort、arch support、beach，符合美国女鞋舒适化趋势；评分达到4.3以上。
2026-08-04,amazon_us,product,new_releases,New Releases Women Sandals,35,"SHIBEVER Womens Wedge Sandals Comfortable: Arch Support Shoes Dressy Summer | Slip-On, Flower, Open Toe, Anti–Slip Rubber, Cushioning, Lightweight, Casual Platform Sandals for Walking Beach Size 5-11",,4.4,$35.99,,,,,,https://www.amazon.com/SHIBEVER-Sandals-Comfortable-Dressy-Summer/dp/B0GZQ2W66D/ref=zg_bsnr_g_679425011_d_sccl_35/143-6740310-6939560?psc=1,"https://images-na.ssl-images-amazon.com/images/I/71s6gVMM2nL._AC_UL300_SR300,200_.jpg",57,排名进入前50；标题包含 platform、comfort、arch support、beach、summer、wedge，符合美国女鞋舒适化趋势；platform + comfort组合趋势加分；评分达到4.3以上。
2026-08-04,amazon_us,product,search,women summer slippers,11,LongBay,¥143.93,4.5,LongBay,,,,,,https://www.amazon.com/LongBay-Slippers-Memory-Bedroom-Dual-Strap/dp/B0DP277YRM/ref=sr_1_3?dib=eyJ2IjoiMSJ9.3B_wBrVg1UMy5tWehIloEqh3GcRQaYuBAiGuYjezoF8Dm6sY8g4v-VR8VGlcZDhfZZ00qHRNt3j33kRWI9xMudg3niaoteu6WzqDMjqIMDCIAkwfAR6ukf09NdIy2nDTCvqsDV8IODBh7K-bnu4KrD2voxBG0Ud3U_gVdMWwdgphp0szPxsaL-IeMDgKntnAd3BKyjDgFgIPwi12ChR2zlKFMIrMsmh2XgGZnf0Gt97YeBSjYEfuLzL8GLBq0hsXJaNoyAovo0umacq4nRmSwyCfm_9RcHedEiSDNkfpcf8.J1zRt4aXGFwXAolNFfpIyLdSwJHStNCahtFtcWaNSAA&dib_tag=se&keywords=women+summer+slippers&qid=1785816716&sr=8-3,https://m.media-amazon.com/images/I/71BlGXBbl-L._AC_UL320_.jpg,57,排名进入前30；价格处于人民币等值¥57.60-¥180.00黄金区间；评分达到4.3以上。
2026-08-04,amazon_us,product,search,women summer slippers,15,KuaiLu,¥100.73,4.3,KuaiLu,,,,,,https://www.amazon.com/KuaiLu-Support-Comfortable-Walking-Sandals/dp/B0C5ZZ51RT/ref=sr_1_7?dib=eyJ2IjoiMSJ9.3B_wBrVg1UMy5tWehIloEqh3GcRQaYuBAiGuYjezoF8Dm6sY8g4v-VR8VGlcZDhfZZ00qHRNt3j33kRWI9xMudg3niaoteu6WzqDMjqIMDCIAkwfAR6ukf09NdIy2nDTCvqsDV8IODBh7K-bnu4KrD2voxBG0Ud3U_gVdMWwdgphp0szPxsaL-IeMDgKntnAd3BKyjDgFgIPwi12ChR2zlKFMIrMsmh2XgGZnf0Gt97YeBSjYEfuLzL8GLBq0hsXJaNoyAovo0umacq4nRmSwyCfm_9RcHedEiSDNkfpcf8.J1zRt4aXGFwXAolNFfpIyLdSwJHStNCahtFtcWaNSAA&dib_tag=se&keywords=women+summer+slippers&qid=1785816716&sr=8-7,https://m.media-amazon.com/images/I/710PdcSAm6L._AC_UL320_.jpg,57,排名进入前30；价格处于人民币等值¥57.60-¥180.00黄金区间；评分达到4.3以上。
2026-08-04,amazon_us,product,search,women summer slippers,16,Evshine,¥71.86,4.4,Evshine,,,,,,https://www.amazon.com/Evshine-Slippers-Bedroom-Corduroy-Outdoor/dp/B0FFZ8GWMZ/ref=sr_1_8?dib=eyJ2IjoiMSJ9.3B_wBrVg1UMy5tWehIloEqh3GcRQaYuBAiGuYjezoF8Dm6sY8g4v-VR8VGlcZDhfZZ00qHRNt3j33kRWI9xMudg3niaoteu6WzqDMjqIMDCIAkwfAR6ukf09NdIy2nDTCvqsDV8IODBh7K-bnu4KrD2voxBG0Ud3U_gVdMWwdgphp0szPxsaL-IeMDgKntnAd3BKyjDgFgIPwi12ChR2zlKFMIrMsmh2XgGZnf0Gt97YeBSjYEfuLzL8GLBq0hsXJaNoyAovo0umacq4nRmSwyCfm_9RcHedEiSDNkfpcf8.J1zRt4aXGFwXAolNFfpIyLdSwJHStNCahtFtcWaNSAA&dib_tag=se&keywords=women+summer+slippers&qid=1785816716&sr=8-8,https://m.media-amazon.com/images/I/81L2e-mi2FL._AC_UL320_.jpg,57,排名进入前30；价格处于人民币等值¥57.60-¥180.00黄金区间；评分达到4.3以上。
2026-08-04,amazon_us,product,search,women summer slippers,19,Evshine,¥93.53,4.4,Evshine,,,,,,https://www.amazon.com/Evshine-Summer-Slippers-Corduroy-Bedroom/dp/B0CSN39WDS/ref=sr_1_11?dib=eyJ2IjoiMSJ9.3B_wBrVg1UMy5tWehIloEqh3GcRQaYuBAiGuYjezoF8Dm6sY8g4v-VR8VGlcZDhfZZ00qHRNt3j33kRWI9xMudg3niaoteu6WzqDMjqIMDCIAkwfAR6ukf09NdIy2nDTCvqsDV8IODBh7K-bnu4KrD2voxBG0Ud3U_gVdMWwdgphp0szPxsaL-IeMDgKntnAd3BKyjDgFgIPwi12ChR2zlKFMIrMsmh2XgGZnf0Gt97YeBSjYEfuLzL8GLBq0hsXJaNoyAovo0umacq4nRmSwyCfm_9RcHedEiSDNkfpcf8.J1zRt4aXGFwXAolNFfpIyLdSwJHStNCahtFtcWaNSAA&dib_tag=se&keywords=women+summer+slippers&qid=1785816716&sr=8-11,https://m.media-amazon.com/images/I/71SaoMUrpoL._AC_UL320_.jpg,57,排名进入前30；价格处于人民币等值¥57.60-¥180.00黄金区间；评分达到4.3以上。
2026-08-04,amazon_us,product,search,women summer slippers,22,ULTRAIDEAS,¥122.33,4.5,ULTRAIDEAS,,,,,,https://www.amazon.com/ULTRAIDEAS-Slippers-Bowknot-Outdoor-Anti-Skid/dp/B07MZ3H6MN/ref=sr_1_14?dib=eyJ2IjoiMSJ9.3B_wBrVg1UMy5tWehIloEqh3GcRQaYuBAiGuYjezoF8Dm6sY8g4v-VR8VGlcZDhfZZ00qHRNt3j33kRWI9xMudg3niaoteu6WzqDMjqIMDCIAkwfAR6ukf09NdIy2nDTCvqsDV8IODBh7K-bnu4KrD2voxBG0Ud3U_gVdMWwdgphp0szPxsaL-IeMDgKntnAd3BKyjDgFgIPwi12ChR2zlKFMIrMsmh2XgGZnf0Gt97YeBSjYEfuLzL8GLBq0hsXJaNoyAovo0umacq4nRmSwyCfm_9RcHedEiSDNkfpcf8.J1zRt4aXGFwXAolNFfpIyLdSwJHStNCahtFtcWaNSAA&dib_tag=se&keywords=women+summer+slippers&qid=1785816716&sr=8-14,https://m.media-amazon.com/images/I/71cvxwhDe7L._AC_UL320_.jpg,57,排名进入前30；价格处于人民币等值¥57.60-¥180.00黄金区间；评分达到4.3以上。
2026-08-04,amazon_us,product,search,women summer slippers,26,IPSAE,¥71.93,4.4,IPSAE,,,,,,https://www.amazon.com/IPSAE-Slippers-Corduroy-Slipper-Bedroom/dp/B0DB4W73J3/ref=sr_1_18?dib=eyJ2IjoiMSJ9.3B_wBrVg1UMy5tWehIloEqh3GcRQaYuBAiGuYjezoF8Dm6sY8g4v-VR8VGlcZDhfZZ00qHRNt3j33kRWI9xMudg3niaoteu6WzqDMjqIMDCIAkwfAR6ukf09NdIy2nDTCvqsDV8IODBh7K-bnu4KrD2voxBG0Ud3U_gVdMWwdgphp0szPxsaL-IeMDgKntnAd3BKyjDgFgIPwi12ChR2zlKFMIrMsmh2XgGZnf0Gt97YeBSjYEfuLzL8GLBq0hsXJaNoyAovo0umacq4nRmSwyCfm_9RcHedEiSDNkfpcf8.J1zRt4aXGFwXAolNFfpIyLdSwJHStNCahtFtcWaNSAA&dib_tag=se&keywords=women+summer+slippers&qid=1785816716&sr=8-18,https://m.media-amazon.com/images/I/71GcxKVQLUL._AC_UL320_.jpg,57,排名进入前30；价格处于人民币等值¥57.60-¥180.00黄金区间；评分达到4.3以上。
2026-08-04,amazon_us,product,search,women summer slippers,28,GOEWY,¥93.53,4.3,GOEWY,,,,,,https://www.amazon.com/GOEWY-Slippers-Anti-Skid-Birthday-Bridesmaid/dp/B0DRFQKGW3/ref=sr_1_20?dib=eyJ2IjoiMSJ9.3B_wBrVg1UMy5tWehIloEqh3GcRQaYuBAiGuYjezoF8Dm6sY8g4v-VR8VGlcZDhfZZ00qHRNt3j33kRWI9xMudg3niaoteu6WzqDMjqIMDCIAkwfAR6ukf09NdIy2nDTCvqsDV8IODBh7K-bnu4KrD2voxBG0Ud3U_gVdMWwdgphp0szPxsaL-IeMDgKntnAd3BKyjDgFgIPwi12ChR2zlKFMIrMsmh2XgGZnf0Gt97YeBSjYEfuLzL8GLBq0hsXJaNoyAovo0umacq4nRmSwyCfm_9RcHedEiSDNkfpcf8.J1zRt4aXGFwXAolNFfpIyLdSwJHStNCahtFtcWaNSAA&dib_tag=se&keywords=women+summer+slippers&qid=1785816716&sr=8-20,https://m.media-amazon.com/images/I/71cJmHLWhGL._AC_UL320_.jpg,57,排名进入前30；价格处于人民币等值¥57.60-¥180.00黄金区间；评分达到4.3以上。
2026-08-04,amazon_us,product,search,women summer slippers,29,Weweya,¥71.93,4.4,Weweya,,,,,,https://www.amazon.com/Weweya-Shower-Non-Slip-Outdoor-Sandals/dp/B0F1XTPHY8/ref=sr_1_21?dib=eyJ2IjoiMSJ9.3B_wBrVg1UMy5tWehIloEqh3GcRQaYuBAiGuYjezoF8Dm6sY8g4v-VR8VGlcZDhfZZ00qHRNt3j33kRWI9xMudg3niaoteu6WzqDMjqIMDCIAkwfAR6ukf09NdIy2nDTCvqsDV8IODBh7K-bnu4KrD2voxBG0Ud3U_gVdMWwdgphp0szPxsaL-IeMDgKntnAd3BKyjDgFgIPwi12ChR2zlKFMIrMsmh2XgGZnf0Gt97YeBSjYEfuLzL8GLBq0hsXJaNoyAovo0umacq4nRmSwyCfm_9RcHedEiSDNkfpcf8.J1zRt4aXGFwXAolNFfpIyLdSwJHStNCahtFtcWaNSAA&dib_tag=se&keywords=women+summer+slippers&qid=1785816716&sr=8-21,https://m.media-amazon.com/images/I/61QGXLFgg+L._AC_UL320_.jpg,57,排名进入前30；价格处于人民币等值¥57.60-¥180.00黄金区间；评分达到4.3以上。
2026-08-04,amazon_us,product,search,women slides,20,ODOLY,¥143.93,4.5,ODOLY,,,,,,https://www.amazon.com/ODOLY-Footbed-Comfortable-Sandals-Adjustable/dp/B0CSMN1X4W/ref=sr_1_6?dib=eyJ2IjoiMSJ9.RrPumS3Ni8XWS9mPWZVEoC2cqbLFexTW_RJQDK1FqYFi2SeZwjgoeycwLo44M3HryvchiLfEcy0qfnQIhK6yJlKTGgAfRu0TZGDT8NbwRTQsyvMriFBiPa6cE8nDjbIg4O9pVBmBbtuJ1vBLzjZpiEnlGjrIzqfj-D4S_EyiukbzkLHzjUqhJeX-u_FoxluUFcjZoIm_2msYX02dX2sTXw5g-KbmNjEiKaZVPLdzJEWmP7fGAlXXY0V_R8vNw4ZZnDaT3OQj_s_G8XxXSc4h2W-z_OpbzBIQ4gViRh2fxCU.4OO28znv1_OLc9--M4sYipmVO94DgmLicKJMnQZG-1A&dib_tag=se&keywords=women+slides&qid=1785816717&sr=8-6,https://m.media-amazon.com/images/I/61iYsM+H9QL._AC_UL320_.jpg,57,排名进入前30；价格处于人民币等值¥57.60-¥180.00黄金区间；评分达到4.3以上。
2026-08-04,amazon_us,product,search,women slides,26,shevalues,¥143.93,4.3,shevalues,,,,,,https://www.amazon.com/shevalues-Comfort-Sandals-Support-Adjustable/dp/B0GG1VL4SZ/ref=sr_1_12?dib=eyJ2IjoiMSJ9.RrPumS3Ni8XWS9mPWZVEoC2cqbLFexTW_RJQDK1FqYFi2SeZwjgoeycwLo44M3HryvchiLfEcy0qfnQIhK6yJlKTGgAfRu0TZGDT8NbwRTQsyvMriFBiPa6cE8nDjbIg4O9pVBmBbtuJ1vBLzjZpiEnlGjrIzqfj-D4S_EyiukbzkLHzjUqhJeX-u_FoxluUFcjZoIm_2msYX02dX2sTXw5g-KbmNjEiKaZVPLdzJEWmP7fGAlXXY0V_R8vNw4ZZnDaT3OQj_s_G8XxXSc4h2W-z_OpbzBIQ4gViRh2fxCU.4OO28znv1_OLc9--M4sYipmVO94DgmLicKJMnQZG-1A&dib_tag=se&keywords=women+slides&qid=1785816717&sr=8-12,https://m.media-amazon.com/images/I/71N1gcg2qHL._AC_UL320_.jpg,57,排名进入前30；价格处于人民币等值¥57.60-¥180.00黄金区间；评分达到4.3以上。
2026-08-04,amazon_us,product,search,platform sandals women,13,Goosecret,¥136.73,4.3,Goosecret,,,,,,https://www.amazon.com/Goosecret-Platform-Lightweight-Comfortable-Adjustable/dp/B0CZ75N4PP/ref=sr_1_5?dib=eyJ2IjoiMSJ9.b40a7B90wYxMAM79Sxswy6XAeUi2HtYaPiXC2PoRpg4MTcuHZurxulQfXbE53VLfiSy-aEKse_3MDr2xUlKoesTBC15kg5Sl-4PPtuPBD7ZT6dJWh2c8PbmZldu81hycYa3XPY5xzHagUmAp-WpTGoOf-5ANh4bMX2-PQOj0B30hElaU_9lK_uGrAfuWGMi7Ih6pOIr71z0QvbampNH7o-AhWVkqv1BSLvjsWBIZQ5yxxEuk5cLt_C3ekCUB7nh207lOaRhUrYYuechi_PklDMqwbAEppfiUT9UzapDVsjU.7rrigk9krEfemB3hc8FMpIWoAImhet_6zwzXJM5A4i4&dib_tag=se&keywords=platform+sandals+women&qid=1785816717&sr=8-5,https://m.media-amazon.com/images/I/61l3YNTRtgL._AC_UL320_.jpg,57,排名进入前30；价格处于人民币等值¥57.60-¥180.00黄金区间；评分达到4.3以上。
2026-08-04,amazon_us,product,best_sellers,Best Sellers Women Sandals,9,"WHITIN Women's Slides with Cushioned Thick Sole Slippers for Home Wear Y13 | Comfort for Daily Wear, Waterproof & Easy to Clean, Indoor & Outdoor Versatility, Lightweight EVA for All-Day",,4.2,$9.99,,,,,,https://www.amazon.com/WHITIN-Slippers-Sandals-Fashionable-Lightweight/dp/B0C1C3MKLF/ref=zg_bs_g_679425011_d_sccl_9/133-1636655-0107931?psc=1,"https://images-na.ssl-images-amazon.com/images/I/71nA8egRirL._AC_UL600_SR600,400_.jpg",55,排名靠前；标题包含 comfort，符合美国女鞋舒适化趋势；评分达到4.0以上。
2026-08-04,amazon_us,product,search,women slides,13,Nike,¥199.80,4.6,Nike,,,,,,https://www.amazon.com/sspa/click?ie=UTF8&spc=MTo0MzE5MDQ3ODU4ODQ3MzAwOjE3ODU4MTY3MTc6c3Bfc2VhcmNoX3RoZW1hdGljOjMwMTEzOTY2Nzk3MDUwMjo6NDo6&url=%2FNIKE-Womens-Gymnastics-White-Black%2Fdp%2FB08Q8RGR3K%2Fref%3Dsxin_18_pa_sp_search_thematic_sspa%3Fcontent-id%3Damzn1.sym.44acafb9-9a42-418c-a96e-4e3ed427e46e%253Aamzn1.sym.44acafb9-9a42-418c-a96e-4e3ed427e46e%26cv_ct_cx%3Dwomen%2Bslides%26keywords%3Dwomen%2Bslides%26pd_rd_i%3DB08Q8RGR3K%26pd_rd_r%3D37469c67-2452-4aed-8be4-e87bf069c9af%26pd_rd_w%3DdG9nj%26pd_rd_wg%3DyI5zc%26pf_rd_p%3D44acafb9-9a42-418c-a96e-4e3ed427e46e%26pf_rd_r%3DY7YQEVC6QQQD7VY90GY9%26qid%3D1785816717%26sbo%3DRZvfv%252F%252FHxDF%252BO5021pAnSA%253D%253D%26sr%3D1-5-4a82bf2c-99de-49d4-8c6e-1b9c06d4b176-spons%26aref%3DkiBtpOoeyz%26sp_csd%3Dd2lkZ2V0TmFtZT1zcF9zZWFyY2hfdGhlbWF0aWM%26psc%3D1&aref=kiBtpOoeyz,https://m.media-amazon.com/images/I/5190AloUtsL._AC_UL320_.jpg,55,排名进入前30；价格处于人民币等值¥180.00-¥288.00区间；评分达到4.6以上。
2026-08-04,amazon_us,product,search,platform sandals women,1,Sorel Women's Ona Ave T-Toe Sneaker Sorel Women's Ona Ave T-Toe Sneaker,¥594.00,4.3,,,,,,,https://aax-us-east-retail-direct.amazon.com/x/c/JA0u93pe3MeF0jN0F4AohlQAAAGfyviaKQEAAAH2AQBvbm9fdHhuX2JpZDYgICBvbm9fdHhuX2ltcDIgICCuVxCt/clv1c_ek-wBXfSKsTa7TffVpoZl6bZ2Tg4ZFaROFxcLkWmDf9K79WPyWac35OLV9uyiA0OIuSO_SYKEU6cMhq2haoTEKRVYwHLU4zgUyHMqfdj_dSwqpRiFK9PkPyZ4vNakpqJC0905CZ1kKMLY53JUSBd_cXzgN2firXwmICoj5Spz6BTsd8Np_aqPC7BnUSU3hjariGghgvPGgq-1PHtB0SR1iK7v_0t5MegDurVzH4v58Y6aChDY8zEbPzNDUA5dLz2CAQiyqeKG_fN5Bov5fFi4gmtgeB2lhA5yDUp_sIIWfbmiE_vfvr1UdpdVct1r7rGP7lMeODNHJIclCjWbXUDbgV7vpPlFJOw9q8JpS8839lq2eK-FqBhXh4At-JBBeGp-DIquokgzUDVLwQxNVgo8UGCGxNOoPs8JqZ5xJVmQM_sTHUaFQ2-k1lmYN6a8CwTnWpLtAHpI_GZfy3g2_gjZ44UBUt-R--Wj2RvgFzpBTCK98CxtQwS5mold-UBhuWBQrUInNUPVQdUP5GmkaWlSr6_MGvGF_UHz90nmsMZK299YCpILjYQDwwo_izol7_302AqXu63Joc6cMXciB6kLyANa6tu3xYpl3rD-Kp-gKOSnlMfPkCwdTo5hb61gD_U4pLDlzYqiUX-zSM-82mMXFVLRMvbPgkdKHAz_bL0k6gV7KGfjti3H87dGjvgBXy3Jf84Xi9Gl92OOK0HMKb6GATTxeIHBm0O4tHTGrsH6_Z0SRvRT_dbbHIuSchUPBg25T_YXsgVUdZcAWKHnX5DcRx78F1K8NZSV7iJAUDYLmqOrTDMEYoHMoQhiXVN4jLIJMXrnV8S92jZN3p57aLCZfkWoNw0hK28lJXpICJsfd4EusX-DO9AHE25jCp2OsoNyBLcfQiWaWJ9WIWZNBDxD3MtWCnerM0wJWTzBKM05R4ALyLNO-9qsJ_v49rbjPu59eWSFbxF7ssuaDvE2dHLmc4BLW80Q1wt2OPCk6EyV0VESlpZXG_M-jTqInp4JCxSfieSkewSLpD7LIzQCJ_h62jfZO87jLUR0o-ZrCQBxSW2L2WmR6CXxxOFHYvqwx4aa4PUX4cxac2Vdib2nCWZBXGxnqaeOpiSVc8Chw6yG3tOuCrW3GTj1_iLkwP-X1ftzATDPL7FFWVbiG91IUFmFGj2wYiy1ZPOtCJb2vu1h0bzCGY_g1DloscOxNngi98HBDF8dKoTZKOpGtRYHY3W8tIP0gVj_UazlPpNv87Z7RkWPGc7A0bYX1L9IJEywUZNwYPR3yP-1_ZiFA8WEf7WA87feoFna4D6iHsMpNjD74opvg611AnEy3zZJASOTawda2uZb8oZ0R1i3k-1C8sEoMlrAGQ9VMboO8cH6CRjlbYpbYYMFW3cXScJ0kBDsMyppdoSM5CAYlemAkDb-MJ4H4tQTBJ4KwR90XnWuvgR33qdEVPfRQkEOAnjaHn7Qb_LliiLa4PTT9QGbWuCsS4FY0nGJSibKxQYSYhcFu3DwwN7L36oGHPr5o_uXVpIeAbKb5TkDZ19EDm25jUsYO9gMKheP1lLk1vV590pdLdgrmKy_bweK-Cr5FV5CThGtqZGb1oa8QnrrKC0OufQy5zt1KnpSDYDW4YcaU1da1s42U-HGzDCD8fDJ6ONEZTzwg02rVfkSnBThGg6buvb-frszMQ5_jmEKgyDq3XA/https://www.amazon.com/gp/aw/d/B0F8CMP4J6/?_encoding=UTF8&pd_rd_plhdr=t&aaxitk=b8fdff5d0a92fb43ad129171fd02a1a5&hsa_cr_id=0&qid=1785816717&sr=1-1-9e67e56a-6f64-441f-a281-df67fc737124&i=aps&aref=rDDkVfxPg8&ref_=sbx__sbtcd_asin_0_bkgd&pd_rd_w=1YLQk&content-id=amzn1.sym.8de9b3d5-f5c5-40e9-9b39-d65f08d6ea68%3Aamzn1.sym.8de9b3d5-f5c5-40e9-9b39-d65f08d6ea68&pf_rd_p=8de9b3d5-f5c5-40e9-9b39-d65f08d6ea68&pf_rd_r=81QPZEW1PMFTS2N3N4RZ&pd_rd_wg=kPc4Y&pd_rd_r=fc863f88-8ad2-42de-8300-f1339637172c,"https://m.media-amazon.com/images/I/71Gjc0LInbL._AC_SR160,134_CB1169409_QL70_.jpg",55,排名靠前；价格高于人民币等值¥288.00；评分达到4.3以上。
2026-08-04,amazon_us,product,best_sellers,Best Sellers Women Sandals,11,KuaiLu Womens Flip Flops Arch Support Yoga Mat Cushioned Thong Sandals | Ladies Comfortable Walking Slides For Plantar Fasciitis Slip On Indoor Outdoor For Summer,,4.1,$23.08,,,,,,https://www.amazon.com/KuaiLu-Comfortable-Walking-Sandals-Fasciitis/dp/B08XX52FHY/ref=zg_bs_g_679425011_d_sccl_11/133-1636655-0107931?psc=1,"https://images-na.ssl-images-amazon.com/images/I/61k31MTJEYL._AC_UL600_SR600,400_.jpg",54,排名进入前30；标题包含 comfort、arch support、summer，符合美国女鞋舒适化趋势；评分达到4.0以上。
2026-08-04,amazon_us,product,best_sellers,Best Sellers Women Sandals,13,"shevalues Slim Basic Flip Flops for Women with Comfortable Yoga Mat | Lightweight Non Slip Rubber Sandals for Beach, Shower, Pool & Summer Casual Wear",,4.4,$8.54,,,,,,https://www.amazon.com/shevalues-Shower-Rubber-Sandals-Comfortable/dp/B0B68G2D52/ref=zg_bs_g_679425011_d_sccl_13/133-1636655-0107931?psc=1,"https://images-na.ssl-images-amazon.com/images/I/61b4HXgBWfL._AC_UL600_SR600,400_.jpg",54,排名进入前30；标题包含 comfort、beach、summer，符合美国女鞋舒适化趋势；评分达到4.3以上。
2026-08-04,amazon_us,product,best_sellers,Best Sellers Women Sandals,38,Project Cloud 100% Genuine Leather Sandals Women Comfortable Womens Slides | Slides for Women Beach Essential Lightweight Footwear with Memory Foam Insole Everyday Summer Sandals for Women,,4.0,$27.90,,,,,,https://www.amazon.com/Project-Cloud-Genuine-Leather-Essentials/dp/B0CP4LB912/ref=zg_bs_g_679425011_d_sccl_38/143-6740310-6939560?psc=1,"https://images-na.ssl-images-amazon.com/images/I/71vp2CsL3sL._AC_UL300_SR300,200_.jpg",54,排名进入前50；标题包含 cloud、comfort、beach、summer，符合美国女鞋舒适化趋势；cloud + slides组合趋势加分；评分达到4.0以上。
2026-08-04,amazon_us,product,best_sellers,Best Sellers Women Sandals,46,"CUSHIONAIRE Feather EVA Slides for Women – Comfortable Slip On Womens Slippers, Indoor Outdoor Shower Shoes, Beach Essential Cloud Slides",,4.4,$25.64,,,,,,https://www.amazon.com/Cushionaire-Womens-Feather-recovery-Comfort/dp/B094TD7Z1K/ref=zg_bs_g_679425011_d_sccl_46/143-6740310-6939560?psc=1,"https://images-na.ssl-images-amazon.com/images/I/817PhiYQjLL._AC_UL300_SR300,200_.jpg",54,排名进入前50；标题包含 cloud、comfort、beach，符合美国女鞋舒适化趋势；cloud + slides组合趋势加分；评分达到4.3以上。
2026-08-04,amazon_us,product,new_releases,New Releases Women Sandals,18,RJYLP Jelly Sandals for Women Clear Sandals Jelly Shoes Women Kitten Heel Mules Open Toe Slide Pumps Dress Shoes Beach Summer Sandal Cute Comfortable,,4.4,$49.99,,,,,,https://www.amazon.com/RJYLP-Sandals-Kitten-Summer-Comfortable/dp/B0H3NBYHJS/ref=zg_bsnr_g_679425011_d_sccl_18/143-6740310-6939560?psc=1,"https://images-na.ssl-images-amazon.com/images/I/61SdeC7gxAL._AC_UL600_SR600,400_.jpg",54,排名进入前30；标题包含 comfort、beach、summer，符合美国女鞋舒适化趋势；评分达到4.3以上。
2026-08-04,amazon_us,product,new_releases,New Releases Women Sandals,45,"QIY Flip Flops for Women Square Toe Platform Sandals Slides | Memory Foam Insole - Lightweight and Comfortable, Women Footwear Summer Thong Sandals for Women 2026",,4.4,$25.99,,,,,,https://www.amazon.com/QIY-Square-Platform-Sandals-Slides/dp/B0H13RRDD8/ref=zg_bsnr_g_679425011_d_sccl_45/143-6740310-6939560?psc=1,"https://images-na.ssl-images-amazon.com/images/I/61c-vvOzT2L._AC_UL300_SR300,200_.jpg",54,排名进入前50；标题包含 platform、comfort、summer，符合美国女鞋舒适化趋势；platform + comfort组合趋势加分；评分达到4.3以上。
2026-08-04,amazon_us,product,search,women summer slippers,23,isotoner,¥129.60,4.1,isotoner,,,,,,https://www.amazon.com/isotoner-Moisture-Wicking-Outdoor-Comfort/dp/B07N46CQ5X/ref=sr_1_15?dib=eyJ2IjoiMSJ9.3B_wBrVg1UMy5tWehIloEqh3GcRQaYuBAiGuYjezoF8Dm6sY8g4v-VR8VGlcZDhfZZ00qHRNt3j33kRWI9xMudg3niaoteu6WzqDMjqIMDCIAkwfAR6ukf09NdIy2nDTCvqsDV8IODBh7K-bnu4KrD2voxBG0Ud3U_gVdMWwdgphp0szPxsaL-IeMDgKntnAd3BKyjDgFgIPwi12ChR2zlKFMIrMsmh2XgGZnf0Gt97YeBSjYEfuLzL8GLBq0hsXJaNoyAovo0umacq4nRmSwyCfm_9RcHedEiSDNkfpcf8.J1zRt4aXGFwXAolNFfpIyLdSwJHStNCahtFtcWaNSAA&dib_tag=se&keywords=women+summer+slippers&qid=1785816716&sr=8-15,https://m.media-amazon.com/images/I/71ZM3S2w7-L._AC_UL320_.jpg,54,排名进入前30；价格处于人民币等值¥57.60-¥180.00黄金区间；评分达到4.0以上。
2026-08-04,amazon_us,product,search,women summer slippers,24,DL,¥88.99,4.2,DL,,,,,,https://www.amazon.com/DL-Slippers-Flannel-Bedroom-Non-Slip/dp/B08NJV6WYX/ref=sr_1_16?dib=eyJ2IjoiMSJ9.3B_wBrVg1UMy5tWehIloEqh3GcRQaYuBAiGuYjezoF8Dm6sY8g4v-VR8VGlcZDhfZZ00qHRNt3j33kRWI9xMudg3niaoteu6WzqDMjqIMDCIAkwfAR6ukf09NdIy2nDTCvqsDV8IODBh7K-bnu4KrD2voxBG0Ud3U_gVdMWwdgphp0szPxsaL-IeMDgKntnAd3BKyjDgFgIPwi12ChR2zlKFMIrMsmh2XgGZnf0Gt97YeBSjYEfuLzL8GLBq0hsXJaNoyAovo0umacq4nRmSwyCfm_9RcHedEiSDNkfpcf8.J1zRt4aXGFwXAolNFfpIyLdSwJHStNCahtFtcWaNSAA&dib_tag=se&keywords=women+summer+slippers&qid=1785816716&sr=8-16,https://m.media-amazon.com/images/I/71rpTD70hUL._AC_UL320_.jpg,54,排名进入前30；价格处于人民币等值¥57.60-¥180.00黄金区间；评分达到4.0以上。
2026-08-04,amazon_us,product,search,women slides,40,"Arch Support Slides Comfortable Beach Pool Slippers, Lightweight Indoor Outdoor Slide Shower Bathroom Sandals Quick Drying",¥64.73,4.0,"Price, product page $8.99 $ 8 . 99 List: $19.99 List: $19.99 $19.99",,,,,,https://www.amazon.com/INUUINUU-Comfortable-Slippers-Lightweight-Bathroom/dp/B0GLG31CKK/ref=sr_1_26?dib=eyJ2IjoiMSJ9.RrPumS3Ni8XWS9mPWZVEoC2cqbLFexTW_RJQDK1FqYFi2SeZwjgoeycwLo44M3HryvchiLfEcy0qfnQIhK6yJlKTGgAfRu0TZGDT8NbwRTQsyvMriFBiPa6cE8nDjbIg4O9pVBmBbtuJ1vBLzjZpiEnlGjrIzqfj-D4S_EyiukbzkLHzjUqhJeX-u_FoxluUFcjZoIm_2msYX02dX2sTXw5g-KbmNjEiKaZVPLdzJEWmP7fGAlXXY0V_R8vNw4ZZnDaT3OQj_s_G8XxXSc4h2W-z_OpbzBIQ4gViRh2fxCU.4OO28znv1_OLc9--M4sYipmVO94DgmLicKJMnQZG-1A&dib_tag=se&keywords=women+slides&qid=1785816717&sr=8-26,https://m.media-amazon.com/images/I/71ao+6pV3pL._AC_UL320_.jpg,54,排名进入前50；价格处于人民币等值¥57.60-¥180.00黄金区间；标题包含 comfort、arch support、beach，符合美国女鞋舒适化趋势；评分达到4.0以上。
2026-08-04,amazon_us,product,new_releases,New Releases Women Sandals,21,shevalues Women's Flip Flops Mild Arch Support Comfortable Thong Sandals | Yoga Mat Footbed Lightweight Summer Beach Walking Slides,,3.8,$9.99,,,,,,https://www.amazon.com/shevalues-Womens-Support-Comfortable-Sandals/dp/B0GVJY1R7G/ref=zg_bsnr_g_679425011_d_sccl_21/143-6740310-6939560?psc=1,"https://images-na.ssl-images-amazon.com/images/I/51Q0RjuKlEL._AC_UL600_SR600,400_.jpg",53,排名进入前30；标题包含 comfort、arch support、beach、summer，符合美国女鞋舒适化趋势。
2026-08-04,amazon_us,product,search,women slides,27,Project Cloud,¥359.28,4.3,Project Cloud,,,,,,https://www.amazon.com/Project-Cloud-Fashion-Sandals-Women/dp/B0CQ712QY4/ref=sr_1_13?dib=eyJ2IjoiMSJ9.RrPumS3Ni8XWS9mPWZVEoC2cqbLFexTW_RJQDK1FqYFi2SeZwjgoeycwLo44M3HryvchiLfEcy0qfnQIhK6yJlKTGgAfRu0TZGDT8NbwRTQsyvMriFBiPa6cE8nDjbIg4O9pVBmBbtuJ1vBLzjZpiEnlGjrIzqfj-D4S_EyiukbzkLHzjUqhJeX-u_FoxluUFcjZoIm_2msYX02dX2sTXw5g-KbmNjEiKaZVPLdzJEWmP7fGAlXXY0V_R8vNw4ZZnDaT3OQj_s_G8XxXSc4h2W-z_OpbzBIQ4gViRh2fxCU.4OO28znv1_OLc9--M4sYipmVO94DgmLicKJMnQZG-1A&dib_tag=se&keywords=women+slides&qid=1785816717&sr=8-13,https://m.media-amazon.com/images/I/71WxLxLw-rL._AC_UL320_.jpg,53,排名进入前30；价格高于人民币等值¥288.00；标题包含 cloud，符合美国女鞋舒适化趋势；评分达到4.3以上。
2026-08-04,amazon_us,product,new_releases,New Releases Women Sandals,4,adidas Mens Adilette Aqua Slides Casual Sandals Casual - Black,,4.4,$21.00,,,,,,https://www.amazon.com/adidas-Unisex-Adilette-Slide-Sandal/dp/B0BHXMP298/ref=zg_bsnr_g_679425011_d_sccl_4/143-6740310-6939560?psc=1,"https://images-na.ssl-images-amazon.com/images/I/51nGzrhiENL._AC_UL600_SR600,400_.jpg",52,排名靠前；评分达到4.3以上。
2026-08-04,amazon_us,product,new_releases,New Releases Women Sandals,8,adidas Womens Adilette Aqua Slides Casual Sandals Casual - Pink,,4.5,$24.90,,,,,,https://www.amazon.com/adidas-Womens-Adilette-Slides-Sandal/dp/B0921G46VX/ref=zg_bsnr_g_679425011_d_sccl_8/143-6740310-6939560?psc=1,"https://images-na.ssl-images-amazon.com/images/I/31UIFbdKeTL._AC_UL600_SR600,400_.jpg",52,排名靠前；评分达到4.3以上。
2026-08-04,amazon_us,product,search,women slides,19,CUSHIONAIRE,¥184.61,4.4,CUSHIONAIRE,,,,,,https://www.amazon.com/CUSHIONAIRE-Womens-Feather-recovery-Comfort/dp/B0BTQ7ZS7B/ref=sr_1_5?dib=eyJ2IjoiMSJ9.RrPumS3Ni8XWS9mPWZVEoC2cqbLFexTW_RJQDK1FqYFi2SeZwjgoeycwLo44M3HryvchiLfEcy0qfnQIhK6yJlKTGgAfRu0TZGDT8NbwRTQsyvMriFBiPa6cE8nDjbIg4O9pVBmBbtuJ1vBLzjZpiEnlGjrIzqfj-D4S_EyiukbzkLHzjUqhJeX-u_FoxluUFcjZoIm_2msYX02dX2sTXw5g-KbmNjEiKaZVPLdzJEWmP7fGAlXXY0V_R8vNw4ZZnDaT3OQj_s_G8XxXSc4h2W-z_OpbzBIQ4gViRh2fxCU.4OO28znv1_OLc9--M4sYipmVO94DgmLicKJMnQZG-1A&dib_tag=se&keywords=women+slides&qid=1785816717&sr=8-5,https://m.media-amazon.com/images/I/81PBXKFp76L._AC_UL320_.jpg,52,排名进入前30；价格处于人民币等值¥180.00-¥288.00区间；评分达到4.3以上。
2026-08-04,amazon_us,product,search,women slides,28,adidas,¥189.00,4.5,adidas,,,,,,https://www.amazon.com/adidas-Unisex-Adilette-Lumia-Sandal/dp/B0D2247RMD/ref=sr_1_14?dib=eyJ2IjoiMSJ9.RrPumS3Ni8XWS9mPWZVEoC2cqbLFexTW_RJQDK1FqYFi2SeZwjgoeycwLo44M3HryvchiLfEcy0qfnQIhK6yJlKTGgAfRu0TZGDT8NbwRTQsyvMriFBiPa6cE8nDjbIg4O9pVBmBbtuJ1vBLzjZpiEnlGjrIzqfj-D4S_EyiukbzkLHzjUqhJeX-u_FoxluUFcjZoIm_2msYX02dX2sTXw5g-KbmNjEiKaZVPLdzJEWmP7fGAlXXY0V_R8vNw4ZZnDaT3OQj_s_G8XxXSc4h2W-z_OpbzBIQ4gViRh2fxCU.4OO28znv1_OLc9--M4sYipmVO94DgmLicKJMnQZG-1A&dib_tag=se&keywords=women+slides&qid=1785816717&sr=8-14,https://m.media-amazon.com/images/I/51+EnGVuMdL._AC_UL320_.jpg,52,排名进入前30；价格处于人民币等值¥180.00-¥288.00区间；评分达到4.3以上。
2026-08-04,amazon_us,product,search,platform sandals women,14,Soda,¥201.38,4.5,Soda,,,,,,https://www.amazon.com/Soda-Buckle-Espadrilles-Flatform-Casual/dp/B0C5S26DHB/ref=sr_1_6?dib=eyJ2IjoiMSJ9.b40a7B90wYxMAM79Sxswy6XAeUi2HtYaPiXC2PoRpg4MTcuHZurxulQfXbE53VLfiSy-aEKse_3MDr2xUlKoesTBC15kg5Sl-4PPtuPBD7ZT6dJWh2c8PbmZldu81hycYa3XPY5xzHagUmAp-WpTGoOf-5ANh4bMX2-PQOj0B30hElaU_9lK_uGrAfuWGMi7Ih6pOIr71z0QvbampNH7o-AhWVkqv1BSLvjsWBIZQ5yxxEuk5cLt_C3ekCUB7nh207lOaRhUrYYuechi_PklDMqwbAEppfiUT9UzapDVsjU.7rrigk9krEfemB3hc8FMpIWoAImhet_6zwzXJM5A4i4&dib_tag=se&keywords=platform+sandals+women&qid=1785816717&sr=8-6,https://m.media-amazon.com/images/I/71q-Jp+UEkL._AC_UL320_.jpg,52,排名进入前30；价格处于人民币等值¥180.00-¥288.00区间；评分达到4.3以上。
2026-08-04,amazon_us,product,search,platform sandals women,29,DREAM PAIRS,¥273.53,4.5,DREAM PAIRS,,,,,,https://www.amazon.com/DREAM-PAIRS-Adjustable-Lightweight-Waterproof/dp/B0G1RBS19X/ref=sr_1_12?dib=eyJ2IjoiMSJ9.b40a7B90wYxMAM79Sxswy6XAeUi2HtYaPiXC2PoRpg4MTcuHZurxulQfXbE53VLfiSy-aEKse_3MDr2xUlKoesTBC15kg5Sl-4PPtuPBD7ZT6dJWh2c8PbmZldu81hycYa3XPY5xzHagUmAp-WpTGoOf-5ANh4bMX2-PQOj0B30hElaU_9lK_uGrAfuWGMi7Ih6pOIr71z0QvbampNH7o-AhWVkqv1BSLvjsWBIZQ5yxxEuk5cLt_C3ekCUB7nh207lOaRhUrYYuechi_PklDMqwbAEppfiUT9UzapDVsjU.7rrigk9krEfemB3hc8FMpIWoAImhet_6zwzXJM5A4i4&dib_tag=se&keywords=platform+sandals+women&qid=1785816717&sr=8-12,https://m.media-amazon.com/images/I/61VKPpZxLML._AC_UL320_.jpg,52,排名进入前30；价格处于人民币等值¥180.00-¥288.00区间；评分达到4.3以上。
2026-08-04,amazon_us,product,best_sellers,Best Sellers Women Sandals,15,KuaiLu Womens Fashion Orthotic Slides Arch Support Slip On Walking Sandals | Ladies Lightweight Athletic Yoga Mat Thick Cushion Slippers Sandals With Comfortable Plantar Fasciitis,,4.0,$23.99,,,,,,https://www.amazon.com/Orthotic-Lightweight-Athletic-Comfortable-Fasciitis/dp/B092ZS2B5S/ref=zg_bs_g_679425011_d_sccl_15/133-1636655-0107931?psc=1,"https://images-na.ssl-images-amazon.com/images/I/71Rxka3CPTL._AC_UL600_SR600,400_.jpg",51,排名进入前30；标题包含 comfort、arch support，符合美国女鞋舒适化趋势；评分达到4.0以上。
2026-08-04,amazon_us,product,best_sellers,Best Sellers Women Sandals,16,"CUSHIONAIRE Luna Sandals for Women, Cork Footbed Womens Sandals for Summer Comfort with Adjustable Straps, Wide Width Available",,4.5,$33.23,,,,,,https://www.amazon.com/CUSHIONAIRE-Next-Womens-Slide-Sandals-Brown/dp/B073XSLL5P/ref=zg_bs_g_679425011_d_sccl_16/133-1636655-0107931?psc=1,"https://images-na.ssl-images-amazon.com/images/I/81TDeaArVJL._AC_UL600_SR600,400_.jpg",51,排名进入前30；标题包含 comfort、summer，符合美国女鞋舒适化趋势；评分达到4.3以上。
2026-08-04,amazon_us,product,new_releases,New Releases Women Sandals,24,Noctivelle Women Jelly Shoes Clear Mesh Flat Sandal V-Shaped Breathable Comfort Slip On Waterproof Transparent Summer Beach Pool Ballet Flats,,4.0,$20.99,,,,,,https://www.amazon.com/Noctivelle-Women-Clear-Flat-Transparent/dp/B0H2TW8QXB/ref=zg_bsnr_g_679425011_d_sccl_24/143-6740310-6939560?psc=1,"https://images-na.ssl-images-amazon.com/images/I/71xmW9YikiL._AC_UL600_SR600,400_.jpg",51,排名进入前30；标题包含 comfort、beach、summer，符合美国女鞋舒适化趋势；评分达到4.0以上。
2026-08-04,amazon_us,product,new_releases,New Releases Women Sandals,25,SKETOE Women's Flat Sandals Fashion Slip On Sandals Dressy Slides Summer | single strap design;lightweight & comfortable;suit for beach vacation casual wearing,,4.2,$17.99,,,,,,https://www.amazon.com/SKETOE-Womens-Sandals-Fashion-Dressy/dp/B0GZNBYWJ2/ref=zg_bsnr_g_679425011_d_sccl_25/143-6740310-6939560?psc=1,"https://images-na.ssl-images-amazon.com/images/I/61PIzyXR4eL._AC_UL600_SR600,400_.jpg",51,排名进入前30；标题包含 comfort、beach、summer，符合美国女鞋舒适化趋势；评分达到4.0以上。
2026-08-04,amazon_us,product,new_releases,New Releases Women Sandals,1,"CUSHIONAIRE Java Casual Womens Jelly Flats with Adjustable Strap, Closed Toe Mary Janes Mule Design, Waterproof Jelly Sandals for Women",,4.2,$34.99,,,,,,https://www.amazon.com/CUSHIONAIRE-Casual-Adjustable-Waterproof-Sandals/dp/B0H4MJCG6Z/ref=zg_bsnr_g_679425011_d_sccl_1/143-6740310-6939560?psc=1,"https://images-na.ssl-images-amazon.com/images/I/713AgXedTJL._AC_UL600_SR600,400_.jpg",49,排名靠前；评分达到4.0以上。
2026-08-04,amazon_us,product,search,women slides,11,HEVA,¥215.93,4.2,HEVA,,,,,,https://www.amazon.com/sspa/click?ie=UTF8&spc=MTo0MzE5MDQ3ODU4ODQ3MzAwOjE3ODU4MTY3MTc6c3Bfc2VhcmNoX3RoZW1hdGljOjMwMTM2MjczNDAzNTEwMjo6Mjo6&url=%2FHEVA-Womens-Jelly-Slide-Sandals%2Fdp%2FB0GD7CRYNS%2Fref%3Dsxin_18_pa_sp_search_thematic_sspa%3Fcontent-id%3Damzn1.sym.44acafb9-9a42-418c-a96e-4e3ed427e46e%253Aamzn1.sym.44acafb9-9a42-418c-a96e-4e3ed427e46e%26cv_ct_cx%3Dwomen%2Bslides%26keywords%3Dwomen%2Bslides%26pd_rd_i%3DB0GD7CRYNS%26pd_rd_r%3D37469c67-2452-4aed-8be4-e87bf069c9af%26pd_rd_w%3DdG9nj%26pd_rd_wg%3DyI5zc%26pf_rd_p%3D44acafb9-9a42-418c-a96e-4e3ed427e46e%26pf_rd_r%3DY7YQEVC6QQQD7VY90GY9%26qid%3D1785816717%26sbo%3DRZvfv%252F%252FHxDF%252BO5021pAnSA%253D%253D%26sr%3D1-3-4a82bf2c-99de-49d4-8c6e-1b9c06d4b176-spons%26aref%3DsTYDz8masw%26sp_csd%3Dd2lkZ2V0TmFtZT1zcF9zZWFyY2hfdGhlbWF0aWM%26psc%3D1&aref=sTYDz8masw,https://m.media-amazon.com/images/I/71bFO0izotL._AC_UL320_.jpg,49,排名进入前30；价格处于人民币等值¥180.00-¥288.00区间；评分达到4.0以上。
2026-08-04,amazon_us,product,best_sellers,Best Sellers Women Sandals,28,"DREAM PAIRS Women's Comfort Block Heel Sandals | Open Toe Adjustable Ankle Strap Chunky Dress Heels, Fashion Heeled Sandals for Prom, Wedding Guest and Formal Events",,4.3,$29.99,,,,,,https://www.amazon.com/DREAM-PAIRS-Womens-Chunk-Sandals/dp/B01LT7HVJA/ref=zg_bs_g_679425011_d_sccl_28/133-1636655-0107931?psc=1,"https://images-na.ssl-images-amazon.com/images/I/71Pi8-WnUlL._AC_UL600_SR600,400_.jpg",48,排名进入前30；标题包含 comfort，符合美国女鞋舒适化趋势；评分达到4.3以上。
2026-08-04,amazon_us,product,new_releases,New Releases Women Sandals,27,"DREAM PAIRS Women's Kitten Low Heel Ankle Strap Sandals | Square Open Toe Summer Sandals, Comfortable for Women 2026 Fashion Dress Wedding Party Shoes",,4.2,$36.99,,,,,,https://www.amazon.com/DREAM-PAIRS-Womens-Kitten-Sandals/dp/B0GY3SP4H3/ref=zg_bsnr_g_679425011_d_sccl_27/143-6740310-6939560?psc=1,"https://images-na.ssl-images-amazon.com/images/I/61n6gngVKOL._AC_UL600_SR600,400_.jpg",48,排名进入前30；标题包含 comfort、summer，符合美国女鞋舒适化趋势；评分达到4.0以上。
2026-08-04,amazon_us,product,new_releases,New Releases Women Sandals,29,adidas Womens Adilette Comfort 2.0 Slides Casual Sandals Casual - White,,4.3,$30.00,,,,,,https://www.amazon.com/adidas-Womens-Adilette-Comfort-Metallic/dp/B0F33YVXNJ/ref=zg_bsnr_g_679425011_d_sccl_29/143-6740310-6939560?psc=1,"https://images-na.ssl-images-amazon.com/images/I/51KXzkGNdgL._AC_UL600_SR600,400_.jpg",48,排名进入前30；标题包含 comfort，符合美国女鞋舒适化趋势；评分达到4.3以上。
2026-08-04,amazon_us,product,new_releases,New Releases Women Sandals,39,"FITORY Flip Flops for Women Men Summer Thong Sandals Arch Support Shower | Slip on, Rubber, Beach, Pool, Comfortable, Cushion, Waterproof, EVA, Unisex",,4.6,$14.98,,,,,,https://www.amazon.com/FITORY-Flops-Summer-Support-Shower/dp/B0GZZQVC1X/ref=zg_bsnr_g_679425011_d_sccl_39/143-6740310-6939560?psc=1,"https://images-na.ssl-images-amazon.com/images/I/51lPFR4H9aL._AC_UL300_SR300,200_.jpg",48,排名进入前50；标题包含 comfort、arch support、beach、summer，符合美国女鞋舒适化趋势；评分达到4.6以上。
2026-08-04,amazon_us,product,search,women slides,24,Coach,¥684.00,4.6,Coach,,,,,,https://www.amazon.com/Coach-Womens-Udele-Slide-Tan/dp/B07PGQ6MQ8/ref=sr_1_10?dib=eyJ2IjoiMSJ9.RrPumS3Ni8XWS9mPWZVEoC2cqbLFexTW_RJQDK1FqYFi2SeZwjgoeycwLo44M3HryvchiLfEcy0qfnQIhK6yJlKTGgAfRu0TZGDT8NbwRTQsyvMriFBiPa6cE8nDjbIg4O9pVBmBbtuJ1vBLzjZpiEnlGjrIzqfj-D4S_EyiukbzkLHzjUqhJeX-u_FoxluUFcjZoIm_2msYX02dX2sTXw5g-KbmNjEiKaZVPLdzJEWmP7fGAlXXY0V_R8vNw4ZZnDaT3OQj_s_G8XxXSc4h2W-z_OpbzBIQ4gViRh2fxCU.4OO28znv1_OLc9--M4sYipmVO94DgmLicKJMnQZG-1A&dib_tag=se&keywords=women+slides&qid=1785816717&sr=8-10,https://m.media-amazon.com/images/I/71BQOaIl59L._AC_UL320_.jpg,48,排名进入前30；价格高于人民币等值¥288.00；评分达到4.6以上。
2026-08-04,amazon_us,product,search,women slides,25,Nike,¥297.00,4.6,Nike,,,,,,https://www.amazon.com/Nike-Womens-Slides-Sandal-Black-Black/dp/B0F8SP3TL5/ref=sr_1_11?dib=eyJ2IjoiMSJ9.RrPumS3Ni8XWS9mPWZVEoC2cqbLFexTW_RJQDK1FqYFi2SeZwjgoeycwLo44M3HryvchiLfEcy0qfnQIhK6yJlKTGgAfRu0TZGDT8NbwRTQsyvMriFBiPa6cE8nDjbIg4O9pVBmBbtuJ1vBLzjZpiEnlGjrIzqfj-D4S_EyiukbzkLHzjUqhJeX-u_FoxluUFcjZoIm_2msYX02dX2sTXw5g-KbmNjEiKaZVPLdzJEWmP7fGAlXXY0V_R8vNw4ZZnDaT3OQj_s_G8XxXSc4h2W-z_OpbzBIQ4gViRh2fxCU.4OO28znv1_OLc9--M4sYipmVO94DgmLicKJMnQZG-1A&dib_tag=se&keywords=women+slides&qid=1785816717&sr=8-11,https://m.media-amazon.com/images/I/61cHFBsaoCL._AC_UL320_.jpg,48,排名进入前30；价格高于人民币等值¥288.00；评分达到4.6以上。
2026-08-04,amazon_us,product,new_releases,New Releases Women Sandals,38,mazeskin Womens Soft Beach Shower Bath Flip Flops Sandals | Quick Drying Cushion Braided Waterproof Lightweight Cloud Thong Slippers Summer Comfortable Poolside Bathroom Shoes,,4.4,$9.99,,,,,,https://www.amazon.com/mazeskin-Womens-Beach-Shower-Sandals/dp/B0H2L7XN5R/ref=zg_bsnr_g_679425011_d_sccl_38/143-6740310-6939560?psc=1,"https://images-na.ssl-images-amazon.com/images/I/71C4F-OhQ-L._AC_UL300_SR300,200_.jpg",47,排名进入前50；标题包含 cloud、comfort、soft、beach、summer，符合美国女鞋舒适化趋势；评分达到4.3以上。
2026-08-04,amazon_us,product,search,women summer slippers,25,GOEWY,¥45.79,4.3,GOEWY,,,,,,https://www.amazon.com/GOEWY-Slippers-Outdoor-Bridesmaid-Corduroy/dp/B0FBRXZ7WM/ref=sr_1_17?dib=eyJ2IjoiMSJ9.3B_wBrVg1UMy5tWehIloEqh3GcRQaYuBAiGuYjezoF8Dm6sY8g4v-VR8VGlcZDhfZZ00qHRNt3j33kRWI9xMudg3niaoteu6WzqDMjqIMDCIAkwfAR6ukf09NdIy2nDTCvqsDV8IODBh7K-bnu4KrD2voxBG0Ud3U_gVdMWwdgphp0szPxsaL-IeMDgKntnAd3BKyjDgFgIPwi12ChR2zlKFMIrMsmh2XgGZnf0Gt97YeBSjYEfuLzL8GLBq0hsXJaNoyAovo0umacq4nRmSwyCfm_9RcHedEiSDNkfpcf8.J1zRt4aXGFwXAolNFfpIyLdSwJHStNCahtFtcWaNSAA&dib_tag=se&keywords=women+summer+slippers&qid=1785816716&sr=8-17,https://m.media-amazon.com/images/I/611Wtq6kndL._AC_UL320_.jpg,47,排名进入前30；价格低于人民币等值¥57.60；评分达到4.3以上。
2026-08-04,amazon_us,product,new_releases,New Releases Women Sandals,22,"CUSHIONAIRE Ferry Espadrille Wedge Sandals for Women, Thong Platform Flip Flops with Cross Strap and Slip-On Design",,3.9,$49.99,,,,,,https://www.amazon.com/CUSHIONAIRE-Espadrille-Sandals-Platform-Design/dp/B0H42V7M96/ref=zg_bsnr_g_679425011_d_sccl_22/143-6740310-6939560?psc=1,"https://images-na.ssl-images-amazon.com/images/I/81rI8wTUKAL._AC_UL600_SR600,400_.jpg",46,排名进入前30；标题包含 platform、wedge，符合美国女鞋舒适化趋势。
2026-08-04,amazon_us,product,best_sellers,Best Sellers Women Sandals,12,Clarks Women's Breeze Sea Flip-Flop,,4.7,$39.95,,,,,,https://www.amazon.com/Clarks-Womens-Breeze-Black-Synthetic/dp/B01FH9EEGE/ref=zg_bs_g_679425011_d_sccl_12/133-1636655-0107931?psc=1,"https://images-na.ssl-images-amazon.com/images/I/61f5Z2idq9L._AC_UL600_SR600,400_.jpg",45,排名进入前30；评分达到4.6以上。
2026-08-04,amazon_us,product,best_sellers,Best Sellers Women Sandals,18,"Weweya Slides for Women Men Shower Shoes House Slippers Beach Sandals | Bathroom, Non Slip, Lightweight",,4.4,$9.99,,,,,,https://www.amazon.com/Weweya-Shower-Bathroom-Slippers-Sandals/dp/B0F1XJ9TM4/ref=zg_bs_g_679425011_d_sccl_18/133-1636655-0107931?psc=1,"https://images-na.ssl-images-amazon.com/images/I/718rk3GaK+L._AC_UL600_SR600,400_.jpg",45,排名进入前30；标题包含 beach，符合美国女鞋舒适化趋势；评分达到4.3以上。
2026-08-04,amazon_us,product,best_sellers,Best Sellers Women Sandals,35,"shevalues Women's Comfort EVA Sandals Medium Arch Support Beach Slides | Adjustable Double Buckle, Waterproof, Lightweight, Soft Cushioned, Non-slip, Slip-On",,4.3,$19.99,,,,,,https://www.amazon.com/shevalues-Comfort-Sandals-Support-Adjustable/dp/B0GG1VL4SZ/ref=zg_bs_g_679425011_d_sccl_35/143-6740310-6939560?psc=1,"https://images-na.ssl-images-amazon.com/images/I/71N1gcg2qHL._AC_UL300_SR300,200_.jpg",45,排名进入前50；标题包含 comfort、arch support、soft、beach，符合美国女鞋舒适化趋势；评分达到4.3以上。
2026-08-04,amazon_us,product,new_releases,New Releases Women Sandals,2,"CUSHIONAIRE Vita Jelly Sandals for Women, Casual Lightweight Womens Strappy Sandals with Adjustable Buckle Strap and Gold Hardware Accent",,3.8,$39.99,,,,,,https://www.amazon.com/CUSHIONAIRE-Sandals-Lightweight-Adjustable-Hardware/dp/B0H1Y94T1T/ref=zg_bsnr_g_679425011_d_sccl_2/143-6740310-6939560?psc=1,"https://images-na.ssl-images-amazon.com/images/I/81Uy6Bt6XaL._AC_UL600_SR600,400_.jpg",45,排名靠前。
2026-08-04,amazon_us,product,new_releases,New Releases Women Sandals,6,CUSHIONAIRE Riot Jelly Thong Kitten Heels for Women,,3.6,$39.99,,,,,,https://www.amazon.com/CUSHIONAIRE-Jelly-Thong-Kitten-CHOCOLATE/dp/B0H6C2T8B3/ref=zg_bsnr_g_679425011_d_sccl_6/143-6740310-6939560?psc=1,"https://images-na.ssl-images-amazon.com/images/I/71cl7MmlX-L._AC_UL600_SR600,400_.jpg",45,排名靠前。
2026-08-04,amazon_us,product,new_releases,New Releases Women Sandals,9,"CUSHIONAIRE Tory Strappy Flat Sandals for Women, Toe Ring Sandals with Adjustable Buckle Ankle Strap, Wrap Style",,3.6,$39.99,,,,,,https://www.amazon.com/CUSHIONAIRE-Strappy-Sandals-Adjustable-Buckle/dp/B0H4213198/ref=zg_bsnr_g_679425011_d_sccl_9/143-6740310-6939560?psc=1,"https://images-na.ssl-images-amazon.com/images/I/81hP4YBoUmL._AC_UL600_SR600,400_.jpg",45,排名靠前。
2026-08-04,amazon_us,product,new_releases,New Releases Women Sandals,17,adidas Unisex Adult Adissage 360rec Slide Sandals,,4.6,$26.25,,,,,,https://www.amazon.com/adidas-Unisex-Adissage-Slide-Sandal/dp/B0DHWJJBQ1/ref=zg_bsnr_g_679425011_d_sccl_17/143-6740310-6939560?psc=1,"https://images-na.ssl-images-amazon.com/images/I/51+JktV+LPL._AC_UL600_SR600,400_.jpg",45,排名进入前30；评分达到4.6以上。
2026-08-04,amazon_us,product,search,women summer slippers,40,womens Classic,¥122.26,5.0,"Price, product page $16.98 $ 16 . 98 List: $20.99 List: $20.99 $20.99",,,,,,https://www.amazon.com/Bunnycool-Slippers-Comfortable-Washable-Airplane/dp/B0DV3TQHTG/ref=sr_1_32?dib=eyJ2IjoiMSJ9.3B_wBrVg1UMy5tWehIloEqh3GcRQaYuBAiGuYjezoF8Dm6sY8g4v-VR8VGlcZDhfZZ00qHRNt3j33kRWI9xMudg3niaoteu6WzqDMjqIMDCIAkwfAR6ukf09NdIy2nDTCvqsDV8IODBh7K-bnu4KrD2voxBG0Ud3U_gVdMWwdgphp0szPxsaL-IeMDgKntnAd3BKyjDgFgIPwi12ChR2zlKFMIrMsmh2XgGZnf0Gt97YeBSjYEfuLzL8GLBq0hsXJaNoyAovo0umacq4nRmSwyCfm_9RcHedEiSDNkfpcf8.J1zRt4aXGFwXAolNFfpIyLdSwJHStNCahtFtcWaNSAA&dib_tag=se&keywords=women+summer+slippers&qid=1785816716&sr=8-32,https://m.media-amazon.com/images/I/91VdpWKQ9wL._AC_UL320_.jpg,45,排名进入前50；价格处于人民币等值¥57.60-¥180.00黄金区间；评分达到4.6以上。
2026-08-04,amazon_us,product,search,women slides,1,4.3,,,4.3,,,,,,https://aax-us-east-retail-direct.amazon.com/x/c/JMFBx7QbTvNCYY3gdhiL4xoAAAGfyviZkwEAAAH2AQBvbm9fdHhuX2JpZDMgICBvbm9fdHhuX2ltcDIgICC8Oygt/clv1c_ek-wBYHXFcbWDn2nI0sAJ16WtD5jqvRdq7YlwfvgmwpD486f8gmfjLwHcHpv2Ubv-3HH8K6qYMX9LVgwjfkQPcUADU3QfOixdz5mHu2AWPz0kzLtJ92XcVXZoPps6lph0n1LDWm75zCCR4xuMsWXxOhLoN-OxpXqduZySDa-5qbPGOg3Z5SHX4OMhl73D2Bytq96nE1MEjvE_dSkJ0lHnHgSl1MjNvy035RuWhsU9bxDlK43DIuB3QVlNN46MUaEl9zww2RNx11NB882aPKsqsAtYdj07gx3HC4Cw0m48qhu4SEziyYBvK16X0WQKKc2eTHwgmquA-u4aagGKFEaUdXz3Ugk7uYjS0tyH3gv8Zh1FqWk7EwCswghvpSigl63QCxr96cNu8EJ4raJiXYkoK_Hg2U_9Rp7GumcVXnjy8Of0deOmrPUYoo8Wm7f2BLKO7RusMpiKewb3Km-rB69gmzQu0qCvJw9LRvGTfRBetkvnOsfZqWqu7l9fQB0H5_Hd6av7pAUxAQhhc-MehsobDbhboc0bX6PNJdFVgI5TcTZcPXZPqm3n61yorLCXSz5b2AyN1TBBTnkNhFk7CZ3qOf73FpTR3hPP61_iw5YWz9lAtcO5AFL7S64mCg7C5MVJdFPIvNcDvUni-vBRAlym0U87UXBOfB0Hyzvc-t7jyCicHQ5prAT1U7lxWcvYUGrLGF0XbFF2eFCh_UsTdHIl6NaYTh3xtkuh-Ss2IXZp0PZRM2qOas1CZcG2eBIr9iUN413at4KsImwuAwJIHuoIB0nhmnIZo0xsmkz7Cs_B1azwULIK-iS-ttlXX3qeh0EzYZP3l-mxtrevyK7kSM8cpWTbdI0T3AOIcO77kJy9waD0DxPHVxEYP2FPayp74H61fv3EljFVHhA6MgLPxzJ3ejZpKzdwgEYzex4QobDzJZ1a0qrnL2wDyzjGn3iZdnZ88q2E8Mle_oH37hbWv9uHUoD0J7E5NTYvzu5fvcxMkhhJ40mC-qivkDa0WBveBNOk378Sb4LoRJaRWVFcN26CodZIUGDOMU805HRKF5vC4SgVjW_F1C4D80E1VmYVf_Cny3cCWexulwgS7mMlxDtgJwyl94g3L42tZgA6kpfLt_ePCrIeBJI7ZmtfLnZdqGfqF_4WILLZZImsqcY-2-GDPjP_erv-aRVXPmfc0nSYN24G9mxeDrE1M1xP77sKwHJTAWjQPTtpjnVe3OOpOtzLZK_Me49Y9EtE2ovuu9dPx7y2LObNQ5Bzh-3r07kjg4bIiA9L_KjllyYm_eyqShCAF3ikqL-L9ys1SobpZS1PuCGIkstDiG0wKmR9QeBTfbZxtj_Bmyg1znFCGO-rXAs-SNVrgn0i9TkEGIgAg3YhkkaLuSrAF4Tl4IW7t_teNdv5On1VE5bwLugl0_PQrSRie-W1267BiomvG-MNd_3bi8W1K0Ccw5NjNaXng-Uf0m6hiaORJvGix3I-uGRpwRy35xHSoc6nh7zLAoWndd6-nbV8MSd3V4gC6eeYw5CumxOqZFsZ5h3QC6lHFEOLoqzp-DfKQF3bfByvKM5jfPxtk_oZpJYNoB91meejy82ZG6FzGJUjIx7WqgHU5ZK8wnRgMqR6vIEQRW9YwaIBMegFpO9WYAvxhx3yhZ8JP-hDLmNw7Q/https://www.amazon.com/dp/B0CNYCKBPN/?_encoding=UTF8&pd_rd_i=B0CNYCKBPN&ref_=sbx_be_s_sparkle_ssd_img&qid=1785816717&pd_rd_w=W99Nh&content-id=amzn1.sym.8de9b3d5-f5c5-40e9-9b39-d65f08d6ea68%3Aamzn1.sym.8de9b3d5-f5c5-40e9-9b39-d65f08d6ea68&pf_rd_p=8de9b3d5-f5c5-40e9-9b39-d65f08d6ea68&pf_rd_r=Y7YQEVC6QQQD7VY90GY9&pd_rd_wg=KszO8&pd_rd_r=8e910e3b-eeef-4979-b230-4d9487900fa7&pd_rd_plhdr=t,"https://m.media-amazon.com/images/I/4192ZaQNtnL._AC_SR250,250_QL65_.jpg",45,排名靠前。
2026-08-04,amazon_us,product,search,women slides,2,4.0,,,4.0,,,,,,https://aax-us-east-retail-direct.amazon.com/x/c/JMFBx7QbTvNCYY3gdhiL4xoAAAGfyviZkwEAAAH2AQBvbm9fdHhuX2JpZDMgICBvbm9fdHhuX2ltcDIgICC8Oygt/clv1c_ek-wBYHXFcbWDn2nI0sAJ16WtD5jqvRdq7YlwfvgmwpD486f8gmfjLwHcHpv2Ubv-3HH8K6qYMX9LVgwjfkQPcUADU3QfOixdz5mHu2AWPz0kzLtJ92XcVXZoPps6lph0n1LDWm75zCCR4xuMsWXxOhLoN-OxpXqduZySDa-5qbPGOg3Z5SHX4OMhl73D2Bytq96nE1MEjvE_dSkJ0lHnHgSl1MjNvy035RuWhsU9bxDlK43DIuB3QVlNN46MUaEl9zww2RNx11NB882aPKsqsAtYdj07gx3HC4Cw0m48qhu4SEziyYBvK16X0WQKKc2eTHwgmquA-u4aagGKFEaUdXz3Ugk7uYjS0tyH3gv8Zh1FqWk7EwCswghvpSigl63QCxr96cNu8EJ4raJiXYkoK_Hg2U_9Rp7GumcVXnjy8Of0deOmrPUYoo8Wm7f2BLKO7RusMpiKewb3Km-rB69gmzQu0qCvJw9LRvGTfRBetkvnOsfZqWqu7l9fQB0H5_Hd6av7pAUxAQhhc-MehsobDbhboc0bX6PNJdFVgI5TcTZcPXZPqm3n61yorLCXSz5b2AyN1TBBTnkNhFk7CZ3qOf73FpTR3hPP61_iw5YWz9lAtcO5AFL7S64mCg7C5MVJdFPIvNcDvUni-vBRAlym0U87UXBOfB0Hyzvc-t7jyCicHQ5prAT1U7lxWcvYUGrLGF0XbFF2eFCh_UsTdHIl6NaYTh3xtkuh-Ss2IXZp0PZRM2qOas1CZcG2eBIr9iUN413at4KsImwuAwJIHuoIB0nhmnIZo0xsmkz7Cs_B1azwULIK-iS-ttlXX3qeh0EzYZP3l-mxtrevyK7kSM8cpWTbdI0T3AOIcO77kJy9waD0DxPHVxEYP2FPayp74H61fv3EljFVHhA6MgLPxzJ3ejZpKzdwgEYzex4QobDzJZ1a0qrnL2wDyzjGn3iZdnZ88q2E8Mle_oH37hbWv9uHUoD0J7E5NTYvzu5fvcxMkhhJ40mC-qivkDa0WBveBNOk378Sb4LoRJaRWVFcN26CodZIUGDOMU805HRKF5vC4SgVjW_F1C4D80E1VmYVf_Cny3cCWexulwgS7mMlxDtgJwyl94g3L42tZgA6kpfLt_ePCrIeBJI7ZmtfLnZdqGfqF_4WILLZZImsqcY-2-GDPjP_erv-aRVXPmfc0nSYN24G9mxeDrE1M1xP77sKwHJTAWjQPTtpjnVe3OOpOtzLZK_Me49Y9EtE2ovuu9dPx7y2LObNQ5Bzh-3r07kjg4bIiA9L_KjllyYm_eyqShCAF3ikqL-L9ys1SobpZS1PuCGIkstDiG0wKmR9QeBTfbZxtj_Bmyg1znFCGO-rXAs-SNVrgn0i9TkEGIgAg3YhkkaLuSrAF4Tl4IW7t_teNdv5On1VE5bwLugl0_PQrSRie-W1267BiomvG-MNd_3bi8W1K0Ccw5NjNaXng-Uf0m6hiaORJvGix3I-uGRpwRy35xHSoc6nh7zLAoWndd6-nbV8MSd3V4gC6eeYw5CumxOqZFsZ5h3QC6lHFEOLoqzp-DfKQF3bfByvKM5jfPxtk_oZpJYNoB91meejy82ZG6FzGJUjIx7WqgHU5ZK8wnRgMqR6vIEQRW9YwaIBMegFpO9WYAvxhx3yhZ8JP-hDLmNw7Q/https://www.amazon.com/dp/B0CP4M7YV6/?_encoding=UTF8&pd_rd_i=B0CP4M7YV6&ref_=sbx_be_s_sparkle_ssd_img&qid=1785816717&pd_rd_w=W99Nh&content-id=amzn1.sym.8de9b3d5-f5c5-40e9-9b39-d65f08d6ea68%3Aamzn1.sym.8de9b3d5-f5c5-40e9-9b39-d65f08d6ea68&pf_rd_p=8de9b3d5-f5c5-40e9-9b39-d65f08d6ea68&pf_rd_r=Y7YQEVC6QQQD7VY90GY9&pd_rd_wg=KszO8&pd_rd_r=8e910e3b-eeef-4979-b230-4d9487900fa7&pd_rd_plhdr=t,"https://m.media-amazon.com/images/I/41B98Zi-l4L._AC_SR250,250_QL65_.jpg",45,排名靠前。
2026-08-04,amazon_us,product,search,women slides,3,4.2,,,4.2,,,,,,https://aax-us-east-retail-direct.amazon.com/x/c/JMFBx7QbTvNCYY3gdhiL4xoAAAGfyviZkwEAAAH2AQBvbm9fdHhuX2JpZDMgICBvbm9fdHhuX2ltcDIgICC8Oygt/clv1c_ek-wBYHXFcbWDn2nI0sAJ16WtD5jqvRdq7YlwfvgmwpD486f8gmfjLwHcHpv2Ubv-3HH8K6qYMX9LVgwjfkQPcUADU3QfOixdz5mHu2AWPz0kzLtJ92XcVXZoPps6lph0n1LDWm75zCCR4xuMsWXxOhLoN-OxpXqduZySDa-5qbPGOg3Z5SHX4OMhl73D2Bytq96nE1MEjvE_dSkJ0lHnHgSl1MjNvy035RuWhsU9bxDlK43DIuB3QVlNN46MUaEl9zww2RNx11NB882aPKsqsAtYdj07gx3HC4Cw0m48qhu4SEziyYBvK16X0WQKKc2eTHwgmquA-u4aagGKFEaUdXz3Ugk7uYjS0tyH3gv8Zh1FqWk7EwCswghvpSigl63QCxr96cNu8EJ4raJiXYkoK_Hg2U_9Rp7GumcVXnjy8Of0deOmrPUYoo8Wm7f2BLKO7RusMpiKewb3Km-rB69gmzQu0qCvJw9LRvGTfRBetkvnOsfZqWqu7l9fQB0H5_Hd6av7pAUxAQhhc-MehsobDbhboc0bX6PNJdFVgI5TcTZcPXZPqm3n61yorLCXSz5b2AyN1TBBTnkNhFk7CZ3qOf73FpTR3hPP61_iw5YWz9lAtcO5AFL7S64mCg7C5MVJdFPIvNcDvUni-vBRAlym0U87UXBOfB0Hyzvc-t7jyCicHQ5prAT1U7lxWcvYUGrLGF0XbFF2eFCh_UsTdHIl6NaYTh3xtkuh-Ss2IXZp0PZRM2qOas1CZcG2eBIr9iUN413at4KsImwuAwJIHuoIB0nhmnIZo0xsmkz7Cs_B1azwULIK-iS-ttlXX3qeh0EzYZP3l-mxtrevyK7kSM8cpWTbdI0T3AOIcO77kJy9waD0DxPHVxEYP2FPayp74H61fv3EljFVHhA6MgLPxzJ3ejZpKzdwgEYzex4QobDzJZ1a0qrnL2wDyzjGn3iZdnZ88q2E8Mle_oH37hbWv9uHUoD0J7E5NTYvzu5fvcxMkhhJ40mC-qivkDa0WBveBNOk378Sb4LoRJaRWVFcN26CodZIUGDOMU805HRKF5vC4SgVjW_F1C4D80E1VmYVf_Cny3cCWexulwgS7mMlxDtgJwyl94g3L42tZgA6kpfLt_ePCrIeBJI7ZmtfLnZdqGfqF_4WILLZZImsqcY-2-GDPjP_erv-aRVXPmfc0nSYN24G9mxeDrE1M1xP77sKwHJTAWjQPTtpjnVe3OOpOtzLZK_Me49Y9EtE2ovuu9dPx7y2LObNQ5Bzh-3r07kjg4bIiA9L_KjllyYm_eyqShCAF3ikqL-L9ys1SobpZS1PuCGIkstDiG0wKmR9QeBTfbZxtj_Bmyg1znFCGO-rXAs-SNVrgn0i9TkEGIgAg3YhkkaLuSrAF4Tl4IW7t_teNdv5On1VE5bwLugl0_PQrSRie-W1267BiomvG-MNd_3bi8W1K0Ccw5NjNaXng-Uf0m6hiaORJvGix3I-uGRpwRy35xHSoc6nh7zLAoWndd6-nbV8MSd3V4gC6eeYw5CumxOqZFsZ5h3QC6lHFEOLoqzp-DfKQF3bfByvKM5jfPxtk_oZpJYNoB91meejy82ZG6FzGJUjIx7WqgHU5ZK8wnRgMqR6vIEQRW9YwaIBMegFpO9WYAvxhx3yhZ8JP-hDLmNw7Q/https://www.amazon.com/dp/B0DPRGP6N6/?_encoding=UTF8&pd_rd_i=B0DPRGP6N6&ref_=sbx_be_s_sparkle_ssd_img&qid=1785816717&pd_rd_w=W99Nh&content-id=amzn1.sym.8de9b3d5-f5c5-40e9-9b39-d65f08d6ea68%3Aamzn1.sym.8de9b3d5-f5c5-40e9-9b39-d65f08d6ea68&pf_rd_p=8de9b3d5-f5c5-40e9-9b39-d65f08d6ea68&pf_rd_r=Y7YQEVC6QQQD7VY90GY9&pd_rd_wg=KszO8&pd_rd_r=8e910e3b-eeef-4979-b230-4d9487900fa7&pd_rd_plhdr=t,"https://m.media-amazon.com/images/I/51BiExZTHoL._AC_SR250,250_QL65_.jpg",45,排名靠前。
2026-08-04,amazon_us,product,search,women slides,4,4.3,,,4.3,,,,,,https://aax-us-east-retail-direct.amazon.com/x/c/JMFBx7QbTvNCYY3gdhiL4xoAAAGfyviZkwEAAAH2AQBvbm9fdHhuX2JpZDMgICBvbm9fdHhuX2ltcDIgICC8Oygt/clv1c_ek-wBYHXFcbWDn2nI0sAJ16WtD5jqvRdq7YlwfvgmwpD486f8gmfjLwHcHpv2Ubv-3HH8K6qYMX9LVgwjfkQPcUADU3QfOixdz5mHu2AWPz0kzLtJ92XcVXZoPps6lph0n1LDWm75zCCR4xuMsWXxOhLoN-OxpXqduZySDa-5qbPGOg3Z5SHX4OMhl73D2Bytq96nE1MEjvE_dSkJ0lHnHgSl1MjNvy035RuWhsU9bxDlK43DIuB3QVlNN46MUaEl9zww2RNx11NB882aPKsqsAtYdj07gx3HC4Cw0m48qhu4SEziyYBvK16X0WQKKc2eTHwgmquA-u4aagGKFEaUdXz3Ugk7uYjS0tyH3gv8Zh1FqWk7EwCswghvpSigl63QCxr96cNu8EJ4raJiXYkoK_Hg2U_9Rp7GumcVXnjy8Of0deOmrPUYoo8Wm7f2BLKO7RusMpiKewb3Km-rB69gmzQu0qCvJw9LRvGTfRBetkvnOsfZqWqu7l9fQB0H5_Hd6av7pAUxAQhhc-MehsobDbhboc0bX6PNJdFVgI5TcTZcPXZPqm3n61yorLCXSz5b2AyN1TBBTnkNhFk7CZ3qOf73FpTR3hPP61_iw5YWz9lAtcO5AFL7S64mCg7C5MVJdFPIvNcDvUni-vBRAlym0U87UXBOfB0Hyzvc-t7jyCicHQ5prAT1U7lxWcvYUGrLGF0XbFF2eFCh_UsTdHIl6NaYTh3xtkuh-Ss2IXZp0PZRM2qOas1CZcG2eBIr9iUN413at4KsImwuAwJIHuoIB0nhmnIZo0xsmkz7Cs_B1azwULIK-iS-ttlXX3qeh0EzYZP3l-mxtrevyK7kSM8cpWTbdI0T3AOIcO77kJy9waD0DxPHVxEYP2FPayp74H61fv3EljFVHhA6MgLPxzJ3ejZpKzdwgEYzex4QobDzJZ1a0qrnL2wDyzjGn3iZdnZ88q2E8Mle_oH37hbWv9uHUoD0J7E5NTYvzu5fvcxMkhhJ40mC-qivkDa0WBveBNOk378Sb4LoRJaRWVFcN26CodZIUGDOMU805HRKF5vC4SgVjW_F1C4D80E1VmYVf_Cny3cCWexulwgS7mMlxDtgJwyl94g3L42tZgA6kpfLt_ePCrIeBJI7ZmtfLnZdqGfqF_4WILLZZImsqcY-2-GDPjP_erv-aRVXPmfc0nSYN24G9mxeDrE1M1xP77sKwHJTAWjQPTtpjnVe3OOpOtzLZK_Me49Y9EtE2ovuu9dPx7y2LObNQ5Bzh-3r07kjg4bIiA9L_KjllyYm_eyqShCAF3ikqL-L9ys1SobpZS1PuCGIkstDiG0wKmR9QeBTfbZxtj_Bmyg1znFCGO-rXAs-SNVrgn0i9TkEGIgAg3YhkkaLuSrAF4Tl4IW7t_teNdv5On1VE5bwLugl0_PQrSRie-W1267BiomvG-MNd_3bi8W1K0Ccw5NjNaXng-Uf0m6hiaORJvGix3I-uGRpwRy35xHSoc6nh7zLAoWndd6-nbV8MSd3V4gC6eeYw5CumxOqZFsZ5h3QC6lHFEOLoqzp-DfKQF3bfByvKM5jfPxtk_oZpJYNoB91meejy82ZG6FzGJUjIx7WqgHU5ZK8wnRgMqR6vIEQRW9YwaIBMegFpO9WYAvxhx3yhZ8JP-hDLmNw7Q/https://www.amazon.com/dp/B0CNYCKBPN/?_encoding=UTF8&pd_rd_i=B0CNYCKBPN&ref_=sbx_be_s_sparkle_ssd_img&qid=1785816717&pd_rd_w=W99Nh&content-id=amzn1.sym.8de9b3d5-f5c5-40e9-9b39-d65f08d6ea68%3Aamzn1.sym.8de9b3d5-f5c5-40e9-9b39-d65f08d6ea68&pf_rd_p=8de9b3d5-f5c5-40e9-9b39-d65f08d6ea68&pf_rd_r=Y7YQEVC6QQQD7VY90GY9&pd_rd_wg=KszO8&pd_rd_r=8e910e3b-eeef-4979-b230-4d9487900fa7&pd_rd_plhdr=t,"https://m.media-amazon.com/images/I/4192ZaQNtnL._AC_SR250,250_QL65_.jpg",45,排名靠前。
2026-08-04,amazon_us,product,search,women slides,5,4.0,,,4.0,,,,,,https://aax-us-east-retail-direct.amazon.com/x/c/JMFBx7QbTvNCYY3gdhiL4xoAAAGfyviZkwEAAAH2AQBvbm9fdHhuX2JpZDMgICBvbm9fdHhuX2ltcDIgICC8Oygt/clv1c_ek-wBYHXFcbWDn2nI0sAJ16WtD5jqvRdq7YlwfvgmwpD486f8gmfjLwHcHpv2Ubv-3HH8K6qYMX9LVgwjfkQPcUADU3QfOixdz5mHu2AWPz0kzLtJ92XcVXZoPps6lph0n1LDWm75zCCR4xuMsWXxOhLoN-OxpXqduZySDa-5qbPGOg3Z5SHX4OMhl73D2Bytq96nE1MEjvE_dSkJ0lHnHgSl1MjNvy035RuWhsU9bxDlK43DIuB3QVlNN46MUaEl9zww2RNx11NB882aPKsqsAtYdj07gx3HC4Cw0m48qhu4SEziyYBvK16X0WQKKc2eTHwgmquA-u4aagGKFEaUdXz3Ugk7uYjS0tyH3gv8Zh1FqWk7EwCswghvpSigl63QCxr96cNu8EJ4raJiXYkoK_Hg2U_9Rp7GumcVXnjy8Of0deOmrPUYoo8Wm7f2BLKO7RusMpiKewb3Km-rB69gmzQu0qCvJw9LRvGTfRBetkvnOsfZqWqu7l9fQB0H5_Hd6av7pAUxAQhhc-MehsobDbhboc0bX6PNJdFVgI5TcTZcPXZPqm3n61yorLCXSz5b2AyN1TBBTnkNhFk7CZ3qOf73FpTR3hPP61_iw5YWz9lAtcO5AFL7S64mCg7C5MVJdFPIvNcDvUni-vBRAlym0U87UXBOfB0Hyzvc-t7jyCicHQ5prAT1U7lxWcvYUGrLGF0XbFF2eFCh_UsTdHIl6NaYTh3xtkuh-Ss2IXZp0PZRM2qOas1CZcG2eBIr9iUN413at4KsImwuAwJIHuoIB0nhmnIZo0xsmkz7Cs_B1azwULIK-iS-ttlXX3qeh0EzYZP3l-mxtrevyK7kSM8cpWTbdI0T3AOIcO77kJy9waD0DxPHVxEYP2FPayp74H61fv3EljFVHhA6MgLPxzJ3ejZpKzdwgEYzex4QobDzJZ1a0qrnL2wDyzjGn3iZdnZ88q2E8Mle_oH37hbWv9uHUoD0J7E5NTYvzu5fvcxMkhhJ40mC-qivkDa0WBveBNOk378Sb4LoRJaRWVFcN26CodZIUGDOMU805HRKF5vC4SgVjW_F1C4D80E1VmYVf_Cny3cCWexulwgS7mMlxDtgJwyl94g3L42tZgA6kpfLt_ePCrIeBJI7ZmtfLnZdqGfqF_4WILLZZImsqcY-2-GDPjP_erv-aRVXPmfc0nSYN24G9mxeDrE1M1xP77sKwHJTAWjQPTtpjnVe3OOpOtzLZK_Me49Y9EtE2ovuu9dPx7y2LObNQ5Bzh-3r07kjg4bIiA9L_KjllyYm_eyqShCAF3ikqL-L9ys1SobpZS1PuCGIkstDiG0wKmR9QeBTfbZxtj_Bmyg1znFCGO-rXAs-SNVrgn0i9TkEGIgAg3YhkkaLuSrAF4Tl4IW7t_teNdv5On1VE5bwLugl0_PQrSRie-W1267BiomvG-MNd_3bi8W1K0Ccw5NjNaXng-Uf0m6hiaORJvGix3I-uGRpwRy35xHSoc6nh7zLAoWndd6-nbV8MSd3V4gC6eeYw5CumxOqZFsZ5h3QC6lHFEOLoqzp-DfKQF3bfByvKM5jfPxtk_oZpJYNoB91meejy82ZG6FzGJUjIx7WqgHU5ZK8wnRgMqR6vIEQRW9YwaIBMegFpO9WYAvxhx3yhZ8JP-hDLmNw7Q/https://www.amazon.com/dp/B0CP4M7YV6/?_encoding=UTF8&pd_rd_i=B0CP4M7YV6&ref_=sbx_be_s_sparkle_ssd_img&qid=1785816717&pd_rd_w=W99Nh&content-id=amzn1.sym.8de9b3d5-f5c5-40e9-9b39-d65f08d6ea68%3Aamzn1.sym.8de9b3d5-f5c5-40e9-9b39-d65f08d6ea68&pf_rd_p=8de9b3d5-f5c5-40e9-9b39-d65f08d6ea68&pf_rd_r=Y7YQEVC6QQQD7VY90GY9&pd_rd_wg=KszO8&pd_rd_r=8e910e3b-eeef-4979-b230-4d9487900fa7&pd_rd_plhdr=t,"https://m.media-amazon.com/images/I/41B98Zi-l4L._AC_SR250,250_QL65_.jpg",45,排名靠前。
2026-08-04,amazon_us,product,search,women slides,6,4.2,,,4.2,,,,,,https://aax-us-east-retail-direct.amazon.com/x/c/JMFBx7QbTvNCYY3gdhiL4xoAAAGfyviZkwEAAAH2AQBvbm9fdHhuX2JpZDMgICBvbm9fdHhuX2ltcDIgICC8Oygt/clv1c_ek-wBYHXFcbWDn2nI0sAJ16WtD5jqvRdq7YlwfvgmwpD486f8gmfjLwHcHpv2Ubv-3HH8K6qYMX9LVgwjfkQPcUADU3QfOixdz5mHu2AWPz0kzLtJ92XcVXZoPps6lph0n1LDWm75zCCR4xuMsWXxOhLoN-OxpXqduZySDa-5qbPGOg3Z5SHX4OMhl73D2Bytq96nE1MEjvE_dSkJ0lHnHgSl1MjNvy035RuWhsU9bxDlK43DIuB3QVlNN46MUaEl9zww2RNx11NB882aPKsqsAtYdj07gx3HC4Cw0m48qhu4SEziyYBvK16X0WQKKc2eTHwgmquA-u4aagGKFEaUdXz3Ugk7uYjS0tyH3gv8Zh1FqWk7EwCswghvpSigl63QCxr96cNu8EJ4raJiXYkoK_Hg2U_9Rp7GumcVXnjy8Of0deOmrPUYoo8Wm7f2BLKO7RusMpiKewb3Km-rB69gmzQu0qCvJw9LRvGTfRBetkvnOsfZqWqu7l9fQB0H5_Hd6av7pAUxAQhhc-MehsobDbhboc0bX6PNJdFVgI5TcTZcPXZPqm3n61yorLCXSz5b2AyN1TBBTnkNhFk7CZ3qOf73FpTR3hPP61_iw5YWz9lAtcO5AFL7S64mCg7C5MVJdFPIvNcDvUni-vBRAlym0U87UXBOfB0Hyzvc-t7jyCicHQ5prAT1U7lxWcvYUGrLGF0XbFF2eFCh_UsTdHIl6NaYTh3xtkuh-Ss2IXZp0PZRM2qOas1CZcG2eBIr9iUN413at4KsImwuAwJIHuoIB0nhmnIZo0xsmkz7Cs_B1azwULIK-iS-ttlXX3qeh0EzYZP3l-mxtrevyK7kSM8cpWTbdI0T3AOIcO77kJy9waD0DxPHVxEYP2FPayp74H61fv3EljFVHhA6MgLPxzJ3ejZpKzdwgEYzex4QobDzJZ1a0qrnL2wDyzjGn3iZdnZ88q2E8Mle_oH37hbWv9uHUoD0J7E5NTYvzu5fvcxMkhhJ40mC-qivkDa0WBveBNOk378Sb4LoRJaRWVFcN26CodZIUGDOMU805HRKF5vC4SgVjW_F1C4D80E1VmYVf_Cny3cCWexulwgS7mMlxDtgJwyl94g3L42tZgA6kpfLt_ePCrIeBJI7ZmtfLnZdqGfqF_4WILLZZImsqcY-2-GDPjP_erv-aRVXPmfc0nSYN24G9mxeDrE1M1xP77sKwHJTAWjQPTtpjnVe3OOpOtzLZK_Me49Y9EtE2ovuu9dPx7y2LObNQ5Bzh-3r07kjg4bIiA9L_KjllyYm_eyqShCAF3ikqL-L9ys1SobpZS1PuCGIkstDiG0wKmR9QeBTfbZxtj_Bmyg1znFCGO-rXAs-SNVrgn0i9TkEGIgAg3YhkkaLuSrAF4Tl4IW7t_teNdv5On1VE5bwLugl0_PQrSRie-W1267BiomvG-MNd_3bi8W1K0Ccw5NjNaXng-Uf0m6hiaORJvGix3I-uGRpwRy35xHSoc6nh7zLAoWndd6-nbV8MSd3V4gC6eeYw5CumxOqZFsZ5h3QC6lHFEOLoqzp-DfKQF3bfByvKM5jfPxtk_oZpJYNoB91meejy82ZG6FzGJUjIx7WqgHU5ZK8wnRgMqR6vIEQRW9YwaIBMegFpO9WYAvxhx3yhZ8JP-hDLmNw7Q/https://www.amazon.com/dp/B0DPRGP6N6/?_encoding=UTF8&pd_rd_i=B0DPRGP6N6&ref_=sbx_be_s_sparkle_ssd_img&qid=1785816717&pd_rd_w=W99Nh&content-id=amzn1.sym.8de9b3d5-f5c5-40e9-9b39-d65f08d6ea68%3Aamzn1.sym.8de9b3d5-f5c5-40e9-9b39-d65f08d6ea68&pf_rd_p=8de9b3d5-f5c5-40e9-9b39-d65f08d6ea68&pf_rd_r=Y7YQEVC6QQQD7VY90GY9&pd_rd_wg=KszO8&pd_rd_r=8e910e3b-eeef-4979-b230-4d9487900fa7&pd_rd_plhdr=t,"https://m.media-amazon.com/images/I/51BiExZTHoL._AC_SR250,250_QL65_.jpg",45,排名靠前。
2026-08-04,amazon_us,product,search,women slides,12,JATAREA,¥431.93,4.4,JATAREA,,,,,,https://www.amazon.com/sspa/click?ie=UTF8&spc=MTo0MzE5MDQ3ODU4ODQ3MzAwOjE3ODU4MTY3MTc6c3Bfc2VhcmNoX3RoZW1hdGljOjMwMTMxNzQ0MDQ5NTkwMjo6Mzo6&url=%2FJatarea-Womens-Leather-Slide-Sandal%2Fdp%2FB09T3QDRQT%2Fref%3Dsxin_18_pa_sp_search_thematic_sspa%3Fcontent-id%3Damzn1.sym.44acafb9-9a42-418c-a96e-4e3ed427e46e%253Aamzn1.sym.44acafb9-9a42-418c-a96e-4e3ed427e46e%26cv_ct_cx%3Dwomen%2Bslides%26keywords%3Dwomen%2Bslides%26pd_rd_i%3DB09T3QDRQT%26pd_rd_r%3D37469c67-2452-4aed-8be4-e87bf069c9af%26pd_rd_w%3DdG9nj%26pd_rd_wg%3DyI5zc%26pf_rd_p%3D44acafb9-9a42-418c-a96e-4e3ed427e46e%26pf_rd_r%3DY7YQEVC6QQQD7VY90GY9%26qid%3D1785816717%26sbo%3DRZvfv%252F%252FHxDF%252BO5021pAnSA%253D%253D%26sr%3D1-4-4a82bf2c-99de-49d4-8c6e-1b9c06d4b176-spons%26aref%3DoVjUyzbIdE%26sp_csd%3Dd2lkZ2V0TmFtZT1zcF9zZWFyY2hfdGhlbWF0aWM%26psc%3D1&aref=oVjUyzbIdE,https://m.media-amazon.com/images/I/61G8qpkpEPL._AC_UL320_.jpg,45,排名进入前30；价格高于人民币等值¥288.00；评分达到4.3以上。
2026-08-04,amazon_us,product,search,women slides,38,Slides for Women and Men Arch Support Slide Sandals Slip Resistant Shower Slippers Cushioned Pool Slides,¥122.33,4.1,"Price, product page $16.99 $ 16 . 99 List: $23.99 List: $23.99 $23.99",,,,,,https://www.amazon.com/VIVASUN-Unisex-Support-Cushioned-Sandals/dp/B0H8CX577D/ref=sr_1_24?dib=eyJ2IjoiMSJ9.RrPumS3Ni8XWS9mPWZVEoC2cqbLFexTW_RJQDK1FqYFi2SeZwjgoeycwLo44M3HryvchiLfEcy0qfnQIhK6yJlKTGgAfRu0TZGDT8NbwRTQsyvMriFBiPa6cE8nDjbIg4O9pVBmBbtuJ1vBLzjZpiEnlGjrIzqfj-D4S_EyiukbzkLHzjUqhJeX-u_FoxluUFcjZoIm_2msYX02dX2sTXw5g-KbmNjEiKaZVPLdzJEWmP7fGAlXXY0V_R8vNw4ZZnDaT3OQj_s_G8XxXSc4h2W-z_OpbzBIQ4gViRh2fxCU.4OO28znv1_OLc9--M4sYipmVO94DgmLicKJMnQZG-1A&dib_tag=se&keywords=women+slides&qid=1785816717&sr=8-24,https://m.media-amazon.com/images/I/71DfPnwadBL._AC_UL320_.jpg,45,排名进入前50；价格处于人民币等值¥57.60-¥180.00黄金区间；标题包含 arch support，符合美国女鞋舒适化趋势；评分达到4.0以上。
2026-08-04,amazon_us,product,search,women slides,50,Litfun,¥158.26,4.6,Litfun,,,,,,https://www.amazon.com/Litfun-Womens-Footbed-Sandals-Adjustable/dp/B0DZ6MG247/ref=sr_1_36?dib=eyJ2IjoiMSJ9.RrPumS3Ni8XWS9mPWZVEoC2cqbLFexTW_RJQDK1FqYFi2SeZwjgoeycwLo44M3HryvchiLfEcy0qfnQIhK6yJlKTGgAfRu0TZGDT8NbwRTQsyvMriFBiPa6cE8nDjbIg4O9pVBmBbtuJ1vBLzjZpiEnlGjrIzqfj-D4S_EyiukbzkLHzjUqhJeX-u_FoxluUFcjZoIm_2msYX02dX2sTXw5g-KbmNjEiKaZVPLdzJEWmP7fGAlXXY0V_R8vNw4ZZnDaT3OQj_s_G8XxXSc4h2W-z_OpbzBIQ4gViRh2fxCU.4OO28znv1_OLc9--M4sYipmVO94DgmLicKJMnQZG-1A&dib_tag=se&keywords=women+slides&qid=1785816717&sr=8-36,https://m.media-amazon.com/images/I/81XXLyFZLVL._AC_UL320_.jpg,45,排名进入前50；价格处于人民币等值¥57.60-¥180.00黄金区间；评分达到4.6以上。
2026-08-04,amazon_us,product,search,platform sandals women,35,Project Cloud,¥204.48,4.4,Project Cloud,,,,,,https://www.amazon.com/Project-Cloud-Genuine-Womens-Sandals/dp/B0CQTTTK2J/ref=sr_1_18?dib=eyJ2IjoiMSJ9.b40a7B90wYxMAM79Sxswy6XAeUi2HtYaPiXC2PoRpg4MTcuHZurxulQfXbE53VLfiSy-aEKse_3MDr2xUlKoesTBC15kg5Sl-4PPtuPBD7ZT6dJWh2c8PbmZldu81hycYa3XPY5xzHagUmAp-WpTGoOf-5ANh4bMX2-PQOj0B30hElaU_9lK_uGrAfuWGMi7Ih6pOIr71z0QvbampNH7o-AhWVkqv1BSLvjsWBIZQ5yxxEuk5cLt_C3ekCUB7nh207lOaRhUrYYuechi_PklDMqwbAEppfiUT9UzapDVsjU.7rrigk9krEfemB3hc8FMpIWoAImhet_6zwzXJM5A4i4&dib_tag=se&keywords=platform+sandals+women&qid=1785816717&sr=8-18,https://m.media-amazon.com/images/I/81V6vB5lczL._AC_UL320_.jpg,45,排名进入前50；价格处于人民币等值¥180.00-¥288.00区间；标题包含 cloud，符合美国女鞋舒适化趋势；评分达到4.3以上。
2026-08-04,amazon_us,product,best_sellers,Best Sellers Women Sandals,32,"Reef Cushion Vista Hi Womens Platform Fashion Sandal, Arch Support, Ultra Soft Cushion Footbed",,4.4,$35.71,,,,,,https://www.amazon.com/Reef-Sandals-Cushion-Platform-Footbed/dp/B07WWTCM9T/ref=zg_bs_g_679425011_d_sccl_32/143-6740310-6939560?psc=1,"https://images-na.ssl-images-amazon.com/images/I/61Uv1VDRdFL._AC_UL300_SR300,200_.jpg",44,排名进入前50；标题包含 platform、arch support、soft，符合美国女鞋舒适化趋势；评分达到4.3以上。
2026-08-04,amazon_us,product,best_sellers,Best Sellers Women Sandals,41,"KuaiLu Recovery Sandals Women With Comfortable Arch Support Sport Slides | Ladies Orthotic Thick Cushion Open Toe Slippers Relief Plantar Fasciitis Reduces Stress on Feet,Joints & Back Post-Exercise",,4.1,$29.99,,,,,,https://www.amazon.com/KuaiLu-Recovery-Comfortable-Fasciitis-Orthopedic/dp/B0CL5P9C8P/ref=zg_bs_g_679425011_d_sccl_41/143-6740310-6939560?psc=1,"https://images-na.ssl-images-amazon.com/images/I/71WkfUbHj-L._AC_UL300_SR300,200_.jpg",44,排名进入前50；标题包含 recovery、comfort、arch support，符合美国女鞋舒适化趋势；评分达到4.0以上。
2026-08-04,amazon_us,product,new_releases,New Releases Women Sandals,26,"CUSHIONAIRE Trio Flip Flops for Women, Comfortable Beach Sandals with Braided Thong Strap, Memory Foam Footbed and Metallic Ring Accents",,3.7,$39.99,,,,,,https://www.amazon.com/CUSHIONAIRE-Comfortable-Sandals-Metallic-CHOCOLATE/dp/B0H429LWCV/ref=zg_bsnr_g_679425011_d_sccl_26/143-6740310-6939560?psc=1,"https://images-na.ssl-images-amazon.com/images/I/71SWuBKpk7L._AC_UL600_SR600,400_.jpg",44,排名进入前30；标题包含 comfort、beach，符合美国女鞋舒适化趋势。
2026-08-04,amazon_us,product,new_releases,New Releases Women Sandals,28,"BRONAX Women's Double Buckle Clear Jelly Sandals J100 | Waterproof PVC Material, Quick-Drying, Summer Slip on, Easy to Clean, Comfort During Walking, Travel, and Daily Wear",,3.8,$19.99,,,,,,https://www.amazon.com/BRONAX-Womens-Double-Buckle-Sandals/dp/B0H14PXLGL/ref=zg_bsnr_g_679425011_d_sccl_28/143-6740310-6939560?psc=1,"https://images-na.ssl-images-amazon.com/images/I/81ntrU8WMiL._AC_UL600_SR600,400_.jpg",44,排名进入前30；标题包含 comfort、summer，符合美国女鞋舒适化趋势。
2026-08-04,amazon_us,product,best_sellers,Best Sellers Women Sandals,22,Ankis Heels for Women Open Toe Ankle Strap Chunky Heel Sandals 2.75 Inch,,4.4,$26.99,,,,,,https://www.amazon.com/Ankis-Nude-Heels-Women-numeric_8/dp/B094CTB3TY/ref=zg_bs_g_679425011_d_sccl_22/133-1636655-0107931?psc=1,"https://images-na.ssl-images-amazon.com/images/I/71dUhT7TubL._AC_UL600_SR600,400_.jpg",42,排名进入前30；评分达到4.3以上。
2026-08-04,amazon_us,product,best_sellers,Best Sellers Women Sandals,31,"FUNKYMONKEY Women's Comfort Slides Non-Slip Lightweight Flat Beach Sandals | Adjustable Buckle Plastic Sandals with Arch Support, Waterproof Non-Slip Summer Slippers for Pool, Shower & Daily Wear",,4.1,$18.99,,,,,,https://www.amazon.com/FUNKYMONKEY-Comfort-Adjustable-Sandals-US-Women/dp/B07CV9YZBB/ref=zg_bs_g_679425011_d_sccl_31/143-6740310-6939560?psc=1,"https://images-na.ssl-images-amazon.com/images/I/51o3wxcasIL._AC_UL300_SR300,200_.jpg",42,排名进入前50；标题包含 comfort、arch support、beach、summer，符合美国女鞋舒适化趋势；评分达到4.0以上。
2026-08-04,amazon_us,product,new_releases,New Releases Women Sandals,16,adidas Mens Adilette Shower Arsenal Slides Casual Sandals Casual - Red,,4.4,$22.50,,,,,,https://www.amazon.com/adidas-Unisex-Adilette-Shower-Sandal/dp/B0DHWKVNG5/ref=zg_bsnr_g_679425011_d_sccl_16/143-6740310-6939560?psc=1,"https://images-na.ssl-images-amazon.com/images/I/612nP+tlU-L._AC_UL600_SR600,400_.jpg",42,排名进入前30；评分达到4.3以上。
2026-08-04,amazon_us,product,search,women summer slippers,32,VeraCosy,¥122.33,4.5,VeraCosy,,,,,,https://www.amazon.com/VeraCosy-Two-Tone-Slippers-Non-slip-Evening/dp/B0DCVZ52Y5/ref=sr_1_24?dib=eyJ2IjoiMSJ9.3B_wBrVg1UMy5tWehIloEqh3GcRQaYuBAiGuYjezoF8Dm6sY8g4v-VR8VGlcZDhfZZ00qHRNt3j33kRWI9xMudg3niaoteu6WzqDMjqIMDCIAkwfAR6ukf09NdIy2nDTCvqsDV8IODBh7K-bnu4KrD2voxBG0Ud3U_gVdMWwdgphp0szPxsaL-IeMDgKntnAd3BKyjDgFgIPwi12ChR2zlKFMIrMsmh2XgGZnf0Gt97YeBSjYEfuLzL8GLBq0hsXJaNoyAovo0umacq4nRmSwyCfm_9RcHedEiSDNkfpcf8.J1zRt4aXGFwXAolNFfpIyLdSwJHStNCahtFtcWaNSAA&dib_tag=se&keywords=women+summer+slippers&qid=1785816716&sr=8-24,https://m.media-amazon.com/images/I/81RJZ2gB8sL._AC_UL320_.jpg,42,排名进入前50；价格处于人民币等值¥57.60-¥180.00黄金区间；评分达到4.3以上。
2026-08-04,amazon_us,product,search,women summer slippers,33,Garonne,¥115.13,4.3,Garonne,,,,,,https://www.amazon.com/Garonne-Slippers-Non-Slip-Bedroom-Outdoor/dp/B0F37BTNB5/ref=sr_1_25?dib=eyJ2IjoiMSJ9.3B_wBrVg1UMy5tWehIloEqh3GcRQaYuBAiGuYjezoF8Dm6sY8g4v-VR8VGlcZDhfZZ00qHRNt3j33kRWI9xMudg3niaoteu6WzqDMjqIMDCIAkwfAR6ukf09NdIy2nDTCvqsDV8IODBh7K-bnu4KrD2voxBG0Ud3U_gVdMWwdgphp0szPxsaL-IeMDgKntnAd3BKyjDgFgIPwi12ChR2zlKFMIrMsmh2XgGZnf0Gt97YeBSjYEfuLzL8GLBq0hsXJaNoyAovo0umacq4nRmSwyCfm_9RcHedEiSDNkfpcf8.J1zRt4aXGFwXAolNFfpIyLdSwJHStNCahtFtcWaNSAA&dib_tag=se&keywords=women+summer+slippers&qid=1785816716&sr=8-25,https://m.media-amazon.com/images/I/81JmkmTRcmL._AC_UL320_.jpg,42,排名进入前50；价格处于人民币等值¥57.60-¥180.00黄金区间；评分达到4.3以上。
2026-08-04,amazon_us,product,search,women summer slippers,34,Dearfoams,¥129.53,4.3,Dearfoams,,,,,,https://www.amazon.com/Dearfoams-womens-Slipper-Dusty-Large/dp/B083VY1Q3M/ref=sr_1_26?dib=eyJ2IjoiMSJ9.3B_wBrVg1UMy5tWehIloEqh3GcRQaYuBAiGuYjezoF8Dm6sY8g4v-VR8VGlcZDhfZZ00qHRNt3j33kRWI9xMudg3niaoteu6WzqDMjqIMDCIAkwfAR6ukf09NdIy2nDTCvqsDV8IODBh7K-bnu4KrD2voxBG0Ud3U_gVdMWwdgphp0szPxsaL-IeMDgKntnAd3BKyjDgFgIPwi12ChR2zlKFMIrMsmh2XgGZnf0Gt97YeBSjYEfuLzL8GLBq0hsXJaNoyAovo0umacq4nRmSwyCfm_9RcHedEiSDNkfpcf8.J1zRt4aXGFwXAolNFfpIyLdSwJHStNCahtFtcWaNSAA&dib_tag=se&keywords=women+summer+slippers&qid=1785816716&sr=8-26,https://m.media-amazon.com/images/I/716X6dZXCuL._AC_UL320_.jpg,42,排名进入前50；价格处于人民币等值¥57.60-¥180.00黄金区间；评分达到4.3以上。
2026-08-04,amazon_us,product,search,women summer slippers,42,EverFoams,¥93.53,4.4,EverFoams,,,,,,https://www.amazon.com/EverFoams-Slippers-Outdoor-Outsole-Vanilla/dp/B0DPZPQ4JW/ref=sr_1_34?dib=eyJ2IjoiMSJ9.3B_wBrVg1UMy5tWehIloEqh3GcRQaYuBAiGuYjezoF8Dm6sY8g4v-VR8VGlcZDhfZZ00qHRNt3j33kRWI9xMudg3niaoteu6WzqDMjqIMDCIAkwfAR6ukf09NdIy2nDTCvqsDV8IODBh7K-bnu4KrD2voxBG0Ud3U_gVdMWwdgphp0szPxsaL-IeMDgKntnAd3BKyjDgFgIPwi12ChR2zlKFMIrMsmh2XgGZnf0Gt97YeBSjYEfuLzL8GLBq0hsXJaNoyAovo0umacq4nRmSwyCfm_9RcHedEiSDNkfpcf8.J1zRt4aXGFwXAolNFfpIyLdSwJHStNCahtFtcWaNSAA&dib_tag=se&keywords=women+summer+slippers&qid=1785816716&sr=8-34,https://m.media-amazon.com/images/I/61-syU96aOL._AC_UL320_.jpg,42,排名进入前50；价格处于人民币等值¥57.60-¥180.00黄金区间；评分达到4.3以上。
2026-08-04,amazon_us,product,search,women summer slippers,45,KIDMI,¥143.86,4.4,KIDMI,,,,,,https://www.amazon.com/KIDMI-Womens-Comfortable-Walking-Sandals/dp/B0FC28GT31/ref=sr_1_37?dib=eyJ2IjoiMSJ9.3B_wBrVg1UMy5tWehIloEqh3GcRQaYuBAiGuYjezoF8Dm6sY8g4v-VR8VGlcZDhfZZ00qHRNt3j33kRWI9xMudg3niaoteu6WzqDMjqIMDCIAkwfAR6ukf09NdIy2nDTCvqsDV8IODBh7K-bnu4KrD2voxBG0Ud3U_gVdMWwdgphp0szPxsaL-IeMDgKntnAd3BKyjDgFgIPwi12ChR2zlKFMIrMsmh2XgGZnf0Gt97YeBSjYEfuLzL8GLBq0hsXJaNoyAovo0umacq4nRmSwyCfm_9RcHedEiSDNkfpcf8.J1zRt4aXGFwXAolNFfpIyLdSwJHStNCahtFtcWaNSAA&dib_tag=se&keywords=women+summer+slippers&qid=1785816716&sr=8-37,https://m.media-amazon.com/images/I/71ZQBGX7l8L._AC_UL320_.jpg,42,排名进入前50；价格处于人民币等值¥57.60-¥180.00黄金区间；评分达到4.3以上。
2026-08-04,amazon_us,product,search,women summer slippers,48,GOEWY,¥136.73,4.4,GOEWY,,,,,,https://www.amazon.com/GOEWY-House-Slippers-Summer-Memory/dp/B0GVYCBV2P/ref=sr_1_40?dib=eyJ2IjoiMSJ9.3B_wBrVg1UMy5tWehIloEqh3GcRQaYuBAiGuYjezoF8Dm6sY8g4v-VR8VGlcZDhfZZ00qHRNt3j33kRWI9xMudg3niaoteu6WzqDMjqIMDCIAkwfAR6ukf09NdIy2nDTCvqsDV8IODBh7K-bnu4KrD2voxBG0Ud3U_gVdMWwdgphp0szPxsaL-IeMDgKntnAd3BKyjDgFgIPwi12ChR2zlKFMIrMsmh2XgGZnf0Gt97YeBSjYEfuLzL8GLBq0hsXJaNoyAovo0umacq4nRmSwyCfm_9RcHedEiSDNkfpcf8.J1zRt4aXGFwXAolNFfpIyLdSwJHStNCahtFtcWaNSAA&dib_tag=se&keywords=women+summer+slippers&qid=1785816716&sr=8-40,https://m.media-amazon.com/images/I/71prwg4iI5L._AC_UL320_.jpg,42,排名进入前50；价格处于人民币等值¥57.60-¥180.00黄金区间；评分达到4.3以上。
2026-08-04,amazon_us,product,search,women slides,33,Happy Lily,¥64.73,4.3,Happy Lily,,,,,,https://www.amazon.com/Slippers-Non-Slip-Shower-Sandals-Bathroom/dp/B01LYNR9VM/ref=sr_1_19?dib=eyJ2IjoiMSJ9.RrPumS3Ni8XWS9mPWZVEoC2cqbLFexTW_RJQDK1FqYFi2SeZwjgoeycwLo44M3HryvchiLfEcy0qfnQIhK6yJlKTGgAfRu0TZGDT8NbwRTQsyvMriFBiPa6cE8nDjbIg4O9pVBmBbtuJ1vBLzjZpiEnlGjrIzqfj-D4S_EyiukbzkLHzjUqhJeX-u_FoxluUFcjZoIm_2msYX02dX2sTXw5g-KbmNjEiKaZVPLdzJEWmP7fGAlXXY0V_R8vNw4ZZnDaT3OQj_s_G8XxXSc4h2W-z_OpbzBIQ4gViRh2fxCU.4OO28znv1_OLc9--M4sYipmVO94DgmLicKJMnQZG-1A&dib_tag=se&keywords=women+slides&qid=1785816717&sr=8-19,https://m.media-amazon.com/images/I/81oTjdeU9ZL._AC_UL320_.jpg,42,排名进入前50；价格处于人民币等值¥57.60-¥180.00黄金区间；评分达到4.3以上。
2026-08-04,amazon_us,product,search,women slides,46,welltree,¥93.46,4.3,welltree,,,,,,https://www.amazon.com/welltree-Slippers-Non-Slip-Bathroom-Sandals/dp/B09JVKT6L8/ref=sr_1_32?dib=eyJ2IjoiMSJ9.RrPumS3Ni8XWS9mPWZVEoC2cqbLFexTW_RJQDK1FqYFi2SeZwjgoeycwLo44M3HryvchiLfEcy0qfnQIhK6yJlKTGgAfRu0TZGDT8NbwRTQsyvMriFBiPa6cE8nDjbIg4O9pVBmBbtuJ1vBLzjZpiEnlGjrIzqfj-D4S_EyiukbzkLHzjUqhJeX-u_FoxluUFcjZoIm_2msYX02dX2sTXw5g-KbmNjEiKaZVPLdzJEWmP7fGAlXXY0V_R8vNw4ZZnDaT3OQj_s_G8XxXSc4h2W-z_OpbzBIQ4gViRh2fxCU.4OO28znv1_OLc9--M4sYipmVO94DgmLicKJMnQZG-1A&dib_tag=se&keywords=women+slides&qid=1785816717&sr=8-32,https://m.media-amazon.com/images/I/51gpb9lx2LL._AC_UL320_.jpg,42,排名进入前50；价格处于人民币等值¥57.60-¥180.00黄金区间；评分达到4.3以上。
2026-08-04,amazon_us,product,search,platform sandals women,42,DREAM PAIRS,¥179.93,4.3,DREAM PAIRS,,,,,,https://www.amazon.com/DREAM-PAIRS-Flatform-Platform-Sandals/dp/B07ZZB9VZW/ref=sr_1_25?dib=eyJ2IjoiMSJ9.b40a7B90wYxMAM79Sxswy6XAeUi2HtYaPiXC2PoRpg4MTcuHZurxulQfXbE53VLfiSy-aEKse_3MDr2xUlKoesTBC15kg5Sl-4PPtuPBD7ZT6dJWh2c8PbmZldu81hycYa3XPY5xzHagUmAp-WpTGoOf-5ANh4bMX2-PQOj0B30hElaU_9lK_uGrAfuWGMi7Ih6pOIr71z0QvbampNH7o-AhWVkqv1BSLvjsWBIZQ5yxxEuk5cLt_C3ekCUB7nh207lOaRhUrYYuechi_PklDMqwbAEppfiUT9UzapDVsjU.7rrigk9krEfemB3hc8FMpIWoAImhet_6zwzXJM5A4i4&dib_tag=se&keywords=platform+sandals+women&qid=1785816717&sr=8-25,https://m.media-amazon.com/images/I/7142idevyNL._AC_UL320_.jpg,42,排名进入前50；价格处于人民币等值¥57.60-¥180.00黄金区间；评分达到4.3以上。
2026-08-04,amazon_us,product,search,women summer slippers,49,Linen House Slippers Indoor Open Toe Slides Bedroom Lightweight Stawberry Slippers Non Slip For Women Comfort Shoes,¥71.93,3.9,"Price, product page $9.99 $ 9 . 99",,,,,,https://www.amazon.com/SEYHIBG-Slippers-Bedroom-Lightweight-Stawberry/dp/B0G58HFXN9/ref=sr_1_41?dib=eyJ2IjoiMSJ9.3B_wBrVg1UMy5tWehIloEqh3GcRQaYuBAiGuYjezoF8Dm6sY8g4v-VR8VGlcZDhfZZ00qHRNt3j33kRWI9xMudg3niaoteu6WzqDMjqIMDCIAkwfAR6ukf09NdIy2nDTCvqsDV8IODBh7K-bnu4KrD2voxBG0Ud3U_gVdMWwdgphp0szPxsaL-IeMDgKntnAd3BKyjDgFgIPwi12ChR2zlKFMIrMsmh2XgGZnf0Gt97YeBSjYEfuLzL8GLBq0hsXJaNoyAovo0umacq4nRmSwyCfm_9RcHedEiSDNkfpcf8.J1zRt4aXGFwXAolNFfpIyLdSwJHStNCahtFtcWaNSAA&dib_tag=se&keywords=women+summer+slippers&qid=1785816716&sr=8-41,https://m.media-amazon.com/images/I/8170JJYQnZL._AC_UL320_.jpg,41,排名进入前50；价格处于人民币等值¥57.60-¥180.00黄金区间；标题包含 comfort，符合美国女鞋舒适化趋势。
2026-08-04,amazon_us,product,search,women summer slippers,27,CHGANG,¥53.21,3.8,CHGANG,,,,,,https://www.amazon.com/CHGANG-House-Slippers-Womens-Cotton/dp/B0G58LHD6Y/ref=sr_1_19?dib=eyJ2IjoiMSJ9.3B_wBrVg1UMy5tWehIloEqh3GcRQaYuBAiGuYjezoF8Dm6sY8g4v-VR8VGlcZDhfZZ00qHRNt3j33kRWI9xMudg3niaoteu6WzqDMjqIMDCIAkwfAR6ukf09NdIy2nDTCvqsDV8IODBh7K-bnu4KrD2voxBG0Ud3U_gVdMWwdgphp0szPxsaL-IeMDgKntnAd3BKyjDgFgIPwi12ChR2zlKFMIrMsmh2XgGZnf0Gt97YeBSjYEfuLzL8GLBq0hsXJaNoyAovo0umacq4nRmSwyCfm_9RcHedEiSDNkfpcf8.J1zRt4aXGFwXAolNFfpIyLdSwJHStNCahtFtcWaNSAA&dib_tag=se&keywords=women+summer+slippers&qid=1785816716&sr=8-19,https://m.media-amazon.com/images/I/71eCq66Oq9L._AC_UL320_.jpg,40,排名进入前30；价格低于人民币等值¥57.60。
2026-08-04,amazon_us,product,best_sellers,Best Sellers Women Sandals,17,LULLASONG Women's Kitten Heels Sandals Square Open Toe Flip Flop Heels 1.8-2 Inch Heeled Sandals for Women,,4.2,$35.99,,,,,,https://www.amazon.com/LULLASONG-Womens-Kitten-Sandals-Square/dp/B0DCFSM597/ref=zg_bs_g_679425011_d_sccl_17/133-1636655-0107931?psc=1,"https://images-na.ssl-images-amazon.com/images/I/61aVZl7OhqL._AC_UL600_SR600,400_.jpg",39,排名进入前30；评分达到4.0以上。
2026-08-04,amazon_us,product,best_sellers,Best Sellers Women Sandals,19,Havaianas Women's Slim Square Solid Flip Flops,,4.2,$30.00,,,,,,https://www.amazon.com/Havaianas-Womens-Square-Solid-Medium/dp/B0BBPX6J6F/ref=zg_bs_g_679425011_d_sccl_19/133-1636655-0107931?psc=1,"https://images-na.ssl-images-amazon.com/images/I/519tF5UFGFL._AC_UL600_SR600,400_.jpg",39,排名进入前30；评分达到4.0以上。
2026-08-04,amazon_us,product,new_releases,New Releases Women Sandals,20,"CUSHIONAIRE Shana Clear Jelly Strap Heels for Women, Flared Kitten Heel Slide with Cushioned Footbed and Split Toe",,4.1,$49.99,,,,,,https://www.amazon.com/CUSHIONAIRE-Flared-Cushioned-Footbed-TORTOISE/dp/B0H2FK577R/ref=zg_bsnr_g_679425011_d_sccl_20/143-6740310-6939560?psc=1,"https://images-na.ssl-images-amazon.com/images/I/71YZfL+oAFL._AC_UL600_SR600,400_.jpg",39,排名进入前30；评分达到4.0以上。
2026-08-04,amazon_us,product,search,women summer slippers,31,FITORY,¥143.93,4.2,FITORY,,,,,,https://www.amazon.com/FITORY-Sandals-Fashion-Leather-Slippers/dp/B0BN3GQFKN/ref=sr_1_23?dib=eyJ2IjoiMSJ9.3B_wBrVg1UMy5tWehIloEqh3GcRQaYuBAiGuYjezoF8Dm6sY8g4v-VR8VGlcZDhfZZ00qHRNt3j33kRWI9xMudg3niaoteu6WzqDMjqIMDCIAkwfAR6ukf09NdIy2nDTCvqsDV8IODBh7K-bnu4KrD2voxBG0Ud3U_gVdMWwdgphp0szPxsaL-IeMDgKntnAd3BKyjDgFgIPwi12ChR2zlKFMIrMsmh2XgGZnf0Gt97YeBSjYEfuLzL8GLBq0hsXJaNoyAovo0umacq4nRmSwyCfm_9RcHedEiSDNkfpcf8.J1zRt4aXGFwXAolNFfpIyLdSwJHStNCahtFtcWaNSAA&dib_tag=se&keywords=women+summer+slippers&qid=1785816716&sr=8-23,https://m.media-amazon.com/images/I/61cA2WpKDqL._AC_UL320_.jpg,39,排名进入前50；价格处于人民币等值¥57.60-¥180.00黄金区间；评分达到4.0以上。
2026-08-04,amazon_us,product,search,women summer slippers,35,mazeskin,¥71.93,4.2,mazeskin,,,,,,https://www.amazon.com/mazeskin-Womens-Comfortable-Sandals-Leather/dp/B0F32KMZ18/ref=sr_1_27?dib=eyJ2IjoiMSJ9.3B_wBrVg1UMy5tWehIloEqh3GcRQaYuBAiGuYjezoF8Dm6sY8g4v-VR8VGlcZDhfZZ00qHRNt3j33kRWI9xMudg3niaoteu6WzqDMjqIMDCIAkwfAR6ukf09NdIy2nDTCvqsDV8IODBh7K-bnu4KrD2voxBG0Ud3U_gVdMWwdgphp0szPxsaL-IeMDgKntnAd3BKyjDgFgIPwi12ChR2zlKFMIrMsmh2XgGZnf0Gt97YeBSjYEfuLzL8GLBq0hsXJaNoyAovo0umacq4nRmSwyCfm_9RcHedEiSDNkfpcf8.J1zRt4aXGFwXAolNFfpIyLdSwJHStNCahtFtcWaNSAA&dib_tag=se&keywords=women+summer+slippers&qid=1785816716&sr=8-27,https://m.media-amazon.com/images/I/71jV8GHPNSL._AC_UL320_.jpg,39,排名进入前50；价格处于人民币等值¥57.60-¥180.00黄金区间；评分达到4.0以上。
2026-08-04,amazon_us,product,search,women summer slippers,39,COCOMUSE,¥107.93,4.1,COCOMUSE,,,,,,https://www.amazon.com/Ultralight-Indoor-Cotton-Slippers-Absorb/dp/B09MRP87ZZ/ref=sr_1_31?dib=eyJ2IjoiMSJ9.3B_wBrVg1UMy5tWehIloEqh3GcRQaYuBAiGuYjezoF8Dm6sY8g4v-VR8VGlcZDhfZZ00qHRNt3j33kRWI9xMudg3niaoteu6WzqDMjqIMDCIAkwfAR6ukf09NdIy2nDTCvqsDV8IODBh7K-bnu4KrD2voxBG0Ud3U_gVdMWwdgphp0szPxsaL-IeMDgKntnAd3BKyjDgFgIPwi12ChR2zlKFMIrMsmh2XgGZnf0Gt97YeBSjYEfuLzL8GLBq0hsXJaNoyAovo0umacq4nRmSwyCfm_9RcHedEiSDNkfpcf8.J1zRt4aXGFwXAolNFfpIyLdSwJHStNCahtFtcWaNSAA&dib_tag=se&keywords=women+summer+slippers&qid=1785816716&sr=8-31,https://m.media-amazon.com/images/I/81KNq3E0H3L._AC_UL320_.jpg,39,排名进入前50；价格处于人民币等值¥57.60-¥180.00黄金区间；评分达到4.0以上。
2026-08-04,amazon_us,product,search,women summer slippers,43,Womens Open Toe House Slippers Breathable Slip-on Indoor Slippers,¥71.93,4.2,"Price, product page $9.99 $ 9 . 99",,,,,,https://www.amazon.com/Dokela-Womens-Slippers-Breathable-Indoor/dp/B0GLH28M2B/ref=sr_1_35?dib=eyJ2IjoiMSJ9.3B_wBrVg1UMy5tWehIloEqh3GcRQaYuBAiGuYjezoF8Dm6sY8g4v-VR8VGlcZDhfZZ00qHRNt3j33kRWI9xMudg3niaoteu6WzqDMjqIMDCIAkwfAR6ukf09NdIy2nDTCvqsDV8IODBh7K-bnu4KrD2voxBG0Ud3U_gVdMWwdgphp0szPxsaL-IeMDgKntnAd3BKyjDgFgIPwi12ChR2zlKFMIrMsmh2XgGZnf0Gt97YeBSjYEfuLzL8GLBq0hsXJaNoyAovo0umacq4nRmSwyCfm_9RcHedEiSDNkfpcf8.J1zRt4aXGFwXAolNFfpIyLdSwJHStNCahtFtcWaNSAA&dib_tag=se&keywords=women+summer+slippers&qid=1785816716&sr=8-35,https://m.media-amazon.com/images/I/81r1tSkHqHL._AC_UL320_.jpg,39,排名进入前50；价格处于人民币等值¥57.60-¥180.00黄金区间；评分达到4.0以上。
2026-08-04,amazon_us,product,search,women summer slippers,47,VOVEA,¥71.93,4.2,VOVEA,,,,,,https://www.amazon.com/VOVEA-Non-Slip-Bathroom-Cushion-Outdoor/dp/B0BHWQT653/ref=sr_1_39?dib=eyJ2IjoiMSJ9.3B_wBrVg1UMy5tWehIloEqh3GcRQaYuBAiGuYjezoF8Dm6sY8g4v-VR8VGlcZDhfZZ00qHRNt3j33kRWI9xMudg3niaoteu6WzqDMjqIMDCIAkwfAR6ukf09NdIy2nDTCvqsDV8IODBh7K-bnu4KrD2voxBG0Ud3U_gVdMWwdgphp0szPxsaL-IeMDgKntnAd3BKyjDgFgIPwi12ChR2zlKFMIrMsmh2XgGZnf0Gt97YeBSjYEfuLzL8GLBq0hsXJaNoyAovo0umacq4nRmSwyCfm_9RcHedEiSDNkfpcf8.J1zRt4aXGFwXAolNFfpIyLdSwJHStNCahtFtcWaNSAA&dib_tag=se&keywords=women+summer+slippers&qid=1785816716&sr=8-39,https://m.media-amazon.com/images/I/811Rf7NxwkL._AC_UL320_.jpg,39,排名进入前50；价格处于人民币等值¥57.60-¥180.00黄金区间；评分达到4.0以上。
2026-08-04,amazon_us,product,search,women summer slippers,50,MAGILONA,¥143.93,4.1,MAGILONA,,,,,,https://www.amazon.com/MAGILONA-Unisex-Open-Toe-Slippers-Non-Slip/dp/B0C4KQJ1R6/ref=sr_1_42?dib=eyJ2IjoiMSJ9.3B_wBrVg1UMy5tWehIloEqh3GcRQaYuBAiGuYjezoF8Dm6sY8g4v-VR8VGlcZDhfZZ00qHRNt3j33kRWI9xMudg3niaoteu6WzqDMjqIMDCIAkwfAR6ukf09NdIy2nDTCvqsDV8IODBh7K-bnu4KrD2voxBG0Ud3U_gVdMWwdgphp0szPxsaL-IeMDgKntnAd3BKyjDgFgIPwi12ChR2zlKFMIrMsmh2XgGZnf0Gt97YeBSjYEfuLzL8GLBq0hsXJaNoyAovo0umacq4nRmSwyCfm_9RcHedEiSDNkfpcf8.J1zRt4aXGFwXAolNFfpIyLdSwJHStNCahtFtcWaNSAA&dib_tag=se&keywords=women+summer+slippers&qid=1785816716&sr=8-42,https://m.media-amazon.com/images/I/71YgTA6teCL._AC_UL320_.jpg,39,排名进入前50；价格处于人民币等值¥57.60-¥180.00黄金区间；评分达到4.0以上。
2026-08-04,amazon_us,product,search,women slides,34,Anmerl,¥68.33,4.2,Anmerl,,,,,,https://www.amazon.com/Anmerl-Comfortable-Slippers-Ultra-Light-Bathroom/dp/B0CXHLDYB6/ref=sr_1_20?dib=eyJ2IjoiMSJ9.RrPumS3Ni8XWS9mPWZVEoC2cqbLFexTW_RJQDK1FqYFi2SeZwjgoeycwLo44M3HryvchiLfEcy0qfnQIhK6yJlKTGgAfRu0TZGDT8NbwRTQsyvMriFBiPa6cE8nDjbIg4O9pVBmBbtuJ1vBLzjZpiEnlGjrIzqfj-D4S_EyiukbzkLHzjUqhJeX-u_FoxluUFcjZoIm_2msYX02dX2sTXw5g-KbmNjEiKaZVPLdzJEWmP7fGAlXXY0V_R8vNw4ZZnDaT3OQj_s_G8XxXSc4h2W-z_OpbzBIQ4gViRh2fxCU.4OO28znv1_OLc9--M4sYipmVO94DgmLicKJMnQZG-1A&dib_tag=se&keywords=women+slides&qid=1785816717&sr=8-20,https://m.media-amazon.com/images/I/61IjXzVUQ9L._AC_UL320_.jpg,39,排名进入前50；价格处于人民币等值¥57.60-¥180.00黄金区间；评分达到4.0以上。
2026-08-04,amazon_us,product,search,platform sandals women,37,FUNKYMONKEY,¥151.13,4.1,FUNKYMONKEY,,,,,,https://www.amazon.com/FUNKYMONKEY-Thick-sole-Adjustable-Waterproof-Platform/dp/B0CX8JWVQP/ref=sr_1_20?dib=eyJ2IjoiMSJ9.b40a7B90wYxMAM79Sxswy6XAeUi2HtYaPiXC2PoRpg4MTcuHZurxulQfXbE53VLfiSy-aEKse_3MDr2xUlKoesTBC15kg5Sl-4PPtuPBD7ZT6dJWh2c8PbmZldu81hycYa3XPY5xzHagUmAp-WpTGoOf-5ANh4bMX2-PQOj0B30hElaU_9lK_uGrAfuWGMi7Ih6pOIr71z0QvbampNH7o-AhWVkqv1BSLvjsWBIZQ5yxxEuk5cLt_C3ekCUB7nh207lOaRhUrYYuechi_PklDMqwbAEppfiUT9UzapDVsjU.7rrigk9krEfemB3hc8FMpIWoAImhet_6zwzXJM5A4i4&dib_tag=se&keywords=platform+sandals+women&qid=1785816717&sr=8-20,https://m.media-amazon.com/images/I/61gRcMpyJjL._AC_UL320_.jpg,39,排名进入前50；价格处于人民币等值¥57.60-¥180.00黄金区间；评分达到4.0以上。
2026-08-04,amazon_us,product,best_sellers,Best Sellers Women Sandals,24,CUSHIONAIRE Pool Slides for Women Water Resistant Double Buckle Adjustable Slip-On Womens Sandals for Beach Shower Casual Wear,,3.9,$44.99,,,,,,https://www.amazon.com/CUSHIONAIRE-Sandals-Resistant-Double-Buckle/dp/B0GXHKZW5C/ref=zg_bs_g_679425011_d_sccl_24/133-1636655-0107931?psc=1,"https://images-na.ssl-images-amazon.com/images/I/71NStLIJ8SL._AC_UL600_SR600,400_.jpg",38,排名进入前30；标题包含 beach，符合美国女鞋舒适化趋势。
2026-08-04,amazon_us,product,new_releases,New Releases Women Sandals,12,"CUSHIONAIRE Aqua Jelly Flip Flops for Women | Jelly Shoes Glossy Upper, Slip-On Thong Design, Open Round Toe, Quick-Dry Beach and Pool Friendly, Travel-Ready Resort Style",,3.2,$29.99,,,,,,https://www.amazon.com/CUSHIONAIRE-Jelly-Flops-Women-CHOCOLATE/dp/B0H6BZ8F8Y/ref=zg_bsnr_g_679425011_d_sccl_12/143-6740310-6939560?psc=1,"https://images-na.ssl-images-amazon.com/images/I/71LKwjHednL._AC_UL600_SR600,400_.jpg",38,排名进入前30；标题包含 beach，符合美国女鞋舒适化趋势。
2026-08-04,amazon_us,product,search,women slides,35,Calvin Klein,¥232.56,4.5,Calvin Klein,,,,,,https://www.amazon.com/Calvin-Klein-Athens-Brown/dp/B091ZF5PQQ/ref=sr_1_21?dib=eyJ2IjoiMSJ9.RrPumS3Ni8XWS9mPWZVEoC2cqbLFexTW_RJQDK1FqYFi2SeZwjgoeycwLo44M3HryvchiLfEcy0qfnQIhK6yJlKTGgAfRu0TZGDT8NbwRTQsyvMriFBiPa6cE8nDjbIg4O9pVBmBbtuJ1vBLzjZpiEnlGjrIzqfj-D4S_EyiukbzkLHzjUqhJeX-u_FoxluUFcjZoIm_2msYX02dX2sTXw5g-KbmNjEiKaZVPLdzJEWmP7fGAlXXY0V_R8vNw4ZZnDaT3OQj_s_G8XxXSc4h2W-z_OpbzBIQ4gViRh2fxCU.4OO28znv1_OLc9--M4sYipmVO94DgmLicKJMnQZG-1A&dib_tag=se&keywords=women+slides&qid=1785816717&sr=8-21,https://m.media-amazon.com/images/I/71nyc3qEKeS._AC_UL320_.jpg,37,排名进入前50；价格处于人民币等值¥180.00-¥288.00区间；评分达到4.3以上。
2026-08-04,amazon_us,product,search,platform sandals women,36,Aerosoles,¥275.33,4.4,Aerosoles,,,,,,https://www.amazon.com/Aerosoles-Womens-CAMILIA-Heeled-Natural/dp/B0CTKDTBST/ref=sr_1_19?dib=eyJ2IjoiMSJ9.b40a7B90wYxMAM79Sxswy6XAeUi2HtYaPiXC2PoRpg4MTcuHZurxulQfXbE53VLfiSy-aEKse_3MDr2xUlKoesTBC15kg5Sl-4PPtuPBD7ZT6dJWh2c8PbmZldu81hycYa3XPY5xzHagUmAp-WpTGoOf-5ANh4bMX2-PQOj0B30hElaU_9lK_uGrAfuWGMi7Ih6pOIr71z0QvbampNH7o-AhWVkqv1BSLvjsWBIZQ5yxxEuk5cLt_C3ekCUB7nh207lOaRhUrYYuechi_PklDMqwbAEppfiUT9UzapDVsjU.7rrigk9krEfemB3hc8FMpIWoAImhet_6zwzXJM5A4i4&dib_tag=se&keywords=platform+sandals+women&qid=1785816717&sr=8-19,https://m.media-amazon.com/images/I/71bCv2s89xL._AC_UL320_.jpg,37,排名进入前50；价格处于人民币等值¥180.00-¥288.00区间；评分达到4.3以上。
2026-08-04,amazon_us,product,search,platform sandals women,41,SHIBEVER,¥262.37,4.4,SHIBEVER,,,,,,https://www.amazon.com/SHIBEVER-Womens-Wedge-Platform-Sandals/dp/B0F62NKYWT/ref=sr_1_24?dib=eyJ2IjoiMSJ9.b40a7B90wYxMAM79Sxswy6XAeUi2HtYaPiXC2PoRpg4MTcuHZurxulQfXbE53VLfiSy-aEKse_3MDr2xUlKoesTBC15kg5Sl-4PPtuPBD7ZT6dJWh2c8PbmZldu81hycYa3XPY5xzHagUmAp-WpTGoOf-5ANh4bMX2-PQOj0B30hElaU_9lK_uGrAfuWGMi7Ih6pOIr71z0QvbampNH7o-AhWVkqv1BSLvjsWBIZQ5yxxEuk5cLt_C3ekCUB7nh207lOaRhUrYYuechi_PklDMqwbAEppfiUT9UzapDVsjU.7rrigk9krEfemB3hc8FMpIWoAImhet_6zwzXJM5A4i4&dib_tag=se&keywords=platform+sandals+women&qid=1785816717&sr=8-24,https://m.media-amazon.com/images/I/71b2vV3NCbL._AC_UL320_.jpg,37,排名进入前50；价格处于人民币等值¥180.00-¥288.00区间；评分达到4.3以上。
2026-08-04,amazon_us,product,search,platform sandals women,43,vodvob,¥237.53,4.5,vodvob,,,,,,https://www.amazon.com/vodvob-Platform-Sandals-Adjustable-Flatform/dp/B0CW8YF5XW/ref=sr_1_26?dib=eyJ2IjoiMSJ9.b40a7B90wYxMAM79Sxswy6XAeUi2HtYaPiXC2PoRpg4MTcuHZurxulQfXbE53VLfiSy-aEKse_3MDr2xUlKoesTBC15kg5Sl-4PPtuPBD7ZT6dJWh2c8PbmZldu81hycYa3XPY5xzHagUmAp-WpTGoOf-5ANh4bMX2-PQOj0B30hElaU_9lK_uGrAfuWGMi7Ih6pOIr71z0QvbampNH7o-AhWVkqv1BSLvjsWBIZQ5yxxEuk5cLt_C3ekCUB7nh207lOaRhUrYYuechi_PklDMqwbAEppfiUT9UzapDVsjU.7rrigk9krEfemB3hc8FMpIWoAImhet_6zwzXJM5A4i4&dib_tag=se&keywords=platform+sandals+women&qid=1785816717&sr=8-26,https://m.media-amazon.com/images/I/71ZrpOD4Q9L._AC_UL320_.jpg,37,排名进入前50；价格处于人民币等值¥180.00-¥288.00区间；评分达到4.3以上。
2026-08-04,amazon_us,product,best_sellers,Best Sellers Women Sandals,44,KuaiLu Casual Flip Flops for Women Lightweight Cushion Summer Beach Sandals | Comfortable Sport Walking Thong Shoes Pool Outfits Non-Slip Indoor Outdoor,,4.2,$23.99,,,,,,https://www.amazon.com/KuaiLu-Support-Comfortable-Cushion-Non-Slip/dp/B07C1YTWDF/ref=zg_bs_g_679425011_d_sccl_44/143-6740310-6939560?psc=1,"https://images-na.ssl-images-amazon.com/images/I/61TtgwlEaSL._AC_UL300_SR300,200_.jpg",36,排名进入前50；标题包含 comfort、beach、summer，符合美国女鞋舒适化趋势；评分达到4.0以上。
2026-08-04,amazon_us,product,new_releases,New Releases Women Sandals,31,IDIFU Flat Sandals for Women Dressy Comfortable Summer Beach Cute Vacation Slip On Slides Open Round Toe Cute Casual Fashion Sandals,,4.0,$9.99,,,,,,https://www.amazon.com/IDIFU-Sandals-Comfortable-Vacation-Fashion/dp/B0GXTNM6ZP/ref=zg_bsnr_g_679425011_d_sccl_31/143-6740310-6939560?psc=1,"https://images-na.ssl-images-amazon.com/images/I/61ZkRv44rTL._AC_UL300_SR300,200_.jpg",36,排名进入前50；标题包含 comfort、beach、summer，符合美国女鞋舒适化趋势；评分达到4.0以上。
2026-08-04,amazon_us,product,new_releases,New Releases Women Sandals,32,"UBFEN Womens Flat Sandals T-Strap Thong Sandals with Arch Support | Braided Upper, Lightweight, Comfortable for Walking, Flip Flop with Back Elastic Strap",,4.1,$29.99,,,,,,https://www.amazon.com/UBFEN-Womens-Sandals-T-Strap-Support/dp/B0H14CGN9F/ref=zg_bsnr_g_679425011_d_sccl_32/143-6740310-6939560?psc=1,"https://images-na.ssl-images-amazon.com/images/I/71Mt-T6UgsL._AC_UL300_SR300,200_.jpg",36,排名进入前50；标题包含 comfort、arch support，符合美国女鞋舒适化趋势；评分达到4.0以上。
2026-08-04,amazon_us,product,new_releases,New Releases Women Sandals,36,"BRONAX Women's Jelly Sandals Hollow Out Matte Flats J101 | Waterproof PVC Material, Slip-Resistant Sole, Grippy Soft Footbed, Lightweight Comfort, Easy On/Off for Summer & Daily Wear",,4.0,$13.99,,,,,,https://www.amazon.com/BRONAX-Womens-Sandals-Hollow-Breathable/dp/B0H14C4TS7/ref=zg_bsnr_g_679425011_d_sccl_36/143-6740310-6939560?psc=1,"https://images-na.ssl-images-amazon.com/images/I/71Y6OhqE18L._AC_UL300_SR300,200_.jpg",36,排名进入前50；标题包含 comfort、soft、summer，符合美国女鞋舒适化趋势；评分达到4.0以上。
2026-08-04,amazon_us,product,new_releases,New Releases Women Sandals,43,DOBOLIN Rhinestone Heels 1.3 Inch Strappy Square Open Toe Heeled Sandals Slip on Sparkly Low Block Chunky Heels for Women Dressy Shoes Comfortable,,4.6,$33.99,,,,,,https://www.amazon.com/DOBOLIN-Rhinestone-Strappy-Sandals-Comfortable/dp/B0GWMJH2GW/ref=zg_bsnr_g_679425011_d_sccl_43/143-6740310-6939560?psc=1,"https://images-na.ssl-images-amazon.com/images/I/61rNnk31FgL._AC_UL300_SR300,200_.jpg",36,排名进入前50；标题包含 comfort，符合美国女鞋舒适化趋势；评分达到4.6以上。
2026-08-04,amazon_us,product,best_sellers,Best Sellers Women Sandals,37,Rainbow Sandals Women’s Flirty Braidy Premier Leather w/Single Braided Strap,,4.7,$71.00,,,,,,https://www.amazon.com/Rainbow-Sandals-Womens-Flirty-7-5-8-5/dp/B00LGF8TAQ/ref=zg_bs_g_679425011_d_sccl_37/143-6740310-6939560?psc=1,"https://images-na.ssl-images-amazon.com/images/I/71B9WRizBDL._AC_UL300_SR300,200_.jpg",35,排名进入前50；评论数达到50以上；评分达到4.6以上。
2026-08-04,amazon_us,product,search,platform sandals women,50,Erocalli,¥143.93,3.9,Erocalli,,,,,,https://www.amazon.com/Erocalli-Platform-Sandals-Espadrille-Comfortable/dp/B0H4GCQCMZ/ref=sr_1_33?dib=eyJ2IjoiMSJ9.b40a7B90wYxMAM79Sxswy6XAeUi2HtYaPiXC2PoRpg4MTcuHZurxulQfXbE53VLfiSy-aEKse_3MDr2xUlKoesTBC15kg5Sl-4PPtuPBD7ZT6dJWh2c8PbmZldu81hycYa3XPY5xzHagUmAp-WpTGoOf-5ANh4bMX2-PQOj0B30hElaU_9lK_uGrAfuWGMi7Ih6pOIr71z0QvbampNH7o-AhWVkqv1BSLvjsWBIZQ5yxxEuk5cLt_C3ekCUB7nh207lOaRhUrYYuechi_PklDMqwbAEppfiUT9UzapDVsjU.7rrigk9krEfemB3hc8FMpIWoAImhet_6zwzXJM5A4i4&dib_tag=se&keywords=platform+sandals+women&qid=1785816717&sr=8-33,https://m.media-amazon.com/images/I/81Z6XbIYInL._AC_UL320_.jpg,35,排名进入前50；价格处于人民币等值¥57.60-¥180.00黄金区间。
2026-08-04,amazon_us,product,best_sellers,Best Sellers Women Sandals,40,YOCCI Women's Original Sport Sandals Hiking Sandals with Arch Support Yoga Mat Insole Light Weight Outdoor Water Shoes,,4.4,$19.99,,,,,,https://www.amazon.com/YOCCI-Original-Sandals-Support-WHLX001-black-39/dp/B09PYJKZHW/ref=zg_bs_g_679425011_d_sccl_40/143-6740310-6939560?psc=1,"https://images-na.ssl-images-amazon.com/images/I/61jphKWHMEL._AC_UL300_SR300,200_.jpg",33,排名进入前50；标题包含 arch support，符合美国女鞋舒适化趋势；评分达到4.3以上。
2026-08-04,amazon_us,product,best_sellers,Best Sellers Women Sandals,42,Crocs Women's Brooklyn Low Wedge Sandals,,4.6,$41.21,,,,,,https://www.amazon.com/Crocs-Brooklyn-Low-Wedge-Black/dp/B07YQRHPBF/ref=zg_bs_g_679425011_d_sccl_42/143-6740310-6939560?psc=1,"https://images-na.ssl-images-amazon.com/images/I/7146HmICxBL._AC_UL300_SR300,200_.jpg",33,排名进入前50；标题包含 wedge，符合美国女鞋舒适化趋势；评分达到4.6以上。
2026-08-04,amazon_us,product,new_releases,New Releases Women Sandals,40,"DREAM PAIRS Women's Stiletto Kitten Heeled Sandals | Pointed Open Toe Chunky Block Heels, Heeled Sandals Wedding Bridal Party, 3.78-inch stiletto heel Comfortable Shoes",,4.5,$37.99,,,,,,https://www.amazon.com/DREAM-PAIRS-Womens-Stiletto-Sandals/dp/B0H2TGXD4P/ref=zg_bsnr_g_679425011_d_sccl_40/143-6740310-6939560?psc=1,"https://images-na.ssl-images-amazon.com/images/I/61xj+RP20CL._AC_UL300_SR300,200_.jpg",33,排名进入前50；标题包含 comfort，符合美国女鞋舒适化趋势；评分达到4.3以上。
2026-08-04,amazon_us,product,new_releases,New Releases Women Sandals,44,"DREAM PAIRS Women's Chunky Low Heel Thong Sandals | Square Open Toe Slip On, Flip Flop Summer Heels, Comfortable Elgeant Going Out Sandals, Causal for Travel Daily Party Events",,4.2,$36.99,,,,,,https://www.amazon.com/DREAM-PAIRS-Womens-Chunky-Sandals/dp/B0H4FNT36P/ref=zg_bsnr_g_679425011_d_sccl_44/143-6740310-6939560?psc=1,"https://images-na.ssl-images-amazon.com/images/I/61B769rYVcL._AC_UL300_SR300,200_.jpg",33,排名进入前50；标题包含 comfort、summer，符合美国女鞋舒适化趋势；评分达到4.0以上。
2026-08-04,amazon_us,product,best_sellers,Best Sellers Women Sandals,36,Havaianas Women's Slim Sandals,,4.6,$30.00,,,,,,https://www.amazon.com/Havaianas-Womens-Slim-Sandal-Black/dp/B000NBGN0W/ref=zg_bs_g_679425011_d_sccl_36/143-6740310-6939560?psc=1,"https://images-na.ssl-images-amazon.com/images/I/51wqhZix1lL._AC_UL300_SR300,200_.jpg",30,排名进入前50；评分达到4.6以上。
2026-08-04,amazon_us,product,search,platform sandals women,34,REEF,¥352.80,4.4,REEF,,,,,,https://www.amazon.com/Reef-Sandals-Cushion-Platform-Natural/dp/B09TRZZP54/ref=sr_1_17?dib=eyJ2IjoiMSJ9.b40a7B90wYxMAM79Sxswy6XAeUi2HtYaPiXC2PoRpg4MTcuHZurxulQfXbE53VLfiSy-aEKse_3MDr2xUlKoesTBC15kg5Sl-4PPtuPBD7ZT6dJWh2c8PbmZldu81hycYa3XPY5xzHagUmAp-WpTGoOf-5ANh4bMX2-PQOj0B30hElaU_9lK_uGrAfuWGMi7Ih6pOIr71z0QvbampNH7o-AhWVkqv1BSLvjsWBIZQ5yxxEuk5cLt_C3ekCUB7nh207lOaRhUrYYuechi_PklDMqwbAEppfiUT9UzapDVsjU.7rrigk9krEfemB3hc8FMpIWoAImhet_6zwzXJM5A4i4&dib_tag=se&keywords=platform+sandals+women&qid=1785816717&sr=8-17,https://m.media-amazon.com/images/I/61Uv1VDRdFL._AC_UL320_.jpg,30,排名进入前50；价格高于人民币等值¥288.00；评分达到4.3以上。
2026-08-04,amazon_us,product,search,platform sandals women,47,REEF,¥575.64,4.4,REEF,,,,,,https://www.amazon.com/REEF-Higher-Womens-Platform-Adjustable/dp/B0D9HYMNMN/ref=sr_1_30?dib=eyJ2IjoiMSJ9.b40a7B90wYxMAM79Sxswy6XAeUi2HtYaPiXC2PoRpg4MTcuHZurxulQfXbE53VLfiSy-aEKse_3MDr2xUlKoesTBC15kg5Sl-4PPtuPBD7ZT6dJWh2c8PbmZldu81hycYa3XPY5xzHagUmAp-WpTGoOf-5ANh4bMX2-PQOj0B30hElaU_9lK_uGrAfuWGMi7Ih6pOIr71z0QvbampNH7o-AhWVkqv1BSLvjsWBIZQ5yxxEuk5cLt_C3ekCUB7nh207lOaRhUrYYuechi_PklDMqwbAEppfiUT9UzapDVsjU.7rrigk9krEfemB3hc8FMpIWoAImhet_6zwzXJM5A4i4&dib_tag=se&keywords=platform+sandals+women&qid=1785816717&sr=8-30,https://m.media-amazon.com/images/I/51WBYuiSZiL._AC_UL320_.jpg,30,排名进入前50；价格高于人民币等值¥288.00；评分达到4.3以上。
2026-08-04,amazon_us,product,search,platform sandals women,49,Coutgo,¥287.93,3.9,Coutgo,,,,,,https://www.amazon.com/Coutgo-Womens-Platform-Sandals-Espadrilles/dp/B0DJVQ5L69/ref=sr_1_32?dib=eyJ2IjoiMSJ9.b40a7B90wYxMAM79Sxswy6XAeUi2HtYaPiXC2PoRpg4MTcuHZurxulQfXbE53VLfiSy-aEKse_3MDr2xUlKoesTBC15kg5Sl-4PPtuPBD7ZT6dJWh2c8PbmZldu81hycYa3XPY5xzHagUmAp-WpTGoOf-5ANh4bMX2-PQOj0B30hElaU_9lK_uGrAfuWGMi7Ih6pOIr71z0QvbampNH7o-AhWVkqv1BSLvjsWBIZQ5yxxEuk5cLt_C3ekCUB7nh207lOaRhUrYYuechi_PklDMqwbAEppfiUT9UzapDVsjU.7rrigk9krEfemB3hc8FMpIWoAImhet_6zwzXJM5A4i4&dib_tag=se&keywords=platform+sandals+women&qid=1785816717&sr=8-32,https://m.media-amazon.com/images/I/71969BHDGrL._AC_UL320_.jpg,30,排名进入前50；价格处于人民币等值¥180.00-¥288.00区间。
2026-08-04,amazon_us,product,new_releases,New Releases Women Sandals,46,"DREAM PAIRS Women's High Heels Kitten Mules | Dressy Comfortable Fashion Pointed Peep Toe Slip On Sandals tacones,Suitable for Wedding Daily Work Travel Vacation Summer",,3.8,$30.99,,,,,,https://www.amazon.com/DREAM-PAIRS-Womens-Heels-Kitten/dp/B0GYPM3VGY/ref=zg_bsnr_g_679425011_d_sccl_46/143-6740310-6939560?psc=1,"https://images-na.ssl-images-amazon.com/images/I/61ySebuBdYL._AC_UL300_SR300,200_.jpg",29,排名进入前50；标题包含 comfort、summer，符合美国女鞋舒适化趋势。
2026-08-04,amazon_us,product,new_releases,New Releases Women Sandals,42,"CUSHIONAIRE Fuse Chunky Womens Sandals with Double Buckle Straps and Durable Lug Sole, Casual Platform Sandals Women Footwear",,3.9,$44.99,,,,,,https://www.amazon.com/CUSHIONAIRE-Sandals-Platform-Footwear-TORTOISE/dp/B0H4256VV1/ref=zg_bsnr_g_679425011_d_sccl_42/143-6740310-6939560?psc=1,"https://images-na.ssl-images-amazon.com/images/I/81J+-tsF-qL._AC_UL300_SR300,200_.jpg",28,排名进入前50；标题包含 platform，符合美国女鞋舒适化趋势。
2026-08-04,amazon_us,product,new_releases,New Releases Women Sandals,33,Caradise Jelly Mule Kitten Heel Sandals for Women Jelly Summer Shoes,,4.1,$49.99,,,,,,https://www.amazon.com/Caradise-Jelly-Kitten-Sandals-Summer/dp/B0H5P366PK/ref=zg_bsnr_g_679425011_d_sccl_33/143-6740310-6939560?psc=1,"https://images-na.ssl-images-amazon.com/images/I/61jPzAlZK4L._AC_UL300_SR300,200_.jpg",27,排名进入前50；标题包含 summer，符合美国女鞋舒适化趋势；评分达到4.0以上。
2026-08-04,amazon_us,product,new_releases,New Releases Women Sandals,37,"CUSHIONAIRE Naty Jelly Kitten Heels for Women, Chic Slip-On Mule Design with Modern Open Square Toe Womens Heels",,4.4,$49.99,,,,,,https://www.amazon.com/CUSHIONAIRE-Kitten-Design-Modern-Square/dp/B0H4WJRW2B/ref=zg_bsnr_g_679425011_d_sccl_37/143-6740310-6939560?psc=1,"https://images-na.ssl-images-amazon.com/images/I/71TU4CazmuL._AC_UL300_SR300,200_.jpg",27,排名进入前50；评分达到4.3以上。
2026-08-04,amazon_us,product,new_releases,New Releases Women Sandals,41,"CUSHIONAIRE Erika Sandals for Women with Cut-Out Band and Ankle Strap, Cushioned Footbed Sandal, Wide Width Available",,4.4,$44.99,,,,,,https://www.amazon.com/CUSHIONAIRE-Sandals-Cut-Out-Cushioned-Available/dp/B0H2FQ98D5/ref=zg_bsnr_g_679425011_d_sccl_41/143-6740310-6939560?psc=1,"https://images-na.ssl-images-amazon.com/images/I/816ybN5HoaL._AC_UL300_SR300,200_.jpg",27,排名进入前50；评分达到4.3以上。
2026-08-04,amazon_us,product,search,platform sandals women,45,CUSHIONAIRE,¥359.86,4.1,CUSHIONAIRE,,,,,,https://www.amazon.com/CUSHIONAIRE-Womens-platform-sandal-Memory/dp/B0CCF6M3TX/ref=sr_1_28?dib=eyJ2IjoiMSJ9.b40a7B90wYxMAM79Sxswy6XAeUi2HtYaPiXC2PoRpg4MTcuHZurxulQfXbE53VLfiSy-aEKse_3MDr2xUlKoesTBC15kg5Sl-4PPtuPBD7ZT6dJWh2c8PbmZldu81hycYa3XPY5xzHagUmAp-WpTGoOf-5ANh4bMX2-PQOj0B30hElaU_9lK_uGrAfuWGMi7Ih6pOIr71z0QvbampNH7o-AhWVkqv1BSLvjsWBIZQ5yxxEuk5cLt_C3ekCUB7nh207lOaRhUrYYuechi_PklDMqwbAEppfiUT9UzapDVsjU.7rrigk9krEfemB3hc8FMpIWoAImhet_6zwzXJM5A4i4&dib_tag=se&keywords=platform+sandals+women&qid=1785816717&sr=8-28,https://m.media-amazon.com/images/I/81IyApfBfXL._AC_UL320_.jpg,27,排名进入前50；价格高于人民币等值¥288.00；评分达到4.0以上。
2026-08-04,amazon_us,product,best_sellers,Best Sellers Women Sandals,34,"CUSHIONAIRE Java Casual Womens Jelly Flats with Adjustable Strap, Closed Toe Mary Janes Mule Design, Waterproof Jelly Sandals for Women",,4.2,$34.99,,,,,,https://www.amazon.com/CUSHIONAIRE-Casual-Adjustable-Waterproof-Sandals/dp/B0H4MJCG6Z/ref=zg_bs_g_679425011_d_sccl_34/143-6740310-6939560?psc=1,"https://images-na.ssl-images-amazon.com/images/I/713AgXedTJL._AC_UL300_SR300,200_.jpg",24,排名进入前50；评分达到4.0以上。
2026-08-04,amazon_us,product,best_sellers,Best Sellers Women Sandals,39,"CUSHIONAIRE Splash Jelly Flip Flops for Women With Flexible Sole, Glossy Jelly Finish Summer Sandals for Women",,3.6,$29.99,,,,,,https://www.amazon.com/CUSHIONAIRE-Flexible-Footbed-Sandals-WHISKEY/dp/B0FCZFSVZD/ref=zg_bs_g_679425011_d_sccl_39/143-6740310-6939560?psc=1,"https://images-na.ssl-images-amazon.com/images/I/71jSCW+w9gL._AC_UL300_SR300,200_.jpg",23,排名进入前50；标题包含 summer，符合美国女鞋舒适化趋势。
2026-08-04,amazon_us,product,search,platform sandals women,48,Madden Girl,¥392.69,3.9,Madden Girl,,,,,,https://www.amazon.com/Madden-Girl-Womens-Mythicall-Natural/dp/B0CNKPC4Y5/ref=sr_1_31?dib=eyJ2IjoiMSJ9.b40a7B90wYxMAM79Sxswy6XAeUi2HtYaPiXC2PoRpg4MTcuHZurxulQfXbE53VLfiSy-aEKse_3MDr2xUlKoesTBC15kg5Sl-4PPtuPBD7ZT6dJWh2c8PbmZldu81hycYa3XPY5xzHagUmAp-WpTGoOf-5ANh4bMX2-PQOj0B30hElaU_9lK_uGrAfuWGMi7Ih6pOIr71z0QvbampNH7o-AhWVkqv1BSLvjsWBIZQ5yxxEuk5cLt_C3ekCUB7nh207lOaRhUrYYuechi_PklDMqwbAEppfiUT9UzapDVsjU.7rrigk9krEfemB3hc8FMpIWoAImhet_6zwzXJM5A4i4&dib_tag=se&keywords=platform+sandals+women&qid=1785816717&sr=8-31,https://m.media-amazon.com/images/I/71SNHrdlHML._AC_UL320_.jpg,23,排名进入前50；价格高于人民币等值¥288.00。
2026-08-04,amazon_us,product,best_sellers,Best Sellers Women Sandals,45,"CUSHIONAIRE Vita Jelly Sandals for Women, Casual Lightweight Womens Strappy Sandals with Adjustable Buckle Strap and Gold Hardware Accent",,3.8,$39.99,,,,,,https://www.amazon.com/CUSHIONAIRE-Sandals-Lightweight-Adjustable-Hardware/dp/B0H1Y94T1T/ref=zg_bs_g_679425011_d_sccl_45/143-6740310-6939560?psc=1,"https://images-na.ssl-images-amazon.com/images/I/81Uy6Bt6XaL._AC_UL300_SR300,200_.jpg",20,排名进入前50。
2026-08-04,amazon_us,product,new_releases,New Releases Women Sandals,34,"CUSHIONAIRE Titan Square Toe Flip Flops for Women, Dressy Slip On Flat Womens Sandals with Cushioned Footbed",,3.4,$39.99,,,,,,https://www.amazon.com/CUSHIONAIRE-Sandals-Cushioned-Footbed-TORTOISE/dp/B0H2WR546B/ref=zg_bsnr_g_679425011_d_sccl_34/143-6740310-6939560?psc=1,"https://images-na.ssl-images-amazon.com/images/I/71vL4TDR7VL._AC_UL300_SR300,200_.jpg",20,排名进入前50。
