date,source,data_type,list_type,keyword,rank,title,price,rating,review_count,likes,comments,views,published_at,competition_count,product_url,image_url,hot_score,reason
2026-07-31,amazon_us,product,search,women summer slippers,9,Women's Orthopedic Summer Slippers with Arch Support for Plantar Fasciitis,¥143.93,4.3,1K+ bought in past month,,,,,,https://www.amazon.com/shevalues-Summer-Slippers-Support-Breathable/dp/B0BK8PN8CL/ref=sr_1_4?dib=eyJ2IjoiMSJ9.3B_wBrVg1UMy5tWehIloEsVeGJZ_3e858D5hpQtvnpQDm6sY8g4v-VR8VGlcZDhfSAoEZAjDAiUPCp8_oXaoFQQZ5-dCok6gPw6q3VgmoAAXBx66krxHMhMHI4yWI44_tpPYtUQrJvhJwSHc4CgVATHmSor2LDXASBmi3IM6746Zx47J9QvrVY7PZLr1PoUutWrfFt3RUpTvjXP-3ubrbnXddoZ-VZ70GIMhVyIAU0Ox42KQSvkpac4ZJfUW8rViWg75_Wsa7-_ybGlIpaMB1kOo9dTiYVhGu86jqRHW3ho.KXW7W0TyK03kOSebHRB1TuF3pPX3SL6Fhwzvtr7U39A&dib_tag=se&keywords=women+summer+slippers&qid=1785471719&sr=8-4,https://m.media-amazon.com/images/I/71wQ2tOj0+L._AC_UL320_.jpg,100,排名靠前；评论数达到1000以上；价格处于人民币等值¥57.60-¥180.00黄金区间；标题包含 orthopedic、arch support、summer，符合美国女鞋舒适化趋势；orthopedic + arch support组合趋势加分；评分达到4.3以上。
2026-07-31,amazon_us,product,search,women summer slippers,27,Cloud Slide Sandals for Women Men Ultra Comfort Recovery Slippers,¥68.26,4.3,3K+ bought in past month,,,,,,https://www.amazon.com/Sandals-Lightweight-Bathroom-Non-Slip-Slippers/dp/B099DTRKSL/ref=sr_1_17?dib=eyJ2IjoiMSJ9.3B_wBrVg1UMy5tWehIloEsVeGJZ_3e858D5hpQtvnpQDm6sY8g4v-VR8VGlcZDhfSAoEZAjDAiUPCp8_oXaoFQQZ5-dCok6gPw6q3VgmoAAXBx66krxHMhMHI4yWI44_tpPYtUQrJvhJwSHc4CgVATHmSor2LDXASBmi3IM6746Zx47J9QvrVY7PZLr1PoUutWrfFt3RUpTvjXP-3ubrbnXddoZ-VZ70GIMhVyIAU0Ox42KQSvkpac4ZJfUW8rViWg75_Wsa7-_ybGlIpaMB1kOo9dTiYVhGu86jqRHW3ho.KXW7W0TyK03kOSebHRB1TuF3pPX3SL6Fhwzvtr7U39A&dib_tag=se&keywords=women+summer+slippers&qid=1785471719&sr=8-17,https://m.media-amazon.com/images/I/71uNAZpAhiL._AC_UL320_.jpg,97,排名进入前30；评论数达到1000以上；价格处于人民币等值¥57.60-¥180.00黄金区间；标题包含 cloud、recovery、comfort，符合美国女鞋舒适化趋势；评分达到4.3以上。
2026-07-31,amazon_us,product,search,platform sandals women,10,"UBFEN Womens High Platform Wedge Sandals, Comfortable | Dressy, Lightweight, Open-Toe, 2.76-inch Heel, Adjustable Straps, Cushioned Insole for All-day Wear, Summer, Vacation, Beach UBFEN Womens High Platform Wedge Sandals, Comfortable | Dressy, Lightweight, Open-Toe, 2.7…",¥287.93,4.5,4.5,,,,,,https://sponsored-ads.amazon.com/clk/?_encoding=UTF8&p=eAFVT8uK01AApQ7qEOqDLkaouw50Ubh5NWmSSpC8phNKO23TVmc24Sb35jGmSSb3Mqld9AtcCv6DK79AcOEX-BPuZu9KsCPiWR04Lw6Djn9-__LjUeuJsVzP7LE7fsvbzqLTEHonEc7TrV9fS1ALtSDZFdnO286GJ6g6G_fZReFOJtfxcnZ5qb0JpvWiKYusoPRZsa-w_NUDzwyODWd57ixcr_WCeYwweUeLstVcTReOdTGauleO3f7QYE7vFZ9gWIWJX-IqLDJIsZ_mWZpjP6BRi4EbuCtyNiw27ZckAGEGCUlDcMiAgxOUQuchzv2V15NJAGiCNxiBsMgyHNK0yMGtCO7HQAgrREAJ05ziCoRFTnFOOwOmwT__enf3-dc3u_30r_fQ3nkm8jyvapIiKaqoKoJ4tPLs4ZE1s3rj1ivbNKzyzAWKsTdvDoiNvTkvLtb83PgfezPem_O9afwhcbtpxc52ZDhxf-xi8VOD-dhIKC3JkOPqumb_fefikoM1hziTH3nq7FyajF6XyK-QX2YJqnTaTQj0w8pPkc53b1KkC4oqS4qgiHyXVLoAJCBDWR6IkQYiFCEgCbwAtEhDACkDCDVNU6W-2E11WJIurHCkL98L1prOJzL6DTD3seA&v=c1&r=https%3A%2F%2Fwww.amazon.com%2Fgp%2Faw%2Fd%2FB0GS8PH4MG%3Fpd_rd_plhdr%3Dt%26hsa_cr_id%3D0%26qid%3D1785471720%26sr%3D1-4-5a5562f9-fdfd-4101-9f9d-d76aa9998432%26i%3Daps%26aref%3DTy1CVtQM5d&ref_=sbx__sbtcd2_asin_3_bkgd&pd_rd_w=aek1C&content-id=amzn1.sym.90f77631-9599-4fe0-95f8-a40adfe1c762%3Aamzn1.sym.90f77631-9599-4fe0-95f8-a40adfe1c762&pf_rd_p=90f77631-9599-4fe0-95f8-a40adfe1c762&pf_rd_r=8G6VG8P3WEA61B5D62KT&pd_rd_wg=atinj&pd_rd_r=52719898-d8c5-44ee-b3a0-f215e09ea19a,"https://m.media-amazon.com/images/I/718rFJZeUeL._AC_SR322,134_CB1169409_QL70_.jpg",92,排名靠前；价格处于人民币等值¥180.00-¥288.00区间；标题包含 platform、comfort、beach、summer、wedge，符合美国女鞋舒适化趋势；platform + comfort组合趋势加分；评分达到4.3以上。
2026-07-31,amazon_us,product,search,platform sandals women,8,UBFEN Womens Platform Sandals Wedge Walking Comfortable Casual Adjustable Strap Lightweight Open Toe UBFEN Womens Platform Sandals Wedge Walking Comfortable Casual Adjustable Strap Lightweig…,¥107.93,4.2,4.2,,,,,,https://sponsored-ads.amazon.com/clk/?_encoding=UTF8&p=eAFVT8uK01AApQ7qEOqDLkaouw50Ubh5NWmSSpC8Zgyxnb7nsQk39948xjTJJJdJ7aJf4FLwH1z5BYILv8CfcDd7V4IdEc_qwHlxGHz48_uXH49aT4zFamJ7rnfB286s0xB6RyHJko1fX0tQQ1oQb_N0O99Mhke4PPH67Cx3R6PraDG5vNTOg3E9a8oiKyh9VuwrLH_1YG4Gh4azeOPM3HnrBfMYk-odzYtWczmeOdbZ6di9cuz2hwZzfK_4FYEliv2ClChPISV-kqVJRvyAhi0GruE2z1iUr9svqwCgFFZVgsA-A_ZOUAidhyTzl_OeXAWAxmRNMEB5mhJEkzwDtyK4HwMIlrgCBUwySkqA8oySjHYGTIN__vXu7vOvb3b76V_vvr3zTOR5XtUkRVJUUVUE8WA5t4cH1sTqea1XtmlYxYkLFGNn3uwRGTtzmp-t-KnxP3ZmtDOnO9P4Q6J204qczanhRH3PJeKnBvOxEVNaVEOOq-ua_fediwoO1hzmTN5-u7o4V23vdYH9EvtFGuNSp924gj4q_QTrfPcmwbqgqLKkCIrId6tSF4AIZCjLAzHUQIhDDCSBF4AWahhgZQChpmmq1Be7iQ6LqgtLEuqL94K1otORjH8DQtqyCA&v=c1&r=https%3A%2F%2Fwww.amazon.com%2Fgp%2Faw%2Fd%2FB0DLVXW8DK%3Fpd_rd_plhdr%3Dt%26hsa_cr_id%3D0%26qid%3D1785471720%26sr%3D1-2-5a5562f9-fdfd-4101-9f9d-d76aa9998432%26i%3Daps%26aref%3DTy1CVtQM5d&ref_=sbx__sbtcd2_asin_1_bkgd&pd_rd_w=aek1C&content-id=amzn1.sym.90f77631-9599-4fe0-95f8-a40adfe1c762%3Aamzn1.sym.90f77631-9599-4fe0-95f8-a40adfe1c762&pf_rd_p=90f77631-9599-4fe0-95f8-a40adfe1c762&pf_rd_r=8G6VG8P3WEA61B5D62KT&pd_rd_wg=atinj&pd_rd_r=52719898-d8c5-44ee-b3a0-f215e09ea19a,"https://m.media-amazon.com/images/I/61WGZjkj5EL._AC_SR322,134_CB1169409_QL70_.jpg",91,排名靠前；价格处于人民币等值¥57.60-¥180.00黄金区间；标题包含 platform、comfort、wedge，符合美国女鞋舒适化趋势；platform + comfort组合趋势加分；评分达到4.0以上。
2026-07-31,amazon_us,product,search,women slides,5,"Joomra Pillow Slippers for Women and Men Thick Sole Ultra Cushion Slides | Cloud-Like Sole, Quick Drying Shower Shoes, Soft Open Toe Indoor Outdoor Sandals Joomra Pillow Slippers for Women and Men Thick Sole Ultra Cushion Slides | Cloud-Like Sole, Quick Drying Sho…",¥137.52,4.3,4.3,,,,,,https://sponsored-ads.amazon.com/clk/?_encoding=UTF8&p=eAFVT82K00AApi7qEuoPPexCvVXooTDJTNI0TSVI0sS2lt1ufy29hOnMJB1Mk9lk2C499AX0KPgW4smzF5_Al9irbyDYFfE7ffD98Sn09O7H15-PKk_c2eLKHw6GS-gHk1oJNc4ilvLbkIh5tJ9drHsyMJaJ3--cRUEf8LQf71U0utH5aKUu5MVuUjZ1FVmGqhuWClcPpt761A1m_WAymFbOlceUFe9lJirl-eUk6I56l4NV4Fc_lpSX90pYMJyTTShYTrIESxbyNOEpC9cyqih4i_dZqpJsW31RrAFJcFFwAo4ZcHQCgWoPWRrOpw2zWAO5YVtGAcmShBHJsxTc6OB-DBCc0wIIzFPJckCyVLJU1lpKCT7_9uvLh7vvfvXpX--xvfZMhxC2kQnbpm3YFtJP5lO_c9K96jaGlVe-53bFmwGw3IN3fUTsHrxxNlrAsfs_Dl588MYHz_1D4mq5Gwe3PTeIjeGA6Z9LyqfSRkpRdDRtt9up_75rsdDwTqOaB-3Z2-XS7_uvBQ1zGopkQ3NH1jcFDkkecurA-jWnDrLaZtNClg7rRe4ggICJTbOlRzaIaERBE0EE7MimgFotjG3bbjcNvc4dLIo6zlnkkIx7wurl_rvfyoaxPw&v=c1&r=https%3A%2F%2Fwww.amazon.com%2Fgp%2Faw%2Fd%2FB09TJXXDHD%3Fpd_rd_plhdr%3Dt%26hsa_cr_id%3D0%26qid%3D1785471720%26sr%3D1-1-5a5562f9-fdfd-4101-9f9d-d76aa9998432%26i%3Daps%26aref%3DcoiBp7GrDW&ref_=sbx__sbtcd2_asin_0_bkgd&pd_rd_w=cdb3U&content-id=amzn1.sym.90f77631-9599-4fe0-95f8-a40adfe1c762%3Aamzn1.sym.90f77631-9599-4fe0-95f8-a40adfe1c762&pf_rd_p=90f77631-9599-4fe0-95f8-a40adfe1c762&pf_rd_r=RSPHY0QJ3JTWQR3T7D14&pd_rd_wg=QKHBv&pd_rd_r=0996edea-bb11-45e8-837c-289b33e00cca,"https://m.media-amazon.com/images/I/71CIVcXsl4L._AC_SR322,134_CB1169409_QL70_.jpg",88,排名靠前；价格处于人民币等值¥57.60-¥180.00黄金区间；标题包含 cloud、soft，符合美国女鞋舒适化趋势；cloud + slides组合趋势加分；评分达到4.3以上。
2026-07-31,amazon_us,product,search,platform sandals women,11,"UBFEN Womens Outdoor Walking Sandals Comfort Stable Low Wedge Platform | Built-in Arch Support, Shock-Absorbing Cushion Insole, Versatile Buckle Sandals for Everyday Errands,and Vacation Strolls UBFEN Womens Outdoor Walking Sandals Comfort Stable Low Wedge Platform | Built-in Arch Support, Shock…",¥287.93,4.6,4.6,,,,,,https://sponsored-ads.amazon.com/clk/?_encoding=UTF8&p=eAFVT8uK01AApQ7qEOqDLmag7ip0UbjJzatpKkHymhpKO23TVjubcJN78xjTJJNcTO2iX-BS8B9c-QWCC7_An3A3e1eCHRHP6sB5cRh8-vP7lx8PWo_05XpmjZ3xG2jZi06D752FJEt2Xn0tITVQ_Xifp3t3Nxue4fJiLLKL3JlMrqPlbLNRX_vTetGUBZZXRFYQFRZe3XMN_1S3l6_sheO2zpmHmFRvaV60mqvpwjYvR1PnyrbaHxrM8zvFqwgqg9grSBnkKaLES7I0yYjn07DFoC3a5xkb5Nv2s8oHQYqqKgnAMQOOTlDwnfsk81ZuT658QGOyJRgEeZqSgCZ5Bt4J4G4MBKjEFShQklFSgiDPKMlop8804NOvt7eff32z2o__eo_tnScChHCgSoqkDISBwgsnK9canpgzszduvbAM3SwuHKDoB-PmiEg_GPP8cg3n-v84GNHBmB8M_Q-J2k0zsncj3Y7EsUOETw3mYyOmtKiGHFfXNfvvOxcVHKo5zBlw1N-I7kRWXxbYK7FXpDEuNdqNK-QFpZdgDXZvEqzxykCWFF4RYLcqNR7IQEay3BdCFYQ4xEDiIQ_UUMUAK32EVFUdSKLQTTRUVF1UklBbvufNNZ1PZPwbJY2xxg&v=c1&r=https%3A%2F%2Fwww.amazon.com%2Fgp%2Faw%2Fd%2FB0G6Y3SM59%3Fpd_rd_plhdr%3Dt%26hsa_cr_id%3D0%26qid%3D1785471720%26sr%3D1-5-5a5562f9-fdfd-4101-9f9d-d76aa9998432%26i%3Daps%26aref%3DTy1CVtQM5d&ref_=sbx__sbtcd2_asin_4_bkgd&pd_rd_w=aek1C&content-id=amzn1.sym.90f77631-9599-4fe0-95f8-a40adfe1c762%3Aamzn1.sym.90f77631-9599-4fe0-95f8-a40adfe1c762&pf_rd_p=90f77631-9599-4fe0-95f8-a40adfe1c762&pf_rd_r=8G6VG8P3WEA61B5D62KT&pd_rd_wg=atinj&pd_rd_r=52719898-d8c5-44ee-b3a0-f215e09ea19a,"https://m.media-amazon.com/images/I/71yLAOzJGKL._AC_SR322,134_CB1169409_QL70_.jpg",85,排名进入前30；价格处于人民币等值¥180.00-¥288.00区间；标题包含 platform、comfort、arch support、wedge，符合美国女鞋舒适化趋势；platform + comfort组合趋势加分；评分达到4.6以上。
2026-07-31,amazon_us,product,search,platform sandals women,9,"UBFEN Womens Slides Sandals Comfortable Low Wedge Arch Support for Walking | Soft Cushioned Insoles, Adjustable Straps, Slip On for Summer, Casual, Home, Quick Outings UBFEN Womens Slides Sandals Comfortable Low Wedge Arch Support for Walking | Soft Cushioned In…",¥244.73,4.5,4.5,,,,,,https://sponsored-ads.amazon.com/clk/?_encoding=UTF8&p=eAFVT8uK01AApQ7qEOqDLkaouwpdFG5y82qSSpC8pobSTt_OdBNucm8eY5pkkoupXfQLXAr-gyu_QHDhF_gT7mbvSrAj4lkdOC8Og09_fv_y40HrkbFcT-2RO7qEtjPvNPjeWUiyZOfV1xLSAs2P93m6X-ymgzNcno9Edp674_F1tJxeXWlv_Ek9b8oCyysiK4gKCzf3FqZ_ajjL187cXbSeMQ8xqd7SvGg1V5O5Y10MJ-7GsdsfGsyLO8WrCCqD2CtIGeQposRLsjTJiOfTsMWgLdrnGRvk2_bzygdBiqoqCcAxA45OUPCd-yTzVoueXPmAxmRLMAjyNCUBTfIMvBPA3RgIUIkrUKAko6QEQZ5RktFOn2nAp19vbz__-ma3H__1Hts7TwQIoapJiqSogqrwwslqYQ9OrKnVG7Ve2qZhFecuUIyDeXNEZBzMWX6xhjPjfxzM6GDODqbxh0TtphU5u6HhROLIJcKnBvOxEVNaVAOOq-ua_fediwoO1RzmTDjsX26m8pp_VWCvxF6RxrjUaTeukBeUXoJ12L1JsM4rqiwpvCLAblXqPBCBjGS5L4QaCHGIgcRDHmihhgFW-ghpmqZKotBNdFRUXVSSUF--5601nY1l_Bs0xLHo&v=c1&r=https%3A%2F%2Fwww.amazon.com%2Fgp%2Faw%2Fd%2FB0G6XZP5V1%3Fpd_rd_plhdr%3Dt%26hsa_cr_id%3D0%26qid%3D1785471720%26sr%3D1-3-5a5562f9-fdfd-4101-9f9d-d76aa9998432%26i%3Daps%26aref%3DTy1CVtQM5d&ref_=sbx__sbtcd2_asin_2_bkgd&pd_rd_w=aek1C&content-id=amzn1.sym.90f77631-9599-4fe0-95f8-a40adfe1c762%3Aamzn1.sym.90f77631-9599-4fe0-95f8-a40adfe1c762&pf_rd_p=90f77631-9599-4fe0-95f8-a40adfe1c762&pf_rd_r=8G6VG8P3WEA61B5D62KT&pd_rd_wg=atinj&pd_rd_r=52719898-d8c5-44ee-b3a0-f215e09ea19a,"https://m.media-amazon.com/images/I/71AN-spPkYL._AC_SR322,134_CB1169409_QL70_.jpg",82,排名靠前；价格处于人民币等值¥180.00-¥288.00区间；标题包含 comfort、arch support、soft、summer、wedge，符合美国女鞋舒适化趋势；评分达到4.3以上。
2026-07-31,amazon_us,product,new_releases,New Releases Women Sandals,4,Project Cloud Platform Sandals Women Memory Foam Flip Flops (ELEVATION) | Durable and Lightweight Non-Slip Sole Summer Thong Sandals - Platform Flip Flops for Women Everyday Comfort Daily.,,4.2,$39.90,,,,,,https://www.amazon.com/Project-Cloud-Platform-Sandals-ELEVATION/dp/B0GTZK16HL/ref=zg_bsnr_g_679425011_d_sccl_4/144-4965723-3897025?psc=1,"https://images-na.ssl-images-amazon.com/images/I/61Kn9EsnuXL._AC_UL600_SR600,400_.jpg",79,排名靠前；标题包含 cloud、platform、comfort、summer，符合美国女鞋舒适化趋势；platform + comfort组合趋势加分；评分达到4.0以上。
2026-07-31,amazon_us,product,search,platform sandals women,6,Women's Wedge Platform Sandals Arch Support Adjustable Strap Summer,¥244.73,4.2,New on Amazon in past month,,,,,,https://www.amazon.com/WLXARSU-Womens-Platform-Sandals-Adjustable/dp/B0H3W29963/ref=sr_1_3?dib=eyJ2IjoiMSJ9.wIlL_eVtHzMil5mQkgwLspOrVi3mJA7g8CtfSlpv_hx3sPKdEPQTkFRXGMtHTypt_x0DbxviVZeSrJKXjUs0KJlltxp8g_eDimei8-gxy1-ZM5xYDnvnh6Za2TBeltvyN7syEVnxnQ-Kc2Tx_5TjZ8ApHtVRsC_wBywTvsWYgUG5iNpdTfif6VSKHN8lauJytnhUV3Z1isfc2mVr9ouZ6UGhXDvz5I8NWWrGB3REeLgnoN0J27Nk5HSXqjpBert3U7GzFGJzH1-9dFSAVEvkK7fKVqKDaCsTZk5cUlOY__Q.PIpeREYjo_BkWCeKaiWJQy8xQlq6Vlw0PFjYSEVKxjI&dib_tag=se&keywords=platform+sandals+women&qid=1785471720&sr=8-3,https://m.media-amazon.com/images/I/71x0KJNVl4L._AC_UL320_.jpg,79,排名靠前；价格处于人民币等值¥180.00-¥288.00区间；标题包含 platform、arch support、summer、wedge，符合美国女鞋舒适化趋势；评分达到4.0以上。
2026-07-31,amazon_us,product,search,women slides,28,"Men's and Women's Capybara Slides,Cute Capybara Slippers for Indoor Outdoor,Non Slip Quick Drying Shower Shoes,Comfort Cloud Slides Sandals",¥71.93,4.2,"Price, product page $9.99 $ 9 . 99 List: $16.99 List: $16.99 $16.99",,,,,,https://www.amazon.com/XUNBAI-Capybara-Slippers-Outdoor-Comfort/dp/B0GL1B5RRN/ref=sr_1_17?dib=eyJ2IjoiMSJ9.wrqHnvIFpzxZDCy1gVq3f2HcNswV2RaHhxwkGjsTd_XPhdtNaEPBd0XGycAGVQXINputF-ZtqXqLxAO6OjwD-equCnp2AqJNcRMszgofUNDSsB6ok-HUPQxirJPJZrsuNi3hfRsBnJg9pB3U-6YifCSqgq7ss4aKcPPz2iGowXnUGUNy7u1Wnwv72nYqN-w3kqZeKAJk6HLplK31Fzh5y_m0zmnMt9Y7QAEUcHWGcuUUX0BLi2H7lHzYgpfn9DXAV7HnHULnB8svSrPcYgV5ZFMEesFwW37IFwVB-MPU1fA.q1kRqN4NrAMMemyCHLfK3hp9WNh17eKR9zGb_jWv8Po&dib_tag=se&keywords=women+slides&qid=1785471720&sr=8-17,https://m.media-amazon.com/images/I/61wFDL2ZcbL._AC_UL320_.jpg,78,排名进入前30；价格处于人民币等值¥57.60-¥180.00黄金区间；标题包含 cloud、comfort，符合美国女鞋舒适化趋势；cloud + slides组合趋势加分；评分达到4.0以上。
2026-07-31,amazon_us,product,search,platform sandals women,7,"UBFEN Womens Low Wedge Walking Sandals with Arch Support | Comfortable Cushion Insole, Lightweight, Open Toe, Adjustable Straps, Dressy Sandal, Everyday, Vacation UBFEN Womens Low Wedge Walking Sandals with Arch Support | Comfortable Cushion Insole, Lightweight,…",¥287.93,4.5,4.5,,,,,,https://sponsored-ads.amazon.com/clk/?_encoding=UTF8&p=eAFVT8uK01AApQ7qEOqDLmag7ip0UbjJvWnSNJUgec0YQjt968wm3OTePMY0ySQXU7voF7gU_AdXfoHgwi_wJ9zN3pVgR8SzOnBeHI4c__z-5ceD1iN9uZ5aruO-gZY97zRQ7ySkWbL16msJq4Hqx7s83S2209EJKc_cPj_PnfH4OlpOLy_V1_6knjdlkUdKnxf7Cg-v7i0M_1i3l6_subNonXIPCa3esrxoNVeTuW1enE-cK9tqf2hwz-8Ur6K4DGKvoGWQp5hRL8nSJKOez8IWhzd4l2d8kG_azyofBCmuqiQAhww4OEGBOvdp5q0WPbnyAYvphhIQ5GlKA5bkGXgngrsxEOCSVKDAScZoCYI8YzRjnQHXgE-_3t5-_vXNaj_-6z20d56IEMKhKimSMhSHChKPVgtrdGROzZ7bemEZulmcOUDR98bNAZG-N2b5xRrO9P-xN6K9Mdsb-h8StZtmZG_PdTvquw4VPzW4j42YsaIaCUJd1_y_70JUCLgWiGBAazlwxyqavCyIVxKvSGNSaqwbV9gLSi8hGuzeJERDylCWFKSIsFuVGgIIyFiWB2KogpCEBEgIIqCGKgFEGWCsqupQ6ovdRMNF1cUlDbXle2Su2Wwsk98no7HJ&v=c1&r=https%3A%2F%2Fwww.amazon.com%2Fgp%2Faw%2Fd%2FB0DT6KM91N%3Fpd_rd_plhdr%3Dt%26hsa_cr_id%3D0%26qid%3D1785471720%26sr%3D1-1-5a5562f9-fdfd-4101-9f9d-d76aa9998432%26i%3Daps%26aref%3DTy1CVtQM5d&ref_=sbx__sbtcd2_asin_0_bkgd&pd_rd_w=aek1C&content-id=amzn1.sym.90f77631-9599-4fe0-95f8-a40adfe1c762%3Aamzn1.sym.90f77631-9599-4fe0-95f8-a40adfe1c762&pf_rd_p=90f77631-9599-4fe0-95f8-a40adfe1c762&pf_rd_r=8G6VG8P3WEA61B5D62KT&pd_rd_wg=atinj&pd_rd_r=52719898-d8c5-44ee-b3a0-f215e09ea19a,"https://m.media-amazon.com/images/I/719rrnL3i+L._AC_SR322,134_CB1169409_QL70_.jpg",77,排名靠前；价格处于人民币等值¥180.00-¥288.00区间；标题包含 comfort、arch support、wedge，符合美国女鞋舒适化趋势；评分达到4.3以上。
2026-07-31,amazon_us,product,best_sellers,Best Sellers Women Sandals,3,Project Cloud 100% Genuine Leather Womens Sandals Slides for Women (Venita) | Cork Footbed Sandals for Women with Memory Foam and Arch Support Vacation Essentials Slides Women Footwear Flat Sandals,,4.4,$24.90,,,,,,https://www.amazon.com/Project-Cloud-Comfortable-Essentials-Vacation/dp/B0CNYDBPDD/ref=zg_bs_g_679425011_d_sccl_3/133-4821901-7264914?psc=1,"https://images-na.ssl-images-amazon.com/images/I/71Zk8CZeYSL._AC_UL600_SR600,400_.jpg",76,排名靠前；标题包含 cloud、arch support，符合美国女鞋舒适化趋势；cloud + slides组合趋势加分；评分达到4.3以上。
2026-07-31,amazon_us,product,search,women slides,49,"Cloud Slides for Women, Platform Slides Slippers Men, EVA Non-Slip Quick Drying Soft Lightweight Sandals, Thick Sole Open Toe Slides, Shower Shoes for Indoor Outdoor",¥100.73,4.4,100+ bought in past month,,,,,,https://www.amazon.com/Genevese-Platform-Slippers-Non-Slip-Lightweight/dp/B0GSW1L3XD/ref=sr_1_38?dib=eyJ2IjoiMSJ9.wrqHnvIFpzxZDCy1gVq3f2HcNswV2RaHhxwkGjsTd_XPhdtNaEPBd0XGycAGVQXINputF-ZtqXqLxAO6OjwD-equCnp2AqJNcRMszgofUNDSsB6ok-HUPQxirJPJZrsuNi3hfRsBnJg9pB3U-6YifCSqgq7ss4aKcPPz2iGowXnUGUNy7u1Wnwv72nYqN-w3kqZeKAJk6HLplK31Fzh5y_m0zmnMt9Y7QAEUcHWGcuUUX0BLi2H7lHzYgpfn9DXAV7HnHULnB8svSrPcYgV5ZFMEesFwW37IFwVB-MPU1fA.q1kRqN4NrAMMemyCHLfK3hp9WNh17eKR9zGb_jWv8Po&dib_tag=se&keywords=women+slides&qid=1785471720&sr=8-38,https://m.media-amazon.com/images/I/81MqDEqG5DL._AC_UL320_.jpg,76,排名进入前50；评论数达到50以上；价格处于人民币等值¥57.60-¥180.00黄金区间；标题包含 cloud、platform、soft，符合美国女鞋舒适化趋势；cloud + slides组合趋势加分；评分达到4.3以上。
2026-07-31,amazon_us,product,new_releases,New Releases Women Sandals,24,Project Cloud Platform Sandals Women - Wedge Sandals for Women 2026 (Silly) | Womens Sandals Comfortable with Soft & Plush Insole - Non Slip Beach Essentials Womens Slide - Stylish Women Footwear,,5.0,$39.90,,,,,,https://www.amazon.com/Project-Cloud-Platform-Sandals-Women/dp/B0H275S7FH/ref=zg_bsnr_g_679425011_d_sccl_24/144-4965723-3897025?psc=1,"https://images-na.ssl-images-amazon.com/images/I/71lcJ5wbS4L._AC_UL600_SR600,400_.jpg",75,排名进入前30；标题包含 cloud、platform、comfort、soft、beach、wedge，符合美国女鞋舒适化趋势；platform + comfort组合趋势加分；评分达到4.6以上。
2026-07-31,amazon_us,product,best_sellers,Best Sellers Women Sandals,6,"Joomra Pillow Slippers for Women and Men Thick Sole Ultra Cushion Slides | Cloud-Like Sole, Quick Drying Shower Shoes, Soft Open Toe Indoor Outdoor Sandals",,4.3,$20.34,,,,,,https://www.amazon.com/Joomra-Slippers-Massage-Bathroom-Platform/dp/B09652VJP1/ref=zg_bs_g_679425011_d_sccl_6/133-4821901-7264914?psc=1,"https://images-na.ssl-images-amazon.com/images/I/71pkhgTTRXL._AC_UL600_SR600,400_.jpg",73,排名靠前；标题包含 cloud、soft，符合美国女鞋舒适化趋势；cloud + slides组合趋势加分；评分达到4.3以上。
2026-07-31,amazon_us,product,new_releases,New Releases Women Sandals,30,"SHIBEVER Womens Wedge Sandals Comfortable: Arch Support Shoes Dressy Summer | Slip-On, Flower, Open Toe, Anti–Slip Rubber, Cushioning, Lightweight, Casual Platform Sandals for Walking Beach Size 5-11",,4.4,$32.39,,,,,,https://www.amazon.com/SHIBEVER-Sandals-Comfortable-Dressy-Summer/dp/B0GZQ2W66D/ref=zg_bsnr_g_679425011_d_sccl_30/144-4965723-3897025?psc=1,"https://images-na.ssl-images-amazon.com/images/I/71s6gVMM2nL._AC_UL600_SR600,400_.jpg",72,排名进入前30；标题包含 platform、comfort、arch support、beach、summer、wedge，符合美国女鞋舒适化趋势；platform + comfort组合趋势加分；评分达到4.3以上。
2026-07-31,amazon_us,product,search,platform sandals women,38,"Women's Platform Clogs Sandals Cork Footbed with Comfort Double Buckles, Summer Platform Slides Mules, Summer Beach Comfort Wide Widths Availab",¥215.93,4.4,200+ bought in past month,,,,,,https://www.amazon.com/BiuYorBTY-Platform-Sandals-Footbed-Comfort/dp/B0DZ1NT6L9/ref=sr_1_27?dib=eyJ2IjoiMSJ9.wIlL_eVtHzMil5mQkgwLspOrVi3mJA7g8CtfSlpv_hx3sPKdEPQTkFRXGMtHTypt_x0DbxviVZeSrJKXjUs0KJlltxp8g_eDimei8-gxy1-ZM5xYDnvnh6Za2TBeltvyN7syEVnxnQ-Kc2Tx_5TjZ8ApHtVRsC_wBywTvsWYgUG5iNpdTfif6VSKHN8lauJytnhUV3Z1isfc2mVr9ouZ6UGhXDvz5I8NWWrGB3REeLgnoN0J27Nk5HSXqjpBert3U7GzFGJzH1-9dFSAVEvkK7fKVqKDaCsTZk5cUlOY__Q.PIpeREYjo_BkWCeKaiWJQy8xQlq6Vlw0PFjYSEVKxjI&dib_tag=se&keywords=platform+sandals+women&qid=1785471720&sr=8-27,https://m.media-amazon.com/images/I/716g0SFJuTL._AC_UL320_.jpg,72,排名进入前50；评论数达到50以上；价格处于人民币等值¥180.00-¥288.00区间；标题包含 platform、comfort、beach、summer，符合美国女鞋舒适化趋势；platform + comfort组合趋势加分；评分达到4.3以上。
2026-07-31,amazon_us,product,best_sellers,Best Sellers Women Sandals,2,KuaiLu Flip Flops for Women with Arch Support Summer Beach Thong Sandals | Comfortable Yoga Mat Walking Shoes Cushion Slip On Casual Outfits Indoor Outdoor,,4.3,$13.29,,,,,,https://www.amazon.com/KuaiLu-Support-Comfortable-Walking-Sandals/dp/B0C5ZRQS2X/ref=zg_bs_g_679425011_d_sccl_2/133-4821901-7264914?psc=1,"https://images-na.ssl-images-amazon.com/images/I/710PdcSAm6L._AC_UL600_SR600,400_.jpg",70,排名靠前；标题包含 comfort、arch support、beach、summer，符合美国女鞋舒适化趋势；评分达到4.3以上。
2026-07-31,amazon_us,product,search,women summer slippers,1,"shevalues Summer House Slippers for Women Men Waffle Indoor Slippers | Breathable Open toe Home Shoes, Memory Foam Slip-on Washable Bedroom Slides shevalues Summer House Slippers for Women Men Wa…",¥122.26,4.3,,,,,,,https://aax-us-east-retail-direct.amazon.com/x/c/JJUn1-8BhMdZG_s5rsD7egkAAAGftmhbAQEAAAH2AQBvbm9fdHhuX2JpZDcgICBvbm9fdHhuX2ltcDEgICD8vbRX/clv1c_ek-wBXfWErTanSVvYs7nSZr7kbgxFJqEkc1cJknGG62E2GkXukZMTz-4edRgB7i4TY01Rg0uy-WnP5PqgbLFcOCWVF5tkvbPRnHv7P5nvBx2O8EM6h7yByB4I3t65QRiUMCvl6pyM54zYGHEvp0n_dnz4FyYmnXQxkxATnet1rJHaS1ZJgiPf95y2_3iICivsHChZ0JaKXN4HDT9tpVS1i-dE0pqhYmN_HxkAJeXiCU0KTRDt2vMD09HHr6kBrbZCANAyuf_ToWRLRgs5e9m4sqNjeF-klO__HsxeOed3cDLKGLKQQuI8a5pjpQVzjPgjx7YO8DJHHJElCDSLXkFan58PiBob9kM4JyAhH40X-gbdPuANyGHMuHPG-NAWP2yUM1qhzIwBJ4IsQrzlMn2HL0AGcmrLY4ZmiI5gfRwpwCv-_ohkQ26kklmMMEY8fxh5K6Qs-JPNX_BQ-zqGWdIAbncZ5Nvnq3OKcjq7EasmDmF_4G9xxws5mond6T5gaWJQ1GSVdHv2YpUP5WGAQzNC56nym9dYZ86Cd4KpRMeeG3kitKOxJqWILGWcDJbFaMODQqZ6IrN7LnnQX46sriG0ogxxcAAtd2lPnKfkJz0f5lWQ5Yc6tGTPBNXA-ajZqirf3KjIyx2_gTQuXR1M9pO2mDPFXS6ziMvXEcGYOmZzkZoE5JgDATsYUu-3f3RJ8OwinIERM0Sai8ptmX8vlPmxsBswHb9y7KsdFm-YiwkC1e8p0mtXaxYtjMPDQShatSEzqy6PQWXSxjpOXkD-Kr_6vQyDY8q9I2jpyxpRyykou0AVGowkd8HwOZlwZf-irzEKolReRxcDVGuc8ncQcUAUNF-pYIXKNncVdLkMZ68fb-zpNI2XAu2hsPElwfEOSyKLUITPcd9P-R-t2HrCCtgefBKVhPFEbrqMHSTANJFRdEB6Twkq_IoGlEUuKicLCoC_qIyeTf6rycZ98s3zUzv4z6VBESk8kOC1V5kA9kvwEeIoGH0fxDhMuagpy6tHu8mUaBtXzu4ZKwvUz2bBxg8sU6MN4cET8t66Zw6nAbPh27qJggiZ6-KjW9VnhDwai-VE-tCBSmSAaIxoRIO9MdWwtaZngGd2HR_qOxMkjwv1jlNPxpmmc9yOYdfFvA2jfnnW6T_OFCcJewxtqDlvvx3kEqiJq-I7LONr5_ncIMC9bTOn5N13dzjndA5CGW4G2Y1j6WtwyNZSi1EbmLpT80FcYTtfn27myp09kGuiUm7Ao79my8-owxR1EqIr0yNdKybd0B93La0nCilVjxEV7pb58IY3x30ntoHkIl8lY8zha71qMx0YQ25z4uj87gTUoz1TvHw4vnqthtMItovDuBiSp1Yl2M3RnM2nEsBtcYa4bzGKQa420cH7fsOJQTyYNpz_ZDt5GFl6CXrLZa-kw7R4whIw_yoAB7TE_H0XOOSP4a60KHJ0wfCmHvrF5uwl3nXBy6PpcpEqBXJ8xTresAU1PnhHBsaaQhL_Sv7asPgQrNfIe54Fp3p0bBqlw1L9-JQqo7ktxRM6ftFojzDTWJjpJ2ngrWgkWuJWuNIaYBTh5fK37fMJOxa95S6oFM2rJgw3RJlAjfucNayTj8L9V1b6q3dZJxES7xUQ_dq-LuweYA8tsZjv9B27zEELNExIAyaS24nrJetBi0j3dtZv87OeRM/https://www.amazon.com/gp/aw/d/B09SLQJ637/?_encoding=UTF8&pd_rd_plhdr=t&aaxitk=8841c948629133ee53f427789d40df8e&hsa_cr_id=0&qid=1785471719&sr=1-1-9e67e56a-6f64-441f-a281-df67fc737124&i=aps&aref=UEmCpqCYIm&ref_=sbx__sbtcd_asin_0_bkgd&pd_rd_w=4Nkfm&content-id=amzn1.sym.8de9b3d5-f5c5-40e9-9b39-d65f08d6ea68%3Aamzn1.sym.8de9b3d5-f5c5-40e9-9b39-d65f08d6ea68&pf_rd_p=8de9b3d5-f5c5-40e9-9b39-d65f08d6ea68&pf_rd_r=X1VAG3PKCTRMTHFSZ2GA&pd_rd_wg=cN7OP&pd_rd_r=f7fcbf12-a0c7-471f-b2c4-a4b3249f0ad6,"https://m.media-amazon.com/images/I/81-CmH5PjYL._AC_SR160,134_CB1169409_QL70_.jpg",70,排名靠前；价格处于人民币等值¥57.60-¥180.00黄金区间；标题包含 summer，符合美国女鞋舒适化趋势；评分达到4.3以上。
2026-07-31,amazon_us,product,search,women summer slippers,10,GOEWY,¥71.86,4.6,GOEWY,,,,,,https://www.amazon.com/GOEWY-Slippers-Outdoor-Slipper-Bridesmaid/dp/B0DT12FRRT/ref=sr_1_5?dib=eyJ2IjoiMSJ9.3B_wBrVg1UMy5tWehIloEsVeGJZ_3e858D5hpQtvnpQDm6sY8g4v-VR8VGlcZDhfSAoEZAjDAiUPCp8_oXaoFQQZ5-dCok6gPw6q3VgmoAAXBx66krxHMhMHI4yWI44_tpPYtUQrJvhJwSHc4CgVATHmSor2LDXASBmi3IM6746Zx47J9QvrVY7PZLr1PoUutWrfFt3RUpTvjXP-3ubrbnXddoZ-VZ70GIMhVyIAU0Ox42KQSvkpac4ZJfUW8rViWg75_Wsa7-_ybGlIpaMB1kOo9dTiYVhGu86jqRHW3ho.KXW7W0TyK03kOSebHRB1TuF3pPX3SL6Fhwzvtr7U39A&dib_tag=se&keywords=women+summer+slippers&qid=1785471719&sr=8-5,https://m.media-amazon.com/images/I/612fmVMoiKL._AC_UL320_.jpg,70,排名靠前；价格处于人民币等值¥57.60-¥180.00黄金区间；评分达到4.6以上。
2026-07-31,amazon_us,product,search,women slides,39,"Womens Sandal Cork Footbed Slide, Arch Support Slides for Women with Adjustable Buckle, Comfortable Summer Beach Outdoor Sandals",¥122.33,4.5,500+ bought in past month,,,,,,https://www.amazon.com/AUGCY-Footbed-Support-Adjustable-Comfortable/dp/B0GFVJCPGW/ref=sr_1_28?dib=eyJ2IjoiMSJ9.wrqHnvIFpzxZDCy1gVq3f2HcNswV2RaHhxwkGjsTd_XPhdtNaEPBd0XGycAGVQXINputF-ZtqXqLxAO6OjwD-equCnp2AqJNcRMszgofUNDSsB6ok-HUPQxirJPJZrsuNi3hfRsBnJg9pB3U-6YifCSqgq7ss4aKcPPz2iGowXnUGUNy7u1Wnwv72nYqN-w3kqZeKAJk6HLplK31Fzh5y_m0zmnMt9Y7QAEUcHWGcuUUX0BLi2H7lHzYgpfn9DXAV7HnHULnB8svSrPcYgV5ZFMEesFwW37IFwVB-MPU1fA.q1kRqN4NrAMMemyCHLfK3hp9WNh17eKR9zGb_jWv8Po&dib_tag=se&keywords=women+slides&qid=1785471720&sr=8-28,https://m.media-amazon.com/images/I/71jk8h0qC0L._AC_UL320_.jpg,70,排名进入前50；评论数达到300以上；价格处于人民币等值¥57.60-¥180.00黄金区间；标题包含 comfort、arch support、beach、summer，符合美国女鞋舒适化趋势；评分达到4.3以上。
2026-07-31,amazon_us,product,search,platform sandals women,5,Project Cloud,¥287.28,4.3,Project Cloud,,,,,,https://www.amazon.com/Project-Cloud-Platform-Sandals-Footwear/dp/B0DR3K9KR4/ref=sr_1_2?dib=eyJ2IjoiMSJ9.wIlL_eVtHzMil5mQkgwLspOrVi3mJA7g8CtfSlpv_hx3sPKdEPQTkFRXGMtHTypt_x0DbxviVZeSrJKXjUs0KJlltxp8g_eDimei8-gxy1-ZM5xYDnvnh6Za2TBeltvyN7syEVnxnQ-Kc2Tx_5TjZ8ApHtVRsC_wBywTvsWYgUG5iNpdTfif6VSKHN8lauJytnhUV3Z1isfc2mVr9ouZ6UGhXDvz5I8NWWrGB3REeLgnoN0J27Nk5HSXqjpBert3U7GzFGJzH1-9dFSAVEvkK7fKVqKDaCsTZk5cUlOY__Q.PIpeREYjo_BkWCeKaiWJQy8xQlq6Vlw0PFjYSEVKxjI&dib_tag=se&keywords=platform+sandals+women&qid=1785471720&sr=8-2,https://m.media-amazon.com/images/I/71lJvDGljyL._AC_UL320_.jpg,70,排名靠前；价格处于人民币等值¥180.00-¥288.00区间；标题包含 cloud，符合美国女鞋舒适化趋势；评分达到4.3以上。
2026-07-31,amazon_us,product,best_sellers,Best Sellers Women Sandals,4,Project Cloud Flip Flops for Women Memory Foam Flats Sandals (Foundations) | Lightweight and Durable Non-Slip SoleWomens Sandals - Beach Essentials Womens Flat Sandals for Everyday Comfort Daily Wear,,4.3,$22.90,,,,,,https://www.amazon.com/Project-Cloud-Flip-flops-Women/dp/B0D2F94XKW/ref=zg_bs_g_679425011_d_sccl_4/133-4821901-7264914?psc=1,"https://images-na.ssl-images-amazon.com/images/I/41JMYLSDC3L._AC_UL600_SR600,400_.jpg",69,排名靠前；标题包含 cloud、comfort、beach，符合美国女鞋舒适化趋势；评分达到4.3以上。
2026-07-31,amazon_us,product,best_sellers,Best Sellers Women Sandals,28,Project Cloud 100% Genuine Leather Womens Sandals Slides for Women (Lian) | Sandals Women Memory Foam Insole Cork Footbed Non Slip Sandals for Women Lightweight Beach Vacation Summer Essentials Comfort,,4.1,$24.90,,,,,,https://www.amazon.com/Project-Cloud-Genuine-Leather-Sandals/dp/B0FW746LWG/ref=zg_bs_g_679425011_d_sccl_28/133-4821901-7264914?psc=1,"https://images-na.ssl-images-amazon.com/images/I/81ljCfCOosL._AC_UL600_SR600,400_.jpg",69,排名进入前30；标题包含 cloud、comfort、beach、summer，符合美国女鞋舒适化趋势；cloud + slides组合趋势加分；评分达到4.0以上。
2026-07-31,amazon_us,product,best_sellers,Best Sellers Women Sandals,1,mazeskin Womens Memory Foam Flip Flops Flat Thong Sandals | Soft Vegan Leather Comfortable Cushioned Casual Dressy Beach Summer Minimalist Slim Slide Shoes Indoor Outdoor,,4.3,$9.99,,,,,,https://www.amazon.com/mazeskin-Womens-Comfortable-Sandals-Leather/dp/B0F32KMZ18/ref=zg_bs_g_679425011_d_sccl_1/133-4821901-7264914?psc=1,"https://images-na.ssl-images-amazon.com/images/I/71jV8GHPNSL._AC_UL600_SR600,400_.jpg",67,排名靠前；标题包含 comfort、soft、beach、summer，符合美国女鞋舒适化趋势；评分达到4.3以上。
2026-07-31,amazon_us,product,best_sellers,Best Sellers Women Sandals,7,"ODOLY Unisex Comfortable Cork Footbed Slide Sandals with Arch Support | Adjustable Buckle, Lightweight Summer Sandals for Travel and Everyday Wear",,4.5,$17.99,,,,,,https://www.amazon.com/ODOLY-Footbed-Comfortable-Sandals-Adjustable/dp/B0CSMN1X4W/ref=zg_bs_g_679425011_d_sccl_7/133-4821901-7264914?psc=1,"https://images-na.ssl-images-amazon.com/images/I/61iYsM+H9QL._AC_UL600_SR600,400_.jpg",67,排名靠前；标题包含 comfort、arch support、summer，符合美国女鞋舒适化趋势；评分达到4.3以上。
2026-07-31,amazon_us,product,search,women summer slippers,7,WHITIN,¥71.93,4.3,Products highlighted as 'Overall Pick' are:,,,,,,https://www.amazon.com/WHITIN-Slippers-Cushioned-Fashionable-Lightweight/dp/B0C1C17KH8/ref=sr_1_2?dib=eyJ2IjoiMSJ9.3B_wBrVg1UMy5tWehIloEsVeGJZ_3e858D5hpQtvnpQDm6sY8g4v-VR8VGlcZDhfSAoEZAjDAiUPCp8_oXaoFQQZ5-dCok6gPw6q3VgmoAAXBx66krxHMhMHI4yWI44_tpPYtUQrJvhJwSHc4CgVATHmSor2LDXASBmi3IM6746Zx47J9QvrVY7PZLr1PoUutWrfFt3RUpTvjXP-3ubrbnXddoZ-VZ70GIMhVyIAU0Ox42KQSvkpac4ZJfUW8rViWg75_Wsa7-_ybGlIpaMB1kOo9dTiYVhGu86jqRHW3ho.KXW7W0TyK03kOSebHRB1TuF3pPX3SL6Fhwzvtr7U39A&dib_tag=se&keywords=women+summer+slippers&qid=1785471719&sr=8-2,https://m.media-amazon.com/images/I/71nA8egRirL._AC_UL320_.jpg,67,排名靠前；价格处于人民币等值¥57.60-¥180.00黄金区间；评分达到4.3以上。
2026-07-31,amazon_us,product,search,women summer slippers,8,Evshine,¥71.93,4.4,Evshine,,,,,,https://www.amazon.com/Evshine-Slippers-Bedroom-Corduroy-Outdoor/dp/B0FFZ8GWMZ/ref=sr_1_3?dib=eyJ2IjoiMSJ9.3B_wBrVg1UMy5tWehIloEsVeGJZ_3e858D5hpQtvnpQDm6sY8g4v-VR8VGlcZDhfSAoEZAjDAiUPCp8_oXaoFQQZ5-dCok6gPw6q3VgmoAAXBx66krxHMhMHI4yWI44_tpPYtUQrJvhJwSHc4CgVATHmSor2LDXASBmi3IM6746Zx47J9QvrVY7PZLr1PoUutWrfFt3RUpTvjXP-3ubrbnXddoZ-VZ70GIMhVyIAU0Ox42KQSvkpac4ZJfUW8rViWg75_Wsa7-_ybGlIpaMB1kOo9dTiYVhGu86jqRHW3ho.KXW7W0TyK03kOSebHRB1TuF3pPX3SL6Fhwzvtr7U39A&dib_tag=se&keywords=women+summer+slippers&qid=1785471719&sr=8-3,https://m.media-amazon.com/images/I/81L2e-mi2FL._AC_UL320_.jpg,67,排名靠前；价格处于人民币等值¥57.60-¥180.00黄金区间；评分达到4.3以上。
2026-07-31,amazon_us,product,search,women summer slippers,13,Open Toe House Slippers for Women Men Memory Foam Bedroom Shoes,¥95.47,4.3,900+ bought in past month,,,,,,https://www.amazon.com/Shevalues-Womens-Indoor-Slippers-Cotton/dp/B074HBC1BR/ref=sr_1_8?dib=eyJ2IjoiMSJ9.3B_wBrVg1UMy5tWehIloEsVeGJZ_3e858D5hpQtvnpQDm6sY8g4v-VR8VGlcZDhfSAoEZAjDAiUPCp8_oXaoFQQZ5-dCok6gPw6q3VgmoAAXBx66krxHMhMHI4yWI44_tpPYtUQrJvhJwSHc4CgVATHmSor2LDXASBmi3IM6746Zx47J9QvrVY7PZLr1PoUutWrfFt3RUpTvjXP-3ubrbnXddoZ-VZ70GIMhVyIAU0Ox42KQSvkpac4ZJfUW8rViWg75_Wsa7-_ybGlIpaMB1kOo9dTiYVhGu86jqRHW3ho.KXW7W0TyK03kOSebHRB1TuF3pPX3SL6Fhwzvtr7U39A&dib_tag=se&keywords=women+summer+slippers&qid=1785471719&sr=8-8,https://m.media-amazon.com/images/I/71JYzlHXkPL._AC_UL320_.jpg,67,排名进入前30；评论数达到300以上；价格处于人民币等值¥57.60-¥180.00黄金区间；评分达到4.3以上。
2026-07-31,amazon_us,product,search,women slides,3,adidas,¥162.00,4.4,adidas,,,,,,https://www.amazon.com/adidas-Unisex-Adilette-Shower-Sandal/dp/B091ZGQF6G/ref=sr_1_2?dib=eyJ2IjoiMSJ9.wrqHnvIFpzxZDCy1gVq3f2HcNswV2RaHhxwkGjsTd_XPhdtNaEPBd0XGycAGVQXINputF-ZtqXqLxAO6OjwD-equCnp2AqJNcRMszgofUNDSsB6ok-HUPQxirJPJZrsuNi3hfRsBnJg9pB3U-6YifCSqgq7ss4aKcPPz2iGowXnUGUNy7u1Wnwv72nYqN-w3kqZeKAJk6HLplK31Fzh5y_m0zmnMt9Y7QAEUcHWGcuUUX0BLi2H7lHzYgpfn9DXAV7HnHULnB8svSrPcYgV5ZFMEesFwW37IFwVB-MPU1fA.q1kRqN4NrAMMemyCHLfK3hp9WNh17eKR9zGb_jWv8Po&dib_tag=se&keywords=women+slides&qid=1785471720&sr=8-2,https://m.media-amazon.com/images/I/61CCABduhML._AC_UL320_.jpg,67,排名靠前；价格处于人民币等值¥57.60-¥180.00黄金区间；评分达到4.3以上。
2026-07-31,amazon_us,product,search,platform sandals women,4,Goosecret,¥129.89,4.3,Products highlighted as 'Overall Pick' are:,,,,,,https://www.amazon.com/Goosecret-Platform-Lightweight-Comfortable-Adjustable/dp/B0CZ75N4PP/ref=sr_1_1?dib=eyJ2IjoiMSJ9.wIlL_eVtHzMil5mQkgwLspOrVi3mJA7g8CtfSlpv_hx3sPKdEPQTkFRXGMtHTypt_x0DbxviVZeSrJKXjUs0KJlltxp8g_eDimei8-gxy1-ZM5xYDnvnh6Za2TBeltvyN7syEVnxnQ-Kc2Tx_5TjZ8ApHtVRsC_wBywTvsWYgUG5iNpdTfif6VSKHN8lauJytnhUV3Z1isfc2mVr9ouZ6UGhXDvz5I8NWWrGB3REeLgnoN0J27Nk5HSXqjpBert3U7GzFGJzH1-9dFSAVEvkK7fKVqKDaCsTZk5cUlOY__Q.PIpeREYjo_BkWCeKaiWJQy8xQlq6Vlw0PFjYSEVKxjI&dib_tag=se&keywords=platform+sandals+women&qid=1785471720&sr=8-1,https://m.media-amazon.com/images/I/61l3YNTRtgL._AC_UL320_.jpg,67,排名靠前；价格处于人民币等值¥57.60-¥180.00黄金区间；评分达到4.3以上。
2026-07-31,amazon_us,product,best_sellers,Best Sellers Women Sandals,24,Project Cloud 100% Genuine Leather Footbed Sandals for Women (Santorini) | Comfortable Beach Essentials Womens Sandals Plush Memory Foam Cushioning Vacation Essentials Slides for Women Footwear,,4.2,$39.90,,,,,,https://www.amazon.com/Project-Cloud-Genuine-Leather-Sandals/dp/B0D75DL96M/ref=zg_bs_g_679425011_d_sccl_24/133-4821901-7264914?psc=1,"https://images-na.ssl-images-amazon.com/images/I/81KEpbRPxUL._AC_UL600_SR600,400_.jpg",66,排名进入前30；标题包含 cloud、comfort、beach，符合美国女鞋舒适化趋势；cloud + slides组合趋势加分；评分达到4.0以上。
2026-07-31,amazon_us,product,search,platform sandals women,3,Sorel Women's Sunpeak Platform Sandal Sorel Women's Sunpeak Platform Sandal,¥702.00,4.7,,,,,,,https://aax-us-east-retail-direct.amazon.com/x/c/JOOTwW2kHDhu4UtWUHdqT_UAAAGftmheZwEAAAH2AQBvbm9fdHhuX2JpZDEgICBvbm9fdHhuX2ltcDIgICAQYOd_/clv1c_ek-wBXHWFcTenCVvYs7nSZr77RkGS5OXcuCm69lmz2nQxGIqMEn_7JI3iKWA6zr7tfviqUI9pC9W1wz3RVITH8CJswS8q2HT7c5a8dCk3cA9OCaX_wkhCWjkCslI9EtWlZUu7sAGcAXi9mwKBGZm8ciLIN7INhdon-DWH1dqTkd9e7lAMSm55J4DDE6cMn96qGWC730_bx4Y1eIuJS1i8GihJ06h4C6eutezjHzeaLZRpaWiGblZGJ8ySjV6cgjjr-35cd81Ok3SMsMQDPKnSqT4JLgxAvk-4nGiiCv1Pid-cxUQqMYsOZr8Ob8UwshrnUmd7KCl7RX7G3qYkP3BGA9Y2xIvBGoeUqozCC99UfkfX2HoXJEhlMrmVIyiJPcuYGX-IMDubccYG_cxcs_Mg7xGvKTkM4mSP5CXIjLhHHJXD5kpBOpo1oFXHM04lOD1YEEmb_1i33CnvgG69I4CT0JVjKi2KLbKXhv4o1oiaqrS3P_j3gRw1TgCnNtbqSlwkQb_zr2qSHpdpJxkUM6tbR3A2yILtlM8EjZJdhYG-7sHvOsCPYbXeONNpPkMBXUWr_fSTXgpbFKjA14h0QAscQt5clF60bGj3NqnyvlssXoeYPKMg8_tQngQkYex4QphFFTXXQfkPJSvlRHISINdWK7VFPFKB669lRvmAUlF5sNVdmtNmIgB6sW7zsfmPpc_QRMOXve_PWv6B9fioaWHYrekgH3lCWwZW3rEdxr-sO4jKuScd4wSWyE1bgln1Uw-vaNCXL-DIK-bGhgivf3LbnUwRKxScrmsEx0ku5oPH4x_PjTOLM2EnyaYQNkC_nAll70LHDgQUfAnND9pfbrLeQjSBufhxBZXYOW0-_ym30aWzNnV4tE-8GLfWaW_nXF2QF6aBsTIjwLpz5UN4zFrb0iOl_ayUc7v9yiQsTPhOf42Sr5b8dr6c8Nc8GPRAyofcyIqxPgVQEs8FqyuudmACgzVZUxQuKTPwMRkxPtwXobf9H1IRi5MxOzgoBj-085XK6U__KVxVDMOKEWcNaaV4u9ZcNa-pd20aN9y9fOXuAywQ5biC6ahQs1LO7aUEdXR428GmwOUWvDHvlIR4oKyVKUZVns6wo3Aj_l6wAKx-8WR9cNKBi58KCwM3YHVNRGfWio3PRb9AHCfU4eUq-4WjTVQ65pJD4607bLHq28FZhLKzU5okOTWDyVcHepISGE42WRqGD2eqTi5EjMmiMm2r5cnwWVLi_aoHa0rcXM9FMYLATHsBAEHuOiWbGA8ThxYRe09MiEKkW9-tSH50hpHxgYXxqd_nz4KQpKs5h6BSZyNAz8lzZA7edZNUhhDKL3-oXkbb98JoCYTnUcWP91PpKSmNGINCqCVI__rMBCcGhGnak3qyE-2wTC2nK2PnH3Ice9gKPHEDxrz4eudLQD8zvxzAfMH2G1Obasz7_P0CsvDv33_kk2qu1EPH4XcoGwme1SO3KGdhzQmEZnSuuecd3ClHUcvhvdYId_FzqoOW72YGmlCv_EGB0yDWffNwWq0q7Beavzz1Lihw57hj4oAzCJ_tr3YMdiZGxrMnqZLySZoF5PgVzMutXQtAGAmDArY20hDQpGqWmEtMCI8RsCBzQ65tR8UpoYxxwIXF4VUhbhFTqtFTtp8V1nBKcK9YDFJJ7lf1vahihos1J_qUmkdUKuI7pkv6I_JUj8/https://www.amazon.com/gp/aw/d/B0F8DF6JD8/?_encoding=UTF8&pd_rd_plhdr=t&aaxitk=b8fdff5d0a92fb43ad129171fd02a1a5&hsa_cr_id=0&qid=1785471720&sr=1-3-9e67e56a-6f64-441f-a281-df67fc737124&i=aps&aref=rDDkVfxPg8&ref_=sbx__sbtcd_asin_2_bkgd&pd_rd_w=vv2Hr&content-id=amzn1.sym.8de9b3d5-f5c5-40e9-9b39-d65f08d6ea68%3Aamzn1.sym.8de9b3d5-f5c5-40e9-9b39-d65f08d6ea68&pf_rd_p=8de9b3d5-f5c5-40e9-9b39-d65f08d6ea68&pf_rd_r=8G6VG8P3WEA61B5D62KT&pd_rd_wg=jVwld&pd_rd_r=07317530-bfc4-4b04-9687-509656e703ce,"https://m.media-amazon.com/images/I/61jQ5aKvWfL._AC_SR160,134_CB1169409_QL70_.jpg",66,排名靠前；价格高于人民币等值¥288.00；标题包含 platform，符合美国女鞋舒适化趋势；评分达到4.6以上。
2026-07-31,amazon_us,product,search,platform sandals women,18,Women Platform Clogs Mules Medium Arch Support Closed Toe Walking,¥244.73,4.4,"Price, product page $33.99 $ 33 . 99",,,,,,https://www.amazon.com/Tmaza-Support-Platform-Closed-Walking/dp/B0H2Y942C3/ref=sr_1_7?dib=eyJ2IjoiMSJ9.wIlL_eVtHzMil5mQkgwLspOrVi3mJA7g8CtfSlpv_hx3sPKdEPQTkFRXGMtHTypt_x0DbxviVZeSrJKXjUs0KJlltxp8g_eDimei8-gxy1-ZM5xYDnvnh6Za2TBeltvyN7syEVnxnQ-Kc2Tx_5TjZ8ApHtVRsC_wBywTvsWYgUG5iNpdTfif6VSKHN8lauJytnhUV3Z1isfc2mVr9ouZ6UGhXDvz5I8NWWrGB3REeLgnoN0J27Nk5HSXqjpBert3U7GzFGJzH1-9dFSAVEvkK7fKVqKDaCsTZk5cUlOY__Q.PIpeREYjo_BkWCeKaiWJQy8xQlq6Vlw0PFjYSEVKxjI&dib_tag=se&keywords=platform+sandals+women&qid=1785471720&sr=8-7,https://m.media-amazon.com/images/I/81ZAjvi5tYL._AC_UL320_.jpg,66,排名进入前30；价格处于人民币等值¥180.00-¥288.00区间；标题包含 platform、arch support，符合美国女鞋舒适化趋势；评分达到4.3以上。
2026-07-31,amazon_us,product,new_releases,New Releases Women Sandals,20,"MellowSoft Cloud Slides for Women & Men, Thick Shock-Absorbing Sole | Ultra Soft CloudFoam Cushioning Slides, Lightweight Anti-Slip Recovery Sandals for Indoor & Outdoor Comfort",,3.2,$39.00,,,,,,https://www.amazon.com/MellowSoft-Cloud-Slides-CloudFoam-Cushioning/dp/B0H52VV17P/ref=zg_bsnr_g_679425011_d_sccl_20/144-4965723-3897025?psc=1,"https://images-na.ssl-images-amazon.com/images/I/51KGd55hl5L._AC_UL600_SR600,400_.jpg",65,排名进入前30；标题包含 cloud、recovery、comfort、soft，符合美国女鞋舒适化趋势；cloud + slides组合趋势加分。
2026-07-31,amazon_us,product,best_sellers,Best Sellers Women Sandals,5,"Archies Arch Support Flip Flops for Men & Women – Orthotic Sandals for Plantar Fasciitis Relief – Lightweight, Cushioning, Shock-Absorbing Thong Sandals for Walking, Foot Pain & All-Day Comfort",,4.3,$40.00,,,,,,https://www.amazon.com/Archies-Womens-Arch-Support-Black/dp/B086SYFKLP/ref=zg_bs_g_679425011_d_sccl_5/133-4821901-7264914?psc=1,"https://images-na.ssl-images-amazon.com/images/I/81xintmVcHL._AC_UL600_SR600,400_.jpg",64,排名靠前；标题包含 comfort、arch support，符合美国女鞋舒适化趋势；评分达到4.3以上。
2026-07-31,amazon_us,product,best_sellers,Best Sellers Women Sandals,9,CUSHIONAIRE Lane Cork Footbed Womens Sandals Comfortable Double Buckle Slip On Sandals for Women with Arch Support and Classic Two Strap Design,,4.5,$34.99,,,,,,https://www.amazon.com/CUSHIONAIRE-Womens-Slide-Sandals-Brown/dp/B075PBVR9N/ref=zg_bs_g_679425011_d_sccl_9/133-4821901-7264914?psc=1,"https://images-na.ssl-images-amazon.com/images/I/81suZ76XHpL._AC_UL600_SR600,400_.jpg",64,排名靠前；标题包含 comfort、arch support，符合美国女鞋舒适化趋势；评分达到4.3以上。
2026-07-31,amazon_us,product,search,platform sandals women,34,Women's Suede Platform Wedge Heel Slide Sandals Y2K Round Open Toe One Strap Slip-On Heeled Sandals Stylish Comfortable Daily Casual Summer Slippers,¥237.53,4.0,"Price, product page $32.99 $ 32 . 99",,,,,,https://www.amazon.com/NBZKBNG-Platform-Sandals-Comfortable-Slippers/dp/B0FXRQXXLG/ref=sr_1_23?dib=eyJ2IjoiMSJ9.wIlL_eVtHzMil5mQkgwLspOrVi3mJA7g8CtfSlpv_hx3sPKdEPQTkFRXGMtHTypt_x0DbxviVZeSrJKXjUs0KJlltxp8g_eDimei8-gxy1-ZM5xYDnvnh6Za2TBeltvyN7syEVnxnQ-Kc2Tx_5TjZ8ApHtVRsC_wBywTvsWYgUG5iNpdTfif6VSKHN8lauJytnhUV3Z1isfc2mVr9ouZ6UGhXDvz5I8NWWrGB3REeLgnoN0J27Nk5HSXqjpBert3U7GzFGJzH1-9dFSAVEvkK7fKVqKDaCsTZk5cUlOY__Q.PIpeREYjo_BkWCeKaiWJQy8xQlq6Vlw0PFjYSEVKxjI&dib_tag=se&keywords=platform+sandals+women&qid=1785471720&sr=8-23,https://m.media-amazon.com/images/I/61psKHoQPtL._AC_UL320_.jpg,64,排名进入前50；价格处于人民币等值¥180.00-¥288.00区间；标题包含 platform、comfort、summer、wedge，符合美国女鞋舒适化趋势；platform + comfort组合趋势加分；评分达到4.0以上。
2026-07-31,amazon_us,product,best_sellers,Best Sellers Women Sandals,27,KuaiLu Flip Flops for Women with Arch Support Summer Beach Thong Sandals | Comfortable Walking Shoes Lightweight Soft Yoga Mat Cushion Floral Outfits Slip On Indoor Outdoor,,4.5,$13.99,,,,,,https://www.amazon.com/KuaiLu-Comfortable-Waterproof-Supportive-Flipflops/dp/B0CTML36SJ/ref=zg_bs_g_679425011_d_sccl_27/133-4821901-7264914?psc=1,"https://images-na.ssl-images-amazon.com/images/I/71FLg8v7ZyL._AC_UL600_SR600,400_.jpg",62,排名进入前30；标题包含 comfort、arch support、soft、beach、summer，符合美国女鞋舒适化趋势；评分达到4.3以上。
2026-07-31,amazon_us,product,best_sellers,Best Sellers Women Sandals,34,"shevalues Orthopedic Sandals for Women, Arch Support Recovery Flip Flops | Orthotic Pillow Soft Summer Beach Shoes, Comfortable for Plantar Fasciitis",,4.3,$18.99,,,,,,https://www.amazon.com/Orthotic-Pillow-Recovery-Sandals-Support/dp/B09LC836QG/ref=zg_bs_g_679425011_d_sccl_34/144-4965723-3897025?psc=1,"https://images-na.ssl-images-amazon.com/images/I/61o9ArJVVsL._AC_UL300_SR300,200_.jpg",62,排名进入前50；标题包含 recovery、orthopedic、comfort、arch support、soft、beach、summer，符合美国女鞋舒适化趋势；orthopedic + arch support组合趋势加分；评分达到4.3以上。
2026-07-31,amazon_us,product,best_sellers,Best Sellers Women Sandals,36,COFACE Womens Orthopedic Flip Flops Arch Support Yoga Walking Thong Sandals | Fashion Orthotic Ladies Slip On Lightweight Athletic Mat Recovery Cushion With Comfortable Plantar Fasciitis,,4.4,$24.69,,,,,,https://www.amazon.com/COFACE-Orthotic-Athletic-FlipFlops-Fasciitis/dp/B09ZKZW1LR/ref=zg_bs_g_679425011_d_sccl_36/144-4965723-3897025?psc=1,"https://images-na.ssl-images-amazon.com/images/I/71wrTj6AkpL._AC_UL300_SR300,200_.jpg",62,排名进入前50；标题包含 recovery、orthopedic、comfort、arch support，符合美国女鞋舒适化趋势；orthopedic + arch support组合趋势加分；评分达到4.3以上。
2026-07-31,amazon_us,product,search,platform sandals women,27,Project Cloud,¥143.28,4.2,Project Cloud,,,,,,https://www.amazon.com/Project-Cloud-Platform-Sandals-Footwear/dp/B0FWTW9F7T/ref=sr_1_16?dib=eyJ2IjoiMSJ9.wIlL_eVtHzMil5mQkgwLspOrVi3mJA7g8CtfSlpv_hx3sPKdEPQTkFRXGMtHTypt_x0DbxviVZeSrJKXjUs0KJlltxp8g_eDimei8-gxy1-ZM5xYDnvnh6Za2TBeltvyN7syEVnxnQ-Kc2Tx_5TjZ8ApHtVRsC_wBywTvsWYgUG5iNpdTfif6VSKHN8lauJytnhUV3Z1isfc2mVr9ouZ6UGhXDvz5I8NWWrGB3REeLgnoN0J27Nk5HSXqjpBert3U7GzFGJzH1-9dFSAVEvkK7fKVqKDaCsTZk5cUlOY__Q.PIpeREYjo_BkWCeKaiWJQy8xQlq6Vlw0PFjYSEVKxjI&dib_tag=se&keywords=platform+sandals+women&qid=1785471720&sr=8-16,https://m.media-amazon.com/images/I/61qBT+OMRmL._AC_UL320_.jpg,62,排名进入前30；价格处于人民币等值¥57.60-¥180.00黄金区间；标题包含 cloud，符合美国女鞋舒适化趋势；评分达到4.0以上。
2026-07-31,amazon_us,product,search,platform sandals women,2,"Sorel Women's Sunpeak Wedge Ankle Strap, Iced Tea/Snow, 7.5 Regular Sorel Women's Sunpeak Wedge Ankle Strap, Iced Tea…",¥810.00,4.7,,,,,,,https://aax-us-east-retail-direct.amazon.com/x/c/JOOTwW2kHDhu4UtWUHdqT_UAAAGftmheZwEAAAH2AQBvbm9fdHhuX2JpZDEgICBvbm9fdHhuX2ltcDIgICAQYOd_/clv1c_ek-wBXHWFcTenCVvYs7nSZr77RkGS5OXcuCm69lmz2nQxGIqMEn_7JI3iKWA6zr7tfviqUI9pC9W1wz3RVITH8CJswS8q2HT7c5a8dCk3cA9OCaX_wkhCWjkCslI9EtWlZUu7sAGcAXi9mwKBGZm8ciLIN7INhdon-DWH1dqTkd9e7lAMSm55J4DDE6cMn96qGWC730_bx4Y1eIuJS1i8GihJ06h4C6eutezjHzeaLZRpaWiGblZGJ8ySjV6cgjjr-35cd81Ok3SMsMQDPKnSqT4JLgxAvk-4nGiiCv1Pid-cxUQqMYsOZr8Ob8UwshrnUmd7KCl7RX7G3qYkP3BGA9Y2xIvBGoeUqozCC99UfkfX2HoXJEhlMrmVIyiJPcuYGX-IMDubccYG_cxcs_Mg7xGvKTkM4mSP5CXIjLhHHJXD5kpBOpo1oFXHM04lOD1YEEmb_1i33CnvgG69I4CT0JVjKi2KLbKXhv4o1oiaqrS3P_j3gRw1TgCnNtbqSlwkQb_zr2qSHpdpJxkUM6tbR3A2yILtlM8EjZJdhYG-7sHvOsCPYbXeONNpPkMBXUWr_fSTXgpbFKjA14h0QAscQt5clF60bGj3NqnyvlssXoeYPKMg8_tQngQkYex4QphFFTXXQfkPJSvlRHISINdWK7VFPFKB669lRvmAUlF5sNVdmtNmIgB6sW7zsfmPpc_QRMOXve_PWv6B9fioaWHYrekgH3lCWwZW3rEdxr-sO4jKuScd4wSWyE1bgln1Uw-vaNCXL-DIK-bGhgivf3LbnUwRKxScrmsEx0ku5oPH4x_PjTOLM2EnyaYQNkC_nAll70LHDgQUfAnND9pfbrLeQjSBufhxBZXYOW0-_ym30aWzNnV4tE-8GLfWaW_nXF2QF6aBsTIjwLpz5UN4zFrb0iOl_ayUc7v9yiQsTPhOf42Sr5b8dr6c8Nc8GPRAyofcyIqxPgVQEs8FqyuudmACgzVZUxQuKTPwMRkxPtwXobf9H1IRi5MxOzgoBj-085XK6U__KVxVDMOKEWcNaaV4u9ZcNa-pd20aN9y9fOXuAywQ5biC6ahQs1LO7aUEdXR428GmwOUWvDHvlIR4oKyVKUZVns6wo3Aj_l6wAKx-8WR9cNKBi58KCwM3YHVNRGfWio3PRb9AHCfU4eUq-4WjTVQ65pJD4607bLHq28FZhLKzU5okOTWDyVcHepISGE42WRqGD2eqTi5EjMmiMm2r5cnwWVLi_aoHa0rcXM9FMYLATHsBAEHuOiWbGA8ThxYRe09MiEKkW9-tSH50hpHxgYXxqd_nz4KQpKs5h6BSZyNAz8lzZA7edZNUhhDKL3-oXkbb98JoCYTnUcWP91PpKSmNGINCqCVI__rMBCcGhGnak3qyE-2wTC2nK2PnH3Ice9gKPHEDxrz4eudLQD8zvxzAfMH2G1Obasz7_P0CsvDv33_kk2qu1EPH4XcoGwme1SO3KGdhzQmEZnSuuecd3ClHUcvhvdYId_FzqoOW72YGmlCv_EGB0yDWffNwWq0q7Beavzz1Lihw57hj4oAzCJ_tr3YMdiZGxrMnqZLySZoF5PgVzMutXQtAGAmDArY20hDQpGqWmEtMCI8RsCBzQ65tR8UpoYxxwIXF4VUhbhFTqtFTtp8V1nBKcK9YDFJJ7lf1vahihos1J_qUmkdUKuI7pkv6I_JUj8/https://www.amazon.com/gp/aw/d/B0F8D6PCQL/?_encoding=UTF8&pd_rd_plhdr=t&aaxitk=b8fdff5d0a92fb43ad129171fd02a1a5&hsa_cr_id=0&qid=1785471720&sr=1-2-9e67e56a-6f64-441f-a281-df67fc737124&i=aps&aref=rDDkVfxPg8&ref_=sbx__sbtcd_asin_1_bkgd&pd_rd_w=vv2Hr&content-id=amzn1.sym.8de9b3d5-f5c5-40e9-9b39-d65f08d6ea68%3Aamzn1.sym.8de9b3d5-f5c5-40e9-9b39-d65f08d6ea68&pf_rd_p=8de9b3d5-f5c5-40e9-9b39-d65f08d6ea68&pf_rd_r=8G6VG8P3WEA61B5D62KT&pd_rd_wg=jVwld&pd_rd_r=07317530-bfc4-4b04-9687-509656e703ce,"https://m.media-amazon.com/images/I/71-mn-Y6B1L._AC_SR160,134_CB1169409_QL70_.jpg",61,排名靠前；价格高于人民币等值¥288.00；标题包含 wedge，符合美国女鞋舒适化趋势；评分达到4.6以上。
2026-07-31,amazon_us,product,best_sellers,Best Sellers Women Sandals,21,ONCAI Women's Flip Flops Comfortable Arch Support Yoga Mat Summer Beach Walking Thong Cushion Sandals Ladies Outdoor Vacation Essentials Slide Shoes Rubber Soles US Size 5-11,,4.4,$13.99,,,,,,https://www.amazon.com/ONCAI-Support-Athletic-Orthotic-Fasciitis/dp/B0D2292JM9/ref=zg_bs_g_679425011_d_sccl_21/133-4821901-7264914?psc=1,"https://images-na.ssl-images-amazon.com/images/I/71iVIX1IyIL._AC_UL600_SR600,400_.jpg",60,排名进入前30；标题包含 comfort、arch support、beach、summer，符合美国女鞋舒适化趋势；评分达到4.3以上。
2026-07-31,amazon_us,product,new_releases,New Releases Women Sandals,3,Project Cloud Square Toe Flip Flops For Women - Sandals Women(DEDICATION) | Womens Flip Flop with Memory Foam Insole Beach Essentials Womens Sandals - Thong Sandals Women Footwear - Square Toe Sandals,,4.2,$24.21,,,,,,https://www.amazon.com/Project-Cloud-Square-Flops-Women/dp/B0GY5Y8N35/ref=zg_bsnr_g_679425011_d_sccl_3/144-4965723-3897025?psc=1,"https://images-na.ssl-images-amazon.com/images/I/71nllf30glL._AC_UL600_SR600,400_.jpg",60,排名靠前；标题包含 cloud、beach，符合美国女鞋舒适化趋势；评分达到4.0以上。
2026-07-31,amazon_us,product,new_releases,New Releases Women Sandals,12,Project Cloud 100% Genuine Leather Block Heeled Sandals for Women(Opal) | Sandals Women Footwear-Memory Foam Insole & Non-Slip Womens Sandals Block Heels For Women-Womens Slides & Women's Sandals,,4.3,$49.41,,,,,,https://www.amazon.com/Project-Cloud-Genuine-Leather-Sandals/dp/B0GYFW3KR1/ref=zg_bsnr_g_679425011_d_sccl_12/144-4965723-3897025?psc=1,"https://images-na.ssl-images-amazon.com/images/I/81mSAaUxMtL._AC_UL600_SR600,400_.jpg",60,排名进入前30；标题包含 cloud，符合美国女鞋舒适化趋势；cloud + slides组合趋势加分；评分达到4.3以上。
2026-07-31,amazon_us,product,new_releases,New Releases Women Sandals,14,Uniwill Shower Shoes Women Non-Slip Quick Dry Flip Flop Sandals | Comfortable Arch Support for Public Shower Bathroom Pool Beach Quick Dry with Drain Holes,,4.8,$12.89,,,,,,https://www.amazon.com/Uniwill-Shower-Shoes-Non-Slip-Sandals/dp/B0GY4471BY/ref=zg_bsnr_g_679425011_d_sccl_14/144-4965723-3897025?psc=1,"https://images-na.ssl-images-amazon.com/images/I/71SL6HBtLiL._AC_UL600_SR600,400_.jpg",60,排名进入前30；标题包含 comfort、arch support、beach，符合美国女鞋舒适化趋势；评分达到4.6以上。
2026-07-31,amazon_us,product,new_releases,New Releases Women Sandals,36,IDIFU IN4 Wedge Sandals for Women Platform Wedge Heels Square Open Toe Dressy Wedges Comfortable Summer Beach Vacation Sandals,,4.6,$29.99,,,,,,https://www.amazon.com/IDIFU-Sandals-Platform-Comfortable-Vacation/dp/B0GYMXK4D4/ref=zg_bsnr_g_679425011_d_sccl_36/144-4965723-3897025?psc=1,"https://images-na.ssl-images-amazon.com/images/I/719EIhFHc7L._AC_UL300_SR300,200_.jpg",60,排名进入前50；标题包含 platform、comfort、beach、summer、wedge，符合美国女鞋舒适化趋势；platform + comfort组合趋势加分；评分达到4.6以上。
2026-07-31,amazon_us,product,search,platform sandals women,17,Project Cloud,¥215.28,4.4,Project Cloud,,,,,,https://www.amazon.com/Project-Cloud-Genuine-Womens-Sandals/dp/B0CQTTTK2J/ref=sr_1_6?dib=eyJ2IjoiMSJ9.wIlL_eVtHzMil5mQkgwLspOrVi3mJA7g8CtfSlpv_hx3sPKdEPQTkFRXGMtHTypt_x0DbxviVZeSrJKXjUs0KJlltxp8g_eDimei8-gxy1-ZM5xYDnvnh6Za2TBeltvyN7syEVnxnQ-Kc2Tx_5TjZ8ApHtVRsC_wBywTvsWYgUG5iNpdTfif6VSKHN8lauJytnhUV3Z1isfc2mVr9ouZ6UGhXDvz5I8NWWrGB3REeLgnoN0J27Nk5HSXqjpBert3U7GzFGJzH1-9dFSAVEvkK7fKVqKDaCsTZk5cUlOY__Q.PIpeREYjo_BkWCeKaiWJQy8xQlq6Vlw0PFjYSEVKxjI&dib_tag=se&keywords=platform+sandals+women&qid=1785471720&sr=8-6,https://m.media-amazon.com/images/I/81V6vB5lczL._AC_UL320_.jpg,60,排名进入前30；价格处于人民币等值¥180.00-¥288.00区间；标题包含 cloud，符合美国女鞋舒适化趋势；评分达到4.3以上。
2026-07-31,amazon_us,product,best_sellers,Best Sellers Women Sandals,30,"Reef Cushion Vista Hi Womens Platform Fashion Sandal, Arch Support, Ultra Soft Cushion Footbed",,4.4,$39.93,,,,,,https://www.amazon.com/Reef-Womens-Cushion-Vista-Hi/dp/B09K8WMWN6/ref=zg_bs_g_679425011_d_sccl_30/133-4821901-7264914?psc=1,"https://images-na.ssl-images-amazon.com/images/I/61wij8MIiAL._AC_UL600_SR600,400_.jpg",59,排名进入前30；标题包含 platform、arch support、soft，符合美国女鞋舒适化趋势；评分达到4.3以上。
2026-07-31,amazon_us,product,search,women summer slippers,26,Women's Open Toe House Slippers Breathable Waffle Fabric Memory Foam,¥79.13,4.2,100+ bought in past month,,,,,,https://www.amazon.com/Yoerpe-Womens-House-Slippers-Slip/dp/B0F8BKW8PC/ref=sr_1_16?dib=eyJ2IjoiMSJ9.3B_wBrVg1UMy5tWehIloEsVeGJZ_3e858D5hpQtvnpQDm6sY8g4v-VR8VGlcZDhfSAoEZAjDAiUPCp8_oXaoFQQZ5-dCok6gPw6q3VgmoAAXBx66krxHMhMHI4yWI44_tpPYtUQrJvhJwSHc4CgVATHmSor2LDXASBmi3IM6746Zx47J9QvrVY7PZLr1PoUutWrfFt3RUpTvjXP-3ubrbnXddoZ-VZ70GIMhVyIAU0Ox42KQSvkpac4ZJfUW8rViWg75_Wsa7-_ybGlIpaMB1kOo9dTiYVhGu86jqRHW3ho.KXW7W0TyK03kOSebHRB1TuF3pPX3SL6Fhwzvtr7U39A&dib_tag=se&keywords=women+summer+slippers&qid=1785471719&sr=8-16,https://m.media-amazon.com/images/I/71GbfDOMPSL._AC_UL320_.jpg,59,排名进入前30；评论数达到50以上；价格处于人民币等值¥57.60-¥180.00黄金区间；评分达到4.0以上。
2026-07-31,amazon_us,product,best_sellers,Best Sellers Women Sandals,8,"WHITIN Women's Slides with Cushioned Thick Sole Slippers for Home Wear Y13 | Comfort for Daily Wear, Waterproof & Easy to Clean, Indoor & Outdoor Versatility, Lightweight EVA for All-Day",,4.3,$9.99,,,,,,https://www.amazon.com/WHITIN-Slippers-Sandals-Fashionable-Lightweight/dp/B0C1C3MKLF/ref=zg_bs_g_679425011_d_sccl_8/133-4821901-7264914?psc=1,"https://images-na.ssl-images-amazon.com/images/I/71nA8egRirL._AC_UL600_SR600,400_.jpg",58,排名靠前；标题包含 comfort，符合美国女鞋舒适化趋势；评分达到4.3以上。
2026-07-31,amazon_us,product,new_releases,New Releases Women Sandals,9,adidas Unisex-Adult Adilette Comfort 2.0 Slide Sandal,,4.4,$30.00,,,,,,https://www.amazon.com/adidas-Unisex-Adilette-Comfort-Sandal/dp/B0F2B84XX9/ref=zg_bsnr_g_679425011_d_sccl_9/144-4965723-3897025?psc=1,"https://images-na.ssl-images-amazon.com/images/I/51qn7G+PVyL._AC_UL600_SR600,400_.jpg",58,排名靠前；标题包含 comfort，符合美国女鞋舒适化趋势；评分达到4.3以上。
2026-07-31,amazon_us,product,best_sellers,Best Sellers Women Sandals,12,KuaiLu Flip Flops for Women with Arch Support Summer Beach Thong Sandals | Comfortable Yoga Mat Cushion Walking Shoes Slip on Casual Outfits Faux Leather Indoor Outdoor,,4.2,$13.98,,,,,,https://www.amazon.com/KuaiLu-Support-Comfortable-Cushion-Walking/dp/B08GKGCH2R/ref=zg_bs_g_679425011_d_sccl_12/133-4821901-7264914?psc=1,"https://images-na.ssl-images-amazon.com/images/I/81-DUybjK+L._AC_UL600_SR600,400_.jpg",57,排名进入前30；标题包含 comfort、arch support、beach、summer，符合美国女鞋舒适化趋势；评分达到4.0以上。
2026-07-31,amazon_us,product,best_sellers,Best Sellers Women Sandals,17,"FUNKYMONKEY Women's Comfort Slides Non-Slip Lightweight Flat Beach Sandals | Adjustable Buckle Plastic Sandals with Arch Support, Waterproof Non-Slip Summer Slippers for Pool, Shower & Daily Wear",,4.1,$17.09,,,,,,https://www.amazon.com/FUNKYMONKEY-Comfort-Adjustable-Sandals-US-Women/dp/B07CV9YZBB/ref=zg_bs_g_679425011_d_sccl_17/133-4821901-7264914?psc=1,"https://images-na.ssl-images-amazon.com/images/I/51o3wxcasIL._AC_UL600_SR600,400_.jpg",57,排名进入前30；标题包含 comfort、arch support、beach、summer，符合美国女鞋舒适化趋势；评分达到4.0以上。
2026-07-31,amazon_us,product,best_sellers,Best Sellers Women Sandals,31,Project Cloud Platform Sandals for Women Strappy Wedges Plush Insole 2026 | Comfortable and Lightweight Fashion Wedge Sandals for Women - Non-Slip Sole with Adjustable Strap for Every Occasions,,4.3,$39.90,,,,,,https://www.amazon.com/Project-Cloud-Platform-Sandals-Footwear/dp/B0DR3N7LYW/ref=zg_bs_g_679425011_d_sccl_31/144-4965723-3897025?psc=1,"https://images-na.ssl-images-amazon.com/images/I/71lJvDGljyL._AC_UL300_SR300,200_.jpg",57,排名进入前50；标题包含 cloud、platform、comfort、wedge，符合美国女鞋舒适化趋势；platform + comfort组合趋势加分；评分达到4.3以上。
2026-07-31,amazon_us,product,best_sellers,Best Sellers Women Sandals,33,"Goosecret Women's Comfortable Arch Support Walking Platform Sandals | Lightweight Chunky Slip-On Foam Slides with Adjustable Buckle, Sandals for Beach and Daily Wear",,4.3,$18.04,,,,,,https://www.amazon.com/Goosecret-Platform-Lightweight-Comfortable-Adjustable/dp/B0CZ75N4PP/ref=zg_bs_g_679425011_d_sccl_33/144-4965723-3897025?psc=1,"https://images-na.ssl-images-amazon.com/images/I/61l3YNTRtgL._AC_UL300_SR300,200_.jpg",57,排名进入前50；标题包含 platform、comfort、arch support、beach，符合美国女鞋舒适化趋势；platform + comfort组合趋势加分；评分达到4.3以上。
2026-07-31,amazon_us,product,best_sellers,Best Sellers Women Sandals,38,"Comwarm Cloud Slide Sandals for Women Men Ultra Comfort Recovery Slippers | Soft Summer Beach Shoes with Low Arch Support, Non-Slip Lightweight Pillow Slides",,4.3,$9.48,,,,,,https://www.amazon.com/Sandals-Lightweight-Bathroom-Non-Slip-Slippers/dp/B099DTRKSL/ref=zg_bs_g_679425011_d_sccl_38/144-4965723-3897025?psc=1,"https://images-na.ssl-images-amazon.com/images/I/71uNAZpAhiL._AC_UL300_SR300,200_.jpg",57,排名进入前50；标题包含 cloud、recovery、comfort、arch support、soft、beach、summer，符合美国女鞋舒适化趋势；cloud + slides组合趋势加分；评分达到4.3以上。
2026-07-31,amazon_us,product,new_releases,New Releases Women Sandals,25,Uniwill Shower Shoes Womens Quick Dry Arch Support Flip Flops | Darin Holes Comfortable Non Slip Beach Lightweight Thong Sandalas,,4.5,$9.99,,,,,,https://www.amazon.com/Uniwill-Shower-Shoes-Womens-Quickly/dp/B0GY5JL3N1/ref=zg_bsnr_g_679425011_d_sccl_25/144-4965723-3897025?psc=1,"https://images-na.ssl-images-amazon.com/images/I/61PrHay7LLL._AC_UL600_SR600,400_.jpg",57,排名进入前30；标题包含 comfort、arch support、beach，符合美国女鞋舒适化趋势；评分达到4.3以上。
2026-07-31,amazon_us,product,search,women summer slippers,11,LongBay,¥143.93,4.5,LongBay,,,,,,https://www.amazon.com/LongBay-Slippers-Memory-Bedroom-Dual-Strap/dp/B0DP277YRM/ref=sr_1_6?dib=eyJ2IjoiMSJ9.3B_wBrVg1UMy5tWehIloEsVeGJZ_3e858D5hpQtvnpQDm6sY8g4v-VR8VGlcZDhfSAoEZAjDAiUPCp8_oXaoFQQZ5-dCok6gPw6q3VgmoAAXBx66krxHMhMHI4yWI44_tpPYtUQrJvhJwSHc4CgVATHmSor2LDXASBmi3IM6746Zx47J9QvrVY7PZLr1PoUutWrfFt3RUpTvjXP-3ubrbnXddoZ-VZ70GIMhVyIAU0Ox42KQSvkpac4ZJfUW8rViWg75_Wsa7-_ybGlIpaMB1kOo9dTiYVhGu86jqRHW3ho.KXW7W0TyK03kOSebHRB1TuF3pPX3SL6Fhwzvtr7U39A&dib_tag=se&keywords=women+summer+slippers&qid=1785471719&sr=8-6,https://m.media-amazon.com/images/I/71BlGXBbl-L._AC_UL320_.jpg,57,排名进入前30；价格处于人民币等值¥57.60-¥180.00黄金区间；评分达到4.3以上。
2026-07-31,amazon_us,product,search,women summer slippers,12,KuaiLu,¥100.73,4.3,KuaiLu,,,,,,https://www.amazon.com/KuaiLu-Support-Comfortable-Walking-Sandals/dp/B0C5ZZ51RT/ref=sr_1_7?dib=eyJ2IjoiMSJ9.3B_wBrVg1UMy5tWehIloEsVeGJZ_3e858D5hpQtvnpQDm6sY8g4v-VR8VGlcZDhfSAoEZAjDAiUPCp8_oXaoFQQZ5-dCok6gPw6q3VgmoAAXBx66krxHMhMHI4yWI44_tpPYtUQrJvhJwSHc4CgVATHmSor2LDXASBmi3IM6746Zx47J9QvrVY7PZLr1PoUutWrfFt3RUpTvjXP-3ubrbnXddoZ-VZ70GIMhVyIAU0Ox42KQSvkpac4ZJfUW8rViWg75_Wsa7-_ybGlIpaMB1kOo9dTiYVhGu86jqRHW3ho.KXW7W0TyK03kOSebHRB1TuF3pPX3SL6Fhwzvtr7U39A&dib_tag=se&keywords=women+summer+slippers&qid=1785471719&sr=8-7,https://m.media-amazon.com/images/I/710PdcSAm6L._AC_UL320_.jpg,57,排名进入前30；价格处于人民币等值¥57.60-¥180.00黄金区间；评分达到4.3以上。
2026-07-31,amazon_us,product,search,women summer slippers,22,GOEWY,¥93.53,4.3,GOEWY,,,,,,https://www.amazon.com/GOEWY-Slippers-Anti-Skid-Birthday-Bridesmaid/dp/B0DRFQKGW3/ref=sr_1_12?dib=eyJ2IjoiMSJ9.3B_wBrVg1UMy5tWehIloEsVeGJZ_3e858D5hpQtvnpQDm6sY8g4v-VR8VGlcZDhfSAoEZAjDAiUPCp8_oXaoFQQZ5-dCok6gPw6q3VgmoAAXBx66krxHMhMHI4yWI44_tpPYtUQrJvhJwSHc4CgVATHmSor2LDXASBmi3IM6746Zx47J9QvrVY7PZLr1PoUutWrfFt3RUpTvjXP-3ubrbnXddoZ-VZ70GIMhVyIAU0Ox42KQSvkpac4ZJfUW8rViWg75_Wsa7-_ybGlIpaMB1kOo9dTiYVhGu86jqRHW3ho.KXW7W0TyK03kOSebHRB1TuF3pPX3SL6Fhwzvtr7U39A&dib_tag=se&keywords=women+summer+slippers&qid=1785471719&sr=8-12,https://m.media-amazon.com/images/I/71cJmHLWhGL._AC_UL320_.jpg,57,排名进入前30；价格处于人民币等值¥57.60-¥180.00黄金区间；评分达到4.3以上。
2026-07-31,amazon_us,product,search,women summer slippers,23,EverFoams,¥150.62,4.5,EverFoams,,,,,,https://www.amazon.com/EverFoams-Womens-Slippers-Memory-Outdoor/dp/B0CLGMLRK3/ref=sr_1_13?dib=eyJ2IjoiMSJ9.3B_wBrVg1UMy5tWehIloEsVeGJZ_3e858D5hpQtvnpQDm6sY8g4v-VR8VGlcZDhfSAoEZAjDAiUPCp8_oXaoFQQZ5-dCok6gPw6q3VgmoAAXBx66krxHMhMHI4yWI44_tpPYtUQrJvhJwSHc4CgVATHmSor2LDXASBmi3IM6746Zx47J9QvrVY7PZLr1PoUutWrfFt3RUpTvjXP-3ubrbnXddoZ-VZ70GIMhVyIAU0Ox42KQSvkpac4ZJfUW8rViWg75_Wsa7-_ybGlIpaMB1kOo9dTiYVhGu86jqRHW3ho.KXW7W0TyK03kOSebHRB1TuF3pPX3SL6Fhwzvtr7U39A&dib_tag=se&keywords=women+summer+slippers&qid=1785471719&sr=8-13,https://m.media-amazon.com/images/I/71LrwEKwjJL._AC_UL320_.jpg,57,排名进入前30；价格处于人民币等值¥57.60-¥180.00黄金区间；评分达到4.3以上。
2026-07-31,amazon_us,product,search,women summer slippers,24,IPSAE,¥71.86,4.4,IPSAE,,,,,,https://www.amazon.com/IPSAE-Slippers-Corduroy-Slipper-Bedroom/dp/B0DB4W73J3/ref=sr_1_14?dib=eyJ2IjoiMSJ9.3B_wBrVg1UMy5tWehIloEsVeGJZ_3e858D5hpQtvnpQDm6sY8g4v-VR8VGlcZDhfSAoEZAjDAiUPCp8_oXaoFQQZ5-dCok6gPw6q3VgmoAAXBx66krxHMhMHI4yWI44_tpPYtUQrJvhJwSHc4CgVATHmSor2LDXASBmi3IM6746Zx47J9QvrVY7PZLr1PoUutWrfFt3RUpTvjXP-3ubrbnXddoZ-VZ70GIMhVyIAU0Ox42KQSvkpac4ZJfUW8rViWg75_Wsa7-_ybGlIpaMB1kOo9dTiYVhGu86jqRHW3ho.KXW7W0TyK03kOSebHRB1TuF3pPX3SL6Fhwzvtr7U39A&dib_tag=se&keywords=women+summer+slippers&qid=1785471719&sr=8-14,https://m.media-amazon.com/images/I/71GcxKVQLUL._AC_UL320_.jpg,57,排名进入前30；价格处于人民币等值¥57.60-¥180.00黄金区间；评分达到4.3以上。
2026-07-31,amazon_us,product,search,women summer slippers,25,ULTRAIDEAS,¥122.33,4.5,ULTRAIDEAS,,,,,,https://www.amazon.com/ULTRAIDEAS-Slippers-Bowknot-Outdoor-Anti-Skid/dp/B07MZ3H6MN/ref=sr_1_15?dib=eyJ2IjoiMSJ9.3B_wBrVg1UMy5tWehIloEsVeGJZ_3e858D5hpQtvnpQDm6sY8g4v-VR8VGlcZDhfSAoEZAjDAiUPCp8_oXaoFQQZ5-dCok6gPw6q3VgmoAAXBx66krxHMhMHI4yWI44_tpPYtUQrJvhJwSHc4CgVATHmSor2LDXASBmi3IM6746Zx47J9QvrVY7PZLr1PoUutWrfFt3RUpTvjXP-3ubrbnXddoZ-VZ70GIMhVyIAU0Ox42KQSvkpac4ZJfUW8rViWg75_Wsa7-_ybGlIpaMB1kOo9dTiYVhGu86jqRHW3ho.KXW7W0TyK03kOSebHRB1TuF3pPX3SL6Fhwzvtr7U39A&dib_tag=se&keywords=women+summer+slippers&qid=1785471719&sr=8-15,https://m.media-amazon.com/images/I/71cvxwhDe7L._AC_UL320_.jpg,57,排名进入前30；价格处于人民币等值¥57.60-¥180.00黄金区间；评分达到4.3以上。
2026-07-31,amazon_us,product,search,women slides,21,Happy Lily,¥64.73,4.3,Happy Lily,,,,,,https://www.amazon.com/Slippers-Non-Slip-Shower-Sandals-Bathroom/dp/B01LYNR9VM/ref=sr_1_10?dib=eyJ2IjoiMSJ9.wrqHnvIFpzxZDCy1gVq3f2HcNswV2RaHhxwkGjsTd_XPhdtNaEPBd0XGycAGVQXINputF-ZtqXqLxAO6OjwD-equCnp2AqJNcRMszgofUNDSsB6ok-HUPQxirJPJZrsuNi3hfRsBnJg9pB3U-6YifCSqgq7ss4aKcPPz2iGowXnUGUNy7u1Wnwv72nYqN-w3kqZeKAJk6HLplK31Fzh5y_m0zmnMt9Y7QAEUcHWGcuUUX0BLi2H7lHzYgpfn9DXAV7HnHULnB8svSrPcYgV5ZFMEesFwW37IFwVB-MPU1fA.q1kRqN4NrAMMemyCHLfK3hp9WNh17eKR9zGb_jWv8Po&dib_tag=se&keywords=women+slides&qid=1785471720&sr=8-10,https://m.media-amazon.com/images/I/81oTjdeU9ZL._AC_UL320_.jpg,57,排名进入前30；价格处于人民币等值¥57.60-¥180.00黄金区间；评分达到4.3以上。
2026-07-31,amazon_us,product,search,women slides,22,shevalues,¥143.86,4.4,shevalues,,,,,,https://www.amazon.com/shevalues-Comfort-Sandals-Support-Adjustable/dp/B0GG1VL4SZ/ref=sr_1_11?dib=eyJ2IjoiMSJ9.wrqHnvIFpzxZDCy1gVq3f2HcNswV2RaHhxwkGjsTd_XPhdtNaEPBd0XGycAGVQXINputF-ZtqXqLxAO6OjwD-equCnp2AqJNcRMszgofUNDSsB6ok-HUPQxirJPJZrsuNi3hfRsBnJg9pB3U-6YifCSqgq7ss4aKcPPz2iGowXnUGUNy7u1Wnwv72nYqN-w3kqZeKAJk6HLplK31Fzh5y_m0zmnMt9Y7QAEUcHWGcuUUX0BLi2H7lHzYgpfn9DXAV7HnHULnB8svSrPcYgV5ZFMEesFwW37IFwVB-MPU1fA.q1kRqN4NrAMMemyCHLfK3hp9WNh17eKR9zGb_jWv8Po&dib_tag=se&keywords=women+slides&qid=1785471720&sr=8-11,https://m.media-amazon.com/images/I/71N1gcg2qHL._AC_UL320_.jpg,57,排名进入前30；价格处于人民币等值¥57.60-¥180.00黄金区间；评分达到4.3以上。
2026-07-31,amazon_us,product,search,women slides,23,adidas,¥107.78,4.4,adidas,,,,,,https://www.amazon.com/adidas-Unisex-Adilette-Slide-Sandal/dp/B0BHXQXLFT/ref=sr_1_12?dib=eyJ2IjoiMSJ9.wrqHnvIFpzxZDCy1gVq3f2HcNswV2RaHhxwkGjsTd_XPhdtNaEPBd0XGycAGVQXINputF-ZtqXqLxAO6OjwD-equCnp2AqJNcRMszgofUNDSsB6ok-HUPQxirJPJZrsuNi3hfRsBnJg9pB3U-6YifCSqgq7ss4aKcPPz2iGowXnUGUNy7u1Wnwv72nYqN-w3kqZeKAJk6HLplK31Fzh5y_m0zmnMt9Y7QAEUcHWGcuUUX0BLi2H7lHzYgpfn9DXAV7HnHULnB8svSrPcYgV5ZFMEesFwW37IFwVB-MPU1fA.q1kRqN4NrAMMemyCHLfK3hp9WNh17eKR9zGb_jWv8Po&dib_tag=se&keywords=women+slides&qid=1785471720&sr=8-12,https://m.media-amazon.com/images/I/51MKnxJBP5L._AC_UL320_.jpg,57,排名进入前30；价格处于人民币等值¥57.60-¥180.00黄金区间；评分达到4.3以上。
2026-07-31,amazon_us,product,search,women slides,24,mazeskin,¥71.93,4.3,mazeskin,,,,,,https://www.amazon.com/mazeskin-Womens-Comfortable-Sandals-Leather/dp/B0F32KMZ18/ref=sr_1_13?dib=eyJ2IjoiMSJ9.wrqHnvIFpzxZDCy1gVq3f2HcNswV2RaHhxwkGjsTd_XPhdtNaEPBd0XGycAGVQXINputF-ZtqXqLxAO6OjwD-equCnp2AqJNcRMszgofUNDSsB6ok-HUPQxirJPJZrsuNi3hfRsBnJg9pB3U-6YifCSqgq7ss4aKcPPz2iGowXnUGUNy7u1Wnwv72nYqN-w3kqZeKAJk6HLplK31Fzh5y_m0zmnMt9Y7QAEUcHWGcuUUX0BLi2H7lHzYgpfn9DXAV7HnHULnB8svSrPcYgV5ZFMEesFwW37IFwVB-MPU1fA.q1kRqN4NrAMMemyCHLfK3hp9WNh17eKR9zGb_jWv8Po&dib_tag=se&keywords=women+slides&qid=1785471720&sr=8-13,https://m.media-amazon.com/images/I/71jV8GHPNSL._AC_UL320_.jpg,57,排名进入前30；价格处于人民币等值¥57.60-¥180.00黄金区间；评分达到4.3以上。
2026-07-31,amazon_us,product,search,women slides,29,Weweya,¥71.86,4.4,Weweya,,,,,,https://www.amazon.com/Weweya-Shower-Non-Slip-Outdoor-Sandals/dp/B0F1XTPHY8/ref=sr_1_18?dib=eyJ2IjoiMSJ9.wrqHnvIFpzxZDCy1gVq3f2HcNswV2RaHhxwkGjsTd_XPhdtNaEPBd0XGycAGVQXINputF-ZtqXqLxAO6OjwD-equCnp2AqJNcRMszgofUNDSsB6ok-HUPQxirJPJZrsuNi3hfRsBnJg9pB3U-6YifCSqgq7ss4aKcPPz2iGowXnUGUNy7u1Wnwv72nYqN-w3kqZeKAJk6HLplK31Fzh5y_m0zmnMt9Y7QAEUcHWGcuUUX0BLi2H7lHzYgpfn9DXAV7HnHULnB8svSrPcYgV5ZFMEesFwW37IFwVB-MPU1fA.q1kRqN4NrAMMemyCHLfK3hp9WNh17eKR9zGb_jWv8Po&dib_tag=se&keywords=women+slides&qid=1785471720&sr=8-18,https://m.media-amazon.com/images/I/61QGXLFgg+L._AC_UL320_.jpg,57,排名进入前30；价格处于人民币等值¥57.60-¥180.00黄金区间；评分达到4.3以上。
2026-07-31,amazon_us,product,best_sellers,Best Sellers Women Sandals,10,Clarks Women's Breeze Sea Flip-Flop,,4.7,$30.79,,,,,,https://www.amazon.com/Clarks-Womens-Breeze-Flip-Synthetic/dp/B01FH9EJCI/ref=zg_bs_g_679425011_d_sccl_10/133-4821901-7264914?psc=1,"https://images-na.ssl-images-amazon.com/images/I/61CUHH0LXiL._AC_UL600_SR600,400_.jpg",55,排名靠前；评分达到4.6以上。
2026-07-31,amazon_us,product,best_sellers,Best Sellers Women Sandals,11,OOFOS OOahh Recovery Slide - Women’s and Men’s,,4.4,$59.95,,,,,,https://www.amazon.com/OOFOS-Unisex-Ooahh-Slide-Sandal/dp/B09Y2HN7X8/ref=zg_bs_g_679425011_d_sccl_11/133-4821901-7264914?psc=1,"https://images-na.ssl-images-amazon.com/images/I/51dH7-05JjL._AC_UL600_SR600,400_.jpg",55,排名进入前30；评论数达到50以上；标题包含 recovery，符合美国女鞋舒适化趋势；评分达到4.3以上。
2026-07-31,amazon_us,product,search,women slides,25,Nike,¥199.80,4.6,Nike,,,,,,https://www.amazon.com/Nike-Womens-Gymnastics-White-Black/dp/B08Q8RRJ5H/ref=sr_1_14?dib=eyJ2IjoiMSJ9.wrqHnvIFpzxZDCy1gVq3f2HcNswV2RaHhxwkGjsTd_XPhdtNaEPBd0XGycAGVQXINputF-ZtqXqLxAO6OjwD-equCnp2AqJNcRMszgofUNDSsB6ok-HUPQxirJPJZrsuNi3hfRsBnJg9pB3U-6YifCSqgq7ss4aKcPPz2iGowXnUGUNy7u1Wnwv72nYqN-w3kqZeKAJk6HLplK31Fzh5y_m0zmnMt9Y7QAEUcHWGcuUUX0BLi2H7lHzYgpfn9DXAV7HnHULnB8svSrPcYgV5ZFMEesFwW37IFwVB-MPU1fA.q1kRqN4NrAMMemyCHLfK3hp9WNh17eKR9zGb_jWv8Po&dib_tag=se&keywords=women+slides&qid=1785471720&sr=8-14,https://m.media-amazon.com/images/I/51npEYHZuAL._AC_UL320_.jpg,55,排名进入前30；价格处于人民币等值¥180.00-¥288.00区间；评分达到4.6以上。
2026-07-31,amazon_us,product,search,women slides,36,Arch Support Slides for Women and Men Recovery House Sandals for Men Soft and Comfortable Summer Beach Shoes Slippers Women,¥71.93,3.8,"Price, product page $9.99 $ 9 . 99",,,,,,https://www.amazon.com/SKETOE-Support-Recovery-Comfortable-Slippers/dp/B0GLFF6C8J/ref=sr_1_25?dib=eyJ2IjoiMSJ9.wrqHnvIFpzxZDCy1gVq3f2HcNswV2RaHhxwkGjsTd_XPhdtNaEPBd0XGycAGVQXINputF-ZtqXqLxAO6OjwD-equCnp2AqJNcRMszgofUNDSsB6ok-HUPQxirJPJZrsuNi3hfRsBnJg9pB3U-6YifCSqgq7ss4aKcPPz2iGowXnUGUNy7u1Wnwv72nYqN-w3kqZeKAJk6HLplK31Fzh5y_m0zmnMt9Y7QAEUcHWGcuUUX0BLi2H7lHzYgpfn9DXAV7HnHULnB8svSrPcYgV5ZFMEesFwW37IFwVB-MPU1fA.q1kRqN4NrAMMemyCHLfK3hp9WNh17eKR9zGb_jWv8Po&dib_tag=se&keywords=women+slides&qid=1785471720&sr=8-25,https://m.media-amazon.com/images/I/81ECHpu6ZvL._AC_UL320_.jpg,55,排名进入前50；价格处于人民币等值¥57.60-¥180.00黄金区间；标题包含 recovery、comfort、arch support、soft、beach、summer，符合美国女鞋舒适化趋势。
2026-07-31,amazon_us,product,best_sellers,Best Sellers Women Sandals,13,"shevalues Slim Basic Flip Flops for Women with Comfortable Yoga Mat | Lightweight Non Slip Rubber Sandals for Beach, Shower, Pool & Summer Casual Wear",,4.4,$9.99,,,,,,https://www.amazon.com/shevalues-Shower-Rubber-Sandals-Comfortable/dp/B0B68G2D52/ref=zg_bs_g_679425011_d_sccl_13/133-4821901-7264914?psc=1,"https://images-na.ssl-images-amazon.com/images/I/61b4HXgBWfL._AC_UL600_SR600,400_.jpg",54,排名进入前30；标题包含 comfort、beach、summer，符合美国女鞋舒适化趋势；评分达到4.3以上。
2026-07-31,amazon_us,product,best_sellers,Best Sellers Women Sandals,14,KuaiLu Womens Flip Flops Arch Support Yoga Mat Cushioned Thong Sandals | Ladies Comfortable Walking Slides For Plantar Fasciitis Slip On Indoor Outdoor For Summer,,4.2,$23.08,,,,,,https://www.amazon.com/KuaiLu-Comfortable-Walking-Sandals-Fasciitis/dp/B08XX52FHY/ref=zg_bs_g_679425011_d_sccl_14/133-4821901-7264914?psc=1,"https://images-na.ssl-images-amazon.com/images/I/61k31MTJEYL._AC_UL600_SR600,400_.jpg",54,排名进入前30；标题包含 comfort、arch support、summer，符合美国女鞋舒适化趋势；评分达到4.0以上。
2026-07-31,amazon_us,product,best_sellers,Best Sellers Women Sandals,41,Project Cloud 100% Genuine Leather Sandals Women Comfortable Womens Slides | Slides for Women Beach Essential Lightweight Footwear with Memory Foam Insole Everyday Summer Sandals for Women,,4.0,$27.90,,,,,,https://www.amazon.com/Project-Cloud-Genuine-Leather-Essentials/dp/B0CP4K9S8T/ref=zg_bs_g_679425011_d_sccl_41/144-4965723-3897025?psc=1,"https://images-na.ssl-images-amazon.com/images/I/71vp2CsL3sL._AC_UL300_SR300,200_.jpg",54,排名进入前50；标题包含 cloud、comfort、beach、summer，符合美国女鞋舒适化趋势；cloud + slides组合趋势加分；评分达到4.0以上。
2026-07-31,amazon_us,product,new_releases,New Releases Women Sandals,16,ZURIN Shower Shoes Women Quick Dry Flip Flops with Arch Support，Pool Flip Flops for Women Drainage Holes Non Slip Shower Sandals Slippers for Beach Bath Gym College Dorm,,4.6,35,,,,,,https://www.amazon.com/ZURIN-Support%EF%BC%8CPool-Drainage-Sandals-Slippers/dp/B0GZVC5JSJ/ref=zg_bsnr_g_679425011_d_sccl_16/144-4965723-3897025?psc=1,"https://images-na.ssl-images-amazon.com/images/I/715V5c8jP-L._AC_UL600_SR600,400_.jpg",54,排名进入前30；标题包含 arch support、beach，符合美国女鞋舒适化趋势；评分达到4.6以上。
2026-07-31,amazon_us,product,new_releases,New Releases Women Sandals,26,RJYLP Jelly Sandals for Women Clear Sandals Jelly Shoes Women Kitten Heel Mules Open Toe Slide Pumps Dress Shoes Beach Summer Sandal Cute Comfortable,,4.3,$49.99,,,,,,https://www.amazon.com/RJYLP-Sandals-Kitten-Summer-Comfortable/dp/B0H3NBYHJS/ref=zg_bsnr_g_679425011_d_sccl_26/144-4965723-3897025?psc=1,"https://images-na.ssl-images-amazon.com/images/I/61SdeC7gxAL._AC_UL600_SR600,400_.jpg",54,排名进入前30；标题包含 comfort、beach、summer，符合美国女鞋舒适化趋势；评分达到4.3以上。
2026-07-31,amazon_us,product,new_releases,New Releases Women Sandals,31,IDIFU IN3 Women's Platform Wedge Sandals Cork Open Toe Comfortable Sandal | Casual Dressy Summer Lightweight Adjustable Slingback Platform Wedge Shoes Sandals,,4.0,$27.99,,,,,,https://www.amazon.com/IDIFU-Comfortable-Lightweight-Adjustable-Slingback/dp/B0GY1S52JZ/ref=zg_bsnr_g_679425011_d_sccl_31/144-4965723-3897025?psc=1,"https://images-na.ssl-images-amazon.com/images/I/8122udq+YjL._AC_UL300_SR300,200_.jpg",54,排名进入前50；标题包含 platform、comfort、summer、wedge，符合美国女鞋舒适化趋势；platform + comfort组合趋势加分；评分达到4.0以上。
2026-07-31,amazon_us,product,search,women summer slippers,28,FITORY,¥143.71,4.2,FITORY,,,,,,https://www.amazon.com/FITORY-Sandals-Fashion-Leather-Slippers/dp/B0BN3GQFKN/ref=sr_1_18?dib=eyJ2IjoiMSJ9.3B_wBrVg1UMy5tWehIloEsVeGJZ_3e858D5hpQtvnpQDm6sY8g4v-VR8VGlcZDhfSAoEZAjDAiUPCp8_oXaoFQQZ5-dCok6gPw6q3VgmoAAXBx66krxHMhMHI4yWI44_tpPYtUQrJvhJwSHc4CgVATHmSor2LDXASBmi3IM6746Zx47J9QvrVY7PZLr1PoUutWrfFt3RUpTvjXP-3ubrbnXddoZ-VZ70GIMhVyIAU0Ox42KQSvkpac4ZJfUW8rViWg75_Wsa7-_ybGlIpaMB1kOo9dTiYVhGu86jqRHW3ho.KXW7W0TyK03kOSebHRB1TuF3pPX3SL6Fhwzvtr7U39A&dib_tag=se&keywords=women+summer+slippers&qid=1785471719&sr=8-18,https://m.media-amazon.com/images/I/61cA2WpKDqL._AC_UL320_.jpg,54,排名进入前30；价格处于人民币等值¥57.60-¥180.00黄金区间；评分达到4.0以上。
2026-07-31,amazon_us,product,search,women slides,40,"Arch Support Slides Comfortable Beach Pool Slippers, Lightweight Indoor Outdoor Slide Shower Bathroom Sandals Quick Drying",¥64.73,4.0,"Price, product page $8.99 $ 8 . 99 List: $19.99 List: $19.99 $19.99",,,,,,https://www.amazon.com/INUUINUU-Comfortable-Slippers-Lightweight-Bathroom/dp/B0GLG31CKK/ref=sr_1_29?dib=eyJ2IjoiMSJ9.wrqHnvIFpzxZDCy1gVq3f2HcNswV2RaHhxwkGjsTd_XPhdtNaEPBd0XGycAGVQXINputF-ZtqXqLxAO6OjwD-equCnp2AqJNcRMszgofUNDSsB6ok-HUPQxirJPJZrsuNi3hfRsBnJg9pB3U-6YifCSqgq7ss4aKcPPz2iGowXnUGUNy7u1Wnwv72nYqN-w3kqZeKAJk6HLplK31Fzh5y_m0zmnMt9Y7QAEUcHWGcuUUX0BLi2H7lHzYgpfn9DXAV7HnHULnB8svSrPcYgV5ZFMEesFwW37IFwVB-MPU1fA.q1kRqN4NrAMMemyCHLfK3hp9WNh17eKR9zGb_jWv8Po&dib_tag=se&keywords=women+slides&qid=1785471720&sr=8-29,https://m.media-amazon.com/images/I/71ao+6pV3pL._AC_UL320_.jpg,54,排名进入前50；价格处于人民币等值¥57.60-¥180.00黄金区间；标题包含 comfort、arch support、beach，符合美国女鞋舒适化趋势；评分达到4.0以上。
2026-07-31,amazon_us,product,search,platform sandals women,22,Erocalli,¥143.93,4.0,Erocalli,,,,,,https://www.amazon.com/Erocalli-Platform-Sandals-Espadrille-Comfortable/dp/B0H4GCQCMZ/ref=sr_1_11?dib=eyJ2IjoiMSJ9.wIlL_eVtHzMil5mQkgwLspOrVi3mJA7g8CtfSlpv_hx3sPKdEPQTkFRXGMtHTypt_x0DbxviVZeSrJKXjUs0KJlltxp8g_eDimei8-gxy1-ZM5xYDnvnh6Za2TBeltvyN7syEVnxnQ-Kc2Tx_5TjZ8ApHtVRsC_wBywTvsWYgUG5iNpdTfif6VSKHN8lauJytnhUV3Z1isfc2mVr9ouZ6UGhXDvz5I8NWWrGB3REeLgnoN0J27Nk5HSXqjpBert3U7GzFGJzH1-9dFSAVEvkK7fKVqKDaCsTZk5cUlOY__Q.PIpeREYjo_BkWCeKaiWJQy8xQlq6Vlw0PFjYSEVKxjI&dib_tag=se&keywords=platform+sandals+women&qid=1785471720&sr=8-11,https://m.media-amazon.com/images/I/81Z6XbIYInL._AC_UL320_.jpg,54,排名进入前30；价格处于人民币等值¥57.60-¥180.00黄金区间；评分达到4.0以上。
2026-07-31,amazon_us,product,search,platform sandals women,28,FUNKYMONKEY,¥136.01,4.1,FUNKYMONKEY,,,,,,https://www.amazon.com/FUNKYMONKEY-Thick-sole-Adjustable-Waterproof-Platform/dp/B0CX8JWVQP/ref=sr_1_17?dib=eyJ2IjoiMSJ9.wIlL_eVtHzMil5mQkgwLspOrVi3mJA7g8CtfSlpv_hx3sPKdEPQTkFRXGMtHTypt_x0DbxviVZeSrJKXjUs0KJlltxp8g_eDimei8-gxy1-ZM5xYDnvnh6Za2TBeltvyN7syEVnxnQ-Kc2Tx_5TjZ8ApHtVRsC_wBywTvsWYgUG5iNpdTfif6VSKHN8lauJytnhUV3Z1isfc2mVr9ouZ6UGhXDvz5I8NWWrGB3REeLgnoN0J27Nk5HSXqjpBert3U7GzFGJzH1-9dFSAVEvkK7fKVqKDaCsTZk5cUlOY__Q.PIpeREYjo_BkWCeKaiWJQy8xQlq6Vlw0PFjYSEVKxjI&dib_tag=se&keywords=platform+sandals+women&qid=1785471720&sr=8-17,https://m.media-amazon.com/images/I/61gRcMpyJjL._AC_UL320_.jpg,54,排名进入前30；价格处于人民币等值¥57.60-¥180.00黄金区间；评分达到4.0以上。
2026-07-31,amazon_us,product,new_releases,New Releases Women Sandals,23,shevalues Women's Flip Flops Mild Arch Support Comfortable Thong Sandals | Yoga Mat Footbed Lightweight Summer Beach Walking Slides,,3.8,$9.99,,,,,,https://www.amazon.com/shevalues-Womens-Support-Comfortable-Sandals/dp/B0GVJY1R7G/ref=zg_bsnr_g_679425011_d_sccl_23/144-4965723-3897025?psc=1,"https://images-na.ssl-images-amazon.com/images/I/51Q0RjuKlEL._AC_UL600_SR600,400_.jpg",53,排名进入前30；标题包含 comfort、arch support、beach、summer，符合美国女鞋舒适化趋势。
2026-07-31,amazon_us,product,new_releases,New Releases Women Sandals,5,adidas Mens Adilette Aqua Slide Casual Sandals Casual - Black,,4.4,$21.00,,,,,,https://www.amazon.com/adidas-Unisex-Adilette-Slide-Sandal/dp/B0BHXMP298/ref=zg_bsnr_g_679425011_d_sccl_5/144-4965723-3897025?psc=1,"https://images-na.ssl-images-amazon.com/images/I/51nGzrhiENL._AC_UL600_SR600,400_.jpg",52,排名靠前；评分达到4.3以上。
2026-07-31,amazon_us,product,new_releases,New Releases Women Sandals,8,adidas Womens Adilette Aqua Slides Casual Sandals Casual - Pink,,4.5,$24.90,,,,,,https://www.amazon.com/adidas-Womens-Adilette-Slides-Sandal/dp/B0921G46VX/ref=zg_bsnr_g_679425011_d_sccl_8/144-4965723-3897025?psc=1,"https://images-na.ssl-images-amazon.com/images/I/31UIFbdKeTL._AC_UL600_SR600,400_.jpg",52,排名靠前；评分达到4.3以上。
2026-07-31,amazon_us,product,search,women slides,18,CUSHIONAIRE,¥194.33,4.4,CUSHIONAIRE,,,,,,https://www.amazon.com/CUSHIONAIRE-Womens-Feather-recovery-Comfort/dp/B0BTQ7ZS7B/ref=sr_1_7?dib=eyJ2IjoiMSJ9.wrqHnvIFpzxZDCy1gVq3f2HcNswV2RaHhxwkGjsTd_XPhdtNaEPBd0XGycAGVQXINputF-ZtqXqLxAO6OjwD-equCnp2AqJNcRMszgofUNDSsB6ok-HUPQxirJPJZrsuNi3hfRsBnJg9pB3U-6YifCSqgq7ss4aKcPPz2iGowXnUGUNy7u1Wnwv72nYqN-w3kqZeKAJk6HLplK31Fzh5y_m0zmnMt9Y7QAEUcHWGcuUUX0BLi2H7lHzYgpfn9DXAV7HnHULnB8svSrPcYgV5ZFMEesFwW37IFwVB-MPU1fA.q1kRqN4NrAMMemyCHLfK3hp9WNh17eKR9zGb_jWv8Po&dib_tag=se&keywords=women+slides&qid=1785471720&sr=8-7,https://m.media-amazon.com/images/I/81PBXKFp76L._AC_UL320_.jpg,52,排名进入前30；价格处于人民币等值¥180.00-¥288.00区间；评分达到4.3以上。
2026-07-31,amazon_us,product,search,women slides,27,Calvin Klein,¥226.73,4.5,Calvin Klein,,,,,,https://www.amazon.com/Calvin-Klein-Athens-Brown/dp/B091ZF5PQQ/ref=sr_1_16?dib=eyJ2IjoiMSJ9.wrqHnvIFpzxZDCy1gVq3f2HcNswV2RaHhxwkGjsTd_XPhdtNaEPBd0XGycAGVQXINputF-ZtqXqLxAO6OjwD-equCnp2AqJNcRMszgofUNDSsB6ok-HUPQxirJPJZrsuNi3hfRsBnJg9pB3U-6YifCSqgq7ss4aKcPPz2iGowXnUGUNy7u1Wnwv72nYqN-w3kqZeKAJk6HLplK31Fzh5y_m0zmnMt9Y7QAEUcHWGcuUUX0BLi2H7lHzYgpfn9DXAV7HnHULnB8svSrPcYgV5ZFMEesFwW37IFwVB-MPU1fA.q1kRqN4NrAMMemyCHLfK3hp9WNh17eKR9zGb_jWv8Po&dib_tag=se&keywords=women+slides&qid=1785471720&sr=8-16,https://m.media-amazon.com/images/I/71nyc3qEKeS._AC_UL320_.jpg,52,排名进入前30；价格处于人民币等值¥180.00-¥288.00区间；评分达到4.3以上。
2026-07-31,amazon_us,product,search,women slides,30,Under Armour,¥258.84,4.4,Under Armour,,,,,,https://www.amazon.com/Under-Armour-Womens-Ignite-Slides/dp/B0F343Z28R/ref=sr_1_19?dib=eyJ2IjoiMSJ9.wrqHnvIFpzxZDCy1gVq3f2HcNswV2RaHhxwkGjsTd_XPhdtNaEPBd0XGycAGVQXINputF-ZtqXqLxAO6OjwD-equCnp2AqJNcRMszgofUNDSsB6ok-HUPQxirJPJZrsuNi3hfRsBnJg9pB3U-6YifCSqgq7ss4aKcPPz2iGowXnUGUNy7u1Wnwv72nYqN-w3kqZeKAJk6HLplK31Fzh5y_m0zmnMt9Y7QAEUcHWGcuUUX0BLi2H7lHzYgpfn9DXAV7HnHULnB8svSrPcYgV5ZFMEesFwW37IFwVB-MPU1fA.q1kRqN4NrAMMemyCHLfK3hp9WNh17eKR9zGb_jWv8Po&dib_tag=se&keywords=women+slides&qid=1785471720&sr=8-19,https://m.media-amazon.com/images/I/41S9a3VMv1L._AC_UL320_.jpg,52,排名进入前30；价格处于人民币等值¥180.00-¥288.00区间；评分达到4.3以上。
2026-07-31,amazon_us,product,search,platform sandals women,1,Sorel Women's Ona Ave T-Toe Sneaker Sorel Women's Ona Ave T-Toe Sneaker,¥594.00,4.2,,,,,,,https://aax-us-east-retail-direct.amazon.com/x/c/JOOTwW2kHDhu4UtWUHdqT_UAAAGftmheZwEAAAH2AQBvbm9fdHhuX2JpZDEgICBvbm9fdHhuX2ltcDIgICAQYOd_/clv1c_ek-wBXHWFcTenCVvYs7nSZr77RkGS5OXcuCm69lmz2nQxGIqMEn_7JI3iKWA6zr7tfviqUI9pC9W1wz3RVITH8CJswS8q2HT7c5a8dCk3cA9OCaX_wkhCWjkCslI9EtWlZUu7sAGcAXi9mwKBGZm8ciLIN7INhdon-DWH1dqTkd9e7lAMSm55J4DDE6cMn96qGWC730_bx4Y1eIuJS1i8GihJ06h4C6eutezjHzeaLZRpaWiGblZGJ8ySjV6cgjjr-35cd81Ok3SMsMQDPKnSqT4JLgxAvk-4nGiiCv1Pid-cxUQqMYsOZr8Ob8UwshrnUmd7KCl7RX7G3qYkP3BGA9Y2xIvBGoeUqozCC99UfkfX2HoXJEhlMrmVIyiJPcuYGX-IMDubccYG_cxcs_Mg7xGvKTkM4mSP5CXIjLhHHJXD5kpBOpo1oFXHM04lOD1YEEmb_1i33CnvgG69I4CT0JVjKi2KLbKXhv4o1oiaqrS3P_j3gRw1TgCnNtbqSlwkQb_zr2qSHpdpJxkUM6tbR3A2yILtlM8EjZJdhYG-7sHvOsCPYbXeONNpPkMBXUWr_fSTXgpbFKjA14h0QAscQt5clF60bGj3NqnyvlssXoeYPKMg8_tQngQkYex4QphFFTXXQfkPJSvlRHISINdWK7VFPFKB669lRvmAUlF5sNVdmtNmIgB6sW7zsfmPpc_QRMOXve_PWv6B9fioaWHYrekgH3lCWwZW3rEdxr-sO4jKuScd4wSWyE1bgln1Uw-vaNCXL-DIK-bGhgivf3LbnUwRKxScrmsEx0ku5oPH4x_PjTOLM2EnyaYQNkC_nAll70LHDgQUfAnND9pfbrLeQjSBufhxBZXYOW0-_ym30aWzNnV4tE-8GLfWaW_nXF2QF6aBsTIjwLpz5UN4zFrb0iOl_ayUc7v9yiQsTPhOf42Sr5b8dr6c8Nc8GPRAyofcyIqxPgVQEs8FqyuudmACgzVZUxQuKTPwMRkxPtwXobf9H1IRi5MxOzgoBj-085XK6U__KVxVDMOKEWcNaaV4u9ZcNa-pd20aN9y9fOXuAywQ5biC6ahQs1LO7aUEdXR428GmwOUWvDHvlIR4oKyVKUZVns6wo3Aj_l6wAKx-8WR9cNKBi58KCwM3YHVNRGfWio3PRb9AHCfU4eUq-4WjTVQ65pJD4607bLHq28FZhLKzU5okOTWDyVcHepISGE42WRqGD2eqTi5EjMmiMm2r5cnwWVLi_aoHa0rcXM9FMYLATHsBAEHuOiWbGA8ThxYRe09MiEKkW9-tSH50hpHxgYXxqd_nz4KQpKs5h6BSZyNAz8lzZA7edZNUhhDKL3-oXkbb98JoCYTnUcWP91PpKSmNGINCqCVI__rMBCcGhGnak3qyE-2wTC2nK2PnH3Ice9gKPHEDxrz4eudLQD8zvxzAfMH2G1Obasz7_P0CsvDv33_kk2qu1EPH4XcoGwme1SO3KGdhzQmEZnSuuecd3ClHUcvhvdYId_FzqoOW72YGmlCv_EGB0yDWffNwWq0q7Beavzz1Lihw57hj4oAzCJ_tr3YMdiZGxrMnqZLySZoF5PgVzMutXQtAGAmDArY20hDQpGqWmEtMCI8RsCBzQ65tR8UpoYxxwIXF4VUhbhFTqtFTtp8V1nBKcK9YDFJJ7lf1vahihos1J_qUmkdUKuI7pkv6I_JUj8/https://www.amazon.com/gp/aw/d/B0F8CMP4J6/?_encoding=UTF8&pd_rd_plhdr=t&aaxitk=b8fdff5d0a92fb43ad129171fd02a1a5&hsa_cr_id=0&qid=1785471720&sr=1-1-9e67e56a-6f64-441f-a281-df67fc737124&i=aps&aref=rDDkVfxPg8&ref_=sbx__sbtcd_asin_0_bkgd&pd_rd_w=vv2Hr&content-id=amzn1.sym.8de9b3d5-f5c5-40e9-9b39-d65f08d6ea68%3Aamzn1.sym.8de9b3d5-f5c5-40e9-9b39-d65f08d6ea68&pf_rd_p=8de9b3d5-f5c5-40e9-9b39-d65f08d6ea68&pf_rd_r=8G6VG8P3WEA61B5D62KT&pd_rd_wg=jVwld&pd_rd_r=07317530-bfc4-4b04-9687-509656e703ce,"https://m.media-amazon.com/images/I/71Gjc0LInbL._AC_SR160,134_CB1169409_QL70_.jpg",52,排名靠前；价格高于人民币等值¥288.00；评分达到4.0以上。
2026-07-31,amazon_us,product,search,platform sandals women,15,Soda,¥202.25,4.5,Soda,,,,,,https://www.amazon.com/Soda-Buckle-Espadrilles-Flatform-Casual/dp/B0C5S26DHB/ref=sr_1_4?dib=eyJ2IjoiMSJ9.wIlL_eVtHzMil5mQkgwLspOrVi3mJA7g8CtfSlpv_hx3sPKdEPQTkFRXGMtHTypt_x0DbxviVZeSrJKXjUs0KJlltxp8g_eDimei8-gxy1-ZM5xYDnvnh6Za2TBeltvyN7syEVnxnQ-Kc2Tx_5TjZ8ApHtVRsC_wBywTvsWYgUG5iNpdTfif6VSKHN8lauJytnhUV3Z1isfc2mVr9ouZ6UGhXDvz5I8NWWrGB3REeLgnoN0J27Nk5HSXqjpBert3U7GzFGJzH1-9dFSAVEvkK7fKVqKDaCsTZk5cUlOY__Q.PIpeREYjo_BkWCeKaiWJQy8xQlq6Vlw0PFjYSEVKxjI&dib_tag=se&keywords=platform+sandals+women&qid=1785471720&sr=8-4,https://m.media-amazon.com/images/I/71q-Jp+UEkL._AC_UL320_.jpg,52,排名进入前30；价格处于人民币等值¥180.00-¥288.00区间；评分达到4.3以上。
2026-07-31,amazon_us,product,search,platform sandals women,24,DREAM PAIRS,¥287.93,4.5,DREAM PAIRS,,,,,,https://www.amazon.com/DREAM-PAIRS-Adjustable-Lightweight-Waterproof/dp/B0G1RBS19X/ref=sr_1_13?dib=eyJ2IjoiMSJ9.wIlL_eVtHzMil5mQkgwLspOrVi3mJA7g8CtfSlpv_hx3sPKdEPQTkFRXGMtHTypt_x0DbxviVZeSrJKXjUs0KJlltxp8g_eDimei8-gxy1-ZM5xYDnvnh6Za2TBeltvyN7syEVnxnQ-Kc2Tx_5TjZ8ApHtVRsC_wBywTvsWYgUG5iNpdTfif6VSKHN8lauJytnhUV3Z1isfc2mVr9ouZ6UGhXDvz5I8NWWrGB3REeLgnoN0J27Nk5HSXqjpBert3U7GzFGJzH1-9dFSAVEvkK7fKVqKDaCsTZk5cUlOY__Q.PIpeREYjo_BkWCeKaiWJQy8xQlq6Vlw0PFjYSEVKxjI&dib_tag=se&keywords=platform+sandals+women&qid=1785471720&sr=8-13,https://m.media-amazon.com/images/I/61VKPpZxLML._AC_UL320_.jpg,52,排名进入前30；价格处于人民币等值¥180.00-¥288.00区间；评分达到4.3以上。
2026-07-31,amazon_us,product,best_sellers,Best Sellers Women Sandals,20,KuaiLu Womens Fashion Orthotic Slides Arch Support Slip On Walking Sandals | Ladies Lightweight Athletic Yoga Mat Thick Cushion Slippers Sandals With Comfortable Plantar Fasciitis,,4.0,$23.99,,,,,,https://www.amazon.com/Orthotic-Lightweight-Athletic-Comfortable-Fasciitis/dp/B092ZS2B5S/ref=zg_bs_g_679425011_d_sccl_20/133-4821901-7264914?psc=1,"https://images-na.ssl-images-amazon.com/images/I/71Rxka3CPTL._AC_UL600_SR600,400_.jpg",51,排名进入前30；标题包含 comfort、arch support，符合美国女鞋舒适化趋势；评分达到4.0以上。
2026-07-31,amazon_us,product,best_sellers,Best Sellers Women Sandals,26,"CUSHIONAIRE Luna Sandals for Women, Cork Footbed Womens Sandals for Summer Comfort with Adjustable Straps, Wide Width Available",,4.5,$34.99,,,,,,https://www.amazon.com/CUSHIONAIRE-Next-Womens-Slide-Sandals-Brown/dp/B073XS7BW7/ref=zg_bs_g_679425011_d_sccl_26/133-4821901-7264914?psc=1,"https://images-na.ssl-images-amazon.com/images/I/81TDeaArVJL._AC_UL600_SR600,400_.jpg",51,排名进入前30；标题包含 comfort、summer，符合美国女鞋舒适化趋势；评分达到4.3以上。
2026-07-31,amazon_us,product,new_releases,New Releases Women Sandals,11,"CUSHIONAIRE Expo Thong Sandals for Women, Comfortable Slingback Sandals with Arch Support and Cushioned Footbed",,4.0,$39.99,,,,,,https://www.amazon.com/CUSHIONAIRE-Comfortable-Slingback-Cushioned-CHOCOLATE/dp/B0GZJ7YGHX/ref=zg_bsnr_g_679425011_d_sccl_11/144-4965723-3897025?psc=1,"https://images-na.ssl-images-amazon.com/images/I/71P3k5SiVZL._AC_UL600_SR600,400_.jpg",51,排名进入前30；标题包含 comfort、arch support，符合美国女鞋舒适化趋势；评分达到4.0以上。
2026-07-31,amazon_us,product,new_releases,New Releases Women Sandals,21,"BRONAX Women's Jelly Sandals Hollow Out Matte Flats J101 | Waterproof PVC Material, Slip-Resistant Sole, Grippy Soft Footbed, Lightweight Comfort, Easy On/Off for Summer & Daily Wear",,4.0,$13.99,,,,,,https://www.amazon.com/BRONAX-Womens-Sandals-Hollow-Breathable/dp/B0H148P712/ref=zg_bsnr_g_679425011_d_sccl_21/144-4965723-3897025?psc=1,"https://images-na.ssl-images-amazon.com/images/I/71+vww7qiKL._AC_UL600_SR600,400_.jpg",51,排名进入前30；标题包含 comfort、soft、summer，符合美国女鞋舒适化趋势；评分达到4.0以上。
2026-07-31,amazon_us,product,new_releases,New Releases Women Sandals,22,"DREAM PAIRS Women's Kitten Low Heel Ankle Strap Sandals | Square Open Toe Summer Sandals, Comfortable for Women 2026 Fashion Dress Wedding Party Shoes",,4.3,$36.99,,,,,,https://www.amazon.com/DREAM-PAIRS-Womens-Kitten-Sandals/dp/B0GY3BJ5LM/ref=zg_bsnr_g_679425011_d_sccl_22/144-4965723-3897025?psc=1,"https://images-na.ssl-images-amazon.com/images/I/61Qo2NuenBL._AC_UL600_SR600,400_.jpg",51,排名进入前30；标题包含 comfort、summer，符合美国女鞋舒适化趋势；评分达到4.3以上。
2026-07-31,amazon_us,product,new_releases,New Releases Women Sandals,27,Noctivelle Women Jelly Shoes Clear Mesh Flat Sandal V-Shaped Breathable Comfort Slip On Waterproof Transparent Summer Beach Pool Ballet Flats,,4.1,$19.99,,,,,,https://www.amazon.com/Noctivelle-Women-Clear-Flat-Transparent/dp/B0H2TXBL22/ref=zg_bsnr_g_679425011_d_sccl_27/144-4965723-3897025?psc=1,"https://images-na.ssl-images-amazon.com/images/I/71XZbrymaBL._AC_UL600_SR600,400_.jpg",51,排名进入前30；标题包含 comfort、beach、summer，符合美国女鞋舒适化趋势；评分达到4.0以上。
2026-07-31,amazon_us,product,new_releases,New Releases Women Sandals,1,"CUSHIONAIRE Java Casual Womens Jelly Flats with Adjustable Strap, Closed Toe Mary Janes Mule Design, Waterproof Jelly Sandals for Women",,4.2,$34.99,,,,,,https://www.amazon.com/CUSHIONAIRE-Adjustable-Waterproof-Sandals-CHOCOLATE/dp/B0H4MLLC32/ref=zg_bsnr_g_679425011_d_sccl_1/144-4965723-3897025?psc=1,"https://images-na.ssl-images-amazon.com/images/I/81iCqxPUX6L._AC_UL600_SR600,400_.jpg",49,排名靠前；评分达到4.0以上。
2026-07-31,amazon_us,product,search,platform sandals women,16,CUSHIONAIRE,¥287.93,4.1,CUSHIONAIRE,,,,,,https://www.amazon.com/CUSHIONAIRE-Womens-platform-sandal-Memory/dp/B09M96YX6M/ref=sr_1_5?dib=eyJ2IjoiMSJ9.wIlL_eVtHzMil5mQkgwLspOrVi3mJA7g8CtfSlpv_hx3sPKdEPQTkFRXGMtHTypt_x0DbxviVZeSrJKXjUs0KJlltxp8g_eDimei8-gxy1-ZM5xYDnvnh6Za2TBeltvyN7syEVnxnQ-Kc2Tx_5TjZ8ApHtVRsC_wBywTvsWYgUG5iNpdTfif6VSKHN8lauJytnhUV3Z1isfc2mVr9ouZ6UGhXDvz5I8NWWrGB3REeLgnoN0J27Nk5HSXqjpBert3U7GzFGJzH1-9dFSAVEvkK7fKVqKDaCsTZk5cUlOY__Q.PIpeREYjo_BkWCeKaiWJQy8xQlq6Vlw0PFjYSEVKxjI&dib_tag=se&keywords=platform+sandals+women&qid=1785471720&sr=8-5,https://m.media-amazon.com/images/I/81v0nOOl2oL._AC_UL320_.jpg,49,排名进入前30；价格处于人民币等值¥180.00-¥288.00区间；评分达到4.0以上。
2026-07-31,amazon_us,product,search,platform sandals women,30,EQAUDES,¥220.61,4.1,EQAUDES,,,,,,https://www.amazon.com/EQAUDES-Platform-Espadrille-Sandals-Flatform/dp/B0C6XLWPN9/ref=sr_1_19?dib=eyJ2IjoiMSJ9.wIlL_eVtHzMil5mQkgwLspOrVi3mJA7g8CtfSlpv_hx3sPKdEPQTkFRXGMtHTypt_x0DbxviVZeSrJKXjUs0KJlltxp8g_eDimei8-gxy1-ZM5xYDnvnh6Za2TBeltvyN7syEVnxnQ-Kc2Tx_5TjZ8ApHtVRsC_wBywTvsWYgUG5iNpdTfif6VSKHN8lauJytnhUV3Z1isfc2mVr9ouZ6UGhXDvz5I8NWWrGB3REeLgnoN0J27Nk5HSXqjpBert3U7GzFGJzH1-9dFSAVEvkK7fKVqKDaCsTZk5cUlOY__Q.PIpeREYjo_BkWCeKaiWJQy8xQlq6Vlw0PFjYSEVKxjI&dib_tag=se&keywords=platform+sandals+women&qid=1785471720&sr=8-19,https://m.media-amazon.com/images/I/81juIfWU4pL._AC_UL320_.jpg,49,排名进入前30；价格处于人民币等值¥180.00-¥288.00区间；评分达到4.0以上。
2026-07-31,amazon_us,product,best_sellers,Best Sellers Women Sandals,23,YOCCI Women's Original Sport Sandals Hiking Sandals with Arch Support Yoga Mat Insole Light Weight Outdoor Water Shoes,,4.4,$19.99,,,,,,https://www.amazon.com/YOCCI-Original-Sandals-Support-WHLX001-black-39/dp/B09PYJKZHW/ref=zg_bs_g_679425011_d_sccl_23/133-4821901-7264914?psc=1,"https://images-na.ssl-images-amazon.com/images/I/61jphKWHMEL._AC_UL600_SR600,400_.jpg",48,排名进入前30；标题包含 arch support，符合美国女鞋舒适化趋势；评分达到4.3以上。
2026-07-31,amazon_us,product,best_sellers,Best Sellers Women Sandals,25,"DREAM PAIRS Women's Comfort Block Heel Sandals | Open Toe Adjustable Ankle Strap Chunky Dress Heels, Fashion Heeled Sandals for Prom, Wedding Guest and Formal Events",,4.3,$24.99,,,,,,https://www.amazon.com/DREAM-PAIRS-Womens-Chunk-Sandals/dp/B01LT7HVJA/ref=zg_bs_g_679425011_d_sccl_25/133-4821901-7264914?psc=1,"https://images-na.ssl-images-amazon.com/images/I/71Pi8-WnUlL._AC_UL600_SR600,400_.jpg",48,排名进入前30；标题包含 comfort，符合美国女鞋舒适化趋势；评分达到4.3以上。
2026-07-31,amazon_us,product,new_releases,New Releases Women Sandals,10,"CUSHIONAIRE Aqua Jelly Flip Flops for Women | Jelly Shoes Glossy Upper, Slip-On Thong Design, Open Round Toe, Quick-Dry Beach and Pool Friendly, Travel-Ready Resort Style",,3.7,$29.99,,,,,,https://www.amazon.com/CUSHIONAIRE-Jelly-Flops-Women-CHOCOLATE/dp/B0H6BZ8F8Y/ref=zg_bsnr_g_679425011_d_sccl_10/144-4965723-3897025?psc=1,"https://images-na.ssl-images-amazon.com/images/I/71LKwjHednL._AC_UL600_SR600,400_.jpg",48,排名靠前；标题包含 beach，符合美国女鞋舒适化趋势。
2026-07-31,amazon_us,product,search,women slides,26,Coach,¥684.00,4.6,Coach,,,,,,https://www.amazon.com/Coach-Womens-Udele-Slide-Tan/dp/B07PGQ6MQ8/ref=sr_1_15?dib=eyJ2IjoiMSJ9.wrqHnvIFpzxZDCy1gVq3f2HcNswV2RaHhxwkGjsTd_XPhdtNaEPBd0XGycAGVQXINputF-ZtqXqLxAO6OjwD-equCnp2AqJNcRMszgofUNDSsB6ok-HUPQxirJPJZrsuNi3hfRsBnJg9pB3U-6YifCSqgq7ss4aKcPPz2iGowXnUGUNy7u1Wnwv72nYqN-w3kqZeKAJk6HLplK31Fzh5y_m0zmnMt9Y7QAEUcHWGcuUUX0BLi2H7lHzYgpfn9DXAV7HnHULnB8svSrPcYgV5ZFMEesFwW37IFwVB-MPU1fA.q1kRqN4NrAMMemyCHLfK3hp9WNh17eKR9zGb_jWv8Po&dib_tag=se&keywords=women+slides&qid=1785471720&sr=8-15,https://m.media-amazon.com/images/I/71BQOaIl59L._AC_UL320_.jpg,48,排名进入前30；价格高于人民币等值¥288.00；评分达到4.6以上。
2026-07-31,amazon_us,product,search,platform sandals women,21,Crocs,¥395.93,4.6,Crocs,,,,,,https://www.amazon.com/Crocs-Brooklyn-Low-Wedge-Black/dp/B07YQRHTG4/ref=sr_1_10?dib=eyJ2IjoiMSJ9.wIlL_eVtHzMil5mQkgwLspOrVi3mJA7g8CtfSlpv_hx3sPKdEPQTkFRXGMtHTypt_x0DbxviVZeSrJKXjUs0KJlltxp8g_eDimei8-gxy1-ZM5xYDnvnh6Za2TBeltvyN7syEVnxnQ-Kc2Tx_5TjZ8ApHtVRsC_wBywTvsWYgUG5iNpdTfif6VSKHN8lauJytnhUV3Z1isfc2mVr9ouZ6UGhXDvz5I8NWWrGB3REeLgnoN0J27Nk5HSXqjpBert3U7GzFGJzH1-9dFSAVEvkK7fKVqKDaCsTZk5cUlOY__Q.PIpeREYjo_BkWCeKaiWJQy8xQlq6Vlw0PFjYSEVKxjI&dib_tag=se&keywords=platform+sandals+women&qid=1785471720&sr=8-10,https://m.media-amazon.com/images/I/7146HmICxBL._AC_UL320_.jpg,48,排名进入前30；价格高于人民币等值¥288.00；评分达到4.6以上。
2026-07-31,amazon_us,product,new_releases,New Releases Women Sandals,19,"CUSHIONAIRE Ferry Espadrille Wedge Sandals for Women, Thong Platform Flip Flops with Cross Strap and Slip-On Design",,3.9,$49.99,,,,,,https://www.amazon.com/CUSHIONAIRE-Espadrille-Sandals-Platform-Design/dp/B0H42V7M96/ref=zg_bsnr_g_679425011_d_sccl_19/144-4965723-3897025?psc=1,"https://images-na.ssl-images-amazon.com/images/I/81rI8wTUKAL._AC_UL600_SR600,400_.jpg",46,排名进入前30；标题包含 platform、wedge，符合美国女鞋舒适化趋势。
2026-07-31,amazon_us,product,best_sellers,Best Sellers Women Sandals,29,"Weweya Slides for Women Men Shower Shoes House Slippers Beach Sandals | Bathroom, Non Slip, Lightweight",,4.4,$9.98,,,,,,https://www.amazon.com/Weweya-Shower-Bathroom-Slippers-Sandals/dp/B0F1XJ9TM4/ref=zg_bs_g_679425011_d_sccl_29/133-4821901-7264914?psc=1,"https://images-na.ssl-images-amazon.com/images/I/718rk3GaK+L._AC_UL600_SR600,400_.jpg",45,排名进入前30；标题包含 beach，符合美国女鞋舒适化趋势；评分达到4.3以上。
2026-07-31,amazon_us,product,best_sellers,Best Sellers Women Sandals,42,"shevalues Women's Comfort EVA Sandals Medium Arch Support Beach Slides | Adjustable Double Buckle, Waterproof, Lightweight, Soft Cushioned, Non-slip, Slip-On",,4.4,$19.98,,,,,,https://www.amazon.com/shevalues-Comfort-Sandals-Support-Adjustable/dp/B0GG1VL4SZ/ref=zg_bs_g_679425011_d_sccl_42/144-4965723-3897025?psc=1,"https://images-na.ssl-images-amazon.com/images/I/71N1gcg2qHL._AC_UL300_SR300,200_.jpg",45,排名进入前50；标题包含 comfort、arch support、soft、beach，符合美国女鞋舒适化趋势；评分达到4.3以上。
2026-07-31,amazon_us,product,best_sellers,Best Sellers Women Sandals,44,Project Cloud 100% Genuine Leather Sandals Women Flats For Women (Jannel) | Sandals for Women Fashion Flat Womens Sandals with Memory Foam Insole Slides Sandals Footwear Mules Women's Sandals,,4.3,$49.90,,,,,,https://www.amazon.com/Project-Cloud-Fashion-Sandals-Women/dp/B0CQ712QY4/ref=zg_bs_g_679425011_d_sccl_44/144-4965723-3897025?psc=1,"https://images-na.ssl-images-amazon.com/images/I/71WxLxLw-rL._AC_UL300_SR300,200_.jpg",45,排名进入前50；标题包含 cloud，符合美国女鞋舒适化趋势；cloud + slides组合趋势加分；评分达到4.3以上。
2026-07-31,amazon_us,product,new_releases,New Releases Women Sandals,2,"CUSHIONAIRE Vita Jelly Sandals for Women, Casual Lightweight Womens Strappy Sandals with Adjustable Buckle Strap and Gold Hardware Accent",,3.8,$39.99,,,,,,https://www.amazon.com/CUSHIONAIRE-Sandals-Lightweight-Adjustable-Hardware/dp/B0H1Y94T1T/ref=zg_bsnr_g_679425011_d_sccl_2/144-4965723-3897025?psc=1,"https://images-na.ssl-images-amazon.com/images/I/81Uy6Bt6XaL._AC_UL600_SR600,400_.jpg",45,排名靠前。
2026-07-31,amazon_us,product,new_releases,New Releases Women Sandals,6,CUSHIONAIRE Riot Jelly Thong Kitten Heels for Women,,3.6,$39.99,,,,,,https://www.amazon.com/CUSHIONAIRE-Jelly-Thong-Kitten-TORTOISE/dp/B0H6C3Z5GT/ref=zg_bsnr_g_679425011_d_sccl_6/144-4965723-3897025?psc=1,"https://images-na.ssl-images-amazon.com/images/I/71W7iboN2dL._AC_UL600_SR600,400_.jpg",45,排名靠前。
2026-07-31,amazon_us,product,new_releases,New Releases Women Sandals,7,"CUSHIONAIRE Tory Strappy Flat Sandals for Women, Toe Ring Sandals with Adjustable Buckle Ankle Strap, Wrap Style",,3.6,$39.99,,,,,,https://www.amazon.com/CUSHIONAIRE-Strappy-Sandals-Adjustable-Buckle/dp/B0H4239G5F/ref=zg_bsnr_g_679425011_d_sccl_7/144-4965723-3897025?psc=1,"https://images-na.ssl-images-amazon.com/images/I/81hP4YBoUmL._AC_UL600_SR600,400_.jpg",45,排名靠前。
2026-07-31,amazon_us,product,new_releases,New Releases Women Sandals,15,adidas Unisex Adult Adissage 360rec Slide Sandals,,4.6,$15.60,,,,,,https://www.amazon.com/adidas-Unisex-Adissage-360Rec-Sandal/dp/B0F4TFFRHC/ref=zg_bsnr_g_679425011_d_sccl_15/144-4965723-3897025?psc=1,"https://images-na.ssl-images-amazon.com/images/I/51+JktV+LPL._AC_UL600_SR600,400_.jpg",45,排名进入前30；评分达到4.6以上。
2026-07-31,amazon_us,product,new_releases,New Releases Women Sandals,18,"CUSHIONAIRE Mezzo Clear Strap Kitten Heels for Women, Square Toe Flip Flop Sandal Heels with Memory Foam Comfort",,4.2,$49.99,,,,,,https://www.amazon.com/CUSHIONAIRE-Kitten-Square-Sandal-Comfort/dp/B0GZHSB6YY/ref=zg_bsnr_g_679425011_d_sccl_18/144-4965723-3897025?psc=1,"https://images-na.ssl-images-amazon.com/images/I/71JZGKZQhEL._AC_UL600_SR600,400_.jpg",45,排名进入前30；标题包含 comfort，符合美国女鞋舒适化趋势；评分达到4.0以上。
2026-07-31,amazon_us,product,search,women summer slippers,31,GOEWY,¥136.73,4.6,GOEWY,,,,,,https://www.amazon.com/GOEWY-House-Slippers-Summer-Memory/dp/B0GVYCBV2P/ref=sr_1_21?dib=eyJ2IjoiMSJ9.3B_wBrVg1UMy5tWehIloEsVeGJZ_3e858D5hpQtvnpQDm6sY8g4v-VR8VGlcZDhfSAoEZAjDAiUPCp8_oXaoFQQZ5-dCok6gPw6q3VgmoAAXBx66krxHMhMHI4yWI44_tpPYtUQrJvhJwSHc4CgVATHmSor2LDXASBmi3IM6746Zx47J9QvrVY7PZLr1PoUutWrfFt3RUpTvjXP-3ubrbnXddoZ-VZ70GIMhVyIAU0Ox42KQSvkpac4ZJfUW8rViWg75_Wsa7-_ybGlIpaMB1kOo9dTiYVhGu86jqRHW3ho.KXW7W0TyK03kOSebHRB1TuF3pPX3SL6Fhwzvtr7U39A&dib_tag=se&keywords=women+summer+slippers&qid=1785471719&sr=8-21,https://m.media-amazon.com/images/I/71prwg4iI5L._AC_UL320_.jpg,45,排名进入前50；价格处于人民币等值¥57.60-¥180.00黄金区间；评分达到4.6以上。
2026-07-31,amazon_us,product,search,women summer slippers,47,Summer Sandals For Woman 2026 Comfortable Slip On Breathable Hollow Mesh Casual Beach Slippers Orthopedic Shoes,¥57.38,3.4,"Price, product page $7.97 $ 7 . 97",,,,,,https://www.amazon.com/dyiozbga-Comfortable-Breathable-Orthopedic-Lightweight/dp/B0G6L2RHZG/ref=sr_1_37?dib=eyJ2IjoiMSJ9.3B_wBrVg1UMy5tWehIloEsVeGJZ_3e858D5hpQtvnpQDm6sY8g4v-VR8VGlcZDhfSAoEZAjDAiUPCp8_oXaoFQQZ5-dCok6gPw6q3VgmoAAXBx66krxHMhMHI4yWI44_tpPYtUQrJvhJwSHc4CgVATHmSor2LDXASBmi3IM6746Zx47J9QvrVY7PZLr1PoUutWrfFt3RUpTvjXP-3ubrbnXddoZ-VZ70GIMhVyIAU0Ox42KQSvkpac4ZJfUW8rViWg75_Wsa7-_ybGlIpaMB1kOo9dTiYVhGu86jqRHW3ho.KXW7W0TyK03kOSebHRB1TuF3pPX3SL6Fhwzvtr7U39A&dib_tag=se&keywords=women+summer+slippers&qid=1785471719&sr=8-37,https://m.media-amazon.com/images/I/71yJlD7GxHL._AC_UL320_.jpg,45,排名进入前50；价格低于人民币等值¥57.60；标题包含 orthopedic、comfort、beach、summer，符合美国女鞋舒适化趋势。
2026-07-31,amazon_us,product,search,women slides,1,4.3,,,4.3,,,,,,https://aax-us-east-retail-direct.amazon.com/x/c/JItXTHQSfY5uYaGVnV3Zb-IAAAGftmheNgEAAAH2AQBvbm9fdHhuX2JpZDcgICBvbm9fdHhuX2ltcDEgICDQF6QC/clv1c_ek-wxYHXErbWDYHOgIepiQyyP1YAAppOnETVEYLZngl95mxaaS7SOWC5K1E-UQCBp03hZnCRmuSE1hlwRacWFjW0GtPN_0aum5FFLiEmLMw6C2lor5nmo_Jog_l4gEbZY4XDJwgycExcN26F5CJk0AKaptnMNlXpOoBxRz6OypYvOCoqdPsYp0WJUcpaCljR7wQT7ntrfUVLmGP3gwSTYH6CZWsLAdDWN0VI-Uz6Gvbtpno_Uak1Dketz3T7a1q0MvHUL6VvZsW5NPChUneUTMtRzIV9ttb8QApEoAhW5RYQpUv2Yva_kPL-L_rsjThnL4mSKi-CVi8rqGV2AFlvVGZ8PuxqT9mvpJqAhJ4035lqGsIu6R2c_LTpSXmTCVIVGSNupm-9Mz_FgFovUd7Kb2PU6Tx8Umi00__7kBUp7TC2mFnQJnWxV1sBEpLvOGhCBt0Ow80yTSgoGR6VYtQGj69TKpCjnJ7SvWBXrb77cO_DEQxBjbFzFqlv9uQwJH3EVSPwLlBSPtc_xbELrE9o_YGV-7GloARe6D6qZAoU1fBD72V40WmorHH673mVJ0v5XeCnbDCL3f1Gs_82_fs3t42Fl5OnsmVGeiPbvCFs5gUhtSsYZlZXYpXcAvVubq9_GRkvlzxSYcQ9wIsQiqNb7h7uSWz-eSZJBAKqvAsU9QAYYJ0SK2MCu5i95M16-MqsUfZY5OACXjCSsd5PXbIoeVeAWpiVblHzl41bF45owrs-cC_qpqpO6U8nJqOCnpL85rfdCAT3C6CTuASnGVWGFptW9Vj79kShImcMdmcObNty8Xh3rcIRXUZ9P0tsUWGAM-CE2FbKHveP4KqOXqRPVRlFdbqEnkVxoO99iptlCt814wJ09BSi9G-sLGOTruCYm3_zcZ3JzujPR-h0TmpzWA-NMLGlvOOzxB2fyaGGLoZWG6Op96Cm67dsSmWcBt-4UA161w2sf3KOd7fSaYXG6GsgL4dBXViyHn-Id5Fkz79kb6b2Qf9loFQXWz1Vshj7BzwTCdYbejIVFGKzm7Lncjekm562DR_bM1i6JiYWysLHYzp2-ETdw1fSUZf4Nl3PchKkaqdF7WcdgpL2VvNyFNaMJwFnaQ8JUpUw_yyrcxzE_5q5MMtBY8emQ878yWUhpiB0bG5NrJArcoDXmCF8fKP1eq9EFt3RTBtJlZx0ANCQGccaRhng59iqti6GvooOS1A2OEHblXQh0oDvPW62dqHWyxY3pWlj75ilh1v2Q2SC7PkkqIvsEnbVccxe1ZRQHQPaH9sE6YXK1z79PlNPAr1z_zWnmj7p3Lvj52uqVP3cv93aZZ7OkAFDTPWnYIyolhnCpZ1adPI1knO7Yr0ozpDql1YpMf6LRKrWEgwYJTgIY7QLqEQwm7C56Rn6K35SbHC2qFIZ1CHo1bCNsCu9yaSike0VzSRWR6oJid9wEEvg0Oyt8Bf3VWdp-dE34SPXF6_p4YFkxJrXYgrFAso9ZxQBzIuU4Re1sP-i4hskM8SmZ9YJ0Y50LOAgfih8NOC0OCt0va6elwle1Arw_k2vK2S6hDnRutwVv4_Nus0NLoXmtm5OvWjA5wUJJtwa5bDZsA/https://www.amazon.com/dp/B0B55SNMYT/?_encoding=UTF8&pd_rd_i=B0B55SNMYT&ref_=sbx_be_s_sparkle_ssd_img&qid=1785471720&pd_rd_w=ItulC&content-id=amzn1.sym.8de9b3d5-f5c5-40e9-9b39-d65f08d6ea68%3Aamzn1.sym.8de9b3d5-f5c5-40e9-9b39-d65f08d6ea68&pf_rd_p=8de9b3d5-f5c5-40e9-9b39-d65f08d6ea68&pf_rd_r=RSPHY0QJ3JTWQR3T7D14&pd_rd_wg=uXu8V&pd_rd_r=a1a12ba9-4603-477b-aa19-6baa621d6e27&pd_rd_plhdr=t,"https://m.media-amazon.com/images/I/31x8TeOuwJL._AC_SR250,250_QL65_.jpg",45,排名靠前。
2026-07-31,amazon_us,product,search,platform sandals women,26,REEF,¥352.80,4.4,REEF,,,,,,https://www.amazon.com/Reef-Sandals-Cushion-Platform-Natural/dp/B09TRZZP54/ref=sr_1_15?dib=eyJ2IjoiMSJ9.wIlL_eVtHzMil5mQkgwLspOrVi3mJA7g8CtfSlpv_hx3sPKdEPQTkFRXGMtHTypt_x0DbxviVZeSrJKXjUs0KJlltxp8g_eDimei8-gxy1-ZM5xYDnvnh6Za2TBeltvyN7syEVnxnQ-Kc2Tx_5TjZ8ApHtVRsC_wBywTvsWYgUG5iNpdTfif6VSKHN8lauJytnhUV3Z1isfc2mVr9ouZ6UGhXDvz5I8NWWrGB3REeLgnoN0J27Nk5HSXqjpBert3U7GzFGJzH1-9dFSAVEvkK7fKVqKDaCsTZk5cUlOY__Q.PIpeREYjo_BkWCeKaiWJQy8xQlq6Vlw0PFjYSEVKxjI&dib_tag=se&keywords=platform+sandals+women&qid=1785471720&sr=8-15,https://m.media-amazon.com/images/I/61Uv1VDRdFL._AC_UL320_.jpg,45,排名进入前30；价格高于人民币等值¥288.00；评分达到4.3以上。
2026-07-31,amazon_us,product,best_sellers,Best Sellers Women Sandals,40,Project Cloud Summer Sandals for Women with Memory Foam Insole (Transition) | Memory Foam Insole; Beach Flip Flops; Non-Slip Sole; Lightweight Double Straps; Summer Sandals for Women; Everyday Comfort,,4.0,$18.89,,,,,,https://www.amazon.com/Project-Cloud-Sandals-Women-Lightweight/dp/B0DQ6CW269/ref=zg_bs_g_679425011_d_sccl_40/144-4965723-3897025?psc=1,"https://images-na.ssl-images-amazon.com/images/I/71T4OxJoGNL._AC_UL300_SR300,200_.jpg",44,排名进入前50；标题包含 cloud、comfort、beach、summer，符合美国女鞋舒适化趋势；评分达到4.0以上。
2026-07-31,amazon_us,product,best_sellers,Best Sellers Women Sandals,37,OOFOS OOriginal Recovery Sandal - Women’s and Men’s,,4.6,$54.99,,,,,,https://www.amazon.com/OOFOS-Unisex-Original-Thong-Black/dp/B007VDSTW0/ref=zg_bs_g_679425011_d_sccl_37/144-4965723-3897025?psc=1,"https://images-na.ssl-images-amazon.com/images/I/51qiZpHX64L._AC_UL300_SR300,200_.jpg",43,排名进入前50；评论数达到50以上；标题包含 recovery，符合美国女鞋舒适化趋势；评分达到4.6以上。
2026-07-31,amazon_us,product,best_sellers,Best Sellers Women Sandals,16,CUSHIONAIRE Pool Slides for Women Water Resistant Double Buckle Adjustable Slip-On Womens Sandals for Beach Shower Casual Wear,,4.0,$44.99,,,,,,https://www.amazon.com/CUSHIONAIRE-Sandals-Resistant-Double-Buckle/dp/B0GXHKZW5C/ref=zg_bs_g_679425011_d_sccl_16/133-4821901-7264914?psc=1,"https://images-na.ssl-images-amazon.com/images/I/71NStLIJ8SL._AC_UL600_SR600,400_.jpg",42,排名进入前30；标题包含 beach，符合美国女鞋舒适化趋势；评分达到4.0以上。
2026-07-31,amazon_us,product,best_sellers,Best Sellers Women Sandals,19,Ankis Heels for Women Open Toe Ankle Strap Chunky Heel Sandals 2.75 Inch,,4.4,$24.99,,,,,,https://www.amazon.com/Ankis-Nude-Heels-Women-numeric_8/dp/B094CTB3TY/ref=zg_bs_g_679425011_d_sccl_19/133-4821901-7264914?psc=1,"https://images-na.ssl-images-amazon.com/images/I/71dUhT7TubL._AC_UL600_SR600,400_.jpg",42,排名进入前30；评分达到4.3以上。
2026-07-31,amazon_us,product,new_releases,New Releases Women Sandals,17,adidas Mens Adilette Shower Arsenal Slides Casual Sandals Casual - Red,,4.4,$19.98,,,,,,https://www.amazon.com/adidas-Unisex-Adilette-Shower-Metallic/dp/B0DF14TP1N/ref=zg_bsnr_g_679425011_d_sccl_17/144-4965723-3897025?psc=1,"https://images-na.ssl-images-amazon.com/images/I/61mi711hnuL._AC_UL600_SR600,400_.jpg",42,排名进入前30；评分达到4.3以上。
2026-07-31,amazon_us,product,new_releases,New Releases Women Sandals,28,"CUSHIONAIRE Naty Jelly Kitten Heels for Women, Chic Slip-On Mule Design with Modern Open Square Toe Womens Heels",,4.5,$49.99,,,,,,https://www.amazon.com/CUSHIONAIRE-Kitten-Design-Modern-TORTOISE/dp/B0H4W8H2YK/ref=zg_bsnr_g_679425011_d_sccl_28/144-4965723-3897025?psc=1,"https://images-na.ssl-images-amazon.com/images/I/71ZJlJld3rL._AC_UL600_SR600,400_.jpg",42,排名进入前30；评分达到4.3以上。
2026-07-31,amazon_us,product,search,women summer slippers,32,VeraCosy,¥122.33,4.5,VeraCosy,,,,,,https://www.amazon.com/VeraCosy-Two-Tone-Slippers-Non-slip-Evening/dp/B0DCVZ52Y5/ref=sr_1_22?dib=eyJ2IjoiMSJ9.3B_wBrVg1UMy5tWehIloEsVeGJZ_3e858D5hpQtvnpQDm6sY8g4v-VR8VGlcZDhfSAoEZAjDAiUPCp8_oXaoFQQZ5-dCok6gPw6q3VgmoAAXBx66krxHMhMHI4yWI44_tpPYtUQrJvhJwSHc4CgVATHmSor2LDXASBmi3IM6746Zx47J9QvrVY7PZLr1PoUutWrfFt3RUpTvjXP-3ubrbnXddoZ-VZ70GIMhVyIAU0Ox42KQSvkpac4ZJfUW8rViWg75_Wsa7-_ybGlIpaMB1kOo9dTiYVhGu86jqRHW3ho.KXW7W0TyK03kOSebHRB1TuF3pPX3SL6Fhwzvtr7U39A&dib_tag=se&keywords=women+summer+slippers&qid=1785471719&sr=8-22,https://m.media-amazon.com/images/I/81RJZ2gB8sL._AC_UL320_.jpg,42,排名进入前50；价格处于人民币等值¥57.60-¥180.00黄金区间；评分达到4.3以上。
2026-07-31,amazon_us,product,search,women summer slippers,34,Dearfoams,¥156.96,4.3,Dearfoams,,,,,,https://www.amazon.com/Dearfoams-womens-Slipper-Dusty-Large/dp/B083VY1Q3M/ref=sr_1_24?dib=eyJ2IjoiMSJ9.3B_wBrVg1UMy5tWehIloEsVeGJZ_3e858D5hpQtvnpQDm6sY8g4v-VR8VGlcZDhfSAoEZAjDAiUPCp8_oXaoFQQZ5-dCok6gPw6q3VgmoAAXBx66krxHMhMHI4yWI44_tpPYtUQrJvhJwSHc4CgVATHmSor2LDXASBmi3IM6746Zx47J9QvrVY7PZLr1PoUutWrfFt3RUpTvjXP-3ubrbnXddoZ-VZ70GIMhVyIAU0Ox42KQSvkpac4ZJfUW8rViWg75_Wsa7-_ybGlIpaMB1kOo9dTiYVhGu86jqRHW3ho.KXW7W0TyK03kOSebHRB1TuF3pPX3SL6Fhwzvtr7U39A&dib_tag=se&keywords=women+summer+slippers&qid=1785471719&sr=8-24,https://m.media-amazon.com/images/I/716X6dZXCuL._AC_UL320_.jpg,42,排名进入前50；价格处于人民币等值¥57.60-¥180.00黄金区间；评分达到4.3以上。
2026-07-31,amazon_us,product,search,women summer slippers,35,shevalues,¥86.33,4.4,shevalues,,,,,,https://www.amazon.com/shevalues-Quick-Dry-Shower-Pink-Update/dp/B07759MD3B/ref=sr_1_25?dib=eyJ2IjoiMSJ9.3B_wBrVg1UMy5tWehIloEsVeGJZ_3e858D5hpQtvnpQDm6sY8g4v-VR8VGlcZDhfSAoEZAjDAiUPCp8_oXaoFQQZ5-dCok6gPw6q3VgmoAAXBx66krxHMhMHI4yWI44_tpPYtUQrJvhJwSHc4CgVATHmSor2LDXASBmi3IM6746Zx47J9QvrVY7PZLr1PoUutWrfFt3RUpTvjXP-3ubrbnXddoZ-VZ70GIMhVyIAU0Ox42KQSvkpac4ZJfUW8rViWg75_Wsa7-_ybGlIpaMB1kOo9dTiYVhGu86jqRHW3ho.KXW7W0TyK03kOSebHRB1TuF3pPX3SL6Fhwzvtr7U39A&dib_tag=se&keywords=women+summer+slippers&qid=1785471719&sr=8-25,https://m.media-amazon.com/images/I/51tSepxKI5L._AC_UL320_.jpg,42,排名进入前50；价格处于人民币等值¥57.60-¥180.00黄金区间；评分达到4.3以上。
2026-07-31,amazon_us,product,search,women summer slippers,42,Garonne,¥115.13,4.3,Garonne,,,,,,https://www.amazon.com/Garonne-Slippers-Non-Slip-Bedroom-Outdoor/dp/B0F37BTNB5/ref=sr_1_32?dib=eyJ2IjoiMSJ9.3B_wBrVg1UMy5tWehIloEsVeGJZ_3e858D5hpQtvnpQDm6sY8g4v-VR8VGlcZDhfSAoEZAjDAiUPCp8_oXaoFQQZ5-dCok6gPw6q3VgmoAAXBx66krxHMhMHI4yWI44_tpPYtUQrJvhJwSHc4CgVATHmSor2LDXASBmi3IM6746Zx47J9QvrVY7PZLr1PoUutWrfFt3RUpTvjXP-3ubrbnXddoZ-VZ70GIMhVyIAU0Ox42KQSvkpac4ZJfUW8rViWg75_Wsa7-_ybGlIpaMB1kOo9dTiYVhGu86jqRHW3ho.KXW7W0TyK03kOSebHRB1TuF3pPX3SL6Fhwzvtr7U39A&dib_tag=se&keywords=women+summer+slippers&qid=1785471719&sr=8-32,https://m.media-amazon.com/images/I/81JmkmTRcmL._AC_UL320_.jpg,42,排名进入前50；价格处于人民币等值¥57.60-¥180.00黄金区间；评分达到4.3以上。
2026-07-31,amazon_us,product,search,women slides,32,KIDMI,¥122.26,4.3,KIDMI,,,,,,https://www.amazon.com/KIDMI-Comfortable-Sandals-Support-Adjustable/dp/B0DMV98TMM/ref=sr_1_21?dib=eyJ2IjoiMSJ9.wrqHnvIFpzxZDCy1gVq3f2HcNswV2RaHhxwkGjsTd_XPhdtNaEPBd0XGycAGVQXINputF-ZtqXqLxAO6OjwD-equCnp2AqJNcRMszgofUNDSsB6ok-HUPQxirJPJZrsuNi3hfRsBnJg9pB3U-6YifCSqgq7ss4aKcPPz2iGowXnUGUNy7u1Wnwv72nYqN-w3kqZeKAJk6HLplK31Fzh5y_m0zmnMt9Y7QAEUcHWGcuUUX0BLi2H7lHzYgpfn9DXAV7HnHULnB8svSrPcYgV5ZFMEesFwW37IFwVB-MPU1fA.q1kRqN4NrAMMemyCHLfK3hp9WNh17eKR9zGb_jWv8Po&dib_tag=se&keywords=women+slides&qid=1785471720&sr=8-21,https://m.media-amazon.com/images/I/71Z8+aRxp3L._AC_UL320_.jpg,42,排名进入前50；价格处于人民币等值¥57.60-¥180.00黄金区间；评分达到4.3以上。
2026-07-31,amazon_us,product,search,women slides,41,welltree,¥100.73,4.3,welltree,,,,,,https://www.amazon.com/welltree-Slippers-Non-Slip-Bathroom-Sandals/dp/B09JVKT6L8/ref=sr_1_30?dib=eyJ2IjoiMSJ9.wrqHnvIFpzxZDCy1gVq3f2HcNswV2RaHhxwkGjsTd_XPhdtNaEPBd0XGycAGVQXINputF-ZtqXqLxAO6OjwD-equCnp2AqJNcRMszgofUNDSsB6ok-HUPQxirJPJZrsuNi3hfRsBnJg9pB3U-6YifCSqgq7ss4aKcPPz2iGowXnUGUNy7u1Wnwv72nYqN-w3kqZeKAJk6HLplK31Fzh5y_m0zmnMt9Y7QAEUcHWGcuUUX0BLi2H7lHzYgpfn9DXAV7HnHULnB8svSrPcYgV5ZFMEesFwW37IFwVB-MPU1fA.q1kRqN4NrAMMemyCHLfK3hp9WNh17eKR9zGb_jWv8Po&dib_tag=se&keywords=women+slides&qid=1785471720&sr=8-30,https://m.media-amazon.com/images/I/51gpb9lx2LL._AC_UL320_.jpg,42,排名进入前50；价格处于人民币等值¥57.60-¥180.00黄金区间；评分达到4.3以上。
2026-07-31,amazon_us,product,search,women slides,43,Anmerl,¥93.53,4.3,Anmerl,,,,,,https://www.amazon.com/Anmerl-Comfortable-Slippers-Ultra-Light-Bathroom/dp/B0CXHLDYB6/ref=sr_1_32?dib=eyJ2IjoiMSJ9.wrqHnvIFpzxZDCy1gVq3f2HcNswV2RaHhxwkGjsTd_XPhdtNaEPBd0XGycAGVQXINputF-ZtqXqLxAO6OjwD-equCnp2AqJNcRMszgofUNDSsB6ok-HUPQxirJPJZrsuNi3hfRsBnJg9pB3U-6YifCSqgq7ss4aKcPPz2iGowXnUGUNy7u1Wnwv72nYqN-w3kqZeKAJk6HLplK31Fzh5y_m0zmnMt9Y7QAEUcHWGcuUUX0BLi2H7lHzYgpfn9DXAV7HnHULnB8svSrPcYgV5ZFMEesFwW37IFwVB-MPU1fA.q1kRqN4NrAMMemyCHLfK3hp9WNh17eKR9zGb_jWv8Po&dib_tag=se&keywords=women+slides&qid=1785471720&sr=8-32,https://m.media-amazon.com/images/I/61IjXzVUQ9L._AC_UL320_.jpg,42,排名进入前50；价格处于人民币等值¥57.60-¥180.00黄金区间；评分达到4.3以上。
2026-07-31,amazon_us,product,search,platform sandals women,35,DREAM PAIRS,¥179.93,4.3,DREAM PAIRS,,,,,,https://www.amazon.com/DREAM-PAIRS-Flatform-Platform-Sandals/dp/B07ZZB9VZW/ref=sr_1_24?dib=eyJ2IjoiMSJ9.wIlL_eVtHzMil5mQkgwLspOrVi3mJA7g8CtfSlpv_hx3sPKdEPQTkFRXGMtHTypt_x0DbxviVZeSrJKXjUs0KJlltxp8g_eDimei8-gxy1-ZM5xYDnvnh6Za2TBeltvyN7syEVnxnQ-Kc2Tx_5TjZ8ApHtVRsC_wBywTvsWYgUG5iNpdTfif6VSKHN8lauJytnhUV3Z1isfc2mVr9ouZ6UGhXDvz5I8NWWrGB3REeLgnoN0J27Nk5HSXqjpBert3U7GzFGJzH1-9dFSAVEvkK7fKVqKDaCsTZk5cUlOY__Q.PIpeREYjo_BkWCeKaiWJQy8xQlq6Vlw0PFjYSEVKxjI&dib_tag=se&keywords=platform+sandals+women&qid=1785471720&sr=8-24,https://m.media-amazon.com/images/I/7142idevyNL._AC_UL320_.jpg,42,排名进入前50；价格处于人民币等值¥57.60-¥180.00黄金区间；评分达到4.3以上。
2026-07-31,amazon_us,product,search,women summer slippers,29,CHGANG,¥53.21,3.9,CHGANG,,,,,,https://www.amazon.com/CHGANG-House-Slippers-Womens-Cotton/dp/B0G58LHD6Y/ref=sr_1_19?dib=eyJ2IjoiMSJ9.3B_wBrVg1UMy5tWehIloEsVeGJZ_3e858D5hpQtvnpQDm6sY8g4v-VR8VGlcZDhfSAoEZAjDAiUPCp8_oXaoFQQZ5-dCok6gPw6q3VgmoAAXBx66krxHMhMHI4yWI44_tpPYtUQrJvhJwSHc4CgVATHmSor2LDXASBmi3IM6746Zx47J9QvrVY7PZLr1PoUutWrfFt3RUpTvjXP-3ubrbnXddoZ-VZ70GIMhVyIAU0Ox42KQSvkpac4ZJfUW8rViWg75_Wsa7-_ybGlIpaMB1kOo9dTiYVhGu86jqRHW3ho.KXW7W0TyK03kOSebHRB1TuF3pPX3SL6Fhwzvtr7U39A&dib_tag=se&keywords=women+summer+slippers&qid=1785471719&sr=8-19,https://m.media-amazon.com/images/I/71eCq66Oq9L._AC_UL320_.jpg,40,排名进入前30；价格低于人民币等值¥57.60。
2026-07-31,amazon_us,product,best_sellers,Best Sellers Women Sandals,15,LULLASONG Women's Kitten Heels Sandals Square Open Toe Flip Flop Heels 1.8-2 Inch Heeled Sandals for Women,,4.2,$35.99,,,,,,https://www.amazon.com/LULLASONG-Womens-Kitten-Sandals-Square/dp/B0DCFSM597/ref=zg_bs_g_679425011_d_sccl_15/133-4821901-7264914?psc=1,"https://images-na.ssl-images-amazon.com/images/I/61aVZl7OhqL._AC_UL600_SR600,400_.jpg",39,排名进入前30；评分达到4.0以上。
2026-07-31,amazon_us,product,best_sellers,Best Sellers Women Sandals,18,Havaianas Women's Slim Square Solid Flip Flops,,4.2,$31.00,,,,,,https://www.amazon.com/Havaianas-Womens-Square-Solid-Medium/dp/B0BBPX6J6F/ref=zg_bs_g_679425011_d_sccl_18/133-4821901-7264914?psc=1,"https://images-na.ssl-images-amazon.com/images/I/519tF5UFGFL._AC_UL600_SR600,400_.jpg",39,排名进入前30；评分达到4.0以上。
2026-07-31,amazon_us,product,best_sellers,Best Sellers Women Sandals,22,"CUSHIONAIRE Java Casual Womens Jelly Flats with Adjustable Strap, Closed Toe Mary Janes Mule Design, Waterproof Jelly Sandals for Women",,4.2,$34.99,,,,,,https://www.amazon.com/CUSHIONAIRE-Adjustable-Waterproof-Sandals-CHOCOLATE/dp/B0H4MLLC32/ref=zg_bs_g_679425011_d_sccl_22/133-4821901-7264914?psc=1,"https://images-na.ssl-images-amazon.com/images/I/81iCqxPUX6L._AC_UL600_SR600,400_.jpg",39,排名进入前30；评分达到4.0以上。
2026-07-31,amazon_us,product,new_releases,New Releases Women Sandals,13,"CUSHIONAIRE Shana Clear Jelly Strap Heels for Women, Flared Kitten Heel Slide with Cushioned Footbed and Split Toe",,4.1,$49.99,,,,,,https://www.amazon.com/CUSHIONAIRE-Flared-Cushioned-Footbed-TORTOISE/dp/B0H2FK577R/ref=zg_bsnr_g_679425011_d_sccl_13/144-4965723-3897025?psc=1,"https://images-na.ssl-images-amazon.com/images/I/71YZfL+oAFL._AC_UL600_SR600,400_.jpg",39,排名进入前30；评分达到4.0以上。
2026-07-31,amazon_us,product,search,women summer slippers,37,KuaiLu,¥166.18,4.2,KuaiLu,,,,,,https://www.amazon.com/KuaiLu-Comfortable-Walking-Plantar-Fasciitis/dp/B0BN3DW8ZP/ref=sr_1_27?dib=eyJ2IjoiMSJ9.3B_wBrVg1UMy5tWehIloEsVeGJZ_3e858D5hpQtvnpQDm6sY8g4v-VR8VGlcZDhfSAoEZAjDAiUPCp8_oXaoFQQZ5-dCok6gPw6q3VgmoAAXBx66krxHMhMHI4yWI44_tpPYtUQrJvhJwSHc4CgVATHmSor2LDXASBmi3IM6746Zx47J9QvrVY7PZLr1PoUutWrfFt3RUpTvjXP-3ubrbnXddoZ-VZ70GIMhVyIAU0Ox42KQSvkpac4ZJfUW8rViWg75_Wsa7-_ybGlIpaMB1kOo9dTiYVhGu86jqRHW3ho.KXW7W0TyK03kOSebHRB1TuF3pPX3SL6Fhwzvtr7U39A&dib_tag=se&keywords=women+summer+slippers&qid=1785471719&sr=8-27,https://m.media-amazon.com/images/I/61Qb8hEa+tL._AC_UL320_.jpg,39,排名进入前50；价格处于人民币等值¥57.60-¥180.00黄金区间；评分达到4.0以上。
2026-07-31,amazon_us,product,search,women summer slippers,45,MAGILONA,¥143.93,4.0,MAGILONA,,,,,,https://www.amazon.com/MAGILONA-Unisex-Open-Toe-Slippers-Non-Slip/dp/B0C4KQJ1R6/ref=sr_1_35?dib=eyJ2IjoiMSJ9.3B_wBrVg1UMy5tWehIloEsVeGJZ_3e858D5hpQtvnpQDm6sY8g4v-VR8VGlcZDhfSAoEZAjDAiUPCp8_oXaoFQQZ5-dCok6gPw6q3VgmoAAXBx66krxHMhMHI4yWI44_tpPYtUQrJvhJwSHc4CgVATHmSor2LDXASBmi3IM6746Zx47J9QvrVY7PZLr1PoUutWrfFt3RUpTvjXP-3ubrbnXddoZ-VZ70GIMhVyIAU0Ox42KQSvkpac4ZJfUW8rViWg75_Wsa7-_ybGlIpaMB1kOo9dTiYVhGu86jqRHW3ho.KXW7W0TyK03kOSebHRB1TuF3pPX3SL6Fhwzvtr7U39A&dib_tag=se&keywords=women+summer+slippers&qid=1785471719&sr=8-35,https://m.media-amazon.com/images/I/71YgTA6teCL._AC_UL320_.jpg,39,排名进入前50；价格处于人民币等值¥57.60-¥180.00黄金区间；评分达到4.0以上。
2026-07-31,amazon_us,product,search,women summer slippers,48,VOVEA,¥64.73,4.2,VOVEA,,,,,,https://www.amazon.com/VOVEA-Non-Slip-Bathroom-Cushion-Outdoor/dp/B0BHWQT653/ref=sr_1_38?dib=eyJ2IjoiMSJ9.3B_wBrVg1UMy5tWehIloEsVeGJZ_3e858D5hpQtvnpQDm6sY8g4v-VR8VGlcZDhfSAoEZAjDAiUPCp8_oXaoFQQZ5-dCok6gPw6q3VgmoAAXBx66krxHMhMHI4yWI44_tpPYtUQrJvhJwSHc4CgVATHmSor2LDXASBmi3IM6746Zx47J9QvrVY7PZLr1PoUutWrfFt3RUpTvjXP-3ubrbnXddoZ-VZ70GIMhVyIAU0Ox42KQSvkpac4ZJfUW8rViWg75_Wsa7-_ybGlIpaMB1kOo9dTiYVhGu86jqRHW3ho.KXW7W0TyK03kOSebHRB1TuF3pPX3SL6Fhwzvtr7U39A&dib_tag=se&keywords=women+summer+slippers&qid=1785471719&sr=8-38,https://m.media-amazon.com/images/I/811Rf7NxwkL._AC_UL320_.jpg,39,排名进入前50；价格处于人民币等值¥57.60-¥180.00黄金区间；评分达到4.0以上。
2026-07-31,amazon_us,product,search,women summer slippers,44,FITORY,¥196.27,4.3,FITORY,,,,,,https://www.amazon.com/FITORY-Sandals-Fashion-Leather-Slippers/dp/B0CM5N7R34/ref=sr_1_34?dib=eyJ2IjoiMSJ9.3B_wBrVg1UMy5tWehIloEsVeGJZ_3e858D5hpQtvnpQDm6sY8g4v-VR8VGlcZDhfSAoEZAjDAiUPCp8_oXaoFQQZ5-dCok6gPw6q3VgmoAAXBx66krxHMhMHI4yWI44_tpPYtUQrJvhJwSHc4CgVATHmSor2LDXASBmi3IM6746Zx47J9QvrVY7PZLr1PoUutWrfFt3RUpTvjXP-3ubrbnXddoZ-VZ70GIMhVyIAU0Ox42KQSvkpac4ZJfUW8rViWg75_Wsa7-_ybGlIpaMB1kOo9dTiYVhGu86jqRHW3ho.KXW7W0TyK03kOSebHRB1TuF3pPX3SL6Fhwzvtr7U39A&dib_tag=se&keywords=women+summer+slippers&qid=1785471719&sr=8-34,https://m.media-amazon.com/images/I/71fgVPQ6SpL._AC_UL320_.jpg,37,排名进入前50；价格处于人民币等值¥180.00-¥288.00区间；评分达到4.3以上。
2026-07-31,amazon_us,product,search,women slides,50,Crocs,¥215.93,4.5,Crocs,,,,,,https://www.amazon.com/Crocs-Womens-Swiftwater-Sandal-Black/dp/B01H6ZR0BS/ref=sr_1_39?dib=eyJ2IjoiMSJ9.wrqHnvIFpzxZDCy1gVq3f2HcNswV2RaHhxwkGjsTd_XPhdtNaEPBd0XGycAGVQXINputF-ZtqXqLxAO6OjwD-equCnp2AqJNcRMszgofUNDSsB6ok-HUPQxirJPJZrsuNi3hfRsBnJg9pB3U-6YifCSqgq7ss4aKcPPz2iGowXnUGUNy7u1Wnwv72nYqN-w3kqZeKAJk6HLplK31Fzh5y_m0zmnMt9Y7QAEUcHWGcuUUX0BLi2H7lHzYgpfn9DXAV7HnHULnB8svSrPcYgV5ZFMEesFwW37IFwVB-MPU1fA.q1kRqN4NrAMMemyCHLfK3hp9WNh17eKR9zGb_jWv8Po&dib_tag=se&keywords=women+slides&qid=1785471720&sr=8-39,https://m.media-amazon.com/images/I/61gBt2H0VlL._AC_UL320_.jpg,37,排名进入前50；价格处于人民币等值¥180.00-¥288.00区间；评分达到4.3以上。
2026-07-31,amazon_us,product,search,platform sandals women,40,mikarka,¥276.41,4.5,mikarka,,,,,,https://www.amazon.com/mikarka-Wedge-Sandals-Women-Comfortable/dp/B0DPMBZT18/ref=sr_1_29?dib=eyJ2IjoiMSJ9.wIlL_eVtHzMil5mQkgwLspOrVi3mJA7g8CtfSlpv_hx3sPKdEPQTkFRXGMtHTypt_x0DbxviVZeSrJKXjUs0KJlltxp8g_eDimei8-gxy1-ZM5xYDnvnh6Za2TBeltvyN7syEVnxnQ-Kc2Tx_5TjZ8ApHtVRsC_wBywTvsWYgUG5iNpdTfif6VSKHN8lauJytnhUV3Z1isfc2mVr9ouZ6UGhXDvz5I8NWWrGB3REeLgnoN0J27Nk5HSXqjpBert3U7GzFGJzH1-9dFSAVEvkK7fKVqKDaCsTZk5cUlOY__Q.PIpeREYjo_BkWCeKaiWJQy8xQlq6Vlw0PFjYSEVKxjI&dib_tag=se&keywords=platform+sandals+women&qid=1785471720&sr=8-29,https://m.media-amazon.com/images/I/610FEH2unfS._AC_UL320_.jpg,37,排名进入前50；价格处于人民币等值¥180.00-¥288.00区间；评分达到4.3以上。
2026-07-31,amazon_us,product,search,platform sandals women,42,vodvob,¥259.06,4.5,vodvob,,,,,,https://www.amazon.com/vodvob-Platform-Sandals-Adjustable-Flatform/dp/B0CW8YF5XW/ref=sr_1_31?dib=eyJ2IjoiMSJ9.wIlL_eVtHzMil5mQkgwLspOrVi3mJA7g8CtfSlpv_hx3sPKdEPQTkFRXGMtHTypt_x0DbxviVZeSrJKXjUs0KJlltxp8g_eDimei8-gxy1-ZM5xYDnvnh6Za2TBeltvyN7syEVnxnQ-Kc2Tx_5TjZ8ApHtVRsC_wBywTvsWYgUG5iNpdTfif6VSKHN8lauJytnhUV3Z1isfc2mVr9ouZ6UGhXDvz5I8NWWrGB3REeLgnoN0J27Nk5HSXqjpBert3U7GzFGJzH1-9dFSAVEvkK7fKVqKDaCsTZk5cUlOY__Q.PIpeREYjo_BkWCeKaiWJQy8xQlq6Vlw0PFjYSEVKxjI&dib_tag=se&keywords=platform+sandals+women&qid=1785471720&sr=8-31,https://m.media-amazon.com/images/I/71ZrpOD4Q9L._AC_UL320_.jpg,37,排名进入前50；价格处于人民币等值¥180.00-¥288.00区间；评分达到4.3以上。
2026-07-31,amazon_us,product,best_sellers,Best Sellers Women Sandals,32,"Coutgo Womens Kitten Heel Sandals Heeled Mules Pointed Open Toe High Heels | Comfortable, Sexy, Slip On, Backless, Dress Shoes, 3.2 Inch, Peep Toe, Wedding, Bridal, Party, Prom, Graduation",,4.6,$33.99,,,,,,https://www.amazon.com/Coutgo-Womens-Pointed-Backless-Sandals/dp/B0DG25L7P9/ref=zg_bs_g_679425011_d_sccl_32/144-4965723-3897025?psc=1,"https://images-na.ssl-images-amazon.com/images/I/61rZuSoH5yL._AC_UL300_SR300,200_.jpg",36,排名进入前50；标题包含 comfort，符合美国女鞋舒适化趋势；评分达到4.6以上。
2026-07-31,amazon_us,product,best_sellers,Best Sellers Women Sandals,45,KuaiLu Casual Flip Flops for Women Lightweight Cushion Summer Beach Sandals | Comfortable Sport Walking Thong Shoes Pool Outfits Non-Slip Indoor Outdoor,,4.2,$23.98,,,,,,https://www.amazon.com/KuaiLu-Comfortable-Orthotic-Recovery-Fasciitis/dp/B08TTPF1X9/ref=zg_bs_g_679425011_d_sccl_45/144-4965723-3897025?psc=1,"https://images-na.ssl-images-amazon.com/images/I/61TtgwlEaSL._AC_UL300_SR300,200_.jpg",36,排名进入前50；标题包含 comfort、beach、summer，符合美国女鞋舒适化趋势；评分达到4.0以上。
2026-07-31,amazon_us,product,new_releases,New Releases Women Sandals,33,SKETOE Women's Flat Sandals Fashion Slip On Sandals Dressy Slides Summer | single strap design;lightweight & comfortable;suit for beach vacation casual wearing,,4.2,$9.99,,,,,,https://www.amazon.com/SKETOE-Womens-Sandals-Fashion-Dressy/dp/B0GZNBYWJ2/ref=zg_bsnr_g_679425011_d_sccl_33/144-4965723-3897025?psc=1,"https://images-na.ssl-images-amazon.com/images/I/61PIzyXR4eL._AC_UL300_SR300,200_.jpg",36,排名进入前50；标题包含 comfort、beach、summer，符合美国女鞋舒适化趋势；评分达到4.0以上。
2026-07-31,amazon_us,product,new_releases,New Releases Women Sandals,38,"UBFEN Womens Flat Sandals T-Strap Thong Sandals with Arch Support | Braided Upper, Lightweight, Comfortable for Walking, Flip Flop with Back Elastic Strap",,4.1,$33.99,,,,,,https://www.amazon.com/UBFEN-Womens-Sandals-T-Strap-Support/dp/B0H13XBG29/ref=zg_bsnr_g_679425011_d_sccl_38/144-4965723-3897025?psc=1,"https://images-na.ssl-images-amazon.com/images/I/71Mt-T6UgsL._AC_UL300_SR300,200_.jpg",36,排名进入前50；标题包含 comfort、arch support，符合美国女鞋舒适化趋势；评分达到4.0以上。
2026-07-31,amazon_us,product,best_sellers,Best Sellers Women Sandals,46,Rainbow Sandals Women’s Flirty Braidy Premier Leather w/Single Braided Strap,,4.7,$71.00,,,,,,https://www.amazon.com/Rainbow-Sandals-Womens-Flirty-7-5-8-5/dp/B00LGF8TAQ/ref=zg_bs_g_679425011_d_sccl_46/144-4965723-3897025?psc=1,"https://images-na.ssl-images-amazon.com/images/I/71B9WRizBDL._AC_UL300_SR300,200_.jpg",35,排名进入前50；评论数达到50以上；评分达到4.6以上。
2026-07-31,amazon_us,product,new_releases,New Releases Women Sandals,29,"CUSHIONAIRE Titan Square Toe Flip Flops for Women, Dressy Slip On Flat Womens Sandals with Cushioned Footbed",,3.8,$39.99,,,,,,https://www.amazon.com/CUSHIONAIRE-Sandals-Cushioned-Footbed-TORTOISE/dp/B0H2WYSPWK/ref=zg_bsnr_g_679425011_d_sccl_29/144-4965723-3897025?psc=1,"https://images-na.ssl-images-amazon.com/images/I/71vL4TDR7VL._AC_UL600_SR600,400_.jpg",35,排名进入前30。
2026-07-31,amazon_us,product,search,women summer slippers,41,"Women's Slippers Open Toe Cross Band Breathable House Shoes with Memory Foam, Cozy Footbed, Non-Slip Indoor Slides",¥64.87,3.9,"Price, product page $9.01 $ 9 . 01",,,,,,https://www.amazon.com/NineCiFun-Slippers-Breathable-Footbed-Non-Slip/dp/B0GKLHS31R/ref=sr_1_31?dib=eyJ2IjoiMSJ9.3B_wBrVg1UMy5tWehIloEsVeGJZ_3e858D5hpQtvnpQDm6sY8g4v-VR8VGlcZDhfSAoEZAjDAiUPCp8_oXaoFQQZ5-dCok6gPw6q3VgmoAAXBx66krxHMhMHI4yWI44_tpPYtUQrJvhJwSHc4CgVATHmSor2LDXASBmi3IM6746Zx47J9QvrVY7PZLr1PoUutWrfFt3RUpTvjXP-3ubrbnXddoZ-VZ70GIMhVyIAU0Ox42KQSvkpac4ZJfUW8rViWg75_Wsa7-_ybGlIpaMB1kOo9dTiYVhGu86jqRHW3ho.KXW7W0TyK03kOSebHRB1TuF3pPX3SL6Fhwzvtr7U39A&dib_tag=se&keywords=women+summer+slippers&qid=1785471719&sr=8-31,https://m.media-amazon.com/images/I/61YRX1dIG9L._AC_UL320_.jpg,35,排名进入前50；价格处于人民币等值¥57.60-¥180.00黄金区间。
2026-07-31,amazon_us,product,search,platform sandals women,46,Lovee Cosee,¥287.93,4.1,Lovee Cosee,,,,,,https://www.amazon.com/Lovee-Cosee-Lightweight-Comfortable-Essentials/dp/B0F1MYF4FQ/ref=sr_1_35?dib=eyJ2IjoiMSJ9.wIlL_eVtHzMil5mQkgwLspOrVi3mJA7g8CtfSlpv_hx3sPKdEPQTkFRXGMtHTypt_x0DbxviVZeSrJKXjUs0KJlltxp8g_eDimei8-gxy1-ZM5xYDnvnh6Za2TBeltvyN7syEVnxnQ-Kc2Tx_5TjZ8ApHtVRsC_wBywTvsWYgUG5iNpdTfif6VSKHN8lauJytnhUV3Z1isfc2mVr9ouZ6UGhXDvz5I8NWWrGB3REeLgnoN0J27Nk5HSXqjpBert3U7GzFGJzH1-9dFSAVEvkK7fKVqKDaCsTZk5cUlOY__Q.PIpeREYjo_BkWCeKaiWJQy8xQlq6Vlw0PFjYSEVKxjI&dib_tag=se&keywords=platform+sandals+women&qid=1785471720&sr=8-35,https://m.media-amazon.com/images/I/71tL3Y0loaL._AC_UL320_.jpg,34,排名进入前50；价格处于人民币等值¥180.00-¥288.00区间；评分达到4.0以上。
2026-07-31,amazon_us,product,search,platform sandals women,50,Coutgo,¥266.26,4.0,Coutgo,,,,,,https://www.amazon.com/Coutgo-Womens-Platform-Sandals-Espadrilles/dp/B0DJVQ5L69/ref=sr_1_39?dib=eyJ2IjoiMSJ9.wIlL_eVtHzMil5mQkgwLspOrVi3mJA7g8CtfSlpv_hx3sPKdEPQTkFRXGMtHTypt_x0DbxviVZeSrJKXjUs0KJlltxp8g_eDimei8-gxy1-ZM5xYDnvnh6Za2TBeltvyN7syEVnxnQ-Kc2Tx_5TjZ8ApHtVRsC_wBywTvsWYgUG5iNpdTfif6VSKHN8lauJytnhUV3Z1isfc2mVr9ouZ6UGhXDvz5I8NWWrGB3REeLgnoN0J27Nk5HSXqjpBert3U7GzFGJzH1-9dFSAVEvkK7fKVqKDaCsTZk5cUlOY__Q.PIpeREYjo_BkWCeKaiWJQy8xQlq6Vlw0PFjYSEVKxjI&dib_tag=se&keywords=platform+sandals+women&qid=1785471720&sr=8-39,https://m.media-amazon.com/images/I/71969BHDGrL._AC_UL320_.jpg,34,排名进入前50；价格处于人民币等值¥180.00-¥288.00区间；评分达到4.0以上。
2026-07-31,amazon_us,product,best_sellers,Best Sellers Women Sandals,43,SKETOE Kitten Heels for Women Square Toe Sandals Flip Flop Heels Thong Sandals Comfortable Summer 2 Inch Heels Sandals,,4.2,$30.99,,,,,,https://www.amazon.com/SKETOE-Kitten-Square-Sandals-Comfortable/dp/B0F4QHKCDM/ref=zg_bs_g_679425011_d_sccl_43/144-4965723-3897025?psc=1,"https://images-na.ssl-images-amazon.com/images/I/61WGe4p1FWL._AC_UL300_SR300,200_.jpg",33,排名进入前50；标题包含 comfort、summer，符合美国女鞋舒适化趋势；评分达到4.0以上。
2026-07-31,amazon_us,product,new_releases,New Releases Women Sandals,34,"BRONAX Women's Double Buckle Clear Jelly Sandals J100 | Waterproof PVC Material, Quick-Drying, Summer Slip on, Easy to Clean, Comfort During Walking, Travel, and Daily Wear",,4.0,$19.99,,,,,,https://www.amazon.com/BRONAX-Womens-Double-Buckle-Sandals/dp/B0H14NBCZ8/ref=zg_bsnr_g_679425011_d_sccl_34/144-4965723-3897025?psc=1,"https://images-na.ssl-images-amazon.com/images/I/81ntrU8WMiL._AC_UL300_SR300,200_.jpg",33,排名进入前50；标题包含 comfort、summer，符合美国女鞋舒适化趋势；评分达到4.0以上。
2026-07-31,amazon_us,product,new_releases,New Releases Women Sandals,35,"CUSHIONAIRE Trio Flip Flops for Women, Comfortable Beach Sandals with Braided Thong Strap, Memory Foam Footbed and Metallic Ring Accents",,4.1,$39.99,,,,,,https://www.amazon.com/CUSHIONAIRE-Comfortable-Sandals-Braided-Metallic/dp/B0H37V36JH/ref=zg_bsnr_g_679425011_d_sccl_35/144-4965723-3897025?psc=1,"https://images-na.ssl-images-amazon.com/images/I/71Bu6Js8cPL._AC_UL300_SR300,200_.jpg",33,排名进入前50；标题包含 comfort、beach，符合美国女鞋舒适化趋势；评分达到4.0以上。
2026-07-31,amazon_us,product,new_releases,New Releases Women Sandals,37,"Rihero Women's Flip Flops Multi-Strap Square Toe Flat Sandals | Trendy Strappy Flat Slides, Minimalist Knot Design, Lightweight Thong Sandals, Summer Casual Flats for Beach Vacation",,4.4,$23.99,,,,,,https://www.amazon.com/Rihero-Womens-Multi-Strap-Square-Sandals/dp/B0GXY9YNVR/ref=zg_bsnr_g_679425011_d_sccl_37/144-4965723-3897025?psc=1,"https://images-na.ssl-images-amazon.com/images/I/71AEMvKZgjL._AC_UL300_SR300,200_.jpg",33,排名进入前50；标题包含 beach、summer，符合美国女鞋舒适化趋势；评分达到4.3以上。
2026-07-31,amazon_us,product,search,women slides,42,Nike,¥297.00,4.6,Nike,,,,,,https://www.amazon.com/Nike-Womens-Slides-Black-Black-Black/dp/B0F8SFFBCK/ref=sr_1_31?dib=eyJ2IjoiMSJ9.wrqHnvIFpzxZDCy1gVq3f2HcNswV2RaHhxwkGjsTd_XPhdtNaEPBd0XGycAGVQXINputF-ZtqXqLxAO6OjwD-equCnp2AqJNcRMszgofUNDSsB6ok-HUPQxirJPJZrsuNi3hfRsBnJg9pB3U-6YifCSqgq7ss4aKcPPz2iGowXnUGUNy7u1Wnwv72nYqN-w3kqZeKAJk6HLplK31Fzh5y_m0zmnMt9Y7QAEUcHWGcuUUX0BLi2H7lHzYgpfn9DXAV7HnHULnB8svSrPcYgV5ZFMEesFwW37IFwVB-MPU1fA.q1kRqN4NrAMMemyCHLfK3hp9WNh17eKR9zGb_jWv8Po&dib_tag=se&keywords=women+slides&qid=1785471720&sr=8-31,https://m.media-amazon.com/images/I/61cHFBsaoCL._AC_UL320_.jpg,33,排名进入前50；价格高于人民币等值¥288.00；评分达到4.6以上。
2026-07-31,amazon_us,product,search,platform sandals women,44,Teva,¥467.93,4.6,Teva,,,,,,https://www.amazon.com/Teva-Womens-Flatform-Universal-Platform/dp/B00KXD9RDA/ref=sr_1_33?dib=eyJ2IjoiMSJ9.wIlL_eVtHzMil5mQkgwLspOrVi3mJA7g8CtfSlpv_hx3sPKdEPQTkFRXGMtHTypt_x0DbxviVZeSrJKXjUs0KJlltxp8g_eDimei8-gxy1-ZM5xYDnvnh6Za2TBeltvyN7syEVnxnQ-Kc2Tx_5TjZ8ApHtVRsC_wBywTvsWYgUG5iNpdTfif6VSKHN8lauJytnhUV3Z1isfc2mVr9ouZ6UGhXDvz5I8NWWrGB3REeLgnoN0J27Nk5HSXqjpBert3U7GzFGJzH1-9dFSAVEvkK7fKVqKDaCsTZk5cUlOY__Q.PIpeREYjo_BkWCeKaiWJQy8xQlq6Vlw0PFjYSEVKxjI&dib_tag=se&keywords=platform+sandals+women&qid=1785471720&sr=8-33,https://m.media-amazon.com/images/I/51hzsC5dKSL._AC_UL320_.jpg,33,排名进入前50；价格高于人民币等值¥288.00；评分达到4.6以上。
2026-07-31,amazon_us,product,search,women slides,44,OOFOS,¥431.64,4.3,OOFOS,,,,,,https://www.amazon.com/OOFOS-Womens-Unisex-Slide-Sandal/dp/B01LAK7UYC/ref=sr_1_33?dib=eyJ2IjoiMSJ9.wrqHnvIFpzxZDCy1gVq3f2HcNswV2RaHhxwkGjsTd_XPhdtNaEPBd0XGycAGVQXINputF-ZtqXqLxAO6OjwD-equCnp2AqJNcRMszgofUNDSsB6ok-HUPQxirJPJZrsuNi3hfRsBnJg9pB3U-6YifCSqgq7ss4aKcPPz2iGowXnUGUNy7u1Wnwv72nYqN-w3kqZeKAJk6HLplK31Fzh5y_m0zmnMt9Y7QAEUcHWGcuUUX0BLi2H7lHzYgpfn9DXAV7HnHULnB8svSrPcYgV5ZFMEesFwW37IFwVB-MPU1fA.q1kRqN4NrAMMemyCHLfK3hp9WNh17eKR9zGb_jWv8Po&dib_tag=se&keywords=women+slides&qid=1785471720&sr=8-33,https://m.media-amazon.com/images/I/519Avbo2jAL._AC_UL320_.jpg,30,排名进入前50；价格高于人民币等值¥288.00；评分达到4.3以上。
2026-07-31,amazon_us,product,search,platform sandals women,41,REEF,¥575.64,4.4,REEF,,,,,,https://www.amazon.com/REEF-Higher-Womens-Platform-Adjustable/dp/B0D9HYMNMN/ref=sr_1_30?dib=eyJ2IjoiMSJ9.wIlL_eVtHzMil5mQkgwLspOrVi3mJA7g8CtfSlpv_hx3sPKdEPQTkFRXGMtHTypt_x0DbxviVZeSrJKXjUs0KJlltxp8g_eDimei8-gxy1-ZM5xYDnvnh6Za2TBeltvyN7syEVnxnQ-Kc2Tx_5TjZ8ApHtVRsC_wBywTvsWYgUG5iNpdTfif6VSKHN8lauJytnhUV3Z1isfc2mVr9ouZ6UGhXDvz5I8NWWrGB3REeLgnoN0J27Nk5HSXqjpBert3U7GzFGJzH1-9dFSAVEvkK7fKVqKDaCsTZk5cUlOY__Q.PIpeREYjo_BkWCeKaiWJQy8xQlq6Vlw0PFjYSEVKxjI&dib_tag=se&keywords=platform+sandals+women&qid=1785471720&sr=8-30,https://m.media-amazon.com/images/I/51WBYuiSZiL._AC_UL320_.jpg,30,排名进入前50；价格高于人民币等值¥288.00；评分达到4.3以上。
2026-07-31,amazon_us,product,search,women summer slippers,49,EverFoams,,4.4,EverFoams,,,,,,https://www.amazon.com/EverFoams-Slippers-Outdoor-Outsole-Vanilla/dp/B0DPZPQ4JW/ref=sr_1_39?dib=eyJ2IjoiMSJ9.3B_wBrVg1UMy5tWehIloEsVeGJZ_3e858D5hpQtvnpQDm6sY8g4v-VR8VGlcZDhfSAoEZAjDAiUPCp8_oXaoFQQZ5-dCok6gPw6q3VgmoAAXBx66krxHMhMHI4yWI44_tpPYtUQrJvhJwSHc4CgVATHmSor2LDXASBmi3IM6746Zx47J9QvrVY7PZLr1PoUutWrfFt3RUpTvjXP-3ubrbnXddoZ-VZ70GIMhVyIAU0Ox42KQSvkpac4ZJfUW8rViWg75_Wsa7-_ybGlIpaMB1kOo9dTiYVhGu86jqRHW3ho.KXW7W0TyK03kOSebHRB1TuF3pPX3SL6Fhwzvtr7U39A&dib_tag=se&keywords=women+summer+slippers&qid=1785471719&sr=8-39,https://m.media-amazon.com/images/I/61-syU96aOL._AC_UL320_.jpg,27,排名进入前50；评分达到4.3以上。
2026-07-31,amazon_us,product,new_releases,New Releases Women Sandals,32,"CUSHIONAIRE Raz Thong Strappy Sandals for Women, Minimalist Flat Sandals with Decorative Ring Accents",,4.1,$39.99,,,,,,https://www.amazon.com/CUSHIONAIRE-Strappy-Sandals-Minimalist-Decorative/dp/B0H4N52BT2/ref=zg_bsnr_g_679425011_d_sccl_32/144-4965723-3897025?psc=1,"https://images-na.ssl-images-amazon.com/images/I/71jGJslIY4L._AC_UL300_SR300,200_.jpg",24,排名进入前50；评分达到4.0以上。
2026-07-31,amazon_us,product,best_sellers,Best Sellers Women Sandals,35,"CUSHIONAIRE Splash Jelly Flip Flops for Women With Flexible Sole, Glossy Jelly Finish Summer Sandals for Women",,3.7,$29.99,,,,,,https://www.amazon.com/CUSHIONAIRE-Flexible-Footbed-Sandals-WHISKEY/dp/B0FCZFSVZD/ref=zg_bs_g_679425011_d_sccl_35/144-4965723-3897025?psc=1,"https://images-na.ssl-images-amazon.com/images/I/71jSCW+w9gL._AC_UL300_SR300,200_.jpg",23,排名进入前50；标题包含 summer，符合美国女鞋舒适化趋势。
2026-07-31,amazon_us,product,search,platform sandals women,45,Madden Girl,¥392.76,3.9,Madden Girl,,,,,,https://www.amazon.com/Madden-Girl-Womens-Mythicall-Natural/dp/B0CNKPC4Y5/ref=sr_1_34?dib=eyJ2IjoiMSJ9.wIlL_eVtHzMil5mQkgwLspOrVi3mJA7g8CtfSlpv_hx3sPKdEPQTkFRXGMtHTypt_x0DbxviVZeSrJKXjUs0KJlltxp8g_eDimei8-gxy1-ZM5xYDnvnh6Za2TBeltvyN7syEVnxnQ-Kc2Tx_5TjZ8ApHtVRsC_wBywTvsWYgUG5iNpdTfif6VSKHN8lauJytnhUV3Z1isfc2mVr9ouZ6UGhXDvz5I8NWWrGB3REeLgnoN0J27Nk5HSXqjpBert3U7GzFGJzH1-9dFSAVEvkK7fKVqKDaCsTZk5cUlOY__Q.PIpeREYjo_BkWCeKaiWJQy8xQlq6Vlw0PFjYSEVKxjI&dib_tag=se&keywords=platform+sandals+women&qid=1785471720&sr=8-34,https://m.media-amazon.com/images/I/71SNHrdlHML._AC_UL320_.jpg,23,排名进入前50；价格高于人民币等值¥288.00。
2026-07-31,amazon_us,product,best_sellers,Best Sellers Women Sandals,39,"CUSHIONAIRE Vita Jelly Sandals for Women, Casual Lightweight Womens Strappy Sandals with Adjustable Buckle Strap and Gold Hardware Accent",,3.8,$39.99,,,,,,https://www.amazon.com/CUSHIONAIRE-Sandals-Lightweight-Adjustable-Hardware/dp/B0H1Y94T1T/ref=zg_bs_g_679425011_d_sccl_39/144-4965723-3897025?psc=1,"https://images-na.ssl-images-amazon.com/images/I/81Uy6Bt6XaL._AC_UL300_SR300,200_.jpg",20,排名进入前50。
