date,source,data_type,list_type,keyword,rank,title,price,rating,review_count,likes,comments,views,published_at,competition_count,product_url,image_url,hot_score,reason
2026-07-21,amazon_us,product,search,platform sandals women,21,"UBFEN Womens Comfortable Walking Sandals with Cushioned Sole | Non-Slip Rocker Bottom, Arch Support, Adjustable Straps, Lightweight Water Sport Platform Summer UBFEN Womens Comfortable Walking Sandals with Cushioned Sole | Non-Slip Rocker Bottom, Arch Suppor…",¥244.73,4.4,4.4,,,,,,https://sponsored-ads.amazon.com/clk/?_encoding=UTF8&p=eAFVT8uK01AApQ7qEOqDLkaouwpdFG7z6M2rEiSv6YQy7Uz6YJxNuLn35kHTJJNc2s4s-gXiShBx52-48hf8Br9CN4IdEc_qwHlxOHL8-cev749aT8z58sIZe-MrwXH9TkPsnUQ0T3fBaLWA8sD3lxHO_GzED09u355JINmEnqes4BruLHsznZh-U4F9aaD0RSj0hesHMys8Nt35met7s9YL7jGh9YoVZau5mPiuPR1NvGvXab9rcK_ulaCmqMJJUNIKFxliNEjzLM1pELKoxaE1uivyPi7W7Zd1CHCG6jrF4JABBycoxc5DmgeLWU-uQ8ASuqYE4CLLKGZpkYONBO7HAEYVqUGJ0pzRCuAiZzRnHYVrCM-_fHr_9ec3p_30r_fQ3nkmCYKg6VCFqiZpqigdLWbO8Mi-sHvj1mvHMu3y1AOqubduDojNvXWZs6vF1PwfeyveW5d7y_xD4nbTjt3dyHRjdWxS6WOD-9BIGCvrIc9vt9v-v-98XPJoyxPeEk7l87mm6c6bkgQVCcosIZXBukmNAlwFKTGE7k1KDFHVoCKokqx368oQgQpkJMuKFOkgIhEBUBREoEc6AURVENJ1XYMDqZsaqKy7qKKREerwPBs5S23wG1kDr70&v=c1&r=https%3A%2F%2Fwww.amazon.com%2Fgp%2Faw%2Fd%2FB0F5MT889D%3Fpd_rd_plhdr%3Dt%26hsa_cr_id%3D0%26qid%3D1784607259%26sr%3D1-7-5a5562f9-fdfd-4101-9f9d-d76aa9998432%26i%3Daps%26aref%3Db94MlGDV83&ref_=sbx__sbtcd2_asin_6_bkgd&pd_rd_w=gxojj&content-id=amzn1.sym.90f77631-9599-4fe0-95f8-a40adfe1c762%3Aamzn1.sym.90f77631-9599-4fe0-95f8-a40adfe1c762&pf_rd_p=90f77631-9599-4fe0-95f8-a40adfe1c762&pf_rd_r=P70PQNK445KFS90586RV&pd_rd_wg=Fbo8e&pd_rd_r=1e62df99-d964-44cb-9713-649cde1d7d78,"https://m.media-amazon.com/images/I/716lvrr5bHL._AC_SR322,134_CB1169409_QL70_.jpg",82,排名进入前30；价格处于人民币等值¥180.00-¥288.00区间；标题包含 platform、comfort、arch support、summer，符合美国女鞋舒适化趋势；platform + comfort组合趋势加分；评分达到4.3以上。
2026-07-21,amazon_us,product,best_sellers,Best Sellers Women Sandals,24,shevalues Orthopedic Sandals for Women Arch Support Recovery Flip Flops Pillow Soft Summer Beach Shoes,,4.3,$16.18,,,,,,https://www.amazon.com/Orthotic-Pillow-Recovery-Sandals-Support/dp/B09LC836QG/ref=zg_bs_g_679425011_d_sccl_24/145-4526400-8825731?psc=1,"https://images-na.ssl-images-amazon.com/images/I/61o9ArJVVsL._AC_UL600_SR600,400_.jpg",77,排名进入前30；标题包含 recovery、orthopedic、arch support、soft、beach、summer，符合美国女鞋舒适化趋势；orthopedic + arch support组合趋势加分；评分达到4.3以上。
2026-07-21,amazon_us,product,best_sellers,Best Sellers Women Sandals,5,Project Cloud 100% Genuine Leather Flat Sandals For Women 2026 Cork Footbed Womens Sandals with Memory Foam and arch support Vacation Essentials Slides for Women Footwear (Venita),,4.4,$24.90,,,,,,https://www.amazon.com/Project-Cloud-Comfortable-Essentials-Vacation/dp/B0CNYDBPDD/ref=zg_bs_g_679425011_d_sccl_5/145-4526400-8825731?psc=1,"https://images-na.ssl-images-amazon.com/images/I/71Zk8CZeYSL._AC_UL600_SR600,400_.jpg",76,排名靠前；标题包含 cloud、arch support，符合美国女鞋舒适化趋势；cloud + slides组合趋势加分；评分达到4.3以上。
2026-07-21,amazon_us,product,best_sellers,Best Sellers Women Sandals,26,"Goosecret Women's Comfortable Arch Support Walking Platform Sandals | Lightweight Chunky Slip-On Foam Slides with Adjustable Buckle, Sandals for Beach and Daily Wear",,4.3,$18.04,,,,,,https://www.amazon.com/Goosecret-Platform-Lightweight-Comfortable-Adjustable/dp/B0CZ75N4PP/ref=zg_bs_g_679425011_d_sccl_26/145-4526400-8825731?psc=1,"https://images-na.ssl-images-amazon.com/images/I/61l3YNTRtgL._AC_UL600_SR600,400_.jpg",72,排名进入前30；标题包含 platform、comfort、arch support、beach，符合美国女鞋舒适化趋势；platform + comfort组合趋势加分；评分达到4.3以上。
2026-07-21,amazon_us,product,best_sellers,Best Sellers Women Sandals,28,Project Cloud Platform Sandals Women – Strappy Wedges with Comfortable Plush & Soft Insole – Lightweight & Non Slip Platform Sandals for Women 2026,,4.3,$39.90,,,,,,https://www.amazon.com/Project-Cloud-Platform-Sandals-Footwear/dp/B0DR3LB5NG/ref=zg_bs_g_679425011_d_sccl_28/145-4526400-8825731?psc=1,"https://images-na.ssl-images-amazon.com/images/I/71lJvDGljyL._AC_UL600_SR600,400_.jpg",72,排名进入前30；标题包含 cloud、platform、comfort、soft、wedge，符合美国女鞋舒适化趋势；platform + comfort组合趋势加分；评分达到4.3以上。
2026-07-21,amazon_us,product,new_releases,New Releases Women Sandals,29,"QIY Flip Flops for Women Square Toe Platform Sandals Slides | Memory Foam Insole - Lightweight and Comfortable, Women Footwear Summer Thong Sandals for Women 2026",,4.6,$29.99,,,,,,https://www.amazon.com/QIY-Square-Platform-Sandals-Slides/dp/B0H13WC3CQ/ref=zg_bsnr_g_679425011_d_sccl_29/141-0238649-4687036?psc=1,"https://images-na.ssl-images-amazon.com/images/I/61c-vvOzT2L._AC_UL600_SR600,400_.jpg",72,排名进入前30；标题包含 platform、comfort、summer，符合美国女鞋舒适化趋势；platform + comfort组合趋势加分；评分达到4.6以上。
2026-07-21,amazon_us,product,new_releases,New Releases Women Sandals,30,SHIBEVER Womens Wedge Sandals Dressy: Arch Support Slip-On Comfortable Summer Sandals Open Toe Flower Casual Platform Shoes Size 5-11,,4.5,$32.39,,,,,,https://www.amazon.com/SHIBEVER-Comfortable-Lightweight-Platform-Vacation/dp/B0GZQ2W66D/ref=zg_bsnr_g_679425011_d_sccl_30/141-0238649-4687036?psc=1,"https://images-na.ssl-images-amazon.com/images/I/71s6gVMM2nL._AC_UL600_SR600,400_.jpg",72,排名进入前30；标题包含 platform、comfort、arch support、summer、wedge，符合美国女鞋舒适化趋势；platform + comfort组合趋势加分；评分达到4.3以上。
2026-07-21,amazon_us,product,search,platform sandals women,24,"UBFEN Womens Low Wedge Sandals Comfortable Walking Slides with Arch Support | Soft Cushioned Insoles 2 Adjustable Straps Slip On for Summer, Casual, Home, Quick Outings UBFEN Womens Low Wedge Sandals Comfortable Walking Slides with Arch Support | Soft Cushioned Insoles 2 Ad…",¥244.66,4.5,4.5,,,,,,https://sponsored-ads.amazon.com/clk/?_encoding=UTF8&p=eAFVT8uK01AApQ7qEOqDLmag7ip0UbjNzW2elSB5mQnFdiadlpnZhJvcmwdNk0xyaauLfoG4ExR3_oYrf8Fv8Ct0I9gR8awOnBeHI8eff_z6_qDzyLhcntsTb3IFbcfvtYTBSUyLbBe4q4UojXx_GUe5n7v8-OTN9RkC6Sb0PHklrsWdaW1mU8Nvy-IQjeShIMIhvLk3N8Njw7k8c3xv3jnlHhLarFhZddqLqe9YM3fq3Th2912Le36nBA3FdZQGFa2jMseMBlmRZwUNQhZ3OLzGb8tiGJXr7rMmBFGOmyaLwCEDDk5QCb37tAgW84HUhICldE0JiMo8pxHLygJsELgbAxGuSQMqnBWM1iAqC0YL1pO5Fnz65dP7rz-_2d3Hf72H9t4TBCFUNVERFRWpioCOFnN7fGSdW4NJ54VtGlb1ygOKsTdvD0iMvXlRsKvFzPgfezPZmxd70_hDkm7bSpydaziJMjEo-tjiPrRSxqpmzPPb7Xb47zufVDze8oQ3oStfyyNk37ysSFCToMpTUuusnzY4iOogIzrs32ZEFxRVlKGCJK3f1LoABAgkLEkyijUQk5gAUYAC0GKNAKLIGGuapooj1M90XDV9XNNYDzXxde7aS3X0GwWvr-8&v=c1&r=https%3A%2F%2Fwww.amazon.com%2Fgp%2Faw%2Fd%2FB0G6Y632DZ%3Fpd_rd_plhdr%3Dt%26hsa_cr_id%3D0%26qid%3D1784607259%26sr%3D1-10-5a5562f9-fdfd-4101-9f9d-d76aa9998432%26i%3Daps%26aref%3Db94MlGDV83&ref_=sbx__sbtcd2_asin_9_bkgd&pd_rd_w=gxojj&content-id=amzn1.sym.90f77631-9599-4fe0-95f8-a40adfe1c762%3Aamzn1.sym.90f77631-9599-4fe0-95f8-a40adfe1c762&pf_rd_p=90f77631-9599-4fe0-95f8-a40adfe1c762&pf_rd_r=P70PQNK445KFS90586RV&pd_rd_wg=Fbo8e&pd_rd_r=1e62df99-d964-44cb-9713-649cde1d7d78,"https://m.media-amazon.com/images/I/71oWoP-QXlL._AC_SR322,134_CB1169409_QL70_.jpg",72,排名进入前30；价格处于人民币等值¥180.00-¥288.00区间；标题包含 comfort、arch support、soft、summer、wedge，符合美国女鞋舒适化趋势；评分达到4.3以上。
2026-07-21,amazon_us,product,search,platform sandals women,31,"Women's Platform Clogs Sandals Cork Footbed with Comfort Double Buckles, Summer Platform Slides Mules, Summer Beach Comfort Wide Widths Availab",¥183.53,4.4,200+ bought in past month,,,,,,https://www.amazon.com/BiuYorBTY-Platform-Sandals-Footbed-Comfort/dp/B0DZ1NT6L9/ref=sr_1_15?dib=eyJ2IjoiMSJ9.wIlL_eVtHzMil5mQkgwLsqD11Kg-74ST5tOkpMxE5RWe2zjbOOgkTU8i_DqcCjCusJaeAHAQ4npXapEbK0L9aci6fuO8AwVxULxB3rI_qLJMtUse6dgKCW1sFIzdKiGr_VyE_bPtdq3tDbE37y_hZvQ53jrLqBRbh-w2H7FdkPj0xMK3v5EuB9rCe5FTIPyyXKPkaFrm2eepmvaObGLk2b2HoQmr84O9hp1iLbgFbdlAenn4ubu-8SG-gcFlAmRa8-5A6U5YnLaaL0tvYSICrFNGwAxdVVkz226K5unBUYk.IKOP3Ayd_6i7Msk6g2sKZtOTOS7rGuf-Eu7EfBKVGhg&dib_tag=se&keywords=platform+sandals+women&qid=1784607259&sr=8-15,https://m.media-amazon.com/images/I/716g0SFJuTL._AC_UL320_.jpg,72,排名进入前50；评论数达到50以上；价格处于人民币等值¥180.00-¥288.00区间；标题包含 platform、comfort、beach、summer，符合美国女鞋舒适化趋势；platform + comfort组合趋势加分；评分达到4.3以上。
2026-07-21,amazon_us,product,new_releases,New Releases Women Sandals,6,Project Cloud Platform Sandals Women - Memory Foam Insole Flip Flops and Lightweight Womens Sandals - Non-Slip Summer Thong Sandals for Women 2026 (ELEVATION),,4.4,$39.90,,,,,,https://www.amazon.com/Project-Cloud-Platform-Sandals-Women/dp/B0GTZM2X7L/ref=zg_bsnr_g_679425011_d_sccl_6/141-0238649-4687036?psc=1,"https://images-na.ssl-images-amazon.com/images/I/61E9Kh8oh9L._AC_UL600_SR600,400_.jpg",71,排名靠前；标题包含 cloud、platform、summer，符合美国女鞋舒适化趋势；评分达到4.3以上。
2026-07-21,amazon_us,product,best_sellers,Best Sellers Women Sandals,2,KuaiLu Flip Flops for Women with Arch Support Yoga Mat Comfortable Summer Beach Walking Thong Cushion Sandals Slip On Indoor Outdoor,,4.3,$13.29,,,,,,https://www.amazon.com/KuaiLu-Support-Comfortable-Walking-Sandals/dp/B0C5ZRQS2X/ref=zg_bs_g_679425011_d_sccl_2/145-4526400-8825731?psc=1,"https://images-na.ssl-images-amazon.com/images/I/710PdcSAm6L._AC_UL600_SR600,400_.jpg",70,排名靠前；标题包含 comfort、arch support、beach、summer，符合美国女鞋舒适化趋势；评分达到4.3以上。
2026-07-21,amazon_us,product,search,platform sandals women,8,Project Cloud,¥287.28,4.3,Project Cloud,,,,,,https://www.amazon.com/Project-Cloud-Platform-Sandals-Footwear/dp/B0DR3K9KR4/ref=sr_1_2?dib=eyJ2IjoiMSJ9.wIlL_eVtHzMil5mQkgwLsqD11Kg-74ST5tOkpMxE5RWe2zjbOOgkTU8i_DqcCjCusJaeAHAQ4npXapEbK0L9aci6fuO8AwVxULxB3rI_qLJMtUse6dgKCW1sFIzdKiGr_VyE_bPtdq3tDbE37y_hZvQ53jrLqBRbh-w2H7FdkPj0xMK3v5EuB9rCe5FTIPyyXKPkaFrm2eepmvaObGLk2b2HoQmr84O9hp1iLbgFbdlAenn4ubu-8SG-gcFlAmRa8-5A6U5YnLaaL0tvYSICrFNGwAxdVVkz226K5unBUYk.IKOP3Ayd_6i7Msk6g2sKZtOTOS7rGuf-Eu7EfBKVGhg&dib_tag=se&keywords=platform+sandals+women&qid=1784607259&sr=8-2,https://m.media-amazon.com/images/I/71lJvDGljyL._AC_UL320_.jpg,70,排名靠前；价格处于人民币等值¥180.00-¥288.00区间；标题包含 cloud，符合美国女鞋舒适化趋势；评分达到4.3以上。
2026-07-21,amazon_us,product,new_releases,New Releases Women Sandals,23,IDIFU Women's Wedge Thong Flip Flops Platform Round Toe Slip On Slides Sandals Comfortable Cushioned Summer Pool Beach Casual Wedge Heels,,4.2,$41.99,,,,,,https://www.amazon.com/IDIFU-Platform-Sandals-Comfortable-Cushioned/dp/B0GXV5TRTY/ref=zg_bsnr_g_679425011_d_sccl_23/141-0238649-4687036?psc=1,"https://images-na.ssl-images-amazon.com/images/I/71OEoyMZHAL._AC_UL600_SR600,400_.jpg",69,排名进入前30；标题包含 platform、comfort、beach、summer、wedge，符合美国女鞋舒适化趋势；platform + comfort组合趋势加分；评分达到4.0以上。
2026-07-21,amazon_us,product,best_sellers,Best Sellers Women Sandals,9,"ODOLY Unisex Comfortable Cork Footbed Slide Sandals with Arch Support | Adjustable Buckle, Lightweight Summer Sandals for Travel and Everyday Wear",,4.5,$17.99,,,,,,https://www.amazon.com/ODOLY-Footbed-Comfortable-Sandals-Adjustable/dp/B0CSMN1X4W/ref=zg_bs_g_679425011_d_sccl_9/145-4526400-8825731?psc=1,"https://images-na.ssl-images-amazon.com/images/I/61iYsM+H9QL._AC_UL600_SR600,400_.jpg",67,排名靠前；标题包含 comfort、arch support、summer，符合美国女鞋舒适化趋势；评分达到4.3以上。
2026-07-21,amazon_us,product,search,women summer slippers,6,Litfun,¥136.73,4.4,Litfun,,,,,,https://www.amazon.com/Litfun-Orthopedic-Slippers-Support-Corduroy/dp/B0FH4NQLCJ/ref=sr_1_3?dib=eyJ2IjoiMSJ9.edQbWdZgRC57j1GkLLh3yg_5pR05vUY5G0-dACSTUcGCCuSasGfhXmBH14w-kEIE04qTS0GXIXnP-1sIW60vNyv3OSYG0JDNiMc2GonH0B-ksvPwt6J7CZgLbJs4_olyTGjb0E9GFyLdvbOnjcUec_ZDYNlrpAvw3mkF7NG5yBS0yR7IHYRKENdGbOlA2yosvo-PMy7fizEkvbOCWuCeAa3QMo8qqFy5l6Eh3lk9eay78HLroYYPVnM8su7KRc8Nbd98yOc6YBHA_ql4bKzhe5aBK7MxUGXAJGO62eMbVLQ.i0JSVKaNBZ0eH5C0phIICytEPQxY_6VMrQpfhAROtRs&dib_tag=se&keywords=women+summer+slippers&qid=1784607258&sr=8-3,https://m.media-amazon.com/images/I/713-nTTXUXL._AC_UL320_.jpg,67,排名靠前；价格处于人民币等值¥57.60-¥180.00黄金区间；评分达到4.3以上。
2026-07-21,amazon_us,product,search,women summer slippers,7,WHITIN,¥71.93,4.3,WHITIN,,,,,,https://www.amazon.com/WHITIN-Slippers-Cushioned-Fashionable-Lightweight/dp/B0C1C17KH8/ref=sr_1_4?dib=eyJ2IjoiMSJ9.edQbWdZgRC57j1GkLLh3yg_5pR05vUY5G0-dACSTUcGCCuSasGfhXmBH14w-kEIE04qTS0GXIXnP-1sIW60vNyv3OSYG0JDNiMc2GonH0B-ksvPwt6J7CZgLbJs4_olyTGjb0E9GFyLdvbOnjcUec_ZDYNlrpAvw3mkF7NG5yBS0yR7IHYRKENdGbOlA2yosvo-PMy7fizEkvbOCWuCeAa3QMo8qqFy5l6Eh3lk9eay78HLroYYPVnM8su7KRc8Nbd98yOc6YBHA_ql4bKzhe5aBK7MxUGXAJGO62eMbVLQ.i0JSVKaNBZ0eH5C0phIICytEPQxY_6VMrQpfhAROtRs&dib_tag=se&keywords=women+summer+slippers&qid=1784607258&sr=8-4,https://m.media-amazon.com/images/I/71nA8egRirL._AC_UL320_.jpg,67,排名靠前；价格处于人民币等值¥57.60-¥180.00黄金区间；评分达到4.3以上。
2026-07-21,amazon_us,product,search,women summer slippers,8,GOEWY,¥93.53,4.3,GOEWY,,,,,,https://www.amazon.com/GOEWY-Slippers-Anti-Skid-Birthday-Bridesmaid/dp/B0DRFQKGW3/ref=sr_1_5?dib=eyJ2IjoiMSJ9.edQbWdZgRC57j1GkLLh3yg_5pR05vUY5G0-dACSTUcGCCuSasGfhXmBH14w-kEIE04qTS0GXIXnP-1sIW60vNyv3OSYG0JDNiMc2GonH0B-ksvPwt6J7CZgLbJs4_olyTGjb0E9GFyLdvbOnjcUec_ZDYNlrpAvw3mkF7NG5yBS0yR7IHYRKENdGbOlA2yosvo-PMy7fizEkvbOCWuCeAa3QMo8qqFy5l6Eh3lk9eay78HLroYYPVnM8su7KRc8Nbd98yOc6YBHA_ql4bKzhe5aBK7MxUGXAJGO62eMbVLQ.i0JSVKaNBZ0eH5C0phIICytEPQxY_6VMrQpfhAROtRs&dib_tag=se&keywords=women+summer+slippers&qid=1784607258&sr=8-5,https://m.media-amazon.com/images/I/71cJmHLWhGL._AC_UL320_.jpg,67,排名靠前；价格处于人民币等值¥57.60-¥180.00黄金区间；评分达到4.3以上。
2026-07-21,amazon_us,product,search,women summer slippers,9,GOEWY,¥71.93,4.3,GOEWY,,,,,,https://www.amazon.com/GOEWY-Slippers-Womens-Outdoor-Corduroy/dp/B0DT6JK3L7/ref=sr_1_6?dib=eyJ2IjoiMSJ9.edQbWdZgRC57j1GkLLh3yg_5pR05vUY5G0-dACSTUcGCCuSasGfhXmBH14w-kEIE04qTS0GXIXnP-1sIW60vNyv3OSYG0JDNiMc2GonH0B-ksvPwt6J7CZgLbJs4_olyTGjb0E9GFyLdvbOnjcUec_ZDYNlrpAvw3mkF7NG5yBS0yR7IHYRKENdGbOlA2yosvo-PMy7fizEkvbOCWuCeAa3QMo8qqFy5l6Eh3lk9eay78HLroYYPVnM8su7KRc8Nbd98yOc6YBHA_ql4bKzhe5aBK7MxUGXAJGO62eMbVLQ.i0JSVKaNBZ0eH5C0phIICytEPQxY_6VMrQpfhAROtRs&dib_tag=se&keywords=women+summer+slippers&qid=1784607258&sr=8-6,https://m.media-amazon.com/images/I/71TQP3PmgbL._AC_UL320_.jpg,67,排名靠前；价格处于人民币等值¥57.60-¥180.00黄金区间；评分达到4.3以上。
2026-07-21,amazon_us,product,search,women slides,3,adidas,¥151.13,4.4,adidas,,,,,,https://www.amazon.com/adidas-Unisex-Adilette-Shower-Sandal/dp/B091ZGQF6G/ref=sr_1_2?dib=eyJ2IjoiMSJ9.wrqHnvIFpzxZDCy1gVq3f4lU1Vnrjhi4TbSLsbHbjD0xXo99n1y-JyWu8hO04zMbXwJcFblfA2U_9k5vODoelXxFrwBlEMCufqqufTM1e9nzTYKFANmcsuPIhamKEIiWAOR-WcuTk0B58i7XZVOtOaZL5U7eL8Ee2vaQjJHGQpHJYCgxtylvIttd0iz6DDoVrauGht7763LjiV3mhz-AxMXSMEjzqE2AYdgFTFxPtCysAyzNzGBoyt2d_6131VVD_I-0mVHEGtwwlx8tmi9FKvguRQysp3lchH4RUTeuQvo.WaLif_f2Uq-4e0YoVMAFs-NdV-UEtsjrgMq-06qiTh4&dib_tag=se&keywords=women+slides&qid=1784607259&sr=8-2,https://m.media-amazon.com/images/I/61CCABduhML._AC_UL320_.jpg,67,排名靠前；价格处于人民币等值¥57.60-¥180.00黄金区间；评分达到4.3以上。
2026-07-21,amazon_us,product,search,women slides,4,Joomra Pillow Slippers for Women and Men Non Slip Quick Drying Shower Slides Bathroom Sandals | Ultra Cushion | Thick Sole Joomra Pillow Slippers for Women and Men Non Slip Quick Drying Shower Slides Bathroom Sandals | Ultra Cu…,¥137.52,4.3,4.3,,,,,,https://sponsored-ads.amazon.com/clk/?_encoding=UTF8&p=eAFVT02P0kAADW7UTYMf4bCbsDdMOJAMnZZ-UEyzaWllKwoLBZdwaYaZaZlYpqWdCPHAH9CjiQf_g0fP_gZ_gwevnr2YyBrjO73kfeVJ5PTT91_f7tUeOLNX194wGC6g508bFaV1FlPO9tF4psdzLUgwfwGD5Q3snb1k3eU2dEehOmNp5o_Iaj-Ck2nV0Npqx2grGmzD5Z3QXZ06_uzKnwZh7Vy6T2j5WmR5rTofTf3-eDAKlr5Xf1-RntwqUUlRgddRTgucpUjQiPGUcRqtRFyT0Aa9zXgbZ5v6RbkCOEVlyTA4ZsDRCXKlcZfyaB629HIFxJpuKAE4S1OKBcs4eKOC2zGAUUFKkCPGBS0AzrigXDQMqQIff_n5-d2Pr1794V_vsb3xSIUQdhUddnWrY5mKejIPvd5J_7rfGtaeeq7Tz58FwHQO7vaIxDm4Ey4W87HzPw5ucnAnB9f5Q5J6tZ_4-4HjJ-bQoerHivShshYiL3uyvNvt2v--y0kuo51MZBdas-eLhXflXeYkKkiUp2tS2KK5LlGEi4gRGza3jNiK2dUMaKq61SwLWwEK0JGuG2psgZjEBGgKVIAVWwQQ00DIsqyu1lGbzEZ52UQFjW2cMTc3B4V38xsdfbEY&v=c1&r=https%3A%2F%2Fwww.amazon.com%2Fgp%2Faw%2Fd%2FB09TJXXDHD%3Fpd_rd_plhdr%3Dt%26hsa_cr_id%3D0%26qid%3D1784607259%26sr%3D1-1-5a5562f9-fdfd-4101-9f9d-d76aa9998432%26i%3Daps%26aref%3DcoiBp7GrDW&ref_=sbx__sbtcd2_asin_0_bkgd&pd_rd_w=mzUwW&content-id=amzn1.sym.90f77631-9599-4fe0-95f8-a40adfe1c762%3Aamzn1.sym.90f77631-9599-4fe0-95f8-a40adfe1c762&pf_rd_p=90f77631-9599-4fe0-95f8-a40adfe1c762&pf_rd_r=3Y3JQ71F62E3SN5BA84S&pd_rd_wg=x4ssI&pd_rd_r=fb1b0e3d-e2eb-442f-a2d8-f343f0eab669,"https://m.media-amazon.com/images/I/71CIVcXsl4L._AC_SR322,134_CB1169409_QL70_.jpg",67,排名靠前；价格处于人民币等值¥57.60-¥180.00黄金区间；评分达到4.3以上。
2026-07-21,amazon_us,product,search,platform sandals women,7,Goosecret,¥129.89,4.3,Products highlighted as 'Overall Pick' are:,,,,,,https://www.amazon.com/Goosecret-Platform-Lightweight-Comfortable-Adjustable/dp/B0CZ75N4PP/ref=sr_1_1?dib=eyJ2IjoiMSJ9.wIlL_eVtHzMil5mQkgwLsqD11Kg-74ST5tOkpMxE5RWe2zjbOOgkTU8i_DqcCjCusJaeAHAQ4npXapEbK0L9aci6fuO8AwVxULxB3rI_qLJMtUse6dgKCW1sFIzdKiGr_VyE_bPtdq3tDbE37y_hZvQ53jrLqBRbh-w2H7FdkPj0xMK3v5EuB9rCe5FTIPyyXKPkaFrm2eepmvaObGLk2b2HoQmr84O9hp1iLbgFbdlAenn4ubu-8SG-gcFlAmRa8-5A6U5YnLaaL0tvYSICrFNGwAxdVVkz226K5unBUYk.IKOP3Ayd_6i7Msk6g2sKZtOTOS7rGuf-Eu7EfBKVGhg&dib_tag=se&keywords=platform+sandals+women&qid=1784607259&sr=8-1,https://m.media-amazon.com/images/I/61l3YNTRtgL._AC_UL320_.jpg,67,排名靠前；价格处于人民币等值¥57.60-¥180.00黄金区间；评分达到4.3以上。
2026-07-21,amazon_us,product,search,platform sandals women,16,"UBFEN Womens Hiking Sandals Outdoors Water Sport Arch Support | Comfortable Adjustable Ankle Strap, Lightweight Suitable for Beach, Travel, Golf and Daily Wear UBFEN Womens Hiking Sandals Outdoors Water Sport Arch Support | Comfortable Adjustable An…",¥287.71,4.5,4.5,,,,,,https://sponsored-ads.amazon.com/clk/?_encoding=UTF8&p=eAFVT8uK01AApQ7qEOqDLkaouwpdFG7z6M2rEiSv6YRiO5NOy0w34ebemwdNk0xyaTuz6BeIK0HEnb_hyl_wG_wK3Qh2RDyrA-fF4cjx5x-_vj9qPTEvF-fO2BtfCY7rdxpi7ySieboLRqs5lAe-v4hw5mcjfnhye30mgWQTep6ygmu4s-zNdGL6TQX2pYHSF6HQF5YPZlZ4bLqXZ67vzVovuMeE1itWlK3mfOK79nQ08Zau037X4F7dK0FNUYWToKQVLjLEaJDmWZrTIGRRi0NrdFfkfVys2y_rEOAM1XWKwSEDDk5Qip2HNA_ms55ch4AldE0JwEWWUczSIgcbCdyPAYwqUoMSpTmjFcBFzmjOOgrXEJ5_-fT-689vTvvpX--hvfNMEgRB06EKVU3SVFE6ms-c4ZF9bvfGrdeOZdrlqQdUc2_dHBCbe-siZ1fzqfk_9la8ty72lvmHxO2mHbu7kenG6tik0scG96GRMFbWQ57fbrf9f9_5uOTRlie8JTj-5PrUny3flCSoSFBmCakM1k1qFOAqSIkhdG9SYoiqBhVBlWS9W1eGCCQgI1lWpEgHEYkIgKIgAj3SCSCqgpCu6xocSN3UQGXdRRWNjFCHb7ORs9AGvwGMFLAx&v=c1&r=https%3A%2F%2Fwww.amazon.com%2Fgp%2Faw%2Fd%2FB0DRNYFRSZ%3Fpd_rd_plhdr%3Dt%26hsa_cr_id%3D0%26qid%3D1784607259%26sr%3D1-2-5a5562f9-fdfd-4101-9f9d-d76aa9998432%26i%3Daps%26aref%3Db94MlGDV83&ref_=sbx__sbtcd2_asin_1_bkgd&pd_rd_w=gxojj&content-id=amzn1.sym.90f77631-9599-4fe0-95f8-a40adfe1c762%3Aamzn1.sym.90f77631-9599-4fe0-95f8-a40adfe1c762&pf_rd_p=90f77631-9599-4fe0-95f8-a40adfe1c762&pf_rd_r=P70PQNK445KFS90586RV&pd_rd_wg=Fbo8e&pd_rd_r=1e62df99-d964-44cb-9713-649cde1d7d78,"https://m.media-amazon.com/images/I/717GNQe0uTL._AC_SR322,134_CB1169409_QL70_.jpg",67,排名进入前30；价格处于人民币等值¥180.00-¥288.00区间；标题包含 comfort、arch support、beach，符合美国女鞋舒适化趋势；评分达到4.3以上。
2026-07-21,amazon_us,product,search,platform sandals women,17,UBFEN Womens Hiking Sandals Comfortable Walking Sandals Summer Sport Breathable Arch Support UBFEN Womens Hiking Sandals Comfortable Walking Sandals Summer Sport Breathable Arch Support,¥287.93,4.5,4.5,,,,,,https://sponsored-ads.amazon.com/clk/?_encoding=UTF8&p=eAFVT8uK01AApQ7qEOqDLkaouwpdFG7zaJ6VIHnZhmLbSabDOJtwc-_Ng6ZJJvfSVhf9AnEliLjzN1z5C36DX6EbwY6IZ3XgvDgcPv3849f3e50H1sXl0p35syvB9YJeSxycJaTM99FkvZKVURBcJqgIigk_PnvzeiqBbBv7vrqWN_LedraLuRW0VXkojdShKAtD4fpOaMenlncx9QI_7Dzh7mNC16yqO-3VPPCcxWTuX3tu912Le3arRJTABmVRTRpUFZCRKC-LvCRRzJIOBzfwbVUOUbXpPqUxQAWkNEfgmAFHJ6jF3l1SRqtwoNAYsIxsCAaoKgqCWF6VYCuB2zGAYIMpqGFeMtIAVJWMlKynci3h8ZdP77_-_OZ2H_71Htt7jyRBEHRD1mRNl3RNlE5WoTs-cZbOYNZ57tqWU7_0gWYd7JsjUutgn5fsarWw_sfBTg_2-cG2_pC023ZSbz-xvFSbWUT62OI-tDLGajrm-d1uN_z3nU9rHu54zNuCG9r2bLoMX9Q4anBUFxluTNbPKIxQE-XYFPo3OTZFTZdVQZMUo08bUwQjoEBFUaXEAAlOMJBFQQRGYmCANRVCwzB0eST1cxPWtA8bkpixIb8qJu6lPvoNdwqwAQ&v=c1&r=https%3A%2F%2Fwww.amazon.com%2Fgp%2Faw%2Fd%2FB0DSBBKHPS%3Fpd_rd_plhdr%3Dt%26hsa_cr_id%3D0%26qid%3D1784607259%26sr%3D1-3-5a5562f9-fdfd-4101-9f9d-d76aa9998432%26i%3Daps%26aref%3Db94MlGDV83&ref_=sbx__sbtcd2_asin_2_bkgd&pd_rd_w=gxojj&content-id=amzn1.sym.90f77631-9599-4fe0-95f8-a40adfe1c762%3Aamzn1.sym.90f77631-9599-4fe0-95f8-a40adfe1c762&pf_rd_p=90f77631-9599-4fe0-95f8-a40adfe1c762&pf_rd_r=P70PQNK445KFS90586RV&pd_rd_wg=Fbo8e&pd_rd_r=1e62df99-d964-44cb-9713-649cde1d7d78,"https://m.media-amazon.com/images/I/71Z6cqgY7dL._AC_SR322,134_CB1169409_QL70_.jpg",67,排名进入前30；价格处于人民币等值¥180.00-¥288.00区间；标题包含 comfort、arch support、summer，符合美国女鞋舒适化趋势；评分达到4.3以上。
2026-07-21,amazon_us,product,best_sellers,Best Sellers Women Sandals,14,"FUNKYMONKEY Jelly Sandals for Women with Adjustable Buckle, Comfortable Chunky Slip-on Beach Slides, Waterproof Platform Shoes for Pool Shower Casual Wear",,4.1,$17.09,,,,,,https://www.amazon.com/FUNKYMONKEY-Comfort-Adjustable-Sandals-US-Women/dp/B07CV9YZBB/ref=zg_bs_g_679425011_d_sccl_14/145-4526400-8825731?psc=1,"https://images-na.ssl-images-amazon.com/images/I/51o3wxcasIL._AC_UL600_SR600,400_.jpg",66,排名进入前30；标题包含 platform、comfort、beach，符合美国女鞋舒适化趋势；platform + comfort组合趋势加分；评分达到4.0以上。
2026-07-21,amazon_us,product,best_sellers,Best Sellers Women Sandals,30,Project Cloud 100% Genuine Leather Footbed Sandals for Women 2026 Comfortable Beach Essentials Womens Sandals Memory Foam Vacation Essentials Slides for Women Footwear (Santorini),,4.2,$39.90,,,,,,https://www.amazon.com/Project-Cloud-Genuine-Leather-Sandals/dp/B0D75DL96M/ref=zg_bs_g_679425011_d_sccl_30/145-4526400-8825731?psc=1,"https://images-na.ssl-images-amazon.com/images/I/81KEpbRPxUL._AC_UL600_SR600,400_.jpg",66,排名进入前30；标题包含 cloud、comfort、beach，符合美国女鞋舒适化趋势；cloud + slides组合趋势加分；评分达到4.0以上。
2026-07-21,amazon_us,product,best_sellers,Best Sellers Women Sandals,8,OOFOS OOahh Recovery Slide - Women’s and Men’s,,4.4,$59.95,,,,,,https://www.amazon.com/OOFOS-Unisex-Ooahh-Slide-Sandal/dp/B00BRC4L14/ref=zg_bs_g_679425011_d_sccl_8/145-4526400-8825731?psc=1,"https://images-na.ssl-images-amazon.com/images/I/51NSD3PLF-L._AC_UL600_SR600,400_.jpg",65,排名靠前；评论数达到50以上；标题包含 recovery，符合美国女鞋舒适化趋势；评分达到4.3以上。
2026-07-21,amazon_us,product,new_releases,New Releases Women Sandals,22,"MellowSoft Cloud Slides for Women & Men – Ultra Soft CloudFoam Cushioning Slides, Thick Shock-Absorbing Sole, Lightweight Anti-Slip Recovery Sandals for Indoor & Outdoor Comfort",,3.4,$39.00,,,,,,https://www.amazon.com/MellowSoft-Cloud-Slides-Women-Shock-Absorbing/dp/B0H52VV17P/ref=zg_bsnr_g_679425011_d_sccl_22/141-0238649-4687036?psc=1,"https://images-na.ssl-images-amazon.com/images/I/51KGd55hl5L._AC_UL600_SR600,400_.jpg",65,排名进入前30；标题包含 cloud、recovery、comfort、soft，符合美国女鞋舒适化趋势；cloud + slides组合趋势加分。
2026-07-21,amazon_us,product,best_sellers,Best Sellers Women Sandals,3,"Archies Arch Support Flip Flops for Men & Women – Orthotic Sandals for Plantar Fasciitis Relief – Lightweight, Cushioning, Shock-Absorbing Thong Sandals for Walking, Foot Pain & All-Day Comfort",,4.3,$40.00,,,,,,https://www.amazon.com/Archies-Womens-Arch-Support-Black/dp/B086SYFKLP/ref=zg_bs_g_679425011_d_sccl_3/145-4526400-8825731?psc=1,"https://images-na.ssl-images-amazon.com/images/I/81xintmVcHL._AC_UL600_SR600,400_.jpg",64,排名靠前；标题包含 comfort、arch support，符合美国女鞋舒适化趋势；评分达到4.3以上。
2026-07-21,amazon_us,product,best_sellers,Best Sellers Women Sandals,4,mazeskin Women's Memory Foam Comfortable Flat Thong Sandals Dressy Summer Beach Leather Slide Flip Flops,,4.3,$9.48,,,,,,https://www.amazon.com/mazeskin-Womens-Comfortable-Sandals-Leather/dp/B0F32KMZ18/ref=zg_bs_g_679425011_d_sccl_4/145-4526400-8825731?psc=1,"https://images-na.ssl-images-amazon.com/images/I/71jV8GHPNSL._AC_UL600_SR600,400_.jpg",64,排名靠前；标题包含 comfort、beach、summer，符合美国女鞋舒适化趋势；评分达到4.3以上。
2026-07-21,amazon_us,product,best_sellers,Best Sellers Women Sandals,6,CUSHIONAIRE Lane Cork Footbed Womens Sandals Comfortable Double Buckle Slip On Sandals for Women with Arch Support and Classic Two Strap Design,,4.5,$34.99,,,,,,https://www.amazon.com/CUSHIONAIRE-Womens-Slide-Sandals-Brown/dp/B075PBVR9N/ref=zg_bs_g_679425011_d_sccl_6/145-4526400-8825731?psc=1,"https://images-na.ssl-images-amazon.com/images/I/81suZ76XHpL._AC_UL600_SR600,400_.jpg",64,排名靠前；标题包含 comfort、arch support，符合美国女鞋舒适化趋势；评分达到4.3以上。
2026-07-21,amazon_us,product,search,women summer slippers,4,Sksshion,¥136.73,4.2,Products highlighted as 'Overall Pick' are:,,,,,,https://www.amazon.com/Sksshion-Womens-Slides-Sandals-Slippers/dp/B0DP76JQ4X/ref=sr_1_1?dib=eyJ2IjoiMSJ9.edQbWdZgRC57j1GkLLh3yg_5pR05vUY5G0-dACSTUcGCCuSasGfhXmBH14w-kEIE04qTS0GXIXnP-1sIW60vNyv3OSYG0JDNiMc2GonH0B-ksvPwt6J7CZgLbJs4_olyTGjb0E9GFyLdvbOnjcUec_ZDYNlrpAvw3mkF7NG5yBS0yR7IHYRKENdGbOlA2yosvo-PMy7fizEkvbOCWuCeAa3QMo8qqFy5l6Eh3lk9eay78HLroYYPVnM8su7KRc8Nbd98yOc6YBHA_ql4bKzhe5aBK7MxUGXAJGO62eMbVLQ.i0JSVKaNBZ0eH5C0phIICytEPQxY_6VMrQpfhAROtRs&dib_tag=se&keywords=women+summer+slippers&qid=1784607258&sr=8-1,https://m.media-amazon.com/images/I/71E9gKBPQjL._AC_UL320_.jpg,64,排名靠前；价格处于人民币等值¥57.60-¥180.00黄金区间；评分达到4.0以上。
2026-07-21,amazon_us,product,search,platform sandals women,15,"UBFEN Womens Low Wedge Walking Sandals with Arch Support | Open Toe Sandals Adjustable Instep and Ankle Straps for Summer Everyday Outfits, Travel,Vacation UBFEN Womens Low Wedge Walking Sandals with Arch Support | Open Toe Sandals Adjustable Instep and Ankle…",¥287.93,4.5,4.5,,,,,,https://sponsored-ads.amazon.com/clk/?_encoding=UTF8&p=eAFVT8uK01AApQ6jQ6gPupiBuqvQReE2N2melTDkZSeUaWfSB-Nswk3uzYOmSSb30lYX_QJxJYi48zdc-Qt-g1-hG8GOiGd14Lw4HD75_OPX94etx-Z8eeWMvfENdFy_0xB6pzEpsl0wWi0keeD7yzjK_XzED0_fvL4QQboJPU9ZSWtpZ9mb6cT0m4rUFwdKX5BgH94-mFnhienOL1zfm7XOuEeY0BUrq1ZzMfFdezqaeLeu037X4F7cKwElqI7SoCJ1VOaIkSAr8qwgQcjiFofW6G1Z9KNy3X5OQxDliNIsAocMODhBJXSOSREsZj2ZhoClZE0wiMo8JxHLygJsRHA_BiJUYwoqlBWM1CAqC0YK1lG4Bnz25dP7rz-_Oe0nf72H9s5TEUKo6ZIqqZqoqYJ4tJg5wyP7yu6NWy8dy7SrVx5Qzb11d0Bi7q3rgt0spub_2FvJ3rreW-YfkrSbduLuRqabqGOTiB8b3IdGylhFhzy_3W77_77zScWjLY95CzpzZXypC5PzCgc1Dqo8xbXBuilFQVQHGTZg9y7DhqBqkgJVUda7tDYEIAAZybIixjqIcYyBJEAB6LGOAVYVhHRd16SB2M0MVNEuqklshLp0mY-cpTb4DWDFr8w&v=c1&r=https%3A%2F%2Fwww.amazon.com%2Fgp%2Faw%2Fd%2FB0DT6KM91N%3Fpd_rd_plhdr%3Dt%26hsa_cr_id%3D0%26qid%3D1784607259%26sr%3D1-1-5a5562f9-fdfd-4101-9f9d-d76aa9998432%26i%3Daps%26aref%3Db94MlGDV83&ref_=sbx__sbtcd2_asin_0_bkgd&pd_rd_w=gxojj&content-id=amzn1.sym.90f77631-9599-4fe0-95f8-a40adfe1c762%3Aamzn1.sym.90f77631-9599-4fe0-95f8-a40adfe1c762&pf_rd_p=90f77631-9599-4fe0-95f8-a40adfe1c762&pf_rd_r=P70PQNK445KFS90586RV&pd_rd_wg=Fbo8e&pd_rd_r=1e62df99-d964-44cb-9713-649cde1d7d78,"https://m.media-amazon.com/images/I/719rrnL3i+L._AC_SR322,134_CB1169409_QL70_.jpg",64,排名进入前30；价格处于人民币等值¥180.00-¥288.00区间；标题包含 arch support、summer、wedge，符合美国女鞋舒适化趋势；评分达到4.3以上。
2026-07-21,amazon_us,product,search,platform sandals women,18,"UBFEN Womens Square Toe Flat Sandals Slides Dressy Comfortable for Beach | Summer Sandals, Cushion Insole, Non Slip, Slip On Slides, Zero Drop UBFEN Womens Square Toe Flat Sandals Slides Dressy Comfortable for Beach | Summer Sandals, Cushion In…",¥194.33,4.4,4.4,,,,,,https://sponsored-ads.amazon.com/clk/?_encoding=UTF8&p=eAFVT8uK01AApQ7qEOqDLkaouwpdFG7z6M2rEiSv6YQ67Uw6rWM34ebemwdNk0xyaauLfoG4EkTc-Ruu_AW_wa_QjWBHxLM6cF4cjhx__vHr-73WA_NqceGMvfG14Lh-pyH2TiKap7tgtJpDeeD7iwhnfjbihydvXp9JINmEnqes4BruLHsznZh-U4F9aaD0RSj0heWdmRUem-7Vmet7s9YT7j6h9YoVZas5n_iuPR1NvKXrtN81uGe3SlBTVOEkKGmFiwwxGqR5luY0CFnU4tAavS3yPi7W7ad1CHCG6jrF4JABBycoxc5dmgfzWU-uQ8ASuqYE4CLLKGZpkYONBG7HAEYVqUGJ0pzRCuAiZzRnHYVrCI-_fHr_9ec3p_3wr_fQ3nkkCYKg6VCFqiZpqigdzWfO8Mi-sHvj1nPHMu3y1AOqubduDojNvXWZs-v51PwfeyveW5d7y_xD4nbTjt3dyHRjdWxS6WOD-9BIGCvrIc9vt9v-v-98XPJoyxPeEk6vly_PX2mTFyUJKhKUWUIqg3WTGgW4ClJiCN2blBiiqkFFUCVZ79aVIQIIZCTLihTpICIRAVAURKBHOgFEVRDSdV2DA6mbGqisu6iikRHq8DwbOQtt8BuEWrAf&v=c1&r=https%3A%2F%2Fwww.amazon.com%2Fgp%2Faw%2Fd%2FB0FXZLMW8N%3Fpd_rd_plhdr%3Dt%26hsa_cr_id%3D0%26qid%3D1784607259%26sr%3D1-4-5a5562f9-fdfd-4101-9f9d-d76aa9998432%26i%3Daps%26aref%3Db94MlGDV83&ref_=sbx__sbtcd2_asin_3_bkgd&pd_rd_w=gxojj&content-id=amzn1.sym.90f77631-9599-4fe0-95f8-a40adfe1c762%3Aamzn1.sym.90f77631-9599-4fe0-95f8-a40adfe1c762&pf_rd_p=90f77631-9599-4fe0-95f8-a40adfe1c762&pf_rd_r=P70PQNK445KFS90586RV&pd_rd_wg=Fbo8e&pd_rd_r=1e62df99-d964-44cb-9713-649cde1d7d78,"https://m.media-amazon.com/images/I/71vcqnM8CfL._AC_SR322,134_CB1169409_QL70_.jpg",64,排名进入前30；价格处于人民币等值¥180.00-¥288.00区间；标题包含 comfort、beach、summer，符合美国女鞋舒适化趋势；评分达到4.3以上。
2026-07-21,amazon_us,product,search,platform sandals women,20,"UBFEN Womens Comfy Arch Support Slide Sandals, Adjustable Double Straps | Soft Cushioned Footbed, Open Toe Slip On, Lightweight, for Summer Walking Travel Casual Daily Use UBFEN Womens Comfy Arch Support Slide Sandals, Adjustable Double Straps | Soft Cushioned Footbed, O…",¥215.93,4.4,4.4,,,,,,https://sponsored-ads.amazon.com/clk/?_encoding=UTF8&p=eAFVT8uK01AApQ7qEOqDLkaouwpdFG5zk-ZZCZKXmVCmj_TBzGzCTe7Ng6ZJJrm0nVn0C8SVIOLO33DlL_gNfoVuBDsintWB8-Iw-PTzj1_fH7We6IvV1Bq5o0to2V6nwfXOIpKne99ZLwVx4HmrKMy8zGGHZ7dX5zxItoHrSmthI-wNczsZ615TEvr8QOpzAuzD6wdzIzjV7cW57bnz1gvmMSb1mhZlq7kce7Y5ccbutW213zWYV_eKXxNUhYlfkiosMkSJn-ZZmhM_oFGLQRt0V-T9sNi0X9YBCDNU12kIjhlwdIKS6zwkub-c98Q6ADQhG4JBWGQZCWla5GDLg_sxEKIK16BEaU5JBcIipySnHYlpwOdfPr3_-vOb1X7613ts7zzjIYSKKsiCrPCKzPEny7k1PDGnZm_Uem0Zulm-dYGsH4ybI2L9YMxyermc6P_jYMQHY3Yw9D8kbjfN2N47uh3LI53wHxvMh0ZCaVkPWXa32_X_fWfjkkU7FrMGdEZXi9lUvXhTYr_CfpkluNJoN6mRH1Z-ijXYvUmxxsmKIEGZF9VuXWkckICIRFHiIxVEOMJA4CAH1EjFAMsSQqqqKsKA76YaKusuqkikBapwkTnWShn8BoFFsBk&v=c1&r=https%3A%2F%2Fwww.amazon.com%2Fgp%2Faw%2Fd%2FB0GKYTQP9M%3Fpd_rd_plhdr%3Dt%26hsa_cr_id%3D0%26qid%3D1784607259%26sr%3D1-6-5a5562f9-fdfd-4101-9f9d-d76aa9998432%26i%3Daps%26aref%3Db94MlGDV83&ref_=sbx__sbtcd2_asin_5_bkgd&pd_rd_w=gxojj&content-id=amzn1.sym.90f77631-9599-4fe0-95f8-a40adfe1c762%3Aamzn1.sym.90f77631-9599-4fe0-95f8-a40adfe1c762&pf_rd_p=90f77631-9599-4fe0-95f8-a40adfe1c762&pf_rd_r=P70PQNK445KFS90586RV&pd_rd_wg=Fbo8e&pd_rd_r=1e62df99-d964-44cb-9713-649cde1d7d78,"https://m.media-amazon.com/images/I/71PjS75omUL._AC_SR322,134_CB1169409_QL70_.jpg",64,排名进入前30；价格处于人民币等值¥180.00-¥288.00区间；标题包含 arch support、soft、summer，符合美国女鞋舒适化趋势；评分达到4.3以上。
2026-07-21,amazon_us,product,search,platform sandals women,39,Women's Suede Platform Wedge Heel Slide Sandals Y2K Round Open Toe One Strap Slip-On Heeled Sandals Stylish Comfortable Daily Casual Summer Slippers,¥237.53,4.2,"Price, product page $32.99 $ 32 . 99",,,,,,https://www.amazon.com/NBZKBNG-Platform-Sandals-Comfortable-Slippers/dp/B0FXRQXXLG/ref=sr_1_23?dib=eyJ2IjoiMSJ9.wIlL_eVtHzMil5mQkgwLsqD11Kg-74ST5tOkpMxE5RWe2zjbOOgkTU8i_DqcCjCusJaeAHAQ4npXapEbK0L9aci6fuO8AwVxULxB3rI_qLJMtUse6dgKCW1sFIzdKiGr_VyE_bPtdq3tDbE37y_hZvQ53jrLqBRbh-w2H7FdkPj0xMK3v5EuB9rCe5FTIPyyXKPkaFrm2eepmvaObGLk2b2HoQmr84O9hp1iLbgFbdlAenn4ubu-8SG-gcFlAmRa8-5A6U5YnLaaL0tvYSICrFNGwAxdVVkz226K5unBUYk.IKOP3Ayd_6i7Msk6g2sKZtOTOS7rGuf-Eu7EfBKVGhg&dib_tag=se&keywords=platform+sandals+women&qid=1784607259&sr=8-23,https://m.media-amazon.com/images/I/61psKHoQPtL._AC_UL320_.jpg,64,排名进入前50；价格处于人民币等值¥180.00-¥288.00区间；标题包含 platform、comfort、summer、wedge，符合美国女鞋舒适化趋势；platform + comfort组合趋势加分；评分达到4.0以上。
2026-07-21,amazon_us,product,best_sellers,Best Sellers Women Sandals,1,Project Cloud Flip Flops for Women Footwear- Lightweight and Memory Foam Insole Sandals for Women 2026 - Durable Non-Slip Beach Essentials Flats for Women Sandals (Foundations),,4.3,$18.91,,,,,,https://www.amazon.com/Project-Cloud-Flip-flops-Women/dp/B0D2DV8PTH/ref=zg_bs_g_679425011_d_sccl_1/145-4526400-8825731?psc=1,"https://images-na.ssl-images-amazon.com/images/I/71C3a048GxL._AC_UL600_SR600,400_.jpg",63,排名靠前；标题包含 cloud、beach，符合美国女鞋舒适化趋势；评分达到4.3以上。
2026-07-21,amazon_us,product,new_releases,New Releases Women Sandals,5,Project Cloud Square Toe Flip Flops For Women Footwear - Non Slip with Memory Foam Insole Beach Essentials Womens Sandals - Lightweight Thong Sandals Women (DEDICATION),,4.4,$24.21,,,,,,https://www.amazon.com/Project-Cloud-Square-Flops-Footwear/dp/B0GY6BHNDZ/ref=zg_bsnr_g_679425011_d_sccl_5/141-0238649-4687036?psc=1,"https://images-na.ssl-images-amazon.com/images/I/71nllf30glL._AC_UL600_SR600,400_.jpg",63,排名靠前；标题包含 cloud、beach，符合美国女鞋舒适化趋势；评分达到4.3以上。
2026-07-21,amazon_us,product,search,platform sandals women,22,"UBFEN Womens Gladiator Sandals Strappy Flat Sandals with Toe Ring | Studded Deco Comfortable Cushioned Sole Adjustable Ankle Buckle Hidden Elastic Band for Dressy, Casual, Travel UBFEN Womens Gladiator Sandals Strappy Flat Sandals with Toe Ring | Studded Deco Comfortable Cushioned Sol…",¥107.93,4.4,4.4,,,,,,https://sponsored-ads.amazon.com/clk/?_encoding=UTF8&p=eAFVT8uK01AApQ7qEOqDLmag7ip0Ubh53OZZCZKXaSjTzqTTMnYTbnJvHjRNMsmlrS76BeJKEHHnb7jyF_wGv0I3gh0Rz-rAeXEYfPr5x6_vDzqPjOvlpT3xJje87fi9ljA4i0mR7QN3vRCloe8v4yj3c5cbnb15PYYg3YaeJ6_Fjbg3re1savhtWWThUGYFkWf51b25GZ4azvXY8b1555x5iEmzpmXVaS-mvmPN3Km3cuzuuxbz_E4JGoLqKA0qUkdljigJsiLPChKENO4waIPelgUblZvusyYEUY6aJovAMQOOTlAJvfukCBbzgdSEgKZkQzCIyjwnEc3KAmwhuBsDEapxAyqUFZTUICoLSgrak5kW__TLp_dff36zu4__eo_tvSeQ53lVExVRUaGqCPBkMbdHJ9alNZh0XtimYVWvPKAYB_P2iMQ4mFcFvVnMjP9xMJODeXUwjT8k6batxNm7hpMoE4PAjy3mQyultGpGHLfb7dh_37mk4tCOw5zJuxfQXo5X2ssKBzUOqjzFtU77aYOCqA4yrPP92wzrgqKKMq9ASes3tS4AFUhIkmQYayDGMQaiwAtAizUMsCIjpGmaKg5hP9NR1fRRTWI91MSL3LWX6vA3bsKv8A&v=c1&r=https%3A%2F%2Fwww.amazon.com%2Fgp%2Faw%2Fd%2FB0GM2DVHZ9%3Fpd_rd_plhdr%3Dt%26hsa_cr_id%3D0%26qid%3D1784607259%26sr%3D1-8-5a5562f9-fdfd-4101-9f9d-d76aa9998432%26i%3Daps%26aref%3Db94MlGDV83&ref_=sbx__sbtcd2_asin_7_bkgd&pd_rd_w=gxojj&content-id=amzn1.sym.90f77631-9599-4fe0-95f8-a40adfe1c762%3Aamzn1.sym.90f77631-9599-4fe0-95f8-a40adfe1c762&pf_rd_p=90f77631-9599-4fe0-95f8-a40adfe1c762&pf_rd_r=P70PQNK445KFS90586RV&pd_rd_wg=Fbo8e&pd_rd_r=1e62df99-d964-44cb-9713-649cde1d7d78,"https://m.media-amazon.com/images/I/81dJ8MZgsaL._AC_SR322,134_CB1169409_QL70_.jpg",63,排名进入前30；价格处于人民币等值¥57.60-¥180.00黄金区间；标题包含 comfort，符合美国女鞋舒适化趋势；评分达到4.3以上。
2026-07-21,amazon_us,product,search,women summer slippers,1,Chantomoo Slippers for Women Memory Foam House Bedroom Corduroy Bow Crossbands Slipper Shoes Comfy Trendy Gift Slippers Chantomoo Slippers for Women Memory Foam Hous…,¥215.93,4.4,,,,,,,https://aax-us-east-retail-direct.amazon.com/x/c/JJeZ0IxOU6A997tzDefxDYcAAAGfguG4OQEAAAH2AQBvbm9fdHhuX2JpZDMgICBvbm9fdHhuX2ltcDEgICC0C_2l/clv1c_ek-wBfPXKrTaXWxht4_Mus2BpCCze47NjmLKTodnG9u4ihHhCA25vkX-OGGdJ8QZtpQa4erbTxenMVcuwf7madMDF1XpOTYxlYiEbuCrHOg2wxLqLduucdPZIf1g2poBzcxqPlc2iikX28RdMMH4eLKI4d6e5jVrlGC1Sj-h5Mp_mWka2Kx5FmKy7inJi5pzRmLVQ91LDCXkPVRUZ0jDKXjeRF02Bw2QvgVokXEVaNBaCSu3LPZCnT_XmQiviSyGHKxNfy6eFqNi5GCQ44xqfsIxtD-7sr4KBuEeFTIcTYU0E5eH5GjKs04ZAH9dzJtu-Nt4FyjBANqULNz88c2E-h2om9Su4SxMwTRQHOQW2XRVFRJqOEY9QLOj1PhACjc04emsj3eFG-XF64rotIBfNsoFQsyrycbdWf4bA2jXggFBSPULP94KdmomccPEkghVM9NS_PT6CuaRNEkqrovDA8ZEb5abjBmP-KwxBX-JHEkNoY2Vp633WJH1LpuvBQpqwLWRq1IdLXrSJ2Tr0h6xBrL6Jkrvno5uknBKcvWxkqADxOcAH_jYx9K5cISERF2VD2eNOM-U8Kab1eiXrE3r2GNglGtvmQsdJwS3Qe9zqGZoiZsIFuGgFXBUP0VtogVJA9DOOuC0levq1rHPoJaX5Dcf_f0piB_XmWXoBvmebDdqJW00H4LOu-4t74rFsWXq5cmJtMLlVR1iMyP1SKtiHj384NjC_vjsdOF7JGGzaANDFuTuj3bQGT6dkqk4hkqBxnk5z7zrA0LQR_j4RTazXBKIGfCG6R10zhQOO5_P_QdOp-Yf4NI4YYVOwuANZYmwZcxCHoduffFd6MLlYEjc47sDRQPhL8XqYiNi2BA02S-l0epIXgV_noMgc8mw5mbzhIu0S8EvRqPMOA4gVCaqzmBZ4rrxs_Y0JKEfXvY7lSwPAtz5z7h0xvmGgfjXlUzo_smUQH4SWCWSqEFhxwCSdKYd0AwSUqEaVk7hnId16p-Oe_xaDuoCnk1DKmczltyszI6PGNI507hREF5Ulbzw10JaRZ7vlsK-mmnoIbffss8xp13z86ClaacEenyvDOEzciOZE7xUkHXjLEtEkot0QssKDcACyPMs3iN0RQlMisy-Pn4GeOkcYVG2HA25Dql8WW0jWHu9Eppc3XoxzN0d_OZzHHpIMwmyVvjrkbPTjDv6pJbZ1d2Ep0ajk65oVJqzMSiswGkcvuxiaATON-gmFg31uOxGbQpuGENshsY-cAiOc34ok-sXs-shHNIj2Lc8iCluZyrDou2HMUVRbdJNtxmAiiRXafWgbqCTUduqv4624OWLwSjmQGG3bVSGowbGBaICi4DbCyu7ClceO67uNr56aNIgIPLo8kWXm87eJxqG-li8Hx6aD9CmrlQIjP85ZzD4qMICkjyTca2HKyTR-fRhvyIMPoZup7H6OPDZaYcpRccLUqa9CM2PgmwlOy2Ud--MCv5nf-9mJzRrjWsTyyNIHjI1abkVWqbvKFzCdPKkBfYYujKHuAvnoaZGgXnPWV4QlomLNXJVT4JFSaJZAOy1354A6kBnd4gbZ_sPJXNCeDdRZPQG7j2idGd0mXrRP3cJJEGxwEbmv-jWjPUnWH5cOCdSjHYFZzVig9_32mOM_Mk37mweZkPHO_wxGkyBhRqqbq8bzv8M3miFqqsNME4/https://www.amazon.com/gp/aw/d/B0C7H38YBT/?_encoding=UTF8&pd_rd_plhdr=t&aaxitk=e1dc8951dc6a869de52e94b8a9c6e0fe&hsa_cr_id=0&qid=1784607258&sr=1-1-9e67e56a-6f64-441f-a281-df67fc737124&i=aps&aref=qwdxKUM9Cs&ref_=sbx__sbtcd_asin_0_bkgd&pd_rd_w=7dQOu&content-id=amzn1.sym.2fb72bc8-96ef-420d-b08f-c04b69f36507%3Aamzn1.sym.2fb72bc8-96ef-420d-b08f-c04b69f36507&pf_rd_p=2fb72bc8-96ef-420d-b08f-c04b69f36507&pf_rd_r=VY21QMCTYDH7R9Z4KHB2&pd_rd_wg=atBcI&pd_rd_r=85e205b1-8ed6-4eb4-bc9f-5932767bea2b,"https://m.media-amazon.com/images/I/711Z9Ju3AqL._AC_SR160,134_CB1169409_QL70_.jpg",62,排名靠前；价格处于人民币等值¥180.00-¥288.00区间；评分达到4.3以上。
2026-07-21,amazon_us,product,search,women summer slippers,3,Chantomoo Slippers for Women Memory Foam House Bedroom Corduroy Bow Crossbands Slipper Shoes Comfy Trendy Gift Slippers Chantomoo Slippers for Women Memory Foam Hous…,¥287.93,4.4,,,,,,,https://aax-us-east-retail-direct.amazon.com/x/c/JJeZ0IxOU6A997tzDefxDYcAAAGfguG4OQEAAAH2AQBvbm9fdHhuX2JpZDMgICBvbm9fdHhuX2ltcDEgICC0C_2l/clv1c_ek-wBfPXKrTaXWxht4_Mus2BpCCze47NjmLKTodnG9u4ihHhCA25vkX-OGGdJ8QZtpQa4erbTxenMVcuwf7madMDF1XpOTYxlYiEbuCrHOg2wxLqLduucdPZIf1g2poBzcxqPlc2iikX28RdMMH4eLKI4d6e5jVrlGC1Sj-h5Mp_mWka2Kx5FmKy7inJi5pzRmLVQ91LDCXkPVRUZ0jDKXjeRF02Bw2QvgVokXEVaNBaCSu3LPZCnT_XmQiviSyGHKxNfy6eFqNi5GCQ44xqfsIxtD-7sr4KBuEeFTIcTYU0E5eH5GjKs04ZAH9dzJtu-Nt4FyjBANqULNz88c2E-h2om9Su4SxMwTRQHOQW2XRVFRJqOEY9QLOj1PhACjc04emsj3eFG-XF64rotIBfNsoFQsyrycbdWf4bA2jXggFBSPULP94KdmomccPEkghVM9NS_PT6CuaRNEkqrovDA8ZEb5abjBmP-KwxBX-JHEkNoY2Vp633WJH1LpuvBQpqwLWRq1IdLXrSJ2Tr0h6xBrL6Jkrvno5uknBKcvWxkqADxOcAH_jYx9K5cISERF2VD2eNOM-U8Kab1eiXrE3r2GNglGtvmQsdJwS3Qe9zqGZoiZsIFuGgFXBUP0VtogVJA9DOOuC0levq1rHPoJaX5Dcf_f0piB_XmWXoBvmebDdqJW00H4LOu-4t74rFsWXq5cmJtMLlVR1iMyP1SKtiHj384NjC_vjsdOF7JGGzaANDFuTuj3bQGT6dkqk4hkqBxnk5z7zrA0LQR_j4RTazXBKIGfCG6R10zhQOO5_P_QdOp-Yf4NI4YYVOwuANZYmwZcxCHoduffFd6MLlYEjc47sDRQPhL8XqYiNi2BA02S-l0epIXgV_noMgc8mw5mbzhIu0S8EvRqPMOA4gVCaqzmBZ4rrxs_Y0JKEfXvY7lSwPAtz5z7h0xvmGgfjXlUzo_smUQH4SWCWSqEFhxwCSdKYd0AwSUqEaVk7hnId16p-Oe_xaDuoCnk1DKmczltyszI6PGNI507hREF5Ulbzw10JaRZ7vlsK-mmnoIbffss8xp13z86ClaacEenyvDOEzciOZE7xUkHXjLEtEkot0QssKDcACyPMs3iN0RQlMisy-Pn4GeOkcYVG2HA25Dql8WW0jWHu9Eppc3XoxzN0d_OZzHHpIMwmyVvjrkbPTjDv6pJbZ1d2Ep0ajk65oVJqzMSiswGkcvuxiaATON-gmFg31uOxGbQpuGENshsY-cAiOc34ok-sXs-shHNIj2Lc8iCluZyrDou2HMUVRbdJNtxmAiiRXafWgbqCTUduqv4624OWLwSjmQGG3bVSGowbGBaICi4DbCyu7ClceO67uNr56aNIgIPLo8kWXm87eJxqG-li8Hx6aD9CmrlQIjP85ZzD4qMICkjyTca2HKyTR-fRhvyIMPoZup7H6OPDZaYcpRccLUqa9CM2PgmwlOy2Ud--MCv5nf-9mJzRrjWsTyyNIHjI1abkVWqbvKFzCdPKkBfYYujKHuAvnoaZGgXnPWV4QlomLNXJVT4JFSaJZAOy1354A6kBnd4gbZ_sPJXNCeDdRZPQG7j2idGd0mXrRP3cJJEGxwEbmv-jWjPUnWH5cOCdSjHYFZzVig9_32mOM_Mk37mweZkPHO_wxGkyBhRqqbq8bzv8M3miFqqsNME4/https://www.amazon.com/gp/aw/d/B0FRZFL2QW/?_encoding=UTF8&pd_rd_plhdr=t&aaxitk=e1dc8951dc6a869de52e94b8a9c6e0fe&hsa_cr_id=0&qid=1784607258&sr=1-3-9e67e56a-6f64-441f-a281-df67fc737124&i=aps&aref=qwdxKUM9Cs&ref_=sbx__sbtcd_asin_2_bkgd&pd_rd_w=7dQOu&content-id=amzn1.sym.2fb72bc8-96ef-420d-b08f-c04b69f36507%3Aamzn1.sym.2fb72bc8-96ef-420d-b08f-c04b69f36507&pf_rd_p=2fb72bc8-96ef-420d-b08f-c04b69f36507&pf_rd_r=VY21QMCTYDH7R9Z4KHB2&pd_rd_wg=atBcI&pd_rd_r=85e205b1-8ed6-4eb4-bc9f-5932767bea2b,"https://m.media-amazon.com/images/I/71Ku9McB09L._AC_SR160,134_CB1169409_QL70_.jpg",62,排名靠前；价格处于人民币等值¥180.00-¥288.00区间；评分达到4.3以上。
2026-07-21,amazon_us,product,search,women summer slippers,5,FITORY,¥196.27,4.3,FITORY,,,,,,https://www.amazon.com/FITORY-Sandals-Fashion-Leather-Slippers/dp/B0CM5N7R34/ref=sr_1_2?dib=eyJ2IjoiMSJ9.edQbWdZgRC57j1GkLLh3yg_5pR05vUY5G0-dACSTUcGCCuSasGfhXmBH14w-kEIE04qTS0GXIXnP-1sIW60vNyv3OSYG0JDNiMc2GonH0B-ksvPwt6J7CZgLbJs4_olyTGjb0E9GFyLdvbOnjcUec_ZDYNlrpAvw3mkF7NG5yBS0yR7IHYRKENdGbOlA2yosvo-PMy7fizEkvbOCWuCeAa3QMo8qqFy5l6Eh3lk9eay78HLroYYPVnM8su7KRc8Nbd98yOc6YBHA_ql4bKzhe5aBK7MxUGXAJGO62eMbVLQ.i0JSVKaNBZ0eH5C0phIICytEPQxY_6VMrQpfhAROtRs&dib_tag=se&keywords=women+summer+slippers&qid=1784607258&sr=8-2,https://m.media-amazon.com/images/I/71fgVPQ6SpL._AC_UL320_.jpg,62,排名靠前；价格处于人民币等值¥180.00-¥288.00区间；评分达到4.3以上。
2026-07-21,amazon_us,product,search,women summer slippers,21,"Women's Open Toe House Slippers – Breathable Waffle Fabric, Memory Foam Cushioning, Slip-On Summer Indoor Slippers, Non-Slip TPR Sole, Easy Care",¥79.13,4.2,100+ bought in past month,,,,,,https://www.amazon.com/Yoerpe-Womens-House-Slippers-Slip/dp/B0DRNVC3W2/ref=sr_1_13?dib=eyJ2IjoiMSJ9.edQbWdZgRC57j1GkLLh3yg_5pR05vUY5G0-dACSTUcGCCuSasGfhXmBH14w-kEIE04qTS0GXIXnP-1sIW60vNyv3OSYG0JDNiMc2GonH0B-ksvPwt6J7CZgLbJs4_olyTGjb0E9GFyLdvbOnjcUec_ZDYNlrpAvw3mkF7NG5yBS0yR7IHYRKENdGbOlA2yosvo-PMy7fizEkvbOCWuCeAa3QMo8qqFy5l6Eh3lk9eay78HLroYYPVnM8su7KRc8Nbd98yOc6YBHA_ql4bKzhe5aBK7MxUGXAJGO62eMbVLQ.i0JSVKaNBZ0eH5C0phIICytEPQxY_6VMrQpfhAROtRs&dib_tag=se&keywords=women+summer+slippers&qid=1784607258&sr=8-13,https://m.media-amazon.com/images/I/71SCWRu9pbL._AC_UL320_.jpg,62,排名进入前30；评论数达到50以上；价格处于人民币等值¥57.60-¥180.00黄金区间；标题包含 summer，符合美国女鞋舒适化趋势；评分达到4.0以上。
2026-07-21,amazon_us,product,new_releases,New Releases Women Sandals,10,"CUSHIONAIRE Expo Thong Sandals for Women, Comfortable Slingback Sandals with Arch Support and Cushioned Footbed",,4.2,$39.98,,,,,,https://www.amazon.com/CUSHIONAIRE-Comfortable-Slingback-Cushioned-CHOCOLATE/dp/B0GZJ8RVL5/ref=zg_bsnr_g_679425011_d_sccl_10/141-0238649-4687036?psc=1,"https://images-na.ssl-images-amazon.com/images/I/71P3k5SiVZL._AC_UL600_SR600,400_.jpg",61,排名靠前；标题包含 comfort、arch support，符合美国女鞋舒适化趋势；评分达到4.0以上。
2026-07-21,amazon_us,product,search,platform sandals women,19,UBFEN Womens Flat Sandals Dress Braided T-Strap Thong Sandals with Arch Support Comfortable for Walking UBFEN Womens Flat Sandals Dress Braided T-Strap Thong Sandals with Arch Support Comfortable for Walking,¥194.33,4.2,4.2,,,,,,https://sponsored-ads.amazon.com/clk/?_encoding=UTF8&p=eAFVT8uK01AApQ7qEOqDLkaouwpdFG7z6M2rEiQvO6FMO5NOa-0m3Nx786BpkkkubXXRLxBXgog7f8OVv-A3-BW6EeyIeFYHzovDkdPPP359v9d6YF4vLp2xN14Kjut3GmLvLKJ5ug9G6zmUB76_iHDmZyN-ePbm9bkEkm3oecoabuDesrfTiek3FdiXBkpfhEJfWN2ZWeGp6V6fu743az3h7hNar1lRtprzie_a09HEW7lO-12De3arBDVFFU6Ckla4yBCjQZpnaU6DkEUtDm3Q2yLv42LTflqHAGeorlMMjhlwdIJS7NyleTCf9eQ6BCyhG0oALrKMYpYWOdhK4HYMYFSRGpQozRmtAC5yRnPWUbiG8PjLp_dff35z2g__eo_tnUeSIAiaDlWoapKmitLJfOYMT-xLuzduPXcs0y5fekA1D9bNEbF5sK5ytpxPzf9xsOKDdXWwzD8kbjft2N2PTDdWxyaVPja4D42EsbIe8vxut-v_-87HJY92POEtwXl1sZxZq8GLkgQVCcosIZXBukmNAlwFKTGE7k1KDFHVoCKokqx368oQgQxkJMuKFOkgIhEBUBREoEc6AURVENJ1XYMDqZsaqKy7qKKREerwIhs5C23wG39rsBQ&v=c1&r=https%3A%2F%2Fwww.amazon.com%2Fgp%2Faw%2Fd%2FB0DWMXSBZ3%3Fpd_rd_plhdr%3Dt%26hsa_cr_id%3D0%26qid%3D1784607259%26sr%3D1-5-5a5562f9-fdfd-4101-9f9d-d76aa9998432%26i%3Daps%26aref%3Db94MlGDV83&ref_=sbx__sbtcd2_asin_4_bkgd&pd_rd_w=gxojj&content-id=amzn1.sym.90f77631-9599-4fe0-95f8-a40adfe1c762%3Aamzn1.sym.90f77631-9599-4fe0-95f8-a40adfe1c762&pf_rd_p=90f77631-9599-4fe0-95f8-a40adfe1c762&pf_rd_r=P70PQNK445KFS90586RV&pd_rd_wg=Fbo8e&pd_rd_r=1e62df99-d964-44cb-9713-649cde1d7d78,"https://m.media-amazon.com/images/I/81kklPOPvwL._AC_SR322,134_CB1169409_QL70_.jpg",61,排名进入前30；价格处于人民币等值¥180.00-¥288.00区间；标题包含 comfort、arch support，符合美国女鞋舒适化趋势；评分达到4.0以上。
2026-07-21,amazon_us,product,search,platform sandals women,23,UBFEN Womens Bohemian Flat Sandals With Back Strap Summer Beach Comfortable Bling UBFEN Womens Bohemian Flat Sandals With Back Strap Summer Beach Comfortable Bling,¥244.66,4.2,4.2,,,,,,https://sponsored-ads.amazon.com/clk/?_encoding=UTF8&p=eAFVT8uK01AApQ7qEOqDLmag7ip0UbjNo3lWguRlJlNsO8m0zMwm3Nx786BpkkkubXXRLxBXgog7f8OVv-A3-BW6EeyIeFYHzovD4OPPP359f9B5ZFwu5_bEm1xxtuP3WvzgJCZFtgvd1UKURr6_jFHu5y47PnlzfSaAdBN5nrwS1-LOtDazqeG3ZXEojOQhL3JD7uZeYEbHhnN55vhe0DllHmLSrGhZddqLqe9YM3fq3Th2912LeX6nhA2BNUrDitSozCElYVbkWUHCiMYdBq7h27IYonLdfdZEAOWwaTIEDhlwcIKK790nRbgIBlITAZqSNcEAlXlOEM3KAmwEcDcGEKxxAyqYFZTUAJUFJQXtyUyLe_rl0_uvP7_Z3cd_vYf23hOB4zhVExVRUQVV4YWjRWCPj6y5NZh0XtimYVWvPKAYe_P2gMTYmxcFvVrMjP-xN5O9ebE3jT8k6batxNm5hpMoE4MIH1vMh1ZKadWMWXa73Q7_fWeTioVbFrMmZwdmcH1-Pn9Z4bDGYZWnuNZpP21giOowwzrXv82wziuqKHOKIGn9ptZ5oAEJSpIsxBqIcYyByHM80GINA6zIEGqapoojoZ_psGr6sCaxHmni69y1l-roN4L-sB8&v=c1&r=https%3A%2F%2Fwww.amazon.com%2Fgp%2Faw%2Fd%2FB0DSBSYJJP%3Fpd_rd_plhdr%3Dt%26hsa_cr_id%3D0%26qid%3D1784607259%26sr%3D1-9-5a5562f9-fdfd-4101-9f9d-d76aa9998432%26i%3Daps%26aref%3Db94MlGDV83&ref_=sbx__sbtcd2_asin_8_bkgd&pd_rd_w=gxojj&content-id=amzn1.sym.90f77631-9599-4fe0-95f8-a40adfe1c762%3Aamzn1.sym.90f77631-9599-4fe0-95f8-a40adfe1c762&pf_rd_p=90f77631-9599-4fe0-95f8-a40adfe1c762&pf_rd_r=P70PQNK445KFS90586RV&pd_rd_wg=Fbo8e&pd_rd_r=1e62df99-d964-44cb-9713-649cde1d7d78,"https://m.media-amazon.com/images/I/716qwKOMjuL._AC_SR322,134_CB1169409_QL70_.jpg",61,排名进入前30；价格处于人民币等值¥180.00-¥288.00区间；标题包含 comfort、beach、summer，符合美国女鞋舒适化趋势；评分达到4.0以上。
2026-07-21,amazon_us,product,best_sellers,Best Sellers Women Sandals,13,ONCAI Women's Flip Flops Comfortable Arch Support Yoga Mat Summer Beach Walking Thong Cushion Sandals Ladies Outdoor Vacation Essentials Slide Shoes Rubber Soles US Size 5-11,,4.4,$13.99,,,,,,https://www.amazon.com/ONCAI-Support-Athletic-Orthotic-Fasciitis/dp/B0D2292JM9/ref=zg_bs_g_679425011_d_sccl_13/145-4526400-8825731?psc=1,"https://images-na.ssl-images-amazon.com/images/I/71iVIX1IyIL._AC_UL600_SR600,400_.jpg",60,排名进入前30；标题包含 comfort、arch support、beach、summer，符合美国女鞋舒适化趋势；评分达到4.3以上。
2026-07-21,amazon_us,product,best_sellers,Best Sellers Women Sandals,29,Project Cloud 100% Genuine Leather Sandals for Women 2026 - Fashion Flat Womens Sandals with Memory Foam Insole Slides Sandals Women Footwear - Mules Women's Sandals (Jannel),,4.3,$39.90,,,,,,https://www.amazon.com/Project-Cloud-Fashion-Sandals-Women/dp/B0CQ716Z3L/ref=zg_bs_g_679425011_d_sccl_29/145-4526400-8825731?psc=1,"https://images-na.ssl-images-amazon.com/images/I/71WxLxLw-rL._AC_UL600_SR600,400_.jpg",60,排名进入前30；标题包含 cloud，符合美国女鞋舒适化趋势；cloud + slides组合趋势加分；评分达到4.3以上。
2026-07-21,amazon_us,product,new_releases,New Releases Women Sandals,18,Project Cloud 100% Genuine Leather Heeled Sandals for Women - Memory Foam Insole Sandals Women Footwear - Non-Slip Womens Sandals - Block Heels For Women - Womens Slides (Opal),,4.4,$49.90,,,,,,https://www.amazon.com/Project-Cloud-Genuine-Leather-Sandals/dp/B0GYFW3KR1/ref=zg_bsnr_g_679425011_d_sccl_18/141-0238649-4687036?psc=1,"https://images-na.ssl-images-amazon.com/images/I/71dFQTe9v6L._AC_UL600_SR600,400_.jpg",60,排名进入前30；标题包含 cloud，符合美国女鞋舒适化趋势；cloud + slides组合趋势加分；评分达到4.3以上。
2026-07-21,amazon_us,product,search,platform sandals women,28,Project Cloud,¥215.28,4.4,Project Cloud,,,,,,https://www.amazon.com/Project-Cloud-Genuine-Womens-Sandals/dp/B0CQTTTK2J/ref=sr_1_12?dib=eyJ2IjoiMSJ9.wIlL_eVtHzMil5mQkgwLsqD11Kg-74ST5tOkpMxE5RWe2zjbOOgkTU8i_DqcCjCusJaeAHAQ4npXapEbK0L9aci6fuO8AwVxULxB3rI_qLJMtUse6dgKCW1sFIzdKiGr_VyE_bPtdq3tDbE37y_hZvQ53jrLqBRbh-w2H7FdkPj0xMK3v5EuB9rCe5FTIPyyXKPkaFrm2eepmvaObGLk2b2HoQmr84O9hp1iLbgFbdlAenn4ubu-8SG-gcFlAmRa8-5A6U5YnLaaL0tvYSICrFNGwAxdVVkz226K5unBUYk.IKOP3Ayd_6i7Msk6g2sKZtOTOS7rGuf-Eu7EfBKVGhg&dib_tag=se&keywords=platform+sandals+women&qid=1784607259&sr=8-12,https://m.media-amazon.com/images/I/81V6vB5lczL._AC_UL320_.jpg,60,排名进入前30；价格处于人民币等值¥180.00-¥288.00区间；标题包含 cloud，符合美国女鞋舒适化趋势；评分达到4.3以上。
2026-07-21,amazon_us,product,best_sellers,Best Sellers Women Sandals,23,KuaiLu Womens Fashion Orthotic Slides Ladies Athletic Yoga Mat Memory Foam Walking Sandals Thick Cushion Recovery Summer Beach Slippers Comfortable Plantar Fasciitis Arch Support,,4.0,$25.99,,,,,,https://www.amazon.com/Orthotic-Lightweight-Athletic-Comfortable-Fasciitis/dp/B092ZS2B5S/ref=zg_bs_g_679425011_d_sccl_23/145-4526400-8825731?psc=1,"https://images-na.ssl-images-amazon.com/images/I/71Rxka3CPTL._AC_UL600_SR600,400_.jpg",59,排名进入前30；标题包含 recovery、comfort、arch support、beach、summer，符合美国女鞋舒适化趋势；评分达到4.0以上。
2026-07-21,amazon_us,product,search,women summer slippers,10,KuaiLu,¥187.13,4.2,KuaiLu,,,,,,https://www.amazon.com/KuaiLu-Comfortable-Walking-Plantar-Fasciitis/dp/B0BN3DW8ZP/ref=sr_1_7?dib=eyJ2IjoiMSJ9.edQbWdZgRC57j1GkLLh3yg_5pR05vUY5G0-dACSTUcGCCuSasGfhXmBH14w-kEIE04qTS0GXIXnP-1sIW60vNyv3OSYG0JDNiMc2GonH0B-ksvPwt6J7CZgLbJs4_olyTGjb0E9GFyLdvbOnjcUec_ZDYNlrpAvw3mkF7NG5yBS0yR7IHYRKENdGbOlA2yosvo-PMy7fizEkvbOCWuCeAa3QMo8qqFy5l6Eh3lk9eay78HLroYYPVnM8su7KRc8Nbd98yOc6YBHA_ql4bKzhe5aBK7MxUGXAJGO62eMbVLQ.i0JSVKaNBZ0eH5C0phIICytEPQxY_6VMrQpfhAROtRs&dib_tag=se&keywords=women+summer+slippers&qid=1784607258&sr=8-7,https://m.media-amazon.com/images/I/61Qb8hEa+tL._AC_UL320_.jpg,59,排名靠前；价格处于人民币等值¥180.00-¥288.00区间；评分达到4.0以上。
2026-07-21,amazon_us,product,search,platform sandals women,10,CUSHIONAIRE,¥287.86,4.1,CUSHIONAIRE,,,,,,https://www.amazon.com/CUSHIONAIRE-Womens-Melissa-Espadrille-Sandal/dp/B07S758RTR/ref=sr_1_4?dib=eyJ2IjoiMSJ9.wIlL_eVtHzMil5mQkgwLsqD11Kg-74ST5tOkpMxE5RWe2zjbOOgkTU8i_DqcCjCusJaeAHAQ4npXapEbK0L9aci6fuO8AwVxULxB3rI_qLJMtUse6dgKCW1sFIzdKiGr_VyE_bPtdq3tDbE37y_hZvQ53jrLqBRbh-w2H7FdkPj0xMK3v5EuB9rCe5FTIPyyXKPkaFrm2eepmvaObGLk2b2HoQmr84O9hp1iLbgFbdlAenn4ubu-8SG-gcFlAmRa8-5A6U5YnLaaL0tvYSICrFNGwAxdVVkz226K5unBUYk.IKOP3Ayd_6i7Msk6g2sKZtOTOS7rGuf-Eu7EfBKVGhg&dib_tag=se&keywords=platform+sandals+women&qid=1784607259&sr=8-4,https://m.media-amazon.com/images/I/81ZJ-NyvHwL._AC_UL320_.jpg,59,排名靠前；价格处于人民币等值¥180.00-¥288.00区间；评分达到4.0以上。
2026-07-21,amazon_us,product,best_sellers,Best Sellers Women Sandals,16,OOFOS OOriginal Recovery Sandal - Women’s and Men’s,,4.6,$59.95,,,,,,https://www.amazon.com/OOFOS-Unisex-Original-Thong-Black/dp/B007VDJSTI/ref=zg_bs_g_679425011_d_sccl_16/145-4526400-8825731?psc=1,"https://images-na.ssl-images-amazon.com/images/I/51qiZpHX64L._AC_UL600_SR600,400_.jpg",58,排名进入前30；评论数达到50以上；标题包含 recovery，符合美国女鞋舒适化趋势；评分达到4.6以上。
2026-07-21,amazon_us,product,new_releases,New Releases Women Sandals,4,"CUSHIONAIRE Siesta Modern Lattice Ballet Flats for Women, Comfortable Slip On Pointed Toe Womens Jelly Shoes",,4.3,$39.99,,,,,,https://www.amazon.com/CUSHIONAIRE-Siesta-Lattice-Comfortable-Pointed/dp/B0GYQ3JK18/ref=zg_bsnr_g_679425011_d_sccl_4/141-0238649-4687036?psc=1,"https://images-na.ssl-images-amazon.com/images/I/81aIqaR3TYL._AC_UL600_SR600,400_.jpg",58,排名靠前；标题包含 comfort，符合美国女鞋舒适化趋势；评分达到4.3以上。
2026-07-21,amazon_us,product,new_releases,New Releases Women Sandals,9,adidas Unisex-Adult Adilette Comfort 2.0 Slide Sandal,,4.5,$22.89,,,,,,https://www.amazon.com/adidas-Unisex-Adult-Adilette-Comfort-Black/dp/B0F85B6V6C/ref=zg_bsnr_g_679425011_d_sccl_9/141-0238649-4687036?psc=1,"https://images-na.ssl-images-amazon.com/images/I/51TrpjMnY5L._AC_UL600_SR600,400_.jpg",58,排名靠前；标题包含 comfort，符合美国女鞋舒适化趋势；评分达到4.3以上。
2026-07-21,amazon_us,product,search,platform sandals women,9,Crocs,¥395.64,4.6,Crocs,,,,,,https://www.amazon.com/Crocs-Brooklyn-Low-Wedge-Black/dp/B07YQRHTG4/ref=sr_1_3?dib=eyJ2IjoiMSJ9.wIlL_eVtHzMil5mQkgwLsqD11Kg-74ST5tOkpMxE5RWe2zjbOOgkTU8i_DqcCjCusJaeAHAQ4npXapEbK0L9aci6fuO8AwVxULxB3rI_qLJMtUse6dgKCW1sFIzdKiGr_VyE_bPtdq3tDbE37y_hZvQ53jrLqBRbh-w2H7FdkPj0xMK3v5EuB9rCe5FTIPyyXKPkaFrm2eepmvaObGLk2b2HoQmr84O9hp1iLbgFbdlAenn4ubu-8SG-gcFlAmRa8-5A6U5YnLaaL0tvYSICrFNGwAxdVVkz226K5unBUYk.IKOP3Ayd_6i7Msk6g2sKZtOTOS7rGuf-Eu7EfBKVGhg&dib_tag=se&keywords=platform+sandals+women&qid=1784607259&sr=8-3,https://m.media-amazon.com/images/I/7146HmICxBL._AC_UL320_.jpg,58,排名靠前；价格高于人民币等值¥288.00；评分达到4.6以上。
2026-07-21,amazon_us,product,best_sellers,Best Sellers Women Sandals,15,KuaiLu Womens Arch Support Flip Flops Comfortable Yoga Mat Slip on Summer Beach Walking Thong Cushion Sandals,,4.2,$13.99,,,,,,https://www.amazon.com/KuaiLu-Support-Comfortable-Cushion-Walking/dp/B08GKGCH2R/ref=zg_bs_g_679425011_d_sccl_15/145-4526400-8825731?psc=1,"https://images-na.ssl-images-amazon.com/images/I/81-DUybjK+L._AC_UL600_SR600,400_.jpg",57,排名进入前30；标题包含 comfort、arch support、beach、summer，符合美国女鞋舒适化趋势；评分达到4.0以上。
2026-07-21,amazon_us,product,best_sellers,Best Sellers Women Sandals,27,KuaiLu Womens Arch Support Flip Flops Ladies Comfort Lightweight Soft Yoga Mat Cushion Walking Thong Sandals,,4.5,$15.99,,,,,,https://www.amazon.com/KuaiLu-Comfortable-Waterproof-Supportive-Flipflops/dp/B0CTML36SJ/ref=zg_bs_g_679425011_d_sccl_27/145-4526400-8825731?psc=1,"https://images-na.ssl-images-amazon.com/images/I/71FLg8v7ZyL._AC_UL600_SR600,400_.jpg",57,排名进入前30；标题包含 comfort、arch support、soft，符合美国女鞋舒适化趋势；评分达到4.3以上。
2026-07-21,amazon_us,product,new_releases,New Releases Women Sandals,27,RJYLP Jelly Sandals for Women Clear Sandals Jelly Shoes Women Kitten Heel Mules Open Toe Slide Pumps Dress Shoes Beach Summer Sandal Cute Comfortable,,4.7,$46.99,,,,,,https://www.amazon.com/RJYLP-Sandals-Kitten-Summer-Comfortable/dp/B0H3NBYHJS/ref=zg_bsnr_g_679425011_d_sccl_27/141-0238649-4687036?psc=1,"https://images-na.ssl-images-amazon.com/images/I/61SdeC7gxAL._AC_UL600_SR600,400_.jpg",57,排名进入前30；标题包含 comfort、beach、summer，符合美国女鞋舒适化趋势；评分达到4.6以上。
2026-07-21,amazon_us,product,search,women summer slippers,11,EverFoams,¥136.66,4.5,EverFoams,,,,,,https://www.amazon.com/EverFoams-Womens-Slippers-Memory-Outdoor/dp/B0CLGNYKFR/ref=sr_1_8?dib=eyJ2IjoiMSJ9.edQbWdZgRC57j1GkLLh3yg_5pR05vUY5G0-dACSTUcGCCuSasGfhXmBH14w-kEIE04qTS0GXIXnP-1sIW60vNyv3OSYG0JDNiMc2GonH0B-ksvPwt6J7CZgLbJs4_olyTGjb0E9GFyLdvbOnjcUec_ZDYNlrpAvw3mkF7NG5yBS0yR7IHYRKENdGbOlA2yosvo-PMy7fizEkvbOCWuCeAa3QMo8qqFy5l6Eh3lk9eay78HLroYYPVnM8su7KRc8Nbd98yOc6YBHA_ql4bKzhe5aBK7MxUGXAJGO62eMbVLQ.i0JSVKaNBZ0eH5C0phIICytEPQxY_6VMrQpfhAROtRs&dib_tag=se&keywords=women+summer+slippers&qid=1784607258&sr=8-8,https://m.media-amazon.com/images/I/81rGYT3pkaL._AC_UL320_.jpg,57,排名进入前30；价格处于人民币等值¥57.60-¥180.00黄金区间；评分达到4.3以上。
2026-07-21,amazon_us,product,search,women summer slippers,12,Tunmigame Slippers for Women Memory Foam Bow House Slippers Crossband Open Toe Slides Sandals Shoes Non-slip House Shoes Tunmigame Slippers for Women Memory Foam Bow House Slippers Crossband Open Toe Slides Sandals Sh…,¥86.33,4.4,4.4,,,,,,https://sponsored-ads.amazon.com/clk/?_encoding=UTF8&p=eAFVT8uK01AApQ7qEOqDLkaouwpdFG5yk8mjqQRJmrSWwkzbtKXTTbjNvXkw6c1tcm2Ki36BS0HwA1y5mC_wI_wGl_6BG8GOiGd14Lw4Aj7__OPX90eNJ_Z8OXHHo_EKut6sVZM7FxGh6SEYrq8nbJ8vVzf5u10l6b2Lw4FQ7jG211bipNhXJMPTUTyr66qoXOqirEIRrh_4zubc9uZvvdnIb7wQHmNS3vKcNeqLq5nXvx5ejdae2_xQE17dK0FJUBEmASNFmGeIkyClWUpJsOFRQ0Bb9D6nYphvmy_LDQgzVJZpCE4ZcHICJrceEhos_I5WbgBPyJZgEOZZRkKe5hTsFXA_BkJU4BIwlFJOChDmlBPKW7pQg8-_3P28-_rNbT796z21t54pEEJdN_WuoRnQkJWzhe_2zvqTfmfceO06dp8NRsCwj87uhNg-OlPKVwvP_h9HJz4606Nj_yFxs96PvcPQ9mJjbBPlU034WEs4Z2VPkqqqEv99l2ImoUrCkgOHA-NmafrzNwwHBQ5YluDC4u2kREFYBCm2YHuXYks2uqoODUXrtsvCkoEMNKRpuhKZIMIRBqoMZWBGJgbY0BEyTbOrXirt1EKsbKOCRJah36a-Mxm46m_GbrJG&v=c1&r=https%3A%2F%2Fwww.amazon.com%2Fgp%2Faw%2Fd%2FB0GF7YV9ST%3Fpd_rd_plhdr%3Dt%26hsa_cr_id%3D0%26qid%3D1784607258%26sr%3D1-1-5a5562f9-fdfd-4101-9f9d-d76aa9998432%26i%3Daps%26aref%3D76kiSBPFD4&ref_=sbx__sbtcd2_asin_0_bkgd&pd_rd_w=9J3jJ&content-id=amzn1.sym.90f77631-9599-4fe0-95f8-a40adfe1c762%3Aamzn1.sym.90f77631-9599-4fe0-95f8-a40adfe1c762&pf_rd_p=90f77631-9599-4fe0-95f8-a40adfe1c762&pf_rd_r=VY21QMCTYDH7R9Z4KHB2&pd_rd_wg=t2Wcp&pd_rd_r=0223cfa3-6305-46b1-b0ba-d894d55b3e02,"https://m.media-amazon.com/images/I/71Xzskcx8VL._AC_SR322,134_CB1169409_QL70_.jpg",57,排名进入前30；价格处于人民币等值¥57.60-¥180.00黄金区间；评分达到4.3以上。
2026-07-21,amazon_us,product,search,women summer slippers,14,Tunmigame Slippers for Women Memory Foam Bow House Slippers Crossband Open Toe Slides Sandals Shoes Non-slip House Shoes Tunmigame Slippers for Women Memory Foam Bow House Slippers Crossband Open Toe Slides Sandals Sh…,¥121.61,4.4,4.4,,,,,,https://sponsored-ads.amazon.com/clk/?_encoding=UTF8&p=eAFVT82K00AApi7qEuoPPexCvVXooTDJJE0mTSVI0qTdUtntz3apvYRpZpKGTSfTZGyKhz6BR0HwATx52CfwIXwGj76BF8GuiN_pg--PTyKnn3_8-v6o9sS5vhl7o-FoAT1_2qiorbOIsmQfDJZXY77LbhZvs3fbUkHds_2eMuFzvjMW8jjflTQlk2E8rSJd1tpIVnUow-WDmbs6dfzrC386nNXOpceEFrci47Xq_HLq964Gl8Ol79U_VKSX90pQUJyH64DTPMxSLGiQsDRhNFiJqCbhDX6fMTnMNvUXxQqEKS6KJATHDDg6AVcbDykL5rOWUayAWNMNJSDM0pSGIskY2GngfgyEOCcF4DhhguYgzJigTDSQVIHPv9z9vPv6zas__es9tjeeaRBChCzUMQ0Tmqp2Mp953ZPeuNca1V55rtPj_SEwnYO7PSJ2Du6EicXcd_7HwY0P7uTgOn9IXK_2Yn8_cPzYHDlU-1SRPlbWQvCiqyhlWcr_visxV3CpEMWFg775Bi0GF685CXIS8HRNcls01wUOwjxIiA2b24TYqtnRETQ1o9MsclsFbWBgw0BaZIGIRAToKlSBFVkEEBNhbFlWR29rzcTGvGjinEa2iW6TmTvue_pvtnyyIg&v=c1&r=https%3A%2F%2Fwww.amazon.com%2Fgp%2Faw%2Fd%2FB0GF7L6XGH%3Fpd_rd_plhdr%3Dt%26hsa_cr_id%3D0%26qid%3D1784607258%26sr%3D1-3-5a5562f9-fdfd-4101-9f9d-d76aa9998432%26i%3Daps%26aref%3D76kiSBPFD4&ref_=sbx__sbtcd2_asin_2_bkgd&pd_rd_w=9J3jJ&content-id=amzn1.sym.90f77631-9599-4fe0-95f8-a40adfe1c762%3Aamzn1.sym.90f77631-9599-4fe0-95f8-a40adfe1c762&pf_rd_p=90f77631-9599-4fe0-95f8-a40adfe1c762&pf_rd_r=VY21QMCTYDH7R9Z4KHB2&pd_rd_wg=t2Wcp&pd_rd_r=0223cfa3-6305-46b1-b0ba-d894d55b3e02,"https://m.media-amazon.com/images/I/71bPuvq-tzL._AC_SR322,134_CB1169409_QL70_.jpg",57,排名进入前30；价格处于人民币等值¥57.60-¥180.00黄金区间；评分达到4.3以上。
2026-07-21,amazon_us,product,search,women summer slippers,18,IPSAE,¥71.86,4.4,IPSAE,,,,,,https://www.amazon.com/IPSAE-Slippers-Corduroy-Slipper-Bedroom/dp/B0DB4W73J3/ref=sr_1_10?dib=eyJ2IjoiMSJ9.edQbWdZgRC57j1GkLLh3yg_5pR05vUY5G0-dACSTUcGCCuSasGfhXmBH14w-kEIE04qTS0GXIXnP-1sIW60vNyv3OSYG0JDNiMc2GonH0B-ksvPwt6J7CZgLbJs4_olyTGjb0E9GFyLdvbOnjcUec_ZDYNlrpAvw3mkF7NG5yBS0yR7IHYRKENdGbOlA2yosvo-PMy7fizEkvbOCWuCeAa3QMo8qqFy5l6Eh3lk9eay78HLroYYPVnM8su7KRc8Nbd98yOc6YBHA_ql4bKzhe5aBK7MxUGXAJGO62eMbVLQ.i0JSVKaNBZ0eH5C0phIICytEPQxY_6VMrQpfhAROtRs&dib_tag=se&keywords=women+summer+slippers&qid=1784607258&sr=8-10,https://m.media-amazon.com/images/I/71GcxKVQLUL._AC_UL320_.jpg,57,排名进入前30；价格处于人民币等值¥57.60-¥180.00黄金区间；评分达到4.3以上。
2026-07-21,amazon_us,product,search,women summer slippers,20,Evshine,¥86.33,4.4,Evshine,,,,,,https://www.amazon.com/Evshine-Summer-Slippers-Corduroy-Bedroom/dp/B0CSN39WDS/ref=sr_1_12?dib=eyJ2IjoiMSJ9.edQbWdZgRC57j1GkLLh3yg_5pR05vUY5G0-dACSTUcGCCuSasGfhXmBH14w-kEIE04qTS0GXIXnP-1sIW60vNyv3OSYG0JDNiMc2GonH0B-ksvPwt6J7CZgLbJs4_olyTGjb0E9GFyLdvbOnjcUec_ZDYNlrpAvw3mkF7NG5yBS0yR7IHYRKENdGbOlA2yosvo-PMy7fizEkvbOCWuCeAa3QMo8qqFy5l6Eh3lk9eay78HLroYYPVnM8su7KRc8Nbd98yOc6YBHA_ql4bKzhe5aBK7MxUGXAJGO62eMbVLQ.i0JSVKaNBZ0eH5C0phIICytEPQxY_6VMrQpfhAROtRs&dib_tag=se&keywords=women+summer+slippers&qid=1784607258&sr=8-12,https://m.media-amazon.com/images/I/71SaoMUrpoL._AC_UL320_.jpg,57,排名进入前30；价格处于人民币等值¥57.60-¥180.00黄金区间；评分达到4.3以上。
2026-07-21,amazon_us,product,search,women summer slippers,22,shevalues,¥143.93,4.3,shevalues,,,,,,https://www.amazon.com/shevalues-Summer-Slippers-Support-Breathable/dp/B0BK8PN8CL/ref=sr_1_14?dib=eyJ2IjoiMSJ9.edQbWdZgRC57j1GkLLh3yg_5pR05vUY5G0-dACSTUcGCCuSasGfhXmBH14w-kEIE04qTS0GXIXnP-1sIW60vNyv3OSYG0JDNiMc2GonH0B-ksvPwt6J7CZgLbJs4_olyTGjb0E9GFyLdvbOnjcUec_ZDYNlrpAvw3mkF7NG5yBS0yR7IHYRKENdGbOlA2yosvo-PMy7fizEkvbOCWuCeAa3QMo8qqFy5l6Eh3lk9eay78HLroYYPVnM8su7KRc8Nbd98yOc6YBHA_ql4bKzhe5aBK7MxUGXAJGO62eMbVLQ.i0JSVKaNBZ0eH5C0phIICytEPQxY_6VMrQpfhAROtRs&dib_tag=se&keywords=women+summer+slippers&qid=1784607258&sr=8-14,https://m.media-amazon.com/images/I/71wQ2tOj0+L._AC_UL320_.jpg,57,排名进入前30；价格处于人民币等值¥57.60-¥180.00黄金区间；评分达到4.3以上。
2026-07-21,amazon_us,product,search,women summer slippers,23,HomeTop,¥122.33,4.4,HomeTop,,,,,,https://www.amazon.com/Womens-Comfort-Cotton-Slippers-Anti-Skid/dp/B07J5QBSWK/ref=sr_1_15?dib=eyJ2IjoiMSJ9.edQbWdZgRC57j1GkLLh3yg_5pR05vUY5G0-dACSTUcGCCuSasGfhXmBH14w-kEIE04qTS0GXIXnP-1sIW60vNyv3OSYG0JDNiMc2GonH0B-ksvPwt6J7CZgLbJs4_olyTGjb0E9GFyLdvbOnjcUec_ZDYNlrpAvw3mkF7NG5yBS0yR7IHYRKENdGbOlA2yosvo-PMy7fizEkvbOCWuCeAa3QMo8qqFy5l6Eh3lk9eay78HLroYYPVnM8su7KRc8Nbd98yOc6YBHA_ql4bKzhe5aBK7MxUGXAJGO62eMbVLQ.i0JSVKaNBZ0eH5C0phIICytEPQxY_6VMrQpfhAROtRs&dib_tag=se&keywords=women+summer+slippers&qid=1784607258&sr=8-15,https://m.media-amazon.com/images/I/71h+wvVaLcL._AC_UL320_.jpg,57,排名进入前30；价格处于人民币等值¥57.60-¥180.00黄金区间；评分达到4.3以上。
2026-07-21,amazon_us,product,search,women summer slippers,26,LongBay,¥143.93,4.5,LongBay,,,,,,https://www.amazon.com/LongBay-Slippers-Memory-Bedroom-Dual-Strap/dp/B0DP277YRM/ref=sr_1_18?dib=eyJ2IjoiMSJ9.edQbWdZgRC57j1GkLLh3yg_5pR05vUY5G0-dACSTUcGCCuSasGfhXmBH14w-kEIE04qTS0GXIXnP-1sIW60vNyv3OSYG0JDNiMc2GonH0B-ksvPwt6J7CZgLbJs4_olyTGjb0E9GFyLdvbOnjcUec_ZDYNlrpAvw3mkF7NG5yBS0yR7IHYRKENdGbOlA2yosvo-PMy7fizEkvbOCWuCeAa3QMo8qqFy5l6Eh3lk9eay78HLroYYPVnM8su7KRc8Nbd98yOc6YBHA_ql4bKzhe5aBK7MxUGXAJGO62eMbVLQ.i0JSVKaNBZ0eH5C0phIICytEPQxY_6VMrQpfhAROtRs&dib_tag=se&keywords=women+summer+slippers&qid=1784607258&sr=8-18,https://m.media-amazon.com/images/I/71BlGXBbl-L._AC_UL320_.jpg,57,排名进入前30；价格处于人民币等值¥57.60-¥180.00黄金区间；评分达到4.3以上。
2026-07-21,amazon_us,product,search,women summer slippers,27,ULTRAIDEAS,¥122.33,4.5,ULTRAIDEAS,,,,,,https://www.amazon.com/ULTRAIDEAS-Slippers-Bowknot-Outdoor-Anti-Skid/dp/B07MZ3H6MN/ref=sr_1_19?dib=eyJ2IjoiMSJ9.edQbWdZgRC57j1GkLLh3yg_5pR05vUY5G0-dACSTUcGCCuSasGfhXmBH14w-kEIE04qTS0GXIXnP-1sIW60vNyv3OSYG0JDNiMc2GonH0B-ksvPwt6J7CZgLbJs4_olyTGjb0E9GFyLdvbOnjcUec_ZDYNlrpAvw3mkF7NG5yBS0yR7IHYRKENdGbOlA2yosvo-PMy7fizEkvbOCWuCeAa3QMo8qqFy5l6Eh3lk9eay78HLroYYPVnM8su7KRc8Nbd98yOc6YBHA_ql4bKzhe5aBK7MxUGXAJGO62eMbVLQ.i0JSVKaNBZ0eH5C0phIICytEPQxY_6VMrQpfhAROtRs&dib_tag=se&keywords=women+summer+slippers&qid=1784607258&sr=8-19,https://m.media-amazon.com/images/I/71cvxwhDe7L._AC_UL320_.jpg,57,排名进入前30；价格处于人民币等值¥57.60-¥180.00黄金区间；评分达到4.3以上。
2026-07-21,amazon_us,product,search,women summer slippers,28,shevalues,¥95.47,4.3,shevalues,,,,,,https://www.amazon.com/Shevalues-Womens-Indoor-Slippers-Cotton/dp/B074HBC1BR/ref=sr_1_20?dib=eyJ2IjoiMSJ9.edQbWdZgRC57j1GkLLh3yg_5pR05vUY5G0-dACSTUcGCCuSasGfhXmBH14w-kEIE04qTS0GXIXnP-1sIW60vNyv3OSYG0JDNiMc2GonH0B-ksvPwt6J7CZgLbJs4_olyTGjb0E9GFyLdvbOnjcUec_ZDYNlrpAvw3mkF7NG5yBS0yR7IHYRKENdGbOlA2yosvo-PMy7fizEkvbOCWuCeAa3QMo8qqFy5l6Eh3lk9eay78HLroYYPVnM8su7KRc8Nbd98yOc6YBHA_ql4bKzhe5aBK7MxUGXAJGO62eMbVLQ.i0JSVKaNBZ0eH5C0phIICytEPQxY_6VMrQpfhAROtRs&dib_tag=se&keywords=women+summer+slippers&qid=1784607258&sr=8-20,https://m.media-amazon.com/images/I/71JYzlHXkPL._AC_UL320_.jpg,57,排名进入前30；价格处于人民币等值¥57.60-¥180.00黄金区间；评分达到4.3以上。
2026-07-21,amazon_us,product,search,women summer slippers,29,KuaiLu,¥115.13,4.5,KuaiLu,,,,,,https://www.amazon.com/KuaiLu-Comfortable-Waterproof-Supportive-Flipflops/dp/B0CTML36SJ/ref=sr_1_21?dib=eyJ2IjoiMSJ9.edQbWdZgRC57j1GkLLh3yg_5pR05vUY5G0-dACSTUcGCCuSasGfhXmBH14w-kEIE04qTS0GXIXnP-1sIW60vNyv3OSYG0JDNiMc2GonH0B-ksvPwt6J7CZgLbJs4_olyTGjb0E9GFyLdvbOnjcUec_ZDYNlrpAvw3mkF7NG5yBS0yR7IHYRKENdGbOlA2yosvo-PMy7fizEkvbOCWuCeAa3QMo8qqFy5l6Eh3lk9eay78HLroYYPVnM8su7KRc8Nbd98yOc6YBHA_ql4bKzhe5aBK7MxUGXAJGO62eMbVLQ.i0JSVKaNBZ0eH5C0phIICytEPQxY_6VMrQpfhAROtRs&dib_tag=se&keywords=women+summer+slippers&qid=1784607258&sr=8-21,https://m.media-amazon.com/images/I/71FLg8v7ZyL._AC_UL320_.jpg,57,排名进入前30；价格处于人民币等值¥57.60-¥180.00黄金区间；评分达到4.3以上。
2026-07-21,amazon_us,product,search,women slides,17,adidas,¥114.98,4.4,adidas,,,,,,https://www.amazon.com/adidas-Unisex-Adilette-Slide-Sandal/dp/B0BHXQXLFT/ref=sr_1_6?dib=eyJ2IjoiMSJ9.wrqHnvIFpzxZDCy1gVq3f4lU1Vnrjhi4TbSLsbHbjD0xXo99n1y-JyWu8hO04zMbXwJcFblfA2U_9k5vODoelXxFrwBlEMCufqqufTM1e9nzTYKFANmcsuPIhamKEIiWAOR-WcuTk0B58i7XZVOtOaZL5U7eL8Ee2vaQjJHGQpHJYCgxtylvIttd0iz6DDoVrauGht7763LjiV3mhz-AxMXSMEjzqE2AYdgFTFxPtCysAyzNzGBoyt2d_6131VVD_I-0mVHEGtwwlx8tmi9FKvguRQysp3lchH4RUTeuQvo.WaLif_f2Uq-4e0YoVMAFs-NdV-UEtsjrgMq-06qiTh4&dib_tag=se&keywords=women+slides&qid=1784607259&sr=8-6,https://m.media-amazon.com/images/I/51MKnxJBP5L._AC_UL320_.jpg,57,排名进入前30；价格处于人民币等值¥57.60-¥180.00黄金区间；评分达到4.3以上。
2026-07-21,amazon_us,product,search,women slides,28,Comwarm,¥68.26,4.3,Comwarm,,,,,,https://www.amazon.com/Sandals-Lightweight-Bathroom-Non-Slip-Slippers/dp/B099DTRKSL/ref=sr_1_11?dib=eyJ2IjoiMSJ9.wrqHnvIFpzxZDCy1gVq3f4lU1Vnrjhi4TbSLsbHbjD0xXo99n1y-JyWu8hO04zMbXwJcFblfA2U_9k5vODoelXxFrwBlEMCufqqufTM1e9nzTYKFANmcsuPIhamKEIiWAOR-WcuTk0B58i7XZVOtOaZL5U7eL8Ee2vaQjJHGQpHJYCgxtylvIttd0iz6DDoVrauGht7763LjiV3mhz-AxMXSMEjzqE2AYdgFTFxPtCysAyzNzGBoyt2d_6131VVD_I-0mVHEGtwwlx8tmi9FKvguRQysp3lchH4RUTeuQvo.WaLif_f2Uq-4e0YoVMAFs-NdV-UEtsjrgMq-06qiTh4&dib_tag=se&keywords=women+slides&qid=1784607259&sr=8-11,https://m.media-amazon.com/images/I/71uNAZpAhiL._AC_UL320_.jpg,57,排名进入前30；价格处于人民币等值¥57.60-¥180.00黄金区间；评分达到4.3以上。
2026-07-21,amazon_us,product,new_releases,New Releases Women Sandals,3,BRONAX Matte Jelly Flats for Women | Hollow Out Breathable Shoes | Slip-Resistant Summer Beach Sandals,,4.2,24,,,,,,https://www.amazon.com/BRONAX-Sandals-Lightweight-Transparent-Breathable/dp/B0H149QTMS/ref=zg_bsnr_g_679425011_d_sccl_3/141-0238649-4687036?psc=1,"https://images-na.ssl-images-amazon.com/images/I/81CvoQKM-FL._AC_UL600_SR600,400_.jpg",55,排名靠前；标题包含 beach、summer，符合美国女鞋舒适化趋势；评分达到4.0以上。
2026-07-21,amazon_us,product,search,women slides,30,Nike,¥202.82,4.6,Nike,,,,,,https://www.amazon.com/Nike-Womens-Gymnastics-White-Black/dp/B08Q8RRJ5H/ref=sr_1_13?dib=eyJ2IjoiMSJ9.wrqHnvIFpzxZDCy1gVq3f4lU1Vnrjhi4TbSLsbHbjD0xXo99n1y-JyWu8hO04zMbXwJcFblfA2U_9k5vODoelXxFrwBlEMCufqqufTM1e9nzTYKFANmcsuPIhamKEIiWAOR-WcuTk0B58i7XZVOtOaZL5U7eL8Ee2vaQjJHGQpHJYCgxtylvIttd0iz6DDoVrauGht7763LjiV3mhz-AxMXSMEjzqE2AYdgFTFxPtCysAyzNzGBoyt2d_6131VVD_I-0mVHEGtwwlx8tmi9FKvguRQysp3lchH4RUTeuQvo.WaLif_f2Uq-4e0YoVMAFs-NdV-UEtsjrgMq-06qiTh4&dib_tag=se&keywords=women+slides&qid=1784607259&sr=8-13,https://m.media-amazon.com/images/I/51npEYHZuAL._AC_UL320_.jpg,55,排名进入前30；价格处于人民币等值¥180.00-¥288.00区间；评分达到4.6以上。
2026-07-21,amazon_us,product,best_sellers,Best Sellers Women Sandals,19,KuaiLu Womens Flip Flops Arch Support Yoga Mat Cushioned Thong Sandals | Ladies Comfortable Walking Slides For Plantar Fasciitis Slip On Indoor Outdoor For Summer,,4.2,$25.99,,,,,,https://www.amazon.com/KuaiLu-Comfortable-Walking-Sandals-Fasciitis/dp/B0937BNPB3/ref=zg_bs_g_679425011_d_sccl_19/145-4526400-8825731?psc=1,"https://images-na.ssl-images-amazon.com/images/I/61k31MTJEYL._AC_UL600_SR600,400_.jpg",54,排名进入前30；标题包含 comfort、arch support、summer，符合美国女鞋舒适化趋势；评分达到4.0以上。
2026-07-21,amazon_us,product,best_sellers,Best Sellers Women Sandals,25,"shevalues Slim Basic Flip Flops for Women with Comfortable Yoga Mat | Lightweight Non Slip Rubber Sandals for Beach, Shower, Pool & Summer Casual Wear",,4.4,$9.99,,,,,,https://www.amazon.com/shevalues-Shower-Rubber-Sandals-Comfortable/dp/B0B68G2D52/ref=zg_bs_g_679425011_d_sccl_25/145-4526400-8825731?psc=1,"https://images-na.ssl-images-amazon.com/images/I/61b4HXgBWfL._AC_UL600_SR600,400_.jpg",54,排名进入前30；标题包含 comfort、beach、summer，符合美国女鞋舒适化趋势；评分达到4.3以上。
2026-07-21,amazon_us,product,new_releases,New Releases Women Sandals,16,IDIFU Flat Sandals for Women Dressy Comfortable Summer Beach Cute Vacation Slip On Slides Open Round Toe Cute Casual Fashion Sandals,,4.3,$15.99,,,,,,https://www.amazon.com/IDIFU-Sandals-Comfortable-Vacation-Fashion/dp/B0GXTRKQ9V/ref=zg_bsnr_g_679425011_d_sccl_16/141-0238649-4687036?psc=1,"https://images-na.ssl-images-amazon.com/images/I/615IK0HptHL._AC_UL600_SR600,400_.jpg",54,排名进入前30；标题包含 comfort、beach、summer，符合美国女鞋舒适化趋势；评分达到4.3以上。
2026-07-21,amazon_us,product,new_releases,New Releases Women Sandals,24,ZURIN Shower Shoes Women Quick Dry Flip Flops with Arch Support，Pool Flip Flops for Women Drainage Holes Non Slip Shower Sandals Slippers for Beach Bath Gym College Dorm,,4.8,$12.79,,,,,,https://www.amazon.com/ZURIN-Support%EF%BC%8CPool-Drainage-Sandals-Slippers/dp/B0GZVCSB1H/ref=zg_bsnr_g_679425011_d_sccl_24/141-0238649-4687036?psc=1,"https://images-na.ssl-images-amazon.com/images/I/715V5c8jP-L._AC_UL600_SR600,400_.jpg",54,排名进入前30；标题包含 arch support、beach，符合美国女鞋舒适化趋势；评分达到4.6以上。
2026-07-21,amazon_us,product,new_releases,New Releases Women Sandals,25,"CUSHIONAIRE Trio Flip Flops for Women, Comfortable Beach Sandals with Braided Thong Strap, Memory Foam Footbed and Metallic Ring Accents",,4.7,$39.99,,,,,,https://www.amazon.com/CUSHIONAIRE-Comfortable-Sandals-Braided-Metallic/dp/B0H37L11HM/ref=zg_bsnr_g_679425011_d_sccl_25/141-0238649-4687036?psc=1,"https://images-na.ssl-images-amazon.com/images/I/71Bu6Js8cPL._AC_UL600_SR600,400_.jpg",54,排名进入前30；标题包含 comfort、beach，符合美国女鞋舒适化趋势；评分达到4.6以上。
2026-07-21,amazon_us,product,search,women slides,47,"Arch Support Slides Comfortable Beach Pool Slippers, Lightweight Indoor Outdoor Slide Shower Bathroom Sandals Quick Drying",¥71.93,4.0,"Price, product page $9.99 $ 9 . 99",,,,,,https://www.amazon.com/INUUINUU-Comfortable-Slippers-Lightweight-Bathroom/dp/B0GLGC8BGQ/ref=sr_1_30?dib=eyJ2IjoiMSJ9.wrqHnvIFpzxZDCy1gVq3f4lU1Vnrjhi4TbSLsbHbjD0xXo99n1y-JyWu8hO04zMbXwJcFblfA2U_9k5vODoelXxFrwBlEMCufqqufTM1e9nzTYKFANmcsuPIhamKEIiWAOR-WcuTk0B58i7XZVOtOaZL5U7eL8Ee2vaQjJHGQpHJYCgxtylvIttd0iz6DDoVrauGht7763LjiV3mhz-AxMXSMEjzqE2AYdgFTFxPtCysAyzNzGBoyt2d_6131VVD_I-0mVHEGtwwlx8tmi9FKvguRQysp3lchH4RUTeuQvo.WaLif_f2Uq-4e0YoVMAFs-NdV-UEtsjrgMq-06qiTh4&dib_tag=se&keywords=women+slides&qid=1784607259&sr=8-30,https://m.media-amazon.com/images/I/71ao+6pV3pL._AC_UL320_.jpg,54,排名进入前50；价格处于人民币等值¥57.60-¥180.00黄金区间；标题包含 comfort、arch support、beach，符合美国女鞋舒适化趋势；评分达到4.0以上。
2026-07-21,amazon_us,product,best_sellers,Best Sellers Women Sandals,31,Project Cloud 100% Genuine Leather Platform Sandals Women Footwear - Wedge Chunky Slides for Women 2026 with Memory Foam Insole & Cork Footbed Womens Sandals (GreeceChunky),,4.2,$40.47,,,,,,https://www.amazon.com/Project-Cloud-Genuine-Platform-Footwear/dp/B0DNRTZXN9/ref=zg_bs_g_679425011_d_sccl_31/141-0238649-4687036?psc=1,"https://images-na.ssl-images-amazon.com/images/I/71-gfihl+zL._AC_UL300_SR300,200_.jpg",53,排名进入前50；标题包含 cloud、platform、wedge，符合美国女鞋舒适化趋势；cloud + slides组合趋势加分；评分达到4.0以上。
2026-07-21,amazon_us,product,best_sellers,Best Sellers Women Sandals,36,"CUSHIONAIRE Fame Pillow Recovery Sandals for Women, Adjustable Double Buckle Waterproof EVA Cloud Slides for Women",,4.4,$26.98,,,,,,https://www.amazon.com/CUSHIONAIRE-Womens-recovery-cloud-Comfort/dp/B0BTQ5S71G/ref=zg_bs_g_679425011_d_sccl_36/141-0238649-4687036?psc=1,"https://images-na.ssl-images-amazon.com/images/I/81ab6T9a83L._AC_UL300_SR300,200_.jpg",53,排名进入前50；标题包含 cloud、recovery，符合美国女鞋舒适化趋势；cloud + slides组合趋势加分；评分达到4.3以上。
2026-07-21,amazon_us,product,new_releases,New Releases Women Sandals,21,Caradise Jelly Kitten Heel Sandals for Women Jelly Shoes Summer,,5.0,$52.99,,,,,,https://www.amazon.com/Caradise-Kitten-Sandals-Jellies-Wedding/dp/B0H5PKC6BR/ref=zg_bsnr_g_679425011_d_sccl_21/141-0238649-4687036?psc=1,"https://images-na.ssl-images-amazon.com/images/I/61jPzAlZK4L._AC_UL600_SR600,400_.jpg",53,排名进入前30；评论数达到50以上；标题包含 summer，符合美国女鞋舒适化趋势；评分达到4.6以上。
2026-07-21,amazon_us,product,best_sellers,Best Sellers Women Sandals,7,Joomra Pillow Slippers for Women and Men Non Slip Quick Drying Shower Slides Bathroom Sandals | Ultra Cushion | Thick Sole,,4.3,$20.34,,,,,,https://www.amazon.com/Joomra-Slippers-Massage-Bathroom-Platform/dp/B09652VJP1/ref=zg_bs_g_679425011_d_sccl_7/145-4526400-8825731?psc=1,"https://images-na.ssl-images-amazon.com/images/I/71pkhgTTRXL._AC_UL600_SR600,400_.jpg",52,排名靠前；评分达到4.3以上。
2026-07-21,amazon_us,product,best_sellers,Best Sellers Women Sandals,10,CUSHIONAIRE Pool Slides for Women Water Resistant Double Buckle Adjustable Slip-On Womens Sandals for Beach Shower Casual Wear,,4.1,$44.98,,,,,,https://www.amazon.com/CUSHIONAIRE-Sandals-Resistant-Double-Buckle/dp/B0GXHKZW5C/ref=zg_bs_g_679425011_d_sccl_10/145-4526400-8825731?psc=1,"https://images-na.ssl-images-amazon.com/images/I/71NStLIJ8SL._AC_UL600_SR600,400_.jpg",52,排名靠前；标题包含 beach，符合美国女鞋舒适化趋势；评分达到4.0以上。
2026-07-21,amazon_us,product,new_releases,New Releases Women Sandals,2,"CUSHIONAIRE Java Casual Womens Jelly Flats with Adjustable Strap, Closed Toe Mary Janes Mule Design, Waterproof Jelly Sandals for Women",,4.3,$34.98,,,,,,https://www.amazon.com/CUSHIONAIRE-Adjustable-Waterproof-Sandals-CHOCOLATE/dp/B0H4MLLC32/ref=zg_bsnr_g_679425011_d_sccl_2/141-0238649-4687036?psc=1,"https://images-na.ssl-images-amazon.com/images/I/81iCqxPUX6L._AC_UL600_SR600,400_.jpg",52,排名靠前；评分达到4.3以上。
2026-07-21,amazon_us,product,new_releases,New Releases Women Sandals,7,adidas Womens Adilette Aqua Slides Casual Sandals Casual - Blue,,4.5,$24.90,,,,,,https://www.amazon.com/adidas-Womens-Adilette-Slides-Sandal/dp/B0921VVY52/ref=zg_bsnr_g_679425011_d_sccl_7/141-0238649-4687036?psc=1,"https://images-na.ssl-images-amazon.com/images/I/31UIFbdKeTL._AC_UL600_SR600,400_.jpg",52,排名靠前；评分达到4.3以上。
2026-07-21,amazon_us,product,new_releases,New Releases Women Sandals,8,adidas Mens Adilette Aqua Slide Casual Sandals Casual - Black,,4.4,$21.09,,,,,,https://www.amazon.com/adidas-Unisex-Adilette-Slide-Sandal/dp/B0BHXMP298/ref=zg_bsnr_g_679425011_d_sccl_8/141-0238649-4687036?psc=1,"https://images-na.ssl-images-amazon.com/images/I/51nGzrhiENL._AC_UL600_SR600,400_.jpg",52,排名靠前；评分达到4.3以上。
2026-07-21,amazon_us,product,search,women slides,16,CUSHIONAIRE,¥194.33,4.4,CUSHIONAIRE,,,,,,https://www.amazon.com/CUSHIONAIRE-Womens-Feather-recovery-Comfort/dp/B0BTQ7ZS7B/ref=sr_1_5?dib=eyJ2IjoiMSJ9.wrqHnvIFpzxZDCy1gVq3f4lU1Vnrjhi4TbSLsbHbjD0xXo99n1y-JyWu8hO04zMbXwJcFblfA2U_9k5vODoelXxFrwBlEMCufqqufTM1e9nzTYKFANmcsuPIhamKEIiWAOR-WcuTk0B58i7XZVOtOaZL5U7eL8Ee2vaQjJHGQpHJYCgxtylvIttd0iz6DDoVrauGht7763LjiV3mhz-AxMXSMEjzqE2AYdgFTFxPtCysAyzNzGBoyt2d_6131VVD_I-0mVHEGtwwlx8tmi9FKvguRQysp3lchH4RUTeuQvo.WaLif_f2Uq-4e0YoVMAFs-NdV-UEtsjrgMq-06qiTh4&dib_tag=se&keywords=women+slides&qid=1784607259&sr=8-5,https://m.media-amazon.com/images/I/81PBXKFp76L._AC_UL320_.jpg,52,排名进入前30；价格处于人民币等值¥180.00-¥288.00区间；评分达到4.3以上。
2026-07-21,amazon_us,product,search,platform sandals women,12,Soda,¥202.32,4.5,Soda,,,,,,https://www.amazon.com/Soda-Buckle-Espadrilles-Flatform-Casual/dp/B0C5S26DHB/ref=sr_1_6?dib=eyJ2IjoiMSJ9.wIlL_eVtHzMil5mQkgwLsqD11Kg-74ST5tOkpMxE5RWe2zjbOOgkTU8i_DqcCjCusJaeAHAQ4npXapEbK0L9aci6fuO8AwVxULxB3rI_qLJMtUse6dgKCW1sFIzdKiGr_VyE_bPtdq3tDbE37y_hZvQ53jrLqBRbh-w2H7FdkPj0xMK3v5EuB9rCe5FTIPyyXKPkaFrm2eepmvaObGLk2b2HoQmr84O9hp1iLbgFbdlAenn4ubu-8SG-gcFlAmRa8-5A6U5YnLaaL0tvYSICrFNGwAxdVVkz226K5unBUYk.IKOP3Ayd_6i7Msk6g2sKZtOTOS7rGuf-Eu7EfBKVGhg&dib_tag=se&keywords=platform+sandals+women&qid=1784607259&sr=8-6,https://m.media-amazon.com/images/I/71q-Jp+UEkL._AC_UL320_.jpg,52,排名进入前30；价格处于人民币等值¥180.00-¥288.00区间；评分达到4.3以上。
2026-07-21,amazon_us,product,search,platform sandals women,30,DREAM PAIRS,¥287.93,4.5,DREAM PAIRS,,,,,,https://www.amazon.com/DREAM-PAIRS-Adjustable-Lightweight-Waterproof/dp/B0G1RBS19X/ref=sr_1_14?dib=eyJ2IjoiMSJ9.wIlL_eVtHzMil5mQkgwLsqD11Kg-74ST5tOkpMxE5RWe2zjbOOgkTU8i_DqcCjCusJaeAHAQ4npXapEbK0L9aci6fuO8AwVxULxB3rI_qLJMtUse6dgKCW1sFIzdKiGr_VyE_bPtdq3tDbE37y_hZvQ53jrLqBRbh-w2H7FdkPj0xMK3v5EuB9rCe5FTIPyyXKPkaFrm2eepmvaObGLk2b2HoQmr84O9hp1iLbgFbdlAenn4ubu-8SG-gcFlAmRa8-5A6U5YnLaaL0tvYSICrFNGwAxdVVkz226K5unBUYk.IKOP3Ayd_6i7Msk6g2sKZtOTOS7rGuf-Eu7EfBKVGhg&dib_tag=se&keywords=platform+sandals+women&qid=1784607259&sr=8-14,https://m.media-amazon.com/images/I/61VKPpZxLML._AC_UL320_.jpg,52,排名进入前30；价格处于人民币等值¥180.00-¥288.00区间；评分达到4.3以上。
2026-07-21,amazon_us,product,best_sellers,Best Sellers Women Sandals,17,"CUSHIONAIRE Luna Sandals for Women, Cork Footbed Womens Sandals for Summer Comfort with Adjustable Straps, Wide Width Available",,4.5,$34.99,,,,,,https://www.amazon.com/CUSHIONAIRE-Next-Womens-Slide-Sandals-Brown/dp/B073XSLL5P/ref=zg_bs_g_679425011_d_sccl_17/145-4526400-8825731?psc=1,"https://images-na.ssl-images-amazon.com/images/I/81TDeaArVJL._AC_UL600_SR600,400_.jpg",51,排名进入前30；标题包含 comfort、summer，符合美国女鞋舒适化趋势；评分达到4.3以上。
2026-07-21,amazon_us,product,new_releases,New Releases Women Sandals,19,"BRONAX Women's Double Buckle Clear Jelly Sandals J100 | Waterproof PVC Material, Quick-Drying, Summer Slip on, Easy to Clean, Comfort During Walking, Travel, and Daily Wear",,4.3,$19.98,,,,,,https://www.amazon.com/BRONAX-Womens-Double-Buckle-Sandals/dp/B0H14NQKY9/ref=zg_bsnr_g_679425011_d_sccl_19/141-0238649-4687036?psc=1,"https://images-na.ssl-images-amazon.com/images/I/81ntrU8WMiL._AC_UL600_SR600,400_.jpg",51,排名进入前30；标题包含 comfort、summer，符合美国女鞋舒适化趋势；评分达到4.3以上。
2026-07-21,amazon_us,product,new_releases,New Releases Women Sandals,28,Glamnest Women's Kitten Heel Sandals Square Open Toe Slip On Flip Flop Heels Comfortable 2 Inch Heeled Sandals Thong Party Dress Summer Travel Wedding,,4.3,$31.99,,,,,,https://www.amazon.com/Glamnest-Womens-Kitten-Comfortable-Wedding/dp/B0GLZ4Q81C/ref=zg_bsnr_g_679425011_d_sccl_28/141-0238649-4687036?psc=1,"https://images-na.ssl-images-amazon.com/images/I/61TP1DPnvlL._AC_UL600_SR600,400_.jpg",51,排名进入前30；标题包含 comfort、summer，符合美国女鞋舒适化趋势；评分达到4.3以上。
2026-07-21,amazon_us,product,new_releases,New Releases Women Sandals,1,"CUSHIONAIRE Vita Jelly Sandals for Women, Casual Lightweight Womens Strappy Sandals with Adjustable Buckle Strap and Gold Hardware Accent",,4.0,$39.98,,,,,,https://www.amazon.com/CUSHIONAIRE-Sandals-Lightweight-Adjustable-Hardware/dp/B0H1Y94T1T/ref=zg_bsnr_g_679425011_d_sccl_1/141-0238649-4687036?psc=1,"https://images-na.ssl-images-amazon.com/images/I/81Uy6Bt6XaL._AC_UL600_SR600,400_.jpg",49,排名靠前；评分达到4.0以上。
2026-07-21,amazon_us,product,search,platform sandals women,27,EQAUDES,¥220.61,4.2,EQAUDES,,,,,,https://www.amazon.com/EQAUDES-Platform-Espadrille-Sandals-Flatform/dp/B0C6XLWPN9/ref=sr_1_11?dib=eyJ2IjoiMSJ9.wIlL_eVtHzMil5mQkgwLsqD11Kg-74ST5tOkpMxE5RWe2zjbOOgkTU8i_DqcCjCusJaeAHAQ4npXapEbK0L9aci6fuO8AwVxULxB3rI_qLJMtUse6dgKCW1sFIzdKiGr_VyE_bPtdq3tDbE37y_hZvQ53jrLqBRbh-w2H7FdkPj0xMK3v5EuB9rCe5FTIPyyXKPkaFrm2eepmvaObGLk2b2HoQmr84O9hp1iLbgFbdlAenn4ubu-8SG-gcFlAmRa8-5A6U5YnLaaL0tvYSICrFNGwAxdVVkz226K5unBUYk.IKOP3Ayd_6i7Msk6g2sKZtOTOS7rGuf-Eu7EfBKVGhg&dib_tag=se&keywords=platform+sandals+women&qid=1784607259&sr=8-11,https://m.media-amazon.com/images/I/81juIfWU4pL._AC_UL320_.jpg,49,排名进入前30；价格处于人民币等值¥180.00-¥288.00区间；评分达到4.0以上。
2026-07-21,amazon_us,product,best_sellers,Best Sellers Women Sandals,11,"WHITIN Women's Slides with Cushioned Thick Sole Slippers for Home Wear Y13 | Comfort for Daily Wear, Waterproof & Easy to Clean, Indoor & Outdoor Versatility, Lightweight EVA for All-Day",,4.3,$9.99,,,,,,https://www.amazon.com/WHITIN-Slippers-Sandals-Fashionable-Lightweight/dp/B0C1C3MKLF/ref=zg_bs_g_679425011_d_sccl_11/145-4526400-8825731?psc=1,"https://images-na.ssl-images-amazon.com/images/I/71nA8egRirL._AC_UL600_SR600,400_.jpg",48,排名进入前30；标题包含 comfort，符合美国女鞋舒适化趋势；评分达到4.3以上。
2026-07-21,amazon_us,product,best_sellers,Best Sellers Women Sandals,32,Project Cloud 100% Genuine Leather Womens Sandals -Lightweight Womens Slides Memory Foam Insole & Cork Footbed Sandals Women - Non-Slip Beach Essentials Summer Sandals for Women 2026 (Lian),,4.2,$24.90,,,,,,https://www.amazon.com/Project-Cloud-Genuine-Leather-Sandals/dp/B0FW71GCZ2/ref=zg_bs_g_679425011_d_sccl_32/141-0238649-4687036?psc=1,"https://images-na.ssl-images-amazon.com/images/I/81ljCfCOosL._AC_UL300_SR300,200_.jpg",48,排名进入前50；标题包含 cloud、beach、summer，符合美国女鞋舒适化趋势；cloud + slides组合趋势加分；评分达到4.0以上。
2026-07-21,amazon_us,product,new_releases,New Releases Women Sandals,13,"CUSHIONAIRE Aqua Jelly Flip Flops for Women | Jelly Shoes Glossy Upper, Slip-On Thong Design, Open Round Toe, Quick-Dry Beach and Pool Friendly, Travel-Ready Resort Style",,5.0,$29.99,,,,,,https://www.amazon.com/CUSHIONAIRE-Jelly-Flops-Women-TORTOISE/dp/B0H6C6L3F6/ref=zg_bsnr_g_679425011_d_sccl_13/141-0238649-4687036?psc=1,"https://images-na.ssl-images-amazon.com/images/I/71RItxQyunL._AC_UL600_SR600,400_.jpg",48,排名进入前30；标题包含 beach，符合美国女鞋舒适化趋势；评分达到4.6以上。
2026-07-21,amazon_us,product,new_releases,New Releases Women Sandals,17,IDAWIVI Heeled Sandals for Women Low Block Chunky Heels Cutout Strap Square Open Toe Mule Sandals Casual Summer Slip On Slides,,4.6,$35.89,,,,,,https://www.amazon.com/IDAWIVI-Heeled-Sandals-Chunky-Cutout/dp/B0GRV4FN13/ref=zg_bsnr_g_679425011_d_sccl_17/141-0238649-4687036?psc=1,"https://images-na.ssl-images-amazon.com/images/I/616J5sbTlUL._AC_UL600_SR600,400_.jpg",48,排名进入前30；标题包含 summer，符合美国女鞋舒适化趋势；评分达到4.6以上。
2026-07-21,amazon_us,product,new_releases,New Releases Women Sandals,26,BRONAX Jelly Slides Sandals for Women | Hollow Out Breathable Flats | Slip-on Summer Beach Shoes,,4.4,$19.99,,,,,,https://www.amazon.com/BRONAX-Jellies-Breathable-Non-Slip-Water-Resistant/dp/B0H149XQJB/ref=zg_bsnr_g_679425011_d_sccl_26/141-0238649-4687036?psc=1,"https://images-na.ssl-images-amazon.com/images/I/81YBWZSREvL._AC_UL600_SR600,400_.jpg",48,排名进入前30；标题包含 beach、summer，符合美国女鞋舒适化趋势；评分达到4.3以上。
2026-07-21,amazon_us,product,best_sellers,Best Sellers Women Sandals,12,Clarks Women's Breeze Sea Flip-Flop,,4.7,$31.34,,,,,,https://www.amazon.com/Clarks-Womens-Breeze-Black-Synthetic/dp/B01FH9EEGE/ref=zg_bs_g_679425011_d_sccl_12/145-4526400-8825731?psc=1,"https://images-na.ssl-images-amazon.com/images/I/61f5Z2idq9L._AC_UL600_SR600,400_.jpg",45,排名进入前30；评分达到4.6以上。
2026-07-21,amazon_us,product,best_sellers,Best Sellers Women Sandals,21,"ZUVARI Kitten Heels for Women, Square Toe Flip Flop Kitten Heel Sandals, 2.16 Inch Thong Heels, Slip-On Dressy Summer Heeled Sandals",,4.4,$28.79,,,,,,https://www.amazon.com/ZUVARI-Kitten-Square-Sandals-Dressy/dp/B0GBXPS8D3/ref=zg_bs_g_679425011_d_sccl_21/145-4526400-8825731?psc=1,"https://images-na.ssl-images-amazon.com/images/I/51r5FYMKLKL._AC_UL600_SR600,400_.jpg",45,排名进入前30；标题包含 summer，符合美国女鞋舒适化趋势；评分达到4.3以上。
2026-07-21,amazon_us,product,best_sellers,Best Sellers Women Sandals,33,Project Cloud 100% Genuine Leather Sandals Women Dressy Beach Essentials Slides for Women Footwear - Lightweight with Memory Foam Insole Sandals for Women 2026 - Womens Slides,,4.0,$27.90,,,,,,https://www.amazon.com/Project-Cloud-Genuine-Leather-Essentials/dp/B0CP4LB912/ref=zg_bs_g_679425011_d_sccl_33/141-0238649-4687036?psc=1,"https://images-na.ssl-images-amazon.com/images/I/7117f+dSmAL._AC_UL300_SR300,200_.jpg",45,排名进入前50；标题包含 cloud、beach，符合美国女鞋舒适化趋势；cloud + slides组合趋势加分；评分达到4.0以上。
2026-07-21,amazon_us,product,new_releases,New Releases Women Sandals,15,"CUSHIONAIRE Mezzo Clear Strap Kitten Heels for Women, Square Toe Flip Flop Sandal Heels with Memory Foam Comfort",,4.2,$49.98,,,,,,https://www.amazon.com/CUSHIONAIRE-Kitten-Square-Sandal-Comfort/dp/B0GZHWP9H3/ref=zg_bsnr_g_679425011_d_sccl_15/141-0238649-4687036?psc=1,"https://images-na.ssl-images-amazon.com/images/I/713Q6uXZZqL._AC_UL600_SR600,400_.jpg",45,排名进入前30；标题包含 comfort，符合美国女鞋舒适化趋势；评分达到4.0以上。
2026-07-21,amazon_us,product,search,women summer slippers,40,Summer Sandals For Woman 2026 Comfortable Slip On Breathable Hollow Mesh Casual Beach Slippers Orthopedic Shoes,¥57.38,3.4,"Price, product page $7.97 $ 7 . 97",,,,,,https://www.amazon.com/dyiozbga-Comfortable-Breathable-Orthopedic-Lightweight/dp/B0G6L2RHZG/ref=sr_1_32?dib=eyJ2IjoiMSJ9.edQbWdZgRC57j1GkLLh3yg_5pR05vUY5G0-dACSTUcGCCuSasGfhXmBH14w-kEIE04qTS0GXIXnP-1sIW60vNyv3OSYG0JDNiMc2GonH0B-ksvPwt6J7CZgLbJs4_olyTGjb0E9GFyLdvbOnjcUec_ZDYNlrpAvw3mkF7NG5yBS0yR7IHYRKENdGbOlA2yosvo-PMy7fizEkvbOCWuCeAa3QMo8qqFy5l6Eh3lk9eay78HLroYYPVnM8su7KRc8Nbd98yOc6YBHA_ql4bKzhe5aBK7MxUGXAJGO62eMbVLQ.i0JSVKaNBZ0eH5C0phIICytEPQxY_6VMrQpfhAROtRs&dib_tag=se&keywords=women+summer+slippers&qid=1784607258&sr=8-32,https://m.media-amazon.com/images/I/71yJlD7GxHL._AC_UL320_.jpg,45,排名进入前50；价格低于人民币等值¥57.60；标题包含 orthopedic、comfort、beach、summer，符合美国女鞋舒适化趋势。
2026-07-21,amazon_us,product,search,women summer slippers,50,Parlovable,¥71.93,4.6,Parlovable,,,,,,https://www.amazon.com/Womens-Slippers-Outdoor-Breathable-Off-White/dp/B07YFWL6ZF/ref=sr_1_42?dib=eyJ2IjoiMSJ9.edQbWdZgRC57j1GkLLh3yg_5pR05vUY5G0-dACSTUcGCCuSasGfhXmBH14w-kEIE04qTS0GXIXnP-1sIW60vNyv3OSYG0JDNiMc2GonH0B-ksvPwt6J7CZgLbJs4_olyTGjb0E9GFyLdvbOnjcUec_ZDYNlrpAvw3mkF7NG5yBS0yR7IHYRKENdGbOlA2yosvo-PMy7fizEkvbOCWuCeAa3QMo8qqFy5l6Eh3lk9eay78HLroYYPVnM8su7KRc8Nbd98yOc6YBHA_ql4bKzhe5aBK7MxUGXAJGO62eMbVLQ.i0JSVKaNBZ0eH5C0phIICytEPQxY_6VMrQpfhAROtRs&dib_tag=se&keywords=women+summer+slippers&qid=1784607258&sr=8-42,https://m.media-amazon.com/images/I/61vjaMbgpqL._AC_UL320_.jpg,45,排名进入前50；价格处于人民币等值¥57.60-¥180.00黄金区间；评分达到4.6以上。
2026-07-21,amazon_us,product,search,women slides,1,4.3,,,4.3,,,,,,https://aax-us-east-retail-direct.amazon.com/x/c/JMX6lYzKSbYeaVZJWMKWDdQAAAGfguG80AEAAAH2AQBvbm9fdHhuX2JpZDQgICBvbm9fdHhuX2ltcDIgICB6S4YI/clv1c_ek-YBXfWbbbaXQ4WY1p43597Nk4ubomojnZjDWRRNt9I6d_KCK4zkRXlQUu37WewLUZ39IbcWmgBOL1xzpOckav2SJznVTrPYXyPz7t8HE1WswHvabj55QcYCPx9oFJRlJtV6xBXVAkVbZa0-pVMbwrPyeuevtVokc64vxuCLOce12UZUvANRUI4ORZVr_qSAUOGsRmXQNSpVWP4un7d2LqrUF1-lQ_2193ODPApLtxdsHZGn0pwUrVmFmUaWo3QNyzToOg0Ex00fpbGzGj1bj5r9CMCPJ4w98Rgxz2SCp7ttLajwT2vS6WguPrfUioahXEbP7uVLcyF7m9iuiuuV9kZSSEbERorRPD-IspNUky78cqZp2pnXooxD488wanOkmnvVKuJKiiolklSWvRSKESrV34sIpCi2lT9j_rrcKpbU_zMr6Bvw3CAR8FDtXCWE8ZU2ZmiOkvc8tvU5sniqWLfAFRqrE-Oqydq_aFfKuJxFsKbS5JjZdz-_dMwKY0nw5HHGOH5ykC8IQyPN2gBnchN62ZGC5iDB9lhaoIvlHQ6OfsCDpnxp36GVthsWnHCE6iTsMkayKd3vxqfs98sHGuCW514uN2v6Cfkz1vD0rrZT5bSwm70GqF-bM6pDYVf5S9uS25sc2GCa86jAg6Ha7ItS6VB4eKWcct4wU3lcJuOhBhv7_PX3apV8EDCZiZr60VXyLIhbNYTs2RZ7JMC-i3WZd-MtjaIf5nYgaG57wqu-SpBJ08ygdBuqStmINiCj5bl5FbjHlgTtJf21W4QQPL_yFGexR8lFU0L9ZfR9tDxBFAa37f4bbbsvor2fl0CeiGtgF21w7JYW1C2G7GIXKhQnCE-Evt-QcrZ7WU162VUg5TCewnZwiey3RE6JPhy5ZoF4Jdu8vywz__7bAWHWpbsKDmmfKw_bCvaH_ypuCMSeegpwaYCgeaY7Qbjdwg0ru3gFzG4E7Ih65w6Ld5EUcIhlB_M0Jc-O7dfVPQx8At7eF7UOf6_uFXmKlmcTn5BM-OmyWoZlAETPdBYxVVS109CbS4dznbEnSWuooM4LQtC1eFMsqKowS6-wKgYTlE3gT2upWBdMAjj_5IViVfqaSxEZkn27CiWVKz42to-vU-ZZVk2jNFtl3cuul9wrCCDOyUGMrFKK1Z3BVChHNpBkbNsQ-_XnunD1pzFA2fxl6AvZrGZjDRoGANBfZ_-DnWbHChgXkHBcoBLBS2Bt6pLo86kEu0uwQauYgYmsFU9OiO7WQJ8TkAq_ccM5h0uKJI1rUV4RKUg2eHkdm0NhywTGfPvAMmdKpvBYPb9kD1EyEYXdaa-0Za5x5V6EwblTbqPBoytdLk_2akB_qv4HkCWTVDnVSCmGSxKFTryrEDusKJmLmTf9QabGLhZPsiU8iMHUIRPKia_6xjIefhYlzQA6qGvQpdRy6yOERvHFL5B5bGj58lY7QMEWOjt6xjGkQ-dg0DbIUY24r8YZ61GpYWaIxRMj3SOW6Vc4Cisg0QbmOO0b4b-LPYn7t6tmzPfYCl2r2rj8Qmm_WSLESbrIEu4pGFUNIm-ZaCwaj1iwL8iGEdO63Iflg/https://www.amazon.com/dp/B09C1QWSL8/?_encoding=UTF8&pd_rd_i=B09C1QWSL8&ref_=sbx_be_s_sparkle_ssd_img&qid=1784607259&pd_rd_w=lOttG&content-id=amzn1.sym.2fb72bc8-96ef-420d-b08f-c04b69f36507%3Aamzn1.sym.2fb72bc8-96ef-420d-b08f-c04b69f36507&pf_rd_p=2fb72bc8-96ef-420d-b08f-c04b69f36507&pf_rd_r=3Y3JQ71F62E3SN5BA84S&pd_rd_wg=5FxBj&pd_rd_r=0d786b9b-99db-4f5f-9729-70f4ade6507c&pd_rd_plhdr=t,"https://m.media-amazon.com/images/I/31zGbEI4DFL._AC_SR250,250_QL65_.jpg",45,排名靠前。
2026-07-21,amazon_us,product,search,women slides,26,OOFOS,¥431.64,4.4,OOFOS,,,,,,https://www.amazon.com/OOFOS-Unisex-Ooahh-Slide-Sandal/dp/B00BRC4L14/ref=sr_1_9?dib=eyJ2IjoiMSJ9.wrqHnvIFpzxZDCy1gVq3f4lU1Vnrjhi4TbSLsbHbjD0xXo99n1y-JyWu8hO04zMbXwJcFblfA2U_9k5vODoelXxFrwBlEMCufqqufTM1e9nzTYKFANmcsuPIhamKEIiWAOR-WcuTk0B58i7XZVOtOaZL5U7eL8Ee2vaQjJHGQpHJYCgxtylvIttd0iz6DDoVrauGht7763LjiV3mhz-AxMXSMEjzqE2AYdgFTFxPtCysAyzNzGBoyt2d_6131VVD_I-0mVHEGtwwlx8tmi9FKvguRQysp3lchH4RUTeuQvo.WaLif_f2Uq-4e0YoVMAFs-NdV-UEtsjrgMq-06qiTh4&dib_tag=se&keywords=women+slides&qid=1784607259&sr=8-9,https://m.media-amazon.com/images/I/51NSD3PLF-L._AC_UL320_.jpg,45,排名进入前30；价格高于人民币等值¥288.00；评分达到4.3以上。
2026-07-21,amazon_us,product,search,platform sandals women,1,4.3,,,4.3,,,,,,https://aax-us-east-retail-direct.amazon.com/x/c/JIwMcotjStxjXeuWnwzRigYAAAGfguG83QEAAAH2AQBvbm9fdHhuX2JpZDIgICBvbm9fdHhuX2ltcDEgICAUtgBs/clv1c_ek-IxfHXEsTWDfXjdAdpIxLcOalTe77NpjlBKsfWjcnAzcgBMnMuSmTXRsDA3pYkvbbIwovOMYn3v4T7QvOWWKlzXB_RNUYF9W0FX7tM2W8uSwnoMitgM1dWe2mVpnAH-8DLvxVRJMnYn7GohNhUCuz_2X-9FFfClmRxTWfpT44QER_d_kKslW0hGvkdDk6gm_weZR-NJlPi9_h1RygBVaufAfF2JIaknCbumqiLk7yTaGO7Q0V-50_-pLism_va7uHXY0JlNkOJRcF7nH7hNXo_M8qMrJuaji7x8gZit00Erkvfran3YmEp07qbcE9vDdzD_NeYEC2TI8QFdBM5h94k3fpZvWs98yP8bVkQLn19rfEhDyUZwwXOTsdC9BURwmWQCcain-Fw5P451ypGz5U9VJXGTkm_l-p66pyHco5abrcbT7ZzrtB7HNgNGg0BXOMHJb1Bc-omkaoJAlsGYh8VpsPRNjgQ3e2ck_x_2NWZ49iB3EZZDU7lNwf32Q2fh3YzyEEgx6H-mQYB5WWrqcaK_lijg3w-BuPwmYiu5YBJGeO90f1riqipJ2NiB0C4WZFzFq_x3Z42QqClmYcUNLL94xmZfHh37KfB0LESd9ys3CPup1dSPkTOPg9IgvT_FRgAj97V4cETxVHvQZWOzzUBoaGo6aYPYvRttcy-yr-oKG2c0tLT9s62ohL_AmRX398q2g7r2y7Oy4EN1JBSL-5OrYyVU2QmLkzthOE5SOnAjrgdLev7bEsE1Du17pEeAixcNg0p_eHxCZndGkM1B1V6LM5oVoZCdyKZjB88W42QPlFBXHFtAVByEjpRcwhSbGhlWYeku6n7V_qnpgUBrBwMikwamfLYDyxNx-ajr1py3Cjol9I_IjFLIc4LEs5gS1fN5N4G15Eudr1BSkaEiPPsNKyEV_ktvNbQKrRSoOyLAloQghs8rzvLK0neaB3nYoUlP1El3moqehToucy2nq5BJWJmLRUJhSarQRFUV1ntBFQwaegbq-OBHQWbI_zdp4uD0pVtJS_yqk7OtJLj0wtqw-0IkCFqrVab4OxF9ZfFujDe-zDR3LNQ9r22BuUNLoow1Z6rjLtS6f2GBhxif1Oqc_bQZpM_if6DI7_ymyEUZgTy24ohJ861wAjdi9nHfv7yCt5J2U8r_fZuRUwjga4ATloZS41JJaxSKHEYnyby_LNd98GnQ9R7cgbg0zHwmJc6B3w1oRgjkkee0I8HH7Bje2uphPgGGOu6QT0Ulz6KDPrWQ2VbMrpJVxBttTo6nWhqNuGtR7VSU1D-PCZjNhh2orHthpw7j-3J1IXBsoV04Kn3_HkzEigZcYTTrBLlJBPLWnrXCKczB76shWsNByFX_qm9RXtbziX9hS0oTFB74TUzPhoeQaUhgAWPW8p8ZmXN0Id__boB6lVwd_JkXGGrrzyqSS9f5kFK4sqfIY2DyjAP_E5fPpQkKGWv8wXKsPlPp8x_Ex6xi8qbTRkCpSAXJGJNfllowxRyA06GKYqNEVZFykcahQPLeWeShX24xzKotVfY93vOjEFp01IzsnAZP5rvE-T7qFNL6gudJmW3atTXV7Qm4QBv1li1pYzA6INeplboRSdMhmF6qPjQGEgc_ny0E-cC05yVSCgyLv-sdrkf4CO-wp0/https://www.amazon.com/dp/B0DNKHTG9N/?_encoding=UTF8&pd_rd_i=B0DNKHTG9N&ref_=sbx_be_s_sparkle_ssd_img&qid=1784607259&pd_rd_w=6njX3&content-id=amzn1.sym.2fb72bc8-96ef-420d-b08f-c04b69f36507%3Aamzn1.sym.2fb72bc8-96ef-420d-b08f-c04b69f36507&pf_rd_p=2fb72bc8-96ef-420d-b08f-c04b69f36507&pf_rd_r=P70PQNK445KFS90586RV&pd_rd_wg=gOYsA&pd_rd_r=c4e36d88-e644-49ef-8413-e2ff0f8d3462&pd_rd_plhdr=t,"https://m.media-amazon.com/images/I/41+BoOCIiqL._AC_SR250,250_QL65_.jpg",45,排名靠前。
2026-07-21,amazon_us,product,search,platform sandals women,2,4.0,,,4.0,,,,,,https://aax-us-east-retail-direct.amazon.com/x/c/JIwMcotjStxjXeuWnwzRigYAAAGfguG83QEAAAH2AQBvbm9fdHhuX2JpZDIgICBvbm9fdHhuX2ltcDEgICAUtgBs/clv1c_ek-IxfHXEsTWDfXjdAdpIxLcOalTe77NpjlBKsfWjcnAzcgBMnMuSmTXRsDA3pYkvbbIwovOMYn3v4T7QvOWWKlzXB_RNUYF9W0FX7tM2W8uSwnoMitgM1dWe2mVpnAH-8DLvxVRJMnYn7GohNhUCuz_2X-9FFfClmRxTWfpT44QER_d_kKslW0hGvkdDk6gm_weZR-NJlPi9_h1RygBVaufAfF2JIaknCbumqiLk7yTaGO7Q0V-50_-pLism_va7uHXY0JlNkOJRcF7nH7hNXo_M8qMrJuaji7x8gZit00Erkvfran3YmEp07qbcE9vDdzD_NeYEC2TI8QFdBM5h94k3fpZvWs98yP8bVkQLn19rfEhDyUZwwXOTsdC9BURwmWQCcain-Fw5P451ypGz5U9VJXGTkm_l-p66pyHco5abrcbT7ZzrtB7HNgNGg0BXOMHJb1Bc-omkaoJAlsGYh8VpsPRNjgQ3e2ck_x_2NWZ49iB3EZZDU7lNwf32Q2fh3YzyEEgx6H-mQYB5WWrqcaK_lijg3w-BuPwmYiu5YBJGeO90f1riqipJ2NiB0C4WZFzFq_x3Z42QqClmYcUNLL94xmZfHh37KfB0LESd9ys3CPup1dSPkTOPg9IgvT_FRgAj97V4cETxVHvQZWOzzUBoaGo6aYPYvRttcy-yr-oKG2c0tLT9s62ohL_AmRX398q2g7r2y7Oy4EN1JBSL-5OrYyVU2QmLkzthOE5SOnAjrgdLev7bEsE1Du17pEeAixcNg0p_eHxCZndGkM1B1V6LM5oVoZCdyKZjB88W42QPlFBXHFtAVByEjpRcwhSbGhlWYeku6n7V_qnpgUBrBwMikwamfLYDyxNx-ajr1py3Cjol9I_IjFLIc4LEs5gS1fN5N4G15Eudr1BSkaEiPPsNKyEV_ktvNbQKrRSoOyLAloQghs8rzvLK0neaB3nYoUlP1El3moqehToucy2nq5BJWJmLRUJhSarQRFUV1ntBFQwaegbq-OBHQWbI_zdp4uD0pVtJS_yqk7OtJLj0wtqw-0IkCFqrVab4OxF9ZfFujDe-zDR3LNQ9r22BuUNLoow1Z6rjLtS6f2GBhxif1Oqc_bQZpM_if6DI7_ymyEUZgTy24ohJ861wAjdi9nHfv7yCt5J2U8r_fZuRUwjga4ATloZS41JJaxSKHEYnyby_LNd98GnQ9R7cgbg0zHwmJc6B3w1oRgjkkee0I8HH7Bje2uphPgGGOu6QT0Ulz6KDPrWQ2VbMrpJVxBttTo6nWhqNuGtR7VSU1D-PCZjNhh2orHthpw7j-3J1IXBsoV04Kn3_HkzEigZcYTTrBLlJBPLWnrXCKczB76shWsNByFX_qm9RXtbziX9hS0oTFB74TUzPhoeQaUhgAWPW8p8ZmXN0Id__boB6lVwd_JkXGGrrzyqSS9f5kFK4sqfIY2DyjAP_E5fPpQkKGWv8wXKsPlPp8x_Ex6xi8qbTRkCpSAXJGJNfllowxRyA06GKYqNEVZFykcahQPLeWeShX24xzKotVfY93vOjEFp01IzsnAZP5rvE-T7qFNL6gudJmW3atTXV7Qm4QBv1li1pYzA6INeplboRSdMhmF6qPjQGEgc_ny0E-cC05yVSCgyLv-sdrkf4CO-wp0/https://www.amazon.com/dp/B0FWTY6D77/?_encoding=UTF8&pd_rd_i=B0FWTY6D77&ref_=sbx_be_s_sparkle_ssd_img&qid=1784607259&pd_rd_w=6njX3&content-id=amzn1.sym.2fb72bc8-96ef-420d-b08f-c04b69f36507%3Aamzn1.sym.2fb72bc8-96ef-420d-b08f-c04b69f36507&pf_rd_p=2fb72bc8-96ef-420d-b08f-c04b69f36507&pf_rd_r=P70PQNK445KFS90586RV&pd_rd_wg=gOYsA&pd_rd_r=c4e36d88-e644-49ef-8413-e2ff0f8d3462&pd_rd_plhdr=t,"https://m.media-amazon.com/images/I/51hzokf1usL._AC_SR250,250_QL65_.jpg",45,排名靠前。
2026-07-21,amazon_us,product,search,platform sandals women,3,4.3,,,4.3,,,,,,https://aax-us-east-retail-direct.amazon.com/x/c/JIwMcotjStxjXeuWnwzRigYAAAGfguG83QEAAAH2AQBvbm9fdHhuX2JpZDIgICBvbm9fdHhuX2ltcDEgICAUtgBs/clv1c_ek-IxfHXEsTWDfXjdAdpIxLcOalTe77NpjlBKsfWjcnAzcgBMnMuSmTXRsDA3pYkvbbIwovOMYn3v4T7QvOWWKlzXB_RNUYF9W0FX7tM2W8uSwnoMitgM1dWe2mVpnAH-8DLvxVRJMnYn7GohNhUCuz_2X-9FFfClmRxTWfpT44QER_d_kKslW0hGvkdDk6gm_weZR-NJlPi9_h1RygBVaufAfF2JIaknCbumqiLk7yTaGO7Q0V-50_-pLism_va7uHXY0JlNkOJRcF7nH7hNXo_M8qMrJuaji7x8gZit00Erkvfran3YmEp07qbcE9vDdzD_NeYEC2TI8QFdBM5h94k3fpZvWs98yP8bVkQLn19rfEhDyUZwwXOTsdC9BURwmWQCcain-Fw5P451ypGz5U9VJXGTkm_l-p66pyHco5abrcbT7ZzrtB7HNgNGg0BXOMHJb1Bc-omkaoJAlsGYh8VpsPRNjgQ3e2ck_x_2NWZ49iB3EZZDU7lNwf32Q2fh3YzyEEgx6H-mQYB5WWrqcaK_lijg3w-BuPwmYiu5YBJGeO90f1riqipJ2NiB0C4WZFzFq_x3Z42QqClmYcUNLL94xmZfHh37KfB0LESd9ys3CPup1dSPkTOPg9IgvT_FRgAj97V4cETxVHvQZWOzzUBoaGo6aYPYvRttcy-yr-oKG2c0tLT9s62ohL_AmRX398q2g7r2y7Oy4EN1JBSL-5OrYyVU2QmLkzthOE5SOnAjrgdLev7bEsE1Du17pEeAixcNg0p_eHxCZndGkM1B1V6LM5oVoZCdyKZjB88W42QPlFBXHFtAVByEjpRcwhSbGhlWYeku6n7V_qnpgUBrBwMikwamfLYDyxNx-ajr1py3Cjol9I_IjFLIc4LEs5gS1fN5N4G15Eudr1BSkaEiPPsNKyEV_ktvNbQKrRSoOyLAloQghs8rzvLK0neaB3nYoUlP1El3moqehToucy2nq5BJWJmLRUJhSarQRFUV1ntBFQwaegbq-OBHQWbI_zdp4uD0pVtJS_yqk7OtJLj0wtqw-0IkCFqrVab4OxF9ZfFujDe-zDR3LNQ9r22BuUNLoow1Z6rjLtS6f2GBhxif1Oqc_bQZpM_if6DI7_ymyEUZgTy24ohJ861wAjdi9nHfv7yCt5J2U8r_fZuRUwjga4ATloZS41JJaxSKHEYnyby_LNd98GnQ9R7cgbg0zHwmJc6B3w1oRgjkkee0I8HH7Bje2uphPgGGOu6QT0Ulz6KDPrWQ2VbMrpJVxBttTo6nWhqNuGtR7VSU1D-PCZjNhh2orHthpw7j-3J1IXBsoV04Kn3_HkzEigZcYTTrBLlJBPLWnrXCKczB76shWsNByFX_qm9RXtbziX9hS0oTFB74TUzPhoeQaUhgAWPW8p8ZmXN0Id__boB6lVwd_JkXGGrrzyqSS9f5kFK4sqfIY2DyjAP_E5fPpQkKGWv8wXKsPlPp8x_Ex6xi8qbTRkCpSAXJGJNfllowxRyA06GKYqNEVZFykcahQPLeWeShX24xzKotVfY93vOjEFp01IzsnAZP5rvE-T7qFNL6gudJmW3atTXV7Qm4QBv1li1pYzA6INeplboRSdMhmF6qPjQGEgc_ny0E-cC05yVSCgyLv-sdrkf4CO-wp0/https://www.amazon.com/dp/B0DR3MPGZ7/?_encoding=UTF8&pd_rd_i=B0DR3MPGZ7&ref_=sbx_be_s_sparkle_ssd_img&qid=1784607259&pd_rd_w=6njX3&content-id=amzn1.sym.2fb72bc8-96ef-420d-b08f-c04b69f36507%3Aamzn1.sym.2fb72bc8-96ef-420d-b08f-c04b69f36507&pf_rd_p=2fb72bc8-96ef-420d-b08f-c04b69f36507&pf_rd_r=P70PQNK445KFS90586RV&pd_rd_wg=gOYsA&pd_rd_r=c4e36d88-e644-49ef-8413-e2ff0f8d3462&pd_rd_plhdr=t,"https://m.media-amazon.com/images/I/41i54vjKDPL._AC_SR250,250_QL65_.jpg",45,排名靠前。
2026-07-21,amazon_us,product,search,platform sandals women,4,4.3,,,4.3,,,,,,https://aax-us-east-retail-direct.amazon.com/x/c/JIwMcotjStxjXeuWnwzRigYAAAGfguG83QEAAAH2AQBvbm9fdHhuX2JpZDIgICBvbm9fdHhuX2ltcDEgICAUtgBs/clv1c_ek-IxfHXEsTWDfXjdAdpIxLcOalTe77NpjlBKsfWjcnAzcgBMnMuSmTXRsDA3pYkvbbIwovOMYn3v4T7QvOWWKlzXB_RNUYF9W0FX7tM2W8uSwnoMitgM1dWe2mVpnAH-8DLvxVRJMnYn7GohNhUCuz_2X-9FFfClmRxTWfpT44QER_d_kKslW0hGvkdDk6gm_weZR-NJlPi9_h1RygBVaufAfF2JIaknCbumqiLk7yTaGO7Q0V-50_-pLism_va7uHXY0JlNkOJRcF7nH7hNXo_M8qMrJuaji7x8gZit00Erkvfran3YmEp07qbcE9vDdzD_NeYEC2TI8QFdBM5h94k3fpZvWs98yP8bVkQLn19rfEhDyUZwwXOTsdC9BURwmWQCcain-Fw5P451ypGz5U9VJXGTkm_l-p66pyHco5abrcbT7ZzrtB7HNgNGg0BXOMHJb1Bc-omkaoJAlsGYh8VpsPRNjgQ3e2ck_x_2NWZ49iB3EZZDU7lNwf32Q2fh3YzyEEgx6H-mQYB5WWrqcaK_lijg3w-BuPwmYiu5YBJGeO90f1riqipJ2NiB0C4WZFzFq_x3Z42QqClmYcUNLL94xmZfHh37KfB0LESd9ys3CPup1dSPkTOPg9IgvT_FRgAj97V4cETxVHvQZWOzzUBoaGo6aYPYvRttcy-yr-oKG2c0tLT9s62ohL_AmRX398q2g7r2y7Oy4EN1JBSL-5OrYyVU2QmLkzthOE5SOnAjrgdLev7bEsE1Du17pEeAixcNg0p_eHxCZndGkM1B1V6LM5oVoZCdyKZjB88W42QPlFBXHFtAVByEjpRcwhSbGhlWYeku6n7V_qnpgUBrBwMikwamfLYDyxNx-ajr1py3Cjol9I_IjFLIc4LEs5gS1fN5N4G15Eudr1BSkaEiPPsNKyEV_ktvNbQKrRSoOyLAloQghs8rzvLK0neaB3nYoUlP1El3moqehToucy2nq5BJWJmLRUJhSarQRFUV1ntBFQwaegbq-OBHQWbI_zdp4uD0pVtJS_yqk7OtJLj0wtqw-0IkCFqrVab4OxF9ZfFujDe-zDR3LNQ9r22BuUNLoow1Z6rjLtS6f2GBhxif1Oqc_bQZpM_if6DI7_ymyEUZgTy24ohJ861wAjdi9nHfv7yCt5J2U8r_fZuRUwjga4ATloZS41JJaxSKHEYnyby_LNd98GnQ9R7cgbg0zHwmJc6B3w1oRgjkkee0I8HH7Bje2uphPgGGOu6QT0Ulz6KDPrWQ2VbMrpJVxBttTo6nWhqNuGtR7VSU1D-PCZjNhh2orHthpw7j-3J1IXBsoV04Kn3_HkzEigZcYTTrBLlJBPLWnrXCKczB76shWsNByFX_qm9RXtbziX9hS0oTFB74TUzPhoeQaUhgAWPW8p8ZmXN0Id__boB6lVwd_JkXGGrrzyqSS9f5kFK4sqfIY2DyjAP_E5fPpQkKGWv8wXKsPlPp8x_Ex6xi8qbTRkCpSAXJGJNfllowxRyA06GKYqNEVZFykcahQPLeWeShX24xzKotVfY93vOjEFp01IzsnAZP5rvE-T7qFNL6gudJmW3atTXV7Qm4QBv1li1pYzA6INeplboRSdMhmF6qPjQGEgc_ny0E-cC05yVSCgyLv-sdrkf4CO-wp0/https://www.amazon.com/dp/B0DNKHTG9N/?_encoding=UTF8&pd_rd_i=B0DNKHTG9N&ref_=sbx_be_s_sparkle_ssd_img&qid=1784607259&pd_rd_w=6njX3&content-id=amzn1.sym.2fb72bc8-96ef-420d-b08f-c04b69f36507%3Aamzn1.sym.2fb72bc8-96ef-420d-b08f-c04b69f36507&pf_rd_p=2fb72bc8-96ef-420d-b08f-c04b69f36507&pf_rd_r=P70PQNK445KFS90586RV&pd_rd_wg=gOYsA&pd_rd_r=c4e36d88-e644-49ef-8413-e2ff0f8d3462&pd_rd_plhdr=t,"https://m.media-amazon.com/images/I/41+BoOCIiqL._AC_SR250,250_QL65_.jpg",45,排名靠前。
2026-07-21,amazon_us,product,search,platform sandals women,5,4.0,,,4.0,,,,,,https://aax-us-east-retail-direct.amazon.com/x/c/JIwMcotjStxjXeuWnwzRigYAAAGfguG83QEAAAH2AQBvbm9fdHhuX2JpZDIgICBvbm9fdHhuX2ltcDEgICAUtgBs/clv1c_ek-IxfHXEsTWDfXjdAdpIxLcOalTe77NpjlBKsfWjcnAzcgBMnMuSmTXRsDA3pYkvbbIwovOMYn3v4T7QvOWWKlzXB_RNUYF9W0FX7tM2W8uSwnoMitgM1dWe2mVpnAH-8DLvxVRJMnYn7GohNhUCuz_2X-9FFfClmRxTWfpT44QER_d_kKslW0hGvkdDk6gm_weZR-NJlPi9_h1RygBVaufAfF2JIaknCbumqiLk7yTaGO7Q0V-50_-pLism_va7uHXY0JlNkOJRcF7nH7hNXo_M8qMrJuaji7x8gZit00Erkvfran3YmEp07qbcE9vDdzD_NeYEC2TI8QFdBM5h94k3fpZvWs98yP8bVkQLn19rfEhDyUZwwXOTsdC9BURwmWQCcain-Fw5P451ypGz5U9VJXGTkm_l-p66pyHco5abrcbT7ZzrtB7HNgNGg0BXOMHJb1Bc-omkaoJAlsGYh8VpsPRNjgQ3e2ck_x_2NWZ49iB3EZZDU7lNwf32Q2fh3YzyEEgx6H-mQYB5WWrqcaK_lijg3w-BuPwmYiu5YBJGeO90f1riqipJ2NiB0C4WZFzFq_x3Z42QqClmYcUNLL94xmZfHh37KfB0LESd9ys3CPup1dSPkTOPg9IgvT_FRgAj97V4cETxVHvQZWOzzUBoaGo6aYPYvRttcy-yr-oKG2c0tLT9s62ohL_AmRX398q2g7r2y7Oy4EN1JBSL-5OrYyVU2QmLkzthOE5SOnAjrgdLev7bEsE1Du17pEeAixcNg0p_eHxCZndGkM1B1V6LM5oVoZCdyKZjB88W42QPlFBXHFtAVByEjpRcwhSbGhlWYeku6n7V_qnpgUBrBwMikwamfLYDyxNx-ajr1py3Cjol9I_IjFLIc4LEs5gS1fN5N4G15Eudr1BSkaEiPPsNKyEV_ktvNbQKrRSoOyLAloQghs8rzvLK0neaB3nYoUlP1El3moqehToucy2nq5BJWJmLRUJhSarQRFUV1ntBFQwaegbq-OBHQWbI_zdp4uD0pVtJS_yqk7OtJLj0wtqw-0IkCFqrVab4OxF9ZfFujDe-zDR3LNQ9r22BuUNLoow1Z6rjLtS6f2GBhxif1Oqc_bQZpM_if6DI7_ymyEUZgTy24ohJ861wAjdi9nHfv7yCt5J2U8r_fZuRUwjga4ATloZS41JJaxSKHEYnyby_LNd98GnQ9R7cgbg0zHwmJc6B3w1oRgjkkee0I8HH7Bje2uphPgGGOu6QT0Ulz6KDPrWQ2VbMrpJVxBttTo6nWhqNuGtR7VSU1D-PCZjNhh2orHthpw7j-3J1IXBsoV04Kn3_HkzEigZcYTTrBLlJBPLWnrXCKczB76shWsNByFX_qm9RXtbziX9hS0oTFB74TUzPhoeQaUhgAWPW8p8ZmXN0Id__boB6lVwd_JkXGGrrzyqSS9f5kFK4sqfIY2DyjAP_E5fPpQkKGWv8wXKsPlPp8x_Ex6xi8qbTRkCpSAXJGJNfllowxRyA06GKYqNEVZFykcahQPLeWeShX24xzKotVfY93vOjEFp01IzsnAZP5rvE-T7qFNL6gudJmW3atTXV7Qm4QBv1li1pYzA6INeplboRSdMhmF6qPjQGEgc_ny0E-cC05yVSCgyLv-sdrkf4CO-wp0/https://www.amazon.com/dp/B0FWTY6D77/?_encoding=UTF8&pd_rd_i=B0FWTY6D77&ref_=sbx_be_s_sparkle_ssd_img&qid=1784607259&pd_rd_w=6njX3&content-id=amzn1.sym.2fb72bc8-96ef-420d-b08f-c04b69f36507%3Aamzn1.sym.2fb72bc8-96ef-420d-b08f-c04b69f36507&pf_rd_p=2fb72bc8-96ef-420d-b08f-c04b69f36507&pf_rd_r=P70PQNK445KFS90586RV&pd_rd_wg=gOYsA&pd_rd_r=c4e36d88-e644-49ef-8413-e2ff0f8d3462&pd_rd_plhdr=t,"https://m.media-amazon.com/images/I/51hzokf1usL._AC_SR250,250_QL65_.jpg",45,排名靠前。
2026-07-21,amazon_us,product,search,platform sandals women,6,4.3,,,4.3,,,,,,https://aax-us-east-retail-direct.amazon.com/x/c/JIwMcotjStxjXeuWnwzRigYAAAGfguG83QEAAAH2AQBvbm9fdHhuX2JpZDIgICBvbm9fdHhuX2ltcDEgICAUtgBs/clv1c_ek-IxfHXEsTWDfXjdAdpIxLcOalTe77NpjlBKsfWjcnAzcgBMnMuSmTXRsDA3pYkvbbIwovOMYn3v4T7QvOWWKlzXB_RNUYF9W0FX7tM2W8uSwnoMitgM1dWe2mVpnAH-8DLvxVRJMnYn7GohNhUCuz_2X-9FFfClmRxTWfpT44QER_d_kKslW0hGvkdDk6gm_weZR-NJlPi9_h1RygBVaufAfF2JIaknCbumqiLk7yTaGO7Q0V-50_-pLism_va7uHXY0JlNkOJRcF7nH7hNXo_M8qMrJuaji7x8gZit00Erkvfran3YmEp07qbcE9vDdzD_NeYEC2TI8QFdBM5h94k3fpZvWs98yP8bVkQLn19rfEhDyUZwwXOTsdC9BURwmWQCcain-Fw5P451ypGz5U9VJXGTkm_l-p66pyHco5abrcbT7ZzrtB7HNgNGg0BXOMHJb1Bc-omkaoJAlsGYh8VpsPRNjgQ3e2ck_x_2NWZ49iB3EZZDU7lNwf32Q2fh3YzyEEgx6H-mQYB5WWrqcaK_lijg3w-BuPwmYiu5YBJGeO90f1riqipJ2NiB0C4WZFzFq_x3Z42QqClmYcUNLL94xmZfHh37KfB0LESd9ys3CPup1dSPkTOPg9IgvT_FRgAj97V4cETxVHvQZWOzzUBoaGo6aYPYvRttcy-yr-oKG2c0tLT9s62ohL_AmRX398q2g7r2y7Oy4EN1JBSL-5OrYyVU2QmLkzthOE5SOnAjrgdLev7bEsE1Du17pEeAixcNg0p_eHxCZndGkM1B1V6LM5oVoZCdyKZjB88W42QPlFBXHFtAVByEjpRcwhSbGhlWYeku6n7V_qnpgUBrBwMikwamfLYDyxNx-ajr1py3Cjol9I_IjFLIc4LEs5gS1fN5N4G15Eudr1BSkaEiPPsNKyEV_ktvNbQKrRSoOyLAloQghs8rzvLK0neaB3nYoUlP1El3moqehToucy2nq5BJWJmLRUJhSarQRFUV1ntBFQwaegbq-OBHQWbI_zdp4uD0pVtJS_yqk7OtJLj0wtqw-0IkCFqrVab4OxF9ZfFujDe-zDR3LNQ9r22BuUNLoow1Z6rjLtS6f2GBhxif1Oqc_bQZpM_if6DI7_ymyEUZgTy24ohJ861wAjdi9nHfv7yCt5J2U8r_fZuRUwjga4ATloZS41JJaxSKHEYnyby_LNd98GnQ9R7cgbg0zHwmJc6B3w1oRgjkkee0I8HH7Bje2uphPgGGOu6QT0Ulz6KDPrWQ2VbMrpJVxBttTo6nWhqNuGtR7VSU1D-PCZjNhh2orHthpw7j-3J1IXBsoV04Kn3_HkzEigZcYTTrBLlJBPLWnrXCKczB76shWsNByFX_qm9RXtbziX9hS0oTFB74TUzPhoeQaUhgAWPW8p8ZmXN0Id__boB6lVwd_JkXGGrrzyqSS9f5kFK4sqfIY2DyjAP_E5fPpQkKGWv8wXKsPlPp8x_Ex6xi8qbTRkCpSAXJGJNfllowxRyA06GKYqNEVZFykcahQPLeWeShX24xzKotVfY93vOjEFp01IzsnAZP5rvE-T7qFNL6gudJmW3atTXV7Qm4QBv1li1pYzA6INeplboRSdMhmF6qPjQGEgc_ny0E-cC05yVSCgyLv-sdrkf4CO-wp0/https://www.amazon.com/dp/B0DR3MPGZ7/?_encoding=UTF8&pd_rd_i=B0DR3MPGZ7&ref_=sbx_be_s_sparkle_ssd_img&qid=1784607259&pd_rd_w=6njX3&content-id=amzn1.sym.2fb72bc8-96ef-420d-b08f-c04b69f36507%3Aamzn1.sym.2fb72bc8-96ef-420d-b08f-c04b69f36507&pf_rd_p=2fb72bc8-96ef-420d-b08f-c04b69f36507&pf_rd_r=P70PQNK445KFS90586RV&pd_rd_wg=gOYsA&pd_rd_r=c4e36d88-e644-49ef-8413-e2ff0f8d3462&pd_rd_plhdr=t,"https://m.media-amazon.com/images/I/41i54vjKDPL._AC_SR250,250_QL65_.jpg",45,排名靠前。
2026-07-21,amazon_us,product,search,platform sandals women,25,REEF,¥356.18,4.4,REEF,,,,,,https://www.amazon.com/Reef-Sandals-Cushion-Platform-Natural/dp/B09TRZZP54/ref=sr_1_9?dib=eyJ2IjoiMSJ9.wIlL_eVtHzMil5mQkgwLsqD11Kg-74ST5tOkpMxE5RWe2zjbOOgkTU8i_DqcCjCusJaeAHAQ4npXapEbK0L9aci6fuO8AwVxULxB3rI_qLJMtUse6dgKCW1sFIzdKiGr_VyE_bPtdq3tDbE37y_hZvQ53jrLqBRbh-w2H7FdkPj0xMK3v5EuB9rCe5FTIPyyXKPkaFrm2eepmvaObGLk2b2HoQmr84O9hp1iLbgFbdlAenn4ubu-8SG-gcFlAmRa8-5A6U5YnLaaL0tvYSICrFNGwAxdVVkz226K5unBUYk.IKOP3Ayd_6i7Msk6g2sKZtOTOS7rGuf-Eu7EfBKVGhg&dib_tag=se&keywords=platform+sandals+women&qid=1784607259&sr=8-9,https://m.media-amazon.com/images/I/61Uv1VDRdFL._AC_UL320_.jpg,45,排名进入前30；价格高于人民币等值¥288.00；评分达到4.3以上。
2026-07-21,amazon_us,product,best_sellers,Best Sellers Women Sandals,35,"Reef Cushion Vista Hi Womens Platform Fashion Sandal, Arch Support, Ultra Soft Cushion Footbed",,4.4,$39.93,,,,,,https://www.amazon.com/Reef-Womens-Cushion-Vista-Hi/dp/B09K8WMWN6/ref=zg_bs_g_679425011_d_sccl_35/141-0238649-4687036?psc=1,"https://images-na.ssl-images-amazon.com/images/I/61wij8MIiAL._AC_UL300_SR300,200_.jpg",44,排名进入前50；标题包含 platform、arch support、soft，符合美国女鞋舒适化趋势；评分达到4.3以上。
2026-07-21,amazon_us,product,search,women summer slippers,36,Open Toe Summer Slippers for Women - Arch Support Comfy & Cute Slip-On Indoor/Outdoor House Slippers with Non-Slip TPR Outsole,¥187.13,4.1,"Price, product page $25.99 $ 25 . 99",,,,,,https://www.amazon.com/SaDuck-Summer-Slippers-Women-Slip/dp/B0GLNVHZ5M/ref=sr_1_28?dib=eyJ2IjoiMSJ9.edQbWdZgRC57j1GkLLh3yg_5pR05vUY5G0-dACSTUcGCCuSasGfhXmBH14w-kEIE04qTS0GXIXnP-1sIW60vNyv3OSYG0JDNiMc2GonH0B-ksvPwt6J7CZgLbJs4_olyTGjb0E9GFyLdvbOnjcUec_ZDYNlrpAvw3mkF7NG5yBS0yR7IHYRKENdGbOlA2yosvo-PMy7fizEkvbOCWuCeAa3QMo8qqFy5l6Eh3lk9eay78HLroYYPVnM8su7KRc8Nbd98yOc6YBHA_ql4bKzhe5aBK7MxUGXAJGO62eMbVLQ.i0JSVKaNBZ0eH5C0phIICytEPQxY_6VMrQpfhAROtRs&dib_tag=se&keywords=women+summer+slippers&qid=1784607258&sr=8-28,https://m.media-amazon.com/images/I/71LNEIAFQiL._AC_UL320_.jpg,43,排名进入前50；价格处于人民币等值¥180.00-¥288.00区间；标题包含 arch support、summer，符合美国女鞋舒适化趋势；评分达到4.0以上。
2026-07-21,amazon_us,product,best_sellers,Best Sellers Women Sandals,20,Havaianas Women's Slim Square Solid Flip Flops,,4.3,$32.00,,,,,,https://www.amazon.com/Havaianas-Womens-Square-Solid-Medium/dp/B0BBPX6J6F/ref=zg_bs_g_679425011_d_sccl_20/145-4526400-8825731?psc=1,"https://images-na.ssl-images-amazon.com/images/I/519tF5UFGFL._AC_UL600_SR600,400_.jpg",42,排名进入前30；评分达到4.3以上。
2026-07-21,amazon_us,product,best_sellers,Best Sellers Women Sandals,38,KuaiLu Womens Casual Flip Flops with Comfortable Arch Support Yoga Mat Summer Beach Walking Thong Cushion Sandals Lightweight Flats Non-Slip Shoes Indoor Outdoor,,4.2,$23.98,,,,,,https://www.amazon.com/KuaiLu-Support-Comfortable-Cushion-Non-Slip/dp/B07C1YTWDF/ref=zg_bs_g_679425011_d_sccl_38/141-0238649-4687036?psc=1,"https://images-na.ssl-images-amazon.com/images/I/61TtgwlEaSL._AC_UL300_SR300,200_.jpg",42,排名进入前50；标题包含 comfort、arch support、beach、summer，符合美国女鞋舒适化趋势；评分达到4.0以上。
2026-07-21,amazon_us,product,new_releases,New Releases Women Sandals,12,CUSHIONAIRE Riot Jelly Thong Kitten Heels for Women,,4.5,$39.99,,,,,,https://www.amazon.com/CUSHIONAIRE-Jelly-Thong-Kitten-CHOCOLATE/dp/B0H6C2T8B3/ref=zg_bsnr_g_679425011_d_sccl_12/141-0238649-4687036?psc=1,"https://images-na.ssl-images-amazon.com/images/I/71cl7MmlX-L._AC_UL600_SR600,400_.jpg",42,排名进入前30；评分达到4.3以上。
2026-07-21,amazon_us,product,new_releases,New Releases Women Sandals,14,adidas Mens Adilette Shower Arsenal Slides Casual Sandals Casual - Red,,4.4,$16.76,,,,,,https://www.amazon.com/adidas-Unisex-Adilette-Shower-Metallic/dp/B0DF12B7P4/ref=zg_bsnr_g_679425011_d_sccl_14/141-0238649-4687036?psc=1,"https://images-na.ssl-images-amazon.com/images/I/61mi711hnuL._AC_UL600_SR600,400_.jpg",42,排名进入前30；评分达到4.3以上。
2026-07-21,amazon_us,product,search,women summer slippers,25,EverFoams,,4.4,EverFoams,,,,,,https://www.amazon.com/EverFoams-Slippers-Outdoor-Outsole-Vanilla/dp/B0DPZPB7MQ/ref=sr_1_17?dib=eyJ2IjoiMSJ9.edQbWdZgRC57j1GkLLh3yg_5pR05vUY5G0-dACSTUcGCCuSasGfhXmBH14w-kEIE04qTS0GXIXnP-1sIW60vNyv3OSYG0JDNiMc2GonH0B-ksvPwt6J7CZgLbJs4_olyTGjb0E9GFyLdvbOnjcUec_ZDYNlrpAvw3mkF7NG5yBS0yR7IHYRKENdGbOlA2yosvo-PMy7fizEkvbOCWuCeAa3QMo8qqFy5l6Eh3lk9eay78HLroYYPVnM8su7KRc8Nbd98yOc6YBHA_ql4bKzhe5aBK7MxUGXAJGO62eMbVLQ.i0JSVKaNBZ0eH5C0phIICytEPQxY_6VMrQpfhAROtRs&dib_tag=se&keywords=women+summer+slippers&qid=1784607258&sr=8-17,https://m.media-amazon.com/images/I/61-syU96aOL._AC_UL320_.jpg,42,排名进入前30；评分达到4.3以上。
2026-07-21,amazon_us,product,search,women summer slippers,37,FITORY,¥143.71,4.3,FITORY,,,,,,https://www.amazon.com/FITORY-Sandals-Fashion-Leather-Slippers/dp/B0BN3GQFKN/ref=sr_1_29?dib=eyJ2IjoiMSJ9.edQbWdZgRC57j1GkLLh3yg_5pR05vUY5G0-dACSTUcGCCuSasGfhXmBH14w-kEIE04qTS0GXIXnP-1sIW60vNyv3OSYG0JDNiMc2GonH0B-ksvPwt6J7CZgLbJs4_olyTGjb0E9GFyLdvbOnjcUec_ZDYNlrpAvw3mkF7NG5yBS0yR7IHYRKENdGbOlA2yosvo-PMy7fizEkvbOCWuCeAa3QMo8qqFy5l6Eh3lk9eay78HLroYYPVnM8su7KRc8Nbd98yOc6YBHA_ql4bKzhe5aBK7MxUGXAJGO62eMbVLQ.i0JSVKaNBZ0eH5C0phIICytEPQxY_6VMrQpfhAROtRs&dib_tag=se&keywords=women+summer+slippers&qid=1784607258&sr=8-29,https://m.media-amazon.com/images/I/61cA2WpKDqL._AC_UL320_.jpg,42,排名进入前50；价格处于人民币等值¥57.60-¥180.00黄金区间；评分达到4.3以上。
2026-07-21,amazon_us,product,search,women summer slippers,39,Weweya,¥71.86,4.4,Weweya,,,,,,https://www.amazon.com/Weweya-Shower-Non-Slip-Outdoor-Sandals/dp/B0F1XTPHY8/ref=sr_1_31?dib=eyJ2IjoiMSJ9.edQbWdZgRC57j1GkLLh3yg_5pR05vUY5G0-dACSTUcGCCuSasGfhXmBH14w-kEIE04qTS0GXIXnP-1sIW60vNyv3OSYG0JDNiMc2GonH0B-ksvPwt6J7CZgLbJs4_olyTGjb0E9GFyLdvbOnjcUec_ZDYNlrpAvw3mkF7NG5yBS0yR7IHYRKENdGbOlA2yosvo-PMy7fizEkvbOCWuCeAa3QMo8qqFy5l6Eh3lk9eay78HLroYYPVnM8su7KRc8Nbd98yOc6YBHA_ql4bKzhe5aBK7MxUGXAJGO62eMbVLQ.i0JSVKaNBZ0eH5C0phIICytEPQxY_6VMrQpfhAROtRs&dib_tag=se&keywords=women+summer+slippers&qid=1784607258&sr=8-31,https://m.media-amazon.com/images/I/61QGXLFgg+L._AC_UL320_.jpg,42,排名进入前50；价格处于人民币等值¥57.60-¥180.00黄金区间；评分达到4.3以上。
2026-07-21,amazon_us,product,search,women summer slippers,42,Joomra,¥146.52,4.3,Joomra,,,,,,https://www.amazon.com/Joomra-Slippers-Massage-Cushioned-Bathroom/dp/B09C1RFQ87/ref=sr_1_34?dib=eyJ2IjoiMSJ9.edQbWdZgRC57j1GkLLh3yg_5pR05vUY5G0-dACSTUcGCCuSasGfhXmBH14w-kEIE04qTS0GXIXnP-1sIW60vNyv3OSYG0JDNiMc2GonH0B-ksvPwt6J7CZgLbJs4_olyTGjb0E9GFyLdvbOnjcUec_ZDYNlrpAvw3mkF7NG5yBS0yR7IHYRKENdGbOlA2yosvo-PMy7fizEkvbOCWuCeAa3QMo8qqFy5l6Eh3lk9eay78HLroYYPVnM8su7KRc8Nbd98yOc6YBHA_ql4bKzhe5aBK7MxUGXAJGO62eMbVLQ.i0JSVKaNBZ0eH5C0phIICytEPQxY_6VMrQpfhAROtRs&dib_tag=se&keywords=women+summer+slippers&qid=1784607258&sr=8-34,https://m.media-amazon.com/images/I/61-Aatjne0L._AC_UL320_.jpg,42,排名进入前50；价格处于人民币等值¥57.60-¥180.00黄金区间；评分达到4.3以上。
2026-07-21,amazon_us,product,search,women summer slippers,48,Scurtain,¥100.73,4.3,Scurtain,,,,,,https://www.amazon.com/Summer-Slippers-Shower-Travel-Rubber/dp/B0CPXMZLHM/ref=sr_1_40?dib=eyJ2IjoiMSJ9.edQbWdZgRC57j1GkLLh3yg_5pR05vUY5G0-dACSTUcGCCuSasGfhXmBH14w-kEIE04qTS0GXIXnP-1sIW60vNyv3OSYG0JDNiMc2GonH0B-ksvPwt6J7CZgLbJs4_olyTGjb0E9GFyLdvbOnjcUec_ZDYNlrpAvw3mkF7NG5yBS0yR7IHYRKENdGbOlA2yosvo-PMy7fizEkvbOCWuCeAa3QMo8qqFy5l6Eh3lk9eay78HLroYYPVnM8su7KRc8Nbd98yOc6YBHA_ql4bKzhe5aBK7MxUGXAJGO62eMbVLQ.i0JSVKaNBZ0eH5C0phIICytEPQxY_6VMrQpfhAROtRs&dib_tag=se&keywords=women+summer+slippers&qid=1784607258&sr=8-40,https://m.media-amazon.com/images/I/81+JWdhjj5L._AC_UL320_.jpg,42,排名进入前50；价格处于人民币等值¥57.60-¥180.00黄金区间；评分达到4.3以上。
2026-07-21,amazon_us,product,search,women summer slippers,49,LongBay,¥100.73,4.4,LongBay,,,,,,https://www.amazon.com/LongBay-Womens-Memroy-Slippers-Sandals/dp/B07H3MB4TY/ref=sr_1_41?dib=eyJ2IjoiMSJ9.edQbWdZgRC57j1GkLLh3yg_5pR05vUY5G0-dACSTUcGCCuSasGfhXmBH14w-kEIE04qTS0GXIXnP-1sIW60vNyv3OSYG0JDNiMc2GonH0B-ksvPwt6J7CZgLbJs4_olyTGjb0E9GFyLdvbOnjcUec_ZDYNlrpAvw3mkF7NG5yBS0yR7IHYRKENdGbOlA2yosvo-PMy7fizEkvbOCWuCeAa3QMo8qqFy5l6Eh3lk9eay78HLroYYPVnM8su7KRc8Nbd98yOc6YBHA_ql4bKzhe5aBK7MxUGXAJGO62eMbVLQ.i0JSVKaNBZ0eH5C0phIICytEPQxY_6VMrQpfhAROtRs&dib_tag=se&keywords=women+summer+slippers&qid=1784607258&sr=8-41,https://m.media-amazon.com/images/I/71lMIGojU8L._AC_UL320_.jpg,42,排名进入前50；价格处于人民币等值¥57.60-¥180.00黄金区间；评分达到4.3以上。
2026-07-21,amazon_us,product,search,women slides,34,BRONAX,¥172.73,4.3,BRONAX,,,,,,https://www.amazon.com/BRONAX-Slippers-Non-Slip-Bathroom-Sandals/dp/B092QWYYQ9/ref=sr_1_17?dib=eyJ2IjoiMSJ9.wrqHnvIFpzxZDCy1gVq3f4lU1Vnrjhi4TbSLsbHbjD0xXo99n1y-JyWu8hO04zMbXwJcFblfA2U_9k5vODoelXxFrwBlEMCufqqufTM1e9nzTYKFANmcsuPIhamKEIiWAOR-WcuTk0B58i7XZVOtOaZL5U7eL8Ee2vaQjJHGQpHJYCgxtylvIttd0iz6DDoVrauGht7763LjiV3mhz-AxMXSMEjzqE2AYdgFTFxPtCysAyzNzGBoyt2d_6131VVD_I-0mVHEGtwwlx8tmi9FKvguRQysp3lchH4RUTeuQvo.WaLif_f2Uq-4e0YoVMAFs-NdV-UEtsjrgMq-06qiTh4&dib_tag=se&keywords=women+slides&qid=1784607259&sr=8-17,https://m.media-amazon.com/images/I/71HU6hqqL+L._AC_UL320_.jpg,42,排名进入前50；价格处于人民币等值¥57.60-¥180.00黄金区间；评分达到4.3以上。
2026-07-21,amazon_us,product,search,women slides,35,ODOLY,¥129.53,4.5,ODOLY,,,,,,https://www.amazon.com/ODOLY-Footbed-Comfortable-Sandals-Adjustable/dp/B0CSMN1X4W/ref=sr_1_18?dib=eyJ2IjoiMSJ9.wrqHnvIFpzxZDCy1gVq3f4lU1Vnrjhi4TbSLsbHbjD0xXo99n1y-JyWu8hO04zMbXwJcFblfA2U_9k5vODoelXxFrwBlEMCufqqufTM1e9nzTYKFANmcsuPIhamKEIiWAOR-WcuTk0B58i7XZVOtOaZL5U7eL8Ee2vaQjJHGQpHJYCgxtylvIttd0iz6DDoVrauGht7763LjiV3mhz-AxMXSMEjzqE2AYdgFTFxPtCysAyzNzGBoyt2d_6131VVD_I-0mVHEGtwwlx8tmi9FKvguRQysp3lchH4RUTeuQvo.WaLif_f2Uq-4e0YoVMAFs-NdV-UEtsjrgMq-06qiTh4&dib_tag=se&keywords=women+slides&qid=1784607259&sr=8-18,https://m.media-amazon.com/images/I/61iYsM+H9QL._AC_UL320_.jpg,42,排名进入前50；价格处于人民币等值¥57.60-¥180.00黄金区间；评分达到4.3以上。
2026-07-21,amazon_us,product,search,women slides,40,mazeskin,¥68.26,4.3,mazeskin,,,,,,https://www.amazon.com/mazeskin-Womens-Comfortable-Sandals-Leather/dp/B0F32KMZ18/ref=sr_1_23?dib=eyJ2IjoiMSJ9.wrqHnvIFpzxZDCy1gVq3f4lU1Vnrjhi4TbSLsbHbjD0xXo99n1y-JyWu8hO04zMbXwJcFblfA2U_9k5vODoelXxFrwBlEMCufqqufTM1e9nzTYKFANmcsuPIhamKEIiWAOR-WcuTk0B58i7XZVOtOaZL5U7eL8Ee2vaQjJHGQpHJYCgxtylvIttd0iz6DDoVrauGht7763LjiV3mhz-AxMXSMEjzqE2AYdgFTFxPtCysAyzNzGBoyt2d_6131VVD_I-0mVHEGtwwlx8tmi9FKvguRQysp3lchH4RUTeuQvo.WaLif_f2Uq-4e0YoVMAFs-NdV-UEtsjrgMq-06qiTh4&dib_tag=se&keywords=women+slides&qid=1784607259&sr=8-23,https://m.media-amazon.com/images/I/71jV8GHPNSL._AC_UL320_.jpg,42,排名进入前50；价格处于人民币等值¥57.60-¥180.00黄金区间；评分达到4.3以上。
2026-07-21,amazon_us,product,search,women slides,42,Happy Lily,¥64.73,4.3,Happy Lily,,,,,,https://www.amazon.com/Slippers-Non-Slip-Shower-Sandals-Bathroom/dp/B01LYNR9VM/ref=sr_1_25?dib=eyJ2IjoiMSJ9.wrqHnvIFpzxZDCy1gVq3f4lU1Vnrjhi4TbSLsbHbjD0xXo99n1y-JyWu8hO04zMbXwJcFblfA2U_9k5vODoelXxFrwBlEMCufqqufTM1e9nzTYKFANmcsuPIhamKEIiWAOR-WcuTk0B58i7XZVOtOaZL5U7eL8Ee2vaQjJHGQpHJYCgxtylvIttd0iz6DDoVrauGht7763LjiV3mhz-AxMXSMEjzqE2AYdgFTFxPtCysAyzNzGBoyt2d_6131VVD_I-0mVHEGtwwlx8tmi9FKvguRQysp3lchH4RUTeuQvo.WaLif_f2Uq-4e0YoVMAFs-NdV-UEtsjrgMq-06qiTh4&dib_tag=se&keywords=women+slides&qid=1784607259&sr=8-25,https://m.media-amazon.com/images/I/81oTjdeU9ZL._AC_UL320_.jpg,42,排名进入前50；价格处于人民币等值¥57.60-¥180.00黄金区间；评分达到4.3以上。
2026-07-21,amazon_us,product,search,women slides,49,KIDMI,¥158.33,4.5,KIDMI,,,,,,https://www.amazon.com/KIDMI-Genuine-Sandals-Footbed-Adjustable/dp/B0DQH21M77/ref=sr_1_32?dib=eyJ2IjoiMSJ9.wrqHnvIFpzxZDCy1gVq3f4lU1Vnrjhi4TbSLsbHbjD0xXo99n1y-JyWu8hO04zMbXwJcFblfA2U_9k5vODoelXxFrwBlEMCufqqufTM1e9nzTYKFANmcsuPIhamKEIiWAOR-WcuTk0B58i7XZVOtOaZL5U7eL8Ee2vaQjJHGQpHJYCgxtylvIttd0iz6DDoVrauGht7763LjiV3mhz-AxMXSMEjzqE2AYdgFTFxPtCysAyzNzGBoyt2d_6131VVD_I-0mVHEGtwwlx8tmi9FKvguRQysp3lchH4RUTeuQvo.WaLif_f2Uq-4e0YoVMAFs-NdV-UEtsjrgMq-06qiTh4&dib_tag=se&keywords=women+slides&qid=1784607259&sr=8-32,https://m.media-amazon.com/images/I/81JaarSAG2L._AC_UL320_.jpg,42,排名进入前50；价格处于人民币等值¥57.60-¥180.00黄金区间；评分达到4.3以上。
2026-07-21,amazon_us,product,search,women summer slippers,45,Linen House Slippers Indoor Open Toe Slides Bedroom Lightweight Stawberry Slippers Non Slip For Women Comfort Shoes,¥71.93,3.7,"Price, product page $9.99 $ 9 . 99",,,,,,https://www.amazon.com/SEYHIBG-Slippers-Bedroom-Lightweight-Stawberry/dp/B0G58HFXN9/ref=sr_1_37?dib=eyJ2IjoiMSJ9.edQbWdZgRC57j1GkLLh3yg_5pR05vUY5G0-dACSTUcGCCuSasGfhXmBH14w-kEIE04qTS0GXIXnP-1sIW60vNyv3OSYG0JDNiMc2GonH0B-ksvPwt6J7CZgLbJs4_olyTGjb0E9GFyLdvbOnjcUec_ZDYNlrpAvw3mkF7NG5yBS0yR7IHYRKENdGbOlA2yosvo-PMy7fizEkvbOCWuCeAa3QMo8qqFy5l6Eh3lk9eay78HLroYYPVnM8su7KRc8Nbd98yOc6YBHA_ql4bKzhe5aBK7MxUGXAJGO62eMbVLQ.i0JSVKaNBZ0eH5C0phIICytEPQxY_6VMrQpfhAROtRs&dib_tag=se&keywords=women+summer+slippers&qid=1784607258&sr=8-37,https://m.media-amazon.com/images/I/8170JJYQnZL._AC_UL320_.jpg,41,排名进入前50；价格处于人民币等值¥57.60-¥180.00黄金区间；标题包含 comfort，符合美国女鞋舒适化趋势。
2026-07-21,amazon_us,product,search,platform sandals women,45,UBFEN,¥287.93,4.7,UBFEN,,,,,,https://www.amazon.com/UBFEN-Womens-Espadrille-Platform-Sandals/dp/B0G6YZGM42/ref=sr_1_29?dib=eyJ2IjoiMSJ9.wIlL_eVtHzMil5mQkgwLsqD11Kg-74ST5tOkpMxE5RWe2zjbOOgkTU8i_DqcCjCusJaeAHAQ4npXapEbK0L9aci6fuO8AwVxULxB3rI_qLJMtUse6dgKCW1sFIzdKiGr_VyE_bPtdq3tDbE37y_hZvQ53jrLqBRbh-w2H7FdkPj0xMK3v5EuB9rCe5FTIPyyXKPkaFrm2eepmvaObGLk2b2HoQmr84O9hp1iLbgFbdlAenn4ubu-8SG-gcFlAmRa8-5A6U5YnLaaL0tvYSICrFNGwAxdVVkz226K5unBUYk.IKOP3Ayd_6i7Msk6g2sKZtOTOS7rGuf-Eu7EfBKVGhg&dib_tag=se&keywords=platform+sandals+women&qid=1784607259&sr=8-29,https://m.media-amazon.com/images/I/71hqwCz4-2L._AC_UL320_.jpg,40,排名进入前50；价格处于人民币等值¥180.00-¥288.00区间；评分达到4.6以上。
2026-07-21,amazon_us,product,best_sellers,Best Sellers Women Sandals,18,"CUSHIONAIRE Vita Jelly Sandals for Women, Casual Lightweight Womens Strappy Sandals with Adjustable Buckle Strap and Gold Hardware Accent",,4.0,$39.98,,,,,,https://www.amazon.com/CUSHIONAIRE-Sandals-Lightweight-Adjustable-Hardware/dp/B0H1Y94T1T/ref=zg_bs_g_679425011_d_sccl_18/145-4526400-8825731?psc=1,"https://images-na.ssl-images-amazon.com/images/I/81Uy6Bt6XaL._AC_UL600_SR600,400_.jpg",39,排名进入前30；评分达到4.0以上。
2026-07-21,amazon_us,product,new_releases,New Releases Women Sandals,20,"CUSHIONAIRE Shana Clear Jelly Strap Heels for Women, Flared Kitten Heel Slide with Cushioned Footbed and Split Toe",,4.1,$49.99,,,,,,https://www.amazon.com/CUSHIONAIRE-Flared-Cushioned-Footbed-TORTOISE/dp/B0H2FK577R/ref=zg_bsnr_g_679425011_d_sccl_20/141-0238649-4687036?psc=1,"https://images-na.ssl-images-amazon.com/images/I/71YZfL+oAFL._AC_UL600_SR600,400_.jpg",39,排名进入前30；评分达到4.0以上。
2026-07-21,amazon_us,product,new_releases,New Releases Women Sandals,32,Uniwill Shower Shoes Women with Arch Support Non-Slip Flip Flop Sandals for Public Shower Bathroom Pool Beach Quick Dry with Drain Holes,,4.8,$12.89,,,,,,https://www.amazon.com/Uniwill-Support-Non-Slip-Sandals-Bathroom/dp/B0GY4471BY/ref=zg_bsnr_g_679425011_d_sccl_32/141-0238649-4687036?psc=1,"https://images-na.ssl-images-amazon.com/images/I/71SL6HBtLiL._AC_UL300_SR300,200_.jpg",39,排名进入前50；标题包含 arch support、beach，符合美国女鞋舒适化趋势；评分达到4.6以上。
2026-07-21,amazon_us,product,search,women summer slippers,33,COCOMUSE,¥107.93,4.1,COCOMUSE,,,,,,https://www.amazon.com/Ultralight-Indoor-Cotton-Slippers-Absorb/dp/B09MRP87ZZ/ref=sr_1_25?dib=eyJ2IjoiMSJ9.edQbWdZgRC57j1GkLLh3yg_5pR05vUY5G0-dACSTUcGCCuSasGfhXmBH14w-kEIE04qTS0GXIXnP-1sIW60vNyv3OSYG0JDNiMc2GonH0B-ksvPwt6J7CZgLbJs4_olyTGjb0E9GFyLdvbOnjcUec_ZDYNlrpAvw3mkF7NG5yBS0yR7IHYRKENdGbOlA2yosvo-PMy7fizEkvbOCWuCeAa3QMo8qqFy5l6Eh3lk9eay78HLroYYPVnM8su7KRc8Nbd98yOc6YBHA_ql4bKzhe5aBK7MxUGXAJGO62eMbVLQ.i0JSVKaNBZ0eH5C0phIICytEPQxY_6VMrQpfhAROtRs&dib_tag=se&keywords=women+summer+slippers&qid=1784607258&sr=8-25,https://m.media-amazon.com/images/I/81KNq3E0H3L._AC_UL320_.jpg,39,排名进入前50；价格处于人民币等值¥57.60-¥180.00黄金区间；评分达到4.0以上。
2026-07-21,amazon_us,product,search,women summer slippers,41,Wishcotton,¥119.45,4.2,Wishcotton,,,,,,https://www.amazon.com/Wishcotton-Womens-Adjustable-Memory-Slippers/dp/B079QKLSLQ/ref=sr_1_33?dib=eyJ2IjoiMSJ9.edQbWdZgRC57j1GkLLh3yg_5pR05vUY5G0-dACSTUcGCCuSasGfhXmBH14w-kEIE04qTS0GXIXnP-1sIW60vNyv3OSYG0JDNiMc2GonH0B-ksvPwt6J7CZgLbJs4_olyTGjb0E9GFyLdvbOnjcUec_ZDYNlrpAvw3mkF7NG5yBS0yR7IHYRKENdGbOlA2yosvo-PMy7fizEkvbOCWuCeAa3QMo8qqFy5l6Eh3lk9eay78HLroYYPVnM8su7KRc8Nbd98yOc6YBHA_ql4bKzhe5aBK7MxUGXAJGO62eMbVLQ.i0JSVKaNBZ0eH5C0phIICytEPQxY_6VMrQpfhAROtRs&dib_tag=se&keywords=women+summer+slippers&qid=1784607258&sr=8-33,https://m.media-amazon.com/images/I/71WcFznX60L._AC_UL320_.jpg,39,排名进入前50；价格处于人民币等值¥57.60-¥180.00黄金区间；评分达到4.0以上。
2026-07-21,amazon_us,product,search,women summer slippers,44,FRALOSHA,¥89.93,4.2,FRALOSHA,,,,,,https://www.amazon.com/FRALOSHA-Slippers-Breathable-Outdoor-Sandals/dp/B07FSG6P3M/ref=sr_1_36?dib=eyJ2IjoiMSJ9.edQbWdZgRC57j1GkLLh3yg_5pR05vUY5G0-dACSTUcGCCuSasGfhXmBH14w-kEIE04qTS0GXIXnP-1sIW60vNyv3OSYG0JDNiMc2GonH0B-ksvPwt6J7CZgLbJs4_olyTGjb0E9GFyLdvbOnjcUec_ZDYNlrpAvw3mkF7NG5yBS0yR7IHYRKENdGbOlA2yosvo-PMy7fizEkvbOCWuCeAa3QMo8qqFy5l6Eh3lk9eay78HLroYYPVnM8su7KRc8Nbd98yOc6YBHA_ql4bKzhe5aBK7MxUGXAJGO62eMbVLQ.i0JSVKaNBZ0eH5C0phIICytEPQxY_6VMrQpfhAROtRs&dib_tag=se&keywords=women+summer+slippers&qid=1784607258&sr=8-36,https://m.media-amazon.com/images/I/810Hfh0qwIL._AC_UL320_.jpg,39,排名进入前50；价格处于人民币等值¥57.60-¥180.00黄金区间；评分达到4.0以上。
2026-07-21,amazon_us,product,search,women summer slippers,46,COFACE,¥158.33,4.1,COFACE,,,,,,https://www.amazon.com/COFACE-Sliders-Slippers-Sandals-Support/dp/B08CK569H1/ref=sr_1_38?dib=eyJ2IjoiMSJ9.edQbWdZgRC57j1GkLLh3yg_5pR05vUY5G0-dACSTUcGCCuSasGfhXmBH14w-kEIE04qTS0GXIXnP-1sIW60vNyv3OSYG0JDNiMc2GonH0B-ksvPwt6J7CZgLbJs4_olyTGjb0E9GFyLdvbOnjcUec_ZDYNlrpAvw3mkF7NG5yBS0yR7IHYRKENdGbOlA2yosvo-PMy7fizEkvbOCWuCeAa3QMo8qqFy5l6Eh3lk9eay78HLroYYPVnM8su7KRc8Nbd98yOc6YBHA_ql4bKzhe5aBK7MxUGXAJGO62eMbVLQ.i0JSVKaNBZ0eH5C0phIICytEPQxY_6VMrQpfhAROtRs&dib_tag=se&keywords=women+summer+slippers&qid=1784607258&sr=8-38,https://m.media-amazon.com/images/I/71Bat+SgcpL._AC_UL320_.jpg,39,排名进入前50；价格处于人民币等值¥57.60-¥180.00黄金区间；评分达到4.0以上。
2026-07-21,amazon_us,product,search,women summer slippers,47,DL,¥119.16,4.1,DL,,,,,,https://www.amazon.com/DL-Slippers-Sandals-Outdoor-Anti-Skid/dp/B0855LKHQZ/ref=sr_1_39?dib=eyJ2IjoiMSJ9.edQbWdZgRC57j1GkLLh3yg_5pR05vUY5G0-dACSTUcGCCuSasGfhXmBH14w-kEIE04qTS0GXIXnP-1sIW60vNyv3OSYG0JDNiMc2GonH0B-ksvPwt6J7CZgLbJs4_olyTGjb0E9GFyLdvbOnjcUec_ZDYNlrpAvw3mkF7NG5yBS0yR7IHYRKENdGbOlA2yosvo-PMy7fizEkvbOCWuCeAa3QMo8qqFy5l6Eh3lk9eay78HLroYYPVnM8su7KRc8Nbd98yOc6YBHA_ql4bKzhe5aBK7MxUGXAJGO62eMbVLQ.i0JSVKaNBZ0eH5C0phIICytEPQxY_6VMrQpfhAROtRs&dib_tag=se&keywords=women+summer+slippers&qid=1784607258&sr=8-39,https://m.media-amazon.com/images/I/71WeFzKbsqL._AC_UL320_.jpg,39,排名进入前50；价格处于人民币等值¥57.60-¥180.00黄金区间；评分达到4.0以上。
2026-07-21,amazon_us,product,search,women slides,50,FUNKYMONKEY,¥123.05,4.1,FUNKYMONKEY,,,,,,https://www.amazon.com/FUNKYMONKEY-Comfort-Adjustable-Sandals-US-Women/dp/B07CV9YZBB/ref=sr_1_33?dib=eyJ2IjoiMSJ9.wrqHnvIFpzxZDCy1gVq3f4lU1Vnrjhi4TbSLsbHbjD0xXo99n1y-JyWu8hO04zMbXwJcFblfA2U_9k5vODoelXxFrwBlEMCufqqufTM1e9nzTYKFANmcsuPIhamKEIiWAOR-WcuTk0B58i7XZVOtOaZL5U7eL8Ee2vaQjJHGQpHJYCgxtylvIttd0iz6DDoVrauGht7763LjiV3mhz-AxMXSMEjzqE2AYdgFTFxPtCysAyzNzGBoyt2d_6131VVD_I-0mVHEGtwwlx8tmi9FKvguRQysp3lchH4RUTeuQvo.WaLif_f2Uq-4e0YoVMAFs-NdV-UEtsjrgMq-06qiTh4&dib_tag=se&keywords=women+slides&qid=1784607259&sr=8-33,https://m.media-amazon.com/images/I/51o3wxcasIL._AC_UL320_.jpg,39,排名进入前50；价格处于人民币等值¥57.60-¥180.00黄金区间；评分达到4.0以上。
2026-07-21,amazon_us,product,search,platform sandals women,44,Erocalli,¥143.93,4.1,Erocalli,,,,,,https://www.amazon.com/Erocalli-Platform-Sandals-Espadrille-Comfortable/dp/B0H4GCQCMZ/ref=sr_1_28?dib=eyJ2IjoiMSJ9.wIlL_eVtHzMil5mQkgwLsqD11Kg-74ST5tOkpMxE5RWe2zjbOOgkTU8i_DqcCjCusJaeAHAQ4npXapEbK0L9aci6fuO8AwVxULxB3rI_qLJMtUse6dgKCW1sFIzdKiGr_VyE_bPtdq3tDbE37y_hZvQ53jrLqBRbh-w2H7FdkPj0xMK3v5EuB9rCe5FTIPyyXKPkaFrm2eepmvaObGLk2b2HoQmr84O9hp1iLbgFbdlAenn4ubu-8SG-gcFlAmRa8-5A6U5YnLaaL0tvYSICrFNGwAxdVVkz226K5unBUYk.IKOP3Ayd_6i7Msk6g2sKZtOTOS7rGuf-Eu7EfBKVGhg&dib_tag=se&keywords=platform+sandals+women&qid=1784607259&sr=8-28,https://m.media-amazon.com/images/I/81Z6XbIYInL._AC_UL320_.jpg,39,排名进入前50；价格处于人民币等值¥57.60-¥180.00黄金区间；评分达到4.0以上。
2026-07-21,amazon_us,product,best_sellers,Best Sellers Women Sandals,22,"CUSHIONAIRE Splash Jelly Flip Flops for Women With Flexible Sole, Glossy Jelly Finish Summer Sandals for Women",,3.8,$29.99,,,,,,https://www.amazon.com/CUSHIONAIRE-Flexible-Footbed-Sandals-WHISKEY/dp/B0FCZFSVZD/ref=zg_bs_g_679425011_d_sccl_22/145-4526400-8825731?psc=1,"https://images-na.ssl-images-amazon.com/images/I/71jSCW+w9gL._AC_UL600_SR600,400_.jpg",38,排名进入前30；标题包含 summer，符合美国女鞋舒适化趋势。
2026-07-21,amazon_us,product,new_releases,New Releases Women Sandals,37,NEEP Jelly Sandals for Women Non-Slip Pool Slides Vintage Platform Double Buckle Waterproof Sandals for Summer Beach Casual,,4.2,$29.99,,,,,,https://www.amazon.com/NEEP-Sandals-Non-Slip-Platform-Waterproof/dp/B0GWZHRY4P/ref=zg_bsnr_g_679425011_d_sccl_37/141-0238649-4687036?psc=1,"https://images-na.ssl-images-amazon.com/images/I/71iXkFqzxsL._AC_UL300_SR300,200_.jpg",38,排名进入前50；标题包含 platform、beach、summer，符合美国女鞋舒适化趋势；评分达到4.0以上。
2026-07-21,amazon_us,product,search,women slides,33,adidas,¥215.93,4.5,adidas,,,,,,https://www.amazon.com/adidas-Unisex-Adilette-Sportswear-Sandal/dp/B0D224KWLQ/ref=sr_1_16?dib=eyJ2IjoiMSJ9.wrqHnvIFpzxZDCy1gVq3f4lU1Vnrjhi4TbSLsbHbjD0xXo99n1y-JyWu8hO04zMbXwJcFblfA2U_9k5vODoelXxFrwBlEMCufqqufTM1e9nzTYKFANmcsuPIhamKEIiWAOR-WcuTk0B58i7XZVOtOaZL5U7eL8Ee2vaQjJHGQpHJYCgxtylvIttd0iz6DDoVrauGht7763LjiV3mhz-AxMXSMEjzqE2AYdgFTFxPtCysAyzNzGBoyt2d_6131VVD_I-0mVHEGtwwlx8tmi9FKvguRQysp3lchH4RUTeuQvo.WaLif_f2Uq-4e0YoVMAFs-NdV-UEtsjrgMq-06qiTh4&dib_tag=se&keywords=women+slides&qid=1784607259&sr=8-16,https://m.media-amazon.com/images/I/51EzGCn-OoL._AC_UL320_.jpg,37,排名进入前50；价格处于人民币等值¥180.00-¥288.00区间；评分达到4.3以上。
2026-07-21,amazon_us,product,search,women slides,36,Under Armour,¥194.26,4.3,Under Armour,,,,,,https://www.amazon.com/Under-Armour-Womens-Ignite-Slides/dp/B0F343Z28R/ref=sr_1_19?dib=eyJ2IjoiMSJ9.wrqHnvIFpzxZDCy1gVq3f4lU1Vnrjhi4TbSLsbHbjD0xXo99n1y-JyWu8hO04zMbXwJcFblfA2U_9k5vODoelXxFrwBlEMCufqqufTM1e9nzTYKFANmcsuPIhamKEIiWAOR-WcuTk0B58i7XZVOtOaZL5U7eL8Ee2vaQjJHGQpHJYCgxtylvIttd0iz6DDoVrauGht7763LjiV3mhz-AxMXSMEjzqE2AYdgFTFxPtCysAyzNzGBoyt2d_6131VVD_I-0mVHEGtwwlx8tmi9FKvguRQysp3lchH4RUTeuQvo.WaLif_f2Uq-4e0YoVMAFs-NdV-UEtsjrgMq-06qiTh4&dib_tag=se&keywords=women+slides&qid=1784607259&sr=8-19,https://m.media-amazon.com/images/I/41S9a3VMv1L._AC_UL320_.jpg,37,排名进入前50；价格处于人民币等值¥180.00-¥288.00区间；评分达到4.3以上。
2026-07-21,amazon_us,product,search,women slides,38,Calvin Klein,¥219.60,4.5,Calvin Klein,,,,,,https://www.amazon.com/Calvin-Klein-Athens-Brown/dp/B091ZF5PQQ/ref=sr_1_21?dib=eyJ2IjoiMSJ9.wrqHnvIFpzxZDCy1gVq3f4lU1Vnrjhi4TbSLsbHbjD0xXo99n1y-JyWu8hO04zMbXwJcFblfA2U_9k5vODoelXxFrwBlEMCufqqufTM1e9nzTYKFANmcsuPIhamKEIiWAOR-WcuTk0B58i7XZVOtOaZL5U7eL8Ee2vaQjJHGQpHJYCgxtylvIttd0iz6DDoVrauGht7763LjiV3mhz-AxMXSMEjzqE2AYdgFTFxPtCysAyzNzGBoyt2d_6131VVD_I-0mVHEGtwwlx8tmi9FKvguRQysp3lchH4RUTeuQvo.WaLif_f2Uq-4e0YoVMAFs-NdV-UEtsjrgMq-06qiTh4&dib_tag=se&keywords=women+slides&qid=1784607259&sr=8-21,https://m.media-amazon.com/images/I/71nyc3qEKeS._AC_UL320_.jpg,37,排名进入前50；价格处于人民币等值¥180.00-¥288.00区间；评分达到4.3以上。
2026-07-21,amazon_us,product,search,platform sandals women,46,ONCAI,¥259.13,4.4,ONCAI,,,,,,https://www.amazon.com/ONCAI-Platform-Essentials-Flatform-Comfortable/dp/B0F43HJVG4/ref=sr_1_30?dib=eyJ2IjoiMSJ9.wIlL_eVtHzMil5mQkgwLsqD11Kg-74ST5tOkpMxE5RWe2zjbOOgkTU8i_DqcCjCusJaeAHAQ4npXapEbK0L9aci6fuO8AwVxULxB3rI_qLJMtUse6dgKCW1sFIzdKiGr_VyE_bPtdq3tDbE37y_hZvQ53jrLqBRbh-w2H7FdkPj0xMK3v5EuB9rCe5FTIPyyXKPkaFrm2eepmvaObGLk2b2HoQmr84O9hp1iLbgFbdlAenn4ubu-8SG-gcFlAmRa8-5A6U5YnLaaL0tvYSICrFNGwAxdVVkz226K5unBUYk.IKOP3Ayd_6i7Msk6g2sKZtOTOS7rGuf-Eu7EfBKVGhg&dib_tag=se&keywords=platform+sandals+women&qid=1784607259&sr=8-30,https://m.media-amazon.com/images/I/6107ZWz1NoL._AC_UL320_.jpg,37,排名进入前50；价格处于人民币等值¥180.00-¥288.00区间；评分达到4.3以上。
2026-07-21,amazon_us,product,search,platform sandals women,48,mikarka,¥276.41,4.5,mikarka,,,,,,https://www.amazon.com/mikarka-Wedge-Sandals-Women-Comfortable/dp/B0DPMBZT18/ref=sr_1_32?dib=eyJ2IjoiMSJ9.wIlL_eVtHzMil5mQkgwLsqD11Kg-74ST5tOkpMxE5RWe2zjbOOgkTU8i_DqcCjCusJaeAHAQ4npXapEbK0L9aci6fuO8AwVxULxB3rI_qLJMtUse6dgKCW1sFIzdKiGr_VyE_bPtdq3tDbE37y_hZvQ53jrLqBRbh-w2H7FdkPj0xMK3v5EuB9rCe5FTIPyyXKPkaFrm2eepmvaObGLk2b2HoQmr84O9hp1iLbgFbdlAenn4ubu-8SG-gcFlAmRa8-5A6U5YnLaaL0tvYSICrFNGwAxdVVkz226K5unBUYk.IKOP3Ayd_6i7Msk6g2sKZtOTOS7rGuf-Eu7EfBKVGhg&dib_tag=se&keywords=platform+sandals+women&qid=1784607259&sr=8-32,https://m.media-amazon.com/images/I/610FEH2unfS._AC_UL320_.jpg,37,排名进入前50；价格处于人民币等值¥180.00-¥288.00区间；评分达到4.3以上。
2026-07-21,amazon_us,product,search,platform sandals women,49,vodvob,¥259.06,4.5,vodvob,,,,,,https://www.amazon.com/vodvob-Platform-Sandals-Adjustable-Flatform/dp/B0CW8YF5XW/ref=sr_1_33?dib=eyJ2IjoiMSJ9.wIlL_eVtHzMil5mQkgwLsqD11Kg-74ST5tOkpMxE5RWe2zjbOOgkTU8i_DqcCjCusJaeAHAQ4npXapEbK0L9aci6fuO8AwVxULxB3rI_qLJMtUse6dgKCW1sFIzdKiGr_VyE_bPtdq3tDbE37y_hZvQ53jrLqBRbh-w2H7FdkPj0xMK3v5EuB9rCe5FTIPyyXKPkaFrm2eepmvaObGLk2b2HoQmr84O9hp1iLbgFbdlAenn4ubu-8SG-gcFlAmRa8-5A6U5YnLaaL0tvYSICrFNGwAxdVVkz226K5unBUYk.IKOP3Ayd_6i7Msk6g2sKZtOTOS7rGuf-Eu7EfBKVGhg&dib_tag=se&keywords=platform+sandals+women&qid=1784607259&sr=8-33,https://m.media-amazon.com/images/I/71ZrpOD4Q9L._AC_UL320_.jpg,37,排名进入前50；价格处于人民币等值¥180.00-¥288.00区间；评分达到4.3以上。
2026-07-21,amazon_us,product,new_releases,New Releases Women Sandals,11,"CUSHIONAIRE Tory Strappy Flat Sandals for Women, Toe Ring Sandals with Adjustable Buckle Ankle Strap, Wrap Style",,3.8,$39.98,,,,,,https://www.amazon.com/CUSHIONAIRE-Strappy-Sandals-Adjustable-Buckle/dp/B0H37DHZDS/ref=zg_bsnr_g_679425011_d_sccl_11/141-0238649-4687036?psc=1,"https://images-na.ssl-images-amazon.com/images/I/71SowjTI++L._AC_UL600_SR600,400_.jpg",35,排名进入前30。
2026-07-21,amazon_us,product,new_releases,New Releases Women Sandals,31,"CUSHIONAIRE Ferry Espadrille Wedge Sandals for Women, Thong Platform Flip Flops with Cross Strap and Slip-On Design",,4.2,$49.98,,,,,,https://www.amazon.com/CUSHIONAIRE-Espadrille-Sandals-Platform-Design/dp/B0H42RRPBZ/ref=zg_bsnr_g_679425011_d_sccl_31/141-0238649-4687036?psc=1,"https://images-na.ssl-images-amazon.com/images/I/81rI8wTUKAL._AC_UL300_SR300,200_.jpg",35,排名进入前50；标题包含 platform、wedge，符合美国女鞋舒适化趋势；评分达到4.0以上。
2026-07-21,amazon_us,product,search,women slides,20,4.2,,,4.2,,,,,,https://aax-us-east-retail-direct.amazon.com/x/c/JO8L7s3qpmVy8cNVawVadw8AAAGfguG8wwEAAAH2AQBvbm9fdHhuX2JpZDQgICBvbm9fdHhuX2ltcDIgICCXDUaH/clv1c_ek-wBHHSJcbYrhdbFAsF6VzhdKoLCB57fJFSMS85HuqthcqdOdSOQ223p9IMoZBxqIkFmCVPP2leHad6BTTbgLj32bVy7scLlq_1S2g4nfTwq9fhPMQl1F0N5uh4BnI83qzNsiJxKEeYskIyByYE6NSFydjclFWiksf4ByWkpE7femkeCBgNj9oY_t5852alEvNhbegXpsvM5WR7u0Gc2EJbnzq1pmI3kIFpS8m8AiqBqzG3WAzt1d7YydKBZop9E0FLqCwaGxJ4wy25hU0hUdunYLnEB0tKAhhlcrfCKbC__KGL00MVrq3qDPijELAaHMZEe2QaDaiu5am4p-Mn_L6vOOJYi2qDDRCeQbTqn1Yi3UsKJwydXKn54s7CZ_vcoeAcv-1pugjX3j_62s3939mdchdzowMjkFt5vao_DtZZ3KOOcr4JD5Ylk3Oknlj3V2K1TC-TJ7oSxzTYNT-VGq398xqWGEAbImefHc3Hmmu-nAVKaa6-y0NXrf311y3yNP9oJBsUl3K1EUWbo3asPU1BBBatjJAMCFc3YzLktIb9a5r_6EfbZxVDgjPJKT_UvwMETMQcKbMv7In-9htauCWNVRkd6vNQjAaQ34NgtIDaftPyl1Cn7Hrl91tTEuqPsqVJUh-HY-C78iUWCUxTWcqxp36uXj_K_UYFkRwqOabArGJ9bLsRbh-HRCj8ALl1k2RgulOmyYD76xccspJh_KhLVlqnx7U971yidZNhfjzOe2ujfRIPgbvfL1gypuwRvDzIWwpnn-iJlEdfW2sv6VIJscCOzZBfeWW3IWkmDedHF5kppTffNbCp_G7pSMenaQQO7VQBq-mu-MK-d1ofzFSSGqWILvISKPlj4UvhPBorOyfzbqkKSjwdDdYAWC75LOBb2AgPnhspQPwZiyUOS6cPkvIDEC6WvlUpLassrTbGGk0DBbW9gwjHard2h5nTUX1_IYyOE364L5cBdGYwHo8xd058x-op5DcoWTmn-zaXF9UfLTPER-7QM_XfR3cKkeYkFPlz0PHG03SBgqn_U-p1eQuWIgJ1gnRw5FGd-EKnlZSivDzY5n3c3UN4SdDsEYNJ326YEtsYrfsBVcYLfQxZF-HJIMCtaPAZqCEBbtCti-_G9baCTSAP9vouB36Bbz6yBOgs6E8jBJh8aBK86ACUOKWJMCRWn643YBcMoAaekPSrGRCHV7gR0fAWP4q027rApC9xOBCJZGrJHIbfIccdS2XuSi6o2skxmc6eA1EnI1g5OGyi8skTbVVsl5Hye7efngLJfPcaKtp5ptaJ-uWD9C7JZQxdChSV7bMSL5Np4gjpEtj36N5Z3ZoArCfAoaXGvfctYAaO2xzRjppcdqFewmxYp9nEQIvarfWVhEGfh8UZkg7L8-Tigc5A2_yL8Q4n0E0u62xmRdN_QtBxvTmnkoAlYoAL0RcZK42AYXKxRwxGmFcpa7tBOuG6vqrAIVpAVke1Flht-VqeJq9aGyoGhgwNpiyyYBo2Cy4yrr7M4gBlwo2hZfSS0kBBP_8_A8_3GT0BrlPanbVHeZYWof_lel_tZM2S8SiV-TeHz_AZEAExGza5UYKbw1ad8c7o5hXc0G-odAOoqRuxd7W0rDOLip7wPnkV3wvO0p357VdIlKsvotKb6YEoJ9WgnxDF4BZ3Awb_cRDHx9vvKUU_KsKY4yXzIm0HmOdot8zybmJ6-guyqxBizZo-rjLyrztsBIasnFHuyD_YwjIAxC7X/https://www.amazon.com/dp/B0FWD99TLX/?_encoding=UTF8&pd_rd_i=B0FWD99TLX&ref_=sbx_be_s_sparkle_ssd_img&qid=1784607259&pd_rd_w=pYDMt&content-id=amzn1.sym.f080d48e-a8e8-4344-8f76-e4fe27e7b530%3Aamzn1.sym.f080d48e-a8e8-4344-8f76-e4fe27e7b530&pf_rd_p=f080d48e-a8e8-4344-8f76-e4fe27e7b530&pf_rd_r=3Y3JQ71F62E3SN5BA84S&pd_rd_wg=x4ssI&pd_rd_r=fb1b0e3d-e2eb-442f-a2d8-f343f0eab669&pd_rd_plhdr=t,"https://m.media-amazon.com/images/I/41HcNj9mNCL._AC_SR250,250_QL65_.jpg",35,排名进入前30。
2026-07-21,amazon_us,product,search,women slides,21,4.2,,,4.2,,,,,,https://aax-us-east-retail-direct.amazon.com/x/c/JO8L7s3qpmVy8cNVawVadw8AAAGfguG8wwEAAAH2AQBvbm9fdHhuX2JpZDQgICBvbm9fdHhuX2ltcDIgICCXDUaH/clv1c_ek-wBHHSJcbYrhdbFAsF6VzhdKoLCB57fJFSMS85HuqthcqdOdSOQ223p9IMoZBxqIkFmCVPP2leHad6BTTbgLj32bVy7scLlq_1S2g4nfTwq9fhPMQl1F0N5uh4BnI83qzNsiJxKEeYskIyByYE6NSFydjclFWiksf4ByWkpE7femkeCBgNj9oY_t5852alEvNhbegXpsvM5WR7u0Gc2EJbnzq1pmI3kIFpS8m8AiqBqzG3WAzt1d7YydKBZop9E0FLqCwaGxJ4wy25hU0hUdunYLnEB0tKAhhlcrfCKbC__KGL00MVrq3qDPijELAaHMZEe2QaDaiu5am4p-Mn_L6vOOJYi2qDDRCeQbTqn1Yi3UsKJwydXKn54s7CZ_vcoeAcv-1pugjX3j_62s3939mdchdzowMjkFt5vao_DtZZ3KOOcr4JD5Ylk3Oknlj3V2K1TC-TJ7oSxzTYNT-VGq398xqWGEAbImefHc3Hmmu-nAVKaa6-y0NXrf311y3yNP9oJBsUl3K1EUWbo3asPU1BBBatjJAMCFc3YzLktIb9a5r_6EfbZxVDgjPJKT_UvwMETMQcKbMv7In-9htauCWNVRkd6vNQjAaQ34NgtIDaftPyl1Cn7Hrl91tTEuqPsqVJUh-HY-C78iUWCUxTWcqxp36uXj_K_UYFkRwqOabArGJ9bLsRbh-HRCj8ALl1k2RgulOmyYD76xccspJh_KhLVlqnx7U971yidZNhfjzOe2ujfRIPgbvfL1gypuwRvDzIWwpnn-iJlEdfW2sv6VIJscCOzZBfeWW3IWkmDedHF5kppTffNbCp_G7pSMenaQQO7VQBq-mu-MK-d1ofzFSSGqWILvISKPlj4UvhPBorOyfzbqkKSjwdDdYAWC75LOBb2AgPnhspQPwZiyUOS6cPkvIDEC6WvlUpLassrTbGGk0DBbW9gwjHard2h5nTUX1_IYyOE364L5cBdGYwHo8xd058x-op5DcoWTmn-zaXF9UfLTPER-7QM_XfR3cKkeYkFPlz0PHG03SBgqn_U-p1eQuWIgJ1gnRw5FGd-EKnlZSivDzY5n3c3UN4SdDsEYNJ326YEtsYrfsBVcYLfQxZF-HJIMCtaPAZqCEBbtCti-_G9baCTSAP9vouB36Bbz6yBOgs6E8jBJh8aBK86ACUOKWJMCRWn643YBcMoAaekPSrGRCHV7gR0fAWP4q027rApC9xOBCJZGrJHIbfIccdS2XuSi6o2skxmc6eA1EnI1g5OGyi8skTbVVsl5Hye7efngLJfPcaKtp5ptaJ-uWD9C7JZQxdChSV7bMSL5Np4gjpEtj36N5Z3ZoArCfAoaXGvfctYAaO2xzRjppcdqFewmxYp9nEQIvarfWVhEGfh8UZkg7L8-Tigc5A2_yL8Q4n0E0u62xmRdN_QtBxvTmnkoAlYoAL0RcZK42AYXKxRwxGmFcpa7tBOuG6vqrAIVpAVke1Flht-VqeJq9aGyoGhgwNpiyyYBo2Cy4yrr7M4gBlwo2hZfSS0kBBP_8_A8_3GT0BrlPanbVHeZYWof_lel_tZM2S8SiV-TeHz_AZEAExGza5UYKbw1ad8c7o5hXc0G-odAOoqRuxd7W0rDOLip7wPnkV3wvO0p357VdIlKsvotKb6YEoJ9WgnxDF4BZ3Awb_cRDHx9vvKUU_KsKY4yXzIm0HmOdot8zybmJ6-guyqxBizZo-rjLyrztsBIasnFHuyD_YwjIAxC7X/https://www.amazon.com/dp/B0FWD9P96Z/?_encoding=UTF8&pd_rd_i=B0FWD9P96Z&ref_=sbx_be_s_sparkle_ssd_img&qid=1784607259&pd_rd_w=pYDMt&content-id=amzn1.sym.f080d48e-a8e8-4344-8f76-e4fe27e7b530%3Aamzn1.sym.f080d48e-a8e8-4344-8f76-e4fe27e7b530&pf_rd_p=f080d48e-a8e8-4344-8f76-e4fe27e7b530&pf_rd_r=3Y3JQ71F62E3SN5BA84S&pd_rd_wg=x4ssI&pd_rd_r=fb1b0e3d-e2eb-442f-a2d8-f343f0eab669&pd_rd_plhdr=t,"https://m.media-amazon.com/images/I/41nqu-+S2LL._AC_SR250,250_QL65_.jpg",35,排名进入前30。
2026-07-21,amazon_us,product,search,women slides,22,4.2,,,4.2,,,,,,https://aax-us-east-retail-direct.amazon.com/x/c/JO8L7s3qpmVy8cNVawVadw8AAAGfguG8wwEAAAH2AQBvbm9fdHhuX2JpZDQgICBvbm9fdHhuX2ltcDIgICCXDUaH/clv1c_ek-wBHHSJcbYrhdbFAsF6VzhdKoLCB57fJFSMS85HuqthcqdOdSOQ223p9IMoZBxqIkFmCVPP2leHad6BTTbgLj32bVy7scLlq_1S2g4nfTwq9fhPMQl1F0N5uh4BnI83qzNsiJxKEeYskIyByYE6NSFydjclFWiksf4ByWkpE7femkeCBgNj9oY_t5852alEvNhbegXpsvM5WR7u0Gc2EJbnzq1pmI3kIFpS8m8AiqBqzG3WAzt1d7YydKBZop9E0FLqCwaGxJ4wy25hU0hUdunYLnEB0tKAhhlcrfCKbC__KGL00MVrq3qDPijELAaHMZEe2QaDaiu5am4p-Mn_L6vOOJYi2qDDRCeQbTqn1Yi3UsKJwydXKn54s7CZ_vcoeAcv-1pugjX3j_62s3939mdchdzowMjkFt5vao_DtZZ3KOOcr4JD5Ylk3Oknlj3V2K1TC-TJ7oSxzTYNT-VGq398xqWGEAbImefHc3Hmmu-nAVKaa6-y0NXrf311y3yNP9oJBsUl3K1EUWbo3asPU1BBBatjJAMCFc3YzLktIb9a5r_6EfbZxVDgjPJKT_UvwMETMQcKbMv7In-9htauCWNVRkd6vNQjAaQ34NgtIDaftPyl1Cn7Hrl91tTEuqPsqVJUh-HY-C78iUWCUxTWcqxp36uXj_K_UYFkRwqOabArGJ9bLsRbh-HRCj8ALl1k2RgulOmyYD76xccspJh_KhLVlqnx7U971yidZNhfjzOe2ujfRIPgbvfL1gypuwRvDzIWwpnn-iJlEdfW2sv6VIJscCOzZBfeWW3IWkmDedHF5kppTffNbCp_G7pSMenaQQO7VQBq-mu-MK-d1ofzFSSGqWILvISKPlj4UvhPBorOyfzbqkKSjwdDdYAWC75LOBb2AgPnhspQPwZiyUOS6cPkvIDEC6WvlUpLassrTbGGk0DBbW9gwjHard2h5nTUX1_IYyOE364L5cBdGYwHo8xd058x-op5DcoWTmn-zaXF9UfLTPER-7QM_XfR3cKkeYkFPlz0PHG03SBgqn_U-p1eQuWIgJ1gnRw5FGd-EKnlZSivDzY5n3c3UN4SdDsEYNJ326YEtsYrfsBVcYLfQxZF-HJIMCtaPAZqCEBbtCti-_G9baCTSAP9vouB36Bbz6yBOgs6E8jBJh8aBK86ACUOKWJMCRWn643YBcMoAaekPSrGRCHV7gR0fAWP4q027rApC9xOBCJZGrJHIbfIccdS2XuSi6o2skxmc6eA1EnI1g5OGyi8skTbVVsl5Hye7efngLJfPcaKtp5ptaJ-uWD9C7JZQxdChSV7bMSL5Np4gjpEtj36N5Z3ZoArCfAoaXGvfctYAaO2xzRjppcdqFewmxYp9nEQIvarfWVhEGfh8UZkg7L8-Tigc5A2_yL8Q4n0E0u62xmRdN_QtBxvTmnkoAlYoAL0RcZK42AYXKxRwxGmFcpa7tBOuG6vqrAIVpAVke1Flht-VqeJq9aGyoGhgwNpiyyYBo2Cy4yrr7M4gBlwo2hZfSS0kBBP_8_A8_3GT0BrlPanbVHeZYWof_lel_tZM2S8SiV-TeHz_AZEAExGza5UYKbw1ad8c7o5hXc0G-odAOoqRuxd7W0rDOLip7wPnkV3wvO0p357VdIlKsvotKb6YEoJ9WgnxDF4BZ3Awb_cRDHx9vvKUU_KsKY4yXzIm0HmOdot8zybmJ6-guyqxBizZo-rjLyrztsBIasnFHuyD_YwjIAxC7X/https://www.amazon.com/dp/B0D755CTLM/?_encoding=UTF8&pd_rd_i=B0D755CTLM&ref_=sbx_be_s_sparkle_ssd_img&qid=1784607259&pd_rd_w=pYDMt&content-id=amzn1.sym.f080d48e-a8e8-4344-8f76-e4fe27e7b530%3Aamzn1.sym.f080d48e-a8e8-4344-8f76-e4fe27e7b530&pf_rd_p=f080d48e-a8e8-4344-8f76-e4fe27e7b530&pf_rd_r=3Y3JQ71F62E3SN5BA84S&pd_rd_wg=x4ssI&pd_rd_r=fb1b0e3d-e2eb-442f-a2d8-f343f0eab669&pd_rd_plhdr=t,"https://m.media-amazon.com/images/I/41sSXhuXCbL._AC_SR250,250_QL65_.jpg",35,排名进入前30。
2026-07-21,amazon_us,product,search,women slides,23,4.2,,,4.2,,,,,,https://aax-us-east-retail-direct.amazon.com/x/c/JO8L7s3qpmVy8cNVawVadw8AAAGfguG8wwEAAAH2AQBvbm9fdHhuX2JpZDQgICBvbm9fdHhuX2ltcDIgICCXDUaH/clv1c_ek-wBHHSJcbYrhdbFAsF6VzhdKoLCB57fJFSMS85HuqthcqdOdSOQ223p9IMoZBxqIkFmCVPP2leHad6BTTbgLj32bVy7scLlq_1S2g4nfTwq9fhPMQl1F0N5uh4BnI83qzNsiJxKEeYskIyByYE6NSFydjclFWiksf4ByWkpE7femkeCBgNj9oY_t5852alEvNhbegXpsvM5WR7u0Gc2EJbnzq1pmI3kIFpS8m8AiqBqzG3WAzt1d7YydKBZop9E0FLqCwaGxJ4wy25hU0hUdunYLnEB0tKAhhlcrfCKbC__KGL00MVrq3qDPijELAaHMZEe2QaDaiu5am4p-Mn_L6vOOJYi2qDDRCeQbTqn1Yi3UsKJwydXKn54s7CZ_vcoeAcv-1pugjX3j_62s3939mdchdzowMjkFt5vao_DtZZ3KOOcr4JD5Ylk3Oknlj3V2K1TC-TJ7oSxzTYNT-VGq398xqWGEAbImefHc3Hmmu-nAVKaa6-y0NXrf311y3yNP9oJBsUl3K1EUWbo3asPU1BBBatjJAMCFc3YzLktIb9a5r_6EfbZxVDgjPJKT_UvwMETMQcKbMv7In-9htauCWNVRkd6vNQjAaQ34NgtIDaftPyl1Cn7Hrl91tTEuqPsqVJUh-HY-C78iUWCUxTWcqxp36uXj_K_UYFkRwqOabArGJ9bLsRbh-HRCj8ALl1k2RgulOmyYD76xccspJh_KhLVlqnx7U971yidZNhfjzOe2ujfRIPgbvfL1gypuwRvDzIWwpnn-iJlEdfW2sv6VIJscCOzZBfeWW3IWkmDedHF5kppTffNbCp_G7pSMenaQQO7VQBq-mu-MK-d1ofzFSSGqWILvISKPlj4UvhPBorOyfzbqkKSjwdDdYAWC75LOBb2AgPnhspQPwZiyUOS6cPkvIDEC6WvlUpLassrTbGGk0DBbW9gwjHard2h5nTUX1_IYyOE364L5cBdGYwHo8xd058x-op5DcoWTmn-zaXF9UfLTPER-7QM_XfR3cKkeYkFPlz0PHG03SBgqn_U-p1eQuWIgJ1gnRw5FGd-EKnlZSivDzY5n3c3UN4SdDsEYNJ326YEtsYrfsBVcYLfQxZF-HJIMCtaPAZqCEBbtCti-_G9baCTSAP9vouB36Bbz6yBOgs6E8jBJh8aBK86ACUOKWJMCRWn643YBcMoAaekPSrGRCHV7gR0fAWP4q027rApC9xOBCJZGrJHIbfIccdS2XuSi6o2skxmc6eA1EnI1g5OGyi8skTbVVsl5Hye7efngLJfPcaKtp5ptaJ-uWD9C7JZQxdChSV7bMSL5Np4gjpEtj36N5Z3ZoArCfAoaXGvfctYAaO2xzRjppcdqFewmxYp9nEQIvarfWVhEGfh8UZkg7L8-Tigc5A2_yL8Q4n0E0u62xmRdN_QtBxvTmnkoAlYoAL0RcZK42AYXKxRwxGmFcpa7tBOuG6vqrAIVpAVke1Flht-VqeJq9aGyoGhgwNpiyyYBo2Cy4yrr7M4gBlwo2hZfSS0kBBP_8_A8_3GT0BrlPanbVHeZYWof_lel_tZM2S8SiV-TeHz_AZEAExGza5UYKbw1ad8c7o5hXc0G-odAOoqRuxd7W0rDOLip7wPnkV3wvO0p357VdIlKsvotKb6YEoJ9WgnxDF4BZ3Awb_cRDHx9vvKUU_KsKY4yXzIm0HmOdot8zybmJ6-guyqxBizZo-rjLyrztsBIasnFHuyD_YwjIAxC7X/https://www.amazon.com/dp/B0FWD99TLX/?_encoding=UTF8&pd_rd_i=B0FWD99TLX&ref_=sbx_be_s_sparkle_ssd_img&qid=1784607259&pd_rd_w=pYDMt&content-id=amzn1.sym.f080d48e-a8e8-4344-8f76-e4fe27e7b530%3Aamzn1.sym.f080d48e-a8e8-4344-8f76-e4fe27e7b530&pf_rd_p=f080d48e-a8e8-4344-8f76-e4fe27e7b530&pf_rd_r=3Y3JQ71F62E3SN5BA84S&pd_rd_wg=x4ssI&pd_rd_r=fb1b0e3d-e2eb-442f-a2d8-f343f0eab669&pd_rd_plhdr=t,"https://m.media-amazon.com/images/I/41HcNj9mNCL._AC_SR250,250_QL65_.jpg",35,排名进入前30。
2026-07-21,amazon_us,product,search,women slides,24,4.2,,,4.2,,,,,,https://aax-us-east-retail-direct.amazon.com/x/c/JO8L7s3qpmVy8cNVawVadw8AAAGfguG8wwEAAAH2AQBvbm9fdHhuX2JpZDQgICBvbm9fdHhuX2ltcDIgICCXDUaH/clv1c_ek-wBHHSJcbYrhdbFAsF6VzhdKoLCB57fJFSMS85HuqthcqdOdSOQ223p9IMoZBxqIkFmCVPP2leHad6BTTbgLj32bVy7scLlq_1S2g4nfTwq9fhPMQl1F0N5uh4BnI83qzNsiJxKEeYskIyByYE6NSFydjclFWiksf4ByWkpE7femkeCBgNj9oY_t5852alEvNhbegXpsvM5WR7u0Gc2EJbnzq1pmI3kIFpS8m8AiqBqzG3WAzt1d7YydKBZop9E0FLqCwaGxJ4wy25hU0hUdunYLnEB0tKAhhlcrfCKbC__KGL00MVrq3qDPijELAaHMZEe2QaDaiu5am4p-Mn_L6vOOJYi2qDDRCeQbTqn1Yi3UsKJwydXKn54s7CZ_vcoeAcv-1pugjX3j_62s3939mdchdzowMjkFt5vao_DtZZ3KOOcr4JD5Ylk3Oknlj3V2K1TC-TJ7oSxzTYNT-VGq398xqWGEAbImefHc3Hmmu-nAVKaa6-y0NXrf311y3yNP9oJBsUl3K1EUWbo3asPU1BBBatjJAMCFc3YzLktIb9a5r_6EfbZxVDgjPJKT_UvwMETMQcKbMv7In-9htauCWNVRkd6vNQjAaQ34NgtIDaftPyl1Cn7Hrl91tTEuqPsqVJUh-HY-C78iUWCUxTWcqxp36uXj_K_UYFkRwqOabArGJ9bLsRbh-HRCj8ALl1k2RgulOmyYD76xccspJh_KhLVlqnx7U971yidZNhfjzOe2ujfRIPgbvfL1gypuwRvDzIWwpnn-iJlEdfW2sv6VIJscCOzZBfeWW3IWkmDedHF5kppTffNbCp_G7pSMenaQQO7VQBq-mu-MK-d1ofzFSSGqWILvISKPlj4UvhPBorOyfzbqkKSjwdDdYAWC75LOBb2AgPnhspQPwZiyUOS6cPkvIDEC6WvlUpLassrTbGGk0DBbW9gwjHard2h5nTUX1_IYyOE364L5cBdGYwHo8xd058x-op5DcoWTmn-zaXF9UfLTPER-7QM_XfR3cKkeYkFPlz0PHG03SBgqn_U-p1eQuWIgJ1gnRw5FGd-EKnlZSivDzY5n3c3UN4SdDsEYNJ326YEtsYrfsBVcYLfQxZF-HJIMCtaPAZqCEBbtCti-_G9baCTSAP9vouB36Bbz6yBOgs6E8jBJh8aBK86ACUOKWJMCRWn643YBcMoAaekPSrGRCHV7gR0fAWP4q027rApC9xOBCJZGrJHIbfIccdS2XuSi6o2skxmc6eA1EnI1g5OGyi8skTbVVsl5Hye7efngLJfPcaKtp5ptaJ-uWD9C7JZQxdChSV7bMSL5Np4gjpEtj36N5Z3ZoArCfAoaXGvfctYAaO2xzRjppcdqFewmxYp9nEQIvarfWVhEGfh8UZkg7L8-Tigc5A2_yL8Q4n0E0u62xmRdN_QtBxvTmnkoAlYoAL0RcZK42AYXKxRwxGmFcpa7tBOuG6vqrAIVpAVke1Flht-VqeJq9aGyoGhgwNpiyyYBo2Cy4yrr7M4gBlwo2hZfSS0kBBP_8_A8_3GT0BrlPanbVHeZYWof_lel_tZM2S8SiV-TeHz_AZEAExGza5UYKbw1ad8c7o5hXc0G-odAOoqRuxd7W0rDOLip7wPnkV3wvO0p357VdIlKsvotKb6YEoJ9WgnxDF4BZ3Awb_cRDHx9vvKUU_KsKY4yXzIm0HmOdot8zybmJ6-guyqxBizZo-rjLyrztsBIasnFHuyD_YwjIAxC7X/https://www.amazon.com/dp/B0FWD9P96Z/?_encoding=UTF8&pd_rd_i=B0FWD9P96Z&ref_=sbx_be_s_sparkle_ssd_img&qid=1784607259&pd_rd_w=pYDMt&content-id=amzn1.sym.f080d48e-a8e8-4344-8f76-e4fe27e7b530%3Aamzn1.sym.f080d48e-a8e8-4344-8f76-e4fe27e7b530&pf_rd_p=f080d48e-a8e8-4344-8f76-e4fe27e7b530&pf_rd_r=3Y3JQ71F62E3SN5BA84S&pd_rd_wg=x4ssI&pd_rd_r=fb1b0e3d-e2eb-442f-a2d8-f343f0eab669&pd_rd_plhdr=t,"https://m.media-amazon.com/images/I/41nqu-+S2LL._AC_SR250,250_QL65_.jpg",35,排名进入前30。
2026-07-21,amazon_us,product,search,women slides,25,4.2,,,4.2,,,,,,https://aax-us-east-retail-direct.amazon.com/x/c/JO8L7s3qpmVy8cNVawVadw8AAAGfguG8wwEAAAH2AQBvbm9fdHhuX2JpZDQgICBvbm9fdHhuX2ltcDIgICCXDUaH/clv1c_ek-wBHHSJcbYrhdbFAsF6VzhdKoLCB57fJFSMS85HuqthcqdOdSOQ223p9IMoZBxqIkFmCVPP2leHad6BTTbgLj32bVy7scLlq_1S2g4nfTwq9fhPMQl1F0N5uh4BnI83qzNsiJxKEeYskIyByYE6NSFydjclFWiksf4ByWkpE7femkeCBgNj9oY_t5852alEvNhbegXpsvM5WR7u0Gc2EJbnzq1pmI3kIFpS8m8AiqBqzG3WAzt1d7YydKBZop9E0FLqCwaGxJ4wy25hU0hUdunYLnEB0tKAhhlcrfCKbC__KGL00MVrq3qDPijELAaHMZEe2QaDaiu5am4p-Mn_L6vOOJYi2qDDRCeQbTqn1Yi3UsKJwydXKn54s7CZ_vcoeAcv-1pugjX3j_62s3939mdchdzowMjkFt5vao_DtZZ3KOOcr4JD5Ylk3Oknlj3V2K1TC-TJ7oSxzTYNT-VGq398xqWGEAbImefHc3Hmmu-nAVKaa6-y0NXrf311y3yNP9oJBsUl3K1EUWbo3asPU1BBBatjJAMCFc3YzLktIb9a5r_6EfbZxVDgjPJKT_UvwMETMQcKbMv7In-9htauCWNVRkd6vNQjAaQ34NgtIDaftPyl1Cn7Hrl91tTEuqPsqVJUh-HY-C78iUWCUxTWcqxp36uXj_K_UYFkRwqOabArGJ9bLsRbh-HRCj8ALl1k2RgulOmyYD76xccspJh_KhLVlqnx7U971yidZNhfjzOe2ujfRIPgbvfL1gypuwRvDzIWwpnn-iJlEdfW2sv6VIJscCOzZBfeWW3IWkmDedHF5kppTffNbCp_G7pSMenaQQO7VQBq-mu-MK-d1ofzFSSGqWILvISKPlj4UvhPBorOyfzbqkKSjwdDdYAWC75LOBb2AgPnhspQPwZiyUOS6cPkvIDEC6WvlUpLassrTbGGk0DBbW9gwjHard2h5nTUX1_IYyOE364L5cBdGYwHo8xd058x-op5DcoWTmn-zaXF9UfLTPER-7QM_XfR3cKkeYkFPlz0PHG03SBgqn_U-p1eQuWIgJ1gnRw5FGd-EKnlZSivDzY5n3c3UN4SdDsEYNJ326YEtsYrfsBVcYLfQxZF-HJIMCtaPAZqCEBbtCti-_G9baCTSAP9vouB36Bbz6yBOgs6E8jBJh8aBK86ACUOKWJMCRWn643YBcMoAaekPSrGRCHV7gR0fAWP4q027rApC9xOBCJZGrJHIbfIccdS2XuSi6o2skxmc6eA1EnI1g5OGyi8skTbVVsl5Hye7efngLJfPcaKtp5ptaJ-uWD9C7JZQxdChSV7bMSL5Np4gjpEtj36N5Z3ZoArCfAoaXGvfctYAaO2xzRjppcdqFewmxYp9nEQIvarfWVhEGfh8UZkg7L8-Tigc5A2_yL8Q4n0E0u62xmRdN_QtBxvTmnkoAlYoAL0RcZK42AYXKxRwxGmFcpa7tBOuG6vqrAIVpAVke1Flht-VqeJq9aGyoGhgwNpiyyYBo2Cy4yrr7M4gBlwo2hZfSS0kBBP_8_A8_3GT0BrlPanbVHeZYWof_lel_tZM2S8SiV-TeHz_AZEAExGza5UYKbw1ad8c7o5hXc0G-odAOoqRuxd7W0rDOLip7wPnkV3wvO0p357VdIlKsvotKb6YEoJ9WgnxDF4BZ3Awb_cRDHx9vvKUU_KsKY4yXzIm0HmOdot8zybmJ6-guyqxBizZo-rjLyrztsBIasnFHuyD_YwjIAxC7X/https://www.amazon.com/dp/B0D755CTLM/?_encoding=UTF8&pd_rd_i=B0D755CTLM&ref_=sbx_be_s_sparkle_ssd_img&qid=1784607259&pd_rd_w=pYDMt&content-id=amzn1.sym.f080d48e-a8e8-4344-8f76-e4fe27e7b530%3Aamzn1.sym.f080d48e-a8e8-4344-8f76-e4fe27e7b530&pf_rd_p=f080d48e-a8e8-4344-8f76-e4fe27e7b530&pf_rd_r=3Y3JQ71F62E3SN5BA84S&pd_rd_wg=x4ssI&pd_rd_r=fb1b0e3d-e2eb-442f-a2d8-f343f0eab669&pd_rd_plhdr=t,"https://m.media-amazon.com/images/I/41sSXhuXCbL._AC_SR250,250_QL65_.jpg",35,排名进入前30。
2026-07-21,amazon_us,product,search,platform sandals women,36,DREAM PAIRS,¥187.13,4.2,DREAM PAIRS,,,,,,https://www.amazon.com/DREAM-PAIRS-Flatform-Platform-Sandals/dp/B07ZZB9VZW/ref=sr_1_20?dib=eyJ2IjoiMSJ9.wIlL_eVtHzMil5mQkgwLsqD11Kg-74ST5tOkpMxE5RWe2zjbOOgkTU8i_DqcCjCusJaeAHAQ4npXapEbK0L9aci6fuO8AwVxULxB3rI_qLJMtUse6dgKCW1sFIzdKiGr_VyE_bPtdq3tDbE37y_hZvQ53jrLqBRbh-w2H7FdkPj0xMK3v5EuB9rCe5FTIPyyXKPkaFrm2eepmvaObGLk2b2HoQmr84O9hp1iLbgFbdlAenn4ubu-8SG-gcFlAmRa8-5A6U5YnLaaL0tvYSICrFNGwAxdVVkz226K5unBUYk.IKOP3Ayd_6i7Msk6g2sKZtOTOS7rGuf-Eu7EfBKVGhg&dib_tag=se&keywords=platform+sandals+women&qid=1784607259&sr=8-20,https://m.media-amazon.com/images/I/7142idevyNL._AC_UL320_.jpg,34,排名进入前50；价格处于人民币等值¥180.00-¥288.00区间；评分达到4.0以上。
2026-07-21,amazon_us,product,search,platform sandals women,41,Coutgo,¥266.26,4.0,Coutgo,,,,,,https://www.amazon.com/Coutgo-Womens-Platform-Sandals-Espadrilles/dp/B0DJVQ5L69/ref=sr_1_25?dib=eyJ2IjoiMSJ9.wIlL_eVtHzMil5mQkgwLsqD11Kg-74ST5tOkpMxE5RWe2zjbOOgkTU8i_DqcCjCusJaeAHAQ4npXapEbK0L9aci6fuO8AwVxULxB3rI_qLJMtUse6dgKCW1sFIzdKiGr_VyE_bPtdq3tDbE37y_hZvQ53jrLqBRbh-w2H7FdkPj0xMK3v5EuB9rCe5FTIPyyXKPkaFrm2eepmvaObGLk2b2HoQmr84O9hp1iLbgFbdlAenn4ubu-8SG-gcFlAmRa8-5A6U5YnLaaL0tvYSICrFNGwAxdVVkz226K5unBUYk.IKOP3Ayd_6i7Msk6g2sKZtOTOS7rGuf-Eu7EfBKVGhg&dib_tag=se&keywords=platform+sandals+women&qid=1784607259&sr=8-25,https://m.media-amazon.com/images/I/71969BHDGrL._AC_UL320_.jpg,34,排名进入前50；价格处于人民币等值¥180.00-¥288.00区间；评分达到4.0以上。
2026-07-21,amazon_us,product,search,women slides,44,Coach,¥684.00,4.6,Coach,,,,,,https://www.amazon.com/Coach-Womens-Udele-Slide-Tan/dp/B07PGQ6GGP/ref=sr_1_27?dib=eyJ2IjoiMSJ9.wrqHnvIFpzxZDCy1gVq3f4lU1Vnrjhi4TbSLsbHbjD0xXo99n1y-JyWu8hO04zMbXwJcFblfA2U_9k5vODoelXxFrwBlEMCufqqufTM1e9nzTYKFANmcsuPIhamKEIiWAOR-WcuTk0B58i7XZVOtOaZL5U7eL8Ee2vaQjJHGQpHJYCgxtylvIttd0iz6DDoVrauGht7763LjiV3mhz-AxMXSMEjzqE2AYdgFTFxPtCysAyzNzGBoyt2d_6131VVD_I-0mVHEGtwwlx8tmi9FKvguRQysp3lchH4RUTeuQvo.WaLif_f2Uq-4e0YoVMAFs-NdV-UEtsjrgMq-06qiTh4&dib_tag=se&keywords=women+slides&qid=1784607259&sr=8-27,https://m.media-amazon.com/images/I/71BQOaIl59L._AC_UL320_.jpg,33,排名进入前50；价格高于人民币等值¥288.00；评分达到4.6以上。
2026-07-21,amazon_us,product,search,women slides,48,Nike,¥396.00,4.6,Nike,,,,,,https://www.amazon.com/Nike-Womens-Slides-Sandal-Sail-Sail/dp/B0F8RWJWPP/ref=sr_1_31?dib=eyJ2IjoiMSJ9.wrqHnvIFpzxZDCy1gVq3f4lU1Vnrjhi4TbSLsbHbjD0xXo99n1y-JyWu8hO04zMbXwJcFblfA2U_9k5vODoelXxFrwBlEMCufqqufTM1e9nzTYKFANmcsuPIhamKEIiWAOR-WcuTk0B58i7XZVOtOaZL5U7eL8Ee2vaQjJHGQpHJYCgxtylvIttd0iz6DDoVrauGht7763LjiV3mhz-AxMXSMEjzqE2AYdgFTFxPtCysAyzNzGBoyt2d_6131VVD_I-0mVHEGtwwlx8tmi9FKvguRQysp3lchH4RUTeuQvo.WaLif_f2Uq-4e0YoVMAFs-NdV-UEtsjrgMq-06qiTh4&dib_tag=se&keywords=women+slides&qid=1784607259&sr=8-31,https://m.media-amazon.com/images/I/51cWuQbsCJL._AC_UL320_.jpg,33,排名进入前50；价格高于人民币等值¥288.00；评分达到4.6以上。
2026-07-21,amazon_us,product,new_releases,New Releases Women Sandals,35,"DREAM PAIRS Women's Kitten Low Heels with Square Open Toe Heeled Sandals, Comfortable Strappy Ankle Shoes for Women 2026 Fashion Dress Party Shoes",,4.2,$35.14,,,,,,https://www.amazon.com/DREAM-PAIRS-Sandals-Comfortable-SDHS26030W/dp/B0GY3J31MK/ref=zg_bsnr_g_679425011_d_sccl_35/141-0238649-4687036?psc=1,"https://images-na.ssl-images-amazon.com/images/I/61n6gngVKOL._AC_UL300_SR300,200_.jpg",30,排名进入前50；标题包含 comfort，符合美国女鞋舒适化趋势；评分达到4.0以上。
2026-07-21,amazon_us,product,search,platform sandals women,34,VICKI·VICKI,¥302.69,4.4,VICKI·VICKI,,,,,,https://www.amazon.com/VICKI%C2%B7VICKI-Womens-Platform-Sandals-Wedge/dp/B08B4VCB7H/ref=sr_1_18?dib=eyJ2IjoiMSJ9.wIlL_eVtHzMil5mQkgwLsqD11Kg-74ST5tOkpMxE5RWe2zjbOOgkTU8i_DqcCjCusJaeAHAQ4npXapEbK0L9aci6fuO8AwVxULxB3rI_qLJMtUse6dgKCW1sFIzdKiGr_VyE_bPtdq3tDbE37y_hZvQ53jrLqBRbh-w2H7FdkPj0xMK3v5EuB9rCe5FTIPyyXKPkaFrm2eepmvaObGLk2b2HoQmr84O9hp1iLbgFbdlAenn4ubu-8SG-gcFlAmRa8-5A6U5YnLaaL0tvYSICrFNGwAxdVVkz226K5unBUYk.IKOP3Ayd_6i7Msk6g2sKZtOTOS7rGuf-Eu7EfBKVGhg&dib_tag=se&keywords=platform+sandals+women&qid=1784607259&sr=8-18,https://m.media-amazon.com/images/I/51Q0yOuTnXL._AC_UL320_.jpg,30,排名进入前50；价格高于人民币等值¥288.00；评分达到4.3以上。
2026-07-21,amazon_us,product,search,platform sandals women,50,REEF,¥575.64,4.4,REEF,,,,,,https://www.amazon.com/REEF-Higher-Womens-Platform-Adjustable/dp/B0D9HYMNMN/ref=sr_1_34?dib=eyJ2IjoiMSJ9.wIlL_eVtHzMil5mQkgwLsqD11Kg-74ST5tOkpMxE5RWe2zjbOOgkTU8i_DqcCjCusJaeAHAQ4npXapEbK0L9aci6fuO8AwVxULxB3rI_qLJMtUse6dgKCW1sFIzdKiGr_VyE_bPtdq3tDbE37y_hZvQ53jrLqBRbh-w2H7FdkPj0xMK3v5EuB9rCe5FTIPyyXKPkaFrm2eepmvaObGLk2b2HoQmr84O9hp1iLbgFbdlAenn4ubu-8SG-gcFlAmRa8-5A6U5YnLaaL0tvYSICrFNGwAxdVVkz226K5unBUYk.IKOP3Ayd_6i7Msk6g2sKZtOTOS7rGuf-Eu7EfBKVGhg&dib_tag=se&keywords=platform+sandals+women&qid=1784607259&sr=8-34,https://m.media-amazon.com/images/I/51WBYuiSZiL._AC_UL320_.jpg,30,排名进入前50；价格高于人民币等值¥288.00；评分达到4.3以上。
2026-07-21,amazon_us,product,new_releases,New Releases Women Sandals,34,"CUSHIONAIRE Fuse Chunky Womens Sandals with Double Buckle Straps and Durable Lug Sole, Casual Platform Sandals Women Footwear",,3.9,$44.98,,,,,,https://www.amazon.com/CUSHIONAIRE-Sandals-Platform-Footwear-TORTOISE/dp/B0H42DJLNP/ref=zg_bsnr_g_679425011_d_sccl_34/141-0238649-4687036?psc=1,"https://images-na.ssl-images-amazon.com/images/I/81J+-tsF-qL._AC_UL300_SR300,200_.jpg",28,排名进入前50；标题包含 platform，符合美国女鞋舒适化趋势。
2026-07-21,amazon_us,product,best_sellers,Best Sellers Women Sandals,34,"CUSHIONAIRE Java Casual Womens Jelly Flats with Adjustable Strap, Closed Toe Mary Janes Mule Design, Waterproof Jelly Sandals for Women",,4.3,$34.98,,,,,,https://www.amazon.com/CUSHIONAIRE-Adjustable-Waterproof-Sandals-CHOCOLATE/dp/B0H4MLLC32/ref=zg_bs_g_679425011_d_sccl_34/141-0238649-4687036?psc=1,"https://images-na.ssl-images-amazon.com/images/I/81iCqxPUX6L._AC_UL300_SR300,200_.jpg",27,排名进入前50；评分达到4.3以上。
2026-07-21,amazon_us,product,best_sellers,Best Sellers Women Sandals,37,REEF Women's Cushion Breeze Flip Flops,,4.4,$31.49,,,,,,https://www.amazon.com/Reef-Womens-Cushion-Breeze-Sandal/dp/B00K2OKHSO/ref=zg_bs_g_679425011_d_sccl_37/141-0238649-4687036?psc=1,"https://images-na.ssl-images-amazon.com/images/I/51nldLdIx5L._AC_UL300_SR300,200_.jpg",27,排名进入前50；评分达到4.3以上。
2026-07-21,amazon_us,product,new_releases,New Releases Women Sandals,36,Ankis White Heels Wedding Shoes for Bride Women Chunky Heels Pearl High Heels Heeled Sandals 4 Inch,,4.3,$34.98,,,,,,https://www.amazon.com/Ankis-Nude-Heels-Chunky-Wedding/dp/B0GS2DR894/ref=zg_bsnr_g_679425011_d_sccl_36/141-0238649-4687036?psc=1,"https://images-na.ssl-images-amazon.com/images/I/61MtWWfVm1L._AC_UL300_SR300,200_.jpg",27,排名进入前50；评分达到4.3以上。
2026-07-21,amazon_us,product,new_releases,New Releases Women Sandals,33,"CUSHIONAIRE Caper Jelly Sandals for Women, Comfortable Womens Slides with Cushioned Footbed and Wide Widths Available",,3.7,$39.99,,,,,,https://www.amazon.com/CUSHIONAIRE-Comfortable-Cushioned-Available-TORTOISE/dp/B0H2FYQ2CX/ref=zg_bsnr_g_679425011_d_sccl_33/141-0238649-4687036?psc=1,"https://images-na.ssl-images-amazon.com/images/I/71RypKvavGL._AC_UL300_SR300,200_.jpg",26,排名进入前50；标题包含 comfort，符合美国女鞋舒适化趋势。
2026-07-21,amazon_us,product,search,platform sandals women,43,Madden Girl,¥393.98,3.9,Madden Girl,,,,,,https://www.amazon.com/Madden-Girl-Womens-Mythicall-Natural/dp/B0CNKPC4Y5/ref=sr_1_27?dib=eyJ2IjoiMSJ9.wIlL_eVtHzMil5mQkgwLsqD11Kg-74ST5tOkpMxE5RWe2zjbOOgkTU8i_DqcCjCusJaeAHAQ4npXapEbK0L9aci6fuO8AwVxULxB3rI_qLJMtUse6dgKCW1sFIzdKiGr_VyE_bPtdq3tDbE37y_hZvQ53jrLqBRbh-w2H7FdkPj0xMK3v5EuB9rCe5FTIPyyXKPkaFrm2eepmvaObGLk2b2HoQmr84O9hp1iLbgFbdlAenn4ubu-8SG-gcFlAmRa8-5A6U5YnLaaL0tvYSICrFNGwAxdVVkz226K5unBUYk.IKOP3Ayd_6i7Msk6g2sKZtOTOS7rGuf-Eu7EfBKVGhg&dib_tag=se&keywords=platform+sandals+women&qid=1784607259&sr=8-27,https://m.media-amazon.com/images/I/71SNHrdlHML._AC_UL320_.jpg,23,排名进入前50；价格高于人民币等值¥288.00。
2026-07-21,amazon_us,product,new_releases,New Releases Women Sandals,38,"CUSHIONAIRE Titan Square Toe Flip Flops for Women, Dressy Slip On Flat Womens Sandals with Cushioned Footbed",,3.9,$39.99,,,,,,https://www.amazon.com/CUSHIONAIRE-Sandals-Cushioned-Footbed-TORTOISE/dp/B0H2WWWGW8/ref=zg_bsnr_g_679425011_d_sccl_38/141-0238649-4687036?psc=1,"https://images-na.ssl-images-amazon.com/images/I/71vL4TDR7VL._AC_UL300_SR300,200_.jpg",20,排名进入前50。
