date,source,data_type,list_type,keyword,rank,title,price,rating,review_count,likes,comments,views,published_at,competition_count,product_url,image_url,hot_score,reason
2026-08-30,amazon_us,product,best_sellers,Best Sellers Women Sandals,25,COFACE Womens Orthopedic Flip Flops Arch Support Yoga Walking Thong Sandals | Fashion Orthotic Ladies Slip On Lightweight Athletic Mat Recovery Cushion With Comfortable Plantar Fasciitis,,4.3,$24.67,,,,,,https://www.amazon.com/COFACE-FlipFlops-Comfortable-Fasciitis-Fantastic/dp/B0BL74DGYW/ref=zg_bs_g_679425011_d_sccl_25/136-6764247-4494531?psc=1,"https://images-na.ssl-images-amazon.com/images/I/61N4A12WSZL._AC_UL600_SR600,400_.jpg",77,排名进入前30；标题包含 recovery、orthopedic、comfort、arch support，符合美国女鞋舒适化趋势；orthopedic + arch support组合趋势加分；评分达到4.3以上。
2026-08-30,amazon_us,product,best_sellers,Best Sellers Women Sandals,5,Project Cloud 100% Genuine Leather Womens Sandals Slides for Women (Venita) | Cork Footbed Sandals for Women with Memory Foam and Arch Support Vacation Essentials Slides Women Footwear Flat Sandals,,4.3,$24.90,,,,,,https://www.amazon.com/Project-Cloud-Comfortable-Essentials-Vacation/dp/B0CNYD3SZ4/ref=zg_bs_g_679425011_d_sccl_5/136-6764247-4494531?psc=1,"https://images-na.ssl-images-amazon.com/images/I/61PPWwEkHDL._AC_UL600_SR600,400_.jpg",76,排名靠前；标题包含 cloud、arch support，符合美国女鞋舒适化趋势；cloud + slides组合趋势加分；评分达到4.3以上。
2026-08-30,amazon_us,product,new_releases,New Releases Women Sandals,7,"MellowSoft Cloud Slides for Women & Men, Thick Shock-Absorbing Sole | Ultra Soft CloudFoam Cushioning Slides, Lightweight Anti-Slip Recovery Sandals for Indoor & Outdoor Comfort",,3.6,$31.20,,,,,,https://www.amazon.com/MellowSoft-Cloud-Slides-CloudFoam-Cushioning/dp/B0H53FBMK7/ref=zg_bsnr_g_679425011_d_sccl_7/133-0227759-4104164?psc=1,"https://images-na.ssl-images-amazon.com/images/I/51DtA9ZHO4L._AC_UL600_SR600,400_.jpg",75,排名靠前；标题包含 cloud、recovery、comfort、soft，符合美国女鞋舒适化趋势；cloud + slides组合趋势加分。
2026-08-30,amazon_us,product,search,platform sandals women,16,Women's Suede Platform Wedge Heel Slide Sandals Y2K Round Open Toe One Strap Slip-On Heeled Sandals Stylish Comfortable Daily Casual Summer Slippers,¥237.53,3.6,"Price, product page $32.99 $ 32 . 99",,,,,,https://www.amazon.com/NBZKBNG-Platform-Sandals-Comfortable-Slippers/dp/B0FXRQXXLG/ref=sr_1_10?dib=eyJ2IjoiMSJ9.JzUv4ofeymwwJhjsgZOiXh_zZiAVCGWUapBv6WR_ZERCIvxZE4zi7HhipvwvwTK0d8_JYSHbOX_y2gCoftSlq_8rL_y0sf4pQjWApHWe6UTcSgg6m2M9Ztp7LbDtFQw6P9DEsFomabnkv8TYDK6MLYU58z2wWCtT65mIq8-q5OzkzCYMOVFtCLpsvdZu-HVjXhYWdtKTdK6trfRrW-XqmKI-xqLpocTyEN0NYH_Sospii--70IJRABDZLydTlII5w2G5ZnqjBWwlGzjAasudECvC3joheeVn3ADUpRK2jYM.06fimQTk8gXgoDCoT12YYxkR-sMQDhqf6Vp9s0Iwrkw&dib_tag=se&keywords=platform+sandals+women&qid=1788070429&sr=8-10,https://m.media-amazon.com/images/I/61psKHoQPtL._AC_UL320_.jpg,75,排名进入前30；价格处于人民币等值¥180.00-¥288.00区间；标题包含 platform、comfort、summer、wedge，符合美国女鞋舒适化趋势；platform + comfort组合趋势加分。
2026-08-30,amazon_us,product,best_sellers,Best Sellers Women Sandals,19,"shevalues Orthopedic Sandals for Women, Arch Support Recovery Flip Flops | Orthotic Pillow Soft Summer Beach Shoes, Comfortable for Plantar Fasciitis",,4.2,$16.17,,,,,,https://www.amazon.com/Orthotic-Pillow-Recovery-Sandals-Support/dp/B09LC836QG/ref=zg_bs_g_679425011_d_sccl_19/136-6764247-4494531?psc=1,"https://images-na.ssl-images-amazon.com/images/I/61o9ArJVVsL._AC_UL600_SR600,400_.jpg",74,排名进入前30；标题包含 recovery、orthopedic、comfort、arch support、soft、beach、summer，符合美国女鞋舒适化趋势；orthopedic + arch support组合趋势加分；评分达到4.0以上。
2026-08-30,amazon_us,product,best_sellers,Best Sellers Women Sandals,4,"Joomra Pillow Slippers for Women and Men Thick Sole Ultra Cushion Slides | Cloud-Like Sole, Quick Drying Shower Shoes, Soft Open Toe Indoor Outdoor Sandals",,4.3,$20.34,,,,,,https://www.amazon.com/Joomra-Slippers-Massage-Bathroom-Platform/dp/B09652VJP1/ref=zg_bs_g_679425011_d_sccl_4/136-6764247-4494531?psc=1,"https://images-na.ssl-images-amazon.com/images/I/71pkhgTTRXL._AC_UL600_SR600,400_.jpg",73,排名靠前；标题包含 cloud、soft，符合美国女鞋舒适化趋势；cloud + slides组合趋势加分；评分达到4.3以上。
2026-08-30,amazon_us,product,best_sellers,Best Sellers Women Sandals,2,KuaiLu Flip Flops for Women with Arch Support Summer Beach Thong Sandals | Comfortable Yoga Mat Walking Shoes Cushion Slip On Casual Outfits Indoor Outdoor,,4.3,$11.99,,,,,,https://www.amazon.com/KuaiLu-Support-Comfortable-Walking-Sandals/dp/B0C5ZRQS2X/ref=zg_bs_g_679425011_d_sccl_2/136-6764247-4494531?psc=1,"https://images-na.ssl-images-amazon.com/images/I/710PdcSAm6L._AC_UL600_SR600,400_.jpg",70,排名靠前；标题包含 comfort、arch support、beach、summer，符合美国女鞋舒适化趋势；评分达到4.3以上。
2026-08-30,amazon_us,product,search,women slides,8,VeraCosy Women's Two-Tone Slippers Soft Comfy Knit Memory Foam Non-slip Indoor Outdoor House Shoes VeraCosy Women's Two-Tone Slippers Soft Comfy Knit Memory Foam Non-slip Indoor Outdoor House Shoes,¥104.40,4.5,4.5,,,,,,https://sponsored-ads.amazon.com/clk/?_encoding=UTF8&p=eAFVUMuK01AYpg7qEOqFLkaou4pdFE6TcyZpmkqQ3DqGdtJLmuJ0czjNOUkzTZM0idPiok8x4MqncO8DuHHjU7gU3LgS7Ij4rT74Lv_Px9HTj7dfvz2oPdJm87E5sAdvBdOaNiqwdRawJNrj_uLSgyavdddev3ON-N5ZmKfjvoxuCq3b19d6wibzCdOmVSijNoJiWxTbwuKeqy9PNWv2xprabu0Z95CyYl2mWa3qOVPLGF049sIy658q3Is7BReM5P4KZyz305iUDEdJHCUML8ugxpENeZ8mbT_d1J8XS-DHpCgiHxwz4OgEGWzcZwn23JZULEG5YhtGgZ_GMfPLKE3ADQJ3x4BPclqAjERJyXLgp0nJkhK91KeaY2JjNBxaxsweOS62naHtWHhozy1sWu5gNho3OlxFePrl18_vPz6b9cd_K49PNJ4gQRBkQYKipEjnMkQnnmv2Toyx0RrUXpm6ZmR9G8jaQd8eEWoHfZLtmRdp_-Oghwd9ctC1PySsV43Q2l9oVphvQ4Y-VLjbyqoss6LH87vdrv1vIj7MeLLjKa8LpjFfSOhKep1RnFOcxSuaq2VzVRDs5ziiqtDcRlSFcrcryIKIlGaRqxBAIBFJ6qBAAQENKBChAIESKBRQuUOIoihd8Rw1I5VkRZPkLFCvnHe-717urye_AZc_vTs&v=c1&r=https%3A%2F%2Fwww.amazon.com%2Fgp%2Faw%2Fd%2FB0DCVZ52Y5%3Fpd_rd_plhdr%3Dt%26hsa_cr_id%3D0%26qid%3D1788070429%26sr%3D1-1-5a5562f9-fdfd-4101-9f9d-d76aa9998432%26i%3Daps%26aref%3DYNuccSMxjQ&ref_=sbx__sbtcd2_asin_0_bkgd&pd_rd_w=S0YPg&content-id=amzn1.sym.90f77631-9599-4fe0-95f8-a40adfe1c762%3Aamzn1.sym.90f77631-9599-4fe0-95f8-a40adfe1c762&pf_rd_p=90f77631-9599-4fe0-95f8-a40adfe1c762&pf_rd_r=2GA954AVCBSMW2TEC24P&pd_rd_wg=jZGHz&pd_rd_r=d8bc5754-66e5-4255-88c4-86883d8d1329,"https://m.media-amazon.com/images/I/81RJZ2gB8sL._AC_SR322,134_CB1169409_QL70_.jpg",70,排名靠前；价格处于人民币等值¥57.60-¥180.00黄金区间；标题包含 soft，符合美国女鞋舒适化趋势；评分达到4.3以上。
2026-08-30,amazon_us,product,search,women slides,10,VeraCosy Women's Two-Tone Slippers Soft Comfy Knit Memory Foam Non-slip Indoor Outdoor House Shoes VeraCosy Women's Two-Tone Slippers Soft Comfy Knit Memory Foam Non-slip Indoor Outdoor House Shoes,¥172.73,4.5,4.5,,,,,,https://sponsored-ads.amazon.com/clk/?_encoding=UTF8&p=eAFVUMuO0lAYDk7USYOXsBgT3GFkQXJoe2gpxTSmN8YGplxK6wybk0PPaelQ2tLWgbjgKSZx5VO49wHcuPEpXJq4cWUiY4zf6ku-y__nY8jpx9uv3x7UHqlzb2IMreElZ5izRoVvnQU0ifZosLhweYNVe2t30L2GbP8szNPJQII3hdobaGstoVNvStVZlZdgG_JCWxDa3OKeoy1PVXP-xpxZTu0Z85DQYl2mWa3q2jNTH5_b1sI06p8qzIs7BRUU5_4KZTT30xiXFEVJHCUULcugxuANfp8mbT_d1J8XS-DHuCgiHxwz4OgEGd-4TxPkOi2xWIJyRTeUAD-NY-qXUZqAGwjujgEf56QAGY6SkubAT5OSJiV8qc1U20D6eDQy9bk1th1k2SPLNtHI8kxkmM5wPp40ukyFe_rl18_vPz4b9cd_K49PNJ5AjuMkTuQFURY7Eg9PXMfon-gTvTWsvTI0Vc8GFpDUg7Y9IlQP2jTbUzdS_8dBCw_a9KCpf0hYr-qhuT9XzTDfhhR-qDC3lVVZZkWfZXe7XfvfRGyYsXjHElbjDN17e-l59uuMoJygLF6RXCmbqwIjP0cRUbjmNiIKL_V6nMQJUG4WucKDDhCxKHZhIIOABAQIPMcDOZAJIFIXY1mWe0IHNiMFZ0UT5zRQrux3vu9c7K-nvwG-Ub2X&v=c1&r=https%3A%2F%2Fwww.amazon.com%2Fgp%2Faw%2Fd%2FB0DCVWXVVN%3Fpd_rd_plhdr%3Dt%26hsa_cr_id%3D0%26qid%3D1788070429%26sr%3D1-3-5a5562f9-fdfd-4101-9f9d-d76aa9998432%26i%3Daps%26aref%3DYNuccSMxjQ&ref_=sbx__sbtcd2_asin_2_bkgd&pd_rd_w=S0YPg&content-id=amzn1.sym.90f77631-9599-4fe0-95f8-a40adfe1c762%3Aamzn1.sym.90f77631-9599-4fe0-95f8-a40adfe1c762&pf_rd_p=90f77631-9599-4fe0-95f8-a40adfe1c762&pf_rd_r=2GA954AVCBSMW2TEC24P&pd_rd_wg=jZGHz&pd_rd_r=d8bc5754-66e5-4255-88c4-86883d8d1329,"https://m.media-amazon.com/images/I/81RJZ2gB8sL._AC_SR322,134_CB1169409_QL70_.jpg",70,排名靠前；价格处于人民币等值¥57.60-¥180.00黄金区间；标题包含 soft，符合美国女鞋舒适化趋势；评分达到4.3以上。
2026-08-30,amazon_us,product,search,women slides,25,Arch Support Slides for Women and Men Recovery House Sandals for Men Soft and Comfortable Summer Beach Shoes Slippers Women,¥71.93,3.8,"Price, product page $9.99 $ 9 . 99 Typical: $14.99 Typical: $14.99 $14.99",,,,,,https://www.amazon.com/SKETOE-Support-Recovery-Comfortable-Slippers/dp/B0GLF1516G/ref=sr_1_18?dib=eyJ2IjoiMSJ9.wrqHnvIFpzxZDCy1gVq3f4ElwLELpfbzk0bZTxBh-O8xXo99n1y-JyWu8hO04zMbFa8OQbtn0tMqy7ERZafXwFluKpYT5fUsQnfJZgwnHb1s-edgEi3MXBSxp9w_9h5ZfOM2nOhRPAPY8SrG9MhuxYzJtmwmge5ImpWt-E-A-L02Ka8CpjUR49Tpw5LNUYRF1Kl6nXsuybKHgBxNIi53dEzNqF_Ha0NZv4P6EqWbn6iQDguAPD7-KDiCpoMzc6snydaAHQdVxmfXx4KogMDeq6dTzFSOiPQsel5lALf6Flk.aw27oKFMAe0Q9Yj5_5HBlNiDVpDsaA2h3Fn3HE8lh00&dib_tag=se&keywords=women+slides&qid=1788070429&sr=8-18,https://m.media-amazon.com/images/I/81ECHpu6ZvL._AC_UL320_.jpg,70,排名进入前30；价格处于人民币等值¥57.60-¥180.00黄金区间；标题包含 recovery、comfort、arch support、soft、beach、summer，符合美国女鞋舒适化趋势。
2026-08-30,amazon_us,product,search,platform sandals women,8,Womens Wedge SIides Sandals Platform Open Toe Slip On Elastic Band Wedges Shoes,¥287.86,4.1,"Price, product page $39.98 $ 39 . 98",,,,,,https://www.amazon.com/sspa/click?ie=UTF8&spc=MTo4ODU3NDMyMjEyMTY2MjAzOjE3ODgwNzA0Mjk6c3Bfc2VhcmNoX3RoZW1hdGljOjMwMTMxNzI0NDc4OTgwMjo6Mzo6&url=%2FMinshluu-Womens-Platform-Lightweight-Sandals%2Fdp%2FB09NJKXW9B%2Fref%3Dsxin_15_pa_sp_search_thematic_sspa%3Fcontent-id%3Damzn1.sym.d12ea098-dcb9-49c6-b8ab-df62d91eb787%253Aamzn1.sym.d12ea098-dcb9-49c6-b8ab-df62d91eb787%26cv_ct_cx%3Dplatform%2Bsandals%2Bwomen%26keywords%3Dplatform%2Bsandals%2Bwomen%26pd_rd_i%3DB09NJKXW9B%26pd_rd_r%3D79c71e27-ad08-491b-813b-4368f67fd5be%26pd_rd_w%3DB5d2D%26pd_rd_wg%3DPSe63%26pf_rd_p%3Dd12ea098-dcb9-49c6-b8ab-df62d91eb787%26pf_rd_r%3DEXSVPXJT44XJJF267WFC%26qid%3D1788070429%26sbo%3DRZvfv%252F%252FHxDF%252BO5021pAnSA%253D%253D%26sr%3D1-4-7efdef4d-9875-47e1-927f-8c2c1c47ed49-spons%26aref%3DtwpwE7WmIB%26sp_csd%3Dd2lkZ2V0TmFtZT1zcF9zZWFyY2hfdGhlbWF0aWM%26psc%3D1&aref=twpwE7WmIB,https://m.media-amazon.com/images/I/61xyWCmTe3L._AC_UL320_.jpg,70,排名靠前；价格处于人民币等值¥180.00-¥288.00区间；标题包含 platform、wedge，符合美国女鞋舒适化趋势；评分达到4.0以上。
2026-08-30,amazon_us,product,new_releases,New Releases Women Sandals,15,IDIFU Platform Chunky Block Strappy Heels Sandals | Slingback Heeled Sandals Thick Open Square Toe Comfortable Dress Shoes for Women Wedding Work Prom Ladies Cute Heel,,4.6,$36.98,,,,,,https://www.amazon.com/IDIFU-Platform-Chunky-Strappy-Sandals/dp/B0H1M792Q6/ref=zg_bsnr_g_679425011_d_sccl_15/133-0227759-4104164?psc=1,"https://images-na.ssl-images-amazon.com/images/I/61zeFLRuxkL._AC_UL600_SR600,400_.jpg",69,排名进入前30；标题包含 platform、comfort，符合美国女鞋舒适化趋势；platform + comfort组合趋势加分；评分达到4.6以上。
2026-08-30,amazon_us,product,search,women summer slippers,29,Womens Comfortable Slides Sandals: Lightweight Soft Cushioned Slip On Flat Sandals - Dressy Summer Shoes for Casual Walking Travel,¥100.73,4.4,"Price, product page $13.99 $ 13 . 99 Typical: $19.99 Typical: $19.99 $19.99",,,,,,https://www.amazon.com/Diarilip-Womens-Comfortable-Slides-Sandals/dp/B0GZN9H21P/ref=sr_1_21?dib=eyJ2IjoiMSJ9.qPzwm2jChb1MKzo9V9PryJpLw6G7NKvibru60kqqosO4cCSrceeW6pNPNBraYHw0pYYp7E6vz5gVVA73vGTXdH0cKUX5kwpjxmZFqf8vtW39U8spBi9qEyld29v4_JH2HvlOLJT6kYIFoM7xTpx5n5wfDuBBKl3IqYz0FHCRZKHjUOPC6PhwcFjZz9AIs6_ODGbtnbR2b3lqlDJDzuLp6vHgoSxGk7_aAmF8Jzfwjlw9dvnKlwMendmIGE3z7tDIKDiRgsdY9QlbH0QD2apzalRCHgxIEbYFwqr3aWEynRI.n4NgrUAHvyf8Xqqrlw74TRiBHJeEBBBErFxsrF41Osw&dib_tag=se&keywords=women+summer+slippers&qid=1788070428&sr=8-21,https://m.media-amazon.com/images/I/81PtNHs+1kL._AC_UL320_.jpg,69,排名进入前30；价格处于人民币等值¥57.60-¥180.00黄金区间；标题包含 comfort、soft、summer，符合美国女鞋舒适化趋势；评分达到4.3以上。
2026-08-30,amazon_us,product,best_sellers,Best Sellers Women Sandals,8,"ODOLY Unisex Comfortable Cork Footbed Slide Sandals with Arch Support | Adjustable Buckle, Lightweight Summer Sandals for Travel and Everyday Wear",,4.5,$17.99,,,,,,https://www.amazon.com/ODOLY-Footbed-Comfortable-Sandals-Adjustable/dp/B0CSMN1X4W/ref=zg_bs_g_679425011_d_sccl_8/136-6764247-4494531?psc=1,"https://images-na.ssl-images-amazon.com/images/I/61iYsM+H9QL._AC_UL600_SR600,400_.jpg",67,排名靠前；标题包含 comfort、arch support、summer，符合美国女鞋舒适化趋势；评分达到4.3以上。
2026-08-30,amazon_us,product,search,women summer slippers,4,GOEWY,¥93.53,4.4,GOEWY,,,,,,https://www.amazon.com/GOEWY-Slippers-Summer-Breathable-Slides/dp/B0GQGLFHFJ/ref=sr_1_1?dib=eyJ2IjoiMSJ9.qPzwm2jChb1MKzo9V9PryJpLw6G7NKvibru60kqqosO4cCSrceeW6pNPNBraYHw0pYYp7E6vz5gVVA73vGTXdH0cKUX5kwpjxmZFqf8vtW39U8spBi9qEyld29v4_JH2HvlOLJT6kYIFoM7xTpx5n5wfDuBBKl3IqYz0FHCRZKHjUOPC6PhwcFjZz9AIs6_ODGbtnbR2b3lqlDJDzuLp6vHgoSxGk7_aAmF8Jzfwjlw9dvnKlwMendmIGE3z7tDIKDiRgsdY9QlbH0QD2apzalRCHgxIEbYFwqr3aWEynRI.n4NgrUAHvyf8Xqqrlw74TRiBHJeEBBBErFxsrF41Osw&dib_tag=se&keywords=women+summer+slippers&qid=1788070428&sr=8-1,https://m.media-amazon.com/images/I/61PJ6PNvlqL._AC_UL320_.jpg,67,排名靠前；价格处于人民币等值¥57.60-¥180.00黄金区间；评分达到4.3以上。
2026-08-30,amazon_us,product,search,women summer slippers,5,GOEWY,¥71.78,4.4,Products highlighted as 'Overall Pick' are:,,,,,,https://www.amazon.com/GOEWY-Slippers-Anti-Skid-Birthday-Bridesmaid/dp/B0DRFQKGW3/ref=sr_1_2?dib=eyJ2IjoiMSJ9.qPzwm2jChb1MKzo9V9PryJpLw6G7NKvibru60kqqosO4cCSrceeW6pNPNBraYHw0pYYp7E6vz5gVVA73vGTXdH0cKUX5kwpjxmZFqf8vtW39U8spBi9qEyld29v4_JH2HvlOLJT6kYIFoM7xTpx5n5wfDuBBKl3IqYz0FHCRZKHjUOPC6PhwcFjZz9AIs6_ODGbtnbR2b3lqlDJDzuLp6vHgoSxGk7_aAmF8Jzfwjlw9dvnKlwMendmIGE3z7tDIKDiRgsdY9QlbH0QD2apzalRCHgxIEbYFwqr3aWEynRI.n4NgrUAHvyf8Xqqrlw74TRiBHJeEBBBErFxsrF41Osw&dib_tag=se&keywords=women+summer+slippers&qid=1788070428&sr=8-2,https://m.media-amazon.com/images/I/71cJmHLWhGL._AC_UL320_.jpg,67,排名靠前；价格处于人民币等值¥57.60-¥180.00黄金区间；评分达到4.3以上。
2026-08-30,amazon_us,product,search,women summer slippers,7,shevalues,¥95.47,4.3,shevalues,,,,,,https://www.amazon.com/Shevalues-Womens-Indoor-Slippers-Cotton/dp/B074HBC1BR/ref=sr_1_4?dib=eyJ2IjoiMSJ9.qPzwm2jChb1MKzo9V9PryJpLw6G7NKvibru60kqqosO4cCSrceeW6pNPNBraYHw0pYYp7E6vz5gVVA73vGTXdH0cKUX5kwpjxmZFqf8vtW39U8spBi9qEyld29v4_JH2HvlOLJT6kYIFoM7xTpx5n5wfDuBBKl3IqYz0FHCRZKHjUOPC6PhwcFjZz9AIs6_ODGbtnbR2b3lqlDJDzuLp6vHgoSxGk7_aAmF8Jzfwjlw9dvnKlwMendmIGE3z7tDIKDiRgsdY9QlbH0QD2apzalRCHgxIEbYFwqr3aWEynRI.n4NgrUAHvyf8Xqqrlw74TRiBHJeEBBBErFxsrF41Osw&dib_tag=se&keywords=women+summer+slippers&qid=1788070428&sr=8-4,https://m.media-amazon.com/images/I/71JYzlHXkPL._AC_UL320_.jpg,67,排名靠前；价格处于人民币等值¥57.60-¥180.00黄金区间；评分达到4.3以上。
2026-08-30,amazon_us,product,search,women summer slippers,8,Litfun,¥136.73,4.3,Litfun,,,,,,https://www.amazon.com/Litfun-Orthopedic-Slippers-Support-Corduroy/dp/B0FH4NQLCJ/ref=sr_1_5?dib=eyJ2IjoiMSJ9.qPzwm2jChb1MKzo9V9PryJpLw6G7NKvibru60kqqosO4cCSrceeW6pNPNBraYHw0pYYp7E6vz5gVVA73vGTXdH0cKUX5kwpjxmZFqf8vtW39U8spBi9qEyld29v4_JH2HvlOLJT6kYIFoM7xTpx5n5wfDuBBKl3IqYz0FHCRZKHjUOPC6PhwcFjZz9AIs6_ODGbtnbR2b3lqlDJDzuLp6vHgoSxGk7_aAmF8Jzfwjlw9dvnKlwMendmIGE3z7tDIKDiRgsdY9QlbH0QD2apzalRCHgxIEbYFwqr3aWEynRI.n4NgrUAHvyf8Xqqrlw74TRiBHJeEBBBErFxsrF41Osw&dib_tag=se&keywords=women+summer+slippers&qid=1788070428&sr=8-5,https://m.media-amazon.com/images/I/71YnbijMiKL._AC_UL320_.jpg,67,排名靠前；价格处于人民币等值¥57.60-¥180.00黄金区间；评分达到4.3以上。
2026-08-30,amazon_us,product,search,women summer slippers,9,LongBay,¥114.62,4.5,LongBay,,,,,,https://www.amazon.com/LongBay-Slippers-Memory-Bedroom-Dual-Strap/dp/B0DP277YRM/ref=sr_1_6?dib=eyJ2IjoiMSJ9.qPzwm2jChb1MKzo9V9PryJpLw6G7NKvibru60kqqosO4cCSrceeW6pNPNBraYHw0pYYp7E6vz5gVVA73vGTXdH0cKUX5kwpjxmZFqf8vtW39U8spBi9qEyld29v4_JH2HvlOLJT6kYIFoM7xTpx5n5wfDuBBKl3IqYz0FHCRZKHjUOPC6PhwcFjZz9AIs6_ODGbtnbR2b3lqlDJDzuLp6vHgoSxGk7_aAmF8Jzfwjlw9dvnKlwMendmIGE3z7tDIKDiRgsdY9QlbH0QD2apzalRCHgxIEbYFwqr3aWEynRI.n4NgrUAHvyf8Xqqrlw74TRiBHJeEBBBErFxsrF41Osw&dib_tag=se&keywords=women+summer+slippers&qid=1788070428&sr=8-6,https://m.media-amazon.com/images/I/71BlGXBbl-L._AC_UL320_.jpg,67,排名靠前；价格处于人民币等值¥57.60-¥180.00黄金区间；评分达到4.3以上。
2026-08-30,amazon_us,product,search,women slides,6,adidas,¥151.20,4.4,adidas,,,,,,https://www.amazon.com/adidas-Unisex-Adilette-Shower-Sandal/dp/B091ZGQF6G/ref=sr_1_2?dib=eyJ2IjoiMSJ9.wrqHnvIFpzxZDCy1gVq3f4ElwLELpfbzk0bZTxBh-O8xXo99n1y-JyWu8hO04zMbFa8OQbtn0tMqy7ERZafXwFluKpYT5fUsQnfJZgwnHb1s-edgEi3MXBSxp9w_9h5ZfOM2nOhRPAPY8SrG9MhuxYzJtmwmge5ImpWt-E-A-L02Ka8CpjUR49Tpw5LNUYRF1Kl6nXsuybKHgBxNIi53dEzNqF_Ha0NZv4P6EqWbn6iQDguAPD7-KDiCpoMzc6snydaAHQdVxmfXx4KogMDeq6dTzFSOiPQsel5lALf6Flk.aw27oKFMAe0Q9Yj5_5HBlNiDVpDsaA2h3Fn3HE8lh00&dib_tag=se&keywords=women+slides&qid=1788070429&sr=8-2,https://m.media-amazon.com/images/I/61CCABduhML._AC_UL320_.jpg,67,排名靠前；价格处于人民币等值¥57.60-¥180.00黄金区间；评分达到4.3以上。
2026-08-30,amazon_us,product,search,platform sandals women,4,Soda,¥172.80,4.5,Products highlighted as 'Overall Pick' are:,,,,,,https://www.amazon.com/Soda-Buckle-Espadrilles-Flatform-Casual/dp/B0C5S26DHB/ref=sr_1_3?dib=eyJ2IjoiMSJ9.JzUv4ofeymwwJhjsgZOiXh_zZiAVCGWUapBv6WR_ZERCIvxZE4zi7HhipvwvwTK0d8_JYSHbOX_y2gCoftSlq_8rL_y0sf4pQjWApHWe6UTcSgg6m2M9Ztp7LbDtFQw6P9DEsFomabnkv8TYDK6MLYU58z2wWCtT65mIq8-q5OzkzCYMOVFtCLpsvdZu-HVjXhYWdtKTdK6trfRrW-XqmKI-xqLpocTyEN0NYH_Sospii--70IJRABDZLydTlII5w2G5ZnqjBWwlGzjAasudECvC3joheeVn3ADUpRK2jYM.06fimQTk8gXgoDCoT12YYxkR-sMQDhqf6Vp9s0Iwrkw&dib_tag=se&keywords=platform+sandals+women&qid=1788070429&sr=8-3,https://m.media-amazon.com/images/I/71q-Jp+UEkL._AC_UL320_.jpg,67,排名靠前；价格处于人民币等值¥57.60-¥180.00黄金区间；评分达到4.3以上。
2026-08-30,amazon_us,product,new_releases,New Releases Women Sandals,11,Project Cloud Platform Sandals Women - Wedge Sandals for Women 2026 (Silly) | Womens Sandals Comfortable with Soft & Plush Insole - Non Slip Beach Essentials Womens Slide - Stylish Women Footwear,,3.6,$32.90,,,,,,https://www.amazon.com/Project-Cloud-Platform-Sandals-Women/dp/B0H27BLYKS/ref=zg_bsnr_g_679425011_d_sccl_11/133-0227759-4104164?psc=1,"https://images-na.ssl-images-amazon.com/images/I/71lcJ5wbS4L._AC_UL600_SR600,400_.jpg",65,排名进入前30；标题包含 cloud、platform、comfort、soft、beach、wedge，符合美国女鞋舒适化趋势；platform + comfort组合趋势加分。
2026-08-30,amazon_us,product,search,platform sandals women,26,"Women's Platform Sandals, Cork Footbed Slides with Double Buckles",¥183.53,4.4,100+ bought in past month,,,,,,https://www.amazon.com/BiuYorBTY-Platform-Sandals-Footbed-Comfort/dp/B0DZ1P3782/ref=sr_1_13?dib=eyJ2IjoiMSJ9.JzUv4ofeymwwJhjsgZOiXh_zZiAVCGWUapBv6WR_ZERCIvxZE4zi7HhipvwvwTK0d8_JYSHbOX_y2gCoftSlq_8rL_y0sf4pQjWApHWe6UTcSgg6m2M9Ztp7LbDtFQw6P9DEsFomabnkv8TYDK6MLYU58z2wWCtT65mIq8-q5OzkzCYMOVFtCLpsvdZu-HVjXhYWdtKTdK6trfRrW-XqmKI-xqLpocTyEN0NYH_Sospii--70IJRABDZLydTlII5w2G5ZnqjBWwlGzjAasudECvC3joheeVn3ADUpRK2jYM.06fimQTk8gXgoDCoT12YYxkR-sMQDhqf6Vp9s0Iwrkw&dib_tag=se&keywords=platform+sandals+women&qid=1788070429&sr=8-13,https://m.media-amazon.com/images/I/716g0SFJuTL._AC_UL320_.jpg,65,排名进入前30；评论数达到50以上；价格处于人民币等值¥180.00-¥288.00区间；标题包含 platform，符合美国女鞋舒适化趋势；评分达到4.3以上。
2026-08-30,amazon_us,product,best_sellers,Best Sellers Women Sandals,1,mazeskin Womens Memory Foam Flip Flops Flat Thong Sandals | Soft Vegan Leather Comfortable Cushioned Casual Dressy Beach Summer Minimalist Slim Slide Shoes Indoor Outdoor,,4.1,$9.48,,,,,,https://www.amazon.com/mazeskin-Womens-Comfortable-Sandals-Leather/dp/B0F32KMZ18/ref=zg_bs_g_679425011_d_sccl_1/136-6764247-4494531?psc=1,"https://images-na.ssl-images-amazon.com/images/I/71jV8GHPNSL._AC_UL600_SR600,400_.jpg",64,排名靠前；标题包含 comfort、soft、beach、summer，符合美国女鞋舒适化趋势；评分达到4.0以上。
2026-08-30,amazon_us,product,best_sellers,Best Sellers Women Sandals,6,CUSHIONAIRE Lane Cork Footbed Womens Sandals Comfortable Double Buckle Slip On Sandals for Women with Arch Support and Classic Two Strap Design,,4.5,$34.99,,,,,,https://www.amazon.com/CUSHIONAIRE-Womens-Slide-Sandals-Brown/dp/B075PBVR9N/ref=zg_bs_g_679425011_d_sccl_6/136-6764247-4494531?psc=1,"https://images-na.ssl-images-amazon.com/images/I/81suZ76XHpL._AC_UL600_SR600,400_.jpg",64,排名靠前；标题包含 comfort、arch support，符合美国女鞋舒适化趋势；评分达到4.3以上。
2026-08-30,amazon_us,product,search,women summer slippers,6,shevalues,¥143.93,4.2,shevalues,,,,,,https://www.amazon.com/shevalues-Summer-Slippers-Support-Breathable/dp/B0BK8PN8CL/ref=sr_1_3?dib=eyJ2IjoiMSJ9.qPzwm2jChb1MKzo9V9PryJpLw6G7NKvibru60kqqosO4cCSrceeW6pNPNBraYHw0pYYp7E6vz5gVVA73vGTXdH0cKUX5kwpjxmZFqf8vtW39U8spBi9qEyld29v4_JH2HvlOLJT6kYIFoM7xTpx5n5wfDuBBKl3IqYz0FHCRZKHjUOPC6PhwcFjZz9AIs6_ODGbtnbR2b3lqlDJDzuLp6vHgoSxGk7_aAmF8Jzfwjlw9dvnKlwMendmIGE3z7tDIKDiRgsdY9QlbH0QD2apzalRCHgxIEbYFwqr3aWEynRI.n4NgrUAHvyf8Xqqrlw74TRiBHJeEBBBErFxsrF41Osw&dib_tag=se&keywords=women+summer+slippers&qid=1788070428&sr=8-3,https://m.media-amazon.com/images/I/71wQ2tOj0+L._AC_UL320_.jpg,64,排名靠前；价格处于人民币等值¥57.60-¥180.00黄金区间；评分达到4.0以上。
2026-08-30,amazon_us,product,search,women slides,5,WHITIN,¥71.93,4.1,Products highlighted as 'Overall Pick' are:,,,,,,https://www.amazon.com/WHITIN-Slippers-Cushioned-Sandals-Lightweight/dp/B0C1C1L7YT/ref=sr_1_1?dib=eyJ2IjoiMSJ9.wrqHnvIFpzxZDCy1gVq3f4ElwLELpfbzk0bZTxBh-O8xXo99n1y-JyWu8hO04zMbFa8OQbtn0tMqy7ERZafXwFluKpYT5fUsQnfJZgwnHb1s-edgEi3MXBSxp9w_9h5ZfOM2nOhRPAPY8SrG9MhuxYzJtmwmge5ImpWt-E-A-L02Ka8CpjUR49Tpw5LNUYRF1Kl6nXsuybKHgBxNIi53dEzNqF_Ha0NZv4P6EqWbn6iQDguAPD7-KDiCpoMzc6snydaAHQdVxmfXx4KogMDeq6dTzFSOiPQsel5lALf6Flk.aw27oKFMAe0Q9Yj5_5HBlNiDVpDsaA2h3Fn3HE8lh00&dib_tag=se&keywords=women+slides&qid=1788070429&sr=8-1,https://m.media-amazon.com/images/I/71nA8egRirL._AC_UL320_.jpg,64,排名靠前；价格处于人民币等值¥57.60-¥180.00黄金区间；评分达到4.0以上。
2026-08-30,amazon_us,product,search,platform sandals women,7,Platform Heels for Women Chunky High Heel Sandals with Ankle Strap,¥338.33,4.4,"Price, product page $46.99 $ 46 . 99 List: $52.99 List: $52.99 $52.99",,,,,,https://www.amazon.com/sspa/click?ie=UTF8&spc=MTo4ODU3NDMyMjEyMTY2MjAzOjE3ODgwNzA0Mjk6c3Bfc2VhcmNoX3RoZW1hdGljOjMwMTM3NTc1NzQyMDgwMjo6Mjo6&url=%2FDumjey-Platform-Sandals-Chunky-Buckle%2Fdp%2FB0CJ96HDTG%2Fref%3Dsxin_15_pa_sp_search_thematic_sspa%3Fcontent-id%3Damzn1.sym.d12ea098-dcb9-49c6-b8ab-df62d91eb787%253Aamzn1.sym.d12ea098-dcb9-49c6-b8ab-df62d91eb787%26cv_ct_cx%3Dplatform%2Bsandals%2Bwomen%26keywords%3Dplatform%2Bsandals%2Bwomen%26pd_rd_i%3DB0CJ96HDTG%26pd_rd_r%3D79c71e27-ad08-491b-813b-4368f67fd5be%26pd_rd_w%3DB5d2D%26pd_rd_wg%3DPSe63%26pf_rd_p%3Dd12ea098-dcb9-49c6-b8ab-df62d91eb787%26pf_rd_r%3DEXSVPXJT44XJJF267WFC%26qid%3D1788070429%26sbo%3DRZvfv%252F%252FHxDF%252BO5021pAnSA%253D%253D%26sr%3D1-3-7efdef4d-9875-47e1-927f-8c2c1c47ed49-spons%26aref%3DnxqvQGaIH3%26sp_csd%3Dd2lkZ2V0TmFtZT1zcF9zZWFyY2hfdGhlbWF0aWM%26psc%3D1&aref=nxqvQGaIH3,https://m.media-amazon.com/images/I/615rKJugv+L._AC_UL320_.jpg,63,排名靠前；价格高于人民币等值¥288.00；标题包含 platform，符合美国女鞋舒适化趋势；评分达到4.3以上。
2026-08-30,amazon_us,product,best_sellers,Best Sellers Women Sandals,29,KuaiLu Flip Flops for Women with Arch Support Summer Beach Thong Sandals | Comfortable Walking Shoes Lightweight Soft Yoga Mat Cushion Floral Outfits Slip On Indoor Outdoor,,4.5,$13.99,,,,,,https://www.amazon.com/KuaiLu-Comfortable-Waterproof-Supportive-Flipflops/dp/B0CTML36SJ/ref=zg_bs_g_679425011_d_sccl_29/136-6764247-4494531?psc=1,"https://images-na.ssl-images-amazon.com/images/I/71FLg8v7ZyL._AC_UL600_SR600,400_.jpg",62,排名进入前30；标题包含 comfort、arch support、soft、beach、summer，符合美国女鞋舒适化趋势；评分达到4.3以上。
2026-08-30,amazon_us,product,search,women summer slippers,1,Chantomoo Slippers for Women Memory Foam House Bedroom Corduroy Bow Crossbands Slipper Shoes Comfy Trendy Gift Slippers Chantomoo Slippers for Women Memory Foam Hous…,¥215.93,4.4,,,,,,,https://aax-us-east-retail-direct.amazon.com/x/c/JKuzEkua-BYhI5ZaK8cFYLEAAAGgUU2AxwEAAAH2AQBvbm9fdHhuX2JpZDEgICBvbm9fdHhuX2ltcDEgICD-w0hy/clv1c_ek-wBQH2KrTWnet7cA9BCergebhWDprk63CmQ1nw3XiVk9aobm2CiPk1Qvq3kLWQdwwfqsgBx6Nc3IHkIJUnW9sUd-GokH4e_uv369rAHewwyp3KbvXiXkPoI_xgtEpRsEfbWM7J38-vZ_kFEeOvrs-XYFyflE2Ke_RRDTKg2e7veG8GGmRlu8EUW6PnlD2_W--EXKPIFBLmyayUB0lDsql6OU5rYCq_2xZuCjj8dZ3ZTVf8jK3j3MhgeuyB0paw9sQ986bQqX4tN8VIBAt0vWvrxyDh7dlM6mzBMCRpvtdarhav_dxPItnRYhLovpQWcUF9xNs0kf3AsdhKz4oP5BJG12c4LqwvmGM5jVsMR5SMZcP0XZoS0Vi-y1nUH4SXDD7kE5feaWE3pg0sSVIO_BlTJV8wDNa5e-bDpgl3owdhFShlOztP4yoy7dWBvQnV59rguwkWa9CKeTJGCAvUgGArTp4NBeqwkkT8Ac7LZUM9psfmle_ZndHxnNNLfWyyP9R6pcLSuWKindNPqvRZsgcMUQmmnLApQO50ZdTICxf9QrJz_BvP_mUVhyZaGXXSpRwFXFn9SOSv6zE7yInTvbow4hKyXFrNARg6FlgSsDPF30mWWaxn2FZ4iFGZIPl0O1KG4Kkf1vhGb9RKu5XpQdUQ3pjnIFC4zvDMWlRjPSaw2n3MGGu2undILxJbTsje06CbXSTBll921mhaSZw9-AXE_azCnoC5vImUW7R85W06bwNFtt-_joHPq8ar7jTdSDkXCLvrkoQ4Y7OyHnbDndMdP7aorc1oQ-CLRY_N5euCfJzSzDcSGBF0ko14M2J8tuDLWSOsR9jeq6x4_dvFjFVI2DKjN0GrIu1ilSgJ9ymlUtpESUJ32JKn9kecxc-alo8-dpuyJdV0v_2Vc1TPYeYvIZmMA2JUUTS0RBgTLL5suSGtvL4eO5qbRtDvFK29ZXyV1Sj1OhuvkYh588fkE0tmcv434YSW3wpU-UtuZsHAGavVFHfEOQ1xXwLixh0CBWb1Ie6rN6gvFLXV3xQNaLMhdmL_ptVH5ZKSHyT3AmtzhDa9uzsGNJax7-XZ9nwKU5dBkokBF-cqDvyDRBwvTnIL4RwOyDkDB_4IqBxplZtJCF_nx0A-rfSQlk6G6ltBmYpDHBKnivZ2xGPmCQ1Q8lZSPJ2JNfX5TmY0FI4JR5VduJIVpMiaAzvx4aU53d-K9Yi07Z5MU4vQvxrxMYhh9b2hkrZ42FsLm1w3s88JX5eWT98nl_oXJ9cMEMTEAF5gzVT2ENGOqJD9jxTc7LjOsiF5WIEcMw7l18nZiACrIsiKFP4qL2YGTUGG6VFQ71jOpfj4XFVx7l3A8axsKRg-3BdF9sH65m6DNoOCvyYuE5fnoKwWwjiysftOyxCiSYwF_Yw95fM53ER_hJZkzLZChhTSxWCOVT6NL9zYQ5E6NWZZoE_dmJEevgVM6PpdjGkdoXdhe_ZoRI5mPjI8vsauhBa0qQnChXR-vYLjtHbsEFN3vsXOp2JDdJuhZnxBWklZDZQy-RRSN6VNmObLgtMXOkJAPuR0c1FgRZgh7_j_pkYo1OAvlOkCwv3CRDOEmarZB-qgFn7idwyzCxLej5Rs7JLuMguGQBuDmu4DJli9eAsWo2x3hrb619Ekbs7Y8N-DTqluDEPzSrmQzxEZBv8sCcLB/https://www.amazon.com/gp/aw/d/B0C7H38YBT/?_encoding=UTF8&pd_rd_plhdr=t&aaxitk=e1dc8951dc6a869de52e94b8a9c6e0fe&hsa_cr_id=0&qid=1788070428&sr=1-1-9e67e56a-6f64-441f-a281-df67fc737124&i=aps&aref=qwdxKUM9Cs&ref_=sbx_s_sparkle_sbtcd_asin_0_bkgd&pd_rd_w=qEvoQ&content-id=amzn1.sym.8de9b3d5-f5c5-40e9-9b39-d65f08d6ea68%3Aamzn1.sym.8de9b3d5-f5c5-40e9-9b39-d65f08d6ea68&pf_rd_p=8de9b3d5-f5c5-40e9-9b39-d65f08d6ea68&pf_rd_r=Q5TMBEHG2B7T1RPYM3ED&pd_rd_wg=t0yhk&pd_rd_r=30ef601f-396f-4ffa-8aff-3f79a5d0ee41,"https://m.media-amazon.com/images/I/711Z9Ju3AqL._AC_SR160,134_CB1169409_QL70_.jpg",62,排名靠前；价格处于人民币等值¥180.00-¥288.00区间；评分达到4.3以上。
2026-08-30,amazon_us,product,search,women summer slippers,3,Chantomoo Slippers for Women Memory Foam House Bedroom Corduroy Bow Crossbands Slipper Shoes Comfy Trendy Gift Slippers Chantomoo Slippers for Women Memory Foam Hous…,¥287.93,4.4,,,,,,,https://aax-us-east-retail-direct.amazon.com/x/c/JKuzEkua-BYhI5ZaK8cFYLEAAAGgUU2AxwEAAAH2AQBvbm9fdHhuX2JpZDEgICBvbm9fdHhuX2ltcDEgICD-w0hy/clv1c_ek-wBQH2KrTWnet7cA9BCergebhWDprk63CmQ1nw3XiVk9aobm2CiPk1Qvq3kLWQdwwfqsgBx6Nc3IHkIJUnW9sUd-GokH4e_uv369rAHewwyp3KbvXiXkPoI_xgtEpRsEfbWM7J38-vZ_kFEeOvrs-XYFyflE2Ke_RRDTKg2e7veG8GGmRlu8EUW6PnlD2_W--EXKPIFBLmyayUB0lDsql6OU5rYCq_2xZuCjj8dZ3ZTVf8jK3j3MhgeuyB0paw9sQ986bQqX4tN8VIBAt0vWvrxyDh7dlM6mzBMCRpvtdarhav_dxPItnRYhLovpQWcUF9xNs0kf3AsdhKz4oP5BJG12c4LqwvmGM5jVsMR5SMZcP0XZoS0Vi-y1nUH4SXDD7kE5feaWE3pg0sSVIO_BlTJV8wDNa5e-bDpgl3owdhFShlOztP4yoy7dWBvQnV59rguwkWa9CKeTJGCAvUgGArTp4NBeqwkkT8Ac7LZUM9psfmle_ZndHxnNNLfWyyP9R6pcLSuWKindNPqvRZsgcMUQmmnLApQO50ZdTICxf9QrJz_BvP_mUVhyZaGXXSpRwFXFn9SOSv6zE7yInTvbow4hKyXFrNARg6FlgSsDPF30mWWaxn2FZ4iFGZIPl0O1KG4Kkf1vhGb9RKu5XpQdUQ3pjnIFC4zvDMWlRjPSaw2n3MGGu2undILxJbTsje06CbXSTBll921mhaSZw9-AXE_azCnoC5vImUW7R85W06bwNFtt-_joHPq8ar7jTdSDkXCLvrkoQ4Y7OyHnbDndMdP7aorc1oQ-CLRY_N5euCfJzSzDcSGBF0ko14M2J8tuDLWSOsR9jeq6x4_dvFjFVI2DKjN0GrIu1ilSgJ9ymlUtpESUJ32JKn9kecxc-alo8-dpuyJdV0v_2Vc1TPYeYvIZmMA2JUUTS0RBgTLL5suSGtvL4eO5qbRtDvFK29ZXyV1Sj1OhuvkYh588fkE0tmcv434YSW3wpU-UtuZsHAGavVFHfEOQ1xXwLixh0CBWb1Ie6rN6gvFLXV3xQNaLMhdmL_ptVH5ZKSHyT3AmtzhDa9uzsGNJax7-XZ9nwKU5dBkokBF-cqDvyDRBwvTnIL4RwOyDkDB_4IqBxplZtJCF_nx0A-rfSQlk6G6ltBmYpDHBKnivZ2xGPmCQ1Q8lZSPJ2JNfX5TmY0FI4JR5VduJIVpMiaAzvx4aU53d-K9Yi07Z5MU4vQvxrxMYhh9b2hkrZ42FsLm1w3s88JX5eWT98nl_oXJ9cMEMTEAF5gzVT2ENGOqJD9jxTc7LjOsiF5WIEcMw7l18nZiACrIsiKFP4qL2YGTUGG6VFQ71jOpfj4XFVx7l3A8axsKRg-3BdF9sH65m6DNoOCvyYuE5fnoKwWwjiysftOyxCiSYwF_Yw95fM53ER_hJZkzLZChhTSxWCOVT6NL9zYQ5E6NWZZoE_dmJEevgVM6PpdjGkdoXdhe_ZoRI5mPjI8vsauhBa0qQnChXR-vYLjtHbsEFN3vsXOp2JDdJuhZnxBWklZDZQy-RRSN6VNmObLgtMXOkJAPuR0c1FgRZgh7_j_pkYo1OAvlOkCwv3CRDOEmarZB-qgFn7idwyzCxLej5Rs7JLuMguGQBuDmu4DJli9eAsWo2x3hrb619Ekbs7Y8N-DTqluDEPzSrmQzxEZBv8sCcLB/https://www.amazon.com/gp/aw/d/B0FRZFL2QW/?_encoding=UTF8&pd_rd_plhdr=t&aaxitk=e1dc8951dc6a869de52e94b8a9c6e0fe&hsa_cr_id=0&qid=1788070428&sr=1-3-9e67e56a-6f64-441f-a281-df67fc737124&i=aps&aref=qwdxKUM9Cs&ref_=sbx_s_sparkle_sbtcd_asin_2_bkgd&pd_rd_w=qEvoQ&content-id=amzn1.sym.8de9b3d5-f5c5-40e9-9b39-d65f08d6ea68%3Aamzn1.sym.8de9b3d5-f5c5-40e9-9b39-d65f08d6ea68&pf_rd_p=8de9b3d5-f5c5-40e9-9b39-d65f08d6ea68&pf_rd_r=Q5TMBEHG2B7T1RPYM3ED&pd_rd_wg=t0yhk&pd_rd_r=30ef601f-396f-4ffa-8aff-3f79a5d0ee41,"https://m.media-amazon.com/images/I/71Ku9McB09L._AC_SR160,134_CB1169409_QL70_.jpg",62,排名靠前；价格处于人民币等值¥180.00-¥288.00区间；评分达到4.3以上。
2026-08-30,amazon_us,product,search,platform sandals women,5,vodvob,¥237.53,4.5,vodvob,,,,,,https://www.amazon.com/sspa/click?ie=UTF8&spc=MTo4ODU3NDMyMjEyMTY2MjAzOjE3ODgwNzA0Mjk6c3Bfc2VhcmNoX3RoZW1hdGljOjMwMTQxNjUzMjkzMzEwMjo6MDo6&url=%2Fvodvob-Platform-Sandals-Adjustable-Flatform%2Fdp%2FB0CW8NW18F%2Fref%3Dsxin_15_pa_sp_search_thematic_sspa%3Fcontent-id%3Damzn1.sym.d12ea098-dcb9-49c6-b8ab-df62d91eb787%253Aamzn1.sym.d12ea098-dcb9-49c6-b8ab-df62d91eb787%26cv_ct_cx%3Dplatform%2Bsandals%2Bwomen%26keywords%3Dplatform%2Bsandals%2Bwomen%26pd_rd_i%3DB0CW8NW18F%26pd_rd_r%3D79c71e27-ad08-491b-813b-4368f67fd5be%26pd_rd_w%3DB5d2D%26pd_rd_wg%3DPSe63%26pf_rd_p%3Dd12ea098-dcb9-49c6-b8ab-df62d91eb787%26pf_rd_r%3DEXSVPXJT44XJJF267WFC%26qid%3D1788070429%26sbo%3DRZvfv%252F%252FHxDF%252BO5021pAnSA%253D%253D%26sr%3D1-1-7efdef4d-9875-47e1-927f-8c2c1c47ed49-spons%26aref%3DteU8WoZ7DE%26sp_csd%3Dd2lkZ2V0TmFtZT1zcF9zZWFyY2hfdGhlbWF0aWM%26psc%3D1&aref=teU8WoZ7DE,https://m.media-amazon.com/images/I/61UUNMnL9hL._AC_UL320_.jpg,62,排名靠前；价格处于人民币等值¥180.00-¥288.00区间；评分达到4.3以上。
2026-08-30,amazon_us,product,search,platform sandals women,10,DREAM PAIRS,¥287.93,4.4,DREAM PAIRS,,,,,,https://www.amazon.com/DREAM-PAIRS-Adjustable-Lightweight-Waterproof/dp/B0G1RBS19X/ref=sr_1_4?dib=eyJ2IjoiMSJ9.JzUv4ofeymwwJhjsgZOiXh_zZiAVCGWUapBv6WR_ZERCIvxZE4zi7HhipvwvwTK0d8_JYSHbOX_y2gCoftSlq_8rL_y0sf4pQjWApHWe6UTcSgg6m2M9Ztp7LbDtFQw6P9DEsFomabnkv8TYDK6MLYU58z2wWCtT65mIq8-q5OzkzCYMOVFtCLpsvdZu-HVjXhYWdtKTdK6trfRrW-XqmKI-xqLpocTyEN0NYH_Sospii--70IJRABDZLydTlII5w2G5ZnqjBWwlGzjAasudECvC3joheeVn3ADUpRK2jYM.06fimQTk8gXgoDCoT12YYxkR-sMQDhqf6Vp9s0Iwrkw&dib_tag=se&keywords=platform+sandals+women&qid=1788070429&sr=8-4,https://m.media-amazon.com/images/I/61VKPpZxLML._AC_UL320_.jpg,62,排名靠前；价格处于人民币等值¥180.00-¥288.00区间；评分达到4.3以上。
2026-08-30,amazon_us,product,best_sellers,Best Sellers Women Sandals,3,"Archies Arch Support Flip Flops for Men & Women – Orthotic Sandals for Plantar Fasciitis Relief – Lightweight, Cushioning, Shock-Absorbing Thong Sandals for Walking, Foot Pain & All-Day Comfort",,4.2,$40.00,,,,,,https://www.amazon.com/Archies-Womens-Arch-Support-Black/dp/B086SYFKLP/ref=zg_bs_g_679425011_d_sccl_3/136-6764247-4494531?psc=1,"https://images-na.ssl-images-amazon.com/images/I/81xintmVcHL._AC_UL600_SR600,400_.jpg",61,排名靠前；标题包含 comfort、arch support，符合美国女鞋舒适化趋势；评分达到4.0以上。
2026-08-30,amazon_us,product,new_releases,New Releases Women Sandals,9,mazeskin Womens Soft Jelly Flip Flops Square Thong Sandals | Waterproof Beach Pool Vacation Summer Non Slip Splash Flexible Casual Transparent Crystal Clear Shoes,,4.3,$9.99,,,,,,https://www.amazon.com/mazeskin-Womens-Jelly-Square-Sandals/dp/B0H4P7PPPN/ref=zg_bsnr_g_679425011_d_sccl_9/133-0227759-4104164?psc=1,"https://images-na.ssl-images-amazon.com/images/I/71h3ePK+YmL._AC_UL600_SR600,400_.jpg",61,排名靠前；标题包含 soft、beach、summer，符合美国女鞋舒适化趋势；评分达到4.3以上。
2026-08-30,amazon_us,product,search,women slides,1,"CUSHIONAIRE Caper Jelly Sandals for Women, Comfortable Womens Slides with Cushioned Footbed and Wide Widths Available CUSHIONAIRE Caper Jelly Sandals for Women, Comfor…",¥287.93,3.7,,,,,,,https://aax-us-east-retail-direct.amazon.com/x/c/JM6fgtiO3NCTVaTe2RfEbQsAAAGgUU2DvQEAAAH2AQBvbm9fdHhuX2JpZDcgICBvbm9fdHhuX2ltcDIgICDXUbXD/clv1c_ek-wBPHTKsbUTg1lAkl1bUGX8gPA-b5biFooN_4xr4fk8PfiNg6Vwoo1xQ-mpOzC_gr3ELAIBSQrHhQorKyNNuzkp2ZFSGhX_e_uDgjE5IouanPsJ9GXYVV54fx8llKwM9rwIXKKiSBht7RNRAqNbtf7oNj8llXisrD4j3Wsyp83CSoelwV6KuiuOV2KiMV_O-tK8YJJN0eKU-DbompwUoA5lci_Qwpy159AOl39iA6oaKebSExkV3T-xW7nBt-ZPiarMl8yC-_FNljKGln2kZE5S8l_pktW5tR-V5tT2tvl9PBrXlQVeZBiHLzlonGYsoXskuEJO7fk9TL7gU9Xuc-o4JDA4E4tpplXaoBk9Rpm8hfEdJSfa6dkzI6S8ZOE0I-00h9Y4w7KXxhAZIDcCKIQc-PyQWFbUmo13y6zJqaZNAkP7dBlgGyESmf_XFm3HvTHe1ZPaHYXliOES7ptqpBHHlQ0Q1nBc6E3z8JP2Pp1lIIBCWoNOfe6-ta0rv1YzBL7CKPZlnUT6bws3QzdtJm_px8xfrvqyt3sQ83oFarP1huQvQNI07pa_v6gfh7QITdC9zgzJrjBQoUwHr0nRQCp7-_iJpuuMIsFXMKjkg7p8KzeH5iPUCrAz4vmPCqf2oBMaH9QYZEYCn4lKU-lCP_QRNKOiWQqJ4RZimpxWUUarWjTuR6IkdHl3Gj40tlYX_p78mcyLcau4gaxv4N-WLkW1uiPHc0-lC-71Mf-GW4nLogBKPGEEERp0pSFj-Lx92Iq_6-a6LTT-iODd3f2jZEr6NbxetadSeWkPdRoCt8jeeISVW2gP1JQpOp0DYN0F-3elfRE7Zjvi9tebwO94I7JYmfTn_9XE6Fq9PYp0xkEdIGBQdpeaaWYJnzVuDYMF1AfSuThxpmBB33cWkweAwpDx69lGHqVUeRvWsUXTSR6Tl13GIcImH5jjgeJ2qoiUiUOWayq4oQcfxGeP9NmISuCZ1ol0pWspg2Lm39lQSDFLxO7gQri7ejA0Woj33hSCoqC7DB4yLCBvHL7lNBawuNRtfZbD2REUQIBcIIvGO4odYpIxkWWusIqN_A_RUHjBQ8NiRE8mMKk586BqhbM2jbJG4Wv2D0bBrzLBwE0VnUYMepUu3RGGPqyvZUSuCRD9l3IPBkEthi-AhQX7Ebw6wCbGlnq3wuzS51pjTZV8lZZ8F_s7pO7nuYr9Xl-rllBLlt_it8m0xinZ1lQi4XXCmyXF4GO2qM-uDkQrgtdlEXVarbpiSTApPdoFlpRQcrvlM9ksJ1iURmI4D6PtcK-q8ZqQ1FxstyjMdu4B9QqskvXvzORMvHvFGhC4GsFhDu8IzRNwvjfEVc5n8nhudPuaj7xSIu30MWkMujoutuEHmpJ-azgLSqx31QIsefDiqIDVo9-hNaHpa3yBwnz2zSyzccX0jW-olSmruKA0zyt3lGqOtAA0KfAiXo6zuU02dNBEP-b-uFmOlRMPlf-bawuMJpjCYj8GnhsdbnVPvvSZQfxB-6mlAsKBPaODwFlPshOcDncdb9TKNbzA4DkKOOFcsr1rvw08xM6PM9MjpPrjBMBxj_35DKdwbWcHA49gLODv4RkwrqY8dja_NJWlNYaumXCvGS1FZk4oXLxQEzY5mpbosex1bW2N9FBLbqxiQZ1fmX8sffiAMmlwMgYGt27k5oa2EVd0X-Ja_ASTRPeYPdkMiDCKyYyMw/https://www.amazon.com/gp/aw/d/B0GXKGN18S/?_encoding=UTF8&pd_rd_plhdr=t&aaxitk=778bc9921244a23997b1419a5dc6c56a&hsa_cr_id=0&qid=1788070429&sr=1-1-9e67e56a-6f64-441f-a281-df67fc737124&i=aps&aref=o9OwpMLhJ9&ref_=sbx_s_sparkle_sbtcd_asin_0_bkgd&pd_rd_w=92w0F&content-id=amzn1.sym.8de9b3d5-f5c5-40e9-9b39-d65f08d6ea68%3Aamzn1.sym.8de9b3d5-f5c5-40e9-9b39-d65f08d6ea68&pf_rd_p=8de9b3d5-f5c5-40e9-9b39-d65f08d6ea68&pf_rd_r=2GA954AVCBSMW2TEC24P&pd_rd_wg=0fzvx&pd_rd_r=afddd0be-d99e-465f-815c-82c84cdec0c9,"https://m.media-amazon.com/images/I/714Pi6V+FzL._AC_SR160,134_CB1169409_QL70_.jpg",61,排名靠前；价格处于人民币等值¥180.00-¥288.00区间；标题包含 comfort，符合美国女鞋舒适化趋势。
2026-08-30,amazon_us,product,best_sellers,Best Sellers Women Sandals,27,ONCAI Women's Flip Flops Comfortable Arch Support Yoga Mat Summer Beach Walking Thong Cushion Sandals Ladies Outdoor Vacation Essentials Slide Shoes Rubber Soles US Size 5-11,,4.3,$13.99,,,,,,https://www.amazon.com/ONCAI-Support-Athletic-Orthotic-Fasciitis/dp/B0D2292JM9/ref=zg_bs_g_679425011_d_sccl_27/136-6764247-4494531?psc=1,"https://images-na.ssl-images-amazon.com/images/I/71iVIX1IyIL._AC_UL600_SR600,400_.jpg",60,排名进入前30；标题包含 comfort、arch support、beach、summer，符合美国女鞋舒适化趋势；评分达到4.3以上。
2026-08-30,amazon_us,product,new_releases,New Releases Women Sandals,10,Project Cloud Square Toe Flip Flops For Women-Sandals Women | Womens Flip Flop with Memory Foam Insole Beach Essentials Womens Sandals-Thong Sandals Women Footwear-Square Toe Sandals,,4.1,$29.90,,,,,,https://www.amazon.com/Project-Cloud-Square-Flops-Women-Sandals/dp/B0GY5Y8N35/ref=zg_bsnr_g_679425011_d_sccl_10/133-0227759-4104164?psc=1,"https://images-na.ssl-images-amazon.com/images/I/71nllf30glL._AC_UL600_SR600,400_.jpg",60,排名靠前；标题包含 cloud、beach，符合美国女鞋舒适化趋势；评分达到4.0以上。
2026-08-30,amazon_us,product,search,women summer slippers,15,"shevalues Summer House Slippers for Women Men Waffle Indoor Slippers | Breathable Open toe Home Shoes, Memory Foam Slip-on Washable Bedroom Slides shevalues Summer House Slippers for Women Men Waffle Indoor Slippers | Breathable Open toe Home…",¥122.26,4.3,4.3,,,,,,https://sponsored-ads.amazon.com/clk/?_encoding=UTF8&p=eAFVUMuK01AYpg7qEOqFLkaou4pdFE5zmTZpKkFyOY6ZZtJp09aZ2RxOzzlJw-TWnGCriz7FgBuXvoD4CD6AG_EZBF9CsCPit_rgu_w_n0APP958-36v8cCcLc6dkTu6kBw4bdXkzlHIsniLUugGUHw3zme8IlkSDY-kxeni2guViEzO1DfqmRmVaRRN67KmdBW51-31utLVncBaHppw9hpO3aDxRLhPGb-u8qJRn_tTaI9PfPcKOs0vNeHZrYI4wyVZoYKVJE9wxVCcJXHG0LIKGwJO8fs865I8bT7lS0ASzHlMwD4D9k5QyK27LEPzoNPnS1CtWMooIHmSMFLFeQbeKuD2GCC4pBwUOM4qVgKSZxXLKuW5NTV9B9ljz4P2zB37AXJ9z_Uh8twFRA4MRrPxeUsVatLjH59__vr01Wk-_Fu5f6L1SJEkSddkXe0PVFWTlYN54AwP7HO7M2q8cCzTLl65QDN31nqPyNxZk2LL5pfm_9hZ0c6a7CzzD4madTuC2xMTRuU6YsqHmnBTW1VVwYeiuNlsuv8mEqNCxBuRipakB97kVD3WXhYUlRQVyYqWRtVecYxIiWJqSO11TA1ZGwwkTeopgzYvDRnIoI_7fVUJdRDSkIKeLMlAD3UKqKZirOv6oHestGMDF7yNSxYac5jaxdq-dNPf7Hy9vQ&v=c1&r=https%3A%2F%2Fwww.amazon.com%2Fgp%2Faw%2Fd%2FB09SLQJ637%3Fpd_rd_plhdr%3Dt%26hsa_cr_id%3D0%26qid%3D1788070428%26sr%3D1-1-5a5562f9-fdfd-4101-9f9d-d76aa9998432%26i%3Daps%26aref%3DUEmCpqCYIm&ref_=sbx__sbtcd2_asin_0_bkgd&pd_rd_w=TfAsu&content-id=amzn1.sym.90f77631-9599-4fe0-95f8-a40adfe1c762%3Aamzn1.sym.90f77631-9599-4fe0-95f8-a40adfe1c762&pf_rd_p=90f77631-9599-4fe0-95f8-a40adfe1c762&pf_rd_r=Q5TMBEHG2B7T1RPYM3ED&pd_rd_wg=FAt3s&pd_rd_r=e0b4a5a7-ba7d-4d69-9194-4eea1b802202,"https://m.media-amazon.com/images/I/81-CmH5PjYL._AC_SR322,134_CB1169409_QL70_.jpg",60,排名进入前30；价格处于人民币等值¥57.60-¥180.00黄金区间；标题包含 summer，符合美国女鞋舒适化趋势；评分达到4.3以上。
2026-08-30,amazon_us,product,search,platform sandals women,3,Project Cloud,¥323.28,4.2,Project Cloud,,,,,,https://www.amazon.com/Project-Cloud-Platform-Sandals-Footwear/dp/B0DR3K9KR4/ref=sr_1_2?dib=eyJ2IjoiMSJ9.JzUv4ofeymwwJhjsgZOiXh_zZiAVCGWUapBv6WR_ZERCIvxZE4zi7HhipvwvwTK0d8_JYSHbOX_y2gCoftSlq_8rL_y0sf4pQjWApHWe6UTcSgg6m2M9Ztp7LbDtFQw6P9DEsFomabnkv8TYDK6MLYU58z2wWCtT65mIq8-q5OzkzCYMOVFtCLpsvdZu-HVjXhYWdtKTdK6trfRrW-XqmKI-xqLpocTyEN0NYH_Sospii--70IJRABDZLydTlII5w2G5ZnqjBWwlGzjAasudECvC3joheeVn3ADUpRK2jYM.06fimQTk8gXgoDCoT12YYxkR-sMQDhqf6Vp9s0Iwrkw&dib_tag=se&keywords=platform+sandals+women&qid=1788070429&sr=8-2,https://m.media-amazon.com/images/I/71lJvDGljyL._AC_UL320_.jpg,60,排名靠前；价格高于人民币等值¥288.00；标题包含 cloud，符合美国女鞋舒适化趋势；评分达到4.0以上。
2026-08-30,amazon_us,product,search,platform sandals women,2,CUSHIONAIRE,¥287.93,4.0,CUSHIONAIRE,,,,,,https://www.amazon.com/CUSHIONAIRE-Womens-platform-sandal-Memory/dp/B09M96YX6M/ref=sr_1_1?dib=eyJ2IjoiMSJ9.JzUv4ofeymwwJhjsgZOiXh_zZiAVCGWUapBv6WR_ZERCIvxZE4zi7HhipvwvwTK0d8_JYSHbOX_y2gCoftSlq_8rL_y0sf4pQjWApHWe6UTcSgg6m2M9Ztp7LbDtFQw6P9DEsFomabnkv8TYDK6MLYU58z2wWCtT65mIq8-q5OzkzCYMOVFtCLpsvdZu-HVjXhYWdtKTdK6trfRrW-XqmKI-xqLpocTyEN0NYH_Sospii--70IJRABDZLydTlII5w2G5ZnqjBWwlGzjAasudECvC3joheeVn3ADUpRK2jYM.06fimQTk8gXgoDCoT12YYxkR-sMQDhqf6Vp9s0Iwrkw&dib_tag=se&keywords=platform+sandals+women&qid=1788070429&sr=8-1,https://m.media-amazon.com/images/I/81v0nOOl2oL._AC_UL320_.jpg,59,排名靠前；价格处于人民币等值¥180.00-¥288.00区间；评分达到4.0以上。
2026-08-30,amazon_us,product,best_sellers,Best Sellers Women Sandals,9,"Ankis Heels for Women Open Toe Ankle Strap Chunky Heel Sandals 2.75 Inch | nude white gold black, adjustable ankle strap, Cushioned footbed, All-day comfort, for various occasions",,4.4,$24.49,,,,,,https://www.amazon.com/Ankis-Nude-Heels-Women-numeric_8/dp/B094CTB3TY/ref=zg_bs_g_679425011_d_sccl_9/136-6764247-4494531?psc=1,"https://images-na.ssl-images-amazon.com/images/I/71dUhT7TubL._AC_UL600_SR600,400_.jpg",58,排名靠前；标题包含 comfort，符合美国女鞋舒适化趋势；评分达到4.3以上。
2026-08-30,amazon_us,product,new_releases,New Releases Women Sandals,4,adidas Unisex-Adult Adilette Comfort 2.0 Slide Sandal,,4.3,$40.00,,,,,,https://www.amazon.com/adidas-Unisex-Adilette-Comfort-Sandal/dp/B0F2B84XX9/ref=zg_bsnr_g_679425011_d_sccl_4/133-0227759-4104164?psc=1,"https://images-na.ssl-images-amazon.com/images/I/51qn7G+PVyL._AC_UL600_SR600,400_.jpg",58,排名靠前；标题包含 comfort，符合美国女鞋舒适化趋势；评分达到4.3以上。
2026-08-30,amazon_us,product,best_sellers,Best Sellers Women Sandals,21,KuaiLu Flip Flops for Women with Arch Support Summer Beach Thong Sandals | Comfortable Yoga Mat Cushion Walking Shoes Slip on Casual Outfits Faux Leather Indoor Outdoor,,4.2,$11.98,,,,,,https://www.amazon.com/KuaiLu-Support-Comfortable-Cushion-Walking/dp/B08GKGCH2R/ref=zg_bs_g_679425011_d_sccl_21/136-6764247-4494531?psc=1,"https://images-na.ssl-images-amazon.com/images/I/81-DUybjK+L._AC_UL600_SR600,400_.jpg",57,排名进入前30；标题包含 comfort、arch support、beach、summer，符合美国女鞋舒适化趋势；评分达到4.0以上。
2026-08-30,amazon_us,product,new_releases,New Releases Women Sandals,8,Project Cloud 100% Genuine Leather Block Heeled Sandals for Women (Opal) | Sandals Women Dressy Footwear-Memory Foam Insole & Non-Slip Womens Sandals Block Heels For Women Women's Sandals,,4.1,$47.61,,,,,,https://www.amazon.com/Project-Cloud-Genuine-Leather-Sandals/dp/B0GYFT5FG1/ref=zg_bsnr_g_679425011_d_sccl_8/133-0227759-4104164?psc=1,"https://images-na.ssl-images-amazon.com/images/I/81FmD-R2JoL._AC_UL600_SR600,400_.jpg",57,排名靠前；标题包含 cloud，符合美国女鞋舒适化趋势；评分达到4.0以上。
2026-08-30,amazon_us,product,new_releases,New Releases Women Sandals,16,Uniwill Shower Shoes Womens Quick Dry Arch Support Flip Flops | Darin Holes Comfortable Non Slip Beach Lightweight Thong Sandalas,,4.4,$9.99,,,,,,https://www.amazon.com/Uniwill-Womens-Shower-Support-Sandals/dp/B0GY5LY46K/ref=zg_bsnr_g_679425011_d_sccl_16/133-0227759-4104164?psc=1,"https://images-na.ssl-images-amazon.com/images/I/71R3-oUAUYL._AC_UL600_SR600,400_.jpg",57,排名进入前30；标题包含 comfort、arch support、beach，符合美国女鞋舒适化趋势；评分达到4.3以上。
2026-08-30,amazon_us,product,search,women summer slippers,14,Evshine,¥93.53,4.4,Evshine,,,,,,https://www.amazon.com/Evshine-Summer-Slippers-Corduroy-Bedroom/dp/B0CSN39WDS/ref=sr_1_11?dib=eyJ2IjoiMSJ9.qPzwm2jChb1MKzo9V9PryJpLw6G7NKvibru60kqqosO4cCSrceeW6pNPNBraYHw0pYYp7E6vz5gVVA73vGTXdH0cKUX5kwpjxmZFqf8vtW39U8spBi9qEyld29v4_JH2HvlOLJT6kYIFoM7xTpx5n5wfDuBBKl3IqYz0FHCRZKHjUOPC6PhwcFjZz9AIs6_ODGbtnbR2b3lqlDJDzuLp6vHgoSxGk7_aAmF8Jzfwjlw9dvnKlwMendmIGE3z7tDIKDiRgsdY9QlbH0QD2apzalRCHgxIEbYFwqr3aWEynRI.n4NgrUAHvyf8Xqqrlw74TRiBHJeEBBBErFxsrF41Osw&dib_tag=se&keywords=women+summer+slippers&qid=1788070428&sr=8-11,https://m.media-amazon.com/images/I/71SaoMUrpoL._AC_UL320_.jpg,57,排名进入前30；价格处于人民币等值¥57.60-¥180.00黄金区间；评分达到4.3以上。
2026-08-30,amazon_us,product,search,women summer slippers,20,IPSAE,¥71.86,4.5,IPSAE,,,,,,https://www.amazon.com/IPSAE-Slippers-Corduroy-Slipper-Bedroom/dp/B0DB4W73J3/ref=sr_1_12?dib=eyJ2IjoiMSJ9.qPzwm2jChb1MKzo9V9PryJpLw6G7NKvibru60kqqosO4cCSrceeW6pNPNBraYHw0pYYp7E6vz5gVVA73vGTXdH0cKUX5kwpjxmZFqf8vtW39U8spBi9qEyld29v4_JH2HvlOLJT6kYIFoM7xTpx5n5wfDuBBKl3IqYz0FHCRZKHjUOPC6PhwcFjZz9AIs6_ODGbtnbR2b3lqlDJDzuLp6vHgoSxGk7_aAmF8Jzfwjlw9dvnKlwMendmIGE3z7tDIKDiRgsdY9QlbH0QD2apzalRCHgxIEbYFwqr3aWEynRI.n4NgrUAHvyf8Xqqrlw74TRiBHJeEBBBErFxsrF41Osw&dib_tag=se&keywords=women+summer+slippers&qid=1788070428&sr=8-12,https://m.media-amazon.com/images/I/71GcxKVQLUL._AC_UL320_.jpg,57,排名进入前30；价格处于人民币等值¥57.60-¥180.00黄金区间；评分达到4.3以上。
2026-08-30,amazon_us,product,search,women summer slippers,21,"Cloth Slippers Linen Slippers - Breathable, Anti-Slip, Easy to Clean - Summer Silent Slippers for Women and Men",¥64.73,4.2,"Price, product page $8.99 $ 8 . 99",,,,,,https://www.amazon.com/VIDSID-Linen-Slippers-Breathable-Anti-Slip/dp/B0D4DNFVWP/ref=sr_1_13?dib=eyJ2IjoiMSJ9.qPzwm2jChb1MKzo9V9PryJpLw6G7NKvibru60kqqosO4cCSrceeW6pNPNBraYHw0pYYp7E6vz5gVVA73vGTXdH0cKUX5kwpjxmZFqf8vtW39U8spBi9qEyld29v4_JH2HvlOLJT6kYIFoM7xTpx5n5wfDuBBKl3IqYz0FHCRZKHjUOPC6PhwcFjZz9AIs6_ODGbtnbR2b3lqlDJDzuLp6vHgoSxGk7_aAmF8Jzfwjlw9dvnKlwMendmIGE3z7tDIKDiRgsdY9QlbH0QD2apzalRCHgxIEbYFwqr3aWEynRI.n4NgrUAHvyf8Xqqrlw74TRiBHJeEBBBErFxsrF41Osw&dib_tag=se&keywords=women+summer+slippers&qid=1788070428&sr=8-13,https://m.media-amazon.com/images/I/81CG5b2e3QL._AC_UL320_.jpg,57,排名进入前30；价格处于人民币等值¥57.60-¥180.00黄金区间；标题包含 summer，符合美国女鞋舒适化趋势；评分达到4.0以上。
2026-08-30,amazon_us,product,search,women summer slippers,22,ULTRAIDEAS,¥122.33,4.5,ULTRAIDEAS,,,,,,https://www.amazon.com/ULTRAIDEAS-Slippers-Bowknot-Outdoor-Anti-Skid/dp/B07MZ3H6MN/ref=sr_1_14?dib=eyJ2IjoiMSJ9.qPzwm2jChb1MKzo9V9PryJpLw6G7NKvibru60kqqosO4cCSrceeW6pNPNBraYHw0pYYp7E6vz5gVVA73vGTXdH0cKUX5kwpjxmZFqf8vtW39U8spBi9qEyld29v4_JH2HvlOLJT6kYIFoM7xTpx5n5wfDuBBKl3IqYz0FHCRZKHjUOPC6PhwcFjZz9AIs6_ODGbtnbR2b3lqlDJDzuLp6vHgoSxGk7_aAmF8Jzfwjlw9dvnKlwMendmIGE3z7tDIKDiRgsdY9QlbH0QD2apzalRCHgxIEbYFwqr3aWEynRI.n4NgrUAHvyf8Xqqrlw74TRiBHJeEBBBErFxsrF41Osw&dib_tag=se&keywords=women+summer+slippers&qid=1788070428&sr=8-14,https://m.media-amazon.com/images/I/71cvxwhDe7L._AC_UL320_.jpg,57,排名进入前30；价格处于人民币等值¥57.60-¥180.00黄金区间；评分达到4.3以上。
2026-08-30,amazon_us,product,search,women summer slippers,30,VeraCosy,¥104.40,4.5,VeraCosy,,,,,,https://www.amazon.com/VeraCosy-Two-Tone-Slippers-Non-slip-Evening/dp/B0DCVZ52Y5/ref=sr_1_22?dib=eyJ2IjoiMSJ9.qPzwm2jChb1MKzo9V9PryJpLw6G7NKvibru60kqqosO4cCSrceeW6pNPNBraYHw0pYYp7E6vz5gVVA73vGTXdH0cKUX5kwpjxmZFqf8vtW39U8spBi9qEyld29v4_JH2HvlOLJT6kYIFoM7xTpx5n5wfDuBBKl3IqYz0FHCRZKHjUOPC6PhwcFjZz9AIs6_ODGbtnbR2b3lqlDJDzuLp6vHgoSxGk7_aAmF8Jzfwjlw9dvnKlwMendmIGE3z7tDIKDiRgsdY9QlbH0QD2apzalRCHgxIEbYFwqr3aWEynRI.n4NgrUAHvyf8Xqqrlw74TRiBHJeEBBBErFxsrF41Osw&dib_tag=se&keywords=women+summer+slippers&qid=1788070428&sr=8-22,https://m.media-amazon.com/images/I/81RJZ2gB8sL._AC_UL320_.jpg,57,排名进入前30；价格处于人民币等值¥57.60-¥180.00黄金区间；评分达到4.3以上。
2026-08-30,amazon_us,product,search,women slides,24,Joomra,¥146.52,4.3,Joomra,,,,,,https://www.amazon.com/Joomra-Slippers-Cushioned-Massage-Sandals/dp/B09653TC4H/ref=sr_1_17?dib=eyJ2IjoiMSJ9.wrqHnvIFpzxZDCy1gVq3f4ElwLELpfbzk0bZTxBh-O8xXo99n1y-JyWu8hO04zMbFa8OQbtn0tMqy7ERZafXwFluKpYT5fUsQnfJZgwnHb1s-edgEi3MXBSxp9w_9h5ZfOM2nOhRPAPY8SrG9MhuxYzJtmwmge5ImpWt-E-A-L02Ka8CpjUR49Tpw5LNUYRF1Kl6nXsuybKHgBxNIi53dEzNqF_Ha0NZv4P6EqWbn6iQDguAPD7-KDiCpoMzc6snydaAHQdVxmfXx4KogMDeq6dTzFSOiPQsel5lALf6Flk.aw27oKFMAe0Q9Yj5_5HBlNiDVpDsaA2h3Fn3HE8lh00&dib_tag=se&keywords=women+slides&qid=1788070429&sr=8-17,https://m.media-amazon.com/images/I/71pkhgTTRXL._AC_UL320_.jpg,57,排名进入前30；价格处于人民币等值¥57.60-¥180.00黄金区间；评分达到4.3以上。
2026-08-30,amazon_us,product,search,women slides,28,Weweya,¥71.86,4.4,Weweya,,,,,,https://www.amazon.com/Weweya-Shower-Non-Slip-Outdoor-Sandals/dp/B0F1XTPHY8/ref=sr_1_21?dib=eyJ2IjoiMSJ9.wrqHnvIFpzxZDCy1gVq3f4ElwLELpfbzk0bZTxBh-O8xXo99n1y-JyWu8hO04zMbFa8OQbtn0tMqy7ERZafXwFluKpYT5fUsQnfJZgwnHb1s-edgEi3MXBSxp9w_9h5ZfOM2nOhRPAPY8SrG9MhuxYzJtmwmge5ImpWt-E-A-L02Ka8CpjUR49Tpw5LNUYRF1Kl6nXsuybKHgBxNIi53dEzNqF_Ha0NZv4P6EqWbn6iQDguAPD7-KDiCpoMzc6snydaAHQdVxmfXx4KogMDeq6dTzFSOiPQsel5lALf6Flk.aw27oKFMAe0Q9Yj5_5HBlNiDVpDsaA2h3Fn3HE8lh00&dib_tag=se&keywords=women+slides&qid=1788070429&sr=8-21,https://m.media-amazon.com/images/I/61QGXLFgg+L._AC_UL320_.jpg,57,排名进入前30；价格处于人民币等值¥57.60-¥180.00黄金区间；评分达到4.3以上。
2026-08-30,amazon_us,product,search,platform sandals women,20,Crocs Women's Miami Toe Loop Sandals | Square Toe Flat | Flexible Straps | Croslite Foam Footbed Crocs Women's Miami Toe Loop Sandals | Square Toe Flat | Flexible Straps | Croslite Foam Footbed,¥172.73,4.5,4.5,,,,,,https://sponsored-ads.amazon.com/clk/?_encoding=UTF8&p=eAFVUMuO0lAYDk7UCcFLWIwJ7jCymOSU005LKaYxvQ3TgOVSmBE2J4ee09KxtIeejhAWLHyGSVzp0rWJj-ADuPFJfAITGWP8Vl_yXf4_X5kcf7r98fNB9ZExuRzaPbf3FtrOuF4ST09CmsZbxLrEv1rh8Xnv2riQI945EWbAmXn-apHvjN2VkVyD_laJxhVRlQRJlAVZFuD8nm8ujg1ncuGMXb_6rPyQUP6uyFi1MvXGjjXoeu7csWvfSuUXdwriFOfBEjGaB1mCC4riNIlTihZFWC3jFd5lqRBkq9pzvgBBgjmPA3DIgIMTMLF-n6Zo6p8qfAGKJV1RAoIsSWhQxFkK3kvg7hgIcE44YDhOC5qDIEsLmhbSS3NseDayBv2-Y03cgecj1-u7noP67qWDbMfvTQbDeqtcgk-__Prw9fN3u_b4b-XhifoTCUKoKWq7pbRhSxWlo6lvd46soXXaq76yTcNi5y5Qjb25PiAy9uaIbek0Nv7H3oz25mhvGn9IVKtYkbPtGk6UryMqfSyVb0vLomC802xuNhvh30TNiDXxpkmaJrQlb9RTZuJrRlBOEEuWJNeLxpJjFOQoJjpsrGOii2q7DVUoS1qD57oIzoCCFaUlhRoISUiALEIRaKFGAFFbGGua1pbPpEasY8YbOKehrswhvbl5w3P4G9NHvPg&v=c1&r=https%3A%2F%2Fwww.amazon.com%2Fgp%2Faw%2Fd%2FB0D2NQK5Y1%3Fpd_rd_plhdr%3Dt%26hsa_cr_id%3D0%26qid%3D1788070429%26sr%3D1-3-5a5562f9-fdfd-4101-9f9d-d76aa9998432%26i%3Daps%26aref%3D5Z0euuMsr0&ref_=sbx__sbtcd2_asin_2_bkgd&pd_rd_w=0nBIC&content-id=amzn1.sym.90f77631-9599-4fe0-95f8-a40adfe1c762%3Aamzn1.sym.90f77631-9599-4fe0-95f8-a40adfe1c762&pf_rd_p=90f77631-9599-4fe0-95f8-a40adfe1c762&pf_rd_r=EXSVPXJT44XJJF267WFC&pd_rd_wg=PSe63&pd_rd_r=79c71e27-ad08-491b-813b-4368f67fd5be,"https://m.media-amazon.com/images/I/41ONvkS7wYL._AC_SR322,134_CB1169409_QL70_.jpg",57,排名进入前30；价格处于人民币等值¥57.60-¥180.00黄金区间；评分达到4.3以上。
2026-08-30,amazon_us,product,best_sellers,Best Sellers Women Sandals,13,Project Cloud Flip Flops for Women Memory Foam Flats Sandals | Lightweight and Durable Non-Slip Sole Womens Sandals - Beach Essentials Womens Flat Sandals for Everyday Comfort Daily Wear,,4.1,$19.90,,,,,,https://www.amazon.com/Project-Cloud-Flip-flops-Women/dp/B0D2DVSMH3/ref=zg_bs_g_679425011_d_sccl_13/136-6764247-4494531?psc=1,"https://images-na.ssl-images-amazon.com/images/I/41JMYLSDC3L._AC_UL600_SR600,400_.jpg",56,排名进入前30；标题包含 cloud、comfort、beach，符合美国女鞋舒适化趋势；评分达到4.0以上。
2026-08-30,amazon_us,product,best_sellers,Best Sellers Women Sandals,20,OOFOS OOriginal Recovery Sandal - Women’s and Men’s,,4.5,$59.84,,,,,,https://www.amazon.com/OOFOS-OOriginal-Sandal-Womens-Medium/dp/B09X44VHJ5/ref=zg_bs_g_679425011_d_sccl_20/136-6764247-4494531?psc=1,"https://images-na.ssl-images-amazon.com/images/I/51LASkyB4yL._AC_UL600_SR600,400_.jpg",55,排名进入前30；评论数达到50以上；标题包含 recovery，符合美国女鞋舒适化趋势；评分达到4.3以上。
2026-08-30,amazon_us,product,new_releases,New Releases Women Sandals,3,"Joomra Women's Cork-Inspired Footbed Slides Adjustable Buckle Sandals | Natural Foot-Shaped, Vegan Upper, Two-Strap, Casual Daily Slippers, Walking Comfort, Fashion Indoor Outdoor Sandles",,4.0,$9.99,,,,,,https://www.amazon.com/Joomra-Footbed-Slides-Double-Sandals/dp/B0H4QTDB65/ref=zg_bsnr_g_679425011_d_sccl_3/133-0227759-4104164?psc=1,"https://images-na.ssl-images-amazon.com/images/I/81g9PA4Ey0L._AC_UL600_SR600,400_.jpg",55,排名靠前；标题包含 comfort，符合美国女鞋舒适化趋势；评分达到4.0以上。
2026-08-30,amazon_us,product,search,women slides,13,adidas,¥201.60,4.6,adidas,,,,,,https://www.amazon.com/adidas-Unisex-Adilette-Comfort-Slides/dp/B091ZGY256/ref=sr_1_6?dib=eyJ2IjoiMSJ9.wrqHnvIFpzxZDCy1gVq3f4ElwLELpfbzk0bZTxBh-O8xXo99n1y-JyWu8hO04zMbFa8OQbtn0tMqy7ERZafXwFluKpYT5fUsQnfJZgwnHb1s-edgEi3MXBSxp9w_9h5ZfOM2nOhRPAPY8SrG9MhuxYzJtmwmge5ImpWt-E-A-L02Ka8CpjUR49Tpw5LNUYRF1Kl6nXsuybKHgBxNIi53dEzNqF_Ha0NZv4P6EqWbn6iQDguAPD7-KDiCpoMzc6snydaAHQdVxmfXx4KogMDeq6dTzFSOiPQsel5lALf6Flk.aw27oKFMAe0Q9Yj5_5HBlNiDVpDsaA2h3Fn3HE8lh00&dib_tag=se&keywords=women+slides&qid=1788070429&sr=8-6,https://m.media-amazon.com/images/I/51uJnrrxC9L._AC_UL320_.jpg,55,排名进入前30；价格处于人民币等值¥180.00-¥288.00区间；评分达到4.6以上。
2026-08-30,amazon_us,product,search,women slides,16,Nike,¥223.20,4.6,Nike,,,,,,https://www.amazon.com/Nike-Womens-Benassi-Sandal-Regular/dp/B004051CSK/ref=sr_1_9?dib=eyJ2IjoiMSJ9.wrqHnvIFpzxZDCy1gVq3f4ElwLELpfbzk0bZTxBh-O8xXo99n1y-JyWu8hO04zMbFa8OQbtn0tMqy7ERZafXwFluKpYT5fUsQnfJZgwnHb1s-edgEi3MXBSxp9w_9h5ZfOM2nOhRPAPY8SrG9MhuxYzJtmwmge5ImpWt-E-A-L02Ka8CpjUR49Tpw5LNUYRF1Kl6nXsuybKHgBxNIi53dEzNqF_Ha0NZv4P6EqWbn6iQDguAPD7-KDiCpoMzc6snydaAHQdVxmfXx4KogMDeq6dTzFSOiPQsel5lALf6Flk.aw27oKFMAe0Q9Yj5_5HBlNiDVpDsaA2h3Fn3HE8lh00&dib_tag=se&keywords=women+slides&qid=1788070429&sr=8-9,https://m.media-amazon.com/images/I/61r+GaHXF7L._AC_UL320_.jpg,55,排名进入前30；价格处于人民币等值¥180.00-¥288.00区间；评分达到4.6以上。
2026-08-30,amazon_us,product,best_sellers,Best Sellers Women Sandals,15,"shevalues Slim Basic Flip Flops for Women with Comfortable Yoga Mat | Lightweight Non Slip Rubber Sandals for Beach, Shower, Pool & Summer Casual Wear",,4.4,$9.99,,,,,,https://www.amazon.com/shevalues-Shower-Rubber-Sandals-Comfortable/dp/B0B68G2D52/ref=zg_bs_g_679425011_d_sccl_15/136-6764247-4494531?psc=1,"https://images-na.ssl-images-amazon.com/images/I/61b4HXgBWfL._AC_UL600_SR600,400_.jpg",54,排名进入前30；标题包含 comfort、beach、summer，符合美国女鞋舒适化趋势；评分达到4.3以上。
2026-08-30,amazon_us,product,best_sellers,Best Sellers Women Sandals,30,KuaiLu Womens Flip Flops Arch Support Yoga Mat Cushioned Thong Sandals | Ladies Comfortable Walking Slides For Plantar Fasciitis Slip On Indoor Outdoor For Summer,,4.1,$25.99,,,,,,https://www.amazon.com/KuaiLu-Comfortable-Walking-Sandals-Fasciitis/dp/B08XX52FHY/ref=zg_bs_g_679425011_d_sccl_30/136-6764247-4494531?psc=1,"https://images-na.ssl-images-amazon.com/images/I/61giVB09JoL._AC_UL600_SR600,400_.jpg",54,排名进入前30；标题包含 comfort、arch support、summer，符合美国女鞋舒适化趋势；评分达到4.0以上。
2026-08-30,amazon_us,product,best_sellers,Best Sellers Women Sandals,31,"CUSHIONAIRE Feather EVA Slides for Women – Comfortable Slip On Womens Slippers, Indoor Outdoor Shower Shoes, Beach Essential Cloud Slides",,4.4,$26.99,,,,,,https://www.amazon.com/Cushionaire-Womens-Feather-recovery-Comfort/dp/B094TB7BQH/ref=zg_bs_g_679425011_d_sccl_31/133-0227759-4104164?psc=1,"https://images-na.ssl-images-amazon.com/images/I/817PhiYQjLL._AC_UL300_SR300,200_.jpg",54,排名进入前50；标题包含 cloud、comfort、beach，符合美国女鞋舒适化趋势；cloud + slides组合趋势加分；评分达到4.3以上。
2026-08-30,amazon_us,product,best_sellers,Best Sellers Women Sandals,41,"Goosecret Women's Comfortable Arch Support Walking Platform Sandals | Lightweight Chunky Slip-On Foam Slides with Adjustable Buckle,Sandals for Beach and Daily Wear",,4.2,$18.04,,,,,,https://www.amazon.com/Goosecret-Platform-Lightweight-Comfortable-Adjustable/dp/B0CZ75N4PP/ref=zg_bs_g_679425011_d_sccl_41/133-0227759-4104164?psc=1,"https://images-na.ssl-images-amazon.com/images/I/61l3YNTRtgL._AC_UL300_SR300,200_.jpg",54,排名进入前50；标题包含 platform、comfort、arch support、beach，符合美国女鞋舒适化趋势；platform + comfort组合趋势加分；评分达到4.0以上。
2026-08-30,amazon_us,product,best_sellers,Best Sellers Women Sandals,44,Project Cloud Platform Sandals for Women Strappy Wedges Plush Insole 2026 | Comfortable and Lightweight Fashion Wedge Sandals for Women - Non-Slip Sole with Adjustable Strap for Every Occasions,,4.2,$44.90,,,,,,https://www.amazon.com/Project-Cloud-Platform-Sandals-Footwear/dp/B0DR3LB5NG/ref=zg_bs_g_679425011_d_sccl_44/133-0227759-4104164?psc=1,"https://images-na.ssl-images-amazon.com/images/I/71lJvDGljyL._AC_UL300_SR300,200_.jpg",54,排名进入前50；标题包含 cloud、platform、comfort、wedge，符合美国女鞋舒适化趋势；platform + comfort组合趋势加分；评分达到4.0以上。
2026-08-30,amazon_us,product,new_releases,New Releases Women Sandals,45,"QIY Flip Flops for Women Square Toe Platform Sandals Slides | Memory Foam Insole - Lightweight and Comfortable, Women Footwear Summer Thong Sandals for Women 2026",,4.4,$32.99,,,,,,https://www.amazon.com/QIY-Square-Platform-Sandals-Slides/dp/B0HCW248LF/ref=zg_bsnr_g_679425011_d_sccl_45/133-0227759-4104164?psc=1,"https://images-na.ssl-images-amazon.com/images/I/61c-vvOzT2L._AC_UL300_SR300,200_.jpg",54,排名进入前50；标题包含 platform、comfort、summer，符合美国女鞋舒适化趋势；platform + comfort组合趋势加分；评分达到4.3以上。
2026-08-30,amazon_us,product,search,women summer slippers,13,FRALOSHA,¥71.93,4.2,FRALOSHA,,,,,,https://www.amazon.com/FRALOSHA-Slippers-Breathable-Outdoor-Sandals/dp/B07FSG6P3M/ref=sr_1_10?dib=eyJ2IjoiMSJ9.qPzwm2jChb1MKzo9V9PryJpLw6G7NKvibru60kqqosO4cCSrceeW6pNPNBraYHw0pYYp7E6vz5gVVA73vGTXdH0cKUX5kwpjxmZFqf8vtW39U8spBi9qEyld29v4_JH2HvlOLJT6kYIFoM7xTpx5n5wfDuBBKl3IqYz0FHCRZKHjUOPC6PhwcFjZz9AIs6_ODGbtnbR2b3lqlDJDzuLp6vHgoSxGk7_aAmF8Jzfwjlw9dvnKlwMendmIGE3z7tDIKDiRgsdY9QlbH0QD2apzalRCHgxIEbYFwqr3aWEynRI.n4NgrUAHvyf8Xqqrlw74TRiBHJeEBBBErFxsrF41Osw&dib_tag=se&keywords=women+summer+slippers&qid=1788070428&sr=8-10,https://m.media-amazon.com/images/I/810Hfh0qwIL._AC_UL320_.jpg,54,排名进入前30；价格处于人民币等值¥57.60-¥180.00黄金区间；评分达到4.0以上。
2026-08-30,amazon_us,product,search,women summer slippers,23,Women's Open Toe House Slippers Breathable Waffle Fabric Memory Foam,¥64.15,4.1,"Price, product page $8.91 $ 8 . 91 Typical: $10.99 Typical: $10.99 $10.99",,,,,,https://www.amazon.com/Yoerpe-Womens-House-Slippers-Slip/dp/B0F8BKW8PC/ref=sr_1_15?dib=eyJ2IjoiMSJ9.qPzwm2jChb1MKzo9V9PryJpLw6G7NKvibru60kqqosO4cCSrceeW6pNPNBraYHw0pYYp7E6vz5gVVA73vGTXdH0cKUX5kwpjxmZFqf8vtW39U8spBi9qEyld29v4_JH2HvlOLJT6kYIFoM7xTpx5n5wfDuBBKl3IqYz0FHCRZKHjUOPC6PhwcFjZz9AIs6_ODGbtnbR2b3lqlDJDzuLp6vHgoSxGk7_aAmF8Jzfwjlw9dvnKlwMendmIGE3z7tDIKDiRgsdY9QlbH0QD2apzalRCHgxIEbYFwqr3aWEynRI.n4NgrUAHvyf8Xqqrlw74TRiBHJeEBBBErFxsrF41Osw&dib_tag=se&keywords=women+summer+slippers&qid=1788070428&sr=8-15,https://m.media-amazon.com/images/I/71GbfDOMPSL._AC_UL320_.jpg,54,排名进入前30；价格处于人民币等值¥57.60-¥180.00黄金区间；评分达到4.0以上。
2026-08-30,amazon_us,product,search,women summer slippers,27,mazeskin,¥68.26,4.1,mazeskin,,,,,,https://www.amazon.com/mazeskin-Womens-Comfortable-Sandals-Leather/dp/B0F32KMZ18/ref=sr_1_19?dib=eyJ2IjoiMSJ9.qPzwm2jChb1MKzo9V9PryJpLw6G7NKvibru60kqqosO4cCSrceeW6pNPNBraYHw0pYYp7E6vz5gVVA73vGTXdH0cKUX5kwpjxmZFqf8vtW39U8spBi9qEyld29v4_JH2HvlOLJT6kYIFoM7xTpx5n5wfDuBBKl3IqYz0FHCRZKHjUOPC6PhwcFjZz9AIs6_ODGbtnbR2b3lqlDJDzuLp6vHgoSxGk7_aAmF8Jzfwjlw9dvnKlwMendmIGE3z7tDIKDiRgsdY9QlbH0QD2apzalRCHgxIEbYFwqr3aWEynRI.n4NgrUAHvyf8Xqqrlw74TRiBHJeEBBBErFxsrF41Osw&dib_tag=se&keywords=women+summer+slippers&qid=1788070428&sr=8-19,https://m.media-amazon.com/images/I/71jV8GHPNSL._AC_UL320_.jpg,54,排名进入前30；价格处于人民币等值¥57.60-¥180.00黄金区间；评分达到4.0以上。
2026-08-30,amazon_us,product,search,women slides,14,Leevar,¥93.53,4.2,Leevar,,,,,,https://www.amazon.com/Leevar-Slippers-Non-slip-Swimming-Footwear/dp/B09YCLK5DG/ref=sr_1_7?dib=eyJ2IjoiMSJ9.wrqHnvIFpzxZDCy1gVq3f4ElwLELpfbzk0bZTxBh-O8xXo99n1y-JyWu8hO04zMbFa8OQbtn0tMqy7ERZafXwFluKpYT5fUsQnfJZgwnHb1s-edgEi3MXBSxp9w_9h5ZfOM2nOhRPAPY8SrG9MhuxYzJtmwmge5ImpWt-E-A-L02Ka8CpjUR49Tpw5LNUYRF1Kl6nXsuybKHgBxNIi53dEzNqF_Ha0NZv4P6EqWbn6iQDguAPD7-KDiCpoMzc6snydaAHQdVxmfXx4KogMDeq6dTzFSOiPQsel5lALf6Flk.aw27oKFMAe0Q9Yj5_5HBlNiDVpDsaA2h3Fn3HE8lh00&dib_tag=se&keywords=women+slides&qid=1788070429&sr=8-7,https://m.media-amazon.com/images/I/71Epw-42KBL._AC_UL320_.jpg,54,排名进入前30；价格处于人民币等值¥57.60-¥180.00黄金区间；评分达到4.0以上。
2026-08-30,amazon_us,product,search,women slides,17,Crocs,¥162.00,4.1,Crocs,,,,,,https://www.amazon.com/Crocs-Womens-Slide-Sandal-Taupe/dp/B0F9XF5RX9/ref=sr_1_10?dib=eyJ2IjoiMSJ9.wrqHnvIFpzxZDCy1gVq3f4ElwLELpfbzk0bZTxBh-O8xXo99n1y-JyWu8hO04zMbFa8OQbtn0tMqy7ERZafXwFluKpYT5fUsQnfJZgwnHb1s-edgEi3MXBSxp9w_9h5ZfOM2nOhRPAPY8SrG9MhuxYzJtmwmge5ImpWt-E-A-L02Ka8CpjUR49Tpw5LNUYRF1Kl6nXsuybKHgBxNIi53dEzNqF_Ha0NZv4P6EqWbn6iQDguAPD7-KDiCpoMzc6snydaAHQdVxmfXx4KogMDeq6dTzFSOiPQsel5lALf6Flk.aw27oKFMAe0Q9Yj5_5HBlNiDVpDsaA2h3Fn3HE8lh00&dib_tag=se&keywords=women+slides&qid=1788070429&sr=8-10,https://m.media-amazon.com/images/I/61cPOC2WmbL._AC_UL320_.jpg,54,排名进入前30；价格处于人民币等值¥57.60-¥180.00黄金区间；评分达到4.0以上。
2026-08-30,amazon_us,product,search,women slides,26,Happy Lily,¥71.93,4.2,Happy Lily,,,,,,https://www.amazon.com/Slippers-Non-Slip-Shower-Sandals-Bathroom/dp/B01LYNR9VM/ref=sr_1_19?dib=eyJ2IjoiMSJ9.wrqHnvIFpzxZDCy1gVq3f4ElwLELpfbzk0bZTxBh-O8xXo99n1y-JyWu8hO04zMbFa8OQbtn0tMqy7ERZafXwFluKpYT5fUsQnfJZgwnHb1s-edgEi3MXBSxp9w_9h5ZfOM2nOhRPAPY8SrG9MhuxYzJtmwmge5ImpWt-E-A-L02Ka8CpjUR49Tpw5LNUYRF1Kl6nXsuybKHgBxNIi53dEzNqF_Ha0NZv4P6EqWbn6iQDguAPD7-KDiCpoMzc6snydaAHQdVxmfXx4KogMDeq6dTzFSOiPQsel5lALf6Flk.aw27oKFMAe0Q9Yj5_5HBlNiDVpDsaA2h3Fn3HE8lh00&dib_tag=se&keywords=women+slides&qid=1788070429&sr=8-19,https://m.media-amazon.com/images/I/81oTjdeU9ZL._AC_UL320_.jpg,54,排名进入前30；价格处于人民币等值¥57.60-¥180.00黄金区间；评分达到4.0以上。
2026-08-30,amazon_us,product,search,platform sandals women,13,Athlefit,¥143.93,4.0,Athlefit,,,,,,https://www.amazon.com/Athlefit-Espadrilles-Sandals-Studded-Platform/dp/B083NZVCQH/ref=sr_1_7?dib=eyJ2IjoiMSJ9.JzUv4ofeymwwJhjsgZOiXh_zZiAVCGWUapBv6WR_ZERCIvxZE4zi7HhipvwvwTK0d8_JYSHbOX_y2gCoftSlq_8rL_y0sf4pQjWApHWe6UTcSgg6m2M9Ztp7LbDtFQw6P9DEsFomabnkv8TYDK6MLYU58z2wWCtT65mIq8-q5OzkzCYMOVFtCLpsvdZu-HVjXhYWdtKTdK6trfRrW-XqmKI-xqLpocTyEN0NYH_Sospii--70IJRABDZLydTlII5w2G5ZnqjBWwlGzjAasudECvC3joheeVn3ADUpRK2jYM.06fimQTk8gXgoDCoT12YYxkR-sMQDhqf6Vp9s0Iwrkw&dib_tag=se&keywords=platform+sandals+women&qid=1788070429&sr=8-7,https://m.media-amazon.com/images/I/71PoCinhRsL._AC_UL320_.jpg,54,排名进入前30；价格处于人民币等值¥57.60-¥180.00黄金区间；评分达到4.0以上。
2026-08-30,amazon_us,product,search,platform sandals women,14,Goosecret,¥129.89,4.2,Goosecret,,,,,,https://www.amazon.com/Goosecret-Platform-Lightweight-Comfortable-Adjustable/dp/B0CZ75N4PP/ref=sr_1_8?dib=eyJ2IjoiMSJ9.JzUv4ofeymwwJhjsgZOiXh_zZiAVCGWUapBv6WR_ZERCIvxZE4zi7HhipvwvwTK0d8_JYSHbOX_y2gCoftSlq_8rL_y0sf4pQjWApHWe6UTcSgg6m2M9Ztp7LbDtFQw6P9DEsFomabnkv8TYDK6MLYU58z2wWCtT65mIq8-q5OzkzCYMOVFtCLpsvdZu-HVjXhYWdtKTdK6trfRrW-XqmKI-xqLpocTyEN0NYH_Sospii--70IJRABDZLydTlII5w2G5ZnqjBWwlGzjAasudECvC3joheeVn3ADUpRK2jYM.06fimQTk8gXgoDCoT12YYxkR-sMQDhqf6Vp9s0Iwrkw&dib_tag=se&keywords=platform+sandals+women&qid=1788070429&sr=8-8,https://m.media-amazon.com/images/I/61l3YNTRtgL._AC_UL320_.jpg,54,排名进入前30；价格处于人民币等值¥57.60-¥180.00黄金区间；评分达到4.0以上。
2026-08-30,amazon_us,product,best_sellers,Best Sellers Women Sandals,40,"CUSHIONAIRE Fame Pillow Recovery Sandals for Women, Adjustable Double Buckle Waterproof EVA Cloud Slides for Women",,4.4,$26.98,,,,,,https://www.amazon.com/CUSHIONAIRE-Womens-recovery-cloud-Comfort/dp/B0BTQ5S71G/ref=zg_bs_g_679425011_d_sccl_40/133-0227759-4104164?psc=1,"https://images-na.ssl-images-amazon.com/images/I/81ab6T9a83L._AC_UL300_SR300,200_.jpg",53,排名进入前50；标题包含 cloud、recovery，符合美国女鞋舒适化趋势；cloud + slides组合趋势加分；评分达到4.3以上。
2026-08-30,amazon_us,product,new_releases,New Releases Women Sandals,29,shevalues Women's Flip Flops Mild Arch Support Comfortable Thong Sandals | Yoga Mat Footbed Lightweight Summer Beach Walking Slides,,3.8,$9.99,,,,,,https://www.amazon.com/shevalues-Womens-Support-Comfortable-Sandals/dp/B0GVJY1R7G/ref=zg_bsnr_g_679425011_d_sccl_29/133-0227759-4104164?psc=1,"https://images-na.ssl-images-amazon.com/images/I/51Q0RjuKlEL._AC_UL600_SR600,400_.jpg",53,排名进入前30；标题包含 comfort、arch support、beach、summer，符合美国女鞋舒适化趋势。
2026-08-30,amazon_us,product,search,women slides,12,CUSHIONAIRE,¥194.33,4.4,CUSHIONAIRE,,,,,,https://www.amazon.com/CUSHIONAIRE-Womens-Feather-recovery-Comfort/dp/B0BTQ7ZS7B/ref=sr_1_5?dib=eyJ2IjoiMSJ9.wrqHnvIFpzxZDCy1gVq3f4ElwLELpfbzk0bZTxBh-O8xXo99n1y-JyWu8hO04zMbFa8OQbtn0tMqy7ERZafXwFluKpYT5fUsQnfJZgwnHb1s-edgEi3MXBSxp9w_9h5ZfOM2nOhRPAPY8SrG9MhuxYzJtmwmge5ImpWt-E-A-L02Ka8CpjUR49Tpw5LNUYRF1Kl6nXsuybKHgBxNIi53dEzNqF_Ha0NZv4P6EqWbn6iQDguAPD7-KDiCpoMzc6snydaAHQdVxmfXx4KogMDeq6dTzFSOiPQsel5lALf6Flk.aw27oKFMAe0Q9Yj5_5HBlNiDVpDsaA2h3Fn3HE8lh00&dib_tag=se&keywords=women+slides&qid=1788070429&sr=8-5,https://m.media-amazon.com/images/I/81PBXKFp76L._AC_UL320_.jpg,52,排名进入前30；价格处于人民币等值¥180.00-¥288.00区间；评分达到4.3以上。
2026-08-30,amazon_us,product,search,women slides,30,Calvin Klein,¥229.68,4.5,Calvin Klein,,,,,,https://www.amazon.com/Calvin-Klein-Womens-Athens-Sandal/dp/B0CQRSPTDJ/ref=sr_1_23?dib=eyJ2IjoiMSJ9.wrqHnvIFpzxZDCy1gVq3f4ElwLELpfbzk0bZTxBh-O8xXo99n1y-JyWu8hO04zMbFa8OQbtn0tMqy7ERZafXwFluKpYT5fUsQnfJZgwnHb1s-edgEi3MXBSxp9w_9h5ZfOM2nOhRPAPY8SrG9MhuxYzJtmwmge5ImpWt-E-A-L02Ka8CpjUR49Tpw5LNUYRF1Kl6nXsuybKHgBxNIi53dEzNqF_Ha0NZv4P6EqWbn6iQDguAPD7-KDiCpoMzc6snydaAHQdVxmfXx4KogMDeq6dTzFSOiPQsel5lALf6Flk.aw27oKFMAe0Q9Yj5_5HBlNiDVpDsaA2h3Fn3HE8lh00&dib_tag=se&keywords=women+slides&qid=1788070429&sr=8-23,https://m.media-amazon.com/images/I/61TQsy18fPL._AC_UL320_.jpg,52,排名进入前30；价格处于人民币等值¥180.00-¥288.00区间；评分达到4.3以上。
2026-08-30,amazon_us,product,search,platform sandals women,6,Lovee Cosee,¥331.13,4.0,Lovee Cosee,,,,,,https://www.amazon.com/sspa/click?ie=UTF8&spc=MTo4ODU3NDMyMjEyMTY2MjAzOjE3ODgwNzA0Mjk6c3Bfc2VhcmNoX3RoZW1hdGljOjMwMTM2NTEyMDE2NjcwMjo6MTo6&url=%2FLovee-Cosee-Lightweight-Comfortable-Essentials%2Fdp%2FB0GDDP3T2P%2Fref%3Dsxin_15_pa_sp_search_thematic_sspa%3Fcontent-id%3Damzn1.sym.d12ea098-dcb9-49c6-b8ab-df62d91eb787%253Aamzn1.sym.d12ea098-dcb9-49c6-b8ab-df62d91eb787%26cv_ct_cx%3Dplatform%2Bsandals%2Bwomen%26keywords%3Dplatform%2Bsandals%2Bwomen%26pd_rd_i%3DB0GDDP3T2P%26pd_rd_r%3D79c71e27-ad08-491b-813b-4368f67fd5be%26pd_rd_w%3DB5d2D%26pd_rd_wg%3DPSe63%26pf_rd_p%3Dd12ea098-dcb9-49c6-b8ab-df62d91eb787%26pf_rd_r%3DEXSVPXJT44XJJF267WFC%26qid%3D1788070429%26sbo%3DRZvfv%252F%252FHxDF%252BO5021pAnSA%253D%253D%26sr%3D1-2-7efdef4d-9875-47e1-927f-8c2c1c47ed49-spons%26aref%3DtsqW4oPD2u%26sp_csd%3Dd2lkZ2V0TmFtZT1zcF9zZWFyY2hfdGhlbWF0aWM%26psc%3D1&aref=tsqW4oPD2u,https://m.media-amazon.com/images/I/71tL3Y0loaL._AC_UL320_.jpg,52,排名靠前；价格高于人民币等值¥288.00；评分达到4.0以上。
2026-08-30,amazon_us,product,search,platform sandals women,27,UBFEN,¥287.93,4.4,UBFEN,,,,,,https://www.amazon.com/UBFEN-Espadrille-Platform-Sandals-Orthopedic/dp/B0GJS89MTL/ref=sr_1_14?dib=eyJ2IjoiMSJ9.JzUv4ofeymwwJhjsgZOiXh_zZiAVCGWUapBv6WR_ZERCIvxZE4zi7HhipvwvwTK0d8_JYSHbOX_y2gCoftSlq_8rL_y0sf4pQjWApHWe6UTcSgg6m2M9Ztp7LbDtFQw6P9DEsFomabnkv8TYDK6MLYU58z2wWCtT65mIq8-q5OzkzCYMOVFtCLpsvdZu-HVjXhYWdtKTdK6trfRrW-XqmKI-xqLpocTyEN0NYH_Sospii--70IJRABDZLydTlII5w2G5ZnqjBWwlGzjAasudECvC3joheeVn3ADUpRK2jYM.06fimQTk8gXgoDCoT12YYxkR-sMQDhqf6Vp9s0Iwrkw&dib_tag=se&keywords=platform+sandals+women&qid=1788070429&sr=8-14,https://m.media-amazon.com/images/I/81ToZ2Ro5jL._AC_UL320_.jpg,52,排名进入前30；价格处于人民币等值¥180.00-¥288.00区间；评分达到4.3以上。
2026-08-30,amazon_us,product,best_sellers,Best Sellers Women Sandals,17,mazeskin Womens Memory Foam Flip Flops Leather Flat Sandals | Vegan Leather Square Toe Cushion Summer Casual Comfortable Slim Thong Beach Slide Shoes Non Slip,,4.0,$9.99,,,,,,https://www.amazon.com/mazeskin-Womens-Memory-Leather-Sandals/dp/B0GRMZ5PFS/ref=zg_bs_g_679425011_d_sccl_17/136-6764247-4494531?psc=1,"https://images-na.ssl-images-amazon.com/images/I/717PAaaaLdL._AC_UL600_SR600,400_.jpg",51,排名进入前30；标题包含 comfort、beach、summer，符合美国女鞋舒适化趋势；评分达到4.0以上。
2026-08-30,amazon_us,product,best_sellers,Best Sellers Women Sandals,23,"CUSHIONAIRE Luna Sandals for Women, Cork Footbed Womens Sandals for Summer Comfort with Adjustable Straps, Wide Width Available",,4.5,$34.99,,,,,,https://www.amazon.com/CUSHIONAIRE-Next-Womens-Slide-Sandals-Brown/dp/B073XSLL5P/ref=zg_bs_g_679425011_d_sccl_23/136-6764247-4494531?psc=1,"https://images-na.ssl-images-amazon.com/images/I/81TDeaArVJL._AC_UL600_SR600,400_.jpg",51,排名进入前30；标题包含 comfort、summer，符合美国女鞋舒适化趋势；评分达到4.3以上。
2026-08-30,amazon_us,product,new_releases,New Releases Women Sandals,20,RJYLP Jelly Sandals for Women Clear Sandals Jelly Shoes Women Kitten Heel Mules Open Toe Slide Pumps Dress Shoes Beach Summer Sandal Cute Comfortable,,4.1,$49.99,,,,,,https://www.amazon.com/RJYLP-Sandals-Kitten-Summer-Comfortable/dp/B0H3NBYHJS/ref=zg_bsnr_g_679425011_d_sccl_20/133-0227759-4104164?psc=1,"https://images-na.ssl-images-amazon.com/images/I/61SdeC7gxAL._AC_UL600_SR600,400_.jpg",51,排名进入前30；标题包含 comfort、beach、summer，符合美国女鞋舒适化趋势；评分达到4.0以上。
2026-08-30,amazon_us,product,new_releases,New Releases Women Sandals,21,"UBFEN Womens Flat Sandals T-Strap Thong Sandals with Arch Support | Braided Upper, Lightweight, Comfortable for Walking, Flip Flop with Back Elastic Strap",,4.0,$33.99,,,,,,https://www.amazon.com/UBFEN-Womens-Sandals-T-Strap-Support/dp/B0GW3ZW244/ref=zg_bsnr_g_679425011_d_sccl_21/133-0227759-4104164?psc=1,"https://images-na.ssl-images-amazon.com/images/I/814UqhNlwuL._AC_UL600_SR600,400_.jpg",51,排名进入前30；标题包含 comfort、arch support，符合美国女鞋舒适化趋势；评分达到4.0以上。
2026-08-30,amazon_us,product,search,women slides,47,Unisex Arch Support Slides Cushioned Non Slip Shower Sandals,¥143.93,4.0,100+ bought in past month,,,,,,https://www.amazon.com/VIVASUN-Unisex-Support-Cushioned-Sandals/dp/B0H8CX577D/ref=sr_1_40?dib=eyJ2IjoiMSJ9.wrqHnvIFpzxZDCy1gVq3f4ElwLELpfbzk0bZTxBh-O8xXo99n1y-JyWu8hO04zMbFa8OQbtn0tMqy7ERZafXwFluKpYT5fUsQnfJZgwnHb1s-edgEi3MXBSxp9w_9h5ZfOM2nOhRPAPY8SrG9MhuxYzJtmwmge5ImpWt-E-A-L02Ka8CpjUR49Tpw5LNUYRF1Kl6nXsuybKHgBxNIi53dEzNqF_Ha0NZv4P6EqWbn6iQDguAPD7-KDiCpoMzc6snydaAHQdVxmfXx4KogMDeq6dTzFSOiPQsel5lALf6Flk.aw27oKFMAe0Q9Yj5_5HBlNiDVpDsaA2h3Fn3HE8lh00&dib_tag=se&keywords=women+slides&qid=1788070429&sr=8-40,https://m.media-amazon.com/images/I/71DfPnwadBL._AC_UL320_.jpg,50,排名进入前50；评论数达到50以上；价格处于人民币等值¥57.60-¥180.00黄金区间；标题包含 arch support，符合美国女鞋舒适化趋势；评分达到4.0以上。
2026-08-30,amazon_us,product,search,platform sandals women,29,Vilanva,¥143.93,3.9,Vilanva,,,,,,https://www.amazon.com/Vilanva-Platform-Lightweight-Comfortable-Non-Slip/dp/B0GH6HQ54N/ref=sr_1_16?dib=eyJ2IjoiMSJ9.JzUv4ofeymwwJhjsgZOiXh_zZiAVCGWUapBv6WR_ZERCIvxZE4zi7HhipvwvwTK0d8_JYSHbOX_y2gCoftSlq_8rL_y0sf4pQjWApHWe6UTcSgg6m2M9Ztp7LbDtFQw6P9DEsFomabnkv8TYDK6MLYU58z2wWCtT65mIq8-q5OzkzCYMOVFtCLpsvdZu-HVjXhYWdtKTdK6trfRrW-XqmKI-xqLpocTyEN0NYH_Sospii--70IJRABDZLydTlII5w2G5ZnqjBWwlGzjAasudECvC3joheeVn3ADUpRK2jYM.06fimQTk8gXgoDCoT12YYxkR-sMQDhqf6Vp9s0Iwrkw&dib_tag=se&keywords=platform+sandals+women&qid=1788070429&sr=8-16,https://m.media-amazon.com/images/I/71PL6JGVN0L._AC_UL320_.jpg,50,排名进入前30；价格处于人民币等值¥57.60-¥180.00黄金区间。
2026-08-30,amazon_us,product,search,platform sandals women,30,IDIFU,¥115.13,3.9,IDIFU,,,,,,https://www.amazon.com/IDIFU-Platform-Sandals-Comfortable-Chunky/dp/B0GLF5JB5C/ref=sr_1_17?dib=eyJ2IjoiMSJ9.JzUv4ofeymwwJhjsgZOiXh_zZiAVCGWUapBv6WR_ZERCIvxZE4zi7HhipvwvwTK0d8_JYSHbOX_y2gCoftSlq_8rL_y0sf4pQjWApHWe6UTcSgg6m2M9Ztp7LbDtFQw6P9DEsFomabnkv8TYDK6MLYU58z2wWCtT65mIq8-q5OzkzCYMOVFtCLpsvdZu-HVjXhYWdtKTdK6trfRrW-XqmKI-xqLpocTyEN0NYH_Sospii--70IJRABDZLydTlII5w2G5ZnqjBWwlGzjAasudECvC3joheeVn3ADUpRK2jYM.06fimQTk8gXgoDCoT12YYxkR-sMQDhqf6Vp9s0Iwrkw&dib_tag=se&keywords=platform+sandals+women&qid=1788070429&sr=8-17,https://m.media-amazon.com/images/I/81JSTk0SgZL._AC_UL320_.jpg,50,排名进入前30；价格处于人民币等值¥57.60-¥180.00黄金区间。
2026-08-30,amazon_us,product,best_sellers,Best Sellers Women Sandals,7,Havaianas Women's Slim Square Solid Flip Flops,,4.1,$19.90,,,,,,https://www.amazon.com/Havaianas-Womens-Square-Solid-Medium/dp/B0BBPX6J6F/ref=zg_bs_g_679425011_d_sccl_7/136-6764247-4494531?psc=1,"https://images-na.ssl-images-amazon.com/images/I/519tF5UFGFL._AC_UL600_SR600,400_.jpg",49,排名靠前；评分达到4.0以上。
2026-08-30,amazon_us,product,best_sellers,Best Sellers Women Sandals,10,LULLASONG Women's Kitten Heels Sandals Square Open Toe Flip Flop Heels 1.8-2 Inch Heeled Sandals for Women,,4.0,$35.99,,,,,,https://www.amazon.com/LULLASONG-Womens-Kitten-Sandals-Square/dp/B0DCFSM597/ref=zg_bs_g_679425011_d_sccl_10/136-6764247-4494531?psc=1,"https://images-na.ssl-images-amazon.com/images/I/61aVZl7OhqL._AC_UL600_SR600,400_.jpg",49,排名靠前；评分达到4.0以上。
2026-08-30,amazon_us,product,new_releases,New Releases Women Sandals,1,"CUSHIONAIRE Java Casual Womens Jelly Flats with Adjustable Strap, Closed Toe Mary Janes Mule Design, Waterproof Jelly Sandals for Women",,4.2,$34.99,,,,,,https://www.amazon.com/CUSHIONAIRE-Adjustable-Waterproof-Sandals-Whiskey/dp/B0H6GSWXPJ/ref=zg_bsnr_g_679425011_d_sccl_1/133-0227759-4104164?psc=1,"https://images-na.ssl-images-amazon.com/images/I/71gErrKwjVL._AC_UL600_SR600,400_.jpg",49,排名靠前；评分达到4.0以上。
2026-08-30,amazon_us,product,search,women slides,29,Under Armour,¥245.30,4.2,Under Armour,,,,,,https://www.amazon.com/Under-Armour-Womens-Ignite-Slides/dp/B0F343Z28R/ref=sr_1_22_mod_primary_new?dib=eyJ2IjoiMSJ9.wrqHnvIFpzxZDCy1gVq3f4ElwLELpfbzk0bZTxBh-O8xXo99n1y-JyWu8hO04zMbFa8OQbtn0tMqy7ERZafXwFluKpYT5fUsQnfJZgwnHb1s-edgEi3MXBSxp9w_9h5ZfOM2nOhRPAPY8SrG9MhuxYzJtmwmge5ImpWt-E-A-L02Ka8CpjUR49Tpw5LNUYRF1Kl6nXsuybKHgBxNIi53dEzNqF_Ha0NZv4P6EqWbn6iQDguAPD7-KDiCpoMzc6snydaAHQdVxmfXx4KogMDeq6dTzFSOiPQsel5lALf6Flk.aw27oKFMAe0Q9Yj5_5HBlNiDVpDsaA2h3Fn3HE8lh00&dib_tag=se&keywords=women+slides&qid=1788070429&sbo=RZvfv%2F%2FHxDF%2BO5021pAnSA%3D%3D&sr=8-22,https://m.media-amazon.com/images/I/41S9a3VMv1L._AC_UL320_.jpg,49,排名进入前30；价格处于人民币等值¥180.00-¥288.00区间；评分达到4.0以上。
2026-08-30,amazon_us,product,search,platform sandals women,12,YorFotMae,¥183.53,4.2,YorFotMae,,,,,,https://www.amazon.com/YorFotMae-Platform-Sandals-Footbed-Buckles%EF%BC%8C/dp/B0F9KJZ1XJ/ref=sr_1_6?dib=eyJ2IjoiMSJ9.JzUv4ofeymwwJhjsgZOiXh_zZiAVCGWUapBv6WR_ZERCIvxZE4zi7HhipvwvwTK0d8_JYSHbOX_y2gCoftSlq_8rL_y0sf4pQjWApHWe6UTcSgg6m2M9Ztp7LbDtFQw6P9DEsFomabnkv8TYDK6MLYU58z2wWCtT65mIq8-q5OzkzCYMOVFtCLpsvdZu-HVjXhYWdtKTdK6trfRrW-XqmKI-xqLpocTyEN0NYH_Sospii--70IJRABDZLydTlII5w2G5ZnqjBWwlGzjAasudECvC3joheeVn3ADUpRK2jYM.06fimQTk8gXgoDCoT12YYxkR-sMQDhqf6Vp9s0Iwrkw&dib_tag=se&keywords=platform+sandals+women&qid=1788070429&sr=8-6,https://m.media-amazon.com/images/I/716H0att18L._AC_UL320_.jpg,49,排名进入前30；价格处于人民币等值¥180.00-¥288.00区间；评分达到4.0以上。
2026-08-30,amazon_us,product,search,platform sandals women,25,DREAM PAIRS,¥201.53,4.1,DREAM PAIRS,,,,,,https://www.amazon.com/DREAM-PAIRS-Espadrilles-Comfortable-Adjustable/dp/B0FZRZNNV8/ref=sr_1_12?dib=eyJ2IjoiMSJ9.JzUv4ofeymwwJhjsgZOiXh_zZiAVCGWUapBv6WR_ZERCIvxZE4zi7HhipvwvwTK0d8_JYSHbOX_y2gCoftSlq_8rL_y0sf4pQjWApHWe6UTcSgg6m2M9Ztp7LbDtFQw6P9DEsFomabnkv8TYDK6MLYU58z2wWCtT65mIq8-q5OzkzCYMOVFtCLpsvdZu-HVjXhYWdtKTdK6trfRrW-XqmKI-xqLpocTyEN0NYH_Sospii--70IJRABDZLydTlII5w2G5ZnqjBWwlGzjAasudECvC3joheeVn3ADUpRK2jYM.06fimQTk8gXgoDCoT12YYxkR-sMQDhqf6Vp9s0Iwrkw&dib_tag=se&keywords=platform+sandals+women&qid=1788070429&sr=8-12,https://m.media-amazon.com/images/I/71QL1LJYN3L._AC_UL320_.jpg,49,排名进入前30；价格处于人民币等值¥180.00-¥288.00区间；评分达到4.0以上。
2026-08-30,amazon_us,product,best_sellers,Best Sellers Women Sandals,18,SKETOE Kitten Heels for Women Square Toe Sandals Flip Flop Heels Thong Sandals Comfortable Summer 2 Inch Heels Sandals,,4.1,$28.99,,,,,,https://www.amazon.com/SKETOE-Kitten-Square-Sandals-Comfortable/dp/B0F4QHKCDM/ref=zg_bs_g_679425011_d_sccl_18/136-6764247-4494531?psc=1,"https://images-na.ssl-images-amazon.com/images/I/61WGe4p1FWL._AC_UL600_SR600,400_.jpg",48,排名进入前30；标题包含 comfort、summer，符合美国女鞋舒适化趋势；评分达到4.0以上。
2026-08-30,amazon_us,product,best_sellers,Best Sellers Women Sandals,22,"Coutgo Womens Kitten Heel Sandals Heeled Mules Pointed Open Toe High Heels | Comfortable, Sexy, Slip On, Backless, Dress Shoes, 3.2 Inch, Peep Toe, Wedding, Bridal, Party, Prom, Graduation",,4.3,$32.29,,,,,,https://www.amazon.com/Coutgo-Womens-Pointed-Backless-Sandals/dp/B0DG1X84PR/ref=zg_bs_g_679425011_d_sccl_22/136-6764247-4494531?psc=1,"https://images-na.ssl-images-amazon.com/images/I/61rZuSoH5yL._AC_UL600_SR600,400_.jpg",48,排名进入前30；标题包含 comfort，符合美国女鞋舒适化趋势；评分达到4.3以上。
2026-08-30,amazon_us,product,new_releases,New Releases Women Sandals,5,"CUSHIONAIRE Aqua Jelly Flip Flops for Women | Jelly Shoes Glossy Upper, Slip-On Thong Design, Open Round Toe, Quick-Dry Beach and Pool Friendly, Travel-Ready Resort Style",,3.3,$29.99,,,,,,https://www.amazon.com/CUSHIONAIRE-Jelly-Flops-Women-CHOCOLATE/dp/B0H6BZ8F8Y/ref=zg_bsnr_g_679425011_d_sccl_5/133-0227759-4104164?psc=1,"https://images-na.ssl-images-amazon.com/images/I/71LKwjHednL._AC_UL600_SR600,400_.jpg",48,排名靠前；标题包含 beach，符合美国女鞋舒适化趋势。
2026-08-30,amazon_us,product,new_releases,New Releases Women Sandals,19,"DREAM PAIRS Women's Kitten Strappy Heel Sandals | Slip On Heeled Sandals for Women, Open Toe Summer Sandals for Weddings, Parties, Work and Dressy Occasions",,4.7,$34.99,,,,,,https://www.amazon.com/DREAM-PAIRS-Womens-Strappy-Sandals/dp/B0H6JD8BLV/ref=zg_bsnr_g_679425011_d_sccl_19/133-0227759-4104164?psc=1,"https://images-na.ssl-images-amazon.com/images/I/615T5Gm9P5L._AC_UL600_SR600,400_.jpg",48,排名进入前30；标题包含 summer，符合美国女鞋舒适化趋势；评分达到4.6以上。
2026-08-30,amazon_us,product,new_releases,New Releases Women Sandals,26,"IDAWIVI Women's Strappy Kitten Heels Sandals Square Open Toe Low Heel shoes | Adjustable Ankle Strap with Comfort and Elegant Style for Weddings, Proms, Parties, Vacations & Daily Wear",,4.3,$33.02,,,,,,https://www.amazon.com/IDAWIVI-Strappy-Kitten-Heels-Sandals/dp/B0GWP9QTPD/ref=zg_bsnr_g_679425011_d_sccl_26/133-0227759-4104164?psc=1,"https://images-na.ssl-images-amazon.com/images/I/61rbXB6nhRL._AC_UL600_SR600,400_.jpg",48,排名进入前30；标题包含 comfort，符合美国女鞋舒适化趋势；评分达到4.3以上。
2026-08-30,amazon_us,product,new_releases,New Releases Women Sandals,28,adidas Womens Adilette Comfort 2.0 Slides Casual Sandals Casual - White,,4.3,$29.99,,,,,,https://www.amazon.com/adidas-Womens-Adilette-Comfort-BlackCyberMetallicBlack/dp/B0FW9X7P4N/ref=zg_bsnr_g_679425011_d_sccl_28/133-0227759-4104164?psc=1,"https://images-na.ssl-images-amazon.com/images/I/51dWFcpOn9L._AC_UL600_SR600,400_.jpg",48,排名进入前30；标题包含 comfort，符合美国女鞋舒适化趋势；评分达到4.3以上。
2026-08-30,amazon_us,product,search,women slides,20,Coach,¥684.00,4.6,Coach,,,,,,https://www.amazon.com/Coach-Womens-Udele-Slide-Tan/dp/B07PGQ6MQ8/ref=sr_1_13?dib=eyJ2IjoiMSJ9.wrqHnvIFpzxZDCy1gVq3f4ElwLELpfbzk0bZTxBh-O8xXo99n1y-JyWu8hO04zMbFa8OQbtn0tMqy7ERZafXwFluKpYT5fUsQnfJZgwnHb1s-edgEi3MXBSxp9w_9h5ZfOM2nOhRPAPY8SrG9MhuxYzJtmwmge5ImpWt-E-A-L02Ka8CpjUR49Tpw5LNUYRF1Kl6nXsuybKHgBxNIi53dEzNqF_Ha0NZv4P6EqWbn6iQDguAPD7-KDiCpoMzc6snydaAHQdVxmfXx4KogMDeq6dTzFSOiPQsel5lALf6Flk.aw27oKFMAe0Q9Yj5_5HBlNiDVpDsaA2h3Fn3HE8lh00&dib_tag=se&keywords=women+slides&qid=1788070429&sr=8-13,https://m.media-amazon.com/images/I/71BQOaIl59L._AC_UL320_.jpg,48,排名进入前30；价格高于人民币等值¥288.00；评分达到4.6以上。
2026-08-30,amazon_us,product,search,platform sandals women,21,Teva womens Original Universal | Casual Sandals Teva womens Original Universal | Casual Sandals,¥539.64,4.6,4.6,,,,,,https://sponsored-ads.amazon.com/clk/?_encoding=UTF8&p=eAFVUMuO0lAYDk7USYOXsBgT3GFkQXLoaW0pxTSmt4EGLEwLc2Fzcug5LR1LW3o6Qliw8BkmcaVL1yY-gg_gxifxCUxkjPFbfcl3-f98HDn-dPvj54PaI316PrGGzvASWrbXqAitk5Cm8RblfeJfrLB3OrzWB1LEeiftK2Bfuf5qUez03YWeXIPRVo68qqCIbVGQ2pLUhvN7vrE41u3pwPYcv_aMe0goe1dmea06cz3bHPddZ25b9W8V7sWdghjFRbBEOS2CLMElRXGaxClFizKscXiFd1naDrJV_TlbgCDBjMUBOGTAwQlyoXGfpmjmt2S2AOWSrigBQZYkNCjjLAXvRXB3DAS4IAzkOE5LWoAgS0ualuJLw9NdC5nj0cg2p87Y9ZHjjhzXRiPn3EaW7Q-n40mjw1Xg0y-_Pnz9_N2qP_5beXii8USEEKqy0u3IXdhRBPFo5lu9I3Nitoa115ahm_mpAxR9b6wPiPS9cZZv6SzW_8feiPbG2d7Q_5CoXjUje9vX7ahYR1T8WOFuK8uyzFmP5zebTfvfRHyU83jDE96A5mB-qYgT901OUEFQnixJoZXNJcMoKFBMNNhcx0QTlG4XKlAS1SYrNAFIQMay3BFDFYQkJEASoADUUCWAKB2MVVXtSq_EZqzhnDVxQUNNnkN6c_OWFfA346m9Hg&v=c1&r=https%3A%2F%2Fwww.amazon.com%2Fgp%2Faw%2Fd%2FB0CHZX72PN%3Fpd_rd_plhdr%3Dt%26hsa_cr_id%3D0%26qid%3D1788070429%26sr%3D1-4-5a5562f9-fdfd-4101-9f9d-d76aa9998432%26i%3Daps%26aref%3D5Z0euuMsr0&ref_=sbx__sbtcd2_asin_3_bkgd&pd_rd_w=0nBIC&content-id=amzn1.sym.90f77631-9599-4fe0-95f8-a40adfe1c762%3Aamzn1.sym.90f77631-9599-4fe0-95f8-a40adfe1c762&pf_rd_p=90f77631-9599-4fe0-95f8-a40adfe1c762&pf_rd_r=EXSVPXJT44XJJF267WFC&pd_rd_wg=PSe63&pd_rd_r=79c71e27-ad08-491b-813b-4368f67fd5be,"https://m.media-amazon.com/images/I/71T2j4VVR5L._AC_SR322,134_CB1169409_QL70_.jpg",48,排名进入前30；价格高于人民币等值¥288.00；评分达到4.6以上。
2026-08-30,amazon_us,product,new_releases,New Releases Women Sandals,30,"CUSHIONAIRE Fuse Chunky Womens Sandals with Double Buckle Straps and Durable Lug Sole, Casual Platform Sandals Women Footwear",,4.0,$44.99,,,,,,https://www.amazon.com/CUSHIONAIRE-Sandals-Platform-Footwear-TORTOISE/dp/B0H427B8X1/ref=zg_bsnr_g_679425011_d_sccl_30/133-0227759-4104164?psc=1,"https://images-na.ssl-images-amazon.com/images/I/81J+-tsF-qL._AC_UL600_SR600,400_.jpg",47,排名进入前30；标题包含 platform，符合美国女鞋舒适化趋势；评分达到4.0以上。
2026-08-30,amazon_us,product,new_releases,New Releases Women Sandals,42,Tidewater Flip Flops | Women's Arch Support | Comfortable Casual Sandals | Beach and Daily Wear | Made for Comfort and Style | Resort Wear | Everyday Comfort,,4.5,162,,,,,,https://www.amazon.com/Tidewater-Flip-Flops-Comfortable-Everyday/dp/B0H9YVWG43/ref=zg_bsnr_g_679425011_d_sccl_42/133-0227759-4104164?psc=1,"https://images-na.ssl-images-amazon.com/images/I/51EUsxNmtJL._AC_UL300_SR300,200_.jpg",47,排名进入前50；评论数达到50以上；标题包含 comfort、arch support、beach，符合美国女鞋舒适化趋势；评分达到4.3以上。
2026-08-30,amazon_us,product,new_releases,New Releases Women Sandals,22,"CUSHIONAIRE Ferry Espadrille Wedge Sandals for Women, Thong Platform Flip Flops with Cross Strap and Slip-On Design",,3.8,$49.99,,,,,,https://www.amazon.com/CUSHIONAIRE-Espadrille-Sandals-Platform-Design/dp/B0H4348ZGW/ref=zg_bsnr_g_679425011_d_sccl_22/133-0227759-4104164?psc=1,"https://images-na.ssl-images-amazon.com/images/I/81rI8wTUKAL._AC_UL600_SR600,400_.jpg",46,排名进入前30；标题包含 platform、wedge，符合美国女鞋舒适化趋势。
2026-08-30,amazon_us,product,search,platform sandals women,43,"Suede Platform Sandals Women, Cork Footbed Espadrille Wedge Lady",¥107.93,3.8,"Price, product page $14.99 $ 14 . 99 List: $19.99 List: $19.99 $19.99",,,,,,https://www.amazon.com/BiuYorBTY-Platform-Espadrille-Slippers-Footwear/dp/B0DZ26XMC6/ref=sr_1_30?dib=eyJ2IjoiMSJ9.JzUv4ofeymwwJhjsgZOiXh_zZiAVCGWUapBv6WR_ZERCIvxZE4zi7HhipvwvwTK0d8_JYSHbOX_y2gCoftSlq_8rL_y0sf4pQjWApHWe6UTcSgg6m2M9Ztp7LbDtFQw6P9DEsFomabnkv8TYDK6MLYU58z2wWCtT65mIq8-q5OzkzCYMOVFtCLpsvdZu-HVjXhYWdtKTdK6trfRrW-XqmKI-xqLpocTyEN0NYH_Sospii--70IJRABDZLydTlII5w2G5ZnqjBWwlGzjAasudECvC3joheeVn3ADUpRK2jYM.06fimQTk8gXgoDCoT12YYxkR-sMQDhqf6Vp9s0Iwrkw&dib_tag=se&keywords=platform+sandals+women&qid=1788070429&sr=8-30,https://m.media-amazon.com/images/I/61vqYnGa0gL._AC_UL320_.jpg,46,排名进入前50；价格处于人民币等值¥57.60-¥180.00黄金区间；标题包含 platform、wedge，符合美国女鞋舒适化趋势。
2026-08-30,amazon_us,product,best_sellers,Best Sellers Women Sandals,11,"DREAM PAIRS Women's Comfort Block Heel Sandals | Open Toe Adjustable Ankle Strap Chunky Dress Heels, Fashion Heeled Sandals for Prom, Wedding Guest and Formal Events",,4.2,$25.48,,,,,,https://www.amazon.com/DREAM-PAIRS-Womens-Chunk-Sandals/dp/B071CTLNBL/ref=zg_bs_g_679425011_d_sccl_11/136-6764247-4494531?psc=1,"https://images-na.ssl-images-amazon.com/images/I/61mjdmlQ3bL._AC_UL600_SR600,400_.jpg",45,排名进入前30；标题包含 comfort，符合美国女鞋舒适化趋势；评分达到4.0以上。
2026-08-30,amazon_us,product,best_sellers,Best Sellers Women Sandals,12,"Weweya Slides for Women Men Shower Shoes House Slippers Beach Sandals | Bathroom, Non Slip, Lightweight",,4.4,$9.98,,,,,,https://www.amazon.com/Weweya-Shower-Bathroom-Slippers-Sandals/dp/B0F1XJ9TM4/ref=zg_bs_g_679425011_d_sccl_12/136-6764247-4494531?psc=1,"https://images-na.ssl-images-amazon.com/images/I/718rk3GaK+L._AC_UL600_SR600,400_.jpg",45,排名进入前30；标题包含 beach，符合美国女鞋舒适化趋势；评分达到4.3以上。
2026-08-30,amazon_us,product,best_sellers,Best Sellers Women Sandals,14,"WHITIN Women's Slides with Cushioned Thick Sole Slippers for Home Wear Y13 | Comfort for Daily Wear, Waterproof & Easy to Clean, Indoor & Outdoor Versatility, Lightweight EVA for All-Day",,4.1,$9.99,,,,,,https://www.amazon.com/WHITIN-Slippers-Cushioned-Bathroom-Sandals/dp/B0C1C45XMJ/ref=zg_bs_g_679425011_d_sccl_14/136-6764247-4494531?psc=1,"https://images-na.ssl-images-amazon.com/images/I/71ik7hynCjL._AC_UL600_SR600,400_.jpg",45,排名进入前30；标题包含 comfort，符合美国女鞋舒适化趋势；评分达到4.0以上。
2026-08-30,amazon_us,product,best_sellers,Best Sellers Women Sandals,16,Clarks Women's Breeze Sea Flip-Flop,,4.7,$44.56,,,,,,https://www.amazon.com/Clarks-Womens-Breeze-Black-Synthetic/dp/B01FH9EEGE/ref=zg_bs_g_679425011_d_sccl_16/136-6764247-4494531?psc=1,"https://images-na.ssl-images-amazon.com/images/I/61f5Z2idq9L._AC_UL600_SR600,400_.jpg",45,排名进入前30；评分达到4.6以上。
2026-08-30,amazon_us,product,best_sellers,Best Sellers Women Sandals,46,KuaiLu Women's Rhinestone Flip Flops Arch Support Yoga Mat Cushion Sandals | Comfort Fashion Summer Beach Travel Orthotic Walking Thong Sandles Slip on Plantar Fasciitis Indoor Outdoor Shoes Size 5-11,,4.3,$15.99,,,,,,https://www.amazon.com/KuaiLu-Rhinestone-Comfort-Orthotic-Fasciitis/dp/B0DSKGBXR8/ref=zg_bs_g_679425011_d_sccl_46/133-0227759-4104164?psc=1,"https://images-na.ssl-images-amazon.com/images/I/71AzqGl1rjL._AC_UL300_SR300,200_.jpg",45,排名进入前50；标题包含 comfort、arch support、beach、summer，符合美国女鞋舒适化趋势；评分达到4.3以上。
2026-08-30,amazon_us,product,new_releases,New Releases Women Sandals,2,CUSHIONAIRE Riot Jelly Thong Kitten Heels for Women,,3.7,$39.99,,,,,,https://www.amazon.com/CUSHIONAIRE-Jelly-Thong-Kitten-CHOCOLATE/dp/B0H6C2T8B3/ref=zg_bsnr_g_679425011_d_sccl_2/133-0227759-4104164?psc=1,"https://images-na.ssl-images-amazon.com/images/I/71cl7MmlX-L._AC_UL600_SR600,400_.jpg",45,排名靠前。
2026-08-30,amazon_us,product,new_releases,New Releases Women Sandals,6,"CUSHIONAIRE Tory Strappy Flat Sandals for Women, Toe Ring Sandals with Adjustable Buckle Ankle Strap, Wrap Style",,3.3,$39.99,,,,,,https://www.amazon.com/CUSHIONAIRE-Strappy-Sandals-Adjustable-Buckle/dp/B0H42DFYZ8/ref=zg_bsnr_g_679425011_d_sccl_6/133-0227759-4104164?psc=1,"https://images-na.ssl-images-amazon.com/images/I/81hP4YBoUmL._AC_UL600_SR600,400_.jpg",45,排名靠前。
2026-08-30,amazon_us,product,new_releases,New Releases Women Sandals,13,"DREAM PAIRS Women's Stiletto Kitten Heeled Sandals | Pointed Open Toe Chunky Block Heels, Heeled Sandals Wedding Bridal Party, 3.78-inch stiletto heel Comfortable Shoes",,4.1,$39.99,,,,,,https://www.amazon.com/DREAM-PAIRS-Womens-Stiletto-Sandals/dp/B0H2TR91HX/ref=zg_bsnr_g_679425011_d_sccl_13/133-0227759-4104164?psc=1,"https://images-na.ssl-images-amazon.com/images/I/61UGcx94nZL._AC_UL600_SR600,400_.jpg",45,排名进入前30；标题包含 comfort，符合美国女鞋舒适化趋势；评分达到4.0以上。
2026-08-30,amazon_us,product,new_releases,New Releases Women Sandals,17,CUSHIONAIRE Toots Thong Strap Jelly Sandals for Women with Low Block Heel,,5.0,$39.99,,,,,,https://www.amazon.com/CUSHIONAIRE-Toots-Thong-Sandals-TORTOISE/dp/B0HB6R34PX/ref=zg_bsnr_g_679425011_d_sccl_17/133-0227759-4104164?psc=1,"https://images-na.ssl-images-amazon.com/images/I/71I1E9EQjlL._AC_UL600_SR600,400_.jpg",45,排名进入前30；评分达到4.6以上。
2026-08-30,amazon_us,product,new_releases,New Releases Women Sandals,23,threepurple Women's Non-Slip Flip Flops Ultra Lightweight Basic Thongs Rubber Soft Slide Slip-on Shoes Beach Pool Shower Sandals,,4.1,$7.99,,,,,,https://www.amazon.com/threepurple-Womens-Non-Slip-Lightweight-Sandals/dp/B0HB8ZZ2YB/ref=zg_bsnr_g_679425011_d_sccl_23/133-0227759-4104164?psc=1,"https://images-na.ssl-images-amazon.com/images/I/71-qSzOW17L._AC_UL600_SR600,400_.jpg",45,排名进入前30；标题包含 soft、beach，符合美国女鞋舒适化趋势；评分达到4.0以上。
2026-08-30,amazon_us,product,new_releases,New Releases Women Sandals,24,IDIFU IN1 Kitten Flip Flop Heels for Women Square Open Toe Low Heel | Wedding Bride Graduation Party Slide Dress Shoes Comfortable Cute Trendy Casual Thong Slip On Strappy Low Heeled Sandals,,4.0,$29.99,,,,,,https://www.amazon.com/IDIFU-Gold-Heels-Kitten-Square/dp/B0H33YNWQG/ref=zg_bsnr_g_679425011_d_sccl_24/133-0227759-4104164?psc=1,"https://images-na.ssl-images-amazon.com/images/I/612hFK868jL._AC_UL600_SR600,400_.jpg",45,排名进入前30；标题包含 comfort，符合美国女鞋舒适化趋势；评分达到4.0以上。
2026-08-30,amazon_us,product,new_releases,New Releases Women Sandals,36,"VIVASUN Flip Flops for Women with Arch Support Non-Slip Thong Sandals for Beach, Pool, Shower, Casual Summer Wear Comfortable Flip Flops",,4.3,$9.99,,,,,,https://www.amazon.com/VIVASUN-Support-Non-Slip-Sandals-Comfortable/dp/B0H3JMZ11X/ref=zg_bsnr_g_679425011_d_sccl_36/133-0227759-4104164?psc=1,"https://images-na.ssl-images-amazon.com/images/I/61u9FrNqQQL._AC_UL300_SR300,200_.jpg",45,排名进入前50；标题包含 comfort、arch support、beach、summer，符合美国女鞋舒适化趋势；评分达到4.3以上。
2026-08-30,amazon_us,product,search,women slides,40,Project Cloud,¥215.28,4.3,Project Cloud,,,,,,https://www.amazon.com/Project-Cloud-Comfortable-Essentials-Vacation/dp/B0D1RL4D93/ref=sr_1_33?dib=eyJ2IjoiMSJ9.wrqHnvIFpzxZDCy1gVq3f4ElwLELpfbzk0bZTxBh-O8xXo99n1y-JyWu8hO04zMbFa8OQbtn0tMqy7ERZafXwFluKpYT5fUsQnfJZgwnHb1s-edgEi3MXBSxp9w_9h5ZfOM2nOhRPAPY8SrG9MhuxYzJtmwmge5ImpWt-E-A-L02Ka8CpjUR49Tpw5LNUYRF1Kl6nXsuybKHgBxNIi53dEzNqF_Ha0NZv4P6EqWbn6iQDguAPD7-KDiCpoMzc6snydaAHQdVxmfXx4KogMDeq6dTzFSOiPQsel5lALf6Flk.aw27oKFMAe0Q9Yj5_5HBlNiDVpDsaA2h3Fn3HE8lh00&dib_tag=se&keywords=women+slides&qid=1788070429&sr=8-33,https://m.media-amazon.com/images/I/91FN+pG6RHL._AC_UL320_.jpg,45,排名进入前50；价格处于人民币等值¥180.00-¥288.00区间；标题包含 cloud，符合美国女鞋舒适化趋势；评分达到4.3以上。
2026-08-30,amazon_us,product,search,platform sandals women,1,4.0,,,4.0,,,,,,https://aax-us-east-retail-direct.amazon.com/x/c/JIKkyzKntGNC1DEHuFlmmwwAAAGgUU2FfwEAAAH2AQBvbm9fdHhuX2JpZDcgICBvbm9fdHhuX2ltcDIgICCz4liq/clv1c_ek-IxfHXUsbWDQWEK8qziRyudkBKflzvVTtjiZlupNkJVdpkPZyozhMr5V3ghHC0M7RkwJuun-u4hi8obHtv6hyNgGsS9kwS6RHunDnjiszykxKI8kBCHob5-98UxjG2pjEt3ekpY3bvy0ZcNMhuwfm-Itew0nXKkAd2xSmkHG6fmukQHcE_SV5olJOrhoL3_FZElydRDCGw7TQchenB96G7jHsuQBriHcL3eH2kEu6McH66EXYTSmvxftk97U6JgY5GqSYuB7qVkOv0nLQDKIVmqBtsClO3CV4e-bmmj_6brwga0zGR584tDiCC2TsVg0BrJwgK4Pp7ldLJB88HQDKndhB0GezZ3DJ0d2Y_ETYCpqpw3IkA9DHogL3NuyX4u0Zf-35jVXgEhnUqFPTSCby1Z34tPJDj0ouF2DxWp94FhjJlICiwlygEwxnThG_BYmbNplIp_rnN3u7Q3lF1-UPjRUUCXYVaV8sUdHH8NcKh0izBvL0T5umN2-gWtqo3pWaU6WLF9ffLYF9UAJY_aecaFlKiNiHVmpf0MmO4F6N9l_V_AhjLa6MzXlpYJMj5mZumMax8juwwux2nFeWBQxRlbpWI5N-MMOKj7gdEc12AQFUWgT_oiMl05JQDgZp3RBfJG1A_pG86-9Xjbjd6PlBkDspHJHcwoBPb4LinCn_3f7NJqB9HGSRW_5CPAwaiarfveBob3aR3xZ2jMt9aoptz-dITQIeFWc3G9iQ7dd3eotSY7OSBlbk88ERGjY1Vr9hnXBTUbEKhQ1ehg5M9Z51cE6dkmpIboIIsanDVFOw5KD8qMZnteumlRq6mNnGM_qH6eR-k9vHycZ3Z3mEb01oma_qg1b4_VHaQHO3lziXzTBnJclBv4OpMh9ee_iY7YZ0F8g1GXXupLL3ltht2NmnUIgnzYPIuhyhjmEzdSKJww9cABiACBnf5tvcqcA-HjC4kRP9WXH1c-mi_IP6g9FooNv9_niX6vD0oQDRGYdQezQeb8b02hhWqX3-VOMLT8Fcm-KSjSP-PM4Ktv-VvgbfLJvQsSxd64LGGV4yNXAi-Izv88ZFuX-bdhH631wcuabvH3GPizYH-9cdveHWeIdJND-dLfX6L-p-HWlrXZFpmgBo2UF2393cABQORnvJVvXVqpsQ_BNJeW5vTOqNZVWCHHVxZtgHq3yV1x_3iaWqLjkAfDnpau0AXvgSkawRuFv2u1n6bwRRZcgFhGJWWfeWXWd0eZvOuai-id2bZ71miCYzOK5pXllOEofP9qkJodz-dqBzd_8sCueyB8s_VIdPOWtUvVQx_-tt5o3v-Cv4fwvwGBAGt2zDnnSOLBvcQX2hJxFFTZMrUkrD8lBzQJboCNCw2gerKc_egHBK6Qr64DH4yKbXpFTRNfaWyGjv4IXcyINTDwXwNoQYF2BCbuBnfOIDEaQrci8mdlq9tmb17ohDPYU9vwH30LnnQyapFnRgj3xgvGulW2cXByCn61dVPpUZkRw-VkCb69fJTlEZOEIEJ13XuPUOhIUXwLHeMwi4RgN04FQWiHnYP8SPLAL3MR1Rtvf8Cnj4Xsz9IxgtY1YBINyNDVh3SpBqF94N440e4wMKyiSikEle63F57Gslzd9yFo_c/https://www.amazon.com/dp/B0FWV47NSW/?_encoding=UTF8&pd_rd_i=B0FWV47NSW&ref_=sbx_be_s_sparkle_ssd_img&qid=1788070429&pd_rd_w=L53jn&content-id=amzn1.sym.8de9b3d5-f5c5-40e9-9b39-d65f08d6ea68%3Aamzn1.sym.8de9b3d5-f5c5-40e9-9b39-d65f08d6ea68&pf_rd_p=8de9b3d5-f5c5-40e9-9b39-d65f08d6ea68&pf_rd_r=EXSVPXJT44XJJF267WFC&pd_rd_wg=DbsEH&pd_rd_r=70c648c4-1c9b-4210-9d70-e968b73bd27e&pd_rd_plhdr=t,"https://m.media-amazon.com/images/I/51hzokf1usL._AC_SR250,250_QL65_.jpg",45,排名靠前。
2026-08-30,amazon_us,product,search,platform sandals women,15,Crocs,¥323.64,4.5,Crocs,,,,,,https://www.amazon.com/Crocs-Getaway-Platform-Sandals-LiteRide/dp/B0DND8TTL9/ref=sr_1_9?dib=eyJ2IjoiMSJ9.JzUv4ofeymwwJhjsgZOiXh_zZiAVCGWUapBv6WR_ZERCIvxZE4zi7HhipvwvwTK0d8_JYSHbOX_y2gCoftSlq_8rL_y0sf4pQjWApHWe6UTcSgg6m2M9Ztp7LbDtFQw6P9DEsFomabnkv8TYDK6MLYU58z2wWCtT65mIq8-q5OzkzCYMOVFtCLpsvdZu-HVjXhYWdtKTdK6trfRrW-XqmKI-xqLpocTyEN0NYH_Sospii--70IJRABDZLydTlII5w2G5ZnqjBWwlGzjAasudECvC3joheeVn3ADUpRK2jYM.06fimQTk8gXgoDCoT12YYxkR-sMQDhqf6Vp9s0Iwrkw&dib_tag=se&keywords=platform+sandals+women&qid=1788070429&sr=8-9,https://m.media-amazon.com/images/I/41yd3SXL8yL._AC_UL320_.jpg,45,排名进入前30；价格高于人民币等值¥288.00；评分达到4.3以上。
2026-08-30,amazon_us,product,search,platform sandals women,18,UGG womens Goldengaze Toe Post UGG womens Goldengaze Toe Post,¥863.64,4.4,4.4,,,,,,https://sponsored-ads.amazon.com/clk/?_encoding=UTF8&p=eAFVUM2O0lAYDU7USYM_YTGT4A4jC5JbbmtLKYaY_gENWJgWZoTNzaX3tnQsbentCGHBwmeYxJUuXZv4CD6AG5_EJzCRMcazOsn5-b4cjpx-uv3x80HlkTa9nJhDe_gWmpZbKwmNs4Am0Q5lfeJdrbHbG15rAylknTN-Dqy5462X-V7bX2nxNRjt5NAtC4rIi4LESxIPF_c8fXmqWdOB5dpe5Zx7SCh7V6RZpTxzXMsY9x17YZnVbyXu-Z2CGMW5v0IZzf00xgVFURJHCUXLIqhweI33acL76br6jC2BH2PGIh8cM-DoBJlQu08TNPMaMluCYkXXlAA_jWPqF1GagPciuDsGfJwTBjIcJQXNgZ8mBU0K8YXuao6JjPFoZBlTe-x4yHZGtmOhkX1pIdPyhtPxpNbiSvDpl18fvn7-blYf_608PlF7IkIIVVlpt-Q2bCmCeDLzzM6JMTEaw8orU9eMrGcDRTvomyNC7aBfZDs6i7T_cdDDg35x0LU_JKyWjdDa9TUrzDchFT-WuNvSqigy1mk2t9st_2-iZpg18bZJmjrsmYI0mJuT1xlBOUFZvCJ5t6ivGEZ-jiLShfVNRLqC0m5DBUqiWmd5VwACkLEst8RABQEJCJAEKAA1UAkgSgtjVVXb0kuxHnVxxuo4p0FXXkB6c_OG5fA31Iq8-w&v=c1&r=https%3A%2F%2Fwww.amazon.com%2Fgp%2Faw%2Fd%2FB0FD14HYDP%3Fpd_rd_plhdr%3Dt%26hsa_cr_id%3D0%26qid%3D1788070429%26sr%3D1-1-5a5562f9-fdfd-4101-9f9d-d76aa9998432%26i%3Daps%26aref%3D5Z0euuMsr0&ref_=sbx__sbtcd2_asin_0_bkgd&pd_rd_w=0nBIC&content-id=amzn1.sym.90f77631-9599-4fe0-95f8-a40adfe1c762%3Aamzn1.sym.90f77631-9599-4fe0-95f8-a40adfe1c762&pf_rd_p=90f77631-9599-4fe0-95f8-a40adfe1c762&pf_rd_r=EXSVPXJT44XJJF267WFC&pd_rd_wg=PSe63&pd_rd_r=79c71e27-ad08-491b-813b-4368f67fd5be,"https://m.media-amazon.com/images/I/71xncqdmPZL._AC_SR322,134_CB1169409_QL70_.jpg",45,排名进入前30；价格高于人民币等值¥288.00；评分达到4.3以上。
2026-08-30,amazon_us,product,search,platform sandals women,22,BORN IWA | Casual Sandals BORN IWA | Casual Sandals,¥935.64,4.5,4.5,,,,,,https://sponsored-ads.amazon.com/clk/?_encoding=UTF8&p=eAFVUMuK01AYpg7qEOqFLmag7ip2MXCak5g0SaVIbtMJjeklbcfp5nCac5JmTJM0J2NLF134DAOudOla8BF8ADc-iU8g2BHxW33wXf6fjyPHn25__HxQe6RPZkOr7_TfQsseNyrC2UlI03iL8h7xL1d4fN6_1i-kiHVOWlfAvvL81aLY6btLPbkG7laOxlVBEVuiILUkqQXn93xjcazbkwt77Pi1U-4hoexdmeW16tQb2-ag5zlz26p_q3DP7xTEKC6CJcppEWQJLimK0yROKVqUYY3DK7zL0laQrerP2AIECWYsDsAhAw5OkAuN-zRFU_9MZgtQLumKEhBkSUKDMs5S8F4Ed8dAgAvCQI7jtKQFCLK0pGkpvjDGumchc-C6tjlxBp6PHM91PBu5zsxGlu33J4Nho81V4NMvvz58_fzdqj_-W3l4ovFEhBBqsqK2ZRW2FUE8mvpW58gcmmf92ivL0M383AGKvjfWB0T63hjlWzqN9f-xN6K9Mdob-h8S1atmZG97uh0V64iKHyvcbWVZljnr8Pxms2n9m4iPch5veMIbUJnN3JHvqq9zggqC8mRJim7ZXDKMggLFpAub65h0BUVVoQIlUWuyoisAGchYlttiqIGQhARIAhSAFmoEEKWNsaZpqvRSbMZdnLMmLmjYleeQ3ty8YQX8DewxvTI&v=c1&r=https%3A%2F%2Fwww.amazon.com%2Fgp%2Faw%2Fd%2FB07VVLQSL8%3Fpd_rd_plhdr%3Dt%26hsa_cr_id%3D0%26qid%3D1788070429%26sr%3D1-5-5a5562f9-fdfd-4101-9f9d-d76aa9998432%26i%3Daps%26aref%3D5Z0euuMsr0&ref_=sbx__sbtcd2_asin_4_bkgd&pd_rd_w=0nBIC&content-id=amzn1.sym.90f77631-9599-4fe0-95f8-a40adfe1c762%3Aamzn1.sym.90f77631-9599-4fe0-95f8-a40adfe1c762&pf_rd_p=90f77631-9599-4fe0-95f8-a40adfe1c762&pf_rd_r=EXSVPXJT44XJJF267WFC&pd_rd_wg=PSe63&pd_rd_r=79c71e27-ad08-491b-813b-4368f67fd5be,"https://m.media-amazon.com/images/I/51z79AQcE8L._AC_SR322,134_CB1169409_QL70_.jpg",45,排名进入前30；价格高于人民币等值¥288.00；评分达到4.3以上。
2026-08-30,amazon_us,product,search,platform sandals women,24,Steve Madden Women's Trella Steve Madden Women's Trella,¥230.26,3.7,3.7,,,,,,https://sponsored-ads.amazon.com/clk/?_encoding=UTF8&p=eAFVUMuO0lAYDk7UCcFLWMwkuMPIguTQ09rSFtOY3gYqWGZamAubk0PPaelY2tLTEcKChc8wiStdujbxEXwANz6JT2AiY4zf6ku-y__nq5LDT7c_fj6oP9In56fW0BleQsv2mhW-fRTSNN6gvE_8iyX2TobX-kCMWO-ocwXsK9dfzoutvr3Qk2sw2kiRV-NloSPwYkcUO3B2zzfmh7o9Gdie49ePqw8JZe_KLK_Xpq5nm-O-68xsq_GtUn1-pyBGcREsUE6LIEtwSVGcJnFK0bwM61W8xNss7QTZsvGMzUGQYMbiAOwzYO8EOd-8T1M09dsSm4NyQZeUgCBLEhqUcZaC9wK4OwYCXBAGchynJS1AkKUlTUvhheHproXM8WhkmxNn7PrIcUeOa6ORc24jy_aHk_Fps1utwKdffn34-vm71Xj8t3L_RPOJACFUJVnpSgrsyrxwMPWt3oF5araH9VeWoZv5iQNkfWes9oj0nXGWb-g01v_Hzoh2xtnO0P-QqFEzI3vT1-2oWEVU-Fip3lYWZZmzHset1-vOv4m4KOfwmiOcAftv-l1-oFy-zgkqCMqTBSm0srVgGAUFiokGW6uYaLysKFCGoqC2WKHxQAYSlqSuEKogJCEBIg95oIYqAUTuYqyqqiK-FFqxhnPWwgUNNWkG6c3NW1bA39CkvPQ&v=c1&r=https%3A%2F%2Fwww.amazon.com%2Fgp%2Faw%2Fd%2FB0GJG61H8X%3Fpd_rd_plhdr%3Dt%26hsa_cr_id%3D0%26qid%3D1788070429%26sr%3D1-7-5a5562f9-fdfd-4101-9f9d-d76aa9998432%26i%3Daps%26aref%3D5Z0euuMsr0&ref_=sbx__sbtcd2_asin_6_bkgd&pd_rd_w=0nBIC&content-id=amzn1.sym.90f77631-9599-4fe0-95f8-a40adfe1c762%3Aamzn1.sym.90f77631-9599-4fe0-95f8-a40adfe1c762&pf_rd_p=90f77631-9599-4fe0-95f8-a40adfe1c762&pf_rd_r=EXSVPXJT44XJJF267WFC&pd_rd_wg=PSe63&pd_rd_r=79c71e27-ad08-491b-813b-4368f67fd5be,"https://m.media-amazon.com/images/I/61uy7PKiFoL._AC_SR322,134_CB1169409_QL70_.jpg",45,排名进入前30；价格处于人民币等值¥180.00-¥288.00区间。
2026-08-30,amazon_us,product,best_sellers,Best Sellers Women Sandals,32,"Reef Cushion Vista Hi Womens Platform Fashion Sandal, Arch Support, Ultra Soft Cushion Footbed",,4.3,$39.93,,,,,,https://www.amazon.com/Reef-Womens-Cushion-Vista-Hi/dp/B09K8WMWN6/ref=zg_bs_g_679425011_d_sccl_32/133-0227759-4104164?psc=1,"https://images-na.ssl-images-amazon.com/images/I/61wij8MIiAL._AC_UL300_SR300,200_.jpg",44,排名进入前50；标题包含 platform、arch support、soft，符合美国女鞋舒适化趋势；评分达到4.3以上。
2026-08-30,amazon_us,product,new_releases,New Releases Women Sandals,18,"DREAM PAIRS Women's Kitten Low Heel Ankle Strap Sandals | Square Open Toe Summer Sandals, Comfortable for Women 2026 Fashion Dress Wedding Party Shoes",,3.9,$35.99,,,,,,https://www.amazon.com/DREAM-PAIRS-Womens-Kitten-Sandals/dp/B0GY3SP4H3/ref=zg_bsnr_g_679425011_d_sccl_18/133-0227759-4104164?psc=1,"https://images-na.ssl-images-amazon.com/images/I/61n6gngVKOL._AC_UL600_SR600,400_.jpg",44,排名进入前30；标题包含 comfort、summer，符合美国女鞋舒适化趋势。
2026-08-30,amazon_us,product,new_releases,New Releases Women Sandals,40,"SUITSER Womens Flip Flops with Arch Support, Yoga Mat Thong Sandals | Soft Fabric Straps, Lightweight Non Slip Sole, Comfortable Summer Sandals for Beach, Pool, Walking, Travel",,4.2,$9.19,,,,,,https://www.amazon.com/SUITSER-Womens-Flops-Support-Sandals/dp/B0GZSSN2ZH/ref=zg_bsnr_g_679425011_d_sccl_40/133-0227759-4104164?psc=1,"https://images-na.ssl-images-amazon.com/images/I/71mLjm7RuDL._AC_UL300_SR300,200_.jpg",44,排名进入前50；标题包含 comfort、arch support、soft、beach、summer，符合美国女鞋舒适化趋势；评分达到4.0以上。
2026-08-30,amazon_us,product,search,women summer slippers,26,Women's Corduroy Memory Foam Open Toe House Slippers,¥50.33,4.1,"Price, product page $6.99 $ 6 . 99 List: $13.99 List: $13.99 $13.99",,,,,,https://www.amazon.com/Eunoia-Soles-Slippers-Corduroy-Footwear/dp/B0G3L297DG/ref=sr_1_18?dib=eyJ2IjoiMSJ9.qPzwm2jChb1MKzo9V9PryJpLw6G7NKvibru60kqqosO4cCSrceeW6pNPNBraYHw0pYYp7E6vz5gVVA73vGTXdH0cKUX5kwpjxmZFqf8vtW39U8spBi9qEyld29v4_JH2HvlOLJT6kYIFoM7xTpx5n5wfDuBBKl3IqYz0FHCRZKHjUOPC6PhwcFjZz9AIs6_ODGbtnbR2b3lqlDJDzuLp6vHgoSxGk7_aAmF8Jzfwjlw9dvnKlwMendmIGE3z7tDIKDiRgsdY9QlbH0QD2apzalRCHgxIEbYFwqr3aWEynRI.n4NgrUAHvyf8Xqqrlw74TRiBHJeEBBBErFxsrF41Osw&dib_tag=se&keywords=women+summer+slippers&qid=1788070428&sr=8-18,https://m.media-amazon.com/images/I/71aiUCTLD0L._AC_UL320_.jpg,44,排名进入前30；价格低于人民币等值¥57.60；评分达到4.0以上。
2026-08-30,amazon_us,product,best_sellers,Best Sellers Women Sandals,26,"ZUVARI Kitten Heels for Women, Square Toe Flip Flop Kitten Heel Sandals | 2.16 In Thong Heels, Non-Slip Outsole and Easy Slip-On Dressy Summer Heeled Sandals",,4.1,$28.79,,,,,,https://www.amazon.com/ZUVARI-Kitten-Square-Sandals-Dressy/dp/B0GBXPS8D3/ref=zg_bs_g_679425011_d_sccl_26/136-6764247-4494531?psc=1,"https://images-na.ssl-images-amazon.com/images/I/51r5FYMKLKL._AC_UL600_SR600,400_.jpg",42,排名进入前30；标题包含 summer，符合美国女鞋舒适化趋势；评分达到4.0以上。
2026-08-30,amazon_us,product,best_sellers,Best Sellers Women Sandals,28,Havaianas Women's Slim Sandals | Casual Sandals,,4.5,$28.00,,,,,,https://www.amazon.com/Havaianas-Womens-Slim-Sandal-Black/dp/B000NBGN0W/ref=zg_bs_g_679425011_d_sccl_28/136-6764247-4494531?psc=1,"https://images-na.ssl-images-amazon.com/images/I/61JHkRJJEFL._AC_UL600_SR600,400_.jpg",42,排名进入前30；评分达到4.3以上。
2026-08-30,amazon_us,product,best_sellers,Best Sellers Women Sandals,37,"FUNKYMONKEY Women's Comfort Slides Non-Slip Lightweight Flat Beach Sandals | Adjustable Buckle Plastic Sandals with Arch Support, Waterproof Non-Slip Summer Slippers for Pool, Shower & Daily Wear",,4.1,$18.99,,,,,,https://www.amazon.com/FUNKYMONKEY-Comfort-Adjustable-Sandals-US-Women/dp/B07CV9HRQT/ref=zg_bs_g_679425011_d_sccl_37/133-0227759-4104164?psc=1,"https://images-na.ssl-images-amazon.com/images/I/61e3d7mh76L._AC_UL300_SR300,200_.jpg",42,排名进入前50；标题包含 comfort、arch support、beach、summer，符合美国女鞋舒适化趋势；评分达到4.0以上。
2026-08-30,amazon_us,product,best_sellers,Best Sellers Women Sandals,38,"UBFEN Womens Hiking Sandals with Comfortable Arch Support | Lightweight, Adjustable Straps, Water Sandals for All-Day Wear, Beach, Vacation, Camping, Walking, Sport",,4.5,$39.99,,,,,,https://www.amazon.com/UBFEN-Sandals-Adjustable-Support-Vacation/dp/B0DQ7YQ2MD/ref=zg_bs_g_679425011_d_sccl_38/133-0227759-4104164?psc=1,"https://images-na.ssl-images-amazon.com/images/I/71kBI1vUNtL._AC_UL300_SR300,200_.jpg",42,排名进入前50；标题包含 comfort、arch support、beach，符合美国女鞋舒适化趋势；评分达到4.3以上。
2026-08-30,amazon_us,product,best_sellers,Best Sellers Women Sandals,42,"FITORY Womens Flat Sandals Fashion Slides with Soft Leather Slipper Summer | Dressy, Cute, Beach, Slip on, Comfortable, Wedding, Fancy, Casual, Comfy, Vacation",,4.3,$14.99,,,,,,https://www.amazon.com/FITORY-Sandals-Fashion-Leather-Slippers/dp/B0BN3GQFKN/ref=zg_bs_g_679425011_d_sccl_42/133-0227759-4104164?psc=1,"https://images-na.ssl-images-amazon.com/images/I/61cA2WpKDqL._AC_UL300_SR300,200_.jpg",42,排名进入前50；标题包含 comfort、soft、beach、summer，符合美国女鞋舒适化趋势；评分达到4.3以上。
2026-08-30,amazon_us,product,best_sellers,Best Sellers Women Sandals,45,"YOCCI Womens Sport Hiking Sandals Walking Outdoor Comfortable Water Shoes | Arch Support Yoga Mat Insole, Lightweight, Adjustable Straps, Water Sandals, All-Day Wear, Beach, Parks, Streams.",,4.4,$19.86,,,,,,https://www.amazon.com/YOCCI-Original-Sandals-Support-WHLX001-black-39/dp/B09PYJKZHW/ref=zg_bs_g_679425011_d_sccl_45/133-0227759-4104164?psc=1,"https://images-na.ssl-images-amazon.com/images/I/61jphKWHMEL._AC_UL300_SR300,200_.jpg",42,排名进入前50；标题包含 comfort、arch support、beach，符合美国女鞋舒适化趋势；评分达到4.3以上。
2026-08-30,amazon_us,product,new_releases,New Releases Women Sandals,12,WINDBXYB Womens Zebra Heels Kitten Heel Sandals Open Peep Toe Stiletto High Heeled Mules Pumps Shoes Slip on Slides for Prom Wedding Party,,4.4,$49.99,,,,,,https://www.amazon.com/WINDBXYB-Womens-Sandals-Stiletto-Wedding/dp/B0H48MXHGS/ref=zg_bsnr_g_679425011_d_sccl_12/133-0227759-4104164?psc=1,"https://images-na.ssl-images-amazon.com/images/I/618TJ6ktt1L._AC_UL600_SR600,400_.jpg",42,排名进入前30；评分达到4.3以上。
2026-08-30,amazon_us,product,new_releases,New Releases Women Sandals,14,"VICKI·VICKI Women’s Raffia Slide Sandals, Low Heel Square Toe Open Toe Slip On Sandals for Women, Memory Foam Insole, Summer Vacation Casual Sandals",,4.2,$23.99,,,,,,https://www.amazon.com/VICKI%C2%B7VICKI-Womens-Sandals-Vacation-Natural/dp/B0GJ3Y7B1L/ref=zg_bsnr_g_679425011_d_sccl_14/133-0227759-4104164?psc=1,"https://images-na.ssl-images-amazon.com/images/I/71qeNz76kCL._AC_UL600_SR600,400_.jpg",42,排名进入前30；标题包含 summer，符合美国女鞋舒适化趋势；评分达到4.0以上。
2026-08-30,amazon_us,product,new_releases,New Releases Women Sandals,25,Caradise Jelly Mule Kitten Heel Sandals for Women Summer Jelly Shoes,,4.1,$49.99,,,,,,https://www.amazon.com/Caradise-Jelly-Kitten-Sandals-Summer/dp/B0H5PJ9H4G/ref=zg_bsnr_g_679425011_d_sccl_25/133-0227759-4104164?psc=1,"https://images-na.ssl-images-amazon.com/images/I/61GKR9y5HSL._AC_UL600_SR600,400_.jpg",42,排名进入前30；标题包含 summer，符合美国女鞋舒适化趋势；评分达到4.0以上。
2026-08-30,amazon_us,product,new_releases,New Releases Women Sandals,33,GETOEU Arch Support Flip Flops for Women Square Toe Thong Sandals Comfortable Summer Beach Lightweight Flip Flops,,4.2,$9.99,,,,,,https://www.amazon.com/GETOEU-Support-Sandals-Comfortable-Lightweight/dp/B0H33X2P5N/ref=zg_bsnr_g_679425011_d_sccl_33/133-0227759-4104164?psc=1,"https://images-na.ssl-images-amazon.com/images/I/812JKZIwOpL._AC_UL300_SR300,200_.jpg",42,排名进入前50；标题包含 comfort、arch support、beach、summer，符合美国女鞋舒适化趋势；评分达到4.0以上。
2026-08-30,amazon_us,product,search,women summer slippers,31,KuaiLu,¥100.66,4.3,KuaiLu,,,,,,https://www.amazon.com/KuaiLu-Support-Comfortable-Walking-Sandals/dp/B0C5ZZ51RT/ref=sr_1_23?dib=eyJ2IjoiMSJ9.qPzwm2jChb1MKzo9V9PryJpLw6G7NKvibru60kqqosO4cCSrceeW6pNPNBraYHw0pYYp7E6vz5gVVA73vGTXdH0cKUX5kwpjxmZFqf8vtW39U8spBi9qEyld29v4_JH2HvlOLJT6kYIFoM7xTpx5n5wfDuBBKl3IqYz0FHCRZKHjUOPC6PhwcFjZz9AIs6_ODGbtnbR2b3lqlDJDzuLp6vHgoSxGk7_aAmF8Jzfwjlw9dvnKlwMendmIGE3z7tDIKDiRgsdY9QlbH0QD2apzalRCHgxIEbYFwqr3aWEynRI.n4NgrUAHvyf8Xqqrlw74TRiBHJeEBBBErFxsrF41Osw&dib_tag=se&keywords=women+summer+slippers&qid=1788070428&sr=8-23,https://m.media-amazon.com/images/I/710PdcSAm6L._AC_UL320_.jpg,42,排名进入前50；价格处于人民币等值¥57.60-¥180.00黄金区间；评分达到4.3以上。
2026-08-30,amazon_us,product,search,women summer slippers,33,EverFoams,¥93.53,4.3,EverFoams,,,,,,https://www.amazon.com/EverFoams-Slippers-Outdoor-Outsole-Vanilla/dp/B0DPZPQ4JW/ref=sr_1_25?dib=eyJ2IjoiMSJ9.qPzwm2jChb1MKzo9V9PryJpLw6G7NKvibru60kqqosO4cCSrceeW6pNPNBraYHw0pYYp7E6vz5gVVA73vGTXdH0cKUX5kwpjxmZFqf8vtW39U8spBi9qEyld29v4_JH2HvlOLJT6kYIFoM7xTpx5n5wfDuBBKl3IqYz0FHCRZKHjUOPC6PhwcFjZz9AIs6_ODGbtnbR2b3lqlDJDzuLp6vHgoSxGk7_aAmF8Jzfwjlw9dvnKlwMendmIGE3z7tDIKDiRgsdY9QlbH0QD2apzalRCHgxIEbYFwqr3aWEynRI.n4NgrUAHvyf8Xqqrlw74TRiBHJeEBBBErFxsrF41Osw&dib_tag=se&keywords=women+summer+slippers&qid=1788070428&sr=8-25,https://m.media-amazon.com/images/I/61-syU96aOL._AC_UL320_.jpg,42,排名进入前50；价格处于人民币等值¥57.60-¥180.00黄金区间；评分达到4.3以上。
2026-08-30,amazon_us,product,search,women summer slippers,35,HomeTop,¥122.33,4.4,HomeTop,,,,,,https://www.amazon.com/Womens-Comfort-Cotton-Slippers-Anti-Skid/dp/B07J5QBSWK/ref=sr_1_27?dib=eyJ2IjoiMSJ9.qPzwm2jChb1MKzo9V9PryJpLw6G7NKvibru60kqqosO4cCSrceeW6pNPNBraYHw0pYYp7E6vz5gVVA73vGTXdH0cKUX5kwpjxmZFqf8vtW39U8spBi9qEyld29v4_JH2HvlOLJT6kYIFoM7xTpx5n5wfDuBBKl3IqYz0FHCRZKHjUOPC6PhwcFjZz9AIs6_ODGbtnbR2b3lqlDJDzuLp6vHgoSxGk7_aAmF8Jzfwjlw9dvnKlwMendmIGE3z7tDIKDiRgsdY9QlbH0QD2apzalRCHgxIEbYFwqr3aWEynRI.n4NgrUAHvyf8Xqqrlw74TRiBHJeEBBBErFxsrF41Osw&dib_tag=se&keywords=women+summer+slippers&qid=1788070428&sr=8-27,https://m.media-amazon.com/images/I/71h+wvVaLcL._AC_UL320_.jpg,42,排名进入前50；价格处于人民币等值¥57.60-¥180.00黄金区间；评分达到4.3以上。
2026-08-30,amazon_us,product,search,women summer slippers,37,Evshine,¥71.93,4.4,Evshine,,,,,,https://www.amazon.com/Evshine-Slippers-Bedroom-Corduroy-Outdoor/dp/B0FFZ8GWMZ/ref=sr_1_29?dib=eyJ2IjoiMSJ9.qPzwm2jChb1MKzo9V9PryJpLw6G7NKvibru60kqqosO4cCSrceeW6pNPNBraYHw0pYYp7E6vz5gVVA73vGTXdH0cKUX5kwpjxmZFqf8vtW39U8spBi9qEyld29v4_JH2HvlOLJT6kYIFoM7xTpx5n5wfDuBBKl3IqYz0FHCRZKHjUOPC6PhwcFjZz9AIs6_ODGbtnbR2b3lqlDJDzuLp6vHgoSxGk7_aAmF8Jzfwjlw9dvnKlwMendmIGE3z7tDIKDiRgsdY9QlbH0QD2apzalRCHgxIEbYFwqr3aWEynRI.n4NgrUAHvyf8Xqqrlw74TRiBHJeEBBBErFxsrF41Osw&dib_tag=se&keywords=women+summer+slippers&qid=1788070428&sr=8-29,https://m.media-amazon.com/images/I/81L2e-mi2FL._AC_UL320_.jpg,42,排名进入前50；价格处于人民币等值¥57.60-¥180.00黄金区间；评分达到4.3以上。
2026-08-30,amazon_us,product,search,women summer slippers,39,Dearfoams,¥129.53,4.3,Dearfoams,,,,,,https://www.amazon.com/Dearfoams-womens-Slipper-Dusty-Large/dp/B083VY1Q3M/ref=sr_1_31?dib=eyJ2IjoiMSJ9.qPzwm2jChb1MKzo9V9PryJpLw6G7NKvibru60kqqosO4cCSrceeW6pNPNBraYHw0pYYp7E6vz5gVVA73vGTXdH0cKUX5kwpjxmZFqf8vtW39U8spBi9qEyld29v4_JH2HvlOLJT6kYIFoM7xTpx5n5wfDuBBKl3IqYz0FHCRZKHjUOPC6PhwcFjZz9AIs6_ODGbtnbR2b3lqlDJDzuLp6vHgoSxGk7_aAmF8Jzfwjlw9dvnKlwMendmIGE3z7tDIKDiRgsdY9QlbH0QD2apzalRCHgxIEbYFwqr3aWEynRI.n4NgrUAHvyf8Xqqrlw74TRiBHJeEBBBErFxsrF41Osw&dib_tag=se&keywords=women+summer+slippers&qid=1788070428&sr=8-31,https://m.media-amazon.com/images/I/716X6dZXCuL._AC_UL320_.jpg,42,排名进入前50；价格处于人民币等值¥57.60-¥180.00黄金区间；评分达到4.3以上。
2026-08-30,amazon_us,product,search,women summer slippers,42,shevalues,¥71.93,4.4,shevalues,,,,,,https://www.amazon.com/shevalues-Shower-Rubber-Sandals-Comfortable/dp/B0B68G2D52/ref=sr_1_34?dib=eyJ2IjoiMSJ9.qPzwm2jChb1MKzo9V9PryJpLw6G7NKvibru60kqqosO4cCSrceeW6pNPNBraYHw0pYYp7E6vz5gVVA73vGTXdH0cKUX5kwpjxmZFqf8vtW39U8spBi9qEyld29v4_JH2HvlOLJT6kYIFoM7xTpx5n5wfDuBBKl3IqYz0FHCRZKHjUOPC6PhwcFjZz9AIs6_ODGbtnbR2b3lqlDJDzuLp6vHgoSxGk7_aAmF8Jzfwjlw9dvnKlwMendmIGE3z7tDIKDiRgsdY9QlbH0QD2apzalRCHgxIEbYFwqr3aWEynRI.n4NgrUAHvyf8Xqqrlw74TRiBHJeEBBBErFxsrF41Osw&dib_tag=se&keywords=women+summer+slippers&qid=1788070428&sr=8-34,https://m.media-amazon.com/images/I/61b4HXgBWfL._AC_UL320_.jpg,42,排名进入前50；价格处于人民币等值¥57.60-¥180.00黄金区间；评分达到4.3以上。
2026-08-30,amazon_us,product,search,women summer slippers,48,FITORY,¥107.93,4.3,FITORY,,,,,,https://www.amazon.com/FITORY-Sandals-Fashion-Leather-Slippers/dp/B0BN3GQFKN/ref=sr_1_40?dib=eyJ2IjoiMSJ9.qPzwm2jChb1MKzo9V9PryJpLw6G7NKvibru60kqqosO4cCSrceeW6pNPNBraYHw0pYYp7E6vz5gVVA73vGTXdH0cKUX5kwpjxmZFqf8vtW39U8spBi9qEyld29v4_JH2HvlOLJT6kYIFoM7xTpx5n5wfDuBBKl3IqYz0FHCRZKHjUOPC6PhwcFjZz9AIs6_ODGbtnbR2b3lqlDJDzuLp6vHgoSxGk7_aAmF8Jzfwjlw9dvnKlwMendmIGE3z7tDIKDiRgsdY9QlbH0QD2apzalRCHgxIEbYFwqr3aWEynRI.n4NgrUAHvyf8Xqqrlw74TRiBHJeEBBBErFxsrF41Osw&dib_tag=se&keywords=women+summer+slippers&qid=1788070428&sr=8-40,https://m.media-amazon.com/images/I/61cA2WpKDqL._AC_UL320_.jpg,42,排名进入前50；价格处于人民币等值¥57.60-¥180.00黄金区间；评分达到4.3以上。
2026-08-30,amazon_us,product,search,women slides,15,Nike,¥396.00,4.2,Nike,,,,,,https://www.amazon.com/Nike-Womens-Slides-Sandal-Pink-Pearl/dp/B0F8S9MQHP/ref=sr_1_8?dib=eyJ2IjoiMSJ9.wrqHnvIFpzxZDCy1gVq3f4ElwLELpfbzk0bZTxBh-O8xXo99n1y-JyWu8hO04zMbFa8OQbtn0tMqy7ERZafXwFluKpYT5fUsQnfJZgwnHb1s-edgEi3MXBSxp9w_9h5ZfOM2nOhRPAPY8SrG9MhuxYzJtmwmge5ImpWt-E-A-L02Ka8CpjUR49Tpw5LNUYRF1Kl6nXsuybKHgBxNIi53dEzNqF_Ha0NZv4P6EqWbn6iQDguAPD7-KDiCpoMzc6snydaAHQdVxmfXx4KogMDeq6dTzFSOiPQsel5lALf6Flk.aw27oKFMAe0Q9Yj5_5HBlNiDVpDsaA2h3Fn3HE8lh00&dib_tag=se&keywords=women+slides&qid=1788070429&sr=8-8,https://m.media-amazon.com/images/I/51z4fzmeiWL._AC_UL320_.jpg,42,排名进入前30；价格高于人民币等值¥288.00；评分达到4.0以上。
2026-08-30,amazon_us,product,search,women slides,33,EverFoams,¥164.02,4.4,EverFoams,,,,,,https://www.amazon.com/EverFoams-Womens-Slippers-Memory-Outdoor/dp/B0CLGPHDXC/ref=sr_1_26?dib=eyJ2IjoiMSJ9.wrqHnvIFpzxZDCy1gVq3f4ElwLELpfbzk0bZTxBh-O8xXo99n1y-JyWu8hO04zMbFa8OQbtn0tMqy7ERZafXwFluKpYT5fUsQnfJZgwnHb1s-edgEi3MXBSxp9w_9h5ZfOM2nOhRPAPY8SrG9MhuxYzJtmwmge5ImpWt-E-A-L02Ka8CpjUR49Tpw5LNUYRF1Kl6nXsuybKHgBxNIi53dEzNqF_Ha0NZv4P6EqWbn6iQDguAPD7-KDiCpoMzc6snydaAHQdVxmfXx4KogMDeq6dTzFSOiPQsel5lALf6Flk.aw27oKFMAe0Q9Yj5_5HBlNiDVpDsaA2h3Fn3HE8lh00&dib_tag=se&keywords=women+slides&qid=1788070429&sr=8-26,https://m.media-amazon.com/images/I/71-cnoGr1xL._AC_UL320_.jpg,42,排名进入前50；价格处于人民币等值¥57.60-¥180.00黄金区间；评分达到4.3以上。
2026-08-30,amazon_us,product,search,women slides,46,KIDMI,¥158.33,4.4,KIDMI,,,,,,https://www.amazon.com/KIDMI-Genuine-Sandals-Footbed-Adjustable/dp/B0DQH21M77/ref=sr_1_39?dib=eyJ2IjoiMSJ9.wrqHnvIFpzxZDCy1gVq3f4ElwLELpfbzk0bZTxBh-O8xXo99n1y-JyWu8hO04zMbFa8OQbtn0tMqy7ERZafXwFluKpYT5fUsQnfJZgwnHb1s-edgEi3MXBSxp9w_9h5ZfOM2nOhRPAPY8SrG9MhuxYzJtmwmge5ImpWt-E-A-L02Ka8CpjUR49Tpw5LNUYRF1Kl6nXsuybKHgBxNIi53dEzNqF_Ha0NZv4P6EqWbn6iQDguAPD7-KDiCpoMzc6snydaAHQdVxmfXx4KogMDeq6dTzFSOiPQsel5lALf6Flk.aw27oKFMAe0Q9Yj5_5HBlNiDVpDsaA2h3Fn3HE8lh00&dib_tag=se&keywords=women+slides&qid=1788070429&sr=8-39,https://m.media-amazon.com/images/I/81JaarSAG2L._AC_UL320_.jpg,42,排名进入前50；价格处于人民币等值¥57.60-¥180.00黄金区间；评分达到4.3以上。
2026-08-30,amazon_us,product,search,women slides,50,Spesoul,¥122.33,4.4,Spesoul,,,,,,https://www.amazon.com/Womens-Slippers-Indoor-Outdoor-Sandals/dp/B07Q1NHLZC/ref=sr_1_43?dib=eyJ2IjoiMSJ9.wrqHnvIFpzxZDCy1gVq3f4ElwLELpfbzk0bZTxBh-O8xXo99n1y-JyWu8hO04zMbFa8OQbtn0tMqy7ERZafXwFluKpYT5fUsQnfJZgwnHb1s-edgEi3MXBSxp9w_9h5ZfOM2nOhRPAPY8SrG9MhuxYzJtmwmge5ImpWt-E-A-L02Ka8CpjUR49Tpw5LNUYRF1Kl6nXsuybKHgBxNIi53dEzNqF_Ha0NZv4P6EqWbn6iQDguAPD7-KDiCpoMzc6snydaAHQdVxmfXx4KogMDeq6dTzFSOiPQsel5lALf6Flk.aw27oKFMAe0Q9Yj5_5HBlNiDVpDsaA2h3Fn3HE8lh00&dib_tag=se&keywords=women+slides&qid=1788070429&sr=8-43,https://m.media-amazon.com/images/I/7160g5DAKLL._AC_UL320_.jpg,42,排名进入前50；价格处于人民币等值¥57.60-¥180.00黄金区间；评分达到4.3以上。
2026-08-30,amazon_us,product,search,platform sandals women,23,Spring Step L'Artiste womens Caelana Spring Step L'Artiste womens Caelana,¥935.64,4.2,4.2,,,,,,https://sponsored-ads.amazon.com/clk/?_encoding=UTF8&p=eAFVUMuO0lAYDk7UCcFLWIwJ7jCyIDnltPZCMY3pbZgGpkALMw6bk0PPaelY2tLTEcKChc8wiStdujbxEXwANz6JT2AiY4zf6ku-y__nq5LjT7c_fj6oP9KnF2Nr4AzeQsv2mhW-fRLSNN6ivE_8yxX2TgfX-pkYsd4JdwXsK9dfLYqdvrvUk2sw3EqRV-MVgRN4kRNFDs7v-cbiWLenZ7bn-PVn1YeEsndlltdrM9ezzVHfdea21fhWqb64UxCjuAiWKKdFkCW4pChOkzilaFGG9Spe4V2WckG2ajxnCxAkmLE4AIcMODhBzjfv0xTN_LbEFqBc0hUlIMiShAZlnKXgvQDujoEAF4SBHMdpSQsQZGlJ01J4aXi6ayFzNBza5tQZuT5y3KHj2mjoXNjIsv3BdDRuytUKfPrl14evn79bjcd_Kw9PNJ8IEEJVUrqy1IWywgtHM9_qHZljsz2ov7YM3cxPHaDoe2N9QKTvjUm-pbNY_x97I9obk72h_yFRo2ZG9rav21GxjqjwsVK9rSzLMme9Tmez2XD_JupEeQdvOqRjQHNiyN78fPomJ6ggKE-WpNDK1pJhFBQoJhpsrWOi8Uq3CxUoCmqLFRoPZCBhSZKFUAUhCQkQecgDNVQJIIqMsaqqXfGV0Io1nLMWLmioSXNIb27OWQF_A-zRvTU&v=c1&r=https%3A%2F%2Fwww.amazon.com%2Fgp%2Faw%2Fd%2FB0CQB6RZMT%3Fpd_rd_plhdr%3Dt%26hsa_cr_id%3D0%26qid%3D1788070429%26sr%3D1-6-5a5562f9-fdfd-4101-9f9d-d76aa9998432%26i%3Daps%26aref%3D5Z0euuMsr0&ref_=sbx__sbtcd2_asin_5_bkgd&pd_rd_w=0nBIC&content-id=amzn1.sym.90f77631-9599-4fe0-95f8-a40adfe1c762%3Aamzn1.sym.90f77631-9599-4fe0-95f8-a40adfe1c762&pf_rd_p=90f77631-9599-4fe0-95f8-a40adfe1c762&pf_rd_r=EXSVPXJT44XJJF267WFC&pd_rd_wg=PSe63&pd_rd_r=79c71e27-ad08-491b-813b-4368f67fd5be,"https://m.media-amazon.com/images/I/810hVoH0sTL._AC_SR322,134_CB1169409_QL70_.jpg",42,排名进入前30；价格高于人民币等值¥288.00；评分达到4.0以上。
2026-08-30,amazon_us,product,search,platform sandals women,31,TIKVAW,¥95.69,4.3,TIKVAW,,,,,,https://www.amazon.com/TIKVAW-Support-Platform-Sandals-Adjustable/dp/B0C8TVJF3P/ref=sr_1_18?dib=eyJ2IjoiMSJ9.JzUv4ofeymwwJhjsgZOiXh_zZiAVCGWUapBv6WR_ZERCIvxZE4zi7HhipvwvwTK0d8_JYSHbOX_y2gCoftSlq_8rL_y0sf4pQjWApHWe6UTcSgg6m2M9Ztp7LbDtFQw6P9DEsFomabnkv8TYDK6MLYU58z2wWCtT65mIq8-q5OzkzCYMOVFtCLpsvdZu-HVjXhYWdtKTdK6trfRrW-XqmKI-xqLpocTyEN0NYH_Sospii--70IJRABDZLydTlII5w2G5ZnqjBWwlGzjAasudECvC3joheeVn3ADUpRK2jYM.06fimQTk8gXgoDCoT12YYxkR-sMQDhqf6Vp9s0Iwrkw&dib_tag=se&keywords=platform+sandals+women&qid=1788070429&sr=8-18,https://m.media-amazon.com/images/I/71mwMI75T8L._AC_UL320_.jpg,42,排名进入前50；价格处于人民币等值¥57.60-¥180.00黄金区间；评分达到4.3以上。
2026-08-30,amazon_us,product,search,platform sandals women,36,Platform Sandals for Women Fashion Chunky Ankle Buckle Casual,¥410.26,4.2,100+ bought in past month,,,,,,https://www.amazon.com/KIFIWUI-Platform-Comfortable-Decoration-Fisherman/dp/B0F7X21PJV/ref=sr_1_23?dib=eyJ2IjoiMSJ9.JzUv4ofeymwwJhjsgZOiXh_zZiAVCGWUapBv6WR_ZERCIvxZE4zi7HhipvwvwTK0d8_JYSHbOX_y2gCoftSlq_8rL_y0sf4pQjWApHWe6UTcSgg6m2M9Ztp7LbDtFQw6P9DEsFomabnkv8TYDK6MLYU58z2wWCtT65mIq8-q5OzkzCYMOVFtCLpsvdZu-HVjXhYWdtKTdK6trfRrW-XqmKI-xqLpocTyEN0NYH_Sospii--70IJRABDZLydTlII5w2G5ZnqjBWwlGzjAasudECvC3joheeVn3ADUpRK2jYM.06fimQTk8gXgoDCoT12YYxkR-sMQDhqf6Vp9s0Iwrkw&dib_tag=se&keywords=platform+sandals+women&qid=1788070429&sr=8-23,https://m.media-amazon.com/images/I/71-etU3EJ4L._AC_UL320_.jpg,40,排名进入前50；评论数达到50以上；价格高于人民币等值¥288.00；标题包含 platform，符合美国女鞋舒适化趋势；评分达到4.0以上。
2026-08-30,amazon_us,product,best_sellers,Best Sellers Women Sandals,24,PiePieBuy Women's Lace Up Heeled Sandals Square Flip Flop High Heels Strappy Party Shoes,,4.1,$24.98,,,,,,https://www.amazon.com/PiePieBuy-Womens-Kitten-Sandals-Square/dp/B09N3LZTJX/ref=zg_bs_g_679425011_d_sccl_24/136-6764247-4494531?psc=1,"https://images-na.ssl-images-amazon.com/images/I/61L4UgP8LlL._AC_UL600_SR600,400_.jpg",39,排名进入前30；评分达到4.0以上。
2026-08-30,amazon_us,product,new_releases,New Releases Women Sandals,27,CUSHIONAIRE Markie Chunky Block Heel Sandals for Women with Faux Wood Heel and Memory Foam,,4.2,$49.98,,,,,,https://www.amazon.com/CUSHIONAIRE-Markie-Chunky-Sandals-CHOCOLATE/dp/B0H7CRLX47/ref=zg_bsnr_g_679425011_d_sccl_27/133-0227759-4104164?psc=1,"https://images-na.ssl-images-amazon.com/images/I/81W1PcaRo-L._AC_UL600_SR600,400_.jpg",39,排名进入前30；评分达到4.0以上。
2026-08-30,amazon_us,product,new_releases,New Releases Women Sandals,35,"ZURIN Women Shower Shoes Quick Dry Flip Flops, Pool Flip Flops for Women | Comfortable, Arch Support, Drainage Holes, Non Slip, for Beach Bath Gym College Dorm",,4.1,$11.99,,,,,,https://www.amazon.com/ZURIN-Support%EF%BC%8CPool-Drainage-Sandals-Slippers/dp/B0GZVHXYJS/ref=zg_bsnr_g_679425011_d_sccl_35/133-0227759-4104164?psc=1,"https://images-na.ssl-images-amazon.com/images/I/71mdYp+i5oL._AC_UL300_SR300,200_.jpg",39,排名进入前50；标题包含 comfort、arch support、beach，符合美国女鞋舒适化趋势；评分达到4.0以上。
2026-08-30,amazon_us,product,search,women summer slippers,34,GOEWY,¥129.53,4.2,GOEWY,,,,,,https://www.amazon.com/GOEWY-House-Slippers-Summer-Memory/dp/B0GVYCBV2P/ref=sr_1_26?dib=eyJ2IjoiMSJ9.qPzwm2jChb1MKzo9V9PryJpLw6G7NKvibru60kqqosO4cCSrceeW6pNPNBraYHw0pYYp7E6vz5gVVA73vGTXdH0cKUX5kwpjxmZFqf8vtW39U8spBi9qEyld29v4_JH2HvlOLJT6kYIFoM7xTpx5n5wfDuBBKl3IqYz0FHCRZKHjUOPC6PhwcFjZz9AIs6_ODGbtnbR2b3lqlDJDzuLp6vHgoSxGk7_aAmF8Jzfwjlw9dvnKlwMendmIGE3z7tDIKDiRgsdY9QlbH0QD2apzalRCHgxIEbYFwqr3aWEynRI.n4NgrUAHvyf8Xqqrlw74TRiBHJeEBBBErFxsrF41Osw&dib_tag=se&keywords=women+summer+slippers&qid=1788070428&sr=8-26,https://m.media-amazon.com/images/I/71mtwAgrcLL._AC_UL320_.jpg,39,排名进入前50；价格处于人民币等值¥57.60-¥180.00黄金区间；评分达到4.0以上。
2026-08-30,amazon_us,product,search,women summer slippers,40,Dokela,¥71.93,4.2,Dokela,,,,,,https://www.amazon.com/Dokela-Womens-Slippers-Breathable-Indoor/dp/B0GLH28M2B/ref=sr_1_32?dib=eyJ2IjoiMSJ9.qPzwm2jChb1MKzo9V9PryJpLw6G7NKvibru60kqqosO4cCSrceeW6pNPNBraYHw0pYYp7E6vz5gVVA73vGTXdH0cKUX5kwpjxmZFqf8vtW39U8spBi9qEyld29v4_JH2HvlOLJT6kYIFoM7xTpx5n5wfDuBBKl3IqYz0FHCRZKHjUOPC6PhwcFjZz9AIs6_ODGbtnbR2b3lqlDJDzuLp6vHgoSxGk7_aAmF8Jzfwjlw9dvnKlwMendmIGE3z7tDIKDiRgsdY9QlbH0QD2apzalRCHgxIEbYFwqr3aWEynRI.n4NgrUAHvyf8Xqqrlw74TRiBHJeEBBBErFxsrF41Osw&dib_tag=se&keywords=women+summer+slippers&qid=1788070428&sr=8-32,https://m.media-amazon.com/images/I/81r1tSkHqHL._AC_UL320_.jpg,39,排名进入前50；价格处于人民币等值¥57.60-¥180.00黄金区间；评分达到4.0以上。
2026-08-30,amazon_us,product,search,women summer slippers,41,VOVEA,¥64.73,4.2,VOVEA,,,,,,https://www.amazon.com/VOVEA-Non-Slip-Bathroom-Cushion-Outdoor/dp/B0BHWQT653/ref=sr_1_33?dib=eyJ2IjoiMSJ9.qPzwm2jChb1MKzo9V9PryJpLw6G7NKvibru60kqqosO4cCSrceeW6pNPNBraYHw0pYYp7E6vz5gVVA73vGTXdH0cKUX5kwpjxmZFqf8vtW39U8spBi9qEyld29v4_JH2HvlOLJT6kYIFoM7xTpx5n5wfDuBBKl3IqYz0FHCRZKHjUOPC6PhwcFjZz9AIs6_ODGbtnbR2b3lqlDJDzuLp6vHgoSxGk7_aAmF8Jzfwjlw9dvnKlwMendmIGE3z7tDIKDiRgsdY9QlbH0QD2apzalRCHgxIEbYFwqr3aWEynRI.n4NgrUAHvyf8Xqqrlw74TRiBHJeEBBBErFxsrF41Osw&dib_tag=se&keywords=women+summer+slippers&qid=1788070428&sr=8-33,https://m.media-amazon.com/images/I/811Rf7NxwkL._AC_UL320_.jpg,39,排名进入前50；价格处于人民币等值¥57.60-¥180.00黄金区间；评分达到4.0以上。
2026-08-30,amazon_us,product,search,women summer slippers,44,Comwarm,¥86.33,4.2,Comwarm,,,,,,https://www.amazon.com/Sandals-Lightweight-Bathroom-Non-Slip-Slippers/dp/B099DTRKSL/ref=sr_1_36?dib=eyJ2IjoiMSJ9.qPzwm2jChb1MKzo9V9PryJpLw6G7NKvibru60kqqosO4cCSrceeW6pNPNBraYHw0pYYp7E6vz5gVVA73vGTXdH0cKUX5kwpjxmZFqf8vtW39U8spBi9qEyld29v4_JH2HvlOLJT6kYIFoM7xTpx5n5wfDuBBKl3IqYz0FHCRZKHjUOPC6PhwcFjZz9AIs6_ODGbtnbR2b3lqlDJDzuLp6vHgoSxGk7_aAmF8Jzfwjlw9dvnKlwMendmIGE3z7tDIKDiRgsdY9QlbH0QD2apzalRCHgxIEbYFwqr3aWEynRI.n4NgrUAHvyf8Xqqrlw74TRiBHJeEBBBErFxsrF41Osw&dib_tag=se&keywords=women+summer+slippers&qid=1788070428&sr=8-36,https://m.media-amazon.com/images/I/71outwcHwWL._AC_UL320_.jpg,39,排名进入前50；价格处于人民币等值¥57.60-¥180.00黄金区间；评分达到4.0以上。
2026-08-30,amazon_us,product,search,women summer slippers,47,DL,¥127.15,4.2,DL,,,,,,https://www.amazon.com/DL-Slippers-Flannel-Bedroom-Non-Slip/dp/B08NJV6WYX/ref=sr_1_39?dib=eyJ2IjoiMSJ9.qPzwm2jChb1MKzo9V9PryJpLw6G7NKvibru60kqqosO4cCSrceeW6pNPNBraYHw0pYYp7E6vz5gVVA73vGTXdH0cKUX5kwpjxmZFqf8vtW39U8spBi9qEyld29v4_JH2HvlOLJT6kYIFoM7xTpx5n5wfDuBBKl3IqYz0FHCRZKHjUOPC6PhwcFjZz9AIs6_ODGbtnbR2b3lqlDJDzuLp6vHgoSxGk7_aAmF8Jzfwjlw9dvnKlwMendmIGE3z7tDIKDiRgsdY9QlbH0QD2apzalRCHgxIEbYFwqr3aWEynRI.n4NgrUAHvyf8Xqqrlw74TRiBHJeEBBBErFxsrF41Osw&dib_tag=se&keywords=women+summer+slippers&qid=1788070428&sr=8-39,https://m.media-amazon.com/images/I/71rpTD70hUL._AC_UL320_.jpg,39,排名进入前50；价格处于人民币等值¥57.60-¥180.00黄金区间；评分达到4.0以上。
2026-08-30,amazon_us,product,search,platform sandals women,41,Monrovia,¥179.93,4.1,Monrovia,,,,,,https://www.amazon.com/Monrovia-Platform-Espadrille-Flatform-Vacation/dp/B0FVX54GF6/ref=sr_1_28?dib=eyJ2IjoiMSJ9.JzUv4ofeymwwJhjsgZOiXh_zZiAVCGWUapBv6WR_ZERCIvxZE4zi7HhipvwvwTK0d8_JYSHbOX_y2gCoftSlq_8rL_y0sf4pQjWApHWe6UTcSgg6m2M9Ztp7LbDtFQw6P9DEsFomabnkv8TYDK6MLYU58z2wWCtT65mIq8-q5OzkzCYMOVFtCLpsvdZu-HVjXhYWdtKTdK6trfRrW-XqmKI-xqLpocTyEN0NYH_Sospii--70IJRABDZLydTlII5w2G5ZnqjBWwlGzjAasudECvC3joheeVn3ADUpRK2jYM.06fimQTk8gXgoDCoT12YYxkR-sMQDhqf6Vp9s0Iwrkw&dib_tag=se&keywords=platform+sandals+women&qid=1788070429&sr=8-28,https://m.media-amazon.com/images/I/71Td3IAnifL._AC_UL320_.jpg,39,排名进入前50；价格处于人民币等值¥57.60-¥180.00黄金区间；评分达到4.0以上。
2026-08-30,amazon_us,product,search,platform sandals women,19,Clarks Women's Breezerae Sun Clarks Women's Breezerae Sun,¥377.71,3.8,3.8,,,,,,https://sponsored-ads.amazon.com/clk/?_encoding=UTF8&p=eAFVUMuO0lAYDk7USYOXsBgT3GFkQXLoaaelFENMb0AFC9PCXNicHHpOS8fSlp6OEBYsfIZJXOnStYmP4AO48Ul8AhMZY_xWX_Jd_j8fR44_3f74-aDySJueT8yhPbyEpuXWSkLjJKBJtEVZn3gXK-z2htfaQApZ56R5Bawrx1st8p22u9DiazDayqFbFhSxKQpSU5KacH7P0xfHmjUdWK7tVZ5xDwll74o0q5RnjmsZ475jzy2z-q3EvbhTEKM495coo7mfxrigKEriKKFoUQQVDq_wLk2afrqqPmcL4MeYscgHhww4OEEm1O7TBM28hswWoFjSFSXAT-OY-kWUJuC9CO6OAR_nhIEMR0lBc-CnSUGTQnypu5pjImM8GlnG1B47HrKdke1YaGSfW8i0vOF0PKm1uBJ8-uXXh6-fv5vVx38rD0_UnogQQlVW2i25DVuKIB7NPLNzZEyMxrDyytQ1I-vZQNH2-vqAUNvrZ9mWziLtf-z1cK-f7XXtDwmrZSO0tn3NCvN1SMWPJe62tCyKjHV4frPZNP9NxIcZjzc84XXYG3jCqXzx5nVGUE5QFi9J3i3qS4aRn6OIdGF9HZGuoLTbUIGSqNZZ3hWACGQsyy0xUEFAAgIkAQpADVQCiNLCWFXVtnQq1qMuzlgd5zToynNIb27eshz-BtE8vPM&v=c1&r=https%3A%2F%2Fwww.amazon.com%2Fgp%2Faw%2Fd%2FB0FHS135WJ%3Fpd_rd_plhdr%3Dt%26hsa_cr_id%3D0%26qid%3D1788070429%26sr%3D1-2-5a5562f9-fdfd-4101-9f9d-d76aa9998432%26i%3Daps%26aref%3D5Z0euuMsr0&ref_=sbx__sbtcd2_asin_1_bkgd&pd_rd_w=0nBIC&content-id=amzn1.sym.90f77631-9599-4fe0-95f8-a40adfe1c762%3Aamzn1.sym.90f77631-9599-4fe0-95f8-a40adfe1c762&pf_rd_p=90f77631-9599-4fe0-95f8-a40adfe1c762&pf_rd_r=EXSVPXJT44XJJF267WFC&pd_rd_wg=PSe63&pd_rd_r=79c71e27-ad08-491b-813b-4368f67fd5be,"https://m.media-amazon.com/images/I/711lu8cd44L._AC_SR322,134_CB1169409_QL70_.jpg",38,排名进入前30；价格高于人民币等值¥288.00。
2026-08-30,amazon_us,product,best_sellers,Best Sellers Women Sandals,33,KuaiLu Womens Fashion Orthotic Slides Arch Support Slip On Walking Sandals | Ladies Lightweight Athletic Yoga Mat Thick Cushion Slippers Sandals With Comfortable Plantar Fasciitis,,4.0,$25.99,,,,,,https://www.amazon.com/Orthotic-Lightweight-Athletic-Comfortable-Fasciitis/dp/B092ZS2B5S/ref=zg_bs_g_679425011_d_sccl_33/133-0227759-4104164?psc=1,"https://images-na.ssl-images-amazon.com/images/I/71Rxka3CPTL._AC_UL300_SR300,200_.jpg",36,排名进入前50；标题包含 comfort、arch support，符合美国女鞋舒适化趋势；评分达到4.0以上。
2026-08-30,amazon_us,product,best_sellers,Best Sellers Women Sandals,34,KuaiLu Casual Flip Flops for Women Lightweight Cushion Summer Beach Sandals | Comfortable Sport Walking Thong Shoes Pool Outfits Non-Slip Indoor Outdoor,,4.1,$23.98,,,,,,https://www.amazon.com/KuaiLu-Casual-Flops-Lightweight-Sandals/dp/B07C1YTWDF/ref=zg_bs_g_679425011_d_sccl_34/133-0227759-4104164?psc=1,"https://images-na.ssl-images-amazon.com/images/I/61TtgwlEaSL._AC_UL300_SR300,200_.jpg",36,排名进入前50；标题包含 comfort、beach、summer，符合美国女鞋舒适化趋势；评分达到4.0以上。
2026-08-30,amazon_us,product,new_releases,New Releases Women Sandals,49,Stratuxx Kaze Women's Dressy Faux Leather Thong Sandals with Memory Foam | Comfy Beach Slides Slip On Summer Flat Sandals Cute Flipflops for Women,,4.8,$27.99,,,,,,https://www.amazon.com/Stratuxx-Kaze-Womens-Leather-Sandals/dp/B0GV2D2DK3/ref=zg_bsnr_g_679425011_d_sccl_49/133-0227759-4104164?psc=1,"https://images-na.ssl-images-amazon.com/images/I/71XEiLdBlAL._AC_UL300_SR300,200_.jpg",36,排名进入前50；标题包含 beach、summer，符合美国女鞋舒适化趋势；评分达到4.6以上。
2026-08-30,amazon_us,product,best_sellers,Best Sellers Women Sandals,39,Rainbow Sandals Women’s Flirty Braidy Premier Leather w/Single Braided Strap,,4.6,$71.00,,,,,,https://www.amazon.com/Rainbow-Sandals-Womens-Flirty-7-5-8-5/dp/B00LGF8TAQ/ref=zg_bs_g_679425011_d_sccl_39/133-0227759-4104164?psc=1,"https://images-na.ssl-images-amazon.com/images/I/71B9WRizBDL._AC_UL300_SR300,200_.jpg",35,排名进入前50；评论数达到50以上；评分达到4.6以上。
2026-08-30,amazon_us,product,new_releases,New Releases Women Sandals,46,Riekhany Kitten Heeled Sandals for Women Slip On Square Clip Toe Flip Flips | Casual Low Heel Pumps Comfortable Thong Slide Shoes Dressy Slippers for Party Daliy Work Travel,,4.1,$51.99,,,,,,https://www.amazon.com/Riekhany-Kitten-Sandals-Comfortable-Slippers/dp/B0HCBVJ1C2/ref=zg_bsnr_g_679425011_d_sccl_46/133-0227759-4104164?psc=1,"https://images-na.ssl-images-amazon.com/images/I/71GDJdxQMEL._AC_UL300_SR300,200_.jpg",35,排名进入前50；评论数达到50以上；标题包含 comfort，符合美国女鞋舒适化趋势；评分达到4.0以上。
2026-08-30,amazon_us,product,search,women summer slippers,38,NineCiFun,¥71.93,3.1,NineCiFun,,,,,,https://www.amazon.com/NineCiFun-Slippers-Women-House-Slides/dp/B0GKZXS8WW/ref=sr_1_30?dib=eyJ2IjoiMSJ9.qPzwm2jChb1MKzo9V9PryJpLw6G7NKvibru60kqqosO4cCSrceeW6pNPNBraYHw0pYYp7E6vz5gVVA73vGTXdH0cKUX5kwpjxmZFqf8vtW39U8spBi9qEyld29v4_JH2HvlOLJT6kYIFoM7xTpx5n5wfDuBBKl3IqYz0FHCRZKHjUOPC6PhwcFjZz9AIs6_ODGbtnbR2b3lqlDJDzuLp6vHgoSxGk7_aAmF8Jzfwjlw9dvnKlwMendmIGE3z7tDIKDiRgsdY9QlbH0QD2apzalRCHgxIEbYFwqr3aWEynRI.n4NgrUAHvyf8Xqqrlw74TRiBHJeEBBBErFxsrF41Osw&dib_tag=se&keywords=women+summer+slippers&qid=1788070428&sr=8-30,https://m.media-amazon.com/images/I/71R7sXc96FL._AC_UL320_.jpg,35,排名进入前50；价格处于人民币等值¥57.60-¥180.00黄金区间。
2026-08-30,amazon_us,product,search,women summer slippers,49,KuaiLu,¥187.13,4.0,KuaiLu,,,,,,https://www.amazon.com/Orthotic-Lightweight-Athletic-Comfortable-Fasciitis/dp/B092ZSZBQD/ref=sr_1_41?dib=eyJ2IjoiMSJ9.qPzwm2jChb1MKzo9V9PryJpLw6G7NKvibru60kqqosO4cCSrceeW6pNPNBraYHw0pYYp7E6vz5gVVA73vGTXdH0cKUX5kwpjxmZFqf8vtW39U8spBi9qEyld29v4_JH2HvlOLJT6kYIFoM7xTpx5n5wfDuBBKl3IqYz0FHCRZKHjUOPC6PhwcFjZz9AIs6_ODGbtnbR2b3lqlDJDzuLp6vHgoSxGk7_aAmF8Jzfwjlw9dvnKlwMendmIGE3z7tDIKDiRgsdY9QlbH0QD2apzalRCHgxIEbYFwqr3aWEynRI.n4NgrUAHvyf8Xqqrlw74TRiBHJeEBBBErFxsrF41Osw&dib_tag=se&keywords=women+summer+slippers&qid=1788070428&sr=8-41,https://m.media-amazon.com/images/I/71ftvFv5mNL._AC_UL320_.jpg,34,排名进入前50；价格处于人民币等值¥180.00-¥288.00区间；评分达到4.0以上。
2026-08-30,amazon_us,product,search,women slides,39,Crocs,¥215.93,4.2,Crocs,,,,,,https://www.amazon.com/Crocs-Womens-Sandal-Summer-Sandals/dp/B0888SJTRP/ref=sr_1_32?dib=eyJ2IjoiMSJ9.wrqHnvIFpzxZDCy1gVq3f4ElwLELpfbzk0bZTxBh-O8xXo99n1y-JyWu8hO04zMbFa8OQbtn0tMqy7ERZafXwFluKpYT5fUsQnfJZgwnHb1s-edgEi3MXBSxp9w_9h5ZfOM2nOhRPAPY8SrG9MhuxYzJtmwmge5ImpWt-E-A-L02Ka8CpjUR49Tpw5LNUYRF1Kl6nXsuybKHgBxNIi53dEzNqF_Ha0NZv4P6EqWbn6iQDguAPD7-KDiCpoMzc6snydaAHQdVxmfXx4KogMDeq6dTzFSOiPQsel5lALf6Flk.aw27oKFMAe0Q9Yj5_5HBlNiDVpDsaA2h3Fn3HE8lh00&dib_tag=se&keywords=women+slides&qid=1788070429&sr=8-32,https://m.media-amazon.com/images/I/418xHnUA5HL._AC_UL320_.jpg,34,排名进入前50；价格处于人民币等值¥180.00-¥288.00区间；评分达到4.0以上。
2026-08-30,amazon_us,product,search,platform sandals women,34,Accloris,¥287.86,4.1,Accloris,,,,,,https://www.amazon.com/Accloris-Platform-Comfortable-Lightweight-Beach-Ready/dp/B0G1YB2ZGH/ref=sr_1_21?dib=eyJ2IjoiMSJ9.JzUv4ofeymwwJhjsgZOiXh_zZiAVCGWUapBv6WR_ZERCIvxZE4zi7HhipvwvwTK0d8_JYSHbOX_y2gCoftSlq_8rL_y0sf4pQjWApHWe6UTcSgg6m2M9Ztp7LbDtFQw6P9DEsFomabnkv8TYDK6MLYU58z2wWCtT65mIq8-q5OzkzCYMOVFtCLpsvdZu-HVjXhYWdtKTdK6trfRrW-XqmKI-xqLpocTyEN0NYH_Sospii--70IJRABDZLydTlII5w2G5ZnqjBWwlGzjAasudECvC3joheeVn3ADUpRK2jYM.06fimQTk8gXgoDCoT12YYxkR-sMQDhqf6Vp9s0Iwrkw&dib_tag=se&keywords=platform+sandals+women&qid=1788070429&sr=8-21,https://m.media-amazon.com/images/I/716qZhNTI0L._AC_UL320_.jpg,34,排名进入前50；价格处于人民币等值¥180.00-¥288.00区间；评分达到4.0以上。
2026-08-30,amazon_us,product,search,platform sandals women,39,EQAUDES,¥287.93,4.1,EQAUDES,,,,,,https://www.amazon.com/EQAUDES-Platform-Espadrille-Sandals-Flatform/dp/B0C6XLWPN9/ref=sr_1_26?dib=eyJ2IjoiMSJ9.JzUv4ofeymwwJhjsgZOiXh_zZiAVCGWUapBv6WR_ZERCIvxZE4zi7HhipvwvwTK0d8_JYSHbOX_y2gCoftSlq_8rL_y0sf4pQjWApHWe6UTcSgg6m2M9Ztp7LbDtFQw6P9DEsFomabnkv8TYDK6MLYU58z2wWCtT65mIq8-q5OzkzCYMOVFtCLpsvdZu-HVjXhYWdtKTdK6trfRrW-XqmKI-xqLpocTyEN0NYH_Sospii--70IJRABDZLydTlII5w2G5ZnqjBWwlGzjAasudECvC3joheeVn3ADUpRK2jYM.06fimQTk8gXgoDCoT12YYxkR-sMQDhqf6Vp9s0Iwrkw&dib_tag=se&keywords=platform+sandals+women&qid=1788070429&sr=8-26,https://m.media-amazon.com/images/I/81juIfWU4pL._AC_UL320_.jpg,34,排名进入前50；价格处于人民币等值¥180.00-¥288.00区间；评分达到4.0以上。
2026-08-30,amazon_us,product,new_releases,New Releases Women Sandals,32,DOBOLIN Rhinestone Heels 1.3 Inch Strappy Square Open Toe Heeled Sandals Slip on Sparkly Low Block Chunky Heels for Women Dressy Shoes Comfortable,,4.4,$33.99,,,,,,https://www.amazon.com/DOBOLIN-Rhinestone-Strappy-Sandals-Comfortable/dp/B0GWM954NV/ref=zg_bsnr_g_679425011_d_sccl_32/133-0227759-4104164?psc=1,"https://images-na.ssl-images-amazon.com/images/I/61rNnk31FgL._AC_UL300_SR300,200_.jpg",33,排名进入前50；标题包含 comfort，符合美国女鞋舒适化趋势；评分达到4.3以上。
2026-08-30,amazon_us,product,new_releases,New Releases Women Sandals,34,"UBFEN Womens Bohemian Flat Sandals | Elastic Back Strap, Comfortable for Walking, Open Toe, Dressy for Beach, Vacation, Travel",,4.2,$19.99,,,,,,https://www.amazon.com/UBFEN-Womens-Bohemian-Sandals-Black/dp/B0H1B6XDWS/ref=zg_bsnr_g_679425011_d_sccl_34/133-0227759-4104164?psc=1,"https://images-na.ssl-images-amazon.com/images/I/71TxhfsP6dL._AC_UL300_SR300,200_.jpg",33,排名进入前50；标题包含 comfort、beach，符合美国女鞋舒适化趋势；评分达到4.0以上。
2026-08-30,amazon_us,product,new_releases,New Releases Women Sandals,41,IDIFU IN2 Kitten Heels for Women Square Open Toe Heeled Sandals Dress Shoe | 2.5 Inch Ankle Strap Dressy Sandals Comfortable Party Wedding Daily Wear Heel,,4.5,$32.99,,,,,,https://www.amazon.com/IDIFU-Kitten-Square-Strappy-Wedding/dp/B0GCLCL32G/ref=zg_bsnr_g_679425011_d_sccl_41/133-0227759-4104164?psc=1,"https://images-na.ssl-images-amazon.com/images/I/61+FSLBsknL._AC_UL300_SR300,200_.jpg",33,排名进入前50；标题包含 comfort，符合美国女鞋舒适化趋势；评分达到4.3以上。
2026-08-30,amazon_us,product,new_releases,New Releases Women Sandals,44,"CUSHIONAIRE Laz Genuine Suede Cork Footbed Slide Sandals for Women | Summer Sandals with Cork Footbed, Two Strap Sandals, Adjustable Buckle Straps, Open Toe Womens Sandals",,4.9,$39.98,,,,,,https://www.amazon.com/CUSHIONAIRE-Genuine-Suede-Footbed-Sandals/dp/B0H8FLNY1X/ref=zg_bsnr_g_679425011_d_sccl_44/133-0227759-4104164?psc=1,"https://images-na.ssl-images-amazon.com/images/I/81srhQhObWL._AC_UL300_SR300,200_.jpg",33,排名进入前50；标题包含 summer，符合美国女鞋舒适化趋势；评分达到4.6以上。
2026-08-30,amazon_us,product,new_releases,New Releases Women Sandals,37,Noctivelle Women Kitten Heeled Sandals Waterproof Thong Flip Flops Memory Foam Comfort Insole Summer Quick Dry Casual Pool Beach Shoes,,3.7,$23.99,,,,,,https://www.amazon.com/Noctivelle-Women-Kitten-Heeled-Sandals/dp/B0H5C4GKMC/ref=zg_bsnr_g_679425011_d_sccl_37/133-0227759-4104164?psc=1,"https://images-na.ssl-images-amazon.com/images/I/71O8VgpBC3L._AC_UL300_SR300,200_.jpg",32,排名进入前50；标题包含 comfort、beach、summer，符合美国女鞋舒适化趋势。
2026-08-30,amazon_us,product,best_sellers,Best Sellers Women Sandals,36,"Ankis Women Nude White Gold Black Sandals Open Toe 1 Inch Low Block Heel | 1-inch short heel, adjustable ankle strap, 5mm latex cushioned insole, comfortable walking, for wedding, dressy, formal event",,4.2,$34.99,,,,,,https://www.amazon.com/Ankis-Sandals-Comfortable-Adjustable-Available/dp/B0BPL9HFKJ/ref=zg_bs_g_679425011_d_sccl_36/133-0227759-4104164?psc=1,"https://images-na.ssl-images-amazon.com/images/I/51EOkpMrmNL._AC_UL300_SR300,200_.jpg",30,排名进入前50；标题包含 comfort，符合美国女鞋舒适化趋势；评分达到4.0以上。
2026-08-30,amazon_us,product,new_releases,New Releases Women Sandals,43,"DREAM PAIRS Women's Kitten Low Heel Ankle Strap Sandals | 2.72 Inch,Comfortable Fashion Open Toe Sandals,4mm Cushioning,Suitable for Casual Daily Formal Wedding Prom Party Date Night",,4.1,$35.99,,,,,,https://www.amazon.com/DREAM-PAIRS-Womens-Kitten-Sandals/dp/B0H6HK71HQ/ref=zg_bsnr_g_679425011_d_sccl_43/133-0227759-4104164?psc=1,"https://images-na.ssl-images-amazon.com/images/I/61NrjaXcDIL._AC_UL300_SR300,200_.jpg",30,排名进入前50；标题包含 comfort，符合美国女鞋舒适化趋势；评分达到4.0以上。
2026-08-30,amazon_us,product,new_releases,New Releases Women Sandals,47,IDIFU Womens Strappy Heels Low Chunky Block Square Open Toe Heeled Sandals | IN3 Slingback Short Small Thick Adjustable Ankle Strap Heels Wedding Prom Bridal Office Party Dressy Dress Shoes for Women,,4.7,$30.99,,,,,,https://www.amazon.com/IDIFU-Womens-Strappy-Chunky-Sandals/dp/B0GZN5J1DP/ref=zg_bsnr_g_679425011_d_sccl_47/133-0227759-4104164?psc=1,"https://images-na.ssl-images-amazon.com/images/I/71JL-3WxW1L._AC_UL300_SR300,200_.jpg",30,排名进入前50；评分达到4.6以上。
2026-08-30,amazon_us,product,search,women slides,35,OOFOS,¥431.64,4.4,OOFOS,,,,,,https://www.amazon.com/OOFOS-OOahh-Unisex-Slide-Sandal/dp/B09Y9GYV3H/ref=sr_1_28?dib=eyJ2IjoiMSJ9.wrqHnvIFpzxZDCy1gVq3f4ElwLELpfbzk0bZTxBh-O8xXo99n1y-JyWu8hO04zMbFa8OQbtn0tMqy7ERZafXwFluKpYT5fUsQnfJZgwnHb1s-edgEi3MXBSxp9w_9h5ZfOM2nOhRPAPY8SrG9MhuxYzJtmwmge5ImpWt-E-A-L02Ka8CpjUR49Tpw5LNUYRF1Kl6nXsuybKHgBxNIi53dEzNqF_Ha0NZv4P6EqWbn6iQDguAPD7-KDiCpoMzc6snydaAHQdVxmfXx4KogMDeq6dTzFSOiPQsel5lALf6Flk.aw27oKFMAe0Q9Yj5_5HBlNiDVpDsaA2h3Fn3HE8lh00&dib_tag=se&keywords=women+slides&qid=1788070429&sr=8-28,https://m.media-amazon.com/images/I/51dH7-05JjL._AC_UL320_.jpg,30,排名进入前50；价格高于人民币等值¥288.00；评分达到4.3以上。
2026-08-30,amazon_us,product,search,platform sandals women,37,REEF,¥336.60,4.5,REEF,,,,,,https://www.amazon.com/Reef-Womens-Cushion-Sandal-Natural/dp/B0B7TTVGVJ/ref=sr_1_24?dib=eyJ2IjoiMSJ9.JzUv4ofeymwwJhjsgZOiXh_zZiAVCGWUapBv6WR_ZERCIvxZE4zi7HhipvwvwTK0d8_JYSHbOX_y2gCoftSlq_8rL_y0sf4pQjWApHWe6UTcSgg6m2M9Ztp7LbDtFQw6P9DEsFomabnkv8TYDK6MLYU58z2wWCtT65mIq8-q5OzkzCYMOVFtCLpsvdZu-HVjXhYWdtKTdK6trfRrW-XqmKI-xqLpocTyEN0NYH_Sospii--70IJRABDZLydTlII5w2G5ZnqjBWwlGzjAasudECvC3joheeVn3ADUpRK2jYM.06fimQTk8gXgoDCoT12YYxkR-sMQDhqf6Vp9s0Iwrkw&dib_tag=se&keywords=platform+sandals+women&qid=1788070429&sr=8-24,https://m.media-amazon.com/images/I/81cCTkHhaSL._AC_UL320_.jpg,30,排名进入前50；价格高于人民币等值¥288.00；评分达到4.3以上。
2026-08-30,amazon_us,product,new_releases,New Releases Women Sandals,38,"DREAM PAIRS Women's Chunky Low Heel Thong Sandals | Square Open Toe Slip On, Flip Flop Summer Heels, Comfortable Elgeant Going Out Sandals, Causal for Travel Daily Party Events",,3.8,$36.99,,,,,,https://www.amazon.com/DREAM-PAIRS-Womens-Chunky-Sandals/dp/B0H4FNT36P/ref=zg_bsnr_g_679425011_d_sccl_38/133-0227759-4104164?psc=1,"https://images-na.ssl-images-amazon.com/images/I/61B769rYVcL._AC_UL300_SR300,200_.jpg",29,排名进入前50；标题包含 comfort、summer，符合美国女鞋舒适化趋势。
2026-08-30,amazon_us,product,new_releases,New Releases Women Sandals,39,"CUSHIONAIRE Trio Flip Flops for Women, Comfortable Beach Sandals with Braided Thong Strap, Memory Foam Footbed and Metallic Ring Accents",,3.5,$39.99,,,,,,https://www.amazon.com/CUSHIONAIRE-Comfortable-Sandals-Metallic-CHOCOLATE/dp/B0H428CWQK/ref=zg_bsnr_g_679425011_d_sccl_39/133-0227759-4104164?psc=1,"https://images-na.ssl-images-amazon.com/images/I/71SWuBKpk7L._AC_UL300_SR300,200_.jpg",29,排名进入前50；标题包含 comfort、beach，符合美国女鞋舒适化趋势。
2026-08-30,amazon_us,product,best_sellers,Best Sellers Women Sandals,35,"Amazon Essentials Women's Two Strap Heeled Sandals with Adjustable Ankle Strap, Padded Memory Foam Insole",,4.4,$27.10,,,,,,https://www.amazon.com/Amazon-Essentials-Womens-Nola-Heeled/dp/B08LPVFHDY/ref=zg_bs_g_679425011_d_sccl_35/133-0227759-4104164?psc=1,"https://images-na.ssl-images-amazon.com/images/I/71gXk60IUaL._AC_UL300_SR300,200_.jpg",27,排名进入前50；评分达到4.3以上。
2026-08-30,amazon_us,product,new_releases,New Releases Women Sandals,31,GOUPSKY Women's Chunky Heel Mules Slip On Square Open Toe Mesh Sandals Summer Dressy Block Heeled Shoes for Vacation Party Wedding,,4.0,$39.98,,,,,,https://www.amazon.com/GOUPSKY-Chunky-Strappy-Sandals-Wedding/dp/B0H3K8KS3K/ref=zg_bsnr_g_679425011_d_sccl_31/133-0227759-4104164?psc=1,"https://images-na.ssl-images-amazon.com/images/I/61srW3HPThL._AC_UL300_SR300,200_.jpg",27,排名进入前50；标题包含 summer，符合美国女鞋舒适化趋势；评分达到4.0以上。
2026-08-30,amazon_us,product,new_releases,New Releases Women Sandals,48,"Goderci Womens Kitten Heel Sandals Square Open Toe Stiletto Heels | 3.15 Inch Heel, Ankle Strap Buckle, Sexy Dressy Shoes, for Wedding, Bridal, Party, Prom, Daily",,4.4,$33.99,,,,,,https://www.amazon.com/Goderci-Womens-Kitten-Sandals-Stiletto/dp/B0GT4L7R4Z/ref=zg_bsnr_g_679425011_d_sccl_48/133-0227759-4104164?psc=1,"https://images-na.ssl-images-amazon.com/images/I/71zLul+4sQL._AC_UL300_SR300,200_.jpg",27,排名进入前50；评分达到4.3以上。
2026-08-30,amazon_us,product,search,platform sandals women,45,Crocs,,4.5,Crocs,,,,,,https://www.amazon.com/Crocs-Brooklyn-Low-Wedge-Black/dp/B07YQRHTG4/ref=sr_1_32?dib=eyJ2IjoiMSJ9.JzUv4ofeymwwJhjsgZOiXh_zZiAVCGWUapBv6WR_ZERCIvxZE4zi7HhipvwvwTK0d8_JYSHbOX_y2gCoftSlq_8rL_y0sf4pQjWApHWe6UTcSgg6m2M9Ztp7LbDtFQw6P9DEsFomabnkv8TYDK6MLYU58z2wWCtT65mIq8-q5OzkzCYMOVFtCLpsvdZu-HVjXhYWdtKTdK6trfRrW-XqmKI-xqLpocTyEN0NYH_Sospii--70IJRABDZLydTlII5w2G5ZnqjBWwlGzjAasudECvC3joheeVn3ADUpRK2jYM.06fimQTk8gXgoDCoT12YYxkR-sMQDhqf6Vp9s0Iwrkw&dib_tag=se&keywords=platform+sandals+women&qid=1788070429&sr=8-32,https://m.media-amazon.com/images/I/7146HmICxBL._AC_UL320_.jpg,27,排名进入前50；评分达到4.3以上。
2026-08-30,amazon_us,product,best_sellers,Best Sellers Women Sandals,43,Hodeery Women's Kitten Heels Thong Sandals Open Square Toe Flip Flop Low Heels 2.5 Inch Slip On Sexy Women Dressy Slide Shoes for Casual,,4.0,$27.39,,,,,,https://www.amazon.com/Hodeery-Womens-Kitten-Sandals-Square/dp/B0DT7TP42N/ref=zg_bs_g_679425011_d_sccl_43/133-0227759-4104164?psc=1,"https://images-na.ssl-images-amazon.com/images/I/51ADcuVGvWL._AC_UL300_SR300,200_.jpg",24,排名进入前50；评分达到4.0以上。
2026-08-30,amazon_us,product,search,platform sandals women,48,CUSHIONAIRE,¥359.93,3.9,CUSHIONAIRE,,,,,,https://www.amazon.com/CUSHIONAIRE-Womens-platform-sandal-Memory/dp/B0CCF6M3TX/ref=sr_1_35?dib=eyJ2IjoiMSJ9.JzUv4ofeymwwJhjsgZOiXh_zZiAVCGWUapBv6WR_ZERCIvxZE4zi7HhipvwvwTK0d8_JYSHbOX_y2gCoftSlq_8rL_y0sf4pQjWApHWe6UTcSgg6m2M9Ztp7LbDtFQw6P9DEsFomabnkv8TYDK6MLYU58z2wWCtT65mIq8-q5OzkzCYMOVFtCLpsvdZu-HVjXhYWdtKTdK6trfRrW-XqmKI-xqLpocTyEN0NYH_Sospii--70IJRABDZLydTlII5w2G5ZnqjBWwlGzjAasudECvC3joheeVn3ADUpRK2jYM.06fimQTk8gXgoDCoT12YYxkR-sMQDhqf6Vp9s0Iwrkw&dib_tag=se&keywords=platform+sandals+women&qid=1788070429&sr=8-35,https://m.media-amazon.com/images/I/81IyApfBfXL._AC_UL320_.jpg,23,排名进入前50；价格高于人民币等值¥288.00。
2026-08-30,amazon_us,product,search,platform sandals women,49,Madden Girl,¥382.97,3.7,Madden Girl,,,,,,https://www.amazon.com/Madden-Girl-Womens-Mythicall-Natural/dp/B0CNKPC4Y5/ref=sr_1_36?dib=eyJ2IjoiMSJ9.JzUv4ofeymwwJhjsgZOiXh_zZiAVCGWUapBv6WR_ZERCIvxZE4zi7HhipvwvwTK0d8_JYSHbOX_y2gCoftSlq_8rL_y0sf4pQjWApHWe6UTcSgg6m2M9Ztp7LbDtFQw6P9DEsFomabnkv8TYDK6MLYU58z2wWCtT65mIq8-q5OzkzCYMOVFtCLpsvdZu-HVjXhYWdtKTdK6trfRrW-XqmKI-xqLpocTyEN0NYH_Sospii--70IJRABDZLydTlII5w2G5ZnqjBWwlGzjAasudECvC3joheeVn3ADUpRK2jYM.06fimQTk8gXgoDCoT12YYxkR-sMQDhqf6Vp9s0Iwrkw&dib_tag=se&keywords=platform+sandals+women&qid=1788070429&sr=8-36,https://m.media-amazon.com/images/I/71SNHrdlHML._AC_UL320_.jpg,23,排名进入前50；价格高于人民币等值¥288.00。
2026-08-30,amazon_us,product,new_releases,New Releases Women Sandals,50,"CUSHIONAIRE Naty Jelly Kitten Heels for Women, Chic Slip-On Mule Design with Modern Open Square Toe Womens Heels",,3.8,$49.99,,,,,,https://www.amazon.com/CUSHIONAIRE-Kitten-Design-Modern-Square/dp/B0H4WJJHF6/ref=zg_bsnr_g_679425011_d_sccl_50/133-0227759-4104164?psc=1,"https://images-na.ssl-images-amazon.com/images/I/71fKFGGvKPL._AC_UL300_SR300,200_.jpg",20,排名进入前50。
