date,source,data_type,list_type,keyword,rank,title,price,rating,review_count,likes,comments,views,published_at,competition_count,product_url,image_url,hot_score,reason
2026-06-24,amazon_us,product,best_sellers,Best Sellers Women Sandals,8,CUSHIONAIRE Lane Cork Footbed Womens Sandals Comfortable Double Buckle Slip On Sandals for Women with Arch Support and Classic Two Strap Design,¥251.93,4.5,"74,485",,,,,,https://www.amazon.com/CUSHIONAIRE-Womens-Slide-Sandals-Brown/dp/B075PBVR9N/ref=zg_bs_g_679425011_d_sccl_8/133-7970921-7722602?psc=1,"https://images-na.ssl-images-amazon.com/images/I/71tXEU83wAL._AC_UL600_SR600,400_.jpg",99,排名靠前；评论数高；价格处于人民币等值¥180.00-¥288.00区间；标题包含 comfort、arch support，符合美国女鞋舒适化趋势；评分达到4.3以上。
2026-06-24,amazon_us,product,new_releases,New Releases Women Sandals,9,"Project Cloud Genuine Leather Women’s Sandals – Thong Flip Flops with Plush Soft Insole, Arch Support & Non Slip Outsole – Comfortable Beach & Summer Slides",,4.1,$34.11,,,,,,https://www.amazon.com/Project-Cloud-Genuine-Leather-Sandals/dp/B0GHT8V7LK/ref=zg_bsnr_g_679425011_d_sccl_9/134-4425854-3946053?psc=1,"https://images-na.ssl-images-amazon.com/images/I/71Da9eEAVQL._AC_UL600_SR600,400_.jpg",79,排名靠前；标题包含 cloud、comfort、arch support、soft、beach、summer，符合美国女鞋舒适化趋势；cloud + slides组合趋势加分；评分达到4.0以上。
2026-06-24,amazon_us,product,best_sellers,Best Sellers Women Sandals,14,shevalues Orthopedic Sandals for Women Arch Support Recovery Flip Flops Pillow Soft Summer Beach Shoes,,4.3,$15.37,,,,,,https://www.amazon.com/Orthotic-Pillow-Recovery-Sandals-Support/dp/B09LC836QG/ref=zg_bs_g_679425011_d_sccl_14/133-7970921-7722602?psc=1,"https://images-na.ssl-images-amazon.com/images/I/61o9ArJVVsL._AC_UL600_SR600,400_.jpg",77,排名进入前30；标题包含 recovery、orthopedic、arch support、soft、beach、summer，符合美国女鞋舒适化趋势；orthopedic + arch support组合趋势加分；评分达到4.3以上。
2026-06-24,amazon_us,product,best_sellers,Best Sellers Women Sandals,6,Project Cloud 100% Genuine Leather Flat Sandals For Women 2026 Cork Footbed Womens Sandals with Memory Foam and arch support Vacation Essentials Slides for Women Footwear (Venita),,4.4,$24.90,,,,,,https://www.amazon.com/Project-Cloud-Comfortable-Essentials-Vacation/dp/B0CNYDF946/ref=zg_bs_g_679425011_d_sccl_6/133-7970921-7722602?psc=1,"https://images-na.ssl-images-amazon.com/images/I/61PPWwEkHDL._AC_UL600_SR600,400_.jpg",76,排名靠前；标题包含 cloud、arch support，符合美国女鞋舒适化趋势；cloud + slides组合趋势加分；评分达到4.3以上。
2026-06-24,amazon_us,product,search,women slides,18,LongBay Women's Fuzzy Slippers Comfy Cloud Memory Foam House Shoes Home Open Toe Slides Indoor Outdoor LongBay Women's Fuzzy Slippers Comfy Cloud Memory Foam House Shoes Home Open Toe Slides Indoor Out…,¥61.13,4.4,4.4,,,,,,https://aax-us-east-retail-direct.amazon.com/x/c/JFVLERayuLPyi06TeSKGWuIAAAGe-WhsywEAAAH2AQBvbm9fdHhuX2JpZDMgICBvbm9fdHhuX2ltcDEgICAxxoby/clv1c_ek-wBHX2ZcTeBq-7UQNOSIh9W3snFKlykLSwNt3TYrwJ_v7Rdqzz-cIuA1cvx83ItcqM8iGMByQYLEBx-k6uHE3jshwaHLCZHFfafef278MYaXlzSCjhO8zoovqnEVdHno7CgVZISsMYQ_cLnF90E1DaoeEMFiRKksrt93MKDIcIlYA03wPsqOEgNkHAvN6X6t3nbitIERrSUegtN00HZg_OHEYhWotX-Yoj6uujCskw65Yre_HY6XOWm_G7UWxa3m6UemPxjOdYUkeiiF-cfaTrZ4IQT8tDIztHWqrS-SgCy1RX1D1tkhbIV6__Ll955TM3bNtRAJynKSe4nlUV_HtGAGKDU3p4q1oomyeZLGCa5Wb1YaDobK9a4wCy-p6RxNXJhsltB4Sxlv4BNYDoJHTfuyPA2c10q_JW6joDuQqH7Oc9F925d9u68jY3lFD7-nYzt6qVjU8c8o9mNd9GYBmt3kADImwaja-s_CcwygZge3T4SCdBjML6GHXm_Oz5KMAvil6Ktw6vJO645Vf-Zs-b0trGqWrvNjUKJeDvnvPt_EgQQ-eJqmsT5BIaIGrolt5mZ2eHhxrxAwvJy5wnq68swdKndtZdWjvee-7HTilocwFVvDpjO1bSBSdgdQGi4CX9e-X0SBGgW9Uj_CC1QjG1gPN3wVp9ntsanzGhvG9ja3ZV_GnYa0iupB4HZShDj5tKBriXEdX3_IDY-FCMmJzb8L9hGJCPoQ6GTTwEWcAjqjfhZOU-s-qOBtZNHMGa8qEVuX_98BW-VuigZnpECp90tgXLTkExGtV4IdV0UcBpAgcHTNHwzd_slZBVJ_VM-ld9B_WJuz0w4kktPmhRqQkWJSTmkSMJf2LxAIftUjzL4P85Z3do4bj31EYDESDEt4y-910jeSxRSr9vhYKtZu-PYJprpQo0IPeOMN1QcD36VCiB3LbSV1X7U8h8FZRlk1UAPfOVjqDOqGOgiJQ3OAqtdEKbprI0XgknFBHtyIZ_SBUqafeZb55n4aE9JZl0jsn5t1JtQ2ngn5yPzDiyaPYxKt1kwnlqYfoJ_ZxkVy5e3eD9eOjbM50GA4vTjROpNag1XPQ_FqdBdDBZnywIHq88hyCxcWGzqllKHU09X7FDTjZq7ADFn17uIHrHUERe23s3fKPmrvuaeiQv8Dh7sh1VwarAq_yK5oOFo7ldjUpZeHLdByfJN0TAi-ebZ0LkjAOCvGQh3JhmAPoI6NlMqEI4tr9XgOM5ZcTz4JitPRp3-nRid8m0wey_1-Tf--t6pgDe5InAF941LQqFWG_U7laucXIgUys7Xi7m5RiXHdM8-FvaVQbV2pggT6rM22EzoE7faOMLy4TTWmvfsg78wGU1zu-fobwR2TZEf3OHK_2tXMNlNL-EUh-D4xCm7z6ycnlV-Hpgm6BEpJuyLVhgEPq8AQA1pm1mTEx3SeoIRzNIKF6QDS-ytmcrJ6eZDuBBIrYordGnJIXcB3uwB0XkXmHYdQnvh1fTr_FzPX76gxU-zzZr9PSHytcFi04D6JSuQ407sK_MwvCio4WTIksIOX3T4CT558ONp36Q2r4A92XaoDNI9TWyF7XjlcUkVz5EbLdmC1CJJnvK4nTTxfnfYQHZEtN0XI0_s8gf6YbQr0MVv1GeoddIfYLk3CMBoCiW6It2cjZ-Fi2OgqrlsZJ6vpHC__-ItxwQDZ78YVrWFLA/https://www.amazon.com/gp/aw/d/B07H3PB6LH/?_encoding=UTF8&pd_rd_plhdr=t&aaxitk=0e5a8701e1487d4e6bcc079ea3d9a361&hsa_cr_id=0&qid=1782300830&sr=1-5-f02f01d6-adaf-4bef-9a7c-29308eff9043&ref_=sbx__sbtcd2_asin_4_bkgd&pd_rd_w=b0R2p&content-id=amzn1.sym.5159d9cb-0665-4a83-8f64-8881eaba312a%3Aamzn1.sym.5159d9cb-0665-4a83-8f64-8881eaba312a&pf_rd_p=5159d9cb-0665-4a83-8f64-8881eaba312a&pf_rd_r=ZMXM83JGQEN1A86STG33&pd_rd_wg=cPFSR&pd_rd_r=45c5e1ad-7497-4ef9-97b7-7dd0f333f81e,"https://m.media-amazon.com/images/I/6121CkyqTzL._AC_SR322,134_CB1169409_QL70_.jpg",75,排名进入前30；价格处于人民币等值¥57.60-¥180.00黄金区间；标题包含 cloud，符合美国女鞋舒适化趋势；cloud + slides组合趋势加分；评分达到4.3以上。
2026-06-24,amazon_us,product,search,women summer slippers,1,SaDuck Open Toe Summer Slippers for Women - Arch Support Comfy & Cute Slip-On Indoor/Outdoor House Slippers with Non-Slip TPR Outsole SaDuck Open Toe Summer Slippers for Women - Arch S…,¥155.45,4.1,,,,,,,https://aax-us-east-retail-direct.amazon.com/x/c/JIiR9Y587sPf6HAnGzzDFlUAAAGe-Who9gEAAAH2AQBvbm9fdHhuX2JpZDIgICBvbm9fdHhuX2ltcDIgICDgm-on/clv1c_ek-wBIHXYsbYHe8mo-rYa5B46Wlx4wjtu1_VpGePVjnn9mu-1IGQPJV_okzLhPB-NkE9DoU3TNZmZOqKThOR4tYCo0E3YvmrCM30jbsJX2Y2AxfrN-Q1W92h4fd4ZrOw2-Ipmo0TZt-WaugiBbk0g4p8g-imPpXokgTwy7UvxKJLWcofG8XhHkegMuHUJiinvBzNi1Z1E_DBFeTvnSywG8qbGdUWTcS6hrz0qr4IEnyGcGe7U0H_zH--d6Es3aKZevZLYcExLQQYm_NRe-fQ0E00ufSbJOHJjC_58kdCp08VrlXR_R_N38CwPY7ocgrBYtQ-xVY6MI2pxiTtTbSvhgCoKrqxxms1OjjDuQedaRkQqtLW0newJSZ_rR8dQRLKjvptYYlQJTJVz0jQTQr8FSs5rzhBTrGHk2r2ItnKw8mr5wW9MXjdTSbt-b71MTqZ3ibEar8yrWRp3YVQrLiHucIpFmt1Bqae6BWpW4urqHCUNWzfSawBrXDfx0vZlH-RSlq73IPmhobZPamxWk6bzVP9cU_FDowLp4ccwHsAPIfNfdLNJL5Z3Kvy2sKCExQCHjf-V37uAM2Aaqu3BXI0rHNx6BkPapng9pPqwszbNaOVQ_u5lWYni0Xy_6sCVilO8AUejxsUDOJd5rlIhi1P3G6kJdRDZ71tkoqv6d4st6zH85atQgJnb9QdKHIrVqSuxY6hlnnzb58wt_2y_KHIIOccCMCnkc0V2fcE716_yLLAOEZ0bBmcElTryoGrNEH89fJUNqUMkKXivKQYP3ctiQGoNNj2SE5yla5bWAToptBN5dUD4wdz1c30x01JE6bMrFnaWkqy6ydcr5n8WlSJGNd_RUkTmf88rvPjrbcNIy6u9JtlXaNkmAPeLqJUUQqQnOq-BWbtQEYU1KzgkuuqKG1o1GQ-jiqjdhthE50qhaQZwRmh2X3IPGB7S2A9UqY5eSaclNYgNTOzcJQ4XLZL6hQGaeH1kNuiPTwihXIUgjtGPfe6bGK8_NTgEM2odOG0loM9kBQv7NPSFls4rTQNllAFYrbHBbeU3uDiZon11lMkorKcaymD_67Ja72Yc3Acsl-i9yFkR2oqeAt62zCx2H75DS-KWYIJHWrn5PC0kpiaguN4oKuls-HaflWKqA6j_6pS14CSZBAli6ItSmEKTCPSJyFXX5Wi5oPtpUx3UjBPFjXIME-_cWJ8_SkmIb6vZ6MdZsTFWTwjj4gBr_brdsBu_Xq691BOQ0EPvRHTdjqHJM_KSSGW_DiUIEoVuuvAAmzPYJOACvErSne6kbWgMgAqrXHY-IzzYNiYnMD23BlpBm5B7trsTSBJriDWu6qMOI3Ue4svp0XLLBeJV7ZWaJtftK7R9LPMgUYJYlX_qQLtV4fd27aVbLB9kCborxSOxuZnkkVVfLDqZUdNnVvJ6FCdD14_ttQT7qKK_P-C4zKlj0Pa7WFrd0l_ZzZ8GJon8qSBMcy57iClDasAmxA7MvOQjkM46Xrkcv5wLpVwS4PWXxwMVVbIlYRoMPozEyVtCOqFGz-f0VTxO6f7UNVWA3k5jDaVNLejI5m9KDYoHUUxqtSF5x4gWBAxWOntUdGSJ2_zpyfIJDCxqgfxKFWawIKhA69TvcQIzuYiAYLGyDZKikx1PtOeJkIGzadRgdEs46p-0hZcoks3ZrxZ1_-V3Cd86OmjcoIsTtyv/https://www.amazon.com/gp/aw/d/B0GLP5KYRP/?_encoding=UTF8&pd_rd_plhdr=t&aaxitk=1713868476fc78a8851cf5ffde0399dc&hsa_cr_id=0&qid=1782300829&sr=1-1-9e67e56a-6f64-441f-a281-df67fc737124&ref_=sbx_s_sparkle_sbtcd_asin_0_bkgd&pd_rd_w=Drntt&content-id=amzn1.sym.2fb72bc8-96ef-420d-b08f-c04b69f36507%3Aamzn1.sym.2fb72bc8-96ef-420d-b08f-c04b69f36507&pf_rd_p=2fb72bc8-96ef-420d-b08f-c04b69f36507&pf_rd_r=HJ1FSR3RACJ249YR25ME&pd_rd_wg=Velmd&pd_rd_r=1cc757d2-0d3c-4ff1-8e06-399fb0190cf8,"https://m.media-amazon.com/images/I/71KWHKuok+L._AC_SR160,134_CB1169409_QL70_.jpg",73,排名靠前；价格处于人民币等值¥57.60-¥180.00黄金区间；标题包含 arch support、summer，符合美国女鞋舒适化趋势；评分达到4.0以上。
2026-06-24,amazon_us,product,best_sellers,Best Sellers Women Sandals,19,"Goosecret Women's Comfortable Arch Support Walking Platform Sandals | Lightweight Chunky Slip-On Foam Slides with Adjustable Buckle,Sandals for Beach and Daily Wear",,4.4,$17.14,,,,,,https://www.amazon.com/Goosecret-Platform-Lightweight-Comfortable-Adjustable/dp/B0CZ75N4PP/ref=zg_bs_g_679425011_d_sccl_19/133-7970921-7722602?psc=1,"https://images-na.ssl-images-amazon.com/images/I/61l3YNTRtgL._AC_UL600_SR600,400_.jpg",72,排名进入前30；标题包含 platform、comfort、arch support、beach，符合美国女鞋舒适化趋势；platform + comfort组合趋势加分；评分达到4.3以上。
2026-06-24,amazon_us,product,best_sellers,Best Sellers Women Sandals,1,KuaiLu Flip Flops for Women with Arch Support Yoga Mat Comfortable Summer Beach Walking Thong Cushion Sandals Slip On Indoor Outdoor,,4.3,$13.29,,,,,,https://www.amazon.com/KuaiLu-Support-Comfortable-Walking-Sandals/dp/B0C5ZRQS2X/ref=zg_bs_g_679425011_d_sccl_1/133-7970921-7722602?psc=1,"https://images-na.ssl-images-amazon.com/images/I/710PdcSAm6L._AC_UL600_SR600,400_.jpg",70,排名靠前；标题包含 comfort、arch support、beach、summer，符合美国女鞋舒适化趋势；评分达到4.3以上。
2026-06-24,amazon_us,product,search,women summer slippers,9,GOEWY,¥88.85,4.7,GOEWY,,,,,,https://www.amazon.com/GOEWY-Slippers-Breathable-Birthday-Outdoor/dp/B0GQGLFHFJ/ref=sr_1_5?dib=eyJ2IjoiMSJ9.HELZ__VSeLI5Ljj_JV3dSWomlzIOtkt-PkeC4-IYbBFsS3paRO83YBB0NRglNxKcyMu7flzyoKIzAb8UzP0a10ijUUhKgrXKg1Kg2EiF7U2LApoU9OXbwY619f6-RHLOp0BzpHgzmah9iBGVhflCMeLOMdx2XLSFStuJPHYX_Hbyoj1VY1XY4fZFaJV0_EO2IezAL71k7cg0cnWjneCVZFM-r7BdZqFKNx5qyRx8QHFpSALbBKoBlqw6Ea8sbQcvb9ppSuBgwO-COe9ubfDsTIHS4EvxKXra-wXmBhTKdZs.EXd4cVtODX8Tlspu2iMSg-ADP2rB5BOios6XaVDQY38&dib_tag=se&keywords=women+summer+slippers&qid=1782300829&sr=8-5,https://m.media-amazon.com/images/I/61PJ6PNvlqL._AC_UL320_.jpg,70,排名靠前；价格处于人民币等值¥57.60-¥180.00黄金区间；评分达到4.6以上。
2026-06-24,amazon_us,product,search,women slides,6,Litfun,¥150.34,4.6,Litfun,,,,,,https://www.amazon.com/sspa/click?ie=UTF8&spc=MTozMTAzMTMxNzAxMzM0NjEwOjE3ODIzMDA4MzA6c3Bfc2VhcmNoX3RoZW1hdGljOjMwMTE2Mzc2NDMyNzUwMjo6Mjo6&url=%2FLitfun-Womens-Footbed-Sandals-Adjustable%2Fdp%2FB0DZ6MG247%2Fref%3Dsxin_17_pa_sp_search_thematic_sspa%3Fcontent-id%3Damzn1.sym.20370b4c-979a-4a65-bc84-8b168f3df5c5%253Aamzn1.sym.20370b4c-979a-4a65-bc84-8b168f3df5c5%26cv_ct_cx%3Dwomen%2Bslides%26keywords%3Dwomen%2Bslides%26pd_rd_i%3DB0DZ6MG247%26pd_rd_r%3D45c5e1ad-7497-4ef9-97b7-7dd0f333f81e%26pd_rd_w%3DeLZMh%26pd_rd_wg%3DcPFSR%26pf_rd_p%3D20370b4c-979a-4a65-bc84-8b168f3df5c5%26pf_rd_r%3DZMXM83JGQEN1A86STG33%26qid%3D1782300830%26sbo%3D9ZOMT9Jm0JH%252Ft%252BWi68iDSA%253D%253D%26sr%3D1-3-543a432c-671c-4a3a-a15e-c8d9b2229043-spons%26aref%3D1XCIUrR0yM%26sp_csd%3Dd2lkZ2V0TmFtZT1zcF9zZWFyY2hfdGhlbWF0aWM%26psc%3D1&aref=1XCIUrR0yM,https://m.media-amazon.com/images/I/81XXLyFZLVL._AC_UL320_.jpg,70,排名靠前；价格处于人民币等值¥57.60-¥180.00黄金区间；评分达到4.6以上。
2026-06-24,amazon_us,product,search,women slides,7,Calvin Klein,¥165.10,4.6,Calvin Klein,,,,,,https://www.amazon.com/sspa/click?ie=UTF8&spc=MTozMTAzMTMxNzAxMzM0NjEwOjE3ODIzMDA4MzA6c3Bfc2VhcmNoX3RoZW1hdGljOjo6MzpCMENRUlNYVllNOnNlYXJjaA&url=%2FCalvin-Klein-Womens-EDHEN-Sandal%2Fdp%2FB0CQRSXVYM%2Fref%3Dsxin_17_pa_sp_search_thematic_sspa%3Fcontent-id%3Damzn1.sym.20370b4c-979a-4a65-bc84-8b168f3df5c5%253Aamzn1.sym.20370b4c-979a-4a65-bc84-8b168f3df5c5%26cv_ct_cx%3Dwomen%2Bslides%26keywords%3Dwomen%2Bslides%26pd_rd_i%3DB0CQRSXVYM%26pd_rd_r%3D45c5e1ad-7497-4ef9-97b7-7dd0f333f81e%26pd_rd_w%3DeLZMh%26pd_rd_wg%3DcPFSR%26pf_rd_p%3D20370b4c-979a-4a65-bc84-8b168f3df5c5%26pf_rd_r%3DZMXM83JGQEN1A86STG33%26qid%3D1782300830%26sbo%3D9ZOMT9Jm0JH%252Ft%252BWi68iDSA%253D%253D%26sr%3D1-4-543a432c-671c-4a3a-a15e-c8d9b2229043-spons%26sp_csd%3Dd2lkZ2V0TmFtZT1zcF9zZWFyY2hfdGhlbWF0aWM%26psc%3D1,https://m.media-amazon.com/images/I/516zFdheWdL._AC_UL320_.jpg,70,排名靠前；价格处于人民币等值¥57.60-¥180.00黄金区间；评分达到4.6以上。
2026-06-24,amazon_us,product,best_sellers,Best Sellers Women Sandals,28,Project Cloud 100% Genuine Leather Flat Sandals for Women 2026 Comfortable Beach Essentials Womens Sandals Memory Foam Vacation Essentials Slides for Women Footwear (Santorini),,4.3,$37.90,,,,,,https://www.amazon.com/Project-Cloud-Genuine-Leather-Sandals/dp/B0D755CTLM/ref=zg_bs_g_679425011_d_sccl_28/133-7970921-7722602?psc=1,"https://images-na.ssl-images-amazon.com/images/I/81KEpbRPxUL._AC_UL600_SR600,400_.jpg",69,排名进入前30；标题包含 cloud、comfort、beach，符合美国女鞋舒适化趋势；cloud + slides组合趋势加分；评分达到4.3以上。
2026-06-24,amazon_us,product,new_releases,New Releases Women Sandals,26,EQAUDES Platform Sandals Women Open Toe Ankle Strap Summer Wedge Espadrille Sandals Cute Beach Straw Raffia Woven Sandals Comfortable Vacation Dress Shoes,,4.2,$28.49,,,,,,https://www.amazon.com/EQAUDES-Platform-Sandals-Espadrilles-Vacation/dp/B0H1XXQYFQ/ref=zg_bsnr_g_679425011_d_sccl_26/134-4425854-3946053?psc=1,"https://images-na.ssl-images-amazon.com/images/I/81QlHjI6ANL._AC_UL600_SR600,400_.jpg",69,排名进入前30；标题包含 platform、comfort、beach、summer、wedge，符合美国女鞋舒适化趋势；platform + comfort组合趋势加分；评分达到4.0以上。
2026-06-24,amazon_us,product,search,platform sandals women,25,"CUSHIONAIRE Carmen Platform Womens Sandals, Comfortable Slip On Espadrille Sandals for Women with Memory Foam CUSHIONAIRE Carmen Platform Womens Sandals, Comfortable Slip On Espadrille Sandals for Women with Memory Foam",¥287.93,3.8,3.8,,,,,,https://aax-us-east-retail-direct.amazon.com/x/c/JCM2Vmzo0D9O6uizkO7v1kcAAAGe-WhtLAEAAAH2AQBvbm9fdHhuX2JpZDEgICBvbm9fdHhuX2ltcDEgICA-zcRW/clv1c_ek-wBIHXErbWDn2nI5drJ16WpAySuUbu967EKHOij0d-CUr1rjNuMQrbYwGBsdAOx_PJZR9aYcXFT0SBlldTRV9J5Z14GMSauCxkTxXu_UAGzcqLiGdnokq8Cvn2qGdrYYiCTtAh7bYX06ktnthr1FHfuB3cl1-6m83s4xd7zQceSjHbsa3-QtKJIARKlK6s18IrCwPJEQnegTyxn8gDwg_CPF2wjuQmXI3LwPoUzdysk5vJdgBtp_oOXY2Hcpqrx4rb1wz5yhBfZnm0NxR7nI4WffP8bozKZxJWlIR7cSb8i-wwZX-rinjbWCrTQBExIsIxoatdaPKZZsPeSg6BOhTK50LpteQygoKF8e7IXvxfyWh1B8fXZ-mtGfrWmgygi1DrCIxQ-nTKYnlrGLQM_h0lLI9UhHHt02-mMYVyyWRJG1Ridng793QOOz2ZOrdBCKSc1-fX-pk9Jrso9Erpf0Womyb7C_xOdUga_34g6KvOH1w28eUQQCu1aroAyp43lLhsLHxfG9xTQuGageIgtruvNzrNGIw53rXWYc4EgRJQPHiKlAGpqNJ2YswMCbyZQFLTAe3stPy60lQ9DAKOeddnnaOLZhiMbMFYXlpkd9NueJvgA0OPmNDyUs_y8uX3qyWIJ_KGu8St3Qw8XEOX03g40H-Jf4XPk84609wqbP1pqO75o2ufuvmpSI7fOxinURtCG42nemIBR5FB6cL9JlJwaKA7RoKHQtxocQDQ_Cm9e-pMZjdXVQdkcIsV8SCc4_d1OVP05bfS5apDbdKKHvtP1rBG2GXcp93tcISbDcv-Xw1WijgPlYXuvISY8TzXrsXZdAA7ISvPOFhiLo_Lpiyj8Ljg-0Hm3aP8VJjwNaUG74bJTes2spSwEuto0F2DQiNZFGqnEGgQwD8edaITuDGXsMARmiNl_tFpBQSNp4NCO3KqevCb2RnncUszBEFvEWLp-ilBYBp3qxLeJDh2rMn0y5xP_vk_Zj9Jmhy2dn-AEX8tEdN8GwQ1LMt6QflXmZa-BbsKWXX2QDMVw1pw9bSFvrgT-Qfeqh48JhN56tzatIWH9sKUjnwiL8vERkn3sIft8uUtcYRUHu-g3R8EZNgR_b4fRNX9lJGuSr06r_zjWdtKFXyQ1SmnEzRvqHDbNtMgwzUlAu7oHGu89NVoFgEJpib0XN-oy34XS6bgQOqjwuegyNPVaJl33FpFoALk5pzjvSbG_fYtdRNHxKTBOCLA7AZNBUS0ovVhjGhDI4oP8PtZfgGXCAiZkfPDPqFYU_odmLRvrLATwAy_a-IEDTjtOkibPXHzx61MbawbIiQjZJy5s8NAkL2ZvjbKyqUEeS-GmoUwWKWZLEo_xdDuY6K_2zDmGRenf-qHEXgIOSTiS0rmSayH3wp7TVH0UKxOupGi95wjOR7Frpzu3V6LRH7QIGtxLxFTzXYO_qARyClkAVwHhJOV-39kZna0B2SGmaH1-qmQg97rh0CmSn_nc1QpBfDTJGF2jM9ZcBj1EDQHwcKXvEWzv67unSm9pptOpbKqPsmmSzZ-5jEL4vCAfgsXe5K9GbNBhP6PjwzVcDWIxmALXLuW1wfbjJy3lqvSc23Fdg-0s-Ia7uKwA8g6PBZ8-rMgPjdRwpBoEk263wMPqYbyjkXXCuPRHJrgmPQr4YU8aic_1SCaQJp6oLcDDS3MKyLop_CBkIVAgYUk/https://www.amazon.com/gp/aw/d/B0GPWDXWJ5/?_encoding=UTF8&pd_rd_plhdr=t&aaxitk=2c3699a3e223eebac1a0f6f99e2559be&hsa_cr_id=0&qid=1782300830&sr=1-1-f02f01d6-adaf-4bef-9a7c-29308eff9043&ref_=sbx__sbtcd2_asin_0_bkgd&pd_rd_w=lxDry&content-id=amzn1.sym.5159d9cb-0665-4a83-8f64-8881eaba312a%3Aamzn1.sym.5159d9cb-0665-4a83-8f64-8881eaba312a&pf_rd_p=5159d9cb-0665-4a83-8f64-8881eaba312a&pf_rd_r=SR421RD646YT1TXWCK3M&pd_rd_wg=pA4WV&pd_rd_r=f3775e85-b9de-43de-af41-994a7271798d,"https://m.media-amazon.com/images/I/81dsWGCrOSL._AC_SR322,134_CB1169409_QL70_.jpg",69,排名进入前30；价格处于人民币等值¥180.00-¥288.00区间；标题包含 platform、comfort，符合美国女鞋舒适化趋势；platform + comfort组合趋势加分。
2026-06-24,amazon_us,product,best_sellers,Best Sellers Women Sandals,25,"CUSHIONAIRE Fame Pillow Recovery Sandals for Women, Adjustable Double Buckle Waterproof EVA Cloud Slides for Women",,4.4,$24.99,,,,,,https://www.amazon.com/CUSHIONAIRE-Double-Adjustable-Buckle-Shower/dp/B09CK8R425/ref=zg_bs_g_679425011_d_sccl_25/133-7970921-7722602?psc=1,"https://images-na.ssl-images-amazon.com/images/I/81w0A8kWZPL._AC_UL600_SR600,400_.jpg",68,排名进入前30；标题包含 cloud、recovery，符合美国女鞋舒适化趋势；cloud + slides组合趋势加分；评分达到4.3以上。
2026-06-24,amazon_us,product,new_releases,New Releases Women Sandals,4,"CUSHIONAIRE Lab Jelly Flats for Women, Closed Toe Slip On Lightweight Womens Mules with Woven Design and Cushioned Comfort",¥287.93,4.3,44,,,,,,https://www.amazon.com/CUSHIONAIRE-Lightweight-Cushioned-Comfort-CHOCOLATE/dp/B0GXLQJB8T/ref=zg_bsnr_g_679425011_d_sccl_4/134-4425854-3946053?psc=1,"https://images-na.ssl-images-amazon.com/images/I/81yCFR3A49L._AC_UL600_SR600,400_.jpg",68,排名靠前；价格处于人民币等值¥180.00-¥288.00区间；标题包含 comfort，符合美国女鞋舒适化趋势；评分达到4.3以上。
2026-06-24,amazon_us,product,new_releases,New Releases Women Sandals,5,Project Cloud Platform Sandals Women - Memory Foam Insole Flip Flops and Lightweight Womens Sandals - Non-Slip Summer Thong Sandals for Women 2026 (ELEVATION),,4.0,$37.90,,,,,,https://www.amazon.com/Project-Cloud-Platform-Sandals-Women/dp/B0GTZK6RWT/ref=zg_bsnr_g_679425011_d_sccl_5/134-4425854-3946053?psc=1,"https://images-na.ssl-images-amazon.com/images/I/61Kn9EsnuXL._AC_UL600_SR600,400_.jpg",68,排名靠前；标题包含 cloud、platform、summer，符合美国女鞋舒适化趋势；评分达到4.0以上。
2026-06-24,amazon_us,product,new_releases,New Releases Women Sandals,8,"CUSHIONAIRE Expo Thong Sandals for Women, Comfortable Slingback Sandals with Arch Support and Cushioned Footbed",,4.7,$37.98,,,,,,https://www.amazon.com/CUSHIONAIRE-Comfortable-Slingback-Cushioned-CHOCOLATE/dp/B0GZJ5KHBQ/ref=zg_bsnr_g_679425011_d_sccl_8/134-4425854-3946053?psc=1,"https://images-na.ssl-images-amazon.com/images/I/71P3k5SiVZL._AC_UL600_SR600,400_.jpg",67,排名靠前；标题包含 comfort、arch support，符合美国女鞋舒适化趋势；评分达到4.6以上。
2026-06-24,amazon_us,product,search,women summer slippers,6,LongBay,¥108.86,4.5,LongBay,,,,,,https://www.amazon.com/LongBay-Slippers-Memory-Bedroom-Dual-Strap/dp/B0DP277YRM/ref=sr_1_2?dib=eyJ2IjoiMSJ9.HELZ__VSeLI5Ljj_JV3dSWomlzIOtkt-PkeC4-IYbBFsS3paRO83YBB0NRglNxKcyMu7flzyoKIzAb8UzP0a10ijUUhKgrXKg1Kg2EiF7U2LApoU9OXbwY619f6-RHLOp0BzpHgzmah9iBGVhflCMeLOMdx2XLSFStuJPHYX_Hbyoj1VY1XY4fZFaJV0_EO2IezAL71k7cg0cnWjneCVZFM-r7BdZqFKNx5qyRx8QHFpSALbBKoBlqw6Ea8sbQcvb9ppSuBgwO-COe9ubfDsTIHS4EvxKXra-wXmBhTKdZs.EXd4cVtODX8Tlspu2iMSg-ADP2rB5BOios6XaVDQY38&dib_tag=se&keywords=women+summer+slippers&qid=1782300829&sr=8-2,https://m.media-amazon.com/images/I/71BlGXBbl-L._AC_UL320_.jpg,67,排名靠前；价格处于人民币等值¥57.60-¥180.00黄金区间；评分达到4.3以上。
2026-06-24,amazon_us,product,search,women summer slippers,7,WHITIN,¥71.93,4.4,WHITIN,,,,,,https://www.amazon.com/WHITIN-Slippers-Cushioned-Fashionable-Lightweight/dp/B0C1C17KH8/ref=sr_1_3?dib=eyJ2IjoiMSJ9.HELZ__VSeLI5Ljj_JV3dSWomlzIOtkt-PkeC4-IYbBFsS3paRO83YBB0NRglNxKcyMu7flzyoKIzAb8UzP0a10ijUUhKgrXKg1Kg2EiF7U2LApoU9OXbwY619f6-RHLOp0BzpHgzmah9iBGVhflCMeLOMdx2XLSFStuJPHYX_Hbyoj1VY1XY4fZFaJV0_EO2IezAL71k7cg0cnWjneCVZFM-r7BdZqFKNx5qyRx8QHFpSALbBKoBlqw6Ea8sbQcvb9ppSuBgwO-COe9ubfDsTIHS4EvxKXra-wXmBhTKdZs.EXd4cVtODX8Tlspu2iMSg-ADP2rB5BOios6XaVDQY38&dib_tag=se&keywords=women+summer+slippers&qid=1782300829&sr=8-3,https://m.media-amazon.com/images/I/71nA8egRirL._AC_UL320_.jpg,67,排名靠前；价格处于人民币等值¥57.60-¥180.00黄金区间；评分达到4.3以上。
2026-06-24,amazon_us,product,search,women summer slippers,8,KuaiLu,¥95.69,4.3,KuaiLu,,,,,,https://www.amazon.com/KuaiLu-Support-Comfortable-Walking-Sandals/dp/B0C5ZZ51RT/ref=sr_1_4?dib=eyJ2IjoiMSJ9.HELZ__VSeLI5Ljj_JV3dSWomlzIOtkt-PkeC4-IYbBFsS3paRO83YBB0NRglNxKcyMu7flzyoKIzAb8UzP0a10ijUUhKgrXKg1Kg2EiF7U2LApoU9OXbwY619f6-RHLOp0BzpHgzmah9iBGVhflCMeLOMdx2XLSFStuJPHYX_Hbyoj1VY1XY4fZFaJV0_EO2IezAL71k7cg0cnWjneCVZFM-r7BdZqFKNx5qyRx8QHFpSALbBKoBlqw6Ea8sbQcvb9ppSuBgwO-COe9ubfDsTIHS4EvxKXra-wXmBhTKdZs.EXd4cVtODX8Tlspu2iMSg-ADP2rB5BOios6XaVDQY38&dib_tag=se&keywords=women+summer+slippers&qid=1782300829&sr=8-4,https://m.media-amazon.com/images/I/710PdcSAm6L._AC_UL320_.jpg,67,排名靠前；价格处于人民币等值¥57.60-¥180.00黄金区间；评分达到4.3以上。
2026-06-24,amazon_us,product,search,women summer slippers,10,Evshine,¥68.33,4.4,Evshine,,,,,,https://www.amazon.com/Evshine-Summer-Slippers-Corduroy-Bedroom/dp/B0CSN39WDS/ref=sr_1_6?dib=eyJ2IjoiMSJ9.HELZ__VSeLI5Ljj_JV3dSWomlzIOtkt-PkeC4-IYbBFsS3paRO83YBB0NRglNxKcyMu7flzyoKIzAb8UzP0a10ijUUhKgrXKg1Kg2EiF7U2LApoU9OXbwY619f6-RHLOp0BzpHgzmah9iBGVhflCMeLOMdx2XLSFStuJPHYX_Hbyoj1VY1XY4fZFaJV0_EO2IezAL71k7cg0cnWjneCVZFM-r7BdZqFKNx5qyRx8QHFpSALbBKoBlqw6Ea8sbQcvb9ppSuBgwO-COe9ubfDsTIHS4EvxKXra-wXmBhTKdZs.EXd4cVtODX8Tlspu2iMSg-ADP2rB5BOios6XaVDQY38&dib_tag=se&keywords=women+summer+slippers&qid=1782300829&sr=8-6,https://m.media-amazon.com/images/I/71SaoMUrpoL._AC_UL320_.jpg,67,排名靠前；价格处于人民币等值¥57.60-¥180.00黄金区间；评分达到4.3以上。
2026-06-24,amazon_us,product,search,women slides,3,adidas,¥128.23,4.5,adidas,,,,,,https://www.amazon.com/adidas-Unisex-Adilette-Shower-Sandal/dp/B091ZDXQ2Z/ref=sr_1_2?dib=eyJ2IjoiMSJ9.wrqHnvIFpzxZDCy1gVq3fwKhCwBY2_ePNO7BevS9Sku17V2by2FDRXv55K6EhduSwiTg3cs9giW2UwaVQmTyh2SVT8gNqZz0NGAnaUTtbUjRDGSdejMWxI81FVashbfotXUdvn9P8FPvWtZuhqMIAgxjA2aYIUac6hqvcB-3XLshdBKJr1CY5ZBXtQJD6EfjAYtThxeGRfQtRGsyJS6qLrTOoIY2EbijkgldPZUZl52g4JiVDsuCPEPMC4FIWqoAIGRIF09wdLWCclEGKXgm0dCSKQUODYNn1l1Pk_B8sBQ.7WwOpPUzEqICkPqGLFg3MsIZ2rF4uGzOJaHfYTZXML0&dib_tag=se&keywords=women+slides&qid=1782300830&sr=8-2,https://m.media-amazon.com/images/I/51EuQODcuHL._AC_UL320_.jpg,67,排名靠前；价格处于人民币等值¥57.60-¥180.00黄金区间；评分达到4.3以上。
2026-06-24,amazon_us,product,search,women slides,4,BRONAX,¥139.18,4.3,BRONAX,,,,,,https://www.amazon.com/sspa/click?ie=UTF8&spc=MTozMTAzMTMxNzAxMzM0NjEwOjE3ODIzMDA4MzA6c3Bfc2VhcmNoX3RoZW1hdGljOjIwMDA1MTc1NzEyNDM5ODo6MDo6&url=%2FBRONAX-Slippers-Non-Slip-Massage-Bathroom%2Fdp%2FB09BN6LQ37%2Fref%3Dsxin_17_pa_sp_search_thematic_sspa%3Fcontent-id%3Damzn1.sym.20370b4c-979a-4a65-bc84-8b168f3df5c5%253Aamzn1.sym.20370b4c-979a-4a65-bc84-8b168f3df5c5%26cv_ct_cx%3Dwomen%2Bslides%26keywords%3Dwomen%2Bslides%26pd_rd_i%3DB09BN6LQ37%26pd_rd_r%3D45c5e1ad-7497-4ef9-97b7-7dd0f333f81e%26pd_rd_w%3DeLZMh%26pd_rd_wg%3DcPFSR%26pf_rd_p%3D20370b4c-979a-4a65-bc84-8b168f3df5c5%26pf_rd_r%3DZMXM83JGQEN1A86STG33%26qid%3D1782300830%26sbo%3D9ZOMT9Jm0JH%252Ft%252BWi68iDSA%253D%253D%26sr%3D1-1-543a432c-671c-4a3a-a15e-c8d9b2229043-spons%26aref%3Dfj3u9GGY6H%26sp_csd%3Dd2lkZ2V0TmFtZT1zcF9zZWFyY2hfdGhlbWF0aWM%26psc%3D1&aref=fj3u9GGY6H,https://m.media-amazon.com/images/I/51Sng4ocDrL._AC_UL320_.jpg,67,排名靠前；价格处于人民币等值¥57.60-¥180.00黄金区间；评分达到4.3以上。
2026-06-24,amazon_us,product,search,women slides,10,Comwarm,¥64.87,4.3,Comwarm,,,,,,https://www.amazon.com/Sandals-Lightweight-Bathroom-Non-Slip-Slippers/dp/B099DTRKSL/ref=sr_1_5?dib=eyJ2IjoiMSJ9.wrqHnvIFpzxZDCy1gVq3fwKhCwBY2_ePNO7BevS9Sku17V2by2FDRXv55K6EhduSwiTg3cs9giW2UwaVQmTyh2SVT8gNqZz0NGAnaUTtbUjRDGSdejMWxI81FVashbfotXUdvn9P8FPvWtZuhqMIAgxjA2aYIUac6hqvcB-3XLshdBKJr1CY5ZBXtQJD6EfjAYtThxeGRfQtRGsyJS6qLrTOoIY2EbijkgldPZUZl52g4JiVDsuCPEPMC4FIWqoAIGRIF09wdLWCclEGKXgm0dCSKQUODYNn1l1Pk_B8sBQ.7WwOpPUzEqICkPqGLFg3MsIZ2rF4uGzOJaHfYTZXML0&dib_tag=se&keywords=women+slides&qid=1782300830&sr=8-5,https://m.media-amazon.com/images/I/71uNAZpAhiL._AC_UL320_.jpg,67,排名靠前；价格处于人民币等值¥57.60-¥180.00黄金区间；评分达到4.3以上。
2026-06-24,amazon_us,product,search,platform sandals women,8,Goosecret,¥123.41,4.4,Goosecret,,,,,,https://www.amazon.com/Goosecret-Platform-Lightweight-Comfortable-Adjustable/dp/B0CZ75N4PP/ref=sr_1_2?dib=eyJ2IjoiMSJ9.iQXhHnxmXL5QxnS2-eZ6CadWA17848mjPFf4H-xFruXRAcfViz-lq7KJRP1zrsJGLhYq1ph0VZ8jNQMwSKuzSmR7h4T40lITVFp4QP0eNJhfc7jutV4NrMpbWV8AeQQOYbjzUtew3qoyTw6HkLTesAwWnyupcn5No5Tl4J8BvXnFzdGqyiZIbH-S31ln08k0cTrTq1EMMBF_HpFHa07hqB6Tg7XN5rCxqXGG1lpK0jb9QCviJJhNt8Px6uRLrKCSx2oechX8uFTLrVJnIoARJckaVbMmP6dJJyWiwtWOlhI.bFH0Cr9bxPhMBL4A-okQ4yCsSUKNQuGcki0Xi9B-P2g&dib_tag=se&keywords=platform+sandals+women&qid=1782300830&sr=8-2,https://m.media-amazon.com/images/I/61l3YNTRtgL._AC_UL320_.jpg,67,排名靠前；价格处于人民币等值¥57.60-¥180.00黄金区间；评分达到4.3以上。
2026-06-24,amazon_us,product,best_sellers,Best Sellers Women Sandals,7,OOFOS OOahh Recovery Slide - Women’s and Men’s,,4.4,$50.96,,,,,,https://www.amazon.com/OOFOS-Unisex-Ooahh-Slide-Sandal/dp/B00BRC4L14/ref=zg_bs_g_679425011_d_sccl_7/133-7970921-7722602?psc=1,"https://images-na.ssl-images-amazon.com/images/I/51NSD3PLF-L._AC_UL600_SR600,400_.jpg",65,排名靠前；评论数达到50以上；标题包含 recovery，符合美国女鞋舒适化趋势；评分达到4.3以上。
2026-06-24,amazon_us,product,new_releases,New Releases Women Sandals,28,ONCAI Women’s Platform Chunky Sandals With Arch Support Trendy Fashion Summer Vacation Wedge Flip Flops for Women Soft Walking Outdoor Ladies Heels Shoes Rubber Soles US Size 5-11,,4.8,$36.09,,,,,,https://www.amazon.com/ONCAI-Platform-Sandals-Vacation-Waterproof/dp/B0GVJ3QT5H/ref=zg_bsnr_g_679425011_d_sccl_28/134-4425854-3946053?psc=1,"https://images-na.ssl-images-amazon.com/images/I/81pTH140GeL._AC_UL600_SR600,400_.jpg",65,排名进入前30；标题包含 platform、arch support、soft、summer、wedge，符合美国女鞋舒适化趋势；评分达到4.6以上。
2026-06-24,amazon_us,product,search,women slides,19,LongBay Womens Adjustable Slippers Memory Foam Cozy Wide Diabetic House Shoes Edema Orthopedic Neuropathy Indoor Outdoor LongBay Womens Adjustable Slippers Memory Foam Cozy Wide Diabetic House Shoes Edema Orthopedic Neuropa…,¥150.41,4.3,4.3,,,,,,https://aax-us-east-retail-direct.amazon.com/x/c/JFVLERayuLPyi06TeSKGWuIAAAGe-WhsywEAAAH2AQBvbm9fdHhuX2JpZDMgICBvbm9fdHhuX2ltcDEgICAxxoby/clv1c_ek-wBHX2ZcTeBq-7UQNOSIh9W3snFKlykLSwNt3TYrwJ_v7Rdqzz-cIuA1cvx83ItcqM8iGMByQYLEBx-k6uHE3jshwaHLCZHFfafef278MYaXlzSCjhO8zoovqnEVdHno7CgVZISsMYQ_cLnF90E1DaoeEMFiRKksrt93MKDIcIlYA03wPsqOEgNkHAvN6X6t3nbitIERrSUegtN00HZg_OHEYhWotX-Yoj6uujCskw65Yre_HY6XOWm_G7UWxa3m6UemPxjOdYUkeiiF-cfaTrZ4IQT8tDIztHWqrS-SgCy1RX1D1tkhbIV6__Ll955TM3bNtRAJynKSe4nlUV_HtGAGKDU3p4q1oomyeZLGCa5Wb1YaDobK9a4wCy-p6RxNXJhsltB4Sxlv4BNYDoJHTfuyPA2c10q_JW6joDuQqH7Oc9F925d9u68jY3lFD7-nYzt6qVjU8c8o9mNd9GYBmt3kADImwaja-s_CcwygZge3T4SCdBjML6GHXm_Oz5KMAvil6Ktw6vJO645Vf-Zs-b0trGqWrvNjUKJeDvnvPt_EgQQ-eJqmsT5BIaIGrolt5mZ2eHhxrxAwvJy5wnq68swdKndtZdWjvee-7HTilocwFVvDpjO1bSBSdgdQGi4CX9e-X0SBGgW9Uj_CC1QjG1gPN3wVp9ntsanzGhvG9ja3ZV_GnYa0iupB4HZShDj5tKBriXEdX3_IDY-FCMmJzb8L9hGJCPoQ6GTTwEWcAjqjfhZOU-s-qOBtZNHMGa8qEVuX_98BW-VuigZnpECp90tgXLTkExGtV4IdV0UcBpAgcHTNHwzd_slZBVJ_VM-ld9B_WJuz0w4kktPmhRqQkWJSTmkSMJf2LxAIftUjzL4P85Z3do4bj31EYDESDEt4y-910jeSxRSr9vhYKtZu-PYJprpQo0IPeOMN1QcD36VCiB3LbSV1X7U8h8FZRlk1UAPfOVjqDOqGOgiJQ3OAqtdEKbprI0XgknFBHtyIZ_SBUqafeZb55n4aE9JZl0jsn5t1JtQ2ngn5yPzDiyaPYxKt1kwnlqYfoJ_ZxkVy5e3eD9eOjbM50GA4vTjROpNag1XPQ_FqdBdDBZnywIHq88hyCxcWGzqllKHU09X7FDTjZq7ADFn17uIHrHUERe23s3fKPmrvuaeiQv8Dh7sh1VwarAq_yK5oOFo7ldjUpZeHLdByfJN0TAi-ebZ0LkjAOCvGQh3JhmAPoI6NlMqEI4tr9XgOM5ZcTz4JitPRp3-nRid8m0wey_1-Tf--t6pgDe5InAF941LQqFWG_U7laucXIgUys7Xi7m5RiXHdM8-FvaVQbV2pggT6rM22EzoE7faOMLy4TTWmvfsg78wGU1zu-fobwR2TZEf3OHK_2tXMNlNL-EUh-D4xCm7z6ycnlV-Hpgm6BEpJuyLVhgEPq8AQA1pm1mTEx3SeoIRzNIKF6QDS-ytmcrJ6eZDuBBIrYordGnJIXcB3uwB0XkXmHYdQnvh1fTr_FzPX76gxU-zzZr9PSHytcFi04D6JSuQ407sK_MwvCio4WTIksIOX3T4CT558ONp36Q2r4A92XaoDNI9TWyF7XjlcUkVz5EbLdmC1CJJnvK4nTTxfnfYQHZEtN0XI0_s8gf6YbQr0MVv1GeoddIfYLk3CMBoCiW6It2cjZ-Fi2OgqrlsZJ6vpHC__-ItxwQDZ78YVrWFLA/https://www.amazon.com/gp/aw/d/B07QZRTGDQ/?_encoding=UTF8&pd_rd_plhdr=t&aaxitk=0e5a8701e1487d4e6bcc079ea3d9a361&hsa_cr_id=0&qid=1782300830&sr=1-6-f02f01d6-adaf-4bef-9a7c-29308eff9043&ref_=sbx__sbtcd2_asin_5_bkgd&pd_rd_w=b0R2p&content-id=amzn1.sym.5159d9cb-0665-4a83-8f64-8881eaba312a%3Aamzn1.sym.5159d9cb-0665-4a83-8f64-8881eaba312a&pf_rd_p=5159d9cb-0665-4a83-8f64-8881eaba312a&pf_rd_r=ZMXM83JGQEN1A86STG33&pd_rd_wg=cPFSR&pd_rd_r=45c5e1ad-7497-4ef9-97b7-7dd0f333f81e,"https://m.media-amazon.com/images/I/81vlBHmDhGL._AC_SR322,134_CB1169409_QL70_.jpg",65,排名进入前30；价格处于人民币等值¥57.60-¥180.00黄金区间；标题包含 orthopedic，符合美国女鞋舒适化趋势；评分达到4.3以上。
2026-06-24,amazon_us,product,search,platform sandals women,9,vodvob,¥220.25,4.6,vodvob,,,,,,https://www.amazon.com/sspa/click?ie=UTF8&spc=MTo3NzY2NDU3ODAwNTQ3ODMxOjE3ODIzMDA4MzA6c3Bfc2VhcmNoX3RoZW1hdGljOjo6MDpCMENXOE5EQlpLOnNlYXJjaA&url=%2Fvodvob-Platform-Sandals-Adjustable-Flatform%2Fdp%2FB0CW8NDBZK%2Fref%3Dsxin_17_pa_sp_search_thematic_sspa%3Fcontent-id%3Damzn1.sym.20370b4c-979a-4a65-bc84-8b168f3df5c5%253Aamzn1.sym.20370b4c-979a-4a65-bc84-8b168f3df5c5%26cv_ct_cx%3Dplatform%2Bsandals%2Bwomen%26keywords%3Dplatform%2Bsandals%2Bwomen%26pd_rd_i%3DB0CW8NDBZK%26pd_rd_r%3Df3775e85-b9de-43de-af41-994a7271798d%26pd_rd_w%3Dg9ffQ%26pd_rd_wg%3DpA4WV%26pf_rd_p%3D20370b4c-979a-4a65-bc84-8b168f3df5c5%26pf_rd_r%3DSR421RD646YT1TXWCK3M%26qid%3D1782300830%26sbo%3D9ZOMT9Jm0JH%252Ft%252BWi68iDSA%253D%253D%26sr%3D1-1-543a432c-671c-4a3a-a15e-c8d9b2229043-spons%26sp_csd%3Dd2lkZ2V0TmFtZT1zcF9zZWFyY2hfdGhlbWF0aWM%26psc%3D1,https://m.media-amazon.com/images/I/71ZrpOD4Q9L._AC_UL320_.jpg,65,排名靠前；价格处于人民币等值¥180.00-¥288.00区间；评分达到4.6以上。
2026-06-24,amazon_us,product,best_sellers,Best Sellers Women Sandals,2,"Archies Arch Support Flip Flops for Men & Women – Orthotic Sandals for Plantar Fasciitis Relief – Lightweight, Cushioning, Shock-Absorbing Thong Sandals for Walking, Foot Pain & All-Day Comfort",,4.4,$40.00,,,,,,https://www.amazon.com/Archies-Womens-Arch-Support-Black/dp/B086SYFKLP/ref=zg_bs_g_679425011_d_sccl_2/133-7970921-7722602?psc=1,"https://images-na.ssl-images-amazon.com/images/I/81xintmVcHL._AC_UL600_SR600,400_.jpg",64,排名靠前；标题包含 comfort、arch support，符合美国女鞋舒适化趋势；评分达到4.3以上。
2026-06-24,amazon_us,product,best_sellers,Best Sellers Women Sandals,4,mazeskin Women's Memory Foam Comfortable Flat Thong Sandals Dressy Summer Beach Leather Slide Flip Flops,,4.4,$9.99,,,,,,https://www.amazon.com/mazeskin-Womens-Comfortable-Sandals-Leather/dp/B0F32KMZ18/ref=zg_bs_g_679425011_d_sccl_4/133-7970921-7722602?psc=1,"https://images-na.ssl-images-amazon.com/images/I/71jV8GHPNSL._AC_UL600_SR600,400_.jpg",64,排名靠前；标题包含 comfort、beach、summer，符合美国女鞋舒适化趋势；评分达到4.3以上。
2026-06-24,amazon_us,product,search,women slides,5,FITORY,¥136.51,4.2,FITORY,,,,,,https://www.amazon.com/sspa/click?ie=UTF8&spc=MTozMTAzMTMxNzAxMzM0NjEwOjE3ODIzMDA4MzA6c3Bfc2VhcmNoX3RoZW1hdGljOjMwMTE0MzYzMzgwMzgwMjo6MTo6&url=%2FFITORY-Sandals-Fashion-Leather-Slippers%2Fdp%2FB0BN3GQFKN%2Fref%3Dsxin_17_pa_sp_search_thematic_sspa%3Fcontent-id%3Damzn1.sym.20370b4c-979a-4a65-bc84-8b168f3df5c5%253Aamzn1.sym.20370b4c-979a-4a65-bc84-8b168f3df5c5%26cv_ct_cx%3Dwomen%2Bslides%26keywords%3Dwomen%2Bslides%26pd_rd_i%3DB0BN3GQFKN%26pd_rd_r%3D45c5e1ad-7497-4ef9-97b7-7dd0f333f81e%26pd_rd_w%3DeLZMh%26pd_rd_wg%3DcPFSR%26pf_rd_p%3D20370b4c-979a-4a65-bc84-8b168f3df5c5%26pf_rd_r%3DZMXM83JGQEN1A86STG33%26qid%3D1782300830%26sbo%3D9ZOMT9Jm0JH%252Ft%252BWi68iDSA%253D%253D%26sr%3D1-2-543a432c-671c-4a3a-a15e-c8d9b2229043-spons%26aref%3DN4FFWcDlZa%26sp_csd%3Dd2lkZ2V0TmFtZT1zcF9zZWFyY2hfdGhlbWF0aWM%26psc%3D1&aref=N4FFWcDlZa,https://m.media-amazon.com/images/I/61cA2WpKDqL._AC_UL320_.jpg,64,排名靠前；价格处于人民币等值¥57.60-¥180.00黄金区间；评分达到4.0以上。
2026-06-24,amazon_us,product,best_sellers,Best Sellers Women Sandals,3,Project Cloud Flip Flops for Women Footwear- Lightweight and Memory Foam Insole Sandals for Women 2026 - Durable Non-Slip Beach Essentials Flats for Women Sandals (Foundations),,4.3,$18.91,,,,,,https://www.amazon.com/Project-Cloud-Flip-flops-Women/dp/B0D2DY9ZPR/ref=zg_bs_g_679425011_d_sccl_3/133-7970921-7722602?psc=1,"https://images-na.ssl-images-amazon.com/images/I/61ArmmxBEvL._AC_UL600_SR600,400_.jpg",63,排名靠前；标题包含 cloud、beach，符合美国女鞋舒适化趋势；评分达到4.3以上。
2026-06-24,amazon_us,product,best_sellers,Best Sellers Women Sandals,20,"rosyclo Cloud Slippers for Women and Men, Pillow House Slippers Shower Shoes Indoor Slides Bathroom Sandals, Ultimate Comfort, Lightweight, Thick Sole, Non-Slip, Easy to Clean",,4.2,$23.98,,,,,,https://www.amazon.com/Slippers-Massage-Bathroom-Non-Slip-Platform/dp/B08YNYKMFX/ref=zg_bs_g_679425011_d_sccl_20/133-7970921-7722602?psc=1,"https://images-na.ssl-images-amazon.com/images/I/71tWvCDjllL._AC_UL600_SR600,400_.jpg",63,排名进入前30；标题包含 cloud、comfort，符合美国女鞋舒适化趋势；cloud + slides组合趋势加分；评分达到4.0以上。
2026-06-24,amazon_us,product,new_releases,New Releases Women Sandals,6,shevalues Women's Flip Flops with Mild Arch Support Comfortable Lightweight Thong Sandals Summer Beach Walking Slides,,3.5,$9.99,,,,,,https://www.amazon.com/shevalues-Support-Comfortable-Lightweight-Sandals/dp/B0GVJY1R7G/ref=zg_bsnr_g_679425011_d_sccl_6/134-4425854-3946053?psc=1,"https://images-na.ssl-images-amazon.com/images/I/51Q0RjuKlEL._AC_UL600_SR600,400_.jpg",63,排名靠前；标题包含 comfort、arch support、beach、summer，符合美国女鞋舒适化趋势。
2026-06-24,amazon_us,product,search,women summer slippers,13,isotoner Women's Indoor/Outdoor Slip-on Diamond Microterry Gemma Clog Slippers With Memory Foam Comfort isotoner Women's Indoor/Outdoor Slip-on Diamond Microterry Gemma Clog Slippers With Memory…,¥132.48,4.4,4.4,,,,,,https://aax-us-east-retail-direct.amazon.com/x/c/JOZvFQ-OENRpcTbjp2zV5XMAAAGe-Who7QEAAAH2AQBvbm9fdHhuX2JpZDQgICBvbm9fdHhuX2ltcDEgICBYv1Tw/clv1c_ek-IBPHXKrTWnuOrE7vOusHhpEAzKhm3kqM6QAmql17WSdtIF22CiKFNke4LusWIRlP5kAk4DxMTQ252yf8DMOAs7yp0Iv-2awVHS9joHtRXjyZzwgsDvm3ktrm1J35UU4pluw8OhvanuPZQOQJuehPbrYW8FlT4osriL-eLbIUaVCc1MtVEnhPElkPV1jLaUV4g6Fph_9fpVi_9okr0sfgTLxeXrAqOxsnVhUF6Vf0RCkkPB-mAy8FogCwzegz4rvnXe3ZU0Lq1QhZzkOehqtJeIHjpblBpLMdENSH5su0rzKAjEAo1435mpgKuyzoWd65E91vvfRykaAUEfWNVOhWCBvMpWtMUAaIL-tfUXoaTWF2FEJBZDnTLyYFql8IKIIggSN8wQXpSCLeXUQNvb84BEmBMFoWvd_H__66OoKdUN_mWOAl4lpkC54--21_BU2ZJpmIpQp0hL_bg3XFyBym2zfHYz_iMakRaAz_AJQZTebWlppfT5hXdJTvka7zmGi-rALDn93nvpxA6RUE9jo3HL3lY802h37bqAe7AumbBXSUEzSyquNIyb-q9MFsozEDzBQ7zpDja2lA87DOK-Em8KhrK4xDgf7rir7iMR7nhme5t1Cb5FcWtNTclxR5aan_foZkP_JxFFjEP3NI047_YzrhuSkPwl-SlEhBy9EvK--jLVSKhAN_zPYgvZ7wBZAs4muOzcMTnK-fNwt4eExqoiRNC03mSuvxobgYQ-yi1OzJ3_bQnTQoXyGx4GfajdAkjfHIhgSvpWqcmk561uIuB_sTzBk0TR2coIGO7L9hd5aFmFWql6ExxQwotfTcwSrcnsAagLn-luaCpTD41gGJYdrKnwipUFfi_SlUxAcZWnlNZuxeIvPRxPLd2PBzGJPAYJ4tEiRRWl9OOoiYN5cBbpxciEDYOwey7OagzP6RV97RtJ6NLqK3WIEwMj2Uoi-OEGTh0nfW74us8XeVpeSGDq08VU4pityqI3RRqNEue6dtYu2paH1oX2pdM1bulfelh_4rtc2L3hDHqxRvJB7yYf0Dc2PxdQbLLYYTAtME8QtZZ8KccJX1indQ2mJcaOKNhSLfxhXppzrRopu49vsIoPFMU3sBWOO4apa10-K9YfPbS3DWym7g0l4N9D9X8OKG_3jQ7DYnblGVAgbN2EHyKsJG5byYR2o7b0_4hIUkKwOUaUvbCz9-NJlzX07as4yokg8-IqVYBffTFI2PtwUNSPX2ojHioVazusmdyVnRAdkMT1tdnvc2XIZ6BhFgD5_81FdZ1w-s_u6eIJ8JCNgGRwb-WtONasz_OSBWvDzLQxbXWwCVZshZp2aSaMpx8N1xcfnGrNfETCNwt1XaJnt_5G80NaFc2OIZ_ZtTfHMKuTLp-sFmn9igpEiPCr396wuZ25zIhmOIPQW3--6A78nc_P7POZ_QJwXAygx1HCPXFR8BarFpeXL8bPLviKbBdMwtDY9qO5W3255VeBuzODefZBkO5VowBLXEPlPl7rr9-pTZ59aMrqx3y2rV90MvZXBe7_f2Y15O4yowvIWDdF637aVHjslIhTUMxP_eSQf36hUymTKQ4h1itCPqMj0LL8puv3rRUNvnCdizJ0N2twJ1nL5NGy5i1QISM5INXQ3c7jHC_p3h0dCBuqgH4XhM85emHscrIKLROMA/https://www.amazon.com/gp/aw/d/B0DWC2B3Q3/?_encoding=UTF8&pd_rd_plhdr=t&aaxitk=81ced092aab88a54df06768c1c8263cc&hsa_cr_id=0&qid=1782300829&sr=1-1-f02f01d6-adaf-4bef-9a7c-29308eff9043&ref_=sbx__sbtcd2_asin_0_bkgd&pd_rd_w=7jffp&content-id=amzn1.sym.5159d9cb-0665-4a83-8f64-8881eaba312a%3Aamzn1.sym.5159d9cb-0665-4a83-8f64-8881eaba312a&pf_rd_p=5159d9cb-0665-4a83-8f64-8881eaba312a&pf_rd_r=HJ1FSR3RACJ249YR25ME&pd_rd_wg=iESA6&pd_rd_r=f2729c38-6cfe-4d2b-bd67-0be93b5017fa,"https://m.media-amazon.com/images/I/71qDdjRMoqL._AC_SR322,134_CB1169409_QL70_.jpg",63,排名进入前30；价格处于人民币等值¥57.60-¥180.00黄金区间；标题包含 comfort，符合美国女鞋舒适化趋势；评分达到4.3以上。
2026-06-24,amazon_us,product,search,women summer slippers,15,Isotoner Women's Indoor/Outdoor Plush Flip-Flop Slipper with Memory Foam Comfort Isotoner Women's Indoor/Outdoor Plush Flip-Flop Slipper with Memory Foam Comfort,¥109.30,4.4,4.4,,,,,,https://aax-us-east-retail-direct.amazon.com/x/c/JOZvFQ-OENRpcTbjp2zV5XMAAAGe-Who7QEAAAH2AQBvbm9fdHhuX2JpZDQgICBvbm9fdHhuX2ltcDEgICBYv1Tw/clv1c_ek-IBPHXKrTWnuOrE7vOusHhpEAzKhm3kqM6QAmql17WSdtIF22CiKFNke4LusWIRlP5kAk4DxMTQ252yf8DMOAs7yp0Iv-2awVHS9joHtRXjyZzwgsDvm3ktrm1J35UU4pluw8OhvanuPZQOQJuehPbrYW8FlT4osriL-eLbIUaVCc1MtVEnhPElkPV1jLaUV4g6Fph_9fpVi_9okr0sfgTLxeXrAqOxsnVhUF6Vf0RCkkPB-mAy8FogCwzegz4rvnXe3ZU0Lq1QhZzkOehqtJeIHjpblBpLMdENSH5su0rzKAjEAo1435mpgKuyzoWd65E91vvfRykaAUEfWNVOhWCBvMpWtMUAaIL-tfUXoaTWF2FEJBZDnTLyYFql8IKIIggSN8wQXpSCLeXUQNvb84BEmBMFoWvd_H__66OoKdUN_mWOAl4lpkC54--21_BU2ZJpmIpQp0hL_bg3XFyBym2zfHYz_iMakRaAz_AJQZTebWlppfT5hXdJTvka7zmGi-rALDn93nvpxA6RUE9jo3HL3lY802h37bqAe7AumbBXSUEzSyquNIyb-q9MFsozEDzBQ7zpDja2lA87DOK-Em8KhrK4xDgf7rir7iMR7nhme5t1Cb5FcWtNTclxR5aan_foZkP_JxFFjEP3NI047_YzrhuSkPwl-SlEhBy9EvK--jLVSKhAN_zPYgvZ7wBZAs4muOzcMTnK-fNwt4eExqoiRNC03mSuvxobgYQ-yi1OzJ3_bQnTQoXyGx4GfajdAkjfHIhgSvpWqcmk561uIuB_sTzBk0TR2coIGO7L9hd5aFmFWql6ExxQwotfTcwSrcnsAagLn-luaCpTD41gGJYdrKnwipUFfi_SlUxAcZWnlNZuxeIvPRxPLd2PBzGJPAYJ4tEiRRWl9OOoiYN5cBbpxciEDYOwey7OagzP6RV97RtJ6NLqK3WIEwMj2Uoi-OEGTh0nfW74us8XeVpeSGDq08VU4pityqI3RRqNEue6dtYu2paH1oX2pdM1bulfelh_4rtc2L3hDHqxRvJB7yYf0Dc2PxdQbLLYYTAtME8QtZZ8KccJX1indQ2mJcaOKNhSLfxhXppzrRopu49vsIoPFMU3sBWOO4apa10-K9YfPbS3DWym7g0l4N9D9X8OKG_3jQ7DYnblGVAgbN2EHyKsJG5byYR2o7b0_4hIUkKwOUaUvbCz9-NJlzX07as4yokg8-IqVYBffTFI2PtwUNSPX2ojHioVazusmdyVnRAdkMT1tdnvc2XIZ6BhFgD5_81FdZ1w-s_u6eIJ8JCNgGRwb-WtONasz_OSBWvDzLQxbXWwCVZshZp2aSaMpx8N1xcfnGrNfETCNwt1XaJnt_5G80NaFc2OIZ_ZtTfHMKuTLp-sFmn9igpEiPCr396wuZ25zIhmOIPQW3--6A78nc_P7POZ_QJwXAygx1HCPXFR8BarFpeXL8bPLviKbBdMwtDY9qO5W3255VeBuzODefZBkO5VowBLXEPlPl7rr9-pTZ59aMrqx3y2rV90MvZXBe7_f2Y15O4yowvIWDdF637aVHjslIhTUMxP_eSQf36hUymTKQ4h1itCPqMj0LL8puv3rRUNvnCdizJ0N2twJ1nL5NGy5i1QISM5INXQ3c7jHC_p3h0dCBuqgH4XhM85emHscrIKLROMA/https://www.amazon.com/gp/aw/d/B0DWCBF1M7/?_encoding=UTF8&pd_rd_plhdr=t&aaxitk=81ced092aab88a54df06768c1c8263cc&hsa_cr_id=0&qid=1782300829&sr=1-3-f02f01d6-adaf-4bef-9a7c-29308eff9043&ref_=sbx__sbtcd2_asin_2_bkgd&pd_rd_w=7jffp&content-id=amzn1.sym.5159d9cb-0665-4a83-8f64-8881eaba312a%3Aamzn1.sym.5159d9cb-0665-4a83-8f64-8881eaba312a&pf_rd_p=5159d9cb-0665-4a83-8f64-8881eaba312a&pf_rd_r=HJ1FSR3RACJ249YR25ME&pd_rd_wg=iESA6&pd_rd_r=f2729c38-6cfe-4d2b-bd67-0be93b5017fa,"https://m.media-amazon.com/images/I/71qRY-AqnhL._AC_SR322,134_CB1169409_QL70_.jpg",63,排名进入前30；价格处于人民币等值¥57.60-¥180.00黄金区间；标题包含 comfort，符合美国女鞋舒适化趋势；评分达到4.3以上。
2026-06-24,amazon_us,product,search,women summer slippers,17,isotoner womens Indoor/Outdoor Clara Embroidered Microsuede Clog Slippers With Memory Foam Comfort isotoner womens Indoor/Outdoor Clara Embroidered Microsuede Clog Slippers With Memory Foam…,¥165.02,4.4,4.4,,,,,,https://aax-us-east-retail-direct.amazon.com/x/c/JOZvFQ-OENRpcTbjp2zV5XMAAAGe-Who7QEAAAH2AQBvbm9fdHhuX2JpZDQgICBvbm9fdHhuX2ltcDEgICBYv1Tw/clv1c_ek-IBPHXKrTWnuOrE7vOusHhpEAzKhm3kqM6QAmql17WSdtIF22CiKFNke4LusWIRlP5kAk4DxMTQ252yf8DMOAs7yp0Iv-2awVHS9joHtRXjyZzwgsDvm3ktrm1J35UU4pluw8OhvanuPZQOQJuehPbrYW8FlT4osriL-eLbIUaVCc1MtVEnhPElkPV1jLaUV4g6Fph_9fpVi_9okr0sfgTLxeXrAqOxsnVhUF6Vf0RCkkPB-mAy8FogCwzegz4rvnXe3ZU0Lq1QhZzkOehqtJeIHjpblBpLMdENSH5su0rzKAjEAo1435mpgKuyzoWd65E91vvfRykaAUEfWNVOhWCBvMpWtMUAaIL-tfUXoaTWF2FEJBZDnTLyYFql8IKIIggSN8wQXpSCLeXUQNvb84BEmBMFoWvd_H__66OoKdUN_mWOAl4lpkC54--21_BU2ZJpmIpQp0hL_bg3XFyBym2zfHYz_iMakRaAz_AJQZTebWlppfT5hXdJTvka7zmGi-rALDn93nvpxA6RUE9jo3HL3lY802h37bqAe7AumbBXSUEzSyquNIyb-q9MFsozEDzBQ7zpDja2lA87DOK-Em8KhrK4xDgf7rir7iMR7nhme5t1Cb5FcWtNTclxR5aan_foZkP_JxFFjEP3NI047_YzrhuSkPwl-SlEhBy9EvK--jLVSKhAN_zPYgvZ7wBZAs4muOzcMTnK-fNwt4eExqoiRNC03mSuvxobgYQ-yi1OzJ3_bQnTQoXyGx4GfajdAkjfHIhgSvpWqcmk561uIuB_sTzBk0TR2coIGO7L9hd5aFmFWql6ExxQwotfTcwSrcnsAagLn-luaCpTD41gGJYdrKnwipUFfi_SlUxAcZWnlNZuxeIvPRxPLd2PBzGJPAYJ4tEiRRWl9OOoiYN5cBbpxciEDYOwey7OagzP6RV97RtJ6NLqK3WIEwMj2Uoi-OEGTh0nfW74us8XeVpeSGDq08VU4pityqI3RRqNEue6dtYu2paH1oX2pdM1bulfelh_4rtc2L3hDHqxRvJB7yYf0Dc2PxdQbLLYYTAtME8QtZZ8KccJX1indQ2mJcaOKNhSLfxhXppzrRopu49vsIoPFMU3sBWOO4apa10-K9YfPbS3DWym7g0l4N9D9X8OKG_3jQ7DYnblGVAgbN2EHyKsJG5byYR2o7b0_4hIUkKwOUaUvbCz9-NJlzX07as4yokg8-IqVYBffTFI2PtwUNSPX2ojHioVazusmdyVnRAdkMT1tdnvc2XIZ6BhFgD5_81FdZ1w-s_u6eIJ8JCNgGRwb-WtONasz_OSBWvDzLQxbXWwCVZshZp2aSaMpx8N1xcfnGrNfETCNwt1XaJnt_5G80NaFc2OIZ_ZtTfHMKuTLp-sFmn9igpEiPCr396wuZ25zIhmOIPQW3--6A78nc_P7POZ_QJwXAygx1HCPXFR8BarFpeXL8bPLviKbBdMwtDY9qO5W3255VeBuzODefZBkO5VowBLXEPlPl7rr9-pTZ59aMrqx3y2rV90MvZXBe7_f2Y15O4yowvIWDdF637aVHjslIhTUMxP_eSQf36hUymTKQ4h1itCPqMj0LL8puv3rRUNvnCdizJ0N2twJ1nL5NGy5i1QISM5INXQ3c7jHC_p3h0dCBuqgH4XhM85emHscrIKLROMA/https://www.amazon.com/gp/aw/d/B0DCK9LC3P/?_encoding=UTF8&pd_rd_plhdr=t&aaxitk=81ced092aab88a54df06768c1c8263cc&hsa_cr_id=0&qid=1782300829&sr=1-5-f02f01d6-adaf-4bef-9a7c-29308eff9043&ref_=sbx__sbtcd2_asin_4_bkgd&pd_rd_w=7jffp&content-id=amzn1.sym.5159d9cb-0665-4a83-8f64-8881eaba312a%3Aamzn1.sym.5159d9cb-0665-4a83-8f64-8881eaba312a&pf_rd_p=5159d9cb-0665-4a83-8f64-8881eaba312a&pf_rd_r=HJ1FSR3RACJ249YR25ME&pd_rd_wg=iESA6&pd_rd_r=f2729c38-6cfe-4d2b-bd67-0be93b5017fa,"https://m.media-amazon.com/images/I/61b4x43IpLL._AC_SR322,134_CB1169409_QL70_.jpg",63,排名进入前30；价格处于人民币等值¥57.60-¥180.00黄金区间；标题包含 comfort，符合美国女鞋舒适化趋势；评分达到4.3以上。
2026-06-24,amazon_us,product,search,women slides,17,LongBay Womens Slippers Slip on Memory Foam Soft House Shoes with Brushed Jersey Upper Anti-Slip Sole for Indoor Outdoor LongBay Womens Slippers Slip on Memory Foam Soft House Shoes with Brushed Jersey Upper Anti-Slip Sole for Ind…,¥116.93,4.8,4.8,,,,,,https://aax-us-east-retail-direct.amazon.com/x/c/JFVLERayuLPyi06TeSKGWuIAAAGe-WhsywEAAAH2AQBvbm9fdHhuX2JpZDMgICBvbm9fdHhuX2ltcDEgICAxxoby/clv1c_ek-wBHX2ZcTeBq-7UQNOSIh9W3snFKlykLSwNt3TYrwJ_v7Rdqzz-cIuA1cvx83ItcqM8iGMByQYLEBx-k6uHE3jshwaHLCZHFfafef278MYaXlzSCjhO8zoovqnEVdHno7CgVZISsMYQ_cLnF90E1DaoeEMFiRKksrt93MKDIcIlYA03wPsqOEgNkHAvN6X6t3nbitIERrSUegtN00HZg_OHEYhWotX-Yoj6uujCskw65Yre_HY6XOWm_G7UWxa3m6UemPxjOdYUkeiiF-cfaTrZ4IQT8tDIztHWqrS-SgCy1RX1D1tkhbIV6__Ll955TM3bNtRAJynKSe4nlUV_HtGAGKDU3p4q1oomyeZLGCa5Wb1YaDobK9a4wCy-p6RxNXJhsltB4Sxlv4BNYDoJHTfuyPA2c10q_JW6joDuQqH7Oc9F925d9u68jY3lFD7-nYzt6qVjU8c8o9mNd9GYBmt3kADImwaja-s_CcwygZge3T4SCdBjML6GHXm_Oz5KMAvil6Ktw6vJO645Vf-Zs-b0trGqWrvNjUKJeDvnvPt_EgQQ-eJqmsT5BIaIGrolt5mZ2eHhxrxAwvJy5wnq68swdKndtZdWjvee-7HTilocwFVvDpjO1bSBSdgdQGi4CX9e-X0SBGgW9Uj_CC1QjG1gPN3wVp9ntsanzGhvG9ja3ZV_GnYa0iupB4HZShDj5tKBriXEdX3_IDY-FCMmJzb8L9hGJCPoQ6GTTwEWcAjqjfhZOU-s-qOBtZNHMGa8qEVuX_98BW-VuigZnpECp90tgXLTkExGtV4IdV0UcBpAgcHTNHwzd_slZBVJ_VM-ld9B_WJuz0w4kktPmhRqQkWJSTmkSMJf2LxAIftUjzL4P85Z3do4bj31EYDESDEt4y-910jeSxRSr9vhYKtZu-PYJprpQo0IPeOMN1QcD36VCiB3LbSV1X7U8h8FZRlk1UAPfOVjqDOqGOgiJQ3OAqtdEKbprI0XgknFBHtyIZ_SBUqafeZb55n4aE9JZl0jsn5t1JtQ2ngn5yPzDiyaPYxKt1kwnlqYfoJ_ZxkVy5e3eD9eOjbM50GA4vTjROpNag1XPQ_FqdBdDBZnywIHq88hyCxcWGzqllKHU09X7FDTjZq7ADFn17uIHrHUERe23s3fKPmrvuaeiQv8Dh7sh1VwarAq_yK5oOFo7ldjUpZeHLdByfJN0TAi-ebZ0LkjAOCvGQh3JhmAPoI6NlMqEI4tr9XgOM5ZcTz4JitPRp3-nRid8m0wey_1-Tf--t6pgDe5InAF941LQqFWG_U7laucXIgUys7Xi7m5RiXHdM8-FvaVQbV2pggT6rM22EzoE7faOMLy4TTWmvfsg78wGU1zu-fobwR2TZEf3OHK_2tXMNlNL-EUh-D4xCm7z6ycnlV-Hpgm6BEpJuyLVhgEPq8AQA1pm1mTEx3SeoIRzNIKF6QDS-ytmcrJ6eZDuBBIrYordGnJIXcB3uwB0XkXmHYdQnvh1fTr_FzPX76gxU-zzZr9PSHytcFi04D6JSuQ407sK_MwvCio4WTIksIOX3T4CT558ONp36Q2r4A92XaoDNI9TWyF7XjlcUkVz5EbLdmC1CJJnvK4nTTxfnfYQHZEtN0XI0_s8gf6YbQr0MVv1GeoddIfYLk3CMBoCiW6It2cjZ-Fi2OgqrlsZJ6vpHC__-ItxwQDZ78YVrWFLA/https://www.amazon.com/gp/aw/d/B0GQDRZZJ5/?_encoding=UTF8&pd_rd_plhdr=t&aaxitk=0e5a8701e1487d4e6bcc079ea3d9a361&hsa_cr_id=0&qid=1782300830&sr=1-4-f02f01d6-adaf-4bef-9a7c-29308eff9043&ref_=sbx__sbtcd2_asin_3_bkgd&pd_rd_w=b0R2p&content-id=amzn1.sym.5159d9cb-0665-4a83-8f64-8881eaba312a%3Aamzn1.sym.5159d9cb-0665-4a83-8f64-8881eaba312a&pf_rd_p=5159d9cb-0665-4a83-8f64-8881eaba312a&pf_rd_r=ZMXM83JGQEN1A86STG33&pd_rd_wg=cPFSR&pd_rd_r=45c5e1ad-7497-4ef9-97b7-7dd0f333f81e,"https://m.media-amazon.com/images/I/71L0GoiIBNL._AC_SR322,134_CB1169409_QL70_.jpg",63,排名进入前30；价格处于人民币等值¥57.60-¥180.00黄金区间；标题包含 soft，符合美国女鞋舒适化趋势；评分达到4.6以上。
2026-06-24,amazon_us,product,best_sellers,Best Sellers Women Sandals,44,Crocs Women Getaway Strappy Sandals,¥273.60,4.5,"8,604",,,,,,https://www.amazon.com/Crocs-Getaway-Platform-Strappy-Sandals/dp/B0C53TYGLK/ref=zg_bs_g_679425011_d_sccl_44/133-7970921-7722602?psc=1,"https://images-na.ssl-images-amazon.com/images/I/61vJSarNnML._AC_UL300_SR300,200_.jpg",62,排名进入前50；评论数高；价格处于人民币等值¥180.00-¥288.00区间；评分达到4.3以上。
2026-06-24,amazon_us,product,new_releases,New Releases Women Sandals,44,COFACE Womens Rhinestone Orthopedic Flip Flops Lightweight Yoga Mat Thick Cushioned Recovery Walking Thong Sandals Adjustable Summer Beach Slippers with Comfortable Plantar Fasciitis Arch Support,,4.5,27,,,,,,https://www.amazon.com/COFACE-Rhinestone-Orthopedic-Cushioned-Fasciitis/dp/B0GVM31NTD/ref=zg_bsnr_g_679425011_d_sccl_44/133-7970921-7722602?psc=1,"https://images-na.ssl-images-amazon.com/images/I/716GqXIrkKL._AC_UL300_SR300,200_.jpg",62,排名进入前50；标题包含 recovery、orthopedic、comfort、arch support、beach、summer，符合美国女鞋舒适化趋势；orthopedic + arch support组合趋势加分；评分达到4.3以上。
2026-06-24,amazon_us,product,search,platform sandals women,26,"CUSHIONAIRE Carmen Platform Womens Sandals, Comfortable Slip On Espadrille Sandals for Women with Memory Foam CUSHIONAIRE Carmen Platform Womens Sandals, Comfortable Slip On Espadrille Sandals for Women with Memory Foam",¥359.93,3.8,3.8,,,,,,https://aax-us-east-retail-direct.amazon.com/x/c/JCM2Vmzo0D9O6uizkO7v1kcAAAGe-WhtLAEAAAH2AQBvbm9fdHhuX2JpZDEgICBvbm9fdHhuX2ltcDEgICA-zcRW/clv1c_ek-wBIHXErbWDn2nI5drJ16WpAySuUbu967EKHOij0d-CUr1rjNuMQrbYwGBsdAOx_PJZR9aYcXFT0SBlldTRV9J5Z14GMSauCxkTxXu_UAGzcqLiGdnokq8Cvn2qGdrYYiCTtAh7bYX06ktnthr1FHfuB3cl1-6m83s4xd7zQceSjHbsa3-QtKJIARKlK6s18IrCwPJEQnegTyxn8gDwg_CPF2wjuQmXI3LwPoUzdysk5vJdgBtp_oOXY2Hcpqrx4rb1wz5yhBfZnm0NxR7nI4WffP8bozKZxJWlIR7cSb8i-wwZX-rinjbWCrTQBExIsIxoatdaPKZZsPeSg6BOhTK50LpteQygoKF8e7IXvxfyWh1B8fXZ-mtGfrWmgygi1DrCIxQ-nTKYnlrGLQM_h0lLI9UhHHt02-mMYVyyWRJG1Ridng793QOOz2ZOrdBCKSc1-fX-pk9Jrso9Erpf0Womyb7C_xOdUga_34g6KvOH1w28eUQQCu1aroAyp43lLhsLHxfG9xTQuGageIgtruvNzrNGIw53rXWYc4EgRJQPHiKlAGpqNJ2YswMCbyZQFLTAe3stPy60lQ9DAKOeddnnaOLZhiMbMFYXlpkd9NueJvgA0OPmNDyUs_y8uX3qyWIJ_KGu8St3Qw8XEOX03g40H-Jf4XPk84609wqbP1pqO75o2ufuvmpSI7fOxinURtCG42nemIBR5FB6cL9JlJwaKA7RoKHQtxocQDQ_Cm9e-pMZjdXVQdkcIsV8SCc4_d1OVP05bfS5apDbdKKHvtP1rBG2GXcp93tcISbDcv-Xw1WijgPlYXuvISY8TzXrsXZdAA7ISvPOFhiLo_Lpiyj8Ljg-0Hm3aP8VJjwNaUG74bJTes2spSwEuto0F2DQiNZFGqnEGgQwD8edaITuDGXsMARmiNl_tFpBQSNp4NCO3KqevCb2RnncUszBEFvEWLp-ilBYBp3qxLeJDh2rMn0y5xP_vk_Zj9Jmhy2dn-AEX8tEdN8GwQ1LMt6QflXmZa-BbsKWXX2QDMVw1pw9bSFvrgT-Qfeqh48JhN56tzatIWH9sKUjnwiL8vERkn3sIft8uUtcYRUHu-g3R8EZNgR_b4fRNX9lJGuSr06r_zjWdtKFXyQ1SmnEzRvqHDbNtMgwzUlAu7oHGu89NVoFgEJpib0XN-oy34XS6bgQOqjwuegyNPVaJl33FpFoALk5pzjvSbG_fYtdRNHxKTBOCLA7AZNBUS0ovVhjGhDI4oP8PtZfgGXCAiZkfPDPqFYU_odmLRvrLATwAy_a-IEDTjtOkibPXHzx61MbawbIiQjZJy5s8NAkL2ZvjbKyqUEeS-GmoUwWKWZLEo_xdDuY6K_2zDmGRenf-qHEXgIOSTiS0rmSayH3wp7TVH0UKxOupGi95wjOR7Frpzu3V6LRH7QIGtxLxFTzXYO_qARyClkAVwHhJOV-39kZna0B2SGmaH1-qmQg97rh0CmSn_nc1QpBfDTJGF2jM9ZcBj1EDQHwcKXvEWzv67unSm9pptOpbKqPsmmSzZ-5jEL4vCAfgsXe5K9GbNBhP6PjwzVcDWIxmALXLuW1wfbjJy3lqvSc23Fdg-0s-Ia7uKwA8g6PBZ8-rMgPjdRwpBoEk263wMPqYbyjkXXCuPRHJrgmPQr4YU8aic_1SCaQJp6oLcDDS3MKyLop_CBkIVAgYUk/https://www.amazon.com/gp/aw/d/B0GPWPM4GG/?_encoding=UTF8&pd_rd_plhdr=t&aaxitk=2c3699a3e223eebac1a0f6f99e2559be&hsa_cr_id=0&qid=1782300830&sr=1-2-f02f01d6-adaf-4bef-9a7c-29308eff9043&ref_=sbx__sbtcd2_asin_1_bkgd&pd_rd_w=lxDry&content-id=amzn1.sym.5159d9cb-0665-4a83-8f64-8881eaba312a%3Aamzn1.sym.5159d9cb-0665-4a83-8f64-8881eaba312a&pf_rd_p=5159d9cb-0665-4a83-8f64-8881eaba312a&pf_rd_r=SR421RD646YT1TXWCK3M&pd_rd_wg=pA4WV&pd_rd_r=f3775e85-b9de-43de-af41-994a7271798d,"https://m.media-amazon.com/images/I/81CWyrvjIsL._AC_SR322,134_CB1169409_QL70_.jpg",62,排名进入前30；价格高于人民币等值¥288.00；标题包含 platform、comfort，符合美国女鞋舒适化趋势；platform + comfort组合趋势加分。
2026-06-24,amazon_us,product,best_sellers,Best Sellers Women Sandals,9,"ODOLY Unisex Cork Footbed Slide Sandal, Arch Support Summer Outdoor Sandals with Adjustable Buckle for Women and Men",,4.5,$17.09,,,,,,https://www.amazon.com/ODOLY-Footbed-Comfortable-Sandals-Adjustable/dp/B0CSMN1X4W/ref=zg_bs_g_679425011_d_sccl_9/133-7970921-7722602?psc=1,"https://images-na.ssl-images-amazon.com/images/I/61iYsM+H9QL._AC_UL600_SR600,400_.jpg",61,排名靠前；标题包含 arch support、summer，符合美国女鞋舒适化趋势；评分达到4.3以上。
2026-06-24,amazon_us,product,search,women slides,11,PUMA,¥116.21,4.6,PUMA,,,,,,https://www.amazon.com/PUMA-Womens-Slide-Sandal-Black-Rose/dp/B0BXTXF7KB/ref=sr_1_6?dib=eyJ2IjoiMSJ9.wrqHnvIFpzxZDCy1gVq3fwKhCwBY2_ePNO7BevS9Sku17V2by2FDRXv55K6EhduSwiTg3cs9giW2UwaVQmTyh2SVT8gNqZz0NGAnaUTtbUjRDGSdejMWxI81FVashbfotXUdvn9P8FPvWtZuhqMIAgxjA2aYIUac6hqvcB-3XLshdBKJr1CY5ZBXtQJD6EfjAYtThxeGRfQtRGsyJS6qLrTOoIY2EbijkgldPZUZl52g4JiVDsuCPEPMC4FIWqoAIGRIF09wdLWCclEGKXgm0dCSKQUODYNn1l1Pk_B8sBQ.7WwOpPUzEqICkPqGLFg3MsIZ2rF4uGzOJaHfYTZXML0&dib_tag=se&keywords=women+slides&qid=1782300830&sr=8-6,https://m.media-amazon.com/images/I/619ZjmwISWL._AC_UL320_.jpg,60,排名进入前30；价格处于人民币等值¥57.60-¥180.00黄金区间；评分达到4.6以上。
2026-06-24,amazon_us,product,search,women slides,23,LongBay Women's Cozy Bootie Slippers Memory Foam Warm House Shoes with Fluffy Collar Non-Slip Indoor Outdoor LongBay Women's Cozy Bootie Slippers Memory Foam Warm House Shoes with Fluffy Collar Non-Slip Indoor Outdoor,¥172.73,4.6,4.6,,,,,,https://aax-us-east-retail-direct.amazon.com/x/c/JFVLERayuLPyi06TeSKGWuIAAAGe-WhsywEAAAH2AQBvbm9fdHhuX2JpZDMgICBvbm9fdHhuX2ltcDEgICAxxoby/clv1c_ek-wBHX2ZcTeBq-7UQNOSIh9W3snFKlykLSwNt3TYrwJ_v7Rdqzz-cIuA1cvx83ItcqM8iGMByQYLEBx-k6uHE3jshwaHLCZHFfafef278MYaXlzSCjhO8zoovqnEVdHno7CgVZISsMYQ_cLnF90E1DaoeEMFiRKksrt93MKDIcIlYA03wPsqOEgNkHAvN6X6t3nbitIERrSUegtN00HZg_OHEYhWotX-Yoj6uujCskw65Yre_HY6XOWm_G7UWxa3m6UemPxjOdYUkeiiF-cfaTrZ4IQT8tDIztHWqrS-SgCy1RX1D1tkhbIV6__Ll955TM3bNtRAJynKSe4nlUV_HtGAGKDU3p4q1oomyeZLGCa5Wb1YaDobK9a4wCy-p6RxNXJhsltB4Sxlv4BNYDoJHTfuyPA2c10q_JW6joDuQqH7Oc9F925d9u68jY3lFD7-nYzt6qVjU8c8o9mNd9GYBmt3kADImwaja-s_CcwygZge3T4SCdBjML6GHXm_Oz5KMAvil6Ktw6vJO645Vf-Zs-b0trGqWrvNjUKJeDvnvPt_EgQQ-eJqmsT5BIaIGrolt5mZ2eHhxrxAwvJy5wnq68swdKndtZdWjvee-7HTilocwFVvDpjO1bSBSdgdQGi4CX9e-X0SBGgW9Uj_CC1QjG1gPN3wVp9ntsanzGhvG9ja3ZV_GnYa0iupB4HZShDj5tKBriXEdX3_IDY-FCMmJzb8L9hGJCPoQ6GTTwEWcAjqjfhZOU-s-qOBtZNHMGa8qEVuX_98BW-VuigZnpECp90tgXLTkExGtV4IdV0UcBpAgcHTNHwzd_slZBVJ_VM-ld9B_WJuz0w4kktPmhRqQkWJSTmkSMJf2LxAIftUjzL4P85Z3do4bj31EYDESDEt4y-910jeSxRSr9vhYKtZu-PYJprpQo0IPeOMN1QcD36VCiB3LbSV1X7U8h8FZRlk1UAPfOVjqDOqGOgiJQ3OAqtdEKbprI0XgknFBHtyIZ_SBUqafeZb55n4aE9JZl0jsn5t1JtQ2ngn5yPzDiyaPYxKt1kwnlqYfoJ_ZxkVy5e3eD9eOjbM50GA4vTjROpNag1XPQ_FqdBdDBZnywIHq88hyCxcWGzqllKHU09X7FDTjZq7ADFn17uIHrHUERe23s3fKPmrvuaeiQv8Dh7sh1VwarAq_yK5oOFo7ldjUpZeHLdByfJN0TAi-ebZ0LkjAOCvGQh3JhmAPoI6NlMqEI4tr9XgOM5ZcTz4JitPRp3-nRid8m0wey_1-Tf--t6pgDe5InAF941LQqFWG_U7laucXIgUys7Xi7m5RiXHdM8-FvaVQbV2pggT6rM22EzoE7faOMLy4TTWmvfsg78wGU1zu-fobwR2TZEf3OHK_2tXMNlNL-EUh-D4xCm7z6ycnlV-Hpgm6BEpJuyLVhgEPq8AQA1pm1mTEx3SeoIRzNIKF6QDS-ytmcrJ6eZDuBBIrYordGnJIXcB3uwB0XkXmHYdQnvh1fTr_FzPX76gxU-zzZr9PSHytcFi04D6JSuQ407sK_MwvCio4WTIksIOX3T4CT558ONp36Q2r4A92XaoDNI9TWyF7XjlcUkVz5EbLdmC1CJJnvK4nTTxfnfYQHZEtN0XI0_s8gf6YbQr0MVv1GeoddIfYLk3CMBoCiW6It2cjZ-Fi2OgqrlsZJ6vpHC__-ItxwQDZ78YVrWFLA/https://www.amazon.com/gp/aw/d/B0F32QM2PK/?_encoding=UTF8&pd_rd_plhdr=t&aaxitk=0e5a8701e1487d4e6bcc079ea3d9a361&hsa_cr_id=0&qid=1782300830&sr=1-10-f02f01d6-adaf-4bef-9a7c-29308eff9043&ref_=sbx__sbtcd2_asin_9_bkgd&pd_rd_w=b0R2p&content-id=amzn1.sym.5159d9cb-0665-4a83-8f64-8881eaba312a%3Aamzn1.sym.5159d9cb-0665-4a83-8f64-8881eaba312a&pf_rd_p=5159d9cb-0665-4a83-8f64-8881eaba312a&pf_rd_r=ZMXM83JGQEN1A86STG33&pd_rd_wg=cPFSR&pd_rd_r=45c5e1ad-7497-4ef9-97b7-7dd0f333f81e,"https://m.media-amazon.com/images/I/71o89kZJUcL._AC_SR322,134_CB1169409_QL70_.jpg",60,排名进入前30；价格处于人民币等值¥57.60-¥180.00黄金区间；评分达到4.6以上。
2026-06-24,amazon_us,product,search,women slides,27,Under Armour,¥129.60,4.6,Under Armour,,,,,,https://www.amazon.com/Under-Armour-Womens-Ignite-Select/dp/B0BZWT7TPW/ref=sr_1_12?dib=eyJ2IjoiMSJ9.wrqHnvIFpzxZDCy1gVq3fwKhCwBY2_ePNO7BevS9Sku17V2by2FDRXv55K6EhduSwiTg3cs9giW2UwaVQmTyh2SVT8gNqZz0NGAnaUTtbUjRDGSdejMWxI81FVashbfotXUdvn9P8FPvWtZuhqMIAgxjA2aYIUac6hqvcB-3XLshdBKJr1CY5ZBXtQJD6EfjAYtThxeGRfQtRGsyJS6qLrTOoIY2EbijkgldPZUZl52g4JiVDsuCPEPMC4FIWqoAIGRIF09wdLWCclEGKXgm0dCSKQUODYNn1l1Pk_B8sBQ.7WwOpPUzEqICkPqGLFg3MsIZ2rF4uGzOJaHfYTZXML0&dib_tag=se&keywords=women+slides&qid=1782300830&sr=8-12,https://m.media-amazon.com/images/I/31W+XacFYoL._AC_UL320_.jpg,60,排名进入前30；价格处于人民币等值¥57.60-¥180.00黄金区间；评分达到4.6以上。
2026-06-24,amazon_us,product,best_sellers,Best Sellers Women Sandals,32,Crocs Women's Kadee II Sandals,¥215.93,4.2,"27,876",,,,,,https://www.amazon.com/Crocs-Womens-Sandal-Summer-Sandals/dp/B0888T2ZGL/ref=zg_bs_g_679425011_d_sccl_32/133-7970921-7722602?psc=1,"https://images-na.ssl-images-amazon.com/images/I/418xHnUA5HL._AC_UL300_SR300,200_.jpg",59,排名进入前50；评论数高；价格处于人民币等值¥180.00-¥288.00区间；评分达到4.0以上。
2026-06-24,amazon_us,product,search,platform sandals women,7,CUSHIONAIRE,¥273.46,4.2,CUSHIONAIRE,,,,,,https://www.amazon.com/CUSHIONAIRE-Womens-Melissa-Espadrille-Sandal/dp/B07S758RTR/ref=sr_1_1?dib=eyJ2IjoiMSJ9.iQXhHnxmXL5QxnS2-eZ6CadWA17848mjPFf4H-xFruXRAcfViz-lq7KJRP1zrsJGLhYq1ph0VZ8jNQMwSKuzSmR7h4T40lITVFp4QP0eNJhfc7jutV4NrMpbWV8AeQQOYbjzUtew3qoyTw6HkLTesAwWnyupcn5No5Tl4J8BvXnFzdGqyiZIbH-S31ln08k0cTrTq1EMMBF_HpFHa07hqB6Tg7XN5rCxqXGG1lpK0jb9QCviJJhNt8Px6uRLrKCSx2oechX8uFTLrVJnIoARJckaVbMmP6dJJyWiwtWOlhI.bFH0Cr9bxPhMBL4A-okQ4yCsSUKNQuGcki0Xi9B-P2g&dib_tag=se&keywords=platform+sandals+women&qid=1782300830&sr=8-1,https://m.media-amazon.com/images/I/81ZJ-NyvHwL._AC_UL320_.jpg,59,排名靠前；价格处于人民币等值¥180.00-¥288.00区间；评分达到4.0以上。
2026-06-24,amazon_us,product,best_sellers,Best Sellers Women Sandals,30,OOFOS OOriginal Recovery Sandal - Women’s and Men’s,,4.6,$50.96,,,,,,https://www.amazon.com/OOFOS-Unisex-Original-Thong-Women/dp/B00BRC51C2/ref=zg_bs_g_679425011_d_sccl_30/133-7970921-7722602?psc=1,"https://images-na.ssl-images-amazon.com/images/I/61nyn8C1UeL._AC_UL600_SR600,400_.jpg",58,排名进入前30；评论数达到50以上；标题包含 recovery，符合美国女鞋舒适化趋势；评分达到4.6以上。
2026-06-24,amazon_us,product,new_releases,New Releases Women Sandals,2,"CUSHIONAIRE Siesta Modern Lattice Ballet Flats for Women, Comfortable Slip On Pointed Toe Womens Jelly Shoes",,4.3,$37.98,,,,,,https://www.amazon.com/CUSHIONAIRE-Siesta-Lattice-Comfortable-Pointed/dp/B0GYQ3JK18/ref=zg_bsnr_g_679425011_d_sccl_2/134-4425854-3946053?psc=1,"https://images-na.ssl-images-amazon.com/images/I/81aIqaR3TYL._AC_UL600_SR600,400_.jpg",58,排名靠前；标题包含 comfort，符合美国女鞋舒适化趋势；评分达到4.3以上。
2026-06-24,amazon_us,product,new_releases,New Releases Women Sandals,7,adidas Unisex Adult Adilette Comfort 2.0 Slide,,4.4,$25.59,,,,,,https://www.amazon.com/adidas-Unisex-Adilette-Comfort-Sandal/dp/B0F2B84XX9/ref=zg_bsnr_g_679425011_d_sccl_7/134-4425854-3946053?psc=1,"https://images-na.ssl-images-amazon.com/images/I/51qn7G+PVyL._AC_UL600_SR600,400_.jpg",58,排名靠前；标题包含 comfort，符合美国女鞋舒适化趋势；评分达到4.3以上。
2026-06-24,amazon_us,product,best_sellers,Best Sellers Women Sandals,22,KuaiLu Womens Arch Support Flip Flops Comfortable Yoga Mat Slip on Summer Beach Walking Thong Cushion Sandals,,4.2,$13.28,,,,,,https://www.amazon.com/KuaiLu-Support-Comfortable-Cushion-Walking/dp/B08GKGCH2R/ref=zg_bs_g_679425011_d_sccl_22/133-7970921-7722602?psc=1,"https://images-na.ssl-images-amazon.com/images/I/81-DUybjK+L._AC_UL600_SR600,400_.jpg",57,排名进入前30；标题包含 comfort、arch support、beach、summer，符合美国女鞋舒适化趋势；评分达到4.0以上。
2026-06-24,amazon_us,product,best_sellers,Best Sellers Women Sandals,24,UBFEN Womens Hiking Comfort Sport Sandals Beach Vacation Camping Casual Sport Sandals with Adjustable Straps and Arch Support,,4.5,$37.96,,,,,,https://www.amazon.com/UBFEN-Sandals-Adjustable-Support-Vacation/dp/B0DQ7ZMY71/ref=zg_bs_g_679425011_d_sccl_24/133-7970921-7722602?psc=1,"https://images-na.ssl-images-amazon.com/images/I/71kBI1vUNtL._AC_UL600_SR600,400_.jpg",57,排名进入前30；标题包含 comfort、arch support、beach，符合美国女鞋舒适化趋势；评分达到4.3以上。
2026-06-24,amazon_us,product,best_sellers,Best Sellers Women Sandals,26,KuaiLu Womens Arch Support Flip Flops Ladies Comfort Lightweight Soft Yoga Mat Cushion Walking Thong Sandals,,4.5,$15.18,,,,,,https://www.amazon.com/KuaiLu-Comfortable-Waterproof-Supportive-Flipflops/dp/B0CTML36SJ/ref=zg_bs_g_679425011_d_sccl_26/133-7970921-7722602?psc=1,"https://images-na.ssl-images-amazon.com/images/I/71FLg8v7ZyL._AC_UL600_SR600,400_.jpg",57,排名进入前30；标题包含 comfort、arch support、soft，符合美国女鞋舒适化趋势；评分达到4.3以上。
2026-06-24,amazon_us,product,new_releases,New Releases Women Sandals,25,"MOAILAOZI Women's Dressy Flat Sandals, Slip On Slide With Comfortable Memory Foam Support, Summer Beach Slide",,5.0,$15.99,,,,,,https://www.amazon.com/MOAILAOZI-Womens-Sandals-Comfortable-Support/dp/B0GV4HGLFN/ref=zg_bsnr_g_679425011_d_sccl_25/134-4425854-3946053?psc=1,"https://images-na.ssl-images-amazon.com/images/I/61kWHIxAOYL._AC_UL600_SR600,400_.jpg",57,排名进入前30；标题包含 comfort、beach、summer，符合美国女鞋舒适化趋势；评分达到4.6以上。
2026-06-24,amazon_us,product,search,women summer slippers,12,shevalues,¥90.72,4.3,shevalues,,,,,,https://www.amazon.com/Shevalues-Womens-Indoor-Slippers-Cotton/dp/B074HBC1BR/ref=sr_1_8?dib=eyJ2IjoiMSJ9.HELZ__VSeLI5Ljj_JV3dSWomlzIOtkt-PkeC4-IYbBFsS3paRO83YBB0NRglNxKcyMu7flzyoKIzAb8UzP0a10ijUUhKgrXKg1Kg2EiF7U2LApoU9OXbwY619f6-RHLOp0BzpHgzmah9iBGVhflCMeLOMdx2XLSFStuJPHYX_Hbyoj1VY1XY4fZFaJV0_EO2IezAL71k7cg0cnWjneCVZFM-r7BdZqFKNx5qyRx8QHFpSALbBKoBlqw6Ea8sbQcvb9ppSuBgwO-COe9ubfDsTIHS4EvxKXra-wXmBhTKdZs.EXd4cVtODX8Tlspu2iMSg-ADP2rB5BOios6XaVDQY38&dib_tag=se&keywords=women+summer+slippers&qid=1782300829&sr=8-8,https://m.media-amazon.com/images/I/71JYzlHXkPL._AC_UL320_.jpg,57,排名进入前30；价格处于人民币等值¥57.60-¥180.00黄金区间；评分达到4.3以上。
2026-06-24,amazon_us,product,search,women summer slippers,18,IPSAE,¥64.87,4.4,IPSAE,,,,,,https://www.amazon.com/IPSAE-Slippers-Corduroy-Slipper-Bedroom/dp/B0DB4W73J3/ref=sr_1_9?dib=eyJ2IjoiMSJ9.HELZ__VSeLI5Ljj_JV3dSWomlzIOtkt-PkeC4-IYbBFsS3paRO83YBB0NRglNxKcyMu7flzyoKIzAb8UzP0a10ijUUhKgrXKg1Kg2EiF7U2LApoU9OXbwY619f6-RHLOp0BzpHgzmah9iBGVhflCMeLOMdx2XLSFStuJPHYX_Hbyoj1VY1XY4fZFaJV0_EO2IezAL71k7cg0cnWjneCVZFM-r7BdZqFKNx5qyRx8QHFpSALbBKoBlqw6Ea8sbQcvb9ppSuBgwO-COe9ubfDsTIHS4EvxKXra-wXmBhTKdZs.EXd4cVtODX8Tlspu2iMSg-ADP2rB5BOios6XaVDQY38&dib_tag=se&keywords=women+summer+slippers&qid=1782300829&sr=8-9,https://m.media-amazon.com/images/I/71GcxKVQLUL._AC_UL320_.jpg,57,排名进入前30；价格处于人民币等值¥57.60-¥180.00黄金区间；评分达到4.3以上。
2026-06-24,amazon_us,product,search,women summer slippers,19,shevalues,¥129.74,4.3,shevalues,,,,,,https://www.amazon.com/shevalues-Summer-Slippers-Support-Breathable/dp/B0BK8PN8CL/ref=sr_1_10?dib=eyJ2IjoiMSJ9.HELZ__VSeLI5Ljj_JV3dSWomlzIOtkt-PkeC4-IYbBFsS3paRO83YBB0NRglNxKcyMu7flzyoKIzAb8UzP0a10ijUUhKgrXKg1Kg2EiF7U2LApoU9OXbwY619f6-RHLOp0BzpHgzmah9iBGVhflCMeLOMdx2XLSFStuJPHYX_Hbyoj1VY1XY4fZFaJV0_EO2IezAL71k7cg0cnWjneCVZFM-r7BdZqFKNx5qyRx8QHFpSALbBKoBlqw6Ea8sbQcvb9ppSuBgwO-COe9ubfDsTIHS4EvxKXra-wXmBhTKdZs.EXd4cVtODX8Tlspu2iMSg-ADP2rB5BOios6XaVDQY38&dib_tag=se&keywords=women+summer+slippers&qid=1782300829&sr=8-10,https://m.media-amazon.com/images/I/71wQ2tOj0+L._AC_UL320_.jpg,57,排名进入前30；价格处于人民币等值¥57.60-¥180.00黄金区间；评分达到4.3以上。
2026-06-24,amazon_us,product,search,women summer slippers,20,GOEWY,¥68.33,4.3,GOEWY,,,,,,https://www.amazon.com/GOEWY-Slippers-Anti-Skid-Birthday-Bridesmaid/dp/B0DRFQKGW3/ref=sr_1_11?dib=eyJ2IjoiMSJ9.HELZ__VSeLI5Ljj_JV3dSWomlzIOtkt-PkeC4-IYbBFsS3paRO83YBB0NRglNxKcyMu7flzyoKIzAb8UzP0a10ijUUhKgrXKg1Kg2EiF7U2LApoU9OXbwY619f6-RHLOp0BzpHgzmah9iBGVhflCMeLOMdx2XLSFStuJPHYX_Hbyoj1VY1XY4fZFaJV0_EO2IezAL71k7cg0cnWjneCVZFM-r7BdZqFKNx5qyRx8QHFpSALbBKoBlqw6Ea8sbQcvb9ppSuBgwO-COe9ubfDsTIHS4EvxKXra-wXmBhTKdZs.EXd4cVtODX8Tlspu2iMSg-ADP2rB5BOios6XaVDQY38&dib_tag=se&keywords=women+summer+slippers&qid=1782300829&sr=8-11,https://m.media-amazon.com/images/I/71cJmHLWhGL._AC_UL320_.jpg,57,排名进入前30；价格处于人民币等值¥57.60-¥180.00黄金区间；评分达到4.3以上。
2026-06-24,amazon_us,product,search,women summer slippers,23,ULTRAIDEAS,¥92.09,4.5,ULTRAIDEAS,,,,,,https://www.amazon.com/ULTRAIDEAS-Slippers-Bowknot-Outdoor-Anti-Skid/dp/B07MZ3H6MN/ref=sr_1_14?dib=eyJ2IjoiMSJ9.HELZ__VSeLI5Ljj_JV3dSWomlzIOtkt-PkeC4-IYbBFsS3paRO83YBB0NRglNxKcyMu7flzyoKIzAb8UzP0a10ijUUhKgrXKg1Kg2EiF7U2LApoU9OXbwY619f6-RHLOp0BzpHgzmah9iBGVhflCMeLOMdx2XLSFStuJPHYX_Hbyoj1VY1XY4fZFaJV0_EO2IezAL71k7cg0cnWjneCVZFM-r7BdZqFKNx5qyRx8QHFpSALbBKoBlqw6Ea8sbQcvb9ppSuBgwO-COe9ubfDsTIHS4EvxKXra-wXmBhTKdZs.EXd4cVtODX8Tlspu2iMSg-ADP2rB5BOios6XaVDQY38&dib_tag=se&keywords=women+summer+slippers&qid=1782300829&sr=8-14,https://m.media-amazon.com/images/I/71cvxwhDe7L._AC_UL320_.jpg,57,排名进入前30；价格处于人民币等值¥57.60-¥180.00黄金区间；评分达到4.3以上。
2026-06-24,amazon_us,product,search,women slides,14,LongBay Slippers for Women Memory Foam Open Toe Slide Indoor House Shoes Slip On Bedroom Comfy Gift LongBay Slippers for Women Memory Foam Open Toe Slide Indoor House Shoes Slip On Bedroom Comfy Gift,¥108.86,4.5,4.5,,,,,,https://aax-us-east-retail-direct.amazon.com/x/c/JFVLERayuLPyi06TeSKGWuIAAAGe-WhsywEAAAH2AQBvbm9fdHhuX2JpZDMgICBvbm9fdHhuX2ltcDEgICAxxoby/clv1c_ek-wBHX2ZcTeBq-7UQNOSIh9W3snFKlykLSwNt3TYrwJ_v7Rdqzz-cIuA1cvx83ItcqM8iGMByQYLEBx-k6uHE3jshwaHLCZHFfafef278MYaXlzSCjhO8zoovqnEVdHno7CgVZISsMYQ_cLnF90E1DaoeEMFiRKksrt93MKDIcIlYA03wPsqOEgNkHAvN6X6t3nbitIERrSUegtN00HZg_OHEYhWotX-Yoj6uujCskw65Yre_HY6XOWm_G7UWxa3m6UemPxjOdYUkeiiF-cfaTrZ4IQT8tDIztHWqrS-SgCy1RX1D1tkhbIV6__Ll955TM3bNtRAJynKSe4nlUV_HtGAGKDU3p4q1oomyeZLGCa5Wb1YaDobK9a4wCy-p6RxNXJhsltB4Sxlv4BNYDoJHTfuyPA2c10q_JW6joDuQqH7Oc9F925d9u68jY3lFD7-nYzt6qVjU8c8o9mNd9GYBmt3kADImwaja-s_CcwygZge3T4SCdBjML6GHXm_Oz5KMAvil6Ktw6vJO645Vf-Zs-b0trGqWrvNjUKJeDvnvPt_EgQQ-eJqmsT5BIaIGrolt5mZ2eHhxrxAwvJy5wnq68swdKndtZdWjvee-7HTilocwFVvDpjO1bSBSdgdQGi4CX9e-X0SBGgW9Uj_CC1QjG1gPN3wVp9ntsanzGhvG9ja3ZV_GnYa0iupB4HZShDj5tKBriXEdX3_IDY-FCMmJzb8L9hGJCPoQ6GTTwEWcAjqjfhZOU-s-qOBtZNHMGa8qEVuX_98BW-VuigZnpECp90tgXLTkExGtV4IdV0UcBpAgcHTNHwzd_slZBVJ_VM-ld9B_WJuz0w4kktPmhRqQkWJSTmkSMJf2LxAIftUjzL4P85Z3do4bj31EYDESDEt4y-910jeSxRSr9vhYKtZu-PYJprpQo0IPeOMN1QcD36VCiB3LbSV1X7U8h8FZRlk1UAPfOVjqDOqGOgiJQ3OAqtdEKbprI0XgknFBHtyIZ_SBUqafeZb55n4aE9JZl0jsn5t1JtQ2ngn5yPzDiyaPYxKt1kwnlqYfoJ_ZxkVy5e3eD9eOjbM50GA4vTjROpNag1XPQ_FqdBdDBZnywIHq88hyCxcWGzqllKHU09X7FDTjZq7ADFn17uIHrHUERe23s3fKPmrvuaeiQv8Dh7sh1VwarAq_yK5oOFo7ldjUpZeHLdByfJN0TAi-ebZ0LkjAOCvGQh3JhmAPoI6NlMqEI4tr9XgOM5ZcTz4JitPRp3-nRid8m0wey_1-Tf--t6pgDe5InAF941LQqFWG_U7laucXIgUys7Xi7m5RiXHdM8-FvaVQbV2pggT6rM22EzoE7faOMLy4TTWmvfsg78wGU1zu-fobwR2TZEf3OHK_2tXMNlNL-EUh-D4xCm7z6ycnlV-Hpgm6BEpJuyLVhgEPq8AQA1pm1mTEx3SeoIRzNIKF6QDS-ytmcrJ6eZDuBBIrYordGnJIXcB3uwB0XkXmHYdQnvh1fTr_FzPX76gxU-zzZr9PSHytcFi04D6JSuQ407sK_MwvCio4WTIksIOX3T4CT558ONp36Q2r4A92XaoDNI9TWyF7XjlcUkVz5EbLdmC1CJJnvK4nTTxfnfYQHZEtN0XI0_s8gf6YbQr0MVv1GeoddIfYLk3CMBoCiW6It2cjZ-Fi2OgqrlsZJ6vpHC__-ItxwQDZ78YVrWFLA/https://www.amazon.com/gp/aw/d/B0DP277YRM/?_encoding=UTF8&pd_rd_plhdr=t&aaxitk=0e5a8701e1487d4e6bcc079ea3d9a361&hsa_cr_id=0&qid=1782300830&sr=1-1-f02f01d6-adaf-4bef-9a7c-29308eff9043&ref_=sbx__sbtcd2_asin_0_bkgd&pd_rd_w=b0R2p&content-id=amzn1.sym.5159d9cb-0665-4a83-8f64-8881eaba312a%3Aamzn1.sym.5159d9cb-0665-4a83-8f64-8881eaba312a&pf_rd_p=5159d9cb-0665-4a83-8f64-8881eaba312a&pf_rd_r=ZMXM83JGQEN1A86STG33&pd_rd_wg=cPFSR&pd_rd_r=45c5e1ad-7497-4ef9-97b7-7dd0f333f81e,"https://m.media-amazon.com/images/I/71BlGXBbl-L._AC_SR322,134_CB1169409_QL70_.jpg",57,排名进入前30；价格处于人民币等值¥57.60-¥180.00黄金区间；评分达到4.3以上。
2026-06-24,amazon_us,product,search,women slides,15,LongBay Women's Comfy Slippers Indoor Outdoor House Shoes with Removable Insole & Non-Slip Sole LongBay Women's Comfy Slippers Indoor Outdoor House Shoes with Removable Insole & Non-Slip Sole,¥136.37,4.3,4.3,,,,,,https://aax-us-east-retail-direct.amazon.com/x/c/JFVLERayuLPyi06TeSKGWuIAAAGe-WhsywEAAAH2AQBvbm9fdHhuX2JpZDMgICBvbm9fdHhuX2ltcDEgICAxxoby/clv1c_ek-wBHX2ZcTeBq-7UQNOSIh9W3snFKlykLSwNt3TYrwJ_v7Rdqzz-cIuA1cvx83ItcqM8iGMByQYLEBx-k6uHE3jshwaHLCZHFfafef278MYaXlzSCjhO8zoovqnEVdHno7CgVZISsMYQ_cLnF90E1DaoeEMFiRKksrt93MKDIcIlYA03wPsqOEgNkHAvN6X6t3nbitIERrSUegtN00HZg_OHEYhWotX-Yoj6uujCskw65Yre_HY6XOWm_G7UWxa3m6UemPxjOdYUkeiiF-cfaTrZ4IQT8tDIztHWqrS-SgCy1RX1D1tkhbIV6__Ll955TM3bNtRAJynKSe4nlUV_HtGAGKDU3p4q1oomyeZLGCa5Wb1YaDobK9a4wCy-p6RxNXJhsltB4Sxlv4BNYDoJHTfuyPA2c10q_JW6joDuQqH7Oc9F925d9u68jY3lFD7-nYzt6qVjU8c8o9mNd9GYBmt3kADImwaja-s_CcwygZge3T4SCdBjML6GHXm_Oz5KMAvil6Ktw6vJO645Vf-Zs-b0trGqWrvNjUKJeDvnvPt_EgQQ-eJqmsT5BIaIGrolt5mZ2eHhxrxAwvJy5wnq68swdKndtZdWjvee-7HTilocwFVvDpjO1bSBSdgdQGi4CX9e-X0SBGgW9Uj_CC1QjG1gPN3wVp9ntsanzGhvG9ja3ZV_GnYa0iupB4HZShDj5tKBriXEdX3_IDY-FCMmJzb8L9hGJCPoQ6GTTwEWcAjqjfhZOU-s-qOBtZNHMGa8qEVuX_98BW-VuigZnpECp90tgXLTkExGtV4IdV0UcBpAgcHTNHwzd_slZBVJ_VM-ld9B_WJuz0w4kktPmhRqQkWJSTmkSMJf2LxAIftUjzL4P85Z3do4bj31EYDESDEt4y-910jeSxRSr9vhYKtZu-PYJprpQo0IPeOMN1QcD36VCiB3LbSV1X7U8h8FZRlk1UAPfOVjqDOqGOgiJQ3OAqtdEKbprI0XgknFBHtyIZ_SBUqafeZb55n4aE9JZl0jsn5t1JtQ2ngn5yPzDiyaPYxKt1kwnlqYfoJ_ZxkVy5e3eD9eOjbM50GA4vTjROpNag1XPQ_FqdBdDBZnywIHq88hyCxcWGzqllKHU09X7FDTjZq7ADFn17uIHrHUERe23s3fKPmrvuaeiQv8Dh7sh1VwarAq_yK5oOFo7ldjUpZeHLdByfJN0TAi-ebZ0LkjAOCvGQh3JhmAPoI6NlMqEI4tr9XgOM5ZcTz4JitPRp3-nRid8m0wey_1-Tf--t6pgDe5InAF941LQqFWG_U7laucXIgUys7Xi7m5RiXHdM8-FvaVQbV2pggT6rM22EzoE7faOMLy4TTWmvfsg78wGU1zu-fobwR2TZEf3OHK_2tXMNlNL-EUh-D4xCm7z6ycnlV-Hpgm6BEpJuyLVhgEPq8AQA1pm1mTEx3SeoIRzNIKF6QDS-ytmcrJ6eZDuBBIrYordGnJIXcB3uwB0XkXmHYdQnvh1fTr_FzPX76gxU-zzZr9PSHytcFi04D6JSuQ407sK_MwvCio4WTIksIOX3T4CT558ONp36Q2r4A92XaoDNI9TWyF7XjlcUkVz5EbLdmC1CJJnvK4nTTxfnfYQHZEtN0XI0_s8gf6YbQr0MVv1GeoddIfYLk3CMBoCiW6It2cjZ-Fi2OgqrlsZJ6vpHC__-ItxwQDZ78YVrWFLA/https://www.amazon.com/gp/aw/d/B0FZSNW1CG/?_encoding=UTF8&pd_rd_plhdr=t&aaxitk=0e5a8701e1487d4e6bcc079ea3d9a361&hsa_cr_id=0&qid=1782300830&sr=1-2-f02f01d6-adaf-4bef-9a7c-29308eff9043&ref_=sbx__sbtcd2_asin_1_bkgd&pd_rd_w=b0R2p&content-id=amzn1.sym.5159d9cb-0665-4a83-8f64-8881eaba312a%3Aamzn1.sym.5159d9cb-0665-4a83-8f64-8881eaba312a&pf_rd_p=5159d9cb-0665-4a83-8f64-8881eaba312a&pf_rd_r=ZMXM83JGQEN1A86STG33&pd_rd_wg=cPFSR&pd_rd_r=45c5e1ad-7497-4ef9-97b7-7dd0f333f81e,"https://m.media-amazon.com/images/I/71fzRTA2QML._AC_SR322,134_CB1169409_QL70_.jpg",57,排名进入前30；价格处于人民币等值¥57.60-¥180.00黄金区间；评分达到4.3以上。
2026-06-24,amazon_us,product,search,women slides,16,LongBay Women's Memory Foam House Shoes Cozy Brushed Jersey Slippers for Indoor Outdoor LongBay Women's Memory Foam House Shoes Cozy Brushed Jersey Slippers for Indoor Outdoor,¥129.82,4.3,4.3,,,,,,https://aax-us-east-retail-direct.amazon.com/x/c/JFVLERayuLPyi06TeSKGWuIAAAGe-WhsywEAAAH2AQBvbm9fdHhuX2JpZDMgICBvbm9fdHhuX2ltcDEgICAxxoby/clv1c_ek-wBHX2ZcTeBq-7UQNOSIh9W3snFKlykLSwNt3TYrwJ_v7Rdqzz-cIuA1cvx83ItcqM8iGMByQYLEBx-k6uHE3jshwaHLCZHFfafef278MYaXlzSCjhO8zoovqnEVdHno7CgVZISsMYQ_cLnF90E1DaoeEMFiRKksrt93MKDIcIlYA03wPsqOEgNkHAvN6X6t3nbitIERrSUegtN00HZg_OHEYhWotX-Yoj6uujCskw65Yre_HY6XOWm_G7UWxa3m6UemPxjOdYUkeiiF-cfaTrZ4IQT8tDIztHWqrS-SgCy1RX1D1tkhbIV6__Ll955TM3bNtRAJynKSe4nlUV_HtGAGKDU3p4q1oomyeZLGCa5Wb1YaDobK9a4wCy-p6RxNXJhsltB4Sxlv4BNYDoJHTfuyPA2c10q_JW6joDuQqH7Oc9F925d9u68jY3lFD7-nYzt6qVjU8c8o9mNd9GYBmt3kADImwaja-s_CcwygZge3T4SCdBjML6GHXm_Oz5KMAvil6Ktw6vJO645Vf-Zs-b0trGqWrvNjUKJeDvnvPt_EgQQ-eJqmsT5BIaIGrolt5mZ2eHhxrxAwvJy5wnq68swdKndtZdWjvee-7HTilocwFVvDpjO1bSBSdgdQGi4CX9e-X0SBGgW9Uj_CC1QjG1gPN3wVp9ntsanzGhvG9ja3ZV_GnYa0iupB4HZShDj5tKBriXEdX3_IDY-FCMmJzb8L9hGJCPoQ6GTTwEWcAjqjfhZOU-s-qOBtZNHMGa8qEVuX_98BW-VuigZnpECp90tgXLTkExGtV4IdV0UcBpAgcHTNHwzd_slZBVJ_VM-ld9B_WJuz0w4kktPmhRqQkWJSTmkSMJf2LxAIftUjzL4P85Z3do4bj31EYDESDEt4y-910jeSxRSr9vhYKtZu-PYJprpQo0IPeOMN1QcD36VCiB3LbSV1X7U8h8FZRlk1UAPfOVjqDOqGOgiJQ3OAqtdEKbprI0XgknFBHtyIZ_SBUqafeZb55n4aE9JZl0jsn5t1JtQ2ngn5yPzDiyaPYxKt1kwnlqYfoJ_ZxkVy5e3eD9eOjbM50GA4vTjROpNag1XPQ_FqdBdDBZnywIHq88hyCxcWGzqllKHU09X7FDTjZq7ADFn17uIHrHUERe23s3fKPmrvuaeiQv8Dh7sh1VwarAq_yK5oOFo7ldjUpZeHLdByfJN0TAi-ebZ0LkjAOCvGQh3JhmAPoI6NlMqEI4tr9XgOM5ZcTz4JitPRp3-nRid8m0wey_1-Tf--t6pgDe5InAF941LQqFWG_U7laucXIgUys7Xi7m5RiXHdM8-FvaVQbV2pggT6rM22EzoE7faOMLy4TTWmvfsg78wGU1zu-fobwR2TZEf3OHK_2tXMNlNL-EUh-D4xCm7z6ycnlV-Hpgm6BEpJuyLVhgEPq8AQA1pm1mTEx3SeoIRzNIKF6QDS-ytmcrJ6eZDuBBIrYordGnJIXcB3uwB0XkXmHYdQnvh1fTr_FzPX76gxU-zzZr9PSHytcFi04D6JSuQ407sK_MwvCio4WTIksIOX3T4CT558ONp36Q2r4A92XaoDNI9TWyF7XjlcUkVz5EbLdmC1CJJnvK4nTTxfnfYQHZEtN0XI0_s8gf6YbQr0MVv1GeoddIfYLk3CMBoCiW6It2cjZ-Fi2OgqrlsZJ6vpHC__-ItxwQDZ78YVrWFLA/https://www.amazon.com/gp/aw/d/B0CRDQY8LF/?_encoding=UTF8&pd_rd_plhdr=t&aaxitk=0e5a8701e1487d4e6bcc079ea3d9a361&hsa_cr_id=0&qid=1782300830&sr=1-3-f02f01d6-adaf-4bef-9a7c-29308eff9043&ref_=sbx__sbtcd2_asin_2_bkgd&pd_rd_w=b0R2p&content-id=amzn1.sym.5159d9cb-0665-4a83-8f64-8881eaba312a%3Aamzn1.sym.5159d9cb-0665-4a83-8f64-8881eaba312a&pf_rd_p=5159d9cb-0665-4a83-8f64-8881eaba312a&pf_rd_r=ZMXM83JGQEN1A86STG33&pd_rd_wg=cPFSR&pd_rd_r=45c5e1ad-7497-4ef9-97b7-7dd0f333f81e,"https://m.media-amazon.com/images/I/81syfwFbyJL._AC_SR322,134_CB1169409_QL70_.jpg",57,排名进入前30；价格处于人民币等值¥57.60-¥180.00黄金区间；评分达到4.3以上。
2026-06-24,amazon_us,product,search,women slides,20,LongBay Womens Fuzzy Slippers Open Toe Memory Foam Supportive House Shoes Bow Crossbands Indoor Bedroom Slides Gift LongBay Womens Fuzzy Slippers Open Toe Memory Foam Supportive House Shoes Bow Crossbands Indoor Bed…,¥103.82,4.4,4.4,,,,,,https://aax-us-east-retail-direct.amazon.com/x/c/JFVLERayuLPyi06TeSKGWuIAAAGe-WhsywEAAAH2AQBvbm9fdHhuX2JpZDMgICBvbm9fdHhuX2ltcDEgICAxxoby/clv1c_ek-wBHX2ZcTeBq-7UQNOSIh9W3snFKlykLSwNt3TYrwJ_v7Rdqzz-cIuA1cvx83ItcqM8iGMByQYLEBx-k6uHE3jshwaHLCZHFfafef278MYaXlzSCjhO8zoovqnEVdHno7CgVZISsMYQ_cLnF90E1DaoeEMFiRKksrt93MKDIcIlYA03wPsqOEgNkHAvN6X6t3nbitIERrSUegtN00HZg_OHEYhWotX-Yoj6uujCskw65Yre_HY6XOWm_G7UWxa3m6UemPxjOdYUkeiiF-cfaTrZ4IQT8tDIztHWqrS-SgCy1RX1D1tkhbIV6__Ll955TM3bNtRAJynKSe4nlUV_HtGAGKDU3p4q1oomyeZLGCa5Wb1YaDobK9a4wCy-p6RxNXJhsltB4Sxlv4BNYDoJHTfuyPA2c10q_JW6joDuQqH7Oc9F925d9u68jY3lFD7-nYzt6qVjU8c8o9mNd9GYBmt3kADImwaja-s_CcwygZge3T4SCdBjML6GHXm_Oz5KMAvil6Ktw6vJO645Vf-Zs-b0trGqWrvNjUKJeDvnvPt_EgQQ-eJqmsT5BIaIGrolt5mZ2eHhxrxAwvJy5wnq68swdKndtZdWjvee-7HTilocwFVvDpjO1bSBSdgdQGi4CX9e-X0SBGgW9Uj_CC1QjG1gPN3wVp9ntsanzGhvG9ja3ZV_GnYa0iupB4HZShDj5tKBriXEdX3_IDY-FCMmJzb8L9hGJCPoQ6GTTwEWcAjqjfhZOU-s-qOBtZNHMGa8qEVuX_98BW-VuigZnpECp90tgXLTkExGtV4IdV0UcBpAgcHTNHwzd_slZBVJ_VM-ld9B_WJuz0w4kktPmhRqQkWJSTmkSMJf2LxAIftUjzL4P85Z3do4bj31EYDESDEt4y-910jeSxRSr9vhYKtZu-PYJprpQo0IPeOMN1QcD36VCiB3LbSV1X7U8h8FZRlk1UAPfOVjqDOqGOgiJQ3OAqtdEKbprI0XgknFBHtyIZ_SBUqafeZb55n4aE9JZl0jsn5t1JtQ2ngn5yPzDiyaPYxKt1kwnlqYfoJ_ZxkVy5e3eD9eOjbM50GA4vTjROpNag1XPQ_FqdBdDBZnywIHq88hyCxcWGzqllKHU09X7FDTjZq7ADFn17uIHrHUERe23s3fKPmrvuaeiQv8Dh7sh1VwarAq_yK5oOFo7ldjUpZeHLdByfJN0TAi-ebZ0LkjAOCvGQh3JhmAPoI6NlMqEI4tr9XgOM5ZcTz4JitPRp3-nRid8m0wey_1-Tf--t6pgDe5InAF941LQqFWG_U7laucXIgUys7Xi7m5RiXHdM8-FvaVQbV2pggT6rM22EzoE7faOMLy4TTWmvfsg78wGU1zu-fobwR2TZEf3OHK_2tXMNlNL-EUh-D4xCm7z6ycnlV-Hpgm6BEpJuyLVhgEPq8AQA1pm1mTEx3SeoIRzNIKF6QDS-ytmcrJ6eZDuBBIrYordGnJIXcB3uwB0XkXmHYdQnvh1fTr_FzPX76gxU-zzZr9PSHytcFi04D6JSuQ407sK_MwvCio4WTIksIOX3T4CT558ONp36Q2r4A92XaoDNI9TWyF7XjlcUkVz5EbLdmC1CJJnvK4nTTxfnfYQHZEtN0XI0_s8gf6YbQr0MVv1GeoddIfYLk3CMBoCiW6It2cjZ-Fi2OgqrlsZJ6vpHC__-ItxwQDZ78YVrWFLA/https://www.amazon.com/gp/aw/d/B0FW4D7LS5/?_encoding=UTF8&pd_rd_plhdr=t&aaxitk=0e5a8701e1487d4e6bcc079ea3d9a361&hsa_cr_id=0&qid=1782300830&sr=1-7-f02f01d6-adaf-4bef-9a7c-29308eff9043&ref_=sbx__sbtcd2_asin_6_bkgd&pd_rd_w=b0R2p&content-id=amzn1.sym.5159d9cb-0665-4a83-8f64-8881eaba312a%3Aamzn1.sym.5159d9cb-0665-4a83-8f64-8881eaba312a&pf_rd_p=5159d9cb-0665-4a83-8f64-8881eaba312a&pf_rd_r=ZMXM83JGQEN1A86STG33&pd_rd_wg=cPFSR&pd_rd_r=45c5e1ad-7497-4ef9-97b7-7dd0f333f81e,"https://m.media-amazon.com/images/I/71-2TuddrfL._AC_SR322,134_CB1169409_QL70_.jpg",57,排名进入前30；价格处于人民币等值¥57.60-¥180.00黄金区间；评分达到4.3以上。
2026-06-24,amazon_us,product,search,women slides,21,LongBay Women's Cozy Winter Slipper Boots Warm Chenille Knit Bootie Memory Foam Non-Slip Indoor Outdoor House Shoes LongBay Women's Cozy Winter Slipper Boots Warm Chenille Knit Bootie Memory Foam Non-Slip Indoor Outd…,¥177.77,4.5,4.5,,,,,,https://aax-us-east-retail-direct.amazon.com/x/c/JFVLERayuLPyi06TeSKGWuIAAAGe-WhsywEAAAH2AQBvbm9fdHhuX2JpZDMgICBvbm9fdHhuX2ltcDEgICAxxoby/clv1c_ek-wBHX2ZcTeBq-7UQNOSIh9W3snFKlykLSwNt3TYrwJ_v7Rdqzz-cIuA1cvx83ItcqM8iGMByQYLEBx-k6uHE3jshwaHLCZHFfafef278MYaXlzSCjhO8zoovqnEVdHno7CgVZISsMYQ_cLnF90E1DaoeEMFiRKksrt93MKDIcIlYA03wPsqOEgNkHAvN6X6t3nbitIERrSUegtN00HZg_OHEYhWotX-Yoj6uujCskw65Yre_HY6XOWm_G7UWxa3m6UemPxjOdYUkeiiF-cfaTrZ4IQT8tDIztHWqrS-SgCy1RX1D1tkhbIV6__Ll955TM3bNtRAJynKSe4nlUV_HtGAGKDU3p4q1oomyeZLGCa5Wb1YaDobK9a4wCy-p6RxNXJhsltB4Sxlv4BNYDoJHTfuyPA2c10q_JW6joDuQqH7Oc9F925d9u68jY3lFD7-nYzt6qVjU8c8o9mNd9GYBmt3kADImwaja-s_CcwygZge3T4SCdBjML6GHXm_Oz5KMAvil6Ktw6vJO645Vf-Zs-b0trGqWrvNjUKJeDvnvPt_EgQQ-eJqmsT5BIaIGrolt5mZ2eHhxrxAwvJy5wnq68swdKndtZdWjvee-7HTilocwFVvDpjO1bSBSdgdQGi4CX9e-X0SBGgW9Uj_CC1QjG1gPN3wVp9ntsanzGhvG9ja3ZV_GnYa0iupB4HZShDj5tKBriXEdX3_IDY-FCMmJzb8L9hGJCPoQ6GTTwEWcAjqjfhZOU-s-qOBtZNHMGa8qEVuX_98BW-VuigZnpECp90tgXLTkExGtV4IdV0UcBpAgcHTNHwzd_slZBVJ_VM-ld9B_WJuz0w4kktPmhRqQkWJSTmkSMJf2LxAIftUjzL4P85Z3do4bj31EYDESDEt4y-910jeSxRSr9vhYKtZu-PYJprpQo0IPeOMN1QcD36VCiB3LbSV1X7U8h8FZRlk1UAPfOVjqDOqGOgiJQ3OAqtdEKbprI0XgknFBHtyIZ_SBUqafeZb55n4aE9JZl0jsn5t1JtQ2ngn5yPzDiyaPYxKt1kwnlqYfoJ_ZxkVy5e3eD9eOjbM50GA4vTjROpNag1XPQ_FqdBdDBZnywIHq88hyCxcWGzqllKHU09X7FDTjZq7ADFn17uIHrHUERe23s3fKPmrvuaeiQv8Dh7sh1VwarAq_yK5oOFo7ldjUpZeHLdByfJN0TAi-ebZ0LkjAOCvGQh3JhmAPoI6NlMqEI4tr9XgOM5ZcTz4JitPRp3-nRid8m0wey_1-Tf--t6pgDe5InAF941LQqFWG_U7laucXIgUys7Xi7m5RiXHdM8-FvaVQbV2pggT6rM22EzoE7faOMLy4TTWmvfsg78wGU1zu-fobwR2TZEf3OHK_2tXMNlNL-EUh-D4xCm7z6ycnlV-Hpgm6BEpJuyLVhgEPq8AQA1pm1mTEx3SeoIRzNIKF6QDS-ytmcrJ6eZDuBBIrYordGnJIXcB3uwB0XkXmHYdQnvh1fTr_FzPX76gxU-zzZr9PSHytcFi04D6JSuQ407sK_MwvCio4WTIksIOX3T4CT558ONp36Q2r4A92XaoDNI9TWyF7XjlcUkVz5EbLdmC1CJJnvK4nTTxfnfYQHZEtN0XI0_s8gf6YbQr0MVv1GeoddIfYLk3CMBoCiW6It2cjZ-Fi2OgqrlsZJ6vpHC__-ItxwQDZ78YVrWFLA/https://www.amazon.com/gp/aw/d/B07WN73RS1/?_encoding=UTF8&pd_rd_plhdr=t&aaxitk=0e5a8701e1487d4e6bcc079ea3d9a361&hsa_cr_id=0&qid=1782300830&sr=1-8-f02f01d6-adaf-4bef-9a7c-29308eff9043&ref_=sbx__sbtcd2_asin_7_bkgd&pd_rd_w=b0R2p&content-id=amzn1.sym.5159d9cb-0665-4a83-8f64-8881eaba312a%3Aamzn1.sym.5159d9cb-0665-4a83-8f64-8881eaba312a&pf_rd_p=5159d9cb-0665-4a83-8f64-8881eaba312a&pf_rd_r=ZMXM83JGQEN1A86STG33&pd_rd_wg=cPFSR&pd_rd_r=45c5e1ad-7497-4ef9-97b7-7dd0f333f81e,"https://m.media-amazon.com/images/I/71QVZgmz3lL._AC_SR322,134_CB1169409_QL70_.jpg",57,排名进入前30；价格处于人民币等值¥57.60-¥180.00黄金区间；评分达到4.3以上。
2026-06-24,amazon_us,product,search,women slides,29,adidas,¥179.50,4.5,adidas,,,,,,https://www.amazon.com/adidas-Unisex-Adilette-Sportswear-Sandal/dp/B0D224KWLQ/ref=sr_1_14?dib=eyJ2IjoiMSJ9.wrqHnvIFpzxZDCy1gVq3fwKhCwBY2_ePNO7BevS9Sku17V2by2FDRXv55K6EhduSwiTg3cs9giW2UwaVQmTyh2SVT8gNqZz0NGAnaUTtbUjRDGSdejMWxI81FVashbfotXUdvn9P8FPvWtZuhqMIAgxjA2aYIUac6hqvcB-3XLshdBKJr1CY5ZBXtQJD6EfjAYtThxeGRfQtRGsyJS6qLrTOoIY2EbijkgldPZUZl52g4JiVDsuCPEPMC4FIWqoAIGRIF09wdLWCclEGKXgm0dCSKQUODYNn1l1Pk_B8sBQ.7WwOpPUzEqICkPqGLFg3MsIZ2rF4uGzOJaHfYTZXML0&dib_tag=se&keywords=women+slides&qid=1782300830&sr=8-14,https://m.media-amazon.com/images/I/51EzGCn-OoL._AC_UL320_.jpg,57,排名进入前30；价格处于人民币等值¥57.60-¥180.00黄金区间；评分达到4.3以上。
2026-06-24,amazon_us,product,search,platform sandals women,15,Project Cloud,¥260.71,4.2,Project Cloud,,,,,,https://www.amazon.com/sspa/click?ie=UTF8&spc=MTo3NjkyMTQxMzQ2MzI0NTE0OjE3ODIzMDA4MzA6c3Bfc2VhcmNoX3RoZW1hdGljOjMwMTI3ODQ5NTUxMjEwMjo6MTo6&url=%2FProject-Cloud-Genuine-Platform-Footwear%2Fdp%2FB0DNRSMTDH%2Fref%3Dsxin_19_pa_sp_search_thematic_sspa%3Fcontent-id%3Damzn1.sym.71e21d01-9c92-451d-b99d-ee0a33f40110%253Aamzn1.sym.71e21d01-9c92-451d-b99d-ee0a33f40110%26cv_ct_cx%3Dplatform%2Bsandals%2Bwomen%26keywords%3Dplatform%2Bsandals%2Bwomen%26pd_rd_i%3DB0DNRSMTDH%26pd_rd_r%3Df3775e85-b9de-43de-af41-994a7271798d%26pd_rd_w%3DFzCkH%26pd_rd_wg%3DpA4WV%26pf_rd_p%3D71e21d01-9c92-451d-b99d-ee0a33f40110%26pf_rd_r%3DSR421RD646YT1TXWCK3M%26qid%3D1782300830%26sbo%3D9ZOMT9Jm0JH%252Ft%252BWi68iDSA%253D%253D%26sr%3D1-2-2c727eeb-987f-452f-86bd-c2978cc9d8b9-spons%26aref%3DVxQVJpxScr%26sp_csd%3Dd2lkZ2V0TmFtZT1zcF9zZWFyY2hfdGhlbWF0aWM%26psc%3D1&aref=VxQVJpxScr,https://m.media-amazon.com/images/I/71-gfihl+zL._AC_UL320_.jpg,57,排名进入前30；价格处于人民币等值¥180.00-¥288.00区间；标题包含 cloud，符合美国女鞋舒适化趋势；评分达到4.0以上。
2026-06-24,amazon_us,product,new_releases,New Releases Women Sandals,27,Qzize Sport Walking Water Sandals for Women with Arch Support & Adjustable Straps Platform Sandals Women Height Increase,,4.4,$15.99,,,,,,https://www.amazon.com/Qzize-Sandals-Walking-Support-Outdoor/dp/B0FX8S36TM/ref=zg_bsnr_g_679425011_d_sccl_27/134-4425854-3946053?psc=1,"https://images-na.ssl-images-amazon.com/images/I/61CwtYgkV5L._AC_UL600_SR600,400_.jpg",56,排名进入前30；标题包含 platform、arch support，符合美国女鞋舒适化趋势；评分达到4.3以上。
2026-06-24,amazon_us,product,new_releases,New Releases Women Sandals,10,"CUSHIONAIRE Talisa Espadrilles for Women, Closed Toe Wedge Sandal with Elastic Ankle Strap and Jute Wrapped Sole",,4.5,$37.98,,,,,,https://www.amazon.com/CUSHIONAIRE-Talisa-Espadrilles-Elastic-Wrapped/dp/B0GXGP78F3/ref=zg_bsnr_g_679425011_d_sccl_10/134-4425854-3946053?psc=1,"https://images-na.ssl-images-amazon.com/images/I/81F8HNyZMNL._AC_UL600_SR600,400_.jpg",55,排名靠前；标题包含 wedge，符合美国女鞋舒适化趋势；评分达到4.3以上。
2026-06-24,amazon_us,product,new_releases,New Releases Women Sandals,30,"Platform Flip Flops for Women, Arch Support Cushion Thong Sandals, Thick Sole Pillow Slippers, Non-Slip Summer Beach Shoes",,3.5,$10.28,,,,,,https://www.amazon.com/Platform-Support-Cushion-Slippers-Non-Slip/dp/B0GV7DJC56/ref=zg_bsnr_g_679425011_d_sccl_30/134-4425854-3946053?psc=1,"https://images-na.ssl-images-amazon.com/images/I/41PxRsXU-fL._AC_UL600_SR600,400_.jpg",55,排名进入前30；标题包含 platform、arch support、beach、summer，符合美国女鞋舒适化趋势。
2026-06-24,amazon_us,product,search,women slides,28,Nike,¥241.92,4.6,Nike,,,,,,https://www.amazon.com/NIKE-Womens-Sneaker-Anthracite-Black/dp/B0818JZNJV/ref=sr_1_13?dib=eyJ2IjoiMSJ9.wrqHnvIFpzxZDCy1gVq3fwKhCwBY2_ePNO7BevS9Sku17V2by2FDRXv55K6EhduSwiTg3cs9giW2UwaVQmTyh2SVT8gNqZz0NGAnaUTtbUjRDGSdejMWxI81FVashbfotXUdvn9P8FPvWtZuhqMIAgxjA2aYIUac6hqvcB-3XLshdBKJr1CY5ZBXtQJD6EfjAYtThxeGRfQtRGsyJS6qLrTOoIY2EbijkgldPZUZl52g4JiVDsuCPEPMC4FIWqoAIGRIF09wdLWCclEGKXgm0dCSKQUODYNn1l1Pk_B8sBQ.7WwOpPUzEqICkPqGLFg3MsIZ2rF4uGzOJaHfYTZXML0&dib_tag=se&keywords=women+slides&qid=1782300830&sr=8-13,https://m.media-amazon.com/images/I/61fkw4GxrjL._AC_UL320_.jpg,55,排名进入前30；价格处于人民币等值¥180.00-¥288.00区间；评分达到4.6以上。
2026-06-24,amazon_us,product,search,platform sandals women,11,Skechers,¥274.46,4.6,Skechers,,,,,,https://www.amazon.com/sspa/click?ie=UTF8&spc=MTo3NzY2NDU3ODAwNTQ3ODMxOjE3ODIzMDA4MzA6c3Bfc2VhcmNoX3RoZW1hdGljOjo6MjpCMENETVhMMUtXOnNlYXJjaA&url=%2FSkechers-Womens-Arya-Sandal-Black%2Fdp%2FB0CDMXL1KW%2Fref%3Dsxin_17_pa_sp_search_thematic_sspa%3Fcontent-id%3Damzn1.sym.20370b4c-979a-4a65-bc84-8b168f3df5c5%253Aamzn1.sym.20370b4c-979a-4a65-bc84-8b168f3df5c5%26cv_ct_cx%3Dplatform%2Bsandals%2Bwomen%26keywords%3Dplatform%2Bsandals%2Bwomen%26pd_rd_i%3DB0CDMXL1KW%26pd_rd_r%3Df3775e85-b9de-43de-af41-994a7271798d%26pd_rd_w%3Dg9ffQ%26pd_rd_wg%3DpA4WV%26pf_rd_p%3D20370b4c-979a-4a65-bc84-8b168f3df5c5%26pf_rd_r%3DSR421RD646YT1TXWCK3M%26qid%3D1782300830%26sbo%3D9ZOMT9Jm0JH%252Ft%252BWi68iDSA%253D%253D%26sr%3D1-3-543a432c-671c-4a3a-a15e-c8d9b2229043-spons%26sp_csd%3Dd2lkZ2V0TmFtZT1zcF9zZWFyY2hfdGhlbWF0aWM%26psc%3D1,https://m.media-amazon.com/images/I/811zZvhiXmL._AC_UL320_.jpg,55,排名进入前30；价格处于人民币等值¥180.00-¥288.00区间；评分达到4.6以上。
2026-06-24,amazon_us,product,best_sellers,Best Sellers Women Sandals,18,"FUNKYMONKEY Women's Comfort Slides with Arch Support, Non-Slip Lightweight Foam Slip-on Flat Beach Sandals with Adjustable Buckle for Vacation & Everyday Wear",,4.1,$16.14,,,,,,https://www.amazon.com/FUNKYMONKEY-Comfort-Adjustable-Sandals-US-Women/dp/B07CV9YZBB/ref=zg_bs_g_679425011_d_sccl_18/133-7970921-7722602?psc=1,"https://images-na.ssl-images-amazon.com/images/I/51o3wxcasIL._AC_UL600_SR600,400_.jpg",54,排名进入前30；标题包含 comfort、arch support、beach，符合美国女鞋舒适化趋势；评分达到4.0以上。
2026-06-24,amazon_us,product,new_releases,New Releases Women Sandals,18,UBFEN Womens Bohemian Flat Sandals With Back Strap Summer Beach Comfortable Bling,,4.3,$31.99,,,,,,https://www.amazon.com/UBFEN-Womens-Bohemian-Sandals-Comfortable/dp/B0H19XQJ75/ref=zg_bsnr_g_679425011_d_sccl_18/134-4425854-3946053?psc=1,"https://images-na.ssl-images-amazon.com/images/I/71TxhfsP6dL._AC_UL600_SR600,400_.jpg",54,排名进入前30；标题包含 comfort、beach、summer，符合美国女鞋舒适化趋势；评分达到4.3以上。
2026-06-24,amazon_us,product,new_releases,New Releases Women Sandals,35,"CUSHIONAIRE Eden Footbed Sandals for Women, Comfortable Arch Support Womens Sandals with Platform, Slingback Strap and Memory Foam",,4.0,$37.98,,,,,,https://www.amazon.com/CUSHIONAIRE-Comfortable-Platform-Slingback-CHOCOLATE/dp/B0GXWP4L99/ref=zg_bsnr_g_679425011_d_sccl_35/133-7970921-7722602?psc=1,"https://images-na.ssl-images-amazon.com/images/I/61bWnDq2UNL._AC_UL300_SR300,200_.jpg",54,排名进入前50；标题包含 platform、comfort、arch support，符合美国女鞋舒适化趋势；platform + comfort组合趋势加分；评分达到4.0以上。
2026-06-24,amazon_us,product,search,women summer slippers,21,ULTRAIDEAS,¥129.89,4.2,ULTRAIDEAS,,,,,,https://www.amazon.com/ULTRAIDEAS-Womens-Memory-Slipper-Upgrade/dp/B09SZBHFG6/ref=sr_1_12?dib=eyJ2IjoiMSJ9.HELZ__VSeLI5Ljj_JV3dSWomlzIOtkt-PkeC4-IYbBFsS3paRO83YBB0NRglNxKcyMu7flzyoKIzAb8UzP0a10ijUUhKgrXKg1Kg2EiF7U2LApoU9OXbwY619f6-RHLOp0BzpHgzmah9iBGVhflCMeLOMdx2XLSFStuJPHYX_Hbyoj1VY1XY4fZFaJV0_EO2IezAL71k7cg0cnWjneCVZFM-r7BdZqFKNx5qyRx8QHFpSALbBKoBlqw6Ea8sbQcvb9ppSuBgwO-COe9ubfDsTIHS4EvxKXra-wXmBhTKdZs.EXd4cVtODX8Tlspu2iMSg-ADP2rB5BOios6XaVDQY38&dib_tag=se&keywords=women+summer+slippers&qid=1782300829&sr=8-12,https://m.media-amazon.com/images/I/71GPcULYBKL._AC_UL320_.jpg,54,排名进入前30；价格处于人民币等值¥57.60-¥180.00黄金区间；评分达到4.0以上。
2026-06-24,amazon_us,product,search,women summer slippers,26,Dokela,¥71.93,4.1,Dokela,,,,,,https://www.amazon.com/Dokela-Slippers-Breathable-Machine-Washable/dp/B0GLH28M2B/ref=sr_1_17?dib=eyJ2IjoiMSJ9.HELZ__VSeLI5Ljj_JV3dSWomlzIOtkt-PkeC4-IYbBFsS3paRO83YBB0NRglNxKcyMu7flzyoKIzAb8UzP0a10ijUUhKgrXKg1Kg2EiF7U2LApoU9OXbwY619f6-RHLOp0BzpHgzmah9iBGVhflCMeLOMdx2XLSFStuJPHYX_Hbyoj1VY1XY4fZFaJV0_EO2IezAL71k7cg0cnWjneCVZFM-r7BdZqFKNx5qyRx8QHFpSALbBKoBlqw6Ea8sbQcvb9ppSuBgwO-COe9ubfDsTIHS4EvxKXra-wXmBhTKdZs.EXd4cVtODX8Tlspu2iMSg-ADP2rB5BOios6XaVDQY38&dib_tag=se&keywords=women+summer+slippers&qid=1782300829&sr=8-17,https://m.media-amazon.com/images/I/81r1tSkHqHL._AC_UL320_.jpg,54,排名进入前30；价格处于人民币等值¥57.60-¥180.00黄金区间；评分达到4.0以上。
2026-06-24,amazon_us,product,search,women summer slippers,30,SaDuck,¥149.69,4.1,SaDuck,,,,,,https://www.amazon.com/SaDuck-Summer-Slippers-Women-Slip/dp/B0GLNVHZ5M/ref=sr_1_21?dib=eyJ2IjoiMSJ9.HELZ__VSeLI5Ljj_JV3dSWomlzIOtkt-PkeC4-IYbBFsS3paRO83YBB0NRglNxKcyMu7flzyoKIzAb8UzP0a10ijUUhKgrXKg1Kg2EiF7U2LApoU9OXbwY619f6-RHLOp0BzpHgzmah9iBGVhflCMeLOMdx2XLSFStuJPHYX_Hbyoj1VY1XY4fZFaJV0_EO2IezAL71k7cg0cnWjneCVZFM-r7BdZqFKNx5qyRx8QHFpSALbBKoBlqw6Ea8sbQcvb9ppSuBgwO-COe9ubfDsTIHS4EvxKXra-wXmBhTKdZs.EXd4cVtODX8Tlspu2iMSg-ADP2rB5BOios6XaVDQY38&dib_tag=se&keywords=women+summer+slippers&qid=1782300829&sr=8-21,https://m.media-amazon.com/images/I/71LNEIAFQiL._AC_UL320_.jpg,54,排名进入前30；价格处于人民币等值¥57.60-¥180.00黄金区间；评分达到4.0以上。
2026-06-24,amazon_us,product,best_sellers,Best Sellers Women Sandals,17,Crocs Women's Brooklyn Low Wedge Sandals,,4.6,$54.95,,,,,,https://www.amazon.com/Crocs-Brooklyn-Low-Wedge-Black/dp/B07YQRHPBF/ref=zg_bs_g_679425011_d_sccl_17/133-7970921-7722602?psc=1,"https://images-na.ssl-images-amazon.com/images/I/7146HmICxBL._AC_UL600_SR600,400_.jpg",53,排名进入前30；评论数达到50以上；标题包含 wedge，符合美国女鞋舒适化趋势；评分达到4.6以上。
2026-06-24,amazon_us,product,new_releases,New Releases Women Sandals,16,NEEP Jelly Sandals for Women Non-Slip Pool Slides Vintage Platform Double Buckle Waterproof Sandals for Summer Beach Casual,,4.2,$30.59,,,,,,https://www.amazon.com/NEEP-Sandals-Non-Slip-Platform-Waterproof/dp/B0GWZG4MT8/ref=zg_bsnr_g_679425011_d_sccl_16/134-4425854-3946053?psc=1,"https://images-na.ssl-images-amazon.com/images/I/71iXkFqzxsL._AC_UL600_SR600,400_.jpg",53,排名进入前30；标题包含 platform、beach、summer，符合美国女鞋舒适化趋势；评分达到4.0以上。
2026-06-24,amazon_us,product,search,platform sandals women,16,Project Cloud,¥335.95,4.3,Project Cloud,,,,,,https://www.amazon.com/sspa/click?ie=UTF8&spc=MTo3NjkyMTQxMzQ2MzI0NTE0OjE3ODIzMDA4MzA6c3Bfc2VhcmNoX3RoZW1hdGljOjMwMTE2NTkwOTU5NzYwMjo6Mjo6&url=%2FProject-Cloud-Platform-Sandals-Footwear%2Fdp%2FB0DR3LJXMV%2Fref%3Dsxin_19_pa_sp_search_thematic_sspa%3Fcontent-id%3Damzn1.sym.71e21d01-9c92-451d-b99d-ee0a33f40110%253Aamzn1.sym.71e21d01-9c92-451d-b99d-ee0a33f40110%26cv_ct_cx%3Dplatform%2Bsandals%2Bwomen%26keywords%3Dplatform%2Bsandals%2Bwomen%26pd_rd_i%3DB0DR3LJXMV%26pd_rd_r%3Df3775e85-b9de-43de-af41-994a7271798d%26pd_rd_w%3DFzCkH%26pd_rd_wg%3DpA4WV%26pf_rd_p%3D71e21d01-9c92-451d-b99d-ee0a33f40110%26pf_rd_r%3DSR421RD646YT1TXWCK3M%26qid%3D1782300830%26sbo%3D9ZOMT9Jm0JH%252Ft%252BWi68iDSA%253D%253D%26sr%3D1-3-2c727eeb-987f-452f-86bd-c2978cc9d8b9-spons%26aref%3DVrfOExKgXV%26sp_csd%3Dd2lkZ2V0TmFtZT1zcF9zZWFyY2hfdGhlbWF0aWM%26psc%3D1&aref=VrfOExKgXV,https://m.media-amazon.com/images/I/71UPj5k6h8L._AC_UL320_.jpg,53,排名进入前30；价格高于人民币等值¥288.00；标题包含 cloud，符合美国女鞋舒适化趋势；评分达到4.3以上。
2026-06-24,amazon_us,product,best_sellers,Best Sellers Women Sandals,5,CUSHIONAIRE Pool Slides for Women Water Resistant Double Buckle Adjustable Slip-On Womens Sandals for Beach Shower Casual Wear,,4.0,$44.99,,,,,,https://www.amazon.com/CUSHIONAIRE-Slides-Resistant-Adjustable-Sandals/dp/B0GXHKZW5C/ref=zg_bs_g_679425011_d_sccl_5/133-7970921-7722602?psc=1,"https://images-na.ssl-images-amazon.com/images/I/71SqqvP1YFL._AC_UL600_SR600,400_.jpg",52,排名靠前；标题包含 beach，符合美国女鞋舒适化趋势；评分达到4.0以上。
2026-06-24,amazon_us,product,best_sellers,Best Sellers Women Sandals,10,WHITIN Slippers for Women Non Slip | Cushioned Thick Sole Slides | Quick Drying Bathroom Sandals,,4.4,$9.99,,,,,,https://www.amazon.com/WHITIN-Slippers-Sandals-Fashionable-Lightweight/dp/B0C1C3MKLF/ref=zg_bs_g_679425011_d_sccl_10/133-7970921-7722602?psc=1,"https://images-na.ssl-images-amazon.com/images/I/71nA8egRirL._AC_UL600_SR600,400_.jpg",52,排名靠前；评分达到4.3以上。
2026-06-24,amazon_us,product,new_releases,New Releases Women Sandals,1,CUSHIONAIRE Pool Slides for Women Water Resistant Double Buckle Adjustable Slip-On Womens Sandals for Beach Shower Casual Wear,,4.0,$44.99,,,,,,https://www.amazon.com/CUSHIONAIRE-Slides-Resistant-Adjustable-Sandals/dp/B0GXHKZW5C/ref=zg_bsnr_g_679425011_d_sccl_1/134-4425854-3946053?psc=1,"https://images-na.ssl-images-amazon.com/images/I/71SqqvP1YFL._AC_UL600_SR600,400_.jpg",52,排名靠前；标题包含 beach，符合美国女鞋舒适化趋势；评分达到4.0以上。
2026-06-24,amazon_us,product,search,women summer slippers,14,isotoner Women's Indoor/Outdoor Slip-on Fiona Clog Slippers With Memory Foam isotoner Women's Indoor/Outdoor Slip-on Fiona Clog Slippers With Memory Foam,¥207.36,4.3,4.3,,,,,,https://aax-us-east-retail-direct.amazon.com/x/c/JOZvFQ-OENRpcTbjp2zV5XMAAAGe-Who7QEAAAH2AQBvbm9fdHhuX2JpZDQgICBvbm9fdHhuX2ltcDEgICBYv1Tw/clv1c_ek-IBPHXKrTWnuOrE7vOusHhpEAzKhm3kqM6QAmql17WSdtIF22CiKFNke4LusWIRlP5kAk4DxMTQ252yf8DMOAs7yp0Iv-2awVHS9joHtRXjyZzwgsDvm3ktrm1J35UU4pluw8OhvanuPZQOQJuehPbrYW8FlT4osriL-eLbIUaVCc1MtVEnhPElkPV1jLaUV4g6Fph_9fpVi_9okr0sfgTLxeXrAqOxsnVhUF6Vf0RCkkPB-mAy8FogCwzegz4rvnXe3ZU0Lq1QhZzkOehqtJeIHjpblBpLMdENSH5su0rzKAjEAo1435mpgKuyzoWd65E91vvfRykaAUEfWNVOhWCBvMpWtMUAaIL-tfUXoaTWF2FEJBZDnTLyYFql8IKIIggSN8wQXpSCLeXUQNvb84BEmBMFoWvd_H__66OoKdUN_mWOAl4lpkC54--21_BU2ZJpmIpQp0hL_bg3XFyBym2zfHYz_iMakRaAz_AJQZTebWlppfT5hXdJTvka7zmGi-rALDn93nvpxA6RUE9jo3HL3lY802h37bqAe7AumbBXSUEzSyquNIyb-q9MFsozEDzBQ7zpDja2lA87DOK-Em8KhrK4xDgf7rir7iMR7nhme5t1Cb5FcWtNTclxR5aan_foZkP_JxFFjEP3NI047_YzrhuSkPwl-SlEhBy9EvK--jLVSKhAN_zPYgvZ7wBZAs4muOzcMTnK-fNwt4eExqoiRNC03mSuvxobgYQ-yi1OzJ3_bQnTQoXyGx4GfajdAkjfHIhgSvpWqcmk561uIuB_sTzBk0TR2coIGO7L9hd5aFmFWql6ExxQwotfTcwSrcnsAagLn-luaCpTD41gGJYdrKnwipUFfi_SlUxAcZWnlNZuxeIvPRxPLd2PBzGJPAYJ4tEiRRWl9OOoiYN5cBbpxciEDYOwey7OagzP6RV97RtJ6NLqK3WIEwMj2Uoi-OEGTh0nfW74us8XeVpeSGDq08VU4pityqI3RRqNEue6dtYu2paH1oX2pdM1bulfelh_4rtc2L3hDHqxRvJB7yYf0Dc2PxdQbLLYYTAtME8QtZZ8KccJX1indQ2mJcaOKNhSLfxhXppzrRopu49vsIoPFMU3sBWOO4apa10-K9YfPbS3DWym7g0l4N9D9X8OKG_3jQ7DYnblGVAgbN2EHyKsJG5byYR2o7b0_4hIUkKwOUaUvbCz9-NJlzX07as4yokg8-IqVYBffTFI2PtwUNSPX2ojHioVazusmdyVnRAdkMT1tdnvc2XIZ6BhFgD5_81FdZ1w-s_u6eIJ8JCNgGRwb-WtONasz_OSBWvDzLQxbXWwCVZshZp2aSaMpx8N1xcfnGrNfETCNwt1XaJnt_5G80NaFc2OIZ_ZtTfHMKuTLp-sFmn9igpEiPCr396wuZ25zIhmOIPQW3--6A78nc_P7POZ_QJwXAygx1HCPXFR8BarFpeXL8bPLviKbBdMwtDY9qO5W3255VeBuzODefZBkO5VowBLXEPlPl7rr9-pTZ59aMrqx3y2rV90MvZXBe7_f2Y15O4yowvIWDdF637aVHjslIhTUMxP_eSQf36hUymTKQ4h1itCPqMj0LL8puv3rRUNvnCdizJ0N2twJ1nL5NGy5i1QISM5INXQ3c7jHC_p3h0dCBuqgH4XhM85emHscrIKLROMA/https://www.amazon.com/gp/aw/d/B0BMW5YR9V/?_encoding=UTF8&pd_rd_plhdr=t&aaxitk=81ced092aab88a54df06768c1c8263cc&hsa_cr_id=0&qid=1782300829&sr=1-2-f02f01d6-adaf-4bef-9a7c-29308eff9043&ref_=sbx__sbtcd2_asin_1_bkgd&pd_rd_w=7jffp&content-id=amzn1.sym.5159d9cb-0665-4a83-8f64-8881eaba312a%3Aamzn1.sym.5159d9cb-0665-4a83-8f64-8881eaba312a&pf_rd_p=5159d9cb-0665-4a83-8f64-8881eaba312a&pf_rd_r=HJ1FSR3RACJ249YR25ME&pd_rd_wg=iESA6&pd_rd_r=f2729c38-6cfe-4d2b-bd67-0be93b5017fa,"https://m.media-amazon.com/images/I/81lSD1476LL._AC_SR322,134_CB1169409_QL70_.jpg",52,排名进入前30；价格处于人民币等值¥180.00-¥288.00区间；评分达到4.3以上。
2026-06-24,amazon_us,product,search,women summer slippers,16,isotoner Women's Indoor/Outdoor Slip-on Microsuede Rory Memory Foam Clog Slippers isotoner Women's Indoor/Outdoor Slip-on Microsuede Rory Memory Foam Clog Slippers,¥235.30,4.3,4.3,,,,,,https://aax-us-east-retail-direct.amazon.com/x/c/JOZvFQ-OENRpcTbjp2zV5XMAAAGe-Who7QEAAAH2AQBvbm9fdHhuX2JpZDQgICBvbm9fdHhuX2ltcDEgICBYv1Tw/clv1c_ek-IBPHXKrTWnuOrE7vOusHhpEAzKhm3kqM6QAmql17WSdtIF22CiKFNke4LusWIRlP5kAk4DxMTQ252yf8DMOAs7yp0Iv-2awVHS9joHtRXjyZzwgsDvm3ktrm1J35UU4pluw8OhvanuPZQOQJuehPbrYW8FlT4osriL-eLbIUaVCc1MtVEnhPElkPV1jLaUV4g6Fph_9fpVi_9okr0sfgTLxeXrAqOxsnVhUF6Vf0RCkkPB-mAy8FogCwzegz4rvnXe3ZU0Lq1QhZzkOehqtJeIHjpblBpLMdENSH5su0rzKAjEAo1435mpgKuyzoWd65E91vvfRykaAUEfWNVOhWCBvMpWtMUAaIL-tfUXoaTWF2FEJBZDnTLyYFql8IKIIggSN8wQXpSCLeXUQNvb84BEmBMFoWvd_H__66OoKdUN_mWOAl4lpkC54--21_BU2ZJpmIpQp0hL_bg3XFyBym2zfHYz_iMakRaAz_AJQZTebWlppfT5hXdJTvka7zmGi-rALDn93nvpxA6RUE9jo3HL3lY802h37bqAe7AumbBXSUEzSyquNIyb-q9MFsozEDzBQ7zpDja2lA87DOK-Em8KhrK4xDgf7rir7iMR7nhme5t1Cb5FcWtNTclxR5aan_foZkP_JxFFjEP3NI047_YzrhuSkPwl-SlEhBy9EvK--jLVSKhAN_zPYgvZ7wBZAs4muOzcMTnK-fNwt4eExqoiRNC03mSuvxobgYQ-yi1OzJ3_bQnTQoXyGx4GfajdAkjfHIhgSvpWqcmk561uIuB_sTzBk0TR2coIGO7L9hd5aFmFWql6ExxQwotfTcwSrcnsAagLn-luaCpTD41gGJYdrKnwipUFfi_SlUxAcZWnlNZuxeIvPRxPLd2PBzGJPAYJ4tEiRRWl9OOoiYN5cBbpxciEDYOwey7OagzP6RV97RtJ6NLqK3WIEwMj2Uoi-OEGTh0nfW74us8XeVpeSGDq08VU4pityqI3RRqNEue6dtYu2paH1oX2pdM1bulfelh_4rtc2L3hDHqxRvJB7yYf0Dc2PxdQbLLYYTAtME8QtZZ8KccJX1indQ2mJcaOKNhSLfxhXppzrRopu49vsIoPFMU3sBWOO4apa10-K9YfPbS3DWym7g0l4N9D9X8OKG_3jQ7DYnblGVAgbN2EHyKsJG5byYR2o7b0_4hIUkKwOUaUvbCz9-NJlzX07as4yokg8-IqVYBffTFI2PtwUNSPX2ojHioVazusmdyVnRAdkMT1tdnvc2XIZ6BhFgD5_81FdZ1w-s_u6eIJ8JCNgGRwb-WtONasz_OSBWvDzLQxbXWwCVZshZp2aSaMpx8N1xcfnGrNfETCNwt1XaJnt_5G80NaFc2OIZ_ZtTfHMKuTLp-sFmn9igpEiPCr396wuZ25zIhmOIPQW3--6A78nc_P7POZ_QJwXAygx1HCPXFR8BarFpeXL8bPLviKbBdMwtDY9qO5W3255VeBuzODefZBkO5VowBLXEPlPl7rr9-pTZ59aMrqx3y2rV90MvZXBe7_f2Y15O4yowvIWDdF637aVHjslIhTUMxP_eSQf36hUymTKQ4h1itCPqMj0LL8puv3rRUNvnCdizJ0N2twJ1nL5NGy5i1QISM5INXQ3c7jHC_p3h0dCBuqgH4XhM85emHscrIKLROMA/https://www.amazon.com/gp/aw/d/B0CDCNTQVF/?_encoding=UTF8&pd_rd_plhdr=t&aaxitk=81ced092aab88a54df06768c1c8263cc&hsa_cr_id=0&qid=1782300829&sr=1-4-f02f01d6-adaf-4bef-9a7c-29308eff9043&ref_=sbx__sbtcd2_asin_3_bkgd&pd_rd_w=7jffp&content-id=amzn1.sym.5159d9cb-0665-4a83-8f64-8881eaba312a%3Aamzn1.sym.5159d9cb-0665-4a83-8f64-8881eaba312a&pf_rd_p=5159d9cb-0665-4a83-8f64-8881eaba312a&pf_rd_r=HJ1FSR3RACJ249YR25ME&pd_rd_wg=iESA6&pd_rd_r=f2729c38-6cfe-4d2b-bd67-0be93b5017fa,"https://m.media-amazon.com/images/I/51h4ivJviRL._AC_SR322,134_CB1169409_QL70_.jpg",52,排名进入前30；价格处于人民币等值¥180.00-¥288.00区间；评分达到4.3以上。
2026-06-24,amazon_us,product,search,women slides,12,CUSHIONAIRE,¥184.54,4.4,CUSHIONAIRE,,,,,,https://www.amazon.com/CUSHIONAIRE-Double-Adjustable-Buckle-Shower/dp/B09CK8CYPC/ref=sr_1_7?dib=eyJ2IjoiMSJ9.wrqHnvIFpzxZDCy1gVq3fwKhCwBY2_ePNO7BevS9Sku17V2by2FDRXv55K6EhduSwiTg3cs9giW2UwaVQmTyh2SVT8gNqZz0NGAnaUTtbUjRDGSdejMWxI81FVashbfotXUdvn9P8FPvWtZuhqMIAgxjA2aYIUac6hqvcB-3XLshdBKJr1CY5ZBXtQJD6EfjAYtThxeGRfQtRGsyJS6qLrTOoIY2EbijkgldPZUZl52g4JiVDsuCPEPMC4FIWqoAIGRIF09wdLWCclEGKXgm0dCSKQUODYNn1l1Pk_B8sBQ.7WwOpPUzEqICkPqGLFg3MsIZ2rF4uGzOJaHfYTZXML0&dib_tag=se&keywords=women+slides&qid=1782300830&sr=8-7,https://m.media-amazon.com/images/I/81UVyCi7FzL._AC_UL320_.jpg,52,排名进入前30；价格处于人民币等值¥180.00-¥288.00区间；评分达到4.3以上。
2026-06-24,amazon_us,product,search,women slides,22,LongBay Women's Warm Chenille Knit Bootie Slippers Memory Foam Comfy Suede Fluffy Faux Fur Boots House Shoes LongBay Women's Warm Chenille Knit Bootie Slippers Memory Foam Comfy Suede Fluffy Faux Fur Boots House…,¥187.13,4.4,4.4,,,,,,https://aax-us-east-retail-direct.amazon.com/x/c/JFVLERayuLPyi06TeSKGWuIAAAGe-WhsywEAAAH2AQBvbm9fdHhuX2JpZDMgICBvbm9fdHhuX2ltcDEgICAxxoby/clv1c_ek-wBHX2ZcTeBq-7UQNOSIh9W3snFKlykLSwNt3TYrwJ_v7Rdqzz-cIuA1cvx83ItcqM8iGMByQYLEBx-k6uHE3jshwaHLCZHFfafef278MYaXlzSCjhO8zoovqnEVdHno7CgVZISsMYQ_cLnF90E1DaoeEMFiRKksrt93MKDIcIlYA03wPsqOEgNkHAvN6X6t3nbitIERrSUegtN00HZg_OHEYhWotX-Yoj6uujCskw65Yre_HY6XOWm_G7UWxa3m6UemPxjOdYUkeiiF-cfaTrZ4IQT8tDIztHWqrS-SgCy1RX1D1tkhbIV6__Ll955TM3bNtRAJynKSe4nlUV_HtGAGKDU3p4q1oomyeZLGCa5Wb1YaDobK9a4wCy-p6RxNXJhsltB4Sxlv4BNYDoJHTfuyPA2c10q_JW6joDuQqH7Oc9F925d9u68jY3lFD7-nYzt6qVjU8c8o9mNd9GYBmt3kADImwaja-s_CcwygZge3T4SCdBjML6GHXm_Oz5KMAvil6Ktw6vJO645Vf-Zs-b0trGqWrvNjUKJeDvnvPt_EgQQ-eJqmsT5BIaIGrolt5mZ2eHhxrxAwvJy5wnq68swdKndtZdWjvee-7HTilocwFVvDpjO1bSBSdgdQGi4CX9e-X0SBGgW9Uj_CC1QjG1gPN3wVp9ntsanzGhvG9ja3ZV_GnYa0iupB4HZShDj5tKBriXEdX3_IDY-FCMmJzb8L9hGJCPoQ6GTTwEWcAjqjfhZOU-s-qOBtZNHMGa8qEVuX_98BW-VuigZnpECp90tgXLTkExGtV4IdV0UcBpAgcHTNHwzd_slZBVJ_VM-ld9B_WJuz0w4kktPmhRqQkWJSTmkSMJf2LxAIftUjzL4P85Z3do4bj31EYDESDEt4y-910jeSxRSr9vhYKtZu-PYJprpQo0IPeOMN1QcD36VCiB3LbSV1X7U8h8FZRlk1UAPfOVjqDOqGOgiJQ3OAqtdEKbprI0XgknFBHtyIZ_SBUqafeZb55n4aE9JZl0jsn5t1JtQ2ngn5yPzDiyaPYxKt1kwnlqYfoJ_ZxkVy5e3eD9eOjbM50GA4vTjROpNag1XPQ_FqdBdDBZnywIHq88hyCxcWGzqllKHU09X7FDTjZq7ADFn17uIHrHUERe23s3fKPmrvuaeiQv8Dh7sh1VwarAq_yK5oOFo7ldjUpZeHLdByfJN0TAi-ebZ0LkjAOCvGQh3JhmAPoI6NlMqEI4tr9XgOM5ZcTz4JitPRp3-nRid8m0wey_1-Tf--t6pgDe5InAF941LQqFWG_U7laucXIgUys7Xi7m5RiXHdM8-FvaVQbV2pggT6rM22EzoE7faOMLy4TTWmvfsg78wGU1zu-fobwR2TZEf3OHK_2tXMNlNL-EUh-D4xCm7z6ycnlV-Hpgm6BEpJuyLVhgEPq8AQA1pm1mTEx3SeoIRzNIKF6QDS-ytmcrJ6eZDuBBIrYordGnJIXcB3uwB0XkXmHYdQnvh1fTr_FzPX76gxU-zzZr9PSHytcFi04D6JSuQ407sK_MwvCio4WTIksIOX3T4CT558ONp36Q2r4A92XaoDNI9TWyF7XjlcUkVz5EbLdmC1CJJnvK4nTTxfnfYQHZEtN0XI0_s8gf6YbQr0MVv1GeoddIfYLk3CMBoCiW6It2cjZ-Fi2OgqrlsZJ6vpHC__-ItxwQDZ78YVrWFLA/https://www.amazon.com/gp/aw/d/B08C7N5XDZ/?_encoding=UTF8&pd_rd_plhdr=t&aaxitk=0e5a8701e1487d4e6bcc079ea3d9a361&hsa_cr_id=0&qid=1782300830&sr=1-9-f02f01d6-adaf-4bef-9a7c-29308eff9043&ref_=sbx__sbtcd2_asin_8_bkgd&pd_rd_w=b0R2p&content-id=amzn1.sym.5159d9cb-0665-4a83-8f64-8881eaba312a%3Aamzn1.sym.5159d9cb-0665-4a83-8f64-8881eaba312a&pf_rd_p=5159d9cb-0665-4a83-8f64-8881eaba312a&pf_rd_r=ZMXM83JGQEN1A86STG33&pd_rd_wg=cPFSR&pd_rd_r=45c5e1ad-7497-4ef9-97b7-7dd0f333f81e,"https://m.media-amazon.com/images/I/71EhQyapGRL._AC_SR322,134_CB1169409_QL70_.jpg",52,排名进入前30；价格处于人民币等值¥180.00-¥288.00区间；评分达到4.3以上。
2026-06-24,amazon_us,product,search,platform sandals women,14,DREAM PAIRS,¥184.61,4.3,DREAM PAIRS,,,,,,https://www.amazon.com/sspa/click?ie=UTF8&spc=MTo3NjkyMTQxMzQ2MzI0NTE0OjE3ODIzMDA4MzA6c3Bfc2VhcmNoX3RoZW1hdGljOjIwMDAyNTM5MDU0ODg5ODo6MDo6&url=%2FDREAM-PAIRS-Elastic-Flatform-Platform%2Fdp%2FB0813BYLNG%2Fref%3Dsxin_19_pa_sp_search_thematic_sspa%3Fcontent-id%3Damzn1.sym.71e21d01-9c92-451d-b99d-ee0a33f40110%253Aamzn1.sym.71e21d01-9c92-451d-b99d-ee0a33f40110%26cv_ct_cx%3Dplatform%2Bsandals%2Bwomen%26keywords%3Dplatform%2Bsandals%2Bwomen%26pd_rd_i%3DB0813BYLNG%26pd_rd_r%3Df3775e85-b9de-43de-af41-994a7271798d%26pd_rd_w%3DFzCkH%26pd_rd_wg%3DpA4WV%26pf_rd_p%3D71e21d01-9c92-451d-b99d-ee0a33f40110%26pf_rd_r%3DSR421RD646YT1TXWCK3M%26qid%3D1782300830%26sbo%3D9ZOMT9Jm0JH%252Ft%252BWi68iDSA%253D%253D%26sr%3D1-1-2c727eeb-987f-452f-86bd-c2978cc9d8b9-spons%26aref%3DQheyIR9bO2%26sp_csd%3Dd2lkZ2V0TmFtZT1zcF9zZWFyY2hfdGhlbWF0aWM%26psc%3D1&aref=QheyIR9bO2,https://m.media-amazon.com/images/I/71x8LyfCctL._AC_UL320_.jpg,52,排名进入前30；价格处于人民币等值¥180.00-¥288.00区间；评分达到4.3以上。
2026-06-24,amazon_us,product,search,platform sandals women,22,DREAM PAIRS,¥247.61,4.5,DREAM PAIRS,,,,,,https://www.amazon.com/DREAM-PAIRS-Adjustable-Lightweight-Waterproof/dp/B0G1RBS19X/ref=sr_1_6?dib=eyJ2IjoiMSJ9.iQXhHnxmXL5QxnS2-eZ6CadWA17848mjPFf4H-xFruXRAcfViz-lq7KJRP1zrsJGLhYq1ph0VZ8jNQMwSKuzSmR7h4T40lITVFp4QP0eNJhfc7jutV4NrMpbWV8AeQQOYbjzUtew3qoyTw6HkLTesAwWnyupcn5No5Tl4J8BvXnFzdGqyiZIbH-S31ln08k0cTrTq1EMMBF_HpFHa07hqB6Tg7XN5rCxqXGG1lpK0jb9QCviJJhNt8Px6uRLrKCSx2oechX8uFTLrVJnIoARJckaVbMmP6dJJyWiwtWOlhI.bFH0Cr9bxPhMBL4A-okQ4yCsSUKNQuGcki0Xi9B-P2g&dib_tag=se&keywords=platform+sandals+women&qid=1782300830&sr=8-6,https://m.media-amazon.com/images/I/61VKPpZxLML._AC_UL320_.jpg,52,排名进入前30；价格处于人民币等值¥180.00-¥288.00区间；评分达到4.3以上。
2026-06-24,amazon_us,product,search,platform sandals women,29,Soda,¥215.93,4.5,Soda,,,,,,https://www.amazon.com/Soda-Buckle-Espadrilles-Flatform-Casual/dp/B0C5S26DHB/ref=sr_1_10?dib=eyJ2IjoiMSJ9.iQXhHnxmXL5QxnS2-eZ6CadWA17848mjPFf4H-xFruXRAcfViz-lq7KJRP1zrsJGLhYq1ph0VZ8jNQMwSKuzSmR7h4T40lITVFp4QP0eNJhfc7jutV4NrMpbWV8AeQQOYbjzUtew3qoyTw6HkLTesAwWnyupcn5No5Tl4J8BvXnFzdGqyiZIbH-S31ln08k0cTrTq1EMMBF_HpFHa07hqB6Tg7XN5rCxqXGG1lpK0jb9QCviJJhNt8Px6uRLrKCSx2oechX8uFTLrVJnIoARJckaVbMmP6dJJyWiwtWOlhI.bFH0Cr9bxPhMBL4A-okQ4yCsSUKNQuGcki0Xi9B-P2g&dib_tag=se&keywords=platform+sandals+women&qid=1782300830&sr=8-10,https://m.media-amazon.com/images/I/71q-Jp+UEkL._AC_UL320_.jpg,52,排名进入前30；价格处于人民币等值¥180.00-¥288.00区间；评分达到4.3以上。
2026-06-24,amazon_us,product,best_sellers,Best Sellers Women Sandals,13,"CUSHIONAIRE Luna Sandals for Women, Cork Footbed Womens Sandals for Summer Comfort with Adjustable Straps, Wide Width Available",,4.5,$33.23,,,,,,https://www.amazon.com/CUSHIONAIRE-Next-Womens-Slide-Sandals-Brown/dp/B073XSLL5P/ref=zg_bs_g_679425011_d_sccl_13/133-7970921-7722602?psc=1,"https://images-na.ssl-images-amazon.com/images/I/81TDeaArVJL._AC_UL600_SR600,400_.jpg",51,排名进入前30；标题包含 comfort、summer，符合美国女鞋舒适化趋势；评分达到4.3以上。
2026-06-24,amazon_us,product,new_releases,New Releases Women Sandals,12,Glamnest Women's Kitten Heel Sandals Square Open Toe Slip On Flip Flop Heels Comfortable 2 Inch Heeled Sandals Thong Party Dress Summer Travel Wedding,,4.4,$25.59,,,,,,https://www.amazon.com/Glamnest-Womens-Kitten-Comfortable-Wedding/dp/B0GLZ4Q81C/ref=zg_bsnr_g_679425011_d_sccl_12/134-4425854-3946053?psc=1,"https://images-na.ssl-images-amazon.com/images/I/61TP1DPnvlL._AC_UL600_SR600,400_.jpg",51,排名进入前30；标题包含 comfort、summer，符合美国女鞋舒适化趋势；评分达到4.3以上。
2026-06-24,amazon_us,product,new_releases,New Releases Women Sandals,14,QIY Women's Flip Flops Flat Sandals Minimalist Knot Design Slip on Slide Sandals Comfortable Non Slip Summer Casual Thong Flats for Beach Vacation,,4.2,$25.99,,,,,,https://www.amazon.com/QIY-Leather-Sandals-Minimalist-Durable/dp/B0GX176XMW/ref=zg_bsnr_g_679425011_d_sccl_14/134-4425854-3946053?psc=1,"https://images-na.ssl-images-amazon.com/images/I/716pVHs663L._AC_UL600_SR600,400_.jpg",51,排名进入前30；标题包含 comfort、beach、summer，符合美国女鞋舒适化趋势；评分达到4.0以上。
2026-06-24,amazon_us,product,new_releases,New Releases Women Sandals,24,UBFEN Womens Flat Sandals Dress Braided T-Strap Thong Sandals with Arch Support Comfortable for Walking,,4.2,$33.99,,,,,,https://www.amazon.com/UBFEN-Sandals-Braided-T-Strap-Comfortable/dp/B0GW46G9N9/ref=zg_bsnr_g_679425011_d_sccl_24/134-4425854-3946053?psc=1,"https://images-na.ssl-images-amazon.com/images/I/814UqhNlwuL._AC_UL600_SR600,400_.jpg",51,排名进入前30；标题包含 comfort、arch support，符合美国女鞋舒适化趋势；评分达到4.0以上。
2026-06-24,amazon_us,product,new_releases,New Releases Women Sandals,17,Rainbow Sandals Women’s Double Layer Flirty Braidy Premier Leather w/Single Braided Strap,,4.8,$90.00,,,,,,https://www.amazon.com/Rainbow-Sandals-Premier-Leather-Braided/dp/B0GZR7WY7F/ref=zg_bsnr_g_679425011_d_sccl_17/134-4425854-3946053?psc=1,"https://images-na.ssl-images-amazon.com/images/I/71cAVMcF91L._AC_UL600_SR600,400_.jpg",50,排名进入前30；评论数达到50以上；评分达到4.6以上。
2026-06-24,amazon_us,product,new_releases,New Releases Women Sandals,37,Project Cloud Platform Sandals Women - Memory Foam Insole Slides Women with Adjustable Buckle - Non Slip and Lightweight Womens Sandals 2026 (Havana),,4.0,$43.92,,,,,,https://www.amazon.com/Project-Cloud-Genuine-Leather-Platform/dp/B0G217L1W3/ref=zg_bsnr_g_679425011_d_sccl_37/133-7970921-7722602?psc=1,"https://images-na.ssl-images-amazon.com/images/I/81+-nFNBI2L._AC_UL300_SR300,200_.jpg",50,排名进入前50；标题包含 cloud、platform，符合美国女鞋舒适化趋势；cloud + slides组合趋势加分；评分达到4.0以上。
2026-06-24,amazon_us,product,new_releases,New Releases Women Sandals,3,"CUSHIONAIRE Vita Jelly Sandals for Women, Casual Lightweight Womens Strappy Sandals with Adjustable Buckle Strap and Gold Hardware Accent",,4.0,$37.98,,,,,,https://www.amazon.com/CUSHIONAIRE-Sandals-Lightweight-Adjustable-Hardware/dp/B0H1Y94T1T/ref=zg_bsnr_g_679425011_d_sccl_3/134-4425854-3946053?psc=1,"https://images-na.ssl-images-amazon.com/images/I/81Uy6Bt6XaL._AC_UL600_SR600,400_.jpg",49,排名靠前；评分达到4.0以上。
2026-06-24,amazon_us,product,search,platform sandals women,24,EQAUDES,¥209.59,4.2,EQAUDES,,,,,,https://www.amazon.com/EQAUDES-Platform-Espadrille-Sandals-Flatform/dp/B0C6XLWPN9/ref=sr_1_8?dib=eyJ2IjoiMSJ9.iQXhHnxmXL5QxnS2-eZ6CadWA17848mjPFf4H-xFruXRAcfViz-lq7KJRP1zrsJGLhYq1ph0VZ8jNQMwSKuzSmR7h4T40lITVFp4QP0eNJhfc7jutV4NrMpbWV8AeQQOYbjzUtew3qoyTw6HkLTesAwWnyupcn5No5Tl4J8BvXnFzdGqyiZIbH-S31ln08k0cTrTq1EMMBF_HpFHa07hqB6Tg7XN5rCxqXGG1lpK0jb9QCviJJhNt8Px6uRLrKCSx2oechX8uFTLrVJnIoARJckaVbMmP6dJJyWiwtWOlhI.bFH0Cr9bxPhMBL4A-okQ4yCsSUKNQuGcki0Xi9B-P2g&dib_tag=se&keywords=platform+sandals+women&qid=1782300830&sr=8-8,https://m.media-amazon.com/images/I/81juIfWU4pL._AC_UL320_.jpg,49,排名进入前30；价格处于人民币等值¥180.00-¥288.00区间；评分达到4.0以上。
2026-06-24,amazon_us,product,new_releases,New Releases Women Sandals,15,"CUSHIONAIRE Mezzo Clear Strap Kitten Heels for Women, Square Toe Flip Flop Sandal Heels with Memory Foam Comfort",,4.4,$47.48,,,,,,https://www.amazon.com/CUSHIONAIRE-Kitten-Square-Sandal-Comfort/dp/B0GZJ1JQKJ/ref=zg_bsnr_g_679425011_d_sccl_15/134-4425854-3946053?psc=1,"https://images-na.ssl-images-amazon.com/images/I/713Q6uXZZqL._AC_UL600_SR600,400_.jpg",48,排名进入前30；标题包含 comfort，符合美国女鞋舒适化趋势；评分达到4.3以上。
2026-06-24,amazon_us,product,search,platform sandals women,17,Crocs,¥296.93,4.6,Crocs,,,,,,https://www.amazon.com/sspa/click?ie=UTF8&spc=MTo3NjkyMTQxMzQ2MzI0NTE0OjE3ODIzMDA4MzA6c3Bfc2VhcmNoX3RoZW1hdGljOjMwMTE4OTc5NDQxNTEwMjo6Mzo6&url=%2FCrocs-Brooklyn-Wedge-Black-Mushroom%2Fdp%2FB07TWSFGG8%2Fref%3Dsxin_19_pa_sp_search_thematic_sspa%3Fcontent-id%3Damzn1.sym.71e21d01-9c92-451d-b99d-ee0a33f40110%253Aamzn1.sym.71e21d01-9c92-451d-b99d-ee0a33f40110%26cv_ct_cx%3Dplatform%2Bsandals%2Bwomen%26keywords%3Dplatform%2Bsandals%2Bwomen%26pd_rd_i%3DB07TWSFGG8%26pd_rd_r%3Df3775e85-b9de-43de-af41-994a7271798d%26pd_rd_w%3DFzCkH%26pd_rd_wg%3DpA4WV%26pf_rd_p%3D71e21d01-9c92-451d-b99d-ee0a33f40110%26pf_rd_r%3DSR421RD646YT1TXWCK3M%26qid%3D1782300830%26sbo%3DRZvfv%252F%252FHxDF%252BO5021pAnSA%253D%253D%26sr%3D1-4-2c727eeb-987f-452f-86bd-c2978cc9d8b9-spons%26aref%3DG76ifoROL9%26sp_csd%3Dd2lkZ2V0TmFtZT1zcF9zZWFyY2hfdGhlbWF0aWM%26psc%3D1&aref=G76ifoROL9,https://m.media-amazon.com/images/I/71D2KB3YtYL._AC_UL320_.jpg,48,排名进入前30；价格高于人民币等值¥288.00；评分达到4.6以上。
2026-06-24,amazon_us,product,search,platform sandals women,30,Crocs,¥395.64,4.6,Crocs,,,,,,https://www.amazon.com/Crocs-Brooklyn-Platform-Sandals-Mushroom/dp/B0C53VD944/ref=sr_1_11?dib=eyJ2IjoiMSJ9.iQXhHnxmXL5QxnS2-eZ6CadWA17848mjPFf4H-xFruXRAcfViz-lq7KJRP1zrsJGLhYq1ph0VZ8jNQMwSKuzSmR7h4T40lITVFp4QP0eNJhfc7jutV4NrMpbWV8AeQQOYbjzUtew3qoyTw6HkLTesAwWnyupcn5No5Tl4J8BvXnFzdGqyiZIbH-S31ln08k0cTrTq1EMMBF_HpFHa07hqB6Tg7XN5rCxqXGG1lpK0jb9QCviJJhNt8Px6uRLrKCSx2oechX8uFTLrVJnIoARJckaVbMmP6dJJyWiwtWOlhI.bFH0Cr9bxPhMBL4A-okQ4yCsSUKNQuGcki0Xi9B-P2g&dib_tag=se&keywords=platform+sandals+women&qid=1782300830&sr=8-11,https://m.media-amazon.com/images/I/71CwJiZoybL._AC_UL320_.jpg,48,排名进入前30；价格高于人民币等值¥288.00；评分达到4.6以上。
2026-06-24,amazon_us,product,new_releases,New Releases Women Sandals,31,"Littleplum Women's Slides Sandals with Arch Support - Soft Cushion Platform Wedge Sandals with Adjustable Buckle for Indoor/Outdoor, Lightweight Walking Beach Resort Slippers",,4.5,$39.99,,,,,,https://www.amazon.com/Littleplum-Womens-Slides-Sandals-Support/dp/B0GTSNK8RC/ref=zg_bsnr_g_679425011_d_sccl_31/133-7970921-7722602?psc=1,"https://images-na.ssl-images-amazon.com/images/I/81Whyd-urfL._AC_UL300_SR300,200_.jpg",47,排名进入前50；标题包含 platform、arch support、soft、beach、wedge，符合美国女鞋舒适化趋势；评分达到4.3以上。
2026-06-24,amazon_us,product,new_releases,New Releases Women Sandals,19,"CUSHIONAIRE Flora Platform Espadrilles for Women, Dressy Wedge Closed Toe Sandals with Ankle Strap and Cushioned Footbed",,3.9,$47.48,,,,,,https://www.amazon.com/CUSHIONAIRE-Platform-Espadrilles-Sandals-Cushioned/dp/B0GXHXVFKP/ref=zg_bsnr_g_679425011_d_sccl_19/134-4425854-3946053?psc=1,"https://images-na.ssl-images-amazon.com/images/I/81lROjN+zUL._AC_UL600_SR600,400_.jpg",46,排名进入前30；标题包含 platform、wedge，符合美国女鞋舒适化趋势。
2026-06-24,amazon_us,product,best_sellers,Best Sellers Women Sandals,11,Clarks womens Breeze Sea,,4.7,$26.12,,,,,,https://www.amazon.com/Clarks-Womens-Breeze-Flip-Synthetic/dp/B01FH9EJCI/ref=zg_bs_g_679425011_d_sccl_11/133-7970921-7722602?psc=1,"https://images-na.ssl-images-amazon.com/images/I/61CUHH0LXiL._AC_UL600_SR600,400_.jpg",45,排名进入前30；评分达到4.6以上。
2026-06-24,amazon_us,product,best_sellers,Best Sellers Women Sandals,15,Weweya Slides for Women and Men - Bathroom Shower Shoes - Non Slip House Slippers - Lightweight Beach Sandals,,4.4,$9.99,,,,,,https://www.amazon.com/Weweya-Shower-Bathroom-Slippers-Sandals/dp/B0F1XJ9TM4/ref=zg_bs_g_679425011_d_sccl_15/133-7970921-7722602?psc=1,"https://images-na.ssl-images-amazon.com/images/I/718rk3GaK+L._AC_UL600_SR600,400_.jpg",45,排名进入前30；标题包含 beach，符合美国女鞋舒适化趋势；评分达到4.3以上。
2026-06-24,amazon_us,product,best_sellers,Best Sellers Women Sandals,16,shevalues Slim Flip Flops for Women Beach Rubber Shower Shoes Basic Thong Sandals,,4.4,$8.11,,,,,,https://www.amazon.com/shevalues-Shower-Rubber-Sandals-Comfortable/dp/B0B68G2D52/ref=zg_bs_g_679425011_d_sccl_16/133-7970921-7722602?psc=1,"https://images-na.ssl-images-amazon.com/images/I/61X4Xy4XRFL._AC_UL600_SR600,400_.jpg",45,排名进入前30；标题包含 beach，符合美国女鞋舒适化趋势；评分达到4.3以上。
2026-06-24,amazon_us,product,best_sellers,Best Sellers Women Sandals,34,ONCAI Women's Flip Flops Comfortable Arch Support Yoga Mat Summer Beach Walking Thong Cushion Sandals Ladies Outdoor Vacation Essentials Slide Shoes Rubber Soles US Size 5-11,,4.3,$13.28,,,,,,https://www.amazon.com/ONCAI-Support-Athletic-Orthotic-Fasciitis/dp/B0D2292JM9/ref=zg_bs_g_679425011_d_sccl_34/133-7970921-7722602?psc=1,"https://images-na.ssl-images-amazon.com/images/I/71iVIX1IyIL._AC_UL300_SR300,200_.jpg",45,排名进入前50；标题包含 comfort、arch support、beach、summer，符合美国女鞋舒适化趋势；评分达到4.3以上。
2026-06-24,amazon_us,product,best_sellers,Best Sellers Women Sandals,39,Project Cloud 100% Genuine Leather Sandals for Women 2026 - Fashion Flat Womens Sandals with Memory Foam Insole Slides Sandals Women Footwear - Mules Women's Sandals (Jannel),,4.3,$39.90,,,,,,https://www.amazon.com/Project-Cloud-Fashion-Sandals-Women/dp/B0CQ716Z3L/ref=zg_bs_g_679425011_d_sccl_39/133-7970921-7722602?psc=1,"https://images-na.ssl-images-amazon.com/images/I/71WxLxLw-rL._AC_UL300_SR300,200_.jpg",45,排名进入前50；标题包含 cloud，符合美国女鞋舒适化趋势；cloud + slides组合趋势加分；评分达到4.3以上。
2026-06-24,amazon_us,product,best_sellers,Best Sellers Women Sandals,43,Project Cloud 100% Genuine Leather Sandals Women Dressy Beach Essentials Slides for Women Footwear - Lightweight with Memory Foam Insole Sandals for Women 2026 - Womens Slides,,4.1,$29.90,,,,,,https://www.amazon.com/Project-Cloud-Genuine-Leather-Essentials/dp/B0CP4K9S8T/ref=zg_bs_g_679425011_d_sccl_43/133-7970921-7722602?psc=1,"https://images-na.ssl-images-amazon.com/images/I/813h1QBU5fL._AC_UL300_SR300,200_.jpg",45,排名进入前50；标题包含 cloud、beach，符合美国女鞋舒适化趋势；cloud + slides组合趋势加分；评分达到4.0以上。
2026-06-24,amazon_us,product,search,women summer slippers,46,Havaianas,¥151.20,4.6,Havaianas,,,,,,https://www.amazon.com/Havaianas-Womens-Tiras-Flip-Sandal/dp/B01M1DKMHP/ref=sr_1_37?dib=eyJ2IjoiMSJ9.HELZ__VSeLI5Ljj_JV3dSWomlzIOtkt-PkeC4-IYbBFsS3paRO83YBB0NRglNxKcyMu7flzyoKIzAb8UzP0a10ijUUhKgrXKg1Kg2EiF7U2LApoU9OXbwY619f6-RHLOp0BzpHgzmah9iBGVhflCMeLOMdx2XLSFStuJPHYX_Hbyoj1VY1XY4fZFaJV0_EO2IezAL71k7cg0cnWjneCVZFM-r7BdZqFKNx5qyRx8QHFpSALbBKoBlqw6Ea8sbQcvb9ppSuBgwO-COe9ubfDsTIHS4EvxKXra-wXmBhTKdZs.EXd4cVtODX8Tlspu2iMSg-ADP2rB5BOios6XaVDQY38&dib_tag=se&keywords=women+summer+slippers&qid=1782300829&sr=8-37,https://m.media-amazon.com/images/I/71ThzhH3tTL._AC_UL320_.jpg,45,排名进入前50；价格处于人民币等值¥57.60-¥180.00黄金区间；评分达到4.6以上。
2026-06-24,amazon_us,product,search,women slides,1,4.3,,,4.3,,,,,,https://aax-us-east-retail-direct.amazon.com/x/c/JLMbqz728bdxS0fpqVu199kAAAGe-Whs-AEAAAH2AQBvbm9fdHhuX2JpZDEgICBvbm9fdHhuX2ltcDIgICA14F2N/clv1c_ek-wBYHXFcbWDn2nI7fIOog9-xwdaLjK044YiHTqu8G-RTv_SNahVlfb0874Bmif3uJ2igIRlkUaEyQtDr_vaCKvVBv_2nUbmEtljBFqzYouqNXb-08hOX_K7nm1InSstnzXsxl7W1tDkt7ons5qyYJPING09hXrnIx1yya8XG5f2m0OpOLPv5oYCCApuRrY4hGrHR7W34fA3v6RrRxAkjApsXUfpOwcrDLFDoG7jgucpLtHDjRTavsxeR1t2Buzpmv0xBFXMXVNL8pAAypUcWyLeALs8ipOKjDf64N7fWR8aKw9rYLjnjL6InJdHAYeIspyDWmuhzvDaepmgB8RrHFzcHzdVrs3gXYHPPbf_LPxaYEHIF8EHvYSGVR4R49GDiTXL8pt9K6GeYTnzor5MBsdhM27yed9sWzdpKxu2a-L2_Ho-ND_VAX42w4wotET7Cht43k8ODfMe_0Nh4kp-4_mpQyKSmiOt7Qsl4J5LzM2JZpdL2Z9n5hZ_VpbgRYfHrwU91oF8Ozm-F_M26BZqmZFdVzwF-2A2wpB-hdMshbzLsB4yq6gcC9tGkrqKU7Cq4dxz_hlgM7e3qwwyh9qVqAA-CJQuc8nnO_VSxNhQpmz9ufxtUocbFzUBb5KKu56YRSwb9xYzDgij-QqDsyz6oBhE8EIR5xwvXy9UY2S0kruEopfMAKMYMu5n5d-chDbpWl4Gw7giyArK3UHDvn9gILvnoPX32PSNTc5ZAI4HWBdjSy7tiuI71NFA94dJYoO1wJ9vnC2uq94tWMr7zOiJG2Rr9LqQs1IIKoQeZgyzI4Vch1eOYY53D9vI1u6ixXRd3LjaN6jjxsAUzlXc-IwEuL5iZadUQD248wxrL2LV95JuFvWg4MwWStTIYLBSlOLGzzuLVcClSCsZo-C-Mm1-Jb_Vu7bxdkMC-owD6Wdn72rW8jPAeZC-rU3Fg62XPTHNcUyFZPhkwMUVbZcpI1SNnx37SfeVuxhbycmE1MNmpOYJWHshCLlbCP4W-qXbSehut2PqJsamYeR8-rPJ4zaNa5uub4wJPKVa7vo5-4BtjPteaWIBNTWYfhSYx83zKCow4zeZGIk_9WY5hw4tB9Qw4S8PpsjaKqwN4bMkyeOrrbOY9T2anuTHeSdnun3G8FpIJfu1x835OptDWmDUzYGkEvQBgNP8FvZrnx8C32PlHmJczssoeyFueZ-pxult5abh9QxlgYJQFHH3WA2Et4F341nIoem9dBIAX19xmnQco86Y9G-iuPmSD6JP-gtFU975pYT4ORB3TE7g31MNmqWB7QQjEj6Rjz5M2SInkVL8eRbbcI48d29Z6azuuD5Kxalk8gP-0wnSCAYmHZt-CpuHFO79OZvqvjv-oMrdsMGpPce0bRMsdFMKAf8ZlX9NOzMsIE5gWG7gzBjRyS5Wop02iepicaaAyBRFA2qia0x63HTaX9n77ZMWEKf52BZB6hxPYqsolnkfLanrWifh5Xv71JE0_j1n3i0MxMubgPW9ZZuDsG8FZ9zIk8qcG44j0UcBP-PYb8i7MsiUrmUVRt4HEG1pDLT7cFyp4o/https://www.amazon.com/dp/B09C1QWSL8/?_encoding=UTF8&pd_rd_i=B09C1QWSL8&ref_=sbx_be_s_sparkle_ssd_img&qid=1782300830&pd_rd_w=zgiqc&content-id=amzn1.sym.2fb72bc8-96ef-420d-b08f-c04b69f36507%3Aamzn1.sym.2fb72bc8-96ef-420d-b08f-c04b69f36507&pf_rd_p=2fb72bc8-96ef-420d-b08f-c04b69f36507&pf_rd_r=ZMXM83JGQEN1A86STG33&pd_rd_wg=hFaEI&pd_rd_r=0448716f-871f-44e3-a294-b25a026d3679&pd_rd_plhdr=t,"https://m.media-amazon.com/images/I/31zGbEI4DFL._AC_SR250,250_QL65_.jpg",45,排名靠前。
2026-06-24,amazon_us,product,search,platform sandals women,1,4.3,,,4.3,,,,,,https://aax-us-east-retail-direct.amazon.com/x/c/JEcjniOWXL3XuVVfRBu1hssAAAGe-WhtMgEAAAH2AQBvbm9fdHhuX2JpZDMgICBvbm9fdHhuX2ltcDIgICCSCKKA/clv1c_ek-IxYHXErbWDQHEa4szyO7IyTJjqqAr-ZWLaFDqHTKV-lbQGzqh3USQ0th2Hxu1C1U1wIWuV2M5_WRZO2IGy9Io-wLkFtSXX2ckTjln0U8u6BGI8kBC7Mb5699UBjG2FlmbT2J0cRjyp_FxTeeiTNfprbm8l1b8moS759dKzAURYUfFLoIzqm3turAQsdxuZ-jugfdDDBvUPZSUZ8hClyMJP9y_juSWhLTcRBkV7bBDbcu-PjZYFpnfSsZwEGajuKU9kbbXreOj9Vtr1l2N6Ld3Swpvcik-NjB39IR7fabCi28uJa9cZmK7KU5woSggxDDy_sH6vyziDT_Lg2mgj0lRWuXAu5_gDITTrV9LzuOZpTR0B8Q3qsQ8uPBmgL3cF0ZUVSKe2uh-mtmyZnBTeFffumX9WcpyT_ZGDVp4sLjIJ2hciXshTk0CoCP5xywh1X1QXnEnGrk9p4Wu6MD_KsIgBnVkg005ZglVfALsJXkarT_V8neVZqi5kTlGbuGinX7V9fL3pK8KISgfxOvMyrDCJt5SfoLzGI5FkhfKNQL5RpKqXamlnmK_sM2FWG3FNRdL4WrzTuEdeNIRUKKc_8EqwdeBf3AZMpa0JzJw0H_lnr1qnhZnbLL8MhWPxURHMaqJ6ibnmbD0tcMy-pAvNJF_1_WuTesvn3nCcehuNjz7_AUwxSLxjHValyqdr7Xi6D5z2yjLP3or92RLWeoatPZou8abknyKAxEseiaaNTnAiDxUvA0WyzWw4a04CxtyAqJoqW6TpzzwZ1Hrzlv-q6HqIrow0xgavkzfDnODqUKBcbyH6VsM2bfnGiRAnflltNKbS3A5AcL1PE1f1cvn4Z6I8tKe6Akshts3pJDmtaVaX8frN4J3xLnRTqP_srKzzvJf_yqJvWYqbRNGG7sNW-qvfsP-sc3Tn7cUjHyYN2vmxvu6p8HITLqMGRGZ00NTkvMxwac3DtI646EIjdNmvgSu8sAuyeWQYHGFbuUj_AZoCZz3oOUZgHVNNgPVK5-lH64KXjZwhnTr27MkDFNtm7eshDzGFQfxPJo1aAQ1_wDIFFA-lCwb_Z-XXvnNVhOOBAW8or9xawwnw-_Wz3ZeH9Pw0rIZr7DF8e8Ciz5HDq16n_EiPQDDQkxP9OF8U-jRtpmkz_PmBDApyvfA3AXYcssyDXZovVDfMfaT8DK2eZd5pLnQS9jXywnb_WoIFKVt3RtlsLaKCKCN0MSUB6rmRaG3BdTAHvX3rlS2ntzu5Vy7GXImyWOXIWqXZJ4bmhLBNWPSngAemTHTDwbOpo_lHKuI9njkji1o-Rp6_s0AUUZHP-1tQIXc220mByP1bozhLILAxvvUyiqXPuq1JG_jZMI4Y6DTnkXS9zyNk94Ifins5HGJxoS5TgDRz6uM2QDlz8jcJkpslon4Kix5L4a7riKw4ASnrcSEoufm9-0jyUq7sE1k6yMOx835OM1AbD9RGK3zo0Q0i_fyqTn55ZzPtUtV8EwrZs4l6honV9NQZI3cyKHquVO_MFRfYGVUBl6dLTNFswV2c-J2CTh6lCyipxVU0zbBeVWcJn9VUnMspFYdf1SuBjLmNrcwqMTH4Ddl6QJdGghnQLqyf_Q/https://www.amazon.com/dp/B0FTTG2472/?_encoding=UTF8&pd_rd_i=B0FTTG2472&ref_=sbx_be_s_sparkle_ssd_img&qid=1782300830&pd_rd_w=V5CFN&content-id=amzn1.sym.2fb72bc8-96ef-420d-b08f-c04b69f36507%3Aamzn1.sym.2fb72bc8-96ef-420d-b08f-c04b69f36507&pf_rd_p=2fb72bc8-96ef-420d-b08f-c04b69f36507&pf_rd_r=SR421RD646YT1TXWCK3M&pd_rd_wg=VWmBP&pd_rd_r=fc655d44-7213-403d-b49b-684d001aab45&pd_rd_plhdr=t,"https://m.media-amazon.com/images/I/41z5nkXBswL._AC_SR250,250_QL65_.jpg",45,排名靠前。
2026-06-24,amazon_us,product,search,platform sandals women,2,4.3,,,4.3,,,,,,https://aax-us-east-retail-direct.amazon.com/x/c/JEcjniOWXL3XuVVfRBu1hssAAAGe-WhtMgEAAAH2AQBvbm9fdHhuX2JpZDMgICBvbm9fdHhuX2ltcDIgICCSCKKA/clv1c_ek-IxYHXErbWDQHEa4szyO7IyTJjqqAr-ZWLaFDqHTKV-lbQGzqh3USQ0th2Hxu1C1U1wIWuV2M5_WRZO2IGy9Io-wLkFtSXX2ckTjln0U8u6BGI8kBC7Mb5699UBjG2FlmbT2J0cRjyp_FxTeeiTNfprbm8l1b8moS759dKzAURYUfFLoIzqm3turAQsdxuZ-jugfdDDBvUPZSUZ8hClyMJP9y_juSWhLTcRBkV7bBDbcu-PjZYFpnfSsZwEGajuKU9kbbXreOj9Vtr1l2N6Ld3Swpvcik-NjB39IR7fabCi28uJa9cZmK7KU5woSggxDDy_sH6vyziDT_Lg2mgj0lRWuXAu5_gDITTrV9LzuOZpTR0B8Q3qsQ8uPBmgL3cF0ZUVSKe2uh-mtmyZnBTeFffumX9WcpyT_ZGDVp4sLjIJ2hciXshTk0CoCP5xywh1X1QXnEnGrk9p4Wu6MD_KsIgBnVkg005ZglVfALsJXkarT_V8neVZqi5kTlGbuGinX7V9fL3pK8KISgfxOvMyrDCJt5SfoLzGI5FkhfKNQL5RpKqXamlnmK_sM2FWG3FNRdL4WrzTuEdeNIRUKKc_8EqwdeBf3AZMpa0JzJw0H_lnr1qnhZnbLL8MhWPxURHMaqJ6ibnmbD0tcMy-pAvNJF_1_WuTesvn3nCcehuNjz7_AUwxSLxjHValyqdr7Xi6D5z2yjLP3or92RLWeoatPZou8abknyKAxEseiaaNTnAiDxUvA0WyzWw4a04CxtyAqJoqW6TpzzwZ1Hrzlv-q6HqIrow0xgavkzfDnODqUKBcbyH6VsM2bfnGiRAnflltNKbS3A5AcL1PE1f1cvn4Z6I8tKe6Akshts3pJDmtaVaX8frN4J3xLnRTqP_srKzzvJf_yqJvWYqbRNGG7sNW-qvfsP-sc3Tn7cUjHyYN2vmxvu6p8HITLqMGRGZ00NTkvMxwac3DtI646EIjdNmvgSu8sAuyeWQYHGFbuUj_AZoCZz3oOUZgHVNNgPVK5-lH64KXjZwhnTr27MkDFNtm7eshDzGFQfxPJo1aAQ1_wDIFFA-lCwb_Z-XXvnNVhOOBAW8or9xawwnw-_Wz3ZeH9Pw0rIZr7DF8e8Ciz5HDq16n_EiPQDDQkxP9OF8U-jRtpmkz_PmBDApyvfA3AXYcssyDXZovVDfMfaT8DK2eZd5pLnQS9jXywnb_WoIFKVt3RtlsLaKCKCN0MSUB6rmRaG3BdTAHvX3rlS2ntzu5Vy7GXImyWOXIWqXZJ4bmhLBNWPSngAemTHTDwbOpo_lHKuI9njkji1o-Rp6_s0AUUZHP-1tQIXc220mByP1bozhLILAxvvUyiqXPuq1JG_jZMI4Y6DTnkXS9zyNk94Ifins5HGJxoS5TgDRz6uM2QDlz8jcJkpslon4Kix5L4a7riKw4ASnrcSEoufm9-0jyUq7sE1k6yMOx835OM1AbD9RGK3zo0Q0i_fyqTn55ZzPtUtV8EwrZs4l6honV9NQZI3cyKHquVO_MFRfYGVUBl6dLTNFswV2c-J2CTh6lCyipxVU0zbBeVWcJn9VUnMspFYdf1SuBjLmNrcwqMTH4Ddl6QJdGghnQLqyf_Q/https://www.amazon.com/dp/B0GKLHR8KQ/?_encoding=UTF8&pd_rd_i=B0GKLHR8KQ&ref_=sbx_be_s_sparkle_ssd_img&qid=1782300830&pd_rd_w=V5CFN&content-id=amzn1.sym.2fb72bc8-96ef-420d-b08f-c04b69f36507%3Aamzn1.sym.2fb72bc8-96ef-420d-b08f-c04b69f36507&pf_rd_p=2fb72bc8-96ef-420d-b08f-c04b69f36507&pf_rd_r=SR421RD646YT1TXWCK3M&pd_rd_wg=VWmBP&pd_rd_r=fc655d44-7213-403d-b49b-684d001aab45&pd_rd_plhdr=t,"https://m.media-amazon.com/images/I/41HDyol2hqL._AC_SR250,250_QL65_.jpg",45,排名靠前。
2026-06-24,amazon_us,product,search,platform sandals women,3,4.0,,,4.0,,,,,,https://aax-us-east-retail-direct.amazon.com/x/c/JEcjniOWXL3XuVVfRBu1hssAAAGe-WhtMgEAAAH2AQBvbm9fdHhuX2JpZDMgICBvbm9fdHhuX2ltcDIgICCSCKKA/clv1c_ek-IxYHXErbWDQHEa4szyO7IyTJjqqAr-ZWLaFDqHTKV-lbQGzqh3USQ0th2Hxu1C1U1wIWuV2M5_WRZO2IGy9Io-wLkFtSXX2ckTjln0U8u6BGI8kBC7Mb5699UBjG2FlmbT2J0cRjyp_FxTeeiTNfprbm8l1b8moS759dKzAURYUfFLoIzqm3turAQsdxuZ-jugfdDDBvUPZSUZ8hClyMJP9y_juSWhLTcRBkV7bBDbcu-PjZYFpnfSsZwEGajuKU9kbbXreOj9Vtr1l2N6Ld3Swpvcik-NjB39IR7fabCi28uJa9cZmK7KU5woSggxDDy_sH6vyziDT_Lg2mgj0lRWuXAu5_gDITTrV9LzuOZpTR0B8Q3qsQ8uPBmgL3cF0ZUVSKe2uh-mtmyZnBTeFffumX9WcpyT_ZGDVp4sLjIJ2hciXshTk0CoCP5xywh1X1QXnEnGrk9p4Wu6MD_KsIgBnVkg005ZglVfALsJXkarT_V8neVZqi5kTlGbuGinX7V9fL3pK8KISgfxOvMyrDCJt5SfoLzGI5FkhfKNQL5RpKqXamlnmK_sM2FWG3FNRdL4WrzTuEdeNIRUKKc_8EqwdeBf3AZMpa0JzJw0H_lnr1qnhZnbLL8MhWPxURHMaqJ6ibnmbD0tcMy-pAvNJF_1_WuTesvn3nCcehuNjz7_AUwxSLxjHValyqdr7Xi6D5z2yjLP3or92RLWeoatPZou8abknyKAxEseiaaNTnAiDxUvA0WyzWw4a04CxtyAqJoqW6TpzzwZ1Hrzlv-q6HqIrow0xgavkzfDnODqUKBcbyH6VsM2bfnGiRAnflltNKbS3A5AcL1PE1f1cvn4Z6I8tKe6Akshts3pJDmtaVaX8frN4J3xLnRTqP_srKzzvJf_yqJvWYqbRNGG7sNW-qvfsP-sc3Tn7cUjHyYN2vmxvu6p8HITLqMGRGZ00NTkvMxwac3DtI646EIjdNmvgSu8sAuyeWQYHGFbuUj_AZoCZz3oOUZgHVNNgPVK5-lH64KXjZwhnTr27MkDFNtm7eshDzGFQfxPJo1aAQ1_wDIFFA-lCwb_Z-XXvnNVhOOBAW8or9xawwnw-_Wz3ZeH9Pw0rIZr7DF8e8Ciz5HDq16n_EiPQDDQkxP9OF8U-jRtpmkz_PmBDApyvfA3AXYcssyDXZovVDfMfaT8DK2eZd5pLnQS9jXywnb_WoIFKVt3RtlsLaKCKCN0MSUB6rmRaG3BdTAHvX3rlS2ntzu5Vy7GXImyWOXIWqXZJ4bmhLBNWPSngAemTHTDwbOpo_lHKuI9njkji1o-Rp6_s0AUUZHP-1tQIXc220mByP1bozhLILAxvvUyiqXPuq1JG_jZMI4Y6DTnkXS9zyNk94Ifins5HGJxoS5TgDRz6uM2QDlz8jcJkpslon4Kix5L4a7riKw4ASnrcSEoufm9-0jyUq7sE1k6yMOx835OM1AbD9RGK3zo0Q0i_fyqTn55ZzPtUtV8EwrZs4l6honV9NQZI3cyKHquVO_MFRfYGVUBl6dLTNFswV2c-J2CTh6lCyipxVU0zbBeVWcJn9VUnMspFYdf1SuBjLmNrcwqMTH4Ddl6QJdGghnQLqyf_Q/https://www.amazon.com/dp/B0FWTY31LN/?_encoding=UTF8&pd_rd_i=B0FWTY31LN&ref_=sbx_be_s_sparkle_ssd_img&qid=1782300830&pd_rd_w=V5CFN&content-id=amzn1.sym.2fb72bc8-96ef-420d-b08f-c04b69f36507%3Aamzn1.sym.2fb72bc8-96ef-420d-b08f-c04b69f36507&pf_rd_p=2fb72bc8-96ef-420d-b08f-c04b69f36507&pf_rd_r=SR421RD646YT1TXWCK3M&pd_rd_wg=VWmBP&pd_rd_r=fc655d44-7213-403d-b49b-684d001aab45&pd_rd_plhdr=t,"https://m.media-amazon.com/images/I/41ZyCaFXTYL._AC_SR250,250_QL65_.jpg",45,排名靠前。
2026-06-24,amazon_us,product,search,platform sandals women,4,4.3,,,4.3,,,,,,https://aax-us-east-retail-direct.amazon.com/x/c/JEcjniOWXL3XuVVfRBu1hssAAAGe-WhtMgEAAAH2AQBvbm9fdHhuX2JpZDMgICBvbm9fdHhuX2ltcDIgICCSCKKA/clv1c_ek-IxYHXErbWDQHEa4szyO7IyTJjqqAr-ZWLaFDqHTKV-lbQGzqh3USQ0th2Hxu1C1U1wIWuV2M5_WRZO2IGy9Io-wLkFtSXX2ckTjln0U8u6BGI8kBC7Mb5699UBjG2FlmbT2J0cRjyp_FxTeeiTNfprbm8l1b8moS759dKzAURYUfFLoIzqm3turAQsdxuZ-jugfdDDBvUPZSUZ8hClyMJP9y_juSWhLTcRBkV7bBDbcu-PjZYFpnfSsZwEGajuKU9kbbXreOj9Vtr1l2N6Ld3Swpvcik-NjB39IR7fabCi28uJa9cZmK7KU5woSggxDDy_sH6vyziDT_Lg2mgj0lRWuXAu5_gDITTrV9LzuOZpTR0B8Q3qsQ8uPBmgL3cF0ZUVSKe2uh-mtmyZnBTeFffumX9WcpyT_ZGDVp4sLjIJ2hciXshTk0CoCP5xywh1X1QXnEnGrk9p4Wu6MD_KsIgBnVkg005ZglVfALsJXkarT_V8neVZqi5kTlGbuGinX7V9fL3pK8KISgfxOvMyrDCJt5SfoLzGI5FkhfKNQL5RpKqXamlnmK_sM2FWG3FNRdL4WrzTuEdeNIRUKKc_8EqwdeBf3AZMpa0JzJw0H_lnr1qnhZnbLL8MhWPxURHMaqJ6ibnmbD0tcMy-pAvNJF_1_WuTesvn3nCcehuNjz7_AUwxSLxjHValyqdr7Xi6D5z2yjLP3or92RLWeoatPZou8abknyKAxEseiaaNTnAiDxUvA0WyzWw4a04CxtyAqJoqW6TpzzwZ1Hrzlv-q6HqIrow0xgavkzfDnODqUKBcbyH6VsM2bfnGiRAnflltNKbS3A5AcL1PE1f1cvn4Z6I8tKe6Akshts3pJDmtaVaX8frN4J3xLnRTqP_srKzzvJf_yqJvWYqbRNGG7sNW-qvfsP-sc3Tn7cUjHyYN2vmxvu6p8HITLqMGRGZ00NTkvMxwac3DtI646EIjdNmvgSu8sAuyeWQYHGFbuUj_AZoCZz3oOUZgHVNNgPVK5-lH64KXjZwhnTr27MkDFNtm7eshDzGFQfxPJo1aAQ1_wDIFFA-lCwb_Z-XXvnNVhOOBAW8or9xawwnw-_Wz3ZeH9Pw0rIZr7DF8e8Ciz5HDq16n_EiPQDDQkxP9OF8U-jRtpmkz_PmBDApyvfA3AXYcssyDXZovVDfMfaT8DK2eZd5pLnQS9jXywnb_WoIFKVt3RtlsLaKCKCN0MSUB6rmRaG3BdTAHvX3rlS2ntzu5Vy7GXImyWOXIWqXZJ4bmhLBNWPSngAemTHTDwbOpo_lHKuI9njkji1o-Rp6_s0AUUZHP-1tQIXc220mByP1bozhLILAxvvUyiqXPuq1JG_jZMI4Y6DTnkXS9zyNk94Ifins5HGJxoS5TgDRz6uM2QDlz8jcJkpslon4Kix5L4a7riKw4ASnrcSEoufm9-0jyUq7sE1k6yMOx835OM1AbD9RGK3zo0Q0i_fyqTn55ZzPtUtV8EwrZs4l6honV9NQZI3cyKHquVO_MFRfYGVUBl6dLTNFswV2c-J2CTh6lCyipxVU0zbBeVWcJn9VUnMspFYdf1SuBjLmNrcwqMTH4Ddl6QJdGghnQLqyf_Q/https://www.amazon.com/dp/B0FTTG2472/?_encoding=UTF8&pd_rd_i=B0FTTG2472&ref_=sbx_be_s_sparkle_ssd_img&qid=1782300830&pd_rd_w=V5CFN&content-id=amzn1.sym.2fb72bc8-96ef-420d-b08f-c04b69f36507%3Aamzn1.sym.2fb72bc8-96ef-420d-b08f-c04b69f36507&pf_rd_p=2fb72bc8-96ef-420d-b08f-c04b69f36507&pf_rd_r=SR421RD646YT1TXWCK3M&pd_rd_wg=VWmBP&pd_rd_r=fc655d44-7213-403d-b49b-684d001aab45&pd_rd_plhdr=t,"https://m.media-amazon.com/images/I/41z5nkXBswL._AC_SR250,250_QL65_.jpg",45,排名靠前。
2026-06-24,amazon_us,product,search,platform sandals women,5,4.3,,,4.3,,,,,,https://aax-us-east-retail-direct.amazon.com/x/c/JEcjniOWXL3XuVVfRBu1hssAAAGe-WhtMgEAAAH2AQBvbm9fdHhuX2JpZDMgICBvbm9fdHhuX2ltcDIgICCSCKKA/clv1c_ek-IxYHXErbWDQHEa4szyO7IyTJjqqAr-ZWLaFDqHTKV-lbQGzqh3USQ0th2Hxu1C1U1wIWuV2M5_WRZO2IGy9Io-wLkFtSXX2ckTjln0U8u6BGI8kBC7Mb5699UBjG2FlmbT2J0cRjyp_FxTeeiTNfprbm8l1b8moS759dKzAURYUfFLoIzqm3turAQsdxuZ-jugfdDDBvUPZSUZ8hClyMJP9y_juSWhLTcRBkV7bBDbcu-PjZYFpnfSsZwEGajuKU9kbbXreOj9Vtr1l2N6Ld3Swpvcik-NjB39IR7fabCi28uJa9cZmK7KU5woSggxDDy_sH6vyziDT_Lg2mgj0lRWuXAu5_gDITTrV9LzuOZpTR0B8Q3qsQ8uPBmgL3cF0ZUVSKe2uh-mtmyZnBTeFffumX9WcpyT_ZGDVp4sLjIJ2hciXshTk0CoCP5xywh1X1QXnEnGrk9p4Wu6MD_KsIgBnVkg005ZglVfALsJXkarT_V8neVZqi5kTlGbuGinX7V9fL3pK8KISgfxOvMyrDCJt5SfoLzGI5FkhfKNQL5RpKqXamlnmK_sM2FWG3FNRdL4WrzTuEdeNIRUKKc_8EqwdeBf3AZMpa0JzJw0H_lnr1qnhZnbLL8MhWPxURHMaqJ6ibnmbD0tcMy-pAvNJF_1_WuTesvn3nCcehuNjz7_AUwxSLxjHValyqdr7Xi6D5z2yjLP3or92RLWeoatPZou8abknyKAxEseiaaNTnAiDxUvA0WyzWw4a04CxtyAqJoqW6TpzzwZ1Hrzlv-q6HqIrow0xgavkzfDnODqUKBcbyH6VsM2bfnGiRAnflltNKbS3A5AcL1PE1f1cvn4Z6I8tKe6Akshts3pJDmtaVaX8frN4J3xLnRTqP_srKzzvJf_yqJvWYqbRNGG7sNW-qvfsP-sc3Tn7cUjHyYN2vmxvu6p8HITLqMGRGZ00NTkvMxwac3DtI646EIjdNmvgSu8sAuyeWQYHGFbuUj_AZoCZz3oOUZgHVNNgPVK5-lH64KXjZwhnTr27MkDFNtm7eshDzGFQfxPJo1aAQ1_wDIFFA-lCwb_Z-XXvnNVhOOBAW8or9xawwnw-_Wz3ZeH9Pw0rIZr7DF8e8Ciz5HDq16n_EiPQDDQkxP9OF8U-jRtpmkz_PmBDApyvfA3AXYcssyDXZovVDfMfaT8DK2eZd5pLnQS9jXywnb_WoIFKVt3RtlsLaKCKCN0MSUB6rmRaG3BdTAHvX3rlS2ntzu5Vy7GXImyWOXIWqXZJ4bmhLBNWPSngAemTHTDwbOpo_lHKuI9njkji1o-Rp6_s0AUUZHP-1tQIXc220mByP1bozhLILAxvvUyiqXPuq1JG_jZMI4Y6DTnkXS9zyNk94Ifins5HGJxoS5TgDRz6uM2QDlz8jcJkpslon4Kix5L4a7riKw4ASnrcSEoufm9-0jyUq7sE1k6yMOx835OM1AbD9RGK3zo0Q0i_fyqTn55ZzPtUtV8EwrZs4l6honV9NQZI3cyKHquVO_MFRfYGVUBl6dLTNFswV2c-J2CTh6lCyipxVU0zbBeVWcJn9VUnMspFYdf1SuBjLmNrcwqMTH4Ddl6QJdGghnQLqyf_Q/https://www.amazon.com/dp/B0GKLHR8KQ/?_encoding=UTF8&pd_rd_i=B0GKLHR8KQ&ref_=sbx_be_s_sparkle_ssd_img&qid=1782300830&pd_rd_w=V5CFN&content-id=amzn1.sym.2fb72bc8-96ef-420d-b08f-c04b69f36507%3Aamzn1.sym.2fb72bc8-96ef-420d-b08f-c04b69f36507&pf_rd_p=2fb72bc8-96ef-420d-b08f-c04b69f36507&pf_rd_r=SR421RD646YT1TXWCK3M&pd_rd_wg=VWmBP&pd_rd_r=fc655d44-7213-403d-b49b-684d001aab45&pd_rd_plhdr=t,"https://m.media-amazon.com/images/I/41HDyol2hqL._AC_SR250,250_QL65_.jpg",45,排名靠前。
2026-06-24,amazon_us,product,search,platform sandals women,6,4.0,,,4.0,,,,,,https://aax-us-east-retail-direct.amazon.com/x/c/JEcjniOWXL3XuVVfRBu1hssAAAGe-WhtMgEAAAH2AQBvbm9fdHhuX2JpZDMgICBvbm9fdHhuX2ltcDIgICCSCKKA/clv1c_ek-IxYHXErbWDQHEa4szyO7IyTJjqqAr-ZWLaFDqHTKV-lbQGzqh3USQ0th2Hxu1C1U1wIWuV2M5_WRZO2IGy9Io-wLkFtSXX2ckTjln0U8u6BGI8kBC7Mb5699UBjG2FlmbT2J0cRjyp_FxTeeiTNfprbm8l1b8moS759dKzAURYUfFLoIzqm3turAQsdxuZ-jugfdDDBvUPZSUZ8hClyMJP9y_juSWhLTcRBkV7bBDbcu-PjZYFpnfSsZwEGajuKU9kbbXreOj9Vtr1l2N6Ld3Swpvcik-NjB39IR7fabCi28uJa9cZmK7KU5woSggxDDy_sH6vyziDT_Lg2mgj0lRWuXAu5_gDITTrV9LzuOZpTR0B8Q3qsQ8uPBmgL3cF0ZUVSKe2uh-mtmyZnBTeFffumX9WcpyT_ZGDVp4sLjIJ2hciXshTk0CoCP5xywh1X1QXnEnGrk9p4Wu6MD_KsIgBnVkg005ZglVfALsJXkarT_V8neVZqi5kTlGbuGinX7V9fL3pK8KISgfxOvMyrDCJt5SfoLzGI5FkhfKNQL5RpKqXamlnmK_sM2FWG3FNRdL4WrzTuEdeNIRUKKc_8EqwdeBf3AZMpa0JzJw0H_lnr1qnhZnbLL8MhWPxURHMaqJ6ibnmbD0tcMy-pAvNJF_1_WuTesvn3nCcehuNjz7_AUwxSLxjHValyqdr7Xi6D5z2yjLP3or92RLWeoatPZou8abknyKAxEseiaaNTnAiDxUvA0WyzWw4a04CxtyAqJoqW6TpzzwZ1Hrzlv-q6HqIrow0xgavkzfDnODqUKBcbyH6VsM2bfnGiRAnflltNKbS3A5AcL1PE1f1cvn4Z6I8tKe6Akshts3pJDmtaVaX8frN4J3xLnRTqP_srKzzvJf_yqJvWYqbRNGG7sNW-qvfsP-sc3Tn7cUjHyYN2vmxvu6p8HITLqMGRGZ00NTkvMxwac3DtI646EIjdNmvgSu8sAuyeWQYHGFbuUj_AZoCZz3oOUZgHVNNgPVK5-lH64KXjZwhnTr27MkDFNtm7eshDzGFQfxPJo1aAQ1_wDIFFA-lCwb_Z-XXvnNVhOOBAW8or9xawwnw-_Wz3ZeH9Pw0rIZr7DF8e8Ciz5HDq16n_EiPQDDQkxP9OF8U-jRtpmkz_PmBDApyvfA3AXYcssyDXZovVDfMfaT8DK2eZd5pLnQS9jXywnb_WoIFKVt3RtlsLaKCKCN0MSUB6rmRaG3BdTAHvX3rlS2ntzu5Vy7GXImyWOXIWqXZJ4bmhLBNWPSngAemTHTDwbOpo_lHKuI9njkji1o-Rp6_s0AUUZHP-1tQIXc220mByP1bozhLILAxvvUyiqXPuq1JG_jZMI4Y6DTnkXS9zyNk94Ifins5HGJxoS5TgDRz6uM2QDlz8jcJkpslon4Kix5L4a7riKw4ASnrcSEoufm9-0jyUq7sE1k6yMOx835OM1AbD9RGK3zo0Q0i_fyqTn55ZzPtUtV8EwrZs4l6honV9NQZI3cyKHquVO_MFRfYGVUBl6dLTNFswV2c-J2CTh6lCyipxVU0zbBeVWcJn9VUnMspFYdf1SuBjLmNrcwqMTH4Ddl6QJdGghnQLqyf_Q/https://www.amazon.com/dp/B0FWTY31LN/?_encoding=UTF8&pd_rd_i=B0FWTY31LN&ref_=sbx_be_s_sparkle_ssd_img&qid=1782300830&pd_rd_w=V5CFN&content-id=amzn1.sym.2fb72bc8-96ef-420d-b08f-c04b69f36507%3Aamzn1.sym.2fb72bc8-96ef-420d-b08f-c04b69f36507&pf_rd_p=2fb72bc8-96ef-420d-b08f-c04b69f36507&pf_rd_r=SR421RD646YT1TXWCK3M&pd_rd_wg=VWmBP&pd_rd_r=fc655d44-7213-403d-b49b-684d001aab45&pd_rd_plhdr=t,"https://m.media-amazon.com/images/I/41ZyCaFXTYL._AC_SR250,250_QL65_.jpg",45,排名靠前。
2026-06-24,amazon_us,product,search,platform sandals women,19,REEF,¥402.98,4.4,REEF,,,,,,https://www.amazon.com/REEF-Higher-Womens-Platform-Adjustable/dp/B0D9HYMNMN/ref=sr_1_3?dib=eyJ2IjoiMSJ9.iQXhHnxmXL5QxnS2-eZ6CadWA17848mjPFf4H-xFruXRAcfViz-lq7KJRP1zrsJGLhYq1ph0VZ8jNQMwSKuzSmR7h4T40lITVFp4QP0eNJhfc7jutV4NrMpbWV8AeQQOYbjzUtew3qoyTw6HkLTesAwWnyupcn5No5Tl4J8BvXnFzdGqyiZIbH-S31ln08k0cTrTq1EMMBF_HpFHa07hqB6Tg7XN5rCxqXGG1lpK0jb9QCviJJhNt8Px6uRLrKCSx2oechX8uFTLrVJnIoARJckaVbMmP6dJJyWiwtWOlhI.bFH0Cr9bxPhMBL4A-okQ4yCsSUKNQuGcki0Xi9B-P2g&dib_tag=se&keywords=platform+sandals+women&qid=1782300830&sr=8-3,https://m.media-amazon.com/images/I/51WBYuiSZiL._AC_UL320_.jpg,45,排名进入前30；价格高于人民币等值¥288.00；评分达到4.3以上。
2026-06-24,amazon_us,product,best_sellers,Best Sellers Women Sandals,37,KuaiLu Womens Fashion Orthotic Slides Ladies Athletic Yoga Mat Memory Foam Walking Sandals Thick Cushion Recovery Summer Beach Slippers Comfortable Plantar Fasciitis Arch Support,,4.0,$23.99,,,,,,https://www.amazon.com/Orthotic-Lightweight-Athletic-Comfortable-Fasciitis/dp/B092ZT26V3/ref=zg_bs_g_679425011_d_sccl_37/133-7970921-7722602?psc=1,"https://images-na.ssl-images-amazon.com/images/I/71Rxka3CPTL._AC_UL300_SR300,200_.jpg",44,排名进入前50；标题包含 recovery、comfort、arch support、beach、summer，符合美国女鞋舒适化趋势；评分达到4.0以上。
2026-06-24,amazon_us,product,best_sellers,Best Sellers Women Sandals,42,"Reef Cushion Vista Hi Womens Platform Fashion Sandal, Arch Support, Ultra Soft Cushion Footbed",,4.4,$43.21,,,,,,https://www.amazon.com/Reef-Womens-Sandals-Cushion-Platform/dp/B08BG15P4Q/ref=zg_bs_g_679425011_d_sccl_42/133-7970921-7722602?psc=1,"https://images-na.ssl-images-amazon.com/images/I/51X-1tvopoL._AC_UL300_SR300,200_.jpg",44,排名进入前50；标题包含 platform、arch support、soft，符合美国女鞋舒适化趋势；评分达到4.3以上。
2026-06-24,amazon_us,product,new_releases,New Releases Women Sandals,29,CUSHIONAIRE Chica Espadrille Wedge Sandals for Women Slip On Closed Toe Women Shoes with Elastic Straps and Stylish Everyday Comfort,,3.9,$47.48,,,,,,https://www.amazon.com/CUSHIONAIRE-Espadrille-Sandals-Elastic-Everyday/dp/B0GZ8F1YDM/ref=zg_bsnr_g_679425011_d_sccl_29/134-4425854-3946053?psc=1,"https://images-na.ssl-images-amazon.com/images/I/71Uq6m+ImyL._AC_UL600_SR600,400_.jpg",44,排名进入前30；标题包含 comfort、wedge，符合美国女鞋舒适化趋势。
2026-06-24,amazon_us,product,new_releases,New Releases Women Sandals,20,Kitten Heels for Women with Metal Disc Ornament Leather Stiletto Heels Open Toe Adjustable Ankle Strap Slingback High Heels Summer Vintage Dress Dance Shoes,,,$59.99,,,,,,https://www.amazon.com/Ornament-Leather-Stiletto-Adjustable-Slingback/dp/B0H4TV6JPF/ref=zg_bsnr_g_679425011_d_sccl_20/134-4425854-3946053?psc=1,"https://images-na.ssl-images-amazon.com/images/I/61zMpO9KSGL._AC_UL600_SR600,400_.jpg",43,排名进入前30；评论数达到50以上；标题包含 summer，符合美国女鞋舒适化趋势。
2026-06-24,amazon_us,product,best_sellers,Best Sellers Women Sandals,12,Havaianas Women's Slim Square Solid Flip Flops,,4.3,$29.00,,,,,,https://www.amazon.com/Havaianas-Womens-Square-Solid-Medium/dp/B0BBPX6J6F/ref=zg_bs_g_679425011_d_sccl_12/133-7970921-7722602?psc=1,"https://images-na.ssl-images-amazon.com/images/I/519tF5UFGFL._AC_UL600_SR600,400_.jpg",42,排名进入前30；评分达到4.3以上。
2026-06-24,amazon_us,product,best_sellers,Best Sellers Women Sandals,21,Joomra Pillow Slippers for Women and Men Non Slip Quick Drying Shower Slides Bathroom Sandals | Ultra Cushion | Thick Sole,,4.3,$19.32,,,,,,https://www.amazon.com/Joomra-Slippers-Massage-Bathroom-Platform/dp/B09652VJP1/ref=zg_bs_g_679425011_d_sccl_21/133-7970921-7722602?psc=1,"https://images-na.ssl-images-amazon.com/images/I/71pkhgTTRXL._AC_UL600_SR600,400_.jpg",42,排名进入前30；评分达到4.3以上。
2026-06-24,amazon_us,product,best_sellers,Best Sellers Women Sandals,27,Amazon Essentials Women's Thong Sandal,,4.3,$15.80,,,,,,https://www.amazon.com/Amazon-Essentials-Womens-Thong-Sandal/dp/B07FQP8YNW/ref=zg_bs_g_679425011_d_sccl_27/133-7970921-7722602?psc=1,"https://images-na.ssl-images-amazon.com/images/I/61zim4qDNNL._AC_UL600_SR600,400_.jpg",42,排名进入前30；评分达到4.3以上。
2026-06-24,amazon_us,product,best_sellers,Best Sellers Women Sandals,29,Ankis Heels for Women Open Toe Ankle Strap Chunky Heel Sandals 2.75 Inch,,4.4,$25.49,,,,,,https://www.amazon.com/Ankis-Nude-Heels-Women-numeric_8/dp/B094CTB3TY/ref=zg_bs_g_679425011_d_sccl_29/133-7970921-7722602?psc=1,"https://images-na.ssl-images-amazon.com/images/I/71dUhT7TubL._AC_UL600_SR600,400_.jpg",42,排名进入前30；评分达到4.3以上。
2026-06-24,amazon_us,product,new_releases,New Releases Women Sandals,21,iiimmu 3.5 IN Stiletto Mules High Heels with Pointed Peep Toe Heeled Sandals Faux Leather,,4.4,$42.49,,,,,,https://www.amazon.com/iiimmu-Stiletto-Pointed-Heeled-Sandals/dp/B0GXFBYJYL/ref=zg_bsnr_g_679425011_d_sccl_21/134-4425854-3946053?psc=1,"https://images-na.ssl-images-amazon.com/images/I/71uhzjn70LL._AC_UL600_SR600,400_.jpg",42,排名进入前30；评分达到4.3以上。
2026-06-24,amazon_us,product,new_releases,New Releases Women Sandals,32,SUITSER Womens Sport Hiking Sandals Comfortable Walking Sandals Quick-Drying Water Beach Outdoor Summer Shoes with Arch Support & Adjustable Straps,,4.2,$16.49,,,,,,https://www.amazon.com/SUITSER-Sandals-Comfortable-Quick-Drying-Adjustable/dp/B0GVMPL4WK/ref=zg_bsnr_g_679425011_d_sccl_32/133-7970921-7722602?psc=1,"https://images-na.ssl-images-amazon.com/images/I/811sNtzmyIL._AC_UL300_SR300,200_.jpg",42,排名进入前50；标题包含 comfort、arch support、beach、summer，符合美国女鞋舒适化趋势；评分达到4.0以上。
2026-06-24,amazon_us,product,search,women summer slippers,31,Garonne,¥115.13,4.3,Garonne,,,,,,https://www.amazon.com/Garonne-Open-toe-Slippers-Support-Adjustable/dp/B0F21B5LY5/ref=sr_1_22?dib=eyJ2IjoiMSJ9.HELZ__VSeLI5Ljj_JV3dSWomlzIOtkt-PkeC4-IYbBFsS3paRO83YBB0NRglNxKcyMu7flzyoKIzAb8UzP0a10ijUUhKgrXKg1Kg2EiF7U2LApoU9OXbwY619f6-RHLOp0BzpHgzmah9iBGVhflCMeLOMdx2XLSFStuJPHYX_Hbyoj1VY1XY4fZFaJV0_EO2IezAL71k7cg0cnWjneCVZFM-r7BdZqFKNx5qyRx8QHFpSALbBKoBlqw6Ea8sbQcvb9ppSuBgwO-COe9ubfDsTIHS4EvxKXra-wXmBhTKdZs.EXd4cVtODX8Tlspu2iMSg-ADP2rB5BOios6XaVDQY38&dib_tag=se&keywords=women+summer+slippers&qid=1782300829&sr=8-22,https://m.media-amazon.com/images/I/61QD2CewWOL._AC_UL320_.jpg,42,排名进入前50；价格处于人民币等值¥57.60-¥180.00黄金区间；评分达到4.3以上。
2026-06-24,amazon_us,product,search,women summer slippers,33,mazeskin,¥71.93,4.4,mazeskin,,,,,,https://www.amazon.com/mazeskin-Womens-Comfortable-Sandals-Leather/dp/B0F32KMZ18/ref=sr_1_24?dib=eyJ2IjoiMSJ9.HELZ__VSeLI5Ljj_JV3dSWomlzIOtkt-PkeC4-IYbBFsS3paRO83YBB0NRglNxKcyMu7flzyoKIzAb8UzP0a10ijUUhKgrXKg1Kg2EiF7U2LApoU9OXbwY619f6-RHLOp0BzpHgzmah9iBGVhflCMeLOMdx2XLSFStuJPHYX_Hbyoj1VY1XY4fZFaJV0_EO2IezAL71k7cg0cnWjneCVZFM-r7BdZqFKNx5qyRx8QHFpSALbBKoBlqw6Ea8sbQcvb9ppSuBgwO-COe9ubfDsTIHS4EvxKXra-wXmBhTKdZs.EXd4cVtODX8Tlspu2iMSg-ADP2rB5BOios6XaVDQY38&dib_tag=se&keywords=women+summer+slippers&qid=1782300829&sr=8-24,https://m.media-amazon.com/images/I/71jV8GHPNSL._AC_UL320_.jpg,42,排名进入前50；价格处于人民币等值¥57.60-¥180.00黄金区间；评分达到4.3以上。
2026-06-24,amazon_us,product,search,women summer slippers,35,isotoner,¥119.23,4.4,isotoner,,,,,,https://www.amazon.com/isotoner-Ballerina-Slipper-Quilted-Periwinkle/dp/B07W7W26CG/ref=sr_1_26?dib=eyJ2IjoiMSJ9.HELZ__VSeLI5Ljj_JV3dSWomlzIOtkt-PkeC4-IYbBFsS3paRO83YBB0NRglNxKcyMu7flzyoKIzAb8UzP0a10ijUUhKgrXKg1Kg2EiF7U2LApoU9OXbwY619f6-RHLOp0BzpHgzmah9iBGVhflCMeLOMdx2XLSFStuJPHYX_Hbyoj1VY1XY4fZFaJV0_EO2IezAL71k7cg0cnWjneCVZFM-r7BdZqFKNx5qyRx8QHFpSALbBKoBlqw6Ea8sbQcvb9ppSuBgwO-COe9ubfDsTIHS4EvxKXra-wXmBhTKdZs.EXd4cVtODX8Tlspu2iMSg-ADP2rB5BOios6XaVDQY38&dib_tag=se&keywords=women+summer+slippers&qid=1782300829&sr=8-26,https://m.media-amazon.com/images/I/71By5NlPHFL._AC_UL320_.jpg,42,排名进入前50；价格处于人民币等值¥57.60-¥180.00黄金区间；评分达到4.3以上。
2026-06-24,amazon_us,product,search,women summer slippers,36,Scurtain,¥82.01,4.3,Scurtain,,,,,,https://www.amazon.com/Summer-Slippers-Shower-Travel-Rubber/dp/B0CPXMZLHM/ref=sr_1_27?dib=eyJ2IjoiMSJ9.HELZ__VSeLI5Ljj_JV3dSWomlzIOtkt-PkeC4-IYbBFsS3paRO83YBB0NRglNxKcyMu7flzyoKIzAb8UzP0a10ijUUhKgrXKg1Kg2EiF7U2LApoU9OXbwY619f6-RHLOp0BzpHgzmah9iBGVhflCMeLOMdx2XLSFStuJPHYX_Hbyoj1VY1XY4fZFaJV0_EO2IezAL71k7cg0cnWjneCVZFM-r7BdZqFKNx5qyRx8QHFpSALbBKoBlqw6Ea8sbQcvb9ppSuBgwO-COe9ubfDsTIHS4EvxKXra-wXmBhTKdZs.EXd4cVtODX8Tlspu2iMSg-ADP2rB5BOios6XaVDQY38&dib_tag=se&keywords=women+summer+slippers&qid=1782300829&sr=8-27,https://m.media-amazon.com/images/I/81+JWdhjj5L._AC_UL320_.jpg,42,排名进入前50；价格处于人民币等值¥57.60-¥180.00黄金区间；评分达到4.3以上。
2026-06-24,amazon_us,product,search,women summer slippers,39,RockDove,¥121.39,4.4,RockDove,,,,,,https://www.amazon.com/RockDove-Original-Two-Tone-Slipper-Eggplant/dp/B08RMXM2PR/ref=sr_1_30?dib=eyJ2IjoiMSJ9.HELZ__VSeLI5Ljj_JV3dSWomlzIOtkt-PkeC4-IYbBFsS3paRO83YBB0NRglNxKcyMu7flzyoKIzAb8UzP0a10ijUUhKgrXKg1Kg2EiF7U2LApoU9OXbwY619f6-RHLOp0BzpHgzmah9iBGVhflCMeLOMdx2XLSFStuJPHYX_Hbyoj1VY1XY4fZFaJV0_EO2IezAL71k7cg0cnWjneCVZFM-r7BdZqFKNx5qyRx8QHFpSALbBKoBlqw6Ea8sbQcvb9ppSuBgwO-COe9ubfDsTIHS4EvxKXra-wXmBhTKdZs.EXd4cVtODX8Tlspu2iMSg-ADP2rB5BOios6XaVDQY38&dib_tag=se&keywords=women+summer+slippers&qid=1782300829&sr=8-30,https://m.media-amazon.com/images/I/81Xsn-EWKyL._AC_UL320_.jpg,42,排名进入前50；价格处于人民币等值¥57.60-¥180.00黄金区间；评分达到4.3以上。
2026-06-24,amazon_us,product,search,women summer slippers,44,Crocs,¥134.93,4.4,Crocs,,,,,,https://www.amazon.com/Crocs-Womens-Kadee-Ii-Flip/dp/B010123EV8/ref=sr_1_35?dib=eyJ2IjoiMSJ9.HELZ__VSeLI5Ljj_JV3dSWomlzIOtkt-PkeC4-IYbBFsS3paRO83YBB0NRglNxKcyMu7flzyoKIzAb8UzP0a10ijUUhKgrXKg1Kg2EiF7U2LApoU9OXbwY619f6-RHLOp0BzpHgzmah9iBGVhflCMeLOMdx2XLSFStuJPHYX_Hbyoj1VY1XY4fZFaJV0_EO2IezAL71k7cg0cnWjneCVZFM-r7BdZqFKNx5qyRx8QHFpSALbBKoBlqw6Ea8sbQcvb9ppSuBgwO-COe9ubfDsTIHS4EvxKXra-wXmBhTKdZs.EXd4cVtODX8Tlspu2iMSg-ADP2rB5BOios6XaVDQY38&dib_tag=se&keywords=women+summer+slippers&qid=1782300829&sr=8-35,https://m.media-amazon.com/images/I/61zhSrNbuaL._AC_UL320_.jpg,42,排名进入前50；价格处于人民币等值¥57.60-¥180.00黄金区间；评分达到4.3以上。
2026-06-24,amazon_us,product,search,women summer slippers,45,MAXTOP,¥68.33,4.4,MAXTOP,,,,,,https://www.amazon.com/MAXTOP-Fluffy-Slippers-Memory-Outdoor/dp/B0D8L3MCHC/ref=sr_1_36?dib=eyJ2IjoiMSJ9.HELZ__VSeLI5Ljj_JV3dSWomlzIOtkt-PkeC4-IYbBFsS3paRO83YBB0NRglNxKcyMu7flzyoKIzAb8UzP0a10ijUUhKgrXKg1Kg2EiF7U2LApoU9OXbwY619f6-RHLOp0BzpHgzmah9iBGVhflCMeLOMdx2XLSFStuJPHYX_Hbyoj1VY1XY4fZFaJV0_EO2IezAL71k7cg0cnWjneCVZFM-r7BdZqFKNx5qyRx8QHFpSALbBKoBlqw6Ea8sbQcvb9ppSuBgwO-COe9ubfDsTIHS4EvxKXra-wXmBhTKdZs.EXd4cVtODX8Tlspu2iMSg-ADP2rB5BOios6XaVDQY38&dib_tag=se&keywords=women+summer+slippers&qid=1782300829&sr=8-36,https://m.media-amazon.com/images/I/71jVKbdZK1L._AC_UL320_.jpg,42,排名进入前50；价格处于人民币等值¥57.60-¥180.00黄金区间；评分达到4.3以上。
2026-06-24,amazon_us,product,search,women slides,33,KIDMI,¥143.57,4.5,KIDMI,,,,,,https://www.amazon.com/KIDMI-Genuine-Sandals-Footbed-Adjustable/dp/B0DQH21M77/ref=sr_1_18?dib=eyJ2IjoiMSJ9.wrqHnvIFpzxZDCy1gVq3fwKhCwBY2_ePNO7BevS9Sku17V2by2FDRXv55K6EhduSwiTg3cs9giW2UwaVQmTyh2SVT8gNqZz0NGAnaUTtbUjRDGSdejMWxI81FVashbfotXUdvn9P8FPvWtZuhqMIAgxjA2aYIUac6hqvcB-3XLshdBKJr1CY5ZBXtQJD6EfjAYtThxeGRfQtRGsyJS6qLrTOoIY2EbijkgldPZUZl52g4JiVDsuCPEPMC4FIWqoAIGRIF09wdLWCclEGKXgm0dCSKQUODYNn1l1Pk_B8sBQ.7WwOpPUzEqICkPqGLFg3MsIZ2rF4uGzOJaHfYTZXML0&dib_tag=se&keywords=women+slides&qid=1782300830&sr=8-18,https://m.media-amazon.com/images/I/81JaarSAG2L._AC_UL320_.jpg,42,排名进入前50；价格处于人民币等值¥57.60-¥180.00黄金区间；评分达到4.3以上。
2026-06-24,amazon_us,product,search,women slides,34,ODOLY,¥123.05,4.5,ODOLY,,,,,,https://www.amazon.com/ODOLY-Footbed-Comfortable-Sandals-Adjustable/dp/B0CSMN1X4W/ref=sr_1_19?dib=eyJ2IjoiMSJ9.wrqHnvIFpzxZDCy1gVq3fwKhCwBY2_ePNO7BevS9Sku17V2by2FDRXv55K6EhduSwiTg3cs9giW2UwaVQmTyh2SVT8gNqZz0NGAnaUTtbUjRDGSdejMWxI81FVashbfotXUdvn9P8FPvWtZuhqMIAgxjA2aYIUac6hqvcB-3XLshdBKJr1CY5ZBXtQJD6EfjAYtThxeGRfQtRGsyJS6qLrTOoIY2EbijkgldPZUZl52g4JiVDsuCPEPMC4FIWqoAIGRIF09wdLWCclEGKXgm0dCSKQUODYNn1l1Pk_B8sBQ.7WwOpPUzEqICkPqGLFg3MsIZ2rF4uGzOJaHfYTZXML0&dib_tag=se&keywords=women+slides&qid=1782300830&sr=8-19,https://m.media-amazon.com/images/I/61iYsM+H9QL._AC_UL320_.jpg,42,排名进入前50；价格处于人民币等值¥57.60-¥180.00黄金区间；评分达到4.3以上。
2026-06-24,amazon_us,product,search,platform sandals women,33,BiuYorBTY,¥174.38,4.4,BiuYorBTY,,,,,,https://www.amazon.com/BiuYorBTY-Platform-Sandals-Footbed-Comfort/dp/B0DZ1NT6L9/ref=sr_1_14?dib=eyJ2IjoiMSJ9.iQXhHnxmXL5QxnS2-eZ6CadWA17848mjPFf4H-xFruXRAcfViz-lq7KJRP1zrsJGLhYq1ph0VZ8jNQMwSKuzSmR7h4T40lITVFp4QP0eNJhfc7jutV4NrMpbWV8AeQQOYbjzUtew3qoyTw6HkLTesAwWnyupcn5No5Tl4J8BvXnFzdGqyiZIbH-S31ln08k0cTrTq1EMMBF_HpFHa07hqB6Tg7XN5rCxqXGG1lpK0jb9QCviJJhNt8Px6uRLrKCSx2oechX8uFTLrVJnIoARJckaVbMmP6dJJyWiwtWOlhI.bFH0Cr9bxPhMBL4A-okQ4yCsSUKNQuGcki0Xi9B-P2g&dib_tag=se&keywords=platform+sandals+women&qid=1782300830&sr=8-14,https://m.media-amazon.com/images/I/716g0SFJuTL._AC_UL320_.jpg,42,排名进入前50；价格处于人民币等值¥57.60-¥180.00黄金区间；评分达到4.3以上。
2026-06-24,amazon_us,product,best_sellers,Best Sellers Women Sandals,23,"CUSHIONAIRE Splash Jelly Flip Flops for Women With Flexible Sole, Soft Footbed Summer Sandals for Women",,3.8,$27.99,,,,,,https://www.amazon.com/CUSHIONAIRE-Flexible-Footbed-Sandals-WHISKEY/dp/B0FCZFSVZD/ref=zg_bs_g_679425011_d_sccl_23/133-7970921-7722602?psc=1,"https://images-na.ssl-images-amazon.com/images/I/71jSCW+w9gL._AC_UL600_SR600,400_.jpg",41,排名进入前30；标题包含 soft、summer，符合美国女鞋舒适化趋势。
2026-06-24,amazon_us,product,new_releases,New Releases Women Sandals,11,"CUSHIONAIRE Caper Jelly Sandals for Women, Comfortable Womens Slides with Cushioned Footbed and Wide Widths Available",,3.6,$37.98,,,,,,https://www.amazon.com/CUSHIONAIRE-Comfortable-Cushioned-Available-TORTOISE/dp/B0H2FWR4W6/ref=zg_bsnr_g_679425011_d_sccl_11/134-4425854-3946053?psc=1,"https://images-na.ssl-images-amazon.com/images/I/71RypKvavGL._AC_UL600_SR600,400_.jpg",41,排名进入前30；标题包含 comfort，符合美国女鞋舒适化趋势。
2026-06-24,amazon_us,product,new_releases,New Releases Women Sandals,13,"CUSHIONAIRE Tropic Thong Jelly Flip Flops for Women with Square Toe and Wide Strap Design, Comfortable Lightweight Womens Sandals",,3.3,$33.24,,,,,,https://www.amazon.com/CUSHIONAIRE-Comfortable-Lightweight-Sandals-TORTOISE/dp/B0H2FP1P95/ref=zg_bsnr_g_679425011_d_sccl_13/134-4425854-3946053?psc=1,"https://images-na.ssl-images-amazon.com/images/I/71r1GbHxUpL._AC_UL600_SR600,400_.jpg",41,排名进入前30；标题包含 comfort，符合美国女鞋舒适化趋势。
2026-06-24,amazon_us,product,new_releases,New Releases Women Sandals,39,"Women's Bohemian Beaded Platform Sandals, Elastic Ankle Strap Espadrille Wedges for Summer Beach",,4.1,$20.75,,,,,,https://www.amazon.com/Bohemian-Platform-Sandals-Elastic-Espadrille/dp/B0GWVYG475/ref=zg_bsnr_g_679425011_d_sccl_39/133-7970921-7722602?psc=1,"https://images-na.ssl-images-amazon.com/images/I/71XTMSKchbL._AC_UL300_SR300,200_.jpg",41,排名进入前50；标题包含 platform、beach、summer、wedge，符合美国女鞋舒适化趋势；评分达到4.0以上。
2026-06-24,amazon_us,product,new_releases,New Releases Women Sandals,43,"Monrovia Raffia Chunky Platform Heels for Women, Double Strap Square Open Toe Slip On Heels - Casual Beach Summer Heeled Sandals",,4.4,$31.99,,,,,,https://www.amazon.com/Monrovia-Clear-Heels-Heeled-Sandals/dp/B0GJ5T4GD4/ref=zg_bsnr_g_679425011_d_sccl_43/133-7970921-7722602?psc=1,"https://images-na.ssl-images-amazon.com/images/I/61ccvRhh5EL._AC_UL300_SR300,200_.jpg",41,排名进入前50；标题包含 platform、beach、summer，符合美国女鞋舒适化趋势；评分达到4.3以上。
2026-06-24,amazon_us,product,search,platform sandals women,37,UBFEN,¥273.46,4.7,UBFEN,,,,,,https://www.amazon.com/UBFEN-Womens-Espadrille-Platform-Sandals/dp/B0G6YZGM42/ref=sr_1_18?dib=eyJ2IjoiMSJ9.iQXhHnxmXL5QxnS2-eZ6CadWA17848mjPFf4H-xFruXRAcfViz-lq7KJRP1zrsJGLhYq1ph0VZ8jNQMwSKuzSmR7h4T40lITVFp4QP0eNJhfc7jutV4NrMpbWV8AeQQOYbjzUtew3qoyTw6HkLTesAwWnyupcn5No5Tl4J8BvXnFzdGqyiZIbH-S31ln08k0cTrTq1EMMBF_HpFHa07hqB6Tg7XN5rCxqXGG1lpK0jb9QCviJJhNt8Px6uRLrKCSx2oechX8uFTLrVJnIoARJckaVbMmP6dJJyWiwtWOlhI.bFH0Cr9bxPhMBL4A-okQ4yCsSUKNQuGcki0Xi9B-P2g&dib_tag=se&keywords=platform+sandals+women&qid=1782300830&sr=8-18,https://m.media-amazon.com/images/I/71hqwCz4-2L._AC_UL320_.jpg,40,排名进入前50；价格处于人民币等值¥180.00-¥288.00区间；评分达到4.6以上。
2026-06-24,amazon_us,product,best_sellers,Best Sellers Women Sandals,35,KuaiLu Womens Flip Flops Ladies Yoga Mat Comfortable Walking Thong Sandals With Plantar Fasciitis Arch Support Slip On Indoor Outdoor For Summer,,4.2,$21.93,,,,,,https://www.amazon.com/KuaiLu-Comfortable-Walking-Sandals-Fasciitis/dp/B08XX52FHY/ref=zg_bs_g_679425011_d_sccl_35/133-7970921-7722602?psc=1,"https://images-na.ssl-images-amazon.com/images/I/61k31MTJEYL._AC_UL300_SR300,200_.jpg",39,排名进入前50；标题包含 comfort、arch support、summer，符合美国女鞋舒适化趋势；评分达到4.0以上。
2026-06-24,amazon_us,product,best_sellers,Best Sellers Women Sandals,46,COFACE Womens Fashion Orthotic Flip Flops Ladies Slip On Lightweight Athletic Yoga Mat Cushion Thong Sandals With Comfortable Plantar Fasciitis Arch Support,,4.3,$23.09,,,,,,https://www.amazon.com/COFACE-Orthotic-Athletic-FlipFlops-Fasciitis/dp/B09ZKZW1LR/ref=zg_bs_g_679425011_d_sccl_46/133-7970921-7722602?psc=1,"https://images-na.ssl-images-amazon.com/images/I/71wrTj6AkpL._AC_UL300_SR300,200_.jpg",39,排名进入前50；标题包含 comfort、arch support，符合美国女鞋舒适化趋势；评分达到4.3以上。
2026-06-24,amazon_us,product,search,women summer slippers,37,Yoerpe,¥79.13,4.2,Yoerpe,,,,,,https://www.amazon.com/Yoerpe-Womens-House-Slippers-Slip/dp/B0F8BKW8PC/ref=sr_1_28?dib=eyJ2IjoiMSJ9.HELZ__VSeLI5Ljj_JV3dSWomlzIOtkt-PkeC4-IYbBFsS3paRO83YBB0NRglNxKcyMu7flzyoKIzAb8UzP0a10ijUUhKgrXKg1Kg2EiF7U2LApoU9OXbwY619f6-RHLOp0BzpHgzmah9iBGVhflCMeLOMdx2XLSFStuJPHYX_Hbyoj1VY1XY4fZFaJV0_EO2IezAL71k7cg0cnWjneCVZFM-r7BdZqFKNx5qyRx8QHFpSALbBKoBlqw6Ea8sbQcvb9ppSuBgwO-COe9ubfDsTIHS4EvxKXra-wXmBhTKdZs.EXd4cVtODX8Tlspu2iMSg-ADP2rB5BOios6XaVDQY38&dib_tag=se&keywords=women+summer+slippers&qid=1782300829&sr=8-28,https://m.media-amazon.com/images/I/71-Cng0cSRL._AC_UL320_.jpg,39,排名进入前50；价格处于人民币等值¥57.60-¥180.00黄金区间；评分达到4.0以上。
2026-06-24,amazon_us,product,search,women summer slippers,38,FRALOSHA,¥71.93,4.2,FRALOSHA,,,,,,https://www.amazon.com/FRALOSHA-Slippers-Breathable-Outdoor-Sandals/dp/B07FSG6P3M/ref=sr_1_29?dib=eyJ2IjoiMSJ9.HELZ__VSeLI5Ljj_JV3dSWomlzIOtkt-PkeC4-IYbBFsS3paRO83YBB0NRglNxKcyMu7flzyoKIzAb8UzP0a10ijUUhKgrXKg1Kg2EiF7U2LApoU9OXbwY619f6-RHLOp0BzpHgzmah9iBGVhflCMeLOMdx2XLSFStuJPHYX_Hbyoj1VY1XY4fZFaJV0_EO2IezAL71k7cg0cnWjneCVZFM-r7BdZqFKNx5qyRx8QHFpSALbBKoBlqw6Ea8sbQcvb9ppSuBgwO-COe9ubfDsTIHS4EvxKXra-wXmBhTKdZs.EXd4cVtODX8Tlspu2iMSg-ADP2rB5BOios6XaVDQY38&dib_tag=se&keywords=women+summer+slippers&qid=1782300829&sr=8-29,https://m.media-amazon.com/images/I/810Hfh0qwIL._AC_UL320_.jpg,39,排名进入前50；价格处于人民币等值¥57.60-¥180.00黄金区间；评分达到4.0以上。
2026-06-24,amazon_us,product,search,women summer slippers,40,VeraCosy,¥100.73,4.2,VeraCosy,,,,,,https://www.amazon.com/VeraCosy-Womens-Slippers-Memory-Ultimate/dp/B0CLGJH6ZF/ref=sr_1_31?dib=eyJ2IjoiMSJ9.HELZ__VSeLI5Ljj_JV3dSWomlzIOtkt-PkeC4-IYbBFsS3paRO83YBB0NRglNxKcyMu7flzyoKIzAb8UzP0a10ijUUhKgrXKg1Kg2EiF7U2LApoU9OXbwY619f6-RHLOp0BzpHgzmah9iBGVhflCMeLOMdx2XLSFStuJPHYX_Hbyoj1VY1XY4fZFaJV0_EO2IezAL71k7cg0cnWjneCVZFM-r7BdZqFKNx5qyRx8QHFpSALbBKoBlqw6Ea8sbQcvb9ppSuBgwO-COe9ubfDsTIHS4EvxKXra-wXmBhTKdZs.EXd4cVtODX8Tlspu2iMSg-ADP2rB5BOios6XaVDQY38&dib_tag=se&keywords=women+summer+slippers&qid=1782300829&sr=8-31,https://m.media-amazon.com/images/I/81jA2H+b+fL._AC_UL320_.jpg,39,排名进入前50；价格处于人民币等值¥57.60-¥180.00黄金区间；评分达到4.0以上。
2026-06-24,amazon_us,product,search,women slides,46,FUNKYMONKEY,¥116.21,4.1,FUNKYMONKEY,,,,,,https://www.amazon.com/FUNKYMONKEY-Comfort-Adjustable-Sandals-US-Women/dp/B07CV9YZBB/ref=sr_1_31?dib=eyJ2IjoiMSJ9.wrqHnvIFpzxZDCy1gVq3fwKhCwBY2_ePNO7BevS9Sku17V2by2FDRXv55K6EhduSwiTg3cs9giW2UwaVQmTyh2SVT8gNqZz0NGAnaUTtbUjRDGSdejMWxI81FVashbfotXUdvn9P8FPvWtZuhqMIAgxjA2aYIUac6hqvcB-3XLshdBKJr1CY5ZBXtQJD6EfjAYtThxeGRfQtRGsyJS6qLrTOoIY2EbijkgldPZUZl52g4JiVDsuCPEPMC4FIWqoAIGRIF09wdLWCclEGKXgm0dCSKQUODYNn1l1Pk_B8sBQ.7WwOpPUzEqICkPqGLFg3MsIZ2rF4uGzOJaHfYTZXML0&dib_tag=se&keywords=women+slides&qid=1782300830&sr=8-31,https://m.media-amazon.com/images/I/51o3wxcasIL._AC_UL320_.jpg,39,排名进入前50；价格处于人民币等值¥57.60-¥180.00黄金区间；评分达到4.0以上。
2026-06-24,amazon_us,product,search,platform sandals women,45,Rocket Dog,¥172.66,4.2,Rocket Dog,,,,,,https://www.amazon.com/Rocket-Dog-Womens-Platform-Sandal/dp/B000W91BWU/ref=sr_1_26?dib=eyJ2IjoiMSJ9.iQXhHnxmXL5QxnS2-eZ6CadWA17848mjPFf4H-xFruXRAcfViz-lq7KJRP1zrsJGLhYq1ph0VZ8jNQMwSKuzSmR7h4T40lITVFp4QP0eNJhfc7jutV4NrMpbWV8AeQQOYbjzUtew3qoyTw6HkLTesAwWnyupcn5No5Tl4J8BvXnFzdGqyiZIbH-S31ln08k0cTrTq1EMMBF_HpFHa07hqB6Tg7XN5rCxqXGG1lpK0jb9QCviJJhNt8Px6uRLrKCSx2oechX8uFTLrVJnIoARJckaVbMmP6dJJyWiwtWOlhI.bFH0Cr9bxPhMBL4A-okQ4yCsSUKNQuGcki0Xi9B-P2g&dib_tag=se&keywords=platform+sandals+women&qid=1782300830&sr=8-26,https://m.media-amazon.com/images/I/71eBTqo1s2L._AC_UL320_.jpg,39,排名进入前50；价格处于人民币等值¥57.60-¥180.00黄金区间；评分达到4.0以上。
2026-06-24,amazon_us,product,search,women summer slippers,43,Havaianas,¥230.40,4.3,Havaianas,,,,,,https://www.amazon.com/Havaianas-Womens-Square-Solid-Medium/dp/B0BBPX6J6F/ref=sr_1_34?dib=eyJ2IjoiMSJ9.HELZ__VSeLI5Ljj_JV3dSWomlzIOtkt-PkeC4-IYbBFsS3paRO83YBB0NRglNxKcyMu7flzyoKIzAb8UzP0a10ijUUhKgrXKg1Kg2EiF7U2LApoU9OXbwY619f6-RHLOp0BzpHgzmah9iBGVhflCMeLOMdx2XLSFStuJPHYX_Hbyoj1VY1XY4fZFaJV0_EO2IezAL71k7cg0cnWjneCVZFM-r7BdZqFKNx5qyRx8QHFpSALbBKoBlqw6Ea8sbQcvb9ppSuBgwO-COe9ubfDsTIHS4EvxKXra-wXmBhTKdZs.EXd4cVtODX8Tlspu2iMSg-ADP2rB5BOios6XaVDQY38&dib_tag=se&keywords=women+summer+slippers&qid=1782300829&sr=8-34,https://m.media-amazon.com/images/I/519tF5UFGFL._AC_UL320_.jpg,37,排名进入前50；价格处于人民币等值¥180.00-¥288.00区间；评分达到4.3以上。
2026-06-24,amazon_us,product,search,women slides,32,REEF,¥283.18,4.4,REEF,,,,,,https://www.amazon.com/Reef-Womens-Cushion-Sandal-Vintage/dp/B0BPK1HXKX/ref=sr_1_17?dib=eyJ2IjoiMSJ9.wrqHnvIFpzxZDCy1gVq3fwKhCwBY2_ePNO7BevS9Sku17V2by2FDRXv55K6EhduSwiTg3cs9giW2UwaVQmTyh2SVT8gNqZz0NGAnaUTtbUjRDGSdejMWxI81FVashbfotXUdvn9P8FPvWtZuhqMIAgxjA2aYIUac6hqvcB-3XLshdBKJr1CY5ZBXtQJD6EfjAYtThxeGRfQtRGsyJS6qLrTOoIY2EbijkgldPZUZl52g4JiVDsuCPEPMC4FIWqoAIGRIF09wdLWCclEGKXgm0dCSKQUODYNn1l1Pk_B8sBQ.7WwOpPUzEqICkPqGLFg3MsIZ2rF4uGzOJaHfYTZXML0&dib_tag=se&keywords=women+slides&qid=1782300830&sr=8-17,https://m.media-amazon.com/images/I/61sqCrQF+NL._AC_UL320_.jpg,37,排名进入前50；价格处于人民币等值¥180.00-¥288.00区间；评分达到4.3以上。
2026-06-24,amazon_us,product,search,women slides,48,Under Armour,¥197.57,4.3,Under Armour,,,,,,https://www.amazon.com/Under-Armour-Womens-Ignite-Slides/dp/B0F343Z28R/ref=sr_1_33?dib=eyJ2IjoiMSJ9.wrqHnvIFpzxZDCy1gVq3fwKhCwBY2_ePNO7BevS9Sku17V2by2FDRXv55K6EhduSwiTg3cs9giW2UwaVQmTyh2SVT8gNqZz0NGAnaUTtbUjRDGSdejMWxI81FVashbfotXUdvn9P8FPvWtZuhqMIAgxjA2aYIUac6hqvcB-3XLshdBKJr1CY5ZBXtQJD6EfjAYtThxeGRfQtRGsyJS6qLrTOoIY2EbijkgldPZUZl52g4JiVDsuCPEPMC4FIWqoAIGRIF09wdLWCclEGKXgm0dCSKQUODYNn1l1Pk_B8sBQ.7WwOpPUzEqICkPqGLFg3MsIZ2rF4uGzOJaHfYTZXML0&dib_tag=se&keywords=women+slides&qid=1782300830&sr=8-33,https://m.media-amazon.com/images/I/41S9a3VMv1L._AC_UL320_.jpg,37,排名进入前50；价格处于人民币等值¥180.00-¥288.00区间；评分达到4.3以上。
2026-06-24,amazon_us,product,search,platform sandals women,34,Crocs,¥215.78,4.4,Crocs,,,,,,https://www.amazon.com/Crocs-207431-2Q9-W7-Brooklyn-Buckle-LowWdg/dp/B0C53V7C96/ref=sr_1_15?dib=eyJ2IjoiMSJ9.iQXhHnxmXL5QxnS2-eZ6CadWA17848mjPFf4H-xFruXRAcfViz-lq7KJRP1zrsJGLhYq1ph0VZ8jNQMwSKuzSmR7h4T40lITVFp4QP0eNJhfc7jutV4NrMpbWV8AeQQOYbjzUtew3qoyTw6HkLTesAwWnyupcn5No5Tl4J8BvXnFzdGqyiZIbH-S31ln08k0cTrTq1EMMBF_HpFHa07hqB6Tg7XN5rCxqXGG1lpK0jb9QCviJJhNt8Px6uRLrKCSx2oechX8uFTLrVJnIoARJckaVbMmP6dJJyWiwtWOlhI.bFH0Cr9bxPhMBL4A-okQ4yCsSUKNQuGcki0Xi9B-P2g&dib_tag=se&keywords=platform+sandals+women&qid=1782300830&sr=8-15,https://m.media-amazon.com/images/I/41QLfSYn2kL._AC_UL320_.jpg,37,排名进入前50；价格处于人民币等值¥180.00-¥288.00区间；评分达到4.3以上。
2026-06-24,amazon_us,product,search,platform sandals women,38,VICKI·VICKI,¥270.86,4.4,VICKI·VICKI,,,,,,https://www.amazon.com/VICKI%C2%B7VICKI-Womens-Platform-Sandals-Wedge/dp/B08B4VCB7H/ref=sr_1_19?dib=eyJ2IjoiMSJ9.iQXhHnxmXL5QxnS2-eZ6CadWA17848mjPFf4H-xFruXRAcfViz-lq7KJRP1zrsJGLhYq1ph0VZ8jNQMwSKuzSmR7h4T40lITVFp4QP0eNJhfc7jutV4NrMpbWV8AeQQOYbjzUtew3qoyTw6HkLTesAwWnyupcn5No5Tl4J8BvXnFzdGqyiZIbH-S31ln08k0cTrTq1EMMBF_HpFHa07hqB6Tg7XN5rCxqXGG1lpK0jb9QCviJJhNt8Px6uRLrKCSx2oechX8uFTLrVJnIoARJckaVbMmP6dJJyWiwtWOlhI.bFH0Cr9bxPhMBL4A-okQ4yCsSUKNQuGcki0Xi9B-P2g&dib_tag=se&keywords=platform+sandals+women&qid=1782300830&sr=8-19,https://m.media-amazon.com/images/I/51Q0yOuTnXL._AC_UL320_.jpg,37,排名进入前50；价格处于人民币等值¥180.00-¥288.00区间；评分达到4.3以上。
2026-06-24,amazon_us,product,search,platform sandals women,49,mikarka,¥211.68,4.5,mikarka,,,,,,https://www.amazon.com/mikarka-Wedge-Sandals-Women-Comfortable/dp/B0DPMBZT18/ref=sr_1_30?dib=eyJ2IjoiMSJ9.iQXhHnxmXL5QxnS2-eZ6CadWA17848mjPFf4H-xFruXRAcfViz-lq7KJRP1zrsJGLhYq1ph0VZ8jNQMwSKuzSmR7h4T40lITVFp4QP0eNJhfc7jutV4NrMpbWV8AeQQOYbjzUtew3qoyTw6HkLTesAwWnyupcn5No5Tl4J8BvXnFzdGqyiZIbH-S31ln08k0cTrTq1EMMBF_HpFHa07hqB6Tg7XN5rCxqXGG1lpK0jb9QCviJJhNt8Px6uRLrKCSx2oechX8uFTLrVJnIoARJckaVbMmP6dJJyWiwtWOlhI.bFH0Cr9bxPhMBL4A-okQ4yCsSUKNQuGcki0Xi9B-P2g&dib_tag=se&keywords=platform+sandals+women&qid=1782300830&sr=8-30,https://m.media-amazon.com/images/I/610FEH2unfS._AC_UL320_.jpg,37,排名进入前50；价格处于人民币等值¥180.00-¥288.00区间；评分达到4.3以上。
2026-06-24,amazon_us,product,best_sellers,Best Sellers Women Sandals,33,KIDMI Unisex Summer Sandals Arch Support Cork Footbed Slide Sandals with Double Adjustable Buckle for Women Men,,4.5,$19.94,,,,,,https://www.amazon.com/KIDMI-Genuine-Sandals-Footbed-Adjustable/dp/B0DQH21M77/ref=zg_bs_g_679425011_d_sccl_33/133-7970921-7722602?psc=1,"https://images-na.ssl-images-amazon.com/images/I/81JaarSAG2L._AC_UL300_SR300,200_.jpg",36,排名进入前50；标题包含 arch support、summer，符合美国女鞋舒适化趋势；评分达到4.3以上。
2026-06-24,amazon_us,product,new_releases,New Releases Women Sandals,38,Noctivelle Women Kitten Heeled Sandals Waterproof Thong Flip Flops Memory Foam Comfort Insole Summer Quick Dry Casual Pool Beach Shoes,,4.2,$21.99,,,,,,https://www.amazon.com/Noctivelle-Women-Kitten-Heeled-Sandals/dp/B0GX65LB8S/ref=zg_bsnr_g_679425011_d_sccl_38/133-7970921-7722602?psc=1,"https://images-na.ssl-images-amazon.com/images/I/61m7lo0MePL._AC_UL300_SR300,200_.jpg",36,排名进入前50；标题包含 comfort、beach、summer，符合美国女鞋舒适化趋势；评分达到4.0以上。
2026-06-24,amazon_us,product,new_releases,New Releases Women Sandals,42,Modatope Women’s Two Strap Flat Sandals Bow Detail Summer Beach Casual Dressy Slip On Walking Shoes,,4.6,$24.99,,,,,,https://www.amazon.com/Modatope-Sandals-Non-Slip-Comfortable-Vacation/dp/B0GX185Z9H/ref=zg_bsnr_g_679425011_d_sccl_42/133-7970921-7722602?psc=1,"https://images-na.ssl-images-amazon.com/images/I/61wkAAsOIBL._AC_UL300_SR300,200_.jpg",36,排名进入前50；标题包含 beach、summer，符合美国女鞋舒适化趋势；评分达到4.6以上。
2026-06-24,amazon_us,product,new_releases,New Releases Women Sandals,22,"CUSHIONAIRE Elle Pointed Heel Womens Sandal, Open Toe Heeled Mule with Cushioned Memory and Stiletto Design",,3.8,$47.48,,,,,,https://www.amazon.com/CUSHIONAIRE-Pointed-Cushioned-Stiletto-CHAMPAGNE/dp/B0GXGPK5R7/ref=zg_bsnr_g_679425011_d_sccl_22/134-4425854-3946053?psc=1,"https://images-na.ssl-images-amazon.com/images/I/71ch+3yhREL._AC_UL600_SR600,400_.jpg",35,排名进入前30。
2026-06-24,amazon_us,product,new_releases,New Releases Women Sandals,23,"CUSHIONAIRE Shana Clear Jelly Strap Heels for Women, Flared Kitten Heel Slide with Cushioned Footbed and Split Toe",,,$47.49,,,,,,https://www.amazon.com/CUSHIONAIRE-Flared-Cushioned-Footbed-TORTOISE/dp/B0H2FNMRGH/ref=zg_bsnr_g_679425011_d_sccl_23/134-4425854-3946053?psc=1,"https://images-na.ssl-images-amazon.com/images/I/71YZfL+oAFL._AC_UL600_SR600,400_.jpg",35,排名进入前30。
2026-06-24,amazon_us,product,search,women slides,44,SKETOE,¥71.93,3.8,SKETOE,,,,,,https://www.amazon.com/SKETOE-Support-Recovery-Comfortable-Slippers/dp/B0GLFF6C8J/ref=sr_1_29?dib=eyJ2IjoiMSJ9.wrqHnvIFpzxZDCy1gVq3fwKhCwBY2_ePNO7BevS9Sku17V2by2FDRXv55K6EhduSwiTg3cs9giW2UwaVQmTyh2SVT8gNqZz0NGAnaUTtbUjRDGSdejMWxI81FVashbfotXUdvn9P8FPvWtZuhqMIAgxjA2aYIUac6hqvcB-3XLshdBKJr1CY5ZBXtQJD6EfjAYtThxeGRfQtRGsyJS6qLrTOoIY2EbijkgldPZUZl52g4JiVDsuCPEPMC4FIWqoAIGRIF09wdLWCclEGKXgm0dCSKQUODYNn1l1Pk_B8sBQ.7WwOpPUzEqICkPqGLFg3MsIZ2rF4uGzOJaHfYTZXML0&dib_tag=se&keywords=women+slides&qid=1782300830&sr=8-29,https://m.media-amazon.com/images/I/81ECHpu6ZvL._AC_UL320_.jpg,35,排名进入前50；价格处于人民币等值¥57.60-¥180.00黄金区间。
2026-06-24,amazon_us,product,search,platform sandals women,36,Lovee Cosee,¥259.85,4.1,Lovee Cosee,,,,,,https://www.amazon.com/Lovee-Cosee-Lightweight-Comfortable-Essentials/dp/B0F1MYF4FQ/ref=sr_1_17?dib=eyJ2IjoiMSJ9.iQXhHnxmXL5QxnS2-eZ6CadWA17848mjPFf4H-xFruXRAcfViz-lq7KJRP1zrsJGLhYq1ph0VZ8jNQMwSKuzSmR7h4T40lITVFp4QP0eNJhfc7jutV4NrMpbWV8AeQQOYbjzUtew3qoyTw6HkLTesAwWnyupcn5No5Tl4J8BvXnFzdGqyiZIbH-S31ln08k0cTrTq1EMMBF_HpFHa07hqB6Tg7XN5rCxqXGG1lpK0jb9QCviJJhNt8Px6uRLrKCSx2oechX8uFTLrVJnIoARJckaVbMmP6dJJyWiwtWOlhI.bFH0Cr9bxPhMBL4A-okQ4yCsSUKNQuGcki0Xi9B-P2g&dib_tag=se&keywords=platform+sandals+women&qid=1782300830&sr=8-17,https://m.media-amazon.com/images/I/71tL3Y0loaL._AC_UL320_.jpg,34,排名进入前50；价格处于人民币等值¥180.00-¥288.00区间；评分达到4.0以上。
2026-06-24,amazon_us,product,search,platform sandals women,44,Coutgo,¥251.93,4.1,Coutgo,,,,,,https://www.amazon.com/Coutgo-Womens-Platform-Sandals-Espadrilles/dp/B0DJVQ5L69/ref=sr_1_25?dib=eyJ2IjoiMSJ9.iQXhHnxmXL5QxnS2-eZ6CadWA17848mjPFf4H-xFruXRAcfViz-lq7KJRP1zrsJGLhYq1ph0VZ8jNQMwSKuzSmR7h4T40lITVFp4QP0eNJhfc7jutV4NrMpbWV8AeQQOYbjzUtew3qoyTw6HkLTesAwWnyupcn5No5Tl4J8BvXnFzdGqyiZIbH-S31ln08k0cTrTq1EMMBF_HpFHa07hqB6Tg7XN5rCxqXGG1lpK0jb9QCviJJhNt8Px6uRLrKCSx2oechX8uFTLrVJnIoARJckaVbMmP6dJJyWiwtWOlhI.bFH0Cr9bxPhMBL4A-okQ4yCsSUKNQuGcki0Xi9B-P2g&dib_tag=se&keywords=platform+sandals+women&qid=1782300830&sr=8-25,https://m.media-amazon.com/images/I/71969BHDGrL._AC_UL320_.jpg,34,排名进入前50；价格处于人民币等值¥180.00-¥288.00区间；评分达到4.0以上。
2026-06-24,amazon_us,product,new_releases,New Releases Women Sandals,33,"SaDuck Womens Beach Sandals, Cute Slip On Summer Slides Sandals for Women, Non Slip Casual Summer Shoes for Beach travel & Vacation",,4.3,$18.39,,,,,,https://www.amazon.com/SaDuck-Womens-Sandals-Summer-Vacation/dp/B0GVKDCNW7/ref=zg_bsnr_g_679425011_d_sccl_33/133-7970921-7722602?psc=1,"https://images-na.ssl-images-amazon.com/images/I/81+ILfEa4XL._AC_UL300_SR300,200_.jpg",33,排名进入前50；标题包含 beach、summer，符合美国女鞋舒适化趋势；评分达到4.3以上。
2026-06-24,amazon_us,product,new_releases,New Releases Women Sandals,36,"Dearuser Pool Slides for Women Non-Slip Quick Dry Beach Sandals Adjustable Double Buckle Slip On Slide Sandals for Casual Summer Travel,Vacation",,4.4,$39.99,,,,,,https://www.amazon.com/Dearuser-Sandals-Comfortable-Waterproof-Vacation/dp/B0GX9JDCNS/ref=zg_bsnr_g_679425011_d_sccl_36/133-7970921-7722602?psc=1,"https://images-na.ssl-images-amazon.com/images/I/71229ga16cL._AC_UL300_SR300,200_.jpg",33,排名进入前50；标题包含 beach、summer，符合美国女鞋舒适化趋势；评分达到4.3以上。
2026-06-24,amazon_us,product,new_releases,New Releases Women Sandals,40,DREAM PAIRS Women's Wedding Party Bridal Prom Bow Knot Chunky Block Dressy Heels Square Toe Slingback with Ankle Buckle Fashion Sandals Comfortable Shoes 2026,,4.3,$31.34,,,,,,https://www.amazon.com/DREAM-PAIRS-Slingback-Comfortable-SDHS26028W/dp/B0GSZFB312/ref=zg_bsnr_g_679425011_d_sccl_40/133-7970921-7722602?psc=1,"https://images-na.ssl-images-amazon.com/images/I/71qdVvQmVEL._AC_UL300_SR300,200_.jpg",33,排名进入前50；标题包含 comfort，符合美国女鞋舒适化趋势；评分达到4.3以上。
2026-06-24,amazon_us,product,search,women slides,37,Nike,¥396.00,4.6,Nike,,,,,,https://www.amazon.com/Nike-Womens-Slides-Sandal-Sail-Sail/dp/B0F8RWJWPP/ref=sr_1_22?dib=eyJ2IjoiMSJ9.wrqHnvIFpzxZDCy1gVq3fwKhCwBY2_ePNO7BevS9Sku17V2by2FDRXv55K6EhduSwiTg3cs9giW2UwaVQmTyh2SVT8gNqZz0NGAnaUTtbUjRDGSdejMWxI81FVashbfotXUdvn9P8FPvWtZuhqMIAgxjA2aYIUac6hqvcB-3XLshdBKJr1CY5ZBXtQJD6EfjAYtThxeGRfQtRGsyJS6qLrTOoIY2EbijkgldPZUZl52g4JiVDsuCPEPMC4FIWqoAIGRIF09wdLWCclEGKXgm0dCSKQUODYNn1l1Pk_B8sBQ.7WwOpPUzEqICkPqGLFg3MsIZ2rF4uGzOJaHfYTZXML0&dib_tag=se&keywords=women+slides&qid=1782300830&sr=8-22,https://m.media-amazon.com/images/I/51cWuQbsCJL._AC_UL320_.jpg,33,排名进入前50；价格高于人民币等值¥288.00；评分达到4.6以上。
2026-06-24,amazon_us,product,best_sellers,Best Sellers Women Sandals,40,FITORY Women's Flat Sandals Fashion Slides With Soft Leather Slippers for Summer Size 6-11,,4.2,$18.96,,,,,,https://www.amazon.com/FITORY-Sandals-Fashion-Leather-Slippers/dp/B0BN3GQFKN/ref=zg_bs_g_679425011_d_sccl_40/133-7970921-7722602?psc=1,"https://images-na.ssl-images-amazon.com/images/I/61cA2WpKDqL._AC_UL300_SR300,200_.jpg",30,排名进入前50；标题包含 soft、summer，符合美国女鞋舒适化趋势；评分达到4.0以上。
2026-06-24,amazon_us,product,new_releases,New Releases Women Sandals,41,adidas Women's Adilette Comfort 2.0 Slide,,4.2,$39.95,,,,,,https://www.amazon.com/adidas-Womens-Adilette-Comfort-Metallic/dp/B0F34DTCBS/ref=zg_bsnr_g_679425011_d_sccl_41/133-7970921-7722602?psc=1,"https://images-na.ssl-images-amazon.com/images/I/51EFZHqJ7EL._AC_UL300_SR300,200_.jpg",30,排名进入前50；标题包含 comfort，符合美国女鞋舒适化趋势；评分达到4.0以上。
2026-06-24,amazon_us,product,new_releases,New Releases Women Sandals,45,MAVMAX Clear Jelly Slide Sandals for Women Mary Jane Mules Breathable Closed Toe Flat Summer Slip On Mesh Slides for Woman,,4.4,$23.11,,,,,,https://www.amazon.com/MAVMAX-Sandals-Breathable-Closed-Summer/dp/B0GXZLGFJ1/ref=zg_bsnr_g_679425011_d_sccl_45/133-7970921-7722602?psc=1,"https://images-na.ssl-images-amazon.com/images/I/41g+sOipKAL._AC_UL300_SR300,200_.jpg",30,排名进入前50；标题包含 summer，符合美国女鞋舒适化趋势；评分达到4.3以上。
2026-06-24,amazon_us,product,search,women slides,40,OOFOS,¥366.91,4.4,OOFOS,,,,,,https://www.amazon.com/OOFOS-OOahh-Unisex-Slide-Sandal/dp/B0B6GN7M6R/ref=sr_1_25?dib=eyJ2IjoiMSJ9.wrqHnvIFpzxZDCy1gVq3fwKhCwBY2_ePNO7BevS9Sku17V2by2FDRXv55K6EhduSwiTg3cs9giW2UwaVQmTyh2SVT8gNqZz0NGAnaUTtbUjRDGSdejMWxI81FVashbfotXUdvn9P8FPvWtZuhqMIAgxjA2aYIUac6hqvcB-3XLshdBKJr1CY5ZBXtQJD6EfjAYtThxeGRfQtRGsyJS6qLrTOoIY2EbijkgldPZUZl52g4JiVDsuCPEPMC4FIWqoAIGRIF09wdLWCclEGKXgm0dCSKQUODYNn1l1Pk_B8sBQ.7WwOpPUzEqICkPqGLFg3MsIZ2rF4uGzOJaHfYTZXML0&dib_tag=se&keywords=women+slides&qid=1782300830&sr=8-25,https://m.media-amazon.com/images/I/51dH7-05JjL._AC_UL320_.jpg,30,排名进入前50；价格高于人民币等值¥288.00；评分达到4.3以上。
2026-06-24,amazon_us,product,search,platform sandals women,43,Aerosoles,¥314.50,4.4,Aerosoles,,,,,,https://www.amazon.com/Aerosoles-Womens-CAMILIA-Heeled-Natural/dp/B0CTKDTBST/ref=sr_1_24?dib=eyJ2IjoiMSJ9.iQXhHnxmXL5QxnS2-eZ6CadWA17848mjPFf4H-xFruXRAcfViz-lq7KJRP1zrsJGLhYq1ph0VZ8jNQMwSKuzSmR7h4T40lITVFp4QP0eNJhfc7jutV4NrMpbWV8AeQQOYbjzUtew3qoyTw6HkLTesAwWnyupcn5No5Tl4J8BvXnFzdGqyiZIbH-S31ln08k0cTrTq1EMMBF_HpFHa07hqB6Tg7XN5rCxqXGG1lpK0jb9QCviJJhNt8Px6uRLrKCSx2oechX8uFTLrVJnIoARJckaVbMmP6dJJyWiwtWOlhI.bFH0Cr9bxPhMBL4A-okQ4yCsSUKNQuGcki0Xi9B-P2g&dib_tag=se&keywords=platform+sandals+women&qid=1782300830&sr=8-24,https://m.media-amazon.com/images/I/71bCv2s89xL._AC_UL320_.jpg,30,排名进入前50；价格高于人民币等值¥288.00；评分达到4.3以上。
2026-06-24,amazon_us,product,best_sellers,Best Sellers Women Sandals,31,REEF Women's Cushion Breeze Flip Flops,,4.4,$44.99,,,,,,https://www.amazon.com/Reef-Womens-Cushion-Breeze-Sandal/dp/B00K2OKHSO/ref=zg_bs_g_679425011_d_sccl_31/133-7970921-7722602?psc=1,"https://images-na.ssl-images-amazon.com/images/I/51nldLdIx5L._AC_UL300_SR300,200_.jpg",27,排名进入前50；评分达到4.3以上。
2026-06-24,amazon_us,product,best_sellers,Best Sellers Women Sandals,36,REEF Womens Bliss Nights Flip Flop,,4.3,$34.99,,,,,,https://www.amazon.com/Reef-Womens-Bliss-Nights-Flip-Flop/dp/B01GQO5292/ref=zg_bs_g_679425011_d_sccl_36/133-7970921-7722602?psc=1,"https://images-na.ssl-images-amazon.com/images/I/51QnLKsP3vL._AC_UL300_SR300,200_.jpg",27,排名进入前50；评分达到4.3以上。
2026-06-24,amazon_us,product,best_sellers,Best Sellers Women Sandals,38,Crocs Women's Kadee II Flip Flops,,4.4,$18.74,,,,,,https://www.amazon.com/Crocs-Womens-Kadee-Ii-Flip/dp/B010123E6S/ref=zg_bs_g_679425011_d_sccl_38/133-7970921-7722602?psc=1,"https://images-na.ssl-images-amazon.com/images/I/61zhSrNbuaL._AC_UL300_SR300,200_.jpg",27,排名进入前50；评分达到4.3以上。
2026-06-24,amazon_us,product,best_sellers,Best Sellers Women Sandals,41,REEF Cushion Vista Womens Sandal,,4.4,$41.97,,,,,,https://www.amazon.com/Reef-Womens-Cushion-Bounce-Natural/dp/B07HNLRDCY/ref=zg_bs_g_679425011_d_sccl_41/133-7970921-7722602?psc=1,"https://images-na.ssl-images-amazon.com/images/I/71Z+sIgDvlL._AC_UL300_SR300,200_.jpg",27,排名进入前50；评分达到4.3以上。
2026-06-24,amazon_us,product,new_releases,New Releases Women Sandals,34,"CUSHIONAIRE Quiz Kitten Heels for Women, Strappy Heeled Sandals with Cushioned Footbed, Slip On Open Toe Sandal",,4.3,$42.73,,,,,,https://www.amazon.com/CUSHIONAIRE-Strappy-Sandals-Cushioned-Footbed/dp/B0GZZKT43L/ref=zg_bsnr_g_679425011_d_sccl_34/133-7970921-7722602?psc=1,"https://images-na.ssl-images-amazon.com/images/I/71IVtWrYRVL._AC_UL300_SR300,200_.jpg",27,排名进入前50；评分达到4.3以上。
2026-06-24,amazon_us,product,search,women slides,35,CUSHIONAIRE,,4.5,CUSHIONAIRE,,,,,,https://www.amazon.com/CUSHIONAIRE-Womens-Slide-Sandals-Brown/dp/B075PBVR9N/ref=sr_1_20?dib=eyJ2IjoiMSJ9.wrqHnvIFpzxZDCy1gVq3fwKhCwBY2_ePNO7BevS9Sku17V2by2FDRXv55K6EhduSwiTg3cs9giW2UwaVQmTyh2SVT8gNqZz0NGAnaUTtbUjRDGSdejMWxI81FVashbfotXUdvn9P8FPvWtZuhqMIAgxjA2aYIUac6hqvcB-3XLshdBKJr1CY5ZBXtQJD6EfjAYtThxeGRfQtRGsyJS6qLrTOoIY2EbijkgldPZUZl52g4JiVDsuCPEPMC4FIWqoAIGRIF09wdLWCclEGKXgm0dCSKQUODYNn1l1Pk_B8sBQ.7WwOpPUzEqICkPqGLFg3MsIZ2rF4uGzOJaHfYTZXML0&dib_tag=se&keywords=women+slides&qid=1782300830&sr=8-20,https://m.media-amazon.com/images/I/71tXEU83wAL._AC_UL320_.jpg,27,排名进入前50；评分达到4.3以上。
2026-06-24,amazon_us,product,search,women summer slippers,32,HFBAOEGU,¥56.74,3.9,HFBAOEGU,,,,,,https://www.amazon.com/HFBAOEGU-Slippers-Japanese-Lightweight-Bathroom/dp/B0FTDV9MCK/ref=sr_1_23?dib=eyJ2IjoiMSJ9.HELZ__VSeLI5Ljj_JV3dSWomlzIOtkt-PkeC4-IYbBFsS3paRO83YBB0NRglNxKcyMu7flzyoKIzAb8UzP0a10ijUUhKgrXKg1Kg2EiF7U2LApoU9OXbwY619f6-RHLOp0BzpHgzmah9iBGVhflCMeLOMdx2XLSFStuJPHYX_Hbyoj1VY1XY4fZFaJV0_EO2IezAL71k7cg0cnWjneCVZFM-r7BdZqFKNx5qyRx8QHFpSALbBKoBlqw6Ea8sbQcvb9ppSuBgwO-COe9ubfDsTIHS4EvxKXra-wXmBhTKdZs.EXd4cVtODX8Tlspu2iMSg-ADP2rB5BOios6XaVDQY38&dib_tag=se&keywords=women+summer+slippers&qid=1782300829&sr=8-23,https://m.media-amazon.com/images/I/71yR9F0L2KL._AC_UL320_.jpg,25,排名进入前50；价格低于人民币等值¥57.60。
2026-06-24,amazon_us,product,search,women summer slippers,49,dyiozbga,¥57.38,3.8,dyiozbga,,,,,,https://www.amazon.com/dyiozbga-Comfortable-Breathable-Orthopedic-Lightweight/dp/B0G6L2RHZG/ref=sr_1_40?dib=eyJ2IjoiMSJ9.HELZ__VSeLI5Ljj_JV3dSWomlzIOtkt-PkeC4-IYbBFsS3paRO83YBB0NRglNxKcyMu7flzyoKIzAb8UzP0a10ijUUhKgrXKg1Kg2EiF7U2LApoU9OXbwY619f6-RHLOp0BzpHgzmah9iBGVhflCMeLOMdx2XLSFStuJPHYX_Hbyoj1VY1XY4fZFaJV0_EO2IezAL71k7cg0cnWjneCVZFM-r7BdZqFKNx5qyRx8QHFpSALbBKoBlqw6Ea8sbQcvb9ppSuBgwO-COe9ubfDsTIHS4EvxKXra-wXmBhTKdZs.EXd4cVtODX8Tlspu2iMSg-ADP2rB5BOios6XaVDQY38&dib_tag=se&keywords=women+summer+slippers&qid=1782300829&sr=8-40,https://m.media-amazon.com/images/I/71yJlD7GxHL._AC_UL320_.jpg,25,排名进入前50；价格低于人民币等值¥57.60。
2026-06-24,amazon_us,product,best_sellers,Best Sellers Women Sandals,45,LULLASONG Women's Kitten Heels Sandals Square Open Toe Flip Flop Heels 1.8-2 Inch Heeled Sandals for Women,,4.2,$35.99,,,,,,https://www.amazon.com/LULLASONG-Womens-Kitten-Sandals-Square/dp/B0DCG4KHDM/ref=zg_bs_g_679425011_d_sccl_45/133-7970921-7722602?psc=1,"https://images-na.ssl-images-amazon.com/images/I/61aVZl7OhqL._AC_UL300_SR300,200_.jpg",24,排名进入前50；评分达到4.0以上。
2026-06-24,amazon_us,product,new_releases,New Releases Women Sandals,46,"CUSHIONAIRE Lanky Strappy Sandals for Women, Trendy Multi-Strap Square Toe Flat Slide Womens Sandals with Cushioned Footbed",,4.0,$37.98,,,,,,https://www.amazon.com/CUSHIONAIRE-Strappy-Sandals-Multi-Strap-Cushioned/dp/B0GXLJHHP5/ref=zg_bsnr_g_679425011_d_sccl_46/133-7970921-7722602?psc=1,"https://images-na.ssl-images-amazon.com/images/I/71f76aU4iML._AC_UL300_SR300,200_.jpg",24,排名进入前50；评分达到4.0以上。
2026-06-24,amazon_us,product,search,platform sandals women,46,Madden Girl,¥424.80,3.9,Madden Girl,,,,,,https://www.amazon.com/Madden-Girl-Womens-Mythicall-Natural/dp/B0CNKPC4Y5/ref=sr_1_27?dib=eyJ2IjoiMSJ9.iQXhHnxmXL5QxnS2-eZ6CadWA17848mjPFf4H-xFruXRAcfViz-lq7KJRP1zrsJGLhYq1ph0VZ8jNQMwSKuzSmR7h4T40lITVFp4QP0eNJhfc7jutV4NrMpbWV8AeQQOYbjzUtew3qoyTw6HkLTesAwWnyupcn5No5Tl4J8BvXnFzdGqyiZIbH-S31ln08k0cTrTq1EMMBF_HpFHa07hqB6Tg7XN5rCxqXGG1lpK0jb9QCviJJhNt8Px6uRLrKCSx2oechX8uFTLrVJnIoARJckaVbMmP6dJJyWiwtWOlhI.bFH0Cr9bxPhMBL4A-okQ4yCsSUKNQuGcki0Xi9B-P2g&dib_tag=se&keywords=platform+sandals+women&qid=1782300830&sr=8-27,https://m.media-amazon.com/images/I/71SNHrdlHML._AC_UL320_.jpg,23,排名进入前50；价格高于人民币等值¥288.00。
