date,source,data_type,list_type,keyword,rank,title,price,rating,review_count,likes,comments,views,published_at,competition_count,product_url,image_url,hot_score,reason
2026-06-18,amazon_us,product,best_sellers,Best Sellers Women Sandals,32,"CUSHIONAIRE Fame Pillow Recovery Sandals for Women, Adjustable Double Buckle Waterproof EVA Cloud Slides for Women",¥287.93,4.4,"11,517",,,,,,https://www.amazon.com/CUSHIONAIRE-Womens-recovery-cloud-Comfort/dp/B0BTQ5S71G/ref=zg_bs_g_679425011_d_sccl_32/135-0399532-1860668?psc=1,"https://images-na.ssl-images-amazon.com/images/I/81ab6T9a83L._AC_UL300_SR300,200_.jpg",88,排名进入前50；评论数高；价格处于人民币等值¥180.00-¥288.00区间；标题包含 cloud、recovery，符合美国女鞋舒适化趋势；cloud + slides组合趋势加分；评分达到4.3以上。
2026-06-18,amazon_us,product,best_sellers,Best Sellers Women Sandals,13,shevalues Orthopedic Sandals for Women Arch Support Recovery Flip Flops Pillow Soft Summer Beach Shoes,,4.3,$16.18,,,,,,https://www.amazon.com/Orthotic-Pillow-Recovery-Sandals-Support/dp/B09LC836QG/ref=zg_bs_g_679425011_d_sccl_13/143-9374178-7400904?psc=1,"https://images-na.ssl-images-amazon.com/images/I/61o9ArJVVsL._AC_UL600_SR600,400_.jpg",77,排名进入前30；标题包含 recovery、orthopedic、arch support、soft、beach、summer，符合美国女鞋舒适化趋势；orthopedic + arch support组合趋势加分；评分达到4.3以上。
2026-06-18,amazon_us,product,best_sellers,Best Sellers Women Sandals,5,Project Cloud 100% Genuine Leather Flat Sandals For Women 2026 Cork Footbed Womens Sandals with Memory Foam and arch support Vacation Essentials Slides for Women Footwear (Venita),,4.4,$37.90,,,,,,https://www.amazon.com/Project-Cloud-Comfortable-Essentials-Vacation/dp/B0CNYDF946/ref=zg_bs_g_679425011_d_sccl_5/143-9374178-7400904?psc=1,"https://images-na.ssl-images-amazon.com/images/I/81o1VbZ4PdL._AC_UL600_SR600,400_.jpg",76,排名靠前；标题包含 cloud、arch support，符合美国女鞋舒适化趋势；cloud + slides组合趋势加分；评分达到4.3以上。
2026-06-18,amazon_us,product,new_releases,New Releases Women Sandals,20,STQ Orthopedic Flip Flops for Women | Arch Support Plantar Fasciitis Relief Slim Summer Beach Thong Sandals Leather Orthotic Flip-Flop Yoga Mat Sole Lightweight Comfortable Walking Non Slip,,4.0,$9.99,,,,,,https://www.amazon.com/STQ-Orthopedic-Fasciitis-Lightweight-Comfortable/dp/B0FSCQ59DM/ref=zg_bsnr_g_679425011_d_sccl_20/135-0399532-1860668?psc=1,"https://images-na.ssl-images-amazon.com/images/I/71Crr5K7ICL._AC_UL600_SR600,400_.jpg",74,排名进入前30；标题包含 orthopedic、comfort、arch support、beach、summer，符合美国女鞋舒适化趋势；orthopedic + arch support组合趋势加分；评分达到4.0以上。
2026-06-18,amazon_us,product,best_sellers,Best Sellers Women Sandals,19,"Goosecret Women's Platform Sandals with Arch Support, Chunky Lightweight Foam Slip on Slides, Comfortable Summer Beach Sandals with Adjustable Buckle | Lightweight Chunky Slip-On Foam Slides with Adjustable Buckle,Sandals for Beach and Daily Wear",,4.4,$18.99,,,,,,https://www.amazon.com/Goosecret-Platform-Lightweight-Comfortable-Adjustable/dp/B0CZ75N4PP/ref=zg_bs_g_679425011_d_sccl_19/143-9374178-7400904?psc=1,"https://images-na.ssl-images-amazon.com/images/I/61l3YNTRtgL._AC_UL600_SR600,400_.jpg",72,排名进入前30；标题包含 platform、comfort、arch support、beach、summer，符合美国女鞋舒适化趋势；platform + comfort组合趋势加分；评分达到4.3以上。
2026-06-18,amazon_us,product,new_releases,New Releases Women Sandals,4,Project Cloud Platform Sandals Women - Memory Foam Insole Flip Flops and Lightweight Womens Sandals - Non-Slip Summer Thong Sandals for Women 2026 (ELEVATION),,4.3,$37.90,,,,,,https://www.amazon.com/Project-Cloud-Platform-Sandals-Women/dp/B0GTZM2X7L/ref=zg_bsnr_g_679425011_d_sccl_4/135-0399532-1860668?psc=1,"https://images-na.ssl-images-amazon.com/images/I/61S9XAK1yGL._AC_UL600_SR600,400_.jpg",71,排名靠前；标题包含 cloud、platform、summer，符合美国女鞋舒适化趋势；评分达到4.3以上。
2026-06-18,amazon_us,product,best_sellers,Best Sellers Women Sandals,1,KuaiLu Flip Flops for Women with Arch Support Yoga Mat Comfortable Summer Beach Walking Thong Cushion Sandals Slip On Indoor Outdoor,,4.3,$13.99,,,,,,https://www.amazon.com/KuaiLu-Support-Comfortable-Walking-Sandals/dp/B0C5ZRQS2X/ref=zg_bs_g_679425011_d_sccl_1/143-9374178-7400904?psc=1,"https://images-na.ssl-images-amazon.com/images/I/710PdcSAm6L._AC_UL600_SR600,400_.jpg",70,排名靠前；标题包含 comfort、arch support、beach、summer，符合美国女鞋舒适化趋势；评分达到4.3以上。
2026-06-18,amazon_us,product,new_releases,New Releases Women Sandals,29,Project Cloud Platform Sandals Women - Memory Foam Insole Slides Women with Adjustable Buckle - Non Slip and Lightweight Womens Sandals 2026 (Havana),,4.0,$54.90,,,,,,https://www.amazon.com/Project-Cloud-Genuine-Leather-Platform/dp/B0G217L1W3/ref=zg_bsnr_g_679425011_d_sccl_29/135-0399532-1860668?psc=1,"https://images-na.ssl-images-amazon.com/images/I/81+-nFNBI2L._AC_UL600_SR600,400_.jpg",70,排名进入前30；评论数达到50以上；标题包含 cloud、platform，符合美国女鞋舒适化趋势；cloud + slides组合趋势加分；评分达到4.0以上。
2026-06-18,amazon_us,product,search,women summer slippers,10,GOEWY,¥71.93,4.6,GOEWY,,,,,,https://www.amazon.com/GOEWY-Slippers-Outdoor-Slipper-Bridesmaid/dp/B0DT12FRRT/ref=sr_1_4?dib=eyJ2IjoiMSJ9.NubgJ1RLlNFHfLGC5PuwuUw9znhBJT3M7tF3m3ud52Nxsx-9ye_M59QjQCHhljAAlfgKq993-nprlkrYzePLIveESdygtnSKJ2TNv9aOO44-GtpAs3xT1nTKhKu0_VeYd_m2E91IWcV5v2Yeh9PQWuzrymVjVv5ij_oxzVETLvw3jc9xSfBpsZraEBPHZOxJOjUxqec7DakeCYYh8WcXiN_KFLKze6FlvvX72nkVUocIXe-1UMBIoXjA1n71Ae_aFAVmUErc4S7IBYXfenso8nXbzKcGxxByqyVx669V5mk.o6LLd682hsu5rsQou9ISoidF5iow-vBxyRHFSjRsVcQ&dib_tag=se&keywords=women+summer+slippers&qid=1781786393&sr=8-4,https://m.media-amazon.com/images/I/612fmVMoiKL._AC_UL320_.jpg,70,排名靠前；价格处于人民币等值¥57.60-¥180.00黄金区间；评分达到4.6以上。
2026-06-18,amazon_us,product,best_sellers,Best Sellers Women Sandals,29,Project Cloud 100% Genuine Leather Flat Sandals for Women 2026 Comfortable Beach Essentials Womens Sandals Memory Foam Vacation Essentials Slides for Women Footwear (Santorini),,4.3,$39.90,,,,,,https://www.amazon.com/Project-Cloud-Genuine-Leather-Sandals/dp/B0D75DL96M/ref=zg_bs_g_679425011_d_sccl_29/143-9374178-7400904?psc=1,"https://images-na.ssl-images-amazon.com/images/I/81KEpbRPxUL._AC_UL600_SR600,400_.jpg",69,排名进入前30；标题包含 cloud、comfort、beach，符合美国女鞋舒适化趋势；cloud + slides组合趋势加分；评分达到4.3以上。
2026-06-18,amazon_us,product,new_releases,New Releases Women Sandals,13,"Project Cloud Genuine Leather Women’s Sandals – Thong Flip Flops with Plush Soft Insole, Arch Support & Non Slip Outsole – Comfortable Beach & Summer Slides",,4.0,$49.90,,,,,,https://www.amazon.com/Project-Cloud-Genuine-Leather-Sandals/dp/B0GHT63G3W/ref=zg_bsnr_g_679425011_d_sccl_13/135-0399532-1860668?psc=1,"https://images-na.ssl-images-amazon.com/images/I/71Da9eEAVQL._AC_UL600_SR600,400_.jpg",69,排名进入前30；标题包含 cloud、comfort、arch support、soft、beach、summer，符合美国女鞋舒适化趋势；cloud + slides组合趋势加分；评分达到4.0以上。
2026-06-18,amazon_us,product,search,platform sandals women,29,"CUSHIONAIRE Bera Platform Thong Womens Sandals, Stylish Wedge Flip Flops for Women with Contoured Comfort Footbed CUSHIONAIRE Bera Platform Thong Womens Sandals, Stylish Wedge Flip Flops for Women with Contoured Comfort Footbed",¥359.86,4.2,4.2,,,,,,https://aax-us-east-retail-direct.amazon.com/x/c/JD5bewE94kc2LlbIQeDuR2gAAAGe2r7DcQEAAAH2AQBvbm9fdHhuX2JpZDIgICBvbm9fdHhuX2ltcDEgICAVrB9_/clv1c_ek-wBIHXErbWDn2nI5drJ16WtD5jqqAr-ZXbK1bmXje1teIk0MGUUQiN28TZVG0ep_NJXf83FyDyZUc7IsPraknY-0DNTamDVSFt7FSFWP3ojQKeXtTSLSz_6p3cdlLfM7xBLqeoAY_CerQoGZ3h_87jYFychnkqp-DAfzfpyY0cf1_lMIHLiH-xVjYfbS090U2b220_L7doF4K_tkxG1yMREWsNtgySrab042-CEg5Rk1nJg5FfwwQpNGC_SXP5BsLcRcs5FqPixDnwtjZwzGd7G8qe3yiXy3DYziHRolyZ0dlj60RajT7vh4zJlBfQDBkC1AY1DjxQZoLa3O3mTzGEl_-kGvGw5mw1qUa0GNllmP4mldVvAkkwDLtUnDnmjoXSLsPsGa3NKUURMRkgk1mF_DNeijAAA1sQX4TaG-f8rjUUdt09d5i69bMWVCwaVmdb2tqVzY4kYgpd0dVCIA96KmE-_0LSUKcZogG1ANbgcRu_UwPgbgtY_nbLgwGXJrevIkXawhwb2o3hA6plFLR3VLAp8KHBrjjFQ3Qy70_fcy-IbaXiqQtNcbk0DcsZwL_aFsN1Xyxp8ocKxqeD89hOjK1cLHCjiDvVx3gelZNK4XHNb_tsdh-9qELCp-63mI80nOZ_yFnUu3cJwDcoABhVzZeh0iBhMw2OxfizKRgdAVkriHKwG0QIDBTCbBDE6afg5hdSjD7JOeUhTX6zzY5U85FFnrXlPdl6SKXY_6uF6FEX5QaW4iOyNfJjnPPPGZIeLGvk022a13TQ7BR8q0IhoVFShuHuFBoCqCDrhZDYFySPTB14DqO9M1iDO1pMFyd7jWflDyCE-Q5A-4K7m6wyOtHhcqW_GxpCRi60bIOiZcvWJoQBfUSMrCgTsTCsop86Joz5h3XQJRR8YTHom7qptSD_QRr73jTRUlXT-UCMA4vGaKMmfIaY_NanK9XHRs6U6kIFW4pgsMBWXA22ObKONIlmGFAV9n4muFMc4e81i6ZiJnRfxAnQSXL4BHZKkUgbFfkDMhqCt4E1SVK4naROhsuPmxgR8HNB-lLX5jOJW35DY23JA_4WnAr8eR3ogof48e1UnzInnWjVgdRuQU4xm74SAqpkWv8k0_kAoSdY75ZPKbL7IxaNffwLNEh4eBFQSD-quQzloI2LaE-_NO-EJOCI1l2xLQ1WL-7cpRQZUfTg9m6bU68kOj5CkOp6U4mw4hgaSgQjTLKJYoOngP2pYTJEsilZdNNVh5Oaf143ajvGPKzc-xlgPHoqAGsDLA6M2Xe-bHfc5La3vYbSeqY5GMvLeJLJAFUHBl5wzvKmhJPGz6ptuvJZ0V_AeHVoe-bELIdsuq5bF5cwzfATUfDLP6uCh5vXcy5v8qzvcYNgCsuSvJnrcthpqcVo389Qf7qVtAGrOlsAGRsySF25SByb5RV8b2iQb584sXpLaGabAEBHn0usQCiMtIkQGI-NlbbpsO9rAbq9VTX_XjvLhM5BJkKlr-g0xSsOL0tHOz8cBRxrYSfWHu0wwwd-bP9MUBK5NbGaE9PZmG4Bk-GNmmHqDuE4YsokN66k8RebXCwXMc9q1NltXNWMgAwjrhpjInbBhBPLLm1VQ-C8bNABncNuvh3kRNXbTzuOcjxgD8cdPpQwNAwtXHMJIut4yNjaoS1XotwWtHrgQeIAgIozxPhVHB_3-XV9dbCEAnrd7xfU/https://www.amazon.com/gp/aw/d/B0GRCBZ74J/?_encoding=UTF8&pd_rd_plhdr=t&aaxitk=c7d38bfa712427d61afec6f0341c3cf4&hsa_cr_id=0&qid=1781786395&sr=1-1-f02f01d6-adaf-4bef-9a7c-29308eff9043&ref_=sbx__sbtcd2_asin_0_bkgd&pd_rd_w=qfj0Z&content-id=amzn1.sym.5159d9cb-0665-4a83-8f64-8881eaba312a%3Aamzn1.sym.5159d9cb-0665-4a83-8f64-8881eaba312a&pf_rd_p=5159d9cb-0665-4a83-8f64-8881eaba312a&pf_rd_r=R6FNQH49SF0DWR7YGEAE&pd_rd_wg=Kr3AE&pd_rd_r=63a95bfe-4924-4d34-8a60-03f4e617f687,"https://m.media-amazon.com/images/I/71XqmWoMzeL._AC_SR322,134_CB1169409_QL70_.jpg",69,排名进入前30；价格高于人民币等值¥288.00；标题包含 platform、comfort、wedge，符合美国女鞋舒适化趋势；platform + comfort组合趋势加分；评分达到4.0以上。
2026-06-18,amazon_us,product,new_releases,New Releases Women Sandals,7,shevalues Women's Flip Flops with Mild Arch Support Comfortable Lightweight Thong Sandals Summer Beach Walking Slides,,4.1,$9.99,,,,,,https://www.amazon.com/shevalues-Support-Comfortable-Lightweight-Sandals/dp/B0GVJY1R7G/ref=zg_bsnr_g_679425011_d_sccl_7/135-0399532-1860668?psc=1,"https://images-na.ssl-images-amazon.com/images/I/51Q0RjuKlEL._AC_UL600_SR600,400_.jpg",67,排名靠前；标题包含 comfort、arch support、beach、summer，符合美国女鞋舒适化趋势；评分达到4.0以上。
2026-06-18,amazon_us,product,search,women summer slippers,1,LongBay Slippers for Women Memory Foam Open Toe Slide Indoor House Shoes Slip On Bedroom Comfy Gift LongBay Slippers for Women Memory Foam Open Toe Slid…,¥143.93,4.5,,,,,,,https://aax-us-east-retail-direct.amazon.com/x/c/JOQik5FX8-T-3PFHDyNp4koAAAGe2r6-YgEAAAH2AQBvbm9fdHhuX2JpZDIgICBvbm9fdHhuX2ltcDEgICC4flrT/clv1c_ek-wBfHXFbbWzjK3YjsYrxfcuXaZLo-H_y7MBCVjPTt4c8n03v0N3USGs-vIJdpIalE__QK-DVU3hr2Ws6MBe82h1D-qtkE_Oj9hCtjr_UAGTRlqrJbbs3Zog_t2gAYphxFuzaVSpdSjVlOqwyXN09LI5B2clE3iUh2431arSYgrccvcNssFb7RgHhp0VHu0knB3jS3PHxTq-QxNLpjA978JeAo-CkP7Eal8tPyaKgYsCU46L77EZ7Z9Y_l2-175LszKms2-Wz5n1fb_FNwD9OFgYopqsiH2hzrKSph2VvS3NT8Kne5RKJ37iPHNd8FkwRdiPojpD581H2rAC-ggC5U3Cr26gQgac4UlOJql7ZJ_0R_pSGLyPK9zE0sestNfH8IlKtOOJE82tPGrCpgg8Cqo_jA9KE9olmB1bN3q8NIFCSKUGU8wjRliDlCvIDyZKmqMZAbkF8CioNAkIUnEQAcmXbdJY3sDBckrmZvAFV0mXzl5blMcaGkPrr8XlidFNEDyV6U12UByoWkrxzLHVh-xm3cerdorenTG4IOV4Uexx4cNPjEQLgxo7m_oEcf1zAKFw9n2q5GryVDrqghr1lTJc12nHDgNw2BsgPaK1QSi6E17S3DPsz_MRvDLtcK-gKzUpWgIESWwjCcbHeHR5Z0q-_fX5n86MJeDls5gSenT6KwBsMgaice4RSd4ueHz0GQGTbDdoOiu66PR0rxi2Aqay1bt5R65upn_-cp0pfsmN9nYY3OEyXUu6FagMF_j-rByn8zra1ey213qJPBdTJXHD2uNPYOJ3-VxFI7vp7yZ3AF2rYRiFymXxpEkL1z5dARLtVgN6fw6oNy2pEC5-N2P9jlccQu5vRlQf6Cw--nuBP5HXiOC74uLvgQ5mPdw4GTDY1kaaZaDgGFvX-Z5btFa8tRMEF8ItfxjOeT5qzh_R7wJeF9BESZDjFKqTzDvo2r8G07aULuxbww8q43HdCFZHbdYAaQrNb0ZbaPbPdAcu0x_bCfOyZGDFOr96ZtQ53LtMuYGa803rBPS3k1B7rUFR0Q-oxGa3mtBlPi63sp2etroYabB_jmTky8ubdziwrMvL_nMY0s-ONDqOS_Og3rxHcIYT1izp-Tw-LVhIwaAI2hMb074ck-nBpdJBCFWBreBih8jxbvOzQofqPDjOmQ2sauxsSvOmNVg90bAovD6X843tk1bUadyZ8Y87j13nBILAps_hRjB6u4HJ8GEQVTu-4dU177EMWhgXwylRcsNY2mnkHLqYYRAlv-53ZWdS0MgHBcaHp4d4-1FCYO358Mlk72LgQvA8cSzfm2AKhh0ntvfXRPHYVfV-KjqzU9EK2HevNo3TqZLRr2Qp2iMducbjnlApvEpPrILQnb8g08_KWtzyPC2M_d3FchCINVOpI8QSJNiU0eKXzisT5no422XVj-WYgAbdTkQUX1-3GiTKSt2wVyDjPJ_klQcha68QUf3pfn0w5p20mGWOuW7tsJCjMdchKBf5IIEA5uP4F_ijOb5Fve1w2c14cjmaCqQ1awlN2Y9lxiyF-d-TAqsU1I1wdyWYCVKDr3xtIh43SN6IJojXm_Dp3GYm0_tARG9sg_cazlqDxK75CY-PrlBw4M4QhfkBZeYc0r65sRZRV3pSMGD426KV9URGOY6Mm-lbfzlnQTLNJ8/https://www.amazon.com/gp/aw/d/B0DP277YRM/?_encoding=UTF8&pd_rd_plhdr=t&hsa_cr_id=0&qid=1781786393&sr=1-1-9e67e56a-6f64-441f-a281-df67fc737124&i=aps&aref=2HfxIb7QIr&ref_=sbx__sbtcd_asin_0_bkgd&pd_rd_w=iPq1U&content-id=amzn1.sym.2fb72bc8-96ef-420d-b08f-c04b69f36507%3Aamzn1.sym.2fb72bc8-96ef-420d-b08f-c04b69f36507&pf_rd_p=2fb72bc8-96ef-420d-b08f-c04b69f36507&pf_rd_r=VKJDJ4SYAA7GQYEFB8JM&pd_rd_wg=j7WLm&pd_rd_r=660e5f3e-aaee-4239-8073-72b2c4e48126,"https://m.media-amazon.com/images/I/71BlGXBbl-L._AC_SR160,134_CB1169409_QL70_.jpg",67,排名靠前；价格处于人民币等值¥57.60-¥180.00黄金区间；评分达到4.3以上。
2026-06-18,amazon_us,product,search,women summer slippers,2,LongBay Slippers for Women Memory Foam Open Toe Slide Indoor House Shoes Slip On Bedroom Comfy Gift LongBay Slippers for Women Memory Foam Open Toe Slid…,¥179.93,4.5,,,,,,,https://aax-us-east-retail-direct.amazon.com/x/c/JOQik5FX8-T-3PFHDyNp4koAAAGe2r6-YgEAAAH2AQBvbm9fdHhuX2JpZDIgICBvbm9fdHhuX2ltcDEgICC4flrT/clv1c_ek-wBfHXFbbWzjK3YjsYrxfcuXaZLo-H_y7MBCVjPTt4c8n03v0N3USGs-vIJdpIalE__QK-DVU3hr2Ws6MBe82h1D-qtkE_Oj9hCtjr_UAGTRlqrJbbs3Zog_t2gAYphxFuzaVSpdSjVlOqwyXN09LI5B2clE3iUh2431arSYgrccvcNssFb7RgHhp0VHu0knB3jS3PHxTq-QxNLpjA978JeAo-CkP7Eal8tPyaKgYsCU46L77EZ7Z9Y_l2-175LszKms2-Wz5n1fb_FNwD9OFgYopqsiH2hzrKSph2VvS3NT8Kne5RKJ37iPHNd8FkwRdiPojpD581H2rAC-ggC5U3Cr26gQgac4UlOJql7ZJ_0R_pSGLyPK9zE0sestNfH8IlKtOOJE82tPGrCpgg8Cqo_jA9KE9olmB1bN3q8NIFCSKUGU8wjRliDlCvIDyZKmqMZAbkF8CioNAkIUnEQAcmXbdJY3sDBckrmZvAFV0mXzl5blMcaGkPrr8XlidFNEDyV6U12UByoWkrxzLHVh-xm3cerdorenTG4IOV4Uexx4cNPjEQLgxo7m_oEcf1zAKFw9n2q5GryVDrqghr1lTJc12nHDgNw2BsgPaK1QSi6E17S3DPsz_MRvDLtcK-gKzUpWgIESWwjCcbHeHR5Z0q-_fX5n86MJeDls5gSenT6KwBsMgaice4RSd4ueHz0GQGTbDdoOiu66PR0rxi2Aqay1bt5R65upn_-cp0pfsmN9nYY3OEyXUu6FagMF_j-rByn8zra1ey213qJPBdTJXHD2uNPYOJ3-VxFI7vp7yZ3AF2rYRiFymXxpEkL1z5dARLtVgN6fw6oNy2pEC5-N2P9jlccQu5vRlQf6Cw--nuBP5HXiOC74uLvgQ5mPdw4GTDY1kaaZaDgGFvX-Z5btFa8tRMEF8ItfxjOeT5qzh_R7wJeF9BESZDjFKqTzDvo2r8G07aULuxbww8q43HdCFZHbdYAaQrNb0ZbaPbPdAcu0x_bCfOyZGDFOr96ZtQ53LtMuYGa803rBPS3k1B7rUFR0Q-oxGa3mtBlPi63sp2etroYabB_jmTky8ubdziwrMvL_nMY0s-ONDqOS_Og3rxHcIYT1izp-Tw-LVhIwaAI2hMb074ck-nBpdJBCFWBreBih8jxbvOzQofqPDjOmQ2sauxsSvOmNVg90bAovD6X843tk1bUadyZ8Y87j13nBILAps_hRjB6u4HJ8GEQVTu-4dU177EMWhgXwylRcsNY2mnkHLqYYRAlv-53ZWdS0MgHBcaHp4d4-1FCYO358Mlk72LgQvA8cSzfm2AKhh0ntvfXRPHYVfV-KjqzU9EK2HevNo3TqZLRr2Qp2iMducbjnlApvEpPrILQnb8g08_KWtzyPC2M_d3FchCINVOpI8QSJNiU0eKXzisT5no422XVj-WYgAbdTkQUX1-3GiTKSt2wVyDjPJ_klQcha68QUf3pfn0w5p20mGWOuW7tsJCjMdchKBf5IIEA5uP4F_ijOb5Fve1w2c14cjmaCqQ1awlN2Y9lxiyF-d-TAqsU1I1wdyWYCVKDr3xtIh43SN6IJojXm_Dp3GYm0_tARG9sg_cazlqDxK75CY-PrlBw4M4QhfkBZeYc0r65sRZRV3pSMGD426KV9URGOY6Mm-lbfzlnQTLNJ8/https://www.amazon.com/gp/aw/d/B0DP28YQBX/?_encoding=UTF8&pd_rd_plhdr=t&hsa_cr_id=0&qid=1781786393&sr=1-2-9e67e56a-6f64-441f-a281-df67fc737124&i=aps&aref=2HfxIb7QIr&ref_=sbx__sbtcd_asin_1_bkgd&pd_rd_w=iPq1U&content-id=amzn1.sym.2fb72bc8-96ef-420d-b08f-c04b69f36507%3Aamzn1.sym.2fb72bc8-96ef-420d-b08f-c04b69f36507&pf_rd_p=2fb72bc8-96ef-420d-b08f-c04b69f36507&pf_rd_r=VKJDJ4SYAA7GQYEFB8JM&pd_rd_wg=j7WLm&pd_rd_r=660e5f3e-aaee-4239-8073-72b2c4e48126,"https://m.media-amazon.com/images/I/71ES7SxjYDL._AC_SR160,134_CB1169409_QL70_.jpg",67,排名靠前；价格处于人民币等值¥57.60-¥180.00黄金区间；评分达到4.3以上。
2026-06-18,amazon_us,product,search,women summer slippers,4,Dearfoams,¥174.38,4.3,Products highlighted as 'Overall Pick' are:,,,,,,https://www.amazon.com/Dearfoams-womens-Slipper-Dusty-Large/dp/B083VY1Q3M/ref=sr_1_1?dib=eyJ2IjoiMSJ9.NubgJ1RLlNFHfLGC5PuwuUw9znhBJT3M7tF3m3ud52Nxsx-9ye_M59QjQCHhljAAlfgKq993-nprlkrYzePLIveESdygtnSKJ2TNv9aOO44-GtpAs3xT1nTKhKu0_VeYd_m2E91IWcV5v2Yeh9PQWuzrymVjVv5ij_oxzVETLvw3jc9xSfBpsZraEBPHZOxJOjUxqec7DakeCYYh8WcXiN_KFLKze6FlvvX72nkVUocIXe-1UMBIoXjA1n71Ae_aFAVmUErc4S7IBYXfenso8nXbzKcGxxByqyVx669V5mk.o6LLd682hsu5rsQou9ISoidF5iow-vBxyRHFSjRsVcQ&dib_tag=se&keywords=women+summer+slippers&qid=1781786393&sr=8-1,https://m.media-amazon.com/images/I/716X6dZXCuL._AC_UL320_.jpg,67,排名靠前；价格处于人民币等值¥57.60-¥180.00黄金区间；评分达到4.3以上。
2026-06-18,amazon_us,product,search,women summer slippers,6,Litfun,¥143.93,4.5,Litfun,,,,,,https://www.amazon.com/Litfun-Orthopedic-Slippers-Support-Corduroy/dp/B0FH4NQLCJ/ref=sr_1_3?dib=eyJ2IjoiMSJ9.NubgJ1RLlNFHfLGC5PuwuUw9znhBJT3M7tF3m3ud52Nxsx-9ye_M59QjQCHhljAAlfgKq993-nprlkrYzePLIveESdygtnSKJ2TNv9aOO44-GtpAs3xT1nTKhKu0_VeYd_m2E91IWcV5v2Yeh9PQWuzrymVjVv5ij_oxzVETLvw3jc9xSfBpsZraEBPHZOxJOjUxqec7DakeCYYh8WcXiN_KFLKze6FlvvX72nkVUocIXe-1UMBIoXjA1n71Ae_aFAVmUErc4S7IBYXfenso8nXbzKcGxxByqyVx669V5mk.o6LLd682hsu5rsQou9ISoidF5iow-vBxyRHFSjRsVcQ&dib_tag=se&keywords=women+summer+slippers&qid=1781786393&sr=8-3,https://m.media-amazon.com/images/I/71YnbijMiKL._AC_UL320_.jpg,67,排名靠前；价格处于人民币等值¥57.60-¥180.00黄金区间；评分达到4.3以上。
2026-06-18,amazon_us,product,search,women slides,2,adidas,¥143.86,4.4,Products highlighted as 'Overall Pick' are:,,,,,,https://www.amazon.com/adidas-Unisex-Adilette-Shower-Sandal/dp/B091ZDXQ2Z/ref=sr_1_1?dib=eyJ2IjoiMSJ9._KS9xv2PSxs4p0s5tNQUovInrt2RHyBcd8_hgzLhdqKGeQIB9msPbB44anht_CF42Jho4QG5yICPnMxwqHd9_At3JuIKku9v-3kXyXVxWNtDu5JqmtSrfiUm96rsPWNqqbp9fnkPDh-21EHvFgkNNH16nUwSK7CqGkhlzrufRFAhe__mo0262w_8M1hCADGN0D_mZKa1i6JW0DN3YPlyX49e4R-76yKI_hZSruoBc5D1Y6T6IU8_Josh20JRI6DFzueHeP3W-ecRcUyw4ibC2awy-CyqfI-iSTJCVIuvqZI.g-3XkOeR4Y0c5BaPvDGHpdOVAH-Y6weIFYCGDy3w3KU&dib_tag=se&keywords=women+slides&qid=1781786395&sr=8-1,https://m.media-amazon.com/images/I/51EuQODcuHL._AC_UL320_.jpg,67,排名靠前；价格处于人民币等值¥57.60-¥180.00黄金区间；评分达到4.3以上。
2026-06-18,amazon_us,product,search,women slides,3,WHITIN,¥71.93,4.4,WHITIN,,,,,,https://www.amazon.com/WHITIN-Slippers-Cushioned-Sandals-Lightweight/dp/B0C1C1L7YT/ref=sr_1_2?dib=eyJ2IjoiMSJ9._KS9xv2PSxs4p0s5tNQUovInrt2RHyBcd8_hgzLhdqKGeQIB9msPbB44anht_CF42Jho4QG5yICPnMxwqHd9_At3JuIKku9v-3kXyXVxWNtDu5JqmtSrfiUm96rsPWNqqbp9fnkPDh-21EHvFgkNNH16nUwSK7CqGkhlzrufRFAhe__mo0262w_8M1hCADGN0D_mZKa1i6JW0DN3YPlyX49e4R-76yKI_hZSruoBc5D1Y6T6IU8_Josh20JRI6DFzueHeP3W-ecRcUyw4ibC2awy-CyqfI-iSTJCVIuvqZI.g-3XkOeR4Y0c5BaPvDGHpdOVAH-Y6weIFYCGDy3w3KU&dib_tag=se&keywords=women+slides&qid=1781786395&sr=8-2,https://m.media-amazon.com/images/I/71nA8egRirL._AC_UL320_.jpg,67,排名靠前；价格处于人民币等值¥57.60-¥180.00黄金区间；评分达到4.3以上。
2026-06-18,amazon_us,product,best_sellers,Best Sellers Women Sandals,8,OOFOS OOahh Recovery Slide - Women’s and Men’s,,4.4,$59.95,,,,,,https://www.amazon.com/OOFOS-Unisex-Ooahh-Slide-Sandal/dp/B00BRC4L14/ref=zg_bs_g_679425011_d_sccl_8/143-9374178-7400904?psc=1,"https://images-na.ssl-images-amazon.com/images/I/51NSD3PLF-L._AC_UL600_SR600,400_.jpg",65,排名靠前；评论数达到50以上；标题包含 recovery，符合美国女鞋舒适化趋势；评分达到4.3以上。
2026-06-18,amazon_us,product,new_releases,New Releases Women Sandals,14,"Littleplum Women's Slides Sandals with Arch Support - Soft Cushion Platform Wedge Sandals with Adjustable Buckle for Indoor/Outdoor, Lightweight Walking Beach Resort Slippers",,4.7,$49.99,,,,,,https://www.amazon.com/Littleplum-Womens-Slides-Sandals-Support/dp/B0GMHMX4RC/ref=zg_bsnr_g_679425011_d_sccl_14/135-0399532-1860668?psc=1,"https://images-na.ssl-images-amazon.com/images/I/71v0hWyuToL._AC_UL600_SR600,400_.jpg",65,排名进入前30；标题包含 platform、arch support、soft、beach、wedge，符合美国女鞋舒适化趋势；评分达到4.6以上。
2026-06-18,amazon_us,product,search,women slides,8,Nike,¥241.92,4.6,Nike,,,,,,https://www.amazon.com/NIKE-Womens-Sneaker-Anthracite-Black/dp/B0818JZNJV/ref=sr_1_7?dib=eyJ2IjoiMSJ9._KS9xv2PSxs4p0s5tNQUovInrt2RHyBcd8_hgzLhdqKGeQIB9msPbB44anht_CF42Jho4QG5yICPnMxwqHd9_At3JuIKku9v-3kXyXVxWNtDu5JqmtSrfiUm96rsPWNqqbp9fnkPDh-21EHvFgkNNH16nUwSK7CqGkhlzrufRFAhe__mo0262w_8M1hCADGN0D_mZKa1i6JW0DN3YPlyX49e4R-76yKI_hZSruoBc5D1Y6T6IU8_Josh20JRI6DFzueHeP3W-ecRcUyw4ibC2awy-CyqfI-iSTJCVIuvqZI.g-3XkOeR4Y0c5BaPvDGHpdOVAH-Y6weIFYCGDy3w3KU&dib_tag=se&keywords=women+slides&qid=1781786395&sr=8-7,https://m.media-amazon.com/images/I/61qZ-ojcffL._AC_UL320_.jpg,65,排名靠前；价格处于人民币等值¥180.00-¥288.00区间；评分达到4.6以上。
2026-06-18,amazon_us,product,search,women slides,9,PUMA,¥189.00,4.6,PUMA,,,,,,https://www.amazon.com/PUMA-Womens-Slide-Sandal-Black-White-Pale/dp/B0B6QKC2XL/ref=sr_1_8?dib=eyJ2IjoiMSJ9._KS9xv2PSxs4p0s5tNQUovInrt2RHyBcd8_hgzLhdqKGeQIB9msPbB44anht_CF42Jho4QG5yICPnMxwqHd9_At3JuIKku9v-3kXyXVxWNtDu5JqmtSrfiUm96rsPWNqqbp9fnkPDh-21EHvFgkNNH16nUwSK7CqGkhlzrufRFAhe__mo0262w_8M1hCADGN0D_mZKa1i6JW0DN3YPlyX49e4R-76yKI_hZSruoBc5D1Y6T6IU8_Josh20JRI6DFzueHeP3W-ecRcUyw4ibC2awy-CyqfI-iSTJCVIuvqZI.g-3XkOeR4Y0c5BaPvDGHpdOVAH-Y6weIFYCGDy3w3KU&dib_tag=se&keywords=women+slides&qid=1781786395&sr=8-8,https://m.media-amazon.com/images/I/41vASSR+XuL._AC_UL320_.jpg,65,排名靠前；价格处于人民币等值¥180.00-¥288.00区间；评分达到4.6以上。
2026-06-18,amazon_us,product,best_sellers,Best Sellers Women Sandals,2,"Archies Arch Support Flip Flops for Men & Women – Orthotic Sandals for Plantar Fasciitis Relief – Lightweight, Cushioning, Shock-Absorbing Thong Sandals for Walking, Foot Pain & All-Day Comfort",,4.4,$40.00,,,,,,https://www.amazon.com/Archies-Womens-Arch-Support-Black/dp/B086SYFKLP/ref=zg_bs_g_679425011_d_sccl_2/143-9374178-7400904?psc=1,"https://images-na.ssl-images-amazon.com/images/I/81xintmVcHL._AC_UL600_SR600,400_.jpg",64,排名靠前；标题包含 comfort、arch support，符合美国女鞋舒适化趋势；评分达到4.3以上。
2026-06-18,amazon_us,product,best_sellers,Best Sellers Women Sandals,4,mazeskin Women's Memory Foam Comfortable Flat Thong Sandals Dressy Summer Beach Leather Slide Flip Flops,,4.4,$9.99,,,,,,https://www.amazon.com/mazeskin-Womens-Comfortable-Sandals-Leather/dp/B0F32KMZ18/ref=zg_bs_g_679425011_d_sccl_4/143-9374178-7400904?psc=1,"https://images-na.ssl-images-amazon.com/images/I/71jV8GHPNSL._AC_UL600_SR600,400_.jpg",64,排名靠前；标题包含 comfort、beach、summer，符合美国女鞋舒适化趋势；评分达到4.3以上。
2026-06-18,amazon_us,product,best_sellers,Best Sellers Women Sandals,7,CUSHIONAIRE Lane Cork Footbed Womens Sandals Comfortable Double Buckle Slip On Sandals for Women with Arch Support and Classic Two Strap Design,,4.5,$34.99,,,,,,https://www.amazon.com/CUSHIONAIRE-Womens-Slide-Sandals-Brown/dp/B075PBVR9N/ref=zg_bs_g_679425011_d_sccl_7/143-9374178-7400904?psc=1,"https://images-na.ssl-images-amazon.com/images/I/71tXEU83wAL._AC_UL600_SR600,400_.jpg",64,排名靠前；标题包含 comfort、arch support，符合美国女鞋舒适化趋势；评分达到4.3以上。
2026-06-18,amazon_us,product,search,women summer slippers,5,Sksshion,¥143.93,4.2,Sksshion,,,,,,https://www.amazon.com/Sksshion-Womens-Slides-Sandals-Slippers/dp/B0DP76JQ4X/ref=sr_1_2?dib=eyJ2IjoiMSJ9.NubgJ1RLlNFHfLGC5PuwuUw9znhBJT3M7tF3m3ud52Nxsx-9ye_M59QjQCHhljAAlfgKq993-nprlkrYzePLIveESdygtnSKJ2TNv9aOO44-GtpAs3xT1nTKhKu0_VeYd_m2E91IWcV5v2Yeh9PQWuzrymVjVv5ij_oxzVETLvw3jc9xSfBpsZraEBPHZOxJOjUxqec7DakeCYYh8WcXiN_KFLKze6FlvvX72nkVUocIXe-1UMBIoXjA1n71Ae_aFAVmUErc4S7IBYXfenso8nXbzKcGxxByqyVx669V5mk.o6LLd682hsu5rsQou9ISoidF5iow-vBxyRHFSjRsVcQ&dib_tag=se&keywords=women+summer+slippers&qid=1781786393&sr=8-2,https://m.media-amazon.com/images/I/71E9gKBPQjL._AC_UL320_.jpg,64,排名靠前；价格处于人民币等值¥57.60-¥180.00黄金区间；评分达到4.0以上。
2026-06-18,amazon_us,product,best_sellers,Best Sellers Women Sandals,3,Project Cloud Flip Flops for Women Footwear- Lightweight and Memory Foam Insole Sandals for Women 2026 - Durable Non-Slip Beach Essentials Flats for Women Sandals (Foundations),,4.3,$29.90,,,,,,https://www.amazon.com/Project-Cloud-Flip-flops-Women/dp/B0D2DY9ZPR/ref=zg_bs_g_679425011_d_sccl_3/143-9374178-7400904?psc=1,"https://images-na.ssl-images-amazon.com/images/I/7149WRN+TGL._AC_UL600_SR600,400_.jpg",63,排名靠前；标题包含 cloud、beach，符合美国女鞋舒适化趋势；评分达到4.3以上。
2026-06-18,amazon_us,product,best_sellers,Best Sellers Women Sandals,31,Crocs Women Getaway Strappy Sandals,¥285.77,4.5,"8,530",,,,,,https://www.amazon.com/Crocs-Getaway-Strappy-Sandals-Truffle/dp/B0D7VHXNKP/ref=zg_bs_g_679425011_d_sccl_31/135-0399532-1860668?psc=1,"https://images-na.ssl-images-amazon.com/images/I/41XlH+hu26L._AC_UL300_SR300,200_.jpg",62,排名进入前50；评论数高；价格处于人民币等值¥180.00-¥288.00区间；评分达到4.3以上。
2026-06-18,amazon_us,product,new_releases,New Releases Women Sandals,45,COFACE Womens Rhinestone Orthopedic Flip Flops Lightweight Yoga Mat Thick Cushioned Recovery Walking Thong Sandals Adjustable Summer Beach Slippers with Comfortable Plantar Fasciitis Arch Support,,4.5,$32.99,,,,,,https://www.amazon.com/COFACE-Rhinestone-Orthopedic-Cushioned-Comfortable/dp/B0GVLW419P/ref=zg_bsnr_g_679425011_d_sccl_45/135-0399532-1860668?psc=1,"https://images-na.ssl-images-amazon.com/images/I/81vO0UeScgL._AC_UL300_SR300,200_.jpg",62,排名进入前50；标题包含 recovery、orthopedic、comfort、arch support、beach、summer，符合美国女鞋舒适化趋势；orthopedic + arch support组合趋势加分；评分达到4.3以上。
2026-06-18,amazon_us,product,search,platform sandals women,8,EQAUDES,¥215.93,4.3,EQAUDES,,,,,,https://www.amazon.com/sspa/click?ie=UTF8&spc=MToyOTc5MzUwMTY1MTA2MDcxOjE3ODE3ODYzOTU6c3BfYXRmOjMwMTI5MTM5ODM4ODAwMjo6MDo6&url=%2FEQAUDES-Summer-Sandals-Platform-Espadrilles%2Fdp%2FB0G24VMLSJ%2Fref%3Dsr_1_2_sspa%3Fdib%3DeyJ2IjoiMSJ9.EzbUdw9pCBZMp1xiap9xkOtXmSxPzWy4mipEzMmzqIie2zjbOOgkTU8i_DqcCjCud8-j7uqVV4c1OAPwVu_zssOlcrnFcHqG58j1SZmvcYvYC9qW8YgUMff6TWwyPh23A9_OfjgoyAgWNx2RCZ58hy0rZs-Ki7c1RWQ_jKOhK2bSemp6bwny5DQKb73_hZK0zWaqhcR9bpwv2ZNLNca8VA_BFpA-88UEmYbAM-K4XZf2cW-hL6eh8LdGnTrUjWzyIX92qbXBHyunx6uW0Ti2FLfKVqKDaCsTZk5cUlOY__Q.20hiZY71aoFnFdixmQKvMaXC-Cqi1I2RTFxOO3qTeNg%26dib_tag%3Dse%26keywords%3Dplatform%2Bsandals%2Bwomen%26qid%3D1781786395%26sr%3D8-2-spons%26sp_csd%3Dd2lkZ2V0TmFtZT1zcF9hdGY%26psc%3D1,https://m.media-amazon.com/images/I/81feEOSwHcL._AC_UL320_.jpg,62,排名靠前；价格处于人民币等值¥180.00-¥288.00区间；评分达到4.3以上。
2026-06-18,amazon_us,product,best_sellers,Best Sellers Women Sandals,9,"ODOLY Unisex Cork Footbed Slide Sandal, Arch Support Summer Outdoor Sandals with Adjustable Buckle for Women and Men",,4.5,$19.99,,,,,,https://www.amazon.com/ODOLY-Footbed-Comfortable-Sandals-Adjustable/dp/B0CSMN1X4W/ref=zg_bs_g_679425011_d_sccl_9/143-9374178-7400904?psc=1,"https://images-na.ssl-images-amazon.com/images/I/61iYsM+H9QL._AC_UL600_SR600,400_.jpg",61,排名靠前；标题包含 arch support、summer，符合美国女鞋舒适化趋势；评分达到4.3以上。
2026-06-18,amazon_us,product,new_releases,New Releases Women Sandals,6,"CUSHIONAIRE Lab Jelly Flats for Women, Closed Toe Slip On Lightweight Womens Mules with Woven Design and Cushioned Comfort",,4.8,$34.98,,,,,,https://www.amazon.com/CUSHIONAIRE-Lightweight-Cushioned-Comfort-CHOCOLATE/dp/B0GXLQJB8T/ref=zg_bsnr_g_679425011_d_sccl_6/135-0399532-1860668?psc=1,"https://images-na.ssl-images-amazon.com/images/I/81yCFR3A49L._AC_UL600_SR600,400_.jpg",61,排名靠前；标题包含 comfort，符合美国女鞋舒适化趋势；评分达到4.6以上。
2026-06-18,amazon_us,product,best_sellers,Best Sellers Women Sandals,27,Project Cloud 100% Genuine Leather Sandals Women Dressy Beach Essentials Slides for Women Footwear - Lightweight with Memory Foam Insole Sandals for Women 2026 - Womens Slides,,4.1,$32.90,,,,,,https://www.amazon.com/Project-Cloud-Genuine-Leather-Essentials/dp/B0CP4LB912/ref=zg_bs_g_679425011_d_sccl_27/143-9374178-7400904?psc=1,"https://images-na.ssl-images-amazon.com/images/I/813h1QBU5fL._AC_UL600_SR600,400_.jpg",60,排名进入前30；标题包含 cloud、beach，符合美国女鞋舒适化趋势；cloud + slides组合趋势加分；评分达到4.0以上。
2026-06-18,amazon_us,product,new_releases,New Releases Women Sandals,44,Project Cloud Comfortable Sandals Women - Lightweight with Plush & Soft Insole Buckle Womens Sandals - Non Slip and Durable Fashion Platform Frayed Sandal for Women 2026 (LIGHT),,4.6,$39.90,,,,,,https://www.amazon.com/Project-Cloud-Comfortable-Sandals-Women/dp/B0GDCQM812/ref=zg_bsnr_g_679425011_d_sccl_44/135-0399532-1860668?psc=1,"https://images-na.ssl-images-amazon.com/images/I/71GIwN9tOnL._AC_UL300_SR300,200_.jpg",60,排名进入前50；标题包含 cloud、platform、comfort、soft，符合美国女鞋舒适化趋势；platform + comfort组合趋势加分；评分达到4.6以上。
2026-06-18,amazon_us,product,search,platform sandals women,10,Project Cloud,¥306.72,4.2,Project Cloud,,,,,,https://www.amazon.com/sspa/click?ie=UTF8&spc=MToyOTc5MzUwMTY1MTA2MDcxOjE3ODE3ODYzOTU6c3BfYXRmOjMwMTI3ODU2ODM0MTUwMjo6MDo6&url=%2FProject-Cloud-Genuine-Platform-Footwear%2Fdp%2FB0DNRSMTDH%2Fref%3Dsr_1_4_sspa%3Fdib%3DeyJ2IjoiMSJ9.EzbUdw9pCBZMp1xiap9xkOtXmSxPzWy4mipEzMmzqIie2zjbOOgkTU8i_DqcCjCud8-j7uqVV4c1OAPwVu_zssOlcrnFcHqG58j1SZmvcYvYC9qW8YgUMff6TWwyPh23A9_OfjgoyAgWNx2RCZ58hy0rZs-Ki7c1RWQ_jKOhK2bSemp6bwny5DQKb73_hZK0zWaqhcR9bpwv2ZNLNca8VA_BFpA-88UEmYbAM-K4XZf2cW-hL6eh8LdGnTrUjWzyIX92qbXBHyunx6uW0Ti2FLfKVqKDaCsTZk5cUlOY__Q.20hiZY71aoFnFdixmQKvMaXC-Cqi1I2RTFxOO3qTeNg%26dib_tag%3Dse%26keywords%3Dplatform%2Bsandals%2Bwomen%26qid%3D1781786395%26sr%3D8-4-spons%26sp_csd%3Dd2lkZ2V0TmFtZT1zcF9hdGY%26psc%3D1,https://m.media-amazon.com/images/I/81lnNIJRDQL._AC_UL320_.jpg,60,排名靠前；价格高于人民币等值¥288.00；标题包含 cloud，符合美国女鞋舒适化趋势；评分达到4.0以上。
2026-06-18,amazon_us,product,best_sellers,Best Sellers Women Sandals,10,Crocs Women's Brooklyn Low Wedge Sandals,,4.6,$41.21,,,,,,https://www.amazon.com/Crocs-Brooklyn-Low-Wedge-Black/dp/B07YQRHPBF/ref=zg_bs_g_679425011_d_sccl_10/143-9374178-7400904?psc=1,"https://images-na.ssl-images-amazon.com/images/I/7146HmICxBL._AC_UL600_SR600,400_.jpg",58,排名靠前；标题包含 wedge，符合美国女鞋舒适化趋势；评分达到4.6以上。
2026-06-18,amazon_us,product,best_sellers,Best Sellers Women Sandals,30,OOFOS OOriginal Recovery Sandal - Women’s and Men’s,,4.6,$54.99,,,,,,https://www.amazon.com/OOFOS-Unisex-Original-Thong-Women/dp/B00BRC51C2/ref=zg_bs_g_679425011_d_sccl_30/143-9374178-7400904?psc=1,"https://images-na.ssl-images-amazon.com/images/I/61nyn8C1UeL._AC_UL600_SR600,400_.jpg",58,排名进入前30；评论数达到50以上；标题包含 recovery，符合美国女鞋舒适化趋势；评分达到4.6以上。
2026-06-18,amazon_us,product,new_releases,New Releases Women Sandals,3,"CUSHIONAIRE Siesta Modern Lattice Ballet Flats for Women, Comfortable Slip On Pointed Toe Womens Jelly Shoes",,4.4,$39.99,,,,,,https://www.amazon.com/CUSHIONAIRE-Siesta-Lattice-Comfortable-Pointed/dp/B0GYQ3JK18/ref=zg_bsnr_g_679425011_d_sccl_3/135-0399532-1860668?psc=1,"https://images-na.ssl-images-amazon.com/images/I/81aIqaR3TYL._AC_UL600_SR600,400_.jpg",58,排名靠前；标题包含 comfort，符合美国女鞋舒适化趋势；评分达到4.3以上。
2026-06-18,amazon_us,product,new_releases,New Releases Women Sandals,9,adidas Unisex Adult Adilette Comfort 2.0 Slide,,4.4,$25.28,,,,,,https://www.amazon.com/adidas-Unisex-Adilette-Comfort-Sandal/dp/B0F2B84XX9/ref=zg_bsnr_g_679425011_d_sccl_9/135-0399532-1860668?psc=1,"https://images-na.ssl-images-amazon.com/images/I/51qn7G+PVyL._AC_UL600_SR600,400_.jpg",58,排名靠前；标题包含 comfort，符合美国女鞋舒适化趋势；评分达到4.3以上。
2026-06-18,amazon_us,product,new_releases,New Releases Women Sandals,10,Glamnest Women's Kitten Heel Sandals Square Open Toe Slip On Flip Flop Heels Comfortable 2 Inch Heeled Sandals Thong Party Dress Summer Travel Wedding,,4.1,$31.99,,,,,,https://www.amazon.com/Glamnest-Womens-Kitten-Comfortable-Wedding/dp/B0GLZ4Q81C/ref=zg_bsnr_g_679425011_d_sccl_10/135-0399532-1860668?psc=1,"https://images-na.ssl-images-amazon.com/images/I/61TP1DPnvlL._AC_UL600_SR600,400_.jpg",58,排名靠前；标题包含 comfort、summer，符合美国女鞋舒适化趋势；评分达到4.0以上。
2026-06-18,amazon_us,product,best_sellers,Best Sellers Women Sandals,22,KuaiLu Womens Arch Support Flip Flops Comfortable Yoga Mat Slip on Summer Beach Walking Thong Cushion Sandals,,4.2,$13.99,,,,,,https://www.amazon.com/KuaiLu-Support-Comfortable-Cushion-Walking/dp/B08GKGCH2R/ref=zg_bs_g_679425011_d_sccl_22/143-9374178-7400904?psc=1,"https://images-na.ssl-images-amazon.com/images/I/81-DUybjK+L._AC_UL600_SR600,400_.jpg",57,排名进入前30；标题包含 comfort、arch support、beach、summer，符合美国女鞋舒适化趋势；评分达到4.0以上。
2026-06-18,amazon_us,product,best_sellers,Best Sellers Women Sandals,24,UBFEN Womens Hiking Comfort Sport Sandals Beach Vacation Camping Casual Sport Sandals with Adjustable Straps and Arch Support,,4.5,$39.99,,,,,,https://www.amazon.com/UBFEN-Sandals-Adjustable-Support-Vacation/dp/B0DQ7YQ2MD/ref=zg_bs_g_679425011_d_sccl_24/143-9374178-7400904?psc=1,"https://images-na.ssl-images-amazon.com/images/I/71kBI1vUNtL._AC_UL600_SR600,400_.jpg",57,排名进入前30；标题包含 comfort、arch support、beach，符合美国女鞋舒适化趋势；评分达到4.3以上。
2026-06-18,amazon_us,product,new_releases,New Releases Women Sandals,16,Noctivelle Women Mary Jane Jelly Mule Flat Sandals Waterproof Beach Pool Comfort Soft Insole Breathable Hollow Quick-Dry Summer Adjustable Buckle Strap Water Slides,,4.4,$19.99,,,,,,https://www.amazon.com/Noctivelle-Waterproof-Breathable-Quick-Dry-Adjustable/dp/B0GT4N1DPJ/ref=zg_bsnr_g_679425011_d_sccl_16/135-0399532-1860668?psc=1,"https://images-na.ssl-images-amazon.com/images/I/71qNbCFHsiL._AC_UL600_SR600,400_.jpg",57,排名进入前30；标题包含 comfort、soft、beach、summer，符合美国女鞋舒适化趋势；评分达到4.3以上。
2026-06-18,amazon_us,product,new_releases,New Releases Women Sandals,22,"CUSHIONAIRE Expo Thong Sandals for Women, Comfortable Slingback Sandals with Arch Support and Cushioned Footbed",,4.8,$39.98,,,,,,https://www.amazon.com/CUSHIONAIRE-Sandals-Comfortable-Slingback-Cushioned/dp/B0GZJ9RZJK/ref=zg_bsnr_g_679425011_d_sccl_22/135-0399532-1860668?psc=1,"https://images-na.ssl-images-amazon.com/images/I/71ojR3ZUhwL._AC_UL600_SR600,400_.jpg",57,排名进入前30；标题包含 comfort、arch support，符合美国女鞋舒适化趋势；评分达到4.6以上。
2026-06-18,amazon_us,product,new_releases,New Releases Women Sandals,30,"MOAILAOZI Women's Dressy Flat Sandals, Slip On Slide With Comfortable Memory Foam Support, Summer Beach Slide",,5.0,$19.99,,,,,,https://www.amazon.com/MOAILAOZI-Womens-Sandals-Comfortable-Support/dp/B0GV4HGLFN/ref=zg_bsnr_g_679425011_d_sccl_30/135-0399532-1860668?psc=1,"https://images-na.ssl-images-amazon.com/images/I/61kWHIxAOYL._AC_UL600_SR600,400_.jpg",57,排名进入前30；标题包含 comfort、beach、summer，符合美国女鞋舒适化趋势；评分达到4.6以上。
2026-06-18,amazon_us,product,search,women summer slippers,12,LongBay,¥143.93,4.5,LongBay,,,,,,https://www.amazon.com/LongBay-Slippers-Memory-Bedroom-Dual-Strap/dp/B0DP277YRM/ref=sr_1_6?dib=eyJ2IjoiMSJ9.NubgJ1RLlNFHfLGC5PuwuUw9znhBJT3M7tF3m3ud52Nxsx-9ye_M59QjQCHhljAAlfgKq993-nprlkrYzePLIveESdygtnSKJ2TNv9aOO44-GtpAs3xT1nTKhKu0_VeYd_m2E91IWcV5v2Yeh9PQWuzrymVjVv5ij_oxzVETLvw3jc9xSfBpsZraEBPHZOxJOjUxqec7DakeCYYh8WcXiN_KFLKze6FlvvX72nkVUocIXe-1UMBIoXjA1n71Ae_aFAVmUErc4S7IBYXfenso8nXbzKcGxxByqyVx669V5mk.o6LLd682hsu5rsQou9ISoidF5iow-vBxyRHFSjRsVcQ&dib_tag=se&keywords=women+summer+slippers&qid=1781786393&sr=8-6,https://m.media-amazon.com/images/I/71BlGXBbl-L._AC_UL320_.jpg,57,排名进入前30；价格处于人民币等值¥57.60-¥180.00黄金区间；评分达到4.3以上。
2026-06-18,amazon_us,product,search,women summer slippers,13,IPSAE,¥71.93,4.4,IPSAE,,,,,,https://www.amazon.com/IPSAE-Slippers-Corduroy-Slipper-Bedroom/dp/B0DB4W73J3/ref=sr_1_7?dib=eyJ2IjoiMSJ9.NubgJ1RLlNFHfLGC5PuwuUw9znhBJT3M7tF3m3ud52Nxsx-9ye_M59QjQCHhljAAlfgKq993-nprlkrYzePLIveESdygtnSKJ2TNv9aOO44-GtpAs3xT1nTKhKu0_VeYd_m2E91IWcV5v2Yeh9PQWuzrymVjVv5ij_oxzVETLvw3jc9xSfBpsZraEBPHZOxJOjUxqec7DakeCYYh8WcXiN_KFLKze6FlvvX72nkVUocIXe-1UMBIoXjA1n71Ae_aFAVmUErc4S7IBYXfenso8nXbzKcGxxByqyVx669V5mk.o6LLd682hsu5rsQou9ISoidF5iow-vBxyRHFSjRsVcQ&dib_tag=se&keywords=women+summer+slippers&qid=1781786393&sr=8-7,https://m.media-amazon.com/images/I/71GcxKVQLUL._AC_UL320_.jpg,57,排名进入前30；价格处于人民币等值¥57.60-¥180.00黄金区间；评分达到4.3以上。
2026-06-18,amazon_us,product,search,women summer slippers,14,Evshine,¥86.33,4.4,Evshine,,,,,,https://www.amazon.com/Evshine-Summer-Slippers-Corduroy-Bedroom/dp/B0CSN39WDS/ref=sr_1_8?dib=eyJ2IjoiMSJ9.NubgJ1RLlNFHfLGC5PuwuUw9znhBJT3M7tF3m3ud52Nxsx-9ye_M59QjQCHhljAAlfgKq993-nprlkrYzePLIveESdygtnSKJ2TNv9aOO44-GtpAs3xT1nTKhKu0_VeYd_m2E91IWcV5v2Yeh9PQWuzrymVjVv5ij_oxzVETLvw3jc9xSfBpsZraEBPHZOxJOjUxqec7DakeCYYh8WcXiN_KFLKze6FlvvX72nkVUocIXe-1UMBIoXjA1n71Ae_aFAVmUErc4S7IBYXfenso8nXbzKcGxxByqyVx669V5mk.o6LLd682hsu5rsQou9ISoidF5iow-vBxyRHFSjRsVcQ&dib_tag=se&keywords=women+summer+slippers&qid=1781786393&sr=8-8,https://m.media-amazon.com/images/I/71SaoMUrpoL._AC_UL320_.jpg,57,排名进入前30；价格处于人民币等值¥57.60-¥180.00黄金区间；评分达到4.3以上。
2026-06-18,amazon_us,product,search,women summer slippers,15,shevalues,¥100.73,4.3,shevalues,,,,,,https://www.amazon.com/Shevalues-Womens-Indoor-Slippers-Cotton/dp/B074HBC1BR/ref=sr_1_9?dib=eyJ2IjoiMSJ9.NubgJ1RLlNFHfLGC5PuwuUw9znhBJT3M7tF3m3ud52Nxsx-9ye_M59QjQCHhljAAlfgKq993-nprlkrYzePLIveESdygtnSKJ2TNv9aOO44-GtpAs3xT1nTKhKu0_VeYd_m2E91IWcV5v2Yeh9PQWuzrymVjVv5ij_oxzVETLvw3jc9xSfBpsZraEBPHZOxJOjUxqec7DakeCYYh8WcXiN_KFLKze6FlvvX72nkVUocIXe-1UMBIoXjA1n71Ae_aFAVmUErc4S7IBYXfenso8nXbzKcGxxByqyVx669V5mk.o6LLd682hsu5rsQou9ISoidF5iow-vBxyRHFSjRsVcQ&dib_tag=se&keywords=women+summer+slippers&qid=1781786393&sr=8-9,https://m.media-amazon.com/images/I/71JYzlHXkPL._AC_UL320_.jpg,57,排名进入前30；价格处于人民币等值¥57.60-¥180.00黄金区间；评分达到4.3以上。
2026-06-18,amazon_us,product,search,women summer slippers,17,EverFoams,¥158.33,4.5,EverFoams,,,,,,https://www.amazon.com/EverFoams-Womens-Slippers-Memory-Outdoor/dp/B0CLGNYKFR/ref=sr_1_11?dib=eyJ2IjoiMSJ9.NubgJ1RLlNFHfLGC5PuwuUw9znhBJT3M7tF3m3ud52Nxsx-9ye_M59QjQCHhljAAlfgKq993-nprlkrYzePLIveESdygtnSKJ2TNv9aOO44-GtpAs3xT1nTKhKu0_VeYd_m2E91IWcV5v2Yeh9PQWuzrymVjVv5ij_oxzVETLvw3jc9xSfBpsZraEBPHZOxJOjUxqec7DakeCYYh8WcXiN_KFLKze6FlvvX72nkVUocIXe-1UMBIoXjA1n71Ae_aFAVmUErc4S7IBYXfenso8nXbzKcGxxByqyVx669V5mk.o6LLd682hsu5rsQou9ISoidF5iow-vBxyRHFSjRsVcQ&dib_tag=se&keywords=women+summer+slippers&qid=1781786393&sr=8-11,https://m.media-amazon.com/images/I/81rGYT3pkaL._AC_UL320_.jpg,57,排名进入前30；价格处于人民币等值¥57.60-¥180.00黄金区间；评分达到4.3以上。
2026-06-18,amazon_us,product,search,women summer slippers,18,KuaiLu,¥100.73,4.3,KuaiLu,,,,,,https://www.amazon.com/KuaiLu-Support-Comfortable-Walking-Sandals/dp/B0C5ZZ51RT/ref=sr_1_12?dib=eyJ2IjoiMSJ9.NubgJ1RLlNFHfLGC5PuwuUw9znhBJT3M7tF3m3ud52Nxsx-9ye_M59QjQCHhljAAlfgKq993-nprlkrYzePLIveESdygtnSKJ2TNv9aOO44-GtpAs3xT1nTKhKu0_VeYd_m2E91IWcV5v2Yeh9PQWuzrymVjVv5ij_oxzVETLvw3jc9xSfBpsZraEBPHZOxJOjUxqec7DakeCYYh8WcXiN_KFLKze6FlvvX72nkVUocIXe-1UMBIoXjA1n71Ae_aFAVmUErc4S7IBYXfenso8nXbzKcGxxByqyVx669V5mk.o6LLd682hsu5rsQou9ISoidF5iow-vBxyRHFSjRsVcQ&dib_tag=se&keywords=women+summer+slippers&qid=1781786393&sr=8-12,https://m.media-amazon.com/images/I/710PdcSAm6L._AC_UL320_.jpg,57,排名进入前30；价格处于人民币等值¥57.60-¥180.00黄金区间；评分达到4.3以上。
2026-06-18,amazon_us,product,search,women summer slippers,21,HomeTop,¥136.73,4.4,HomeTop,,,,,,https://www.amazon.com/Womens-Comfort-Cotton-Slippers-Anti-Skid/dp/B07J5QBSWK/ref=sr_1_15?dib=eyJ2IjoiMSJ9.NubgJ1RLlNFHfLGC5PuwuUw9znhBJT3M7tF3m3ud52Nxsx-9ye_M59QjQCHhljAAlfgKq993-nprlkrYzePLIveESdygtnSKJ2TNv9aOO44-GtpAs3xT1nTKhKu0_VeYd_m2E91IWcV5v2Yeh9PQWuzrymVjVv5ij_oxzVETLvw3jc9xSfBpsZraEBPHZOxJOjUxqec7DakeCYYh8WcXiN_KFLKze6FlvvX72nkVUocIXe-1UMBIoXjA1n71Ae_aFAVmUErc4S7IBYXfenso8nXbzKcGxxByqyVx669V5mk.o6LLd682hsu5rsQou9ISoidF5iow-vBxyRHFSjRsVcQ&dib_tag=se&keywords=women+summer+slippers&qid=1781786393&sr=8-15,https://m.media-amazon.com/images/I/71h+wvVaLcL._AC_UL320_.jpg,57,排名进入前30；价格处于人民币等值¥57.60-¥180.00黄金区间；评分达到4.3以上。
2026-06-18,amazon_us,product,search,women summer slippers,22,shevalues,¥143.93,4.3,shevalues,,,,,,https://www.amazon.com/shevalues-Summer-Slippers-Support-Breathable/dp/B0BK8PN8CL/ref=sr_1_16?dib=eyJ2IjoiMSJ9.NubgJ1RLlNFHfLGC5PuwuUw9znhBJT3M7tF3m3ud52Nxsx-9ye_M59QjQCHhljAAlfgKq993-nprlkrYzePLIveESdygtnSKJ2TNv9aOO44-GtpAs3xT1nTKhKu0_VeYd_m2E91IWcV5v2Yeh9PQWuzrymVjVv5ij_oxzVETLvw3jc9xSfBpsZraEBPHZOxJOjUxqec7DakeCYYh8WcXiN_KFLKze6FlvvX72nkVUocIXe-1UMBIoXjA1n71Ae_aFAVmUErc4S7IBYXfenso8nXbzKcGxxByqyVx669V5mk.o6LLd682hsu5rsQou9ISoidF5iow-vBxyRHFSjRsVcQ&dib_tag=se&keywords=women+summer+slippers&qid=1781786393&sr=8-16,https://m.media-amazon.com/images/I/71wQ2tOj0+L._AC_UL320_.jpg,57,排名进入前30；价格处于人民币等值¥57.60-¥180.00黄金区间；评分达到4.3以上。
2026-06-18,amazon_us,product,search,women summer slippers,23,GOEWY,¥93.53,4.4,GOEWY,,,,,,https://www.amazon.com/GOEWY-Slippers-Anti-Skid-Birthday-Bridesmaid/dp/B0DRFQKGW3/ref=sr_1_17?dib=eyJ2IjoiMSJ9.NubgJ1RLlNFHfLGC5PuwuUw9znhBJT3M7tF3m3ud52Nxsx-9ye_M59QjQCHhljAAlfgKq993-nprlkrYzePLIveESdygtnSKJ2TNv9aOO44-GtpAs3xT1nTKhKu0_VeYd_m2E91IWcV5v2Yeh9PQWuzrymVjVv5ij_oxzVETLvw3jc9xSfBpsZraEBPHZOxJOjUxqec7DakeCYYh8WcXiN_KFLKze6FlvvX72nkVUocIXe-1UMBIoXjA1n71Ae_aFAVmUErc4S7IBYXfenso8nXbzKcGxxByqyVx669V5mk.o6LLd682hsu5rsQou9ISoidF5iow-vBxyRHFSjRsVcQ&dib_tag=se&keywords=women+summer+slippers&qid=1781786393&sr=8-17,https://m.media-amazon.com/images/I/71cJmHLWhGL._AC_UL320_.jpg,57,排名进入前30；价格处于人民币等值¥57.60-¥180.00黄金区间；评分达到4.3以上。
2026-06-18,amazon_us,product,search,women summer slippers,26,ULTRAIDEAS,¥115.13,4.5,ULTRAIDEAS,,,,,,https://www.amazon.com/ULTRAIDEAS-Slippers-Bowknot-Outdoor-Anti-Skid/dp/B07MZ3H6MN/ref=sr_1_20?dib=eyJ2IjoiMSJ9.NubgJ1RLlNFHfLGC5PuwuUw9znhBJT3M7tF3m3ud52Nxsx-9ye_M59QjQCHhljAAlfgKq993-nprlkrYzePLIveESdygtnSKJ2TNv9aOO44-GtpAs3xT1nTKhKu0_VeYd_m2E91IWcV5v2Yeh9PQWuzrymVjVv5ij_oxzVETLvw3jc9xSfBpsZraEBPHZOxJOjUxqec7DakeCYYh8WcXiN_KFLKze6FlvvX72nkVUocIXe-1UMBIoXjA1n71Ae_aFAVmUErc4S7IBYXfenso8nXbzKcGxxByqyVx669V5mk.o6LLd682hsu5rsQou9ISoidF5iow-vBxyRHFSjRsVcQ&dib_tag=se&keywords=women+summer+slippers&qid=1781786393&sr=8-20,https://m.media-amazon.com/images/I/71cvxwhDe7L._AC_UL320_.jpg,57,排名进入前30；价格处于人民币等值¥57.60-¥180.00黄金区间；评分达到4.3以上。
2026-06-18,amazon_us,product,search,women summer slippers,27,Garonne,¥115.13,4.3,Garonne,,,,,,https://www.amazon.com/Garonne-Open-toe-Slippers-Support-Adjustable/dp/B0F21B5LY5/ref=sr_1_21?dib=eyJ2IjoiMSJ9.NubgJ1RLlNFHfLGC5PuwuUw9znhBJT3M7tF3m3ud52Nxsx-9ye_M59QjQCHhljAAlfgKq993-nprlkrYzePLIveESdygtnSKJ2TNv9aOO44-GtpAs3xT1nTKhKu0_VeYd_m2E91IWcV5v2Yeh9PQWuzrymVjVv5ij_oxzVETLvw3jc9xSfBpsZraEBPHZOxJOjUxqec7DakeCYYh8WcXiN_KFLKze6FlvvX72nkVUocIXe-1UMBIoXjA1n71Ae_aFAVmUErc4S7IBYXfenso8nXbzKcGxxByqyVx669V5mk.o6LLd682hsu5rsQou9ISoidF5iow-vBxyRHFSjRsVcQ&dib_tag=se&keywords=women+summer+slippers&qid=1781786393&sr=8-21,https://m.media-amazon.com/images/I/61QD2CewWOL._AC_UL320_.jpg,57,排名进入前30；价格处于人民币等值¥57.60-¥180.00黄金区间；评分达到4.3以上。
2026-06-18,amazon_us,product,search,women slides,26,Comwarm,¥86.33,4.3,Comwarm,,,,,,https://www.amazon.com/Sandals-Lightweight-Bathroom-Non-Slip-Slippers/dp/B099DTRKSL/ref=sr_1_17?dib=eyJ2IjoiMSJ9._KS9xv2PSxs4p0s5tNQUovInrt2RHyBcd8_hgzLhdqKGeQIB9msPbB44anht_CF42Jho4QG5yICPnMxwqHd9_At3JuIKku9v-3kXyXVxWNtDu5JqmtSrfiUm96rsPWNqqbp9fnkPDh-21EHvFgkNNH16nUwSK7CqGkhlzrufRFAhe__mo0262w_8M1hCADGN0D_mZKa1i6JW0DN3YPlyX49e4R-76yKI_hZSruoBc5D1Y6T6IU8_Josh20JRI6DFzueHeP3W-ecRcUyw4ibC2awy-CyqfI-iSTJCVIuvqZI.g-3XkOeR4Y0c5BaPvDGHpdOVAH-Y6weIFYCGDy3w3KU&dib_tag=se&keywords=women+slides&qid=1781786395&sr=8-17,https://m.media-amazon.com/images/I/71uNAZpAhiL._AC_UL320_.jpg,57,排名进入前30；价格处于人民币等值¥57.60-¥180.00黄金区间；评分达到4.3以上。
2026-06-18,amazon_us,product,search,women slides,27,ODOLY,¥143.93,4.5,ODOLY,,,,,,https://www.amazon.com/ODOLY-Footbed-Comfortable-Sandals-Adjustable/dp/B0CSMN1X4W/ref=sr_1_18?dib=eyJ2IjoiMSJ9._KS9xv2PSxs4p0s5tNQUovInrt2RHyBcd8_hgzLhdqKGeQIB9msPbB44anht_CF42Jho4QG5yICPnMxwqHd9_At3JuIKku9v-3kXyXVxWNtDu5JqmtSrfiUm96rsPWNqqbp9fnkPDh-21EHvFgkNNH16nUwSK7CqGkhlzrufRFAhe__mo0262w_8M1hCADGN0D_mZKa1i6JW0DN3YPlyX49e4R-76yKI_hZSruoBc5D1Y6T6IU8_Josh20JRI6DFzueHeP3W-ecRcUyw4ibC2awy-CyqfI-iSTJCVIuvqZI.g-3XkOeR4Y0c5BaPvDGHpdOVAH-Y6weIFYCGDy3w3KU&dib_tag=se&keywords=women+slides&qid=1781786395&sr=8-18,https://m.media-amazon.com/images/I/61iYsM+H9QL._AC_UL320_.jpg,57,排名进入前30；价格处于人民币等值¥57.60-¥180.00黄金区间；评分达到4.3以上。
2026-06-18,amazon_us,product,search,women slides,28,KIDMI,¥158.33,4.5,KIDMI,,,,,,https://www.amazon.com/KIDMI-Genuine-Sandals-Footbed-Adjustable/dp/B0DQH21M77/ref=sr_1_19?dib=eyJ2IjoiMSJ9._KS9xv2PSxs4p0s5tNQUovInrt2RHyBcd8_hgzLhdqKGeQIB9msPbB44anht_CF42Jho4QG5yICPnMxwqHd9_At3JuIKku9v-3kXyXVxWNtDu5JqmtSrfiUm96rsPWNqqbp9fnkPDh-21EHvFgkNNH16nUwSK7CqGkhlzrufRFAhe__mo0262w_8M1hCADGN0D_mZKa1i6JW0DN3YPlyX49e4R-76yKI_hZSruoBc5D1Y6T6IU8_Josh20JRI6DFzueHeP3W-ecRcUyw4ibC2awy-CyqfI-iSTJCVIuvqZI.g-3XkOeR4Y0c5BaPvDGHpdOVAH-Y6weIFYCGDy3w3KU&dib_tag=se&keywords=women+slides&qid=1781786395&sr=8-19,https://m.media-amazon.com/images/I/81JaarSAG2L._AC_UL320_.jpg,57,排名进入前30；价格处于人民币等值¥57.60-¥180.00黄金区间；评分达到4.3以上。
2026-06-18,amazon_us,product,search,platform sandals women,21,Goosecret,¥136.73,4.4,Goosecret,,,,,,https://www.amazon.com/Goosecret-Platform-Lightweight-Comfortable-Adjustable/dp/B0CZ75N4PP/ref=sr_1_10?dib=eyJ2IjoiMSJ9.EzbUdw9pCBZMp1xiap9xkOtXmSxPzWy4mipEzMmzqIie2zjbOOgkTU8i_DqcCjCud8-j7uqVV4c1OAPwVu_zssOlcrnFcHqG58j1SZmvcYvYC9qW8YgUMff6TWwyPh23A9_OfjgoyAgWNx2RCZ58hy0rZs-Ki7c1RWQ_jKOhK2bSemp6bwny5DQKb73_hZK0zWaqhcR9bpwv2ZNLNca8VA_BFpA-88UEmYbAM-K4XZf2cW-hL6eh8LdGnTrUjWzyIX92qbXBHyunx6uW0Ti2FLfKVqKDaCsTZk5cUlOY__Q.20hiZY71aoFnFdixmQKvMaXC-Cqi1I2RTFxOO3qTeNg&dib_tag=se&keywords=platform+sandals+women&qid=1781786395&sr=8-10,https://m.media-amazon.com/images/I/61l3YNTRtgL._AC_UL320_.jpg,57,排名进入前30；价格处于人民币等值¥57.60-¥180.00黄金区间；评分达到4.3以上。
2026-06-18,amazon_us,product,search,platform sandals women,27,Soda,¥176.90,4.5,Soda,,,,,,https://www.amazon.com/Soda-Buckle-Espadrilles-Flatform-Casual/dp/B0C5S26DHB/ref=sr_1_16?dib=eyJ2IjoiMSJ9.EzbUdw9pCBZMp1xiap9xkOtXmSxPzWy4mipEzMmzqIie2zjbOOgkTU8i_DqcCjCud8-j7uqVV4c1OAPwVu_zssOlcrnFcHqG58j1SZmvcYvYC9qW8YgUMff6TWwyPh23A9_OfjgoyAgWNx2RCZ58hy0rZs-Ki7c1RWQ_jKOhK2bSemp6bwny5DQKb73_hZK0zWaqhcR9bpwv2ZNLNca8VA_BFpA-88UEmYbAM-K4XZf2cW-hL6eh8LdGnTrUjWzyIX92qbXBHyunx6uW0Ti2FLfKVqKDaCsTZk5cUlOY__Q.20hiZY71aoFnFdixmQKvMaXC-Cqi1I2RTFxOO3qTeNg&dib_tag=se&keywords=platform+sandals+women&qid=1781786395&sr=8-16,https://m.media-amazon.com/images/I/71q-Jp+UEkL._AC_UL320_.jpg,57,排名进入前30；价格处于人民币等值¥57.60-¥180.00黄金区间；评分达到4.3以上。
2026-06-18,amazon_us,product,new_releases,New Releases Women Sandals,19,NEEP Jelly Sandals for Women Non-Slip Pool Slides Vintage Platform Double Buckle Waterproof Sandals for Summer Beach Casual,,4.5,$32.39,,,,,,https://www.amazon.com/NEEP-Sandals-Non-Slip-Platform-Waterproof/dp/B0GWZG4MT8/ref=zg_bsnr_g_679425011_d_sccl_19/135-0399532-1860668?psc=1,"https://images-na.ssl-images-amazon.com/images/I/71iXkFqzxsL._AC_UL600_SR600,400_.jpg",56,排名进入前30；标题包含 platform、beach、summer，符合美国女鞋舒适化趋势；评分达到4.3以上。
2026-06-18,amazon_us,product,new_releases,New Releases Women Sandals,23,"Platform Flip Flops for Women, Arch Support Cushion Thong Sandals, Thick Sole Pillow Slippers, Non-Slip Summer Beach Shoes",,3.5,$11.55,,,,,,https://www.amazon.com/Platform-Support-Cushion-Slippers-Non-Slip/dp/B0GV7GHK65/ref=zg_bsnr_g_679425011_d_sccl_23/135-0399532-1860668?psc=1,"https://images-na.ssl-images-amazon.com/images/I/41PxRsXU-fL._AC_UL600_SR600,400_.jpg",55,排名进入前30；标题包含 platform、arch support、beach、summer，符合美国女鞋舒适化趋势。
2026-06-18,amazon_us,product,search,women slides,7,OOFOS,¥431.64,4.4,OOFOS,,,,,,https://www.amazon.com/OOFOS-Unisex-Ooahh-Slide-Sandal/dp/B00BRC4L14/ref=sr_1_6?dib=eyJ2IjoiMSJ9._KS9xv2PSxs4p0s5tNQUovInrt2RHyBcd8_hgzLhdqKGeQIB9msPbB44anht_CF42Jho4QG5yICPnMxwqHd9_At3JuIKku9v-3kXyXVxWNtDu5JqmtSrfiUm96rsPWNqqbp9fnkPDh-21EHvFgkNNH16nUwSK7CqGkhlzrufRFAhe__mo0262w_8M1hCADGN0D_mZKa1i6JW0DN3YPlyX49e4R-76yKI_hZSruoBc5D1Y6T6IU8_Josh20JRI6DFzueHeP3W-ecRcUyw4ibC2awy-CyqfI-iSTJCVIuvqZI.g-3XkOeR4Y0c5BaPvDGHpdOVAH-Y6weIFYCGDy3w3KU&dib_tag=se&keywords=women+slides&qid=1781786395&sr=8-6,https://m.media-amazon.com/images/I/51NSD3PLF-L._AC_UL320_.jpg,55,排名靠前；价格高于人民币等值¥288.00；评分达到4.3以上。
2026-06-18,amazon_us,product,search,platform sandals women,7,CUSHIONAIRE,¥215.93,3.1,CUSHIONAIRE,,,,,,https://www.amazon.com/sspa/click?ie=UTF8&spc=MToyOTc5MzUwMTY1MTA2MDcxOjE3ODE3ODYzOTU6c3BfYXRmOjMwMDcwOTcxOTgxNzUwMjo6MDo6&url=%2FCUSHIONAIRE-Kudos-Platform-Womens-Sandals%2Fdp%2FB0DWCMVZYH%2Fref%3Dsr_1_1_sspa%3Fdib%3DeyJ2IjoiMSJ9.EzbUdw9pCBZMp1xiap9xkOtXmSxPzWy4mipEzMmzqIie2zjbOOgkTU8i_DqcCjCud8-j7uqVV4c1OAPwVu_zssOlcrnFcHqG58j1SZmvcYvYC9qW8YgUMff6TWwyPh23A9_OfjgoyAgWNx2RCZ58hy0rZs-Ki7c1RWQ_jKOhK2bSemp6bwny5DQKb73_hZK0zWaqhcR9bpwv2ZNLNca8VA_BFpA-88UEmYbAM-K4XZf2cW-hL6eh8LdGnTrUjWzyIX92qbXBHyunx6uW0Ti2FLfKVqKDaCsTZk5cUlOY__Q.20hiZY71aoFnFdixmQKvMaXC-Cqi1I2RTFxOO3qTeNg%26dib_tag%3Dse%26keywords%3Dplatform%2Bsandals%2Bwomen%26qid%3D1781786395%26sr%3D8-1-spons%26sp_csd%3Dd2lkZ2V0TmFtZT1zcF9hdGY%26psc%3D1,https://m.media-amazon.com/images/I/710TKe5nVhL._AC_UL320_.jpg,55,排名靠前；价格处于人民币等值¥180.00-¥288.00区间。
2026-06-18,amazon_us,product,search,platform sandals women,17,mysoft,¥218.66,4.4,mysoft,,,,,,https://www.amazon.com/sspa/click?ie=UTF8&spc=MTozMzYyMTk3NTIxODQzODEzOjE3ODE3ODYzOTU6c3Bfc2VhcmNoX3RoZW1hdGljOjMwMTIyODU3NzU4NzQwMjo6Mzo6&url=%2Fmysoft-Walking-Sandals-Platform-Comfortable%2Fdp%2FB0BDLBY6RM%2Fref%3Dsxin_16_pa_sp_search_thematic_sspa%3Fcontent-id%3Damzn1.sym.9830f7a6-3831-47c8-8516-490493d4fc59%253Aamzn1.sym.9830f7a6-3831-47c8-8516-490493d4fc59%26cv_ct_cx%3Dplatform%2Bsandals%2Bwomen%26keywords%3Dplatform%2Bsandals%2Bwomen%26pd_rd_i%3DB0BDLBY6RM%26pd_rd_r%3D63a95bfe-4924-4d34-8a60-03f4e617f687%26pd_rd_w%3DfntSM%26pd_rd_wg%3DKr3AE%26pf_rd_p%3D9830f7a6-3831-47c8-8516-490493d4fc59%26pf_rd_r%3DR6FNQH49SF0DWR7YGEAE%26qid%3D1781786395%26sbo%3DRZvfv%252F%252FHxDF%252BO5021pAnSA%253D%253D%26sr%3D1-4-7efdef4d-9875-47e1-927f-8c2c1c47ed49-spons%26aref%3D0FqvwzrKlA%26sp_csd%3Dd2lkZ2V0TmFtZT1zcF9zZWFyY2hfdGhlbWF0aWM%26psc%3D1&aref=0FqvwzrKlA,https://m.media-amazon.com/images/I/71DzqMJv0fL._AC_UL320_.jpg,55,排名进入前30；价格处于人民币等值¥180.00-¥288.00区间；标题包含 soft，符合美国女鞋舒适化趋势；评分达到4.3以上。
2026-06-18,amazon_us,product,search,platform sandals women,26,STYVELLA,¥273.53,4.6,STYVELLA,,,,,,https://www.amazon.com/STYVELLA-Platform-Sandals-Non-Slip-Occasions/dp/B0GVTT4PP8/ref=sr_1_15?dib=eyJ2IjoiMSJ9.EzbUdw9pCBZMp1xiap9xkOtXmSxPzWy4mipEzMmzqIie2zjbOOgkTU8i_DqcCjCud8-j7uqVV4c1OAPwVu_zssOlcrnFcHqG58j1SZmvcYvYC9qW8YgUMff6TWwyPh23A9_OfjgoyAgWNx2RCZ58hy0rZs-Ki7c1RWQ_jKOhK2bSemp6bwny5DQKb73_hZK0zWaqhcR9bpwv2ZNLNca8VA_BFpA-88UEmYbAM-K4XZf2cW-hL6eh8LdGnTrUjWzyIX92qbXBHyunx6uW0Ti2FLfKVqKDaCsTZk5cUlOY__Q.20hiZY71aoFnFdixmQKvMaXC-Cqi1I2RTFxOO3qTeNg&dib_tag=se&keywords=platform+sandals+women&qid=1781786395&sr=8-15,https://m.media-amazon.com/images/I/61K8agzj-6L._AC_UL320_.jpg,55,排名进入前30；价格处于人民币等值¥180.00-¥288.00区间；评分达到4.6以上。
2026-06-18,amazon_us,product,best_sellers,Best Sellers Women Sandals,23,"FUNKYMONKEY Women's Comfort Slides with Arch Support, Non-Slip Lightweight Foam Slip-on Flat Beach Sandals with Adjustable Buckle for Vacation & Everyday Wear",,4.1,$18.99,,,,,,https://www.amazon.com/FUNKYMONKEY-Comfort-Adjustable-Sandals-US-Women/dp/B07CV9YZBB/ref=zg_bs_g_679425011_d_sccl_23/143-9374178-7400904?psc=1,"https://images-na.ssl-images-amazon.com/images/I/51o3wxcasIL._AC_UL600_SR600,400_.jpg",54,排名进入前30；标题包含 comfort、arch support、beach，符合美国女鞋舒适化趋势；评分达到4.0以上。
2026-06-18,amazon_us,product,new_releases,New Releases Women Sandals,18,QIY Women's Flip Flops Flat Sandals Minimalist Knot Design Slip on Slide Sandals Comfortable Non Slip Summer Casual Thong Flats for Beach Vacation,,4.3,$26.99,,,,,,https://www.amazon.com/QIY-Womens-Sandals-Leather-Errands/dp/B0GX167WT7/ref=zg_bsnr_g_679425011_d_sccl_18/135-0399532-1860668?psc=1,"https://images-na.ssl-images-amazon.com/images/I/618hqQFCz5L._AC_UL600_SR600,400_.jpg",54,排名进入前30；标题包含 comfort、beach、summer，符合美国女鞋舒适化趋势；评分达到4.3以上。
2026-06-18,amazon_us,product,search,women summer slippers,16,Yoerpe,¥79.13,4.2,Yoerpe,,,,,,https://www.amazon.com/Yoerpe-Womens-House-Slippers-Slip/dp/B0DRNTXHFS/ref=sr_1_10?dib=eyJ2IjoiMSJ9.NubgJ1RLlNFHfLGC5PuwuUw9znhBJT3M7tF3m3ud52Nxsx-9ye_M59QjQCHhljAAlfgKq993-nprlkrYzePLIveESdygtnSKJ2TNv9aOO44-GtpAs3xT1nTKhKu0_VeYd_m2E91IWcV5v2Yeh9PQWuzrymVjVv5ij_oxzVETLvw3jc9xSfBpsZraEBPHZOxJOjUxqec7DakeCYYh8WcXiN_KFLKze6FlvvX72nkVUocIXe-1UMBIoXjA1n71Ae_aFAVmUErc4S7IBYXfenso8nXbzKcGxxByqyVx669V5mk.o6LLd682hsu5rsQou9ISoidF5iow-vBxyRHFSjRsVcQ&dib_tag=se&keywords=women+summer+slippers&qid=1781786393&sr=8-10,https://m.media-amazon.com/images/I/81KV6CQuzNL._AC_UL320_.jpg,54,排名进入前30；价格处于人民币等值¥57.60-¥180.00黄金区间；评分达到4.0以上。
2026-06-18,amazon_us,product,search,women summer slippers,19,COCOMUSE,¥107.93,4.1,COCOMUSE,,,,,,https://www.amazon.com/Ultralight-Indoor-Cotton-Slippers-Absorb/dp/B09MRP87ZZ/ref=sr_1_13?dib=eyJ2IjoiMSJ9.NubgJ1RLlNFHfLGC5PuwuUw9znhBJT3M7tF3m3ud52Nxsx-9ye_M59QjQCHhljAAlfgKq993-nprlkrYzePLIveESdygtnSKJ2TNv9aOO44-GtpAs3xT1nTKhKu0_VeYd_m2E91IWcV5v2Yeh9PQWuzrymVjVv5ij_oxzVETLvw3jc9xSfBpsZraEBPHZOxJOjUxqec7DakeCYYh8WcXiN_KFLKze6FlvvX72nkVUocIXe-1UMBIoXjA1n71Ae_aFAVmUErc4S7IBYXfenso8nXbzKcGxxByqyVx669V5mk.o6LLd682hsu5rsQou9ISoidF5iow-vBxyRHFSjRsVcQ&dib_tag=se&keywords=women+summer+slippers&qid=1781786393&sr=8-13,https://m.media-amazon.com/images/I/81KNq3E0H3L._AC_UL320_.jpg,54,排名进入前30；价格处于人民币等值¥57.60-¥180.00黄金区间；评分达到4.0以上。
2026-06-18,amazon_us,product,best_sellers,Best Sellers Women Sandals,6,CUSHIONAIRE Pool Slides for Women Water Resistant Double Buckle Adjustable Slip-On Womens Sandals for Beach Shower Casual Wear,,4.1,$44.98,,,,,,https://www.amazon.com/CUSHIONAIRE-Slides-Resistant-Adjustable-Sandals/dp/B0GXHKZW5C/ref=zg_bs_g_679425011_d_sccl_6/143-9374178-7400904?psc=1,"https://images-na.ssl-images-amazon.com/images/I/71NStLIJ8SL._AC_UL600_SR600,400_.jpg",52,排名靠前；标题包含 beach，符合美国女鞋舒适化趋势；评分达到4.0以上。
2026-06-18,amazon_us,product,new_releases,New Releases Women Sandals,1,CUSHIONAIRE Pool Slides for Women Water Resistant Double Buckle Adjustable Slip-On Womens Sandals for Beach Shower Casual Wear,,4.1,$44.98,,,,,,https://www.amazon.com/CUSHIONAIRE-Slides-Resistant-Adjustable-Sandals/dp/B0GXHKZW5C/ref=zg_bsnr_g_679425011_d_sccl_1/135-0399532-1860668?psc=1,"https://images-na.ssl-images-amazon.com/images/I/71NStLIJ8SL._AC_UL600_SR600,400_.jpg",52,排名靠前；标题包含 beach，符合美国女鞋舒适化趋势；评分达到4.0以上。
2026-06-18,amazon_us,product,new_releases,New Releases Women Sandals,5,adidas Unisex Adult Adilette Aqua Slide,,4.4,$21.00,,,,,,https://www.amazon.com/adidas-Unisex-Adilette-Slide-Sandal/dp/B0BHXP7C37/ref=zg_bsnr_g_679425011_d_sccl_5/135-0399532-1860668?psc=1,"https://images-na.ssl-images-amazon.com/images/I/51MKnxJBP5L._AC_UL600_SR600,400_.jpg",52,排名靠前；评分达到4.3以上。
2026-06-18,amazon_us,product,new_releases,New Releases Women Sandals,8,adidas Women's Adilette Aqua Slide,,4.5,$21.00,,,,,,https://www.amazon.com/adidas-Womens-Adilette-Slides-Sandal/dp/B0921XTJQ7/ref=zg_bsnr_g_679425011_d_sccl_8/135-0399532-1860668?psc=1,"https://images-na.ssl-images-amazon.com/images/I/31UIFbdKeTL._AC_UL600_SR600,400_.jpg",52,排名靠前；评分达到4.3以上。
2026-06-18,amazon_us,product,search,women slides,21,CUSHIONAIRE,¥287.93,4.4,CUSHIONAIRE,,,,,,https://www.amazon.com/CUSHIONAIRE-Double-Adjustable-Buckle-Shower/dp/B09CK8CYPC/ref=sr_1_12?dib=eyJ2IjoiMSJ9._KS9xv2PSxs4p0s5tNQUovInrt2RHyBcd8_hgzLhdqKGeQIB9msPbB44anht_CF42Jho4QG5yICPnMxwqHd9_At3JuIKku9v-3kXyXVxWNtDu5JqmtSrfiUm96rsPWNqqbp9fnkPDh-21EHvFgkNNH16nUwSK7CqGkhlzrufRFAhe__mo0262w_8M1hCADGN0D_mZKa1i6JW0DN3YPlyX49e4R-76yKI_hZSruoBc5D1Y6T6IU8_Josh20JRI6DFzueHeP3W-ecRcUyw4ibC2awy-CyqfI-iSTJCVIuvqZI.g-3XkOeR4Y0c5BaPvDGHpdOVAH-Y6weIFYCGDy3w3KU&dib_tag=se&keywords=women+slides&qid=1781786395&sr=8-12,https://m.media-amazon.com/images/I/81UVyCi7FzL._AC_UL320_.jpg,52,排名进入前30；价格处于人民币等值¥180.00-¥288.00区间；评分达到4.3以上。
2026-06-18,amazon_us,product,search,women slides,23,adidas,¥189.00,4.5,adidas,,,,,,https://www.amazon.com/adidas-Unisex-Adilette-Sportswear-Sandal/dp/B0D224KWLQ/ref=sr_1_14?dib=eyJ2IjoiMSJ9._KS9xv2PSxs4p0s5tNQUovInrt2RHyBcd8_hgzLhdqKGeQIB9msPbB44anht_CF42Jho4QG5yICPnMxwqHd9_At3JuIKku9v-3kXyXVxWNtDu5JqmtSrfiUm96rsPWNqqbp9fnkPDh-21EHvFgkNNH16nUwSK7CqGkhlzrufRFAhe__mo0262w_8M1hCADGN0D_mZKa1i6JW0DN3YPlyX49e4R-76yKI_hZSruoBc5D1Y6T6IU8_Josh20JRI6DFzueHeP3W-ecRcUyw4ibC2awy-CyqfI-iSTJCVIuvqZI.g-3XkOeR4Y0c5BaPvDGHpdOVAH-Y6weIFYCGDy3w3KU&dib_tag=se&keywords=women+slides&qid=1781786395&sr=8-14,https://m.media-amazon.com/images/I/51EzGCn-OoL._AC_UL320_.jpg,52,排名进入前30；价格处于人民币等值¥180.00-¥288.00区间；评分达到4.3以上。
2026-06-18,amazon_us,product,search,women slides,24,Crocs,¥287.64,4.5,Crocs,,,,,,https://www.amazon.com/Crocs-Getaway-Strappy-Sandals-Truffle/dp/B0D7VHLQFZ/ref=sr_1_15?dib=eyJ2IjoiMSJ9._KS9xv2PSxs4p0s5tNQUovInrt2RHyBcd8_hgzLhdqKGeQIB9msPbB44anht_CF42Jho4QG5yICPnMxwqHd9_At3JuIKku9v-3kXyXVxWNtDu5JqmtSrfiUm96rsPWNqqbp9fnkPDh-21EHvFgkNNH16nUwSK7CqGkhlzrufRFAhe__mo0262w_8M1hCADGN0D_mZKa1i6JW0DN3YPlyX49e4R-76yKI_hZSruoBc5D1Y6T6IU8_Josh20JRI6DFzueHeP3W-ecRcUyw4ibC2awy-CyqfI-iSTJCVIuvqZI.g-3XkOeR4Y0c5BaPvDGHpdOVAH-Y6weIFYCGDy3w3KU&dib_tag=se&keywords=women+slides&qid=1781786395&sr=8-15,https://m.media-amazon.com/images/I/41XlH+hu26L._AC_UL320_.jpg,52,排名进入前30；价格处于人民币等值¥180.00-¥288.00区间；评分达到4.3以上。
2026-06-18,amazon_us,product,search,platform sandals women,16,DREAM PAIRS,¥230.33,4.3,DREAM PAIRS,,,,,,https://www.amazon.com/sspa/click?ie=UTF8&spc=MTozMzYyMTk3NTIxODQzODEzOjE3ODE3ODYzOTU6c3Bfc2VhcmNoX3RoZW1hdGljOjMwMDEyMzkwMzcyOTAwMjo6Mjo6&url=%2FDREAM-PAIRS-Espadrilles-Comfortable-Nude-Suede%2Fdp%2FB0BYDBX2ZJ%2Fref%3Dsxin_16_pa_sp_search_thematic_sspa%3Fcontent-id%3Damzn1.sym.9830f7a6-3831-47c8-8516-490493d4fc59%253Aamzn1.sym.9830f7a6-3831-47c8-8516-490493d4fc59%26cv_ct_cx%3Dplatform%2Bsandals%2Bwomen%26keywords%3Dplatform%2Bsandals%2Bwomen%26pd_rd_i%3DB0BYDBX2ZJ%26pd_rd_r%3D63a95bfe-4924-4d34-8a60-03f4e617f687%26pd_rd_w%3DfntSM%26pd_rd_wg%3DKr3AE%26pf_rd_p%3D9830f7a6-3831-47c8-8516-490493d4fc59%26pf_rd_r%3DR6FNQH49SF0DWR7YGEAE%26qid%3D1781786395%26sbo%3DRZvfv%252F%252FHxDF%252BO5021pAnSA%253D%253D%26sr%3D1-3-7efdef4d-9875-47e1-927f-8c2c1c47ed49-spons%26aref%3DFhH9PXu75e%26sp_csd%3Dd2lkZ2V0TmFtZT1zcF9zZWFyY2hfdGhlbWF0aWM%26psc%3D1&aref=FhH9PXu75e,https://m.media-amazon.com/images/I/71qztPeVs6L._AC_UL320_.jpg,52,排名进入前30；价格处于人民币等值¥180.00-¥288.00区间；评分达到4.3以上。
2026-06-18,amazon_us,product,search,platform sandals women,23,ziitop,¥244.66,4.5,ziitop,,,,,,https://www.amazon.com/sspa/click?ie=UTF8&spc=MToyOTc5MzUwMTY1MTA2MDcxOjE3ODE3ODYzOTU6c3BfbXRmOjMwMTIwNTU4MzgyMDUwMjo6MDo6&url=%2Fziitop-Espadrille-Platform-Orthopedic-Comfortable%2Fdp%2FB0GJDM4H1L%2Fref%3Dsr_1_12_sspa%3Fdib%3DeyJ2IjoiMSJ9.EzbUdw9pCBZMp1xiap9xkOtXmSxPzWy4mipEzMmzqIie2zjbOOgkTU8i_DqcCjCud8-j7uqVV4c1OAPwVu_zssOlcrnFcHqG58j1SZmvcYvYC9qW8YgUMff6TWwyPh23A9_OfjgoyAgWNx2RCZ58hy0rZs-Ki7c1RWQ_jKOhK2bSemp6bwny5DQKb73_hZK0zWaqhcR9bpwv2ZNLNca8VA_BFpA-88UEmYbAM-K4XZf2cW-hL6eh8LdGnTrUjWzyIX92qbXBHyunx6uW0Ti2FLfKVqKDaCsTZk5cUlOY__Q.20hiZY71aoFnFdixmQKvMaXC-Cqi1I2RTFxOO3qTeNg%26dib_tag%3Dse%26keywords%3Dplatform%2Bsandals%2Bwomen%26qid%3D1781786395%26sr%3D8-12-spons%26sp_csd%3Dd2lkZ2V0TmFtZT1zcF9tdGY%26psc%3D1,https://m.media-amazon.com/images/I/817fLZVM4PL._AC_UL320_.jpg,52,排名进入前30；价格处于人民币等值¥180.00-¥288.00区间；评分达到4.3以上。
2026-06-18,amazon_us,product,best_sellers,Best Sellers Women Sandals,17,"CUSHIONAIRE Luna Sandals for Women, Cork Footbed Womens Sandals for Summer Comfort with Adjustable Straps, Wide Width Available",,4.5,$34.99,,,,,,https://www.amazon.com/CUSHIONAIRE-Next-Womens-Slide-Sandals-Brown/dp/B073XSLL5P/ref=zg_bs_g_679425011_d_sccl_17/143-9374178-7400904?psc=1,"https://images-na.ssl-images-amazon.com/images/I/81TDeaArVJL._AC_UL600_SR600,400_.jpg",51,排名进入前30；标题包含 comfort、summer，符合美国女鞋舒适化趋势；评分达到4.3以上。
2026-06-18,amazon_us,product,best_sellers,Best Sellers Women Sandals,26,KIDMI Unisex Summer Sandals Arch Support Cork Footbed Slide Sandals with Double Adjustable Buckle for Women Men,,4.5,$21.99,,,,,,https://www.amazon.com/KIDMI-Genuine-Sandals-Footbed-Adjustable/dp/B0DQH21M77/ref=zg_bs_g_679425011_d_sccl_26/143-9374178-7400904?psc=1,"https://images-na.ssl-images-amazon.com/images/I/81JaarSAG2L._AC_UL600_SR600,400_.jpg",51,排名进入前30；标题包含 arch support、summer，符合美国女鞋舒适化趋势；评分达到4.3以上。
2026-06-18,amazon_us,product,new_releases,New Releases Women Sandals,12,Rainbow Sandals Women’s Double Layer Flirty Braidy Premier Leather w/Single Braided Strap,,4.8,$90.00,,,,,,https://www.amazon.com/Rainbow-Sandals-Premier-Leather-Braided/dp/B0GZQ5HXTM/ref=zg_bsnr_g_679425011_d_sccl_12/135-0399532-1860668?psc=1,"https://images-na.ssl-images-amazon.com/images/I/71cAVMcF91L._AC_UL600_SR600,400_.jpg",50,排名进入前30；评论数达到50以上；评分达到4.6以上。
2026-06-18,amazon_us,product,new_releases,New Releases Women Sandals,25,"CUSHIONAIRE Flora Platform Espadrilles for Women, Dressy Wedge Closed Toe Sandals with Ankle Strap and Cushioned Footbed",,4.1,$49.99,,,,,,https://www.amazon.com/CUSHIONAIRE-Platform-Espadrilles-Sandals-Cushioned/dp/B0GXJ3MQ4F/ref=zg_bsnr_g_679425011_d_sccl_25/135-0399532-1860668?psc=1,"https://images-na.ssl-images-amazon.com/images/I/81lROjN+zUL._AC_UL600_SR600,400_.jpg",50,排名进入前30；标题包含 platform、wedge，符合美国女鞋舒适化趋势；评分达到4.0以上。
2026-06-18,amazon_us,product,new_releases,New Releases Women Sandals,31,ONCAI Women’s Platform Chunky Sandals With Arch Support Trendy Fashion Summer Vacation Wedge Flip Flops for Women Soft Walking Outdoor Ladies Heels Shoes Rubber Soles US Size 5-11,,4.7,30,,,,,,https://www.amazon.com/ONCAI-Platform-Sandals-Vacation-Waterproof/dp/B0GVJ9KRC5/ref=zg_bsnr_g_679425011_d_sccl_31/135-0399532-1860668?psc=1,"https://images-na.ssl-images-amazon.com/images/I/711GOroVeqL._AC_UL300_SR300,200_.jpg",50,排名进入前50；标题包含 platform、arch support、soft、summer、wedge，符合美国女鞋舒适化趋势；评分达到4.6以上。
2026-06-18,amazon_us,product,best_sellers,Best Sellers Women Sandals,46,"Reef Cushion Vista Hi Womens Platform Fashion Sandal, Arch Support, Ultra Soft Cushion Footbed",,4.4,$56.08,,,,,,https://www.amazon.com/Reef-Womens-Cushion-Vista-Hi/dp/B09K8WMWN6/ref=zg_bs_g_679425011_d_sccl_46/135-0399532-1860668?psc=1,"https://images-na.ssl-images-amazon.com/images/I/61wij8MIiAL._AC_UL300_SR300,200_.jpg",49,排名进入前50；评论数达到50以上；标题包含 platform、arch support、soft，符合美国女鞋舒适化趋势；评分达到4.3以上。
2026-06-18,amazon_us,product,new_releases,New Releases Women Sandals,2,"CUSHIONAIRE Vita Jelly Sandals for Women, Casual Lightweight Womens Strappy Sandals with Adjustable Buckle Strap and Gold Hardware Accent",,4.0,$39.98,,,,,,https://www.amazon.com/CUSHIONAIRE-Sandals-Lightweight-Adjustable-Hardware/dp/B0H1Y94T1T/ref=zg_bsnr_g_679425011_d_sccl_2/135-0399532-1860668?psc=1,"https://images-na.ssl-images-amazon.com/images/I/81Uy6Bt6XaL._AC_UL600_SR600,400_.jpg",49,排名靠前；评分达到4.0以上。
2026-06-18,amazon_us,product,search,women summer slippers,29,SaDuck,¥187.13,4.1,SaDuck,,,,,,https://www.amazon.com/SaDuck-Summer-Slippers-Women-Slip/dp/B0GLNVHZ5M/ref=sr_1_23?dib=eyJ2IjoiMSJ9.NubgJ1RLlNFHfLGC5PuwuUw9znhBJT3M7tF3m3ud52Nxsx-9ye_M59QjQCHhljAAlfgKq993-nprlkrYzePLIveESdygtnSKJ2TNv9aOO44-GtpAs3xT1nTKhKu0_VeYd_m2E91IWcV5v2Yeh9PQWuzrymVjVv5ij_oxzVETLvw3jc9xSfBpsZraEBPHZOxJOjUxqec7DakeCYYh8WcXiN_KFLKze6FlvvX72nkVUocIXe-1UMBIoXjA1n71Ae_aFAVmUErc4S7IBYXfenso8nXbzKcGxxByqyVx669V5mk.o6LLd682hsu5rsQou9ISoidF5iow-vBxyRHFSjRsVcQ&dib_tag=se&keywords=women+summer+slippers&qid=1781786393&sr=8-23,https://m.media-amazon.com/images/I/71LNEIAFQiL._AC_UL320_.jpg,49,排名进入前30；价格处于人民币等值¥180.00-¥288.00区间；评分达到4.0以上。
2026-06-18,amazon_us,product,search,platform sandals women,15,Erocalli,¥215.93,4.2,Erocalli,,,,,,https://www.amazon.com/sspa/click?ie=UTF8&spc=MTozMzYyMTk3NTIxODQzODEzOjE3ODE3ODYzOTU6c3Bfc2VhcmNoX3RoZW1hdGljOjMwMTMxNzk1ODUxMTcwMjo6MTo6&url=%2FErocalli-Platform-Espadrille-Flatform-Comfortable%2Fdp%2FB0BQYHWXSQ%2Fref%3Dsxin_16_pa_sp_search_thematic_sspa%3Fcontent-id%3Damzn1.sym.9830f7a6-3831-47c8-8516-490493d4fc59%253Aamzn1.sym.9830f7a6-3831-47c8-8516-490493d4fc59%26cv_ct_cx%3Dplatform%2Bsandals%2Bwomen%26keywords%3Dplatform%2Bsandals%2Bwomen%26pd_rd_i%3DB0BQYHWXSQ%26pd_rd_r%3D63a95bfe-4924-4d34-8a60-03f4e617f687%26pd_rd_w%3DfntSM%26pd_rd_wg%3DKr3AE%26pf_rd_p%3D9830f7a6-3831-47c8-8516-490493d4fc59%26pf_rd_r%3DR6FNQH49SF0DWR7YGEAE%26qid%3D1781786395%26sbo%3DRZvfv%252F%252FHxDF%252BO5021pAnSA%253D%253D%26sr%3D1-2-7efdef4d-9875-47e1-927f-8c2c1c47ed49-spons%26aref%3Dy6BontVhc7%26sp_csd%3Dd2lkZ2V0TmFtZT1zcF9zZWFyY2hfdGhlbWF0aWM%26psc%3D1&aref=y6BontVhc7,https://m.media-amazon.com/images/I/81n00l1QjiL._AC_UL320_.jpg,49,排名进入前30；价格处于人民币等值¥180.00-¥288.00区间；评分达到4.0以上。
2026-06-18,amazon_us,product,new_releases,New Releases Women Sandals,17,CUSHIONAIRE Chica Espadrille Wedge Sandals for Women Slip On Closed Toe Women Shoes with Elastic Straps and Stylish Everyday Comfort,,4.0,$49.99,,,,,,https://www.amazon.com/CUSHIONAIRE-Espadrille-Sandals-Elastic-Everyday/dp/B0GZ8G6YWF/ref=zg_bsnr_g_679425011_d_sccl_17/135-0399532-1860668?psc=1,"https://images-na.ssl-images-amazon.com/images/I/71Uq6m+ImyL._AC_UL600_SR600,400_.jpg",48,排名进入前30；标题包含 comfort、wedge，符合美国女鞋舒适化趋势；评分达到4.0以上。
2026-06-18,amazon_us,product,best_sellers,Best Sellers Women Sandals,44,KIDMI Women's Arch Support Flip Flops with Soft Cushion Comfortable Summer Beach Slip On Walking Thong Sandals,,4.4,$19.98,,,,,,https://www.amazon.com/KIDMI-Womens-Comfortable-Walking-Sandals/dp/B0FC28GT31/ref=zg_bs_g_679425011_d_sccl_44/135-0399532-1860668?psc=1,"https://images-na.ssl-images-amazon.com/images/I/71ZQBGX7l8L._AC_UL300_SR300,200_.jpg",47,排名进入前50；标题包含 comfort、arch support、soft、beach、summer，符合美国女鞋舒适化趋势；评分达到4.3以上。
2026-06-18,amazon_us,product,new_releases,New Releases Women Sandals,39,NHBEOEN Jelly Thong Kitten Heeled Sandals for Women Clear Comfortable Square Open Toe Slip On Low Heels Flip Flop Mules Summer Transparent Beach Slides,¥215.93,4.2,8,,,,,,https://www.amazon.com/NHBEOEN-Kitten-Sandals-Comfortable-Transparent/dp/B0GW8ZKNHY/ref=zg_bsnr_g_679425011_d_sccl_39/135-0399532-1860668?psc=1,"https://images-na.ssl-images-amazon.com/images/I/31aafefJW8L._AC_UL300_SR300,200_.jpg",46,排名进入前50；价格处于人民币等值¥180.00-¥288.00区间；标题包含 comfort、beach、summer，符合美国女鞋舒适化趋势；评分达到4.0以上。
2026-06-18,amazon_us,product,best_sellers,Best Sellers Women Sandals,14,Clarks womens Breeze Sea,,4.7,$33.33,,,,,,https://www.amazon.com/Clarks-Womens-Breeze-Flip-Synthetic/dp/B01FH9EJCI/ref=zg_bs_g_679425011_d_sccl_14/143-9374178-7400904?psc=1,"https://images-na.ssl-images-amazon.com/images/I/61CUHH0LXiL._AC_UL600_SR600,400_.jpg",45,排名进入前30；评分达到4.6以上。
2026-06-18,amazon_us,product,best_sellers,Best Sellers Women Sandals,16,shevalues Slim Flip Flops for Women Beach Rubber Shower Shoes Basic Thong Sandals,,4.4,$9.98,,,,,,https://www.amazon.com/shevalues-Shower-Rubber-Sandals-Comfortable/dp/B0B68G2D52/ref=zg_bs_g_679425011_d_sccl_16/143-9374178-7400904?psc=1,"https://images-na.ssl-images-amazon.com/images/I/61X4Xy4XRFL._AC_UL600_SR600,400_.jpg",45,排名进入前30；标题包含 beach，符合美国女鞋舒适化趋势；评分达到4.3以上。
2026-06-18,amazon_us,product,best_sellers,Best Sellers Women Sandals,21,Weweya Slides for Women and Men - Bathroom Shower Shoes - Non Slip House Slippers - Lightweight Beach Sandals,,4.4,$9.99,,,,,,https://www.amazon.com/Weweya-Shower-Bathroom-Slippers-Sandals/dp/B0F1XJ9TM4/ref=zg_bs_g_679425011_d_sccl_21/143-9374178-7400904?psc=1,"https://images-na.ssl-images-amazon.com/images/I/718rk3GaK+L._AC_UL600_SR600,400_.jpg",45,排名进入前30；标题包含 beach，符合美国女鞋舒适化趋势；评分达到4.3以上。
2026-06-18,amazon_us,product,best_sellers,Best Sellers Women Sandals,39,Project Cloud 100% Genuine Leather Sandals for Women 2026 - Fashion Flat Womens Sandals with Memory Foam Insole Slides Sandals Women Footwear - Mules Women's Sandals (Jannel),,4.3,$49.90,,,,,,https://www.amazon.com/Project-Cloud-Fashion-Sandals-Women/dp/B0CQ716Z3L/ref=zg_bs_g_679425011_d_sccl_39/135-0399532-1860668?psc=1,"https://images-na.ssl-images-amazon.com/images/I/71WxLxLw-rL._AC_UL300_SR300,200_.jpg",45,排名进入前50；标题包含 cloud，符合美国女鞋舒适化趋势；cloud + slides组合趋势加分；评分达到4.3以上。
2026-06-18,amazon_us,product,best_sellers,Best Sellers Women Sandals,41,ONCAI Women's Flip Flops Comfortable Arch Support Yoga Mat Summer Beach Walking Thong Cushion Sandals Ladies Outdoor Vacation Essentials Slide Shoes Rubber Soles US Size 5-11,,4.3,$13.99,,,,,,https://www.amazon.com/ONCAI-Support-Athletic-Orthotic-Fasciitis/dp/B0D2292JM9/ref=zg_bs_g_679425011_d_sccl_41/135-0399532-1860668?psc=1,"https://images-na.ssl-images-amazon.com/images/I/71iVIX1IyIL._AC_UL300_SR300,200_.jpg",45,排名进入前50；标题包含 comfort、arch support、beach、summer，符合美国女鞋舒适化趋势；评分达到4.3以上。
2026-06-18,amazon_us,product,new_releases,New Releases Women Sandals,15,"CUSHIONAIRE Talisa Espadrilles for Women, Closed Toe Wedge Sandal with Elastic Ankle Strap and Jute Wrapped Sole",,4.5,$39.99,,,,,,https://www.amazon.com/CUSHIONAIRE-Talisa-Espadrilles-Elastic-Wrapped/dp/B0GXGP78F3/ref=zg_bsnr_g_679425011_d_sccl_15/135-0399532-1860668?psc=1,"https://images-na.ssl-images-amazon.com/images/I/81F8HNyZMNL._AC_UL600_SR600,400_.jpg",45,排名进入前30；标题包含 wedge，符合美国女鞋舒适化趋势；评分达到4.3以上。
2026-06-18,amazon_us,product,search,women slides,1,4.3,,,4.3,,,,,,https://aax-us-east-retail-direct.amazon.com/x/c/JKD8JRRlqh_bRKk52HhLK8AAAAGe2r7C-gEAAAH2AQBvbm9fdHhuX2JpZDcgICBvbm9fdHhuX2ltcDIgICCIVccD/clv1c_ek-YBYXWbcbW3U4JGDVxDF7vdII7a5iy3skUehyz--gb41GeAlI8RootMGcTkmm7X_G9Z1p4bOVqI2Rg5kJeFG2RV59oKDPJRyBU0ZXu7sR3g3BLhCmKG1woI3hxs2gNuWJRrW89sNrE4qVwMg9wVNDR8J2flE1KngwQrjUrxqL3acsMD0VcPcG54ht1LqVcDGHP9uOb3sRM39Lo0zjw_jsPOE-vlSu05SwOvrvdSApMtT77l0du61zWmKgk6g76ruc_FUxT0Lq1b1HQywP2SaDYS8O_xw5_hYO4Iyc2bOf_HPDDe6sBOXxXRvAKKdRkYoG4pbM1Ycn-9ABnaHi-bQqr6K72vUnzAHKX7z4aNoZqGeK-LsQ5urkRgzXt_EvLd50b9KxrO6Xd28UxSZv3EqBDeU0nyUfuYpuWp1axZ1M9yCTNkefy5iFSKTk8mykpXx1BvDw3cUs84DNLdAmvSxHVBUhGiCqvaGVypjvipIGr5T2IgSOQY9n5WV2hRZz7H9bfj79F34JqYwmkBwLFbxNz1zgK27D3tuEpun065vHAw1z5v8ygyW7WfixwgR01H5Q-YvTfaipD0iXk9pdGQYyRaWVlYFrsg-smUo6KRJl3xjzv9CrHFfkeKyuYAC_YuPAsDTomfoTkldnDfl9TkRLBmyL4Xy8uJ0GrSlp3d8vZiHRAlBDaYYhNYQIYndS_hfNrf2ZLD2Mx_xHBVBeemy0GdpGwyThqKcR4EVf1QvtA8ImhgqKBfkdjBxMj7ww_cM4nuCRs7LHYHSkYU-b3yhYQXvGvyCCjnJJSWoRPHM7XuPFP9pO3f-F6E0bHSuubAuvooyPA_Ij741qQhZCDlWxpXDDfqCZzbtxeCS9bxH_6bzdmaA1qSHjxBEysI8LWhBvd3DvzZSPD_daE6YmblqHJwE7lv3kkH3A4YXG4cDHSpGPlwVkA8QUGKnZ8PNjN1R7kU9hTA-_nlk4hwxeSwJjPrQRwEurJEYjQ1WGKYb-A2QDVHsZLwmNbfc57MnneczbVSJaUnoZf2-HraXfrPEa57YginleZ-WkRm7L7oQGHbi8jNKbihc6uAKcaio4sfvv28k3Gv_gNJ4bR-qEJ_QXAeo4F4JihLqPvVUtdllYPlMjmpCeCVOUrCfYTqGautkIAleXMn10o7H8HmAMEz-0Ki0wqP5Hhy-Wkl_zzWPeqT9whhsUwXy-T46ncdAv9YnaKhaE14cRmzt6X9U7AI3HpF0m4J9HElUPICzwlgySsBJpw_487kheZ1RXxjAWJTlW6UsbP1EEzfaVIgE3QbRKE1Pg1ZnMX-IUUUi_54XE45oxVFJvlGbbjXCc9vS_pALvAd28KbEGpvoVKGUlzbVPXnYna2wFMG3rkjMvOzGFcyGaGF9Via5Rhm7-ScG09KCl3Uw7zR_RYmgAp6r5kqfgDBqvmZrPEU1mNyC_d_a0z4_UjgXOfk1WI9Ph4OZj_Rus8bbbS4R_k8Gj93mf1U9TDwAoutEEq24f3cwhQKTozvcxLgWc3WcFglF4fKcv5lNOf5nzsWjTIe0gi/https://www.amazon.com/dp/B09C1QWSL8/?_encoding=UTF8&pd_rd_i=B09C1QWSL8&ref_=sbx_be_s_sparkle_ssd_img&qid=1781786395&pd_rd_w=6VN3e&content-id=amzn1.sym.2fb72bc8-96ef-420d-b08f-c04b69f36507%3Aamzn1.sym.2fb72bc8-96ef-420d-b08f-c04b69f36507&pf_rd_p=2fb72bc8-96ef-420d-b08f-c04b69f36507&pf_rd_r=6E014SAJK3V4JWDQQ00P&pd_rd_wg=gYy4C&pd_rd_r=419cf54f-adaa-41e9-8275-fa9447e763df&pd_rd_plhdr=t,"https://m.media-amazon.com/images/I/31zGbEI4DFL._AC_SR250,250_QL65_.jpg",45,排名靠前。
2026-06-18,amazon_us,product,search,platform sandals women,1,4.3,,,4.3,,,,,,https://aax-us-east-retail-direct.amazon.com/x/c/JF1_nA4_PDJGb5cAWPscdrgAAAGe2r7DZQEAAAH2AQBvbm9fdHhuX2JpZDEgICBvbm9fdHhuX2ltcDEgICDytntz/clv1c_ek-IxQHWFcbSTAHEC4szyO7IWXERPfskm1Grbn2ij8NhvVZVTsCLXqMRgd5biHX1qWSX82MaYcXFVTdaKcgpLqo_Npv9qmvbmT1mHu2Gv-wFiImKiAdgZnu8Cnn2L3Sc_KWtcIRQSRK_Okdu1mfJvHDbpvG81lek1cb_xC_e7Obf3R1Toeqwx-P5kGZ2woxZbWsspkxEFAr-0M6thwSRZk-LTA9bBj8U3rjESjEtl9O-o1NPZqTkSv9oMWEX1mxxiCQ-Z10UoMmMfVA3IHmq2LmB3MJspsoVkkLMBaVjnnk8yKYaLMkx21SJJutPxbsg_R_2Et2c9mUMTvAL-lL1DXTuRrVcxGDzvtGSNK-M75SFS5butmRucY-OWGc0f2mm4GHgr-W_QCyz-wYvspD9i_aFgoWrLvuprCYtFVzwobrVa13_zC2jbEoUipcE0YDws-5aaYe7nE_HPKGlWYVhRidPM03CzV1o07RuAYwG6Bvmo-bAnGUx4DWK8CGACBG2kyb4E7x-ujgTFyVZiJb4qUZGOCb6gSNuGhGPrzjkyQUs0pQnIMpJ6aJGpFbp7d9oOPpAM3ZErZbHue4XLK5ecw_nVwQfw43Si1Leae7JGejMYJjT6wJ87_3VnE9BkINHP2UAWtNRZakEvPcvSyCl6IVlv9BJQMx1ikrYdkdNM8_sBaT5ndlROIHrMZdfKJSFs2xVolGpJ5UqswRXkoFB-H8_bkWotY2_QUuoFkC4aWApY4w3rG7JZuiiNlI0rlTWO2eCGSE368cadgw1dIIOdXzC8GcaQp_qmeoLDoyZuE8MNX0a5IJWOHxkMzmBYUIfP0s4i4ELLQWRfsRhHyZ4eyGc2rw_TZt4xtlcghe8gGJG3LMTffzM-WLIs8s432i0dU3K_6BHbYJYuMJqGoAuu5z9TJEzpaDMPjH6bP8eNPOXIhHW_QQGBDCe5uCR4INSgncdYn3hzHAOzBlrKZvpsIgVBUEiSd2ScXGFbn5O2JoFp6bWJ4u4yUzy6v93uEtwLG1Cg41aefcUbU9PNvaLZ1svuUuel5P-bPyLtMOXxXEOrrYRhpp4UBQkB8rNsQ3-PueZhPUKHr3lzgL0dYs8YUeoG_Z3uJj9JlvwcB9l7xrZ5uE8G0ulP_8R_EkAPEDpjKPzS_GX4Tg_f3WQUKWzUeuEy3ZwfX2kG2rcuS14pQLMVi0gu99AsDXchMdirnAllZWHMeWSaKpRuSlvbMlk58bOxSiuqzPrqqX8tqLh8lFH6R_FhPhMcey7NTyKrKjNb1eMBMME-Rt4KccSBaUcO3A2X8SY18Y2ooHDGNp9vzw7unNpZ3Xg9wN1G0Z8_x9dOeg0bXogH802WMB2XY1GUi49MLLHZUUiar5h-PtUHWM5KzqRlnO_jZ_UPhxLumfuHEV2ypK3G8v0tt7i_i7KZXm4597kHxB6gl2ZW8DE0QH7zchHRmjVqji9uH5qrcF0iGI7VYGXP4d-mvH-dO5qnnxT6JTxlDW5B7m3a81Aa-7VgmppNwgFj2kuAJN9RCbKW-zuk4ffUt_t8mjLAUwOsShZpX9rfVUOVp8B8jdtI0oeblLuxnOf-eXW4YorF3ziWnnN4TbmhEoY9poVvw/https://www.amazon.com/dp/B0DR3N4S43/?_encoding=UTF8&pd_rd_i=B0DR3N4S43&ref_=sbx_be_s_sparkle_ssd_img&qid=1781786395&pd_rd_w=BKSFK&content-id=amzn1.sym.2fb72bc8-96ef-420d-b08f-c04b69f36507%3Aamzn1.sym.2fb72bc8-96ef-420d-b08f-c04b69f36507&pf_rd_p=2fb72bc8-96ef-420d-b08f-c04b69f36507&pf_rd_r=R6FNQH49SF0DWR7YGEAE&pd_rd_wg=3nvxt&pd_rd_r=8b270be7-2b0b-4474-91f6-62ebfba50927&pd_rd_plhdr=t,"https://m.media-amazon.com/images/I/41HDyol2hqL._AC_SR250,250_QL65_.jpg",45,排名靠前。
2026-06-18,amazon_us,product,search,platform sandals women,2,4.3,,,4.3,,,,,,https://aax-us-east-retail-direct.amazon.com/x/c/JF1_nA4_PDJGb5cAWPscdrgAAAGe2r7DZQEAAAH2AQBvbm9fdHhuX2JpZDEgICBvbm9fdHhuX2ltcDEgICDytntz/clv1c_ek-IxQHWFcbSTAHEC4szyO7IWXERPfskm1Grbn2ij8NhvVZVTsCLXqMRgd5biHX1qWSX82MaYcXFVTdaKcgpLqo_Npv9qmvbmT1mHu2Gv-wFiImKiAdgZnu8Cnn2L3Sc_KWtcIRQSRK_Okdu1mfJvHDbpvG81lek1cb_xC_e7Obf3R1Toeqwx-P5kGZ2woxZbWsspkxEFAr-0M6thwSRZk-LTA9bBj8U3rjESjEtl9O-o1NPZqTkSv9oMWEX1mxxiCQ-Z10UoMmMfVA3IHmq2LmB3MJspsoVkkLMBaVjnnk8yKYaLMkx21SJJutPxbsg_R_2Et2c9mUMTvAL-lL1DXTuRrVcxGDzvtGSNK-M75SFS5butmRucY-OWGc0f2mm4GHgr-W_QCyz-wYvspD9i_aFgoWrLvuprCYtFVzwobrVa13_zC2jbEoUipcE0YDws-5aaYe7nE_HPKGlWYVhRidPM03CzV1o07RuAYwG6Bvmo-bAnGUx4DWK8CGACBG2kyb4E7x-ujgTFyVZiJb4qUZGOCb6gSNuGhGPrzjkyQUs0pQnIMpJ6aJGpFbp7d9oOPpAM3ZErZbHue4XLK5ecw_nVwQfw43Si1Leae7JGejMYJjT6wJ87_3VnE9BkINHP2UAWtNRZakEvPcvSyCl6IVlv9BJQMx1ikrYdkdNM8_sBaT5ndlROIHrMZdfKJSFs2xVolGpJ5UqswRXkoFB-H8_bkWotY2_QUuoFkC4aWApY4w3rG7JZuiiNlI0rlTWO2eCGSE368cadgw1dIIOdXzC8GcaQp_qmeoLDoyZuE8MNX0a5IJWOHxkMzmBYUIfP0s4i4ELLQWRfsRhHyZ4eyGc2rw_TZt4xtlcghe8gGJG3LMTffzM-WLIs8s432i0dU3K_6BHbYJYuMJqGoAuu5z9TJEzpaDMPjH6bP8eNPOXIhHW_QQGBDCe5uCR4INSgncdYn3hzHAOzBlrKZvpsIgVBUEiSd2ScXGFbn5O2JoFp6bWJ4u4yUzy6v93uEtwLG1Cg41aefcUbU9PNvaLZ1svuUuel5P-bPyLtMOXxXEOrrYRhpp4UBQkB8rNsQ3-PueZhPUKHr3lzgL0dYs8YUeoG_Z3uJj9JlvwcB9l7xrZ5uE8G0ulP_8R_EkAPEDpjKPzS_GX4Tg_f3WQUKWzUeuEy3ZwfX2kG2rcuS14pQLMVi0gu99AsDXchMdirnAllZWHMeWSaKpRuSlvbMlk58bOxSiuqzPrqqX8tqLh8lFH6R_FhPhMcey7NTyKrKjNb1eMBMME-Rt4KccSBaUcO3A2X8SY18Y2ooHDGNp9vzw7unNpZ3Xg9wN1G0Z8_x9dOeg0bXogH802WMB2XY1GUi49MLLHZUUiar5h-PtUHWM5KzqRlnO_jZ_UPhxLumfuHEV2ypK3G8v0tt7i_i7KZXm4597kHxB6gl2ZW8DE0QH7zchHRmjVqji9uH5qrcF0iGI7VYGXP4d-mvH-dO5qnnxT6JTxlDW5B7m3a81Aa-7VgmppNwgFj2kuAJN9RCbKW-zuk4ffUt_t8mjLAUwOsShZpX9rfVUOVp8B8jdtI0oeblLuxnOf-eXW4YorF3ziWnnN4TbmhEoY9poVvw/https://www.amazon.com/dp/B0DNKHTG9N/?_encoding=UTF8&pd_rd_i=B0DNKHTG9N&ref_=sbx_be_s_sparkle_ssd_img&qid=1781786395&pd_rd_w=BKSFK&content-id=amzn1.sym.2fb72bc8-96ef-420d-b08f-c04b69f36507%3Aamzn1.sym.2fb72bc8-96ef-420d-b08f-c04b69f36507&pf_rd_p=2fb72bc8-96ef-420d-b08f-c04b69f36507&pf_rd_r=R6FNQH49SF0DWR7YGEAE&pd_rd_wg=3nvxt&pd_rd_r=8b270be7-2b0b-4474-91f6-62ebfba50927&pd_rd_plhdr=t,"https://m.media-amazon.com/images/I/41+BoOCIiqL._AC_SR250,250_QL65_.jpg",45,排名靠前。
2026-06-18,amazon_us,product,search,platform sandals women,3,4.1,,,4.1,,,,,,https://aax-us-east-retail-direct.amazon.com/x/c/JF1_nA4_PDJGb5cAWPscdrgAAAGe2r7DZQEAAAH2AQBvbm9fdHhuX2JpZDEgICBvbm9fdHhuX2ltcDEgICDytntz/clv1c_ek-IxQHWFcbSTAHEC4szyO7IWXERPfskm1Grbn2ij8NhvVZVTsCLXqMRgd5biHX1qWSX82MaYcXFVTdaKcgpLqo_Npv9qmvbmT1mHu2Gv-wFiImKiAdgZnu8Cnn2L3Sc_KWtcIRQSRK_Okdu1mfJvHDbpvG81lek1cb_xC_e7Obf3R1Toeqwx-P5kGZ2woxZbWsspkxEFAr-0M6thwSRZk-LTA9bBj8U3rjESjEtl9O-o1NPZqTkSv9oMWEX1mxxiCQ-Z10UoMmMfVA3IHmq2LmB3MJspsoVkkLMBaVjnnk8yKYaLMkx21SJJutPxbsg_R_2Et2c9mUMTvAL-lL1DXTuRrVcxGDzvtGSNK-M75SFS5butmRucY-OWGc0f2mm4GHgr-W_QCyz-wYvspD9i_aFgoWrLvuprCYtFVzwobrVa13_zC2jbEoUipcE0YDws-5aaYe7nE_HPKGlWYVhRidPM03CzV1o07RuAYwG6Bvmo-bAnGUx4DWK8CGACBG2kyb4E7x-ujgTFyVZiJb4qUZGOCb6gSNuGhGPrzjkyQUs0pQnIMpJ6aJGpFbp7d9oOPpAM3ZErZbHue4XLK5ecw_nVwQfw43Si1Leae7JGejMYJjT6wJ87_3VnE9BkINHP2UAWtNRZakEvPcvSyCl6IVlv9BJQMx1ikrYdkdNM8_sBaT5ndlROIHrMZdfKJSFs2xVolGpJ5UqswRXkoFB-H8_bkWotY2_QUuoFkC4aWApY4w3rG7JZuiiNlI0rlTWO2eCGSE368cadgw1dIIOdXzC8GcaQp_qmeoLDoyZuE8MNX0a5IJWOHxkMzmBYUIfP0s4i4ELLQWRfsRhHyZ4eyGc2rw_TZt4xtlcghe8gGJG3LMTffzM-WLIs8s432i0dU3K_6BHbYJYuMJqGoAuu5z9TJEzpaDMPjH6bP8eNPOXIhHW_QQGBDCe5uCR4INSgncdYn3hzHAOzBlrKZvpsIgVBUEiSd2ScXGFbn5O2JoFp6bWJ4u4yUzy6v93uEtwLG1Cg41aefcUbU9PNvaLZ1svuUuel5P-bPyLtMOXxXEOrrYRhpp4UBQkB8rNsQ3-PueZhPUKHr3lzgL0dYs8YUeoG_Z3uJj9JlvwcB9l7xrZ5uE8G0ulP_8R_EkAPEDpjKPzS_GX4Tg_f3WQUKWzUeuEy3ZwfX2kG2rcuS14pQLMVi0gu99AsDXchMdirnAllZWHMeWSaKpRuSlvbMlk58bOxSiuqzPrqqX8tqLh8lFH6R_FhPhMcey7NTyKrKjNb1eMBMME-Rt4KccSBaUcO3A2X8SY18Y2ooHDGNp9vzw7unNpZ3Xg9wN1G0Z8_x9dOeg0bXogH802WMB2XY1GUi49MLLHZUUiar5h-PtUHWM5KzqRlnO_jZ_UPhxLumfuHEV2ypK3G8v0tt7i_i7KZXm4597kHxB6gl2ZW8DE0QH7zchHRmjVqji9uH5qrcF0iGI7VYGXP4d-mvH-dO5qnnxT6JTxlDW5B7m3a81Aa-7VgmppNwgFj2kuAJN9RCbKW-zuk4ffUt_t8mjLAUwOsShZpX9rfVUOVp8B8jdtI0oeblLuxnOf-eXW4YorF3ziWnnN4TbmhEoY9poVvw/https://www.amazon.com/dp/B0FWTY6D77/?_encoding=UTF8&pd_rd_i=B0FWTY6D77&ref_=sbx_be_s_sparkle_ssd_img&qid=1781786395&pd_rd_w=BKSFK&content-id=amzn1.sym.2fb72bc8-96ef-420d-b08f-c04b69f36507%3Aamzn1.sym.2fb72bc8-96ef-420d-b08f-c04b69f36507&pf_rd_p=2fb72bc8-96ef-420d-b08f-c04b69f36507&pf_rd_r=R6FNQH49SF0DWR7YGEAE&pd_rd_wg=3nvxt&pd_rd_r=8b270be7-2b0b-4474-91f6-62ebfba50927&pd_rd_plhdr=t,"https://m.media-amazon.com/images/I/51hzokf1usL._AC_SR250,250_QL65_.jpg",45,排名靠前。
2026-06-18,amazon_us,product,search,platform sandals women,4,4.3,,,4.3,,,,,,https://aax-us-east-retail-direct.amazon.com/x/c/JF1_nA4_PDJGb5cAWPscdrgAAAGe2r7DZQEAAAH2AQBvbm9fdHhuX2JpZDEgICBvbm9fdHhuX2ltcDEgICDytntz/clv1c_ek-IxQHWFcbSTAHEC4szyO7IWXERPfskm1Grbn2ij8NhvVZVTsCLXqMRgd5biHX1qWSX82MaYcXFVTdaKcgpLqo_Npv9qmvbmT1mHu2Gv-wFiImKiAdgZnu8Cnn2L3Sc_KWtcIRQSRK_Okdu1mfJvHDbpvG81lek1cb_xC_e7Obf3R1Toeqwx-P5kGZ2woxZbWsspkxEFAr-0M6thwSRZk-LTA9bBj8U3rjESjEtl9O-o1NPZqTkSv9oMWEX1mxxiCQ-Z10UoMmMfVA3IHmq2LmB3MJspsoVkkLMBaVjnnk8yKYaLMkx21SJJutPxbsg_R_2Et2c9mUMTvAL-lL1DXTuRrVcxGDzvtGSNK-M75SFS5butmRucY-OWGc0f2mm4GHgr-W_QCyz-wYvspD9i_aFgoWrLvuprCYtFVzwobrVa13_zC2jbEoUipcE0YDws-5aaYe7nE_HPKGlWYVhRidPM03CzV1o07RuAYwG6Bvmo-bAnGUx4DWK8CGACBG2kyb4E7x-ujgTFyVZiJb4qUZGOCb6gSNuGhGPrzjkyQUs0pQnIMpJ6aJGpFbp7d9oOPpAM3ZErZbHue4XLK5ecw_nVwQfw43Si1Leae7JGejMYJjT6wJ87_3VnE9BkINHP2UAWtNRZakEvPcvSyCl6IVlv9BJQMx1ikrYdkdNM8_sBaT5ndlROIHrMZdfKJSFs2xVolGpJ5UqswRXkoFB-H8_bkWotY2_QUuoFkC4aWApY4w3rG7JZuiiNlI0rlTWO2eCGSE368cadgw1dIIOdXzC8GcaQp_qmeoLDoyZuE8MNX0a5IJWOHxkMzmBYUIfP0s4i4ELLQWRfsRhHyZ4eyGc2rw_TZt4xtlcghe8gGJG3LMTffzM-WLIs8s432i0dU3K_6BHbYJYuMJqGoAuu5z9TJEzpaDMPjH6bP8eNPOXIhHW_QQGBDCe5uCR4INSgncdYn3hzHAOzBlrKZvpsIgVBUEiSd2ScXGFbn5O2JoFp6bWJ4u4yUzy6v93uEtwLG1Cg41aefcUbU9PNvaLZ1svuUuel5P-bPyLtMOXxXEOrrYRhpp4UBQkB8rNsQ3-PueZhPUKHr3lzgL0dYs8YUeoG_Z3uJj9JlvwcB9l7xrZ5uE8G0ulP_8R_EkAPEDpjKPzS_GX4Tg_f3WQUKWzUeuEy3ZwfX2kG2rcuS14pQLMVi0gu99AsDXchMdirnAllZWHMeWSaKpRuSlvbMlk58bOxSiuqzPrqqX8tqLh8lFH6R_FhPhMcey7NTyKrKjNb1eMBMME-Rt4KccSBaUcO3A2X8SY18Y2ooHDGNp9vzw7unNpZ3Xg9wN1G0Z8_x9dOeg0bXogH802WMB2XY1GUi49MLLHZUUiar5h-PtUHWM5KzqRlnO_jZ_UPhxLumfuHEV2ypK3G8v0tt7i_i7KZXm4597kHxB6gl2ZW8DE0QH7zchHRmjVqji9uH5qrcF0iGI7VYGXP4d-mvH-dO5qnnxT6JTxlDW5B7m3a81Aa-7VgmppNwgFj2kuAJN9RCbKW-zuk4ffUt_t8mjLAUwOsShZpX9rfVUOVp8B8jdtI0oeblLuxnOf-eXW4YorF3ziWnnN4TbmhEoY9poVvw/https://www.amazon.com/dp/B0DR3N4S43/?_encoding=UTF8&pd_rd_i=B0DR3N4S43&ref_=sbx_be_s_sparkle_ssd_img&qid=1781786395&pd_rd_w=BKSFK&content-id=amzn1.sym.2fb72bc8-96ef-420d-b08f-c04b69f36507%3Aamzn1.sym.2fb72bc8-96ef-420d-b08f-c04b69f36507&pf_rd_p=2fb72bc8-96ef-420d-b08f-c04b69f36507&pf_rd_r=R6FNQH49SF0DWR7YGEAE&pd_rd_wg=3nvxt&pd_rd_r=8b270be7-2b0b-4474-91f6-62ebfba50927&pd_rd_plhdr=t,"https://m.media-amazon.com/images/I/41HDyol2hqL._AC_SR250,250_QL65_.jpg",45,排名靠前。
2026-06-18,amazon_us,product,search,platform sandals women,5,4.3,,,4.3,,,,,,https://aax-us-east-retail-direct.amazon.com/x/c/JF1_nA4_PDJGb5cAWPscdrgAAAGe2r7DZQEAAAH2AQBvbm9fdHhuX2JpZDEgICBvbm9fdHhuX2ltcDEgICDytntz/clv1c_ek-IxQHWFcbSTAHEC4szyO7IWXERPfskm1Grbn2ij8NhvVZVTsCLXqMRgd5biHX1qWSX82MaYcXFVTdaKcgpLqo_Npv9qmvbmT1mHu2Gv-wFiImKiAdgZnu8Cnn2L3Sc_KWtcIRQSRK_Okdu1mfJvHDbpvG81lek1cb_xC_e7Obf3R1Toeqwx-P5kGZ2woxZbWsspkxEFAr-0M6thwSRZk-LTA9bBj8U3rjESjEtl9O-o1NPZqTkSv9oMWEX1mxxiCQ-Z10UoMmMfVA3IHmq2LmB3MJspsoVkkLMBaVjnnk8yKYaLMkx21SJJutPxbsg_R_2Et2c9mUMTvAL-lL1DXTuRrVcxGDzvtGSNK-M75SFS5butmRucY-OWGc0f2mm4GHgr-W_QCyz-wYvspD9i_aFgoWrLvuprCYtFVzwobrVa13_zC2jbEoUipcE0YDws-5aaYe7nE_HPKGlWYVhRidPM03CzV1o07RuAYwG6Bvmo-bAnGUx4DWK8CGACBG2kyb4E7x-ujgTFyVZiJb4qUZGOCb6gSNuGhGPrzjkyQUs0pQnIMpJ6aJGpFbp7d9oOPpAM3ZErZbHue4XLK5ecw_nVwQfw43Si1Leae7JGejMYJjT6wJ87_3VnE9BkINHP2UAWtNRZakEvPcvSyCl6IVlv9BJQMx1ikrYdkdNM8_sBaT5ndlROIHrMZdfKJSFs2xVolGpJ5UqswRXkoFB-H8_bkWotY2_QUuoFkC4aWApY4w3rG7JZuiiNlI0rlTWO2eCGSE368cadgw1dIIOdXzC8GcaQp_qmeoLDoyZuE8MNX0a5IJWOHxkMzmBYUIfP0s4i4ELLQWRfsRhHyZ4eyGc2rw_TZt4xtlcghe8gGJG3LMTffzM-WLIs8s432i0dU3K_6BHbYJYuMJqGoAuu5z9TJEzpaDMPjH6bP8eNPOXIhHW_QQGBDCe5uCR4INSgncdYn3hzHAOzBlrKZvpsIgVBUEiSd2ScXGFbn5O2JoFp6bWJ4u4yUzy6v93uEtwLG1Cg41aefcUbU9PNvaLZ1svuUuel5P-bPyLtMOXxXEOrrYRhpp4UBQkB8rNsQ3-PueZhPUKHr3lzgL0dYs8YUeoG_Z3uJj9JlvwcB9l7xrZ5uE8G0ulP_8R_EkAPEDpjKPzS_GX4Tg_f3WQUKWzUeuEy3ZwfX2kG2rcuS14pQLMVi0gu99AsDXchMdirnAllZWHMeWSaKpRuSlvbMlk58bOxSiuqzPrqqX8tqLh8lFH6R_FhPhMcey7NTyKrKjNb1eMBMME-Rt4KccSBaUcO3A2X8SY18Y2ooHDGNp9vzw7unNpZ3Xg9wN1G0Z8_x9dOeg0bXogH802WMB2XY1GUi49MLLHZUUiar5h-PtUHWM5KzqRlnO_jZ_UPhxLumfuHEV2ypK3G8v0tt7i_i7KZXm4597kHxB6gl2ZW8DE0QH7zchHRmjVqji9uH5qrcF0iGI7VYGXP4d-mvH-dO5qnnxT6JTxlDW5B7m3a81Aa-7VgmppNwgFj2kuAJN9RCbKW-zuk4ffUt_t8mjLAUwOsShZpX9rfVUOVp8B8jdtI0oeblLuxnOf-eXW4YorF3ziWnnN4TbmhEoY9poVvw/https://www.amazon.com/dp/B0DNKHTG9N/?_encoding=UTF8&pd_rd_i=B0DNKHTG9N&ref_=sbx_be_s_sparkle_ssd_img&qid=1781786395&pd_rd_w=BKSFK&content-id=amzn1.sym.2fb72bc8-96ef-420d-b08f-c04b69f36507%3Aamzn1.sym.2fb72bc8-96ef-420d-b08f-c04b69f36507&pf_rd_p=2fb72bc8-96ef-420d-b08f-c04b69f36507&pf_rd_r=R6FNQH49SF0DWR7YGEAE&pd_rd_wg=3nvxt&pd_rd_r=8b270be7-2b0b-4474-91f6-62ebfba50927&pd_rd_plhdr=t,"https://m.media-amazon.com/images/I/41+BoOCIiqL._AC_SR250,250_QL65_.jpg",45,排名靠前。
2026-06-18,amazon_us,product,search,platform sandals women,6,4.1,,,4.1,,,,,,https://aax-us-east-retail-direct.amazon.com/x/c/JF1_nA4_PDJGb5cAWPscdrgAAAGe2r7DZQEAAAH2AQBvbm9fdHhuX2JpZDEgICBvbm9fdHhuX2ltcDEgICDytntz/clv1c_ek-IxQHWFcbSTAHEC4szyO7IWXERPfskm1Grbn2ij8NhvVZVTsCLXqMRgd5biHX1qWSX82MaYcXFVTdaKcgpLqo_Npv9qmvbmT1mHu2Gv-wFiImKiAdgZnu8Cnn2L3Sc_KWtcIRQSRK_Okdu1mfJvHDbpvG81lek1cb_xC_e7Obf3R1Toeqwx-P5kGZ2woxZbWsspkxEFAr-0M6thwSRZk-LTA9bBj8U3rjESjEtl9O-o1NPZqTkSv9oMWEX1mxxiCQ-Z10UoMmMfVA3IHmq2LmB3MJspsoVkkLMBaVjnnk8yKYaLMkx21SJJutPxbsg_R_2Et2c9mUMTvAL-lL1DXTuRrVcxGDzvtGSNK-M75SFS5butmRucY-OWGc0f2mm4GHgr-W_QCyz-wYvspD9i_aFgoWrLvuprCYtFVzwobrVa13_zC2jbEoUipcE0YDws-5aaYe7nE_HPKGlWYVhRidPM03CzV1o07RuAYwG6Bvmo-bAnGUx4DWK8CGACBG2kyb4E7x-ujgTFyVZiJb4qUZGOCb6gSNuGhGPrzjkyQUs0pQnIMpJ6aJGpFbp7d9oOPpAM3ZErZbHue4XLK5ecw_nVwQfw43Si1Leae7JGejMYJjT6wJ87_3VnE9BkINHP2UAWtNRZakEvPcvSyCl6IVlv9BJQMx1ikrYdkdNM8_sBaT5ndlROIHrMZdfKJSFs2xVolGpJ5UqswRXkoFB-H8_bkWotY2_QUuoFkC4aWApY4w3rG7JZuiiNlI0rlTWO2eCGSE368cadgw1dIIOdXzC8GcaQp_qmeoLDoyZuE8MNX0a5IJWOHxkMzmBYUIfP0s4i4ELLQWRfsRhHyZ4eyGc2rw_TZt4xtlcghe8gGJG3LMTffzM-WLIs8s432i0dU3K_6BHbYJYuMJqGoAuu5z9TJEzpaDMPjH6bP8eNPOXIhHW_QQGBDCe5uCR4INSgncdYn3hzHAOzBlrKZvpsIgVBUEiSd2ScXGFbn5O2JoFp6bWJ4u4yUzy6v93uEtwLG1Cg41aefcUbU9PNvaLZ1svuUuel5P-bPyLtMOXxXEOrrYRhpp4UBQkB8rNsQ3-PueZhPUKHr3lzgL0dYs8YUeoG_Z3uJj9JlvwcB9l7xrZ5uE8G0ulP_8R_EkAPEDpjKPzS_GX4Tg_f3WQUKWzUeuEy3ZwfX2kG2rcuS14pQLMVi0gu99AsDXchMdirnAllZWHMeWSaKpRuSlvbMlk58bOxSiuqzPrqqX8tqLh8lFH6R_FhPhMcey7NTyKrKjNb1eMBMME-Rt4KccSBaUcO3A2X8SY18Y2ooHDGNp9vzw7unNpZ3Xg9wN1G0Z8_x9dOeg0bXogH802WMB2XY1GUi49MLLHZUUiar5h-PtUHWM5KzqRlnO_jZ_UPhxLumfuHEV2ypK3G8v0tt7i_i7KZXm4597kHxB6gl2ZW8DE0QH7zchHRmjVqji9uH5qrcF0iGI7VYGXP4d-mvH-dO5qnnxT6JTxlDW5B7m3a81Aa-7VgmppNwgFj2kuAJN9RCbKW-zuk4ffUt_t8mjLAUwOsShZpX9rfVUOVp8B8jdtI0oeblLuxnOf-eXW4YorF3ziWnnN4TbmhEoY9poVvw/https://www.amazon.com/dp/B0FWTY6D77/?_encoding=UTF8&pd_rd_i=B0FWTY6D77&ref_=sbx_be_s_sparkle_ssd_img&qid=1781786395&pd_rd_w=BKSFK&content-id=amzn1.sym.2fb72bc8-96ef-420d-b08f-c04b69f36507%3Aamzn1.sym.2fb72bc8-96ef-420d-b08f-c04b69f36507&pf_rd_p=2fb72bc8-96ef-420d-b08f-c04b69f36507&pf_rd_r=R6FNQH49SF0DWR7YGEAE&pd_rd_wg=3nvxt&pd_rd_r=8b270be7-2b0b-4474-91f6-62ebfba50927&pd_rd_plhdr=t,"https://m.media-amazon.com/images/I/51hzokf1usL._AC_SR250,250_QL65_.jpg",45,排名靠前。
2026-06-18,amazon_us,product,search,platform sandals women,28,REEF,¥431.71,4.4,REEF,,,,,,https://www.amazon.com/REEF-Higher-Womens-Platform-Adjustable/dp/B0D9HYMNMN/ref=sr_1_17?dib=eyJ2IjoiMSJ9.EzbUdw9pCBZMp1xiap9xkOtXmSxPzWy4mipEzMmzqIie2zjbOOgkTU8i_DqcCjCud8-j7uqVV4c1OAPwVu_zssOlcrnFcHqG58j1SZmvcYvYC9qW8YgUMff6TWwyPh23A9_OfjgoyAgWNx2RCZ58hy0rZs-Ki7c1RWQ_jKOhK2bSemp6bwny5DQKb73_hZK0zWaqhcR9bpwv2ZNLNca8VA_BFpA-88UEmYbAM-K4XZf2cW-hL6eh8LdGnTrUjWzyIX92qbXBHyunx6uW0Ti2FLfKVqKDaCsTZk5cUlOY__Q.20hiZY71aoFnFdixmQKvMaXC-Cqi1I2RTFxOO3qTeNg&dib_tag=se&keywords=platform+sandals+women&qid=1781786395&sr=8-17,https://m.media-amazon.com/images/I/51WBYuiSZiL._AC_UL320_.jpg,45,排名进入前30；价格高于人民币等值¥288.00；评分达到4.3以上。
2026-06-18,amazon_us,product,best_sellers,Best Sellers Women Sandals,42,KuaiLu Womens Fashion Orthotic Slides Ladies Athletic Yoga Mat Memory Foam Walking Sandals Thick Cushion Recovery Summer Beach Slippers Comfortable Plantar Fasciitis Arch Support,,4.0,$25.99,,,,,,https://www.amazon.com/Orthotic-Lightweight-Athletic-Comfortable-Fasciitis/dp/B092ZT26V3/ref=zg_bs_g_679425011_d_sccl_42/135-0399532-1860668?psc=1,"https://images-na.ssl-images-amazon.com/images/I/71Rxka3CPTL._AC_UL300_SR300,200_.jpg",44,排名进入前50；标题包含 recovery、comfort、arch support、beach、summer，符合美国女鞋舒适化趋势；评分达到4.0以上。
2026-06-18,amazon_us,product,best_sellers,Best Sellers Women Sandals,11,Amazon Essentials Women's Thong Sandal,,4.3,$8.18,,,,,,https://www.amazon.com/Amazon-Essentials-Womens-Thong-Sandal/dp/B07FQP8YNW/ref=zg_bs_g_679425011_d_sccl_11/143-9374178-7400904?psc=1,"https://images-na.ssl-images-amazon.com/images/I/61zim4qDNNL._AC_UL600_SR600,400_.jpg",42,排名进入前30；评分达到4.3以上。
2026-06-18,amazon_us,product,best_sellers,Best Sellers Women Sandals,12,WHITIN Slippers for Women Non Slip | Cushioned Thick Sole Slides | Quick Drying Bathroom Sandals,,4.4,$9.99,,,,,,https://www.amazon.com/WHITIN-Slippers-Cushioned-Bathroom-Sandals/dp/B0C1C45XMJ/ref=zg_bs_g_679425011_d_sccl_12/143-9374178-7400904?psc=1,"https://images-na.ssl-images-amazon.com/images/I/71ik7hynCjL._AC_UL600_SR600,400_.jpg",42,排名进入前30；评分达到4.3以上。
2026-06-18,amazon_us,product,best_sellers,Best Sellers Women Sandals,15,Havaianas Women's Slim Square Solid Flip Flops,,4.3,$28.00,,,,,,https://www.amazon.com/Havaianas-Womens-Square-Solid-Medium/dp/B0BBPX6J6F/ref=zg_bs_g_679425011_d_sccl_15/143-9374178-7400904?psc=1,"https://images-na.ssl-images-amazon.com/images/I/519tF5UFGFL._AC_UL600_SR600,400_.jpg",42,排名进入前30；评分达到4.3以上。
2026-06-18,amazon_us,product,best_sellers,Best Sellers Women Sandals,18,Joomra Pillow Slippers for Women and Men Non Slip Quick Drying Shower Slides Bathroom Sandals | Ultra Cushion | Thick Sole,,4.3,$23.99,,,,,,https://www.amazon.com/Joomra-Slippers-Cushioned-Massage-Sandals/dp/B09653TC4H/ref=zg_bs_g_679425011_d_sccl_18/143-9374178-7400904?psc=1,"https://images-na.ssl-images-amazon.com/images/I/71pkhgTTRXL._AC_UL600_SR600,400_.jpg",42,排名进入前30；评分达到4.3以上。
2026-06-18,amazon_us,product,best_sellers,Best Sellers Women Sandals,25,Ankis Heels for Women Open Toe Ankle Strap Chunky Heel Sandals 2.75 Inch,,4.4,$29.99,,,,,,https://www.amazon.com/Ankis-Nude-Heels-Women-numeric_8/dp/B094CTB3TY/ref=zg_bs_g_679425011_d_sccl_25/143-9374178-7400904?psc=1,"https://images-na.ssl-images-amazon.com/images/I/71dUhT7TubL._AC_UL600_SR600,400_.jpg",42,排名进入前30；评分达到4.3以上。
2026-06-18,amazon_us,product,best_sellers,Best Sellers Women Sandals,33,KuaiLu Womens Arch Support Flip Flops Ladies Comfort Lightweight Soft Yoga Mat Cushion Walking Thong Sandals,,4.5,$15.99,,,,,,https://www.amazon.com/KuaiLu-Comfortable-Waterproof-Supportive-Flipflops/dp/B0CTML36SJ/ref=zg_bs_g_679425011_d_sccl_33/135-0399532-1860668?psc=1,"https://images-na.ssl-images-amazon.com/images/I/71FLg8v7ZyL._AC_UL300_SR300,200_.jpg",42,排名进入前50；标题包含 comfort、arch support、soft，符合美国女鞋舒适化趋势；评分达到4.3以上。
2026-06-18,amazon_us,product,new_releases,New Releases Women Sandals,24,iiimmu 3.5 IN Stiletto Mules High Heels with Pointed Peep Toe Heeled Sandals Faux Leather,,4.4,$49.99,,,,,,https://www.amazon.com/iiimmu-Stiletto-Pointed-Heeled-Sandals/dp/B0GXFC6FW2/ref=zg_bsnr_g_679425011_d_sccl_24/135-0399532-1860668?psc=1,"https://images-na.ssl-images-amazon.com/images/I/71uhzjn70LL._AC_UL600_SR600,400_.jpg",42,排名进入前30；评分达到4.3以上。
2026-06-18,amazon_us,product,new_releases,New Releases Women Sandals,27,adidas Unisex Adult Adilette Shower Slide Sandal,,4.4,$24.99,,,,,,https://www.amazon.com/adidas-Unisex-Adilette-Shower-Metallic/dp/B0DF1GW1R9/ref=zg_bsnr_g_679425011_d_sccl_27/135-0399532-1860668?psc=1,"https://images-na.ssl-images-amazon.com/images/I/61mi711hnuL._AC_UL600_SR600,400_.jpg",42,排名进入前30；评分达到4.3以上。
2026-06-18,amazon_us,product,new_releases,New Releases Women Sandals,28,"CUSHIONAIRE Era Rope Thong Strappy Sandals for Women, Flat Minimalist Sandals Women Footwear with Adjustable Ankle Support",,4.3,$39.99,,,,,,https://www.amazon.com/CUSHIONAIRE-Strappy-Minimalist-Footwear-Adjustable/dp/B0GZ8DVD6T/ref=zg_bsnr_g_679425011_d_sccl_28/135-0399532-1860668?psc=1,"https://images-na.ssl-images-amazon.com/images/I/81dnYjwHn1L._AC_UL600_SR600,400_.jpg",42,排名进入前30；评分达到4.3以上。
2026-06-18,amazon_us,product,new_releases,New Releases Women Sandals,33,SUITSER Womens Sport Hiking Sandals Comfortable Walking Sandals Quick-Drying Water Beach Outdoor Summer Shoes with Arch Support & Adjustable Straps,,4.2,$16.99,,,,,,https://www.amazon.com/SUITSER-Sandals-Comfortable-Quick-Drying-Adjustable/dp/B0GVN5117T/ref=zg_bsnr_g_679425011_d_sccl_33/135-0399532-1860668?psc=1,"https://images-na.ssl-images-amazon.com/images/I/811sNtzmyIL._AC_UL300_SR300,200_.jpg",42,排名进入前50；标题包含 comfort、arch support、beach、summer，符合美国女鞋舒适化趋势；评分达到4.0以上。
2026-06-18,amazon_us,product,search,women summer slippers,31,EverFoams,¥86.33,4.4,EverFoams,,,,,,https://www.amazon.com/EverFoams-Slippers-Outdoor-Outsole-Vanilla/dp/B0DPZPB7MQ/ref=sr_1_25?dib=eyJ2IjoiMSJ9.NubgJ1RLlNFHfLGC5PuwuUw9znhBJT3M7tF3m3ud52Nxsx-9ye_M59QjQCHhljAAlfgKq993-nprlkrYzePLIveESdygtnSKJ2TNv9aOO44-GtpAs3xT1nTKhKu0_VeYd_m2E91IWcV5v2Yeh9PQWuzrymVjVv5ij_oxzVETLvw3jc9xSfBpsZraEBPHZOxJOjUxqec7DakeCYYh8WcXiN_KFLKze6FlvvX72nkVUocIXe-1UMBIoXjA1n71Ae_aFAVmUErc4S7IBYXfenso8nXbzKcGxxByqyVx669V5mk.o6LLd682hsu5rsQou9ISoidF5iow-vBxyRHFSjRsVcQ&dib_tag=se&keywords=women+summer+slippers&qid=1781786393&sr=8-25,https://m.media-amazon.com/images/I/61CsE2rT4gL._AC_UL320_.jpg,42,排名进入前50；价格处于人民币等值¥57.60-¥180.00黄金区间；评分达到4.3以上。
2026-06-18,amazon_us,product,search,women summer slippers,33,FITORY,¥143.93,4.3,FITORY,,,,,,https://www.amazon.com/FITORY-Sandals-Fashion-Leather-Slippers/dp/B0BN3GQFKN/ref=sr_1_27?dib=eyJ2IjoiMSJ9.NubgJ1RLlNFHfLGC5PuwuUw9znhBJT3M7tF3m3ud52Nxsx-9ye_M59QjQCHhljAAlfgKq993-nprlkrYzePLIveESdygtnSKJ2TNv9aOO44-GtpAs3xT1nTKhKu0_VeYd_m2E91IWcV5v2Yeh9PQWuzrymVjVv5ij_oxzVETLvw3jc9xSfBpsZraEBPHZOxJOjUxqec7DakeCYYh8WcXiN_KFLKze6FlvvX72nkVUocIXe-1UMBIoXjA1n71Ae_aFAVmUErc4S7IBYXfenso8nXbzKcGxxByqyVx669V5mk.o6LLd682hsu5rsQou9ISoidF5iow-vBxyRHFSjRsVcQ&dib_tag=se&keywords=women+summer+slippers&qid=1781786393&sr=8-27,https://m.media-amazon.com/images/I/61cA2WpKDqL._AC_UL320_.jpg,42,排名进入前50；价格处于人民币等值¥57.60-¥180.00黄金区间；评分达到4.3以上。
2026-06-18,amazon_us,product,search,women summer slippers,34,Weweya,¥71.93,4.4,Weweya,,,,,,https://www.amazon.com/Weweya-Shower-Non-Slip-Outdoor-Sandals/dp/B0F1XTPHY8/ref=sr_1_28?dib=eyJ2IjoiMSJ9.NubgJ1RLlNFHfLGC5PuwuUw9znhBJT3M7tF3m3ud52Nxsx-9ye_M59QjQCHhljAAlfgKq993-nprlkrYzePLIveESdygtnSKJ2TNv9aOO44-GtpAs3xT1nTKhKu0_VeYd_m2E91IWcV5v2Yeh9PQWuzrymVjVv5ij_oxzVETLvw3jc9xSfBpsZraEBPHZOxJOjUxqec7DakeCYYh8WcXiN_KFLKze6FlvvX72nkVUocIXe-1UMBIoXjA1n71Ae_aFAVmUErc4S7IBYXfenso8nXbzKcGxxByqyVx669V5mk.o6LLd682hsu5rsQou9ISoidF5iow-vBxyRHFSjRsVcQ&dib_tag=se&keywords=women+summer+slippers&qid=1781786393&sr=8-28,https://m.media-amazon.com/images/I/61QGXLFgg+L._AC_UL320_.jpg,42,排名进入前50；价格处于人民币等值¥57.60-¥180.00黄金区间；评分达到4.3以上。
2026-06-18,amazon_us,product,search,women summer slippers,37,Crocs,¥134.93,4.4,Crocs,,,,,,https://www.amazon.com/Crocs-Womens-Kadee-Ii-Flip/dp/B010123EV8/ref=sr_1_31?dib=eyJ2IjoiMSJ9.NubgJ1RLlNFHfLGC5PuwuUw9znhBJT3M7tF3m3ud52Nxsx-9ye_M59QjQCHhljAAlfgKq993-nprlkrYzePLIveESdygtnSKJ2TNv9aOO44-GtpAs3xT1nTKhKu0_VeYd_m2E91IWcV5v2Yeh9PQWuzrymVjVv5ij_oxzVETLvw3jc9xSfBpsZraEBPHZOxJOjUxqec7DakeCYYh8WcXiN_KFLKze6FlvvX72nkVUocIXe-1UMBIoXjA1n71Ae_aFAVmUErc4S7IBYXfenso8nXbzKcGxxByqyVx669V5mk.o6LLd682hsu5rsQou9ISoidF5iow-vBxyRHFSjRsVcQ&dib_tag=se&keywords=women+summer+slippers&qid=1781786393&sr=8-31,https://m.media-amazon.com/images/I/61zhSrNbuaL._AC_UL320_.jpg,42,排名进入前50；价格处于人民币等值¥57.60-¥180.00黄金区间；评分达到4.3以上。
2026-06-18,amazon_us,product,search,women summer slippers,38,Qzize,¥71.93,4.4,Qzize,,,,,,https://www.amazon.com/Qzize-Comfortable-Sandals-Lightweight-Slippers/dp/B0DK3L9FZJ/ref=sr_1_32?dib=eyJ2IjoiMSJ9.NubgJ1RLlNFHfLGC5PuwuUw9znhBJT3M7tF3m3ud52Nxsx-9ye_M59QjQCHhljAAlfgKq993-nprlkrYzePLIveESdygtnSKJ2TNv9aOO44-GtpAs3xT1nTKhKu0_VeYd_m2E91IWcV5v2Yeh9PQWuzrymVjVv5ij_oxzVETLvw3jc9xSfBpsZraEBPHZOxJOjUxqec7DakeCYYh8WcXiN_KFLKze6FlvvX72nkVUocIXe-1UMBIoXjA1n71Ae_aFAVmUErc4S7IBYXfenso8nXbzKcGxxByqyVx669V5mk.o6LLd682hsu5rsQou9ISoidF5iow-vBxyRHFSjRsVcQ&dib_tag=se&keywords=women+summer+slippers&qid=1781786393&sr=8-32,https://m.media-amazon.com/images/I/71PawNcgveL._AC_UL320_.jpg,42,排名进入前50；价格处于人民币等值¥57.60-¥180.00黄金区间；评分达到4.3以上。
2026-06-18,amazon_us,product,search,women summer slippers,44,Joomra,¥172.73,4.3,Joomra,,,,,,https://www.amazon.com/Joomra-Slippers-Massage-Cushioned-Bathroom/dp/B09C1RFQ87/ref=sr_1_38?dib=eyJ2IjoiMSJ9.NubgJ1RLlNFHfLGC5PuwuUw9znhBJT3M7tF3m3ud52Nxsx-9ye_M59QjQCHhljAAlfgKq993-nprlkrYzePLIveESdygtnSKJ2TNv9aOO44-GtpAs3xT1nTKhKu0_VeYd_m2E91IWcV5v2Yeh9PQWuzrymVjVv5ij_oxzVETLvw3jc9xSfBpsZraEBPHZOxJOjUxqec7DakeCYYh8WcXiN_KFLKze6FlvvX72nkVUocIXe-1UMBIoXjA1n71Ae_aFAVmUErc4S7IBYXfenso8nXbzKcGxxByqyVx669V5mk.o6LLd682hsu5rsQou9ISoidF5iow-vBxyRHFSjRsVcQ&dib_tag=se&keywords=women+summer+slippers&qid=1781786393&sr=8-38,https://m.media-amazon.com/images/I/61-Aatjne0L._AC_UL320_.jpg,42,排名进入前50；价格处于人民币等值¥57.60-¥180.00黄金区间；评分达到4.3以上。
2026-06-18,amazon_us,product,search,women summer slippers,48,Scurtain,¥107.93,4.3,Scurtain,,,,,,https://www.amazon.com/Womens-Slippers-Athletic-Cruise-Essentials/dp/B0CPXP274L/ref=sr_1_42?dib=eyJ2IjoiMSJ9.NubgJ1RLlNFHfLGC5PuwuUw9znhBJT3M7tF3m3ud52Nxsx-9ye_M59QjQCHhljAAlfgKq993-nprlkrYzePLIveESdygtnSKJ2TNv9aOO44-GtpAs3xT1nTKhKu0_VeYd_m2E91IWcV5v2Yeh9PQWuzrymVjVv5ij_oxzVETLvw3jc9xSfBpsZraEBPHZOxJOjUxqec7DakeCYYh8WcXiN_KFLKze6FlvvX72nkVUocIXe-1UMBIoXjA1n71Ae_aFAVmUErc4S7IBYXfenso8nXbzKcGxxByqyVx669V5mk.o6LLd682hsu5rsQou9ISoidF5iow-vBxyRHFSjRsVcQ&dib_tag=se&keywords=women+summer+slippers&qid=1781786393&sr=8-42,https://m.media-amazon.com/images/I/81hIPZU8IcL._AC_UL320_.jpg,42,排名进入前50；价格处于人民币等值¥57.60-¥180.00黄金区间；评分达到4.3以上。
2026-06-18,amazon_us,product,search,women summer slippers,50,RockDove,¥158.33,4.4,RockDove,,,,,,https://www.amazon.com/RockDove-Original-Two-Tone-Slipper-Eggplant/dp/B08RNBR2L8/ref=sr_1_44?dib=eyJ2IjoiMSJ9.NubgJ1RLlNFHfLGC5PuwuUw9znhBJT3M7tF3m3ud52Nxsx-9ye_M59QjQCHhljAAlfgKq993-nprlkrYzePLIveESdygtnSKJ2TNv9aOO44-GtpAs3xT1nTKhKu0_VeYd_m2E91IWcV5v2Yeh9PQWuzrymVjVv5ij_oxzVETLvw3jc9xSfBpsZraEBPHZOxJOjUxqec7DakeCYYh8WcXiN_KFLKze6FlvvX72nkVUocIXe-1UMBIoXjA1n71Ae_aFAVmUErc4S7IBYXfenso8nXbzKcGxxByqyVx669V5mk.o6LLd682hsu5rsQou9ISoidF5iow-vBxyRHFSjRsVcQ&dib_tag=se&keywords=women+summer+slippers&qid=1781786393&sr=8-44,https://m.media-amazon.com/images/I/81Xsn-EWKyL._AC_UL320_.jpg,42,排名进入前50；价格处于人民币等值¥57.60-¥180.00黄金区间；评分达到4.3以上。
2026-06-18,amazon_us,product,search,women slides,42,mazeskin,¥71.93,4.4,mazeskin,,,,,,https://www.amazon.com/mazeskin-Womens-Comfortable-Sandals-Leather/dp/B0F32KMZ18/ref=sr_1_33?dib=eyJ2IjoiMSJ9._KS9xv2PSxs4p0s5tNQUovInrt2RHyBcd8_hgzLhdqKGeQIB9msPbB44anht_CF42Jho4QG5yICPnMxwqHd9_At3JuIKku9v-3kXyXVxWNtDu5JqmtSrfiUm96rsPWNqqbp9fnkPDh-21EHvFgkNNH16nUwSK7CqGkhlzrufRFAhe__mo0262w_8M1hCADGN0D_mZKa1i6JW0DN3YPlyX49e4R-76yKI_hZSruoBc5D1Y6T6IU8_Josh20JRI6DFzueHeP3W-ecRcUyw4ibC2awy-CyqfI-iSTJCVIuvqZI.g-3XkOeR4Y0c5BaPvDGHpdOVAH-Y6weIFYCGDy3w3KU&dib_tag=se&keywords=women+slides&qid=1781786395&sr=8-33,https://m.media-amazon.com/images/I/71jV8GHPNSL._AC_UL320_.jpg,42,排名进入前50；价格处于人民币等值¥57.60-¥180.00黄金区间；评分达到4.3以上。
2026-06-18,amazon_us,product,search,platform sandals women,14,KIFIWUI,¥496.73,4.2,KIFIWUI,,,,,,https://www.amazon.com/sspa/click?ie=UTF8&spc=MTozMzYyMTk3NTIxODQzODEzOjE3ODE3ODYzOTU6c3Bfc2VhcmNoX3RoZW1hdGljOjMwMDk0MzQ2NzU0OTkwMjo6MDo6&url=%2FKIFIWUI-Platform-Comfortable-Decoration-Fisherman%2Fdp%2FB0F7XD2DM7%2Fref%3Dsxin_16_pa_sp_search_thematic_sspa%3Fcontent-id%3Damzn1.sym.9830f7a6-3831-47c8-8516-490493d4fc59%253Aamzn1.sym.9830f7a6-3831-47c8-8516-490493d4fc59%26cv_ct_cx%3Dplatform%2Bsandals%2Bwomen%26keywords%3Dplatform%2Bsandals%2Bwomen%26pd_rd_i%3DB0F7XD2DM7%26pd_rd_r%3D63a95bfe-4924-4d34-8a60-03f4e617f687%26pd_rd_w%3DfntSM%26pd_rd_wg%3DKr3AE%26pf_rd_p%3D9830f7a6-3831-47c8-8516-490493d4fc59%26pf_rd_r%3DR6FNQH49SF0DWR7YGEAE%26qid%3D1781786395%26sbo%3DRZvfv%252F%252FHxDF%252BO5021pAnSA%253D%253D%26sr%3D1-1-7efdef4d-9875-47e1-927f-8c2c1c47ed49-spons%26aref%3DxAzN6OFlqN%26sp_csd%3Dd2lkZ2V0TmFtZT1zcF9zZWFyY2hfdGhlbWF0aWM%26psc%3D1&aref=xAzN6OFlqN,https://m.media-amazon.com/images/I/71-etU3EJ4L._AC_UL320_.jpg,42,排名进入前30；价格高于人民币等值¥288.00；评分达到4.0以上。
2026-06-18,amazon_us,product,best_sellers,Best Sellers Women Sandals,20,"CUSHIONAIRE Splash Jelly Flip Flops for Women With Flexible Sole, Soft Footbed Summer Sandals for Women",,3.7,$29.99,,,,,,https://www.amazon.com/CUSHIONAIRE-Flexible-Footbed-Sandals-WHISKEY/dp/B0FCZFSVZD/ref=zg_bs_g_679425011_d_sccl_20/143-9374178-7400904?psc=1,"https://images-na.ssl-images-amazon.com/images/I/71jSCW+w9gL._AC_UL600_SR600,400_.jpg",41,排名进入前30；标题包含 soft、summer，符合美国女鞋舒适化趋势。
2026-06-18,amazon_us,product,new_releases,New Releases Women Sandals,11,"CUSHIONAIRE Caper Jelly Sandals for Women, Comfortable Womens Slides with Cushioned Footbed and Wide Widths Available",,3.6,$39.99,,,,,,https://www.amazon.com/CUSHIONAIRE-Sandals-Comfortable-Cushioned-Available/dp/B0GXKC2VLN/ref=zg_bsnr_g_679425011_d_sccl_11/135-0399532-1860668?psc=1,"https://images-na.ssl-images-amazon.com/images/I/71jXtJ3qqEL._AC_UL600_SR600,400_.jpg",41,排名进入前30；标题包含 comfort，符合美国女鞋舒适化趋势。
2026-06-18,amazon_us,product,new_releases,New Releases Women Sandals,21,"CUSHIONAIRE Tropic Thong Jelly Flip Flops for Women with Square Toe and Wide Strap Design, Comfortable Lightweight Womens Sandals",,,$34.99,,,,,,https://www.amazon.com/CUSHIONAIRE-Comfortable-Lightweight-Sandals-TORTOISE/dp/B0H2FP1P95/ref=zg_bsnr_g_679425011_d_sccl_21/135-0399532-1860668?psc=1,"https://images-na.ssl-images-amazon.com/images/I/71r1GbHxUpL._AC_UL600_SR600,400_.jpg",41,排名进入前30；标题包含 comfort，符合美国女鞋舒适化趋势。
2026-06-18,amazon_us,product,new_releases,New Releases Women Sandals,34,Qzize Sport Walking Water Sandals for Women with Arch Support & Adjustable Straps Platform Sandals Women Height Increase,,4.4,$15.99,,,,,,https://www.amazon.com/Qzize-Sandals-Walking-Support-Outdoor/dp/B0FX8S36TM/ref=zg_bsnr_g_679425011_d_sccl_34/135-0399532-1860668?psc=1,"https://images-na.ssl-images-amazon.com/images/I/61CwtYgkV5L._AC_UL300_SR300,200_.jpg",41,排名进入前50；标题包含 platform、arch support，符合美国女鞋舒适化趋势；评分达到4.3以上。
2026-06-18,amazon_us,product,search,platform sandals women,49,UBFEN,¥287.93,4.8,UBFEN,,,,,,https://www.amazon.com/UBFEN-Womens-Espadrille-Platform-Sandals/dp/B0G6YZGM42/ref=sr_1_35?dib=eyJ2IjoiMSJ9.EzbUdw9pCBZMp1xiap9xkOtXmSxPzWy4mipEzMmzqIie2zjbOOgkTU8i_DqcCjCud8-j7uqVV4c1OAPwVu_zssOlcrnFcHqG58j1SZmvcYvYC9qW8YgUMff6TWwyPh23A9_OfjgoyAgWNx2RCZ58hy0rZs-Ki7c1RWQ_jKOhK2bSemp6bwny5DQKb73_hZK0zWaqhcR9bpwv2ZNLNca8VA_BFpA-88UEmYbAM-K4XZf2cW-hL6eh8LdGnTrUjWzyIX92qbXBHyunx6uW0Ti2FLfKVqKDaCsTZk5cUlOY__Q.20hiZY71aoFnFdixmQKvMaXC-Cqi1I2RTFxOO3qTeNg&dib_tag=se&keywords=platform+sandals+women&qid=1781786395&sr=8-35,https://m.media-amazon.com/images/I/71hqwCz4-2L._AC_UL320_.jpg,40,排名进入前50；价格处于人民币等值¥180.00-¥288.00区间；评分达到4.6以上。
2026-06-18,amazon_us,product,best_sellers,Best Sellers Women Sandals,28,Crocs Women's Kadee II Sandals,,4.2,$22.49,,,,,,https://www.amazon.com/Crocs-Womens-Sandal-Summer-Sandals/dp/B0888T2ZGL/ref=zg_bs_g_679425011_d_sccl_28/143-9374178-7400904?psc=1,"https://images-na.ssl-images-amazon.com/images/I/418xHnUA5HL._AC_UL600_SR600,400_.jpg",39,排名进入前30；评分达到4.0以上。
2026-06-18,amazon_us,product,best_sellers,Best Sellers Women Sandals,35,KuaiLu Womens Flip Flops Ladies Yoga Mat Comfortable Walking Thong Sandals With Plantar Fasciitis Arch Support Slip On Indoor Outdoor For Summer,,4.2,$25.99,,,,,,https://www.amazon.com/KuaiLu-Comfortable-Walking-Sandals-Fasciitis/dp/B08XX52FHY/ref=zg_bs_g_679425011_d_sccl_35/135-0399532-1860668?psc=1,"https://images-na.ssl-images-amazon.com/images/I/61k31MTJEYL._AC_UL300_SR300,200_.jpg",39,排名进入前50；标题包含 comfort、arch support、summer，符合美国女鞋舒适化趋势；评分达到4.0以上。
2026-06-18,amazon_us,product,best_sellers,Best Sellers Women Sandals,43,COFACE Womens Fashion Orthotic Flip Flops Ladies Slip On Lightweight Athletic Yoga Mat Cushion Thong Sandals With Comfortable Plantar Fasciitis Arch Support,,4.3,$25.99,,,,,,https://www.amazon.com/COFACE-Orthotic-Athletic-FlipFlops-Fasciitis/dp/B09ZKZW1LR/ref=zg_bs_g_679425011_d_sccl_43/135-0399532-1860668?psc=1,"https://images-na.ssl-images-amazon.com/images/I/71wrTj6AkpL._AC_UL300_SR300,200_.jpg",39,排名进入前50；标题包含 comfort、arch support，符合美国女鞋舒适化趋势；评分达到4.3以上。
2026-06-18,amazon_us,product,search,women summer slippers,41,FRALOSHA,¥89.93,4.2,FRALOSHA,,,,,,https://www.amazon.com/FRALOSHA-Slippers-Breathable-Outdoor-Sandals/dp/B07FSG6P3M/ref=sr_1_35?dib=eyJ2IjoiMSJ9.NubgJ1RLlNFHfLGC5PuwuUw9znhBJT3M7tF3m3ud52Nxsx-9ye_M59QjQCHhljAAlfgKq993-nprlkrYzePLIveESdygtnSKJ2TNv9aOO44-GtpAs3xT1nTKhKu0_VeYd_m2E91IWcV5v2Yeh9PQWuzrymVjVv5ij_oxzVETLvw3jc9xSfBpsZraEBPHZOxJOjUxqec7DakeCYYh8WcXiN_KFLKze6FlvvX72nkVUocIXe-1UMBIoXjA1n71Ae_aFAVmUErc4S7IBYXfenso8nXbzKcGxxByqyVx669V5mk.o6LLd682hsu5rsQou9ISoidF5iow-vBxyRHFSjRsVcQ&dib_tag=se&keywords=women+summer+slippers&qid=1781786393&sr=8-35,https://m.media-amazon.com/images/I/810Hfh0qwIL._AC_UL320_.jpg,39,排名进入前50；价格处于人民币等值¥57.60-¥180.00黄金区间；评分达到4.0以上。
2026-06-18,amazon_us,product,search,women summer slippers,42,Wishcotton,¥119.45,4.2,Wishcotton,,,,,,https://www.amazon.com/Wishcotton-Womens-Adjustable-Memory-Slippers/dp/B079QKLSLQ/ref=sr_1_36?dib=eyJ2IjoiMSJ9.NubgJ1RLlNFHfLGC5PuwuUw9znhBJT3M7tF3m3ud52Nxsx-9ye_M59QjQCHhljAAlfgKq993-nprlkrYzePLIveESdygtnSKJ2TNv9aOO44-GtpAs3xT1nTKhKu0_VeYd_m2E91IWcV5v2Yeh9PQWuzrymVjVv5ij_oxzVETLvw3jc9xSfBpsZraEBPHZOxJOjUxqec7DakeCYYh8WcXiN_KFLKze6FlvvX72nkVUocIXe-1UMBIoXjA1n71Ae_aFAVmUErc4S7IBYXfenso8nXbzKcGxxByqyVx669V5mk.o6LLd682hsu5rsQou9ISoidF5iow-vBxyRHFSjRsVcQ&dib_tag=se&keywords=women+summer+slippers&qid=1781786393&sr=8-36,https://m.media-amazon.com/images/I/71WcFznX60L._AC_UL320_.jpg,39,排名进入前50；价格处于人民币等值¥57.60-¥180.00黄金区间；评分达到4.0以上。
2026-06-18,amazon_us,product,search,women slides,43,FUNKYMONKEY,¥136.73,4.1,FUNKYMONKEY,,,,,,https://www.amazon.com/FUNKYMONKEY-Comfort-Adjustable-Sandals-US-Women/dp/B07CV9YZBB/ref=sr_1_34?dib=eyJ2IjoiMSJ9._KS9xv2PSxs4p0s5tNQUovInrt2RHyBcd8_hgzLhdqKGeQIB9msPbB44anht_CF42Jho4QG5yICPnMxwqHd9_At3JuIKku9v-3kXyXVxWNtDu5JqmtSrfiUm96rsPWNqqbp9fnkPDh-21EHvFgkNNH16nUwSK7CqGkhlzrufRFAhe__mo0262w_8M1hCADGN0D_mZKa1i6JW0DN3YPlyX49e4R-76yKI_hZSruoBc5D1Y6T6IU8_Josh20JRI6DFzueHeP3W-ecRcUyw4ibC2awy-CyqfI-iSTJCVIuvqZI.g-3XkOeR4Y0c5BaPvDGHpdOVAH-Y6weIFYCGDy3w3KU&dib_tag=se&keywords=women+slides&qid=1781786395&sr=8-34,https://m.media-amazon.com/images/I/51o3wxcasIL._AC_UL320_.jpg,39,排名进入前50；价格处于人民币等值¥57.60-¥180.00黄金区间；评分达到4.0以上。
2026-06-18,amazon_us,product,search,women slides,50,INUUINUU,¥71.93,4.1,INUUINUU,,,,,,https://www.amazon.com/INUUINUU-Comfortable-Slippers-Lightweight-Bathroom/dp/B0GLGC8BGQ/ref=sr_1_41?dib=eyJ2IjoiMSJ9._KS9xv2PSxs4p0s5tNQUovInrt2RHyBcd8_hgzLhdqKGeQIB9msPbB44anht_CF42Jho4QG5yICPnMxwqHd9_At3JuIKku9v-3kXyXVxWNtDu5JqmtSrfiUm96rsPWNqqbp9fnkPDh-21EHvFgkNNH16nUwSK7CqGkhlzrufRFAhe__mo0262w_8M1hCADGN0D_mZKa1i6JW0DN3YPlyX49e4R-76yKI_hZSruoBc5D1Y6T6IU8_Josh20JRI6DFzueHeP3W-ecRcUyw4ibC2awy-CyqfI-iSTJCVIuvqZI.g-3XkOeR4Y0c5BaPvDGHpdOVAH-Y6weIFYCGDy3w3KU&dib_tag=se&keywords=women+slides&qid=1781786395&sr=8-41,https://m.media-amazon.com/images/I/71ao+6pV3pL._AC_UL320_.jpg,39,排名进入前50；价格处于人民币等值¥57.60-¥180.00黄金区间；评分达到4.0以上。
2026-06-18,amazon_us,product,search,platform sandals women,13,Drikler,¥575.93,,Drikler,,,,,,https://www.amazon.com/Drikler-Platform-Sandals-Breathable-Walking/dp/B0GVJTBPV7/ref=sr_1_7?dib=eyJ2IjoiMSJ9.EzbUdw9pCBZMp1xiap9xkOtXmSxPzWy4mipEzMmzqIie2zjbOOgkTU8i_DqcCjCud8-j7uqVV4c1OAPwVu_zssOlcrnFcHqG58j1SZmvcYvYC9qW8YgUMff6TWwyPh23A9_OfjgoyAgWNx2RCZ58hy0rZs-Ki7c1RWQ_jKOhK2bSemp6bwny5DQKb73_hZK0zWaqhcR9bpwv2ZNLNca8VA_BFpA-88UEmYbAM-K4XZf2cW-hL6eh8LdGnTrUjWzyIX92qbXBHyunx6uW0Ti2FLfKVqKDaCsTZk5cUlOY__Q.20hiZY71aoFnFdixmQKvMaXC-Cqi1I2RTFxOO3qTeNg&dib_tag=se&keywords=platform+sandals+women&qid=1781786395&sr=8-7,https://m.media-amazon.com/images/I/81BfMHIxALL._AC_UL320_.jpg,38,排名进入前30；价格高于人民币等值¥288.00。
2026-06-18,amazon_us,product,search,women summer slippers,39,Chantomoo,¥215.93,4.4,Chantomoo,,,,,,https://www.amazon.com/Chantomoo-Slippers-Bedroom-Corduroy-Crossbands/dp/B0C7H38YBT/ref=sr_1_33?dib=eyJ2IjoiMSJ9.NubgJ1RLlNFHfLGC5PuwuUw9znhBJT3M7tF3m3ud52Nxsx-9ye_M59QjQCHhljAAlfgKq993-nprlkrYzePLIveESdygtnSKJ2TNv9aOO44-GtpAs3xT1nTKhKu0_VeYd_m2E91IWcV5v2Yeh9PQWuzrymVjVv5ij_oxzVETLvw3jc9xSfBpsZraEBPHZOxJOjUxqec7DakeCYYh8WcXiN_KFLKze6FlvvX72nkVUocIXe-1UMBIoXjA1n71Ae_aFAVmUErc4S7IBYXfenso8nXbzKcGxxByqyVx669V5mk.o6LLd682hsu5rsQou9ISoidF5iow-vBxyRHFSjRsVcQ&dib_tag=se&keywords=women+summer+slippers&qid=1781786393&sr=8-33,https://m.media-amazon.com/images/I/711Z9Ju3AqL._AC_UL320_.jpg,37,排名进入前50；价格处于人民币等值¥180.00-¥288.00区间；评分达到4.3以上。
2026-06-18,amazon_us,product,search,women slides,31,Calvin Klein,¥234.58,4.5,Calvin Klein,,,,,,https://www.amazon.com/Calvin-Klein-Athens-Brown/dp/B091ZF5PQQ/ref=sr_1_22?dib=eyJ2IjoiMSJ9._KS9xv2PSxs4p0s5tNQUovInrt2RHyBcd8_hgzLhdqKGeQIB9msPbB44anht_CF42Jho4QG5yICPnMxwqHd9_At3JuIKku9v-3kXyXVxWNtDu5JqmtSrfiUm96rsPWNqqbp9fnkPDh-21EHvFgkNNH16nUwSK7CqGkhlzrufRFAhe__mo0262w_8M1hCADGN0D_mZKa1i6JW0DN3YPlyX49e4R-76yKI_hZSruoBc5D1Y6T6IU8_Josh20JRI6DFzueHeP3W-ecRcUyw4ibC2awy-CyqfI-iSTJCVIuvqZI.g-3XkOeR4Y0c5BaPvDGHpdOVAH-Y6weIFYCGDy3w3KU&dib_tag=se&keywords=women+slides&qid=1781786395&sr=8-22,https://m.media-amazon.com/images/I/71nyc3qEKeS._AC_UL320_.jpg,37,排名进入前50；价格处于人民币等值¥180.00-¥288.00区间；评分达到4.3以上。
2026-06-18,amazon_us,product,search,platform sandals women,36,TEMOFON,¥233.21,4.4,TEMOFON,,,,,,https://www.amazon.com/sspa/click?ie=UTF8&spc=MToyOTc5MzUwMTY1MTA2MDcxOjE3ODE3ODYzOTU6c3BfbXRmOjMwMTI0NTg2MjUxMzgwMjo6MDo6&url=%2FTEMOFON-Sandals-Platform-Bohemian-Rhinestone%2Fdp%2FB0C1495B39%2Fref%3Dsr_1_22_sspa%3Fdib%3DeyJ2IjoiMSJ9.EzbUdw9pCBZMp1xiap9xkOtXmSxPzWy4mipEzMmzqIie2zjbOOgkTU8i_DqcCjCud8-j7uqVV4c1OAPwVu_zssOlcrnFcHqG58j1SZmvcYvYC9qW8YgUMff6TWwyPh23A9_OfjgoyAgWNx2RCZ58hy0rZs-Ki7c1RWQ_jKOhK2bSemp6bwny5DQKb73_hZK0zWaqhcR9bpwv2ZNLNca8VA_BFpA-88UEmYbAM-K4XZf2cW-hL6eh8LdGnTrUjWzyIX92qbXBHyunx6uW0Ti2FLfKVqKDaCsTZk5cUlOY__Q.20hiZY71aoFnFdixmQKvMaXC-Cqi1I2RTFxOO3qTeNg%26dib_tag%3Dse%26keywords%3Dplatform%2Bsandals%2Bwomen%26qid%3D1781786395%26sr%3D8-22-spons%26sp_csd%3Dd2lkZ2V0TmFtZT1zcF9tdGY%26psc%3D1,https://m.media-amazon.com/images/I/61iMqDDZYAL._AC_UL320_.jpg,37,排名进入前50；价格处于人民币等值¥180.00-¥288.00区间；评分达到4.3以上。
2026-06-18,amazon_us,product,search,platform sandals women,41,BiuYorBTY,¥183.53,4.3,BiuYorBTY,,,,,,https://www.amazon.com/BiuYorBTY-Platform-Sandals-Footbed-Comfort/dp/B0DZ1NT6L9/ref=sr_1_27?dib=eyJ2IjoiMSJ9.EzbUdw9pCBZMp1xiap9xkOtXmSxPzWy4mipEzMmzqIie2zjbOOgkTU8i_DqcCjCud8-j7uqVV4c1OAPwVu_zssOlcrnFcHqG58j1SZmvcYvYC9qW8YgUMff6TWwyPh23A9_OfjgoyAgWNx2RCZ58hy0rZs-Ki7c1RWQ_jKOhK2bSemp6bwny5DQKb73_hZK0zWaqhcR9bpwv2ZNLNca8VA_BFpA-88UEmYbAM-K4XZf2cW-hL6eh8LdGnTrUjWzyIX92qbXBHyunx6uW0Ti2FLfKVqKDaCsTZk5cUlOY__Q.20hiZY71aoFnFdixmQKvMaXC-Cqi1I2RTFxOO3qTeNg&dib_tag=se&keywords=platform+sandals+women&qid=1781786395&sr=8-27,https://m.media-amazon.com/images/I/716g0SFJuTL._AC_UL320_.jpg,37,排名进入前50；价格处于人民币等值¥180.00-¥288.00区间；评分达到4.3以上。
2026-06-18,amazon_us,product,search,platform sandals women,44,HEYDUDE,¥269.93,4.5,HEYDUDE,,,,,,https://www.amazon.com/HEYDUDE-Womens-Austin-Classic-Leopard/dp/B0F7NZZ7TV/ref=sr_1_30?dib=eyJ2IjoiMSJ9.EzbUdw9pCBZMp1xiap9xkOtXmSxPzWy4mipEzMmzqIie2zjbOOgkTU8i_DqcCjCud8-j7uqVV4c1OAPwVu_zssOlcrnFcHqG58j1SZmvcYvYC9qW8YgUMff6TWwyPh23A9_OfjgoyAgWNx2RCZ58hy0rZs-Ki7c1RWQ_jKOhK2bSemp6bwny5DQKb73_hZK0zWaqhcR9bpwv2ZNLNca8VA_BFpA-88UEmYbAM-K4XZf2cW-hL6eh8LdGnTrUjWzyIX92qbXBHyunx6uW0Ti2FLfKVqKDaCsTZk5cUlOY__Q.20hiZY71aoFnFdixmQKvMaXC-Cqi1I2RTFxOO3qTeNg&dib_tag=se&keywords=platform+sandals+women&qid=1781786395&sr=8-30,https://m.media-amazon.com/images/I/710D4Ip+lqL._AC_UL320_.jpg,37,排名进入前50；价格处于人民币等值¥180.00-¥288.00区间；评分达到4.3以上。
2026-06-18,amazon_us,product,new_releases,New Releases Women Sandals,38,TMSNGLSMI Womens Jelly Clear Low Heeled Thong Sandals Comfort Slip On Square Toe Transparent Kitten Heel Flip Flops Summer Beach Vacation Travel Casual Daily Slides,,4.2,$29.99,,,,,,https://www.amazon.com/TMSNGLSMI-Sandals-Comfort-Transparent-Vacation/dp/B0GZDGNRT2/ref=zg_bsnr_g_679425011_d_sccl_38/135-0399532-1860668?psc=1,"https://images-na.ssl-images-amazon.com/images/I/61zWfP0wOOL._AC_UL300_SR300,200_.jpg",36,排名进入前50；标题包含 comfort、beach、summer，符合美国女鞋舒适化趋势；评分达到4.0以上。
2026-06-18,amazon_us,product,new_releases,New Releases Women Sandals,42,"SaDuck Womens Beach Sandals, Cute Slip On Summer Slides Sandals for Women, Non Slip Casual Summer Shoes for Beach travel & Vacation",,4.6,$22.99,,,,,,https://www.amazon.com/SaDuck-Sandals-Comfortable-Slippers-Vacation/dp/B0GVKB2769/ref=zg_bsnr_g_679425011_d_sccl_42/135-0399532-1860668?psc=1,"https://images-na.ssl-images-amazon.com/images/I/8101ZDrPoFL._AC_UL300_SR300,200_.jpg",36,排名进入前50；标题包含 beach、summer，符合美国女鞋舒适化趋势；评分达到4.6以上。
2026-06-18,amazon_us,product,new_releases,New Releases Women Sandals,26,"CUSHIONAIRE Elle Pointed Heel Womens Sandal, Open Toe Heeled Mule with Cushioned Memory and Stiletto Design",,3.7,$49.99,,,,,,https://www.amazon.com/CUSHIONAIRE-Pointed-Womens-Cushioned-Stiletto/dp/B0GXGTW472/ref=zg_bsnr_g_679425011_d_sccl_26/135-0399532-1860668?psc=1,"https://images-na.ssl-images-amazon.com/images/I/71cWGn5b4kL._AC_UL600_SR600,400_.jpg",35,排名进入前30。
2026-06-18,amazon_us,product,search,women slides,44,SKETOE,¥71.93,3.8,SKETOE,,,,,,https://www.amazon.com/SKETOE-Support-Recovery-Comfortable-Slippers/dp/B0GLFF6C8J/ref=sr_1_35?dib=eyJ2IjoiMSJ9._KS9xv2PSxs4p0s5tNQUovInrt2RHyBcd8_hgzLhdqKGeQIB9msPbB44anht_CF42Jho4QG5yICPnMxwqHd9_At3JuIKku9v-3kXyXVxWNtDu5JqmtSrfiUm96rsPWNqqbp9fnkPDh-21EHvFgkNNH16nUwSK7CqGkhlzrufRFAhe__mo0262w_8M1hCADGN0D_mZKa1i6JW0DN3YPlyX49e4R-76yKI_hZSruoBc5D1Y6T6IU8_Josh20JRI6DFzueHeP3W-ecRcUyw4ibC2awy-CyqfI-iSTJCVIuvqZI.g-3XkOeR4Y0c5BaPvDGHpdOVAH-Y6weIFYCGDy3w3KU&dib_tag=se&keywords=women+slides&qid=1781786395&sr=8-35,https://m.media-amazon.com/images/I/81ECHpu6ZvL._AC_UL320_.jpg,35,排名进入前50；价格处于人民币等值¥57.60-¥180.00黄金区间。
2026-06-18,amazon_us,product,search,platform sandals women,38,Project Cloud,¥467.28,4.2,Project Cloud,,,,,,https://www.amazon.com/Project-Cloud-Genuine-Platform-Footwear/dp/B0DPRFWMY5/ref=sr_1_24?dib=eyJ2IjoiMSJ9.EzbUdw9pCBZMp1xiap9xkOtXmSxPzWy4mipEzMmzqIie2zjbOOgkTU8i_DqcCjCud8-j7uqVV4c1OAPwVu_zssOlcrnFcHqG58j1SZmvcYvYC9qW8YgUMff6TWwyPh23A9_OfjgoyAgWNx2RCZ58hy0rZs-Ki7c1RWQ_jKOhK2bSemp6bwny5DQKb73_hZK0zWaqhcR9bpwv2ZNLNca8VA_BFpA-88UEmYbAM-K4XZf2cW-hL6eh8LdGnTrUjWzyIX92qbXBHyunx6uW0Ti2FLfKVqKDaCsTZk5cUlOY__Q.20hiZY71aoFnFdixmQKvMaXC-Cqi1I2RTFxOO3qTeNg&dib_tag=se&keywords=platform+sandals+women&qid=1781786395&sr=8-24,https://m.media-amazon.com/images/I/81FRcaN2z8L._AC_UL320_.jpg,35,排名进入前50；价格高于人民币等值¥288.00；标题包含 cloud，符合美国女鞋舒适化趋势；评分达到4.0以上。
2026-06-18,amazon_us,product,search,women summer slippers,40,FITORY,¥215.93,4.2,FITORY,,,,,,https://www.amazon.com/FITORY-Sandals-Fashion-Leather-Slippers/dp/B0CM5N7R34/ref=sr_1_34?dib=eyJ2IjoiMSJ9.NubgJ1RLlNFHfLGC5PuwuUw9znhBJT3M7tF3m3ud52Nxsx-9ye_M59QjQCHhljAAlfgKq993-nprlkrYzePLIveESdygtnSKJ2TNv9aOO44-GtpAs3xT1nTKhKu0_VeYd_m2E91IWcV5v2Yeh9PQWuzrymVjVv5ij_oxzVETLvw3jc9xSfBpsZraEBPHZOxJOjUxqec7DakeCYYh8WcXiN_KFLKze6FlvvX72nkVUocIXe-1UMBIoXjA1n71Ae_aFAVmUErc4S7IBYXfenso8nXbzKcGxxByqyVx669V5mk.o6LLd682hsu5rsQou9ISoidF5iow-vBxyRHFSjRsVcQ&dib_tag=se&keywords=women+summer+slippers&qid=1781786393&sr=8-34,https://m.media-amazon.com/images/I/71fgVPQ6SpL._AC_UL320_.jpg,34,排名进入前50；价格处于人民币等值¥180.00-¥288.00区间；评分达到4.0以上。
2026-06-18,amazon_us,product,search,women slides,45,KuaiLu,¥187.13,4.0,KuaiLu,,,,,,https://www.amazon.com/Orthotic-Lightweight-Athletic-Comfortable-Fasciitis/dp/B092ZTSYSF/ref=sr_1_36?dib=eyJ2IjoiMSJ9._KS9xv2PSxs4p0s5tNQUovInrt2RHyBcd8_hgzLhdqKGeQIB9msPbB44anht_CF42Jho4QG5yICPnMxwqHd9_At3JuIKku9v-3kXyXVxWNtDu5JqmtSrfiUm96rsPWNqqbp9fnkPDh-21EHvFgkNNH16nUwSK7CqGkhlzrufRFAhe__mo0262w_8M1hCADGN0D_mZKa1i6JW0DN3YPlyX49e4R-76yKI_hZSruoBc5D1Y6T6IU8_Josh20JRI6DFzueHeP3W-ecRcUyw4ibC2awy-CyqfI-iSTJCVIuvqZI.g-3XkOeR4Y0c5BaPvDGHpdOVAH-Y6weIFYCGDy3w3KU&dib_tag=se&keywords=women+slides&qid=1781786395&sr=8-36,https://m.media-amazon.com/images/I/71FIt3eq-6L._AC_UL320_.jpg,34,排名进入前50；价格处于人民币等值¥180.00-¥288.00区间；评分达到4.0以上。
2026-06-18,amazon_us,product,search,platform sandals women,33,Vepose,¥215.93,4.2,Vepose,,,,,,https://www.amazon.com/sspa/click?ie=UTF8&spc=MToyOTc5MzUwMTY1MTA2MDcxOjE3ODE3ODYzOTU6c3BfbXRmOjIwMDA1NjgzMjAxNDc5ODo6MDo6&url=%2FVEPOSE-Espadrilles-Platform-Sandals-CJY400A%2Fdp%2FB08P1NTSTB%2Fref%3Dsr_1_19_sspa%3Fdib%3DeyJ2IjoiMSJ9.EzbUdw9pCBZMp1xiap9xkOtXmSxPzWy4mipEzMmzqIie2zjbOOgkTU8i_DqcCjCud8-j7uqVV4c1OAPwVu_zssOlcrnFcHqG58j1SZmvcYvYC9qW8YgUMff6TWwyPh23A9_OfjgoyAgWNx2RCZ58hy0rZs-Ki7c1RWQ_jKOhK2bSemp6bwny5DQKb73_hZK0zWaqhcR9bpwv2ZNLNca8VA_BFpA-88UEmYbAM-K4XZf2cW-hL6eh8LdGnTrUjWzyIX92qbXBHyunx6uW0Ti2FLfKVqKDaCsTZk5cUlOY__Q.20hiZY71aoFnFdixmQKvMaXC-Cqi1I2RTFxOO3qTeNg%26dib_tag%3Dse%26keywords%3Dplatform%2Bsandals%2Bwomen%26qid%3D1781786395%26sr%3D8-19-spons%26sp_csd%3Dd2lkZ2V0TmFtZT1zcF9tdGY%26psc%3D1,https://m.media-amazon.com/images/I/817ilCzUDVL._AC_UL320_.jpg,34,排名进入前50；价格处于人民币等值¥180.00-¥288.00区间；评分达到4.0以上。
2026-06-18,amazon_us,product,search,platform sandals women,35,Coutgo,¥287.93,4.1,Coutgo,,,,,,https://www.amazon.com/sspa/click?ie=UTF8&spc=MToyOTc5MzUwMTY1MTA2MDcxOjE3ODE3ODYzOTU6c3BfbXRmOjMwMDc4NTM2NDQ0MDEwMjo6MDo6&url=%2FCoutgo-Womens-Platform-Sandals-Espadrilles%2Fdp%2FB0F1FHXSB6%2Fref%3Dsr_1_21_sspa%3Fdib%3DeyJ2IjoiMSJ9.EzbUdw9pCBZMp1xiap9xkOtXmSxPzWy4mipEzMmzqIie2zjbOOgkTU8i_DqcCjCud8-j7uqVV4c1OAPwVu_zssOlcrnFcHqG58j1SZmvcYvYC9qW8YgUMff6TWwyPh23A9_OfjgoyAgWNx2RCZ58hy0rZs-Ki7c1RWQ_jKOhK2bSemp6bwny5DQKb73_hZK0zWaqhcR9bpwv2ZNLNca8VA_BFpA-88UEmYbAM-K4XZf2cW-hL6eh8LdGnTrUjWzyIX92qbXBHyunx6uW0Ti2FLfKVqKDaCsTZk5cUlOY__Q.20hiZY71aoFnFdixmQKvMaXC-Cqi1I2RTFxOO3qTeNg%26dib_tag%3Dse%26keywords%3Dplatform%2Bsandals%2Bwomen%26qid%3D1781786395%26sr%3D8-21-spons%26sp_csd%3Dd2lkZ2V0TmFtZT1zcF9tdGY%26psc%3D1,https://m.media-amazon.com/images/I/61ui+DOM1mL._AC_UL320_.jpg,34,排名进入前50；价格处于人民币等值¥180.00-¥288.00区间；评分达到4.0以上。
2026-06-18,amazon_us,product,search,platform sandals women,45,Lovee Cosee,¥287.93,4.1,Lovee Cosee,,,,,,https://www.amazon.com/Lovee-Cosee-Lightweight-Comfortable-Essentials/dp/B0F1MYF4FQ/ref=sr_1_31?dib=eyJ2IjoiMSJ9.EzbUdw9pCBZMp1xiap9xkOtXmSxPzWy4mipEzMmzqIie2zjbOOgkTU8i_DqcCjCud8-j7uqVV4c1OAPwVu_zssOlcrnFcHqG58j1SZmvcYvYC9qW8YgUMff6TWwyPh23A9_OfjgoyAgWNx2RCZ58hy0rZs-Ki7c1RWQ_jKOhK2bSemp6bwny5DQKb73_hZK0zWaqhcR9bpwv2ZNLNca8VA_BFpA-88UEmYbAM-K4XZf2cW-hL6eh8LdGnTrUjWzyIX92qbXBHyunx6uW0Ti2FLfKVqKDaCsTZk5cUlOY__Q.20hiZY71aoFnFdixmQKvMaXC-Cqi1I2RTFxOO3qTeNg&dib_tag=se&keywords=platform+sandals+women&qid=1781786395&sr=8-31,https://m.media-amazon.com/images/I/71tL3Y0loaL._AC_UL320_.jpg,34,排名进入前50；价格处于人民币等值¥180.00-¥288.00区间；评分达到4.0以上。
2026-06-18,amazon_us,product,search,platform sandals women,47,EQAUDES,¥273.53,4.2,EQAUDES,,,,,,https://www.amazon.com/EQAUDES-Platform-Espadrille-Sandals-Flatform/dp/B0C6XLWPN9/ref=sr_1_33?dib=eyJ2IjoiMSJ9.EzbUdw9pCBZMp1xiap9xkOtXmSxPzWy4mipEzMmzqIie2zjbOOgkTU8i_DqcCjCud8-j7uqVV4c1OAPwVu_zssOlcrnFcHqG58j1SZmvcYvYC9qW8YgUMff6TWwyPh23A9_OfjgoyAgWNx2RCZ58hy0rZs-Ki7c1RWQ_jKOhK2bSemp6bwny5DQKb73_hZK0zWaqhcR9bpwv2ZNLNca8VA_BFpA-88UEmYbAM-K4XZf2cW-hL6eh8LdGnTrUjWzyIX92qbXBHyunx6uW0Ti2FLfKVqKDaCsTZk5cUlOY__Q.20hiZY71aoFnFdixmQKvMaXC-Cqi1I2RTFxOO3qTeNg&dib_tag=se&keywords=platform+sandals+women&qid=1781786395&sr=8-33,https://m.media-amazon.com/images/I/81juIfWU4pL._AC_UL320_.jpg,34,排名进入前50；价格处于人民币等值¥180.00-¥288.00区间；评分达到4.0以上。
2026-06-18,amazon_us,product,best_sellers,Best Sellers Women Sandals,40,FITORY Women's Flat Sandals Fashion Slides With Soft Leather Slippers for Summer Size 6-11,,4.3,$19.99,,,,,,https://www.amazon.com/FITORY-Sandals-Fashion-Leather-Slippers/dp/B0BN3GQFKN/ref=zg_bs_g_679425011_d_sccl_40/135-0399532-1860668?psc=1,"https://images-na.ssl-images-amazon.com/images/I/61cA2WpKDqL._AC_UL300_SR300,200_.jpg",33,排名进入前50；标题包含 soft、summer，符合美国女鞋舒适化趋势；评分达到4.3以上。
2026-06-18,amazon_us,product,best_sellers,Best Sellers Women Sandals,45,Rihero Women's Dressy Flat Sandals Comfortable Slip On Leather Slide Sandals,,4.4,$25.99,,,,,,https://www.amazon.com/Rihero-Womens-Sandals-Comfortable-Leather/dp/B0CNR2X2JD/ref=zg_bs_g_679425011_d_sccl_45/135-0399532-1860668?psc=1,"https://images-na.ssl-images-amazon.com/images/I/71KbuNFCUGL._AC_UL300_SR300,200_.jpg",33,排名进入前50；标题包含 comfort，符合美国女鞋舒适化趋势；评分达到4.3以上。
2026-06-18,amazon_us,product,new_releases,New Releases Women Sandals,35,"CUSHIONAIRE Mezzo Clear Strap Kitten Heels for Women, Square Toe Flip Flop Sandal Heels with Memory Foam Comfort",,4.4,$49.98,,,,,,https://www.amazon.com/CUSHIONAIRE-Kitten-Square-Sandal-Comfort/dp/B0GZHSB6YY/ref=zg_bsnr_g_679425011_d_sccl_35/135-0399532-1860668?psc=1,"https://images-na.ssl-images-amazon.com/images/I/71JZGKZQhEL._AC_UL300_SR300,200_.jpg",33,排名进入前50；标题包含 comfort，符合美国女鞋舒适化趋势；评分达到4.3以上。
2026-06-18,amazon_us,product,new_releases,New Releases Women Sandals,41,adidas Women's Adilette Comfort 2.0 Slide,,4.3,$30.00,,,,,,https://www.amazon.com/adidas-Womens-Adilette-Comfort-Metallic/dp/B0F33YVXNJ/ref=zg_bsnr_g_679425011_d_sccl_41/135-0399532-1860668?psc=1,"https://images-na.ssl-images-amazon.com/images/I/51KXzkGNdgL._AC_UL300_SR300,200_.jpg",33,排名进入前50；标题包含 comfort，符合美国女鞋舒适化趋势；评分达到4.3以上。
2026-06-18,amazon_us,product,search,women slides,39,Coach,¥684.00,4.6,Coach,,,,,,https://www.amazon.com/Coach-Womens-Udele-Slide-Tan/dp/B07PGQ6GGP/ref=sr_1_30?dib=eyJ2IjoiMSJ9._KS9xv2PSxs4p0s5tNQUovInrt2RHyBcd8_hgzLhdqKGeQIB9msPbB44anht_CF42Jho4QG5yICPnMxwqHd9_At3JuIKku9v-3kXyXVxWNtDu5JqmtSrfiUm96rsPWNqqbp9fnkPDh-21EHvFgkNNH16nUwSK7CqGkhlzrufRFAhe__mo0262w_8M1hCADGN0D_mZKa1i6JW0DN3YPlyX49e4R-76yKI_hZSruoBc5D1Y6T6IU8_Josh20JRI6DFzueHeP3W-ecRcUyw4ibC2awy-CyqfI-iSTJCVIuvqZI.g-3XkOeR4Y0c5BaPvDGHpdOVAH-Y6weIFYCGDy3w3KU&dib_tag=se&keywords=women+slides&qid=1781786395&sr=8-30,https://m.media-amazon.com/images/I/71BQOaIl59L._AC_UL320_.jpg,33,排名进入前50；价格高于人民币等值¥288.00；评分达到4.6以上。
2026-06-18,amazon_us,product,search,women slides,41,Nike,¥360.00,4.6,Nike,,,,,,https://www.amazon.com/Nike-Womens-Slides-Sport-Sandal/dp/B0FDWK137V/ref=sr_1_32?dib=eyJ2IjoiMSJ9._KS9xv2PSxs4p0s5tNQUovInrt2RHyBcd8_hgzLhdqKGeQIB9msPbB44anht_CF42Jho4QG5yICPnMxwqHd9_At3JuIKku9v-3kXyXVxWNtDu5JqmtSrfiUm96rsPWNqqbp9fnkPDh-21EHvFgkNNH16nUwSK7CqGkhlzrufRFAhe__mo0262w_8M1hCADGN0D_mZKa1i6JW0DN3YPlyX49e4R-76yKI_hZSruoBc5D1Y6T6IU8_Josh20JRI6DFzueHeP3W-ecRcUyw4ibC2awy-CyqfI-iSTJCVIuvqZI.g-3XkOeR4Y0c5BaPvDGHpdOVAH-Y6weIFYCGDy3w3KU&dib_tag=se&keywords=women+slides&qid=1781786395&sr=8-32,https://m.media-amazon.com/images/I/71uR+BhroRL._AC_UL320_.jpg,33,排名进入前50；价格高于人民币等值¥288.00；评分达到4.6以上。
2026-06-18,amazon_us,product,new_releases,New Releases Women Sandals,32,adidas Unisex Adult Adissage 360rec Sandal,,4.6,$26.07,,,,,,https://www.amazon.com/adidas-Unisex-Adissage-Slide-Sandal/dp/B0DHWJJBQ1/ref=zg_bsnr_g_679425011_d_sccl_32/135-0399532-1860668?psc=1,"https://images-na.ssl-images-amazon.com/images/I/51+JktV+LPL._AC_UL300_SR300,200_.jpg",30,排名进入前50；评分达到4.6以上。
2026-06-18,amazon_us,product,new_releases,New Releases Women Sandals,36,FUTJRNEY Women's Bow Strappy Heels Block Chunky Square Open Toe Low Heels Dress Sandals for Wedding Party,,4.6,$33.99,,,,,,https://www.amazon.com/FUTJRNEY-Womens-Strappy-Sandals-Wedding/dp/B0GG3XMXVM/ref=zg_bsnr_g_679425011_d_sccl_36/135-0399532-1860668?psc=1,"https://images-na.ssl-images-amazon.com/images/I/617DjU1oMqL._AC_UL300_SR300,200_.jpg",30,排名进入前50；评分达到4.6以上。
2026-06-18,amazon_us,product,new_releases,New Releases Women Sandals,40,"CUSHIONAIRE Quiz Kitten Heels for Women, Strappy Heeled Sandals with Cushioned Footbed, Slip On Open Toe Sandal",,4.6,$44.98,,,,,,https://www.amazon.com/CUSHIONAIRE-Strappy-Sandals-Cushioned-Footbed/dp/B0GZZKNN87/ref=zg_bsnr_g_679425011_d_sccl_40/135-0399532-1860668?psc=1,"https://images-na.ssl-images-amazon.com/images/I/712tHXKRYQL._AC_UL300_SR300,200_.jpg",30,排名进入前50；评分达到4.6以上。
2026-06-18,amazon_us,product,new_releases,New Releases Women Sandals,46,DREAM PAIRS Women's Wedding Party Bridal Prom Bow Knot Chunky Block Dressy Heels Square Toe Slingback with Ankle Buckle Fashion Sandals Comfortable Shoes 2026,,4.2,$34.99,,,,,,https://www.amazon.com/DREAM-PAIRS-Slingback-Comfortable-SDHS26028W/dp/B0GSZFZVRH/ref=zg_bsnr_g_679425011_d_sccl_46/135-0399532-1860668?psc=1,"https://images-na.ssl-images-amazon.com/images/I/71qdVvQmVEL._AC_UL300_SR300,200_.jpg",30,排名进入前50；标题包含 comfort，符合美国女鞋舒适化趋势；评分达到4.0以上。
2026-06-18,amazon_us,product,search,platform sandals women,43,DREAM PAIRS,¥309.53,4.5,DREAM PAIRS,,,,,,https://www.amazon.com/DREAM-PAIRS-Adjustable-Lightweight-Waterproof/dp/B0G1RBS19X/ref=sr_1_29?dib=eyJ2IjoiMSJ9.EzbUdw9pCBZMp1xiap9xkOtXmSxPzWy4mipEzMmzqIie2zjbOOgkTU8i_DqcCjCud8-j7uqVV4c1OAPwVu_zssOlcrnFcHqG58j1SZmvcYvYC9qW8YgUMff6TWwyPh23A9_OfjgoyAgWNx2RCZ58hy0rZs-Ki7c1RWQ_jKOhK2bSemp6bwny5DQKb73_hZK0zWaqhcR9bpwv2ZNLNca8VA_BFpA-88UEmYbAM-K4XZf2cW-hL6eh8LdGnTrUjWzyIX92qbXBHyunx6uW0Ti2FLfKVqKDaCsTZk5cUlOY__Q.20hiZY71aoFnFdixmQKvMaXC-Cqi1I2RTFxOO3qTeNg&dib_tag=se&keywords=platform+sandals+women&qid=1781786395&sr=8-29,https://m.media-amazon.com/images/I/61VKPpZxLML._AC_UL320_.jpg,30,排名进入前50；价格高于人民币等值¥288.00；评分达到4.3以上。
2026-06-18,amazon_us,product,search,platform sandals women,48,VICKI·VICKI,¥318.67,4.4,VICKI·VICKI,,,,,,https://www.amazon.com/VICKI%C2%B7VICKI-Womens-Platform-Sandals-Wedge/dp/B08B4VCB7H/ref=sr_1_34?dib=eyJ2IjoiMSJ9.EzbUdw9pCBZMp1xiap9xkOtXmSxPzWy4mipEzMmzqIie2zjbOOgkTU8i_DqcCjCud8-j7uqVV4c1OAPwVu_zssOlcrnFcHqG58j1SZmvcYvYC9qW8YgUMff6TWwyPh23A9_OfjgoyAgWNx2RCZ58hy0rZs-Ki7c1RWQ_jKOhK2bSemp6bwny5DQKb73_hZK0zWaqhcR9bpwv2ZNLNca8VA_BFpA-88UEmYbAM-K4XZf2cW-hL6eh8LdGnTrUjWzyIX92qbXBHyunx6uW0Ti2FLfKVqKDaCsTZk5cUlOY__Q.20hiZY71aoFnFdixmQKvMaXC-Cqi1I2RTFxOO3qTeNg&dib_tag=se&keywords=platform+sandals+women&qid=1781786395&sr=8-34,https://m.media-amazon.com/images/I/51Q0yOuTnXL._AC_UL320_.jpg,30,排名进入前50；价格高于人民币等值¥288.00；评分达到4.3以上。
2026-06-18,amazon_us,product,search,platform sandals women,50,mikarka,¥289.37,4.5,mikarka,,,,,,https://www.amazon.com/mikarka-Wedge-Sandals-Women-Comfortable/dp/B0DPMBZT18/ref=sr_1_36?dib=eyJ2IjoiMSJ9.EzbUdw9pCBZMp1xiap9xkOtXmSxPzWy4mipEzMmzqIie2zjbOOgkTU8i_DqcCjCud8-j7uqVV4c1OAPwVu_zssOlcrnFcHqG58j1SZmvcYvYC9qW8YgUMff6TWwyPh23A9_OfjgoyAgWNx2RCZ58hy0rZs-Ki7c1RWQ_jKOhK2bSemp6bwny5DQKb73_hZK0zWaqhcR9bpwv2ZNLNca8VA_BFpA-88UEmYbAM-K4XZf2cW-hL6eh8LdGnTrUjWzyIX92qbXBHyunx6uW0Ti2FLfKVqKDaCsTZk5cUlOY__Q.20hiZY71aoFnFdixmQKvMaXC-Cqi1I2RTFxOO3qTeNg&dib_tag=se&keywords=platform+sandals+women&qid=1781786395&sr=8-36,https://m.media-amazon.com/images/I/610FEH2unfS._AC_UL320_.jpg,30,排名进入前50；价格高于人民币等值¥288.00；评分达到4.3以上。
2026-06-18,amazon_us,product,best_sellers,Best Sellers Women Sandals,34,Crocs Women's Kadee II Flip Flops,,4.4,$18.74,,,,,,https://www.amazon.com/Crocs-Womens-Kadee-Ii-Flip/dp/B010123E6S/ref=zg_bs_g_679425011_d_sccl_34/135-0399532-1860668?psc=1,"https://images-na.ssl-images-amazon.com/images/I/61zhSrNbuaL._AC_UL300_SR300,200_.jpg",27,排名进入前50；评分达到4.3以上。
2026-06-18,amazon_us,product,best_sellers,Best Sellers Women Sandals,36,REEF Women's Cushion Breeze Flip Flops,,4.4,$44.99,,,,,,https://www.amazon.com/Reef-Womens-Cushion-Breeze-Sandal/dp/B00K2OKHSO/ref=zg_bs_g_679425011_d_sccl_36/135-0399532-1860668?psc=1,"https://images-na.ssl-images-amazon.com/images/I/51nldLdIx5L._AC_UL300_SR300,200_.jpg",27,排名进入前50；评分达到4.3以上。
2026-06-18,amazon_us,product,best_sellers,Best Sellers Women Sandals,37,REEF Womens Bliss Nights Flip Flop,,4.3,$34.99,,,,,,https://www.amazon.com/Reef-Womens-Bliss-Nights-Flip-Flop/dp/B01GQO5292/ref=zg_bs_g_679425011_d_sccl_37/135-0399532-1860668?psc=1,"https://images-na.ssl-images-amazon.com/images/I/51QnLKsP3vL._AC_UL300_SR300,200_.jpg",27,排名进入前50；评分达到4.3以上。
2026-06-18,amazon_us,product,best_sellers,Best Sellers Women Sandals,38,Amazon Essentials Women's Casual Strappy Sandal,,4.4,$21.00,,,,,,https://www.amazon.com/Amazon-Essentials-Womens-Casual-Strappy/dp/B07FR8BG44/ref=zg_bs_g_679425011_d_sccl_38/135-0399532-1860668?psc=1,"https://images-na.ssl-images-amazon.com/images/I/71CFQdypYYL._AC_UL300_SR300,200_.jpg",27,排名进入前50；评分达到4.3以上。
2026-06-18,amazon_us,product,new_releases,New Releases Women Sandals,37,adidas Mens Lightblaze Lace Up Sneakers Shoes Casual - Grey,,4.4,$44.99,,,,,,https://www.amazon.com/adidas-Unisex-Lightblaze-Slide-Sandal/dp/B0DJVBC7XP/ref=zg_bsnr_g_679425011_d_sccl_37/135-0399532-1860668?psc=1,"https://images-na.ssl-images-amazon.com/images/I/51EsYoxSIhL._AC_UL300_SR300,200_.jpg",27,排名进入前50；评分达到4.3以上。
2026-06-18,amazon_us,product,search,women slides,38,CUSHIONAIRE,¥467.93,4.1,CUSHIONAIRE,,,,,,https://www.amazon.com/CUSHIONAIRE-Footbed-Espadrille-Stitching-Available/dp/B0D8568WM2/ref=sr_1_29?dib=eyJ2IjoiMSJ9._KS9xv2PSxs4p0s5tNQUovInrt2RHyBcd8_hgzLhdqKGeQIB9msPbB44anht_CF42Jho4QG5yICPnMxwqHd9_At3JuIKku9v-3kXyXVxWNtDu5JqmtSrfiUm96rsPWNqqbp9fnkPDh-21EHvFgkNNH16nUwSK7CqGkhlzrufRFAhe__mo0262w_8M1hCADGN0D_mZKa1i6JW0DN3YPlyX49e4R-76yKI_hZSruoBc5D1Y6T6IU8_Josh20JRI6DFzueHeP3W-ecRcUyw4ibC2awy-CyqfI-iSTJCVIuvqZI.g-3XkOeR4Y0c5BaPvDGHpdOVAH-Y6weIFYCGDy3w3KU&dib_tag=se&keywords=women+slides&qid=1781786395&sr=8-29,https://m.media-amazon.com/images/I/716ikL4mjkL._AC_UL320_.jpg,27,排名进入前50；价格高于人民币等值¥288.00；评分达到4.0以上。
2026-06-18,amazon_us,product,search,women summer slippers,43,Generic,¥51.34,3.5,Generic,,,,,,https://www.amazon.com/Slipper-Perfect-Vacation-Stylish-Slippers/dp/B0FJMHX4RZ/ref=sr_1_37_hul_core?dib=eyJ2IjoiMSJ9.NubgJ1RLlNFHfLGC5PuwuUw9znhBJT3M7tF3m3ud52Nxsx-9ye_M59QjQCHhljAAlfgKq993-nprlkrYzePLIveESdygtnSKJ2TNv9aOO44-GtpAs3xT1nTKhKu0_VeYd_m2E91IWcV5v2Yeh9PQWuzrymVjVv5ij_oxzVETLvw3jc9xSfBpsZraEBPHZOxJOjUxqec7DakeCYYh8WcXiN_KFLKze6FlvvX72nkVUocIXe-1UMBIoXjA1n71Ae_aFAVmUErc4S7IBYXfenso8nXbzKcGxxByqyVx669V5mk.o6LLd682hsu5rsQou9ISoidF5iow-vBxyRHFSjRsVcQ&dib_tag=se&keywords=women+summer+slippers&qid=1781786393&s=bazaar&sr=8-37,https://m.media-amazon.com/images/I/81wpUfv43IL._AC_UL320_.jpg,25,排名进入前50；价格低于人民币等值¥57.60。
2026-06-18,amazon_us,product,new_releases,New Releases Women Sandals,43,"CUSHIONAIRE Bolero Sandals for Women, Woven Raffia Slide with Jute Sole, Floral Straw Detail and Memory Foam",,4.2,$39.98,,,,,,https://www.amazon.com/CUSHIONAIRE-Bolero-Sandals-Raffia-NATURAL/dp/B0GXB3LSQF/ref=zg_bsnr_g_679425011_d_sccl_43/135-0399532-1860668?psc=1,"https://images-na.ssl-images-amazon.com/images/I/81LySMsFffL._AC_UL300_SR300,200_.jpg",24,排名进入前50；评分达到4.0以上。
2026-06-18,amazon_us,product,search,women summer slippers,35,dyiozbga,,3.9,dyiozbga,,,,,,https://www.amazon.com/dyiozbga-Comfortable-Breathable-Orthopedic-Lightweight/dp/B0G6L2RHZG/ref=sr_1_29?dib=eyJ2IjoiMSJ9.NubgJ1RLlNFHfLGC5PuwuUw9znhBJT3M7tF3m3ud52Nxsx-9ye_M59QjQCHhljAAlfgKq993-nprlkrYzePLIveESdygtnSKJ2TNv9aOO44-GtpAs3xT1nTKhKu0_VeYd_m2E91IWcV5v2Yeh9PQWuzrymVjVv5ij_oxzVETLvw3jc9xSfBpsZraEBPHZOxJOjUxqec7DakeCYYh8WcXiN_KFLKze6FlvvX72nkVUocIXe-1UMBIoXjA1n71Ae_aFAVmUErc4S7IBYXfenso8nXbzKcGxxByqyVx669V5mk.o6LLd682hsu5rsQou9ISoidF5iow-vBxyRHFSjRsVcQ&dib_tag=se&keywords=women+summer+slippers&qid=1781786393&sr=8-29,https://m.media-amazon.com/images/I/71yJlD7GxHL._AC_UL320_.jpg,20,排名进入前50。
