date,source,data_type,list_type,keyword,rank,title,price,rating,review_count,likes,comments,views,published_at,competition_count,product_url,image_url,hot_score,reason
2026-10-01,amazon_us,product,search,women summer slippers,6,Women's Orthopedic Summer Slippers with Arch Support for Plantar Fasciitis,¥143.93,4.2,400+ bought in past month,,,,,,https://www.amazon.com/shevalues-Summer-Slippers-Support-Breathable/dp/B0BK8PN8CL/ref=sr_1_3?dib=eyJ2IjoiMSJ9.mENb4kbb2DDwdhADjf6v-UqLvPaXeVFqbQI2pNI9M-Sicx_ifsRFApQrHIr12eLlScEETW0RXPPHJolNN0AEuGQMdSCjfaCv99R1_epmprVO6je9GuFAOR68GFvOAGKyJZ-_0Yln3sQWdpvj2M3XtkG-Z4OR_azbld4V2nfzqd9a9LcqTlT2j4GsodsANPVuzj7LrCQ-JpXAK4-A1VJRpPyGEcF9AhIx-CYgv25glIqjLkwlK_DBAn17K9PiYcRXux5AsTeLobb001VqHugi0YHS4EvxKXra-wXmBhTKdZs.FV6ZMFBHvvQ8mjcgdNhd8W_RYDKvnsykrYnvEx8Knvs&dib_tag=se&keywords=women+summer+slippers&qid=1790837404&sr=8-3,https://m.media-amazon.com/images/I/71wQ2tOj0+L._AC_UL320_.jpg,100,排名靠前；评论数达到300以上；价格处于人民币等值¥57.60-¥180.00黄金区间；标题包含 orthopedic、arch support、summer，符合美国女鞋舒适化趋势；orthopedic + arch support组合趋势加分；评分达到4.0以上。
2026-10-01,amazon_us,product,search,women slides,5,"Joomra Pillow Slippers for Women and Men Thick Sole Ultra Cushion Slides | Cloud-Like Sole, Quick Drying Shower Shoes, Soft Open Toe Indoor Outdoor Sandals Joomra Pillow Slippers for Women and Men Thick Sole Ultra Cushion Slides | Cloud-Like Sole, Quick Drying Sho…",¥137.52,4.3,4.3,,,,,,https://sponsored-ads.amazon.com/clk/?_encoding=UTF8&p=eAFVUEuL01AYpQ7qEMcHXcxA3VXsonCbR5OmqQTJy05sSTptOlNmc7nNvXlgmqQ3l0lx0Z0rt4Ir_4IbwbV_wv_g1p1LwY6IZ3XgPL6Pw4XHn979-n6v-dAILmf2xJ2sBNuZtxti9zQiebqDiDmIN1i0RAHVtBs0Op2yDfOpdxWczxKfUMmqJXdXzx_IPVFRemJf7gnXdxbm-thwgnNn7i6aZ9x9TKo3rCibJ0tv7lj-2HOvHbv1pcE9u1VgRRANE1gSGhYZYgSmeZbmBK5Z1OTQBr0t8l5YbFpPqzUIM1RVaQgOGXBwglJs3yU5XC66SrUGLCEbgkFYZBkJWVrk4EYCt8dAiCiuQInSnBEKwiJnJGfSc3NueDa0_OnUsQLX9xbQ9aau58Cpe-lA21lMAn_WHnAN4cnXn5_f__hmtx79rTw80X4sCYIwFBVhqGh9TRWlo-XCHh1ZM6s7ab6wTcMqX7lANfbm9oDY2JsXdG0WqfE_9ma8Ny_2pvGHxK0TK3Z2Y8OJ6VYm0scG96GRMFZWI56v67r3byI-LnlU85g3BS14vVrZ5_bLEkOKYZklmOqsk1QIhhSmWBc62xTroqoJw74qC0qnoroIRKAgRRlIkQYiHGEgi4IItEjDAKsDhDRNG8p9qZPqqKw6iJJID4vULNUxta9-A-1Ivag&v=c1&r=https%3A%2F%2Fwww.amazon.com%2Fgp%2Faw%2Fd%2FB09TJXXDHD%3Fpd_rd_plhdr%3Dt%26hsa_cr_id%3D0%26qid%3D1790837405%26sr%3D1-1-5a5562f9-fdfd-4101-9f9d-d76aa9998432%26i%3Daps%26aref%3DcoiBp7GrDW&ref_=sbx__sbtcd2_asin_0_bkgd&pd_rd_w=uUsHJ&content-id=amzn1.sym.90f77631-9599-4fe0-95f8-a40adfe1c762%3Aamzn1.sym.90f77631-9599-4fe0-95f8-a40adfe1c762&pf_rd_p=90f77631-9599-4fe0-95f8-a40adfe1c762&pf_rd_r=PJKAPPME7E8MV4MDRZG0&pd_rd_wg=Gic6v&pd_rd_r=1c664e58-0c5e-454a-bca2-3618d6b79bfb,"https://m.media-amazon.com/images/I/71CIVcXsl4L._AC_SR322,134_CB1169409_QL70_.jpg",88,排名靠前；价格处于人民币等值¥57.60-¥180.00黄金区间；标题包含 cloud、soft，符合美国女鞋舒适化趋势；cloud + slides组合趋势加分；评分达到4.3以上。
2026-10-01,amazon_us,product,search,platform sandals women,22,Women's Suede Platform Wedge Heel Slide Sandals Y2K Round Open Toe One Strap Slip-On Heeled Sandals Stylish Comfortable Daily Casual Summer Slippers,¥237.53,3.6,100+ bought in past month,,,,,,https://www.amazon.com/NBZKBNG-Platform-Sandals-Comfortable-Slippers/dp/B0FXRQXXLG/ref=sr_1_9?dib=eyJ2IjoiMSJ9.7DUZCoJhebTlfAwJI31eoU2azv5q_oq9mB7AlJ8T4zpb01vuk-bYzZiI1c0Q2aycV4hNt8GmThNVs44ew3S4hFYbD1PpmbDzFnoZ91fJLaF2ILeS2YajK4H7FM3A-PQnlErhCnGFY8CLsC17C_lZhNDdjzDfeMA7PK2JyAOFZL5iSk5xGBycIe1royLq3YPuyK9KH5aVVj-MUo1gJ-X0bE0JgHK9WLdAff6dbcNW4LoopCa4pBsRXC9zy-y_U4siYJVkPgMCBdPmTMzVHY-3kaVIIQqAZnTTODZOyk9rJbU.MJ-W_hUFo0CooSsTKHmovPRtYgSuefrkAXuWLZS1Pyg&dib_tag=se&keywords=platform+sandals+women&qid=1790837405&sr=8-9,https://m.media-amazon.com/images/I/31atGR0IcGL._AC_UL320_.jpg,80,排名进入前30；评论数达到50以上；价格处于人民币等值¥180.00-¥288.00区间；标题包含 platform、comfort、summer、wedge，符合美国女鞋舒适化趋势；platform + comfort组合趋势加分。
2026-10-01,amazon_us,product,best_sellers,Best Sellers Women Sandals,22,OOFOS OOriginal Recovery Sandal - Women’s and Men’s,¥431.64,4.5,"26,652",,,,,,https://www.amazon.com/OOFOS-Unisex-Original-Thong-Black/dp/B007VDJSTI/ref=zg_bs_g_679425011_d_sccl_22/143-7594341-1211448?psc=1,"https://images-na.ssl-images-amazon.com/images/I/51qiZpHX64L._AC_UL600_SR600,400_.jpg",78,排名进入前30；评论数高；价格高于人民币等值¥288.00；标题包含 recovery，符合美国女鞋舒适化趋势；评分达到4.3以上。
2026-10-01,amazon_us,product,search,platform sandals women,42,Platform Sandals Women Strappy Wedges Comfortable Lightweight Non Slip Walking Sandals Dressy Summer Wedges for Vacation Office Casual Wear,¥143.93,4.3,100+ bought in past month,,,,,,https://www.amazon.com/Tearkiss-Platform-Comfortable-Lightweight-Vacation/dp/B0GZKQ9V4C/ref=sr_1_29?dib=eyJ2IjoiMSJ9.7DUZCoJhebTlfAwJI31eoU2azv5q_oq9mB7AlJ8T4zpb01vuk-bYzZiI1c0Q2aycV4hNt8GmThNVs44ew3S4hFYbD1PpmbDzFnoZ91fJLaF2ILeS2YajK4H7FM3A-PQnlErhCnGFY8CLsC17C_lZhNDdjzDfeMA7PK2JyAOFZL5iSk5xGBycIe1royLq3YPuyK9KH5aVVj-MUo1gJ-X0bE0JgHK9WLdAff6dbcNW4LoopCa4pBsRXC9zy-y_U4siYJVkPgMCBdPmTMzVHY-3kaVIIQqAZnTTODZOyk9rJbU.MJ-W_hUFo0CooSsTKHmovPRtYgSuefrkAXuWLZS1Pyg&dib_tag=se&keywords=platform+sandals+women&qid=1790837405&sr=8-29,https://m.media-amazon.com/images/I/71Re0WbOVEL._AC_UL320_.jpg,77,排名进入前50；评论数达到50以上；价格处于人民币等值¥57.60-¥180.00黄金区间；标题包含 platform、comfort、summer、wedge，符合美国女鞋舒适化趋势；platform + comfort组合趋势加分；评分达到4.3以上。
2026-10-01,amazon_us,product,best_sellers,Best Sellers Women Sandals,6,"Joomra Pillow Slippers for Women and Men Thick Sole Ultra Cushion Slides | Cloud-Like Sole, Quick Drying Shower Shoes, Soft Open Toe Indoor Outdoor Sandals",,4.3,$20.34,,,,,,https://www.amazon.com/Joomra-Slippers-Massage-Bathroom-Platform/dp/B09652VJP1/ref=zg_bs_g_679425011_d_sccl_6/143-7594341-1211448?psc=1,"https://images-na.ssl-images-amazon.com/images/I/71pkhgTTRXL._AC_UL600_SR600,400_.jpg",73,排名靠前；标题包含 cloud、soft，符合美国女鞋舒适化趋势；cloud + slides组合趋势加分；评分达到4.3以上。
2026-10-01,amazon_us,product,search,women slides,50,"Cloud Slides for Women, Platform Slides Slippers Men, EVA Non-Slip Quick Drying Soft Lightweight Sandals, Thick Sole Open Toe Slides, Shower Shoes for Indoor Outdoor",¥93.53,4.2,100+ bought in past month,,,,,,https://www.amazon.com/Genevese-Platform-Slippers-Non-Slip-Lightweight/dp/B0GSW2R3NZ/ref=sr_1_39?dib=eyJ2IjoiMSJ9._15A5a1ahvFQhpFGdv4ULe5ISCpT-qDImHOl_nO4JUk4x0xijIbmadlGqVZf6iI8JFU_rW53NzF0E1Vwj2lqQW_AbLENyt7dhf1Mppl-Rw7fpScQF9WsbO0NOiYMuT_S5cV_Di2TYzZg4Azm2gJe9te4mCnjngwF7nkASm53F0OZWO1VBV92hxce3l9pIr0_0PIURqH0SevWULwaySp1-ajb5CaAxYfebsOJwOnwWAR8vXDgNazK0sKNdTZ4eyAeDP8QW51xqQhx9irQc65ilN3163pski5PR2c3PZPaABg.xe_nWg03AiwModxcHM79_0-vKHTvSeagRlLZrEZpPdo&dib_tag=se&keywords=women+slides&qid=1790837405&sr=8-39,https://m.media-amazon.com/images/I/81MqDEqG5DL._AC_UL320_.jpg,73,排名进入前50；评论数达到50以上；价格处于人民币等值¥57.60-¥180.00黄金区间；标题包含 cloud、platform、soft，符合美国女鞋舒适化趋势；cloud + slides组合趋势加分；评分达到4.0以上。
2026-10-01,amazon_us,product,best_sellers,Best Sellers Women Sandals,3,KuaiLu Flip Flops for Women with Arch Support Summer Beach Thong Sandals | Comfortable Yoga Mat Walking Shoes Cushion Slip On Casual Outfits Indoor Outdoor,,4.3,$9.99,,,,,,https://www.amazon.com/KuaiLu-Support-Comfortable-Walking-Sandals/dp/B0C5ZRQS2X/ref=zg_bs_g_679425011_d_sccl_3/143-7594341-1211448?psc=1,"https://images-na.ssl-images-amazon.com/images/I/710PdcSAm6L._AC_UL600_SR600,400_.jpg",70,排名靠前；标题包含 comfort、arch support、beach、summer，符合美国女鞋舒适化趋势；评分达到4.3以上。
2026-10-01,amazon_us,product,new_releases,New Releases Women Sandals,9,"VIVASUN Flip Flops for Women with Arch Support Non-Slip Thong Sandals for Beach, Pool, Shower, Casual Summer Wear Comfortable Flip Flops",,4.4,$9.99,,,,,,https://www.amazon.com/VIVASUN-Support-Non-Slip-Sandals-Comfortable/dp/B0H3JMZ11X/ref=zg_bsnr_g_679425011_d_sccl_9/145-4466855-1173528?psc=1,"https://images-na.ssl-images-amazon.com/images/I/61u9FrNqQQL._AC_UL600_SR600,400_.jpg",70,排名靠前；标题包含 comfort、arch support、beach、summer，符合美国女鞋舒适化趋势；评分达到4.3以上。
2026-10-01,amazon_us,product,search,women slides,2,adidas,¥66.02,4.6,Products highlighted as 'Overall Pick' are:,,,,,,https://www.amazon.com/adidas-Unisex-Adilette-Comfort-Slides/dp/B091ZHRHCD/ref=sr_1_1?dib=eyJ2IjoiMSJ9._15A5a1ahvFQhpFGdv4ULe5ISCpT-qDImHOl_nO4JUk4x0xijIbmadlGqVZf6iI8JFU_rW53NzF0E1Vwj2lqQW_AbLENyt7dhf1Mppl-Rw7fpScQF9WsbO0NOiYMuT_S5cV_Di2TYzZg4Azm2gJe9te4mCnjngwF7nkASm53F0OZWO1VBV92hxce3l9pIr0_0PIURqH0SevWULwaySp1-ajb5CaAxYfebsOJwOnwWAR8vXDgNazK0sKNdTZ4eyAeDP8QW51xqQhx9irQc65ilN3163pski5PR2c3PZPaABg.xe_nWg03AiwModxcHM79_0-vKHTvSeagRlLZrEZpPdo&dib_tag=se&keywords=women+slides&qid=1790837405&sr=8-1,https://m.media-amazon.com/images/I/51uJnrrxC9L._AC_UL320_.jpg,70,排名靠前；价格处于人民币等值¥57.60-¥180.00黄金区间；评分达到4.6以上。
2026-10-01,amazon_us,product,search,women summer slippers,4,GOEWY,¥93.53,4.4,Products highlighted as 'Overall Pick' are:,,,,,,https://www.amazon.com/GOEWY-Slippers-Summer-Breathable-Slides/dp/B0GQGLFHFJ/ref=sr_1_1?dib=eyJ2IjoiMSJ9.mENb4kbb2DDwdhADjf6v-UqLvPaXeVFqbQI2pNI9M-Sicx_ifsRFApQrHIr12eLlScEETW0RXPPHJolNN0AEuGQMdSCjfaCv99R1_epmprVO6je9GuFAOR68GFvOAGKyJZ-_0Yln3sQWdpvj2M3XtkG-Z4OR_azbld4V2nfzqd9a9LcqTlT2j4GsodsANPVuzj7LrCQ-JpXAK4-A1VJRpPyGEcF9AhIx-CYgv25glIqjLkwlK_DBAn17K9PiYcRXux5AsTeLobb001VqHugi0YHS4EvxKXra-wXmBhTKdZs.FV6ZMFBHvvQ8mjcgdNhd8W_RYDKvnsykrYnvEx8Knvs&dib_tag=se&keywords=women+summer+slippers&qid=1790837404&sr=8-1,https://m.media-amazon.com/images/I/61PJ6PNvlqL._AC_UL320_.jpg,67,排名靠前；价格处于人民币等值¥57.60-¥180.00黄金区间；评分达到4.3以上。
2026-10-01,amazon_us,product,search,women summer slippers,5,EverFoams,¥136.58,4.4,EverFoams,,,,,,https://www.amazon.com/EverFoams-Womens-Slippers-Memory-Outdoor/dp/B0CLGNYKFR/ref=sr_1_2?dib=eyJ2IjoiMSJ9.mENb4kbb2DDwdhADjf6v-UqLvPaXeVFqbQI2pNI9M-Sicx_ifsRFApQrHIr12eLlScEETW0RXPPHJolNN0AEuGQMdSCjfaCv99R1_epmprVO6je9GuFAOR68GFvOAGKyJZ-_0Yln3sQWdpvj2M3XtkG-Z4OR_azbld4V2nfzqd9a9LcqTlT2j4GsodsANPVuzj7LrCQ-JpXAK4-A1VJRpPyGEcF9AhIx-CYgv25glIqjLkwlK_DBAn17K9PiYcRXux5AsTeLobb001VqHugi0YHS4EvxKXra-wXmBhTKdZs.FV6ZMFBHvvQ8mjcgdNhd8W_RYDKvnsykrYnvEx8Knvs&dib_tag=se&keywords=women+summer+slippers&qid=1790837404&sr=8-2,https://m.media-amazon.com/images/I/81rGYT3pkaL._AC_UL320_.jpg,67,排名靠前；价格处于人民币等值¥57.60-¥180.00黄金区间；评分达到4.3以上。
2026-10-01,amazon_us,product,search,women summer slippers,9,GOEWY,¥71.93,4.5,GOEWY,,,,,,https://www.amazon.com/sspa/click?ie=UTF8&spc=MToxNTg3MDg0MTA0Mjg5MjA0OjE3OTA4Mzc0MDQ6c3Bfc2VhcmNoX3RoZW1hdGljOjMwMTIxMDc3NzA1MjAwMjo6Mjo6&url=%2FGOEWY-Slippers-Indoor-Memory-Slides%2Fdp%2FB0DSZ16ZN3%2Fref%3Dsxin_15_pa_sp_search_thematic_sspa%3Fcontent-id%3Damzn1.sym.befd5ae9-64c6-40e0-90f2-45ad7003b71b%253Aamzn1.sym.befd5ae9-64c6-40e0-90f2-45ad7003b71b%26cv_ct_cx%3Dwomen%2Bsummer%2Bslippers%26keywords%3Dwomen%2Bsummer%2Bslippers%26pd_rd_i%3DB0DSZ16ZN3%26pd_rd_r%3D5cfc1061-bb7a-4b34-8d54-e0f5434a7804%26pd_rd_w%3DaCiCD%26pd_rd_wg%3DL32wK%26pf_rd_p%3Dbefd5ae9-64c6-40e0-90f2-45ad7003b71b%26pf_rd_r%3DDY38HEXSPFNPTE7PT79M%26qid%3D1790837404%26sbo%3D9ZOMT9Jm0JH%252Ft%252BWi68iDSA%253D%253D%26sr%3D1-3-7efdef4d-9875-47e1-927f-8c2c1c47ed49-spons%26aref%3Df9olNyu1rb%26sp_csd%3Dd2lkZ2V0TmFtZT1zcF9zZWFyY2hfdGhlbWF0aWM%26psc%3D1&aref=f9olNyu1rb,https://m.media-amazon.com/images/I/61Y4pR97GVL._AC_UL320_.jpg,67,排名靠前；价格处于人民币等值¥57.60-¥180.00黄金区间；评分达到4.3以上。
2026-10-01,amazon_us,product,search,women summer slippers,10,Evshine,¥93.53,4.4,Evshine,,,,,,https://www.amazon.com/sspa/click?ie=UTF8&spc=MToxNTg3MDg0MTA0Mjg5MjA0OjE3OTA4Mzc0MDQ6c3Bfc2VhcmNoX3RoZW1hdGljOjMwMTIzNjA4NTQ3MTcwMjo6Mzo6&url=%2FEvshine-Summer-Slippers-Corduroy-Bedroom%2Fdp%2FB0CSN39WDS%2Fref%3Dsxin_15_pa_sp_search_thematic_sspa%3Fcontent-id%3Damzn1.sym.befd5ae9-64c6-40e0-90f2-45ad7003b71b%253Aamzn1.sym.befd5ae9-64c6-40e0-90f2-45ad7003b71b%26cv_ct_cx%3Dwomen%2Bsummer%2Bslippers%26keywords%3Dwomen%2Bsummer%2Bslippers%26pd_rd_i%3DB0CSN39WDS%26pd_rd_r%3D5cfc1061-bb7a-4b34-8d54-e0f5434a7804%26pd_rd_w%3DaCiCD%26pd_rd_wg%3DL32wK%26pf_rd_p%3Dbefd5ae9-64c6-40e0-90f2-45ad7003b71b%26pf_rd_r%3DDY38HEXSPFNPTE7PT79M%26qid%3D1790837404%26sbo%3DRZvfv%252F%252FHxDF%252BO5021pAnSA%253D%253D%26sr%3D1-4-7efdef4d-9875-47e1-927f-8c2c1c47ed49-spons%26aref%3DBygODD9mWX%26sp_csd%3Dd2lkZ2V0TmFtZT1zcF9zZWFyY2hfdGhlbWF0aWM%26psc%3D1&aref=BygODD9mWX,https://m.media-amazon.com/images/I/71SaoMUrpoL._AC_UL320_.jpg,67,排名靠前；价格处于人民币等值¥57.60-¥180.00黄金区间；评分达到4.3以上。
2026-10-01,amazon_us,product,search,platform sandals women,9,Soda,¥147.53,4.5,Soda,,,,,,https://www.amazon.com/Soda-Buckle-Espadrilles-Flatform-numeric_8_point_5/dp/B09FQWMDRF/ref=sr_1_3?dib=eyJ2IjoiMSJ9.7DUZCoJhebTlfAwJI31eoU2azv5q_oq9mB7AlJ8T4zpb01vuk-bYzZiI1c0Q2aycV4hNt8GmThNVs44ew3S4hFYbD1PpmbDzFnoZ91fJLaF2ILeS2YajK4H7FM3A-PQnlErhCnGFY8CLsC17C_lZhNDdjzDfeMA7PK2JyAOFZL5iSk5xGBycIe1royLq3YPuyK9KH5aVVj-MUo1gJ-X0bE0JgHK9WLdAff6dbcNW4LoopCa4pBsRXC9zy-y_U4siYJVkPgMCBdPmTMzVHY-3kaVIIQqAZnTTODZOyk9rJbU.MJ-W_hUFo0CooSsTKHmovPRtYgSuefrkAXuWLZS1Pyg&dib_tag=se&keywords=platform+sandals+women&qid=1790837405&sr=8-3,https://m.media-amazon.com/images/I/71SfM5ueknL._AC_UL320_.jpg,67,排名靠前；价格处于人民币等值¥57.60-¥180.00黄金区间；评分达到4.3以上。
2026-10-01,amazon_us,product,new_releases,New Releases Women Sandals,11,Project Cloud Pool Slides For Women & Jelly Sandals For Women Footwear | Womens Sandals Comfortable w/ Memory Foam Insole - Slip Resistant Womens Jelly Sandals Beach Essentials Sandals Women,,4.0,$29.90,,,,,,https://www.amazon.com/Project-Cloud-Slides-Sandals-Footwear/dp/B0H5YKTVPP/ref=zg_bsnr_g_679425011_d_sccl_11/145-4466855-1173528?psc=1,"https://images-na.ssl-images-amazon.com/images/I/81x+j68eH7L._AC_UL600_SR600,400_.jpg",66,排名进入前30；标题包含 cloud、comfort、beach，符合美国女鞋舒适化趋势；cloud + slides组合趋势加分；评分达到4.0以上。
2026-10-01,amazon_us,product,search,platform sandals women,17,"Women's Platform Sandals, Cork Footbed Slides with Double Buckles",¥183.53,4.4,50+ bought in past month,,,,,,https://www.amazon.com/BiuYorBTY-Platform-Sandals-Footbed-Comfort/dp/B0DZ1P3782/ref=sr_1_4?dib=eyJ2IjoiMSJ9.7DUZCoJhebTlfAwJI31eoU2azv5q_oq9mB7AlJ8T4zpb01vuk-bYzZiI1c0Q2aycV4hNt8GmThNVs44ew3S4hFYbD1PpmbDzFnoZ91fJLaF2ILeS2YajK4H7FM3A-PQnlErhCnGFY8CLsC17C_lZhNDdjzDfeMA7PK2JyAOFZL5iSk5xGBycIe1royLq3YPuyK9KH5aVVj-MUo1gJ-X0bE0JgHK9WLdAff6dbcNW4LoopCa4pBsRXC9zy-y_U4siYJVkPgMCBdPmTMzVHY-3kaVIIQqAZnTTODZOyk9rJbU.MJ-W_hUFo0CooSsTKHmovPRtYgSuefrkAXuWLZS1Pyg&dib_tag=se&keywords=platform+sandals+women&qid=1790837405&sr=8-4,https://m.media-amazon.com/images/I/716g0SFJuTL._AC_UL320_.jpg,65,排名进入前30；评论数达到50以上；价格处于人民币等值¥180.00-¥288.00区间；标题包含 platform，符合美国女鞋舒适化趋势；评分达到4.3以上。
2026-10-01,amazon_us,product,best_sellers,Best Sellers Women Sandals,2,mazeskin Womens Memory Foam Flip Flops Flat Thong Sandals | Soft Vegan Leather Comfortable Cushioned Casual Dressy Beach Summer Minimalist Slim Slide Shoes Indoor Outdoor,,4.2,$9.48,,,,,,https://www.amazon.com/mazeskin-Womens-Comfortable-Sandals-Leather/dp/B0F32KMZ18/ref=zg_bs_g_679425011_d_sccl_2/143-7594341-1211448?psc=1,"https://images-na.ssl-images-amazon.com/images/I/71jV8GHPNSL._AC_UL600_SR600,400_.jpg",64,排名靠前；标题包含 comfort、soft、beach、summer，符合美国女鞋舒适化趋势；评分达到4.0以上。
2026-10-01,amazon_us,product,search,women summer slippers,7,shevalues,¥143.93,4.2,shevalues,,,,,,https://www.amazon.com/sspa/click?ie=UTF8&spc=MToxNTg3MDg0MTA0Mjg5MjA0OjE3OTA4Mzc0MDQ6c3Bfc2VhcmNoX3RoZW1hdGljOjMwMTI3Nzk0NDk3NDMwMjo6MDo6&url=%2FShevalues-Summer-House-Slippers-for-Women-Breathable-Waffle-Indoor-Slippers-Slip-on-Open-Toe-Home-Shoes-Blue-7-5-8-5-Women-6-7men%2Fdp%2FB0B24H7P62%2Fref%3Dsxin_15_pa_sp_search_thematic_sspa%3Fcontent-id%3Damzn1.sym.befd5ae9-64c6-40e0-90f2-45ad7003b71b%253Aamzn1.sym.befd5ae9-64c6-40e0-90f2-45ad7003b71b%26cv_ct_cx%3Dwomen%2Bsummer%2Bslippers%26keywords%3Dwomen%2Bsummer%2Bslippers%26pd_rd_i%3DB0B24H7P62%26pd_rd_r%3D5cfc1061-bb7a-4b34-8d54-e0f5434a7804%26pd_rd_w%3DaCiCD%26pd_rd_wg%3DL32wK%26pf_rd_p%3Dbefd5ae9-64c6-40e0-90f2-45ad7003b71b%26pf_rd_r%3DDY38HEXSPFNPTE7PT79M%26qid%3D1790837404%26sbo%3DRZvfv%252F%252FHxDF%252BO5021pAnSA%253D%253D%26sr%3D1-1-7efdef4d-9875-47e1-927f-8c2c1c47ed49-spons%26aref%3DXNdy2Oy3C8%26sp_csd%3Dd2lkZ2V0TmFtZT1zcF9zZWFyY2hfdGhlbWF0aWM%26psc%3D1&aref=XNdy2Oy3C8,https://m.media-amazon.com/images/I/81Dksr5STpL._AC_UL320_.jpg,64,排名靠前；价格处于人民币等值¥57.60-¥180.00黄金区间；评分达到4.0以上。
2026-10-01,amazon_us,product,search,women slides,4,WHITIN,¥71.93,4.1,WHITIN,,,,,,https://www.amazon.com/WHITIN-Slippers-Cushioned-Bathroom-Sandals/dp/B0C1C45XMJ/ref=sr_1_3?dib=eyJ2IjoiMSJ9._15A5a1ahvFQhpFGdv4ULe5ISCpT-qDImHOl_nO4JUk4x0xijIbmadlGqVZf6iI8JFU_rW53NzF0E1Vwj2lqQW_AbLENyt7dhf1Mppl-Rw7fpScQF9WsbO0NOiYMuT_S5cV_Di2TYzZg4Azm2gJe9te4mCnjngwF7nkASm53F0OZWO1VBV92hxce3l9pIr0_0PIURqH0SevWULwaySp1-ajb5CaAxYfebsOJwOnwWAR8vXDgNazK0sKNdTZ4eyAeDP8QW51xqQhx9irQc65ilN3163pski5PR2c3PZPaABg.xe_nWg03AiwModxcHM79_0-vKHTvSeagRlLZrEZpPdo&dib_tag=se&keywords=women+slides&qid=1790837405&sr=8-3,https://m.media-amazon.com/images/I/71ik7hynCjL._AC_UL320_.jpg,64,排名靠前；价格处于人民币等值¥57.60-¥180.00黄金区间；评分达到4.0以上。
2026-10-01,amazon_us,product,search,women slides,23,"House Slipper for Women Men, Shower Shoes, Fast-Dry Nonslip Slides Sandal",¥57.53,4.2,1K+ bought in past month,,,,,,https://www.amazon.com/Slipper-Shower-Fast-Dry-Nonslip-Slides/dp/B01LYNR9VM/ref=sr_1_12?dib=eyJ2IjoiMSJ9._15A5a1ahvFQhpFGdv4ULe5ISCpT-qDImHOl_nO4JUk4x0xijIbmadlGqVZf6iI8JFU_rW53NzF0E1Vwj2lqQW_AbLENyt7dhf1Mppl-Rw7fpScQF9WsbO0NOiYMuT_S5cV_Di2TYzZg4Azm2gJe9te4mCnjngwF7nkASm53F0OZWO1VBV92hxce3l9pIr0_0PIURqH0SevWULwaySp1-ajb5CaAxYfebsOJwOnwWAR8vXDgNazK0sKNdTZ4eyAeDP8QW51xqQhx9irQc65ilN3163pski5PR2c3PZPaABg.xe_nWg03AiwModxcHM79_0-vKHTvSeagRlLZrEZpPdo&dib_tag=se&keywords=women+slides&qid=1790837405&sr=8-12,https://m.media-amazon.com/images/I/815Fjif9JhL._AC_UL320_.jpg,64,排名进入前30；评论数达到1000以上；价格低于人民币等值¥57.60；评分达到4.0以上。
2026-10-01,amazon_us,product,search,women summer slippers,13,isotoner Women's Indoor/Outdoor Slip-on Diamond Microterry Gemma Clog Slippers With Memory Foam Comfort isotoner Women's Indoor/Outdoor Slip-on Diamond Microterry Gemma Clog Slippers With Memory Foam Comfort,¥150.62,4.4,4.4,,,,,,https://sponsored-ads.amazon.com/clk/?_encoding=UTF8&p=eAFVUMuO0lAYDk7USR0vYTEmuMPIguTQ09ICxTTm9MLYAYGhMFw2J6c9p6UZaEtPR8gs2PkCxmQ2xpdw6cqH8F2MKxMZY_xWX_Jd_j-f4B9__vDzx4PiYzS-HFpdpzuDlj0qF6TqacDiaIdn5wgZSLuuL1i3JS689qntTWdup8M2aDyr7zixpLl5hUaPlJqkqjWprtTg4p5reMfIHr-1R45bfC48pIxf5UlaPJn0R7Y5OOs7C9sqfS0IL-8UzBnJ_CVOWeYnK5IzHMWrKGbYy4OiQNbkJolrfrIuveAe8FeE88gHhww4OEEqle-zGE_cqso9kC_ZmlHgJ6sV8_MoicF7GdwdAz7JKAcpieKcZcBP4pzFufzKGKG-hc1Br2ebY2fQd7HT7zl9G_ecSxtbttsdD4blhlCAzz7efvvy67tVevK38vBE-akMIWxpjSZsQUVuSvLRxLXaR-bQrHaLry0DmWnHAU20NzYHhGhvXGSekczR_9gb4d642BvoDwlLJ2Zo786QHWYbhcm3BeFTYZnnKW-L4na7rf2bSAxTkWxFKhrQmpr1eWtuvkkpzihOV0ua6XllyQn2MxxRHVY2EdWlpgZb9aYClQrPdAnIQCWq2pADDQQ0oECRoAS0QKOANhuEaJrWUupyJdJJyiskY4FOO9fpu8ub82n0G10zu_U&v=c1&r=https%3A%2F%2Fwww.amazon.com%2Fgp%2Faw%2Fd%2FB0DWC3Y8YC%3Fpd_rd_plhdr%3Dt%26hsa_cr_id%3D0%26qid%3D1790837404%26sr%3D1-2-5a5562f9-fdfd-4101-9f9d-d76aa9998432%26i%3Daps%26aref%3DdFupMVzJWi&ref_=sbx__sbtcd2_asin_1_bkgd&pd_rd_w=Q8i27&content-id=amzn1.sym.90f77631-9599-4fe0-95f8-a40adfe1c762%3Aamzn1.sym.90f77631-9599-4fe0-95f8-a40adfe1c762&pf_rd_p=90f77631-9599-4fe0-95f8-a40adfe1c762&pf_rd_r=DY38HEXSPFNPTE7PT79M&pd_rd_wg=L32wK&pd_rd_r=5cfc1061-bb7a-4b34-8d54-e0f5434a7804,"https://m.media-amazon.com/images/I/711vY9s+p4L._AC_SR322,134_CB1169409_QL70_.jpg",63,排名进入前30；价格处于人民币等值¥57.60-¥180.00黄金区间；标题包含 comfort，符合美国女鞋舒适化趋势；评分达到4.3以上。
2026-10-01,amazon_us,product,search,women summer slippers,1,Chantomoo Slippers for Women Memory Foam House Bedroom Corduroy Bow Crossbands Slipper Shoes Comfy Trendy Gift Slippers Chantomoo Slippers for Women Memory Foam Hous…,¥215.93,4.4,,,,,,,https://sponsored-ads.amazon.com/clk/?_encoding=UTF8&p=eAFVkLtu01AAhhUqIApFoAxtlY0MGVKd-PiSOAmyKt9II-dqO6XpYh3bxxea2M45p3LEkA2xMSGx8AwwMvAcvAsTQlwkxDf90jf80lcLqh_ffP_2oP5Yda8WhjW2rqFh2s0K3z6JcJbuPV-2zh3j5bm9dTXRv74ankxjv9MbvSKJX0K4Fqbqjlny0n4kdfhut8OLUgfe3HM0v6qa7qVpj536ae1hiOkty4v68Wpmm_p8NBvfmEbjXaVW_WU8xKJ6DW3R6zzrBPm2cUZ9cJelUYpDQDEiQQIKFGPAN-_jzFs5bYH6gCV4i0MQ5JsNDliaZ-DvCwgQCSkoUJoxTECQZwxnTHim2erM8PT5ZGLq7ng-czxnodrWxPQM07Hc-aJ5UavAp5_e_vjy-avROEV3LAe0QOR2g0FCEWCYkZQ2n4gQwoHY7_JQlETYE45WjjE80hd626o_NzRVL16MgawetN0fYvWgLYmv5Wv1fw5afNCWB039PeLGsR6b-5FqxmQnYeFDpfa-kjBW0CHHlWXZ-VeIiwsOlVzIaVCXL8X-WnMvitAjoVdskpAorJVQ5AXES0MFtnZpqPDyAPZFWYJSixKFBzyIcABFHkqgF_E8kARJAP1IHgC-GyEs9Ae9qNdrpQoqaAsRHCm7Mtxbq-lApz8ByKGv5A&v=c1&r=https%3A%2F%2Fwww.amazon.com%2Fgp%2Faw%2Fd%2FB0C7H38YBT%3Fpd_rd_plhdr%3Dt%26hsa_cr_id%3D0%26qid%3D1790837404%26sr%3D1-1-fec03104-6f11-4242-8f79-15fae2896f66%26i%3Daps%26aref%3DqwdxKUM9Cs&ref_=sbx_s_sparkle_sbtcd_asin_0_bkgd&pd_rd_w=X2if9&content-id=amzn1.sym.22e060df-ce87-467b-805a-61b8bd37fbe9%3Aamzn1.sym.22e060df-ce87-467b-805a-61b8bd37fbe9&pf_rd_p=22e060df-ce87-467b-805a-61b8bd37fbe9&pf_rd_r=DY38HEXSPFNPTE7PT79M&pd_rd_wg=XGLD5&pd_rd_r=b7ee8e29-babf-4d7f-a23f-e0f061850af5,"https://m.media-amazon.com/images/I/711Z9Ju3AqL._AC_SR160,134_CB1169409_QL70_.jpg",62,排名靠前；价格处于人民币等值¥180.00-¥288.00区间；评分达到4.3以上。
2026-10-01,amazon_us,product,search,women summer slippers,3,Chantomoo Slippers for Women Memory Foam House Bedroom Corduroy Bow Crossbands Slipper Shoes Comfy Trendy Gift Slippers Chantomoo Slippers for Women Memory Foam Hous…,¥287.93,4.4,,,,,,,https://sponsored-ads.amazon.com/clk/?_encoding=UTF8&p=eAFVkLmO00AAhhVWwCosAqXYRelIkSKrscdHnANZK18JkXPayR5prLE9PtjEdmZm5YgiHaKjQqLhGaCk4Dl4FyqEOCTEV_3SV_zSVw2OP775_u1B7bG2vJyb9si-hqblNCpC6zTCWbr3_I597ppX5852qUv-9WX_dBL7nDJ8RRK_hPBGnGg7ZncWziOZE9ptTpBkDq7vubp_rFnLl5Yzcmtn1YchprcsL2onq6ljGbPhdLS2zPq7SvX4l_EQi2pVtEWv84wL8m39GfXBXZZGKQ4BxYgECShQjIHQuI8zb-W2ROoDluAtDkGQbzY4YGmegb8vIEAkpKBAacYwAUGeMZwx8bnuaFPTM2bjsWUsR7Op67lzzbHHlmdarr2czRsX1Qp8-untjy-fv5r1M3THckALRG43GCQUAYYZSWnjiQQh7EndtgAlWYKKeLRyzf6RMTdadu2FqWtGMRiBjnbQd3-ItYO-IL6e32j_c9Djg7446NrvEddPjNjaDzUrJjsZix8q1feVhLGC9nm-LEvuXyE-LnhU8iGvw4GzHozFxdVFEXok9IpNEhKVNROKvIB4aajC5i4NVaHTg12pI0O5SYkqAAlEOICSAGWgRIIAZFEWQTfq9IDQjhAWuz0lUpRmqqKCNhHBkborw729mvQM-hPmS7Ao&v=c1&r=https%3A%2F%2Fwww.amazon.com%2Fgp%2Faw%2Fd%2FB0FRZFL2QW%3Fpd_rd_plhdr%3Dt%26hsa_cr_id%3D0%26qid%3D1790837404%26sr%3D1-3-fec03104-6f11-4242-8f79-15fae2896f66%26i%3Daps%26aref%3DqwdxKUM9Cs&ref_=sbx_s_sparkle_sbtcd_asin_2_bkgd&pd_rd_w=X2if9&content-id=amzn1.sym.22e060df-ce87-467b-805a-61b8bd37fbe9%3Aamzn1.sym.22e060df-ce87-467b-805a-61b8bd37fbe9&pf_rd_p=22e060df-ce87-467b-805a-61b8bd37fbe9&pf_rd_r=DY38HEXSPFNPTE7PT79M&pd_rd_wg=XGLD5&pd_rd_r=b7ee8e29-babf-4d7f-a23f-e0f061850af5,"https://m.media-amazon.com/images/I/71Ku9McB09L._AC_SR160,134_CB1169409_QL70_.jpg",62,排名靠前；价格处于人民币等值¥180.00-¥288.00区间；评分达到4.3以上。
2026-10-01,amazon_us,product,search,women summer slippers,29,Ultralight Soft Indoor Open Toe Cotton linen Slippers Absorb Sweat Cloth Bottom House Slippers,¥122.33,4.1,100+ bought in past month,,,,,,https://www.amazon.com/COCOMUSE-Ultralight-Indoor-Cotton-Slippers/dp/B0BVGCRR6R/ref=sr_1_18?dib=eyJ2IjoiMSJ9.mENb4kbb2DDwdhADjf6v-UqLvPaXeVFqbQI2pNI9M-Sicx_ifsRFApQrHIr12eLlScEETW0RXPPHJolNN0AEuGQMdSCjfaCv99R1_epmprVO6je9GuFAOR68GFvOAGKyJZ-_0Yln3sQWdpvj2M3XtkG-Z4OR_azbld4V2nfzqd9a9LcqTlT2j4GsodsANPVuzj7LrCQ-JpXAK4-A1VJRpPyGEcF9AhIx-CYgv25glIqjLkwlK_DBAn17K9PiYcRXux5AsTeLobb001VqHugi0YHS4EvxKXra-wXmBhTKdZs.FV6ZMFBHvvQ8mjcgdNhd8W_RYDKvnsykrYnvEx8Knvs&dib_tag=se&keywords=women+summer+slippers&qid=1790837404&sr=8-18,https://m.media-amazon.com/images/I/81KNq3E0H3L._AC_UL320_.jpg,62,排名进入前30；评论数达到50以上；价格处于人民币等值¥57.60-¥180.00黄金区间；标题包含 soft，符合美国女鞋舒适化趋势；评分达到4.0以上。
2026-10-01,amazon_us,product,search,women slides,3,KIDMI,¥194.33,4.4,KIDMI,,,,,,https://www.amazon.com/KIDMI-Leather-Footbed-Sandals-Support/dp/B0BS6G9WG6/ref=sr_1_2?dib=eyJ2IjoiMSJ9._15A5a1ahvFQhpFGdv4ULe5ISCpT-qDImHOl_nO4JUk4x0xijIbmadlGqVZf6iI8JFU_rW53NzF0E1Vwj2lqQW_AbLENyt7dhf1Mppl-Rw7fpScQF9WsbO0NOiYMuT_S5cV_Di2TYzZg4Azm2gJe9te4mCnjngwF7nkASm53F0OZWO1VBV92hxce3l9pIr0_0PIURqH0SevWULwaySp1-ajb5CaAxYfebsOJwOnwWAR8vXDgNazK0sKNdTZ4eyAeDP8QW51xqQhx9irQc65ilN3163pski5PR2c3PZPaABg.xe_nWg03AiwModxcHM79_0-vKHTvSeagRlLZrEZpPdo&dib_tag=se&keywords=women+slides&qid=1790837405&sr=8-2,https://m.media-amazon.com/images/I/81zCzavhSUL._AC_UL320_.jpg,62,排名靠前；价格处于人民币等值¥180.00-¥288.00区间；评分达到4.3以上。
2026-10-01,amazon_us,product,best_sellers,Best Sellers Women Sandals,9,mazeskin Womens Memory Foam Flip Flops Leather Flat Sandals | Vegan Leather Square Toe Cushion Summer Casual Comfortable Slim Thong Beach Slide Shoes Non Slip,,4.0,$9.98,,,,,,https://www.amazon.com/mazeskin-Womens-Memory-Leather-Sandals/dp/B0GRMZ5PFS/ref=zg_bs_g_679425011_d_sccl_9/143-7594341-1211448?psc=1,"https://images-na.ssl-images-amazon.com/images/I/717PAaaaLdL._AC_UL600_SR600,400_.jpg",61,排名靠前；标题包含 comfort、beach、summer，符合美国女鞋舒适化趋势；评分达到4.0以上。
2026-10-01,amazon_us,product,search,women summer slippers,12,Isotoner Women's Satin Ballerina Slippers with Classic Ribbon Bow and Suede Sole Isotoner Women's Satin Ballerina Slippers with Classic Ribbon Bow and Suede Sole,¥165.24,4.7,4.7,,,,,,https://sponsored-ads.amazon.com/clk/?_encoding=UTF8&p=eAFVUM2O0lAYDU7USR1_wmImwR1GFiSX3paWUgwxtz9gB6YwFGYYNje3vbelmdKWtiNkFux8AWMyG-NLuHTlQ_guxpWJjDGe1UnOz_flcN7h5w8_fzwqP0XTi7ExsAZzaJiTakmoH_ssDrd4foqQhtSb5oIN2vzC7Ryb7uXc6fXYGk3nzW1ODOFKv0aTJ1JDkOWG0JQacPHA0dxDZE7fmRPLKZ9wjynLr4skLR_N7Impj_q2tTCNytcS9-pewTkjmbfEKcu8JCIFw2EchTHDbuGXObIit0nc8JJV5WXuAi8ieR56YJ8BeydIhepDFuOZU5dzFxRLtmIUeEkUMa8Ikxi8F8H9MeCRjOYgJWFcsAx4SVywuBBfaxNkG1gfDYemPrVGtoMte2jZJh5aFyY2TGcwHY2rLa4EX3y8-_bl13ej8uxv5f6J6nMRQthWWwpsQ0lUBPFg5hidA32s1wflN4aG9LRnAQXttPUeAdpp55mrJVfof-y0YKed7zT0hwSVIz0wt31kBtlaYuJdiftUWhZFmnd4frPZNP5NxAcpTzY85TUIJU21Zv2ztynFGcVptKRZt6gtc4K9DIe0C2vrkHYFRYXtpiJBqZZnXQEIQCay3BJ9FfjUp0ASoABUX6WAKi1CVFVtS02xFnZJmtdIxvwu7d2kZxe3p5fhb0iou8c&v=c1&r=https%3A%2F%2Fwww.amazon.com%2Fgp%2Faw%2Fd%2FB004B9IUGM%3Fpd_rd_plhdr%3Dt%26hsa_cr_id%3D0%26qid%3D1790837404%26sr%3D1-1-5a5562f9-fdfd-4101-9f9d-d76aa9998432%26i%3Daps%26aref%3DdFupMVzJWi&ref_=sbx__sbtcd2_asin_0_bkgd&pd_rd_w=Q8i27&content-id=amzn1.sym.90f77631-9599-4fe0-95f8-a40adfe1c762%3Aamzn1.sym.90f77631-9599-4fe0-95f8-a40adfe1c762&pf_rd_p=90f77631-9599-4fe0-95f8-a40adfe1c762&pf_rd_r=DY38HEXSPFNPTE7PT79M&pd_rd_wg=L32wK&pd_rd_r=5cfc1061-bb7a-4b34-8d54-e0f5434a7804,"https://m.media-amazon.com/images/I/713XrEY7HEL._AC_SR322,134_CB1169409_QL70_.jpg",60,排名进入前30；价格处于人民币等值¥57.60-¥180.00黄金区间；评分达到4.6以上。
2026-10-01,amazon_us,product,search,platform sandals women,27,Project Cloud,¥287.28,4.3,Project Cloud,,,,,,https://www.amazon.com/Project-Cloud-Genuine-Platform-Footwear/dp/B0DNKHH92K/ref=sr_1_14?dib=eyJ2IjoiMSJ9.7DUZCoJhebTlfAwJI31eoU2azv5q_oq9mB7AlJ8T4zpb01vuk-bYzZiI1c0Q2aycV4hNt8GmThNVs44ew3S4hFYbD1PpmbDzFnoZ91fJLaF2ILeS2YajK4H7FM3A-PQnlErhCnGFY8CLsC17C_lZhNDdjzDfeMA7PK2JyAOFZL5iSk5xGBycIe1royLq3YPuyK9KH5aVVj-MUo1gJ-X0bE0JgHK9WLdAff6dbcNW4LoopCa4pBsRXC9zy-y_U4siYJVkPgMCBdPmTMzVHY-3kaVIIQqAZnTTODZOyk9rJbU.MJ-W_hUFo0CooSsTKHmovPRtYgSuefrkAXuWLZS1Pyg&dib_tag=se&keywords=platform+sandals+women&qid=1790837405&sr=8-14,https://m.media-amazon.com/images/I/71RGSE3mTzL._AC_UL320_.jpg,60,排名进入前30；价格处于人民币等值¥180.00-¥288.00区间；标题包含 cloud，符合美国女鞋舒适化趋势；评分达到4.3以上。
2026-10-01,amazon_us,product,search,women summer slippers,21,Women's Open Toe House Slippers Breathable Waffle Fabric Memory Foam,¥71.93,4.2,100+ bought in past month,,,,,,https://www.amazon.com/Yoerpe-Womens-House-Slippers-Slip/dp/B0DRNTXHFS/ref=sr_1_10?dib=eyJ2IjoiMSJ9.mENb4kbb2DDwdhADjf6v-UqLvPaXeVFqbQI2pNI9M-Sicx_ifsRFApQrHIr12eLlScEETW0RXPPHJolNN0AEuGQMdSCjfaCv99R1_epmprVO6je9GuFAOR68GFvOAGKyJZ-_0Yln3sQWdpvj2M3XtkG-Z4OR_azbld4V2nfzqd9a9LcqTlT2j4GsodsANPVuzj7LrCQ-JpXAK4-A1VJRpPyGEcF9AhIx-CYgv25glIqjLkwlK_DBAn17K9PiYcRXux5AsTeLobb001VqHugi0YHS4EvxKXra-wXmBhTKdZs.FV6ZMFBHvvQ8mjcgdNhd8W_RYDKvnsykrYnvEx8Knvs&dib_tag=se&keywords=women+summer+slippers&qid=1790837404&sr=8-10,https://m.media-amazon.com/images/I/81fS3PsOVnL._AC_UL320_.jpg,59,排名进入前30；评论数达到50以上；价格处于人民币等值¥57.60-¥180.00黄金区间；评分达到4.0以上。
2026-10-01,amazon_us,product,search,platform sandals women,8,CUSHIONAIRE,¥287.93,4.0,Products highlighted as 'Overall Pick' are:,,,,,,https://www.amazon.com/CUSHIONAIRE-Womens-platform-sandal-Memory/dp/B09M96YX6M/ref=sr_1_2?dib=eyJ2IjoiMSJ9.7DUZCoJhebTlfAwJI31eoU2azv5q_oq9mB7AlJ8T4zpb01vuk-bYzZiI1c0Q2aycV4hNt8GmThNVs44ew3S4hFYbD1PpmbDzFnoZ91fJLaF2ILeS2YajK4H7FM3A-PQnlErhCnGFY8CLsC17C_lZhNDdjzDfeMA7PK2JyAOFZL5iSk5xGBycIe1royLq3YPuyK9KH5aVVj-MUo1gJ-X0bE0JgHK9WLdAff6dbcNW4LoopCa4pBsRXC9zy-y_U4siYJVkPgMCBdPmTMzVHY-3kaVIIQqAZnTTODZOyk9rJbU.MJ-W_hUFo0CooSsTKHmovPRtYgSuefrkAXuWLZS1Pyg&dib_tag=se&keywords=platform+sandals+women&qid=1790837405&sr=8-2,https://m.media-amazon.com/images/I/81v0nOOl2oL._AC_UL320_.jpg,59,排名靠前；价格处于人民币等值¥180.00-¥288.00区间；评分达到4.0以上。
2026-10-01,amazon_us,product,best_sellers,Best Sellers Women Sandals,1,"Ankis Heels for Women Open Toe Ankle Strap Chunky Heel Sandals 2.75 Inch | nude white gold black, adjustable ankle strap, Cushioned footbed, All-day comfort, for various occasions",,4.4,$24.29,,,,,,https://www.amazon.com/Ankis-Nude-Heels-Women-numeric_8/dp/B094CTB3TY/ref=zg_bs_g_679425011_d_sccl_1/143-7594341-1211448?psc=1,"https://images-na.ssl-images-amazon.com/images/I/71dUhT7TubL._AC_UL600_SR600,400_.jpg",58,排名靠前；标题包含 comfort，符合美国女鞋舒适化趋势；评分达到4.3以上。
2026-10-01,amazon_us,product,best_sellers,Best Sellers Women Sandals,8,PIZZ ANNU Women's Low Block Chunky Heels Sandals Comfortable Open Toe Ankle Strap Party Dress Pump Shoes Strappy Buckle Heeled Sandal with 2 Inches Tall Thick Heel Design,,4.3,$32.99,,,,,,https://www.amazon.com/PIZZ-ANNU-Sandals-Wedding-Glitter/dp/B0B465ZBH6/ref=zg_bs_g_679425011_d_sccl_8/143-7594341-1211448?psc=1,"https://images-na.ssl-images-amazon.com/images/I/71N1hjwzuWL._AC_UL600_SR600,400_.jpg",58,排名靠前；标题包含 comfort，符合美国女鞋舒适化趋势；评分达到4.3以上。
2026-10-01,amazon_us,product,new_releases,New Releases Women Sandals,4,"DREAM PAIRS Women's Kitten Strappy Heel Sandals | Slip On Heeled Sandals for Women, Open Toe Summer Sandals for Weddings, Parties, Work and Dressy Occasions",,4.7,$37.99,,,,,,https://www.amazon.com/DREAM-PAIRS-Womens-Strappy-Sandals/dp/B0H6J7K7JV/ref=zg_bsnr_g_679425011_d_sccl_4/145-4466855-1173528?psc=1,"https://images-na.ssl-images-amazon.com/images/I/615T5Gm9P5L._AC_UL600_SR600,400_.jpg",58,排名靠前；标题包含 summer，符合美国女鞋舒适化趋势；评分达到4.6以上。
2026-10-01,amazon_us,product,best_sellers,Best Sellers Women Sandals,23,KuaiLu Flip Flops for Women with Arch Support Summer Beach Thong Sandals | Comfortable Yoga Mat Cushion Walking Shoes Slip on Casual Outfits Faux Leather Indoor Outdoor,,4.2,$9.99,,,,,,https://www.amazon.com/KuaiLu-Support-Comfortable-Cushion-Walking/dp/B08GKGCH2R/ref=zg_bs_g_679425011_d_sccl_23/143-7594341-1211448?psc=1,"https://images-na.ssl-images-amazon.com/images/I/81-DUybjK+L._AC_UL600_SR600,400_.jpg",57,排名进入前30；标题包含 comfort、arch support、beach、summer，符合美国女鞋舒适化趋势；评分达到4.0以上。
2026-10-01,amazon_us,product,best_sellers,Best Sellers Women Sandals,26,"ODOLY Unisex Comfortable Cork Footbed Slide Sandals with Arch Support | Adjustable Buckle, Lightweight Summer Sandals for Travel and Everyday Wear",,4.5,$19.99,,,,,,https://www.amazon.com/ODOLY-Footbed-Comfortable-Sandals-Adjustable/dp/B0CSMN1X4W/ref=zg_bs_g_679425011_d_sccl_26/143-7594341-1211448?psc=1,"https://images-na.ssl-images-amazon.com/images/I/61iYsM+H9QL._AC_UL600_SR600,400_.jpg",57,排名进入前30；标题包含 comfort、arch support、summer，符合美国女鞋舒适化趋势；评分达到4.3以上。
2026-10-01,amazon_us,product,new_releases,New Releases Women Sandals,14,GETOEU Arch Support Flip Flops for Women Square Toe Thong Sandals Comfortable Summer Beach Lightweight Flip Flops,,4.2,$9.99,,,,,,https://www.amazon.com/GETOEU-Support-Sandals-Comfortable-Lightweight/dp/B0H33X2P5N/ref=zg_bsnr_g_679425011_d_sccl_14/145-4466855-1173528?psc=1,"https://images-na.ssl-images-amazon.com/images/I/812JKZIwOpL._AC_UL600_SR600,400_.jpg",57,排名进入前30；标题包含 comfort、arch support、beach、summer，符合美国女鞋舒适化趋势；评分达到4.0以上。
2026-10-01,amazon_us,product,new_releases,New Releases Women Sandals,19,"FITORY Women's Slide Sandals Fashion Round Toe with Classic Single Strap | Soft and Durable PU Upper, Non-Slip Sole, Lightweight Summer Slippers for Beach & Daily Comfort Wear",,4.3,$21.99,,,,,,https://www.amazon.com/FITORY-Womens-Sandals-Fashion-Classic/dp/B0HJ1JHXND/ref=zg_bsnr_g_679425011_d_sccl_19/145-4466855-1173528?psc=1,"https://images-na.ssl-images-amazon.com/images/I/61K0cQOPlPL._AC_UL600_SR600,400_.jpg",57,排名进入前30；标题包含 comfort、soft、beach、summer，符合美国女鞋舒适化趋势；评分达到4.3以上。
2026-10-01,amazon_us,product,search,women summer slippers,16,Litfun,¥136.73,4.3,Litfun,,,,,,https://www.amazon.com/Litfun-Orthopedic-Slippers-Support-Corduroy/dp/B0FH4NQLCJ/ref=sr_1_5?dib=eyJ2IjoiMSJ9.mENb4kbb2DDwdhADjf6v-UqLvPaXeVFqbQI2pNI9M-Sicx_ifsRFApQrHIr12eLlScEETW0RXPPHJolNN0AEuGQMdSCjfaCv99R1_epmprVO6je9GuFAOR68GFvOAGKyJZ-_0Yln3sQWdpvj2M3XtkG-Z4OR_azbld4V2nfzqd9a9LcqTlT2j4GsodsANPVuzj7LrCQ-JpXAK4-A1VJRpPyGEcF9AhIx-CYgv25glIqjLkwlK_DBAn17K9PiYcRXux5AsTeLobb001VqHugi0YHS4EvxKXra-wXmBhTKdZs.FV6ZMFBHvvQ8mjcgdNhd8W_RYDKvnsykrYnvEx8Knvs&dib_tag=se&keywords=women+summer+slippers&qid=1790837404&sr=8-5,https://m.media-amazon.com/images/I/71YnbijMiKL._AC_UL320_.jpg,57,排名进入前30；价格处于人民币等值¥57.60-¥180.00黄金区间；评分达到4.3以上。
2026-10-01,amazon_us,product,search,women summer slippers,19,LongBay,¥114.62,4.4,LongBay,,,,,,https://www.amazon.com/LongBay-Slippers-Memory-Bedroom-Dual-Strap/dp/B0DP277YRM/ref=sr_1_8?dib=eyJ2IjoiMSJ9.mENb4kbb2DDwdhADjf6v-UqLvPaXeVFqbQI2pNI9M-Sicx_ifsRFApQrHIr12eLlScEETW0RXPPHJolNN0AEuGQMdSCjfaCv99R1_epmprVO6je9GuFAOR68GFvOAGKyJZ-_0Yln3sQWdpvj2M3XtkG-Z4OR_azbld4V2nfzqd9a9LcqTlT2j4GsodsANPVuzj7LrCQ-JpXAK4-A1VJRpPyGEcF9AhIx-CYgv25glIqjLkwlK_DBAn17K9PiYcRXux5AsTeLobb001VqHugi0YHS4EvxKXra-wXmBhTKdZs.FV6ZMFBHvvQ8mjcgdNhd8W_RYDKvnsykrYnvEx8Knvs&dib_tag=se&keywords=women+summer+slippers&qid=1790837404&sr=8-8,https://m.media-amazon.com/images/I/71BlGXBbl-L._AC_UL320_.jpg,57,排名进入前30；价格处于人民币等值¥57.60-¥180.00黄金区间；评分达到4.3以上。
2026-10-01,amazon_us,product,search,women summer slippers,23,shevalues,¥100.73,4.3,shevalues,,,,,,https://www.amazon.com/Shevalues-Womens-Indoor-Slippers-Cotton/dp/B074HBC1BR/ref=sr_1_12?dib=eyJ2IjoiMSJ9.mENb4kbb2DDwdhADjf6v-UqLvPaXeVFqbQI2pNI9M-Sicx_ifsRFApQrHIr12eLlScEETW0RXPPHJolNN0AEuGQMdSCjfaCv99R1_epmprVO6je9GuFAOR68GFvOAGKyJZ-_0Yln3sQWdpvj2M3XtkG-Z4OR_azbld4V2nfzqd9a9LcqTlT2j4GsodsANPVuzj7LrCQ-JpXAK4-A1VJRpPyGEcF9AhIx-CYgv25glIqjLkwlK_DBAn17K9PiYcRXux5AsTeLobb001VqHugi0YHS4EvxKXra-wXmBhTKdZs.FV6ZMFBHvvQ8mjcgdNhd8W_RYDKvnsykrYnvEx8Knvs&dib_tag=se&keywords=women+summer+slippers&qid=1790837404&sr=8-12,https://m.media-amazon.com/images/I/71JYzlHXkPL._AC_UL320_.jpg,57,排名进入前30；价格处于人民币等值¥57.60-¥180.00黄金区间；评分达到4.3以上。
2026-10-01,amazon_us,product,search,women summer slippers,26,VeraCosy,¥104.40,4.5,VeraCosy,,,,,,https://www.amazon.com/VeraCosy-Two-Tone-Slippers-Non-slip-Evening/dp/B0DCVZ52Y5/ref=sr_1_15?dib=eyJ2IjoiMSJ9.mENb4kbb2DDwdhADjf6v-UqLvPaXeVFqbQI2pNI9M-Sicx_ifsRFApQrHIr12eLlScEETW0RXPPHJolNN0AEuGQMdSCjfaCv99R1_epmprVO6je9GuFAOR68GFvOAGKyJZ-_0Yln3sQWdpvj2M3XtkG-Z4OR_azbld4V2nfzqd9a9LcqTlT2j4GsodsANPVuzj7LrCQ-JpXAK4-A1VJRpPyGEcF9AhIx-CYgv25glIqjLkwlK_DBAn17K9PiYcRXux5AsTeLobb001VqHugi0YHS4EvxKXra-wXmBhTKdZs.FV6ZMFBHvvQ8mjcgdNhd8W_RYDKvnsykrYnvEx8Knvs&dib_tag=se&keywords=women+summer+slippers&qid=1790837404&sr=8-15,https://m.media-amazon.com/images/I/81RJZ2gB8sL._AC_UL320_.jpg,57,排名进入前30；价格处于人民币等值¥57.60-¥180.00黄金区间；评分达到4.3以上。
2026-10-01,amazon_us,product,search,women slides,17,Calvin Klein,¥171.22,4.5,Calvin Klein,,,,,,https://www.amazon.com/Calvin-Klein-Womens-Athens-Sandal/dp/B0CQRSPTDJ/ref=sr_1_6?dib=eyJ2IjoiMSJ9._15A5a1ahvFQhpFGdv4ULe5ISCpT-qDImHOl_nO4JUk4x0xijIbmadlGqVZf6iI8JFU_rW53NzF0E1Vwj2lqQW_AbLENyt7dhf1Mppl-Rw7fpScQF9WsbO0NOiYMuT_S5cV_Di2TYzZg4Azm2gJe9te4mCnjngwF7nkASm53F0OZWO1VBV92hxce3l9pIr0_0PIURqH0SevWULwaySp1-ajb5CaAxYfebsOJwOnwWAR8vXDgNazK0sKNdTZ4eyAeDP8QW51xqQhx9irQc65ilN3163pski5PR2c3PZPaABg.xe_nWg03AiwModxcHM79_0-vKHTvSeagRlLZrEZpPdo&dib_tag=se&keywords=women+slides&qid=1790837405&sr=8-6,https://m.media-amazon.com/images/I/61TQsy18fPL._AC_UL320_.jpg,57,排名进入前30；价格处于人民币等值¥57.60-¥180.00黄金区间；评分达到4.3以上。
2026-10-01,amazon_us,product,search,women slides,21,adidas,¥172.80,4.5,adidas,,,,,,https://www.amazon.com/adidas-Womens-Adilette-Slides-Sandal/dp/B0921XTJQ7/ref=sr_1_10?dib=eyJ2IjoiMSJ9._15A5a1ahvFQhpFGdv4ULe5ISCpT-qDImHOl_nO4JUk4x0xijIbmadlGqVZf6iI8JFU_rW53NzF0E1Vwj2lqQW_AbLENyt7dhf1Mppl-Rw7fpScQF9WsbO0NOiYMuT_S5cV_Di2TYzZg4Azm2gJe9te4mCnjngwF7nkASm53F0OZWO1VBV92hxce3l9pIr0_0PIURqH0SevWULwaySp1-ajb5CaAxYfebsOJwOnwWAR8vXDgNazK0sKNdTZ4eyAeDP8QW51xqQhx9irQc65ilN3163pski5PR2c3PZPaABg.xe_nWg03AiwModxcHM79_0-vKHTvSeagRlLZrEZpPdo&dib_tag=se&keywords=women+slides&qid=1790837405&sr=8-10,https://m.media-amazon.com/images/I/31UIFbdKeTL._AC_UL320_.jpg,57,排名进入前30；价格处于人民币等值¥57.60-¥180.00黄金区间；评分达到4.3以上。
2026-10-01,amazon_us,product,search,women slides,24,Weweya,¥71.93,4.4,Weweya,,,,,,https://www.amazon.com/Weweya-Shower-Non-Slip-Outdoor-Sandals/dp/B0F1XTPHY8/ref=sr_1_13?dib=eyJ2IjoiMSJ9._15A5a1ahvFQhpFGdv4ULe5ISCpT-qDImHOl_nO4JUk4x0xijIbmadlGqVZf6iI8JFU_rW53NzF0E1Vwj2lqQW_AbLENyt7dhf1Mppl-Rw7fpScQF9WsbO0NOiYMuT_S5cV_Di2TYzZg4Azm2gJe9te4mCnjngwF7nkASm53F0OZWO1VBV92hxce3l9pIr0_0PIURqH0SevWULwaySp1-ajb5CaAxYfebsOJwOnwWAR8vXDgNazK0sKNdTZ4eyAeDP8QW51xqQhx9irQc65ilN3163pski5PR2c3PZPaABg.xe_nWg03AiwModxcHM79_0-vKHTvSeagRlLZrEZpPdo&dib_tag=se&keywords=women+slides&qid=1790837405&sr=8-13,https://m.media-amazon.com/images/I/61QGXLFgg+L._AC_UL320_.jpg,57,排名进入前30；价格处于人民币等值¥57.60-¥180.00黄金区间；评分达到4.3以上。
2026-10-01,amazon_us,product,best_sellers,Best Sellers Women Sandals,5,"DREAM PAIRS Women's Comfort Block Heel Sandals | Open Toe Adjustable Ankle Strap Chunky Dress Heels, Fashion Heeled Sandals for Prom, Wedding Guest and Formal Events",,4.2,$29.99,,,,,,https://www.amazon.com/DREAM-PAIRS-Womens-Chunk-Sandals/dp/B071XSX4PL/ref=zg_bs_g_679425011_d_sccl_5/143-7594341-1211448?psc=1,"https://images-na.ssl-images-amazon.com/images/I/61mjdmlQ3bL._AC_UL600_SR600,400_.jpg",55,排名靠前；标题包含 comfort，符合美国女鞋舒适化趋势；评分达到4.0以上。
2026-10-01,amazon_us,product,best_sellers,Best Sellers Women Sandals,7,"Ankis Women Nude White Gold Black Sandals Open Toe 1 Inch Low Block Heel | 1-inch short heel, adjustable ankle strap, 5mm latex cushioned insole, comfortable walking, for wedding, dressy, formal event",,4.2,$32.47,,,,,,https://www.amazon.com/Ankis-Sandals-Comfortable-Adjustable-Available/dp/B0CNSX9MQB/ref=zg_bs_g_679425011_d_sccl_7/143-7594341-1211448?psc=1,"https://images-na.ssl-images-amazon.com/images/I/61JCRFCvlvL._AC_UL600_SR600,400_.jpg",55,排名靠前；标题包含 comfort，符合美国女鞋舒适化趋势；评分达到4.0以上。
2026-10-01,amazon_us,product,new_releases,New Releases Women Sandals,3,"Ankis Women Kitten Heel Sandals Strappy Low Heels for Wedding Party Prom | Comfortable 2.5 Inch Cross Strappy Heels, Square Toe, Adjustable Ankle Strap,Anti-Slip Sole, Gold Silver Black Available",,4.2,$39.99,,,,,,https://www.amazon.com/Ankis-Kitten-Sandals-Strappy-Wedding/dp/B0GX1FPPB7/ref=zg_bsnr_g_679425011_d_sccl_3/145-4466855-1173528?psc=1,"https://images-na.ssl-images-amazon.com/images/I/61tvlj6BO3L._AC_UL600_SR600,400_.jpg",55,排名靠前；标题包含 comfort，符合美国女鞋舒适化趋势；评分达到4.0以上。
2026-10-01,amazon_us,product,new_releases,New Releases Women Sandals,5,"DREAM PAIRS Women's Stiletto Kitten Heeled Sandals | Pointed Open Toe Chunky Block Heels, Heeled Sandals Wedding Bridal Party, 3.78-inch stiletto heel Comfortable Shoes",,4.1,$38.99,,,,,,https://www.amazon.com/DREAM-PAIRS-Womens-Stiletto-Sandals/dp/B0H2TR91HX/ref=zg_bsnr_g_679425011_d_sccl_5/145-4466855-1173528?psc=1,"https://images-na.ssl-images-amazon.com/images/I/615-nQIWeVL._AC_UL600_SR600,400_.jpg",55,排名靠前；标题包含 comfort，符合美国女鞋舒适化趋势；评分达到4.0以上。
2026-10-01,amazon_us,product,new_releases,New Releases Women Sandals,10,"DREAM PAIRS Women's Kitten Low Heel Ankle Strap Sandals | 2.72 Inch,Comfortable Fashion Open Toe Sandals,4mm Cushioning,Suitable for Casual Daily Formal Wedding Prom Party Date Night",,4.1,$40.84,,,,,,https://www.amazon.com/DREAM-PAIRS-Womens-Kitten-Sandals/dp/B0H6HTFZ5V/ref=zg_bsnr_g_679425011_d_sccl_10/145-4466855-1173528?psc=1,"https://images-na.ssl-images-amazon.com/images/I/71dyNXYHPkL._AC_UL600_SR600,400_.jpg",55,排名靠前；标题包含 comfort，符合美国女鞋舒适化趋势；评分达到4.0以上。
2026-10-01,amazon_us,product,search,women summer slippers,14,isotoner Women's Indoor/Outdoor Embroidered Seersucker Flip Flop Slippers With Memory Foam Comfort isotoner Women's Indoor/Outdoor Embroidered Seersucker Flip Flop Slippers With Memory Foam Comfort,¥195.84,4.1,4.1,,,,,,https://sponsored-ads.amazon.com/clk/?_encoding=UTF8&p=eAFVUM2O0lAYDU7USR1_wmImwR1GFiSX3pYWKIaY2_bCdEBgKMwwbG5ue29LM6UtbUfILNj5AsZkNsaXcOnKh_BdjCsTGWM8q5Ocn-_LEdzDzx9-_nhUfIqmF2Ozb_Xn0MSTckGqHns8CrZkfoaQjrSb-oL3W-LCaR9j53Jud7t8jabz-jajpnRlXKPJE6UmqWpNqis1uHhg684hwtNTPLHs4onwmPHsOo-T4tFsOMHGqDe0FtgsfS0Ir-4VknGaukuS8NSNQ5pzEkRhEHHi5F5RoCt6G0c1N16VXmYOcEOaZYEL9hmwd4JEKj_kEZnZVTVzQL7kK86AG4chd_MgjsB7GdwfAy5NWQYSGkQ5T4EbRzmPcvm1PkFDkxijwQAbU2s0tIk1HFhDTAbWBSYmtvvT0bjcEArwxce7b19-fTdLz_5W7p8oP5chhC2t0YQtqMhNST6Y2Wb7wBgb1X7xjakjI-laoIl2-noPH-3089TR4yv0P3a6v9PPdzr6Q_zSkeHjbQ9hP10rXL4rCJ8KyzxPsrYobjab2r-JRD8R6UZkog57im2PW_rp24SRlJEkXLK0k1eWGSVuSgLWgZV1wDpSU4OtelOBSiVLOxKoA5WqakP2NOAxjwFFghLQPI0B1mxQqmlaS6nLlaBDk6xCU-51WPcmeXdxe3YZ_AZYrLvr&v=c1&r=https%3A%2F%2Fwww.amazon.com%2Fgp%2Faw%2Fd%2FB0G4SSP8BH%3Fpd_rd_plhdr%3Dt%26hsa_cr_id%3D0%26qid%3D1790837404%26sr%3D1-3-5a5562f9-fdfd-4101-9f9d-d76aa9998432%26i%3Daps%26aref%3DdFupMVzJWi&ref_=sbx__sbtcd2_asin_2_bkgd&pd_rd_w=Q8i27&content-id=amzn1.sym.90f77631-9599-4fe0-95f8-a40adfe1c762%3Aamzn1.sym.90f77631-9599-4fe0-95f8-a40adfe1c762&pf_rd_p=90f77631-9599-4fe0-95f8-a40adfe1c762&pf_rd_r=DY38HEXSPFNPTE7PT79M&pd_rd_wg=L32wK&pd_rd_r=5cfc1061-bb7a-4b34-8d54-e0f5434a7804,"https://m.media-amazon.com/images/I/71FryBXjO+L._AC_SR322,134_CB1169409_QL70_.jpg",55,排名进入前30；价格处于人民币等值¥180.00-¥288.00区间；标题包含 comfort，符合美国女鞋舒适化趋势；评分达到4.0以上。
2026-10-01,amazon_us,product,search,women slides,48,Arch Support Slides for Women and Men Recovery House Sandals for Men Soft and Comfortable Summer Beach Shoes Slippers Women,¥71.93,3.8,"Price, product page $9.99 $ 9 . 99",,,,,,https://www.amazon.com/SKETOE-Support-Recovery-Comfortable-Slippers/dp/B0GLF1516G/ref=sr_1_37?dib=eyJ2IjoiMSJ9._15A5a1ahvFQhpFGdv4ULe5ISCpT-qDImHOl_nO4JUk4x0xijIbmadlGqVZf6iI8JFU_rW53NzF0E1Vwj2lqQW_AbLENyt7dhf1Mppl-Rw7fpScQF9WsbO0NOiYMuT_S5cV_Di2TYzZg4Azm2gJe9te4mCnjngwF7nkASm53F0OZWO1VBV92hxce3l9pIr0_0PIURqH0SevWULwaySp1-ajb5CaAxYfebsOJwOnwWAR8vXDgNazK0sKNdTZ4eyAeDP8QW51xqQhx9irQc65ilN3163pski5PR2c3PZPaABg.xe_nWg03AiwModxcHM79_0-vKHTvSeagRlLZrEZpPdo&dib_tag=se&keywords=women+slides&qid=1790837405&sr=8-37,https://m.media-amazon.com/images/I/81ECHpu6ZvL._AC_UL320_.jpg,55,排名进入前50；价格处于人民币等值¥57.60-¥180.00黄金区间；标题包含 recovery、comfort、arch support、soft、beach、summer，符合美国女鞋舒适化趋势。
2026-10-01,amazon_us,product,search,platform sandals women,7,Crocs,¥359.64,4.5,Crocs,,,,,,https://www.amazon.com/Crocs-Womens-Brooklyn-Cashew-Medium/dp/B0FKTRTGWW/ref=sr_1_1?dib=eyJ2IjoiMSJ9.7DUZCoJhebTlfAwJI31eoU2azv5q_oq9mB7AlJ8T4zpb01vuk-bYzZiI1c0Q2aycV4hNt8GmThNVs44ew3S4hFYbD1PpmbDzFnoZ91fJLaF2ILeS2YajK4H7FM3A-PQnlErhCnGFY8CLsC17C_lZhNDdjzDfeMA7PK2JyAOFZL5iSk5xGBycIe1royLq3YPuyK9KH5aVVj-MUo1gJ-X0bE0JgHK9WLdAff6dbcNW4LoopCa4pBsRXC9zy-y_U4siYJVkPgMCBdPmTMzVHY-3kaVIIQqAZnTTODZOyk9rJbU.MJ-W_hUFo0CooSsTKHmovPRtYgSuefrkAXuWLZS1Pyg&dib_tag=se&keywords=platform+sandals+women&qid=1790837405&sr=8-1,https://m.media-amazon.com/images/I/71q74-BOFGL._AC_UL320_.jpg,55,排名靠前；价格高于人民币等值¥288.00；评分达到4.3以上。
2026-10-01,amazon_us,product,best_sellers,Best Sellers Women Sandals,18,"Archies Arch Support Flip Flops for Men & Women – Orthotic Sandals for Plantar Fasciitis Relief – Lightweight, Cushioning, Shock-Absorbing Thong Sandals for Walking, Foot Pain & All-Day Comfort",,4.3,$40.00,,,,,,https://www.amazon.com/Archies-Womens-Arch-Support-Black/dp/B086SYFKLP/ref=zg_bs_g_679425011_d_sccl_18/143-7594341-1211448?psc=1,"https://images-na.ssl-images-amazon.com/images/I/81xintmVcHL._AC_UL600_SR600,400_.jpg",54,排名进入前30；标题包含 comfort、arch support，符合美国女鞋舒适化趋势；评分达到4.3以上。
2026-10-01,amazon_us,product,best_sellers,Best Sellers Women Sandals,47,"CUSHIONAIRE Feather EVA Slides for Women – Comfortable Slip On Womens Slippers, Indoor Outdoor Shower Shoes, Beach Essential Cloud Slides",,4.4,$26.99,,,,,,https://www.amazon.com/Cushionaire-Womens-Feather-recovery-Comfort/dp/B094TD7Z1K/ref=zg_bs_g_679425011_d_sccl_47/143-7594341-1211448?psc=1,"https://images-na.ssl-images-amazon.com/images/I/817PhiYQjLL._AC_UL300_SR300,200_.jpg",54,排名进入前50；标题包含 cloud、comfort、beach，符合美国女鞋舒适化趋势；cloud + slides组合趋势加分；评分达到4.3以上。
2026-10-01,amazon_us,product,search,women summer slippers,18,Dearfoams,¥115.13,4.2,Dearfoams,,,,,,https://www.amazon.com/Dearfoam-Womens-Beatrice-Microfiber-Quilted/dp/B01MR5FQXU/ref=sr_1_7?dib=eyJ2IjoiMSJ9.mENb4kbb2DDwdhADjf6v-UqLvPaXeVFqbQI2pNI9M-Sicx_ifsRFApQrHIr12eLlScEETW0RXPPHJolNN0AEuGQMdSCjfaCv99R1_epmprVO6je9GuFAOR68GFvOAGKyJZ-_0Yln3sQWdpvj2M3XtkG-Z4OR_azbld4V2nfzqd9a9LcqTlT2j4GsodsANPVuzj7LrCQ-JpXAK4-A1VJRpPyGEcF9AhIx-CYgv25glIqjLkwlK_DBAn17K9PiYcRXux5AsTeLobb001VqHugi0YHS4EvxKXra-wXmBhTKdZs.FV6ZMFBHvvQ8mjcgdNhd8W_RYDKvnsykrYnvEx8Knvs&dib_tag=se&keywords=women+summer+slippers&qid=1790837404&sr=8-7,https://m.media-amazon.com/images/I/61YDnLJiKCL._AC_UL320_.jpg,54,排名进入前30；价格处于人民币等值¥57.60-¥180.00黄金区间；评分达到4.0以上。
2026-10-01,amazon_us,product,search,women summer slippers,28,FRALOSHA,¥68.33,4.2,FRALOSHA,,,,,,https://www.amazon.com/FRALOSHA-Slippers-Breathable-Outdoor-Sandals/dp/B07FSG6P3M/ref=sr_1_17?dib=eyJ2IjoiMSJ9.mENb4kbb2DDwdhADjf6v-UqLvPaXeVFqbQI2pNI9M-Sicx_ifsRFApQrHIr12eLlScEETW0RXPPHJolNN0AEuGQMdSCjfaCv99R1_epmprVO6je9GuFAOR68GFvOAGKyJZ-_0Yln3sQWdpvj2M3XtkG-Z4OR_azbld4V2nfzqd9a9LcqTlT2j4GsodsANPVuzj7LrCQ-JpXAK4-A1VJRpPyGEcF9AhIx-CYgv25glIqjLkwlK_DBAn17K9PiYcRXux5AsTeLobb001VqHugi0YHS4EvxKXra-wXmBhTKdZs.FV6ZMFBHvvQ8mjcgdNhd8W_RYDKvnsykrYnvEx8Knvs&dib_tag=se&keywords=women+summer+slippers&qid=1790837404&sr=8-17,https://m.media-amazon.com/images/I/810Hfh0qwIL._AC_UL320_.jpg,54,排名进入前30；价格处于人民币等值¥57.60-¥180.00黄金区间；评分达到4.0以上。
2026-10-01,amazon_us,product,search,women slides,22,Leevar,¥86.11,4.2,Leevar,,,,,,https://www.amazon.com/Leevar-Slippers-Non-slip-Swimming-Footwear/dp/B09YCLK5DG/ref=sr_1_11?dib=eyJ2IjoiMSJ9._15A5a1ahvFQhpFGdv4ULe5ISCpT-qDImHOl_nO4JUk4x0xijIbmadlGqVZf6iI8JFU_rW53NzF0E1Vwj2lqQW_AbLENyt7dhf1Mppl-Rw7fpScQF9WsbO0NOiYMuT_S5cV_Di2TYzZg4Azm2gJe9te4mCnjngwF7nkASm53F0OZWO1VBV92hxce3l9pIr0_0PIURqH0SevWULwaySp1-ajb5CaAxYfebsOJwOnwWAR8vXDgNazK0sKNdTZ4eyAeDP8QW51xqQhx9irQc65ilN3163pski5PR2c3PZPaABg.xe_nWg03AiwModxcHM79_0-vKHTvSeagRlLZrEZpPdo&dib_tag=se&keywords=women+slides&qid=1790837405&sr=8-11,https://m.media-amazon.com/images/I/71Epw-42KBL._AC_UL320_.jpg,54,排名进入前30；价格处于人民币等值¥57.60-¥180.00黄金区间；评分达到4.0以上。
2026-10-01,amazon_us,product,search,women slides,30,Dirk,¥71.93,4.2,Dirk,,,,,,https://www.amazon.com/Dirk-Slides-Sandals-Slippers-Cushioned/dp/B0B7RLKV2S/ref=sr_1_19?dib=eyJ2IjoiMSJ9._15A5a1ahvFQhpFGdv4ULe5ISCpT-qDImHOl_nO4JUk4x0xijIbmadlGqVZf6iI8JFU_rW53NzF0E1Vwj2lqQW_AbLENyt7dhf1Mppl-Rw7fpScQF9WsbO0NOiYMuT_S5cV_Di2TYzZg4Azm2gJe9te4mCnjngwF7nkASm53F0OZWO1VBV92hxce3l9pIr0_0PIURqH0SevWULwaySp1-ajb5CaAxYfebsOJwOnwWAR8vXDgNazK0sKNdTZ4eyAeDP8QW51xqQhx9irQc65ilN3163pski5PR2c3PZPaABg.xe_nWg03AiwModxcHM79_0-vKHTvSeagRlLZrEZpPdo&dib_tag=se&keywords=women+slides&qid=1790837405&sr=8-19,https://m.media-amazon.com/images/I/515Hu5Wef6L._AC_UL320_.jpg,54,排名进入前30；价格处于人民币等值¥57.60-¥180.00黄金区间；评分达到4.0以上。
2026-10-01,amazon_us,product,search,platform sandals women,19,Vilanva,¥129.53,4.0,Vilanva,,,,,,https://www.amazon.com/Vilanva-Platform-Lightweight-Comfortable-Non-Slip/dp/B0GH6HQ54N/ref=sr_1_6?dib=eyJ2IjoiMSJ9.7DUZCoJhebTlfAwJI31eoU2azv5q_oq9mB7AlJ8T4zpb01vuk-bYzZiI1c0Q2aycV4hNt8GmThNVs44ew3S4hFYbD1PpmbDzFnoZ91fJLaF2ILeS2YajK4H7FM3A-PQnlErhCnGFY8CLsC17C_lZhNDdjzDfeMA7PK2JyAOFZL5iSk5xGBycIe1royLq3YPuyK9KH5aVVj-MUo1gJ-X0bE0JgHK9WLdAff6dbcNW4LoopCa4pBsRXC9zy-y_U4siYJVkPgMCBdPmTMzVHY-3kaVIIQqAZnTTODZOyk9rJbU.MJ-W_hUFo0CooSsTKHmovPRtYgSuefrkAXuWLZS1Pyg&dib_tag=se&keywords=platform+sandals+women&qid=1790837405&sr=8-6,https://m.media-amazon.com/images/I/71Rd9P48eZL._AC_UL320_.jpg,54,排名进入前30；价格处于人民币等值¥57.60-¥180.00黄金区间；评分达到4.0以上。
2026-10-01,amazon_us,product,search,platform sandals women,24,Monrovia,¥143.93,4.1,Monrovia,,,,,,https://www.amazon.com/Monrovia-Platform-Espadrilles-Vacation-Comfortable/dp/B0FJS1R2ZG/ref=sr_1_11?dib=eyJ2IjoiMSJ9.7DUZCoJhebTlfAwJI31eoU2azv5q_oq9mB7AlJ8T4zpb01vuk-bYzZiI1c0Q2aycV4hNt8GmThNVs44ew3S4hFYbD1PpmbDzFnoZ91fJLaF2ILeS2YajK4H7FM3A-PQnlErhCnGFY8CLsC17C_lZhNDdjzDfeMA7PK2JyAOFZL5iSk5xGBycIe1royLq3YPuyK9KH5aVVj-MUo1gJ-X0bE0JgHK9WLdAff6dbcNW4LoopCa4pBsRXC9zy-y_U4siYJVkPgMCBdPmTMzVHY-3kaVIIQqAZnTTODZOyk9rJbU.MJ-W_hUFo0CooSsTKHmovPRtYgSuefrkAXuWLZS1Pyg&dib_tag=se&keywords=platform+sandals+women&qid=1790837405&sr=8-11,https://m.media-amazon.com/images/I/61s1n98EyYL._AC_UL320_.jpg,54,排名进入前30；价格处于人民币等值¥57.60-¥180.00黄金区间；评分达到4.0以上。
2026-10-01,amazon_us,product,search,platform sandals women,25,Athlefit,¥122.33,4.0,Athlefit,,,,,,https://www.amazon.com/Athlefit-Espadrilles-Sandals-Studded-Platform/dp/B083NZVCQH/ref=sr_1_12?dib=eyJ2IjoiMSJ9.7DUZCoJhebTlfAwJI31eoU2azv5q_oq9mB7AlJ8T4zpb01vuk-bYzZiI1c0Q2aycV4hNt8GmThNVs44ew3S4hFYbD1PpmbDzFnoZ91fJLaF2ILeS2YajK4H7FM3A-PQnlErhCnGFY8CLsC17C_lZhNDdjzDfeMA7PK2JyAOFZL5iSk5xGBycIe1royLq3YPuyK9KH5aVVj-MUo1gJ-X0bE0JgHK9WLdAff6dbcNW4LoopCa4pBsRXC9zy-y_U4siYJVkPgMCBdPmTMzVHY-3kaVIIQqAZnTTODZOyk9rJbU.MJ-W_hUFo0CooSsTKHmovPRtYgSuefrkAXuWLZS1Pyg&dib_tag=se&keywords=platform+sandals+women&qid=1790837405&sr=8-12,https://m.media-amazon.com/images/I/71PoCinhRsL._AC_UL320_.jpg,54,排名进入前30；价格处于人民币等值¥57.60-¥180.00黄金区间；评分达到4.0以上。
2026-10-01,amazon_us,product,search,platform sandals women,30,YUHITYGZGS,¥136.73,4.2,YUHITYGZGS,,,,,,https://www.amazon.com/YUHITYGZGS-Platform-Sandals-Footbed-Lightweight/dp/B0F991QX1S/ref=sr_1_17?dib=eyJ2IjoiMSJ9.7DUZCoJhebTlfAwJI31eoU2azv5q_oq9mB7AlJ8T4zpb01vuk-bYzZiI1c0Q2aycV4hNt8GmThNVs44ew3S4hFYbD1PpmbDzFnoZ91fJLaF2ILeS2YajK4H7FM3A-PQnlErhCnGFY8CLsC17C_lZhNDdjzDfeMA7PK2JyAOFZL5iSk5xGBycIe1royLq3YPuyK9KH5aVVj-MUo1gJ-X0bE0JgHK9WLdAff6dbcNW4LoopCa4pBsRXC9zy-y_U4siYJVkPgMCBdPmTMzVHY-3kaVIIQqAZnTTODZOyk9rJbU.MJ-W_hUFo0CooSsTKHmovPRtYgSuefrkAXuWLZS1Pyg&dib_tag=se&keywords=platform+sandals+women&qid=1790837405&sr=8-17,https://m.media-amazon.com/images/I/71Bo+e1NKLL._AC_UL320_.jpg,54,排名进入前30；价格处于人民币等值¥57.60-¥180.00黄金区间；评分达到4.0以上。
2026-10-01,amazon_us,product,search,women slides,33,Womens Comfortable Beach Sandals Waterproof Pool Eva Slides,¥71.93,4.0,100+ bought in past month,,,,,,https://www.amazon.com/SUITSER-Womens-Comfortable-Sandals-Waterproof/dp/B0H14F4G37/ref=sr_1_22?dib=eyJ2IjoiMSJ9._15A5a1ahvFQhpFGdv4ULe5ISCpT-qDImHOl_nO4JUk4x0xijIbmadlGqVZf6iI8JFU_rW53NzF0E1Vwj2lqQW_AbLENyt7dhf1Mppl-Rw7fpScQF9WsbO0NOiYMuT_S5cV_Di2TYzZg4Azm2gJe9te4mCnjngwF7nkASm53F0OZWO1VBV92hxce3l9pIr0_0PIURqH0SevWULwaySp1-ajb5CaAxYfebsOJwOnwWAR8vXDgNazK0sKNdTZ4eyAeDP8QW51xqQhx9irQc65ilN3163pski5PR2c3PZPaABg.xe_nWg03AiwModxcHM79_0-vKHTvSeagRlLZrEZpPdo&dib_tag=se&keywords=women+slides&qid=1790837405&sr=8-22,https://m.media-amazon.com/images/I/71IwB6FPJSL._AC_UL320_.jpg,53,排名进入前50；评论数达到50以上；价格处于人民币等值¥57.60-¥180.00黄金区间；标题包含 comfort、beach，符合美国女鞋舒适化趋势；评分达到4.0以上。
2026-10-01,amazon_us,product,best_sellers,Best Sellers Women Sandals,4,"Amazon Essentials Women's Two Strap Heeled Sandals with Adjustable Ankle Strap, Padded Memory Foam Insole",,4.4,$14.11,,,,,,https://www.amazon.com/Amazon-Essentials-Womens-Nola-Heeled/dp/B08LPV277H/ref=zg_bs_g_679425011_d_sccl_4/143-7594341-1211448?psc=1,"https://images-na.ssl-images-amazon.com/images/I/71DEyvdnHNL._AC_UL600_SR600,400_.jpg",52,排名靠前；评分达到4.3以上。
2026-10-01,amazon_us,product,new_releases,New Releases Women Sandals,8,IDAWIVI Women's Heeled Sandals Square Open Toe Strappy Heels Wedding Party | Stiletto Heels with Ankle Strap Night Out Prom Graduation Dress Shoes,,4.5,$29.99,,,,,,https://www.amazon.com/IDAWIVI-Sandals-Strappy-Stiletto-Wedding/dp/B0H4FQW83S/ref=zg_bsnr_g_679425011_d_sccl_8/145-4466855-1173528?psc=1,"https://images-na.ssl-images-amazon.com/images/I/615OQKjKfZL._AC_UL600_SR600,400_.jpg",52,排名靠前；评分达到4.3以上。
2026-10-01,amazon_us,product,search,women summer slippers,11,GOEWY,¥194.33,4.4,GOEWY,,,,,,https://www.amazon.com/sspa/click?ie=UTF8&spc=MToxNTg3MDg0MTA0Mjg5MjA0OjE3OTA4Mzc0MDQ6c3Bfc2VhcmNoX3RoZW1hdGljOjMwMTQwMzI4NjUyMTcwMjo6NDo6&url=%2FGOEWY-Womens-Open-Memory-Slippers%2Fdp%2FB0GHDDFVHG%2Fref%3Dsxin_15_pa_sp_search_thematic_sspa%3Fcontent-id%3Damzn1.sym.befd5ae9-64c6-40e0-90f2-45ad7003b71b%253Aamzn1.sym.befd5ae9-64c6-40e0-90f2-45ad7003b71b%26cv_ct_cx%3Dwomen%2Bsummer%2Bslippers%26keywords%3Dwomen%2Bsummer%2Bslippers%26pd_rd_i%3DB0GHDDFVHG%26pd_rd_r%3D5cfc1061-bb7a-4b34-8d54-e0f5434a7804%26pd_rd_w%3DaCiCD%26pd_rd_wg%3DL32wK%26pf_rd_p%3Dbefd5ae9-64c6-40e0-90f2-45ad7003b71b%26pf_rd_r%3DDY38HEXSPFNPTE7PT79M%26qid%3D1790837404%26sbo%3DRZvfv%252F%252FHxDF%252BO5021pAnSA%253D%253D%26sr%3D1-5-7efdef4d-9875-47e1-927f-8c2c1c47ed49-spons%26aref%3DQiN6Iw865I%26sp_csd%3Dd2lkZ2V0TmFtZT1zcF9zZWFyY2hfdGhlbWF0aWM%26psc%3D1&aref=QiN6Iw865I,https://m.media-amazon.com/images/I/61Fn5tYZe+L._AC_UL320_.jpg,52,排名进入前30；价格处于人民币等值¥180.00-¥288.00区间；评分达到4.3以上。
2026-10-01,amazon_us,product,search,women slides,25,CUSHIONAIRE,¥194.33,4.4,CUSHIONAIRE,,,,,,https://www.amazon.com/CUSHIONAIRE-Womens-Feather-recovery-Comfort/dp/B0BTQ7ZS7B/ref=sr_1_14?dib=eyJ2IjoiMSJ9._15A5a1ahvFQhpFGdv4ULe5ISCpT-qDImHOl_nO4JUk4x0xijIbmadlGqVZf6iI8JFU_rW53NzF0E1Vwj2lqQW_AbLENyt7dhf1Mppl-Rw7fpScQF9WsbO0NOiYMuT_S5cV_Di2TYzZg4Azm2gJe9te4mCnjngwF7nkASm53F0OZWO1VBV92hxce3l9pIr0_0PIURqH0SevWULwaySp1-ajb5CaAxYfebsOJwOnwWAR8vXDgNazK0sKNdTZ4eyAeDP8QW51xqQhx9irQc65ilN3163pski5PR2c3PZPaABg.xe_nWg03AiwModxcHM79_0-vKHTvSeagRlLZrEZpPdo&dib_tag=se&keywords=women+slides&qid=1790837405&sr=8-14,https://m.media-amazon.com/images/I/81PBXKFp76L._AC_UL320_.jpg,52,排名进入前30；价格处于人民币等值¥180.00-¥288.00区间；评分达到4.3以上。
2026-10-01,amazon_us,product,search,women slides,26,Nike,¥266.40,4.5,Nike,,,,,,https://www.amazon.com/Nike-Womens-Gymnastics-White-Black/dp/B08Q8RRJ5H/ref=sr_1_15?dib=eyJ2IjoiMSJ9._15A5a1ahvFQhpFGdv4ULe5ISCpT-qDImHOl_nO4JUk4x0xijIbmadlGqVZf6iI8JFU_rW53NzF0E1Vwj2lqQW_AbLENyt7dhf1Mppl-Rw7fpScQF9WsbO0NOiYMuT_S5cV_Di2TYzZg4Azm2gJe9te4mCnjngwF7nkASm53F0OZWO1VBV92hxce3l9pIr0_0PIURqH0SevWULwaySp1-ajb5CaAxYfebsOJwOnwWAR8vXDgNazK0sKNdTZ4eyAeDP8QW51xqQhx9irQc65ilN3163pski5PR2c3PZPaABg.xe_nWg03AiwModxcHM79_0-vKHTvSeagRlLZrEZpPdo&dib_tag=se&keywords=women+slides&qid=1790837405&sr=8-15,https://m.media-amazon.com/images/I/5190AloUtsL._AC_UL320_.jpg,52,排名进入前30；价格处于人民币等值¥180.00-¥288.00区间；评分达到4.3以上。
2026-10-01,amazon_us,product,search,women slides,28,ODOLY,¥194.33,4.5,ODOLY,,,,,,https://www.amazon.com/ODOLY-Footbed-Leather-Comfort-Support/dp/B0CL4XJCJW/ref=sr_1_17?dib=eyJ2IjoiMSJ9._15A5a1ahvFQhpFGdv4ULe5ISCpT-qDImHOl_nO4JUk4x0xijIbmadlGqVZf6iI8JFU_rW53NzF0E1Vwj2lqQW_AbLENyt7dhf1Mppl-Rw7fpScQF9WsbO0NOiYMuT_S5cV_Di2TYzZg4Azm2gJe9te4mCnjngwF7nkASm53F0OZWO1VBV92hxce3l9pIr0_0PIURqH0SevWULwaySp1-ajb5CaAxYfebsOJwOnwWAR8vXDgNazK0sKNdTZ4eyAeDP8QW51xqQhx9irQc65ilN3163pski5PR2c3PZPaABg.xe_nWg03AiwModxcHM79_0-vKHTvSeagRlLZrEZpPdo&dib_tag=se&keywords=women+slides&qid=1790837405&sr=8-17,https://m.media-amazon.com/images/I/81DkW0S8uYL._AC_UL320_.jpg,52,排名进入前30；价格处于人民币等值¥180.00-¥288.00区间；评分达到4.3以上。
2026-10-01,amazon_us,product,search,platform sandals women,11,Crocs Women's Miami Toe Loop Sandals | Square Toe Flat | Flexible Straps | Croslite Foam Footbed Crocs Women's Miami Toe Loop Sandals | Square Toe Flat | Flexible Straps | Croslite Foam Footbed,¥201.53,4.5,4.5,,,,,,https://sponsored-ads.amazon.com/clk/?_encoding=UTF8&p=eAFVUMuK01AYpg7qEMcLXYxQdxW7qJzkJE2aphIkNzuhnfQ-jN0cTnJO0jhtkp6TsaOLLgTfQHClS9eCj-Az-CKuXAp2RPxWH3yX_-cTosNP73_9uFW9a83ORm7f759D15vUK3LzOKZZeoV626enfPSG6qF7ghNV6h6_Wk5EYzHqRDbbnIfB2UWmau54ckcVZU0T5ZYqwsWNqR0eWt7sxJv40-pD4Tah_KLMi-rRPJh4zrAX-AvPrX2rCI-vFcQpZtESFZRF-QqXFKXZKs0oCsu4KuA1fptnYpSva494CKIV5jyNwD4D9k5QyPWbNEPzaVPjISiXdE0JiPLVikZlmmfgtQKuj4EIM8JBgdOspAxEeVbSrFSe2BMrcJEzHAw8Z-YPgynyg4EfeGjgn3nI9ab92XBUbwsV-ODLz3dfP393a_f-Vu6fqN9XIISGpnfaWge2dVk5mE_d7oEzcpr96jPXtpzihQ90a2dv9kisnT1moZ2n1v_Y2cnOHu9s6w9JakdO4l31LC9hG5UqHyvCh8qyLAvelaTtdiv-m0hKCglvJSLZ0FWCcV97KT8vCGIEFaslYWbZWHKMIoZSYsLGJiWmrBuw09JVqDU4M2WgAA1rWluJDRCTmABVhjIwYoMAorcxNgyjo7aURmrigjcwo7GpLSC9vDzlDP4GN-68Ag&v=c1&r=https%3A%2F%2Fwww.amazon.com%2Fgp%2Faw%2Fd%2FB0D2NQK5Y1%3Fpd_rd_plhdr%3Dt%26hsa_cr_id%3D0%26qid%3D1790837405%26sr%3D1-2-5a5562f9-fdfd-4101-9f9d-d76aa9998432%26i%3Daps%26aref%3D5Z0euuMsr0&ref_=sbx__sbtcd2_asin_1_bkgd&pd_rd_w=mgLpR&content-id=amzn1.sym.90f77631-9599-4fe0-95f8-a40adfe1c762%3Aamzn1.sym.90f77631-9599-4fe0-95f8-a40adfe1c762&pf_rd_p=90f77631-9599-4fe0-95f8-a40adfe1c762&pf_rd_r=CXAPW3Z3K2F64X43B4FZ&pd_rd_wg=Uz5ip&pd_rd_r=7e7e20c8-c25e-44d7-b62e-605d846e438b,"https://m.media-amazon.com/images/I/41ONvkS7wYL._AC_SR322,134_CB1169409_QL70_.jpg",52,排名进入前30；价格处于人民币等值¥180.00-¥288.00区间；评分达到4.3以上。
2026-10-01,amazon_us,product,search,platform sandals women,20,DREAM PAIRS,¥244.73,4.4,DREAM PAIRS,,,,,,https://www.amazon.com/DREAM-PAIRS-Lightweight-Comfortable-Adjustable/dp/B0CNCLDB9P/ref=sr_1_7?dib=eyJ2IjoiMSJ9.7DUZCoJhebTlfAwJI31eoU2azv5q_oq9mB7AlJ8T4zpb01vuk-bYzZiI1c0Q2aycV4hNt8GmThNVs44ew3S4hFYbD1PpmbDzFnoZ91fJLaF2ILeS2YajK4H7FM3A-PQnlErhCnGFY8CLsC17C_lZhNDdjzDfeMA7PK2JyAOFZL5iSk5xGBycIe1royLq3YPuyK9KH5aVVj-MUo1gJ-X0bE0JgHK9WLdAff6dbcNW4LoopCa4pBsRXC9zy-y_U4siYJVkPgMCBdPmTMzVHY-3kaVIIQqAZnTTODZOyk9rJbU.MJ-W_hUFo0CooSsTKHmovPRtYgSuefrkAXuWLZS1Pyg&dib_tag=se&keywords=platform+sandals+women&qid=1790837405&sr=8-7,https://m.media-amazon.com/images/I/61XHiZMaOcL._AC_UL320_.jpg,52,排名进入前30；价格处于人民币等值¥180.00-¥288.00区间；评分达到4.3以上。
2026-10-01,amazon_us,product,search,platform sandals women,21,REEF,¥250.78,4.3,REEF,,,,,,https://www.amazon.com/Reef-Womens-Cushion-Vista-Hi/dp/B09K8WMWN6/ref=sr_1_8?dib=eyJ2IjoiMSJ9.7DUZCoJhebTlfAwJI31eoU2azv5q_oq9mB7AlJ8T4zpb01vuk-bYzZiI1c0Q2aycV4hNt8GmThNVs44ew3S4hFYbD1PpmbDzFnoZ91fJLaF2ILeS2YajK4H7FM3A-PQnlErhCnGFY8CLsC17C_lZhNDdjzDfeMA7PK2JyAOFZL5iSk5xGBycIe1royLq3YPuyK9KH5aVVj-MUo1gJ-X0bE0JgHK9WLdAff6dbcNW4LoopCa4pBsRXC9zy-y_U4siYJVkPgMCBdPmTMzVHY-3kaVIIQqAZnTTODZOyk9rJbU.MJ-W_hUFo0CooSsTKHmovPRtYgSuefrkAXuWLZS1Pyg&dib_tag=se&keywords=platform+sandals+women&qid=1790837405&sr=8-8,https://m.media-amazon.com/images/I/61wij8MIiAL._AC_UL320_.jpg,52,排名进入前30；价格处于人民币等值¥180.00-¥288.00区间；评分达到4.3以上。
2026-10-01,amazon_us,product,best_sellers,Best Sellers Women Sandals,44,Project Cloud 100% Genuine Leather Womens Sandals Slides for Women Flats | Cork Footbed Sandals for Women with Memory Foam and Arch Support Vacation Essentials Slides Women Footwear Flat Sandals,,4.3,$32.90,,,,,,https://www.amazon.com/Genuine-Leather-Womens-Sandals-Everyday/dp/B0D1RKKCH8/ref=zg_bs_g_679425011_d_sccl_44/143-7594341-1211448?psc=1,"https://images-na.ssl-images-amazon.com/images/I/91FN+pG6RHL._AC_UL300_SR300,200_.jpg",51,排名进入前50；标题包含 cloud、arch support，符合美国女鞋舒适化趋势；cloud + slides组合趋势加分；评分达到4.3以上。
2026-10-01,amazon_us,product,new_releases,New Releases Women Sandals,6,threepurple Women's Non-Slip Flip Flops Ultra Lightweight Basic Thongs Rubber Soft Slide Slip-on Shoes Beach Pool Shower Sandals,,3.9,$7.99,,,,,,https://www.amazon.com/threepurple-Womens-Non-Slip-Lightweight-Sandals/dp/B0HB8ZZ2YB/ref=zg_bsnr_g_679425011_d_sccl_6/145-4466855-1173528?psc=1,"https://images-na.ssl-images-amazon.com/images/I/71-qSzOW17L._AC_UL600_SR600,400_.jpg",51,排名靠前；标题包含 soft、beach，符合美国女鞋舒适化趋势。
2026-10-01,amazon_us,product,new_releases,New Releases Women Sandals,7,"mazeskin Womens Jelly Flats Lattice Ballet Sandals Shoes | Summer Water-Friendly,Pointed Toe Breathable,Lightweight Flexible Woven,Beach Vacation Travel Pool",,3.8,$13.99,,,,,,https://www.amazon.com/mazeskin-Womens-Lattice-Ballet-Sandals/dp/B0H8Y24RR6/ref=zg_bsnr_g_679425011_d_sccl_7/145-4466855-1173528?psc=1,"https://images-na.ssl-images-amazon.com/images/I/71ixO5QqFYL._AC_UL600_SR600,400_.jpg",51,排名靠前；标题包含 beach、summer，符合美国女鞋舒适化趋势。
2026-10-01,amazon_us,product,new_releases,New Releases Women Sandals,15,"CUSHIONAIRE Mona Slip-On Lightweight Womens Sandals, Comfortable Wedge Flip Flops for Women with Crossover Strap",,4.4,$49.99,,,,,,https://www.amazon.com/CUSHIONAIRE-Lightweight-Sandals-Comfortable-Crossover/dp/B0H9B7SNL7/ref=zg_bsnr_g_679425011_d_sccl_15/145-4466855-1173528?psc=1,"https://images-na.ssl-images-amazon.com/images/I/710k2uicqiL._AC_UL600_SR600,400_.jpg",51,排名进入前30；标题包含 comfort、wedge，符合美国女鞋舒适化趋势；评分达到4.3以上。
2026-10-01,amazon_us,product,new_releases,New Releases Women Sandals,29,RJYLP Jelly Sandals for Women Clear Sandals Jelly Shoes Women Kitten Heel Mules Open Toe Slide Pumps Dress Shoes Beach Summer Sandal Cute Comfortable,,4.2,$44.99,,,,,,https://www.amazon.com/RJYLP-Sandals-Kitten-Summer-Comfortable/dp/B0H8X3YPPN/ref=zg_bsnr_g_679425011_d_sccl_29/145-4466855-1173528?psc=1,"https://images-na.ssl-images-amazon.com/images/I/614JcEHq9rL._AC_UL600_SR600,400_.jpg",51,排名进入前30；标题包含 comfort、beach、summer，符合美国女鞋舒适化趋势；评分达到4.0以上。
2026-10-01,amazon_us,product,new_releases,New Releases Women Sandals,16,"Ankis Women’s Open Toe Ankle Strap Platform Block Heel Sandals Shoes | Crossover Front Strap Platform Sandals, Ankle Strap with Buckle, Chunky Block High Heels, Wedding Party Dress Heels for Women",,4.5,$41.99,,,,,,https://www.amazon.com/Ankis-Womens-Ankle-Platform-Sandals/dp/B0GXV8ZZWM/ref=zg_bsnr_g_679425011_d_sccl_16/145-4466855-1173528?psc=1,"https://images-na.ssl-images-amazon.com/images/I/61TVfZDiRKL._AC_UL600_SR600,400_.jpg",50,排名进入前30；标题包含 platform，符合美国女鞋舒适化趋势；评分达到4.3以上。
2026-10-01,amazon_us,product,new_releases,New Releases Women Sandals,31,Project Cloud Platform Sandals Women - Wedge Sandals for Women 2026 (Silly) | Womens Sandals Comfortable with Soft & Plush Insole - Non Slip Beach Essentials Womens Slide - Stylish Women Footwear,,3.7,$39.90,,,,,,https://www.amazon.com/Project-Cloud-Platform-Sandals-Women/dp/B0H27BLYKS/ref=zg_bsnr_g_679425011_d_sccl_31/143-7594341-1211448?psc=1,"https://images-na.ssl-images-amazon.com/images/I/71lcJ5wbS4L._AC_UL300_SR300,200_.jpg",50,排名进入前50；标题包含 cloud、platform、comfort、soft、beach、wedge，符合美国女鞋舒适化趋势；platform + comfort组合趋势加分。
2026-10-01,amazon_us,product,best_sellers,Best Sellers Women Sandals,10,"CUSHIONAIRE Java Casual Womens Jelly Flats with Adjustable Strap, Closed Toe Mary Janes Mule Design, Waterproof Jelly Sandals for Women",,4.2,$34.99,,,,,,https://www.amazon.com/CUSHIONAIRE-Adjustable-Waterproof-Sandals-Chocolate/dp/B0H4MLLC32/ref=zg_bs_g_679425011_d_sccl_10/143-7594341-1211448?psc=1,"https://images-na.ssl-images-amazon.com/images/I/81iCqxPUX6L._AC_UL600_SR600,400_.jpg",49,排名靠前；评分达到4.0以上。
2026-10-01,amazon_us,product,new_releases,New Releases Women Sandals,1,DREAM PAIRS Women's Slingback kitten Heeled Sandals | Square Toe Dress Heels for Party Wedding,,4.0,$45.99,,,,,,https://www.amazon.com/DREAM-PAIRS-Womens-Slingback-Sandals/dp/B0H8S94YCT/ref=zg_bsnr_g_679425011_d_sccl_1/145-4466855-1173528?psc=1,"https://images-na.ssl-images-amazon.com/images/I/71s9ROaphnL._AC_UL600_SR600,400_.jpg",49,排名靠前；评分达到4.0以上。
2026-10-01,amazon_us,product,new_releases,New Releases Women Sandals,2,CUSHIONAIRE Toots Thong Strap Jelly Sandals for Women with Low Block Heel,,4.1,$39.99,,,,,,https://www.amazon.com/CUSHIONAIRE-Toots-Thong-Sandals-TORTOISE/dp/B0HB6R34PX/ref=zg_bsnr_g_679425011_d_sccl_2/145-4466855-1173528?psc=1,"https://images-na.ssl-images-amazon.com/images/I/71I1E9EQjlL._AC_UL600_SR600,400_.jpg",49,排名靠前；评分达到4.0以上。
2026-10-01,amazon_us,product,search,women summer slippers,27,Dearfoams,¥194.40,4.2,Dearfoams,,,,,,https://www.amazon.com/Dearfoams-Womens-Melanie-Terry-Slipper/dp/B0CJ9QKQZ7/ref=sr_1_16?dib=eyJ2IjoiMSJ9.mENb4kbb2DDwdhADjf6v-UqLvPaXeVFqbQI2pNI9M-Sicx_ifsRFApQrHIr12eLlScEETW0RXPPHJolNN0AEuGQMdSCjfaCv99R1_epmprVO6je9GuFAOR68GFvOAGKyJZ-_0Yln3sQWdpvj2M3XtkG-Z4OR_azbld4V2nfzqd9a9LcqTlT2j4GsodsANPVuzj7LrCQ-JpXAK4-A1VJRpPyGEcF9AhIx-CYgv25glIqjLkwlK_DBAn17K9PiYcRXux5AsTeLobb001VqHugi0YHS4EvxKXra-wXmBhTKdZs.FV6ZMFBHvvQ8mjcgdNhd8W_RYDKvnsykrYnvEx8Knvs&dib_tag=se&keywords=women+summer+slippers&qid=1790837404&sr=8-16,https://m.media-amazon.com/images/I/71SuJjO4hLL._AC_UL320_.jpg,49,排名进入前30；价格处于人民币等值¥180.00-¥288.00区间；评分达到4.0以上。
2026-10-01,amazon_us,product,best_sellers,Best Sellers Women Sandals,11,"CUSHIONAIRE Lane Cork Slide Women's Sandals, Comfortable Sandals for Women | Molded Cork Footbed, Slide Sandals for Women, Adjustable Buckle, Sandals for Wide Feet, Cushioned Sandals for Women, Open Toe",,4.5,$34.99,,,,,,https://www.amazon.com/CUSHIONAIRE-Womens-Slide-Sandals-Brown/dp/B075PBVR9N/ref=zg_bs_g_679425011_d_sccl_11/143-7594341-1211448?psc=1,"https://images-na.ssl-images-amazon.com/images/I/81suZ76XHpL._AC_UL600_SR600,400_.jpg",48,排名进入前30；标题包含 comfort，符合美国女鞋舒适化趋势；评分达到4.3以上。
2026-10-01,amazon_us,product,best_sellers,Best Sellers Women Sandals,14,"COASIS Women's Chunky Block Heels Open Toe Ankle Strap Heeled Sandals | 3.5"" High Heel, 3MM Latex Midsole, Non-Slip Rubber Sole, Comfortable Walking, Wedding, Work & Party Wear",,4.4,$29.99,,,,,,https://www.amazon.com/COASIS-Womens-Chunky-Sandal-Ankle/dp/B08SH9V6D9/ref=zg_bs_g_679425011_d_sccl_14/143-7594341-1211448?psc=1,"https://images-na.ssl-images-amazon.com/images/I/71s+ovTRKSL._AC_UL600_SR600,400_.jpg",48,排名进入前30；标题包含 comfort，符合美国女鞋舒适化趋势；评分达到4.3以上。
2026-10-01,amazon_us,product,best_sellers,Best Sellers Women Sandals,15,"FW FRAN WILLOR Women Open Toe Low Chunky Short Heels Block Heel Sandals | Fashion Formal Dress Heels,Ankle Strap Comfortable Heeled Sandals for Prom, Party ,Wedding Guest and Formal Events",,4.4,$23.45,,,,,,https://www.amazon.com/FW-FRAN-WILLOR-Sandals-Wedding/dp/B0CCRGMPPQ/ref=zg_bs_g_679425011_d_sccl_15/143-7594341-1211448?psc=1,"https://images-na.ssl-images-amazon.com/images/I/61sRdf9ebFL._AC_UL600_SR600,400_.jpg",48,排名进入前30；标题包含 comfort，符合美国女鞋舒适化趋势；评分达到4.3以上。
2026-10-01,amazon_us,product,best_sellers,Best Sellers Women Sandals,20,"Coutgo Womens Kitten Heel Sandals Heeled Mules Pointed Open Toe High Heels | Comfortable, Sexy, Slip On, Backless, Dress Shoes, 3.2 Inch, Peep Toe, Wedding, Bridal, Party, Prom, Graduation",,4.4,$39.99,,,,,,https://www.amazon.com/Coutgo-Womens-Pointed-Backless-Sandals/dp/B0DG25L7P9/ref=zg_bs_g_679425011_d_sccl_20/143-7594341-1211448?psc=1,"https://images-na.ssl-images-amazon.com/images/I/61rZuSoH5yL._AC_UL600_SR600,400_.jpg",48,排名进入前30；标题包含 comfort，符合美国女鞋舒适化趋势；评分达到4.3以上。
2026-10-01,amazon_us,product,best_sellers,Best Sellers Women Sandals,24,"IDIFU Women's 3 Inch Block Chunky Open Toe Heels Ankle Strap Heeled Sandal | Dressy Thick Heel, Comfortable Women Dress Shoes for Wedding Bridesmaid Bridal Prom Office Homecoming and Formal",,4.4,$29.99,,,,,,https://www.amazon.com/IDIFU-Cookie-MI-Sandals-Wedding-Homecoming/dp/B091CLMLKP/ref=zg_bs_g_679425011_d_sccl_24/143-7594341-1211448?psc=1,"https://images-na.ssl-images-amazon.com/images/I/71VhullrxGL._AC_UL600_SR600,400_.jpg",48,排名进入前30；标题包含 comfort，符合美国女鞋舒适化趋势；评分达到4.3以上。
2026-10-01,amazon_us,product,best_sellers,Best Sellers Women Sandals,29,"IDIFU Women's Dressy Strappy 2 Inch Low Kitten Heels Open Toe Heel Sandals | Short Small Slingback Heeled Sandal, Comfortable Dress Shoes for Women Lady Bridesmaids in Wedding Bridal Prom Dance Evening",,4.4,$45.99,,,,,,https://www.amazon.com/IDIFU-Strappy-Sandals-Wedding-Glitter/dp/B07TG8S96G/ref=zg_bs_g_679425011_d_sccl_29/143-7594341-1211448?psc=1,"https://images-na.ssl-images-amazon.com/images/I/716u32p-+2L._AC_UL600_SR600,400_.jpg",48,排名进入前30；标题包含 comfort，符合美国女鞋舒适化趋势；评分达到4.3以上。
2026-10-01,amazon_us,product,new_releases,New Releases Women Sandals,12,"CUSHIONAIRE Shana Heeled Thong Sandals for Women with Square Toe | Memory Foam Padding, Flip Flop Heels, Summer Sandals for Women, Comfortable Heels, Crossover Straps, Open Back",,4.1,$49.99,,,,,,https://www.amazon.com/CUSHIONAIRE-Heeled-Sandals-Square-Chocolate/dp/B0H96KPVPQ/ref=zg_bsnr_g_679425011_d_sccl_12/145-4466855-1173528?psc=1,"https://images-na.ssl-images-amazon.com/images/I/71n9y0MsANL._AC_UL600_SR600,400_.jpg",48,排名进入前30；标题包含 comfort、summer，符合美国女鞋舒适化趋势；评分达到4.0以上。
2026-10-01,amazon_us,product,new_releases,New Releases Women Sandals,13,"Ankis Women Gold Black Silver Dressy Square Peep Toe Low Chunky Heel Sandal | homecoming shoes, 2-inch stable block heel, adjustable ankle strap, soft cushioned insole, all-day comfort for wedding, prom",,4.2,$37.89,,,,,,https://www.amazon.com/Ankis-Silver-Dressy-Square-Chunky/dp/B0GX12BGGQ/ref=zg_bsnr_g_679425011_d_sccl_13/145-4466855-1173528?psc=1,"https://images-na.ssl-images-amazon.com/images/I/6115SWiTYoL._AC_UL600_SR600,400_.jpg",48,排名进入前30；标题包含 comfort、soft，符合美国女鞋舒适化趋势；评分达到4.0以上。
2026-10-01,amazon_us,product,new_releases,New Releases Women Sandals,21,IDIFU Bow Kitten Heels Low Slingback Strappy Short Small Heeled Sandals | Dress Shoes for Women Open Round Toe Small Ankle Strap Wedding Work Prom Homecoming Comfortable Cute Fashion Ladies Heel,,4.4,$33.99,,,,,,https://www.amazon.com/IDIFU-Kitten-Slingback-Strappy-Sandals/dp/B0H5N55HCK/ref=zg_bsnr_g_679425011_d_sccl_21/145-4466855-1173528?psc=1,"https://images-na.ssl-images-amazon.com/images/I/71po8PNG4HL._AC_UL600_SR600,400_.jpg",48,排名进入前30；标题包含 comfort，符合美国女鞋舒适化趋势；评分达到4.3以上。
2026-10-01,amazon_us,product,new_releases,New Releases Women Sandals,22,IDIFU Women's Kitten Mule Heels Open Pointed Toe Slip On Heeled Sandals | 3 Inch Peep Toe Backless Sexy Heel Comfortable Dressy Womens Dress Shoes for Wedding Bridal Office Prom Party Casual,,4.3,$32.99,,,,,,https://www.amazon.com/IDIFU-Womens-Kitten-Heeled-Sandals/dp/B0H44MZT9H/ref=zg_bsnr_g_679425011_d_sccl_22/145-4466855-1173528?psc=1,"https://images-na.ssl-images-amazon.com/images/I/61gg6-nPaQL._AC_UL600_SR600,400_.jpg",48,排名进入前30；标题包含 comfort，符合美国女鞋舒适化趋势；评分达到4.3以上。
2026-10-01,amazon_us,product,new_releases,New Releases Women Sandals,35,IDIFU Platform Chunky Block Strappy Heels Sandals | Slingback Heeled Sandals Thick Open Square Toe Comfortable Dress Shoes for Women Wedding Work Prom Ladies Cute Heel,,4.2,$39.99,,,,,,https://www.amazon.com/IDIFU-Platform-Chunky-Strappy-Sandals/dp/B0H1LQRCYB/ref=zg_bsnr_g_679425011_d_sccl_35/143-7594341-1211448?psc=1,"https://images-na.ssl-images-amazon.com/images/I/61zeFLRuxkL._AC_UL300_SR300,200_.jpg",48,排名进入前50；标题包含 platform、comfort，符合美国女鞋舒适化趋势；platform + comfort组合趋势加分；评分达到4.0以上。
2026-10-01,amazon_us,product,search,women slides,27,Coach,¥684.00,4.6,Coach,,,,,,https://www.amazon.com/COACH-Udele-Slide-Charcoal-Material/dp/B08S3C46NH/ref=sr_1_16?dib=eyJ2IjoiMSJ9._15A5a1ahvFQhpFGdv4ULe5ISCpT-qDImHOl_nO4JUk4x0xijIbmadlGqVZf6iI8JFU_rW53NzF0E1Vwj2lqQW_AbLENyt7dhf1Mppl-Rw7fpScQF9WsbO0NOiYMuT_S5cV_Di2TYzZg4Azm2gJe9te4mCnjngwF7nkASm53F0OZWO1VBV92hxce3l9pIr0_0PIURqH0SevWULwaySp1-ajb5CaAxYfebsOJwOnwWAR8vXDgNazK0sKNdTZ4eyAeDP8QW51xqQhx9irQc65ilN3163pski5PR2c3PZPaABg.xe_nWg03AiwModxcHM79_0-vKHTvSeagRlLZrEZpPdo&dib_tag=se&keywords=women+slides&qid=1790837405&sr=8-16,https://m.media-amazon.com/images/I/71jST5a70hL._AC_UL320_.jpg,48,排名进入前30；价格高于人民币等值¥288.00；评分达到4.6以上。
2026-10-01,amazon_us,product,search,platform sandals women,10,Clarks Women's Breezerae Sun Clarks Women's Breezerae Sun,¥345.53,3.9,3.9,,,,,,https://sponsored-ads.amazon.com/clk/?_encoding=UTF8&p=eAFVUMuO0lAYDk7USR0vYTEmuMPIAnPoaWkpxRDT20CFKZcyOGFzctpzWupAW87pyOiChYlvYOJKl65NfASfwRdx5dJExhi_1Zd8l__PJ4SHn97_-nGrfNeYzcf2wB2cQ9uZVktS_TiiaXKFetunp3z8hmqB3cexInaOXy2nDX0xbocm25wH3vwiVVR7Mr2jNCRVbUhNpQEXN3wzODScWd-Zun75oXCbUH5RZHn56MybOtao57kLx658KwmPrxXEKWbhEuWUhdkKFxQl6SpJKQqKqCzgNX6bpY0wW1ce8QCEK8x5EoJ9BuydIJeqN2mKzvy6ygNQLOmaEhBmqxUNiyRLwWsZXB8DIWaEgxwnaUEZCLO0oGkhPzGnhmcjazQcOtbMHXk-cr2h6zlo6M4dZDv-YDYaV1tCCT748vPd18_f7cq9v5X7J6r3ZQihrmrtltqGLU2SD858u3Ngja36oPzMNg0rP3GBZuzMzR6xsTMnLDCzxPgfOzPemZOdafwhceXIip2rnuHEbKNQ-WNJ-FBaFkXOO6K43W4b_yYS41zEW5GIJjzp-1JTffnieU4QIyhfLQnrFrUlxyhkKCFdWNskpCtpOmw3NQWqNc66EpCAilW1JUc6iEhEgCJBCeiRTgDRWhjrut5WmnIt6eKc1zCjUVddQHp5ecoZ_A0147v9&v=c1&r=https%3A%2F%2Fwww.amazon.com%2Fgp%2Faw%2Fd%2FB0FHS135WJ%3Fpd_rd_plhdr%3Dt%26hsa_cr_id%3D0%26qid%3D1790837405%26sr%3D1-1-5a5562f9-fdfd-4101-9f9d-d76aa9998432%26i%3Daps%26aref%3D5Z0euuMsr0&ref_=sbx__sbtcd2_asin_0_bkgd&pd_rd_w=mgLpR&content-id=amzn1.sym.90f77631-9599-4fe0-95f8-a40adfe1c762%3Aamzn1.sym.90f77631-9599-4fe0-95f8-a40adfe1c762&pf_rd_p=90f77631-9599-4fe0-95f8-a40adfe1c762&pf_rd_r=CXAPW3Z3K2F64X43B4FZ&pd_rd_wg=Uz5ip&pd_rd_r=7e7e20c8-c25e-44d7-b62e-605d846e438b,"https://m.media-amazon.com/images/I/711lu8cd44L._AC_SR322,134_CB1169409_QL70_.jpg",48,排名靠前；价格高于人民币等值¥288.00。
2026-10-01,amazon_us,product,search,platform sandals women,12,Teva womens Original Universal Teva womens Original Universal,¥539.64,4.6,4.6,,,,,,https://sponsored-ads.amazon.com/clk/?_encoding=UTF8&p=eAFVUMuK01AYpg7qEMcLXcxA3VXsonKakzRpmkqR3GxDO-l9KN0cTnJOLk6bpOdk7OiiC8E3EFzp0rXgI_gMvogrl4IdEb_VB9_l__mE4PjT-18_7pTvG_OLsT1wB0toO9NqSaqfhjRNrlFv9-ycj99Qzbf7OFLEzumreNrQV-N2YLLt0vcuLlNFtSfTe0pDUtWG1FQacHVrZvrHhjPvO1N3Vj4T7hLKL4ssL58svKljjXqeu3LsyreS8ORGQZxiFsQopyzI1rigKEnXSUqRX4RlAW_w2yxtBNmm8pj7IFhjzpMAHDLg4AS5VL1NU7SY1VXugyKmG0pAkK3XNCiSLAWvZXBzDASYEQ5ynKQFZSDI0oKmhfzUnBqejazRcOhYc3fkzZDrDV3PQUP3wkG2MxvMR-NqSyjBR19-vvv6-btdefC38vBE9aEMIdRVrd1S27ClSfLRYmZ3jqyxVR-Un9umYeUvXaAZe3N7QGTszQnzzSwx_sfejPbmZG8af0hUObEi57pnOBHbKlT-WBI-lOKiyHlHFHe7XePfRGKUi3gnEtGEVn-11OSx9yIniBGUr2PCukUt5hgFDCWkC2vbhHQlTYftpqZAtcZZVwJNoGJVbcmhDkISEqBIUAJ6qBNAtBbGuq63laZcS7o45zXMaNhVV5BeXZ1zBn8DSFC8KA&v=c1&r=https%3A%2F%2Fwww.amazon.com%2Fgp%2Faw%2Fd%2FB0CHZX72PN%3Fpd_rd_plhdr%3Dt%26hsa_cr_id%3D0%26qid%3D1790837405%26sr%3D1-3-5a5562f9-fdfd-4101-9f9d-d76aa9998432%26i%3Daps%26aref%3D5Z0euuMsr0&ref_=sbx__sbtcd2_asin_2_bkgd&pd_rd_w=mgLpR&content-id=amzn1.sym.90f77631-9599-4fe0-95f8-a40adfe1c762%3Aamzn1.sym.90f77631-9599-4fe0-95f8-a40adfe1c762&pf_rd_p=90f77631-9599-4fe0-95f8-a40adfe1c762&pf_rd_r=CXAPW3Z3K2F64X43B4FZ&pd_rd_wg=Uz5ip&pd_rd_r=7e7e20c8-c25e-44d7-b62e-605d846e438b,"https://m.media-amazon.com/images/I/71T2j4VVR5L._AC_SR322,134_CB1169409_QL70_.jpg",48,排名进入前30；价格高于人民币等值¥288.00；评分达到4.6以上。
2026-10-01,amazon_us,product,best_sellers,Best Sellers Women Sandals,12,"mysoft Women's Chunky Heels Open Toe Dress Sandals with Ankle Strap | Classic Block 2.25 Inch Low Heel Sandals, Adjustable Ankle Strap Dress Shoes, Year-Round Wardrobe Essential",,4.4,$27.99,,,,,,https://www.amazon.com/mysoft-Womens-Chunky-Wedding-Sandals/dp/B09K7FR2NB/ref=zg_bs_g_679425011_d_sccl_12/143-7594341-1211448?psc=1,"https://images-na.ssl-images-amazon.com/images/I/61iOEGXBpSL._AC_UL600_SR600,400_.jpg",45,排名进入前30；标题包含 soft，符合美国女鞋舒适化趋势；评分达到4.3以上。
2026-10-01,amazon_us,product,best_sellers,Best Sellers Women Sandals,13,SKETOE Kitten Heels for Women Square Toe Sandals Flip Flop Heels Thong Comfortable 2 Inch,,4.1,$26.99,,,,,,https://www.amazon.com/SKETOE-Kitten-Square-Sandals-Comfortable/dp/B0F4QHKCDM/ref=zg_bs_g_679425011_d_sccl_13/143-7594341-1211448?psc=1,"https://images-na.ssl-images-amazon.com/images/I/61WGe4p1FWL._AC_UL600_SR600,400_.jpg",45,排名进入前30；标题包含 comfort，符合美国女鞋舒适化趋势；评分达到4.0以上。
2026-10-01,amazon_us,product,best_sellers,Best Sellers Women Sandals,19,"WHITIN Women's Slides with Cushioned Thick Sole Slippers for Home Wear Y13 | Comfort for Daily Wear, Waterproof & Easy to Clean, Indoor & Outdoor Versatility, Lightweight EVA for All-Day",,4.1,$9.99,,,,,,https://www.amazon.com/WHITIN-Slippers-Sandals-Fashionable-Lightweight/dp/B0C1C3MKLF/ref=zg_bs_g_679425011_d_sccl_19/143-7594341-1211448?psc=1,"https://images-na.ssl-images-amazon.com/images/I/71nA8egRirL._AC_UL600_SR600,400_.jpg",45,排名进入前30；标题包含 comfort，符合美国女鞋舒适化趋势；评分达到4.0以上。
2026-10-01,amazon_us,product,best_sellers,Best Sellers Women Sandals,27,"Weweya Slides for Women Men Shower Shoes House Slippers Beach Sandals | Bathroom, Non Slip, Lightweight",,4.4,$9.99,,,,,,https://www.amazon.com/Weweya-Shower-Bathroom-Slippers-Sandals/dp/B0F1XJ9TM4/ref=zg_bs_g_679425011_d_sccl_27/143-7594341-1211448?psc=1,"https://images-na.ssl-images-amazon.com/images/I/718rk3GaK+L._AC_UL600_SR600,400_.jpg",45,排名进入前30；标题包含 beach，符合美国女鞋舒适化趋势；评分达到4.3以上。
2026-10-01,amazon_us,product,new_releases,New Releases Women Sandals,17,"Mattiventon High Heels for Women Pointed Toe Stiletto Dress Heeled Sandals | 3.7'' Heel, Adjustable Ankle Strap, Open Toe, Slip-Resistant Outsole, Sexy Shoes for Party, Wedding, Cocktail, Evening Events",,4.7,$46.99,,,,,,https://www.amazon.com/Mattiventon-Womens-Brown-Stiletto-Pointed/dp/B0H4Z1P3GW/ref=zg_bsnr_g_679425011_d_sccl_17/145-4466855-1173528?psc=1,"https://images-na.ssl-images-amazon.com/images/I/41PaJC9l1xL._AC_UL600_SR600,400_.jpg",45,排名进入前30；评分达到4.6以上。
2026-10-01,amazon_us,product,new_releases,New Releases Women Sandals,18,IDIFU IN1 Kitten Flip Flop Heels for Women Square Open Toe Low Heel | Wedding Bride Graduation Party Slide Dress Shoes Comfortable Cute Trendy Casual Thong Slip On Strappy Low Heeled Sandals,,4.0,$26.99,,,,,,https://www.amazon.com/IDIFU-Black-Heels-Kitten-Square/dp/B0H33K5SGS/ref=zg_bsnr_g_679425011_d_sccl_18/145-4466855-1173528?psc=1,"https://images-na.ssl-images-amazon.com/images/I/61RO1a8KWKL._AC_UL600_SR600,400_.jpg",45,排名进入前30；标题包含 comfort，符合美国女鞋舒适化趋势；评分达到4.0以上。
2026-10-01,amazon_us,product,new_releases,New Releases Women Sandals,20,IDIFU IN2 Women's Bow Heels Block Chunky Open Toe Heeled Sandals | 2.3 Inch Round Toe Satin Low Dress Shoes for Women Bride Wedding Prom Homecoming Graduation Party Ankle Strap Heel,,4.8,$39.98,,,,,,https://www.amazon.com/IDIFU-Womens-Chunky-Heeled-Sandals/dp/B0H4L45N3J/ref=zg_bsnr_g_679425011_d_sccl_20/145-4466855-1173528?psc=1,"https://images-na.ssl-images-amazon.com/images/I/71K+FCI9FQL._AC_UL600_SR600,400_.jpg",45,排名进入前30；评分达到4.6以上。
2026-10-01,amazon_us,product,new_releases,New Releases Women Sandals,28,Riekhany Kitten Heeled Sandals for Women Slip On Square Clip Toe Flip Flips | Casual Low Heel Pumps Comfortable Thong Slide Shoes Dressy Slippers for Party Daliy Work Travel,,4.1,$49.99,,,,,,https://www.amazon.com/Riekhany-Kitten-Sandals-Comfortable-Slippers/dp/B0HCV31H3D/ref=zg_bsnr_g_679425011_d_sccl_28/145-4466855-1173528?psc=1,"https://images-na.ssl-images-amazon.com/images/I/71GDJdxQMEL._AC_UL600_SR600,400_.jpg",45,排名进入前30；标题包含 comfort，符合美国女鞋舒适化趋势；评分达到4.0以上。
2026-10-01,amazon_us,product,search,women slides,1,4.4,,,4.4,,,,,,https://sponsored-ads.amazon.com/clk/?_encoding=UTF8&p=eAFVkE2L00AAhqmLWuKK0oMrvQg99LAwzUy--iFhSTqxGyLdNGl3l17CNJl8uG2SzkyteOjNP6CCJ_GfePQf-Dc8efAofoD4nF54Di88ktf8-ObH1zut-9b80see611D7ASdBho9Spc4v8rcjRsMzgfb9Jo7dKZnwT2th3S9h1StB5e3QnvVtJz5uRO4YetEuptQfiOqunW8mAbO-GIydZcObr9rSM1fJiIibUlkQ15XZS-uNu3HfAV2ZZEWNAGcEhbnoCYZBahzm5bRIjwd8hV4WSS0AjWrkl0sQFyt1zQWRVWCv2cgJizhoCZFKSgDcVUKWgrlSWhfRj72IzuwptjBUehbgffcibATevMLv3MmNeDDt1--ff_8CbdPyE5UgNeE3awpyDkBggpW8M4DFUKIoKohFWkKNJSjRYhHR2N_fOq1nmLbGtfPXNC3Dvb2D5l1sGdsZVeF9T8HOzvYs4Nt_R5Z-3icOa8mlpOxrUaVDw3pfSMXouYjWd7v971_meSslsleTmQbDrW5NtWvjLM6iVgS1es8Yabo5pxEMYuKxITdbZGYqD-EA7WvQb3LmYkAAimNoYqgBowUIaApmgIGaX8IkJ4SqgyGRmoY3cIkNe8SRlPzxWTqurGK8OIntqaqfg&v=c1&r=https%3A%2F%2Fwww.amazon.com%2Fgp%2Faw%2Fd%2FB094T4N5W6%3Fpd_rd_plhdr%3Dt%26hsa_cr_id%3D0%26qid%3D1790837405%26sr%3D1-1-fec03104-6f11-4242-8f79-15fae2896f66%26i%3Daps%26aref%3DjGNIIc31DU&pd_rd_i=B094T4N5W6&ref_=sbx_be_s_sparkle_ssd_img&qid=&pd_rd_w=A77Sa&content-id=amzn1.sym.22e060df-ce87-467b-805a-61b8bd37fbe9%3Aamzn1.sym.22e060df-ce87-467b-805a-61b8bd37fbe9&pf_rd_p=22e060df-ce87-467b-805a-61b8bd37fbe9&pf_rd_r=PJKAPPME7E8MV4MDRZG0&pd_rd_wg=yQGfv&pd_rd_r=23f86ef0-3350-4ffa-a250-34320e532854,"https://m.media-amazon.com/images/I/41LppTvCXFL._AC_SR250,250_QL65_.jpg",45,排名靠前。
2026-10-01,amazon_us,product,search,women slides,18,OOFOS,¥431.64,4.4,OOFOS,,,,,,https://www.amazon.com/OOFOS-Unisex-Ooahh-Slide-Sandal/dp/B00BRC4OS4/ref=sr_1_7?dib=eyJ2IjoiMSJ9._15A5a1ahvFQhpFGdv4ULe5ISCpT-qDImHOl_nO4JUk4x0xijIbmadlGqVZf6iI8JFU_rW53NzF0E1Vwj2lqQW_AbLENyt7dhf1Mppl-Rw7fpScQF9WsbO0NOiYMuT_S5cV_Di2TYzZg4Azm2gJe9te4mCnjngwF7nkASm53F0OZWO1VBV92hxce3l9pIr0_0PIURqH0SevWULwaySp1-ajb5CaAxYfebsOJwOnwWAR8vXDgNazK0sKNdTZ4eyAeDP8QW51xqQhx9irQc65ilN3163pski5PR2c3PZPaABg.xe_nWg03AiwModxcHM79_0-vKHTvSeagRlLZrEZpPdo&dib_tag=se&keywords=women+slides&qid=1790837405&sr=8-7,https://m.media-amazon.com/images/I/51xksaC-aaL._AC_UL320_.jpg,45,排名进入前30；价格高于人民币等值¥288.00；评分达到4.3以上。
2026-10-01,amazon_us,product,search,women slides,44,Calvin Klein,¥127.94,4.6,Calvin Klein,,,,,,https://www.amazon.com/Calvin-Klein-Womens-CALUHA-Flip-Flop/dp/B0CQPRM9NJ/ref=sr_1_33?dib=eyJ2IjoiMSJ9._15A5a1ahvFQhpFGdv4ULe5ISCpT-qDImHOl_nO4JUk4x0xijIbmadlGqVZf6iI8JFU_rW53NzF0E1Vwj2lqQW_AbLENyt7dhf1Mppl-Rw7fpScQF9WsbO0NOiYMuT_S5cV_Di2TYzZg4Azm2gJe9te4mCnjngwF7nkASm53F0OZWO1VBV92hxce3l9pIr0_0PIURqH0SevWULwaySp1-ajb5CaAxYfebsOJwOnwWAR8vXDgNazK0sKNdTZ4eyAeDP8QW51xqQhx9irQc65ilN3163pski5PR2c3PZPaABg.xe_nWg03AiwModxcHM79_0-vKHTvSeagRlLZrEZpPdo&dib_tag=se&keywords=women+slides&qid=1790837405&sr=8-33,https://m.media-amazon.com/images/I/61zpId3qHPL._AC_UL320_.jpg,45,排名进入前50；价格处于人民币等值¥57.60-¥180.00黄金区间；评分达到4.6以上。
2026-10-01,amazon_us,product,search,platform sandals women,1,4.2,,,4.2,,,,,,https://sponsored-ads.amazon.com/clk/?_encoding=UTF8&p=eAFVkMtq20AARXFDW6OmtHjRBC-9MDQw1uhl2S4i6JVElbFkSTYhGzGWRrKwI8kz49hk4V2_oK9VfqIf0L_ov3TRRekDSs_qwllcOJzbfHj3_duT1nM9mvuW67jX0LKDTkMYvbrG94Y0vdjsr-Zjf34H967shnnwTO4JitITJLkHbx6FxqKp29GVHThh64R7mmK6YlXdOp5NAtv0LifOjW21Hxpc85eJEctaHLpF91XZS6rb9ildgG1ZZAVOAcWIJEtQoxwDofMYl_EsPBvSBbgrUlyBmlTpNmEgqdZrnLCiKsHfM5AgklJQo6JkmICkKhkumfh67li2F_uBZ83MKDa98dg2I8ebhHHo64E7tmPLDt3I8zvnXAO-_PTx64_3X6z2CdqyCtAakdUagyVFgGFGCtp5IUEIFVVRZQgFEfbFo1lojY5M3zxzW28sQzfrCweo-sHY_CHXD8aULIyq0P_nYOQHY3ow9N8jbx-bub2_1O2cbGQsfm5wHxpLxmo64vndbtf7F4zPax7t-JQ3oBVIEzmUpfM6jUka1-tlSjTWXVIUJyQuUg12N0WqCeoQDiRVhkqXEk0AAshwAiUByqCfCQKQRVkEg0wdAkHJEBYHw37W73cLDdW0iwjONGW-ejuPNtM6-QkOlq3J&v=c1&r=https%3A%2F%2Fwww.amazon.com%2Fgp%2Faw%2Fd%2FB0DR3N4S43%3Fpd_rd_plhdr%3Dt%26hsa_cr_id%3D0%26qid%3D1790837405%26sr%3D1-1-fec03104-6f11-4242-8f79-15fae2896f66%26i%3Daps%26aref%3D5VkJVTqQpc&pd_rd_i=B0DR3N4S43&ref_=sbx_be_s_sparkle_ssd_img&qid=&pd_rd_w=bRq5l&content-id=amzn1.sym.22e060df-ce87-467b-805a-61b8bd37fbe9%3Aamzn1.sym.22e060df-ce87-467b-805a-61b8bd37fbe9&pf_rd_p=22e060df-ce87-467b-805a-61b8bd37fbe9&pf_rd_r=CXAPW3Z3K2F64X43B4FZ&pd_rd_wg=ah9ih&pd_rd_r=20b1e0b1-7fc6-48ef-9ffc-8c8610445522,"https://m.media-amazon.com/images/I/41HDyol2hqL._AC_SR250,250_QL65_.jpg",45,排名靠前。
2026-10-01,amazon_us,product,search,platform sandals women,2,4.3,,,4.3,,,,,,https://sponsored-ads.amazon.com/clk/?_encoding=UTF8&p=eAFVkMuK2lAAhrFDW0mntLjoDC5dCB045iQmRi1hyG00jZiYRBlmE47JSQw6yfHkOMos3PUJelvNS_QB-hZ9ly66KL1A6bf64Vv88HFO_eHd929PGs-1cOGZju1cQ9PyWzVh-Ooa3-vd2dX2MF5MvMUdPDiSE2T-M6kjyHJH6EodePMo0Jd1zQrHlm8HjTPuaYKrNStJ43Q-9S3DHU3tG8tsPtS4-i8TIZY2OHSL7suiE5e3zfNqCXZFnuY4ARVGNF4BgjIMhNZjXETz4GJQLcFdnuASEFomu5iBuNxscMzysgB_z0CMaFIBgvKCYQrismC4YOLrhW1abuT5rjk3wshwJxPLCG13GkSBp_nOxIpMK3BC12tdcjX48tPHrz_efzGbZ2jHSlARRNcbDFYVAgwzmletF10IoazIigShIMKeeDIPzOGJ4RkXTuONqWsGubKBoh317R8y7ajP6FIvc-1_jnp21GdHXfs9suapkVmHkWZldCth8XON-1BbMUaqIc_v9_vOv2B8Rni05xNeh-bUGYejwfSSJBFNIrJZJVRl7VWFophGeaLC9jZPVEEZwH5XkaDcrqgqABGkOIZdAUqglwoCkERJBP1UGQBBThEW-4Ne2uu1cxWRqo0oTlV5sX67CLczEv8EKz-uDA&v=c1&r=https%3A%2F%2Fwww.amazon.com%2Fgp%2Faw%2Fd%2FB0DNKHTG9N%3Fpd_rd_plhdr%3Dt%26hsa_cr_id%3D0%26qid%3D1790837405%26sr%3D1-2-fec03104-6f11-4242-8f79-15fae2896f66%26i%3Daps%26aref%3D5VkJVTqQpc&pd_rd_i=B0DNKHTG9N&ref_=sbx_be_s_sparkle_ssd_img&qid=&pd_rd_w=bRq5l&content-id=amzn1.sym.22e060df-ce87-467b-805a-61b8bd37fbe9%3Aamzn1.sym.22e060df-ce87-467b-805a-61b8bd37fbe9&pf_rd_p=22e060df-ce87-467b-805a-61b8bd37fbe9&pf_rd_r=CXAPW3Z3K2F64X43B4FZ&pd_rd_wg=ah9ih&pd_rd_r=20b1e0b1-7fc6-48ef-9ffc-8c8610445522,"https://m.media-amazon.com/images/I/41+BoOCIiqL._AC_SR250,250_QL65_.jpg",45,排名靠前。
2026-10-01,amazon_us,product,search,platform sandals women,3,4.1,,,4.1,,,,,,https://sponsored-ads.amazon.com/clk/?_encoding=UTF8&p=eAFVkMtu2kAARUWjtshN1YpFE7FkgdRIA-M3UFmRXySuETa2cdNsrMEeGwtim_EQUBbs-gV9rfIT_YD-Rf-liy6qPqSqZ3Wls7jSYezm_bvv3x61nqpB6Bq2ZV9Bw_Q6DXb04grfafxsvNlfhhM3vIV7W7D9zHsi9FhR7LG80IPXD3xt0VTN4NL0LL91wjxOcL2iZdU6nk89U3cupta1abTvG0zzl4kQTVsMukF3ZdGLy5v2ab0A2yJPc5yAGiMSL0GFMgzYzkNcRHP_bFgvwG2e4BJUpEy2MQVxuV7jmOZlAf6egRiRpAYVyguKCYjLguKCci9DyzCdyPUcY64Hke5MJqYeWM7Uj3xX9eyJGRmmbweO2zlnGvD5p49ff7z_YrRP0JaWoK4QWa0xWNYIUExJXnee8RBCURZlAUKWgxJ3NPeN0ZHu6md265WhqXo1toCsHrTNHzL1oM3IQitz9X8OWnbQZgdN_T2y9rGemfsL1czIRsDc5wbzobGktKpH_f5ut-v9C9bPqj7a9ZO-BsdvgreSIcvnVRKRJKrWy4QotLusURSTKE8U2N3kicLKQzjgZQGK3ZooLOBBimPIs1AAUsqyQOAEDgxSeQhYMUWYGwylVJK6uYKquosIThUxXL0Og82sin8CIvKt-A&v=c1&r=https%3A%2F%2Fwww.amazon.com%2Fgp%2Faw%2Fd%2FB0FWTY6D77%3Fpd_rd_plhdr%3Dt%26hsa_cr_id%3D0%26qid%3D1790837405%26sr%3D1-3-fec03104-6f11-4242-8f79-15fae2896f66%26i%3Daps%26aref%3D5VkJVTqQpc&pd_rd_i=B0FWTY6D77&ref_=sbx_be_s_sparkle_ssd_img&qid=&pd_rd_w=bRq5l&content-id=amzn1.sym.22e060df-ce87-467b-805a-61b8bd37fbe9%3Aamzn1.sym.22e060df-ce87-467b-805a-61b8bd37fbe9&pf_rd_p=22e060df-ce87-467b-805a-61b8bd37fbe9&pf_rd_r=CXAPW3Z3K2F64X43B4FZ&pd_rd_wg=ah9ih&pd_rd_r=20b1e0b1-7fc6-48ef-9ffc-8c8610445522,"https://m.media-amazon.com/images/I/51hzokf1usL._AC_SR250,250_QL65_.jpg",45,排名靠前。
2026-10-01,amazon_us,product,search,platform sandals women,4,4.2,,,4.2,,,,,,https://sponsored-ads.amazon.com/clk/?_encoding=UTF8&p=eAFVkMtq20AARXFDW6OmtHjRBC-9MDQw1uhl2S4i6JVElbFkSTYhGzGWRrKwI8kz49hk4V2_oK9VfqIf0L_ov3TRRekDSs_qwllcOJzbfHj3_duT1nM9mvuW67jX0LKDTkMYvbrG94Y0vdjsr-Zjf34H967shnnwTO4JitITJLkHbx6FxqKp29GVHThh64R7mmK6YlXdOp5NAtv0LifOjW21Hxpc85eJEctaHLpF91XZS6rb9ildgG1ZZAVOAcWIJEtQoxwDofMYl_EsPBvSBbgrUlyBmlTpNmEgqdZrnLCiKsHfM5AgklJQo6JkmICkKhkumfh67li2F_uBZ83MKDa98dg2I8ebhHHo64E7tmPLDt3I8zvnXAO-_PTx64_3X6z2CdqyCtAakdUagyVFgGFGCtp5IUEIFVVRZQgFEfbFo1lojY5M3zxzW28sQzfrCweo-sHY_CHXD8aULIyq0P_nYOQHY3ow9N8jbx-bub2_1O2cbGQsfm5wHxpLxmo64vndbtf7F4zPax7t-JQ3oBVIEzmUpfM6jUka1-tlSjTWXVIUJyQuUg12N0WqCeoQDiRVhkqXEk0AAshwAiUByqCfCQKQRVkEg0wdAkHJEBYHw37W73cLDdW0iwjONGW-ejuPNtM6-QkOlq3J&v=c1&r=https%3A%2F%2Fwww.amazon.com%2Fgp%2Faw%2Fd%2FB0DR3N4S43%3Fpd_rd_plhdr%3Dt%26hsa_cr_id%3D0%26qid%3D1790837405%26sr%3D1-1-fec03104-6f11-4242-8f79-15fae2896f66%26i%3Daps%26aref%3D5VkJVTqQpc&pd_rd_i=B0DR3N4S43&ref_=sbx_be_s_sparkle_ssd_img&qid=&pd_rd_w=bRq5l&content-id=amzn1.sym.22e060df-ce87-467b-805a-61b8bd37fbe9%3Aamzn1.sym.22e060df-ce87-467b-805a-61b8bd37fbe9&pf_rd_p=22e060df-ce87-467b-805a-61b8bd37fbe9&pf_rd_r=CXAPW3Z3K2F64X43B4FZ&pd_rd_wg=ah9ih&pd_rd_r=20b1e0b1-7fc6-48ef-9ffc-8c8610445522,"https://m.media-amazon.com/images/I/41HDyol2hqL._AC_SR250,250_QL65_.jpg",45,排名靠前。
2026-10-01,amazon_us,product,search,platform sandals women,5,4.3,,,4.3,,,,,,https://sponsored-ads.amazon.com/clk/?_encoding=UTF8&p=eAFVkMuK2lAAhrFDW0mntLjoDC5dCB045iQmRi1hyG00jZiYRBlmE47JSQw6yfHkOMos3PUJelvNS_QB-hZ9ly66KL1A6bf64Vv88HFO_eHd929PGs-1cOGZju1cQ9PyWzVh-Ooa3-vd2dX2MF5MvMUdPDiSE2T-M6kjyHJH6EodePMo0Jd1zQrHlm8HjTPuaYKrNStJ43Q-9S3DHU3tG8tsPtS4-i8TIZY2OHSL7suiE5e3zfNqCXZFnuY4ARVGNF4BgjIMhNZjXETz4GJQLcFdnuASEFomu5iBuNxscMzysgB_z0CMaFIBgvKCYQrismC4YOLrhW1abuT5rjk3wshwJxPLCG13GkSBp_nOxIpMK3BC12tdcjX48tPHrz_efzGbZ2jHSlARRNcbDFYVAgwzmletF10IoazIigShIMKeeDIPzOGJ4RkXTuONqWsGubKBoh317R8y7ajP6FIvc-1_jnp21GdHXfs9suapkVmHkWZldCth8XON-1BbMUaqIc_v9_vOv2B8Rni05xNeh-bUGYejwfSSJBFNIrJZJVRl7VWFophGeaLC9jZPVEEZwH5XkaDcrqgqABGkOIZdAUqglwoCkERJBP1UGQBBThEW-4Ne2uu1cxWRqo0oTlV5sX67CLczEv8EKz-uDA&v=c1&r=https%3A%2F%2Fwww.amazon.com%2Fgp%2Faw%2Fd%2FB0DNKHTG9N%3Fpd_rd_plhdr%3Dt%26hsa_cr_id%3D0%26qid%3D1790837405%26sr%3D1-2-fec03104-6f11-4242-8f79-15fae2896f66%26i%3Daps%26aref%3D5VkJVTqQpc&pd_rd_i=B0DNKHTG9N&ref_=sbx_be_s_sparkle_ssd_img&qid=&pd_rd_w=bRq5l&content-id=amzn1.sym.22e060df-ce87-467b-805a-61b8bd37fbe9%3Aamzn1.sym.22e060df-ce87-467b-805a-61b8bd37fbe9&pf_rd_p=22e060df-ce87-467b-805a-61b8bd37fbe9&pf_rd_r=CXAPW3Z3K2F64X43B4FZ&pd_rd_wg=ah9ih&pd_rd_r=20b1e0b1-7fc6-48ef-9ffc-8c8610445522,"https://m.media-amazon.com/images/I/41+BoOCIiqL._AC_SR250,250_QL65_.jpg",45,排名靠前。
2026-10-01,amazon_us,product,search,platform sandals women,6,4.1,,,4.1,,,,,,https://sponsored-ads.amazon.com/clk/?_encoding=UTF8&p=eAFVkMtu2kAARUWjtshN1YpFE7FkgdRIA-M3UFmRXySuETa2cdNsrMEeGwtim_EQUBbs-gV9rfIT_YD-Rf-liy6qPqSqZ3Wls7jSYezm_bvv3x61nqpB6Bq2ZV9Bw_Q6DXb04grfafxsvNlfhhM3vIV7W7D9zHsi9FhR7LG80IPXD3xt0VTN4NL0LL91wjxOcL2iZdU6nk89U3cupta1abTvG0zzl4kQTVsMukF3ZdGLy5v2ab0A2yJPc5yAGiMSL0GFMgzYzkNcRHP_bFgvwG2e4BJUpEy2MQVxuV7jmOZlAf6egRiRpAYVyguKCYjLguKCci9DyzCdyPUcY64Hke5MJqYeWM7Uj3xX9eyJGRmmbweO2zlnGvD5p49ff7z_YrRP0JaWoK4QWa0xWNYIUExJXnee8RBCURZlAUKWgxJ3NPeN0ZHu6md265WhqXo1toCsHrTNHzL1oM3IQitz9X8OWnbQZgdN_T2y9rGemfsL1czIRsDc5wbzobGktKpH_f5ut-v9C9bPqj7a9ZO-BsdvgreSIcvnVRKRJKrWy4QotLusURSTKE8U2N3kicLKQzjgZQGK3ZooLOBBimPIs1AAUsqyQOAEDgxSeQhYMUWYGwylVJK6uYKquosIThUxXL0Og82sin8CIvKt-A&v=c1&r=https%3A%2F%2Fwww.amazon.com%2Fgp%2Faw%2Fd%2FB0FWTY6D77%3Fpd_rd_plhdr%3Dt%26hsa_cr_id%3D0%26qid%3D1790837405%26sr%3D1-3-fec03104-6f11-4242-8f79-15fae2896f66%26i%3Daps%26aref%3D5VkJVTqQpc&pd_rd_i=B0FWTY6D77&ref_=sbx_be_s_sparkle_ssd_img&qid=&pd_rd_w=bRq5l&content-id=amzn1.sym.22e060df-ce87-467b-805a-61b8bd37fbe9%3Aamzn1.sym.22e060df-ce87-467b-805a-61b8bd37fbe9&pf_rd_p=22e060df-ce87-467b-805a-61b8bd37fbe9&pf_rd_r=CXAPW3Z3K2F64X43B4FZ&pd_rd_wg=ah9ih&pd_rd_r=20b1e0b1-7fc6-48ef-9ffc-8c8610445522,"https://m.media-amazon.com/images/I/51hzokf1usL._AC_SR250,250_QL65_.jpg",45,排名靠前。
2026-10-01,amazon_us,product,search,platform sandals women,13,BORN Women's Iwa Sandals BORN Women's Iwa Sandals,¥935.64,4.5,4.5,,,,,,https://sponsored-ads.amazon.com/clk/?_encoding=UTF8&p=eAFVUMuK01AYpg7qUMcLXcxA3VXsonKakzRpkkqR3OyEdtJLOmXo5nCSc5LGSZP0nIwdXXQh-AaCK126FnwEn8EXceVSsCPit_rgu_w_XzU8_PT-1487tfvGfDGxh-7wAtrOrFERW8cRzZJrNNg-O-OTN1QN7FMcy0Lv-NVq1taXEy002eYi8BaXmazY09k9uS0qSlvsyG24vOWbwaHhzE-dmevXTqp3CeWXZV7Ujs69mWONB567dOz6t0r1yY2COMUsXKGCsjBPcUlRkqVJRlFQRrUqXuO3edYO83X9MQ9AmGLOkxDsM2DvBIXYuE0zdO63FB6AckXXlIAwT1MalkmegdcSuDkGQswIBwVOspIyEOZZSbNSemrODM9G1ng0cqy5O_Z85Hoj13PQyF04yHb84Xw8aXSrFfjoy893Xz9_t-sP_lbun2g8lCCEuqJqXUWDXVWUDs59u3dgTazWsPbcNg2reOkC1diZmz1iY2dOWWDmifE_dma8M6c70_hD4vqRFTvXA8OJ2Uam0sdK9UNlVZYF7wnCdrtt_5tIiAsBbwUimFBdLEZTf6S9KAhiBBXpirB-2VxxjEKGEtKHzU1C-qKqQ62jylBpctYXgQwUrChdKdJBRCICZBGKQI90AojaxVjXdU3uSM2kjwvexIxGfWUJ6dXVGWfwN1DYvDw&v=c1&r=https%3A%2F%2Fwww.amazon.com%2Fgp%2Faw%2Fd%2FB07VVLQSL8%3Fpd_rd_plhdr%3Dt%26hsa_cr_id%3D0%26qid%3D1790837405%26sr%3D1-4-5a5562f9-fdfd-4101-9f9d-d76aa9998432%26i%3Daps%26aref%3D5Z0euuMsr0&ref_=sbx__sbtcd2_asin_3_bkgd&pd_rd_w=mgLpR&content-id=amzn1.sym.90f77631-9599-4fe0-95f8-a40adfe1c762%3Aamzn1.sym.90f77631-9599-4fe0-95f8-a40adfe1c762&pf_rd_p=90f77631-9599-4fe0-95f8-a40adfe1c762&pf_rd_r=CXAPW3Z3K2F64X43B4FZ&pd_rd_wg=Uz5ip&pd_rd_r=7e7e20c8-c25e-44d7-b62e-605d846e438b,"https://m.media-amazon.com/images/I/51z79AQcE8L._AC_SR322,134_CB1169409_QL70_.jpg",45,排名进入前30；价格高于人民币等值¥288.00；评分达到4.3以上。
2026-10-01,amazon_us,product,search,platform sandals women,15,KEEN Women's Newport H2 Closed Toe Water Sandals KEEN Women's Newport H2 Closed Toe Water Sandals,¥935.64,4.4,4.4,,,,,,https://sponsored-ads.amazon.com/clk/?_encoding=UTF8&p=eAFVUM2K01AYpQ7qUMcfupiBuqvYReUmN2nSNJUg-bMT2knbtFOGbi43uTdpnDZJ783Y0UUXgm8guNKla8FH8Bl8EVcuBTsintWB8_N9nGp0-On9rx93avfN2XzsDLzBBXTcoFGRWscxzdJr1N8-O-PjN1QLnVOcKGLv-NUyEPTFuBtZbHMR-vPLTFGdSXBPESRVFaS2IsDFrakVHpru7NQNvGntpHqXUH5Z5kXt6NwPXHvU972F69S_VapPbhTEKWbREhWURfkKlxSl2SrNKArLuFbFa_w2z4QoX9cf8xBEK8x5GoF9BuydoJAat2mGzqctlYegXNI1JSDKVysalWmegdcyuDkGIswIBwVOs5IyEOVZSbNSfmoFpu8gezQcuvbMG_lT5PlDz3fR0Ju7yHGng9lo3OhUK_DRl5_vvn7-7tQf_K3cP9F4KEMIdVXrdtQu7GiSfHA-dXoH9thuDWrPHcu0i5ce0MydtdkjMXfWhIVWnpr_Y2clO2uys8w_JKkf2Yl73TfdhG0UKn-sVD9UlmVZ8J4obrdb4d9EYlKIeCsS0YKWPJ4HM0d-URDECCpWS8KMsrnkGEUMpcSAzU1KDEnTYbetKVBtcmZIoANUrKodOdZBTGICFAlKQI91AojWwVjX9a7SlpupgQvexIzGhrqA9OrqjDP4G0LgvB0&v=c1&r=https%3A%2F%2Fwww.amazon.com%2Fgp%2Faw%2Fd%2FB0B2PVRTD2%3Fpd_rd_plhdr%3Dt%26hsa_cr_id%3D0%26qid%3D1790837405%26sr%3D1-6-5a5562f9-fdfd-4101-9f9d-d76aa9998432%26i%3Daps%26aref%3D5Z0euuMsr0&ref_=sbx__sbtcd2_asin_5_bkgd&pd_rd_w=mgLpR&content-id=amzn1.sym.90f77631-9599-4fe0-95f8-a40adfe1c762%3Aamzn1.sym.90f77631-9599-4fe0-95f8-a40adfe1c762&pf_rd_p=90f77631-9599-4fe0-95f8-a40adfe1c762&pf_rd_r=CXAPW3Z3K2F64X43B4FZ&pd_rd_wg=Uz5ip&pd_rd_r=7e7e20c8-c25e-44d7-b62e-605d846e438b,"https://m.media-amazon.com/images/I/61kPZBKlf6L._AC_SR322,134_CB1169409_QL70_.jpg",45,排名进入前30；价格高于人民币等值¥288.00；评分达到4.3以上。
2026-10-01,amazon_us,product,search,platform sandals women,16,Steve Madden Women's Trella Steve Madden Women's Trella,¥230.26,3.8,3.8,,,,,,https://sponsored-ads.amazon.com/clk/?_encoding=UTF8&p=eAFVUMuK01AYpg7qUMcLXYxQdxW7qJzmJE2aphIkN9vYTnqdUro5nOScpHHSJD0nY0cXXQi-geBKl64FH8Fn8EVcuRTsiPitPvgu_89XDo4_vf_141blrjFfjO2BO1hC25nWSmLjNKRpfIV6u6dnfPyGqr7dx5EsdE9fradNbTXuBCbbLn1vcZHKij2Z3pGboqI0xZbchKsbM9M_Npx535m6s8rD8m1C-UWR5ZWTc2_qWKOe564cu_qtVH58rSBOMQvWKKcsyBJcUBSnSZxS5BdhpYw3-G2WNoNsU33EfRAkmPM4AIcMODhBLtZu0hSdzxoK90GxphtKQJAlCQ2KOEvBawlcHwMBZoSDHMdpQRkIsrSgaSE9MaeGZyNrNBw61twdeTPkekPXc9DQXTjIdmaD-Whca5dL8MGXn---fv5uV-_9rTw8UbsvQQg1Re20lQ5sq6J0dD6zu0fW2GoMKs9s07DyFy5Qjb25PSAy9uaE-WYWG_9jb0Z7c7I3jT8kqp5YkXPVM5yIbWUqfSyVP5TWRZHzriDsdrvmv4mEKBfwTiCCCXsve22x31k-zwliBOXJmjC9qK85RgFDMdFhfRsTXVQ12GmpMlTqnOkiUIGCFaUthRoISUiALEIRaKFGAFHbGGua1pFbUj3Wcc7rmNFQV1aQXl6ecQZ_AzWHu_8&v=c1&r=https%3A%2F%2Fwww.amazon.com%2Fgp%2Faw%2Fd%2FB0GJG61H8X%3Fpd_rd_plhdr%3Dt%26hsa_cr_id%3D0%26qid%3D1790837405%26sr%3D1-7-5a5562f9-fdfd-4101-9f9d-d76aa9998432%26i%3Daps%26aref%3D5Z0euuMsr0&ref_=sbx__sbtcd2_asin_6_bkgd&pd_rd_w=mgLpR&content-id=amzn1.sym.90f77631-9599-4fe0-95f8-a40adfe1c762%3Aamzn1.sym.90f77631-9599-4fe0-95f8-a40adfe1c762&pf_rd_p=90f77631-9599-4fe0-95f8-a40adfe1c762&pf_rd_r=CXAPW3Z3K2F64X43B4FZ&pd_rd_wg=Uz5ip&pd_rd_r=7e7e20c8-c25e-44d7-b62e-605d846e438b,"https://m.media-amazon.com/images/I/61uy7PKiFoL._AC_SR322,134_CB1169409_QL70_.jpg",45,排名进入前30；价格处于人民币等值¥180.00-¥288.00区间。
2026-10-01,amazon_us,product,search,platform sandals women,23,REEF,¥345.60,4.5,REEF,,,,,,https://www.amazon.com/Reef-Womens-Cushion-Sandal-Natural/dp/B0B7TTVGVJ/ref=sr_1_10?dib=eyJ2IjoiMSJ9.7DUZCoJhebTlfAwJI31eoU2azv5q_oq9mB7AlJ8T4zpb01vuk-bYzZiI1c0Q2aycV4hNt8GmThNVs44ew3S4hFYbD1PpmbDzFnoZ91fJLaF2ILeS2YajK4H7FM3A-PQnlErhCnGFY8CLsC17C_lZhNDdjzDfeMA7PK2JyAOFZL5iSk5xGBycIe1royLq3YPuyK9KH5aVVj-MUo1gJ-X0bE0JgHK9WLdAff6dbcNW4LoopCa4pBsRXC9zy-y_U4siYJVkPgMCBdPmTMzVHY-3kaVIIQqAZnTTODZOyk9rJbU.MJ-W_hUFo0CooSsTKHmovPRtYgSuefrkAXuWLZS1Pyg&dib_tag=se&keywords=platform+sandals+women&qid=1790837405&sr=8-10,https://m.media-amazon.com/images/I/81cCTkHhaSL._AC_UL320_.jpg,45,排名进入前30；价格高于人民币等值¥288.00；评分达到4.3以上。
2026-10-01,amazon_us,product,new_releases,New Releases Women Sandals,24,"DREAM PAIRS Women's Chunky Low Heel Thong Sandals | Square Open Toe Slip On, Flip Flop Summer Heels, Comfortable Elgeant Going Out Sandals, Causal for Travel Daily Party Events",,3.8,$24.99,,,,,,https://www.amazon.com/DREAM-PAIRS-Womens-Chunky-Sandals/dp/B0H4FNT36P/ref=zg_bsnr_g_679425011_d_sccl_24/145-4466855-1173528?psc=1,"https://images-na.ssl-images-amazon.com/images/I/61B769rYVcL._AC_UL600_SR600,400_.jpg",44,排名进入前30；标题包含 comfort、summer，符合美国女鞋舒适化趋势。
2026-10-01,amazon_us,product,new_releases,New Releases Women Sandals,30,"Hioora Toe Separating Arch Support Sandals Slippers for Women | Toe Separator, Indoor & Outdoor, Summer Slides, Arch Support",,,$22.99,,,,,,https://www.amazon.com/Hioora-Separating-Support-Sandals-Slippers/dp/B0HKFZ62QS/ref=zg_bsnr_g_679425011_d_sccl_30/145-4466855-1173528?psc=1,"https://images-na.ssl-images-amazon.com/images/I/613fzDe1kmL._AC_UL600_SR600,400_.jpg",44,排名进入前30；标题包含 arch support、summer，符合美国女鞋舒适化趋势。
2026-10-01,amazon_us,product,best_sellers,Best Sellers Women Sandals,16,IDIFU Women's Cookie-LO Low Block Heels Chunky Sandals Ankle Strap Wedding Dress Pump Shoes,,4.3,$28.49,,,,,,https://www.amazon.com/IDIFU-Womens-Cookie-LO-Ankle-Sandal/dp/B07CVSF4G6/ref=zg_bs_g_679425011_d_sccl_16/143-7594341-1211448?psc=1,"https://images-na.ssl-images-amazon.com/images/I/710+HIt2AHL._AC_UL600_SR600,400_.jpg",42,排名进入前30；评分达到4.3以上。
2026-10-01,amazon_us,product,best_sellers,Best Sellers Women Sandals,25,PARTY Women's Open Toe Ankle Strap Low Block Chunky Heels Sandals,,4.4,$30.99,,,,,,https://www.amazon.com/PARTY-Womens-Ankle-Chunky-Sandals/dp/B0CR9QXJTK/ref=zg_bs_g_679425011_d_sccl_25/143-7594341-1211448?psc=1,"https://images-na.ssl-images-amazon.com/images/I/615IvQVkYsL._AC_UL600_SR600,400_.jpg",42,排名进入前30；评分达到4.3以上。
2026-10-01,amazon_us,product,new_releases,New Releases Women Sandals,25,"Susanny Women's Closed Toe Rhinstone Wedding Low Heel Slingback Clear Kitten Heels,Adjustable Strap Pointed Toe Bow Pumps High Heeled Prom Dress Shoes",,4.5,$39.98,,,,,,https://www.amazon.com/Susanny-Womens-Silver-Kitten-Rhinestone/dp/B0H7QR8NP2/ref=zg_bsnr_g_679425011_d_sccl_25/145-4466855-1173528?psc=1,"https://images-na.ssl-images-amazon.com/images/I/61hs-vFfUjL._AC_UL600_SR600,400_.jpg",42,排名进入前30；评分达到4.3以上。
2026-10-01,amazon_us,product,new_releases,New Releases Women Sandals,36,"SUITSER Womens Comfortable Beach Sandals Waterproof Pool Eva Slides | Arch Support,Adjustable Double Buckles,Summer Walking Slides,Slip on,Non Slip,Lightweight,Shower Outdoor Shoes",,4.0,$9.99,,,,,,https://www.amazon.com/SUITSER-Womens-Comfortable-Sandals-Waterproof/dp/B0H14F4G37/ref=zg_bsnr_g_679425011_d_sccl_36/143-7594341-1211448?psc=1,"https://images-na.ssl-images-amazon.com/images/I/71IwB6FPJSL._AC_UL300_SR300,200_.jpg",42,排名进入前50；标题包含 comfort、arch support、beach、summer，符合美国女鞋舒适化趋势；评分达到4.0以上。
2026-10-01,amazon_us,product,search,women summer slippers,32,GOEWY,¥129.53,4.3,GOEWY,,,,,,https://www.amazon.com/GOEWY-House-Slippers-Summer-Memory/dp/B0GVYCBV2P/ref=sr_1_21?dib=eyJ2IjoiMSJ9.mENb4kbb2DDwdhADjf6v-UqLvPaXeVFqbQI2pNI9M-Sicx_ifsRFApQrHIr12eLlScEETW0RXPPHJolNN0AEuGQMdSCjfaCv99R1_epmprVO6je9GuFAOR68GFvOAGKyJZ-_0Yln3sQWdpvj2M3XtkG-Z4OR_azbld4V2nfzqd9a9LcqTlT2j4GsodsANPVuzj7LrCQ-JpXAK4-A1VJRpPyGEcF9AhIx-CYgv25glIqjLkwlK_DBAn17K9PiYcRXux5AsTeLobb001VqHugi0YHS4EvxKXra-wXmBhTKdZs.FV6ZMFBHvvQ8mjcgdNhd8W_RYDKvnsykrYnvEx8Knvs&dib_tag=se&keywords=women+summer+slippers&qid=1790837404&sr=8-21,https://m.media-amazon.com/images/I/71mtwAgrcLL._AC_UL320_.jpg,42,排名进入前50；价格处于人民币等值¥57.60-¥180.00黄金区间；评分达到4.3以上。
2026-10-01,amazon_us,product,search,women summer slippers,36,ULTRAIDEAS,¥122.33,4.5,ULTRAIDEAS,,,,,,https://www.amazon.com/ULTRAIDEAS-Slippers-Bowknot-Outdoor-Anti-Skid/dp/B07MZ3H6MN/ref=sr_1_25?dib=eyJ2IjoiMSJ9.mENb4kbb2DDwdhADjf6v-UqLvPaXeVFqbQI2pNI9M-Sicx_ifsRFApQrHIr12eLlScEETW0RXPPHJolNN0AEuGQMdSCjfaCv99R1_epmprVO6je9GuFAOR68GFvOAGKyJZ-_0Yln3sQWdpvj2M3XtkG-Z4OR_azbld4V2nfzqd9a9LcqTlT2j4GsodsANPVuzj7LrCQ-JpXAK4-A1VJRpPyGEcF9AhIx-CYgv25glIqjLkwlK_DBAn17K9PiYcRXux5AsTeLobb001VqHugi0YHS4EvxKXra-wXmBhTKdZs.FV6ZMFBHvvQ8mjcgdNhd8W_RYDKvnsykrYnvEx8Knvs&dib_tag=se&keywords=women+summer+slippers&qid=1790837404&sr=8-25,https://m.media-amazon.com/images/I/71cvxwhDe7L._AC_UL320_.jpg,42,排名进入前50；价格处于人民币等值¥57.60-¥180.00黄金区间；评分达到4.3以上。
2026-10-01,amazon_us,product,search,women summer slippers,40,ATHMILE,¥110.09,4.5,ATHMILE,,,,,,https://www.amazon.com/ATHMILE-Slippers-Barefoot-Bedroom-8-5-9-5/dp/B0CXDKD35S/ref=sr_1_29?dib=eyJ2IjoiMSJ9.mENb4kbb2DDwdhADjf6v-UqLvPaXeVFqbQI2pNI9M-Sicx_ifsRFApQrHIr12eLlScEETW0RXPPHJolNN0AEuGQMdSCjfaCv99R1_epmprVO6je9GuFAOR68GFvOAGKyJZ-_0Yln3sQWdpvj2M3XtkG-Z4OR_azbld4V2nfzqd9a9LcqTlT2j4GsodsANPVuzj7LrCQ-JpXAK4-A1VJRpPyGEcF9AhIx-CYgv25glIqjLkwlK_DBAn17K9PiYcRXux5AsTeLobb001VqHugi0YHS4EvxKXra-wXmBhTKdZs.FV6ZMFBHvvQ8mjcgdNhd8W_RYDKvnsykrYnvEx8Knvs&dib_tag=se&keywords=women+summer+slippers&qid=1790837404&sr=8-29,https://m.media-amazon.com/images/I/71pjxDZzLbL._AC_UL320_.jpg,42,排名进入前50；价格处于人民币等值¥57.60-¥180.00黄金区间；评分达到4.3以上。
2026-10-01,amazon_us,product,search,women summer slippers,49,KuaiLu,¥100.66,4.3,KuaiLu,,,,,,https://www.amazon.com/KuaiLu-Support-Comfortable-Walking-Sandals/dp/B0C5ZZ51RT/ref=sr_1_38?dib=eyJ2IjoiMSJ9.mENb4kbb2DDwdhADjf6v-UqLvPaXeVFqbQI2pNI9M-Sicx_ifsRFApQrHIr12eLlScEETW0RXPPHJolNN0AEuGQMdSCjfaCv99R1_epmprVO6je9GuFAOR68GFvOAGKyJZ-_0Yln3sQWdpvj2M3XtkG-Z4OR_azbld4V2nfzqd9a9LcqTlT2j4GsodsANPVuzj7LrCQ-JpXAK4-A1VJRpPyGEcF9AhIx-CYgv25glIqjLkwlK_DBAn17K9PiYcRXux5AsTeLobb001VqHugi0YHS4EvxKXra-wXmBhTKdZs.FV6ZMFBHvvQ8mjcgdNhd8W_RYDKvnsykrYnvEx8Knvs&dib_tag=se&keywords=women+summer+slippers&qid=1790837404&sr=8-38,https://m.media-amazon.com/images/I/710PdcSAm6L._AC_UL320_.jpg,42,排名进入前50；价格处于人民币等值¥57.60-¥180.00黄金区间；评分达到4.3以上。
2026-10-01,amazon_us,product,search,women slides,36,BRONAX,¥172.73,4.3,BRONAX,,,,,,https://www.amazon.com/BRONAX-Slides-Slippers-Sandals-Cushioned/dp/B0BPWYWZDK/ref=sr_1_25?dib=eyJ2IjoiMSJ9._15A5a1ahvFQhpFGdv4ULe5ISCpT-qDImHOl_nO4JUk4x0xijIbmadlGqVZf6iI8JFU_rW53NzF0E1Vwj2lqQW_AbLENyt7dhf1Mppl-Rw7fpScQF9WsbO0NOiYMuT_S5cV_Di2TYzZg4Azm2gJe9te4mCnjngwF7nkASm53F0OZWO1VBV92hxce3l9pIr0_0PIURqH0SevWULwaySp1-ajb5CaAxYfebsOJwOnwWAR8vXDgNazK0sKNdTZ4eyAeDP8QW51xqQhx9irQc65ilN3163pski5PR2c3PZPaABg.xe_nWg03AiwModxcHM79_0-vKHTvSeagRlLZrEZpPdo&dib_tag=se&keywords=women+slides&qid=1790837405&sr=8-25,https://m.media-amazon.com/images/I/61i-dRRb1oL._AC_UL320_.jpg,42,排名进入前50；价格处于人民币等值¥57.60-¥180.00黄金区间；评分达到4.3以上。
2026-10-01,amazon_us,product,search,women slides,37,welltree,¥107.93,4.3,welltree,,,,,,https://www.amazon.com/welltree-Slippers-Non-Slip-Bathroom-Sandals/dp/B09JVKT6L8/ref=sr_1_26?dib=eyJ2IjoiMSJ9._15A5a1ahvFQhpFGdv4ULe5ISCpT-qDImHOl_nO4JUk4x0xijIbmadlGqVZf6iI8JFU_rW53NzF0E1Vwj2lqQW_AbLENyt7dhf1Mppl-Rw7fpScQF9WsbO0NOiYMuT_S5cV_Di2TYzZg4Azm2gJe9te4mCnjngwF7nkASm53F0OZWO1VBV92hxce3l9pIr0_0PIURqH0SevWULwaySp1-ajb5CaAxYfebsOJwOnwWAR8vXDgNazK0sKNdTZ4eyAeDP8QW51xqQhx9irQc65ilN3163pski5PR2c3PZPaABg.xe_nWg03AiwModxcHM79_0-vKHTvSeagRlLZrEZpPdo&dib_tag=se&keywords=women+slides&qid=1790837405&sr=8-26,https://m.media-amazon.com/images/I/51gpb9lx2LL._AC_UL320_.jpg,42,排名进入前50；价格处于人民币等值¥57.60-¥180.00黄金区间；评分达到4.3以上。
2026-10-01,amazon_us,product,search,women slides,41,Spesoul,¥122.33,4.4,Spesoul,,,,,,https://www.amazon.com/Womens-Slippers-Indoor-Outdoor-Sandals/dp/B07Q1NHLZC/ref=sr_1_30?dib=eyJ2IjoiMSJ9._15A5a1ahvFQhpFGdv4ULe5ISCpT-qDImHOl_nO4JUk4x0xijIbmadlGqVZf6iI8JFU_rW53NzF0E1Vwj2lqQW_AbLENyt7dhf1Mppl-Rw7fpScQF9WsbO0NOiYMuT_S5cV_Di2TYzZg4Azm2gJe9te4mCnjngwF7nkASm53F0OZWO1VBV92hxce3l9pIr0_0PIURqH0SevWULwaySp1-ajb5CaAxYfebsOJwOnwWAR8vXDgNazK0sKNdTZ4eyAeDP8QW51xqQhx9irQc65ilN3163pski5PR2c3PZPaABg.xe_nWg03AiwModxcHM79_0-vKHTvSeagRlLZrEZpPdo&dib_tag=se&keywords=women+slides&qid=1790837405&sr=8-30,https://m.media-amazon.com/images/I/7160g5DAKLL._AC_UL320_.jpg,42,排名进入前50；价格处于人民币等值¥57.60-¥180.00黄金区间；评分达到4.3以上。
2026-10-01,amazon_us,product,search,women slides,47,RockDove,¥136.73,4.3,RockDove,,,,,,https://www.amazon.com/RockDove-Womens-Velcro-Memory-Slide/dp/B07N6GYGF2/ref=sr_1_36?dib=eyJ2IjoiMSJ9._15A5a1ahvFQhpFGdv4ULe5ISCpT-qDImHOl_nO4JUk4x0xijIbmadlGqVZf6iI8JFU_rW53NzF0E1Vwj2lqQW_AbLENyt7dhf1Mppl-Rw7fpScQF9WsbO0NOiYMuT_S5cV_Di2TYzZg4Azm2gJe9te4mCnjngwF7nkASm53F0OZWO1VBV92hxce3l9pIr0_0PIURqH0SevWULwaySp1-ajb5CaAxYfebsOJwOnwWAR8vXDgNazK0sKNdTZ4eyAeDP8QW51xqQhx9irQc65ilN3163pski5PR2c3PZPaABg.xe_nWg03AiwModxcHM79_0-vKHTvSeagRlLZrEZpPdo&dib_tag=se&keywords=women+slides&qid=1790837405&sr=8-36,https://m.media-amazon.com/images/I/81yJ955n5jL._AC_UL320_.jpg,42,排名进入前50；价格处于人民币等值¥57.60-¥180.00黄金区间；评分达到4.3以上。
2026-10-01,amazon_us,product,search,platform sandals women,14,Spring Step L'Artiste womens Caelana Spring Step L'Artiste womens Caelana,¥935.64,4.2,4.2,,,,,,https://sponsored-ads.amazon.com/clk/?_encoding=UTF8&p=eAFVUMuO0lAYDk7UCY6XsJhJcIeRBebQ09ILxRDTm0wDFCiXTNicnPacljrQlnM6MrpgYeIbmLjSpWsTH8Fn8EVcuTSRMcZv9SXf5f_zlcPjT-9__bhTuW_MFmO77_YvoO34tZLYOI1omlyj3u7ZkI_fUC2wz3EsC53TVyu_qS_H7dBk24vAW1ymsmJP_HtyU1SUptiSm3B5a2oGx4YzO3d8d1o5K98llF8WWV45mXu-Y416nrt07Oq3UvnJjYI4xSxcoZyyMFvjgqIkXScpRUERVcp4g99maTPMNtXHPADhGnOehOCQAQcnyMXabZqi-bSh8AAUK7qhBITZek3DIslS8FoCN8dAiBnhIMdJWlAGwiwtaFpIT03f8GxkjQYDx5q5I2-KXG_geg4auAsH2c60PxuNa2q5BB99-fnu6-fvdvXB38rDE7WHEoRQV7S2qrShqonS0Xxqd46ssdXoV57bpmHlL12gGXtze0Bs7M0JC8wsMf7H3oz35mRvGn9IXD2xYue6Zzgx28pU-lgqfyitiiLnHUHY7XbNfxMJcS7gnUAEE1oTU_WXw9mLnCBGUL5eEdYt6iuOUchQQrqwvk1IV9R02G5pMlTqnHVFoAAFK4oqRTqISESALEIR6JFOANFUjHVdb8stqZ50cc7rmNGoqywhvboacgZ_A1F4vD8&v=c1&r=https%3A%2F%2Fwww.amazon.com%2Fgp%2Faw%2Fd%2FB0CQB6RZMT%3Fpd_rd_plhdr%3Dt%26hsa_cr_id%3D0%26qid%3D1790837405%26sr%3D1-5-5a5562f9-fdfd-4101-9f9d-d76aa9998432%26i%3Daps%26aref%3D5Z0euuMsr0&ref_=sbx__sbtcd2_asin_4_bkgd&pd_rd_w=mgLpR&content-id=amzn1.sym.90f77631-9599-4fe0-95f8-a40adfe1c762%3Aamzn1.sym.90f77631-9599-4fe0-95f8-a40adfe1c762&pf_rd_p=90f77631-9599-4fe0-95f8-a40adfe1c762&pf_rd_r=CXAPW3Z3K2F64X43B4FZ&pd_rd_wg=Uz5ip&pd_rd_r=7e7e20c8-c25e-44d7-b62e-605d846e438b,"https://m.media-amazon.com/images/I/810hVoH0sTL._AC_SR322,134_CB1169409_QL70_.jpg",42,排名进入前30；价格高于人民币等值¥288.00；评分达到4.0以上。
2026-10-01,amazon_us,product,search,platform sandals women,26,Aerosoles,¥359.93,4.2,Aerosoles,,,,,,https://www.amazon.com/Aerosoles-Womens-CAMILIA-Heeled-Natural/dp/B0CTKDTBST/ref=sr_1_13?dib=eyJ2IjoiMSJ9.7DUZCoJhebTlfAwJI31eoU2azv5q_oq9mB7AlJ8T4zpb01vuk-bYzZiI1c0Q2aycV4hNt8GmThNVs44ew3S4hFYbD1PpmbDzFnoZ91fJLaF2ILeS2YajK4H7FM3A-PQnlErhCnGFY8CLsC17C_lZhNDdjzDfeMA7PK2JyAOFZL5iSk5xGBycIe1royLq3YPuyK9KH5aVVj-MUo1gJ-X0bE0JgHK9WLdAff6dbcNW4LoopCa4pBsRXC9zy-y_U4siYJVkPgMCBdPmTMzVHY-3kaVIIQqAZnTTODZOyk9rJbU.MJ-W_hUFo0CooSsTKHmovPRtYgSuefrkAXuWLZS1Pyg&dib_tag=se&keywords=platform+sandals+women&qid=1790837405&sr=8-13,https://m.media-amazon.com/images/I/71bCv2s89xL._AC_UL320_.jpg,42,排名进入前30；价格高于人民币等值¥288.00；评分达到4.0以上。
2026-10-01,amazon_us,product,search,platform sandals women,43,TIKVAW,¥122.33,4.3,TIKVAW,,,,,,https://www.amazon.com/TIKVAW-Support-Platform-Sandals-Adjustable/dp/B0C8TVJF3P/ref=sr_1_30?dib=eyJ2IjoiMSJ9.7DUZCoJhebTlfAwJI31eoU2azv5q_oq9mB7AlJ8T4zpb01vuk-bYzZiI1c0Q2aycV4hNt8GmThNVs44ew3S4hFYbD1PpmbDzFnoZ91fJLaF2ILeS2YajK4H7FM3A-PQnlErhCnGFY8CLsC17C_lZhNDdjzDfeMA7PK2JyAOFZL5iSk5xGBycIe1royLq3YPuyK9KH5aVVj-MUo1gJ-X0bE0JgHK9WLdAff6dbcNW4LoopCa4pBsRXC9zy-y_U4siYJVkPgMCBdPmTMzVHY-3kaVIIQqAZnTTODZOyk9rJbU.MJ-W_hUFo0CooSsTKHmovPRtYgSuefrkAXuWLZS1Pyg&dib_tag=se&keywords=platform+sandals+women&qid=1790837405&sr=8-30,https://m.media-amazon.com/images/I/71mwMI75T8L._AC_UL320_.jpg,42,排名进入前50；价格处于人民币等值¥57.60-¥180.00黄金区间；评分达到4.3以上。
2026-10-01,amazon_us,product,new_releases,New Releases Women Sandals,26,"JACKSHIBO Jelly Flip Flops for Women Slip on Thong Sandals Clear Slides | Fashion Trendy Sandals, Summer Beach Walking, Non Slip Flat for Shower Pool, Waterproof, Transparent, PVC, Tortie Tortoise",,3.8,$9.99,,,,,,https://www.amazon.com/JACKSHIBO-Jelly-Flip-Sandals-Slides/dp/B0HBVGW7LP/ref=zg_bsnr_g_679425011_d_sccl_26/145-4466855-1173528?psc=1,"https://images-na.ssl-images-amazon.com/images/I/81olzVAfhkL._AC_UL600_SR600,400_.jpg",41,排名进入前30；标题包含 beach、summer，符合美国女鞋舒适化趋势。
2026-10-01,amazon_us,product,search,women slides,39,PUMA,¥200.45,5.0,PUMA,,,,,,https://www.amazon.com/PUMA-Womens-Slide-Sandals-Black-Mauve/dp/B0GRKGZ78L/ref=sr_1_28?dib=eyJ2IjoiMSJ9._15A5a1ahvFQhpFGdv4ULe5ISCpT-qDImHOl_nO4JUk4x0xijIbmadlGqVZf6iI8JFU_rW53NzF0E1Vwj2lqQW_AbLENyt7dhf1Mppl-Rw7fpScQF9WsbO0NOiYMuT_S5cV_Di2TYzZg4Azm2gJe9te4mCnjngwF7nkASm53F0OZWO1VBV92hxce3l9pIr0_0PIURqH0SevWULwaySp1-ajb5CaAxYfebsOJwOnwWAR8vXDgNazK0sKNdTZ4eyAeDP8QW51xqQhx9irQc65ilN3163pski5PR2c3PZPaABg.xe_nWg03AiwModxcHM79_0-vKHTvSeagRlLZrEZpPdo&dib_tag=se&keywords=women+slides&qid=1790837405&sr=8-28,https://m.media-amazon.com/images/I/71kIVrdgXOL._AC_UL320_.jpg,40,排名进入前50；价格处于人民币等值¥180.00-¥288.00区间；评分达到4.6以上。
2026-10-01,amazon_us,product,best_sellers,Best Sellers Women Sandals,17,LULLASONG Women's Kitten Heels Sandals Square Open Toe Flip Flop Heels 1.8-2 Inch Heeled Sandals for Women,,4.0,$35.99,,,,,,https://www.amazon.com/LULLASONG-Womens-Kitten-Sandals-Square/dp/B0DCFSM597/ref=zg_bs_g_679425011_d_sccl_17/143-7594341-1211448?psc=1,"https://images-na.ssl-images-amazon.com/images/I/61aVZl7OhqL._AC_UL600_SR600,400_.jpg",39,排名进入前30；评分达到4.0以上。
2026-10-01,amazon_us,product,best_sellers,Best Sellers Women Sandals,21,Susanny High Heels for Women Pointed Open Toe Strappy Chunky Block Heels Ankle Strap Stiletto Kitten Heeled Sandals Wedding Bridal Party Prom Sexy Dress Shoes,,4.2,$34.11,,,,,,https://www.amazon.com/Susanny-Pointed-Strappy-Stiletto-Sandals/dp/B0DSVXXFGX/ref=zg_bs_g_679425011_d_sccl_21/143-7594341-1211448?psc=1,"https://images-na.ssl-images-amazon.com/images/I/71xlGjMZFaL._AC_UL600_SR600,400_.jpg",39,排名进入前30；评分达到4.0以上。
2026-10-01,amazon_us,product,best_sellers,Best Sellers Women Sandals,28,Hodeery Women's Kitten Heels Thong Sandals Open Square Toe Flip Flop Low Heels 2.5 Inch Slip On Sexy Women Dressy Slide Shoes for Casual,,4.0,$26.92,,,,,,https://www.amazon.com/Hodeery-Womens-Kitten-Sandals-Square/dp/B0DT8C6HKM/ref=zg_bs_g_679425011_d_sccl_28/143-7594341-1211448?psc=1,"https://images-na.ssl-images-amazon.com/images/I/51Pl6wuu4HL._AC_UL600_SR600,400_.jpg",39,排名进入前30；评分达到4.0以上。
2026-10-01,amazon_us,product,best_sellers,Best Sellers Women Sandals,30,"DREAM PAIRS Women's Chunky Heel Sandal | sleek thin straps square-toe design,3.15 inch chunky block ankle buckle heeled sandals,for wedding party dress prom",,4.1,$33.99,,,,,,https://www.amazon.com/DREAM-PAIRS-Strappy-Sandals-SDHS2428W/dp/B0CPHSR46Y/ref=zg_bs_g_679425011_d_sccl_30/143-7594341-1211448?psc=1,"https://images-na.ssl-images-amazon.com/images/I/61bf5lXJwTL._AC_UL600_SR600,400_.jpg",39,排名进入前30；评分达到4.0以上。
2026-10-01,amazon_us,product,best_sellers,Best Sellers Women Sandals,43,KuaiLu Womens Flip Flops Arch Support Yoga Mat Cushioned Thong Sandals | Ladies Comfortable Walking Slides For Plantar Fasciitis Slip On Indoor Outdoor For Summer,,4.1,$25.99,,,,,,https://www.amazon.com/KuaiLu-Comfortable-Walking-Sandals-Fasciitis/dp/B08XX52FHY/ref=zg_bs_g_679425011_d_sccl_43/143-7594341-1211448?psc=1,"https://images-na.ssl-images-amazon.com/images/I/61giVB09JoL._AC_UL300_SR300,200_.jpg",39,排名进入前50；标题包含 comfort、arch support、summer，符合美国女鞋舒适化趋势；评分达到4.0以上。
2026-10-01,amazon_us,product,new_releases,New Releases Women Sandals,23,Coutgo Womens Slingback Flats Bow Closed Pointed Toe Mesh Ballet Flats Low Heel Sandals Dress Shoes,,4.1,$44.99,,,,,,https://www.amazon.com/Coutgo-Womens-Slingback-Pointed-Sandals/dp/B0H93P8R98/ref=zg_bsnr_g_679425011_d_sccl_23/145-4466855-1173528?psc=1,"https://images-na.ssl-images-amazon.com/images/I/518gmTpHHrL._AC_UL600_SR600,400_.jpg",39,排名进入前30；评分达到4.0以上。
2026-10-01,amazon_us,product,new_releases,New Releases Women Sandals,27,"LOOPCHARM Women's Strappy Chunky Block Heels Square Open Toe Sandals | 3 Inch Adjustable Ankle Buckle Strap Heeled Sandals, Dressy Shoes for Bridal Guest Wedding Prom Party",,4.1,$49.99,,,,,,https://www.amazon.com/LOOPCHARM-Strappy-Sandals-Gold-Rhinestone/dp/B0H25N85ZS/ref=zg_bsnr_g_679425011_d_sccl_27/145-4466855-1173528?psc=1,"https://images-na.ssl-images-amazon.com/images/I/71FCILt3ebL._AC_UL600_SR600,400_.jpg",39,排名进入前30；评分达到4.0以上。
2026-10-01,amazon_us,product,search,women summer slippers,38,Garonne,¥115.13,4.2,Garonne,,,,,,https://www.amazon.com/Garonne-Slippers-Non-Slip-Bedroom-Outdoor/dp/B0F37BTNB5/ref=sr_1_27?dib=eyJ2IjoiMSJ9.mENb4kbb2DDwdhADjf6v-UqLvPaXeVFqbQI2pNI9M-Sicx_ifsRFApQrHIr12eLlScEETW0RXPPHJolNN0AEuGQMdSCjfaCv99R1_epmprVO6je9GuFAOR68GFvOAGKyJZ-_0Yln3sQWdpvj2M3XtkG-Z4OR_azbld4V2nfzqd9a9LcqTlT2j4GsodsANPVuzj7LrCQ-JpXAK4-A1VJRpPyGEcF9AhIx-CYgv25glIqjLkwlK_DBAn17K9PiYcRXux5AsTeLobb001VqHugi0YHS4EvxKXra-wXmBhTKdZs.FV6ZMFBHvvQ8mjcgdNhd8W_RYDKvnsykrYnvEx8Knvs&dib_tag=se&keywords=women+summer+slippers&qid=1790837404&sr=8-27,https://m.media-amazon.com/images/I/81JmkmTRcmL._AC_UL320_.jpg,39,排名进入前50；价格处于人民币等值¥57.60-¥180.00黄金区间；评分达到4.0以上。
2026-10-01,amazon_us,product,search,women summer slippers,43,KuaiLu,¥71.93,4.2,KuaiLu,,,,,,https://www.amazon.com/KuaiLu-Support-Comfortable-Cushion-Walking/dp/B08GKGCH2R/ref=sr_1_32?dib=eyJ2IjoiMSJ9.mENb4kbb2DDwdhADjf6v-UqLvPaXeVFqbQI2pNI9M-Sicx_ifsRFApQrHIr12eLlScEETW0RXPPHJolNN0AEuGQMdSCjfaCv99R1_epmprVO6je9GuFAOR68GFvOAGKyJZ-_0Yln3sQWdpvj2M3XtkG-Z4OR_azbld4V2nfzqd9a9LcqTlT2j4GsodsANPVuzj7LrCQ-JpXAK4-A1VJRpPyGEcF9AhIx-CYgv25glIqjLkwlK_DBAn17K9PiYcRXux5AsTeLobb001VqHugi0YHS4EvxKXra-wXmBhTKdZs.FV6ZMFBHvvQ8mjcgdNhd8W_RYDKvnsykrYnvEx8Knvs&dib_tag=se&keywords=women+summer+slippers&qid=1790837404&sr=8-32,https://m.media-amazon.com/images/I/81-DUybjK+L._AC_UL320_.jpg,39,排名进入前50；价格处于人民币等值¥57.60-¥180.00黄金区间；评分达到4.0以上。
2026-10-01,amazon_us,product,search,women summer slippers,44,Linen House Slippers for Women Men,¥71.93,4.2,"Price, product page $9.99 $ 9 . 99",,,,,,https://www.amazon.com/VIDSID-Linen-Slippers-Breathable-Anti-Slip/dp/B0D4DNFVWP/ref=sr_1_33?dib=eyJ2IjoiMSJ9.mENb4kbb2DDwdhADjf6v-UqLvPaXeVFqbQI2pNI9M-Sicx_ifsRFApQrHIr12eLlScEETW0RXPPHJolNN0AEuGQMdSCjfaCv99R1_epmprVO6je9GuFAOR68GFvOAGKyJZ-_0Yln3sQWdpvj2M3XtkG-Z4OR_azbld4V2nfzqd9a9LcqTlT2j4GsodsANPVuzj7LrCQ-JpXAK4-A1VJRpPyGEcF9AhIx-CYgv25glIqjLkwlK_DBAn17K9PiYcRXux5AsTeLobb001VqHugi0YHS4EvxKXra-wXmBhTKdZs.FV6ZMFBHvvQ8mjcgdNhd8W_RYDKvnsykrYnvEx8Knvs&dib_tag=se&keywords=women+summer+slippers&qid=1790837404&sr=8-33,https://m.media-amazon.com/images/I/81CG5b2e3QL._AC_UL320_.jpg,39,排名进入前50；价格处于人民币等值¥57.60-¥180.00黄金区间；评分达到4.0以上。
2026-10-01,amazon_us,product,search,women summer slippers,45,mazeskin,¥68.26,4.2,mazeskin,,,,,,https://www.amazon.com/mazeskin-Womens-Comfortable-Sandals-Leather/dp/B0F32KMZ18/ref=sr_1_34?dib=eyJ2IjoiMSJ9.mENb4kbb2DDwdhADjf6v-UqLvPaXeVFqbQI2pNI9M-Sicx_ifsRFApQrHIr12eLlScEETW0RXPPHJolNN0AEuGQMdSCjfaCv99R1_epmprVO6je9GuFAOR68GFvOAGKyJZ-_0Yln3sQWdpvj2M3XtkG-Z4OR_azbld4V2nfzqd9a9LcqTlT2j4GsodsANPVuzj7LrCQ-JpXAK4-A1VJRpPyGEcF9AhIx-CYgv25glIqjLkwlK_DBAn17K9PiYcRXux5AsTeLobb001VqHugi0YHS4EvxKXra-wXmBhTKdZs.FV6ZMFBHvvQ8mjcgdNhd8W_RYDKvnsykrYnvEx8Knvs&dib_tag=se&keywords=women+summer+slippers&qid=1790837404&sr=8-34,https://m.media-amazon.com/images/I/71jV8GHPNSL._AC_UL320_.jpg,39,排名进入前50；价格处于人民币等值¥57.60-¥180.00黄金区间；评分达到4.0以上。
2026-10-01,amazon_us,product,search,women slides,34,Crocs,¥162.00,4.2,Crocs,,,,,,https://www.amazon.com/Crocs-Womens-Slide-Sandal-Taupe/dp/B0F9XF5RX9/ref=sr_1_23?dib=eyJ2IjoiMSJ9._15A5a1ahvFQhpFGdv4ULe5ISCpT-qDImHOl_nO4JUk4x0xijIbmadlGqVZf6iI8JFU_rW53NzF0E1Vwj2lqQW_AbLENyt7dhf1Mppl-Rw7fpScQF9WsbO0NOiYMuT_S5cV_Di2TYzZg4Azm2gJe9te4mCnjngwF7nkASm53F0OZWO1VBV92hxce3l9pIr0_0PIURqH0SevWULwaySp1-ajb5CaAxYfebsOJwOnwWAR8vXDgNazK0sKNdTZ4eyAeDP8QW51xqQhx9irQc65ilN3163pski5PR2c3PZPaABg.xe_nWg03AiwModxcHM79_0-vKHTvSeagRlLZrEZpPdo&dib_tag=se&keywords=women+slides&qid=1790837405&sr=8-23,https://m.media-amazon.com/images/I/61cPOC2WmbL._AC_UL320_.jpg,39,排名进入前50；价格处于人民币等值¥57.60-¥180.00黄金区间；评分达到4.0以上。
2026-10-01,amazon_us,product,search,women slides,31,Tommy Hilfiger,¥215.78,4.4,Tommy Hilfiger,,,,,,https://www.amazon.com/Tommy-Hilfiger-Womens-Sandal-Glitter/dp/B07C9H2SMY/ref=sr_1_20?dib=eyJ2IjoiMSJ9._15A5a1ahvFQhpFGdv4ULe5ISCpT-qDImHOl_nO4JUk4x0xijIbmadlGqVZf6iI8JFU_rW53NzF0E1Vwj2lqQW_AbLENyt7dhf1Mppl-Rw7fpScQF9WsbO0NOiYMuT_S5cV_Di2TYzZg4Azm2gJe9te4mCnjngwF7nkASm53F0OZWO1VBV92hxce3l9pIr0_0PIURqH0SevWULwaySp1-ajb5CaAxYfebsOJwOnwWAR8vXDgNazK0sKNdTZ4eyAeDP8QW51xqQhx9irQc65ilN3163pski5PR2c3PZPaABg.xe_nWg03AiwModxcHM79_0-vKHTvSeagRlLZrEZpPdo&dib_tag=se&keywords=women+slides&qid=1790837405&sr=8-20,https://m.media-amazon.com/images/I/61U+T6nQA-L._AC_UL320_.jpg,37,排名进入前50；价格处于人民币等值¥180.00-¥288.00区间；评分达到4.3以上。
2026-10-01,amazon_us,product,search,women slides,42,Juicy Couture,¥201.46,4.4,Juicy Couture,,,,,,https://www.amazon.com/Juicy-Couture-Womens-Slide-Sandals/dp/B0DY6JK6WB/ref=sr_1_31?dib=eyJ2IjoiMSJ9._15A5a1ahvFQhpFGdv4ULe5ISCpT-qDImHOl_nO4JUk4x0xijIbmadlGqVZf6iI8JFU_rW53NzF0E1Vwj2lqQW_AbLENyt7dhf1Mppl-Rw7fpScQF9WsbO0NOiYMuT_S5cV_Di2TYzZg4Azm2gJe9te4mCnjngwF7nkASm53F0OZWO1VBV92hxce3l9pIr0_0PIURqH0SevWULwaySp1-ajb5CaAxYfebsOJwOnwWAR8vXDgNazK0sKNdTZ4eyAeDP8QW51xqQhx9irQc65ilN3163pski5PR2c3PZPaABg.xe_nWg03AiwModxcHM79_0-vKHTvSeagRlLZrEZpPdo&dib_tag=se&keywords=women+slides&qid=1790837405&sr=8-31,https://m.media-amazon.com/images/I/51sh6ZNL2JL._AC_UL320_.jpg,37,排名进入前50；价格处于人民币等值¥180.00-¥288.00区间；评分达到4.3以上。
2026-10-01,amazon_us,product,search,women slides,45,Under Armour,¥213.34,4.5,Under Armour,,,,,,https://www.amazon.com/Under-Armour-Womens-Ignite-Slide/dp/B09WJFBF1C/ref=sr_1_34?dib=eyJ2IjoiMSJ9._15A5a1ahvFQhpFGdv4ULe5ISCpT-qDImHOl_nO4JUk4x0xijIbmadlGqVZf6iI8JFU_rW53NzF0E1Vwj2lqQW_AbLENyt7dhf1Mppl-Rw7fpScQF9WsbO0NOiYMuT_S5cV_Di2TYzZg4Azm2gJe9te4mCnjngwF7nkASm53F0OZWO1VBV92hxce3l9pIr0_0PIURqH0SevWULwaySp1-ajb5CaAxYfebsOJwOnwWAR8vXDgNazK0sKNdTZ4eyAeDP8QW51xqQhx9irQc65ilN3163pski5PR2c3PZPaABg.xe_nWg03AiwModxcHM79_0-vKHTvSeagRlLZrEZpPdo&dib_tag=se&keywords=women+slides&qid=1790837405&sr=8-34,https://m.media-amazon.com/images/I/41U-+qQdCWL._AC_UL320_.jpg,37,排名进入前50；价格处于人民币等值¥180.00-¥288.00区间；评分达到4.3以上。
2026-10-01,amazon_us,product,search,platform sandals women,33,Soda,¥207.36,4.4,Soda,,,,,,https://www.amazon.com/ACCOUNT-Fashion-Sandals-Adjustable-numeric_10/dp/B0973NW7QP/ref=sr_1_20?dib=eyJ2IjoiMSJ9.7DUZCoJhebTlfAwJI31eoU2azv5q_oq9mB7AlJ8T4zpb01vuk-bYzZiI1c0Q2aycV4hNt8GmThNVs44ew3S4hFYbD1PpmbDzFnoZ91fJLaF2ILeS2YajK4H7FM3A-PQnlErhCnGFY8CLsC17C_lZhNDdjzDfeMA7PK2JyAOFZL5iSk5xGBycIe1royLq3YPuyK9KH5aVVj-MUo1gJ-X0bE0JgHK9WLdAff6dbcNW4LoopCa4pBsRXC9zy-y_U4siYJVkPgMCBdPmTMzVHY-3kaVIIQqAZnTTODZOyk9rJbU.MJ-W_hUFo0CooSsTKHmovPRtYgSuefrkAXuWLZS1Pyg&dib_tag=se&keywords=platform+sandals+women&qid=1790837405&sr=8-20,https://m.media-amazon.com/images/I/61-Md78Ui+L._AC_UL320_.jpg,37,排名进入前50；价格处于人民币等值¥180.00-¥288.00区间；评分达到4.3以上。
2026-10-01,amazon_us,product,search,platform sandals women,45,Blowfish Malibu,¥215.78,4.3,Blowfish Malibu,,,,,,https://www.amazon.com/Blowfish-Malibu-Womens-Aurora-Sandal/dp/B0DPRCPWJ3/ref=sr_1_32?dib=eyJ2IjoiMSJ9.7DUZCoJhebTlfAwJI31eoU2azv5q_oq9mB7AlJ8T4zpb01vuk-bYzZiI1c0Q2aycV4hNt8GmThNVs44ew3S4hFYbD1PpmbDzFnoZ91fJLaF2ILeS2YajK4H7FM3A-PQnlErhCnGFY8CLsC17C_lZhNDdjzDfeMA7PK2JyAOFZL5iSk5xGBycIe1royLq3YPuyK9KH5aVVj-MUo1gJ-X0bE0JgHK9WLdAff6dbcNW4LoopCa4pBsRXC9zy-y_U4siYJVkPgMCBdPmTMzVHY-3kaVIIQqAZnTTODZOyk9rJbU.MJ-W_hUFo0CooSsTKHmovPRtYgSuefrkAXuWLZS1Pyg&dib_tag=se&keywords=platform+sandals+women&qid=1790837405&sr=8-32,https://m.media-amazon.com/images/I/81O+jg9q3yL._AC_UL320_.jpg,37,排名进入前50；价格处于人民币等值¥180.00-¥288.00区间；评分达到4.3以上。
2026-10-01,amazon_us,product,best_sellers,Best Sellers Women Sandals,37,Rainbow Sandals Women’s Flirty Braidy Premier Leather w/Single Braided Strap,,4.6,$76.00,,,,,,https://www.amazon.com/Rainbow-Sandals-Womens-Flirty-7-5-8-5/dp/B00LGF8TAQ/ref=zg_bs_g_679425011_d_sccl_37/143-7594341-1211448?psc=1,"https://images-na.ssl-images-amazon.com/images/I/71B9WRizBDL._AC_UL300_SR300,200_.jpg",35,排名进入前50；评论数达到50以上；评分达到4.6以上。
2026-10-01,amazon_us,product,new_releases,New Releases Women Sandals,37,UGG Women's Ultra Mini Bailey Bow,,5.0,$174.95,,,,,,https://www.amazon.com/UGG-Womens-Ultra-Bailey-Chestnut/dp/B0G3M49CFL/ref=zg_bsnr_g_679425011_d_sccl_37/143-7594341-1211448?psc=1,"https://images-na.ssl-images-amazon.com/images/I/81qXYkRPhWL._AC_UL300_SR300,200_.jpg",35,排名进入前50；评论数达到50以上；评分达到4.6以上。
2026-10-01,amazon_us,product,search,women summer slippers,37,Women's Open Toe House Slippers Breathable Indoor Shoes Memory Foam,¥69.05,3.4,"Price, product page $9.59 $ 9 . 59 Typical: $10.99 Typical: $10.99 $10.99",,,,,,https://www.amazon.com/Yoerpe-Womens-House-Slippers-Slip/dp/B0F8BKW8PC/ref=sr_1_26?dib=eyJ2IjoiMSJ9.mENb4kbb2DDwdhADjf6v-UqLvPaXeVFqbQI2pNI9M-Sicx_ifsRFApQrHIr12eLlScEETW0RXPPHJolNN0AEuGQMdSCjfaCv99R1_epmprVO6je9GuFAOR68GFvOAGKyJZ-_0Yln3sQWdpvj2M3XtkG-Z4OR_azbld4V2nfzqd9a9LcqTlT2j4GsodsANPVuzj7LrCQ-JpXAK4-A1VJRpPyGEcF9AhIx-CYgv25glIqjLkwlK_DBAn17K9PiYcRXux5AsTeLobb001VqHugi0YHS4EvxKXra-wXmBhTKdZs.FV6ZMFBHvvQ8mjcgdNhd8W_RYDKvnsykrYnvEx8Knvs&dib_tag=se&keywords=women+summer+slippers&qid=1790837404&sr=8-26,https://m.media-amazon.com/images/I/81olwtMl2yL._AC_UL320_.jpg,35,排名进入前50；价格处于人民币等值¥57.60-¥180.00黄金区间。
2026-10-01,amazon_us,product,search,platform sandals women,47,Project Cloud,¥359.28,4.1,Project Cloud,,,,,,https://www.amazon.com/Project-Cloud-Genuine-Platform-Footwear/dp/B0F2BB8TMF/ref=sr_1_34?dib=eyJ2IjoiMSJ9.7DUZCoJhebTlfAwJI31eoU2azv5q_oq9mB7AlJ8T4zpb01vuk-bYzZiI1c0Q2aycV4hNt8GmThNVs44ew3S4hFYbD1PpmbDzFnoZ91fJLaF2ILeS2YajK4H7FM3A-PQnlErhCnGFY8CLsC17C_lZhNDdjzDfeMA7PK2JyAOFZL5iSk5xGBycIe1royLq3YPuyK9KH5aVVj-MUo1gJ-X0bE0JgHK9WLdAff6dbcNW4LoopCa4pBsRXC9zy-y_U4siYJVkPgMCBdPmTMzVHY-3kaVIIQqAZnTTODZOyk9rJbU.MJ-W_hUFo0CooSsTKHmovPRtYgSuefrkAXuWLZS1Pyg&dib_tag=se&keywords=platform+sandals+women&qid=1790837405&sr=8-34,https://m.media-amazon.com/images/I/811Dq1fHx-L._AC_UL320_.jpg,35,排名进入前50；价格高于人民币等值¥288.00；标题包含 cloud，符合美国女鞋舒适化趋势；评分达到4.0以上。
2026-10-01,amazon_us,product,search,platform sandals women,36,YorFotMae,¥183.53,4.2,YorFotMae,,,,,,https://www.amazon.com/YorFotMae-Platform-Sandals-Footbed-Buckles%EF%BC%8C/dp/B0F9K2JNWD/ref=sr_1_23?dib=eyJ2IjoiMSJ9.7DUZCoJhebTlfAwJI31eoU2azv5q_oq9mB7AlJ8T4zpb01vuk-bYzZiI1c0Q2aycV4hNt8GmThNVs44ew3S4hFYbD1PpmbDzFnoZ91fJLaF2ILeS2YajK4H7FM3A-PQnlErhCnGFY8CLsC17C_lZhNDdjzDfeMA7PK2JyAOFZL5iSk5xGBycIe1royLq3YPuyK9KH5aVVj-MUo1gJ-X0bE0JgHK9WLdAff6dbcNW4LoopCa4pBsRXC9zy-y_U4siYJVkPgMCBdPmTMzVHY-3kaVIIQqAZnTTODZOyk9rJbU.MJ-W_hUFo0CooSsTKHmovPRtYgSuefrkAXuWLZS1Pyg&dib_tag=se&keywords=platform+sandals+women&qid=1790837405&sr=8-23,https://m.media-amazon.com/images/I/716H0att18L._AC_UL320_.jpg,34,排名进入前50；价格处于人民币等值¥180.00-¥288.00区间；评分达到4.0以上。
2026-10-01,amazon_us,product,search,platform sandals women,37,EQAUDES,¥287.93,4.0,EQAUDES,,,,,,https://www.amazon.com/EQAUDES-Platform-Espadrille-Sandals-Flatform/dp/B0C6XLWPN9/ref=sr_1_24?dib=eyJ2IjoiMSJ9.7DUZCoJhebTlfAwJI31eoU2azv5q_oq9mB7AlJ8T4zpb01vuk-bYzZiI1c0Q2aycV4hNt8GmThNVs44ew3S4hFYbD1PpmbDzFnoZ91fJLaF2ILeS2YajK4H7FM3A-PQnlErhCnGFY8CLsC17C_lZhNDdjzDfeMA7PK2JyAOFZL5iSk5xGBycIe1royLq3YPuyK9KH5aVVj-MUo1gJ-X0bE0JgHK9WLdAff6dbcNW4LoopCa4pBsRXC9zy-y_U4siYJVkPgMCBdPmTMzVHY-3kaVIIQqAZnTTODZOyk9rJbU.MJ-W_hUFo0CooSsTKHmovPRtYgSuefrkAXuWLZS1Pyg&dib_tag=se&keywords=platform+sandals+women&qid=1790837405&sr=8-24,https://m.media-amazon.com/images/I/81juIfWU4pL._AC_UL320_.jpg,34,排名进入前50；价格处于人民币等值¥180.00-¥288.00区间；评分达到4.0以上。
2026-10-01,amazon_us,product,search,platform sandals women,40,Rocket Dog,¥201.31,4.2,Rocket Dog,,,,,,https://www.amazon.com/Rocket-Dog-Womens-Platform-Sandal/dp/B000W91BWU/ref=sr_1_27?dib=eyJ2IjoiMSJ9.7DUZCoJhebTlfAwJI31eoU2azv5q_oq9mB7AlJ8T4zpb01vuk-bYzZiI1c0Q2aycV4hNt8GmThNVs44ew3S4hFYbD1PpmbDzFnoZ91fJLaF2ILeS2YajK4H7FM3A-PQnlErhCnGFY8CLsC17C_lZhNDdjzDfeMA7PK2JyAOFZL5iSk5xGBycIe1royLq3YPuyK9KH5aVVj-MUo1gJ-X0bE0JgHK9WLdAff6dbcNW4LoopCa4pBsRXC9zy-y_U4siYJVkPgMCBdPmTMzVHY-3kaVIIQqAZnTTODZOyk9rJbU.MJ-W_hUFo0CooSsTKHmovPRtYgSuefrkAXuWLZS1Pyg&dib_tag=se&keywords=platform+sandals+women&qid=1790837405&sr=8-27,https://m.media-amazon.com/images/I/71kguy0F5cL._AC_UL320_.jpg,34,排名进入前50；价格处于人民币等值¥180.00-¥288.00区间；评分达到4.0以上。
2026-10-01,amazon_us,product,search,platform sandals women,50,Coutgo,¥287.93,4.0,Coutgo,,,,,,https://www.amazon.com/Coutgo-Womens-Sandals-Platform-Slides/dp/B0FVXFDS9G/ref=sr_1_37?dib=eyJ2IjoiMSJ9.7DUZCoJhebTlfAwJI31eoU2azv5q_oq9mB7AlJ8T4zpb01vuk-bYzZiI1c0Q2aycV4hNt8GmThNVs44ew3S4hFYbD1PpmbDzFnoZ91fJLaF2ILeS2YajK4H7FM3A-PQnlErhCnGFY8CLsC17C_lZhNDdjzDfeMA7PK2JyAOFZL5iSk5xGBycIe1royLq3YPuyK9KH5aVVj-MUo1gJ-X0bE0JgHK9WLdAff6dbcNW4LoopCa4pBsRXC9zy-y_U4siYJVkPgMCBdPmTMzVHY-3kaVIIQqAZnTTODZOyk9rJbU.MJ-W_hUFo0CooSsTKHmovPRtYgSuefrkAXuWLZS1Pyg&dib_tag=se&keywords=platform+sandals+women&qid=1790837405&sr=8-37,https://m.media-amazon.com/images/I/51zx+vVXyGL._AC_UL320_.jpg,34,排名进入前50；价格处于人民币等值¥180.00-¥288.00区间；评分达到4.0以上。
2026-10-01,amazon_us,product,best_sellers,Best Sellers Women Sandals,33,"DREAM PAIRS Women's Comfort Low Block Heel Sandals | Chunky Heel Sandals, Open Toe Ankle Strap Dress Shoes, Comfortable Wedding Heels for Party, Prom and Formal Events",,4.3,$30.99,,,,,,https://www.amazon.com/DREAM-PAIRS-Womens-Low-Chunk-Sandals/dp/B071YCTZP7/ref=zg_bs_g_679425011_d_sccl_33/143-7594341-1211448?psc=1,"https://images-na.ssl-images-amazon.com/images/I/61UVU84YfaL._AC_UL300_SR300,200_.jpg",33,排名进入前50；标题包含 comfort，符合美国女鞋舒适化趋势；评分达到4.3以上。
2026-10-01,amazon_us,product,best_sellers,Best Sellers Women Sandals,38,"CUSHIONAIRE Luna Cork Footbed Sandals for Women with Crossover Straps | Womens Sandals with Arch Support, Adjustable Buckle Straps, Walking Sandals Women, Wide Widths, Cushioned Sandals for Women",,4.5,$34.99,,,,,,https://www.amazon.com/CUSHIONAIRE-Next-Womens-Slide-Sandals-Brown/dp/B073XS7BW7/ref=zg_bs_g_679425011_d_sccl_38/143-7594341-1211448?psc=1,"https://images-na.ssl-images-amazon.com/images/I/81TDeaArVJL._AC_UL300_SR300,200_.jpg",33,排名进入前50；标题包含 arch support，符合美国女鞋舒适化趋势；评分达到4.3以上。
2026-10-01,amazon_us,product,best_sellers,Best Sellers Women Sandals,40,"AIUNIIND Women's Kitten Low Heel Sandals, Strappy Square Open Toe 2.5 inch | Adjustable Ankle Strap, Comfortable All Day, for Summer, Going out, Dress, Party, Prom, Wedding Guest Occasions",,4.1,$43.99,,,,,,https://www.amazon.com/AIUNIIND-Womens-Sandals-Strappy-Comfort/dp/B0DPHLM5HD/ref=zg_bs_g_679425011_d_sccl_40/143-7594341-1211448?psc=1,"https://images-na.ssl-images-amazon.com/images/I/61FchW-aFQL._AC_UL300_SR300,200_.jpg",33,排名进入前50；标题包含 comfort、summer，符合美国女鞋舒适化趋势；评分达到4.0以上。
2026-10-01,amazon_us,product,best_sellers,Best Sellers Women Sandals,45,"IDIFU Women's Strappy Chunky Block Heels Open Toe Heeled Sandals | Dressy Cross Strap 3 Inch High Thick Heel, Comfortable Dress Shoes for Women Wedding Bridal Prom Evening Homecoming Formal",,4.4,$31.49,,,,,,https://www.amazon.com/IDIFU-Strappy-Sandals-Wedding-Adjustable/dp/B07TKJRBQ7/ref=zg_bs_g_679425011_d_sccl_45/143-7594341-1211448?psc=1,"https://images-na.ssl-images-amazon.com/images/I/71C8lECni-L._AC_UL300_SR300,200_.jpg",33,排名进入前50；标题包含 comfort，符合美国女鞋舒适化趋势；评分达到4.3以上。
2026-10-01,amazon_us,product,best_sellers,Best Sellers Women Sandals,48,IDIFU Women's Block Low Chunky Heels Strappy Heeled Sandals | Comfortable Open Toe Ankle Strap Dress Shoes for Women Wedding Evening Bridal Prom,,4.3,$33.24,,,,,,https://www.amazon.com/IDIFU-Strappy-Sandals-Wedding-Evening/dp/B09T91VFGX/ref=zg_bs_g_679425011_d_sccl_48/143-7594341-1211448?psc=1,"https://images-na.ssl-images-amazon.com/images/I/61a1f6h8GfL._AC_UL300_SR300,200_.jpg",33,排名进入前50；标题包含 comfort，符合美国女鞋舒适化趋势；评分达到4.3以上。
2026-10-01,amazon_us,product,new_releases,New Releases Women Sandals,34,Susanny Burgundy Patent Slingback Kitten Heels for Women Closed Pointed Toe Strappy Dress Pumps Comfortable Stiletto Low Heels Sexy Buckle Strap Dressy Slip On Shoes for Wedding Bridal Work,,4.5,$37.89,,,,,,https://www.amazon.com/Susanny-Womens-Chunky-Rhinestone-Strappy/dp/B0H8JWX1MX/ref=zg_bsnr_g_679425011_d_sccl_34/143-7594341-1211448?psc=1,"https://images-na.ssl-images-amazon.com/images/I/71U7cMo0TpL._AC_UL300_SR300,200_.jpg",33,排名进入前50；标题包含 comfort，符合美国女鞋舒适化趋势；评分达到4.3以上。
2026-10-01,amazon_us,product,new_releases,New Releases Women Sandals,38,"IDIFU Kitten Heels Strappy Square Toe Slip On Low Heel Sandals | Open Toe Dress Shoes for Women, Summer Prom Bridal Wedding Vacation Party Comfortable Casual Fashion Dressy Heeled Mules",,4.1,$28.49,,,,,,https://www.amazon.com/IDIFU-Kitten-Strappy-Square-Sandals/dp/B0H24Y1PXH/ref=zg_bsnr_g_679425011_d_sccl_38/143-7594341-1211448?psc=1,"https://images-na.ssl-images-amazon.com/images/I/71u2Wn9Xf2L._AC_UL300_SR300,200_.jpg",33,排名进入前50；标题包含 comfort、summer，符合美国女鞋舒适化趋势；评分达到4.0以上。
2026-10-01,amazon_us,product,search,women slides,32,Michael Kors,¥428.40,4.6,Michael Kors,,,,,,https://www.amazon.com/Michael-Kors-Womens-Sandal-Vanilla/dp/B0CLPH9557/ref=sr_1_21?dib=eyJ2IjoiMSJ9._15A5a1ahvFQhpFGdv4ULe5ISCpT-qDImHOl_nO4JUk4x0xijIbmadlGqVZf6iI8JFU_rW53NzF0E1Vwj2lqQW_AbLENyt7dhf1Mppl-Rw7fpScQF9WsbO0NOiYMuT_S5cV_Di2TYzZg4Azm2gJe9te4mCnjngwF7nkASm53F0OZWO1VBV92hxce3l9pIr0_0PIURqH0SevWULwaySp1-ajb5CaAxYfebsOJwOnwWAR8vXDgNazK0sKNdTZ4eyAeDP8QW51xqQhx9irQc65ilN3163pski5PR2c3PZPaABg.xe_nWg03AiwModxcHM79_0-vKHTvSeagRlLZrEZpPdo&dib_tag=se&keywords=women+slides&qid=1790837405&sr=8-21,https://m.media-amazon.com/images/I/61s2RS-TgKL._AC_UL320_.jpg,33,排名进入前50；价格高于人民币等值¥288.00；评分达到4.6以上。
2026-10-01,amazon_us,product,best_sellers,Best Sellers Women Sandals,31,Clarks Women's Breeze Sea Flip-Flop,,4.7,$29.99,,,,,,https://www.amazon.com/Clarks-Womens-Breeze-White-Synthetic/dp/B01FH9F3FA/ref=zg_bs_g_679425011_d_sccl_31/143-7594341-1211448?psc=1,"https://images-na.ssl-images-amazon.com/images/I/51YYTFEggSL._AC_UL300_SR300,200_.jpg",30,排名进入前50；评分达到4.6以上。
2026-10-01,amazon_us,product,best_sellers,Best Sellers Women Sandals,39,"Hodeery Strappy Heels for Women Square Open Toe 2.7 Inch | Stiletto Dress Sandals, Ankle Strap, Kitten Heels, Daily Wear, Comfortable, for Party, for Wedding",,4.1,$26.98,,,,,,https://www.amazon.com/Hodeery-Strappy-Stiletto-Sandals-Comfort/dp/B0FBMB3LRD/ref=zg_bs_g_679425011_d_sccl_39/143-7594341-1211448?psc=1,"https://images-na.ssl-images-amazon.com/images/I/61OwuL+647L._AC_UL300_SR300,200_.jpg",30,排名进入前50；标题包含 comfort，符合美国女鞋舒适化趋势；评分达到4.0以上。
2026-10-01,amazon_us,product,search,platform sandals women,34,HEYDUDE,¥395.64,4.4,HEYDUDE,,,,,,https://www.amazon.com/HEYDUDE-Womens-Austin-Classic-Cognac/dp/B0F7NWHTF1/ref=sr_1_21?dib=eyJ2IjoiMSJ9.7DUZCoJhebTlfAwJI31eoU2azv5q_oq9mB7AlJ8T4zpb01vuk-bYzZiI1c0Q2aycV4hNt8GmThNVs44ew3S4hFYbD1PpmbDzFnoZ91fJLaF2ILeS2YajK4H7FM3A-PQnlErhCnGFY8CLsC17C_lZhNDdjzDfeMA7PK2JyAOFZL5iSk5xGBycIe1royLq3YPuyK9KH5aVVj-MUo1gJ-X0bE0JgHK9WLdAff6dbcNW4LoopCa4pBsRXC9zy-y_U4siYJVkPgMCBdPmTMzVHY-3kaVIIQqAZnTTODZOyk9rJbU.MJ-W_hUFo0CooSsTKHmovPRtYgSuefrkAXuWLZS1Pyg&dib_tag=se&keywords=platform+sandals+women&qid=1790837405&sr=8-21,https://m.media-amazon.com/images/I/71+OUCJdJzL._AC_UL320_.jpg,30,排名进入前50；价格高于人民币等值¥288.00；评分达到4.3以上。
2026-10-01,amazon_us,product,search,platform sandals women,35,REEF,¥575.64,4.4,REEF,,,,,,https://www.amazon.com/REEF-Higher-Womens-Platform-Adjustable/dp/B0D9HYMNMN/ref=sr_1_22?dib=eyJ2IjoiMSJ9.7DUZCoJhebTlfAwJI31eoU2azv5q_oq9mB7AlJ8T4zpb01vuk-bYzZiI1c0Q2aycV4hNt8GmThNVs44ew3S4hFYbD1PpmbDzFnoZ91fJLaF2ILeS2YajK4H7FM3A-PQnlErhCnGFY8CLsC17C_lZhNDdjzDfeMA7PK2JyAOFZL5iSk5xGBycIe1royLq3YPuyK9KH5aVVj-MUo1gJ-X0bE0JgHK9WLdAff6dbcNW4LoopCa4pBsRXC9zy-y_U4siYJVkPgMCBdPmTMzVHY-3kaVIIQqAZnTTODZOyk9rJbU.MJ-W_hUFo0CooSsTKHmovPRtYgSuefrkAXuWLZS1Pyg&dib_tag=se&keywords=platform+sandals+women&qid=1790837405&sr=8-22,https://m.media-amazon.com/images/I/51WBYuiSZiL._AC_UL320_.jpg,30,排名进入前50；价格高于人民币等值¥288.00；评分达到4.3以上。
2026-10-01,amazon_us,product,search,platform sandals women,49,REEF,¥442.30,4.3,REEF,,,,,,https://www.amazon.com/Reef-Sandals-Cushion-Platform-Footbed/dp/B07WWTCM9T/ref=sr_1_36?dib=eyJ2IjoiMSJ9.7DUZCoJhebTlfAwJI31eoU2azv5q_oq9mB7AlJ8T4zpb01vuk-bYzZiI1c0Q2aycV4hNt8GmThNVs44ew3S4hFYbD1PpmbDzFnoZ91fJLaF2ILeS2YajK4H7FM3A-PQnlErhCnGFY8CLsC17C_lZhNDdjzDfeMA7PK2JyAOFZL5iSk5xGBycIe1royLq3YPuyK9KH5aVVj-MUo1gJ-X0bE0JgHK9WLdAff6dbcNW4LoopCa4pBsRXC9zy-y_U4siYJVkPgMCBdPmTMzVHY-3kaVIIQqAZnTTODZOyk9rJbU.MJ-W_hUFo0CooSsTKHmovPRtYgSuefrkAXuWLZS1Pyg&dib_tag=se&keywords=platform+sandals+women&qid=1790837405&sr=8-36,https://m.media-amazon.com/images/I/61Uv1VDRdFL._AC_UL320_.jpg,30,排名进入前50；价格高于人民币等值¥288.00；评分达到4.3以上。
2026-10-01,amazon_us,product,best_sellers,Best Sellers Women Sandals,32,Havaianas Women's Slim Sandals,,4.5,$27.00,,,,,,https://www.amazon.com/Havaianas-Womens-Slim-Sandal-Black/dp/B000NBGN0W/ref=zg_bs_g_679425011_d_sccl_32/143-7594341-1211448?psc=1,"https://images-na.ssl-images-amazon.com/images/I/61JHkRJJEFL._AC_UL300_SR300,200_.jpg",27,排名进入前50；评分达到4.3以上。
2026-10-01,amazon_us,product,best_sellers,Best Sellers Women Sandals,42,Viciously Vixen Women's Strappy Kitten Heels Square Open Toe Sandals Party Wedding Ankle Strap Shoes,,4.3,$39.99,,,,,,https://www.amazon.com/Viciously-Vixen-Strappy-Sandals-Wedding/dp/B0DP6419L8/ref=zg_bs_g_679425011_d_sccl_42/143-7594341-1211448?psc=1,"https://images-na.ssl-images-amazon.com/images/I/7190Ipay-hL._AC_UL300_SR300,200_.jpg",27,排名进入前50；评分达到4.3以上。
2026-10-01,amazon_us,product,best_sellers,Best Sellers Women Sandals,49,"ZUVARI Kitten Heels for Women, Square Toe Flip Flop Kitten Heel Sandals | 2.16 In Thong Heels, Non-Slip Outsole and Easy Slip-On Dressy Summer Heeled Sandals",,4.2,$28.79,,,,,,https://www.amazon.com/ZUVARI-Kitten-Square-Sandals-Dressy/dp/B0GBXPS8D3/ref=zg_bs_g_679425011_d_sccl_49/143-7594341-1211448?psc=1,"https://images-na.ssl-images-amazon.com/images/I/51r5FYMKLKL._AC_UL300_SR300,200_.jpg",27,排名进入前50；标题包含 summer，符合美国女鞋舒适化趋势；评分达到4.0以上。
2026-10-01,amazon_us,product,best_sellers,Best Sellers Women Sandals,50,"Mostrin Womens Sandals Strappy Heels for Women Ankle Strap Lace Up Heels Square Open Toe Heels Tie Up Stiletto High Heeled Sandals for Prom, Party, Daily Wear",,4.3,$33.99,,,,,,https://www.amazon.com/Mostrin-Strappy-Rhinestone-Stiletto-Sandals/dp/B0DZWW16S3/ref=zg_bs_g_679425011_d_sccl_50/143-7594341-1211448?psc=1,"https://images-na.ssl-images-amazon.com/images/I/61dUloNETkL._AC_UL300_SR300,200_.jpg",27,排名进入前50；评分达到4.3以上。
2026-10-01,amazon_us,product,new_releases,New Releases Women Sandals,32,IDIFU Bow Heels for Women Square Open Toe Mesh Kitten Heeled Sandals | High Heeled Dress Shoes Wedding Evening Party Daily Casual Bridal Lady Ankle Strap Sandal,,4.5,$34.99,,,,,,https://www.amazon.com/IDIFU-Square-Kitten-Heeled-Sandals/dp/B0H6HGMX6J/ref=zg_bsnr_g_679425011_d_sccl_32/143-7594341-1211448?psc=1,"https://images-na.ssl-images-amazon.com/images/I/61oOSC-cIZL._AC_UL300_SR300,200_.jpg",27,排名进入前50；评分达到4.3以上。
2026-10-01,amazon_us,product,new_releases,New Releases Women Sandals,33,"NIEARDAN Women's Kitten Heels Square Toe Mules Stiletto Heeled Sandals | Slip on,Open Toe,2.56 inch Heel,Slip Resistant,Ankle Strap,Party, Wedding,Dress,Business,Bridal,Office",,4.3,$39.99,,,,,,https://www.amazon.com/NIEARDAN-Womens-Kitten-Stiletto-Sandals/dp/B0H5Q3JVN1/ref=zg_bsnr_g_679425011_d_sccl_33/143-7594341-1211448?psc=1,"https://images-na.ssl-images-amazon.com/images/I/71ujs4H0d2L._AC_UL300_SR300,200_.jpg",27,排名进入前50；评分达到4.3以上。
2026-10-01,amazon_us,product,search,platform sandals women,38,LifeStride,¥431.93,4.2,LifeStride,,,,,,https://www.amazon.com/LifeStride-Womens-Rhythmn-Straps-Platino/dp/B0CLSSG3HH/ref=sr_1_25?dib=eyJ2IjoiMSJ9.7DUZCoJhebTlfAwJI31eoU2azv5q_oq9mB7AlJ8T4zpb01vuk-bYzZiI1c0Q2aycV4hNt8GmThNVs44ew3S4hFYbD1PpmbDzFnoZ91fJLaF2ILeS2YajK4H7FM3A-PQnlErhCnGFY8CLsC17C_lZhNDdjzDfeMA7PK2JyAOFZL5iSk5xGBycIe1royLq3YPuyK9KH5aVVj-MUo1gJ-X0bE0JgHK9WLdAff6dbcNW4LoopCa4pBsRXC9zy-y_U4siYJVkPgMCBdPmTMzVHY-3kaVIIQqAZnTTODZOyk9rJbU.MJ-W_hUFo0CooSsTKHmovPRtYgSuefrkAXuWLZS1Pyg&dib_tag=se&keywords=platform+sandals+women&qid=1790837405&sr=8-25,https://m.media-amazon.com/images/I/71aBasJqs9L._AC_UL320_.jpg,27,排名进入前50；价格高于人民币等值¥288.00；评分达到4.0以上。
2026-10-01,amazon_us,product,best_sellers,Best Sellers Women Sandals,34,Mostrin Strappy Heels for Women Ankle Strap Heels Women's Heeled Sandals for Party Prom Wedding,,4.2,$34.19,,,,,,https://www.amazon.com/Mostrin-Strappy-Stiletto-Womens-Sandals/dp/B0DSJ8S9TF/ref=zg_bs_g_679425011_d_sccl_34/143-7594341-1211448?psc=1,"https://images-na.ssl-images-amazon.com/images/I/61yUbkx+O0L._AC_UL300_SR300,200_.jpg",24,排名进入前50；评分达到4.0以上。
2026-10-01,amazon_us,product,best_sellers,Best Sellers Women Sandals,35,Mostrin Kitten Heels for Women Round Toe Heels With Bow Vintage Mules Sexy Slip on Stiletto Backless Sandals for Party Daily,,4.2,$33.97,,,,,,https://www.amazon.com/Mostrin-Stiletto-Backless-Sandals-Holiday/dp/B0DTHVPXGS/ref=zg_bs_g_679425011_d_sccl_35/143-7594341-1211448?psc=1,"https://images-na.ssl-images-amazon.com/images/I/71UBmvHtexL._AC_UL300_SR300,200_.jpg",24,排名进入前50；评分达到4.0以上。
2026-10-01,amazon_us,product,best_sellers,Best Sellers Women Sandals,36,Mostrin Kitten Heels for Women Pointed Toe Vintage Mules Heels Sexy Slip on Stiletto Backless Sandals for Party Wedding Daily,,4.2,$35.98,,,,,,https://www.amazon.com/Mostrin-Pointed-Vintage-Stiletto-Backless/dp/B0G5WHGHHK/ref=zg_bs_g_679425011_d_sccl_36/143-7594341-1211448?psc=1,"https://images-na.ssl-images-amazon.com/images/I/51JIUNfoqBL._AC_UL300_SR300,200_.jpg",24,排名进入前50；评分达到4.0以上。
2026-10-01,amazon_us,product,best_sellers,Best Sellers Women Sandals,41,Havaianas Women's Slim Square Solid Flip Flops,,4.1,$22.00,,,,,,https://www.amazon.com/Havaianas-Womens-Square-Solid-Medium/dp/B0BBPX6J6F/ref=zg_bs_g_679425011_d_sccl_41/143-7594341-1211448?psc=1,"https://images-na.ssl-images-amazon.com/images/I/51Z+TNRYqLL._AC_UL300_SR300,200_.jpg",24,排名进入前50；评分达到4.0以上。
2026-10-01,amazon_us,product,best_sellers,Best Sellers Women Sandals,46,Avidirk Women's Square Open Toe Heeled Sandals Two Strap Mules Slip On Block Chunky Mid Heels Sandals,,4.1,$37.99,,,,,,https://www.amazon.com/Avidirk-Womens-Square-Heeled-Sandals/dp/B0CNP75QFF/ref=zg_bs_g_679425011_d_sccl_46/143-7594341-1211448?psc=1,"https://images-na.ssl-images-amazon.com/images/I/610H7PguBpL._AC_UL300_SR300,200_.jpg",24,排名进入前50；评分达到4.0以上。
2026-10-01,amazon_us,product,search,platform sandals women,39,Madden Girl,¥301.03,3.8,Madden Girl,,,,,,https://www.amazon.com/Madden-Girl-Womens-Mythicall-Natural/dp/B0CNKPC4Y5/ref=sr_1_26?dib=eyJ2IjoiMSJ9.7DUZCoJhebTlfAwJI31eoU2azv5q_oq9mB7AlJ8T4zpb01vuk-bYzZiI1c0Q2aycV4hNt8GmThNVs44ew3S4hFYbD1PpmbDzFnoZ91fJLaF2ILeS2YajK4H7FM3A-PQnlErhCnGFY8CLsC17C_lZhNDdjzDfeMA7PK2JyAOFZL5iSk5xGBycIe1royLq3YPuyK9KH5aVVj-MUo1gJ-X0bE0JgHK9WLdAff6dbcNW4LoopCa4pBsRXC9zy-y_U4siYJVkPgMCBdPmTMzVHY-3kaVIIQqAZnTTODZOyk9rJbU.MJ-W_hUFo0CooSsTKHmovPRtYgSuefrkAXuWLZS1Pyg&dib_tag=se&keywords=platform+sandals+women&qid=1790837405&sr=8-26,https://m.media-amazon.com/images/I/71SNHrdlHML._AC_UL320_.jpg,23,排名进入前50；价格高于人民币等值¥288.00。
