date,source,data_type,list_type,keyword,rank,title,price,rating,review_count,likes,comments,views,published_at,competition_count,product_url,image_url,hot_score,reason
2026-08-29,amazon_us,product,search,women slides,3,"CUSHIONAIRE Feather EVA Slides for Women – Comfortable Slip On Womens Slippers, Indoor Outdoor Shower Shoes, Beach Essential Cloud Slides CUSHIONAIRE Feather EVA Slides for Women – Comfort…",¥170.78,4.4,,,,,,,https://aax-us-east-retail-direct.amazon.com/x/c/JLSr8fWT1QDM8khhbEvi2GIAAAGgTHWl9gEAAAH2AQBvbm9fdHhuX2JpZDYgICBvbm9fdHhuX2ltcDIgICCN0w-N/clv1c_ek-wBffXFcTe3Oubkw0Bbus_ohs52FC5cMIm62Oql06Uh-6f80ivplBWlsaxDjowt3FAbx3_0OekwzAtOBUWwR37VwGJO1Q9KfymRr_-HMA2CRPzDEL91Rq6Y_hkfqKR9NOK7ESguZniXZ29rqLb_A8L4NuMphXrk055xya83C5f22UOpMyhmG4HXpgoxr86aHAvoUNJ1zfoF2b7LE7Vklr3RAkq5B_mwLKHzRKhEmutZPvqhU_VzBJ952IDJ0f-xPmSzqAu8hJfrlPhVzA4ayOAzVwKP1kKu2xBM6V5dvS1KzeInQ1RJxn7eAHoP4idcjFVAPXccA1QY1Zb639seJf4jkpPkCuFYfjvLX6TT_OduFJoyEc3sj7ChVQV9Wv-HNGeX0xflJq69M3PunBXaM_v9Jj6mselN4-gnmWPyznmtfWTcwAoFNEFS-zMsnc9rrmJrGFhpxrn-NpcXsZ_K7nyXHpKzIZ5hib5TQV9fdsvLMcDZ62mEKN_PTxGyzysBAoo7sC_GWwDUyGmUgRr_hl6lY7rx6C3XgikiXP9eFvChlFzHjK45P2Uoe_uNU9mI7_Y7qndKGqqkyVnqSba-sJqE6ly1hSayWgabdWWkxe08VJJtujuWGBfD9G9YK7PhDZlRnwsYFPhByKeyeE4JDFIPKnwwNSIVYvoDbBME8QnJ8E6t1qmwchYgV0qeEBXH8hL8r0xTa2qzpsP1WPfn0u18JjBOj6e4GNDgvhN7Nr2nZfR_lsEkhRoSRjGmv9Oxpu4Ul5cjwjnhilf1Qn_RnAase7TyzcA4XiDBwV5G9VpBEoCB5zc0w5yNl_TpQcu3AVR1l8M6S1X7zQVRd07rd22oYeRmR04MSeI49Oo92Rl1Al5QdLbTYyhArOW-jc3taKsCjkUEgyVFTr5LEIONC-mRAmS3zPSeo6JpuDdb-wjyZOK-LSDClHeMgrYB_cf8ASklKT-1ehhK1RxpmPcrOpcc991Da1_qBpbbB9PfIYkbSPN2Ti4owW98hifpfezI6wa_PtXsKXHVVcqtF3_-hwZJaTS1fuQROGeUeXPJgzRKuBjsPnP7CgAle22D1Ys_0KPGIGVmFV3TcqbmHqR7mJmBzNN8wrtw35PswWO2Di1SKtiPrhO4ou4Yaw4C7UKM52_YB-U5U3gMZ0pLtD770lArkHOhfaJyr2MS2ChONLS0dfNN11zg0ZHwLd-HwA7sSx-mT48vUu9sMtNNLYC3WC2-W4JpwgBkikqFS4DKspkHwhl3IYulNypflkNQfnOD8j0Web3BXynzV23h1qqzhuTnSX_f2Ohvyy_vwbagS8v6nm4EX97JyPl676T2AJzVh8XJNulV3oPvDfKRB3GOvZPeS4HwCUPdp94Gbkaj3D3R10sWJ_7xXloyZXoTXY-ERkVcQ51RNOhevb2ZyFcl5poyultAyRW1VxYCZ9CRdkE061MNJ3LIxZpmblFfKqaildBpKUcbYpDf1U0u26ioZJhfvUno_OuwGJIjbxCJ8T7aqEsVE5CX2lNWFmfBVF9SajWBQAzHtsrEp42OGsYD1ioknxqwxgJfLvnx2L-1wgEvUkyNAyFxa8pbdLVqDGCLQeMHmBxd4_cyy1vUAbWcqr5z9yMbL-cstzY9wNdUnefGEJ_OHO1uuZ80eqxhmq254d-0mYONauI22rB3hrqOhS4RXc3CwM3Y0WoRweS0g/https://www.amazon.com/gp/aw/d/B09DMRYJG5/?_encoding=UTF8&pd_rd_plhdr=t&aaxitk=4b0df75ed4020712d13032555a8a7752&hsa_cr_id=0&qid=1787989173&sr=1-3-9e67e56a-6f64-441f-a281-df67fc737124&i=aps&aref=0zSApxiNBo&ref_=sbx_s_sparkle_sbtcd_asin_2_bkgd&pd_rd_w=mi7vs&content-id=amzn1.sym.8de9b3d5-f5c5-40e9-9b39-d65f08d6ea68%3Aamzn1.sym.8de9b3d5-f5c5-40e9-9b39-d65f08d6ea68&pf_rd_p=8de9b3d5-f5c5-40e9-9b39-d65f08d6ea68&pf_rd_r=P0YS6P9YZTFT13N2VGW9&pd_rd_wg=pl2nN&pd_rd_r=cd1715b3-173f-4ade-94de-b99dae02ecb6,"https://m.media-amazon.com/images/I/81ggD2FCOrL._AC_SR160,134_CB1169409_QL70_.jpg",94,排名靠前；价格处于人民币等值¥57.60-¥180.00黄金区间；标题包含 cloud、comfort、beach，符合美国女鞋舒适化趋势；cloud + slides组合趋势加分；评分达到4.3以上。
2026-08-29,amazon_us,product,search,women slides,9,"CUSHIONAIRE Feather EVA Slides for Women – Comfortable Slip On Womens Slippers, Indoor Outdoor Shower Shoes, Beach Essential Cloud Slides CUSHIONAIRE Feather EVA Slides for Women – Comfortable Slip On Womens Slippers, Indoor Outdoor Shower Shoes, Beach Essential Cloud Slides",¥170.78,4.4,4.4,,,,,,https://sponsored-ads.amazon.com/clk/?_encoding=UTF8&p=eAFVUMtu2kAUFY3aRog-xCKR6I6qLJAGj01sbCqr8qvUgRhiA3lsRoNnbCyMPdhOgSz4hK4qRf2CfkDVXb-g6_5PKpVUVc_qSOdxr06ZHH7_8vPXk-ozbTwdmX27fwlNy62X-OZRQJNogxzharK9YXghbrenkUu6R8t2DLf9VGer8cXZxSIH60yfam5FgC1ellpCW27B60eePjvUrPEHy7W96nH5KaH5okhZtTJxXMsY9hz72jJr30rl1w8KyinO_DliNPPTGBcURUkcJRTNiqBaxkt8myYtP13WXuUz4Mc4zyMf7DNg7wSMrz-mCZp4TTGfgWJOl5QAP41j6hdRmoCPAng4BnyckRwwHCUFzYCfJgVNCuGN7mqOiYzhYGAZY3voeMh2BrZjoYE9tZBpef3xcFSXyiX48tPd1_v7H2bt-d_K_RP1FwKEUIK8rEiiLHV44WDimd0DY2Q0-9W3pq4Z7L0NOtpOX-0Rajv9nN1cyp72P3Z6uNPPd7r2h4S1ihFam55mhbEUUuGuVP5cmhcFy7sct16vW_8m4kLG4TVHOB0q5pl7ddoT3zGCMoJYPCeZWjTmOUZ-hiKiwsYqIirfkTuKrPCddiPPVB60gYhFURICBQQkIOCEhzxQAoUA0pEwVhRFPmkLjUjFLG_gjAYqvPU0tokcPf0Ntm696g&v=c1&r=https%3A%2F%2Fwww.amazon.com%2Fgp%2Faw%2Fd%2FB09DMRYJG5%3Fpd_rd_plhdr%3Dt%26hsa_cr_id%3D0%26qid%3D1787989173%26sr%3D1-3-5a5562f9-fdfd-4101-9f9d-d76aa9998432%26i%3Daps%26aref%3D0zSApxiNBo&ref_=sbx__sbtcd2_asin_2_bkgd&pd_rd_w=hvmIL&content-id=amzn1.sym.90f77631-9599-4fe0-95f8-a40adfe1c762%3Aamzn1.sym.90f77631-9599-4fe0-95f8-a40adfe1c762&pf_rd_p=90f77631-9599-4fe0-95f8-a40adfe1c762&pf_rd_r=P0YS6P9YZTFT13N2VGW9&pd_rd_wg=ptCK3&pd_rd_r=9b16ca4b-b862-4434-b858-d1bc5499d383,"https://m.media-amazon.com/images/I/81ggD2FCOrL._AC_SR322,134_CB1169409_QL70_.jpg",94,排名靠前；价格处于人民币等值¥57.60-¥180.00黄金区间；标题包含 cloud、comfort、beach，符合美国女鞋舒适化趋势；cloud + slides组合趋势加分；评分达到4.3以上。
2026-08-29,amazon_us,product,best_sellers,Best Sellers Women Sandals,19,OOFOS OOriginal Recovery Sandal - Women’s and Men’s,¥431.64,4.5,"26,435",,,,,,https://www.amazon.com/OOFOS-Unisex-Original-Thong-Black/dp/B007VDSTW0/ref=zg_bs_g_679425011_d_sccl_19/146-0249875-9735346?psc=1,"https://images-na.ssl-images-amazon.com/images/I/51qiZpHX64L._AC_UL600_SR600,400_.jpg",78,排名进入前30；评论数高；价格高于人民币等值¥288.00；标题包含 recovery，符合美国女鞋舒适化趋势；评分达到4.3以上。
2026-08-29,amazon_us,product,best_sellers,Best Sellers Women Sandals,28,COFACE Womens Orthopedic Flip Flops Arch Support Yoga Walking Thong Sandals | Fashion Orthotic Ladies Slip On Lightweight Athletic Mat Recovery Cushion With Comfortable Plantar Fasciitis,,4.3,$24.67,,,,,,https://www.amazon.com/COFACE-FlipFlops-Comfortable-Fasciitis-Fantastic/dp/B0BL6ZL11F/ref=zg_bs_g_679425011_d_sccl_28/146-0249875-9735346?psc=1,"https://images-na.ssl-images-amazon.com/images/I/61N4A12WSZL._AC_UL600_SR600,400_.jpg",77,排名进入前30；标题包含 recovery、orthopedic、comfort、arch support，符合美国女鞋舒适化趋势；orthopedic + arch support组合趋势加分；评分达到4.3以上。
2026-08-29,amazon_us,product,best_sellers,Best Sellers Women Sandals,5,Project Cloud 100% Genuine Leather Womens Sandals Slides for Women (Venita) | Cork Footbed Sandals for Women with Memory Foam and Arch Support Vacation Essentials Slides Women Footwear Flat Sandals,,4.3,$29.61,,,,,,https://www.amazon.com/Project-Cloud-Comfortable-Essentials-Vacation/dp/B0CNY8BFWN/ref=zg_bs_g_679425011_d_sccl_5/146-0249875-9735346?psc=1,"https://images-na.ssl-images-amazon.com/images/I/71Zk8CZeYSL._AC_UL600_SR600,400_.jpg",76,排名靠前；标题包含 cloud、arch support，符合美国女鞋舒适化趋势；cloud + slides组合趋势加分；评分达到4.3以上。
2026-08-29,amazon_us,product,new_releases,New Releases Women Sandals,6,"MellowSoft Cloud Slides for Women & Men, Thick Shock-Absorbing Sole | Ultra Soft CloudFoam Cushioning Slides, Lightweight Anti-Slip Recovery Sandals for Indoor & Outdoor Comfort",,3.6,$31.20,,,,,,https://www.amazon.com/MellowSoft-Cloud-Slides-CloudFoam-Cushioning/dp/B0H53FBMK7/ref=zg_bsnr_g_679425011_d_sccl_6/134-6137667-3217327?psc=1,"https://images-na.ssl-images-amazon.com/images/I/51DtA9ZHO4L._AC_UL600_SR600,400_.jpg",75,排名靠前；标题包含 cloud、recovery、comfort、soft，符合美国女鞋舒适化趋势；cloud + slides组合趋势加分。
2026-08-29,amazon_us,product,new_releases,New Releases Women Sandals,10,Project Cloud Platform Sandals Women - Wedge Sandals for Women 2026 (Silly) | Womens Sandals Comfortable with Soft & Plush Insole - Non Slip Beach Essentials Womens Slide - Stylish Women Footwear,,3.6,$32.90,,,,,,https://www.amazon.com/Project-Cloud-Platform-Sandals-Women/dp/B0H27BLYKS/ref=zg_bsnr_g_679425011_d_sccl_10/134-6137667-3217327?psc=1,"https://images-na.ssl-images-amazon.com/images/I/71lcJ5wbS4L._AC_UL600_SR600,400_.jpg",75,排名靠前；标题包含 cloud、platform、comfort、soft、beach、wedge，符合美国女鞋舒适化趋势；platform + comfort组合趋势加分。
2026-08-29,amazon_us,product,search,platform sandals women,27,Women's Suede Platform Wedge Heel Slide Sandals Y2K Round Open Toe One Strap Slip-On Heeled Sandals Stylish Comfortable Daily Casual Summer Slippers,¥237.53,3.6,"Price, product page $32.99 $ 32 . 99",,,,,,https://www.amazon.com/NBZKBNG-Platform-Sandals-Comfortable-Slippers/dp/B0FXRQXXLG/ref=sr_1_17?dib=eyJ2IjoiMSJ9.FeE0_a6UHuc-xCYeG4xNcaK8sbC3477sh56b8juuTlJUxSfTlH4yP0AzL-KzOs6qIvRUU7zLeBjp6ATGjgBe0wcYy53MDIB2swQ8pCxANN5BPt18Woq1O_3qAU7AM71-fm3Rrg_aujKSK9gc5a6QuOUlyBTlq0Zis-J7ouR63IT5ETYdLQ23w6GCR46jT693az0ghcS16FS25rojta4gsE6v5eqcqbg4TGNLy9dRYWD4-f0bOlhOD-vpVGq6EALC0KW8JauaV-f-CKuZPAlg1CvC3joheeVn3ADUpRK2jYM.Z0l2103CupNzIA8qNZmwD3GmVBdM2vVidAFcwTu07bw&dib_tag=se&keywords=platform+sandals+women&qid=1787989173&sr=8-17,https://m.media-amazon.com/images/I/61psKHoQPtL._AC_UL320_.jpg,75,排名进入前30；价格处于人民币等值¥180.00-¥288.00区间；标题包含 platform、comfort、summer、wedge，符合美国女鞋舒适化趋势；platform + comfort组合趋势加分。
2026-08-29,amazon_us,product,best_sellers,Best Sellers Women Sandals,20,"shevalues Orthopedic Sandals for Women, Arch Support Recovery Flip Flops | Orthotic Pillow Soft Summer Beach Shoes, Comfortable for Plantar Fasciitis",,4.2,$16.17,,,,,,https://www.amazon.com/Orthotic-Pillow-Recovery-Sandals-Support/dp/B09LC836QG/ref=zg_bs_g_679425011_d_sccl_20/146-0249875-9735346?psc=1,"https://images-na.ssl-images-amazon.com/images/I/61o9ArJVVsL._AC_UL600_SR600,400_.jpg",74,排名进入前30；标题包含 recovery、orthopedic、comfort、arch support、soft、beach、summer，符合美国女鞋舒适化趋势；orthopedic + arch support组合趋势加分；评分达到4.0以上。
2026-08-29,amazon_us,product,best_sellers,Best Sellers Women Sandals,4,"Joomra Pillow Slippers for Women and Men Thick Sole Ultra Cushion Slides | Cloud-Like Sole, Quick Drying Shower Shoes, Soft Open Toe Indoor Outdoor Sandals",,4.3,$20.34,,,,,,https://www.amazon.com/Joomra-Slippers-Massage-Bathroom-Platform/dp/B09652VJP1/ref=zg_bs_g_679425011_d_sccl_4/146-0249875-9735346?psc=1,"https://images-na.ssl-images-amazon.com/images/I/71pkhgTTRXL._AC_UL600_SR600,400_.jpg",73,排名靠前；标题包含 cloud、soft，符合美国女鞋舒适化趋势；cloud + slides组合趋势加分；评分达到4.3以上。
2026-08-29,amazon_us,product,search,women summer slippers,6,isotoner Women's Indoor/Outdoor Slip-on Diamond Microterry Gemma Clog Slippers With Memory Foam Comfort isotoner Women's Indoor/Outdoor Slip-on Dia…,¥150.62,4.4,,,,,,,https://aax-us-east-retail-direct.amazon.com/x/c/JKqnMpV88-SJjPAQ2HK0aHMAAAGgTHWh-QEAAAH2AQBvbm9fdHhuX2JpZDMgICBvbm9fdHhuX2ltcDEgICA6UD8F/clv1c_ek-wBPHXKjbXDkezET9Ic7p6o1kFvN8y0Fc0_8GEJYkZ5mICFo4T_4pU14yh1Qi2BIH63qafITQbH9QoXPtIiTf5UJCD791TvTIm20ze07FJVLDKrrknBQMYwU7-b2l5txsLH1CrlpXkWGA44oSKEsPKlP84cvL-osT-3zepxIIFW9vNH0ah8nLIJQFvxNhU9D2ntylPLdalZf8is_hBd2SWX1XXxM7RHKwIqi2dYZaeTjO2PLvY2U_rWuKzXaQJqIYTKjfYu-2dzVEpk0XyIlATkMrCt9JWAFYqwgHiD4qaorKj9z4hoGAuMy5W5m8jj5o03aTOU8DMksRh7kmsdRhNDzlBD9AGJW8rCD20CHiKCJ9pKDsZQ5BwEV5GrhXAtbY2h21_wA-nq1vqTb_TtMiDbGt5lgp4Aa7vKKpf7dkhWhwLrSZVISSe1ifaLS9HicitVFEO7YPBoeqD8akAsXaerHmHd5xre4p0ftDvU1ppYCx0fh5O5uXbibq4IJIpBuQU4klNZ3H0XpvhV3xfXUOqmg24RikE1JzVUpS5qp9G0O0uk3MFcwXbizUb68uaG2ce2nbjDOwkLLiq83lBuOIb6wN8uG9KaIs5sKzwqWzxA90E9YS2P8-KENddfaFlqJXInH7t_fimLPRaN_skDV8_MrlrtZkRivOHfcZBGCMbr-L9coF8lU2H44bRUqhLh43cyomT2ZGx1846YPvVWbxKeAn3eCXQR-S1J3hhcuCqAY5ZrmqKPA_jY8OLc5nSvNpDFDdxVCdxu992k6xn-hckYR_YpNN5Wz37jMVcqCrwx5PBlRJjIw5aqxFspwsMiajTFNyp9GNqjnXrGj98mSQWe0maZm7zE1okOkrb7ze_vCmp-lMZ89wHkEWODYzpzo3Ibbt3twlvEWZHORPKYenXmdC7mQPg9YghoVjZDJEfyt7NvKg2fHSZCiahXSzJiO0wYPZgRcC-7azj7KHd8XdW8EIN1hx3lElft0qWOlXA_7qElwp0CBQ2xBh8zduH_NIENKmGEAUM0-c37Z0xGB3sBvlW441n_f-dnJGqGH_KLltyOzR0TJymYByCEZYPOwCr5cWBEoMlbhvI_n3xikDaoB9PkYax7G2cGrpzzOFQvHmt8pZ_Lge22ickyYNYKgzvQ3apV6M2nBmKPeCpIqG8xI4O71BlqbZomEDy1XYczSm1XhWQiR_c2Ln9GXEUZ4ruRNLsK3XEf0aaVrUUjd9bxhmA2txx5JP_QK6BQoypnlKb4RUhxd4RChkfg3dF_P_jP8bgys1H4cnBJSx_T3u3Lq6HlgyAlXbTabpkKWaGzEqTIfYKokAw-QwmrUcWYG6JeaB276bE7X8nvvxE1Wt-rq8cDiRVzVZzTpxDxIRFYtfROmHwBOmptgJ48SXstdwZHK42Ofa0aV2wA0p4CACtH2r6F3hEIAatwlyQzNXPzGzwfEubzseLJdldPO_-TqkM-z-hdZrXPPzWLqGbHpGRsevOtC_cDhiB13_IVCGZ4y0HdSqZesZcQ0k7Tk47DIdzEZ_d5ni_Sr55zIOkN22Z4aVOcrkJ5WxQqWX5DWTTft2ROmuU_U4U-z5M6zhztWL432zuH9H7HFF_qICSlby0JbcH3RcdXq7WQec-Cz_18hKJaxSuZ3DTBCrJ3k_wX-oCtn4M3b-BSuYacH0PWjm4AZXfTYGrW9AQSC-UbsFjIEf8zmzZ/https://www.amazon.com/gp/aw/d/B0DWC3Y8YC/?_encoding=UTF8&pd_rd_plhdr=t&aaxitk=b344569c2b3e3470d01df3764db5d0e6&hsa_cr_id=0&qid=1787989172&sr=1-6-9e67e56a-6f64-441f-a281-df67fc737124&i=aps&aref=YrwLZD5HgE&ref_=sbx_s_sparkle_sbtcd_asin_5_bkgd&pd_rd_w=7QkpL&content-id=amzn1.sym.8de9b3d5-f5c5-40e9-9b39-d65f08d6ea68%3Aamzn1.sym.8de9b3d5-f5c5-40e9-9b39-d65f08d6ea68&pf_rd_p=8de9b3d5-f5c5-40e9-9b39-d65f08d6ea68&pf_rd_r=423TKSKNP3PD5J70M14G&pd_rd_wg=7xfrv&pd_rd_r=99755c39-3996-4329-a9d1-df903ff8ece3,"https://m.media-amazon.com/images/I/711vY9s+p4L._AC_SR160,134_CB1169409_QL70_.jpg",73,排名靠前；价格处于人民币等值¥57.60-¥180.00黄金区间；标题包含 comfort，符合美国女鞋舒适化趋势；评分达到4.3以上。
2026-08-29,amazon_us,product,best_sellers,Best Sellers Women Sandals,2,KuaiLu Flip Flops for Women with Arch Support Summer Beach Thong Sandals | Comfortable Yoga Mat Walking Shoes Cushion Slip On Casual Outfits Indoor Outdoor,,4.3,$11.99,,,,,,https://www.amazon.com/KuaiLu-Support-Comfortable-Walking-Sandals/dp/B0C5ZRQS2X/ref=zg_bs_g_679425011_d_sccl_2/146-0249875-9735346?psc=1,"https://images-na.ssl-images-amazon.com/images/I/710PdcSAm6L._AC_UL600_SR600,400_.jpg",70,排名靠前；标题包含 comfort、arch support、beach、summer，符合美国女鞋舒适化趋势；评分达到4.3以上。
2026-08-29,amazon_us,product,search,women summer slippers,5,isotoner Women's Indoor/Outdoor Embroidered Seersucker Flip Flop Slippers With Memory Foam Comfort isotoner Women's Indoor/Outdoor Embroidere…,¥149.76,4.1,,,,,,,https://aax-us-east-retail-direct.amazon.com/x/c/JKqnMpV88-SJjPAQ2HK0aHMAAAGgTHWh-QEAAAH2AQBvbm9fdHhuX2JpZDMgICBvbm9fdHhuX2ltcDEgICA6UD8F/clv1c_ek-wBPHXKjbXDkezET9Ic7p6o1kFvN8y0Fc0_8GEJYkZ5mICFo4T_4pU14yh1Qi2BIH63qafITQbH9QoXPtIiTf5UJCD791TvTIm20ze07FJVLDKrrknBQMYwU7-b2l5txsLH1CrlpXkWGA44oSKEsPKlP84cvL-osT-3zepxIIFW9vNH0ah8nLIJQFvxNhU9D2ntylPLdalZf8is_hBd2SWX1XXxM7RHKwIqi2dYZaeTjO2PLvY2U_rWuKzXaQJqIYTKjfYu-2dzVEpk0XyIlATkMrCt9JWAFYqwgHiD4qaorKj9z4hoGAuMy5W5m8jj5o03aTOU8DMksRh7kmsdRhNDzlBD9AGJW8rCD20CHiKCJ9pKDsZQ5BwEV5GrhXAtbY2h21_wA-nq1vqTb_TtMiDbGt5lgp4Aa7vKKpf7dkhWhwLrSZVISSe1ifaLS9HicitVFEO7YPBoeqD8akAsXaerHmHd5xre4p0ftDvU1ppYCx0fh5O5uXbibq4IJIpBuQU4klNZ3H0XpvhV3xfXUOqmg24RikE1JzVUpS5qp9G0O0uk3MFcwXbizUb68uaG2ce2nbjDOwkLLiq83lBuOIb6wN8uG9KaIs5sKzwqWzxA90E9YS2P8-KENddfaFlqJXInH7t_fimLPRaN_skDV8_MrlrtZkRivOHfcZBGCMbr-L9coF8lU2H44bRUqhLh43cyomT2ZGx1846YPvVWbxKeAn3eCXQR-S1J3hhcuCqAY5ZrmqKPA_jY8OLc5nSvNpDFDdxVCdxu992k6xn-hckYR_YpNN5Wz37jMVcqCrwx5PBlRJjIw5aqxFspwsMiajTFNyp9GNqjnXrGj98mSQWe0maZm7zE1okOkrb7ze_vCmp-lMZ89wHkEWODYzpzo3Ibbt3twlvEWZHORPKYenXmdC7mQPg9YghoVjZDJEfyt7NvKg2fHSZCiahXSzJiO0wYPZgRcC-7azj7KHd8XdW8EIN1hx3lElft0qWOlXA_7qElwp0CBQ2xBh8zduH_NIENKmGEAUM0-c37Z0xGB3sBvlW441n_f-dnJGqGH_KLltyOzR0TJymYByCEZYPOwCr5cWBEoMlbhvI_n3xikDaoB9PkYax7G2cGrpzzOFQvHmt8pZ_Lge22ickyYNYKgzvQ3apV6M2nBmKPeCpIqG8xI4O71BlqbZomEDy1XYczSm1XhWQiR_c2Ln9GXEUZ4ruRNLsK3XEf0aaVrUUjd9bxhmA2txx5JP_QK6BQoypnlKb4RUhxd4RChkfg3dF_P_jP8bgys1H4cnBJSx_T3u3Lq6HlgyAlXbTabpkKWaGzEqTIfYKokAw-QwmrUcWYG6JeaB276bE7X8nvvxE1Wt-rq8cDiRVzVZzTpxDxIRFYtfROmHwBOmptgJ48SXstdwZHK42Ofa0aV2wA0p4CACtH2r6F3hEIAatwlyQzNXPzGzwfEubzseLJdldPO_-TqkM-z-hdZrXPPzWLqGbHpGRsevOtC_cDhiB13_IVCGZ4y0HdSqZesZcQ0k7Tk47DIdzEZ_d5ni_Sr55zIOkN22Z4aVOcrkJ5WxQqWX5DWTTft2ROmuU_U4U-z5M6zhztWL432zuH9H7HFF_qICSlby0JbcH3RcdXq7WQec-Cz_18hKJaxSuZ3DTBCrJ3k_wX-oCtn4M3b-BSuYacH0PWjm4AZXfTYGrW9AQSC-UbsFjIEf8zmzZ/https://www.amazon.com/gp/aw/d/B0G4SSP8BH/?_encoding=UTF8&pd_rd_plhdr=t&aaxitk=b344569c2b3e3470d01df3764db5d0e6&hsa_cr_id=0&qid=1787989172&sr=1-5-9e67e56a-6f64-441f-a281-df67fc737124&i=aps&aref=YrwLZD5HgE&ref_=sbx_s_sparkle_sbtcd_asin_4_bkgd&pd_rd_w=7QkpL&content-id=amzn1.sym.8de9b3d5-f5c5-40e9-9b39-d65f08d6ea68%3Aamzn1.sym.8de9b3d5-f5c5-40e9-9b39-d65f08d6ea68&pf_rd_p=8de9b3d5-f5c5-40e9-9b39-d65f08d6ea68&pf_rd_r=423TKSKNP3PD5J70M14G&pd_rd_wg=7xfrv&pd_rd_r=99755c39-3996-4329-a9d1-df903ff8ece3,"https://m.media-amazon.com/images/I/71FryBXjO+L._AC_SR160,134_CB1169409_QL70_.jpg",70,排名靠前；价格处于人民币等值¥57.60-¥180.00黄金区间；标题包含 comfort，符合美国女鞋舒适化趋势；评分达到4.0以上。
2026-08-29,amazon_us,product,search,women slides,44,"Womens Sandal Cork Footbed Slide, Arch Support Slides for Women with Adjustable Buckle, Comfortable Summer Beach Outdoor Sandals",¥115.06,4.4,600+ bought in past month,,,,,,https://www.amazon.com/AUGCY-Footbed-Support-Adjustable-Comfortable/dp/B0GFVJCPGW/ref=sr_1_38?dib=eyJ2IjoiMSJ9.wrqHnvIFpzxZDCy1gVq3f2HcNswV2RaHhxwkGjsTd_VtjGXiextupGar-rBX1lUaKzd5DY8KHIwWO14zztZiiqaKRIy9Bpse0biEhLxzGrkKEshXIdcAq5QNVOX-_pTKdDg8GdJE1S8se_FAdxXNds0DnIeWRguwy9RTJv-KTowyXaHIv083cW3KXk8CW1iaxExW3KOV2NKWIx-7wFCr8gwvOfC2tTeism2kDn7IN8Q6bkmJliwJiV1fSmXC0mSbpUwKVVzdUA6J5hKZAINX4jm-r5yTtFTbDaogY65Y4vc.cbG6ddtmc9mMyZjgOLKVQ6kYku8NatNyt6IGG-y2p8o&dib_tag=se&keywords=women+slides&qid=1787989173&sr=8-38,https://m.media-amazon.com/images/I/71jk8h0qC0L._AC_UL320_.jpg,70,排名进入前50；评论数达到300以上；价格处于人民币等值¥57.60-¥180.00黄金区间；标题包含 comfort、arch support、beach、summer，符合美国女鞋舒适化趋势；评分达到4.3以上。
2026-08-29,amazon_us,product,new_releases,New Releases Women Sandals,14,IDIFU Platform Chunky Block Strappy Heels Sandals | Slingback Heeled Sandals Thick Open Square Toe Comfortable Dress Shoes for Women Wedding Work Prom Ladies Cute Heel,,4.6,$36.98,,,,,,https://www.amazon.com/IDIFU-Platform-Chunky-Strappy-Sandals/dp/B0H1LR1GFW/ref=zg_bsnr_g_679425011_d_sccl_14/134-6137667-3217327?psc=1,"https://images-na.ssl-images-amazon.com/images/I/61zeFLRuxkL._AC_UL600_SR600,400_.jpg",69,排名进入前30；标题包含 platform、comfort，符合美国女鞋舒适化趋势；platform + comfort组合趋势加分；评分达到4.6以上。
2026-08-29,amazon_us,product,best_sellers,Best Sellers Women Sandals,10,"ODOLY Unisex Comfortable Cork Footbed Slide Sandals with Arch Support | Adjustable Buckle, Lightweight Summer Sandals for Travel and Everyday Wear",,4.5,$17.99,,,,,,https://www.amazon.com/ODOLY-Footbed-Comfortable-Sandals-Adjustable/dp/B0CSMN1X4W/ref=zg_bs_g_679425011_d_sccl_10/146-0249875-9735346?psc=1,"https://images-na.ssl-images-amazon.com/images/I/61iYsM+H9QL._AC_UL600_SR600,400_.jpg",67,排名靠前；标题包含 comfort、arch support、summer，符合美国女鞋舒适化趋势；评分达到4.3以上。
2026-08-29,amazon_us,product,search,women summer slippers,1,Isotoner Women's 2 Pack Mictroterry Ballerina Slipper with a Satin Bow Isotoner Women's 2 Pack Mictroterry Ballerina Slipper…,¥141.62,4.4,,,,,,,https://aax-us-east-retail-direct.amazon.com/x/c/JKqnMpV88-SJjPAQ2HK0aHMAAAGgTHWh-QEAAAH2AQBvbm9fdHhuX2JpZDMgICBvbm9fdHhuX2ltcDEgICA6UD8F/clv1c_ek-wBPHXKjbXDkezET9Ic7p6o1kFvN8y0Fc0_8GEJYkZ5mICFo4T_4pU14yh1Qi2BIH63qafITQbH9QoXPtIiTf5UJCD791TvTIm20ze07FJVLDKrrknBQMYwU7-b2l5txsLH1CrlpXkWGA44oSKEsPKlP84cvL-osT-3zepxIIFW9vNH0ah8nLIJQFvxNhU9D2ntylPLdalZf8is_hBd2SWX1XXxM7RHKwIqi2dYZaeTjO2PLvY2U_rWuKzXaQJqIYTKjfYu-2dzVEpk0XyIlATkMrCt9JWAFYqwgHiD4qaorKj9z4hoGAuMy5W5m8jj5o03aTOU8DMksRh7kmsdRhNDzlBD9AGJW8rCD20CHiKCJ9pKDsZQ5BwEV5GrhXAtbY2h21_wA-nq1vqTb_TtMiDbGt5lgp4Aa7vKKpf7dkhWhwLrSZVISSe1ifaLS9HicitVFEO7YPBoeqD8akAsXaerHmHd5xre4p0ftDvU1ppYCx0fh5O5uXbibq4IJIpBuQU4klNZ3H0XpvhV3xfXUOqmg24RikE1JzVUpS5qp9G0O0uk3MFcwXbizUb68uaG2ce2nbjDOwkLLiq83lBuOIb6wN8uG9KaIs5sKzwqWzxA90E9YS2P8-KENddfaFlqJXInH7t_fimLPRaN_skDV8_MrlrtZkRivOHfcZBGCMbr-L9coF8lU2H44bRUqhLh43cyomT2ZGx1846YPvVWbxKeAn3eCXQR-S1J3hhcuCqAY5ZrmqKPA_jY8OLc5nSvNpDFDdxVCdxu992k6xn-hckYR_YpNN5Wz37jMVcqCrwx5PBlRJjIw5aqxFspwsMiajTFNyp9GNqjnXrGj98mSQWe0maZm7zE1okOkrb7ze_vCmp-lMZ89wHkEWODYzpzo3Ibbt3twlvEWZHORPKYenXmdC7mQPg9YghoVjZDJEfyt7NvKg2fHSZCiahXSzJiO0wYPZgRcC-7azj7KHd8XdW8EIN1hx3lElft0qWOlXA_7qElwp0CBQ2xBh8zduH_NIENKmGEAUM0-c37Z0xGB3sBvlW441n_f-dnJGqGH_KLltyOzR0TJymYByCEZYPOwCr5cWBEoMlbhvI_n3xikDaoB9PkYax7G2cGrpzzOFQvHmt8pZ_Lge22ickyYNYKgzvQ3apV6M2nBmKPeCpIqG8xI4O71BlqbZomEDy1XYczSm1XhWQiR_c2Ln9GXEUZ4ruRNLsK3XEf0aaVrUUjd9bxhmA2txx5JP_QK6BQoypnlKb4RUhxd4RChkfg3dF_P_jP8bgys1H4cnBJSx_T3u3Lq6HlgyAlXbTabpkKWaGzEqTIfYKokAw-QwmrUcWYG6JeaB276bE7X8nvvxE1Wt-rq8cDiRVzVZzTpxDxIRFYtfROmHwBOmptgJ48SXstdwZHK42Ofa0aV2wA0p4CACtH2r6F3hEIAatwlyQzNXPzGzwfEubzseLJdldPO_-TqkM-z-hdZrXPPzWLqGbHpGRsevOtC_cDhiB13_IVCGZ4y0HdSqZesZcQ0k7Tk47DIdzEZ_d5ni_Sr55zIOkN22Z4aVOcrkJ5WxQqWX5DWTTft2ROmuU_U4U-z5M6zhztWL432zuH9H7HFF_qICSlby0JbcH3RcdXq7WQec-Cz_18hKJaxSuZ3DTBCrJ3k_wX-oCtn4M3b-BSuYacH0PWjm4AZXfTYGrW9AQSC-UbsFjIEf8zmzZ/https://www.amazon.com/gp/aw/d/B07W7W26CG/?_encoding=UTF8&pd_rd_plhdr=t&aaxitk=b344569c2b3e3470d01df3764db5d0e6&hsa_cr_id=0&qid=1787989172&sr=1-1-9e67e56a-6f64-441f-a281-df67fc737124&i=aps&aref=YrwLZD5HgE&ref_=sbx_s_sparkle_sbtcd_asin_0_bkgd&pd_rd_w=7QkpL&content-id=amzn1.sym.8de9b3d5-f5c5-40e9-9b39-d65f08d6ea68%3Aamzn1.sym.8de9b3d5-f5c5-40e9-9b39-d65f08d6ea68&pf_rd_p=8de9b3d5-f5c5-40e9-9b39-d65f08d6ea68&pf_rd_r=423TKSKNP3PD5J70M14G&pd_rd_wg=7xfrv&pd_rd_r=99755c39-3996-4329-a9d1-df903ff8ece3,"https://m.media-amazon.com/images/I/71By5NlPHFL._AC_SR160,134_CB1169409_QL70_.jpg",67,排名靠前；价格处于人民币等值¥57.60-¥180.00黄金区间；评分达到4.3以上。
2026-08-29,amazon_us,product,search,women summer slippers,4,isotoner Women's Rose Quilted Ballerina Slippers With Rhinestone Embellishment and Genuine Suede Sole isotoner Women's Rose Quilted Ballerina Slippers Wi…,¥133.56,4.4,,,,,,,https://aax-us-east-retail-direct.amazon.com/x/c/JKqnMpV88-SJjPAQ2HK0aHMAAAGgTHWh-QEAAAH2AQBvbm9fdHhuX2JpZDMgICBvbm9fdHhuX2ltcDEgICA6UD8F/clv1c_ek-wBPHXKjbXDkezET9Ic7p6o1kFvN8y0Fc0_8GEJYkZ5mICFo4T_4pU14yh1Qi2BIH63qafITQbH9QoXPtIiTf5UJCD791TvTIm20ze07FJVLDKrrknBQMYwU7-b2l5txsLH1CrlpXkWGA44oSKEsPKlP84cvL-osT-3zepxIIFW9vNH0ah8nLIJQFvxNhU9D2ntylPLdalZf8is_hBd2SWX1XXxM7RHKwIqi2dYZaeTjO2PLvY2U_rWuKzXaQJqIYTKjfYu-2dzVEpk0XyIlATkMrCt9JWAFYqwgHiD4qaorKj9z4hoGAuMy5W5m8jj5o03aTOU8DMksRh7kmsdRhNDzlBD9AGJW8rCD20CHiKCJ9pKDsZQ5BwEV5GrhXAtbY2h21_wA-nq1vqTb_TtMiDbGt5lgp4Aa7vKKpf7dkhWhwLrSZVISSe1ifaLS9HicitVFEO7YPBoeqD8akAsXaerHmHd5xre4p0ftDvU1ppYCx0fh5O5uXbibq4IJIpBuQU4klNZ3H0XpvhV3xfXUOqmg24RikE1JzVUpS5qp9G0O0uk3MFcwXbizUb68uaG2ce2nbjDOwkLLiq83lBuOIb6wN8uG9KaIs5sKzwqWzxA90E9YS2P8-KENddfaFlqJXInH7t_fimLPRaN_skDV8_MrlrtZkRivOHfcZBGCMbr-L9coF8lU2H44bRUqhLh43cyomT2ZGx1846YPvVWbxKeAn3eCXQR-S1J3hhcuCqAY5ZrmqKPA_jY8OLc5nSvNpDFDdxVCdxu992k6xn-hckYR_YpNN5Wz37jMVcqCrwx5PBlRJjIw5aqxFspwsMiajTFNyp9GNqjnXrGj98mSQWe0maZm7zE1okOkrb7ze_vCmp-lMZ89wHkEWODYzpzo3Ibbt3twlvEWZHORPKYenXmdC7mQPg9YghoVjZDJEfyt7NvKg2fHSZCiahXSzJiO0wYPZgRcC-7azj7KHd8XdW8EIN1hx3lElft0qWOlXA_7qElwp0CBQ2xBh8zduH_NIENKmGEAUM0-c37Z0xGB3sBvlW441n_f-dnJGqGH_KLltyOzR0TJymYByCEZYPOwCr5cWBEoMlbhvI_n3xikDaoB9PkYax7G2cGrpzzOFQvHmt8pZ_Lge22ickyYNYKgzvQ3apV6M2nBmKPeCpIqG8xI4O71BlqbZomEDy1XYczSm1XhWQiR_c2Ln9GXEUZ4ruRNLsK3XEf0aaVrUUjd9bxhmA2txx5JP_QK6BQoypnlKb4RUhxd4RChkfg3dF_P_jP8bgys1H4cnBJSx_T3u3Lq6HlgyAlXbTabpkKWaGzEqTIfYKokAw-QwmrUcWYG6JeaB276bE7X8nvvxE1Wt-rq8cDiRVzVZzTpxDxIRFYtfROmHwBOmptgJ48SXstdwZHK42Ofa0aV2wA0p4CACtH2r6F3hEIAatwlyQzNXPzGzwfEubzseLJdldPO_-TqkM-z-hdZrXPPzWLqGbHpGRsevOtC_cDhiB13_IVCGZ4y0HdSqZesZcQ0k7Tk47DIdzEZ_d5ni_Sr55zIOkN22Z4aVOcrkJ5WxQqWX5DWTTft2ROmuU_U4U-z5M6zhztWL432zuH9H7HFF_qICSlby0JbcH3RcdXq7WQec-Cz_18hKJaxSuZ3DTBCrJ3k_wX-oCtn4M3b-BSuYacH0PWjm4AZXfTYGrW9AQSC-UbsFjIEf8zmzZ/https://www.amazon.com/gp/aw/d/B001I6NMWS/?_encoding=UTF8&pd_rd_plhdr=t&aaxitk=b344569c2b3e3470d01df3764db5d0e6&hsa_cr_id=0&qid=1787989172&sr=1-4-9e67e56a-6f64-441f-a281-df67fc737124&i=aps&aref=YrwLZD5HgE&ref_=sbx_s_sparkle_sbtcd_asin_3_bkgd&pd_rd_w=7QkpL&content-id=amzn1.sym.8de9b3d5-f5c5-40e9-9b39-d65f08d6ea68%3Aamzn1.sym.8de9b3d5-f5c5-40e9-9b39-d65f08d6ea68&pf_rd_p=8de9b3d5-f5c5-40e9-9b39-d65f08d6ea68&pf_rd_r=423TKSKNP3PD5J70M14G&pd_rd_wg=7xfrv&pd_rd_r=99755c39-3996-4329-a9d1-df903ff8ece3,"https://m.media-amazon.com/images/I/71Ykh9RlozL._AC_SR160,134_CB1169409_QL70_.jpg",67,排名靠前；价格处于人民币等值¥57.60-¥180.00黄金区间；评分达到4.3以上。
2026-08-29,amazon_us,product,search,women summer slippers,7,GOEWY,¥93.53,4.4,GOEWY,,,,,,https://www.amazon.com/GOEWY-Slippers-Summer-Breathable-Slides/dp/B0GQGLFHFJ/ref=sr_1_1?dib=eyJ2IjoiMSJ9.cpz8XkOX9cIJbkn7CD_e_aCf7kcJGHLJcAXl6cbTNngbIrmPMRewLUw75ar_rXg8bgtjCTtOVzUkE31Af3d_V7ivXxbXSHQLK89T_FEF1lKO9jywNyE4vmpO3_rvU2KNEXJ6lgVFk5iS8F-9J44PRjyxJqPJ3lbXBBRO6ldt2GuleIcKnZG_H-8pVXQF2SEPV-SRFIbkfoZLT41JXrE1IjmVGALOHocIgX_0A0GB7ZEb5XoYiGcef_j3FsRraT6mxz87oo3xOiQwhTeofHZKPkOo9dTiYVhGu86jqRHW3ho.71IuQR5wmrTliRCpeXb8HkCvio2byPAvM30I9TCEp-I&dib_tag=se&keywords=women+summer+slippers&qid=1787989172&sr=8-1,https://m.media-amazon.com/images/I/61PJ6PNvlqL._AC_UL320_.jpg,67,排名靠前；价格处于人民币等值¥57.60-¥180.00黄金区间；评分达到4.3以上。
2026-08-29,amazon_us,product,search,women summer slippers,10,"RockDove Women's Original Two-Tone Memory Foam Slipper | Slip-on, Indoor/Outdoor, House Use, Non-Slip, Machine Washable, Lightweight, Skin-Friendly, Gift-Ready RockDove Women's Original Two-Tone Memory Foam Slipper | Slip-on, Indoor/Outdoor, House Use, Non-Slip, Machine Washable, Lightweight, Skin-F…",¥122.33,4.4,4.4,,,,,,https://sponsored-ads.amazon.com/clk/?_encoding=UTF8&p=eAFVUMuO0lAYDk7USYOXsJhJcIeRBeZAW2hpMY3p5cxYwQItTAibk0PP6UVLW9ozA86ChzAmxuU8g76CG9eufBDXJjLG-K2-5Lv8fz6OHH_9_P3HvdoDfXYxsYb2cMFb0G1UhNZJQNN4h95IM7xJF-b8-cq82r5lgxPpUodY5R1_V8Ll2XsYL13peupWRb4tKHJb7CptfnnHM1bHOpy9gq7t1U65-4SW71iW16pzx4Xm-Nyxl9Cqf6lwT28VVFJc-BHKaeFnCWYUxWkSpxStWFDj8BpfZ2nbz9b1J-UK-Akuy9gHhww4OEEuNO7SFM29llSuAIvomhLgZ0lCfRZnKbgSwe0x4OOClCDHccpoAfwsZTRl4jPD1R0LmePRCJoze-x4yHZGtgPRyL6AyILecDaeNGSuwj_--eHXzbcbq_7wb-XhicajLs_zgiRJkijIPV4Wj-aeNTgyJ2ZrWHthGbqZn9mgr--NzQGhvjem-eVCsfX_sTfCvTHdG_ofEtarZgh35zoMEzmk4qcK97ESMZaXg05nu922_03UCfMO3nZIx-AV1zFccaS8zAkqCMqTiBQaa0YlRn6BYqLxzU1MNKGv9FVFFfpisyw0AQhAwpIki4EKAhIQ0BN4AaiBSgDpyxirqqr0umIz1nBeNnFBAw2-TrJ0OhWi4jcNUbzm&v=c1&r=https%3A%2F%2Fwww.amazon.com%2Fgp%2Faw%2Fd%2FB08RNBR2L8%3Fpd_rd_plhdr%3Dt%26hsa_cr_id%3D0%26qid%3D1787989172%26sr%3D1-1-5a5562f9-fdfd-4101-9f9d-d76aa9998432%26i%3Daps%26aref%3DEJlonQQ1hr&ref_=sbx__sbtcd2_asin_0_bkgd&pd_rd_w=7moKt&content-id=amzn1.sym.90f77631-9599-4fe0-95f8-a40adfe1c762%3Aamzn1.sym.90f77631-9599-4fe0-95f8-a40adfe1c762&pf_rd_p=90f77631-9599-4fe0-95f8-a40adfe1c762&pf_rd_r=423TKSKNP3PD5J70M14G&pd_rd_wg=iTk11&pd_rd_r=fb8fb90b-5e84-41f5-8d89-b32535147790,"https://m.media-amazon.com/images/I/81Xsn-EWKyL._AC_SR322,134_CB1169409_QL70_.jpg",67,排名靠前；价格处于人民币等值¥57.60-¥180.00黄金区间；评分达到4.3以上。
2026-08-29,amazon_us,product,search,women slides,5,adidas,¥151.20,4.4,adidas,,,,,,https://www.amazon.com/adidas-Unisex-Adilette-Shower-Sandal/dp/B091ZGQF6G/ref=sr_1_2?dib=eyJ2IjoiMSJ9.wrqHnvIFpzxZDCy1gVq3f2HcNswV2RaHhxwkGjsTd_VtjGXiextupGar-rBX1lUaKzd5DY8KHIwWO14zztZiiqaKRIy9Bpse0biEhLxzGrkKEshXIdcAq5QNVOX-_pTKdDg8GdJE1S8se_FAdxXNds0DnIeWRguwy9RTJv-KTowyXaHIv083cW3KXk8CW1iaxExW3KOV2NKWIx-7wFCr8gwvOfC2tTeism2kDn7IN8Q6bkmJliwJiV1fSmXC0mSbpUwKVVzdUA6J5hKZAINX4jm-r5yTtFTbDaogY65Y4vc.cbG6ddtmc9mMyZjgOLKVQ6kYku8NatNyt6IGG-y2p8o&dib_tag=se&keywords=women+slides&qid=1787989173&sr=8-2,https://m.media-amazon.com/images/I/61CCABduhML._AC_UL320_.jpg,67,排名靠前；价格处于人民币等值¥57.60-¥180.00黄金区间；评分达到4.3以上。
2026-08-29,amazon_us,product,search,platform sandals women,2,Soda,¥172.80,4.5,Products highlighted as 'Overall Pick' are:,,,,,,https://www.amazon.com/Soda-Buckle-Espadrilles-Flatform-Casual/dp/B0C5S26DHB/ref=sr_1_1?dib=eyJ2IjoiMSJ9.FeE0_a6UHuc-xCYeG4xNcaK8sbC3477sh56b8juuTlJUxSfTlH4yP0AzL-KzOs6qIvRUU7zLeBjp6ATGjgBe0wcYy53MDIB2swQ8pCxANN5BPt18Woq1O_3qAU7AM71-fm3Rrg_aujKSK9gc5a6QuOUlyBTlq0Zis-J7ouR63IT5ETYdLQ23w6GCR46jT693az0ghcS16FS25rojta4gsE6v5eqcqbg4TGNLy9dRYWD4-f0bOlhOD-vpVGq6EALC0KW8JauaV-f-CKuZPAlg1CvC3joheeVn3ADUpRK2jYM.Z0l2103CupNzIA8qNZmwD3GmVBdM2vVidAFcwTu07bw&dib_tag=se&keywords=platform+sandals+women&qid=1787989173&sr=8-1,https://m.media-amazon.com/images/I/71q-Jp+UEkL._AC_UL320_.jpg,67,排名靠前；价格处于人民币等值¥57.60-¥180.00黄金区间；评分达到4.3以上。
2026-08-29,amazon_us,product,search,women summer slippers,3,isotoner Women's Satin Ballerina Slippers with Embroidered Pearl isotoner Women's Satin Ballerina Slippers with Embro…,¥188.64,4.7,,,,,,,https://aax-us-east-retail-direct.amazon.com/x/c/JKqnMpV88-SJjPAQ2HK0aHMAAAGgTHWh-QEAAAH2AQBvbm9fdHhuX2JpZDMgICBvbm9fdHhuX2ltcDEgICA6UD8F/clv1c_ek-wBPHXKjbXDkezET9Ic7p6o1kFvN8y0Fc0_8GEJYkZ5mICFo4T_4pU14yh1Qi2BIH63qafITQbH9QoXPtIiTf5UJCD791TvTIm20ze07FJVLDKrrknBQMYwU7-b2l5txsLH1CrlpXkWGA44oSKEsPKlP84cvL-osT-3zepxIIFW9vNH0ah8nLIJQFvxNhU9D2ntylPLdalZf8is_hBd2SWX1XXxM7RHKwIqi2dYZaeTjO2PLvY2U_rWuKzXaQJqIYTKjfYu-2dzVEpk0XyIlATkMrCt9JWAFYqwgHiD4qaorKj9z4hoGAuMy5W5m8jj5o03aTOU8DMksRh7kmsdRhNDzlBD9AGJW8rCD20CHiKCJ9pKDsZQ5BwEV5GrhXAtbY2h21_wA-nq1vqTb_TtMiDbGt5lgp4Aa7vKKpf7dkhWhwLrSZVISSe1ifaLS9HicitVFEO7YPBoeqD8akAsXaerHmHd5xre4p0ftDvU1ppYCx0fh5O5uXbibq4IJIpBuQU4klNZ3H0XpvhV3xfXUOqmg24RikE1JzVUpS5qp9G0O0uk3MFcwXbizUb68uaG2ce2nbjDOwkLLiq83lBuOIb6wN8uG9KaIs5sKzwqWzxA90E9YS2P8-KENddfaFlqJXInH7t_fimLPRaN_skDV8_MrlrtZkRivOHfcZBGCMbr-L9coF8lU2H44bRUqhLh43cyomT2ZGx1846YPvVWbxKeAn3eCXQR-S1J3hhcuCqAY5ZrmqKPA_jY8OLc5nSvNpDFDdxVCdxu992k6xn-hckYR_YpNN5Wz37jMVcqCrwx5PBlRJjIw5aqxFspwsMiajTFNyp9GNqjnXrGj98mSQWe0maZm7zE1okOkrb7ze_vCmp-lMZ89wHkEWODYzpzo3Ibbt3twlvEWZHORPKYenXmdC7mQPg9YghoVjZDJEfyt7NvKg2fHSZCiahXSzJiO0wYPZgRcC-7azj7KHd8XdW8EIN1hx3lElft0qWOlXA_7qElwp0CBQ2xBh8zduH_NIENKmGEAUM0-c37Z0xGB3sBvlW441n_f-dnJGqGH_KLltyOzR0TJymYByCEZYPOwCr5cWBEoMlbhvI_n3xikDaoB9PkYax7G2cGrpzzOFQvHmt8pZ_Lge22ickyYNYKgzvQ3apV6M2nBmKPeCpIqG8xI4O71BlqbZomEDy1XYczSm1XhWQiR_c2Ln9GXEUZ4ruRNLsK3XEf0aaVrUUjd9bxhmA2txx5JP_QK6BQoypnlKb4RUhxd4RChkfg3dF_P_jP8bgys1H4cnBJSx_T3u3Lq6HlgyAlXbTabpkKWaGzEqTIfYKokAw-QwmrUcWYG6JeaB276bE7X8nvvxE1Wt-rq8cDiRVzVZzTpxDxIRFYtfROmHwBOmptgJ48SXstdwZHK42Ofa0aV2wA0p4CACtH2r6F3hEIAatwlyQzNXPzGzwfEubzseLJdldPO_-TqkM-z-hdZrXPPzWLqGbHpGRsevOtC_cDhiB13_IVCGZ4y0HdSqZesZcQ0k7Tk47DIdzEZ_d5ni_Sr55zIOkN22Z4aVOcrkJ5WxQqWX5DWTTft2ROmuU_U4U-z5M6zhztWL432zuH9H7HFF_qICSlby0JbcH3RcdXq7WQec-Cz_18hKJaxSuZ3DTBCrJ3k_wX-oCtn4M3b-BSuYacH0PWjm4AZXfTYGrW9AQSC-UbsFjIEf8zmzZ/https://www.amazon.com/gp/aw/d/B001GK4SG0/?_encoding=UTF8&pd_rd_plhdr=t&aaxitk=b344569c2b3e3470d01df3764db5d0e6&hsa_cr_id=0&qid=1787989172&sr=1-3-9e67e56a-6f64-441f-a281-df67fc737124&i=aps&aref=YrwLZD5HgE&ref_=sbx_s_sparkle_sbtcd_asin_2_bkgd&pd_rd_w=7QkpL&content-id=amzn1.sym.8de9b3d5-f5c5-40e9-9b39-d65f08d6ea68%3Aamzn1.sym.8de9b3d5-f5c5-40e9-9b39-d65f08d6ea68&pf_rd_p=8de9b3d5-f5c5-40e9-9b39-d65f08d6ea68&pf_rd_r=423TKSKNP3PD5J70M14G&pd_rd_wg=7xfrv&pd_rd_r=99755c39-3996-4329-a9d1-df903ff8ece3,"https://m.media-amazon.com/images/I/714MlELb-wL._AC_SR160,134_CB1169409_QL70_.jpg",65,排名靠前；价格处于人民币等值¥180.00-¥288.00区间；评分达到4.6以上。
2026-08-29,amazon_us,product,search,platform sandals women,23,"Women's Platform Sandals, Cork Footbed Slides with Double Buckles",¥183.53,4.4,100+ bought in past month,,,,,,https://www.amazon.com/BiuYorBTY-Platform-Sandals-Footbed-Comfort/dp/B0DZ1P3782/ref=sr_1_13?dib=eyJ2IjoiMSJ9.FeE0_a6UHuc-xCYeG4xNcaK8sbC3477sh56b8juuTlJUxSfTlH4yP0AzL-KzOs6qIvRUU7zLeBjp6ATGjgBe0wcYy53MDIB2swQ8pCxANN5BPt18Woq1O_3qAU7AM71-fm3Rrg_aujKSK9gc5a6QuOUlyBTlq0Zis-J7ouR63IT5ETYdLQ23w6GCR46jT693az0ghcS16FS25rojta4gsE6v5eqcqbg4TGNLy9dRYWD4-f0bOlhOD-vpVGq6EALC0KW8JauaV-f-CKuZPAlg1CvC3joheeVn3ADUpRK2jYM.Z0l2103CupNzIA8qNZmwD3GmVBdM2vVidAFcwTu07bw&dib_tag=se&keywords=platform+sandals+women&qid=1787989173&sr=8-13,https://m.media-amazon.com/images/I/716g0SFJuTL._AC_UL320_.jpg,65,排名进入前30；评论数达到50以上；价格处于人民币等值¥180.00-¥288.00区间；标题包含 platform，符合美国女鞋舒适化趋势；评分达到4.3以上。
2026-08-29,amazon_us,product,best_sellers,Best Sellers Women Sandals,1,mazeskin Womens Memory Foam Flip Flops Flat Thong Sandals | Soft Vegan Leather Comfortable Cushioned Casual Dressy Beach Summer Minimalist Slim Slide Shoes Indoor Outdoor,,4.1,$9.48,,,,,,https://www.amazon.com/mazeskin-Womens-Comfortable-Sandals-Leather/dp/B0F32KMZ18/ref=zg_bs_g_679425011_d_sccl_1/146-0249875-9735346?psc=1,"https://images-na.ssl-images-amazon.com/images/I/71jV8GHPNSL._AC_UL600_SR600,400_.jpg",64,排名靠前；标题包含 comfort、soft、beach、summer，符合美国女鞋舒适化趋势；评分达到4.0以上。
2026-08-29,amazon_us,product,best_sellers,Best Sellers Women Sandals,6,CUSHIONAIRE Lane Cork Footbed Womens Sandals Comfortable Double Buckle Slip On Sandals for Women with Arch Support and Classic Two Strap Design,,4.5,$34.99,,,,,,https://www.amazon.com/CUSHIONAIRE-Womens-Slide-Sandals-Brown/dp/B075PBVR9N/ref=zg_bs_g_679425011_d_sccl_6/146-0249875-9735346?psc=1,"https://images-na.ssl-images-amazon.com/images/I/81suZ76XHpL._AC_UL600_SR600,400_.jpg",64,排名靠前；标题包含 comfort、arch support，符合美国女鞋舒适化趋势；评分达到4.3以上。
2026-08-29,amazon_us,product,search,women summer slippers,2,isotoner Women's Diamond Microterry Ballerina Slippers isotoner Women's Diamond Microterry Ballerina Slippers,¥172.44,4.2,,,,,,,https://aax-us-east-retail-direct.amazon.com/x/c/JKqnMpV88-SJjPAQ2HK0aHMAAAGgTHWh-QEAAAH2AQBvbm9fdHhuX2JpZDMgICBvbm9fdHhuX2ltcDEgICA6UD8F/clv1c_ek-wBPHXKjbXDkezET9Ic7p6o1kFvN8y0Fc0_8GEJYkZ5mICFo4T_4pU14yh1Qi2BIH63qafITQbH9QoXPtIiTf5UJCD791TvTIm20ze07FJVLDKrrknBQMYwU7-b2l5txsLH1CrlpXkWGA44oSKEsPKlP84cvL-osT-3zepxIIFW9vNH0ah8nLIJQFvxNhU9D2ntylPLdalZf8is_hBd2SWX1XXxM7RHKwIqi2dYZaeTjO2PLvY2U_rWuKzXaQJqIYTKjfYu-2dzVEpk0XyIlATkMrCt9JWAFYqwgHiD4qaorKj9z4hoGAuMy5W5m8jj5o03aTOU8DMksRh7kmsdRhNDzlBD9AGJW8rCD20CHiKCJ9pKDsZQ5BwEV5GrhXAtbY2h21_wA-nq1vqTb_TtMiDbGt5lgp4Aa7vKKpf7dkhWhwLrSZVISSe1ifaLS9HicitVFEO7YPBoeqD8akAsXaerHmHd5xre4p0ftDvU1ppYCx0fh5O5uXbibq4IJIpBuQU4klNZ3H0XpvhV3xfXUOqmg24RikE1JzVUpS5qp9G0O0uk3MFcwXbizUb68uaG2ce2nbjDOwkLLiq83lBuOIb6wN8uG9KaIs5sKzwqWzxA90E9YS2P8-KENddfaFlqJXInH7t_fimLPRaN_skDV8_MrlrtZkRivOHfcZBGCMbr-L9coF8lU2H44bRUqhLh43cyomT2ZGx1846YPvVWbxKeAn3eCXQR-S1J3hhcuCqAY5ZrmqKPA_jY8OLc5nSvNpDFDdxVCdxu992k6xn-hckYR_YpNN5Wz37jMVcqCrwx5PBlRJjIw5aqxFspwsMiajTFNyp9GNqjnXrGj98mSQWe0maZm7zE1okOkrb7ze_vCmp-lMZ89wHkEWODYzpzo3Ibbt3twlvEWZHORPKYenXmdC7mQPg9YghoVjZDJEfyt7NvKg2fHSZCiahXSzJiO0wYPZgRcC-7azj7KHd8XdW8EIN1hx3lElft0qWOlXA_7qElwp0CBQ2xBh8zduH_NIENKmGEAUM0-c37Z0xGB3sBvlW441n_f-dnJGqGH_KLltyOzR0TJymYByCEZYPOwCr5cWBEoMlbhvI_n3xikDaoB9PkYax7G2cGrpzzOFQvHmt8pZ_Lge22ickyYNYKgzvQ3apV6M2nBmKPeCpIqG8xI4O71BlqbZomEDy1XYczSm1XhWQiR_c2Ln9GXEUZ4ruRNLsK3XEf0aaVrUUjd9bxhmA2txx5JP_QK6BQoypnlKb4RUhxd4RChkfg3dF_P_jP8bgys1H4cnBJSx_T3u3Lq6HlgyAlXbTabpkKWaGzEqTIfYKokAw-QwmrUcWYG6JeaB276bE7X8nvvxE1Wt-rq8cDiRVzVZzTpxDxIRFYtfROmHwBOmptgJ48SXstdwZHK42Ofa0aV2wA0p4CACtH2r6F3hEIAatwlyQzNXPzGzwfEubzseLJdldPO_-TqkM-z-hdZrXPPzWLqGbHpGRsevOtC_cDhiB13_IVCGZ4y0HdSqZesZcQ0k7Tk47DIdzEZ_d5ni_Sr55zIOkN22Z4aVOcrkJ5WxQqWX5DWTTft2ROmuU_U4U-z5M6zhztWL432zuH9H7HFF_qICSlby0JbcH3RcdXq7WQec-Cz_18hKJaxSuZ3DTBCrJ3k_wX-oCtn4M3b-BSuYacH0PWjm4AZXfTYGrW9AQSC-UbsFjIEf8zmzZ/https://www.amazon.com/gp/aw/d/B0DW9G13ZX/?_encoding=UTF8&pd_rd_plhdr=t&aaxitk=b344569c2b3e3470d01df3764db5d0e6&hsa_cr_id=0&qid=1787989172&sr=1-2-9e67e56a-6f64-441f-a281-df67fc737124&i=aps&aref=YrwLZD5HgE&ref_=sbx_s_sparkle_sbtcd_asin_1_bkgd&pd_rd_w=7QkpL&content-id=amzn1.sym.8de9b3d5-f5c5-40e9-9b39-d65f08d6ea68%3Aamzn1.sym.8de9b3d5-f5c5-40e9-9b39-d65f08d6ea68&pf_rd_p=8de9b3d5-f5c5-40e9-9b39-d65f08d6ea68&pf_rd_r=423TKSKNP3PD5J70M14G&pd_rd_wg=7xfrv&pd_rd_r=99755c39-3996-4329-a9d1-df903ff8ece3,"https://m.media-amazon.com/images/I/71m2p8FuqfL._AC_SR160,134_CB1169409_QL70_.jpg",64,排名靠前；价格处于人民币等值¥57.60-¥180.00黄金区间；评分达到4.0以上。
2026-08-29,amazon_us,product,search,women summer slippers,8,shevalues,¥143.93,4.2,Products highlighted as 'Overall Pick' are:,,,,,,https://www.amazon.com/shevalues-Summer-Slippers-Support-Breathable/dp/B0BK8PN8CL/ref=sr_1_2?dib=eyJ2IjoiMSJ9.cpz8XkOX9cIJbkn7CD_e_aCf7kcJGHLJcAXl6cbTNngbIrmPMRewLUw75ar_rXg8bgtjCTtOVzUkE31Af3d_V7ivXxbXSHQLK89T_FEF1lKO9jywNyE4vmpO3_rvU2KNEXJ6lgVFk5iS8F-9J44PRjyxJqPJ3lbXBBRO6ldt2GuleIcKnZG_H-8pVXQF2SEPV-SRFIbkfoZLT41JXrE1IjmVGALOHocIgX_0A0GB7ZEb5XoYiGcef_j3FsRraT6mxz87oo3xOiQwhTeofHZKPkOo9dTiYVhGu86jqRHW3ho.71IuQR5wmrTliRCpeXb8HkCvio2byPAvM30I9TCEp-I&dib_tag=se&keywords=women+summer+slippers&qid=1787989172&sr=8-2,https://m.media-amazon.com/images/I/71wQ2tOj0+L._AC_UL320_.jpg,64,排名靠前；价格处于人民币等值¥57.60-¥180.00黄金区间；评分达到4.0以上。
2026-08-29,amazon_us,product,search,women summer slippers,9,WHITIN,¥71.93,4.1,WHITIN,,,,,,https://www.amazon.com/WHITIN-Slippers-Cushioned-Fashionable-Lightweight/dp/B0C1C17KH8/ref=sr_1_3?dib=eyJ2IjoiMSJ9.cpz8XkOX9cIJbkn7CD_e_aCf7kcJGHLJcAXl6cbTNngbIrmPMRewLUw75ar_rXg8bgtjCTtOVzUkE31Af3d_V7ivXxbXSHQLK89T_FEF1lKO9jywNyE4vmpO3_rvU2KNEXJ6lgVFk5iS8F-9J44PRjyxJqPJ3lbXBBRO6ldt2GuleIcKnZG_H-8pVXQF2SEPV-SRFIbkfoZLT41JXrE1IjmVGALOHocIgX_0A0GB7ZEb5XoYiGcef_j3FsRraT6mxz87oo3xOiQwhTeofHZKPkOo9dTiYVhGu86jqRHW3ho.71IuQR5wmrTliRCpeXb8HkCvio2byPAvM30I9TCEp-I&dib_tag=se&keywords=women+summer+slippers&qid=1787989172&sr=8-3,https://m.media-amazon.com/images/I/71nA8egRirL._AC_UL320_.jpg,64,排名靠前；价格处于人民币等值¥57.60-¥180.00黄金区间；评分达到4.0以上。
2026-08-29,amazon_us,product,search,platform sandals women,7,Athlefit,¥143.93,4.0,Athlefit,,,,,,https://www.amazon.com/Athlefit-Espadrilles-Sandals-Studded-Platform/dp/B083NZVCQH/ref=sr_1_6?dib=eyJ2IjoiMSJ9.FeE0_a6UHuc-xCYeG4xNcaK8sbC3477sh56b8juuTlJUxSfTlH4yP0AzL-KzOs6qIvRUU7zLeBjp6ATGjgBe0wcYy53MDIB2swQ8pCxANN5BPt18Woq1O_3qAU7AM71-fm3Rrg_aujKSK9gc5a6QuOUlyBTlq0Zis-J7ouR63IT5ETYdLQ23w6GCR46jT693az0ghcS16FS25rojta4gsE6v5eqcqbg4TGNLy9dRYWD4-f0bOlhOD-vpVGq6EALC0KW8JauaV-f-CKuZPAlg1CvC3joheeVn3ADUpRK2jYM.Z0l2103CupNzIA8qNZmwD3GmVBdM2vVidAFcwTu07bw&dib_tag=se&keywords=platform+sandals+women&qid=1787989173&sr=8-6,https://m.media-amazon.com/images/I/71PoCinhRsL._AC_UL320_.jpg,64,排名靠前；价格处于人民币等值¥57.60-¥180.00黄金区间；评分达到4.0以上。
2026-08-29,amazon_us,product,best_sellers,Best Sellers Women Sandals,27,KuaiLu Flip Flops for Women with Arch Support Summer Beach Thong Sandals | Comfortable Walking Shoes Lightweight Soft Yoga Mat Cushion Floral Outfits Slip On Indoor Outdoor,,4.5,$13.99,,,,,,https://www.amazon.com/KuaiLu-Comfortable-Waterproof-Supportive-Flipflops/dp/B0CTML36SJ/ref=zg_bs_g_679425011_d_sccl_27/146-0249875-9735346?psc=1,"https://images-na.ssl-images-amazon.com/images/I/71FLg8v7ZyL._AC_UL600_SR600,400_.jpg",62,排名进入前30；标题包含 comfort、arch support、soft、beach、summer，符合美国女鞋舒适化趋势；评分达到4.3以上。
2026-08-29,amazon_us,product,search,women slides,10,CUSHIONAIRE,¥194.33,4.4,CUSHIONAIRE,,,,,,https://www.amazon.com/CUSHIONAIRE-Womens-Feather-recovery-Comfort/dp/B0BTQ7ZS7B/ref=sr_1_4?dib=eyJ2IjoiMSJ9.wrqHnvIFpzxZDCy1gVq3f2HcNswV2RaHhxwkGjsTd_VtjGXiextupGar-rBX1lUaKzd5DY8KHIwWO14zztZiiqaKRIy9Bpse0biEhLxzGrkKEshXIdcAq5QNVOX-_pTKdDg8GdJE1S8se_FAdxXNds0DnIeWRguwy9RTJv-KTowyXaHIv083cW3KXk8CW1iaxExW3KOV2NKWIx-7wFCr8gwvOfC2tTeism2kDn7IN8Q6bkmJliwJiV1fSmXC0mSbpUwKVVzdUA6J5hKZAINX4jm-r5yTtFTbDaogY65Y4vc.cbG6ddtmc9mMyZjgOLKVQ6kYku8NatNyt6IGG-y2p8o&dib_tag=se&keywords=women+slides&qid=1787989173&sr=8-4,https://m.media-amazon.com/images/I/81PBXKFp76L._AC_UL320_.jpg,62,排名靠前；价格处于人民币等值¥180.00-¥288.00区间；评分达到4.3以上。
2026-08-29,amazon_us,product,search,platform sandals women,6,DREAM PAIRS,¥287.93,4.4,DREAM PAIRS,,,,,,https://www.amazon.com/DREAM-PAIRS-Adjustable-Lightweight-Waterproof/dp/B0G1RBS19X/ref=sr_1_5?dib=eyJ2IjoiMSJ9.FeE0_a6UHuc-xCYeG4xNcaK8sbC3477sh56b8juuTlJUxSfTlH4yP0AzL-KzOs6qIvRUU7zLeBjp6ATGjgBe0wcYy53MDIB2swQ8pCxANN5BPt18Woq1O_3qAU7AM71-fm3Rrg_aujKSK9gc5a6QuOUlyBTlq0Zis-J7ouR63IT5ETYdLQ23w6GCR46jT693az0ghcS16FS25rojta4gsE6v5eqcqbg4TGNLy9dRYWD4-f0bOlhOD-vpVGq6EALC0KW8JauaV-f-CKuZPAlg1CvC3joheeVn3ADUpRK2jYM.Z0l2103CupNzIA8qNZmwD3GmVBdM2vVidAFcwTu07bw&dib_tag=se&keywords=platform+sandals+women&qid=1787989173&sr=8-5,https://m.media-amazon.com/images/I/61VKPpZxLML._AC_UL320_.jpg,62,排名靠前；价格处于人民币等值¥180.00-¥288.00区间；评分达到4.3以上。
2026-08-29,amazon_us,product,best_sellers,Best Sellers Women Sandals,3,"Archies Arch Support Flip Flops for Men & Women – Orthotic Sandals for Plantar Fasciitis Relief – Lightweight, Cushioning, Shock-Absorbing Thong Sandals for Walking, Foot Pain & All-Day Comfort",,4.2,$40.00,,,,,,https://www.amazon.com/Archies-Womens-Arch-Support-Black/dp/B086SYFKLP/ref=zg_bs_g_679425011_d_sccl_3/146-0249875-9735346?psc=1,"https://images-na.ssl-images-amazon.com/images/I/81xintmVcHL._AC_UL600_SR600,400_.jpg",61,排名靠前；标题包含 comfort、arch support，符合美国女鞋舒适化趋势；评分达到4.0以上。
2026-08-29,amazon_us,product,new_releases,New Releases Women Sandals,8,mazeskin Womens Soft Jelly Flip Flops Square Thong Sandals | Waterproof Beach Pool Vacation Summer Non Slip Splash Flexible Casual Transparent Crystal Clear Shoes,,4.3,$13.99,,,,,,https://www.amazon.com/mazeskin-Womens-Jelly-Square-Sandals/dp/B0H4NZ94ZG/ref=zg_bsnr_g_679425011_d_sccl_8/134-6137667-3217327?psc=1,"https://images-na.ssl-images-amazon.com/images/I/711Rr+br5KL._AC_UL600_SR600,400_.jpg",61,排名靠前；标题包含 soft、beach、summer，符合美国女鞋舒适化趋势；评分达到4.3以上。
2026-08-29,amazon_us,product,best_sellers,Best Sellers Women Sandals,24,ONCAI Women's Flip Flops Comfortable Arch Support Yoga Mat Summer Beach Walking Thong Cushion Sandals Ladies Outdoor Vacation Essentials Slide Shoes Rubber Soles US Size 5-11,,4.3,$13.99,,,,,,https://www.amazon.com/ONCAI-Support-Athletic-Orthotic-Fasciitis/dp/B0D2292JM9/ref=zg_bs_g_679425011_d_sccl_24/146-0249875-9735346?psc=1,"https://images-na.ssl-images-amazon.com/images/I/71iVIX1IyIL._AC_UL600_SR600,400_.jpg",60,排名进入前30；标题包含 comfort、arch support、beach、summer，符合美国女鞋舒适化趋势；评分达到4.3以上。
2026-08-29,amazon_us,product,new_releases,New Releases Women Sandals,27,"VIVASUN Flip Flops for Women with Arch Support Non-Slip Thong Sandals for Beach, Pool, Shower, Casual Summer Wear Comfortable Flip Flops",,4.3,$9.99,,,,,,https://www.amazon.com/VIVASUN-Support-Non-Slip-Sandals-Comfortable/dp/B0H3JMZ11X/ref=zg_bsnr_g_679425011_d_sccl_27/134-6137667-3217327?psc=1,"https://images-na.ssl-images-amazon.com/images/I/61u9FrNqQQL._AC_UL600_SR600,400_.jpg",60,排名进入前30；标题包含 comfort、arch support、beach、summer，符合美国女鞋舒适化趋势；评分达到4.3以上。
2026-08-29,amazon_us,product,search,women summer slippers,18,GOEWY,¥71.93,4.6,GOEWY,,,,,,https://www.amazon.com/GOEWY-Slippers-Outdoor-Slipper-Bridesmaid/dp/B0DT12FRRT/ref=sr_1_9?dib=eyJ2IjoiMSJ9.cpz8XkOX9cIJbkn7CD_e_aCf7kcJGHLJcAXl6cbTNngbIrmPMRewLUw75ar_rXg8bgtjCTtOVzUkE31Af3d_V7ivXxbXSHQLK89T_FEF1lKO9jywNyE4vmpO3_rvU2KNEXJ6lgVFk5iS8F-9J44PRjyxJqPJ3lbXBBRO6ldt2GuleIcKnZG_H-8pVXQF2SEPV-SRFIbkfoZLT41JXrE1IjmVGALOHocIgX_0A0GB7ZEb5XoYiGcef_j3FsRraT6mxz87oo3xOiQwhTeofHZKPkOo9dTiYVhGu86jqRHW3ho.71IuQR5wmrTliRCpeXb8HkCvio2byPAvM30I9TCEp-I&dib_tag=se&keywords=women+summer+slippers&qid=1787989172&sr=8-9,https://m.media-amazon.com/images/I/612fmVMoiKL._AC_UL320_.jpg,60,排名进入前30；价格处于人民币等值¥57.60-¥180.00黄金区间；评分达到4.6以上。
2026-08-29,amazon_us,product,search,platform sandals women,3,CUSHIONAIRE,¥287.93,4.0,CUSHIONAIRE,,,,,,https://www.amazon.com/CUSHIONAIRE-Womens-platform-sandal-Memory/dp/B09M96YX6M/ref=sr_1_2?dib=eyJ2IjoiMSJ9.FeE0_a6UHuc-xCYeG4xNcaK8sbC3477sh56b8juuTlJUxSfTlH4yP0AzL-KzOs6qIvRUU7zLeBjp6ATGjgBe0wcYy53MDIB2swQ8pCxANN5BPt18Woq1O_3qAU7AM71-fm3Rrg_aujKSK9gc5a6QuOUlyBTlq0Zis-J7ouR63IT5ETYdLQ23w6GCR46jT693az0ghcS16FS25rojta4gsE6v5eqcqbg4TGNLy9dRYWD4-f0bOlhOD-vpVGq6EALC0KW8JauaV-f-CKuZPAlg1CvC3joheeVn3ADUpRK2jYM.Z0l2103CupNzIA8qNZmwD3GmVBdM2vVidAFcwTu07bw&dib_tag=se&keywords=platform+sandals+women&qid=1787989173&sr=8-2,https://m.media-amazon.com/images/I/81v0nOOl2oL._AC_UL320_.jpg,59,排名靠前；价格处于人民币等值¥180.00-¥288.00区间；评分达到4.0以上。
2026-08-29,amazon_us,product,search,platform sandals women,10,DREAM PAIRS,¥201.53,4.1,DREAM PAIRS,,,,,,https://www.amazon.com/DREAM-PAIRS-Espadrilles-Comfortable-Adjustable/dp/B0FZRZNNV8/ref=sr_1_9?dib=eyJ2IjoiMSJ9.FeE0_a6UHuc-xCYeG4xNcaK8sbC3477sh56b8juuTlJUxSfTlH4yP0AzL-KzOs6qIvRUU7zLeBjp6ATGjgBe0wcYy53MDIB2swQ8pCxANN5BPt18Woq1O_3qAU7AM71-fm3Rrg_aujKSK9gc5a6QuOUlyBTlq0Zis-J7ouR63IT5ETYdLQ23w6GCR46jT693az0ghcS16FS25rojta4gsE6v5eqcqbg4TGNLy9dRYWD4-f0bOlhOD-vpVGq6EALC0KW8JauaV-f-CKuZPAlg1CvC3joheeVn3ADUpRK2jYM.Z0l2103CupNzIA8qNZmwD3GmVBdM2vVidAFcwTu07bw&dib_tag=se&keywords=platform+sandals+women&qid=1787989173&sr=8-9,https://m.media-amazon.com/images/I/71QL1LJYN3L._AC_UL320_.jpg,59,排名靠前；价格处于人民币等值¥180.00-¥288.00区间；评分达到4.0以上。
2026-08-29,amazon_us,product,best_sellers,Best Sellers Women Sandals,9,"Ankis Heels for Women Open Toe Ankle Strap Chunky Heel Sandals 2.75 Inch | nude white gold black, adjustable ankle strap, Cushioned footbed, All-day comfort, for various occasions",,4.4,$24.49,,,,,,https://www.amazon.com/Ankis-Nude-Heels-Women-numeric_8/dp/B094CTB3TY/ref=zg_bs_g_679425011_d_sccl_9/146-0249875-9735346?psc=1,"https://images-na.ssl-images-amazon.com/images/I/71dUhT7TubL._AC_UL600_SR600,400_.jpg",58,排名靠前；标题包含 comfort，符合美国女鞋舒适化趋势；评分达到4.3以上。
2026-08-29,amazon_us,product,new_releases,New Releases Women Sandals,4,adidas Unisex-Adult Adilette Comfort 2.0 Slide Sandal,,4.3,$40.00,,,,,,https://www.amazon.com/adidas-Unisex-Adilette-Comfort-Sandal/dp/B0F2B84XX9/ref=zg_bsnr_g_679425011_d_sccl_4/134-6137667-3217327?psc=1,"https://images-na.ssl-images-amazon.com/images/I/51qn7G+PVyL._AC_UL600_SR600,400_.jpg",58,排名靠前；标题包含 comfort，符合美国女鞋舒适化趋势；评分达到4.3以上。
2026-08-29,amazon_us,product,search,platform sandals women,15,"DREAM PAIRS Women's Comfort Low Block Heel Sandals | Chunky Heel Sandals, Open Toe Ankle Strap Dress Shoes, Comfortable Wedding Heels for Party, Prom and Formal Events DREAM PAIRS Women's Comfort Low Block Heel Sandals | Chunky Heel Sandals, Open Toe Ankle Str…",¥215.93,4.3,4.3,,,,,,https://sponsored-ads.amazon.com/clk/?_encoding=UTF8&p=eAFVUMuK01AYpg7qEOqFLkaou4pdVE57TtrmUimSm2NMbTtJOlO6OZzmnFyYNMnkxOnook8hiM8hPoAbF659Bh9B0JVgR8Rv9cF3-X8-gR5--vD1263GHc0_nZuO7SyhabmtGuochSxLrjDvR_JiDQfB8Alc8nN_dGQ41jJChvMG8e3ZSfQyVpjzauvWRdhFitQV-0oXrm54-vpQs_wXlmt7jQfCbcr4eZUXjfpi6lrG7Hhqryyz-bEmPLpWMGekDGJcsDLIU1IxnGRpkjG8rsKGQDbkbZ51g3zTfMjXIEgJ50kA9hmwd4ICtW6yDC-8zpCvQRWzDaMgyNOUBVWSZ-BSBNfHQEBKykFBkqxiJQjyrGJZJT7WXW1qYmM2mViGb8-mHranE3tq4Yl9amHT8hx_Nm9JQg3e__H955dfn83m3b-V-yda90QIoaJKkoKgrMhIPFh45ujAmBsdp_HU1DWjeG4DWdvpF3tE2k4_KV4vFU_7Hzs92uknO137Q6Jm3Yisq2PNilIpYuL7mvCuFldVwUe93na77f6bqBcVPbLt0Z4OpdVKRLKvPysoLiku0piW46odc4KDEid0DNsXCR0jWZFVRUVyv83LMQJ9MCTDoSSGKghpSMEAQQTUUKWAyhIhqqoqg77YTsak4G1SsnDMl7lRhJeOy34Di269cg&v=c1&r=https%3A%2F%2Fwww.amazon.com%2Fgp%2Faw%2Fd%2FB06ZZ217TB%3Fpd_rd_plhdr%3Dt%26hsa_cr_id%3D0%26qid%3D1787989173%26sr%3D1-3-5a5562f9-fdfd-4101-9f9d-d76aa9998432%26i%3Daps%26aref%3DsXoCpfvKRe&ref_=sbx__sbtcd2_asin_2_bkgd&pd_rd_w=sF6eT&content-id=amzn1.sym.90f77631-9599-4fe0-95f8-a40adfe1c762%3Aamzn1.sym.90f77631-9599-4fe0-95f8-a40adfe1c762&pf_rd_p=90f77631-9599-4fe0-95f8-a40adfe1c762&pf_rd_r=Q4CNJS1ASXZ4VZ96AWMC&pd_rd_wg=kJTbd&pd_rd_r=e3d10d14-3a4f-432f-b4ac-7f6d8ded22f5,"https://m.media-amazon.com/images/I/61UVU84YfaL._AC_SR322,134_CB1169409_QL70_.jpg",58,排名进入前30；价格处于人民币等值¥180.00-¥288.00区间；标题包含 comfort，符合美国女鞋舒适化趋势；评分达到4.3以上。
2026-08-29,amazon_us,product,search,platform sandals women,20,"DREAM PAIRS Women's Chunky Heel Sandal | 2.2 inch chunky block heels,open toe with ankle strap buckle, classic comfortable heeled sandals,wedding party dress shoes DREAM PAIRS Women's Chunky Heel Sandal | 2.2 inch chunky block heels,open toe with ankle strap buckle, clas…",¥208.73,4.3,4.3,,,,,,https://sponsored-ads.amazon.com/clk/?_encoding=UTF8&p=eAFVUMuK01AYpg7qEOqFLkaou4pdVE57kra5VIrkNjWTmnaSdqZ0czjNOUnDpMmZnDgdXfQpBPE5xAdw48K1z-AjCLoS7Ij4rT74Lv_PJ5DDTx--frtTu6fPzqaW67gLaNl-oyK2jiKaJdeId2NlvoK9sP8MLvjFbHBkuvYiFk33jci356fxyVql7qutX5VgW1TlttRV23B5KzBWh7o9e2n7TlB7JNwllF-UOatV555vm5OR5yxtq_6xIjy5URCnuAjXiNEizFNcUpRkaZJRtCqjmoA3-G2etcN8U3_MVyBMMedJCPYZsHcCJjZu0wzNg1afr0C5phtKQJinKQ3LJM_AlQRujoEQF4QDhpOspAUI86ykWSk9NXzds5A5GY9tc-ZMvAA53tjxbDR2zmxk2YE7m0wbslCBD398__nl12erfv9v5f6JxgMJQqhqsqyKUFEVUTqYB9bgwJyaLbf23DJ0kx07QNF3xuUesb4zTtnrhRro_2NnxDvjdGfof0hcr5qxfT3S7TiVYyq9rwjvKuuyZHzQ6Wy32_a_iTox6-Bth3QMKC-X56OTY-0FI6ggiKVrUgzL5ppjFBYoIUPYvEzIUFRURVM1Uek2eTEUgQr6uN-XpUgDEYkI6IlQBFqkEUAUGWNN09ReV2omQ8x4Exc0GvJFbrLoyvXpb6S8va4&v=c1&r=https%3A%2F%2Fwww.amazon.com%2Fgp%2Faw%2Fd%2FB06ZZWGJF9%3Fpd_rd_plhdr%3Dt%26hsa_cr_id%3D0%26qid%3D1787989173%26sr%3D1-8-5a5562f9-fdfd-4101-9f9d-d76aa9998432%26i%3Daps%26aref%3DsXoCpfvKRe&ref_=sbx__sbtcd2_asin_7_bkgd&pd_rd_w=sF6eT&content-id=amzn1.sym.90f77631-9599-4fe0-95f8-a40adfe1c762%3Aamzn1.sym.90f77631-9599-4fe0-95f8-a40adfe1c762&pf_rd_p=90f77631-9599-4fe0-95f8-a40adfe1c762&pf_rd_r=Q4CNJS1ASXZ4VZ96AWMC&pd_rd_wg=kJTbd&pd_rd_r=e3d10d14-3a4f-432f-b4ac-7f6d8ded22f5,"https://m.media-amazon.com/images/I/81Y9p+ZOdoL._AC_SR322,134_CB1169409_QL70_.jpg",58,排名进入前30；价格处于人民币等值¥180.00-¥288.00区间；标题包含 comfort，符合美国女鞋舒适化趋势；评分达到4.3以上。
2026-08-29,amazon_us,product,search,platform sandals women,21,"DREAM PAIRS Women's Heeled Sandals Chunky Heels | High Heels, Square Toe Block Ankle Strap 3 inch Comfortable Heeled Sandals For Formal Wedding Party Dress DREAM PAIRS Women's Heeled Sandals Chunky Heels | High Heels, Square Toe Block Ankle Strap 3 inch Comforta…",¥266.33,4.4,4.4,,,,,,https://sponsored-ads.amazon.com/clk/?_encoding=UTF8&p=eAFVUMuK01AYpg7qEOqFLkaou4pdjJzmJG1zqRTJ5XSM6fSWdqZ0czjNOUnDpEkmJ05GF30KQXwO8QHcuHDtM_gIgq4EOyJ-qw--y__zCfTw04ev3-7U7hnzs4ntOu4S2mjWqEjHRwFLomvM26G6WMOO330Gl_xi3juyXLQMJct9I_HyfBq-2mjMPS1nVRm2JE1pyW2tBVe3PHN9aKD5SzRzvNoj4S5l_KJIs1p1MZoha3wyclbIrn-sCE9uFMwZyf0NzljupzEpGI6SOEoYXhdBTSBb8jZNWn66rT_ma-DHhPPIB_sM2DtBJjVuswQvvOMuX4Niw7aMAj-NY-YXUZqAKxncHAM-ySkHGYmSguXAT5OCJYX81JwZIxtb4-EQWXNnPPKwMxo6I4SHzhnCNvLc-XjSUIQKfPjj-88vvz7b9ft_K_dPNB7IEEJNVxRNgqqmSvLBwrN7B9bEOnZrz23TsLKBA1RjZ17uERo7c5q9Xmqe8T92ZrgzpzvT-EPCetUK0fWJgcJYCZn8viK8q2yKIuM9USzLsvVvIjHMRFKKVDSheToddL3B6kVGcU5xFm9o3i-aG06wn-OI9mHzMqJ9SdVUXdMltd3keV8COuiSbleRAx0ENKCgI0EJ6IFOAVUVQnRd1zptuRn1ScabJGdBny9TKwuu3Bn7DaMlvaw&v=c1&r=https%3A%2F%2Fwww.amazon.com%2Fgp%2Faw%2Fd%2FB0BMQF5SFZ%3Fpd_rd_plhdr%3Dt%26hsa_cr_id%3D0%26qid%3D1787989173%26sr%3D1-9-5a5562f9-fdfd-4101-9f9d-d76aa9998432%26i%3Daps%26aref%3DsXoCpfvKRe&ref_=sbx__sbtcd2_asin_8_bkgd&pd_rd_w=sF6eT&content-id=amzn1.sym.90f77631-9599-4fe0-95f8-a40adfe1c762%3Aamzn1.sym.90f77631-9599-4fe0-95f8-a40adfe1c762&pf_rd_p=90f77631-9599-4fe0-95f8-a40adfe1c762&pf_rd_r=Q4CNJS1ASXZ4VZ96AWMC&pd_rd_wg=kJTbd&pd_rd_r=e3d10d14-3a4f-432f-b4ac-7f6d8ded22f5,"https://m.media-amazon.com/images/I/71qAlcdmU8L._AC_SR322,134_CB1169409_QL70_.jpg",58,排名进入前30；价格处于人民币等值¥180.00-¥288.00区间；标题包含 comfort，符合美国女鞋舒适化趋势；评分达到4.3以上。
2026-08-29,amazon_us,product,best_sellers,Best Sellers Women Sandals,25,KuaiLu Flip Flops for Women with Arch Support Summer Beach Thong Sandals | Comfortable Yoga Mat Cushion Walking Shoes Slip on Casual Outfits Faux Leather Indoor Outdoor,,4.2,$11.98,,,,,,https://www.amazon.com/KuaiLu-Support-Comfortable-Cushion-Walking/dp/B08GKGCH2R/ref=zg_bs_g_679425011_d_sccl_25/146-0249875-9735346?psc=1,"https://images-na.ssl-images-amazon.com/images/I/81-DUybjK+L._AC_UL600_SR600,400_.jpg",57,排名进入前30；标题包含 comfort、arch support、beach、summer，符合美国女鞋舒适化趋势；评分达到4.0以上。
2026-08-29,amazon_us,product,new_releases,New Releases Women Sandals,7,Project Cloud 100% Genuine Leather Block Heeled Sandals for Women (Opal) | Sandals Women Dressy Footwear-Memory Foam Insole & Non-Slip Womens Sandals Block Heels For Women Women's Sandals,,4.1,$47.61,,,,,,https://www.amazon.com/Project-Cloud-Genuine-Leather-Sandals/dp/B0GYFS4GWB/ref=zg_bsnr_g_679425011_d_sccl_7/134-6137667-3217327?psc=1,"https://images-na.ssl-images-amazon.com/images/I/81o45aOtlpL._AC_UL600_SR600,400_.jpg",57,排名靠前；标题包含 cloud，符合美国女鞋舒适化趋势；评分达到4.0以上。
2026-08-29,amazon_us,product,new_releases,New Releases Women Sandals,12,Uniwill Shower Shoes Womens Quick Dry Arch Support Flip Flops | Darin Holes Comfortable Non Slip Beach Lightweight Thong Sandalas,,4.4,$9.99,,,,,,https://www.amazon.com/Uniwill-Womens-Shower-Support-Sandals/dp/B0GY5LY46K/ref=zg_bsnr_g_679425011_d_sccl_12/134-6137667-3217327?psc=1,"https://images-na.ssl-images-amazon.com/images/I/71R3-oUAUYL._AC_UL600_SR600,400_.jpg",57,排名进入前30；标题包含 comfort、arch support、beach，符合美国女鞋舒适化趋势；评分达到4.3以上。
2026-08-29,amazon_us,product,new_releases,New Releases Women Sandals,30,Noctivelle Women Jelly Flat Sandals Water Shoes Slip-On Waterproof Comfort Soft Insole Summer Flats Breathable Hollow Grid Beach Pool Quick-Dry,,4.3,$20.99,,,,,,https://www.amazon.com/Noctivelle-Sandals-Waterproof-Breathable-Quick-Dry/dp/B0H5JW28RK/ref=zg_bsnr_g_679425011_d_sccl_30/134-6137667-3217327?psc=1,"https://images-na.ssl-images-amazon.com/images/I/71GAEoObakL._AC_UL600_SR600,400_.jpg",57,排名进入前30；标题包含 comfort、soft、beach、summer，符合美国女鞋舒适化趋势；评分达到4.3以上。
2026-08-29,amazon_us,product,search,women summer slippers,13,shevalues,¥95.47,4.3,shevalues,,,,,,https://www.amazon.com/Shevalues-Womens-Indoor-Slippers-Cotton/dp/B074HBC1BR/ref=sr_1_4?dib=eyJ2IjoiMSJ9.cpz8XkOX9cIJbkn7CD_e_aCf7kcJGHLJcAXl6cbTNngbIrmPMRewLUw75ar_rXg8bgtjCTtOVzUkE31Af3d_V7ivXxbXSHQLK89T_FEF1lKO9jywNyE4vmpO3_rvU2KNEXJ6lgVFk5iS8F-9J44PRjyxJqPJ3lbXBBRO6ldt2GuleIcKnZG_H-8pVXQF2SEPV-SRFIbkfoZLT41JXrE1IjmVGALOHocIgX_0A0GB7ZEb5XoYiGcef_j3FsRraT6mxz87oo3xOiQwhTeofHZKPkOo9dTiYVhGu86jqRHW3ho.71IuQR5wmrTliRCpeXb8HkCvio2byPAvM30I9TCEp-I&dib_tag=se&keywords=women+summer+slippers&qid=1787989172&sr=8-4,https://m.media-amazon.com/images/I/71JYzlHXkPL._AC_UL320_.jpg,57,排名进入前30；价格处于人民币等值¥57.60-¥180.00黄金区间；评分达到4.3以上。
2026-08-29,amazon_us,product,search,women summer slippers,14,LongBay,¥114.62,4.5,LongBay,,,,,,https://www.amazon.com/LongBay-Slippers-Memory-Bedroom-Dual-Strap/dp/B0DP277YRM/ref=sr_1_5?dib=eyJ2IjoiMSJ9.cpz8XkOX9cIJbkn7CD_e_aCf7kcJGHLJcAXl6cbTNngbIrmPMRewLUw75ar_rXg8bgtjCTtOVzUkE31Af3d_V7ivXxbXSHQLK89T_FEF1lKO9jywNyE4vmpO3_rvU2KNEXJ6lgVFk5iS8F-9J44PRjyxJqPJ3lbXBBRO6ldt2GuleIcKnZG_H-8pVXQF2SEPV-SRFIbkfoZLT41JXrE1IjmVGALOHocIgX_0A0GB7ZEb5XoYiGcef_j3FsRraT6mxz87oo3xOiQwhTeofHZKPkOo9dTiYVhGu86jqRHW3ho.71IuQR5wmrTliRCpeXb8HkCvio2byPAvM30I9TCEp-I&dib_tag=se&keywords=women+summer+slippers&qid=1787989172&sr=8-5,https://m.media-amazon.com/images/I/71BlGXBbl-L._AC_UL320_.jpg,57,排名进入前30；价格处于人民币等值¥57.60-¥180.00黄金区间；评分达到4.3以上。
2026-08-29,amazon_us,product,search,women summer slippers,15,Litfun,¥136.73,4.3,Litfun,,,,,,https://www.amazon.com/Litfun-Orthopedic-Slippers-Support-Corduroy/dp/B0FH4NQLCJ/ref=sr_1_6?dib=eyJ2IjoiMSJ9.cpz8XkOX9cIJbkn7CD_e_aCf7kcJGHLJcAXl6cbTNngbIrmPMRewLUw75ar_rXg8bgtjCTtOVzUkE31Af3d_V7ivXxbXSHQLK89T_FEF1lKO9jywNyE4vmpO3_rvU2KNEXJ6lgVFk5iS8F-9J44PRjyxJqPJ3lbXBBRO6ldt2GuleIcKnZG_H-8pVXQF2SEPV-SRFIbkfoZLT41JXrE1IjmVGALOHocIgX_0A0GB7ZEb5XoYiGcef_j3FsRraT6mxz87oo3xOiQwhTeofHZKPkOo9dTiYVhGu86jqRHW3ho.71IuQR5wmrTliRCpeXb8HkCvio2byPAvM30I9TCEp-I&dib_tag=se&keywords=women+summer+slippers&qid=1787989172&sr=8-6,https://m.media-amazon.com/images/I/71YnbijMiKL._AC_UL320_.jpg,57,排名进入前30；价格处于人民币等值¥57.60-¥180.00黄金区间；评分达到4.3以上。
2026-08-29,amazon_us,product,search,women summer slippers,22,"Cloth Slippers Linen Slippers - Breathable, Anti-Slip, Easy to Clean - Summer Silent Slippers for Women and Men",¥64.73,4.2,"Price, product page $8.99 $ 8 . 99",,,,,,https://www.amazon.com/VIDSID-Linen-Slippers-Breathable-Anti-Slip/dp/B0D4DNFVWP/ref=sr_1_13?dib=eyJ2IjoiMSJ9.cpz8XkOX9cIJbkn7CD_e_aCf7kcJGHLJcAXl6cbTNngbIrmPMRewLUw75ar_rXg8bgtjCTtOVzUkE31Af3d_V7ivXxbXSHQLK89T_FEF1lKO9jywNyE4vmpO3_rvU2KNEXJ6lgVFk5iS8F-9J44PRjyxJqPJ3lbXBBRO6ldt2GuleIcKnZG_H-8pVXQF2SEPV-SRFIbkfoZLT41JXrE1IjmVGALOHocIgX_0A0GB7ZEb5XoYiGcef_j3FsRraT6mxz87oo3xOiQwhTeofHZKPkOo9dTiYVhGu86jqRHW3ho.71IuQR5wmrTliRCpeXb8HkCvio2byPAvM30I9TCEp-I&dib_tag=se&keywords=women+summer+slippers&qid=1787989172&sr=8-13,https://m.media-amazon.com/images/I/81CG5b2e3QL._AC_UL320_.jpg,57,排名进入前30；价格处于人民币等值¥57.60-¥180.00黄金区间；标题包含 summer，符合美国女鞋舒适化趋势；评分达到4.0以上。
2026-08-29,amazon_us,product,search,women summer slippers,23,ULTRAIDEAS,¥122.33,4.5,ULTRAIDEAS,,,,,,https://www.amazon.com/ULTRAIDEAS-Slippers-Bowknot-Outdoor-Anti-Skid/dp/B07MZ3H6MN/ref=sr_1_14?dib=eyJ2IjoiMSJ9.cpz8XkOX9cIJbkn7CD_e_aCf7kcJGHLJcAXl6cbTNngbIrmPMRewLUw75ar_rXg8bgtjCTtOVzUkE31Af3d_V7ivXxbXSHQLK89T_FEF1lKO9jywNyE4vmpO3_rvU2KNEXJ6lgVFk5iS8F-9J44PRjyxJqPJ3lbXBBRO6ldt2GuleIcKnZG_H-8pVXQF2SEPV-SRFIbkfoZLT41JXrE1IjmVGALOHocIgX_0A0GB7ZEb5XoYiGcef_j3FsRraT6mxz87oo3xOiQwhTeofHZKPkOo9dTiYVhGu86jqRHW3ho.71IuQR5wmrTliRCpeXb8HkCvio2byPAvM30I9TCEp-I&dib_tag=se&keywords=women+summer+slippers&qid=1787989172&sr=8-14,https://m.media-amazon.com/images/I/71cvxwhDe7L._AC_UL320_.jpg,57,排名进入前30；价格处于人民币等值¥57.60-¥180.00黄金区间；评分达到4.3以上。
2026-08-29,amazon_us,product,search,women summer slippers,25,Evshine,¥93.53,4.4,Evshine,,,,,,https://www.amazon.com/Evshine-Summer-Slippers-Corduroy-Bedroom/dp/B0CSN39WDS/ref=sr_1_16?dib=eyJ2IjoiMSJ9.cpz8XkOX9cIJbkn7CD_e_aCf7kcJGHLJcAXl6cbTNngbIrmPMRewLUw75ar_rXg8bgtjCTtOVzUkE31Af3d_V7ivXxbXSHQLK89T_FEF1lKO9jywNyE4vmpO3_rvU2KNEXJ6lgVFk5iS8F-9J44PRjyxJqPJ3lbXBBRO6ldt2GuleIcKnZG_H-8pVXQF2SEPV-SRFIbkfoZLT41JXrE1IjmVGALOHocIgX_0A0GB7ZEb5XoYiGcef_j3FsRraT6mxz87oo3xOiQwhTeofHZKPkOo9dTiYVhGu86jqRHW3ho.71IuQR5wmrTliRCpeXb8HkCvio2byPAvM30I9TCEp-I&dib_tag=se&keywords=women+summer+slippers&qid=1787989172&sr=8-16,https://m.media-amazon.com/images/I/71SaoMUrpoL._AC_UL320_.jpg,57,排名进入前30；价格处于人民币等值¥57.60-¥180.00黄金区间；评分达到4.3以上。
2026-08-29,amazon_us,product,search,women summer slippers,27,IPSAE,¥71.86,4.5,IPSAE,,,,,,https://www.amazon.com/IPSAE-Slippers-Corduroy-Slipper-Bedroom/dp/B0DB4W73J3/ref=sr_1_18?dib=eyJ2IjoiMSJ9.cpz8XkOX9cIJbkn7CD_e_aCf7kcJGHLJcAXl6cbTNngbIrmPMRewLUw75ar_rXg8bgtjCTtOVzUkE31Af3d_V7ivXxbXSHQLK89T_FEF1lKO9jywNyE4vmpO3_rvU2KNEXJ6lgVFk5iS8F-9J44PRjyxJqPJ3lbXBBRO6ldt2GuleIcKnZG_H-8pVXQF2SEPV-SRFIbkfoZLT41JXrE1IjmVGALOHocIgX_0A0GB7ZEb5XoYiGcef_j3FsRraT6mxz87oo3xOiQwhTeofHZKPkOo9dTiYVhGu86jqRHW3ho.71IuQR5wmrTliRCpeXb8HkCvio2byPAvM30I9TCEp-I&dib_tag=se&keywords=women+summer+slippers&qid=1787989172&sr=8-18,https://m.media-amazon.com/images/I/71GcxKVQLUL._AC_UL320_.jpg,57,排名进入前30；价格处于人民币等值¥57.60-¥180.00黄金区间；评分达到4.3以上。
2026-08-29,amazon_us,product,search,women summer slippers,28,EverFoams,¥93.53,4.3,EverFoams,,,,,,https://www.amazon.com/EverFoams-Slippers-Outdoor-Outsole-Vanilla/dp/B0DPZPQ4JW/ref=sr_1_19?dib=eyJ2IjoiMSJ9.cpz8XkOX9cIJbkn7CD_e_aCf7kcJGHLJcAXl6cbTNngbIrmPMRewLUw75ar_rXg8bgtjCTtOVzUkE31Af3d_V7ivXxbXSHQLK89T_FEF1lKO9jywNyE4vmpO3_rvU2KNEXJ6lgVFk5iS8F-9J44PRjyxJqPJ3lbXBBRO6ldt2GuleIcKnZG_H-8pVXQF2SEPV-SRFIbkfoZLT41JXrE1IjmVGALOHocIgX_0A0GB7ZEb5XoYiGcef_j3FsRraT6mxz87oo3xOiQwhTeofHZKPkOo9dTiYVhGu86jqRHW3ho.71IuQR5wmrTliRCpeXb8HkCvio2byPAvM30I9TCEp-I&dib_tag=se&keywords=women+summer+slippers&qid=1787989172&sr=8-19,https://m.media-amazon.com/images/I/61-syU96aOL._AC_UL320_.jpg,57,排名进入前30；价格处于人民币等值¥57.60-¥180.00黄金区间；评分达到4.3以上。
2026-08-29,amazon_us,product,search,women summer slippers,30,KuaiLu,¥100.66,4.3,KuaiLu,,,,,,https://www.amazon.com/KuaiLu-Support-Comfortable-Walking-Sandals/dp/B0C5ZZ51RT/ref=sr_1_21?dib=eyJ2IjoiMSJ9.cpz8XkOX9cIJbkn7CD_e_aCf7kcJGHLJcAXl6cbTNngbIrmPMRewLUw75ar_rXg8bgtjCTtOVzUkE31Af3d_V7ivXxbXSHQLK89T_FEF1lKO9jywNyE4vmpO3_rvU2KNEXJ6lgVFk5iS8F-9J44PRjyxJqPJ3lbXBBRO6ldt2GuleIcKnZG_H-8pVXQF2SEPV-SRFIbkfoZLT41JXrE1IjmVGALOHocIgX_0A0GB7ZEb5XoYiGcef_j3FsRraT6mxz87oo3xOiQwhTeofHZKPkOo9dTiYVhGu86jqRHW3ho.71IuQR5wmrTliRCpeXb8HkCvio2byPAvM30I9TCEp-I&dib_tag=se&keywords=women+summer+slippers&qid=1787989172&sr=8-21,https://m.media-amazon.com/images/I/710PdcSAm6L._AC_UL320_.jpg,57,排名进入前30；价格处于人民币等值¥57.60-¥180.00黄金区间；评分达到4.3以上。
2026-08-29,amazon_us,product,search,women slides,12,EverFoams,¥136.66,4.4,EverFoams,,,,,,https://www.amazon.com/EverFoams-Womens-Slippers-Memory-Outdoor/dp/B0CLGNYKFR/ref=sr_1_6?dib=eyJ2IjoiMSJ9.wrqHnvIFpzxZDCy1gVq3f2HcNswV2RaHhxwkGjsTd_VtjGXiextupGar-rBX1lUaKzd5DY8KHIwWO14zztZiiqaKRIy9Bpse0biEhLxzGrkKEshXIdcAq5QNVOX-_pTKdDg8GdJE1S8se_FAdxXNds0DnIeWRguwy9RTJv-KTowyXaHIv083cW3KXk8CW1iaxExW3KOV2NKWIx-7wFCr8gwvOfC2tTeism2kDn7IN8Q6bkmJliwJiV1fSmXC0mSbpUwKVVzdUA6J5hKZAINX4jm-r5yTtFTbDaogY65Y4vc.cbG6ddtmc9mMyZjgOLKVQ6kYku8NatNyt6IGG-y2p8o&dib_tag=se&keywords=women+slides&qid=1787989173&sr=8-6,https://m.media-amazon.com/images/I/81rGYT3pkaL._AC_UL320_.jpg,57,排名进入前30；价格处于人民币等值¥57.60-¥180.00黄金区间；评分达到4.3以上。
2026-08-29,amazon_us,product,search,women slides,13,Weweya,¥71.86,4.4,Weweya,,,,,,https://www.amazon.com/Weweya-Shower-Non-Slip-Outdoor-Sandals/dp/B0F1XTPHY8/ref=sr_1_7?dib=eyJ2IjoiMSJ9.wrqHnvIFpzxZDCy1gVq3f2HcNswV2RaHhxwkGjsTd_VtjGXiextupGar-rBX1lUaKzd5DY8KHIwWO14zztZiiqaKRIy9Bpse0biEhLxzGrkKEshXIdcAq5QNVOX-_pTKdDg8GdJE1S8se_FAdxXNds0DnIeWRguwy9RTJv-KTowyXaHIv083cW3KXk8CW1iaxExW3KOV2NKWIx-7wFCr8gwvOfC2tTeism2kDn7IN8Q6bkmJliwJiV1fSmXC0mSbpUwKVVzdUA6J5hKZAINX4jm-r5yTtFTbDaogY65Y4vc.cbG6ddtmc9mMyZjgOLKVQ6kYku8NatNyt6IGG-y2p8o&dib_tag=se&keywords=women+slides&qid=1787989173&sr=8-7,https://m.media-amazon.com/images/I/61QGXLFgg+L._AC_UL320_.jpg,57,排名进入前30；价格处于人民币等值¥57.60-¥180.00黄金区间；评分达到4.3以上。
2026-08-29,amazon_us,product,search,women slides,30,KIDMI,¥158.33,4.4,KIDMI,,,,,,https://www.amazon.com/KIDMI-Genuine-Sandals-Footbed-Adjustable/dp/B0DQH21M77/ref=sr_1_24?dib=eyJ2IjoiMSJ9.wrqHnvIFpzxZDCy1gVq3f2HcNswV2RaHhxwkGjsTd_VtjGXiextupGar-rBX1lUaKzd5DY8KHIwWO14zztZiiqaKRIy9Bpse0biEhLxzGrkKEshXIdcAq5QNVOX-_pTKdDg8GdJE1S8se_FAdxXNds0DnIeWRguwy9RTJv-KTowyXaHIv083cW3KXk8CW1iaxExW3KOV2NKWIx-7wFCr8gwvOfC2tTeism2kDn7IN8Q6bkmJliwJiV1fSmXC0mSbpUwKVVzdUA6J5hKZAINX4jm-r5yTtFTbDaogY65Y4vc.cbG6ddtmc9mMyZjgOLKVQ6kYku8NatNyt6IGG-y2p8o&dib_tag=se&keywords=women+slides&qid=1787989173&sr=8-24,https://m.media-amazon.com/images/I/81JaarSAG2L._AC_UL320_.jpg,57,排名进入前30；价格处于人民币等值¥57.60-¥180.00黄金区间；评分达到4.3以上。
2026-08-29,amazon_us,product,search,platform sandals women,26,TIKVAW,¥95.69,4.3,TIKVAW,,,,,,https://www.amazon.com/TIKVAW-Support-Platform-Sandals-Adjustable/dp/B0C8TVJF3P/ref=sr_1_16?dib=eyJ2IjoiMSJ9.FeE0_a6UHuc-xCYeG4xNcaK8sbC3477sh56b8juuTlJUxSfTlH4yP0AzL-KzOs6qIvRUU7zLeBjp6ATGjgBe0wcYy53MDIB2swQ8pCxANN5BPt18Woq1O_3qAU7AM71-fm3Rrg_aujKSK9gc5a6QuOUlyBTlq0Zis-J7ouR63IT5ETYdLQ23w6GCR46jT693az0ghcS16FS25rojta4gsE6v5eqcqbg4TGNLy9dRYWD4-f0bOlhOD-vpVGq6EALC0KW8JauaV-f-CKuZPAlg1CvC3joheeVn3ADUpRK2jYM.Z0l2103CupNzIA8qNZmwD3GmVBdM2vVidAFcwTu07bw&dib_tag=se&keywords=platform+sandals+women&qid=1787989173&sr=8-16,https://m.media-amazon.com/images/I/71mwMI75T8L._AC_UL320_.jpg,57,排名进入前30；价格处于人民币等值¥57.60-¥180.00黄金区间；评分达到4.3以上。
2026-08-29,amazon_us,product,search,platform sandals women,28,Project Cloud,¥287.28,4.2,Project Cloud,,,,,,https://www.amazon.com/Project-Cloud-Platform-Sandals-Footwear/dp/B0FWVFTD5J/ref=sr_1_18?dib=eyJ2IjoiMSJ9.FeE0_a6UHuc-xCYeG4xNcaK8sbC3477sh56b8juuTlJUxSfTlH4yP0AzL-KzOs6qIvRUU7zLeBjp6ATGjgBe0wcYy53MDIB2swQ8pCxANN5BPt18Woq1O_3qAU7AM71-fm3Rrg_aujKSK9gc5a6QuOUlyBTlq0Zis-J7ouR63IT5ETYdLQ23w6GCR46jT693az0ghcS16FS25rojta4gsE6v5eqcqbg4TGNLy9dRYWD4-f0bOlhOD-vpVGq6EALC0KW8JauaV-f-CKuZPAlg1CvC3joheeVn3ADUpRK2jYM.Z0l2103CupNzIA8qNZmwD3GmVBdM2vVidAFcwTu07bw&dib_tag=se&keywords=platform+sandals+women&qid=1787989173&sr=8-18,https://m.media-amazon.com/images/I/81UjymWABvL._AC_UL320_.jpg,57,排名进入前30；价格处于人民币等值¥180.00-¥288.00区间；标题包含 cloud，符合美国女鞋舒适化趋势；评分达到4.0以上。
2026-08-29,amazon_us,product,best_sellers,Best Sellers Women Sandals,16,Project Cloud Flip Flops for Women Memory Foam Flats Sandals | Lightweight and Durable Non-Slip Sole Womens Sandals - Beach Essentials Womens Flat Sandals for Everyday Comfort Daily Wear,,4.1,$19.90,,,,,,https://www.amazon.com/Project-Cloud-Flip-flops-Women/dp/B0D2DVSMH3/ref=zg_bs_g_679425011_d_sccl_16/146-0249875-9735346?psc=1,"https://images-na.ssl-images-amazon.com/images/I/41JMYLSDC3L._AC_UL600_SR600,400_.jpg",56,排名进入前30；标题包含 cloud、comfort、beach，符合美国女鞋舒适化趋势；评分达到4.0以上。
2026-08-29,amazon_us,product,new_releases,New Releases Women Sandals,25,"Monrovia Raffia Platform Sandals for Women Slip-On Espadrille Wedges Slides, Flatform Woven Straw Summer Vacation Beach Shoes",,4.1,$24.99,,,,,,https://www.amazon.com/Monrovia-Platform-Espadrille-Flatform-Vacation/dp/B0H4L29JCK/ref=zg_bsnr_g_679425011_d_sccl_25/134-6137667-3217327?psc=1,"https://images-na.ssl-images-amazon.com/images/I/71g0jGqtopL._AC_UL600_SR600,400_.jpg",56,排名进入前30；标题包含 platform、beach、summer、wedge，符合美国女鞋舒适化趋势；评分达到4.0以上。
2026-08-29,amazon_us,product,new_releases,New Releases Women Sandals,3,"Joomra Women's Cork-Inspired Footbed Slides Adjustable Buckle Sandals | Natural Foot-Shaped, Vegan Upper, Two-Strap, Casual Daily Slippers, Walking Comfort, Fashion Indoor Outdoor Sandles",,4.0,$9.98,,,,,,https://www.amazon.com/Joomra-Footbed-Slides-Double-Sandals/dp/B0H4QR5RZ6/ref=zg_bsnr_g_679425011_d_sccl_3/134-6137667-3217327?psc=1,"https://images-na.ssl-images-amazon.com/images/I/81g9PA4Ey0L._AC_UL600_SR600,400_.jpg",55,排名靠前；标题包含 comfort，符合美国女鞋舒适化趋势；评分达到4.0以上。
2026-08-29,amazon_us,product,search,women slides,11,adidas,¥201.60,4.6,adidas,,,,,,https://www.amazon.com/adidas-Unisex-Adilette-Comfort-Slides/dp/B091ZGY256/ref=sr_1_5?dib=eyJ2IjoiMSJ9.wrqHnvIFpzxZDCy1gVq3f2HcNswV2RaHhxwkGjsTd_VtjGXiextupGar-rBX1lUaKzd5DY8KHIwWO14zztZiiqaKRIy9Bpse0biEhLxzGrkKEshXIdcAq5QNVOX-_pTKdDg8GdJE1S8se_FAdxXNds0DnIeWRguwy9RTJv-KTowyXaHIv083cW3KXk8CW1iaxExW3KOV2NKWIx-7wFCr8gwvOfC2tTeism2kDn7IN8Q6bkmJliwJiV1fSmXC0mSbpUwKVVzdUA6J5hKZAINX4jm-r5yTtFTbDaogY65Y4vc.cbG6ddtmc9mMyZjgOLKVQ6kYku8NatNyt6IGG-y2p8o&dib_tag=se&keywords=women+slides&qid=1787989173&sr=8-5,https://m.media-amazon.com/images/I/51uJnrrxC9L._AC_UL320_.jpg,55,排名进入前30；价格处于人民币等值¥180.00-¥288.00区间；评分达到4.6以上。
2026-08-29,amazon_us,product,search,women slides,20,Nike,¥216.00,4.6,Nike,,,,,,https://www.amazon.com/Nike-Benassi-Particle-Metallic-Regular/dp/B0733XN344/ref=sr_1_14?dib=eyJ2IjoiMSJ9.wrqHnvIFpzxZDCy1gVq3f2HcNswV2RaHhxwkGjsTd_VtjGXiextupGar-rBX1lUaKzd5DY8KHIwWO14zztZiiqaKRIy9Bpse0biEhLxzGrkKEshXIdcAq5QNVOX-_pTKdDg8GdJE1S8se_FAdxXNds0DnIeWRguwy9RTJv-KTowyXaHIv083cW3KXk8CW1iaxExW3KOV2NKWIx-7wFCr8gwvOfC2tTeism2kDn7IN8Q6bkmJliwJiV1fSmXC0mSbpUwKVVzdUA6J5hKZAINX4jm-r5yTtFTbDaogY65Y4vc.cbG6ddtmc9mMyZjgOLKVQ6kYku8NatNyt6IGG-y2p8o&dib_tag=se&keywords=women+slides&qid=1787989173&sr=8-14,https://m.media-amazon.com/images/I/51UlvqfHbsL._AC_UL320_.jpg,55,排名进入前30；价格处于人民币等值¥180.00-¥288.00区间；评分达到4.6以上。
2026-08-29,amazon_us,product,search,women slides,33,Arch Support Slides for Women and Men Recovery House Sandals for Men Soft and Comfortable Summer Beach Shoes Slippers Women,¥71.93,3.8,"Price, product page $9.99 $ 9 . 99 Typical: $14.99 Typical: $14.99 $14.99",,,,,,https://www.amazon.com/SKETOE-Support-Recovery-Comfortable-Slippers/dp/B0GLF1516G/ref=sr_1_27?dib=eyJ2IjoiMSJ9.wrqHnvIFpzxZDCy1gVq3f2HcNswV2RaHhxwkGjsTd_VtjGXiextupGar-rBX1lUaKzd5DY8KHIwWO14zztZiiqaKRIy9Bpse0biEhLxzGrkKEshXIdcAq5QNVOX-_pTKdDg8GdJE1S8se_FAdxXNds0DnIeWRguwy9RTJv-KTowyXaHIv083cW3KXk8CW1iaxExW3KOV2NKWIx-7wFCr8gwvOfC2tTeism2kDn7IN8Q6bkmJliwJiV1fSmXC0mSbpUwKVVzdUA6J5hKZAINX4jm-r5yTtFTbDaogY65Y4vc.cbG6ddtmc9mMyZjgOLKVQ6kYku8NatNyt6IGG-y2p8o&dib_tag=se&keywords=women+slides&qid=1787989173&sr=8-27,https://m.media-amazon.com/images/I/81ECHpu6ZvL._AC_UL320_.jpg,55,排名进入前50；价格处于人民币等值¥57.60-¥180.00黄金区间；标题包含 recovery、comfort、arch support、soft、beach、summer，符合美国女鞋舒适化趋势。
2026-08-29,amazon_us,product,search,platform sandals women,5,Crocs,¥359.64,4.5,Crocs,,,,,,https://www.amazon.com/Crocs-Womens-Brooklyn-Cashew-Medium/dp/B0FKTHMMS7/ref=sr_1_4?dib=eyJ2IjoiMSJ9.FeE0_a6UHuc-xCYeG4xNcaK8sbC3477sh56b8juuTlJUxSfTlH4yP0AzL-KzOs6qIvRUU7zLeBjp6ATGjgBe0wcYy53MDIB2swQ8pCxANN5BPt18Woq1O_3qAU7AM71-fm3Rrg_aujKSK9gc5a6QuOUlyBTlq0Zis-J7ouR63IT5ETYdLQ23w6GCR46jT693az0ghcS16FS25rojta4gsE6v5eqcqbg4TGNLy9dRYWD4-f0bOlhOD-vpVGq6EALC0KW8JauaV-f-CKuZPAlg1CvC3joheeVn3ADUpRK2jYM.Z0l2103CupNzIA8qNZmwD3GmVBdM2vVidAFcwTu07bw&dib_tag=se&keywords=platform+sandals+women&qid=1787989173&sr=8-4,https://m.media-amazon.com/images/I/61+pv64cN9L._AC_UL320_.jpg,55,排名靠前；价格高于人民币等值¥288.00；评分达到4.3以上。
2026-08-29,amazon_us,product,search,platform sandals women,13,"DREAM PAIRS Women's Comfort Block Heel Sandals | Open Toe Adjustable Ankle Strap Chunky Dress Heels, Fashion Heeled Sandals for Prom, Wedding Guest and Formal Events DREAM PAIRS Women's Comfort Block Heel Sandals | Open Toe Adjustable Ankle Strap Chunky Dress Heels, F…",¥183.46,4.2,4.2,,,,,,https://sponsored-ads.amazon.com/clk/?_encoding=UTF8&p=eAFVUMuK01AYpg7qEOqFLkaou4pdVE57TtrmUgmSm2NMTC9pZ8psDqc5J2mYNMnkxOnook8hiM8hPoAbF659Bh9B0JVgR8Rv9cF3-X8-gR5--vD1263GHX1-MrFcx11Cy561aqhzFLEsucK8H8uLFRyEwydwyc_noyPTtZcxMt03iG9Pp_HLtcLcV9tZXYRdpEhdsa904dmNwFgd6vb8hT1zgsYD4TZl_LzKi0Z94c9sc3zsO2e21fxYEx5dK5gzUoZrXLAyzFNSMZxkaZIxvKqihkA25G2edcN803zIVyBMCedJCPYZsHeCArVusgwvgs6Qr0C1ZhtGQZinKQurJM_ApQiuj4GQlJSDgiRZxUoQ5lnFskp8bMx038Lm2PNsc-6M_QA7vuf4NvacExtbduDOx5OWJNTg_R_ff3759dlq3v1buX-idU-EECqqJCkIyoqMxINFYI0OzInZcRtPLUM3i-cOkPWdcbFHrO-MafF6qQT6_9gZ8c6Y7gz9D4mbdTO2r451O06lmInva8K72rqqCj7q9bbbbfffRL246JFtj_YMKCNz7vmG96yguKS4SNe01Kr2mhMcljihGmxfJFRDsiKriorkfpuXGgIIDMlwKImRCiIaUTBAEAE1UimgskSIqqrKoC-2E40UvE1KFml8mZtFdOnO2G-QBb19&v=c1&r=https%3A%2F%2Fwww.amazon.com%2Fgp%2Faw%2Fd%2FB071CTLNBL%3Fpd_rd_plhdr%3Dt%26hsa_cr_id%3D0%26qid%3D1787989173%26sr%3D1-1-5a5562f9-fdfd-4101-9f9d-d76aa9998432%26i%3Daps%26aref%3DsXoCpfvKRe&ref_=sbx__sbtcd2_asin_0_bkgd&pd_rd_w=sF6eT&content-id=amzn1.sym.90f77631-9599-4fe0-95f8-a40adfe1c762%3Aamzn1.sym.90f77631-9599-4fe0-95f8-a40adfe1c762&pf_rd_p=90f77631-9599-4fe0-95f8-a40adfe1c762&pf_rd_r=Q4CNJS1ASXZ4VZ96AWMC&pd_rd_wg=kJTbd&pd_rd_r=e3d10d14-3a4f-432f-b4ac-7f6d8ded22f5,"https://m.media-amazon.com/images/I/61mjdmlQ3bL._AC_SR322,134_CB1169409_QL70_.jpg",55,排名进入前30；价格处于人民币等值¥180.00-¥288.00区间；标题包含 comfort，符合美国女鞋舒适化趋势；评分达到4.0以上。
2026-08-29,amazon_us,product,search,platform sandals women,16,"DREAM PAIRS Women's High Heels Stilettos Sandals | Round Open Toe Heels, Ankle Strap, Dressy Sexy Summer Shoes for Wedding Party DREAM PAIRS Women's High Heels Stilettos Sandals | Round Open Toe Heels, Ankle Strap, Dressy Sexy Summer…",¥266.33,4.3,4.3,,,,,,https://sponsored-ads.amazon.com/clk/?_encoding=UTF8&p=eAFVUMuK01AYpg7qEOqFLkaou4pdVE5zkra5VIrkchxjatom7UyZzeE05yQNkyaZnDgdXfQpBPE5xAdw48K1z-AjCLoS7Ij4rT74Lv_PJ9DDTx--frvVuGPMT6a267hLaCO_VZM6RxHLkivMe7G6WMF-OHgCl_x8PjyyXLSMJct9I_Ht6Sx-udaY-2rr12XYlTSlK_e0Ljy7EZirQwPNXyDfCRoPhNuU8fMqLxr1hecja3LsOWfIbn6sCY-uFcwZKcM1LlgZ5impGE6yNMkYXlVRQyAb8jbPumG-aT7kKxCmhPMkBPsM2DtBIbVusgwvgs6Ar0C1ZhtGQZinKQurJM_ApQyuj4GQlJSDgiRZxUoQ5lnFskp-bPqGZ2NrMh4ja-5MvAA73tjxEB47JwjbKHDnk2lLEWrw_o_vP7_8-mw37_6t3D_RuidDCDVdUTQJqpoqyQeLwB4eWFOr4zae2qZhFc8doBo782KP2NiZs-L1UguM_7Ez450525nGHxI361aMro4NFKdKzOT3NeFdbV1VBR-K4na77f6bSIwLkWxFKppQ1QZj3e_1nxUUlxQX6ZqWo6q95gSHJU7oCLYvEjqSVE3VNV1Se21ejiTQBwMyGChypIOIRhT0JSgBPdIpoKpCiK7rWr8nt5MRKXiblCwa8WVuFdGl67PfcyG9Ow&v=c1&r=https%3A%2F%2Fwww.amazon.com%2Fgp%2Faw%2Fd%2FB0785L9R34%3Fpd_rd_plhdr%3Dt%26hsa_cr_id%3D0%26qid%3D1787989173%26sr%3D1-4-5a5562f9-fdfd-4101-9f9d-d76aa9998432%26i%3Daps%26aref%3DsXoCpfvKRe&ref_=sbx__sbtcd2_asin_3_bkgd&pd_rd_w=sF6eT&content-id=amzn1.sym.90f77631-9599-4fe0-95f8-a40adfe1c762%3Aamzn1.sym.90f77631-9599-4fe0-95f8-a40adfe1c762&pf_rd_p=90f77631-9599-4fe0-95f8-a40adfe1c762&pf_rd_r=Q4CNJS1ASXZ4VZ96AWMC&pd_rd_wg=kJTbd&pd_rd_r=e3d10d14-3a4f-432f-b4ac-7f6d8ded22f5,"https://m.media-amazon.com/images/I/61JPv8lRdvL._AC_SR322,134_CB1169409_QL70_.jpg",55,排名进入前30；价格处于人民币等值¥180.00-¥288.00区间；标题包含 summer，符合美国女鞋舒适化趋势；评分达到4.3以上。
2026-08-29,amazon_us,product,best_sellers,Best Sellers Women Sandals,15,"shevalues Slim Basic Flip Flops for Women with Comfortable Yoga Mat | Lightweight Non Slip Rubber Sandals for Beach, Shower, Pool & Summer Casual Wear",,4.4,$9.99,,,,,,https://www.amazon.com/shevalues-Shower-Rubber-Sandals-Comfortable/dp/B0B68G2D52/ref=zg_bs_g_679425011_d_sccl_15/146-0249875-9735346?psc=1,"https://images-na.ssl-images-amazon.com/images/I/61b4HXgBWfL._AC_UL600_SR600,400_.jpg",54,排名进入前30；标题包含 comfort、beach、summer，符合美国女鞋舒适化趋势；评分达到4.3以上。
2026-08-29,amazon_us,product,best_sellers,Best Sellers Women Sandals,30,KuaiLu Womens Flip Flops Arch Support Yoga Mat Cushioned Thong Sandals | Ladies Comfortable Walking Slides For Plantar Fasciitis Slip On Indoor Outdoor For Summer,,4.1,$25.99,,,,,,https://www.amazon.com/KuaiLu-Comfortable-Walking-Sandals-Fasciitis/dp/B08XX52FHY/ref=zg_bs_g_679425011_d_sccl_30/146-0249875-9735346?psc=1,"https://images-na.ssl-images-amazon.com/images/I/61giVB09JoL._AC_UL600_SR600,400_.jpg",54,排名进入前30；标题包含 comfort、arch support、summer，符合美国女鞋舒适化趋势；评分达到4.0以上。
2026-08-29,amazon_us,product,best_sellers,Best Sellers Women Sandals,31,"CUSHIONAIRE Feather EVA Slides for Women – Comfortable Slip On Womens Slippers, Indoor Outdoor Shower Shoes, Beach Essential Cloud Slides",,4.4,$26.99,,,,,,https://www.amazon.com/Cushionaire-Womens-Feather-recovery-Comfort/dp/B094TB7BQH/ref=zg_bs_g_679425011_d_sccl_31/146-0249875-9735346?psc=1,"https://images-na.ssl-images-amazon.com/images/I/817PhiYQjLL._AC_UL300_SR300,200_.jpg",54,排名进入前50；标题包含 cloud、comfort、beach，符合美国女鞋舒适化趋势；cloud + slides组合趋势加分；评分达到4.3以上。
2026-08-29,amazon_us,product,new_releases,New Releases Women Sandals,42,"QIY Flip Flops for Women Square Toe Platform Sandals Slides | Memory Foam Insole - Lightweight and Comfortable, Women Footwear Summer Thong Sandals for Women 2026",,4.4,$32.99,,,,,,https://www.amazon.com/QIY-Square-Platform-Sandals-Slides/dp/B0HC6D4699/ref=zg_bsnr_g_679425011_d_sccl_42/146-0249875-9735346?psc=1,"https://images-na.ssl-images-amazon.com/images/I/61c-vvOzT2L._AC_UL300_SR300,200_.jpg",54,排名进入前50；标题包含 platform、comfort、summer，符合美国女鞋舒适化趋势；platform + comfort组合趋势加分；评分达到4.3以上。
2026-08-29,amazon_us,product,search,women summer slippers,20,FRALOSHA,¥71.93,4.2,FRALOSHA,,,,,,https://www.amazon.com/FRALOSHA-Slippers-Breathable-Outdoor-Sandals/dp/B07FSG6P3M/ref=sr_1_11?dib=eyJ2IjoiMSJ9.cpz8XkOX9cIJbkn7CD_e_aCf7kcJGHLJcAXl6cbTNngbIrmPMRewLUw75ar_rXg8bgtjCTtOVzUkE31Af3d_V7ivXxbXSHQLK89T_FEF1lKO9jywNyE4vmpO3_rvU2KNEXJ6lgVFk5iS8F-9J44PRjyxJqPJ3lbXBBRO6ldt2GuleIcKnZG_H-8pVXQF2SEPV-SRFIbkfoZLT41JXrE1IjmVGALOHocIgX_0A0GB7ZEb5XoYiGcef_j3FsRraT6mxz87oo3xOiQwhTeofHZKPkOo9dTiYVhGu86jqRHW3ho.71IuQR5wmrTliRCpeXb8HkCvio2byPAvM30I9TCEp-I&dib_tag=se&keywords=women+summer+slippers&qid=1787989172&sr=8-11,https://m.media-amazon.com/images/I/810Hfh0qwIL._AC_UL320_.jpg,54,排名进入前30；价格处于人民币等值¥57.60-¥180.00黄金区间；评分达到4.0以上。
2026-08-29,amazon_us,product,search,women summer slippers,21,isotoner,¥82.87,4.1,isotoner,,,,,,https://www.amazon.com/isotoner-Moisture-Wicking-Outdoor-Comfort/dp/B07N46CQ5X/ref=sr_1_12?dib=eyJ2IjoiMSJ9.cpz8XkOX9cIJbkn7CD_e_aCf7kcJGHLJcAXl6cbTNngbIrmPMRewLUw75ar_rXg8bgtjCTtOVzUkE31Af3d_V7ivXxbXSHQLK89T_FEF1lKO9jywNyE4vmpO3_rvU2KNEXJ6lgVFk5iS8F-9J44PRjyxJqPJ3lbXBBRO6ldt2GuleIcKnZG_H-8pVXQF2SEPV-SRFIbkfoZLT41JXrE1IjmVGALOHocIgX_0A0GB7ZEb5XoYiGcef_j3FsRraT6mxz87oo3xOiQwhTeofHZKPkOo9dTiYVhGu86jqRHW3ho.71IuQR5wmrTliRCpeXb8HkCvio2byPAvM30I9TCEp-I&dib_tag=se&keywords=women+summer+slippers&qid=1787989172&sr=8-12,https://m.media-amazon.com/images/I/71ZM3S2w7-L._AC_UL320_.jpg,54,排名进入前30；价格处于人民币等值¥57.60-¥180.00黄金区间；评分达到4.0以上。
2026-08-29,amazon_us,product,search,women summer slippers,32,Womens Comfortable Slides Sandals: Lightweight Soft Cushioned Slip On Flat Sandals - Dressy Summer Shoes for Casual Walking Travel,¥100.73,4.5,"Price, product page $13.99 $ 13 . 99 Typical: $19.99 Typical: $19.99 $19.99",,,,,,https://www.amazon.com/Diarilip-Womens-Comfortable-Slides-Sandals/dp/B0GZN9H21P/ref=sr_1_23?dib=eyJ2IjoiMSJ9.cpz8XkOX9cIJbkn7CD_e_aCf7kcJGHLJcAXl6cbTNngbIrmPMRewLUw75ar_rXg8bgtjCTtOVzUkE31Af3d_V7ivXxbXSHQLK89T_FEF1lKO9jywNyE4vmpO3_rvU2KNEXJ6lgVFk5iS8F-9J44PRjyxJqPJ3lbXBBRO6ldt2GuleIcKnZG_H-8pVXQF2SEPV-SRFIbkfoZLT41JXrE1IjmVGALOHocIgX_0A0GB7ZEb5XoYiGcef_j3FsRraT6mxz87oo3xOiQwhTeofHZKPkOo9dTiYVhGu86jqRHW3ho.71IuQR5wmrTliRCpeXb8HkCvio2byPAvM30I9TCEp-I&dib_tag=se&keywords=women+summer+slippers&qid=1787989172&sr=8-23,https://m.media-amazon.com/images/I/81PtNHs+1kL._AC_UL320_.jpg,54,排名进入前50；价格处于人民币等值¥57.60-¥180.00黄金区间；标题包含 comfort、soft、summer，符合美国女鞋舒适化趋势；评分达到4.3以上。
2026-08-29,amazon_us,product,search,women slides,14,Crocs,¥162.00,4.1,Crocs,,,,,,https://www.amazon.com/Crocs-Womens-Slide-Sandal-Taupe/dp/B0F9XF5RX9/ref=sr_1_8?dib=eyJ2IjoiMSJ9.wrqHnvIFpzxZDCy1gVq3f2HcNswV2RaHhxwkGjsTd_VtjGXiextupGar-rBX1lUaKzd5DY8KHIwWO14zztZiiqaKRIy9Bpse0biEhLxzGrkKEshXIdcAq5QNVOX-_pTKdDg8GdJE1S8se_FAdxXNds0DnIeWRguwy9RTJv-KTowyXaHIv083cW3KXk8CW1iaxExW3KOV2NKWIx-7wFCr8gwvOfC2tTeism2kDn7IN8Q6bkmJliwJiV1fSmXC0mSbpUwKVVzdUA6J5hKZAINX4jm-r5yTtFTbDaogY65Y4vc.cbG6ddtmc9mMyZjgOLKVQ6kYku8NatNyt6IGG-y2p8o&dib_tag=se&keywords=women+slides&qid=1787989173&sr=8-8,https://m.media-amazon.com/images/I/61cPOC2WmbL._AC_UL320_.jpg,54,排名进入前30；价格处于人民币等值¥57.60-¥180.00黄金区间；评分达到4.0以上。
2026-08-29,amazon_us,product,search,women slides,15,Leevar,¥93.53,4.2,Leevar,,,,,,https://www.amazon.com/Leevar-Slippers-Non-slip-Swimming-Footwear/dp/B09YCLK5DG/ref=sr_1_9?dib=eyJ2IjoiMSJ9.wrqHnvIFpzxZDCy1gVq3f2HcNswV2RaHhxwkGjsTd_VtjGXiextupGar-rBX1lUaKzd5DY8KHIwWO14zztZiiqaKRIy9Bpse0biEhLxzGrkKEshXIdcAq5QNVOX-_pTKdDg8GdJE1S8se_FAdxXNds0DnIeWRguwy9RTJv-KTowyXaHIv083cW3KXk8CW1iaxExW3KOV2NKWIx-7wFCr8gwvOfC2tTeism2kDn7IN8Q6bkmJliwJiV1fSmXC0mSbpUwKVVzdUA6J5hKZAINX4jm-r5yTtFTbDaogY65Y4vc.cbG6ddtmc9mMyZjgOLKVQ6kYku8NatNyt6IGG-y2p8o&dib_tag=se&keywords=women+slides&qid=1787989173&sr=8-9,https://m.media-amazon.com/images/I/71Epw-42KBL._AC_UL320_.jpg,54,排名进入前30；价格处于人民币等值¥57.60-¥180.00黄金区间；评分达到4.0以上。
2026-08-29,amazon_us,product,search,women slides,18,Happy Lily,¥71.93,4.2,Happy Lily,,,,,,https://www.amazon.com/Slippers-Non-Slip-Shower-Sandals-Bathroom/dp/B01LYNR9VM/ref=sr_1_12?dib=eyJ2IjoiMSJ9.wrqHnvIFpzxZDCy1gVq3f2HcNswV2RaHhxwkGjsTd_VtjGXiextupGar-rBX1lUaKzd5DY8KHIwWO14zztZiiqaKRIy9Bpse0biEhLxzGrkKEshXIdcAq5QNVOX-_pTKdDg8GdJE1S8se_FAdxXNds0DnIeWRguwy9RTJv-KTowyXaHIv083cW3KXk8CW1iaxExW3KOV2NKWIx-7wFCr8gwvOfC2tTeism2kDn7IN8Q6bkmJliwJiV1fSmXC0mSbpUwKVVzdUA6J5hKZAINX4jm-r5yTtFTbDaogY65Y4vc.cbG6ddtmc9mMyZjgOLKVQ6kYku8NatNyt6IGG-y2p8o&dib_tag=se&keywords=women+slides&qid=1787989173&sr=8-12,https://m.media-amazon.com/images/I/81oTjdeU9ZL._AC_UL320_.jpg,54,排名进入前30；价格处于人民币等值¥57.60-¥180.00黄金区间；评分达到4.0以上。
2026-08-29,amazon_us,product,search,women slides,23,mazeskin,¥68.26,4.1,mazeskin,,,,,,https://www.amazon.com/mazeskin-Womens-Comfortable-Sandals-Leather/dp/B0F32KMZ18/ref=sr_1_17?dib=eyJ2IjoiMSJ9.wrqHnvIFpzxZDCy1gVq3f2HcNswV2RaHhxwkGjsTd_VtjGXiextupGar-rBX1lUaKzd5DY8KHIwWO14zztZiiqaKRIy9Bpse0biEhLxzGrkKEshXIdcAq5QNVOX-_pTKdDg8GdJE1S8se_FAdxXNds0DnIeWRguwy9RTJv-KTowyXaHIv083cW3KXk8CW1iaxExW3KOV2NKWIx-7wFCr8gwvOfC2tTeism2kDn7IN8Q6bkmJliwJiV1fSmXC0mSbpUwKVVzdUA6J5hKZAINX4jm-r5yTtFTbDaogY65Y4vc.cbG6ddtmc9mMyZjgOLKVQ6kYku8NatNyt6IGG-y2p8o&dib_tag=se&keywords=women+slides&qid=1787989173&sr=8-17,https://m.media-amazon.com/images/I/71jV8GHPNSL._AC_UL320_.jpg,54,排名进入前30；价格处于人民币等值¥57.60-¥180.00黄金区间；评分达到4.0以上。
2026-08-29,amazon_us,product,search,platform sandals women,22,Goosecret,¥136.73,4.2,Goosecret,,,,,,https://www.amazon.com/Goosecret-Platform-Lightweight-Comfortable-Adjustable/dp/B0CZ73TS2F/ref=sr_1_12?dib=eyJ2IjoiMSJ9.FeE0_a6UHuc-xCYeG4xNcaK8sbC3477sh56b8juuTlJUxSfTlH4yP0AzL-KzOs6qIvRUU7zLeBjp6ATGjgBe0wcYy53MDIB2swQ8pCxANN5BPt18Woq1O_3qAU7AM71-fm3Rrg_aujKSK9gc5a6QuOUlyBTlq0Zis-J7ouR63IT5ETYdLQ23w6GCR46jT693az0ghcS16FS25rojta4gsE6v5eqcqbg4TGNLy9dRYWD4-f0bOlhOD-vpVGq6EALC0KW8JauaV-f-CKuZPAlg1CvC3joheeVn3ADUpRK2jYM.Z0l2103CupNzIA8qNZmwD3GmVBdM2vVidAFcwTu07bw&dib_tag=se&keywords=platform+sandals+women&qid=1787989173&sr=8-12,https://m.media-amazon.com/images/I/71LGeq3MmbL._AC_UL320_.jpg,54,排名进入前30；价格处于人民币等值¥57.60-¥180.00黄金区间；评分达到4.0以上。
2026-08-29,amazon_us,product,new_releases,New Releases Women Sandals,9,WINDBXYB Womens Zebra Heels Kitten Heel Sandals Open Peep Toe Stiletto High Heeled Mules Pumps Shoes Slip on Slides for Prom Wedding Party,,4.4,$49.99,,,,,,https://www.amazon.com/WINDBXYB-Womens-Sandals-Stiletto-Wedding/dp/B0H48MXHGS/ref=zg_bsnr_g_679425011_d_sccl_9/134-6137667-3217327?psc=1,"https://images-na.ssl-images-amazon.com/images/I/618TJ6ktt1L._AC_UL600_SR600,400_.jpg",52,排名靠前；评分达到4.3以上。
2026-08-29,amazon_us,product,search,women slides,27,Calvin Klein,¥229.54,4.5,Calvin Klein,,,,,,https://www.amazon.com/Calvin-Klein-Womens-Athens-Sandal/dp/B0CQRSPTDJ/ref=sr_1_21?dib=eyJ2IjoiMSJ9.wrqHnvIFpzxZDCy1gVq3f2HcNswV2RaHhxwkGjsTd_VtjGXiextupGar-rBX1lUaKzd5DY8KHIwWO14zztZiiqaKRIy9Bpse0biEhLxzGrkKEshXIdcAq5QNVOX-_pTKdDg8GdJE1S8se_FAdxXNds0DnIeWRguwy9RTJv-KTowyXaHIv083cW3KXk8CW1iaxExW3KOV2NKWIx-7wFCr8gwvOfC2tTeism2kDn7IN8Q6bkmJliwJiV1fSmXC0mSbpUwKVVzdUA6J5hKZAINX4jm-r5yTtFTbDaogY65Y4vc.cbG6ddtmc9mMyZjgOLKVQ6kYku8NatNyt6IGG-y2p8o&dib_tag=se&keywords=women+slides&qid=1787989173&sr=8-21,https://m.media-amazon.com/images/I/61TQsy18fPL._AC_UL320_.jpg,52,排名进入前30；价格处于人民币等值¥180.00-¥288.00区间；评分达到4.3以上。
2026-08-29,amazon_us,product,search,women slides,28,Under Armour,¥216.43,4.5,Under Armour,,,,,,https://www.amazon.com/Under-Armour-Womens-Ignite-Slide/dp/B09WJG8VCB/ref=sr_1_22?dib=eyJ2IjoiMSJ9.wrqHnvIFpzxZDCy1gVq3f2HcNswV2RaHhxwkGjsTd_VtjGXiextupGar-rBX1lUaKzd5DY8KHIwWO14zztZiiqaKRIy9Bpse0biEhLxzGrkKEshXIdcAq5QNVOX-_pTKdDg8GdJE1S8se_FAdxXNds0DnIeWRguwy9RTJv-KTowyXaHIv083cW3KXk8CW1iaxExW3KOV2NKWIx-7wFCr8gwvOfC2tTeism2kDn7IN8Q6bkmJliwJiV1fSmXC0mSbpUwKVVzdUA6J5hKZAINX4jm-r5yTtFTbDaogY65Y4vc.cbG6ddtmc9mMyZjgOLKVQ6kYku8NatNyt6IGG-y2p8o&dib_tag=se&keywords=women+slides&qid=1787989173&sr=8-22,https://m.media-amazon.com/images/I/41U-+qQdCWL._AC_UL320_.jpg,52,排名进入前30；价格处于人民币等值¥180.00-¥288.00区间；评分达到4.3以上。
2026-08-29,amazon_us,product,search,platform sandals women,12,UBFEN,¥287.93,4.4,UBFEN,,,,,,https://www.amazon.com/UBFEN-Espadrille-Platform-Sandals-Orthopedic/dp/B0GJS127JH/ref=sr_1_11?dib=eyJ2IjoiMSJ9.FeE0_a6UHuc-xCYeG4xNcaK8sbC3477sh56b8juuTlJUxSfTlH4yP0AzL-KzOs6qIvRUU7zLeBjp6ATGjgBe0wcYy53MDIB2swQ8pCxANN5BPt18Woq1O_3qAU7AM71-fm3Rrg_aujKSK9gc5a6QuOUlyBTlq0Zis-J7ouR63IT5ETYdLQ23w6GCR46jT693az0ghcS16FS25rojta4gsE6v5eqcqbg4TGNLy9dRYWD4-f0bOlhOD-vpVGq6EALC0KW8JauaV-f-CKuZPAlg1CvC3joheeVn3ADUpRK2jYM.Z0l2103CupNzIA8qNZmwD3GmVBdM2vVidAFcwTu07bw&dib_tag=se&keywords=platform+sandals+women&qid=1787989173&sr=8-11,https://m.media-amazon.com/images/I/81ToZ2Ro5jL._AC_UL320_.jpg,52,排名进入前30；价格处于人民币等值¥180.00-¥288.00区间；评分达到4.3以上。
2026-08-29,amazon_us,product,search,platform sandals women,14,"DREAM PAIRS Women's Low Chunky Heels Sandals | Round Open Toe Heels, Ankle Strap, Block heels, Dress Summer Shoes for Wedding Party Daily DREAM PAIRS Women's Low Chunky Heels Sandals | Round Open Toe Heels, Ankle Strap, Block heels, Dress Summer…",¥251.93,4.2,4.2,,,,,,https://sponsored-ads.amazon.com/clk/?_encoding=UTF8&p=eAFVUMtu00AUVaiAygoPZVGksAsii6CJx07iR1CE_JgW45CH7bShm9HEM3asurbrMU1hka9AQnwH4gPYsGDNN_AJSLBCIkWIszrSedyrI9D9Tx--frvVuGMExzPbddwltJHXqkmdg4hlyRXmvVhdrGA_HDyBS34WDA8sFy1jyXLfSHxzMo9frDXmvtx4dRl2JU3pyj2tC09v-OZq30DBc-Q5fuOBcJsyflblRaO-mHjImh5NnFNkNz_WhEfXCuaMlOEaF6wM85RUDCdZmmQMr6qoIZBz8jbPumF-3nzIVyBMCedJCHYZsHOCQmrdZBle-J0BX4Fqzc4ZBWGepiyskjwDlzK4PgZCUlIOCpJkFStBmGcVyyr5sekZExtb0_EYWYEznfjYmYydCcJj5xhhG_luMJ21FKEG7__4_vPLr8928-7fyt0TrXsyhFDTFUWToKqpkry38O3hnjWzOm7jqW0aVnHoANXYmhc7xMbWnBevl5pv_I-tGW_N-dY0_pC4WbdidHVkoDhVYia_rwnvauuqKvhQFDebTfffRGJciGQjUtGE9uzw1Vz3gmcFxSXFRbqm5ahqrznBYYkTOoLti4SOJFVTdU2X1F6blyMJyGBABgNFjnQQ0YiCvgQloEc6BVRVCNF1Xev35HYyIgVvk5JFI77MrSK6dD32G6q-vbo&v=c1&r=https%3A%2F%2Fwww.amazon.com%2Fgp%2Faw%2Fd%2FB0DPFYQ9RT%3Fpd_rd_plhdr%3Dt%26hsa_cr_id%3D0%26qid%3D1787989173%26sr%3D1-2-5a5562f9-fdfd-4101-9f9d-d76aa9998432%26i%3Daps%26aref%3DsXoCpfvKRe&ref_=sbx__sbtcd2_asin_1_bkgd&pd_rd_w=sF6eT&content-id=amzn1.sym.90f77631-9599-4fe0-95f8-a40adfe1c762%3Aamzn1.sym.90f77631-9599-4fe0-95f8-a40adfe1c762&pf_rd_p=90f77631-9599-4fe0-95f8-a40adfe1c762&pf_rd_r=Q4CNJS1ASXZ4VZ96AWMC&pd_rd_wg=kJTbd&pd_rd_r=e3d10d14-3a4f-432f-b4ac-7f6d8ded22f5,"https://m.media-amazon.com/images/I/61qH6DSlMLL._AC_SR322,134_CB1169409_QL70_.jpg",52,排名进入前30；价格处于人民币等值¥180.00-¥288.00区间；标题包含 summer，符合美国女鞋舒适化趋势；评分达到4.0以上。
2026-08-29,amazon_us,product,best_sellers,Best Sellers Women Sandals,17,mazeskin Womens Memory Foam Flip Flops Leather Flat Sandals | Vegan Leather Square Toe Cushion Summer Casual Comfortable Slim Thong Beach Slide Shoes Non Slip,,4.0,$9.99,,,,,,https://www.amazon.com/mazeskin-Womens-Memory-Leather-Sandals/dp/B0GRMZ5PFS/ref=zg_bs_g_679425011_d_sccl_17/146-0249875-9735346?psc=1,"https://images-na.ssl-images-amazon.com/images/I/717PAaaaLdL._AC_UL600_SR600,400_.jpg",51,排名进入前30；标题包含 comfort、beach、summer，符合美国女鞋舒适化趋势；评分达到4.0以上。
2026-08-29,amazon_us,product,best_sellers,Best Sellers Women Sandals,23,"CUSHIONAIRE Luna Sandals for Women, Cork Footbed Womens Sandals for Summer Comfort with Adjustable Straps, Wide Width Available",,4.5,$34.99,,,,,,https://www.amazon.com/CUSHIONAIRE-Next-Womens-Slide-Sandals-Brown/dp/B073XS7BW7/ref=zg_bs_g_679425011_d_sccl_23/146-0249875-9735346?psc=1,"https://images-na.ssl-images-amazon.com/images/I/81TDeaArVJL._AC_UL600_SR600,400_.jpg",51,排名进入前30；标题包含 comfort、summer，符合美国女鞋舒适化趋势；评分达到4.3以上。
2026-08-29,amazon_us,product,new_releases,New Releases Women Sandals,20,RJYLP Jelly Sandals for Women Clear Sandals Jelly Shoes Women Kitten Heel Mules Open Toe Slide Pumps Dress Shoes Beach Summer Sandal Cute Comfortable,,4.1,$49.99,,,,,,https://www.amazon.com/RJYLP-Sandals-Kitten-Summer-Comfortable/dp/B0H3NBYHJS/ref=zg_bsnr_g_679425011_d_sccl_20/134-6137667-3217327?psc=1,"https://images-na.ssl-images-amazon.com/images/I/61SdeC7gxAL._AC_UL600_SR600,400_.jpg",51,排名进入前30；标题包含 comfort、beach、summer，符合美国女鞋舒适化趋势；评分达到4.0以上。
2026-08-29,amazon_us,product,new_releases,New Releases Women Sandals,24,"UBFEN Womens Flat Sandals T-Strap Thong Sandals with Arch Support | Braided Upper, Lightweight, Comfortable for Walking, Flip Flop with Back Elastic Strap",,4.0,$33.99,,,,,,https://www.amazon.com/UBFEN-Womens-Sandals-T-Strap-Support/dp/B0H142SNMD/ref=zg_bsnr_g_679425011_d_sccl_24/134-6137667-3217327?psc=1,"https://images-na.ssl-images-amazon.com/images/I/71Mt-T6UgsL._AC_UL600_SR600,400_.jpg",51,排名进入前30；标题包含 comfort、arch support，符合美国女鞋舒适化趋势；评分达到4.0以上。
2026-08-29,amazon_us,product,new_releases,New Releases Women Sandals,13,Project Cloud Square Toe Flip Flops For Women-Sandals Women | Womens Flip Flop with Memory Foam Insole Beach Essentials Womens Sandals-Thong Sandals Women Footwear-Square Toe Sandals,,4.1,$29.90,,,,,,https://www.amazon.com/Project-Cloud-Square-Flops-Women-Sandals/dp/B0GY5Y8N35/ref=zg_bsnr_g_679425011_d_sccl_13/134-6137667-3217327?psc=1,"https://images-na.ssl-images-amazon.com/images/I/71nllf30glL._AC_UL600_SR600,400_.jpg",50,排名进入前30；标题包含 cloud、beach，符合美国女鞋舒适化趋势；评分达到4.0以上。
2026-08-29,amazon_us,product,search,women slides,38,Unisex Arch Support Slides Cushioned Non Slip Shower Sandals,¥143.93,4.0,100+ bought in past month,,,,,,https://www.amazon.com/VIVASUN-Unisex-Support-Cushioned-Sandals/dp/B0H8CX577D/ref=sr_1_32?dib=eyJ2IjoiMSJ9.wrqHnvIFpzxZDCy1gVq3f2HcNswV2RaHhxwkGjsTd_VtjGXiextupGar-rBX1lUaKzd5DY8KHIwWO14zztZiiqaKRIy9Bpse0biEhLxzGrkKEshXIdcAq5QNVOX-_pTKdDg8GdJE1S8se_FAdxXNds0DnIeWRguwy9RTJv-KTowyXaHIv083cW3KXk8CW1iaxExW3KOV2NKWIx-7wFCr8gwvOfC2tTeism2kDn7IN8Q6bkmJliwJiV1fSmXC0mSbpUwKVVzdUA6J5hKZAINX4jm-r5yTtFTbDaogY65Y4vc.cbG6ddtmc9mMyZjgOLKVQ6kYku8NatNyt6IGG-y2p8o&dib_tag=se&keywords=women+slides&qid=1787989173&sr=8-32,https://m.media-amazon.com/images/I/71DfPnwadBL._AC_UL320_.jpg,50,排名进入前50；评论数达到50以上；价格处于人民币等值¥57.60-¥180.00黄金区间；标题包含 arch support，符合美国女鞋舒适化趋势；评分达到4.0以上。
2026-08-29,amazon_us,product,search,platform sandals women,24,Vilanva,¥143.93,3.9,Vilanva,,,,,,https://www.amazon.com/Vilanva-Platform-Lightweight-Comfortable-Non-Slip/dp/B0GH6HQ54N/ref=sr_1_14?dib=eyJ2IjoiMSJ9.FeE0_a6UHuc-xCYeG4xNcaK8sbC3477sh56b8juuTlJUxSfTlH4yP0AzL-KzOs6qIvRUU7zLeBjp6ATGjgBe0wcYy53MDIB2swQ8pCxANN5BPt18Woq1O_3qAU7AM71-fm3Rrg_aujKSK9gc5a6QuOUlyBTlq0Zis-J7ouR63IT5ETYdLQ23w6GCR46jT693az0ghcS16FS25rojta4gsE6v5eqcqbg4TGNLy9dRYWD4-f0bOlhOD-vpVGq6EALC0KW8JauaV-f-CKuZPAlg1CvC3joheeVn3ADUpRK2jYM.Z0l2103CupNzIA8qNZmwD3GmVBdM2vVidAFcwTu07bw&dib_tag=se&keywords=platform+sandals+women&qid=1787989173&sr=8-14,https://m.media-amazon.com/images/I/71PL6JGVN0L._AC_UL320_.jpg,50,排名进入前30；价格处于人民币等值¥57.60-¥180.00黄金区间。
2026-08-29,amazon_us,product,best_sellers,Best Sellers Women Sandals,7,LULLASONG Women's Kitten Heels Sandals Square Open Toe Flip Flop Heels 1.8-2 Inch Heeled Sandals for Women,,4.0,$35.99,,,,,,https://www.amazon.com/LULLASONG-Womens-Kitten-Sandals-Square/dp/B0DCFSM597/ref=zg_bs_g_679425011_d_sccl_7/146-0249875-9735346?psc=1,"https://images-na.ssl-images-amazon.com/images/I/61aVZl7OhqL._AC_UL600_SR600,400_.jpg",49,排名靠前；评分达到4.0以上。
2026-08-29,amazon_us,product,best_sellers,Best Sellers Women Sandals,8,Havaianas Women's Slim Square Solid Flip Flops,,4.1,$19.90,,,,,,https://www.amazon.com/Havaianas-Womens-Square-Solid-Medium/dp/B0BBPX6J6F/ref=zg_bs_g_679425011_d_sccl_8/146-0249875-9735346?psc=1,"https://images-na.ssl-images-amazon.com/images/I/519tF5UFGFL._AC_UL600_SR600,400_.jpg",49,排名靠前；评分达到4.0以上。
2026-08-29,amazon_us,product,new_releases,New Releases Women Sandals,1,"CUSHIONAIRE Java Casual Womens Jelly Flats with Adjustable Strap, Closed Toe Mary Janes Mule Design, Waterproof Jelly Sandals for Women",,4.2,$34.99,,,,,,https://www.amazon.com/CUSHIONAIRE-Adjustable-Waterproof-Sandals-Whiskey/dp/B0H6GSWXPJ/ref=zg_bsnr_g_679425011_d_sccl_1/134-6137667-3217327?psc=1,"https://images-na.ssl-images-amazon.com/images/I/71gErrKwjVL._AC_UL600_SR600,400_.jpg",49,排名靠前；评分达到4.0以上。
2026-08-29,amazon_us,product,search,women slides,24,Crocs,¥215.93,4.2,Crocs,,,,,,https://www.amazon.com/Crocs-Womens-Sandal-Summer-Sandals/dp/B0888SJTRP/ref=sr_1_18?dib=eyJ2IjoiMSJ9.wrqHnvIFpzxZDCy1gVq3f2HcNswV2RaHhxwkGjsTd_VtjGXiextupGar-rBX1lUaKzd5DY8KHIwWO14zztZiiqaKRIy9Bpse0biEhLxzGrkKEshXIdcAq5QNVOX-_pTKdDg8GdJE1S8se_FAdxXNds0DnIeWRguwy9RTJv-KTowyXaHIv083cW3KXk8CW1iaxExW3KOV2NKWIx-7wFCr8gwvOfC2tTeism2kDn7IN8Q6bkmJliwJiV1fSmXC0mSbpUwKVVzdUA6J5hKZAINX4jm-r5yTtFTbDaogY65Y4vc.cbG6ddtmc9mMyZjgOLKVQ6kYku8NatNyt6IGG-y2p8o&dib_tag=se&keywords=women+slides&qid=1787989173&sr=8-18,https://m.media-amazon.com/images/I/418xHnUA5HL._AC_UL320_.jpg,49,排名进入前30；价格处于人民币等值¥180.00-¥288.00区间；评分达到4.0以上。
2026-08-29,amazon_us,product,search,platform sandals women,11,YorFotMae,¥183.53,4.2,YorFotMae,,,,,,https://www.amazon.com/YorFotMae-Platform-Sandals-Footbed-Buckles%EF%BC%8C/dp/B0F9KJZ1XJ/ref=sr_1_10?dib=eyJ2IjoiMSJ9.FeE0_a6UHuc-xCYeG4xNcaK8sbC3477sh56b8juuTlJUxSfTlH4yP0AzL-KzOs6qIvRUU7zLeBjp6ATGjgBe0wcYy53MDIB2swQ8pCxANN5BPt18Woq1O_3qAU7AM71-fm3Rrg_aujKSK9gc5a6QuOUlyBTlq0Zis-J7ouR63IT5ETYdLQ23w6GCR46jT693az0ghcS16FS25rojta4gsE6v5eqcqbg4TGNLy9dRYWD4-f0bOlhOD-vpVGq6EALC0KW8JauaV-f-CKuZPAlg1CvC3joheeVn3ADUpRK2jYM.Z0l2103CupNzIA8qNZmwD3GmVBdM2vVidAFcwTu07bw&dib_tag=se&keywords=platform+sandals+women&qid=1787989173&sr=8-10,https://m.media-amazon.com/images/I/716H0att18L._AC_UL320_.jpg,49,排名进入前30；价格处于人民币等值¥180.00-¥288.00区间；评分达到4.0以上。
2026-08-29,amazon_us,product,search,platform sandals women,17,"DREAM PAIRS Women's Chunky Low Block Heel Dress Sandals | Open Toe Adjustable Ankle Strap Dress Pumps, Fashion Heeled Sandals for Party, Wedding Guest and Daily Work Occasions DREAM PAIRS Women's Chunky Low Block Heel Dress Sandals | Open Toe Adjustable Ankle Strap Dres…",¥215.78,4.1,4.1,,,,,,https://sponsored-ads.amazon.com/clk/?_encoding=UTF8&p=eAFVUMuK01AYpg7qEOqFLkaou4pdVE5zkja3SpFcztSY2naadgyzOZzmnKRh0iSTE6ejiz6FID6H-ABuXLj2GXwEQVeCHRG_1Qff5f_5BHr46cPXb7cad8zF6czxXC-ADpq3alLnKGJZcoV5L9aWK9gPlScw4OeLwZHtoSCWbO-NxLevTuIXa515L7fzugy7kq525Z7ehWc3fGt1aKLFczR3_cYD4TZl_LzKi0Z9OZkjezqauGfIaX6sCY-uFcwZKcM1LlgZ5impGE6yNMkYXlVRQyAb8jbPumG-aT7kKxCmhPMkBPsM2DtBIbVusgwv_Y7CV6Basw2jIMzTlIVVkmfgUgbXx0BISspBQZKsYiUI86xiWSU_tubmxMH2dDxG9sKdTnzsTsbuBOGxe4qwg3xvMZ21VKEG7__4_vPLr89O8-7fyv0TrXsyhFA3VFWXoKZrknyw9J3BgT2zO17jqWOZdnHsAs3cWRd7xObOOileB7pv_o-dFe-sk51l_iFxs27H6GpkojhVYya_rwnvauuqKvhAFLfbbfffRGJciGQrUtGCtuL0tNFx8KyguKS4SNe0HFbtNSc4LHFCh7B9kdChpOmaoRuS1mvzcigBBShEUVQ5MkBEIwr6EpSAERkUUE0lxDAMvd-T28mQFLxNShYNeZDbRXTpzdlvhMm9ZQ&v=c1&r=https%3A%2F%2Fwww.amazon.com%2Fgp%2Faw%2Fd%2FB0C5D37GFX%3Fpd_rd_plhdr%3Dt%26hsa_cr_id%3D0%26qid%3D1787989173%26sr%3D1-5-5a5562f9-fdfd-4101-9f9d-d76aa9998432%26i%3Daps%26aref%3DsXoCpfvKRe&ref_=sbx__sbtcd2_asin_4_bkgd&pd_rd_w=sF6eT&content-id=amzn1.sym.90f77631-9599-4fe0-95f8-a40adfe1c762%3Aamzn1.sym.90f77631-9599-4fe0-95f8-a40adfe1c762&pf_rd_p=90f77631-9599-4fe0-95f8-a40adfe1c762&pf_rd_r=Q4CNJS1ASXZ4VZ96AWMC&pd_rd_wg=kJTbd&pd_rd_r=e3d10d14-3a4f-432f-b4ac-7f6d8ded22f5,"https://m.media-amazon.com/images/I/618rRjSh7dL._AC_SR322,134_CB1169409_QL70_.jpg",49,排名进入前30；价格处于人民币等值¥180.00-¥288.00区间；评分达到4.0以上。
2026-08-29,amazon_us,product,search,platform sandals women,18,DREAM PAIRS Women Open Square High Heels Sandals DREAM PAIRS Women Open Square High Heels Sandals,¥284.33,4,4,,,,,,https://sponsored-ads.amazon.com/clk/?_encoding=UTF8&p=eAFVUMtu00AUVaiAygoPZVGksAsii6BJxk7iR5CF_GoxDk5qJyXtZjTxjB-qY7seUxcW-QokxHcgPoANC9Z8A5-ABCskUoQ4qyOdx706HNn_9OHrt1utO9riZG46trOCpuV1GnzvIKRZcoXYMJKWazgKxk_gip0vJgeGY60i3nDe8Kx-dRy9iGXqvKy9pgD7vCz2haHch2c3fH29r1mL55Zn-60H3G1C2XmVF63m0vUsY3bk2meW2f7Y4B5dK4hRXAYxKmgZ5CmuKEqyNMkoWldhi8Mb_DbP-kG-aT9kaxCkmLEkALsM2DlBwXdu0gwt_d6YrUEV0w0lIMjTlAZVkmfgUgDXx0CAS8JAgZOsoiUI8qyiWSU81j3NNZExm04tY2HPXB_Z7tR2LTS1TyxkWr6zmM07IteA9398__nl12ezffdv5e6Jzj0BQigroijzUJIlXthb-uZkz5gbPaf11NQ1ozi0gaRt9YsdIm2rHxevV7Kv_Y-tHm31462u_SFRu2lE1tWRZkWpGFHhfYN714irqmCTwaCu6_6_iQZRMcD1gAx0qExPPfH0UHhWEFQSVKQxKdWqGzOMghIlRIXdi4SovCRLiqzw0rDLSpUHIhjj8VgUQgWEJCRgxEMeKKFCAJFEjBVFkUdDoZuouGBdXNJQZavcKMJLx6O_AZjfvZI&v=c1&r=https%3A%2F%2Fwww.amazon.com%2Fgp%2Faw%2Fd%2FB09LYR6YF2%3Fpd_rd_plhdr%3Dt%26hsa_cr_id%3D0%26qid%3D1787989173%26sr%3D1-6-5a5562f9-fdfd-4101-9f9d-d76aa9998432%26i%3Daps%26aref%3DsXoCpfvKRe&ref_=sbx__sbtcd2_asin_5_bkgd&pd_rd_w=sF6eT&content-id=amzn1.sym.90f77631-9599-4fe0-95f8-a40adfe1c762%3Aamzn1.sym.90f77631-9599-4fe0-95f8-a40adfe1c762&pf_rd_p=90f77631-9599-4fe0-95f8-a40adfe1c762&pf_rd_r=Q4CNJS1ASXZ4VZ96AWMC&pd_rd_wg=kJTbd&pd_rd_r=e3d10d14-3a4f-432f-b4ac-7f6d8ded22f5,"https://m.media-amazon.com/images/I/61aUZJII-mL._AC_SR322,134_CB1169409_QL70_.jpg",49,排名进入前30；价格处于人民币等值¥180.00-¥288.00区间；评分达到4.0以上。
2026-08-29,amazon_us,product,search,platform sandals women,19,"DREAM PAIRS Women's Hi-Chunk High Heel Pump Sandals | High Heels, Pump Sandals, Buckle DREAM PAIRS Women's Hi-Chunk High Heel Pump Sandals | High Heels, Pump Sandals, Buckle",¥201.53,4.1,4.1,,,,,,https://sponsored-ads.amazon.com/clk/?_encoding=UTF8&p=eAFVUMuK01AYpg7qEOqFLkaou4pdVE57TtrmUgmS29SY2lvaWmZzOM05ScOkSSYnTkYXfQpBfA7xAdy4cO0z-AiCrgQ7In6rD77L__MJ9PjTh6_fbtXu6IvV1HIddw0te96ooNZJwJLoCvNuKC83sOf3n8A1P18MTkzXXofIdN8gXr6ahS-2CnNflvOqCNtIkdpiV2nDsxuesTnW7cVze-54tQfCbcr4eZFmtepyPLfNyXDsnNlW_WNFeHStYM5I7m9xxnI_jUnBcJTEUcLwpghqAtmRt2nS9tNd_SHfAD8mnEc-OGTAwQky1LjJErz0Wn2-AcWW7RgFfhrHzC-iNAGXIrg-BnySUw4yEiUFy4GfJgVLCvGxMdfHFjYno5FtLpzJ2MPOeOSMbTxyVja2bM9dTKYNSajA-z--__zy67NVv_u38vBE454IIVRUSVIQlBUZiUdLzxocmVOz5daeWoZuZqcOkPW9cXFAqO-NWfZ6rXj6_9gb4d6Y7Q39DwnrVTO0r4a6HcZSyMT3FeFdZVsUGR90OmVZtv9N1AmzDik7tGNAGa2k06HbfZZRnFOcxVuaa0Vzywn2cxxRDTYvIqohWZFVRUVyt8lzDQEZ9Em_L4mBCgIaUNBDEAE1UCmgskSIqqpKrys2I41kvElyFmh8nZpZcOnO2W-AXb1b&v=c1&r=https%3A%2F%2Fwww.amazon.com%2Fgp%2Faw%2Fd%2FB071V6FGK3%3Fpd_rd_plhdr%3Dt%26hsa_cr_id%3D0%26qid%3D1787989173%26sr%3D1-7-5a5562f9-fdfd-4101-9f9d-d76aa9998432%26i%3Daps%26aref%3DsXoCpfvKRe&ref_=sbx__sbtcd2_asin_6_bkgd&pd_rd_w=sF6eT&content-id=amzn1.sym.90f77631-9599-4fe0-95f8-a40adfe1c762%3Aamzn1.sym.90f77631-9599-4fe0-95f8-a40adfe1c762&pf_rd_p=90f77631-9599-4fe0-95f8-a40adfe1c762&pf_rd_r=Q4CNJS1ASXZ4VZ96AWMC&pd_rd_wg=kJTbd&pd_rd_r=e3d10d14-3a4f-432f-b4ac-7f6d8ded22f5,"https://m.media-amazon.com/images/I/71+2UrdXWML._AC_SR322,134_CB1169409_QL70_.jpg",49,排名进入前30；价格处于人民币等值¥180.00-¥288.00区间；评分达到4.0以上。
2026-08-29,amazon_us,product,best_sellers,Best Sellers Women Sandals,18,SKETOE Kitten Heels for Women Square Toe Sandals Flip Flop Heels Thong Sandals Comfortable Summer 2 Inch Heels Sandals,,4.1,$28.99,,,,,,https://www.amazon.com/SKETOE-Kitten-Square-Sandals-Comfortable/dp/B0F4QHKCDM/ref=zg_bs_g_679425011_d_sccl_18/146-0249875-9735346?psc=1,"https://images-na.ssl-images-amazon.com/images/I/61WGe4p1FWL._AC_UL600_SR600,400_.jpg",48,排名进入前30；标题包含 comfort、summer，符合美国女鞋舒适化趋势；评分达到4.0以上。
2026-08-29,amazon_us,product,best_sellers,Best Sellers Women Sandals,21,"Coutgo Womens Kitten Heel Sandals Heeled Mules Pointed Open Toe High Heels | Comfortable, Sexy, Slip On, Backless, Dress Shoes, 3.2 Inch, Peep Toe, Wedding, Bridal, Party, Prom, Graduation",,4.3,$33.99,,,,,,https://www.amazon.com/Coutgo-Womens-Pointed-Backless-Sandals/dp/B0DG25L7P9/ref=zg_bs_g_679425011_d_sccl_21/146-0249875-9735346?psc=1,"https://images-na.ssl-images-amazon.com/images/I/61rZuSoH5yL._AC_UL600_SR600,400_.jpg",48,排名进入前30；标题包含 comfort，符合美国女鞋舒适化趋势；评分达到4.3以上。
2026-08-29,amazon_us,product,new_releases,New Releases Women Sandals,5,"CUSHIONAIRE Aqua Jelly Flip Flops for Women | Jelly Shoes Glossy Upper, Slip-On Thong Design, Open Round Toe, Quick-Dry Beach and Pool Friendly, Travel-Ready Resort Style",,3.3,$29.99,,,,,,https://www.amazon.com/CUSHIONAIRE-Jelly-Flops-Women-CHOCOLATE/dp/B0H6BZ8F8Y/ref=zg_bsnr_g_679425011_d_sccl_5/134-6137667-3217327?psc=1,"https://images-na.ssl-images-amazon.com/images/I/71LKwjHednL._AC_UL600_SR600,400_.jpg",48,排名靠前；标题包含 beach，符合美国女鞋舒适化趋势。
2026-08-29,amazon_us,product,new_releases,New Releases Women Sandals,18,"DREAM PAIRS Women's Kitten Strappy Heel Sandals | Slip On Heeled Sandals for Women, Open Toe Summer Sandals for Weddings, Parties, Work and Dressy Occasions",,4.7,$34.99,,,,,,https://www.amazon.com/DREAM-PAIRS-Womens-Strappy-Sandals/dp/B0H6J7N492/ref=zg_bsnr_g_679425011_d_sccl_18/134-6137667-3217327?psc=1,"https://images-na.ssl-images-amazon.com/images/I/615T5Gm9P5L._AC_UL600_SR600,400_.jpg",48,排名进入前30；标题包含 summer，符合美国女鞋舒适化趋势；评分达到4.6以上。
2026-08-29,amazon_us,product,new_releases,New Releases Women Sandals,26,"IDAWIVI Women's Strappy Kitten Heels Sandals Square Open Toe Low Heel shoes | Adjustable Ankle Strap with Comfort and Elegant Style for Weddings, Proms, Parties, Vacations & Daily Wear",,4.3,$33.02,,,,,,https://www.amazon.com/IDAWIVI-Strappy-Kitten-Heels-Sandals/dp/B0GWP9QTPD/ref=zg_bsnr_g_679425011_d_sccl_26/134-6137667-3217327?psc=1,"https://images-na.ssl-images-amazon.com/images/I/61rbXB6nhRL._AC_UL600_SR600,400_.jpg",48,排名进入前30；标题包含 comfort，符合美国女鞋舒适化趋势；评分达到4.3以上。
2026-08-29,amazon_us,product,new_releases,New Releases Women Sandals,28,"Vepose Women's Square Open Toe Heeled Sandals, Sculptural Low Heels | Dressy comfortable slip on sandals with cushioned feel, sculptural block heel, and looks for weddings, office, and summer",,4.2,$39.99,,,,,,https://www.amazon.com/Vepose-Womens-Square-Kitten-Sandals/dp/B0GYMSPVY4/ref=zg_bsnr_g_679425011_d_sccl_28/134-6137667-3217327?psc=1,"https://images-na.ssl-images-amazon.com/images/I/71CnzraHoCL._AC_UL600_SR600,400_.jpg",48,排名进入前30；标题包含 comfort、summer，符合美国女鞋舒适化趋势；评分达到4.0以上。
2026-08-29,amazon_us,product,new_releases,New Releases Women Sandals,16,Noctivelle Women Jelly Shoes Clear Mesh Flat Sandal V-Shaped Breathable Comfort Slip On Waterproof Transparent Summer Beach Pool Ballet Flats,,3.9,$22.99,,,,,,https://www.amazon.com/Noctivelle-Women-Clear-Flat-Transparent/dp/B0H5JVSQWM/ref=zg_bsnr_g_679425011_d_sccl_16/134-6137667-3217327?psc=1,"https://images-na.ssl-images-amazon.com/images/I/81WNgzdjKrL._AC_UL600_SR600,400_.jpg",47,排名进入前30；标题包含 comfort、beach、summer，符合美国女鞋舒适化趋势。
2026-08-29,amazon_us,product,new_releases,New Releases Women Sandals,41,Tidewater Flip Flops | Women's Arch Support | Comfortable Casual Sandals | Beach and Daily Wear | Made for Comfort and Style | Resort Wear | Everyday Comfort,,4.5,162,,,,,,https://www.amazon.com/Tidewater-Flip-Flops-Comfortable-Everyday/dp/B0H9YVWG43/ref=zg_bsnr_g_679425011_d_sccl_41/146-0249875-9735346?psc=1,"https://images-na.ssl-images-amazon.com/images/I/51EUsxNmtJL._AC_UL300_SR300,200_.jpg",47,排名进入前50；评论数达到50以上；标题包含 comfort、arch support、beach，符合美国女鞋舒适化趋势；评分达到4.3以上。
2026-08-29,amazon_us,product,new_releases,New Releases Women Sandals,17,"CUSHIONAIRE Ferry Espadrille Wedge Sandals for Women, Thong Platform Flip Flops with Cross Strap and Slip-On Design",,3.8,$49.99,,,,,,https://www.amazon.com/CUSHIONAIRE-Espadrille-Sandals-Platform-Design/dp/B0H42RFX4F/ref=zg_bsnr_g_679425011_d_sccl_17/134-6137667-3217327?psc=1,"https://images-na.ssl-images-amazon.com/images/I/71GxQiFftlL._AC_UL600_SR600,400_.jpg",46,排名进入前30；标题包含 platform、wedge，符合美国女鞋舒适化趋势。
2026-08-29,amazon_us,product,search,platform sandals women,43,"Suede Platform Sandals Women, Cork Footbed Espadrille Wedge Lady",¥107.93,3.8,"Price, product page $14.99 $ 14 . 99 List: $19.99 List: $19.99 $19.99",,,,,,https://www.amazon.com/BiuYorBTY-Platform-Espadrille-Slippers-Footwear/dp/B0DZ26XMC6/ref=sr_1_33?dib=eyJ2IjoiMSJ9.FeE0_a6UHuc-xCYeG4xNcaK8sbC3477sh56b8juuTlJUxSfTlH4yP0AzL-KzOs6qIvRUU7zLeBjp6ATGjgBe0wcYy53MDIB2swQ8pCxANN5BPt18Woq1O_3qAU7AM71-fm3Rrg_aujKSK9gc5a6QuOUlyBTlq0Zis-J7ouR63IT5ETYdLQ23w6GCR46jT693az0ghcS16FS25rojta4gsE6v5eqcqbg4TGNLy9dRYWD4-f0bOlhOD-vpVGq6EALC0KW8JauaV-f-CKuZPAlg1CvC3joheeVn3ADUpRK2jYM.Z0l2103CupNzIA8qNZmwD3GmVBdM2vVidAFcwTu07bw&dib_tag=se&keywords=platform+sandals+women&qid=1787989173&sr=8-33,https://m.media-amazon.com/images/I/61vqYnGa0gL._AC_UL320_.jpg,46,排名进入前50；价格处于人民币等值¥57.60-¥180.00黄金区间；标题包含 platform、wedge，符合美国女鞋舒适化趋势。
2026-08-29,amazon_us,product,best_sellers,Best Sellers Women Sandals,11,"DREAM PAIRS Women's Comfort Block Heel Sandals | Open Toe Adjustable Ankle Strap Chunky Dress Heels, Fashion Heeled Sandals for Prom, Wedding Guest and Formal Events",,4.2,$29.99,,,,,,https://www.amazon.com/DREAM-PAIRS-Womens-Chunk-Sandals/dp/B01LT7HVJA/ref=zg_bs_g_679425011_d_sccl_11/146-0249875-9735346?psc=1,"https://images-na.ssl-images-amazon.com/images/I/71Pi8-WnUlL._AC_UL600_SR600,400_.jpg",45,排名进入前30；标题包含 comfort，符合美国女鞋舒适化趋势；评分达到4.0以上。
2026-08-29,amazon_us,product,best_sellers,Best Sellers Women Sandals,12,"WHITIN Women's Slides with Cushioned Thick Sole Slippers for Home Wear Y13 | Comfort for Daily Wear, Waterproof & Easy to Clean, Indoor & Outdoor Versatility, Lightweight EVA for All-Day",,4.1,$9.99,,,,,,https://www.amazon.com/WHITIN-Slippers-Sandals-Fashionable-Lightweight/dp/B0C1C3MKLF/ref=zg_bs_g_679425011_d_sccl_12/146-0249875-9735346?psc=1,"https://images-na.ssl-images-amazon.com/images/I/71nA8egRirL._AC_UL600_SR600,400_.jpg",45,排名进入前30；标题包含 comfort，符合美国女鞋舒适化趋势；评分达到4.0以上。
2026-08-29,amazon_us,product,best_sellers,Best Sellers Women Sandals,13,Clarks Women's Breeze Sea Flip-Flop,,4.7,$44.56,,,,,,https://www.amazon.com/Clarks-Womens-Breeze-Black-Synthetic/dp/B01FH9EEGE/ref=zg_bs_g_679425011_d_sccl_13/146-0249875-9735346?psc=1,"https://images-na.ssl-images-amazon.com/images/I/61f5Z2idq9L._AC_UL600_SR600,400_.jpg",45,排名进入前30；评分达到4.6以上。
2026-08-29,amazon_us,product,best_sellers,Best Sellers Women Sandals,14,"Weweya Slides for Women Men Shower Shoes House Slippers Beach Sandals | Bathroom, Non Slip, Lightweight",,4.4,$9.98,,,,,,https://www.amazon.com/Weweya-Shower-Bathroom-Slippers-Sandals/dp/B0F1XJ9TM4/ref=zg_bs_g_679425011_d_sccl_14/146-0249875-9735346?psc=1,"https://images-na.ssl-images-amazon.com/images/I/718rk3GaK+L._AC_UL600_SR600,400_.jpg",45,排名进入前30；标题包含 beach，符合美国女鞋舒适化趋势；评分达到4.3以上。
2026-08-29,amazon_us,product,best_sellers,Best Sellers Women Sandals,29,Havaianas Women's Slim Sandals | Casual Sandals,,4.6,$26.00,,,,,,https://www.amazon.com/Havaianas-Womens-Slim-Sandal-Black/dp/B000NBGN2A/ref=zg_bs_g_679425011_d_sccl_29/146-0249875-9735346?psc=1,"https://images-na.ssl-images-amazon.com/images/I/61JHkRJJEFL._AC_UL600_SR600,400_.jpg",45,排名进入前30；评分达到4.6以上。
2026-08-29,amazon_us,product,new_releases,New Releases Women Sandals,2,CUSHIONAIRE Riot Jelly Thong Kitten Heels for Women,,3.7,$39.99,,,,,,https://www.amazon.com/CUSHIONAIRE-Jelly-Thong-Kitten-CHOCOLATE/dp/B0H6C2T8B3/ref=zg_bsnr_g_679425011_d_sccl_2/134-6137667-3217327?psc=1,"https://images-na.ssl-images-amazon.com/images/I/71cl7MmlX-L._AC_UL600_SR600,400_.jpg",45,排名靠前。
2026-08-29,amazon_us,product,new_releases,New Releases Women Sandals,11,"DREAM PAIRS Women's Stiletto Kitten Heeled Sandals | Pointed Open Toe Chunky Block Heels, Heeled Sandals Wedding Bridal Party, 3.78-inch stiletto heel Comfortable Shoes",,4.1,$39.99,,,,,,https://www.amazon.com/DREAM-PAIRS-Womens-Stiletto-Sandals/dp/B0H2TR91HX/ref=zg_bsnr_g_679425011_d_sccl_11/134-6137667-3217327?psc=1,"https://images-na.ssl-images-amazon.com/images/I/61UGcx94nZL._AC_UL600_SR600,400_.jpg",45,排名进入前30；标题包含 comfort，符合美国女鞋舒适化趋势；评分达到4.0以上。
2026-08-29,amazon_us,product,new_releases,New Releases Women Sandals,21,"ISNOM Women's Mesh Square Toe Kitten Heel Sandals Ankle Strap Dress Shoes | Kitten Heels with Mesh Upper, Square Toe, Low Heels Comfort Design, Stylish Dress Sandals for Daily Wear",,4.2,$47.49,,,,,,https://www.amazon.com/ISNOM-Kitten-Square-Sandals-Size7-5/dp/B0H3KR4DMK/ref=zg_bsnr_g_679425011_d_sccl_21/134-6137667-3217327?psc=1,"https://images-na.ssl-images-amazon.com/images/I/51FE8j01JzL._AC_UL600_SR600,400_.jpg",45,排名进入前30；标题包含 comfort，符合美国女鞋舒适化趋势；评分达到4.0以上。
2026-08-29,amazon_us,product,new_releases,New Releases Women Sandals,23,threepurple Women's Non-Slip Flip Flops Ultra Lightweight Basic Thongs Rubber Soft Slide Slip-on Shoes Beach Pool Shower Sandals,,4.1,$7.99,,,,,,https://www.amazon.com/threepurple-Womens-Non-Slip-Lightweight-Sandals/dp/B0HB8ZZ2YB/ref=zg_bsnr_g_679425011_d_sccl_23/134-6137667-3217327?psc=1,"https://images-na.ssl-images-amazon.com/images/I/71-qSzOW17L._AC_UL600_SR600,400_.jpg",45,排名进入前30；标题包含 soft、beach，符合美国女鞋舒适化趋势；评分达到4.0以上。
2026-08-29,amazon_us,product,search,platform sandals women,1,4.1,,,4.1,,,,,,https://aax-us-east-retail-direct.amazon.com/x/c/JO-E_Ngqn6bh7Hd0OzC7zSMAAAGgTHWmRQEAAAH2AQBvbm9fdHhuX2JpZDUgICBvbm9fdHhuX2ltcDIgICC2Oig7/clv1c_ek-wBfHXLcTWXmxhtxdAiFwLMKlTuQp9ZSQZD7rsjclUTBUdFgjr45JIXYTkWitr8JXd3dvEcDr_HTkNg6IW3kUwVLd4S9ChM4o8mk1AhF1UDyCtIqQt1J0dZv15hsKQl62Mvp6cwGiNdC8vq31COHuY8N2bmkVqE6JRj7er2KC_iaqdlAqPbd58xhlqpImCTMXhas80tgPF1-jVh6FQc-71D9a1CEyMLowBsiENzjiysz4ouKpUEYQJEYO0F26RuxvQYqtptw94OEEbILL0xEUH3Jq67Ir2wb8e_ZzRhx3w2VN9LzLj-BGUi25FNDBI-k8nwoy0Lc6FarEBuiuoV8EVOvv0WJ3TFHEINtuG3OCPGNOS_IN4DAHWksQYGPK0v8M4KCiBtRfOVp5X-RaZmb4XGv18G9PvuEu2yu1mdqXw_s77v_COuxoOcadSPmc2F3TekhElmqa9W-EJPDY1QfD4iXjN84dZPh4iIiWNez6tAKaFgMoZshxiDd2gkiQ0XsvSMNXgrgfZ1F9RhqbffJHQaR3nEk5uTmGJZZwXvu2xXCYh2XFg-Ymq44_bYk2IP_JqB7DqYNioIH1OzBgaYt4sShx7py0CeKVsZzkBEx2gWuAfD0KoYiL3H1ZtMkPUTiuIugCQC_E99IIq44j0Mr0eugDBz-6_jBl-V4BM4_wnl2X4muHKY5LlrHj5Uph434tr80jia456EaZqLAlBEmUBJnuSg9yoIISJ9yGt2j-qidUWnxaKujuAMPVjwzxWRoC2wwoIPWjues0EaJmeQVtBRqxgu4LfXpPojvNYyBk919_5FbtHUtMbHVt86NfXBhNeHBAZImwrVGkjC-292pdTKrPuyEYp9r6KMPxvbIyoPzeaGHrn1ehfgLUfiQIfOv33JHQfupTLSvthq3plvK_ad-Pw6_R_D57IlX4mKqtzdYJ2v3vJjDLJMuV29I5Muu7ZpPfXgwpTaV5yzCeIHmI-muYHQzzYWBTsKyw181HnmkExZ1nlcwCSHORIyRdpp5f1Sa6jrq9aujkRKZMF998HnVEfmpyBHx8oaFL2Rn2BGvDFMoWOw8sY0dLEmuCHPv_Flmpmd7ry0Ru8adcbc78CbW0iMhyfJYSBYNQ21DTzCGajZsA6WiOD6N6wySEBWxgM462sIjgdKbKrz5RllRsVBJrDfMGjBuwhZ887F1U4IlP-gn2MnRd36hLn4Hbm8SHLuT0aqPwtFxo6q0dh4Hpv58ntWJ8HKH_5NrFgPkPGd1wtN9ErIBk6eQqvcJ5j66nn3Rfi4iMQuz3iyYAl9HgF5MP59KU3x3JDPij9WQsWYy06nqJ0kTzuujWZPVHMDnFPcpw77kuQcVD0JI7zpSUNlcRxxBO4HOn2h08OhCir9DLFCox9R2f1Q6ZvYSWvvCqdSxCBeMl7tNARIfBIQ_icyIpakkogXMLJZgOZLAO-WOOJQRR0qlgAi7McaRW_b7X9CssndHhki_pELQUjuqgD0WcRgOGg_jGiWY4eWzGhIRjaJp4cDlO_pHvJf_CxPyHSNHYaXtDzs5v1npW8b3D-i7SoIvYFffieUiuSdRClw3nE5zWQVC54xplTj1nxtP5hkvXjNUOuXGJe-dRnwHIYUehS-zwHIFOpltUythEycoI/https://www.amazon.com/dp/B0F648DCD4/?_encoding=UTF8&pd_rd_i=B0F648DCD4&ref_=sbx_be_s_sparkle_ssd_img&qid=1787989173&pd_rd_w=SfZUU&content-id=amzn1.sym.8de9b3d5-f5c5-40e9-9b39-d65f08d6ea68%3Aamzn1.sym.8de9b3d5-f5c5-40e9-9b39-d65f08d6ea68&pf_rd_p=8de9b3d5-f5c5-40e9-9b39-d65f08d6ea68&pf_rd_r=Q4CNJS1ASXZ4VZ96AWMC&pd_rd_wg=zgDTH&pd_rd_r=c347c7f4-1fda-4240-ad7d-d3b0963c36e4&pd_rd_plhdr=t,"https://m.media-amazon.com/images/I/41xDdS4grOL._AC_SR250,250_QL65_.jpg",45,排名靠前。
2026-08-29,amazon_us,product,best_sellers,Best Sellers Women Sandals,35,"Reef Cushion Vista Hi Womens Platform Fashion Sandal, Arch Support, Ultra Soft Cushion Footbed",,4.3,$38.02,,,,,,https://www.amazon.com/Reef-Womens-Cushion-Vista-Hi/dp/B09K8WMWN6/ref=zg_bs_g_679425011_d_sccl_35/146-0249875-9735346?psc=1,"https://images-na.ssl-images-amazon.com/images/I/61wij8MIiAL._AC_UL300_SR300,200_.jpg",44,排名进入前50；标题包含 platform、arch support、soft，符合美国女鞋舒适化趋势；评分达到4.3以上。
2026-08-29,amazon_us,product,new_releases,New Releases Women Sandals,15,"DREAM PAIRS Women's Kitten Low Heel Ankle Strap Sandals | Square Open Toe Summer Sandals, Comfortable for Women 2026 Fashion Dress Wedding Party Shoes",,3.9,$35.99,,,,,,https://www.amazon.com/DREAM-PAIRS-Womens-Kitten-Sandals/dp/B0GY3S5ZWW/ref=zg_bsnr_g_679425011_d_sccl_15/134-6137667-3217327?psc=1,"https://images-na.ssl-images-amazon.com/images/I/61n6gngVKOL._AC_UL600_SR600,400_.jpg",44,排名进入前30；标题包含 comfort、summer，符合美国女鞋舒适化趋势。
2026-08-29,amazon_us,product,search,women summer slippers,19,Women's Corduroy Memory Foam Open Toe House Slippers,¥50.33,4.1,"Price, product page $6.99 $ 6 . 99 List: $13.99 List: $13.99 $13.99",,,,,,https://www.amazon.com/Eunoia-Soles-Slippers-Corduroy-Footwear/dp/B0G3L297DG/ref=sr_1_10?dib=eyJ2IjoiMSJ9.cpz8XkOX9cIJbkn7CD_e_aCf7kcJGHLJcAXl6cbTNngbIrmPMRewLUw75ar_rXg8bgtjCTtOVzUkE31Af3d_V7ivXxbXSHQLK89T_FEF1lKO9jywNyE4vmpO3_rvU2KNEXJ6lgVFk5iS8F-9J44PRjyxJqPJ3lbXBBRO6ldt2GuleIcKnZG_H-8pVXQF2SEPV-SRFIbkfoZLT41JXrE1IjmVGALOHocIgX_0A0GB7ZEb5XoYiGcef_j3FsRraT6mxz87oo3xOiQwhTeofHZKPkOo9dTiYVhGu86jqRHW3ho.71IuQR5wmrTliRCpeXb8HkCvio2byPAvM30I9TCEp-I&dib_tag=se&keywords=women+summer+slippers&qid=1787989172&sr=8-10,https://m.media-amazon.com/images/I/71aiUCTLD0L._AC_UL320_.jpg,44,排名进入前30；价格低于人民币等值¥57.60；评分达到4.0以上。
2026-08-29,amazon_us,product,search,women summer slippers,42,Women and Men Linen House Slippers Indoor,¥100.73,4.1,100+ bought in past month,,,,,,https://www.amazon.com/EitCaton-Slippers-Non-Slip-Open-Toe-Washable/dp/B0DVR24MMK/ref=sr_1_33?dib=eyJ2IjoiMSJ9.cpz8XkOX9cIJbkn7CD_e_aCf7kcJGHLJcAXl6cbTNngbIrmPMRewLUw75ar_rXg8bgtjCTtOVzUkE31Af3d_V7ivXxbXSHQLK89T_FEF1lKO9jywNyE4vmpO3_rvU2KNEXJ6lgVFk5iS8F-9J44PRjyxJqPJ3lbXBBRO6ldt2GuleIcKnZG_H-8pVXQF2SEPV-SRFIbkfoZLT41JXrE1IjmVGALOHocIgX_0A0GB7ZEb5XoYiGcef_j3FsRraT6mxz87oo3xOiQwhTeofHZKPkOo9dTiYVhGu86jqRHW3ho.71IuQR5wmrTliRCpeXb8HkCvio2byPAvM30I9TCEp-I&dib_tag=se&keywords=women+summer+slippers&qid=1787989172&sr=8-33,https://m.media-amazon.com/images/I/81HinGlzSrL._AC_UL320_.jpg,44,排名进入前50；评论数达到50以上；价格处于人民币等值¥57.60-¥180.00黄金区间；评分达到4.0以上。
2026-08-29,amazon_us,product,best_sellers,Best Sellers Women Sandals,26,"ZUVARI Kitten Heels for Women, Square Toe Flip Flop Kitten Heel Sandals | 2.16 In Thong Heels, Non-Slip Outsole and Easy Slip-On Dressy Summer Heeled Sandals",,4.1,$28.79,,,,,,https://www.amazon.com/ZUVARI-Kitten-Square-Sandals-Dressy/dp/B0GBWZWFDJ/ref=zg_bs_g_679425011_d_sccl_26/146-0249875-9735346?psc=1,"https://images-na.ssl-images-amazon.com/images/I/51r5FYMKLKL._AC_UL600_SR600,400_.jpg",42,排名进入前30；标题包含 summer，符合美国女鞋舒适化趋势；评分达到4.0以上。
2026-08-29,amazon_us,product,best_sellers,Best Sellers Women Sandals,34,"UBFEN Womens Hiking Sandals with Comfortable Arch Support | Lightweight, Adjustable Straps, Water Sandals for All-Day Wear, Beach, Vacation, Camping, Walking, Sport",,4.5,$39.99,,,,,,https://www.amazon.com/UBFEN-Sandals-Adjustable-Support-Vacation/dp/B0DQ7YQ2MD/ref=zg_bs_g_679425011_d_sccl_34/146-0249875-9735346?psc=1,"https://images-na.ssl-images-amazon.com/images/I/71kBI1vUNtL._AC_UL300_SR300,200_.jpg",42,排名进入前50；标题包含 comfort、arch support、beach，符合美国女鞋舒适化趋势；评分达到4.3以上。
2026-08-29,amazon_us,product,best_sellers,Best Sellers Women Sandals,38,"FUNKYMONKEY Women's Comfort Slides Non-Slip Lightweight Flat Beach Sandals | Adjustable Buckle Plastic Sandals with Arch Support, Waterproof Non-Slip Summer Slippers for Pool, Shower & Daily Wear",,4.1,$18.99,,,,,,https://www.amazon.com/FUNKYMONKEY-Comfort-Adjustable-Sandals-US-Women/dp/B07CV9YZBB/ref=zg_bs_g_679425011_d_sccl_38/146-0249875-9735346?psc=1,"https://images-na.ssl-images-amazon.com/images/I/51o3wxcasIL._AC_UL300_SR300,200_.jpg",42,排名进入前50；标题包含 comfort、arch support、beach、summer，符合美国女鞋舒适化趋势；评分达到4.0以上。
2026-08-29,amazon_us,product,new_releases,New Releases Women Sandals,29,GOUPSKY Women's Chunky Heel Mules Slip On Square Open Toe Mesh Sandals Summer Dressy Block Heeled Shoes for Vacation Party Wedding,,4.0,$39.98,,,,,,https://www.amazon.com/GOUPSKY-Chunky-Strappy-Sandals-Wedding/dp/B0H3K79DQZ/ref=zg_bsnr_g_679425011_d_sccl_29/134-6137667-3217327?psc=1,"https://images-na.ssl-images-amazon.com/images/I/61+tXDj5jBL._AC_UL600_SR600,400_.jpg",42,排名进入前30；标题包含 summer，符合美国女鞋舒适化趋势；评分达到4.0以上。
2026-08-29,amazon_us,product,new_releases,New Releases Women Sandals,36,GETOEU Arch Support Flip Flops for Women Square Toe Thong Sandals Comfortable Summer Beach Lightweight Flip Flops,,4.2,$9.99,,,,,,https://www.amazon.com/GETOEU-Support-Sandals-Comfortable-Lightweight/dp/B0H33X2P5N/ref=zg_bsnr_g_679425011_d_sccl_36/146-0249875-9735346?psc=1,"https://images-na.ssl-images-amazon.com/images/I/812JKZIwOpL._AC_UL300_SR300,200_.jpg",42,排名进入前50；标题包含 comfort、arch support、beach、summer，符合美国女鞋舒适化趋势；评分达到4.0以上。
2026-08-29,amazon_us,product,search,women summer slippers,33,HomeTop,¥122.33,4.4,HomeTop,,,,,,https://www.amazon.com/Womens-Comfort-Cotton-Slippers-Anti-Skid/dp/B07J5QBSWK/ref=sr_1_24?dib=eyJ2IjoiMSJ9.cpz8XkOX9cIJbkn7CD_e_aCf7kcJGHLJcAXl6cbTNngbIrmPMRewLUw75ar_rXg8bgtjCTtOVzUkE31Af3d_V7ivXxbXSHQLK89T_FEF1lKO9jywNyE4vmpO3_rvU2KNEXJ6lgVFk5iS8F-9J44PRjyxJqPJ3lbXBBRO6ldt2GuleIcKnZG_H-8pVXQF2SEPV-SRFIbkfoZLT41JXrE1IjmVGALOHocIgX_0A0GB7ZEb5XoYiGcef_j3FsRraT6mxz87oo3xOiQwhTeofHZKPkOo9dTiYVhGu86jqRHW3ho.71IuQR5wmrTliRCpeXb8HkCvio2byPAvM30I9TCEp-I&dib_tag=se&keywords=women+summer+slippers&qid=1787989172&sr=8-24,https://m.media-amazon.com/images/I/71h+wvVaLcL._AC_UL320_.jpg,42,排名进入前50；价格处于人民币等值¥57.60-¥180.00黄金区间；评分达到4.3以上。
2026-08-29,amazon_us,product,search,women summer slippers,36,Dearfoams,¥129.53,4.3,Dearfoams,,,,,,https://www.amazon.com/Dearfoams-womens-Slipper-Dusty-Large/dp/B083VY1Q3M/ref=sr_1_27?dib=eyJ2IjoiMSJ9.cpz8XkOX9cIJbkn7CD_e_aCf7kcJGHLJcAXl6cbTNngbIrmPMRewLUw75ar_rXg8bgtjCTtOVzUkE31Af3d_V7ivXxbXSHQLK89T_FEF1lKO9jywNyE4vmpO3_rvU2KNEXJ6lgVFk5iS8F-9J44PRjyxJqPJ3lbXBBRO6ldt2GuleIcKnZG_H-8pVXQF2SEPV-SRFIbkfoZLT41JXrE1IjmVGALOHocIgX_0A0GB7ZEb5XoYiGcef_j3FsRraT6mxz87oo3xOiQwhTeofHZKPkOo9dTiYVhGu86jqRHW3ho.71IuQR5wmrTliRCpeXb8HkCvio2byPAvM30I9TCEp-I&dib_tag=se&keywords=women+summer+slippers&qid=1787989172&sr=8-27,https://m.media-amazon.com/images/I/716X6dZXCuL._AC_UL320_.jpg,42,排名进入前50；价格处于人民币等值¥57.60-¥180.00黄金区间；评分达到4.3以上。
2026-08-29,amazon_us,product,search,women summer slippers,39,Evshine,¥71.93,4.4,Evshine,,,,,,https://www.amazon.com/Evshine-Slippers-Bedroom-Corduroy-Outdoor/dp/B0FFZ8GWMZ/ref=sr_1_30?dib=eyJ2IjoiMSJ9.cpz8XkOX9cIJbkn7CD_e_aCf7kcJGHLJcAXl6cbTNngbIrmPMRewLUw75ar_rXg8bgtjCTtOVzUkE31Af3d_V7ivXxbXSHQLK89T_FEF1lKO9jywNyE4vmpO3_rvU2KNEXJ6lgVFk5iS8F-9J44PRjyxJqPJ3lbXBBRO6ldt2GuleIcKnZG_H-8pVXQF2SEPV-SRFIbkfoZLT41JXrE1IjmVGALOHocIgX_0A0GB7ZEb5XoYiGcef_j3FsRraT6mxz87oo3xOiQwhTeofHZKPkOo9dTiYVhGu86jqRHW3ho.71IuQR5wmrTliRCpeXb8HkCvio2byPAvM30I9TCEp-I&dib_tag=se&keywords=women+summer+slippers&qid=1787989172&sr=8-30,https://m.media-amazon.com/images/I/81L2e-mi2FL._AC_UL320_.jpg,42,排名进入前50；价格处于人民币等值¥57.60-¥180.00黄金区间；评分达到4.3以上。
2026-08-29,amazon_us,product,search,women slides,21,Nike,¥396.00,4.2,Nike,,,,,,https://www.amazon.com/Nike-Womens-Slides-Sandal-Pink-Pearl/dp/B0F8S9MQHP/ref=sr_1_15?dib=eyJ2IjoiMSJ9.wrqHnvIFpzxZDCy1gVq3f2HcNswV2RaHhxwkGjsTd_VtjGXiextupGar-rBX1lUaKzd5DY8KHIwWO14zztZiiqaKRIy9Bpse0biEhLxzGrkKEshXIdcAq5QNVOX-_pTKdDg8GdJE1S8se_FAdxXNds0DnIeWRguwy9RTJv-KTowyXaHIv083cW3KXk8CW1iaxExW3KOV2NKWIx-7wFCr8gwvOfC2tTeism2kDn7IN8Q6bkmJliwJiV1fSmXC0mSbpUwKVVzdUA6J5hKZAINX4jm-r5yTtFTbDaogY65Y4vc.cbG6ddtmc9mMyZjgOLKVQ6kYku8NatNyt6IGG-y2p8o&dib_tag=se&keywords=women+slides&qid=1787989173&sr=8-15,https://m.media-amazon.com/images/I/51z4fzmeiWL._AC_UL320_.jpg,42,排名进入前30；价格高于人民币等值¥288.00；评分达到4.0以上。
2026-08-29,amazon_us,product,search,women slides,40,adidas,¥107.42,4.5,adidas,,,,,,https://www.amazon.com/adidas-Unisex-Adult-Adissage-360Rec-Black/dp/B0F33ZQRLK/ref=sr_1_34?dib=eyJ2IjoiMSJ9.wrqHnvIFpzxZDCy1gVq3f2HcNswV2RaHhxwkGjsTd_VtjGXiextupGar-rBX1lUaKzd5DY8KHIwWO14zztZiiqaKRIy9Bpse0biEhLxzGrkKEshXIdcAq5QNVOX-_pTKdDg8GdJE1S8se_FAdxXNds0DnIeWRguwy9RTJv-KTowyXaHIv083cW3KXk8CW1iaxExW3KOV2NKWIx-7wFCr8gwvOfC2tTeism2kDn7IN8Q6bkmJliwJiV1fSmXC0mSbpUwKVVzdUA6J5hKZAINX4jm-r5yTtFTbDaogY65Y4vc.cbG6ddtmc9mMyZjgOLKVQ6kYku8NatNyt6IGG-y2p8o&dib_tag=se&keywords=women+slides&qid=1787989173&sr=8-34,https://m.media-amazon.com/images/I/5107AkV5sAL._AC_UL320_.jpg,42,排名进入前50；价格处于人民币等值¥57.60-¥180.00黄金区间；评分达到4.3以上。
2026-08-29,amazon_us,product,search,women slides,41,welltree,¥100.73,4.3,welltree,,,,,,https://www.amazon.com/welltree-Slippers-Non-Slip-Bathroom-Sandals/dp/B09JVKT6L8/ref=sr_1_35?dib=eyJ2IjoiMSJ9.wrqHnvIFpzxZDCy1gVq3f2HcNswV2RaHhxwkGjsTd_VtjGXiextupGar-rBX1lUaKzd5DY8KHIwWO14zztZiiqaKRIy9Bpse0biEhLxzGrkKEshXIdcAq5QNVOX-_pTKdDg8GdJE1S8se_FAdxXNds0DnIeWRguwy9RTJv-KTowyXaHIv083cW3KXk8CW1iaxExW3KOV2NKWIx-7wFCr8gwvOfC2tTeism2kDn7IN8Q6bkmJliwJiV1fSmXC0mSbpUwKVVzdUA6J5hKZAINX4jm-r5yTtFTbDaogY65Y4vc.cbG6ddtmc9mMyZjgOLKVQ6kYku8NatNyt6IGG-y2p8o&dib_tag=se&keywords=women+slides&qid=1787989173&sr=8-35,https://m.media-amazon.com/images/I/51gpb9lx2LL._AC_UL320_.jpg,42,排名进入前50；价格处于人民币等值¥57.60-¥180.00黄金区间；评分达到4.3以上。
2026-08-29,amazon_us,product,search,women slides,43,ODOLY,¥179.86,4.5,ODOLY,,,,,,https://www.amazon.com/ODOLY-Footbed-Comfortable-Sandals-Adjustable/dp/B0CSMPY4FL/ref=sr_1_37?dib=eyJ2IjoiMSJ9.wrqHnvIFpzxZDCy1gVq3f2HcNswV2RaHhxwkGjsTd_VtjGXiextupGar-rBX1lUaKzd5DY8KHIwWO14zztZiiqaKRIy9Bpse0biEhLxzGrkKEshXIdcAq5QNVOX-_pTKdDg8GdJE1S8se_FAdxXNds0DnIeWRguwy9RTJv-KTowyXaHIv083cW3KXk8CW1iaxExW3KOV2NKWIx-7wFCr8gwvOfC2tTeism2kDn7IN8Q6bkmJliwJiV1fSmXC0mSbpUwKVVzdUA6J5hKZAINX4jm-r5yTtFTbDaogY65Y4vc.cbG6ddtmc9mMyZjgOLKVQ6kYku8NatNyt6IGG-y2p8o&dib_tag=se&keywords=women+slides&qid=1787989173&sr=8-37,https://m.media-amazon.com/images/I/61OMlYEdkQL._AC_UL320_.jpg,42,排名进入前50；价格处于人民币等值¥57.60-¥180.00黄金区间；评分达到4.3以上。
2026-08-29,amazon_us,product,search,women slides,50,Spesoul,¥122.33,4.4,Spesoul,,,,,,https://www.amazon.com/Womens-Slippers-Indoor-Outdoor-Sandals/dp/B07Q1NHLZC/ref=sr_1_44?dib=eyJ2IjoiMSJ9.wrqHnvIFpzxZDCy1gVq3f2HcNswV2RaHhxwkGjsTd_VtjGXiextupGar-rBX1lUaKzd5DY8KHIwWO14zztZiiqaKRIy9Bpse0biEhLxzGrkKEshXIdcAq5QNVOX-_pTKdDg8GdJE1S8se_FAdxXNds0DnIeWRguwy9RTJv-KTowyXaHIv083cW3KXk8CW1iaxExW3KOV2NKWIx-7wFCr8gwvOfC2tTeism2kDn7IN8Q6bkmJliwJiV1fSmXC0mSbpUwKVVzdUA6J5hKZAINX4jm-r5yTtFTbDaogY65Y4vc.cbG6ddtmc9mMyZjgOLKVQ6kYku8NatNyt6IGG-y2p8o&dib_tag=se&keywords=women+slides&qid=1787989173&sr=8-44,https://m.media-amazon.com/images/I/7160g5DAKLL._AC_UL320_.jpg,42,排名进入前50；价格处于人民币等值¥57.60-¥180.00黄金区间；评分达到4.3以上。
2026-08-29,amazon_us,product,search,platform sandals women,45,Project Cloud,¥215.28,4.2,Project Cloud,,,,,,https://www.amazon.com/Project-Cloud-Platform-Sandals-Footwear/dp/B0FWTW9F7T/ref=sr_1_35?dib=eyJ2IjoiMSJ9.FeE0_a6UHuc-xCYeG4xNcaK8sbC3477sh56b8juuTlJUxSfTlH4yP0AzL-KzOs6qIvRUU7zLeBjp6ATGjgBe0wcYy53MDIB2swQ8pCxANN5BPt18Woq1O_3qAU7AM71-fm3Rrg_aujKSK9gc5a6QuOUlyBTlq0Zis-J7ouR63IT5ETYdLQ23w6GCR46jT693az0ghcS16FS25rojta4gsE6v5eqcqbg4TGNLy9dRYWD4-f0bOlhOD-vpVGq6EALC0KW8JauaV-f-CKuZPAlg1CvC3joheeVn3ADUpRK2jYM.Z0l2103CupNzIA8qNZmwD3GmVBdM2vVidAFcwTu07bw&dib_tag=se&keywords=platform+sandals+women&qid=1787989173&sr=8-35,https://m.media-amazon.com/images/I/61qBT+OMRmL._AC_UL320_.jpg,42,排名进入前50；价格处于人民币等值¥180.00-¥288.00区间；标题包含 cloud，符合美国女鞋舒适化趋势；评分达到4.0以上。
2026-08-29,amazon_us,product,new_releases,New Releases Women Sandals,22,IDIFU IN1 Kitten Flip Flop Heels for Women Square Open Toe Low Heel | Wedding Bride Graduation Party Slide Dress Shoes Comfortable Cute Trendy Casual Thong Slip On Strappy Low Heeled Sandals,,3.9,$29.99,,,,,,https://www.amazon.com/IDIFU-Gold-Heels-Kitten-Square/dp/B0H33K63NB/ref=zg_bsnr_g_679425011_d_sccl_22/134-6137667-3217327?psc=1,"https://images-na.ssl-images-amazon.com/images/I/612hFK868jL._AC_UL600_SR600,400_.jpg",41,排名进入前30；标题包含 comfort，符合美国女鞋舒适化趋势。
2026-08-29,amazon_us,product,search,platform sandals women,50,Platform Sandals for Women Fashion Chunky Ankle Buckle Casual,¥410.26,4.2,100+ bought in past month,,,,,,https://www.amazon.com/KIFIWUI-Platform-Comfortable-Decoration-Fisherman/dp/B0F7X21PJV/ref=sr_1_40?dib=eyJ2IjoiMSJ9.FeE0_a6UHuc-xCYeG4xNcaK8sbC3477sh56b8juuTlJUxSfTlH4yP0AzL-KzOs6qIvRUU7zLeBjp6ATGjgBe0wcYy53MDIB2swQ8pCxANN5BPt18Woq1O_3qAU7AM71-fm3Rrg_aujKSK9gc5a6QuOUlyBTlq0Zis-J7ouR63IT5ETYdLQ23w6GCR46jT693az0ghcS16FS25rojta4gsE6v5eqcqbg4TGNLy9dRYWD4-f0bOlhOD-vpVGq6EALC0KW8JauaV-f-CKuZPAlg1CvC3joheeVn3ADUpRK2jYM.Z0l2103CupNzIA8qNZmwD3GmVBdM2vVidAFcwTu07bw&dib_tag=se&keywords=platform+sandals+women&qid=1787989173&sr=8-40,https://m.media-amazon.com/images/I/71-etU3EJ4L._AC_UL320_.jpg,40,排名进入前50；评论数达到50以上；价格高于人民币等值¥288.00；标题包含 platform，符合美国女鞋舒适化趋势；评分达到4.0以上。
2026-08-29,amazon_us,product,best_sellers,Best Sellers Women Sandals,22,PiePieBuy Women's Lace Up Heeled Sandals Square Flip Flop High Heels Strappy Party Shoes,,4.1,$24.98,,,,,,https://www.amazon.com/PiePieBuy-Womens-Kitten-Sandals-Square/dp/B09N3LZTJX/ref=zg_bs_g_679425011_d_sccl_22/146-0249875-9735346?psc=1,"https://images-na.ssl-images-amazon.com/images/I/61L4UgP8LlL._AC_UL600_SR600,400_.jpg",39,排名进入前30；评分达到4.0以上。
2026-08-29,amazon_us,product,new_releases,New Releases Women Sandals,37,"ZURIN Women Shower Shoes Quick Dry Flip Flops, Pool Flip Flops for Women | Comfortable, Arch Support, Drainage Holes, Non Slip, for Beach Bath Gym College Dorm",,4.1,$11.99,,,,,,https://www.amazon.com/ZURIN-Support%EF%BC%8CPool-Drainage-Sandals-Slippers/dp/B0GZVHXYJS/ref=zg_bsnr_g_679425011_d_sccl_37/146-0249875-9735346?psc=1,"https://images-na.ssl-images-amazon.com/images/I/71mdYp+i5oL._AC_UL300_SR300,200_.jpg",39,排名进入前50；标题包含 comfort、arch support、beach，符合美国女鞋舒适化趋势；评分达到4.0以上。
2026-08-29,amazon_us,product,search,women summer slippers,34,GOEWY,¥129.53,4.2,GOEWY,,,,,,https://www.amazon.com/GOEWY-House-Slippers-Summer-Memory/dp/B0GVYCBV2P/ref=sr_1_25?dib=eyJ2IjoiMSJ9.cpz8XkOX9cIJbkn7CD_e_aCf7kcJGHLJcAXl6cbTNngbIrmPMRewLUw75ar_rXg8bgtjCTtOVzUkE31Af3d_V7ivXxbXSHQLK89T_FEF1lKO9jywNyE4vmpO3_rvU2KNEXJ6lgVFk5iS8F-9J44PRjyxJqPJ3lbXBBRO6ldt2GuleIcKnZG_H-8pVXQF2SEPV-SRFIbkfoZLT41JXrE1IjmVGALOHocIgX_0A0GB7ZEb5XoYiGcef_j3FsRraT6mxz87oo3xOiQwhTeofHZKPkOo9dTiYVhGu86jqRHW3ho.71IuQR5wmrTliRCpeXb8HkCvio2byPAvM30I9TCEp-I&dib_tag=se&keywords=women+summer+slippers&qid=1787989172&sr=8-25,https://m.media-amazon.com/images/I/71mtwAgrcLL._AC_UL320_.jpg,39,排名进入前50；价格处于人民币等值¥57.60-¥180.00黄金区间；评分达到4.0以上。
2026-08-29,amazon_us,product,search,women summer slippers,38,Dokela,¥71.93,4.2,Dokela,,,,,,https://www.amazon.com/Dokela-Womens-Slippers-Breathable-Indoor/dp/B0GLH28M2B/ref=sr_1_29?dib=eyJ2IjoiMSJ9.cpz8XkOX9cIJbkn7CD_e_aCf7kcJGHLJcAXl6cbTNngbIrmPMRewLUw75ar_rXg8bgtjCTtOVzUkE31Af3d_V7ivXxbXSHQLK89T_FEF1lKO9jywNyE4vmpO3_rvU2KNEXJ6lgVFk5iS8F-9J44PRjyxJqPJ3lbXBBRO6ldt2GuleIcKnZG_H-8pVXQF2SEPV-SRFIbkfoZLT41JXrE1IjmVGALOHocIgX_0A0GB7ZEb5XoYiGcef_j3FsRraT6mxz87oo3xOiQwhTeofHZKPkOo9dTiYVhGu86jqRHW3ho.71IuQR5wmrTliRCpeXb8HkCvio2byPAvM30I9TCEp-I&dib_tag=se&keywords=women+summer+slippers&qid=1787989172&sr=8-29,https://m.media-amazon.com/images/I/81r1tSkHqHL._AC_UL320_.jpg,39,排名进入前50；价格处于人民币等值¥57.60-¥180.00黄金区间；评分达到4.0以上。
2026-08-29,amazon_us,product,search,women summer slippers,41,Women's Open Toe House Slippers Breathable Waffle Fabric Memory Foam,¥64.15,4.1,"Price, product page $8.91 $ 8 . 91 Typical: $10.99 Typical: $10.99 $10.99",,,,,,https://www.amazon.com/Yoerpe-Womens-House-Slippers-Slip/dp/B0F8BKW8PC/ref=sr_1_32?dib=eyJ2IjoiMSJ9.cpz8XkOX9cIJbkn7CD_e_aCf7kcJGHLJcAXl6cbTNngbIrmPMRewLUw75ar_rXg8bgtjCTtOVzUkE31Af3d_V7ivXxbXSHQLK89T_FEF1lKO9jywNyE4vmpO3_rvU2KNEXJ6lgVFk5iS8F-9J44PRjyxJqPJ3lbXBBRO6ldt2GuleIcKnZG_H-8pVXQF2SEPV-SRFIbkfoZLT41JXrE1IjmVGALOHocIgX_0A0GB7ZEb5XoYiGcef_j3FsRraT6mxz87oo3xOiQwhTeofHZKPkOo9dTiYVhGu86jqRHW3ho.71IuQR5wmrTliRCpeXb8HkCvio2byPAvM30I9TCEp-I&dib_tag=se&keywords=women+summer+slippers&qid=1787989172&sr=8-32,https://m.media-amazon.com/images/I/71GbfDOMPSL._AC_UL320_.jpg,39,排名进入前50；价格处于人民币等值¥57.60-¥180.00黄金区间；评分达到4.0以上。
2026-08-29,amazon_us,product,search,women summer slippers,43,DL,¥127.15,4.2,DL,,,,,,https://www.amazon.com/DL-Slippers-Flannel-Bedroom-Non-Slip/dp/B08NJV6WYX/ref=sr_1_34?dib=eyJ2IjoiMSJ9.cpz8XkOX9cIJbkn7CD_e_aCf7kcJGHLJcAXl6cbTNngbIrmPMRewLUw75ar_rXg8bgtjCTtOVzUkE31Af3d_V7ivXxbXSHQLK89T_FEF1lKO9jywNyE4vmpO3_rvU2KNEXJ6lgVFk5iS8F-9J44PRjyxJqPJ3lbXBBRO6ldt2GuleIcKnZG_H-8pVXQF2SEPV-SRFIbkfoZLT41JXrE1IjmVGALOHocIgX_0A0GB7ZEb5XoYiGcef_j3FsRraT6mxz87oo3xOiQwhTeofHZKPkOo9dTiYVhGu86jqRHW3ho.71IuQR5wmrTliRCpeXb8HkCvio2byPAvM30I9TCEp-I&dib_tag=se&keywords=women+summer+slippers&qid=1787989172&sr=8-34,https://m.media-amazon.com/images/I/71rpTD70hUL._AC_UL320_.jpg,39,排名进入前50；价格处于人民币等值¥57.60-¥180.00黄金区间；评分达到4.0以上。
2026-08-29,amazon_us,product,search,women summer slippers,44,NineCiFun,¥82.30,4.1,NineCiFun,,,,,,https://www.amazon.com/NineCiFun-Womens-Cross-Band-Slippers/dp/B0GL1D8YHQ/ref=sr_1_35?dib=eyJ2IjoiMSJ9.cpz8XkOX9cIJbkn7CD_e_aCf7kcJGHLJcAXl6cbTNngbIrmPMRewLUw75ar_rXg8bgtjCTtOVzUkE31Af3d_V7ivXxbXSHQLK89T_FEF1lKO9jywNyE4vmpO3_rvU2KNEXJ6lgVFk5iS8F-9J44PRjyxJqPJ3lbXBBRO6ldt2GuleIcKnZG_H-8pVXQF2SEPV-SRFIbkfoZLT41JXrE1IjmVGALOHocIgX_0A0GB7ZEb5XoYiGcef_j3FsRraT6mxz87oo3xOiQwhTeofHZKPkOo9dTiYVhGu86jqRHW3ho.71IuQR5wmrTliRCpeXb8HkCvio2byPAvM30I9TCEp-I&dib_tag=se&keywords=women+summer+slippers&qid=1787989172&sr=8-35,https://m.media-amazon.com/images/I/618YkrjZtvL._AC_UL320_.jpg,39,排名进入前50；价格处于人民币等值¥57.60-¥180.00黄金区间；评分达到4.0以上。
2026-08-29,amazon_us,product,search,women summer slippers,46,Comwarm,¥86.33,4.2,Comwarm,,,,,,https://www.amazon.com/Sandals-Lightweight-Bathroom-Non-Slip-Slippers/dp/B099DTRKSL/ref=sr_1_37?dib=eyJ2IjoiMSJ9.cpz8XkOX9cIJbkn7CD_e_aCf7kcJGHLJcAXl6cbTNngbIrmPMRewLUw75ar_rXg8bgtjCTtOVzUkE31Af3d_V7ivXxbXSHQLK89T_FEF1lKO9jywNyE4vmpO3_rvU2KNEXJ6lgVFk5iS8F-9J44PRjyxJqPJ3lbXBBRO6ldt2GuleIcKnZG_H-8pVXQF2SEPV-SRFIbkfoZLT41JXrE1IjmVGALOHocIgX_0A0GB7ZEb5XoYiGcef_j3FsRraT6mxz87oo3xOiQwhTeofHZKPkOo9dTiYVhGu86jqRHW3ho.71IuQR5wmrTliRCpeXb8HkCvio2byPAvM30I9TCEp-I&dib_tag=se&keywords=women+summer+slippers&qid=1787989172&sr=8-37,https://m.media-amazon.com/images/I/71outwcHwWL._AC_UL320_.jpg,39,排名进入前50；价格处于人民币等值¥57.60-¥180.00黄金区间；评分达到4.0以上。
2026-08-29,amazon_us,product,search,platform sandals women,38,Monrovia,¥179.93,4.1,Monrovia,,,,,,https://www.amazon.com/Monrovia-Platform-Espadrille-Flatform-Vacation/dp/B0FVX54GF6/ref=sr_1_28?dib=eyJ2IjoiMSJ9.FeE0_a6UHuc-xCYeG4xNcaK8sbC3477sh56b8juuTlJUxSfTlH4yP0AzL-KzOs6qIvRUU7zLeBjp6ATGjgBe0wcYy53MDIB2swQ8pCxANN5BPt18Woq1O_3qAU7AM71-fm3Rrg_aujKSK9gc5a6QuOUlyBTlq0Zis-J7ouR63IT5ETYdLQ23w6GCR46jT693az0ghcS16FS25rojta4gsE6v5eqcqbg4TGNLy9dRYWD4-f0bOlhOD-vpVGq6EALC0KW8JauaV-f-CKuZPAlg1CvC3joheeVn3ADUpRK2jYM.Z0l2103CupNzIA8qNZmwD3GmVBdM2vVidAFcwTu07bw&dib_tag=se&keywords=platform+sandals+women&qid=1787989173&sr=8-28,https://m.media-amazon.com/images/I/71Td3IAnifL._AC_UL320_.jpg,39,排名进入前50；价格处于人民币等值¥57.60-¥180.00黄金区间；评分达到4.0以上。
2026-08-29,amazon_us,product,new_releases,New Releases Women Sandals,32,shevalues Women's Flip Flops Mild Arch Support Comfortable Thong Sandals | Yoga Mat Footbed Lightweight Summer Beach Walking Slides,,3.8,$9.99,,,,,,https://www.amazon.com/shevalues-Womens-Support-Comfortable-Sandals/dp/B0GVJY1R7G/ref=zg_bsnr_g_679425011_d_sccl_32/146-0249875-9735346?psc=1,"https://images-na.ssl-images-amazon.com/images/I/51Q0RjuKlEL._AC_UL300_SR300,200_.jpg",38,排名进入前50；标题包含 comfort、arch support、beach、summer，符合美国女鞋舒适化趋势。
2026-08-29,amazon_us,product,search,women slides,34,adidas,¥288.00,4.3,adidas,,,,,,https://www.amazon.com/adidas-Unisex-Adult-Adilette-Comfort-Auburn/dp/B0FWTX279V/ref=sr_1_28?dib=eyJ2IjoiMSJ9.wrqHnvIFpzxZDCy1gVq3f2HcNswV2RaHhxwkGjsTd_VtjGXiextupGar-rBX1lUaKzd5DY8KHIwWO14zztZiiqaKRIy9Bpse0biEhLxzGrkKEshXIdcAq5QNVOX-_pTKdDg8GdJE1S8se_FAdxXNds0DnIeWRguwy9RTJv-KTowyXaHIv083cW3KXk8CW1iaxExW3KOV2NKWIx-7wFCr8gwvOfC2tTeism2kDn7IN8Q6bkmJliwJiV1fSmXC0mSbpUwKVVzdUA6J5hKZAINX4jm-r5yTtFTbDaogY65Y4vc.cbG6ddtmc9mMyZjgOLKVQ6kYku8NatNyt6IGG-y2p8o&dib_tag=se&keywords=women+slides&qid=1787989173&sr=8-28,https://m.media-amazon.com/images/I/614x3gJbyxL._AC_UL320_.jpg,37,排名进入前50；价格处于人民币等值¥180.00-¥288.00区间；评分达到4.3以上。
2026-08-29,amazon_us,product,best_sellers,Best Sellers Women Sandals,37,KuaiLu Womens Fashion Orthotic Slides Arch Support Slip On Walking Sandals | Ladies Lightweight Athletic Yoga Mat Thick Cushion Slippers Sandals With Comfortable Plantar Fasciitis,,4.0,$25.99,,,,,,https://www.amazon.com/Orthotic-Lightweight-Athletic-Comfortable-Fasciitis/dp/B092ZS2B5S/ref=zg_bs_g_679425011_d_sccl_37/146-0249875-9735346?psc=1,"https://images-na.ssl-images-amazon.com/images/I/71Rxka3CPTL._AC_UL300_SR300,200_.jpg",36,排名进入前50；标题包含 comfort、arch support，符合美国女鞋舒适化趋势；评分达到4.0以上。
2026-08-29,amazon_us,product,new_releases,New Releases Women Sandals,43,Stratuxx Kaze Women's Dressy Faux Leather Thong Sandals with Memory Foam | Comfy Beach Slides Slip On Summer Flat Sandals Cute Flipflops for Women,,4.8,$27.99,,,,,,https://www.amazon.com/Stratuxx-Kaze-Womens-Leather-Sandals/dp/B0GV2KS48S/ref=zg_bsnr_g_679425011_d_sccl_43/146-0249875-9735346?psc=1,"https://images-na.ssl-images-amazon.com/images/I/71XEiLdBlAL._AC_UL300_SR300,200_.jpg",36,排名进入前50；标题包含 beach、summer，符合美国女鞋舒适化趋势；评分达到4.6以上。
2026-08-29,amazon_us,product,new_releases,New Releases Women Sandals,19,CUSHIONAIRE Toots Thong Strap Jelly Sandals for Women with Low Block Heel,,,$39.99,,,,,,https://www.amazon.com/CUSHIONAIRE-Toots-Thong-Sandals-TORTOISE/dp/B0HB6R34PX/ref=zg_bsnr_g_679425011_d_sccl_19/134-6137667-3217327?psc=1,"https://images-na.ssl-images-amazon.com/images/I/71I1E9EQjlL._AC_UL600_SR600,400_.jpg",35,排名进入前30。
2026-08-29,amazon_us,product,new_releases,New Releases Women Sandals,46,Riekhany Kitten Heeled Sandals for Women Slip On Square Clip Toe Flip Flips | Casual Low Heel Pumps Comfortable Thong Slide Shoes Dressy Slippers for Party Daliy Work Travel,,4.0,$51.99,,,,,,https://www.amazon.com/Riekhany-Kitten-Sandals-Comfortable-Slippers/dp/B0HCBVJ1C2/ref=zg_bsnr_g_679425011_d_sccl_46/146-0249875-9735346?psc=1,"https://images-na.ssl-images-amazon.com/images/I/71GDJdxQMEL._AC_UL300_SR300,200_.jpg",35,排名进入前50；评论数达到50以上；标题包含 comfort，符合美国女鞋舒适化趋势；评分达到4.0以上。
2026-08-29,amazon_us,product,search,platform sandals women,31,IDIFU,¥115.13,3.9,IDIFU,,,,,,https://www.amazon.com/IDIFU-Platform-Sandals-Comfortable-Chunky/dp/B0GLF5JB5C/ref=sr_1_21?dib=eyJ2IjoiMSJ9.FeE0_a6UHuc-xCYeG4xNcaK8sbC3477sh56b8juuTlJUxSfTlH4yP0AzL-KzOs6qIvRUU7zLeBjp6ATGjgBe0wcYy53MDIB2swQ8pCxANN5BPt18Woq1O_3qAU7AM71-fm3Rrg_aujKSK9gc5a6QuOUlyBTlq0Zis-J7ouR63IT5ETYdLQ23w6GCR46jT693az0ghcS16FS25rojta4gsE6v5eqcqbg4TGNLy9dRYWD4-f0bOlhOD-vpVGq6EALC0KW8JauaV-f-CKuZPAlg1CvC3joheeVn3ADUpRK2jYM.Z0l2103CupNzIA8qNZmwD3GmVBdM2vVidAFcwTu07bw&dib_tag=se&keywords=platform+sandals+women&qid=1787989173&sr=8-21,https://m.media-amazon.com/images/I/81JSTk0SgZL._AC_UL320_.jpg,35,排名进入前50；价格处于人民币等值¥57.60-¥180.00黄金区间。
2026-08-29,amazon_us,product,search,women summer slippers,50,KuaiLu,¥187.13,4.0,KuaiLu,,,,,,https://www.amazon.com/Orthotic-Lightweight-Athletic-Comfortable-Fasciitis/dp/B092ZSZBQD/ref=sr_1_41?dib=eyJ2IjoiMSJ9.cpz8XkOX9cIJbkn7CD_e_aCf7kcJGHLJcAXl6cbTNngbIrmPMRewLUw75ar_rXg8bgtjCTtOVzUkE31Af3d_V7ivXxbXSHQLK89T_FEF1lKO9jywNyE4vmpO3_rvU2KNEXJ6lgVFk5iS8F-9J44PRjyxJqPJ3lbXBBRO6ldt2GuleIcKnZG_H-8pVXQF2SEPV-SRFIbkfoZLT41JXrE1IjmVGALOHocIgX_0A0GB7ZEb5XoYiGcef_j3FsRraT6mxz87oo3xOiQwhTeofHZKPkOo9dTiYVhGu86jqRHW3ho.71IuQR5wmrTliRCpeXb8HkCvio2byPAvM30I9TCEp-I&dib_tag=se&keywords=women+summer+slippers&qid=1787989172&sr=8-41,https://m.media-amazon.com/images/I/71ftvFv5mNL._AC_UL320_.jpg,34,排名进入前50；价格处于人民币等值¥180.00-¥288.00区间；评分达到4.0以上。
2026-08-29,amazon_us,product,search,platform sandals women,35,EQAUDES,¥287.93,4.1,EQAUDES,,,,,,https://www.amazon.com/EQAUDES-Platform-Espadrille-Sandals-Flatform/dp/B0C6XLWPN9/ref=sr_1_25?dib=eyJ2IjoiMSJ9.FeE0_a6UHuc-xCYeG4xNcaK8sbC3477sh56b8juuTlJUxSfTlH4yP0AzL-KzOs6qIvRUU7zLeBjp6ATGjgBe0wcYy53MDIB2swQ8pCxANN5BPt18Woq1O_3qAU7AM71-fm3Rrg_aujKSK9gc5a6QuOUlyBTlq0Zis-J7ouR63IT5ETYdLQ23w6GCR46jT693az0ghcS16FS25rojta4gsE6v5eqcqbg4TGNLy9dRYWD4-f0bOlhOD-vpVGq6EALC0KW8JauaV-f-CKuZPAlg1CvC3joheeVn3ADUpRK2jYM.Z0l2103CupNzIA8qNZmwD3GmVBdM2vVidAFcwTu07bw&dib_tag=se&keywords=platform+sandals+women&qid=1787989173&sr=8-25,https://m.media-amazon.com/images/I/81juIfWU4pL._AC_UL320_.jpg,34,排名进入前50；价格处于人民币等值¥180.00-¥288.00区间；评分达到4.0以上。
2026-08-29,amazon_us,product,search,platform sandals women,37,Accloris,¥287.86,4.1,Accloris,,,,,,https://www.amazon.com/Accloris-Platform-Comfortable-Lightweight-Beach-Ready/dp/B0G1YB2ZGH/ref=sr_1_27?dib=eyJ2IjoiMSJ9.FeE0_a6UHuc-xCYeG4xNcaK8sbC3477sh56b8juuTlJUxSfTlH4yP0AzL-KzOs6qIvRUU7zLeBjp6ATGjgBe0wcYy53MDIB2swQ8pCxANN5BPt18Woq1O_3qAU7AM71-fm3Rrg_aujKSK9gc5a6QuOUlyBTlq0Zis-J7ouR63IT5ETYdLQ23w6GCR46jT693az0ghcS16FS25rojta4gsE6v5eqcqbg4TGNLy9dRYWD4-f0bOlhOD-vpVGq6EALC0KW8JauaV-f-CKuZPAlg1CvC3joheeVn3ADUpRK2jYM.Z0l2103CupNzIA8qNZmwD3GmVBdM2vVidAFcwTu07bw&dib_tag=se&keywords=platform+sandals+women&qid=1787989173&sr=8-27,https://m.media-amazon.com/images/I/716qZhNTI0L._AC_UL320_.jpg,34,排名进入前50；价格处于人民币等值¥180.00-¥288.00区间；评分达到4.0以上。
2026-08-29,amazon_us,product,search,platform sandals women,48,Blowfish Malibu,¥215.78,4.2,Blowfish Malibu,,,,,,https://www.amazon.com/Blowfish-Malibu-Womens-Aurora-Sandal/dp/B0DPRCPWJ3/ref=sr_1_38?dib=eyJ2IjoiMSJ9.FeE0_a6UHuc-xCYeG4xNcaK8sbC3477sh56b8juuTlJUxSfTlH4yP0AzL-KzOs6qIvRUU7zLeBjp6ATGjgBe0wcYy53MDIB2swQ8pCxANN5BPt18Woq1O_3qAU7AM71-fm3Rrg_aujKSK9gc5a6QuOUlyBTlq0Zis-J7ouR63IT5ETYdLQ23w6GCR46jT693az0ghcS16FS25rojta4gsE6v5eqcqbg4TGNLy9dRYWD4-f0bOlhOD-vpVGq6EALC0KW8JauaV-f-CKuZPAlg1CvC3joheeVn3ADUpRK2jYM.Z0l2103CupNzIA8qNZmwD3GmVBdM2vVidAFcwTu07bw&dib_tag=se&keywords=platform+sandals+women&qid=1787989173&sr=8-38,https://m.media-amazon.com/images/I/81O+jg9q3yL._AC_UL320_.jpg,34,排名进入前50；价格处于人民币等值¥180.00-¥288.00区间；评分达到4.0以上。
2026-08-29,amazon_us,product,new_releases,New Releases Women Sandals,34,DOBOLIN Rhinestone Heels 1.3 Inch Strappy Square Open Toe Heeled Sandals Slip on Sparkly Low Block Chunky Heels for Women Dressy Shoes Comfortable,,4.4,$33.99,,,,,,https://www.amazon.com/DOBOLIN-Rhinestone-Strappy-Sandals-Comfortable/dp/B0GWM8R1QT/ref=zg_bsnr_g_679425011_d_sccl_34/146-0249875-9735346?psc=1,"https://images-na.ssl-images-amazon.com/images/I/61rNnk31FgL._AC_UL300_SR300,200_.jpg",33,排名进入前50；标题包含 comfort，符合美国女鞋舒适化趋势；评分达到4.3以上。
2026-08-29,amazon_us,product,new_releases,New Releases Women Sandals,40,"UBFEN Womens Bohemian Flat Sandals | Elastic Back Strap, Comfortable for Walking, Open Toe, Dressy for Beach, Vacation, Travel",,4.2,$19.99,,,,,,https://www.amazon.com/UBFEN-Womens-Bohemian-Sandals-Black/dp/B0H19XQJ75/ref=zg_bsnr_g_679425011_d_sccl_40/146-0249875-9735346?psc=1,"https://images-na.ssl-images-amazon.com/images/I/71TxhfsP6dL._AC_UL300_SR300,200_.jpg",33,排名进入前50；标题包含 comfort、beach，符合美国女鞋舒适化趋势；评分达到4.0以上。
2026-08-29,amazon_us,product,search,women slides,31,Coach,¥684.00,4.6,Coach,,,,,,https://www.amazon.com/COACH-Udele-Slide-Charcoal-Material/dp/B08S3C46NH/ref=sr_1_25?dib=eyJ2IjoiMSJ9.wrqHnvIFpzxZDCy1gVq3f2HcNswV2RaHhxwkGjsTd_VtjGXiextupGar-rBX1lUaKzd5DY8KHIwWO14zztZiiqaKRIy9Bpse0biEhLxzGrkKEshXIdcAq5QNVOX-_pTKdDg8GdJE1S8se_FAdxXNds0DnIeWRguwy9RTJv-KTowyXaHIv083cW3KXk8CW1iaxExW3KOV2NKWIx-7wFCr8gwvOfC2tTeism2kDn7IN8Q6bkmJliwJiV1fSmXC0mSbpUwKVVzdUA6J5hKZAINX4jm-r5yTtFTbDaogY65Y4vc.cbG6ddtmc9mMyZjgOLKVQ6kYku8NatNyt6IGG-y2p8o&dib_tag=se&keywords=women+slides&qid=1787989173&sr=8-25,https://m.media-amazon.com/images/I/71jST5a70hL._AC_UL320_.jpg,33,排名进入前50；价格高于人民币等值¥288.00；评分达到4.6以上。
2026-08-29,amazon_us,product,search,women slides,47,Nike,¥302.40,4.6,Nike,,,,,,https://www.amazon.com/Womens-Sneaker-WhiteBlack-Black-Summit-White/dp/B08PDVQN9W/ref=sr_1_41?dib=eyJ2IjoiMSJ9.wrqHnvIFpzxZDCy1gVq3f2HcNswV2RaHhxwkGjsTd_VtjGXiextupGar-rBX1lUaKzd5DY8KHIwWO14zztZiiqaKRIy9Bpse0biEhLxzGrkKEshXIdcAq5QNVOX-_pTKdDg8GdJE1S8se_FAdxXNds0DnIeWRguwy9RTJv-KTowyXaHIv083cW3KXk8CW1iaxExW3KOV2NKWIx-7wFCr8gwvOfC2tTeism2kDn7IN8Q6bkmJliwJiV1fSmXC0mSbpUwKVVzdUA6J5hKZAINX4jm-r5yTtFTbDaogY65Y4vc.cbG6ddtmc9mMyZjgOLKVQ6kYku8NatNyt6IGG-y2p8o&dib_tag=se&keywords=women+slides&qid=1787989173&sr=8-41,https://m.media-amazon.com/images/I/51zREfEfZ5L._AC_UL320_.jpg,33,排名进入前50；价格高于人民币等值¥288.00；评分达到4.6以上。
2026-08-29,amazon_us,product,new_releases,New Releases Women Sandals,31,"CUSHIONAIRE Fuse Chunky Womens Sandals with Double Buckle Straps and Durable Lug Sole, Casual Platform Sandals Women Footwear",,4.0,$44.99,,,,,,https://www.amazon.com/CUSHIONAIRE-Sandals-Platform-Footwear-TORTOISE/dp/B0H427B8X1/ref=zg_bsnr_g_679425011_d_sccl_31/146-0249875-9735346?psc=1,"https://images-na.ssl-images-amazon.com/images/I/81J+-tsF-qL._AC_UL300_SR300,200_.jpg",32,排名进入前50；标题包含 platform，符合美国女鞋舒适化趋势；评分达到4.0以上。
2026-08-29,amazon_us,product,new_releases,New Releases Women Sandals,33,Noctivelle Women Kitten Heeled Sandals Waterproof Thong Flip Flops Memory Foam Comfort Insole Summer Quick Dry Casual Pool Beach Shoes,,3.7,$23.99,,,,,,https://www.amazon.com/Noctivelle-Women-Kitten-Heeled-Sandals/dp/B0H5BYM6Z4/ref=zg_bsnr_g_679425011_d_sccl_33/146-0249875-9735346?psc=1,"https://images-na.ssl-images-amazon.com/images/I/71rZILq3kdL._AC_UL300_SR300,200_.jpg",32,排名进入前50；标题包含 comfort、beach、summer，符合美国女鞋舒适化趋势。
2026-08-29,amazon_us,product,best_sellers,Best Sellers Women Sandals,36,"Ankis Women Nude White Gold Black Sandals Open Toe 1 Inch Low Block Heel | 1-inch short heel, adjustable ankle strap, 5mm latex cushioned insole, comfortable walking, for wedding, dressy, formal event",,4.2,$34.99,,,,,,https://www.amazon.com/Ankis-Sandals-Comfortable-Adjustable-Available/dp/B0BPL9HN1W/ref=zg_bs_g_679425011_d_sccl_36/146-0249875-9735346?psc=1,"https://images-na.ssl-images-amazon.com/images/I/51EOkpMrmNL._AC_UL300_SR300,200_.jpg",30,排名进入前50；标题包含 comfort，符合美国女鞋舒适化趋势；评分达到4.0以上。
2026-08-29,amazon_us,product,search,platform sandals women,34,REEF,¥391.39,4.5,REEF,,,,,,https://www.amazon.com/Reef-Womens-Cushion-Sandal-Natural/dp/B0B7TTVGVJ/ref=sr_1_24?dib=eyJ2IjoiMSJ9.FeE0_a6UHuc-xCYeG4xNcaK8sbC3477sh56b8juuTlJUxSfTlH4yP0AzL-KzOs6qIvRUU7zLeBjp6ATGjgBe0wcYy53MDIB2swQ8pCxANN5BPt18Woq1O_3qAU7AM71-fm3Rrg_aujKSK9gc5a6QuOUlyBTlq0Zis-J7ouR63IT5ETYdLQ23w6GCR46jT693az0ghcS16FS25rojta4gsE6v5eqcqbg4TGNLy9dRYWD4-f0bOlhOD-vpVGq6EALC0KW8JauaV-f-CKuZPAlg1CvC3joheeVn3ADUpRK2jYM.Z0l2103CupNzIA8qNZmwD3GmVBdM2vVidAFcwTu07bw&dib_tag=se&keywords=platform+sandals+women&qid=1787989173&sr=8-24,https://m.media-amazon.com/images/I/81cCTkHhaSL._AC_UL320_.jpg,30,排名进入前50；价格高于人民币等值¥288.00；评分达到4.3以上。
2026-08-29,amazon_us,product,new_releases,New Releases Women Sandals,39,"CUSHIONAIRE Trio Flip Flops for Women, Comfortable Beach Sandals with Braided Thong Strap, Memory Foam Footbed and Metallic Ring Accents",,3.5,$39.99,,,,,,https://www.amazon.com/CUSHIONAIRE-Comfortable-Sandals-Metallic-CHOCOLATE/dp/B0H428CWQK/ref=zg_bsnr_g_679425011_d_sccl_39/146-0249875-9735346?psc=1,"https://images-na.ssl-images-amazon.com/images/I/71SWuBKpk7L._AC_UL300_SR300,200_.jpg",29,排名进入前50；标题包含 comfort、beach，符合美国女鞋舒适化趋势。
2026-08-29,amazon_us,product,new_releases,New Releases Women Sandals,45,"DREAM PAIRS Women's Chunky Low Heel Thong Sandals | Square Open Toe Slip On, Flip Flop Summer Heels, Comfortable Elgeant Going Out Sandals, Causal for Travel Daily Party Events",,3.8,$36.99,,,,,,https://www.amazon.com/DREAM-PAIRS-Womens-Chunky-Sandals/dp/B0H4FJFZ2C/ref=zg_bsnr_g_679425011_d_sccl_45/146-0249875-9735346?psc=1,"https://images-na.ssl-images-amazon.com/images/I/61B769rYVcL._AC_UL300_SR300,200_.jpg",29,排名进入前50；标题包含 comfort、summer，符合美国女鞋舒适化趋势。
2026-08-29,amazon_us,product,best_sellers,Best Sellers Women Sandals,33,"Amazon Essentials Women's Two Strap Heeled Sandals with Adjustable Ankle Strap, Padded Memory Foam Insole",,4.4,$27.10,,,,,,https://www.amazon.com/Amazon-Essentials-Womens-Nola-Heeled/dp/B08LPVFHDY/ref=zg_bs_g_679425011_d_sccl_33/146-0249875-9735346?psc=1,"https://images-na.ssl-images-amazon.com/images/I/71gXk60IUaL._AC_UL300_SR300,200_.jpg",27,排名进入前50；评分达到4.3以上。
2026-08-29,amazon_us,product,new_releases,New Releases Women Sandals,35,Caradise Jelly Mule Kitten Heel Sandals for Women Summer Jelly Shoes,,4.1,$49.99,,,,,,https://www.amazon.com/Caradise-Jelly-Kitten-Sandals-Summer/dp/B0H5PJ9H4G/ref=zg_bsnr_g_679425011_d_sccl_35/146-0249875-9735346?psc=1,"https://images-na.ssl-images-amazon.com/images/I/61GKR9y5HSL._AC_UL300_SR300,200_.jpg",27,排名进入前50；标题包含 summer，符合美国女鞋舒适化趋势；评分达到4.0以上。
2026-08-29,amazon_us,product,search,women slides,42,OOFOS,¥431.64,4.1,OOFOS,,,,,,https://www.amazon.com/OOFOS-Womens-Unisex-Slide-Sandal/dp/B01L9XP1XC/ref=sr_1_36?dib=eyJ2IjoiMSJ9.wrqHnvIFpzxZDCy1gVq3f2HcNswV2RaHhxwkGjsTd_VtjGXiextupGar-rBX1lUaKzd5DY8KHIwWO14zztZiiqaKRIy9Bpse0biEhLxzGrkKEshXIdcAq5QNVOX-_pTKdDg8GdJE1S8se_FAdxXNds0DnIeWRguwy9RTJv-KTowyXaHIv083cW3KXk8CW1iaxExW3KOV2NKWIx-7wFCr8gwvOfC2tTeism2kDn7IN8Q6bkmJliwJiV1fSmXC0mSbpUwKVVzdUA6J5hKZAINX4jm-r5yTtFTbDaogY65Y4vc.cbG6ddtmc9mMyZjgOLKVQ6kYku8NatNyt6IGG-y2p8o&dib_tag=se&keywords=women+slides&qid=1787989173&sr=8-36,https://m.media-amazon.com/images/I/519Avbo2jAL._AC_UL320_.jpg,27,排名进入前50；价格高于人民币等值¥288.00；评分达到4.0以上。
2026-08-29,amazon_us,product,search,platform sandals women,47,Aerosoles,¥359.93,4.2,Aerosoles,,,,,,https://www.amazon.com/Aerosoles-Womens-CAMILIA-Heeled-Natural/dp/B0CTKDTBST/ref=sr_1_37?dib=eyJ2IjoiMSJ9.FeE0_a6UHuc-xCYeG4xNcaK8sbC3477sh56b8juuTlJUxSfTlH4yP0AzL-KzOs6qIvRUU7zLeBjp6ATGjgBe0wcYy53MDIB2swQ8pCxANN5BPt18Woq1O_3qAU7AM71-fm3Rrg_aujKSK9gc5a6QuOUlyBTlq0Zis-J7ouR63IT5ETYdLQ23w6GCR46jT693az0ghcS16FS25rojta4gsE6v5eqcqbg4TGNLy9dRYWD4-f0bOlhOD-vpVGq6EALC0KW8JauaV-f-CKuZPAlg1CvC3joheeVn3ADUpRK2jYM.Z0l2103CupNzIA8qNZmwD3GmVBdM2vVidAFcwTu07bw&dib_tag=se&keywords=platform+sandals+women&qid=1787989173&sr=8-37,https://m.media-amazon.com/images/I/71bCv2s89xL._AC_UL320_.jpg,27,排名进入前50；价格高于人民币等值¥288.00；评分达到4.0以上。
2026-08-29,amazon_us,product,search,women summer slippers,49,CHGANG,¥53.21,3.8,CHGANG,,,,,,https://www.amazon.com/CHGANG-House-Slippers-Womens-Cotton/dp/B0G58LHD6Y/ref=sr_1_40?dib=eyJ2IjoiMSJ9.cpz8XkOX9cIJbkn7CD_e_aCf7kcJGHLJcAXl6cbTNngbIrmPMRewLUw75ar_rXg8bgtjCTtOVzUkE31Af3d_V7ivXxbXSHQLK89T_FEF1lKO9jywNyE4vmpO3_rvU2KNEXJ6lgVFk5iS8F-9J44PRjyxJqPJ3lbXBBRO6ldt2GuleIcKnZG_H-8pVXQF2SEPV-SRFIbkfoZLT41JXrE1IjmVGALOHocIgX_0A0GB7ZEb5XoYiGcef_j3FsRraT6mxz87oo3xOiQwhTeofHZKPkOo9dTiYVhGu86jqRHW3ho.71IuQR5wmrTliRCpeXb8HkCvio2byPAvM30I9TCEp-I&dib_tag=se&keywords=women+summer+slippers&qid=1787989172&sr=8-40,https://m.media-amazon.com/images/I/71eCq66Oq9L._AC_UL320_.jpg,25,排名进入前50；价格低于人民币等值¥57.60。
2026-08-29,amazon_us,product,best_sellers,Best Sellers Women Sandals,32,Hodeery Women's Kitten Heels Thong Sandals Open Square Toe Flip Flop Low Heels 2.5 Inch Slip On Sexy Women Dressy Slide Shoes for Casual,,4.0,$28.34,,,,,,https://www.amazon.com/Hodeery-Womens-Kitten-Sandals-Square/dp/B0DT8C6HKM/ref=zg_bs_g_679425011_d_sccl_32/146-0249875-9735346?psc=1,"https://images-na.ssl-images-amazon.com/images/I/51Pl6wuu4HL._AC_UL300_SR300,200_.jpg",24,排名进入前50；评分达到4.0以上。
2026-08-29,amazon_us,product,new_releases,New Releases Women Sandals,38,CUSHIONAIRE Markie Chunky Block Heel Sandals for Women with Faux Wood Heel and Memory Foam,,4.2,$49.98,,,,,,https://www.amazon.com/CUSHIONAIRE-Markie-Chunky-Sandals-CHOCOLATE/dp/B0H7CRLX47/ref=zg_bsnr_g_679425011_d_sccl_38/146-0249875-9735346?psc=1,"https://images-na.ssl-images-amazon.com/images/I/81W1PcaRo-L._AC_UL300_SR300,200_.jpg",24,排名进入前50；评分达到4.0以上。
2026-08-29,amazon_us,product,search,platform sandals women,49,Madden Girl,¥385.49,3.7,Madden Girl,,,,,,https://www.amazon.com/Madden-Girl-Womens-Mythicall-Natural/dp/B0CNKPC4Y5/ref=sr_1_39?dib=eyJ2IjoiMSJ9.FeE0_a6UHuc-xCYeG4xNcaK8sbC3477sh56b8juuTlJUxSfTlH4yP0AzL-KzOs6qIvRUU7zLeBjp6ATGjgBe0wcYy53MDIB2swQ8pCxANN5BPt18Woq1O_3qAU7AM71-fm3Rrg_aujKSK9gc5a6QuOUlyBTlq0Zis-J7ouR63IT5ETYdLQ23w6GCR46jT693az0ghcS16FS25rojta4gsE6v5eqcqbg4TGNLy9dRYWD4-f0bOlhOD-vpVGq6EALC0KW8JauaV-f-CKuZPAlg1CvC3joheeVn3ADUpRK2jYM.Z0l2103CupNzIA8qNZmwD3GmVBdM2vVidAFcwTu07bw&dib_tag=se&keywords=platform+sandals+women&qid=1787989173&sr=8-39,https://m.media-amazon.com/images/I/71SNHrdlHML._AC_UL320_.jpg,23,排名进入前50；价格高于人民币等值¥288.00。
2026-08-29,amazon_us,product,new_releases,New Releases Women Sandals,44,"CUSHIONAIRE Naty Jelly Kitten Heels for Women, Chic Slip-On Mule Design with Modern Open Square Toe Womens Heels",,3.8,$49.99,,,,,,https://www.amazon.com/CUSHIONAIRE-Kitten-Design-Modern-Square/dp/B0H4W6LZGD/ref=zg_bsnr_g_679425011_d_sccl_44/146-0249875-9735346?psc=1,"https://images-na.ssl-images-amazon.com/images/I/71TU4CazmuL._AC_UL300_SR300,200_.jpg",20,排名进入前50。
