date,source,data_type,list_type,keyword,rank,title,price,rating,review_count,likes,comments,views,published_at,competition_count,product_url,image_url,hot_score,reason
2026-07-19,amazon_us,product,search,women slides,1,"BRONAX Cushioned Thick Sole Pillow Slippers for Women and Men Y10 | Cloud-Like Soft Sole, Foot Pain Relief, EVA Platform Sole, Indoor Outdoor Slides, Waterproof Shower Ready, Quick-Drying BRONAX Cushioned Thick Sole Pillow Slippers for Women a…",¥172.73,4.3,,,,,,,https://aax-us-east-retail-direct.amazon.com/x/c/JDJsVGp-r5yA0dlg4fCJtpEAAAGfeJsIoQEAAAH2AQBvbm9fdHhuX2JpZDIgICBvbm9fdHhuX2ltcDEgICAMNdvb/clv1c_ek-YBXf2FcTWniX_kw0Bbugzoh05WFG54CTmTkPGGxklbqw2QDaP8wiuWqWdpyYQ15G_cIrN4J-1tN2U-3bucN0I86Dvp40P3GNJSJtl7P_0g3JvOrQ1NNwNZvNvtgJRFZLSDTVVknTyAwXbvRbPp8IgkJ2dnD2qk0c4jrGu245LeaqdHetAnCpBiqTos0rLnu-yDd7V34HMwsJFu1DQM96PmP-9hMz0VJ1bBtMtd9fe9ESKQwHqp5DDe_1N0JOwp3uzl1be4LHUGDn3vdXbcZ4Gu9LgGizxnW63VlaY0oCGIEkw4RltjC32AmnTQhE2pChEAIm3XpOImGqI063q4BdiO3N187vA6warm5Z4ZWAJJyxO_tjiddzq1CNU17vKeqp1yTBEtzVhXVqS3rC0lD85JSVJ2AoURxobYdhRP2EoltEPgrtWZz-427onT4so7vK9nlldoxpZgapXZTGSdwkTo-zKWqggc8w3FLGvUltawDgvICPGsCeA_MHgyzHew6Rs6PpDQSvl2rV0yTKXx9IuxhIoogQ-9D6JiX8U_PeNd_nCPHUcnMvosOl0ZZpBUBgxn6Adb8doKoR2nwJb2DXjbwsgSINA9eQ99MmUVfWQMusMecbUc0p3t-qRboCnNWRpsbyxDHzVrzffPvSS7tuXNBZ06P3JHs-BlcSD3LTorjrnY_hASIXjfLx_-PHydcKvtQghB0e9lLz21REQWetT04X5IdSHM_TuN_oZG_hgNZTpICB6qiOmor9J6nPv0JmRbrIFmQELU3Vs6AYnQ8Y07DC9z1LdbeGBx8olBQuZ-kTe4oa2_kmizcvTldjxhBiCLnB4sXyvey6fC4Juf48TVsxRmsBXm_LEekzeWJppxYcTpu5AZ_nW8oqtmdCO8lsVPj1w-3TzwFyxHmsYMHBNiq8gSxiarfK3RHralvRFAjr0qNCsttzJIRzDJwjR84OsCHD_qfpEzxHZFSrStJ7Lqk28yeLwYW1EeRrYgW6a719qfmnSFfii5xz-a3o0V7Hxwjhh92b51nNdrTDY4rVw2ozrjcSORpjQDFj_KhYNli9IRbfT76djLGkwupBnXrZBW7AUNQJcLWF3dcBCiDkta5CVqcIwJpx9g_d-aECuH5HIrBhleG_qLQt6rdOO50YiQbgeMprscB_UhWsamSM6d0y_pG-gDHC9j1PQtTQAzZy9jwBmc2t7VxR3wyUQPfEm-DUWRDnGmNBdIVK8sVTr9IuHvb8pQJqV43_7jRuQYWLwMTSV0o3zPZ7BgmjQQF3giG0A92GZKXLOWhj9GNxTwObQrV7mXQrNSmJznxu8BMBgTVwBA-2NxmbGkLcXmQW3Xpxcw012hh7nzYCgDmkzIY14m3FbwBlM3C68YsigWtzNXKYN8mQNoE9ntmJvgLFa_qrtUvS7ssFZ_gEgWx3ErtwWbnfP7XW8EJFckhZT5qRCzv5MxjCpv5X9vaJO2IGem-had6PPLsdhIPr4khJWBvNBlEBwfb_KgBBAI-0ckNxuWkkjcBn9UIHhD2Ldh87O56C1Bw9d52rs3g_4J6NwbCs70K68fi0l-lG_UZR8M0TlMhtZsOCim2cjMq3kurP4Lud2GnYq3L6LEQKtbc7M29tpChOjXGaQzbWRWlzheUzQSOLJcVXw8OP0qGpKClYDmXE/https://www.amazon.com/gp/aw/d/B0957KMD4V/?_encoding=UTF8&pd_rd_plhdr=t&aaxitk=ac441ff1b821de76af24c802507be1e6&hsa_cr_id=0&qid=1784434853&sr=1-1-9e67e56a-6f64-441f-a281-df67fc737124&i=aps&aref=TKCwT7C60J&ref_=sbx__sbtcd_asin_0_bkgd&pd_rd_w=nALLR&content-id=amzn1.sym.2fb72bc8-96ef-420d-b08f-c04b69f36507%3Aamzn1.sym.2fb72bc8-96ef-420d-b08f-c04b69f36507&pf_rd_p=2fb72bc8-96ef-420d-b08f-c04b69f36507&pf_rd_r=W258SB3EGNMTX2VV2WJM&pd_rd_wg=sTGcL&pd_rd_r=2eedfa4d-613f-41e0-8a1a-8b0496259772,"https://m.media-amazon.com/images/I/61ihh6ms6uL._AC_SR160,134_CB1169409_QL70_.jpg",96,排名靠前；价格处于人民币等值¥57.60-¥180.00黄金区间；标题包含 cloud、platform、soft，符合美国女鞋舒适化趋势；cloud + slides组合趋势加分；评分达到4.3以上。
2026-07-19,amazon_us,product,search,platform sandals women,10,Flatform Platform Sandals Women 2 Strap Comfortable Orthotic Arch Support Cork Footbed Slip On Cute Casual Summer Beach Slides,¥287.93,4.5,New on Amazon in past month,,,,,,https://www.amazon.com/EXEBLUE-Flatform-Platform-Comfortable-Orthotic/dp/B0GX16NJ5P/ref=sr_1_7?dib=eyJ2IjoiMSJ9.3zo6vUgTuNV2_oDBDGXaTRy6K1aDbG3D76D66ZkfndqhShfGe6AEqdQUye1k-95rw9sZsn4b80hgKx8cIPz8O65s-Rc6bLRinfgiB8z1VA61AkHvoFMSha5lcU2jJUMFtajIyKcTmcQ0AF92ZNlPaI73AbyVCgBCfgi6WcZ9jM6Ff07y8CTz5C_JbP6nkMEZB0rIKtWaTAowjA0rg5rUNKS7JBw8zYHQzVPbyOpZlU90aS9ZATwwSMHon7DqQH59POmzotYqsVmA2w7_c84LcBKp4abpK9_gVwgjPc4y3Dw.PBUlsJ0o4_3WfKPbpxWqli-e7YW0PhS59u6Fip17DWE&dib_tag=se&keywords=platform+sandals+women&qid=1784434853&sr=8-7,https://m.media-amazon.com/images/I/71pE4JlAPUL._AC_UL320_.jpg,92,排名靠前；价格处于人民币等值¥180.00-¥288.00区间；标题包含 platform、comfort、arch support、beach、summer，符合美国女鞋舒适化趋势；platform + comfort组合趋势加分；评分达到4.3以上。
2026-07-19,amazon_us,product,search,platform sandals women,18,"UBFEN Womens Comfortable Walking Sandals with Cushioned Sole | Non-Slip Rocker Bottom, Arch Support, Adjustable Straps, Lightweight Water Sport Platform Summer UBFEN Womens Comfortable Walking Sandals with Cushioned Sole | Non-Slip Rocker Bottom, Arch Suppor…",¥244.73,4.4,4.4,,,,,,https://aax-us-east-retail-direct.amazon.com/x/c/JMytpZ1KUJ9-mRsPm89wIvUAAAGfeJsI0wEAAAH2AQBvbm9fdHhuX2JpZDUgICBvbm9fdHhuX2ltcDEgICBiSibX/clv1c_ek-wBPHXJTbbzS5Tc55B45r9Pr-IGpNr3ctMTMKtwysV3PzqGdu_8UUJSkBovp5mf3JjJlH-oOO5ZYPrwlFV7xxNAekg2HnZjWU-emhRsw07i8ArHNjxdi8f_4FEp3U-xQAvvkdfTCXKjhxKQpVFwcZfJd6BnhXqnqxwfXao3rTfSOofBdydttpWdXRLcuNyDa5uBpI_jBZK3MCZ_6gTs2mVcRSpUUvmZH5spO_-E56M7Ifrr3My1c55DvJjOgaRk7j0dG9fqWfDS3MqzdjoFmQy01jnF_4MGe2BSFbCnXOEIH0YaZj4blMSj_OpoANB8nfM7u6X9RkUVGsjNPUqrZCXlNNlNQtFynEegfbNc91Rk4KFAjqVXpXx3nHW8r9dIvFjk056yhlp4RIfJ9HR6tSGn54h2eO4x1imbJeH7BzvDPIkomqJA7o0aPvjBfz7_mppC1M5RLym3ypYey9yxJK1eRMvdBJ1l2ALaJ5He9W7APuZfdfpKzae6Y32Nj290ddLODcb7mmjnsfCpD37NUsZ01V_qi9N65h642X-KFAVPKdzQTEZLI8AA9qHHTKJA7_qSHIqPwMoSKRltOO-boQj1nf9f0MNa_YXNcPmHJkLCdMG2KklrIMMpn2nrjTe1yYva2bARwZsnFtpX9bz8xFHqVfwScnjTCY0CeWaSqTRchVBSxWgeywKLIIFJJcQxgKJTsbN_izKxoavXRyrlcGFg90hWDHZlth_YNZmTaiG7YBbJ1Ix4HB783VUnFnXO05r7ExtgT3Ad7UDpv7PcaAda774uDHgoZLTdA0WlvA67vHjxQHT7XD4H2Y8eyKJupyqdDbMMG3JqUf-m7-1mLlwum-N2bqs-xheRnWbH7LfcaU7kgbIfLUB9X4JMeWp5MC7v405wHcHT03cAqBR4OUDd23FO8AIxCZ1F1u8O57ukI7p8SlxaX9iUCA991ue7aq1ukGw1l44zFmLSmXUVP1IwAfVfNmmYtZqKGnMNjpzbcE8fNpjCOFbvkbnZ2z8ZpY_TW1QNGd9ts9_NYt0HZOPJ-U9RDg15KMhxohLJweDJJdH-v1nBZU7SbYvSWUnCEzEi7KYOaEQAmt9EGZFKFfOrdItInOUFvctpG5N7Cpi-9wsv06FWL0geH6UEtHgCBSyoil98a-LnCVhw44XydAuy6emGSN0Oe28tRKvW0bn-DcE9b8w-dF1oMdT5DgqYQiENd81ORi10hHfoNbhUAkXl7byjzLkzwNC00hh7f8eZ7mhed1lP4xJZdQkSSaBiUdWu2flHk6k9SJ3hJtXQTyaDqVISTS3mrwVuYyDKr5EI-FvwJu7wsVam6cup490YevXL2TxBopTLsj8gta_CLs0QmhjZcwcJmAb7iqbr_jcA-JmyZqer8W5cL32FGYFcc9OvvpUFoNk29ITsciVILDSN-W3GUXBI6b-EOUxFGpD6ZDrXs-96o0nMUGxAdTnhdlBlgo3iqvvCaANB2pOGD6RMthpXJmcvOFnKqg0t-deNL018jqtIlIoQjxTrWYSH3ci20N93e6zOuEi5zXrCd2wTO7NuvQSumoStpPCkpyIkBkq7_8qlzcuY2ENvQ47gj7rpE-Q34hnW9UZ_3ge3QMBIIIPSl-QeEAx3k8MvuuAumcEpkgp-VPyLRTWQE1vY7A4U8NFpCsfxuUQg8CfXfHsFM_lrwMBkZgiGJqIQG0WnC9zrhfrbeMjxgowyWPYlKmAmpcwSD3HA9k/https://www.amazon.com/gp/aw/d/B0F5MT889D/?_encoding=UTF8&pd_rd_plhdr=t&aaxitk=46f2007f427cdba2b3d11a9183455d43&hsa_cr_id=0&qid=1784434853&sr=1-7-f02f01d6-adaf-4bef-9a7c-29308eff9043&ref_=sbx__sbtcd2_asin_6_bkgd&pd_rd_w=OgVo6&content-id=amzn1.sym.5159d9cb-0665-4a83-8f64-8881eaba312a%3Aamzn1.sym.5159d9cb-0665-4a83-8f64-8881eaba312a&pf_rd_p=5159d9cb-0665-4a83-8f64-8881eaba312a&pf_rd_r=XVQBQXYSBWYZYMV9K9ZE&pd_rd_wg=5WnLn&pd_rd_r=3b46ede4-9bc8-45ae-894c-f1e07e0990ce,"https://m.media-amazon.com/images/I/716lvrr5bHL._AC_SR322,134_CB1169409_QL70_.jpg",82,排名进入前30；价格处于人民币等值¥180.00-¥288.00区间；标题包含 platform、comfort、arch support、summer，符合美国女鞋舒适化趋势；platform + comfort组合趋势加分；评分达到4.3以上。
2026-07-19,amazon_us,product,search,platform sandals women,26,Women's Suede Platform Wedge Heel Slide Sandals Y2K Round Open Toe One Strap Slip-On Heeled Sandals Stylish Comfortable Daily Casual Summer Slippers,¥237.53,4.2,"Price, product page $32.99 $ 32 . 99",,,,,,https://www.amazon.com/NBZKBNG-Platform-Sandals-Comfortable-Slippers/dp/B0FXRQXXLG/ref=sr_1_13?dib=eyJ2IjoiMSJ9.3zo6vUgTuNV2_oDBDGXaTRy6K1aDbG3D76D66ZkfndqhShfGe6AEqdQUye1k-95rw9sZsn4b80hgKx8cIPz8O65s-Rc6bLRinfgiB8z1VA61AkHvoFMSha5lcU2jJUMFtajIyKcTmcQ0AF92ZNlPaI73AbyVCgBCfgi6WcZ9jM6Ff07y8CTz5C_JbP6nkMEZB0rIKtWaTAowjA0rg5rUNKS7JBw8zYHQzVPbyOpZlU90aS9ZATwwSMHon7DqQH59POmzotYqsVmA2w7_c84LcBKp4abpK9_gVwgjPc4y3Dw.PBUlsJ0o4_3WfKPbpxWqli-e7YW0PhS59u6Fip17DWE&dib_tag=se&keywords=platform+sandals+women&qid=1784434853&sr=8-13,https://m.media-amazon.com/images/I/61psKHoQPtL._AC_UL320_.jpg,79,排名进入前30；价格处于人民币等值¥180.00-¥288.00区间；标题包含 platform、comfort、summer、wedge，符合美国女鞋舒适化趋势；platform + comfort组合趋势加分；评分达到4.0以上。
2026-07-19,amazon_us,product,search,women slides,4,Women's Flat Slide Sandals Dressy Square Open Toe Slip On Sandals for Summer Beach,¥165.53,4.5,100+ bought in past month,,,,,,https://www.amazon.com/sspa/click?ie=UTF8&spc=MToyNDM2NDQwODAyNTM0ODExOjE3ODQ0MzQ4NTM6c3BfYXRmOjMwMTM0NDc4MDIwMzYwMjo6MDo6&url=%2FLurnyet-Sandals-Comfortable-Fashion-Slippers%2Fdp%2FB0FHH47LJ8%2Fref%3Dsr_1_1_sspa%3Fdib%3DeyJ2IjoiMSJ9.RrPumS3Ni8XWS9mPWZVEoM68tCRiXv-6Rmzdh4DjH1MzGv4H7NoifoMiv2JYov8uyHyBuyhKhKHWyH9mKEi1UE5sGOm_0aOXq-0ygN6ZYTTvSzasNotLuoU65jOATHNlH8xfpT749HChbKPgH36AE2xVTukRV5NC8LLzt18j_v04RmaPbp-_xzrpx5TjkmVaG_kRSGifN6biX7yQ1IcriBltl7RpjS6tIHzX3wJ_1YWLAAibnGYxJ8Cp8aNg0llJZtUFJhUr2ziEj6FtIT4w0gbbnWZRuoYe0C_NA1TLzW0.S-7JH4lrisMoi9MvyYBsBRiW3iQpoTXLM8ervMd5NXY%26dib_tag%3Dse%26keywords%3Dwomen%2Bslides%26qid%3D1784434853%26sr%3D8-1-spons%26sp_csd%3Dd2lkZ2V0TmFtZT1zcF9hdGY%26psc%3D1,https://m.media-amazon.com/images/I/61AogoHttfL._AC_UL320_.jpg,78,排名靠前；评论数达到50以上；价格处于人民币等值¥57.60-¥180.00黄金区间；标题包含 beach、summer，符合美国女鞋舒适化趋势；评分达到4.3以上。
2026-07-19,amazon_us,product,best_sellers,Best Sellers Women Sandals,23,shevalues Orthopedic Sandals for Women Arch Support Recovery Flip Flops Pillow Soft Summer Beach Shoes,,4.3,$16.18,,,,,,https://www.amazon.com/Orthotic-Pillow-Recovery-Sandals-Support/dp/B09LC836QG/ref=zg_bs_g_679425011_d_sccl_23/146-4952585-1525954?psc=1,"https://images-na.ssl-images-amazon.com/images/I/61o9ArJVVsL._AC_UL600_SR600,400_.jpg",77,排名进入前30；标题包含 recovery、orthopedic、arch support、soft、beach、summer，符合美国女鞋舒适化趋势；orthopedic + arch support组合趋势加分；评分达到4.3以上。
2026-07-19,amazon_us,product,best_sellers,Best Sellers Women Sandals,6,Project Cloud 100% Genuine Leather Flat Sandals For Women 2026 Cork Footbed Womens Sandals with Memory Foam and arch support Vacation Essentials Slides for Women Footwear (Venita),,4.4,$29.66,,,,,,https://www.amazon.com/Project-Cloud-Comfortable-Essentials-Vacation/dp/B0CNYDF946/ref=zg_bs_g_679425011_d_sccl_6/146-4952585-1525954?psc=1,"https://images-na.ssl-images-amazon.com/images/I/61PPWwEkHDL._AC_UL600_SR600,400_.jpg",76,排名靠前；标题包含 cloud、arch support，符合美国女鞋舒适化趋势；cloud + slides组合趋势加分；评分达到4.3以上。
2026-07-19,amazon_us,product,search,women slides,3,"BRONAX Arch Support Slides for Women and Men Y180 | EVA Cushioned Thick Sole, Pain Relief Sandals, Open Toe, Ideal for Shower, Beach & Everyday Wear BRONAX Arch Support Slides for Women and Men Y180 | E…",¥143.93,4.2,,,,,,,https://aax-us-east-retail-direct.amazon.com/x/c/JDJsVGp-r5yA0dlg4fCJtpEAAAGfeJsIoQEAAAH2AQBvbm9fdHhuX2JpZDIgICBvbm9fdHhuX2ltcDEgICAMNdvb/clv1c_ek-YBXf2FcTWniX_kw0Bbugzoh05WFG54CTmTkPGGxklbqw2QDaP8wiuWqWdpyYQ15G_cIrN4J-1tN2U-3bucN0I86Dvp40P3GNJSJtl7P_0g3JvOrQ1NNwNZvNvtgJRFZLSDTVVknTyAwXbvRbPp8IgkJ2dnD2qk0c4jrGu245LeaqdHetAnCpBiqTos0rLnu-yDd7V34HMwsJFu1DQM96PmP-9hMz0VJ1bBtMtd9fe9ESKQwHqp5DDe_1N0JOwp3uzl1be4LHUGDn3vdXbcZ4Gu9LgGizxnW63VlaY0oCGIEkw4RltjC32AmnTQhE2pChEAIm3XpOImGqI063q4BdiO3N187vA6warm5Z4ZWAJJyxO_tjiddzq1CNU17vKeqp1yTBEtzVhXVqS3rC0lD85JSVJ2AoURxobYdhRP2EoltEPgrtWZz-427onT4so7vK9nlldoxpZgapXZTGSdwkTo-zKWqggc8w3FLGvUltawDgvICPGsCeA_MHgyzHew6Rs6PpDQSvl2rV0yTKXx9IuxhIoogQ-9D6JiX8U_PeNd_nCPHUcnMvosOl0ZZpBUBgxn6Adb8doKoR2nwJb2DXjbwsgSINA9eQ99MmUVfWQMusMecbUc0p3t-qRboCnNWRpsbyxDHzVrzffPvSS7tuXNBZ06P3JHs-BlcSD3LTorjrnY_hASIXjfLx_-PHydcKvtQghB0e9lLz21REQWetT04X5IdSHM_TuN_oZG_hgNZTpICB6qiOmor9J6nPv0JmRbrIFmQELU3Vs6AYnQ8Y07DC9z1LdbeGBx8olBQuZ-kTe4oa2_kmizcvTldjxhBiCLnB4sXyvey6fC4Juf48TVsxRmsBXm_LEekzeWJppxYcTpu5AZ_nW8oqtmdCO8lsVPj1w-3TzwFyxHmsYMHBNiq8gSxiarfK3RHralvRFAjr0qNCsttzJIRzDJwjR84OsCHD_qfpEzxHZFSrStJ7Lqk28yeLwYW1EeRrYgW6a719qfmnSFfii5xz-a3o0V7Hxwjhh92b51nNdrTDY4rVw2ozrjcSORpjQDFj_KhYNli9IRbfT76djLGkwupBnXrZBW7AUNQJcLWF3dcBCiDkta5CVqcIwJpx9g_d-aECuH5HIrBhleG_qLQt6rdOO50YiQbgeMprscB_UhWsamSM6d0y_pG-gDHC9j1PQtTQAzZy9jwBmc2t7VxR3wyUQPfEm-DUWRDnGmNBdIVK8sVTr9IuHvb8pQJqV43_7jRuQYWLwMTSV0o3zPZ7BgmjQQF3giG0A92GZKXLOWhj9GNxTwObQrV7mXQrNSmJznxu8BMBgTVwBA-2NxmbGkLcXmQW3Xpxcw012hh7nzYCgDmkzIY14m3FbwBlM3C68YsigWtzNXKYN8mQNoE9ntmJvgLFa_qrtUvS7ssFZ_gEgWx3ErtwWbnfP7XW8EJFckhZT5qRCzv5MxjCpv5X9vaJO2IGem-had6PPLsdhIPr4khJWBvNBlEBwfb_KgBBAI-0ckNxuWkkjcBn9UIHhD2Ldh87O56C1Bw9d52rs3g_4J6NwbCs70K68fi0l-lG_UZR8M0TlMhtZsOCim2cjMq3kurP4Lud2GnYq3L6LEQKtbc7M29tpChOjXGaQzbWRWlzheUzQSOLJcVXw8OP0qGpKClYDmXE/https://www.amazon.com/gp/aw/d/B0CN99K1X8/?_encoding=UTF8&pd_rd_plhdr=t&aaxitk=ac441ff1b821de76af24c802507be1e6&hsa_cr_id=0&qid=1784434853&sr=1-3-9e67e56a-6f64-441f-a281-df67fc737124&i=aps&aref=TKCwT7C60J&ref_=sbx__sbtcd_asin_2_bkgd&pd_rd_w=nALLR&content-id=amzn1.sym.2fb72bc8-96ef-420d-b08f-c04b69f36507%3Aamzn1.sym.2fb72bc8-96ef-420d-b08f-c04b69f36507&pf_rd_p=2fb72bc8-96ef-420d-b08f-c04b69f36507&pf_rd_r=W258SB3EGNMTX2VV2WJM&pd_rd_wg=sTGcL&pd_rd_r=2eedfa4d-613f-41e0-8a1a-8b0496259772,"https://m.media-amazon.com/images/I/71V+tRRGaTL._AC_SR160,134_CB1169409_QL70_.jpg",73,排名靠前；价格处于人民币等值¥57.60-¥180.00黄金区间；标题包含 arch support、beach，符合美国女鞋舒适化趋势；评分达到4.0以上。
2026-07-19,amazon_us,product,best_sellers,Best Sellers Women Sandals,15,"Goosecret Women's Comfortable Arch Support Walking Platform Sandals | Lightweight Chunky Slip-On Foam Slides with Adjustable Buckle, Sandals for Beach and Daily Wear",,4.3,$18.99,,,,,,https://www.amazon.com/Goosecret-Platform-Lightweight-Comfortable-Adjustable/dp/B0CZ75N4PP/ref=zg_bs_g_679425011_d_sccl_15/146-4952585-1525954?psc=1,"https://images-na.ssl-images-amazon.com/images/I/61l3YNTRtgL._AC_UL600_SR600,400_.jpg",72,排名进入前30；标题包含 platform、comfort、arch support、beach，符合美国女鞋舒适化趋势；platform + comfort组合趋势加分；评分达到4.3以上。
2026-07-19,amazon_us,product,new_releases,New Releases Women Sandals,27,SHIBEVER Womens Wedge Sandals Dressy: Arch Support Slip-On Comfortable Summer Sandals Open Toe Flower Casual Platform Shoes Size 5-11,,4.5,$28.98,,,,,,https://www.amazon.com/SHIBEVER-Comfortable-Lightweight-Platform-Vacation/dp/B0GZQ2W66D/ref=zg_bsnr_g_679425011_d_sccl_27/132-0879092-8811422?psc=1,"https://images-na.ssl-images-amazon.com/images/I/71s6gVMM2nL._AC_UL600_SR600,400_.jpg",72,排名进入前30；标题包含 platform、comfort、arch support、summer、wedge，符合美国女鞋舒适化趋势；platform + comfort组合趋势加分；评分达到4.3以上。
2026-07-19,amazon_us,product,search,platform sandals women,21,"UBFEN Womens Low Wedge Sandals Comfortable Walking Slides with Arch Support | Soft Cushioned Insoles 2 Adjustable Straps Slip On for Summer, Casual, Home, Quick Outings UBFEN Womens Low Wedge Sandals Comfortable Walking Slides with Arch Support | Soft Cushioned Insoles 2 Ad…",¥244.66,4.5,4.5,,,,,,https://aax-us-east-retail-direct.amazon.com/x/c/JMytpZ1KUJ9-mRsPm89wIvUAAAGfeJsI0wEAAAH2AQBvbm9fdHhuX2JpZDUgICBvbm9fdHhuX2ltcDEgICBiSibX/clv1c_ek-wBPHXJTbbzS5Tc55B45r9Pr-IGpNr3ctMTMKtwysV3PzqGdu_8UUJSkBovp5mf3JjJlH-oOO5ZYPrwlFV7xxNAekg2HnZjWU-emhRsw07i8ArHNjxdi8f_4FEp3U-xQAvvkdfTCXKjhxKQpVFwcZfJd6BnhXqnqxwfXao3rTfSOofBdydttpWdXRLcuNyDa5uBpI_jBZK3MCZ_6gTs2mVcRSpUUvmZH5spO_-E56M7Ifrr3My1c55DvJjOgaRk7j0dG9fqWfDS3MqzdjoFmQy01jnF_4MGe2BSFbCnXOEIH0YaZj4blMSj_OpoANB8nfM7u6X9RkUVGsjNPUqrZCXlNNlNQtFynEegfbNc91Rk4KFAjqVXpXx3nHW8r9dIvFjk056yhlp4RIfJ9HR6tSGn54h2eO4x1imbJeH7BzvDPIkomqJA7o0aPvjBfz7_mppC1M5RLym3ypYey9yxJK1eRMvdBJ1l2ALaJ5He9W7APuZfdfpKzae6Y32Nj290ddLODcb7mmjnsfCpD37NUsZ01V_qi9N65h642X-KFAVPKdzQTEZLI8AA9qHHTKJA7_qSHIqPwMoSKRltOO-boQj1nf9f0MNa_YXNcPmHJkLCdMG2KklrIMMpn2nrjTe1yYva2bARwZsnFtpX9bz8xFHqVfwScnjTCY0CeWaSqTRchVBSxWgeywKLIIFJJcQxgKJTsbN_izKxoavXRyrlcGFg90hWDHZlth_YNZmTaiG7YBbJ1Ix4HB783VUnFnXO05r7ExtgT3Ad7UDpv7PcaAda774uDHgoZLTdA0WlvA67vHjxQHT7XD4H2Y8eyKJupyqdDbMMG3JqUf-m7-1mLlwum-N2bqs-xheRnWbH7LfcaU7kgbIfLUB9X4JMeWp5MC7v405wHcHT03cAqBR4OUDd23FO8AIxCZ1F1u8O57ukI7p8SlxaX9iUCA991ue7aq1ukGw1l44zFmLSmXUVP1IwAfVfNmmYtZqKGnMNjpzbcE8fNpjCOFbvkbnZ2z8ZpY_TW1QNGd9ts9_NYt0HZOPJ-U9RDg15KMhxohLJweDJJdH-v1nBZU7SbYvSWUnCEzEi7KYOaEQAmt9EGZFKFfOrdItInOUFvctpG5N7Cpi-9wsv06FWL0geH6UEtHgCBSyoil98a-LnCVhw44XydAuy6emGSN0Oe28tRKvW0bn-DcE9b8w-dF1oMdT5DgqYQiENd81ORi10hHfoNbhUAkXl7byjzLkzwNC00hh7f8eZ7mhed1lP4xJZdQkSSaBiUdWu2flHk6k9SJ3hJtXQTyaDqVISTS3mrwVuYyDKr5EI-FvwJu7wsVam6cup490YevXL2TxBopTLsj8gta_CLs0QmhjZcwcJmAb7iqbr_jcA-JmyZqer8W5cL32FGYFcc9OvvpUFoNk29ITsciVILDSN-W3GUXBI6b-EOUxFGpD6ZDrXs-96o0nMUGxAdTnhdlBlgo3iqvvCaANB2pOGD6RMthpXJmcvOFnKqg0t-deNL018jqtIlIoQjxTrWYSH3ci20N93e6zOuEi5zXrCd2wTO7NuvQSumoStpPCkpyIkBkq7_8qlzcuY2ENvQ47gj7rpE-Q34hnW9UZ_3ge3QMBIIIPSl-QeEAx3k8MvuuAumcEpkgp-VPyLRTWQE1vY7A4U8NFpCsfxuUQg8CfXfHsFM_lrwMBkZgiGJqIQG0WnC9zrhfrbeMjxgowyWPYlKmAmpcwSD3HA9k/https://www.amazon.com/gp/aw/d/B0G6Y632DZ/?_encoding=UTF8&pd_rd_plhdr=t&aaxitk=46f2007f427cdba2b3d11a9183455d43&hsa_cr_id=0&qid=1784434853&sr=1-10-f02f01d6-adaf-4bef-9a7c-29308eff9043&ref_=sbx__sbtcd2_asin_9_bkgd&pd_rd_w=OgVo6&content-id=amzn1.sym.5159d9cb-0665-4a83-8f64-8881eaba312a%3Aamzn1.sym.5159d9cb-0665-4a83-8f64-8881eaba312a&pf_rd_p=5159d9cb-0665-4a83-8f64-8881eaba312a&pf_rd_r=XVQBQXYSBWYZYMV9K9ZE&pd_rd_wg=5WnLn&pd_rd_r=3b46ede4-9bc8-45ae-894c-f1e07e0990ce,"https://m.media-amazon.com/images/I/71oWoP-QXlL._AC_SR322,134_CB1169409_QL70_.jpg",72,排名进入前30；价格处于人民币等值¥180.00-¥288.00区间；标题包含 comfort、arch support、soft、summer、wedge，符合美国女鞋舒适化趋势；评分达到4.3以上。
2026-07-19,amazon_us,product,search,platform sandals women,31,"Women's Platform Clogs Sandals Cork Footbed with Comfort Double Buckles, Summer Platform Slides Mules, Summer Beach Comfort Wide Widths Availab",¥183.53,4.3,200+ bought in past month,,,,,,https://www.amazon.com/BiuYorBTY-Platform-Sandals-Footbed-Comfort/dp/B0DZ1NT6L9/ref=sr_1_18?dib=eyJ2IjoiMSJ9.3zo6vUgTuNV2_oDBDGXaTRy6K1aDbG3D76D66ZkfndqhShfGe6AEqdQUye1k-95rw9sZsn4b80hgKx8cIPz8O65s-Rc6bLRinfgiB8z1VA61AkHvoFMSha5lcU2jJUMFtajIyKcTmcQ0AF92ZNlPaI73AbyVCgBCfgi6WcZ9jM6Ff07y8CTz5C_JbP6nkMEZB0rIKtWaTAowjA0rg5rUNKS7JBw8zYHQzVPbyOpZlU90aS9ZATwwSMHon7DqQH59POmzotYqsVmA2w7_c84LcBKp4abpK9_gVwgjPc4y3Dw.PBUlsJ0o4_3WfKPbpxWqli-e7YW0PhS59u6Fip17DWE&dib_tag=se&keywords=platform+sandals+women&qid=1784434853&sr=8-18,https://m.media-amazon.com/images/I/716g0SFJuTL._AC_UL320_.jpg,72,排名进入前50；评论数达到50以上；价格处于人民币等值¥180.00-¥288.00区间；标题包含 platform、comfort、beach、summer，符合美国女鞋舒适化趋势；platform + comfort组合趋势加分；评分达到4.3以上。
2026-07-19,amazon_us,product,new_releases,New Releases Women Sandals,5,Project Cloud Platform Sandals Women - Memory Foam Insole Flip Flops and Lightweight Womens Sandals - Non-Slip Summer Thong Sandals for Women 2026 (ELEVATION),,4.4,$39.90,,,,,,https://www.amazon.com/Project-Cloud-Platform-Sandals-Women/dp/B0GTZM2X7L/ref=zg_bsnr_g_679425011_d_sccl_5/132-0879092-8811422?psc=1,"https://images-na.ssl-images-amazon.com/images/I/61E9Kh8oh9L._AC_UL600_SR600,400_.jpg",71,排名靠前；标题包含 cloud、platform、summer，符合美国女鞋舒适化趋势；评分达到4.3以上。
2026-07-19,amazon_us,product,best_sellers,Best Sellers Women Sandals,1,KuaiLu Flip Flops for Women with Arch Support Yoga Mat Comfortable Summer Beach Walking Thong Cushion Sandals Slip On Indoor Outdoor,,4.3,$13.29,,,,,,https://www.amazon.com/KuaiLu-Support-Comfortable-Walking-Sandals/dp/B0C5ZRQS2X/ref=zg_bs_g_679425011_d_sccl_1/146-4952585-1525954?psc=1,"https://images-na.ssl-images-amazon.com/images/I/710PdcSAm6L._AC_UL600_SR600,400_.jpg",70,排名靠前；标题包含 comfort、arch support、beach、summer，符合美国女鞋舒适化趋势；评分达到4.3以上。
2026-07-19,amazon_us,product,best_sellers,Best Sellers Women Sandals,8,ONCAI Women's Flip Flops Comfortable Arch Support Yoga Mat Summer Beach Walking Thong Cushion Sandals Ladies Outdoor Vacation Essentials Slide Shoes Rubber Soles US Size 5-11,,4.4,$13.98,,,,,,https://www.amazon.com/ONCAI-Support-Athletic-Orthotic-Fasciitis/dp/B0D2292JM9/ref=zg_bs_g_679425011_d_sccl_8/146-4952585-1525954?psc=1,"https://images-na.ssl-images-amazon.com/images/I/71iVIX1IyIL._AC_UL600_SR600,400_.jpg",70,排名靠前；标题包含 comfort、arch support、beach、summer，符合美国女鞋舒适化趋势；评分达到4.3以上。
2026-07-19,amazon_us,product,search,women summer slippers,9,GOEWY,¥71.93,4.6,GOEWY,,,,,,https://www.amazon.com/GOEWY-Slippers-Outdoor-Slipper-Bridesmaid/dp/B0DT12FRRT/ref=sr_1_6?dib=eyJ2IjoiMSJ9.edQbWdZgRC57j1GkLLh3ypLpGy5JjTF-VSN3Bkds4s6Z7XN1biWVvUmm3ko_Er2x5pXSMH0QsST4UOlft_S2gR1Ug3JruV0whaZZxP19Dt9S1Gbl4jYFd-1Ya97kB3gXtpPYtUQrJvhJwSHc4CgVARVxBlaj0kd92nskD_CsP4hrM45jDUuNEvZNI6QD89IrlOxccYAFZg1KbhxWLaXoBUZnUDGDkAyekaRmb9VQds6mWKrTLUyZQi0lh2Sm-p1mpDtisj2ym9TVEEVo4M-wDDm-r5yTtFTbDaogY65Y4vc.r0-B_Mae2SbmRc0fdQztF80KX2cGwIToIP77NLFGwPY&dib_tag=se&keywords=women+summer+slippers&qid=1784434852&sr=8-6,https://m.media-amazon.com/images/I/612fmVMoiKL._AC_UL320_.jpg,70,排名靠前；价格处于人民币等值¥57.60-¥180.00黄金区间；评分达到4.6以上。
2026-07-19,amazon_us,product,search,platform sandals women,9,Project Cloud,¥287.28,4.3,Project Cloud,,,,,,https://www.amazon.com/Project-Cloud-Platform-Sandals-Footwear/dp/B0DR3K9KR4/ref=sr_1_6?dib=eyJ2IjoiMSJ9.3zo6vUgTuNV2_oDBDGXaTRy6K1aDbG3D76D66ZkfndqhShfGe6AEqdQUye1k-95rw9sZsn4b80hgKx8cIPz8O65s-Rc6bLRinfgiB8z1VA61AkHvoFMSha5lcU2jJUMFtajIyKcTmcQ0AF92ZNlPaI73AbyVCgBCfgi6WcZ9jM6Ff07y8CTz5C_JbP6nkMEZB0rIKtWaTAowjA0rg5rUNKS7JBw8zYHQzVPbyOpZlU90aS9ZATwwSMHon7DqQH59POmzotYqsVmA2w7_c84LcBKp4abpK9_gVwgjPc4y3Dw.PBUlsJ0o4_3WfKPbpxWqli-e7YW0PhS59u6Fip17DWE&dib_tag=se&keywords=platform+sandals+women&qid=1784434853&sr=8-6,https://m.media-amazon.com/images/I/71lJvDGljyL._AC_UL320_.jpg,70,排名靠前；价格处于人民币等值¥180.00-¥288.00区间；标题包含 cloud，符合美国女鞋舒适化趋势；评分达到4.3以上。
2026-07-19,amazon_us,product,new_releases,New Releases Women Sandals,16,"CUSHIONAIRE Eden Footbed Sandals for Women, Comfortable Arch Support Womens Sandals with Platform, Slingback Strap and Memory Foam",,4.2,$39.99,,,,,,https://www.amazon.com/CUSHIONAIRE-Footbed-Comfortable-Platform-Slingback/dp/B0GXWTGSS5/ref=zg_bsnr_g_679425011_d_sccl_16/132-0879092-8811422?psc=1,"https://images-na.ssl-images-amazon.com/images/I/71GnsiZqPhL._AC_UL600_SR600,400_.jpg",69,排名进入前30；标题包含 platform、comfort、arch support，符合美国女鞋舒适化趋势；platform + comfort组合趋势加分；评分达到4.0以上。
2026-07-19,amazon_us,product,new_releases,New Releases Women Sandals,29,IDIFU Women's Wedge Thong Flip Flops Platform Round Toe Slip On Slides Sandals Comfortable Cushioned Summer Pool Beach Casual Wedge Heels,,4.2,$32.78,,,,,,https://www.amazon.com/IDIFU-Platform-Sandals-Comfortable-Cushioned/dp/B0GXTZM6N4/ref=zg_bsnr_g_679425011_d_sccl_29/132-0879092-8811422?psc=1,"https://images-na.ssl-images-amazon.com/images/I/71rQjmDLrRL._AC_UL600_SR600,400_.jpg",69,排名进入前30；标题包含 platform、comfort、beach、summer、wedge，符合美国女鞋舒适化趋势；platform + comfort组合趋势加分；评分达到4.0以上。
2026-07-19,amazon_us,product,best_sellers,Best Sellers Women Sandals,5,"ODOLY Unisex Comfortable Cork Footbed Slide Sandals with Arch Support | Adjustable Buckle, Lightweight Summer Sandals for Travel and Everyday Wear",,4.5,$19.99,,,,,,https://www.amazon.com/ODOLY-Footbed-Comfortable-Sandals-Adjustable/dp/B0CSMN1X4W/ref=zg_bs_g_679425011_d_sccl_5/146-4952585-1525954?psc=1,"https://images-na.ssl-images-amazon.com/images/I/61iYsM+H9QL._AC_UL600_SR600,400_.jpg",67,排名靠前；标题包含 comfort、arch support、summer，符合美国女鞋舒适化趋势；评分达到4.3以上。
2026-07-19,amazon_us,product,search,women summer slippers,6,WHITIN,¥71.93,4.3,WHITIN,,,,,,https://www.amazon.com/WHITIN-Slippers-Cushioned-Fashionable-Lightweight/dp/B0C1C17KH8/ref=sr_1_3?dib=eyJ2IjoiMSJ9.edQbWdZgRC57j1GkLLh3ypLpGy5JjTF-VSN3Bkds4s6Z7XN1biWVvUmm3ko_Er2x5pXSMH0QsST4UOlft_S2gR1Ug3JruV0whaZZxP19Dt9S1Gbl4jYFd-1Ya97kB3gXtpPYtUQrJvhJwSHc4CgVARVxBlaj0kd92nskD_CsP4hrM45jDUuNEvZNI6QD89IrlOxccYAFZg1KbhxWLaXoBUZnUDGDkAyekaRmb9VQds6mWKrTLUyZQi0lh2Sm-p1mpDtisj2ym9TVEEVo4M-wDDm-r5yTtFTbDaogY65Y4vc.r0-B_Mae2SbmRc0fdQztF80KX2cGwIToIP77NLFGwPY&dib_tag=se&keywords=women+summer+slippers&qid=1784434852&sr=8-3,https://m.media-amazon.com/images/I/71nA8egRirL._AC_UL320_.jpg,67,排名靠前；价格处于人民币等值¥57.60-¥180.00黄金区间；评分达到4.3以上。
2026-07-19,amazon_us,product,search,women summer slippers,8,Litfun,¥136.73,4.4,Litfun,,,,,,https://www.amazon.com/Litfun-Orthopedic-Slippers-Support-Corduroy/dp/B0FH4NQLCJ/ref=sr_1_5?dib=eyJ2IjoiMSJ9.edQbWdZgRC57j1GkLLh3ypLpGy5JjTF-VSN3Bkds4s6Z7XN1biWVvUmm3ko_Er2x5pXSMH0QsST4UOlft_S2gR1Ug3JruV0whaZZxP19Dt9S1Gbl4jYFd-1Ya97kB3gXtpPYtUQrJvhJwSHc4CgVARVxBlaj0kd92nskD_CsP4hrM45jDUuNEvZNI6QD89IrlOxccYAFZg1KbhxWLaXoBUZnUDGDkAyekaRmb9VQds6mWKrTLUyZQi0lh2Sm-p1mpDtisj2ym9TVEEVo4M-wDDm-r5yTtFTbDaogY65Y4vc.r0-B_Mae2SbmRc0fdQztF80KX2cGwIToIP77NLFGwPY&dib_tag=se&keywords=women+summer+slippers&qid=1784434852&sr=8-5,https://m.media-amazon.com/images/I/713-nTTXUXL._AC_UL320_.jpg,67,排名靠前；价格处于人民币等值¥57.60-¥180.00黄金区间；评分达到4.3以上。
2026-07-19,amazon_us,product,search,women summer slippers,10,EverFoams,¥136.66,4.5,EverFoams,,,,,,https://www.amazon.com/EverFoams-Womens-Slippers-Memory-Outdoor/dp/B0CLGNYKFR/ref=sr_1_7?dib=eyJ2IjoiMSJ9.edQbWdZgRC57j1GkLLh3ypLpGy5JjTF-VSN3Bkds4s6Z7XN1biWVvUmm3ko_Er2x5pXSMH0QsST4UOlft_S2gR1Ug3JruV0whaZZxP19Dt9S1Gbl4jYFd-1Ya97kB3gXtpPYtUQrJvhJwSHc4CgVARVxBlaj0kd92nskD_CsP4hrM45jDUuNEvZNI6QD89IrlOxccYAFZg1KbhxWLaXoBUZnUDGDkAyekaRmb9VQds6mWKrTLUyZQi0lh2Sm-p1mpDtisj2ym9TVEEVo4M-wDDm-r5yTtFTbDaogY65Y4vc.r0-B_Mae2SbmRc0fdQztF80KX2cGwIToIP77NLFGwPY&dib_tag=se&keywords=women+summer+slippers&qid=1784434852&sr=8-7,https://m.media-amazon.com/images/I/81rGYT3pkaL._AC_UL320_.jpg,67,排名靠前；价格处于人民币等值¥57.60-¥180.00黄金区间；评分达到4.3以上。
2026-07-19,amazon_us,product,search,women slides,5,shevalues,¥143.93,4.4,shevalues,,,,,,https://www.amazon.com/sspa/click?ie=UTF8&spc=MToyNDM2NDQwODAyNTM0ODExOjE3ODQ0MzQ4NTM6c3BfYXRmOjMwMTIxOTgxNzU4MzgwMjo6MDo6&url=%2Fshevalues-Comfort-Sandals-Support-Adjustable%2Fdp%2FB0GG1VL4SZ%2Fref%3Dsr_1_2_sspa%3Fdib%3DeyJ2IjoiMSJ9.RrPumS3Ni8XWS9mPWZVEoM68tCRiXv-6Rmzdh4DjH1MzGv4H7NoifoMiv2JYov8uyHyBuyhKhKHWyH9mKEi1UE5sGOm_0aOXq-0ygN6ZYTTvSzasNotLuoU65jOATHNlH8xfpT749HChbKPgH36AE2xVTukRV5NC8LLzt18j_v04RmaPbp-_xzrpx5TjkmVaG_kRSGifN6biX7yQ1IcriBltl7RpjS6tIHzX3wJ_1YWLAAibnGYxJ8Cp8aNg0llJZtUFJhUr2ziEj6FtIT4w0gbbnWZRuoYe0C_NA1TLzW0.S-7JH4lrisMoi9MvyYBsBRiW3iQpoTXLM8ervMd5NXY%26dib_tag%3Dse%26keywords%3Dwomen%2Bslides%26qid%3D1784434853%26sr%3D8-2-spons%26sp_csd%3Dd2lkZ2V0TmFtZT1zcF9hdGY%26psc%3D1,https://m.media-amazon.com/images/I/71N1gcg2qHL._AC_UL320_.jpg,67,排名靠前；价格处于人民币等值¥57.60-¥180.00黄金区间；评分达到4.3以上。
2026-07-19,amazon_us,product,search,women slides,6,Goosecret,¥136.73,4.5,Goosecret,,,,,,https://www.amazon.com/sspa/click?ie=UTF8&spc=MToyNDM2NDQwODAyNTM0ODExOjE3ODQ0MzQ4NTM6c3BfYXRmOjMwMTMzNDM5Mzg3MDYwMjo6MDo6&url=%2FGoosecret-Platform-Comfortable-Lightweight-Adjustable%2Fdp%2FB0BZ7K2R1S%2Fref%3Dsr_1_3_sspa%3Fdib%3DeyJ2IjoiMSJ9.RrPumS3Ni8XWS9mPWZVEoM68tCRiXv-6Rmzdh4DjH1MzGv4H7NoifoMiv2JYov8uyHyBuyhKhKHWyH9mKEi1UE5sGOm_0aOXq-0ygN6ZYTTvSzasNotLuoU65jOATHNlH8xfpT749HChbKPgH36AE2xVTukRV5NC8LLzt18j_v04RmaPbp-_xzrpx5TjkmVaG_kRSGifN6biX7yQ1IcriBltl7RpjS6tIHzX3wJ_1YWLAAibnGYxJ8Cp8aNg0llJZtUFJhUr2ziEj6FtIT4w0gbbnWZRuoYe0C_NA1TLzW0.S-7JH4lrisMoi9MvyYBsBRiW3iQpoTXLM8ervMd5NXY%26dib_tag%3Dse%26keywords%3Dwomen%2Bslides%26qid%3D1784434853%26sr%3D8-3-spons%26sp_csd%3Dd2lkZ2V0TmFtZT1zcF9hdGY%26psc%3D1,https://m.media-amazon.com/images/I/61HSQ2aKNuL._AC_UL320_.jpg,67,排名靠前；价格处于人民币等值¥57.60-¥180.00黄金区间；评分达到4.3以上。
2026-07-19,amazon_us,product,search,women slides,8,adidas,¥151.13,4.4,Products highlighted as 'Overall Pick' are:,,,,,,https://www.amazon.com/adidas-Unisex-Adilette-Shower-Sandal/dp/B091ZGQF6G/ref=sr_1_5?dib=eyJ2IjoiMSJ9.RrPumS3Ni8XWS9mPWZVEoM68tCRiXv-6Rmzdh4DjH1MzGv4H7NoifoMiv2JYov8uyHyBuyhKhKHWyH9mKEi1UE5sGOm_0aOXq-0ygN6ZYTTvSzasNotLuoU65jOATHNlH8xfpT749HChbKPgH36AE2xVTukRV5NC8LLzt18j_v04RmaPbp-_xzrpx5TjkmVaG_kRSGifN6biX7yQ1IcriBltl7RpjS6tIHzX3wJ_1YWLAAibnGYxJ8Cp8aNg0llJZtUFJhUr2ziEj6FtIT4w0gbbnWZRuoYe0C_NA1TLzW0.S-7JH4lrisMoi9MvyYBsBRiW3iQpoTXLM8ervMd5NXY&dib_tag=se&keywords=women+slides&qid=1784434853&sr=8-5,https://m.media-amazon.com/images/I/61CCABduhML._AC_UL320_.jpg,67,排名靠前；价格处于人民币等值¥57.60-¥180.00黄金区间；评分达到4.3以上。
2026-07-19,amazon_us,product,search,women slides,10,DREAM PAIRS,¥165.53,4.4,DREAM PAIRS,,,,,,https://www.amazon.com/sspa/click?ie=UTF8&spc=MTo2MDI5MjY4ODcyMzg3MTU6MTc4NDQzNDg1MzpzcF9zZWFyY2hfdGhlbWF0aWM6MzAxMjIwMjEwMzg2NzAyOjowOjo&url=%2FDREAM-PAIRS-Comfortable-Adjustable-DWUMSS2547%2Fdp%2FB0DQY1NJPS%2Fref%3Dsxin_19_pa_sp_search_thematic_sspa%3Fcontent-id%3Damzn1.sym.71e21d01-9c92-451d-b99d-ee0a33f40110%253Aamzn1.sym.71e21d01-9c92-451d-b99d-ee0a33f40110%26cv_ct_cx%3Dwomen%2Bslides%26keywords%3Dwomen%2Bslides%26pd_rd_i%3DB0DQY1NJPS%26pd_rd_r%3Db379a46b-9dd5-47a4-9625-9c0229415097%26pd_rd_w%3DF3Fvk%26pd_rd_wg%3DOjfmL%26pf_rd_p%3D71e21d01-9c92-451d-b99d-ee0a33f40110%26pf_rd_r%3DW258SB3EGNMTX2VV2WJM%26qid%3D1784434853%26sbo%3DRZvfv%252F%252FHxDF%252BO5021pAnSA%253D%253D%26sr%3D1-1-2c727eeb-987f-452f-86bd-c2978cc9d8b9-spons%26aref%3DaJ6Xm6kBh9%26sp_csd%3Dd2lkZ2V0TmFtZT1zcF9zZWFyY2hfdGhlbWF0aWM%26psc%3D1&aref=aJ6Xm6kBh9,https://m.media-amazon.com/images/I/71RC3JbWZqL._AC_UL320_.jpg,67,排名靠前；价格处于人民币等值¥57.60-¥180.00黄金区间；评分达到4.3以上。
2026-07-19,amazon_us,product,search,platform sandals women,13,"UBFEN Womens Hiking Sandals Outdoors Water Sport Arch Support | Comfortable Adjustable Ankle Strap, Lightweight Suitable for Beach, Travel, Golf and Daily Wear UBFEN Womens Hiking Sandals Outdoors Water Sport Arch Support | Comfortable Adjustable An…",¥287.71,4.5,4.5,,,,,,https://aax-us-east-retail-direct.amazon.com/x/c/JMytpZ1KUJ9-mRsPm89wIvUAAAGfeJsI0wEAAAH2AQBvbm9fdHhuX2JpZDUgICBvbm9fdHhuX2ltcDEgICBiSibX/clv1c_ek-wBPHXJTbbzS5Tc55B45r9Pr-IGpNr3ctMTMKtwysV3PzqGdu_8UUJSkBovp5mf3JjJlH-oOO5ZYPrwlFV7xxNAekg2HnZjWU-emhRsw07i8ArHNjxdi8f_4FEp3U-xQAvvkdfTCXKjhxKQpVFwcZfJd6BnhXqnqxwfXao3rTfSOofBdydttpWdXRLcuNyDa5uBpI_jBZK3MCZ_6gTs2mVcRSpUUvmZH5spO_-E56M7Ifrr3My1c55DvJjOgaRk7j0dG9fqWfDS3MqzdjoFmQy01jnF_4MGe2BSFbCnXOEIH0YaZj4blMSj_OpoANB8nfM7u6X9RkUVGsjNPUqrZCXlNNlNQtFynEegfbNc91Rk4KFAjqVXpXx3nHW8r9dIvFjk056yhlp4RIfJ9HR6tSGn54h2eO4x1imbJeH7BzvDPIkomqJA7o0aPvjBfz7_mppC1M5RLym3ypYey9yxJK1eRMvdBJ1l2ALaJ5He9W7APuZfdfpKzae6Y32Nj290ddLODcb7mmjnsfCpD37NUsZ01V_qi9N65h642X-KFAVPKdzQTEZLI8AA9qHHTKJA7_qSHIqPwMoSKRltOO-boQj1nf9f0MNa_YXNcPmHJkLCdMG2KklrIMMpn2nrjTe1yYva2bARwZsnFtpX9bz8xFHqVfwScnjTCY0CeWaSqTRchVBSxWgeywKLIIFJJcQxgKJTsbN_izKxoavXRyrlcGFg90hWDHZlth_YNZmTaiG7YBbJ1Ix4HB783VUnFnXO05r7ExtgT3Ad7UDpv7PcaAda774uDHgoZLTdA0WlvA67vHjxQHT7XD4H2Y8eyKJupyqdDbMMG3JqUf-m7-1mLlwum-N2bqs-xheRnWbH7LfcaU7kgbIfLUB9X4JMeWp5MC7v405wHcHT03cAqBR4OUDd23FO8AIxCZ1F1u8O57ukI7p8SlxaX9iUCA991ue7aq1ukGw1l44zFmLSmXUVP1IwAfVfNmmYtZqKGnMNjpzbcE8fNpjCOFbvkbnZ2z8ZpY_TW1QNGd9ts9_NYt0HZOPJ-U9RDg15KMhxohLJweDJJdH-v1nBZU7SbYvSWUnCEzEi7KYOaEQAmt9EGZFKFfOrdItInOUFvctpG5N7Cpi-9wsv06FWL0geH6UEtHgCBSyoil98a-LnCVhw44XydAuy6emGSN0Oe28tRKvW0bn-DcE9b8w-dF1oMdT5DgqYQiENd81ORi10hHfoNbhUAkXl7byjzLkzwNC00hh7f8eZ7mhed1lP4xJZdQkSSaBiUdWu2flHk6k9SJ3hJtXQTyaDqVISTS3mrwVuYyDKr5EI-FvwJu7wsVam6cup490YevXL2TxBopTLsj8gta_CLs0QmhjZcwcJmAb7iqbr_jcA-JmyZqer8W5cL32FGYFcc9OvvpUFoNk29ITsciVILDSN-W3GUXBI6b-EOUxFGpD6ZDrXs-96o0nMUGxAdTnhdlBlgo3iqvvCaANB2pOGD6RMthpXJmcvOFnKqg0t-deNL018jqtIlIoQjxTrWYSH3ci20N93e6zOuEi5zXrCd2wTO7NuvQSumoStpPCkpyIkBkq7_8qlzcuY2ENvQ47gj7rpE-Q34hnW9UZ_3ge3QMBIIIPSl-QeEAx3k8MvuuAumcEpkgp-VPyLRTWQE1vY7A4U8NFpCsfxuUQg8CfXfHsFM_lrwMBkZgiGJqIQG0WnC9zrhfrbeMjxgowyWPYlKmAmpcwSD3HA9k/https://www.amazon.com/gp/aw/d/B0DRNYFRSZ/?_encoding=UTF8&pd_rd_plhdr=t&aaxitk=46f2007f427cdba2b3d11a9183455d43&hsa_cr_id=0&qid=1784434853&sr=1-2-f02f01d6-adaf-4bef-9a7c-29308eff9043&ref_=sbx__sbtcd2_asin_1_bkgd&pd_rd_w=OgVo6&content-id=amzn1.sym.5159d9cb-0665-4a83-8f64-8881eaba312a%3Aamzn1.sym.5159d9cb-0665-4a83-8f64-8881eaba312a&pf_rd_p=5159d9cb-0665-4a83-8f64-8881eaba312a&pf_rd_r=XVQBQXYSBWYZYMV9K9ZE&pd_rd_wg=5WnLn&pd_rd_r=3b46ede4-9bc8-45ae-894c-f1e07e0990ce,"https://m.media-amazon.com/images/I/717GNQe0uTL._AC_SR322,134_CB1169409_QL70_.jpg",67,排名进入前30；价格处于人民币等值¥180.00-¥288.00区间；标题包含 comfort、arch support、beach，符合美国女鞋舒适化趋势；评分达到4.3以上。
2026-07-19,amazon_us,product,search,platform sandals women,14,UBFEN Womens Hiking Sandals Comfortable Walking Sandals Summer Sport Breathable Arch Support UBFEN Womens Hiking Sandals Comfortable Walking Sandals Summer Sport Breathable Arch Support,¥287.78,4.5,4.5,,,,,,https://aax-us-east-retail-direct.amazon.com/x/c/JMytpZ1KUJ9-mRsPm89wIvUAAAGfeJsI0wEAAAH2AQBvbm9fdHhuX2JpZDUgICBvbm9fdHhuX2ltcDEgICBiSibX/clv1c_ek-wBPHXJTbbzS5Tc55B45r9Pr-IGpNr3ctMTMKtwysV3PzqGdu_8UUJSkBovp5mf3JjJlH-oOO5ZYPrwlFV7xxNAekg2HnZjWU-emhRsw07i8ArHNjxdi8f_4FEp3U-xQAvvkdfTCXKjhxKQpVFwcZfJd6BnhXqnqxwfXao3rTfSOofBdydttpWdXRLcuNyDa5uBpI_jBZK3MCZ_6gTs2mVcRSpUUvmZH5spO_-E56M7Ifrr3My1c55DvJjOgaRk7j0dG9fqWfDS3MqzdjoFmQy01jnF_4MGe2BSFbCnXOEIH0YaZj4blMSj_OpoANB8nfM7u6X9RkUVGsjNPUqrZCXlNNlNQtFynEegfbNc91Rk4KFAjqVXpXx3nHW8r9dIvFjk056yhlp4RIfJ9HR6tSGn54h2eO4x1imbJeH7BzvDPIkomqJA7o0aPvjBfz7_mppC1M5RLym3ypYey9yxJK1eRMvdBJ1l2ALaJ5He9W7APuZfdfpKzae6Y32Nj290ddLODcb7mmjnsfCpD37NUsZ01V_qi9N65h642X-KFAVPKdzQTEZLI8AA9qHHTKJA7_qSHIqPwMoSKRltOO-boQj1nf9f0MNa_YXNcPmHJkLCdMG2KklrIMMpn2nrjTe1yYva2bARwZsnFtpX9bz8xFHqVfwScnjTCY0CeWaSqTRchVBSxWgeywKLIIFJJcQxgKJTsbN_izKxoavXRyrlcGFg90hWDHZlth_YNZmTaiG7YBbJ1Ix4HB783VUnFnXO05r7ExtgT3Ad7UDpv7PcaAda774uDHgoZLTdA0WlvA67vHjxQHT7XD4H2Y8eyKJupyqdDbMMG3JqUf-m7-1mLlwum-N2bqs-xheRnWbH7LfcaU7kgbIfLUB9X4JMeWp5MC7v405wHcHT03cAqBR4OUDd23FO8AIxCZ1F1u8O57ukI7p8SlxaX9iUCA991ue7aq1ukGw1l44zFmLSmXUVP1IwAfVfNmmYtZqKGnMNjpzbcE8fNpjCOFbvkbnZ2z8ZpY_TW1QNGd9ts9_NYt0HZOPJ-U9RDg15KMhxohLJweDJJdH-v1nBZU7SbYvSWUnCEzEi7KYOaEQAmt9EGZFKFfOrdItInOUFvctpG5N7Cpi-9wsv06FWL0geH6UEtHgCBSyoil98a-LnCVhw44XydAuy6emGSN0Oe28tRKvW0bn-DcE9b8w-dF1oMdT5DgqYQiENd81ORi10hHfoNbhUAkXl7byjzLkzwNC00hh7f8eZ7mhed1lP4xJZdQkSSaBiUdWu2flHk6k9SJ3hJtXQTyaDqVISTS3mrwVuYyDKr5EI-FvwJu7wsVam6cup490YevXL2TxBopTLsj8gta_CLs0QmhjZcwcJmAb7iqbr_jcA-JmyZqer8W5cL32FGYFcc9OvvpUFoNk29ITsciVILDSN-W3GUXBI6b-EOUxFGpD6ZDrXs-96o0nMUGxAdTnhdlBlgo3iqvvCaANB2pOGD6RMthpXJmcvOFnKqg0t-deNL018jqtIlIoQjxTrWYSH3ci20N93e6zOuEi5zXrCd2wTO7NuvQSumoStpPCkpyIkBkq7_8qlzcuY2ENvQ47gj7rpE-Q34hnW9UZ_3ge3QMBIIIPSl-QeEAx3k8MvuuAumcEpkgp-VPyLRTWQE1vY7A4U8NFpCsfxuUQg8CfXfHsFM_lrwMBkZgiGJqIQG0WnC9zrhfrbeMjxgowyWPYlKmAmpcwSD3HA9k/https://www.amazon.com/gp/aw/d/B0DSBBKHPS/?_encoding=UTF8&pd_rd_plhdr=t&aaxitk=46f2007f427cdba2b3d11a9183455d43&hsa_cr_id=0&qid=1784434853&sr=1-3-f02f01d6-adaf-4bef-9a7c-29308eff9043&ref_=sbx__sbtcd2_asin_2_bkgd&pd_rd_w=OgVo6&content-id=amzn1.sym.5159d9cb-0665-4a83-8f64-8881eaba312a%3Aamzn1.sym.5159d9cb-0665-4a83-8f64-8881eaba312a&pf_rd_p=5159d9cb-0665-4a83-8f64-8881eaba312a&pf_rd_r=XVQBQXYSBWYZYMV9K9ZE&pd_rd_wg=5WnLn&pd_rd_r=3b46ede4-9bc8-45ae-894c-f1e07e0990ce,"https://m.media-amazon.com/images/I/71Z6cqgY7dL._AC_SR322,134_CB1169409_QL70_.jpg",67,排名进入前30；价格处于人民币等值¥180.00-¥288.00区间；标题包含 comfort、arch support、summer，符合美国女鞋舒适化趋势；评分达到4.3以上。
2026-07-19,amazon_us,product,best_sellers,Best Sellers Women Sandals,26,"FUNKYMONKEY Jelly Sandals for Women with Adjustable Buckle, Comfortable Chunky Slip-on Beach Slides, Waterproof Platform Shoes for Pool Shower Casual Wear",,4.1,$17.09,,,,,,https://www.amazon.com/FUNKYMONKEY-Comfort-Adjustable-Sandals-US-Women/dp/B07CV9YZBB/ref=zg_bs_g_679425011_d_sccl_26/146-4952585-1525954?psc=1,"https://images-na.ssl-images-amazon.com/images/I/51o3wxcasIL._AC_UL600_SR600,400_.jpg",66,排名进入前30；标题包含 platform、comfort、beach，符合美国女鞋舒适化趋势；platform + comfort组合趋势加分；评分达到4.0以上。
2026-07-19,amazon_us,product,best_sellers,Best Sellers Women Sandals,29,Project Cloud 100% Genuine Leather Footbed Sandals for Women 2026 Comfortable Beach Essentials Womens Sandals Memory Foam Vacation Essentials Slides for Women Footwear (Santorini),,4.2,$39.90,,,,,,https://www.amazon.com/Project-Cloud-Comfortable-Essentials-Santorini/dp/B0FWD788GL/ref=zg_bs_g_679425011_d_sccl_29/146-4952585-1525954?psc=1,"https://images-na.ssl-images-amazon.com/images/I/81E42ohG3OL._AC_UL600_SR600,400_.jpg",66,排名进入前30；标题包含 cloud、comfort、beach，符合美国女鞋舒适化趋势；cloud + slides组合趋势加分；评分达到4.0以上。
2026-07-19,amazon_us,product,search,platform sandals women,3,Sorel Women's Sunpeak Platform Sandal Sorel Women's Sunpeak Platform Sandal,¥702.00,4.8,,,,,,,https://aax-us-east-retail-direct.amazon.com/x/c/JFJTYzUyjNHDqc8tNBIzUlgAAAGfeJsI0wEAAAH2AQBvbm9fdHhuX2JpZDMgICBvbm9fdHhuX2ltcDEgICA9jWE8/clv1c_ek-wBfHXFbbWzjO3YitAsT4pbaI6aKYOHMz78RskmgHfjyYCcnbY0JzB91sJs_v0tt2aIhiaG6VL8fglPpkpnSPm6ZDvrJrz6yxkTxWlH8RVBxfsl_-91M065PFYPsKZXY2pQa8kCTMbpzTgpNqdyJDZuJXcltAi00L02Efe7MacWkCxuV2lJjET78v0WWhkHfOI0G_zL8auFWT1DeXoaGCHN_W5RD5nwAHuU4sVMc0HSTPHlKL0ZMhOM0MXDqtxy1TxZFQ0bMwKSPfXj0tISWEIp5txkVvDGxwuw9sa_-aQGFnLVYnb8eYIsUliZ4Sqx6Ud3xcrAOtD5UrT5MYKaAJB1iF1ZM4USKfQWDyU8l1h5s1tLEl3i95xcvu87UkC4zDSRBsSIF38ldPF-WJzC9t5heyllljlVH9qx9w1RY80x8Iihs45AgvGLbJpiXz_en9s2hvLvg4EUt367xNMgarmNQ1C5PUhXxKnydBggIzO00BHwYQX1pMpdMVSjCIoZu-lW35CepDGLz5mjV06lqLeRK5iMfUPEmuSmtI5H2k2VFqmgXy0RsMDWP07ncCPLY2Y0OTcQ-urDoMf3QZj5kWye7AupSAFJYT_B5ZD3LOCWUGn8mMLOXZtDAuwEOAsCCnkbZ7EkGp18AxiBU9-elHLHaknnkehCDnfVCRlifJw00DWIXeEnM30-IgoE9mxKPD3W-Pqzo-1uUid3vHs9kT5ohHeQD8RfNBYAU3D7qZai7w7y7ozNxA1LnnAyVo6JTYODA2pMvfo13xrsr9voxvL4EQpvfVecflme83RLfjmkh59EZjyP2oAH9_VTX5F2ivAFlzW0JdmmK7tBGkQOEMmANgYR5F3xYcJuo1DuuWlPJoxjmzVRNezAJNz5bpW-ReQl2TjoQY5QqnazIm9K662FrtnTmMTiek_L_AF-QNG0Rm3nAyE3C7uh7TvSNuL7dEfPckEiAh7v2XhjijZCm8ZQhqEbNzQShxBrZv0x-Jtw4P52WX6nlyE4X541K0l8pt3RVbjYPQ2U-PM7MHfEpE7lLdnp5GKJgi6HHG9ocJnduP3ZSe0kz-b0e8KhDBl60Qnpi0PrqM7a7RWukhHGDHITmXEn2REfEKzAHFtGGXdCn8tgl_VQtuWGVCLogZgZ7nGqRa0lLW2WGEIoWoOftIrHhORlY4yG-d7F-kd9OiNbXJV9L-zPo7iXF_4m4kKukx38q4BoeodsmeG4Je2hwsmrXi7Wb6aYEv-Sls_rWWT0qHo-k5vEmCWXPrj1xBSNKx95SDpK9fY8qHD8RmTKDFG883wfTohGdc6D_jsKT0C9JQ7mvJwIm0AzWfCkyshRSuCjJC-o7goQPS1aGx8Ko1jRraJTAxYUhBdMCp3GrB7efrRWQ5u4BESq0ugCLHlV9yJDV-Wc_kUP9nE5pc714LgfwKoJsD_TnSrzyVsarPh5IXtxzAHe9HtZTqyIbTidlD8BEBaDhIpRe_5Aiul1DTA_1sdy98kwaUi3yluDI6RiT5pBCR14QprSZw9fY_aNEkUCJYC9k0ySAPRRmKlEE8mnHqrBXEspMMSO3hfLozttqAN2DMbhOTcSbPAojk66tGpONSEED_mzcD-hBHP5WwYKw_vBludcyBsYUdbZOO_17FCaXloBZVQp53wkxc514UIujZYpL2sbfr5ZNZpiSuvwNttNhz5JRea/https://www.amazon.com/gp/aw/d/B0F8DF6JD8/?_encoding=UTF8&pd_rd_plhdr=t&aaxitk=b8fdff5d0a92fb43ad129171fd02a1a5&hsa_cr_id=0&qid=1784434853&sr=1-3-9e67e56a-6f64-441f-a281-df67fc737124&i=aps&aref=rDDkVfxPg8&ref_=sbx__sbtcd_asin_2_bkgd&pd_rd_w=HEWE9&content-id=amzn1.sym.2fb72bc8-96ef-420d-b08f-c04b69f36507%3Aamzn1.sym.2fb72bc8-96ef-420d-b08f-c04b69f36507&pf_rd_p=2fb72bc8-96ef-420d-b08f-c04b69f36507&pf_rd_r=XVQBQXYSBWYZYMV9K9ZE&pd_rd_wg=zKT1z&pd_rd_r=56190399-1553-4c3d-beb9-8eaba7d09046,"https://m.media-amazon.com/images/I/61jQ5aKvWfL._AC_SR160,134_CB1169409_QL70_.jpg",66,排名靠前；价格高于人民币等值¥288.00；标题包含 platform，符合美国女鞋舒适化趋势；评分达到4.6以上。
2026-07-19,amazon_us,product,best_sellers,Best Sellers Women Sandals,9,OOFOS OOahh Recovery Slide - Women’s and Men’s,,4.4,$59.95,,,,,,https://www.amazon.com/OOFOS-Unisex-Ooahh-Slide-Sandal/dp/B00BRC4L14/ref=zg_bs_g_679425011_d_sccl_9/146-4952585-1525954?psc=1,"https://images-na.ssl-images-amazon.com/images/I/51NSD3PLF-L._AC_UL600_SR600,400_.jpg",65,排名靠前；评论数达到50以上；标题包含 recovery，符合美国女鞋舒适化趋势；评分达到4.3以上。
2026-07-19,amazon_us,product,new_releases,New Releases Women Sandals,41,COFACE Womens Rhinestone Orthopedic Flip Flops Lightweight Yoga Mat Thick Cushioned Recovery Walking Thong Sandals Adjustable Summer Beach Slippers with Comfortable Plantar Fasciitis Arch Support,,4.6,$32.99,,,,,,https://www.amazon.com/COFACE-Rhinestone-Orthopedic-Cushioned-Comfortable/dp/B0GVM9RTK4/ref=zg_bsnr_g_679425011_d_sccl_41/146-4952585-1525954?psc=1,"https://images-na.ssl-images-amazon.com/images/I/81vO0UeScgL._AC_UL300_SR300,200_.jpg",65,排名进入前50；标题包含 recovery、orthopedic、comfort、arch support、beach、summer，符合美国女鞋舒适化趋势；orthopedic + arch support组合趋势加分；评分达到4.6以上。
2026-07-19,amazon_us,product,best_sellers,Best Sellers Women Sandals,2,mazeskin Women's Memory Foam Comfortable Flat Thong Sandals Dressy Summer Beach Leather Slide Flip Flops,,4.3,$9.48,,,,,,https://www.amazon.com/mazeskin-Womens-Comfortable-Sandals-Leather/dp/B0F32KMZ18/ref=zg_bs_g_679425011_d_sccl_2/146-4952585-1525954?psc=1,"https://images-na.ssl-images-amazon.com/images/I/71jV8GHPNSL._AC_UL600_SR600,400_.jpg",64,排名靠前；标题包含 comfort、beach、summer，符合美国女鞋舒适化趋势；评分达到4.3以上。
2026-07-19,amazon_us,product,best_sellers,Best Sellers Women Sandals,3,"Archies Arch Support Flip Flops for Men & Women – Orthotic Sandals for Plantar Fasciitis Relief – Lightweight, Cushioning, Shock-Absorbing Thong Sandals for Walking, Foot Pain & All-Day Comfort",,4.3,$40.00,,,,,,https://www.amazon.com/Archies-Womens-Arch-Support-Black/dp/B086SYFKLP/ref=zg_bs_g_679425011_d_sccl_3/146-4952585-1525954?psc=1,"https://images-na.ssl-images-amazon.com/images/I/81xintmVcHL._AC_UL600_SR600,400_.jpg",64,排名靠前；标题包含 comfort、arch support，符合美国女鞋舒适化趋势；评分达到4.3以上。
2026-07-19,amazon_us,product,best_sellers,Best Sellers Women Sandals,7,CUSHIONAIRE Lane Cork Footbed Womens Sandals Comfortable Double Buckle Slip On Sandals for Women with Arch Support and Classic Two Strap Design,,4.5,$34.99,,,,,,https://www.amazon.com/CUSHIONAIRE-Womens-Slide-Sandals-Brown/dp/B075PBVR9N/ref=zg_bs_g_679425011_d_sccl_7/146-4952585-1525954?psc=1,"https://images-na.ssl-images-amazon.com/images/I/81suZ76XHpL._AC_UL600_SR600,400_.jpg",64,排名靠前；标题包含 comfort、arch support，符合美国女鞋舒适化趋势；评分达到4.3以上。
2026-07-19,amazon_us,product,new_releases,New Releases Women Sandals,10,"CUSHIONAIRE Expo Thong Sandals for Women, Comfortable Slingback Sandals with Arch Support and Cushioned Footbed",,4.3,$39.98,,,,,,https://www.amazon.com/CUSHIONAIRE-Comfortable-Slingback-Cushioned-CHOCOLATE/dp/B0GZJ5KHBQ/ref=zg_bsnr_g_679425011_d_sccl_10/132-0879092-8811422?psc=1,"https://images-na.ssl-images-amazon.com/images/I/71P3k5SiVZL._AC_UL600_SR600,400_.jpg",64,排名靠前；标题包含 comfort、arch support，符合美国女鞋舒适化趋势；评分达到4.3以上。
2026-07-19,amazon_us,product,search,women summer slippers,4,Sksshion,¥172.73,4.2,Products highlighted as 'Overall Pick' are:,,,,,,https://www.amazon.com/Sksshion-Womens-Slides-Sandals-Slippers/dp/B0DP76JQ4X/ref=sr_1_1?dib=eyJ2IjoiMSJ9.edQbWdZgRC57j1GkLLh3ypLpGy5JjTF-VSN3Bkds4s6Z7XN1biWVvUmm3ko_Er2x5pXSMH0QsST4UOlft_S2gR1Ug3JruV0whaZZxP19Dt9S1Gbl4jYFd-1Ya97kB3gXtpPYtUQrJvhJwSHc4CgVARVxBlaj0kd92nskD_CsP4hrM45jDUuNEvZNI6QD89IrlOxccYAFZg1KbhxWLaXoBUZnUDGDkAyekaRmb9VQds6mWKrTLUyZQi0lh2Sm-p1mpDtisj2ym9TVEEVo4M-wDDm-r5yTtFTbDaogY65Y4vc.r0-B_Mae2SbmRc0fdQztF80KX2cGwIToIP77NLFGwPY&dib_tag=se&keywords=women+summer+slippers&qid=1784434852&sr=8-1,https://m.media-amazon.com/images/I/71E9gKBPQjL._AC_UL320_.jpg,64,排名靠前；价格处于人民币等值¥57.60-¥180.00黄金区间；评分达到4.0以上。
2026-07-19,amazon_us,product,search,women slides,7,FUNKYMONKEY,¥179.93,4.1,FUNKYMONKEY,,,,,,https://www.amazon.com/sspa/click?ie=UTF8&spc=MToyNDM2NDQwODAyNTM0ODExOjE3ODQ0MzQ4NTM6c3BfYXRmOjMwMTE4OTIyMDQwNzcwMjo6MDo6&url=%2FFUNKYMONKEY-Comfort-Adjustable-Sandals-US-Women%2Fdp%2FB07QLL81L3%2Fref%3Dsr_1_4_sspa%3Fdib%3DeyJ2IjoiMSJ9.RrPumS3Ni8XWS9mPWZVEoM68tCRiXv-6Rmzdh4DjH1MzGv4H7NoifoMiv2JYov8uyHyBuyhKhKHWyH9mKEi1UE5sGOm_0aOXq-0ygN6ZYTTvSzasNotLuoU65jOATHNlH8xfpT749HChbKPgH36AE2xVTukRV5NC8LLzt18j_v04RmaPbp-_xzrpx5TjkmVaG_kRSGifN6biX7yQ1IcriBltl7RpjS6tIHzX3wJ_1YWLAAibnGYxJ8Cp8aNg0llJZtUFJhUr2ziEj6FtIT4w0gbbnWZRuoYe0C_NA1TLzW0.S-7JH4lrisMoi9MvyYBsBRiW3iQpoTXLM8ervMd5NXY%26dib_tag%3Dse%26keywords%3Dwomen%2Bslides%26qid%3D1784434853%26sr%3D8-4-spons%26sp_csd%3Dd2lkZ2V0TmFtZT1zcF9hdGY%26psc%3D1,https://m.media-amazon.com/images/I/6185253tWML._AC_UL320_.jpg,64,排名靠前；价格处于人民币等值¥57.60-¥180.00黄金区间；评分达到4.0以上。
2026-07-19,amazon_us,product,search,platform sandals women,15,"UBFEN Women's Square Toe H-Strap Slide Sandals Trendy Comfortable Summer Flat Sandals for Casual, Beach, Vacation UBFEN Women's Square Toe H-Strap Slide Sandals Trendy Comfortable Summer Flat Sandals for Casual, Beach, V…",¥194.33,4.5,4.5,,,,,,https://aax-us-east-retail-direct.amazon.com/x/c/JMytpZ1KUJ9-mRsPm89wIvUAAAGfeJsI0wEAAAH2AQBvbm9fdHhuX2JpZDUgICBvbm9fdHhuX2ltcDEgICBiSibX/clv1c_ek-wBPHXJTbbzS5Tc55B45r9Pr-IGpNr3ctMTMKtwysV3PzqGdu_8UUJSkBovp5mf3JjJlH-oOO5ZYPrwlFV7xxNAekg2HnZjWU-emhRsw07i8ArHNjxdi8f_4FEp3U-xQAvvkdfTCXKjhxKQpVFwcZfJd6BnhXqnqxwfXao3rTfSOofBdydttpWdXRLcuNyDa5uBpI_jBZK3MCZ_6gTs2mVcRSpUUvmZH5spO_-E56M7Ifrr3My1c55DvJjOgaRk7j0dG9fqWfDS3MqzdjoFmQy01jnF_4MGe2BSFbCnXOEIH0YaZj4blMSj_OpoANB8nfM7u6X9RkUVGsjNPUqrZCXlNNlNQtFynEegfbNc91Rk4KFAjqVXpXx3nHW8r9dIvFjk056yhlp4RIfJ9HR6tSGn54h2eO4x1imbJeH7BzvDPIkomqJA7o0aPvjBfz7_mppC1M5RLym3ypYey9yxJK1eRMvdBJ1l2ALaJ5He9W7APuZfdfpKzae6Y32Nj290ddLODcb7mmjnsfCpD37NUsZ01V_qi9N65h642X-KFAVPKdzQTEZLI8AA9qHHTKJA7_qSHIqPwMoSKRltOO-boQj1nf9f0MNa_YXNcPmHJkLCdMG2KklrIMMpn2nrjTe1yYva2bARwZsnFtpX9bz8xFHqVfwScnjTCY0CeWaSqTRchVBSxWgeywKLIIFJJcQxgKJTsbN_izKxoavXRyrlcGFg90hWDHZlth_YNZmTaiG7YBbJ1Ix4HB783VUnFnXO05r7ExtgT3Ad7UDpv7PcaAda774uDHgoZLTdA0WlvA67vHjxQHT7XD4H2Y8eyKJupyqdDbMMG3JqUf-m7-1mLlwum-N2bqs-xheRnWbH7LfcaU7kgbIfLUB9X4JMeWp5MC7v405wHcHT03cAqBR4OUDd23FO8AIxCZ1F1u8O57ukI7p8SlxaX9iUCA991ue7aq1ukGw1l44zFmLSmXUVP1IwAfVfNmmYtZqKGnMNjpzbcE8fNpjCOFbvkbnZ2z8ZpY_TW1QNGd9ts9_NYt0HZOPJ-U9RDg15KMhxohLJweDJJdH-v1nBZU7SbYvSWUnCEzEi7KYOaEQAmt9EGZFKFfOrdItInOUFvctpG5N7Cpi-9wsv06FWL0geH6UEtHgCBSyoil98a-LnCVhw44XydAuy6emGSN0Oe28tRKvW0bn-DcE9b8w-dF1oMdT5DgqYQiENd81ORi10hHfoNbhUAkXl7byjzLkzwNC00hh7f8eZ7mhed1lP4xJZdQkSSaBiUdWu2flHk6k9SJ3hJtXQTyaDqVISTS3mrwVuYyDKr5EI-FvwJu7wsVam6cup490YevXL2TxBopTLsj8gta_CLs0QmhjZcwcJmAb7iqbr_jcA-JmyZqer8W5cL32FGYFcc9OvvpUFoNk29ITsciVILDSN-W3GUXBI6b-EOUxFGpD6ZDrXs-96o0nMUGxAdTnhdlBlgo3iqvvCaANB2pOGD6RMthpXJmcvOFnKqg0t-deNL018jqtIlIoQjxTrWYSH3ci20N93e6zOuEi5zXrCd2wTO7NuvQSumoStpPCkpyIkBkq7_8qlzcuY2ENvQ47gj7rpE-Q34hnW9UZ_3ge3QMBIIIPSl-QeEAx3k8MvuuAumcEpkgp-VPyLRTWQE1vY7A4U8NFpCsfxuUQg8CfXfHsFM_lrwMBkZgiGJqIQG0WnC9zrhfrbeMjxgowyWPYlKmAmpcwSD3HA9k/https://www.amazon.com/gp/aw/d/B0FXZLMW8N/?_encoding=UTF8&pd_rd_plhdr=t&aaxitk=46f2007f427cdba2b3d11a9183455d43&hsa_cr_id=0&qid=1784434853&sr=1-4-f02f01d6-adaf-4bef-9a7c-29308eff9043&ref_=sbx__sbtcd2_asin_3_bkgd&pd_rd_w=OgVo6&content-id=amzn1.sym.5159d9cb-0665-4a83-8f64-8881eaba312a%3Aamzn1.sym.5159d9cb-0665-4a83-8f64-8881eaba312a&pf_rd_p=5159d9cb-0665-4a83-8f64-8881eaba312a&pf_rd_r=XVQBQXYSBWYZYMV9K9ZE&pd_rd_wg=5WnLn&pd_rd_r=3b46ede4-9bc8-45ae-894c-f1e07e0990ce,"https://m.media-amazon.com/images/I/71vcqnM8CfL._AC_SR322,134_CB1169409_QL70_.jpg",64,排名进入前30；价格处于人民币等值¥180.00-¥288.00区间；标题包含 comfort、beach、summer，符合美国女鞋舒适化趋势；评分达到4.3以上。
2026-07-19,amazon_us,product,search,platform sandals women,17,"UBFEN Womens Comfy Arch Support Slide Sandals, Adjustable Double Straps | Soft Cushioned Footbed, Open Toe Slip On, Lightweight, for Summer Walking Travel Casual Daily Use UBFEN Womens Comfy Arch Support Slide Sandals, Adjustable Double Straps | Soft Cushioned Footbed, O…",¥215.93,4.4,4.4,,,,,,https://aax-us-east-retail-direct.amazon.com/x/c/JMytpZ1KUJ9-mRsPm89wIvUAAAGfeJsI0wEAAAH2AQBvbm9fdHhuX2JpZDUgICBvbm9fdHhuX2ltcDEgICBiSibX/clv1c_ek-wBPHXJTbbzS5Tc55B45r9Pr-IGpNr3ctMTMKtwysV3PzqGdu_8UUJSkBovp5mf3JjJlH-oOO5ZYPrwlFV7xxNAekg2HnZjWU-emhRsw07i8ArHNjxdi8f_4FEp3U-xQAvvkdfTCXKjhxKQpVFwcZfJd6BnhXqnqxwfXao3rTfSOofBdydttpWdXRLcuNyDa5uBpI_jBZK3MCZ_6gTs2mVcRSpUUvmZH5spO_-E56M7Ifrr3My1c55DvJjOgaRk7j0dG9fqWfDS3MqzdjoFmQy01jnF_4MGe2BSFbCnXOEIH0YaZj4blMSj_OpoANB8nfM7u6X9RkUVGsjNPUqrZCXlNNlNQtFynEegfbNc91Rk4KFAjqVXpXx3nHW8r9dIvFjk056yhlp4RIfJ9HR6tSGn54h2eO4x1imbJeH7BzvDPIkomqJA7o0aPvjBfz7_mppC1M5RLym3ypYey9yxJK1eRMvdBJ1l2ALaJ5He9W7APuZfdfpKzae6Y32Nj290ddLODcb7mmjnsfCpD37NUsZ01V_qi9N65h642X-KFAVPKdzQTEZLI8AA9qHHTKJA7_qSHIqPwMoSKRltOO-boQj1nf9f0MNa_YXNcPmHJkLCdMG2KklrIMMpn2nrjTe1yYva2bARwZsnFtpX9bz8xFHqVfwScnjTCY0CeWaSqTRchVBSxWgeywKLIIFJJcQxgKJTsbN_izKxoavXRyrlcGFg90hWDHZlth_YNZmTaiG7YBbJ1Ix4HB783VUnFnXO05r7ExtgT3Ad7UDpv7PcaAda774uDHgoZLTdA0WlvA67vHjxQHT7XD4H2Y8eyKJupyqdDbMMG3JqUf-m7-1mLlwum-N2bqs-xheRnWbH7LfcaU7kgbIfLUB9X4JMeWp5MC7v405wHcHT03cAqBR4OUDd23FO8AIxCZ1F1u8O57ukI7p8SlxaX9iUCA991ue7aq1ukGw1l44zFmLSmXUVP1IwAfVfNmmYtZqKGnMNjpzbcE8fNpjCOFbvkbnZ2z8ZpY_TW1QNGd9ts9_NYt0HZOPJ-U9RDg15KMhxohLJweDJJdH-v1nBZU7SbYvSWUnCEzEi7KYOaEQAmt9EGZFKFfOrdItInOUFvctpG5N7Cpi-9wsv06FWL0geH6UEtHgCBSyoil98a-LnCVhw44XydAuy6emGSN0Oe28tRKvW0bn-DcE9b8w-dF1oMdT5DgqYQiENd81ORi10hHfoNbhUAkXl7byjzLkzwNC00hh7f8eZ7mhed1lP4xJZdQkSSaBiUdWu2flHk6k9SJ3hJtXQTyaDqVISTS3mrwVuYyDKr5EI-FvwJu7wsVam6cup490YevXL2TxBopTLsj8gta_CLs0QmhjZcwcJmAb7iqbr_jcA-JmyZqer8W5cL32FGYFcc9OvvpUFoNk29ITsciVILDSN-W3GUXBI6b-EOUxFGpD6ZDrXs-96o0nMUGxAdTnhdlBlgo3iqvvCaANB2pOGD6RMthpXJmcvOFnKqg0t-deNL018jqtIlIoQjxTrWYSH3ci20N93e6zOuEi5zXrCd2wTO7NuvQSumoStpPCkpyIkBkq7_8qlzcuY2ENvQ47gj7rpE-Q34hnW9UZ_3ge3QMBIIIPSl-QeEAx3k8MvuuAumcEpkgp-VPyLRTWQE1vY7A4U8NFpCsfxuUQg8CfXfHsFM_lrwMBkZgiGJqIQG0WnC9zrhfrbeMjxgowyWPYlKmAmpcwSD3HA9k/https://www.amazon.com/gp/aw/d/B0GKYTQP9M/?_encoding=UTF8&pd_rd_plhdr=t&aaxitk=46f2007f427cdba2b3d11a9183455d43&hsa_cr_id=0&qid=1784434853&sr=1-6-f02f01d6-adaf-4bef-9a7c-29308eff9043&ref_=sbx__sbtcd2_asin_5_bkgd&pd_rd_w=OgVo6&content-id=amzn1.sym.5159d9cb-0665-4a83-8f64-8881eaba312a%3Aamzn1.sym.5159d9cb-0665-4a83-8f64-8881eaba312a&pf_rd_p=5159d9cb-0665-4a83-8f64-8881eaba312a&pf_rd_r=XVQBQXYSBWYZYMV9K9ZE&pd_rd_wg=5WnLn&pd_rd_r=3b46ede4-9bc8-45ae-894c-f1e07e0990ce,"https://m.media-amazon.com/images/I/71PjS75omUL._AC_SR322,134_CB1169409_QL70_.jpg",64,排名进入前30；价格处于人民币等值¥180.00-¥288.00区间；标题包含 arch support、soft、summer，符合美国女鞋舒适化趋势；评分达到4.3以上。
2026-07-19,amazon_us,product,search,platform sandals women,20,UBFEN Womens Bohemian Flat Sandals With Back Strap Summer Beach Comfortable Bling UBFEN Womens Bohemian Flat Sandals With Back Strap Summer Beach Comfortable Bling,¥244.66,4.3,4.3,,,,,,https://aax-us-east-retail-direct.amazon.com/x/c/JMytpZ1KUJ9-mRsPm89wIvUAAAGfeJsI0wEAAAH2AQBvbm9fdHhuX2JpZDUgICBvbm9fdHhuX2ltcDEgICBiSibX/clv1c_ek-wBPHXJTbbzS5Tc55B45r9Pr-IGpNr3ctMTMKtwysV3PzqGdu_8UUJSkBovp5mf3JjJlH-oOO5ZYPrwlFV7xxNAekg2HnZjWU-emhRsw07i8ArHNjxdi8f_4FEp3U-xQAvvkdfTCXKjhxKQpVFwcZfJd6BnhXqnqxwfXao3rTfSOofBdydttpWdXRLcuNyDa5uBpI_jBZK3MCZ_6gTs2mVcRSpUUvmZH5spO_-E56M7Ifrr3My1c55DvJjOgaRk7j0dG9fqWfDS3MqzdjoFmQy01jnF_4MGe2BSFbCnXOEIH0YaZj4blMSj_OpoANB8nfM7u6X9RkUVGsjNPUqrZCXlNNlNQtFynEegfbNc91Rk4KFAjqVXpXx3nHW8r9dIvFjk056yhlp4RIfJ9HR6tSGn54h2eO4x1imbJeH7BzvDPIkomqJA7o0aPvjBfz7_mppC1M5RLym3ypYey9yxJK1eRMvdBJ1l2ALaJ5He9W7APuZfdfpKzae6Y32Nj290ddLODcb7mmjnsfCpD37NUsZ01V_qi9N65h642X-KFAVPKdzQTEZLI8AA9qHHTKJA7_qSHIqPwMoSKRltOO-boQj1nf9f0MNa_YXNcPmHJkLCdMG2KklrIMMpn2nrjTe1yYva2bARwZsnFtpX9bz8xFHqVfwScnjTCY0CeWaSqTRchVBSxWgeywKLIIFJJcQxgKJTsbN_izKxoavXRyrlcGFg90hWDHZlth_YNZmTaiG7YBbJ1Ix4HB783VUnFnXO05r7ExtgT3Ad7UDpv7PcaAda774uDHgoZLTdA0WlvA67vHjxQHT7XD4H2Y8eyKJupyqdDbMMG3JqUf-m7-1mLlwum-N2bqs-xheRnWbH7LfcaU7kgbIfLUB9X4JMeWp5MC7v405wHcHT03cAqBR4OUDd23FO8AIxCZ1F1u8O57ukI7p8SlxaX9iUCA991ue7aq1ukGw1l44zFmLSmXUVP1IwAfVfNmmYtZqKGnMNjpzbcE8fNpjCOFbvkbnZ2z8ZpY_TW1QNGd9ts9_NYt0HZOPJ-U9RDg15KMhxohLJweDJJdH-v1nBZU7SbYvSWUnCEzEi7KYOaEQAmt9EGZFKFfOrdItInOUFvctpG5N7Cpi-9wsv06FWL0geH6UEtHgCBSyoil98a-LnCVhw44XydAuy6emGSN0Oe28tRKvW0bn-DcE9b8w-dF1oMdT5DgqYQiENd81ORi10hHfoNbhUAkXl7byjzLkzwNC00hh7f8eZ7mhed1lP4xJZdQkSSaBiUdWu2flHk6k9SJ3hJtXQTyaDqVISTS3mrwVuYyDKr5EI-FvwJu7wsVam6cup490YevXL2TxBopTLsj8gta_CLs0QmhjZcwcJmAb7iqbr_jcA-JmyZqer8W5cL32FGYFcc9OvvpUFoNk29ITsciVILDSN-W3GUXBI6b-EOUxFGpD6ZDrXs-96o0nMUGxAdTnhdlBlgo3iqvvCaANB2pOGD6RMthpXJmcvOFnKqg0t-deNL018jqtIlIoQjxTrWYSH3ci20N93e6zOuEi5zXrCd2wTO7NuvQSumoStpPCkpyIkBkq7_8qlzcuY2ENvQ47gj7rpE-Q34hnW9UZ_3ge3QMBIIIPSl-QeEAx3k8MvuuAumcEpkgp-VPyLRTWQE1vY7A4U8NFpCsfxuUQg8CfXfHsFM_lrwMBkZgiGJqIQG0WnC9zrhfrbeMjxgowyWPYlKmAmpcwSD3HA9k/https://www.amazon.com/gp/aw/d/B0DSBSYJJP/?_encoding=UTF8&pd_rd_plhdr=t&aaxitk=46f2007f427cdba2b3d11a9183455d43&hsa_cr_id=0&qid=1784434853&sr=1-9-f02f01d6-adaf-4bef-9a7c-29308eff9043&ref_=sbx__sbtcd2_asin_8_bkgd&pd_rd_w=OgVo6&content-id=amzn1.sym.5159d9cb-0665-4a83-8f64-8881eaba312a%3Aamzn1.sym.5159d9cb-0665-4a83-8f64-8881eaba312a&pf_rd_p=5159d9cb-0665-4a83-8f64-8881eaba312a&pf_rd_r=XVQBQXYSBWYZYMV9K9ZE&pd_rd_wg=5WnLn&pd_rd_r=3b46ede4-9bc8-45ae-894c-f1e07e0990ce,"https://m.media-amazon.com/images/I/716qwKOMjuL._AC_SR322,134_CB1169409_QL70_.jpg",64,排名进入前30；价格处于人民币等值¥180.00-¥288.00区间；标题包含 comfort、beach、summer，符合美国女鞋舒适化趋势；评分达到4.3以上。
2026-07-19,amazon_us,product,best_sellers,Best Sellers Women Sandals,4,Project Cloud Flip Flops for Women Footwear- Lightweight and Memory Foam Insole Sandals for Women 2026 - Durable Non-Slip Beach Essentials Flats for Women Sandals (Foundations),,4.3,$18.91,,,,,,https://www.amazon.com/Project-Cloud-Flip-flops-Women/dp/B0D2DV8PTH/ref=zg_bs_g_679425011_d_sccl_4/146-4952585-1525954?psc=1,"https://images-na.ssl-images-amazon.com/images/I/71C3a048GxL._AC_UL600_SR600,400_.jpg",63,排名靠前；标题包含 cloud、beach，符合美国女鞋舒适化趋势；评分达到4.3以上。
2026-07-19,amazon_us,product,new_releases,New Releases Women Sandals,4,Project Cloud Square Toe Flip Flops For Women Footwear - Non Slip with Memory Foam Insole Beach Essentials Womens Sandals - Lightweight Thong Sandals Women (DEDICATION),,4.4,$24.21,,,,,,https://www.amazon.com/Project-Cloud-Square-Flops-Footwear/dp/B0GY6CNC29/ref=zg_bsnr_g_679425011_d_sccl_4/132-0879092-8811422?psc=1,"https://images-na.ssl-images-amazon.com/images/I/71nllf30glL._AC_UL600_SR600,400_.jpg",63,排名靠前；标题包含 cloud、beach，符合美国女鞋舒适化趋势；评分达到4.3以上。
2026-07-19,amazon_us,product,search,platform sandals women,19,"UBFEN Womens Gladiator Sandals Strappy Flat Sandals with Toe Ring | Studded Deco Comfortable Cushioned Sole Adjustable Ankle Buckle Hidden Elastic Band for Dressy, Casual, Travel UBFEN Womens Gladiator Sandals Strappy Flat Sandals with Toe Ring | Studded Deco Comfortable Cushioned Sol…",¥107.93,4.3,4.3,,,,,,https://aax-us-east-retail-direct.amazon.com/x/c/JMytpZ1KUJ9-mRsPm89wIvUAAAGfeJsI0wEAAAH2AQBvbm9fdHhuX2JpZDUgICBvbm9fdHhuX2ltcDEgICBiSibX/clv1c_ek-wBPHXJTbbzS5Tc55B45r9Pr-IGpNr3ctMTMKtwysV3PzqGdu_8UUJSkBovp5mf3JjJlH-oOO5ZYPrwlFV7xxNAekg2HnZjWU-emhRsw07i8ArHNjxdi8f_4FEp3U-xQAvvkdfTCXKjhxKQpVFwcZfJd6BnhXqnqxwfXao3rTfSOofBdydttpWdXRLcuNyDa5uBpI_jBZK3MCZ_6gTs2mVcRSpUUvmZH5spO_-E56M7Ifrr3My1c55DvJjOgaRk7j0dG9fqWfDS3MqzdjoFmQy01jnF_4MGe2BSFbCnXOEIH0YaZj4blMSj_OpoANB8nfM7u6X9RkUVGsjNPUqrZCXlNNlNQtFynEegfbNc91Rk4KFAjqVXpXx3nHW8r9dIvFjk056yhlp4RIfJ9HR6tSGn54h2eO4x1imbJeH7BzvDPIkomqJA7o0aPvjBfz7_mppC1M5RLym3ypYey9yxJK1eRMvdBJ1l2ALaJ5He9W7APuZfdfpKzae6Y32Nj290ddLODcb7mmjnsfCpD37NUsZ01V_qi9N65h642X-KFAVPKdzQTEZLI8AA9qHHTKJA7_qSHIqPwMoSKRltOO-boQj1nf9f0MNa_YXNcPmHJkLCdMG2KklrIMMpn2nrjTe1yYva2bARwZsnFtpX9bz8xFHqVfwScnjTCY0CeWaSqTRchVBSxWgeywKLIIFJJcQxgKJTsbN_izKxoavXRyrlcGFg90hWDHZlth_YNZmTaiG7YBbJ1Ix4HB783VUnFnXO05r7ExtgT3Ad7UDpv7PcaAda774uDHgoZLTdA0WlvA67vHjxQHT7XD4H2Y8eyKJupyqdDbMMG3JqUf-m7-1mLlwum-N2bqs-xheRnWbH7LfcaU7kgbIfLUB9X4JMeWp5MC7v405wHcHT03cAqBR4OUDd23FO8AIxCZ1F1u8O57ukI7p8SlxaX9iUCA991ue7aq1ukGw1l44zFmLSmXUVP1IwAfVfNmmYtZqKGnMNjpzbcE8fNpjCOFbvkbnZ2z8ZpY_TW1QNGd9ts9_NYt0HZOPJ-U9RDg15KMhxohLJweDJJdH-v1nBZU7SbYvSWUnCEzEi7KYOaEQAmt9EGZFKFfOrdItInOUFvctpG5N7Cpi-9wsv06FWL0geH6UEtHgCBSyoil98a-LnCVhw44XydAuy6emGSN0Oe28tRKvW0bn-DcE9b8w-dF1oMdT5DgqYQiENd81ORi10hHfoNbhUAkXl7byjzLkzwNC00hh7f8eZ7mhed1lP4xJZdQkSSaBiUdWu2flHk6k9SJ3hJtXQTyaDqVISTS3mrwVuYyDKr5EI-FvwJu7wsVam6cup490YevXL2TxBopTLsj8gta_CLs0QmhjZcwcJmAb7iqbr_jcA-JmyZqer8W5cL32FGYFcc9OvvpUFoNk29ITsciVILDSN-W3GUXBI6b-EOUxFGpD6ZDrXs-96o0nMUGxAdTnhdlBlgo3iqvvCaANB2pOGD6RMthpXJmcvOFnKqg0t-deNL018jqtIlIoQjxTrWYSH3ci20N93e6zOuEi5zXrCd2wTO7NuvQSumoStpPCkpyIkBkq7_8qlzcuY2ENvQ47gj7rpE-Q34hnW9UZ_3ge3QMBIIIPSl-QeEAx3k8MvuuAumcEpkgp-VPyLRTWQE1vY7A4U8NFpCsfxuUQg8CfXfHsFM_lrwMBkZgiGJqIQG0WnC9zrhfrbeMjxgowyWPYlKmAmpcwSD3HA9k/https://www.amazon.com/gp/aw/d/B0GM2DVHZ9/?_encoding=UTF8&pd_rd_plhdr=t&aaxitk=46f2007f427cdba2b3d11a9183455d43&hsa_cr_id=0&qid=1784434853&sr=1-8-f02f01d6-adaf-4bef-9a7c-29308eff9043&ref_=sbx__sbtcd2_asin_7_bkgd&pd_rd_w=OgVo6&content-id=amzn1.sym.5159d9cb-0665-4a83-8f64-8881eaba312a%3Aamzn1.sym.5159d9cb-0665-4a83-8f64-8881eaba312a&pf_rd_p=5159d9cb-0665-4a83-8f64-8881eaba312a&pf_rd_r=XVQBQXYSBWYZYMV9K9ZE&pd_rd_wg=5WnLn&pd_rd_r=3b46ede4-9bc8-45ae-894c-f1e07e0990ce,"https://m.media-amazon.com/images/I/81dJ8MZgsaL._AC_SR322,134_CB1169409_QL70_.jpg",63,排名进入前30；价格处于人民币等值¥57.60-¥180.00黄金区间；标题包含 comfort，符合美国女鞋舒适化趋势；评分达到4.3以上。
2026-07-19,amazon_us,product,search,women summer slippers,1,Chantomoo Slippers for Women Memory Foam House Bedroom Corduroy Bow Crossbands Slipper Shoes Comfy Trendy Gift Slippers Chantomoo Slippers for Women Memory Foam Hous…,¥215.93,4.4,,,,,,,https://aax-us-east-retail-direct.amazon.com/x/c/JG102VHb9cZAQAelvB8C96gAAAGfeJsDLwEAAAH2AQBvbm9fdHhuX2JpZDUgICBvbm9fdHhuX2ltcDEgICANjMT6/clv1c_ek-wBfHXEsTW3uLbkw8Bb2gzmFlSVkJhP7gU-9hmD1bw0uTyClheTpuzvi27ybqbNq2JWgpWPABQ2Gd67XZOnzfyXh_VHimnRiBmhbtTVnycqZ3bbKDH6_ZAnLjyp1qJB7gEBIrwItLOIXg6SFUUvyqNZtfIttXvjoywlSMifAbZXW1RhhAw3SToYP3C8G2bTqEq7oNmbxLEXVRdduZg8GwNNNWNAGyMLsJmciEtwDwwozZymKRQwfF4MFiJm8L7r6SbyGeanr_p3X1Iy-v9czKrw9RscN8w9eR4NaVO7_7bP0x3ijLSjJ91mGBvZdtR6ugVQskI9GkgdcIr_QZKJrrpdxDy48w6IrtvkEUZr16_8MSYqGt_Xon5Xoeolxv951fmRcj_8WeQgK_KljuO_9mfckfVsAMnoFuCpfGaI7XAFlaiHhNMRU9iBzuVs_rRy7L9wG01ZTeoZoKfo7CJ5ddA7zeLgvqtmFnAM6MV-D-dBK6z9X8zAzZp8ztisQzDB3d-M4JS4BhMSvDn9WC2gcIteh-pcqGlNfuJnYLFwluk9bjCuDQ8QeFuUU3oIIxsCtKcuTz89w9CtdhWZSDL3yXDXXOgT2G9mxLD8fhk_yOph53T9smh_voZwWoJYv-LZO2TouNuIPd7_wV4yGquz5TuXLwvNtj6VcsPhQ1t00cGR4GSVLLmb0zze2L5XpspjJ1x8_gqoUaubpRt_UCfInbFkkp1Y4olOnOvTmDtnz_vHEngl9kHu10nkGht5gByHitENS2AyFsyN8UfxA5KQLGvVE8BFi_5DjhcvAwAha1f6LnWIW-PU7SLQQdUhanzdAf7gHci9OBC8cJCAa9JAnIFfn3dcg1DvbWMfohyvCDWvuVRzbhnABUCVhhq-UiBY95IvP4ATIxupY8jqMkfAOKlUv8Lz_eDcgyR4HEbCRkdGZ-vc7Pq_PXkfqikHWdVt5cDfhek_Ns0cJTkgDftXQ7-ODlFo8h7vRptPEbNQozHkkvbYOlcQoMgVJgGLpAQ1S-XlStcMF5dZF90XcctJtaS1qcsVgT9sRF0vW2XD3fLiQme2dVJbQVPhzT1VcTBEg2PR3-iwGkSisMRLLpDpLtAhgQyk2InuKiymTEMQ-zVkJtYeUoKC6isSRTiijLgNzGx6XMZP20Ht_jv2xH2GsmMc1xB7Zj4hPt5UOGJUgjRKHfmKv6vslhIJxA18DPp3GEAdu5YZ5-oJ9dJwCwgnsq-9Ikj_81UNVUP0_CfeYDqGXj-tDwO_HAtJ5GLt3EWZTL6intFeEfcd81YHi2oGw9waOH7EVvRs5DfSTXI4mFBoK-LNR2T2jH8oK8KNOZZnqsJj-KSXxVzHpjvY88hC7QrOUK1bHA7YhNLpMHnNsh3BXSB1wALyPfs0U6kZG-132-0yhLlyCCf78pmWrf7nAh-E18M9hTTzEET5eR9nXrUp-6AuuB2t-ZlNjRQm3oRK2VA0uqawBgcYcAnzfV7I0L260LXawGv-nkMENu5BXajfgQ8zND7NwqXUxVMHdEru-V_B1Tu6BFLqYxwQshJKB0VFSpH2vE8aIpMyT1S7-CCc3WL4BiRlxrjeuivA-bXkAI1sp87f14jnOxUZOG-FJDwq9JUzCD3KbJ2Wv_WZQUjWvSdhzwOxgBBJcGdCBDVNp74pWSw9x16JJrNpn9kO-umP9A/https://www.amazon.com/gp/aw/d/B0C7H38YBT/?_encoding=UTF8&pd_rd_plhdr=t&aaxitk=e1dc8951dc6a869de52e94b8a9c6e0fe&hsa_cr_id=0&qid=1784434852&sr=1-1-9e67e56a-6f64-441f-a281-df67fc737124&i=aps&aref=qwdxKUM9Cs&ref_=sbx__sbtcd_asin_0_bkgd&pd_rd_w=PWPho&content-id=amzn1.sym.2fb72bc8-96ef-420d-b08f-c04b69f36507%3Aamzn1.sym.2fb72bc8-96ef-420d-b08f-c04b69f36507&pf_rd_p=2fb72bc8-96ef-420d-b08f-c04b69f36507&pf_rd_r=YYCGYCXMP869MA7VZQ49&pd_rd_wg=B1qW7&pd_rd_r=181005ba-13e0-4d35-a4d5-58a0c6ee1aaa,"https://m.media-amazon.com/images/I/711Z9Ju3AqL._AC_SR160,134_CB1169409_QL70_.jpg",62,排名靠前；价格处于人民币等值¥180.00-¥288.00区间；评分达到4.3以上。
2026-07-19,amazon_us,product,search,women summer slippers,3,Chantomoo Slippers for Women Memory Foam House Bedroom Corduroy Bow Crossbands Slipper Shoes Comfy Trendy Gift Slippers Chantomoo Slippers for Women Memory Foam Hous…,¥287.93,4.4,,,,,,,https://aax-us-east-retail-direct.amazon.com/x/c/JG102VHb9cZAQAelvB8C96gAAAGfeJsDLwEAAAH2AQBvbm9fdHhuX2JpZDUgICBvbm9fdHhuX2ltcDEgICANjMT6/clv1c_ek-wBfHXEsTW3uLbkw8Bb2gzmFlSVkJhP7gU-9hmD1bw0uTyClheTpuzvi27ybqbNq2JWgpWPABQ2Gd67XZOnzfyXh_VHimnRiBmhbtTVnycqZ3bbKDH6_ZAnLjyp1qJB7gEBIrwItLOIXg6SFUUvyqNZtfIttXvjoywlSMifAbZXW1RhhAw3SToYP3C8G2bTqEq7oNmbxLEXVRdduZg8GwNNNWNAGyMLsJmciEtwDwwozZymKRQwfF4MFiJm8L7r6SbyGeanr_p3X1Iy-v9czKrw9RscN8w9eR4NaVO7_7bP0x3ijLSjJ91mGBvZdtR6ugVQskI9GkgdcIr_QZKJrrpdxDy48w6IrtvkEUZr16_8MSYqGt_Xon5Xoeolxv951fmRcj_8WeQgK_KljuO_9mfckfVsAMnoFuCpfGaI7XAFlaiHhNMRU9iBzuVs_rRy7L9wG01ZTeoZoKfo7CJ5ddA7zeLgvqtmFnAM6MV-D-dBK6z9X8zAzZp8ztisQzDB3d-M4JS4BhMSvDn9WC2gcIteh-pcqGlNfuJnYLFwluk9bjCuDQ8QeFuUU3oIIxsCtKcuTz89w9CtdhWZSDL3yXDXXOgT2G9mxLD8fhk_yOph53T9smh_voZwWoJYv-LZO2TouNuIPd7_wV4yGquz5TuXLwvNtj6VcsPhQ1t00cGR4GSVLLmb0zze2L5XpspjJ1x8_gqoUaubpRt_UCfInbFkkp1Y4olOnOvTmDtnz_vHEngl9kHu10nkGht5gByHitENS2AyFsyN8UfxA5KQLGvVE8BFi_5DjhcvAwAha1f6LnWIW-PU7SLQQdUhanzdAf7gHci9OBC8cJCAa9JAnIFfn3dcg1DvbWMfohyvCDWvuVRzbhnABUCVhhq-UiBY95IvP4ATIxupY8jqMkfAOKlUv8Lz_eDcgyR4HEbCRkdGZ-vc7Pq_PXkfqikHWdVt5cDfhek_Ns0cJTkgDftXQ7-ODlFo8h7vRptPEbNQozHkkvbYOlcQoMgVJgGLpAQ1S-XlStcMF5dZF90XcctJtaS1qcsVgT9sRF0vW2XD3fLiQme2dVJbQVPhzT1VcTBEg2PR3-iwGkSisMRLLpDpLtAhgQyk2InuKiymTEMQ-zVkJtYeUoKC6isSRTiijLgNzGx6XMZP20Ht_jv2xH2GsmMc1xB7Zj4hPt5UOGJUgjRKHfmKv6vslhIJxA18DPp3GEAdu5YZ5-oJ9dJwCwgnsq-9Ikj_81UNVUP0_CfeYDqGXj-tDwO_HAtJ5GLt3EWZTL6intFeEfcd81YHi2oGw9waOH7EVvRs5DfSTXI4mFBoK-LNR2T2jH8oK8KNOZZnqsJj-KSXxVzHpjvY88hC7QrOUK1bHA7YhNLpMHnNsh3BXSB1wALyPfs0U6kZG-132-0yhLlyCCf78pmWrf7nAh-E18M9hTTzEET5eR9nXrUp-6AuuB2t-ZlNjRQm3oRK2VA0uqawBgcYcAnzfV7I0L260LXawGv-nkMENu5BXajfgQ8zND7NwqXUxVMHdEru-V_B1Tu6BFLqYxwQshJKB0VFSpH2vE8aIpMyT1S7-CCc3WL4BiRlxrjeuivA-bXkAI1sp87f14jnOxUZOG-FJDwq9JUzCD3KbJ2Wv_WZQUjWvSdhzwOxgBBJcGdCBDVNp74pWSw9x16JJrNpn9kO-umP9A/https://www.amazon.com/gp/aw/d/B0FRZFL2QW/?_encoding=UTF8&pd_rd_plhdr=t&aaxitk=e1dc8951dc6a869de52e94b8a9c6e0fe&hsa_cr_id=0&qid=1784434852&sr=1-3-9e67e56a-6f64-441f-a281-df67fc737124&i=aps&aref=qwdxKUM9Cs&ref_=sbx__sbtcd_asin_2_bkgd&pd_rd_w=PWPho&content-id=amzn1.sym.2fb72bc8-96ef-420d-b08f-c04b69f36507%3Aamzn1.sym.2fb72bc8-96ef-420d-b08f-c04b69f36507&pf_rd_p=2fb72bc8-96ef-420d-b08f-c04b69f36507&pf_rd_r=YYCGYCXMP869MA7VZQ49&pd_rd_wg=B1qW7&pd_rd_r=181005ba-13e0-4d35-a4d5-58a0c6ee1aaa,"https://m.media-amazon.com/images/I/71Ku9McB09L._AC_SR160,134_CB1169409_QL70_.jpg",62,排名靠前；价格处于人民币等值¥180.00-¥288.00区间；评分达到4.3以上。
2026-07-19,amazon_us,product,search,women summer slippers,5,FITORY,¥196.27,4.3,FITORY,,,,,,https://www.amazon.com/FITORY-Sandals-Fashion-Leather-Slippers/dp/B0CM5N7R34/ref=sr_1_2?dib=eyJ2IjoiMSJ9.edQbWdZgRC57j1GkLLh3ypLpGy5JjTF-VSN3Bkds4s6Z7XN1biWVvUmm3ko_Er2x5pXSMH0QsST4UOlft_S2gR1Ug3JruV0whaZZxP19Dt9S1Gbl4jYFd-1Ya97kB3gXtpPYtUQrJvhJwSHc4CgVARVxBlaj0kd92nskD_CsP4hrM45jDUuNEvZNI6QD89IrlOxccYAFZg1KbhxWLaXoBUZnUDGDkAyekaRmb9VQds6mWKrTLUyZQi0lh2Sm-p1mpDtisj2ym9TVEEVo4M-wDDm-r5yTtFTbDaogY65Y4vc.r0-B_Mae2SbmRc0fdQztF80KX2cGwIToIP77NLFGwPY&dib_tag=se&keywords=women+summer+slippers&qid=1784434852&sr=8-2,https://m.media-amazon.com/images/I/71fgVPQ6SpL._AC_UL320_.jpg,62,排名靠前；价格处于人民币等值¥180.00-¥288.00区间；评分达到4.3以上。
2026-07-19,amazon_us,product,search,women summer slippers,19,"Women's Open Toe House Slippers – Breathable Waffle Fabric, Memory Foam Cushioning, Slip-On Summer Indoor Slippers, Non-Slip TPR Sole, Easy Care",¥79.13,4.2,100+ bought in past month,,,,,,https://www.amazon.com/Yoerpe-Womens-House-Slippers-Slip/dp/B0DRNVC3W2/ref=sr_1_11?dib=eyJ2IjoiMSJ9.edQbWdZgRC57j1GkLLh3ypLpGy5JjTF-VSN3Bkds4s6Z7XN1biWVvUmm3ko_Er2x5pXSMH0QsST4UOlft_S2gR1Ug3JruV0whaZZxP19Dt9S1Gbl4jYFd-1Ya97kB3gXtpPYtUQrJvhJwSHc4CgVARVxBlaj0kd92nskD_CsP4hrM45jDUuNEvZNI6QD89IrlOxccYAFZg1KbhxWLaXoBUZnUDGDkAyekaRmb9VQds6mWKrTLUyZQi0lh2Sm-p1mpDtisj2ym9TVEEVo4M-wDDm-r5yTtFTbDaogY65Y4vc.r0-B_Mae2SbmRc0fdQztF80KX2cGwIToIP77NLFGwPY&dib_tag=se&keywords=women+summer+slippers&qid=1784434852&sr=8-11,https://m.media-amazon.com/images/I/71SCWRu9pbL._AC_UL320_.jpg,62,排名进入前30；评论数达到50以上；价格处于人民币等值¥57.60-¥180.00黄金区间；标题包含 summer，符合美国女鞋舒适化趋势；评分达到4.0以上。
2026-07-19,amazon_us,product,search,platform sandals women,2,"Sorel Women's Sunpeak Wedge Ankle Strap, Iced Tea/Snow, 7.5 Regular Sorel Women's Sunpeak Wedge Ankle Strap, Iced Tea…",¥810.00,4.8,,,,,,,https://aax-us-east-retail-direct.amazon.com/x/c/JFJTYzUyjNHDqc8tNBIzUlgAAAGfeJsI0wEAAAH2AQBvbm9fdHhuX2JpZDMgICBvbm9fdHhuX2ltcDEgICA9jWE8/clv1c_ek-wBfHXFbbWzjO3YitAsT4pbaI6aKYOHMz78RskmgHfjyYCcnbY0JzB91sJs_v0tt2aIhiaG6VL8fglPpkpnSPm6ZDvrJrz6yxkTxWlH8RVBxfsl_-91M065PFYPsKZXY2pQa8kCTMbpzTgpNqdyJDZuJXcltAi00L02Efe7MacWkCxuV2lJjET78v0WWhkHfOI0G_zL8auFWT1DeXoaGCHN_W5RD5nwAHuU4sVMc0HSTPHlKL0ZMhOM0MXDqtxy1TxZFQ0bMwKSPfXj0tISWEIp5txkVvDGxwuw9sa_-aQGFnLVYnb8eYIsUliZ4Sqx6Ud3xcrAOtD5UrT5MYKaAJB1iF1ZM4USKfQWDyU8l1h5s1tLEl3i95xcvu87UkC4zDSRBsSIF38ldPF-WJzC9t5heyllljlVH9qx9w1RY80x8Iihs45AgvGLbJpiXz_en9s2hvLvg4EUt367xNMgarmNQ1C5PUhXxKnydBggIzO00BHwYQX1pMpdMVSjCIoZu-lW35CepDGLz5mjV06lqLeRK5iMfUPEmuSmtI5H2k2VFqmgXy0RsMDWP07ncCPLY2Y0OTcQ-urDoMf3QZj5kWye7AupSAFJYT_B5ZD3LOCWUGn8mMLOXZtDAuwEOAsCCnkbZ7EkGp18AxiBU9-elHLHaknnkehCDnfVCRlifJw00DWIXeEnM30-IgoE9mxKPD3W-Pqzo-1uUid3vHs9kT5ohHeQD8RfNBYAU3D7qZai7w7y7ozNxA1LnnAyVo6JTYODA2pMvfo13xrsr9voxvL4EQpvfVecflme83RLfjmkh59EZjyP2oAH9_VTX5F2ivAFlzW0JdmmK7tBGkQOEMmANgYR5F3xYcJuo1DuuWlPJoxjmzVRNezAJNz5bpW-ReQl2TjoQY5QqnazIm9K662FrtnTmMTiek_L_AF-QNG0Rm3nAyE3C7uh7TvSNuL7dEfPckEiAh7v2XhjijZCm8ZQhqEbNzQShxBrZv0x-Jtw4P52WX6nlyE4X541K0l8pt3RVbjYPQ2U-PM7MHfEpE7lLdnp5GKJgi6HHG9ocJnduP3ZSe0kz-b0e8KhDBl60Qnpi0PrqM7a7RWukhHGDHITmXEn2REfEKzAHFtGGXdCn8tgl_VQtuWGVCLogZgZ7nGqRa0lLW2WGEIoWoOftIrHhORlY4yG-d7F-kd9OiNbXJV9L-zPo7iXF_4m4kKukx38q4BoeodsmeG4Je2hwsmrXi7Wb6aYEv-Sls_rWWT0qHo-k5vEmCWXPrj1xBSNKx95SDpK9fY8qHD8RmTKDFG883wfTohGdc6D_jsKT0C9JQ7mvJwIm0AzWfCkyshRSuCjJC-o7goQPS1aGx8Ko1jRraJTAxYUhBdMCp3GrB7efrRWQ5u4BESq0ugCLHlV9yJDV-Wc_kUP9nE5pc714LgfwKoJsD_TnSrzyVsarPh5IXtxzAHe9HtZTqyIbTidlD8BEBaDhIpRe_5Aiul1DTA_1sdy98kwaUi3yluDI6RiT5pBCR14QprSZw9fY_aNEkUCJYC9k0ySAPRRmKlEE8mnHqrBXEspMMSO3hfLozttqAN2DMbhOTcSbPAojk66tGpONSEED_mzcD-hBHP5WwYKw_vBludcyBsYUdbZOO_17FCaXloBZVQp53wkxc514UIujZYpL2sbfr5ZNZpiSuvwNttNhz5JRea/https://www.amazon.com/gp/aw/d/B0F8D6PCQL/?_encoding=UTF8&pd_rd_plhdr=t&aaxitk=b8fdff5d0a92fb43ad129171fd02a1a5&hsa_cr_id=0&qid=1784434853&sr=1-2-9e67e56a-6f64-441f-a281-df67fc737124&i=aps&aref=rDDkVfxPg8&ref_=sbx__sbtcd_asin_1_bkgd&pd_rd_w=HEWE9&content-id=amzn1.sym.2fb72bc8-96ef-420d-b08f-c04b69f36507%3Aamzn1.sym.2fb72bc8-96ef-420d-b08f-c04b69f36507&pf_rd_p=2fb72bc8-96ef-420d-b08f-c04b69f36507&pf_rd_r=XVQBQXYSBWYZYMV9K9ZE&pd_rd_wg=zKT1z&pd_rd_r=56190399-1553-4c3d-beb9-8eaba7d09046,"https://m.media-amazon.com/images/I/71-mn-Y6B1L._AC_SR160,134_CB1169409_QL70_.jpg",61,排名靠前；价格高于人民币等值¥288.00；标题包含 wedge，符合美国女鞋舒适化趋势；评分达到4.6以上。
2026-07-19,amazon_us,product,search,platform sandals women,16,UBFEN Womens Flat Sandals Dress Braided T-Strap Thong Sandals with Arch Support Comfortable for Walking UBFEN Womens Flat Sandals Dress Braided T-Strap Thong Sandals with Arch Support Comfortable for Walking,¥194.33,4.2,4.2,,,,,,https://aax-us-east-retail-direct.amazon.com/x/c/JMytpZ1KUJ9-mRsPm89wIvUAAAGfeJsI0wEAAAH2AQBvbm9fdHhuX2JpZDUgICBvbm9fdHhuX2ltcDEgICBiSibX/clv1c_ek-wBPHXJTbbzS5Tc55B45r9Pr-IGpNr3ctMTMKtwysV3PzqGdu_8UUJSkBovp5mf3JjJlH-oOO5ZYPrwlFV7xxNAekg2HnZjWU-emhRsw07i8ArHNjxdi8f_4FEp3U-xQAvvkdfTCXKjhxKQpVFwcZfJd6BnhXqnqxwfXao3rTfSOofBdydttpWdXRLcuNyDa5uBpI_jBZK3MCZ_6gTs2mVcRSpUUvmZH5spO_-E56M7Ifrr3My1c55DvJjOgaRk7j0dG9fqWfDS3MqzdjoFmQy01jnF_4MGe2BSFbCnXOEIH0YaZj4blMSj_OpoANB8nfM7u6X9RkUVGsjNPUqrZCXlNNlNQtFynEegfbNc91Rk4KFAjqVXpXx3nHW8r9dIvFjk056yhlp4RIfJ9HR6tSGn54h2eO4x1imbJeH7BzvDPIkomqJA7o0aPvjBfz7_mppC1M5RLym3ypYey9yxJK1eRMvdBJ1l2ALaJ5He9W7APuZfdfpKzae6Y32Nj290ddLODcb7mmjnsfCpD37NUsZ01V_qi9N65h642X-KFAVPKdzQTEZLI8AA9qHHTKJA7_qSHIqPwMoSKRltOO-boQj1nf9f0MNa_YXNcPmHJkLCdMG2KklrIMMpn2nrjTe1yYva2bARwZsnFtpX9bz8xFHqVfwScnjTCY0CeWaSqTRchVBSxWgeywKLIIFJJcQxgKJTsbN_izKxoavXRyrlcGFg90hWDHZlth_YNZmTaiG7YBbJ1Ix4HB783VUnFnXO05r7ExtgT3Ad7UDpv7PcaAda774uDHgoZLTdA0WlvA67vHjxQHT7XD4H2Y8eyKJupyqdDbMMG3JqUf-m7-1mLlwum-N2bqs-xheRnWbH7LfcaU7kgbIfLUB9X4JMeWp5MC7v405wHcHT03cAqBR4OUDd23FO8AIxCZ1F1u8O57ukI7p8SlxaX9iUCA991ue7aq1ukGw1l44zFmLSmXUVP1IwAfVfNmmYtZqKGnMNjpzbcE8fNpjCOFbvkbnZ2z8ZpY_TW1QNGd9ts9_NYt0HZOPJ-U9RDg15KMhxohLJweDJJdH-v1nBZU7SbYvSWUnCEzEi7KYOaEQAmt9EGZFKFfOrdItInOUFvctpG5N7Cpi-9wsv06FWL0geH6UEtHgCBSyoil98a-LnCVhw44XydAuy6emGSN0Oe28tRKvW0bn-DcE9b8w-dF1oMdT5DgqYQiENd81ORi10hHfoNbhUAkXl7byjzLkzwNC00hh7f8eZ7mhed1lP4xJZdQkSSaBiUdWu2flHk6k9SJ3hJtXQTyaDqVISTS3mrwVuYyDKr5EI-FvwJu7wsVam6cup490YevXL2TxBopTLsj8gta_CLs0QmhjZcwcJmAb7iqbr_jcA-JmyZqer8W5cL32FGYFcc9OvvpUFoNk29ITsciVILDSN-W3GUXBI6b-EOUxFGpD6ZDrXs-96o0nMUGxAdTnhdlBlgo3iqvvCaANB2pOGD6RMthpXJmcvOFnKqg0t-deNL018jqtIlIoQjxTrWYSH3ci20N93e6zOuEi5zXrCd2wTO7NuvQSumoStpPCkpyIkBkq7_8qlzcuY2ENvQ47gj7rpE-Q34hnW9UZ_3ge3QMBIIIPSl-QeEAx3k8MvuuAumcEpkgp-VPyLRTWQE1vY7A4U8NFpCsfxuUQg8CfXfHsFM_lrwMBkZgiGJqIQG0WnC9zrhfrbeMjxgowyWPYlKmAmpcwSD3HA9k/https://www.amazon.com/gp/aw/d/B0DWMXSBZ3/?_encoding=UTF8&pd_rd_plhdr=t&aaxitk=46f2007f427cdba2b3d11a9183455d43&hsa_cr_id=0&qid=1784434853&sr=1-5-f02f01d6-adaf-4bef-9a7c-29308eff9043&ref_=sbx__sbtcd2_asin_4_bkgd&pd_rd_w=OgVo6&content-id=amzn1.sym.5159d9cb-0665-4a83-8f64-8881eaba312a%3Aamzn1.sym.5159d9cb-0665-4a83-8f64-8881eaba312a&pf_rd_p=5159d9cb-0665-4a83-8f64-8881eaba312a&pf_rd_r=XVQBQXYSBWYZYMV9K9ZE&pd_rd_wg=5WnLn&pd_rd_r=3b46ede4-9bc8-45ae-894c-f1e07e0990ce,"https://m.media-amazon.com/images/I/81kklPOPvwL._AC_SR322,134_CB1169409_QL70_.jpg",61,排名进入前30；价格处于人民币等值¥180.00-¥288.00区间；标题包含 comfort、arch support，符合美国女鞋舒适化趋势；评分达到4.0以上。
2026-07-19,amazon_us,product,search,women summer slippers,16,"ULTRAIDEAS Women's Indoor Bedroom Slipper with Memory Foam, Gift for Women, Wool-Like House Shoe with Anti-Skid Rubber Sole for Ladies ULTRAIDEAS Women's Indoor Bedroom Slipper with Memory Foam, Gift for Women, Wool-Like House Shoe with Anti-S…",¥107.93,4.6,4.6,,,,,,https://aax-us-east-retail-direct.amazon.com/x/c/JBw4sK0eWcJLXdM_MaeFdewAAAGfeJsDLAEAAAH2AQBvbm9fdHhuX2JpZDYgICBvbm9fdHhuX2ltcDEgICCJZbYa/clv1c_ek-wBPHXKjbXTuxSdL91u2mzBx5KIuTh7V8BFAEIBrl9uKrW17uEzW0KujgfZBGJBIH6MGqfB9-a4NlsmPiprn7xRLX6J4VAO_yw_gkSIbGxDAEtMglATCrm76p61tIyz1RTDxlyKxbbPjBlBXi9ykM8reGgmwFKksrgbzZuSIYbTes8Hcmrqhqgwlv6K7GXfrYk3kPJ3T_tkf4V9whB9v-dFx_-tGr_Bc8G7G3fMoXBV-JVIe1G_ObHAwJZHxcJABJw4OIIUrRrqq2pXIBS_afUmqYmo7vdPV31rbQdwHPvMtmvv8YeiffkgKGTAuJmF_8XpybfvKxkvSFmygVOBkuiUHon7Gl5HfobxGpkWSP78SLL7vden97oZpiKDEf5QeODlBNgk2YFI9NvBGy2Q2H_LjH8Mq8YEvTCLEFzYQuYlJf0Obzbps_uLWcklX9F_hpKdKWLvTBgUSgFZp66jOL5ruXFceIVFJfXDbZAMZGs4nrpfBDBihaIDkLcg_3BRxfvzYzL-H0EYBy39m3klN_jhXrDQzB2TdlpnvoTP1UPPVH4oN2MkPYTt80Vcg5x6xFqHzI-vmyFiKmLf0c-du-AB4_ql8t-j9ZO9Ro9Y-AS4NyzLDGHyKq8qQljAzViFTzjCDzGkS8eHXNdaI0XMV_9ynpvE-B6vjydz_ZOzCh9MvdhSyZAGihIIYEqTIO_-wOqM4ey1X7h2cK8YJlR5y2kpsAQw_COhKWz-EexhrWjJ4iLLVIrqtY8JoBvZ61tEpJrFBIRdE3dxmtIPji8ySsGnrcvNyVoW9DjFJo_wSc05GBtB2gNwlDRNNBwPNrCntXQDB-wU0x9GJH5Kr5y8ZSUJQFThofELkLsLkD7mDhofPtbcp0Ez7Y1VyprbyL57mOs7iHVBBgdQfSV4QIHieYiJJcHk94HA-tJcsiLpvODL1eRA4o_aMmtI_MZ-VWJLAqaCunw0ISqyTaJrNPwkEeoBypH5O6AeRJvkYRcwx7cJl9WSGQnh5sVGPtYmIesqW7B_BkvjxG3pH7y_1_CM0ARuMkXNXEQBD5NBaNd8IHSlCPfrdkBej6gAUvAWyxI3z11hF7ikxlN1W2QUssTNGNp7zOZ27vADB3v3EHcAvLHq-DXbVayZPanhstJBDfniY9eGYZ0Rw234JVWHfegJ12pMk2fwGCQ5Vi5ktrdH6vPVCmSsy-Oh30FalaQFuIGcesZbIqO_HPBXF6OvEKT1TDx8co3vYeoVG281CcZFPtPAXEifZ-ECU6r8nXRqhTOluv-dnxmGah3l-cVlWoEJ2psK5DlBggbfJnKQFH7_ihmyPy0dO820lPJjQ2n-3nT3b_9EnR7MLwN9jGkBWw-V0kpXdXXuzOcP0Bu59E2mck2U3Fgg5H535cRwGwcFj5zeoMkPVivgX8xAmRrEJDeyS4nUD_EdBNpNCxTZOStcu8st3ltK_5kKUpv-nAzHa9ZaVI5TOu4iugvCnIG0ZnUezDwwmMJRIoWFab2nXwFz6jOI-y3I75Pa4ufdQXQWsEP4QXbgh0DmwxCR-nVPbUCciK7wPXDtfkkjPsQ8mAm7Pr9cjFgJ6SntKcx2XDA7uStN1ZhxDJuMRl8u6CujcHP_wNpkKRoGEjcrNAuAGx-GUqIvpteWBdGbrqB2AktRTXuLSkIOXfVVgCjuLJHB6QP9RFNX2SWZ1kiwpHqPGjIQyO8vFMbLOQG2XM1Pz-_amgQHHGcc5NkduDu3Q/https://www.amazon.com/gp/aw/d/B07CKS49CH/?_encoding=UTF8&pd_rd_plhdr=t&aaxitk=01c0f67fbe3c6cef36a9be9344b797a1&hsa_cr_id=0&qid=1784434852&sr=1-5-f02f01d6-adaf-4bef-9a7c-29308eff9043&ref_=sbx__sbtcd2_asin_4_bkgd&pd_rd_w=YaSDA&content-id=amzn1.sym.5159d9cb-0665-4a83-8f64-8881eaba312a%3Aamzn1.sym.5159d9cb-0665-4a83-8f64-8881eaba312a&pf_rd_p=5159d9cb-0665-4a83-8f64-8881eaba312a&pf_rd_r=YYCGYCXMP869MA7VZQ49&pd_rd_wg=rJ4P7&pd_rd_r=8bbb566a-1756-4a54-af07-86cab180d1b3,"https://m.media-amazon.com/images/I/81Aw74tSZ4L._AC_SR322,134_CB1169409_QL70_.jpg",60,排名进入前30；价格处于人民币等值¥57.60-¥180.00黄金区间；评分达到4.6以上。
2026-07-19,amazon_us,product,search,women slides,15,Slides for Women and Men Arch Support Slide Sandals Slip Resistant Shower Slippers Cushioned Pool Slides,¥143.93,4.2,"Price, product page $19.99 $ 19 . 99 List: $23.99 List: $23.99 $23.99",,,,,,https://www.amazon.com/VIVASUN-Unisex-Support-Cushioned-Sandals/dp/B0H81Z631S/ref=sr_1_7?dib=eyJ2IjoiMSJ9.RrPumS3Ni8XWS9mPWZVEoM68tCRiXv-6Rmzdh4DjH1MzGv4H7NoifoMiv2JYov8uyHyBuyhKhKHWyH9mKEi1UE5sGOm_0aOXq-0ygN6ZYTTvSzasNotLuoU65jOATHNlH8xfpT749HChbKPgH36AE2xVTukRV5NC8LLzt18j_v04RmaPbp-_xzrpx5TjkmVaG_kRSGifN6biX7yQ1IcriBltl7RpjS6tIHzX3wJ_1YWLAAibnGYxJ8Cp8aNg0llJZtUFJhUr2ziEj6FtIT4w0gbbnWZRuoYe0C_NA1TLzW0.S-7JH4lrisMoi9MvyYBsBRiW3iQpoTXLM8ervMd5NXY&dib_tag=se&keywords=women+slides&qid=1784434853&sr=8-7,https://m.media-amazon.com/images/I/71cicMlyROL._AC_UL320_.jpg,60,排名进入前30；价格处于人民币等值¥57.60-¥180.00黄金区间；标题包含 arch support，符合美国女鞋舒适化趋势；评分达到4.0以上。
2026-07-19,amazon_us,product,best_sellers,Best Sellers Women Sandals,16,KuaiLu Womens Fashion Orthotic Slides Ladies Athletic Yoga Mat Memory Foam Walking Sandals Thick Cushion Recovery Summer Beach Slippers Comfortable Plantar Fasciitis Arch Support,,4.0,$23.99,,,,,,https://www.amazon.com/Orthotic-Lightweight-Athletic-Comfortable-Fasciitis/dp/B092ZT26V3/ref=zg_bs_g_679425011_d_sccl_16/146-4952585-1525954?psc=1,"https://images-na.ssl-images-amazon.com/images/I/71Rxka3CPTL._AC_UL600_SR600,400_.jpg",59,排名进入前30；标题包含 recovery、comfort、arch support、beach、summer，符合美国女鞋舒适化趋势；评分达到4.0以上。
2026-07-19,amazon_us,product,best_sellers,Best Sellers Women Sandals,28,"Reef Cushion Vista Hi Womens Platform Fashion Sandal, Arch Support, Ultra Soft Cushion Footbed",,4.4,$39.93,,,,,,https://www.amazon.com/Reef-Womens-Cushion-Vista-Hi/dp/B09K8WMWN6/ref=zg_bs_g_679425011_d_sccl_28/146-4952585-1525954?psc=1,"https://images-na.ssl-images-amazon.com/images/I/61wij8MIiAL._AC_UL600_SR600,400_.jpg",59,排名进入前30；标题包含 platform、arch support、soft，符合美国女鞋舒适化趋势；评分达到4.3以上。
2026-07-19,amazon_us,product,search,platform sandals women,6,CUSHIONAIRE,¥287.93,4.2,CUSHIONAIRE,,,,,,https://www.amazon.com/CUSHIONAIRE-Womens-platform-sandal-Memory/dp/B09M96YX6M/ref=sr_1_3?dib=eyJ2IjoiMSJ9.3zo6vUgTuNV2_oDBDGXaTRy6K1aDbG3D76D66ZkfndqhShfGe6AEqdQUye1k-95rw9sZsn4b80hgKx8cIPz8O65s-Rc6bLRinfgiB8z1VA61AkHvoFMSha5lcU2jJUMFtajIyKcTmcQ0AF92ZNlPaI73AbyVCgBCfgi6WcZ9jM6Ff07y8CTz5C_JbP6nkMEZB0rIKtWaTAowjA0rg5rUNKS7JBw8zYHQzVPbyOpZlU90aS9ZATwwSMHon7DqQH59POmzotYqsVmA2w7_c84LcBKp4abpK9_gVwgjPc4y3Dw.PBUlsJ0o4_3WfKPbpxWqli-e7YW0PhS59u6Fip17DWE&dib_tag=se&keywords=platform+sandals+women&qid=1784434853&sr=8-3,https://m.media-amazon.com/images/I/71oz-qD6L5L._AC_UL320_.jpg,59,排名靠前；价格处于人民币等值¥180.00-¥288.00区间；评分达到4.0以上。
2026-07-19,amazon_us,product,best_sellers,Best Sellers Women Sandals,25,OOFOS OOriginal Recovery Sandal - Women’s and Men’s,,4.6,$59.95,,,,,,https://www.amazon.com/OOFOS-Unisex-Original-Thong-Black/dp/B00IA4XD20/ref=zg_bs_g_679425011_d_sccl_25/146-4952585-1525954?psc=1,"https://images-na.ssl-images-amazon.com/images/I/51qiZpHX64L._AC_UL600_SR600,400_.jpg",58,排名进入前30；评论数达到50以上；标题包含 recovery，符合美国女鞋舒适化趋势；评分达到4.6以上。
2026-07-19,amazon_us,product,new_releases,New Releases Women Sandals,3,"CUSHIONAIRE Siesta Modern Lattice Ballet Flats for Women, Comfortable Slip On Pointed Toe Womens Jelly Shoes",,4.3,$39.99,,,,,,https://www.amazon.com/CUSHIONAIRE-Siesta-Lattice-Comfortable-Pointed/dp/B0GYQ3JK18/ref=zg_bsnr_g_679425011_d_sccl_3/132-0879092-8811422?psc=1,"https://images-na.ssl-images-amazon.com/images/I/81aIqaR3TYL._AC_UL600_SR600,400_.jpg",58,排名靠前；标题包含 comfort，符合美国女鞋舒适化趋势；评分达到4.3以上。
2026-07-19,amazon_us,product,new_releases,New Releases Women Sandals,9,"BRONAX Women's Double Buckle Clear Jelly Sandals J100 | Waterproof PVC Material, Quick-Drying, Summer Slip on, Easy to Clean, Comfort During Walking, Travel, and Daily Wear",,4.0,$19.98,,,,,,https://www.amazon.com/BRONAX-Womens-Double-Buckle-Sandals/dp/B0H14NPPFB/ref=zg_bsnr_g_679425011_d_sccl_9/132-0879092-8811422?psc=1,"https://images-na.ssl-images-amazon.com/images/I/81ntrU8WMiL._AC_UL600_SR600,400_.jpg",58,排名靠前；标题包含 comfort、summer，符合美国女鞋舒适化趋势；评分达到4.0以上。
2026-07-19,amazon_us,product,search,platform sandals women,5,Crocs,¥395.64,4.6,Crocs,,,,,,https://www.amazon.com/Crocs-Brooklyn-Low-Wedge-Black/dp/B07YQRHTG4/ref=sr_1_2?dib=eyJ2IjoiMSJ9.3zo6vUgTuNV2_oDBDGXaTRy6K1aDbG3D76D66ZkfndqhShfGe6AEqdQUye1k-95rw9sZsn4b80hgKx8cIPz8O65s-Rc6bLRinfgiB8z1VA61AkHvoFMSha5lcU2jJUMFtajIyKcTmcQ0AF92ZNlPaI73AbyVCgBCfgi6WcZ9jM6Ff07y8CTz5C_JbP6nkMEZB0rIKtWaTAowjA0rg5rUNKS7JBw8zYHQzVPbyOpZlU90aS9ZATwwSMHon7DqQH59POmzotYqsVmA2w7_c84LcBKp4abpK9_gVwgjPc4y3Dw.PBUlsJ0o4_3WfKPbpxWqli-e7YW0PhS59u6Fip17DWE&dib_tag=se&keywords=platform+sandals+women&qid=1784434853&sr=8-2,https://m.media-amazon.com/images/I/7146HmICxBL._AC_UL320_.jpg,58,排名靠前；价格高于人民币等值¥288.00；评分达到4.6以上。
2026-07-19,amazon_us,product,best_sellers,Best Sellers Women Sandals,14,KuaiLu Womens Arch Support Flip Flops Comfortable Yoga Mat Slip on Summer Beach Walking Thong Cushion Sandals,,4.2,$13.98,,,,,,https://www.amazon.com/KuaiLu-Support-Comfortable-Cushion-Walking/dp/B08GKGCH2R/ref=zg_bs_g_679425011_d_sccl_14/146-4952585-1525954?psc=1,"https://images-na.ssl-images-amazon.com/images/I/81-DUybjK+L._AC_UL600_SR600,400_.jpg",57,排名进入前30；标题包含 comfort、arch support、beach、summer，符合美国女鞋舒适化趋势；评分达到4.0以上。
2026-07-19,amazon_us,product,best_sellers,Best Sellers Women Sandals,22,KuaiLu Womens Arch Support Flip Flops Ladies Comfort Lightweight Soft Yoga Mat Cushion Walking Thong Sandals,,4.5,$15.98,,,,,,https://www.amazon.com/KuaiLu-Comfortable-Waterproof-Supportive-Flipflops/dp/B0CTML36SJ/ref=zg_bs_g_679425011_d_sccl_22/146-4952585-1525954?psc=1,"https://images-na.ssl-images-amazon.com/images/I/71FLg8v7ZyL._AC_UL600_SR600,400_.jpg",57,排名进入前30；标题包含 comfort、arch support、soft，符合美国女鞋舒适化趋势；评分达到4.3以上。
2026-07-19,amazon_us,product,best_sellers,Best Sellers Women Sandals,33,Project Cloud Platform Sandals Women – Strappy Wedges with Comfortable Plush & Soft Insole – Lightweight & Non Slip Platform Sandals for Women 2026,,4.3,$39.90,,,,,,https://www.amazon.com/Project-Cloud-Platform-Sandals-Footwear/dp/B0DR3LB5NG/ref=zg_bs_g_679425011_d_sccl_33/146-4952585-1525954?psc=1,"https://images-na.ssl-images-amazon.com/images/I/71lJvDGljyL._AC_UL300_SR300,200_.jpg",57,排名进入前50；标题包含 cloud、platform、comfort、soft、wedge，符合美国女鞋舒适化趋势；platform + comfort组合趋势加分；评分达到4.3以上。
2026-07-19,amazon_us,product,new_releases,New Releases Women Sandals,17,RJYLP Jelly Sandals for Women Clear Sandals Jelly Shoes Women Kitten Heel Mules Open Toe Slide Pumps Dress Shoes Beach Summer Sandal Cute Comfortable,,4.7,$46.99,,,,,,https://www.amazon.com/RJYLP-Sandals-Kitten-Summer-Comfortable/dp/B0H3NPG132/ref=zg_bsnr_g_679425011_d_sccl_17/132-0879092-8811422?psc=1,"https://images-na.ssl-images-amazon.com/images/I/61SdeC7gxAL._AC_UL600_SR600,400_.jpg",57,排名进入前30；标题包含 comfort、beach、summer，符合美国女鞋舒适化趋势；评分达到4.6以上。
2026-07-19,amazon_us,product,new_releases,New Releases Women Sandals,40,"QIY Flip Flops for Women Square Toe Platform Sandals Slides | Memory Foam Insole - Lightweight and Comfortable, Women Footwear Summer Thong Sandals for Women 2026",,4.6,$29.99,,,,,,https://www.amazon.com/QIY-Square-Platform-Sandals-Slides/dp/B0H13WXYH2/ref=zg_bsnr_g_679425011_d_sccl_40/146-4952585-1525954?psc=1,"https://images-na.ssl-images-amazon.com/images/I/61c-vvOzT2L._AC_UL300_SR300,200_.jpg",57,排名进入前50；标题包含 platform、comfort、summer，符合美国女鞋舒适化趋势；platform + comfort组合趋势加分；评分达到4.6以上。
2026-07-19,amazon_us,product,search,women summer slippers,11,GOEWY,¥93.53,4.3,GOEWY,,,,,,https://www.amazon.com/GOEWY-Slippers-Breathable-Birthday-Outdoor/dp/B0GQGLFHFJ/ref=sr_1_8?dib=eyJ2IjoiMSJ9.edQbWdZgRC57j1GkLLh3ypLpGy5JjTF-VSN3Bkds4s6Z7XN1biWVvUmm3ko_Er2x5pXSMH0QsST4UOlft_S2gR1Ug3JruV0whaZZxP19Dt9S1Gbl4jYFd-1Ya97kB3gXtpPYtUQrJvhJwSHc4CgVARVxBlaj0kd92nskD_CsP4hrM45jDUuNEvZNI6QD89IrlOxccYAFZg1KbhxWLaXoBUZnUDGDkAyekaRmb9VQds6mWKrTLUyZQi0lh2Sm-p1mpDtisj2ym9TVEEVo4M-wDDm-r5yTtFTbDaogY65Y4vc.r0-B_Mae2SbmRc0fdQztF80KX2cGwIToIP77NLFGwPY&dib_tag=se&keywords=women+summer+slippers&qid=1784434852&sr=8-8,https://m.media-amazon.com/images/I/61PJ6PNvlqL._AC_UL320_.jpg,57,排名进入前30；价格处于人民币等值¥57.60-¥180.00黄金区间；评分达到4.3以上。
2026-07-19,amazon_us,product,search,women summer slippers,13,"ULTRAIDEAS Women's Indoor Loafer House Slippers with Memory Foam, Ladies Warm Closed Back House Shoes with Non-Slip Outdoor Rubber Sole ULTRAIDEAS Women's Indoor Loafer House Slippers with Memory Foam, Ladies Warm Closed Back House Shoes wi…",¥96.41,4.5,4.5,,,,,,https://aax-us-east-retail-direct.amazon.com/x/c/JBw4sK0eWcJLXdM_MaeFdewAAAGfeJsDLAEAAAH2AQBvbm9fdHhuX2JpZDYgICBvbm9fdHhuX2ltcDEgICCJZbYa/clv1c_ek-wBPHXKjbXTuxSdL91u2mzBx5KIuTh7V8BFAEIBrl9uKrW17uEzW0KujgfZBGJBIH6MGqfB9-a4NlsmPiprn7xRLX6J4VAO_yw_gkSIbGxDAEtMglATCrm76p61tIyz1RTDxlyKxbbPjBlBXi9ykM8reGgmwFKksrgbzZuSIYbTes8Hcmrqhqgwlv6K7GXfrYk3kPJ3T_tkf4V9whB9v-dFx_-tGr_Bc8G7G3fMoXBV-JVIe1G_ObHAwJZHxcJABJw4OIIUrRrqq2pXIBS_afUmqYmo7vdPV31rbQdwHPvMtmvv8YeiffkgKGTAuJmF_8XpybfvKxkvSFmygVOBkuiUHon7Gl5HfobxGpkWSP78SLL7vden97oZpiKDEf5QeODlBNgk2YFI9NvBGy2Q2H_LjH8Mq8YEvTCLEFzYQuYlJf0Obzbps_uLWcklX9F_hpKdKWLvTBgUSgFZp66jOL5ruXFceIVFJfXDbZAMZGs4nrpfBDBihaIDkLcg_3BRxfvzYzL-H0EYBy39m3klN_jhXrDQzB2TdlpnvoTP1UPPVH4oN2MkPYTt80Vcg5x6xFqHzI-vmyFiKmLf0c-du-AB4_ql8t-j9ZO9Ro9Y-AS4NyzLDGHyKq8qQljAzViFTzjCDzGkS8eHXNdaI0XMV_9ynpvE-B6vjydz_ZOzCh9MvdhSyZAGihIIYEqTIO_-wOqM4ey1X7h2cK8YJlR5y2kpsAQw_COhKWz-EexhrWjJ4iLLVIrqtY8JoBvZ61tEpJrFBIRdE3dxmtIPji8ySsGnrcvNyVoW9DjFJo_wSc05GBtB2gNwlDRNNBwPNrCntXQDB-wU0x9GJH5Kr5y8ZSUJQFThofELkLsLkD7mDhofPtbcp0Ez7Y1VyprbyL57mOs7iHVBBgdQfSV4QIHieYiJJcHk94HA-tJcsiLpvODL1eRA4o_aMmtI_MZ-VWJLAqaCunw0ISqyTaJrNPwkEeoBypH5O6AeRJvkYRcwx7cJl9WSGQnh5sVGPtYmIesqW7B_BkvjxG3pH7y_1_CM0ARuMkXNXEQBD5NBaNd8IHSlCPfrdkBej6gAUvAWyxI3z11hF7ikxlN1W2QUssTNGNp7zOZ27vADB3v3EHcAvLHq-DXbVayZPanhstJBDfniY9eGYZ0Rw234JVWHfegJ12pMk2fwGCQ5Vi5ktrdH6vPVCmSsy-Oh30FalaQFuIGcesZbIqO_HPBXF6OvEKT1TDx8co3vYeoVG281CcZFPtPAXEifZ-ECU6r8nXRqhTOluv-dnxmGah3l-cVlWoEJ2psK5DlBggbfJnKQFH7_ihmyPy0dO820lPJjQ2n-3nT3b_9EnR7MLwN9jGkBWw-V0kpXdXXuzOcP0Bu59E2mck2U3Fgg5H535cRwGwcFj5zeoMkPVivgX8xAmRrEJDeyS4nUD_EdBNpNCxTZOStcu8st3ltK_5kKUpv-nAzHa9ZaVI5TOu4iugvCnIG0ZnUezDwwmMJRIoWFab2nXwFz6jOI-y3I75Pa4ufdQXQWsEP4QXbgh0DmwxCR-nVPbUCciK7wPXDtfkkjPsQ8mAm7Pr9cjFgJ6SntKcx2XDA7uStN1ZhxDJuMRl8u6CujcHP_wNpkKRoGEjcrNAuAGx-GUqIvpteWBdGbrqB2AktRTXuLSkIOXfVVgCjuLJHB6QP9RFNX2SWZ1kiwpHqPGjIQyO8vFMbLOQG2XM1Pz-_amgQHHGcc5NkduDu3Q/https://www.amazon.com/gp/aw/d/B07RTV8GPB/?_encoding=UTF8&pd_rd_plhdr=t&aaxitk=01c0f67fbe3c6cef36a9be9344b797a1&hsa_cr_id=0&qid=1784434852&sr=1-2-f02f01d6-adaf-4bef-9a7c-29308eff9043&ref_=sbx__sbtcd2_asin_1_bkgd&pd_rd_w=YaSDA&content-id=amzn1.sym.5159d9cb-0665-4a83-8f64-8881eaba312a%3Aamzn1.sym.5159d9cb-0665-4a83-8f64-8881eaba312a&pf_rd_p=5159d9cb-0665-4a83-8f64-8881eaba312a&pf_rd_r=YYCGYCXMP869MA7VZQ49&pd_rd_wg=rJ4P7&pd_rd_r=8bbb566a-1756-4a54-af07-86cab180d1b3,"https://m.media-amazon.com/images/I/81Yli1OTNgL._AC_SR322,134_CB1169409_QL70_.jpg",57,排名进入前30；价格处于人民币等值¥57.60-¥180.00黄金区间；评分达到4.3以上。
2026-07-19,amazon_us,product,search,women summer slippers,14,"ULTRAIDEAS Women's Fancy Fuzzy House Slippers Indoor, Cute Open Toe Slides with Rhinestone Bowknot, Comfy Fluffy Bedroom House Shoes ULTRAIDEAS Women's Fancy Fuzzy House Slippers Indoor, Cute Open Toe Slides with Rhinestone Bowknot, Comfy…",¥129.53,4.4,4.4,,,,,,https://aax-us-east-retail-direct.amazon.com/x/c/JBw4sK0eWcJLXdM_MaeFdewAAAGfeJsDLAEAAAH2AQBvbm9fdHhuX2JpZDYgICBvbm9fdHhuX2ltcDEgICCJZbYa/clv1c_ek-wBPHXKjbXTuxSdL91u2mzBx5KIuTh7V8BFAEIBrl9uKrW17uEzW0KujgfZBGJBIH6MGqfB9-a4NlsmPiprn7xRLX6J4VAO_yw_gkSIbGxDAEtMglATCrm76p61tIyz1RTDxlyKxbbPjBlBXi9ykM8reGgmwFKksrgbzZuSIYbTes8Hcmrqhqgwlv6K7GXfrYk3kPJ3T_tkf4V9whB9v-dFx_-tGr_Bc8G7G3fMoXBV-JVIe1G_ObHAwJZHxcJABJw4OIIUrRrqq2pXIBS_afUmqYmo7vdPV31rbQdwHPvMtmvv8YeiffkgKGTAuJmF_8XpybfvKxkvSFmygVOBkuiUHon7Gl5HfobxGpkWSP78SLL7vden97oZpiKDEf5QeODlBNgk2YFI9NvBGy2Q2H_LjH8Mq8YEvTCLEFzYQuYlJf0Obzbps_uLWcklX9F_hpKdKWLvTBgUSgFZp66jOL5ruXFceIVFJfXDbZAMZGs4nrpfBDBihaIDkLcg_3BRxfvzYzL-H0EYBy39m3klN_jhXrDQzB2TdlpnvoTP1UPPVH4oN2MkPYTt80Vcg5x6xFqHzI-vmyFiKmLf0c-du-AB4_ql8t-j9ZO9Ro9Y-AS4NyzLDGHyKq8qQljAzViFTzjCDzGkS8eHXNdaI0XMV_9ynpvE-B6vjydz_ZOzCh9MvdhSyZAGihIIYEqTIO_-wOqM4ey1X7h2cK8YJlR5y2kpsAQw_COhKWz-EexhrWjJ4iLLVIrqtY8JoBvZ61tEpJrFBIRdE3dxmtIPji8ySsGnrcvNyVoW9DjFJo_wSc05GBtB2gNwlDRNNBwPNrCntXQDB-wU0x9GJH5Kr5y8ZSUJQFThofELkLsLkD7mDhofPtbcp0Ez7Y1VyprbyL57mOs7iHVBBgdQfSV4QIHieYiJJcHk94HA-tJcsiLpvODL1eRA4o_aMmtI_MZ-VWJLAqaCunw0ISqyTaJrNPwkEeoBypH5O6AeRJvkYRcwx7cJl9WSGQnh5sVGPtYmIesqW7B_BkvjxG3pH7y_1_CM0ARuMkXNXEQBD5NBaNd8IHSlCPfrdkBej6gAUvAWyxI3z11hF7ikxlN1W2QUssTNGNp7zOZ27vADB3v3EHcAvLHq-DXbVayZPanhstJBDfniY9eGYZ0Rw234JVWHfegJ12pMk2fwGCQ5Vi5ktrdH6vPVCmSsy-Oh30FalaQFuIGcesZbIqO_HPBXF6OvEKT1TDx8co3vYeoVG281CcZFPtPAXEifZ-ECU6r8nXRqhTOluv-dnxmGah3l-cVlWoEJ2psK5DlBggbfJnKQFH7_ihmyPy0dO820lPJjQ2n-3nT3b_9EnR7MLwN9jGkBWw-V0kpXdXXuzOcP0Bu59E2mck2U3Fgg5H535cRwGwcFj5zeoMkPVivgX8xAmRrEJDeyS4nUD_EdBNpNCxTZOStcu8st3ltK_5kKUpv-nAzHa9ZaVI5TOu4iugvCnIG0ZnUezDwwmMJRIoWFab2nXwFz6jOI-y3I75Pa4ufdQXQWsEP4QXbgh0DmwxCR-nVPbUCciK7wPXDtfkkjPsQ8mAm7Pr9cjFgJ6SntKcx2XDA7uStN1ZhxDJuMRl8u6CujcHP_wNpkKRoGEjcrNAuAGx-GUqIvpteWBdGbrqB2AktRTXuLSkIOXfVVgCjuLJHB6QP9RFNX2SWZ1kiwpHqPGjIQyO8vFMbLOQG2XM1Pz-_amgQHHGcc5NkduDu3Q/https://www.amazon.com/gp/aw/d/B0FNCSPXPR/?_encoding=UTF8&pd_rd_plhdr=t&aaxitk=01c0f67fbe3c6cef36a9be9344b797a1&hsa_cr_id=0&qid=1784434852&sr=1-3-f02f01d6-adaf-4bef-9a7c-29308eff9043&ref_=sbx__sbtcd2_asin_2_bkgd&pd_rd_w=YaSDA&content-id=amzn1.sym.5159d9cb-0665-4a83-8f64-8881eaba312a%3Aamzn1.sym.5159d9cb-0665-4a83-8f64-8881eaba312a&pf_rd_p=5159d9cb-0665-4a83-8f64-8881eaba312a&pf_rd_r=YYCGYCXMP869MA7VZQ49&pd_rd_wg=rJ4P7&pd_rd_r=8bbb566a-1756-4a54-af07-86cab180d1b3,"https://m.media-amazon.com/images/I/81Z2-NcHOiL._AC_SR322,134_CB1169409_QL70_.jpg",57,排名进入前30；价格处于人民币等值¥57.60-¥180.00黄金区间；评分达到4.3以上。
2026-07-19,amazon_us,product,search,women summer slippers,15,"ULTRAIDEAS Womens Indoor Outdoor Slippers, Memory Foam Open Toe Cute House Shoes for Bedroom with Bow Design, Gift for Women ULTRAIDEAS Womens Indoor Outdoor Slippers, Memory Foam Open Toe Cute House Shoes for Bedroom with Bo…",¥107.78,4.5,4.5,,,,,,https://aax-us-east-retail-direct.amazon.com/x/c/JBw4sK0eWcJLXdM_MaeFdewAAAGfeJsDLAEAAAH2AQBvbm9fdHhuX2JpZDYgICBvbm9fdHhuX2ltcDEgICCJZbYa/clv1c_ek-wBPHXKjbXTuxSdL91u2mzBx5KIuTh7V8BFAEIBrl9uKrW17uEzW0KujgfZBGJBIH6MGqfB9-a4NlsmPiprn7xRLX6J4VAO_yw_gkSIbGxDAEtMglATCrm76p61tIyz1RTDxlyKxbbPjBlBXi9ykM8reGgmwFKksrgbzZuSIYbTes8Hcmrqhqgwlv6K7GXfrYk3kPJ3T_tkf4V9whB9v-dFx_-tGr_Bc8G7G3fMoXBV-JVIe1G_ObHAwJZHxcJABJw4OIIUrRrqq2pXIBS_afUmqYmo7vdPV31rbQdwHPvMtmvv8YeiffkgKGTAuJmF_8XpybfvKxkvSFmygVOBkuiUHon7Gl5HfobxGpkWSP78SLL7vden97oZpiKDEf5QeODlBNgk2YFI9NvBGy2Q2H_LjH8Mq8YEvTCLEFzYQuYlJf0Obzbps_uLWcklX9F_hpKdKWLvTBgUSgFZp66jOL5ruXFceIVFJfXDbZAMZGs4nrpfBDBihaIDkLcg_3BRxfvzYzL-H0EYBy39m3klN_jhXrDQzB2TdlpnvoTP1UPPVH4oN2MkPYTt80Vcg5x6xFqHzI-vmyFiKmLf0c-du-AB4_ql8t-j9ZO9Ro9Y-AS4NyzLDGHyKq8qQljAzViFTzjCDzGkS8eHXNdaI0XMV_9ynpvE-B6vjydz_ZOzCh9MvdhSyZAGihIIYEqTIO_-wOqM4ey1X7h2cK8YJlR5y2kpsAQw_COhKWz-EexhrWjJ4iLLVIrqtY8JoBvZ61tEpJrFBIRdE3dxmtIPji8ySsGnrcvNyVoW9DjFJo_wSc05GBtB2gNwlDRNNBwPNrCntXQDB-wU0x9GJH5Kr5y8ZSUJQFThofELkLsLkD7mDhofPtbcp0Ez7Y1VyprbyL57mOs7iHVBBgdQfSV4QIHieYiJJcHk94HA-tJcsiLpvODL1eRA4o_aMmtI_MZ-VWJLAqaCunw0ISqyTaJrNPwkEeoBypH5O6AeRJvkYRcwx7cJl9WSGQnh5sVGPtYmIesqW7B_BkvjxG3pH7y_1_CM0ARuMkXNXEQBD5NBaNd8IHSlCPfrdkBej6gAUvAWyxI3z11hF7ikxlN1W2QUssTNGNp7zOZ27vADB3v3EHcAvLHq-DXbVayZPanhstJBDfniY9eGYZ0Rw234JVWHfegJ12pMk2fwGCQ5Vi5ktrdH6vPVCmSsy-Oh30FalaQFuIGcesZbIqO_HPBXF6OvEKT1TDx8co3vYeoVG281CcZFPtPAXEifZ-ECU6r8nXRqhTOluv-dnxmGah3l-cVlWoEJ2psK5DlBggbfJnKQFH7_ihmyPy0dO820lPJjQ2n-3nT3b_9EnR7MLwN9jGkBWw-V0kpXdXXuzOcP0Bu59E2mck2U3Fgg5H535cRwGwcFj5zeoMkPVivgX8xAmRrEJDeyS4nUD_EdBNpNCxTZOStcu8st3ltK_5kKUpv-nAzHa9ZaVI5TOu4iugvCnIG0ZnUezDwwmMJRIoWFab2nXwFz6jOI-y3I75Pa4ufdQXQWsEP4QXbgh0DmwxCR-nVPbUCciK7wPXDtfkkjPsQ8mAm7Pr9cjFgJ6SntKcx2XDA7uStN1ZhxDJuMRl8u6CujcHP_wNpkKRoGEjcrNAuAGx-GUqIvpteWBdGbrqB2AktRTXuLSkIOXfVVgCjuLJHB6QP9RFNX2SWZ1kiwpHqPGjIQyO8vFMbLOQG2XM1Pz-_amgQHHGcc5NkduDu3Q/https://www.amazon.com/gp/aw/d/B09WHG898G/?_encoding=UTF8&pd_rd_plhdr=t&aaxitk=01c0f67fbe3c6cef36a9be9344b797a1&hsa_cr_id=0&qid=1784434852&sr=1-4-f02f01d6-adaf-4bef-9a7c-29308eff9043&ref_=sbx__sbtcd2_asin_3_bkgd&pd_rd_w=YaSDA&content-id=amzn1.sym.5159d9cb-0665-4a83-8f64-8881eaba312a%3Aamzn1.sym.5159d9cb-0665-4a83-8f64-8881eaba312a&pf_rd_p=5159d9cb-0665-4a83-8f64-8881eaba312a&pf_rd_r=YYCGYCXMP869MA7VZQ49&pd_rd_wg=rJ4P7&pd_rd_r=8bbb566a-1756-4a54-af07-86cab180d1b3,"https://m.media-amazon.com/images/I/81+fkuGqeOL._AC_SR322,134_CB1169409_QL70_.jpg",57,排名进入前30；价格处于人民币等值¥57.60-¥180.00黄金区间；评分达到4.3以上。
2026-07-19,amazon_us,product,search,women summer slippers,18,Evshine,¥86.33,4.4,Evshine,,,,,,https://www.amazon.com/Evshine-Summer-Slippers-Corduroy-Bedroom/dp/B0CSN39WDS/ref=sr_1_10?dib=eyJ2IjoiMSJ9.edQbWdZgRC57j1GkLLh3ypLpGy5JjTF-VSN3Bkds4s6Z7XN1biWVvUmm3ko_Er2x5pXSMH0QsST4UOlft_S2gR1Ug3JruV0whaZZxP19Dt9S1Gbl4jYFd-1Ya97kB3gXtpPYtUQrJvhJwSHc4CgVARVxBlaj0kd92nskD_CsP4hrM45jDUuNEvZNI6QD89IrlOxccYAFZg1KbhxWLaXoBUZnUDGDkAyekaRmb9VQds6mWKrTLUyZQi0lh2Sm-p1mpDtisj2ym9TVEEVo4M-wDDm-r5yTtFTbDaogY65Y4vc.r0-B_Mae2SbmRc0fdQztF80KX2cGwIToIP77NLFGwPY&dib_tag=se&keywords=women+summer+slippers&qid=1784434852&sr=8-10,https://m.media-amazon.com/images/I/71SaoMUrpoL._AC_UL320_.jpg,57,排名进入前30；价格处于人民币等值¥57.60-¥180.00黄金区间；评分达到4.3以上。
2026-07-19,amazon_us,product,search,women summer slippers,20,ULTRAIDEAS,¥102.53,4.5,ULTRAIDEAS,,,,,,https://www.amazon.com/ULTRAIDEAS-Slippers-Bowknot-Outdoor-Anti-Skid/dp/B07MZ3H6MN/ref=sr_1_12?dib=eyJ2IjoiMSJ9.edQbWdZgRC57j1GkLLh3ypLpGy5JjTF-VSN3Bkds4s6Z7XN1biWVvUmm3ko_Er2x5pXSMH0QsST4UOlft_S2gR1Ug3JruV0whaZZxP19Dt9S1Gbl4jYFd-1Ya97kB3gXtpPYtUQrJvhJwSHc4CgVARVxBlaj0kd92nskD_CsP4hrM45jDUuNEvZNI6QD89IrlOxccYAFZg1KbhxWLaXoBUZnUDGDkAyekaRmb9VQds6mWKrTLUyZQi0lh2Sm-p1mpDtisj2ym9TVEEVo4M-wDDm-r5yTtFTbDaogY65Y4vc.r0-B_Mae2SbmRc0fdQztF80KX2cGwIToIP77NLFGwPY&dib_tag=se&keywords=women+summer+slippers&qid=1784434852&sr=8-12,https://m.media-amazon.com/images/I/71cvxwhDe7L._AC_UL320_.jpg,57,排名进入前30；价格处于人民币等值¥57.60-¥180.00黄金区间；评分达到4.3以上。
2026-07-19,amazon_us,product,search,women summer slippers,25,HomeTop,¥122.33,4.4,HomeTop,,,,,,https://www.amazon.com/Womens-Comfort-Cotton-Slippers-Anti-Skid/dp/B07J5QBSWK/ref=sr_1_17?dib=eyJ2IjoiMSJ9.edQbWdZgRC57j1GkLLh3ypLpGy5JjTF-VSN3Bkds4s6Z7XN1biWVvUmm3ko_Er2x5pXSMH0QsST4UOlft_S2gR1Ug3JruV0whaZZxP19Dt9S1Gbl4jYFd-1Ya97kB3gXtpPYtUQrJvhJwSHc4CgVARVxBlaj0kd92nskD_CsP4hrM45jDUuNEvZNI6QD89IrlOxccYAFZg1KbhxWLaXoBUZnUDGDkAyekaRmb9VQds6mWKrTLUyZQi0lh2Sm-p1mpDtisj2ym9TVEEVo4M-wDDm-r5yTtFTbDaogY65Y4vc.r0-B_Mae2SbmRc0fdQztF80KX2cGwIToIP77NLFGwPY&dib_tag=se&keywords=women+summer+slippers&qid=1784434852&sr=8-17,https://m.media-amazon.com/images/I/71h+wvVaLcL._AC_UL320_.jpg,57,排名进入前30；价格处于人民币等值¥57.60-¥180.00黄金区间；评分达到4.3以上。
2026-07-19,amazon_us,product,search,women summer slippers,26,KuaiLu,¥95.69,4.3,KuaiLu,,,,,,https://www.amazon.com/KuaiLu-Support-Comfortable-Walking-Sandals/dp/B0C5ZZ51RT/ref=sr_1_18?dib=eyJ2IjoiMSJ9.edQbWdZgRC57j1GkLLh3ypLpGy5JjTF-VSN3Bkds4s6Z7XN1biWVvUmm3ko_Er2x5pXSMH0QsST4UOlft_S2gR1Ug3JruV0whaZZxP19Dt9S1Gbl4jYFd-1Ya97kB3gXtpPYtUQrJvhJwSHc4CgVARVxBlaj0kd92nskD_CsP4hrM45jDUuNEvZNI6QD89IrlOxccYAFZg1KbhxWLaXoBUZnUDGDkAyekaRmb9VQds6mWKrTLUyZQi0lh2Sm-p1mpDtisj2ym9TVEEVo4M-wDDm-r5yTtFTbDaogY65Y4vc.r0-B_Mae2SbmRc0fdQztF80KX2cGwIToIP77NLFGwPY&dib_tag=se&keywords=women+summer+slippers&qid=1784434852&sr=8-18,https://m.media-amazon.com/images/I/710PdcSAm6L._AC_UL320_.jpg,57,排名进入前30；价格处于人民币等值¥57.60-¥180.00黄金区间；评分达到4.3以上。
2026-07-19,amazon_us,product,search,women summer slippers,27,shevalues,¥95.47,4.3,shevalues,,,,,,https://www.amazon.com/Shevalues-Womens-Indoor-Slippers-Cotton/dp/B074HBC1BR/ref=sr_1_19?dib=eyJ2IjoiMSJ9.edQbWdZgRC57j1GkLLh3ypLpGy5JjTF-VSN3Bkds4s6Z7XN1biWVvUmm3ko_Er2x5pXSMH0QsST4UOlft_S2gR1Ug3JruV0whaZZxP19Dt9S1Gbl4jYFd-1Ya97kB3gXtpPYtUQrJvhJwSHc4CgVARVxBlaj0kd92nskD_CsP4hrM45jDUuNEvZNI6QD89IrlOxccYAFZg1KbhxWLaXoBUZnUDGDkAyekaRmb9VQds6mWKrTLUyZQi0lh2Sm-p1mpDtisj2ym9TVEEVo4M-wDDm-r5yTtFTbDaogY65Y4vc.r0-B_Mae2SbmRc0fdQztF80KX2cGwIToIP77NLFGwPY&dib_tag=se&keywords=women+summer+slippers&qid=1784434852&sr=8-19,https://m.media-amazon.com/images/I/71JYzlHXkPL._AC_UL320_.jpg,57,排名进入前30；价格处于人民币等值¥57.60-¥180.00黄金区间；评分达到4.3以上。
2026-07-19,amazon_us,product,search,women summer slippers,28,LongBay,¥143.93,4.5,LongBay,,,,,,https://www.amazon.com/LongBay-Slippers-Memory-Bedroom-Dual-Strap/dp/B0DP277YRM/ref=sr_1_20?dib=eyJ2IjoiMSJ9.edQbWdZgRC57j1GkLLh3ypLpGy5JjTF-VSN3Bkds4s6Z7XN1biWVvUmm3ko_Er2x5pXSMH0QsST4UOlft_S2gR1Ug3JruV0whaZZxP19Dt9S1Gbl4jYFd-1Ya97kB3gXtpPYtUQrJvhJwSHc4CgVARVxBlaj0kd92nskD_CsP4hrM45jDUuNEvZNI6QD89IrlOxccYAFZg1KbhxWLaXoBUZnUDGDkAyekaRmb9VQds6mWKrTLUyZQi0lh2Sm-p1mpDtisj2ym9TVEEVo4M-wDDm-r5yTtFTbDaogY65Y4vc.r0-B_Mae2SbmRc0fdQztF80KX2cGwIToIP77NLFGwPY&dib_tag=se&keywords=women+summer+slippers&qid=1784434852&sr=8-20,https://m.media-amazon.com/images/I/71BlGXBbl-L._AC_UL320_.jpg,57,排名进入前30；价格处于人民币等值¥57.60-¥180.00黄金区间；评分达到4.3以上。
2026-07-19,amazon_us,product,search,women summer slippers,29,EverFoams,¥64.94,4.4,EverFoams,,,,,,https://www.amazon.com/EverFoams-Slippers-Outdoor-Outsole-Vanilla/dp/B0DPZPB7MQ/ref=sr_1_21?dib=eyJ2IjoiMSJ9.edQbWdZgRC57j1GkLLh3ypLpGy5JjTF-VSN3Bkds4s6Z7XN1biWVvUmm3ko_Er2x5pXSMH0QsST4UOlft_S2gR1Ug3JruV0whaZZxP19Dt9S1Gbl4jYFd-1Ya97kB3gXtpPYtUQrJvhJwSHc4CgVARVxBlaj0kd92nskD_CsP4hrM45jDUuNEvZNI6QD89IrlOxccYAFZg1KbhxWLaXoBUZnUDGDkAyekaRmb9VQds6mWKrTLUyZQi0lh2Sm-p1mpDtisj2ym9TVEEVo4M-wDDm-r5yTtFTbDaogY65Y4vc.r0-B_Mae2SbmRc0fdQztF80KX2cGwIToIP77NLFGwPY&dib_tag=se&keywords=women+summer+slippers&qid=1784434852&sr=8-21,https://m.media-amazon.com/images/I/61-syU96aOL._AC_UL320_.jpg,57,排名进入前30；价格处于人民币等值¥57.60-¥180.00黄金区间；评分达到4.3以上。
2026-07-19,amazon_us,product,search,women slides,19,FUNKYMONKEY,¥107.93,4.3,FUNKYMONKEY,,,,,,https://www.amazon.com/sspa/click?ie=UTF8&spc=MToyNDM2NDQwODAyNTM0ODExOjE3ODQ0MzQ4NTM6c3BfbXRmOjMwMTE2NDc3ODEwNzkwMjo6MDo6&url=%2FFUNKYMONKEY-Womens-Bathroom-Shower-Slippers%2Fdp%2FB08GLVGYJD%2Fref%3Dsr_1_11_sspa%3Fdib%3DeyJ2IjoiMSJ9.RrPumS3Ni8XWS9mPWZVEoM68tCRiXv-6Rmzdh4DjH1MzGv4H7NoifoMiv2JYov8uyHyBuyhKhKHWyH9mKEi1UE5sGOm_0aOXq-0ygN6ZYTTvSzasNotLuoU65jOATHNlH8xfpT749HChbKPgH36AE2xVTukRV5NC8LLzt18j_v04RmaPbp-_xzrpx5TjkmVaG_kRSGifN6biX7yQ1IcriBltl7RpjS6tIHzX3wJ_1YWLAAibnGYxJ8Cp8aNg0llJZtUFJhUr2ziEj6FtIT4w0gbbnWZRuoYe0C_NA1TLzW0.S-7JH4lrisMoi9MvyYBsBRiW3iQpoTXLM8ervMd5NXY%26dib_tag%3Dse%26keywords%3Dwomen%2Bslides%26qid%3D1784434853%26sr%3D8-11-spons%26sp_csd%3Dd2lkZ2V0TmFtZT1zcF9tdGY%26psc%3D1,https://m.media-amazon.com/images/I/61mwnatVOqL._AC_UL320_.jpg,57,排名进入前30；价格处于人民币等值¥57.60-¥180.00黄金区间；评分达到4.3以上。
2026-07-19,amazon_us,product,search,women slides,22,KIDMI,¥136.73,4.3,KIDMI,,,,,,https://www.amazon.com/sspa/click?ie=UTF8&spc=MToyNDM2NDQwODAyNTM0ODExOjE3ODQ0MzQ4NTM6c3BfbXRmOjMwMTM0MDk3NDAyNzQwMjo6MDo6&url=%2FKIDMI-Comfortable-Sandals-Support-Adjustable%2Fdp%2FB0DMV98TMM%2Fref%3Dsr_1_14_sspa%3Fdib%3DeyJ2IjoiMSJ9.RrPumS3Ni8XWS9mPWZVEoM68tCRiXv-6Rmzdh4DjH1MzGv4H7NoifoMiv2JYov8uyHyBuyhKhKHWyH9mKEi1UE5sGOm_0aOXq-0ygN6ZYTTvSzasNotLuoU65jOATHNlH8xfpT749HChbKPgH36AE2xVTukRV5NC8LLzt18j_v04RmaPbp-_xzrpx5TjkmVaG_kRSGifN6biX7yQ1IcriBltl7RpjS6tIHzX3wJ_1YWLAAibnGYxJ8Cp8aNg0llJZtUFJhUr2ziEj6FtIT4w0gbbnWZRuoYe0C_NA1TLzW0.S-7JH4lrisMoi9MvyYBsBRiW3iQpoTXLM8ervMd5NXY%26dib_tag%3Dse%26keywords%3Dwomen%2Bslides%26qid%3D1784434853%26sr%3D8-14-spons%26sp_csd%3Dd2lkZ2V0TmFtZT1zcF9tdGY%26psc%3D1,https://m.media-amazon.com/images/I/71Z8+aRxp3L._AC_UL320_.jpg,57,排名进入前30；价格处于人民币等值¥57.60-¥180.00黄金区间；评分达到4.3以上。
2026-07-19,amazon_us,product,search,women slides,24,Joomra Pillow Slippers for Women and Men Non Slip Quick Drying Shower Slides Bathroom Sandals | Ultra Cushion | Thick Sole Joomra Pillow Slippers for Women and Men Non Slip Quick Drying Shower Slides Bathroom Sandals | Ultra Cu…,¥137.52,4.3,4.3,,,,,,https://aax-us-east-retail-direct.amazon.com/x/c/JPX3H9mNuIT-VJ8zhlg4_qUAAAGfeJsIcgEAAAH2AQBvbm9fdHhuX2JpZDIgICBvbm9fdHhuX2ltcDIgICB83mez/clv1c_ek-wBPHXJTbbzS5Sc55B45r9Ph9OLvvn9V92FOIEg5w1qoDuNy5Y3nhVYtJsUG1_5OlYlyWPFwoi4QjeUAmPCCjbmIHyCn_1cPBWY_gcInIzjBHLMHDrKw6XCkX3omjxVxIa--x-LnMdkDWfxO263ei-p6nOnhH6ksGArzdgyoErHSs_HMKh_otNZH6mGQV1toA1IFiYUjKC4ODw38DQMgwbH2MnkmIdnu6nSWzX7xsoLUoynzORhdsTGbkgQHVn9kt6NchsqgeZ-dWPQjo52gHYkGqrqWojduPBBglyWf9vMtlbiCEJuPQEjpRnOeIj315e4td9lfLYryHkKtj1U1bOgAM3bChZnftq3GNn7Goj3s02bAoFUN5oZqjaNgWznrbYOBHu3oQdlbDhQ4Wlq941NUUm65EAyE4G6PS-kL92yfq3UpiyIEzp7ZLTHdBizqWcfJaMCeCe05ZDj8H7LtEhqwrGKJSssRw7VvPtORyguBPBBECDKk5WgCOF2V-YgACPqbyrCQgTPGZJLZ7goXnzRfSYBaDv9luuLXkAwMcvbgfDMqCCGWFdjZKPPtGBw9FWoVaXNJnMBA1THUjTLOumcOZ8i_URj0_21ZyzkhgrU5MjAbLEVcaGY6rvlqaY9G_ldGsFq8RSO9MXhN45o9x293dl57RBfVnmHyU-YZ11kdKAN_k7CaoWcO_xqrA4GF-6eyYuwH9OVgwRf2hcJpZ0OVKrgOU5Et4QXmN1zoegEHxsO147i-GLojUd56WtEm2zNUwetnmuhBjn-CWutteLvryEL4ILdcyy3-XQxXATfY2BLkO6TdWC8t8t_JEVQqeviXZXGEtXAjgND9vHq_8C3A6szr8h-hx5N82XPNNxbOtMsHPeaGOOkcPQlwIumn5Cug0VhJp1TtuPccNNd9-FPYwNZAvFJ6X2_VTUXAxlVUFqItQQ4ApZSro2RchxlrLIum5CvYD1CT4P8fKzL-y4Lu3B0RYKuc5ub3eYd9S9mbNh21zFmzAbiuCYAqpCmStiGiKuumsj2QdPrbYjJfDyOvwbGQ7eEQjw3xyX5Gu02o9psD0o0HMiOS1E9fzdyQsIVYEWGpszj9wCyhYbWhLCBTX4rpRMd5YZk05bb-r3SPsdBOAIUHIocZP2-9pIkruL4yjvd1icl4RKJtnISzPxSmZFje6xcJZWGKacHIgAvulrrmfcSZTMSA0MD-T8LaJF6iaN6XoOisV4kczqzdsT1YKKNdM-Voo3cal1wGY3G1CshUSlbTQvJ-wEg47HI1q9cHEU14FYfihAN-nijudMsUJw_B06crc6kudHq29vwqTEOo4_geJuB72IOQcI4qb70UTK9Exkpb43YWinPR-f2sWjVo7rnvfm86_j1D5NCyJd-sViJ6rrD3rFzNoj-DeWvxtu7q3veHATj9w4350UJBQhOr2vY6nodGVpOdnkxvw9Ngcx4P3n_0i0s8RDXc3Nl98r5J28P9q7vr_HvpDGUMuO2LYi3aIiQOge5Rz5xwrJE2fhURpXEtYBEGekBfMVsV6HAITAO6WAFzA1FGZ08JNGd5HdNUs0yruvJUlLxADgM8rZY7lUYm6zpb_HaPmhllGdYwoqqD4pBHVJxsxVr8Mh802UN8NZtI7cCpGv2ldGihxZN735xsGOyQslClx9JNSdU5xtWue_APJYfHr6zH38D2DTkHFBXAKwZ6ISfmkxKQRZlUo_W8AWlPWVA9bBsUQ3ATXGkvLVLlxx1g/https://www.amazon.com/gp/aw/d/B09TJXXDHD/?_encoding=UTF8&pd_rd_plhdr=t&aaxitk=e86aa8d4f88e42b2205135f716cd3e50&hsa_cr_id=0&qid=1784434853&sr=1-1-f02f01d6-adaf-4bef-9a7c-29308eff9043&ref_=sbx__sbtcd2_asin_0_bkgd&pd_rd_w=IfTCQ&content-id=amzn1.sym.5159d9cb-0665-4a83-8f64-8881eaba312a%3Aamzn1.sym.5159d9cb-0665-4a83-8f64-8881eaba312a&pf_rd_p=5159d9cb-0665-4a83-8f64-8881eaba312a&pf_rd_r=W258SB3EGNMTX2VV2WJM&pd_rd_wg=OjfmL&pd_rd_r=b379a46b-9dd5-47a4-9625-9c0229415097,"https://m.media-amazon.com/images/I/71CIVcXsl4L._AC_SR322,134_CB1169409_QL70_.jpg",57,排名进入前30；价格处于人民币等值¥57.60-¥180.00黄金区间；评分达到4.3以上。
2026-07-19,amazon_us,product,search,platform sandals women,12,"UBFEN Womens Low Wedge Walking Sandals with Arch Support | Open Toe Sandals Adjustable Instep and Ankle Straps for Summer Everyday Outfits, Travel,Vacation UBFEN Womens Low Wedge Walking Sandals with Arch Support | Open Toe Sandals Adjustable Instep and Ankle…",¥359.93,4.5,4.5,,,,,,https://aax-us-east-retail-direct.amazon.com/x/c/JMytpZ1KUJ9-mRsPm89wIvUAAAGfeJsI0wEAAAH2AQBvbm9fdHhuX2JpZDUgICBvbm9fdHhuX2ltcDEgICBiSibX/clv1c_ek-wBPHXJTbbzS5Tc55B45r9Pr-IGpNr3ctMTMKtwysV3PzqGdu_8UUJSkBovp5mf3JjJlH-oOO5ZYPrwlFV7xxNAekg2HnZjWU-emhRsw07i8ArHNjxdi8f_4FEp3U-xQAvvkdfTCXKjhxKQpVFwcZfJd6BnhXqnqxwfXao3rTfSOofBdydttpWdXRLcuNyDa5uBpI_jBZK3MCZ_6gTs2mVcRSpUUvmZH5spO_-E56M7Ifrr3My1c55DvJjOgaRk7j0dG9fqWfDS3MqzdjoFmQy01jnF_4MGe2BSFbCnXOEIH0YaZj4blMSj_OpoANB8nfM7u6X9RkUVGsjNPUqrZCXlNNlNQtFynEegfbNc91Rk4KFAjqVXpXx3nHW8r9dIvFjk056yhlp4RIfJ9HR6tSGn54h2eO4x1imbJeH7BzvDPIkomqJA7o0aPvjBfz7_mppC1M5RLym3ypYey9yxJK1eRMvdBJ1l2ALaJ5He9W7APuZfdfpKzae6Y32Nj290ddLODcb7mmjnsfCpD37NUsZ01V_qi9N65h642X-KFAVPKdzQTEZLI8AA9qHHTKJA7_qSHIqPwMoSKRltOO-boQj1nf9f0MNa_YXNcPmHJkLCdMG2KklrIMMpn2nrjTe1yYva2bARwZsnFtpX9bz8xFHqVfwScnjTCY0CeWaSqTRchVBSxWgeywKLIIFJJcQxgKJTsbN_izKxoavXRyrlcGFg90hWDHZlth_YNZmTaiG7YBbJ1Ix4HB783VUnFnXO05r7ExtgT3Ad7UDpv7PcaAda774uDHgoZLTdA0WlvA67vHjxQHT7XD4H2Y8eyKJupyqdDbMMG3JqUf-m7-1mLlwum-N2bqs-xheRnWbH7LfcaU7kgbIfLUB9X4JMeWp5MC7v405wHcHT03cAqBR4OUDd23FO8AIxCZ1F1u8O57ukI7p8SlxaX9iUCA991ue7aq1ukGw1l44zFmLSmXUVP1IwAfVfNmmYtZqKGnMNjpzbcE8fNpjCOFbvkbnZ2z8ZpY_TW1QNGd9ts9_NYt0HZOPJ-U9RDg15KMhxohLJweDJJdH-v1nBZU7SbYvSWUnCEzEi7KYOaEQAmt9EGZFKFfOrdItInOUFvctpG5N7Cpi-9wsv06FWL0geH6UEtHgCBSyoil98a-LnCVhw44XydAuy6emGSN0Oe28tRKvW0bn-DcE9b8w-dF1oMdT5DgqYQiENd81ORi10hHfoNbhUAkXl7byjzLkzwNC00hh7f8eZ7mhed1lP4xJZdQkSSaBiUdWu2flHk6k9SJ3hJtXQTyaDqVISTS3mrwVuYyDKr5EI-FvwJu7wsVam6cup490YevXL2TxBopTLsj8gta_CLs0QmhjZcwcJmAb7iqbr_jcA-JmyZqer8W5cL32FGYFcc9OvvpUFoNk29ITsciVILDSN-W3GUXBI6b-EOUxFGpD6ZDrXs-96o0nMUGxAdTnhdlBlgo3iqvvCaANB2pOGD6RMthpXJmcvOFnKqg0t-deNL018jqtIlIoQjxTrWYSH3ci20N93e6zOuEi5zXrCd2wTO7NuvQSumoStpPCkpyIkBkq7_8qlzcuY2ENvQ47gj7rpE-Q34hnW9UZ_3ge3QMBIIIPSl-QeEAx3k8MvuuAumcEpkgp-VPyLRTWQE1vY7A4U8NFpCsfxuUQg8CfXfHsFM_lrwMBkZgiGJqIQG0WnC9zrhfrbeMjxgowyWPYlKmAmpcwSD3HA9k/https://www.amazon.com/gp/aw/d/B0DT6KM91N/?_encoding=UTF8&pd_rd_plhdr=t&aaxitk=46f2007f427cdba2b3d11a9183455d43&hsa_cr_id=0&qid=1784434853&sr=1-1-f02f01d6-adaf-4bef-9a7c-29308eff9043&ref_=sbx__sbtcd2_asin_0_bkgd&pd_rd_w=OgVo6&content-id=amzn1.sym.5159d9cb-0665-4a83-8f64-8881eaba312a%3Aamzn1.sym.5159d9cb-0665-4a83-8f64-8881eaba312a&pf_rd_p=5159d9cb-0665-4a83-8f64-8881eaba312a&pf_rd_r=XVQBQXYSBWYZYMV9K9ZE&pd_rd_wg=5WnLn&pd_rd_r=3b46ede4-9bc8-45ae-894c-f1e07e0990ce,"https://m.media-amazon.com/images/I/719rrnL3i+L._AC_SR322,134_CB1169409_QL70_.jpg",57,排名进入前30；价格高于人民币等值¥288.00；标题包含 arch support、summer、wedge，符合美国女鞋舒适化趋势；评分达到4.3以上。
2026-07-19,amazon_us,product,best_sellers,Best Sellers Women Sandals,10,Clarks Women's Breeze Sea Flip-Flop,,4.7,$31.99,,,,,,https://www.amazon.com/Clarks-Womens-Breeze-Flip-Synthetic/dp/B01FH9EJCI/ref=zg_bs_g_679425011_d_sccl_10/146-4952585-1525954?psc=1,"https://images-na.ssl-images-amazon.com/images/I/61CUHH0LXiL._AC_UL600_SR600,400_.jpg",55,排名靠前；评分达到4.6以上。
2026-07-19,amazon_us,product,new_releases,New Releases Women Sandals,6,BRONAX Matte Jelly Flats for Women | Hollow Out Breathable Shoes | Slip-Resistant Summer Beach Sandals,,4.2,$9.99,,,,,,https://www.amazon.com/BRONAX-Sandals-Lightweight-Transparent-Breathable/dp/B0H149QTMS/ref=zg_bsnr_g_679425011_d_sccl_6/132-0879092-8811422?psc=1,"https://images-na.ssl-images-amazon.com/images/I/81CvoQKM-FL._AC_UL600_SR600,400_.jpg",55,排名靠前；标题包含 beach、summer，符合美国女鞋舒适化趋势；评分达到4.0以上。
2026-07-19,amazon_us,product,search,platform sandals women,1,Sorel Women's Ona Ave T-Toe Sneaker Sorel Women's Ona Ave T-Toe Sneaker,¥594.00,4.3,,,,,,,https://aax-us-east-retail-direct.amazon.com/x/c/JFJTYzUyjNHDqc8tNBIzUlgAAAGfeJsI0wEAAAH2AQBvbm9fdHhuX2JpZDMgICBvbm9fdHhuX2ltcDEgICA9jWE8/clv1c_ek-wBfHXFbbWzjO3YitAsT4pbaI6aKYOHMz78RskmgHfjyYCcnbY0JzB91sJs_v0tt2aIhiaG6VL8fglPpkpnSPm6ZDvrJrz6yxkTxWlH8RVBxfsl_-91M065PFYPsKZXY2pQa8kCTMbpzTgpNqdyJDZuJXcltAi00L02Efe7MacWkCxuV2lJjET78v0WWhkHfOI0G_zL8auFWT1DeXoaGCHN_W5RD5nwAHuU4sVMc0HSTPHlKL0ZMhOM0MXDqtxy1TxZFQ0bMwKSPfXj0tISWEIp5txkVvDGxwuw9sa_-aQGFnLVYnb8eYIsUliZ4Sqx6Ud3xcrAOtD5UrT5MYKaAJB1iF1ZM4USKfQWDyU8l1h5s1tLEl3i95xcvu87UkC4zDSRBsSIF38ldPF-WJzC9t5heyllljlVH9qx9w1RY80x8Iihs45AgvGLbJpiXz_en9s2hvLvg4EUt367xNMgarmNQ1C5PUhXxKnydBggIzO00BHwYQX1pMpdMVSjCIoZu-lW35CepDGLz5mjV06lqLeRK5iMfUPEmuSmtI5H2k2VFqmgXy0RsMDWP07ncCPLY2Y0OTcQ-urDoMf3QZj5kWye7AupSAFJYT_B5ZD3LOCWUGn8mMLOXZtDAuwEOAsCCnkbZ7EkGp18AxiBU9-elHLHaknnkehCDnfVCRlifJw00DWIXeEnM30-IgoE9mxKPD3W-Pqzo-1uUid3vHs9kT5ohHeQD8RfNBYAU3D7qZai7w7y7ozNxA1LnnAyVo6JTYODA2pMvfo13xrsr9voxvL4EQpvfVecflme83RLfjmkh59EZjyP2oAH9_VTX5F2ivAFlzW0JdmmK7tBGkQOEMmANgYR5F3xYcJuo1DuuWlPJoxjmzVRNezAJNz5bpW-ReQl2TjoQY5QqnazIm9K662FrtnTmMTiek_L_AF-QNG0Rm3nAyE3C7uh7TvSNuL7dEfPckEiAh7v2XhjijZCm8ZQhqEbNzQShxBrZv0x-Jtw4P52WX6nlyE4X541K0l8pt3RVbjYPQ2U-PM7MHfEpE7lLdnp5GKJgi6HHG9ocJnduP3ZSe0kz-b0e8KhDBl60Qnpi0PrqM7a7RWukhHGDHITmXEn2REfEKzAHFtGGXdCn8tgl_VQtuWGVCLogZgZ7nGqRa0lLW2WGEIoWoOftIrHhORlY4yG-d7F-kd9OiNbXJV9L-zPo7iXF_4m4kKukx38q4BoeodsmeG4Je2hwsmrXi7Wb6aYEv-Sls_rWWT0qHo-k5vEmCWXPrj1xBSNKx95SDpK9fY8qHD8RmTKDFG883wfTohGdc6D_jsKT0C9JQ7mvJwIm0AzWfCkyshRSuCjJC-o7goQPS1aGx8Ko1jRraJTAxYUhBdMCp3GrB7efrRWQ5u4BESq0ugCLHlV9yJDV-Wc_kUP9nE5pc714LgfwKoJsD_TnSrzyVsarPh5IXtxzAHe9HtZTqyIbTidlD8BEBaDhIpRe_5Aiul1DTA_1sdy98kwaUi3yluDI6RiT5pBCR14QprSZw9fY_aNEkUCJYC9k0ySAPRRmKlEE8mnHqrBXEspMMSO3hfLozttqAN2DMbhOTcSbPAojk66tGpONSEED_mzcD-hBHP5WwYKw_vBludcyBsYUdbZOO_17FCaXloBZVQp53wkxc514UIujZYpL2sbfr5ZNZpiSuvwNttNhz5JRea/https://www.amazon.com/gp/aw/d/B0F8CMP4J6/?_encoding=UTF8&pd_rd_plhdr=t&aaxitk=b8fdff5d0a92fb43ad129171fd02a1a5&hsa_cr_id=0&qid=1784434853&sr=1-1-9e67e56a-6f64-441f-a281-df67fc737124&i=aps&aref=rDDkVfxPg8&ref_=sbx__sbtcd_asin_0_bkgd&pd_rd_w=HEWE9&content-id=amzn1.sym.2fb72bc8-96ef-420d-b08f-c04b69f36507%3Aamzn1.sym.2fb72bc8-96ef-420d-b08f-c04b69f36507&pf_rd_p=2fb72bc8-96ef-420d-b08f-c04b69f36507&pf_rd_r=XVQBQXYSBWYZYMV9K9ZE&pd_rd_wg=zKT1z&pd_rd_r=56190399-1553-4c3d-beb9-8eaba7d09046,"https://m.media-amazon.com/images/I/71Gjc0LInbL._AC_SR160,134_CB1169409_QL70_.jpg",55,排名靠前；价格高于人民币等值¥288.00；评分达到4.3以上。
2026-07-19,amazon_us,product,best_sellers,Best Sellers Women Sandals,17,"shevalues Slim Basic Flip Flops for Women with Comfortable Yoga Mat | Lightweight Non Slip Rubber Sandals for Beach, Shower, Pool & Summer Casual Wear",,4.4,$9.99,,,,,,https://www.amazon.com/shevalues-Shower-Rubber-Sandals-Comfortable/dp/B0B68G2D52/ref=zg_bs_g_679425011_d_sccl_17/146-4952585-1525954?psc=1,"https://images-na.ssl-images-amazon.com/images/I/61b4HXgBWfL._AC_UL600_SR600,400_.jpg",54,排名进入前30；标题包含 comfort、beach、summer，符合美国女鞋舒适化趋势；评分达到4.3以上。
2026-07-19,amazon_us,product,best_sellers,Best Sellers Women Sandals,21,KuaiLu Womens Flip Flops Arch Support Yoga Mat Cushioned Thong Sandals | Ladies Comfortable Walking Slides For Plantar Fasciitis Slip On Indoor Outdoor For Summer,,4.2,$23.08,,,,,,https://www.amazon.com/KuaiLu-Comfortable-Walking-Sandals-Fasciitis/dp/B0937BNPB3/ref=zg_bs_g_679425011_d_sccl_21/146-4952585-1525954?psc=1,"https://images-na.ssl-images-amazon.com/images/I/61k31MTJEYL._AC_UL600_SR600,400_.jpg",54,排名进入前30；标题包含 comfort、arch support、summer，符合美国女鞋舒适化趋势；评分达到4.0以上。
2026-07-19,amazon_us,product,best_sellers,Best Sellers Women Sandals,39,"CUSHIONAIRE Feather EVA Slides for Women – Comfortable Slip On Womens Slippers, Indoor Outdoor Shower Shoes, Beach Essential Cloud Slides",,4.4,$26.99,,,,,,https://www.amazon.com/Cushionaire-Womens-Feather-recovery-Comfort/dp/B094TD7Z1K/ref=zg_bs_g_679425011_d_sccl_39/146-4952585-1525954?psc=1,"https://images-na.ssl-images-amazon.com/images/I/817PhiYQjLL._AC_UL300_SR300,200_.jpg",54,排名进入前50；标题包含 cloud、comfort、beach，符合美国女鞋舒适化趋势；cloud + slides组合趋势加分；评分达到4.3以上。
2026-07-19,amazon_us,product,new_releases,New Releases Women Sandals,18,IDIFU Flat Sandals for Women Dressy Comfortable Summer Beach Cute Vacation Slip On Slides Open Round Toe Cute Casual Fashion Sandals,,4.4,$15.99,,,,,,https://www.amazon.com/IDIFU-Sandals-Comfortable-Vacation-Fashion/dp/B0GXT7RYP9/ref=zg_bsnr_g_679425011_d_sccl_18/132-0879092-8811422?psc=1,"https://images-na.ssl-images-amazon.com/images/I/71x0TMUyuWL._AC_UL600_SR600,400_.jpg",54,排名进入前30；标题包含 comfort、beach、summer，符合美国女鞋舒适化趋势；评分达到4.3以上。
2026-07-19,amazon_us,product,new_releases,New Releases Women Sandals,30,Uniwill Shower Shoes Women with Arch Support Non-Slip Flip Flop Sandals for Public Shower Bathroom Pool Beach Quick Dry with Drain Holes,,4.8,$12.89,,,,,,https://www.amazon.com/Uniwill-Support-Non-Slip-Sandals-Bathroom/dp/B0GY4471BY/ref=zg_bsnr_g_679425011_d_sccl_30/132-0879092-8811422?psc=1,"https://images-na.ssl-images-amazon.com/images/I/71SL6HBtLiL._AC_UL600_SR600,400_.jpg",54,排名进入前30；标题包含 arch support、beach，符合美国女鞋舒适化趋势；评分达到4.6以上。
2026-07-19,amazon_us,product,new_releases,New Releases Women Sandals,44,EQAUDES Platform Sandals Women Open Toe Ankle Strap Summer Wedge Espadrille Sandals Cute Beach Straw Raffia Woven Sandals Comfortable Vacation Dress Shoes,,4.1,$28.49,,,,,,https://www.amazon.com/EQAUDES-Platform-Espadrille-Comfortable-Vacation/dp/B0H1XMFRXJ/ref=zg_bsnr_g_679425011_d_sccl_44/146-4952585-1525954?psc=1,"https://images-na.ssl-images-amazon.com/images/I/814GGvZWaJL._AC_UL300_SR300,200_.jpg",54,排名进入前50；标题包含 platform、comfort、beach、summer、wedge，符合美国女鞋舒适化趋势；platform + comfort组合趋势加分；评分达到4.0以上。
2026-07-19,amazon_us,product,search,women summer slippers,12,"ULTRAIDEAS Women's Popcorn Flip Flop House Slipper with Memory Foam, Gift for Women Mom ULTRAIDEAS Women's Popcorn Flip Flop House Slipper with Memory Foam, Gift for Women Mom",¥158.33,4.2,4.2,,,,,,https://aax-us-east-retail-direct.amazon.com/x/c/JBw4sK0eWcJLXdM_MaeFdewAAAGfeJsDLAEAAAH2AQBvbm9fdHhuX2JpZDYgICBvbm9fdHhuX2ltcDEgICCJZbYa/clv1c_ek-wBPHXKjbXTuxSdL91u2mzBx5KIuTh7V8BFAEIBrl9uKrW17uEzW0KujgfZBGJBIH6MGqfB9-a4NlsmPiprn7xRLX6J4VAO_yw_gkSIbGxDAEtMglATCrm76p61tIyz1RTDxlyKxbbPjBlBXi9ykM8reGgmwFKksrgbzZuSIYbTes8Hcmrqhqgwlv6K7GXfrYk3kPJ3T_tkf4V9whB9v-dFx_-tGr_Bc8G7G3fMoXBV-JVIe1G_ObHAwJZHxcJABJw4OIIUrRrqq2pXIBS_afUmqYmo7vdPV31rbQdwHPvMtmvv8YeiffkgKGTAuJmF_8XpybfvKxkvSFmygVOBkuiUHon7Gl5HfobxGpkWSP78SLL7vden97oZpiKDEf5QeODlBNgk2YFI9NvBGy2Q2H_LjH8Mq8YEvTCLEFzYQuYlJf0Obzbps_uLWcklX9F_hpKdKWLvTBgUSgFZp66jOL5ruXFceIVFJfXDbZAMZGs4nrpfBDBihaIDkLcg_3BRxfvzYzL-H0EYBy39m3klN_jhXrDQzB2TdlpnvoTP1UPPVH4oN2MkPYTt80Vcg5x6xFqHzI-vmyFiKmLf0c-du-AB4_ql8t-j9ZO9Ro9Y-AS4NyzLDGHyKq8qQljAzViFTzjCDzGkS8eHXNdaI0XMV_9ynpvE-B6vjydz_ZOzCh9MvdhSyZAGihIIYEqTIO_-wOqM4ey1X7h2cK8YJlR5y2kpsAQw_COhKWz-EexhrWjJ4iLLVIrqtY8JoBvZ61tEpJrFBIRdE3dxmtIPji8ySsGnrcvNyVoW9DjFJo_wSc05GBtB2gNwlDRNNBwPNrCntXQDB-wU0x9GJH5Kr5y8ZSUJQFThofELkLsLkD7mDhofPtbcp0Ez7Y1VyprbyL57mOs7iHVBBgdQfSV4QIHieYiJJcHk94HA-tJcsiLpvODL1eRA4o_aMmtI_MZ-VWJLAqaCunw0ISqyTaJrNPwkEeoBypH5O6AeRJvkYRcwx7cJl9WSGQnh5sVGPtYmIesqW7B_BkvjxG3pH7y_1_CM0ARuMkXNXEQBD5NBaNd8IHSlCPfrdkBej6gAUvAWyxI3z11hF7ikxlN1W2QUssTNGNp7zOZ27vADB3v3EHcAvLHq-DXbVayZPanhstJBDfniY9eGYZ0Rw234JVWHfegJ12pMk2fwGCQ5Vi5ktrdH6vPVCmSsy-Oh30FalaQFuIGcesZbIqO_HPBXF6OvEKT1TDx8co3vYeoVG281CcZFPtPAXEifZ-ECU6r8nXRqhTOluv-dnxmGah3l-cVlWoEJ2psK5DlBggbfJnKQFH7_ihmyPy0dO820lPJjQ2n-3nT3b_9EnR7MLwN9jGkBWw-V0kpXdXXuzOcP0Bu59E2mck2U3Fgg5H535cRwGwcFj5zeoMkPVivgX8xAmRrEJDeyS4nUD_EdBNpNCxTZOStcu8st3ltK_5kKUpv-nAzHa9ZaVI5TOu4iugvCnIG0ZnUezDwwmMJRIoWFab2nXwFz6jOI-y3I75Pa4ufdQXQWsEP4QXbgh0DmwxCR-nVPbUCciK7wPXDtfkkjPsQ8mAm7Pr9cjFgJ6SntKcx2XDA7uStN1ZhxDJuMRl8u6CujcHP_wNpkKRoGEjcrNAuAGx-GUqIvpteWBdGbrqB2AktRTXuLSkIOXfVVgCjuLJHB6QP9RFNX2SWZ1kiwpHqPGjIQyO8vFMbLOQG2XM1Pz-_amgQHHGcc5NkduDu3Q/https://www.amazon.com/gp/aw/d/B09SZCC42N/?_encoding=UTF8&pd_rd_plhdr=t&aaxitk=01c0f67fbe3c6cef36a9be9344b797a1&hsa_cr_id=0&qid=1784434852&sr=1-1-f02f01d6-adaf-4bef-9a7c-29308eff9043&ref_=sbx__sbtcd2_asin_0_bkgd&pd_rd_w=YaSDA&content-id=amzn1.sym.5159d9cb-0665-4a83-8f64-8881eaba312a%3Aamzn1.sym.5159d9cb-0665-4a83-8f64-8881eaba312a&pf_rd_p=5159d9cb-0665-4a83-8f64-8881eaba312a&pf_rd_r=YYCGYCXMP869MA7VZQ49&pd_rd_wg=rJ4P7&pd_rd_r=8bbb566a-1756-4a54-af07-86cab180d1b3,"https://m.media-amazon.com/images/I/71ohkuM4pUL._AC_SR322,134_CB1169409_QL70_.jpg",54,排名进入前30；价格处于人民币等值¥57.60-¥180.00黄金区间；评分达到4.0以上。
2026-07-19,amazon_us,product,search,women summer slippers,22,KuaiLu,¥166.18,4.2,KuaiLu,,,,,,https://www.amazon.com/KuaiLu-Comfortable-Walking-Plantar-Fasciitis/dp/B0BN3DW8ZP/ref=sr_1_14?dib=eyJ2IjoiMSJ9.edQbWdZgRC57j1GkLLh3ypLpGy5JjTF-VSN3Bkds4s6Z7XN1biWVvUmm3ko_Er2x5pXSMH0QsST4UOlft_S2gR1Ug3JruV0whaZZxP19Dt9S1Gbl4jYFd-1Ya97kB3gXtpPYtUQrJvhJwSHc4CgVARVxBlaj0kd92nskD_CsP4hrM45jDUuNEvZNI6QD89IrlOxccYAFZg1KbhxWLaXoBUZnUDGDkAyekaRmb9VQds6mWKrTLUyZQi0lh2Sm-p1mpDtisj2ym9TVEEVo4M-wDDm-r5yTtFTbDaogY65Y4vc.r0-B_Mae2SbmRc0fdQztF80KX2cGwIToIP77NLFGwPY&dib_tag=se&keywords=women+summer+slippers&qid=1784434852&sr=8-14,https://m.media-amazon.com/images/I/61Qb8hEa+tL._AC_UL320_.jpg,54,排名进入前30；价格处于人民币等值¥57.60-¥180.00黄金区间；评分达到4.0以上。
2026-07-19,amazon_us,product,search,women summer slippers,23,ULTRAIDEAS,¥136.73,4.2,ULTRAIDEAS,,,,,,https://www.amazon.com/ULTRAIDEAS-Womens-Memory-Slipper-Upgrade/dp/B09SZBHFG6/ref=sr_1_15?dib=eyJ2IjoiMSJ9.edQbWdZgRC57j1GkLLh3ypLpGy5JjTF-VSN3Bkds4s6Z7XN1biWVvUmm3ko_Er2x5pXSMH0QsST4UOlft_S2gR1Ug3JruV0whaZZxP19Dt9S1Gbl4jYFd-1Ya97kB3gXtpPYtUQrJvhJwSHc4CgVARVxBlaj0kd92nskD_CsP4hrM45jDUuNEvZNI6QD89IrlOxccYAFZg1KbhxWLaXoBUZnUDGDkAyekaRmb9VQds6mWKrTLUyZQi0lh2Sm-p1mpDtisj2ym9TVEEVo4M-wDDm-r5yTtFTbDaogY65Y4vc.r0-B_Mae2SbmRc0fdQztF80KX2cGwIToIP77NLFGwPY&dib_tag=se&keywords=women+summer+slippers&qid=1784434852&sr=8-15,https://m.media-amazon.com/images/I/71GPcULYBKL._AC_UL320_.jpg,54,排名进入前30；价格处于人民币等值¥57.60-¥180.00黄金区间；评分达到4.0以上。
2026-07-19,amazon_us,product,search,women slides,21,rosyclo,¥179.93,4.1,rosyclo,,,,,,https://www.amazon.com/sspa/click?ie=UTF8&spc=MToyNDM2NDQwODAyNTM0ODExOjE3ODQ0MzQ4NTM6c3BfbXRmOjMwMTI1Njk5NTAzNTQwMjo6MDo6&url=%2Frosyclo-Slippers-Recovery-Ultimate-Lightweight%2Fdp%2FB0G6KMJRBB%2Fref%3Dsr_1_13_sspa%3Fdib%3DeyJ2IjoiMSJ9.RrPumS3Ni8XWS9mPWZVEoM68tCRiXv-6Rmzdh4DjH1MzGv4H7NoifoMiv2JYov8uyHyBuyhKhKHWyH9mKEi1UE5sGOm_0aOXq-0ygN6ZYTTvSzasNotLuoU65jOATHNlH8xfpT749HChbKPgH36AE2xVTukRV5NC8LLzt18j_v04RmaPbp-_xzrpx5TjkmVaG_kRSGifN6biX7yQ1IcriBltl7RpjS6tIHzX3wJ_1YWLAAibnGYxJ8Cp8aNg0llJZtUFJhUr2ziEj6FtIT4w0gbbnWZRuoYe0C_NA1TLzW0.S-7JH4lrisMoi9MvyYBsBRiW3iQpoTXLM8ervMd5NXY%26dib_tag%3Dse%26keywords%3Dwomen%2Bslides%26qid%3D1784434853%26sr%3D8-13-spons%26sp_csd%3Dd2lkZ2V0TmFtZT1zcF9tdGY%26psc%3D1,https://m.media-amazon.com/images/I/51gNJLTPBTL._AC_UL320_.jpg,54,排名进入前30；价格处于人民币等值¥57.60-¥180.00黄金区间；评分达到4.0以上。
2026-07-19,amazon_us,product,search,platform sandals women,25,FUNKYMONKEY,¥136.01,4.1,FUNKYMONKEY,,,,,,https://www.amazon.com/FUNKYMONKEY-Thick-sole-Adjustable-Waterproof-Platform/dp/B0CX8JWVQP/ref=sr_1_12?dib=eyJ2IjoiMSJ9.3zo6vUgTuNV2_oDBDGXaTRy6K1aDbG3D76D66ZkfndqhShfGe6AEqdQUye1k-95rw9sZsn4b80hgKx8cIPz8O65s-Rc6bLRinfgiB8z1VA61AkHvoFMSha5lcU2jJUMFtajIyKcTmcQ0AF92ZNlPaI73AbyVCgBCfgi6WcZ9jM6Ff07y8CTz5C_JbP6nkMEZB0rIKtWaTAowjA0rg5rUNKS7JBw8zYHQzVPbyOpZlU90aS9ZATwwSMHon7DqQH59POmzotYqsVmA2w7_c84LcBKp4abpK9_gVwgjPc4y3Dw.PBUlsJ0o4_3WfKPbpxWqli-e7YW0PhS59u6Fip17DWE&dib_tag=se&keywords=platform+sandals+women&qid=1784434853&sr=8-12,https://m.media-amazon.com/images/I/61gRcMpyJjL._AC_UL320_.jpg,54,排名进入前30；价格处于人民币等值¥57.60-¥180.00黄金区间；评分达到4.0以上。
2026-07-19,amazon_us,product,best_sellers,Best Sellers Women Sandals,32,"CUSHIONAIRE Fame Pillow Recovery Sandals for Women, Adjustable Double Buckle Waterproof EVA Cloud Slides for Women",,4.4,$26.98,,,,,,https://www.amazon.com/CUSHIONAIRE-Womens-recovery-cloud-Comfort/dp/B0BTQPS1F4/ref=zg_bs_g_679425011_d_sccl_32/146-4952585-1525954?psc=1,"https://images-na.ssl-images-amazon.com/images/I/81ab6T9a83L._AC_UL300_SR300,200_.jpg",53,排名进入前50；标题包含 cloud、recovery，符合美国女鞋舒适化趋势；cloud + slides组合趋势加分；评分达到4.3以上。
2026-07-19,amazon_us,product,new_releases,New Releases Women Sandals,19,Caradise Jelly Kitten Heel Sandals for Women Jelly Shoes Summer,,5.0,$52.99,,,,,,https://www.amazon.com/Caradise-Kitten-Sandals-Jellies-Wedding/dp/B0H5PKC6BR/ref=zg_bsnr_g_679425011_d_sccl_19/132-0879092-8811422?psc=1,"https://images-na.ssl-images-amazon.com/images/I/61jPzAlZK4L._AC_UL600_SR600,400_.jpg",53,排名进入前30；评论数达到50以上；标题包含 summer，符合美国女鞋舒适化趋势；评分达到4.6以上。
2026-07-19,amazon_us,product,new_releases,New Releases Women Sandals,7,adidas Mens Adilette Aqua Slide Casual Sandals Casual - Black,,4.4,$28.00,,,,,,https://www.amazon.com/adidas-Unisex-Adilette-Slide-Sandal/dp/B0BHXMNB4Q/ref=zg_bsnr_g_679425011_d_sccl_7/132-0879092-8811422?psc=1,"https://images-na.ssl-images-amazon.com/images/I/51nGzrhiENL._AC_UL600_SR600,400_.jpg",52,排名靠前；评分达到4.3以上。
2026-07-19,amazon_us,product,new_releases,New Releases Women Sandals,8,adidas Adilette Aqua Slides Casual Sandals Casual - Red,,4.5,$24.90,,,,,,https://www.amazon.com/adidas-Womens-Adilette-Slides-Sandal/dp/B0921VVY52/ref=zg_bsnr_g_679425011_d_sccl_8/132-0879092-8811422?psc=1,"https://images-na.ssl-images-amazon.com/images/I/31UIFbdKeTL._AC_UL600_SR600,400_.jpg",52,排名靠前；评分达到4.3以上。
2026-07-19,amazon_us,product,search,women slides,23,CUSHIONAIRE,¥194.33,4.4,CUSHIONAIRE,,,,,,https://www.amazon.com/CUSHIONAIRE-Womens-Feather-recovery-Comfort/dp/B0BTQ7ZS7B/ref=sr_1_15?dib=eyJ2IjoiMSJ9.RrPumS3Ni8XWS9mPWZVEoM68tCRiXv-6Rmzdh4DjH1MzGv4H7NoifoMiv2JYov8uyHyBuyhKhKHWyH9mKEi1UE5sGOm_0aOXq-0ygN6ZYTTvSzasNotLuoU65jOATHNlH8xfpT749HChbKPgH36AE2xVTukRV5NC8LLzt18j_v04RmaPbp-_xzrpx5TjkmVaG_kRSGifN6biX7yQ1IcriBltl7RpjS6tIHzX3wJ_1YWLAAibnGYxJ8Cp8aNg0llJZtUFJhUr2ziEj6FtIT4w0gbbnWZRuoYe0C_NA1TLzW0.S-7JH4lrisMoi9MvyYBsBRiW3iQpoTXLM8ervMd5NXY&dib_tag=se&keywords=women+slides&qid=1784434853&sr=8-15,https://m.media-amazon.com/images/I/81PBXKFp76L._AC_UL320_.jpg,52,排名进入前30；价格处于人民币等值¥180.00-¥288.00区间；评分达到4.3以上。
2026-07-19,amazon_us,product,search,platform sandals women,23,Soda,¥184.68,4.5,Soda,,,,,,https://www.amazon.com/Soda-Buckle-Espadrilles-Flatform-Casual/dp/B0C5S26DHB/ref=sr_1_10?dib=eyJ2IjoiMSJ9.3zo6vUgTuNV2_oDBDGXaTRy6K1aDbG3D76D66ZkfndqhShfGe6AEqdQUye1k-95rw9sZsn4b80hgKx8cIPz8O65s-Rc6bLRinfgiB8z1VA61AkHvoFMSha5lcU2jJUMFtajIyKcTmcQ0AF92ZNlPaI73AbyVCgBCfgi6WcZ9jM6Ff07y8CTz5C_JbP6nkMEZB0rIKtWaTAowjA0rg5rUNKS7JBw8zYHQzVPbyOpZlU90aS9ZATwwSMHon7DqQH59POmzotYqsVmA2w7_c84LcBKp4abpK9_gVwgjPc4y3Dw.PBUlsJ0o4_3WfKPbpxWqli-e7YW0PhS59u6Fip17DWE&dib_tag=se&keywords=platform+sandals+women&qid=1784434853&sr=8-10,https://m.media-amazon.com/images/I/71q-Jp+UEkL._AC_UL320_.jpg,52,排名进入前30；价格处于人民币等值¥180.00-¥288.00区间；评分达到4.3以上。
2026-07-19,amazon_us,product,search,platform sandals women,24,DREAM PAIRS,¥287.93,4.5,DREAM PAIRS,,,,,,https://www.amazon.com/DREAM-PAIRS-Adjustable-Lightweight-Waterproof/dp/B0G1RBS19X/ref=sr_1_11?dib=eyJ2IjoiMSJ9.3zo6vUgTuNV2_oDBDGXaTRy6K1aDbG3D76D66ZkfndqhShfGe6AEqdQUye1k-95rw9sZsn4b80hgKx8cIPz8O65s-Rc6bLRinfgiB8z1VA61AkHvoFMSha5lcU2jJUMFtajIyKcTmcQ0AF92ZNlPaI73AbyVCgBCfgi6WcZ9jM6Ff07y8CTz5C_JbP6nkMEZB0rIKtWaTAowjA0rg5rUNKS7JBw8zYHQzVPbyOpZlU90aS9ZATwwSMHon7DqQH59POmzotYqsVmA2w7_c84LcBKp4abpK9_gVwgjPc4y3Dw.PBUlsJ0o4_3WfKPbpxWqli-e7YW0PhS59u6Fip17DWE&dib_tag=se&keywords=platform+sandals+women&qid=1784434853&sr=8-11,https://m.media-amazon.com/images/I/61VKPpZxLML._AC_UL320_.jpg,52,排名进入前30；价格处于人民币等值¥180.00-¥288.00区间；评分达到4.3以上。
2026-07-19,amazon_us,product,best_sellers,Best Sellers Women Sandals,19,"CUSHIONAIRE Luna Sandals for Women, Cork Footbed Womens Sandals for Summer Comfort with Adjustable Straps, Wide Width Available",,4.5,$34.99,,,,,,https://www.amazon.com/CUSHIONAIRE-Next-Womens-Slide-Sandals-Brown/dp/B073XSLL5P/ref=zg_bs_g_679425011_d_sccl_19/146-4952585-1525954?psc=1,"https://images-na.ssl-images-amazon.com/images/I/81TDeaArVJL._AC_UL600_SR600,400_.jpg",51,排名进入前30；标题包含 comfort、summer，符合美国女鞋舒适化趋势；评分达到4.3以上。
2026-07-19,amazon_us,product,new_releases,New Releases Women Sandals,21,Glamnest Women's Kitten Heel Sandals Square Open Toe Slip On Flip Flop Heels Comfortable 2 Inch Heeled Sandals Thong Party Dress Summer Travel Wedding,,4.3,$31.99,,,,,,https://www.amazon.com/Glamnest-Womens-Kitten-Comfortable-Wedding/dp/B0GLZ4Q81C/ref=zg_bsnr_g_679425011_d_sccl_21/132-0879092-8811422?psc=1,"https://images-na.ssl-images-amazon.com/images/I/61TP1DPnvlL._AC_UL600_SR600,400_.jpg",51,排名进入前30；标题包含 comfort、summer，符合美国女鞋舒适化趋势；评分达到4.3以上。
2026-07-19,amazon_us,product,new_releases,New Releases Women Sandals,26,Athlefit Jelly Flip Flops for Women Summer Beach Pool Thong Sandals Non Slip Lightweight Casual Slides,,4.6,$23.99,,,,,,https://www.amazon.com/Athlefit-Womens-Sandals-Summer-Lightweight/dp/B0GZ865NTT/ref=zg_bsnr_g_679425011_d_sccl_26/132-0879092-8811422?psc=1,"https://images-na.ssl-images-amazon.com/images/I/61wskUHhjTL._AC_UL600_SR600,400_.jpg",51,排名进入前30；标题包含 beach、summer，符合美国女鞋舒适化趋势；评分达到4.6以上。
2026-07-19,amazon_us,product,new_releases,New Releases Women Sandals,28,"CUSHIONAIRE Ferry Espadrille Wedge Sandals for Women, Thong Platform Flip Flops with Cross Strap and Slip-On Design",,4.2,$49.98,,,,,,https://www.amazon.com/CUSHIONAIRE-Espadrille-Sandals-Platform-Design/dp/B0H42V7M96/ref=zg_bsnr_g_679425011_d_sccl_28/132-0879092-8811422?psc=1,"https://images-na.ssl-images-amazon.com/images/I/81rI8wTUKAL._AC_UL600_SR600,400_.jpg",50,排名进入前30；标题包含 platform、wedge，符合美国女鞋舒适化趋势；评分达到4.0以上。
2026-07-19,amazon_us,product,new_releases,New Releases Women Sandals,35,"MellowSoft Cloud Slides for Women & Men – Ultra Soft CloudFoam Cushioning Slides, Thick Shock-Absorbing Sole, Lightweight Anti-Slip Recovery Sandals for Indoor & Outdoor Comfort",,3.3,$39.00,,,,,,https://www.amazon.com/MellowSoft-Cloud-Slides-Women-Shock-Absorbing/dp/B0H52VV17P/ref=zg_bsnr_g_679425011_d_sccl_35/146-4952585-1525954?psc=1,"https://images-na.ssl-images-amazon.com/images/I/51KGd55hl5L._AC_UL300_SR300,200_.jpg",50,排名进入前50；标题包含 cloud、recovery、comfort、soft，符合美国女鞋舒适化趋势；cloud + slides组合趋势加分。
2026-07-19,amazon_us,product,new_releases,New Releases Women Sandals,1,"CUSHIONAIRE Vita Jelly Sandals for Women, Casual Lightweight Womens Strappy Sandals with Adjustable Buckle Strap and Gold Hardware Accent",,4.0,$39.98,,,,,,https://www.amazon.com/CUSHIONAIRE-Sandals-Lightweight-Adjustable-Hardware/dp/B0H1Y94T1T/ref=zg_bsnr_g_679425011_d_sccl_1/132-0879092-8811422?psc=1,"https://images-na.ssl-images-amazon.com/images/I/81Uy6Bt6XaL._AC_UL600_SR600,400_.jpg",49,排名靠前；评分达到4.0以上。
2026-07-19,amazon_us,product,new_releases,New Releases Women Sandals,2,"CUSHIONAIRE Java Casual Womens Jelly Flats with Adjustable Strap, Closed Toe Mary Janes Mule Design, Waterproof Jelly Sandals for Women",,4.2,$34.98,,,,,,https://www.amazon.com/CUSHIONAIRE-Adjustable-Waterproof-Sandals-CHOCOLATE/dp/B0H4MLLC32/ref=zg_bsnr_g_679425011_d_sccl_2/132-0879092-8811422?psc=1,"https://images-na.ssl-images-amazon.com/images/I/81iCqxPUX6L._AC_UL600_SR600,400_.jpg",49,排名靠前；评分达到4.0以上。
2026-07-19,amazon_us,product,best_sellers,Best Sellers Women Sandals,12,"WHITIN Women's Slides with Cushioned Thick Sole Slippers for Home Wear Y13 | Comfort for Daily Wear, Waterproof & Easy to Clean, Indoor & Outdoor Versatility, Lightweight EVA for All-Day",,4.3,$9.99,,,,,,https://www.amazon.com/WHITIN-Slippers-Sandals-Fashionable-Lightweight/dp/B0C1C3MKLF/ref=zg_bs_g_679425011_d_sccl_12/146-4952585-1525954?psc=1,"https://images-na.ssl-images-amazon.com/images/I/71nA8egRirL._AC_UL600_SR600,400_.jpg",48,排名进入前30；标题包含 comfort，符合美国女鞋舒适化趋势；评分达到4.3以上。
2026-07-19,amazon_us,product,best_sellers,Best Sellers Women Sandals,27,SKETOE Kitten Heels for Women Square Toe Sandals Flip Flop Heels Thong Sandals Comfortable Summer 2 Inch Heels Sandals,,4.2,$30.99,,,,,,https://www.amazon.com/SKETOE-Kitten-Square-Sandals-Comfortable/dp/B0F4QHKCDM/ref=zg_bs_g_679425011_d_sccl_27/146-4952585-1525954?psc=1,"https://images-na.ssl-images-amazon.com/images/I/61WGe4p1FWL._AC_UL600_SR600,400_.jpg",48,排名进入前30；标题包含 comfort、summer，符合美国女鞋舒适化趋势；评分达到4.0以上。
2026-07-19,amazon_us,product,new_releases,New Releases Women Sandals,11,adidas Unisex-Adult Adilette Comfort 2.0 Slide Sandal,,4.5,$40.00,,,,,,https://www.amazon.com/adidas-Unisex-Adilette-Comfort-Sandal/dp/B0F2B84XX9/ref=zg_bsnr_g_679425011_d_sccl_11/132-0879092-8811422?psc=1,"https://images-na.ssl-images-amazon.com/images/I/51qn7G+PVyL._AC_UL600_SR600,400_.jpg",48,排名进入前30；标题包含 comfort，符合美国女鞋舒适化趋势；评分达到4.3以上。
2026-07-19,amazon_us,product,new_releases,New Releases Women Sandals,22,IDAWIVI Heeled Sandals for Women Low Block Chunky Heels Cutout Strap Square Open Toe Mule Sandals Casual Summer Slip On Slides,,4.6,$35.89,,,,,,https://www.amazon.com/IDAWIVI-Heeled-Sandals-Chunky-Cutout/dp/B0GRV4FN13/ref=zg_bsnr_g_679425011_d_sccl_22/132-0879092-8811422?psc=1,"https://images-na.ssl-images-amazon.com/images/I/616J5sbTlUL._AC_UL600_SR600,400_.jpg",48,排名进入前30；标题包含 summer，符合美国女鞋舒适化趋势；评分达到4.6以上。
2026-07-19,amazon_us,product,new_releases,New Releases Women Sandals,23,BRONAX Jelly Slides Sandals for Women | Hollow Out Breathable Flats | Slip-on Summer Beach Shoes,,4.3,$19.99,,,,,,https://www.amazon.com/BRONAX-Jellies-Breathable-Non-Slip-Water-Resistant/dp/B0H149XQJB/ref=zg_bsnr_g_679425011_d_sccl_23/132-0879092-8811422?psc=1,"https://images-na.ssl-images-amazon.com/images/I/81YBWZSREvL._AC_UL600_SR600,400_.jpg",48,排名进入前30；标题包含 beach、summer，符合美国女鞋舒适化趋势；评分达到4.3以上。
2026-07-19,amazon_us,product,new_releases,New Releases Women Sandals,25,"CUSHIONAIRE Aqua Jelly Flip Flops for Women | Jelly Shoes Glossy Upper, Slip-On Thong Design, Open Round Toe, Quick-Dry Beach and Pool Friendly, Travel-Ready Resort Style",,5.0,$29.99,,,,,,https://www.amazon.com/CUSHIONAIRE-Jelly-Flops-Women-CHOCOLATE/dp/B0H6BZ8F8Y/ref=zg_bsnr_g_679425011_d_sccl_25/132-0879092-8811422?psc=1,"https://images-na.ssl-images-amazon.com/images/I/71LKwjHednL._AC_UL600_SR600,400_.jpg",48,排名进入前30；标题包含 beach，符合美国女鞋舒适化趋势；评分达到4.6以上。
2026-07-19,amazon_us,product,search,women summer slippers,34,Open Toe Summer Slippers for Women - Arch Support Comfy & Cute Slip-On Indoor/Outdoor House Slippers with Non-Slip TPR Outsole,¥168.41,4.1,"Price, product page $23.39 $ 23 . 39 Typical: $25.99 Typical: $25.99 $25.99",,,,,,https://www.amazon.com/SaDuck-Summer-Slippers-Women-Slip/dp/B0GLNVHZ5M/ref=sr_1_26?dib=eyJ2IjoiMSJ9.edQbWdZgRC57j1GkLLh3ypLpGy5JjTF-VSN3Bkds4s6Z7XN1biWVvUmm3ko_Er2x5pXSMH0QsST4UOlft_S2gR1Ug3JruV0whaZZxP19Dt9S1Gbl4jYFd-1Ya97kB3gXtpPYtUQrJvhJwSHc4CgVARVxBlaj0kd92nskD_CsP4hrM45jDUuNEvZNI6QD89IrlOxccYAFZg1KbhxWLaXoBUZnUDGDkAyekaRmb9VQds6mWKrTLUyZQi0lh2Sm-p1mpDtisj2ym9TVEEVo4M-wDDm-r5yTtFTbDaogY65Y4vc.r0-B_Mae2SbmRc0fdQztF80KX2cGwIToIP77NLFGwPY&dib_tag=se&keywords=women+summer+slippers&qid=1784434852&sr=8-26,https://m.media-amazon.com/images/I/71LNEIAFQiL._AC_UL320_.jpg,48,排名进入前50；价格处于人民币等值¥57.60-¥180.00黄金区间；标题包含 arch support、summer，符合美国女鞋舒适化趋势；评分达到4.0以上。
2026-07-19,amazon_us,product,search,women slides,11,OluKai,¥792.00,4.6,OluKai,,,,,,https://www.amazon.com/sspa/click?ie=UTF8&spc=MTo2MDI5MjY4ODcyMzg3MTU6MTc4NDQzNDg1MzpzcF9zZWFyY2hfdGhlbWF0aWM6MzAwMTY5MjE1OTE3MzAyOjoxOjo&url=%2FOLUKAI-Premium-Leather-Relaxed-Occasion%2Fdp%2FB0CQMXNG3M%2Fref%3Dsxin_19_pa_sp_search_thematic_sspa%3Fcontent-id%3Damzn1.sym.71e21d01-9c92-451d-b99d-ee0a33f40110%253Aamzn1.sym.71e21d01-9c92-451d-b99d-ee0a33f40110%26cv_ct_cx%3Dwomen%2Bslides%26keywords%3Dwomen%2Bslides%26pd_rd_i%3DB0CQMXNG3M%26pd_rd_r%3Db379a46b-9dd5-47a4-9625-9c0229415097%26pd_rd_w%3DF3Fvk%26pd_rd_wg%3DOjfmL%26pf_rd_p%3D71e21d01-9c92-451d-b99d-ee0a33f40110%26pf_rd_r%3DW258SB3EGNMTX2VV2WJM%26qid%3D1784434853%26sbo%3DRZvfv%252F%252FHxDF%252BO5021pAnSA%253D%253D%26sr%3D1-2-2c727eeb-987f-452f-86bd-c2978cc9d8b9-spons%26aref%3Dvyw9r1Ribf%26sp_csd%3Dd2lkZ2V0TmFtZT1zcF9zZWFyY2hfdGhlbWF0aWM%26psc%3D1&aref=vyw9r1Ribf,https://m.media-amazon.com/images/I/61loAKMGvOL._AC_UL320_.jpg,48,排名进入前30；价格高于人民币等值¥288.00；评分达到4.6以上。
2026-07-19,amazon_us,product,search,women slides,12,Nike,¥302.40,4.7,Nike,,,,,,https://www.amazon.com/sspa/click?ie=UTF8&spc=MTo2MDI5MjY4ODcyMzg3MTU6MTc4NDQzNDg1MzpzcF9zZWFyY2hfdGhlbWF0aWM6MzAxMTM5NzYxMTExMDAyOjoyOjo&url=%2FNike-Womens-Offcourt-Slides-Rose-Pink%2Fdp%2FB0B9C3RQJ9%2Fref%3Dsxin_19_pa_sp_search_thematic_sspa%3Fcontent-id%3Damzn1.sym.71e21d01-9c92-451d-b99d-ee0a33f40110%253Aamzn1.sym.71e21d01-9c92-451d-b99d-ee0a33f40110%26cv_ct_cx%3Dwomen%2Bslides%26keywords%3Dwomen%2Bslides%26pd_rd_i%3DB0B9C3RQJ9%26pd_rd_r%3Db379a46b-9dd5-47a4-9625-9c0229415097%26pd_rd_w%3DF3Fvk%26pd_rd_wg%3DOjfmL%26pf_rd_p%3D71e21d01-9c92-451d-b99d-ee0a33f40110%26pf_rd_r%3DW258SB3EGNMTX2VV2WJM%26qid%3D1784434853%26sbo%3DRZvfv%252F%252FHxDF%252BO5021pAnSA%253D%253D%26sr%3D1-3-2c727eeb-987f-452f-86bd-c2978cc9d8b9-spons%26aref%3DmCvTu2qdVk%26sp_csd%3Dd2lkZ2V0TmFtZT1zcF9zZWFyY2hfdGhlbWF0aWM%26psc%3D1&aref=mCvTu2qdVk,https://m.media-amazon.com/images/I/51GrN2dcB6L._AC_UL320_.jpg,48,排名进入前30；价格高于人民币等值¥288.00；评分达到4.6以上。
2026-07-19,amazon_us,product,search,women slides,20,Floafers,¥424.80,5.0,Floafers,,,,,,https://www.amazon.com/sspa/click?ie=UTF8&spc=MToyNDM2NDQwODAyNTM0ODExOjE3ODQ0MzQ4NTM6c3BfbXRmOjMwMTE3MTkxODQ1MjAwMjo6MDo6&url=%2FFloafers-Unisex-Brawl-Womens-Medium%2Fdp%2FB0FSWNH4XQ%2Fref%3Dsr_1_12_sspa%3Fdib%3DeyJ2IjoiMSJ9.RrPumS3Ni8XWS9mPWZVEoM68tCRiXv-6Rmzdh4DjH1MzGv4H7NoifoMiv2JYov8uyHyBuyhKhKHWyH9mKEi1UE5sGOm_0aOXq-0ygN6ZYTTvSzasNotLuoU65jOATHNlH8xfpT749HChbKPgH36AE2xVTukRV5NC8LLzt18j_v04RmaPbp-_xzrpx5TjkmVaG_kRSGifN6biX7yQ1IcriBltl7RpjS6tIHzX3wJ_1YWLAAibnGYxJ8Cp8aNg0llJZtUFJhUr2ziEj6FtIT4w0gbbnWZRuoYe0C_NA1TLzW0.S-7JH4lrisMoi9MvyYBsBRiW3iQpoTXLM8ervMd5NXY%26dib_tag%3Dse%26keywords%3Dwomen%2Bslides%26qid%3D1784434853%26sr%3D8-12-spons%26sp_csd%3Dd2lkZ2V0TmFtZT1zcF9tdGY%26psc%3D1,https://m.media-amazon.com/images/I/61up9dXWRZL._AC_UL320_.jpg,48,排名进入前30；价格高于人民币等值¥288.00；评分达到4.6以上。
2026-07-19,amazon_us,product,best_sellers,Best Sellers Women Sandals,30,"ZUVARI Kitten Heels for Women, Square Toe Flip Flop Kitten Heel Sandals, 2.16 Inch Thong Heels, Slip-On Dressy Summer Heeled Sandals",,4.5,$28.79,,,,,,https://www.amazon.com/ZUVARI-Kitten-Square-Sandals-Dressy/dp/B0GBXPS8D3/ref=zg_bs_g_679425011_d_sccl_30/146-4952585-1525954?psc=1,"https://images-na.ssl-images-amazon.com/images/I/51r5FYMKLKL._AC_UL600_SR600,400_.jpg",45,排名进入前30；标题包含 summer，符合美国女鞋舒适化趋势；评分达到4.3以上。
2026-07-19,amazon_us,product,best_sellers,Best Sellers Women Sandals,41,Project Cloud 100% Genuine Leather Sandals Women Dressy Beach Essentials Slides for Women Footwear - Lightweight with Memory Foam Insole Sandals for Women 2026 - Womens Slides,,4.0,$29.90,,,,,,https://www.amazon.com/Project-Cloud-Genuine-Leather-Essentials/dp/B0CP4LB912/ref=zg_bs_g_679425011_d_sccl_41/146-4952585-1525954?psc=1,"https://images-na.ssl-images-amazon.com/images/I/813h1QBU5fL._AC_UL300_SR300,200_.jpg",45,排名进入前50；标题包含 cloud、beach，符合美国女鞋舒适化趋势；cloud + slides组合趋势加分；评分达到4.0以上。
2026-07-19,amazon_us,product,best_sellers,Best Sellers Women Sandals,45,ONCAI Women's Flip Flops Comfortable Summer Beach Thong Sandals for Women with Cushion Walking Arch Support Yoga Mat Indoor Outdoor Soles,,4.3,$12.63,,,,,,https://www.amazon.com/ONCAI-Non-Slip-Sandals-Slippers-Support/dp/B08V1BX1K1/ref=zg_bs_g_679425011_d_sccl_45/146-4952585-1525954?psc=1,"https://images-na.ssl-images-amazon.com/images/I/71YH+zZoNUL._AC_UL300_SR300,200_.jpg",45,排名进入前50；标题包含 comfort、arch support、beach、summer，符合美国女鞋舒适化趋势；评分达到4.3以上。
2026-07-19,amazon_us,product,new_releases,New Releases Women Sandals,12,"CUSHIONAIRE Mezzo Clear Strap Kitten Heels for Women, Square Toe Flip Flop Sandal Heels with Memory Foam Comfort",,4.2,$49.98,,,,,,https://www.amazon.com/CUSHIONAIRE-Kitten-Square-Sandal-Comfort/dp/B0GZHVBVS9/ref=zg_bsnr_g_679425011_d_sccl_12/132-0879092-8811422?psc=1,"https://images-na.ssl-images-amazon.com/images/I/71JZGKZQhEL._AC_UL600_SR600,400_.jpg",45,排名进入前30；标题包含 comfort，符合美国女鞋舒适化趋势；评分达到4.0以上。
2026-07-19,amazon_us,product,new_releases,New Releases Women Sandals,34,Project Cloud 100% Genuine Leather Heeled Sandals for Women - Memory Foam Insole Sandals Women Footwear - Non-Slip Womens Sandals - Block Heels For Women - Womens Slides (Opal),,4.4,$49.90,,,,,,https://www.amazon.com/Project-Cloud-Genuine-Leather-Sandals/dp/B0GYFZJR99/ref=zg_bsnr_g_679425011_d_sccl_34/146-4952585-1525954?psc=1,"https://images-na.ssl-images-amazon.com/images/I/71dFQTe9v6L._AC_UL300_SR300,200_.jpg",45,排名进入前50；标题包含 cloud，符合美国女鞋舒适化趋势；cloud + slides组合趋势加分；评分达到4.3以上。
2026-07-19,amazon_us,product,search,women summer slippers,38,Summer Sandals For Woman 2026 Comfortable Slip On Breathable Hollow Mesh Casual Beach Slippers Orthopedic Shoes,¥57.38,3.4,"Price, product page $7.97 $ 7 . 97",,,,,,https://www.amazon.com/dyiozbga-Comfortable-Breathable-Orthopedic-Lightweight/dp/B0G6L2RHZG/ref=sr_1_30?dib=eyJ2IjoiMSJ9.edQbWdZgRC57j1GkLLh3ypLpGy5JjTF-VSN3Bkds4s6Z7XN1biWVvUmm3ko_Er2x5pXSMH0QsST4UOlft_S2gR1Ug3JruV0whaZZxP19Dt9S1Gbl4jYFd-1Ya97kB3gXtpPYtUQrJvhJwSHc4CgVARVxBlaj0kd92nskD_CsP4hrM45jDUuNEvZNI6QD89IrlOxccYAFZg1KbhxWLaXoBUZnUDGDkAyekaRmb9VQds6mWKrTLUyZQi0lh2Sm-p1mpDtisj2ym9TVEEVo4M-wDDm-r5yTtFTbDaogY65Y4vc.r0-B_Mae2SbmRc0fdQztF80KX2cGwIToIP77NLFGwPY&dib_tag=se&keywords=women+summer+slippers&qid=1784434852&sr=8-30,https://m.media-amazon.com/images/I/71yJlD7GxHL._AC_UL320_.jpg,45,排名进入前50；价格低于人民币等值¥57.60；标题包含 orthopedic、comfort、beach、summer，符合美国女鞋舒适化趋势。
2026-07-19,amazon_us,product,search,women summer slippers,43,Parlovable,¥71.93,4.6,Parlovable,,,,,,https://www.amazon.com/Womens-Slippers-Outdoor-Breathable-Off-White/dp/B07YFWL6ZF/ref=sr_1_35?dib=eyJ2IjoiMSJ9.edQbWdZgRC57j1GkLLh3ypLpGy5JjTF-VSN3Bkds4s6Z7XN1biWVvUmm3ko_Er2x5pXSMH0QsST4UOlft_S2gR1Ug3JruV0whaZZxP19Dt9S1Gbl4jYFd-1Ya97kB3gXtpPYtUQrJvhJwSHc4CgVARVxBlaj0kd92nskD_CsP4hrM45jDUuNEvZNI6QD89IrlOxccYAFZg1KbhxWLaXoBUZnUDGDkAyekaRmb9VQds6mWKrTLUyZQi0lh2Sm-p1mpDtisj2ym9TVEEVo4M-wDDm-r5yTtFTbDaogY65Y4vc.r0-B_Mae2SbmRc0fdQztF80KX2cGwIToIP77NLFGwPY&dib_tag=se&keywords=women+summer+slippers&qid=1784434852&sr=8-35,https://m.media-amazon.com/images/I/61vjaMbgpqL._AC_UL320_.jpg,45,排名进入前50；价格处于人民币等值¥57.60-¥180.00黄金区间；评分达到4.6以上。
2026-07-19,amazon_us,product,search,women slides,14,OluKai,¥612.00,4.4,OluKai,,,,,,https://www.amazon.com/sspa/click?ie=UTF8&spc=MTo2MDI5MjY4ODcyMzg3MTU6MTc4NDQzNDg1MzpzcF9zZWFyY2hfdGhlbWF0aWM6MzAwMDg4MTQwMDc0ODAyOjo0Ojo&url=%2FOLUKAI-Water-Friendly-Flip-Flop-All-Day-Ultra-Soft%2Fdp%2FB0BPCKC8P4%2Fref%3Dsxin_19_pa_sp_search_thematic_sspa%3Fcontent-id%3Damzn1.sym.71e21d01-9c92-451d-b99d-ee0a33f40110%253Aamzn1.sym.71e21d01-9c92-451d-b99d-ee0a33f40110%26cv_ct_cx%3Dwomen%2Bslides%26keywords%3Dwomen%2Bslides%26pd_rd_i%3DB0BPCKC8P4%26pd_rd_r%3Db379a46b-9dd5-47a4-9625-9c0229415097%26pd_rd_w%3DF3Fvk%26pd_rd_wg%3DOjfmL%26pf_rd_p%3D71e21d01-9c92-451d-b99d-ee0a33f40110%26pf_rd_r%3DW258SB3EGNMTX2VV2WJM%26qid%3D1784434853%26sbo%3DRZvfv%252F%252FHxDF%252BO5021pAnSA%253D%253D%26sr%3D1-5-2c727eeb-987f-452f-86bd-c2978cc9d8b9-spons%26aref%3Ds8j2xmzjQx%26sp_csd%3Dd2lkZ2V0TmFtZT1zcF9zZWFyY2hfdGhlbWF0aWM%26psc%3D1&aref=s8j2xmzjQx,https://m.media-amazon.com/images/I/81nFwO4cAHL._AC_UL320_.jpg,45,排名进入前30；价格高于人民币等值¥288.00；评分达到4.3以上。
2026-07-19,amazon_us,product,search,platform sandals women,11,REEF,¥356.04,4.4,REEF,,,,,,https://www.amazon.com/Reef-Sandals-Cushion-Platform-Natural/dp/B09TRZZP54/ref=sr_1_8?dib=eyJ2IjoiMSJ9.3zo6vUgTuNV2_oDBDGXaTRy6K1aDbG3D76D66ZkfndqhShfGe6AEqdQUye1k-95rw9sZsn4b80hgKx8cIPz8O65s-Rc6bLRinfgiB8z1VA61AkHvoFMSha5lcU2jJUMFtajIyKcTmcQ0AF92ZNlPaI73AbyVCgBCfgi6WcZ9jM6Ff07y8CTz5C_JbP6nkMEZB0rIKtWaTAowjA0rg5rUNKS7JBw8zYHQzVPbyOpZlU90aS9ZATwwSMHon7DqQH59POmzotYqsVmA2w7_c84LcBKp4abpK9_gVwgjPc4y3Dw.PBUlsJ0o4_3WfKPbpxWqli-e7YW0PhS59u6Fip17DWE&dib_tag=se&keywords=platform+sandals+women&qid=1784434853&sr=8-8,https://m.media-amazon.com/images/I/61Uv1VDRdFL._AC_UL320_.jpg,45,排名进入前30；价格高于人民币等值¥288.00；评分达到4.3以上。
2026-07-19,amazon_us,product,best_sellers,Best Sellers Women Sandals,11,CUSHIONAIRE Pool Slides for Women Water Resistant Double Buckle Adjustable Slip-On Womens Sandals for Beach Shower Casual Wear,,4.1,$44.98,,,,,,https://www.amazon.com/CUSHIONAIRE-Sandals-Resistant-Double-Buckle/dp/B0GXHKZW5C/ref=zg_bs_g_679425011_d_sccl_11/146-4952585-1525954?psc=1,"https://images-na.ssl-images-amazon.com/images/I/71NStLIJ8SL._AC_UL600_SR600,400_.jpg",42,排名进入前30；标题包含 beach，符合美国女鞋舒适化趋势；评分达到4.0以上。
2026-07-19,amazon_us,product,best_sellers,Best Sellers Women Sandals,13,Joomra Pillow Slippers for Women and Men Non Slip Quick Drying Shower Slides Bathroom Sandals | Ultra Cushion | Thick Sole,,4.3,$20.34,,,,,,https://www.amazon.com/Joomra-Slippers-Massage-Bathroom-Platform/dp/B09652VJP1/ref=zg_bs_g_679425011_d_sccl_13/146-4952585-1525954?psc=1,"https://images-na.ssl-images-amazon.com/images/I/71pkhgTTRXL._AC_UL600_SR600,400_.jpg",42,排名进入前30；评分达到4.3以上。
2026-07-19,amazon_us,product,best_sellers,Best Sellers Women Sandals,24,Havaianas Women's Slim Square Solid Flip Flops,,4.3,$32.00,,,,,,https://www.amazon.com/Havaianas-Womens-Square-Solid-Medium/dp/B0BBPX6J6F/ref=zg_bs_g_679425011_d_sccl_24/146-4952585-1525954?psc=1,"https://images-na.ssl-images-amazon.com/images/I/519tF5UFGFL._AC_UL600_SR600,400_.jpg",42,排名进入前30；评分达到4.3以上。
2026-07-19,amazon_us,product,best_sellers,Best Sellers Women Sandals,42,KuaiLu Womens Casual Flip Flops with Comfortable Arch Support Yoga Mat Summer Beach Walking Thong Cushion Sandals Lightweight Flats Non-Slip Shoes Indoor Outdoor,,4.2,$23.98,,,,,,https://www.amazon.com/KuaiLu-Comfortable-Orthotic-Recovery-Fasciitis/dp/B09PQNM5H3/ref=zg_bs_g_679425011_d_sccl_42/146-4952585-1525954?psc=1,"https://images-na.ssl-images-amazon.com/images/I/61TtgwlEaSL._AC_UL300_SR300,200_.jpg",42,排名进入前50；标题包含 comfort、arch support、beach、summer，符合美国女鞋舒适化趋势；评分达到4.0以上。
2026-07-19,amazon_us,product,new_releases,New Releases Women Sandals,14,adidas Unisex Adult Adilette Shower Slide,,4.4,$16.44,,,,,,https://www.amazon.com/adidas-Unisex-Adilette-Shower-Metallic/dp/B0DF12B7P4/ref=zg_bsnr_g_679425011_d_sccl_14/132-0879092-8811422?psc=1,"https://images-na.ssl-images-amazon.com/images/I/61mi711hnuL._AC_UL600_SR600,400_.jpg",42,排名进入前30；评分达到4.3以上。
2026-07-19,amazon_us,product,search,women summer slippers,31,IPSAE,¥71.86,4.4,IPSAE,,,,,,https://www.amazon.com/IPSAE-Slippers-Corduroy-Slipper-Bedroom/dp/B0DB4W73J3/ref=sr_1_23?dib=eyJ2IjoiMSJ9.edQbWdZgRC57j1GkLLh3ypLpGy5JjTF-VSN3Bkds4s6Z7XN1biWVvUmm3ko_Er2x5pXSMH0QsST4UOlft_S2gR1Ug3JruV0whaZZxP19Dt9S1Gbl4jYFd-1Ya97kB3gXtpPYtUQrJvhJwSHc4CgVARVxBlaj0kd92nskD_CsP4hrM45jDUuNEvZNI6QD89IrlOxccYAFZg1KbhxWLaXoBUZnUDGDkAyekaRmb9VQds6mWKrTLUyZQi0lh2Sm-p1mpDtisj2ym9TVEEVo4M-wDDm-r5yTtFTbDaogY65Y4vc.r0-B_Mae2SbmRc0fdQztF80KX2cGwIToIP77NLFGwPY&dib_tag=se&keywords=women+summer+slippers&qid=1784434852&sr=8-23,https://m.media-amazon.com/images/I/71GcxKVQLUL._AC_UL320_.jpg,42,排名进入前50；价格处于人民币等值¥57.60-¥180.00黄金区间；评分达到4.3以上。
2026-07-19,amazon_us,product,search,women summer slippers,33,FITORY,¥143.71,4.3,FITORY,,,,,,https://www.amazon.com/FITORY-Sandals-Fashion-Leather-Slippers/dp/B0BN3GQFKN/ref=sr_1_25?dib=eyJ2IjoiMSJ9.edQbWdZgRC57j1GkLLh3ypLpGy5JjTF-VSN3Bkds4s6Z7XN1biWVvUmm3ko_Er2x5pXSMH0QsST4UOlft_S2gR1Ug3JruV0whaZZxP19Dt9S1Gbl4jYFd-1Ya97kB3gXtpPYtUQrJvhJwSHc4CgVARVxBlaj0kd92nskD_CsP4hrM45jDUuNEvZNI6QD89IrlOxccYAFZg1KbhxWLaXoBUZnUDGDkAyekaRmb9VQds6mWKrTLUyZQi0lh2Sm-p1mpDtisj2ym9TVEEVo4M-wDDm-r5yTtFTbDaogY65Y4vc.r0-B_Mae2SbmRc0fdQztF80KX2cGwIToIP77NLFGwPY&dib_tag=se&keywords=women+summer+slippers&qid=1784434852&sr=8-25,https://m.media-amazon.com/images/I/61cA2WpKDqL._AC_UL320_.jpg,42,排名进入前50；价格处于人民币等值¥57.60-¥180.00黄金区间；评分达到4.3以上。
2026-07-19,amazon_us,product,search,women summer slippers,39,Weweya,¥71.93,4.4,Weweya,,,,,,https://www.amazon.com/Weweya-Shower-Non-Slip-Outdoor-Sandals/dp/B0F1XTPHY8/ref=sr_1_31?dib=eyJ2IjoiMSJ9.edQbWdZgRC57j1GkLLh3ypLpGy5JjTF-VSN3Bkds4s6Z7XN1biWVvUmm3ko_Er2x5pXSMH0QsST4UOlft_S2gR1Ug3JruV0whaZZxP19Dt9S1Gbl4jYFd-1Ya97kB3gXtpPYtUQrJvhJwSHc4CgVARVxBlaj0kd92nskD_CsP4hrM45jDUuNEvZNI6QD89IrlOxccYAFZg1KbhxWLaXoBUZnUDGDkAyekaRmb9VQds6mWKrTLUyZQi0lh2Sm-p1mpDtisj2ym9TVEEVo4M-wDDm-r5yTtFTbDaogY65Y4vc.r0-B_Mae2SbmRc0fdQztF80KX2cGwIToIP77NLFGwPY&dib_tag=se&keywords=women+summer+slippers&qid=1784434852&sr=8-31,https://m.media-amazon.com/images/I/61QGXLFgg+L._AC_UL320_.jpg,42,排名进入前50；价格处于人民币等值¥57.60-¥180.00黄金区间；评分达到4.3以上。
2026-07-19,amazon_us,product,search,women summer slippers,42,Scurtain,¥100.73,4.3,Scurtain,,,,,,https://www.amazon.com/Summer-Slippers-Shower-Travel-Rubber/dp/B0CPXMZLHM/ref=sr_1_34?dib=eyJ2IjoiMSJ9.edQbWdZgRC57j1GkLLh3ypLpGy5JjTF-VSN3Bkds4s6Z7XN1biWVvUmm3ko_Er2x5pXSMH0QsST4UOlft_S2gR1Ug3JruV0whaZZxP19Dt9S1Gbl4jYFd-1Ya97kB3gXtpPYtUQrJvhJwSHc4CgVARVxBlaj0kd92nskD_CsP4hrM45jDUuNEvZNI6QD89IrlOxccYAFZg1KbhxWLaXoBUZnUDGDkAyekaRmb9VQds6mWKrTLUyZQi0lh2Sm-p1mpDtisj2ym9TVEEVo4M-wDDm-r5yTtFTbDaogY65Y4vc.r0-B_Mae2SbmRc0fdQztF80KX2cGwIToIP77NLFGwPY&dib_tag=se&keywords=women+summer+slippers&qid=1784434852&sr=8-34,https://m.media-amazon.com/images/I/81+JWdhjj5L._AC_UL320_.jpg,42,排名进入前50；价格处于人民币等值¥57.60-¥180.00黄金区间；评分达到4.3以上。
2026-07-19,amazon_us,product,search,women summer slippers,44,Joomra,¥146.52,4.3,Joomra,,,,,,https://www.amazon.com/Joomra-Slippers-Massage-Cushioned-Bathroom/dp/B09C1RFQ87/ref=sr_1_36?dib=eyJ2IjoiMSJ9.edQbWdZgRC57j1GkLLh3ypLpGy5JjTF-VSN3Bkds4s6Z7XN1biWVvUmm3ko_Er2x5pXSMH0QsST4UOlft_S2gR1Ug3JruV0whaZZxP19Dt9S1Gbl4jYFd-1Ya97kB3gXtpPYtUQrJvhJwSHc4CgVARVxBlaj0kd92nskD_CsP4hrM45jDUuNEvZNI6QD89IrlOxccYAFZg1KbhxWLaXoBUZnUDGDkAyekaRmb9VQds6mWKrTLUyZQi0lh2Sm-p1mpDtisj2ym9TVEEVo4M-wDDm-r5yTtFTbDaogY65Y4vc.r0-B_Mae2SbmRc0fdQztF80KX2cGwIToIP77NLFGwPY&dib_tag=se&keywords=women+summer+slippers&qid=1784434852&sr=8-36,https://m.media-amazon.com/images/I/61-Aatjne0L._AC_UL320_.jpg,42,排名进入前50；价格处于人民币等值¥57.60-¥180.00黄金区间；评分达到4.3以上。
2026-07-19,amazon_us,product,search,women summer slippers,49,Litfun,¥71.93,4.4,Litfun,,,,,,https://www.amazon.com/Litfun-Unisex-Slippers-Memory-Bedroom/dp/B0G12YBP2C/ref=sr_1_41?dib=eyJ2IjoiMSJ9.edQbWdZgRC57j1GkLLh3ypLpGy5JjTF-VSN3Bkds4s6Z7XN1biWVvUmm3ko_Er2x5pXSMH0QsST4UOlft_S2gR1Ug3JruV0whaZZxP19Dt9S1Gbl4jYFd-1Ya97kB3gXtpPYtUQrJvhJwSHc4CgVARVxBlaj0kd92nskD_CsP4hrM45jDUuNEvZNI6QD89IrlOxccYAFZg1KbhxWLaXoBUZnUDGDkAyekaRmb9VQds6mWKrTLUyZQi0lh2Sm-p1mpDtisj2ym9TVEEVo4M-wDDm-r5yTtFTbDaogY65Y4vc.r0-B_Mae2SbmRc0fdQztF80KX2cGwIToIP77NLFGwPY&dib_tag=se&keywords=women+summer+slippers&qid=1784434852&sr=8-41,https://m.media-amazon.com/images/I/71lQfsxT4BL._AC_UL320_.jpg,42,排名进入前50；价格处于人民币等值¥57.60-¥180.00黄金区间；评分达到4.3以上。
2026-07-19,amazon_us,product,search,women summer slippers,50,HUXMEYSON,¥86.33,4.4,HUXMEYSON,,,,,,https://www.amazon.com/HUXMEYSON-Womens-Slippers-Fuzzy-House-Slippers-Cozy-Slippers-Anti-Skid/dp/B0CDBVJJY1/ref=sr_1_42?dib=eyJ2IjoiMSJ9.edQbWdZgRC57j1GkLLh3ypLpGy5JjTF-VSN3Bkds4s6Z7XN1biWVvUmm3ko_Er2x5pXSMH0QsST4UOlft_S2gR1Ug3JruV0whaZZxP19Dt9S1Gbl4jYFd-1Ya97kB3gXtpPYtUQrJvhJwSHc4CgVARVxBlaj0kd92nskD_CsP4hrM45jDUuNEvZNI6QD89IrlOxccYAFZg1KbhxWLaXoBUZnUDGDkAyekaRmb9VQds6mWKrTLUyZQi0lh2Sm-p1mpDtisj2ym9TVEEVo4M-wDDm-r5yTtFTbDaogY65Y4vc.r0-B_Mae2SbmRc0fdQztF80KX2cGwIToIP77NLFGwPY&dib_tag=se&keywords=women+summer+slippers&qid=1784434852&sr=8-42,https://m.media-amazon.com/images/I/71m7TkKnNuL._AC_UL320_.jpg,42,排名进入前50；价格处于人民币等值¥57.60-¥180.00黄金区间；评分达到4.3以上。
2026-07-19,amazon_us,product,search,women slides,47,ODOLY,¥143.93,4.5,ODOLY,,,,,,https://www.amazon.com/ODOLY-Footbed-Comfortable-Sandals-Adjustable/dp/B0CSMN1X4W/ref=sr_1_23?dib=eyJ2IjoiMSJ9.RrPumS3Ni8XWS9mPWZVEoM68tCRiXv-6Rmzdh4DjH1MzGv4H7NoifoMiv2JYov8uyHyBuyhKhKHWyH9mKEi1UE5sGOm_0aOXq-0ygN6ZYTTvSzasNotLuoU65jOATHNlH8xfpT749HChbKPgH36AE2xVTukRV5NC8LLzt18j_v04RmaPbp-_xzrpx5TjkmVaG_kRSGifN6biX7yQ1IcriBltl7RpjS6tIHzX3wJ_1YWLAAibnGYxJ8Cp8aNg0llJZtUFJhUr2ziEj6FtIT4w0gbbnWZRuoYe0C_NA1TLzW0.S-7JH4lrisMoi9MvyYBsBRiW3iQpoTXLM8ervMd5NXY&dib_tag=se&keywords=women+slides&qid=1784434853&sr=8-23,https://m.media-amazon.com/images/I/61iYsM+H9QL._AC_UL320_.jpg,42,排名进入前50；价格处于人民币等值¥57.60-¥180.00黄金区间；评分达到4.3以上。
2026-07-19,amazon_us,product,search,women slides,49,Comwarm,¥71.93,4.3,Comwarm,,,,,,https://www.amazon.com/Sandals-Lightweight-Bathroom-Non-Slip-Slippers/dp/B099DTRKSL/ref=sr_1_25?dib=eyJ2IjoiMSJ9.RrPumS3Ni8XWS9mPWZVEoM68tCRiXv-6Rmzdh4DjH1MzGv4H7NoifoMiv2JYov8uyHyBuyhKhKHWyH9mKEi1UE5sGOm_0aOXq-0ygN6ZYTTvSzasNotLuoU65jOATHNlH8xfpT749HChbKPgH36AE2xVTukRV5NC8LLzt18j_v04RmaPbp-_xzrpx5TjkmVaG_kRSGifN6biX7yQ1IcriBltl7RpjS6tIHzX3wJ_1YWLAAibnGYxJ8Cp8aNg0llJZtUFJhUr2ziEj6FtIT4w0gbbnWZRuoYe0C_NA1TLzW0.S-7JH4lrisMoi9MvyYBsBRiW3iQpoTXLM8ervMd5NXY&dib_tag=se&keywords=women+slides&qid=1784434853&sr=8-25,https://m.media-amazon.com/images/I/71uNAZpAhiL._AC_UL320_.jpg,42,排名进入前50；价格处于人民币等值¥57.60-¥180.00黄金区间；评分达到4.3以上。
2026-07-19,amazon_us,product,new_releases,New Releases Women Sandals,24,"CUSHIONAIRE Caper Jelly Sandals for Women, Comfortable Womens Slides with Cushioned Footbed and Wide Widths Available",,3.6,$39.99,,,,,,https://www.amazon.com/CUSHIONAIRE-Comfortable-Cushioned-Available-TORTOISE/dp/B0H2FWR4W6/ref=zg_bsnr_g_679425011_d_sccl_24/132-0879092-8811422?psc=1,"https://images-na.ssl-images-amazon.com/images/I/71RypKvavGL._AC_UL600_SR600,400_.jpg",41,排名进入前30；标题包含 comfort，符合美国女鞋舒适化趋势。
2026-07-19,amazon_us,product,new_releases,New Releases Women Sandals,46,NEEP Jelly Sandals for Women Non-Slip Pool Slides Vintage Platform Double Buckle Waterproof Sandals for Summer Beach Casual,,4.3,$29.99,,,,,,https://www.amazon.com/NEEP-Sandals-Non-Slip-Platform-Waterproof/dp/B0GWZG4MT8/ref=zg_bsnr_g_679425011_d_sccl_46/146-4952585-1525954?psc=1,"https://images-na.ssl-images-amazon.com/images/I/71iXkFqzxsL._AC_UL300_SR300,200_.jpg",41,排名进入前50；标题包含 platform、beach、summer，符合美国女鞋舒适化趋势；评分达到4.3以上。
2026-07-19,amazon_us,product,search,women summer slippers,46,Linen House Slippers Indoor Open Toe Slides Bedroom Lightweight Stawberry Slippers Non Slip For Women Comfort Shoes,¥71.93,3.7,"Price, product page $9.99 $ 9 . 99",,,,,,https://www.amazon.com/SEYHIBG-Slippers-Bedroom-Lightweight-Stawberry/dp/B0G58HFXN9/ref=sr_1_38?dib=eyJ2IjoiMSJ9.edQbWdZgRC57j1GkLLh3ypLpGy5JjTF-VSN3Bkds4s6Z7XN1biWVvUmm3ko_Er2x5pXSMH0QsST4UOlft_S2gR1Ug3JruV0whaZZxP19Dt9S1Gbl4jYFd-1Ya97kB3gXtpPYtUQrJvhJwSHc4CgVARVxBlaj0kd92nskD_CsP4hrM45jDUuNEvZNI6QD89IrlOxccYAFZg1KbhxWLaXoBUZnUDGDkAyekaRmb9VQds6mWKrTLUyZQi0lh2Sm-p1mpDtisj2ym9TVEEVo4M-wDDm-r5yTtFTbDaogY65Y4vc.r0-B_Mae2SbmRc0fdQztF80KX2cGwIToIP77NLFGwPY&dib_tag=se&keywords=women+summer+slippers&qid=1784434852&sr=8-38,https://m.media-amazon.com/images/I/8170JJYQnZL._AC_UL320_.jpg,41,排名进入前50；价格处于人民币等值¥57.60-¥180.00黄金区间；标题包含 comfort，符合美国女鞋舒适化趋势。
2026-07-19,amazon_us,product,best_sellers,Best Sellers Women Sandals,18,"CUSHIONAIRE Vita Jelly Sandals for Women, Casual Lightweight Womens Strappy Sandals with Adjustable Buckle Strap and Gold Hardware Accent",,4.0,$39.98,,,,,,https://www.amazon.com/CUSHIONAIRE-Sandals-Lightweight-Adjustable-Hardware/dp/B0H1Y94T1T/ref=zg_bs_g_679425011_d_sccl_18/146-4952585-1525954?psc=1,"https://images-na.ssl-images-amazon.com/images/I/81Uy6Bt6XaL._AC_UL600_SR600,400_.jpg",39,排名进入前30；评分达到4.0以上。
2026-07-19,amazon_us,product,best_sellers,Best Sellers Women Sandals,35,Muboliy Women's Original Sandals Comfortable Quick-Drying Casual Sport Sandal Walking Hiking Water Sandals With Arch Support,,4.4,$19.99,,,,,,https://www.amazon.com/Original-Sandals-Support-Outdoor-Light-Weight/dp/B08Z2S9RTZ/ref=zg_bs_g_679425011_d_sccl_35/146-4952585-1525954?psc=1,"https://images-na.ssl-images-amazon.com/images/I/71stfT8jseL._AC_UL300_SR300,200_.jpg",39,排名进入前50；标题包含 comfort、arch support，符合美国女鞋舒适化趋势；评分达到4.3以上。
2026-07-19,amazon_us,product,best_sellers,Best Sellers Women Sandals,37,COFACE Womens Fashion Orthotic Flip Flops Ladies Slip On Lightweight Athletic Yoga Mat Cushion Thong Sandals With Comfortable Plantar Fasciitis Arch Support,,4.4,$24.69,,,,,,https://www.amazon.com/COFACE-Orthotic-Athletic-FlipFlops-Fasciitis/dp/B09ZKZW1LR/ref=zg_bs_g_679425011_d_sccl_37/146-4952585-1525954?psc=1,"https://images-na.ssl-images-amazon.com/images/I/71wrTj6AkpL._AC_UL300_SR300,200_.jpg",39,排名进入前50；标题包含 comfort、arch support，符合美国女鞋舒适化趋势；评分达到4.3以上。
2026-07-19,amazon_us,product,new_releases,New Releases Women Sandals,15,"CUSHIONAIRE Shana Clear Jelly Strap Heels for Women, Flared Kitten Heel Slide with Cushioned Footbed and Split Toe",,4.1,$49.99,,,,,,https://www.amazon.com/CUSHIONAIRE-Flared-Cushioned-Footbed-TORTOISE/dp/B0H2FTMCYF/ref=zg_bsnr_g_679425011_d_sccl_15/132-0879092-8811422?psc=1,"https://images-na.ssl-images-amazon.com/images/I/71YZfL+oAFL._AC_UL600_SR600,400_.jpg",39,排名进入前30；评分达到4.0以上。
2026-07-19,amazon_us,product,new_releases,New Releases Women Sandals,39,"CUSHIONAIRE Trio Flip Flops for Women, Comfortable Beach Sandals with Braided Thong Strap, Memory Foam Footbed and Metallic Ring Accents",,4.7,$39.99,,,,,,https://www.amazon.com/CUSHIONAIRE-Comfortable-Sandals-Braided-Metallic/dp/B0H37L11HM/ref=zg_bsnr_g_679425011_d_sccl_39/146-4952585-1525954?psc=1,"https://images-na.ssl-images-amazon.com/images/I/71Bu6Js8cPL._AC_UL300_SR300,200_.jpg",39,排名进入前50；标题包含 comfort、beach，符合美国女鞋舒适化趋势；评分达到4.6以上。
2026-07-19,amazon_us,product,new_releases,New Releases Women Sandals,45,UBFEN Womens Bohemian Flat Sandals With Back Strap Summer Beach Comfortable Bling,,4.3,$33.98,,,,,,https://www.amazon.com/UBFEN-Womens-Bohemian-Sandals-Comfortable/dp/B0H19XQJ75/ref=zg_bsnr_g_679425011_d_sccl_45/146-4952585-1525954?psc=1,"https://images-na.ssl-images-amazon.com/images/I/71TxhfsP6dL._AC_UL300_SR300,200_.jpg",39,排名进入前50；标题包含 comfort、beach、summer，符合美国女鞋舒适化趋势；评分达到4.3以上。
2026-07-19,amazon_us,product,search,women summer slippers,35,COCOMUSE,¥107.93,4.1,COCOMUSE,,,,,,https://www.amazon.com/Ultralight-Indoor-Cotton-Slippers-Absorb/dp/B09MRP87ZZ/ref=sr_1_27?dib=eyJ2IjoiMSJ9.edQbWdZgRC57j1GkLLh3ypLpGy5JjTF-VSN3Bkds4s6Z7XN1biWVvUmm3ko_Er2x5pXSMH0QsST4UOlft_S2gR1Ug3JruV0whaZZxP19Dt9S1Gbl4jYFd-1Ya97kB3gXtpPYtUQrJvhJwSHc4CgVARVxBlaj0kd92nskD_CsP4hrM45jDUuNEvZNI6QD89IrlOxccYAFZg1KbhxWLaXoBUZnUDGDkAyekaRmb9VQds6mWKrTLUyZQi0lh2Sm-p1mpDtisj2ym9TVEEVo4M-wDDm-r5yTtFTbDaogY65Y4vc.r0-B_Mae2SbmRc0fdQztF80KX2cGwIToIP77NLFGwPY&dib_tag=se&keywords=women+summer+slippers&qid=1784434852&sr=8-27,https://m.media-amazon.com/images/I/81KNq3E0H3L._AC_UL320_.jpg,39,排名进入前50；价格处于人民币等值¥57.60-¥180.00黄金区间；评分达到4.0以上。
2026-07-19,amazon_us,product,search,women summer slippers,40,Wishcotton,¥119.45,4.2,Wishcotton,,,,,,https://www.amazon.com/Wishcotton-Womens-Adjustable-Memory-Slippers/dp/B079QKLSLQ/ref=sr_1_32?dib=eyJ2IjoiMSJ9.edQbWdZgRC57j1GkLLh3ypLpGy5JjTF-VSN3Bkds4s6Z7XN1biWVvUmm3ko_Er2x5pXSMH0QsST4UOlft_S2gR1Ug3JruV0whaZZxP19Dt9S1Gbl4jYFd-1Ya97kB3gXtpPYtUQrJvhJwSHc4CgVARVxBlaj0kd92nskD_CsP4hrM45jDUuNEvZNI6QD89IrlOxccYAFZg1KbhxWLaXoBUZnUDGDkAyekaRmb9VQds6mWKrTLUyZQi0lh2Sm-p1mpDtisj2ym9TVEEVo4M-wDDm-r5yTtFTbDaogY65Y4vc.r0-B_Mae2SbmRc0fdQztF80KX2cGwIToIP77NLFGwPY&dib_tag=se&keywords=women+summer+slippers&qid=1784434852&sr=8-32,https://m.media-amazon.com/images/I/71WcFznX60L._AC_UL320_.jpg,39,排名进入前50；价格处于人民币等值¥57.60-¥180.00黄金区间；评分达到4.0以上。
2026-07-19,amazon_us,product,search,women summer slippers,45,FRALOSHA,¥89.93,4.2,FRALOSHA,,,,,,https://www.amazon.com/FRALOSHA-Slippers-Breathable-Outdoor-Sandals/dp/B07FSG6P3M/ref=sr_1_37?dib=eyJ2IjoiMSJ9.edQbWdZgRC57j1GkLLh3ypLpGy5JjTF-VSN3Bkds4s6Z7XN1biWVvUmm3ko_Er2x5pXSMH0QsST4UOlft_S2gR1Ug3JruV0whaZZxP19Dt9S1Gbl4jYFd-1Ya97kB3gXtpPYtUQrJvhJwSHc4CgVARVxBlaj0kd92nskD_CsP4hrM45jDUuNEvZNI6QD89IrlOxccYAFZg1KbhxWLaXoBUZnUDGDkAyekaRmb9VQds6mWKrTLUyZQi0lh2Sm-p1mpDtisj2ym9TVEEVo4M-wDDm-r5yTtFTbDaogY65Y4vc.r0-B_Mae2SbmRc0fdQztF80KX2cGwIToIP77NLFGwPY&dib_tag=se&keywords=women+summer+slippers&qid=1784434852&sr=8-37,https://m.media-amazon.com/images/I/810Hfh0qwIL._AC_UL320_.jpg,39,排名进入前50；价格处于人民币等值¥57.60-¥180.00黄金区间；评分达到4.0以上。
2026-07-19,amazon_us,product,best_sellers,Best Sellers Women Sandals,20,"CUSHIONAIRE Splash Jelly Flip Flops for Women With Flexible Sole, Glossy Jelly Finish Summer Sandals for Women",,3.8,$29.99,,,,,,https://www.amazon.com/CUSHIONAIRE-Flexible-Footbed-Sandals-WHISKEY/dp/B0FCZFSVZD/ref=zg_bs_g_679425011_d_sccl_20/146-4952585-1525954?psc=1,"https://images-na.ssl-images-amazon.com/images/I/71jSCW+w9gL._AC_UL600_SR600,400_.jpg",38,排名进入前30；标题包含 summer，符合美国女鞋舒适化趋势。
2026-07-19,amazon_us,product,best_sellers,Best Sellers Women Sandals,36,Crocs Women's Brooklyn Low Wedge Sandals,,4.6,$54.95,,,,,,https://www.amazon.com/Crocs-Brooklyn-Low-Wedge-Black/dp/B07YQRHPBF/ref=zg_bs_g_679425011_d_sccl_36/146-4952585-1525954?psc=1,"https://images-na.ssl-images-amazon.com/images/I/7146HmICxBL._AC_UL300_SR300,200_.jpg",38,排名进入前50；评论数达到50以上；标题包含 wedge，符合美国女鞋舒适化趋势；评分达到4.6以上。
2026-07-19,amazon_us,product,search,women summer slippers,47,Chantomoo,¥215.93,4.4,Chantomoo,,,,,,https://www.amazon.com/Chantomoo-Slippers-Bedroom-Corduroy-Crossbands/dp/B0C7H38YBT/ref=sr_1_39?dib=eyJ2IjoiMSJ9.edQbWdZgRC57j1GkLLh3ypLpGy5JjTF-VSN3Bkds4s6Z7XN1biWVvUmm3ko_Er2x5pXSMH0QsST4UOlft_S2gR1Ug3JruV0whaZZxP19Dt9S1Gbl4jYFd-1Ya97kB3gXtpPYtUQrJvhJwSHc4CgVARVxBlaj0kd92nskD_CsP4hrM45jDUuNEvZNI6QD89IrlOxccYAFZg1KbhxWLaXoBUZnUDGDkAyekaRmb9VQds6mWKrTLUyZQi0lh2Sm-p1mpDtisj2ym9TVEEVo4M-wDDm-r5yTtFTbDaogY65Y4vc.r0-B_Mae2SbmRc0fdQztF80KX2cGwIToIP77NLFGwPY&dib_tag=se&keywords=women+summer+slippers&qid=1784434852&sr=8-39,https://m.media-amazon.com/images/I/711Z9Ju3AqL._AC_UL320_.jpg,37,排名进入前50；价格处于人民币等值¥180.00-¥288.00区间；评分达到4.3以上。
2026-07-19,amazon_us,product,search,women slides,41,adidas,¥215.93,4.5,adidas,,,,,,https://www.amazon.com/adidas-Unisex-Adilette-Sportswear-Sandal/dp/B0D224KWLQ/ref=sr_1_17?dib=eyJ2IjoiMSJ9.RrPumS3Ni8XWS9mPWZVEoM68tCRiXv-6Rmzdh4DjH1MzGv4H7NoifoMiv2JYov8uyHyBuyhKhKHWyH9mKEi1UE5sGOm_0aOXq-0ygN6ZYTTvSzasNotLuoU65jOATHNlH8xfpT749HChbKPgH36AE2xVTukRV5NC8LLzt18j_v04RmaPbp-_xzrpx5TjkmVaG_kRSGifN6biX7yQ1IcriBltl7RpjS6tIHzX3wJ_1YWLAAibnGYxJ8Cp8aNg0llJZtUFJhUr2ziEj6FtIT4w0gbbnWZRuoYe0C_NA1TLzW0.S-7JH4lrisMoi9MvyYBsBRiW3iQpoTXLM8ervMd5NXY&dib_tag=se&keywords=women+slides&qid=1784434853&sr=8-17,https://m.media-amazon.com/images/I/51EzGCn-OoL._AC_UL320_.jpg,37,排名进入前50；价格处于人民币等值¥180.00-¥288.00区间；评分达到4.3以上。
2026-07-19,amazon_us,product,search,women slides,48,Under Armour,¥194.26,4.3,Under Armour,,,,,,https://www.amazon.com/Under-Armour-Womens-Ignite-Slides/dp/B0F343Z28R/ref=sr_1_24?dib=eyJ2IjoiMSJ9.RrPumS3Ni8XWS9mPWZVEoM68tCRiXv-6Rmzdh4DjH1MzGv4H7NoifoMiv2JYov8uyHyBuyhKhKHWyH9mKEi1UE5sGOm_0aOXq-0ygN6ZYTTvSzasNotLuoU65jOATHNlH8xfpT749HChbKPgH36AE2xVTukRV5NC8LLzt18j_v04RmaPbp-_xzrpx5TjkmVaG_kRSGifN6biX7yQ1IcriBltl7RpjS6tIHzX3wJ_1YWLAAibnGYxJ8Cp8aNg0llJZtUFJhUr2ziEj6FtIT4w0gbbnWZRuoYe0C_NA1TLzW0.S-7JH4lrisMoi9MvyYBsBRiW3iQpoTXLM8ervMd5NXY&dib_tag=se&keywords=women+slides&qid=1784434853&sr=8-24,https://m.media-amazon.com/images/I/41S9a3VMv1L._AC_UL320_.jpg,37,排名进入前50；价格处于人民币等值¥180.00-¥288.00区间；评分达到4.3以上。
2026-07-19,amazon_us,product,search,platform sandals women,43,ONCAI,¥244.73,4.4,ONCAI,,,,,,https://www.amazon.com/ONCAI-Platform-Essentials-Flatform-Comfortable/dp/B0F43HJVG4/ref=sr_1_30?dib=eyJ2IjoiMSJ9.3zo6vUgTuNV2_oDBDGXaTRy6K1aDbG3D76D66ZkfndqhShfGe6AEqdQUye1k-95rw9sZsn4b80hgKx8cIPz8O65s-Rc6bLRinfgiB8z1VA61AkHvoFMSha5lcU2jJUMFtajIyKcTmcQ0AF92ZNlPaI73AbyVCgBCfgi6WcZ9jM6Ff07y8CTz5C_JbP6nkMEZB0rIKtWaTAowjA0rg5rUNKS7JBw8zYHQzVPbyOpZlU90aS9ZATwwSMHon7DqQH59POmzotYqsVmA2w7_c84LcBKp4abpK9_gVwgjPc4y3Dw.PBUlsJ0o4_3WfKPbpxWqli-e7YW0PhS59u6Fip17DWE&dib_tag=se&keywords=platform+sandals+women&qid=1784434853&sr=8-30,https://m.media-amazon.com/images/I/6107ZWz1NoL._AC_UL320_.jpg,37,排名进入前50；价格处于人民币等值¥180.00-¥288.00区间；评分达到4.3以上。
2026-07-19,amazon_us,product,best_sellers,Best Sellers Women Sandals,31,KIDMI Unisex Summer Sandals Arch Support Cork Footbed Slide Sandals with Double Adjustable Buckle for Women Men,,4.5,$21.99,,,,,,https://www.amazon.com/KIDMI-Genuine-Sandals-Footbed-Adjustable/dp/B0DQH21M77/ref=zg_bs_g_679425011_d_sccl_31/146-4952585-1525954?psc=1,"https://images-na.ssl-images-amazon.com/images/I/81JaarSAG2L._AC_UL300_SR300,200_.jpg",36,排名进入前50；标题包含 arch support、summer，符合美国女鞋舒适化趋势；评分达到4.3以上。
2026-07-19,amazon_us,product,new_releases,New Releases Women Sandals,43,UBFEN Womens Flat Sandals Dress Braided T-Strap Thong Sandals with Arch Support Comfortable for Walking,,4.2,$33.99,,,,,,https://www.amazon.com/UBFEN-Sandals-Braided-T-Strap-Comfortable/dp/B0GW3ZW244/ref=zg_bsnr_g_679425011_d_sccl_43/146-4952585-1525954?psc=1,"https://images-na.ssl-images-amazon.com/images/I/814UqhNlwuL._AC_UL300_SR300,200_.jpg",36,排名进入前50；标题包含 comfort、arch support，符合美国女鞋舒适化趋势；评分达到4.0以上。
2026-07-19,amazon_us,product,new_releases,New Releases Women Sandals,13,"CUSHIONAIRE Tory Strappy Flat Sandals for Women, Toe Ring Sandals with Adjustable Buckle Ankle Strap, Wrap Style",,3.9,$39.98,,,,,,https://www.amazon.com/CUSHIONAIRE-Strappy-Sandals-Adjustable-Buckle/dp/B0H37VX1HV/ref=zg_bsnr_g_679425011_d_sccl_13/132-0879092-8811422?psc=1,"https://images-na.ssl-images-amazon.com/images/I/71SowjTI++L._AC_UL600_SR600,400_.jpg",35,排名进入前30。
2026-07-19,amazon_us,product,new_releases,New Releases Women Sandals,20,CUSHIONAIRE Riot Jelly Thong Kitten Heels for Women,,,$39.99,,,,,,https://www.amazon.com/CUSHIONAIRE-Jelly-Thong-Kitten-CHOCOLATE/dp/B0H6C2T8B3/ref=zg_bsnr_g_679425011_d_sccl_20/132-0879092-8811422?psc=1,"https://images-na.ssl-images-amazon.com/images/I/71cl7MmlX-L._AC_UL600_SR600,400_.jpg",35,排名进入前30。
2026-07-19,amazon_us,product,search,platform sandals women,37,Erocalli,¥143.93,3.9,Erocalli,,,,,,https://www.amazon.com/Erocalli-Platform-Sandals-Espadrille-Comfortable/dp/B0H4GCQCMZ/ref=sr_1_24?dib=eyJ2IjoiMSJ9.3zo6vUgTuNV2_oDBDGXaTRy6K1aDbG3D76D66ZkfndqhShfGe6AEqdQUye1k-95rw9sZsn4b80hgKx8cIPz8O65s-Rc6bLRinfgiB8z1VA61AkHvoFMSha5lcU2jJUMFtajIyKcTmcQ0AF92ZNlPaI73AbyVCgBCfgi6WcZ9jM6Ff07y8CTz5C_JbP6nkMEZB0rIKtWaTAowjA0rg5rUNKS7JBw8zYHQzVPbyOpZlU90aS9ZATwwSMHon7DqQH59POmzotYqsVmA2w7_c84LcBKp4abpK9_gVwgjPc4y3Dw.PBUlsJ0o4_3WfKPbpxWqli-e7YW0PhS59u6Fip17DWE&dib_tag=se&keywords=platform+sandals+women&qid=1784434853&sr=8-24,https://m.media-amazon.com/images/I/81Z6XbIYInL._AC_UL320_.jpg,35,排名进入前50；价格处于人民币等值¥57.60-¥180.00黄金区间。
2026-07-19,amazon_us,product,search,women slides,45,Shoe'N Tale,¥280.73,4.2,Shoe'N Tale,,,,,,https://www.amazon.com/sspa/click?ie=UTF8&spc=MToyNDM2NDQwODAyNTM0ODExOjE3ODQ0MzQ4NTM6c3BfbXRmOjIwMDEzNzEyNzMyMDE5ODo6MDo6&url=%2FShoeN-Tale-Heeled-Sandals-Square%2Fdp%2FB0BRHRX3D5%2Fref%3Dsr_1_21_sspa%3Fdib%3DeyJ2IjoiMSJ9.RrPumS3Ni8XWS9mPWZVEoM68tCRiXv-6Rmzdh4DjH1MzGv4H7NoifoMiv2JYov8uyHyBuyhKhKHWyH9mKEi1UE5sGOm_0aOXq-0ygN6ZYTTvSzasNotLuoU65jOATHNlH8xfpT749HChbKPgH36AE2xVTukRV5NC8LLzt18j_v04RmaPbp-_xzrpx5TjkmVaG_kRSGifN6biX7yQ1IcriBltl7RpjS6tIHzX3wJ_1YWLAAibnGYxJ8Cp8aNg0llJZtUFJhUr2ziEj6FtIT4w0gbbnWZRuoYe0C_NA1TLzW0.S-7JH4lrisMoi9MvyYBsBRiW3iQpoTXLM8ervMd5NXY%26dib_tag%3Dse%26keywords%3Dwomen%2Bslides%26qid%3D1784434853%26sr%3D8-21-spons%26sp_csd%3Dd2lkZ2V0TmFtZT1zcF9tdGY%26psc%3D1,https://m.media-amazon.com/images/I/517S-4CywbL._AC_UL320_.jpg,34,排名进入前50；价格处于人民币等值¥180.00-¥288.00区间；评分达到4.0以上。
2026-07-19,amazon_us,product,search,platform sandals women,32,EQAUDES,¥220.61,4.2,EQAUDES,,,,,,https://www.amazon.com/EQAUDES-Platform-Espadrille-Sandals-Flatform/dp/B0C6XLWPN9/ref=sr_1_19?dib=eyJ2IjoiMSJ9.3zo6vUgTuNV2_oDBDGXaTRy6K1aDbG3D76D66ZkfndqhShfGe6AEqdQUye1k-95rw9sZsn4b80hgKx8cIPz8O65s-Rc6bLRinfgiB8z1VA61AkHvoFMSha5lcU2jJUMFtajIyKcTmcQ0AF92ZNlPaI73AbyVCgBCfgi6WcZ9jM6Ff07y8CTz5C_JbP6nkMEZB0rIKtWaTAowjA0rg5rUNKS7JBw8zYHQzVPbyOpZlU90aS9ZATwwSMHon7DqQH59POmzotYqsVmA2w7_c84LcBKp4abpK9_gVwgjPc4y3Dw.PBUlsJ0o4_3WfKPbpxWqli-e7YW0PhS59u6Fip17DWE&dib_tag=se&keywords=platform+sandals+women&qid=1784434853&sr=8-19,https://m.media-amazon.com/images/I/81juIfWU4pL._AC_UL320_.jpg,34,排名进入前50；价格处于人民币等值¥180.00-¥288.00区间；评分达到4.0以上。
2026-07-19,amazon_us,product,search,platform sandals women,36,Lovee Cosee,¥273.53,4.1,Lovee Cosee,,,,,,https://www.amazon.com/Lovee-Cosee-Lightweight-Comfortable-Essentials/dp/B0F1MYF4FQ/ref=sr_1_23?dib=eyJ2IjoiMSJ9.3zo6vUgTuNV2_oDBDGXaTRy6K1aDbG3D76D66ZkfndqhShfGe6AEqdQUye1k-95rw9sZsn4b80hgKx8cIPz8O65s-Rc6bLRinfgiB8z1VA61AkHvoFMSha5lcU2jJUMFtajIyKcTmcQ0AF92ZNlPaI73AbyVCgBCfgi6WcZ9jM6Ff07y8CTz5C_JbP6nkMEZB0rIKtWaTAowjA0rg5rUNKS7JBw8zYHQzVPbyOpZlU90aS9ZATwwSMHon7DqQH59POmzotYqsVmA2w7_c84LcBKp4abpK9_gVwgjPc4y3Dw.PBUlsJ0o4_3WfKPbpxWqli-e7YW0PhS59u6Fip17DWE&dib_tag=se&keywords=platform+sandals+women&qid=1784434853&sr=8-23,https://m.media-amazon.com/images/I/71tL3Y0loaL._AC_UL320_.jpg,34,排名进入前50；价格处于人民币等值¥180.00-¥288.00区间；评分达到4.0以上。
2026-07-19,amazon_us,product,search,platform sandals women,40,Coutgo,¥266.26,4.1,Coutgo,,,,,,https://www.amazon.com/Coutgo-Womens-Platform-Sandals-Espadrilles/dp/B0DJVQ5L69/ref=sr_1_27?dib=eyJ2IjoiMSJ9.3zo6vUgTuNV2_oDBDGXaTRy6K1aDbG3D76D66ZkfndqhShfGe6AEqdQUye1k-95rw9sZsn4b80hgKx8cIPz8O65s-Rc6bLRinfgiB8z1VA61AkHvoFMSha5lcU2jJUMFtajIyKcTmcQ0AF92ZNlPaI73AbyVCgBCfgi6WcZ9jM6Ff07y8CTz5C_JbP6nkMEZB0rIKtWaTAowjA0rg5rUNKS7JBw8zYHQzVPbyOpZlU90aS9ZATwwSMHon7DqQH59POmzotYqsVmA2w7_c84LcBKp4abpK9_gVwgjPc4y3Dw.PBUlsJ0o4_3WfKPbpxWqli-e7YW0PhS59u6Fip17DWE&dib_tag=se&keywords=platform+sandals+women&qid=1784434853&sr=8-27,https://m.media-amazon.com/images/I/71969BHDGrL._AC_UL320_.jpg,34,排名进入前50；价格处于人民币等值¥180.00-¥288.00区间；评分达到4.0以上。
2026-07-19,amazon_us,product,best_sellers,Best Sellers Women Sandals,46,SKETOE Women Square Toe Leather Flip Flops Lightweight Flat Thong Sandals Summer Vacation Dressy Comfort Slides,,4.2,$9.98,,,,,,https://www.amazon.com/SKETOE-Comfortable-Lightweight-Vacation-Essentials/dp/B0F3D7SK4Q/ref=zg_bs_g_679425011_d_sccl_46/146-4952585-1525954?psc=1,"https://images-na.ssl-images-amazon.com/images/I/71y8BI4F1xL._AC_UL300_SR300,200_.jpg",33,排名进入前50；标题包含 comfort、summer，符合美国女鞋舒适化趋势；评分达到4.0以上。
2026-07-19,amazon_us,product,new_releases,New Releases Women Sandals,33,STQ Women‘s Flip-flop Non Slip Comfortable Yoga-Mat Thong Sandals for Outdoor,,4.3,$8.99,,,,,,https://www.amazon.com/STQ-Flip-Flops-Orthopedic-Fasciitis/dp/B0GVSFXW5R/ref=zg_bsnr_g_679425011_d_sccl_33/146-4952585-1525954?psc=1,"https://images-na.ssl-images-amazon.com/images/I/61lQQe08nWL._AC_UL300_SR300,200_.jpg",33,排名进入前50；标题包含 comfort，符合美国女鞋舒适化趋势；评分达到4.3以上。
2026-07-19,amazon_us,product,search,platform sandals women,47,Teva,¥467.78,4.6,Teva,,,,,,https://www.amazon.com/Teva-Womens-Flatform-Universal-Platform/dp/B00KXD9RDA/ref=sr_1_34?dib=eyJ2IjoiMSJ9.3zo6vUgTuNV2_oDBDGXaTRy6K1aDbG3D76D66ZkfndqhShfGe6AEqdQUye1k-95rw9sZsn4b80hgKx8cIPz8O65s-Rc6bLRinfgiB8z1VA61AkHvoFMSha5lcU2jJUMFtajIyKcTmcQ0AF92ZNlPaI73AbyVCgBCfgi6WcZ9jM6Ff07y8CTz5C_JbP6nkMEZB0rIKtWaTAowjA0rg5rUNKS7JBw8zYHQzVPbyOpZlU90aS9ZATwwSMHon7DqQH59POmzotYqsVmA2w7_c84LcBKp4abpK9_gVwgjPc4y3Dw.PBUlsJ0o4_3WfKPbpxWqli-e7YW0PhS59u6Fip17DWE&dib_tag=se&keywords=platform+sandals+women&qid=1784434853&sr=8-34,https://m.media-amazon.com/images/I/51hzsC5dKSL._AC_UL320_.jpg,33,排名进入前50；价格高于人民币等值¥288.00；评分达到4.6以上。
2026-07-19,amazon_us,product,new_releases,New Releases Women Sandals,38,Cape Robbin Women's Platform Sandals Chunky Block Heel - Slip On Elastic Band Round Open Toe Heeled Sandals - 4.5 Inch Dressy Platform Heels for Women (Echoya),,4.1,$44.90,,,,,,https://www.amazon.com/Cape-Robbin-Platform-Sandals-Echoya/dp/B0GS5HHKPT/ref=zg_bsnr_g_679425011_d_sccl_38/146-4952585-1525954?psc=1,"https://images-na.ssl-images-amazon.com/images/I/71Q8Q6UyVCL._AC_UL300_SR300,200_.jpg",32,排名进入前50；标题包含 platform，符合美国女鞋舒适化趋势；评分达到4.0以上。
2026-07-19,amazon_us,product,new_releases,New Releases Women Sandals,42,"CUSHIONAIRE Fuse Chunky Womens Sandals with Double Buckle Straps and Durable Lug Sole, Casual Platform Sandals Women Footwear",,4.0,$44.98,,,,,,https://www.amazon.com/CUSHIONAIRE-Sandals-Platform-Footwear-TORTOISE/dp/B0H42DJLNP/ref=zg_bsnr_g_679425011_d_sccl_42/146-4952585-1525954?psc=1,"https://images-na.ssl-images-amazon.com/images/I/81J+-tsF-qL._AC_UL300_SR300,200_.jpg",32,排名进入前50；标题包含 platform，符合美国女鞋舒适化趋势；评分达到4.0以上。
2026-07-19,amazon_us,product,new_releases,New Releases Women Sandals,32,OMGard Studded Jelly Shoes for Womens Bow Flip Flops Jellies Sandals Flat Black Summer Beach Thong with Rivets Strappy Slides Slip On,,4.1,$15.99,,,,,,https://www.amazon.com/OMGard-Sandals-Womens-Jelly-Slippers/dp/B0GY4D2T7B/ref=zg_bsnr_g_679425011_d_sccl_32/146-4952585-1525954?psc=1,"https://images-na.ssl-images-amazon.com/images/I/61cW2uIvj+L._AC_UL300_SR300,200_.jpg",30,排名进入前50；标题包含 beach、summer，符合美国女鞋舒适化趋势；评分达到4.0以上。
2026-07-19,amazon_us,product,new_releases,New Releases Women Sandals,36,"DREAM PAIRS Women's Kitten Low Heels with Square Open Toe Heeled Sandals, Comfortable Strappy Ankle Shoes for Women 2026 Fashion Dress Party Shoes",,4.2,$35.14,,,,,,https://www.amazon.com/DREAM-PAIRS-Sandals-Comfortable-SDHS26030W/dp/B0GY3QTZY6/ref=zg_bsnr_g_679425011_d_sccl_36/146-4952585-1525954?psc=1,"https://images-na.ssl-images-amazon.com/images/I/61n6gngVKOL._AC_UL300_SR300,200_.jpg",30,排名进入前50；标题包含 comfort，符合美国女鞋舒适化趋势；评分达到4.0以上。
2026-07-19,amazon_us,product,new_releases,New Releases Women Sandals,37,adidas Unisex Adult Adissage 360rec Sandal,,4.6,$19.77,,,,,,https://www.amazon.com/adidas-Unisex-Adissage-360Rec-Sandal/dp/B0F4TFFRHC/ref=zg_bsnr_g_679425011_d_sccl_37/146-4952585-1525954?psc=1,"https://images-na.ssl-images-amazon.com/images/I/51+JktV+LPL._AC_UL300_SR300,200_.jpg",30,排名进入前50；评分达到4.6以上。
2026-07-19,amazon_us,product,search,platform sandals women,38,REEF,¥575.64,4.4,REEF,,,,,,https://www.amazon.com/REEF-Higher-Womens-Platform-Adjustable/dp/B0D9HYMNMN/ref=sr_1_25?dib=eyJ2IjoiMSJ9.3zo6vUgTuNV2_oDBDGXaTRy6K1aDbG3D76D66ZkfndqhShfGe6AEqdQUye1k-95rw9sZsn4b80hgKx8cIPz8O65s-Rc6bLRinfgiB8z1VA61AkHvoFMSha5lcU2jJUMFtajIyKcTmcQ0AF92ZNlPaI73AbyVCgBCfgi6WcZ9jM6Ff07y8CTz5C_JbP6nkMEZB0rIKtWaTAowjA0rg5rUNKS7JBw8zYHQzVPbyOpZlU90aS9ZATwwSMHon7DqQH59POmzotYqsVmA2w7_c84LcBKp4abpK9_gVwgjPc4y3Dw.PBUlsJ0o4_3WfKPbpxWqli-e7YW0PhS59u6Fip17DWE&dib_tag=se&keywords=platform+sandals+women&qid=1784434853&sr=8-25,https://m.media-amazon.com/images/I/51WBYuiSZiL._AC_UL320_.jpg,30,排名进入前50；价格高于人民币等值¥288.00；评分达到4.3以上。
2026-07-19,amazon_us,product,search,platform sandals women,46,VICKI·VICKI,¥302.69,4.4,VICKI·VICKI,,,,,,https://www.amazon.com/VICKI%C2%B7VICKI-Womens-Platform-Sandals-Wedge/dp/B08B4VCB7H/ref=sr_1_33?dib=eyJ2IjoiMSJ9.3zo6vUgTuNV2_oDBDGXaTRy6K1aDbG3D76D66ZkfndqhShfGe6AEqdQUye1k-95rw9sZsn4b80hgKx8cIPz8O65s-Rc6bLRinfgiB8z1VA61AkHvoFMSha5lcU2jJUMFtajIyKcTmcQ0AF92ZNlPaI73AbyVCgBCfgi6WcZ9jM6Ff07y8CTz5C_JbP6nkMEZB0rIKtWaTAowjA0rg5rUNKS7JBw8zYHQzVPbyOpZlU90aS9ZATwwSMHon7DqQH59POmzotYqsVmA2w7_c84LcBKp4abpK9_gVwgjPc4y3Dw.PBUlsJ0o4_3WfKPbpxWqli-e7YW0PhS59u6Fip17DWE&dib_tag=se&keywords=platform+sandals+women&qid=1784434853&sr=8-33,https://m.media-amazon.com/images/I/51Q0yOuTnXL._AC_UL320_.jpg,30,排名进入前50；价格高于人民币等值¥288.00；评分达到4.3以上。
2026-07-19,amazon_us,product,best_sellers,Best Sellers Women Sandals,34,REEF Women's Cushion Breeze Flip Flops,,4.4,$31.49,,,,,,https://www.amazon.com/Reef-Womens-Cushion-Breeze-Sandal/dp/B00K2OKHSO/ref=zg_bs_g_679425011_d_sccl_34/146-4952585-1525954?psc=1,"https://images-na.ssl-images-amazon.com/images/I/51nldLdIx5L._AC_UL300_SR300,200_.jpg",27,排名进入前50；评分达到4.3以上。
2026-07-19,amazon_us,product,best_sellers,Best Sellers Women Sandals,38,REEF Womens Bliss Nights Flip Flop,,4.3,$34.99,,,,,,https://www.amazon.com/Reef-Womens-Bliss-Nights-Flip-Flop/dp/B01GQO5292/ref=zg_bs_g_679425011_d_sccl_38/146-4952585-1525954?psc=1,"https://images-na.ssl-images-amazon.com/images/I/51QnLKsP3vL._AC_UL300_SR300,200_.jpg",27,排名进入前50；评分达到4.3以上。
2026-07-19,amazon_us,product,best_sellers,Best Sellers Women Sandals,44,Ankis Heels for Women Open Toe Ankle Strap Chunky Heel Sandals 2.75 Inch,,4.4,$29.99,,,,,,https://www.amazon.com/Ankis-Nude-Heels-Women-numeric_8/dp/B094CTB3TY/ref=zg_bs_g_679425011_d_sccl_44/146-4952585-1525954?psc=1,"https://images-na.ssl-images-amazon.com/images/I/71dUhT7TubL._AC_UL300_SR300,200_.jpg",27,排名进入前50；评分达到4.3以上。
2026-07-19,amazon_us,product,search,women slides,46,Ortho+rest,¥317.45,4.2,Ortho+rest,,,,,,https://www.amazon.com/sspa/click?ie=UTF8&spc=MToyNDM2NDQwODAyNTM0ODExOjE3ODQ0MzQ4NTM6c3BfbXRmOjMwMDY1NDA1MTc5NjIwMjo6MDo6&url=%2FOrtho-rest-Support-Orthotic-Orthopedic%2Fdp%2FB0CS911GXY%2Fref%3Dsr_1_22_sspa%3Fdib%3DeyJ2IjoiMSJ9.RrPumS3Ni8XWS9mPWZVEoM68tCRiXv-6Rmzdh4DjH1MzGv4H7NoifoMiv2JYov8uyHyBuyhKhKHWyH9mKEi1UE5sGOm_0aOXq-0ygN6ZYTTvSzasNotLuoU65jOATHNlH8xfpT749HChbKPgH36AE2xVTukRV5NC8LLzt18j_v04RmaPbp-_xzrpx5TjkmVaG_kRSGifN6biX7yQ1IcriBltl7RpjS6tIHzX3wJ_1YWLAAibnGYxJ8Cp8aNg0llJZtUFJhUr2ziEj6FtIT4w0gbbnWZRuoYe0C_NA1TLzW0.S-7JH4lrisMoi9MvyYBsBRiW3iQpoTXLM8ervMd5NXY%26dib_tag%3Dse%26keywords%3Dwomen%2Bslides%26qid%3D1784434853%26sr%3D8-22-spons%26sp_csd%3Dd2lkZ2V0TmFtZT1zcF9tdGY%26psc%3D1,https://m.media-amazon.com/images/I/61JeY2w-9mL._AC_UL320_.jpg,27,排名进入前50；价格高于人民币等值¥288.00；评分达到4.0以上。
2026-07-19,amazon_us,product,best_sellers,Best Sellers Women Sandals,40,"CUSHIONAIRE Java Casual Womens Jelly Flats with Adjustable Strap, Closed Toe Mary Janes Mule Design, Waterproof Jelly Sandals for Women",,4.2,$34.98,,,,,,https://www.amazon.com/CUSHIONAIRE-Adjustable-Waterproof-Sandals-CHOCOLATE/dp/B0H4MLLC32/ref=zg_bs_g_679425011_d_sccl_40/146-4952585-1525954?psc=1,"https://images-na.ssl-images-amazon.com/images/I/81iCqxPUX6L._AC_UL300_SR300,200_.jpg",24,排名进入前50；评分达到4.0以上。
2026-07-19,amazon_us,product,best_sellers,Best Sellers Women Sandals,43,LULLASONG Women's Kitten Heels Sandals Square Open Toe Flip Flop Heels 1.8-2 Inch Heeled Sandals for Women,,4.2,$35.99,,,,,,https://www.amazon.com/LULLASONG-Womens-Kitten-Sandals-Square/dp/B0DCFDVK4J/ref=zg_bs_g_679425011_d_sccl_43/146-4952585-1525954?psc=1,"https://images-na.ssl-images-amazon.com/images/I/61kR3XJOZDL._AC_UL300_SR300,200_.jpg",24,排名进入前50；评分达到4.0以上。
2026-07-19,amazon_us,product,search,platform sandals women,41,Madden Girl,¥393.98,3.9,Madden Girl,,,,,,https://www.amazon.com/Madden-Girl-Womens-Mythicall-Natural/dp/B0CNKPC4Y5/ref=sr_1_28?dib=eyJ2IjoiMSJ9.3zo6vUgTuNV2_oDBDGXaTRy6K1aDbG3D76D66ZkfndqhShfGe6AEqdQUye1k-95rw9sZsn4b80hgKx8cIPz8O65s-Rc6bLRinfgiB8z1VA61AkHvoFMSha5lcU2jJUMFtajIyKcTmcQ0AF92ZNlPaI73AbyVCgBCfgi6WcZ9jM6Ff07y8CTz5C_JbP6nkMEZB0rIKtWaTAowjA0rg5rUNKS7JBw8zYHQzVPbyOpZlU90aS9ZATwwSMHon7DqQH59POmzotYqsVmA2w7_c84LcBKp4abpK9_gVwgjPc4y3Dw.PBUlsJ0o4_3WfKPbpxWqli-e7YW0PhS59u6Fip17DWE&dib_tag=se&keywords=platform+sandals+women&qid=1784434853&sr=8-28,https://m.media-amazon.com/images/I/71SNHrdlHML._AC_UL320_.jpg,23,排名进入前50；价格高于人民币等值¥288.00。
2026-07-19,amazon_us,product,new_releases,New Releases Women Sandals,31,"CUSHIONAIRE Titan Square Toe Flip Flops for Women, Dressy Slip On Flat Womens Sandals with Cushioned Footbed",,3.8,$39.99,,,,,,https://www.amazon.com/CUSHIONAIRE-Sandals-Cushioned-Footbed-TORTOISE/dp/B0H2WR546B/ref=zg_bsnr_g_679425011_d_sccl_31/146-4952585-1525954?psc=1,"https://images-na.ssl-images-amazon.com/images/I/71vL4TDR7VL._AC_UL300_SR300,200_.jpg",20,排名进入前50。
2026-07-19,amazon_us,product,search,women slides,34,4.0,,,4.0,,,,,,https://aax-us-east-retail-direct.amazon.com/x/c/JJM6UgRiW0jyljilKFg9Uc4AAAGfeJsIawEAAAH2AQBvbm9fdHhuX2JpZDcgICBvbm9fdHhuX2ltcDIgICAkvqvP/clv1c_ek-wBPHXLUbXDkeL8b9Jb4J6o5kEu1Ex3k_0sd7fvIibga5nGtKjj3D3Rnjk3vMlx4oXJ-5wFTBc0hLTUIgN3e08p05FCBSa3ke9_ouZIULWkzJnP6Wt6b1IB_l10tIw2BEv3hV2wBZCzkE4XZZtGzk7MbnE1lblrvTwyVerzd7XWSgbDtjNTGyYNENfmei7kxobJpCzjJHW3u_HB9jhcyeeGP9f7MyWHa5linOPuxasu1Z9z6xW_Ef7HRIfZleJhVJw4OJ8W7rdjjHFwBw9OKN6dqs_fIOKulrtCKRQiLeFw927z_Em0lRF3yfRkCJK9lg--ly-Vk4-uQIIAxxI3dnwABExSnrCuy04QXqg3CoM5XzJwYVZSvptzuamQUZTY_ALtS0IMeYtYKu0s18PE3f8dEnj5RqAfNUeekD0-w7K9LjABwfC2tziHryMdVsNT4IE7-PZUaHm9TxRIRL1PdMeK2ZnehWs-inDPMK2R69nHIxMSGKssNYyG2LDjdWk4dF4k_wZ3Edpk9rnhXYMIEToGupX1SPKoHsGuF6a8PMTHyAT_h35_xwCqg0D7CiBboyei-HZYpHQQ-RFMUGDWBVa86ySsavy9LnWCCUYm7HGR9uwuWjMWBdpLLmWm-q6cmCZi_3c9PNo78EKiwgEh6ZjoXF2nR1BDsKRGXPx6s9E4VqvlScbH7JW-Yav0xna0cpIeTw5jKXXALHqlwKuv5fzxeB1y4Hc0QMdWSAuvF71I_j6JrxfLtwGxfP4t_NzeqS7pWZRgcnI82USVG3rczyob93T53FnHm5nXnS8DTeaA9-Cx4Usn2rtqIjc-266RyTVUXACj4kkYh1iKY-zBCRTljz8_32SDBNVACvdfFMK8dujVld6t3OfWV-ZK8crKzCUX4clYWep3mLIS6p74jzO2dgxwhkVEdfE0sIuXnpfEDJg6ZgIQ1819ySvt6TD-cwPIj-EhAPjjUDWhovKJelLDRCLrQaQ_aZJAbSUd3YAzadHXr5pFAVJLukG2gD_KE95Dop-NDk8HkYNIiEQeBH-ttFZMZJt5gabraUzSmDjkLBmMurpqzog-L_Lb2cJNqiqRrWFrGGO9aNJOy7x4KHvqEpUt7a1ytF-r-7tUf5Ktg3QW4cFhX-7ijZpnnmbONQ6PXADGwsdquxnSlDEy2r7DTgg6tc5Ld0nNC_jWa1f0nesvtCbU7kRyWIYsMBh4b-hwSi5h5oIeyjJ-MXTIb4dKiXuSC5oOJ24oMn_4itemSxopaP0yvMkBPHJ-1hIbeAiS7b-kChDR043UjgiQX1ZC0wS2va3VPrv37gheWBtGEkg0IyXHPQFq0JffiQPGVJWzU8t87y8uaE77Hu-OiarclHG95EvamLg6tsgZP6Bo8EGFxhQeMeACeKnX9ajnQquPQiGm16Tu50waCJQ3LWDYJb_2RB_e7jkKrQMuFVoP88MER98QUMk-_d0xnkv696Afa_mWMh_nMGUlaBvoy-CTlXtCjpDGijvF-uZnkViB4nEGhVv3CdCI4dh_84cPR2mCfbkIW8CGlOXD5r0AmV1dBT0qqJfr_UMWrOOcsPp0PA5songgUwmDs5ktlZ6ipB4DONyBZTvyW5gGdXLE7EkAGvpEanZye9tK2ldE1_r6tQ_8DXlQnrnKh4S8spEhzZWKJFWwvzBMPYRIo3HJz2dsZB2skHrBib4ZvbZ4Caqv0yvHnzLEex_EbW3EMqPh4pajMNp1A0x2rORMT8/https://www.amazon.com/dp/B0DQ6G7GMB/?_encoding=UTF8&pd_rd_i=B0DQ6G7GMB&ref_=sbx_be_s_sparkle_ssd_img&qid=1784434853&pd_rd_w=BYoxR&content-id=amzn1.sym.f080d48e-a8e8-4344-8f76-e4fe27e7b530%3Aamzn1.sym.f080d48e-a8e8-4344-8f76-e4fe27e7b530&pf_rd_p=f080d48e-a8e8-4344-8f76-e4fe27e7b530&pf_rd_r=W258SB3EGNMTX2VV2WJM&pd_rd_wg=OjfmL&pd_rd_r=b379a46b-9dd5-47a4-9625-9c0229415097&pd_rd_plhdr=t,"https://m.media-amazon.com/images/I/51ezkA+-okL._AC_SR250,250_QL65_.jpg",20,排名进入前50。
2026-07-19,amazon_us,product,search,women slides,35,4.3,,,4.3,,,,,,https://aax-us-east-retail-direct.amazon.com/x/c/JJM6UgRiW0jyljilKFg9Uc4AAAGfeJsIawEAAAH2AQBvbm9fdHhuX2JpZDcgICBvbm9fdHhuX2ltcDIgICAkvqvP/clv1c_ek-wBPHXLUbXDkeL8b9Jb4J6o5kEu1Ex3k_0sd7fvIibga5nGtKjj3D3Rnjk3vMlx4oXJ-5wFTBc0hLTUIgN3e08p05FCBSa3ke9_ouZIULWkzJnP6Wt6b1IB_l10tIw2BEv3hV2wBZCzkE4XZZtGzk7MbnE1lblrvTwyVerzd7XWSgbDtjNTGyYNENfmei7kxobJpCzjJHW3u_HB9jhcyeeGP9f7MyWHa5linOPuxasu1Z9z6xW_Ef7HRIfZleJhVJw4OJ8W7rdjjHFwBw9OKN6dqs_fIOKulrtCKRQiLeFw927z_Em0lRF3yfRkCJK9lg--ly-Vk4-uQIIAxxI3dnwABExSnrCuy04QXqg3CoM5XzJwYVZSvptzuamQUZTY_ALtS0IMeYtYKu0s18PE3f8dEnj5RqAfNUeekD0-w7K9LjABwfC2tziHryMdVsNT4IE7-PZUaHm9TxRIRL1PdMeK2ZnehWs-inDPMK2R69nHIxMSGKssNYyG2LDjdWk4dF4k_wZ3Edpk9rnhXYMIEToGupX1SPKoHsGuF6a8PMTHyAT_h35_xwCqg0D7CiBboyei-HZYpHQQ-RFMUGDWBVa86ySsavy9LnWCCUYm7HGR9uwuWjMWBdpLLmWm-q6cmCZi_3c9PNo78EKiwgEh6ZjoXF2nR1BDsKRGXPx6s9E4VqvlScbH7JW-Yav0xna0cpIeTw5jKXXALHqlwKuv5fzxeB1y4Hc0QMdWSAuvF71I_j6JrxfLtwGxfP4t_NzeqS7pWZRgcnI82USVG3rczyob93T53FnHm5nXnS8DTeaA9-Cx4Usn2rtqIjc-266RyTVUXACj4kkYh1iKY-zBCRTljz8_32SDBNVACvdfFMK8dujVld6t3OfWV-ZK8crKzCUX4clYWep3mLIS6p74jzO2dgxwhkVEdfE0sIuXnpfEDJg6ZgIQ1819ySvt6TD-cwPIj-EhAPjjUDWhovKJelLDRCLrQaQ_aZJAbSUd3YAzadHXr5pFAVJLukG2gD_KE95Dop-NDk8HkYNIiEQeBH-ttFZMZJt5gabraUzSmDjkLBmMurpqzog-L_Lb2cJNqiqRrWFrGGO9aNJOy7x4KHvqEpUt7a1ytF-r-7tUf5Ktg3QW4cFhX-7ijZpnnmbONQ6PXADGwsdquxnSlDEy2r7DTgg6tc5Ld0nNC_jWa1f0nesvtCbU7kRyWIYsMBh4b-hwSi5h5oIeyjJ-MXTIb4dKiXuSC5oOJ24oMn_4itemSxopaP0yvMkBPHJ-1hIbeAiS7b-kChDR043UjgiQX1ZC0wS2va3VPrv37gheWBtGEkg0IyXHPQFq0JffiQPGVJWzU8t87y8uaE77Hu-OiarclHG95EvamLg6tsgZP6Bo8EGFxhQeMeACeKnX9ajnQquPQiGm16Tu50waCJQ3LWDYJb_2RB_e7jkKrQMuFVoP88MER98QUMk-_d0xnkv696Afa_mWMh_nMGUlaBvoy-CTlXtCjpDGijvF-uZnkViB4nEGhVv3CdCI4dh_84cPR2mCfbkIW8CGlOXD5r0AmV1dBT0qqJfr_UMWrOOcsPp0PA5songgUwmDs5ktlZ6ipB4DONyBZTvyW5gGdXLE7EkAGvpEanZye9tK2ldE1_r6tQ_8DXlQnrnKh4S8spEhzZWKJFWwvzBMPYRIo3HJz2dsZB2skHrBib4ZvbZ4Caqv0yvHnzLEex_EbW3EMqPh4pajMNp1A0x2rORMT8/https://www.amazon.com/dp/B0CQ78VLW9/?_encoding=UTF8&pd_rd_i=B0CQ78VLW9&ref_=sbx_be_s_sparkle_ssd_img&qid=1784434853&pd_rd_w=BYoxR&content-id=amzn1.sym.f080d48e-a8e8-4344-8f76-e4fe27e7b530%3Aamzn1.sym.f080d48e-a8e8-4344-8f76-e4fe27e7b530&pf_rd_p=f080d48e-a8e8-4344-8f76-e4fe27e7b530&pf_rd_r=W258SB3EGNMTX2VV2WJM&pd_rd_wg=OjfmL&pd_rd_r=b379a46b-9dd5-47a4-9625-9c0229415097&pd_rd_plhdr=t,"https://m.media-amazon.com/images/I/41U4evZfdbL._AC_SR250,250_QL65_.jpg",20,排名进入前50。
2026-07-19,amazon_us,product,search,women slides,36,4.3,,,4.3,,,,,,https://aax-us-east-retail-direct.amazon.com/x/c/JJM6UgRiW0jyljilKFg9Uc4AAAGfeJsIawEAAAH2AQBvbm9fdHhuX2JpZDcgICBvbm9fdHhuX2ltcDIgICAkvqvP/clv1c_ek-wBPHXLUbXDkeL8b9Jb4J6o5kEu1Ex3k_0sd7fvIibga5nGtKjj3D3Rnjk3vMlx4oXJ-5wFTBc0hLTUIgN3e08p05FCBSa3ke9_ouZIULWkzJnP6Wt6b1IB_l10tIw2BEv3hV2wBZCzkE4XZZtGzk7MbnE1lblrvTwyVerzd7XWSgbDtjNTGyYNENfmei7kxobJpCzjJHW3u_HB9jhcyeeGP9f7MyWHa5linOPuxasu1Z9z6xW_Ef7HRIfZleJhVJw4OJ8W7rdjjHFwBw9OKN6dqs_fIOKulrtCKRQiLeFw927z_Em0lRF3yfRkCJK9lg--ly-Vk4-uQIIAxxI3dnwABExSnrCuy04QXqg3CoM5XzJwYVZSvptzuamQUZTY_ALtS0IMeYtYKu0s18PE3f8dEnj5RqAfNUeekD0-w7K9LjABwfC2tziHryMdVsNT4IE7-PZUaHm9TxRIRL1PdMeK2ZnehWs-inDPMK2R69nHIxMSGKssNYyG2LDjdWk4dF4k_wZ3Edpk9rnhXYMIEToGupX1SPKoHsGuF6a8PMTHyAT_h35_xwCqg0D7CiBboyei-HZYpHQQ-RFMUGDWBVa86ySsavy9LnWCCUYm7HGR9uwuWjMWBdpLLmWm-q6cmCZi_3c9PNo78EKiwgEh6ZjoXF2nR1BDsKRGXPx6s9E4VqvlScbH7JW-Yav0xna0cpIeTw5jKXXALHqlwKuv5fzxeB1y4Hc0QMdWSAuvF71I_j6JrxfLtwGxfP4t_NzeqS7pWZRgcnI82USVG3rczyob93T53FnHm5nXnS8DTeaA9-Cx4Usn2rtqIjc-266RyTVUXACj4kkYh1iKY-zBCRTljz8_32SDBNVACvdfFMK8dujVld6t3OfWV-ZK8crKzCUX4clYWep3mLIS6p74jzO2dgxwhkVEdfE0sIuXnpfEDJg6ZgIQ1819ySvt6TD-cwPIj-EhAPjjUDWhovKJelLDRCLrQaQ_aZJAbSUd3YAzadHXr5pFAVJLukG2gD_KE95Dop-NDk8HkYNIiEQeBH-ttFZMZJt5gabraUzSmDjkLBmMurpqzog-L_Lb2cJNqiqRrWFrGGO9aNJOy7x4KHvqEpUt7a1ytF-r-7tUf5Ktg3QW4cFhX-7ijZpnnmbONQ6PXADGwsdquxnSlDEy2r7DTgg6tc5Ld0nNC_jWa1f0nesvtCbU7kRyWIYsMBh4b-hwSi5h5oIeyjJ-MXTIb4dKiXuSC5oOJ24oMn_4itemSxopaP0yvMkBPHJ-1hIbeAiS7b-kChDR043UjgiQX1ZC0wS2va3VPrv37gheWBtGEkg0IyXHPQFq0JffiQPGVJWzU8t87y8uaE77Hu-OiarclHG95EvamLg6tsgZP6Bo8EGFxhQeMeACeKnX9ajnQquPQiGm16Tu50waCJQ3LWDYJb_2RB_e7jkKrQMuFVoP88MER98QUMk-_d0xnkv696Afa_mWMh_nMGUlaBvoy-CTlXtCjpDGijvF-uZnkViB4nEGhVv3CdCI4dh_84cPR2mCfbkIW8CGlOXD5r0AmV1dBT0qqJfr_UMWrOOcsPp0PA5songgUwmDs5ktlZ6ipB4DONyBZTvyW5gGdXLE7EkAGvpEanZye9tK2ldE1_r6tQ_8DXlQnrnKh4S8spEhzZWKJFWwvzBMPYRIo3HJz2dsZB2skHrBib4ZvbZ4Caqv0yvHnzLEex_EbW3EMqPh4pajMNp1A0x2rORMT8/https://www.amazon.com/dp/B0D2DY9ZPR/?_encoding=UTF8&pd_rd_i=B0D2DY9ZPR&ref_=sbx_be_s_sparkle_ssd_img&qid=1784434853&pd_rd_w=BYoxR&content-id=amzn1.sym.f080d48e-a8e8-4344-8f76-e4fe27e7b530%3Aamzn1.sym.f080d48e-a8e8-4344-8f76-e4fe27e7b530&pf_rd_p=f080d48e-a8e8-4344-8f76-e4fe27e7b530&pf_rd_r=W258SB3EGNMTX2VV2WJM&pd_rd_wg=OjfmL&pd_rd_r=b379a46b-9dd5-47a4-9625-9c0229415097&pd_rd_plhdr=t,"https://m.media-amazon.com/images/I/41HvAwT-fbL._AC_SR250,250_QL65_.jpg",20,排名进入前50。
2026-07-19,amazon_us,product,search,women slides,37,4.0,,,4.0,,,,,,https://aax-us-east-retail-direct.amazon.com/x/c/JJM6UgRiW0jyljilKFg9Uc4AAAGfeJsIawEAAAH2AQBvbm9fdHhuX2JpZDcgICBvbm9fdHhuX2ltcDIgICAkvqvP/clv1c_ek-wBPHXLUbXDkeL8b9Jb4J6o5kEu1Ex3k_0sd7fvIibga5nGtKjj3D3Rnjk3vMlx4oXJ-5wFTBc0hLTUIgN3e08p05FCBSa3ke9_ouZIULWkzJnP6Wt6b1IB_l10tIw2BEv3hV2wBZCzkE4XZZtGzk7MbnE1lblrvTwyVerzd7XWSgbDtjNTGyYNENfmei7kxobJpCzjJHW3u_HB9jhcyeeGP9f7MyWHa5linOPuxasu1Z9z6xW_Ef7HRIfZleJhVJw4OJ8W7rdjjHFwBw9OKN6dqs_fIOKulrtCKRQiLeFw927z_Em0lRF3yfRkCJK9lg--ly-Vk4-uQIIAxxI3dnwABExSnrCuy04QXqg3CoM5XzJwYVZSvptzuamQUZTY_ALtS0IMeYtYKu0s18PE3f8dEnj5RqAfNUeekD0-w7K9LjABwfC2tziHryMdVsNT4IE7-PZUaHm9TxRIRL1PdMeK2ZnehWs-inDPMK2R69nHIxMSGKssNYyG2LDjdWk4dF4k_wZ3Edpk9rnhXYMIEToGupX1SPKoHsGuF6a8PMTHyAT_h35_xwCqg0D7CiBboyei-HZYpHQQ-RFMUGDWBVa86ySsavy9LnWCCUYm7HGR9uwuWjMWBdpLLmWm-q6cmCZi_3c9PNo78EKiwgEh6ZjoXF2nR1BDsKRGXPx6s9E4VqvlScbH7JW-Yav0xna0cpIeTw5jKXXALHqlwKuv5fzxeB1y4Hc0QMdWSAuvF71I_j6JrxfLtwGxfP4t_NzeqS7pWZRgcnI82USVG3rczyob93T53FnHm5nXnS8DTeaA9-Cx4Usn2rtqIjc-266RyTVUXACj4kkYh1iKY-zBCRTljz8_32SDBNVACvdfFMK8dujVld6t3OfWV-ZK8crKzCUX4clYWep3mLIS6p74jzO2dgxwhkVEdfE0sIuXnpfEDJg6ZgIQ1819ySvt6TD-cwPIj-EhAPjjUDWhovKJelLDRCLrQaQ_aZJAbSUd3YAzadHXr5pFAVJLukG2gD_KE95Dop-NDk8HkYNIiEQeBH-ttFZMZJt5gabraUzSmDjkLBmMurpqzog-L_Lb2cJNqiqRrWFrGGO9aNJOy7x4KHvqEpUt7a1ytF-r-7tUf5Ktg3QW4cFhX-7ijZpnnmbONQ6PXADGwsdquxnSlDEy2r7DTgg6tc5Ld0nNC_jWa1f0nesvtCbU7kRyWIYsMBh4b-hwSi5h5oIeyjJ-MXTIb4dKiXuSC5oOJ24oMn_4itemSxopaP0yvMkBPHJ-1hIbeAiS7b-kChDR043UjgiQX1ZC0wS2va3VPrv37gheWBtGEkg0IyXHPQFq0JffiQPGVJWzU8t87y8uaE77Hu-OiarclHG95EvamLg6tsgZP6Bo8EGFxhQeMeACeKnX9ajnQquPQiGm16Tu50waCJQ3LWDYJb_2RB_e7jkKrQMuFVoP88MER98QUMk-_d0xnkv696Afa_mWMh_nMGUlaBvoy-CTlXtCjpDGijvF-uZnkViB4nEGhVv3CdCI4dh_84cPR2mCfbkIW8CGlOXD5r0AmV1dBT0qqJfr_UMWrOOcsPp0PA5songgUwmDs5ktlZ6ipB4DONyBZTvyW5gGdXLE7EkAGvpEanZye9tK2ldE1_r6tQ_8DXlQnrnKh4S8spEhzZWKJFWwvzBMPYRIo3HJz2dsZB2skHrBib4ZvbZ4Caqv0yvHnzLEex_EbW3EMqPh4pajMNp1A0x2rORMT8/https://www.amazon.com/dp/B0DQ6G7GMB/?_encoding=UTF8&pd_rd_i=B0DQ6G7GMB&ref_=sbx_be_s_sparkle_ssd_img&qid=1784434853&pd_rd_w=BYoxR&content-id=amzn1.sym.f080d48e-a8e8-4344-8f76-e4fe27e7b530%3Aamzn1.sym.f080d48e-a8e8-4344-8f76-e4fe27e7b530&pf_rd_p=f080d48e-a8e8-4344-8f76-e4fe27e7b530&pf_rd_r=W258SB3EGNMTX2VV2WJM&pd_rd_wg=OjfmL&pd_rd_r=b379a46b-9dd5-47a4-9625-9c0229415097&pd_rd_plhdr=t,"https://m.media-amazon.com/images/I/51ezkA+-okL._AC_SR250,250_QL65_.jpg",20,排名进入前50。
2026-07-19,amazon_us,product,search,women slides,38,4.3,,,4.3,,,,,,https://aax-us-east-retail-direct.amazon.com/x/c/JJM6UgRiW0jyljilKFg9Uc4AAAGfeJsIawEAAAH2AQBvbm9fdHhuX2JpZDcgICBvbm9fdHhuX2ltcDIgICAkvqvP/clv1c_ek-wBPHXLUbXDkeL8b9Jb4J6o5kEu1Ex3k_0sd7fvIibga5nGtKjj3D3Rnjk3vMlx4oXJ-5wFTBc0hLTUIgN3e08p05FCBSa3ke9_ouZIULWkzJnP6Wt6b1IB_l10tIw2BEv3hV2wBZCzkE4XZZtGzk7MbnE1lblrvTwyVerzd7XWSgbDtjNTGyYNENfmei7kxobJpCzjJHW3u_HB9jhcyeeGP9f7MyWHa5linOPuxasu1Z9z6xW_Ef7HRIfZleJhVJw4OJ8W7rdjjHFwBw9OKN6dqs_fIOKulrtCKRQiLeFw927z_Em0lRF3yfRkCJK9lg--ly-Vk4-uQIIAxxI3dnwABExSnrCuy04QXqg3CoM5XzJwYVZSvptzuamQUZTY_ALtS0IMeYtYKu0s18PE3f8dEnj5RqAfNUeekD0-w7K9LjABwfC2tziHryMdVsNT4IE7-PZUaHm9TxRIRL1PdMeK2ZnehWs-inDPMK2R69nHIxMSGKssNYyG2LDjdWk4dF4k_wZ3Edpk9rnhXYMIEToGupX1SPKoHsGuF6a8PMTHyAT_h35_xwCqg0D7CiBboyei-HZYpHQQ-RFMUGDWBVa86ySsavy9LnWCCUYm7HGR9uwuWjMWBdpLLmWm-q6cmCZi_3c9PNo78EKiwgEh6ZjoXF2nR1BDsKRGXPx6s9E4VqvlScbH7JW-Yav0xna0cpIeTw5jKXXALHqlwKuv5fzxeB1y4Hc0QMdWSAuvF71I_j6JrxfLtwGxfP4t_NzeqS7pWZRgcnI82USVG3rczyob93T53FnHm5nXnS8DTeaA9-Cx4Usn2rtqIjc-266RyTVUXACj4kkYh1iKY-zBCRTljz8_32SDBNVACvdfFMK8dujVld6t3OfWV-ZK8crKzCUX4clYWep3mLIS6p74jzO2dgxwhkVEdfE0sIuXnpfEDJg6ZgIQ1819ySvt6TD-cwPIj-EhAPjjUDWhovKJelLDRCLrQaQ_aZJAbSUd3YAzadHXr5pFAVJLukG2gD_KE95Dop-NDk8HkYNIiEQeBH-ttFZMZJt5gabraUzSmDjkLBmMurpqzog-L_Lb2cJNqiqRrWFrGGO9aNJOy7x4KHvqEpUt7a1ytF-r-7tUf5Ktg3QW4cFhX-7ijZpnnmbONQ6PXADGwsdquxnSlDEy2r7DTgg6tc5Ld0nNC_jWa1f0nesvtCbU7kRyWIYsMBh4b-hwSi5h5oIeyjJ-MXTIb4dKiXuSC5oOJ24oMn_4itemSxopaP0yvMkBPHJ-1hIbeAiS7b-kChDR043UjgiQX1ZC0wS2va3VPrv37gheWBtGEkg0IyXHPQFq0JffiQPGVJWzU8t87y8uaE77Hu-OiarclHG95EvamLg6tsgZP6Bo8EGFxhQeMeACeKnX9ajnQquPQiGm16Tu50waCJQ3LWDYJb_2RB_e7jkKrQMuFVoP88MER98QUMk-_d0xnkv696Afa_mWMh_nMGUlaBvoy-CTlXtCjpDGijvF-uZnkViB4nEGhVv3CdCI4dh_84cPR2mCfbkIW8CGlOXD5r0AmV1dBT0qqJfr_UMWrOOcsPp0PA5songgUwmDs5ktlZ6ipB4DONyBZTvyW5gGdXLE7EkAGvpEanZye9tK2ldE1_r6tQ_8DXlQnrnKh4S8spEhzZWKJFWwvzBMPYRIo3HJz2dsZB2skHrBib4ZvbZ4Caqv0yvHnzLEex_EbW3EMqPh4pajMNp1A0x2rORMT8/https://www.amazon.com/dp/B0CQ78VLW9/?_encoding=UTF8&pd_rd_i=B0CQ78VLW9&ref_=sbx_be_s_sparkle_ssd_img&qid=1784434853&pd_rd_w=BYoxR&content-id=amzn1.sym.f080d48e-a8e8-4344-8f76-e4fe27e7b530%3Aamzn1.sym.f080d48e-a8e8-4344-8f76-e4fe27e7b530&pf_rd_p=f080d48e-a8e8-4344-8f76-e4fe27e7b530&pf_rd_r=W258SB3EGNMTX2VV2WJM&pd_rd_wg=OjfmL&pd_rd_r=b379a46b-9dd5-47a4-9625-9c0229415097&pd_rd_plhdr=t,"https://m.media-amazon.com/images/I/41U4evZfdbL._AC_SR250,250_QL65_.jpg",20,排名进入前50。
2026-07-19,amazon_us,product,search,women slides,39,4.3,,,4.3,,,,,,https://aax-us-east-retail-direct.amazon.com/x/c/JJM6UgRiW0jyljilKFg9Uc4AAAGfeJsIawEAAAH2AQBvbm9fdHhuX2JpZDcgICBvbm9fdHhuX2ltcDIgICAkvqvP/clv1c_ek-wBPHXLUbXDkeL8b9Jb4J6o5kEu1Ex3k_0sd7fvIibga5nGtKjj3D3Rnjk3vMlx4oXJ-5wFTBc0hLTUIgN3e08p05FCBSa3ke9_ouZIULWkzJnP6Wt6b1IB_l10tIw2BEv3hV2wBZCzkE4XZZtGzk7MbnE1lblrvTwyVerzd7XWSgbDtjNTGyYNENfmei7kxobJpCzjJHW3u_HB9jhcyeeGP9f7MyWHa5linOPuxasu1Z9z6xW_Ef7HRIfZleJhVJw4OJ8W7rdjjHFwBw9OKN6dqs_fIOKulrtCKRQiLeFw927z_Em0lRF3yfRkCJK9lg--ly-Vk4-uQIIAxxI3dnwABExSnrCuy04QXqg3CoM5XzJwYVZSvptzuamQUZTY_ALtS0IMeYtYKu0s18PE3f8dEnj5RqAfNUeekD0-w7K9LjABwfC2tziHryMdVsNT4IE7-PZUaHm9TxRIRL1PdMeK2ZnehWs-inDPMK2R69nHIxMSGKssNYyG2LDjdWk4dF4k_wZ3Edpk9rnhXYMIEToGupX1SPKoHsGuF6a8PMTHyAT_h35_xwCqg0D7CiBboyei-HZYpHQQ-RFMUGDWBVa86ySsavy9LnWCCUYm7HGR9uwuWjMWBdpLLmWm-q6cmCZi_3c9PNo78EKiwgEh6ZjoXF2nR1BDsKRGXPx6s9E4VqvlScbH7JW-Yav0xna0cpIeTw5jKXXALHqlwKuv5fzxeB1y4Hc0QMdWSAuvF71I_j6JrxfLtwGxfP4t_NzeqS7pWZRgcnI82USVG3rczyob93T53FnHm5nXnS8DTeaA9-Cx4Usn2rtqIjc-266RyTVUXACj4kkYh1iKY-zBCRTljz8_32SDBNVACvdfFMK8dujVld6t3OfWV-ZK8crKzCUX4clYWep3mLIS6p74jzO2dgxwhkVEdfE0sIuXnpfEDJg6ZgIQ1819ySvt6TD-cwPIj-EhAPjjUDWhovKJelLDRCLrQaQ_aZJAbSUd3YAzadHXr5pFAVJLukG2gD_KE95Dop-NDk8HkYNIiEQeBH-ttFZMZJt5gabraUzSmDjkLBmMurpqzog-L_Lb2cJNqiqRrWFrGGO9aNJOy7x4KHvqEpUt7a1ytF-r-7tUf5Ktg3QW4cFhX-7ijZpnnmbONQ6PXADGwsdquxnSlDEy2r7DTgg6tc5Ld0nNC_jWa1f0nesvtCbU7kRyWIYsMBh4b-hwSi5h5oIeyjJ-MXTIb4dKiXuSC5oOJ24oMn_4itemSxopaP0yvMkBPHJ-1hIbeAiS7b-kChDR043UjgiQX1ZC0wS2va3VPrv37gheWBtGEkg0IyXHPQFq0JffiQPGVJWzU8t87y8uaE77Hu-OiarclHG95EvamLg6tsgZP6Bo8EGFxhQeMeACeKnX9ajnQquPQiGm16Tu50waCJQ3LWDYJb_2RB_e7jkKrQMuFVoP88MER98QUMk-_d0xnkv696Afa_mWMh_nMGUlaBvoy-CTlXtCjpDGijvF-uZnkViB4nEGhVv3CdCI4dh_84cPR2mCfbkIW8CGlOXD5r0AmV1dBT0qqJfr_UMWrOOcsPp0PA5songgUwmDs5ktlZ6ipB4DONyBZTvyW5gGdXLE7EkAGvpEanZye9tK2ldE1_r6tQ_8DXlQnrnKh4S8spEhzZWKJFWwvzBMPYRIo3HJz2dsZB2skHrBib4ZvbZ4Caqv0yvHnzLEex_EbW3EMqPh4pajMNp1A0x2rORMT8/https://www.amazon.com/dp/B0D2DY9ZPR/?_encoding=UTF8&pd_rd_i=B0D2DY9ZPR&ref_=sbx_be_s_sparkle_ssd_img&qid=1784434853&pd_rd_w=BYoxR&content-id=amzn1.sym.f080d48e-a8e8-4344-8f76-e4fe27e7b530%3Aamzn1.sym.f080d48e-a8e8-4344-8f76-e4fe27e7b530&pf_rd_p=f080d48e-a8e8-4344-8f76-e4fe27e7b530&pf_rd_r=W258SB3EGNMTX2VV2WJM&pd_rd_wg=OjfmL&pd_rd_r=b379a46b-9dd5-47a4-9625-9c0229415097&pd_rd_plhdr=t,"https://m.media-amazon.com/images/I/41HvAwT-fbL._AC_SR250,250_QL65_.jpg",20,排名进入前50。
