date,source,data_type,list_type,keyword,rank,title,price,rating,review_count,likes,comments,views,published_at,competition_count,product_url,image_url,hot_score,reason
2026-09-04,amazon_us,product,new_releases,New Releases Women Sandals,7,IDIFU Platform Chunky Block Strappy Heels Sandals | Slingback Heeled Sandals Thick Open Square Toe Comfortable Dress Shoes for Women Wedding Work Prom Ladies Cute Heel,,4.6,$36.98,,,,,,https://www.amazon.com/IDIFU-Platform-Chunky-Strappy-Sandals/dp/B0H1LQRCYB/ref=zg_bsnr_g_679425011_d_sccl_7/130-2908824-9009315?psc=1,"https://images-na.ssl-images-amazon.com/images/I/61zeFLRuxkL._AC_UL600_SR600,400_.jpg",79,排名靠前；标题包含 platform、comfort，符合美国女鞋舒适化趋势；platform + comfort组合趋势加分；评分达到4.6以上。
2026-09-04,amazon_us,product,search,platform sandals women,19,Project Cloud 100% Genuine Leather Sandals Women Comfortable Womens Slides | Slides for Women Beach Essential Lightweight Footwear with Memory Foam Insole Everyday Summer Sandals for Women Project Cloud 100% Genuine Leather Sandals Women Comfortable Womens Slides | Slides for Women Beach Es…,¥215.28,4,4,,,,,,https://sponsored-ads.amazon.com/clk/?_encoding=UTF8&p=eAFVUMuOEkEUDU7UCY6PsBgT3GFkgSn6ATQUhpiu7pbpARuGBsbMplJ0VT8Euouucpi4YOE3mLj0D9y4dmPiH_gTrvQTTGSM8axOch735hSDw5-ffny_VbprTudje-AOXqm2M6kUtNpxyNLkCqPmVqC-6Dw1Fn6cSNQ9jk9fv-mPgU6vpsN8Y7hsri4vo8mdZl1rteoaNOrqxQ0fLQ5NZ3riTFy_9LB4mzKxlBkvHc28iWON-p574djlz4Xi42sFC0byIMac5UG2IpLhJF0lKcMLGZaKZE3eZmk9yNblR2IBghURIgnAPgP2TsC1yk2W4plfa4kFkDFbMwqCbLVigUyyFFzq4PoYCEhOBeAkSSXLQZClkqVSf4ImpmdjazQcOtbUHXk-dr2h6zl46M4dbDv-YDoaV4xiQX3w7te3Lx-_2uV7fyv3T1Tu66qqQhW2m7ChGW1NP5j5dvfAGlu1QemZjUyLv3BB29yhzR6RuUNnG6Tzc_N_7FC0Q2c7ZP4hUfnIipyrvulEnCyZ_qFQfF-IpeSiqyjb7bb-byIl4grZKlRBqt2Gc3vQGTznFOcU81VM856sxoLgIMcJ7anVTUJ7WrvTaULY0RtVkfc0oIMWabUMPYQgpCEFTU3VAAwhBbRtEAIh7DQbejXpES6qJGdhb5PGL0-N2YngvwFDor0k&v=c1&r=https%3A%2F%2Fwww.amazon.com%2Fgp%2Faw%2Fd%2FB0D79VDK8K%3Fpd_rd_plhdr%3Dt%26hsa_cr_id%3D0%26qid%3D1788499823%26sr%3D1-2-5a5562f9-fdfd-4101-9f9d-d76aa9998432%26i%3Daps%26aref%3DqnhMJ6UHsp&ref_=sbx__sbtcd2_asin_1_bkgd&pd_rd_w=dUQqh&content-id=amzn1.sym.90f77631-9599-4fe0-95f8-a40adfe1c762%3Aamzn1.sym.90f77631-9599-4fe0-95f8-a40adfe1c762&pf_rd_p=90f77631-9599-4fe0-95f8-a40adfe1c762&pf_rd_r=WSGHN5MYR3DHN2VK4G1B&pd_rd_wg=chyca&pd_rd_r=f15a61d7-5a3d-4b42-b4ef-d4261e6bef3f,"https://m.media-amazon.com/images/I/71avQdLi3tL._AC_SR322,134_CB1169409_QL70_.jpg",79,排名进入前30；价格处于人民币等值¥180.00-¥288.00区间；标题包含 cloud、comfort、beach、summer，符合美国女鞋舒适化趋势；cloud + slides组合趋势加分；评分达到4.0以上。
2026-09-04,amazon_us,product,search,platform sandals women,23,Project Cloud 100% Genuine Leather Womens Sandals Slides for Women (Lian) | Sandals Women Memory Foam Insole Cork Footbed Non Slip Sandals for Women Lightweight Beach Vacation Summer Essentials Comfort Project Cloud 100% Genuine Leather Womens Sandals Slides for Women (Lian) | Sandals Women Memory Fo…,¥251.28,4.1,4.1,,,,,,https://sponsored-ads.amazon.com/clk/?_encoding=UTF8&p=eAFVUM2O0lAYDU7UCY4_YTEmuMPIAnOhLW2hGGJ62w7TAQtDAQ2bm0vv7Y9Ae-m9DsQFC5_BxKVv4Ma1GxPfwJdwpY9gImOMZ3WS8_N9OcXg-OenH99vle6ak9nI7rv9V5LtjCsFuXYa0jTZIahuOezx9lN94ceJgJ3T-OL1m94IKGQ3GeQb3aUzaXkVje-odVnT6rKh16X5DR8ujk1ncu6MXb_0sHibUL4UGSudTL2xYw17njt37PLnQvHxtYI4xXkQI0bzIFthQVGSrpKUooUIS0W8xm-ztB5k6_IjvgDBCnOeBOCQAQcnYHLlJk3R1K9pfAFETNeUgCBbrWggkiwFVwq4PgYCnBMOGE5SQXMQZKmgqVCewLHp2cgaDgaONXGHno9cb-B6Dhq4MwfZjt-fDEcVvViQHrz79e3Lx692-d7fysMTlfuKJEmGZLRUoynrLVk5mvp258gaWbV-6ZkNTYuduaBl7uHmgMjcw8sNVNhL83_sYbSHl3to_iFR-cSKnF3PdCKGl1T5UCi-L8RCMN5pNLbbbf3fRI2INfC2QRpQsi6byvxsPnnOCMoJYquY5F1RjTlGQY4S0pWqm4R05Va7rRpGW2lWed6VgQ40rGm6EhogJCEBqizJwAgNAkhLx9gwjLbaVKpJFzNexTkNu5s0fnGhT885-w1W971T&v=c1&r=https%3A%2F%2Fwww.amazon.com%2Fgp%2Faw%2Fd%2FB0CQ32ZFZT%3Fpd_rd_plhdr%3Dt%26hsa_cr_id%3D0%26qid%3D1788499823%26sr%3D1-6-5a5562f9-fdfd-4101-9f9d-d76aa9998432%26i%3Daps%26aref%3DqnhMJ6UHsp&ref_=sbx__sbtcd2_asin_5_bkgd&pd_rd_w=dUQqh&content-id=amzn1.sym.90f77631-9599-4fe0-95f8-a40adfe1c762%3Aamzn1.sym.90f77631-9599-4fe0-95f8-a40adfe1c762&pf_rd_p=90f77631-9599-4fe0-95f8-a40adfe1c762&pf_rd_r=WSGHN5MYR3DHN2VK4G1B&pd_rd_wg=chyca&pd_rd_r=f15a61d7-5a3d-4b42-b4ef-d4261e6bef3f,"https://m.media-amazon.com/images/I/81Tv62h3UGL._AC_SR322,134_CB1169409_QL70_.jpg",79,排名进入前30；价格处于人民币等值¥180.00-¥288.00区间；标题包含 cloud、comfort、beach、summer，符合美国女鞋舒适化趋势；cloud + slides组合趋势加分；评分达到4.0以上。
2026-09-04,amazon_us,product,best_sellers,Best Sellers Women Sandals,26,COFACE Womens Orthopedic Flip Flops Arch Support Yoga Walking Thong Sandals | Fashion Orthotic Ladies Slip On Lightweight Athletic Mat Recovery Cushion With Comfortable Plantar Fasciitis,,4.3,$24.67,,,,,,https://www.amazon.com/COFACE-Orthotic-Athletic-FlipFlops-Fasciitis/dp/B09ZKZW1LR/ref=zg_bs_g_679425011_d_sccl_26/133-0539383-4168010?psc=1,"https://images-na.ssl-images-amazon.com/images/I/71wrTj6AkpL._AC_UL600_SR600,400_.jpg",77,排名进入前30；标题包含 recovery、orthopedic、comfort、arch support，符合美国女鞋舒适化趋势；orthopedic + arch support组合趋势加分；评分达到4.3以上。
2026-09-04,amazon_us,product,search,platform sandals women,18,Project Cloud 100% Genuine Leather Womens Sandals Slides for Women (Venita) | Cork Footbed Sandals for Women with Memory Foam and Arch Support Vacation Essentials Slides Women Footwear Flat Sandals Project Cloud 100% Genuine Leather Womens Sandals Slides for Women (Venita) | Cork Footbed Sandals for W…,¥287.28,4.3,4.3,,,,,,https://sponsored-ads.amazon.com/clk/?_encoding=UTF8&p=eAFVUM2O0lAYDU7UCY4_YTEmuMPIAnOhLaVQDDG9bYfpgIWhwOhsbi69tz9S2kvvdSAuWPgMJi59Azeu3Zj4Br6EK30EExljPKuTnJ_vyyn6hz8__fh-q3TXmM7H1sAZvJQse1IpyLXjgKbxFkF1w2Gfd55qCy-KBeweR2ev3_THQCHb6TBfaw6dS8urcHJHrcutVl3Wtbp0ecODi0PDnp7aE8crPSzeJpQvRcZKRzN3Ypujvutc2lb5c6H4-FpBnOLcjxCjuZ8lWFAUp0mcUrQQQamIV_htltb9bFV-xBfATzDnsQ_2GbB3AiZXbtIUzbxaiy-AiOiKEuBnSUJ9EWcpuFLA9THg45xwwHCcCpoDP0sFTYXyBE4M10LmaDi0zakzcj3kuEPHtdHQmdvIsr3BdDSuaMWC9ODdr29fPn61yvf-Vu6fqNxXJEnSJb2t6k1Za8vKwcyzugfm2KwNSs8saJjsxAFtYwfXe4TGDp6vocIujP-xg-EOnu-g8YeE5SMztLd9ww4ZXlLlQ6H4vhAJwXi30dhsNvV_EzVC1sCbBmlAyXRfdeDJhfucEZQTxJKI5D1RjThGfo5i0pOq65j05Hano-p6R2lWed6TgQxauNXSlEAHAQkIUGVJBnqgE0DaGsa6rnfUplKNe5jxKs5p0Fun0YszbXbK2W9ZpL1W&v=c1&r=https%3A%2F%2Fwww.amazon.com%2Fgp%2Faw%2Fd%2FB0CNY8BFWN%3Fpd_rd_plhdr%3Dt%26hsa_cr_id%3D0%26qid%3D1788499823%26sr%3D1-1-5a5562f9-fdfd-4101-9f9d-d76aa9998432%26i%3Daps%26aref%3DqnhMJ6UHsp&ref_=sbx__sbtcd2_asin_0_bkgd&pd_rd_w=dUQqh&content-id=amzn1.sym.90f77631-9599-4fe0-95f8-a40adfe1c762%3Aamzn1.sym.90f77631-9599-4fe0-95f8-a40adfe1c762&pf_rd_p=90f77631-9599-4fe0-95f8-a40adfe1c762&pf_rd_r=WSGHN5MYR3DHN2VK4G1B&pd_rd_wg=chyca&pd_rd_r=f15a61d7-5a3d-4b42-b4ef-d4261e6bef3f,"https://m.media-amazon.com/images/I/71Zk8CZeYSL._AC_SR322,134_CB1169409_QL70_.jpg",76,排名进入前30；价格处于人民币等值¥180.00-¥288.00区间；标题包含 cloud、arch support，符合美国女鞋舒适化趋势；cloud + slides组合趋势加分；评分达到4.3以上。
2026-09-04,amazon_us,product,new_releases,New Releases Women Sandals,45,"UBFEN Womens Platform Espadrille Wedge Sandals Orthopedic Arch Support | Cushioned Comfort Footbed, Lightweight, 2.08 Inches Low Wedge, Dressy Buckle Sandals for Walking, Vacation, All-Day Wear",,4.6,$39.99,,,,,,https://www.amazon.com/UBFEN-Womens-Espadrille-Wedge-Sandals/dp/B0H6V8RV7J/ref=zg_bsnr_g_679425011_d_sccl_45/133-0539383-4168010?psc=1,"https://images-na.ssl-images-amazon.com/images/I/81yMa5fGVqL._AC_UL300_SR300,200_.jpg",75,排名进入前50；标题包含 platform、orthopedic、comfort、arch support、wedge，符合美国女鞋舒适化趋势；platform + comfort组合趋势加分；orthopedic + arch support组合趋势加分；评分达到4.6以上。
2026-09-04,amazon_us,product,new_releases,New Releases Women Sandals,47,"UBFEN Womens Low Wedge Platform Sandals Espadrille Orthopedic Arch Support | Cushion Insole, Comfortable for Walking, Adjustable Strap, 2 Inches Platform Heel Height, Dressy for Vacation, Travel, Dating",,4.8,$39.99,,,,,,https://www.amazon.com/UBFEN-Platform-Sandals-Espadrille-Orthopedic/dp/B0H6W4G2P1/ref=zg_bsnr_g_679425011_d_sccl_47/133-0539383-4168010?psc=1,"https://images-na.ssl-images-amazon.com/images/I/71alTFCPCdL._AC_UL300_SR300,200_.jpg",75,排名进入前50；标题包含 platform、orthopedic、comfort、arch support、wedge，符合美国女鞋舒适化趋势；platform + comfort组合趋势加分；orthopedic + arch support组合趋势加分；评分达到4.6以上。
2026-09-04,amazon_us,product,search,platform sandals women,27,Women's Suede Platform Wedge Heel Slide Sandals Y2K Round Open Toe One Strap Slip-On Heeled Sandals Stylish Comfortable Daily Casual Summer Slippers,¥237.53,3.6,"Price, product page $32.99 $ 32 . 99",,,,,,https://www.amazon.com/NBZKBNG-Platform-Sandals-Comfortable-Slippers/dp/B0FXRQXXLG/ref=sr_1_15?dib=eyJ2IjoiMSJ9.-sztLUvFGvhR_ekbbj8Xk9q6b9rLUApHzs3sX5IbkObJxiy1BMzxvaRPHeF36WMwgflslM5VeVPuykNCZBEmNRhQt0iNIaiiVuEwQI7sMI7DwzZNvxf0YYSIoXmcW8z5c3ZkwRdj6U8datDAbgU2MWlgnpTGXzOJZ1jaQHV-SN47R0mUAb4yqHYcvGTJQPxbAD4Fj89iVA_BGbbYSx-FVLWDJwJpdWwxfFXy5AXefTp0aS9ZATwwSMHon7DqQH59oYdQEzZp2Qh4tAg_AlQEhgQATROHcvlr906FPyA1K1I.7Bl9NBxAGQ17kjWfJofZEjKE4eZfeXzpKxH4c3MSi54&dib_tag=se&keywords=platform+sandals+women&qid=1788499823&sr=8-15,https://m.media-amazon.com/images/I/61psKHoQPtL._AC_UL320_.jpg,75,排名进入前30；价格处于人民币等值¥180.00-¥288.00区间；标题包含 platform、comfort、summer、wedge，符合美国女鞋舒适化趋势；platform + comfort组合趋势加分。
2026-09-04,amazon_us,product,best_sellers,Best Sellers Women Sandals,28,"shevalues Orthopedic Sandals for Women, Arch Support Recovery Flip Flops | Orthotic Pillow Soft Summer Beach Shoes, Comfortable for Plantar Fasciitis",,4.2,$18.99,,,,,,https://www.amazon.com/Orthotic-Pillow-Recovery-Sandals-Support/dp/B09LC836QG/ref=zg_bs_g_679425011_d_sccl_28/133-0539383-4168010?psc=1,"https://images-na.ssl-images-amazon.com/images/I/61qX-fKai7L._AC_UL600_SR600,400_.jpg",74,排名进入前30；标题包含 recovery、orthopedic、comfort、arch support、soft、beach、summer，符合美国女鞋舒适化趋势；orthopedic + arch support组合趋势加分；评分达到4.0以上。
2026-09-04,amazon_us,product,best_sellers,Best Sellers Women Sandals,3,"Joomra Pillow Slippers for Women and Men Thick Sole Ultra Cushion Slides | Cloud-Like Sole, Quick Drying Shower Shoes, Soft Open Toe Indoor Outdoor Sandals",,4.3,$20.34,,,,,,https://www.amazon.com/Joomra-Slippers-Massage-Bathroom-Platform/dp/B09652VJP1/ref=zg_bs_g_679425011_d_sccl_3/133-0539383-4168010?psc=1,"https://images-na.ssl-images-amazon.com/images/I/71pkhgTTRXL._AC_UL600_SR600,400_.jpg",73,排名靠前；标题包含 cloud、soft，符合美国女鞋舒适化趋势；cloud + slides组合趋势加分；评分达到4.3以上。
2026-09-04,amazon_us,product,search,platform sandals women,20,Project Cloud 100% Genuine Leather Platform Sandals Women (Greecechunky) | Wedge Chunky Sandals for Women Memory Foam Insole Cork Footbed Women Sandals Lightweight Non Slip Comfortable Casual Footwear Project Cloud 100% Genuine Leather Platform Sandals Women (Greecechunky) | Wedge Chunky Sandals for…,¥431.28,4.1,4.1,,,,,,https://sponsored-ads.amazon.com/clk/?_encoding=UTF8&p=eAFVUMuO0lAYDk7USR0vYTEmuMPIAnPohbZQDDE9bWUKCEwLjJnNyaHn9CLQHnrqQFyw8BlMXPoGbly7MfENfAlX-ggmMsb4rb7ku_x_PiE4_vnpx_db5bvmdD6xB-7glWQ7XrUk109DmiY7BNUthz3efqov_DgpYOc07r9-05sAheymw3yju3QuLa8i747akDWtIRt6Q7q84cPFselMzxzP9csPhduE8mWRsfLJbOQ51rg3ci8du_K5JDy-VhCnOA9ixGgeZCtcUJSkqySlaFGEZQGv8dssbQTZuvKIL0CwwpwnAThkwMEJmFy9SVM08-saX4AipmtKQJCtVjQokiwFVwq4PgYCnBMOGE7SguYgyNKCpoXyBHrmyEbWeDh0rKk7HvnIHQ3dkYOG7txBtuMPpuNJVRdK0oN3v759-fjVrtz7W3l4onpfkSTJkIyWajRlvSUrRzPf7hxZE6s-KD-zoWmxFy5omXu4OSAy9_B8AxV2Yf6PPYz28HwPzT8kqpxYkbPrmU7E8JIqH0rC-1JcFIx3RHG73Tb-TSRGTMRbkYhQsidef2IN9OeMoJwgtopJ3i1qMccoyFFCulJtk5Cu3Gq3VcNoK80az7syaAINa5quhAYISUiAKksyMEKDANLSMTYMo602lVrSxYzXcE7D7iaNX_b12RlnvwFVyL1N&v=c1&r=https%3A%2F%2Fwww.amazon.com%2Fgp%2Faw%2Fd%2FB0DPRJPCK6%3Fpd_rd_plhdr%3Dt%26hsa_cr_id%3D0%26qid%3D1788499823%26sr%3D1-3-5a5562f9-fdfd-4101-9f9d-d76aa9998432%26i%3Daps%26aref%3DqnhMJ6UHsp&ref_=sbx__sbtcd2_asin_2_bkgd&pd_rd_w=dUQqh&content-id=amzn1.sym.90f77631-9599-4fe0-95f8-a40adfe1c762%3Aamzn1.sym.90f77631-9599-4fe0-95f8-a40adfe1c762&pf_rd_p=90f77631-9599-4fe0-95f8-a40adfe1c762&pf_rd_r=WSGHN5MYR3DHN2VK4G1B&pd_rd_wg=chyca&pd_rd_r=f15a61d7-5a3d-4b42-b4ef-d4261e6bef3f,"https://m.media-amazon.com/images/I/817smYnQlxL._AC_SR322,134_CB1169409_QL70_.jpg",72,排名进入前30；价格高于人民币等值¥288.00；标题包含 cloud、platform、comfort、wedge，符合美国女鞋舒适化趋势；platform + comfort组合趋势加分；评分达到4.0以上。
2026-09-04,amazon_us,product,best_sellers,Best Sellers Women Sandals,2,KuaiLu Flip Flops for Women with Arch Support Summer Beach Thong Sandals | Comfortable Yoga Mat Walking Shoes Cushion Slip On Casual Outfits Indoor Outdoor,,4.3,$11.98,,,,,,https://www.amazon.com/KuaiLu-Support-Comfortable-Walking-Sandals/dp/B0C5ZRQS2X/ref=zg_bs_g_679425011_d_sccl_2/133-0539383-4168010?psc=1,"https://images-na.ssl-images-amazon.com/images/I/710PdcSAm6L._AC_UL600_SR600,400_.jpg",70,排名靠前；标题包含 comfort、arch support、beach、summer，符合美国女鞋舒适化趋势；评分达到4.3以上。
2026-09-04,amazon_us,product,new_releases,New Releases Women Sandals,30,"QIY Flip Flops for Women Square Toe Platform Sandals Slides | Memory Foam Insole - Lightweight and Comfortable, Women Footwear Summer Thong Sandals for Women 2026",,4.5,$32.99,,,,,,https://www.amazon.com/QIY-Square-Platform-Sandals-Slides/dp/B0HG16427S/ref=zg_bsnr_g_679425011_d_sccl_30/130-2908824-9009315?psc=1,"https://images-na.ssl-images-amazon.com/images/I/61c-vvOzT2L._AC_UL600_SR600,400_.jpg",69,排名进入前30；标题包含 platform、comfort、summer，符合美国女鞋舒适化趋势；platform + comfort组合趋势加分；评分达到4.3以上。
2026-09-04,amazon_us,product,search,women summer slippers,20,Womens Comfortable Slides Sandals: Lightweight Soft Cushioned Slip On Flat Sandals - Dressy Summer Shoes for Casual Walking Travel,¥100.73,4.5,"Price, product page $13.99 $ 13 . 99 Typical: $15.99 Typical: $15.99 $15.99",,,,,,https://www.amazon.com/Diarilip-Womens-Comfortable-Slides-Sandals/dp/B0GZN9H21P/ref=sr_1_14?dib=eyJ2IjoiMSJ9.eZQEUMTacA8IMNnsyu_bgdAfokbXryRF-Wq1ca20VG08cZsQrBwFJdUT61LMAIXpEQ8-qs3HdByLMKXp8q0T9eikDGAvdeGBCeo3_kAiSwMOy0l0arvWgbvAIxG7JwcalWJJBXfUJqcFsbwPpO-OW23zs0plR11Moy-JLTWXwRi25PDVZr-GgAM2UsrdTfPXJglX8C4RnNuENzeaa5rRK3KGc5jKQSp5vxNiIeo_GcgpOfHsq86cLcGSmNvWw1U7oixXEYUW_O66bUKHduYYi0eGnPr7tcPi4y0RJ6yQ3xk.xbn95su4K2FNyTx1uFrdW0nYwkOlf6Evm82rw2KfAOk&dib_tag=se&keywords=women+summer+slippers&qid=1788499822&sr=8-14,https://m.media-amazon.com/images/I/81PtNHs+1kL._AC_UL320_.jpg,69,排名进入前30；价格处于人民币等值¥57.60-¥180.00黄金区间；标题包含 comfort、soft、summer，符合美国女鞋舒适化趋势；评分达到4.3以上。
2026-09-04,amazon_us,product,search,platform sandals women,21,Project Cloud 100% Genuine Leather Footbed Sandals for Women (Santorini) | Comfortable Beach Essentials Womens Sandals Plush Memory Foam Cushioning Vacation Essentials Slides for Women Footwear Project Cloud 100% Genuine Leather Footbed Sandals for Women (Santorini) | Comfortable Beach Essenti…,¥308.88,4.1,4.1,,,,,,https://sponsored-ads.amazon.com/clk/?_encoding=UTF8&p=eAFVUMuO0lAYDk7USR0vYTEmuMPIAnOgLaW0mMb0tB2mA5ZLAc1sTg49pxeB9tBTB-KChc9g4tI3cOPajYlv4Eu40kcwkTHGb_Ul3-X_8wnB8c9PP77fKt81p_OR3Xf7r0TbmVRLUv00pGmyQ1DZctjj2lN14cdJAbun8cXrN70RkMluOsg3qkvn4vIqmtxRGlK73ZB0tSFe3vDh4th0pufOxPXLD4XbhPJlkbHyycybONaw57mXjl35XBIeXyuIU5wHMWI0D7IVLihK0lWSUrQowrKA1_htljaCbF15xBcgWGHOkwAcMuDgBEyq3qQpmvn1Nl-AIqZrSkCQrVY0KJIsBVcyuD4GApwTDhhO0oLmIMjSgqaF_AROTM9G1nAwcKypO_R85HoD13PQwJ07yHb8_nQ4qqpCSXzw7te3Lx-_2pV7fysPT1Tvy6Io6qLeUfSWpHYk-Wjm290ja2TV--VnNjQtduaCjrmHmwMicw_HGyizl-b_2MNoD8d7aP4hUeXEipxdz3QihpdU_lAS3pfiomC822xut9vGv4maEWvibZM0oWiPz6DWG_nPGUE5QWwVk9woajHHKMhRQgyxtkmIIXU0TdF1TW7VeG5IQAFt3G6rcqiDkIQEKJIoAT3UCSAdFWNd1zWlJdcSAzNewzkNjU0av7hQZ-ec_QZTV71J&v=c1&r=https%3A%2F%2Fwww.amazon.com%2Fgp%2Faw%2Fd%2FB0DQFB8GPS%3Fpd_rd_plhdr%3Dt%26hsa_cr_id%3D0%26qid%3D1788499823%26sr%3D1-4-5a5562f9-fdfd-4101-9f9d-d76aa9998432%26i%3Daps%26aref%3DqnhMJ6UHsp&ref_=sbx__sbtcd2_asin_3_bkgd&pd_rd_w=dUQqh&content-id=amzn1.sym.90f77631-9599-4fe0-95f8-a40adfe1c762%3Aamzn1.sym.90f77631-9599-4fe0-95f8-a40adfe1c762&pf_rd_p=90f77631-9599-4fe0-95f8-a40adfe1c762&pf_rd_r=WSGHN5MYR3DHN2VK4G1B&pd_rd_wg=chyca&pd_rd_r=f15a61d7-5a3d-4b42-b4ef-d4261e6bef3f,"https://m.media-amazon.com/images/I/91yOyl7MMNL._AC_SR322,134_CB1169409_QL70_.jpg",69,排名进入前30；价格高于人民币等值¥288.00；标题包含 cloud、comfort、beach，符合美国女鞋舒适化趋势；cloud + slides组合趋势加分；评分达到4.0以上。
2026-09-04,amazon_us,product,search,platform sandals women,22,Project Cloud 100% Genuine Leather Thong Sandals & Flip Flops for Women | Memory Foam Insole Womens Sandals - Non-Slip Lightweight Comfortable Beach Footwear and Casual Everyday Summer Sandals Women Project Cloud 100% Genuine Leather Thong Sandals & Flip Flops for Women | Memory Foam Insole Womens Sanda…,¥215.28,4.2,4.2,,,,,,https://sponsored-ads.amazon.com/clk/?_encoding=UTF8&p=eAFVUMuO0lAYDk7UCY6XsBgT3GFkgTn0QlsohpietjIdsFwKjJnNyaHn9CKlPfTUgbhg4TOYuPQN3Lh2Y-Ib-BKu9BFMZIzxW33Jd_n_fGX_-OenH99vVe4as8XYGjiDV6JlT2slqXEa0DTeIahsOezzzlNt6UVxAbun0fnrN_0xkMluNsw3mkMX4uoqnN5RmpKqNiVda4qXNzy4PDbs2Zk9dbzKw_JtQvmqyFjlZO5ObXPUd51L26p-LpUfXyuIU5z7EWI097MEFxTFaRKnFC2LoFLGa_w2S5t-tq4-4kvgJ5jz2AeHDDg4AZNqN2mK5l5D5UtQRHRNCfCzJKF-EWcpuJLB9THg45xwwHCcFjQHfpYWNC3kJ3BquBYyR8Ohbc6ckeshxx06ro2GzsJGlu0NZqNxTSuXxAfvfn378vGrVb33t_LwRO2-LIqiLuptRW9JWluSj-ae1T0yx2ZjUHlmQcNkLxzQNvZwc0Bo7OFkA2V2YfyPPQz3cLKHxh8SVk_M0N71DTtkeEXlD6Xy-1JUFIx3BWG73Tb_TSSETMBbgQhQNCfSbGEqreeMoJwglkQk7xX1iGPk5ygmPbG-iUlPanc6iq535Fad5z0JqEDFqqrJgQ4CEhCgSKIE9EAngLQ1jHVd7ygtuR73MON1nNOgt0mjl-fa_Iyz30OZvSQ&v=c1&r=https%3A%2F%2Fwww.amazon.com%2Fgp%2Faw%2Fd%2FB0CQ1TVC43%3Fpd_rd_plhdr%3Dt%26hsa_cr_id%3D0%26qid%3D1788499823%26sr%3D1-5-5a5562f9-fdfd-4101-9f9d-d76aa9998432%26i%3Daps%26aref%3DqnhMJ6UHsp&ref_=sbx__sbtcd2_asin_4_bkgd&pd_rd_w=dUQqh&content-id=amzn1.sym.90f77631-9599-4fe0-95f8-a40adfe1c762%3Aamzn1.sym.90f77631-9599-4fe0-95f8-a40adfe1c762&pf_rd_p=90f77631-9599-4fe0-95f8-a40adfe1c762&pf_rd_r=WSGHN5MYR3DHN2VK4G1B&pd_rd_wg=chyca&pd_rd_r=f15a61d7-5a3d-4b42-b4ef-d4261e6bef3f,"https://m.media-amazon.com/images/I/71OVCRk1C2L._AC_SR322,134_CB1169409_QL70_.jpg",69,排名进入前30；价格处于人民币等值¥180.00-¥288.00区间；标题包含 cloud、comfort、beach、summer，符合美国女鞋舒适化趋势；评分达到4.0以上。
2026-09-04,amazon_us,product,best_sellers,Best Sellers Women Sandals,8,"ODOLY Unisex Comfortable Cork Footbed Slide Sandals with Arch Support | Adjustable Buckle, Lightweight Summer Sandals for Travel and Everyday Wear",,4.5,$17.99,,,,,,https://www.amazon.com/ODOLY-Footbed-Comfortable-Sandals-Adjustable/dp/B0CSMN1X4W/ref=zg_bs_g_679425011_d_sccl_8/133-0539383-4168010?psc=1,"https://images-na.ssl-images-amazon.com/images/I/61iYsM+H9QL._AC_UL600_SR600,400_.jpg",67,排名靠前；标题包含 comfort、arch support、summer，符合美国女鞋舒适化趋势；评分达到4.3以上。
2026-09-04,amazon_us,product,new_releases,New Releases Women Sandals,6,Project Cloud 100% Genuine Leather Block Heeled Sandals for Women(Opal) | Sandals Women Footwear-Memory Foam Insole & Non-Slip Womens Sandals Block Heels For Women-Womens Slides & Women's Sandals,,4.1,$47.61,,,,,,https://www.amazon.com/Project-Cloud-Genuine-Leather-Sandals/dp/B0GYFRPTZ4/ref=zg_bsnr_g_679425011_d_sccl_6/130-2908824-9009315?psc=1,"https://images-na.ssl-images-amazon.com/images/I/81FmD-R2JoL._AC_UL600_SR600,400_.jpg",67,排名靠前；标题包含 cloud，符合美国女鞋舒适化趋势；cloud + slides组合趋势加分；评分达到4.0以上。
2026-09-04,amazon_us,product,search,women summer slippers,4,GOEWY,¥71.86,4.4,GOEWY,,,,,,https://www.amazon.com/GOEWY-Slippers-Summer-Breathable-Slides/dp/B0GQGLFHFJ/ref=sr_1_1?dib=eyJ2IjoiMSJ9.eZQEUMTacA8IMNnsyu_bgdAfokbXryRF-Wq1ca20VG08cZsQrBwFJdUT61LMAIXpEQ8-qs3HdByLMKXp8q0T9eikDGAvdeGBCeo3_kAiSwMOy0l0arvWgbvAIxG7JwcalWJJBXfUJqcFsbwPpO-OW23zs0plR11Moy-JLTWXwRi25PDVZr-GgAM2UsrdTfPXJglX8C4RnNuENzeaa5rRK3KGc5jKQSp5vxNiIeo_GcgpOfHsq86cLcGSmNvWw1U7oixXEYUW_O66bUKHduYYi0eGnPr7tcPi4y0RJ6yQ3xk.xbn95su4K2FNyTx1uFrdW0nYwkOlf6Evm82rw2KfAOk&dib_tag=se&keywords=women+summer+slippers&qid=1788499822&sr=8-1,https://m.media-amazon.com/images/I/61PJ6PNvlqL._AC_UL320_.jpg,67,排名靠前；价格处于人民币等值¥57.60-¥180.00黄金区间；评分达到4.3以上。
2026-09-04,amazon_us,product,search,women summer slippers,5,LongBay,¥143.93,4.5,LongBay,,,,,,https://www.amazon.com/LongBay-Slippers-Memory-Bedroom-Dual-Strap/dp/B0DP277YRM/ref=sr_1_2?dib=eyJ2IjoiMSJ9.eZQEUMTacA8IMNnsyu_bgdAfokbXryRF-Wq1ca20VG08cZsQrBwFJdUT61LMAIXpEQ8-qs3HdByLMKXp8q0T9eikDGAvdeGBCeo3_kAiSwMOy0l0arvWgbvAIxG7JwcalWJJBXfUJqcFsbwPpO-OW23zs0plR11Moy-JLTWXwRi25PDVZr-GgAM2UsrdTfPXJglX8C4RnNuENzeaa5rRK3KGc5jKQSp5vxNiIeo_GcgpOfHsq86cLcGSmNvWw1U7oixXEYUW_O66bUKHduYYi0eGnPr7tcPi4y0RJ6yQ3xk.xbn95su4K2FNyTx1uFrdW0nYwkOlf6Evm82rw2KfAOk&dib_tag=se&keywords=women+summer+slippers&qid=1788499822&sr=8-2,https://m.media-amazon.com/images/I/71BlGXBbl-L._AC_UL320_.jpg,67,排名靠前；价格处于人民币等值¥57.60-¥180.00黄金区间；评分达到4.3以上。
2026-09-04,amazon_us,product,search,women summer slippers,7,shevalues,¥95.47,4.3,shevalues,,,,,,https://www.amazon.com/Shevalues-Womens-Indoor-Slippers-Cotton/dp/B074HBC1BR/ref=sr_1_4?dib=eyJ2IjoiMSJ9.eZQEUMTacA8IMNnsyu_bgdAfokbXryRF-Wq1ca20VG08cZsQrBwFJdUT61LMAIXpEQ8-qs3HdByLMKXp8q0T9eikDGAvdeGBCeo3_kAiSwMOy0l0arvWgbvAIxG7JwcalWJJBXfUJqcFsbwPpO-OW23zs0plR11Moy-JLTWXwRi25PDVZr-GgAM2UsrdTfPXJglX8C4RnNuENzeaa5rRK3KGc5jKQSp5vxNiIeo_GcgpOfHsq86cLcGSmNvWw1U7oixXEYUW_O66bUKHduYYi0eGnPr7tcPi4y0RJ6yQ3xk.xbn95su4K2FNyTx1uFrdW0nYwkOlf6Evm82rw2KfAOk&dib_tag=se&keywords=women+summer+slippers&qid=1788499822&sr=8-4,https://m.media-amazon.com/images/I/71JYzlHXkPL._AC_UL320_.jpg,67,排名靠前；价格处于人民币等值¥57.60-¥180.00黄金区间；评分达到4.3以上。
2026-09-04,amazon_us,product,search,women summer slippers,9,ULTRAIDEAS,¥122.33,4.5,ULTRAIDEAS,,,,,,https://www.amazon.com/ULTRAIDEAS-Slippers-Bowknot-Outdoor-Anti-Skid/dp/B07MZ3H6MN/ref=sr_1_6?dib=eyJ2IjoiMSJ9.eZQEUMTacA8IMNnsyu_bgdAfokbXryRF-Wq1ca20VG08cZsQrBwFJdUT61LMAIXpEQ8-qs3HdByLMKXp8q0T9eikDGAvdeGBCeo3_kAiSwMOy0l0arvWgbvAIxG7JwcalWJJBXfUJqcFsbwPpO-OW23zs0plR11Moy-JLTWXwRi25PDVZr-GgAM2UsrdTfPXJglX8C4RnNuENzeaa5rRK3KGc5jKQSp5vxNiIeo_GcgpOfHsq86cLcGSmNvWw1U7oixXEYUW_O66bUKHduYYi0eGnPr7tcPi4y0RJ6yQ3xk.xbn95su4K2FNyTx1uFrdW0nYwkOlf6Evm82rw2KfAOk&dib_tag=se&keywords=women+summer+slippers&qid=1788499822&sr=8-6,https://m.media-amazon.com/images/I/71cvxwhDe7L._AC_UL320_.jpg,67,排名靠前；价格处于人民币等值¥57.60-¥180.00黄金区间；评分达到4.3以上。
2026-09-04,amazon_us,product,search,women slides,3,adidas,¥151.20,4.4,adidas,,,,,,https://www.amazon.com/adidas-Unisex-Adilette-Shower-Sandal/dp/B091ZGQF6G/ref=sr_1_2?dib=eyJ2IjoiMSJ9.wrqHnvIFpzxZDCy1gVq3f0L_foJ7eCfF1K6HgQ1qAHIfMmCWmWdfyUMFxorA-Btqwl2mhNFDUGoBULQYkP73iS_LqYi8K7NqA7_JZctPCt3pCMeL1DluUGjulf_WJEibIIZFMj5hVU6UotA218Q2TLla4sDJnEWxV9Ohkcb7xk2mLL1MCyc2Mt5dagzdpnRHvii6bhopcPODaaJvRoPzJbAI0N0XWzR5Y44BM-ZyJlPOF7jjafYZ8m1VkHsAfDboX3wDFt4TM1K6OKTrzbhYUqF-hH5CVd_fCCItQDh-0mk.OgbBMtJZPgGfionyh_P0eGdOSQhEN3PqAhqtNPyCbws&dib_tag=se&keywords=women+slides&qid=1788499823&sr=8-2,https://m.media-amazon.com/images/I/61CCABduhML._AC_UL320_.jpg,67,排名靠前；价格处于人民币等值¥57.60-¥180.00黄金区间；评分达到4.3以上。
2026-09-04,amazon_us,product,search,women slides,7,ODOLY,¥129.53,4.5,ODOLY,,,,,,https://www.amazon.com/ODOLY-Footbed-Comfortable-Sandals-Adjustable/dp/B0CSMN1X4W/ref=sr_1_6?dib=eyJ2IjoiMSJ9.wrqHnvIFpzxZDCy1gVq3f0L_foJ7eCfF1K6HgQ1qAHIfMmCWmWdfyUMFxorA-Btqwl2mhNFDUGoBULQYkP73iS_LqYi8K7NqA7_JZctPCt3pCMeL1DluUGjulf_WJEibIIZFMj5hVU6UotA218Q2TLla4sDJnEWxV9Ohkcb7xk2mLL1MCyc2Mt5dagzdpnRHvii6bhopcPODaaJvRoPzJbAI0N0XWzR5Y44BM-ZyJlPOF7jjafYZ8m1VkHsAfDboX3wDFt4TM1K6OKTrzbhYUqF-hH5CVd_fCCItQDh-0mk.OgbBMtJZPgGfionyh_P0eGdOSQhEN3PqAhqtNPyCbws&dib_tag=se&keywords=women+slides&qid=1788499823&sr=8-6,https://m.media-amazon.com/images/I/61iYsM+H9QL._AC_UL320_.jpg,67,排名靠前；价格处于人民币等值¥57.60-¥180.00黄金区间；评分达到4.3以上。
2026-09-04,amazon_us,product,search,women slides,8,EverFoams,¥154.73,4.4,EverFoams,,,,,,https://www.amazon.com/EverFoams-Womens-Slippers-Memory-Outdoor/dp/B0CLGNYKFR/ref=sr_1_7?dib=eyJ2IjoiMSJ9.wrqHnvIFpzxZDCy1gVq3f0L_foJ7eCfF1K6HgQ1qAHIfMmCWmWdfyUMFxorA-Btqwl2mhNFDUGoBULQYkP73iS_LqYi8K7NqA7_JZctPCt3pCMeL1DluUGjulf_WJEibIIZFMj5hVU6UotA218Q2TLla4sDJnEWxV9Ohkcb7xk2mLL1MCyc2Mt5dagzdpnRHvii6bhopcPODaaJvRoPzJbAI0N0XWzR5Y44BM-ZyJlPOF7jjafYZ8m1VkHsAfDboX3wDFt4TM1K6OKTrzbhYUqF-hH5CVd_fCCItQDh-0mk.OgbBMtJZPgGfionyh_P0eGdOSQhEN3PqAhqtNPyCbws&dib_tag=se&keywords=women+slides&qid=1788499823&sr=8-7,https://m.media-amazon.com/images/I/81rGYT3pkaL._AC_UL320_.jpg,67,排名靠前；价格处于人民币等值¥57.60-¥180.00黄金区间；评分达到4.3以上。
2026-09-04,amazon_us,product,search,platform sandals women,8,Soda,¥176.98,4.5,Products highlighted as 'Overall Pick' are:,,,,,,https://www.amazon.com/Soda-Buckle-Espadrilles-Flatform-Casual/dp/B0C5S26DHB/ref=sr_1_2?dib=eyJ2IjoiMSJ9.-sztLUvFGvhR_ekbbj8Xk9q6b9rLUApHzs3sX5IbkObJxiy1BMzxvaRPHeF36WMwgflslM5VeVPuykNCZBEmNRhQt0iNIaiiVuEwQI7sMI7DwzZNvxf0YYSIoXmcW8z5c3ZkwRdj6U8datDAbgU2MWlgnpTGXzOJZ1jaQHV-SN47R0mUAb4yqHYcvGTJQPxbAD4Fj89iVA_BGbbYSx-FVLWDJwJpdWwxfFXy5AXefTp0aS9ZATwwSMHon7DqQH59oYdQEzZp2Qh4tAg_AlQEhgQATROHcvlr906FPyA1K1I.7Bl9NBxAGQ17kjWfJofZEjKE4eZfeXzpKxH4c3MSi54&dib_tag=se&keywords=platform+sandals+women&qid=1788499823&sr=8-2,https://m.media-amazon.com/images/I/71q-Jp+UEkL._AC_UL320_.jpg,67,排名靠前；价格处于人民币等值¥57.60-¥180.00黄金区间；评分达到4.3以上。
2026-09-04,amazon_us,product,best_sellers,Best Sellers Women Sandals,13,Project Cloud 100% Genuine Leather Womens Sandals Slides for Women (Venita) | Cork Footbed Sandals for Women with Memory Foam and Arch Support Vacation Essentials Slides Women Footwear Flat Sandals,,4.3,$39.90,,,,,,https://www.amazon.com/Project-Cloud-Comfortable-Essentials-Vacation/dp/B0CNY8BFWN/ref=zg_bs_g_679425011_d_sccl_13/133-0539383-4168010?psc=1,"https://images-na.ssl-images-amazon.com/images/I/71Zk8CZeYSL._AC_UL600_SR600,400_.jpg",66,排名进入前30；标题包含 cloud、arch support，符合美国女鞋舒适化趋势；cloud + slides组合趋势加分；评分达到4.3以上。
2026-09-04,amazon_us,product,new_releases,New Releases Women Sandals,16,Project Cloud Pool Slides For Women & Jelly Sandals For Women Footwear | Womens Sandals Comfortable w/ Memory Foam Insole - Slip Resistant Womens Jelly Sandals Beach Essentials Sandals Women,,4.0,$29.90,,,,,,https://www.amazon.com/Project-Cloud-Slides-Sandals-Footwear/dp/B0H5YKTVPP/ref=zg_bsnr_g_679425011_d_sccl_16/130-2908824-9009315?psc=1,"https://images-na.ssl-images-amazon.com/images/I/81x+j68eH7L._AC_UL600_SR600,400_.jpg",66,排名进入前30；标题包含 cloud、comfort、beach，符合美国女鞋舒适化趋势；cloud + slides组合趋势加分；评分达到4.0以上。
2026-09-04,amazon_us,product,new_releases,New Releases Women Sandals,11,Project Cloud Platform Sandals Women - Wedge Sandals for Women 2026 (Silly) | Womens Sandals Comfortable with Soft & Plush Insole - Non Slip Beach Essentials Womens Slide - Stylish Women Footwear,,3.7,$32.90,,,,,,https://www.amazon.com/Project-Cloud-Platform-Sandals-Women/dp/B0H27BLYKS/ref=zg_bsnr_g_679425011_d_sccl_11/130-2908824-9009315?psc=1,"https://images-na.ssl-images-amazon.com/images/I/71lcJ5wbS4L._AC_UL600_SR600,400_.jpg",65,排名进入前30；标题包含 cloud、platform、comfort、soft、beach、wedge，符合美国女鞋舒适化趋势；platform + comfort组合趋势加分。
2026-09-04,amazon_us,product,new_releases,New Releases Women Sandals,13,"MellowSoft Cloud Slides for Women & Men, Thick Shock-Absorbing Sole | Ultra Soft CloudFoam Cushioning Slides, Lightweight Anti-Slip Recovery Sandals for Indoor & Outdoor Comfort",,3.6,$39.00,,,,,,https://www.amazon.com/MellowSoft-Cloud-Slides-Women-Shock-Absorbing/dp/B0H538NRT9/ref=zg_bsnr_g_679425011_d_sccl_13/130-2908824-9009315?psc=1,"https://images-na.ssl-images-amazon.com/images/I/51Sg63n0srL._AC_UL600_SR600,400_.jpg",65,排名进入前30；标题包含 cloud、recovery、comfort、soft，符合美国女鞋舒适化趋势；cloud + slides组合趋势加分。
2026-09-04,amazon_us,product,search,women slides,47,"Womens Sandal Cork Footbed Slide, Arch Support Slides for Women with Adjustable Buckle, Comfortable Summer Beach Outdoor Sandals",¥208.73,4.4,500+ bought in past month,,,,,,https://www.amazon.com/AUGCY-Footbed-Support-Adjustable-Comfortable/dp/B0GFVJCPGW/ref=sr_1_41?dib=eyJ2IjoiMSJ9.wrqHnvIFpzxZDCy1gVq3f0L_foJ7eCfF1K6HgQ1qAHIfMmCWmWdfyUMFxorA-Btqwl2mhNFDUGoBULQYkP73iS_LqYi8K7NqA7_JZctPCt3pCMeL1DluUGjulf_WJEibIIZFMj5hVU6UotA218Q2TLla4sDJnEWxV9Ohkcb7xk2mLL1MCyc2Mt5dagzdpnRHvii6bhopcPODaaJvRoPzJbAI0N0XWzR5Y44BM-ZyJlPOF7jjafYZ8m1VkHsAfDboX3wDFt4TM1K6OKTrzbhYUqF-hH5CVd_fCCItQDh-0mk.OgbBMtJZPgGfionyh_P0eGdOSQhEN3PqAhqtNPyCbws&dib_tag=se&keywords=women+slides&qid=1788499823&sr=8-41,https://m.media-amazon.com/images/I/71jk8h0qC0L._AC_UL320_.jpg,65,排名进入前50；评论数达到300以上；价格处于人民币等值¥180.00-¥288.00区间；标题包含 comfort、arch support、beach、summer，符合美国女鞋舒适化趋势；评分达到4.3以上。
2026-09-04,amazon_us,product,search,platform sandals women,30,"Women's Platform Sandals, Cork Footbed Slides with Double Buckles",¥215.93,4.4,100+ bought in past month,,,,,,https://www.amazon.com/BiuYorBTY-Platform-Sandals-Footbed-Comfort/dp/B0DZ1P3782/ref=sr_1_18?dib=eyJ2IjoiMSJ9.-sztLUvFGvhR_ekbbj8Xk9q6b9rLUApHzs3sX5IbkObJxiy1BMzxvaRPHeF36WMwgflslM5VeVPuykNCZBEmNRhQt0iNIaiiVuEwQI7sMI7DwzZNvxf0YYSIoXmcW8z5c3ZkwRdj6U8datDAbgU2MWlgnpTGXzOJZ1jaQHV-SN47R0mUAb4yqHYcvGTJQPxbAD4Fj89iVA_BGbbYSx-FVLWDJwJpdWwxfFXy5AXefTp0aS9ZATwwSMHon7DqQH59oYdQEzZp2Qh4tAg_AlQEhgQATROHcvlr906FPyA1K1I.7Bl9NBxAGQ17kjWfJofZEjKE4eZfeXzpKxH4c3MSi54&dib_tag=se&keywords=platform+sandals+women&qid=1788499823&sr=8-18,https://m.media-amazon.com/images/I/716g0SFJuTL._AC_UL320_.jpg,65,排名进入前30；评论数达到50以上；价格处于人民币等值¥180.00-¥288.00区间；标题包含 platform，符合美国女鞋舒适化趋势；评分达到4.3以上。
2026-09-04,amazon_us,product,best_sellers,Best Sellers Women Sandals,1,mazeskin Womens Memory Foam Flip Flops Flat Thong Sandals | Soft Vegan Leather Comfortable Cushioned Casual Dressy Beach Summer Minimalist Slim Slide Shoes Indoor Outdoor,,4.1,$9.99,,,,,,https://www.amazon.com/mazeskin-Womens-Comfortable-Sandals-Leather/dp/B0F32KMZ18/ref=zg_bs_g_679425011_d_sccl_1/133-0539383-4168010?psc=1,"https://images-na.ssl-images-amazon.com/images/I/71jV8GHPNSL._AC_UL600_SR600,400_.jpg",64,排名靠前；标题包含 comfort、soft、beach、summer，符合美国女鞋舒适化趋势；评分达到4.0以上。
2026-09-04,amazon_us,product,search,women summer slippers,10,WHITIN,¥71.93,4.1,WHITIN,,,,,,https://www.amazon.com/WHITIN-Slippers-Cushioned-Fashionable-Lightweight/dp/B0C1C17KH8/ref=sr_1_7?dib=eyJ2IjoiMSJ9.eZQEUMTacA8IMNnsyu_bgdAfokbXryRF-Wq1ca20VG08cZsQrBwFJdUT61LMAIXpEQ8-qs3HdByLMKXp8q0T9eikDGAvdeGBCeo3_kAiSwMOy0l0arvWgbvAIxG7JwcalWJJBXfUJqcFsbwPpO-OW23zs0plR11Moy-JLTWXwRi25PDVZr-GgAM2UsrdTfPXJglX8C4RnNuENzeaa5rRK3KGc5jKQSp5vxNiIeo_GcgpOfHsq86cLcGSmNvWw1U7oixXEYUW_O66bUKHduYYi0eGnPr7tcPi4y0RJ6yQ3xk.xbn95su4K2FNyTx1uFrdW0nYwkOlf6Evm82rw2KfAOk&dib_tag=se&keywords=women+summer+slippers&qid=1788499822&sr=8-7,https://m.media-amazon.com/images/I/71nA8egRirL._AC_UL320_.jpg,64,排名靠前；价格处于人民币等值¥57.60-¥180.00黄金区间；评分达到4.0以上。
2026-09-04,amazon_us,product,best_sellers,Best Sellers Women Sandals,23,KuaiLu Flip Flops for Women with Arch Support Summer Beach Thong Sandals | Comfortable Walking Shoes Lightweight Soft Yoga Mat Cushion Floral Outfits Slip On Indoor Outdoor,,4.5,$13.99,,,,,,https://www.amazon.com/KuaiLu-Comfortable-Waterproof-Supportive-Flipflops/dp/B0CTML36SJ/ref=zg_bs_g_679425011_d_sccl_23/133-0539383-4168010?psc=1,"https://images-na.ssl-images-amazon.com/images/I/71FLg8v7ZyL._AC_UL600_SR600,400_.jpg",62,排名进入前30；标题包含 comfort、arch support、soft、beach、summer，符合美国女鞋舒适化趋势；评分达到4.3以上。
2026-09-04,amazon_us,product,search,women summer slippers,1,Chantomoo Slippers for Women Memory Foam House Bedroom Corduroy Bow Crossbands Slipper Shoes Comfy Trendy Gift Slippers Chantomoo Slippers for Women Memory Foam Hous…,¥215.93,4.4,,,,,,,https://aax-us-east-retail-direct.amazon.com/x/c/JNa9FLp_mKw_scUcm2WbGMwAAAGgauWIHAEAAAH2AQBvbm9fdHhuX2JpZDcgICBvbm9fdHhuX2ltcDIgICA6uKYR/clv1c_ek-wBYHXFcbWDn2nI7dEye7ISbwbJnZUnNImFO-EH6sNhVGDHtaqOi_Rx08VEHfDrEpDkQ2kzXoq37JJnUPrXAn2UGCreTbt5mTvDy9q7P8VByGtIo4bl9SGo3t1rqrhdysyIwuI69fRBndDDeg4s80esZwalkH6EsW9SDW02mb3GekTDbri0raUlBZcwy86HJN9cEUMnAbWw9Alg-BAcAuJFe07OFQs2Kqf5PD-EcTZs1Q2SxW8R76vV0fvXJ-pDihN7qjsslZeKtLBH7B4cyeBbOqyZNcQPR6YK79iaqx150VYXlPiV-hx0uiCAjZAScHfFQnDm5ilnMdmyd1DT0GqnlDg6zG8mkgyW6TWFO2VBhaF81t9SyF84uut1iSwpM4W8gfb0cT-RFdwqioWZKBz23vekKpoa38aNqLut56YBgFd49Ar8WmKzzdGufPxRt1P2xDFfkp88FhtbpIZwzySUvoLXPn_EfVwPdeqE8L3UH4pIpWiCa1mjocyESLaxgvU7AfJte4973n_vHoXioA8mY5NJSvC5CFC5B8J0sbqpIZ1j8NK1xFT75DTjTvHguymGmQPskg6O4O-wlAJCJomPPBzS5ImiJxTHBFdnXwjk5pjGwRBzyV7vIM4iT6ZoPrm47CjR_kGrFeLNH8ZvNQK0RvoFfeliybCkKio_9odwhPT8whi2S_qOv_Mld0OJpx8pHVyZZ-S8vbGD5wfb3FURp6rLk9KuD7kmme0qIbZRcEkSKMLzEUo2LxigTiukusmSsvbeXMPxLtFxdWduBnC1C9UTUb1Vv9kgrHnqdmEFGaHe659HFf-M-wdu2BVPS1nYfUfIzKMAUQNExPxhM2NtZpL9jjzLgJmXubXK8v5tlDMl_O59pHWF3KqEnFDONvcniY9kShTnMDGvOX6mVdSTPeEgFgT1Yy8PeBNqO0jebSHbs4aMFB0dA0DJhYrobf8bZun_Ns2cGLlgDvpXQ7-ODlFosj7nYUKvkdy0u_XksuGw5nq5HCKRN7jrjzgM81jnvRHvMVSwPhJn0pNijqiZuSRQpwOQZxwMhEfS4nrgVHEdVT_etNaR6tY8_qxeN4NAjyXefUrYWiVZTM7HVgBYKbkDCZJUI4TsVBvlL3Wo17zBM82538XEg3_LgDB746R-XeZKdhiD1MOGNL2iLZzzsyzOn65TCf2FejWILJk1aUOzf2G7yPnxkmY5epz-2E13FF2WMTbGdZJOCwoN0pvauwch9XGHKVefvxW9QaSVyLbgn-G7YMlFpq3Kbw6cUVPVCEqa4xLuR578hHWFxcHcnw3UGHl6fLGImVMpB31vhYjUnHQSKAhC65ZxPlBj2MI_OKaoyrzYJjv4tAhm84FdnKqY42n-nuwxVdPS4p9RGSB15B-7M2alCmE-P9gPmZQcjKMhpZEQhvUMbfHEsz9Ey9eDCOBbsGHO3QbZebeQ3SWGFQYXwpzrowf1lJ8vQH-WqeUwRgEacAnzM2L5K3O_R_-g4GF8zyIZ8NCT7OGebI4zdLzNwqXUxUMHeEMYpOoZegZ0EB95FKX6kSPRbRVj9LiM_ZfjXbeIEBnYcYI7iJvwm-RxOOm3-ZESeoFSPVcj6GIlsj_0Avp8KQV-ZHWEEeMAISyS2L2TkneOcSSfOjy2pU8PdnV_atw2QvKvmD_qrYIXEZSmr5eTamGpkvz570/https://www.amazon.com/gp/aw/d/B0C7H38YBT/?_encoding=UTF8&pd_rd_plhdr=t&aaxitk=e1dc8951dc6a869de52e94b8a9c6e0fe&hsa_cr_id=0&qid=1788499822&sr=1-1-9e67e56a-6f64-441f-a281-df67fc737124&i=aps&aref=qwdxKUM9Cs&ref_=sbx_s_sparkle_sbtcd_asin_0_bkgd&pd_rd_w=TsTyJ&content-id=amzn1.sym.8de9b3d5-f5c5-40e9-9b39-d65f08d6ea68%3Aamzn1.sym.8de9b3d5-f5c5-40e9-9b39-d65f08d6ea68&pf_rd_p=8de9b3d5-f5c5-40e9-9b39-d65f08d6ea68&pf_rd_r=4SHJKYP4439XFGTTQNCH&pd_rd_wg=CFa3a&pd_rd_r=497a8eb2-64f1-4db5-bbbb-e3a4696c9145,"https://m.media-amazon.com/images/I/711Z9Ju3AqL._AC_SR160,134_CB1169409_QL70_.jpg",62,排名靠前；价格处于人民币等值¥180.00-¥288.00区间；评分达到4.3以上。
2026-09-04,amazon_us,product,search,women summer slippers,3,Chantomoo Slippers for Women Memory Foam House Bedroom Corduroy Bow Crossbands Slipper Shoes Comfy Trendy Gift Slippers Chantomoo Slippers for Women Memory Foam Hous…,¥287.93,4.4,,,,,,,https://aax-us-east-retail-direct.amazon.com/x/c/JNa9FLp_mKw_scUcm2WbGMwAAAGgauWIHAEAAAH2AQBvbm9fdHhuX2JpZDcgICBvbm9fdHhuX2ltcDIgICA6uKYR/clv1c_ek-wBYHXFcbWDn2nI7dEye7ISbwbJnZUnNImFO-EH6sNhVGDHtaqOi_Rx08VEHfDrEpDkQ2kzXoq37JJnUPrXAn2UGCreTbt5mTvDy9q7P8VByGtIo4bl9SGo3t1rqrhdysyIwuI69fRBndDDeg4s80esZwalkH6EsW9SDW02mb3GekTDbri0raUlBZcwy86HJN9cEUMnAbWw9Alg-BAcAuJFe07OFQs2Kqf5PD-EcTZs1Q2SxW8R76vV0fvXJ-pDihN7qjsslZeKtLBH7B4cyeBbOqyZNcQPR6YK79iaqx150VYXlPiV-hx0uiCAjZAScHfFQnDm5ilnMdmyd1DT0GqnlDg6zG8mkgyW6TWFO2VBhaF81t9SyF84uut1iSwpM4W8gfb0cT-RFdwqioWZKBz23vekKpoa38aNqLut56YBgFd49Ar8WmKzzdGufPxRt1P2xDFfkp88FhtbpIZwzySUvoLXPn_EfVwPdeqE8L3UH4pIpWiCa1mjocyESLaxgvU7AfJte4973n_vHoXioA8mY5NJSvC5CFC5B8J0sbqpIZ1j8NK1xFT75DTjTvHguymGmQPskg6O4O-wlAJCJomPPBzS5ImiJxTHBFdnXwjk5pjGwRBzyV7vIM4iT6ZoPrm47CjR_kGrFeLNH8ZvNQK0RvoFfeliybCkKio_9odwhPT8whi2S_qOv_Mld0OJpx8pHVyZZ-S8vbGD5wfb3FURp6rLk9KuD7kmme0qIbZRcEkSKMLzEUo2LxigTiukusmSsvbeXMPxLtFxdWduBnC1C9UTUb1Vv9kgrHnqdmEFGaHe659HFf-M-wdu2BVPS1nYfUfIzKMAUQNExPxhM2NtZpL9jjzLgJmXubXK8v5tlDMl_O59pHWF3KqEnFDONvcniY9kShTnMDGvOX6mVdSTPeEgFgT1Yy8PeBNqO0jebSHbs4aMFB0dA0DJhYrobf8bZun_Ns2cGLlgDvpXQ7-ODlFosj7nYUKvkdy0u_XksuGw5nq5HCKRN7jrjzgM81jnvRHvMVSwPhJn0pNijqiZuSRQpwOQZxwMhEfS4nrgVHEdVT_etNaR6tY8_qxeN4NAjyXefUrYWiVZTM7HVgBYKbkDCZJUI4TsVBvlL3Wo17zBM82538XEg3_LgDB746R-XeZKdhiD1MOGNL2iLZzzsyzOn65TCf2FejWILJk1aUOzf2G7yPnxkmY5epz-2E13FF2WMTbGdZJOCwoN0pvauwch9XGHKVefvxW9QaSVyLbgn-G7YMlFpq3Kbw6cUVPVCEqa4xLuR578hHWFxcHcnw3UGHl6fLGImVMpB31vhYjUnHQSKAhC65ZxPlBj2MI_OKaoyrzYJjv4tAhm84FdnKqY42n-nuwxVdPS4p9RGSB15B-7M2alCmE-P9gPmZQcjKMhpZEQhvUMbfHEsz9Ey9eDCOBbsGHO3QbZebeQ3SWGFQYXwpzrowf1lJ8vQH-WqeUwRgEacAnzM2L5K3O_R_-g4GF8zyIZ8NCT7OGebI4zdLzNwqXUxUMHeEMYpOoZegZ0EB95FKX6kSPRbRVj9LiM_ZfjXbeIEBnYcYI7iJvwm-RxOOm3-ZESeoFSPVcj6GIlsj_0Avp8KQV-ZHWEEeMAISyS2L2TkneOcSSfOjy2pU8PdnV_atw2QvKvmD_qrYIXEZSmr5eTamGpkvz570/https://www.amazon.com/gp/aw/d/B0FRZFL2QW/?_encoding=UTF8&pd_rd_plhdr=t&aaxitk=e1dc8951dc6a869de52e94b8a9c6e0fe&hsa_cr_id=0&qid=1788499822&sr=1-3-9e67e56a-6f64-441f-a281-df67fc737124&i=aps&aref=qwdxKUM9Cs&ref_=sbx_s_sparkle_sbtcd_asin_2_bkgd&pd_rd_w=TsTyJ&content-id=amzn1.sym.8de9b3d5-f5c5-40e9-9b39-d65f08d6ea68%3Aamzn1.sym.8de9b3d5-f5c5-40e9-9b39-d65f08d6ea68&pf_rd_p=8de9b3d5-f5c5-40e9-9b39-d65f08d6ea68&pf_rd_r=4SHJKYP4439XFGTTQNCH&pd_rd_wg=CFa3a&pd_rd_r=497a8eb2-64f1-4db5-bbbb-e3a4696c9145,"https://m.media-amazon.com/images/I/71Ku9McB09L._AC_SR160,134_CB1169409_QL70_.jpg",62,排名靠前；价格处于人民币等值¥180.00-¥288.00区间；评分达到4.3以上。
2026-09-04,amazon_us,product,search,women slides,9,CUSHIONAIRE,¥194.33,4.4,CUSHIONAIRE,,,,,,https://www.amazon.com/CUSHIONAIRE-Womens-Feather-recovery-Comfort/dp/B0BTQ7ZS7B/ref=sr_1_8?dib=eyJ2IjoiMSJ9.wrqHnvIFpzxZDCy1gVq3f0L_foJ7eCfF1K6HgQ1qAHIfMmCWmWdfyUMFxorA-Btqwl2mhNFDUGoBULQYkP73iS_LqYi8K7NqA7_JZctPCt3pCMeL1DluUGjulf_WJEibIIZFMj5hVU6UotA218Q2TLla4sDJnEWxV9Ohkcb7xk2mLL1MCyc2Mt5dagzdpnRHvii6bhopcPODaaJvRoPzJbAI0N0XWzR5Y44BM-ZyJlPOF7jjafYZ8m1VkHsAfDboX3wDFt4TM1K6OKTrzbhYUqF-hH5CVd_fCCItQDh-0mk.OgbBMtJZPgGfionyh_P0eGdOSQhEN3PqAhqtNPyCbws&dib_tag=se&keywords=women+slides&qid=1788499823&sr=8-8,https://m.media-amazon.com/images/I/81PBXKFp76L._AC_UL320_.jpg,62,排名靠前；价格处于人民币等值¥180.00-¥288.00区间；评分达到4.3以上。
2026-09-04,amazon_us,product,best_sellers,Best Sellers Women Sandals,4,"Archies Arch Support Flip Flops for Men & Women – Orthotic Sandals for Plantar Fasciitis Relief – Lightweight, Cushioning, Shock-Absorbing Thong Sandals for Walking, Foot Pain & All-Day Comfort",,4.2,$40.00,,,,,,https://www.amazon.com/Archies-Womens-Arch-Support-Black/dp/B086SYFKLP/ref=zg_bs_g_679425011_d_sccl_4/133-0539383-4168010?psc=1,"https://images-na.ssl-images-amazon.com/images/I/81xintmVcHL._AC_UL600_SR600,400_.jpg",61,排名靠前；标题包含 comfort、arch support，符合美国女鞋舒适化趋势；评分达到4.0以上。
2026-09-04,amazon_us,product,new_releases,New Releases Women Sandals,8,mazeskin Womens Soft Jelly Flip Flops Square Thong Sandals | Waterproof Beach Pool Vacation Summer Non Slip Splash Flexible Casual Transparent Crystal Clear Shoes,,4.3,$13.99,,,,,,https://www.amazon.com/mazeskin-Womens-Jelly-Square-Sandals/dp/B0H4P7RNBF/ref=zg_bsnr_g_679425011_d_sccl_8/130-2908824-9009315?psc=1,"https://images-na.ssl-images-amazon.com/images/I/711Rr+br5KL._AC_UL600_SR600,400_.jpg",61,排名靠前；标题包含 soft、beach、summer，符合美国女鞋舒适化趋势；评分达到4.3以上。
2026-09-04,amazon_us,product,new_releases,New Releases Women Sandals,23,GETOEU Arch Support Flip Flops for Women Square Toe Thong Sandals Comfortable Summer Beach Lightweight Flip Flops,,4.3,$9.99,,,,,,https://www.amazon.com/GETOEU-Support-Sandals-Comfortable-Lightweight/dp/B0H33X2P5N/ref=zg_bsnr_g_679425011_d_sccl_23/130-2908824-9009315?psc=1,"https://images-na.ssl-images-amazon.com/images/I/812JKZIwOpL._AC_UL600_SR600,400_.jpg",60,排名进入前30；标题包含 comfort、arch support、beach、summer，符合美国女鞋舒适化趋势；评分达到4.3以上。
2026-09-04,amazon_us,product,search,women summer slippers,15,"shevalues Summer House Slippers for Women Men Waffle Indoor Slippers | Breathable Open toe Home Shoes, Memory Foam Slip-on Washable Bedroom Slides shevalues Summer House Slippers for Women Men Waffle Indoor Slippers | Breathable Open toe Home Shoes, Memory Foam Slip-on Washable Bedro…",¥134.57,4.3,4.3,,,,,,https://sponsored-ads.amazon.com/clk/?_encoding=UTF8&p=eAFVUM2O0lAYDU7UCY4_YTEmuMPIguTS9tIWiiGmt73DNGBhKKCZzc2l97Y0lP7eCHHBU2h8Cze-wPgGLlz5Bm58BhMZYzyrk5yf78up-qe_Pv_8fq_20Jwvp_bIGb2VbTxrVJTWecCTaE_KSO6iN4yO8NDcwtzsn3uxnBodgSFzkablcbG0Nmo4e6C2FU1rK4belq_veGh1auL5JZ45Xu1p9T7j5UakWe1s4c6wNRm6zjW2618q1ee3Cik5Lfw1yXjhpzEVnERJHCWcrERQq9ItfZ8mbT_d1p-VK-DHtCwjHxwz4OgEmdK4yxOy8FpauQJizbecAT-NY-6LKE3AOwhujwGfFqwEGY0SwQvgp4ngiYAv0Mx0bWJNxmNszZ2J6xHHHTsuJmNniYmNvdF8Mm3o1Yr85Me3rx9vbkD90d_K4xONx1CWZWioSkfVFc3owZOFZ_dPrKnVGtVe2si0sgsHdM0Dyo8IzQO6yhHMXpv_44DCA7o6IPMPCetnVoj3QxOHGd1w-KlS_VBZC5GVfUna7XbtfxNJYSbRncQkJCOoXnanOnyVMVIwksVrVgxEc11S4hckYgO5mUdsoHR7PdUwehA2y2KgAAVoVNN0GBggYAEDqiIrwAgMBlhXp9QwjJ7agc1oQLOySQseDHC6D5cX-lDkvwGjmLwp&v=c1&r=https%3A%2F%2Fwww.amazon.com%2Fgp%2Faw%2Fd%2FB0B24H7P62%3Fpd_rd_plhdr%3Dt%26hsa_cr_id%3D0%26qid%3D1788499822%26sr%3D1-1-5a5562f9-fdfd-4101-9f9d-d76aa9998432%26i%3Daps%26aref%3DEoxgVF6Gtq&ref_=sbx__sbtcd2_asin_0_bkgd&pd_rd_w=Syaog&content-id=amzn1.sym.90f77631-9599-4fe0-95f8-a40adfe1c762%3Aamzn1.sym.90f77631-9599-4fe0-95f8-a40adfe1c762&pf_rd_p=90f77631-9599-4fe0-95f8-a40adfe1c762&pf_rd_r=4SHJKYP4439XFGTTQNCH&pd_rd_wg=FFGJy&pd_rd_r=d3d02227-4855-43e7-9c20-c92436ef8e30,"https://m.media-amazon.com/images/I/81Dksr5STpL._AC_SR322,134_CB1169409_QL70_.jpg",60,排名进入前30；价格处于人民币等值¥57.60-¥180.00黄金区间；标题包含 summer，符合美国女鞋舒适化趋势；评分达到4.3以上。
2026-09-04,amazon_us,product,search,women summer slippers,26,Women and Men Linen House Slippers Indoor,¥100.73,4.1,100+ bought in past month,,,,,,https://www.amazon.com/EitCaton-Slippers-Non-Slip-Open-Toe-Washable/dp/B0DVR24MMK/ref=sr_1_20?dib=eyJ2IjoiMSJ9.eZQEUMTacA8IMNnsyu_bgdAfokbXryRF-Wq1ca20VG08cZsQrBwFJdUT61LMAIXpEQ8-qs3HdByLMKXp8q0T9eikDGAvdeGBCeo3_kAiSwMOy0l0arvWgbvAIxG7JwcalWJJBXfUJqcFsbwPpO-OW23zs0plR11Moy-JLTWXwRi25PDVZr-GgAM2UsrdTfPXJglX8C4RnNuENzeaa5rRK3KGc5jKQSp5vxNiIeo_GcgpOfHsq86cLcGSmNvWw1U7oixXEYUW_O66bUKHduYYi0eGnPr7tcPi4y0RJ6yQ3xk.xbn95su4K2FNyTx1uFrdW0nYwkOlf6Evm82rw2KfAOk&dib_tag=se&keywords=women+summer+slippers&qid=1788499822&sr=8-20,https://m.media-amazon.com/images/I/81HinGlzSrL._AC_UL320_.jpg,59,排名进入前30；评论数达到50以上；价格处于人民币等值¥57.60-¥180.00黄金区间；评分达到4.0以上。
2026-09-04,amazon_us,product,search,women slides,10,Under Armour,¥180.72,4.2,Under Armour,,,,,,https://www.amazon.com/Under-Armour-Womens-Ignite-Slides/dp/B0F34CRJP6/ref=sr_1_9?dib=eyJ2IjoiMSJ9.wrqHnvIFpzxZDCy1gVq3f0L_foJ7eCfF1K6HgQ1qAHIfMmCWmWdfyUMFxorA-Btqwl2mhNFDUGoBULQYkP73iS_LqYi8K7NqA7_JZctPCt3pCMeL1DluUGjulf_WJEibIIZFMj5hVU6UotA218Q2TLla4sDJnEWxV9Ohkcb7xk2mLL1MCyc2Mt5dagzdpnRHvii6bhopcPODaaJvRoPzJbAI0N0XWzR5Y44BM-ZyJlPOF7jjafYZ8m1VkHsAfDboX3wDFt4TM1K6OKTrzbhYUqF-hH5CVd_fCCItQDh-0mk.OgbBMtJZPgGfionyh_P0eGdOSQhEN3PqAhqtNPyCbws&dib_tag=se&keywords=women+slides&qid=1788499823&sr=8-9,https://m.media-amazon.com/images/I/41S9a3VMv1L._AC_UL320_.jpg,59,排名靠前；价格处于人民币等值¥180.00-¥288.00区间；评分达到4.0以上。
2026-09-04,amazon_us,product,search,platform sandals women,7,CUSHIONAIRE,¥287.93,4.0,CUSHIONAIRE,,,,,,https://www.amazon.com/CUSHIONAIRE-Womens-platform-sandal-Memory/dp/B09M96YX6M/ref=sr_1_1?dib=eyJ2IjoiMSJ9.-sztLUvFGvhR_ekbbj8Xk9q6b9rLUApHzs3sX5IbkObJxiy1BMzxvaRPHeF36WMwgflslM5VeVPuykNCZBEmNRhQt0iNIaiiVuEwQI7sMI7DwzZNvxf0YYSIoXmcW8z5c3ZkwRdj6U8datDAbgU2MWlgnpTGXzOJZ1jaQHV-SN47R0mUAb4yqHYcvGTJQPxbAD4Fj89iVA_BGbbYSx-FVLWDJwJpdWwxfFXy5AXefTp0aS9ZATwwSMHon7DqQH59oYdQEzZp2Qh4tAg_AlQEhgQATROHcvlr906FPyA1K1I.7Bl9NBxAGQ17kjWfJofZEjKE4eZfeXzpKxH4c3MSi54&dib_tag=se&keywords=platform+sandals+women&qid=1788499823&sr=8-1,https://m.media-amazon.com/images/I/81v0nOOl2oL._AC_UL320_.jpg,59,排名靠前；价格处于人民币等值¥180.00-¥288.00区间；评分达到4.0以上。
2026-09-04,amazon_us,product,best_sellers,Best Sellers Women Sandals,5,"Ankis Heels for Women Open Toe Ankle Strap Chunky Heel Sandals 2.75 Inch | nude white gold black, adjustable ankle strap, Cushioned footbed, All-day comfort, for various occasions",,4.4,$24.49,,,,,,https://www.amazon.com/Ankis-Nude-Heels-Women-numeric_8/dp/B094CTB3TY/ref=zg_bs_g_679425011_d_sccl_5/133-0539383-4168010?psc=1,"https://images-na.ssl-images-amazon.com/images/I/71dUhT7TubL._AC_UL600_SR600,400_.jpg",58,排名靠前；标题包含 comfort，符合美国女鞋舒适化趋势；评分达到4.3以上。
2026-09-04,amazon_us,product,best_sellers,Best Sellers Women Sandals,7,"CUSHIONAIRE Lane Cork Slide Women's Sandals, Comfortable Sandals for Women | Molded Cork Footbed, Slide Sandals for Women, Adjustable Buckle, Sandals for Wide Feet, Cushioned Sandals for Women, Open Toe",,4.5,$34.99,,,,,,https://www.amazon.com/CUSHIONAIRE-Womens-Slide-Sandals-Brown/dp/B075PBVR9N/ref=zg_bs_g_679425011_d_sccl_7/133-0539383-4168010?psc=1,"https://images-na.ssl-images-amazon.com/images/I/81suZ76XHpL._AC_UL600_SR600,400_.jpg",58,排名靠前；标题包含 comfort，符合美国女鞋舒适化趋势；评分达到4.3以上。
2026-09-04,amazon_us,product,best_sellers,Best Sellers Women Sandals,14,KuaiLu Flip Flops for Women with Arch Support Summer Beach Thong Sandals | Comfortable Yoga Mat Cushion Walking Shoes Slip on Casual Outfits Faux Leather Indoor Outdoor,,4.2,$11.98,,,,,,https://www.amazon.com/KuaiLu-Support-Comfortable-Cushion-Walking/dp/B08GKGCH2R/ref=zg_bs_g_679425011_d_sccl_14/133-0539383-4168010?psc=1,"https://images-na.ssl-images-amazon.com/images/I/81-DUybjK+L._AC_UL600_SR600,400_.jpg",57,排名进入前30；标题包含 comfort、arch support、beach、summer，符合美国女鞋舒适化趋势；评分达到4.0以上。
2026-09-04,amazon_us,product,new_releases,New Releases Women Sandals,9,"Easyfox Chunky Platform Heels for Women Open Toe Block Heeled Sandals | Square Open Toe, Ankle Strap, Chunky Platform Block Heel, Womens Heeled Strappy Sandals for Dates, Wedding and Daily Outfits",,4.2,$44.99,,,,,,https://www.amazon.com/Easyfox-Platform-Chunky-Heeled-Sandals/dp/B0HCTTDHP5/ref=zg_bsnr_g_679425011_d_sccl_9/130-2908824-9009315?psc=1,"https://images-na.ssl-images-amazon.com/images/I/61kEysca9jL._AC_UL600_SR600,400_.jpg",57,排名靠前；标题包含 platform，符合美国女鞋舒适化趋势；评分达到4.0以上。
2026-09-04,amazon_us,product,search,women summer slippers,14,"Cloth Slippers Linen Slippers - Breathable, Anti-Slip, Easy to Clean - Summer Silent Slippers for Women and Men",¥64.73,4.2,"Price, product page $8.99 $ 8 . 99",,,,,,https://www.amazon.com/VIDSID-Linen-Slippers-Breathable-Anti-Slip/dp/B0D4DNFVWP/ref=sr_1_11?dib=eyJ2IjoiMSJ9.eZQEUMTacA8IMNnsyu_bgdAfokbXryRF-Wq1ca20VG08cZsQrBwFJdUT61LMAIXpEQ8-qs3HdByLMKXp8q0T9eikDGAvdeGBCeo3_kAiSwMOy0l0arvWgbvAIxG7JwcalWJJBXfUJqcFsbwPpO-OW23zs0plR11Moy-JLTWXwRi25PDVZr-GgAM2UsrdTfPXJglX8C4RnNuENzeaa5rRK3KGc5jKQSp5vxNiIeo_GcgpOfHsq86cLcGSmNvWw1U7oixXEYUW_O66bUKHduYYi0eGnPr7tcPi4y0RJ6yQ3xk.xbn95su4K2FNyTx1uFrdW0nYwkOlf6Evm82rw2KfAOk&dib_tag=se&keywords=women+summer+slippers&qid=1788499822&sr=8-11,https://m.media-amazon.com/images/I/81CG5b2e3QL._AC_UL320_.jpg,57,排名进入前30；价格处于人民币等值¥57.60-¥180.00黄金区间；标题包含 summer，符合美国女鞋舒适化趋势；评分达到4.0以上。
2026-09-04,amazon_us,product,search,women summer slippers,18,shevalues,¥122.26,4.3,shevalues,,,,,,https://www.amazon.com/Shevalues-Summer-House-Slippers-Men-Breathable-Waffle-Indoor-Slippers-Slip-Open-Toe-Home-Shoes-7-5-8-5-6-5-7-5/dp/B09SLQJ637/ref=sr_1_12?dib=eyJ2IjoiMSJ9.eZQEUMTacA8IMNnsyu_bgdAfokbXryRF-Wq1ca20VG08cZsQrBwFJdUT61LMAIXpEQ8-qs3HdByLMKXp8q0T9eikDGAvdeGBCeo3_kAiSwMOy0l0arvWgbvAIxG7JwcalWJJBXfUJqcFsbwPpO-OW23zs0plR11Moy-JLTWXwRi25PDVZr-GgAM2UsrdTfPXJglX8C4RnNuENzeaa5rRK3KGc5jKQSp5vxNiIeo_GcgpOfHsq86cLcGSmNvWw1U7oixXEYUW_O66bUKHduYYi0eGnPr7tcPi4y0RJ6yQ3xk.xbn95su4K2FNyTx1uFrdW0nYwkOlf6Evm82rw2KfAOk&dib_tag=se&keywords=women+summer+slippers&qid=1788499822&sr=8-12,https://m.media-amazon.com/images/I/81-CmH5PjYL._AC_UL320_.jpg,57,排名进入前30；价格处于人民币等值¥57.60-¥180.00黄金区间；评分达到4.3以上。
2026-09-04,amazon_us,product,search,women summer slippers,19,IPSAE,¥71.86,4.5,IPSAE,,,,,,https://www.amazon.com/IPSAE-Slippers-Corduroy-Slipper-Bedroom/dp/B0DB4W73J3/ref=sr_1_13?dib=eyJ2IjoiMSJ9.eZQEUMTacA8IMNnsyu_bgdAfokbXryRF-Wq1ca20VG08cZsQrBwFJdUT61LMAIXpEQ8-qs3HdByLMKXp8q0T9eikDGAvdeGBCeo3_kAiSwMOy0l0arvWgbvAIxG7JwcalWJJBXfUJqcFsbwPpO-OW23zs0plR11Moy-JLTWXwRi25PDVZr-GgAM2UsrdTfPXJglX8C4RnNuENzeaa5rRK3KGc5jKQSp5vxNiIeo_GcgpOfHsq86cLcGSmNvWw1U7oixXEYUW_O66bUKHduYYi0eGnPr7tcPi4y0RJ6yQ3xk.xbn95su4K2FNyTx1uFrdW0nYwkOlf6Evm82rw2KfAOk&dib_tag=se&keywords=women+summer+slippers&qid=1788499822&sr=8-13,https://m.media-amazon.com/images/I/71GcxKVQLUL._AC_UL320_.jpg,57,排名进入前30；价格处于人民币等值¥57.60-¥180.00黄金区间；评分达到4.3以上。
2026-09-04,amazon_us,product,search,women summer slippers,21,Evshine,¥93.53,4.4,Evshine,,,,,,https://www.amazon.com/Evshine-Summer-Slippers-Corduroy-Bedroom/dp/B0CSN39WDS/ref=sr_1_15?dib=eyJ2IjoiMSJ9.eZQEUMTacA8IMNnsyu_bgdAfokbXryRF-Wq1ca20VG08cZsQrBwFJdUT61LMAIXpEQ8-qs3HdByLMKXp8q0T9eikDGAvdeGBCeo3_kAiSwMOy0l0arvWgbvAIxG7JwcalWJJBXfUJqcFsbwPpO-OW23zs0plR11Moy-JLTWXwRi25PDVZr-GgAM2UsrdTfPXJglX8C4RnNuENzeaa5rRK3KGc5jKQSp5vxNiIeo_GcgpOfHsq86cLcGSmNvWw1U7oixXEYUW_O66bUKHduYYi0eGnPr7tcPi4y0RJ6yQ3xk.xbn95su4K2FNyTx1uFrdW0nYwkOlf6Evm82rw2KfAOk&dib_tag=se&keywords=women+summer+slippers&qid=1788499822&sr=8-15,https://m.media-amazon.com/images/I/71SaoMUrpoL._AC_UL320_.jpg,57,排名进入前30；价格处于人民币等值¥57.60-¥180.00黄金区间；评分达到4.3以上。
2026-09-04,amazon_us,product,search,women summer slippers,22,GOEWY,¥107.93,4.5,GOEWY,,,,,,https://www.amazon.com/GOEWY-Womens-Slippers-Outdoor-Bedroom/dp/B0GDQFFJKG/ref=sr_1_16?dib=eyJ2IjoiMSJ9.eZQEUMTacA8IMNnsyu_bgdAfokbXryRF-Wq1ca20VG08cZsQrBwFJdUT61LMAIXpEQ8-qs3HdByLMKXp8q0T9eikDGAvdeGBCeo3_kAiSwMOy0l0arvWgbvAIxG7JwcalWJJBXfUJqcFsbwPpO-OW23zs0plR11Moy-JLTWXwRi25PDVZr-GgAM2UsrdTfPXJglX8C4RnNuENzeaa5rRK3KGc5jKQSp5vxNiIeo_GcgpOfHsq86cLcGSmNvWw1U7oixXEYUW_O66bUKHduYYi0eGnPr7tcPi4y0RJ6yQ3xk.xbn95su4K2FNyTx1uFrdW0nYwkOlf6Evm82rw2KfAOk&dib_tag=se&keywords=women+summer+slippers&qid=1788499822&sr=8-16,https://m.media-amazon.com/images/I/81Rjonfb3+L._AC_UL320_.jpg,57,排名进入前30；价格处于人民币等值¥57.60-¥180.00黄金区间；评分达到4.3以上。
2026-09-04,amazon_us,product,search,women summer slippers,25,KuaiLu,¥100.66,4.3,KuaiLu,,,,,,https://www.amazon.com/KuaiLu-Support-Comfortable-Walking-Sandals/dp/B0C5ZZ51RT/ref=sr_1_19?dib=eyJ2IjoiMSJ9.eZQEUMTacA8IMNnsyu_bgdAfokbXryRF-Wq1ca20VG08cZsQrBwFJdUT61LMAIXpEQ8-qs3HdByLMKXp8q0T9eikDGAvdeGBCeo3_kAiSwMOy0l0arvWgbvAIxG7JwcalWJJBXfUJqcFsbwPpO-OW23zs0plR11Moy-JLTWXwRi25PDVZr-GgAM2UsrdTfPXJglX8C4RnNuENzeaa5rRK3KGc5jKQSp5vxNiIeo_GcgpOfHsq86cLcGSmNvWw1U7oixXEYUW_O66bUKHduYYi0eGnPr7tcPi4y0RJ6yQ3xk.xbn95su4K2FNyTx1uFrdW0nYwkOlf6Evm82rw2KfAOk&dib_tag=se&keywords=women+summer+slippers&qid=1788499822&sr=8-19,https://m.media-amazon.com/images/I/710PdcSAm6L._AC_UL320_.jpg,57,排名进入前30；价格处于人民币等值¥57.60-¥180.00黄金区间；评分达到4.3以上。
2026-09-04,amazon_us,product,search,women slides,13,"RockDove Women's Adjustable Wrap Memory Foam Slide Slipper | Memory Foam, Indoor/Outdoor Sole, Non-Slip, Lightweight, Machine Washable, Skin-Friendly, Breathable, Non-Sweat RockDove Women's Adjustable Wrap Memory Foam Slide Slipper | Memory Foam, Indoor/Outdoor Sole,…",¥134.50,4.3,4.3,,,,,,https://sponsored-ads.amazon.com/clk/?_encoding=UTF8&p=eAFVULmO01AUVRgBIzMsSjFIoQsiRaQXL7EdO8hC3uKYeJzFyYSZ5unF73khju3YFokoUvIFSPwFDS0NBRUtPwENv4BEBiFOdaSz3KtD-ae_Pv74fqd-X51fToyRPXrFGOasWWPb5wFJ4z3cD_joglXjyf6l5XuB2j9Xk-XSsZbrZWLvR8zVhT58vc6ms3t8hxWEDiuLHeb6lqetTlVzPjRntld_TN3FpFxXWV4_W7gzUx9brn1tGo1PNerpjQJLggo_gjkp_CxBFYFxmsQpgasqqFNog95macfPNo0n5Qr4CSrL2AfHDDg6Qc42b5MULry2UK5AFZENwcDPkoT4VZyl4A0Hbo4BHxW4BDmK04oUwM_SiqQV90ybqa4B9bHjmPrcHrsetF3Hdk3o2JcmNExvNB9PmiJVYx79_Prt3ecvRuPB38rjE82HHMMwkiAxkijx3R7LnSw8o3-iT_T2qP7c0FQ9H9igpx607RGhetCmW43Ll-r_OGjhQZseNPUPCRtnemjuLdUMc7Qm3Ica9b4WVVVe9ml6t9t1_k1EhzmNdjSmNabnitaVNeBe5BgWGOZJhAulakUlgn4BY6wwrW2MFbYnSbwsS1y3VRYKC1ggIEEQuUAGAQ4w4FmGBXIgY4B7IkKyLEt8l2vFCsrLFipIoGyFjCdONcbD3zdLvQQ&v=c1&r=https%3A%2F%2Fwww.amazon.com%2Fgp%2Faw%2Fd%2FB07N6GYGF2%3Fpd_rd_plhdr%3Dt%26hsa_cr_id%3D0%26qid%3D1788499823%26sr%3D1-1-5a5562f9-fdfd-4101-9f9d-d76aa9998432%26i%3Daps%26aref%3Dq5o4eLtOdH&ref_=sbx__sbtcd2_asin_0_bkgd&pd_rd_w=pDtV0&content-id=amzn1.sym.90f77631-9599-4fe0-95f8-a40adfe1c762%3Aamzn1.sym.90f77631-9599-4fe0-95f8-a40adfe1c762&pf_rd_p=90f77631-9599-4fe0-95f8-a40adfe1c762&pf_rd_r=MSJKP3YCG5VAQD34JJ31&pd_rd_wg=yVwYW&pd_rd_r=15aa7c02-aee1-4657-9094-7d824b967140,"https://m.media-amazon.com/images/I/81P3RDvmnJL._AC_SR322,134_CB1169409_QL70_.jpg",57,排名进入前30；价格处于人民币等值¥57.60-¥180.00黄金区间；评分达到4.3以上。
2026-09-04,amazon_us,product,search,women slides,21,Joomra,¥143.86,4.3,Joomra,,,,,,https://www.amazon.com/Joomra-Slippers-Massage-Cushion-Bathroom/dp/B0965322N2/ref=sr_1_15?dib=eyJ2IjoiMSJ9.wrqHnvIFpzxZDCy1gVq3f0L_foJ7eCfF1K6HgQ1qAHIfMmCWmWdfyUMFxorA-Btqwl2mhNFDUGoBULQYkP73iS_LqYi8K7NqA7_JZctPCt3pCMeL1DluUGjulf_WJEibIIZFMj5hVU6UotA218Q2TLla4sDJnEWxV9Ohkcb7xk2mLL1MCyc2Mt5dagzdpnRHvii6bhopcPODaaJvRoPzJbAI0N0XWzR5Y44BM-ZyJlPOF7jjafYZ8m1VkHsAfDboX3wDFt4TM1K6OKTrzbhYUqF-hH5CVd_fCCItQDh-0mk.OgbBMtJZPgGfionyh_P0eGdOSQhEN3PqAhqtNPyCbws&dib_tag=se&keywords=women+slides&qid=1788499823&sr=8-15,https://m.media-amazon.com/images/I/71pkhgTTRXL._AC_UL320_.jpg,57,排名进入前30；价格处于人民币等值¥57.60-¥180.00黄金区间；评分达到4.3以上。
2026-09-04,amazon_us,product,search,women slides,24,Weweya,¥71.86,4.4,Weweya,,,,,,https://www.amazon.com/Weweya-Shower-Non-Slip-Outdoor-Sandals/dp/B0F1XTPHY8/ref=sr_1_18?dib=eyJ2IjoiMSJ9.wrqHnvIFpzxZDCy1gVq3f0L_foJ7eCfF1K6HgQ1qAHIfMmCWmWdfyUMFxorA-Btqwl2mhNFDUGoBULQYkP73iS_LqYi8K7NqA7_JZctPCt3pCMeL1DluUGjulf_WJEibIIZFMj5hVU6UotA218Q2TLla4sDJnEWxV9Ohkcb7xk2mLL1MCyc2Mt5dagzdpnRHvii6bhopcPODaaJvRoPzJbAI0N0XWzR5Y44BM-ZyJlPOF7jjafYZ8m1VkHsAfDboX3wDFt4TM1K6OKTrzbhYUqF-hH5CVd_fCCItQDh-0mk.OgbBMtJZPgGfionyh_P0eGdOSQhEN3PqAhqtNPyCbws&dib_tag=se&keywords=women+slides&qid=1788499823&sr=8-18,https://m.media-amazon.com/images/I/61QGXLFgg+L._AC_UL320_.jpg,57,排名进入前30；价格处于人民币等值¥57.60-¥180.00黄金区间；评分达到4.3以上。
2026-09-04,amazon_us,product,search,platform sandals women,11,TIKVAW,¥95.69,4.3,TIKVAW,,,,,,https://www.amazon.com/TIKVAW-Support-Platform-Sandals-Adjustable/dp/B0C8TVJF3P/ref=sr_1_5?dib=eyJ2IjoiMSJ9.-sztLUvFGvhR_ekbbj8Xk9q6b9rLUApHzs3sX5IbkObJxiy1BMzxvaRPHeF36WMwgflslM5VeVPuykNCZBEmNRhQt0iNIaiiVuEwQI7sMI7DwzZNvxf0YYSIoXmcW8z5c3ZkwRdj6U8datDAbgU2MWlgnpTGXzOJZ1jaQHV-SN47R0mUAb4yqHYcvGTJQPxbAD4Fj89iVA_BGbbYSx-FVLWDJwJpdWwxfFXy5AXefTp0aS9ZATwwSMHon7DqQH59oYdQEzZp2Qh4tAg_AlQEhgQATROHcvlr906FPyA1K1I.7Bl9NBxAGQ17kjWfJofZEjKE4eZfeXzpKxH4c3MSi54&dib_tag=se&keywords=platform+sandals+women&qid=1788499823&sr=8-5,https://m.media-amazon.com/images/I/71mwMI75T8L._AC_UL320_.jpg,57,排名进入前30；价格处于人民币等值¥57.60-¥180.00黄金区间；评分达到4.3以上。
2026-09-04,amazon_us,product,search,platform sandals women,25,Project Cloud,¥287.28,4.2,Project Cloud,,,,,,https://www.amazon.com/Project-Cloud-Platform-Sandals-Women/dp/B0FTTJXGPG/ref=sr_1_13?dib=eyJ2IjoiMSJ9.-sztLUvFGvhR_ekbbj8Xk9q6b9rLUApHzs3sX5IbkObJxiy1BMzxvaRPHeF36WMwgflslM5VeVPuykNCZBEmNRhQt0iNIaiiVuEwQI7sMI7DwzZNvxf0YYSIoXmcW8z5c3ZkwRdj6U8datDAbgU2MWlgnpTGXzOJZ1jaQHV-SN47R0mUAb4yqHYcvGTJQPxbAD4Fj89iVA_BGbbYSx-FVLWDJwJpdWwxfFXy5AXefTp0aS9ZATwwSMHon7DqQH59oYdQEzZp2Qh4tAg_AlQEhgQATROHcvlr906FPyA1K1I.7Bl9NBxAGQ17kjWfJofZEjKE4eZfeXzpKxH4c3MSi54&dib_tag=se&keywords=platform+sandals+women&qid=1788499823&sr=8-13,https://m.media-amazon.com/images/I/71J636VmPQL._AC_UL320_.jpg,57,排名进入前30；价格处于人民币等值¥180.00-¥288.00区间；标题包含 cloud，符合美国女鞋舒适化趋势；评分达到4.0以上。
2026-09-04,amazon_us,product,best_sellers,Best Sellers Women Sandals,20,Project Cloud Flip Flops for Women Memory Foam Flats Sandals | Lightweight and Durable Non-Slip Sole Womens Sandals - Beach Essentials Womens Flat Sandals for Everyday Comfort Daily Wear,,4.1,$22.90,,,,,,https://www.amazon.com/Project-Cloud-Flip-flops-Women/dp/B0D2F7FF1F/ref=zg_bs_g_679425011_d_sccl_20/133-0539383-4168010?psc=1,"https://images-na.ssl-images-amazon.com/images/I/41JMYLSDC3L._AC_UL600_SR600,400_.jpg",56,排名进入前30；标题包含 cloud、comfort、beach，符合美国女鞋舒适化趋势；评分达到4.0以上。
2026-09-04,amazon_us,product,best_sellers,Best Sellers Women Sandals,6,"DREAM PAIRS Women's Comfort Block Heel Sandals | Open Toe Adjustable Ankle Strap Chunky Dress Heels, Fashion Heeled Sandals for Prom, Wedding Guest and Formal Events",,4.2,$25.48,,,,,,https://www.amazon.com/DREAM-PAIRS-Womens-Chunk-Sandals/dp/B071CTLNBL/ref=zg_bs_g_679425011_d_sccl_6/133-0539383-4168010?psc=1,"https://images-na.ssl-images-amazon.com/images/I/61mjdmlQ3bL._AC_UL600_SR600,400_.jpg",55,排名靠前；标题包含 comfort，符合美国女鞋舒适化趋势；评分达到4.0以上。
2026-09-04,amazon_us,product,best_sellers,Best Sellers Women Sandals,10,Clarks Women's Breeze Sea Flip-Flop,,4.7,$36.95,,,,,,https://www.amazon.com/Clarks-Womens-Breeze-Flip-Synthetic/dp/B01FH9EOUK/ref=zg_bs_g_679425011_d_sccl_10/133-0539383-4168010?psc=1,"https://images-na.ssl-images-amazon.com/images/I/61CUHH0LXiL._AC_UL600_SR600,400_.jpg",55,排名靠前；评分达到4.6以上。
2026-09-04,amazon_us,product,best_sellers,Best Sellers Women Sandals,24,OOFOS OOriginal Recovery Sandal - Women’s and Men’s,,4.5,$59.84,,,,,,https://www.amazon.com/OOFOS-OOriginal-Sandal-Womens-Medium/dp/B09X44VHJ5/ref=zg_bs_g_679425011_d_sccl_24/133-0539383-4168010?psc=1,"https://images-na.ssl-images-amazon.com/images/I/51LASkyB4yL._AC_UL600_SR600,400_.jpg",55,排名进入前30；评论数达到50以上；标题包含 recovery，符合美国女鞋舒适化趋势；评分达到4.3以上。
2026-09-04,amazon_us,product,new_releases,New Releases Women Sandals,10,"DREAM PAIRS Women's Stiletto Kitten Heeled Sandals | Pointed Open Toe Chunky Block Heels, Heeled Sandals Wedding Bridal Party, 3.78-inch stiletto heel Comfortable Shoes",,4.0,$39.99,,,,,,https://www.amazon.com/DREAM-PAIRS-Womens-Stiletto-Sandals/dp/B0H2TR91HX/ref=zg_bsnr_g_679425011_d_sccl_10/130-2908824-9009315?psc=1,"https://images-na.ssl-images-amazon.com/images/I/61UGcx94nZL._AC_UL600_SR600,400_.jpg",55,排名靠前；标题包含 comfort，符合美国女鞋舒适化趋势；评分达到4.0以上。
2026-09-04,amazon_us,product,search,women slides,5,OOFOS,¥431.64,4.4,OOFOS,,,,,,https://www.amazon.com/OOFOS-OOahh-Unisex-Slide-Sandal/dp/B0B6GPWP7Y/ref=sr_1_4?dib=eyJ2IjoiMSJ9.wrqHnvIFpzxZDCy1gVq3f0L_foJ7eCfF1K6HgQ1qAHIfMmCWmWdfyUMFxorA-Btqwl2mhNFDUGoBULQYkP73iS_LqYi8K7NqA7_JZctPCt3pCMeL1DluUGjulf_WJEibIIZFMj5hVU6UotA218Q2TLla4sDJnEWxV9Ohkcb7xk2mLL1MCyc2Mt5dagzdpnRHvii6bhopcPODaaJvRoPzJbAI0N0XWzR5Y44BM-ZyJlPOF7jjafYZ8m1VkHsAfDboX3wDFt4TM1K6OKTrzbhYUqF-hH5CVd_fCCItQDh-0mk.OgbBMtJZPgGfionyh_P0eGdOSQhEN3PqAhqtNPyCbws&dib_tag=se&keywords=women+slides&qid=1788499823&sr=8-4,https://m.media-amazon.com/images/I/51dH7-05JjL._AC_UL320_.jpg,55,排名靠前；价格高于人民币等值¥288.00；评分达到4.3以上。
2026-09-04,amazon_us,product,search,women slides,12,adidas,¥208.08,4.6,adidas,,,,,,https://www.amazon.com/adidas-Unisex-Adilette-Comfort-Slides/dp/B091ZGY256/ref=sr_1_11?dib=eyJ2IjoiMSJ9.wrqHnvIFpzxZDCy1gVq3f0L_foJ7eCfF1K6HgQ1qAHIfMmCWmWdfyUMFxorA-Btqwl2mhNFDUGoBULQYkP73iS_LqYi8K7NqA7_JZctPCt3pCMeL1DluUGjulf_WJEibIIZFMj5hVU6UotA218Q2TLla4sDJnEWxV9Ohkcb7xk2mLL1MCyc2Mt5dagzdpnRHvii6bhopcPODaaJvRoPzJbAI0N0XWzR5Y44BM-ZyJlPOF7jjafYZ8m1VkHsAfDboX3wDFt4TM1K6OKTrzbhYUqF-hH5CVd_fCCItQDh-0mk.OgbBMtJZPgGfionyh_P0eGdOSQhEN3PqAhqtNPyCbws&dib_tag=se&keywords=women+slides&qid=1788499823&sr=8-11,https://m.media-amazon.com/images/I/51uJnrrxC9L._AC_UL320_.jpg,55,排名进入前30；价格处于人民币等值¥180.00-¥288.00区间；评分达到4.6以上。
2026-09-04,amazon_us,product,search,women slides,19,Nike,¥223.20,4.6,Nike,,,,,,https://www.amazon.com/Nike-Womens-Benassi-Sandal-Regular/dp/B004051CSK/ref=sr_1_13?dib=eyJ2IjoiMSJ9.wrqHnvIFpzxZDCy1gVq3f0L_foJ7eCfF1K6HgQ1qAHIfMmCWmWdfyUMFxorA-Btqwl2mhNFDUGoBULQYkP73iS_LqYi8K7NqA7_JZctPCt3pCMeL1DluUGjulf_WJEibIIZFMj5hVU6UotA218Q2TLla4sDJnEWxV9Ohkcb7xk2mLL1MCyc2Mt5dagzdpnRHvii6bhopcPODaaJvRoPzJbAI0N0XWzR5Y44BM-ZyJlPOF7jjafYZ8m1VkHsAfDboX3wDFt4TM1K6OKTrzbhYUqF-hH5CVd_fCCItQDh-0mk.OgbBMtJZPgGfionyh_P0eGdOSQhEN3PqAhqtNPyCbws&dib_tag=se&keywords=women+slides&qid=1788499823&sr=8-13,https://m.media-amazon.com/images/I/61r+GaHXF7L._AC_UL320_.jpg,55,排名进入前30；价格处于人民币等值¥180.00-¥288.00区间；评分达到4.6以上。
2026-09-04,amazon_us,product,search,women slides,34,Arch Support Slides for Women and Men Recovery House Sandals for Men Soft and Comfortable Summer Beach Shoes Slippers Women,¥71.93,3.8,"Price, product page $9.99 $ 9 . 99 Typical: $14.99 Typical: $14.99 $14.99",,,,,,https://www.amazon.com/SKETOE-Support-Recovery-Comfortable-Slippers/dp/B0GLF1516G/ref=sr_1_28?dib=eyJ2IjoiMSJ9.wrqHnvIFpzxZDCy1gVq3f0L_foJ7eCfF1K6HgQ1qAHIfMmCWmWdfyUMFxorA-Btqwl2mhNFDUGoBULQYkP73iS_LqYi8K7NqA7_JZctPCt3pCMeL1DluUGjulf_WJEibIIZFMj5hVU6UotA218Q2TLla4sDJnEWxV9Ohkcb7xk2mLL1MCyc2Mt5dagzdpnRHvii6bhopcPODaaJvRoPzJbAI0N0XWzR5Y44BM-ZyJlPOF7jjafYZ8m1VkHsAfDboX3wDFt4TM1K6OKTrzbhYUqF-hH5CVd_fCCItQDh-0mk.OgbBMtJZPgGfionyh_P0eGdOSQhEN3PqAhqtNPyCbws&dib_tag=se&keywords=women+slides&qid=1788499823&sr=8-28,https://m.media-amazon.com/images/I/81ECHpu6ZvL._AC_UL320_.jpg,55,排名进入前50；价格处于人民币等值¥57.60-¥180.00黄金区间；标题包含 recovery、comfort、arch support、soft、beach、summer，符合美国女鞋舒适化趋势。
2026-09-04,amazon_us,product,search,platform sandals women,10,Crocs,¥359.64,4.5,Crocs,,,,,,https://www.amazon.com/Crocs-Womens-Brooklyn-Cashew-Medium/dp/B0FKTHMMS7/ref=sr_1_4?dib=eyJ2IjoiMSJ9.-sztLUvFGvhR_ekbbj8Xk9q6b9rLUApHzs3sX5IbkObJxiy1BMzxvaRPHeF36WMwgflslM5VeVPuykNCZBEmNRhQt0iNIaiiVuEwQI7sMI7DwzZNvxf0YYSIoXmcW8z5c3ZkwRdj6U8datDAbgU2MWlgnpTGXzOJZ1jaQHV-SN47R0mUAb4yqHYcvGTJQPxbAD4Fj89iVA_BGbbYSx-FVLWDJwJpdWwxfFXy5AXefTp0aS9ZATwwSMHon7DqQH59oYdQEzZp2Qh4tAg_AlQEhgQATROHcvlr906FPyA1K1I.7Bl9NBxAGQ17kjWfJofZEjKE4eZfeXzpKxH4c3MSi54&dib_tag=se&keywords=platform+sandals+women&qid=1788499823&sr=8-4,https://m.media-amazon.com/images/I/61+pv64cN9L._AC_UL320_.jpg,55,排名靠前；价格高于人民币等值¥288.00；评分达到4.3以上。
2026-09-04,amazon_us,product,best_sellers,Best Sellers Women Sandals,16,"shevalues Slim Basic Flip Flops for Women with Comfortable Yoga Mat | Lightweight Non Slip Rubber Sandals for Beach, Shower, Pool & Summer Casual Wear",,4.4,$9.99,,,,,,https://www.amazon.com/shevalues-Shower-Rubber-Sandals-Comfortable/dp/B0B68G2D52/ref=zg_bs_g_679425011_d_sccl_16/133-0539383-4168010?psc=1,"https://images-na.ssl-images-amazon.com/images/I/61b4HXgBWfL._AC_UL600_SR600,400_.jpg",54,排名进入前30；标题包含 comfort、beach、summer，符合美国女鞋舒适化趋势；评分达到4.3以上。
2026-09-04,amazon_us,product,best_sellers,Best Sellers Women Sandals,21,KuaiLu Womens Flip Flops Arch Support Yoga Mat Cushioned Thong Sandals | Ladies Comfortable Walking Slides For Plantar Fasciitis Slip On Indoor Outdoor For Summer,,4.1,$23.08,,,,,,https://www.amazon.com/KuaiLu-Comfortable-Walking-Sandals-Fasciitis/dp/B08XX52FHY/ref=zg_bs_g_679425011_d_sccl_21/133-0539383-4168010?psc=1,"https://images-na.ssl-images-amazon.com/images/I/61giVB09JoL._AC_UL600_SR600,400_.jpg",54,排名进入前30；标题包含 comfort、arch support、summer，符合美国女鞋舒适化趋势；评分达到4.0以上。
2026-09-04,amazon_us,product,best_sellers,Best Sellers Women Sandals,41,"CUSHIONAIRE Feather EVA Slides for Women – Comfortable Slip On Womens Slippers, Indoor Outdoor Shower Shoes, Beach Essential Cloud Slides",,4.4,$26.99,,,,,,https://www.amazon.com/Cushionaire-Womens-Feather-recovery-Comfort/dp/B094TB7BQH/ref=zg_bs_g_679425011_d_sccl_41/133-0539383-4168010?psc=1,"https://images-na.ssl-images-amazon.com/images/I/817PhiYQjLL._AC_UL300_SR300,200_.jpg",54,排名进入前50；标题包含 cloud、comfort、beach，符合美国女鞋舒适化趋势；cloud + slides组合趋势加分；评分达到4.3以上。
2026-09-04,amazon_us,product,best_sellers,Best Sellers Women Sandals,43,"Goosecret Women's Comfortable Arch Support Walking Platform Sandals | Lightweight Chunky Slip-On Foam Slides with Adjustable Buckle,Sandals for Beach and Daily Wear",,4.2,$18.04,,,,,,https://www.amazon.com/Goosecret-Platform-Lightweight-Comfortable-Adjustable/dp/B0CZ75N4PP/ref=zg_bs_g_679425011_d_sccl_43/133-0539383-4168010?psc=1,"https://images-na.ssl-images-amazon.com/images/I/61l3YNTRtgL._AC_UL300_SR300,200_.jpg",54,排名进入前50；标题包含 platform、comfort、arch support、beach，符合美国女鞋舒适化趋势；platform + comfort组合趋势加分；评分达到4.0以上。
2026-09-04,amazon_us,product,new_releases,New Releases Women Sandals,29,"CUSHIONAIRE Laz 100% Genuine Leather Cork Footbed Slide Sandals for Women | Slip On Cork Footbed Summer Sandals, Adjustable Buckle Straps, Open Toe Womens Sandals with Arch Support, Two Strap Sandals,",,4.8,$39.98,,,,,,https://www.amazon.com/CUSHIONAIRE-Genuine-Suede-Footbed-Sandals/dp/B0H8FHN5X1/ref=zg_bsnr_g_679425011_d_sccl_29/130-2908824-9009315?psc=1,"https://images-na.ssl-images-amazon.com/images/I/81srhQhObWL._AC_UL600_SR600,400_.jpg",54,排名进入前30；标题包含 arch support、summer，符合美国女鞋舒适化趋势；评分达到4.6以上。
2026-09-04,amazon_us,product,search,women summer slippers,11,FRALOSHA,¥71.93,4.2,FRALOSHA,,,,,,https://www.amazon.com/FRALOSHA-Slippers-Breathable-Outdoor-Sandals/dp/B07FSG6P3M/ref=sr_1_8?dib=eyJ2IjoiMSJ9.eZQEUMTacA8IMNnsyu_bgdAfokbXryRF-Wq1ca20VG08cZsQrBwFJdUT61LMAIXpEQ8-qs3HdByLMKXp8q0T9eikDGAvdeGBCeo3_kAiSwMOy0l0arvWgbvAIxG7JwcalWJJBXfUJqcFsbwPpO-OW23zs0plR11Moy-JLTWXwRi25PDVZr-GgAM2UsrdTfPXJglX8C4RnNuENzeaa5rRK3KGc5jKQSp5vxNiIeo_GcgpOfHsq86cLcGSmNvWw1U7oixXEYUW_O66bUKHduYYi0eGnPr7tcPi4y0RJ6yQ3xk.xbn95su4K2FNyTx1uFrdW0nYwkOlf6Evm82rw2KfAOk&dib_tag=se&keywords=women+summer+slippers&qid=1788499822&sr=8-8,https://m.media-amazon.com/images/I/810Hfh0qwIL._AC_UL320_.jpg,54,排名进入前30；价格处于人民币等值¥57.60-¥180.00黄金区间；评分达到4.0以上。
2026-09-04,amazon_us,product,search,women summer slippers,29,NineCiFun,¥82.30,4.1,NineCiFun,,,,,,https://www.amazon.com/NineCiFun-Womens-Cross-Band-Slippers/dp/B0GL1D8YHQ/ref=sr_1_23?dib=eyJ2IjoiMSJ9.eZQEUMTacA8IMNnsyu_bgdAfokbXryRF-Wq1ca20VG08cZsQrBwFJdUT61LMAIXpEQ8-qs3HdByLMKXp8q0T9eikDGAvdeGBCeo3_kAiSwMOy0l0arvWgbvAIxG7JwcalWJJBXfUJqcFsbwPpO-OW23zs0plR11Moy-JLTWXwRi25PDVZr-GgAM2UsrdTfPXJglX8C4RnNuENzeaa5rRK3KGc5jKQSp5vxNiIeo_GcgpOfHsq86cLcGSmNvWw1U7oixXEYUW_O66bUKHduYYi0eGnPr7tcPi4y0RJ6yQ3xk.xbn95su4K2FNyTx1uFrdW0nYwkOlf6Evm82rw2KfAOk&dib_tag=se&keywords=women+summer+slippers&qid=1788499822&sr=8-23,https://m.media-amazon.com/images/I/618YkrjZtvL._AC_UL320_.jpg,54,排名进入前30；价格处于人民币等值¥57.60-¥180.00黄金区间；评分达到4.0以上。
2026-09-04,amazon_us,product,search,women summer slippers,30,Garonne,¥115.13,4.2,Garonne,,,,,,https://www.amazon.com/Garonne-Slippers-Non-Slip-Bedroom-Outdoor/dp/B0F37BTNB5/ref=sr_1_24?dib=eyJ2IjoiMSJ9.eZQEUMTacA8IMNnsyu_bgdAfokbXryRF-Wq1ca20VG08cZsQrBwFJdUT61LMAIXpEQ8-qs3HdByLMKXp8q0T9eikDGAvdeGBCeo3_kAiSwMOy0l0arvWgbvAIxG7JwcalWJJBXfUJqcFsbwPpO-OW23zs0plR11Moy-JLTWXwRi25PDVZr-GgAM2UsrdTfPXJglX8C4RnNuENzeaa5rRK3KGc5jKQSp5vxNiIeo_GcgpOfHsq86cLcGSmNvWw1U7oixXEYUW_O66bUKHduYYi0eGnPr7tcPi4y0RJ6yQ3xk.xbn95su4K2FNyTx1uFrdW0nYwkOlf6Evm82rw2KfAOk&dib_tag=se&keywords=women+summer+slippers&qid=1788499822&sr=8-24,https://m.media-amazon.com/images/I/81JmkmTRcmL._AC_UL320_.jpg,54,排名进入前30；价格处于人民币等值¥57.60-¥180.00黄金区间；评分达到4.0以上。
2026-09-04,amazon_us,product,search,women slides,26,Happy Lily,¥71.93,4.2,Happy Lily,,,,,,https://www.amazon.com/Slippers-Non-Slip-Shower-Sandals-Bathroom/dp/B01LYNR9VM/ref=sr_1_20?dib=eyJ2IjoiMSJ9.wrqHnvIFpzxZDCy1gVq3f0L_foJ7eCfF1K6HgQ1qAHIfMmCWmWdfyUMFxorA-Btqwl2mhNFDUGoBULQYkP73iS_LqYi8K7NqA7_JZctPCt3pCMeL1DluUGjulf_WJEibIIZFMj5hVU6UotA218Q2TLla4sDJnEWxV9Ohkcb7xk2mLL1MCyc2Mt5dagzdpnRHvii6bhopcPODaaJvRoPzJbAI0N0XWzR5Y44BM-ZyJlPOF7jjafYZ8m1VkHsAfDboX3wDFt4TM1K6OKTrzbhYUqF-hH5CVd_fCCItQDh-0mk.OgbBMtJZPgGfionyh_P0eGdOSQhEN3PqAhqtNPyCbws&dib_tag=se&keywords=women+slides&qid=1788499823&sr=8-20,https://m.media-amazon.com/images/I/81oTjdeU9ZL._AC_UL320_.jpg,54,排名进入前30；价格处于人民币等值¥57.60-¥180.00黄金区间；评分达到4.0以上。
2026-09-04,amazon_us,product,search,platform sandals women,14,YUHITYGZGS,¥143.93,4.2,YUHITYGZGS,,,,,,https://www.amazon.com/YUHITYGZGS-Platform-Sandals-Footbed-Lightweight/dp/B0F991QX1S/ref=sr_1_8?dib=eyJ2IjoiMSJ9.-sztLUvFGvhR_ekbbj8Xk9q6b9rLUApHzs3sX5IbkObJxiy1BMzxvaRPHeF36WMwgflslM5VeVPuykNCZBEmNRhQt0iNIaiiVuEwQI7sMI7DwzZNvxf0YYSIoXmcW8z5c3ZkwRdj6U8datDAbgU2MWlgnpTGXzOJZ1jaQHV-SN47R0mUAb4yqHYcvGTJQPxbAD4Fj89iVA_BGbbYSx-FVLWDJwJpdWwxfFXy5AXefTp0aS9ZATwwSMHon7DqQH59oYdQEzZp2Qh4tAg_AlQEhgQATROHcvlr906FPyA1K1I.7Bl9NBxAGQ17kjWfJofZEjKE4eZfeXzpKxH4c3MSi54&dib_tag=se&keywords=platform+sandals+women&qid=1788499823&sr=8-8,https://m.media-amazon.com/images/I/71Bo+e1NKLL._AC_UL320_.jpg,54,排名进入前30；价格处于人民币等值¥57.60-¥180.00黄金区间；评分达到4.0以上。
2026-09-04,amazon_us,product,search,platform sandals women,17,Monrovia,¥165.53,4.1,Monrovia,,,,,,https://www.amazon.com/Monrovia-Platform-Espadrilles-Vacation-Comfortable/dp/B0FJS1R2ZG/ref=sr_1_11?dib=eyJ2IjoiMSJ9.-sztLUvFGvhR_ekbbj8Xk9q6b9rLUApHzs3sX5IbkObJxiy1BMzxvaRPHeF36WMwgflslM5VeVPuykNCZBEmNRhQt0iNIaiiVuEwQI7sMI7DwzZNvxf0YYSIoXmcW8z5c3ZkwRdj6U8datDAbgU2MWlgnpTGXzOJZ1jaQHV-SN47R0mUAb4yqHYcvGTJQPxbAD4Fj89iVA_BGbbYSx-FVLWDJwJpdWwxfFXy5AXefTp0aS9ZATwwSMHon7DqQH59oYdQEzZp2Qh4tAg_AlQEhgQATROHcvlr906FPyA1K1I.7Bl9NBxAGQ17kjWfJofZEjKE4eZfeXzpKxH4c3MSi54&dib_tag=se&keywords=platform+sandals+women&qid=1788499823&sr=8-11,https://m.media-amazon.com/images/I/61s1n98EyYL._AC_UL320_.jpg,54,排名进入前30；价格处于人民币等值¥57.60-¥180.00黄金区间；评分达到4.0以上。
2026-09-04,amazon_us,product,new_releases,New Releases Women Sandals,1,"CUSHIONAIRE Java Casual Womens Jelly Flats with Adjustable Strap, Closed Toe Mary Janes Mule Design, Waterproof Jelly Sandals for Women",,4.3,$34.99,,,,,,https://www.amazon.com/CUSHIONAIRE-Adjustable-Waterproof-Sandals-Chocolate/dp/B0H4MLLC32/ref=zg_bsnr_g_679425011_d_sccl_1/130-2908824-9009315?psc=1,"https://images-na.ssl-images-amazon.com/images/I/81iCqxPUX6L._AC_UL600_SR600,400_.jpg",52,排名靠前；评分达到4.3以上。
2026-09-04,amazon_us,product,search,platform sandals women,13,UBFEN,¥287.93,4.4,UBFEN,,,,,,https://www.amazon.com/UBFEN-Espadrille-Platform-Sandals-Orthopedic/dp/B0GJS89MTL/ref=sr_1_7?dib=eyJ2IjoiMSJ9.-sztLUvFGvhR_ekbbj8Xk9q6b9rLUApHzs3sX5IbkObJxiy1BMzxvaRPHeF36WMwgflslM5VeVPuykNCZBEmNRhQt0iNIaiiVuEwQI7sMI7DwzZNvxf0YYSIoXmcW8z5c3ZkwRdj6U8datDAbgU2MWlgnpTGXzOJZ1jaQHV-SN47R0mUAb4yqHYcvGTJQPxbAD4Fj89iVA_BGbbYSx-FVLWDJwJpdWwxfFXy5AXefTp0aS9ZATwwSMHon7DqQH59oYdQEzZp2Qh4tAg_AlQEhgQATROHcvlr906FPyA1K1I.7Bl9NBxAGQ17kjWfJofZEjKE4eZfeXzpKxH4c3MSi54&dib_tag=se&keywords=platform+sandals+women&qid=1788499823&sr=8-7,https://m.media-amazon.com/images/I/81ToZ2Ro5jL._AC_UL320_.jpg,52,排名进入前30；价格处于人民币等值¥180.00-¥288.00区间；评分达到4.3以上。
2026-09-04,amazon_us,product,search,platform sandals women,15,DREAM PAIRS,¥287.93,4.4,DREAM PAIRS,,,,,,https://www.amazon.com/DREAM-PAIRS-Adjustable-Lightweight-Waterproof/dp/B0G1RBS19X/ref=sr_1_9?dib=eyJ2IjoiMSJ9.-sztLUvFGvhR_ekbbj8Xk9q6b9rLUApHzs3sX5IbkObJxiy1BMzxvaRPHeF36WMwgflslM5VeVPuykNCZBEmNRhQt0iNIaiiVuEwQI7sMI7DwzZNvxf0YYSIoXmcW8z5c3ZkwRdj6U8datDAbgU2MWlgnpTGXzOJZ1jaQHV-SN47R0mUAb4yqHYcvGTJQPxbAD4Fj89iVA_BGbbYSx-FVLWDJwJpdWwxfFXy5AXefTp0aS9ZATwwSMHon7DqQH59oYdQEzZp2Qh4tAg_AlQEhgQATROHcvlr906FPyA1K1I.7Bl9NBxAGQ17kjWfJofZEjKE4eZfeXzpKxH4c3MSi54&dib_tag=se&keywords=platform+sandals+women&qid=1788499823&sr=8-9,https://m.media-amazon.com/images/I/61VKPpZxLML._AC_UL320_.jpg,52,排名进入前30；价格处于人民币等值¥180.00-¥288.00区间；评分达到4.3以上。
2026-09-04,amazon_us,product,best_sellers,Best Sellers Women Sandals,12,mazeskin Womens Memory Foam Flip Flops Leather Flat Sandals | Vegan Leather Square Toe Cushion Summer Casual Comfortable Slim Thong Beach Slide Shoes Non Slip,,4.0,$9.99,,,,,,https://www.amazon.com/mazeskin-Womens-Memory-Leather-Sandals/dp/B0GRMZ5PFS/ref=zg_bs_g_679425011_d_sccl_12/133-0539383-4168010?psc=1,"https://images-na.ssl-images-amazon.com/images/I/717PAaaaLdL._AC_UL600_SR600,400_.jpg",51,排名进入前30；标题包含 comfort、beach、summer，符合美国女鞋舒适化趋势；评分达到4.0以上。
2026-09-04,amazon_us,product,new_releases,New Releases Women Sandals,3,"Joomra Women's Cork-Inspired Footbed Slides Adjustable Buckle Sandals | Natural Foot-Shaped, Vegan Upper, Two-Strap, Casual Daily Slippers, Walking Comfort, Fashion Indoor Outdoor Sandles",,3.9,$9.99,,,,,,https://www.amazon.com/Joomra-Footbed-Slides-Double-Sandals/dp/B0H4QWZTLX/ref=zg_bsnr_g_679425011_d_sccl_3/130-2908824-9009315?psc=1,"https://images-na.ssl-images-amazon.com/images/I/81sMp+WikpL._AC_UL600_SR600,400_.jpg",51,排名靠前；标题包含 comfort，符合美国女鞋舒适化趋势。
2026-09-04,amazon_us,product,new_releases,New Releases Women Sandals,19,IDIFU IN2 Kitten Heels for Women Square Open Toe Heeled Sandals Dress Shoe | 2.5 Inch Ankle Strap Dressy Sandals Comfortable Party Wedding Daily Wear Heel,,4.6,$29.98,,,,,,https://www.amazon.com/IDIFU-Kitten-Square-Strappy-Wedding/dp/B0GCZSSPFX/ref=zg_bsnr_g_679425011_d_sccl_19/130-2908824-9009315?psc=1,"https://images-na.ssl-images-amazon.com/images/I/71bcftnDTeL._AC_UL600_SR600,400_.jpg",51,排名进入前30；标题包含 comfort，符合美国女鞋舒适化趋势；评分达到4.6以上。
2026-09-04,amazon_us,product,new_releases,New Releases Women Sandals,22,"CUSHIONAIRE Mona Slip-On Lightweight Womens Sandals, Comfortable Wedge Flip Flops for Women with Crossover Strap",,4.5,$49.99,,,,,,https://www.amazon.com/CUSHIONAIRE-Lightweight-Sandals-Comfortable-Crossover/dp/B0H9B98GS4/ref=zg_bsnr_g_679425011_d_sccl_22/130-2908824-9009315?psc=1,"https://images-na.ssl-images-amazon.com/images/I/710k2uicqiL._AC_UL600_SR600,400_.jpg",51,排名进入前30；标题包含 comfort、wedge，符合美国女鞋舒适化趋势；评分达到4.3以上。
2026-09-04,amazon_us,product,new_releases,New Releases Women Sandals,15,Project Cloud Square Toe Flip Flops For Women-Sandals Women | Womens Flip Flop with Memory Foam Insole Beach Essentials Womens Sandals-Thong Sandals Women Footwear-Square Toe Sandals,,4.1,$29.90,,,,,,https://www.amazon.com/Project-Cloud-Square-Flops-Women-Sandals/dp/B0GY5Y8N35/ref=zg_bsnr_g_679425011_d_sccl_15/130-2908824-9009315?psc=1,"https://images-na.ssl-images-amazon.com/images/I/71nllf30glL._AC_UL600_SR600,400_.jpg",50,排名进入前30；标题包含 cloud、beach，符合美国女鞋舒适化趋势；评分达到4.0以上。
2026-09-04,amazon_us,product,search,women slides,35,Unisex Arch Support Slides Cushioned Non Slip Shower Sandals,¥122.26,4.0,100+ bought in past month,,,,,,https://www.amazon.com/VIVASUN-Unisex-Support-Cushioned-Sandals/dp/B0H8CX577D/ref=sr_1_29?dib=eyJ2IjoiMSJ9.wrqHnvIFpzxZDCy1gVq3f0L_foJ7eCfF1K6HgQ1qAHIfMmCWmWdfyUMFxorA-Btqwl2mhNFDUGoBULQYkP73iS_LqYi8K7NqA7_JZctPCt3pCMeL1DluUGjulf_WJEibIIZFMj5hVU6UotA218Q2TLla4sDJnEWxV9Ohkcb7xk2mLL1MCyc2Mt5dagzdpnRHvii6bhopcPODaaJvRoPzJbAI0N0XWzR5Y44BM-ZyJlPOF7jjafYZ8m1VkHsAfDboX3wDFt4TM1K6OKTrzbhYUqF-hH5CVd_fCCItQDh-0mk.OgbBMtJZPgGfionyh_P0eGdOSQhEN3PqAhqtNPyCbws&dib_tag=se&keywords=women+slides&qid=1788499823&sr=8-29,https://m.media-amazon.com/images/I/71DfPnwadBL._AC_UL320_.jpg,50,排名进入前50；评论数达到50以上；价格处于人民币等值¥57.60-¥180.00黄金区间；标题包含 arch support，符合美国女鞋舒适化趋势；评分达到4.0以上。
2026-09-04,amazon_us,product,best_sellers,Best Sellers Women Sandals,9,LULLASONG Women's Kitten Heels Sandals Square Open Toe Flip Flop Heels 1.8-2 Inch Heeled Sandals for Women,,4.0,$35.99,,,,,,https://www.amazon.com/LULLASONG-Womens-Kitten-Sandals-Square/dp/B0DCFSM597/ref=zg_bs_g_679425011_d_sccl_9/133-0539383-4168010?psc=1,"https://images-na.ssl-images-amazon.com/images/I/61aVZl7OhqL._AC_UL600_SR600,400_.jpg",49,排名靠前；评分达到4.0以上。
2026-09-04,amazon_us,product,new_releases,New Releases Women Sandals,5,CUSHIONAIRE Toots Thong Strap Jelly Sandals for Women with Low Block Heel,,4.2,$39.98,,,,,,https://www.amazon.com/CUSHIONAIRE-Toots-Thong-Sandals-TORTOISE/dp/B0HB6R34PX/ref=zg_bsnr_g_679425011_d_sccl_5/130-2908824-9009315?psc=1,"https://images-na.ssl-images-amazon.com/images/I/71I1E9EQjlL._AC_UL600_SR600,400_.jpg",49,排名靠前；评分达到4.0以上。
2026-09-04,amazon_us,product,search,women slides,29,Crocs,¥215.93,4.2,Crocs,,,,,,https://www.amazon.com/Crocs-Womens-Sandal-Summer-Sandals/dp/B0888SJTRP/ref=sr_1_23?dib=eyJ2IjoiMSJ9.wrqHnvIFpzxZDCy1gVq3f0L_foJ7eCfF1K6HgQ1qAHIfMmCWmWdfyUMFxorA-Btqwl2mhNFDUGoBULQYkP73iS_LqYi8K7NqA7_JZctPCt3pCMeL1DluUGjulf_WJEibIIZFMj5hVU6UotA218Q2TLla4sDJnEWxV9Ohkcb7xk2mLL1MCyc2Mt5dagzdpnRHvii6bhopcPODaaJvRoPzJbAI0N0XWzR5Y44BM-ZyJlPOF7jjafYZ8m1VkHsAfDboX3wDFt4TM1K6OKTrzbhYUqF-hH5CVd_fCCItQDh-0mk.OgbBMtJZPgGfionyh_P0eGdOSQhEN3PqAhqtNPyCbws&dib_tag=se&keywords=women+slides&qid=1788499823&sr=8-23,https://m.media-amazon.com/images/I/418xHnUA5HL._AC_UL320_.jpg,49,排名进入前30；价格处于人民币等值¥180.00-¥288.00区间；评分达到4.0以上。
2026-09-04,amazon_us,product,search,platform sandals women,26,DREAM PAIRS,¥201.53,4.1,DREAM PAIRS,,,,,,https://www.amazon.com/DREAM-PAIRS-Espadrilles-Comfortable-Adjustable/dp/B0FZRZNNV8/ref=sr_1_14?dib=eyJ2IjoiMSJ9.-sztLUvFGvhR_ekbbj8Xk9q6b9rLUApHzs3sX5IbkObJxiy1BMzxvaRPHeF36WMwgflslM5VeVPuykNCZBEmNRhQt0iNIaiiVuEwQI7sMI7DwzZNvxf0YYSIoXmcW8z5c3ZkwRdj6U8datDAbgU2MWlgnpTGXzOJZ1jaQHV-SN47R0mUAb4yqHYcvGTJQPxbAD4Fj89iVA_BGbbYSx-FVLWDJwJpdWwxfFXy5AXefTp0aS9ZATwwSMHon7DqQH59oYdQEzZp2Qh4tAg_AlQEhgQATROHcvlr906FPyA1K1I.7Bl9NBxAGQ17kjWfJofZEjKE4eZfeXzpKxH4c3MSi54&dib_tag=se&keywords=platform+sandals+women&qid=1788499823&sr=8-14,https://m.media-amazon.com/images/I/71QL1LJYN3L._AC_UL320_.jpg,49,排名进入前30；价格处于人民币等值¥180.00-¥288.00区间；评分达到4.0以上。
2026-09-04,amazon_us,product,best_sellers,Best Sellers Women Sandals,18,"Coutgo Womens Kitten Heel Sandals Heeled Mules Pointed Open Toe High Heels | Comfortable, Sexy, Slip On, Backless, Dress Shoes, 3.2 Inch, Peep Toe, Wedding, Bridal, Party, Prom, Graduation",,4.3,$33.99,,,,,,https://www.amazon.com/Coutgo-Womens-Pointed-Backless-Sandals/dp/B0DG25L7P9/ref=zg_bs_g_679425011_d_sccl_18/133-0539383-4168010?psc=1,"https://images-na.ssl-images-amazon.com/images/I/61rZuSoH5yL._AC_UL600_SR600,400_.jpg",48,排名进入前30；标题包含 comfort，符合美国女鞋舒适化趋势；评分达到4.3以上。
2026-09-04,amazon_us,product,best_sellers,Best Sellers Women Sandals,19,SKETOE Kitten Heels for Women Square Toe Sandals Flip Flop Heels Thong Sandals Comfortable Summer 2 Inch Heels Sandals,,4.1,$28.99,,,,,,https://www.amazon.com/SKETOE-Kitten-Square-Sandals-Comfortable/dp/B0F4QHKCDM/ref=zg_bs_g_679425011_d_sccl_19/133-0539383-4168010?psc=1,"https://images-na.ssl-images-amazon.com/images/I/61WGe4p1FWL._AC_UL600_SR600,400_.jpg",48,排名进入前30；标题包含 comfort、summer，符合美国女鞋舒适化趋势；评分达到4.0以上。
2026-09-04,amazon_us,product,best_sellers,Best Sellers Women Sandals,25,"CUSHIONAIRE Luna Cork Footbed Sandals for Women with Crossover Straps | Womens Sandals with Arch Support, Adjustable Buckle Straps, Walking Sandals Women, Wide Widths, Cushioned Sandals for Women",,4.5,$34.99,,,,,,https://www.amazon.com/CUSHIONAIRE-Next-Womens-Slide-Sandals-Brown/dp/B073XS7BW7/ref=zg_bs_g_679425011_d_sccl_25/133-0539383-4168010?psc=1,"https://images-na.ssl-images-amazon.com/images/I/81TDeaArVJL._AC_UL600_SR600,400_.jpg",48,排名进入前30；标题包含 arch support，符合美国女鞋舒适化趋势；评分达到4.3以上。
2026-09-04,amazon_us,product,new_releases,New Releases Women Sandals,4,"CUSHIONAIRE Aqua Jelly Flip Flops for Women | Jelly Shoes Glossy Upper, Slip-On Thong Design, Open Round Toe, Quick-Dry Beach and Pool Friendly, Travel-Ready Resort Style",,3.4,$29.99,,,,,,https://www.amazon.com/CUSHIONAIRE-Jelly-Flops-Women-CHOCOLATE/dp/B0H6BZ8F8Y/ref=zg_bsnr_g_679425011_d_sccl_4/130-2908824-9009315?psc=1,"https://images-na.ssl-images-amazon.com/images/I/71LKwjHednL._AC_UL600_SR600,400_.jpg",48,排名靠前；标题包含 beach，符合美国女鞋舒适化趋势。
2026-09-04,amazon_us,product,new_releases,New Releases Women Sandals,14,"DREAM PAIRS Women's Kitten Strappy Heel Sandals | Slip On Heeled Sandals for Women, Open Toe Summer Sandals for Weddings, Parties, Work and Dressy Occasions",,4.7,$34.99,,,,,,https://www.amazon.com/DREAM-PAIRS-Womens-Strappy-Sandals/dp/B0H6J81RWR/ref=zg_bsnr_g_679425011_d_sccl_14/130-2908824-9009315?psc=1,"https://images-na.ssl-images-amazon.com/images/I/615T5Gm9P5L._AC_UL600_SR600,400_.jpg",48,排名进入前30；标题包含 summer，符合美国女鞋舒适化趋势；评分达到4.6以上。
2026-09-04,amazon_us,product,new_releases,New Releases Women Sandals,17,"DREAM PAIRS Women's Kitten Low Heel Ankle Strap Sandals | 2.72 Inch,Comfortable Fashion Open Toe Sandals,4mm Cushioning,Suitable for Casual Daily Formal Wedding Prom Party Date Night",,4.3,$34.99,,,,,,https://www.amazon.com/DREAM-PAIRS-Womens-Kitten-Sandals/dp/B0H6HT9RF9/ref=zg_bsnr_g_679425011_d_sccl_17/130-2908824-9009315?psc=1,"https://images-na.ssl-images-amazon.com/images/I/61PAu8JIWnL._AC_UL600_SR600,400_.jpg",48,排名进入前30；标题包含 comfort，符合美国女鞋舒适化趋势；评分达到4.3以上。
2026-09-04,amazon_us,product,new_releases,New Releases Women Sandals,20,threepurple Women's Non-Slip Flip Flops Ultra Lightweight Basic Thongs Rubber Soft Slide Slip-on Shoes Beach Pool Shower Sandals,,4.3,$7.99,,,,,,https://www.amazon.com/threepurple-Womens-Non-Slip-Lightweight-Sandals/dp/B0HB9L47CH/ref=zg_bsnr_g_679425011_d_sccl_20/130-2908824-9009315?psc=1,"https://images-na.ssl-images-amazon.com/images/I/71-qSzOW17L._AC_UL600_SR600,400_.jpg",48,排名进入前30；标题包含 soft、beach，符合美国女鞋舒适化趋势；评分达到4.3以上。
2026-09-04,amazon_us,product,new_releases,New Releases Women Sandals,24,DOBOLIN Rhinestone Heels 1.3 Inch Strappy Square Open Toe Heeled Sandals Slip on Sparkly Low Block Chunky Heels for Women Dressy Shoes Comfortable,,4.4,$33.99,,,,,,https://www.amazon.com/DOBOLIN-Rhinestone-Strappy-Sandals-Comfortable/dp/B0GWMJH2GW/ref=zg_bsnr_g_679425011_d_sccl_24/130-2908824-9009315?psc=1,"https://images-na.ssl-images-amazon.com/images/I/61rNnk31FgL._AC_UL600_SR600,400_.jpg",48,排名进入前30；标题包含 comfort，符合美国女鞋舒适化趋势；评分达到4.3以上。
2026-09-04,amazon_us,product,new_releases,New Releases Women Sandals,27,DOBOLIN Kitten Heel Sandals Slip On Open Toe Strappy Heels For Women Strappy Sandals Slides Comfortable Dress Shoes,,4.3,$21.99,,,,,,https://www.amazon.com/DOBOLIN-Kitten-Sandals-Strappy-Comfortable/dp/B0GXJBCK79/ref=zg_bsnr_g_679425011_d_sccl_27/130-2908824-9009315?psc=1,"https://images-na.ssl-images-amazon.com/images/I/7155S0dRLaL._AC_UL600_SR600,400_.jpg",48,排名进入前30；标题包含 comfort，符合美国女鞋舒适化趋势；评分达到4.3以上。
2026-09-04,amazon_us,product,search,platform sandals women,9,Stuart Weitzman,¥2457.00,,Stuart Weitzman,,,,,,https://www.amazon.com/Stuart-Weitzman-Womens-Platform-Sandals/dp/B0H7NM43X8/ref=sr_1_3?dib=eyJ2IjoiMSJ9.-sztLUvFGvhR_ekbbj8Xk9q6b9rLUApHzs3sX5IbkObJxiy1BMzxvaRPHeF36WMwgflslM5VeVPuykNCZBEmNRhQt0iNIaiiVuEwQI7sMI7DwzZNvxf0YYSIoXmcW8z5c3ZkwRdj6U8datDAbgU2MWlgnpTGXzOJZ1jaQHV-SN47R0mUAb4yqHYcvGTJQPxbAD4Fj89iVA_BGbbYSx-FVLWDJwJpdWwxfFXy5AXefTp0aS9ZATwwSMHon7DqQH59oYdQEzZp2Qh4tAg_AlQEhgQATROHcvlr906FPyA1K1I.7Bl9NBxAGQ17kjWfJofZEjKE4eZfeXzpKxH4c3MSi54&dib_tag=se&keywords=platform+sandals+women&qid=1788499823&sr=8-3,https://m.media-amazon.com/images/I/61LLpNVzlcL._AC_UL320_.jpg,48,排名靠前；价格高于人民币等值¥288.00。
2026-09-04,amazon_us,product,best_sellers,Best Sellers Women Sandals,11,"Weweya Slides for Women Men Shower Shoes House Slippers Beach Sandals | Bathroom, Non Slip, Lightweight",,4.4,$9.98,,,,,,https://www.amazon.com/Weweya-Shower-Bathroom-Slippers-Sandals/dp/B0F1XJ9TM4/ref=zg_bs_g_679425011_d_sccl_11/133-0539383-4168010?psc=1,"https://images-na.ssl-images-amazon.com/images/I/718rk3GaK+L._AC_UL600_SR600,400_.jpg",45,排名进入前30；标题包含 beach，符合美国女鞋舒适化趋势；评分达到4.3以上。
2026-09-04,amazon_us,product,best_sellers,Best Sellers Women Sandals,17,"WHITIN Women's Slides with Cushioned Thick Sole Slippers for Home Wear Y13 | Comfort for Daily Wear, Waterproof & Easy to Clean, Indoor & Outdoor Versatility, Lightweight EVA for All-Day",,4.1,$9.99,,,,,,https://www.amazon.com/WHITIN-Slippers-Cushioned-Bathroom-Sandals/dp/B0C1C45XMJ/ref=zg_bs_g_679425011_d_sccl_17/133-0539383-4168010?psc=1,"https://images-na.ssl-images-amazon.com/images/I/71ik7hynCjL._AC_UL600_SR600,400_.jpg",45,排名进入前30；标题包含 comfort，符合美国女鞋舒适化趋势；评分达到4.0以上。
2026-09-04,amazon_us,product,best_sellers,Best Sellers Women Sandals,30,"Ankis Women Nude White Gold Black Sandals Open Toe 1 Inch Low Block Heel | 1-inch short heel, adjustable ankle strap, 5mm latex cushioned insole, comfortable walking, for wedding, dressy, formal event",,4.2,$34.99,,,,,,https://www.amazon.com/Ankis-Sandals-Comfortable-Adjustable-Available/dp/B0BPL95VFW/ref=zg_bs_g_679425011_d_sccl_30/133-0539383-4168010?psc=1,"https://images-na.ssl-images-amazon.com/images/I/51EOkpMrmNL._AC_UL600_SR600,400_.jpg",45,排名进入前30；标题包含 comfort，符合美国女鞋舒适化趋势；评分达到4.0以上。
2026-09-04,amazon_us,product,best_sellers,Best Sellers Women Sandals,32,ONCAI Women's Flip Flops Comfortable Arch Support Yoga Mat Summer Beach Walking Thong Cushion Sandals Ladies Outdoor Vacation Essentials Slide Shoes Rubber Soles US Size 5-11,,4.3,$13.99,,,,,,https://www.amazon.com/ONCAI-Support-Athletic-Orthotic-Fasciitis/dp/B0D2292JM9/ref=zg_bs_g_679425011_d_sccl_32/133-0539383-4168010?psc=1,"https://images-na.ssl-images-amazon.com/images/I/71iVIX1IyIL._AC_UL300_SR300,200_.jpg",45,排名进入前50；标题包含 comfort、arch support、beach、summer，符合美国女鞋舒适化趋势；评分达到4.3以上。
2026-09-04,amazon_us,product,best_sellers,Best Sellers Women Sandals,33,KuaiLu Women's Rhinestone Flip Flops Arch Support Yoga Mat Cushion Sandals | Comfort Fashion Summer Beach Travel Orthotic Walking Thong Sandles Slip on Plantar Fasciitis Indoor Outdoor Shoes Size 5-11,,4.3,$15.19,,,,,,https://www.amazon.com/KuaiLu-Rhinestone-Comfort-Orthotic-Fasciitis/dp/B0DSKGBXR8/ref=zg_bs_g_679425011_d_sccl_33/133-0539383-4168010?psc=1,"https://images-na.ssl-images-amazon.com/images/I/71AzqGl1rjL._AC_UL300_SR300,200_.jpg",45,排名进入前50；标题包含 comfort、arch support、beach、summer，符合美国女鞋舒适化趋势；评分达到4.3以上。
2026-09-04,amazon_us,product,new_releases,New Releases Women Sandals,2,CUSHIONAIRE Riot Jelly Thong Kitten Heels for Women,,3.7,$39.99,,,,,,https://www.amazon.com/CUSHIONAIRE-Jelly-Thong-Kitten-CHOCOLATE/dp/B0H6C2T8B3/ref=zg_bsnr_g_679425011_d_sccl_2/130-2908824-9009315?psc=1,"https://images-na.ssl-images-amazon.com/images/I/71cl7MmlX-L._AC_UL600_SR600,400_.jpg",45,排名靠前。
2026-09-04,amazon_us,product,new_releases,New Releases Women Sandals,18,IDIFU IN1 Kitten Flip Flop Heels for Women Square Open Toe Low Heel | Wedding Bride Graduation Party Slide Dress Shoes Comfortable Cute Trendy Casual Thong Slip On Strappy Low Heeled Sandals,,4.0,$29.99,,,,,,https://www.amazon.com/IDIFU-Gold-Heels-Kitten-Square/dp/B0H33NLC5H/ref=zg_bsnr_g_679425011_d_sccl_18/130-2908824-9009315?psc=1,"https://images-na.ssl-images-amazon.com/images/I/612hFK868jL._AC_UL600_SR600,400_.jpg",45,排名进入前30；标题包含 comfort，符合美国女鞋舒适化趋势；评分达到4.0以上。
2026-09-04,amazon_us,product,search,women summer slippers,50,womens Classic,¥86.33,5.0,"Price, product page $11.99 $ 11 . 99 List: $18.99 List: $18.99 $18.99",,,,,,https://www.amazon.com/Bunnycool-Slippers-Comfortable-Washable-Airplane/dp/B0DV3TQHTG/ref=sr_1_44?dib=eyJ2IjoiMSJ9.eZQEUMTacA8IMNnsyu_bgdAfokbXryRF-Wq1ca20VG08cZsQrBwFJdUT61LMAIXpEQ8-qs3HdByLMKXp8q0T9eikDGAvdeGBCeo3_kAiSwMOy0l0arvWgbvAIxG7JwcalWJJBXfUJqcFsbwPpO-OW23zs0plR11Moy-JLTWXwRi25PDVZr-GgAM2UsrdTfPXJglX8C4RnNuENzeaa5rRK3KGc5jKQSp5vxNiIeo_GcgpOfHsq86cLcGSmNvWw1U7oixXEYUW_O66bUKHduYYi0eGnPr7tcPi4y0RJ6yQ3xk.xbn95su4K2FNyTx1uFrdW0nYwkOlf6Evm82rw2KfAOk&dib_tag=se&keywords=women+summer+slippers&qid=1788499822&sr=8-44,https://m.media-amazon.com/images/I/91VdpWKQ9wL._AC_UL320_.jpg,45,排名进入前50；价格处于人民币等值¥57.60-¥180.00黄金区间；评分达到4.6以上。
2026-09-04,amazon_us,product,search,women slides,1,4.0,,,4.0,,,,,,https://aax-us-east-retail-direct.amazon.com/x/c/JHNTHgPMCB_-i3bwVjasrj8AAAGgauWMPwEAAAH2AQBvbm9fdHhuX2JpZDEgICBvbm9fdHhuX2ltcDIgICCPnZ_D/clv1c_ek-wBQfWLcTaXX2htzfHuI-tDxJnstSUhSR0cjlyj0Gah-6fM0lvpi10vb-gg6TtmbwipieUFDDgkDJrq41JP3PV4Om_7a9JkqP0IsKAVK1Gg5Mrajf8UiIw0vl2vWjFBQNPcIFdaoeax1O_gN70NbGdAN2WsgXqkQmxSTehxPJfOekcY1YcC4g-9SJpo1JeDQPKBELDPQvAZUQ80QnF7szSOZUtDCbepgd6EKsy46AqBcdth0ek_QafxfK-_F-YLijJG-1qk1ZeKtLRD5OR39pm4mYr1XDNi8d0-_NNOno5R7NUXVviZ_gS0i6DClJBSS4ll6TCWPqb3qvfO6rdegIIEzgQKFc9LzR5qTulbkmstIWKxJVGy3LFlF_NLM9-lxsPDv7-aCuxJA4ePOW6n1qy4Dn-QJOSwoys4DyQgBQjf27JdR7AWEYyk50IvVCYKUFzZYU-f5xq496gJOCSl_1xw1bQhIHBPT2Iw_bBT-GswcaO2u6MNvBa-dK2LrUF7R5c1sK1D0a8Wb02jqQWrSNSDudEsDGaBLEY_P36Yw-RMAqS7VFKR7Jb3jvOvhnRIR9nRltvZOUySb3n-6A_K-B79Xrcfz9i57gmPftzySN8oL5Nss8aB7CbHLv-AmpxoFzWYOwWJQe3lfJKvRBIv_QgIfcmNB5NqC81EgHZF2eyo0X4mOL1y007-pIlbUi_4NestT-ed6UXw8CMdHrJl4NaYSh5xsXC0Fi48yeNyj-qidUQnxaLujuANPUTYzM2R6A2xgoIvajuNLibOuipXSnThuqNtw0g3APOK206VYOBt4OiRJzgi04gd5DWn3aoWMj0X6PFk7BHkdkSQ5duN99B3hQKSoRD_Xts-8ipDsFdhIvl0_O0z4hv9wspQQroW3oj9MFigMYZ1_oq9a6oVY0N9_KruNByHw1iJ3cK8synU6Ckng1CKLEBRJu7iArnNUE2CWnf7YGjT2uRVzHiD5U4ckyXoTeF2l6ok86zrEP4FSie0MRWZWHaoKADXmDEKAQ_zSdkkzEOVfqGAORGEUzgXO7MLHCrUtMi745664SY7rS-F9CnDw3OmqBRPBzZ23XgJ6WJ_CzxFA1ocRPxgBTXFf4gXEgSOUJycvdnuN5IEM_H8_8o6mEmRRi2WQzcMlRx1AjKZQ787dbKAUbPWz1GYu52qqawJeOujoCl_Q3L-Mcrp7VOpofvxe3_CZcTbJdd6ptgwopYNCTCfH_PtDg2WHI6BW5mJXmO1-U1DVLYkWfqA1XT-eUo1dT5aqXuPz_zuogdcdc5tuv2Sb2U945JnhYplp8-QEMxIzPeLhbLrrwkVhduj9aEIYaxoTRIWJBuzuGUJi6TS_dYz-ky4z8PBGfsukZuOtOK5reeUnBigXl3X52IEoL7ocnHaQza1WUDuTn10Dvd4x78Ny5wLVq1mKlZxnz7qpPzYKhrcQbFQO-ol4kgoIAsOBMhltFDBvmWf0GGm4QaIpVZy-Lxx2ZuaQmAxG43u3_Xc30eWKKTgYPyRN2POZsGHn-vVhYGvTMV9dyDplF2ZNxKFcJdyoYx99idKl1-Db5hNj2208lr6n70diJsMwScRVrgAKGz3xFqrPhX3eraGOd1VTKwM1Qtqdn7dXD034QQ71WRZxQq/https://www.amazon.com/dp/B0H5YGW33N/?_encoding=UTF8&pd_rd_i=B0H5YGW33N&ref_=sbx_be_s_sparkle_ssd_img&qid=1788499823&pd_rd_w=YDfGq&content-id=amzn1.sym.8de9b3d5-f5c5-40e9-9b39-d65f08d6ea68%3Aamzn1.sym.8de9b3d5-f5c5-40e9-9b39-d65f08d6ea68&pf_rd_p=8de9b3d5-f5c5-40e9-9b39-d65f08d6ea68&pf_rd_r=MSJKP3YCG5VAQD34JJ31&pd_rd_wg=bZEaB&pd_rd_r=db87c5bf-bcb4-4cd8-9c77-77847bb06368&pd_rd_plhdr=t,"https://m.media-amazon.com/images/I/514xgUNr+PL._AC_SR250,250_QL65_.jpg",45,排名靠前。
2026-09-04,amazon_us,product,search,women slides,4,Nike,,,Nike,,,,,,https://www.amazon.com/Nike-HQ4309-100-Futuristic-Sandals-Comforts/dp/B0GZL4GSN2/ref=sr_1_3?dib=eyJ2IjoiMSJ9.wrqHnvIFpzxZDCy1gVq3f0L_foJ7eCfF1K6HgQ1qAHIfMmCWmWdfyUMFxorA-Btqwl2mhNFDUGoBULQYkP73iS_LqYi8K7NqA7_JZctPCt3pCMeL1DluUGjulf_WJEibIIZFMj5hVU6UotA218Q2TLla4sDJnEWxV9Ohkcb7xk2mLL1MCyc2Mt5dagzdpnRHvii6bhopcPODaaJvRoPzJbAI0N0XWzR5Y44BM-ZyJlPOF7jjafYZ8m1VkHsAfDboX3wDFt4TM1K6OKTrzbhYUqF-hH5CVd_fCCItQDh-0mk.OgbBMtJZPgGfionyh_P0eGdOSQhEN3PqAhqtNPyCbws&dib_tag=se&keywords=women+slides&qid=1788499823&sr=8-3,https://m.media-amazon.com/images/I/61jMhAR3qkL._AC_UL320_.jpg,45,排名靠前。
2026-09-04,amazon_us,product,search,women slides,30,Nike,¥396.00,4.3,Nike,,,,,,https://www.amazon.com/Nike-Womens-Slides-Sandal-Pink-Pearl/dp/B0F8S9MQHP/ref=sr_1_24?dib=eyJ2IjoiMSJ9.wrqHnvIFpzxZDCy1gVq3f0L_foJ7eCfF1K6HgQ1qAHIfMmCWmWdfyUMFxorA-Btqwl2mhNFDUGoBULQYkP73iS_LqYi8K7NqA7_JZctPCt3pCMeL1DluUGjulf_WJEibIIZFMj5hVU6UotA218Q2TLla4sDJnEWxV9Ohkcb7xk2mLL1MCyc2Mt5dagzdpnRHvii6bhopcPODaaJvRoPzJbAI0N0XWzR5Y44BM-ZyJlPOF7jjafYZ8m1VkHsAfDboX3wDFt4TM1K6OKTrzbhYUqF-hH5CVd_fCCItQDh-0mk.OgbBMtJZPgGfionyh_P0eGdOSQhEN3PqAhqtNPyCbws&dib_tag=se&keywords=women+slides&qid=1788499823&sr=8-24,https://m.media-amazon.com/images/I/51z4fzmeiWL._AC_UL320_.jpg,45,排名进入前30；价格高于人民币等值¥288.00；评分达到4.3以上。
2026-09-04,amazon_us,product,search,platform sandals women,1,4.0,,,4.0,,,,,,https://aax-us-east-retail-direct.amazon.com/x/c/JEaja_yv38t3JA7uV6lCSIwAAAGgauWMYAEAAAH2AQBvbm9fdHhuX2JpZDUgICBvbm9fdHhuX2ltcDIgICCcn2wI/clv1c_ek-IxYfXFcbSTAHEC4szumk9IztW2vIQ3BanCDy5ngldshbblXzCbXumL48MgyAbYOUWP2h92Wq-_qKas6EFiw1ZRTB6KguYkU1FQKMYK9GGuoFyK2SR3As_1epGyjLxURFQRdCBK1KKt6uCH1_CvsUQxvioxlTviNwwTlLqSYYQcR_d_gAo24tS4h5qsClxCJ7OTnxvIMzFz4j1RygCVaubH9EaTcS6tpTc6h2y1XSoiLzXwUvtkO82prc9ilkXJbphHqGKcijCGwMrzVjMD2B7ekqEgQhwdqu6BTgViaSwFDXBwNAdfu06zlIJ65OCoN0uK70qeLfBoCDjbgfFToGAcOTLZz2lqXb3nLewCnofUUG0cHXfA_23Jlu-eL_98KIhsQLrguYx7L63faJnSuRLdJ0EhFxvKzYD-px4uuQLeSMEyM6BxCeJOsFRFHUtnXfcSZnUyq75h4xm01enoCZnN7p8xjd4iXTeNdzTeYQyFmqKkZz-733U3l2WdStOxh-_QbrcJr0AED9Y1lfWH9d6YyrIbyCPvRNSrk5I_PzcjCgbNvH_mxkAuIuiy-Z7t1A1XKBpF8BPhJmDLIY6oCJ3shXUrmUeNCH8icSfkIgd04bR2xb9CwNKT5-T0EPsiqDqtRvJr2I9xojZkKoOsz4zFA10_LfxCD0TaAIs4-pzF72NfPlbwatlXP-VE77BrF36LSMcl5EhGSRA04GdYPAntypBkV1KF6xKgyuU5QRPcnreynoEgAfeZhwCKtodtsxS-3FijT3w-Ty-5LvqII774s3QDAxBrE1D-4Z3pD6Rl-AxjgE1adzTF6vXJXmScib0wVnqwXXEgnq_Gm8dRBB4XP9zpOT_oyXRcX_aeNCCPc9jcpgb6V5LWY6U3m2hqiKr5IKKWJesdk15SgeUmDWNNJZ-QgiIT8kA7wNrffZKvLZ_GOtfI2ZYfIeIlCJs0vGKM5cCtQOHCTS7vV-6-KZwWXrJe_n1tXHO6SDBLi5i3Tse8bid8tpNGGa8FrrPQXSGK11D5vQUvG2IBOWOhgVRUz7kRmi98PLIsHFNfQiMoSMLH_ihdSOV3ydDa4YHk_CDzy_21eCVw_tOrAAg4pY5vcrFAsDQiP_b10zu26QGR8FrTFlPDjnR0WuOpI4uGKXtuhJHkpYkkwQROiIB8gxoWplenDnmRBjYxZ5yCaaVi3I9l4UT-Dl3rUOk05_LB6Pp2JvM2iJqKt-KQ5pAwpZKJ4UfyDkbZBFiL99D3Q7olVw_hrUm7pzQM57W2GJwR3NvPO1GecyDtHjQRyQ0lXCdE46k_3jfAjn0p2uMb1mCHvjUKt19pR6mb3mxkYEgDHl6fYkIvSfGKEMx40eCo7wW7WDxZu_YjZlGEHhpgKDmx08Q8-YzRBpw-_XFV0s85l5TvTGr9bHatYMKt9X0TuFMNSB2RSRffrFGe4yPGOavN_iP8riVHVvD_kmUuUwcbayswpzJ9P4wqKNUu9fBGaYBlCDnelhTpiZ0zdn10mn6aRtWnsPhsqlyw5kRYNZfe6bcJkht3eg-h84nONyO5KJyYEA8PA04dliIqv6AbAeVsnhdBP4WzR9e9orR9WLx5od9eGtCjZ_u8NBxh0RwkPmY_XRiOJZAJDfm0ZdkWg-Cazu2tjy7IlBoSDg/https://www.amazon.com/dp/B0FWTY6D77/?_encoding=UTF8&pd_rd_i=B0FWTY6D77&ref_=sbx_be_s_sparkle_ssd_img&qid=1788499823&pd_rd_w=fk6I9&content-id=amzn1.sym.8de9b3d5-f5c5-40e9-9b39-d65f08d6ea68%3Aamzn1.sym.8de9b3d5-f5c5-40e9-9b39-d65f08d6ea68&pf_rd_p=8de9b3d5-f5c5-40e9-9b39-d65f08d6ea68&pf_rd_r=WSGHN5MYR3DHN2VK4G1B&pd_rd_wg=z5vvl&pd_rd_r=b6162eb2-8c97-48f2-9e4f-64e3bc2cdc28&pd_rd_plhdr=t,"https://m.media-amazon.com/images/I/51hzokf1usL._AC_SR250,250_QL65_.jpg",45,排名靠前。
2026-09-04,amazon_us,product,search,platform sandals women,2,4.3,,,4.3,,,,,,https://aax-us-east-retail-direct.amazon.com/x/c/JEaja_yv38t3JA7uV6lCSIwAAAGgauWMYAEAAAH2AQBvbm9fdHhuX2JpZDUgICBvbm9fdHhuX2ltcDIgICCcn2wI/clv1c_ek-IxYfXFcbSTAHEC4szumk9IztW2vIQ3BanCDy5ngldshbblXzCbXumL48MgyAbYOUWP2h92Wq-_qKas6EFiw1ZRTB6KguYkU1FQKMYK9GGuoFyK2SR3As_1epGyjLxURFQRdCBK1KKt6uCH1_CvsUQxvioxlTviNwwTlLqSYYQcR_d_gAo24tS4h5qsClxCJ7OTnxvIMzFz4j1RygCVaubH9EaTcS6tpTc6h2y1XSoiLzXwUvtkO82prc9ilkXJbphHqGKcijCGwMrzVjMD2B7ekqEgQhwdqu6BTgViaSwFDXBwNAdfu06zlIJ65OCoN0uK70qeLfBoCDjbgfFToGAcOTLZz2lqXb3nLewCnofUUG0cHXfA_23Jlu-eL_98KIhsQLrguYx7L63faJnSuRLdJ0EhFxvKzYD-px4uuQLeSMEyM6BxCeJOsFRFHUtnXfcSZnUyq75h4xm01enoCZnN7p8xjd4iXTeNdzTeYQyFmqKkZz-733U3l2WdStOxh-_QbrcJr0AED9Y1lfWH9d6YyrIbyCPvRNSrk5I_PzcjCgbNvH_mxkAuIuiy-Z7t1A1XKBpF8BPhJmDLIY6oCJ3shXUrmUeNCH8icSfkIgd04bR2xb9CwNKT5-T0EPsiqDqtRvJr2I9xojZkKoOsz4zFA10_LfxCD0TaAIs4-pzF72NfPlbwatlXP-VE77BrF36LSMcl5EhGSRA04GdYPAntypBkV1KF6xKgyuU5QRPcnreynoEgAfeZhwCKtodtsxS-3FijT3w-Ty-5LvqII774s3QDAxBrE1D-4Z3pD6Rl-AxjgE1adzTF6vXJXmScib0wVnqwXXEgnq_Gm8dRBB4XP9zpOT_oyXRcX_aeNCCPc9jcpgb6V5LWY6U3m2hqiKr5IKKWJesdk15SgeUmDWNNJZ-QgiIT8kA7wNrffZKvLZ_GOtfI2ZYfIeIlCJs0vGKM5cCtQOHCTS7vV-6-KZwWXrJe_n1tXHO6SDBLi5i3Tse8bid8tpNGGa8FrrPQXSGK11D5vQUvG2IBOWOhgVRUz7kRmi98PLIsHFNfQiMoSMLH_ihdSOV3ydDa4YHk_CDzy_21eCVw_tOrAAg4pY5vcrFAsDQiP_b10zu26QGR8FrTFlPDjnR0WuOpI4uGKXtuhJHkpYkkwQROiIB8gxoWplenDnmRBjYxZ5yCaaVi3I9l4UT-Dl3rUOk05_LB6Pp2JvM2iJqKt-KQ5pAwpZKJ4UfyDkbZBFiL99D3Q7olVw_hrUm7pzQM57W2GJwR3NvPO1GecyDtHjQRyQ0lXCdE46k_3jfAjn0p2uMb1mCHvjUKt19pR6mb3mxkYEgDHl6fYkIvSfGKEMx40eCo7wW7WDxZu_YjZlGEHhpgKDmx08Q8-YzRBpw-_XFV0s85l5TvTGr9bHatYMKt9X0TuFMNSB2RSRffrFGe4yPGOavN_iP8riVHVvD_kmUuUwcbayswpzJ9P4wqKNUu9fBGaYBlCDnelhTpiZ0zdn10mn6aRtWnsPhsqlyw5kRYNZfe6bcJkht3eg-h84nONyO5KJyYEA8PA04dliIqv6AbAeVsnhdBP4WzR9e9orR9WLx5od9eGtCjZ_u8NBxh0RwkPmY_XRiOJZAJDfm0ZdkWg-Cazu2tjy7IlBoSDg/https://www.amazon.com/dp/B0DNKHTJQ3/?_encoding=UTF8&pd_rd_i=B0DNKHTJQ3&ref_=sbx_be_s_sparkle_ssd_img&qid=1788499823&pd_rd_w=fk6I9&content-id=amzn1.sym.8de9b3d5-f5c5-40e9-9b39-d65f08d6ea68%3Aamzn1.sym.8de9b3d5-f5c5-40e9-9b39-d65f08d6ea68&pf_rd_p=8de9b3d5-f5c5-40e9-9b39-d65f08d6ea68&pf_rd_r=WSGHN5MYR3DHN2VK4G1B&pd_rd_wg=z5vvl&pd_rd_r=b6162eb2-8c97-48f2-9e4f-64e3bc2cdc28&pd_rd_plhdr=t,"https://m.media-amazon.com/images/I/41M9AhprfyL._AC_SR250,250_QL65_.jpg",45,排名靠前。
2026-09-04,amazon_us,product,search,platform sandals women,3,4.2,,,4.2,,,,,,https://aax-us-east-retail-direct.amazon.com/x/c/JEaja_yv38t3JA7uV6lCSIwAAAGgauWMYAEAAAH2AQBvbm9fdHhuX2JpZDUgICBvbm9fdHhuX2ltcDIgICCcn2wI/clv1c_ek-IxYfXFcbSTAHEC4szumk9IztW2vIQ3BanCDy5ngldshbblXzCbXumL48MgyAbYOUWP2h92Wq-_qKas6EFiw1ZRTB6KguYkU1FQKMYK9GGuoFyK2SR3As_1epGyjLxURFQRdCBK1KKt6uCH1_CvsUQxvioxlTviNwwTlLqSYYQcR_d_gAo24tS4h5qsClxCJ7OTnxvIMzFz4j1RygCVaubH9EaTcS6tpTc6h2y1XSoiLzXwUvtkO82prc9ilkXJbphHqGKcijCGwMrzVjMD2B7ekqEgQhwdqu6BTgViaSwFDXBwNAdfu06zlIJ65OCoN0uK70qeLfBoCDjbgfFToGAcOTLZz2lqXb3nLewCnofUUG0cHXfA_23Jlu-eL_98KIhsQLrguYx7L63faJnSuRLdJ0EhFxvKzYD-px4uuQLeSMEyM6BxCeJOsFRFHUtnXfcSZnUyq75h4xm01enoCZnN7p8xjd4iXTeNdzTeYQyFmqKkZz-733U3l2WdStOxh-_QbrcJr0AED9Y1lfWH9d6YyrIbyCPvRNSrk5I_PzcjCgbNvH_mxkAuIuiy-Z7t1A1XKBpF8BPhJmDLIY6oCJ3shXUrmUeNCH8icSfkIgd04bR2xb9CwNKT5-T0EPsiqDqtRvJr2I9xojZkKoOsz4zFA10_LfxCD0TaAIs4-pzF72NfPlbwatlXP-VE77BrF36LSMcl5EhGSRA04GdYPAntypBkV1KF6xKgyuU5QRPcnreynoEgAfeZhwCKtodtsxS-3FijT3w-Ty-5LvqII774s3QDAxBrE1D-4Z3pD6Rl-AxjgE1adzTF6vXJXmScib0wVnqwXXEgnq_Gm8dRBB4XP9zpOT_oyXRcX_aeNCCPc9jcpgb6V5LWY6U3m2hqiKr5IKKWJesdk15SgeUmDWNNJZ-QgiIT8kA7wNrffZKvLZ_GOtfI2ZYfIeIlCJs0vGKM5cCtQOHCTS7vV-6-KZwWXrJe_n1tXHO6SDBLi5i3Tse8bid8tpNGGa8FrrPQXSGK11D5vQUvG2IBOWOhgVRUz7kRmi98PLIsHFNfQiMoSMLH_ihdSOV3ydDa4YHk_CDzy_21eCVw_tOrAAg4pY5vcrFAsDQiP_b10zu26QGR8FrTFlPDjnR0WuOpI4uGKXtuhJHkpYkkwQROiIB8gxoWplenDnmRBjYxZ5yCaaVi3I9l4UT-Dl3rUOk05_LB6Pp2JvM2iJqKt-KQ5pAwpZKJ4UfyDkbZBFiL99D3Q7olVw_hrUm7pzQM57W2GJwR3NvPO1GecyDtHjQRyQ0lXCdE46k_3jfAjn0p2uMb1mCHvjUKt19pR6mb3mxkYEgDHl6fYkIvSfGKEMx40eCo7wW7WDxZu_YjZlGEHhpgKDmx08Q8-YzRBpw-_XFV0s85l5TvTGr9bHatYMKt9X0TuFMNSB2RSRffrFGe4yPGOavN_iP8riVHVvD_kmUuUwcbayswpzJ9P4wqKNUu9fBGaYBlCDnelhTpiZ0zdn10mn6aRtWnsPhsqlyw5kRYNZfe6bcJkht3eg-h84nONyO5KJyYEA8PA04dliIqv6AbAeVsnhdBP4WzR9e9orR9WLx5od9eGtCjZ_u8NBxh0RwkPmY_XRiOJZAJDfm0ZdkWg-Cazu2tjy7IlBoSDg/https://www.amazon.com/dp/B0DR3LB5NG/?_encoding=UTF8&pd_rd_i=B0DR3LB5NG&ref_=sbx_be_s_sparkle_ssd_img&qid=1788499823&pd_rd_w=fk6I9&content-id=amzn1.sym.8de9b3d5-f5c5-40e9-9b39-d65f08d6ea68%3Aamzn1.sym.8de9b3d5-f5c5-40e9-9b39-d65f08d6ea68&pf_rd_p=8de9b3d5-f5c5-40e9-9b39-d65f08d6ea68&pf_rd_r=WSGHN5MYR3DHN2VK4G1B&pd_rd_wg=z5vvl&pd_rd_r=b6162eb2-8c97-48f2-9e4f-64e3bc2cdc28&pd_rd_plhdr=t,"https://m.media-amazon.com/images/I/41i54vjKDPL._AC_SR250,250_QL65_.jpg",45,排名靠前。
2026-09-04,amazon_us,product,search,platform sandals women,4,4.0,,,4.0,,,,,,https://aax-us-east-retail-direct.amazon.com/x/c/JEaja_yv38t3JA7uV6lCSIwAAAGgauWMYAEAAAH2AQBvbm9fdHhuX2JpZDUgICBvbm9fdHhuX2ltcDIgICCcn2wI/clv1c_ek-IxYfXFcbSTAHEC4szumk9IztW2vIQ3BanCDy5ngldshbblXzCbXumL48MgyAbYOUWP2h92Wq-_qKas6EFiw1ZRTB6KguYkU1FQKMYK9GGuoFyK2SR3As_1epGyjLxURFQRdCBK1KKt6uCH1_CvsUQxvioxlTviNwwTlLqSYYQcR_d_gAo24tS4h5qsClxCJ7OTnxvIMzFz4j1RygCVaubH9EaTcS6tpTc6h2y1XSoiLzXwUvtkO82prc9ilkXJbphHqGKcijCGwMrzVjMD2B7ekqEgQhwdqu6BTgViaSwFDXBwNAdfu06zlIJ65OCoN0uK70qeLfBoCDjbgfFToGAcOTLZz2lqXb3nLewCnofUUG0cHXfA_23Jlu-eL_98KIhsQLrguYx7L63faJnSuRLdJ0EhFxvKzYD-px4uuQLeSMEyM6BxCeJOsFRFHUtnXfcSZnUyq75h4xm01enoCZnN7p8xjd4iXTeNdzTeYQyFmqKkZz-733U3l2WdStOxh-_QbrcJr0AED9Y1lfWH9d6YyrIbyCPvRNSrk5I_PzcjCgbNvH_mxkAuIuiy-Z7t1A1XKBpF8BPhJmDLIY6oCJ3shXUrmUeNCH8icSfkIgd04bR2xb9CwNKT5-T0EPsiqDqtRvJr2I9xojZkKoOsz4zFA10_LfxCD0TaAIs4-pzF72NfPlbwatlXP-VE77BrF36LSMcl5EhGSRA04GdYPAntypBkV1KF6xKgyuU5QRPcnreynoEgAfeZhwCKtodtsxS-3FijT3w-Ty-5LvqII774s3QDAxBrE1D-4Z3pD6Rl-AxjgE1adzTF6vXJXmScib0wVnqwXXEgnq_Gm8dRBB4XP9zpOT_oyXRcX_aeNCCPc9jcpgb6V5LWY6U3m2hqiKr5IKKWJesdk15SgeUmDWNNJZ-QgiIT8kA7wNrffZKvLZ_GOtfI2ZYfIeIlCJs0vGKM5cCtQOHCTS7vV-6-KZwWXrJe_n1tXHO6SDBLi5i3Tse8bid8tpNGGa8FrrPQXSGK11D5vQUvG2IBOWOhgVRUz7kRmi98PLIsHFNfQiMoSMLH_ihdSOV3ydDa4YHk_CDzy_21eCVw_tOrAAg4pY5vcrFAsDQiP_b10zu26QGR8FrTFlPDjnR0WuOpI4uGKXtuhJHkpYkkwQROiIB8gxoWplenDnmRBjYxZ5yCaaVi3I9l4UT-Dl3rUOk05_LB6Pp2JvM2iJqKt-KQ5pAwpZKJ4UfyDkbZBFiL99D3Q7olVw_hrUm7pzQM57W2GJwR3NvPO1GecyDtHjQRyQ0lXCdE46k_3jfAjn0p2uMb1mCHvjUKt19pR6mb3mxkYEgDHl6fYkIvSfGKEMx40eCo7wW7WDxZu_YjZlGEHhpgKDmx08Q8-YzRBpw-_XFV0s85l5TvTGr9bHatYMKt9X0TuFMNSB2RSRffrFGe4yPGOavN_iP8riVHVvD_kmUuUwcbayswpzJ9P4wqKNUu9fBGaYBlCDnelhTpiZ0zdn10mn6aRtWnsPhsqlyw5kRYNZfe6bcJkht3eg-h84nONyO5KJyYEA8PA04dliIqv6AbAeVsnhdBP4WzR9e9orR9WLx5od9eGtCjZ_u8NBxh0RwkPmY_XRiOJZAJDfm0ZdkWg-Cazu2tjy7IlBoSDg/https://www.amazon.com/dp/B0FWTY6D77/?_encoding=UTF8&pd_rd_i=B0FWTY6D77&ref_=sbx_be_s_sparkle_ssd_img&qid=1788499823&pd_rd_w=fk6I9&content-id=amzn1.sym.8de9b3d5-f5c5-40e9-9b39-d65f08d6ea68%3Aamzn1.sym.8de9b3d5-f5c5-40e9-9b39-d65f08d6ea68&pf_rd_p=8de9b3d5-f5c5-40e9-9b39-d65f08d6ea68&pf_rd_r=WSGHN5MYR3DHN2VK4G1B&pd_rd_wg=z5vvl&pd_rd_r=b6162eb2-8c97-48f2-9e4f-64e3bc2cdc28&pd_rd_plhdr=t,"https://m.media-amazon.com/images/I/51hzokf1usL._AC_SR250,250_QL65_.jpg",45,排名靠前。
2026-09-04,amazon_us,product,search,platform sandals women,5,4.3,,,4.3,,,,,,https://aax-us-east-retail-direct.amazon.com/x/c/JEaja_yv38t3JA7uV6lCSIwAAAGgauWMYAEAAAH2AQBvbm9fdHhuX2JpZDUgICBvbm9fdHhuX2ltcDIgICCcn2wI/clv1c_ek-IxYfXFcbSTAHEC4szumk9IztW2vIQ3BanCDy5ngldshbblXzCbXumL48MgyAbYOUWP2h92Wq-_qKas6EFiw1ZRTB6KguYkU1FQKMYK9GGuoFyK2SR3As_1epGyjLxURFQRdCBK1KKt6uCH1_CvsUQxvioxlTviNwwTlLqSYYQcR_d_gAo24tS4h5qsClxCJ7OTnxvIMzFz4j1RygCVaubH9EaTcS6tpTc6h2y1XSoiLzXwUvtkO82prc9ilkXJbphHqGKcijCGwMrzVjMD2B7ekqEgQhwdqu6BTgViaSwFDXBwNAdfu06zlIJ65OCoN0uK70qeLfBoCDjbgfFToGAcOTLZz2lqXb3nLewCnofUUG0cHXfA_23Jlu-eL_98KIhsQLrguYx7L63faJnSuRLdJ0EhFxvKzYD-px4uuQLeSMEyM6BxCeJOsFRFHUtnXfcSZnUyq75h4xm01enoCZnN7p8xjd4iXTeNdzTeYQyFmqKkZz-733U3l2WdStOxh-_QbrcJr0AED9Y1lfWH9d6YyrIbyCPvRNSrk5I_PzcjCgbNvH_mxkAuIuiy-Z7t1A1XKBpF8BPhJmDLIY6oCJ3shXUrmUeNCH8icSfkIgd04bR2xb9CwNKT5-T0EPsiqDqtRvJr2I9xojZkKoOsz4zFA10_LfxCD0TaAIs4-pzF72NfPlbwatlXP-VE77BrF36LSMcl5EhGSRA04GdYPAntypBkV1KF6xKgyuU5QRPcnreynoEgAfeZhwCKtodtsxS-3FijT3w-Ty-5LvqII774s3QDAxBrE1D-4Z3pD6Rl-AxjgE1adzTF6vXJXmScib0wVnqwXXEgnq_Gm8dRBB4XP9zpOT_oyXRcX_aeNCCPc9jcpgb6V5LWY6U3m2hqiKr5IKKWJesdk15SgeUmDWNNJZ-QgiIT8kA7wNrffZKvLZ_GOtfI2ZYfIeIlCJs0vGKM5cCtQOHCTS7vV-6-KZwWXrJe_n1tXHO6SDBLi5i3Tse8bid8tpNGGa8FrrPQXSGK11D5vQUvG2IBOWOhgVRUz7kRmi98PLIsHFNfQiMoSMLH_ihdSOV3ydDa4YHk_CDzy_21eCVw_tOrAAg4pY5vcrFAsDQiP_b10zu26QGR8FrTFlPDjnR0WuOpI4uGKXtuhJHkpYkkwQROiIB8gxoWplenDnmRBjYxZ5yCaaVi3I9l4UT-Dl3rUOk05_LB6Pp2JvM2iJqKt-KQ5pAwpZKJ4UfyDkbZBFiL99D3Q7olVw_hrUm7pzQM57W2GJwR3NvPO1GecyDtHjQRyQ0lXCdE46k_3jfAjn0p2uMb1mCHvjUKt19pR6mb3mxkYEgDHl6fYkIvSfGKEMx40eCo7wW7WDxZu_YjZlGEHhpgKDmx08Q8-YzRBpw-_XFV0s85l5TvTGr9bHatYMKt9X0TuFMNSB2RSRffrFGe4yPGOavN_iP8riVHVvD_kmUuUwcbayswpzJ9P4wqKNUu9fBGaYBlCDnelhTpiZ0zdn10mn6aRtWnsPhsqlyw5kRYNZfe6bcJkht3eg-h84nONyO5KJyYEA8PA04dliIqv6AbAeVsnhdBP4WzR9e9orR9WLx5od9eGtCjZ_u8NBxh0RwkPmY_XRiOJZAJDfm0ZdkWg-Cazu2tjy7IlBoSDg/https://www.amazon.com/dp/B0DNKHTJQ3/?_encoding=UTF8&pd_rd_i=B0DNKHTJQ3&ref_=sbx_be_s_sparkle_ssd_img&qid=1788499823&pd_rd_w=fk6I9&content-id=amzn1.sym.8de9b3d5-f5c5-40e9-9b39-d65f08d6ea68%3Aamzn1.sym.8de9b3d5-f5c5-40e9-9b39-d65f08d6ea68&pf_rd_p=8de9b3d5-f5c5-40e9-9b39-d65f08d6ea68&pf_rd_r=WSGHN5MYR3DHN2VK4G1B&pd_rd_wg=z5vvl&pd_rd_r=b6162eb2-8c97-48f2-9e4f-64e3bc2cdc28&pd_rd_plhdr=t,"https://m.media-amazon.com/images/I/41M9AhprfyL._AC_SR250,250_QL65_.jpg",45,排名靠前。
2026-09-04,amazon_us,product,search,platform sandals women,6,4.2,,,4.2,,,,,,https://aax-us-east-retail-direct.amazon.com/x/c/JEaja_yv38t3JA7uV6lCSIwAAAGgauWMYAEAAAH2AQBvbm9fdHhuX2JpZDUgICBvbm9fdHhuX2ltcDIgICCcn2wI/clv1c_ek-IxYfXFcbSTAHEC4szumk9IztW2vIQ3BanCDy5ngldshbblXzCbXumL48MgyAbYOUWP2h92Wq-_qKas6EFiw1ZRTB6KguYkU1FQKMYK9GGuoFyK2SR3As_1epGyjLxURFQRdCBK1KKt6uCH1_CvsUQxvioxlTviNwwTlLqSYYQcR_d_gAo24tS4h5qsClxCJ7OTnxvIMzFz4j1RygCVaubH9EaTcS6tpTc6h2y1XSoiLzXwUvtkO82prc9ilkXJbphHqGKcijCGwMrzVjMD2B7ekqEgQhwdqu6BTgViaSwFDXBwNAdfu06zlIJ65OCoN0uK70qeLfBoCDjbgfFToGAcOTLZz2lqXb3nLewCnofUUG0cHXfA_23Jlu-eL_98KIhsQLrguYx7L63faJnSuRLdJ0EhFxvKzYD-px4uuQLeSMEyM6BxCeJOsFRFHUtnXfcSZnUyq75h4xm01enoCZnN7p8xjd4iXTeNdzTeYQyFmqKkZz-733U3l2WdStOxh-_QbrcJr0AED9Y1lfWH9d6YyrIbyCPvRNSrk5I_PzcjCgbNvH_mxkAuIuiy-Z7t1A1XKBpF8BPhJmDLIY6oCJ3shXUrmUeNCH8icSfkIgd04bR2xb9CwNKT5-T0EPsiqDqtRvJr2I9xojZkKoOsz4zFA10_LfxCD0TaAIs4-pzF72NfPlbwatlXP-VE77BrF36LSMcl5EhGSRA04GdYPAntypBkV1KF6xKgyuU5QRPcnreynoEgAfeZhwCKtodtsxS-3FijT3w-Ty-5LvqII774s3QDAxBrE1D-4Z3pD6Rl-AxjgE1adzTF6vXJXmScib0wVnqwXXEgnq_Gm8dRBB4XP9zpOT_oyXRcX_aeNCCPc9jcpgb6V5LWY6U3m2hqiKr5IKKWJesdk15SgeUmDWNNJZ-QgiIT8kA7wNrffZKvLZ_GOtfI2ZYfIeIlCJs0vGKM5cCtQOHCTS7vV-6-KZwWXrJe_n1tXHO6SDBLi5i3Tse8bid8tpNGGa8FrrPQXSGK11D5vQUvG2IBOWOhgVRUz7kRmi98PLIsHFNfQiMoSMLH_ihdSOV3ydDa4YHk_CDzy_21eCVw_tOrAAg4pY5vcrFAsDQiP_b10zu26QGR8FrTFlPDjnR0WuOpI4uGKXtuhJHkpYkkwQROiIB8gxoWplenDnmRBjYxZ5yCaaVi3I9l4UT-Dl3rUOk05_LB6Pp2JvM2iJqKt-KQ5pAwpZKJ4UfyDkbZBFiL99D3Q7olVw_hrUm7pzQM57W2GJwR3NvPO1GecyDtHjQRyQ0lXCdE46k_3jfAjn0p2uMb1mCHvjUKt19pR6mb3mxkYEgDHl6fYkIvSfGKEMx40eCo7wW7WDxZu_YjZlGEHhpgKDmx08Q8-YzRBpw-_XFV0s85l5TvTGr9bHatYMKt9X0TuFMNSB2RSRffrFGe4yPGOavN_iP8riVHVvD_kmUuUwcbayswpzJ9P4wqKNUu9fBGaYBlCDnelhTpiZ0zdn10mn6aRtWnsPhsqlyw5kRYNZfe6bcJkht3eg-h84nONyO5KJyYEA8PA04dliIqv6AbAeVsnhdBP4WzR9e9orR9WLx5od9eGtCjZ_u8NBxh0RwkPmY_XRiOJZAJDfm0ZdkWg-Cazu2tjy7IlBoSDg/https://www.amazon.com/dp/B0DR3LB5NG/?_encoding=UTF8&pd_rd_i=B0DR3LB5NG&ref_=sbx_be_s_sparkle_ssd_img&qid=1788499823&pd_rd_w=fk6I9&content-id=amzn1.sym.8de9b3d5-f5c5-40e9-9b39-d65f08d6ea68%3Aamzn1.sym.8de9b3d5-f5c5-40e9-9b39-d65f08d6ea68&pf_rd_p=8de9b3d5-f5c5-40e9-9b39-d65f08d6ea68&pf_rd_r=WSGHN5MYR3DHN2VK4G1B&pd_rd_wg=z5vvl&pd_rd_r=b6162eb2-8c97-48f2-9e4f-64e3bc2cdc28&pd_rd_plhdr=t,"https://m.media-amazon.com/images/I/41i54vjKDPL._AC_SR250,250_QL65_.jpg",45,排名靠前。
2026-09-04,amazon_us,product,best_sellers,Best Sellers Women Sandals,31,"Reef Cushion Vista Hi Womens Platform Fashion Sandal, Arch Support, Ultra Soft Cushion Footbed",,4.3,$39.91,,,,,,https://www.amazon.com/Reef-Womens-Cushion-Vista-Hi/dp/B09K8WMWN6/ref=zg_bs_g_679425011_d_sccl_31/133-0539383-4168010?psc=1,"https://images-na.ssl-images-amazon.com/images/I/61wij8MIiAL._AC_UL300_SR300,200_.jpg",44,排名进入前50；标题包含 platform、arch support、soft，符合美国女鞋舒适化趋势；评分达到4.3以上。
2026-09-04,amazon_us,product,new_releases,New Releases Women Sandals,28,"DREAM PAIRS Women's Chunky Low Heel Thong Sandals | Square Open Toe Slip On, Flip Flop Summer Heels, Comfortable Elgeant Going Out Sandals, Causal for Travel Daily Party Events",,3.9,$27.99,,,,,,https://www.amazon.com/DREAM-PAIRS-Womens-Chunky-Sandals/dp/B0H4FCN89X/ref=zg_bsnr_g_679425011_d_sccl_28/130-2908824-9009315?psc=1,"https://images-na.ssl-images-amazon.com/images/I/61B769rYVcL._AC_UL600_SR600,400_.jpg",44,排名进入前30；标题包含 comfort、summer，符合美国女鞋舒适化趋势。
2026-09-04,amazon_us,product,search,women summer slippers,39,Women's Open Toe House Slippers Breathable Waffle Fabric Memory Foam,¥79.13,4.1,50+ bought in past month,,,,,,https://www.amazon.com/Yoerpe-Womens-House-Slippers-Slip/dp/B0F8BKW8PC/ref=sr_1_33?dib=eyJ2IjoiMSJ9.eZQEUMTacA8IMNnsyu_bgdAfokbXryRF-Wq1ca20VG08cZsQrBwFJdUT61LMAIXpEQ8-qs3HdByLMKXp8q0T9eikDGAvdeGBCeo3_kAiSwMOy0l0arvWgbvAIxG7JwcalWJJBXfUJqcFsbwPpO-OW23zs0plR11Moy-JLTWXwRi25PDVZr-GgAM2UsrdTfPXJglX8C4RnNuENzeaa5rRK3KGc5jKQSp5vxNiIeo_GcgpOfHsq86cLcGSmNvWw1U7oixXEYUW_O66bUKHduYYi0eGnPr7tcPi4y0RJ6yQ3xk.xbn95su4K2FNyTx1uFrdW0nYwkOlf6Evm82rw2KfAOk&dib_tag=se&keywords=women+summer+slippers&qid=1788499822&sr=8-33,https://m.media-amazon.com/images/I/71GbfDOMPSL._AC_UL320_.jpg,44,排名进入前50；评论数达到50以上；价格处于人民币等值¥57.60-¥180.00黄金区间；评分达到4.0以上。
2026-09-04,amazon_us,product,best_sellers,Best Sellers Women Sandals,27,Havaianas Women's Slim Sandals,,4.5,$28.00,,,,,,https://www.amazon.com/Havaianas-Womens-Slim-Sandal-Black/dp/B000NBGN0W/ref=zg_bs_g_679425011_d_sccl_27/133-0539383-4168010?psc=1,"https://images-na.ssl-images-amazon.com/images/I/61JHkRJJEFL._AC_UL600_SR600,400_.jpg",42,排名进入前30；评分达到4.3以上。
2026-09-04,amazon_us,product,best_sellers,Best Sellers Women Sandals,29,"Amazon Essentials Women's Two Strap Heeled Sandals with Adjustable Ankle Strap, Padded Memory Foam Insole",,4.4,$27.10,,,,,,https://www.amazon.com/Amazon-Essentials-Womens-Nola-Heeled/dp/B08LPVFHDY/ref=zg_bs_g_679425011_d_sccl_29/133-0539383-4168010?psc=1,"https://images-na.ssl-images-amazon.com/images/I/71gXk60IUaL._AC_UL600_SR600,400_.jpg",42,排名进入前30；评分达到4.3以上。
2026-09-04,amazon_us,product,best_sellers,Best Sellers Women Sandals,42,"UBFEN Womens Hiking Sandals with Comfortable Arch Support | Lightweight, Adjustable Straps, Water Sandals for All-Day Wear, Beach, Vacation, Camping, Walking, Sport",,4.5,$39.99,,,,,,https://www.amazon.com/UBFEN-Sandals-Adjustable-Support-Vacation/dp/B0DQ7ZMY71/ref=zg_bs_g_679425011_d_sccl_42/133-0539383-4168010?psc=1,"https://images-na.ssl-images-amazon.com/images/I/71kBI1vUNtL._AC_UL300_SR300,200_.jpg",42,排名进入前50；标题包含 comfort、arch support、beach，符合美国女鞋舒适化趋势；评分达到4.3以上。
2026-09-04,amazon_us,product,best_sellers,Best Sellers Women Sandals,44,"FUNKYMONKEY Women's Comfort Slides Non-Slip Lightweight Flat Beach Sandals | Adjustable Buckle Plastic Sandals with Arch Support, Waterproof Non-Slip Summer Slippers for Pool, Shower & Daily Wear",,4.1,$18.99,,,,,,https://www.amazon.com/FUNKYMONKEY-Comfort-Adjustable-Sandals-US-Women/dp/B07CV9HRQT/ref=zg_bs_g_679425011_d_sccl_44/133-0539383-4168010?psc=1,"https://images-na.ssl-images-amazon.com/images/I/61e3d7mh76L._AC_UL300_SR300,200_.jpg",42,排名进入前50；标题包含 comfort、arch support、beach、summer，符合美国女鞋舒适化趋势；评分达到4.0以上。
2026-09-04,amazon_us,product,best_sellers,Best Sellers Women Sandals,46,"FITORY Womens Flat Sandals Fashion Slides with Soft Leather Slipper Summer | Dressy, Cute, Beach, Slip on, Comfortable, Wedding, Fancy, Casual, Comfy, Vacation",,4.3,$14.99,,,,,,https://www.amazon.com/FITORY-Sandals-Fashion-Leather-Slippers/dp/B0BN3GQFKN/ref=zg_bs_g_679425011_d_sccl_46/133-0539383-4168010?psc=1,"https://images-na.ssl-images-amazon.com/images/I/61cA2WpKDqL._AC_UL300_SR300,200_.jpg",42,排名进入前50；标题包含 comfort、soft、beach、summer，符合美国女鞋舒适化趋势；评分达到4.3以上。
2026-09-04,amazon_us,product,new_releases,New Releases Women Sandals,12,"VICKI·VICKI Women’s Raffia Slide Sandals, Low Heel Square Toe Open Toe Slip On Sandals for Women, Memory Foam Insole, Summer Vacation Casual Sandals",,4.2,$24.99,,,,,,https://www.amazon.com/VICKI%C2%B7VICKI-Womens-Raffia-Sandals-Vacation/dp/B0GJ4F9F3K/ref=zg_bsnr_g_679425011_d_sccl_12/130-2908824-9009315?psc=1,"https://images-na.ssl-images-amazon.com/images/I/71V+JB6FiUL._AC_UL600_SR600,400_.jpg",42,排名进入前30；标题包含 summer，符合美国女鞋舒适化趋势；评分达到4.0以上。
2026-09-04,amazon_us,product,new_releases,New Releases Women Sandals,25,Caradise Jelly Mule Kitten Heel Sandals for Women Summer Jelly Shoes,,4.1,$49.99,,,,,,https://www.amazon.com/Caradise-Jelly-Kitten-Sandals-Summer/dp/B0H5PJ9H4G/ref=zg_bsnr_g_679425011_d_sccl_25/130-2908824-9009315?psc=1,"https://images-na.ssl-images-amazon.com/images/I/61GKR9y5HSL._AC_UL600_SR600,400_.jpg",42,排名进入前30；标题包含 summer，符合美国女鞋舒适化趋势；评分达到4.0以上。
2026-09-04,amazon_us,product,new_releases,New Releases Women Sandals,26,GOUPSKY Women's Chunky Heel Mules Slip On Square Open Toe Mesh Sandals Summer Dressy Block Heeled Shoes for Vacation Party Wedding,,4.1,$39.98,,,,,,https://www.amazon.com/GOUPSKY-Chunky-Strappy-Sandals-Wedding/dp/B0H3KJZ83V/ref=zg_bsnr_g_679425011_d_sccl_26/130-2908824-9009315?psc=1,"https://images-na.ssl-images-amazon.com/images/I/61srW3HPThL._AC_UL600_SR600,400_.jpg",42,排名进入前30；标题包含 summer，符合美国女鞋舒适化趋势；评分达到4.0以上。
2026-09-04,amazon_us,product,new_releases,New Releases Women Sandals,32,"VIVASUN Flip Flops for Women with Arch Support Non-Slip Thong Sandals for Beach, Pool, Shower, Casual Summer Wear Comfortable Flip Flops",,4.2,$9.99,,,,,,https://www.amazon.com/VIVASUN-Support-Non-Slip-Sandals-Comfortable/dp/B0H3JMZ11X/ref=zg_bsnr_g_679425011_d_sccl_32/133-0539383-4168010?psc=1,"https://images-na.ssl-images-amazon.com/images/I/61u9FrNqQQL._AC_UL300_SR300,200_.jpg",42,排名进入前50；标题包含 comfort、arch support、beach、summer，符合美国女鞋舒适化趋势；评分达到4.0以上。
2026-09-04,amazon_us,product,new_releases,New Releases Women Sandals,38,Uniwill Shower Shoes Womens Quick Dry Arch Support Flip Flops | Darin Holes Comfortable Non Slip Beach Lightweight Thong Sandalas,,4.4,$16.88,,,,,,https://www.amazon.com/Uniwill-Shower-Shoes-Womens-Quickly/dp/B0GY5P9KS2/ref=zg_bsnr_g_679425011_d_sccl_38/133-0539383-4168010?psc=1,"https://images-na.ssl-images-amazon.com/images/I/61PrHay7LLL._AC_UL300_SR300,200_.jpg",42,排名进入前50；标题包含 comfort、arch support、beach，符合美国女鞋舒适化趋势；评分达到4.3以上。
2026-09-04,amazon_us,product,new_releases,New Releases Women Sandals,50,Tidewater Flip Flops | Women's Arch Support | Comfortable Casual Sandals | Beach and Daily Wear | Made for Comfort and Style | Resort Wear | Everyday Comfort,,4.5,$32.99,,,,,,https://www.amazon.com/Tidewater-Flip-Flops-Comfortable-Everyday/dp/B0H9Z6K2T3/ref=zg_bsnr_g_679425011_d_sccl_50/133-0539383-4168010?psc=1,"https://images-na.ssl-images-amazon.com/images/I/51EUsxNmtJL._AC_UL300_SR300,200_.jpg",42,排名进入前50；标题包含 comfort、arch support、beach，符合美国女鞋舒适化趋势；评分达到4.3以上。
2026-09-04,amazon_us,product,search,women summer slippers,31,Evshine,¥71.93,4.4,Evshine,,,,,,https://www.amazon.com/Evshine-Slippers-Bedroom-Corduroy-Outdoor/dp/B0FFZ8GWMZ/ref=sr_1_25?dib=eyJ2IjoiMSJ9.eZQEUMTacA8IMNnsyu_bgdAfokbXryRF-Wq1ca20VG08cZsQrBwFJdUT61LMAIXpEQ8-qs3HdByLMKXp8q0T9eikDGAvdeGBCeo3_kAiSwMOy0l0arvWgbvAIxG7JwcalWJJBXfUJqcFsbwPpO-OW23zs0plR11Moy-JLTWXwRi25PDVZr-GgAM2UsrdTfPXJglX8C4RnNuENzeaa5rRK3KGc5jKQSp5vxNiIeo_GcgpOfHsq86cLcGSmNvWw1U7oixXEYUW_O66bUKHduYYi0eGnPr7tcPi4y0RJ6yQ3xk.xbn95su4K2FNyTx1uFrdW0nYwkOlf6Evm82rw2KfAOk&dib_tag=se&keywords=women+summer+slippers&qid=1788499822&sr=8-25,https://m.media-amazon.com/images/I/81L2e-mi2FL._AC_UL320_.jpg,42,排名进入前50；价格处于人民币等值¥57.60-¥180.00黄金区间；评分达到4.3以上。
2026-09-04,amazon_us,product,search,women summer slippers,33,HomeTop,¥122.33,4.4,HomeTop,,,,,,https://www.amazon.com/Womens-Comfort-Cotton-Slippers-Anti-Skid/dp/B07J5QBSWK/ref=sr_1_27?dib=eyJ2IjoiMSJ9.eZQEUMTacA8IMNnsyu_bgdAfokbXryRF-Wq1ca20VG08cZsQrBwFJdUT61LMAIXpEQ8-qs3HdByLMKXp8q0T9eikDGAvdeGBCeo3_kAiSwMOy0l0arvWgbvAIxG7JwcalWJJBXfUJqcFsbwPpO-OW23zs0plR11Moy-JLTWXwRi25PDVZr-GgAM2UsrdTfPXJglX8C4RnNuENzeaa5rRK3KGc5jKQSp5vxNiIeo_GcgpOfHsq86cLcGSmNvWw1U7oixXEYUW_O66bUKHduYYi0eGnPr7tcPi4y0RJ6yQ3xk.xbn95su4K2FNyTx1uFrdW0nYwkOlf6Evm82rw2KfAOk&dib_tag=se&keywords=women+summer+slippers&qid=1788499822&sr=8-27,https://m.media-amazon.com/images/I/71h+wvVaLcL._AC_UL320_.jpg,42,排名进入前50；价格处于人民币等值¥57.60-¥180.00黄金区间；评分达到4.3以上。
2026-09-04,amazon_us,product,search,women summer slippers,35,EverFoams,¥107.93,4.3,EverFoams,,,,,,https://www.amazon.com/EverFoams-Slippers-Outdoor-Outsole-Vanilla/dp/B0DPZPQ4JW/ref=sr_1_29?dib=eyJ2IjoiMSJ9.eZQEUMTacA8IMNnsyu_bgdAfokbXryRF-Wq1ca20VG08cZsQrBwFJdUT61LMAIXpEQ8-qs3HdByLMKXp8q0T9eikDGAvdeGBCeo3_kAiSwMOy0l0arvWgbvAIxG7JwcalWJJBXfUJqcFsbwPpO-OW23zs0plR11Moy-JLTWXwRi25PDVZr-GgAM2UsrdTfPXJglX8C4RnNuENzeaa5rRK3KGc5jKQSp5vxNiIeo_GcgpOfHsq86cLcGSmNvWw1U7oixXEYUW_O66bUKHduYYi0eGnPr7tcPi4y0RJ6yQ3xk.xbn95su4K2FNyTx1uFrdW0nYwkOlf6Evm82rw2KfAOk&dib_tag=se&keywords=women+summer+slippers&qid=1788499822&sr=8-29,https://m.media-amazon.com/images/I/61-syU96aOL._AC_UL320_.jpg,42,排名进入前50；价格处于人民币等值¥57.60-¥180.00黄金区间；评分达到4.3以上。
2026-09-04,amazon_us,product,search,women summer slippers,36,Dearfoams,¥129.53,4.3,Dearfoams,,,,,,https://www.amazon.com/Dearfoams-womens-Slipper-Dusty-Large/dp/B083VY1Q3M/ref=sr_1_30?dib=eyJ2IjoiMSJ9.eZQEUMTacA8IMNnsyu_bgdAfokbXryRF-Wq1ca20VG08cZsQrBwFJdUT61LMAIXpEQ8-qs3HdByLMKXp8q0T9eikDGAvdeGBCeo3_kAiSwMOy0l0arvWgbvAIxG7JwcalWJJBXfUJqcFsbwPpO-OW23zs0plR11Moy-JLTWXwRi25PDVZr-GgAM2UsrdTfPXJglX8C4RnNuENzeaa5rRK3KGc5jKQSp5vxNiIeo_GcgpOfHsq86cLcGSmNvWw1U7oixXEYUW_O66bUKHduYYi0eGnPr7tcPi4y0RJ6yQ3xk.xbn95su4K2FNyTx1uFrdW0nYwkOlf6Evm82rw2KfAOk&dib_tag=se&keywords=women+summer+slippers&qid=1788499822&sr=8-30,https://m.media-amazon.com/images/I/716X6dZXCuL._AC_UL320_.jpg,42,排名进入前50；价格处于人民币等值¥57.60-¥180.00黄金区间；评分达到4.3以上。
2026-09-04,amazon_us,product,search,women summer slippers,37,VeraCosy,¥122.33,4.5,VeraCosy,,,,,,https://www.amazon.com/VeraCosy-Two-Tone-Slippers-Non-slip-Evening/dp/B0DCVZ52Y5/ref=sr_1_31?dib=eyJ2IjoiMSJ9.eZQEUMTacA8IMNnsyu_bgdAfokbXryRF-Wq1ca20VG08cZsQrBwFJdUT61LMAIXpEQ8-qs3HdByLMKXp8q0T9eikDGAvdeGBCeo3_kAiSwMOy0l0arvWgbvAIxG7JwcalWJJBXfUJqcFsbwPpO-OW23zs0plR11Moy-JLTWXwRi25PDVZr-GgAM2UsrdTfPXJglX8C4RnNuENzeaa5rRK3KGc5jKQSp5vxNiIeo_GcgpOfHsq86cLcGSmNvWw1U7oixXEYUW_O66bUKHduYYi0eGnPr7tcPi4y0RJ6yQ3xk.xbn95su4K2FNyTx1uFrdW0nYwkOlf6Evm82rw2KfAOk&dib_tag=se&keywords=women+summer+slippers&qid=1788499822&sr=8-31,https://m.media-amazon.com/images/I/81RJZ2gB8sL._AC_UL320_.jpg,42,排名进入前50；价格处于人民币等值¥57.60-¥180.00黄金区间；评分达到4.3以上。
2026-09-04,amazon_us,product,search,women summer slippers,44,KIDMI,¥143.93,4.4,KIDMI,,,,,,https://www.amazon.com/KIDMI-Womens-Comfortable-Walking-Sandals/dp/B0FC28GT31/ref=sr_1_38?dib=eyJ2IjoiMSJ9.eZQEUMTacA8IMNnsyu_bgdAfokbXryRF-Wq1ca20VG08cZsQrBwFJdUT61LMAIXpEQ8-qs3HdByLMKXp8q0T9eikDGAvdeGBCeo3_kAiSwMOy0l0arvWgbvAIxG7JwcalWJJBXfUJqcFsbwPpO-OW23zs0plR11Moy-JLTWXwRi25PDVZr-GgAM2UsrdTfPXJglX8C4RnNuENzeaa5rRK3KGc5jKQSp5vxNiIeo_GcgpOfHsq86cLcGSmNvWw1U7oixXEYUW_O66bUKHduYYi0eGnPr7tcPi4y0RJ6yQ3xk.xbn95su4K2FNyTx1uFrdW0nYwkOlf6Evm82rw2KfAOk&dib_tag=se&keywords=women+summer+slippers&qid=1788499822&sr=8-38,https://m.media-amazon.com/images/I/71ZQBGX7l8L._AC_UL320_.jpg,42,排名进入前50；价格处于人民币等值¥57.60-¥180.00黄金区间；评分达到4.3以上。
2026-09-04,amazon_us,product,search,women summer slippers,48,FITORY,¥107.93,4.3,FITORY,,,,,,https://www.amazon.com/FITORY-Sandals-Fashion-Leather-Slippers/dp/B0BN3GQFKN/ref=sr_1_42?dib=eyJ2IjoiMSJ9.eZQEUMTacA8IMNnsyu_bgdAfokbXryRF-Wq1ca20VG08cZsQrBwFJdUT61LMAIXpEQ8-qs3HdByLMKXp8q0T9eikDGAvdeGBCeo3_kAiSwMOy0l0arvWgbvAIxG7JwcalWJJBXfUJqcFsbwPpO-OW23zs0plR11Moy-JLTWXwRi25PDVZr-GgAM2UsrdTfPXJglX8C4RnNuENzeaa5rRK3KGc5jKQSp5vxNiIeo_GcgpOfHsq86cLcGSmNvWw1U7oixXEYUW_O66bUKHduYYi0eGnPr7tcPi4y0RJ6yQ3xk.xbn95su4K2FNyTx1uFrdW0nYwkOlf6Evm82rw2KfAOk&dib_tag=se&keywords=women+summer+slippers&qid=1788499822&sr=8-42,https://m.media-amazon.com/images/I/61cA2WpKDqL._AC_UL320_.jpg,42,排名进入前50；价格处于人民币等值¥57.60-¥180.00黄金区间；评分达到4.3以上。
2026-09-04,amazon_us,product,search,women slides,44,welltree,¥100.73,4.3,welltree,,,,,,https://www.amazon.com/welltree-Slippers-Non-Slip-Bathroom-Sandals/dp/B09JVKT6L8/ref=sr_1_38?dib=eyJ2IjoiMSJ9.wrqHnvIFpzxZDCy1gVq3f0L_foJ7eCfF1K6HgQ1qAHIfMmCWmWdfyUMFxorA-Btqwl2mhNFDUGoBULQYkP73iS_LqYi8K7NqA7_JZctPCt3pCMeL1DluUGjulf_WJEibIIZFMj5hVU6UotA218Q2TLla4sDJnEWxV9Ohkcb7xk2mLL1MCyc2Mt5dagzdpnRHvii6bhopcPODaaJvRoPzJbAI0N0XWzR5Y44BM-ZyJlPOF7jjafYZ8m1VkHsAfDboX3wDFt4TM1K6OKTrzbhYUqF-hH5CVd_fCCItQDh-0mk.OgbBMtJZPgGfionyh_P0eGdOSQhEN3PqAhqtNPyCbws&dib_tag=se&keywords=women+slides&qid=1788499823&sr=8-38,https://m.media-amazon.com/images/I/51gpb9lx2LL._AC_UL320_.jpg,42,排名进入前50；价格处于人民币等值¥57.60-¥180.00黄金区间；评分达到4.3以上。
2026-09-04,amazon_us,product,search,women slides,49,FITORY,¥164.09,4.3,FITORY,,,,,,https://www.amazon.com/FITORY-Sandals-Fashion-Leather-Slippers/dp/B0BN19R2J4/ref=sr_1_43?dib=eyJ2IjoiMSJ9.wrqHnvIFpzxZDCy1gVq3f0L_foJ7eCfF1K6HgQ1qAHIfMmCWmWdfyUMFxorA-Btqwl2mhNFDUGoBULQYkP73iS_LqYi8K7NqA7_JZctPCt3pCMeL1DluUGjulf_WJEibIIZFMj5hVU6UotA218Q2TLla4sDJnEWxV9Ohkcb7xk2mLL1MCyc2Mt5dagzdpnRHvii6bhopcPODaaJvRoPzJbAI0N0XWzR5Y44BM-ZyJlPOF7jjafYZ8m1VkHsAfDboX3wDFt4TM1K6OKTrzbhYUqF-hH5CVd_fCCItQDh-0mk.OgbBMtJZPgGfionyh_P0eGdOSQhEN3PqAhqtNPyCbws&dib_tag=se&keywords=women+slides&qid=1788499823&sr=8-43,https://m.media-amazon.com/images/I/61Ni1cJ-MnL._AC_UL320_.jpg,42,排名进入前50；价格处于人民币等值¥57.60-¥180.00黄金区间；评分达到4.3以上。
2026-09-04,amazon_us,product,best_sellers,Best Sellers Women Sandals,15,Havaianas Women's Slim Square Solid Flip Flops,,4.1,$20.00,,,,,,https://www.amazon.com/Havaianas-Womens-Square-Solid-Medium/dp/B0BBPX6J6F/ref=zg_bs_g_679425011_d_sccl_15/133-0539383-4168010?psc=1,"https://images-na.ssl-images-amazon.com/images/I/519tF5UFGFL._AC_UL600_SR600,400_.jpg",39,排名进入前30；评分达到4.0以上。
2026-09-04,amazon_us,product,best_sellers,Best Sellers Women Sandals,22,PiePieBuy Women's Lace Up Heeled Sandals Square Flip Flop High Heels Strappy Party Shoes,,4.1,$24.98,,,,,,https://www.amazon.com/PiePieBuy-Womens-Kitten-Sandals-Square/dp/B09N3LZTJX/ref=zg_bs_g_679425011_d_sccl_22/133-0539383-4168010?psc=1,"https://images-na.ssl-images-amazon.com/images/I/61L4UgP8LlL._AC_UL600_SR600,400_.jpg",39,排名进入前30；评分达到4.0以上。
2026-09-04,amazon_us,product,new_releases,New Releases Women Sandals,21,CUSHIONAIRE Markie Chunky Block Heel Sandals for Women with Faux Wood Heel and Memory Foam,,4.2,$49.99,,,,,,https://www.amazon.com/CUSHIONAIRE-Markie-Chunky-Sandals-WHISKEY/dp/B0H7CXS4PS/ref=zg_bsnr_g_679425011_d_sccl_21/130-2908824-9009315?psc=1,"https://images-na.ssl-images-amazon.com/images/I/81bd02BLg7L._AC_UL600_SR600,400_.jpg",39,排名进入前30；评分达到4.0以上。
2026-09-04,amazon_us,product,new_releases,New Releases Women Sandals,39,Littleplum Women's Flat Sandals Arch Support Comfortable Slide Sandals Open Toe Orthotic Walking Sandals,,4.3,$30.99,,,,,,https://www.amazon.com/Littleplum-Sandals-Support-Orthotic-Comfortable/dp/B0GYNPDB7Y/ref=zg_bsnr_g_679425011_d_sccl_39/133-0539383-4168010?psc=1,"https://images-na.ssl-images-amazon.com/images/I/81R6+JIYA6L._AC_UL300_SR300,200_.jpg",39,排名进入前50；标题包含 comfort、arch support，符合美国女鞋舒适化趋势；评分达到4.3以上。
2026-09-04,amazon_us,product,search,women summer slippers,32,mazeskin,¥71.93,4.1,mazeskin,,,,,,https://www.amazon.com/mazeskin-Womens-Comfortable-Sandals-Leather/dp/B0F32KMZ18/ref=sr_1_26?dib=eyJ2IjoiMSJ9.eZQEUMTacA8IMNnsyu_bgdAfokbXryRF-Wq1ca20VG08cZsQrBwFJdUT61LMAIXpEQ8-qs3HdByLMKXp8q0T9eikDGAvdeGBCeo3_kAiSwMOy0l0arvWgbvAIxG7JwcalWJJBXfUJqcFsbwPpO-OW23zs0plR11Moy-JLTWXwRi25PDVZr-GgAM2UsrdTfPXJglX8C4RnNuENzeaa5rRK3KGc5jKQSp5vxNiIeo_GcgpOfHsq86cLcGSmNvWw1U7oixXEYUW_O66bUKHduYYi0eGnPr7tcPi4y0RJ6yQ3xk.xbn95su4K2FNyTx1uFrdW0nYwkOlf6Evm82rw2KfAOk&dib_tag=se&keywords=women+summer+slippers&qid=1788499822&sr=8-26,https://m.media-amazon.com/images/I/71jV8GHPNSL._AC_UL320_.jpg,39,排名进入前50；价格处于人民币等值¥57.60-¥180.00黄金区间；评分达到4.0以上。
2026-09-04,amazon_us,product,search,women summer slippers,40,DL,¥127.15,4.2,DL,,,,,,https://www.amazon.com/DL-Slippers-Flannel-Bedroom-Non-Slip/dp/B08NJV6WYX/ref=sr_1_34?dib=eyJ2IjoiMSJ9.eZQEUMTacA8IMNnsyu_bgdAfokbXryRF-Wq1ca20VG08cZsQrBwFJdUT61LMAIXpEQ8-qs3HdByLMKXp8q0T9eikDGAvdeGBCeo3_kAiSwMOy0l0arvWgbvAIxG7JwcalWJJBXfUJqcFsbwPpO-OW23zs0plR11Moy-JLTWXwRi25PDVZr-GgAM2UsrdTfPXJglX8C4RnNuENzeaa5rRK3KGc5jKQSp5vxNiIeo_GcgpOfHsq86cLcGSmNvWw1U7oixXEYUW_O66bUKHduYYi0eGnPr7tcPi4y0RJ6yQ3xk.xbn95su4K2FNyTx1uFrdW0nYwkOlf6Evm82rw2KfAOk&dib_tag=se&keywords=women+summer+slippers&qid=1788499822&sr=8-34,https://m.media-amazon.com/images/I/71rpTD70hUL._AC_UL320_.jpg,39,排名进入前50；价格处于人民币等值¥57.60-¥180.00黄金区间；评分达到4.0以上。
2026-09-04,amazon_us,product,search,women summer slippers,46,Dokela,¥71.93,4.2,Dokela,,,,,,https://www.amazon.com/Dokela-Womens-Slippers-Breathable-Indoor/dp/B0GLH28M2B/ref=sr_1_40?dib=eyJ2IjoiMSJ9.eZQEUMTacA8IMNnsyu_bgdAfokbXryRF-Wq1ca20VG08cZsQrBwFJdUT61LMAIXpEQ8-qs3HdByLMKXp8q0T9eikDGAvdeGBCeo3_kAiSwMOy0l0arvWgbvAIxG7JwcalWJJBXfUJqcFsbwPpO-OW23zs0plR11Moy-JLTWXwRi25PDVZr-GgAM2UsrdTfPXJglX8C4RnNuENzeaa5rRK3KGc5jKQSp5vxNiIeo_GcgpOfHsq86cLcGSmNvWw1U7oixXEYUW_O66bUKHduYYi0eGnPr7tcPi4y0RJ6yQ3xk.xbn95su4K2FNyTx1uFrdW0nYwkOlf6Evm82rw2KfAOk&dib_tag=se&keywords=women+summer+slippers&qid=1788499822&sr=8-40,https://m.media-amazon.com/images/I/81r1tSkHqHL._AC_UL320_.jpg,39,排名进入前50；价格处于人民币等值¥57.60-¥180.00黄金区间；评分达到4.0以上。
2026-09-04,amazon_us,product,search,women summer slippers,49,isotoner,¥129.60,4.1,isotoner,,,,,,https://www.amazon.com/isotoner-Moisture-Wicking-Outdoor-Comfort/dp/B07N46CQ5X/ref=sr_1_43?dib=eyJ2IjoiMSJ9.eZQEUMTacA8IMNnsyu_bgdAfokbXryRF-Wq1ca20VG08cZsQrBwFJdUT61LMAIXpEQ8-qs3HdByLMKXp8q0T9eikDGAvdeGBCeo3_kAiSwMOy0l0arvWgbvAIxG7JwcalWJJBXfUJqcFsbwPpO-OW23zs0plR11Moy-JLTWXwRi25PDVZr-GgAM2UsrdTfPXJglX8C4RnNuENzeaa5rRK3KGc5jKQSp5vxNiIeo_GcgpOfHsq86cLcGSmNvWw1U7oixXEYUW_O66bUKHduYYi0eGnPr7tcPi4y0RJ6yQ3xk.xbn95su4K2FNyTx1uFrdW0nYwkOlf6Evm82rw2KfAOk&dib_tag=se&keywords=women+summer+slippers&qid=1788499822&sr=8-43,https://m.media-amazon.com/images/I/71ZM3S2w7-L._AC_UL320_.jpg,39,排名进入前50；价格处于人民币等值¥57.60-¥180.00黄金区间；评分达到4.0以上。
2026-09-04,amazon_us,product,search,women slides,31,Crocs,¥162.00,4.2,Crocs,,,,,,https://www.amazon.com/Crocs-Womens-Slide-Sandal-Taupe/dp/B0F9XF5RX9/ref=sr_1_25?dib=eyJ2IjoiMSJ9.wrqHnvIFpzxZDCy1gVq3f0L_foJ7eCfF1K6HgQ1qAHIfMmCWmWdfyUMFxorA-Btqwl2mhNFDUGoBULQYkP73iS_LqYi8K7NqA7_JZctPCt3pCMeL1DluUGjulf_WJEibIIZFMj5hVU6UotA218Q2TLla4sDJnEWxV9Ohkcb7xk2mLL1MCyc2Mt5dagzdpnRHvii6bhopcPODaaJvRoPzJbAI0N0XWzR5Y44BM-ZyJlPOF7jjafYZ8m1VkHsAfDboX3wDFt4TM1K6OKTrzbhYUqF-hH5CVd_fCCItQDh-0mk.OgbBMtJZPgGfionyh_P0eGdOSQhEN3PqAhqtNPyCbws&dib_tag=se&keywords=women+slides&qid=1788499823&sr=8-25,https://m.media-amazon.com/images/I/61cPOC2WmbL._AC_UL320_.jpg,39,排名进入前50；价格处于人民币等值¥57.60-¥180.00黄金区间；评分达到4.0以上。
2026-09-04,amazon_us,product,search,women slides,43,Leevar,¥100.73,4.2,Leevar,,,,,,https://www.amazon.com/Slippers-Leevar-Massage-Bathroom-Non-Slip/dp/B09YCTG4NP/ref=sr_1_37?dib=eyJ2IjoiMSJ9.wrqHnvIFpzxZDCy1gVq3f0L_foJ7eCfF1K6HgQ1qAHIfMmCWmWdfyUMFxorA-Btqwl2mhNFDUGoBULQYkP73iS_LqYi8K7NqA7_JZctPCt3pCMeL1DluUGjulf_WJEibIIZFMj5hVU6UotA218Q2TLla4sDJnEWxV9Ohkcb7xk2mLL1MCyc2Mt5dagzdpnRHvii6bhopcPODaaJvRoPzJbAI0N0XWzR5Y44BM-ZyJlPOF7jjafYZ8m1VkHsAfDboX3wDFt4TM1K6OKTrzbhYUqF-hH5CVd_fCCItQDh-0mk.OgbBMtJZPgGfionyh_P0eGdOSQhEN3PqAhqtNPyCbws&dib_tag=se&keywords=women+slides&qid=1788499823&sr=8-37,https://m.media-amazon.com/images/I/71Epw-42KBL._AC_UL320_.jpg,39,排名进入前50；价格处于人民币等值¥57.60-¥180.00黄金区间；评分达到4.0以上。
2026-09-04,amazon_us,product,search,women slides,48,FUNKYMONKEY,¥136.73,4.1,FUNKYMONKEY,,,,,,https://www.amazon.com/FUNKYMONKEY-Comfort-Adjustable-Sandals-US-Women/dp/B07CV9YZBB/ref=sr_1_42?dib=eyJ2IjoiMSJ9.wrqHnvIFpzxZDCy1gVq3f0L_foJ7eCfF1K6HgQ1qAHIfMmCWmWdfyUMFxorA-Btqwl2mhNFDUGoBULQYkP73iS_LqYi8K7NqA7_JZctPCt3pCMeL1DluUGjulf_WJEibIIZFMj5hVU6UotA218Q2TLla4sDJnEWxV9Ohkcb7xk2mLL1MCyc2Mt5dagzdpnRHvii6bhopcPODaaJvRoPzJbAI0N0XWzR5Y44BM-ZyJlPOF7jjafYZ8m1VkHsAfDboX3wDFt4TM1K6OKTrzbhYUqF-hH5CVd_fCCItQDh-0mk.OgbBMtJZPgGfionyh_P0eGdOSQhEN3PqAhqtNPyCbws&dib_tag=se&keywords=women+slides&qid=1788499823&sr=8-42,https://m.media-amazon.com/images/I/51o3wxcasIL._AC_UL320_.jpg,39,排名进入前50；价格处于人民币等值¥57.60-¥180.00黄金区间；评分达到4.0以上。
2026-09-04,amazon_us,product,search,women slides,50,Goosecret,¥136.73,4.2,Goosecret,,,,,,https://www.amazon.com/Goosecret-Platform-Lightweight-Comfortable-Adjustable/dp/B0CZ73TS2F/ref=sr_1_44?dib=eyJ2IjoiMSJ9.wrqHnvIFpzxZDCy1gVq3f0L_foJ7eCfF1K6HgQ1qAHIfMmCWmWdfyUMFxorA-Btqwl2mhNFDUGoBULQYkP73iS_LqYi8K7NqA7_JZctPCt3pCMeL1DluUGjulf_WJEibIIZFMj5hVU6UotA218Q2TLla4sDJnEWxV9Ohkcb7xk2mLL1MCyc2Mt5dagzdpnRHvii6bhopcPODaaJvRoPzJbAI0N0XWzR5Y44BM-ZyJlPOF7jjafYZ8m1VkHsAfDboX3wDFt4TM1K6OKTrzbhYUqF-hH5CVd_fCCItQDh-0mk.OgbBMtJZPgGfionyh_P0eGdOSQhEN3PqAhqtNPyCbws&dib_tag=se&keywords=women+slides&qid=1788499823&sr=8-44,https://m.media-amazon.com/images/I/71LGeq3MmbL._AC_UL320_.jpg,39,排名进入前50；价格处于人民币等值¥57.60-¥180.00黄金区间；评分达到4.0以上。
2026-09-04,amazon_us,product,search,platform sandals women,31,Athlefit,¥129.53,4.0,Athlefit,,,,,,https://www.amazon.com/Athlefit-Espadrilles-Sandals-Studded-Platform/dp/B083NZVCQH/ref=sr_1_19?dib=eyJ2IjoiMSJ9.-sztLUvFGvhR_ekbbj8Xk9q6b9rLUApHzs3sX5IbkObJxiy1BMzxvaRPHeF36WMwgflslM5VeVPuykNCZBEmNRhQt0iNIaiiVuEwQI7sMI7DwzZNvxf0YYSIoXmcW8z5c3ZkwRdj6U8datDAbgU2MWlgnpTGXzOJZ1jaQHV-SN47R0mUAb4yqHYcvGTJQPxbAD4Fj89iVA_BGbbYSx-FVLWDJwJpdWwxfFXy5AXefTp0aS9ZATwwSMHon7DqQH59oYdQEzZp2Qh4tAg_AlQEhgQATROHcvlr906FPyA1K1I.7Bl9NBxAGQ17kjWfJofZEjKE4eZfeXzpKxH4c3MSi54&dib_tag=se&keywords=platform+sandals+women&qid=1788499823&sr=8-19,https://m.media-amazon.com/images/I/71PoCinhRsL._AC_UL320_.jpg,39,排名进入前50；价格处于人民币等值¥57.60-¥180.00黄金区间；评分达到4.0以上。
2026-09-04,amazon_us,product,new_releases,New Releases Women Sandals,37,CAGLGLZ Open Toe Studded Flats Sandals for Women | Backless Slide Sandals Adjustable Double Strap Shoes with Hidden Button Slip On Comfortable Casual Summer,,4.2,$52.99,,,,,,https://www.amazon.com/CAGLGLZ-Studded-Flats-Sandals-Women/dp/B0HFJMS185/ref=zg_bsnr_g_679425011_d_sccl_37/133-0539383-4168010?psc=1,"https://images-na.ssl-images-amazon.com/images/I/51f4Jf83KDL._AC_UL300_SR300,200_.jpg",38,排名进入前50；评论数达到50以上；标题包含 comfort、summer，符合美国女鞋舒适化趋势；评分达到4.0以上。
2026-09-04,amazon_us,product,search,women slides,32,Calvin Klein,¥229.90,4.5,Calvin Klein,,,,,,https://www.amazon.com/Calvin-Klein-Womens-Athens-Sandal/dp/B0CQRSPTDJ/ref=sr_1_26?dib=eyJ2IjoiMSJ9.wrqHnvIFpzxZDCy1gVq3f0L_foJ7eCfF1K6HgQ1qAHIfMmCWmWdfyUMFxorA-Btqwl2mhNFDUGoBULQYkP73iS_LqYi8K7NqA7_JZctPCt3pCMeL1DluUGjulf_WJEibIIZFMj5hVU6UotA218Q2TLla4sDJnEWxV9Ohkcb7xk2mLL1MCyc2Mt5dagzdpnRHvii6bhopcPODaaJvRoPzJbAI0N0XWzR5Y44BM-ZyJlPOF7jjafYZ8m1VkHsAfDboX3wDFt4TM1K6OKTrzbhYUqF-hH5CVd_fCCItQDh-0mk.OgbBMtJZPgGfionyh_P0eGdOSQhEN3PqAhqtNPyCbws&dib_tag=se&keywords=women+slides&qid=1788499823&sr=8-26,https://m.media-amazon.com/images/I/61TQsy18fPL._AC_UL320_.jpg,37,排名进入前50；价格处于人民币等值¥180.00-¥288.00区间；评分达到4.3以上。
2026-09-04,amazon_us,product,search,women slides,40,adidas,¥288.00,4.3,adidas,,,,,,https://www.amazon.com/adidas-Unisex-Adult-Adilette-Comfort-Auburn/dp/B0FWTX279V/ref=sr_1_34?dib=eyJ2IjoiMSJ9.wrqHnvIFpzxZDCy1gVq3f0L_foJ7eCfF1K6HgQ1qAHIfMmCWmWdfyUMFxorA-Btqwl2mhNFDUGoBULQYkP73iS_LqYi8K7NqA7_JZctPCt3pCMeL1DluUGjulf_WJEibIIZFMj5hVU6UotA218Q2TLla4sDJnEWxV9Ohkcb7xk2mLL1MCyc2Mt5dagzdpnRHvii6bhopcPODaaJvRoPzJbAI0N0XWzR5Y44BM-ZyJlPOF7jjafYZ8m1VkHsAfDboX3wDFt4TM1K6OKTrzbhYUqF-hH5CVd_fCCItQDh-0mk.OgbBMtJZPgGfionyh_P0eGdOSQhEN3PqAhqtNPyCbws&dib_tag=se&keywords=women+slides&qid=1788499823&sr=8-34,https://m.media-amazon.com/images/I/614x3gJbyxL._AC_UL320_.jpg,37,排名进入前50；价格处于人民币等值¥180.00-¥288.00区间；评分达到4.3以上。
2026-09-04,amazon_us,product,search,women slides,46,Juicy Couture,¥201.46,4.4,Juicy Couture,,,,,,https://www.amazon.com/Juicy-Couture-Womens-Slide-Sandals/dp/B0DY6JK6WB/ref=sr_1_40?dib=eyJ2IjoiMSJ9.wrqHnvIFpzxZDCy1gVq3f0L_foJ7eCfF1K6HgQ1qAHIfMmCWmWdfyUMFxorA-Btqwl2mhNFDUGoBULQYkP73iS_LqYi8K7NqA7_JZctPCt3pCMeL1DluUGjulf_WJEibIIZFMj5hVU6UotA218Q2TLla4sDJnEWxV9Ohkcb7xk2mLL1MCyc2Mt5dagzdpnRHvii6bhopcPODaaJvRoPzJbAI0N0XWzR5Y44BM-ZyJlPOF7jjafYZ8m1VkHsAfDboX3wDFt4TM1K6OKTrzbhYUqF-hH5CVd_fCCItQDh-0mk.OgbBMtJZPgGfionyh_P0eGdOSQhEN3PqAhqtNPyCbws&dib_tag=se&keywords=women+slides&qid=1788499823&sr=8-40,https://m.media-amazon.com/images/I/51sh6ZNL2JL._AC_UL320_.jpg,37,排名进入前50；价格处于人民币等值¥180.00-¥288.00区间；评分达到4.3以上。
2026-09-04,amazon_us,product,best_sellers,Best Sellers Women Sandals,34,KuaiLu Womens Fashion Orthotic Slides Arch Support Slip On Walking Sandals | Ladies Lightweight Athletic Yoga Mat Thick Cushion Slippers Sandals With Comfortable Plantar Fasciitis,,4.0,$25.99,,,,,,https://www.amazon.com/Orthotic-Lightweight-Athletic-Comfortable-Fasciitis/dp/B092ZT26V3/ref=zg_bs_g_679425011_d_sccl_34/133-0539383-4168010?psc=1,"https://images-na.ssl-images-amazon.com/images/I/71Rxka3CPTL._AC_UL300_SR300,200_.jpg",36,排名进入前50；标题包含 comfort、arch support，符合美国女鞋舒适化趋势；评分达到4.0以上。
2026-09-04,amazon_us,product,best_sellers,Best Sellers Women Sandals,37,Rainbow Sandals Women’s Flirty Braidy Premier Leather w/Single Braided Strap,,4.6,$71.00,,,,,,https://www.amazon.com/Rainbow-Sandals-Womens-Flirty-7-5-8-5/dp/B00LGF8TAQ/ref=zg_bs_g_679425011_d_sccl_37/133-0539383-4168010?psc=1,"https://images-na.ssl-images-amazon.com/images/I/71B9WRizBDL._AC_UL300_SR300,200_.jpg",35,排名进入前50；评论数达到50以上；评分达到4.6以上。
2026-09-04,amazon_us,product,best_sellers,Best Sellers Women Sandals,40,"REEF Womens Shoes, Neptune | Lightweight Sneaker, Breathable Knit, Soft Cushion Footbed, Crush-Back Heel",,4.5,$59.95,,,,,,https://www.amazon.com/Womens-Neptune-Sneaker-White-Vintage/dp/B0D9HZD9PC/ref=zg_bs_g_679425011_d_sccl_40/133-0539383-4168010?psc=1,"https://images-na.ssl-images-amazon.com/images/I/519dWHTucwL._AC_UL300_SR300,200_.jpg",35,排名进入前50；评论数达到50以上；标题包含 soft，符合美国女鞋舒适化趋势；评分达到4.3以上。
2026-09-04,amazon_us,product,search,women summer slippers,34,Frykun,¥71.93,3.8,Frykun,,,,,,https://www.amazon.com/Frykun-Flops-Women-Support-Sandals/dp/B0GLGPRMX4/ref=sr_1_28?dib=eyJ2IjoiMSJ9.eZQEUMTacA8IMNnsyu_bgdAfokbXryRF-Wq1ca20VG08cZsQrBwFJdUT61LMAIXpEQ8-qs3HdByLMKXp8q0T9eikDGAvdeGBCeo3_kAiSwMOy0l0arvWgbvAIxG7JwcalWJJBXfUJqcFsbwPpO-OW23zs0plR11Moy-JLTWXwRi25PDVZr-GgAM2UsrdTfPXJglX8C4RnNuENzeaa5rRK3KGc5jKQSp5vxNiIeo_GcgpOfHsq86cLcGSmNvWw1U7oixXEYUW_O66bUKHduYYi0eGnPr7tcPi4y0RJ6yQ3xk.xbn95su4K2FNyTx1uFrdW0nYwkOlf6Evm82rw2KfAOk&dib_tag=se&keywords=women+summer+slippers&qid=1788499822&sr=8-28,https://m.media-amazon.com/images/I/71NYXs9bkGL._AC_UL320_.jpg,35,排名进入前50；价格处于人民币等值¥57.60-¥180.00黄金区间。
2026-09-04,amazon_us,product,search,women summer slippers,42,Dearfoams,¥194.40,4.2,Dearfoams,,,,,,https://www.amazon.com/Dearfoams-Womens-Melanie-Terry-Slipper/dp/B0CJ9NS5ZW/ref=sr_1_36?dib=eyJ2IjoiMSJ9.eZQEUMTacA8IMNnsyu_bgdAfokbXryRF-Wq1ca20VG08cZsQrBwFJdUT61LMAIXpEQ8-qs3HdByLMKXp8q0T9eikDGAvdeGBCeo3_kAiSwMOy0l0arvWgbvAIxG7JwcalWJJBXfUJqcFsbwPpO-OW23zs0plR11Moy-JLTWXwRi25PDVZr-GgAM2UsrdTfPXJglX8C4RnNuENzeaa5rRK3KGc5jKQSp5vxNiIeo_GcgpOfHsq86cLcGSmNvWw1U7oixXEYUW_O66bUKHduYYi0eGnPr7tcPi4y0RJ6yQ3xk.xbn95su4K2FNyTx1uFrdW0nYwkOlf6Evm82rw2KfAOk&dib_tag=se&keywords=women+summer+slippers&qid=1788499822&sr=8-36,https://m.media-amazon.com/images/I/71pY+l6k0SL._AC_UL320_.jpg,34,排名进入前50；价格处于人民币等值¥180.00-¥288.00区间；评分达到4.0以上。
2026-09-04,amazon_us,product,search,platform sandals women,38,EQAUDES,¥287.93,4.0,EQAUDES,,,,,,https://www.amazon.com/EQAUDES-Platform-Espadrille-Sandals-Flatform/dp/B0C6XLWPN9/ref=sr_1_26?dib=eyJ2IjoiMSJ9.-sztLUvFGvhR_ekbbj8Xk9q6b9rLUApHzs3sX5IbkObJxiy1BMzxvaRPHeF36WMwgflslM5VeVPuykNCZBEmNRhQt0iNIaiiVuEwQI7sMI7DwzZNvxf0YYSIoXmcW8z5c3ZkwRdj6U8datDAbgU2MWlgnpTGXzOJZ1jaQHV-SN47R0mUAb4yqHYcvGTJQPxbAD4Fj89iVA_BGbbYSx-FVLWDJwJpdWwxfFXy5AXefTp0aS9ZATwwSMHon7DqQH59oYdQEzZp2Qh4tAg_AlQEhgQATROHcvlr906FPyA1K1I.7Bl9NBxAGQ17kjWfJofZEjKE4eZfeXzpKxH4c3MSi54&dib_tag=se&keywords=platform+sandals+women&qid=1788499823&sr=8-26,https://m.media-amazon.com/images/I/81juIfWU4pL._AC_UL320_.jpg,34,排名进入前50；价格处于人民币等值¥180.00-¥288.00区间；评分达到4.0以上。
2026-09-04,amazon_us,product,search,platform sandals women,42,YorFotMae,¥215.93,4.2,YorFotMae,,,,,,https://www.amazon.com/YorFotMae-Platform-Sandals-Footbed-Buckles%EF%BC%8C/dp/B0F9KJZ1XJ/ref=sr_1_30?dib=eyJ2IjoiMSJ9.-sztLUvFGvhR_ekbbj8Xk9q6b9rLUApHzs3sX5IbkObJxiy1BMzxvaRPHeF36WMwgflslM5VeVPuykNCZBEmNRhQt0iNIaiiVuEwQI7sMI7DwzZNvxf0YYSIoXmcW8z5c3ZkwRdj6U8datDAbgU2MWlgnpTGXzOJZ1jaQHV-SN47R0mUAb4yqHYcvGTJQPxbAD4Fj89iVA_BGbbYSx-FVLWDJwJpdWwxfFXy5AXefTp0aS9ZATwwSMHon7DqQH59oYdQEzZp2Qh4tAg_AlQEhgQATROHcvlr906FPyA1K1I.7Bl9NBxAGQ17kjWfJofZEjKE4eZfeXzpKxH4c3MSi54&dib_tag=se&keywords=platform+sandals+women&qid=1788499823&sr=8-30,https://m.media-amazon.com/images/I/716H0att18L._AC_UL320_.jpg,34,排名进入前50；价格处于人民币等值¥180.00-¥288.00区间；评分达到4.0以上。
2026-09-04,amazon_us,product,search,platform sandals women,43,Accloris,¥287.86,4.1,Accloris,,,,,,https://www.amazon.com/Accloris-Platform-Comfortable-Lightweight-Beach-Ready/dp/B0G1YB2ZGH/ref=sr_1_31?dib=eyJ2IjoiMSJ9.-sztLUvFGvhR_ekbbj8Xk9q6b9rLUApHzs3sX5IbkObJxiy1BMzxvaRPHeF36WMwgflslM5VeVPuykNCZBEmNRhQt0iNIaiiVuEwQI7sMI7DwzZNvxf0YYSIoXmcW8z5c3ZkwRdj6U8datDAbgU2MWlgnpTGXzOJZ1jaQHV-SN47R0mUAb4yqHYcvGTJQPxbAD4Fj89iVA_BGbbYSx-FVLWDJwJpdWwxfFXy5AXefTp0aS9ZATwwSMHon7DqQH59oYdQEzZp2Qh4tAg_AlQEhgQATROHcvlr906FPyA1K1I.7Bl9NBxAGQ17kjWfJofZEjKE4eZfeXzpKxH4c3MSi54&dib_tag=se&keywords=platform+sandals+women&qid=1788499823&sr=8-31,https://m.media-amazon.com/images/I/716qZhNTI0L._AC_UL320_.jpg,34,排名进入前50；价格处于人民币等值¥180.00-¥288.00区间；评分达到4.0以上。
2026-09-04,amazon_us,product,best_sellers,Best Sellers Women Sandals,35,PIZZ ANNU Women's Low Block Chunky Heels Sandals Comfortable Open Toe Ankle Strap Party Dress Pump Shoes Strappy Buckle Heeled Sandal with 2 Inches Tall Thick Heel Design,,4.4,$33.99,,,,,,https://www.amazon.com/PIZZ-ANNU-Sandals-Comfortable-Strappy/dp/B0DKX8QYFD/ref=zg_bs_g_679425011_d_sccl_35/133-0539383-4168010?psc=1,"https://images-na.ssl-images-amazon.com/images/I/617rDp8Cx7L._AC_UL300_SR300,200_.jpg",33,排名进入前50；标题包含 comfort，符合美国女鞋舒适化趋势；评分达到4.3以上。
2026-09-04,amazon_us,product,best_sellers,Best Sellers Women Sandals,39,"COASIS Women's Chunky Block Heels Open Toe Ankle Strap Heeled Sandals | 3.5"" High Heel, 3MM Latex Midsole, Non-Slip Rubber Sole, Comfortable Walking, Wedding, Work & Party Wear",,4.4,$26.99,,,,,,https://www.amazon.com/COASIS-Womens-Chunky-Sandal-Ankle/dp/B08SH9V6D9/ref=zg_bs_g_679425011_d_sccl_39/133-0539383-4168010?psc=1,"https://images-na.ssl-images-amazon.com/images/I/71s+ovTRKSL._AC_UL300_SR300,200_.jpg",33,排名进入前50；标题包含 comfort，符合美国女鞋舒适化趋势；评分达到4.3以上。
2026-09-04,amazon_us,product,new_releases,New Releases Women Sandals,41,LOOPCHARM Women's Low Block Heel Sandals Square Toe Ankle Strap | Comfortable Open Toe Dressy Sandals Lightly Padded Straps Cushioned Footbed Stable Chunky Heel For Wedding Party Work.,,4.3,$39.99,,,,,,https://www.amazon.com/LOOPCHARM-Womens-Sandals-Square-Chocolate/dp/B0H114NQHH/ref=zg_bsnr_g_679425011_d_sccl_41/133-0539383-4168010?psc=1,"https://images-na.ssl-images-amazon.com/images/I/71b4mUiDMhL._AC_UL300_SR300,200_.jpg",33,排名进入前50；标题包含 comfort，符合美国女鞋舒适化趋势；评分达到4.3以上。
2026-09-04,amazon_us,product,new_releases,New Releases Women Sandals,44,Noctivelle Women Jelly Sandals Mesh Clear Waterproof Mule Slip On Flats Hollow Breathable Summer Beach Pool Casual Shoes,,4.3,$22.99,,,,,,https://www.amazon.com/Noctivelle-Women-Jelly-Waterproof-Mule/dp/B0H4W1BKXP/ref=zg_bsnr_g_679425011_d_sccl_44/133-0539383-4168010?psc=1,"https://images-na.ssl-images-amazon.com/images/I/71+pPnrUWEL._AC_UL300_SR300,200_.jpg",33,排名进入前50；标题包含 beach、summer，符合美国女鞋舒适化趋势；评分达到4.3以上。
2026-09-04,amazon_us,product,search,women slides,36,Coach,¥684.00,4.6,Coach,,,,,,https://www.amazon.com/COACH-Udele-Slide-Charcoal-Material/dp/B08S3C46NH/ref=sr_1_30?dib=eyJ2IjoiMSJ9.wrqHnvIFpzxZDCy1gVq3f0L_foJ7eCfF1K6HgQ1qAHIfMmCWmWdfyUMFxorA-Btqwl2mhNFDUGoBULQYkP73iS_LqYi8K7NqA7_JZctPCt3pCMeL1DluUGjulf_WJEibIIZFMj5hVU6UotA218Q2TLla4sDJnEWxV9Ohkcb7xk2mLL1MCyc2Mt5dagzdpnRHvii6bhopcPODaaJvRoPzJbAI0N0XWzR5Y44BM-ZyJlPOF7jjafYZ8m1VkHsAfDboX3wDFt4TM1K6OKTrzbhYUqF-hH5CVd_fCCItQDh-0mk.OgbBMtJZPgGfionyh_P0eGdOSQhEN3PqAhqtNPyCbws&dib_tag=se&keywords=women+slides&qid=1788499823&sr=8-30,https://m.media-amazon.com/images/I/71jST5a70hL._AC_UL320_.jpg,33,排名进入前50；价格高于人民币等值¥288.00；评分达到4.6以上。
2026-09-04,amazon_us,product,search,platform sandals women,36,REEF,¥431.64,4.7,REEF,,,,,,https://www.amazon.com/REEF-Womens-Sandals-Higher-Chocolate/dp/B0FQPP4YG9/ref=sr_1_24?dib=eyJ2IjoiMSJ9.-sztLUvFGvhR_ekbbj8Xk9q6b9rLUApHzs3sX5IbkObJxiy1BMzxvaRPHeF36WMwgflslM5VeVPuykNCZBEmNRhQt0iNIaiiVuEwQI7sMI7DwzZNvxf0YYSIoXmcW8z5c3ZkwRdj6U8datDAbgU2MWlgnpTGXzOJZ1jaQHV-SN47R0mUAb4yqHYcvGTJQPxbAD4Fj89iVA_BGbbYSx-FVLWDJwJpdWwxfFXy5AXefTp0aS9ZATwwSMHon7DqQH59oYdQEzZp2Qh4tAg_AlQEhgQATROHcvlr906FPyA1K1I.7Bl9NBxAGQ17kjWfJofZEjKE4eZfeXzpKxH4c3MSi54&dib_tag=se&keywords=platform+sandals+women&qid=1788499823&sr=8-24,https://m.media-amazon.com/images/I/61p4a8FYrVL._AC_UL320_.jpg,33,排名进入前50；价格高于人民币等值¥288.00；评分达到4.6以上。
2026-09-04,amazon_us,product,new_releases,New Releases Women Sandals,31,Clmhoe Suede Zebra High Heeled Sandals for Women Open Peep Toe Mules Slip On Stiletto Slides Casual Wedding Comfortable Pumps Shoes,,3.9,$54.99,,,,,,https://www.amazon.com/Clmhoe-Sandals-Stiletto-Wedding-Comfortable/dp/B0HCCJG13Z/ref=zg_bsnr_g_679425011_d_sccl_31/133-0539383-4168010?psc=1,"https://images-na.ssl-images-amazon.com/images/I/71mcbmHWhmL._AC_UL300_SR300,200_.jpg",31,排名进入前50；评论数达到50以上；标题包含 comfort，符合美国女鞋舒适化趋势。
2026-09-04,amazon_us,product,best_sellers,Best Sellers Women Sandals,36,"mysoft Women's Chunky Heels Open Toe Dress Sandals with Ankle Strap | Block Low Prom Heel, Adjustable Ankle Strap, Perfect for Wedding and Party, Four Seasons Classic Versatile",,4.4,$28.34,,,,,,https://www.amazon.com/mysoft-Womens-Chunky-Wedding-Sandals/dp/B09K7CM5T6/ref=zg_bs_g_679425011_d_sccl_36/133-0539383-4168010?psc=1,"https://images-na.ssl-images-amazon.com/images/I/71lKMsvNgPL._AC_UL300_SR300,200_.jpg",30,排名进入前50；标题包含 soft，符合美国女鞋舒适化趋势；评分达到4.3以上。
2026-09-04,amazon_us,product,new_releases,New Releases Women Sandals,33,IDIFU Womens Strappy Heels Low Chunky Block Square Open Toe Heeled Sandals | IN3 Slingback Short Small Thick Adjustable Ankle Strap Heels Wedding Prom Bridal Office Party Dressy Dress Shoes for Women,,4.7,$30.99,,,,,,https://www.amazon.com/IDIFU-Womens-Strappy-Chunky-Sandals/dp/B0GZN23VG2/ref=zg_bsnr_g_679425011_d_sccl_33/133-0539383-4168010?psc=1,"https://images-na.ssl-images-amazon.com/images/I/71JL-3WxW1L._AC_UL300_SR300,200_.jpg",30,排名进入前50；评分达到4.6以上。
2026-09-04,amazon_us,product,new_releases,New Releases Women Sandals,36,"DOBOLIN 1.8 Inch Women's Heeled Sandals Low Block Womens Dress Shoes | Comfortable Short Chunky Heels Open Toe Ankle Strap Casual Pumps Shoes Wedding Party Office (Run Large, Size Half Down)",,4.1,$28.99,,,,,,https://www.amazon.com/DOBOLIN-Womens-Heeled-Sandals-Block/dp/B0H256K552/ref=zg_bsnr_g_679425011_d_sccl_36/133-0539383-4168010?psc=1,"https://images-na.ssl-images-amazon.com/images/I/61ITG6AOpoL._AC_UL300_SR300,200_.jpg",30,排名进入前50；标题包含 comfort，符合美国女鞋舒适化趋势；评分达到4.0以上。
2026-09-04,amazon_us,product,new_releases,New Releases Women Sandals,40,Riekhany Kitten Heeled Sandals for Women Slip On Square Clip Toe Flip Flips | Casual Low Heel Pumps Comfortable Thong Slide Shoes Dressy Slippers for Party Daliy Work Travel,,4.0,$49.99,,,,,,https://www.amazon.com/Riekhany-Kitten-Sandals-Comfortable-Slippers/dp/B0HCBVJ1C2/ref=zg_bsnr_g_679425011_d_sccl_40/133-0539383-4168010?psc=1,"https://images-na.ssl-images-amazon.com/images/I/71GDJdxQMEL._AC_UL300_SR300,200_.jpg",30,排名进入前50；标题包含 comfort，符合美国女鞋舒适化趋势；评分达到4.0以上。
2026-09-04,amazon_us,product,new_releases,New Releases Women Sandals,42,"LOOPCHARM Women's Strappy High Heels Square Open Toe Ankle Strap Sandals | Comfortable Sexy Dress Sandals Adjustable Ankle Strap Shoes 3.55-Inch Stiletto Heel for Parties,Weddings Work.",,4.2,$39.99,,,,,,https://www.amazon.com/LOOPCHARM-Womens-Strappy-Sandals-Rhinestone/dp/B0H261NJGY/ref=zg_bsnr_g_679425011_d_sccl_42/133-0539383-4168010?psc=1,"https://images-na.ssl-images-amazon.com/images/I/71hVeBc3wWL._AC_UL300_SR300,200_.jpg",30,排名进入前50；标题包含 comfort，符合美国女鞋舒适化趋势；评分达到4.0以上。
2026-09-04,amazon_us,product,new_releases,New Releases Women Sandals,43,QIY Womens Ankle Strap Heels Stiletto 3.5 Inch Heel Open Round Toe Heeled Sandals Sexy Summer Dress Shoes,,4.3,$45.99,,,,,,https://www.amazon.com/QIY-Heeled-Sandals-Strappy-Stiletto/dp/B0GXVSRLRS/ref=zg_bsnr_g_679425011_d_sccl_43/133-0539383-4168010?psc=1,"https://images-na.ssl-images-amazon.com/images/I/61PCbBDyXHL._AC_UL300_SR300,200_.jpg",30,排名进入前50；标题包含 summer，符合美国女鞋舒适化趋势；评分达到4.3以上。
2026-09-04,amazon_us,product,search,platform sandals women,44,HEYDUDE,¥296.93,4.4,HEYDUDE,,,,,,https://www.amazon.com/HEYDUDE-Womens-Austin-Classic-Cognac/dp/B0F7NWHTF1/ref=sr_1_32?dib=eyJ2IjoiMSJ9.-sztLUvFGvhR_ekbbj8Xk9q6b9rLUApHzs3sX5IbkObJxiy1BMzxvaRPHeF36WMwgflslM5VeVPuykNCZBEmNRhQt0iNIaiiVuEwQI7sMI7DwzZNvxf0YYSIoXmcW8z5c3ZkwRdj6U8datDAbgU2MWlgnpTGXzOJZ1jaQHV-SN47R0mUAb4yqHYcvGTJQPxbAD4Fj89iVA_BGbbYSx-FVLWDJwJpdWwxfFXy5AXefTp0aS9ZATwwSMHon7DqQH59oYdQEzZp2Qh4tAg_AlQEhgQATROHcvlr906FPyA1K1I.7Bl9NBxAGQ17kjWfJofZEjKE4eZfeXzpKxH4c3MSi54&dib_tag=se&keywords=platform+sandals+women&qid=1788499823&sr=8-32,https://m.media-amazon.com/images/I/71+OUCJdJzL._AC_UL320_.jpg,30,排名进入前50；价格高于人民币等值¥288.00；评分达到4.3以上。
2026-09-04,amazon_us,product,best_sellers,Best Sellers Women Sandals,45,"CUSHIONAIRE Java Casual Womens Jelly Flats with Adjustable Strap, Closed Toe Mary Janes Mule Design, Waterproof Jelly Sandals for Women",,4.3,$34.99,,,,,,https://www.amazon.com/CUSHIONAIRE-Adjustable-Waterproof-Sandals-Chocolate/dp/B0H4MLLC32/ref=zg_bs_g_679425011_d_sccl_45/133-0539383-4168010?psc=1,"https://images-na.ssl-images-amazon.com/images/I/81iCqxPUX6L._AC_UL300_SR300,200_.jpg",27,排名进入前50；评分达到4.3以上。
2026-09-04,amazon_us,product,new_releases,New Releases Women Sandals,34,"Goderci Womens Kitten Heel Sandals Square Open Toe Stiletto Heels | 3.15 Inch Heel, Ankle Strap Buckle, Sexy Dressy Shoes, for Wedding, Bridal, Party, Prom, Daily",,4.4,$30.59,,,,,,https://www.amazon.com/Goderci-Womens-Kitten-Sandals-Stiletto/dp/B0GT4L7R4Z/ref=zg_bsnr_g_679425011_d_sccl_34/133-0539383-4168010?psc=1,"https://images-na.ssl-images-amazon.com/images/I/71zLul+4sQL._AC_UL300_SR300,200_.jpg",27,排名进入前50；评分达到4.3以上。
2026-09-04,amazon_us,product,new_releases,New Releases Women Sandals,49,"Athlefit Chunky Block Heels for Women Open Toe Ankle Strap Heeled Sandals | PU Leather Upper, 2-Inch Block Heel, Metal Chain Detail, Cushioned Footbed, TPR Outsole, Dress, Wedding, Party, Prom, Evening",,4.3,$34.99,,,,,,https://www.amazon.com/Athlefit-Brown-Dress-Heels-Sandals/dp/B0GL82KJDK/ref=zg_bsnr_g_679425011_d_sccl_49/133-0539383-4168010?psc=1,"https://images-na.ssl-images-amazon.com/images/I/61JKopjabCL._AC_UL300_SR300,200_.jpg",27,排名进入前50；评分达到4.3以上。
2026-09-04,amazon_us,product,new_releases,New Releases Women Sandals,35,xhuoqdk Fashion Kitten Heel Thong Sandals for Women Square Open Toe Slip‑On Slides Summer Casual Dress Heeled Flip‑Flops Beach Shoes,,,$16.99,,,,,,https://www.amazon.com/xhuoqdk-Fashion-Flip%E2%80%91Flops-Sandalias-Black/dp/B0HGS2XXBB/ref=zg_bsnr_g_679425011_d_sccl_35/133-0539383-4168010?psc=1,"https://images-na.ssl-images-amazon.com/images/I/51hdH70vArL._AC_UL300_SR300,200_.jpg",26,排名进入前50；标题包含 beach、summer，符合美国女鞋舒适化趋势。
2026-09-04,amazon_us,product,new_releases,New Releases Women Sandals,48,xhuoqdk Clear Jelly Kitten Heel Thong Sandals for Women Square Transparent Open Toe Slip‑On Slides Summer Casual Dress Heeled Flip‑Flops Beach Shoes,,,$16.99,,,,,,https://www.amazon.com/xhuoqdk-Transparent-Flip%E2%80%91Flops-Night%E2%80%91Out-Pink/dp/B0HGS646DD/ref=zg_bsnr_g_679425011_d_sccl_48/133-0539383-4168010?psc=1,"https://images-na.ssl-images-amazon.com/images/I/61iWvZub7WL._AC_UL300_SR300,200_.jpg",26,排名进入前50；标题包含 beach、summer，符合美国女鞋舒适化趋势。
2026-09-04,amazon_us,product,best_sellers,Best Sellers Women Sandals,38,Mindeeryy Thong Sandals Kitten Heels Square Toe Flip Flops | Slip On Heels for Women Kitten Heel Sandals Low Heel 2.4 Inch for Casual,,4.0,$24.30,,,,,,https://www.amazon.com/Mindeeryy-Sandals-Kitten-Square-Casual/dp/B0FCRDGLFG/ref=zg_bs_g_679425011_d_sccl_38/133-0539383-4168010?psc=1,"https://images-na.ssl-images-amazon.com/images/I/61huhY2r7vL._AC_UL300_SR300,200_.jpg",24,排名进入前50；评分达到4.0以上。
2026-09-04,amazon_us,product,new_releases,New Releases Women Sandals,46,"LOOPCHARM Women's Strappy Chunky Block Heels Square Open Toe Sandals | 3 Inch Adjustable Ankle Buckle Strap Heeled Sandals, Dressy Shoes for Bridal Guest Wedding Prom Party",,4.1,$47.99,,,,,,https://www.amazon.com/LOOPCHARM-Womens-Strappy-Sandals-Rhinestone/dp/B0H25NNG3L/ref=zg_bsnr_g_679425011_d_sccl_46/133-0539383-4168010?psc=1,"https://images-na.ssl-images-amazon.com/images/I/71J+8jet30L._AC_UL300_SR300,200_.jpg",24,排名进入前50；评分达到4.0以上。
2026-09-04,amazon_us,product,search,platform sandals women,50,Madden Girl,¥382.32,3.7,Madden Girl,,,,,,https://www.amazon.com/Madden-Girl-Womens-Mythicall-Natural/dp/B0CNKPC4Y5/ref=sr_1_38?dib=eyJ2IjoiMSJ9.-sztLUvFGvhR_ekbbj8Xk9q6b9rLUApHzs3sX5IbkObJxiy1BMzxvaRPHeF36WMwgflslM5VeVPuykNCZBEmNRhQt0iNIaiiVuEwQI7sMI7DwzZNvxf0YYSIoXmcW8z5c3ZkwRdj6U8datDAbgU2MWlgnpTGXzOJZ1jaQHV-SN47R0mUAb4yqHYcvGTJQPxbAD4Fj89iVA_BGbbYSx-FVLWDJwJpdWwxfFXy5AXefTp0aS9ZATwwSMHon7DqQH59oYdQEzZp2Qh4tAg_AlQEhgQATROHcvlr906FPyA1K1I.7Bl9NBxAGQ17kjWfJofZEjKE4eZfeXzpKxH4c3MSi54&dib_tag=se&keywords=platform+sandals+women&qid=1788499823&sr=8-38,https://m.media-amazon.com/images/I/71SNHrdlHML._AC_UL320_.jpg,23,排名进入前50；价格高于人民币等值¥288.00。
