date,source,data_type,list_type,keyword,rank,title,price,rating,review_count,likes,comments,views,published_at,competition_count,product_url,image_url,hot_score,reason
2026-07-12,amazon_us,product,search,women slides,3,"CUSHIONAIRE Feather EVA Slides for Women – Comfortable Slip On Womens Slippers, Indoor Outdoor Shower Shoes, Beach Essential Cloud Slides CUSHIONAIRE Feather EVA Slides for Women – Comfort…",¥170.78,4.4,,,,,,,https://aax-us-east-retail-direct.amazon.com/x/c/JHx7s9cqTNTkkC2oT5OA8TwAAAGfVYrZYwEAAAH2AQBvbm9fdHhuX2JpZDQgICBvbm9fdHhuX2ltcDIgICAMhIHK/clv1c_ek-wBHfWLbTaXU6httluGqgIrw0UjlpWjpn9Kc0_varJBi7hHX1-qyPlQQPAgKs9S5XAguPJ6tPRPkk2ifLXBl8Ow9jCYxN5GwDvEfLW5Ngeu8A86n3qLxh4I39-a_8hkRyH4pgOYIIsyLphGDom-8WLgF2ehEXctjRAT3GtwIBTMQ95IpdeCm6OIjnsxRnUuH4LLstFARGcDejVd4jw1-Oznte1TmomshQqOyz4133el9v5y5U5k7b1bNeGlebvgScKhHGvQtT72Yj8wNhEWgWxyrfmlv9dTGJvY7yQKp1a5McfYxG-hCayV-7PwZmoedv5xDYjMF6EyFzc-d8xkPOZ-CnHTMYdj_1Xh9NixBHwYKJJClKe4CaClXZ2Z8b_94BThDVH79HZBUFbU8BRMKq0roLNJiDjFy9NSzLwur1suBKloxSwthmpKrNCaSro75WJ-mV_ax1_1dZnYc5b06tow-VNCKJ2yTSFAYkBEFqWzDsG1ZBtRNlh89bve0Bb4tPLrzbJpcDLrU9AWKC--D-hhGZu53HR3cEakpE38Pr9iuS2xJx2Ps13wO9pFIjir_ZR1yrESOxpEikvlG8YO9mibNHJLWukySpCnDR3oBF4dwvzvHr2dISWo3Pm3oAUKXTiBXHa5uVVlqJKNneV1QrG9JrdWzpF_ti_YO0j4ka4KhPZOe5e-WDz7249MbhAeL2qqLeA0LBzZbQfS4aOBqDhLh7Ra2VuLNQsYwJlpDjyJpN7vt-ziHDIkwbL-rj1ri4DA43rEn7YZvJtXTe0GnJAQOgE-R5VIq8jTOPOk5uiJjBzkbQcvi1dFi_J_RugR72_ImFH9hh44LObQ3FWW-ZljI8Udfwy8I46kpTW_MIqwmy-7KZsNlfQpg9VDk3HI3KNFBsi6h3xWTWZNBF62AXkLIWqB76-w72AbZnSHoLWOvaLwA-wcMK_6lEBELeFIBOfdiJ3O1nyysLukH-eFDQeGSUgGVJkNXzlZbaVXsnUO-pS9GKajVlNXeQHkzXdC6zMrY-NLzFsptscisdXcNwfjpDkqo-tClaWiY7Vf8Ei2iPcMCRY9FvXQmQIOxktDk_L0mgu6Ikq9gKZPHrKJMMRLIW5CgHs15zHPObVsDRKxXgecK0X-76Sf2ioF5K-sPrJvw3-PqccISLt5NKmuyLy0BK31vXvQjTYntXAz2JFQQsN11kLQU7FikbWKoR5LfBP7UZ35qv2oiIBuVVdvOqZrDM80dfitJCwSzsTYOwkFjowPsdJS7KAwIZqIkp3u0YO68pNpMI4iQg6qEs4ayrEbH0ZwKWeB_1xSwigLyv5gN5DByHbS6RRgvZN8bldvIEzVEvqB35rO0cAOVcTPQnxOqXwNBxZvVOx--p5KjFiFStwHmJXylh3q-D49uYIf6mKHlep3qPYj1noDD5uSOzWjwjspY_8OaEpovZ6MGKbLcqP-LRqO4PUhZ20V7NSUyaLUdGJjgInsYyv0qlW3ayoP2csHX37utXrjVgNDzWBYDD4VIJhgX4oR9LOMq3EhLvPSn1h1ykG9hbIJWk0CKhwGQKB-uaewSahr9eZgjxoNNlg2znVpDF9PnqWDUp2yZh-oYJqD5AosvRN84ct7eaziwEvfaRrn1oYA_Ue0LajxgZy82EOcOXMGXjVFwg6Rj_aAL5-GbpBsPa6tTgGVSgbDV8YIQtwK73oOxZwwpuJo9djw0b2uxH9XI625P3woglvig/https://www.amazon.com/gp/aw/d/B09DMRYJG5/?_encoding=UTF8&pd_rd_plhdr=t&aaxitk=4b0df75ed4020712d13032555a8a7752&hsa_cr_id=0&qid=1783846590&sr=1-3-9e67e56a-6f64-441f-a281-df67fc737124&ref_=sbx_s_sparkle_sbtcd_asin_2_bkgd&pd_rd_w=w31Xh&content-id=amzn1.sym.2fb72bc8-96ef-420d-b08f-c04b69f36507%3Aamzn1.sym.2fb72bc8-96ef-420d-b08f-c04b69f36507&pf_rd_p=2fb72bc8-96ef-420d-b08f-c04b69f36507&pf_rd_r=J739MYTQGK8CE6DSVS5N&pd_rd_wg=XEHR7&pd_rd_r=6aa16cb6-2dcb-4d5f-bbde-4028866fc7dc,"https://m.media-amazon.com/images/I/81ggD2FCOrL._AC_SR160,134_CB1169409_QL70_.jpg",94,排名靠前；价格处于人民币等值¥57.60-¥180.00黄金区间；标题包含 cloud、comfort、beach，符合美国女鞋舒适化趋势；cloud + slides组合趋势加分；评分达到4.3以上。
2026-07-12,amazon_us,product,search,platform sandals women,22,"Women's Platform Clogs Sandals Cork Footbed with Comfort Double Buckles, Summer Platform Slides Mules, Summer Beach Comfort Wide Widths Availab",¥215.93,4.4,200+ bought in past month,,,,,,https://www.amazon.com/BiuYorBTY-Platform-Sandals-Footbed-Comfort/dp/B0DZ1NT6L9/ref=sr_1_9?dib=eyJ2IjoiMSJ9.Eno-3pT4ZhH3sPPabT7cSq_3HMv5ty4ndVUvrTXJmESKBlvhrHrpy8Va0-QCqdCJcpLE6xEiP1Qkski2dfwsrEouzCeVlkcMiH_Ll8APQJ1AD4Gw6WGY-gUMKmdz7DvFLSE1l3fiFvyYQEWGb5aTD23EfgLEFPdTgamJiB-_BsYwVFebuEXafXQcGKDHlhJSTV2gmNz6NmVeaYEnQsrBiWuOQU1MrvGJ92s6oBZD-Lv0zS3JYAwL0PwG06dtrTaBBBtOiec28gAqiaOpCBFmYfz9IQqkhzBHMkA0Dkq1Xlg.i8-6aD2sHRbWjgHo75_HHDlfODzEnuvcK6ep2i3Fmpc&dib_tag=se&keywords=platform+sandals+women&qid=1783846591&sr=8-9,https://m.media-amazon.com/images/I/716g0SFJuTL._AC_UL320_.jpg,87,排名进入前30；评论数达到50以上；价格处于人民币等值¥180.00-¥288.00区间；标题包含 platform、comfort、beach、summer，符合美国女鞋舒适化趋势；platform + comfort组合趋势加分；评分达到4.3以上。
2026-07-12,amazon_us,product,best_sellers,Best Sellers Women Sandals,28,OOFOS OOriginal Recovery Sandal - Women’s and Men’s,¥474.48,4.6,"25,911",,,,,,https://www.amazon.com/OOFOS-Unisex-Original-Thong-Black/dp/B007VDJSTI/ref=zg_bs_g_679425011_d_sccl_28/135-7791441-2461009?psc=1,"https://images-na.ssl-images-amazon.com/images/I/51qiZpHX64L._AC_UL600_SR600,400_.jpg",81,排名进入前30；评论数高；价格高于人民币等值¥288.00；标题包含 recovery，符合美国女鞋舒适化趋势；评分达到4.6以上。
2026-07-12,amazon_us,product,best_sellers,Best Sellers Women Sandals,29,shevalues Orthopedic Sandals for Women Arch Support Recovery Flip Flops Pillow Soft Summer Beach Shoes,,4.3,$18.99,,,,,,https://www.amazon.com/Orthotic-Pillow-Recovery-Sandals-Support/dp/B09LC836QG/ref=zg_bs_g_679425011_d_sccl_29/135-7791441-2461009?psc=1,"https://images-na.ssl-images-amazon.com/images/I/61o9ArJVVsL._AC_UL600_SR600,400_.jpg",77,排名进入前30；标题包含 recovery、orthopedic、arch support、soft、beach、summer，符合美国女鞋舒适化趋势；orthopedic + arch support组合趋势加分；评分达到4.3以上。
2026-07-12,amazon_us,product,best_sellers,Best Sellers Women Sandals,6,Project Cloud 100% Genuine Leather Flat Sandals For Women 2026 Cork Footbed Womens Sandals with Memory Foam and arch support Vacation Essentials Slides for Women Footwear (Venita),,4.4,$29.90,,,,,,https://www.amazon.com/Project-Cloud-Comfortable-Essentials-Vacation/dp/B0CNYDF946/ref=zg_bs_g_679425011_d_sccl_6/135-7791441-2461009?psc=1,"https://images-na.ssl-images-amazon.com/images/I/61PPWwEkHDL._AC_UL600_SR600,400_.jpg",76,排名靠前；标题包含 cloud、arch support，符合美国女鞋舒适化趋势；cloud + slides组合趋势加分；评分达到4.3以上。
2026-07-12,amazon_us,product,best_sellers,Best Sellers Women Sandals,16,"Goosecret Women's Comfortable Arch Support Walking Platform Sandals | Lightweight Chunky Slip-On Foam Slides with Adjustable Buckle, Sandals for Beach and Daily Wear",,4.3,$18.98,,,,,,https://www.amazon.com/Goosecret-Platform-Lightweight-Comfortable-Adjustable/dp/B0CZ75N4PP/ref=zg_bs_g_679425011_d_sccl_16/135-7791441-2461009?psc=1,"https://images-na.ssl-images-amazon.com/images/I/61l3YNTRtgL._AC_UL600_SR600,400_.jpg",72,排名进入前30；标题包含 platform、comfort、arch support、beach，符合美国女鞋舒适化趋势；platform + comfort组合趋势加分；评分达到4.3以上。
2026-07-12,amazon_us,product,new_releases,New Releases Women Sandals,23,IDIFU Women's Wedge Thong Flip Flops Platform Round Toe Slip On Slides Sandals Comfortable Cushioned Summer Pool Beach Casual Wedge Heels,,4.3,$32.78,,,,,,https://www.amazon.com/IDIFU-Platform-Sandals-Comfortable-Cushioned/dp/B0GXTT561K/ref=zg_bsnr_g_679425011_d_sccl_23/146-5527514-8369931?psc=1,"https://images-na.ssl-images-amazon.com/images/I/71OEoyMZHAL._AC_UL600_SR600,400_.jpg",72,排名进入前30；标题包含 platform、comfort、beach、summer、wedge，符合美国女鞋舒适化趋势；platform + comfort组合趋势加分；评分达到4.3以上。
2026-07-12,amazon_us,product,new_releases,New Releases Women Sandals,5,Project Cloud Platform Sandals Women - Memory Foam Insole Flip Flops and Lightweight Womens Sandals - Non-Slip Summer Thong Sandals for Women 2026 (ELEVATION),,4.4,$42.90,,,,,,https://www.amazon.com/Project-Cloud-Platform-Sandals-Women/dp/B0GTZQ1CKD/ref=zg_bsnr_g_679425011_d_sccl_5/146-5527514-8369931?psc=1,"https://images-na.ssl-images-amazon.com/images/I/61E9Kh8oh9L._AC_UL600_SR600,400_.jpg",71,排名靠前；标题包含 cloud、platform、summer，符合美国女鞋舒适化趋势；评分达到4.3以上。
2026-07-12,amazon_us,product,best_sellers,Best Sellers Women Sandals,1,KuaiLu Flip Flops for Women with Arch Support Yoga Mat Comfortable Summer Beach Walking Thong Cushion Sandals Slip On Indoor Outdoor,,4.3,$13.29,,,,,,https://www.amazon.com/KuaiLu-Support-Comfortable-Walking-Sandals/dp/B0C5ZRQS2X/ref=zg_bs_g_679425011_d_sccl_1/135-7791441-2461009?psc=1,"https://images-na.ssl-images-amazon.com/images/I/710PdcSAm6L._AC_UL600_SR600,400_.jpg",70,排名靠前；标题包含 comfort、arch support、beach、summer，符合美国女鞋舒适化趋势；评分达到4.3以上。
2026-07-12,amazon_us,product,new_releases,New Releases Women Sandals,3,Project Cloud 100% Genuine Leather Sandals Women Dressy Beach Essentials Slides for Women Footwear - Lightweight with Memory Foam Insole Sandals for Women 2026 - Womens Slides,,4.1,$32.90,,,,,,https://www.amazon.com/Project-Cloud-Footwear-Lightweight-2026-Womens-MYKONOS-BLKMAT/dp/B0GRXYFPPM/ref=zg_bsnr_g_679425011_d_sccl_3/146-5527514-8369931?psc=1,"https://images-na.ssl-images-amazon.com/images/I/81ElQRAwSWL._AC_UL600_SR600,400_.jpg",70,排名靠前；标题包含 cloud、beach，符合美国女鞋舒适化趋势；cloud + slides组合趋势加分；评分达到4.0以上。
2026-07-12,amazon_us,product,search,women slides,9,Litfun,¥158.26,4.6,Litfun,,,,,,https://www.amazon.com/sspa/click?ie=UTF8&spc=MTo3NTIzOTk0NTAzNTc4ODQ6MTc4Mzg0NjU5MDpzcF9zZWFyY2hfdGhlbWF0aWM6MzAxMTYzNzY0MzI3NTAyOjozOjo&url=%2FLitfun-Womens-Footbed-Sandals-Adjustable%2Fdp%2FB0DZ6MG247%2Fref%3Dsxin_19_pa_sp_search_thematic_sspa%3Fcontent-id%3Damzn1.sym.9830f7a6-3831-47c8-8516-490493d4fc59%253Aamzn1.sym.9830f7a6-3831-47c8-8516-490493d4fc59%26cv_ct_cx%3Dwomen%2Bslides%26keywords%3Dwomen%2Bslides%26pd_rd_i%3DB0DZ6MG247%26pd_rd_r%3D646821b7-9718-40d5-8662-516df456b89e%26pd_rd_w%3Dnerpu%26pd_rd_wg%3DVjkT3%26pf_rd_p%3D9830f7a6-3831-47c8-8516-490493d4fc59%26pf_rd_r%3DJ739MYTQGK8CE6DSVS5N%26qid%3D1783846590%26sbo%3DRZvfv%252F%252FHxDF%252BO5021pAnSA%253D%253D%26sr%3D1-4-7efdef4d-9875-47e1-927f-8c2c1c47ed49-spons%26aref%3D1XCIUrR0yM%26sp_csd%3Dd2lkZ2V0TmFtZT1zcF9zZWFyY2hfdGhlbWF0aWM%26psc%3D1&aref=1XCIUrR0yM,https://m.media-amazon.com/images/I/81XXLyFZLVL._AC_UL320_.jpg,70,排名靠前；价格处于人民币等值¥57.60-¥180.00黄金区间；评分达到4.6以上。
2026-07-12,amazon_us,product,new_releases,New Releases Women Sandals,12,"CUSHIONAIRE Eden Footbed Sandals for Women, Comfortable Arch Support Womens Sandals with Platform, Slingback Strap and Memory Foam",,4.2,$37.98,,,,,,https://www.amazon.com/CUSHIONAIRE-Footbed-Comfortable-Platform-Slingback/dp/B0GXWTGSS5/ref=zg_bsnr_g_679425011_d_sccl_12/146-5527514-8369931?psc=1,"https://images-na.ssl-images-amazon.com/images/I/71GnsiZqPhL._AC_UL600_SR600,400_.jpg",69,排名进入前30；标题包含 platform、comfort、arch support，符合美国女鞋舒适化趋势；platform + comfort组合趋势加分；评分达到4.0以上。
2026-07-12,amazon_us,product,new_releases,New Releases Women Sandals,22,EQAUDES Platform Sandals Women Open Toe Ankle Strap Summer Wedge Espadrille Sandals Cute Beach Straw Raffia Woven Sandals Comfortable Vacation Dress Shoes,,4.2,$26.99,,,,,,https://www.amazon.com/EQAUDES-Platform-Vacation-Espadrilles-Comfortable/dp/B0H1Y27VFL/ref=zg_bsnr_g_679425011_d_sccl_22/146-5527514-8369931?psc=1,"https://images-na.ssl-images-amazon.com/images/I/814GGvZWaJL._AC_UL600_SR600,400_.jpg",69,排名进入前30；标题包含 platform、comfort、beach、summer、wedge，符合美国女鞋舒适化趋势；platform + comfort组合趋势加分；评分达到4.0以上。
2026-07-12,amazon_us,product,search,women slides,11,KIDMI Genuine Suede Cork Footbed Sandals for Women Comfortable Summer Slides with Buckle KIDMI Genuine Suede Cork Footbed Sandals for Women Comfortable Summer Slides with Buckle,¥165.53,4.6,4.6,,,,,,https://sponsored-ads.amazon.com/clk/?_encoding=UTF8&p=eAFVT8uK01AApQ7qEGZUuhih7ip00eEmN0nTJJUgeU2nVvuc1mE24Sb35oHpTZp7McMs-gUuBUFc-APzCy7cihu_SLAj4lkdOC-OQA6_3f789aB5bF-sZ954NL6Enr9oN-TuSUxodh0s53WRpJMidU89ezY8HZyEqiNODIpvVttpfI7racgLWi-OZVUTFVURFSiL8Ore0gkPbf_i3F-Mls2nwkNM2DtelM2j1WThu9PhZHTle60PDeH5nRIwgqooDUpSRUWOOAkymmeUBCGPmwLaoJuCilGxaT1jIYhyxFgWgX0G7J2glNv3CQ1Wy67GQsBTsiEYREWek4hnBQXvFXA3BiJUYQZKlFFOKhAVlBPK232hAZ98vv3648t3r_Xor3ff3n6sQAhNaGiy3lNUXVYOVktvcODO3O64-cJzbLc8GwHd3jnbPRJ758zp_O2E2f9j5yQ7Z75z7D8kaR25iX89tP1k88ogyqeG8LGRcl6ygSTVdS3--y4lpYRqCUsOHI7P9Ne99fxliYMKB2We4srinZShIKqCDFuws82wJeuGavT6mgk7rLJkIAMNaVpfiU0Q4xiDngxlYMYmBljvI2SaptFTlU5moZJ1UEVia8vtbVWmb-D6Nx43sZw&v=c1&r=https%3A%2F%2Fwww.amazon.com%2Fgp%2Faw%2Fd%2FB0GKF7L4VQ%3Fpd_rd_plhdr%3Dt%26hsa_cr_id%3D0%26qid%3D1783846590%26sr%3D1-1-5a5562f9-fdfd-4101-9f9d-d76aa9998432%26i%3Daps%26aref%3DqtAqrphM0V&ref_=sbx__sbtcd2_asin_0_bkgd&pd_rd_w=1CMFX&content-id=amzn1.sym.90f77631-9599-4fe0-95f8-a40adfe1c762%3Aamzn1.sym.90f77631-9599-4fe0-95f8-a40adfe1c762&pf_rd_p=90f77631-9599-4fe0-95f8-a40adfe1c762&pf_rd_r=J739MYTQGK8CE6DSVS5N&pd_rd_wg=VjkT3&pd_rd_r=646821b7-9718-40d5-8662-516df456b89e,"https://m.media-amazon.com/images/I/81pENxjyC8L._AC_SR322,134_CB1169409_QL70_.jpg",69,排名进入前30；价格处于人民币等值¥57.60-¥180.00黄金区间；标题包含 comfort、summer，符合美国女鞋舒适化趋势；评分达到4.6以上。
2026-07-12,amazon_us,product,search,women summer slippers,1,RockDove Women's Original Two-Tone Memory Foam Slipper RockDove Women's Original Two-Tone Memory Foam Slip…,¥158.33,4.4,,,,,,,https://aax-us-east-retail-direct.amazon.com/x/c/JLFDNQj6Xu2EBS70Bbu-c6oAAAGfVYrWogEAAAH2AQBvbm9fdHhuX2JpZDcgICBvbm9fdHhuX2ltcDEgICD_CV7z/clv1c_ek-wBPHXLUbXDkeLEb9Jb7p6o1kF-9aE2J9Y1N0x3IhbAFhNXk4coOfIcPwdrBySHJEWhbF8V48fLplXXPvveg_3SoAjXnf4dJVNjqZqzA4-qL1BSogWi6XDall1poJhl9EOHS41Xm1OD54sVJvgfVRdpcnkZpVrleTj7Qf6jcYZTx8tXlEDUZnJwhu_VwWCUh_TYt9MNyugFaR4tW7dwOrbKi8HXUyvhd_AaWL3kRgo-bDbn_W0cR4nU1MGXtNpEnIZth_bj1XvUSC55FIpNvuHZ0GtQAbWnO0FKVaCeCiryGW-M0zIbEhA6mfIcn3g2W26clerpKgjQZL7LMCkDi6iJY7dpV8R8xmfCJ4nrmvjcp_AIBOL0DKhvX_tdKm0DykwxzZTDgXvbkdRQLaYRP5pfX_6uX9sV4Mt4dn-Olrk4TpbFpyPngNMS9okpRKdcF-w5QwcJrcNXcJOwCsRq81YmPt3YvpwatK7bfwEiM4l2mZvXkhr3WM904X2AlRS06qsvs_wZgClSdPBXy22gJCbLRL1sqGZQIAa8vwKY-uxnqhhi425oWIiXb4t2mZOC4xEuihkfNXgu2bVQ54_A34yiDwdyyQDL-7DhpSDRSYu7N6LH80dfiJjB23-G9rvQcaV1-uTn8v6NZc7eBkfy197LEyNfKnUvUc51ZVIw9wjtyU9aTeMUY2gtL-fiP8aBQysVXtDXmhNVqD1pEuWCA-TQ7TXGQuvh305pTMspZcliYe-ISBLQsYgwakSnfzmlqmiTeo3uaJZJSHZ_zw5Z12A_fNppcbpCW1ceEl1Dm6xKcgbAsBTjfcJ_Y_HzDKz3Igbr5twBMxTx3MDb0Estrwr43T1PjqnXtCCB7jKs1che2LkniiR-20rc6sg1f_VfZyRvE86hNApvwDnPZk-A1BEOj7KCPdWVmGZc6Aj9VmBzzp-ETTcPtwVgZYMNG8NjWPdVnSkR2PmI9w4gNWifGWBEjSB46mT-6UcFjLm34aMCW2A_pQblCMlfaEEAbQ4FjYJL2HAgJzWx0BDVx5wx5aRbODU8iWUWwLKwATHTErImkVvp45a5b9OSfxkXCmjG4gfwroMPjYLSzTE_gzuPQ0tOsV1qOAZsJX8KHJoMSi5zlG3AgGYQY9F18W2K_O-3jnYomelQfd3EuA9RvrW8iJuX7SNlgpc7K5NNVlws6JWD2En7ZwZkKqoEG1NHifkLWfyUSUQm0dsSmf-E0dy7xz6x7SMfzTm7bi1JBJmozf8mx-Zqn77xkx1qk2yp0qKBtd9wjGgvIT_V3lkL3KFed5f_NaSnj4p1RNNs1O9yudIfVq-ORgkklS0t59ggNMeIp8w_YLsd2dNYF87t33vudpCHE6CHFDvDyqy7gFbq1yncXZ0o0rEB1bzDewhL3eJaigEikfFeclyICcUI0J1P6oDHgFtSAk28qf7H0xxpx952Or2-iCItPXwMiuuInya8mNCvYnXBDQVP9AUejQ3wAXgfa-VIOnwI-YozbzBSE7E9yPpfgu8GfNLqNtCPiOqzSJ1__LSb97lSSjID5QIHioWyKlEmRSz4UVd-BbAByjDQVkCInPzhozh-8TFgSth20NME4Iz74BZuXfD9NU8nbNOc_B1JVwDyyXjvJ_BzVfrpaLacCgbWxiGKs5sbpjG8k6FveevRknaAsuhJnsJQLK3UDt15lkGqTP-60xiYz1ffYj5CU554dhf1hepPTAbsZFZqqJRFEmeNdJuvK3ImQr7z0MoTQ/https://www.amazon.com/gp/aw/d/B08RNBR2L8/?_encoding=UTF8&pd_rd_plhdr=t&aaxitk=66754634d6b2a55a71f66eed5b00f077&hsa_cr_id=0&qid=1783846589&sr=1-1-9e67e56a-6f64-441f-a281-df67fc737124&ref_=sbx_s_sparkle_sbtcd_asin_0_bkgd&pd_rd_w=xW38i&content-id=amzn1.sym.2fb72bc8-96ef-420d-b08f-c04b69f36507%3Aamzn1.sym.2fb72bc8-96ef-420d-b08f-c04b69f36507&pf_rd_p=2fb72bc8-96ef-420d-b08f-c04b69f36507&pf_rd_r=AT4M5R9M4KB2851F4465&pd_rd_wg=1qcJo&pd_rd_r=40a15a51-72db-4742-9e53-ad41a4a76304,"https://m.media-amazon.com/images/I/81Xsn-EWKyL._AC_SR160,134_CB1169409_QL70_.jpg",67,排名靠前；价格处于人民币等值¥57.60-¥180.00黄金区间；评分达到4.3以上。
2026-07-12,amazon_us,product,search,women summer slippers,4,LongBay,¥114.62,4.5,LongBay,,,,,,https://www.amazon.com/LongBay-Slippers-Memory-Bedroom-Dual-Strap/dp/B0DP277YRM/ref=sr_1_1?dib=eyJ2IjoiMSJ9.Y94LRuRzTpDUUoPnonazDShog533qSh5BtsZ36kyWaSgEmFakffzYYKO-0CRZGGrScEETW0RXPPHJolNN0AEuMM84GxPqOhFdcwsrYI6t-4bta7t8lPq7T4onQSatwTRXngmgUQ1ecvqxC7s4N8r6lxWXF-9UvDUTSCi6LsVe5eksuqA0mD6yDEdpIQ9wm6N8r7QYeUFNjrxsAR9bbi2mjc1pdFtV-X4gz3SQ4MEQ9InjNfCqVSYuHltTjymBOYiUFmCXbhS7g-CiK2lrjw3gsc1jaX66o6x140f7wu6VgE.6MBBQEl3YXd0zV38jN5t_Gl1JsdiV9xNSRIgwogNY_Q&dib_tag=se&keywords=women+summer+slippers&qid=1783846589&sr=8-1,https://m.media-amazon.com/images/I/71BlGXBbl-L._AC_UL320_.jpg,67,排名靠前；价格处于人民币等值¥57.60-¥180.00黄金区间；评分达到4.3以上。
2026-07-12,amazon_us,product,search,women summer slippers,5,shevalues,¥95.47,4.3,Products highlighted as 'Overall Pick' are:,,,,,,https://www.amazon.com/Shevalues-Womens-Indoor-Slippers-Cotton/dp/B074HBC1BR/ref=sr_1_2?dib=eyJ2IjoiMSJ9.Y94LRuRzTpDUUoPnonazDShog533qSh5BtsZ36kyWaSgEmFakffzYYKO-0CRZGGrScEETW0RXPPHJolNN0AEuMM84GxPqOhFdcwsrYI6t-4bta7t8lPq7T4onQSatwTRXngmgUQ1ecvqxC7s4N8r6lxWXF-9UvDUTSCi6LsVe5eksuqA0mD6yDEdpIQ9wm6N8r7QYeUFNjrxsAR9bbi2mjc1pdFtV-X4gz3SQ4MEQ9InjNfCqVSYuHltTjymBOYiUFmCXbhS7g-CiK2lrjw3gsc1jaX66o6x140f7wu6VgE.6MBBQEl3YXd0zV38jN5t_Gl1JsdiV9xNSRIgwogNY_Q&dib_tag=se&keywords=women+summer+slippers&qid=1783846589&sr=8-2,https://m.media-amazon.com/images/I/71JYzlHXkPL._AC_UL320_.jpg,67,排名靠前；价格处于人民币等值¥57.60-¥180.00黄金区间；评分达到4.3以上。
2026-07-12,amazon_us,product,search,women summer slippers,6,Joomra Pillow Slippers for Women and Men Non Slip Quick Drying Shower Slides Bathroom Sandals | Ultra Cushion | Thick Sole Joomra Pillow Slippers for Women and Men Non Slip Quick Drying Shower Slides Bathroom Sandals | Ultra Cu…,¥137.52,4.3,4.3,,,,,,https://sponsored-ads.amazon.com/clk/?_encoding=UTF8&p=eAFVT0uL00AApi7qEnZVetiFeqvQQ2GamTRJk0qQpMn2Je325S57CdPM5IF5TDOjrR568OxR8Ff4EwQ9evCyP8TfINgV8Tt98L34JHr89cvP2wfVU3v56tIdD8fX0PXm9QpqnoU0T3a-nq8usJe8DLRs2WfvZt2zmGUKyzb6tNQWbXWKNyOxBtv5KWprLaWttBSIWvDm3sJZH9vecuDNh4vqufSQUP5aFKx6sprMvd60PxneeG7tY0V6dqf4nOIyiH1Gy6BIsaB-kqdJTv21CKsSzvD7Im8FRVZ7ytcgSDHnSQAOGXBwAobq92nurxZNja-BiGlGCQiKNKWBSIocvFXA3RgIcEk4YDjJBS1BUOSC5qKuSxX45MP3H7e_vrm1R3-9h_b6YwVCaCBD7egQqR2kHK0Wbveod9lrjqvPXcfusYsh6Nh7Z3NAZO-dWT67miT2_9g70d6Z7R37D4lqJ73I2_VtL8pGBlU-V6RPlVgIxruyvN1uW_--yxGT8VYmsgPN5ej62h24LxjxS-KzNCalJRoxx35Q-gmxYGOTEAt1jLah6pphNnhpIYCAhjVNV0IThCQkQEUQATM0CSAdHWPTNA21rTQSCzPewCUNLfhmN9hA6IyufgN3tLF-&v=c1&r=https%3A%2F%2Fwww.amazon.com%2Fgp%2Faw%2Fd%2FB09TJXXDHD%3Fpd_rd_plhdr%3Dt%26hsa_cr_id%3D0%26qid%3D1783846589%26sr%3D1-1-5a5562f9-fdfd-4101-9f9d-d76aa9998432%26i%3Daps%26aref%3D0uxHq00BJW&ref_=sbx__sbtcd2_asin_0_bkgd&pd_rd_w=wTPoj&content-id=amzn1.sym.90f77631-9599-4fe0-95f8-a40adfe1c762%3Aamzn1.sym.90f77631-9599-4fe0-95f8-a40adfe1c762&pf_rd_p=90f77631-9599-4fe0-95f8-a40adfe1c762&pf_rd_r=AT4M5R9M4KB2851F4465&pd_rd_wg=dKmYJ&pd_rd_r=2756ae58-4aea-4de3-bf45-0c559a162e31,"https://m.media-amazon.com/images/I/71CIVcXsl4L._AC_SR322,134_CB1169409_QL70_.jpg",67,排名靠前；价格处于人民币等值¥57.60-¥180.00黄金区间；评分达到4.3以上。
2026-07-12,amazon_us,product,search,women slides,4,adidas,¥143.86,4.4,Products highlighted as 'Overall Pick' are:,,,,,,https://www.amazon.com/adidas-Unisex-Adilette-Shower-Sandal/dp/B091ZGQF6G/ref=sr_1_1?dib=eyJ2IjoiMSJ9.XhkBKZHG2zQk6cEh69VAMFuDN1dI8ZG6rdDGQ25oFLzVxAoRna527TRt8FrWSvCiuCXzIGCP8YVWNcBUfz8er7O5L6o6EeCansJmorthjCCBxC1ScAyCSNH_J4JXZNx4hleXuMv02ox3Beo-N56wcoCSRMYZUFfxMTRxZ6L0BkJgyy3FqrXNY2rJey1IvC4laraAyMTkpI4FXLmdtSBnysxPJTDHijV0JaIfOb580otDbxSHGoK92curx8ucdSL10gnFZxVMDq6vIMMrbIQ-y6wy-CyqfI-iSTJCVIuvqZI.Wveg8iE7piq_Uv4p2FKpWiXMwUN-j5ZoKqc0g4Lx8ZI&dib_tag=se&keywords=women+slides&qid=1783846590&sr=8-1,https://m.media-amazon.com/images/I/61CCABduhML._AC_UL320_.jpg,67,排名靠前；价格处于人民币等值¥57.60-¥180.00黄金区间；评分达到4.3以上。
2026-07-12,amazon_us,product,search,women slides,6,BRONAX,¥146.52,4.3,BRONAX,,,,,,https://www.amazon.com/sspa/click?ie=UTF8&spc=MTo3NTIzOTk0NTAzNTc4ODQ6MTc4Mzg0NjU5MDpzcF9zZWFyY2hfdGhlbWF0aWM6MjAwMTc3OTI0NjA1Mjk4OjowOjo&url=%2FBRONAX-Slippers-Antislip-Platform-Cushioned%2Fdp%2FB0BPX5D47J%2Fref%3Dsxin_19_pa_sp_search_thematic_sspa%3Fcontent-id%3Damzn1.sym.9830f7a6-3831-47c8-8516-490493d4fc59%253Aamzn1.sym.9830f7a6-3831-47c8-8516-490493d4fc59%26cv_ct_cx%3Dwomen%2Bslides%26keywords%3Dwomen%2Bslides%26pd_rd_i%3DB0BPX5D47J%26pd_rd_r%3D646821b7-9718-40d5-8662-516df456b89e%26pd_rd_w%3Dnerpu%26pd_rd_wg%3DVjkT3%26pf_rd_p%3D9830f7a6-3831-47c8-8516-490493d4fc59%26pf_rd_r%3DJ739MYTQGK8CE6DSVS5N%26qid%3D1783846590%26sbo%3DRZvfv%252F%252FHxDF%252BO5021pAnSA%253D%253D%26sr%3D1-1-7efdef4d-9875-47e1-927f-8c2c1c47ed49-spons%26aref%3DPwPaxH52vw%26sp_csd%3Dd2lkZ2V0TmFtZT1zcF9zZWFyY2hfdGhlbWF0aWM%26psc%3D1&aref=PwPaxH52vw,https://m.media-amazon.com/images/I/61i-dRRb1oL._AC_UL320_.jpg,67,排名靠前；价格处于人民币等值¥57.60-¥180.00黄金区间；评分达到4.3以上。
2026-07-12,amazon_us,product,search,women slides,8,Dirk,¥71.93,4.4,Dirk,,,,,,https://www.amazon.com/sspa/click?ie=UTF8&spc=MTo3NTIzOTk0NTAzNTc4ODQ6MTc4Mzg0NjU5MDpzcF9zZWFyY2hfdGhlbWF0aWM6MzAxMTUzNTY1NDg1NjAyOjoyOjo&url=%2FDirk-Slides-Sandals-Slippers-Cushioned%2Fdp%2FB0B7RKJ5ZL%2Fref%3Dsxin_19_pa_sp_search_thematic_sspa%3Fcontent-id%3Damzn1.sym.9830f7a6-3831-47c8-8516-490493d4fc59%253Aamzn1.sym.9830f7a6-3831-47c8-8516-490493d4fc59%26cv_ct_cx%3Dwomen%2Bslides%26keywords%3Dwomen%2Bslides%26pd_rd_i%3DB0B7RKJ5ZL%26pd_rd_r%3D646821b7-9718-40d5-8662-516df456b89e%26pd_rd_w%3Dnerpu%26pd_rd_wg%3DVjkT3%26pf_rd_p%3D9830f7a6-3831-47c8-8516-490493d4fc59%26pf_rd_r%3DJ739MYTQGK8CE6DSVS5N%26qid%3D1783846590%26sbo%3DRZvfv%252F%252FHxDF%252BO5021pAnSA%253D%253D%26sr%3D1-3-7efdef4d-9875-47e1-927f-8c2c1c47ed49-spons%26aref%3Dg5jbl16kaH%26sp_csd%3Dd2lkZ2V0TmFtZT1zcF9zZWFyY2hfdGhlbWF0aWM%26psc%3D1&aref=g5jbl16kaH,https://m.media-amazon.com/images/I/51mZzYwKL6L._AC_UL320_.jpg,67,排名靠前；价格处于人民币等值¥57.60-¥180.00黄金区间；评分达到4.3以上。
2026-07-12,amazon_us,product,search,women slides,10,BenSorts,¥143.86,4.3,BenSorts,,,,,,https://www.amazon.com/sspa/click?ie=UTF8&spc=MTo3NTIzOTk0NTAzNTc4ODQ6MTc4Mzg0NjU5MDpzcF9zZWFyY2hfdGhlbWF0aWM6MzAwMTMxMDA5MjU1OTAyOjo0Ojo&url=%2Fslippers-Adjustable-Bathroom-Cushioned-Slipper%2Fdp%2FB09D6P5DL3%2Fref%3Dsxin_19_pa_sp_search_thematic_sspa%3Fcontent-id%3Damzn1.sym.9830f7a6-3831-47c8-8516-490493d4fc59%253Aamzn1.sym.9830f7a6-3831-47c8-8516-490493d4fc59%26cv_ct_cx%3Dwomen%2Bslides%26keywords%3Dwomen%2Bslides%26pd_rd_i%3DB09D6P5DL3%26pd_rd_r%3D646821b7-9718-40d5-8662-516df456b89e%26pd_rd_w%3Dnerpu%26pd_rd_wg%3DVjkT3%26pf_rd_p%3D9830f7a6-3831-47c8-8516-490493d4fc59%26pf_rd_r%3DJ739MYTQGK8CE6DSVS5N%26qid%3D1783846590%26sbo%3DRZvfv%252F%252FHxDF%252BO5021pAnSA%253D%253D%26sr%3D1-5-7efdef4d-9875-47e1-927f-8c2c1c47ed49-spons%26aref%3DC2dntq9DMD%26sp_csd%3Dd2lkZ2V0TmFtZT1zcF9zZWFyY2hfdGhlbWF0aWM%26psc%3D1&aref=C2dntq9DMD,https://m.media-amazon.com/images/I/81paxOCoYkL._AC_UL320_.jpg,67,排名靠前；价格处于人民币等值¥57.60-¥180.00黄金区间；评分达到4.3以上。
2026-07-12,amazon_us,product,best_sellers,Best Sellers Women Sandals,23,"FUNKYMONKEY Jelly Sandals for Women with Adjustable Buckle, Comfortable Chunky Slip-on Beach Slides, Waterproof Platform Shoes for Pool Shower Casual Wear",,4.1,$18.99,,,,,,https://www.amazon.com/FUNKYMONKEY-Comfort-Adjustable-Sandals-US-Women/dp/B07CV9YZBB/ref=zg_bs_g_679425011_d_sccl_23/135-7791441-2461009?psc=1,"https://images-na.ssl-images-amazon.com/images/I/51o3wxcasIL._AC_UL600_SR600,400_.jpg",66,排名进入前30；标题包含 platform、comfort、beach，符合美国女鞋舒适化趋势；platform + comfort组合趋势加分；评分达到4.0以上。
2026-07-12,amazon_us,product,best_sellers,Best Sellers Women Sandals,25,Project Cloud 100% Genuine Leather Footbed Sandals for Women 2026 Comfortable Beach Essentials Womens Sandals Memory Foam Vacation Essentials Slides for Women Footwear (Santorini),,4.2,$39.90,,,,,,https://www.amazon.com/Project-Cloud-Comfortable-Essentials-Santorini/dp/B0DQF8LS5X/ref=zg_bs_g_679425011_d_sccl_25/135-7791441-2461009?psc=1,"https://images-na.ssl-images-amazon.com/images/I/71mAZNxrM1L._AC_UL600_SR600,400_.jpg",66,排名进入前30；标题包含 cloud、comfort、beach，符合美国女鞋舒适化趋势；cloud + slides组合趋势加分；评分达到4.0以上。
2026-07-12,amazon_us,product,search,platform sandals women,3,"Sorel Women's Sunpeak Platform Sandal, Honest Beige/Honest Beige, 12 Regular Sorel Women's Sunpeak Platform Sandal, Honest Bei…",¥702.00,4.7,,,,,,,https://aax-us-east-retail-direct.amazon.com/x/c/JMyBA-m1YuS4HyzFSzME61gAAAGfVYrbngEAAAH2AQBvbm9fdHhuX2JpZDUgICBvbm9fdHhuX2ltcDIgICANBnvZ/clv1c_ek-wBPfXJbTannfycIdMb8h9PRNnK8n5EtsGrqP0lirjZMJCzeTD8vXDU43iuCdA2_Q6L3hSEzKw9CsMi1r2VlgBB2qOBKf5agDvgRaGzK8qWwFJpC7KCyQY4_t9qgJxk7wrptAOZRwR32e1Pk6qoiqtpMts1lXnhmTcZ7dryIgKKWM9GkfmnMC624RypzWgdfkPYb5ChAnWtdSc9wJH_Eafu3f1FiZ-XLzHcGibWMb5kYA7nEtMUr1mFlVC2bPaJypTnmicW7TzpbLXqtlzi6ugQcwiprkBYuQIWl8pQRg0RCe-tUBDQ78iY2OROSdF2UrMIOKgYh3fp9aUqXyHeV0GoZYrYtV8M4kI9nBiKjkaJop08A0h5Pt_MP-yj8xsDYBkx4QrJ0EEJQ7gh4s1hVSIMFvfIsFVzJYsFiku9Xkn6aYUeH7-OXBAS-8OTN_acFvx5Q8crCobygEBL85i1tCzh-ZDXEcPg0zfU6OAvQX7prKrzrdTAwdxvf1NHAXWrLMxNRO7HKiA0ynT7evNbfKpiMeKkHFSceQIRuox_792FHUqCD7diCyQln5p9QsNgaFwKzRd1iRJuPNHeK16ZD2rNTsY5u2S_sEYDBnI9kHCBfypT4yrNNX1gyXfXdz2t8BXjt69BRzxkJM8K_5ku_99QqyJohVzGbjJmdRj8aaw1kqsngUHb9Y9Ob_AhWlFFxZyLmOuVydDgssjT4uTX02gf0eh1jk1u7gXuWXIMGq6kaEcoTwirZJkxGRoQLvlcuoLnYmP8MG2CD62fjLl2dBHqguRxOH07IZG-8GwnTGxxr6qUuEBs6qgqHhuoSRGhAdQFKAtHJKHSXUdbLUi4UsecxH8xrL9haXGKLTplxdxIpMZnrQer3jYS4XZ-WwabY9ViqpIs7AexuQQwpdYjoDiomMLhXhCIk1CBfe3TIlmptrZxgOagDIWvVkqNaZRdgZ2VxVUrXi1r3gPt_bJA90RG5ASN7CnjJ0yTD4yUbvuClxfcV6aXjP0cPSt4NU3Gc7ZvZra5tPwd7PU1lv7PaaW8Dbvy0nrlphP4N3cHfq_Nrjf_u-hkFLKnMkwBIV5gozTsisc8NMR9F18puf1Yivhh82dOvi0lJtEmuZecCXZv8jW2CX81yiLEy_Y9mSDEk6SpLdPS9QWB3IpzuBvpg_yP-m1FbPCsyKe1x0cxXmmJVwlwSar2IFjb1-FZFRs7rBew_986b0ocepYnU42WNIPK31kz6VCszjjPTJbN2FhVFQD4b8MnNtIPh4Iwj3OeWagnYkvltU2UKaI8YuV3PgLm6Yq2XblgIm_OPVCg37Xj71dICSjzYCVD439jGWwK0H1Vz4OiBZDt62G4qNInRRqBd60E4wVLgc4v7-LSeaQZPSv2UObpR85_37y2dCIlPGwxfJMq-ijTQ_qYZv0UB2Q1khb_w0o_u3Xq__J--kUFKyWSC1JemLBLzx3FRrAKJ6oRwJPJq7hwAjAFO7aTpl4VmPF_zDO-7bxuqjI4nxxBq3Co3xnS3FzggJJD_uAb7PfaqY2gqeJLmmx9mHV-2Hehltdkd32LpbdVpHrwIDbO5woxCHd7ix8P8qDZhPi5mB153VXV8xIaOpyJOk0JnJAJ_KtKKp7_xYRAdKAmevSr0CGgMPECRF4DL_VwSmeoXg8qnNgWTOLQTJaB2quX4z0pcteI5PdFTnCGp5oYqS-thkz0xUWSlFEsxjHKCgAcDGKtHNsdmp6/https://www.amazon.com/gp/aw/d/B0F8DF6JD8/?_encoding=UTF8&pd_rd_plhdr=t&aaxitk=b8fdff5d0a92fb43ad129171fd02a1a5&hsa_cr_id=0&qid=1783846591&sr=1-3-9e67e56a-6f64-441f-a281-df67fc737124&ref_=sbx_s_sparkle_sbtcd_asin_2_bkgd&pd_rd_w=uk6Jj&content-id=amzn1.sym.2fb72bc8-96ef-420d-b08f-c04b69f36507%3Aamzn1.sym.2fb72bc8-96ef-420d-b08f-c04b69f36507&pf_rd_p=2fb72bc8-96ef-420d-b08f-c04b69f36507&pf_rd_r=920N7EWW3YRJYVP8T04G&pd_rd_wg=j0azq&pd_rd_r=58ec3062-050b-45ac-a788-101e3f6ea5f9,"https://m.media-amazon.com/images/I/61jQ5aKvWfL._AC_SR160,134_CB1169409_QL70_.jpg",66,排名靠前；价格高于人民币等值¥288.00；标题包含 platform，符合美国女鞋舒适化趋势；评分达到4.6以上。
2026-07-12,amazon_us,product,search,platform sandals women,50,Platform Suede Sandals for Women Soft Cork Footbed Summer Slides with Adjustable Buckle,¥122.26,4.3,800+ bought in past month,,,,,,https://www.amazon.com/ORADO-Platform-Sandals-Footbed-Adjustable/dp/B0CYBQZHF4/ref=sr_1_37?dib=eyJ2IjoiMSJ9.Eno-3pT4ZhH3sPPabT7cSq_3HMv5ty4ndVUvrTXJmESKBlvhrHrpy8Va0-QCqdCJcpLE6xEiP1Qkski2dfwsrEouzCeVlkcMiH_Ll8APQJ1AD4Gw6WGY-gUMKmdz7DvFLSE1l3fiFvyYQEWGb5aTD23EfgLEFPdTgamJiB-_BsYwVFebuEXafXQcGKDHlhJSTV2gmNz6NmVeaYEnQsrBiWuOQU1MrvGJ92s6oBZD-Lv0zS3JYAwL0PwG06dtrTaBBBtOiec28gAqiaOpCBFmYfz9IQqkhzBHMkA0Dkq1Xlg.i8-6aD2sHRbWjgHo75_HHDlfODzEnuvcK6ep2i3Fmpc&dib_tag=se&keywords=platform+sandals+women&qid=1783846591&sr=8-37,https://m.media-amazon.com/images/I/71S9BABQKnL._AC_UL320_.jpg,66,排名进入前50；评论数达到300以上；价格处于人民币等值¥57.60-¥180.00黄金区间；标题包含 platform、soft、summer，符合美国女鞋舒适化趋势；评分达到4.3以上。
2026-07-12,amazon_us,product,new_releases,New Releases Women Sandals,29,"MellowSoft Cloud Slides for Women & Men – Ultra Soft CloudFoam Cushioning Slides, Thick Shock-Absorbing Sole, Lightweight Anti-Slip Recovery Sandals for Indoor & Outdoor Comfort",,3.0,$39.00,,,,,,https://www.amazon.com/MellowSoft-Cloud-Slides-Women-Shock-Absorbing/dp/B0H52VV17P/ref=zg_bsnr_g_679425011_d_sccl_29/146-5527514-8369931?psc=1,"https://images-na.ssl-images-amazon.com/images/I/51KGd55hl5L._AC_UL600_SR600,400_.jpg",65,排名进入前30；标题包含 cloud、recovery、comfort、soft，符合美国女鞋舒适化趋势；cloud + slides组合趋势加分。
2026-07-12,amazon_us,product,best_sellers,Best Sellers Women Sandals,3,"Archies Arch Support Flip Flops for Men & Women – Orthotic Sandals for Plantar Fasciitis Relief – Lightweight, Cushioning, Shock-Absorbing Thong Sandals for Walking, Foot Pain & All-Day Comfort",,4.3,$40.00,,,,,,https://www.amazon.com/Archies-Womens-Arch-Support-Black/dp/B086SYFKLP/ref=zg_bs_g_679425011_d_sccl_3/135-7791441-2461009?psc=1,"https://images-na.ssl-images-amazon.com/images/I/81xintmVcHL._AC_UL600_SR600,400_.jpg",64,排名靠前；标题包含 comfort、arch support，符合美国女鞋舒适化趋势；评分达到4.3以上。
2026-07-12,amazon_us,product,best_sellers,Best Sellers Women Sandals,4,mazeskin Women's Memory Foam Comfortable Flat Thong Sandals Dressy Summer Beach Leather Slide Flip Flops,,4.3,$9.99,,,,,,https://www.amazon.com/mazeskin-Womens-Comfortable-Sandals-Leather/dp/B0F32KMZ18/ref=zg_bs_g_679425011_d_sccl_4/135-7791441-2461009?psc=1,"https://images-na.ssl-images-amazon.com/images/I/71jV8GHPNSL._AC_UL600_SR600,400_.jpg",64,排名靠前；标题包含 comfort、beach、summer，符合美国女鞋舒适化趋势；评分达到4.3以上。
2026-07-12,amazon_us,product,best_sellers,Best Sellers Women Sandals,5,CUSHIONAIRE Lane Cork Footbed Womens Sandals Comfortable Double Buckle Slip On Sandals for Women with Arch Support and Classic Two Strap Design,,4.5,$34.99,,,,,,https://www.amazon.com/CUSHIONAIRE-Womens-Slide-Sandals-Brown/dp/B075PBVR9N/ref=zg_bs_g_679425011_d_sccl_5/135-7791441-2461009?psc=1,"https://images-na.ssl-images-amazon.com/images/I/81suZ76XHpL._AC_UL600_SR600,400_.jpg",64,排名靠前；标题包含 comfort、arch support，符合美国女鞋舒适化趋势；评分达到4.3以上。
2026-07-12,amazon_us,product,search,women slides,13,KIDMI Genuine Suede Cork Footbed Sandals for Women Comfortable Summer Slides with Buckle KIDMI Genuine Suede Cork Footbed Sandals for Women Comfortable Summer Slides with Buckle,¥208.66,4.6,4.6,,,,,,https://sponsored-ads.amazon.com/clk/?_encoding=UTF8&p=eAFVT0uL00AApi7qEnZVelih3ir00GWSSdK0SSVIXnZrsc_truwlTDKTB6aTaWYwyx76CzwKgnjwD-xf8OBVvPiLBLsifqcPvhefRA6_3f789aB57JxfzP3JePIW-sGy3VC7Jwmh-XW4WtRlmk3LzDv1nfnodHgS6a48NSm-WW9nyRmuZ5Eoab08VnVD1nRN1qAqw6t7Kzc6dILzs2A5XjWfSg8x4e9EyZpH6-ky8Gaj6fgq8FsfGtLzOyXkBFVxFjJSxWWBBAlzWuSUhJFImhLaoJuSynG5aT3jEYgLxHkeg30G7J2Aqe37hIbrVdfgERAZ2RAM4rIoSCzykoL3GrgbAzGqMAcM5VSQCsQlFYSKdl9qwCefb7_--PLdbz366923tx9rEEILmoY66Gn6QNUO1it_eODNve6k-cJ3HY-9GoOBs3O3e6TOzl3QxeWUO_9j56Y7d7FznT8kbR15aXA9coJ089ok2qeG9LGRCcH4UFHqupb_fVdSpqBawYoLRxP_YnG51F8yHFY4ZEWGK1t0Mo7CuApzbMPONse2OjB1s9c3LNjhla0CHRjIMPpaYoEEJxj0VKgCK7EwwIM-QpZlmT1d6-Q2YryDKpLYW-FsK5a9gRe_AS42scE&v=c1&r=https%3A%2F%2Fwww.amazon.com%2Fgp%2Faw%2Fd%2FB0GKDVQWR3%3Fpd_rd_plhdr%3Dt%26hsa_cr_id%3D0%26qid%3D1783846590%26sr%3D1-3-5a5562f9-fdfd-4101-9f9d-d76aa9998432%26i%3Daps%26aref%3DqtAqrphM0V&ref_=sbx__sbtcd2_asin_2_bkgd&pd_rd_w=1CMFX&content-id=amzn1.sym.90f77631-9599-4fe0-95f8-a40adfe1c762%3Aamzn1.sym.90f77631-9599-4fe0-95f8-a40adfe1c762&pf_rd_p=90f77631-9599-4fe0-95f8-a40adfe1c762&pf_rd_r=J739MYTQGK8CE6DSVS5N&pd_rd_wg=VjkT3&pd_rd_r=646821b7-9718-40d5-8662-516df456b89e,"https://m.media-amazon.com/images/I/81f1llMRnIL._AC_SR322,134_CB1169409_QL70_.jpg",64,排名进入前30；价格处于人民币等值¥180.00-¥288.00区间；标题包含 comfort、summer，符合美国女鞋舒适化趋势；评分达到4.6以上。
2026-07-12,amazon_us,product,best_sellers,Best Sellers Women Sandals,2,Project Cloud Flip Flops for Women Footwear- Lightweight and Memory Foam Insole Sandals for Women 2026 - Durable Non-Slip Beach Essentials Flats for Women Sandals (Foundations),,4.3,$26.90,,,,,,https://www.amazon.com/Project-Cloud-Flip-flops-Women/dp/B0D2DV8PTH/ref=zg_bs_g_679425011_d_sccl_2/135-7791441-2461009?psc=1,"https://images-na.ssl-images-amazon.com/images/I/71C3a048GxL._AC_UL600_SR600,400_.jpg",63,排名靠前；标题包含 cloud、beach，符合美国女鞋舒适化趋势；评分达到4.3以上。
2026-07-12,amazon_us,product,search,platform sandals women,6,"CUSHIONAIRE Fuse Chunky Womens Sandals with Double Buckle Straps and Durable Lug Sole, Casual Platform Sandals Women Footwear CUSHIONAIRE Fuse Chunky Womens Sandals with Double Buckle Straps and Durable Lug Sole, Casual Platform Sand…",¥323.86,4.3,4.3,,,,,,https://sponsored-ads.amazon.com/clk/?_encoding=UTF8&p=eAFVT0tu00AAVaiAymoBZdFKYRekLCKNPTOJf0EW8o8mDQqJkxTwxprMjD-qY7u21YQusmDNEqmnYMMFEAdgwy04AHskUoR4qye9n57AD79-_v7jQfPYXFxMnfFo_BY6rtduoO5JyLNkG7wbwhuNUuRdLjy7GPmDE2J5SAez7NVadMXJe9-nEJ_PvGPUk0XcwyKGSIT-vbm1OjTdxdD1RvPmqfCQ8eqyzovm0XLiufbrs8nId53Wx4bw7E4JKk5KGgcFL2mekpoHSZYmGQ9WddgUyJrc5JlI83XrabUCNCVVlVCwz4C9ExSofZ9nwXLelasVqGO-5gzQPE05rZM8A9cY3I0BSkpWgYIkWc1LQPOs5lndVoQGfPLlw6_bn9-c1qO_3n17-zGGEGq6rqiKDnUV4YPl3Bkc2FO7O24-dyzTLl6OgGrurKs9InNnzbLZmwk2_8fOinbWbGeZf0jUOrIjd3tmutH6XOP4tiF8asR1XVQDSdpsNuK_71JUSGQjMcmCwz7yLxYqflGwoGRBkcasNOpOXJGAlkHCDNi5SpiBVK2n9RVZR52qNBBAQCayrOBQByELGegjiIAe6gwwVSFE13Wt38OdxCBF1SElD41ltJ1O4_m1q_0GlsawEw&v=c1&r=https%3A%2F%2Fwww.amazon.com%2Fgp%2Faw%2Fd%2FB0H41ZVT72%3Fpd_rd_plhdr%3Dt%26hsa_cr_id%3D0%26qid%3D1783846591%26sr%3D1-1-5a5562f9-fdfd-4101-9f9d-d76aa9998432%26i%3Daps%26aref%3DUgxPPhSvE8&ref_=sbx__sbtcd2_asin_0_bkgd&pd_rd_w=Ja7gn&content-id=amzn1.sym.90f77631-9599-4fe0-95f8-a40adfe1c762%3Aamzn1.sym.90f77631-9599-4fe0-95f8-a40adfe1c762&pf_rd_p=90f77631-9599-4fe0-95f8-a40adfe1c762&pf_rd_r=920N7EWW3YRJYVP8T04G&pd_rd_wg=XSVZC&pd_rd_r=6d0f59d2-9bcc-47ae-8e9c-0ef2929c4c41,"https://m.media-amazon.com/images/I/81J+-tsF-qL._AC_SR322,134_CB1169409_QL70_.jpg",63,排名靠前；价格高于人民币等值¥288.00；标题包含 platform，符合美国女鞋舒适化趋势；评分达到4.3以上。
2026-07-12,amazon_us,product,search,women slides,7,CUSHIONAIRE,¥194.26,4.4,CUSHIONAIRE,,,,,,https://www.amazon.com/sspa/click?ie=UTF8&spc=MTo3NTIzOTk0NTAzNTc4ODQ6MTc4Mzg0NjU5MDpzcF9zZWFyY2hfdGhlbWF0aWM6MzAwODE0MDQ5NTQ4ODAyOjoxOjo&url=%2FCUSHIONAIRE-Womens-Feather-recovery-Comfort%2Fdp%2FB0BTQ59NY2%2Fref%3Dsxin_19_pa_sp_search_thematic_sspa%3Fcontent-id%3Damzn1.sym.9830f7a6-3831-47c8-8516-490493d4fc59%253Aamzn1.sym.9830f7a6-3831-47c8-8516-490493d4fc59%26cv_ct_cx%3Dwomen%2Bslides%26keywords%3Dwomen%2Bslides%26pd_rd_i%3DB0BTQ59NY2%26pd_rd_r%3D646821b7-9718-40d5-8662-516df456b89e%26pd_rd_w%3Dnerpu%26pd_rd_wg%3DVjkT3%26pf_rd_p%3D9830f7a6-3831-47c8-8516-490493d4fc59%26pf_rd_r%3DJ739MYTQGK8CE6DSVS5N%26qid%3D1783846590%26sbo%3DRZvfv%252F%252FHxDF%252BO5021pAnSA%253D%253D%26sr%3D1-2-7efdef4d-9875-47e1-927f-8c2c1c47ed49-spons%26aref%3DIUzthCUhzw%26sp_csd%3Dd2lkZ2V0TmFtZT1zcF9zZWFyY2hfdGhlbWF0aWM%26psc%3D1&aref=IUzthCUhzw,https://m.media-amazon.com/images/I/815e2pi4fZL._AC_UL320_.jpg,62,排名靠前；价格处于人民币等值¥180.00-¥288.00区间；评分达到4.3以上。
2026-07-12,amazon_us,product,best_sellers,Best Sellers Women Sandals,7,"ODOLY Unisex Cork Footbed Slide Sandal, Arch Support Summer Outdoor Sandals with Adjustable Buckle for Women and Men",,4.5,$17.99,,,,,,https://www.amazon.com/ODOLY-Footbed-Comfortable-Sandals-Adjustable/dp/B0CSMN1X4W/ref=zg_bs_g_679425011_d_sccl_7/135-7791441-2461009?psc=1,"https://images-na.ssl-images-amazon.com/images/I/61iYsM+H9QL._AC_UL600_SR600,400_.jpg",61,排名靠前；标题包含 arch support、summer，符合美国女鞋舒适化趋势；评分达到4.3以上。
2026-07-12,amazon_us,product,best_sellers,Best Sellers Women Sandals,10,"CUSHIONAIRE Luna Sandals for Women, Cork Footbed Womens Sandals for Summer Comfort with Adjustable Straps, Wide Width Available",,4.5,$34.99,,,,,,https://www.amazon.com/CUSHIONAIRE-Next-Womens-Slide-Sandals-Brown/dp/B073XSLL5P/ref=zg_bs_g_679425011_d_sccl_10/135-7791441-2461009?psc=1,"https://images-na.ssl-images-amazon.com/images/I/81TDeaArVJL._AC_UL600_SR600,400_.jpg",61,排名靠前；标题包含 comfort、summer，符合美国女鞋舒适化趋势；评分达到4.3以上。
2026-07-12,amazon_us,product,search,platform sandals women,2,"Sorel Women's Sunpeak Wedge Ankle Strap, Iced Tea/Snow, 7.5 Regular Sorel Women's Sunpeak Wedge Ankle Strap, Iced Tea…",¥810.00,4.8,,,,,,,https://aax-us-east-retail-direct.amazon.com/x/c/JMyBA-m1YuS4HyzFSzME61gAAAGfVYrbngEAAAH2AQBvbm9fdHhuX2JpZDUgICBvbm9fdHhuX2ltcDIgICANBnvZ/clv1c_ek-wBPfXJbTannfycIdMb8h9PRNnK8n5EtsGrqP0lirjZMJCzeTD8vXDU43iuCdA2_Q6L3hSEzKw9CsMi1r2VlgBB2qOBKf5agDvgRaGzK8qWwFJpC7KCyQY4_t9qgJxk7wrptAOZRwR32e1Pk6qoiqtpMts1lXnhmTcZ7dryIgKKWM9GkfmnMC624RypzWgdfkPYb5ChAnWtdSc9wJH_Eafu3f1FiZ-XLzHcGibWMb5kYA7nEtMUr1mFlVC2bPaJypTnmicW7TzpbLXqtlzi6ugQcwiprkBYuQIWl8pQRg0RCe-tUBDQ78iY2OROSdF2UrMIOKgYh3fp9aUqXyHeV0GoZYrYtV8M4kI9nBiKjkaJop08A0h5Pt_MP-yj8xsDYBkx4QrJ0EEJQ7gh4s1hVSIMFvfIsFVzJYsFiku9Xkn6aYUeH7-OXBAS-8OTN_acFvx5Q8crCobygEBL85i1tCzh-ZDXEcPg0zfU6OAvQX7prKrzrdTAwdxvf1NHAXWrLMxNRO7HKiA0ynT7evNbfKpiMeKkHFSceQIRuox_792FHUqCD7diCyQln5p9QsNgaFwKzRd1iRJuPNHeK16ZD2rNTsY5u2S_sEYDBnI9kHCBfypT4yrNNX1gyXfXdz2t8BXjt69BRzxkJM8K_5ku_99QqyJohVzGbjJmdRj8aaw1kqsngUHb9Y9Ob_AhWlFFxZyLmOuVydDgssjT4uTX02gf0eh1jk1u7gXuWXIMGq6kaEcoTwirZJkxGRoQLvlcuoLnYmP8MG2CD62fjLl2dBHqguRxOH07IZG-8GwnTGxxr6qUuEBs6qgqHhuoSRGhAdQFKAtHJKHSXUdbLUi4UsecxH8xrL9haXGKLTplxdxIpMZnrQer3jYS4XZ-WwabY9ViqpIs7AexuQQwpdYjoDiomMLhXhCIk1CBfe3TIlmptrZxgOagDIWvVkqNaZRdgZ2VxVUrXi1r3gPt_bJA90RG5ASN7CnjJ0yTD4yUbvuClxfcV6aXjP0cPSt4NU3Gc7ZvZra5tPwd7PU1lv7PaaW8Dbvy0nrlphP4N3cHfq_Nrjf_u-hkFLKnMkwBIV5gozTsisc8NMR9F18puf1Yivhh82dOvi0lJtEmuZecCXZv8jW2CX81yiLEy_Y9mSDEk6SpLdPS9QWB3IpzuBvpg_yP-m1FbPCsyKe1x0cxXmmJVwlwSar2IFjb1-FZFRs7rBew_986b0ocepYnU42WNIPK31kz6VCszjjPTJbN2FhVFQD4b8MnNtIPh4Iwj3OeWagnYkvltU2UKaI8YuV3PgLm6Yq2XblgIm_OPVCg37Xj71dICSjzYCVD439jGWwK0H1Vz4OiBZDt62G4qNInRRqBd60E4wVLgc4v7-LSeaQZPSv2UObpR85_37y2dCIlPGwxfJMq-ijTQ_qYZv0UB2Q1khb_w0o_u3Xq__J--kUFKyWSC1JemLBLzx3FRrAKJ6oRwJPJq7hwAjAFO7aTpl4VmPF_zDO-7bxuqjI4nxxBq3Co3xnS3FzggJJD_uAb7PfaqY2gqeJLmmx9mHV-2Hehltdkd32LpbdVpHrwIDbO5woxCHd7ix8P8qDZhPi5mB153VXV8xIaOpyJOk0JnJAJ_KtKKp7_xYRAdKAmevSr0CGgMPECRF4DL_VwSmeoXg8qnNgWTOLQTJaB2quX4z0pcteI5PdFTnCGp5oYqS-thkz0xUWSlFEsxjHKCgAcDGKtHNsdmp6/https://www.amazon.com/gp/aw/d/B0F8D6PCQL/?_encoding=UTF8&pd_rd_plhdr=t&aaxitk=b8fdff5d0a92fb43ad129171fd02a1a5&hsa_cr_id=0&qid=1783846591&sr=1-2-9e67e56a-6f64-441f-a281-df67fc737124&ref_=sbx_s_sparkle_sbtcd_asin_1_bkgd&pd_rd_w=uk6Jj&content-id=amzn1.sym.2fb72bc8-96ef-420d-b08f-c04b69f36507%3Aamzn1.sym.2fb72bc8-96ef-420d-b08f-c04b69f36507&pf_rd_p=2fb72bc8-96ef-420d-b08f-c04b69f36507&pf_rd_r=920N7EWW3YRJYVP8T04G&pd_rd_wg=j0azq&pd_rd_r=58ec3062-050b-45ac-a788-101e3f6ea5f9,"https://m.media-amazon.com/images/I/71-mn-Y6B1L._AC_SR160,134_CB1169409_QL70_.jpg",61,排名靠前；价格高于人民币等值¥288.00；标题包含 wedge，符合美国女鞋舒适化趋势；评分达到4.6以上。
2026-07-12,amazon_us,product,best_sellers,Best Sellers Women Sandals,13,ONCAI Women's Flip Flops Comfortable Arch Support Yoga Mat Summer Beach Walking Thong Cushion Sandals Ladies Outdoor Vacation Essentials Slide Shoes Rubber Soles US Size 5-11,,4.4,$13.98,,,,,,https://www.amazon.com/ONCAI-Support-Athletic-Orthotic-Fasciitis/dp/B0D2292JM9/ref=zg_bs_g_679425011_d_sccl_13/135-7791441-2461009?psc=1,"https://images-na.ssl-images-amazon.com/images/I/71iVIX1IyIL._AC_UL600_SR600,400_.jpg",60,排名进入前30；标题包含 comfort、arch support、beach、summer，符合美国女鞋舒适化趋势；评分达到4.3以上。
2026-07-12,amazon_us,product,best_sellers,Best Sellers Women Sandals,30,UBFEN Womens Hiking Comfort Sport Sandals Beach Vacation Camping Casual Sport Sandals with Adjustable Straps and Arch Support,,4.6,$39.99,,,,,,https://www.amazon.com/UBFEN-Sandals-Adjustable-Support-Vacation/dp/B0DQ7YQ2MD/ref=zg_bs_g_679425011_d_sccl_30/135-7791441-2461009?psc=1,"https://images-na.ssl-images-amazon.com/images/I/71kBI1vUNtL._AC_UL600_SR600,400_.jpg",60,排名进入前30；标题包含 comfort、arch support、beach，符合美国女鞋舒适化趋势；评分达到4.6以上。
2026-07-12,amazon_us,product,new_releases,New Releases Women Sandals,6,Project Cloud Square Toe Flip Flops For Women Footwear - Non Slip with Memory Foam Insole Beach Essentials Womens Sandals - Lightweight Thong Sandals Women (DEDICATION),,4.2,$26.90,,,,,,https://www.amazon.com/Project-Cloud-Square-Flops-Footwear/dp/B0GY6BHNDZ/ref=zg_bsnr_g_679425011_d_sccl_6/146-5527514-8369931?psc=1,"https://images-na.ssl-images-amazon.com/images/I/71nllf30glL._AC_UL600_SR600,400_.jpg",60,排名靠前；标题包含 cloud、beach，符合美国女鞋舒适化趋势；评分达到4.0以上。
2026-07-12,amazon_us,product,search,women summer slippers,20,GOEWY,¥93.53,4.7,GOEWY,,,,,,https://www.amazon.com/GOEWY-Slippers-Breathable-Birthday-Outdoor/dp/B0GQGLFHFJ/ref=sr_1_7?dib=eyJ2IjoiMSJ9.Y94LRuRzTpDUUoPnonazDShog533qSh5BtsZ36kyWaSgEmFakffzYYKO-0CRZGGrScEETW0RXPPHJolNN0AEuMM84GxPqOhFdcwsrYI6t-4bta7t8lPq7T4onQSatwTRXngmgUQ1ecvqxC7s4N8r6lxWXF-9UvDUTSCi6LsVe5eksuqA0mD6yDEdpIQ9wm6N8r7QYeUFNjrxsAR9bbi2mjc1pdFtV-X4gz3SQ4MEQ9InjNfCqVSYuHltTjymBOYiUFmCXbhS7g-CiK2lrjw3gsc1jaX66o6x140f7wu6VgE.6MBBQEl3YXd0zV38jN5t_Gl1JsdiV9xNSRIgwogNY_Q&dib_tag=se&keywords=women+summer+slippers&qid=1783846589&sr=8-7,https://m.media-amazon.com/images/I/61PJ6PNvlqL._AC_UL320_.jpg,60,排名进入前30；价格处于人民币等值¥57.60-¥180.00黄金区间；评分达到4.6以上。
2026-07-12,amazon_us,product,best_sellers,Best Sellers Women Sandals,19,KuaiLu Womens Fashion Orthotic Slides Ladies Athletic Yoga Mat Memory Foam Walking Sandals Thick Cushion Recovery Summer Beach Slippers Comfortable Plantar Fasciitis Arch Support,,4.0,$23.99,,,,,,https://www.amazon.com/Orthotic-Lightweight-Athletic-Comfortable-Fasciitis/dp/B092ZT26V3/ref=zg_bs_g_679425011_d_sccl_19/135-7791441-2461009?psc=1,"https://images-na.ssl-images-amazon.com/images/I/71Rxka3CPTL._AC_UL600_SR600,400_.jpg",59,排名进入前30；标题包含 recovery、comfort、arch support、beach、summer，符合美国女鞋舒适化趋势；评分达到4.0以上。
2026-07-12,amazon_us,product,search,platform sandals women,5,CUSHIONAIRE,¥287.93,4.2,CUSHIONAIRE,,,,,,https://www.amazon.com/CUSHIONAIRE-Womens-platform-sandal-Memory/dp/B09M96YX6M/ref=sr_1_2?dib=eyJ2IjoiMSJ9.Eno-3pT4ZhH3sPPabT7cSq_3HMv5ty4ndVUvrTXJmESKBlvhrHrpy8Va0-QCqdCJcpLE6xEiP1Qkski2dfwsrEouzCeVlkcMiH_Ll8APQJ1AD4Gw6WGY-gUMKmdz7DvFLSE1l3fiFvyYQEWGb5aTD23EfgLEFPdTgamJiB-_BsYwVFebuEXafXQcGKDHlhJSTV2gmNz6NmVeaYEnQsrBiWuOQU1MrvGJ92s6oBZD-Lv0zS3JYAwL0PwG06dtrTaBBBtOiec28gAqiaOpCBFmYfz9IQqkhzBHMkA0Dkq1Xlg.i8-6aD2sHRbWjgHo75_HHDlfODzEnuvcK6ep2i3Fmpc&dib_tag=se&keywords=platform+sandals+women&qid=1783846591&sr=8-2,https://m.media-amazon.com/images/I/71oz-qD6L5L._AC_UL320_.jpg,59,排名靠前；价格处于人民币等值¥180.00-¥288.00区间；评分达到4.0以上。
2026-07-12,amazon_us,product,new_releases,New Releases Women Sandals,8,adidas Unisex Adult Adilette Comfort 2.0 Slide,,4.5,$40.00,,,,,,https://www.amazon.com/adidas-Unisex-Adilette-Comfort-Sandal/dp/B0F2B84XX9/ref=zg_bsnr_g_679425011_d_sccl_8/146-5527514-8369931?psc=1,"https://images-na.ssl-images-amazon.com/images/I/51qn7G+PVyL._AC_UL600_SR600,400_.jpg",58,排名靠前；标题包含 comfort，符合美国女鞋舒适化趋势；评分达到4.3以上。
2026-07-12,amazon_us,product,search,platform sandals women,4,Crocs,¥395.64,4.6,Products highlighted as 'Overall Pick' are:,,,,,,https://www.amazon.com/Crocs-Brooklyn-Low-Wedge-Black/dp/B07YQRHTG4/ref=sr_1_1?dib=eyJ2IjoiMSJ9.Eno-3pT4ZhH3sPPabT7cSq_3HMv5ty4ndVUvrTXJmESKBlvhrHrpy8Va0-QCqdCJcpLE6xEiP1Qkski2dfwsrEouzCeVlkcMiH_Ll8APQJ1AD4Gw6WGY-gUMKmdz7DvFLSE1l3fiFvyYQEWGb5aTD23EfgLEFPdTgamJiB-_BsYwVFebuEXafXQcGKDHlhJSTV2gmNz6NmVeaYEnQsrBiWuOQU1MrvGJ92s6oBZD-Lv0zS3JYAwL0PwG06dtrTaBBBtOiec28gAqiaOpCBFmYfz9IQqkhzBHMkA0Dkq1Xlg.i8-6aD2sHRbWjgHo75_HHDlfODzEnuvcK6ep2i3Fmpc&dib_tag=se&keywords=platform+sandals+women&qid=1783846591&sr=8-1,https://m.media-amazon.com/images/I/7146HmICxBL._AC_UL320_.jpg,58,排名靠前；价格高于人民币等值¥288.00；评分达到4.6以上。
2026-07-12,amazon_us,product,best_sellers,Best Sellers Women Sandals,17,KuaiLu Womens Arch Support Flip Flops Comfortable Yoga Mat Slip on Summer Beach Walking Thong Cushion Sandals,,4.2,$13.98,,,,,,https://www.amazon.com/KuaiLu-Support-Comfortable-Cushion-Walking/dp/B08GKGCH2R/ref=zg_bs_g_679425011_d_sccl_17/135-7791441-2461009?psc=1,"https://images-na.ssl-images-amazon.com/images/I/81-DUybjK+L._AC_UL600_SR600,400_.jpg",57,排名进入前30；标题包含 comfort、arch support、beach、summer，符合美国女鞋舒适化趋势；评分达到4.0以上。
2026-07-12,amazon_us,product,best_sellers,Best Sellers Women Sandals,20,KuaiLu Womens Arch Support Flip Flops Ladies Comfort Lightweight Soft Yoga Mat Cushion Walking Thong Sandals,,4.5,$15.98,,,,,,https://www.amazon.com/KuaiLu-Comfortable-Waterproof-Supportive-Flipflops/dp/B0CTML36SJ/ref=zg_bs_g_679425011_d_sccl_20/135-7791441-2461009?psc=1,"https://images-na.ssl-images-amazon.com/images/I/71FLg8v7ZyL._AC_UL600_SR600,400_.jpg",57,排名进入前30；标题包含 comfort、arch support、soft，符合美国女鞋舒适化趋势；评分达到4.3以上。
2026-07-12,amazon_us,product,new_releases,New Releases Women Sandals,31,SHIBEVER Womens Wedge Sandals Dressy: Arch Support Slip-On Comfortable Summer Sandals Open Toe Flower Casual Platform Shoes Size 5-11,,4.5,$28.98,,,,,,https://www.amazon.com/SHIBEVER-Comfortable-Lightweight-Platform-Vacation/dp/B0GZQ2W66D/ref=zg_bsnr_g_679425011_d_sccl_31/135-7791441-2461009?psc=1,"https://images-na.ssl-images-amazon.com/images/I/71s6gVMM2nL._AC_UL300_SR300,200_.jpg",57,排名进入前50；标题包含 platform、comfort、arch support、summer、wedge，符合美国女鞋舒适化趋势；platform + comfort组合趋势加分；评分达到4.3以上。
2026-07-12,amazon_us,product,search,women summer slippers,16,shevalues,¥122.33,4.3,shevalues,,,,,,https://www.amazon.com/Shevalues-Summer-House-Slippers-Men-Breathable-Waffle-Indoor-Slippers-Slip-Open-Toe-Home-Shoes-7-5-8-5-6-5-7-5/dp/B09SLQJ637/ref=sr_1_3?dib=eyJ2IjoiMSJ9.Y94LRuRzTpDUUoPnonazDShog533qSh5BtsZ36kyWaSgEmFakffzYYKO-0CRZGGrScEETW0RXPPHJolNN0AEuMM84GxPqOhFdcwsrYI6t-4bta7t8lPq7T4onQSatwTRXngmgUQ1ecvqxC7s4N8r6lxWXF-9UvDUTSCi6LsVe5eksuqA0mD6yDEdpIQ9wm6N8r7QYeUFNjrxsAR9bbi2mjc1pdFtV-X4gz3SQ4MEQ9InjNfCqVSYuHltTjymBOYiUFmCXbhS7g-CiK2lrjw3gsc1jaX66o6x140f7wu6VgE.6MBBQEl3YXd0zV38jN5t_Gl1JsdiV9xNSRIgwogNY_Q&dib_tag=se&keywords=women+summer+slippers&qid=1783846589&sr=8-3,https://m.media-amazon.com/images/I/81-CmH5PjYL._AC_UL320_.jpg,57,排名进入前30；价格处于人民币等值¥57.60-¥180.00黄金区间；评分达到4.3以上。
2026-07-12,amazon_us,product,search,women summer slippers,17,KuaiLu,¥115.06,4.5,KuaiLu,,,,,,https://www.amazon.com/KuaiLu-Comfortable-Waterproof-Supportive-Flipflops/dp/B0CTML36SJ/ref=sr_1_4?dib=eyJ2IjoiMSJ9.Y94LRuRzTpDUUoPnonazDShog533qSh5BtsZ36kyWaSgEmFakffzYYKO-0CRZGGrScEETW0RXPPHJolNN0AEuMM84GxPqOhFdcwsrYI6t-4bta7t8lPq7T4onQSatwTRXngmgUQ1ecvqxC7s4N8r6lxWXF-9UvDUTSCi6LsVe5eksuqA0mD6yDEdpIQ9wm6N8r7QYeUFNjrxsAR9bbi2mjc1pdFtV-X4gz3SQ4MEQ9InjNfCqVSYuHltTjymBOYiUFmCXbhS7g-CiK2lrjw3gsc1jaX66o6x140f7wu6VgE.6MBBQEl3YXd0zV38jN5t_Gl1JsdiV9xNSRIgwogNY_Q&dib_tag=se&keywords=women+summer+slippers&qid=1783846589&sr=8-4,https://m.media-amazon.com/images/I/71FLg8v7ZyL._AC_UL320_.jpg,57,排名进入前30；价格处于人民币等值¥57.60-¥180.00黄金区间；评分达到4.3以上。
2026-07-12,amazon_us,product,search,women summer slippers,19,GOEWY,¥71.86,4.4,GOEWY,,,,,,https://www.amazon.com/GOEWY-Slippers-Anti-Skid-Birthday-Bridesmaid/dp/B0DRFQKGW3/ref=sr_1_6?dib=eyJ2IjoiMSJ9.Y94LRuRzTpDUUoPnonazDShog533qSh5BtsZ36kyWaSgEmFakffzYYKO-0CRZGGrScEETW0RXPPHJolNN0AEuMM84GxPqOhFdcwsrYI6t-4bta7t8lPq7T4onQSatwTRXngmgUQ1ecvqxC7s4N8r6lxWXF-9UvDUTSCi6LsVe5eksuqA0mD6yDEdpIQ9wm6N8r7QYeUFNjrxsAR9bbi2mjc1pdFtV-X4gz3SQ4MEQ9InjNfCqVSYuHltTjymBOYiUFmCXbhS7g-CiK2lrjw3gsc1jaX66o6x140f7wu6VgE.6MBBQEl3YXd0zV38jN5t_Gl1JsdiV9xNSRIgwogNY_Q&dib_tag=se&keywords=women+summer+slippers&qid=1783846589&sr=8-6,https://m.media-amazon.com/images/I/71cJmHLWhGL._AC_UL320_.jpg,57,排名进入前30；价格处于人民币等值¥57.60-¥180.00黄金区间；评分达到4.3以上。
2026-07-12,amazon_us,product,search,women summer slippers,21,WHITIN,¥71.93,4.3,WHITIN,,,,,,https://www.amazon.com/WHITIN-Slippers-Cushioned-Fashionable-Lightweight/dp/B0C1C17KH8/ref=sr_1_8?dib=eyJ2IjoiMSJ9.Y94LRuRzTpDUUoPnonazDShog533qSh5BtsZ36kyWaSgEmFakffzYYKO-0CRZGGrScEETW0RXPPHJolNN0AEuMM84GxPqOhFdcwsrYI6t-4bta7t8lPq7T4onQSatwTRXngmgUQ1ecvqxC7s4N8r6lxWXF-9UvDUTSCi6LsVe5eksuqA0mD6yDEdpIQ9wm6N8r7QYeUFNjrxsAR9bbi2mjc1pdFtV-X4gz3SQ4MEQ9InjNfCqVSYuHltTjymBOYiUFmCXbhS7g-CiK2lrjw3gsc1jaX66o6x140f7wu6VgE.6MBBQEl3YXd0zV38jN5t_Gl1JsdiV9xNSRIgwogNY_Q&dib_tag=se&keywords=women+summer+slippers&qid=1783846589&sr=8-8,https://m.media-amazon.com/images/I/71nA8egRirL._AC_UL320_.jpg,57,排名进入前30；价格处于人民币等值¥57.60-¥180.00黄金区间；评分达到4.3以上。
2026-07-12,amazon_us,product,search,women summer slippers,22,Evshine,¥86.33,4.4,Evshine,,,,,,https://www.amazon.com/Evshine-Summer-Slippers-Corduroy-Bedroom/dp/B0CSN39WDS/ref=sr_1_9?dib=eyJ2IjoiMSJ9.Y94LRuRzTpDUUoPnonazDShog533qSh5BtsZ36kyWaSgEmFakffzYYKO-0CRZGGrScEETW0RXPPHJolNN0AEuMM84GxPqOhFdcwsrYI6t-4bta7t8lPq7T4onQSatwTRXngmgUQ1ecvqxC7s4N8r6lxWXF-9UvDUTSCi6LsVe5eksuqA0mD6yDEdpIQ9wm6N8r7QYeUFNjrxsAR9bbi2mjc1pdFtV-X4gz3SQ4MEQ9InjNfCqVSYuHltTjymBOYiUFmCXbhS7g-CiK2lrjw3gsc1jaX66o6x140f7wu6VgE.6MBBQEl3YXd0zV38jN5t_Gl1JsdiV9xNSRIgwogNY_Q&dib_tag=se&keywords=women+summer+slippers&qid=1783846589&sr=8-9,https://m.media-amazon.com/images/I/71SaoMUrpoL._AC_UL320_.jpg,57,排名进入前30；价格处于人民币等值¥57.60-¥180.00黄金区间；评分达到4.3以上。
2026-07-12,amazon_us,product,search,women summer slippers,30,ULTRAIDEAS,¥102.53,4.5,ULTRAIDEAS,,,,,,https://www.amazon.com/ULTRAIDEAS-Slippers-Bowknot-Outdoor-Anti-Skid/dp/B07MZ3H6MN/ref=sr_1_17?dib=eyJ2IjoiMSJ9.Y94LRuRzTpDUUoPnonazDShog533qSh5BtsZ36kyWaSgEmFakffzYYKO-0CRZGGrScEETW0RXPPHJolNN0AEuMM84GxPqOhFdcwsrYI6t-4bta7t8lPq7T4onQSatwTRXngmgUQ1ecvqxC7s4N8r6lxWXF-9UvDUTSCi6LsVe5eksuqA0mD6yDEdpIQ9wm6N8r7QYeUFNjrxsAR9bbi2mjc1pdFtV-X4gz3SQ4MEQ9InjNfCqVSYuHltTjymBOYiUFmCXbhS7g-CiK2lrjw3gsc1jaX66o6x140f7wu6VgE.6MBBQEl3YXd0zV38jN5t_Gl1JsdiV9xNSRIgwogNY_Q&dib_tag=se&keywords=women+summer+slippers&qid=1783846589&sr=8-17,https://m.media-amazon.com/images/I/71cvxwhDe7L._AC_UL320_.jpg,57,排名进入前30；价格处于人民币等值¥57.60-¥180.00黄金区间；评分达到4.3以上。
2026-07-12,amazon_us,product,search,women slides,21,ODOLY,¥129.53,4.5,ODOLY,,,,,,https://www.amazon.com/ODOLY-Footbed-Comfortable-Sandals-Adjustable/dp/B0CSMN1X4W/ref=sr_1_9?dib=eyJ2IjoiMSJ9.XhkBKZHG2zQk6cEh69VAMFuDN1dI8ZG6rdDGQ25oFLzVxAoRna527TRt8FrWSvCiuCXzIGCP8YVWNcBUfz8er7O5L6o6EeCansJmorthjCCBxC1ScAyCSNH_J4JXZNx4hleXuMv02ox3Beo-N56wcoCSRMYZUFfxMTRxZ6L0BkJgyy3FqrXNY2rJey1IvC4laraAyMTkpI4FXLmdtSBnysxPJTDHijV0JaIfOb580otDbxSHGoK92curx8ucdSL10gnFZxVMDq6vIMMrbIQ-y6wy-CyqfI-iSTJCVIuvqZI.Wveg8iE7piq_Uv4p2FKpWiXMwUN-j5ZoKqc0g4Lx8ZI&dib_tag=se&keywords=women+slides&qid=1783846590&sr=8-9,https://m.media-amazon.com/images/I/61iYsM+H9QL._AC_UL320_.jpg,57,排名进入前30；价格处于人民币等值¥57.60-¥180.00黄金区间；评分达到4.3以上。
2026-07-12,amazon_us,product,search,women slides,22,Comwarm,¥71.93,4.3,Comwarm,,,,,,https://www.amazon.com/Sandals-Lightweight-Bathroom-Non-Slip-Slippers/dp/B099DTRKSL/ref=sr_1_10?dib=eyJ2IjoiMSJ9.XhkBKZHG2zQk6cEh69VAMFuDN1dI8ZG6rdDGQ25oFLzVxAoRna527TRt8FrWSvCiuCXzIGCP8YVWNcBUfz8er7O5L6o6EeCansJmorthjCCBxC1ScAyCSNH_J4JXZNx4hleXuMv02ox3Beo-N56wcoCSRMYZUFfxMTRxZ6L0BkJgyy3FqrXNY2rJey1IvC4laraAyMTkpI4FXLmdtSBnysxPJTDHijV0JaIfOb580otDbxSHGoK92curx8ucdSL10gnFZxVMDq6vIMMrbIQ-y6wy-CyqfI-iSTJCVIuvqZI.Wveg8iE7piq_Uv4p2FKpWiXMwUN-j5ZoKqc0g4Lx8ZI&dib_tag=se&keywords=women+slides&qid=1783846590&sr=8-10,https://m.media-amazon.com/images/I/71uNAZpAhiL._AC_UL320_.jpg,57,排名进入前30；价格处于人民币等值¥57.60-¥180.00黄金区间；评分达到4.3以上。
2026-07-12,amazon_us,product,search,women slides,30,Goosecret,¥136.66,4.3,Goosecret,,,,,,https://www.amazon.com/Goosecret-Platform-Lightweight-Comfortable-Adjustable/dp/B0CZ75N4PP/ref=sr_1_18?dib=eyJ2IjoiMSJ9.XhkBKZHG2zQk6cEh69VAMFuDN1dI8ZG6rdDGQ25oFLzVxAoRna527TRt8FrWSvCiuCXzIGCP8YVWNcBUfz8er7O5L6o6EeCansJmorthjCCBxC1ScAyCSNH_J4JXZNx4hleXuMv02ox3Beo-N56wcoCSRMYZUFfxMTRxZ6L0BkJgyy3FqrXNY2rJey1IvC4laraAyMTkpI4FXLmdtSBnysxPJTDHijV0JaIfOb580otDbxSHGoK92curx8ucdSL10gnFZxVMDq6vIMMrbIQ-y6wy-CyqfI-iSTJCVIuvqZI.Wveg8iE7piq_Uv4p2FKpWiXMwUN-j5ZoKqc0g4Lx8ZI&dib_tag=se&keywords=women+slides&qid=1783846590&sr=8-18,https://m.media-amazon.com/images/I/61l3YNTRtgL._AC_UL320_.jpg,57,排名进入前30；价格处于人民币等值¥57.60-¥180.00黄金区间；评分达到4.3以上。
2026-07-12,amazon_us,product,best_sellers,Best Sellers Women Sandals,8,Clarks Women's Breeze Sea Flip-Flop,,4.7,$27.99,,,,,,https://www.amazon.com/Clarks-Womens-Breeze-Flip-Synthetic/dp/B01FH9EJCI/ref=zg_bs_g_679425011_d_sccl_8/135-7791441-2461009?psc=1,"https://images-na.ssl-images-amazon.com/images/I/61CUHH0LXiL._AC_UL600_SR600,400_.jpg",55,排名靠前；评分达到4.6以上。
2026-07-12,amazon_us,product,best_sellers,Best Sellers Women Sandals,11,OOFOS OOahh Recovery Slide - Women’s and Men’s,,4.4,$59.95,,,,,,https://www.amazon.com/OOFOS-Unisex-Ooahh-Slide-Sandal/dp/B00BRC4L14/ref=zg_bs_g_679425011_d_sccl_11/135-7791441-2461009?psc=1,"https://images-na.ssl-images-amazon.com/images/I/51NSD3PLF-L._AC_UL600_SR600,400_.jpg",55,排名进入前30；评论数达到50以上；标题包含 recovery，符合美国女鞋舒适化趋势；评分达到4.3以上。
2026-07-12,amazon_us,product,new_releases,New Releases Women Sandals,4,"CUSHIONAIRE Siesta Modern Lattice Ballet Flats for Women, Comfortable Slip On Pointed Toe Womens Jelly Shoes",,4.2,$39.98,,,,,,https://www.amazon.com/CUSHIONAIRE-Siesta-Lattice-Comfortable-Pointed/dp/B0GYQ3JK18/ref=zg_bsnr_g_679425011_d_sccl_4/146-5527514-8369931?psc=1,"https://images-na.ssl-images-amazon.com/images/I/81aIqaR3TYL._AC_UL600_SR600,400_.jpg",55,排名靠前；标题包含 comfort，符合美国女鞋舒适化趋势；评分达到4.0以上。
2026-07-12,amazon_us,product,new_releases,New Releases Women Sandals,9,"BRONAX Jelly Sandals for Women, Clear Adjustable Double Buckle Casual Slip On Slides for Vacation Pool Outdoor",,4.6,$19.98,,,,,,https://www.amazon.com/BRONAX-Sandals-Summer-Adjustable-Waterproof/dp/B0H14NQKY9/ref=zg_bsnr_g_679425011_d_sccl_9/146-5527514-8369931?psc=1,"https://images-na.ssl-images-amazon.com/images/I/81ntrU8WMiL._AC_UL600_SR600,400_.jpg",55,排名靠前；评分达到4.6以上。
2026-07-12,amazon_us,product,new_releases,New Releases Women Sandals,10,"CUSHIONAIRE Talisa Espadrilles for Women, Closed Toe Wedge Sandal with Elastic Ankle Strap and Jute Wrapped Sole",,4.5,$39.99,,,,,,https://www.amazon.com/CUSHIONAIRE-Talisa-Espadrilles-Elastic-Wrapped/dp/B0GXGP78F8/ref=zg_bsnr_g_679425011_d_sccl_10/146-5527514-8369931?psc=1,"https://images-na.ssl-images-amazon.com/images/I/810XN0i4gjL._AC_UL600_SR600,400_.jpg",55,排名靠前；标题包含 wedge，符合美国女鞋舒适化趋势；评分达到4.3以上。
2026-07-12,amazon_us,product,search,women summer slippers,29,Clarks,¥201.53,4.7,Clarks,,,,,,https://www.amazon.com/Clarks-Womens-Breeze-Flip-Synthetic/dp/B01FH9EJCI/ref=sr_1_16?dib=eyJ2IjoiMSJ9.Y94LRuRzTpDUUoPnonazDShog533qSh5BtsZ36kyWaSgEmFakffzYYKO-0CRZGGrScEETW0RXPPHJolNN0AEuMM84GxPqOhFdcwsrYI6t-4bta7t8lPq7T4onQSatwTRXngmgUQ1ecvqxC7s4N8r6lxWXF-9UvDUTSCi6LsVe5eksuqA0mD6yDEdpIQ9wm6N8r7QYeUFNjrxsAR9bbi2mjc1pdFtV-X4gz3SQ4MEQ9InjNfCqVSYuHltTjymBOYiUFmCXbhS7g-CiK2lrjw3gsc1jaX66o6x140f7wu6VgE.6MBBQEl3YXd0zV38jN5t_Gl1JsdiV9xNSRIgwogNY_Q&dib_tag=se&keywords=women+summer+slippers&qid=1783846589&sr=8-16,https://m.media-amazon.com/images/I/61CUHH0LXiL._AC_UL320_.jpg,55,排名进入前30；价格处于人民币等值¥180.00-¥288.00区间；评分达到4.6以上。
2026-07-12,amazon_us,product,search,women slides,26,Nike,¥252.00,4.6,Nike,,,,,,https://www.amazon.com/Nike-Womens-Gymnastics-White-Black/dp/B08Q8RRJ5H/ref=sr_1_14?dib=eyJ2IjoiMSJ9.XhkBKZHG2zQk6cEh69VAMFuDN1dI8ZG6rdDGQ25oFLzVxAoRna527TRt8FrWSvCiuCXzIGCP8YVWNcBUfz8er7O5L6o6EeCansJmorthjCCBxC1ScAyCSNH_J4JXZNx4hleXuMv02ox3Beo-N56wcoCSRMYZUFfxMTRxZ6L0BkJgyy3FqrXNY2rJey1IvC4laraAyMTkpI4FXLmdtSBnysxPJTDHijV0JaIfOb580otDbxSHGoK92curx8ucdSL10gnFZxVMDq6vIMMrbIQ-y6wy-CyqfI-iSTJCVIuvqZI.Wveg8iE7piq_Uv4p2FKpWiXMwUN-j5ZoKqc0g4Lx8ZI&dib_tag=se&keywords=women+slides&qid=1783846590&sr=8-14,https://m.media-amazon.com/images/I/51npEYHZuAL._AC_UL320_.jpg,55,排名进入前30；价格处于人民币等值¥180.00-¥288.00区间；评分达到4.6以上。
2026-07-12,amazon_us,product,search,platform sandals women,1,Sorel Women's Ona Ave T-Toe Sneaker Sorel Women's Ona Ave T-Toe Sneaker,¥594.00,4.3,,,,,,,https://aax-us-east-retail-direct.amazon.com/x/c/JMyBA-m1YuS4HyzFSzME61gAAAGfVYrbngEAAAH2AQBvbm9fdHhuX2JpZDUgICBvbm9fdHhuX2ltcDIgICANBnvZ/clv1c_ek-wBPfXJbTannfycIdMb8h9PRNnK8n5EtsGrqP0lirjZMJCzeTD8vXDU43iuCdA2_Q6L3hSEzKw9CsMi1r2VlgBB2qOBKf5agDvgRaGzK8qWwFJpC7KCyQY4_t9qgJxk7wrptAOZRwR32e1Pk6qoiqtpMts1lXnhmTcZ7dryIgKKWM9GkfmnMC624RypzWgdfkPYb5ChAnWtdSc9wJH_Eafu3f1FiZ-XLzHcGibWMb5kYA7nEtMUr1mFlVC2bPaJypTnmicW7TzpbLXqtlzi6ugQcwiprkBYuQIWl8pQRg0RCe-tUBDQ78iY2OROSdF2UrMIOKgYh3fp9aUqXyHeV0GoZYrYtV8M4kI9nBiKjkaJop08A0h5Pt_MP-yj8xsDYBkx4QrJ0EEJQ7gh4s1hVSIMFvfIsFVzJYsFiku9Xkn6aYUeH7-OXBAS-8OTN_acFvx5Q8crCobygEBL85i1tCzh-ZDXEcPg0zfU6OAvQX7prKrzrdTAwdxvf1NHAXWrLMxNRO7HKiA0ynT7evNbfKpiMeKkHFSceQIRuox_792FHUqCD7diCyQln5p9QsNgaFwKzRd1iRJuPNHeK16ZD2rNTsY5u2S_sEYDBnI9kHCBfypT4yrNNX1gyXfXdz2t8BXjt69BRzxkJM8K_5ku_99QqyJohVzGbjJmdRj8aaw1kqsngUHb9Y9Ob_AhWlFFxZyLmOuVydDgssjT4uTX02gf0eh1jk1u7gXuWXIMGq6kaEcoTwirZJkxGRoQLvlcuoLnYmP8MG2CD62fjLl2dBHqguRxOH07IZG-8GwnTGxxr6qUuEBs6qgqHhuoSRGhAdQFKAtHJKHSXUdbLUi4UsecxH8xrL9haXGKLTplxdxIpMZnrQer3jYS4XZ-WwabY9ViqpIs7AexuQQwpdYjoDiomMLhXhCIk1CBfe3TIlmptrZxgOagDIWvVkqNaZRdgZ2VxVUrXi1r3gPt_bJA90RG5ASN7CnjJ0yTD4yUbvuClxfcV6aXjP0cPSt4NU3Gc7ZvZra5tPwd7PU1lv7PaaW8Dbvy0nrlphP4N3cHfq_Nrjf_u-hkFLKnMkwBIV5gozTsisc8NMR9F18puf1Yivhh82dOvi0lJtEmuZecCXZv8jW2CX81yiLEy_Y9mSDEk6SpLdPS9QWB3IpzuBvpg_yP-m1FbPCsyKe1x0cxXmmJVwlwSar2IFjb1-FZFRs7rBew_986b0ocepYnU42WNIPK31kz6VCszjjPTJbN2FhVFQD4b8MnNtIPh4Iwj3OeWagnYkvltU2UKaI8YuV3PgLm6Yq2XblgIm_OPVCg37Xj71dICSjzYCVD439jGWwK0H1Vz4OiBZDt62G4qNInRRqBd60E4wVLgc4v7-LSeaQZPSv2UObpR85_37y2dCIlPGwxfJMq-ijTQ_qYZv0UB2Q1khb_w0o_u3Xq__J--kUFKyWSC1JemLBLzx3FRrAKJ6oRwJPJq7hwAjAFO7aTpl4VmPF_zDO-7bxuqjI4nxxBq3Co3xnS3FzggJJD_uAb7PfaqY2gqeJLmmx9mHV-2Hehltdkd32LpbdVpHrwIDbO5woxCHd7ix8P8qDZhPi5mB153VXV8xIaOpyJOk0JnJAJ_KtKKp7_xYRAdKAmevSr0CGgMPECRF4DL_VwSmeoXg8qnNgWTOLQTJaB2quX4z0pcteI5PdFTnCGp5oYqS-thkz0xUWSlFEsxjHKCgAcDGKtHNsdmp6/https://www.amazon.com/gp/aw/d/B0F8CMP4J6/?_encoding=UTF8&pd_rd_plhdr=t&aaxitk=b8fdff5d0a92fb43ad129171fd02a1a5&hsa_cr_id=0&qid=1783846591&sr=1-1-9e67e56a-6f64-441f-a281-df67fc737124&ref_=sbx_s_sparkle_sbtcd_asin_0_bkgd&pd_rd_w=uk6Jj&content-id=amzn1.sym.2fb72bc8-96ef-420d-b08f-c04b69f36507%3Aamzn1.sym.2fb72bc8-96ef-420d-b08f-c04b69f36507&pf_rd_p=2fb72bc8-96ef-420d-b08f-c04b69f36507&pf_rd_r=920N7EWW3YRJYVP8T04G&pd_rd_wg=j0azq&pd_rd_r=58ec3062-050b-45ac-a788-101e3f6ea5f9,"https://m.media-amazon.com/images/I/71Gjc0LInbL._AC_SR160,134_CB1169409_QL70_.jpg",55,排名靠前；价格高于人民币等值¥288.00；评分达到4.3以上。
2026-07-12,amazon_us,product,best_sellers,Best Sellers Women Sandals,22,KuaiLu Womens Flip Flops Ladies Yoga Mat Comfortable Walking Thong Sandals With Plantar Fasciitis Arch Support Slip On Indoor Outdoor For Summer,,4.2,$23.08,,,,,,https://www.amazon.com/KuaiLu-Comfortable-Walking-Sandals-Fasciitis/dp/B08XX52FHY/ref=zg_bs_g_679425011_d_sccl_22/135-7791441-2461009?psc=1,"https://images-na.ssl-images-amazon.com/images/I/61k31MTJEYL._AC_UL600_SR600,400_.jpg",54,排名进入前30；标题包含 comfort、arch support、summer，符合美国女鞋舒适化趋势；评分达到4.0以上。
2026-07-12,amazon_us,product,best_sellers,Best Sellers Women Sandals,32,"CUSHIONAIRE Feather EVA Slides for Women – Comfortable Slip On Womens Slippers, Indoor Outdoor Shower Shoes, Beach Essential Cloud Slides",,4.4,$25.64,,,,,,https://www.amazon.com/Cushionaire-Womens-Feather-recovery-Comfort/dp/B094TD7Z1K/ref=zg_bs_g_679425011_d_sccl_32/135-7791441-2461009?psc=1,"https://images-na.ssl-images-amazon.com/images/I/817PhiYQjLL._AC_UL300_SR300,200_.jpg",54,排名进入前50；标题包含 cloud、comfort、beach，符合美国女鞋舒适化趋势；cloud + slides组合趋势加分；评分达到4.3以上。
2026-07-12,amazon_us,product,new_releases,New Releases Women Sandals,11,"CUSHIONAIRE Expo Thong Sandals for Women, Comfortable Slingback Sandals with Arch Support and Cushioned Footbed",,4.3,$39.99,,,,,,https://www.amazon.com/CUSHIONAIRE-Comfortable-Slingback-Cushioned-CHOCOLATE/dp/B0GZJ5KHBQ/ref=zg_bsnr_g_679425011_d_sccl_11/146-5527514-8369931?psc=1,"https://images-na.ssl-images-amazon.com/images/I/71P3k5SiVZL._AC_UL600_SR600,400_.jpg",54,排名进入前30；标题包含 comfort、arch support，符合美国女鞋舒适化趋势；评分达到4.3以上。
2026-07-12,amazon_us,product,new_releases,New Releases Women Sandals,25,Uniwill Shower Shoes Women with Arch Support Non-Slip Flip Flop Sandals for Public Shower Bathroom Pool Beach Quick Dry with Drain Holes,,4.8,$13.89,,,,,,https://www.amazon.com/Uniwill-Support-Non-Slip-Sandals-Bathroom/dp/B0GY4471BY/ref=zg_bsnr_g_679425011_d_sccl_25/146-5527514-8369931?psc=1,"https://images-na.ssl-images-amazon.com/images/I/71SL6HBtLiL._AC_UL600_SR600,400_.jpg",54,排名进入前30；标题包含 arch support、beach，符合美国女鞋舒适化趋势；评分达到4.6以上。
2026-07-12,amazon_us,product,search,women summer slippers,26,FITORY,¥143.71,4.2,FITORY,,,,,,https://www.amazon.com/FITORY-Sandals-Fashion-Leather-Slippers/dp/B0BN3GQFKN/ref=sr_1_13?dib=eyJ2IjoiMSJ9.Y94LRuRzTpDUUoPnonazDShog533qSh5BtsZ36kyWaSgEmFakffzYYKO-0CRZGGrScEETW0RXPPHJolNN0AEuMM84GxPqOhFdcwsrYI6t-4bta7t8lPq7T4onQSatwTRXngmgUQ1ecvqxC7s4N8r6lxWXF-9UvDUTSCi6LsVe5eksuqA0mD6yDEdpIQ9wm6N8r7QYeUFNjrxsAR9bbi2mjc1pdFtV-X4gz3SQ4MEQ9InjNfCqVSYuHltTjymBOYiUFmCXbhS7g-CiK2lrjw3gsc1jaX66o6x140f7wu6VgE.6MBBQEl3YXd0zV38jN5t_Gl1JsdiV9xNSRIgwogNY_Q&dib_tag=se&keywords=women+summer+slippers&qid=1783846589&sr=8-13,https://m.media-amazon.com/images/I/61cA2WpKDqL._AC_UL320_.jpg,54,排名进入前30；价格处于人民币等值¥57.60-¥180.00黄金区间；评分达到4.0以上。
2026-07-12,amazon_us,product,search,women slides,36,"Arch Support Slides Comfortable Beach Pool Slippers, Lightweight Indoor Outdoor Slide Shower Bathroom Sandals Quick Drying",¥71.93,4.0,"Price, product page $9.99 $ 9 . 99",,,,,,https://www.amazon.com/INUUINUU-Comfortable-Slippers-Lightweight-Bathroom/dp/B0GLGC8BGQ/ref=sr_1_24?dib=eyJ2IjoiMSJ9.XhkBKZHG2zQk6cEh69VAMFuDN1dI8ZG6rdDGQ25oFLzVxAoRna527TRt8FrWSvCiuCXzIGCP8YVWNcBUfz8er7O5L6o6EeCansJmorthjCCBxC1ScAyCSNH_J4JXZNx4hleXuMv02ox3Beo-N56wcoCSRMYZUFfxMTRxZ6L0BkJgyy3FqrXNY2rJey1IvC4laraAyMTkpI4FXLmdtSBnysxPJTDHijV0JaIfOb580otDbxSHGoK92curx8ucdSL10gnFZxVMDq6vIMMrbIQ-y6wy-CyqfI-iSTJCVIuvqZI.Wveg8iE7piq_Uv4p2FKpWiXMwUN-j5ZoKqc0g4Lx8ZI&dib_tag=se&keywords=women+slides&qid=1783846590&sr=8-24,https://m.media-amazon.com/images/I/71ao+6pV3pL._AC_UL320_.jpg,54,排名进入前50；价格处于人民币等值¥57.60-¥180.00黄金区间；标题包含 comfort、arch support、beach，符合美国女鞋舒适化趋势；评分达到4.0以上。
2026-07-12,amazon_us,product,search,platform sandals women,25,Erocalli,¥143.93,4.0,Erocalli,,,,,,https://www.amazon.com/Erocalli-Platform-Sandals-Espadrille-Comfortable/dp/B0H4GCQCMZ/ref=sr_1_12?dib=eyJ2IjoiMSJ9.Eno-3pT4ZhH3sPPabT7cSq_3HMv5ty4ndVUvrTXJmESKBlvhrHrpy8Va0-QCqdCJcpLE6xEiP1Qkski2dfwsrEouzCeVlkcMiH_Ll8APQJ1AD4Gw6WGY-gUMKmdz7DvFLSE1l3fiFvyYQEWGb5aTD23EfgLEFPdTgamJiB-_BsYwVFebuEXafXQcGKDHlhJSTV2gmNz6NmVeaYEnQsrBiWuOQU1MrvGJ92s6oBZD-Lv0zS3JYAwL0PwG06dtrTaBBBtOiec28gAqiaOpCBFmYfz9IQqkhzBHMkA0Dkq1Xlg.i8-6aD2sHRbWjgHo75_HHDlfODzEnuvcK6ep2i3Fmpc&dib_tag=se&keywords=platform+sandals+women&qid=1783846591&sr=8-12,https://m.media-amazon.com/images/I/81Z6XbIYInL._AC_UL320_.jpg,54,排名进入前30；价格处于人民币等值¥57.60-¥180.00黄金区间；评分达到4.0以上。
2026-07-12,amazon_us,product,best_sellers,Best Sellers Women Sandals,41,"CUSHIONAIRE Fame Pillow Recovery Sandals for Women, Adjustable Double Buckle Waterproof EVA Cloud Slides for Women",,4.4,$26.99,,,,,,https://www.amazon.com/CUSHIONAIRE-Double-Adjustable-Buckle-Shower/dp/B09CK8R425/ref=zg_bs_g_679425011_d_sccl_41/135-7791441-2461009?psc=1,"https://images-na.ssl-images-amazon.com/images/I/81w0A8kWZPL._AC_UL300_SR300,200_.jpg",53,排名进入前50；标题包含 cloud、recovery，符合美国女鞋舒适化趋势；cloud + slides组合趋势加分；评分达到4.3以上。
2026-07-12,amazon_us,product,best_sellers,Best Sellers Women Sandals,42,Project Cloud 100% Genuine Leather Platform Sandals Women Footwear - Wedge Chunky Slides for Women 2026 with Memory Foam Insole & Cork Footbed Womens Sandals (GreeceChunky),,4.2,$42.65,,,,,,https://www.amazon.com/Project-Cloud-Genuine-Platform-Footwear/dp/B0DNRTZXN9/ref=zg_bs_g_679425011_d_sccl_42/135-7791441-2461009?psc=1,"https://images-na.ssl-images-amazon.com/images/I/71-gfihl+zL._AC_UL300_SR300,200_.jpg",53,排名进入前50；标题包含 cloud、platform、wedge，符合美国女鞋舒适化趋势；cloud + slides组合趋势加分；评分达到4.0以上。
2026-07-12,amazon_us,product,search,platform sandals women,23,Project Cloud,¥395.28,4.3,Project Cloud,,,,,,https://www.amazon.com/Project-Cloud-Platform-Sandals-Footwear/dp/B0DR3K9KR4/ref=sr_1_10?dib=eyJ2IjoiMSJ9.Eno-3pT4ZhH3sPPabT7cSq_3HMv5ty4ndVUvrTXJmESKBlvhrHrpy8Va0-QCqdCJcpLE6xEiP1Qkski2dfwsrEouzCeVlkcMiH_Ll8APQJ1AD4Gw6WGY-gUMKmdz7DvFLSE1l3fiFvyYQEWGb5aTD23EfgLEFPdTgamJiB-_BsYwVFebuEXafXQcGKDHlhJSTV2gmNz6NmVeaYEnQsrBiWuOQU1MrvGJ92s6oBZD-Lv0zS3JYAwL0PwG06dtrTaBBBtOiec28gAqiaOpCBFmYfz9IQqkhzBHMkA0Dkq1Xlg.i8-6aD2sHRbWjgHo75_HHDlfODzEnuvcK6ep2i3Fmpc&dib_tag=se&keywords=platform+sandals+women&qid=1783846591&sr=8-10,https://m.media-amazon.com/images/I/71lJvDGljyL._AC_UL320_.jpg,53,排名进入前30；价格高于人民币等值¥288.00；标题包含 cloud，符合美国女鞋舒适化趋势；评分达到4.3以上。
2026-07-12,amazon_us,product,best_sellers,Best Sellers Women Sandals,9,CUSHIONAIRE Pool Slides for Women Water Resistant Double Buckle Adjustable Slip-On Womens Sandals for Beach Shower Casual Wear,,4.0,$44.99,,,,,,https://www.amazon.com/CUSHIONAIRE-Slides-Resistant-Adjustable-Sandals/dp/B0GXHKZW5C/ref=zg_bs_g_679425011_d_sccl_9/135-7791441-2461009?psc=1,"https://images-na.ssl-images-amazon.com/images/I/71NStLIJ8SL._AC_UL600_SR600,400_.jpg",52,排名靠前；标题包含 beach，符合美国女鞋舒适化趋势；评分达到4.0以上。
2026-07-12,amazon_us,product,new_releases,New Releases Women Sandals,1,CUSHIONAIRE Pool Slides for Women Water Resistant Double Buckle Adjustable Slip-On Womens Sandals for Beach Shower Casual Wear,,4.0,$44.99,,,,,,https://www.amazon.com/CUSHIONAIRE-Slides-Resistant-Adjustable-Sandals/dp/B0GXHKZW5C/ref=zg_bsnr_g_679425011_d_sccl_1/146-5527514-8369931?psc=1,"https://images-na.ssl-images-amazon.com/images/I/71NStLIJ8SL._AC_UL600_SR600,400_.jpg",52,排名靠前；标题包含 beach，符合美国女鞋舒适化趋势；评分达到4.0以上。
2026-07-12,amazon_us,product,search,women slides,19,Under Armour,¥206.35,4.3,Under Armour,,,,,,https://www.amazon.com/Under-Armour-Womens-Ignite-Slides/dp/B0F343Z28R/ref=sr_1_7?dib=eyJ2IjoiMSJ9.XhkBKZHG2zQk6cEh69VAMFuDN1dI8ZG6rdDGQ25oFLzVxAoRna527TRt8FrWSvCiuCXzIGCP8YVWNcBUfz8er7O5L6o6EeCansJmorthjCCBxC1ScAyCSNH_J4JXZNx4hleXuMv02ox3Beo-N56wcoCSRMYZUFfxMTRxZ6L0BkJgyy3FqrXNY2rJey1IvC4laraAyMTkpI4FXLmdtSBnysxPJTDHijV0JaIfOb580otDbxSHGoK92curx8ucdSL10gnFZxVMDq6vIMMrbIQ-y6wy-CyqfI-iSTJCVIuvqZI.Wveg8iE7piq_Uv4p2FKpWiXMwUN-j5ZoKqc0g4Lx8ZI&dib_tag=se&keywords=women+slides&qid=1783846590&sr=8-7,https://m.media-amazon.com/images/I/41S9a3VMv1L._AC_UL320_.jpg,52,排名进入前30；价格处于人民币等值¥180.00-¥288.00区间；评分达到4.3以上。
2026-07-12,amazon_us,product,search,women slides,23,adidas,¥215.93,4.5,adidas,,,,,,https://www.amazon.com/adidas-Unisex-Adilette-Sportswear-Sandal/dp/B0D224KWLQ/ref=sr_1_11?dib=eyJ2IjoiMSJ9.XhkBKZHG2zQk6cEh69VAMFuDN1dI8ZG6rdDGQ25oFLzVxAoRna527TRt8FrWSvCiuCXzIGCP8YVWNcBUfz8er7O5L6o6EeCansJmorthjCCBxC1ScAyCSNH_J4JXZNx4hleXuMv02ox3Beo-N56wcoCSRMYZUFfxMTRxZ6L0BkJgyy3FqrXNY2rJey1IvC4laraAyMTkpI4FXLmdtSBnysxPJTDHijV0JaIfOb580otDbxSHGoK92curx8ucdSL10gnFZxVMDq6vIMMrbIQ-y6wy-CyqfI-iSTJCVIuvqZI.Wveg8iE7piq_Uv4p2FKpWiXMwUN-j5ZoKqc0g4Lx8ZI&dib_tag=se&keywords=women+slides&qid=1783846590&sr=8-11,https://m.media-amazon.com/images/I/51EzGCn-OoL._AC_UL320_.jpg,52,排名进入前30；价格处于人民币等值¥180.00-¥288.00区间；评分达到4.3以上。
2026-07-12,amazon_us,product,search,women slides,27,Calvin Klein,¥204.19,4.5,Calvin Klein,,,,,,https://www.amazon.com/Calvin-Klein-Athens-Brown/dp/B091ZF5PQQ/ref=sr_1_15?dib=eyJ2IjoiMSJ9.XhkBKZHG2zQk6cEh69VAMFuDN1dI8ZG6rdDGQ25oFLzVxAoRna527TRt8FrWSvCiuCXzIGCP8YVWNcBUfz8er7O5L6o6EeCansJmorthjCCBxC1ScAyCSNH_J4JXZNx4hleXuMv02ox3Beo-N56wcoCSRMYZUFfxMTRxZ6L0BkJgyy3FqrXNY2rJey1IvC4laraAyMTkpI4FXLmdtSBnysxPJTDHijV0JaIfOb580otDbxSHGoK92curx8ucdSL10gnFZxVMDq6vIMMrbIQ-y6wy-CyqfI-iSTJCVIuvqZI.Wveg8iE7piq_Uv4p2FKpWiXMwUN-j5ZoKqc0g4Lx8ZI&dib_tag=se&keywords=women+slides&qid=1783846590&sr=8-15,https://m.media-amazon.com/images/I/71nyc3qEKeS._AC_UL320_.jpg,52,排名进入前30；价格处于人民币等值¥180.00-¥288.00区间；评分达到4.3以上。
2026-07-12,amazon_us,product,search,platform sandals women,20,Soda,¥215.06,4.5,Soda,,,,,,https://www.amazon.com/Soda-Buckle-Espadrilles-Flatform-Casual/dp/B0C5S26DHB/ref=sr_1_7?dib=eyJ2IjoiMSJ9.Eno-3pT4ZhH3sPPabT7cSq_3HMv5ty4ndVUvrTXJmESKBlvhrHrpy8Va0-QCqdCJcpLE6xEiP1Qkski2dfwsrEouzCeVlkcMiH_Ll8APQJ1AD4Gw6WGY-gUMKmdz7DvFLSE1l3fiFvyYQEWGb5aTD23EfgLEFPdTgamJiB-_BsYwVFebuEXafXQcGKDHlhJSTV2gmNz6NmVeaYEnQsrBiWuOQU1MrvGJ92s6oBZD-Lv0zS3JYAwL0PwG06dtrTaBBBtOiec28gAqiaOpCBFmYfz9IQqkhzBHMkA0Dkq1Xlg.i8-6aD2sHRbWjgHo75_HHDlfODzEnuvcK6ep2i3Fmpc&dib_tag=se&keywords=platform+sandals+women&qid=1783846591&sr=8-7,https://m.media-amazon.com/images/I/71q-Jp+UEkL._AC_UL320_.jpg,52,排名进入前30；价格处于人民币等值¥180.00-¥288.00区间；评分达到4.3以上。
2026-07-12,amazon_us,product,search,platform sandals women,27,DREAM PAIRS,¥194.33,4.3,DREAM PAIRS,,,,,,https://www.amazon.com/DREAM-PAIRS-Elastic-Flatform-Platform/dp/B08138FWSP/ref=sr_1_14?dib=eyJ2IjoiMSJ9.Eno-3pT4ZhH3sPPabT7cSq_3HMv5ty4ndVUvrTXJmESKBlvhrHrpy8Va0-QCqdCJcpLE6xEiP1Qkski2dfwsrEouzCeVlkcMiH_Ll8APQJ1AD4Gw6WGY-gUMKmdz7DvFLSE1l3fiFvyYQEWGb5aTD23EfgLEFPdTgamJiB-_BsYwVFebuEXafXQcGKDHlhJSTV2gmNz6NmVeaYEnQsrBiWuOQU1MrvGJ92s6oBZD-Lv0zS3JYAwL0PwG06dtrTaBBBtOiec28gAqiaOpCBFmYfz9IQqkhzBHMkA0Dkq1Xlg.i8-6aD2sHRbWjgHo75_HHDlfODzEnuvcK6ep2i3Fmpc&dib_tag=se&keywords=platform+sandals+women&qid=1783846591&sr=8-14,https://m.media-amazon.com/images/I/716T8wDzQRL._AC_UL320_.jpg,52,排名进入前30；价格处于人民币等值¥180.00-¥288.00区间；评分达到4.3以上。
2026-07-12,amazon_us,product,search,platform sandals women,30,VICKI·VICKI,¥286.78,4.4,VICKI·VICKI,,,,,,https://www.amazon.com/VICKI%C2%B7VICKI-Womens-Platform-Sandals-Wedge/dp/B08B4VCB7H/ref=sr_1_17?dib=eyJ2IjoiMSJ9.Eno-3pT4ZhH3sPPabT7cSq_3HMv5ty4ndVUvrTXJmESKBlvhrHrpy8Va0-QCqdCJcpLE6xEiP1Qkski2dfwsrEouzCeVlkcMiH_Ll8APQJ1AD4Gw6WGY-gUMKmdz7DvFLSE1l3fiFvyYQEWGb5aTD23EfgLEFPdTgamJiB-_BsYwVFebuEXafXQcGKDHlhJSTV2gmNz6NmVeaYEnQsrBiWuOQU1MrvGJ92s6oBZD-Lv0zS3JYAwL0PwG06dtrTaBBBtOiec28gAqiaOpCBFmYfz9IQqkhzBHMkA0Dkq1Xlg.i8-6aD2sHRbWjgHo75_HHDlfODzEnuvcK6ep2i3Fmpc&dib_tag=se&keywords=platform+sandals+women&qid=1783846591&sr=8-17,https://m.media-amazon.com/images/I/51Q0yOuTnXL._AC_UL320_.jpg,52,排名进入前30；价格处于人民币等值¥180.00-¥288.00区间；评分达到4.3以上。
2026-07-12,amazon_us,product,new_releases,New Releases Women Sandals,19,UBFEN Womens Flat Sandals Dress Braided T-Strap Thong Sandals with Arch Support Comfortable for Walking,,4.2,$29.98,,,,,,https://www.amazon.com/UBFEN-Sandals-Braided-T-Strap-Comfortable/dp/B0H13XBG29/ref=zg_bsnr_g_679425011_d_sccl_19/146-5527514-8369931?psc=1,"https://images-na.ssl-images-amazon.com/images/I/71Mt-T6UgsL._AC_UL600_SR600,400_.jpg",51,排名进入前30；标题包含 comfort、arch support，符合美国女鞋舒适化趋势；评分达到4.0以上。
2026-07-12,amazon_us,product,new_releases,New Releases Women Sandals,27,Noctivelle Women Kitten Heeled Sandals Waterproof Thong Flip Flops Memory Foam Comfort Insole Summer Quick Dry Casual Pool Beach Shoes,,4.1,$22.99,,,,,,https://www.amazon.com/Noctivelle-Women-Kitten-Heeled-Sandals/dp/B0H5BX7ZFP/ref=zg_bsnr_g_679425011_d_sccl_27/146-5527514-8369931?psc=1,"https://images-na.ssl-images-amazon.com/images/I/71O8VgpBC3L._AC_UL600_SR600,400_.jpg",51,排名进入前30；标题包含 comfort、beach、summer，符合美国女鞋舒适化趋势；评分达到4.0以上。
2026-07-12,amazon_us,product,search,platform sandals women,28,Project Cloud,¥291.38,4.2,Project Cloud,,,,,,https://www.amazon.com/Project-Cloud-Genuine-Platform-Footwear/dp/B0DNRXPSX5/ref=sr_1_15?dib=eyJ2IjoiMSJ9.Eno-3pT4ZhH3sPPabT7cSq_3HMv5ty4ndVUvrTXJmESKBlvhrHrpy8Va0-QCqdCJcpLE6xEiP1Qkski2dfwsrEouzCeVlkcMiH_Ll8APQJ1AD4Gw6WGY-gUMKmdz7DvFLSE1l3fiFvyYQEWGb5aTD23EfgLEFPdTgamJiB-_BsYwVFebuEXafXQcGKDHlhJSTV2gmNz6NmVeaYEnQsrBiWuOQU1MrvGJ92s6oBZD-Lv0zS3JYAwL0PwG06dtrTaBBBtOiec28gAqiaOpCBFmYfz9IQqkhzBHMkA0Dkq1Xlg.i8-6aD2sHRbWjgHo75_HHDlfODzEnuvcK6ep2i3Fmpc&dib_tag=se&keywords=platform+sandals+women&qid=1783846591&sr=8-15,https://m.media-amazon.com/images/I/71-gfihl+zL._AC_UL320_.jpg,50,排名进入前30；价格高于人民币等值¥288.00；标题包含 cloud，符合美国女鞋舒适化趋势；评分达到4.0以上。
2026-07-12,amazon_us,product,new_releases,New Releases Women Sandals,2,"CUSHIONAIRE Vita Jelly Sandals for Women, Casual Lightweight Womens Strappy Sandals with Adjustable Buckle Strap and Gold Hardware Accent",,4.0,$39.99,,,,,,https://www.amazon.com/CUSHIONAIRE-Sandals-Lightweight-Adjustable-Hardware/dp/B0H1Y94T1T/ref=zg_bsnr_g_679425011_d_sccl_2/146-5527514-8369931?psc=1,"https://images-na.ssl-images-amazon.com/images/I/81Uy6Bt6XaL._AC_UL600_SR600,400_.jpg",49,排名靠前；评分达到4.0以上。
2026-07-12,amazon_us,product,new_releases,New Releases Women Sandals,7,"CUSHIONAIRE Java Casual Womens Jelly Flats with Adjustable Strap, Closed Toe Mary Janes Mule Design, Waterproof Jelly Sandals for Women",,4.1,$34.98,,,,,,https://www.amazon.com/CUSHIONAIRE-Adjustable-Waterproof-Sandals-CHOCOLATE/dp/B0H4MLLC32/ref=zg_bsnr_g_679425011_d_sccl_7/146-5527514-8369931?psc=1,"https://images-na.ssl-images-amazon.com/images/I/81iCqxPUX6L._AC_UL600_SR600,400_.jpg",49,排名靠前；评分达到4.0以上。
2026-07-12,amazon_us,product,search,platform sandals women,29,Coutgo,¥287.93,4.0,Coutgo,,,,,,https://www.amazon.com/Coutgo-Womens-Platform-Sandals-Espadrilles/dp/B0DJVQ5L69/ref=sr_1_16?dib=eyJ2IjoiMSJ9.Eno-3pT4ZhH3sPPabT7cSq_3HMv5ty4ndVUvrTXJmESKBlvhrHrpy8Va0-QCqdCJcpLE6xEiP1Qkski2dfwsrEouzCeVlkcMiH_Ll8APQJ1AD4Gw6WGY-gUMKmdz7DvFLSE1l3fiFvyYQEWGb5aTD23EfgLEFPdTgamJiB-_BsYwVFebuEXafXQcGKDHlhJSTV2gmNz6NmVeaYEnQsrBiWuOQU1MrvGJ92s6oBZD-Lv0zS3JYAwL0PwG06dtrTaBBBtOiec28gAqiaOpCBFmYfz9IQqkhzBHMkA0Dkq1Xlg.i8-6aD2sHRbWjgHo75_HHDlfODzEnuvcK6ep2i3Fmpc&dib_tag=se&keywords=platform+sandals+women&qid=1783846591&sr=8-16,https://m.media-amazon.com/images/I/71969BHDGrL._AC_UL320_.jpg,49,排名进入前30；价格处于人民币等值¥180.00-¥288.00区间；评分达到4.0以上。
2026-07-12,amazon_us,product,best_sellers,Best Sellers Women Sandals,26,SKETOE Kitten Heels for Women Square Toe Sandals Flip Flop Heels Thong Sandals Comfortable Summer 2 Inch Heels Sandals,,4.2,$25.99,,,,,,https://www.amazon.com/SKETOE-Kitten-Square-Sandals-Comfortable/dp/B0F4QHKCDM/ref=zg_bs_g_679425011_d_sccl_26/135-7791441-2461009?psc=1,"https://images-na.ssl-images-amazon.com/images/I/61WGe4p1FWL._AC_UL600_SR600,400_.jpg",48,排名进入前30；标题包含 comfort、summer，符合美国女鞋舒适化趋势；评分达到4.0以上。
2026-07-12,amazon_us,product,new_releases,New Releases Women Sandals,15,"CUSHIONAIRE Lab Jelly Flats for Women, Closed Toe Slip On Lightweight Womens Mules with Woven Design and Cushioned Comfort",,4.4,$39.99,,,,,,https://www.amazon.com/CUSHIONAIRE-Lightweight-Cushioned-Comfort-CHOCOLATE/dp/B0GXLQJB8T/ref=zg_bsnr_g_679425011_d_sccl_15/146-5527514-8369931?psc=1,"https://images-na.ssl-images-amazon.com/images/I/81yCFR3A49L._AC_UL600_SR600,400_.jpg",48,排名进入前30；标题包含 comfort，符合美国女鞋舒适化趋势；评分达到4.3以上。
2026-07-12,amazon_us,product,new_releases,New Releases Women Sandals,17,BRONAX Jelly Slides Sandals for Women | Hollow Out Breathable Flats | Slip-on Summer Beach Shoes,,4.4,$19.98,,,,,,https://www.amazon.com/BRONAX-Jellies-Fashion-Non-Slip-Water-Resistant/dp/B0H148XJ7X/ref=zg_bsnr_g_679425011_d_sccl_17/146-5527514-8369931?psc=1,"https://images-na.ssl-images-amazon.com/images/I/81RV8Ju+i4L._AC_UL600_SR600,400_.jpg",48,排名进入前30；标题包含 beach、summer，符合美国女鞋舒适化趋势；评分达到4.3以上。
2026-07-12,amazon_us,product,new_releases,New Releases Women Sandals,21,Glamnest Women's Kitten Heel Sandals Square Open Toe Slip On Flip Flop Heels Comfortable 2 Inch Heeled Sandals Thong Party Dress Summer Travel Wedding,,4.2,$31.99,,,,,,https://www.amazon.com/Glamnest-Womens-Kitten-Comfortable-Wedding/dp/B0GLZ3BX3Q/ref=zg_bsnr_g_679425011_d_sccl_21/146-5527514-8369931?psc=1,"https://images-na.ssl-images-amazon.com/images/I/61TP1DPnvlL._AC_UL600_SR600,400_.jpg",48,排名进入前30；标题包含 comfort、summer，符合美国女鞋舒适化趋势；评分达到4.0以上。
2026-07-12,amazon_us,product,new_releases,New Releases Women Sandals,26,BRONAX Matte Jelly Flats for Women | Hollow Out Breathable Shoes | Slip-Resistant Summer Beach Sandals,,4.3,$19.98,,,,,,https://www.amazon.com/BRONAX-Breathable-Sandals-Non-Slip-Resistant/dp/B0H143Y3JC/ref=zg_bsnr_g_679425011_d_sccl_26/146-5527514-8369931?psc=1,"https://images-na.ssl-images-amazon.com/images/I/71oeImNByML._AC_UL600_SR600,400_.jpg",48,排名进入前30；标题包含 beach、summer，符合美国女鞋舒适化趋势；评分达到4.3以上。
2026-07-12,amazon_us,product,new_releases,New Releases Women Sandals,28,IDAWIVI Heeled Sandals for Women Low Block Chunky Heels Cutout Strap Square Open Toe Mule Sandals Casual Summer Slip On Slides,,4.6,$39.88,,,,,,https://www.amazon.com/IDAWIVI-Heeled-Sandals-Chunky-Cutout/dp/B0GRV4FY8K/ref=zg_bsnr_g_679425011_d_sccl_28/146-5527514-8369931?psc=1,"https://images-na.ssl-images-amazon.com/images/I/616J5sbTlUL._AC_UL600_SR600,400_.jpg",48,排名进入前30；标题包含 summer，符合美国女鞋舒适化趋势；评分达到4.6以上。
2026-07-12,amazon_us,product,new_releases,New Releases Women Sandals,30,"DREAM PAIRS Women's Kitten Low Heels with Square Open Toe Heeled Sandals, Comfortable Strappy Ankle Shoes for Women 2026 Fashion Dress Party Shoes",,4.3,$32.99,,,,,,https://www.amazon.com/DREAM-PAIRS-Sandals-Comfortable-SDHS26030W/dp/B0GY3QTZY6/ref=zg_bsnr_g_679425011_d_sccl_30/146-5527514-8369931?psc=1,"https://images-na.ssl-images-amazon.com/images/I/61n6gngVKOL._AC_UL600_SR600,400_.jpg",48,排名进入前30；标题包含 comfort，符合美国女鞋舒适化趋势；评分达到4.3以上。
2026-07-12,amazon_us,product,search,women slides,28,Nike,¥396.00,4.6,Nike,,,,,,https://www.amazon.com/Nike-Womens-Slides-Sandal-Sail-Sail/dp/B0F8RWJWPP/ref=sr_1_16?dib=eyJ2IjoiMSJ9.XhkBKZHG2zQk6cEh69VAMFuDN1dI8ZG6rdDGQ25oFLzVxAoRna527TRt8FrWSvCiuCXzIGCP8YVWNcBUfz8er7O5L6o6EeCansJmorthjCCBxC1ScAyCSNH_J4JXZNx4hleXuMv02ox3Beo-N56wcoCSRMYZUFfxMTRxZ6L0BkJgyy3FqrXNY2rJey1IvC4laraAyMTkpI4FXLmdtSBnysxPJTDHijV0JaIfOb580otDbxSHGoK92curx8ucdSL10gnFZxVMDq6vIMMrbIQ-y6wy-CyqfI-iSTJCVIuvqZI.Wveg8iE7piq_Uv4p2FKpWiXMwUN-j5ZoKqc0g4Lx8ZI&dib_tag=se&keywords=women+slides&qid=1783846590&sr=8-16,https://m.media-amazon.com/images/I/51cWuQbsCJL._AC_UL320_.jpg,48,排名进入前30；价格高于人民币等值¥288.00；评分达到4.6以上。
2026-07-12,amazon_us,product,new_releases,New Releases Women Sandals,33,RJYLP Jelly Sandals for Women Clear Sandals Jelly Shoes Women Kitten Heel Mules Open Toe Slide Pumps Dress Shoes Beach Summer Sandal Cute Comfortable,,5.0,$52.99,,,,,,https://www.amazon.com/RJYLP-Sandals-Kitten-Summer-Comfortable/dp/B0H3NPG132/ref=zg_bsnr_g_679425011_d_sccl_33/135-7791441-2461009?psc=1,"https://images-na.ssl-images-amazon.com/images/I/61SdeC7gxAL._AC_UL300_SR300,200_.jpg",47,排名进入前50；评论数达到50以上；标题包含 comfort、beach、summer，符合美国女鞋舒适化趋势；评分达到4.6以上。
2026-07-12,amazon_us,product,search,women summer slippers,31,"Women's Open Toe House Slippers – Breathable Waffle Fabric, Memory Foam Cushioning, Slip-On Summer Indoor Slippers, Non-Slip TPR Sole, Easy Care",¥64.15,4.2,50+ bought in past month,,,,,,https://www.amazon.com/Yoerpe-Womens-House-Slippers-Slip/dp/B0F8BKW8PC/ref=sr_1_18?dib=eyJ2IjoiMSJ9.Y94LRuRzTpDUUoPnonazDShog533qSh5BtsZ36kyWaSgEmFakffzYYKO-0CRZGGrScEETW0RXPPHJolNN0AEuMM84GxPqOhFdcwsrYI6t-4bta7t8lPq7T4onQSatwTRXngmgUQ1ecvqxC7s4N8r6lxWXF-9UvDUTSCi6LsVe5eksuqA0mD6yDEdpIQ9wm6N8r7QYeUFNjrxsAR9bbi2mjc1pdFtV-X4gz3SQ4MEQ9InjNfCqVSYuHltTjymBOYiUFmCXbhS7g-CiK2lrjw3gsc1jaX66o6x140f7wu6VgE.6MBBQEl3YXd0zV38jN5t_Gl1JsdiV9xNSRIgwogNY_Q&dib_tag=se&keywords=women+summer+slippers&qid=1783846589&sr=8-18,https://m.media-amazon.com/images/I/71-Cng0cSRL._AC_UL320_.jpg,47,排名进入前50；评论数达到50以上；价格处于人民币等值¥57.60-¥180.00黄金区间；标题包含 summer，符合美国女鞋舒适化趋势；评分达到4.0以上。
2026-07-12,amazon_us,product,best_sellers,Best Sellers Women Sandals,15,shevalues Slim Flip Flops for Women Beach Rubber Shower Shoes Basic Thong Sandals,,4.4,$8.54,,,,,,https://www.amazon.com/shevalues-Shower-Rubber-Sandals-Comfortable/dp/B0B68G2D52/ref=zg_bs_g_679425011_d_sccl_15/135-7791441-2461009?psc=1,"https://images-na.ssl-images-amazon.com/images/I/61X4Xy4XRFL._AC_UL600_SR600,400_.jpg",45,排名进入前30；标题包含 beach，符合美国女鞋舒适化趋势；评分达到4.3以上。
2026-07-12,amazon_us,product,best_sellers,Best Sellers Women Sandals,31,Project Cloud 100% Genuine Leather Sandals Women Dressy Beach Essentials Slides for Women Footwear - Lightweight with Memory Foam Insole Sandals for Women 2026 - Womens Slides,,4.1,$32.90,,,,,,https://www.amazon.com/Project-Cloud-Footwear-Lightweight-2026-Womens-MYKONOS-BLKMAT/dp/B0GRXYFPPM/ref=zg_bs_g_679425011_d_sccl_31/135-7791441-2461009?psc=1,"https://images-na.ssl-images-amazon.com/images/I/81ElQRAwSWL._AC_UL300_SR300,200_.jpg",45,排名进入前50；标题包含 cloud、beach，符合美国女鞋舒适化趋势；cloud + slides组合趋势加分；评分达到4.0以上。
2026-07-12,amazon_us,product,best_sellers,Best Sellers Women Sandals,46,ONCAI Women's Flip Flops Comfortable Summer Beach Thong Sandals for Women with Cushion Walking Arch Support Yoga Mat Indoor Outdoor Soles,,4.3,$12.63,,,,,,https://www.amazon.com/ONCAI-Non-Slip-Sandals-Slippers-Support/dp/B08V1BX1K1/ref=zg_bs_g_679425011_d_sccl_46/135-7791441-2461009?psc=1,"https://images-na.ssl-images-amazon.com/images/I/71YH+zZoNUL._AC_UL300_SR300,200_.jpg",45,排名进入前50；标题包含 comfort、arch support、beach、summer，符合美国女鞋舒适化趋势；评分达到4.3以上。
2026-07-12,amazon_us,product,new_releases,New Releases Women Sandals,13,"CUSHIONAIRE Mezzo Clear Strap Kitten Heels for Women, Square Toe Flip Flop Sandal Heels with Memory Foam Comfort",,4.2,$49.99,,,,,,https://www.amazon.com/CUSHIONAIRE-Kitten-Square-Sandal-Comfort/dp/B0GZHVBVS9/ref=zg_bsnr_g_679425011_d_sccl_13/146-5527514-8369931?psc=1,"https://images-na.ssl-images-amazon.com/images/I/71JZGKZQhEL._AC_UL600_SR600,400_.jpg",45,排名进入前30；标题包含 comfort，符合美国女鞋舒适化趋势；评分达到4.0以上。
2026-07-12,amazon_us,product,search,women summer slippers,34,GOEWY,¥136.73,4.9,GOEWY,,,,,,https://www.amazon.com/GOEWY-Slippers-Breathable-Birthday-Checkered/dp/B0GVYCBV2P/ref=sr_1_21?dib=eyJ2IjoiMSJ9.Y94LRuRzTpDUUoPnonazDShog533qSh5BtsZ36kyWaSgEmFakffzYYKO-0CRZGGrScEETW0RXPPHJolNN0AEuMM84GxPqOhFdcwsrYI6t-4bta7t8lPq7T4onQSatwTRXngmgUQ1ecvqxC7s4N8r6lxWXF-9UvDUTSCi6LsVe5eksuqA0mD6yDEdpIQ9wm6N8r7QYeUFNjrxsAR9bbi2mjc1pdFtV-X4gz3SQ4MEQ9InjNfCqVSYuHltTjymBOYiUFmCXbhS7g-CiK2lrjw3gsc1jaX66o6x140f7wu6VgE.6MBBQEl3YXd0zV38jN5t_Gl1JsdiV9xNSRIgwogNY_Q&dib_tag=se&keywords=women+summer+slippers&qid=1783846589&sr=8-21,https://m.media-amazon.com/images/I/71prwg4iI5L._AC_UL320_.jpg,45,排名进入前50；价格处于人民币等值¥57.60-¥180.00黄金区间；评分达到4.6以上。
2026-07-12,amazon_us,product,search,platform sandals women,17,REEF,¥356.11,4.4,REEF,,,,,,https://www.amazon.com/Reef-Sandals-Cushion-Platform-Natural/dp/B09TRZZP54/ref=sr_1_4?dib=eyJ2IjoiMSJ9.Eno-3pT4ZhH3sPPabT7cSq_3HMv5ty4ndVUvrTXJmESKBlvhrHrpy8Va0-QCqdCJcpLE6xEiP1Qkski2dfwsrEouzCeVlkcMiH_Ll8APQJ1AD4Gw6WGY-gUMKmdz7DvFLSE1l3fiFvyYQEWGb5aTD23EfgLEFPdTgamJiB-_BsYwVFebuEXafXQcGKDHlhJSTV2gmNz6NmVeaYEnQsrBiWuOQU1MrvGJ92s6oBZD-Lv0zS3JYAwL0PwG06dtrTaBBBtOiec28gAqiaOpCBFmYfz9IQqkhzBHMkA0Dkq1Xlg.i8-6aD2sHRbWjgHo75_HHDlfODzEnuvcK6ep2i3Fmpc&dib_tag=se&keywords=platform+sandals+women&qid=1783846591&sr=8-4,https://m.media-amazon.com/images/I/61Uv1VDRdFL._AC_UL320_.jpg,45,排名进入前30；价格高于人民币等值¥288.00；评分达到4.3以上。
2026-07-12,amazon_us,product,best_sellers,Best Sellers Women Sandals,38,"Reef Cushion Vista Hi Womens Platform Fashion Sandal, Arch Support, Ultra Soft Cushion Footbed",,4.4,$49.46,,,,,,https://www.amazon.com/Reef-Sandals-Cushion-Platform-Footbed/dp/B07WWTCM9T/ref=zg_bs_g_679425011_d_sccl_38/135-7791441-2461009?psc=1,"https://images-na.ssl-images-amazon.com/images/I/61Uv1VDRdFL._AC_UL300_SR300,200_.jpg",44,排名进入前50；标题包含 platform、arch support、soft，符合美国女鞋舒适化趋势；评分达到4.3以上。
2026-07-12,amazon_us,product,search,women summer slippers,27,CHGANG,¥53.21,4.1,CHGANG,,,,,,https://www.amazon.com/CHGANG-House-Slippers-Womens-Cotton/dp/B0G58LHD6Y/ref=sr_1_14?dib=eyJ2IjoiMSJ9.Y94LRuRzTpDUUoPnonazDShog533qSh5BtsZ36kyWaSgEmFakffzYYKO-0CRZGGrScEETW0RXPPHJolNN0AEuMM84GxPqOhFdcwsrYI6t-4bta7t8lPq7T4onQSatwTRXngmgUQ1ecvqxC7s4N8r6lxWXF-9UvDUTSCi6LsVe5eksuqA0mD6yDEdpIQ9wm6N8r7QYeUFNjrxsAR9bbi2mjc1pdFtV-X4gz3SQ4MEQ9InjNfCqVSYuHltTjymBOYiUFmCXbhS7g-CiK2lrjw3gsc1jaX66o6x140f7wu6VgE.6MBBQEl3YXd0zV38jN5t_Gl1JsdiV9xNSRIgwogNY_Q&dib_tag=se&keywords=women+summer+slippers&qid=1783846589&sr=8-14,https://m.media-amazon.com/images/I/71eCq66Oq9L._AC_UL320_.jpg,44,排名进入前30；价格低于人民币等值¥57.60；评分达到4.0以上。
2026-07-12,amazon_us,product,best_sellers,Best Sellers Women Sandals,12,Joomra Pillow Slippers for Women and Men Non Slip Quick Drying Shower Slides Bathroom Sandals | Ultra Cushion | Thick Sole,,4.3,$20.35,,,,,,https://www.amazon.com/Joomra-Slippers-Cushioned-Massage-Sandals/dp/B09653TC4H/ref=zg_bs_g_679425011_d_sccl_12/135-7791441-2461009?psc=1,"https://images-na.ssl-images-amazon.com/images/I/71pkhgTTRXL._AC_UL600_SR600,400_.jpg",42,排名进入前30；评分达到4.3以上。
2026-07-12,amazon_us,product,best_sellers,Best Sellers Women Sandals,14,WHITIN Slippers for Women Non Slip | Cushioned Thick Sole Slides | Quick Drying Bathroom Sandals,,4.3,$9.98,,,,,,https://www.amazon.com/WHITIN-Slippers-Sandals-Fashionable-Lightweight/dp/B0C1C3MKLF/ref=zg_bs_g_679425011_d_sccl_14/135-7791441-2461009?psc=1,"https://images-na.ssl-images-amazon.com/images/I/71nA8egRirL._AC_UL600_SR600,400_.jpg",42,排名进入前30；评分达到4.3以上。
2026-07-12,amazon_us,product,best_sellers,Best Sellers Women Sandals,39,KuaiLu Womens Casual Flip Flops with Comfortable Arch Support Yoga Mat Summer Beach Walking Thong Cushion Sandals Lightweight Flats Non-Slip Shoes Indoor Outdoor,,4.2,$23.98,,,,,,https://www.amazon.com/KuaiLu-Support-Comfortable-Cushion-Non-Slip/dp/B07C1YTWDF/ref=zg_bs_g_679425011_d_sccl_39/135-7791441-2461009?psc=1,"https://images-na.ssl-images-amazon.com/images/I/61TtgwlEaSL._AC_UL300_SR300,200_.jpg",42,排名进入前50；标题包含 comfort、arch support、beach、summer，符合美国女鞋舒适化趋势；评分达到4.0以上。
2026-07-12,amazon_us,product,new_releases,New Releases Women Sandals,24,iiimmu 3.5 IN Stiletto Mules High Heels with Pointed Peep Toe Heeled Sandals Faux Leather,,4.4,$49.99,,,,,,https://www.amazon.com/iiimmu-Open-Toe-Heels-Black/dp/B0GXFBYJYL/ref=zg_bsnr_g_679425011_d_sccl_24/146-5527514-8369931?psc=1,"https://images-na.ssl-images-amazon.com/images/I/71Yh8ITyR9L._AC_UL600_SR600,400_.jpg",42,排名进入前30；评分达到4.3以上。
2026-07-12,amazon_us,product,search,women summer slippers,32,IPSAE,¥71.93,4.4,IPSAE,,,,,,https://www.amazon.com/IPSAE-Slippers-Corduroy-Slipper-Bedroom/dp/B0DB4W73J3/ref=sr_1_19?dib=eyJ2IjoiMSJ9.Y94LRuRzTpDUUoPnonazDShog533qSh5BtsZ36kyWaSgEmFakffzYYKO-0CRZGGrScEETW0RXPPHJolNN0AEuMM84GxPqOhFdcwsrYI6t-4bta7t8lPq7T4onQSatwTRXngmgUQ1ecvqxC7s4N8r6lxWXF-9UvDUTSCi6LsVe5eksuqA0mD6yDEdpIQ9wm6N8r7QYeUFNjrxsAR9bbi2mjc1pdFtV-X4gz3SQ4MEQ9InjNfCqVSYuHltTjymBOYiUFmCXbhS7g-CiK2lrjw3gsc1jaX66o6x140f7wu6VgE.6MBBQEl3YXd0zV38jN5t_Gl1JsdiV9xNSRIgwogNY_Q&dib_tag=se&keywords=women+summer+slippers&qid=1783846589&sr=8-19,https://m.media-amazon.com/images/I/71GcxKVQLUL._AC_UL320_.jpg,42,排名进入前50；价格处于人民币等值¥57.60-¥180.00黄金区间；评分达到4.3以上。
2026-07-12,amazon_us,product,search,women summer slippers,35,mazeskin,¥100.73,4.3,mazeskin,,,,,,https://www.amazon.com/mazeskin-Womens-Comfortable-Sandals-Leather/dp/B0F32J6ZSF/ref=sr_1_22?dib=eyJ2IjoiMSJ9.Y94LRuRzTpDUUoPnonazDShog533qSh5BtsZ36kyWaSgEmFakffzYYKO-0CRZGGrScEETW0RXPPHJolNN0AEuMM84GxPqOhFdcwsrYI6t-4bta7t8lPq7T4onQSatwTRXngmgUQ1ecvqxC7s4N8r6lxWXF-9UvDUTSCi6LsVe5eksuqA0mD6yDEdpIQ9wm6N8r7QYeUFNjrxsAR9bbi2mjc1pdFtV-X4gz3SQ4MEQ9InjNfCqVSYuHltTjymBOYiUFmCXbhS7g-CiK2lrjw3gsc1jaX66o6x140f7wu6VgE.6MBBQEl3YXd0zV38jN5t_Gl1JsdiV9xNSRIgwogNY_Q&dib_tag=se&keywords=women+summer+slippers&qid=1783846589&sr=8-22,https://m.media-amazon.com/images/I/71jV8GHPNSL._AC_UL320_.jpg,42,排名进入前50；价格处于人民币等值¥57.60-¥180.00黄金区间；评分达到4.3以上。
2026-07-12,amazon_us,product,search,women summer slippers,38,RockDove,¥158.33,4.4,RockDove,,,,,,https://www.amazon.com/RockDove-Original-Two-Tone-Slipper-Eggplant/dp/B08RMXM2PR/ref=sr_1_25?dib=eyJ2IjoiMSJ9.Y94LRuRzTpDUUoPnonazDShog533qSh5BtsZ36kyWaSgEmFakffzYYKO-0CRZGGrScEETW0RXPPHJolNN0AEuMM84GxPqOhFdcwsrYI6t-4bta7t8lPq7T4onQSatwTRXngmgUQ1ecvqxC7s4N8r6lxWXF-9UvDUTSCi6LsVe5eksuqA0mD6yDEdpIQ9wm6N8r7QYeUFNjrxsAR9bbi2mjc1pdFtV-X4gz3SQ4MEQ9InjNfCqVSYuHltTjymBOYiUFmCXbhS7g-CiK2lrjw3gsc1jaX66o6x140f7wu6VgE.6MBBQEl3YXd0zV38jN5t_Gl1JsdiV9xNSRIgwogNY_Q&dib_tag=se&keywords=women+summer+slippers&qid=1783846589&sr=8-25,https://m.media-amazon.com/images/I/81Xsn-EWKyL._AC_UL320_.jpg,42,排名进入前50；价格处于人民币等值¥57.60-¥180.00黄金区间；评分达到4.3以上。
2026-07-12,amazon_us,product,search,women summer slippers,44,Scurtain,¥86.33,4.3,Scurtain,,,,,,https://www.amazon.com/Summer-Slippers-Shower-Travel-Rubber/dp/B0CPXMZLHM/ref=sr_1_31?dib=eyJ2IjoiMSJ9.Y94LRuRzTpDUUoPnonazDShog533qSh5BtsZ36kyWaSgEmFakffzYYKO-0CRZGGrScEETW0RXPPHJolNN0AEuMM84GxPqOhFdcwsrYI6t-4bta7t8lPq7T4onQSatwTRXngmgUQ1ecvqxC7s4N8r6lxWXF-9UvDUTSCi6LsVe5eksuqA0mD6yDEdpIQ9wm6N8r7QYeUFNjrxsAR9bbi2mjc1pdFtV-X4gz3SQ4MEQ9InjNfCqVSYuHltTjymBOYiUFmCXbhS7g-CiK2lrjw3gsc1jaX66o6x140f7wu6VgE.6MBBQEl3YXd0zV38jN5t_Gl1JsdiV9xNSRIgwogNY_Q&dib_tag=se&keywords=women+summer+slippers&qid=1783846589&sr=8-31,https://m.media-amazon.com/images/I/81+JWdhjj5L._AC_UL320_.jpg,42,排名进入前50；价格处于人民币等值¥57.60-¥180.00黄金区间；评分达到4.3以上。
2026-07-12,amazon_us,product,search,women summer slippers,49,KIDMI,¥143.86,4.4,KIDMI,,,,,,https://www.amazon.com/KIDMI-Womens-Comfortable-Walking-Sandals/dp/B0FC28GT31/ref=sr_1_36?dib=eyJ2IjoiMSJ9.Y94LRuRzTpDUUoPnonazDShog533qSh5BtsZ36kyWaSgEmFakffzYYKO-0CRZGGrScEETW0RXPPHJolNN0AEuMM84GxPqOhFdcwsrYI6t-4bta7t8lPq7T4onQSatwTRXngmgUQ1ecvqxC7s4N8r6lxWXF-9UvDUTSCi6LsVe5eksuqA0mD6yDEdpIQ9wm6N8r7QYeUFNjrxsAR9bbi2mjc1pdFtV-X4gz3SQ4MEQ9InjNfCqVSYuHltTjymBOYiUFmCXbhS7g-CiK2lrjw3gsc1jaX66o6x140f7wu6VgE.6MBBQEl3YXd0zV38jN5t_Gl1JsdiV9xNSRIgwogNY_Q&dib_tag=se&keywords=women+summer+slippers&qid=1783846589&sr=8-36,https://m.media-amazon.com/images/I/71ZQBGX7l8L._AC_UL320_.jpg,42,排名进入前50；价格处于人民币等值¥57.60-¥180.00黄金区间；评分达到4.3以上。
2026-07-12,amazon_us,product,search,women slides,39,mazeskin,¥71.93,4.3,mazeskin,,,,,,https://www.amazon.com/mazeskin-Womens-Comfortable-Sandals-Leather/dp/B0F32KMZ18/ref=sr_1_27?dib=eyJ2IjoiMSJ9.XhkBKZHG2zQk6cEh69VAMFuDN1dI8ZG6rdDGQ25oFLzVxAoRna527TRt8FrWSvCiuCXzIGCP8YVWNcBUfz8er7O5L6o6EeCansJmorthjCCBxC1ScAyCSNH_J4JXZNx4hleXuMv02ox3Beo-N56wcoCSRMYZUFfxMTRxZ6L0BkJgyy3FqrXNY2rJey1IvC4laraAyMTkpI4FXLmdtSBnysxPJTDHijV0JaIfOb580otDbxSHGoK92curx8ucdSL10gnFZxVMDq6vIMMrbIQ-y6wy-CyqfI-iSTJCVIuvqZI.Wveg8iE7piq_Uv4p2FKpWiXMwUN-j5ZoKqc0g4Lx8ZI&dib_tag=se&keywords=women+slides&qid=1783846590&sr=8-27,https://m.media-amazon.com/images/I/71jV8GHPNSL._AC_UL320_.jpg,42,排名进入前50；价格处于人民币等值¥57.60-¥180.00黄金区间；评分达到4.3以上。
2026-07-12,amazon_us,product,search,women slides,43,adidas,¥112.25,4.4,adidas,,,,,,https://www.amazon.com/adidas-Unisex-Adilette-Shower-Metallic/dp/B0DF12B7P4/ref=sr_1_31?dib=eyJ2IjoiMSJ9.XhkBKZHG2zQk6cEh69VAMFuDN1dI8ZG6rdDGQ25oFLzVxAoRna527TRt8FrWSvCiuCXzIGCP8YVWNcBUfz8er7O5L6o6EeCansJmorthjCCBxC1ScAyCSNH_J4JXZNx4hleXuMv02ox3Beo-N56wcoCSRMYZUFfxMTRxZ6L0BkJgyy3FqrXNY2rJey1IvC4laraAyMTkpI4FXLmdtSBnysxPJTDHijV0JaIfOb580otDbxSHGoK92curx8ucdSL10gnFZxVMDq6vIMMrbIQ-y6wy-CyqfI-iSTJCVIuvqZI.Wveg8iE7piq_Uv4p2FKpWiXMwUN-j5ZoKqc0g4Lx8ZI&dib_tag=se&keywords=women+slides&qid=1783846590&sr=8-31,https://m.media-amazon.com/images/I/61mi711hnuL._AC_UL320_.jpg,42,排名进入前50；价格处于人民币等值¥57.60-¥180.00黄金区间；评分达到4.3以上。
2026-07-12,amazon_us,product,search,women slides,47,Happy Lily,¥64.73,4.3,Happy Lily,,,,,,https://www.amazon.com/Slippers-Non-Slip-Shower-Sandals-Bathroom/dp/B01LYNR9VM/ref=sr_1_35?dib=eyJ2IjoiMSJ9.XhkBKZHG2zQk6cEh69VAMFuDN1dI8ZG6rdDGQ25oFLzVxAoRna527TRt8FrWSvCiuCXzIGCP8YVWNcBUfz8er7O5L6o6EeCansJmorthjCCBxC1ScAyCSNH_J4JXZNx4hleXuMv02ox3Beo-N56wcoCSRMYZUFfxMTRxZ6L0BkJgyy3FqrXNY2rJey1IvC4laraAyMTkpI4FXLmdtSBnysxPJTDHijV0JaIfOb580otDbxSHGoK92curx8ucdSL10gnFZxVMDq6vIMMrbIQ-y6wy-CyqfI-iSTJCVIuvqZI.Wveg8iE7piq_Uv4p2FKpWiXMwUN-j5ZoKqc0g4Lx8ZI&dib_tag=se&keywords=women+slides&qid=1783846590&sr=8-35,https://m.media-amazon.com/images/I/81oTjdeU9ZL._AC_UL320_.jpg,42,排名进入前50；价格处于人民币等值¥57.60-¥180.00黄金区间；评分达到4.3以上。
2026-07-12,amazon_us,product,search,women slides,50,EverFoams,¥136.66,4.5,EverFoams,,,,,,https://www.amazon.com/EverFoams-Womens-Slippers-Memory-Outdoor/dp/B0CLGNYKFR/ref=sr_1_38?dib=eyJ2IjoiMSJ9.XhkBKZHG2zQk6cEh69VAMFuDN1dI8ZG6rdDGQ25oFLzVxAoRna527TRt8FrWSvCiuCXzIGCP8YVWNcBUfz8er7O5L6o6EeCansJmorthjCCBxC1ScAyCSNH_J4JXZNx4hleXuMv02ox3Beo-N56wcoCSRMYZUFfxMTRxZ6L0BkJgyy3FqrXNY2rJey1IvC4laraAyMTkpI4FXLmdtSBnysxPJTDHijV0JaIfOb580otDbxSHGoK92curx8ucdSL10gnFZxVMDq6vIMMrbIQ-y6wy-CyqfI-iSTJCVIuvqZI.Wveg8iE7piq_Uv4p2FKpWiXMwUN-j5ZoKqc0g4Lx8ZI&dib_tag=se&keywords=women+slides&qid=1783846590&sr=8-38,https://m.media-amazon.com/images/I/81rGYT3pkaL._AC_UL320_.jpg,42,排名进入前50；价格处于人民币等值¥57.60-¥180.00黄金区间；评分达到4.3以上。
2026-07-12,amazon_us,product,new_releases,New Releases Women Sandals,18,"CUSHIONAIRE Caper Jelly Sandals for Women, Comfortable Womens Slides with Cushioned Footbed and Wide Widths Available",,3.6,$39.99,,,,,,https://www.amazon.com/CUSHIONAIRE-Sandals-Comfortable-Cushioned-Available/dp/B0GXKC2VLN/ref=zg_bsnr_g_679425011_d_sccl_18/146-5527514-8369931?psc=1,"https://images-na.ssl-images-amazon.com/images/I/71jXtJ3qqEL._AC_UL600_SR600,400_.jpg",41,排名进入前30；标题包含 comfort，符合美国女鞋舒适化趋势。
2026-07-12,amazon_us,product,search,platform sandals women,32,UBFEN,¥287.86,4.7,UBFEN,,,,,,https://www.amazon.com/UBFEN-Womens-Espadrille-Platform-Sandals/dp/B0G6YZGM42/ref=sr_1_19?dib=eyJ2IjoiMSJ9.Eno-3pT4ZhH3sPPabT7cSq_3HMv5ty4ndVUvrTXJmESKBlvhrHrpy8Va0-QCqdCJcpLE6xEiP1Qkski2dfwsrEouzCeVlkcMiH_Ll8APQJ1AD4Gw6WGY-gUMKmdz7DvFLSE1l3fiFvyYQEWGb5aTD23EfgLEFPdTgamJiB-_BsYwVFebuEXafXQcGKDHlhJSTV2gmNz6NmVeaYEnQsrBiWuOQU1MrvGJ92s6oBZD-Lv0zS3JYAwL0PwG06dtrTaBBBtOiec28gAqiaOpCBFmYfz9IQqkhzBHMkA0Dkq1Xlg.i8-6aD2sHRbWjgHo75_HHDlfODzEnuvcK6ep2i3Fmpc&dib_tag=se&keywords=platform+sandals+women&qid=1783846591&sr=8-19,https://m.media-amazon.com/images/I/71hqwCz4-2L._AC_UL320_.jpg,40,排名进入前50；价格处于人民币等值¥180.00-¥288.00区间；评分达到4.6以上。
2026-07-12,amazon_us,product,best_sellers,Best Sellers Women Sandals,21,LULLASONG Women's Kitten Heels Sandals Square Open Toe Flip Flop Heels 1.8-2 Inch Heeled Sandals for Women,,4.2,$35.99,,,,,,https://www.amazon.com/LULLASONG-Womens-Kitten-Sandals-Square/dp/B0DCFSM597/ref=zg_bs_g_679425011_d_sccl_21/135-7791441-2461009?psc=1,"https://images-na.ssl-images-amazon.com/images/I/61aVZl7OhqL._AC_UL600_SR600,400_.jpg",39,排名进入前30；评分达到4.0以上。
2026-07-12,amazon_us,product,best_sellers,Best Sellers Women Sandals,24,"CUSHIONAIRE Vita Jelly Sandals for Women, Casual Lightweight Womens Strappy Sandals with Adjustable Buckle Strap and Gold Hardware Accent",,4.0,$39.99,,,,,,https://www.amazon.com/CUSHIONAIRE-Sandals-Lightweight-Adjustable-Hardware/dp/B0H1Y94T1T/ref=zg_bs_g_679425011_d_sccl_24/135-7791441-2461009?psc=1,"https://images-na.ssl-images-amazon.com/images/I/81Uy6Bt6XaL._AC_UL600_SR600,400_.jpg",39,排名进入前30；评分达到4.0以上。
2026-07-12,amazon_us,product,best_sellers,Best Sellers Women Sandals,27,Havaianas Women's Slim Square Solid Flip Flops,,4.2,$32.00,,,,,,https://www.amazon.com/Havaianas-Womens-Square-Solid-Medium/dp/B0BBPX6J6F/ref=zg_bs_g_679425011_d_sccl_27/135-7791441-2461009?psc=1,"https://images-na.ssl-images-amazon.com/images/I/519tF5UFGFL._AC_UL600_SR600,400_.jpg",39,排名进入前30；评分达到4.0以上。
2026-07-12,amazon_us,product,best_sellers,Best Sellers Women Sandals,35,COFACE Womens Fashion Orthotic Flip Flops Ladies Slip On Lightweight Athletic Yoga Mat Cushion Thong Sandals With Comfortable Plantar Fasciitis Arch Support,,4.4,$24.69,,,,,,https://www.amazon.com/COFACE-FlipFlops-Comfortable-Fasciitis-Fantastic/dp/B0BL74DGYW/ref=zg_bs_g_679425011_d_sccl_35/135-7791441-2461009?psc=1,"https://images-na.ssl-images-amazon.com/images/I/61N4A12WSZL._AC_UL300_SR300,200_.jpg",39,排名进入前50；标题包含 comfort、arch support，符合美国女鞋舒适化趋势；评分达到4.3以上。
2026-07-12,amazon_us,product,best_sellers,Best Sellers Women Sandals,36,Muboliy Women's Original Sandals Comfortable Quick-Drying Casual Sport Sandal Walking Hiking Water Sandals With Arch Support,,4.4,$19.99,,,,,,https://www.amazon.com/Original-Sandals-Support-Outdoor-Light-Weight/dp/B08Z2S9RTZ/ref=zg_bs_g_679425011_d_sccl_36/135-7791441-2461009?psc=1,"https://images-na.ssl-images-amazon.com/images/I/71stfT8jseL._AC_UL300_SR300,200_.jpg",39,排名进入前50；标题包含 comfort、arch support，符合美国女鞋舒适化趋势；评分达到4.3以上。
2026-07-12,amazon_us,product,new_releases,New Releases Women Sandals,14,"CUSHIONAIRE Shana Clear Jelly Strap Heels for Women, Flared Kitten Heel Slide with Cushioned Footbed and Split Toe",,4.2,$49.98,,,,,,https://www.amazon.com/CUSHIONAIRE-Flared-Cushioned-Footbed-TORTOISE/dp/B0H2FK577R/ref=zg_bsnr_g_679425011_d_sccl_14/146-5527514-8369931?psc=1,"https://images-na.ssl-images-amazon.com/images/I/71YZfL+oAFL._AC_UL600_SR600,400_.jpg",39,排名进入前30；评分达到4.0以上。
2026-07-12,amazon_us,product,new_releases,New Releases Women Sandals,16,"CUSHIONAIRE Tory Strappy Flat Sandals for Women, Toe Ring Sandals with Adjustable Buckle Ankle Strap, Wrap Style",,4.1,$39.98,,,,,,https://www.amazon.com/CUSHIONAIRE-Strappy-Sandals-Adjustable-Buckle/dp/B0H42DFYZ8/ref=zg_bsnr_g_679425011_d_sccl_16/146-5527514-8369931?psc=1,"https://images-na.ssl-images-amazon.com/images/I/81hP4YBoUmL._AC_UL600_SR600,400_.jpg",39,排名进入前30；评分达到4.0以上。
2026-07-12,amazon_us,product,new_releases,New Releases Women Sandals,32,IDIFU Flat Sandals for Women Dressy Comfortable Summer Beach Cute Vacation Slip On Slides Open Round Toe Cute Casual Fashion Sandals,,4.4,$15.99,,,,,,https://www.amazon.com/IDIFU-Sandals-Comfortable-Vacation-Fashion/dp/B0GXT7RYP9/ref=zg_bsnr_g_679425011_d_sccl_32/135-7791441-2461009?psc=1,"https://images-na.ssl-images-amazon.com/images/I/71x0TMUyuWL._AC_UL300_SR300,200_.jpg",39,排名进入前50；标题包含 comfort、beach、summer，符合美国女鞋舒适化趋势；评分达到4.3以上。
2026-07-12,amazon_us,product,search,women summer slippers,33,Dokela,¥71.93,4.2,Dokela,,,,,,https://www.amazon.com/Dokela-Womens-Slippers-Breathable-Indoor/dp/B0GLH28M2B/ref=sr_1_20?dib=eyJ2IjoiMSJ9.Y94LRuRzTpDUUoPnonazDShog533qSh5BtsZ36kyWaSgEmFakffzYYKO-0CRZGGrScEETW0RXPPHJolNN0AEuMM84GxPqOhFdcwsrYI6t-4bta7t8lPq7T4onQSatwTRXngmgUQ1ecvqxC7s4N8r6lxWXF-9UvDUTSCi6LsVe5eksuqA0mD6yDEdpIQ9wm6N8r7QYeUFNjrxsAR9bbi2mjc1pdFtV-X4gz3SQ4MEQ9InjNfCqVSYuHltTjymBOYiUFmCXbhS7g-CiK2lrjw3gsc1jaX66o6x140f7wu6VgE.6MBBQEl3YXd0zV38jN5t_Gl1JsdiV9xNSRIgwogNY_Q&dib_tag=se&keywords=women+summer+slippers&qid=1783846589&sr=8-20,https://m.media-amazon.com/images/I/81r1tSkHqHL._AC_UL320_.jpg,39,排名进入前50；价格处于人民币等值¥57.60-¥180.00黄金区间；评分达到4.0以上。
2026-07-12,amazon_us,product,search,women summer slippers,39,COCOMUSE,¥115.13,4.1,COCOMUSE,,,,,,https://www.amazon.com/Ultralight-Indoor-Cotton-Slippers-Absorb/dp/B09MRPHBLH/ref=sr_1_26?dib=eyJ2IjoiMSJ9.Y94LRuRzTpDUUoPnonazDShog533qSh5BtsZ36kyWaSgEmFakffzYYKO-0CRZGGrScEETW0RXPPHJolNN0AEuMM84GxPqOhFdcwsrYI6t-4bta7t8lPq7T4onQSatwTRXngmgUQ1ecvqxC7s4N8r6lxWXF-9UvDUTSCi6LsVe5eksuqA0mD6yDEdpIQ9wm6N8r7QYeUFNjrxsAR9bbi2mjc1pdFtV-X4gz3SQ4MEQ9InjNfCqVSYuHltTjymBOYiUFmCXbhS7g-CiK2lrjw3gsc1jaX66o6x140f7wu6VgE.6MBBQEl3YXd0zV38jN5t_Gl1JsdiV9xNSRIgwogNY_Q&dib_tag=se&keywords=women+summer+slippers&qid=1783846589&sr=8-26,https://m.media-amazon.com/images/I/81ABK4anM-L._AC_UL320_.jpg,39,排名进入前50；价格处于人民币等值¥57.60-¥180.00黄金区间；评分达到4.0以上。
2026-07-12,amazon_us,product,search,women summer slippers,41,KuaiLu,¥166.18,4.2,KuaiLu,,,,,,https://www.amazon.com/KuaiLu-Comfortable-Walking-Plantar-Fasciitis/dp/B0BN3DW8ZP/ref=sr_1_28?dib=eyJ2IjoiMSJ9.Y94LRuRzTpDUUoPnonazDShog533qSh5BtsZ36kyWaSgEmFakffzYYKO-0CRZGGrScEETW0RXPPHJolNN0AEuMM84GxPqOhFdcwsrYI6t-4bta7t8lPq7T4onQSatwTRXngmgUQ1ecvqxC7s4N8r6lxWXF-9UvDUTSCi6LsVe5eksuqA0mD6yDEdpIQ9wm6N8r7QYeUFNjrxsAR9bbi2mjc1pdFtV-X4gz3SQ4MEQ9InjNfCqVSYuHltTjymBOYiUFmCXbhS7g-CiK2lrjw3gsc1jaX66o6x140f7wu6VgE.6MBBQEl3YXd0zV38jN5t_Gl1JsdiV9xNSRIgwogNY_Q&dib_tag=se&keywords=women+summer+slippers&qid=1783846589&sr=8-28,https://m.media-amazon.com/images/I/61Qb8hEa+tL._AC_UL320_.jpg,39,排名进入前50；价格处于人民币等值¥57.60-¥180.00黄金区间；评分达到4.0以上。
2026-07-12,amazon_us,product,search,women summer slippers,42,FRALOSHA,¥85.39,4.2,FRALOSHA,,,,,,https://www.amazon.com/FRALOSHA-Slippers-Breathable-Outdoor-Sandals/dp/B07FSG6P3M/ref=sr_1_29?dib=eyJ2IjoiMSJ9.Y94LRuRzTpDUUoPnonazDShog533qSh5BtsZ36kyWaSgEmFakffzYYKO-0CRZGGrScEETW0RXPPHJolNN0AEuMM84GxPqOhFdcwsrYI6t-4bta7t8lPq7T4onQSatwTRXngmgUQ1ecvqxC7s4N8r6lxWXF-9UvDUTSCi6LsVe5eksuqA0mD6yDEdpIQ9wm6N8r7QYeUFNjrxsAR9bbi2mjc1pdFtV-X4gz3SQ4MEQ9InjNfCqVSYuHltTjymBOYiUFmCXbhS7g-CiK2lrjw3gsc1jaX66o6x140f7wu6VgE.6MBBQEl3YXd0zV38jN5t_Gl1JsdiV9xNSRIgwogNY_Q&dib_tag=se&keywords=women+summer+slippers&qid=1783846589&sr=8-29,https://m.media-amazon.com/images/I/810Hfh0qwIL._AC_UL320_.jpg,39,排名进入前50；价格处于人民币等值¥57.60-¥180.00黄金区间；评分达到4.0以上。
2026-07-12,amazon_us,product,search,women summer slippers,47,Wishcotton,¥119.45,4.2,Wishcotton,,,,,,https://www.amazon.com/Wishcotton-Womens-Jersey-Slippers-Womans/dp/B079QKNRHJ/ref=sr_1_34?dib=eyJ2IjoiMSJ9.Y94LRuRzTpDUUoPnonazDShog533qSh5BtsZ36kyWaSgEmFakffzYYKO-0CRZGGrScEETW0RXPPHJolNN0AEuMM84GxPqOhFdcwsrYI6t-4bta7t8lPq7T4onQSatwTRXngmgUQ1ecvqxC7s4N8r6lxWXF-9UvDUTSCi6LsVe5eksuqA0mD6yDEdpIQ9wm6N8r7QYeUFNjrxsAR9bbi2mjc1pdFtV-X4gz3SQ4MEQ9InjNfCqVSYuHltTjymBOYiUFmCXbhS7g-CiK2lrjw3gsc1jaX66o6x140f7wu6VgE.6MBBQEl3YXd0zV38jN5t_Gl1JsdiV9xNSRIgwogNY_Q&dib_tag=se&keywords=women+summer+slippers&qid=1783846589&sr=8-34,https://m.media-amazon.com/images/I/71WcFznX60L._AC_UL320_.jpg,39,排名进入前50；价格处于人民币等值¥57.60-¥180.00黄金区间；评分达到4.0以上。
2026-07-12,amazon_us,product,search,women slides,41,FUNKYMONKEY,¥136.73,4.1,FUNKYMONKEY,,,,,,https://www.amazon.com/FUNKYMONKEY-Comfort-Adjustable-Sandals-US-Women/dp/B07CV9YZBB/ref=sr_1_29?dib=eyJ2IjoiMSJ9.XhkBKZHG2zQk6cEh69VAMFuDN1dI8ZG6rdDGQ25oFLzVxAoRna527TRt8FrWSvCiuCXzIGCP8YVWNcBUfz8er7O5L6o6EeCansJmorthjCCBxC1ScAyCSNH_J4JXZNx4hleXuMv02ox3Beo-N56wcoCSRMYZUFfxMTRxZ6L0BkJgyy3FqrXNY2rJey1IvC4laraAyMTkpI4FXLmdtSBnysxPJTDHijV0JaIfOb580otDbxSHGoK92curx8ucdSL10gnFZxVMDq6vIMMrbIQ-y6wy-CyqfI-iSTJCVIuvqZI.Wveg8iE7piq_Uv4p2FKpWiXMwUN-j5ZoKqc0g4Lx8ZI&dib_tag=se&keywords=women+slides&qid=1783846590&sr=8-29,https://m.media-amazon.com/images/I/51o3wxcasIL._AC_UL320_.jpg,39,排名进入前50；价格处于人民币等值¥57.60-¥180.00黄金区间；评分达到4.0以上。
2026-07-12,amazon_us,product,best_sellers,Best Sellers Women Sandals,18,"CUSHIONAIRE Splash Jelly Flip Flops for Women With Flexible Sole, Glossy Jelly Finish Summer Sandals for Women",,3.8,$29.99,,,,,,https://www.amazon.com/CUSHIONAIRE-Flexible-Footbed-Sandals-WHISKEY/dp/B0FCZFSVZD/ref=zg_bs_g_679425011_d_sccl_18/135-7791441-2461009?psc=1,"https://images-na.ssl-images-amazon.com/images/I/71jSCW+w9gL._AC_UL600_SR600,400_.jpg",38,排名进入前30；标题包含 summer，符合美国女鞋舒适化趋势。
2026-07-12,amazon_us,product,search,women summer slippers,43,FITORY,¥196.27,4.3,FITORY,,,,,,https://www.amazon.com/FITORY-Sandals-Fashion-Leather-Slippers/dp/B0CM5N7R34/ref=sr_1_30?dib=eyJ2IjoiMSJ9.Y94LRuRzTpDUUoPnonazDShog533qSh5BtsZ36kyWaSgEmFakffzYYKO-0CRZGGrScEETW0RXPPHJolNN0AEuMM84GxPqOhFdcwsrYI6t-4bta7t8lPq7T4onQSatwTRXngmgUQ1ecvqxC7s4N8r6lxWXF-9UvDUTSCi6LsVe5eksuqA0mD6yDEdpIQ9wm6N8r7QYeUFNjrxsAR9bbi2mjc1pdFtV-X4gz3SQ4MEQ9InjNfCqVSYuHltTjymBOYiUFmCXbhS7g-CiK2lrjw3gsc1jaX66o6x140f7wu6VgE.6MBBQEl3YXd0zV38jN5t_Gl1JsdiV9xNSRIgwogNY_Q&dib_tag=se&keywords=women+summer+slippers&qid=1783846589&sr=8-30,https://m.media-amazon.com/images/I/71fgVPQ6SpL._AC_UL320_.jpg,37,排名进入前50；价格处于人民币等值¥180.00-¥288.00区间；评分达到4.3以上。
2026-07-12,amazon_us,product,search,women slides,35,REEF,¥259.20,4.4,REEF,,,,,,https://www.amazon.com/Reef-Womens-Water-Scout-Sandal/dp/B0CCG16XG8/ref=sr_1_23?dib=eyJ2IjoiMSJ9.XhkBKZHG2zQk6cEh69VAMFuDN1dI8ZG6rdDGQ25oFLzVxAoRna527TRt8FrWSvCiuCXzIGCP8YVWNcBUfz8er7O5L6o6EeCansJmorthjCCBxC1ScAyCSNH_J4JXZNx4hleXuMv02ox3Beo-N56wcoCSRMYZUFfxMTRxZ6L0BkJgyy3FqrXNY2rJey1IvC4laraAyMTkpI4FXLmdtSBnysxPJTDHijV0JaIfOb580otDbxSHGoK92curx8ucdSL10gnFZxVMDq6vIMMrbIQ-y6wy-CyqfI-iSTJCVIuvqZI.Wveg8iE7piq_Uv4p2FKpWiXMwUN-j5ZoKqc0g4Lx8ZI&dib_tag=se&keywords=women+slides&qid=1783846590&sr=8-23,https://m.media-amazon.com/images/I/61UbnU8V6oL._AC_UL320_.jpg,37,排名进入前50；价格处于人民币等值¥180.00-¥288.00区间；评分达到4.3以上。
2026-07-12,amazon_us,product,search,platform sandals women,39,mikarka,¥225.58,4.5,mikarka,,,,,,https://www.amazon.com/mikarka-Wedge-Sandals-Women-Comfortable/dp/B0DPMBZT18/ref=sr_1_26?dib=eyJ2IjoiMSJ9.Eno-3pT4ZhH3sPPabT7cSq_3HMv5ty4ndVUvrTXJmESKBlvhrHrpy8Va0-QCqdCJcpLE6xEiP1Qkski2dfwsrEouzCeVlkcMiH_Ll8APQJ1AD4Gw6WGY-gUMKmdz7DvFLSE1l3fiFvyYQEWGb5aTD23EfgLEFPdTgamJiB-_BsYwVFebuEXafXQcGKDHlhJSTV2gmNz6NmVeaYEnQsrBiWuOQU1MrvGJ92s6oBZD-Lv0zS3JYAwL0PwG06dtrTaBBBtOiec28gAqiaOpCBFmYfz9IQqkhzBHMkA0Dkq1Xlg.i8-6aD2sHRbWjgHo75_HHDlfODzEnuvcK6ep2i3Fmpc&dib_tag=se&keywords=platform+sandals+women&qid=1783846591&sr=8-26,https://m.media-amazon.com/images/I/610FEH2unfS._AC_UL320_.jpg,37,排名进入前50；价格处于人民币等值¥180.00-¥288.00区间；评分达到4.3以上。
2026-07-12,amazon_us,product,search,platform sandals women,42,DREAM PAIRS,¥278.57,4.5,DREAM PAIRS,,,,,,https://www.amazon.com/DREAM-PAIRS-Adjustable-Lightweight-Waterproof/dp/B0G1RBS19X/ref=sr_1_29?dib=eyJ2IjoiMSJ9.Eno-3pT4ZhH3sPPabT7cSq_3HMv5ty4ndVUvrTXJmESKBlvhrHrpy8Va0-QCqdCJcpLE6xEiP1Qkski2dfwsrEouzCeVlkcMiH_Ll8APQJ1AD4Gw6WGY-gUMKmdz7DvFLSE1l3fiFvyYQEWGb5aTD23EfgLEFPdTgamJiB-_BsYwVFebuEXafXQcGKDHlhJSTV2gmNz6NmVeaYEnQsrBiWuOQU1MrvGJ92s6oBZD-Lv0zS3JYAwL0PwG06dtrTaBBBtOiec28gAqiaOpCBFmYfz9IQqkhzBHMkA0Dkq1Xlg.i8-6aD2sHRbWjgHo75_HHDlfODzEnuvcK6ep2i3Fmpc&dib_tag=se&keywords=platform+sandals+women&qid=1783846591&sr=8-29,https://m.media-amazon.com/images/I/61VKPpZxLML._AC_UL320_.jpg,37,排名进入前50；价格处于人民币等值¥180.00-¥288.00区间；评分达到4.3以上。
2026-07-12,amazon_us,product,search,platform sandals women,43,ONCAI,¥244.73,4.4,ONCAI,,,,,,https://www.amazon.com/ONCAI-Platform-Essentials-Flatform-Comfortable/dp/B0F43HJVG4/ref=sr_1_30?dib=eyJ2IjoiMSJ9.Eno-3pT4ZhH3sPPabT7cSq_3HMv5ty4ndVUvrTXJmESKBlvhrHrpy8Va0-QCqdCJcpLE6xEiP1Qkski2dfwsrEouzCeVlkcMiH_Ll8APQJ1AD4Gw6WGY-gUMKmdz7DvFLSE1l3fiFvyYQEWGb5aTD23EfgLEFPdTgamJiB-_BsYwVFebuEXafXQcGKDHlhJSTV2gmNz6NmVeaYEnQsrBiWuOQU1MrvGJ92s6oBZD-Lv0zS3JYAwL0PwG06dtrTaBBBtOiec28gAqiaOpCBFmYfz9IQqkhzBHMkA0Dkq1Xlg.i8-6aD2sHRbWjgHo75_HHDlfODzEnuvcK6ep2i3Fmpc&dib_tag=se&keywords=platform+sandals+women&qid=1783846591&sr=8-30,https://m.media-amazon.com/images/I/6107ZWz1NoL._AC_UL320_.jpg,37,排名进入前50；价格处于人民币等值¥180.00-¥288.00区间；评分达到4.3以上。
2026-07-12,amazon_us,product,best_sellers,Best Sellers Women Sandals,37,KIDMI Unisex Summer Sandals Arch Support Cork Footbed Slide Sandals with Double Adjustable Buckle for Women Men,,4.5,$20.99,,,,,,https://www.amazon.com/KIDMI-Genuine-Sandals-Footbed-Adjustable/dp/B0DQH21M77/ref=zg_bs_g_679425011_d_sccl_37/135-7791441-2461009?psc=1,"https://images-na.ssl-images-amazon.com/images/I/81JaarSAG2L._AC_UL300_SR300,200_.jpg",36,排名进入前50；标题包含 arch support、summer，符合美国女鞋舒适化趋势；评分达到4.3以上。
2026-07-12,amazon_us,product,new_releases,New Releases Women Sandals,34,Noctivelle Women Jelly Shoes Clear Mesh Flat Sandal V-Shaped Breathable Comfort Slip On Waterproof Transparent Summer Beach Pool Ballet Flats,,4.2,$19.99,,,,,,https://www.amazon.com/Noctivelle-Women-Clear-Flat-Transparent/dp/B0H2TXBL22/ref=zg_bsnr_g_679425011_d_sccl_34/135-7791441-2461009?psc=1,"https://images-na.ssl-images-amazon.com/images/I/71XZbrymaBL._AC_UL300_SR300,200_.jpg",36,排名进入前50；标题包含 comfort、beach、summer，符合美国女鞋舒适化趋势；评分达到4.0以上。
2026-07-12,amazon_us,product,new_releases,New Releases Women Sandals,20,"CUSHIONAIRE Titan Square Toe Flip Flops for Women, Dressy Slip On Flat Womens Sandals with Cushioned Footbed",,3.8,$39.98,,,,,,https://www.amazon.com/CUSHIONAIRE-Sandals-Cushioned-Footbed-TORTOISE/dp/B0H2WWWGW8/ref=zg_bsnr_g_679425011_d_sccl_20/146-5527514-8369931?psc=1,"https://images-na.ssl-images-amazon.com/images/I/71vL4TDR7VL._AC_UL600_SR600,400_.jpg",35,排名进入前30。
2026-07-12,amazon_us,product,search,platform sandals women,33,EQAUDES,¥220.61,4.2,EQAUDES,,,,,,https://www.amazon.com/EQAUDES-Platform-Espadrille-Sandals-Flatform/dp/B0C6XLWPN9/ref=sr_1_20?dib=eyJ2IjoiMSJ9.Eno-3pT4ZhH3sPPabT7cSq_3HMv5ty4ndVUvrTXJmESKBlvhrHrpy8Va0-QCqdCJcpLE6xEiP1Qkski2dfwsrEouzCeVlkcMiH_Ll8APQJ1AD4Gw6WGY-gUMKmdz7DvFLSE1l3fiFvyYQEWGb5aTD23EfgLEFPdTgamJiB-_BsYwVFebuEXafXQcGKDHlhJSTV2gmNz6NmVeaYEnQsrBiWuOQU1MrvGJ92s6oBZD-Lv0zS3JYAwL0PwG06dtrTaBBBtOiec28gAqiaOpCBFmYfz9IQqkhzBHMkA0Dkq1Xlg.i8-6aD2sHRbWjgHo75_HHDlfODzEnuvcK6ep2i3Fmpc&dib_tag=se&keywords=platform+sandals+women&qid=1783846591&sr=8-20,https://m.media-amazon.com/images/I/81juIfWU4pL._AC_UL320_.jpg,34,排名进入前50；价格处于人民币等值¥180.00-¥288.00区间；评分达到4.0以上。
2026-07-12,amazon_us,product,search,platform sandals women,34,Lovee Cosee,¥273.53,4.1,Lovee Cosee,,,,,,https://www.amazon.com/Lovee-Cosee-Lightweight-Comfortable-Essentials/dp/B0F1MYF4FQ/ref=sr_1_21?dib=eyJ2IjoiMSJ9.Eno-3pT4ZhH3sPPabT7cSq_3HMv5ty4ndVUvrTXJmESKBlvhrHrpy8Va0-QCqdCJcpLE6xEiP1Qkski2dfwsrEouzCeVlkcMiH_Ll8APQJ1AD4Gw6WGY-gUMKmdz7DvFLSE1l3fiFvyYQEWGb5aTD23EfgLEFPdTgamJiB-_BsYwVFebuEXafXQcGKDHlhJSTV2gmNz6NmVeaYEnQsrBiWuOQU1MrvGJ92s6oBZD-Lv0zS3JYAwL0PwG06dtrTaBBBtOiec28gAqiaOpCBFmYfz9IQqkhzBHMkA0Dkq1Xlg.i8-6aD2sHRbWjgHo75_HHDlfODzEnuvcK6ep2i3Fmpc&dib_tag=se&keywords=platform+sandals+women&qid=1783846591&sr=8-21,https://m.media-amazon.com/images/I/71tL3Y0loaL._AC_UL320_.jpg,34,排名进入前50；价格处于人民币等值¥180.00-¥288.00区间；评分达到4.0以上。
2026-07-12,amazon_us,product,search,women slides,33,Coach,¥684.00,4.6,Coach,,,,,,https://www.amazon.com/Coach-Womens-Udele-Slide-Tan/dp/B07PGQ6MQ8/ref=sr_1_21?dib=eyJ2IjoiMSJ9.XhkBKZHG2zQk6cEh69VAMFuDN1dI8ZG6rdDGQ25oFLzVxAoRna527TRt8FrWSvCiuCXzIGCP8YVWNcBUfz8er7O5L6o6EeCansJmorthjCCBxC1ScAyCSNH_J4JXZNx4hleXuMv02ox3Beo-N56wcoCSRMYZUFfxMTRxZ6L0BkJgyy3FqrXNY2rJey1IvC4laraAyMTkpI4FXLmdtSBnysxPJTDHijV0JaIfOb580otDbxSHGoK92curx8ucdSL10gnFZxVMDq6vIMMrbIQ-y6wy-CyqfI-iSTJCVIuvqZI.Wveg8iE7piq_Uv4p2FKpWiXMwUN-j5ZoKqc0g4Lx8ZI&dib_tag=se&keywords=women+slides&qid=1783846590&sr=8-21,https://m.media-amazon.com/images/I/71BQOaIl59L._AC_UL320_.jpg,33,排名进入前50；价格高于人民币等值¥288.00；评分达到4.6以上。
2026-07-12,amazon_us,product,search,platform sandals women,49,Teva,¥467.93,4.6,Teva,,,,,,https://www.amazon.com/Teva-Womens-Flatform-Universal-Platform/dp/B00KXD9RDA/ref=sr_1_36?dib=eyJ2IjoiMSJ9.Eno-3pT4ZhH3sPPabT7cSq_3HMv5ty4ndVUvrTXJmESKBlvhrHrpy8Va0-QCqdCJcpLE6xEiP1Qkski2dfwsrEouzCeVlkcMiH_Ll8APQJ1AD4Gw6WGY-gUMKmdz7DvFLSE1l3fiFvyYQEWGb5aTD23EfgLEFPdTgamJiB-_BsYwVFebuEXafXQcGKDHlhJSTV2gmNz6NmVeaYEnQsrBiWuOQU1MrvGJ92s6oBZD-Lv0zS3JYAwL0PwG06dtrTaBBBtOiec28gAqiaOpCBFmYfz9IQqkhzBHMkA0Dkq1Xlg.i8-6aD2sHRbWjgHo75_HHDlfODzEnuvcK6ep2i3Fmpc&dib_tag=se&keywords=platform+sandals+women&qid=1783846591&sr=8-36,https://m.media-amazon.com/images/I/51hzsC5dKSL._AC_UL320_.jpg,33,排名进入前50；价格高于人民币等值¥288.00；评分达到4.6以上。
2026-07-12,amazon_us,product,new_releases,New Releases Women Sandals,38,Cape Robbin Women's Platform Sandals Chunky Block Heel - Slip On Elastic Band Round Open Toe Heeled Sandals - 4.5 Inch Dressy Platform Heels for Women (Echoya),,4.1,$44.90,,,,,,https://www.amazon.com/Cape-Robbin-Platform-Sandals-Echoya/dp/B0GS5GF4F2/ref=zg_bsnr_g_679425011_d_sccl_38/135-7791441-2461009?psc=1,"https://images-na.ssl-images-amazon.com/images/I/715flvg-G0L._AC_UL300_SR300,200_.jpg",32,排名进入前50；标题包含 platform，符合美国女鞋舒适化趋势；评分达到4.0以上。
2026-07-12,amazon_us,product,best_sellers,Best Sellers Women Sandals,40,FITORY Women's Flat Sandals Fashion Slides With Soft Leather Slippers for Summer Size 6-11,,4.2,$19.96,,,,,,https://www.amazon.com/FITORY-Sandals-Fashion-Leather-Slippers/dp/B0BN3GQFKN/ref=zg_bs_g_679425011_d_sccl_40/135-7791441-2461009?psc=1,"https://images-na.ssl-images-amazon.com/images/I/61cA2WpKDqL._AC_UL300_SR300,200_.jpg",30,排名进入前50；标题包含 soft、summer，符合美国女鞋舒适化趋势；评分达到4.0以上。
2026-07-12,amazon_us,product,best_sellers,Best Sellers Women Sandals,43,"CUSHIONAIRE Siesta Modern Lattice Ballet Flats for Women, Comfortable Slip On Pointed Toe Womens Jelly Shoes",,4.2,$39.98,,,,,,https://www.amazon.com/CUSHIONAIRE-Siesta-Lattice-Comfortable-Pointed/dp/B0GYQ3JK18/ref=zg_bs_g_679425011_d_sccl_43/135-7791441-2461009?psc=1,"https://images-na.ssl-images-amazon.com/images/I/81aIqaR3TYL._AC_UL300_SR300,200_.jpg",30,排名进入前50；标题包含 comfort，符合美国女鞋舒适化趋势；评分达到4.0以上。
2026-07-12,amazon_us,product,best_sellers,Best Sellers Women Sandals,45,Weweya Slides for Women and Men - Bathroom Shower Shoes - Non Slip House Slippers - Lightweight Beach Sandals,,4.4,$9.99,,,,,,https://www.amazon.com/Weweya-Shower-Bathroom-Slippers-Sandals/dp/B0F1XJ9TM4/ref=zg_bs_g_679425011_d_sccl_45/135-7791441-2461009?psc=1,"https://images-na.ssl-images-amazon.com/images/I/718rk3GaK+L._AC_UL300_SR300,200_.jpg",30,排名进入前50；标题包含 beach，符合美国女鞋舒适化趋势；评分达到4.3以上。
2026-07-12,amazon_us,product,search,platform sandals women,45,REEF,¥575.64,4.4,REEF,,,,,,https://www.amazon.com/REEF-Higher-Womens-Platform-Adjustable/dp/B0D9HYMNMN/ref=sr_1_32?dib=eyJ2IjoiMSJ9.Eno-3pT4ZhH3sPPabT7cSq_3HMv5ty4ndVUvrTXJmESKBlvhrHrpy8Va0-QCqdCJcpLE6xEiP1Qkski2dfwsrEouzCeVlkcMiH_Ll8APQJ1AD4Gw6WGY-gUMKmdz7DvFLSE1l3fiFvyYQEWGb5aTD23EfgLEFPdTgamJiB-_BsYwVFebuEXafXQcGKDHlhJSTV2gmNz6NmVeaYEnQsrBiWuOQU1MrvGJ92s6oBZD-Lv0zS3JYAwL0PwG06dtrTaBBBtOiec28gAqiaOpCBFmYfz9IQqkhzBHMkA0Dkq1Xlg.i8-6aD2sHRbWjgHo75_HHDlfODzEnuvcK6ep2i3Fmpc&dib_tag=se&keywords=platform+sandals+women&qid=1783846591&sr=8-32,https://m.media-amazon.com/images/I/51WBYuiSZiL._AC_UL320_.jpg,30,排名进入前50；价格高于人民币等值¥288.00；评分达到4.3以上。
2026-07-12,amazon_us,product,new_releases,New Releases Women Sandals,36,CUSHIONAIRE Chica Espadrille Wedge Sandals for Women Slip On Closed Toe Women Shoes with Elastic Straps and Stylish Everyday Comfort,,3.7,$49.99,,,,,,https://www.amazon.com/CUSHIONAIRE-Espadrille-Sandals-Elastic-Everyday/dp/B0GZ8TNK3K/ref=zg_bsnr_g_679425011_d_sccl_36/135-7791441-2461009?psc=1,"https://images-na.ssl-images-amazon.com/images/I/81A0k0gSvYL._AC_UL300_SR300,200_.jpg",29,排名进入前50；标题包含 comfort、wedge，符合美国女鞋舒适化趋势。
2026-07-12,amazon_us,product,best_sellers,Best Sellers Women Sandals,33,REEF Women's Cushion Breeze Flip Flops,,4.4,$31.49,,,,,,https://www.amazon.com/Reef-Womens-Cushion-Breeze-Sandal/dp/B00K2OKI1U/ref=zg_bs_g_679425011_d_sccl_33/135-7791441-2461009?psc=1,"https://images-na.ssl-images-amazon.com/images/I/51nldLdIx5L._AC_UL300_SR300,200_.jpg",27,排名进入前50；评分达到4.3以上。
2026-07-12,amazon_us,product,best_sellers,Best Sellers Women Sandals,34,REEF Womens Bliss Nights Flip Flop,,4.3,$34.77,,,,,,https://www.amazon.com/Reef-Womens-Bliss-Nights-Flip-Flop/dp/B01GQO5292/ref=zg_bs_g_679425011_d_sccl_34/135-7791441-2461009?psc=1,"https://images-na.ssl-images-amazon.com/images/I/51QnLKsP3vL._AC_UL300_SR300,200_.jpg",27,排名进入前50；评分达到4.3以上。
2026-07-12,amazon_us,product,best_sellers,Best Sellers Women Sandals,44,Ankis Heels for Women Open Toe Ankle Strap Chunky Heel Sandals 2.75 Inch,,4.4,$29.99,,,,,,https://www.amazon.com/Ankis-Nude-Heels-Women-numeric_8/dp/B094CTB3TY/ref=zg_bs_g_679425011_d_sccl_44/135-7791441-2461009?psc=1,"https://images-na.ssl-images-amazon.com/images/I/71dUhT7TubL._AC_UL300_SR300,200_.jpg",27,排名进入前50；评分达到4.3以上。
2026-07-12,amazon_us,product,new_releases,New Releases Women Sandals,37,"DREAM PAIRS 2026 Women’s Stiletto Heels, Strappy Open Toe Ankle Strap Dress Sandals, Elegant High Heel Pumps for Wedding, Party, Prom & Special Occasions",,4.4,$36.99,,,,,,https://www.amazon.com/DREAM-PAIRS-Stiletto-Occasions-SDHS26031W/dp/B0GYML9QZN/ref=zg_bsnr_g_679425011_d_sccl_37/135-7791441-2461009?psc=1,"https://images-na.ssl-images-amazon.com/images/I/61qkFw+mJWL._AC_UL300_SR300,200_.jpg",27,排名进入前50；评分达到4.3以上。
2026-07-12,amazon_us,product,new_releases,New Releases Women Sandals,35,"CUSHIONAIRE Tropic Thong Jelly Flip Flops for Women with Square Toe and Wide Strap Design, Comfortable Lightweight Womens Sandals",,3.3,$34.99,,,,,,https://www.amazon.com/CUSHIONAIRE-Comfortable-Lightweight-Sandals-TORTOISE/dp/B0H2FP1P95/ref=zg_bsnr_g_679425011_d_sccl_35/135-7791441-2461009?psc=1,"https://images-na.ssl-images-amazon.com/images/I/71r1GbHxUpL._AC_UL300_SR300,200_.jpg",26,排名进入前50；标题包含 comfort，符合美国女鞋舒适化趋势。
2026-07-12,amazon_us,product,search,platform sandals women,36,Madden Girl,¥391.39,3.9,Madden Girl,,,,,,https://www.amazon.com/Madden-Girl-Womens-Mythicall-Natural/dp/B0CNKPC4Y5/ref=sr_1_23?dib=eyJ2IjoiMSJ9.Eno-3pT4ZhH3sPPabT7cSq_3HMv5ty4ndVUvrTXJmESKBlvhrHrpy8Va0-QCqdCJcpLE6xEiP1Qkski2dfwsrEouzCeVlkcMiH_Ll8APQJ1AD4Gw6WGY-gUMKmdz7DvFLSE1l3fiFvyYQEWGb5aTD23EfgLEFPdTgamJiB-_BsYwVFebuEXafXQcGKDHlhJSTV2gmNz6NmVeaYEnQsrBiWuOQU1MrvGJ92s6oBZD-Lv0zS3JYAwL0PwG06dtrTaBBBtOiec28gAqiaOpCBFmYfz9IQqkhzBHMkA0Dkq1Xlg.i8-6aD2sHRbWjgHo75_HHDlfODzEnuvcK6ep2i3Fmpc&dib_tag=se&keywords=platform+sandals+women&qid=1783846591&sr=8-23,https://m.media-amazon.com/images/I/71SNHrdlHML._AC_UL320_.jpg,23,排名进入前50；价格高于人民币等值¥288.00。
