date,source,data_type,list_type,keyword,rank,title,price,rating,review_count,likes,comments,views,published_at,competition_count,product_url,image_url,hot_score,reason
2026-07-20,amazon_us,product,search,platform sandals women,17,"UBFEN Womens Espadrille Platform Sandals Low Wedge Orthopedic Arch Support | Cushion Insole, Comfortable Dressy Buckle Sandals for Walking and Vacation, Low Heel, Adjustable Strap UBFEN Womens Espadrille Platform Sandals Low Wedge Orthopedic Arch Support | Cushion Insole, Comfortable…",¥287.93,4.7,4.7,,,,,,https://aax-us-east-retail-direct.amazon.com/x/c/JLKpPXet5f8so3bpnWXDAW0AAAGffc4_bQEAAAH2AQBvbm9fdHhuX2JpZDcgICBvbm9fdHhuX2ltcDEgICCvATUP/clv1c_ek-wBPHXJTbbzS4Sc55Bw9r9Pr-IGJdq2ctMzIJ-J8tMWBmfvhcuXNw0glqkUJc0rQptIpBo7bYvDg7eUBuDWOhou0RLEtXeWlLDI5M5A3vWixGvKfMgTXD1f_Zk53EJBzmb7SZ9R2m5FEwgxoiRO46zTp4X1lfe0kX3yVezhEZdXX8_bmAuz0Ak8G0KHpefZFhd1_7kDtWu1f5Np2lAu22Cjf8klsollYlJJ_pdeBq04DtpIuyR7RxWSKfFix1DaujevsapJ4okqdMlDzLq8FXE-eibxol_5ES3SekMYF3TgrdDS-vjOIaoJNiufkIAuyZIcXiDdvqT3g4gTLilgJFlnBa_Q2UiIgQz9-slvEiE2rF5GrW4pUd_qe-wkY7J1vQDXl39PkcQRwaW7776i0qHReTXP9dB8OcnK7ITrYdcj0CEJqh2k6vxAVF1EDJojupK8oOICST-z5alTF38DrETnL9wgfbgcBu4dv0Q-eBw3mbQdqCaHFYsoCLCCQ0LLY4KVxyAre96fLgCagi2tdgmIeOwXZMNgBo79Hwq9RhgMcMOzrXfNAAHxtZl2TmDW3QWhu83sza-Wa0H7_ebx8Vic1IWcpB6DBkMtJvs4WvXZ_u1uHjfuUnfkkHHE6j-xSrIj-V682QftpcXwcQP5G5q2LPmZzJGhUmK4rKvWPjAp7MtbqkSpsgJLReKM5dw2ozH0WjdERnYgW_Qm-FIOoU7VPz06KeuJD2bxuyLzfgikDCbIZeZ61NeSiR5EDWVkKBwEABXkpQKlGqWcT8TIG1DqsS2v8myJQfS2z2SrbcW1vFqR2M0h7Qg15oD4Qmi5BNL3TN9UVIm5IL2RigxN4CIFX47frj8Cww19_ECp92MkfcGuTh5DNUJQgZqL4X5Tx9MpdkoVRVkyljSSRRk8dJGGH8gZt3vBxnldCmd2j5UYeWjs1b_-apxI7o05-Fglpm4I9aGQiQZxdw6A1z9K1yONWbJA1DOP27RUz526IYqzhzl2ejbYKDbQAnJtc1yxI158Og7JQhusBWFvtE8D0U_E__aFybWOaIf74oZFKLSZ4IfJLGdLNVqbWPy3p6vLq0pgtvNtRfLgRI3bthxmgevuq8uBxTO9CcbjFkL9UMpz6fiEwAP049NMh1dm7ge90XmNh4mj0vOkMOVlWCPxRIDq0WLPKqifm5lryB-uNxSsIdwJMnC2TlztvJJuURIpqmNnUt2E_nwdLc1e1vwtqCvsrG4qy9ZcfzSNVD84LVycKG98Bkf01eTLzqdHU1khBSGt8zoMIDuVxrh-q_LyIFCaYhAuEQOrnEfLARzjuHDdVVf-RF8DmXRgod3ocM58gRTVdpdpA4RmSgy72088g3639ejRGzR7weZcOKo6FGJpfMIoGkPnLg4tryqC5p7YiLIIF3vIV8v-ZUkEX2EqCdLksFpxCSU3Pa91lVhl_TM1rn-7xf_0pDJJyPIG0b3zyiqP8aC80eQ8aDTF_6KvhgFew8u3RCicheIJNhnnBKEBAfwYAzNAQyO-6Jc4BDxWTZWmT-lcIRqye13ZqlSJmRkiAKYojUUvOss6rIjxJq_SmX-ZB0zFSfy7T6RevO0RjJdqKXPeUNcaQtr7jaNjIEQrPkb9pZLWynPw-AbPUUz6CgLJRzExd4_CgpK1KIPrk_qo68kV_t2qBorWMnYZ2q1mpXaPxE3LqutvFaghsa7PkOihHh5NZ0eyQUyJ7donOo2VjzfMDTneq5b/https://www.amazon.com/gp/aw/d/B0G6YFR9LH/?_encoding=UTF8&pd_rd_plhdr=t&aaxitk=0f3533b020484bc6ae0804a7fbbc15ae&hsa_cr_id=0&qid=1784522096&sr=1-1-f02f01d6-adaf-4bef-9a7c-29308eff9043&ref_=sbx__sbtcd2_asin_0_bkgd&pd_rd_w=TxEDw&content-id=amzn1.sym.5159d9cb-0665-4a83-8f64-8881eaba312a%3Aamzn1.sym.5159d9cb-0665-4a83-8f64-8881eaba312a&pf_rd_p=5159d9cb-0665-4a83-8f64-8881eaba312a&pf_rd_r=307KCSPJCY9XF1N8RMCH&pd_rd_wg=chfTv&pd_rd_r=3740be6e-06a2-493b-902e-8aca8ca9c02f,"https://m.media-amazon.com/images/I/81a8E03H15L._AC_SR322,134_CB1169409_QL70_.jpg",100,排名进入前30；价格处于人民币等值¥180.00-¥288.00区间；标题包含 platform、orthopedic、comfort、arch support、wedge，符合美国女鞋舒适化趋势；platform + comfort组合趋势加分；orthopedic + arch support组合趋势加分；评分达到4.6以上。
2026-07-20,amazon_us,product,search,platform sandals women,18,"UBFEN Womens Platform Wedge Sandals Orthopedic Arch Support | Espadrille Slides, Comfortable Cushioned, Dressy for Summer Walking, Beach Vacation UBFEN Womens Platform Wedge Sandals Orthopedic Arch Support | Espadrille Slides, Comfortable Cushio…",¥287.78,4.7,4.7,,,,,,https://aax-us-east-retail-direct.amazon.com/x/c/JLKpPXet5f8so3bpnWXDAW0AAAGffc4_bQEAAAH2AQBvbm9fdHhuX2JpZDcgICBvbm9fdHhuX2ltcDEgICCvATUP/clv1c_ek-wBPHXJTbbzS4Sc55Bw9r9Pr-IGJdq2ctMzIJ-J8tMWBmfvhcuXNw0glqkUJc0rQptIpBo7bYvDg7eUBuDWOhou0RLEtXeWlLDI5M5A3vWixGvKfMgTXD1f_Zk53EJBzmb7SZ9R2m5FEwgxoiRO46zTp4X1lfe0kX3yVezhEZdXX8_bmAuz0Ak8G0KHpefZFhd1_7kDtWu1f5Np2lAu22Cjf8klsollYlJJ_pdeBq04DtpIuyR7RxWSKfFix1DaujevsapJ4okqdMlDzLq8FXE-eibxol_5ES3SekMYF3TgrdDS-vjOIaoJNiufkIAuyZIcXiDdvqT3g4gTLilgJFlnBa_Q2UiIgQz9-slvEiE2rF5GrW4pUd_qe-wkY7J1vQDXl39PkcQRwaW7776i0qHReTXP9dB8OcnK7ITrYdcj0CEJqh2k6vxAVF1EDJojupK8oOICST-z5alTF38DrETnL9wgfbgcBu4dv0Q-eBw3mbQdqCaHFYsoCLCCQ0LLY4KVxyAre96fLgCagi2tdgmIeOwXZMNgBo79Hwq9RhgMcMOzrXfNAAHxtZl2TmDW3QWhu83sza-Wa0H7_ebx8Vic1IWcpB6DBkMtJvs4WvXZ_u1uHjfuUnfkkHHE6j-xSrIj-V682QftpcXwcQP5G5q2LPmZzJGhUmK4rKvWPjAp7MtbqkSpsgJLReKM5dw2ozH0WjdERnYgW_Qm-FIOoU7VPz06KeuJD2bxuyLzfgikDCbIZeZ61NeSiR5EDWVkKBwEABXkpQKlGqWcT8TIG1DqsS2v8myJQfS2z2SrbcW1vFqR2M0h7Qg15oD4Qmi5BNL3TN9UVIm5IL2RigxN4CIFX47frj8Cww19_ECp92MkfcGuTh5DNUJQgZqL4X5Tx9MpdkoVRVkyljSSRRk8dJGGH8gZt3vBxnldCmd2j5UYeWjs1b_-apxI7o05-Fglpm4I9aGQiQZxdw6A1z9K1yONWbJA1DOP27RUz526IYqzhzl2ejbYKDbQAnJtc1yxI158Og7JQhusBWFvtE8D0U_E__aFybWOaIf74oZFKLSZ4IfJLGdLNVqbWPy3p6vLq0pgtvNtRfLgRI3bthxmgevuq8uBxTO9CcbjFkL9UMpz6fiEwAP049NMh1dm7ge90XmNh4mj0vOkMOVlWCPxRIDq0WLPKqifm5lryB-uNxSsIdwJMnC2TlztvJJuURIpqmNnUt2E_nwdLc1e1vwtqCvsrG4qy9ZcfzSNVD84LVycKG98Bkf01eTLzqdHU1khBSGt8zoMIDuVxrh-q_LyIFCaYhAuEQOrnEfLARzjuHDdVVf-RF8DmXRgod3ocM58gRTVdpdpA4RmSgy72088g3639ejRGzR7weZcOKo6FGJpfMIoGkPnLg4tryqC5p7YiLIIF3vIV8v-ZUkEX2EqCdLksFpxCSU3Pa91lVhl_TM1rn-7xf_0pDJJyPIG0b3zyiqP8aC80eQ8aDTF_6KvhgFew8u3RCicheIJNhnnBKEBAfwYAzNAQyO-6Jc4BDxWTZWmT-lcIRqye13ZqlSJmRkiAKYojUUvOss6rIjxJq_SmX-ZB0zFSfy7T6RevO0RjJdqKXPeUNcaQtr7jaNjIEQrPkb9pZLWynPw-AbPUUz6CgLJRzExd4_CgpK1KIPrk_qo68kV_t2qBorWMnYZ2q1mpXaPxE3LqutvFaghsa7PkOihHh5NZ0eyQUyJ7donOo2VjzfMDTneq5b/https://www.amazon.com/gp/aw/d/B0G6Z4ZBF1/?_encoding=UTF8&pd_rd_plhdr=t&aaxitk=0f3533b020484bc6ae0804a7fbbc15ae&hsa_cr_id=0&qid=1784522096&sr=1-2-f02f01d6-adaf-4bef-9a7c-29308eff9043&ref_=sbx__sbtcd2_asin_1_bkgd&pd_rd_w=TxEDw&content-id=amzn1.sym.5159d9cb-0665-4a83-8f64-8881eaba312a%3Aamzn1.sym.5159d9cb-0665-4a83-8f64-8881eaba312a&pf_rd_p=5159d9cb-0665-4a83-8f64-8881eaba312a&pf_rd_r=307KCSPJCY9XF1N8RMCH&pd_rd_wg=chfTv&pd_rd_r=3740be6e-06a2-493b-902e-8aca8ca9c02f,"https://m.media-amazon.com/images/I/719iVSNoRPL._AC_SR322,134_CB1169409_QL70_.jpg",100,排名进入前30；价格处于人民币等值¥180.00-¥288.00区间；标题包含 platform、orthopedic、comfort、arch support、beach、summer、wedge，符合美国女鞋舒适化趋势；platform + comfort组合趋势加分；orthopedic + arch support组合趋势加分；评分达到4.6以上。
2026-07-20,amazon_us,product,search,platform sandals women,20,"UBFEN Womens Platform Sandals Chunky Wedge Heel Comfortable Arch Support | Lightweight Block Heel, Adjustable Straps, Soft Cushioned Footbed for Dressy, Casual, and Summer Wear UBFEN Womens Platform Sandals Chunky Wedge Heel Comfortable Arch Support | Lightweight Block Heel, Adj…",¥244.73,4.6,4.6,,,,,,https://aax-us-east-retail-direct.amazon.com/x/c/JLKpPXet5f8so3bpnWXDAW0AAAGffc4_bQEAAAH2AQBvbm9fdHhuX2JpZDcgICBvbm9fdHhuX2ltcDEgICCvATUP/clv1c_ek-wBPHXJTbbzS4Sc55Bw9r9Pr-IGJdq2ctMzIJ-J8tMWBmfvhcuXNw0glqkUJc0rQptIpBo7bYvDg7eUBuDWOhou0RLEtXeWlLDI5M5A3vWixGvKfMgTXD1f_Zk53EJBzmb7SZ9R2m5FEwgxoiRO46zTp4X1lfe0kX3yVezhEZdXX8_bmAuz0Ak8G0KHpefZFhd1_7kDtWu1f5Np2lAu22Cjf8klsollYlJJ_pdeBq04DtpIuyR7RxWSKfFix1DaujevsapJ4okqdMlDzLq8FXE-eibxol_5ES3SekMYF3TgrdDS-vjOIaoJNiufkIAuyZIcXiDdvqT3g4gTLilgJFlnBa_Q2UiIgQz9-slvEiE2rF5GrW4pUd_qe-wkY7J1vQDXl39PkcQRwaW7776i0qHReTXP9dB8OcnK7ITrYdcj0CEJqh2k6vxAVF1EDJojupK8oOICST-z5alTF38DrETnL9wgfbgcBu4dv0Q-eBw3mbQdqCaHFYsoCLCCQ0LLY4KVxyAre96fLgCagi2tdgmIeOwXZMNgBo79Hwq9RhgMcMOzrXfNAAHxtZl2TmDW3QWhu83sza-Wa0H7_ebx8Vic1IWcpB6DBkMtJvs4WvXZ_u1uHjfuUnfkkHHE6j-xSrIj-V682QftpcXwcQP5G5q2LPmZzJGhUmK4rKvWPjAp7MtbqkSpsgJLReKM5dw2ozH0WjdERnYgW_Qm-FIOoU7VPz06KeuJD2bxuyLzfgikDCbIZeZ61NeSiR5EDWVkKBwEABXkpQKlGqWcT8TIG1DqsS2v8myJQfS2z2SrbcW1vFqR2M0h7Qg15oD4Qmi5BNL3TN9UVIm5IL2RigxN4CIFX47frj8Cww19_ECp92MkfcGuTh5DNUJQgZqL4X5Tx9MpdkoVRVkyljSSRRk8dJGGH8gZt3vBxnldCmd2j5UYeWjs1b_-apxI7o05-Fglpm4I9aGQiQZxdw6A1z9K1yONWbJA1DOP27RUz526IYqzhzl2ejbYKDbQAnJtc1yxI158Og7JQhusBWFvtE8D0U_E__aFybWOaIf74oZFKLSZ4IfJLGdLNVqbWPy3p6vLq0pgtvNtRfLgRI3bthxmgevuq8uBxTO9CcbjFkL9UMpz6fiEwAP049NMh1dm7ge90XmNh4mj0vOkMOVlWCPxRIDq0WLPKqifm5lryB-uNxSsIdwJMnC2TlztvJJuURIpqmNnUt2E_nwdLc1e1vwtqCvsrG4qy9ZcfzSNVD84LVycKG98Bkf01eTLzqdHU1khBSGt8zoMIDuVxrh-q_LyIFCaYhAuEQOrnEfLARzjuHDdVVf-RF8DmXRgod3ocM58gRTVdpdpA4RmSgy72088g3639ejRGzR7weZcOKo6FGJpfMIoGkPnLg4tryqC5p7YiLIIF3vIV8v-ZUkEX2EqCdLksFpxCSU3Pa91lVhl_TM1rn-7xf_0pDJJyPIG0b3zyiqP8aC80eQ8aDTF_6KvhgFew8u3RCicheIJNhnnBKEBAfwYAzNAQyO-6Jc4BDxWTZWmT-lcIRqye13ZqlSJmRkiAKYojUUvOss6rIjxJq_SmX-ZB0zFSfy7T6RevO0RjJdqKXPeUNcaQtr7jaNjIEQrPkb9pZLWynPw-AbPUUz6CgLJRzExd4_CgpK1KIPrk_qo68kV_t2qBorWMnYZ2q1mpXaPxE3LqutvFaghsa7PkOihHh5NZ0eyQUyJ7donOo2VjzfMDTneq5b/https://www.amazon.com/gp/aw/d/B0GGH5JQ63/?_encoding=UTF8&pd_rd_plhdr=t&aaxitk=0f3533b020484bc6ae0804a7fbbc15ae&hsa_cr_id=0&qid=1784522096&sr=1-4-f02f01d6-adaf-4bef-9a7c-29308eff9043&ref_=sbx__sbtcd2_asin_3_bkgd&pd_rd_w=TxEDw&content-id=amzn1.sym.5159d9cb-0665-4a83-8f64-8881eaba312a%3Aamzn1.sym.5159d9cb-0665-4a83-8f64-8881eaba312a&pf_rd_p=5159d9cb-0665-4a83-8f64-8881eaba312a&pf_rd_r=307KCSPJCY9XF1N8RMCH&pd_rd_wg=chfTv&pd_rd_r=3740be6e-06a2-493b-902e-8aca8ca9c02f,"https://m.media-amazon.com/images/I/61KmVyTahVL._AC_SR322,134_CB1169409_QL70_.jpg",85,排名进入前30；价格处于人民币等值¥180.00-¥288.00区间；标题包含 platform、comfort、arch support、soft、summer、wedge，符合美国女鞋舒适化趋势；platform + comfort组合趋势加分；评分达到4.6以上。
2026-07-20,amazon_us,product,search,women slides,17,"JUYETOA Kids Cloud Slides for Boys & Girls, Super Soft & Comfy Beach Pool Slippers, Non-Slip Waterproof Shower Sandals for Toddlers & Kids JUYETOA Kids Cloud Slides for Boys & Girls, Super Soft & Comfy Beach Pool Slippers, Non-Slip Waterproof Shower Sandals for Toddlers & Kids",¥172.73,4.6,4.6,,,,,,https://aax-us-east-retail-direct.amazon.com/x/c/JP4mhyrmBCpBIWpvysEOe4kAAAGffc4_dwEAAAH2AQBvbm9fdHhuX2JpZDcgICBvbm9fdHhuX2ltcDEgICCTO5Ma/clv1c_ek-wBPHTEsbWTm7asL6Bz6s94TorXsG1Qm27h-_hvn-2lPWvKcT_B6R-V9tKAHF1elbpQTSSl4AF6Mpl-3TvbN9KyYDXeleYfQZvisMn7Q4unATNwLQZcy547Mns9tMsPFnR2_aJjZHL0kzeU6Z-_6hLId-MphXq-OVxTDKO5iYvOSn-xsG_7OuMhJIqgQuGHJZapv1A9-eolGEwM0rE_i3KKUpHEFo73Hx-ArYfRCoiU0fgywGOb5BbKl7Xcjqrz44LTqu6y7LkFDmJNZN53IAGuuzgGTTxne89Hbq4sJ-G4FY0wR9NvG3aGBLTIDE5IsEwVaptbMp-plFvDodHgQjC1GBS8BjJv4JPtrmuBUXQ9MIjU_zqbfAfc1F6ncR4WpVo2SwdUxx-FFfXu4_JB4iqewr0bdeDukk0PYJA-hla0rpTYMl7dAs51IsVR-aZXc25HlUEt7fcO5w9g8oYcyw83kdcqZE0EZ3LdKpaPvKbT1QfVXdll-4iwX-6NtXd0STyLSQM0pIb4a8-JfytDGKDuFk_9_Mw493l4yrVUng6OBicm5OzzBErOkrmO_zCs2E6EMYFcvyoVsma9Hy9Y4GWwxWdie7jERtbQ4DU4EVOQIyDO6ARKFz_o4w3AbIrQdswOWkiT5rm-jq3DJPDgMYYrygH8e5tfoHFMeZLBFb0fZ--cF0hfbTS5k-wyAMxMr1VdhmTZKgcrsNkrbxavHf7N_l4utxKb_QHQAHHgC18SnztsabbiF7noscP0aZybXys1XUtxF9Zj2GDZQdrPBT9BHOsTTTQDzT5Ydy_jCSUkteNQggbrkzy4iE3t9lEwFaoPVr7VezDj9VwmgMHIIhustO1ZJq7UotlN1K8P4aLsYt7vXvweCFikgaftJ4jFZN6fOHYJy3LuxIrhoUf9FlcPpJwJkJNNGi5HbnPbAKXUZhbaFQEXJMOFhmRn--ri4M9HyTJ3f5DI_2WypDuQ1aDLVMuFKMA0b_fJiI3kIowmzdrACPbgtOFU7my4_XqCw9mnDlAH-u8QMivQeLuqZGQCilm-DqumhkR72KJyOCW-ZLkyKAbDix82Mvoj9QwQVmunLObjqqvgTUzdWxO6e2hSbs34vDR8b_JUY030voQ6xjQVP2U2TkcyJ8HXpwhNlJRZwwz_Dy910BBhY7ZZ-jMfiufZ4XUlLn5XesRFcpf6rHKMO6IjfmRJdKF8xvNlnPEdlJ8yehrzX7PYOQqBWaKCKpKEmwLQzmPK6KloKYqmDAeMqG8sGQBI8ES1Pn7kl_TBUcyp5DVUELUsTk2BiKGJiNuSSt5fa3fDiWBXtnUHK7hYCZ-Vsrv2m30BDLKF3lJq2Ddrqqio6pi5hQ9lLxpyWDsqDJoieDtxIYqOefjFM2uWarwoLWTsvFOTVFySfC6ZrH3eCu6RmlDeHUHHitssrBU5sFORW_cHx17UL4GcHzfpfmHZq-odThJOAK252jsSxCDPAHbl3DDxz0T7gcj9Dw96FyBTqJ_TbqhQwRYECcJB8rRTFZWk72dPf85nQHklrvEsASTLN00jU4ymVgCf2zKWBuYzxCf8ecMJkWnQspS4btvfUlk0KDbUO4nmylomXLbJ98qjdtFocQBPJAfg9FYotjv24ZCzc8atmGAxeCbi587JRAhrcqrwFh2OknsCfLxJiOrIEJ7gPJaXgD10UM51EaRBwC_QkY2bWRS-DLzjoFedg/https://www.amazon.com/gp/aw/d/B0CVVNZZJZ/?_encoding=UTF8&pd_rd_plhdr=t&aaxitk=37a3f22ecbc7450f886669d2a18e158e&hsa_cr_id=0&qid=1784522096&sr=1-1-f02f01d6-adaf-4bef-9a7c-29308eff9043&ref_=sbx__sbtcd2_asin_0_bkgd&pd_rd_w=xerJ7&content-id=amzn1.sym.5159d9cb-0665-4a83-8f64-8881eaba312a%3Aamzn1.sym.5159d9cb-0665-4a83-8f64-8881eaba312a&pf_rd_p=5159d9cb-0665-4a83-8f64-8881eaba312a&pf_rd_r=8YVKBTNHC0MD2QYSCP0W&pd_rd_wg=T7twz&pd_rd_r=c54575fa-b45d-4d37-b688-d352b96ed438,"https://m.media-amazon.com/images/I/51BnoLqHhEL._AC_SR322,134_CB1169409_QL70_.jpg",84,排名进入前30；价格处于人民币等值¥57.60-¥180.00黄金区间；标题包含 cloud、soft、beach，符合美国女鞋舒适化趋势；cloud + slides组合趋势加分；评分达到4.6以上。
2026-07-20,amazon_us,product,search,women slides,3,Women's Flat Slide Sandals Dressy Square Open Toe Slip On Sandals for Summer Beach,¥165.53,4.5,100+ bought in past month,,,,,,https://www.amazon.com/sspa/click?ie=UTF8&spc=MTo4MjgzMzQwMjkwNTI2ODc0OjE3ODQ1MjIwOTY6c3BfYXRmOjMwMTM0NDc4MDIwMzYwMjo6MDo6&url=%2FLurnyet-Sandals-Comfortable-Fashion-Slippers%2Fdp%2FB0FHH47LJ8%2Fref%3Dsr_1_2_sspa%3Fdib%3DeyJ2IjoiMSJ9.RrPumS3Ni8XWS9mPWZVEoPInrt2RHyBcd8_hgzLhdqLrIRFgnAvrzGhlupVAEArOziMpWkWsMhbJUOMeIQN2enDwVxpM_QtnYgMwboWrX2TR6hVnUodjdUgEW_ChxYlVIfZLA5SeB_tu7FmkS63jd3jfIqM4hgYf9P_cdlB2KhfVdZCZfxD0ehUgdkdTwNzsAnAmkJ7cSntl8r6WDWoa807td9w2M9tx6EDkWanSU1JMoGH-gi-QSZXOFakFBmtBnKmF0S2sgcUvwtAvRR-qS8HGfTDWX0FTmsU4FY_KGnY.crsZRtfvClzucdNtqWNhNGubYifuq5yXm6ScvJ26qwM%26dib_tag%3Dse%26keywords%3Dwomen%2Bslides%26qid%3D1784522096%26sr%3D8-2-spons%26sp_csd%3Dd2lkZ2V0TmFtZT1zcF9hdGY%26psc%3D1,https://m.media-amazon.com/images/I/61AogoHttfL._AC_UL320_.jpg,78,排名靠前；评论数达到50以上；价格处于人民币等值¥57.60-¥180.00黄金区间；标题包含 beach、summer，符合美国女鞋舒适化趋势；评分达到4.3以上。
2026-07-20,amazon_us,product,best_sellers,Best Sellers Women Sandals,26,shevalues Orthopedic Sandals for Women Arch Support Recovery Flip Flops Pillow Soft Summer Beach Shoes,,4.3,$16.18,,,,,,https://www.amazon.com/Orthotic-Pillow-Recovery-Sandals-Support/dp/B09LC836QG/ref=zg_bs_g_679425011_d_sccl_26/141-6992112-1340110?psc=1,"https://images-na.ssl-images-amazon.com/images/I/61o9ArJVVsL._AC_UL600_SR600,400_.jpg",77,排名进入前30；标题包含 recovery、orthopedic、arch support、soft、beach、summer，符合美国女鞋舒适化趋势；orthopedic + arch support组合趋势加分；评分达到4.3以上。
2026-07-20,amazon_us,product,search,platform sandals women,19,UBFEN Womens Platform Sandals With Arch Support Comfy Walking Wedge Crisscross Band Summer Casual UBFEN Womens Platform Sandals With Arch Support Comfy Walking Wedge Crisscross Band Summer Ca…,¥143.64,4.5,4.5,,,,,,https://aax-us-east-retail-direct.amazon.com/x/c/JLKpPXet5f8so3bpnWXDAW0AAAGffc4_bQEAAAH2AQBvbm9fdHhuX2JpZDcgICBvbm9fdHhuX2ltcDEgICCvATUP/clv1c_ek-wBPHXJTbbzS4Sc55Bw9r9Pr-IGJdq2ctMzIJ-J8tMWBmfvhcuXNw0glqkUJc0rQptIpBo7bYvDg7eUBuDWOhou0RLEtXeWlLDI5M5A3vWixGvKfMgTXD1f_Zk53EJBzmb7SZ9R2m5FEwgxoiRO46zTp4X1lfe0kX3yVezhEZdXX8_bmAuz0Ak8G0KHpefZFhd1_7kDtWu1f5Np2lAu22Cjf8klsollYlJJ_pdeBq04DtpIuyR7RxWSKfFix1DaujevsapJ4okqdMlDzLq8FXE-eibxol_5ES3SekMYF3TgrdDS-vjOIaoJNiufkIAuyZIcXiDdvqT3g4gTLilgJFlnBa_Q2UiIgQz9-slvEiE2rF5GrW4pUd_qe-wkY7J1vQDXl39PkcQRwaW7776i0qHReTXP9dB8OcnK7ITrYdcj0CEJqh2k6vxAVF1EDJojupK8oOICST-z5alTF38DrETnL9wgfbgcBu4dv0Q-eBw3mbQdqCaHFYsoCLCCQ0LLY4KVxyAre96fLgCagi2tdgmIeOwXZMNgBo79Hwq9RhgMcMOzrXfNAAHxtZl2TmDW3QWhu83sza-Wa0H7_ebx8Vic1IWcpB6DBkMtJvs4WvXZ_u1uHjfuUnfkkHHE6j-xSrIj-V682QftpcXwcQP5G5q2LPmZzJGhUmK4rKvWPjAp7MtbqkSpsgJLReKM5dw2ozH0WjdERnYgW_Qm-FIOoU7VPz06KeuJD2bxuyLzfgikDCbIZeZ61NeSiR5EDWVkKBwEABXkpQKlGqWcT8TIG1DqsS2v8myJQfS2z2SrbcW1vFqR2M0h7Qg15oD4Qmi5BNL3TN9UVIm5IL2RigxN4CIFX47frj8Cww19_ECp92MkfcGuTh5DNUJQgZqL4X5Tx9MpdkoVRVkyljSSRRk8dJGGH8gZt3vBxnldCmd2j5UYeWjs1b_-apxI7o05-Fglpm4I9aGQiQZxdw6A1z9K1yONWbJA1DOP27RUz526IYqzhzl2ejbYKDbQAnJtc1yxI158Og7JQhusBWFvtE8D0U_E__aFybWOaIf74oZFKLSZ4IfJLGdLNVqbWPy3p6vLq0pgtvNtRfLgRI3bthxmgevuq8uBxTO9CcbjFkL9UMpz6fiEwAP049NMh1dm7ge90XmNh4mj0vOkMOVlWCPxRIDq0WLPKqifm5lryB-uNxSsIdwJMnC2TlztvJJuURIpqmNnUt2E_nwdLc1e1vwtqCvsrG4qy9ZcfzSNVD84LVycKG98Bkf01eTLzqdHU1khBSGt8zoMIDuVxrh-q_LyIFCaYhAuEQOrnEfLARzjuHDdVVf-RF8DmXRgod3ocM58gRTVdpdpA4RmSgy72088g3639ejRGzR7weZcOKo6FGJpfMIoGkPnLg4tryqC5p7YiLIIF3vIV8v-ZUkEX2EqCdLksFpxCSU3Pa91lVhl_TM1rn-7xf_0pDJJyPIG0b3zyiqP8aC80eQ8aDTF_6KvhgFew8u3RCicheIJNhnnBKEBAfwYAzNAQyO-6Jc4BDxWTZWmT-lcIRqye13ZqlSJmRkiAKYojUUvOss6rIjxJq_SmX-ZB0zFSfy7T6RevO0RjJdqKXPeUNcaQtr7jaNjIEQrPkb9pZLWynPw-AbPUUz6CgLJRzExd4_CgpK1KIPrk_qo68kV_t2qBorWMnYZ2q1mpXaPxE3LqutvFaghsa7PkOihHh5NZ0eyQUyJ7donOo2VjzfMDTneq5b/https://www.amazon.com/gp/aw/d/B0GHTYVSWQ/?_encoding=UTF8&pd_rd_plhdr=t&aaxitk=0f3533b020484bc6ae0804a7fbbc15ae&hsa_cr_id=0&qid=1784522096&sr=1-3-f02f01d6-adaf-4bef-9a7c-29308eff9043&ref_=sbx__sbtcd2_asin_2_bkgd&pd_rd_w=TxEDw&content-id=amzn1.sym.5159d9cb-0665-4a83-8f64-8881eaba312a%3Aamzn1.sym.5159d9cb-0665-4a83-8f64-8881eaba312a&pf_rd_p=5159d9cb-0665-4a83-8f64-8881eaba312a&pf_rd_r=307KCSPJCY9XF1N8RMCH&pd_rd_wg=chfTv&pd_rd_r=3740be6e-06a2-493b-902e-8aca8ca9c02f,"https://m.media-amazon.com/images/I/71-57TQ9MzL._AC_SR322,134_CB1169409_QL70_.jpg",77,排名进入前30；价格处于人民币等值¥57.60-¥180.00黄金区间；标题包含 platform、arch support、summer、wedge，符合美国女鞋舒适化趋势；评分达到4.3以上。
2026-07-20,amazon_us,product,best_sellers,Best Sellers Women Sandals,5,Project Cloud 100% Genuine Leather Flat Sandals For Women 2026 Cork Footbed Womens Sandals with Memory Foam and arch support Vacation Essentials Slides for Women Footwear (Venita),,4.4,$24.90,,,,,,https://www.amazon.com/Project-Cloud-Comfortable-Essentials-Vacation/dp/B0CNYDFDD2/ref=zg_bs_g_679425011_d_sccl_5/141-6992112-1340110?psc=1,"https://images-na.ssl-images-amazon.com/images/I/61PPWwEkHDL._AC_UL600_SR600,400_.jpg",76,排名靠前；标题包含 cloud、arch support，符合美国女鞋舒适化趋势；cloud + slides组合趋势加分；评分达到4.3以上。
2026-07-20,amazon_us,product,best_sellers,Best Sellers Women Sandals,22,"Goosecret Women's Comfortable Arch Support Walking Platform Sandals | Lightweight Chunky Slip-On Foam Slides with Adjustable Buckle, Sandals for Beach and Daily Wear",,4.3,$18.04,,,,,,https://www.amazon.com/Goosecret-Platform-Lightweight-Comfortable-Adjustable/dp/B0CZ75N4PP/ref=zg_bs_g_679425011_d_sccl_22/141-6992112-1340110?psc=1,"https://images-na.ssl-images-amazon.com/images/I/61l3YNTRtgL._AC_UL600_SR600,400_.jpg",72,排名进入前30；标题包含 platform、comfort、arch support、beach，符合美国女鞋舒适化趋势；platform + comfort组合趋势加分；评分达到4.3以上。
2026-07-20,amazon_us,product,best_sellers,Best Sellers Women Sandals,28,Project Cloud Platform Sandals Women – Strappy Wedges with Comfortable Plush & Soft Insole – Lightweight & Non Slip Platform Sandals for Women 2026,,4.3,$39.90,,,,,,https://www.amazon.com/Project-Cloud-Platform-Sandals-Footwear/dp/B0DR3KSN3X/ref=zg_bs_g_679425011_d_sccl_28/141-6992112-1340110?psc=1,"https://images-na.ssl-images-amazon.com/images/I/71lJvDGljyL._AC_UL600_SR600,400_.jpg",72,排名进入前30；标题包含 cloud、platform、comfort、soft、wedge，符合美国女鞋舒适化趋势；platform + comfort组合趋势加分；评分达到4.3以上。
2026-07-20,amazon_us,product,new_releases,New Releases Women Sandals,25,SHIBEVER Womens Wedge Sandals Dressy: Arch Support Slip-On Comfortable Summer Sandals Open Toe Flower Casual Platform Shoes Size 5-11,,4.5,$28.98,,,,,,https://www.amazon.com/SHIBEVER-Comfortable-Lightweight-Platform-Vacation/dp/B0GZQ2W66D/ref=zg_bsnr_g_679425011_d_sccl_25/146-0936993-4719063?psc=1,"https://images-na.ssl-images-amazon.com/images/I/71s6gVMM2nL._AC_UL600_SR600,400_.jpg",72,排名进入前30；标题包含 platform、comfort、arch support、summer、wedge，符合美国女鞋舒适化趋势；platform + comfort组合趋势加分；评分达到4.3以上。
2026-07-20,amazon_us,product,search,platform sandals women,42,"Women's Platform Clogs Sandals Cork Footbed with Comfort Double Buckles, Summer Platform Slides Mules, Summer Beach Comfort Wide Widths Availab",¥183.53,4.3,200+ bought in past month,,,,,,https://www.amazon.com/BiuYorBTY-Platform-Sandals-Footbed-Comfort/dp/B0DZ1NT6L9/ref=sr_1_26?dib=eyJ2IjoiMSJ9.3zo6vUgTuNV2_oDBDGXaTbtkDXfaI8uJahwLisIof4DobZ0KAM3eeJQk-fSOlpH2bGmEr-odu4H5D4qzU7S7uU_SBihnWRVa7bVTMj2G7ciVbKbi1y52BsS7947J7h6bOtEIiPP7KgJ6koOK3Df1kI7VrzOL-6oA5bKzlN0SuwaBup5D5iV4jTCP2k_vsHehG6RWIxNPGD_BWSLZ_3jW8ZWWfAfs6lxGrzbwj0htLKVte3C6Qni0lMelfVtriQkkFE9AzdaIFVnFi1je0qMBcueJ5vqYGivOCG6oS4WoU0o.Kc3s8wCGQ_Epn9IDGjZPZM_ox-zkKJO0xD6ksrlkheY&dib_tag=se&keywords=platform+sandals+women&qid=1784522096&sr=8-26,https://m.media-amazon.com/images/I/716g0SFJuTL._AC_UL320_.jpg,72,排名进入前50；评论数达到50以上；价格处于人民币等值¥180.00-¥288.00区间；标题包含 platform、comfort、beach、summer，符合美国女鞋舒适化趋势；platform + comfort组合趋势加分；评分达到4.3以上。
2026-07-20,amazon_us,product,new_releases,New Releases Women Sandals,6,Project Cloud Platform Sandals Women - Memory Foam Insole Flip Flops and Lightweight Womens Sandals - Non-Slip Summer Thong Sandals for Women 2026 (ELEVATION),,4.4,$39.90,,,,,,https://www.amazon.com/Project-Cloud-Platform-Sandals-Women/dp/B0GTZM2X7L/ref=zg_bsnr_g_679425011_d_sccl_6/146-0936993-4719063?psc=1,"https://images-na.ssl-images-amazon.com/images/I/61E9Kh8oh9L._AC_UL600_SR600,400_.jpg",71,排名靠前；标题包含 cloud、platform、summer，符合美国女鞋舒适化趋势；评分达到4.3以上。
2026-07-20,amazon_us,product,search,platform sandals women,21,UBFEN Womens Chunky Wedge Platform Sandals Adjustable Double-Strap Square | Toed Open-Toe Style Suitable for Outdoor Casual Wear UBFEN Womens Chunky Wedge Platform Sandals Adjustable Double-Strap Square | Toed Open-Toe Sty…,¥115.13,4.6,4.6,,,,,,https://aax-us-east-retail-direct.amazon.com/x/c/JLKpPXet5f8so3bpnWXDAW0AAAGffc4_bQEAAAH2AQBvbm9fdHhuX2JpZDcgICBvbm9fdHhuX2ltcDEgICCvATUP/clv1c_ek-wBPHXJTbbzS4Sc55Bw9r9Pr-IGJdq2ctMzIJ-J8tMWBmfvhcuXNw0glqkUJc0rQptIpBo7bYvDg7eUBuDWOhou0RLEtXeWlLDI5M5A3vWixGvKfMgTXD1f_Zk53EJBzmb7SZ9R2m5FEwgxoiRO46zTp4X1lfe0kX3yVezhEZdXX8_bmAuz0Ak8G0KHpefZFhd1_7kDtWu1f5Np2lAu22Cjf8klsollYlJJ_pdeBq04DtpIuyR7RxWSKfFix1DaujevsapJ4okqdMlDzLq8FXE-eibxol_5ES3SekMYF3TgrdDS-vjOIaoJNiufkIAuyZIcXiDdvqT3g4gTLilgJFlnBa_Q2UiIgQz9-slvEiE2rF5GrW4pUd_qe-wkY7J1vQDXl39PkcQRwaW7776i0qHReTXP9dB8OcnK7ITrYdcj0CEJqh2k6vxAVF1EDJojupK8oOICST-z5alTF38DrETnL9wgfbgcBu4dv0Q-eBw3mbQdqCaHFYsoCLCCQ0LLY4KVxyAre96fLgCagi2tdgmIeOwXZMNgBo79Hwq9RhgMcMOzrXfNAAHxtZl2TmDW3QWhu83sza-Wa0H7_ebx8Vic1IWcpB6DBkMtJvs4WvXZ_u1uHjfuUnfkkHHE6j-xSrIj-V682QftpcXwcQP5G5q2LPmZzJGhUmK4rKvWPjAp7MtbqkSpsgJLReKM5dw2ozH0WjdERnYgW_Qm-FIOoU7VPz06KeuJD2bxuyLzfgikDCbIZeZ61NeSiR5EDWVkKBwEABXkpQKlGqWcT8TIG1DqsS2v8myJQfS2z2SrbcW1vFqR2M0h7Qg15oD4Qmi5BNL3TN9UVIm5IL2RigxN4CIFX47frj8Cww19_ECp92MkfcGuTh5DNUJQgZqL4X5Tx9MpdkoVRVkyljSSRRk8dJGGH8gZt3vBxnldCmd2j5UYeWjs1b_-apxI7o05-Fglpm4I9aGQiQZxdw6A1z9K1yONWbJA1DOP27RUz526IYqzhzl2ejbYKDbQAnJtc1yxI158Og7JQhusBWFvtE8D0U_E__aFybWOaIf74oZFKLSZ4IfJLGdLNVqbWPy3p6vLq0pgtvNtRfLgRI3bthxmgevuq8uBxTO9CcbjFkL9UMpz6fiEwAP049NMh1dm7ge90XmNh4mj0vOkMOVlWCPxRIDq0WLPKqifm5lryB-uNxSsIdwJMnC2TlztvJJuURIpqmNnUt2E_nwdLc1e1vwtqCvsrG4qy9ZcfzSNVD84LVycKG98Bkf01eTLzqdHU1khBSGt8zoMIDuVxrh-q_LyIFCaYhAuEQOrnEfLARzjuHDdVVf-RF8DmXRgod3ocM58gRTVdpdpA4RmSgy72088g3639ejRGzR7weZcOKo6FGJpfMIoGkPnLg4tryqC5p7YiLIIF3vIV8v-ZUkEX2EqCdLksFpxCSU3Pa91lVhl_TM1rn-7xf_0pDJJyPIG0b3zyiqP8aC80eQ8aDTF_6KvhgFew8u3RCicheIJNhnnBKEBAfwYAzNAQyO-6Jc4BDxWTZWmT-lcIRqye13ZqlSJmRkiAKYojUUvOss6rIjxJq_SmX-ZB0zFSfy7T6RevO0RjJdqKXPeUNcaQtr7jaNjIEQrPkb9pZLWynPw-AbPUUz6CgLJRzExd4_CgpK1KIPrk_qo68kV_t2qBorWMnYZ2q1mpXaPxE3LqutvFaghsa7PkOihHh5NZ0eyQUyJ7donOo2VjzfMDTneq5b/https://www.amazon.com/gp/aw/d/B0GDXXM7H7/?_encoding=UTF8&pd_rd_plhdr=t&aaxitk=0f3533b020484bc6ae0804a7fbbc15ae&hsa_cr_id=0&qid=1784522096&sr=1-5-f02f01d6-adaf-4bef-9a7c-29308eff9043&ref_=sbx__sbtcd2_asin_4_bkgd&pd_rd_w=TxEDw&content-id=amzn1.sym.5159d9cb-0665-4a83-8f64-8881eaba312a%3Aamzn1.sym.5159d9cb-0665-4a83-8f64-8881eaba312a&pf_rd_p=5159d9cb-0665-4a83-8f64-8881eaba312a&pf_rd_r=307KCSPJCY9XF1N8RMCH&pd_rd_wg=chfTv&pd_rd_r=3740be6e-06a2-493b-902e-8aca8ca9c02f,"https://m.media-amazon.com/images/I/61GEaSO0CfL._AC_SR322,134_CB1169409_QL70_.jpg",71,排名进入前30；价格处于人民币等值¥57.60-¥180.00黄金区间；标题包含 platform、wedge，符合美国女鞋舒适化趋势；评分达到4.6以上。
2026-07-20,amazon_us,product,best_sellers,Best Sellers Women Sandals,1,KuaiLu Flip Flops for Women with Arch Support Yoga Mat Comfortable Summer Beach Walking Thong Cushion Sandals Slip On Indoor Outdoor,,4.3,$13.99,,,,,,https://www.amazon.com/KuaiLu-Support-Comfortable-Walking-Sandals/dp/B0C5ZRQS2X/ref=zg_bs_g_679425011_d_sccl_1/141-6992112-1340110?psc=1,"https://images-na.ssl-images-amazon.com/images/I/710PdcSAm6L._AC_UL600_SR600,400_.jpg",70,排名靠前；标题包含 comfort、arch support、beach、summer，符合美国女鞋舒适化趋势；评分达到4.3以上。
2026-07-20,amazon_us,product,best_sellers,Best Sellers Women Sandals,9,ONCAI Women's Flip Flops Comfortable Arch Support Yoga Mat Summer Beach Walking Thong Cushion Sandals Ladies Outdoor Vacation Essentials Slide Shoes Rubber Soles US Size 5-11,,4.4,$13.99,,,,,,https://www.amazon.com/ONCAI-Support-Athletic-Orthotic-Fasciitis/dp/B0D2292JM9/ref=zg_bs_g_679425011_d_sccl_9/141-6992112-1340110?psc=1,"https://images-na.ssl-images-amazon.com/images/I/71iVIX1IyIL._AC_UL600_SR600,400_.jpg",70,排名靠前；标题包含 comfort、arch support、beach、summer，符合美国女鞋舒适化趋势；评分达到4.3以上。
2026-07-20,amazon_us,product,search,women summer slippers,9,GOEWY,¥71.93,4.6,GOEWY,,,,,,https://www.amazon.com/GOEWY-Slippers-Outdoor-Slipper-Bridesmaid/dp/B0DT12FRRT/ref=sr_1_6?dib=eyJ2IjoiMSJ9.edQbWdZgRC57j1GkLLh3ypLpGy5JjTF-VSN3Bkds4s6Z7XN1biWVvUmm3ko_Er2x5pXSMH0QsST4UOlft_S2gZPkRq3kQE5jW1NuvphqiLKmY-WKC8NKDnHT_c53wuYv4XjEn8SOXCI_9bV8j5-JOl7UjghlIvgHlpefyY5AHaLQLDNswGAaK2mamVOePEXhCCiWA5qPXVPAWZXDMaDegeYn8s8g4xM_sGCkzViqL_W7DwNEXeDdl-vTgsp4rkZLePlzmpzndOJkE9tUSCn7SPr_dcoWHgIaiHPl4D9yNts.wuXOzzPi1WXg9aMgAyFpqlL3sVP7duutNCZzJ_pFGUo&dib_tag=se&keywords=women+summer+slippers&qid=1784522094&sr=8-6,https://m.media-amazon.com/images/I/612fmVMoiKL._AC_UL320_.jpg,70,排名靠前；价格处于人民币等值¥57.60-¥180.00黄金区间；评分达到4.6以上。
2026-07-20,amazon_us,product,new_releases,New Releases Women Sandals,24,IDIFU Women's Wedge Thong Flip Flops Platform Round Toe Slip On Slides Sandals Comfortable Cushioned Summer Pool Beach Casual Wedge Heels,,4.2,$32.78,,,,,,https://www.amazon.com/IDIFU-Platform-Sandals-Comfortable-Cushioned/dp/B0GXTVCPD2/ref=zg_bsnr_g_679425011_d_sccl_24/146-0936993-4719063?psc=1,"https://images-na.ssl-images-amazon.com/images/I/71rQjmDLrRL._AC_UL600_SR600,400_.jpg",69,排名进入前30；标题包含 platform、comfort、beach、summer、wedge，符合美国女鞋舒适化趋势；platform + comfort组合趋势加分；评分达到4.0以上。
2026-07-20,amazon_us,product,search,platform sandals women,11,Women Platform Clogs Mules Medium Arch Support Closed Toe Walking,¥208.73,4.6,New on Amazon in past month,,,,,,https://www.amazon.com/Tmaza-Support-Platform-Closed-Cherry/dp/B0GXF6MKC4/ref=sr_1_3?dib=eyJ2IjoiMSJ9.3zo6vUgTuNV2_oDBDGXaTbtkDXfaI8uJahwLisIof4DobZ0KAM3eeJQk-fSOlpH2bGmEr-odu4H5D4qzU7S7uU_SBihnWRVa7bVTMj2G7ciVbKbi1y52BsS7947J7h6bOtEIiPP7KgJ6koOK3Df1kI7VrzOL-6oA5bKzlN0SuwaBup5D5iV4jTCP2k_vsHehG6RWIxNPGD_BWSLZ_3jW8ZWWfAfs6lxGrzbwj0htLKVte3C6Qni0lMelfVtriQkkFE9AzdaIFVnFi1je0qMBcueJ5vqYGivOCG6oS4WoU0o.Kc3s8wCGQ_Epn9IDGjZPZM_ox-zkKJO0xD6ksrlkheY&dib_tag=se&keywords=platform+sandals+women&qid=1784522096&sr=8-3,https://m.media-amazon.com/images/I/81M-4iMeAAL._AC_UL320_.jpg,69,排名进入前30；价格处于人民币等值¥180.00-¥288.00区间；标题包含 platform、arch support，符合美国女鞋舒适化趋势；评分达到4.6以上。
2026-07-20,amazon_us,product,best_sellers,Best Sellers Women Sandals,6,"ODOLY Unisex Comfortable Cork Footbed Slide Sandals with Arch Support | Adjustable Buckle, Lightweight Summer Sandals for Travel and Everyday Wear",,4.5,$19.99,,,,,,https://www.amazon.com/ODOLY-Footbed-Comfortable-Sandals-Adjustable/dp/B0CSMN1X4W/ref=zg_bs_g_679425011_d_sccl_6/141-6992112-1340110?psc=1,"https://images-na.ssl-images-amazon.com/images/I/61iYsM+H9QL._AC_UL600_SR600,400_.jpg",67,排名靠前；标题包含 comfort、arch support、summer，符合美国女鞋舒适化趋势；评分达到4.3以上。
2026-07-20,amazon_us,product,search,women summer slippers,6,WHITIN,¥71.93,4.3,WHITIN,,,,,,https://www.amazon.com/WHITIN-Slippers-Cushioned-Fashionable-Lightweight/dp/B0C1C17KH8/ref=sr_1_3?dib=eyJ2IjoiMSJ9.edQbWdZgRC57j1GkLLh3ypLpGy5JjTF-VSN3Bkds4s6Z7XN1biWVvUmm3ko_Er2x5pXSMH0QsST4UOlft_S2gZPkRq3kQE5jW1NuvphqiLKmY-WKC8NKDnHT_c53wuYv4XjEn8SOXCI_9bV8j5-JOl7UjghlIvgHlpefyY5AHaLQLDNswGAaK2mamVOePEXhCCiWA5qPXVPAWZXDMaDegeYn8s8g4xM_sGCkzViqL_W7DwNEXeDdl-vTgsp4rkZLePlzmpzndOJkE9tUSCn7SPr_dcoWHgIaiHPl4D9yNts.wuXOzzPi1WXg9aMgAyFpqlL3sVP7duutNCZzJ_pFGUo&dib_tag=se&keywords=women+summer+slippers&qid=1784522094&sr=8-3,https://m.media-amazon.com/images/I/71nA8egRirL._AC_UL320_.jpg,67,排名靠前；价格处于人民币等值¥57.60-¥180.00黄金区间；评分达到4.3以上。
2026-07-20,amazon_us,product,search,women summer slippers,8,Litfun,¥136.73,4.4,Litfun,,,,,,https://www.amazon.com/Litfun-Orthopedic-Slippers-Support-Corduroy/dp/B0FH4NQLCJ/ref=sr_1_5?dib=eyJ2IjoiMSJ9.edQbWdZgRC57j1GkLLh3ypLpGy5JjTF-VSN3Bkds4s6Z7XN1biWVvUmm3ko_Er2x5pXSMH0QsST4UOlft_S2gZPkRq3kQE5jW1NuvphqiLKmY-WKC8NKDnHT_c53wuYv4XjEn8SOXCI_9bV8j5-JOl7UjghlIvgHlpefyY5AHaLQLDNswGAaK2mamVOePEXhCCiWA5qPXVPAWZXDMaDegeYn8s8g4xM_sGCkzViqL_W7DwNEXeDdl-vTgsp4rkZLePlzmpzndOJkE9tUSCn7SPr_dcoWHgIaiHPl4D9yNts.wuXOzzPi1WXg9aMgAyFpqlL3sVP7duutNCZzJ_pFGUo&dib_tag=se&keywords=women+summer+slippers&qid=1784522094&sr=8-5,https://m.media-amazon.com/images/I/713-nTTXUXL._AC_UL320_.jpg,67,排名靠前；价格处于人民币等值¥57.60-¥180.00黄金区间；评分达到4.3以上。
2026-07-20,amazon_us,product,search,women slides,2,shevalues,¥143.93,4.4,shevalues,,,,,,https://www.amazon.com/sspa/click?ie=UTF8&spc=MTo4MjgzMzQwMjkwNTI2ODc0OjE3ODQ1MjIwOTY6c3BfYXRmOjMwMTIyMDIyNDk4NDEwMjo6MDo6&url=%2Fshevalues-Comfort-Sandals-Support-Adjustable%2Fdp%2FB0GG1VL4SZ%2Fref%3Dsr_1_1_sspa%3Fdib%3DeyJ2IjoiMSJ9.RrPumS3Ni8XWS9mPWZVEoPInrt2RHyBcd8_hgzLhdqLrIRFgnAvrzGhlupVAEArOziMpWkWsMhbJUOMeIQN2enDwVxpM_QtnYgMwboWrX2TR6hVnUodjdUgEW_ChxYlVIfZLA5SeB_tu7FmkS63jd3jfIqM4hgYf9P_cdlB2KhfVdZCZfxD0ehUgdkdTwNzsAnAmkJ7cSntl8r6WDWoa807td9w2M9tx6EDkWanSU1JMoGH-gi-QSZXOFakFBmtBnKmF0S2sgcUvwtAvRR-qS8HGfTDWX0FTmsU4FY_KGnY.crsZRtfvClzucdNtqWNhNGubYifuq5yXm6ScvJ26qwM%26dib_tag%3Dse%26keywords%3Dwomen%2Bslides%26qid%3D1784522096%26sr%3D8-1-spons%26sp_csd%3Dd2lkZ2V0TmFtZT1zcF9hdGY%26psc%3D1,https://m.media-amazon.com/images/I/71N1gcg2qHL._AC_UL320_.jpg,67,排名靠前；价格处于人民币等值¥57.60-¥180.00黄金区间；评分达到4.3以上。
2026-07-20,amazon_us,product,search,women slides,4,Joomra,¥146.52,4.3,Joomra,,,,,,https://www.amazon.com/sspa/click?ie=UTF8&spc=MTo4MjgzMzQwMjkwNTI2ODc0OjE3ODQ1MjIwOTY6c3BfYXRmOjMwMTM2OTE1MjE3MDYwMjo6MDo6&url=%2FJoomra-Platform-Bathroom-Slippers-Cushioned%2Fdp%2FB09C1RDFJ5%2Fref%3Dsr_1_3_sspa%3Fdib%3DeyJ2IjoiMSJ9.RrPumS3Ni8XWS9mPWZVEoPInrt2RHyBcd8_hgzLhdqLrIRFgnAvrzGhlupVAEArOziMpWkWsMhbJUOMeIQN2enDwVxpM_QtnYgMwboWrX2TR6hVnUodjdUgEW_ChxYlVIfZLA5SeB_tu7FmkS63jd3jfIqM4hgYf9P_cdlB2KhfVdZCZfxD0ehUgdkdTwNzsAnAmkJ7cSntl8r6WDWoa807td9w2M9tx6EDkWanSU1JMoGH-gi-QSZXOFakFBmtBnKmF0S2sgcUvwtAvRR-qS8HGfTDWX0FTmsU4FY_KGnY.crsZRtfvClzucdNtqWNhNGubYifuq5yXm6ScvJ26qwM%26dib_tag%3Dse%26keywords%3Dwomen%2Bslides%26qid%3D1784522096%26sr%3D8-3-spons%26sp_csd%3Dd2lkZ2V0TmFtZT1zcF9hdGY%26psc%3D1,https://m.media-amazon.com/images/I/61-Aatjne0L._AC_UL320_.jpg,67,排名靠前；价格处于人民币等值¥57.60-¥180.00黄金区间；评分达到4.3以上。
2026-07-20,amazon_us,product,search,women slides,5,Goosecret,¥129.89,4.3,Goosecret,,,,,,https://www.amazon.com/sspa/click?ie=UTF8&spc=MTo4MjgzMzQwMjkwNTI2ODc0OjE3ODQ1MjIwOTY6c3BfYXRmOjMwMTE4MzU4MzYyMjMwMjo6MDo6&url=%2FGoosecret-Platform-Lightweight-Comfortable-Adjustable%2Fdp%2FB0CZ75N4PP%2Fref%3Dsr_1_4_sspa%3Fdib%3DeyJ2IjoiMSJ9.RrPumS3Ni8XWS9mPWZVEoPInrt2RHyBcd8_hgzLhdqLrIRFgnAvrzGhlupVAEArOziMpWkWsMhbJUOMeIQN2enDwVxpM_QtnYgMwboWrX2TR6hVnUodjdUgEW_ChxYlVIfZLA5SeB_tu7FmkS63jd3jfIqM4hgYf9P_cdlB2KhfVdZCZfxD0ehUgdkdTwNzsAnAmkJ7cSntl8r6WDWoa807td9w2M9tx6EDkWanSU1JMoGH-gi-QSZXOFakFBmtBnKmF0S2sgcUvwtAvRR-qS8HGfTDWX0FTmsU4FY_KGnY.crsZRtfvClzucdNtqWNhNGubYifuq5yXm6ScvJ26qwM%26dib_tag%3Dse%26keywords%3Dwomen%2Bslides%26qid%3D1784522096%26sr%3D8-4-spons%26sp_csd%3Dd2lkZ2V0TmFtZT1zcF9hdGY%26psc%3D1,https://m.media-amazon.com/images/I/61l3YNTRtgL._AC_UL320_.jpg,67,排名靠前；价格处于人民币等值¥57.60-¥180.00黄金区间；评分达到4.3以上。
2026-07-20,amazon_us,product,search,women slides,6,adidas,¥151.13,4.4,Products highlighted as 'Overall Pick' are:,,,,,,https://www.amazon.com/adidas-Unisex-Adilette-Shower-Sandal/dp/B091ZGQF6G/ref=sr_1_5?dib=eyJ2IjoiMSJ9.RrPumS3Ni8XWS9mPWZVEoPInrt2RHyBcd8_hgzLhdqLrIRFgnAvrzGhlupVAEArOziMpWkWsMhbJUOMeIQN2enDwVxpM_QtnYgMwboWrX2TR6hVnUodjdUgEW_ChxYlVIfZLA5SeB_tu7FmkS63jd3jfIqM4hgYf9P_cdlB2KhfVdZCZfxD0ehUgdkdTwNzsAnAmkJ7cSntl8r6WDWoa807td9w2M9tx6EDkWanSU1JMoGH-gi-QSZXOFakFBmtBnKmF0S2sgcUvwtAvRR-qS8HGfTDWX0FTmsU4FY_KGnY.crsZRtfvClzucdNtqWNhNGubYifuq5yXm6ScvJ26qwM&dib_tag=se&keywords=women+slides&qid=1784522096&sr=8-5,https://m.media-amazon.com/images/I/61CCABduhML._AC_UL320_.jpg,67,排名靠前；价格处于人民币等值¥57.60-¥180.00黄金区间；评分达到4.3以上。
2026-07-20,amazon_us,product,best_sellers,Best Sellers Women Sandals,18,"FUNKYMONKEY Jelly Sandals for Women with Adjustable Buckle, Comfortable Chunky Slip-on Beach Slides, Waterproof Platform Shoes for Pool Shower Casual Wear",,4.1,$17.09,,,,,,https://www.amazon.com/FUNKYMONKEY-Comfort-Adjustable-Sandals-US-Women/dp/B07CV9HRQT/ref=zg_bs_g_679425011_d_sccl_18/141-6992112-1340110?psc=1,"https://images-na.ssl-images-amazon.com/images/I/61e3d7mh76L._AC_UL600_SR600,400_.jpg",66,排名进入前30；标题包含 platform、comfort、beach，符合美国女鞋舒适化趋势；platform + comfort组合趋势加分；评分达到4.0以上。
2026-07-20,amazon_us,product,best_sellers,Best Sellers Women Sandals,27,Project Cloud 100% Genuine Leather Footbed Sandals for Women 2026 Comfortable Beach Essentials Womens Sandals Memory Foam Vacation Essentials Slides for Women Footwear (Santorini),,4.2,$35.91,,,,,,https://www.amazon.com/Project-Cloud-Comfortable-Essentials-Santorini/dp/B0DQF8LS5X/ref=zg_bs_g_679425011_d_sccl_27/141-6992112-1340110?psc=1,"https://images-na.ssl-images-amazon.com/images/I/71mAZNxrM1L._AC_UL600_SR600,400_.jpg",66,排名进入前30；标题包含 cloud、comfort、beach，符合美国女鞋舒适化趋势；cloud + slides组合趋势加分；评分达到4.0以上。
2026-07-20,amazon_us,product,search,platform sandals women,3,Sorel Women's Sunpeak Platform Sandal Sorel Women's Sunpeak Platform Sandal,¥702.00,4.8,,,,,,,https://aax-us-east-retail-direct.amazon.com/x/c/JHWXqt9AQZX0D-iKlKqnlgMAAAGffc4_bQEAAAH2AQBvbm9fdHhuX2JpZDQgICBvbm9fdHhuX2ltcDEgICCmvy5w/clv1c_ek-wBffXJbTannfycJhhu8EDkHqSFLDeSGZL8DOMDpt3cuXVT-lfa6LaaOLovX7joVrKELFnrZanv4ZbLEbI6RdrVnJ9rIuZpqzAJhfnX426ugnzwhUAxmLxzjlUJnRsYXMLPT1DFFSeS2QGFgf5spDbveXcFlH2wvLk71eoT4gzYVu9JQMrqZ1ReEB3wq-qqmQMUVwWGwzATTTdEwvF5jbQj0smYBrikQCuCPCRCm3MeLyanUP2CHO2R489DI76Y8C14lhkLIMC97eMZXiQkB6LSKi3I0OWORMWHUQ13U9PUJHHQaR_kJB_HAD9gmFeeKwmkT2A04yfWucoExzgUGhUwsnnVNfp6c2ZXqxUyv9trf5acHdyTVRwMAs8cj5kxmfcXL7WlKiD6Gt-obFOIBsdh03dcIe6APHsVjXKwHemzbWsoTR2txnoz-r-KjE1TGmUVJw-GgULN6WrF9VTbJmNdUC0UaIMb1JRWL3uZQ_zmjmT6T52aqnhMJtc4CJMhsWAV183z7pBWvEMqA2BIMBgWgzXOU4WIg6p9aMEQE-yxoPhEOPcR9Ktwt3tm4Ggvn8Loo0xtCMgRjp3B85fA13T6ojlWJ1NpsYos2fGJgnVs06MsujriKkRANOp4FiBDZ7n4YB-mKAPSjL9zW9pPwRzrBOT6ImwpPD1SdXW9onymFWfoflJTnOV4fdqJNsFS-oajALwWKNIrGndBl5_5hjZuTJhRJ523OKOAePVNobfBYGHEXoUTs1Mm4DZpZtIDXHYgigfhbis3U9-RWctTjskNdQ2aIgzZd32lorwkZrPopGsU-7g8yujnR_oR0zvzve8YK0O-dCp9U2zpYO7_D3_yJtvE5a3Fwk0x6TyM4iyY35142pCDMW1hgEaQVxjuo11fCbN05JM3bGCN5iRpI0rP0E2H3Vs70httAjHDNsRYdPuHhBgHGSU7Qn2VaZJxQBXKik88BqLjTJBJ7-LEUgXyL7v4iGbVIlQSytGkDGnV3Y_dGeO56wvnLM7qmw5zefrEL39Ywe9rkeR9obxKLmgnbuAXqGPh8MYS8IT-E90LXr6HKI2rDUicu6R24POexPSsiIFryIvy_twh3_ii5zzzhzcmQuYOXObf8kpyEphtntQxZtUFi4pc_g6r0VpuO14HWtrOqO7sF8ZMndSAbjg-swRLJQ7lX2UqX-RUNdX8PMcr-Whymu9al_R9EPRANd66ti1YPEsBcdwQqwc5JRXplRVeICOEdM7D_08fPwsQSA4SDzF_Tkb9CuBeNbSloI3824S2WXa61aTDjDX4J6JB1Ww3tLUnLVFcGyGKmgkFK9MrFBkKU1z1V5YXbblealjlPRc-qjVf4ZzshlV7bdKsbQgkhtpHn87Hl_MBFDsihSYx0ClO_R_bsZAoNXOzwpkBFwRcFi-RHcO_615tDIxGJluKEdAdP9Qccl8yFjxBl3KmN6XkO_6ZfjPRFnvlIw0r5kiWJp-0mGSOtW7t2xfFMeUjTJQpsvClyJ9AK_NqGqWDcsLoaS_C42bA2INv7vwhOP-M5wTG0INovrQE8fbllf2wdgMxGUycgWT-dao63C3mEVzoUSFjgLYtwkjefXSJO9RyDxJNHSNZYMc6vyINeUUJ01NhQxxa7YEkDtF_9TPn9OWWlJsN9uwfhkYtVe0iXtQRxaJwRQ60B-O5xDgv8PY8TUWVxVbMpsinw/https://www.amazon.com/gp/aw/d/B0F8DF6JD8/?_encoding=UTF8&pd_rd_plhdr=t&aaxitk=b8fdff5d0a92fb43ad129171fd02a1a5&hsa_cr_id=0&qid=1784522096&sr=1-3-9e67e56a-6f64-441f-a281-df67fc737124&i=aps&aref=rDDkVfxPg8&ref_=sbx__sbtcd_asin_2_bkgd&pd_rd_w=nMiA5&content-id=amzn1.sym.2fb72bc8-96ef-420d-b08f-c04b69f36507%3Aamzn1.sym.2fb72bc8-96ef-420d-b08f-c04b69f36507&pf_rd_p=2fb72bc8-96ef-420d-b08f-c04b69f36507&pf_rd_r=307KCSPJCY9XF1N8RMCH&pd_rd_wg=4EEcA&pd_rd_r=62b0021e-7c52-4c9c-b819-30886e6efe60,"https://m.media-amazon.com/images/I/61jQ5aKvWfL._AC_SR160,134_CB1169409_QL70_.jpg",66,排名靠前；价格高于人民币等值¥288.00；标题包含 platform，符合美国女鞋舒适化趋势；评分达到4.6以上。
2026-07-20,amazon_us,product,best_sellers,Best Sellers Women Sandals,8,OOFOS OOahh Recovery Slide - Women’s and Men’s,,4.4,$59.95,,,,,,https://www.amazon.com/OOFOS-Unisex-Ooahh-Slide-Sandal/dp/B00BRC4L14/ref=zg_bs_g_679425011_d_sccl_8/141-6992112-1340110?psc=1,"https://images-na.ssl-images-amazon.com/images/I/51NSD3PLF-L._AC_UL600_SR600,400_.jpg",65,排名靠前；评论数达到50以上；标题包含 recovery，符合美国女鞋舒适化趋势；评分达到4.3以上。
2026-07-20,amazon_us,product,new_releases,New Releases Women Sandals,26,"MellowSoft Cloud Slides for Women & Men – Ultra Soft CloudFoam Cushioning Slides, Thick Shock-Absorbing Sole, Lightweight Anti-Slip Recovery Sandals for Indoor & Outdoor Comfort",,3.5,$39.00,,,,,,https://www.amazon.com/MellowSoft-Cloud-Slides-Women-Shock-Absorbing/dp/B0H52VV17P/ref=zg_bsnr_g_679425011_d_sccl_26/146-0936993-4719063?psc=1,"https://images-na.ssl-images-amazon.com/images/I/51KGd55hl5L._AC_UL600_SR600,400_.jpg",65,排名进入前30；标题包含 cloud、recovery、comfort、soft，符合美国女鞋舒适化趋势；cloud + slides组合趋势加分。
2026-07-20,amazon_us,product,best_sellers,Best Sellers Women Sandals,3,"Archies Arch Support Flip Flops for Men & Women – Orthotic Sandals for Plantar Fasciitis Relief – Lightweight, Cushioning, Shock-Absorbing Thong Sandals for Walking, Foot Pain & All-Day Comfort",,4.3,$40.00,,,,,,https://www.amazon.com/Archies-Womens-Arch-Support-Black/dp/B086SYFKLP/ref=zg_bs_g_679425011_d_sccl_3/141-6992112-1340110?psc=1,"https://images-na.ssl-images-amazon.com/images/I/81xintmVcHL._AC_UL600_SR600,400_.jpg",64,排名靠前；标题包含 comfort、arch support，符合美国女鞋舒适化趋势；评分达到4.3以上。
2026-07-20,amazon_us,product,best_sellers,Best Sellers Women Sandals,4,mazeskin Women's Memory Foam Comfortable Flat Thong Sandals Dressy Summer Beach Leather Slide Flip Flops,,4.3,$9.48,,,,,,https://www.amazon.com/mazeskin-Womens-Comfortable-Sandals-Leather/dp/B0F32KMZ18/ref=zg_bs_g_679425011_d_sccl_4/141-6992112-1340110?psc=1,"https://images-na.ssl-images-amazon.com/images/I/71jV8GHPNSL._AC_UL600_SR600,400_.jpg",64,排名靠前；标题包含 comfort、beach、summer，符合美国女鞋舒适化趋势；评分达到4.3以上。
2026-07-20,amazon_us,product,best_sellers,Best Sellers Women Sandals,7,CUSHIONAIRE Lane Cork Footbed Womens Sandals Comfortable Double Buckle Slip On Sandals for Women with Arch Support and Classic Two Strap Design,,4.5,$34.99,,,,,,https://www.amazon.com/CUSHIONAIRE-Womens-Slide-Sandals-Brown/dp/B075PBVR9N/ref=zg_bs_g_679425011_d_sccl_7/141-6992112-1340110?psc=1,"https://images-na.ssl-images-amazon.com/images/I/81suZ76XHpL._AC_UL600_SR600,400_.jpg",64,排名靠前；标题包含 comfort、arch support，符合美国女鞋舒适化趋势；评分达到4.3以上。
2026-07-20,amazon_us,product,search,women summer slippers,4,Sksshion,¥136.73,4.2,Products highlighted as 'Overall Pick' are:,,,,,,https://www.amazon.com/Sksshion-Womens-Slides-Sandals-Slippers/dp/B0DP76JQ4X/ref=sr_1_1?dib=eyJ2IjoiMSJ9.edQbWdZgRC57j1GkLLh3ypLpGy5JjTF-VSN3Bkds4s6Z7XN1biWVvUmm3ko_Er2x5pXSMH0QsST4UOlft_S2gZPkRq3kQE5jW1NuvphqiLKmY-WKC8NKDnHT_c53wuYv4XjEn8SOXCI_9bV8j5-JOl7UjghlIvgHlpefyY5AHaLQLDNswGAaK2mamVOePEXhCCiWA5qPXVPAWZXDMaDegeYn8s8g4xM_sGCkzViqL_W7DwNEXeDdl-vTgsp4rkZLePlzmpzndOJkE9tUSCn7SPr_dcoWHgIaiHPl4D9yNts.wuXOzzPi1WXg9aMgAyFpqlL3sVP7duutNCZzJ_pFGUo&dib_tag=se&keywords=women+summer+slippers&qid=1784522094&sr=8-1,https://m.media-amazon.com/images/I/71E9gKBPQjL._AC_UL320_.jpg,64,排名靠前；价格处于人民币等值¥57.60-¥180.00黄金区间；评分达到4.0以上。
2026-07-20,amazon_us,product,search,platform sandals women,6,mikarka,¥118.80,4.0,mikarka,,,,,,https://www.amazon.com/sspa/click?ie=UTF8&spc=MTo3MzI2NTA5NjU0NDEwNDgxOjE3ODQ1MjIwOTY6c3Bfc2VhcmNoX3RoZW1hdGljOjMwMTI3NDg4MzY5NDYwMjo6MDo6&url=%2Fmikarka-Sandals-Platform-Comfortable-Espadrilles%2Fdp%2FB0DPMPV5QS%2Fref%3Dsxin_19_pa_sp_search_thematic_sspa%3Fcontent-id%3Damzn1.sym.0c718b35-8c59-4938-97bf-b9d1819ea929%253Aamzn1.sym.0c718b35-8c59-4938-97bf-b9d1819ea929%26cv_ct_cx%3Dplatform%2Bsandals%2Bwomen%26keywords%3Dplatform%2Bsandals%2Bwomen%26pd_rd_i%3DB0DPMPV5QS%26pd_rd_r%3D3740be6e-06a2-493b-902e-8aca8ca9c02f%26pd_rd_w%3D2CQcc%26pd_rd_wg%3DchfTv%26pf_rd_p%3D0c718b35-8c59-4938-97bf-b9d1819ea929%26pf_rd_r%3D307KCSPJCY9XF1N8RMCH%26qid%3D1784522096%26sbo%3D9ZOMT9Jm0JH%252Ft%252BWi68iDSA%253D%253D%26sr%3D1-1-e169343e-09af-4d41-85b1-8335fe8f32d0-spons%26aref%3DJHlXgctJnZ%26sp_csd%3Dd2lkZ2V0TmFtZT1zcF9zZWFyY2hfdGhlbWF0aWM%26psc%3D1&aref=JHlXgctJnZ,https://m.media-amazon.com/images/I/712GXeDGRPL._AC_UL320_.jpg,64,排名靠前；价格处于人民币等值¥57.60-¥180.00黄金区间；评分达到4.0以上。
2026-07-20,amazon_us,product,search,platform sandals women,8,Tscoyuki,¥93.60,4.1,Tscoyuki,,,,,,https://www.amazon.com/sspa/click?ie=UTF8&spc=MTo3MzI2NTA5NjU0NDEwNDgxOjE3ODQ1MjIwOTY6c3Bfc2VhcmNoX3RoZW1hdGljOjMwMTI1MDM1OTM3NjQwMjo6Mjo6&url=%2FTscoyuki-Sandals-Comfort-Slippers-Apricot%2Fdp%2FB0D2XCLVLV%2Fref%3Dsxin_19_pa_sp_search_thematic_sspa%3Fcontent-id%3Damzn1.sym.0c718b35-8c59-4938-97bf-b9d1819ea929%253Aamzn1.sym.0c718b35-8c59-4938-97bf-b9d1819ea929%26cv_ct_cx%3Dplatform%2Bsandals%2Bwomen%26keywords%3Dplatform%2Bsandals%2Bwomen%26pd_rd_i%3DB0D2XCLVLV%26pd_rd_r%3D3740be6e-06a2-493b-902e-8aca8ca9c02f%26pd_rd_w%3D2CQcc%26pd_rd_wg%3DchfTv%26pf_rd_p%3D0c718b35-8c59-4938-97bf-b9d1819ea929%26pf_rd_r%3D307KCSPJCY9XF1N8RMCH%26qid%3D1784522096%26sbo%3DRZvfv%252F%252FHxDF%252BO5021pAnSA%253D%253D%26sr%3D1-3-e169343e-09af-4d41-85b1-8335fe8f32d0-spons%26aref%3DTS1P03IJwT%26sp_csd%3Dd2lkZ2V0TmFtZT1zcF9zZWFyY2hfdGhlbWF0aWM%26psc%3D1&aref=TS1P03IJwT,https://m.media-amazon.com/images/I/81MZYlD4lHL._AC_UL320_.jpg,64,排名靠前；价格处于人民币等值¥57.60-¥180.00黄金区间；评分达到4.0以上。
2026-07-20,amazon_us,product,best_sellers,Best Sellers Women Sandals,2,Project Cloud Flip Flops for Women Footwear- Lightweight and Memory Foam Insole Sandals for Women 2026 - Durable Non-Slip Beach Essentials Flats for Women Sandals (Foundations),,4.3,$18.91,,,,,,https://www.amazon.com/Project-Cloud-Flip-flops-Women/dp/B0D2DV8PTH/ref=zg_bs_g_679425011_d_sccl_2/141-6992112-1340110?psc=1,"https://images-na.ssl-images-amazon.com/images/I/71C3a048GxL._AC_UL600_SR600,400_.jpg",63,排名靠前；标题包含 cloud、beach，符合美国女鞋舒适化趋势；评分达到4.3以上。
2026-07-20,amazon_us,product,best_sellers,Best Sellers Women Sandals,30,Project Cloud 100% Genuine Leather Womens Sandals -Lightweight Womens Slides Memory Foam Insole & Cork Footbed Sandals Women - Non-Slip Beach Essentials Summer Sandals for Women 2026 (Lian),,4.2,$24.90,,,,,,https://www.amazon.com/Project-Cloud-Genuine-Leather-Sandals/dp/B0FW71GCZ2/ref=zg_bs_g_679425011_d_sccl_30/141-6992112-1340110?psc=1,"https://images-na.ssl-images-amazon.com/images/I/81ljCfCOosL._AC_UL600_SR600,400_.jpg",63,排名进入前30；标题包含 cloud、beach、summer，符合美国女鞋舒适化趋势；cloud + slides组合趋势加分；评分达到4.0以上。
2026-07-20,amazon_us,product,new_releases,New Releases Women Sandals,5,Project Cloud Square Toe Flip Flops For Women Footwear - Non Slip with Memory Foam Insole Beach Essentials Womens Sandals - Lightweight Thong Sandals Women (DEDICATION),,4.4,$24.21,,,,,,https://www.amazon.com/Project-Cloud-Square-Flops-Footwear/dp/B0GY5Y8N35/ref=zg_bsnr_g_679425011_d_sccl_5/146-0936993-4719063?psc=1,"https://images-na.ssl-images-amazon.com/images/I/71nllf30glL._AC_UL600_SR600,400_.jpg",63,排名靠前；标题包含 cloud、beach，符合美国女鞋舒适化趋势；评分达到4.3以上。
2026-07-20,amazon_us,product,search,women slides,26,Unisex Arch Support Shower Slides Waterproof Non-Slip Sandals,¥143.93,4.5,"Price, product page $19.99 $ 19 . 99",,,,,,https://www.amazon.com/sspa/click?ie=UTF8&spc=MTo4MjgzMzQwMjkwNTI2ODc0OjE3ODQ1MjIwOTY6c3BfbXRmOjMwMTM4MTI3MjQ0MTUwMjo6MDo6&url=%2FGETOEU-Support-Drainage-Waterproof-Bathroom%2Fdp%2FB0GWCV54R3%2Fref%3Dsr_1_22_sspa%3Fdib%3DeyJ2IjoiMSJ9.RrPumS3Ni8XWS9mPWZVEoPInrt2RHyBcd8_hgzLhdqLrIRFgnAvrzGhlupVAEArOziMpWkWsMhbJUOMeIQN2enDwVxpM_QtnYgMwboWrX2TR6hVnUodjdUgEW_ChxYlVIfZLA5SeB_tu7FmkS63jd3jfIqM4hgYf9P_cdlB2KhfVdZCZfxD0ehUgdkdTwNzsAnAmkJ7cSntl8r6WDWoa807td9w2M9tx6EDkWanSU1JMoGH-gi-QSZXOFakFBmtBnKmF0S2sgcUvwtAvRR-qS8HGfTDWX0FTmsU4FY_KGnY.crsZRtfvClzucdNtqWNhNGubYifuq5yXm6ScvJ26qwM%26dib_tag%3Dse%26keywords%3Dwomen%2Bslides%26qid%3D1784522096%26sr%3D8-22-spons%26sp_csd%3Dd2lkZ2V0TmFtZT1zcF9tdGY%26psc%3D1,https://m.media-amazon.com/images/I/61Ve7ktdEDL._AC_UL320_.jpg,63,排名进入前30；价格处于人民币等值¥57.60-¥180.00黄金区间；标题包含 arch support，符合美国女鞋舒适化趋势；评分达到4.3以上。
2026-07-20,amazon_us,product,search,women summer slippers,1,Chantomoo Slippers for Women Memory Foam House Bedroom Corduroy Bow Crossbands Slipper Shoes Comfy Trendy Gift Slippers Chantomoo Slippers for Women Memory Foam Hous…,¥215.93,4.4,,,,,,,https://aax-us-east-retail-direct.amazon.com/x/c/JM1Z3HP8HGPxm7_v8E53l9sAAAGffc46agEAAAH2AQBvbm9fdHhuX2JpZDYgICBvbm9fdHhuX2ltcDIgICCC1ah3/clv1c_ek-wBXfWLbTaXU6htplh_VZOmPqTLKMcltgeum-xuw-HFpbiZjiroUcArB-lacCgN6mHEDEyhOmgIMsqF1TnANYULwnx0Ip2txsVvk3ArN4-jZbpOdvscdHYI_lg-hrhOgyOwX4lfFHkPodATod4n8LY9L2dlUfi0pxY31erQY8TwVu87X4b2JFyuDMJVhblntFwmkJNG18YtdddtUZW16ExH305ggSS2TikiFAR57AlwzJmTvwFWHCaG9lF3hjXtDEOhXCun-JorqUTFRv9e6-YW9NJQftroQvEoInW6lZQrBYlD-bpK2vwYFBamjDn2r40ycwEwo2DoLA-OEmX3irm4TwpW0d4MtbmDjVxvTu-l2GuqzOCcE1Y7v0AZ3pkqxD2egcFawwT8bZRus-Yg059hDDx9QBbZ4rbT1Uvwmp3aTwOX_zsMSmSIi6wNTRt_OCiyvISgFHI8A0zWLycGIghq4a82A-DjAngc1l6pKIWT19Z7ksU4du51Uw2nJ6UOc6IV8Vlz2tNXMx2rmGaQsC_bnu8V36gEXDeYMKlPm2pcnjX556al2ABXLxxPEwy3pZLF-chhyiBXN2LyFDaiC1_hqSOEugQI4B8nw6FbRJIwFZNregKVxdErW8a26RvhY1YVbvB5_LtmcACuU5EJS3IfURsexFz22oIBvt0t0BP3RECKUKFOj3YUTBi-EsJlCA5jObtKCjPZYCp6_jNApoI0K3i6wfkPGFM7nU6ebFG0YNbnyuLaLcNNEIpN1zzCrB2vswinmpiFgIHLQ-JYWalSlk7fKtMOq1hDryu3zSbvMwj9z_iZGxJqVV9cg5dVwl-sUUb_IxJ371BR2jCv_blzI_XDVd1sMWPFO94g1BDGv53nu9lsRdjoefLUF-Wu4V1EuviuhSvfkh4dWy8DUGnOBXm1Jfo0aNY9JzWLYJlZ08SqwXa6othJF_ZCt2BeZQHq97bHiWuewXBHQ9ylF1Krp0b5pR0awYh42q6bjHmfnLDM_-_3pX2MGwcpzWep19Ip-fLJkhN9DsbEchlMGvJ6FsFDsy3mcO1WPYRdPoFG7ZAaa1O5RgVeizTSg6u6rSCDATjCHE8Dz8XZA6snjdWq66WR_OW_ZH8bNF1p13oYQayFwR_BTQkuLLU-b8ZeZExhq_yNNcPF3ml1c_ZBz1SyMhHLrSj3bLcu8dgBU2CCfin_64FCqvdjTU64S5dxKsMVWBIs1egjK3R6eg9qMZzXEsI5OzjfMSgHFaZEFIqbQhn_DZUXK5a_OzLgkSBbyowbizoFFPe8RAFh0ZcGWwi9z3e5ASKIPtkoqzhECHbBOr0YeJMQ0FtsnUoVjs3HlTp2nJwdLwOnf3CQ3s0aQFaSXavWaOhlmIHXf3qXhbuRL_LCZDGTzPjEqVAtofm9XSJ0K9wzvVCfyZcpAA5-fRvz-gmL1tvpzxUuODbaYS7pldSVaZTDy2mZhgjteoRB1-rUHUOPKKfj7JUP0llYhQlwzbifJ_ZmscLyc-EOz-zM7KIwWKbPDtK_hvCV-dDdZIaZxcX0gWMpjIbvx7__oOvIux1NgE413fzDS-n90KXtCwTz565dtmWgnB7rPPIxElLgLYmEMTitLpNsnCw3In8aTpXYCbjHmZFFnPT3OO1_MVX7uweZUPHN_wxkueA-zOw7xXsYJBJ3e08CLJVi14/https://www.amazon.com/gp/aw/d/B0C7H38YBT/?_encoding=UTF8&pd_rd_plhdr=t&aaxitk=e1dc8951dc6a869de52e94b8a9c6e0fe&hsa_cr_id=0&qid=1784522094&sr=1-1-9e67e56a-6f64-441f-a281-df67fc737124&i=aps&aref=qwdxKUM9Cs&ref_=sbx__sbtcd_asin_0_bkgd&pd_rd_w=Xzoag&content-id=amzn1.sym.2fb72bc8-96ef-420d-b08f-c04b69f36507%3Aamzn1.sym.2fb72bc8-96ef-420d-b08f-c04b69f36507&pf_rd_p=2fb72bc8-96ef-420d-b08f-c04b69f36507&pf_rd_r=JWZCR9P4W069M4NS5YMA&pd_rd_wg=3qwJO&pd_rd_r=72f1cdec-58c2-4197-8aac-c9fe8f255040,"https://m.media-amazon.com/images/I/711Z9Ju3AqL._AC_SR160,134_CB1169409_QL70_.jpg",62,排名靠前；价格处于人民币等值¥180.00-¥288.00区间；评分达到4.3以上。
2026-07-20,amazon_us,product,search,women summer slippers,3,Chantomoo Slippers for Women Memory Foam House Bedroom Corduroy Bow Crossbands Slipper Shoes Comfy Trendy Gift Slippers Chantomoo Slippers for Women Memory Foam Hous…,¥287.93,4.4,,,,,,,https://aax-us-east-retail-direct.amazon.com/x/c/JM1Z3HP8HGPxm7_v8E53l9sAAAGffc46agEAAAH2AQBvbm9fdHhuX2JpZDYgICBvbm9fdHhuX2ltcDIgICCC1ah3/clv1c_ek-wBXfWLbTaXU6htplh_VZOmPqTLKMcltgeum-xuw-HFpbiZjiroUcArB-lacCgN6mHEDEyhOmgIMsqF1TnANYULwnx0Ip2txsVvk3ArN4-jZbpOdvscdHYI_lg-hrhOgyOwX4lfFHkPodATod4n8LY9L2dlUfi0pxY31erQY8TwVu87X4b2JFyuDMJVhblntFwmkJNG18YtdddtUZW16ExH305ggSS2TikiFAR57AlwzJmTvwFWHCaG9lF3hjXtDEOhXCun-JorqUTFRv9e6-YW9NJQftroQvEoInW6lZQrBYlD-bpK2vwYFBamjDn2r40ycwEwo2DoLA-OEmX3irm4TwpW0d4MtbmDjVxvTu-l2GuqzOCcE1Y7v0AZ3pkqxD2egcFawwT8bZRus-Yg059hDDx9QBbZ4rbT1Uvwmp3aTwOX_zsMSmSIi6wNTRt_OCiyvISgFHI8A0zWLycGIghq4a82A-DjAngc1l6pKIWT19Z7ksU4du51Uw2nJ6UOc6IV8Vlz2tNXMx2rmGaQsC_bnu8V36gEXDeYMKlPm2pcnjX556al2ABXLxxPEwy3pZLF-chhyiBXN2LyFDaiC1_hqSOEugQI4B8nw6FbRJIwFZNregKVxdErW8a26RvhY1YVbvB5_LtmcACuU5EJS3IfURsexFz22oIBvt0t0BP3RECKUKFOj3YUTBi-EsJlCA5jObtKCjPZYCp6_jNApoI0K3i6wfkPGFM7nU6ebFG0YNbnyuLaLcNNEIpN1zzCrB2vswinmpiFgIHLQ-JYWalSlk7fKtMOq1hDryu3zSbvMwj9z_iZGxJqVV9cg5dVwl-sUUb_IxJ371BR2jCv_blzI_XDVd1sMWPFO94g1BDGv53nu9lsRdjoefLUF-Wu4V1EuviuhSvfkh4dWy8DUGnOBXm1Jfo0aNY9JzWLYJlZ08SqwXa6othJF_ZCt2BeZQHq97bHiWuewXBHQ9ylF1Krp0b5pR0awYh42q6bjHmfnLDM_-_3pX2MGwcpzWep19Ip-fLJkhN9DsbEchlMGvJ6FsFDsy3mcO1WPYRdPoFG7ZAaa1O5RgVeizTSg6u6rSCDATjCHE8Dz8XZA6snjdWq66WR_OW_ZH8bNF1p13oYQayFwR_BTQkuLLU-b8ZeZExhq_yNNcPF3ml1c_ZBz1SyMhHLrSj3bLcu8dgBU2CCfin_64FCqvdjTU64S5dxKsMVWBIs1egjK3R6eg9qMZzXEsI5OzjfMSgHFaZEFIqbQhn_DZUXK5a_OzLgkSBbyowbizoFFPe8RAFh0ZcGWwi9z3e5ASKIPtkoqzhECHbBOr0YeJMQ0FtsnUoVjs3HlTp2nJwdLwOnf3CQ3s0aQFaSXavWaOhlmIHXf3qXhbuRL_LCZDGTzPjEqVAtofm9XSJ0K9wzvVCfyZcpAA5-fRvz-gmL1tvpzxUuODbaYS7pldSVaZTDy2mZhgjteoRB1-rUHUOPKKfj7JUP0llYhQlwzbifJ_ZmscLyc-EOz-zM7KIwWKbPDtK_hvCV-dDdZIaZxcX0gWMpjIbvx7__oOvIux1NgE413fzDS-n90KXtCwTz565dtmWgnB7rPPIxElLgLYmEMTitLpNsnCw3In8aTpXYCbjHmZFFnPT3OO1_MVX7uweZUPHN_wxkueA-zOw7xXsYJBJ3e08CLJVi14/https://www.amazon.com/gp/aw/d/B0FRZFL2QW/?_encoding=UTF8&pd_rd_plhdr=t&aaxitk=e1dc8951dc6a869de52e94b8a9c6e0fe&hsa_cr_id=0&qid=1784522094&sr=1-3-9e67e56a-6f64-441f-a281-df67fc737124&i=aps&aref=qwdxKUM9Cs&ref_=sbx__sbtcd_asin_2_bkgd&pd_rd_w=Xzoag&content-id=amzn1.sym.2fb72bc8-96ef-420d-b08f-c04b69f36507%3Aamzn1.sym.2fb72bc8-96ef-420d-b08f-c04b69f36507&pf_rd_p=2fb72bc8-96ef-420d-b08f-c04b69f36507&pf_rd_r=JWZCR9P4W069M4NS5YMA&pd_rd_wg=3qwJO&pd_rd_r=72f1cdec-58c2-4197-8aac-c9fe8f255040,"https://m.media-amazon.com/images/I/71Ku9McB09L._AC_SR160,134_CB1169409_QL70_.jpg",62,排名靠前；价格处于人民币等值¥180.00-¥288.00区间；评分达到4.3以上。
2026-07-20,amazon_us,product,search,women summer slippers,5,FITORY,¥196.27,4.3,FITORY,,,,,,https://www.amazon.com/FITORY-Sandals-Fashion-Leather-Slippers/dp/B0CM5N7R34/ref=sr_1_2?dib=eyJ2IjoiMSJ9.edQbWdZgRC57j1GkLLh3ypLpGy5JjTF-VSN3Bkds4s6Z7XN1biWVvUmm3ko_Er2x5pXSMH0QsST4UOlft_S2gZPkRq3kQE5jW1NuvphqiLKmY-WKC8NKDnHT_c53wuYv4XjEn8SOXCI_9bV8j5-JOl7UjghlIvgHlpefyY5AHaLQLDNswGAaK2mamVOePEXhCCiWA5qPXVPAWZXDMaDegeYn8s8g4xM_sGCkzViqL_W7DwNEXeDdl-vTgsp4rkZLePlzmpzndOJkE9tUSCn7SPr_dcoWHgIaiHPl4D9yNts.wuXOzzPi1WXg9aMgAyFpqlL3sVP7duutNCZzJ_pFGUo&dib_tag=se&keywords=women+summer+slippers&qid=1784522094&sr=8-2,https://m.media-amazon.com/images/I/71fgVPQ6SpL._AC_UL320_.jpg,62,排名靠前；价格处于人民币等值¥180.00-¥288.00区间；评分达到4.3以上。
2026-07-20,amazon_us,product,search,women summer slippers,23,"Women's Open Toe House Slippers – Breathable Waffle Fabric, Memory Foam Cushioning, Slip-On Summer Indoor Slippers, Non-Slip TPR Sole, Easy Care",¥79.13,4.2,100+ bought in past month,,,,,,https://www.amazon.com/Yoerpe-Womens-House-Slippers-Slip/dp/B0DRNVC3W2/ref=sr_1_15?dib=eyJ2IjoiMSJ9.edQbWdZgRC57j1GkLLh3ypLpGy5JjTF-VSN3Bkds4s6Z7XN1biWVvUmm3ko_Er2x5pXSMH0QsST4UOlft_S2gZPkRq3kQE5jW1NuvphqiLKmY-WKC8NKDnHT_c53wuYv4XjEn8SOXCI_9bV8j5-JOl7UjghlIvgHlpefyY5AHaLQLDNswGAaK2mamVOePEXhCCiWA5qPXVPAWZXDMaDegeYn8s8g4xM_sGCkzViqL_W7DwNEXeDdl-vTgsp4rkZLePlzmpzndOJkE9tUSCn7SPr_dcoWHgIaiHPl4D9yNts.wuXOzzPi1WXg9aMgAyFpqlL3sVP7duutNCZzJ_pFGUo&dib_tag=se&keywords=women+summer+slippers&qid=1784522094&sr=8-15,https://m.media-amazon.com/images/I/71SCWRu9pbL._AC_UL320_.jpg,62,排名进入前30；评论数达到50以上；价格处于人民币等值¥57.60-¥180.00黄金区间；标题包含 summer，符合美国女鞋舒适化趋势；评分达到4.0以上。
2026-07-20,amazon_us,product,search,women slides,9,CUSHIONAIRE,¥194.33,4.4,CUSHIONAIRE,,,,,,https://www.amazon.com/CUSHIONAIRE-Womens-Feather-recovery-Comfort/dp/B0BTQ7ZS7B/ref=sr_1_8?dib=eyJ2IjoiMSJ9.RrPumS3Ni8XWS9mPWZVEoPInrt2RHyBcd8_hgzLhdqLrIRFgnAvrzGhlupVAEArOziMpWkWsMhbJUOMeIQN2enDwVxpM_QtnYgMwboWrX2TR6hVnUodjdUgEW_ChxYlVIfZLA5SeB_tu7FmkS63jd3jfIqM4hgYf9P_cdlB2KhfVdZCZfxD0ehUgdkdTwNzsAnAmkJ7cSntl8r6WDWoa807td9w2M9tx6EDkWanSU1JMoGH-gi-QSZXOFakFBmtBnKmF0S2sgcUvwtAvRR-qS8HGfTDWX0FTmsU4FY_KGnY.crsZRtfvClzucdNtqWNhNGubYifuq5yXm6ScvJ26qwM&dib_tag=se&keywords=women+slides&qid=1784522096&sr=8-8,https://m.media-amazon.com/images/I/81PBXKFp76L._AC_UL320_.jpg,62,排名靠前；价格处于人民币等值¥180.00-¥288.00区间；评分达到4.3以上。
2026-07-20,amazon_us,product,search,platform sandals women,7,mysoft,¥194.33,4.1,mysoft,,,,,,https://www.amazon.com/sspa/click?ie=UTF8&spc=MTo3MzI2NTA5NjU0NDEwNDgxOjE3ODQ1MjIwOTY6c3Bfc2VhcmNoX3RoZW1hdGljOjIwMDEzNjc2OTM0OTY5ODo6MTo6&url=%2Fmysoft-Platform-Sandals-Elastic-Comfortable%2Fdp%2FB0B71M63WL%2Fref%3Dsxin_19_pa_sp_search_thematic_sspa%3Fcontent-id%3Damzn1.sym.0c718b35-8c59-4938-97bf-b9d1819ea929%253Aamzn1.sym.0c718b35-8c59-4938-97bf-b9d1819ea929%26cv_ct_cx%3Dplatform%2Bsandals%2Bwomen%26keywords%3Dplatform%2Bsandals%2Bwomen%26pd_rd_i%3DB0B71M63WL%26pd_rd_r%3D3740be6e-06a2-493b-902e-8aca8ca9c02f%26pd_rd_w%3D2CQcc%26pd_rd_wg%3DchfTv%26pf_rd_p%3D0c718b35-8c59-4938-97bf-b9d1819ea929%26pf_rd_r%3D307KCSPJCY9XF1N8RMCH%26qid%3D1784522096%26sbo%3DRZvfv%252F%252FHxDF%252BO5021pAnSA%253D%253D%26sr%3D1-2-e169343e-09af-4d41-85b1-8335fe8f32d0-spons%26aref%3DB9Af9GWL9i%26sp_csd%3Dd2lkZ2V0TmFtZT1zcF9zZWFyY2hfdGhlbWF0aWM%26psc%3D1&aref=B9Af9GWL9i,https://m.media-amazon.com/images/I/712vAw2na9L._AC_UL320_.jpg,62,排名靠前；价格处于人民币等值¥180.00-¥288.00区间；标题包含 soft，符合美国女鞋舒适化趋势；评分达到4.0以上。
2026-07-20,amazon_us,product,search,platform sandals women,9,PIZZ ANNU,¥237.53,4.3,PIZZ ANNU,,,,,,https://www.amazon.com/sspa/click?ie=UTF8&spc=MTo3MzI2NTA5NjU0NDEwNDgxOjE3ODQ1MjIwOTY6c3Bfc2VhcmNoX3RoZW1hdGljOjMwMDY1NjE4MjkzMDIwMjo6Mzo6&url=%2FPIZZ-ANNU-Womens-Sandals-Comfortable%2Fdp%2FB09YR2H94D%2Fref%3Dsxin_19_pa_sp_search_thematic_sspa%3Fcontent-id%3Damzn1.sym.0c718b35-8c59-4938-97bf-b9d1819ea929%253Aamzn1.sym.0c718b35-8c59-4938-97bf-b9d1819ea929%26cv_ct_cx%3Dplatform%2Bsandals%2Bwomen%26keywords%3Dplatform%2Bsandals%2Bwomen%26pd_rd_i%3DB09YR2H94D%26pd_rd_r%3D3740be6e-06a2-493b-902e-8aca8ca9c02f%26pd_rd_w%3D2CQcc%26pd_rd_wg%3DchfTv%26pf_rd_p%3D0c718b35-8c59-4938-97bf-b9d1819ea929%26pf_rd_r%3D307KCSPJCY9XF1N8RMCH%26qid%3D1784522096%26sbo%3DRZvfv%252F%252FHxDF%252BO5021pAnSA%253D%253D%26sr%3D1-4-e169343e-09af-4d41-85b1-8335fe8f32d0-spons%26aref%3DRHm5rYMRJv%26sp_csd%3Dd2lkZ2V0TmFtZT1zcF9zZWFyY2hfdGhlbWF0aWM%26psc%3D1&aref=RHm5rYMRJv,https://m.media-amazon.com/images/I/71hgnZcGqUL._AC_UL320_.jpg,62,排名靠前；价格处于人民币等值¥180.00-¥288.00区间；评分达到4.3以上。
2026-07-20,amazon_us,product,new_releases,New Releases Women Sandals,9,"CUSHIONAIRE Expo Thong Sandals for Women, Comfortable Slingback Sandals with Arch Support and Cushioned Footbed",,4.2,$39.98,,,,,,https://www.amazon.com/CUSHIONAIRE-Comfortable-Slingback-Cushioned-CHOCOLATE/dp/B0GZJ7YGHX/ref=zg_bsnr_g_679425011_d_sccl_9/146-0936993-4719063?psc=1,"https://images-na.ssl-images-amazon.com/images/I/71P3k5SiVZL._AC_UL600_SR600,400_.jpg",61,排名靠前；标题包含 comfort、arch support，符合美国女鞋舒适化趋势；评分达到4.0以上。
2026-07-20,amazon_us,product,search,platform sandals women,2,"Sorel Women's Sunpeak Wedge Ankle Strap, Iced Tea/Snow, 7.5 Regular Sorel Women's Sunpeak Wedge Ankle Strap, Iced Tea…",¥810.00,4.8,,,,,,,https://aax-us-east-retail-direct.amazon.com/x/c/JHWXqt9AQZX0D-iKlKqnlgMAAAGffc4_bQEAAAH2AQBvbm9fdHhuX2JpZDQgICBvbm9fdHhuX2ltcDEgICCmvy5w/clv1c_ek-wBffXJbTannfycJhhu8EDkHqSFLDeSGZL8DOMDpt3cuXVT-lfa6LaaOLovX7joVrKELFnrZanv4ZbLEbI6RdrVnJ9rIuZpqzAJhfnX426ugnzwhUAxmLxzjlUJnRsYXMLPT1DFFSeS2QGFgf5spDbveXcFlH2wvLk71eoT4gzYVu9JQMrqZ1ReEB3wq-qqmQMUVwWGwzATTTdEwvF5jbQj0smYBrikQCuCPCRCm3MeLyanUP2CHO2R489DI76Y8C14lhkLIMC97eMZXiQkB6LSKi3I0OWORMWHUQ13U9PUJHHQaR_kJB_HAD9gmFeeKwmkT2A04yfWucoExzgUGhUwsnnVNfp6c2ZXqxUyv9trf5acHdyTVRwMAs8cj5kxmfcXL7WlKiD6Gt-obFOIBsdh03dcIe6APHsVjXKwHemzbWsoTR2txnoz-r-KjE1TGmUVJw-GgULN6WrF9VTbJmNdUC0UaIMb1JRWL3uZQ_zmjmT6T52aqnhMJtc4CJMhsWAV183z7pBWvEMqA2BIMBgWgzXOU4WIg6p9aMEQE-yxoPhEOPcR9Ktwt3tm4Ggvn8Loo0xtCMgRjp3B85fA13T6ojlWJ1NpsYos2fGJgnVs06MsujriKkRANOp4FiBDZ7n4YB-mKAPSjL9zW9pPwRzrBOT6ImwpPD1SdXW9onymFWfoflJTnOV4fdqJNsFS-oajALwWKNIrGndBl5_5hjZuTJhRJ523OKOAePVNobfBYGHEXoUTs1Mm4DZpZtIDXHYgigfhbis3U9-RWctTjskNdQ2aIgzZd32lorwkZrPopGsU-7g8yujnR_oR0zvzve8YK0O-dCp9U2zpYO7_D3_yJtvE5a3Fwk0x6TyM4iyY35142pCDMW1hgEaQVxjuo11fCbN05JM3bGCN5iRpI0rP0E2H3Vs70httAjHDNsRYdPuHhBgHGSU7Qn2VaZJxQBXKik88BqLjTJBJ7-LEUgXyL7v4iGbVIlQSytGkDGnV3Y_dGeO56wvnLM7qmw5zefrEL39Ywe9rkeR9obxKLmgnbuAXqGPh8MYS8IT-E90LXr6HKI2rDUicu6R24POexPSsiIFryIvy_twh3_ii5zzzhzcmQuYOXObf8kpyEphtntQxZtUFi4pc_g6r0VpuO14HWtrOqO7sF8ZMndSAbjg-swRLJQ7lX2UqX-RUNdX8PMcr-Whymu9al_R9EPRANd66ti1YPEsBcdwQqwc5JRXplRVeICOEdM7D_08fPwsQSA4SDzF_Tkb9CuBeNbSloI3824S2WXa61aTDjDX4J6JB1Ww3tLUnLVFcGyGKmgkFK9MrFBkKU1z1V5YXbblealjlPRc-qjVf4ZzshlV7bdKsbQgkhtpHn87Hl_MBFDsihSYx0ClO_R_bsZAoNXOzwpkBFwRcFi-RHcO_615tDIxGJluKEdAdP9Qccl8yFjxBl3KmN6XkO_6ZfjPRFnvlIw0r5kiWJp-0mGSOtW7t2xfFMeUjTJQpsvClyJ9AK_NqGqWDcsLoaS_C42bA2INv7vwhOP-M5wTG0INovrQE8fbllf2wdgMxGUycgWT-dao63C3mEVzoUSFjgLYtwkjefXSJO9RyDxJNHSNZYMc6vyINeUUJ01NhQxxa7YEkDtF_9TPn9OWWlJsN9uwfhkYtVe0iXtQRxaJwRQ60B-O5xDgv8PY8TUWVxVbMpsinw/https://www.amazon.com/gp/aw/d/B0F8D6PCQL/?_encoding=UTF8&pd_rd_plhdr=t&aaxitk=b8fdff5d0a92fb43ad129171fd02a1a5&hsa_cr_id=0&qid=1784522096&sr=1-2-9e67e56a-6f64-441f-a281-df67fc737124&i=aps&aref=rDDkVfxPg8&ref_=sbx__sbtcd_asin_1_bkgd&pd_rd_w=nMiA5&content-id=amzn1.sym.2fb72bc8-96ef-420d-b08f-c04b69f36507%3Aamzn1.sym.2fb72bc8-96ef-420d-b08f-c04b69f36507&pf_rd_p=2fb72bc8-96ef-420d-b08f-c04b69f36507&pf_rd_r=307KCSPJCY9XF1N8RMCH&pd_rd_wg=4EEcA&pd_rd_r=62b0021e-7c52-4c9c-b819-30886e6efe60,"https://m.media-amazon.com/images/I/71-mn-Y6B1L._AC_SR160,134_CB1169409_QL70_.jpg",61,排名靠前；价格高于人民币等值¥288.00；标题包含 wedge，符合美国女鞋舒适化趋势；评分达到4.6以上。
2026-07-20,amazon_us,product,new_releases,New Releases Women Sandals,23,Project Cloud 100% Genuine Leather Heeled Sandals for Women - Memory Foam Insole Sandals Women Footwear - Non-Slip Womens Sandals - Block Heels For Women - Womens Slides (Opal),,4.4,$49.90,,,,,,https://www.amazon.com/Project-Cloud-Genuine-Leather-Sandals/dp/B0GYFT1J3P/ref=zg_bsnr_g_679425011_d_sccl_23/146-0936993-4719063?psc=1,"https://images-na.ssl-images-amazon.com/images/I/71dFQTe9v6L._AC_UL600_SR600,400_.jpg",60,排名进入前30；标题包含 cloud，符合美国女鞋舒适化趋势；cloud + slides组合趋势加分；评分达到4.3以上。
2026-07-20,amazon_us,product,search,platform sandals women,13,Project Cloud,¥287.28,4.3,Project Cloud,,,,,,https://www.amazon.com/Project-Cloud-Platform-Sandals-Footwear/dp/B0DR3K9KR4/ref=sr_1_5?dib=eyJ2IjoiMSJ9.3zo6vUgTuNV2_oDBDGXaTbtkDXfaI8uJahwLisIof4DobZ0KAM3eeJQk-fSOlpH2bGmEr-odu4H5D4qzU7S7uU_SBihnWRVa7bVTMj2G7ciVbKbi1y52BsS7947J7h6bOtEIiPP7KgJ6koOK3Df1kI7VrzOL-6oA5bKzlN0SuwaBup5D5iV4jTCP2k_vsHehG6RWIxNPGD_BWSLZ_3jW8ZWWfAfs6lxGrzbwj0htLKVte3C6Qni0lMelfVtriQkkFE9AzdaIFVnFi1je0qMBcueJ5vqYGivOCG6oS4WoU0o.Kc3s8wCGQ_Epn9IDGjZPZM_ox-zkKJO0xD6ksrlkheY&dib_tag=se&keywords=platform+sandals+women&qid=1784522096&sr=8-5,https://m.media-amazon.com/images/I/71lJvDGljyL._AC_UL320_.jpg,60,排名进入前30；价格处于人民币等值¥180.00-¥288.00区间；标题包含 cloud，符合美国女鞋舒适化趋势；评分达到4.3以上。
2026-07-20,amazon_us,product,best_sellers,Best Sellers Women Sandals,15,KuaiLu Womens Fashion Orthotic Slides Ladies Athletic Yoga Mat Memory Foam Walking Sandals Thick Cushion Recovery Summer Beach Slippers Comfortable Plantar Fasciitis Arch Support,,4.0,$25.99,,,,,,https://www.amazon.com/Orthotic-Lightweight-Athletic-Comfortable-Fasciitis/dp/B092ZS2B5S/ref=zg_bs_g_679425011_d_sccl_15/141-6992112-1340110?psc=1,"https://images-na.ssl-images-amazon.com/images/I/71Rxka3CPTL._AC_UL600_SR600,400_.jpg",59,排名进入前30；标题包含 recovery、comfort、arch support、beach、summer，符合美国女鞋舒适化趋势；评分达到4.0以上。
2026-07-20,amazon_us,product,search,women summer slippers,10,KuaiLu,¥187.13,4.2,KuaiLu,,,,,,https://www.amazon.com/KuaiLu-Comfortable-Walking-Plantar-Fasciitis/dp/B0BN3DW8ZP/ref=sr_1_7?dib=eyJ2IjoiMSJ9.edQbWdZgRC57j1GkLLh3ypLpGy5JjTF-VSN3Bkds4s6Z7XN1biWVvUmm3ko_Er2x5pXSMH0QsST4UOlft_S2gZPkRq3kQE5jW1NuvphqiLKmY-WKC8NKDnHT_c53wuYv4XjEn8SOXCI_9bV8j5-JOl7UjghlIvgHlpefyY5AHaLQLDNswGAaK2mamVOePEXhCCiWA5qPXVPAWZXDMaDegeYn8s8g4xM_sGCkzViqL_W7DwNEXeDdl-vTgsp4rkZLePlzmpzndOJkE9tUSCn7SPr_dcoWHgIaiHPl4D9yNts.wuXOzzPi1WXg9aMgAyFpqlL3sVP7duutNCZzJ_pFGUo&dib_tag=se&keywords=women+summer+slippers&qid=1784522094&sr=8-7,https://m.media-amazon.com/images/I/61Qb8hEa+tL._AC_UL320_.jpg,59,排名靠前；价格处于人民币等值¥180.00-¥288.00区间；评分达到4.0以上。
2026-07-20,amazon_us,product,best_sellers,Best Sellers Women Sandals,23,OOFOS OOriginal Recovery Sandal - Women’s and Men’s,,4.6,$59.95,,,,,,https://www.amazon.com/OOFOS-Unisex-Original-Thong-Black/dp/B007VDJSTI/ref=zg_bs_g_679425011_d_sccl_23/141-6992112-1340110?psc=1,"https://images-na.ssl-images-amazon.com/images/I/51qiZpHX64L._AC_UL600_SR600,400_.jpg",58,排名进入前30；评论数达到50以上；标题包含 recovery，符合美国女鞋舒适化趋势；评分达到4.6以上。
2026-07-20,amazon_us,product,new_releases,New Releases Women Sandals,4,"CUSHIONAIRE Siesta Modern Lattice Ballet Flats for Women, Comfortable Slip On Pointed Toe Womens Jelly Shoes",,4.3,$39.99,,,,,,https://www.amazon.com/CUSHIONAIRE-Siesta-Lattice-Comfortable-Pointed/dp/B0GYQ3JK18/ref=zg_bsnr_g_679425011_d_sccl_4/146-0936993-4719063?psc=1,"https://images-na.ssl-images-amazon.com/images/I/81aIqaR3TYL._AC_UL600_SR600,400_.jpg",58,排名靠前；标题包含 comfort，符合美国女鞋舒适化趋势；评分达到4.3以上。
2026-07-20,amazon_us,product,new_releases,New Releases Women Sandals,10,adidas Unisex-Adult Adilette Comfort 2.0 Slide Sandal,,4.5,$30.00,,,,,,https://www.amazon.com/adidas-Unisex-Adilette-Comfort-Sandal/dp/B0F2B84XX9/ref=zg_bsnr_g_679425011_d_sccl_10/146-0936993-4719063?psc=1,"https://images-na.ssl-images-amazon.com/images/I/51qn7G+PVyL._AC_UL600_SR600,400_.jpg",58,排名靠前；标题包含 comfort，符合美国女鞋舒适化趋势；评分达到4.3以上。
2026-07-20,amazon_us,product,search,platform sandals women,5,Crocs,¥395.64,4.6,Crocs,,,,,,https://www.amazon.com/Crocs-Brooklyn-Low-Wedge-Black/dp/B07YQRHTG4/ref=sr_1_2?dib=eyJ2IjoiMSJ9.3zo6vUgTuNV2_oDBDGXaTbtkDXfaI8uJahwLisIof4DobZ0KAM3eeJQk-fSOlpH2bGmEr-odu4H5D4qzU7S7uU_SBihnWRVa7bVTMj2G7ciVbKbi1y52BsS7947J7h6bOtEIiPP7KgJ6koOK3Df1kI7VrzOL-6oA5bKzlN0SuwaBup5D5iV4jTCP2k_vsHehG6RWIxNPGD_BWSLZ_3jW8ZWWfAfs6lxGrzbwj0htLKVte3C6Qni0lMelfVtriQkkFE9AzdaIFVnFi1je0qMBcueJ5vqYGivOCG6oS4WoU0o.Kc3s8wCGQ_Epn9IDGjZPZM_ox-zkKJO0xD6ksrlkheY&dib_tag=se&keywords=platform+sandals+women&qid=1784522096&sr=8-2,https://m.media-amazon.com/images/I/7146HmICxBL._AC_UL320_.jpg,58,排名靠前；价格高于人民币等值¥288.00；评分达到4.6以上。
2026-07-20,amazon_us,product,best_sellers,Best Sellers Women Sandals,14,KuaiLu Womens Arch Support Flip Flops Comfortable Yoga Mat Slip on Summer Beach Walking Thong Cushion Sandals,,4.2,$13.99,,,,,,https://www.amazon.com/KuaiLu-Support-Comfortable-Cushion-Walking/dp/B08GKGCH2R/ref=zg_bs_g_679425011_d_sccl_14/141-6992112-1340110?psc=1,"https://images-na.ssl-images-amazon.com/images/I/81-DUybjK+L._AC_UL600_SR600,400_.jpg",57,排名进入前30；标题包含 comfort、arch support、beach、summer，符合美国女鞋舒适化趋势；评分达到4.0以上。
2026-07-20,amazon_us,product,best_sellers,Best Sellers Women Sandals,17,KuaiLu Womens Arch Support Flip Flops Ladies Comfort Lightweight Soft Yoga Mat Cushion Walking Thong Sandals,,4.5,$15.99,,,,,,https://www.amazon.com/KuaiLu-Comfortable-Waterproof-Supportive-Flipflops/dp/B0CTML36SJ/ref=zg_bs_g_679425011_d_sccl_17/141-6992112-1340110?psc=1,"https://images-na.ssl-images-amazon.com/images/I/71FLg8v7ZyL._AC_UL600_SR600,400_.jpg",57,排名进入前30；标题包含 comfort、arch support、soft，符合美国女鞋舒适化趋势；评分达到4.3以上。
2026-07-20,amazon_us,product,new_releases,New Releases Women Sandals,22,RJYLP Jelly Sandals for Women Clear Sandals Jelly Shoes Women Kitten Heel Mules Open Toe Slide Pumps Dress Shoes Beach Summer Sandal Cute Comfortable,,4.7,$46.99,,,,,,https://www.amazon.com/RJYLP-Sandals-Kitten-Summer-Comfortable/dp/B0H3NPG132/ref=zg_bsnr_g_679425011_d_sccl_22/146-0936993-4719063?psc=1,"https://images-na.ssl-images-amazon.com/images/I/61SdeC7gxAL._AC_UL600_SR600,400_.jpg",57,排名进入前30；标题包含 comfort、beach、summer，符合美国女鞋舒适化趋势；评分达到4.6以上。
2026-07-20,amazon_us,product,new_releases,New Releases Women Sandals,37,"QIY Flip Flops for Women Square Toe Platform Sandals Slides | Memory Foam Insole - Lightweight and Comfortable, Women Footwear Summer Thong Sandals for Women 2026",,4.6,$29.99,,,,,,https://www.amazon.com/QIY-Square-Platform-Sandals-Slides/dp/B0H13TFZLC/ref=zg_bsnr_g_679425011_d_sccl_37/141-6992112-1340110?psc=1,"https://images-na.ssl-images-amazon.com/images/I/61c-vvOzT2L._AC_UL300_SR300,200_.jpg",57,排名进入前50；标题包含 platform、comfort、summer，符合美国女鞋舒适化趋势；platform + comfort组合趋势加分；评分达到4.6以上。
2026-07-20,amazon_us,product,search,women summer slippers,12,Tunmigame Slippers for Women Memory Foam Bow House Slippers Crossband Open Toe Slides Sandals Shoes Non-slip House Shoes Tunmigame Slippers for Women Memory Foam Bow House Slippers Crossband Open Toe Slides Sandals Sh…,¥86.33,4.4,4.4,,,,,,https://aax-us-east-retail-direct.amazon.com/x/c/JJkq39P5KMp8WlkqOGhYoxoAAAGffc46YgEAAAH2AQBvbm9fdHhuX2JpZDQgICBvbm9fdHhuX2ltcDEgICCL-7F8/clv1c_ek-wBPHzasba7UYnIk0FLWbeGcGXMwtZZnD4a5jTj8nCajwjJKLqz2uo6v3YePx5wm2O6uISaNeMbIHq7UDwYpICe-K5zhmUd5pNHsK23Myn4rFK5CaKK0jg4np9q0hsm5qL6ingIG2RYrq_RoJ7ttLJIF2cmH2qh9aIl3cLzoAMbYMnl8ByfMaKBoGggConSvvt6FpNZ18YtdddtUETYA_OHFE6QWumiRikalIh57Dk5JfgDvwp1WuaG_l90BxXEN9GJe6Mn-Jopg6xw0GV7BHPIJiSER-apx7xYGSNXlBKtLdevCV0kx6vwsMwJU0GvVNxfaNaLXgIhpAICheKP8J6zoRzbU9KKt7kELX8MiKBSMp8oQJA_PYVmlrOfnhNgS1Co0rr1iyx0bBRuveijCoF7ZrGlQRot_TdyJpe2DKk1ZlXrSlyaSNa6bmCEjbHOrkjUWQf4iTu7ixTttDMbWmiH8LxE6KrAJHRuJ505u_eUD-QrW3xRvcg5_ZmQ7Tnj0HP3QdXm_joDDwYd9r9iRV6K-PajYnI8SVnuZtR-rz6G9MGaHH1XAZJUXuAvlJlwIkpsQGEI7Cho9QWC45bi9JlkpKnPpGGsB37uqXb4k-03oAAMqmyU1Q8dktRfWEDNJSHTZSHGLFKpiPD9F8WYFdaoOYAUQ_c09NKj_K1vG9DgNLd4sJ4Wjnhj6duNGhKtnjc1GUAwS8qOr_MGsMf76WjtZy2kL5tM4VtMoUA5Htr7zKRjZy2ClOzeyapOm074aw9_FYUZOMiOM_beiNrsA-62MnfQllSzFHM5A8pJQbZ7qHHdbjA87xQR_JdD8TIGfnOX4M9GtIEWYc-lvyjO6qOq7zSLvy5zuQPxcnV3S0c5qWtJck_LjkWUzGzYgZ5LuFP8ru9Ax0P9i5Rui_-VLCmTYbhzRADCR7OSPS1U5KEs_TxjRjh4zk0o_SBcKWjjh_4B4YALzTOal9YgnzCGhal38jIAvQ_g6h51ROG-DDtquiQZrOZL5VSjZX5kdIJSWulgeor1AnG1hf_fnr03-WuQ6e5EEiCirI0HeoAccwnA_-Deqh63MG8f0yJ6bIecy4-QnYpi2AVQzPnBwHE1xk2S2SVDI7Fj7sJCQrjtBUYsZ1G-G2X5PSwQ2IFdp0xVSFoY1H23sNVjXMT7wMWf8kFYYs05LgNuo_HG4b0s68dupzxiaAddseSLqtSFL1PJviN47XnfTA6KSq-ubO-tpQRM74sb2Tm_FCFGNcnJbOq1C7IBaItq_UE2Ey2u1EwoT85h3cPpKyX89Vp1R-ciGKUXfHI9r7FLm7FXYwb8SeoSljrZkfM1inU9OAUhFoBwNzoNlUENSoEqg-ZqVgKXlO0zbueCE5O-Ei3nIzgyMcV9pbkTqxp_1f5WMrTsSS4e0Xjpy6m_GH7Pcc6oNSaBPhG6G0xEK2p0KyJvjl8SATzGj9tINoCJ7uiliVdvog6xchZFwylZz5KtI6lkU7OVTYWWRsZGguTO4mGi1j2pAUIxUnIYcSZcaV6diVQqBPVHsRjhaDKdNM1z1w97swmzhHglAKnF4xVP5aXXEbnByqdyoIC6n545yDU5ZgokFdj6fLbUe-goxbzBSN9NBWQuOCB7ricYIIvDftMfODmPSR1sLE75R1yJ7sFryCI8ss36wRHq9wy6CiF6vILUNReVSEZ6ZHgYHwrDpIxeMnWQbT6sdsUxTU/https://www.amazon.com/gp/aw/d/B0GF7YV9ST/?_encoding=UTF8&pd_rd_plhdr=t&aaxitk=c6d2e97720d6b30982cbc29fa9a4a843&hsa_cr_id=0&qid=1784522094&sr=1-1-f02f01d6-adaf-4bef-9a7c-29308eff9043&ref_=sbx__sbtcd2_asin_0_bkgd&pd_rd_w=Ak6kJ&content-id=amzn1.sym.5159d9cb-0665-4a83-8f64-8881eaba312a%3Aamzn1.sym.5159d9cb-0665-4a83-8f64-8881eaba312a&pf_rd_p=5159d9cb-0665-4a83-8f64-8881eaba312a&pf_rd_r=JWZCR9P4W069M4NS5YMA&pd_rd_wg=GKJFV&pd_rd_r=61014325-0f0f-41d0-87da-63b2d2a3a615,"https://m.media-amazon.com/images/I/71Xzskcx8VL._AC_SR322,134_CB1169409_QL70_.jpg",57,排名进入前30；价格处于人民币等值¥57.60-¥180.00黄金区间；评分达到4.3以上。
2026-07-20,amazon_us,product,search,women summer slippers,14,Tunmigame Slippers for Women Memory Foam Bow House Slippers Crossband Open Toe Slides Sandals Shoes Non-slip House Shoes Tunmigame Slippers for Women Memory Foam Bow House Slippers Crossband Open Toe Slides Sandals Sh…,¥121.61,4.4,4.4,,,,,,https://aax-us-east-retail-direct.amazon.com/x/c/JJkq39P5KMp8WlkqOGhYoxoAAAGffc46YgEAAAH2AQBvbm9fdHhuX2JpZDQgICBvbm9fdHhuX2ltcDEgICCL-7F8/clv1c_ek-wBPHzasba7UYnIk0FLWbeGcGXMwtZZnD4a5jTj8nCajwjJKLqz2uo6v3YePx5wm2O6uISaNeMbIHq7UDwYpICe-K5zhmUd5pNHsK23Myn4rFK5CaKK0jg4np9q0hsm5qL6ingIG2RYrq_RoJ7ttLJIF2cmH2qh9aIl3cLzoAMbYMnl8ByfMaKBoGggConSvvt6FpNZ18YtdddtUETYA_OHFE6QWumiRikalIh57Dk5JfgDvwp1WuaG_l90BxXEN9GJe6Mn-Jopg6xw0GV7BHPIJiSER-apx7xYGSNXlBKtLdevCV0kx6vwsMwJU0GvVNxfaNaLXgIhpAICheKP8J6zoRzbU9KKt7kELX8MiKBSMp8oQJA_PYVmlrOfnhNgS1Co0rr1iyx0bBRuveijCoF7ZrGlQRot_TdyJpe2DKk1ZlXrSlyaSNa6bmCEjbHOrkjUWQf4iTu7ixTttDMbWmiH8LxE6KrAJHRuJ505u_eUD-QrW3xRvcg5_ZmQ7Tnj0HP3QdXm_joDDwYd9r9iRV6K-PajYnI8SVnuZtR-rz6G9MGaHH1XAZJUXuAvlJlwIkpsQGEI7Cho9QWC45bi9JlkpKnPpGGsB37uqXb4k-03oAAMqmyU1Q8dktRfWEDNJSHTZSHGLFKpiPD9F8WYFdaoOYAUQ_c09NKj_K1vG9DgNLd4sJ4Wjnhj6duNGhKtnjc1GUAwS8qOr_MGsMf76WjtZy2kL5tM4VtMoUA5Htr7zKRjZy2ClOzeyapOm074aw9_FYUZOMiOM_beiNrsA-62MnfQllSzFHM5A8pJQbZ7qHHdbjA87xQR_JdD8TIGfnOX4M9GtIEWYc-lvyjO6qOq7zSLvy5zuQPxcnV3S0c5qWtJck_LjkWUzGzYgZ5LuFP8ru9Ax0P9i5Rui_-VLCmTYbhzRADCR7OSPS1U5KEs_TxjRjh4zk0o_SBcKWjjh_4B4YALzTOal9YgnzCGhal38jIAvQ_g6h51ROG-DDtquiQZrOZL5VSjZX5kdIJSWulgeor1AnG1hf_fnr03-WuQ6e5EEiCirI0HeoAccwnA_-Deqh63MG8f0yJ6bIecy4-QnYpi2AVQzPnBwHE1xk2S2SVDI7Fj7sJCQrjtBUYsZ1G-G2X5PSwQ2IFdp0xVSFoY1H23sNVjXMT7wMWf8kFYYs05LgNuo_HG4b0s68dupzxiaAddseSLqtSFL1PJviN47XnfTA6KSq-ubO-tpQRM74sb2Tm_FCFGNcnJbOq1C7IBaItq_UE2Ey2u1EwoT85h3cPpKyX89Vp1R-ciGKUXfHI9r7FLm7FXYwb8SeoSljrZkfM1inU9OAUhFoBwNzoNlUENSoEqg-ZqVgKXlO0zbueCE5O-Ei3nIzgyMcV9pbkTqxp_1f5WMrTsSS4e0Xjpy6m_GH7Pcc6oNSaBPhG6G0xEK2p0KyJvjl8SATzGj9tINoCJ7uiliVdvog6xchZFwylZz5KtI6lkU7OVTYWWRsZGguTO4mGi1j2pAUIxUnIYcSZcaV6diVQqBPVHsRjhaDKdNM1z1w97swmzhHglAKnF4xVP5aXXEbnByqdyoIC6n545yDU5ZgokFdj6fLbUe-goxbzBSN9NBWQuOCB7ricYIIvDftMfODmPSR1sLE75R1yJ7sFryCI8ss36wRHq9wy6CiF6vILUNReVSEZ6ZHgYHwrDpIxeMnWQbT6sdsUxTU/https://www.amazon.com/gp/aw/d/B0GF7L6XGH/?_encoding=UTF8&pd_rd_plhdr=t&aaxitk=c6d2e97720d6b30982cbc29fa9a4a843&hsa_cr_id=0&qid=1784522094&sr=1-3-f02f01d6-adaf-4bef-9a7c-29308eff9043&ref_=sbx__sbtcd2_asin_2_bkgd&pd_rd_w=Ak6kJ&content-id=amzn1.sym.5159d9cb-0665-4a83-8f64-8881eaba312a%3Aamzn1.sym.5159d9cb-0665-4a83-8f64-8881eaba312a&pf_rd_p=5159d9cb-0665-4a83-8f64-8881eaba312a&pf_rd_r=JWZCR9P4W069M4NS5YMA&pd_rd_wg=GKJFV&pd_rd_r=61014325-0f0f-41d0-87da-63b2d2a3a615,"https://m.media-amazon.com/images/I/71bPuvq-tzL._AC_SR322,134_CB1169409_QL70_.jpg",57,排名进入前30；价格处于人民币等值¥57.60-¥180.00黄金区间；评分达到4.3以上。
2026-07-20,amazon_us,product,search,women summer slippers,17,Evshine,¥86.33,4.4,Evshine,,,,,,https://www.amazon.com/Evshine-Summer-Slippers-Corduroy-Bedroom/dp/B0CSN39WDS/ref=sr_1_9?dib=eyJ2IjoiMSJ9.edQbWdZgRC57j1GkLLh3ypLpGy5JjTF-VSN3Bkds4s6Z7XN1biWVvUmm3ko_Er2x5pXSMH0QsST4UOlft_S2gZPkRq3kQE5jW1NuvphqiLKmY-WKC8NKDnHT_c53wuYv4XjEn8SOXCI_9bV8j5-JOl7UjghlIvgHlpefyY5AHaLQLDNswGAaK2mamVOePEXhCCiWA5qPXVPAWZXDMaDegeYn8s8g4xM_sGCkzViqL_W7DwNEXeDdl-vTgsp4rkZLePlzmpzndOJkE9tUSCn7SPr_dcoWHgIaiHPl4D9yNts.wuXOzzPi1WXg9aMgAyFpqlL3sVP7duutNCZzJ_pFGUo&dib_tag=se&keywords=women+summer+slippers&qid=1784522094&sr=8-9,https://m.media-amazon.com/images/I/71SaoMUrpoL._AC_UL320_.jpg,57,排名进入前30；价格处于人民币等值¥57.60-¥180.00黄金区间；评分达到4.3以上。
2026-07-20,amazon_us,product,search,women summer slippers,18,EverFoams,¥158.33,4.5,EverFoams,,,,,,https://www.amazon.com/EverFoams-Womens-Slippers-Memory-Outdoor/dp/B0CLGNYKFR/ref=sr_1_10?dib=eyJ2IjoiMSJ9.edQbWdZgRC57j1GkLLh3ypLpGy5JjTF-VSN3Bkds4s6Z7XN1biWVvUmm3ko_Er2x5pXSMH0QsST4UOlft_S2gZPkRq3kQE5jW1NuvphqiLKmY-WKC8NKDnHT_c53wuYv4XjEn8SOXCI_9bV8j5-JOl7UjghlIvgHlpefyY5AHaLQLDNswGAaK2mamVOePEXhCCiWA5qPXVPAWZXDMaDegeYn8s8g4xM_sGCkzViqL_W7DwNEXeDdl-vTgsp4rkZLePlzmpzndOJkE9tUSCn7SPr_dcoWHgIaiHPl4D9yNts.wuXOzzPi1WXg9aMgAyFpqlL3sVP7duutNCZzJ_pFGUo&dib_tag=se&keywords=women+summer+slippers&qid=1784522094&sr=8-10,https://m.media-amazon.com/images/I/81rGYT3pkaL._AC_UL320_.jpg,57,排名进入前30；价格处于人民币等值¥57.60-¥180.00黄金区间；评分达到4.3以上。
2026-07-20,amazon_us,product,search,women summer slippers,20,IPSAE,¥71.86,4.4,IPSAE,,,,,,https://www.amazon.com/IPSAE-Slippers-Corduroy-Slipper-Bedroom/dp/B0DB4W73J3/ref=sr_1_12?dib=eyJ2IjoiMSJ9.edQbWdZgRC57j1GkLLh3ypLpGy5JjTF-VSN3Bkds4s6Z7XN1biWVvUmm3ko_Er2x5pXSMH0QsST4UOlft_S2gZPkRq3kQE5jW1NuvphqiLKmY-WKC8NKDnHT_c53wuYv4XjEn8SOXCI_9bV8j5-JOl7UjghlIvgHlpefyY5AHaLQLDNswGAaK2mamVOePEXhCCiWA5qPXVPAWZXDMaDegeYn8s8g4xM_sGCkzViqL_W7DwNEXeDdl-vTgsp4rkZLePlzmpzndOJkE9tUSCn7SPr_dcoWHgIaiHPl4D9yNts.wuXOzzPi1WXg9aMgAyFpqlL3sVP7duutNCZzJ_pFGUo&dib_tag=se&keywords=women+summer+slippers&qid=1784522094&sr=8-12,https://m.media-amazon.com/images/I/71GcxKVQLUL._AC_UL320_.jpg,57,排名进入前30；价格处于人民币等值¥57.60-¥180.00黄金区间；评分达到4.3以上。
2026-07-20,amazon_us,product,search,women summer slippers,21,LongBay,¥143.93,4.5,LongBay,,,,,,https://www.amazon.com/LongBay-Slippers-Memory-Bedroom-Dual-Strap/dp/B0DP277YRM/ref=sr_1_13?dib=eyJ2IjoiMSJ9.edQbWdZgRC57j1GkLLh3ypLpGy5JjTF-VSN3Bkds4s6Z7XN1biWVvUmm3ko_Er2x5pXSMH0QsST4UOlft_S2gZPkRq3kQE5jW1NuvphqiLKmY-WKC8NKDnHT_c53wuYv4XjEn8SOXCI_9bV8j5-JOl7UjghlIvgHlpefyY5AHaLQLDNswGAaK2mamVOePEXhCCiWA5qPXVPAWZXDMaDegeYn8s8g4xM_sGCkzViqL_W7DwNEXeDdl-vTgsp4rkZLePlzmpzndOJkE9tUSCn7SPr_dcoWHgIaiHPl4D9yNts.wuXOzzPi1WXg9aMgAyFpqlL3sVP7duutNCZzJ_pFGUo&dib_tag=se&keywords=women+summer+slippers&qid=1784522094&sr=8-13,https://m.media-amazon.com/images/I/71BlGXBbl-L._AC_UL320_.jpg,57,排名进入前30；价格处于人民币等值¥57.60-¥180.00黄金区间；评分达到4.3以上。
2026-07-20,amazon_us,product,search,women summer slippers,22,HomeTop,¥122.33,4.4,HomeTop,,,,,,https://www.amazon.com/Womens-Comfort-Cotton-Slippers-Anti-Skid/dp/B07J5QBSWK/ref=sr_1_14?dib=eyJ2IjoiMSJ9.edQbWdZgRC57j1GkLLh3ypLpGy5JjTF-VSN3Bkds4s6Z7XN1biWVvUmm3ko_Er2x5pXSMH0QsST4UOlft_S2gZPkRq3kQE5jW1NuvphqiLKmY-WKC8NKDnHT_c53wuYv4XjEn8SOXCI_9bV8j5-JOl7UjghlIvgHlpefyY5AHaLQLDNswGAaK2mamVOePEXhCCiWA5qPXVPAWZXDMaDegeYn8s8g4xM_sGCkzViqL_W7DwNEXeDdl-vTgsp4rkZLePlzmpzndOJkE9tUSCn7SPr_dcoWHgIaiHPl4D9yNts.wuXOzzPi1WXg9aMgAyFpqlL3sVP7duutNCZzJ_pFGUo&dib_tag=se&keywords=women+summer+slippers&qid=1784522094&sr=8-14,https://m.media-amazon.com/images/I/71h+wvVaLcL._AC_UL320_.jpg,57,排名进入前30；价格处于人民币等值¥57.60-¥180.00黄金区间；评分达到4.3以上。
2026-07-20,amazon_us,product,search,women summer slippers,25,ULTRAIDEAS,¥102.53,4.5,ULTRAIDEAS,,,,,,https://www.amazon.com/ULTRAIDEAS-Slippers-Bowknot-Outdoor-Anti-Skid/dp/B07MZ3H6MN/ref=sr_1_17?dib=eyJ2IjoiMSJ9.edQbWdZgRC57j1GkLLh3ypLpGy5JjTF-VSN3Bkds4s6Z7XN1biWVvUmm3ko_Er2x5pXSMH0QsST4UOlft_S2gZPkRq3kQE5jW1NuvphqiLKmY-WKC8NKDnHT_c53wuYv4XjEn8SOXCI_9bV8j5-JOl7UjghlIvgHlpefyY5AHaLQLDNswGAaK2mamVOePEXhCCiWA5qPXVPAWZXDMaDegeYn8s8g4xM_sGCkzViqL_W7DwNEXeDdl-vTgsp4rkZLePlzmpzndOJkE9tUSCn7SPr_dcoWHgIaiHPl4D9yNts.wuXOzzPi1WXg9aMgAyFpqlL3sVP7duutNCZzJ_pFGUo&dib_tag=se&keywords=women+summer+slippers&qid=1784522094&sr=8-17,https://m.media-amazon.com/images/I/71cvxwhDe7L._AC_UL320_.jpg,57,排名进入前30；价格处于人民币等值¥57.60-¥180.00黄金区间；评分达到4.3以上。
2026-07-20,amazon_us,product,search,women summer slippers,26,shevalues,¥100.73,4.3,shevalues,,,,,,https://www.amazon.com/Shevalues-Womens-Indoor-Slippers-Cotton/dp/B074HBC1BR/ref=sr_1_18?dib=eyJ2IjoiMSJ9.edQbWdZgRC57j1GkLLh3ypLpGy5JjTF-VSN3Bkds4s6Z7XN1biWVvUmm3ko_Er2x5pXSMH0QsST4UOlft_S2gZPkRq3kQE5jW1NuvphqiLKmY-WKC8NKDnHT_c53wuYv4XjEn8SOXCI_9bV8j5-JOl7UjghlIvgHlpefyY5AHaLQLDNswGAaK2mamVOePEXhCCiWA5qPXVPAWZXDMaDegeYn8s8g4xM_sGCkzViqL_W7DwNEXeDdl-vTgsp4rkZLePlzmpzndOJkE9tUSCn7SPr_dcoWHgIaiHPl4D9yNts.wuXOzzPi1WXg9aMgAyFpqlL3sVP7duutNCZzJ_pFGUo&dib_tag=se&keywords=women+summer+slippers&qid=1784522094&sr=8-18,https://m.media-amazon.com/images/I/71JYzlHXkPL._AC_UL320_.jpg,57,排名进入前30；价格处于人民币等值¥57.60-¥180.00黄金区间；评分达到4.3以上。
2026-07-20,amazon_us,product,search,women summer slippers,27,GOEWY,¥93.53,4.3,GOEWY,,,,,,https://www.amazon.com/GOEWY-Slippers-Breathable-Birthday-Outdoor/dp/B0GQGLFHFJ/ref=sr_1_19?dib=eyJ2IjoiMSJ9.edQbWdZgRC57j1GkLLh3ypLpGy5JjTF-VSN3Bkds4s6Z7XN1biWVvUmm3ko_Er2x5pXSMH0QsST4UOlft_S2gZPkRq3kQE5jW1NuvphqiLKmY-WKC8NKDnHT_c53wuYv4XjEn8SOXCI_9bV8j5-JOl7UjghlIvgHlpefyY5AHaLQLDNswGAaK2mamVOePEXhCCiWA5qPXVPAWZXDMaDegeYn8s8g4xM_sGCkzViqL_W7DwNEXeDdl-vTgsp4rkZLePlzmpzndOJkE9tUSCn7SPr_dcoWHgIaiHPl4D9yNts.wuXOzzPi1WXg9aMgAyFpqlL3sVP7duutNCZzJ_pFGUo&dib_tag=se&keywords=women+summer+slippers&qid=1784522094&sr=8-19,https://m.media-amazon.com/images/I/61PJ6PNvlqL._AC_UL320_.jpg,57,排名进入前30；价格处于人民币等值¥57.60-¥180.00黄金区间；评分达到4.3以上。
2026-07-20,amazon_us,product,search,women summer slippers,28,KuaiLu,¥100.73,4.3,KuaiLu,,,,,,https://www.amazon.com/KuaiLu-Support-Comfortable-Walking-Sandals/dp/B0C5ZZ51RT/ref=sr_1_20?dib=eyJ2IjoiMSJ9.edQbWdZgRC57j1GkLLh3ypLpGy5JjTF-VSN3Bkds4s6Z7XN1biWVvUmm3ko_Er2x5pXSMH0QsST4UOlft_S2gZPkRq3kQE5jW1NuvphqiLKmY-WKC8NKDnHT_c53wuYv4XjEn8SOXCI_9bV8j5-JOl7UjghlIvgHlpefyY5AHaLQLDNswGAaK2mamVOePEXhCCiWA5qPXVPAWZXDMaDegeYn8s8g4xM_sGCkzViqL_W7DwNEXeDdl-vTgsp4rkZLePlzmpzndOJkE9tUSCn7SPr_dcoWHgIaiHPl4D9yNts.wuXOzzPi1WXg9aMgAyFpqlL3sVP7duutNCZzJ_pFGUo&dib_tag=se&keywords=women+summer+slippers&qid=1784522094&sr=8-20,https://m.media-amazon.com/images/I/710PdcSAm6L._AC_UL320_.jpg,57,排名进入前30；价格处于人民币等值¥57.60-¥180.00黄金区间；评分达到4.3以上。
2026-07-20,amazon_us,product,search,women summer slippers,29,EverFoams,¥64.94,4.4,EverFoams,,,,,,https://www.amazon.com/EverFoams-Slippers-Outdoor-Outsole-Vanilla/dp/B0DPZPB7MQ/ref=sr_1_21?dib=eyJ2IjoiMSJ9.edQbWdZgRC57j1GkLLh3ypLpGy5JjTF-VSN3Bkds4s6Z7XN1biWVvUmm3ko_Er2x5pXSMH0QsST4UOlft_S2gZPkRq3kQE5jW1NuvphqiLKmY-WKC8NKDnHT_c53wuYv4XjEn8SOXCI_9bV8j5-JOl7UjghlIvgHlpefyY5AHaLQLDNswGAaK2mamVOePEXhCCiWA5qPXVPAWZXDMaDegeYn8s8g4xM_sGCkzViqL_W7DwNEXeDdl-vTgsp4rkZLePlzmpzndOJkE9tUSCn7SPr_dcoWHgIaiHPl4D9yNts.wuXOzzPi1WXg9aMgAyFpqlL3sVP7duutNCZzJ_pFGUo&dib_tag=se&keywords=women+summer+slippers&qid=1784522094&sr=8-21,https://m.media-amazon.com/images/I/61-syU96aOL._AC_UL320_.jpg,57,排名进入前30；价格处于人民币等值¥57.60-¥180.00黄金区间；评分达到4.3以上。
2026-07-20,amazon_us,product,search,women slides,14,KIDMI,¥122.33,4.3,KIDMI,,,,,,https://www.amazon.com/sspa/click?ie=UTF8&spc=MTo4MjgzMzQwMjkwNTI2ODc0OjE3ODQ1MjIwOTY6c3BfbXRmOjIwMDE1MjE5NDk3MTE5ODo6MDo6&url=%2FKIDMI-Slippers-Support-Adjustable-Bedroom%2Fdp%2FB0BS8P9D68%2Fref%3Dsr_1_13_sspa%3Fdib%3DeyJ2IjoiMSJ9.RrPumS3Ni8XWS9mPWZVEoPInrt2RHyBcd8_hgzLhdqLrIRFgnAvrzGhlupVAEArOziMpWkWsMhbJUOMeIQN2enDwVxpM_QtnYgMwboWrX2TR6hVnUodjdUgEW_ChxYlVIfZLA5SeB_tu7FmkS63jd3jfIqM4hgYf9P_cdlB2KhfVdZCZfxD0ehUgdkdTwNzsAnAmkJ7cSntl8r6WDWoa807td9w2M9tx6EDkWanSU1JMoGH-gi-QSZXOFakFBmtBnKmF0S2sgcUvwtAvRR-qS8HGfTDWX0FTmsU4FY_KGnY.crsZRtfvClzucdNtqWNhNGubYifuq5yXm6ScvJ26qwM%26dib_tag%3Dse%26keywords%3Dwomen%2Bslides%26qid%3D1784522096%26sr%3D8-13-spons%26sp_csd%3Dd2lkZ2V0TmFtZT1zcF9tdGY%26psc%3D1,https://m.media-amazon.com/images/I/81fk73DRwxL._AC_UL320_.jpg,57,排名进入前30；价格处于人民币等值¥57.60-¥180.00黄金区间；评分达到4.3以上。
2026-07-20,amazon_us,product,search,platform sandals women,16,Soda,¥176.83,4.5,Soda,,,,,,https://www.amazon.com/Soda-Buckle-Espadrilles-Flatform-Casual/dp/B0C5S26DHB/ref=sr_1_8?dib=eyJ2IjoiMSJ9.3zo6vUgTuNV2_oDBDGXaTbtkDXfaI8uJahwLisIof4DobZ0KAM3eeJQk-fSOlpH2bGmEr-odu4H5D4qzU7S7uU_SBihnWRVa7bVTMj2G7ciVbKbi1y52BsS7947J7h6bOtEIiPP7KgJ6koOK3Df1kI7VrzOL-6oA5bKzlN0SuwaBup5D5iV4jTCP2k_vsHehG6RWIxNPGD_BWSLZ_3jW8ZWWfAfs6lxGrzbwj0htLKVte3C6Qni0lMelfVtriQkkFE9AzdaIFVnFi1je0qMBcueJ5vqYGivOCG6oS4WoU0o.Kc3s8wCGQ_Epn9IDGjZPZM_ox-zkKJO0xD6ksrlkheY&dib_tag=se&keywords=platform+sandals+women&qid=1784522096&sr=8-8,https://m.media-amazon.com/images/I/71q-Jp+UEkL._AC_UL320_.jpg,57,排名进入前30；价格处于人民币等值¥57.60-¥180.00黄金区间；评分达到4.3以上。
2026-07-20,amazon_us,product,best_sellers,Best Sellers Women Sandals,40,Rainbow Sandals Women’s Flirty Braidy Premier Leather w/Single Braided Strap,,4.7,"7,215",,,,,,https://www.amazon.com/Rainbow-Sandals-Womens-Flirty-7-5-8-5/dp/B00LGF8TAQ/ref=zg_bs_g_679425011_d_sccl_40/141-6992112-1340110?psc=1,"https://images-na.ssl-images-amazon.com/images/I/71B9WRizBDL._AC_UL300_SR300,200_.jpg",55,排名进入前50；评论数高；评分达到4.6以上。
2026-07-20,amazon_us,product,new_releases,New Releases Women Sandals,3,BRONAX Matte Jelly Flats for Women | Hollow Out Breathable Shoes | Slip-Resistant Summer Beach Sandals,,4.2,$13.99,,,,,,https://www.amazon.com/BRONAX-Breathable-Sandals-Lightweight-Transparent/dp/B0H13SY8QZ/ref=zg_bsnr_g_679425011_d_sccl_3/146-0936993-4719063?psc=1,"https://images-na.ssl-images-amazon.com/images/I/71oeImNByML._AC_UL600_SR600,400_.jpg",55,排名靠前；标题包含 beach、summer，符合美国女鞋舒适化趋势；评分达到4.0以上。
2026-07-20,amazon_us,product,search,women slides,11,Nike,¥202.82,4.6,Nike,,,,,,https://www.amazon.com/Nike-Womens-Gymnastics-White-Black/dp/B08Q8RRJ5H/ref=sr_1_10?dib=eyJ2IjoiMSJ9.RrPumS3Ni8XWS9mPWZVEoPInrt2RHyBcd8_hgzLhdqLrIRFgnAvrzGhlupVAEArOziMpWkWsMhbJUOMeIQN2enDwVxpM_QtnYgMwboWrX2TR6hVnUodjdUgEW_ChxYlVIfZLA5SeB_tu7FmkS63jd3jfIqM4hgYf9P_cdlB2KhfVdZCZfxD0ehUgdkdTwNzsAnAmkJ7cSntl8r6WDWoa807td9w2M9tx6EDkWanSU1JMoGH-gi-QSZXOFakFBmtBnKmF0S2sgcUvwtAvRR-qS8HGfTDWX0FTmsU4FY_KGnY.crsZRtfvClzucdNtqWNhNGubYifuq5yXm6ScvJ26qwM&dib_tag=se&keywords=women+slides&qid=1784522096&sr=8-10,https://m.media-amazon.com/images/I/51npEYHZuAL._AC_UL320_.jpg,55,排名进入前30；价格处于人民币等值¥180.00-¥288.00区间；评分达到4.6以上。
2026-07-20,amazon_us,product,search,women slides,21,adidas,¥216.00,4.6,adidas,,,,,,https://www.amazon.com/adidas-Unisex-Adissage-360Rec-Sandal/dp/B0F1XD9LL4/ref=sr_1_17?dib=eyJ2IjoiMSJ9.RrPumS3Ni8XWS9mPWZVEoPInrt2RHyBcd8_hgzLhdqLrIRFgnAvrzGhlupVAEArOziMpWkWsMhbJUOMeIQN2enDwVxpM_QtnYgMwboWrX2TR6hVnUodjdUgEW_ChxYlVIfZLA5SeB_tu7FmkS63jd3jfIqM4hgYf9P_cdlB2KhfVdZCZfxD0ehUgdkdTwNzsAnAmkJ7cSntl8r6WDWoa807td9w2M9tx6EDkWanSU1JMoGH-gi-QSZXOFakFBmtBnKmF0S2sgcUvwtAvRR-qS8HGfTDWX0FTmsU4FY_KGnY.crsZRtfvClzucdNtqWNhNGubYifuq5yXm6ScvJ26qwM&dib_tag=se&keywords=women+slides&qid=1784522096&sr=8-17,https://m.media-amazon.com/images/I/513eb0JW4XL._AC_UL320_.jpg,55,排名进入前30；价格处于人民币等值¥180.00-¥288.00区间；评分达到4.6以上。
2026-07-20,amazon_us,product,search,women slides,29,Nike,¥259.20,4.6,Nike,,,,,,https://www.amazon.com/Nike-Womens-Benassi-Sandal-Regular/dp/B004051CSK/ref=sr_1_25?dib=eyJ2IjoiMSJ9.RrPumS3Ni8XWS9mPWZVEoPInrt2RHyBcd8_hgzLhdqLrIRFgnAvrzGhlupVAEArOziMpWkWsMhbJUOMeIQN2enDwVxpM_QtnYgMwboWrX2TR6hVnUodjdUgEW_ChxYlVIfZLA5SeB_tu7FmkS63jd3jfIqM4hgYf9P_cdlB2KhfVdZCZfxD0ehUgdkdTwNzsAnAmkJ7cSntl8r6WDWoa807td9w2M9tx6EDkWanSU1JMoGH-gi-QSZXOFakFBmtBnKmF0S2sgcUvwtAvRR-qS8HGfTDWX0FTmsU4FY_KGnY.crsZRtfvClzucdNtqWNhNGubYifuq5yXm6ScvJ26qwM&dib_tag=se&keywords=women+slides&qid=1784522096&sr=8-25,https://m.media-amazon.com/images/I/61r+GaHXF7L._AC_UL320_.jpg,55,排名进入前30；价格处于人民币等值¥180.00-¥288.00区间；评分达到4.6以上。
2026-07-20,amazon_us,product,search,platform sandals women,1,Sorel Women's Ona Ave T-Toe Sneaker Sorel Women's Ona Ave T-Toe Sneaker,¥594.00,4.3,,,,,,,https://aax-us-east-retail-direct.amazon.com/x/c/JHWXqt9AQZX0D-iKlKqnlgMAAAGffc4_bQEAAAH2AQBvbm9fdHhuX2JpZDQgICBvbm9fdHhuX2ltcDEgICCmvy5w/clv1c_ek-wBffXJbTannfycJhhu8EDkHqSFLDeSGZL8DOMDpt3cuXVT-lfa6LaaOLovX7joVrKELFnrZanv4ZbLEbI6RdrVnJ9rIuZpqzAJhfnX426ugnzwhUAxmLxzjlUJnRsYXMLPT1DFFSeS2QGFgf5spDbveXcFlH2wvLk71eoT4gzYVu9JQMrqZ1ReEB3wq-qqmQMUVwWGwzATTTdEwvF5jbQj0smYBrikQCuCPCRCm3MeLyanUP2CHO2R489DI76Y8C14lhkLIMC97eMZXiQkB6LSKi3I0OWORMWHUQ13U9PUJHHQaR_kJB_HAD9gmFeeKwmkT2A04yfWucoExzgUGhUwsnnVNfp6c2ZXqxUyv9trf5acHdyTVRwMAs8cj5kxmfcXL7WlKiD6Gt-obFOIBsdh03dcIe6APHsVjXKwHemzbWsoTR2txnoz-r-KjE1TGmUVJw-GgULN6WrF9VTbJmNdUC0UaIMb1JRWL3uZQ_zmjmT6T52aqnhMJtc4CJMhsWAV183z7pBWvEMqA2BIMBgWgzXOU4WIg6p9aMEQE-yxoPhEOPcR9Ktwt3tm4Ggvn8Loo0xtCMgRjp3B85fA13T6ojlWJ1NpsYos2fGJgnVs06MsujriKkRANOp4FiBDZ7n4YB-mKAPSjL9zW9pPwRzrBOT6ImwpPD1SdXW9onymFWfoflJTnOV4fdqJNsFS-oajALwWKNIrGndBl5_5hjZuTJhRJ523OKOAePVNobfBYGHEXoUTs1Mm4DZpZtIDXHYgigfhbis3U9-RWctTjskNdQ2aIgzZd32lorwkZrPopGsU-7g8yujnR_oR0zvzve8YK0O-dCp9U2zpYO7_D3_yJtvE5a3Fwk0x6TyM4iyY35142pCDMW1hgEaQVxjuo11fCbN05JM3bGCN5iRpI0rP0E2H3Vs70httAjHDNsRYdPuHhBgHGSU7Qn2VaZJxQBXKik88BqLjTJBJ7-LEUgXyL7v4iGbVIlQSytGkDGnV3Y_dGeO56wvnLM7qmw5zefrEL39Ywe9rkeR9obxKLmgnbuAXqGPh8MYS8IT-E90LXr6HKI2rDUicu6R24POexPSsiIFryIvy_twh3_ii5zzzhzcmQuYOXObf8kpyEphtntQxZtUFi4pc_g6r0VpuO14HWtrOqO7sF8ZMndSAbjg-swRLJQ7lX2UqX-RUNdX8PMcr-Whymu9al_R9EPRANd66ti1YPEsBcdwQqwc5JRXplRVeICOEdM7D_08fPwsQSA4SDzF_Tkb9CuBeNbSloI3824S2WXa61aTDjDX4J6JB1Ww3tLUnLVFcGyGKmgkFK9MrFBkKU1z1V5YXbblealjlPRc-qjVf4ZzshlV7bdKsbQgkhtpHn87Hl_MBFDsihSYx0ClO_R_bsZAoNXOzwpkBFwRcFi-RHcO_615tDIxGJluKEdAdP9Qccl8yFjxBl3KmN6XkO_6ZfjPRFnvlIw0r5kiWJp-0mGSOtW7t2xfFMeUjTJQpsvClyJ9AK_NqGqWDcsLoaS_C42bA2INv7vwhOP-M5wTG0INovrQE8fbllf2wdgMxGUycgWT-dao63C3mEVzoUSFjgLYtwkjefXSJO9RyDxJNHSNZYMc6vyINeUUJ01NhQxxa7YEkDtF_9TPn9OWWlJsN9uwfhkYtVe0iXtQRxaJwRQ60B-O5xDgv8PY8TUWVxVbMpsinw/https://www.amazon.com/gp/aw/d/B0F8CMP4J6/?_encoding=UTF8&pd_rd_plhdr=t&aaxitk=b8fdff5d0a92fb43ad129171fd02a1a5&hsa_cr_id=0&qid=1784522096&sr=1-1-9e67e56a-6f64-441f-a281-df67fc737124&i=aps&aref=rDDkVfxPg8&ref_=sbx__sbtcd_asin_0_bkgd&pd_rd_w=nMiA5&content-id=amzn1.sym.2fb72bc8-96ef-420d-b08f-c04b69f36507%3Aamzn1.sym.2fb72bc8-96ef-420d-b08f-c04b69f36507&pf_rd_p=2fb72bc8-96ef-420d-b08f-c04b69f36507&pf_rd_r=307KCSPJCY9XF1N8RMCH&pd_rd_wg=4EEcA&pd_rd_r=62b0021e-7c52-4c9c-b819-30886e6efe60,"https://m.media-amazon.com/images/I/71Gjc0LInbL._AC_SR160,134_CB1169409_QL70_.jpg",55,排名靠前；价格高于人民币等值¥288.00；评分达到4.3以上。
2026-07-20,amazon_us,product,search,platform sandals women,10,Modatope,¥336.53,4.3,Modatope,,,,,,https://www.amazon.com/sspa/click?ie=UTF8&spc=MTo3MzI2NTA5NjU0NDEwNDgxOjE3ODQ1MjIwOTY6c3Bfc2VhcmNoX3RoZW1hdGljOjMwMDgwMjU0OTc1MjgwMjo6NDo6&url=%2FModatop-Platform-Braided-Sandals-Wedding%2Fdp%2FB0D3LP38FG%2Fref%3Dsxin_19_pa_sp_search_thematic_sspa%3Fcontent-id%3Damzn1.sym.0c718b35-8c59-4938-97bf-b9d1819ea929%253Aamzn1.sym.0c718b35-8c59-4938-97bf-b9d1819ea929%26cv_ct_cx%3Dplatform%2Bsandals%2Bwomen%26keywords%3Dplatform%2Bsandals%2Bwomen%26pd_rd_i%3DB0D3LP38FG%26pd_rd_r%3D3740be6e-06a2-493b-902e-8aca8ca9c02f%26pd_rd_w%3D2CQcc%26pd_rd_wg%3DchfTv%26pf_rd_p%3D0c718b35-8c59-4938-97bf-b9d1819ea929%26pf_rd_r%3D307KCSPJCY9XF1N8RMCH%26qid%3D1784522096%26sbo%3DRZvfv%252F%252FHxDF%252BO5021pAnSA%253D%253D%26sr%3D1-5-e169343e-09af-4d41-85b1-8335fe8f32d0-spons%26aref%3D0fhuaPrdFI%26sp_csd%3Dd2lkZ2V0TmFtZT1zcF9zZWFyY2hfdGhlbWF0aWM%26psc%3D1&aref=0fhuaPrdFI,https://m.media-amazon.com/images/I/51G7Yr2TobL._AC_UL320_.jpg,55,排名靠前；价格高于人民币等值¥288.00；评分达到4.3以上。
2026-07-20,amazon_us,product,search,platform sandals women,15,IDIFU,¥244.73,4.6,IDIFU,,,,,,https://www.amazon.com/IDIFU-Sandals-Platform-Comfortable-Vacation/dp/B0GYN96BGG/ref=sr_1_7?dib=eyJ2IjoiMSJ9.3zo6vUgTuNV2_oDBDGXaTbtkDXfaI8uJahwLisIof4DobZ0KAM3eeJQk-fSOlpH2bGmEr-odu4H5D4qzU7S7uU_SBihnWRVa7bVTMj2G7ciVbKbi1y52BsS7947J7h6bOtEIiPP7KgJ6koOK3Df1kI7VrzOL-6oA5bKzlN0SuwaBup5D5iV4jTCP2k_vsHehG6RWIxNPGD_BWSLZ_3jW8ZWWfAfs6lxGrzbwj0htLKVte3C6Qni0lMelfVtriQkkFE9AzdaIFVnFi1je0qMBcueJ5vqYGivOCG6oS4WoU0o.Kc3s8wCGQ_Epn9IDGjZPZM_ox-zkKJO0xD6ksrlkheY&dib_tag=se&keywords=platform+sandals+women&qid=1784522096&sr=8-7,https://m.media-amazon.com/images/I/71RGJBHT49L._AC_UL320_.jpg,55,排名进入前30；价格处于人民币等值¥180.00-¥288.00区间；评分达到4.6以上。
2026-07-20,amazon_us,product,search,platform sandals women,27,Crocs,¥257.11,4.6,Crocs,,,,,,https://www.amazon.com/Crocs-Brooklyn-Wedge-Black-Mushroom/dp/B07TWSFGG8/ref=sr_1_11?dib=eyJ2IjoiMSJ9.3zo6vUgTuNV2_oDBDGXaTbtkDXfaI8uJahwLisIof4DobZ0KAM3eeJQk-fSOlpH2bGmEr-odu4H5D4qzU7S7uU_SBihnWRVa7bVTMj2G7ciVbKbi1y52BsS7947J7h6bOtEIiPP7KgJ6koOK3Df1kI7VrzOL-6oA5bKzlN0SuwaBup5D5iV4jTCP2k_vsHehG6RWIxNPGD_BWSLZ_3jW8ZWWfAfs6lxGrzbwj0htLKVte3C6Qni0lMelfVtriQkkFE9AzdaIFVnFi1je0qMBcueJ5vqYGivOCG6oS4WoU0o.Kc3s8wCGQ_Epn9IDGjZPZM_ox-zkKJO0xD6ksrlkheY&dib_tag=se&keywords=platform+sandals+women&qid=1784522096&sr=8-11,https://m.media-amazon.com/images/I/71D2KB3YtYL._AC_UL320_.jpg,55,排名进入前30；价格处于人民币等值¥180.00-¥288.00区间；评分达到4.6以上。
2026-07-20,amazon_us,product,best_sellers,Best Sellers Women Sandals,16,KuaiLu Womens Flip Flops Arch Support Yoga Mat Cushioned Thong Sandals | Ladies Comfortable Walking Slides For Plantar Fasciitis Slip On Indoor Outdoor For Summer,,4.2,$25.99,,,,,,https://www.amazon.com/KuaiLu-Comfortable-Walking-Sandals-Fasciitis/dp/B0937BNPB3/ref=zg_bs_g_679425011_d_sccl_16/141-6992112-1340110?psc=1,"https://images-na.ssl-images-amazon.com/images/I/61k31MTJEYL._AC_UL600_SR600,400_.jpg",54,排名进入前30；标题包含 comfort、arch support、summer，符合美国女鞋舒适化趋势；评分达到4.0以上。
2026-07-20,amazon_us,product,best_sellers,Best Sellers Women Sandals,24,"shevalues Slim Basic Flip Flops for Women with Comfortable Yoga Mat | Lightweight Non Slip Rubber Sandals for Beach, Shower, Pool & Summer Casual Wear",,4.4,$9.99,,,,,,https://www.amazon.com/shevalues-Shower-Rubber-Sandals-Comfortable/dp/B0B68G2D52/ref=zg_bs_g_679425011_d_sccl_24/141-6992112-1340110?psc=1,"https://images-na.ssl-images-amazon.com/images/I/61b4HXgBWfL._AC_UL600_SR600,400_.jpg",54,排名进入前30；标题包含 comfort、beach、summer，符合美国女鞋舒适化趋势；评分达到4.3以上。
2026-07-20,amazon_us,product,best_sellers,Best Sellers Women Sandals,42,"CUSHIONAIRE Feather EVA Slides for Women – Comfortable Slip On Womens Slippers, Indoor Outdoor Shower Shoes, Beach Essential Cloud Slides",,4.4,$26.99,,,,,,https://www.amazon.com/Cushionaire-Womens-Feather-recovery-Comfort/dp/B094TD7Z1K/ref=zg_bs_g_679425011_d_sccl_42/141-6992112-1340110?psc=1,"https://images-na.ssl-images-amazon.com/images/I/817PhiYQjLL._AC_UL300_SR300,200_.jpg",54,排名进入前50；标题包含 cloud、comfort、beach，符合美国女鞋舒适化趋势；cloud + slides组合趋势加分；评分达到4.3以上。
2026-07-20,amazon_us,product,new_releases,New Releases Women Sandals,16,IDIFU Flat Sandals for Women Dressy Comfortable Summer Beach Cute Vacation Slip On Slides Open Round Toe Cute Casual Fashion Sandals,,4.3,$15.99,,,,,,https://www.amazon.com/IDIFU-Sandals-Comfortable-Vacation-Fashion/dp/B0GXTRKQ9V/ref=zg_bsnr_g_679425011_d_sccl_16/146-0936993-4719063?psc=1,"https://images-na.ssl-images-amazon.com/images/I/615IK0HptHL._AC_UL600_SR600,400_.jpg",54,排名进入前30；标题包含 comfort、beach、summer，符合美国女鞋舒适化趋势；评分达到4.3以上。
2026-07-20,amazon_us,product,new_releases,New Releases Women Sandals,27,Uniwill Shower Shoes Women with Arch Support Non-Slip Flip Flop Sandals for Public Shower Bathroom Pool Beach Quick Dry with Drain Holes,,4.8,$12.89,,,,,,https://www.amazon.com/Uniwill-Support-Non-Slip-Sandals-Bathroom/dp/B0GY4471BY/ref=zg_bsnr_g_679425011_d_sccl_27/146-0936993-4719063?psc=1,"https://images-na.ssl-images-amazon.com/images/I/71SL6HBtLiL._AC_UL600_SR600,400_.jpg",54,排名进入前30；标题包含 arch support、beach，符合美国女鞋舒适化趋势；评分达到4.6以上。
2026-07-20,amazon_us,product,search,women summer slippers,24,ULTRAIDEAS,¥136.73,4.2,ULTRAIDEAS,,,,,,https://www.amazon.com/ULTRAIDEAS-Womens-Memory-Slipper-Upgrade/dp/B09SZBHFG6/ref=sr_1_16?dib=eyJ2IjoiMSJ9.edQbWdZgRC57j1GkLLh3ypLpGy5JjTF-VSN3Bkds4s6Z7XN1biWVvUmm3ko_Er2x5pXSMH0QsST4UOlft_S2gZPkRq3kQE5jW1NuvphqiLKmY-WKC8NKDnHT_c53wuYv4XjEn8SOXCI_9bV8j5-JOl7UjghlIvgHlpefyY5AHaLQLDNswGAaK2mamVOePEXhCCiWA5qPXVPAWZXDMaDegeYn8s8g4xM_sGCkzViqL_W7DwNEXeDdl-vTgsp4rkZLePlzmpzndOJkE9tUSCn7SPr_dcoWHgIaiHPl4D9yNts.wuXOzzPi1WXg9aMgAyFpqlL3sVP7duutNCZzJ_pFGUo&dib_tag=se&keywords=women+summer+slippers&qid=1784522094&sr=8-16,https://m.media-amazon.com/images/I/71GPcULYBKL._AC_UL320_.jpg,54,排名进入前30；价格处于人民币等值¥57.60-¥180.00黄金区间；评分达到4.0以上。
2026-07-20,amazon_us,product,search,women slides,13,rosyclo,¥179.93,4.1,rosyclo,,,,,,https://www.amazon.com/sspa/click?ie=UTF8&spc=MTo4MjgzMzQwMjkwNTI2ODc0OjE3ODQ1MjIwOTY6c3BfbXRmOjMwMTI1Njk5NTAzNTQwMjo6MDo6&url=%2Frosyclo-Slippers-Recovery-Ultimate-Lightweight%2Fdp%2FB0G6KMJRBB%2Fref%3Dsr_1_12_sspa%3Fdib%3DeyJ2IjoiMSJ9.RrPumS3Ni8XWS9mPWZVEoPInrt2RHyBcd8_hgzLhdqLrIRFgnAvrzGhlupVAEArOziMpWkWsMhbJUOMeIQN2enDwVxpM_QtnYgMwboWrX2TR6hVnUodjdUgEW_ChxYlVIfZLA5SeB_tu7FmkS63jd3jfIqM4hgYf9P_cdlB2KhfVdZCZfxD0ehUgdkdTwNzsAnAmkJ7cSntl8r6WDWoa807td9w2M9tx6EDkWanSU1JMoGH-gi-QSZXOFakFBmtBnKmF0S2sgcUvwtAvRR-qS8HGfTDWX0FTmsU4FY_KGnY.crsZRtfvClzucdNtqWNhNGubYifuq5yXm6ScvJ26qwM%26dib_tag%3Dse%26keywords%3Dwomen%2Bslides%26qid%3D1784522096%26sr%3D8-12-spons%26sp_csd%3Dd2lkZ2V0TmFtZT1zcF9tdGY%26psc%3D1,https://m.media-amazon.com/images/I/51gNJLTPBTL._AC_UL320_.jpg,54,排名进入前30；价格处于人民币等值¥57.60-¥180.00黄金区间；评分达到4.0以上。
2026-07-20,amazon_us,product,search,women slides,23,FUNKYMONKEY,¥179.93,4.1,FUNKYMONKEY,,,,,,https://www.amazon.com/sspa/click?ie=UTF8&spc=MTo4MjgzMzQwMjkwNTI2ODc0OjE3ODQ1MjIwOTY6c3BfbXRmOjMwMTE4OTIyMDQwNzcwMjo6MDo6&url=%2FFUNKYMONKEY-Comfort-Adjustable-Sandals-US-Women%2Fdp%2FB07QLL81L3%2Fref%3Dsr_1_19_sspa%3Fdib%3DeyJ2IjoiMSJ9.RrPumS3Ni8XWS9mPWZVEoPInrt2RHyBcd8_hgzLhdqLrIRFgnAvrzGhlupVAEArOziMpWkWsMhbJUOMeIQN2enDwVxpM_QtnYgMwboWrX2TR6hVnUodjdUgEW_ChxYlVIfZLA5SeB_tu7FmkS63jd3jfIqM4hgYf9P_cdlB2KhfVdZCZfxD0ehUgdkdTwNzsAnAmkJ7cSntl8r6WDWoa807td9w2M9tx6EDkWanSU1JMoGH-gi-QSZXOFakFBmtBnKmF0S2sgcUvwtAvRR-qS8HGfTDWX0FTmsU4FY_KGnY.crsZRtfvClzucdNtqWNhNGubYifuq5yXm6ScvJ26qwM%26dib_tag%3Dse%26keywords%3Dwomen%2Bslides%26qid%3D1784522096%26sr%3D8-19-spons%26sp_csd%3Dd2lkZ2V0TmFtZT1zcF9tdGY%26psc%3D1,https://m.media-amazon.com/images/I/6185253tWML._AC_UL320_.jpg,54,排名进入前30；价格处于人民币等值¥57.60-¥180.00黄金区间；评分达到4.0以上。
2026-07-20,amazon_us,product,search,women slides,24,Evshine,¥115.06,4.2,Evshine,,,,,,https://www.amazon.com/sspa/click?ie=UTF8&spc=MTo4MjgzMzQwMjkwNTI2ODc0OjE3ODQ1MjIwOTY6c3BfbXRmOjMwMTE5NjExNDI3NzcwMjo6MDo6&url=%2FWomens-Recovery-Sandals-Orthopedic-Support%2Fdp%2FB09Y32QBQP%2Fref%3Dsr_1_20_sspa%3Fdib%3DeyJ2IjoiMSJ9.RrPumS3Ni8XWS9mPWZVEoPInrt2RHyBcd8_hgzLhdqLrIRFgnAvrzGhlupVAEArOziMpWkWsMhbJUOMeIQN2enDwVxpM_QtnYgMwboWrX2TR6hVnUodjdUgEW_ChxYlVIfZLA5SeB_tu7FmkS63jd3jfIqM4hgYf9P_cdlB2KhfVdZCZfxD0ehUgdkdTwNzsAnAmkJ7cSntl8r6WDWoa807td9w2M9tx6EDkWanSU1JMoGH-gi-QSZXOFakFBmtBnKmF0S2sgcUvwtAvRR-qS8HGfTDWX0FTmsU4FY_KGnY.crsZRtfvClzucdNtqWNhNGubYifuq5yXm6ScvJ26qwM%26dib_tag%3Dse%26keywords%3Dwomen%2Bslides%26qid%3D1784522096%26sr%3D8-20-spons%26sp_csd%3Dd2lkZ2V0TmFtZT1zcF9tdGY%26psc%3D1,https://m.media-amazon.com/images/I/61lqW0UYX2L._AC_UL320_.jpg,54,排名进入前30；价格处于人民币等值¥57.60-¥180.00黄金区间；评分达到4.0以上。
2026-07-20,amazon_us,product,best_sellers,Best Sellers Women Sandals,35,Project Cloud 100% Genuine Leather Platform Sandals Women Footwear - Wedge Chunky Slides for Women 2026 with Memory Foam Insole & Cork Footbed Womens Sandals (GreeceChunky),,4.2,$34.90,,,,,,https://www.amazon.com/Project-Cloud-Genuine-Platform-Footwear/dp/B0DNRTZXN9/ref=zg_bs_g_679425011_d_sccl_35/141-6992112-1340110?psc=1,"https://images-na.ssl-images-amazon.com/images/I/71-gfihl+zL._AC_UL300_SR300,200_.jpg",53,排名进入前50；标题包含 cloud、platform、wedge，符合美国女鞋舒适化趋势；cloud + slides组合趋势加分；评分达到4.0以上。
2026-07-20,amazon_us,product,best_sellers,Best Sellers Women Sandals,36,"CUSHIONAIRE Fame Pillow Recovery Sandals for Women, Adjustable Double Buckle Waterproof EVA Cloud Slides for Women",,4.4,$26.98,,,,,,https://www.amazon.com/CUSHIONAIRE-Womens-recovery-cloud-Comfort/dp/B0BTQ5S71G/ref=zg_bs_g_679425011_d_sccl_36/141-6992112-1340110?psc=1,"https://images-na.ssl-images-amazon.com/images/I/81ab6T9a83L._AC_UL300_SR300,200_.jpg",53,排名进入前50；标题包含 cloud、recovery，符合美国女鞋舒适化趋势；cloud + slides组合趋势加分；评分达到4.3以上。
2026-07-20,amazon_us,product,new_releases,New Releases Women Sandals,18,Caradise Jelly Kitten Heel Sandals for Women Jelly Shoes Summer,,5.0,$52.99,,,,,,https://www.amazon.com/Caradise-Kitten-Sandals-Jellies-Wedding/dp/B0H5PKC6BR/ref=zg_bsnr_g_679425011_d_sccl_18/146-0936993-4719063?psc=1,"https://images-na.ssl-images-amazon.com/images/I/61jPzAlZK4L._AC_UL600_SR600,400_.jpg",53,排名进入前30；评论数达到50以上；标题包含 summer，符合美国女鞋舒适化趋势；评分达到4.6以上。
2026-07-20,amazon_us,product,best_sellers,Best Sellers Women Sandals,10,Joomra Pillow Slippers for Women and Men Non Slip Quick Drying Shower Slides Bathroom Sandals | Ultra Cushion | Thick Sole,,4.3,$20.34,,,,,,https://www.amazon.com/Joomra-Slippers-Massage-Bathroom-Platform/dp/B09652VJP1/ref=zg_bs_g_679425011_d_sccl_10/141-6992112-1340110?psc=1,"https://images-na.ssl-images-amazon.com/images/I/71pkhgTTRXL._AC_UL600_SR600,400_.jpg",52,排名靠前；评分达到4.3以上。
2026-07-20,amazon_us,product,new_releases,New Releases Women Sandals,2,"CUSHIONAIRE Java Casual Womens Jelly Flats with Adjustable Strap, Closed Toe Mary Janes Mule Design, Waterproof Jelly Sandals for Women",,4.3,$34.98,,,,,,https://www.amazon.com/CUSHIONAIRE-Adjustable-Waterproof-Sandals-CHOCOLATE/dp/B0H4MLLC32/ref=zg_bsnr_g_679425011_d_sccl_2/146-0936993-4719063?psc=1,"https://images-na.ssl-images-amazon.com/images/I/81iCqxPUX6L._AC_UL600_SR600,400_.jpg",52,排名靠前；评分达到4.3以上。
2026-07-20,amazon_us,product,new_releases,New Releases Women Sandals,7,adidas Mens Adilette Aqua Slide Casual Sandals Casual - Black,,4.4,$21.09,,,,,,https://www.amazon.com/adidas-Unisex-Adilette-Slide-Sandal/dp/B0BHXMP298/ref=zg_bsnr_g_679425011_d_sccl_7/146-0936993-4719063?psc=1,"https://images-na.ssl-images-amazon.com/images/I/51nGzrhiENL._AC_UL600_SR600,400_.jpg",52,排名靠前；评分达到4.3以上。
2026-07-20,amazon_us,product,new_releases,New Releases Women Sandals,8,adidas Womens Adilette Aqua Slides Casual Sandals Casual - Blue,,4.5,$24.90,,,,,,https://www.amazon.com/adidas-Womens-Adilette-Slides-Sandal/dp/B0921VVY52/ref=zg_bsnr_g_679425011_d_sccl_8/146-0936993-4719063?psc=1,"https://images-na.ssl-images-amazon.com/images/I/31UIFbdKeTL._AC_UL600_SR600,400_.jpg",52,排名靠前；评分达到4.3以上。
2026-07-20,amazon_us,product,best_sellers,Best Sellers Women Sandals,21,"CUSHIONAIRE Luna Sandals for Women, Cork Footbed Womens Sandals for Summer Comfort with Adjustable Straps, Wide Width Available",,4.5,$34.99,,,,,,https://www.amazon.com/CUSHIONAIRE-Next-Womens-Slide-Sandals-Brown/dp/B073XSLL5P/ref=zg_bs_g_679425011_d_sccl_21/141-6992112-1340110?psc=1,"https://images-na.ssl-images-amazon.com/images/I/81TDeaArVJL._AC_UL600_SR600,400_.jpg",51,排名进入前30；标题包含 comfort、summer，符合美国女鞋舒适化趋势；评分达到4.3以上。
2026-07-20,amazon_us,product,new_releases,New Releases Women Sandals,14,"BRONAX Women's Double Buckle Clear Jelly Sandals J100 | Waterproof PVC Material, Quick-Drying, Summer Slip on, Easy to Clean, Comfort During Walking, Travel, and Daily Wear",,4.3,$19.98,,,,,,https://www.amazon.com/BRONAX-Womens-Double-Buckle-Sandals/dp/B0H14NPPFB/ref=zg_bsnr_g_679425011_d_sccl_14/146-0936993-4719063?psc=1,"https://images-na.ssl-images-amazon.com/images/I/81ntrU8WMiL._AC_UL600_SR600,400_.jpg",51,排名进入前30；标题包含 comfort、summer，符合美国女鞋舒适化趋势；评分达到4.3以上。
2026-07-20,amazon_us,product,new_releases,New Releases Women Sandals,28,Glamnest Women's Kitten Heel Sandals Square Open Toe Slip On Flip Flop Heels Comfortable 2 Inch Heeled Sandals Thong Party Dress Summer Travel Wedding,,4.3,$31.99,,,,,,https://www.amazon.com/Glamnest-Womens-Kitten-Comfortable-Wedding/dp/B0GLZ4Q81C/ref=zg_bsnr_g_679425011_d_sccl_28/146-0936993-4719063?psc=1,"https://images-na.ssl-images-amazon.com/images/I/61TP1DPnvlL._AC_UL600_SR600,400_.jpg",51,排名进入前30；标题包含 comfort、summer，符合美国女鞋舒适化趋势；评分达到4.3以上。
2026-07-20,amazon_us,product,new_releases,New Releases Women Sandals,30,Noctivelle Women Kitten Heeled Sandals Waterproof Thong Flip Flops Memory Foam Comfort Insole Summer Quick Dry Casual Pool Beach Shoes,,4.1,$22.99,,,,,,https://www.amazon.com/Noctivelle-Women-Kitten-Heeled-Sandals/dp/B0H5C4GKMC/ref=zg_bsnr_g_679425011_d_sccl_30/146-0936993-4719063?psc=1,"https://images-na.ssl-images-amazon.com/images/I/71O8VgpBC3L._AC_UL600_SR600,400_.jpg",51,排名进入前30；标题包含 comfort、beach、summer，符合美国女鞋舒适化趋势；评分达到4.0以上。
2026-07-20,amazon_us,product,new_releases,New Releases Women Sandals,29,"CUSHIONAIRE Ferry Espadrille Wedge Sandals for Women, Thong Platform Flip Flops with Cross Strap and Slip-On Design",,4.2,$49.98,,,,,,https://www.amazon.com/CUSHIONAIRE-Espadrille-Sandals-Platform-Design/dp/B0H42V7M96/ref=zg_bsnr_g_679425011_d_sccl_29/146-0936993-4719063?psc=1,"https://images-na.ssl-images-amazon.com/images/I/81rI8wTUKAL._AC_UL600_SR600,400_.jpg",50,排名进入前30；标题包含 platform、wedge，符合美国女鞋舒适化趋势；评分达到4.0以上。
2026-07-20,amazon_us,product,new_releases,New Releases Women Sandals,1,"CUSHIONAIRE Vita Jelly Sandals for Women, Casual Lightweight Womens Strappy Sandals with Adjustable Buckle Strap and Gold Hardware Accent",,4.0,$39.98,,,,,,https://www.amazon.com/CUSHIONAIRE-Sandals-Lightweight-Adjustable-Hardware/dp/B0H1Y94T1T/ref=zg_bsnr_g_679425011_d_sccl_1/146-0936993-4719063?psc=1,"https://images-na.ssl-images-amazon.com/images/I/81Uy6Bt6XaL._AC_UL600_SR600,400_.jpg",49,排名靠前；评分达到4.0以上。
2026-07-20,amazon_us,product,search,platform sandals women,12,CUSHIONAIRE,¥287.93,4.2,CUSHIONAIRE,,,,,,https://www.amazon.com/CUSHIONAIRE-Womens-platform-sandal-Memory/dp/B09M96YX6M/ref=sr_1_4?dib=eyJ2IjoiMSJ9.3zo6vUgTuNV2_oDBDGXaTbtkDXfaI8uJahwLisIof4DobZ0KAM3eeJQk-fSOlpH2bGmEr-odu4H5D4qzU7S7uU_SBihnWRVa7bVTMj2G7ciVbKbi1y52BsS7947J7h6bOtEIiPP7KgJ6koOK3Df1kI7VrzOL-6oA5bKzlN0SuwaBup5D5iV4jTCP2k_vsHehG6RWIxNPGD_BWSLZ_3jW8ZWWfAfs6lxGrzbwj0htLKVte3C6Qni0lMelfVtriQkkFE9AzdaIFVnFi1je0qMBcueJ5vqYGivOCG6oS4WoU0o.Kc3s8wCGQ_Epn9IDGjZPZM_ox-zkKJO0xD6ksrlkheY&dib_tag=se&keywords=platform+sandals+women&qid=1784522096&sr=8-4,https://m.media-amazon.com/images/I/71oz-qD6L5L._AC_UL320_.jpg,49,排名进入前30；价格处于人民币等值¥180.00-¥288.00区间；评分达到4.0以上。
2026-07-20,amazon_us,product,best_sellers,Best Sellers Women Sandals,11,"WHITIN Women's Slides with Cushioned Thick Sole Slippers for Home Wear Y13 | Comfort for Daily Wear, Waterproof & Easy to Clean, Indoor & Outdoor Versatility, Lightweight EVA for All-Day",,4.3,$9.99,,,,,,https://www.amazon.com/WHITIN-Slippers-Sandals-Fashionable-Lightweight/dp/B0C1C3MKLF/ref=zg_bs_g_679425011_d_sccl_11/141-6992112-1340110?psc=1,"https://images-na.ssl-images-amazon.com/images/I/71nA8egRirL._AC_UL600_SR600,400_.jpg",48,排名进入前30；标题包含 comfort，符合美国女鞋舒适化趋势；评分达到4.3以上。
2026-07-20,amazon_us,product,new_releases,New Releases Women Sandals,17,"CUSHIONAIRE Aqua Jelly Flip Flops for Women | Jelly Shoes Glossy Upper, Slip-On Thong Design, Open Round Toe, Quick-Dry Beach and Pool Friendly, Travel-Ready Resort Style",,5.0,$29.99,,,,,,https://www.amazon.com/CUSHIONAIRE-Jelly-Flops-Women-CHOCOLATE/dp/B0H6BXXMJ9/ref=zg_bsnr_g_679425011_d_sccl_17/146-0936993-4719063?psc=1,"https://images-na.ssl-images-amazon.com/images/I/71LKwjHednL._AC_UL600_SR600,400_.jpg",48,排名进入前30；标题包含 beach，符合美国女鞋舒适化趋势；评分达到4.6以上。
2026-07-20,amazon_us,product,new_releases,New Releases Women Sandals,19,IDAWIVI Heeled Sandals for Women Low Block Chunky Heels Cutout Strap Square Open Toe Mule Sandals Casual Summer Slip On Slides,,4.6,$35.89,,,,,,https://www.amazon.com/IDAWIVI-Heeled-Sandals-Chunky-Cutout/dp/B0GRV4FN13/ref=zg_bsnr_g_679425011_d_sccl_19/146-0936993-4719063?psc=1,"https://images-na.ssl-images-amazon.com/images/I/616J5sbTlUL._AC_UL600_SR600,400_.jpg",48,排名进入前30；标题包含 summer，符合美国女鞋舒适化趋势；评分达到4.6以上。
2026-07-20,amazon_us,product,new_releases,New Releases Women Sandals,21,BRONAX Jelly Slides Sandals for Women | Hollow Out Breathable Flats | Slip-on Summer Beach Shoes,,4.3,$19.99,,,,,,https://www.amazon.com/BRONAX-Jellies-Breathable-Non-Slip-Water-Resistant/dp/B0H149XQJB/ref=zg_bsnr_g_679425011_d_sccl_21/146-0936993-4719063?psc=1,"https://images-na.ssl-images-amazon.com/images/I/81YBWZSREvL._AC_UL600_SR600,400_.jpg",48,排名进入前30；标题包含 beach、summer，符合美国女鞋舒适化趋势；评分达到4.3以上。
2026-07-20,amazon_us,product,search,women summer slippers,35,Open Toe Summer Slippers for Women - Arch Support Comfy & Cute Slip-On Indoor/Outdoor House Slippers with Non-Slip TPR Outsole,¥168.41,4.1,"Price, product page $23.39 $ 23 . 39 Typical: $25.99 Typical: $25.99 $25.99",,,,,,https://www.amazon.com/SaDuck-Summer-Slippers-Women-Slip/dp/B0GLNVHZ5M/ref=sr_1_27?dib=eyJ2IjoiMSJ9.edQbWdZgRC57j1GkLLh3ypLpGy5JjTF-VSN3Bkds4s6Z7XN1biWVvUmm3ko_Er2x5pXSMH0QsST4UOlft_S2gZPkRq3kQE5jW1NuvphqiLKmY-WKC8NKDnHT_c53wuYv4XjEn8SOXCI_9bV8j5-JOl7UjghlIvgHlpefyY5AHaLQLDNswGAaK2mamVOePEXhCCiWA5qPXVPAWZXDMaDegeYn8s8g4xM_sGCkzViqL_W7DwNEXeDdl-vTgsp4rkZLePlzmpzndOJkE9tUSCn7SPr_dcoWHgIaiHPl4D9yNts.wuXOzzPi1WXg9aMgAyFpqlL3sVP7duutNCZzJ_pFGUo&dib_tag=se&keywords=women+summer+slippers&qid=1784522094&sr=8-27,https://m.media-amazon.com/images/I/71LNEIAFQiL._AC_UL320_.jpg,48,排名进入前50；价格处于人民币等值¥57.60-¥180.00黄金区间；标题包含 arch support、summer，符合美国女鞋舒适化趋势；评分达到4.0以上。
2026-07-20,amazon_us,product,search,women slides,12,Floafers,¥424.80,5.0,Floafers,,,,,,https://www.amazon.com/sspa/click?ie=UTF8&spc=MTo4MjgzMzQwMjkwNTI2ODc0OjE3ODQ1MjIwOTY6c3BfbXRmOjMwMTE3MTkxODQ1MjAwMjo6MDo6&url=%2FFloafers-Unisex-Brawl-Womens-Medium%2Fdp%2FB0FSWNH4XQ%2Fref%3Dsr_1_11_sspa%3Fdib%3DeyJ2IjoiMSJ9.RrPumS3Ni8XWS9mPWZVEoPInrt2RHyBcd8_hgzLhdqLrIRFgnAvrzGhlupVAEArOziMpWkWsMhbJUOMeIQN2enDwVxpM_QtnYgMwboWrX2TR6hVnUodjdUgEW_ChxYlVIfZLA5SeB_tu7FmkS63jd3jfIqM4hgYf9P_cdlB2KhfVdZCZfxD0ehUgdkdTwNzsAnAmkJ7cSntl8r6WDWoa807td9w2M9tx6EDkWanSU1JMoGH-gi-QSZXOFakFBmtBnKmF0S2sgcUvwtAvRR-qS8HGfTDWX0FTmsU4FY_KGnY.crsZRtfvClzucdNtqWNhNGubYifuq5yXm6ScvJ26qwM%26dib_tag%3Dse%26keywords%3Dwomen%2Bslides%26qid%3D1784522096%26sr%3D8-11-spons%26sp_csd%3Dd2lkZ2V0TmFtZT1zcF9tdGY%26psc%3D1,https://m.media-amazon.com/images/I/61up9dXWRZL._AC_UL320_.jpg,48,排名进入前30；价格高于人民币等值¥288.00；评分达到4.6以上。
2026-07-20,amazon_us,product,search,women slides,16,Nike,¥396.00,4.6,Nike,,,,,,https://www.amazon.com/Nike-Womens-Slides-Sandal-Sail-Sail/dp/B0F8RWJWPP/ref=sr_1_15?dib=eyJ2IjoiMSJ9.RrPumS3Ni8XWS9mPWZVEoPInrt2RHyBcd8_hgzLhdqLrIRFgnAvrzGhlupVAEArOziMpWkWsMhbJUOMeIQN2enDwVxpM_QtnYgMwboWrX2TR6hVnUodjdUgEW_ChxYlVIfZLA5SeB_tu7FmkS63jd3jfIqM4hgYf9P_cdlB2KhfVdZCZfxD0ehUgdkdTwNzsAnAmkJ7cSntl8r6WDWoa807td9w2M9tx6EDkWanSU1JMoGH-gi-QSZXOFakFBmtBnKmF0S2sgcUvwtAvRR-qS8HGfTDWX0FTmsU4FY_KGnY.crsZRtfvClzucdNtqWNhNGubYifuq5yXm6ScvJ26qwM&dib_tag=se&keywords=women+slides&qid=1784522096&sr=8-15,https://m.media-amazon.com/images/I/51cWuQbsCJL._AC_UL320_.jpg,48,排名进入前30；价格高于人民币等值¥288.00；评分达到4.6以上。
2026-07-20,amazon_us,product,search,platform sandals women,29,Teva,¥467.93,4.6,Teva,,,,,,https://www.amazon.com/Teva-Womens-Flatform-Universal-Platform/dp/B00KXD9RDA/ref=sr_1_13?dib=eyJ2IjoiMSJ9.3zo6vUgTuNV2_oDBDGXaTbtkDXfaI8uJahwLisIof4DobZ0KAM3eeJQk-fSOlpH2bGmEr-odu4H5D4qzU7S7uU_SBihnWRVa7bVTMj2G7ciVbKbi1y52BsS7947J7h6bOtEIiPP7KgJ6koOK3Df1kI7VrzOL-6oA5bKzlN0SuwaBup5D5iV4jTCP2k_vsHehG6RWIxNPGD_BWSLZ_3jW8ZWWfAfs6lxGrzbwj0htLKVte3C6Qni0lMelfVtriQkkFE9AzdaIFVnFi1je0qMBcueJ5vqYGivOCG6oS4WoU0o.Kc3s8wCGQ_Epn9IDGjZPZM_ox-zkKJO0xD6ksrlkheY&dib_tag=se&keywords=platform+sandals+women&qid=1784522096&sr=8-13,https://m.media-amazon.com/images/I/51hzsC5dKSL._AC_UL320_.jpg,48,排名进入前30；价格高于人民币等值¥288.00；评分达到4.6以上。
2026-07-20,amazon_us,product,best_sellers,Best Sellers Women Sandals,13,Clarks Women's Breeze Sea Flip-Flop,,4.7,$31.99,,,,,,https://www.amazon.com/Clarks-Womens-Breeze-Flip-Synthetic/dp/B01FH9EJCI/ref=zg_bs_g_679425011_d_sccl_13/141-6992112-1340110?psc=1,"https://images-na.ssl-images-amazon.com/images/I/61CUHH0LXiL._AC_UL600_SR600,400_.jpg",45,排名进入前30；评分达到4.6以上。
2026-07-20,amazon_us,product,best_sellers,Best Sellers Women Sandals,29,"ZUVARI Kitten Heels for Women, Square Toe Flip Flop Kitten Heel Sandals, 2.16 Inch Thong Heels, Slip-On Dressy Summer Heeled Sandals",,4.4,$28.79,,,,,,https://www.amazon.com/ZUVARI-Kitten-Square-Sandals-Dressy/dp/B0GBXPS8D3/ref=zg_bs_g_679425011_d_sccl_29/141-6992112-1340110?psc=1,"https://images-na.ssl-images-amazon.com/images/I/51r5FYMKLKL._AC_UL600_SR600,400_.jpg",45,排名进入前30；标题包含 summer，符合美国女鞋舒适化趋势；评分达到4.3以上。
2026-07-20,amazon_us,product,best_sellers,Best Sellers Women Sandals,33,Project Cloud 100% Genuine Leather Sandals for Women 2026 - Fashion Flat Womens Sandals with Memory Foam Insole Slides Sandals Women Footwear - Mules Women's Sandals (Jannel),,4.3,$39.90,,,,,,https://www.amazon.com/Project-Cloud-Fashion-Sandals-Women/dp/B0CQ716Z3L/ref=zg_bs_g_679425011_d_sccl_33/141-6992112-1340110?psc=1,"https://images-na.ssl-images-amazon.com/images/I/71WxLxLw-rL._AC_UL300_SR300,200_.jpg",45,排名进入前50；标题包含 cloud，符合美国女鞋舒适化趋势；cloud + slides组合趋势加分；评分达到4.3以上。
2026-07-20,amazon_us,product,best_sellers,Best Sellers Women Sandals,34,Project Cloud 100% Genuine Leather Sandals Women Dressy Beach Essentials Slides for Women Footwear - Lightweight with Memory Foam Insole Sandals for Women 2026 - Womens Slides,,4.1,$29.90,,,,,,https://www.amazon.com/Project-Cloud-Genuine-Leather-Essentials/dp/B0CP4K9S8T/ref=zg_bs_g_679425011_d_sccl_34/141-6992112-1340110?psc=1,"https://images-na.ssl-images-amazon.com/images/I/813h1QBU5fL._AC_UL300_SR300,200_.jpg",45,排名进入前50；标题包含 cloud、beach，符合美国女鞋舒适化趋势；cloud + slides组合趋势加分；评分达到4.0以上。
2026-07-20,amazon_us,product,best_sellers,Best Sellers Women Sandals,46,ONCAI Women's Flip Flops Comfortable Summer Beach Thong Sandals for Women with Cushion Walking Arch Support Yoga Mat Indoor Outdoor Soles,,4.3,$13.99,,,,,,https://www.amazon.com/ONCAI-Non-Slip-Sandals-Slippers-Support/dp/B08V1BX1K1/ref=zg_bs_g_679425011_d_sccl_46/141-6992112-1340110?psc=1,"https://images-na.ssl-images-amazon.com/images/I/71YH+zZoNUL._AC_UL300_SR300,200_.jpg",45,排名进入前50；标题包含 comfort、arch support、beach、summer，符合美国女鞋舒适化趋势；评分达到4.3以上。
2026-07-20,amazon_us,product,new_releases,New Releases Women Sandals,13,"CUSHIONAIRE Mezzo Clear Strap Kitten Heels for Women, Square Toe Flip Flop Sandal Heels with Memory Foam Comfort",,4.2,$49.98,,,,,,https://www.amazon.com/CUSHIONAIRE-Kitten-Square-Sandal-Comfort/dp/B0GZHWP9H3/ref=zg_bsnr_g_679425011_d_sccl_13/146-0936993-4719063?psc=1,"https://images-na.ssl-images-amazon.com/images/I/713Q6uXZZqL._AC_UL600_SR600,400_.jpg",45,排名进入前30；标题包含 comfort，符合美国女鞋舒适化趋势；评分达到4.0以上。
2026-07-20,amazon_us,product,new_releases,New Releases Women Sandals,15,CUSHIONAIRE Riot Jelly Thong Kitten Heels for Women,,5.0,$39.99,,,,,,https://www.amazon.com/CUSHIONAIRE-Jelly-Thong-Kitten-CHOCOLATE/dp/B0H6C2T8B3/ref=zg_bsnr_g_679425011_d_sccl_15/146-0936993-4719063?psc=1,"https://images-na.ssl-images-amazon.com/images/I/71cl7MmlX-L._AC_UL600_SR600,400_.jpg",45,排名进入前30；评分达到4.6以上。
2026-07-20,amazon_us,product,search,women summer slippers,37,Summer Sandals For Woman 2026 Comfortable Slip On Breathable Hollow Mesh Casual Beach Slippers Orthopedic Shoes,¥57.38,3.4,"Price, product page $7.97 $ 7 . 97",,,,,,https://www.amazon.com/dyiozbga-Comfortable-Breathable-Orthopedic-Lightweight/dp/B0G6L2RHZG/ref=sr_1_29?dib=eyJ2IjoiMSJ9.edQbWdZgRC57j1GkLLh3ypLpGy5JjTF-VSN3Bkds4s6Z7XN1biWVvUmm3ko_Er2x5pXSMH0QsST4UOlft_S2gZPkRq3kQE5jW1NuvphqiLKmY-WKC8NKDnHT_c53wuYv4XjEn8SOXCI_9bV8j5-JOl7UjghlIvgHlpefyY5AHaLQLDNswGAaK2mamVOePEXhCCiWA5qPXVPAWZXDMaDegeYn8s8g4xM_sGCkzViqL_W7DwNEXeDdl-vTgsp4rkZLePlzmpzndOJkE9tUSCn7SPr_dcoWHgIaiHPl4D9yNts.wuXOzzPi1WXg9aMgAyFpqlL3sVP7duutNCZzJ_pFGUo&dib_tag=se&keywords=women+summer+slippers&qid=1784522094&sr=8-29,https://m.media-amazon.com/images/I/71yJlD7GxHL._AC_UL320_.jpg,45,排名进入前50；价格低于人民币等值¥57.60；标题包含 orthopedic、comfort、beach、summer，符合美国女鞋舒适化趋势。
2026-07-20,amazon_us,product,search,women summer slippers,48,Parlovable,¥71.93,4.6,Parlovable,,,,,,https://www.amazon.com/Womens-Slippers-Outdoor-Breathable-Off-White/dp/B07YFWL6ZF/ref=sr_1_40?dib=eyJ2IjoiMSJ9.edQbWdZgRC57j1GkLLh3ypLpGy5JjTF-VSN3Bkds4s6Z7XN1biWVvUmm3ko_Er2x5pXSMH0QsST4UOlft_S2gZPkRq3kQE5jW1NuvphqiLKmY-WKC8NKDnHT_c53wuYv4XjEn8SOXCI_9bV8j5-JOl7UjghlIvgHlpefyY5AHaLQLDNswGAaK2mamVOePEXhCCiWA5qPXVPAWZXDMaDegeYn8s8g4xM_sGCkzViqL_W7DwNEXeDdl-vTgsp4rkZLePlzmpzndOJkE9tUSCn7SPr_dcoWHgIaiHPl4D9yNts.wuXOzzPi1WXg9aMgAyFpqlL3sVP7duutNCZzJ_pFGUo&dib_tag=se&keywords=women+summer+slippers&qid=1784522094&sr=8-40,https://m.media-amazon.com/images/I/61vjaMbgpqL._AC_UL320_.jpg,45,排名进入前50；价格处于人民币等值¥57.60-¥180.00黄金区间；评分达到4.6以上。
2026-07-20,amazon_us,product,search,women slides,1,4.3,,,4.3,,,,,,https://aax-us-east-retail-direct.amazon.com/x/c/JKkCI8-Y7FXcnOQwI4nAiwMAAAGffc4_pwEAAAH2AQBvbm9fdHhuX2JpZDEgICBvbm9fdHhuX2ltcDIgICDq0ECl/clv1c_ek-wxQXWUsbaTYVIQAWpiRyyP1YAA5hOVcQPCu8519rZEmS98BHxadOFNcutqacQX6QyoyQDLDXFS4GsoxENEKOfFl68nhF_wzFsr66OxE63m9Vb-n4lu2fK7rm0InSswPBU6ooR78uGCXU1AHo46_pLId-UphXr9OayizC4wY6H6csejdaXaBzNZu4p65bK93F7c0NIPT38DfGpFylaYM5T3fyfLDY0GaR9jOyqJiEfPIB-vTs3Dkatz_WZC1p0MfDUL6FvZsW5NsCBQnHsbNtRzIV_tsYO0U8ZADfvRRpprhnRQlUmkbhnjpQLzjfgjx7IO4BnqV9KchJjX8ul4vy3t0OlCpWQ7mgpqbk0W5liasIuwR9M19lPN_ENZ-bew6zPbJ0p5_MB_rURrpoLUiQEOUOjqFbPUGgWl3aZzM-vAOVlyg4CMrstWbKKkY5Ox3YiEfEegjjqDSxbsOlsaHGl2DZLeqG0jRljb1b41YD48K1qNjsRYUvV7c8IkjpKDSDiVYhD0xr9vEJJ06ca4Zj049OlyWrQGQ1unB8siTu69jkMvLUQmeQd2hrc-gaurZ7IZhZouak3j_Ie3qXJBKzkL05MEb96rzISO5_e478ApEX7F-NjpW2mWj3NqZtISl53OMo1LAFFzkqrx8nHOd4BSMAYLw6TbQMBqpB9Su0RWITJkdjPJO_iIp4k3nTbqvPavCbG6Ixe85XlpztLo7tIbXppSrntmSwINok19zFRqrQxl_oKBXGnu-JDbw_z3iN_06Ye6XiXjj9hwbVLqu26fArp0SGy_WqT5TW0292nU81giDYr0HItZjYR51p5ycHneDYoYfY_3-WAM5K0arQHJ3FssEpP9Pw5byhmWIXf3L-k7SWLI632jkrMD41Kn44byRUSNCsoLoBnlIlY1ZHt0vfinRxAQ4VS_te3KrxBj3BXsvt00pM2PhLIV7KBQH2sADv_y2Ol8knUoOjcMSQsBbv2Vvxlbz-hECMFmoyeHWXsBDwFdCR4X3rNKbZHkARseF6l3Rchjg2UURXDK9cm2MyWjTrNTAl6mrA0hZHIAFAa5Y7JOlp9FwYRRZOswwjf5LdvWoAUGue2BUb15YQHNyPVXHyNh-qoSPmUNEU_4C6EKc0uOLzuE_3ZMiMyU6I_3VfUOR9pdHJy2jSGNEjQrDHdoVaPgM8TqAHXoBLH5EKqoeYTnUIvqFoptI6chbQkrKXaTpxhhk19wS-pcPtV-anyr8O3u8WBCL0j2idTQsgvVQ3mvx_7y6uVAA-k281egmM_KNlqzCTqdlHlv6LWApRuT1kbCyfj7o_WpbMCV-0Gq0_TCckImwnaw5Iryeb7o2J7Ew783LQU3A9tpn3K5NNsf49FNEK51a7PAIDlRvkhFNWQIFlpbxXDldgCgEGpdsgCZrxMs_kZHl1vOpQImS7JzS7VGgM8uXoDYZrgUx7EPENaHar5y_4rFmVvbWaG_pPShReqrEcDHKFALF5wKdoqwYcPq2gJ2DQ7a1gzDAPNqEPyNZGKCWC6Fk4BJShh0IoJ8S44Ef0Cw4OW3KdtCVYZ0z22b_3lj81aI1K2Xh-qToWH7kw1s6EQiFk/https://www.amazon.com/dp/B09C1QWSL8/?_encoding=UTF8&pd_rd_i=B09C1QWSL8&ref_=sbx_be_s_sparkle_ssd_img&qid=1784522096&pd_rd_w=MjkJR&content-id=amzn1.sym.2fb72bc8-96ef-420d-b08f-c04b69f36507%3Aamzn1.sym.2fb72bc8-96ef-420d-b08f-c04b69f36507&pf_rd_p=2fb72bc8-96ef-420d-b08f-c04b69f36507&pf_rd_r=8YVKBTNHC0MD2QYSCP0W&pd_rd_wg=hF25M&pd_rd_r=3ad9cc20-91f3-4778-8755-dbc8a6fc98cb&pd_rd_plhdr=t,"https://m.media-amazon.com/images/I/31zGbEI4DFL._AC_SR250,250_QL65_.jpg",45,排名靠前。
2026-07-20,amazon_us,product,search,platform sandals women,26,REEF,¥356.62,4.4,REEF,,,,,,https://www.amazon.com/Reef-Sandals-Cushion-Platform-Natural/dp/B09TRZZP54/ref=sr_1_10?dib=eyJ2IjoiMSJ9.3zo6vUgTuNV2_oDBDGXaTbtkDXfaI8uJahwLisIof4DobZ0KAM3eeJQk-fSOlpH2bGmEr-odu4H5D4qzU7S7uU_SBihnWRVa7bVTMj2G7ciVbKbi1y52BsS7947J7h6bOtEIiPP7KgJ6koOK3Df1kI7VrzOL-6oA5bKzlN0SuwaBup5D5iV4jTCP2k_vsHehG6RWIxNPGD_BWSLZ_3jW8ZWWfAfs6lxGrzbwj0htLKVte3C6Qni0lMelfVtriQkkFE9AzdaIFVnFi1je0qMBcueJ5vqYGivOCG6oS4WoU0o.Kc3s8wCGQ_Epn9IDGjZPZM_ox-zkKJO0xD6ksrlkheY&dib_tag=se&keywords=platform+sandals+women&qid=1784522096&sr=8-10,https://m.media-amazon.com/images/I/61Uv1VDRdFL._AC_UL320_.jpg,45,排名进入前30；价格高于人民币等值¥288.00；评分达到4.3以上。
2026-07-20,amazon_us,product,search,platform sandals women,35,Project Cloud,¥215.28,4.4,Project Cloud,,,,,,https://www.amazon.com/Project-Cloud-Genuine-Womens-Sandals/dp/B0CQTTTK2J/ref=sr_1_19?dib=eyJ2IjoiMSJ9.3zo6vUgTuNV2_oDBDGXaTbtkDXfaI8uJahwLisIof4DobZ0KAM3eeJQk-fSOlpH2bGmEr-odu4H5D4qzU7S7uU_SBihnWRVa7bVTMj2G7ciVbKbi1y52BsS7947J7h6bOtEIiPP7KgJ6koOK3Df1kI7VrzOL-6oA5bKzlN0SuwaBup5D5iV4jTCP2k_vsHehG6RWIxNPGD_BWSLZ_3jW8ZWWfAfs6lxGrzbwj0htLKVte3C6Qni0lMelfVtriQkkFE9AzdaIFVnFi1je0qMBcueJ5vqYGivOCG6oS4WoU0o.Kc3s8wCGQ_Epn9IDGjZPZM_ox-zkKJO0xD6ksrlkheY&dib_tag=se&keywords=platform+sandals+women&qid=1784522096&sr=8-19,https://m.media-amazon.com/images/I/81V6vB5lczL._AC_UL320_.jpg,45,排名进入前50；价格处于人民币等值¥180.00-¥288.00区间；标题包含 cloud，符合美国女鞋舒适化趋势；评分达到4.3以上。
2026-07-20,amazon_us,product,best_sellers,Best Sellers Women Sandals,31,"Reef Cushion Vista Hi Womens Platform Fashion Sandal, Arch Support, Ultra Soft Cushion Footbed",,4.4,$39.93,,,,,,https://www.amazon.com/Reef-Womens-Cushion-Vista-Hi/dp/B09K8WMWN6/ref=zg_bs_g_679425011_d_sccl_31/141-6992112-1340110?psc=1,"https://images-na.ssl-images-amazon.com/images/I/61wij8MIiAL._AC_UL300_SR300,200_.jpg",44,排名进入前50；标题包含 platform、arch support、soft，符合美国女鞋舒适化趋势；评分达到4.3以上。
2026-07-20,amazon_us,product,best_sellers,Best Sellers Women Sandals,12,CUSHIONAIRE Pool Slides for Women Water Resistant Double Buckle Adjustable Slip-On Womens Sandals for Beach Shower Casual Wear,,4.1,$44.98,,,,,,https://www.amazon.com/CUSHIONAIRE-Sandals-Resistant-Double-Buckle/dp/B0GXHKZW5C/ref=zg_bs_g_679425011_d_sccl_12/141-6992112-1340110?psc=1,"https://images-na.ssl-images-amazon.com/images/I/71NStLIJ8SL._AC_UL600_SR600,400_.jpg",42,排名进入前30；标题包含 beach，符合美国女鞋舒适化趋势；评分达到4.0以上。
2026-07-20,amazon_us,product,best_sellers,Best Sellers Women Sandals,25,Havaianas Women's Slim Square Solid Flip Flops,,4.3,$32.00,,,,,,https://www.amazon.com/Havaianas-Womens-Square-Solid-Medium/dp/B0BBPX6J6F/ref=zg_bs_g_679425011_d_sccl_25/141-6992112-1340110?psc=1,"https://images-na.ssl-images-amazon.com/images/I/519tF5UFGFL._AC_UL600_SR600,400_.jpg",42,排名进入前30；评分达到4.3以上。
2026-07-20,amazon_us,product,best_sellers,Best Sellers Women Sandals,43,KuaiLu Womens Casual Flip Flops with Comfortable Arch Support Yoga Mat Summer Beach Walking Thong Cushion Sandals Lightweight Flats Non-Slip Shoes Indoor Outdoor,,4.2,$23.98,,,,,,https://www.amazon.com/KuaiLu-Support-Comfortable-Cushion-Non-Slip/dp/B07C1YTWDF/ref=zg_bs_g_679425011_d_sccl_43/141-6992112-1340110?psc=1,"https://images-na.ssl-images-amazon.com/images/I/61TtgwlEaSL._AC_UL300_SR300,200_.jpg",42,排名进入前50；标题包含 comfort、arch support、beach、summer，符合美国女鞋舒适化趋势；评分达到4.0以上。
2026-07-20,amazon_us,product,new_releases,New Releases Women Sandals,11,adidas Mens Adilette Shower Arsenal Slides Casual Sandals Casual - Red,,4.4,$16.63,,,,,,https://www.amazon.com/adidas-Unisex-Adilette-Shower-Metallic/dp/B0DF12B7P4/ref=zg_bsnr_g_679425011_d_sccl_11/146-0936993-4719063?psc=1,"https://images-na.ssl-images-amazon.com/images/I/61mi711hnuL._AC_UL600_SR600,400_.jpg",42,排名进入前30；评分达到4.3以上。
2026-07-20,amazon_us,product,search,women summer slippers,32,FITORY,¥143.71,4.3,FITORY,,,,,,https://www.amazon.com/FITORY-Sandals-Fashion-Leather-Slippers/dp/B0BN3GQFKN/ref=sr_1_24?dib=eyJ2IjoiMSJ9.edQbWdZgRC57j1GkLLh3ypLpGy5JjTF-VSN3Bkds4s6Z7XN1biWVvUmm3ko_Er2x5pXSMH0QsST4UOlft_S2gZPkRq3kQE5jW1NuvphqiLKmY-WKC8NKDnHT_c53wuYv4XjEn8SOXCI_9bV8j5-JOl7UjghlIvgHlpefyY5AHaLQLDNswGAaK2mamVOePEXhCCiWA5qPXVPAWZXDMaDegeYn8s8g4xM_sGCkzViqL_W7DwNEXeDdl-vTgsp4rkZLePlzmpzndOJkE9tUSCn7SPr_dcoWHgIaiHPl4D9yNts.wuXOzzPi1WXg9aMgAyFpqlL3sVP7duutNCZzJ_pFGUo&dib_tag=se&keywords=women+summer+slippers&qid=1784522094&sr=8-24,https://m.media-amazon.com/images/I/61cA2WpKDqL._AC_UL320_.jpg,42,排名进入前50；价格处于人民币等值¥57.60-¥180.00黄金区间；评分达到4.3以上。
2026-07-20,amazon_us,product,search,women summer slippers,39,Scurtain,¥100.73,4.3,Scurtain,,,,,,https://www.amazon.com/Summer-Slippers-Shower-Travel-Rubber/dp/B0CPXMZLHM/ref=sr_1_31?dib=eyJ2IjoiMSJ9.edQbWdZgRC57j1GkLLh3ypLpGy5JjTF-VSN3Bkds4s6Z7XN1biWVvUmm3ko_Er2x5pXSMH0QsST4UOlft_S2gZPkRq3kQE5jW1NuvphqiLKmY-WKC8NKDnHT_c53wuYv4XjEn8SOXCI_9bV8j5-JOl7UjghlIvgHlpefyY5AHaLQLDNswGAaK2mamVOePEXhCCiWA5qPXVPAWZXDMaDegeYn8s8g4xM_sGCkzViqL_W7DwNEXeDdl-vTgsp4rkZLePlzmpzndOJkE9tUSCn7SPr_dcoWHgIaiHPl4D9yNts.wuXOzzPi1WXg9aMgAyFpqlL3sVP7duutNCZzJ_pFGUo&dib_tag=se&keywords=women+summer+slippers&qid=1784522094&sr=8-31,https://m.media-amazon.com/images/I/81+JWdhjj5L._AC_UL320_.jpg,42,排名进入前50；价格处于人民币等值¥57.60-¥180.00黄金区间；评分达到4.3以上。
2026-07-20,amazon_us,product,search,women summer slippers,42,Weweya,¥71.93,4.4,Weweya,,,,,,https://www.amazon.com/Weweya-Shower-Non-Slip-Outdoor-Sandals/dp/B0F1XTPHY8/ref=sr_1_34?dib=eyJ2IjoiMSJ9.edQbWdZgRC57j1GkLLh3ypLpGy5JjTF-VSN3Bkds4s6Z7XN1biWVvUmm3ko_Er2x5pXSMH0QsST4UOlft_S2gZPkRq3kQE5jW1NuvphqiLKmY-WKC8NKDnHT_c53wuYv4XjEn8SOXCI_9bV8j5-JOl7UjghlIvgHlpefyY5AHaLQLDNswGAaK2mamVOePEXhCCiWA5qPXVPAWZXDMaDegeYn8s8g4xM_sGCkzViqL_W7DwNEXeDdl-vTgsp4rkZLePlzmpzndOJkE9tUSCn7SPr_dcoWHgIaiHPl4D9yNts.wuXOzzPi1WXg9aMgAyFpqlL3sVP7duutNCZzJ_pFGUo&dib_tag=se&keywords=women+summer+slippers&qid=1784522094&sr=8-34,https://m.media-amazon.com/images/I/61QGXLFgg+L._AC_UL320_.jpg,42,排名进入前50；价格处于人民币等值¥57.60-¥180.00黄金区间；评分达到4.3以上。
2026-07-20,amazon_us,product,search,women summer slippers,44,LongBay,¥100.73,4.4,LongBay,,,,,,https://www.amazon.com/LongBay-Womens-Memroy-Slippers-Sandals/dp/B07H3MB4TY/ref=sr_1_36?dib=eyJ2IjoiMSJ9.edQbWdZgRC57j1GkLLh3ypLpGy5JjTF-VSN3Bkds4s6Z7XN1biWVvUmm3ko_Er2x5pXSMH0QsST4UOlft_S2gZPkRq3kQE5jW1NuvphqiLKmY-WKC8NKDnHT_c53wuYv4XjEn8SOXCI_9bV8j5-JOl7UjghlIvgHlpefyY5AHaLQLDNswGAaK2mamVOePEXhCCiWA5qPXVPAWZXDMaDegeYn8s8g4xM_sGCkzViqL_W7DwNEXeDdl-vTgsp4rkZLePlzmpzndOJkE9tUSCn7SPr_dcoWHgIaiHPl4D9yNts.wuXOzzPi1WXg9aMgAyFpqlL3sVP7duutNCZzJ_pFGUo&dib_tag=se&keywords=women+summer+slippers&qid=1784522094&sr=8-36,https://m.media-amazon.com/images/I/71lMIGojU8L._AC_UL320_.jpg,42,排名进入前50；价格处于人民币等值¥57.60-¥180.00黄金区间；评分达到4.3以上。
2026-07-20,amazon_us,product,search,women slides,38,BRONAX,¥172.73,4.3,BRONAX,,,,,,https://www.amazon.com/BRONAX-Slippers-Non-Slip-Bathroom-Sandals/dp/B092QWYYQ9/ref=sr_1_34?dib=eyJ2IjoiMSJ9.RrPumS3Ni8XWS9mPWZVEoPInrt2RHyBcd8_hgzLhdqLrIRFgnAvrzGhlupVAEArOziMpWkWsMhbJUOMeIQN2enDwVxpM_QtnYgMwboWrX2TR6hVnUodjdUgEW_ChxYlVIfZLA5SeB_tu7FmkS63jd3jfIqM4hgYf9P_cdlB2KhfVdZCZfxD0ehUgdkdTwNzsAnAmkJ7cSntl8r6WDWoa807td9w2M9tx6EDkWanSU1JMoGH-gi-QSZXOFakFBmtBnKmF0S2sgcUvwtAvRR-qS8HGfTDWX0FTmsU4FY_KGnY.crsZRtfvClzucdNtqWNhNGubYifuq5yXm6ScvJ26qwM&dib_tag=se&keywords=women+slides&qid=1784522096&sr=8-34,https://m.media-amazon.com/images/I/71HU6hqqL+L._AC_UL320_.jpg,42,排名进入前50；价格处于人民币等值¥57.60-¥180.00黄金区间；评分达到4.3以上。
2026-07-20,amazon_us,product,search,women slides,39,Comwarm,¥71.93,4.3,Comwarm,,,,,,https://www.amazon.com/Sandals-Lightweight-Bathroom-Non-Slip-Slippers/dp/B099DTRKSL/ref=sr_1_35?dib=eyJ2IjoiMSJ9.RrPumS3Ni8XWS9mPWZVEoPInrt2RHyBcd8_hgzLhdqLrIRFgnAvrzGhlupVAEArOziMpWkWsMhbJUOMeIQN2enDwVxpM_QtnYgMwboWrX2TR6hVnUodjdUgEW_ChxYlVIfZLA5SeB_tu7FmkS63jd3jfIqM4hgYf9P_cdlB2KhfVdZCZfxD0ehUgdkdTwNzsAnAmkJ7cSntl8r6WDWoa807td9w2M9tx6EDkWanSU1JMoGH-gi-QSZXOFakFBmtBnKmF0S2sgcUvwtAvRR-qS8HGfTDWX0FTmsU4FY_KGnY.crsZRtfvClzucdNtqWNhNGubYifuq5yXm6ScvJ26qwM&dib_tag=se&keywords=women+slides&qid=1784522096&sr=8-35,https://m.media-amazon.com/images/I/71uNAZpAhiL._AC_UL320_.jpg,42,排名进入前50；价格处于人民币等值¥57.60-¥180.00黄金区间；评分达到4.3以上。
2026-07-20,amazon_us,product,search,women slides,41,ODOLY,¥143.93,4.5,ODOLY,,,,,,https://www.amazon.com/ODOLY-Footbed-Comfortable-Sandals-Adjustable/dp/B0CSMN1X4W/ref=sr_1_37?dib=eyJ2IjoiMSJ9.RrPumS3Ni8XWS9mPWZVEoPInrt2RHyBcd8_hgzLhdqLrIRFgnAvrzGhlupVAEArOziMpWkWsMhbJUOMeIQN2enDwVxpM_QtnYgMwboWrX2TR6hVnUodjdUgEW_ChxYlVIfZLA5SeB_tu7FmkS63jd3jfIqM4hgYf9P_cdlB2KhfVdZCZfxD0ehUgdkdTwNzsAnAmkJ7cSntl8r6WDWoa807td9w2M9tx6EDkWanSU1JMoGH-gi-QSZXOFakFBmtBnKmF0S2sgcUvwtAvRR-qS8HGfTDWX0FTmsU4FY_KGnY.crsZRtfvClzucdNtqWNhNGubYifuq5yXm6ScvJ26qwM&dib_tag=se&keywords=women+slides&qid=1784522096&sr=8-37,https://m.media-amazon.com/images/I/61iYsM+H9QL._AC_UL320_.jpg,42,排名进入前50；价格处于人民币等值¥57.60-¥180.00黄金区间；评分达到4.3以上。
2026-07-20,amazon_us,product,search,women slides,44,adidas,¥119.74,4.4,adidas,,,,,,https://www.amazon.com/adidas-Unisex-Adilette-Shower-Metallic/dp/B0DF12B7P4/ref=sr_1_40?dib=eyJ2IjoiMSJ9.RrPumS3Ni8XWS9mPWZVEoPInrt2RHyBcd8_hgzLhdqLrIRFgnAvrzGhlupVAEArOziMpWkWsMhbJUOMeIQN2enDwVxpM_QtnYgMwboWrX2TR6hVnUodjdUgEW_ChxYlVIfZLA5SeB_tu7FmkS63jd3jfIqM4hgYf9P_cdlB2KhfVdZCZfxD0ehUgdkdTwNzsAnAmkJ7cSntl8r6WDWoa807td9w2M9tx6EDkWanSU1JMoGH-gi-QSZXOFakFBmtBnKmF0S2sgcUvwtAvRR-qS8HGfTDWX0FTmsU4FY_KGnY.crsZRtfvClzucdNtqWNhNGubYifuq5yXm6ScvJ26qwM&dib_tag=se&keywords=women+slides&qid=1784522096&sr=8-40,https://m.media-amazon.com/images/I/61mi711hnuL._AC_UL320_.jpg,42,排名进入前50；价格处于人民币等值¥57.60-¥180.00黄金区间；评分达到4.3以上。
2026-07-20,amazon_us,product,search,women slides,50,KIDMI,¥158.33,4.5,KIDMI,,,,,,https://www.amazon.com/KIDMI-Genuine-Sandals-Footbed-Adjustable/dp/B0DQH21M77/ref=sr_1_46?dib=eyJ2IjoiMSJ9.RrPumS3Ni8XWS9mPWZVEoPInrt2RHyBcd8_hgzLhdqLrIRFgnAvrzGhlupVAEArOziMpWkWsMhbJUOMeIQN2enDwVxpM_QtnYgMwboWrX2TR6hVnUodjdUgEW_ChxYlVIfZLA5SeB_tu7FmkS63jd3jfIqM4hgYf9P_cdlB2KhfVdZCZfxD0ehUgdkdTwNzsAnAmkJ7cSntl8r6WDWoa807td9w2M9tx6EDkWanSU1JMoGH-gi-QSZXOFakFBmtBnKmF0S2sgcUvwtAvRR-qS8HGfTDWX0FTmsU4FY_KGnY.crsZRtfvClzucdNtqWNhNGubYifuq5yXm6ScvJ26qwM&dib_tag=se&keywords=women+slides&qid=1784522096&sr=8-46,https://m.media-amazon.com/images/I/81JaarSAG2L._AC_UL320_.jpg,42,排名进入前50；价格处于人民币等值¥57.60-¥180.00黄金区间；评分达到4.3以上。
2026-07-20,amazon_us,product,new_releases,New Releases Women Sandals,36,NEEP Jelly Sandals for Women Non-Slip Pool Slides Vintage Platform Double Buckle Waterproof Sandals for Summer Beach Casual,,4.3,$29.99,,,,,,https://www.amazon.com/NEEP-Sandals-Non-Slip-Platform-Waterproof/dp/B0GWZG4MT8/ref=zg_bsnr_g_679425011_d_sccl_36/141-6992112-1340110?psc=1,"https://images-na.ssl-images-amazon.com/images/I/71iXkFqzxsL._AC_UL300_SR300,200_.jpg",41,排名进入前50；标题包含 platform、beach、summer，符合美国女鞋舒适化趋势；评分达到4.3以上。
2026-07-20,amazon_us,product,best_sellers,Best Sellers Women Sandals,19,"CUSHIONAIRE Vita Jelly Sandals for Women, Casual Lightweight Womens Strappy Sandals with Adjustable Buckle Strap and Gold Hardware Accent",,4.0,$39.98,,,,,,https://www.amazon.com/CUSHIONAIRE-Sandals-Lightweight-Adjustable-Hardware/dp/B0H1Y94T1T/ref=zg_bs_g_679425011_d_sccl_19/141-6992112-1340110?psc=1,"https://images-na.ssl-images-amazon.com/images/I/81Uy6Bt6XaL._AC_UL600_SR600,400_.jpg",39,排名进入前30；评分达到4.0以上。
2026-07-20,amazon_us,product,best_sellers,Best Sellers Women Sandals,37,COFACE Womens Fashion Orthotic Flip Flops Ladies Slip On Lightweight Athletic Yoga Mat Cushion Thong Sandals With Comfortable Plantar Fasciitis Arch Support,,4.4,$25.99,,,,,,https://www.amazon.com/COFACE-Orthotic-Athletic-FlipFlops-Fasciitis/dp/B09ZKZW1LR/ref=zg_bs_g_679425011_d_sccl_37/141-6992112-1340110?psc=1,"https://images-na.ssl-images-amazon.com/images/I/71wrTj6AkpL._AC_UL300_SR300,200_.jpg",39,排名进入前50；标题包含 comfort、arch support，符合美国女鞋舒适化趋势；评分达到4.3以上。
2026-07-20,amazon_us,product,new_releases,New Releases Women Sandals,20,"CUSHIONAIRE Shana Clear Jelly Strap Heels for Women, Flared Kitten Heel Slide with Cushioned Footbed and Split Toe",,4.2,$49.99,,,,,,https://www.amazon.com/CUSHIONAIRE-Flared-Cushioned-Footbed-TORTOISE/dp/B0H2FR7D24/ref=zg_bsnr_g_679425011_d_sccl_20/146-0936993-4719063?psc=1,"https://images-na.ssl-images-amazon.com/images/I/71YZfL+oAFL._AC_UL600_SR600,400_.jpg",39,排名进入前30；评分达到4.0以上。
2026-07-20,amazon_us,product,new_releases,New Releases Women Sandals,31,ZURIN Shower Shoes Women Quick Dry Flip Flops with Arch Support，Pool Flip Flops for Women Drainage Holes Non Slip Shower Sandals Slippers for Beach Bath Gym College Dorm,,4.8,$9.98,,,,,,https://www.amazon.com/ZURIN-Support%EF%BC%8CPool-Drainage-Sandals-Slippers/dp/B0GZVLD24B/ref=zg_bsnr_g_679425011_d_sccl_31/141-6992112-1340110?psc=1,"https://images-na.ssl-images-amazon.com/images/I/71mdYp+i5oL._AC_UL300_SR300,200_.jpg",39,排名进入前50；标题包含 arch support、beach，符合美国女鞋舒适化趋势；评分达到4.6以上。
2026-07-20,amazon_us,product,new_releases,New Releases Women Sandals,40,"CUSHIONAIRE Trio Flip Flops for Women, Comfortable Beach Sandals with Braided Thong Strap, Memory Foam Footbed and Metallic Ring Accents",,4.7,$39.99,,,,,,https://www.amazon.com/CUSHIONAIRE-Comfortable-Sandals-Braided-Metallic/dp/B0H37L11HM/ref=zg_bsnr_g_679425011_d_sccl_40/141-6992112-1340110?psc=1,"https://images-na.ssl-images-amazon.com/images/I/71Bu6Js8cPL._AC_UL300_SR300,200_.jpg",39,排名进入前50；标题包含 comfort、beach，符合美国女鞋舒适化趋势；评分达到4.6以上。
2026-07-20,amazon_us,product,search,women summer slippers,36,COCOMUSE,¥107.93,4.1,COCOMUSE,,,,,,https://www.amazon.com/Ultralight-Indoor-Cotton-Slippers-Absorb/dp/B09MRP87ZZ/ref=sr_1_28?dib=eyJ2IjoiMSJ9.edQbWdZgRC57j1GkLLh3ypLpGy5JjTF-VSN3Bkds4s6Z7XN1biWVvUmm3ko_Er2x5pXSMH0QsST4UOlft_S2gZPkRq3kQE5jW1NuvphqiLKmY-WKC8NKDnHT_c53wuYv4XjEn8SOXCI_9bV8j5-JOl7UjghlIvgHlpefyY5AHaLQLDNswGAaK2mamVOePEXhCCiWA5qPXVPAWZXDMaDegeYn8s8g4xM_sGCkzViqL_W7DwNEXeDdl-vTgsp4rkZLePlzmpzndOJkE9tUSCn7SPr_dcoWHgIaiHPl4D9yNts.wuXOzzPi1WXg9aMgAyFpqlL3sVP7duutNCZzJ_pFGUo&dib_tag=se&keywords=women+summer+slippers&qid=1784522094&sr=8-28,https://m.media-amazon.com/images/I/81KNq3E0H3L._AC_UL320_.jpg,39,排名进入前50；价格处于人民币等值¥57.60-¥180.00黄金区间；评分达到4.0以上。
2026-07-20,amazon_us,product,search,women summer slippers,40,Wishcotton,¥119.45,4.2,Wishcotton,,,,,,https://www.amazon.com/Wishcotton-Womens-Adjustable-Memory-Slippers/dp/B079QKLSLQ/ref=sr_1_32?dib=eyJ2IjoiMSJ9.edQbWdZgRC57j1GkLLh3ypLpGy5JjTF-VSN3Bkds4s6Z7XN1biWVvUmm3ko_Er2x5pXSMH0QsST4UOlft_S2gZPkRq3kQE5jW1NuvphqiLKmY-WKC8NKDnHT_c53wuYv4XjEn8SOXCI_9bV8j5-JOl7UjghlIvgHlpefyY5AHaLQLDNswGAaK2mamVOePEXhCCiWA5qPXVPAWZXDMaDegeYn8s8g4xM_sGCkzViqL_W7DwNEXeDdl-vTgsp4rkZLePlzmpzndOJkE9tUSCn7SPr_dcoWHgIaiHPl4D9yNts.wuXOzzPi1WXg9aMgAyFpqlL3sVP7duutNCZzJ_pFGUo&dib_tag=se&keywords=women+summer+slippers&qid=1784522094&sr=8-32,https://m.media-amazon.com/images/I/71WcFznX60L._AC_UL320_.jpg,39,排名进入前50；价格处于人民币等值¥57.60-¥180.00黄金区间；评分达到4.0以上。
2026-07-20,amazon_us,product,search,women summer slippers,43,DL,¥119.16,4.1,DL,,,,,,https://www.amazon.com/DL-Slippers-Sandals-Outdoor-Anti-Skid/dp/B0855LKHQZ/ref=sr_1_35?dib=eyJ2IjoiMSJ9.edQbWdZgRC57j1GkLLh3ypLpGy5JjTF-VSN3Bkds4s6Z7XN1biWVvUmm3ko_Er2x5pXSMH0QsST4UOlft_S2gZPkRq3kQE5jW1NuvphqiLKmY-WKC8NKDnHT_c53wuYv4XjEn8SOXCI_9bV8j5-JOl7UjghlIvgHlpefyY5AHaLQLDNswGAaK2mamVOePEXhCCiWA5qPXVPAWZXDMaDegeYn8s8g4xM_sGCkzViqL_W7DwNEXeDdl-vTgsp4rkZLePlzmpzndOJkE9tUSCn7SPr_dcoWHgIaiHPl4D9yNts.wuXOzzPi1WXg9aMgAyFpqlL3sVP7duutNCZzJ_pFGUo&dib_tag=se&keywords=women+summer+slippers&qid=1784522094&sr=8-35,https://m.media-amazon.com/images/I/71WeFzKbsqL._AC_UL320_.jpg,39,排名进入前50；价格处于人民币等值¥57.60-¥180.00黄金区间；评分达到4.0以上。
2026-07-20,amazon_us,product,search,women summer slippers,47,COFACE,¥158.33,4.1,COFACE,,,,,,https://www.amazon.com/COFACE-Sliders-Slippers-Sandals-Support/dp/B08CK569H1/ref=sr_1_39?dib=eyJ2IjoiMSJ9.edQbWdZgRC57j1GkLLh3ypLpGy5JjTF-VSN3Bkds4s6Z7XN1biWVvUmm3ko_Er2x5pXSMH0QsST4UOlft_S2gZPkRq3kQE5jW1NuvphqiLKmY-WKC8NKDnHT_c53wuYv4XjEn8SOXCI_9bV8j5-JOl7UjghlIvgHlpefyY5AHaLQLDNswGAaK2mamVOePEXhCCiWA5qPXVPAWZXDMaDegeYn8s8g4xM_sGCkzViqL_W7DwNEXeDdl-vTgsp4rkZLePlzmpzndOJkE9tUSCn7SPr_dcoWHgIaiHPl4D9yNts.wuXOzzPi1WXg9aMgAyFpqlL3sVP7duutNCZzJ_pFGUo&dib_tag=se&keywords=women+summer+slippers&qid=1784522094&sr=8-39,https://m.media-amazon.com/images/I/71Bat+SgcpL._AC_UL320_.jpg,39,排名进入前50；价格处于人民币等值¥57.60-¥180.00黄金区间；评分达到4.0以上。
2026-07-20,amazon_us,product,search,women summer slippers,49,FRALOSHA,¥89.93,4.2,FRALOSHA,,,,,,https://www.amazon.com/FRALOSHA-Slippers-Breathable-Outdoor-Sandals/dp/B07FSG6P3M/ref=sr_1_41?dib=eyJ2IjoiMSJ9.edQbWdZgRC57j1GkLLh3ypLpGy5JjTF-VSN3Bkds4s6Z7XN1biWVvUmm3ko_Er2x5pXSMH0QsST4UOlft_S2gZPkRq3kQE5jW1NuvphqiLKmY-WKC8NKDnHT_c53wuYv4XjEn8SOXCI_9bV8j5-JOl7UjghlIvgHlpefyY5AHaLQLDNswGAaK2mamVOePEXhCCiWA5qPXVPAWZXDMaDegeYn8s8g4xM_sGCkzViqL_W7DwNEXeDdl-vTgsp4rkZLePlzmpzndOJkE9tUSCn7SPr_dcoWHgIaiHPl4D9yNts.wuXOzzPi1WXg9aMgAyFpqlL3sVP7duutNCZzJ_pFGUo&dib_tag=se&keywords=women+summer+slippers&qid=1784522094&sr=8-41,https://m.media-amazon.com/images/I/810Hfh0qwIL._AC_UL320_.jpg,39,排名进入前50；价格处于人民币等值¥57.60-¥180.00黄金区间；评分达到4.0以上。
2026-07-20,amazon_us,product,search,platform sandals women,43,FUNKYMONKEY,¥136.01,4.1,FUNKYMONKEY,,,,,,https://www.amazon.com/FUNKYMONKEY-Thick-sole-Adjustable-Waterproof-Platform/dp/B0CX8JWVQP/ref=sr_1_27?dib=eyJ2IjoiMSJ9.3zo6vUgTuNV2_oDBDGXaTbtkDXfaI8uJahwLisIof4DobZ0KAM3eeJQk-fSOlpH2bGmEr-odu4H5D4qzU7S7uU_SBihnWRVa7bVTMj2G7ciVbKbi1y52BsS7947J7h6bOtEIiPP7KgJ6koOK3Df1kI7VrzOL-6oA5bKzlN0SuwaBup5D5iV4jTCP2k_vsHehG6RWIxNPGD_BWSLZ_3jW8ZWWfAfs6lxGrzbwj0htLKVte3C6Qni0lMelfVtriQkkFE9AzdaIFVnFi1je0qMBcueJ5vqYGivOCG6oS4WoU0o.Kc3s8wCGQ_Epn9IDGjZPZM_ox-zkKJO0xD6ksrlkheY&dib_tag=se&keywords=platform+sandals+women&qid=1784522096&sr=8-27,https://m.media-amazon.com/images/I/61gRcMpyJjL._AC_UL320_.jpg,39,排名进入前50；价格处于人民币等值¥57.60-¥180.00黄金区间；评分达到4.0以上。
2026-07-20,amazon_us,product,best_sellers,Best Sellers Women Sandals,20,"CUSHIONAIRE Splash Jelly Flip Flops for Women With Flexible Sole, Glossy Jelly Finish Summer Sandals for Women",,3.8,$29.99,,,,,,https://www.amazon.com/CUSHIONAIRE-Flexible-Footbed-Sandals-WHISKEY/dp/B0FCZFSVZD/ref=zg_bs_g_679425011_d_sccl_20/141-6992112-1340110?psc=1,"https://images-na.ssl-images-amazon.com/images/I/71jSCW+w9gL._AC_UL600_SR600,400_.jpg",38,排名进入前30；标题包含 summer，符合美国女鞋舒适化趋势。
2026-07-20,amazon_us,product,best_sellers,Best Sellers Women Sandals,39,"KuaiLu Womens Recovery Sandals With Comfortable Plantar Fasciitis Support,Ladies Orthotic Open Toe Sport Slides Thick Cushion Reduces Stress on Feet,Joints & Back Post-Exercise",,4.1,$29.99,,,,,,https://www.amazon.com/KuaiLu-Recovery-Comfortable-Fasciitis-Orthopedic/dp/B0CL5P9C8P/ref=zg_bs_g_679425011_d_sccl_39/141-6992112-1340110?psc=1,"https://images-na.ssl-images-amazon.com/images/I/71WkfUbHj-L._AC_UL300_SR300,200_.jpg",38,排名进入前50；标题包含 recovery、comfort，符合美国女鞋舒适化趋势；评分达到4.0以上。
2026-07-20,amazon_us,product,best_sellers,Best Sellers Women Sandals,41,Crocs Women's Brooklyn Low Wedge Sandals,,4.6,$51.62,,,,,,https://www.amazon.com/Crocs-Brooklyn-Low-Wedge-Black/dp/B07YQRHPBF/ref=zg_bs_g_679425011_d_sccl_41/141-6992112-1340110?psc=1,"https://images-na.ssl-images-amazon.com/images/I/7146HmICxBL._AC_UL300_SR300,200_.jpg",38,排名进入前50；评论数达到50以上；标题包含 wedge，符合美国女鞋舒适化趋势；评分达到4.6以上。
2026-07-20,amazon_us,product,search,women summer slippers,50,Chantomoo,¥215.93,4.4,Chantomoo,,,,,,https://www.amazon.com/Chantomoo-Slippers-Bedroom-Corduroy-Crossbands/dp/B0C7H38YBT/ref=sr_1_42?dib=eyJ2IjoiMSJ9.edQbWdZgRC57j1GkLLh3ypLpGy5JjTF-VSN3Bkds4s6Z7XN1biWVvUmm3ko_Er2x5pXSMH0QsST4UOlft_S2gZPkRq3kQE5jW1NuvphqiLKmY-WKC8NKDnHT_c53wuYv4XjEn8SOXCI_9bV8j5-JOl7UjghlIvgHlpefyY5AHaLQLDNswGAaK2mamVOePEXhCCiWA5qPXVPAWZXDMaDegeYn8s8g4xM_sGCkzViqL_W7DwNEXeDdl-vTgsp4rkZLePlzmpzndOJkE9tUSCn7SPr_dcoWHgIaiHPl4D9yNts.wuXOzzPi1WXg9aMgAyFpqlL3sVP7duutNCZzJ_pFGUo&dib_tag=se&keywords=women+summer+slippers&qid=1784522094&sr=8-42,https://m.media-amazon.com/images/I/711Z9Ju3AqL._AC_UL320_.jpg,37,排名进入前50；价格处于人民币等值¥180.00-¥288.00区间；评分达到4.3以上。
2026-07-20,amazon_us,product,search,women slides,40,Under Armour,¥194.26,4.3,Under Armour,,,,,,https://www.amazon.com/Under-Armour-Womens-Ignite-Slides/dp/B0F343Z28R/ref=sr_1_36?dib=eyJ2IjoiMSJ9.RrPumS3Ni8XWS9mPWZVEoPInrt2RHyBcd8_hgzLhdqLrIRFgnAvrzGhlupVAEArOziMpWkWsMhbJUOMeIQN2enDwVxpM_QtnYgMwboWrX2TR6hVnUodjdUgEW_ChxYlVIfZLA5SeB_tu7FmkS63jd3jfIqM4hgYf9P_cdlB2KhfVdZCZfxD0ehUgdkdTwNzsAnAmkJ7cSntl8r6WDWoa807td9w2M9tx6EDkWanSU1JMoGH-gi-QSZXOFakFBmtBnKmF0S2sgcUvwtAvRR-qS8HGfTDWX0FTmsU4FY_KGnY.crsZRtfvClzucdNtqWNhNGubYifuq5yXm6ScvJ26qwM&dib_tag=se&keywords=women+slides&qid=1784522096&sr=8-36,https://m.media-amazon.com/images/I/41S9a3VMv1L._AC_UL320_.jpg,37,排名进入前50；价格处于人民币等值¥180.00-¥288.00区间；评分达到4.3以上。
2026-07-20,amazon_us,product,search,women slides,46,Calvin Klein,¥219.60,4.5,Calvin Klein,,,,,,https://www.amazon.com/Calvin-Klein-Athens-Brown/dp/B091ZF5PQQ/ref=sr_1_42?dib=eyJ2IjoiMSJ9.RrPumS3Ni8XWS9mPWZVEoPInrt2RHyBcd8_hgzLhdqLrIRFgnAvrzGhlupVAEArOziMpWkWsMhbJUOMeIQN2enDwVxpM_QtnYgMwboWrX2TR6hVnUodjdUgEW_ChxYlVIfZLA5SeB_tu7FmkS63jd3jfIqM4hgYf9P_cdlB2KhfVdZCZfxD0ehUgdkdTwNzsAnAmkJ7cSntl8r6WDWoa807td9w2M9tx6EDkWanSU1JMoGH-gi-QSZXOFakFBmtBnKmF0S2sgcUvwtAvRR-qS8HGfTDWX0FTmsU4FY_KGnY.crsZRtfvClzucdNtqWNhNGubYifuq5yXm6ScvJ26qwM&dib_tag=se&keywords=women+slides&qid=1784522096&sr=8-42,https://m.media-amazon.com/images/I/71nyc3qEKeS._AC_UL320_.jpg,37,排名进入前50；价格处于人民币等值¥180.00-¥288.00区间；评分达到4.3以上。
2026-07-20,amazon_us,product,search,platform sandals women,40,DREAM PAIRS,¥287.93,4.5,DREAM PAIRS,,,,,,https://www.amazon.com/DREAM-PAIRS-Adjustable-Lightweight-Waterproof/dp/B0G1RBS19X/ref=sr_1_24?dib=eyJ2IjoiMSJ9.3zo6vUgTuNV2_oDBDGXaTbtkDXfaI8uJahwLisIof4DobZ0KAM3eeJQk-fSOlpH2bGmEr-odu4H5D4qzU7S7uU_SBihnWRVa7bVTMj2G7ciVbKbi1y52BsS7947J7h6bOtEIiPP7KgJ6koOK3Df1kI7VrzOL-6oA5bKzlN0SuwaBup5D5iV4jTCP2k_vsHehG6RWIxNPGD_BWSLZ_3jW8ZWWfAfs6lxGrzbwj0htLKVte3C6Qni0lMelfVtriQkkFE9AzdaIFVnFi1je0qMBcueJ5vqYGivOCG6oS4WoU0o.Kc3s8wCGQ_Epn9IDGjZPZM_ox-zkKJO0xD6ksrlkheY&dib_tag=se&keywords=platform+sandals+women&qid=1784522096&sr=8-24,https://m.media-amazon.com/images/I/61VKPpZxLML._AC_UL320_.jpg,37,排名进入前50；价格处于人民币等值¥180.00-¥288.00区间；评分达到4.3以上。
2026-07-20,amazon_us,product,search,platform sandals women,45,ONCAI,¥259.13,4.4,ONCAI,,,,,,https://www.amazon.com/ONCAI-Platform-Essentials-Flatform-Comfortable/dp/B0F43HJVG4/ref=sr_1_29?dib=eyJ2IjoiMSJ9.3zo6vUgTuNV2_oDBDGXaTbtkDXfaI8uJahwLisIof4DobZ0KAM3eeJQk-fSOlpH2bGmEr-odu4H5D4qzU7S7uU_SBihnWRVa7bVTMj2G7ciVbKbi1y52BsS7947J7h6bOtEIiPP7KgJ6koOK3Df1kI7VrzOL-6oA5bKzlN0SuwaBup5D5iV4jTCP2k_vsHehG6RWIxNPGD_BWSLZ_3jW8ZWWfAfs6lxGrzbwj0htLKVte3C6Qni0lMelfVtriQkkFE9AzdaIFVnFi1je0qMBcueJ5vqYGivOCG6oS4WoU0o.Kc3s8wCGQ_Epn9IDGjZPZM_ox-zkKJO0xD6ksrlkheY&dib_tag=se&keywords=platform+sandals+women&qid=1784522096&sr=8-29,https://m.media-amazon.com/images/I/6107ZWz1NoL._AC_UL320_.jpg,37,排名进入前50；价格处于人民币等值¥180.00-¥288.00区间；评分达到4.3以上。
2026-07-20,amazon_us,product,search,platform sandals women,46,DREAM PAIRS,¥187.13,4.3,DREAM PAIRS,,,,,,https://www.amazon.com/DREAM-PAIRS-Elastic-Flatform-Platform/dp/B08138FWSP/ref=sr_1_30?dib=eyJ2IjoiMSJ9.3zo6vUgTuNV2_oDBDGXaTbtkDXfaI8uJahwLisIof4DobZ0KAM3eeJQk-fSOlpH2bGmEr-odu4H5D4qzU7S7uU_SBihnWRVa7bVTMj2G7ciVbKbi1y52BsS7947J7h6bOtEIiPP7KgJ6koOK3Df1kI7VrzOL-6oA5bKzlN0SuwaBup5D5iV4jTCP2k_vsHehG6RWIxNPGD_BWSLZ_3jW8ZWWfAfs6lxGrzbwj0htLKVte3C6Qni0lMelfVtriQkkFE9AzdaIFVnFi1je0qMBcueJ5vqYGivOCG6oS4WoU0o.Kc3s8wCGQ_Epn9IDGjZPZM_ox-zkKJO0xD6ksrlkheY&dib_tag=se&keywords=platform+sandals+women&qid=1784522096&sr=8-30,https://m.media-amazon.com/images/I/716T8wDzQRL._AC_UL320_.jpg,37,排名进入前50；价格处于人民币等值¥180.00-¥288.00区间；评分达到4.3以上。
2026-07-20,amazon_us,product,new_releases,New Releases Women Sandals,42,UBFEN Womens Bohemian Flat Sandals With Back Strap Summer Beach Comfortable Bling,,4.2,$33.98,,,,,,https://www.amazon.com/UBFEN-Womens-Bohemian-Sandals-Comfortable/dp/B0H19XQJ75/ref=zg_bsnr_g_679425011_d_sccl_42/141-6992112-1340110?psc=1,"https://images-na.ssl-images-amazon.com/images/I/71TxhfsP6dL._AC_UL300_SR300,200_.jpg",36,排名进入前50；标题包含 comfort、beach、summer，符合美国女鞋舒适化趋势；评分达到4.0以上。
2026-07-20,amazon_us,product,new_releases,New Releases Women Sandals,44,Noctivelle Women Jelly Shoes Clear Mesh Flat Sandal V-Shaped Breathable Comfort Slip On Waterproof Transparent Summer Beach Pool Ballet Flats,,4.1,$21.99,,,,,,https://www.amazon.com/Noctivelle-Women-Clear-Flat-Transparent/dp/B0H5JN8S3C/ref=zg_bsnr_g_679425011_d_sccl_44/141-6992112-1340110?psc=1,"https://images-na.ssl-images-amazon.com/images/I/81WNgzdjKrL._AC_UL300_SR300,200_.jpg",36,排名进入前50；标题包含 comfort、beach、summer，符合美国女鞋舒适化趋势；评分达到4.0以上。
2026-07-20,amazon_us,product,new_releases,New Releases Women Sandals,12,"CUSHIONAIRE Tory Strappy Flat Sandals for Women, Toe Ring Sandals with Adjustable Buckle Ankle Strap, Wrap Style",,3.8,$39.98,,,,,,https://www.amazon.com/CUSHIONAIRE-Strappy-Sandals-Adjustable-Buckle/dp/B0H37VX1HV/ref=zg_bsnr_g_679425011_d_sccl_12/146-0936993-4719063?psc=1,"https://images-na.ssl-images-amazon.com/images/I/71SowjTI++L._AC_UL600_SR600,400_.jpg",35,排名进入前30。
2026-07-20,amazon_us,product,search,platform sandals women,48,Erocalli,¥143.93,3.9,Erocalli,,,,,,https://www.amazon.com/Erocalli-Platform-Sandals-Espadrille-Comfortable/dp/B0H4GCQCMZ/ref=sr_1_32?dib=eyJ2IjoiMSJ9.3zo6vUgTuNV2_oDBDGXaTbtkDXfaI8uJahwLisIof4DobZ0KAM3eeJQk-fSOlpH2bGmEr-odu4H5D4qzU7S7uU_SBihnWRVa7bVTMj2G7ciVbKbi1y52BsS7947J7h6bOtEIiPP7KgJ6koOK3Df1kI7VrzOL-6oA5bKzlN0SuwaBup5D5iV4jTCP2k_vsHehG6RWIxNPGD_BWSLZ_3jW8ZWWfAfs6lxGrzbwj0htLKVte3C6Qni0lMelfVtriQkkFE9AzdaIFVnFi1je0qMBcueJ5vqYGivOCG6oS4WoU0o.Kc3s8wCGQ_Epn9IDGjZPZM_ox-zkKJO0xD6ksrlkheY&dib_tag=se&keywords=platform+sandals+women&qid=1784522096&sr=8-32,https://m.media-amazon.com/images/I/81Z6XbIYInL._AC_UL320_.jpg,35,排名进入前50；价格处于人民币等值¥57.60-¥180.00黄金区间。
2026-07-20,amazon_us,product,search,platform sandals women,44,EQAUDES,¥220.61,4.2,EQAUDES,,,,,,https://www.amazon.com/EQAUDES-Platform-Espadrille-Sandals-Flatform/dp/B0C6XLWPN9/ref=sr_1_28?dib=eyJ2IjoiMSJ9.3zo6vUgTuNV2_oDBDGXaTbtkDXfaI8uJahwLisIof4DobZ0KAM3eeJQk-fSOlpH2bGmEr-odu4H5D4qzU7S7uU_SBihnWRVa7bVTMj2G7ciVbKbi1y52BsS7947J7h6bOtEIiPP7KgJ6koOK3Df1kI7VrzOL-6oA5bKzlN0SuwaBup5D5iV4jTCP2k_vsHehG6RWIxNPGD_BWSLZ_3jW8ZWWfAfs6lxGrzbwj0htLKVte3C6Qni0lMelfVtriQkkFE9AzdaIFVnFi1je0qMBcueJ5vqYGivOCG6oS4WoU0o.Kc3s8wCGQ_Epn9IDGjZPZM_ox-zkKJO0xD6ksrlkheY&dib_tag=se&keywords=platform+sandals+women&qid=1784522096&sr=8-28,https://m.media-amazon.com/images/I/81juIfWU4pL._AC_UL320_.jpg,34,排名进入前50；价格处于人民币等值¥180.00-¥288.00区间；评分达到4.0以上。
2026-07-20,amazon_us,product,search,platform sandals women,50,Lovee Cosee,¥266.26,4.1,Lovee Cosee,,,,,,https://www.amazon.com/Lovee-Cosee-Lightweight-Comfortable-Essentials/dp/B0GDDP3T2P/ref=sr_1_34?dib=eyJ2IjoiMSJ9.3zo6vUgTuNV2_oDBDGXaTbtkDXfaI8uJahwLisIof4DobZ0KAM3eeJQk-fSOlpH2bGmEr-odu4H5D4qzU7S7uU_SBihnWRVa7bVTMj2G7ciVbKbi1y52BsS7947J7h6bOtEIiPP7KgJ6koOK3Df1kI7VrzOL-6oA5bKzlN0SuwaBup5D5iV4jTCP2k_vsHehG6RWIxNPGD_BWSLZ_3jW8ZWWfAfs6lxGrzbwj0htLKVte3C6Qni0lMelfVtriQkkFE9AzdaIFVnFi1je0qMBcueJ5vqYGivOCG6oS4WoU0o.Kc3s8wCGQ_Epn9IDGjZPZM_ox-zkKJO0xD6ksrlkheY&dib_tag=se&keywords=platform+sandals+women&qid=1784522096&sr=8-34,https://m.media-amazon.com/images/I/71tL3Y0loaL._AC_UL320_.jpg,34,排名进入前50；价格处于人民币等值¥180.00-¥288.00区间；评分达到4.0以上。
2026-07-20,amazon_us,product,best_sellers,Best Sellers Women Sandals,44,SKETOE Kitten Heels for Women Square Toe Sandals Flip Flop Heels Thong Sandals Comfortable Summer 2 Inch Heels Sandals,,4.2,$30.99,,,,,,https://www.amazon.com/SKETOE-Kitten-Square-Sandals-Comfortable/dp/B0F4QHKCDM/ref=zg_bs_g_679425011_d_sccl_44/141-6992112-1340110?psc=1,"https://images-na.ssl-images-amazon.com/images/I/61WGe4p1FWL._AC_UL300_SR300,200_.jpg",33,排名进入前50；标题包含 comfort、summer，符合美国女鞋舒适化趋势；评分达到4.0以上。
2026-07-20,amazon_us,product,new_releases,New Releases Women Sandals,34,Athlefit Jelly Flip Flops for Women Summer Beach Pool Thong Sandals Non Slip Lightweight Casual Slides,,4.3,$23.99,,,,,,https://www.amazon.com/Athlefit-Womens-Sandals-Summer-Lightweight/dp/B0GZ854G1T/ref=zg_bsnr_g_679425011_d_sccl_34/141-6992112-1340110?psc=1,"https://images-na.ssl-images-amazon.com/images/I/61wskUHhjTL._AC_UL300_SR300,200_.jpg",33,排名进入前50；标题包含 beach、summer，符合美国女鞋舒适化趋势；评分达到4.3以上。
2026-07-20,amazon_us,product,new_releases,New Releases Women Sandals,35,"GETOEU Unisex Arch Support Shower Slides Waterproof Non-Slip Sandals | Drain hole,Lightweight,Shock Absorbing,Slip Resistant,indoor outdoor wear",,4.5,$19.99,,,,,,https://www.amazon.com/GETOEU-Support-Drainage-Waterproof-Bathroom/dp/B0GWCPL6JM/ref=zg_bsnr_g_679425011_d_sccl_35/141-6992112-1340110?psc=1,"https://images-na.ssl-images-amazon.com/images/I/71k+zr86oRL._AC_UL300_SR300,200_.jpg",33,排名进入前50；标题包含 arch support，符合美国女鞋舒适化趋势；评分达到4.3以上。
2026-07-20,amazon_us,product,new_releases,New Releases Women Sandals,39,STQ Women‘s Flip-flop Non Slip Comfortable Yoga-Mat Thong Sandals for Outdoor,,4.3,$8.99,,,,,,https://www.amazon.com/STQ-Flip-Flops-Orthopedic-Fasciitis/dp/B0GVSFXW5R/ref=zg_bsnr_g_679425011_d_sccl_39/141-6992112-1340110?psc=1,"https://images-na.ssl-images-amazon.com/images/I/61lQQe08nWL._AC_UL300_SR300,200_.jpg",33,排名进入前50；标题包含 comfort，符合美国女鞋舒适化趋势；评分达到4.3以上。
2026-07-20,amazon_us,product,search,women slides,48,Coach,¥684.00,4.6,Coach,,,,,,https://www.amazon.com/Coach-Womens-Udele-Slide-Tan/dp/B07PGQ6MQ8/ref=sr_1_44?dib=eyJ2IjoiMSJ9.RrPumS3Ni8XWS9mPWZVEoPInrt2RHyBcd8_hgzLhdqLrIRFgnAvrzGhlupVAEArOziMpWkWsMhbJUOMeIQN2enDwVxpM_QtnYgMwboWrX2TR6hVnUodjdUgEW_ChxYlVIfZLA5SeB_tu7FmkS63jd3jfIqM4hgYf9P_cdlB2KhfVdZCZfxD0ehUgdkdTwNzsAnAmkJ7cSntl8r6WDWoa807td9w2M9tx6EDkWanSU1JMoGH-gi-QSZXOFakFBmtBnKmF0S2sgcUvwtAvRR-qS8HGfTDWX0FTmsU4FY_KGnY.crsZRtfvClzucdNtqWNhNGubYifuq5yXm6ScvJ26qwM&dib_tag=se&keywords=women+slides&qid=1784522096&sr=8-44,https://m.media-amazon.com/images/I/71BQOaIl59L._AC_UL320_.jpg,33,排名进入前50；价格高于人民币等值¥288.00；评分达到4.6以上。
2026-07-20,amazon_us,product,new_releases,New Releases Women Sandals,38,adidas Unisex Adult Adissage 360rec Slide Sandals,,4.6,$19.77,,,,,,https://www.amazon.com/adidas-Unisex-Adissage-360Rec-Sandal/dp/B0F4TFFRHC/ref=zg_bsnr_g_679425011_d_sccl_38/141-6992112-1340110?psc=1,"https://images-na.ssl-images-amazon.com/images/I/51+JktV+LPL._AC_UL300_SR300,200_.jpg",30,排名进入前50；评分达到4.6以上。
2026-07-20,amazon_us,product,new_releases,New Releases Women Sandals,41,"DREAM PAIRS Women's Kitten Low Heels with Square Open Toe Heeled Sandals, Comfortable Strappy Ankle Shoes for Women 2026 Fashion Dress Party Shoes",,4.2,$35.14,,,,,,https://www.amazon.com/DREAM-PAIRS-Sandals-Comfortable-SDHS26030W/dp/B0GY3J31MK/ref=zg_bsnr_g_679425011_d_sccl_41/141-6992112-1340110?psc=1,"https://images-na.ssl-images-amazon.com/images/I/61n6gngVKOL._AC_UL300_SR300,200_.jpg",30,排名进入前50；标题包含 comfort，符合美国女鞋舒适化趋势；评分达到4.0以上。
2026-07-20,amazon_us,product,new_releases,New Releases Women Sandals,46,VIVASUN Women's Arch Support Waterproof Slip On EVA Slides,,4.0,$9.99,,,,,,https://www.amazon.com/VIVASUN-Slides-Support-Waterproof-Outdoor/dp/B0GWXL8MJ8/ref=zg_bsnr_g_679425011_d_sccl_46/141-6992112-1340110?psc=1,"https://images-na.ssl-images-amazon.com/images/I/61NH8ZyCw3L._AC_UL300_SR300,200_.jpg",30,排名进入前50；标题包含 arch support，符合美国女鞋舒适化趋势；评分达到4.0以上。
2026-07-20,amazon_us,product,search,platform sandals women,31,REEF,¥575.64,4.4,REEF,,,,,,https://www.amazon.com/REEF-Higher-Womens-Platform-Adjustable/dp/B0D9HYMNMN/ref=sr_1_15?dib=eyJ2IjoiMSJ9.3zo6vUgTuNV2_oDBDGXaTbtkDXfaI8uJahwLisIof4DobZ0KAM3eeJQk-fSOlpH2bGmEr-odu4H5D4qzU7S7uU_SBihnWRVa7bVTMj2G7ciVbKbi1y52BsS7947J7h6bOtEIiPP7KgJ6koOK3Df1kI7VrzOL-6oA5bKzlN0SuwaBup5D5iV4jTCP2k_vsHehG6RWIxNPGD_BWSLZ_3jW8ZWWfAfs6lxGrzbwj0htLKVte3C6Qni0lMelfVtriQkkFE9AzdaIFVnFi1je0qMBcueJ5vqYGivOCG6oS4WoU0o.Kc3s8wCGQ_Epn9IDGjZPZM_ox-zkKJO0xD6ksrlkheY&dib_tag=se&keywords=platform+sandals+women&qid=1784522096&sr=8-15,https://m.media-amazon.com/images/I/51WBYuiSZiL._AC_UL320_.jpg,30,排名进入前50；价格高于人民币等值¥288.00；评分达到4.3以上。
2026-07-20,amazon_us,product,search,platform sandals women,49,VICKI·VICKI,¥302.69,4.4,VICKI·VICKI,,,,,,https://www.amazon.com/VICKI%C2%B7VICKI-Womens-Platform-Sandals-Wedge/dp/B08B4VCB7H/ref=sr_1_33?dib=eyJ2IjoiMSJ9.3zo6vUgTuNV2_oDBDGXaTbtkDXfaI8uJahwLisIof4DobZ0KAM3eeJQk-fSOlpH2bGmEr-odu4H5D4qzU7S7uU_SBihnWRVa7bVTMj2G7ciVbKbi1y52BsS7947J7h6bOtEIiPP7KgJ6koOK3Df1kI7VrzOL-6oA5bKzlN0SuwaBup5D5iV4jTCP2k_vsHehG6RWIxNPGD_BWSLZ_3jW8ZWWfAfs6lxGrzbwj0htLKVte3C6Qni0lMelfVtriQkkFE9AzdaIFVnFi1je0qMBcueJ5vqYGivOCG6oS4WoU0o.Kc3s8wCGQ_Epn9IDGjZPZM_ox-zkKJO0xD6ksrlkheY&dib_tag=se&keywords=platform+sandals+women&qid=1784522096&sr=8-33,https://m.media-amazon.com/images/I/51Q0yOuTnXL._AC_UL320_.jpg,30,排名进入前50；价格高于人民币等值¥288.00；评分达到4.3以上。
2026-07-20,amazon_us,product,new_releases,New Releases Women Sandals,32,"CUSHIONAIRE Fuse Chunky Womens Sandals with Double Buckle Straps and Durable Lug Sole, Casual Platform Sandals Women Footwear",,3.9,$44.98,,,,,,https://www.amazon.com/CUSHIONAIRE-Sandals-Platform-Footwear-TORTOISE/dp/B0H42DJLNP/ref=zg_bsnr_g_679425011_d_sccl_32/141-6992112-1340110?psc=1,"https://images-na.ssl-images-amazon.com/images/I/81J+-tsF-qL._AC_UL300_SR300,200_.jpg",28,排名进入前50；标题包含 platform，符合美国女鞋舒适化趋势。
2026-07-20,amazon_us,product,best_sellers,Best Sellers Women Sandals,32,"CUSHIONAIRE Java Casual Womens Jelly Flats with Adjustable Strap, Closed Toe Mary Janes Mule Design, Waterproof Jelly Sandals for Women",,4.3,$34.98,,,,,,https://www.amazon.com/CUSHIONAIRE-Adjustable-Waterproof-Sandals-CHOCOLATE/dp/B0H4MLLC32/ref=zg_bs_g_679425011_d_sccl_32/141-6992112-1340110?psc=1,"https://images-na.ssl-images-amazon.com/images/I/81iCqxPUX6L._AC_UL300_SR300,200_.jpg",27,排名进入前50；评分达到4.3以上。
2026-07-20,amazon_us,product,best_sellers,Best Sellers Women Sandals,38,REEF Women's Cushion Breeze Flip Flops,,4.4,$31.49,,,,,,https://www.amazon.com/Reef-Womens-Cushion-Breeze-Sandal/dp/B00K2OKHSO/ref=zg_bs_g_679425011_d_sccl_38/141-6992112-1340110?psc=1,"https://images-na.ssl-images-amazon.com/images/I/51nldLdIx5L._AC_UL300_SR300,200_.jpg",27,排名进入前50；评分达到4.3以上。
2026-07-20,amazon_us,product,best_sellers,Best Sellers Women Sandals,45,REEF Womens Bliss Nights Flip Flop,,4.3,$34.99,,,,,,https://www.amazon.com/Reef-Womens-Bliss-Nights-Flip-Flop/dp/B01GQO5292/ref=zg_bs_g_679425011_d_sccl_45/141-6992112-1340110?psc=1,"https://images-na.ssl-images-amazon.com/images/I/51QnLKsP3vL._AC_UL300_SR300,200_.jpg",27,排名进入前50；评分达到4.3以上。
2026-07-20,amazon_us,product,new_releases,New Releases Women Sandals,43,"adidas Mens Lightblaze Lace Up Sneakers Shoes Casual - Black, Grey",,4.4,$32.00,,,,,,https://www.amazon.com/adidas-Unisex-Lightblaze-Slide-Sandal/dp/B0DJVBC7XP/ref=zg_bsnr_g_679425011_d_sccl_43/141-6992112-1340110?psc=1,"https://images-na.ssl-images-amazon.com/images/I/51EsYoxSIhL._AC_UL300_SR300,200_.jpg",27,排名进入前50；评分达到4.3以上。
2026-07-20,amazon_us,product,new_releases,New Releases Women Sandals,33,"CUSHIONAIRE Caper Jelly Sandals for Women, Comfortable Womens Slides with Cushioned Footbed and Wide Widths Available",,3.6,$39.99,,,,,,https://www.amazon.com/CUSHIONAIRE-Comfortable-Cushioned-Available-TORTOISE/dp/B0H2FYQ2CX/ref=zg_bsnr_g_679425011_d_sccl_33/141-6992112-1340110?psc=1,"https://images-na.ssl-images-amazon.com/images/I/71RypKvavGL._AC_UL300_SR300,200_.jpg",26,排名进入前50；标题包含 comfort，符合美国女鞋舒适化趋势。
2026-07-20,amazon_us,product,search,platform sandals women,47,Madden Girl,¥393.98,3.9,Madden Girl,,,,,,https://www.amazon.com/Madden-Girl-Womens-Mythicall-Natural/dp/B0CNKPC4Y5/ref=sr_1_31?dib=eyJ2IjoiMSJ9.3zo6vUgTuNV2_oDBDGXaTbtkDXfaI8uJahwLisIof4DobZ0KAM3eeJQk-fSOlpH2bGmEr-odu4H5D4qzU7S7uU_SBihnWRVa7bVTMj2G7ciVbKbi1y52BsS7947J7h6bOtEIiPP7KgJ6koOK3Df1kI7VrzOL-6oA5bKzlN0SuwaBup5D5iV4jTCP2k_vsHehG6RWIxNPGD_BWSLZ_3jW8ZWWfAfs6lxGrzbwj0htLKVte3C6Qni0lMelfVtriQkkFE9AzdaIFVnFi1je0qMBcueJ5vqYGivOCG6oS4WoU0o.Kc3s8wCGQ_Epn9IDGjZPZM_ox-zkKJO0xD6ksrlkheY&dib_tag=se&keywords=platform+sandals+women&qid=1784522096&sr=8-31,https://m.media-amazon.com/images/I/71SNHrdlHML._AC_UL320_.jpg,23,排名进入前50；价格高于人民币等值¥288.00。
2026-07-20,amazon_us,product,new_releases,New Releases Women Sandals,45,"CUSHIONAIRE Titan Square Toe Flip Flops for Women, Dressy Slip On Flat Womens Sandals with Cushioned Footbed",,3.8,$39.99,,,,,,https://www.amazon.com/CUSHIONAIRE-Sandals-Cushioned-Footbed-TORTOISE/dp/B0H2WR546B/ref=zg_bsnr_g_679425011_d_sccl_45/141-6992112-1340110?psc=1,"https://images-na.ssl-images-amazon.com/images/I/71vL4TDR7VL._AC_UL300_SR300,200_.jpg",20,排名进入前50。
