date,source,data_type,list_type,keyword,rank,title,price,rating,review_count,likes,comments,views,published_at,competition_count,product_url,image_url,hot_score,reason
2026-10-03,amazon_us,product,search,platform sandals women,5,"UBFEN Womens Espadrille Platform Sandals Low Wedge Orthopedic Arch Support | Cushion Insole, Comfortable Dressy Buckle Sandals for Walking and Vacation, Low Heel, Adjustable Strap UBFEN Womens Espadrille Platform Sandals Low Wedge Orthopedic Arch Support | Cushion Insole, Comfortable…",¥287.93,4.5,4.5,,,,,,https://sponsored-ads.amazon.com/clk/?_encoding=UTF8&p=eAFVUMuK01AYpg7qEMYLXYxQdxW7KJzmnLRJmkqQ3OyEZtI2aUenm8NJzsnFaZM0CXZw0YV7NyL4HDI-gQsfwTdxL9gR8Vt98F3-n48Ljn99-_DzXvOBtriYmRN78gaaltduoO5pxLL0Gl86ZhQlQQ1Dc-UG6dnodClfOHPwduPrkLLt9tyLjEU_9jgB9kSxN5R7cHXH14NjzVqcWZ7tN59w9ymrruq8aJ4sXc8ypmPXXllm66bBPbtVcMVIGSa4YGWYr0nNcJqt04zhoI6aHNmQ93nWC_NN62kVgHBNqioNwSEDDk5QoPZdluGl3xWrANQJ2zAKwny9ZmGd5hl4J4DbYyAkJa1AQdKsZiUI86xmWS081z3NNbExdRzLWNhT18e269iuhR37wsKm5U8W01lb4hrw8aevNz8-fjdbD_9WHp5oPxIghApCIpIHEpKRcLT0zdGRMTO6k-YLU9eM4pUNZG2vbw-Itb0-L5M49bX_sdfjvT7f69ofErdOjNi6HmtW3N8OmPClwX1uJHVdVCOe3-12vX8T8XHBkx1PeR2OpUtPMmfDlwXFJcXFOqGlWneSiuCwxClVYWebUhXJCoJQ7g-UTlWqCCAgElGUhEgBEY0oGCCIgBIpFFBZIkRRlOGgL3RSlRRVh5QsUudXirI816Lp699jnruU&v=c1&r=https%3A%2F%2Fwww.amazon.com%2Fgp%2Faw%2Fd%2FB0G6YR6DP8%3Fpd_rd_plhdr%3Dt%26hsa_cr_id%3D0%26qid%3D1791007349%26sr%3D1-1-5a5562f9-fdfd-4101-9f9d-d76aa9998432%26i%3Daps%26aref%3DQk99UMAfOW&ref_=sbx__sbtcd2_asin_0_bkgd&pd_rd_w=1eCKO&content-id=amzn1.sym.90f77631-9599-4fe0-95f8-a40adfe1c762%3Aamzn1.sym.90f77631-9599-4fe0-95f8-a40adfe1c762&pf_rd_p=90f77631-9599-4fe0-95f8-a40adfe1c762&pf_rd_r=0GJFB8YWQJM3W1JC9RC2&pd_rd_wg=OzPLN&pd_rd_r=6c5662c1-1a95-4f0b-803a-9e5403b86e60,"https://m.media-amazon.com/images/I/71Cs5sEmDeL._AC_SR322,134_CB1169409_QL70_.jpg",100,排名靠前；价格处于人民币等值¥180.00-¥288.00区间；标题包含 platform、orthopedic、comfort、arch support、wedge，符合美国女鞋舒适化趋势；platform + comfort组合趋势加分；orthopedic + arch support组合趋势加分；评分达到4.3以上。
2026-10-03,amazon_us,product,search,platform sandals women,6,"UBFEN Womens Platform Wedge Sandals Orthopedic Arch Support | Espadrille Slides, Comfortable Cushioned, Dressy for Summer Walking, Beach Vacation UBFEN Womens Platform Wedge Sandals Orthopedic Arch Support | Espadrille Slides, Comfortable Cushio…",¥359.93,4.6,4.6,,,,,,https://sponsored-ads.amazon.com/clk/?_encoding=UTF8&p=eAFVUMuK01AYpg7qEMYLXcxA3VXsonCak7RpJpUgudkJzaRt0tZpN4eTnJOL0yZpcrCDiy7cuxHB55DxCVz4CL6Je8GOiN_qg-_y_3xccPzr24efD-qPtNliYo7s0RU0La9ZE9qnEc3SG7R0zChKAgZDc-UG6cXgdC4vnCl4u_F1SOh2e-lFxqwbe5wIO5LUOZc7cHXP14NjzZpdWJ7t18-4h4RW1ywv6idz17OM8dC1V5bZuK1xz-8UVFFchgkqaBnma8woSrN1mlEUsKjO4Q1-n2edMN80nlUBCNe4qtIQHDLg4ASF0LxPMzT321IVAJbQDSUgzNdrGrI0z8A7EdwdAyEuSQUKnGaMliDMM0YzJr7QPc01kTF2HMuY2WPXR7br2K6FHHthIdPyR7PxpNnnavDpp6-3Pz5-NxuP_1Yenmg-ESGEiiBIgtzrC7IgHs19c3BkTIz2qP7S1DWjeG0DWdvr2wNiba9PyyROfe1_7PV4r0_3uvaHxI0TI7ZuhpoVd7c9Kn6pcZ9rCWNFNeD53W7X-TcRHxc83vGE1-Gwv1xdLR3zVUFQSVCxTkipslZSYRSWKCUqbG1TogqyIkAod3tKqypVAYhAwpLUFyMFRCQioCdAASiRQgCR-xgrinLe64qtVMVF1cIljdTptaLML7Vo_OY3gnq73A&v=c1&r=https%3A%2F%2Fwww.amazon.com%2Fgp%2Faw%2Fd%2FB0G6YZXYLD%3Fpd_rd_plhdr%3Dt%26hsa_cr_id%3D0%26qid%3D1791007349%26sr%3D1-2-5a5562f9-fdfd-4101-9f9d-d76aa9998432%26i%3Daps%26aref%3DQk99UMAfOW&ref_=sbx__sbtcd2_asin_1_bkgd&pd_rd_w=1eCKO&content-id=amzn1.sym.90f77631-9599-4fe0-95f8-a40adfe1c762%3Aamzn1.sym.90f77631-9599-4fe0-95f8-a40adfe1c762&pf_rd_p=90f77631-9599-4fe0-95f8-a40adfe1c762&pf_rd_r=0GJFB8YWQJM3W1JC9RC2&pd_rd_wg=OzPLN&pd_rd_r=6c5662c1-1a95-4f0b-803a-9e5403b86e60,"https://m.media-amazon.com/images/I/71LWkfwnDvL._AC_SR322,134_CB1169409_QL70_.jpg",100,排名靠前；价格高于人民币等值¥288.00；标题包含 platform、orthopedic、comfort、arch support、beach、summer、wedge，符合美国女鞋舒适化趋势；platform + comfort组合趋势加分；orthopedic + arch support组合趋势加分；评分达到4.6以上。
2026-10-03,amazon_us,product,search,platform sandals women,8,"UBFEN Womens Platform Sandals Low Wedge Espadrille Orthopedic Arch Support | Cushion Insole, Adjustable Back Strap, Dressy, Comfortable, Lightweight, Walking Sandals for Vacation UBFEN Womens Platform Sandals Low Wedge Espadrille Orthopedic Arch Support | Cushion Insole, Adj…",¥287.93,4.4,4.4,,,,,,https://sponsored-ads.amazon.com/clk/?_encoding=UTF8&p=eAFVUMtu00AUVaiAyioPZVGksAsii0gTj504roMs5BepG9dJ7KSFbEZjz_hBHduxR6RikQV7NgiJ70DlC1jwCfwJeyRShDirI53HvTpccPjr24ef95oPtMXFzJzYk9fQtLx2Q-geRzRPr9Ebx4yiJGAwNFdukJ6OjpfyhTMHb9e-DgndbM69yFj0Y48TYU-SeidyD67u-HpwqFmLU8uz_eYT7j6h9RUryubR0vUsYzp27ZVltm4a3LNbBdUUV2GCSlqFRYYZRWmepTlFAYuaHF7j90XeC4t162kdgDDDdZ2GYJ8BeycohfZdmqOl35XqALCErikBYZFlNGRpkYN3Irg9BkJckRqUOM0ZrUBY5IzmTHyue5prImPqOJaxsKeuj2zXsV0LOfaFhUzLnyyms_aQa8DHn77e_Pj43Ww9_Fu5f6L9SIQQKoIgCfJgKMiCeLD0zdGBMTO6k-YLU9eM8pUNZG2nb_aItZ0-r5I49bX_sdPjnT7f6dofEreOjNi6HmtW3N8MqPilwX1uJIyV9Yjnt9tt799EfFzyeMsTXofjM190zqTLlyVBFUFllpBKZZ2kxiisUEpU2NmkRBVkRYBQ7g-UTl2pAhgACUvSUIwUEJGIgIEABaBECgFEHmKsKMrJoC92UhWXdQdXNFLnV4qyPNei6eVvake7pQ&v=c1&r=https%3A%2F%2Fwww.amazon.com%2Fgp%2Faw%2Fd%2FB0GJS2LJ5W%3Fpd_rd_plhdr%3Dt%26hsa_cr_id%3D0%26qid%3D1791007349%26sr%3D1-4-5a5562f9-fdfd-4101-9f9d-d76aa9998432%26i%3Daps%26aref%3DQk99UMAfOW&ref_=sbx__sbtcd2_asin_3_bkgd&pd_rd_w=1eCKO&content-id=amzn1.sym.90f77631-9599-4fe0-95f8-a40adfe1c762%3Aamzn1.sym.90f77631-9599-4fe0-95f8-a40adfe1c762&pf_rd_p=90f77631-9599-4fe0-95f8-a40adfe1c762&pf_rd_r=0GJFB8YWQJM3W1JC9RC2&pd_rd_wg=OzPLN&pd_rd_r=6c5662c1-1a95-4f0b-803a-9e5403b86e60,"https://m.media-amazon.com/images/I/81mta1Mp3vL._AC_SR322,134_CB1169409_QL70_.jpg",100,排名靠前；价格处于人民币等值¥180.00-¥288.00区间；标题包含 platform、orthopedic、comfort、arch support、wedge，符合美国女鞋舒适化趋势；platform + comfort组合趋势加分；orthopedic + arch support组合趋势加分；评分达到4.3以上。
2026-10-03,amazon_us,product,search,women summer slippers,4,Women's Orthopedic Summer Slippers with Arch Support for Plantar Fasciitis,¥143.93,4.2,Products highlighted as 'Overall Pick' are:,,,,,,https://www.amazon.com/shevalues-Summer-Slippers-Support-Breathable/dp/B0BK8PN8CL/ref=sr_1_1?dib=eyJ2IjoiMSJ9.xY0HMvNCXwtTQIOE4QTD3NRo22Dt7WlNtuucVfc8UyN6G3YKiRIsmqznMD0LvyeshrOL_mwuf8XzD9XgnVPcN8SRmBO0bGn1lH7sBLKWjm4hZfCJiXth3u_ZV-mqIh89m-OaKfN_HSXHfefzj_6uIwGyojjqHPGw4g4uBeujeX0TRpnwJO9vF1y64tmOQOiUXywE93SwtIKTZ_LgNIA9ymYX_NbtETMLswrHzjThlbFW8J2fcsztjaDTLtmc_RlfHctKhjoLgGQLFVeEN9Yx7HzPvSzQx4061st70b5Lmbc.1RlU4WyCUIWTN4BgOTOl-cay24bMOXj8Na6VA9jT9Dk&dib_tag=se&keywords=women+summer+slippers&qid=1791007348&sr=8-1,https://m.media-amazon.com/images/I/71wQ2tOj0+L._AC_UL320_.jpg,96,排名靠前；价格处于人民币等值¥57.60-¥180.00黄金区间；标题包含 orthopedic、arch support、summer，符合美国女鞋舒适化趋势；orthopedic + arch support组合趋势加分；评分达到4.0以上。
2026-10-03,amazon_us,product,search,women slides,7,"Joomra Pillow Slippers for Women and Men Thick Sole Ultra Cushion Slides | Cloud-Like Sole, Quick Drying Shower Shoes, Soft Open Toe Indoor Outdoor Sandals Joomra Pillow Slippers for Women and Men Thick Sole Ultra Cushion Slides | Cloud-Like Sole, Quick Drying Sho…",¥137.52,4.3,4.3,,,,,,https://sponsored-ads.amazon.com/clk/?_encoding=UTF8&p=eAFVUE2P0kAYDm7UTbN-hMNugjeMHDAD00IpxTSm7VSoYGEp7BIuk2ln-hFLO7SNrHvg4NWrif_Ci8azv8Lf4NWDdxNZY3xOT_J8vG8ewTv-9eXd9zvVe_riYobG9ngFkTWvV8TmacDS-Aqno7frp_1k5qXXPeRDPjjlw0tHnEGDGwtiISUqE4--CueCBFuy3OorLbi-5RresW4tRtbcdqtnwl3KitdlxqsnS2dumdOhY68tVPtcER7fKLhgJPcjzFnuZwkpGY7TJE4Z9sqgKpANuc7Slp9tao8KD_gJKYrYB4cMODgBF-u3WYqXblMuPFBGbMMo8LMkYX4ZZyl4I4GbY8AnOS0AJ3Fashz4WVqytJSeGHPdQdicTiaWubCnjottZ2I7Fp7YFxZGljteTGf1nlCBD7_-_PT-xzdUu_-38vBE_YEEIeyLMuzLakdVROlo6aLBkTkzm-PqM2ToJn9hA0XfG9sDQn1vnOdRGLv6_9gb4d443xv6HxLWTszQuhrqVtjZdpn0sSJ8qERlyYtBu73b7Vr_JmqHvE12bdo2oLp4uVqhEXrOKc4p5klEc61sRAXBfo5jqsHGNqaaqKgihEqnqzaKXBOBCGQiyz0pUEFAAwq6IhSBGqgUUKVHiKqq_W5HasQa4UWD5CzQ_Cw2uDLM0eVv_P-8nw&v=c1&r=https%3A%2F%2Fwww.amazon.com%2Fgp%2Faw%2Fd%2FB09TJXXDHD%3Fpd_rd_plhdr%3Dt%26hsa_cr_id%3D0%26qid%3D1791007349%26sr%3D1-1-5a5562f9-fdfd-4101-9f9d-d76aa9998432%26i%3Daps%26aref%3DcoiBp7GrDW&ref_=sbx__sbtcd2_asin_0_bkgd&pd_rd_w=e5CzZ&content-id=amzn1.sym.90f77631-9599-4fe0-95f8-a40adfe1c762%3Aamzn1.sym.90f77631-9599-4fe0-95f8-a40adfe1c762&pf_rd_p=90f77631-9599-4fe0-95f8-a40adfe1c762&pf_rd_r=QSJVMQEDN28KC5N5YS9F&pd_rd_wg=e5WWs&pd_rd_r=3c39fe1c-021a-4201-9143-bdd3bae36826,"https://m.media-amazon.com/images/I/71CIVcXsl4L._AC_SR322,134_CB1169409_QL70_.jpg",88,排名靠前；价格处于人民币等值¥57.60-¥180.00黄金区间；标题包含 cloud、soft，符合美国女鞋舒适化趋势；cloud + slides组合趋势加分；评分达到4.3以上。
2026-10-03,amazon_us,product,search,platform sandals women,10,UBFEN Womens Platform Sandals With Arch Support Comfy Walking Wedge Crisscross Band Summer Casual UBFEN Womens Platform Sandals With Arch Support Comfy Walking Wedge Crisscross Band Summer Ca…,¥143.64,4.1,4.1,,,,,,https://sponsored-ads.amazon.com/clk/?_encoding=UTF8&p=eAFVUMuO0lAYDk7USTNewmJMcIeRBcmh5xRKp5jG9CY0QIEWGGVzctpzenFKW9pGJi5YuHdjTHwOMz6BCx_BN3FvImOM3-pLvsv_5-O801_fPvy8V3-gLtdzY2yNX0PDdJo11D4PWBpf4zcTIwgir4K-sbG9eDQ4X0nryQK83boapGy3mzqBvuyGDifAjih2LqQO3NxxNe9UNZcj07Hc-hPuPmXlVZXl9bOV7Zj6bGhbG9No3NS4Z7cKLhkp_AjnrPCzhFQMx2kSpwx7VVDnyJa8z9KOn20bT0sP-Akpy9gHxww4OkGOmndZilduWyw9UEVsyyjwsyRhfhVnKXgngNtjwCcFLUFO4rRiBfCztGJpJTzXHNU2sD6bTEx9ac1sF1v2xLJNPLHWJjZMd7yczZt9rgYff_p68-Pjd6Px8G_l8YnmIwFCKCMkIqnXRxISTlauMTjR53p7XH9haKqev7KApB603RGhetAWRRTGrvo_Dlp40BYHTf1DwsaZHprXQ9UMu7seE77UuM-1qKrycsDz-_2-828iPsx5sucpr8Hh6BKJU919mVNcUJwnES2UqhWVBPsFjqkCW7uYKkiSEYRStye3ykJBoA9EIop9IZBBQAMKeggiIAcyBVTqEyLL8kWvK7RiheRlixQsUBZXsryaqsHs8jdmxrue&v=c1&r=https%3A%2F%2Fwww.amazon.com%2Fgp%2Faw%2Fd%2FB0GHW15MCS%3Fpd_rd_plhdr%3Dt%26hsa_cr_id%3D0%26qid%3D1791007349%26sr%3D1-6-5a5562f9-fdfd-4101-9f9d-d76aa9998432%26i%3Daps%26aref%3DQk99UMAfOW&ref_=sbx__sbtcd2_asin_5_bkgd&pd_rd_w=1eCKO&content-id=amzn1.sym.90f77631-9599-4fe0-95f8-a40adfe1c762%3Aamzn1.sym.90f77631-9599-4fe0-95f8-a40adfe1c762&pf_rd_p=90f77631-9599-4fe0-95f8-a40adfe1c762&pf_rd_r=0GJFB8YWQJM3W1JC9RC2&pd_rd_wg=OzPLN&pd_rd_r=6c5662c1-1a95-4f0b-803a-9e5403b86e60,"https://m.media-amazon.com/images/I/61cow9BW-yL._AC_SR322,134_CB1169409_QL70_.jpg",84,排名靠前；价格处于人民币等值¥57.60-¥180.00黄金区间；标题包含 platform、arch support、summer、wedge，符合美国女鞋舒适化趋势；评分达到4.0以上。
2026-10-03,amazon_us,product,search,platform sandals women,16,Women's Suede Platform Wedge Heel Slide Sandals Y2K Round Open Toe One Strap Slip-On Heeled Sandals Stylish Comfortable Daily Casual Summer Slippers,¥237.53,3.6,100+ bought in past month,,,,,,https://www.amazon.com/NBZKBNG-Platform-Sandals-Comfortable-Slippers/dp/B0FXRQXXLG/ref=sr_1_7?dib=eyJ2IjoiMSJ9.EIJh1jY9ea3EISWsO86AbasBs3B0AFIH9_ItfRcYxWlPm9Swj9fm4tfipKAl83SypZURbe6h-BJ30M2zNzZlBV0pX2JQEqZQVQl7wAhvYX5pFRFV4kc8hjzJbQ09sC1Px1aiWX8lsgLfoNvc8eVSTtYLvwjJw0HW_ISndodek7bCoPxWbA__kFWFIItagU8sSEAhbRza7wN5t9sx5poFkupssl3pTitqlJTO3y_bmr8Rf-7wNasSyajhQdaCot1CCIRNMz7tAU8pwIREtK9ASdIusqgHKBs_99z9sypodt0.4ThtlaFMKnLZ--QAfCspo4Al74B6dHr-9Yc5gyTolOM&dib_tag=se&keywords=platform+sandals+women&qid=1791007349&sr=8-7,https://m.media-amazon.com/images/I/31atGR0IcGL._AC_UL320_.jpg,80,排名进入前30；评论数达到50以上；价格处于人民币等值¥180.00-¥288.00区间；标题包含 platform、comfort、summer、wedge，符合美国女鞋舒适化趋势；platform + comfort组合趋势加分。
2026-10-03,amazon_us,product,search,platform sandals women,7,UBFEN Womens Chunky Wedge Platform Sandals Adjustable Double-Strap Square | Toed Open-Toe Style Suitable for Outdoor Casual Wear UBFEN Womens Chunky Wedge Platform Sandals Adjustable Double-Strap Square | Toed Open-Toe Sty…,¥143.93,4.3,4.3,,,,,,https://sponsored-ads.amazon.com/clk/?_encoding=UTF8&p=eAFVUMuK01AYpg7qEMYLXcxA3VXsonCac9KmaSpBcrMT2knbpK0z3RxOck4uTpqkSbCDiy7cuxHB55DxCVz4CL6Je8GOiN_qg-_y_3ycd_zr24efD-qP1MVqZoyt8SU0TKdZQ-3TgKXxDb6aGEEQeRX0jbXtxefD06W0mszB242rQcq22wsn0Bfd0OEE2BHFzkDqwPU9V_OOVXNxbjqWWz_jHlJWXldZXj9Z2o6pT0e2tTaNxm2Ne36n4JKRwo9wzgo_S0jFcJwmccqwVwV1jmzI-yzt-Nmm8az0gJ-Qsox9cMiAgxPkqHmfpXjptsXSA1XENowCP0sS5ldxloJ3Arg7BnxS0BLkJE4rVgA_SyuWVsILzVFtA-vTycTUF9bUdrFlTyzbxBNrZWLDdMeL6azZ52rw6aevtz8-fjcaj_9WHp5oPhEghDJCIpJ6fSQh4WjpGsMjfaa3x_WXhqbq-WsLSOpe2x4QqnttXkRh7Kr_Y6-Fe22-19Q_JGyc6KF5M1LNsLvtMeFLjftci6oqL4c8v9vtOv8m4sOcJzue8hocGVfCYHQ5fpVTXFCcJxEtlKoVlQT7BY6pAlvbmCpIkhGEUrcnt8pCQaALRCKKfSGQQUADCnoIIiAHMgVU6hMiy_Kg1xVasULyskUKFijza1leXqjB9M1vaea7pA&v=c1&r=https%3A%2F%2Fwww.amazon.com%2Fgp%2Faw%2Fd%2FB0GDY28GXK%3Fpd_rd_plhdr%3Dt%26hsa_cr_id%3D0%26qid%3D1791007349%26sr%3D1-3-5a5562f9-fdfd-4101-9f9d-d76aa9998432%26i%3Daps%26aref%3DQk99UMAfOW&ref_=sbx__sbtcd2_asin_2_bkgd&pd_rd_w=1eCKO&content-id=amzn1.sym.90f77631-9599-4fe0-95f8-a40adfe1c762%3Aamzn1.sym.90f77631-9599-4fe0-95f8-a40adfe1c762&pf_rd_p=90f77631-9599-4fe0-95f8-a40adfe1c762&pf_rd_r=0GJFB8YWQJM3W1JC9RC2&pd_rd_wg=OzPLN&pd_rd_r=6c5662c1-1a95-4f0b-803a-9e5403b86e60,"https://m.media-amazon.com/images/I/61M8szgUVaL._AC_SR322,134_CB1169409_QL70_.jpg",78,排名靠前；价格处于人民币等值¥57.60-¥180.00黄金区间；标题包含 platform、wedge，符合美国女鞋舒适化趋势；评分达到4.3以上。
2026-10-03,amazon_us,product,search,platform sandals women,33,Platform Sandals Women Strappy Wedges Comfortable Lightweight Non Slip Walking Sandals Dressy Summer Wedges for Vacation Office Casual Wear,¥143.93,4.3,100+ bought in past month,,,,,,https://www.amazon.com/Tearkiss-Platform-Comfortable-Lightweight-Vacation/dp/B0GZKQ9V4C/ref=sr_1_24?dib=eyJ2IjoiMSJ9.EIJh1jY9ea3EISWsO86AbasBs3B0AFIH9_ItfRcYxWlPm9Swj9fm4tfipKAl83SypZURbe6h-BJ30M2zNzZlBV0pX2JQEqZQVQl7wAhvYX5pFRFV4kc8hjzJbQ09sC1Px1aiWX8lsgLfoNvc8eVSTtYLvwjJw0HW_ISndodek7bCoPxWbA__kFWFIItagU8sSEAhbRza7wN5t9sx5poFkupssl3pTitqlJTO3y_bmr8Rf-7wNasSyajhQdaCot1CCIRNMz7tAU8pwIREtK9ASdIusqgHKBs_99z9sypodt0.4ThtlaFMKnLZ--QAfCspo4Al74B6dHr-9Yc5gyTolOM&dib_tag=se&keywords=platform+sandals+women&qid=1791007349&sr=8-24,https://m.media-amazon.com/images/I/71Re0WbOVEL._AC_UL320_.jpg,77,排名进入前50；评论数达到50以上；价格处于人民币等值¥57.60-¥180.00黄金区间；标题包含 platform、comfort、summer、wedge，符合美国女鞋舒适化趋势；platform + comfort组合趋势加分；评分达到4.3以上。
2026-10-03,amazon_us,product,best_sellers,Best Sellers Women Sandals,5,"Joomra Pillow Slippers for Women and Men Thick Sole Ultra Cushion Slides | Cloud-Like Sole, Quick Drying Shower Shoes, Soft Open Toe Indoor Outdoor Sandals",,4.3,$20.35,,,,,,https://www.amazon.com/Joomra-Slippers-Cushion-Massage-Bathroom/dp/B09653BWXT/ref=zg_bs_g_679425011_d_sccl_5/137-7673390-5806847?psc=1,"https://images-na.ssl-images-amazon.com/images/I/71pkhgTTRXL._AC_UL600_SR600,400_.jpg",73,排名靠前；标题包含 cloud、soft，符合美国女鞋舒适化趋势；cloud + slides组合趋势加分；评分达到4.3以上。
2026-10-03,amazon_us,product,best_sellers,Best Sellers Women Sandals,3,KuaiLu Flip Flops for Women with Arch Support Summer Beach Thong Sandals | Comfortable Yoga Mat Walking Shoes Cushion Slip On Casual Outfits Indoor Outdoor,,4.3,$9.99,,,,,,https://www.amazon.com/KuaiLu-Support-Comfortable-Walking-Sandals/dp/B0C5ZRQS2X/ref=zg_bs_g_679425011_d_sccl_3/137-7673390-5806847?psc=1,"https://images-na.ssl-images-amazon.com/images/I/710PdcSAm6L._AC_UL600_SR600,400_.jpg",70,排名靠前；标题包含 comfort、arch support、beach、summer，符合美国女鞋舒适化趋势；评分达到4.3以上。
2026-10-03,amazon_us,product,new_releases,New Releases Women Sandals,8,"VIVASUN Flip Flops for Women with Arch Support Non-Slip Thong Sandals for Beach, Pool, Shower, Casual Summer Wear Comfortable Flip Flops",,4.5,$9.99,,,,,,https://www.amazon.com/VIVASUN-Support-Non-Slip-Sandals-Comfortable/dp/B0H3JMZ11X/ref=zg_bsnr_g_679425011_d_sccl_8/140-1390172-0697403?psc=1,"https://images-na.ssl-images-amazon.com/images/I/61u9FrNqQQL._AC_UL600_SR600,400_.jpg",70,排名靠前；标题包含 comfort、arch support、beach、summer，符合美国女鞋舒适化趋势；评分达到4.3以上。
2026-10-03,amazon_us,product,search,women slides,4,adidas,¥66.02,4.6,Products highlighted as 'Overall Pick' are:,,,,,,https://www.amazon.com/adidas-Unisex-Adilette-Comfort-Slides/dp/B091ZHRHCD/ref=sr_1_1?dib=eyJ2IjoiMSJ9._15A5a1ahvFQhpFGdv4ULe5ISCpT-qDImHOl_nO4JUk4x0xijIbmadlGqVZf6iI8uZ6FFxT_fGs1VgzZnEaMEVu5sgIxia5Ofzu8CJWs-iwBoFda-2pIwOeOmuCeSjULgx98hpsO0jwDCccwoazRakUQKVBjDpFkwb-eDEoJXHn5emi2HFSMCLh7xzrCNYw3JMCIg3CGFCNJvmVQVxm1fQd49U2eJPf09_bcwymCD8N8vXDgNazK0sKNdTZ4eyAezBBUhgm6tg-oh1wpqH3pAJoBcAKOOz9FR1sdGSApFMA.iBVg4vHkRGh1Sct-Azb2LiFXMfmOvLfedxJE1W3oiHc&dib_tag=se&keywords=women+slides&qid=1791007349&sr=8-1,https://m.media-amazon.com/images/I/51uJnrrxC9L._AC_UL320_.jpg,70,排名靠前；价格处于人民币等值¥57.60-¥180.00黄金区间；评分达到4.6以上。
2026-10-03,amazon_us,product,search,platform sandals women,28,Espadrille Platform Wedge Sandals Braided Women Slip-On Sandal,¥156.10,4.3,"Price, product page $21.68 $ 21 . 68 Typical: $26.98 Typical: $26.98 $26.98",,,,,,https://www.amazon.com/COMFITORIA-Espadrille-Platform-Adjustable-Comfortable/dp/B0FPFTJ3DX/ref=sr_1_19?dib=eyJ2IjoiMSJ9.EIJh1jY9ea3EISWsO86AbasBs3B0AFIH9_ItfRcYxWlPm9Swj9fm4tfipKAl83SypZURbe6h-BJ30M2zNzZlBV0pX2JQEqZQVQl7wAhvYX5pFRFV4kc8hjzJbQ09sC1Px1aiWX8lsgLfoNvc8eVSTtYLvwjJw0HW_ISndodek7bCoPxWbA__kFWFIItagU8sSEAhbRza7wN5t9sx5poFkupssl3pTitqlJTO3y_bmr8Rf-7wNasSyajhQdaCot1CCIRNMz7tAU8pwIREtK9ASdIusqgHKBs_99z9sypodt0.4ThtlaFMKnLZ--QAfCspo4Al74B6dHr-9Yc5gyTolOM&dib_tag=se&keywords=platform+sandals+women&qid=1791007349&sr=8-19,https://m.media-amazon.com/images/I/71ZzmcXK9RL._AC_UL320_.jpg,68,排名进入前30；价格处于人民币等值¥57.60-¥180.00黄金区间；标题包含 platform、wedge，符合美国女鞋舒适化趋势；评分达到4.3以上。
2026-10-03,amazon_us,product,search,women summer slippers,5,GOEWY,¥93.53,4.4,GOEWY,,,,,,https://www.amazon.com/GOEWY-Slippers-Summer-Breathable-Slides/dp/B0GQGLFHFJ/ref=sr_1_2?dib=eyJ2IjoiMSJ9.xY0HMvNCXwtTQIOE4QTD3NRo22Dt7WlNtuucVfc8UyN6G3YKiRIsmqznMD0LvyeshrOL_mwuf8XzD9XgnVPcN8SRmBO0bGn1lH7sBLKWjm4hZfCJiXth3u_ZV-mqIh89m-OaKfN_HSXHfefzj_6uIwGyojjqHPGw4g4uBeujeX0TRpnwJO9vF1y64tmOQOiUXywE93SwtIKTZ_LgNIA9ymYX_NbtETMLswrHzjThlbFW8J2fcsztjaDTLtmc_RlfHctKhjoLgGQLFVeEN9Yx7HzPvSzQx4061st70b5Lmbc.1RlU4WyCUIWTN4BgOTOl-cay24bMOXj8Na6VA9jT9Dk&dib_tag=se&keywords=women+summer+slippers&qid=1791007348&sr=8-2,https://m.media-amazon.com/images/I/61PJ6PNvlqL._AC_UL320_.jpg,67,排名靠前；价格处于人民币等值¥57.60-¥180.00黄金区间；评分达到4.3以上。
2026-10-03,amazon_us,product,search,women summer slippers,7,"shevalues Summer House Slippers for Women Men Waffle Indoor Slippers | Breathable Open toe Home Shoes, Memory Foam Slip-on Washable Bedroom Slides shevalues Summer House Slippers for Women Men Waffle Indoor Slippers | Breathable Open toe Home…",¥122.33,4.2,4.2,,,,,,https://sponsored-ads.amazon.com/clk/?_encoding=UTF8&p=eAFVUElu01AYVqiAyiqDsmilsAsii0gvHhLbcZCFPDxaE8sZ7FS0m6dnv-eBeoptmraLLDgDEhfgAghuwB16BiS2HACJFCG-1Sd9w__rY_z9X98-3D5oP9K807k5taZvORMuuy2-fxjSPLlCi0Wapa53ib3rBq7ezSaH15uRbZzEUxJEwdDzL85G7xc32pIRuIEoDsbygDu_5-r-vga9E7i03PYR85DQ-qIpyvbByllCY3bsWOfQ7HxtMc_vFFRTXAUxKmkVFCluKEryNMkp8puwzeAM3xT5ICiyzrPaB0GK6zoJwC4Ddk5Q8t37NEcrty_WPmhimlECgiJNadAkRQ4uBXB3DAS4IjUocZI3tAJBkTc0b4QX-lJzTGTMbBsanjVzXGQ5tuVAZFunEJnQnXqzeVdiWtzT2y8_fn7-bnYe_63cPdF9InAcp8i8IoljSZJ5YW_lmpM9Y270p-2Xpq4Z5WsLyNpWX-8QaVt9UcVRYmn_Y6tHW32x1bU_JOocGBG8OtZgNFyPqPCpxXxsxU1T1hOW3Ww2g38TsVHJ4g1LWJ1TXHvxRhrKr0qCKoLKNCaV2vTiGqOgQglRud46ISovKzzHycPRuFdXKg94IGJRlIRQASEJCRjxHA-UUCGAyBLGiqKMR0Ohl6i4rHu4oqG6gplRro0zK_sNIvG9iQ&v=c1&r=https%3A%2F%2Fwww.amazon.com%2Fgp%2Faw%2Fd%2FB09SLQJ637%3Fpd_rd_plhdr%3Dt%26hsa_cr_id%3D0%26qid%3D1791007348%26sr%3D1-1-5a5562f9-fdfd-4101-9f9d-d76aa9998432%26i%3Daps%26aref%3DUEmCpqCYIm&ref_=sbx__sbtcd2_asin_0_bkgd&pd_rd_w=qnh5U&content-id=amzn1.sym.90f77631-9599-4fe0-95f8-a40adfe1c762%3Aamzn1.sym.90f77631-9599-4fe0-95f8-a40adfe1c762&pf_rd_p=90f77631-9599-4fe0-95f8-a40adfe1c762&pf_rd_r=RXEKR4PCNEP02XSXM70C&pd_rd_wg=yJKfk&pd_rd_r=ef0993a5-f6a8-4990-a154-c709b37227e1,"https://m.media-amazon.com/images/I/81-CmH5PjYL._AC_SR322,134_CB1169409_QL70_.jpg",67,排名靠前；价格处于人民币等值¥57.60-¥180.00黄金区间；标题包含 summer，符合美国女鞋舒适化趋势；评分达到4.0以上。
2026-10-03,amazon_us,product,search,platform sandals women,4,Soda,¥176.18,4.5,Soda,,,,,,https://www.amazon.com/Soda-Buckle-Espadrilles-Flatform-Casual/dp/B0C5S26DHB/ref=sr_1_3?dib=eyJ2IjoiMSJ9.EIJh1jY9ea3EISWsO86AbasBs3B0AFIH9_ItfRcYxWlPm9Swj9fm4tfipKAl83SypZURbe6h-BJ30M2zNzZlBV0pX2JQEqZQVQl7wAhvYX5pFRFV4kc8hjzJbQ09sC1Px1aiWX8lsgLfoNvc8eVSTtYLvwjJw0HW_ISndodek7bCoPxWbA__kFWFIItagU8sSEAhbRza7wN5t9sx5poFkupssl3pTitqlJTO3y_bmr8Rf-7wNasSyajhQdaCot1CCIRNMz7tAU8pwIREtK9ASdIusqgHKBs_99z9sypodt0.4ThtlaFMKnLZ--QAfCspo4Al74B6dHr-9Yc5gyTolOM&dib_tag=se&keywords=platform+sandals+women&qid=1791007349&sr=8-3,https://m.media-amazon.com/images/I/71q-Jp+UEkL._AC_UL320_.jpg,67,排名靠前；价格处于人民币等值¥57.60-¥180.00黄金区间；评分达到4.3以上。
2026-10-03,amazon_us,product,new_releases,New Releases Women Sandals,11,Project Cloud Pool Slides For Women & Jelly Sandals For Women Footwear | Womens Sandals Comfortable w/ Memory Foam Insole - Slip Resistant Womens Jelly Sandals Beach Essentials Sandals Women,,4.1,$29.90,,,,,,https://www.amazon.com/Project-Cloud-Slides-Sandals-Footwear/dp/B0H5YKTVPP/ref=zg_bsnr_g_679425011_d_sccl_11/140-1390172-0697403?psc=1,"https://images-na.ssl-images-amazon.com/images/I/81x+j68eH7L._AC_UL600_SR600,400_.jpg",66,排名进入前30；标题包含 cloud、comfort、beach，符合美国女鞋舒适化趋势；cloud + slides组合趋势加分；评分达到4.0以上。
2026-10-03,amazon_us,product,new_releases,New Releases Women Sandals,24,Project Cloud Platform Sandals Women - Wedge Sandals for Women 2026 (Silly) | Womens Sandals Comfortable with Soft & Plush Insole - Non Slip Beach Essentials Womens Slide - Stylish Women Footwear,,3.8,$39.90,,,,,,https://www.amazon.com/Project-Cloud-Platform-Sandals-Women/dp/B0H27GP2WC/ref=zg_bsnr_g_679425011_d_sccl_24/140-1390172-0697403?psc=1,"https://images-na.ssl-images-amazon.com/images/I/71lcJ5wbS4L._AC_UL600_SR600,400_.jpg",65,排名进入前30；标题包含 cloud、platform、comfort、soft、beach、wedge，符合美国女鞋舒适化趋势；platform + comfort组合趋势加分。
2026-10-03,amazon_us,product,search,platform sandals women,18,"Women's Platform Sandals, Cork Footbed Slides with Double Buckles",¥215.93,4.4,50+ bought in past month,,,,,,https://www.amazon.com/BiuYorBTY-Platform-Sandals-Footbed-Comfort/dp/B0DZ1P3782/ref=sr_1_9?dib=eyJ2IjoiMSJ9.EIJh1jY9ea3EISWsO86AbasBs3B0AFIH9_ItfRcYxWlPm9Swj9fm4tfipKAl83SypZURbe6h-BJ30M2zNzZlBV0pX2JQEqZQVQl7wAhvYX5pFRFV4kc8hjzJbQ09sC1Px1aiWX8lsgLfoNvc8eVSTtYLvwjJw0HW_ISndodek7bCoPxWbA__kFWFIItagU8sSEAhbRza7wN5t9sx5poFkupssl3pTitqlJTO3y_bmr8Rf-7wNasSyajhQdaCot1CCIRNMz7tAU8pwIREtK9ASdIusqgHKBs_99z9sypodt0.4ThtlaFMKnLZ--QAfCspo4Al74B6dHr-9Yc5gyTolOM&dib_tag=se&keywords=platform+sandals+women&qid=1791007349&sr=8-9,https://m.media-amazon.com/images/I/716g0SFJuTL._AC_UL320_.jpg,65,排名进入前30；评论数达到50以上；价格处于人民币等值¥180.00-¥288.00区间；标题包含 platform，符合美国女鞋舒适化趋势；评分达到4.3以上。
2026-10-03,amazon_us,product,best_sellers,Best Sellers Women Sandals,2,mazeskin Womens Memory Foam Flip Flops Flat Thong Sandals | Soft Vegan Leather Comfortable Cushioned Casual Dressy Beach Summer Minimalist Slim Slide Shoes Indoor Outdoor,,4.2,$9.99,,,,,,https://www.amazon.com/mazeskin-Womens-Comfortable-Sandals-Leather/dp/B0F32KMZ18/ref=zg_bs_g_679425011_d_sccl_2/137-7673390-5806847?psc=1,"https://images-na.ssl-images-amazon.com/images/I/71jV8GHPNSL._AC_UL600_SR600,400_.jpg",64,排名靠前；标题包含 comfort、soft、beach、summer，符合美国女鞋舒适化趋势；评分达到4.0以上。
2026-10-03,amazon_us,product,search,women summer slippers,6,WHITIN,¥71.93,4.1,WHITIN,,,,,,https://www.amazon.com/WHITIN-Slippers-Cushioned-Fashionable-Lightweight/dp/B0C1C17KH8/ref=sr_1_3?dib=eyJ2IjoiMSJ9.xY0HMvNCXwtTQIOE4QTD3NRo22Dt7WlNtuucVfc8UyN6G3YKiRIsmqznMD0LvyeshrOL_mwuf8XzD9XgnVPcN8SRmBO0bGn1lH7sBLKWjm4hZfCJiXth3u_ZV-mqIh89m-OaKfN_HSXHfefzj_6uIwGyojjqHPGw4g4uBeujeX0TRpnwJO9vF1y64tmOQOiUXywE93SwtIKTZ_LgNIA9ymYX_NbtETMLswrHzjThlbFW8J2fcsztjaDTLtmc_RlfHctKhjoLgGQLFVeEN9Yx7HzPvSzQx4061st70b5Lmbc.1RlU4WyCUIWTN4BgOTOl-cay24bMOXj8Na6VA9jT9Dk&dib_tag=se&keywords=women+summer+slippers&qid=1791007348&sr=8-3,https://m.media-amazon.com/images/I/71nA8egRirL._AC_UL320_.jpg,64,排名靠前；价格处于人民币等值¥57.60-¥180.00黄金区间；评分达到4.0以上。
2026-10-03,amazon_us,product,search,women slides,22,"House Slipper for Women Men, Shower Shoes, Fast-Dry Nonslip Slides Sandal",¥57.53,4.2,1K+ bought in past month,,,,,,https://www.amazon.com/Slipper-Shower-Fast-Dry-Nonslip-Slides/dp/B01LYNR9VM/ref=sr_1_9?dib=eyJ2IjoiMSJ9._15A5a1ahvFQhpFGdv4ULe5ISCpT-qDImHOl_nO4JUk4x0xijIbmadlGqVZf6iI8uZ6FFxT_fGs1VgzZnEaMEVu5sgIxia5Ofzu8CJWs-iwBoFda-2pIwOeOmuCeSjULgx98hpsO0jwDCccwoazRakUQKVBjDpFkwb-eDEoJXHn5emi2HFSMCLh7xzrCNYw3JMCIg3CGFCNJvmVQVxm1fQd49U2eJPf09_bcwymCD8N8vXDgNazK0sKNdTZ4eyAezBBUhgm6tg-oh1wpqH3pAJoBcAKOOz9FR1sdGSApFMA.iBVg4vHkRGh1Sct-Azb2LiFXMfmOvLfedxJE1W3oiHc&dib_tag=se&keywords=women+slides&qid=1791007349&sr=8-9,https://m.media-amazon.com/images/I/815Fjif9JhL._AC_UL320_.jpg,64,排名进入前30；评论数达到1000以上；价格低于人民币等值¥57.60；评分达到4.0以上。
2026-10-03,amazon_us,product,new_releases,New Releases Women Sandals,28,IDIFU Platform Chunky Block Strappy Heels Sandals | Slingback Heeled Sandals Thick Open Square Toe Comfortable Dress Shoes for Women Wedding Work Prom Ladies Cute Heel,,4.2,$30.99,,,,,,https://www.amazon.com/IDIFU-Platform-Chunky-Strappy-Sandals/dp/B0H1LPZ9Z5/ref=zg_bsnr_g_679425011_d_sccl_28/140-1390172-0697403?psc=1,"https://images-na.ssl-images-amazon.com/images/I/61Db5XdupQL._AC_UL600_SR600,400_.jpg",63,排名进入前30；标题包含 platform、comfort，符合美国女鞋舒适化趋势；platform + comfort组合趋势加分；评分达到4.0以上。
2026-10-03,amazon_us,product,search,women slides,44,"Men's and Women's Capybara Slides,Cute Capybara Slippers for Indoor Outdoor,Non Slip Quick Drying Shower Shoes,Comfort Cloud Slides Sandals",¥71.93,4.0,"Price, product page $9.99 $ 9 . 99",,,,,,https://www.amazon.com/XUNBAI-Capybara-Slippers-Outdoor-Comfort/dp/B0GL1B5RRN/ref=sr_1_31?dib=eyJ2IjoiMSJ9._15A5a1ahvFQhpFGdv4ULe5ISCpT-qDImHOl_nO4JUk4x0xijIbmadlGqVZf6iI8uZ6FFxT_fGs1VgzZnEaMEVu5sgIxia5Ofzu8CJWs-iwBoFda-2pIwOeOmuCeSjULgx98hpsO0jwDCccwoazRakUQKVBjDpFkwb-eDEoJXHn5emi2HFSMCLh7xzrCNYw3JMCIg3CGFCNJvmVQVxm1fQd49U2eJPf09_bcwymCD8N8vXDgNazK0sKNdTZ4eyAezBBUhgm6tg-oh1wpqH3pAJoBcAKOOz9FR1sdGSApFMA.iBVg4vHkRGh1Sct-Azb2LiFXMfmOvLfedxJE1W3oiHc&dib_tag=se&keywords=women+slides&qid=1791007349&sr=8-31,https://m.media-amazon.com/images/I/61wFDL2ZcbL._AC_UL320_.jpg,63,排名进入前50；价格处于人民币等值¥57.60-¥180.00黄金区间；标题包含 cloud、comfort，符合美国女鞋舒适化趋势；cloud + slides组合趋势加分；评分达到4.0以上。
2026-10-03,amazon_us,product,search,women summer slippers,1,Chantomoo Slippers for Women Memory Foam House Bedroom Corduroy Bow Crossbands Slipper Shoes Comfy Trendy Gift Slippers Chantomoo Slippers for Women Memory Foam Hous…,¥215.93,4.4,,,,,,,https://aax-us-east-retail-direct.amazon.com/x/c/JO0G9gr3CpqYyJAVy5b3U1gAAAGhAFtYPgEAAAH2AQBvbm9fdHhuX2JpZDMgICBvbm9fdHhuX2ltcDEgICC1qjJD/clv1c_ek-wBfHXEsTW3uLbkw8Bb2gzoB0ZWFG5xURToMek3SPw1iaaZSRTIiM3JG-eX2U_qBk-ASFYRM5R2gM1CKZ6_9gA4WumviSeEM2MRzFBt2djD0T-SyzQT9xJhd6gtUAdl9iervOtSi5LKSeO2IOksdQ6g_rKHVHAcoTyyRua1FY_m2oXBaidrwlsLeQhth3qwTLYS5djgjdKlmP4pkbMSh5znd1ajuyaFQbPgap3QNM6sAe4moNiY0yygrE09xnHY-fOOMu5MtZ_cGudN_Ulm7q8KnRBEQl5ldT5TWvaCWlvnTdWWuvaoIHFL8Ckc_LuukYr0fpp8Ok5DyNhLJlKOrqpcu-oibnHFlAmyCNGAER76tbVwjAYlsmN-YkrlJCJHVWWX6By-IIB2KR6YPMWurSFaFUSG6e19S_AKvQzrQMGbDlXGIGDmuS-ROwZGw1JK7bzULvLlfQ-6hmJAls4be_MHOKgVwbNphQ6GNDUnjDVGgisWaGo89ojmDDGh3uTUid9jeEz3oWBXWi38iHF6KSzbHFKD3R4ojpL29bE44iPLRhd44hAC92Y0fEz_MpQ0LknHq_dbzSNklhkBcnf-KewTcWptO6hsL3UynprkFA6-YtdVQMbu1uXQzGqkIc9mb-yL8wcTvaDJjx4dY42yFlau3kQrvwNvRq59Ul5Zctuk0zDiowPYcwa9HCf_SsPIDsgcPqlkzEytxi6VToW9Zv-HXinupTar9i0tbX78iZOyBRnelbEdyLaHhDDpD5y4uFmUofx51FvAV6IqqAEa6YKj0eh-KN64PvI5T-QitiSE9iXVFeJx8Z6C34r0AtFf6m_B_0DiiOhWdh_SFhD58kM0rRMV9nCm9Z27i5p4sbKgtHTWP7TbrybH_fejKC43OMfcyJuucYZhT0nlnscUeKSQFYWKQmE2iYB75Yd3thlunfm8GrSMJ3R6d21W8elWj7If_znfbqWLMY9RyyOij9dzllJcAWP2q7bHXfICwVBSZIfjWZohKjzpwO574uAxL6jO_7RlVpmARh3BjbRbmZzfzATYBKD-seSw-DehV2k__tpIi3zhAglYd18o6DBgv3WY6hnBL-_5WTXWqR6Pii0xajjVrnD7mT_fn4Zi7TRci_EbGuqygRoXj01wGVo37feoaLWCGkw2kAkd-Xik9iF1aSzk6W6UNBhjo3fksBva0F1tOPWwSWp-gpJq86P_k7-oJXzGINBjAhuxyK5YeZW_iVDdNAOuqMGzDtA1nqQEG-cHmMvuNiIdZLBmjZFTdWizK0_iC5EGQViK31uear0p-OjQi47qnHXCh4yGx7BrFRNHOhnHDPAcTdxY5svKpPeG5FK8RHV8oJuF9GdgaZM9TT5R6iuZEJ18ttUbkOiwy-eUffwG_5FzH8cbPKiVe5RsdkhfCw47-a8XbaEwWotMHA8IE9zaOQ3712KK391tY6evAX6vcjeYTp97SBIkX1ZQuLlCt0hTCFgsWNBsSwgKPXEGbE7GwJ9ITedW67dO7RchMwOd4zar5j21svDT1bKAG9uSK1OrUP_q8N48yGTPOY1Kt0ABd4-XkXVmme8B-NGPadCP4QyKMSbFf9Gw9g3bH0FfZpU_RRcpOcstH806rDkgJL9awXIpbVM5v6MKbZNMEgsIqF17Ut13RdGXb-rc8ryZykz4D18OSMG6uC7dAHU8pk/https://www.amazon.com/gp/aw/d/B0C7H38YBT/?_encoding=UTF8&pd_rd_plhdr=t&aaxitk=e1dc8951dc6a869de52e94b8a9c6e0fe&hsa_cr_id=0&qid=1791007348&sr=1-1-9e67e56a-6f64-441f-a281-df67fc737124&i=aps&aref=qwdxKUM9Cs&ref_=sbx_s_sparkle_sbtcd_asin_0_bkgd&pd_rd_w=mJ8Dv&content-id=amzn1.sym.8de9b3d5-f5c5-40e9-9b39-d65f08d6ea68%3Aamzn1.sym.8de9b3d5-f5c5-40e9-9b39-d65f08d6ea68&pf_rd_p=8de9b3d5-f5c5-40e9-9b39-d65f08d6ea68&pf_rd_r=RXEKR4PCNEP02XSXM70C&pd_rd_wg=5Grrc&pd_rd_r=ee38cfcd-e119-4b9b-8364-29c1fdde9f5c,"https://m.media-amazon.com/images/I/711Z9Ju3AqL._AC_SR160,134_CB1169409_QL70_.jpg",62,排名靠前；价格处于人民币等值¥180.00-¥288.00区间；评分达到4.3以上。
2026-10-03,amazon_us,product,search,women summer slippers,3,Chantomoo Slippers for Women Memory Foam House Bedroom Corduroy Bow Crossbands Slipper Shoes Comfy Trendy Gift Slippers Chantomoo Slippers for Women Memory Foam Hous…,¥287.93,4.4,,,,,,,https://aax-us-east-retail-direct.amazon.com/x/c/JO0G9gr3CpqYyJAVy5b3U1gAAAGhAFtYPgEAAAH2AQBvbm9fdHhuX2JpZDMgICBvbm9fdHhuX2ltcDEgICC1qjJD/clv1c_ek-wBfHXEsTW3uLbkw8Bb2gzoB0ZWFG5xURToMek3SPw1iaaZSRTIiM3JG-eX2U_qBk-ASFYRM5R2gM1CKZ6_9gA4WumviSeEM2MRzFBt2djD0T-SyzQT9xJhd6gtUAdl9iervOtSi5LKSeO2IOksdQ6g_rKHVHAcoTyyRua1FY_m2oXBaidrwlsLeQhth3qwTLYS5djgjdKlmP4pkbMSh5znd1ajuyaFQbPgap3QNM6sAe4moNiY0yygrE09xnHY-fOOMu5MtZ_cGudN_Ulm7q8KnRBEQl5ldT5TWvaCWlvnTdWWuvaoIHFL8Ckc_LuukYr0fpp8Ok5DyNhLJlKOrqpcu-oibnHFlAmyCNGAER76tbVwjAYlsmN-YkrlJCJHVWWX6By-IIB2KR6YPMWurSFaFUSG6e19S_AKvQzrQMGbDlXGIGDmuS-ROwZGw1JK7bzULvLlfQ-6hmJAls4be_MHOKgVwbNphQ6GNDUnjDVGgisWaGo89ojmDDGh3uTUid9jeEz3oWBXWi38iHF6KSzbHFKD3R4ojpL29bE44iPLRhd44hAC92Y0fEz_MpQ0LknHq_dbzSNklhkBcnf-KewTcWptO6hsL3UynprkFA6-YtdVQMbu1uXQzGqkIc9mb-yL8wcTvaDJjx4dY42yFlau3kQrvwNvRq59Ul5Zctuk0zDiowPYcwa9HCf_SsPIDsgcPqlkzEytxi6VToW9Zv-HXinupTar9i0tbX78iZOyBRnelbEdyLaHhDDpD5y4uFmUofx51FvAV6IqqAEa6YKj0eh-KN64PvI5T-QitiSE9iXVFeJx8Z6C34r0AtFf6m_B_0DiiOhWdh_SFhD58kM0rRMV9nCm9Z27i5p4sbKgtHTWP7TbrybH_fejKC43OMfcyJuucYZhT0nlnscUeKSQFYWKQmE2iYB75Yd3thlunfm8GrSMJ3R6d21W8elWj7If_znfbqWLMY9RyyOij9dzllJcAWP2q7bHXfICwVBSZIfjWZohKjzpwO574uAxL6jO_7RlVpmARh3BjbRbmZzfzATYBKD-seSw-DehV2k__tpIi3zhAglYd18o6DBgv3WY6hnBL-_5WTXWqR6Pii0xajjVrnD7mT_fn4Zi7TRci_EbGuqygRoXj01wGVo37feoaLWCGkw2kAkd-Xik9iF1aSzk6W6UNBhjo3fksBva0F1tOPWwSWp-gpJq86P_k7-oJXzGINBjAhuxyK5YeZW_iVDdNAOuqMGzDtA1nqQEG-cHmMvuNiIdZLBmjZFTdWizK0_iC5EGQViK31uear0p-OjQi47qnHXCh4yGx7BrFRNHOhnHDPAcTdxY5svKpPeG5FK8RHV8oJuF9GdgaZM9TT5R6iuZEJ18ttUbkOiwy-eUffwG_5FzH8cbPKiVe5RsdkhfCw47-a8XbaEwWotMHA8IE9zaOQ3712KK391tY6evAX6vcjeYTp97SBIkX1ZQuLlCt0hTCFgsWNBsSwgKPXEGbE7GwJ9ITedW67dO7RchMwOd4zar5j21svDT1bKAG9uSK1OrUP_q8N48yGTPOY1Kt0ABd4-XkXVmme8B-NGPadCP4QyKMSbFf9Gw9g3bH0FfZpU_RRcpOcstH806rDkgJL9awXIpbVM5v6MKbZNMEgsIqF17Ut13RdGXb-rc8ryZykz4D18OSMG6uC7dAHU8pk/https://www.amazon.com/gp/aw/d/B0FRZFL2QW/?_encoding=UTF8&pd_rd_plhdr=t&aaxitk=e1dc8951dc6a869de52e94b8a9c6e0fe&hsa_cr_id=0&qid=1791007348&sr=1-3-9e67e56a-6f64-441f-a281-df67fc737124&i=aps&aref=qwdxKUM9Cs&ref_=sbx_s_sparkle_sbtcd_asin_2_bkgd&pd_rd_w=mJ8Dv&content-id=amzn1.sym.8de9b3d5-f5c5-40e9-9b39-d65f08d6ea68%3Aamzn1.sym.8de9b3d5-f5c5-40e9-9b39-d65f08d6ea68&pf_rd_p=8de9b3d5-f5c5-40e9-9b39-d65f08d6ea68&pf_rd_r=RXEKR4PCNEP02XSXM70C&pd_rd_wg=5Grrc&pd_rd_r=ee38cfcd-e119-4b9b-8364-29c1fdde9f5c,"https://m.media-amazon.com/images/I/71Ku9McB09L._AC_SR160,134_CB1169409_QL70_.jpg",62,排名靠前；价格处于人民币等值¥180.00-¥288.00区间；评分达到4.3以上。
2026-10-03,amazon_us,product,search,women summer slippers,19,Ultralight Soft Indoor Open Toe Cotton linen Slippers Absorb Sweat Cloth Bottom House Slippers,¥122.33,4.1,100+ bought in past month,,,,,,https://www.amazon.com/COCOMUSE-Ultralight-Indoor-Cotton-Slippers/dp/B0BVGCRR6R/ref=sr_1_11?dib=eyJ2IjoiMSJ9.xY0HMvNCXwtTQIOE4QTD3NRo22Dt7WlNtuucVfc8UyN6G3YKiRIsmqznMD0LvyeshrOL_mwuf8XzD9XgnVPcN8SRmBO0bGn1lH7sBLKWjm4hZfCJiXth3u_ZV-mqIh89m-OaKfN_HSXHfefzj_6uIwGyojjqHPGw4g4uBeujeX0TRpnwJO9vF1y64tmOQOiUXywE93SwtIKTZ_LgNIA9ymYX_NbtETMLswrHzjThlbFW8J2fcsztjaDTLtmc_RlfHctKhjoLgGQLFVeEN9Yx7HzPvSzQx4061st70b5Lmbc.1RlU4WyCUIWTN4BgOTOl-cay24bMOXj8Na6VA9jT9Dk&dib_tag=se&keywords=women+summer+slippers&qid=1791007348&sr=8-11,https://m.media-amazon.com/images/I/81KNq3E0H3L._AC_UL320_.jpg,62,排名进入前30；评论数达到50以上；价格处于人民币等值¥57.60-¥180.00黄金区间；标题包含 soft，符合美国女鞋舒适化趋势；评分达到4.0以上。
2026-10-03,amazon_us,product,search,women slides,1,"CUSHIONAIRE Logo 100% Genuine Leather Suede Slides for Women, Cushioned Cork Footbed Womens Sandals with Adjustable Buckles and Memory Foam CUSHIONAIRE Logo 100% Genuine Leather Suede Slide…",¥287.93,4.3,,,,,,,https://aax-us-east-retail-direct.amazon.com/x/c/JFpl-OWIO01YiW0W7CFJ2GgAAAGhAFtcwAEAAAH2AQBvbm9fdHhuX2JpZDIgICBvbm9fdHhuX2ltcDEgICD35r1U/clv1c_ek-wBIHXLcbUDqezUe5dG_s5q9kVvN962isiC5B7DoreMBvQ5-uj_z9MpuXolAxtdE95_pRnEXQTUnwRZh1-DDNMoVKGvwSAVAEMjugfJiMtCXJvO7a3vfy_Ie93vqIw0xYPfx7yLQHRGsHMPdPPtds6jsGJwnXrlfQwzn0txJ5L-focHOb1bleST7FzpfID7tB2z4zFfVycBeV-vU2c2EKbHoyvIPK6lqxktqNv0nyBikpdJhTR2Hb8i4eoNdXBzahWEmEWaFxUzV98nB_hMXk_O85xQNXpi8W10m7dtGztKRRoIRdLc_mXYpe1MHXi1em6V9Kno8MyBPDkNGMeGE5aYXm8Y7bVWXB8CZ7AvnvhMkrZJ3OH0CJhuuu8BvaQs_smomQVYUDTLMfYLBGeJTW-kZ6FHOC_ITi-2oOB6D7vtCO4g5_8XbOA6sexFFWdoCP5KSjnTbaL8FJiz3-a6s28QZLMvqGI8EZgtoqVvl1UgPNWRDW8hYIKBj2X9Tumzb-PpTvb3QNxGC9YkTOsq3EoOJAFFROsvhMsrmxo7PhczVIl2er7ox0ApD0AewKjaWxnHXxxkJDIOfZqfcw1DDOiHTSsDA88KEbbbYn1mWQNmkWwd1jGqQe8L3aceTJukbkK2LoD14saPPiKJ9i9AC_tReUCc10W6GYa__ETCIBk_FcNYmV-7Rxk7aIyp7bWI1WNOOOXMwBb7BgoK-F80k4-uVRTD-_W9hKaMS-gsn_uOD4uk1jhjxDwEJIeBHTXucAZWMvnvboMtNX6fJPd-PhspG2x9aqxbbkqUROHSC2a4SscK0x4xAUL5LayJgfQLfuyg55AF3sxrXX1K_7C1uUNMjd8oDy8Shg3qpLNFOj3LLYliV76VykoZgI7mM1H81y3ARc66561duIUN6jKtgxifGardeD4gsHGVgDU9Iw4w5fWYe4QiUbNnE_QOObxw45qlJyQvn8k42BFf8h_RLQbVOG_Q_2MzQIjcogKfyKebX1EkqkwCsuOD510bDB0khMuzyLOcwIpxg7zvoLONlkriPGeAJDoTBY1auSgzejq7kjTitt_uLUw0jyQSHjujcN4t4Ex1FVx-09opCDRuVUS7rBFIfzqi3uTKe5m52ZfwWUSEt7pzGwESYLiiLWMLJ8LnI8PfB8opva13Bcaktp84oxWKKOkfFCYwY0WTM-T3Jb99GKz0nZ6_vMBYWezfl32tEzIn2FE-4bryiFMXeI6B_OYw_O-4jp88ZPYpVtkH_FKIrDr1T4gW4riXyPbYTcWTB16GGeAnFjoNf35xWrsnC_gfT8ofUPXOMYDioiJLoS7a7kNEM7lIQxxyTD-5Gq5IOm0hnFR1nPFfYWP9-ZvYSTwZ5eIEru_nEWVpql9ngE8M9YcBHI2yadsmbiWOXwJTMekkdadgOjI_TmH1g_rmW_g7ni3cV9z16rzSb23gCR7EYfcvnBouOPW02dVgt3yTbVPI0jgZkhm6FE8Ae_JtQLRAh0jlGNmrz8pzqoVM_hrYMPJq6NRNV3Wg8bhMJkJeH0wZlLrkyZL5gG2XY074t2VR9ClhMWHgw0diRgl1jgzXhNDYjVtThqGvSuo4pwJFrMFc4m86xJKZmD8eeFceGHR_iszZmgYWNvyu-6X1OGFBPjXCpkaieozkQMQbd8MHDbCLk23wmbXxHyfe7mUxY8poVm6aX5uk2Ry7XfsevUhxnsJUuPJSxFo/https://www.amazon.com/gp/aw/d/B0GNTWXQ9S/?_encoding=UTF8&pd_rd_plhdr=t&aaxitk=d7b1c718cefca3ff714acb4a6363c837&hsa_cr_id=0&qid=1791007349&sr=1-1-9e67e56a-6f64-441f-a281-df67fc737124&i=aps&aref=n0TvdfasqZ&ref_=sbx_s_sparkle_sbtcd_asin_0_bkgd&pd_rd_w=Wcuc5&content-id=amzn1.sym.8de9b3d5-f5c5-40e9-9b39-d65f08d6ea68%3Aamzn1.sym.8de9b3d5-f5c5-40e9-9b39-d65f08d6ea68&pf_rd_p=8de9b3d5-f5c5-40e9-9b39-d65f08d6ea68&pf_rd_r=QSJVMQEDN28KC5N5YS9F&pd_rd_wg=xrWoR&pd_rd_r=54b70b3e-4487-4e10-835a-302c0d27ba60,"https://m.media-amazon.com/images/I/81qVbIiSTEL._AC_SR160,134_CB1169409_QL70_.jpg",62,排名靠前；价格处于人民币等值¥180.00-¥288.00区间；评分达到4.3以上。
2026-10-03,amazon_us,product,search,women slides,5,KIDMI,¥194.33,4.4,KIDMI,,,,,,https://www.amazon.com/KIDMI-Leather-Footbed-Sandals-Support/dp/B0BS6G9WG6/ref=sr_1_2?dib=eyJ2IjoiMSJ9._15A5a1ahvFQhpFGdv4ULe5ISCpT-qDImHOl_nO4JUk4x0xijIbmadlGqVZf6iI8uZ6FFxT_fGs1VgzZnEaMEVu5sgIxia5Ofzu8CJWs-iwBoFda-2pIwOeOmuCeSjULgx98hpsO0jwDCccwoazRakUQKVBjDpFkwb-eDEoJXHn5emi2HFSMCLh7xzrCNYw3JMCIg3CGFCNJvmVQVxm1fQd49U2eJPf09_bcwymCD8N8vXDgNazK0sKNdTZ4eyAezBBUhgm6tg-oh1wpqH3pAJoBcAKOOz9FR1sdGSApFMA.iBVg4vHkRGh1Sct-Azb2LiFXMfmOvLfedxJE1W3oiHc&dib_tag=se&keywords=women+slides&qid=1791007349&sr=8-2,https://m.media-amazon.com/images/I/81zCzavhSUL._AC_UL320_.jpg,62,排名靠前；价格处于人民币等值¥180.00-¥288.00区间；评分达到4.3以上。
2026-10-03,amazon_us,product,best_sellers,Best Sellers Women Sandals,9,mazeskin Womens Memory Foam Flip Flops Leather Flat Sandals | Vegan Leather Square Toe Cushion Summer Casual Comfortable Slim Thong Beach Slide Shoes Non Slip,,4.0,$9.99,,,,,,https://www.amazon.com/mazeskin-Womens-Memory-Leather-Sandals/dp/B0GRMZ5PFS/ref=zg_bs_g_679425011_d_sccl_9/137-7673390-5806847?psc=1,"https://images-na.ssl-images-amazon.com/images/I/717PAaaaLdL._AC_UL600_SR600,400_.jpg",61,排名靠前；标题包含 comfort、beach、summer，符合美国女鞋舒适化趋势；评分达到4.0以上。
2026-10-03,amazon_us,product,new_releases,New Releases Women Sandals,10,"CUSHIONAIRE Mona Slip-On Lightweight Womens Sandals, Comfortable Wedge Flip Flops for Women with Crossover Strap",,4.4,$49.99,,,,,,https://www.amazon.com/CUSHIONAIRE-Lightweight-Sandals-Comfortable-Crossover/dp/B0H9B25XYR/ref=zg_bsnr_g_679425011_d_sccl_10/140-1390172-0697403?psc=1,"https://images-na.ssl-images-amazon.com/images/I/710k2uicqiL._AC_UL600_SR600,400_.jpg",61,排名靠前；标题包含 comfort、wedge，符合美国女鞋舒适化趋势；评分达到4.3以上。
2026-10-03,amazon_us,product,search,women summer slippers,13,GOEWY,¥71.93,4.6,GOEWY,,,,,,https://www.amazon.com/GOEWY-Slippers-Outdoor-Slipper-Bridesmaid/dp/B0DT12FRRT/ref=sr_1_5?dib=eyJ2IjoiMSJ9.xY0HMvNCXwtTQIOE4QTD3NRo22Dt7WlNtuucVfc8UyN6G3YKiRIsmqznMD0LvyeshrOL_mwuf8XzD9XgnVPcN8SRmBO0bGn1lH7sBLKWjm4hZfCJiXth3u_ZV-mqIh89m-OaKfN_HSXHfefzj_6uIwGyojjqHPGw4g4uBeujeX0TRpnwJO9vF1y64tmOQOiUXywE93SwtIKTZ_LgNIA9ymYX_NbtETMLswrHzjThlbFW8J2fcsztjaDTLtmc_RlfHctKhjoLgGQLFVeEN9Yx7HzPvSzQx4061st70b5Lmbc.1RlU4WyCUIWTN4BgOTOl-cay24bMOXj8Na6VA9jT9Dk&dib_tag=se&keywords=women+summer+slippers&qid=1791007348&sr=8-5,https://m.media-amazon.com/images/I/612fmVMoiKL._AC_UL320_.jpg,60,排名进入前30；价格处于人民币等值¥57.60-¥180.00黄金区间；评分达到4.6以上。
2026-10-03,amazon_us,product,search,platform sandals women,39,Chunky Wedge Sandals for Women Black Platform Slides with Comfort Lycra Upper & Memory Foam Y2K Summer Sandals,¥215.93,3.7,"Price, product page $29.99 $ 29 . 99 List Price: $45.99 List Price: $45.99 $45.99",,,,,,https://www.amazon.com/Butevar-Chunky-Sandals-Platform-Comfort/dp/B0GTVLC3S4/ref=sr_1_30?dib=eyJ2IjoiMSJ9.EIJh1jY9ea3EISWsO86AbasBs3B0AFIH9_ItfRcYxWlPm9Swj9fm4tfipKAl83SypZURbe6h-BJ30M2zNzZlBV0pX2JQEqZQVQl7wAhvYX5pFRFV4kc8hjzJbQ09sC1Px1aiWX8lsgLfoNvc8eVSTtYLvwjJw0HW_ISndodek7bCoPxWbA__kFWFIItagU8sSEAhbRza7wN5t9sx5poFkupssl3pTitqlJTO3y_bmr8Rf-7wNasSyajhQdaCot1CCIRNMz7tAU8pwIREtK9ASdIusqgHKBs_99z9sypodt0.4ThtlaFMKnLZ--QAfCspo4Al74B6dHr-9Yc5gyTolOM&dib_tag=se&keywords=platform+sandals+women&qid=1791007349&sr=8-30,https://m.media-amazon.com/images/I/51A-uLn1Q7L._AC_UL320_.jpg,60,排名进入前50；价格处于人民币等值¥180.00-¥288.00区间；标题包含 platform、comfort、summer、wedge，符合美国女鞋舒适化趋势；platform + comfort组合趋势加分。
2026-10-03,amazon_us,product,best_sellers,Best Sellers Women Sandals,42,"shevalues Orthopedic Sandals for Women, Arch Support Recovery Flip Flops | Orthotic Pillow Soft Summer Beach Shoes, Comfortable for Plantar Fasciitis",,4.2,$16.18,,,,,,https://www.amazon.com/Orthotic-Pillow-Recovery-Sandals-Support/dp/B09LC836QG/ref=zg_bs_g_679425011_d_sccl_42/140-1390172-0697403?psc=1,"https://images-na.ssl-images-amazon.com/images/I/61qX-fKai7L._AC_UL300_SR300,200_.jpg",59,排名进入前50；标题包含 recovery、orthopedic、comfort、arch support、soft、beach、summer，符合美国女鞋舒适化趋势；orthopedic + arch support组合趋势加分；评分达到4.0以上。
2026-10-03,amazon_us,product,search,women summer slippers,16,Women's Open Toe House Slippers Breathable Waffle Fabric Memory Foam,¥71.93,4.2,200+ bought in past month,,,,,,https://www.amazon.com/Yoerpe-Womens-House-Slippers-Slip/dp/B0DRNTXHFS/ref=sr_1_8?dib=eyJ2IjoiMSJ9.xY0HMvNCXwtTQIOE4QTD3NRo22Dt7WlNtuucVfc8UyN6G3YKiRIsmqznMD0LvyeshrOL_mwuf8XzD9XgnVPcN8SRmBO0bGn1lH7sBLKWjm4hZfCJiXth3u_ZV-mqIh89m-OaKfN_HSXHfefzj_6uIwGyojjqHPGw4g4uBeujeX0TRpnwJO9vF1y64tmOQOiUXywE93SwtIKTZ_LgNIA9ymYX_NbtETMLswrHzjThlbFW8J2fcsztjaDTLtmc_RlfHctKhjoLgGQLFVeEN9Yx7HzPvSzQx4061st70b5Lmbc.1RlU4WyCUIWTN4BgOTOl-cay24bMOXj8Na6VA9jT9Dk&dib_tag=se&keywords=women+summer+slippers&qid=1791007348&sr=8-8,https://m.media-amazon.com/images/I/81fS3PsOVnL._AC_UL320_.jpg,59,排名进入前30；评论数达到50以上；价格处于人民币等值¥57.60-¥180.00黄金区间；评分达到4.0以上。
2026-10-03,amazon_us,product,search,platform sandals women,2,CUSHIONAIRE,¥287.93,4.0,Products highlighted as 'Overall Pick' are:,,,,,,https://www.amazon.com/CUSHIONAIRE-Womens-platform-sandal-Memory/dp/B09M96YX6M/ref=sr_1_1?dib=eyJ2IjoiMSJ9.EIJh1jY9ea3EISWsO86AbasBs3B0AFIH9_ItfRcYxWlPm9Swj9fm4tfipKAl83SypZURbe6h-BJ30M2zNzZlBV0pX2JQEqZQVQl7wAhvYX5pFRFV4kc8hjzJbQ09sC1Px1aiWX8lsgLfoNvc8eVSTtYLvwjJw0HW_ISndodek7bCoPxWbA__kFWFIItagU8sSEAhbRza7wN5t9sx5poFkupssl3pTitqlJTO3y_bmr8Rf-7wNasSyajhQdaCot1CCIRNMz7tAU8pwIREtK9ASdIusqgHKBs_99z9sypodt0.4ThtlaFMKnLZ--QAfCspo4Al74B6dHr-9Yc5gyTolOM&dib_tag=se&keywords=platform+sandals+women&qid=1791007349&sr=8-1,https://m.media-amazon.com/images/I/81v0nOOl2oL._AC_UL320_.jpg,59,排名靠前；价格处于人民币等值¥180.00-¥288.00区间；评分达到4.0以上。
2026-10-03,amazon_us,product,best_sellers,Best Sellers Women Sandals,1,"Ankis Heels for Women Open Toe Ankle Strap Chunky Heel Sandals 2.75 Inch | nude white gold black, adjustable ankle strap, Cushioned footbed, All-day comfort, for various occasions",,4.4,$24.29,,,,,,https://www.amazon.com/Ankis-Nude-Heels-Women-numeric_8/dp/B094CTB3TY/ref=zg_bs_g_679425011_d_sccl_1/137-7673390-5806847?psc=1,"https://images-na.ssl-images-amazon.com/images/I/71dUhT7TubL._AC_UL600_SR600,400_.jpg",58,排名靠前；标题包含 comfort，符合美国女鞋舒适化趋势；评分达到4.3以上。
2026-10-03,amazon_us,product,best_sellers,Best Sellers Women Sandals,7,PIZZ ANNU Women's Low Block Chunky Heels Sandals Comfortable Open Toe Ankle Strap Party Dress Pump Shoes Strappy Buckle Heeled Sandal with 2 Inches Tall Thick Heel Design,,4.3,$32.99,,,,,,https://www.amazon.com/PIZZ-ANNU-Sandals-Wedding-Glitter/dp/B0B465ZBH6/ref=zg_bs_g_679425011_d_sccl_7/137-7673390-5806847?psc=1,"https://images-na.ssl-images-amazon.com/images/I/71N1hjwzuWL._AC_UL600_SR600,400_.jpg",58,排名靠前；标题包含 comfort，符合美国女鞋舒适化趋势；评分达到4.3以上。
2026-10-03,amazon_us,product,new_releases,New Releases Women Sandals,4,"DREAM PAIRS Women's Kitten Strappy Heel Sandals | Slip On Heeled Sandals for Women, Open Toe Summer Sandals for Weddings, Parties, Work and Dressy Occasions",,4.7,$37.99,,,,,,https://www.amazon.com/DREAM-PAIRS-Womens-Strappy-Sandals/dp/B0H6J7K7JV/ref=zg_bsnr_g_679425011_d_sccl_4/140-1390172-0697403?psc=1,"https://images-na.ssl-images-amazon.com/images/I/615T5Gm9P5L._AC_UL600_SR600,400_.jpg",58,排名靠前；标题包含 summer，符合美国女鞋舒适化趋势；评分达到4.6以上。
2026-10-03,amazon_us,product,best_sellers,Best Sellers Women Sandals,21,KuaiLu Flip Flops for Women with Arch Support Summer Beach Thong Sandals | Comfortable Yoga Mat Cushion Walking Shoes Slip on Casual Outfits Faux Leather Indoor Outdoor,,4.2,$9.99,,,,,,https://www.amazon.com/KuaiLu-Support-Comfortable-Cushion-Walking/dp/B08GKGCH2R/ref=zg_bs_g_679425011_d_sccl_21/137-7673390-5806847?psc=1,"https://images-na.ssl-images-amazon.com/images/I/81-DUybjK+L._AC_UL600_SR600,400_.jpg",57,排名进入前30；标题包含 comfort、arch support、beach、summer，符合美国女鞋舒适化趋势；评分达到4.0以上。
2026-10-03,amazon_us,product,best_sellers,Best Sellers Women Sandals,23,"ODOLY Unisex Comfortable Cork Footbed Slide Sandals with Arch Support | Adjustable Buckle, Lightweight Summer Sandals for Travel and Everyday Wear",,4.5,$19.99,,,,,,https://www.amazon.com/ODOLY-Footbed-Comfortable-Sandals-Adjustable/dp/B0CSMN1X4W/ref=zg_bs_g_679425011_d_sccl_23/137-7673390-5806847?psc=1,"https://images-na.ssl-images-amazon.com/images/I/61iYsM+H9QL._AC_UL600_SR600,400_.jpg",57,排名进入前30；标题包含 comfort、arch support、summer，符合美国女鞋舒适化趋势；评分达到4.3以上。
2026-10-03,amazon_us,product,new_releases,New Releases Women Sandals,15,GETOEU Arch Support Flip Flops for Women Square Toe Thong Sandals Comfortable Summer Beach Lightweight Flip Flops,,4.1,$9.99,,,,,,https://www.amazon.com/GETOEU-Support-Sandals-Comfortable-Lightweight/dp/B0H33X2P5N/ref=zg_bsnr_g_679425011_d_sccl_15/140-1390172-0697403?psc=1,"https://images-na.ssl-images-amazon.com/images/I/812JKZIwOpL._AC_UL600_SR600,400_.jpg",57,排名进入前30；标题包含 comfort、arch support、beach、summer，符合美国女鞋舒适化趋势；评分达到4.0以上。
2026-10-03,amazon_us,product,new_releases,New Releases Women Sandals,30,"SUITSER Womens Comfortable Beach Sandals Waterproof Pool Eva Slides | Arch Support,Adjustable Double Buckles,Summer Walking Slides,Slip on,Non Slip,Lightweight,Shower Outdoor Shoes",,4.0,$9.99,,,,,,https://www.amazon.com/SUITSER-Womens-Comfortable-Sandals-Waterproof/dp/B0H14F4G37/ref=zg_bsnr_g_679425011_d_sccl_30/140-1390172-0697403?psc=1,"https://images-na.ssl-images-amazon.com/images/I/71IwB6FPJSL._AC_UL600_SR600,400_.jpg",57,排名进入前30；标题包含 comfort、arch support、beach、summer，符合美国女鞋舒适化趋势；评分达到4.0以上。
2026-10-03,amazon_us,product,search,women summer slippers,15,shevalues,¥100.73,4.3,shevalues,,,,,,https://www.amazon.com/Shevalues-Womens-Indoor-Slippers-Cotton/dp/B074HBC1BR/ref=sr_1_7?dib=eyJ2IjoiMSJ9.xY0HMvNCXwtTQIOE4QTD3NRo22Dt7WlNtuucVfc8UyN6G3YKiRIsmqznMD0LvyeshrOL_mwuf8XzD9XgnVPcN8SRmBO0bGn1lH7sBLKWjm4hZfCJiXth3u_ZV-mqIh89m-OaKfN_HSXHfefzj_6uIwGyojjqHPGw4g4uBeujeX0TRpnwJO9vF1y64tmOQOiUXywE93SwtIKTZ_LgNIA9ymYX_NbtETMLswrHzjThlbFW8J2fcsztjaDTLtmc_RlfHctKhjoLgGQLFVeEN9Yx7HzPvSzQx4061st70b5Lmbc.1RlU4WyCUIWTN4BgOTOl-cay24bMOXj8Na6VA9jT9Dk&dib_tag=se&keywords=women+summer+slippers&qid=1791007348&sr=8-7,https://m.media-amazon.com/images/I/71JYzlHXkPL._AC_UL320_.jpg,57,排名进入前30；价格处于人民币等值¥57.60-¥180.00黄金区间；评分达到4.3以上。
2026-10-03,amazon_us,product,search,women summer slippers,18,Evshine,¥93.53,4.4,Evshine,,,,,,https://www.amazon.com/Evshine-Summer-Slippers-Corduroy-Bedroom/dp/B0CSN39WDS/ref=sr_1_10?dib=eyJ2IjoiMSJ9.xY0HMvNCXwtTQIOE4QTD3NRo22Dt7WlNtuucVfc8UyN6G3YKiRIsmqznMD0LvyeshrOL_mwuf8XzD9XgnVPcN8SRmBO0bGn1lH7sBLKWjm4hZfCJiXth3u_ZV-mqIh89m-OaKfN_HSXHfefzj_6uIwGyojjqHPGw4g4uBeujeX0TRpnwJO9vF1y64tmOQOiUXywE93SwtIKTZ_LgNIA9ymYX_NbtETMLswrHzjThlbFW8J2fcsztjaDTLtmc_RlfHctKhjoLgGQLFVeEN9Yx7HzPvSzQx4061st70b5Lmbc.1RlU4WyCUIWTN4BgOTOl-cay24bMOXj8Na6VA9jT9Dk&dib_tag=se&keywords=women+summer+slippers&qid=1791007348&sr=8-10,https://m.media-amazon.com/images/I/71SaoMUrpoL._AC_UL320_.jpg,57,排名进入前30；价格处于人民币等值¥57.60-¥180.00黄金区间；评分达到4.3以上。
2026-10-03,amazon_us,product,search,women summer slippers,20,ULTRAIDEAS,¥122.33,4.5,ULTRAIDEAS,,,,,,https://www.amazon.com/ULTRAIDEAS-Slippers-Bowknot-Outdoor-Anti-Skid/dp/B07MZ3H6MN/ref=sr_1_12?dib=eyJ2IjoiMSJ9.xY0HMvNCXwtTQIOE4QTD3NRo22Dt7WlNtuucVfc8UyN6G3YKiRIsmqznMD0LvyeshrOL_mwuf8XzD9XgnVPcN8SRmBO0bGn1lH7sBLKWjm4hZfCJiXth3u_ZV-mqIh89m-OaKfN_HSXHfefzj_6uIwGyojjqHPGw4g4uBeujeX0TRpnwJO9vF1y64tmOQOiUXywE93SwtIKTZ_LgNIA9ymYX_NbtETMLswrHzjThlbFW8J2fcsztjaDTLtmc_RlfHctKhjoLgGQLFVeEN9Yx7HzPvSzQx4061st70b5Lmbc.1RlU4WyCUIWTN4BgOTOl-cay24bMOXj8Na6VA9jT9Dk&dib_tag=se&keywords=women+summer+slippers&qid=1791007348&sr=8-12,https://m.media-amazon.com/images/I/71cvxwhDe7L._AC_UL320_.jpg,57,排名进入前30；价格处于人民币等值¥57.60-¥180.00黄金区间；评分达到4.3以上。
2026-10-03,amazon_us,product,search,women summer slippers,21,IPSAE,¥71.93,4.4,IPSAE,,,,,,https://www.amazon.com/IPSAE-Slippers-Corduroy-Slipper-Bedroom/dp/B0DB4W73J3/ref=sr_1_13?dib=eyJ2IjoiMSJ9.xY0HMvNCXwtTQIOE4QTD3NRo22Dt7WlNtuucVfc8UyN6G3YKiRIsmqznMD0LvyeshrOL_mwuf8XzD9XgnVPcN8SRmBO0bGn1lH7sBLKWjm4hZfCJiXth3u_ZV-mqIh89m-OaKfN_HSXHfefzj_6uIwGyojjqHPGw4g4uBeujeX0TRpnwJO9vF1y64tmOQOiUXywE93SwtIKTZ_LgNIA9ymYX_NbtETMLswrHzjThlbFW8J2fcsztjaDTLtmc_RlfHctKhjoLgGQLFVeEN9Yx7HzPvSzQx4061st70b5Lmbc.1RlU4WyCUIWTN4BgOTOl-cay24bMOXj8Na6VA9jT9Dk&dib_tag=se&keywords=women+summer+slippers&qid=1791007348&sr=8-13,https://m.media-amazon.com/images/I/71GcxKVQLUL._AC_UL320_.jpg,57,排名进入前30；价格处于人民币等值¥57.60-¥180.00黄金区间；评分达到4.3以上。
2026-10-03,amazon_us,product,search,women summer slippers,23,LongBay,¥158.33,4.5,LongBay,,,,,,https://www.amazon.com/LongBay-Slippers-Memory-Bedroom-Dual-Strap/dp/B0DP277YRM/ref=sr_1_15?dib=eyJ2IjoiMSJ9.xY0HMvNCXwtTQIOE4QTD3NRo22Dt7WlNtuucVfc8UyN6G3YKiRIsmqznMD0LvyeshrOL_mwuf8XzD9XgnVPcN8SRmBO0bGn1lH7sBLKWjm4hZfCJiXth3u_ZV-mqIh89m-OaKfN_HSXHfefzj_6uIwGyojjqHPGw4g4uBeujeX0TRpnwJO9vF1y64tmOQOiUXywE93SwtIKTZ_LgNIA9ymYX_NbtETMLswrHzjThlbFW8J2fcsztjaDTLtmc_RlfHctKhjoLgGQLFVeEN9Yx7HzPvSzQx4061st70b5Lmbc.1RlU4WyCUIWTN4BgOTOl-cay24bMOXj8Na6VA9jT9Dk&dib_tag=se&keywords=women+summer+slippers&qid=1791007348&sr=8-15,https://m.media-amazon.com/images/I/71BlGXBbl-L._AC_UL320_.jpg,57,排名进入前30；价格处于人民币等值¥57.60-¥180.00黄金区间；评分达到4.3以上。
2026-10-03,amazon_us,product,search,women summer slippers,25,EverFoams,¥136.58,4.4,EverFoams,,,,,,https://www.amazon.com/EverFoams-Womens-Slippers-Memory-Outdoor/dp/B0CLGNYKFR/ref=sr_1_17?dib=eyJ2IjoiMSJ9.xY0HMvNCXwtTQIOE4QTD3NRo22Dt7WlNtuucVfc8UyN6G3YKiRIsmqznMD0LvyeshrOL_mwuf8XzD9XgnVPcN8SRmBO0bGn1lH7sBLKWjm4hZfCJiXth3u_ZV-mqIh89m-OaKfN_HSXHfefzj_6uIwGyojjqHPGw4g4uBeujeX0TRpnwJO9vF1y64tmOQOiUXywE93SwtIKTZ_LgNIA9ymYX_NbtETMLswrHzjThlbFW8J2fcsztjaDTLtmc_RlfHctKhjoLgGQLFVeEN9Yx7HzPvSzQx4061st70b5Lmbc.1RlU4WyCUIWTN4BgOTOl-cay24bMOXj8Na6VA9jT9Dk&dib_tag=se&keywords=women+summer+slippers&qid=1791007348&sr=8-17,https://m.media-amazon.com/images/I/81rGYT3pkaL._AC_UL320_.jpg,57,排名进入前30；价格处于人民币等值¥57.60-¥180.00黄金区间；评分达到4.3以上。
2026-10-03,amazon_us,product,search,women summer slippers,26,Litfun,¥136.73,4.3,Litfun,,,,,,https://www.amazon.com/Litfun-Orthopedic-Slippers-Support-Corduroy/dp/B0FH4NQLCJ/ref=sr_1_18?dib=eyJ2IjoiMSJ9.xY0HMvNCXwtTQIOE4QTD3NRo22Dt7WlNtuucVfc8UyN6G3YKiRIsmqznMD0LvyeshrOL_mwuf8XzD9XgnVPcN8SRmBO0bGn1lH7sBLKWjm4hZfCJiXth3u_ZV-mqIh89m-OaKfN_HSXHfefzj_6uIwGyojjqHPGw4g4uBeujeX0TRpnwJO9vF1y64tmOQOiUXywE93SwtIKTZ_LgNIA9ymYX_NbtETMLswrHzjThlbFW8J2fcsztjaDTLtmc_RlfHctKhjoLgGQLFVeEN9Yx7HzPvSzQx4061st70b5Lmbc.1RlU4WyCUIWTN4BgOTOl-cay24bMOXj8Na6VA9jT9Dk&dib_tag=se&keywords=women+summer+slippers&qid=1791007348&sr=8-18,https://m.media-amazon.com/images/I/71YnbijMiKL._AC_UL320_.jpg,57,排名进入前30；价格处于人民币等值¥57.60-¥180.00黄金区间；评分达到4.3以上。
2026-10-03,amazon_us,product,search,women summer slippers,27,VeraCosy,¥104.40,4.5,VeraCosy,,,,,,https://www.amazon.com/VeraCosy-Two-Tone-Slippers-Non-slip-Evening/dp/B0DCVZ52Y5/ref=sr_1_19?dib=eyJ2IjoiMSJ9.xY0HMvNCXwtTQIOE4QTD3NRo22Dt7WlNtuucVfc8UyN6G3YKiRIsmqznMD0LvyeshrOL_mwuf8XzD9XgnVPcN8SRmBO0bGn1lH7sBLKWjm4hZfCJiXth3u_ZV-mqIh89m-OaKfN_HSXHfefzj_6uIwGyojjqHPGw4g4uBeujeX0TRpnwJO9vF1y64tmOQOiUXywE93SwtIKTZ_LgNIA9ymYX_NbtETMLswrHzjThlbFW8J2fcsztjaDTLtmc_RlfHctKhjoLgGQLFVeEN9Yx7HzPvSzQx4061st70b5Lmbc.1RlU4WyCUIWTN4BgOTOl-cay24bMOXj8Na6VA9jT9Dk&dib_tag=se&keywords=women+summer+slippers&qid=1791007348&sr=8-19,https://m.media-amazon.com/images/I/81RJZ2gB8sL._AC_UL320_.jpg,57,排名进入前30；价格处于人民币等值¥57.60-¥180.00黄金区间；评分达到4.3以上。
2026-10-03,amazon_us,product,search,women summer slippers,36,Womens Comfortable Slides Sandals: Lightweight Soft Cushioned Slip On Flat Sandals - Dressy Summer Shoes for Casual Walking Travel,¥70.49,4.6,"Price, product page $9.79 $ 9 . 79 Typical: $13.99 Typical: $13.99 $13.99",,,,,,https://www.amazon.com/Diarilip-Womens-Comfortable-Slides-Sandals/dp/B0GZN9H21P/ref=sr_1_28?dib=eyJ2IjoiMSJ9.xY0HMvNCXwtTQIOE4QTD3NRo22Dt7WlNtuucVfc8UyN6G3YKiRIsmqznMD0LvyeshrOL_mwuf8XzD9XgnVPcN8SRmBO0bGn1lH7sBLKWjm4hZfCJiXth3u_ZV-mqIh89m-OaKfN_HSXHfefzj_6uIwGyojjqHPGw4g4uBeujeX0TRpnwJO9vF1y64tmOQOiUXywE93SwtIKTZ_LgNIA9ymYX_NbtETMLswrHzjThlbFW8J2fcsztjaDTLtmc_RlfHctKhjoLgGQLFVeEN9Yx7HzPvSzQx4061st70b5Lmbc.1RlU4WyCUIWTN4BgOTOl-cay24bMOXj8Na6VA9jT9Dk&dib_tag=se&keywords=women+summer+slippers&qid=1791007348&sr=8-28,https://m.media-amazon.com/images/I/81PtNHs+1kL._AC_UL320_.jpg,57,排名进入前50；价格处于人民币等值¥57.60-¥180.00黄金区间；标题包含 comfort、soft、summer，符合美国女鞋舒适化趋势；评分达到4.6以上。
2026-10-03,amazon_us,product,search,women slides,19,adidas,¥162.00,4.5,adidas,,,,,,https://www.amazon.com/adidas-Womens-Adilette-Slides-Sandal/dp/B0921XTJQ7/ref=sr_1_6?dib=eyJ2IjoiMSJ9._15A5a1ahvFQhpFGdv4ULe5ISCpT-qDImHOl_nO4JUk4x0xijIbmadlGqVZf6iI8uZ6FFxT_fGs1VgzZnEaMEVu5sgIxia5Ofzu8CJWs-iwBoFda-2pIwOeOmuCeSjULgx98hpsO0jwDCccwoazRakUQKVBjDpFkwb-eDEoJXHn5emi2HFSMCLh7xzrCNYw3JMCIg3CGFCNJvmVQVxm1fQd49U2eJPf09_bcwymCD8N8vXDgNazK0sKNdTZ4eyAezBBUhgm6tg-oh1wpqH3pAJoBcAKOOz9FR1sdGSApFMA.iBVg4vHkRGh1Sct-Azb2LiFXMfmOvLfedxJE1W3oiHc&dib_tag=se&keywords=women+slides&qid=1791007349&sr=8-6,https://m.media-amazon.com/images/I/31UIFbdKeTL._AC_UL320_.jpg,57,排名进入前30；价格处于人民币等值¥57.60-¥180.00黄金区间；评分达到4.3以上。
2026-10-03,amazon_us,product,search,women slides,24,Calvin Klein,¥170.57,4.5,Calvin Klein,,,,,,https://www.amazon.com/Calvin-Klein-Womens-Athens-Sandal/dp/B0CQRSPTDJ/ref=sr_1_11?dib=eyJ2IjoiMSJ9._15A5a1ahvFQhpFGdv4ULe5ISCpT-qDImHOl_nO4JUk4x0xijIbmadlGqVZf6iI8uZ6FFxT_fGs1VgzZnEaMEVu5sgIxia5Ofzu8CJWs-iwBoFda-2pIwOeOmuCeSjULgx98hpsO0jwDCccwoazRakUQKVBjDpFkwb-eDEoJXHn5emi2HFSMCLh7xzrCNYw3JMCIg3CGFCNJvmVQVxm1fQd49U2eJPf09_bcwymCD8N8vXDgNazK0sKNdTZ4eyAezBBUhgm6tg-oh1wpqH3pAJoBcAKOOz9FR1sdGSApFMA.iBVg4vHkRGh1Sct-Azb2LiFXMfmOvLfedxJE1W3oiHc&dib_tag=se&keywords=women+slides&qid=1791007349&sr=8-11,https://m.media-amazon.com/images/I/61TQsy18fPL._AC_UL320_.jpg,57,排名进入前30；价格处于人民币等值¥57.60-¥180.00黄金区间；评分达到4.3以上。
2026-10-03,amazon_us,product,search,women slides,26,Weweya,¥71.93,4.4,Weweya,,,,,,https://www.amazon.com/Weweya-Shower-Non-Slip-Outdoor-Sandals/dp/B0F1XTPHY8/ref=sr_1_13?dib=eyJ2IjoiMSJ9._15A5a1ahvFQhpFGdv4ULe5ISCpT-qDImHOl_nO4JUk4x0xijIbmadlGqVZf6iI8uZ6FFxT_fGs1VgzZnEaMEVu5sgIxia5Ofzu8CJWs-iwBoFda-2pIwOeOmuCeSjULgx98hpsO0jwDCccwoazRakUQKVBjDpFkwb-eDEoJXHn5emi2HFSMCLh7xzrCNYw3JMCIg3CGFCNJvmVQVxm1fQd49U2eJPf09_bcwymCD8N8vXDgNazK0sKNdTZ4eyAezBBUhgm6tg-oh1wpqH3pAJoBcAKOOz9FR1sdGSApFMA.iBVg4vHkRGh1Sct-Azb2LiFXMfmOvLfedxJE1W3oiHc&dib_tag=se&keywords=women+slides&qid=1791007349&sr=8-13,https://m.media-amazon.com/images/I/61QGXLFgg+L._AC_UL320_.jpg,57,排名进入前30；价格处于人民币等值¥57.60-¥180.00黄金区间；评分达到4.3以上。
2026-10-03,amazon_us,product,search,platform sandals women,23,Project Cloud,¥287.28,4.2,Project Cloud,,,,,,https://www.amazon.com/Project-Cloud-Platform-Sandals-Women/dp/B0FTTJXGPG/ref=sr_1_14?dib=eyJ2IjoiMSJ9.EIJh1jY9ea3EISWsO86AbasBs3B0AFIH9_ItfRcYxWlPm9Swj9fm4tfipKAl83SypZURbe6h-BJ30M2zNzZlBV0pX2JQEqZQVQl7wAhvYX5pFRFV4kc8hjzJbQ09sC1Px1aiWX8lsgLfoNvc8eVSTtYLvwjJw0HW_ISndodek7bCoPxWbA__kFWFIItagU8sSEAhbRza7wN5t9sx5poFkupssl3pTitqlJTO3y_bmr8Rf-7wNasSyajhQdaCot1CCIRNMz7tAU8pwIREtK9ASdIusqgHKBs_99z9sypodt0.4ThtlaFMKnLZ--QAfCspo4Al74B6dHr-9Yc5gyTolOM&dib_tag=se&keywords=platform+sandals+women&qid=1791007349&sr=8-14,https://m.media-amazon.com/images/I/71J636VmPQL._AC_UL320_.jpg,57,排名进入前30；价格处于人民币等值¥180.00-¥288.00区间；标题包含 cloud，符合美国女鞋舒适化趋势；评分达到4.0以上。
2026-10-03,amazon_us,product,search,platform sandals women,29,TIKVAW,¥122.33,4.3,TIKVAW,,,,,,https://www.amazon.com/TIKVAW-Support-Platform-Sandals-Adjustable/dp/B0C8TVJF3P/ref=sr_1_20?dib=eyJ2IjoiMSJ9.EIJh1jY9ea3EISWsO86AbasBs3B0AFIH9_ItfRcYxWlPm9Swj9fm4tfipKAl83SypZURbe6h-BJ30M2zNzZlBV0pX2JQEqZQVQl7wAhvYX5pFRFV4kc8hjzJbQ09sC1Px1aiWX8lsgLfoNvc8eVSTtYLvwjJw0HW_ISndodek7bCoPxWbA__kFWFIItagU8sSEAhbRza7wN5t9sx5poFkupssl3pTitqlJTO3y_bmr8Rf-7wNasSyajhQdaCot1CCIRNMz7tAU8pwIREtK9ASdIusqgHKBs_99z9sypodt0.4ThtlaFMKnLZ--QAfCspo4Al74B6dHr-9Yc5gyTolOM&dib_tag=se&keywords=platform+sandals+women&qid=1791007349&sr=8-20,https://m.media-amazon.com/images/I/71mwMI75T8L._AC_UL320_.jpg,57,排名进入前30；价格处于人民币等值¥57.60-¥180.00黄金区间；评分达到4.3以上。
2026-10-03,amazon_us,product,best_sellers,Best Sellers Women Sandals,6,"DREAM PAIRS Women's Comfort Block Heel Sandals | Open Toe Adjustable Ankle Strap Chunky Dress Heels, Fashion Heeled Sandals for Prom, Wedding Guest and Formal Events",,4.2,$29.99,,,,,,https://www.amazon.com/DREAM-PAIRS-Womens-Chunk-Sandals/dp/B071CTLNBL/ref=zg_bs_g_679425011_d_sccl_6/137-7673390-5806847?psc=1,"https://images-na.ssl-images-amazon.com/images/I/61mjdmlQ3bL._AC_UL600_SR600,400_.jpg",55,排名靠前；标题包含 comfort，符合美国女鞋舒适化趋势；评分达到4.0以上。
2026-10-03,amazon_us,product,best_sellers,Best Sellers Women Sandals,8,"Ankis Women Nude White Gold Black Sandals Open Toe 1 Inch Low Block Heel | 1-inch short heel, adjustable ankle strap, 5mm latex cushioned insole, comfortable walking, for wedding, dressy, formal event",,4.2,$34.99,,,,,,https://www.amazon.com/Ankis-Sandals-Comfortable-Adjustable-Available/dp/B0BPL95VFW/ref=zg_bs_g_679425011_d_sccl_8/137-7673390-5806847?psc=1,"https://images-na.ssl-images-amazon.com/images/I/51EOkpMrmNL._AC_UL600_SR600,400_.jpg",55,排名靠前；标题包含 comfort，符合美国女鞋舒适化趋势；评分达到4.0以上。
2026-10-03,amazon_us,product,best_sellers,Best Sellers Women Sandals,22,OOFOS OOriginal Recovery Sandal - Women’s and Men’s,,4.5,$59.95,,,,,,https://www.amazon.com/OOFOS-Unisex-Original-Thong-Black/dp/B00IA4XCU8/ref=zg_bs_g_679425011_d_sccl_22/137-7673390-5806847?psc=1,"https://images-na.ssl-images-amazon.com/images/I/51qiZpHX64L._AC_UL600_SR600,400_.jpg",55,排名进入前30；评论数达到50以上；标题包含 recovery，符合美国女鞋舒适化趋势；评分达到4.3以上。
2026-10-03,amazon_us,product,new_releases,New Releases Women Sandals,3,"DREAM PAIRS Women's Stiletto Kitten Heeled Sandals | Pointed Open Toe Chunky Block Heels, Heeled Sandals Wedding Bridal Party, 3.78-inch stiletto heel Comfortable Shoes",,4.0,$38.99,,,,,,https://www.amazon.com/DREAM-PAIRS-Womens-Stiletto-Sandals/dp/B0H2TRRXXQ/ref=zg_bsnr_g_679425011_d_sccl_3/140-1390172-0697403?psc=1,"https://images-na.ssl-images-amazon.com/images/I/615-nQIWeVL._AC_UL600_SR600,400_.jpg",55,排名靠前；标题包含 comfort，符合美国女鞋舒适化趋势；评分达到4.0以上。
2026-10-03,amazon_us,product,new_releases,New Releases Women Sandals,6,"mazeskin Womens Jelly Flats Lattice Ballet Sandals Shoes | Summer Water-Friendly,Pointed Toe Breathable,Lightweight Flexible Woven,Beach Vacation Travel Pool",,4.1,$13.99,,,,,,https://www.amazon.com/mazeskin-Womens-Lattice-Ballet-Sandals/dp/B0H8Y24RR6/ref=zg_bsnr_g_679425011_d_sccl_6/140-1390172-0697403?psc=1,"https://images-na.ssl-images-amazon.com/images/I/71ixO5QqFYL._AC_UL600_SR600,400_.jpg",55,排名靠前；标题包含 beach、summer，符合美国女鞋舒适化趋势；评分达到4.0以上。
2026-10-03,amazon_us,product,new_releases,New Releases Women Sandals,7,"Ankis Women Kitten Heel Sandals Strappy Low Heels for Wedding Party Prom | Comfortable 2.5 Inch Cross Strappy Heels, Square Toe, Adjustable Ankle Strap,Anti-Slip Sole, Gold Silver Black Available",,4.2,$39.99,,,,,,https://www.amazon.com/Ankis-Kitten-Sandals-Strappy-Wedding/dp/B0GX1QFDTN/ref=zg_bsnr_g_679425011_d_sccl_7/140-1390172-0697403?psc=1,"https://images-na.ssl-images-amazon.com/images/I/61tvlj6BO3L._AC_UL600_SR600,400_.jpg",55,排名靠前；标题包含 comfort，符合美国女鞋舒适化趋势；评分达到4.0以上。
2026-10-03,amazon_us,product,new_releases,New Releases Women Sandals,9,"DREAM PAIRS Women's Kitten Low Heel Ankle Strap Sandals | 2.72 Inch,Comfortable Fashion Open Toe Sandals,4mm Cushioning,Suitable for Casual Daily Formal Wedding Prom Party Date Night",,4.1,$35.99,,,,,,https://www.amazon.com/DREAM-PAIRS-Womens-Kitten-Sandals/dp/B0H6HDM5CS/ref=zg_bsnr_g_679425011_d_sccl_9/140-1390172-0697403?psc=1,"https://images-na.ssl-images-amazon.com/images/I/61NrjaXcDIL._AC_UL600_SR600,400_.jpg",55,排名靠前；标题包含 comfort，符合美国女鞋舒适化趋势；评分达到4.0以上。
2026-10-03,amazon_us,product,search,women slides,47,Arch Support Slides for Women and Men Recovery House Sandals for Men Soft and Comfortable Summer Beach Shoes Slippers Women,¥71.93,3.8,"Price, product page $9.99 $ 9 . 99",,,,,,https://www.amazon.com/SKETOE-Support-Recovery-Comfortable-Slippers/dp/B0GLF1516G/ref=sr_1_34?dib=eyJ2IjoiMSJ9._15A5a1ahvFQhpFGdv4ULe5ISCpT-qDImHOl_nO4JUk4x0xijIbmadlGqVZf6iI8uZ6FFxT_fGs1VgzZnEaMEVu5sgIxia5Ofzu8CJWs-iwBoFda-2pIwOeOmuCeSjULgx98hpsO0jwDCccwoazRakUQKVBjDpFkwb-eDEoJXHn5emi2HFSMCLh7xzrCNYw3JMCIg3CGFCNJvmVQVxm1fQd49U2eJPf09_bcwymCD8N8vXDgNazK0sKNdTZ4eyAezBBUhgm6tg-oh1wpqH3pAJoBcAKOOz9FR1sdGSApFMA.iBVg4vHkRGh1Sct-Azb2LiFXMfmOvLfedxJE1W3oiHc&dib_tag=se&keywords=women+slides&qid=1791007349&sr=8-34,https://m.media-amazon.com/images/I/81ECHpu6ZvL._AC_UL320_.jpg,55,排名进入前50；价格处于人民币等值¥57.60-¥180.00黄金区间；标题包含 recovery、comfort、arch support、soft、beach、summer，符合美国女鞋舒适化趋势。
2026-10-03,amazon_us,product,search,platform sandals women,3,Crocs,¥359.64,4.5,Crocs,,,,,,https://www.amazon.com/Crocs-Womens-Brooklyn-Cashew-Medium/dp/B0FKTRTGWW/ref=sr_1_2?dib=eyJ2IjoiMSJ9.EIJh1jY9ea3EISWsO86AbasBs3B0AFIH9_ItfRcYxWlPm9Swj9fm4tfipKAl83SypZURbe6h-BJ30M2zNzZlBV0pX2JQEqZQVQl7wAhvYX5pFRFV4kc8hjzJbQ09sC1Px1aiWX8lsgLfoNvc8eVSTtYLvwjJw0HW_ISndodek7bCoPxWbA__kFWFIItagU8sSEAhbRza7wN5t9sx5poFkupssl3pTitqlJTO3y_bmr8Rf-7wNasSyajhQdaCot1CCIRNMz7tAU8pwIREtK9ASdIusqgHKBs_99z9sypodt0.4ThtlaFMKnLZ--QAfCspo4Al74B6dHr-9Yc5gyTolOM&dib_tag=se&keywords=platform+sandals+women&qid=1791007349&sr=8-2,https://m.media-amazon.com/images/I/71q74-BOFGL._AC_UL320_.jpg,55,排名靠前；价格高于人民币等值¥288.00；评分达到4.3以上。
2026-10-03,amazon_us,product,best_sellers,Best Sellers Women Sandals,15,"Archies Arch Support Flip Flops for Men & Women – Orthotic Sandals for Plantar Fasciitis Relief – Lightweight, Cushioning, Shock-Absorbing Thong Sandals for Walking, Foot Pain & All-Day Comfort",,4.3,$40.00,,,,,,https://www.amazon.com/Archies-Womens-Arch-Support-Black/dp/B086SYFKLP/ref=zg_bs_g_679425011_d_sccl_15/137-7673390-5806847?psc=1,"https://images-na.ssl-images-amazon.com/images/I/81xintmVcHL._AC_UL600_SR600,400_.jpg",54,排名进入前30；标题包含 comfort、arch support，符合美国女鞋舒适化趋势；评分达到4.3以上。
2026-10-03,amazon_us,product,new_releases,New Releases Women Sandals,20,"CUSHIONAIRE Laz 100% Genuine Leather Cork Footbed Slide Sandals for Women | Slip On Cork Footbed Summer Sandals, Adjustable Buckle Straps, Open Toe Womens Sandals with Arch Support, Two Strap Sandals,",,4.6,$39.98,,,,,,https://www.amazon.com/CUSHIONAIRE-Genuine-Leather-Footbed-Sandals/dp/B0H8FCQ4WK/ref=zg_bsnr_g_679425011_d_sccl_20/140-1390172-0697403?psc=1,"https://images-na.ssl-images-amazon.com/images/I/81HsdE2YeKL._AC_UL600_SR600,400_.jpg",54,排名进入前30；标题包含 arch support、summer，符合美国女鞋舒适化趋势；评分达到4.6以上。
2026-10-03,amazon_us,product,new_releases,New Releases Women Sandals,45,IDIFU Women's Platform Sparkly Rhinestone High Stiletto Strappy Heels | 3 Inch Open Toe Dress Shoes for Women Comfortable Wedding Bridal Bridesmaid Prom Cute Stylish Ankle Strap Heeled Sandals,,4.7,$36.99,,,,,,https://www.amazon.com/IDIFU-Rhinestone-Sparkly-Platform-Stiletto/dp/B0H2HNX58N/ref=zg_bsnr_g_679425011_d_sccl_45/140-1390172-0697403?psc=1,"https://images-na.ssl-images-amazon.com/images/I/719vd25UZsL._AC_UL300_SR300,200_.jpg",54,排名进入前50；标题包含 platform、comfort，符合美国女鞋舒适化趋势；platform + comfort组合趋势加分；评分达到4.6以上。
2026-10-03,amazon_us,product,search,women summer slippers,14,Dearfoams,¥115.13,4.2,Dearfoams,,,,,,https://www.amazon.com/Dearfoam-Womens-Beatrice-Microfiber-Quilted/dp/B01MR5FQXU/ref=sr_1_6?dib=eyJ2IjoiMSJ9.xY0HMvNCXwtTQIOE4QTD3NRo22Dt7WlNtuucVfc8UyN6G3YKiRIsmqznMD0LvyeshrOL_mwuf8XzD9XgnVPcN8SRmBO0bGn1lH7sBLKWjm4hZfCJiXth3u_ZV-mqIh89m-OaKfN_HSXHfefzj_6uIwGyojjqHPGw4g4uBeujeX0TRpnwJO9vF1y64tmOQOiUXywE93SwtIKTZ_LgNIA9ymYX_NbtETMLswrHzjThlbFW8J2fcsztjaDTLtmc_RlfHctKhjoLgGQLFVeEN9Yx7HzPvSzQx4061st70b5Lmbc.1RlU4WyCUIWTN4BgOTOl-cay24bMOXj8Na6VA9jT9Dk&dib_tag=se&keywords=women+summer+slippers&qid=1791007348&sr=8-6,https://m.media-amazon.com/images/I/61YDnLJiKCL._AC_UL320_.jpg,54,排名进入前30；价格处于人民币等值¥57.60-¥180.00黄金区间；评分达到4.0以上。
2026-10-03,amazon_us,product,search,women summer slippers,29,KuaiLu,¥71.93,4.2,KuaiLu,,,,,,https://www.amazon.com/KuaiLu-Support-Comfortable-Cushion-Walking/dp/B08GKGCH2R/ref=sr_1_21?dib=eyJ2IjoiMSJ9.xY0HMvNCXwtTQIOE4QTD3NRo22Dt7WlNtuucVfc8UyN6G3YKiRIsmqznMD0LvyeshrOL_mwuf8XzD9XgnVPcN8SRmBO0bGn1lH7sBLKWjm4hZfCJiXth3u_ZV-mqIh89m-OaKfN_HSXHfefzj_6uIwGyojjqHPGw4g4uBeujeX0TRpnwJO9vF1y64tmOQOiUXywE93SwtIKTZ_LgNIA9ymYX_NbtETMLswrHzjThlbFW8J2fcsztjaDTLtmc_RlfHctKhjoLgGQLFVeEN9Yx7HzPvSzQx4061st70b5Lmbc.1RlU4WyCUIWTN4BgOTOl-cay24bMOXj8Na6VA9jT9Dk&dib_tag=se&keywords=women+summer+slippers&qid=1791007348&sr=8-21,https://m.media-amazon.com/images/I/81-DUybjK+L._AC_UL320_.jpg,54,排名进入前30；价格处于人民币等值¥57.60-¥180.00黄金区间；评分达到4.0以上。
2026-10-03,amazon_us,product,search,women summer slippers,30,shevalues,¥151.13,4.2,shevalues,,,,,,https://www.amazon.com/Orthotic-Pillow-Recovery-Sandals-Support/dp/B09LC836QG/ref=sr_1_22?dib=eyJ2IjoiMSJ9.xY0HMvNCXwtTQIOE4QTD3NRo22Dt7WlNtuucVfc8UyN6G3YKiRIsmqznMD0LvyeshrOL_mwuf8XzD9XgnVPcN8SRmBO0bGn1lH7sBLKWjm4hZfCJiXth3u_ZV-mqIh89m-OaKfN_HSXHfefzj_6uIwGyojjqHPGw4g4uBeujeX0TRpnwJO9vF1y64tmOQOiUXywE93SwtIKTZ_LgNIA9ymYX_NbtETMLswrHzjThlbFW8J2fcsztjaDTLtmc_RlfHctKhjoLgGQLFVeEN9Yx7HzPvSzQx4061st70b5Lmbc.1RlU4WyCUIWTN4BgOTOl-cay24bMOXj8Na6VA9jT9Dk&dib_tag=se&keywords=women+summer+slippers&qid=1791007348&sr=8-22,https://m.media-amazon.com/images/I/61qX-fKai7L._AC_UL320_.jpg,54,排名进入前30；价格处于人民币等值¥57.60-¥180.00黄金区间；评分达到4.0以上。
2026-10-03,amazon_us,product,search,women slides,21,Leevar,¥86.11,4.2,Leevar,,,,,,https://www.amazon.com/Leevar-Slippers-Non-slip-Swimming-Footwear/dp/B09YCLK5DG/ref=sr_1_8?dib=eyJ2IjoiMSJ9._15A5a1ahvFQhpFGdv4ULe5ISCpT-qDImHOl_nO4JUk4x0xijIbmadlGqVZf6iI8uZ6FFxT_fGs1VgzZnEaMEVu5sgIxia5Ofzu8CJWs-iwBoFda-2pIwOeOmuCeSjULgx98hpsO0jwDCccwoazRakUQKVBjDpFkwb-eDEoJXHn5emi2HFSMCLh7xzrCNYw3JMCIg3CGFCNJvmVQVxm1fQd49U2eJPf09_bcwymCD8N8vXDgNazK0sKNdTZ4eyAezBBUhgm6tg-oh1wpqH3pAJoBcAKOOz9FR1sdGSApFMA.iBVg4vHkRGh1Sct-Azb2LiFXMfmOvLfedxJE1W3oiHc&dib_tag=se&keywords=women+slides&qid=1791007349&sr=8-8,https://m.media-amazon.com/images/I/71Epw-42KBL._AC_UL320_.jpg,54,排名进入前30；价格处于人民币等值¥57.60-¥180.00黄金区间；评分达到4.0以上。
2026-10-03,amazon_us,product,search,platform sandals women,15,Vilanva,¥129.53,4.0,Vilanva,,,,,,https://www.amazon.com/Vilanva-Platform-Lightweight-Comfortable-Non-Slip/dp/B0GH6HQ54N/ref=sr_1_6?dib=eyJ2IjoiMSJ9.EIJh1jY9ea3EISWsO86AbasBs3B0AFIH9_ItfRcYxWlPm9Swj9fm4tfipKAl83SypZURbe6h-BJ30M2zNzZlBV0pX2JQEqZQVQl7wAhvYX5pFRFV4kc8hjzJbQ09sC1Px1aiWX8lsgLfoNvc8eVSTtYLvwjJw0HW_ISndodek7bCoPxWbA__kFWFIItagU8sSEAhbRza7wN5t9sx5poFkupssl3pTitqlJTO3y_bmr8Rf-7wNasSyajhQdaCot1CCIRNMz7tAU8pwIREtK9ASdIusqgHKBs_99z9sypodt0.4ThtlaFMKnLZ--QAfCspo4Al74B6dHr-9Yc5gyTolOM&dib_tag=se&keywords=platform+sandals+women&qid=1791007349&sr=8-6,https://m.media-amazon.com/images/I/71Rd9P48eZL._AC_UL320_.jpg,54,排名进入前30；价格处于人民币等值¥57.60-¥180.00黄金区间；评分达到4.0以上。
2026-10-03,amazon_us,product,search,platform sandals women,21,YUHITYGZGS,¥136.73,4.2,YUHITYGZGS,,,,,,https://www.amazon.com/YUHITYGZGS-Platform-Sandals-Footbed-Lightweight/dp/B0F991QX1S/ref=sr_1_12?dib=eyJ2IjoiMSJ9.EIJh1jY9ea3EISWsO86AbasBs3B0AFIH9_ItfRcYxWlPm9Swj9fm4tfipKAl83SypZURbe6h-BJ30M2zNzZlBV0pX2JQEqZQVQl7wAhvYX5pFRFV4kc8hjzJbQ09sC1Px1aiWX8lsgLfoNvc8eVSTtYLvwjJw0HW_ISndodek7bCoPxWbA__kFWFIItagU8sSEAhbRza7wN5t9sx5poFkupssl3pTitqlJTO3y_bmr8Rf-7wNasSyajhQdaCot1CCIRNMz7tAU8pwIREtK9ASdIusqgHKBs_99z9sypodt0.4ThtlaFMKnLZ--QAfCspo4Al74B6dHr-9Yc5gyTolOM&dib_tag=se&keywords=platform+sandals+women&qid=1791007349&sr=8-12,https://m.media-amazon.com/images/I/71Bo+e1NKLL._AC_UL320_.jpg,54,排名进入前30；价格处于人民币等值¥57.60-¥180.00黄金区间；评分达到4.0以上。
2026-10-03,amazon_us,product,search,platform sandals women,26,Monrovia,¥143.93,4.1,Monrovia,,,,,,https://www.amazon.com/Monrovia-Platform-Espadrilles-Vacation-Comfortable/dp/B0FJS1R2ZG/ref=sr_1_17?dib=eyJ2IjoiMSJ9.EIJh1jY9ea3EISWsO86AbasBs3B0AFIH9_ItfRcYxWlPm9Swj9fm4tfipKAl83SypZURbe6h-BJ30M2zNzZlBV0pX2JQEqZQVQl7wAhvYX5pFRFV4kc8hjzJbQ09sC1Px1aiWX8lsgLfoNvc8eVSTtYLvwjJw0HW_ISndodek7bCoPxWbA__kFWFIItagU8sSEAhbRza7wN5t9sx5poFkupssl3pTitqlJTO3y_bmr8Rf-7wNasSyajhQdaCot1CCIRNMz7tAU8pwIREtK9ASdIusqgHKBs_99z9sypodt0.4ThtlaFMKnLZ--QAfCspo4Al74B6dHr-9Yc5gyTolOM&dib_tag=se&keywords=platform+sandals+women&qid=1791007349&sr=8-17,https://m.media-amazon.com/images/I/61s1n98EyYL._AC_UL320_.jpg,54,排名进入前30；价格处于人民币等值¥57.60-¥180.00黄金区间；评分达到4.0以上。
2026-10-03,amazon_us,product,search,platform sandals women,27,Haifago,¥110.81,4.2,Haifago,,,,,,https://www.amazon.com/Haifago-Platform-Adjustable-Lightweight-Comfortable/dp/B0GJSFPVMY/ref=sr_1_18?dib=eyJ2IjoiMSJ9.EIJh1jY9ea3EISWsO86AbasBs3B0AFIH9_ItfRcYxWlPm9Swj9fm4tfipKAl83SypZURbe6h-BJ30M2zNzZlBV0pX2JQEqZQVQl7wAhvYX5pFRFV4kc8hjzJbQ09sC1Px1aiWX8lsgLfoNvc8eVSTtYLvwjJw0HW_ISndodek7bCoPxWbA__kFWFIItagU8sSEAhbRza7wN5t9sx5poFkupssl3pTitqlJTO3y_bmr8Rf-7wNasSyajhQdaCot1CCIRNMz7tAU8pwIREtK9ASdIusqgHKBs_99z9sypodt0.4ThtlaFMKnLZ--QAfCspo4Al74B6dHr-9Yc5gyTolOM&dib_tag=se&keywords=platform+sandals+women&qid=1791007349&sr=8-18,https://m.media-amazon.com/images/I/61jFTRLFqXL._AC_UL320_.jpg,54,排名进入前30；价格处于人民币等值¥57.60-¥180.00黄金区间；评分达到4.0以上。
2026-10-03,amazon_us,product,search,women slides,38,Womens Comfortable Beach Sandals Waterproof Pool Eva Slides,¥71.93,4.0,100+ bought in past month,,,,,,https://www.amazon.com/SUITSER-Womens-Comfortable-Sandals-Waterproof/dp/B0H14F4G37/ref=sr_1_25?dib=eyJ2IjoiMSJ9._15A5a1ahvFQhpFGdv4ULe5ISCpT-qDImHOl_nO4JUk4x0xijIbmadlGqVZf6iI8uZ6FFxT_fGs1VgzZnEaMEVu5sgIxia5Ofzu8CJWs-iwBoFda-2pIwOeOmuCeSjULgx98hpsO0jwDCccwoazRakUQKVBjDpFkwb-eDEoJXHn5emi2HFSMCLh7xzrCNYw3JMCIg3CGFCNJvmVQVxm1fQd49U2eJPf09_bcwymCD8N8vXDgNazK0sKNdTZ4eyAezBBUhgm6tg-oh1wpqH3pAJoBcAKOOz9FR1sdGSApFMA.iBVg4vHkRGh1Sct-Azb2LiFXMfmOvLfedxJE1W3oiHc&dib_tag=se&keywords=women+slides&qid=1791007349&sr=8-25,https://m.media-amazon.com/images/I/71IwB6FPJSL._AC_UL320_.jpg,53,排名进入前50；评论数达到50以上；价格处于人民币等值¥57.60-¥180.00黄金区间；标题包含 comfort、beach，符合美国女鞋舒适化趋势；评分达到4.0以上。
2026-10-03,amazon_us,product,best_sellers,Best Sellers Women Sandals,4,"Amazon Essentials Women's Two Strap Heeled Sandals with Adjustable Ankle Strap, Padded Memory Foam Insole",,4.4,$14.11,,,,,,https://www.amazon.com/Amazon-Essentials-Womens-Nola-Heeled/dp/B08LPV277H/ref=zg_bs_g_679425011_d_sccl_4/137-7673390-5806847?psc=1,"https://images-na.ssl-images-amazon.com/images/I/71DEyvdnHNL._AC_UL600_SR600,400_.jpg",52,排名靠前；评分达到4.3以上。
2026-10-03,amazon_us,product,search,women slides,20,adidas,¥215.93,4.3,adidas,,,,,,https://www.amazon.com/adidas-Unisex-Adilette-Sportswear-Sandal/dp/B0D28BLH78/ref=sr_1_7?dib=eyJ2IjoiMSJ9._15A5a1ahvFQhpFGdv4ULe5ISCpT-qDImHOl_nO4JUk4x0xijIbmadlGqVZf6iI8uZ6FFxT_fGs1VgzZnEaMEVu5sgIxia5Ofzu8CJWs-iwBoFda-2pIwOeOmuCeSjULgx98hpsO0jwDCccwoazRakUQKVBjDpFkwb-eDEoJXHn5emi2HFSMCLh7xzrCNYw3JMCIg3CGFCNJvmVQVxm1fQd49U2eJPf09_bcwymCD8N8vXDgNazK0sKNdTZ4eyAezBBUhgm6tg-oh1wpqH3pAJoBcAKOOz9FR1sdGSApFMA.iBVg4vHkRGh1Sct-Azb2LiFXMfmOvLfedxJE1W3oiHc&dib_tag=se&keywords=women+slides&qid=1791007349&sr=8-7,https://m.media-amazon.com/images/I/61J+U+PiJmL._AC_UL320_.jpg,52,排名进入前30；价格处于人民币等值¥180.00-¥288.00区间；评分达到4.3以上。
2026-10-03,amazon_us,product,search,women slides,25,CUSHIONAIRE,¥194.33,4.4,CUSHIONAIRE,,,,,,https://www.amazon.com/CUSHIONAIRE-Womens-Feather-recovery-Comfort/dp/B0BTQ7ZS7B/ref=sr_1_12?dib=eyJ2IjoiMSJ9._15A5a1ahvFQhpFGdv4ULe5ISCpT-qDImHOl_nO4JUk4x0xijIbmadlGqVZf6iI8uZ6FFxT_fGs1VgzZnEaMEVu5sgIxia5Ofzu8CJWs-iwBoFda-2pIwOeOmuCeSjULgx98hpsO0jwDCccwoazRakUQKVBjDpFkwb-eDEoJXHn5emi2HFSMCLh7xzrCNYw3JMCIg3CGFCNJvmVQVxm1fQd49U2eJPf09_bcwymCD8N8vXDgNazK0sKNdTZ4eyAezBBUhgm6tg-oh1wpqH3pAJoBcAKOOz9FR1sdGSApFMA.iBVg4vHkRGh1Sct-Azb2LiFXMfmOvLfedxJE1W3oiHc&dib_tag=se&keywords=women+slides&qid=1791007349&sr=8-12,https://m.media-amazon.com/images/I/81PBXKFp76L._AC_UL320_.jpg,52,排名进入前30；价格处于人民币等值¥180.00-¥288.00区间；评分达到4.3以上。
2026-10-03,amazon_us,product,search,women slides,28,Nike,¥266.40,4.5,Nike,,,,,,https://www.amazon.com/Nike-Womens-Gymnastics-White-Black/dp/B08Q8RRJ5H/ref=sr_1_15?dib=eyJ2IjoiMSJ9._15A5a1ahvFQhpFGdv4ULe5ISCpT-qDImHOl_nO4JUk4x0xijIbmadlGqVZf6iI8uZ6FFxT_fGs1VgzZnEaMEVu5sgIxia5Ofzu8CJWs-iwBoFda-2pIwOeOmuCeSjULgx98hpsO0jwDCccwoazRakUQKVBjDpFkwb-eDEoJXHn5emi2HFSMCLh7xzrCNYw3JMCIg3CGFCNJvmVQVxm1fQd49U2eJPf09_bcwymCD8N8vXDgNazK0sKNdTZ4eyAezBBUhgm6tg-oh1wpqH3pAJoBcAKOOz9FR1sdGSApFMA.iBVg4vHkRGh1Sct-Azb2LiFXMfmOvLfedxJE1W3oiHc&dib_tag=se&keywords=women+slides&qid=1791007349&sr=8-15,https://m.media-amazon.com/images/I/5190AloUtsL._AC_UL320_.jpg,52,排名进入前30；价格处于人民币等值¥180.00-¥288.00区间；评分达到4.3以上。
2026-10-03,amazon_us,product,search,women slides,30,ODOLY,¥194.33,4.5,ODOLY,,,,,,https://www.amazon.com/ODOLY-Footbed-Leather-Comfort-Support/dp/B0CL4XJCJW/ref=sr_1_17?dib=eyJ2IjoiMSJ9._15A5a1ahvFQhpFGdv4ULe5ISCpT-qDImHOl_nO4JUk4x0xijIbmadlGqVZf6iI8uZ6FFxT_fGs1VgzZnEaMEVu5sgIxia5Ofzu8CJWs-iwBoFda-2pIwOeOmuCeSjULgx98hpsO0jwDCccwoazRakUQKVBjDpFkwb-eDEoJXHn5emi2HFSMCLh7xzrCNYw3JMCIg3CGFCNJvmVQVxm1fQd49U2eJPf09_bcwymCD8N8vXDgNazK0sKNdTZ4eyAezBBUhgm6tg-oh1wpqH3pAJoBcAKOOz9FR1sdGSApFMA.iBVg4vHkRGh1Sct-Azb2LiFXMfmOvLfedxJE1W3oiHc&dib_tag=se&keywords=women+slides&qid=1791007349&sr=8-17,https://m.media-amazon.com/images/I/81DkW0S8uYL._AC_UL320_.jpg,52,排名进入前30；价格处于人民币等值¥180.00-¥288.00区间；评分达到4.3以上。
2026-10-03,amazon_us,product,search,platform sandals women,13,DREAM PAIRS,¥244.73,4.4,DREAM PAIRS,,,,,,https://www.amazon.com/DREAM-PAIRS-Lightweight-Comfortable-Adjustable/dp/B0CNCLDB9P/ref=sr_1_4?dib=eyJ2IjoiMSJ9.EIJh1jY9ea3EISWsO86AbasBs3B0AFIH9_ItfRcYxWlPm9Swj9fm4tfipKAl83SypZURbe6h-BJ30M2zNzZlBV0pX2JQEqZQVQl7wAhvYX5pFRFV4kc8hjzJbQ09sC1Px1aiWX8lsgLfoNvc8eVSTtYLvwjJw0HW_ISndodek7bCoPxWbA__kFWFIItagU8sSEAhbRza7wN5t9sx5poFkupssl3pTitqlJTO3y_bmr8Rf-7wNasSyajhQdaCot1CCIRNMz7tAU8pwIREtK9ASdIusqgHKBs_99z9sypodt0.4ThtlaFMKnLZ--QAfCspo4Al74B6dHr-9Yc5gyTolOM&dib_tag=se&keywords=platform+sandals+women&qid=1791007349&sr=8-4,https://m.media-amazon.com/images/I/61XHiZMaOcL._AC_UL320_.jpg,52,排名进入前30；价格处于人民币等值¥180.00-¥288.00区间；评分达到4.3以上。
2026-10-03,amazon_us,product,best_sellers,Best Sellers Women Sandals,38,Project Cloud 100% Genuine Leather Womens Sandals Slides for Women Flats | Cork Footbed Sandals for Women with Memory Foam and Arch Support Vacation Essentials Slides Women Footwear Flat Sandals,,4.3,$32.90,,,,,,https://www.amazon.com/Genuine-Leather-Womens-Sandals-Everyday/dp/B0D1RKKCH8/ref=zg_bs_g_679425011_d_sccl_38/140-1390172-0697403?psc=1,"https://images-na.ssl-images-amazon.com/images/I/91FN+pG6RHL._AC_UL300_SR300,200_.jpg",51,排名进入前50；标题包含 cloud、arch support，符合美国女鞋舒适化趋势；cloud + slides组合趋势加分；评分达到4.3以上。
2026-10-03,amazon_us,product,new_releases,New Releases Women Sandals,5,threepurple Women's Non-Slip Flip Flops Ultra Lightweight Basic Thongs Rubber Soft Slide Slip-on Shoes Beach Pool Shower Sandals,,3.9,$7.99,,,,,,https://www.amazon.com/threepurple-Womens-Non-Slip-Lightweight-Sandals/dp/B0HB8ZZ2YB/ref=zg_bsnr_g_679425011_d_sccl_5/140-1390172-0697403?psc=1,"https://images-na.ssl-images-amazon.com/images/I/71-qSzOW17L._AC_UL600_SR600,400_.jpg",51,排名靠前；标题包含 soft、beach，符合美国女鞋舒适化趋势。
2026-10-03,amazon_us,product,new_releases,New Releases Women Sandals,41,IDIFU IN3 Women's Strappy Platform Heels High Open Toe Heeled Sandals | Round Toe Ankle Strap Heel Comfortbale Dressy Trendy Formal Dress Shoes for Prom Wedding Party Homecoming Work Daily,,4.5,$34.99,,,,,,https://www.amazon.com/IDIFU-Platform-Strappy-Dressy-Formal/dp/B0H2HGCZ5Q/ref=zg_bsnr_g_679425011_d_sccl_41/140-1390172-0697403?psc=1,"https://images-na.ssl-images-amazon.com/images/I/71K-RSfsfVL._AC_UL300_SR300,200_.jpg",51,排名进入前50；标题包含 platform、comfort，符合美国女鞋舒适化趋势；platform + comfort组合趋势加分；评分达到4.3以上。
2026-10-03,amazon_us,product,new_releases,New Releases Women Sandals,12,"Ankis Women’s Open Toe Ankle Strap Platform Block Heel Sandals Shoes | Crossover Front Strap Platform Sandals, Ankle Strap with Buckle, Chunky Block High Heels, Wedding Party Dress Heels for Women",,4.5,$41.99,,,,,,https://www.amazon.com/Ankis-Womens-Ankle-Platform-Sandals/dp/B0GXV8ZZWM/ref=zg_bsnr_g_679425011_d_sccl_12/140-1390172-0697403?psc=1,"https://images-na.ssl-images-amazon.com/images/I/61TVfZDiRKL._AC_UL600_SR600,400_.jpg",50,排名进入前30；标题包含 platform，符合美国女鞋舒适化趋势；评分达到4.3以上。
2026-10-03,amazon_us,product,new_releases,New Releases Women Sandals,18,UGG Women's Ultra Mini Bailey Bow,,5.0,$174.95,,,,,,https://www.amazon.com/UGG-Womens-Ultra-Bailey-Chestnut/dp/B0G3M49CFL/ref=zg_bsnr_g_679425011_d_sccl_18/140-1390172-0697403?psc=1,"https://images-na.ssl-images-amazon.com/images/I/81qXYkRPhWL._AC_UL600_SR600,400_.jpg",50,排名进入前30；评论数达到50以上；评分达到4.6以上。
2026-10-03,amazon_us,product,search,women summer slippers,22,Women's Open Toe House Slippers Breathable Indoor Shoes Memory Foam,¥69.05,3.4,"Price, product page $9.59 $ 9 . 59 Typical: $10.99 Typical: $10.99 $10.99",,,,,,https://www.amazon.com/Yoerpe-Womens-House-Slippers-Slip/dp/B0F8BKW8PC/ref=sr_1_14?dib=eyJ2IjoiMSJ9.xY0HMvNCXwtTQIOE4QTD3NRo22Dt7WlNtuucVfc8UyN6G3YKiRIsmqznMD0LvyeshrOL_mwuf8XzD9XgnVPcN8SRmBO0bGn1lH7sBLKWjm4hZfCJiXth3u_ZV-mqIh89m-OaKfN_HSXHfefzj_6uIwGyojjqHPGw4g4uBeujeX0TRpnwJO9vF1y64tmOQOiUXywE93SwtIKTZ_LgNIA9ymYX_NbtETMLswrHzjThlbFW8J2fcsztjaDTLtmc_RlfHctKhjoLgGQLFVeEN9Yx7HzPvSzQx4061st70b5Lmbc.1RlU4WyCUIWTN4BgOTOl-cay24bMOXj8Na6VA9jT9Dk&dib_tag=se&keywords=women+summer+slippers&qid=1791007348&sr=8-14,https://m.media-amazon.com/images/I/81olwtMl2yL._AC_UL320_.jpg,50,排名进入前30；价格处于人民币等值¥57.60-¥180.00黄金区间。
2026-10-03,amazon_us,product,best_sellers,Best Sellers Women Sandals,10,"CUSHIONAIRE Java Casual Womens Jelly Flats with Adjustable Strap, Closed Toe Mary Janes Mule Design, Waterproof Jelly Sandals for Women",,4.2,$34.99,,,,,,https://www.amazon.com/CUSHIONAIRE-Adjustable-Waterproof-Sandals-Chocolate/dp/B0H4MLLC32/ref=zg_bs_g_679425011_d_sccl_10/137-7673390-5806847?psc=1,"https://images-na.ssl-images-amazon.com/images/I/81iCqxPUX6L._AC_UL600_SR600,400_.jpg",49,排名靠前；评分达到4.0以上。
2026-10-03,amazon_us,product,new_releases,New Releases Women Sandals,1,DREAM PAIRS Women's Slingback kitten Heeled Sandals | Square Toe Dress Heels for Party Wedding,,4.0,$47.99,,,,,,https://www.amazon.com/DREAM-PAIRS-Womens-Slingback-Sandals/dp/B0H8S94YCT/ref=zg_bsnr_g_679425011_d_sccl_1/140-1390172-0697403?psc=1,"https://images-na.ssl-images-amazon.com/images/I/71s9ROaphnL._AC_UL600_SR600,400_.jpg",49,排名靠前；评分达到4.0以上。
2026-10-03,amazon_us,product,new_releases,New Releases Women Sandals,2,CUSHIONAIRE Toots Thong Strap Jelly Sandals for Women with Low Block Heel,,4.1,$39.99,,,,,,https://www.amazon.com/CUSHIONAIRE-Toots-Thong-Sandals-TORTOISE/dp/B0HB6R34PX/ref=zg_bsnr_g_679425011_d_sccl_2/140-1390172-0697403?psc=1,"https://images-na.ssl-images-amazon.com/images/I/71I1E9EQjlL._AC_UL600_SR600,400_.jpg",49,排名靠前；评分达到4.0以上。
2026-10-03,amazon_us,product,best_sellers,Best Sellers Women Sandals,11,"CUSHIONAIRE Lane Cork Slide Women's Sandals, Comfortable Sandals for Women | Molded Cork Footbed, Slide Sandals for Women, Adjustable Buckle, Sandals for Wide Feet, Cushioned Sandals for Women, Open Toe",,4.5,$34.99,,,,,,https://www.amazon.com/CUSHIONAIRE-Womens-Slide-Sandals-Brown/dp/B075PBVR9N/ref=zg_bs_g_679425011_d_sccl_11/137-7673390-5806847?psc=1,"https://images-na.ssl-images-amazon.com/images/I/81suZ76XHpL._AC_UL600_SR600,400_.jpg",48,排名进入前30；标题包含 comfort，符合美国女鞋舒适化趋势；评分达到4.3以上。
2026-10-03,amazon_us,product,best_sellers,Best Sellers Women Sandals,13,"Coutgo Womens Kitten Heel Sandals Heeled Mules Pointed Open Toe High Heels | Comfortable, Sexy, Slip On, Backless, Dress Shoes, 3.2 Inch, Peep Toe, Wedding, Bridal, Party, Prom, Graduation",,4.4,$39.99,,,,,,https://www.amazon.com/Coutgo-Womens-Pointed-Backless-Sandals/dp/B0DG25L7P9/ref=zg_bs_g_679425011_d_sccl_13/137-7673390-5806847?psc=1,"https://images-na.ssl-images-amazon.com/images/I/61rZuSoH5yL._AC_UL600_SR600,400_.jpg",48,排名进入前30；标题包含 comfort，符合美国女鞋舒适化趋势；评分达到4.3以上。
2026-10-03,amazon_us,product,best_sellers,Best Sellers Women Sandals,14,"FW FRAN WILLOR Women Open Toe Low Chunky Short Heels Block Heel Sandals | Fashion Formal Dress Heels,Ankle Strap Comfortable Heeled Sandals for Prom, Party ,Wedding Guest and Formal Events",,4.4,$27.99,,,,,,https://www.amazon.com/FW-FRAN-WILLOR-Sandals-Wedding/dp/B0CCRGMPPQ/ref=zg_bs_g_679425011_d_sccl_14/137-7673390-5806847?psc=1,"https://images-na.ssl-images-amazon.com/images/I/61sRdf9ebFL._AC_UL600_SR600,400_.jpg",48,排名进入前30；标题包含 comfort，符合美国女鞋舒适化趋势；评分达到4.3以上。
2026-10-03,amazon_us,product,best_sellers,Best Sellers Women Sandals,17,"COASIS Women's Chunky Block Heels Open Toe Ankle Strap Heeled Sandals | 3.5"" High Heel, 3MM Latex Midsole, Non-Slip Rubber Sole, Comfortable Walking, Wedding, Work & Party Wear",,4.4,$29.99,,,,,,https://www.amazon.com/COASIS-Womens-Chunky-Sandal-Ankle/dp/B08SH9V6D9/ref=zg_bs_g_679425011_d_sccl_17/137-7673390-5806847?psc=1,"https://images-na.ssl-images-amazon.com/images/I/71s+ovTRKSL._AC_UL600_SR600,400_.jpg",48,排名进入前30；标题包含 comfort，符合美国女鞋舒适化趋势；评分达到4.3以上。
2026-10-03,amazon_us,product,best_sellers,Best Sellers Women Sandals,29,"IDIFU Women's Dressy Strappy 2 Inch Low Kitten Heels Open Toe Heel Sandals | Short Small Slingback Heeled Sandal, Comfortable Dress Shoes for Women Lady Bridesmaids in Wedding Bridal Prom Dance Evening",,4.4,$36.09,,,,,,https://www.amazon.com/IDIFU-Strappy-Sandals-Wedding-Glitter/dp/B07TG8S96G/ref=zg_bs_g_679425011_d_sccl_29/137-7673390-5806847?psc=1,"https://images-na.ssl-images-amazon.com/images/I/716u32p-+2L._AC_UL600_SR600,400_.jpg",48,排名进入前30；标题包含 comfort，符合美国女鞋舒适化趋势；评分达到4.3以上。
2026-10-03,amazon_us,product,new_releases,New Releases Women Sandals,17,"Ankis Women Gold Black Silver Dressy Square Peep Toe Low Chunky Heel Sandal | homecoming shoes, 2-inch stable block heel, adjustable ankle strap, soft cushioned insole, all-day comfort for wedding, prom",,4.2,$37.89,,,,,,https://www.amazon.com/Ankis-Silver-Dressy-Square-Chunky/dp/B0GX12BGGQ/ref=zg_bsnr_g_679425011_d_sccl_17/140-1390172-0697403?psc=1,"https://images-na.ssl-images-amazon.com/images/I/6115SWiTYoL._AC_UL600_SR600,400_.jpg",48,排名进入前30；标题包含 comfort、soft，符合美国女鞋舒适化趋势；评分达到4.0以上。
2026-10-03,amazon_us,product,new_releases,New Releases Women Sandals,21,IDIFU Bow Kitten Heels Low Slingback Strappy Short Small Heeled Sandals | Dress Shoes for Women Open Round Toe Small Ankle Strap Wedding Work Prom Homecoming Comfortable Cute Fashion Ladies Heel,,4.4,$33.99,,,,,,https://www.amazon.com/IDIFU-Kitten-Slingback-Strappy-Sandals/dp/B0H5NMSGPX/ref=zg_bsnr_g_679425011_d_sccl_21/140-1390172-0697403?psc=1,"https://images-na.ssl-images-amazon.com/images/I/71po8PNG4HL._AC_UL600_SR600,400_.jpg",48,排名进入前30；标题包含 comfort，符合美国女鞋舒适化趋势；评分达到4.3以上。
2026-10-03,amazon_us,product,new_releases,New Releases Women Sandals,25,IDIFU Women's Kitten Mule Heels Open Pointed Toe Slip On Heeled Sandals | 3 Inch Peep Toe Backless Sexy Heel Comfortable Dressy Womens Dress Shoes for Wedding Bridal Office Prom Party Casual,,4.3,$32.99,,,,,,https://www.amazon.com/IDIFU-Womens-Kitten-Heeled-Sandals/dp/B0H44MZT9H/ref=zg_bsnr_g_679425011_d_sccl_25/140-1390172-0697403?psc=1,"https://images-na.ssl-images-amazon.com/images/I/61gg6-nPaQL._AC_UL600_SR600,400_.jpg",48,排名进入前30；标题包含 comfort，符合美国女鞋舒适化趋势；评分达到4.3以上。
2026-10-03,amazon_us,product,new_releases,New Releases Women Sandals,29,EQAUDES High Heels Mules for Women Summer Sandals Open Toe Slip on Stiletto Heels for Women Round Toe Raffia Heeled Sandals Comfortable Dress Shoes,,4.0,$45.88,,,,,,https://www.amazon.com/EQAUDES-Black-Sandals-Stiletto-Kitten/dp/B0H4GKV2VB/ref=zg_bsnr_g_679425011_d_sccl_29/140-1390172-0697403?psc=1,"https://images-na.ssl-images-amazon.com/images/I/61iClW9+sIL._AC_UL600_SR600,400_.jpg",48,排名进入前30；标题包含 comfort、summer，符合美国女鞋舒适化趋势；评分达到4.0以上。
2026-10-03,amazon_us,product,search,platform sandals women,49,Platform Water Sandals for Women Chunky Lug Sole Summer Beach Sandals,¥431.93,4.0,50+ bought in past month,,,,,,https://www.amazon.com/Platform-Water-Sandals-Women-Chunky/dp/B0F1MXL45K/ref=sr_1_40?dib=eyJ2IjoiMSJ9.EIJh1jY9ea3EISWsO86AbasBs3B0AFIH9_ItfRcYxWlPm9Swj9fm4tfipKAl83SypZURbe6h-BJ30M2zNzZlBV0pX2JQEqZQVQl7wAhvYX5pFRFV4kc8hjzJbQ09sC1Px1aiWX8lsgLfoNvc8eVSTtYLvwjJw0HW_ISndodek7bCoPxWbA__kFWFIItagU8sSEAhbRza7wN5t9sx5poFkupssl3pTitqlJTO3y_bmr8Rf-7wNasSyajhQdaCot1CCIRNMz7tAU8pwIREtK9ASdIusqgHKBs_99z9sypodt0.4ThtlaFMKnLZ--QAfCspo4Al74B6dHr-9Yc5gyTolOM&dib_tag=se&keywords=platform+sandals+women&qid=1791007349&sr=8-40,https://m.media-amazon.com/images/I/81IarpEqdRL._AC_UL320_.jpg,46,排名进入前50；评论数达到50以上；价格高于人民币等值¥288.00；标题包含 platform、beach、summer，符合美国女鞋舒适化趋势；评分达到4.0以上。
2026-10-03,amazon_us,product,best_sellers,Best Sellers Women Sandals,12,SKETOE Kitten Heels for Women Square Toe Sandals Flip Flop Heels Thong Comfortable 2 Inch,,4.1,$26.99,,,,,,https://www.amazon.com/SKETOE-Kitten-Square-Sandals-Comfortable/dp/B0F4QHKCDM/ref=zg_bs_g_679425011_d_sccl_12/137-7673390-5806847?psc=1,"https://images-na.ssl-images-amazon.com/images/I/61WGe4p1FWL._AC_UL600_SR600,400_.jpg",45,排名进入前30；标题包含 comfort，符合美国女鞋舒适化趋势；评分达到4.0以上。
2026-10-03,amazon_us,product,best_sellers,Best Sellers Women Sandals,16,"mysoft Women's Chunky Heels Open Toe Dress Sandals with Ankle Strap | Classic Block 2.25 Inch Low Heel Sandals, Adjustable Ankle Strap Dress Shoes, Year-Round Wardrobe Essential",,4.4,$32.99,,,,,,https://www.amazon.com/mysoft-Womens-Chunky-Wedding-Sandals/dp/B09K7F4YP2/ref=zg_bs_g_679425011_d_sccl_16/137-7673390-5806847?psc=1,"https://images-na.ssl-images-amazon.com/images/I/71Sf6IDXUGL._AC_UL600_SR600,400_.jpg",45,排名进入前30；标题包含 soft，符合美国女鞋舒适化趋势；评分达到4.3以上。
2026-10-03,amazon_us,product,best_sellers,Best Sellers Women Sandals,18,"WHITIN Women's Slides with Cushioned Thick Sole Slippers for Home Wear Y13 | Comfort for Daily Wear, Waterproof & Easy to Clean, Indoor & Outdoor Versatility, Lightweight EVA for All-Day",,4.1,$9.99,,,,,,https://www.amazon.com/WHITIN-Slippers-Sandals-Fashionable-Lightweight/dp/B0C1C3MKLF/ref=zg_bs_g_679425011_d_sccl_18/137-7673390-5806847?psc=1,"https://images-na.ssl-images-amazon.com/images/I/71nA8egRirL._AC_UL600_SR600,400_.jpg",45,排名进入前30；标题包含 comfort，符合美国女鞋舒适化趋势；评分达到4.0以上。
2026-10-03,amazon_us,product,best_sellers,Best Sellers Women Sandals,25,"Weweya Slides for Women Men Shower Shoes House Slippers Beach Sandals | Bathroom, Non Slip, Lightweight",,4.4,$9.99,,,,,,https://www.amazon.com/Weweya-Shower-Bathroom-Slippers-Sandals/dp/B0F1XJ9TM4/ref=zg_bs_g_679425011_d_sccl_25/137-7673390-5806847?psc=1,"https://images-na.ssl-images-amazon.com/images/I/718rk3GaK+L._AC_UL600_SR600,400_.jpg",45,排名进入前30；标题包含 beach，符合美国女鞋舒适化趋势；评分达到4.3以上。
2026-10-03,amazon_us,product,best_sellers,Best Sellers Women Sandals,26,Clarks Women's Breeze Sea Flip-Flop,,4.7,$29.99,,,,,,https://www.amazon.com/Clarks-Womens-Breeze-White-Synthetic/dp/B01FH9F3FA/ref=zg_bs_g_679425011_d_sccl_26/137-7673390-5806847?psc=1,"https://images-na.ssl-images-amazon.com/images/I/51YYTFEggSL._AC_UL600_SR600,400_.jpg",45,排名进入前30；评分达到4.6以上。
2026-10-03,amazon_us,product,new_releases,New Releases Women Sandals,13,IDIFU IN1 Kitten Flip Flop Heels for Women Square Open Toe Low Heel | Wedding Bride Graduation Party Slide Dress Shoes Comfortable Cute Trendy Casual Thong Slip On Strappy Low Heeled Sandals,,4.1,$26.99,,,,,,https://www.amazon.com/IDIFU-Black-Heels-Kitten-Square/dp/B0H33K5SGS/ref=zg_bsnr_g_679425011_d_sccl_13/140-1390172-0697403?psc=1,"https://images-na.ssl-images-amazon.com/images/I/61RO1a8KWKL._AC_UL600_SR600,400_.jpg",45,排名进入前30；标题包含 comfort，符合美国女鞋舒适化趋势；评分达到4.0以上。
2026-10-03,amazon_us,product,new_releases,New Releases Women Sandals,16,"Mattiventon High Heels for Women Pointed Toe Stiletto Dress Heeled Sandals | 3.7'' Heel, Adjustable Ankle Strap, Open Toe, Slip-Resistant Outsole, Sexy Shoes for Party, Wedding, Cocktail, Evening Events",,4.6,$49.99,,,,,,https://www.amazon.com/Mattiventon-Womens-Pointed-Sandals-Fashion/dp/B0H4YYB9VY/ref=zg_bsnr_g_679425011_d_sccl_16/140-1390172-0697403?psc=1,"https://images-na.ssl-images-amazon.com/images/I/41q+wBg6UlL._AC_UL600_SR600,400_.jpg",45,排名进入前30；评分达到4.6以上。
2026-10-03,amazon_us,product,new_releases,New Releases Women Sandals,22,IDIFU IN2 Women's Bow Heels Block Chunky Open Toe Heeled Sandals | 2.3 Inch Round Toe Satin Low Dress Shoes for Women Bride Wedding Prom Homecoming Graduation Party Ankle Strap Heel,,4.8,$39.98,,,,,,https://www.amazon.com/IDIFU-Womens-Chunky-Heeled-Sandals/dp/B0H4L45N3J/ref=zg_bsnr_g_679425011_d_sccl_22/140-1390172-0697403?psc=1,"https://images-na.ssl-images-amazon.com/images/I/71K+FCI9FQL._AC_UL600_SR600,400_.jpg",45,排名进入前30；评分达到4.6以上。
2026-10-03,amazon_us,product,new_releases,New Releases Women Sandals,27,IDIFU Bow Heels for Women Square Open Toe Mesh Kitten Heeled Sandals | High Heeled Dress Shoes Wedding Evening Party Daily Casual Bridal Lady Ankle Strap Sandal,,4.6,$34.99,,,,,,https://www.amazon.com/IDIFU-Square-Kitten-Heeled-Sandals/dp/B0H6HGMX6J/ref=zg_bsnr_g_679425011_d_sccl_27/140-1390172-0697403?psc=1,"https://images-na.ssl-images-amazon.com/images/I/61oOSC-cIZL._AC_UL600_SR600,400_.jpg",45,排名进入前30；评分达到4.6以上。
2026-10-03,amazon_us,product,search,women slides,29,Nike,¥395.93,4.3,Nike,,,,,,https://www.amazon.com/Nike-Womens-Slides-Sandal-Pink-Pearl/dp/B0F8S9MQHP/ref=sr_1_16?dib=eyJ2IjoiMSJ9._15A5a1ahvFQhpFGdv4ULe5ISCpT-qDImHOl_nO4JUk4x0xijIbmadlGqVZf6iI8uZ6FFxT_fGs1VgzZnEaMEVu5sgIxia5Ofzu8CJWs-iwBoFda-2pIwOeOmuCeSjULgx98hpsO0jwDCccwoazRakUQKVBjDpFkwb-eDEoJXHn5emi2HFSMCLh7xzrCNYw3JMCIg3CGFCNJvmVQVxm1fQd49U2eJPf09_bcwymCD8N8vXDgNazK0sKNdTZ4eyAezBBUhgm6tg-oh1wpqH3pAJoBcAKOOz9FR1sdGSApFMA.iBVg4vHkRGh1Sct-Azb2LiFXMfmOvLfedxJE1W3oiHc&dib_tag=se&keywords=women+slides&qid=1791007349&sr=8-16,https://m.media-amazon.com/images/I/51z4fzmeiWL._AC_UL320_.jpg,45,排名进入前30；价格高于人民币等值¥288.00；评分达到4.3以上。
2026-10-03,amazon_us,product,search,women slides,49,"EVA Sandals for Women with Arch Support, Adjustable Double Buckle Slides",¥71.28,4.0,"Price, product page $9.90 $ 9 . 90 Typical: $18.99 Typical: $18.99 $18.99",,,,,,https://www.amazon.com/DmCabin-Sandals-Adjustable-Comfortable-Lightweight/dp/B0G6T8SVQP/ref=sr_1_36?dib=eyJ2IjoiMSJ9._15A5a1ahvFQhpFGdv4ULe5ISCpT-qDImHOl_nO4JUk4x0xijIbmadlGqVZf6iI8uZ6FFxT_fGs1VgzZnEaMEVu5sgIxia5Ofzu8CJWs-iwBoFda-2pIwOeOmuCeSjULgx98hpsO0jwDCccwoazRakUQKVBjDpFkwb-eDEoJXHn5emi2HFSMCLh7xzrCNYw3JMCIg3CGFCNJvmVQVxm1fQd49U2eJPf09_bcwymCD8N8vXDgNazK0sKNdTZ4eyAezBBUhgm6tg-oh1wpqH3pAJoBcAKOOz9FR1sdGSApFMA.iBVg4vHkRGh1Sct-Azb2LiFXMfmOvLfedxJE1W3oiHc&dib_tag=se&keywords=women+slides&qid=1791007349&sr=8-36,https://m.media-amazon.com/images/I/61JI+sjrJqL._AC_UL320_.jpg,45,排名进入前50；价格处于人民币等值¥57.60-¥180.00黄金区间；标题包含 arch support，符合美国女鞋舒适化趋势；评分达到4.0以上。
2026-10-03,amazon_us,product,search,platform sandals women,1,4.2,,,4.2,,,,,,https://aax-us-east-retail-direct.amazon.com/x/c/JL-qJW5LdcSLqySa-fsmk4IAAAGhAFtdEQEAAAH2AQBvbm9fdHhuX2JpZDYgICBvbm9fdHhuX2ltcDIgICC079y3/clv1c_ek-IxfX3VcbWTfWXjyXX7umWmlAkb3gz9o5AkbLEMd9IFm5elZq3lEh8xVggKJJD7uMwR5Ps1P-Tq5qMnzDjYtodklqNpdceloMItDGY8zQWm3LnpMlCw01N8es4ZrK02Rvqp6HYr9TGiPQpypNgb0IfAF6SkgVqkcvs3D2u9Ea9W2IWKMykR_J0u9d0n7VOikVln2TJmIDB1OqJDzyoMqop7Sd6Alevza9WtS1mBsi1cISE02IE2GvUAq4knLiDyKOfu0P_zC6Z2E2gCCt_uxpn5Nfjf-Igd8Rgx02SCl_qlKkjYDM39f7AFFSx5Vb-XWHlxeBSxU6F0srW_-C32-EuYMx5u_fisnxdQik30goVpDK3DX_Uf0JT5iEqL_UTjUN37DB3VxZIiw-e7PHYKoJiWHtzJWQ4O74jNLLhwcfb-BKtw_CrA1Dm4LwdpPS1cN39j8vsDRubv3aujKmhuteg-5UYSx3xoM90qeprQq851aZs5sIbyBOX-NUa-I4L7ePC0aL5qu3kWbzgNnCyOJw_JjVxHEdSEfyIduIxXo44FTwWxTCOIKmZL6X2WSCk9YisKxTxh4GQo2HVjd5SaRj0CqzjM9nk2xOzjcJGWEOoABNOAggA5JwILDGMvsnhqr9fKlqUHW1CcVu_VcS6NZbkLFOA1H1HKbTPu49x38UaS-ECm8FFUhPlbEiRB38WitzBb1phrdPYvppYwp-xBo70iDUwxhHzdjUtUk1n1QKO7fKBPIZI95i_Cb4iSc0LgJLN2ov3FU-W9MtdV6cBx_DYgQOdD967To6vCVk7jSb8YUCvkoiAOijVbPhsV3GTtqg9E5WLnZLfxqqGEnTJObatRd29rjp0STw88749Uc5dWkbPbDKa5dM4zOytHNwA__BR8OfnyFdoD6zc2Fa0aJmW0wVEUUFZfTA-UFBwe_2Cp50OJloHaD4Xui6Q1MTE-L3Bk91e68aSnwaBZcBiMRkxjBhw6rDu5PInY9NBQDw5MYTm8ybCEQQuZyswjP0v3-vNtjXDe4LPWIxBdCf1VImbyD5BeXfLP5_h6GibnKBp4r96zLT5gyWJV7UnlYeX1Yq-xZyU1HzB_nXqNz-xrHDFhAsZgIccp0RQv54fPk_D4uFUhhyNETedOkpZHNSdQ359R0jMiOTNcyYxpo7v2hCy0Xe_ShWxCPqT8Ha3ea96JOOaPNjNi62WcrF7FAVbKpio3MgAf3h0-kTlz-Xxkpbaodp53i8Az5kpaE6pdjWh6w512IBqCYB1cC--0lLDeop54AqcbUQw4l1Vl1q3upm4qq6pli8812e4TJJvPFL-GEneldpitpAlv_n_FcSKO5pmt7JoR-xrGYhhaZYaAmUmad1SjtccWGjbzOwtChDHm564c8NNwFWFcfwicPoO-hiRC4GPy9FTmUFrHAoU8JuYJhtTPatv8XXEDKyQ4GdUa9iqgPuLQy5DD0hVdCuZHR0ayB7iS4RpkQApgoUPRe-TVOaT3X70fP1sTeVrRbDlR1qEVkm6SJaB6_xxN4JjiLodwZ1Z1ZFsUM6cJTJNEtVSHmg1uQQXqdfaqUlYU6pC5s196j8s3i3mz6MVKnUo96-gkp-Ob4ja_41cY6-U7rGMmMo/https://www.amazon.com/dp/B0DR3JS6X1/?_encoding=UTF8&pd_rd_i=B0DR3JS6X1&ref_=sbx_be_s_sparkle_ssd_img&qid=1791007349&pd_rd_w=eg3Ej&content-id=amzn1.sym.8de9b3d5-f5c5-40e9-9b39-d65f08d6ea68%3Aamzn1.sym.8de9b3d5-f5c5-40e9-9b39-d65f08d6ea68&pf_rd_p=8de9b3d5-f5c5-40e9-9b39-d65f08d6ea68&pf_rd_r=0GJFB8YWQJM3W1JC9RC2&pd_rd_wg=iwTX6&pd_rd_r=1fbb64c1-d9e1-4edd-9528-6460b78cf443&pd_rd_plhdr=t,"https://m.media-amazon.com/images/I/41i54vjKDPL._AC_SR250,250_QL65_.jpg",45,排名靠前。
2026-10-03,amazon_us,product,search,platform sandals women,19,REEF,¥312.62,4.3,REEF,,,,,,https://www.amazon.com/REEF-Womens-Sandals-Cushion-Leopard/dp/B0FGKSYS9T/ref=sr_1_10?dib=eyJ2IjoiMSJ9.EIJh1jY9ea3EISWsO86AbasBs3B0AFIH9_ItfRcYxWlPm9Swj9fm4tfipKAl83SypZURbe6h-BJ30M2zNzZlBV0pX2JQEqZQVQl7wAhvYX5pFRFV4kc8hjzJbQ09sC1Px1aiWX8lsgLfoNvc8eVSTtYLvwjJw0HW_ISndodek7bCoPxWbA__kFWFIItagU8sSEAhbRza7wN5t9sx5poFkupssl3pTitqlJTO3y_bmr8Rf-7wNasSyajhQdaCot1CCIRNMz7tAU8pwIREtK9ASdIusqgHKBs_99z9sypodt0.4ThtlaFMKnLZ--QAfCspo4Al74B6dHr-9Yc5gyTolOM&dib_tag=se&keywords=platform+sandals+women&qid=1791007349&sr=8-10,https://m.media-amazon.com/images/I/61DRcyLcgCL._AC_UL320_.jpg,45,排名进入前30；价格高于人民币等值¥288.00；评分达到4.3以上。
2026-10-03,amazon_us,product,search,platform sandals women,20,Madden Girl,¥212.40,3.8,Madden Girl,,,,,,https://www.amazon.com/Madden-Girl-Womens-Mythicall-Natural/dp/B0CNKPC4Y5/ref=sr_1_11?dib=eyJ2IjoiMSJ9.EIJh1jY9ea3EISWsO86AbasBs3B0AFIH9_ItfRcYxWlPm9Swj9fm4tfipKAl83SypZURbe6h-BJ30M2zNzZlBV0pX2JQEqZQVQl7wAhvYX5pFRFV4kc8hjzJbQ09sC1Px1aiWX8lsgLfoNvc8eVSTtYLvwjJw0HW_ISndodek7bCoPxWbA__kFWFIItagU8sSEAhbRza7wN5t9sx5poFkupssl3pTitqlJTO3y_bmr8Rf-7wNasSyajhQdaCot1CCIRNMz7tAU8pwIREtK9ASdIusqgHKBs_99z9sypodt0.4ThtlaFMKnLZ--QAfCspo4Al74B6dHr-9Yc5gyTolOM&dib_tag=se&keywords=platform+sandals+women&qid=1791007349&sr=8-11,https://m.media-amazon.com/images/I/71SNHrdlHML._AC_UL320_.jpg,45,排名进入前30；价格处于人民币等值¥180.00-¥288.00区间。
2026-10-03,amazon_us,product,search,platform sandals women,24,HEYDUDE,¥395.64,4.4,HEYDUDE,,,,,,https://www.amazon.com/HEYDUDE-Womens-Austin-Classic-Cognac/dp/B0F7NWHTF1/ref=sr_1_15?dib=eyJ2IjoiMSJ9.EIJh1jY9ea3EISWsO86AbasBs3B0AFIH9_ItfRcYxWlPm9Swj9fm4tfipKAl83SypZURbe6h-BJ30M2zNzZlBV0pX2JQEqZQVQl7wAhvYX5pFRFV4kc8hjzJbQ09sC1Px1aiWX8lsgLfoNvc8eVSTtYLvwjJw0HW_ISndodek7bCoPxWbA__kFWFIItagU8sSEAhbRza7wN5t9sx5poFkupssl3pTitqlJTO3y_bmr8Rf-7wNasSyajhQdaCot1CCIRNMz7tAU8pwIREtK9ASdIusqgHKBs_99z9sypodt0.4ThtlaFMKnLZ--QAfCspo4Al74B6dHr-9Yc5gyTolOM&dib_tag=se&keywords=platform+sandals+women&qid=1791007349&sr=8-15,https://m.media-amazon.com/images/I/71+OUCJdJzL._AC_UL320_.jpg,45,排名进入前30；价格高于人民币等值¥288.00；评分达到4.3以上。
2026-10-03,amazon_us,product,new_releases,New Releases Women Sandals,14,"DREAM PAIRS Women's Chunky Low Heel Thong Sandals | Square Open Toe Slip On, Flip Flop Summer Heels, Comfortable Elgeant Going Out Sandals, Causal for Travel Daily Party Events",,3.8,$24.99,,,,,,https://www.amazon.com/DREAM-PAIRS-Womens-Chunky-Sandals/dp/B0H4FNT36P/ref=zg_bsnr_g_679425011_d_sccl_14/140-1390172-0697403?psc=1,"https://images-na.ssl-images-amazon.com/images/I/61B769rYVcL._AC_UL600_SR600,400_.jpg",44,排名进入前30；标题包含 comfort、summer，符合美国女鞋舒适化趋势。
2026-10-03,amazon_us,product,new_releases,New Releases Women Sandals,19,"Hioora Toe Separating Arch Support Sandals Slippers for Women | Toe Separator, Indoor & Outdoor, Summer Slides, Arch Support",,,$22.99,,,,,,https://www.amazon.com/Hioora-Separating-Support-Sandals-Slippers/dp/B0HKFVXJDT/ref=zg_bsnr_g_679425011_d_sccl_19/140-1390172-0697403?psc=1,"https://images-na.ssl-images-amazon.com/images/I/613fzDe1kmL._AC_UL600_SR600,400_.jpg",44,排名进入前30；标题包含 arch support、summer，符合美国女鞋舒适化趋势。
2026-10-03,amazon_us,product,new_releases,New Releases Women Sandals,35,IDIFU Women's IN3 Chunky Platform Block Heels Thick Mule Sandals | Square Open Toe Fashion Comfortable Slip On Casual for Work Wedding Bridal Prom Party Vacation Dress Shoes,,3.9,$32.29,,,,,,https://www.amazon.com/IDIFU-Womens-Chunky-Platform-Sandals/dp/B0H5V45TNH/ref=zg_bsnr_g_679425011_d_sccl_35/140-1390172-0697403?psc=1,"https://images-na.ssl-images-amazon.com/images/I/41FoDfo0M9L._AC_UL300_SR300,200_.jpg",44,排名进入前50；标题包含 platform、comfort，符合美国女鞋舒适化趋势；platform + comfort组合趋势加分。
2026-10-03,amazon_us,product,search,women summer slippers,49,Women and Men Linen House Slippers Indoor,¥100.73,4.1,100+ bought in past month,,,,,,https://www.amazon.com/EitCaton-Slippers-Non-Slip-Open-Toe-Washable/dp/B0DVR24MMK/ref=sr_1_41?dib=eyJ2IjoiMSJ9.xY0HMvNCXwtTQIOE4QTD3NRo22Dt7WlNtuucVfc8UyN6G3YKiRIsmqznMD0LvyeshrOL_mwuf8XzD9XgnVPcN8SRmBO0bGn1lH7sBLKWjm4hZfCJiXth3u_ZV-mqIh89m-OaKfN_HSXHfefzj_6uIwGyojjqHPGw4g4uBeujeX0TRpnwJO9vF1y64tmOQOiUXywE93SwtIKTZ_LgNIA9ymYX_NbtETMLswrHzjThlbFW8J2fcsztjaDTLtmc_RlfHctKhjoLgGQLFVeEN9Yx7HzPvSzQx4061st70b5Lmbc.1RlU4WyCUIWTN4BgOTOl-cay24bMOXj8Na6VA9jT9Dk&dib_tag=se&keywords=women+summer+slippers&qid=1791007348&sr=8-41,https://m.media-amazon.com/images/I/81HinGlzSrL._AC_UL320_.jpg,44,排名进入前50；评论数达到50以上；价格处于人民币等值¥57.60-¥180.00黄金区间；评分达到4.0以上。
2026-10-03,amazon_us,product,best_sellers,Best Sellers Women Sandals,19,IDIFU Women's Cookie-LO Low Block Heels Chunky Sandals Ankle Strap Wedding Dress Pump Shoes,,4.3,$25.70,,,,,,https://www.amazon.com/IDIFU-Womens-Cookie-LO-Sandals-Wedding/dp/B08HVNK84W/ref=zg_bs_g_679425011_d_sccl_19/137-7673390-5806847?psc=1,"https://images-na.ssl-images-amazon.com/images/I/61Z5dHV-bzL._AC_UL600_SR600,400_.jpg",42,排名进入前30；评分达到4.3以上。
2026-10-03,amazon_us,product,best_sellers,Best Sellers Women Sandals,28,PARTY Women's Open Toe Ankle Strap Low Block Chunky Heels Sandals,,4.3,$30.99,,,,,,https://www.amazon.com/PARTY-Womens-Ankle-Chunky-Sandals/dp/B0CR9QXJTK/ref=zg_bs_g_679425011_d_sccl_28/137-7673390-5806847?psc=1,"https://images-na.ssl-images-amazon.com/images/I/615IvQVkYsL._AC_UL600_SR600,400_.jpg",42,排名进入前30；评分达到4.3以上。
2026-10-03,amazon_us,product,best_sellers,Best Sellers Women Sandals,30,Havaianas Women's Slim Sandals,,4.5,$27.90,,,,,,https://www.amazon.com/Havaianas-Womens-Slim-Sandal-Black/dp/B000NBGN0W/ref=zg_bs_g_679425011_d_sccl_30/137-7673390-5806847?psc=1,"https://images-na.ssl-images-amazon.com/images/I/61JHkRJJEFL._AC_UL600_SR600,400_.jpg",42,排名进入前30；评分达到4.3以上。
2026-10-03,amazon_us,product,new_releases,New Releases Women Sandals,23,Mostrin Kitten Heels for Women Summer Mules Heels Stiletto Heeled Sandals Slip On Backless Dressy Womens Sandals,,4.0,$39.98,,,,,,https://www.amazon.com/Mostrin-Pointed-Stiletto-Sandals-Backless/dp/B0H3KZBF32/ref=zg_bsnr_g_679425011_d_sccl_23/140-1390172-0697403?psc=1,"https://images-na.ssl-images-amazon.com/images/I/61CD4TQHGML._AC_UL600_SR600,400_.jpg",42,排名进入前30；标题包含 summer，符合美国女鞋舒适化趋势；评分达到4.0以上。
2026-10-03,amazon_us,product,search,women summer slippers,32,Ankis,¥58.03,4.3,Ankis,,,,,,https://www.amazon.com/Ankis-Womens-Slippers-Anti-Slip-Outdoor/dp/B099WQWYZP/ref=sr_1_24?dib=eyJ2IjoiMSJ9.xY0HMvNCXwtTQIOE4QTD3NRo22Dt7WlNtuucVfc8UyN6G3YKiRIsmqznMD0LvyeshrOL_mwuf8XzD9XgnVPcN8SRmBO0bGn1lH7sBLKWjm4hZfCJiXth3u_ZV-mqIh89m-OaKfN_HSXHfefzj_6uIwGyojjqHPGw4g4uBeujeX0TRpnwJO9vF1y64tmOQOiUXywE93SwtIKTZ_LgNIA9ymYX_NbtETMLswrHzjThlbFW8J2fcsztjaDTLtmc_RlfHctKhjoLgGQLFVeEN9Yx7HzPvSzQx4061st70b5Lmbc.1RlU4WyCUIWTN4BgOTOl-cay24bMOXj8Na6VA9jT9Dk&dib_tag=se&keywords=women+summer+slippers&qid=1791007348&sr=8-24,https://m.media-amazon.com/images/I/71zvqjfAzaL._AC_UL320_.jpg,42,排名进入前50；价格处于人民币等值¥57.60-¥180.00黄金区间；评分达到4.3以上。
2026-10-03,amazon_us,product,search,women summer slippers,35,KuaiLu,¥100.66,4.3,KuaiLu,,,,,,https://www.amazon.com/KuaiLu-Support-Comfortable-Walking-Sandals/dp/B0C5ZZ51RT/ref=sr_1_27?dib=eyJ2IjoiMSJ9.xY0HMvNCXwtTQIOE4QTD3NRo22Dt7WlNtuucVfc8UyN6G3YKiRIsmqznMD0LvyeshrOL_mwuf8XzD9XgnVPcN8SRmBO0bGn1lH7sBLKWjm4hZfCJiXth3u_ZV-mqIh89m-OaKfN_HSXHfefzj_6uIwGyojjqHPGw4g4uBeujeX0TRpnwJO9vF1y64tmOQOiUXywE93SwtIKTZ_LgNIA9ymYX_NbtETMLswrHzjThlbFW8J2fcsztjaDTLtmc_RlfHctKhjoLgGQLFVeEN9Yx7HzPvSzQx4061st70b5Lmbc.1RlU4WyCUIWTN4BgOTOl-cay24bMOXj8Na6VA9jT9Dk&dib_tag=se&keywords=women+summer+slippers&qid=1791007348&sr=8-27,https://m.media-amazon.com/images/I/710PdcSAm6L._AC_UL320_.jpg,42,排名进入前50；价格处于人民币等值¥57.60-¥180.00黄金区间；评分达到4.3以上。
2026-10-03,amazon_us,product,search,women summer slippers,37,ATHMILE,¥110.09,4.5,ATHMILE,,,,,,https://www.amazon.com/ATHMILE-Slippers-Barefoot-Bedroom-8-5-9-5/dp/B0CXDKD35S/ref=sr_1_29?dib=eyJ2IjoiMSJ9.xY0HMvNCXwtTQIOE4QTD3NRo22Dt7WlNtuucVfc8UyN6G3YKiRIsmqznMD0LvyeshrOL_mwuf8XzD9XgnVPcN8SRmBO0bGn1lH7sBLKWjm4hZfCJiXth3u_ZV-mqIh89m-OaKfN_HSXHfefzj_6uIwGyojjqHPGw4g4uBeujeX0TRpnwJO9vF1y64tmOQOiUXywE93SwtIKTZ_LgNIA9ymYX_NbtETMLswrHzjThlbFW8J2fcsztjaDTLtmc_RlfHctKhjoLgGQLFVeEN9Yx7HzPvSzQx4061st70b5Lmbc.1RlU4WyCUIWTN4BgOTOl-cay24bMOXj8Na6VA9jT9Dk&dib_tag=se&keywords=women+summer+slippers&qid=1791007348&sr=8-29,https://m.media-amazon.com/images/I/71pjxDZzLbL._AC_UL320_.jpg,42,排名进入前50；价格处于人民币等值¥57.60-¥180.00黄金区间；评分达到4.3以上。
2026-10-03,amazon_us,product,search,women summer slippers,42,KIDMI,¥151.13,4.4,KIDMI,,,,,,https://www.amazon.com/KIDMI-Womens-Comfortable-Walking-Sandals/dp/B0FC28GT31/ref=sr_1_34?dib=eyJ2IjoiMSJ9.xY0HMvNCXwtTQIOE4QTD3NRo22Dt7WlNtuucVfc8UyN6G3YKiRIsmqznMD0LvyeshrOL_mwuf8XzD9XgnVPcN8SRmBO0bGn1lH7sBLKWjm4hZfCJiXth3u_ZV-mqIh89m-OaKfN_HSXHfefzj_6uIwGyojjqHPGw4g4uBeujeX0TRpnwJO9vF1y64tmOQOiUXywE93SwtIKTZ_LgNIA9ymYX_NbtETMLswrHzjThlbFW8J2fcsztjaDTLtmc_RlfHctKhjoLgGQLFVeEN9Yx7HzPvSzQx4061st70b5Lmbc.1RlU4WyCUIWTN4BgOTOl-cay24bMOXj8Na6VA9jT9Dk&dib_tag=se&keywords=women+summer+slippers&qid=1791007348&sr=8-34,https://m.media-amazon.com/images/I/71xyikXkd0L._AC_UL320_.jpg,42,排名进入前50；价格处于人民币等值¥57.60-¥180.00黄金区间；评分达到4.3以上。
2026-10-03,amazon_us,product,search,women summer slippers,44,isotoner,¥141.26,4.4,isotoner,,,,,,https://www.amazon.com/isotoner-Ballerina-Slipper-Quilted-Periwinkle/dp/B07W7W26CG/ref=sr_1_36?dib=eyJ2IjoiMSJ9.xY0HMvNCXwtTQIOE4QTD3NRo22Dt7WlNtuucVfc8UyN6G3YKiRIsmqznMD0LvyeshrOL_mwuf8XzD9XgnVPcN8SRmBO0bGn1lH7sBLKWjm4hZfCJiXth3u_ZV-mqIh89m-OaKfN_HSXHfefzj_6uIwGyojjqHPGw4g4uBeujeX0TRpnwJO9vF1y64tmOQOiUXywE93SwtIKTZ_LgNIA9ymYX_NbtETMLswrHzjThlbFW8J2fcsztjaDTLtmc_RlfHctKhjoLgGQLFVeEN9Yx7HzPvSzQx4061st70b5Lmbc.1RlU4WyCUIWTN4BgOTOl-cay24bMOXj8Na6VA9jT9Dk&dib_tag=se&keywords=women+summer+slippers&qid=1791007348&sr=8-36,https://m.media-amazon.com/images/I/71By5NlPHFL._AC_UL320_.jpg,42,排名进入前50；价格处于人民币等值¥57.60-¥180.00黄金区间；评分达到4.3以上。
2026-10-03,amazon_us,product,search,women summer slippers,46,EverFoams,¥86.26,4.3,EverFoams,,,,,,https://www.amazon.com/EverFoams-Slippers-Outdoor-Outsole-Vanilla/dp/B0DPZPQ4JW/ref=sr_1_38?dib=eyJ2IjoiMSJ9.xY0HMvNCXwtTQIOE4QTD3NRo22Dt7WlNtuucVfc8UyN6G3YKiRIsmqznMD0LvyeshrOL_mwuf8XzD9XgnVPcN8SRmBO0bGn1lH7sBLKWjm4hZfCJiXth3u_ZV-mqIh89m-OaKfN_HSXHfefzj_6uIwGyojjqHPGw4g4uBeujeX0TRpnwJO9vF1y64tmOQOiUXywE93SwtIKTZ_LgNIA9ymYX_NbtETMLswrHzjThlbFW8J2fcsztjaDTLtmc_RlfHctKhjoLgGQLFVeEN9Yx7HzPvSzQx4061st70b5Lmbc.1RlU4WyCUIWTN4BgOTOl-cay24bMOXj8Na6VA9jT9Dk&dib_tag=se&keywords=women+summer+slippers&qid=1791007348&sr=8-38,https://m.media-amazon.com/images/I/61-syU96aOL._AC_UL320_.jpg,42,排名进入前50；价格处于人民币等值¥57.60-¥180.00黄金区间；评分达到4.3以上。
2026-10-03,amazon_us,product,search,women summer slippers,47,HomeTop,¥122.33,4.4,HomeTop,,,,,,https://www.amazon.com/Womens-Comfort-Cotton-Slippers-Anti-Skid/dp/B07J5QBSWK/ref=sr_1_39?dib=eyJ2IjoiMSJ9.xY0HMvNCXwtTQIOE4QTD3NRo22Dt7WlNtuucVfc8UyN6G3YKiRIsmqznMD0LvyeshrOL_mwuf8XzD9XgnVPcN8SRmBO0bGn1lH7sBLKWjm4hZfCJiXth3u_ZV-mqIh89m-OaKfN_HSXHfefzj_6uIwGyojjqHPGw4g4uBeujeX0TRpnwJO9vF1y64tmOQOiUXywE93SwtIKTZ_LgNIA9ymYX_NbtETMLswrHzjThlbFW8J2fcsztjaDTLtmc_RlfHctKhjoLgGQLFVeEN9Yx7HzPvSzQx4061st70b5Lmbc.1RlU4WyCUIWTN4BgOTOl-cay24bMOXj8Na6VA9jT9Dk&dib_tag=se&keywords=women+summer+slippers&qid=1791007348&sr=8-39,https://m.media-amazon.com/images/I/71h+wvVaLcL._AC_UL320_.jpg,42,排名进入前50；价格处于人民币等值¥57.60-¥180.00黄金区间；评分达到4.3以上。
2026-10-03,amazon_us,product,search,women summer slippers,48,Evshine,¥71.93,4.5,Evshine,,,,,,https://www.amazon.com/Evshine-Womens-Fuzzy-Slippers-Memory/dp/B08KXKFSJF/ref=sr_1_40?dib=eyJ2IjoiMSJ9.xY0HMvNCXwtTQIOE4QTD3NRo22Dt7WlNtuucVfc8UyN6G3YKiRIsmqznMD0LvyeshrOL_mwuf8XzD9XgnVPcN8SRmBO0bGn1lH7sBLKWjm4hZfCJiXth3u_ZV-mqIh89m-OaKfN_HSXHfefzj_6uIwGyojjqHPGw4g4uBeujeX0TRpnwJO9vF1y64tmOQOiUXywE93SwtIKTZ_LgNIA9ymYX_NbtETMLswrHzjThlbFW8J2fcsztjaDTLtmc_RlfHctKhjoLgGQLFVeEN9Yx7HzPvSzQx4061st70b5Lmbc.1RlU4WyCUIWTN4BgOTOl-cay24bMOXj8Na6VA9jT9Dk&dib_tag=se&keywords=women+summer+slippers&qid=1791007348&sr=8-40,https://m.media-amazon.com/images/I/815nzDtVIOL._AC_UL320_.jpg,42,排名进入前50；价格处于人民币等值¥57.60-¥180.00黄金区间；评分达到4.3以上。
2026-10-03,amazon_us,product,search,women summer slippers,50,Crocs,¥179.93,4.4,Crocs,,,,,,https://www.amazon.com/Crocs-Womens-Kadee-Ii-Flip/dp/B010123E6S/ref=sr_1_42?dib=eyJ2IjoiMSJ9.xY0HMvNCXwtTQIOE4QTD3NRo22Dt7WlNtuucVfc8UyN6G3YKiRIsmqznMD0LvyeshrOL_mwuf8XzD9XgnVPcN8SRmBO0bGn1lH7sBLKWjm4hZfCJiXth3u_ZV-mqIh89m-OaKfN_HSXHfefzj_6uIwGyojjqHPGw4g4uBeujeX0TRpnwJO9vF1y64tmOQOiUXywE93SwtIKTZ_LgNIA9ymYX_NbtETMLswrHzjThlbFW8J2fcsztjaDTLtmc_RlfHctKhjoLgGQLFVeEN9Yx7HzPvSzQx4061st70b5Lmbc.1RlU4WyCUIWTN4BgOTOl-cay24bMOXj8Na6VA9jT9Dk&dib_tag=se&keywords=women+summer+slippers&qid=1791007348&sr=8-42,https://m.media-amazon.com/images/I/61zhSrNbuaL._AC_UL320_.jpg,42,排名进入前50；价格处于人民币等值¥57.60-¥180.00黄金区间；评分达到4.3以上。
2026-10-03,amazon_us,product,search,women slides,39,Joomra,¥143.86,4.3,Joomra,,,,,,https://www.amazon.com/Joomra-Slippers-Massage-Cushion-Bathroom/dp/B0965322N2/ref=sr_1_26?dib=eyJ2IjoiMSJ9._15A5a1ahvFQhpFGdv4ULe5ISCpT-qDImHOl_nO4JUk4x0xijIbmadlGqVZf6iI8uZ6FFxT_fGs1VgzZnEaMEVu5sgIxia5Ofzu8CJWs-iwBoFda-2pIwOeOmuCeSjULgx98hpsO0jwDCccwoazRakUQKVBjDpFkwb-eDEoJXHn5emi2HFSMCLh7xzrCNYw3JMCIg3CGFCNJvmVQVxm1fQd49U2eJPf09_bcwymCD8N8vXDgNazK0sKNdTZ4eyAezBBUhgm6tg-oh1wpqH3pAJoBcAKOOz9FR1sdGSApFMA.iBVg4vHkRGh1Sct-Azb2LiFXMfmOvLfedxJE1W3oiHc&dib_tag=se&keywords=women+slides&qid=1791007349&sr=8-26,https://m.media-amazon.com/images/I/71pkhgTTRXL._AC_UL320_.jpg,42,排名进入前50；价格处于人民币等值¥57.60-¥180.00黄金区间；评分达到4.3以上。
2026-10-03,amazon_us,product,search,platform sandals women,22,Aerosoles,¥359.93,4.2,Aerosoles,,,,,,https://www.amazon.com/Aerosoles-Womens-CAMILIA-Heeled-Natural/dp/B0CTKDTBST/ref=sr_1_13?dib=eyJ2IjoiMSJ9.EIJh1jY9ea3EISWsO86AbasBs3B0AFIH9_ItfRcYxWlPm9Swj9fm4tfipKAl83SypZURbe6h-BJ30M2zNzZlBV0pX2JQEqZQVQl7wAhvYX5pFRFV4kc8hjzJbQ09sC1Px1aiWX8lsgLfoNvc8eVSTtYLvwjJw0HW_ISndodek7bCoPxWbA__kFWFIItagU8sSEAhbRza7wN5t9sx5poFkupssl3pTitqlJTO3y_bmr8Rf-7wNasSyajhQdaCot1CCIRNMz7tAU8pwIREtK9ASdIusqgHKBs_99z9sypodt0.4ThtlaFMKnLZ--QAfCspo4Al74B6dHr-9Yc5gyTolOM&dib_tag=se&keywords=platform+sandals+women&qid=1791007349&sr=8-13,https://m.media-amazon.com/images/I/71bCv2s89xL._AC_UL320_.jpg,42,排名进入前30；价格高于人民币等值¥288.00；评分达到4.0以上。
2026-10-03,amazon_us,product,best_sellers,Best Sellers Women Sandals,45,Project Cloud Flip Flops for Women Memory Foam Womens Flats Sandals Women | Flexible Upper & Durable Outsole Womens Sandals - Beach Essentials Womens Flat Sandals for Everyday Comfort Wear Flip Flops,,4.2,$19.90,,,,,,https://www.amazon.com/Project-Cloud-Flip-flops-Women/dp/B0D2F7FF1F/ref=zg_bs_g_679425011_d_sccl_45/140-1390172-0697403?psc=1,"https://images-na.ssl-images-amazon.com/images/I/41JMYLSDC3L._AC_UL300_SR300,200_.jpg",41,排名进入前50；标题包含 cloud、comfort、beach，符合美国女鞋舒适化趋势；评分达到4.0以上。
2026-10-03,amazon_us,product,new_releases,New Releases Women Sandals,26,"JACKSHIBO Jelly Flip Flops for Women Slip on Thong Sandals Clear Slides | Fashion Trendy Sandals, Summer Beach Walking, Non Slip Flat for Shower Pool, Waterproof, Transparent, PVC, Tortie Tortoise",,3.8,$9.99,,,,,,https://www.amazon.com/JACKSHIBO-Jelly-Flip-Sandals-Slides/dp/B0HBVBF5HC/ref=zg_bsnr_g_679425011_d_sccl_26/140-1390172-0697403?psc=1,"https://images-na.ssl-images-amazon.com/images/I/81olzVAfhkL._AC_UL600_SR600,400_.jpg",41,排名进入前30；标题包含 beach、summer，符合美国女鞋舒适化趋势。
2026-10-03,amazon_us,product,search,women slides,41,PUMA,¥199.87,5.0,PUMA,,,,,,https://www.amazon.com/PUMA-Womens-Slide-Sandals-Black-Mauve/dp/B0GRKGZ78L/ref=sr_1_28?dib=eyJ2IjoiMSJ9._15A5a1ahvFQhpFGdv4ULe5ISCpT-qDImHOl_nO4JUk4x0xijIbmadlGqVZf6iI8uZ6FFxT_fGs1VgzZnEaMEVu5sgIxia5Ofzu8CJWs-iwBoFda-2pIwOeOmuCeSjULgx98hpsO0jwDCccwoazRakUQKVBjDpFkwb-eDEoJXHn5emi2HFSMCLh7xzrCNYw3JMCIg3CGFCNJvmVQVxm1fQd49U2eJPf09_bcwymCD8N8vXDgNazK0sKNdTZ4eyAezBBUhgm6tg-oh1wpqH3pAJoBcAKOOz9FR1sdGSApFMA.iBVg4vHkRGh1Sct-Azb2LiFXMfmOvLfedxJE1W3oiHc&dib_tag=se&keywords=women+slides&qid=1791007349&sr=8-28,https://m.media-amazon.com/images/I/71kIVrdgXOL._AC_UL320_.jpg,40,排名进入前50；价格处于人民币等值¥180.00-¥288.00区间；评分达到4.6以上。
2026-10-03,amazon_us,product,best_sellers,Best Sellers Women Sandals,20,LULLASONG Women's Kitten Heels Sandals Square Open Toe Flip Flop Heels 1.8-2 Inch Heeled Sandals for Women,,4.0,$35.99,,,,,,https://www.amazon.com/LULLASONG-Womens-Kitten-Sandals-Square/dp/B0DCFSM597/ref=zg_bs_g_679425011_d_sccl_20/137-7673390-5806847?psc=1,"https://images-na.ssl-images-amazon.com/images/I/61aVZl7OhqL._AC_UL600_SR600,400_.jpg",39,排名进入前30；评分达到4.0以上。
2026-10-03,amazon_us,product,best_sellers,Best Sellers Women Sandals,24,Susanny High Heels for Women Pointed Open Toe Strappy Chunky Block Heels Ankle Strap Stiletto Kitten Heeled Sandals Wedding Bridal Party Prom Sexy Dress Shoes,,4.2,$34.11,,,,,,https://www.amazon.com/Susanny-Pointed-Strappy-Stiletto-Sandals/dp/B0DSVWC8P3/ref=zg_bs_g_679425011_d_sccl_24/137-7673390-5806847?psc=1,"https://images-na.ssl-images-amazon.com/images/I/71xlGjMZFaL._AC_UL600_SR600,400_.jpg",39,排名进入前30；评分达到4.0以上。
2026-10-03,amazon_us,product,best_sellers,Best Sellers Women Sandals,27,Hodeery Women's Kitten Heels Thong Sandals Open Square Toe Flip Flop Low Heels 2.5 Inch Slip On Sexy Women Dressy Slide Shoes for Casual,,4.0,$26.92,,,,,,https://www.amazon.com/Hodeery-Womens-Kitten-Sandals-Square/dp/B0DT8C6HKM/ref=zg_bs_g_679425011_d_sccl_27/137-7673390-5806847?psc=1,"https://images-na.ssl-images-amazon.com/images/I/51Pl6wuu4HL._AC_UL600_SR600,400_.jpg",39,排名进入前30；评分达到4.0以上。
2026-10-03,amazon_us,product,best_sellers,Best Sellers Women Sandals,44,KuaiLu Womens Flip Flops Arch Support Yoga Mat Cushioned Thong Sandals | Ladies Comfortable Walking Slides For Plantar Fasciitis Slip On Indoor Outdoor For Summer,,4.1,$25.99,,,,,,https://www.amazon.com/KuaiLu-Comfortable-Walking-Sandals-Fasciitis/dp/B08XX52FHY/ref=zg_bs_g_679425011_d_sccl_44/140-1390172-0697403?psc=1,"https://images-na.ssl-images-amazon.com/images/I/61giVB09JoL._AC_UL300_SR300,200_.jpg",39,排名进入前50；标题包含 comfort、arch support、summer，符合美国女鞋舒适化趋势；评分达到4.0以上。
2026-10-03,amazon_us,product,search,women summer slippers,31,Garonne,¥115.13,4.2,Garonne,,,,,,https://www.amazon.com/Garonne-Slippers-Non-Slip-Bedroom-Outdoor/dp/B0F37BTNB5/ref=sr_1_23?dib=eyJ2IjoiMSJ9.xY0HMvNCXwtTQIOE4QTD3NRo22Dt7WlNtuucVfc8UyN6G3YKiRIsmqznMD0LvyeshrOL_mwuf8XzD9XgnVPcN8SRmBO0bGn1lH7sBLKWjm4hZfCJiXth3u_ZV-mqIh89m-OaKfN_HSXHfefzj_6uIwGyojjqHPGw4g4uBeujeX0TRpnwJO9vF1y64tmOQOiUXywE93SwtIKTZ_LgNIA9ymYX_NbtETMLswrHzjThlbFW8J2fcsztjaDTLtmc_RlfHctKhjoLgGQLFVeEN9Yx7HzPvSzQx4061st70b5Lmbc.1RlU4WyCUIWTN4BgOTOl-cay24bMOXj8Na6VA9jT9Dk&dib_tag=se&keywords=women+summer+slippers&qid=1791007348&sr=8-23,https://m.media-amazon.com/images/I/81JmkmTRcmL._AC_UL320_.jpg,39,排名进入前50；价格处于人民币等值¥57.60-¥180.00黄金区间；评分达到4.0以上。
2026-10-03,amazon_us,product,search,women summer slippers,34,mazeskin,¥71.93,4.2,mazeskin,,,,,,https://www.amazon.com/mazeskin-Womens-Comfortable-Sandals-Leather/dp/B0F32KMZ18/ref=sr_1_26?dib=eyJ2IjoiMSJ9.xY0HMvNCXwtTQIOE4QTD3NRo22Dt7WlNtuucVfc8UyN6G3YKiRIsmqznMD0LvyeshrOL_mwuf8XzD9XgnVPcN8SRmBO0bGn1lH7sBLKWjm4hZfCJiXth3u_ZV-mqIh89m-OaKfN_HSXHfefzj_6uIwGyojjqHPGw4g4uBeujeX0TRpnwJO9vF1y64tmOQOiUXywE93SwtIKTZ_LgNIA9ymYX_NbtETMLswrHzjThlbFW8J2fcsztjaDTLtmc_RlfHctKhjoLgGQLFVeEN9Yx7HzPvSzQx4061st70b5Lmbc.1RlU4WyCUIWTN4BgOTOl-cay24bMOXj8Na6VA9jT9Dk&dib_tag=se&keywords=women+summer+slippers&qid=1791007348&sr=8-26,https://m.media-amazon.com/images/I/71jV8GHPNSL._AC_UL320_.jpg,39,排名进入前50；价格处于人民币等值¥57.60-¥180.00黄金区间；评分达到4.0以上。
2026-10-03,amazon_us,product,search,women summer slippers,40,Linen House Slippers for Women Men,¥71.93,4.2,"Price, product page $9.99 $ 9 . 99",,,,,,https://www.amazon.com/VIDSID-Linen-Slippers-Breathable-Anti-Slip/dp/B0D4DNFVWP/ref=sr_1_32?dib=eyJ2IjoiMSJ9.xY0HMvNCXwtTQIOE4QTD3NRo22Dt7WlNtuucVfc8UyN6G3YKiRIsmqznMD0LvyeshrOL_mwuf8XzD9XgnVPcN8SRmBO0bGn1lH7sBLKWjm4hZfCJiXth3u_ZV-mqIh89m-OaKfN_HSXHfefzj_6uIwGyojjqHPGw4g4uBeujeX0TRpnwJO9vF1y64tmOQOiUXywE93SwtIKTZ_LgNIA9ymYX_NbtETMLswrHzjThlbFW8J2fcsztjaDTLtmc_RlfHctKhjoLgGQLFVeEN9Yx7HzPvSzQx4061st70b5Lmbc.1RlU4WyCUIWTN4BgOTOl-cay24bMOXj8Na6VA9jT9Dk&dib_tag=se&keywords=women+summer+slippers&qid=1791007348&sr=8-32,https://m.media-amazon.com/images/I/81CG5b2e3QL._AC_UL320_.jpg,39,排名进入前50；价格处于人民币等值¥57.60-¥180.00黄金区间；评分达到4.0以上。
2026-10-03,amazon_us,product,search,women summer slippers,45,Garonne,¥179.93,4.2,Garonne,,,,,,https://www.amazon.com/Garonne-Dual-Strap-Adjustable-Open-toe-Slippers/dp/B0FNRGR78V/ref=sr_1_37?dib=eyJ2IjoiMSJ9.xY0HMvNCXwtTQIOE4QTD3NRo22Dt7WlNtuucVfc8UyN6G3YKiRIsmqznMD0LvyeshrOL_mwuf8XzD9XgnVPcN8SRmBO0bGn1lH7sBLKWjm4hZfCJiXth3u_ZV-mqIh89m-OaKfN_HSXHfefzj_6uIwGyojjqHPGw4g4uBeujeX0TRpnwJO9vF1y64tmOQOiUXywE93SwtIKTZ_LgNIA9ymYX_NbtETMLswrHzjThlbFW8J2fcsztjaDTLtmc_RlfHctKhjoLgGQLFVeEN9Yx7HzPvSzQx4061st70b5Lmbc.1RlU4WyCUIWTN4BgOTOl-cay24bMOXj8Na6VA9jT9Dk&dib_tag=se&keywords=women+summer+slippers&qid=1791007348&sr=8-37,https://m.media-amazon.com/images/I/71DDuy+0v7L._AC_UL320_.jpg,39,排名进入前50；价格处于人民币等值¥57.60-¥180.00黄金区间；评分达到4.0以上。
2026-10-03,amazon_us,product,search,women slides,33,Dirk,¥71.93,4.2,Dirk,,,,,,https://www.amazon.com/Dirk-Slides-Sandals-Slippers-Cushioned/dp/B0B7RLKV2S/ref=sr_1_20?dib=eyJ2IjoiMSJ9._15A5a1ahvFQhpFGdv4ULe5ISCpT-qDImHOl_nO4JUk4x0xijIbmadlGqVZf6iI8uZ6FFxT_fGs1VgzZnEaMEVu5sgIxia5Ofzu8CJWs-iwBoFda-2pIwOeOmuCeSjULgx98hpsO0jwDCccwoazRakUQKVBjDpFkwb-eDEoJXHn5emi2HFSMCLh7xzrCNYw3JMCIg3CGFCNJvmVQVxm1fQd49U2eJPf09_bcwymCD8N8vXDgNazK0sKNdTZ4eyAezBBUhgm6tg-oh1wpqH3pAJoBcAKOOz9FR1sdGSApFMA.iBVg4vHkRGh1Sct-Azb2LiFXMfmOvLfedxJE1W3oiHc&dib_tag=se&keywords=women+slides&qid=1791007349&sr=8-20,https://m.media-amazon.com/images/I/515Hu5Wef6L._AC_UL320_.jpg,39,排名进入前50；价格处于人民币等值¥57.60-¥180.00黄金区间；评分达到4.0以上。
2026-10-03,amazon_us,product,search,women slides,37,Comwarm,¥86.33,4.2,Comwarm,,,,,,https://www.amazon.com/Sandals-Lightweight-Bathroom-Non-Slip-Slippers/dp/B099DTRKSL/ref=sr_1_24?dib=eyJ2IjoiMSJ9._15A5a1ahvFQhpFGdv4ULe5ISCpT-qDImHOl_nO4JUk4x0xijIbmadlGqVZf6iI8uZ6FFxT_fGs1VgzZnEaMEVu5sgIxia5Ofzu8CJWs-iwBoFda-2pIwOeOmuCeSjULgx98hpsO0jwDCccwoazRakUQKVBjDpFkwb-eDEoJXHn5emi2HFSMCLh7xzrCNYw3JMCIg3CGFCNJvmVQVxm1fQd49U2eJPf09_bcwymCD8N8vXDgNazK0sKNdTZ4eyAezBBUhgm6tg-oh1wpqH3pAJoBcAKOOz9FR1sdGSApFMA.iBVg4vHkRGh1Sct-Azb2LiFXMfmOvLfedxJE1W3oiHc&dib_tag=se&keywords=women+slides&qid=1791007349&sr=8-24,https://m.media-amazon.com/images/I/71outwcHwWL._AC_UL320_.jpg,39,排名进入前50；价格处于人民币等值¥57.60-¥180.00黄金区间；评分达到4.0以上。
2026-10-03,amazon_us,product,search,women slides,48,Anmerl,¥93.53,4.2,Anmerl,,,,,,https://www.amazon.com/Anmerl-Comfortable-Slippers-Ultra-Light-Bathroom/dp/B0CXHLDYB6/ref=sr_1_35?dib=eyJ2IjoiMSJ9._15A5a1ahvFQhpFGdv4ULe5ISCpT-qDImHOl_nO4JUk4x0xijIbmadlGqVZf6iI8uZ6FFxT_fGs1VgzZnEaMEVu5sgIxia5Ofzu8CJWs-iwBoFda-2pIwOeOmuCeSjULgx98hpsO0jwDCccwoazRakUQKVBjDpFkwb-eDEoJXHn5emi2HFSMCLh7xzrCNYw3JMCIg3CGFCNJvmVQVxm1fQd49U2eJPf09_bcwymCD8N8vXDgNazK0sKNdTZ4eyAezBBUhgm6tg-oh1wpqH3pAJoBcAKOOz9FR1sdGSApFMA.iBVg4vHkRGh1Sct-Azb2LiFXMfmOvLfedxJE1W3oiHc&dib_tag=se&keywords=women+slides&qid=1791007349&sr=8-35,https://m.media-amazon.com/images/I/61IjXzVUQ9L._AC_UL320_.jpg,39,排名进入前50；价格处于人民币等值¥57.60-¥180.00黄金区间；评分达到4.0以上。
2026-10-03,amazon_us,product,search,platform sandals women,40,Athlefit,¥122.33,4.0,Athlefit,,,,,,https://www.amazon.com/Athlefit-Espadrilles-Sandals-Studded-Platform/dp/B083NZVCQH/ref=sr_1_31?dib=eyJ2IjoiMSJ9.EIJh1jY9ea3EISWsO86AbasBs3B0AFIH9_ItfRcYxWlPm9Swj9fm4tfipKAl83SypZURbe6h-BJ30M2zNzZlBV0pX2JQEqZQVQl7wAhvYX5pFRFV4kc8hjzJbQ09sC1Px1aiWX8lsgLfoNvc8eVSTtYLvwjJw0HW_ISndodek7bCoPxWbA__kFWFIItagU8sSEAhbRza7wN5t9sx5poFkupssl3pTitqlJTO3y_bmr8Rf-7wNasSyajhQdaCot1CCIRNMz7tAU8pwIREtK9ASdIusqgHKBs_99z9sypodt0.4ThtlaFMKnLZ--QAfCspo4Al74B6dHr-9Yc5gyTolOM&dib_tag=se&keywords=platform+sandals+women&qid=1791007349&sr=8-31,https://m.media-amazon.com/images/I/71PoCinhRsL._AC_UL320_.jpg,39,排名进入前50；价格处于人民币等值¥57.60-¥180.00黄金区间；评分达到4.0以上。
2026-10-03,amazon_us,product,new_releases,New Releases Women Sandals,42,DREAM PAIRS Women's Platform Stiletto High Heel Sandals | Crisscross Open Toe Adjustable Ankle Strap Dress Heels for Wedding Party Prom,,4.7,$49.99,,,,,,https://www.amazon.com/DREAM-PAIRS-Platform-Stiletto-Sandals/dp/B0H8SC1XMP/ref=zg_bsnr_g_679425011_d_sccl_42/140-1390172-0697403?psc=1,"https://images-na.ssl-images-amazon.com/images/I/71ya4iQqiNL._AC_UL300_SR300,200_.jpg",38,排名进入前50；标题包含 platform，符合美国女鞋舒适化趋势；评分达到4.6以上。
2026-10-03,amazon_us,product,search,platform sandals women,45,Women's Platform Sandals Cork Footbed Suede Clogs Sandals Studded Slides,¥215.93,3.9,"Price, product page $29.99 $ 29 . 99",,,,,,https://www.amazon.com/SHASINGGE-Platform-Sandals-Adjustable-Chunky/dp/B0G635HBLG/ref=sr_1_36?dib=eyJ2IjoiMSJ9.EIJh1jY9ea3EISWsO86AbasBs3B0AFIH9_ItfRcYxWlPm9Swj9fm4tfipKAl83SypZURbe6h-BJ30M2zNzZlBV0pX2JQEqZQVQl7wAhvYX5pFRFV4kc8hjzJbQ09sC1Px1aiWX8lsgLfoNvc8eVSTtYLvwjJw0HW_ISndodek7bCoPxWbA__kFWFIItagU8sSEAhbRza7wN5t9sx5poFkupssl3pTitqlJTO3y_bmr8Rf-7wNasSyajhQdaCot1CCIRNMz7tAU8pwIREtK9ASdIusqgHKBs_99z9sypodt0.4ThtlaFMKnLZ--QAfCspo4Al74B6dHr-9Yc5gyTolOM&dib_tag=se&keywords=platform+sandals+women&qid=1791007349&sr=8-36,https://m.media-amazon.com/images/I/71Kmg0cnKNL._AC_UL320_.jpg,38,排名进入前50；价格处于人民币等值¥180.00-¥288.00区间；标题包含 platform，符合美国女鞋舒适化趋势。
2026-10-03,amazon_us,product,search,women slides,43,Tommy Hilfiger,¥215.78,4.4,Tommy Hilfiger,,,,,,https://www.amazon.com/Tommy-Hilfiger-Womens-Sandal-Glitter/dp/B07C9H2SMY/ref=sr_1_30?dib=eyJ2IjoiMSJ9._15A5a1ahvFQhpFGdv4ULe5ISCpT-qDImHOl_nO4JUk4x0xijIbmadlGqVZf6iI8uZ6FFxT_fGs1VgzZnEaMEVu5sgIxia5Ofzu8CJWs-iwBoFda-2pIwOeOmuCeSjULgx98hpsO0jwDCccwoazRakUQKVBjDpFkwb-eDEoJXHn5emi2HFSMCLh7xzrCNYw3JMCIg3CGFCNJvmVQVxm1fQd49U2eJPf09_bcwymCD8N8vXDgNazK0sKNdTZ4eyAezBBUhgm6tg-oh1wpqH3pAJoBcAKOOz9FR1sdGSApFMA.iBVg4vHkRGh1Sct-Azb2LiFXMfmOvLfedxJE1W3oiHc&dib_tag=se&keywords=women+slides&qid=1791007349&sr=8-30,https://m.media-amazon.com/images/I/61U+T6nQA-L._AC_UL320_.jpg,37,排名进入前50；价格处于人民币等值¥180.00-¥288.00区间；评分达到4.3以上。
2026-10-03,amazon_us,product,search,platform sandals women,44,Project Cloud,¥395.28,4.1,Project Cloud,,,,,,https://www.amazon.com/Project-Cloud-Genuine-Platform-Footwear/dp/B0F2BB8TMF/ref=sr_1_35?dib=eyJ2IjoiMSJ9.EIJh1jY9ea3EISWsO86AbasBs3B0AFIH9_ItfRcYxWlPm9Swj9fm4tfipKAl83SypZURbe6h-BJ30M2zNzZlBV0pX2JQEqZQVQl7wAhvYX5pFRFV4kc8hjzJbQ09sC1Px1aiWX8lsgLfoNvc8eVSTtYLvwjJw0HW_ISndodek7bCoPxWbA__kFWFIItagU8sSEAhbRza7wN5t9sx5poFkupssl3pTitqlJTO3y_bmr8Rf-7wNasSyajhQdaCot1CCIRNMz7tAU8pwIREtK9ASdIusqgHKBs_99z9sypodt0.4ThtlaFMKnLZ--QAfCspo4Al74B6dHr-9Yc5gyTolOM&dib_tag=se&keywords=platform+sandals+women&qid=1791007349&sr=8-35,https://m.media-amazon.com/images/I/811Dq1fHx-L._AC_UL320_.jpg,35,排名进入前50；价格高于人民币等值¥288.00；标题包含 cloud，符合美国女鞋舒适化趋势；评分达到4.0以上。
2026-10-03,amazon_us,product,search,platform sandals women,31,Rocket Dog,¥215.93,4.2,Rocket Dog,,,,,,https://www.amazon.com/Rocket-Dog-Womens-Platform-Sandal/dp/B000W91BWU/ref=sr_1_22?dib=eyJ2IjoiMSJ9.EIJh1jY9ea3EISWsO86AbasBs3B0AFIH9_ItfRcYxWlPm9Swj9fm4tfipKAl83SypZURbe6h-BJ30M2zNzZlBV0pX2JQEqZQVQl7wAhvYX5pFRFV4kc8hjzJbQ09sC1Px1aiWX8lsgLfoNvc8eVSTtYLvwjJw0HW_ISndodek7bCoPxWbA__kFWFIItagU8sSEAhbRza7wN5t9sx5poFkupssl3pTitqlJTO3y_bmr8Rf-7wNasSyajhQdaCot1CCIRNMz7tAU8pwIREtK9ASdIusqgHKBs_99z9sypodt0.4ThtlaFMKnLZ--QAfCspo4Al74B6dHr-9Yc5gyTolOM&dib_tag=se&keywords=platform+sandals+women&qid=1791007349&sr=8-22,https://m.media-amazon.com/images/I/71kguy0F5cL._AC_UL320_.jpg,34,排名进入前50；价格处于人民币等值¥180.00-¥288.00区间；评分达到4.0以上。
2026-10-03,amazon_us,product,search,platform sandals women,35,YorFotMae,¥183.53,4.2,YorFotMae,,,,,,https://www.amazon.com/YorFotMae-Platform-Sandals-Footbed-Buckles%EF%BC%8C/dp/B0F9K2JNWD/ref=sr_1_26?dib=eyJ2IjoiMSJ9.EIJh1jY9ea3EISWsO86AbasBs3B0AFIH9_ItfRcYxWlPm9Swj9fm4tfipKAl83SypZURbe6h-BJ30M2zNzZlBV0pX2JQEqZQVQl7wAhvYX5pFRFV4kc8hjzJbQ09sC1Px1aiWX8lsgLfoNvc8eVSTtYLvwjJw0HW_ISndodek7bCoPxWbA__kFWFIItagU8sSEAhbRza7wN5t9sx5poFkupssl3pTitqlJTO3y_bmr8Rf-7wNasSyajhQdaCot1CCIRNMz7tAU8pwIREtK9ASdIusqgHKBs_99z9sypodt0.4ThtlaFMKnLZ--QAfCspo4Al74B6dHr-9Yc5gyTolOM&dib_tag=se&keywords=platform+sandals+women&qid=1791007349&sr=8-26,https://m.media-amazon.com/images/I/716H0att18L._AC_UL320_.jpg,34,排名进入前50；价格处于人民币等值¥180.00-¥288.00区间；评分达到4.0以上。
2026-10-03,amazon_us,product,search,platform sandals women,38,Accloris,¥259.78,4.0,Accloris,,,,,,https://www.amazon.com/Accloris-Platform-Comfortable-Lightweight-Beach-Ready/dp/B0G1YB2ZGH/ref=sr_1_29?dib=eyJ2IjoiMSJ9.EIJh1jY9ea3EISWsO86AbasBs3B0AFIH9_ItfRcYxWlPm9Swj9fm4tfipKAl83SypZURbe6h-BJ30M2zNzZlBV0pX2JQEqZQVQl7wAhvYX5pFRFV4kc8hjzJbQ09sC1Px1aiWX8lsgLfoNvc8eVSTtYLvwjJw0HW_ISndodek7bCoPxWbA__kFWFIItagU8sSEAhbRza7wN5t9sx5poFkupssl3pTitqlJTO3y_bmr8Rf-7wNasSyajhQdaCot1CCIRNMz7tAU8pwIREtK9ASdIusqgHKBs_99z9sypodt0.4ThtlaFMKnLZ--QAfCspo4Al74B6dHr-9Yc5gyTolOM&dib_tag=se&keywords=platform+sandals+women&qid=1791007349&sr=8-29,https://m.media-amazon.com/images/I/716qZhNTI0L._AC_UL320_.jpg,34,排名进入前50；价格处于人民币等值¥180.00-¥288.00区间；评分达到4.0以上。
2026-10-03,amazon_us,product,search,platform sandals women,41,EQAUDES,¥287.93,4.0,EQAUDES,,,,,,https://www.amazon.com/EQAUDES-Platform-Espadrille-Sandals-Flatform/dp/B0C6XLWPN9/ref=sr_1_32?dib=eyJ2IjoiMSJ9.EIJh1jY9ea3EISWsO86AbasBs3B0AFIH9_ItfRcYxWlPm9Swj9fm4tfipKAl83SypZURbe6h-BJ30M2zNzZlBV0pX2JQEqZQVQl7wAhvYX5pFRFV4kc8hjzJbQ09sC1Px1aiWX8lsgLfoNvc8eVSTtYLvwjJw0HW_ISndodek7bCoPxWbA__kFWFIItagU8sSEAhbRza7wN5t9sx5poFkupssl3pTitqlJTO3y_bmr8Rf-7wNasSyajhQdaCot1CCIRNMz7tAU8pwIREtK9ASdIusqgHKBs_99z9sypodt0.4ThtlaFMKnLZ--QAfCspo4Al74B6dHr-9Yc5gyTolOM&dib_tag=se&keywords=platform+sandals+women&qid=1791007349&sr=8-32,https://m.media-amazon.com/images/I/81juIfWU4pL._AC_UL320_.jpg,34,排名进入前50；价格处于人民币等值¥180.00-¥288.00区间；评分达到4.0以上。
2026-10-03,amazon_us,product,search,platform sandals women,46,Coutgo,¥287.93,4.0,Coutgo,,,,,,https://www.amazon.com/Coutgo-Womens-Sandals-Platform-Slides/dp/B0FVXD3VQV/ref=sr_1_37?dib=eyJ2IjoiMSJ9.EIJh1jY9ea3EISWsO86AbasBs3B0AFIH9_ItfRcYxWlPm9Swj9fm4tfipKAl83SypZURbe6h-BJ30M2zNzZlBV0pX2JQEqZQVQl7wAhvYX5pFRFV4kc8hjzJbQ09sC1Px1aiWX8lsgLfoNvc8eVSTtYLvwjJw0HW_ISndodek7bCoPxWbA__kFWFIItagU8sSEAhbRza7wN5t9sx5poFkupssl3pTitqlJTO3y_bmr8Rf-7wNasSyajhQdaCot1CCIRNMz7tAU8pwIREtK9ASdIusqgHKBs_99z9sypodt0.4ThtlaFMKnLZ--QAfCspo4Al74B6dHr-9Yc5gyTolOM&dib_tag=se&keywords=platform+sandals+women&qid=1791007349&sr=8-37,https://m.media-amazon.com/images/I/51jzW97nI2L._AC_UL320_.jpg,34,排名进入前50；价格处于人民币等值¥180.00-¥288.00区间；评分达到4.0以上。
2026-10-03,amazon_us,product,best_sellers,Best Sellers Women Sandals,34,"DREAM PAIRS Women's Comfort Low Block Heel Sandals | Chunky Heel Sandals, Open Toe Ankle Strap Dress Shoes, Comfortable Wedding Heels for Party, Prom and Formal Events",,4.3,$31.99,,,,,,https://www.amazon.com/DREAM-PAIRS-Low-Chunk-Glitter-Sandals/dp/B06ZY5XWCF/ref=zg_bs_g_679425011_d_sccl_34/140-1390172-0697403?psc=1,"https://images-na.ssl-images-amazon.com/images/I/71pCcrVD38L._AC_UL300_SR300,200_.jpg",33,排名进入前50；标题包含 comfort，符合美国女鞋舒适化趋势；评分达到4.3以上。
2026-10-03,amazon_us,product,best_sellers,Best Sellers Women Sandals,35,"IDIFU Women's 3 Inch Block Chunky Open Toe Heels Ankle Strap Heeled Sandal | Dressy Thick Heel, Comfortable Women Dress Shoes for Wedding Bridesmaid Bridal Prom Office Homecoming and Formal",,4.4,$29.99,,,,,,https://www.amazon.com/IDIFU-Cookie-MI-Sandals-Wedding-Homecoming/dp/B091CLMLKP/ref=zg_bs_g_679425011_d_sccl_35/140-1390172-0697403?psc=1,"https://images-na.ssl-images-amazon.com/images/I/71VhullrxGL._AC_UL300_SR300,200_.jpg",33,排名进入前50；标题包含 comfort，符合美国女鞋舒适化趋势；评分达到4.3以上。
2026-10-03,amazon_us,product,best_sellers,Best Sellers Women Sandals,37,"CUSHIONAIRE Luna Cork Footbed Sandals for Women with Crossover Straps | Womens Sandals with Arch Support, Adjustable Buckle Straps, Walking Sandals Women, Wide Widths, Cushioned Sandals for Women",,4.5,$34.99,,,,,,https://www.amazon.com/CUSHIONAIRE-Next-Womens-Slide-Sandals-Brown/dp/B073XS7BW7/ref=zg_bs_g_679425011_d_sccl_37/140-1390172-0697403?psc=1,"https://images-na.ssl-images-amazon.com/images/I/81TDeaArVJL._AC_UL300_SR300,200_.jpg",33,排名进入前50；标题包含 arch support，符合美国女鞋舒适化趋势；评分达到4.3以上。
2026-10-03,amazon_us,product,best_sellers,Best Sellers Women Sandals,39,"AIUNIIND Women's Kitten Low Heel Sandals, Strappy Square Open Toe 2.5 inch | Adjustable Ankle Strap, Comfortable All Day, for Summer, Going out, Dress, Party, Prom, Wedding Guest Occasions",,4.1,$43.99,,,,,,https://www.amazon.com/AIUNIIND-Womens-Sandals-Strappy-Comfort/dp/B0DPHLM5HD/ref=zg_bs_g_679425011_d_sccl_39/140-1390172-0697403?psc=1,"https://images-na.ssl-images-amazon.com/images/I/61FchW-aFQL._AC_UL300_SR300,200_.jpg",33,排名进入前50；标题包含 comfort、summer，符合美国女鞋舒适化趋势；评分达到4.0以上。
2026-10-03,amazon_us,product,new_releases,New Releases Women Sandals,33,Separat Toe Arch Support Slides Summer Home Outdoor Women Sandals Slippers,,4.1,$23.90,,,,,,https://www.amazon.com/AXGUGXX-Separat-Support-Outdoor-Slippers/dp/B0HCDKNWJH/ref=zg_bsnr_g_679425011_d_sccl_33/140-1390172-0697403?psc=1,"https://images-na.ssl-images-amazon.com/images/I/31Zd5+RXwRL._AC_UL300_SR300,200_.jpg",33,排名进入前50；标题包含 arch support、summer，符合美国女鞋舒适化趋势；评分达到4.0以上。
2026-10-03,amazon_us,product,new_releases,New Releases Women Sandals,36,"IDIFU Kitten Heels Strappy Square Toe Slip On Low Heel Sandals | Open Toe Dress Shoes for Women, Summer Prom Bridal Wedding Vacation Party Comfortable Casual Fashion Dressy Heeled Mules",,4.1,$28.49,,,,,,https://www.amazon.com/IDIFU-Kitten-Strappy-Square-Sandals/dp/B0H25DWB5K/ref=zg_bsnr_g_679425011_d_sccl_36/140-1390172-0697403?psc=1,"https://images-na.ssl-images-amazon.com/images/I/71obhu4OpfL._AC_UL300_SR300,200_.jpg",33,排名进入前50；标题包含 comfort、summer，符合美国女鞋舒适化趋势；评分达到4.0以上。
2026-10-03,amazon_us,product,new_releases,New Releases Women Sandals,37,Susanny Burgundy Patent Slingback Kitten Heels for Women Closed Pointed Toe Strappy Dress Pumps Comfortable Stiletto Low Heels Sexy Buckle Strap Dressy Slip On Shoes for Wedding Bridal Work,,4.5,$39.89,,,,,,https://www.amazon.com/Susanny-Womens-Silver-Rhinestone-Strappy/dp/B0H8K8Z88R/ref=zg_bsnr_g_679425011_d_sccl_37/140-1390172-0697403?psc=1,"https://images-na.ssl-images-amazon.com/images/I/71f2bQwRe8L._AC_UL300_SR300,200_.jpg",33,排名进入前50；标题包含 comfort，符合美国女鞋舒适化趋势；评分达到4.3以上。
2026-10-03,amazon_us,product,new_releases,New Releases Women Sandals,46,IDIFU Women's Bow Knot Heeled Sandals High Chunky Heels | 3.5 inches Open Toe Block Heels Ankle Buckle Strap Comfortable Dress Shoes Wedding Party Bride Bridal Fashion Heels,,4.5,$39.99,,,,,,https://www.amazon.com/IDIFU-Womens-Heeled-Sandals-Chunky/dp/B0H6WV9H1Q/ref=zg_bsnr_g_679425011_d_sccl_46/140-1390172-0697403?psc=1,"https://images-na.ssl-images-amazon.com/images/I/81s5aBZycTL._AC_UL300_SR300,200_.jpg",33,排名进入前50；标题包含 comfort，符合美国女鞋舒适化趋势；评分达到4.3以上。
2026-10-03,amazon_us,product,search,women slides,35,Coach,¥684.00,4.6,Coach,,,,,,https://www.amazon.com/COACH-Udele-Slide-Charcoal-Material/dp/B08S3C46NH/ref=sr_1_22?dib=eyJ2IjoiMSJ9._15A5a1ahvFQhpFGdv4ULe5ISCpT-qDImHOl_nO4JUk4x0xijIbmadlGqVZf6iI8uZ6FFxT_fGs1VgzZnEaMEVu5sgIxia5Ofzu8CJWs-iwBoFda-2pIwOeOmuCeSjULgx98hpsO0jwDCccwoazRakUQKVBjDpFkwb-eDEoJXHn5emi2HFSMCLh7xzrCNYw3JMCIg3CGFCNJvmVQVxm1fQd49U2eJPf09_bcwymCD8N8vXDgNazK0sKNdTZ4eyAezBBUhgm6tg-oh1wpqH3pAJoBcAKOOz9FR1sdGSApFMA.iBVg4vHkRGh1Sct-Azb2LiFXMfmOvLfedxJE1W3oiHc&dib_tag=se&keywords=women+slides&qid=1791007349&sr=8-22,https://m.media-amazon.com/images/I/71jST5a70hL._AC_UL320_.jpg,33,排名进入前50；价格高于人民币等值¥288.00；评分达到4.6以上。
2026-10-03,amazon_us,product,search,women slides,40,Michael Kors,¥428.40,4.6,Michael Kors,,,,,,https://www.amazon.com/Michael-Kors-Womens-Sandal-Vanilla/dp/B0CLPH9557/ref=sr_1_27?dib=eyJ2IjoiMSJ9._15A5a1ahvFQhpFGdv4ULe5ISCpT-qDImHOl_nO4JUk4x0xijIbmadlGqVZf6iI8uZ6FFxT_fGs1VgzZnEaMEVu5sgIxia5Ofzu8CJWs-iwBoFda-2pIwOeOmuCeSjULgx98hpsO0jwDCccwoazRakUQKVBjDpFkwb-eDEoJXHn5emi2HFSMCLh7xzrCNYw3JMCIg3CGFCNJvmVQVxm1fQd49U2eJPf09_bcwymCD8N8vXDgNazK0sKNdTZ4eyAezBBUhgm6tg-oh1wpqH3pAJoBcAKOOz9FR1sdGSApFMA.iBVg4vHkRGh1Sct-Azb2LiFXMfmOvLfedxJE1W3oiHc&dib_tag=se&keywords=women+slides&qid=1791007349&sr=8-27,https://m.media-amazon.com/images/I/61AKlpMTJOL._AC_UL320_.jpg,33,排名进入前50；价格高于人民币等值¥288.00；评分达到4.6以上。
2026-10-03,amazon_us,product,new_releases,New Releases Women Sandals,31,Riekhany Kitten Heeled Sandals for Women Slip On Square Clip Toe Flip Flips | Casual Low Heel Pumps Comfortable Thong Slide Shoes Dressy Slippers for Party Daliy Work Travel,,4.0,$49.99,,,,,,https://www.amazon.com/Riekhany-Kitten-Heeled-Sandals-Square/dp/B0HFJ4VTMW/ref=zg_bsnr_g_679425011_d_sccl_31/140-1390172-0697403?psc=1,"https://images-na.ssl-images-amazon.com/images/I/71GDJdxQMEL._AC_UL300_SR300,200_.jpg",30,排名进入前50；标题包含 comfort，符合美国女鞋舒适化趋势；评分达到4.0以上。
2026-10-03,amazon_us,product,new_releases,New Releases Women Sandals,39,"Viciously Vixen Women Strappy Kitten Heels Square Open Toe Sandals | Square toe, Adjustable strap, Party, Wedding, Graduation, 3 Inchs, Stable",,4.6,$36.99,,,,,,https://www.amazon.com/Viciously-Vixen-Strappy-Kitten-Sandals/dp/B0H5L5GBZT/ref=zg_bsnr_g_679425011_d_sccl_39/140-1390172-0697403?psc=1,"https://images-na.ssl-images-amazon.com/images/I/61Fi3OKv1YL._AC_UL300_SR300,200_.jpg",30,排名进入前50；评分达到4.6以上。
2026-10-03,amazon_us,product,new_releases,New Releases Women Sandals,40,"ISNOM Women's Bow Mule Heels Square Toe Mid Heel Dress Shoes | Mule Heels, Elegant Bow Design, Slip-On Heels, Organza Fabric, Perfect for Weddings, Special Occasions, and Daily Wear",,4.6,$49.99,,,,,,https://www.amazon.com/ISNOM-Heels-Womens-Mules-Square/dp/B0H39CSF1X/ref=zg_bsnr_g_679425011_d_sccl_40/140-1390172-0697403?psc=1,"https://images-na.ssl-images-amazon.com/images/I/61Eepgbra1L._AC_UL300_SR300,200_.jpg",30,排名进入前50；评分达到4.6以上。
2026-10-03,amazon_us,product,search,platform sandals women,37,REEF,¥575.64,4.4,REEF,,,,,,https://www.amazon.com/REEF-Higher-Womens-Platform-Adjustable/dp/B0D9HYMNMN/ref=sr_1_28?dib=eyJ2IjoiMSJ9.EIJh1jY9ea3EISWsO86AbasBs3B0AFIH9_ItfRcYxWlPm9Swj9fm4tfipKAl83SypZURbe6h-BJ30M2zNzZlBV0pX2JQEqZQVQl7wAhvYX5pFRFV4kc8hjzJbQ09sC1Px1aiWX8lsgLfoNvc8eVSTtYLvwjJw0HW_ISndodek7bCoPxWbA__kFWFIItagU8sSEAhbRza7wN5t9sx5poFkupssl3pTitqlJTO3y_bmr8Rf-7wNasSyajhQdaCot1CCIRNMz7tAU8pwIREtK9ASdIusqgHKBs_99z9sypodt0.4ThtlaFMKnLZ--QAfCspo4Al74B6dHr-9Yc5gyTolOM&dib_tag=se&keywords=platform+sandals+women&qid=1791007349&sr=8-28,https://m.media-amazon.com/images/I/51WBYuiSZiL._AC_UL320_.jpg,30,排名进入前50；价格高于人民币等值¥288.00；评分达到4.3以上。
2026-10-03,amazon_us,product,search,platform sandals women,50,REEF,¥442.22,4.3,REEF,,,,,,https://www.amazon.com/Reef-Sandals-Cushion-Platform-Footbed/dp/B07WWTCM9T/ref=sr_1_41?dib=eyJ2IjoiMSJ9.EIJh1jY9ea3EISWsO86AbasBs3B0AFIH9_ItfRcYxWlPm9Swj9fm4tfipKAl83SypZURbe6h-BJ30M2zNzZlBV0pX2JQEqZQVQl7wAhvYX5pFRFV4kc8hjzJbQ09sC1Px1aiWX8lsgLfoNvc8eVSTtYLvwjJw0HW_ISndodek7bCoPxWbA__kFWFIItagU8sSEAhbRza7wN5t9sx5poFkupssl3pTitqlJTO3y_bmr8Rf-7wNasSyajhQdaCot1CCIRNMz7tAU8pwIREtK9ASdIusqgHKBs_99z9sypodt0.4ThtlaFMKnLZ--QAfCspo4Al74B6dHr-9Yc5gyTolOM&dib_tag=se&keywords=platform+sandals+women&qid=1791007349&sr=8-41,https://m.media-amazon.com/images/I/61Uv1VDRdFL._AC_UL320_.jpg,30,排名进入前50；价格高于人民币等值¥288.00；评分达到4.3以上。
2026-10-03,amazon_us,product,best_sellers,Best Sellers Women Sandals,36,Viciously Vixen Women's Strappy Kitten Heels Square Open Toe Sandals Party Wedding Ankle Strap Shoes,,4.3,$39.99,,,,,,https://www.amazon.com/Viciously-Vixen-Strappy-Sandals-Wedding/dp/B0DP6419L8/ref=zg_bs_g_679425011_d_sccl_36/140-1390172-0697403?psc=1,"https://images-na.ssl-images-amazon.com/images/I/7190Ipay-hL._AC_UL300_SR300,200_.jpg",27,排名进入前50；评分达到4.3以上。
2026-10-03,amazon_us,product,best_sellers,Best Sellers Women Sandals,40,"ZUVARI Kitten Heels for Women, Square Toe Flip Flop Kitten Heel Sandals | 2.16 In Thong Heels, Non-Slip Outsole and Easy Slip-On Dressy Summer Heeled Sandals",,4.2,$28.79,,,,,,https://www.amazon.com/ZUVARI-Kitten-Square-Sandals-Dressy/dp/B0GBXPS8D3/ref=zg_bs_g_679425011_d_sccl_40/140-1390172-0697403?psc=1,"https://images-na.ssl-images-amazon.com/images/I/51r5FYMKLKL._AC_UL300_SR300,200_.jpg",27,排名进入前50；标题包含 summer，符合美国女鞋舒适化趋势；评分达到4.0以上。
2026-10-03,amazon_us,product,new_releases,New Releases Women Sandals,32,"Susanny Women's Closed Toe Rhinstone Wedding Low Heel Slingback Clear Kitten Heels,Adjustable Strap Pointed Toe Bow Pumps High Heeled Prom Dress Shoes",,4.5,$39.98,,,,,,https://www.amazon.com/Susanny-Womens-Silver-Kitten-Rhinestone/dp/B0H7QMCRQM/ref=zg_bsnr_g_679425011_d_sccl_32/140-1390172-0697403?psc=1,"https://images-na.ssl-images-amazon.com/images/I/61hs-vFfUjL._AC_UL300_SR300,200_.jpg",27,排名进入前50；评分达到4.3以上。
2026-10-03,amazon_us,product,new_releases,New Releases Women Sandals,34,"NIEARDAN Women's Kitten Heels Square Toe Mules Stiletto Heeled Sandals | Slip on,Open Toe,2.56 inch Heel,Slip Resistant,Ankle Strap,Party, Wedding,Dress,Business,Bridal,Office",,4.4,$39.99,,,,,,https://www.amazon.com/NIEARDAN-Womens-Kitten-Stiletto-Sandals/dp/B0H5PXBCF4/ref=zg_bsnr_g_679425011_d_sccl_34/140-1390172-0697403?psc=1,"https://images-na.ssl-images-amazon.com/images/I/71ujs4H0d2L._AC_UL300_SR300,200_.jpg",27,排名进入前50；评分达到4.3以上。
2026-10-03,amazon_us,product,new_releases,New Releases Women Sandals,43,"CUSHIONAIRE Gummie Slip On Jelly Sandals for Women | Double Adjustable Strap, Oversized Gold Buckles, Open Toe Womens Jelly Slide Sandals, Cushioned Footbed, Translucen",,4.4,$44.98,,,,,,https://www.amazon.com/CUSHIONAIRE-Gummie-Jelly-Sandals-Tortoise/dp/B0HCZTJ6VP/ref=zg_bsnr_g_679425011_d_sccl_43/140-1390172-0697403?psc=1,"https://images-na.ssl-images-amazon.com/images/I/81ZcjSGeaQL._AC_UL300_SR300,200_.jpg",27,排名进入前50；评分达到4.3以上。
2026-10-03,amazon_us,product,search,platform sandals women,47,CUSHIONAIRE,¥359.93,4.0,CUSHIONAIRE,,,,,,https://www.amazon.com/CUSHIONAIRE-Womens-platform-sandal-Memory/dp/B0CCF6M3TX/ref=sr_1_38?dib=eyJ2IjoiMSJ9.EIJh1jY9ea3EISWsO86AbasBs3B0AFIH9_ItfRcYxWlPm9Swj9fm4tfipKAl83SypZURbe6h-BJ30M2zNzZlBV0pX2JQEqZQVQl7wAhvYX5pFRFV4kc8hjzJbQ09sC1Px1aiWX8lsgLfoNvc8eVSTtYLvwjJw0HW_ISndodek7bCoPxWbA__kFWFIItagU8sSEAhbRza7wN5t9sx5poFkupssl3pTitqlJTO3y_bmr8Rf-7wNasSyajhQdaCot1CCIRNMz7tAU8pwIREtK9ASdIusqgHKBs_99z9sypodt0.4ThtlaFMKnLZ--QAfCspo4Al74B6dHr-9Yc5gyTolOM&dib_tag=se&keywords=platform+sandals+women&qid=1791007349&sr=8-38,https://m.media-amazon.com/images/I/81IyApfBfXL._AC_UL320_.jpg,27,排名进入前50；价格高于人民币等值¥288.00；评分达到4.0以上。
2026-10-03,amazon_us,product,best_sellers,Best Sellers Women Sandals,31,"DREAM PAIRS Women's Chunky Heel Sandal | sleek thin straps square-toe design,3.15 inch chunky block ankle buckle heeled sandals,for wedding party dress prom",,4.1,$36.99,,,,,,https://www.amazon.com/DREAM-PAIRS-Strappy-Sandals-SDHS2428W/dp/B0CPHVPMB5/ref=zg_bs_g_679425011_d_sccl_31/140-1390172-0697403?psc=1,"https://images-na.ssl-images-amazon.com/images/I/71GkoNRfxkL._AC_UL300_SR300,200_.jpg",24,排名进入前50；评分达到4.0以上。
2026-10-03,amazon_us,product,best_sellers,Best Sellers Women Sandals,32,Mostrin Kitten Heels for Women Round Toe Heels With Bow Vintage Mules Sexy Slip on Stiletto Backless Sandals for Party Daily,,4.2,$39.98,,,,,,https://www.amazon.com/Mostrin-Stiletto-Backless-Sandals-Holiday/dp/B0DTHVPXGS/ref=zg_bs_g_679425011_d_sccl_32/140-1390172-0697403?psc=1,"https://images-na.ssl-images-amazon.com/images/I/71UBmvHtexL._AC_UL300_SR300,200_.jpg",24,排名进入前50；评分达到4.0以上。
2026-10-03,amazon_us,product,best_sellers,Best Sellers Women Sandals,33,PiePieBuy Women's Lace Up Heeled Sandals Square Flip Flop High Heels Strappy Party Shoes,,4.1,$31.99,,,,,,https://www.amazon.com/PiePieBuy-Womens-Kitten-Sandals-Square/dp/B09N3LZTJX/ref=zg_bs_g_679425011_d_sccl_33/140-1390172-0697403?psc=1,"https://images-na.ssl-images-amazon.com/images/I/61L4UgP8LlL._AC_UL300_SR300,200_.jpg",24,排名进入前50；评分达到4.0以上。
2026-10-03,amazon_us,product,best_sellers,Best Sellers Women Sandals,41,Havaianas Women's Slim Square Solid Flip Flops,,4.1,$22.00,,,,,,https://www.amazon.com/Havaianas-Womens-Square-Solid-Medium/dp/B0BBPX6J6F/ref=zg_bs_g_679425011_d_sccl_41/140-1390172-0697403?psc=1,"https://images-na.ssl-images-amazon.com/images/I/51Z+TNRYqLL._AC_UL300_SR300,200_.jpg",24,排名进入前50；评分达到4.0以上。
2026-10-03,amazon_us,product,best_sellers,Best Sellers Women Sandals,43,Mostrin Strappy Heels for Women Ankle Strap Heels Women's Heeled Sandals for Party Prom Wedding,,4.2,$37.99,,,,,,https://www.amazon.com/Mostrin-Strappy-Stiletto-Womens-Sandals/dp/B0DSJ8S9TF/ref=zg_bs_g_679425011_d_sccl_43/140-1390172-0697403?psc=1,"https://images-na.ssl-images-amazon.com/images/I/61yUbkx+O0L._AC_UL300_SR300,200_.jpg",24,排名进入前50；评分达到4.0以上。
2026-10-03,amazon_us,product,best_sellers,Best Sellers Women Sandals,46,Mostrin Kitten Heels for Women Pointed Toe Vintage Mules Heels Sexy Slip on Stiletto Backless Sandals for Party Wedding Daily,,4.2,$39.98,,,,,,https://www.amazon.com/Mostrin-Pointed-Vintage-Stiletto-Backless/dp/B0G5WHGHHK/ref=zg_bs_g_679425011_d_sccl_46/140-1390172-0697403?psc=1,"https://images-na.ssl-images-amazon.com/images/I/51JIUNfoqBL._AC_UL300_SR300,200_.jpg",24,排名进入前50；评分达到4.0以上。
2026-10-03,amazon_us,product,new_releases,New Releases Women Sandals,38,IDIFU Womens Strappy Heels Low Chunky Block Square Open Toe Heeled Sandals | IN3 Slingback Short Small Thick Adjustable Ankle Strap Heels Wedding Prom Bridal Office Party Dressy Dress Shoes for Women,,4.0,$28.99,,,,,,https://www.amazon.com/IDIFU-Womens-Strappy-Chunky-Sandals/dp/B0GZN77C57/ref=zg_bsnr_g_679425011_d_sccl_38/140-1390172-0697403?psc=1,"https://images-na.ssl-images-amazon.com/images/I/61SJkY3nnLL._AC_UL300_SR300,200_.jpg",24,排名进入前50；评分达到4.0以上。
2026-10-03,amazon_us,product,new_releases,New Releases Women Sandals,44,"IDIFU IN2 Kitten Heels for Women Square Open Toe Mule Heeled Sandals | 1.8 Inch Dressy Strappy Low Short Flip Flop Heels for Women, Dress Shoes for Daily, Wedding, Work, Office, Bridal, Prom",,4.2,$29.99,,,,,,https://www.amazon.com/IDIFU-Kitten-Square-Heeled-Sandals/dp/B0H24Y4ZBX/ref=zg_bsnr_g_679425011_d_sccl_44/140-1390172-0697403?psc=1,"https://images-na.ssl-images-amazon.com/images/I/71ahxXRkrnL._AC_UL300_SR300,200_.jpg",24,排名进入前50；评分达到4.0以上。
