date,source,data_type,list_type,keyword,rank,title,price,rating,review_count,likes,comments,views,published_at,competition_count,product_url,image_url,hot_score,reason
2026-09-18,amazon_us,product,search,platform sandals women,6,Women's Platform Chunky Sandals Square Open Toe Block Wood Heels Slip on Slide Heeled Sandals Comfortable Summer Casual Vacation Dress Shoes,¥215.93,5.0,New on Amazon in past month,,,,,,https://www.amazon.com/sspa/click?ie=UTF8&spc=MTozNTI1Mjg4NTM4NjQ0MzIwOjE3ODk3MDk1OTQ6c3BfYXRmOjMwMTUyMzQ5MzgyODAwMjo6MDo6&url=%2FMSYIEVAD-Platform-Sandals-Comfortable-Vacation%2Fdp%2FB0H718XW3X%2Fref%3Dsr_1_3_sspa%3Fdib%3DeyJ2IjoiMSJ9.EIJh1jY9ea3EISWsO86Abd4I7-jIjt1r5OmRcG_UIuA7eY3gCbmUpSzi8VFDinmhYAJoPcJYsndhZKLRAQe2x98SLgyMrHm3FZjSjk6gPdHN5QYUDLUf2wuynf0rpZvnNnh-80ByR6lHadfJDyHhuVyOztOJwovDIxl818EPFFAoGYrZCZcouGvXVVvv3aRP_ZokqphMYQoss5FVFrWJvdspfLkoLBxOBQU8t1pXCSnqBs3oHO3fYBjBrPZlNECsIjpi0gGKx6OgHyCJFI22QyKA33zYS_1PdoxK70NFbkM.ivqtQYsDB_RsQbQZnecvCCmcWCxSZMxDwsK8gal6KXo%26dib_tag%3Dse%26keywords%3Dplatform%2Bsandals%2Bwomen%26qid%3D1789709594%26sr%3D8-3-spons%26sp_csd%3Dd2lkZ2V0TmFtZT1zcF9hdGY%26psc%3D1,https://m.media-amazon.com/images/I/71LZwpUyjML._AC_UL320_.jpg,92,排名靠前；价格处于人民币等值¥180.00-¥288.00区间；标题包含 platform、comfort、summer，符合美国女鞋舒适化趋势；platform + comfort组合趋势加分；评分达到4.6以上。
2026-09-18,amazon_us,product,search,women slides,5,"Joomra Pillow Slippers for Women and Men Thick Sole Ultra Cushion Slides | Cloud-Like Sole, Quick Drying Shower Shoes, Soft Open Toe Indoor Outdoor Sandals Joomra Pillow Slippers for Women and Men Thick Sole Ultra Cushion Slides | Cloud-Like Sole, Quick Drying Sho…",¥172.73,4.3,4.3,,,,,,https://sponsored-ads.amazon.com/clk/?_encoding=UTF8&p=eAFVUM2K2lAYxQ5thzD9wcUU7M5SF8LVJBr1WqTk546m2ugYdZzZXK65NzFMTOK9mUa68AW6LRTmIboZ6Lov0Xfotm9QqFNKz-rA-fk-jrQ6vr29-_Go-ESfLSbW0B4uZQtNywWleuqzONzhC9-xthmP3E4nV3V-1j291NBqbQ76O35jJ4uGKW7y60EwlTS1pjaatUZNvnrgGqtjHc0GaGq7xRfSY8rEdZakxZO5M0XmuO_YV8gq3RWkV_cKFoxwb41Txr0kIhnDYRyFMcOrzC9KZEM-JnHNSzall2IFvIgIEXrgkAEHJ0iV8kMW47lb1cQKZGu2YRR4SRQxLwuTGHxQwf0x4BFOBUhJGGeMAy-JMxZn6mtjqjsWNsejETJn9thxse2MbAfhkb1A2ELucDaelFtSQX7-7dfXTz-_W6WnfysPT5SfqbIsdxRN7miwAduKejR3re6ROTGrw-Iby9DN9MwGbX1vbA8I9L1xvs3190j_H3sj2Bvne0P_Q4LSiRmgXV9HASSCqV8K0ufCOstS0a3X8zyv_ZuoHqR1ktdp3ZDh7N1yaQ2stynFnOI0WlPeyyprQbDHcUh7cmUb0p7S7sC2DDXYrAjeU4ACNKJpLdWHwKc-BU1FVgD0IQW03SIEQthpNtRK2COpqBDO_J6XhEba7nPr4jeC1bzy&v=c1&r=https%3A%2F%2Fwww.amazon.com%2Fgp%2Faw%2Fd%2FB09TJXXDHD%3Fpd_rd_plhdr%3Dt%26hsa_cr_id%3D0%26qid%3D1789709594%26sr%3D1-1-5a5562f9-fdfd-4101-9f9d-d76aa9998432%26i%3Daps%26aref%3DcoiBp7GrDW&ref_=sbx__sbtcd2_asin_0_bkgd&pd_rd_w=XjzEF&content-id=amzn1.sym.90f77631-9599-4fe0-95f8-a40adfe1c762%3Aamzn1.sym.90f77631-9599-4fe0-95f8-a40adfe1c762&pf_rd_p=90f77631-9599-4fe0-95f8-a40adfe1c762&pf_rd_r=TXD17K3X2VDPS5HVRGPX&pd_rd_wg=28vse&pd_rd_r=d66ba41f-1e2c-4a6a-ae70-18251cc6b131,"https://m.media-amazon.com/images/I/71CIVcXsl4L._AC_SR322,134_CB1169409_QL70_.jpg",88,排名靠前；价格处于人民币等值¥57.60-¥180.00黄金区间；标题包含 cloud、soft，符合美国女鞋舒适化趋势；cloud + slides组合趋势加分；评分达到4.3以上。
2026-09-18,amazon_us,product,search,platform sandals women,28,Women's Suede Platform Wedge Heel Slide Sandals Y2K Round Open Toe One Strap Slip-On Heeled Sandals Stylish Comfortable Daily Casual Summer Slippers,¥237.53,3.6,100+ bought in past month,,,,,,https://www.amazon.com/NBZKBNG-Platform-Sandals-Comfortable-Slippers/dp/B0FXRQXXLG/ref=sr_1_25?dib=eyJ2IjoiMSJ9.EIJh1jY9ea3EISWsO86Abd4I7-jIjt1r5OmRcG_UIuA7eY3gCbmUpSzi8VFDinmhYAJoPcJYsndhZKLRAQe2x98SLgyMrHm3FZjSjk6gPdHN5QYUDLUf2wuynf0rpZvnNnh-80ByR6lHadfJDyHhuVyOztOJwovDIxl818EPFFAoGYrZCZcouGvXVVvv3aRP_ZokqphMYQoss5FVFrWJvdspfLkoLBxOBQU8t1pXCSnqBs3oHO3fYBjBrPZlNECsIjpi0gGKx6OgHyCJFI22QyKA33zYS_1PdoxK70NFbkM.ivqtQYsDB_RsQbQZnecvCCmcWCxSZMxDwsK8gal6KXo&dib_tag=se&keywords=platform+sandals+women&qid=1789709594&sr=8-25,https://m.media-amazon.com/images/I/61psKHoQPtL._AC_UL320_.jpg,80,排名进入前30；评论数达到50以上；价格处于人民币等值¥180.00-¥288.00区间；标题包含 platform、comfort、summer、wedge，符合美国女鞋舒适化趋势；platform + comfort组合趋势加分。
2026-09-18,amazon_us,product,search,platform sandals women,33,Platform Sandals Women Strappy Wedges Comfortable Lightweight Non Slip Walking Sandals Dressy Summer Wedges for Vacation Office Casual Wear,¥143.93,4.3,50+ bought in past month,,,,,,https://www.amazon.com/Tearkiss-Platform-Comfortable-Lightweight-Vacation/dp/B0GZKQ9V4C/ref=sr_1_30?dib=eyJ2IjoiMSJ9.EIJh1jY9ea3EISWsO86Abd4I7-jIjt1r5OmRcG_UIuA7eY3gCbmUpSzi8VFDinmhYAJoPcJYsndhZKLRAQe2x98SLgyMrHm3FZjSjk6gPdHN5QYUDLUf2wuynf0rpZvnNnh-80ByR6lHadfJDyHhuVyOztOJwovDIxl818EPFFAoGYrZCZcouGvXVVvv3aRP_ZokqphMYQoss5FVFrWJvdspfLkoLBxOBQU8t1pXCSnqBs3oHO3fYBjBrPZlNECsIjpi0gGKx6OgHyCJFI22QyKA33zYS_1PdoxK70NFbkM.ivqtQYsDB_RsQbQZnecvCCmcWCxSZMxDwsK8gal6KXo&dib_tag=se&keywords=platform+sandals+women&qid=1789709594&sr=8-30,https://m.media-amazon.com/images/I/71Re0WbOVEL._AC_UL320_.jpg,77,排名进入前50；评论数达到50以上；价格处于人民币等值¥57.60-¥180.00黄金区间；标题包含 platform、comfort、summer、wedge，符合美国女鞋舒适化趋势；platform + comfort组合趋势加分；评分达到4.3以上。
2026-09-18,amazon_us,product,best_sellers,Best Sellers Women Sandals,8,"Joomra Pillow Slippers for Women and Men Thick Sole Ultra Cushion Slides | Cloud-Like Sole, Quick Drying Shower Shoes, Soft Open Toe Indoor Outdoor Sandals",,4.3,$23.99,,,,,,https://www.amazon.com/Joomra-Slippers-Massage-Bathroom-Platform/dp/B09652VJP1/ref=zg_bs_g_679425011_d_sccl_8/139-3123351-6292918?psc=1,"https://images-na.ssl-images-amazon.com/images/I/71pkhgTTRXL._AC_UL600_SR600,400_.jpg",73,排名靠前；标题包含 cloud、soft，符合美国女鞋舒适化趋势；cloud + slides组合趋势加分；评分达到4.3以上。
2026-09-18,amazon_us,product,new_releases,New Releases Women Sandals,2,Project Cloud Pool Slides For Women & Jelly Sandals For Women Footwear | Womens Sandals Comfortable w/ Memory Foam Insole - Slip Resistant Womens Jelly Sandals Beach Essentials Sandals Women,,3.9,$26.91,,,,,,https://www.amazon.com/Project-Cloud-Slides-Sandals-Footwear/dp/B0H5YLFWRP/ref=zg_bsnr_g_679425011_d_sccl_2/130-3661958-8730615?psc=1,"https://images-na.ssl-images-amazon.com/images/I/81x+j68eH7L._AC_UL600_SR600,400_.jpg",72,排名靠前；标题包含 cloud、comfort、beach，符合美国女鞋舒适化趋势；cloud + slides组合趋势加分。
2026-09-18,amazon_us,product,best_sellers,Best Sellers Women Sandals,3,KuaiLu Flip Flops for Women with Arch Support Summer Beach Thong Sandals | Comfortable Yoga Mat Walking Shoes Cushion Slip On Casual Outfits Indoor Outdoor,,4.3,$9.99,,,,,,https://www.amazon.com/KuaiLu-Support-Comfortable-Walking-Sandals/dp/B0C5ZRQS2X/ref=zg_bs_g_679425011_d_sccl_3/139-3123351-6292918?psc=1,"https://images-na.ssl-images-amazon.com/images/I/710PdcSAm6L._AC_UL600_SR600,400_.jpg",70,排名靠前；标题包含 comfort、arch support、beach、summer，符合美国女鞋舒适化趋势；评分达到4.3以上。
2026-09-18,amazon_us,product,search,women slides,46,"Womens Sandal Cork Footbed Slide, Arch Support Slides for Women with Adjustable Buckle, Comfortable Summer Beach Outdoor Sandals",¥122.33,4.4,300+ bought in past month,,,,,,https://www.amazon.com/AUGCY-Footbed-Support-Adjustable-Comfortable/dp/B0GFVJCPGW/ref=sr_1_35?dib=eyJ2IjoiMSJ9.6owUC4TDSG3NkE2e1xmDHJ12JppxBTHI9OeicpSnPHQ1x9_7V7cYRq0WIXECWC22UmSeVE8s1Y6U6t4Q5WXsi7dCWYg7Nd99nxsPfiwRUtgkj_aQbsPXVEllSOPIVf7F7SuxuweBVNS-cR53zbH1sVGAKq5vg7EW_ST9VCj93pxbaOMZD32R_zcEBOPatSX7aMfV-4OmuTgYWjmuXOCjCDwnUh-m_Bg01a0F7RslOHhHCjlCUweMf7JwowpYKOMnmqyxIqiASDaTlH4cweedJBRboNk7GEqG9BMcfkuy0dU.nS6kMhTCxw5LXvhzIKjYzhDpHT1S6cVU3pVwW_rfuMA&dib_tag=se&keywords=women+slides&qid=1789709594&sr=8-35,https://m.media-amazon.com/images/I/71jk8h0qC0L._AC_UL320_.jpg,70,排名进入前50；评论数达到300以上；价格处于人民币等值¥57.60-¥180.00黄金区间；标题包含 comfort、arch support、beach、summer，符合美国女鞋舒适化趋势；评分达到4.3以上。
2026-09-18,amazon_us,product,best_sellers,Best Sellers Women Sandals,27,"CUSHIONAIRE Feather EVA Slides for Women – Comfortable Slip On Womens Slippers, Indoor Outdoor Shower Shoes, Beach Essential Cloud Slides",,4.4,$25.64,,,,,,https://www.amazon.com/Cushionaire-Womens-Feather-recovery-Comfort/dp/B094TD7Z1K/ref=zg_bs_g_679425011_d_sccl_27/139-3123351-6292918?psc=1,"https://images-na.ssl-images-amazon.com/images/I/817PhiYQjLL._AC_UL600_SR600,400_.jpg",69,排名进入前30；标题包含 cloud、comfort、beach，符合美国女鞋舒适化趋势；cloud + slides组合趋势加分；评分达到4.3以上。
2026-09-18,amazon_us,product,new_releases,New Releases Women Sandals,21,IDIFU Women's Platform Sparkly Rhinestone High Stiletto Strappy Heels | 3 Inch Open Toe Dress Shoes for Women Comfortable Wedding Bridal Bridesmaid Prom Cute Stylish Ankle Strap Heeled Sandals,,4.9,$35.99,,,,,,https://www.amazon.com/IDIFU-Rhinestone-Sparkly-Platform-Stiletto/dp/B0H2HHLP41/ref=zg_bsnr_g_679425011_d_sccl_21/130-3661958-8730615?psc=1,"https://images-na.ssl-images-amazon.com/images/I/718MXnlf5lL._AC_UL600_SR600,400_.jpg",69,排名进入前30；标题包含 platform、comfort，符合美国女鞋舒适化趋势；platform + comfort组合趋势加分；评分达到4.6以上。
2026-09-18,amazon_us,product,search,platform sandals women,22,Platform Sandals Women Chunky Wedge Sandals for Women Comfortable,¥323.93,4.1,"Price, product page $44.99 $ 44 . 99 Typical: $49.99 Typical: $49.99 $49.99",,,,,,https://www.amazon.com/sspa/click?ie=UTF8&spc=MTozNTI1Mjg4NTM4NjQ0MzIwOjE3ODk3MDk1OTQ6c3BfbXRmOjMwMTMzOTg2OTI3MjEwMjo6MDo6&url=%2FAbbleet-Chunky-Soled-Sandals-Comfort-Adjustable%2Fdp%2FB0GDZKFT5B%2Fref%3Dsr_1_19_sspa%3Fdib%3DeyJ2IjoiMSJ9.EIJh1jY9ea3EISWsO86Abd4I7-jIjt1r5OmRcG_UIuA7eY3gCbmUpSzi8VFDinmhYAJoPcJYsndhZKLRAQe2x98SLgyMrHm3FZjSjk6gPdHN5QYUDLUf2wuynf0rpZvnNnh-80ByR6lHadfJDyHhuVyOztOJwovDIxl818EPFFAoGYrZCZcouGvXVVvv3aRP_ZokqphMYQoss5FVFrWJvdspfLkoLBxOBQU8t1pXCSnqBs3oHO3fYBjBrPZlNECsIjpi0gGKx6OgHyCJFI22QyKA33zYS_1PdoxK70NFbkM.ivqtQYsDB_RsQbQZnecvCCmcWCxSZMxDwsK8gal6KXo%26dib_tag%3Dse%26keywords%3Dplatform%2Bsandals%2Bwomen%26qid%3D1789709594%26sr%3D8-19-spons%26sp_csd%3Dd2lkZ2V0TmFtZT1zcF9tdGY%26psc%3D1,https://m.media-amazon.com/images/I/71h2jyxszCL._AC_UL320_.jpg,69,排名进入前30；价格高于人民币等值¥288.00；标题包含 platform、comfort、wedge，符合美国女鞋舒适化趋势；platform + comfort组合趋势加分；评分达到4.0以上。
2026-09-18,amazon_us,product,search,women summer slippers,4,GOEWY,¥93.53,4.4,GOEWY,,,,,,https://www.amazon.com/GOEWY-Slippers-Summer-Breathable-Slides/dp/B0GQGLFHFJ/ref=sr_1_1?dib=eyJ2IjoiMSJ9.aC2Y5Er8ydnBrykCP8gA0XzZ6uHfbRgqpxkxgFGcrYww3sivVP3DIIWvV1o8hMT2aeRBzgTc4mqkuZyK_8_QhkDqZHouxnLKNt3UNJpK30oXBx66krxHMhMHI4yWI44_lZked5pTdxIvywyxLdps9nggrw_LCL8XmD6ZAWHtXionOfNRx0iWtOFW-s2_w_yypGEBIsaJy5-KBa-KAEO36G_tWb48zLJz1fkfYGMcUd7PjPFDu5bBHZfZ9NRxaiWjEXfSXnjET3MZf-XHqIIIH_r_dcoWHgIaiHPl4D9yNts.f_clnWNNHjG6vM-MPq0p57edIWJUWzQHnz-wFSvPdOE&dib_tag=se&keywords=women+summer+slippers&qid=1789709593&sr=8-1,https://m.media-amazon.com/images/I/61PJ6PNvlqL._AC_UL320_.jpg,67,排名靠前；价格处于人民币等值¥57.60-¥180.00黄金区间；评分达到4.3以上。
2026-09-18,amazon_us,product,search,women summer slippers,5,GOEWY,¥71.93,4.3,GOEWY,,,,,,https://www.amazon.com/GOEWY-House-Slippers-Summer-Memory/dp/B0GVYMZHKG/ref=sr_1_2?dib=eyJ2IjoiMSJ9.aC2Y5Er8ydnBrykCP8gA0XzZ6uHfbRgqpxkxgFGcrYww3sivVP3DIIWvV1o8hMT2aeRBzgTc4mqkuZyK_8_QhkDqZHouxnLKNt3UNJpK30oXBx66krxHMhMHI4yWI44_lZked5pTdxIvywyxLdps9nggrw_LCL8XmD6ZAWHtXionOfNRx0iWtOFW-s2_w_yypGEBIsaJy5-KBa-KAEO36G_tWb48zLJz1fkfYGMcUd7PjPFDu5bBHZfZ9NRxaiWjEXfSXnjET3MZf-XHqIIIH_r_dcoWHgIaiHPl4D9yNts.f_clnWNNHjG6vM-MPq0p57edIWJUWzQHnz-wFSvPdOE&dib_tag=se&keywords=women+summer+slippers&qid=1789709593&sr=8-2,https://m.media-amazon.com/images/I/81wxouP5EZL._AC_UL320_.jpg,67,排名靠前；价格处于人民币等值¥57.60-¥180.00黄金区间；评分达到4.3以上。
2026-09-18,amazon_us,product,search,women summer slippers,10,Litfun,¥129.53,4.3,Litfun,,,,,,https://www.amazon.com/Litfun-Orthopedic-Slippers-Support-Corduroy/dp/B0FH4NQLCJ/ref=sr_1_4?dib=eyJ2IjoiMSJ9.aC2Y5Er8ydnBrykCP8gA0XzZ6uHfbRgqpxkxgFGcrYww3sivVP3DIIWvV1o8hMT2aeRBzgTc4mqkuZyK_8_QhkDqZHouxnLKNt3UNJpK30oXBx66krxHMhMHI4yWI44_lZked5pTdxIvywyxLdps9nggrw_LCL8XmD6ZAWHtXionOfNRx0iWtOFW-s2_w_yypGEBIsaJy5-KBa-KAEO36G_tWb48zLJz1fkfYGMcUd7PjPFDu5bBHZfZ9NRxaiWjEXfSXnjET3MZf-XHqIIIH_r_dcoWHgIaiHPl4D9yNts.f_clnWNNHjG6vM-MPq0p57edIWJUWzQHnz-wFSvPdOE&dib_tag=se&keywords=women+summer+slippers&qid=1789709593&sr=8-4,https://m.media-amazon.com/images/I/71YnbijMiKL._AC_UL320_.jpg,67,排名靠前；价格处于人民币等值¥57.60-¥180.00黄金区间；评分达到4.3以上。
2026-09-18,amazon_us,product,search,platform sandals women,5,Genuine Suede Platform Clogs for Women Cork Footbed Ladies Sandals,¥215.93,4.1,"Price, product page $29.99 $ 29 . 99",,,,,,https://www.amazon.com/sspa/click?ie=UTF8&spc=MTozNTI1Mjg4NTM4NjQ0MzIwOjE3ODk3MDk1OTQ6c3BfYXRmOjMwMTI5OTMyMDkwODYwMjo6MDo6&url=%2FUpResty-Genuine-Platform-Sandals-Support%2Fdp%2FB0GLH6LKJJ%2Fref%3Dsr_1_2_sspa%3Fdib%3DeyJ2IjoiMSJ9.EIJh1jY9ea3EISWsO86Abd4I7-jIjt1r5OmRcG_UIuA7eY3gCbmUpSzi8VFDinmhYAJoPcJYsndhZKLRAQe2x98SLgyMrHm3FZjSjk6gPdHN5QYUDLUf2wuynf0rpZvnNnh-80ByR6lHadfJDyHhuVyOztOJwovDIxl818EPFFAoGYrZCZcouGvXVVvv3aRP_ZokqphMYQoss5FVFrWJvdspfLkoLBxOBQU8t1pXCSnqBs3oHO3fYBjBrPZlNECsIjpi0gGKx6OgHyCJFI22QyKA33zYS_1PdoxK70NFbkM.ivqtQYsDB_RsQbQZnecvCCmcWCxSZMxDwsK8gal6KXo%26dib_tag%3Dse%26keywords%3Dplatform%2Bsandals%2Bwomen%26qid%3D1789709594%26sr%3D8-2-spons%26sp_csd%3Dd2lkZ2V0TmFtZT1zcF9hdGY%26psc%3D1,https://m.media-amazon.com/images/I/71cmnoLKygL._AC_UL320_.jpg,67,排名靠前；价格处于人民币等值¥180.00-¥288.00区间；标题包含 platform，符合美国女鞋舒适化趋势；评分达到4.0以上。
2026-09-18,amazon_us,product,search,platform sandals women,10,Soda,¥179.93,4.5,Soda,,,,,,https://www.amazon.com/Soda-Buckle-Espadrilles-Flatform-Casual/dp/B0C5S26DHB/ref=sr_1_7?dib=eyJ2IjoiMSJ9.EIJh1jY9ea3EISWsO86Abd4I7-jIjt1r5OmRcG_UIuA7eY3gCbmUpSzi8VFDinmhYAJoPcJYsndhZKLRAQe2x98SLgyMrHm3FZjSjk6gPdHN5QYUDLUf2wuynf0rpZvnNnh-80ByR6lHadfJDyHhuVyOztOJwovDIxl818EPFFAoGYrZCZcouGvXVVvv3aRP_ZokqphMYQoss5FVFrWJvdspfLkoLBxOBQU8t1pXCSnqBs3oHO3fYBjBrPZlNECsIjpi0gGKx6OgHyCJFI22QyKA33zYS_1PdoxK70NFbkM.ivqtQYsDB_RsQbQZnecvCCmcWCxSZMxDwsK8gal6KXo&dib_tag=se&keywords=platform+sandals+women&qid=1789709594&sr=8-7,https://m.media-amazon.com/images/I/71q-Jp+UEkL._AC_UL320_.jpg,67,排名靠前；价格处于人民币等值¥57.60-¥180.00黄金区间；评分达到4.3以上。
2026-09-18,amazon_us,product,new_releases,New Releases Women Sandals,27,IDIFU Platform Chunky Block Strappy Heels Sandals | Slingback Heeled Sandals Thick Open Square Toe Comfortable Dress Shoes for Women Wedding Work Prom Ladies Cute Heel,,4.5,$39.99,,,,,,https://www.amazon.com/IDIFU-Platform-Chunky-Strappy-Sandals/dp/B0H1LTZT46/ref=zg_bsnr_g_679425011_d_sccl_27/130-3661958-8730615?psc=1,"https://images-na.ssl-images-amazon.com/images/I/61zeFLRuxkL._AC_UL600_SR600,400_.jpg",66,排名进入前30；标题包含 platform、comfort，符合美国女鞋舒适化趋势；platform + comfort组合趋势加分；评分达到4.3以上。
2026-09-18,amazon_us,product,search,platform sandals women,23,Women's Raffia Platform Heels Block Heeled Sandals Summer Beach Woven Chunky Slip On Casual Vacation,¥183.53,4.3,"Price, product page $25.49 $ 25 . 49 Typical: $33.99 Typical: $33.99 $33.99",,,,,,https://www.amazon.com/sspa/click?ie=UTF8&spc=MTozNTI1Mjg4NTM4NjQ0MzIwOjE3ODk3MDk1OTQ6c3BfbXRmOjMwMTM1NjUwNTExODkwMjo6MDo6&url=%2FAIWGLESOLE-Womens-Platform-Sandals-Vacation%2Fdp%2FB0GVN7ZRW1%2Fref%3Dsr_1_20_sspa%3Fdib%3DeyJ2IjoiMSJ9.EIJh1jY9ea3EISWsO86Abd4I7-jIjt1r5OmRcG_UIuA7eY3gCbmUpSzi8VFDinmhYAJoPcJYsndhZKLRAQe2x98SLgyMrHm3FZjSjk6gPdHN5QYUDLUf2wuynf0rpZvnNnh-80ByR6lHadfJDyHhuVyOztOJwovDIxl818EPFFAoGYrZCZcouGvXVVvv3aRP_ZokqphMYQoss5FVFrWJvdspfLkoLBxOBQU8t1pXCSnqBs3oHO3fYBjBrPZlNECsIjpi0gGKx6OgHyCJFI22QyKA33zYS_1PdoxK70NFbkM.ivqtQYsDB_RsQbQZnecvCCmcWCxSZMxDwsK8gal6KXo%26dib_tag%3Dse%26keywords%3Dplatform%2Bsandals%2Bwomen%26qid%3D1789709594%26sr%3D8-20-spons%26sp_csd%3Dd2lkZ2V0TmFtZT1zcF9tdGY%26psc%3D1,https://m.media-amazon.com/images/I/71TApFieTlL._AC_UL320_.jpg,66,排名进入前30；价格处于人民币等值¥180.00-¥288.00区间；标题包含 platform、beach、summer，符合美国女鞋舒适化趋势；评分达到4.3以上。
2026-09-18,amazon_us,product,new_releases,New Releases Women Sandals,18,Project Cloud Platform Sandals Women - Wedge Sandals for Women 2026 (Silly) | Womens Sandals Comfortable with Soft & Plush Insole - Non Slip Beach Essentials Womens Slide - Stylish Women Footwear,,3.7,$39.90,,,,,,https://www.amazon.com/Project-Cloud-Platform-Sandals-Women/dp/B0H275S7FH/ref=zg_bsnr_g_679425011_d_sccl_18/130-3661958-8730615?psc=1,"https://images-na.ssl-images-amazon.com/images/I/71lcJ5wbS4L._AC_UL600_SR600,400_.jpg",65,排名进入前30；标题包含 cloud、platform、comfort、soft、beach、wedge，符合美国女鞋舒适化趋势；platform + comfort组合趋势加分。
2026-09-18,amazon_us,product,best_sellers,Best Sellers Women Sandals,1,mazeskin Womens Memory Foam Flip Flops Flat Thong Sandals | Soft Vegan Leather Comfortable Cushioned Casual Dressy Beach Summer Minimalist Slim Slide Shoes Indoor Outdoor,,4.2,$9.99,,,,,,https://www.amazon.com/mazeskin-Womens-Comfortable-Sandals-Leather/dp/B0F32KMZ18/ref=zg_bs_g_679425011_d_sccl_1/139-3123351-6292918?psc=1,"https://images-na.ssl-images-amazon.com/images/I/71jV8GHPNSL._AC_UL600_SR600,400_.jpg",64,排名靠前；标题包含 comfort、soft、beach、summer，符合美国女鞋舒适化趋势；评分达到4.0以上。
2026-09-18,amazon_us,product,best_sellers,Best Sellers Women Sandals,7,"Archies Arch Support Flip Flops for Men & Women – Orthotic Sandals for Plantar Fasciitis Relief – Lightweight, Cushioning, Shock-Absorbing Thong Sandals for Walking, Foot Pain & All-Day Comfort",,4.3,$40.00,,,,,,https://www.amazon.com/Archies-Womens-Arch-Support-Black/dp/B086SYFKLP/ref=zg_bs_g_679425011_d_sccl_7/139-3123351-6292918?psc=1,"https://images-na.ssl-images-amazon.com/images/I/81xintmVcHL._AC_UL600_SR600,400_.jpg",64,排名靠前；标题包含 comfort、arch support，符合美国女鞋舒适化趋势；评分达到4.3以上。
2026-09-18,amazon_us,product,search,women summer slippers,6,shevalues,¥143.93,4.2,Products highlighted as 'Overall Pick' are:,,,,,,https://www.amazon.com/shevalues-Summer-Slippers-Support-Breathable/dp/B0BK8PN8CL/ref=sr_1_3?dib=eyJ2IjoiMSJ9.aC2Y5Er8ydnBrykCP8gA0XzZ6uHfbRgqpxkxgFGcrYww3sivVP3DIIWvV1o8hMT2aeRBzgTc4mqkuZyK_8_QhkDqZHouxnLKNt3UNJpK30oXBx66krxHMhMHI4yWI44_lZked5pTdxIvywyxLdps9nggrw_LCL8XmD6ZAWHtXionOfNRx0iWtOFW-s2_w_yypGEBIsaJy5-KBa-KAEO36G_tWb48zLJz1fkfYGMcUd7PjPFDu5bBHZfZ9NRxaiWjEXfSXnjET3MZf-XHqIIIH_r_dcoWHgIaiHPl4D9yNts.f_clnWNNHjG6vM-MPq0p57edIWJUWzQHnz-wFSvPdOE&dib_tag=se&keywords=women+summer+slippers&qid=1789709593&sr=8-3,https://m.media-amazon.com/images/I/71wQ2tOj0+L._AC_UL320_.jpg,64,排名靠前；价格处于人民币等值¥57.60-¥180.00黄金区间；评分达到4.0以上。
2026-09-18,amazon_us,product,search,women summer slippers,7,Chantomoo Womens Slippers Memory Foam Slippers for Women Open Toe Comfy House Slipper Chantomoo Womens Slippers Memory Foam Slippers for Women Open Toe Comfy House Slipper,¥179.93,4.2,4.2,,,,,,https://sponsored-ads.amazon.com/clk/?_encoding=UTF8&p=eAFVUMuK01AYpg7qEMYLXYxQdxW7KJzmJGmSnkqQ3FpDQ3pLR2c2h9OckzaYJmlOaIdZ9CkE0UdwJczKJxB3bnwfwY6I3-qD7_L_fMLy9NPn218P6o_M8GLijLzRO-i4s2ZNap_HLEuusTIUPb7TFG2zr0rL9vvn4TbMBhK8nCn6YuPevE3Hsb4xZ4Iqd2Sl21E68Ore3Fqemm74xp158_oz4SFl_H2VF_WzRTBz7fEw8K5cp3FbE17cKZgzUkZrXLAyylNSMZxkaZIxvKziukA25CbPOlG-aTznSxClhPMkAscMODpBITXvswwv5m2VL0G1ZhtGQZSnKYuqJM_ATgZ3x0BESspBQZKsYiWI8qxiWSW_tGZm4GB77PuuHXrjYI69wPcCF_vehYsddz4Kx5OmJtTg0y9ff_z8_s1pPP5beXyi-USBEPa6vR6CCCpQk08Wc6d_Yk_s9qj-yrFMuxh4QDcP1vaIlXmwptu96Wvm_zhYq4M1PVjmH7JqnNkr93pouitEOJM_1oQPtXVVFbwvivv9vvNvInFViGQvUtGCg9Gl7cu287qguKS4SNe0NKrWmhMclTihBmxtE2pIeg_pEKlIafHSkIAEVKKqmhwjENOYgq4EJYBiRAHVNUIQQr2uIrcSgxS8RUoWG5YaXaLBbroOfwMUdbtX&v=c1&r=https%3A%2F%2Fwww.amazon.com%2Fgp%2Faw%2Fd%2FB0FKYCL2CD%3Fpd_rd_plhdr%3Dt%26hsa_cr_id%3D0%26qid%3D1789709593%26sr%3D1-1-5a5562f9-fdfd-4101-9f9d-d76aa9998432%26i%3Daps%26aref%3DB5cY9FvQhT&ref_=sbx__sbtcd2_asin_0_bkgd&pd_rd_w=jkxfI&content-id=amzn1.sym.90f77631-9599-4fe0-95f8-a40adfe1c762%3Aamzn1.sym.90f77631-9599-4fe0-95f8-a40adfe1c762&pf_rd_p=90f77631-9599-4fe0-95f8-a40adfe1c762&pf_rd_r=TSWXQ8FDPKP35PQ6W2RA&pd_rd_wg=ybM0P&pd_rd_r=397bee76-e546-4ab0-ae78-096a636cc243,"https://m.media-amazon.com/images/I/71pyVto-QqL._AC_SR322,134_CB1169409_QL70_.jpg",64,排名靠前；价格处于人民币等值¥57.60-¥180.00黄金区间；评分达到4.0以上。
2026-09-18,amazon_us,product,search,women slides,2,WHITIN,¥71.93,4.1,Products highlighted as 'Overall Pick' are:,,,,,,https://www.amazon.com/WHITIN-Slippers-Cushioned-Bathroom-Sandals/dp/B0C1C45XMJ/ref=sr_1_1?dib=eyJ2IjoiMSJ9.6owUC4TDSG3NkE2e1xmDHJ12JppxBTHI9OeicpSnPHQ1x9_7V7cYRq0WIXECWC22UmSeVE8s1Y6U6t4Q5WXsi7dCWYg7Nd99nxsPfiwRUtgkj_aQbsPXVEllSOPIVf7F7SuxuweBVNS-cR53zbH1sVGAKq5vg7EW_ST9VCj93pxbaOMZD32R_zcEBOPatSX7aMfV-4OmuTgYWjmuXOCjCDwnUh-m_Bg01a0F7RslOHhHCjlCUweMf7JwowpYKOMnmqyxIqiASDaTlH4cweedJBRboNk7GEqG9BMcfkuy0dU.nS6kMhTCxw5LXvhzIKjYzhDpHT1S6cVU3pVwW_rfuMA&dib_tag=se&keywords=women+slides&qid=1789709594&sr=8-1,https://m.media-amazon.com/images/I/71ik7hynCjL._AC_UL320_.jpg,64,排名靠前；价格处于人民币等值¥57.60-¥180.00黄金区间；评分达到4.0以上。
2026-09-18,amazon_us,product,search,platform sandals women,7,Goosecret,¥136.73,4.2,Goosecret,,,,,,https://www.amazon.com/sspa/click?ie=UTF8&spc=MTozNTI1Mjg4NTM4NjQ0MzIwOjE3ODk3MDk1OTQ6c3BfYXRmOjMwMTE4MjI2NTAyOTIwMjo6MDo6&url=%2FGoosecret-Platform-Lightweight-Comfortable-Adjustable%2Fdp%2FB0CZ75N4PP%2Fref%3Dsr_1_4_sspa%3Fdib%3DeyJ2IjoiMSJ9.EIJh1jY9ea3EISWsO86Abd4I7-jIjt1r5OmRcG_UIuA7eY3gCbmUpSzi8VFDinmhYAJoPcJYsndhZKLRAQe2x98SLgyMrHm3FZjSjk6gPdHN5QYUDLUf2wuynf0rpZvnNnh-80ByR6lHadfJDyHhuVyOztOJwovDIxl818EPFFAoGYrZCZcouGvXVVvv3aRP_ZokqphMYQoss5FVFrWJvdspfLkoLBxOBQU8t1pXCSnqBs3oHO3fYBjBrPZlNECsIjpi0gGKx6OgHyCJFI22QyKA33zYS_1PdoxK70NFbkM.ivqtQYsDB_RsQbQZnecvCCmcWCxSZMxDwsK8gal6KXo%26dib_tag%3Dse%26keywords%3Dplatform%2Bsandals%2Bwomen%26qid%3D1789709594%26sr%3D8-4-spons%26sp_csd%3Dd2lkZ2V0TmFtZT1zcF9hdGY%26psc%3D1,https://m.media-amazon.com/images/I/61yRA1ewgOL._AC_UL320_.jpg,64,排名靠前；价格处于人民币等值¥57.60-¥180.00黄金区间；评分达到4.0以上。
2026-09-18,amazon_us,product,search,platform sandals women,3,Sorel Women's Sunpeak Platform Sandal | Casual Sandals Sorel Women's Sunpeak Platform Sandal | Casual San…,¥702.00,4.5,,,,,,,https://aax-us-east-retail-direct.amazon.com/x/c/JB0QxwnL2XvVL0c3P2x2lXUAAAGgswEviQEAAAH2AQBvbm9fdHhuX2JpZDQgICBvbm9fdHhuX2ltcDEgICDFHEID/clv1c_ek-wBAfWLcTaneebk4zMuI-tb5sd6_J4t4SMQFnw3cLhsQQttWVb8_LQOnrPaGa6c6jOcE1eyW3knAiwLFKelDdfS4GwMJjK9028wZXqn_w6jHPzghsCpmXh2DkU5_d3YvQ_DKGp5WAiyh-5FVWEgvLIhP2dl0_iMhz431eoSownMVu9zzwxiFXQy7piGhTyWkbSiU-bPsdM39LuvQhg6S65VFkxAcuy35Ba0WirCArtj67XMIuNpYURUcBE18V8Gsb0zGZX3edhe1XYos-plqs9OMy_2Q4-iYX82yh0EwyFcc3zx1ZX8OQeQCmnPlt23PE72Vlxbh2gU4Pf2xmRN7x06tiytRQB445OYubtKk4hRBOFNU9GVh4VRf9JAnJlpSWPD0MS1VVDTfkWI3yTllq2-tHGW2p0SifxY35F7t_DKDzNXtuSvuNQhtXZKtrISI1PedE0YaxNXnsOaJfSeX8qCUh980BiBhYIR2JEpW5H_makBVvJoa5mn-q_J3Ufn9Ta5NgEr-DbhsOm7ThLrc3kUSmulARkzJdG12JLIkteqxNG5bd38i4tIrHdWT5pcKSLX1-mn2YUCTckljUr-UF6D8Xjkt7idZrGFvGoRd0YhJ71g0s3RPAcvQ8omw6SG5n2ImEFCJs5plt51XQEeJUkBPMFVL5AAHYnIEF8SjOT5xsfRu6c-eByh70iR2snuiEfjDwFUdHQa33TfpqQS-u-Odcko4hMn0eKL_Z7zGohUJSYKDDFOhEMkFzXi7kNrth_A7I3jo-rtnUcD0Vs-Ap-nNiVzUExLfWRZFdofCo5YqnUSsCSvAy5o38IE0tXupqDdogkmeMoxHEXbB8VqXH56BKcrlloLNVt2cMtx98YJqOuuDbSWsTuY-mLYXQQNVLalgZ1lveR2IrvGQvX_pVpQabPsrMfwKlxgXj_9v7TKAN8XRYtx3mvRVgQ8KaaVHdOT4f55NsncbYkSNXVfNngw1ZnCyhniyJRmRDmiHB6McqOlmpfq9GrSEzFEnocVkfJaGam3fjHoDbhheDbYPYSrt0SLM3LIGLc6t6za50jKtICiaJCCR5n4Xldk4wGqQmGgUWI-WOKMmam-UNes1eDSUijFfnHpDZavZUvkgyxnz8MYltCgQ7TTy3bfrI6LPdhbxa07Dia6-Q6IlN-i_4N5f74rx0LU-Vk_HNgD_UbOKDfFZGmIcaVqjBoMcOKSbDOTXGyFQffdo8HpdUUyK9veTVMije-2zqQbB79MuzSXaZ_MNH0zrK_7xSlz4ZBL3jpsy1o77RVBGkBLcc7nb65av_NtydFpeEzUpZGYj6JZbFspxOl8AWOjOHafWjVSoSQiZwcitBQPV0OrlAXhDtKU8xdVkDa_Gk32xDCRdAEw8DaVtvUM4g0u4kZz-8iN8gKMX_S5Wx0wQeRIPpkSGDVOrjViZc2u8kCxHpYtW9XRQnl30iF-vo_YIGlpK5G--5OnUOaSqbH0ybeXUwyzT1lJCo_TNl8OfPIRbBppUKUx5_yTW6D6fT8QAwyDE7dI2A8BGLMdQ_e0Rfa26-HqxszMDtEEJYTfUllCDoEEDG6Bt_K61X3gdwTjz27ZoRifByM9rU7NTDlX57ayTJtoKTzyRdmznmtZLcbk5hWUlctgcBwCPnfv8ra8IR39GMj1x_86rQa0SOHGOrlby51YMdGbbqgJWRoEK_PzVYPY3s/https://www.amazon.com/gp/aw/d/B0F8DF6JD8/?_encoding=UTF8&pd_rd_plhdr=t&aaxitk=b8fdff5d0a92fb43ad129171fd02a1a5&hsa_cr_id=0&qid=1789709594&sr=1-3-9e67e56a-6f64-441f-a281-df67fc737124&i=aps&aref=rDDkVfxPg8&ref_=sbx_s_sparkle_sbtcd_asin_2_bkgd&pd_rd_w=aVwv6&content-id=amzn1.sym.8de9b3d5-f5c5-40e9-9b39-d65f08d6ea68%3Aamzn1.sym.8de9b3d5-f5c5-40e9-9b39-d65f08d6ea68&pf_rd_p=8de9b3d5-f5c5-40e9-9b39-d65f08d6ea68&pf_rd_r=HZQXPPTW8SW4JE86D1T8&pd_rd_wg=i9R86&pd_rd_r=ff34b0c0-e36d-40af-8fb1-8f6d5c09d20c,"https://m.media-amazon.com/images/I/61jQ5aKvWfL._AC_SR160,134_CB1169409_QL70_.jpg",63,排名靠前；价格高于人民币等值¥288.00；标题包含 platform，符合美国女鞋舒适化趋势；评分达到4.3以上。
2026-09-18,amazon_us,product,search,women summer slippers,1,Chantomoo Slippers for Women Memory Foam House Bedroom Corduroy Bow Crossbands Slipper Shoes Comfy Trendy Gift Slippers Chantomoo Slippers for Women Memory Foam Hous…,¥215.93,4.4,,,,,,,https://aax-us-east-retail-direct.amazon.com/x/c/JGkPw1FDKZHBHB_wkNBwr9UAAAGgswEqsAEAAAH2AQBvbm9fdHhuX2JpZDQgICBvbm9fdHhuX2ltcDIgICCyzjAE/clv1c_ek-wBQfWEsTa3eL7kw8B79uailhSDpqDLzhVFMXyxfAg_gShE3OF8gjOt7_0g6fElG3mwwF0uFDpnAZQm_upLr_0Hwh0AtmMdaP0SBrW748Gs9Vb-38l-2fqzrm0I3MiOD6AJbyT3iqk1NlANkuCE8FzIN6augUqQmSwTzSO9lZ_m-30WLQnIe2aEII7AKxv1Mo6m09AHRvQpU0ttk0L5i_CH04ySYil-DSiCBERY9ErxbLncuwFIX6WYte7TWSjpzcKz1GL-DqB-QA8XBawKQuBwrT2lr5xWuJ_Y3wOY1fOxccfcxG_gCaKVy7PoV75xLv0_OFI4KF9MmQHKQaH_ltEghnzh54Z41mTKMkQFurl2W4GnR1IfL3bhQE0KK3oCwOeWCCXIHzBvFXqBrC0ktMSBSGGiNL1dmo8q0f_bQh9B-DfqXMRRk8gb1YkcJ1JY3JkJlLUTtKkEGLEp53TO0O6mhaKTmXXs0yQ1St1FOup7QkWCN034u5Y0K8e4OPgb3FLJ6SDJIPU7F6SbHbukd4RNZ0ci-QtjgFCgX-WZzJvMKC8SLHuvIpMGwBd0xqgxigVb9C6QfP3ntKPEKzjO0_Ho052x9yE2H_l-C0Ca7W-SoaJo5Ci5V_givd6zW2-vpxI4qzKi29K2JdlSdSUbZP3xXXoglN4H2_g5TDQIMS7yOSllBbZYcoEmujmnRT8zDTE3gjVsCR6qmsd3t3PIUh9L3gJRPOaP0w2Sh4x-kHJBraiiLpDrdAiiQEUZorG-FoZuEb_7Q22-hZFaDTxYCeCJGPoEHGeUr6uSvY6OxOYXOLDA9clqfWGzse2pYx97rUS-S2-78bRpP3S2tBZsUeomq-V0Ety_mdAfaOwqGpH2AZfaHF7MRczsUe032aDjMqoQ4GlzpA7W3KbsDoTrAxdcfgftO_qp__Hj5oKH7lCNqjpu5uRwn2Hgfj3BTD4ttXGywDDdgd1tmh_rPLudMcd1gwUUoGag652LjWPDfYFAwdaDuoCnk1DKvVmQnhpCHvXvDQ8KpFP8Nil3YYEuN4k3ocHW5NBRW2iqA7sMECgR3X0sz6WHjH9DtrhyzYEKUnKL0CYwNCP8nIFjOqPGtcv_Cj0hK8ewduiC8nHFeeLIRLjobJ-DgjM7A2ohUA1G4GrPvxKTzzmdiQmtfq_d8LtVvAc31zxyPnyRcM5Z_u9V1z_uJP-q0WGrkiVZ3l2qN0K1nn4g132GWSnIavAW6DZiVyQbAlGlim7NVmizEDCce8C8VlaXXpnX6_yA8zG3iD6N_eUZikrx2fdeHvSwsAfq-m3xx1oNMJZy_wSbMa-wQ7bGngoUUU3kxDM3B_0JvkiBXf6jOp66eTVF4CbvfYc291b2yFchQTmakiKTxZWsLqrOWhSCTBIOzmRAlzoDdf8gDftna_Sx6UwS-Ai-SpEubJ7U3ZzpA-TJVrI_j84gKMR46gw6NMKSs225Mi61UrSGZrhq88gwzGslW2aN7YEQ6FAYZoEl58BFc-w2viwB67esSH1f4z0kFR098V7tGcJ-Rxbs4j2ohKcBmygHRSBJxtwNx6M3xNTvCeXVoJr28g-gONZUkf5j6seMTHX-51Ptktf94f8MHlr58zMmCgtfmhgdEooVhebe-JRAVFw6tCXQtx6gILzcEoODxiHzxkxkUtY9wFYE-kVdYjPZ2A/https://www.amazon.com/gp/aw/d/B0C7H38YBT/?_encoding=UTF8&pd_rd_plhdr=t&aaxitk=e1dc8951dc6a869de52e94b8a9c6e0fe&hsa_cr_id=0&qid=1789709593&sr=1-1-9e67e56a-6f64-441f-a281-df67fc737124&i=aps&aref=qwdxKUM9Cs&ref_=sbx_s_sparkle_sbtcd_asin_0_bkgd&pd_rd_w=DNbfi&content-id=amzn1.sym.8de9b3d5-f5c5-40e9-9b39-d65f08d6ea68%3Aamzn1.sym.8de9b3d5-f5c5-40e9-9b39-d65f08d6ea68&pf_rd_p=8de9b3d5-f5c5-40e9-9b39-d65f08d6ea68&pf_rd_r=TSWXQ8FDPKP35PQ6W2RA&pd_rd_wg=z4B65&pd_rd_r=5739d890-c3db-40e7-9bfe-a76c9d1184cd,"https://m.media-amazon.com/images/I/711Z9Ju3AqL._AC_SR160,134_CB1169409_QL70_.jpg",62,排名靠前；价格处于人民币等值¥180.00-¥288.00区间；评分达到4.3以上。
2026-09-18,amazon_us,product,search,women summer slippers,3,Chantomoo Slippers for Women Memory Foam House Bedroom Corduroy Bow Crossbands Slipper Shoes Comfy Trendy Gift Slippers Chantomoo Slippers for Women Memory Foam Hous…,¥287.93,4.4,,,,,,,https://aax-us-east-retail-direct.amazon.com/x/c/JGkPw1FDKZHBHB_wkNBwr9UAAAGgswEqsAEAAAH2AQBvbm9fdHhuX2JpZDQgICBvbm9fdHhuX2ltcDIgICCyzjAE/clv1c_ek-wBQfWEsTa3eL7kw8B79uailhSDpqDLzhVFMXyxfAg_gShE3OF8gjOt7_0g6fElG3mwwF0uFDpnAZQm_upLr_0Hwh0AtmMdaP0SBrW748Gs9Vb-38l-2fqzrm0I3MiOD6AJbyT3iqk1NlANkuCE8FzIN6augUqQmSwTzSO9lZ_m-30WLQnIe2aEII7AKxv1Mo6m09AHRvQpU0ttk0L5i_CH04ySYil-DSiCBERY9ErxbLncuwFIX6WYte7TWSjpzcKz1GL-DqB-QA8XBawKQuBwrT2lr5xWuJ_Y3wOY1fOxccfcxG_gCaKVy7PoV75xLv0_OFI4KF9MmQHKQaH_ltEghnzh54Z41mTKMkQFurl2W4GnR1IfL3bhQE0KK3oCwOeWCCXIHzBvFXqBrC0ktMSBSGGiNL1dmo8q0f_bQh9B-DfqXMRRk8gb1YkcJ1JY3JkJlLUTtKkEGLEp53TO0O6mhaKTmXXs0yQ1St1FOup7QkWCN034u5Y0K8e4OPgb3FLJ6SDJIPU7F6SbHbukd4RNZ0ci-QtjgFCgX-WZzJvMKC8SLHuvIpMGwBd0xqgxigVb9C6QfP3ntKPEKzjO0_Ho052x9yE2H_l-C0Ca7W-SoaJo5Ci5V_givd6zW2-vpxI4qzKi29K2JdlSdSUbZP3xXXoglN4H2_g5TDQIMS7yOSllBbZYcoEmujmnRT8zDTE3gjVsCR6qmsd3t3PIUh9L3gJRPOaP0w2Sh4x-kHJBraiiLpDrdAiiQEUZorG-FoZuEb_7Q22-hZFaDTxYCeCJGPoEHGeUr6uSvY6OxOYXOLDA9clqfWGzse2pYx97rUS-S2-78bRpP3S2tBZsUeomq-V0Ety_mdAfaOwqGpH2AZfaHF7MRczsUe032aDjMqoQ4GlzpA7W3KbsDoTrAxdcfgftO_qp__Hj5oKH7lCNqjpu5uRwn2Hgfj3BTD4ttXGywDDdgd1tmh_rPLudMcd1gwUUoGag652LjWPDfYFAwdaDuoCnk1DKvVmQnhpCHvXvDQ8KpFP8Nil3YYEuN4k3ocHW5NBRW2iqA7sMECgR3X0sz6WHjH9DtrhyzYEKUnKL0CYwNCP8nIFjOqPGtcv_Cj0hK8ewduiC8nHFeeLIRLjobJ-DgjM7A2ohUA1G4GrPvxKTzzmdiQmtfq_d8LtVvAc31zxyPnyRcM5Z_u9V1z_uJP-q0WGrkiVZ3l2qN0K1nn4g132GWSnIavAW6DZiVyQbAlGlim7NVmizEDCce8C8VlaXXpnX6_yA8zG3iD6N_eUZikrx2fdeHvSwsAfq-m3xx1oNMJZy_wSbMa-wQ7bGngoUUU3kxDM3B_0JvkiBXf6jOp66eTVF4CbvfYc291b2yFchQTmakiKTxZWsLqrOWhSCTBIOzmRAlzoDdf8gDftna_Sx6UwS-Ai-SpEubJ7U3ZzpA-TJVrI_j84gKMR46gw6NMKSs225Mi61UrSGZrhq88gwzGslW2aN7YEQ6FAYZoEl58BFc-w2viwB67esSH1f4z0kFR098V7tGcJ-Rxbs4j2ohKcBmygHRSBJxtwNx6M3xNTvCeXVoJr28g-gONZUkf5j6seMTHX-51Ptktf94f8MHlr58zMmCgtfmhgdEooVhebe-JRAVFw6tCXQtx6gILzcEoODxiHzxkxkUtY9wFYE-kVdYjPZ2A/https://www.amazon.com/gp/aw/d/B0FRZFL2QW/?_encoding=UTF8&pd_rd_plhdr=t&aaxitk=e1dc8951dc6a869de52e94b8a9c6e0fe&hsa_cr_id=0&qid=1789709593&sr=1-3-9e67e56a-6f64-441f-a281-df67fc737124&i=aps&aref=qwdxKUM9Cs&ref_=sbx_s_sparkle_sbtcd_asin_2_bkgd&pd_rd_w=DNbfi&content-id=amzn1.sym.8de9b3d5-f5c5-40e9-9b39-d65f08d6ea68%3Aamzn1.sym.8de9b3d5-f5c5-40e9-9b39-d65f08d6ea68&pf_rd_p=8de9b3d5-f5c5-40e9-9b39-d65f08d6ea68&pf_rd_r=TSWXQ8FDPKP35PQ6W2RA&pd_rd_wg=z4B65&pd_rd_r=5739d890-c3db-40e7-9bfe-a76c9d1184cd,"https://m.media-amazon.com/images/I/71Ku9McB09L._AC_SR160,134_CB1169409_QL70_.jpg",62,排名靠前；价格处于人民币等值¥180.00-¥288.00区间；评分达到4.3以上。
2026-09-18,amazon_us,product,search,women slides,4,adidas,¥215.93,4.4,adidas,,,,,,https://www.amazon.com/adidas-Unisex-Adilette-Shower-Sandal/dp/B091ZGQF6G/ref=sr_1_3?dib=eyJ2IjoiMSJ9.6owUC4TDSG3NkE2e1xmDHJ12JppxBTHI9OeicpSnPHQ1x9_7V7cYRq0WIXECWC22UmSeVE8s1Y6U6t4Q5WXsi7dCWYg7Nd99nxsPfiwRUtgkj_aQbsPXVEllSOPIVf7F7SuxuweBVNS-cR53zbH1sVGAKq5vg7EW_ST9VCj93pxbaOMZD32R_zcEBOPatSX7aMfV-4OmuTgYWjmuXOCjCDwnUh-m_Bg01a0F7RslOHhHCjlCUweMf7JwowpYKOMnmqyxIqiASDaTlH4cweedJBRboNk7GEqG9BMcfkuy0dU.nS6kMhTCxw5LXvhzIKjYzhDpHT1S6cVU3pVwW_rfuMA&dib_tag=se&keywords=women+slides&qid=1789709594&sr=8-3,https://m.media-amazon.com/images/I/61CCABduhML._AC_UL320_.jpg,62,排名靠前；价格处于人民币等值¥180.00-¥288.00区间；评分达到4.3以上。
2026-09-18,amazon_us,product,new_releases,New Releases Women Sandals,10,"CUSHIONAIRE Mona Slip-On Lightweight Womens Sandals, Comfortable Wedge Flip Flops for Women with Crossover Strap",,4.4,$49.98,,,,,,https://www.amazon.com/CUSHIONAIRE-Lightweight-Sandals-Comfortable-Crossover/dp/B0H9B7SNL7/ref=zg_bsnr_g_679425011_d_sccl_10/130-3661958-8730615?psc=1,"https://images-na.ssl-images-amazon.com/images/I/710k2uicqiL._AC_UL600_SR600,400_.jpg",61,排名靠前；标题包含 comfort、wedge，符合美国女鞋舒适化趋势；评分达到4.3以上。
2026-09-18,amazon_us,product,new_releases,New Releases Women Sandals,11,GETOEU Arch Support Flip Flops for Women Square Toe Thong Sandals Comfortable Summer Beach Lightweight Flip Flops,,4.3,$9.99,,,,,,https://www.amazon.com/GETOEU-Support-Sandals-Comfortable-Lightweight/dp/B0H33X2P5N/ref=zg_bsnr_g_679425011_d_sccl_11/130-3661958-8730615?psc=1,"https://images-na.ssl-images-amazon.com/images/I/812JKZIwOpL._AC_UL600_SR600,400_.jpg",60,排名进入前30；标题包含 comfort、arch support、beach、summer，符合美国女鞋舒适化趋势；评分达到4.3以上。
2026-09-18,amazon_us,product,best_sellers,Best Sellers Women Sandals,37,"shevalues Orthopedic Sandals for Women, Arch Support Recovery Flip Flops | Orthotic Pillow Soft Summer Beach Shoes, Comfortable for Plantar Fasciitis",,4.2,$18.99,,,,,,https://www.amazon.com/Orthotic-Pillow-Recovery-Sandals-Support/dp/B09LC836QG/ref=zg_bs_g_679425011_d_sccl_37/130-3661958-8730615?psc=1,"https://images-na.ssl-images-amazon.com/images/I/61qX-fKai7L._AC_UL300_SR300,200_.jpg",59,排名进入前50；标题包含 recovery、orthopedic、comfort、arch support、soft、beach、summer，符合美国女鞋舒适化趋势；orthopedic + arch support组合趋势加分；评分达到4.0以上。
2026-09-18,amazon_us,product,search,women summer slippers,17,Women's Open Toe House Slippers Breathable Waffle Fabric Memory Foam,¥75.17,4.2,100+ bought in past month,,,,,,https://www.amazon.com/Yoerpe-Womens-House-Slippers-Slip/dp/B0DRNVC3W2/ref=sr_1_11?dib=eyJ2IjoiMSJ9.aC2Y5Er8ydnBrykCP8gA0XzZ6uHfbRgqpxkxgFGcrYww3sivVP3DIIWvV1o8hMT2aeRBzgTc4mqkuZyK_8_QhkDqZHouxnLKNt3UNJpK30oXBx66krxHMhMHI4yWI44_lZked5pTdxIvywyxLdps9nggrw_LCL8XmD6ZAWHtXionOfNRx0iWtOFW-s2_w_yypGEBIsaJy5-KBa-KAEO36G_tWb48zLJz1fkfYGMcUd7PjPFDu5bBHZfZ9NRxaiWjEXfSXnjET3MZf-XHqIIIH_r_dcoWHgIaiHPl4D9yNts.f_clnWNNHjG6vM-MPq0p57edIWJUWzQHnz-wFSvPdOE&dib_tag=se&keywords=women+summer+slippers&qid=1789709593&sr=8-11,https://m.media-amazon.com/images/I/81fS3PsOVnL._AC_UL320_.jpg,59,排名进入前30；评论数达到50以上；价格处于人民币等值¥57.60-¥180.00黄金区间；评分达到4.0以上。
2026-09-18,amazon_us,product,search,platform sandals women,4,Vilanva,¥201.53,4.2,Vilanva,,,,,,https://www.amazon.com/sspa/click?ie=UTF8&spc=MTozNTI1Mjg4NTM4NjQ0MzIwOjE3ODk3MDk1OTQ6c3BfYXRmOjMwMTQxNDgwNTU2MzYwMjo6MDo6&url=%2FVilanva-Womens-Platform-Wedge-Sandals%2Fdp%2FB0GWK2TXV1%2Fref%3Dsr_1_1_sspa%3Fdib%3DeyJ2IjoiMSJ9.EIJh1jY9ea3EISWsO86Abd4I7-jIjt1r5OmRcG_UIuA7eY3gCbmUpSzi8VFDinmhYAJoPcJYsndhZKLRAQe2x98SLgyMrHm3FZjSjk6gPdHN5QYUDLUf2wuynf0rpZvnNnh-80ByR6lHadfJDyHhuVyOztOJwovDIxl818EPFFAoGYrZCZcouGvXVVvv3aRP_ZokqphMYQoss5FVFrWJvdspfLkoLBxOBQU8t1pXCSnqBs3oHO3fYBjBrPZlNECsIjpi0gGKx6OgHyCJFI22QyKA33zYS_1PdoxK70NFbkM.ivqtQYsDB_RsQbQZnecvCCmcWCxSZMxDwsK8gal6KXo%26dib_tag%3Dse%26keywords%3Dplatform%2Bsandals%2Bwomen%26qid%3D1789709594%26sr%3D8-1-spons%26sp_csd%3Dd2lkZ2V0TmFtZT1zcF9hdGY%26psc%3D1,https://m.media-amazon.com/images/I/71ACPWgS7IL._AC_UL320_.jpg,59,排名靠前；价格处于人民币等值¥180.00-¥288.00区间；评分达到4.0以上。
2026-09-18,amazon_us,product,search,platform sandals women,8,CUSHIONAIRE,¥273.46,4.0,CUSHIONAIRE,,,,,,https://www.amazon.com/CUSHIONAIRE-Womens-platform-sandal-Memory/dp/B09M96YX6M/ref=sr_1_5?dib=eyJ2IjoiMSJ9.EIJh1jY9ea3EISWsO86Abd4I7-jIjt1r5OmRcG_UIuA7eY3gCbmUpSzi8VFDinmhYAJoPcJYsndhZKLRAQe2x98SLgyMrHm3FZjSjk6gPdHN5QYUDLUf2wuynf0rpZvnNnh-80ByR6lHadfJDyHhuVyOztOJwovDIxl818EPFFAoGYrZCZcouGvXVVvv3aRP_ZokqphMYQoss5FVFrWJvdspfLkoLBxOBQU8t1pXCSnqBs3oHO3fYBjBrPZlNECsIjpi0gGKx6OgHyCJFI22QyKA33zYS_1PdoxK70NFbkM.ivqtQYsDB_RsQbQZnecvCCmcWCxSZMxDwsK8gal6KXo&dib_tag=se&keywords=platform+sandals+women&qid=1789709594&sr=8-5,https://m.media-amazon.com/images/I/81v0nOOl2oL._AC_UL320_.jpg,59,排名靠前；价格处于人民币等值¥180.00-¥288.00区间；评分达到4.0以上。
2026-09-18,amazon_us,product,best_sellers,Best Sellers Women Sandals,2,"Ankis Heels for Women Open Toe Ankle Strap Chunky Heel Sandals 2.75 Inch | nude white gold black, adjustable ankle strap, Cushioned footbed, All-day comfort, for various occasions",,4.4,$26.99,,,,,,https://www.amazon.com/Ankis-Nude-Heels-Women-numeric_8/dp/B094CTB3TY/ref=zg_bs_g_679425011_d_sccl_2/139-3123351-6292918?psc=1,"https://images-na.ssl-images-amazon.com/images/I/71dUhT7TubL._AC_UL600_SR600,400_.jpg",58,排名靠前；标题包含 comfort，符合美国女鞋舒适化趋势；评分达到4.3以上。
2026-09-18,amazon_us,product,best_sellers,Best Sellers Women Sandals,6,"CUSHIONAIRE Lane Cork Slide Women's Sandals, Comfortable Sandals for Women | Molded Cork Footbed, Slide Sandals for Women, Adjustable Buckle, Sandals for Wide Feet, Cushioned Sandals for Women, Open Toe",,4.5,$28.49,,,,,,https://www.amazon.com/CUSHIONAIRE-Womens-Slide-Sandals-Brown/dp/B075PBVR9N/ref=zg_bs_g_679425011_d_sccl_6/139-3123351-6292918?psc=1,"https://images-na.ssl-images-amazon.com/images/I/81suZ76XHpL._AC_UL600_SR600,400_.jpg",58,排名靠前；标题包含 comfort，符合美国女鞋舒适化趋势；评分达到4.3以上。
2026-09-18,amazon_us,product,new_releases,New Releases Women Sandals,4,"DOBOLIN 1.8 Inch Women's Heeled Sandals Low Block Womens Dress Shoes | Comfortable Short Chunky Heels Open Toe Ankle Strap Casual Pumps Shoes Wedding Party Office (Run Large, Size Half Down)",,4.3,$39.99,,,,,,https://www.amazon.com/DOBOLIN-Womens-Heeled-Sandals-Block/dp/B0GYD2C9XC/ref=zg_bsnr_g_679425011_d_sccl_4/130-3661958-8730615?psc=1,"https://images-na.ssl-images-amazon.com/images/I/61ITG6AOpoL._AC_UL600_SR600,400_.jpg",58,排名靠前；标题包含 comfort，符合美国女鞋舒适化趋势；评分达到4.3以上。
2026-09-18,amazon_us,product,new_releases,New Releases Women Sandals,5,"DREAM PAIRS Women's Kitten Strappy Heel Sandals | Slip On Heeled Sandals for Women, Open Toe Summer Sandals for Weddings, Parties, Work and Dressy Occasions",,4.7,$37.99,,,,,,https://www.amazon.com/DREAM-PAIRS-Womens-Strappy-Sandals/dp/B0H6J7K7JV/ref=zg_bsnr_g_679425011_d_sccl_5/130-3661958-8730615?psc=1,"https://images-na.ssl-images-amazon.com/images/I/615T5Gm9P5L._AC_UL600_SR600,400_.jpg",58,排名靠前；标题包含 summer，符合美国女鞋舒适化趋势；评分达到4.6以上。
2026-09-18,amazon_us,product,new_releases,New Releases Women Sandals,9,"DREAM PAIRS Women's Kitten Low Heel Ankle Strap Sandals | 2.72 Inch,Comfortable Fashion Open Toe Sandals,4mm Cushioning,Suitable for Casual Daily Formal Wedding Prom Party Date Night",,4.4,$40.84,,,,,,https://www.amazon.com/DREAM-PAIRS-Womens-Kitten-Sandals/dp/B0H6HV9WGR/ref=zg_bsnr_g_679425011_d_sccl_9/130-3661958-8730615?psc=1,"https://images-na.ssl-images-amazon.com/images/I/61PAu8JIWnL._AC_UL600_SR600,400_.jpg",58,排名靠前；标题包含 comfort，符合美国女鞋舒适化趋势；评分达到4.3以上。
2026-09-18,amazon_us,product,search,platform sandals women,2,"Sorel Women's Sunpeak Wedge Ankle Strap, Iced Tea/Snow, 7.5 Regular Sorel Women's Sunpeak Wedge Ankle Strap, Iced Tea…",¥810.00,4.5,,,,,,,https://aax-us-east-retail-direct.amazon.com/x/c/JB0QxwnL2XvVL0c3P2x2lXUAAAGgswEviQEAAAH2AQBvbm9fdHhuX2JpZDQgICBvbm9fdHhuX2ltcDEgICDFHEID/clv1c_ek-wBAfWLcTaneebk4zMuI-tb5sd6_J4t4SMQFnw3cLhsQQttWVb8_LQOnrPaGa6c6jOcE1eyW3knAiwLFKelDdfS4GwMJjK9028wZXqn_w6jHPzghsCpmXh2DkU5_d3YvQ_DKGp5WAiyh-5FVWEgvLIhP2dl0_iMhz431eoSownMVu9zzwxiFXQy7piGhTyWkbSiU-bPsdM39LuvQhg6S65VFkxAcuy35Ba0WirCArtj67XMIuNpYURUcBE18V8Gsb0zGZX3edhe1XYos-plqs9OMy_2Q4-iYX82yh0EwyFcc3zx1ZX8OQeQCmnPlt23PE72Vlxbh2gU4Pf2xmRN7x06tiytRQB445OYubtKk4hRBOFNU9GVh4VRf9JAnJlpSWPD0MS1VVDTfkWI3yTllq2-tHGW2p0SifxY35F7t_DKDzNXtuSvuNQhtXZKtrISI1PedE0YaxNXnsOaJfSeX8qCUh980BiBhYIR2JEpW5H_makBVvJoa5mn-q_J3Ufn9Ta5NgEr-DbhsOm7ThLrc3kUSmulARkzJdG12JLIkteqxNG5bd38i4tIrHdWT5pcKSLX1-mn2YUCTckljUr-UF6D8Xjkt7idZrGFvGoRd0YhJ71g0s3RPAcvQ8omw6SG5n2ImEFCJs5plt51XQEeJUkBPMFVL5AAHYnIEF8SjOT5xsfRu6c-eByh70iR2snuiEfjDwFUdHQa33TfpqQS-u-Odcko4hMn0eKL_Z7zGohUJSYKDDFOhEMkFzXi7kNrth_A7I3jo-rtnUcD0Vs-Ap-nNiVzUExLfWRZFdofCo5YqnUSsCSvAy5o38IE0tXupqDdogkmeMoxHEXbB8VqXH56BKcrlloLNVt2cMtx98YJqOuuDbSWsTuY-mLYXQQNVLalgZ1lveR2IrvGQvX_pVpQabPsrMfwKlxgXj_9v7TKAN8XRYtx3mvRVgQ8KaaVHdOT4f55NsncbYkSNXVfNngw1ZnCyhniyJRmRDmiHB6McqOlmpfq9GrSEzFEnocVkfJaGam3fjHoDbhheDbYPYSrt0SLM3LIGLc6t6za50jKtICiaJCCR5n4Xldk4wGqQmGgUWI-WOKMmam-UNes1eDSUijFfnHpDZavZUvkgyxnz8MYltCgQ7TTy3bfrI6LPdhbxa07Dia6-Q6IlN-i_4N5f74rx0LU-Vk_HNgD_UbOKDfFZGmIcaVqjBoMcOKSbDOTXGyFQffdo8HpdUUyK9veTVMije-2zqQbB79MuzSXaZ_MNH0zrK_7xSlz4ZBL3jpsy1o77RVBGkBLcc7nb65av_NtydFpeEzUpZGYj6JZbFspxOl8AWOjOHafWjVSoSQiZwcitBQPV0OrlAXhDtKU8xdVkDa_Gk32xDCRdAEw8DaVtvUM4g0u4kZz-8iN8gKMX_S5Wx0wQeRIPpkSGDVOrjViZc2u8kCxHpYtW9XRQnl30iF-vo_YIGlpK5G--5OnUOaSqbH0ybeXUwyzT1lJCo_TNl8OfPIRbBppUKUx5_yTW6D6fT8QAwyDE7dI2A8BGLMdQ_e0Rfa26-HqxszMDtEEJYTfUllCDoEEDG6Bt_K61X3gdwTjz27ZoRifByM9rU7NTDlX57ayTJtoKTzyRdmznmtZLcbk5hWUlctgcBwCPnfv8ra8IR39GMj1x_86rQa0SOHGOrlby51YMdGbbqgJWRoEK_PzVYPY3s/https://www.amazon.com/gp/aw/d/B0F8D6PCQL/?_encoding=UTF8&pd_rd_plhdr=t&aaxitk=b8fdff5d0a92fb43ad129171fd02a1a5&hsa_cr_id=0&qid=1789709594&sr=1-2-9e67e56a-6f64-441f-a281-df67fc737124&i=aps&aref=rDDkVfxPg8&ref_=sbx_s_sparkle_sbtcd_asin_1_bkgd&pd_rd_w=aVwv6&content-id=amzn1.sym.8de9b3d5-f5c5-40e9-9b39-d65f08d6ea68%3Aamzn1.sym.8de9b3d5-f5c5-40e9-9b39-d65f08d6ea68&pf_rd_p=8de9b3d5-f5c5-40e9-9b39-d65f08d6ea68&pf_rd_r=HZQXPPTW8SW4JE86D1T8&pd_rd_wg=i9R86&pd_rd_r=ff34b0c0-e36d-40af-8fb1-8f6d5c09d20c,"https://m.media-amazon.com/images/I/71-mn-Y6B1L._AC_SR160,134_CB1169409_QL70_.jpg",58,排名靠前；价格高于人民币等值¥288.00；标题包含 wedge，符合美国女鞋舒适化趋势；评分达到4.3以上。
2026-09-18,amazon_us,product,best_sellers,Best Sellers Women Sandals,23,KuaiLu Flip Flops for Women with Arch Support Summer Beach Thong Sandals | Comfortable Yoga Mat Cushion Walking Shoes Slip on Casual Outfits Faux Leather Indoor Outdoor,,4.2,$9.99,,,,,,https://www.amazon.com/KuaiLu-Support-Comfortable-Cushion-Walking/dp/B08GKGCH2R/ref=zg_bs_g_679425011_d_sccl_23/139-3123351-6292918?psc=1,"https://images-na.ssl-images-amazon.com/images/I/81-DUybjK+L._AC_UL600_SR600,400_.jpg",57,排名进入前30；标题包含 comfort、arch support、beach、summer，符合美国女鞋舒适化趋势；评分达到4.0以上。
2026-09-18,amazon_us,product,best_sellers,Best Sellers Women Sandals,24,"ODOLY Unisex Comfortable Cork Footbed Slide Sandals with Arch Support | Adjustable Buckle, Lightweight Summer Sandals for Travel and Everyday Wear",,4.5,$26.96,,,,,,https://www.amazon.com/ODOLY-Footbed-Comfortable-Sandals-Adjustable/dp/B0CSMN1X4W/ref=zg_bs_g_679425011_d_sccl_24/139-3123351-6292918?psc=1,"https://images-na.ssl-images-amazon.com/images/I/61iYsM+H9QL._AC_UL600_SR600,400_.jpg",57,排名进入前30；标题包含 comfort、arch support、summer，符合美国女鞋舒适化趋势；评分达到4.3以上。
2026-09-18,amazon_us,product,new_releases,New Releases Women Sandals,17,Project Cloud 100% Genuine Leather Block Heeled Sandals for Women(Opal) | Sandals Women Footwear-Memory Foam Insole & Non-Slip Womens Sandals Block Heels For Women-Womens Slides & Women's Sandals,,4.1,$49.90,,,,,,https://www.amazon.com/Project-Cloud-Genuine-Leather-Sandals/dp/B0GYFJFJRB/ref=zg_bsnr_g_679425011_d_sccl_17/130-3661958-8730615?psc=1,"https://images-na.ssl-images-amazon.com/images/I/81Li8roYauL._AC_UL600_SR600,400_.jpg",57,排名进入前30；标题包含 cloud，符合美国女鞋舒适化趋势；cloud + slides组合趋势加分；评分达到4.0以上。
2026-09-18,amazon_us,product,new_releases,New Releases Women Sandals,30,"SUITSER Womens Comfortable Beach Sandals Waterproof Pool Eva Slides | Arch Support,Adjustable Double Buckles,Summer Walking Slides,Slip on,Non Slip,Lightweight,Shower Outdoor Shoes",,4.1,$11.99,,,,,,https://www.amazon.com/SUITSER-Womens-Comfortable-Sandals-Waterproof/dp/B0H1458LKB/ref=zg_bsnr_g_679425011_d_sccl_30/130-3661958-8730615?psc=1,"https://images-na.ssl-images-amazon.com/images/I/61+YTJbhWjL._AC_UL600_SR600,400_.jpg",57,排名进入前30；标题包含 comfort、arch support、beach、summer，符合美国女鞋舒适化趋势；评分达到4.0以上。
2026-09-18,amazon_us,product,search,women summer slippers,11,EverFoams,¥154.73,4.4,EverFoams,,,,,,https://www.amazon.com/EverFoams-Womens-Slippers-Memory-Outdoor/dp/B0CLGNYKFR/ref=sr_1_5?dib=eyJ2IjoiMSJ9.aC2Y5Er8ydnBrykCP8gA0XzZ6uHfbRgqpxkxgFGcrYww3sivVP3DIIWvV1o8hMT2aeRBzgTc4mqkuZyK_8_QhkDqZHouxnLKNt3UNJpK30oXBx66krxHMhMHI4yWI44_lZked5pTdxIvywyxLdps9nggrw_LCL8XmD6ZAWHtXionOfNRx0iWtOFW-s2_w_yypGEBIsaJy5-KBa-KAEO36G_tWb48zLJz1fkfYGMcUd7PjPFDu5bBHZfZ9NRxaiWjEXfSXnjET3MZf-XHqIIIH_r_dcoWHgIaiHPl4D9yNts.f_clnWNNHjG6vM-MPq0p57edIWJUWzQHnz-wFSvPdOE&dib_tag=se&keywords=women+summer+slippers&qid=1789709593&sr=8-5,https://m.media-amazon.com/images/I/81rGYT3pkaL._AC_UL320_.jpg,57,排名进入前30；价格处于人民币等值¥57.60-¥180.00黄金区间；评分达到4.3以上。
2026-09-18,amazon_us,product,search,women summer slippers,14,shevalues,¥100.73,4.3,shevalues,,,,,,https://www.amazon.com/Shevalues-Womens-Indoor-Slippers-Cotton/dp/B074HBC1BR/ref=sr_1_8?dib=eyJ2IjoiMSJ9.aC2Y5Er8ydnBrykCP8gA0XzZ6uHfbRgqpxkxgFGcrYww3sivVP3DIIWvV1o8hMT2aeRBzgTc4mqkuZyK_8_QhkDqZHouxnLKNt3UNJpK30oXBx66krxHMhMHI4yWI44_lZked5pTdxIvywyxLdps9nggrw_LCL8XmD6ZAWHtXionOfNRx0iWtOFW-s2_w_yypGEBIsaJy5-KBa-KAEO36G_tWb48zLJz1fkfYGMcUd7PjPFDu5bBHZfZ9NRxaiWjEXfSXnjET3MZf-XHqIIIH_r_dcoWHgIaiHPl4D9yNts.f_clnWNNHjG6vM-MPq0p57edIWJUWzQHnz-wFSvPdOE&dib_tag=se&keywords=women+summer+slippers&qid=1789709593&sr=8-8,https://m.media-amazon.com/images/I/71JYzlHXkPL._AC_UL320_.jpg,57,排名进入前30；价格处于人民币等值¥57.60-¥180.00黄金区间；评分达到4.3以上。
2026-09-18,amazon_us,product,search,women summer slippers,16,LongBay,¥158.33,4.5,LongBay,,,,,,https://www.amazon.com/LongBay-Slippers-Memory-Bedroom-Dual-Strap/dp/B0DP277YRM/ref=sr_1_10?dib=eyJ2IjoiMSJ9.aC2Y5Er8ydnBrykCP8gA0XzZ6uHfbRgqpxkxgFGcrYww3sivVP3DIIWvV1o8hMT2aeRBzgTc4mqkuZyK_8_QhkDqZHouxnLKNt3UNJpK30oXBx66krxHMhMHI4yWI44_lZked5pTdxIvywyxLdps9nggrw_LCL8XmD6ZAWHtXionOfNRx0iWtOFW-s2_w_yypGEBIsaJy5-KBa-KAEO36G_tWb48zLJz1fkfYGMcUd7PjPFDu5bBHZfZ9NRxaiWjEXfSXnjET3MZf-XHqIIIH_r_dcoWHgIaiHPl4D9yNts.f_clnWNNHjG6vM-MPq0p57edIWJUWzQHnz-wFSvPdOE&dib_tag=se&keywords=women+summer+slippers&qid=1789709593&sr=8-10,https://m.media-amazon.com/images/I/71BlGXBbl-L._AC_UL320_.jpg,57,排名进入前30；价格处于人民币等值¥57.60-¥180.00黄金区间；评分达到4.3以上。
2026-09-18,amazon_us,product,search,women summer slippers,18,Evshine,¥93.53,4.4,Evshine,,,,,,https://www.amazon.com/Evshine-Summer-Slippers-Corduroy-Bedroom/dp/B0CSN39WDS/ref=sr_1_12?dib=eyJ2IjoiMSJ9.aC2Y5Er8ydnBrykCP8gA0XzZ6uHfbRgqpxkxgFGcrYww3sivVP3DIIWvV1o8hMT2aeRBzgTc4mqkuZyK_8_QhkDqZHouxnLKNt3UNJpK30oXBx66krxHMhMHI4yWI44_lZked5pTdxIvywyxLdps9nggrw_LCL8XmD6ZAWHtXionOfNRx0iWtOFW-s2_w_yypGEBIsaJy5-KBa-KAEO36G_tWb48zLJz1fkfYGMcUd7PjPFDu5bBHZfZ9NRxaiWjEXfSXnjET3MZf-XHqIIIH_r_dcoWHgIaiHPl4D9yNts.f_clnWNNHjG6vM-MPq0p57edIWJUWzQHnz-wFSvPdOE&dib_tag=se&keywords=women+summer+slippers&qid=1789709593&sr=8-12,https://m.media-amazon.com/images/I/71SaoMUrpoL._AC_UL320_.jpg,57,排名进入前30；价格处于人民币等值¥57.60-¥180.00黄金区间；评分达到4.3以上。
2026-09-18,amazon_us,product,search,women summer slippers,19,"Cloth Slippers Linen Slippers - Breathable, Anti-Slip, Easy to Clean - Summer Silent Slippers for Women and Men",¥64.73,4.2,"Price, product page $8.99 $ 8 . 99",,,,,,https://www.amazon.com/VIDSID-Linen-Slippers-Breathable-Anti-Slip/dp/B0D4DNFVWP/ref=sr_1_13?dib=eyJ2IjoiMSJ9.aC2Y5Er8ydnBrykCP8gA0XzZ6uHfbRgqpxkxgFGcrYww3sivVP3DIIWvV1o8hMT2aeRBzgTc4mqkuZyK_8_QhkDqZHouxnLKNt3UNJpK30oXBx66krxHMhMHI4yWI44_lZked5pTdxIvywyxLdps9nggrw_LCL8XmD6ZAWHtXionOfNRx0iWtOFW-s2_w_yypGEBIsaJy5-KBa-KAEO36G_tWb48zLJz1fkfYGMcUd7PjPFDu5bBHZfZ9NRxaiWjEXfSXnjET3MZf-XHqIIIH_r_dcoWHgIaiHPl4D9yNts.f_clnWNNHjG6vM-MPq0p57edIWJUWzQHnz-wFSvPdOE&dib_tag=se&keywords=women+summer+slippers&qid=1789709593&sr=8-13,https://m.media-amazon.com/images/I/81CG5b2e3QL._AC_UL320_.jpg,57,排名进入前30；价格处于人民币等值¥57.60-¥180.00黄金区间；标题包含 summer，符合美国女鞋舒适化趋势；评分达到4.0以上。
2026-09-18,amazon_us,product,search,women summer slippers,22,Dearfoams,¥129.53,4.3,Dearfoams,,,,,,https://www.amazon.com/Dearfoams-womens-Slipper-Dusty-Large/dp/B083VY1Q3M/ref=sr_1_16?dib=eyJ2IjoiMSJ9.aC2Y5Er8ydnBrykCP8gA0XzZ6uHfbRgqpxkxgFGcrYww3sivVP3DIIWvV1o8hMT2aeRBzgTc4mqkuZyK_8_QhkDqZHouxnLKNt3UNJpK30oXBx66krxHMhMHI4yWI44_lZked5pTdxIvywyxLdps9nggrw_LCL8XmD6ZAWHtXionOfNRx0iWtOFW-s2_w_yypGEBIsaJy5-KBa-KAEO36G_tWb48zLJz1fkfYGMcUd7PjPFDu5bBHZfZ9NRxaiWjEXfSXnjET3MZf-XHqIIIH_r_dcoWHgIaiHPl4D9yNts.f_clnWNNHjG6vM-MPq0p57edIWJUWzQHnz-wFSvPdOE&dib_tag=se&keywords=women+summer+slippers&qid=1789709593&sr=8-16,https://m.media-amazon.com/images/I/716X6dZXCuL._AC_UL320_.jpg,57,排名进入前30；价格处于人民币等值¥57.60-¥180.00黄金区间；评分达到4.3以上。
2026-09-18,amazon_us,product,search,women summer slippers,24,ULTRAIDEAS,¥122.33,4.5,ULTRAIDEAS,,,,,,https://www.amazon.com/ULTRAIDEAS-Slippers-Bowknot-Outdoor-Anti-Skid/dp/B07MZ3H6MN/ref=sr_1_18?dib=eyJ2IjoiMSJ9.aC2Y5Er8ydnBrykCP8gA0XzZ6uHfbRgqpxkxgFGcrYww3sivVP3DIIWvV1o8hMT2aeRBzgTc4mqkuZyK_8_QhkDqZHouxnLKNt3UNJpK30oXBx66krxHMhMHI4yWI44_lZked5pTdxIvywyxLdps9nggrw_LCL8XmD6ZAWHtXionOfNRx0iWtOFW-s2_w_yypGEBIsaJy5-KBa-KAEO36G_tWb48zLJz1fkfYGMcUd7PjPFDu5bBHZfZ9NRxaiWjEXfSXnjET3MZf-XHqIIIH_r_dcoWHgIaiHPl4D9yNts.f_clnWNNHjG6vM-MPq0p57edIWJUWzQHnz-wFSvPdOE&dib_tag=se&keywords=women+summer+slippers&qid=1789709593&sr=8-18,https://m.media-amazon.com/images/I/71cvxwhDe7L._AC_UL320_.jpg,57,排名进入前30；价格处于人民币等值¥57.60-¥180.00黄金区间；评分达到4.3以上。
2026-09-18,amazon_us,product,search,women summer slippers,26,KuaiLu,¥100.73,4.3,KuaiLu,,,,,,https://www.amazon.com/KuaiLu-Support-Comfortable-Walking-Sandals/dp/B0C5ZZ51RT/ref=sr_1_20?dib=eyJ2IjoiMSJ9.aC2Y5Er8ydnBrykCP8gA0XzZ6uHfbRgqpxkxgFGcrYww3sivVP3DIIWvV1o8hMT2aeRBzgTc4mqkuZyK_8_QhkDqZHouxnLKNt3UNJpK30oXBx66krxHMhMHI4yWI44_lZked5pTdxIvywyxLdps9nggrw_LCL8XmD6ZAWHtXionOfNRx0iWtOFW-s2_w_yypGEBIsaJy5-KBa-KAEO36G_tWb48zLJz1fkfYGMcUd7PjPFDu5bBHZfZ9NRxaiWjEXfSXnjET3MZf-XHqIIIH_r_dcoWHgIaiHPl4D9yNts.f_clnWNNHjG6vM-MPq0p57edIWJUWzQHnz-wFSvPdOE&dib_tag=se&keywords=women+summer+slippers&qid=1789709593&sr=8-20,https://m.media-amazon.com/images/I/710PdcSAm6L._AC_UL320_.jpg,57,排名进入前30；价格处于人民币等值¥57.60-¥180.00黄金区间；评分达到4.3以上。
2026-09-18,amazon_us,product,search,women slides,17,CUSHIONAIRE,¥174.89,4.4,CUSHIONAIRE,,,,,,https://www.amazon.com/CUSHIONAIRE-Womens-Feather-recovery-Comfort/dp/B0BTQ7ZS7B/ref=sr_1_6?dib=eyJ2IjoiMSJ9.6owUC4TDSG3NkE2e1xmDHJ12JppxBTHI9OeicpSnPHQ1x9_7V7cYRq0WIXECWC22UmSeVE8s1Y6U6t4Q5WXsi7dCWYg7Nd99nxsPfiwRUtgkj_aQbsPXVEllSOPIVf7F7SuxuweBVNS-cR53zbH1sVGAKq5vg7EW_ST9VCj93pxbaOMZD32R_zcEBOPatSX7aMfV-4OmuTgYWjmuXOCjCDwnUh-m_Bg01a0F7RslOHhHCjlCUweMf7JwowpYKOMnmqyxIqiASDaTlH4cweedJBRboNk7GEqG9BMcfkuy0dU.nS6kMhTCxw5LXvhzIKjYzhDpHT1S6cVU3pVwW_rfuMA&dib_tag=se&keywords=women+slides&qid=1789709594&sr=8-6,https://m.media-amazon.com/images/I/81PBXKFp76L._AC_UL320_.jpg,57,排名进入前30；价格处于人民币等值¥57.60-¥180.00黄金区间；评分达到4.3以上。
2026-09-18,amazon_us,product,search,women slides,18,Weweya,¥71.93,4.4,Weweya,,,,,,https://www.amazon.com/Weweya-Shower-Non-Slip-Outdoor-Sandals/dp/B0F1XTPHY8/ref=sr_1_7?dib=eyJ2IjoiMSJ9.6owUC4TDSG3NkE2e1xmDHJ12JppxBTHI9OeicpSnPHQ1x9_7V7cYRq0WIXECWC22UmSeVE8s1Y6U6t4Q5WXsi7dCWYg7Nd99nxsPfiwRUtgkj_aQbsPXVEllSOPIVf7F7SuxuweBVNS-cR53zbH1sVGAKq5vg7EW_ST9VCj93pxbaOMZD32R_zcEBOPatSX7aMfV-4OmuTgYWjmuXOCjCDwnUh-m_Bg01a0F7RslOHhHCjlCUweMf7JwowpYKOMnmqyxIqiASDaTlH4cweedJBRboNk7GEqG9BMcfkuy0dU.nS6kMhTCxw5LXvhzIKjYzhDpHT1S6cVU3pVwW_rfuMA&dib_tag=se&keywords=women+slides&qid=1789709594&sr=8-7,https://m.media-amazon.com/images/I/61QGXLFgg+L._AC_UL320_.jpg,57,排名进入前30；价格处于人民币等值¥57.60-¥180.00黄金区间；评分达到4.3以上。
2026-09-18,amazon_us,product,search,women slides,29,welltree,¥100.73,4.3,welltree,,,,,,https://www.amazon.com/welltree-Slippers-Non-Slip-Bathroom-Sandals/dp/B09JVKT6L8/ref=sr_1_18?dib=eyJ2IjoiMSJ9.6owUC4TDSG3NkE2e1xmDHJ12JppxBTHI9OeicpSnPHQ1x9_7V7cYRq0WIXECWC22UmSeVE8s1Y6U6t4Q5WXsi7dCWYg7Nd99nxsPfiwRUtgkj_aQbsPXVEllSOPIVf7F7SuxuweBVNS-cR53zbH1sVGAKq5vg7EW_ST9VCj93pxbaOMZD32R_zcEBOPatSX7aMfV-4OmuTgYWjmuXOCjCDwnUh-m_Bg01a0F7RslOHhHCjlCUweMf7JwowpYKOMnmqyxIqiASDaTlH4cweedJBRboNk7GEqG9BMcfkuy0dU.nS6kMhTCxw5LXvhzIKjYzhDpHT1S6cVU3pVwW_rfuMA&dib_tag=se&keywords=women+slides&qid=1789709594&sr=8-18,https://m.media-amazon.com/images/I/51gpb9lx2LL._AC_UL320_.jpg,57,排名进入前30；价格处于人民币等值¥57.60-¥180.00黄金区间；评分达到4.3以上。
2026-09-18,amazon_us,product,search,platform sandals women,24,Scecocrs,¥82.73,4.3,Scecocrs,,,,,,https://www.amazon.com/sspa/click?ie=UTF8&spc=MTozNTI1Mjg4NTM4NjQ0MzIwOjE3ODk3MDk1OTQ6c3BfbXRmOjMwMDc4MDU4NTM0NDIwMjo6MDo6&url=%2FPlatform-Lightweight-Adjustable-Sandalias-Plataforma%2Fdp%2FB0D2W49WXJ%2Fref%3Dsr_1_21_sspa%3Fdib%3DeyJ2IjoiMSJ9.EIJh1jY9ea3EISWsO86Abd4I7-jIjt1r5OmRcG_UIuA7eY3gCbmUpSzi8VFDinmhYAJoPcJYsndhZKLRAQe2x98SLgyMrHm3FZjSjk6gPdHN5QYUDLUf2wuynf0rpZvnNnh-80ByR6lHadfJDyHhuVyOztOJwovDIxl818EPFFAoGYrZCZcouGvXVVvv3aRP_ZokqphMYQoss5FVFrWJvdspfLkoLBxOBQU8t1pXCSnqBs3oHO3fYBjBrPZlNECsIjpi0gGKx6OgHyCJFI22QyKA33zYS_1PdoxK70NFbkM.ivqtQYsDB_RsQbQZnecvCCmcWCxSZMxDwsK8gal6KXo%26dib_tag%3Dse%26keywords%3Dplatform%2Bsandals%2Bwomen%26qid%3D1789709594%26sr%3D8-21-spons%26sp_csd%3Dd2lkZ2V0TmFtZT1zcF9tdGY%26psc%3D1,https://m.media-amazon.com/images/I/61lxcc2ZO6L._AC_UL320_.jpg,57,排名进入前30；价格处于人民币等值¥57.60-¥180.00黄金区间；评分达到4.3以上。
2026-09-18,amazon_us,product,search,platform sandals women,26,Project Cloud,¥287.28,4.2,Project Cloud,,,,,,https://www.amazon.com/Project-Cloud-Platform-Sandals-Women/dp/B0FTTJXGPG/ref=sr_1_23?dib=eyJ2IjoiMSJ9.EIJh1jY9ea3EISWsO86Abd4I7-jIjt1r5OmRcG_UIuA7eY3gCbmUpSzi8VFDinmhYAJoPcJYsndhZKLRAQe2x98SLgyMrHm3FZjSjk6gPdHN5QYUDLUf2wuynf0rpZvnNnh-80ByR6lHadfJDyHhuVyOztOJwovDIxl818EPFFAoGYrZCZcouGvXVVvv3aRP_ZokqphMYQoss5FVFrWJvdspfLkoLBxOBQU8t1pXCSnqBs3oHO3fYBjBrPZlNECsIjpi0gGKx6OgHyCJFI22QyKA33zYS_1PdoxK70NFbkM.ivqtQYsDB_RsQbQZnecvCCmcWCxSZMxDwsK8gal6KXo&dib_tag=se&keywords=platform+sandals+women&qid=1789709594&sr=8-23,https://m.media-amazon.com/images/I/71J636VmPQL._AC_UL320_.jpg,57,排名进入前30；价格处于人民币等值¥180.00-¥288.00区间；标题包含 cloud，符合美国女鞋舒适化趋势；评分达到4.0以上。
2026-09-18,amazon_us,product,best_sellers,Best Sellers Women Sandals,4,"DREAM PAIRS Women's Comfort Block Heel Sandals | Open Toe Adjustable Ankle Strap Chunky Dress Heels, Fashion Heeled Sandals for Prom, Wedding Guest and Formal Events",,4.2,$29.99,,,,,,https://www.amazon.com/DREAM-PAIRS-Womens-Chunk-Sandals/dp/B071CTLNBL/ref=zg_bs_g_679425011_d_sccl_4/139-3123351-6292918?psc=1,"https://images-na.ssl-images-amazon.com/images/I/61mjdmlQ3bL._AC_UL600_SR600,400_.jpg",55,排名靠前；标题包含 comfort，符合美国女鞋舒适化趋势；评分达到4.0以上。
2026-09-18,amazon_us,product,best_sellers,Best Sellers Women Sandals,9,"Ankis Women Nude White Gold Black Sandals Open Toe 1 Inch Low Block Heel | 1-inch short heel, adjustable ankle strap, 5mm latex cushioned insole, comfortable walking, for wedding, dressy, formal event",,4.2,$31.96,,,,,,https://www.amazon.com/Ankis-Sandals-Comfortable-Adjustable-Available/dp/B0BPL95VFW/ref=zg_bs_g_679425011_d_sccl_9/139-3123351-6292918?psc=1,"https://images-na.ssl-images-amazon.com/images/I/51EOkpMrmNL._AC_UL600_SR600,400_.jpg",55,排名靠前；标题包含 comfort，符合美国女鞋舒适化趋势；评分达到4.0以上。
2026-09-18,amazon_us,product,best_sellers,Best Sellers Women Sandals,18,OOFOS OOriginal Recovery Sandal - Women’s and Men’s,,4.5,$54.99,,,,,,https://www.amazon.com/OOFOS-Unisex-Original-Thong-Black/dp/B00IA4XD20/ref=zg_bs_g_679425011_d_sccl_18/139-3123351-6292918?psc=1,"https://images-na.ssl-images-amazon.com/images/I/51qiZpHX64L._AC_UL600_SR600,400_.jpg",55,排名进入前30；评论数达到50以上；标题包含 recovery，符合美国女鞋舒适化趋势；评分达到4.3以上。
2026-09-18,amazon_us,product,new_releases,New Releases Women Sandals,7,"DREAM PAIRS Women's Stiletto Kitten Heeled Sandals | Pointed Open Toe Chunky Block Heels, Heeled Sandals Wedding Bridal Party, 3.78-inch stiletto heel Comfortable Shoes",,4.0,$38.99,,,,,,https://www.amazon.com/DREAM-PAIRS-Womens-Stiletto-Sandals/dp/B0H2TWSBLF/ref=zg_bsnr_g_679425011_d_sccl_7/130-3661958-8730615?psc=1,"https://images-na.ssl-images-amazon.com/images/I/615-nQIWeVL._AC_UL600_SR600,400_.jpg",55,排名靠前；标题包含 comfort，符合美国女鞋舒适化趋势；评分达到4.0以上。
2026-09-18,amazon_us,product,new_releases,New Releases Women Sandals,8,"mazeskin Womens Jelly Flats Lattice Ballet Sandals Shoes | Summer Water-Friendly,Pointed Toe Breathable,Lightweight Flexible Woven,Beach Vacation Travel Pool",,4.0,$13.99,,,,,,https://www.amazon.com/mazeskin-Womens-Lattice-Ballet-Sandals/dp/B0H8XT1DFB/ref=zg_bsnr_g_679425011_d_sccl_8/130-3661958-8730615?psc=1,"https://images-na.ssl-images-amazon.com/images/I/71ixO5QqFYL._AC_UL600_SR600,400_.jpg",55,排名靠前；标题包含 beach、summer，符合美国女鞋舒适化趋势；评分达到4.0以上。
2026-09-18,amazon_us,product,search,women slides,34,Arch Support Slides for Women and Men Recovery House Sandals for Men Soft and Comfortable Summer Beach Shoes Slippers Women,¥71.93,3.8,"Price, product page $9.99 $ 9 . 99 Typical: $12.99 Typical: $12.99 $12.99",,,,,,https://www.amazon.com/SKETOE-Support-Recovery-Comfortable-Slippers/dp/B0GLF1516G/ref=sr_1_23?dib=eyJ2IjoiMSJ9.6owUC4TDSG3NkE2e1xmDHJ12JppxBTHI9OeicpSnPHQ1x9_7V7cYRq0WIXECWC22UmSeVE8s1Y6U6t4Q5WXsi7dCWYg7Nd99nxsPfiwRUtgkj_aQbsPXVEllSOPIVf7F7SuxuweBVNS-cR53zbH1sVGAKq5vg7EW_ST9VCj93pxbaOMZD32R_zcEBOPatSX7aMfV-4OmuTgYWjmuXOCjCDwnUh-m_Bg01a0F7RslOHhHCjlCUweMf7JwowpYKOMnmqyxIqiASDaTlH4cweedJBRboNk7GEqG9BMcfkuy0dU.nS6kMhTCxw5LXvhzIKjYzhDpHT1S6cVU3pVwW_rfuMA&dib_tag=se&keywords=women+slides&qid=1789709594&sr=8-23,https://m.media-amazon.com/images/I/81ECHpu6ZvL._AC_UL320_.jpg,55,排名进入前50；价格处于人民币等值¥57.60-¥180.00黄金区间；标题包含 recovery、comfort、arch support、soft、beach、summer，符合美国女鞋舒适化趋势。
2026-09-18,amazon_us,product,search,platform sandals women,9,Crocs,¥323.64,4.5,Products highlighted as 'Overall Pick' are:,,,,,,https://www.amazon.com/Crocs-Womens-Brooklyn-Cashew-Medium/dp/B0FKTHMMS7/ref=sr_1_6?dib=eyJ2IjoiMSJ9.EIJh1jY9ea3EISWsO86Abd4I7-jIjt1r5OmRcG_UIuA7eY3gCbmUpSzi8VFDinmhYAJoPcJYsndhZKLRAQe2x98SLgyMrHm3FZjSjk6gPdHN5QYUDLUf2wuynf0rpZvnNnh-80ByR6lHadfJDyHhuVyOztOJwovDIxl818EPFFAoGYrZCZcouGvXVVvv3aRP_ZokqphMYQoss5FVFrWJvdspfLkoLBxOBQU8t1pXCSnqBs3oHO3fYBjBrPZlNECsIjpi0gGKx6OgHyCJFI22QyKA33zYS_1PdoxK70NFbkM.ivqtQYsDB_RsQbQZnecvCCmcWCxSZMxDwsK8gal6KXo&dib_tag=se&keywords=platform+sandals+women&qid=1789709594&sr=8-6,https://m.media-amazon.com/images/I/61+pv64cN9L._AC_UL320_.jpg,55,排名靠前；价格高于人民币等值¥288.00；评分达到4.3以上。
2026-09-18,amazon_us,product,search,women summer slippers,28,mazeskin,¥71.93,4.2,mazeskin,,,,,,https://www.amazon.com/mazeskin-Womens-Comfortable-Sandals-Leather/dp/B0F32KMZ18/ref=sr_1_22?dib=eyJ2IjoiMSJ9.aC2Y5Er8ydnBrykCP8gA0XzZ6uHfbRgqpxkxgFGcrYww3sivVP3DIIWvV1o8hMT2aeRBzgTc4mqkuZyK_8_QhkDqZHouxnLKNt3UNJpK30oXBx66krxHMhMHI4yWI44_lZked5pTdxIvywyxLdps9nggrw_LCL8XmD6ZAWHtXionOfNRx0iWtOFW-s2_w_yypGEBIsaJy5-KBa-KAEO36G_tWb48zLJz1fkfYGMcUd7PjPFDu5bBHZfZ9NRxaiWjEXfSXnjET3MZf-XHqIIIH_r_dcoWHgIaiHPl4D9yNts.f_clnWNNHjG6vM-MPq0p57edIWJUWzQHnz-wFSvPdOE&dib_tag=se&keywords=women+summer+slippers&qid=1789709593&sr=8-22,https://m.media-amazon.com/images/I/71jV8GHPNSL._AC_UL320_.jpg,54,排名进入前30；价格处于人民币等值¥57.60-¥180.00黄金区间；评分达到4.0以上。
2026-09-18,amazon_us,product,search,women slides,22,Leevar,¥100.73,4.2,Leevar,,,,,,https://www.amazon.com/Leevar-Slippers-Non-slip-Swimming-Footwear/dp/B09YCLK5DG/ref=sr_1_11?dib=eyJ2IjoiMSJ9.6owUC4TDSG3NkE2e1xmDHJ12JppxBTHI9OeicpSnPHQ1x9_7V7cYRq0WIXECWC22UmSeVE8s1Y6U6t4Q5WXsi7dCWYg7Nd99nxsPfiwRUtgkj_aQbsPXVEllSOPIVf7F7SuxuweBVNS-cR53zbH1sVGAKq5vg7EW_ST9VCj93pxbaOMZD32R_zcEBOPatSX7aMfV-4OmuTgYWjmuXOCjCDwnUh-m_Bg01a0F7RslOHhHCjlCUweMf7JwowpYKOMnmqyxIqiASDaTlH4cweedJBRboNk7GEqG9BMcfkuy0dU.nS6kMhTCxw5LXvhzIKjYzhDpHT1S6cVU3pVwW_rfuMA&dib_tag=se&keywords=women+slides&qid=1789709594&sr=8-11,https://m.media-amazon.com/images/I/71Epw-42KBL._AC_UL320_.jpg,54,排名进入前30；价格处于人民币等值¥57.60-¥180.00黄金区间；评分达到4.0以上。
2026-09-18,amazon_us,product,search,women slides,28,Happy Lily,¥71.93,4.2,Happy Lily,,,,,,https://www.amazon.com/Slippers-Non-Slip-Shower-Sandals-Bathroom/dp/B01LYNR9VM/ref=sr_1_17?dib=eyJ2IjoiMSJ9.6owUC4TDSG3NkE2e1xmDHJ12JppxBTHI9OeicpSnPHQ1x9_7V7cYRq0WIXECWC22UmSeVE8s1Y6U6t4Q5WXsi7dCWYg7Nd99nxsPfiwRUtgkj_aQbsPXVEllSOPIVf7F7SuxuweBVNS-cR53zbH1sVGAKq5vg7EW_ST9VCj93pxbaOMZD32R_zcEBOPatSX7aMfV-4OmuTgYWjmuXOCjCDwnUh-m_Bg01a0F7RslOHhHCjlCUweMf7JwowpYKOMnmqyxIqiASDaTlH4cweedJBRboNk7GEqG9BMcfkuy0dU.nS6kMhTCxw5LXvhzIKjYzhDpHT1S6cVU3pVwW_rfuMA&dib_tag=se&keywords=women+slides&qid=1789709594&sr=8-17,https://m.media-amazon.com/images/I/81oTjdeU9ZL._AC_UL320_.jpg,54,排名进入前30；价格处于人民币等值¥57.60-¥180.00黄金区间；评分达到4.0以上。
2026-09-18,amazon_us,product,search,platform sandals women,11,Vilanva,¥129.53,4.0,Vilanva,,,,,,https://www.amazon.com/Vilanva-Platform-Lightweight-Comfortable-Non-Slip/dp/B0GH6HQ54N/ref=sr_1_8?dib=eyJ2IjoiMSJ9.EIJh1jY9ea3EISWsO86Abd4I7-jIjt1r5OmRcG_UIuA7eY3gCbmUpSzi8VFDinmhYAJoPcJYsndhZKLRAQe2x98SLgyMrHm3FZjSjk6gPdHN5QYUDLUf2wuynf0rpZvnNnh-80ByR6lHadfJDyHhuVyOztOJwovDIxl818EPFFAoGYrZCZcouGvXVVvv3aRP_ZokqphMYQoss5FVFrWJvdspfLkoLBxOBQU8t1pXCSnqBs3oHO3fYBjBrPZlNECsIjpi0gGKx6OgHyCJFI22QyKA33zYS_1PdoxK70NFbkM.ivqtQYsDB_RsQbQZnecvCCmcWCxSZMxDwsK8gal6KXo&dib_tag=se&keywords=platform+sandals+women&qid=1789709594&sr=8-8,https://m.media-amazon.com/images/I/71Rd9P48eZL._AC_UL320_.jpg,54,排名进入前30；价格处于人民币等值¥57.60-¥180.00黄金区间；评分达到4.0以上。
2026-09-18,amazon_us,product,search,platform sandals women,20,YUHITYGZGS,¥158.33,4.2,YUHITYGZGS,,,,,,https://www.amazon.com/YUHITYGZGS-Platform-Sandals-Footbed-Lightweight/dp/B0F991QX1S/ref=sr_1_17?dib=eyJ2IjoiMSJ9.EIJh1jY9ea3EISWsO86Abd4I7-jIjt1r5OmRcG_UIuA7eY3gCbmUpSzi8VFDinmhYAJoPcJYsndhZKLRAQe2x98SLgyMrHm3FZjSjk6gPdHN5QYUDLUf2wuynf0rpZvnNnh-80ByR6lHadfJDyHhuVyOztOJwovDIxl818EPFFAoGYrZCZcouGvXVVvv3aRP_ZokqphMYQoss5FVFrWJvdspfLkoLBxOBQU8t1pXCSnqBs3oHO3fYBjBrPZlNECsIjpi0gGKx6OgHyCJFI22QyKA33zYS_1PdoxK70NFbkM.ivqtQYsDB_RsQbQZnecvCCmcWCxSZMxDwsK8gal6KXo&dib_tag=se&keywords=platform+sandals+women&qid=1789709594&sr=8-17,https://m.media-amazon.com/images/I/71Bo+e1NKLL._AC_UL320_.jpg,54,排名进入前30；价格处于人民币等值¥57.60-¥180.00黄金区间；评分达到4.0以上。
2026-09-18,amazon_us,product,search,platform sandals women,29,Monrovia,¥143.93,4.1,Monrovia,,,,,,https://www.amazon.com/Monrovia-Platform-Espadrilles-Vacation-Comfortable/dp/B0FJS1R2ZG/ref=sr_1_26?dib=eyJ2IjoiMSJ9.EIJh1jY9ea3EISWsO86Abd4I7-jIjt1r5OmRcG_UIuA7eY3gCbmUpSzi8VFDinmhYAJoPcJYsndhZKLRAQe2x98SLgyMrHm3FZjSjk6gPdHN5QYUDLUf2wuynf0rpZvnNnh-80ByR6lHadfJDyHhuVyOztOJwovDIxl818EPFFAoGYrZCZcouGvXVVvv3aRP_ZokqphMYQoss5FVFrWJvdspfLkoLBxOBQU8t1pXCSnqBs3oHO3fYBjBrPZlNECsIjpi0gGKx6OgHyCJFI22QyKA33zYS_1PdoxK70NFbkM.ivqtQYsDB_RsQbQZnecvCCmcWCxSZMxDwsK8gal6KXo&dib_tag=se&keywords=platform+sandals+women&qid=1789709594&sr=8-26,https://m.media-amazon.com/images/I/61s1n98EyYL._AC_UL320_.jpg,54,排名进入前30；价格处于人民币等值¥57.60-¥180.00黄金区间；评分达到4.0以上。
2026-09-18,amazon_us,product,search,platform sandals women,15,Women's Retro Woven Platform Sandals Chunky Block Heel 70s Inspired Slingback Heels Summer Vacation,¥302.33,4.0,"Price, product page $41.99 $ 41 . 99 Typical: $58.49 Typical: $58.49 $58.49",,,,,,https://www.amazon.com/sspa/click?ie=UTF8&spc=MTozNTI1Mjg4NTM4NjQ0MzIwOjE3ODk3MDk1OTQ6c3BfbXRmOjMwMTUwODI4Njc2NTkwMjo6MDo6&url=%2FBIUBAKUA-Platform-Slingback-Vacation-Vintage%2Fdp%2FB0GYMWMK1Z%2Fref%3Dsr_1_12_sspa%3Fdib%3DeyJ2IjoiMSJ9.EIJh1jY9ea3EISWsO86Abd4I7-jIjt1r5OmRcG_UIuA7eY3gCbmUpSzi8VFDinmhYAJoPcJYsndhZKLRAQe2x98SLgyMrHm3FZjSjk6gPdHN5QYUDLUf2wuynf0rpZvnNnh-80ByR6lHadfJDyHhuVyOztOJwovDIxl818EPFFAoGYrZCZcouGvXVVvv3aRP_ZokqphMYQoss5FVFrWJvdspfLkoLBxOBQU8t1pXCSnqBs3oHO3fYBjBrPZlNECsIjpi0gGKx6OgHyCJFI22QyKA33zYS_1PdoxK70NFbkM.ivqtQYsDB_RsQbQZnecvCCmcWCxSZMxDwsK8gal6KXo%26dib_tag%3Dse%26keywords%3Dplatform%2Bsandals%2Bwomen%26qid%3D1789709594%26sr%3D8-12-spons%26sp_csd%3Dd2lkZ2V0TmFtZT1zcF9tdGY%26psc%3D1,https://m.media-amazon.com/images/I/71QyUl1qa4L._AC_UL320_.jpg,53,排名进入前30；价格高于人民币等值¥288.00；标题包含 platform、summer，符合美国女鞋舒适化趋势；评分达到4.0以上。
2026-09-18,amazon_us,product,best_sellers,Best Sellers Women Sandals,10,"Amazon Essentials Women's Two Strap Heeled Sandals with Adjustable Ankle Strap, Padded Memory Foam Insole",,4.4,$16.61,,,,,,https://www.amazon.com/Amazon-Essentials-Womens-Nola-Heeled/dp/B08LPW41SP/ref=zg_bs_g_679425011_d_sccl_10/139-3123351-6292918?psc=1,"https://images-na.ssl-images-amazon.com/images/I/71gXk60IUaL._AC_UL600_SR600,400_.jpg",52,排名靠前；评分达到4.3以上。
2026-09-18,amazon_us,product,search,women slides,25,Calvin Klein,¥215.86,4.5,Calvin Klein,,,,,,https://www.amazon.com/Calvin-Klein-Womens-Athens-Sandal/dp/B0CQRSPTDJ/ref=sr_1_14?dib=eyJ2IjoiMSJ9.6owUC4TDSG3NkE2e1xmDHJ12JppxBTHI9OeicpSnPHQ1x9_7V7cYRq0WIXECWC22UmSeVE8s1Y6U6t4Q5WXsi7dCWYg7Nd99nxsPfiwRUtgkj_aQbsPXVEllSOPIVf7F7SuxuweBVNS-cR53zbH1sVGAKq5vg7EW_ST9VCj93pxbaOMZD32R_zcEBOPatSX7aMfV-4OmuTgYWjmuXOCjCDwnUh-m_Bg01a0F7RslOHhHCjlCUweMf7JwowpYKOMnmqyxIqiASDaTlH4cweedJBRboNk7GEqG9BMcfkuy0dU.nS6kMhTCxw5LXvhzIKjYzhDpHT1S6cVU3pVwW_rfuMA&dib_tag=se&keywords=women+slides&qid=1789709594&sr=8-14,https://m.media-amazon.com/images/I/61TQsy18fPL._AC_UL320_.jpg,52,排名进入前30；价格处于人民币等值¥180.00-¥288.00区间；评分达到4.3以上。
2026-09-18,amazon_us,product,search,women slides,26,Tommy Hilfiger,¥215.78,4.4,Tommy Hilfiger,,,,,,https://www.amazon.com/Tommy-Hilfiger-Womens-Sandal-Glitter/dp/B07C9H2SMY/ref=sr_1_15?dib=eyJ2IjoiMSJ9.6owUC4TDSG3NkE2e1xmDHJ12JppxBTHI9OeicpSnPHQ1x9_7V7cYRq0WIXECWC22UmSeVE8s1Y6U6t4Q5WXsi7dCWYg7Nd99nxsPfiwRUtgkj_aQbsPXVEllSOPIVf7F7SuxuweBVNS-cR53zbH1sVGAKq5vg7EW_ST9VCj93pxbaOMZD32R_zcEBOPatSX7aMfV-4OmuTgYWjmuXOCjCDwnUh-m_Bg01a0F7RslOHhHCjlCUweMf7JwowpYKOMnmqyxIqiASDaTlH4cweedJBRboNk7GEqG9BMcfkuy0dU.nS6kMhTCxw5LXvhzIKjYzhDpHT1S6cVU3pVwW_rfuMA&dib_tag=se&keywords=women+slides&qid=1789709594&sr=8-15,https://m.media-amazon.com/images/I/61U+T6nQA-L._AC_UL320_.jpg,52,排名进入前30；价格处于人民币等值¥180.00-¥288.00区间；评分达到4.3以上。
2026-09-18,amazon_us,product,search,platform sandals women,1,Sorel Women's Ona Ave T-Toe Sneaker | Casual Shoes Sorel Women's Ona Ave T-Toe Sneaker | Casual Shoes,¥475.20,4.2,,,,,,,https://aax-us-east-retail-direct.amazon.com/x/c/JB0QxwnL2XvVL0c3P2x2lXUAAAGgswEviQEAAAH2AQBvbm9fdHhuX2JpZDQgICBvbm9fdHhuX2ltcDEgICDFHEID/clv1c_ek-wBAfWLcTaneebk4zMuI-tb5sd6_J4t4SMQFnw3cLhsQQttWVb8_LQOnrPaGa6c6jOcE1eyW3knAiwLFKelDdfS4GwMJjK9028wZXqn_w6jHPzghsCpmXh2DkU5_d3YvQ_DKGp5WAiyh-5FVWEgvLIhP2dl0_iMhz431eoSownMVu9zzwxiFXQy7piGhTyWkbSiU-bPsdM39LuvQhg6S65VFkxAcuy35Ba0WirCArtj67XMIuNpYURUcBE18V8Gsb0zGZX3edhe1XYos-plqs9OMy_2Q4-iYX82yh0EwyFcc3zx1ZX8OQeQCmnPlt23PE72Vlxbh2gU4Pf2xmRN7x06tiytRQB445OYubtKk4hRBOFNU9GVh4VRf9JAnJlpSWPD0MS1VVDTfkWI3yTllq2-tHGW2p0SifxY35F7t_DKDzNXtuSvuNQhtXZKtrISI1PedE0YaxNXnsOaJfSeX8qCUh980BiBhYIR2JEpW5H_makBVvJoa5mn-q_J3Ufn9Ta5NgEr-DbhsOm7ThLrc3kUSmulARkzJdG12JLIkteqxNG5bd38i4tIrHdWT5pcKSLX1-mn2YUCTckljUr-UF6D8Xjkt7idZrGFvGoRd0YhJ71g0s3RPAcvQ8omw6SG5n2ImEFCJs5plt51XQEeJUkBPMFVL5AAHYnIEF8SjOT5xsfRu6c-eByh70iR2snuiEfjDwFUdHQa33TfpqQS-u-Odcko4hMn0eKL_Z7zGohUJSYKDDFOhEMkFzXi7kNrth_A7I3jo-rtnUcD0Vs-Ap-nNiVzUExLfWRZFdofCo5YqnUSsCSvAy5o38IE0tXupqDdogkmeMoxHEXbB8VqXH56BKcrlloLNVt2cMtx98YJqOuuDbSWsTuY-mLYXQQNVLalgZ1lveR2IrvGQvX_pVpQabPsrMfwKlxgXj_9v7TKAN8XRYtx3mvRVgQ8KaaVHdOT4f55NsncbYkSNXVfNngw1ZnCyhniyJRmRDmiHB6McqOlmpfq9GrSEzFEnocVkfJaGam3fjHoDbhheDbYPYSrt0SLM3LIGLc6t6za50jKtICiaJCCR5n4Xldk4wGqQmGgUWI-WOKMmam-UNes1eDSUijFfnHpDZavZUvkgyxnz8MYltCgQ7TTy3bfrI6LPdhbxa07Dia6-Q6IlN-i_4N5f74rx0LU-Vk_HNgD_UbOKDfFZGmIcaVqjBoMcOKSbDOTXGyFQffdo8HpdUUyK9veTVMije-2zqQbB79MuzSXaZ_MNH0zrK_7xSlz4ZBL3jpsy1o77RVBGkBLcc7nb65av_NtydFpeEzUpZGYj6JZbFspxOl8AWOjOHafWjVSoSQiZwcitBQPV0OrlAXhDtKU8xdVkDa_Gk32xDCRdAEw8DaVtvUM4g0u4kZz-8iN8gKMX_S5Wx0wQeRIPpkSGDVOrjViZc2u8kCxHpYtW9XRQnl30iF-vo_YIGlpK5G--5OnUOaSqbH0ybeXUwyzT1lJCo_TNl8OfPIRbBppUKUx5_yTW6D6fT8QAwyDE7dI2A8BGLMdQ_e0Rfa26-HqxszMDtEEJYTfUllCDoEEDG6Bt_K61X3gdwTjz27ZoRifByM9rU7NTDlX57ayTJtoKTzyRdmznmtZLcbk5hWUlctgcBwCPnfv8ra8IR39GMj1x_86rQa0SOHGOrlby51YMdGbbqgJWRoEK_PzVYPY3s/https://www.amazon.com/gp/aw/d/B0F8CMP4J6/?_encoding=UTF8&pd_rd_plhdr=t&aaxitk=b8fdff5d0a92fb43ad129171fd02a1a5&hsa_cr_id=0&qid=1789709594&sr=1-1-9e67e56a-6f64-441f-a281-df67fc737124&i=aps&aref=rDDkVfxPg8&ref_=sbx_s_sparkle_sbtcd_asin_0_bkgd&pd_rd_w=aVwv6&content-id=amzn1.sym.8de9b3d5-f5c5-40e9-9b39-d65f08d6ea68%3Aamzn1.sym.8de9b3d5-f5c5-40e9-9b39-d65f08d6ea68&pf_rd_p=8de9b3d5-f5c5-40e9-9b39-d65f08d6ea68&pf_rd_r=HZQXPPTW8SW4JE86D1T8&pd_rd_wg=i9R86&pd_rd_r=ff34b0c0-e36d-40af-8fb1-8f6d5c09d20c,"https://m.media-amazon.com/images/I/71Gjc0LInbL._AC_SR160,134_CB1169409_QL70_.jpg",52,排名靠前；价格高于人民币等值¥288.00；评分达到4.0以上。
2026-09-18,amazon_us,product,search,platform sandals women,13,UBFEN,¥287.78,4.5,UBFEN,,,,,,https://www.amazon.com/UBFEN-Espadrille-Platform-Sandals-Orthopedic/dp/B0GJS89MTL/ref=sr_1_10?dib=eyJ2IjoiMSJ9.EIJh1jY9ea3EISWsO86Abd4I7-jIjt1r5OmRcG_UIuA7eY3gCbmUpSzi8VFDinmhYAJoPcJYsndhZKLRAQe2x98SLgyMrHm3FZjSjk6gPdHN5QYUDLUf2wuynf0rpZvnNnh-80ByR6lHadfJDyHhuVyOztOJwovDIxl818EPFFAoGYrZCZcouGvXVVvv3aRP_ZokqphMYQoss5FVFrWJvdspfLkoLBxOBQU8t1pXCSnqBs3oHO3fYBjBrPZlNECsIjpi0gGKx6OgHyCJFI22QyKA33zYS_1PdoxK70NFbkM.ivqtQYsDB_RsQbQZnecvCCmcWCxSZMxDwsK8gal6KXo&dib_tag=se&keywords=platform+sandals+women&qid=1789709594&sr=8-10,https://m.media-amazon.com/images/I/81ToZ2Ro5jL._AC_UL320_.jpg,52,排名进入前30；价格处于人民币等值¥180.00-¥288.00区间；评分达到4.3以上。
2026-09-18,amazon_us,product,search,platform sandals women,18,DREAM PAIRS,¥287.93,4.4,DREAM PAIRS,,,,,,https://www.amazon.com/DREAM-PAIRS-Adjustable-Lightweight-Waterproof/dp/B0G1RBS19X/ref=sr_1_15?dib=eyJ2IjoiMSJ9.EIJh1jY9ea3EISWsO86Abd4I7-jIjt1r5OmRcG_UIuA7eY3gCbmUpSzi8VFDinmhYAJoPcJYsndhZKLRAQe2x98SLgyMrHm3FZjSjk6gPdHN5QYUDLUf2wuynf0rpZvnNnh-80ByR6lHadfJDyHhuVyOztOJwovDIxl818EPFFAoGYrZCZcouGvXVVvv3aRP_ZokqphMYQoss5FVFrWJvdspfLkoLBxOBQU8t1pXCSnqBs3oHO3fYBjBrPZlNECsIjpi0gGKx6OgHyCJFI22QyKA33zYS_1PdoxK70NFbkM.ivqtQYsDB_RsQbQZnecvCCmcWCxSZMxDwsK8gal6KXo&dib_tag=se&keywords=platform+sandals+women&qid=1789709594&sr=8-15,https://m.media-amazon.com/images/I/61VKPpZxLML._AC_UL320_.jpg,52,排名进入前30；价格处于人民币等值¥180.00-¥288.00区间；评分达到4.3以上。
2026-09-18,amazon_us,product,best_sellers,Best Sellers Women Sandals,13,mazeskin Womens Memory Foam Flip Flops Leather Flat Sandals | Vegan Leather Square Toe Cushion Summer Casual Comfortable Slim Thong Beach Slide Shoes Non Slip,,4.0,$9.98,,,,,,https://www.amazon.com/mazeskin-Womens-Memory-Leather-Sandals/dp/B0GRMZ5PFS/ref=zg_bs_g_679425011_d_sccl_13/139-3123351-6292918?psc=1,"https://images-na.ssl-images-amazon.com/images/I/717PAaaaLdL._AC_UL600_SR600,400_.jpg",51,排名进入前30；标题包含 comfort、beach、summer，符合美国女鞋舒适化趋势；评分达到4.0以上。
2026-09-18,amazon_us,product,new_releases,New Releases Women Sandals,14,IDIFU Women's Kitten Mule Heels Open Pointed Toe Slip On Heeled Sandals | 3 Inch Peep Toe Backless Sexy Heel Comfortable Dressy Womens Dress Shoes for Wedding Bridal Office Prom Party Casual,,4.7,$29.89,,,,,,https://www.amazon.com/IDIFU-Womens-Kitten-Heeled-Sandals/dp/B0H44C6BPS/ref=zg_bsnr_g_679425011_d_sccl_14/130-3661958-8730615?psc=1,"https://images-na.ssl-images-amazon.com/images/I/61gg6-nPaQL._AC_UL600_SR600,400_.jpg",51,排名进入前30；标题包含 comfort，符合美国女鞋舒适化趋势；评分达到4.6以上。
2026-09-18,amazon_us,product,new_releases,New Releases Women Sandals,20,RJYLP Jelly Sandals for Women Clear Sandals Jelly Shoes Women Kitten Heel Mules Open Toe Slide Pumps Dress Shoes Beach Summer Sandal Cute Comfortable,,4.2,$44.99,,,,,,https://www.amazon.com/RJYLP-Sandals-Kitten-Summer-Comfortable/dp/B0H8X3YPPN/ref=zg_bsnr_g_679425011_d_sccl_20/130-3661958-8730615?psc=1,"https://images-na.ssl-images-amazon.com/images/I/614JcEHq9rL._AC_UL600_SR600,400_.jpg",51,排名进入前30；标题包含 comfort、beach、summer，符合美国女鞋舒适化趋势；评分达到4.0以上。
2026-09-18,amazon_us,product,new_releases,New Releases Women Sandals,24,"JACKSHIBO Women's Slip-On Jelly Sandals Double Buckle Pool Beach Slides | Clear Tortoise Leopard Jelly Flats, Two Strap, Adjustable, PVC, Waterproof, Non Slip, Fashion Trendy, Adult, Summer, Shower",,5.0,$19.99,,,,,,https://www.amazon.com/JACKSHIBO-Womens-Sandals-Double-Buckle/dp/B0HBQCS3L5/ref=zg_bsnr_g_679425011_d_sccl_24/130-3661958-8730615?psc=1,"https://images-na.ssl-images-amazon.com/images/I/811Z6HFAzlL._AC_UL600_SR600,400_.jpg",51,排名进入前30；标题包含 beach、summer，符合美国女鞋舒适化趋势；评分达到4.6以上。
2026-09-18,amazon_us,product,best_sellers,Best Sellers Women Sandals,30,Rainbow Sandals Women’s Flirty Braidy Premier Leather w/Single Braided Strap,,4.6,$71.00,,,,,,https://www.amazon.com/Rainbow-Sandals-Womens-Flirty-7-5-8-5/dp/B00LGF8TAQ/ref=zg_bs_g_679425011_d_sccl_30/139-3123351-6292918?psc=1,"https://images-na.ssl-images-amazon.com/images/I/71B9WRizBDL._AC_UL600_SR600,400_.jpg",50,排名进入前30；评论数达到50以上；评分达到4.6以上。
2026-09-18,amazon_us,product,new_releases,New Releases Women Sandals,28,"Ankis Women’s Open Toe Ankle Strap Platform Block Heel Sandals Shoes | Crossover Front Strap Platform Sandals, Ankle Strap with Buckle, Chunky Block High Heels, Wedding Party Dress Heels for Women",,4.5,$42.99,,,,,,https://www.amazon.com/Ankis-Womens-Ankle-Platform-Sandals/dp/B0GXV78G9Q/ref=zg_bsnr_g_679425011_d_sccl_28/130-3661958-8730615?psc=1,"https://images-na.ssl-images-amazon.com/images/I/7156C3QyK7L._AC_UL600_SR600,400_.jpg",50,排名进入前30；标题包含 platform，符合美国女鞋舒适化趋势；评分达到4.3以上。
2026-09-18,amazon_us,product,search,platform sandals women,39,"Women's Platform Sandals, Cork Footbed Slides with Double Buckles",¥215.93,4.4,50+ bought in past month,,,,,,https://www.amazon.com/BiuYorBTY-Platform-Sandals-Footbed-Comfort/dp/B0DZ1P3782/ref=sr_1_36?dib=eyJ2IjoiMSJ9.EIJh1jY9ea3EISWsO86Abd4I7-jIjt1r5OmRcG_UIuA7eY3gCbmUpSzi8VFDinmhYAJoPcJYsndhZKLRAQe2x98SLgyMrHm3FZjSjk6gPdHN5QYUDLUf2wuynf0rpZvnNnh-80ByR6lHadfJDyHhuVyOztOJwovDIxl818EPFFAoGYrZCZcouGvXVVvv3aRP_ZokqphMYQoss5FVFrWJvdspfLkoLBxOBQU8t1pXCSnqBs3oHO3fYBjBrPZlNECsIjpi0gGKx6OgHyCJFI22QyKA33zYS_1PdoxK70NFbkM.ivqtQYsDB_RsQbQZnecvCCmcWCxSZMxDwsK8gal6KXo&dib_tag=se&keywords=platform+sandals+women&qid=1789709594&sr=8-36,https://m.media-amazon.com/images/I/716g0SFJuTL._AC_UL320_.jpg,50,排名进入前50；评论数达到50以上；价格处于人民币等值¥180.00-¥288.00区间；标题包含 platform，符合美国女鞋舒适化趋势；评分达到4.3以上。
2026-09-18,amazon_us,product,best_sellers,Best Sellers Women Sandals,5,LULLASONG Women's Kitten Heels Sandals Square Open Toe Flip Flop Heels 1.8-2 Inch Heeled Sandals for Women,,4.0,$29.58,,,,,,https://www.amazon.com/LULLASONG-Womens-Kitten-Sandals-Square/dp/B0DCFSM597/ref=zg_bs_g_679425011_d_sccl_5/139-3123351-6292918?psc=1,"https://images-na.ssl-images-amazon.com/images/I/61aVZl7OhqL._AC_UL600_SR600,400_.jpg",49,排名靠前；评分达到4.0以上。
2026-09-18,amazon_us,product,new_releases,New Releases Women Sandals,3,CUSHIONAIRE Toots Thong Strap Jelly Sandals for Women with Low Block Heel,,4.2,$39.99,,,,,,https://www.amazon.com/CUSHIONAIRE-Toots-Thong-Sandals-TORTOISE/dp/B0HB6R34PX/ref=zg_bsnr_g_679425011_d_sccl_3/130-3661958-8730615?psc=1,"https://images-na.ssl-images-amazon.com/images/I/71I1E9EQjlL._AC_UL600_SR600,400_.jpg",49,排名靠前；评分达到4.0以上。
2026-09-18,amazon_us,product,search,women summer slippers,20,Dearfoams,¥194.40,4.2,Dearfoams,,,,,,https://www.amazon.com/Dearfoams-Womens-Melanie-Terry-Slipper/dp/B0CJ9QKQZ7/ref=sr_1_14?dib=eyJ2IjoiMSJ9.aC2Y5Er8ydnBrykCP8gA0XzZ6uHfbRgqpxkxgFGcrYww3sivVP3DIIWvV1o8hMT2aeRBzgTc4mqkuZyK_8_QhkDqZHouxnLKNt3UNJpK30oXBx66krxHMhMHI4yWI44_lZked5pTdxIvywyxLdps9nggrw_LCL8XmD6ZAWHtXionOfNRx0iWtOFW-s2_w_yypGEBIsaJy5-KBa-KAEO36G_tWb48zLJz1fkfYGMcUd7PjPFDu5bBHZfZ9NRxaiWjEXfSXnjET3MZf-XHqIIIH_r_dcoWHgIaiHPl4D9yNts.f_clnWNNHjG6vM-MPq0p57edIWJUWzQHnz-wFSvPdOE&dib_tag=se&keywords=women+summer+slippers&qid=1789709593&sr=8-14,https://m.media-amazon.com/images/I/71SuJjO4hLL._AC_UL320_.jpg,49,排名进入前30；价格处于人民币等值¥180.00-¥288.00区间；评分达到4.0以上。
2026-09-18,amazon_us,product,search,women slides,20,Under Armour,¥244.44,4.2,Under Armour,,,,,,https://www.amazon.com/Under-Armour-Womens-Ignite-Slides/dp/B0F34CRJP6/ref=sr_1_9?dib=eyJ2IjoiMSJ9.6owUC4TDSG3NkE2e1xmDHJ12JppxBTHI9OeicpSnPHQ1x9_7V7cYRq0WIXECWC22UmSeVE8s1Y6U6t4Q5WXsi7dCWYg7Nd99nxsPfiwRUtgkj_aQbsPXVEllSOPIVf7F7SuxuweBVNS-cR53zbH1sVGAKq5vg7EW_ST9VCj93pxbaOMZD32R_zcEBOPatSX7aMfV-4OmuTgYWjmuXOCjCDwnUh-m_Bg01a0F7RslOHhHCjlCUweMf7JwowpYKOMnmqyxIqiASDaTlH4cweedJBRboNk7GEqG9BMcfkuy0dU.nS6kMhTCxw5LXvhzIKjYzhDpHT1S6cVU3pVwW_rfuMA&dib_tag=se&keywords=women+slides&qid=1789709594&sr=8-9,https://m.media-amazon.com/images/I/41S9a3VMv1L._AC_UL320_.jpg,49,排名进入前30；价格处于人民币等值¥180.00-¥288.00区间；评分达到4.0以上。
2026-09-18,amazon_us,product,search,women slides,30,Crocs,¥215.93,4.2,Crocs,,,,,,https://www.amazon.com/Crocs-Womens-Sandal-Summer-Sandals/dp/B0888T2ZGL/ref=sr_1_19?dib=eyJ2IjoiMSJ9.6owUC4TDSG3NkE2e1xmDHJ12JppxBTHI9OeicpSnPHQ1x9_7V7cYRq0WIXECWC22UmSeVE8s1Y6U6t4Q5WXsi7dCWYg7Nd99nxsPfiwRUtgkj_aQbsPXVEllSOPIVf7F7SuxuweBVNS-cR53zbH1sVGAKq5vg7EW_ST9VCj93pxbaOMZD32R_zcEBOPatSX7aMfV-4OmuTgYWjmuXOCjCDwnUh-m_Bg01a0F7RslOHhHCjlCUweMf7JwowpYKOMnmqyxIqiASDaTlH4cweedJBRboNk7GEqG9BMcfkuy0dU.nS6kMhTCxw5LXvhzIKjYzhDpHT1S6cVU3pVwW_rfuMA&dib_tag=se&keywords=women+slides&qid=1789709594&sr=8-19,https://m.media-amazon.com/images/I/418xHnUA5HL._AC_UL320_.jpg,49,排名进入前30；价格处于人民币等值¥180.00-¥288.00区间；评分达到4.0以上。
2026-09-18,amazon_us,product,search,platform sandals women,14,Yavero,¥273.53,4.0,Yavero,,,,,,https://www.amazon.com/sspa/click?ie=UTF8&spc=MTozNTI1Mjg4NTM4NjQ0MzIwOjE3ODk3MDk1OTQ6c3BfbXRmOjMwMTMxMDAzMjcyMTYwMjo6MDo6&url=%2FYavero-Platform-Espadrilles-Comfortable-Vacation%2Fdp%2FB0G2B7HMQ9%2Fref%3Dsr_1_11_sspa%3Fdib%3DeyJ2IjoiMSJ9.EIJh1jY9ea3EISWsO86Abd4I7-jIjt1r5OmRcG_UIuA7eY3gCbmUpSzi8VFDinmhYAJoPcJYsndhZKLRAQe2x98SLgyMrHm3FZjSjk6gPdHN5QYUDLUf2wuynf0rpZvnNnh-80ByR6lHadfJDyHhuVyOztOJwovDIxl818EPFFAoGYrZCZcouGvXVVvv3aRP_ZokqphMYQoss5FVFrWJvdspfLkoLBxOBQU8t1pXCSnqBs3oHO3fYBjBrPZlNECsIjpi0gGKx6OgHyCJFI22QyKA33zYS_1PdoxK70NFbkM.ivqtQYsDB_RsQbQZnecvCCmcWCxSZMxDwsK8gal6KXo%26dib_tag%3Dse%26keywords%3Dplatform%2Bsandals%2Bwomen%26qid%3D1789709594%26sr%3D8-11-spons%26sp_csd%3Dd2lkZ2V0TmFtZT1zcF9tdGY%26psc%3D1,https://m.media-amazon.com/images/I/71h8-9S2SgL._AC_UL320_.jpg,49,排名进入前30；价格处于人民币等值¥180.00-¥288.00区间；评分达到4.0以上。
2026-09-18,amazon_us,product,search,platform sandals women,16,Gothniero,¥266.33,4.0,Gothniero,,,,,,https://www.amazon.com/sspa/click?ie=UTF8&spc=MTozNTI1Mjg4NTM4NjQ0MzIwOjE3ODk3MDk1OTQ6c3BfbXRmOjMwMDc4NDAzNjA4NDIwMjo6MDo6&url=%2FGothniero-platform-sandals-metallic-buckles%2Fdp%2FB0CFJYRRPN%2Fref%3Dsr_1_13_sspa%3Fdib%3DeyJ2IjoiMSJ9.EIJh1jY9ea3EISWsO86Abd4I7-jIjt1r5OmRcG_UIuA7eY3gCbmUpSzi8VFDinmhYAJoPcJYsndhZKLRAQe2x98SLgyMrHm3FZjSjk6gPdHN5QYUDLUf2wuynf0rpZvnNnh-80ByR6lHadfJDyHhuVyOztOJwovDIxl818EPFFAoGYrZCZcouGvXVVvv3aRP_ZokqphMYQoss5FVFrWJvdspfLkoLBxOBQU8t1pXCSnqBs3oHO3fYBjBrPZlNECsIjpi0gGKx6OgHyCJFI22QyKA33zYS_1PdoxK70NFbkM.ivqtQYsDB_RsQbQZnecvCCmcWCxSZMxDwsK8gal6KXo%26dib_tag%3Dse%26keywords%3Dplatform%2Bsandals%2Bwomen%26qid%3D1789709594%26sr%3D8-13-spons%26sp_csd%3Dd2lkZ2V0TmFtZT1zcF9tdGY%26psc%3D1,https://m.media-amazon.com/images/I/710irGAMWvL._AC_UL320_.jpg,49,排名进入前30；价格处于人民币等值¥180.00-¥288.00区间；评分达到4.0以上。
2026-09-18,amazon_us,product,search,platform sandals women,17,EQAUDES,¥215.93,4.2,EQAUDES,,,,,,https://www.amazon.com/sspa/click?ie=UTF8&spc=MTozNTI1Mjg4NTM4NjQ0MzIwOjE3ODk3MDk1OTQ6c3BfbXRmOjMwMTQ1NjM5ODUzNzUwMjo6MDo6&url=%2FEQAUDES-Platform-Sandals-Espadrille-Raffia%2Fdp%2FB0GSTSQDM3%2Fref%3Dsr_1_14_sspa%3Fdib%3DeyJ2IjoiMSJ9.EIJh1jY9ea3EISWsO86Abd4I7-jIjt1r5OmRcG_UIuA7eY3gCbmUpSzi8VFDinmhYAJoPcJYsndhZKLRAQe2x98SLgyMrHm3FZjSjk6gPdHN5QYUDLUf2wuynf0rpZvnNnh-80ByR6lHadfJDyHhuVyOztOJwovDIxl818EPFFAoGYrZCZcouGvXVVvv3aRP_ZokqphMYQoss5FVFrWJvdspfLkoLBxOBQU8t1pXCSnqBs3oHO3fYBjBrPZlNECsIjpi0gGKx6OgHyCJFI22QyKA33zYS_1PdoxK70NFbkM.ivqtQYsDB_RsQbQZnecvCCmcWCxSZMxDwsK8gal6KXo%26dib_tag%3Dse%26keywords%3Dplatform%2Bsandals%2Bwomen%26qid%3D1789709594%26sr%3D8-14-spons%26sp_csd%3Dd2lkZ2V0TmFtZT1zcF9tdGY%26psc%3D1,https://m.media-amazon.com/images/I/71JGCdl06dL._AC_UL320_.jpg,49,排名进入前30；价格处于人民币等值¥180.00-¥288.00区间；评分达到4.0以上。
2026-09-18,amazon_us,product,search,platform sandals women,25,ONCAI,¥287.93,4.1,ONCAI,,,,,,https://www.amazon.com/sspa/click?ie=UTF8&spc=MTozNTI1Mjg4NTM4NjQ0MzIwOjE3ODk3MDk1OTQ6c3BfbXRmOjMwMTI3ODE2ODUyMzYwMjo6MDo6&url=%2FONCAI-Platform-Sandals-Vacation-Waterproof%2Fdp%2FB0GVJ37B4D%2Fref%3Dsr_1_22_sspa%3Fdib%3DeyJ2IjoiMSJ9.EIJh1jY9ea3EISWsO86Abd4I7-jIjt1r5OmRcG_UIuA7eY3gCbmUpSzi8VFDinmhYAJoPcJYsndhZKLRAQe2x98SLgyMrHm3FZjSjk6gPdHN5QYUDLUf2wuynf0rpZvnNnh-80ByR6lHadfJDyHhuVyOztOJwovDIxl818EPFFAoGYrZCZcouGvXVVvv3aRP_ZokqphMYQoss5FVFrWJvdspfLkoLBxOBQU8t1pXCSnqBs3oHO3fYBjBrPZlNECsIjpi0gGKx6OgHyCJFI22QyKA33zYS_1PdoxK70NFbkM.ivqtQYsDB_RsQbQZnecvCCmcWCxSZMxDwsK8gal6KXo%26dib_tag%3Dse%26keywords%3Dplatform%2Bsandals%2Bwomen%26qid%3D1789709594%26sr%3D8-22-spons%26sp_csd%3Dd2lkZ2V0TmFtZT1zcF9tdGY%26psc%3D1,https://m.media-amazon.com/images/I/711GOroVeqL._AC_UL320_.jpg,49,排名进入前30；价格处于人民币等值¥180.00-¥288.00区间；评分达到4.0以上。
2026-09-18,amazon_us,product,best_sellers,Best Sellers Women Sandals,11,PIZZ ANNU Women's Low Block Chunky Heels Sandals Comfortable Open Toe Ankle Strap Party Dress Pump Shoes Strappy Buckle Heeled Sandal with 2 Inches Tall Thick Heel Design,,4.4,$32.99,,,,,,https://www.amazon.com/PIZZ-ANNU-Sandals-Wedding-Glitter/dp/B0B465ZBH6/ref=zg_bs_g_679425011_d_sccl_11/139-3123351-6292918?psc=1,"https://images-na.ssl-images-amazon.com/images/I/71N1hjwzuWL._AC_UL600_SR600,400_.jpg",48,排名进入前30；标题包含 comfort，符合美国女鞋舒适化趋势；评分达到4.3以上。
2026-09-18,amazon_us,product,best_sellers,Best Sellers Women Sandals,12,SKETOE Kitten Heels for Women Square Toe Sandals Flip Flop Heels Thong Sandals Comfortable Summer 2 Inch Heels Sandals,,4.1,$25.99,,,,,,https://www.amazon.com/SKETOE-Kitten-Square-Sandals-Comfortable/dp/B0F4QHKCDM/ref=zg_bs_g_679425011_d_sccl_12/139-3123351-6292918?psc=1,"https://images-na.ssl-images-amazon.com/images/I/61WGe4p1FWL._AC_UL600_SR600,400_.jpg",48,排名进入前30；标题包含 comfort、summer，符合美国女鞋舒适化趋势；评分达到4.0以上。
2026-09-18,amazon_us,product,best_sellers,Best Sellers Women Sandals,15,"FW FRAN WILLOR Women Open Toe Low Chunky Short Heels Block Heel Sandals | Fashion Formal Dress Heels,Ankle Strap Comfortable Heeled Sandals for Prom, Party ,Wedding Guest and Formal Events",,4.4,$23.39,,,,,,https://www.amazon.com/FW-FRAN-WILLOR-Sandals-Wedding/dp/B0CCRGMPPQ/ref=zg_bs_g_679425011_d_sccl_15/139-3123351-6292918?psc=1,"https://images-na.ssl-images-amazon.com/images/I/61sRdf9ebFL._AC_UL600_SR600,400_.jpg",48,排名进入前30；标题包含 comfort，符合美国女鞋舒适化趋势；评分达到4.3以上。
2026-09-18,amazon_us,product,best_sellers,Best Sellers Women Sandals,16,"COASIS Women's Chunky Block Heels Open Toe Ankle Strap Heeled Sandals | 3.5"" High Heel, 3MM Latex Midsole, Non-Slip Rubber Sole, Comfortable Walking, Wedding, Work & Party Wear",,4.4,$29.99,,,,,,https://www.amazon.com/COASIS-Womens-Chunky-Sandal-Ankle/dp/B08SH9V6D9/ref=zg_bs_g_679425011_d_sccl_16/139-3123351-6292918?psc=1,"https://images-na.ssl-images-amazon.com/images/I/71s+ovTRKSL._AC_UL600_SR600,400_.jpg",48,排名进入前30；标题包含 comfort，符合美国女鞋舒适化趋势；评分达到4.3以上。
2026-09-18,amazon_us,product,best_sellers,Best Sellers Women Sandals,21,100% Genuine Leather Womens Sandals Slides for Women Everyday Sandals Women | Cork Footbed Sandals for Women with Memory Foam and Arch Support Vacation Essentials Slides Women Footwear Flat Sandals,,4.3,$36.90,,,,,,https://www.amazon.com/Genuine-Leather-Womens-Sandals-Everyday/dp/B0D1RKKCH8/ref=zg_bs_g_679425011_d_sccl_21/139-3123351-6292918?psc=1,"https://images-na.ssl-images-amazon.com/images/I/91FN+pG6RHL._AC_UL600_SR600,400_.jpg",48,排名进入前30；标题包含 arch support，符合美国女鞋舒适化趋势；评分达到4.3以上。
2026-09-18,amazon_us,product,best_sellers,Best Sellers Women Sandals,26,"IDIFU Women's 3 Inch Block Chunky Open Toe Heels Ankle Strap Heeled Sandal | Dressy Thick Heel, Comfortable Women Dress Shoes for Wedding Bridesmaid Bridal Prom Office Homecoming and Formal",,4.4,$22.49,,,,,,https://www.amazon.com/IDIFU-Womens-Cookie-MI-Sandals-Wedding/dp/B08HVDR358/ref=zg_bs_g_679425011_d_sccl_26/139-3123351-6292918?psc=1,"https://images-na.ssl-images-amazon.com/images/I/71fiYRCspSL._AC_UL600_SR600,400_.jpg",48,排名进入前30；标题包含 comfort，符合美国女鞋舒适化趋势；评分达到4.3以上。
2026-09-18,amazon_us,product,best_sellers,Best Sellers Women Sandals,28,"Coutgo Womens Kitten Heel Sandals Heeled Mules Pointed Open Toe High Heels | Comfortable, Sexy, Slip On, Backless, Dress Shoes, 3.2 Inch, Peep Toe, Wedding, Bridal, Party, Prom, Graduation",,4.3,$39.99,,,,,,https://www.amazon.com/Coutgo-Womens-Pointed-Backless-Sandals/dp/B0DG25TCJ2/ref=zg_bs_g_679425011_d_sccl_28/139-3123351-6292918?psc=1,"https://images-na.ssl-images-amazon.com/images/I/61rZuSoH5yL._AC_UL600_SR600,400_.jpg",48,排名进入前30；标题包含 comfort，符合美国女鞋舒适化趋势；评分达到4.3以上。
2026-09-18,amazon_us,product,best_sellers,Best Sellers Women Sandals,29,"CUSHIONAIRE Luna Cork Footbed Sandals for Women with Crossover Straps | Womens Sandals with Arch Support, Adjustable Buckle Straps, Walking Sandals Women, Wide Widths, Cushioned Sandals for Women",,4.5,$33.23,,,,,,https://www.amazon.com/CUSHIONAIRE-Next-Womens-Slide-Sandals-Brown/dp/B073XS7BW7/ref=zg_bs_g_679425011_d_sccl_29/139-3123351-6292918?psc=1,"https://images-na.ssl-images-amazon.com/images/I/81TDeaArVJL._AC_UL600_SR600,400_.jpg",48,排名进入前30；标题包含 arch support，符合美国女鞋舒适化趋势；评分达到4.3以上。
2026-09-18,amazon_us,product,best_sellers,Best Sellers Women Sandals,40,"DREAM PAIRS Heels for Women Block Chunky Platform Sandal | Fashion Comfortable Open Toe Ankle Strap High Heels,Suitable for Wedding Daily Party Evening Prom Dance Dress Sandals Shoes",,4.2,$32.90,,,,,,https://www.amazon.com/DREAM-PAIRS-Platform-Giselle-Nude-Nubuck/dp/B0DN5MNHVW/ref=zg_bs_g_679425011_d_sccl_40/130-3661958-8730615?psc=1,"https://images-na.ssl-images-amazon.com/images/I/61vhkd9ZosL._AC_UL300_SR300,200_.jpg",48,排名进入前50；标题包含 platform、comfort，符合美国女鞋舒适化趋势；platform + comfort组合趋势加分；评分达到4.0以上。
2026-09-18,amazon_us,product,new_releases,New Releases Women Sandals,6,"CUSHIONAIRE Aqua Jelly Flip Flops for Women | Jelly Shoes Glossy Upper, Slip-On Thong Design, Open Round Toe, Quick-Dry Beach and Pool Friendly, Travel-Ready Resort Style",,3.4,$29.99,,,,,,https://www.amazon.com/CUSHIONAIRE-Jelly-Flops-Women-CHOCOLATE/dp/B0H6BXXMJ9/ref=zg_bsnr_g_679425011_d_sccl_6/130-3661958-8730615?psc=1,"https://images-na.ssl-images-amazon.com/images/I/71LKwjHednL._AC_UL600_SR600,400_.jpg",48,排名靠前；标题包含 beach，符合美国女鞋舒适化趋势。
2026-09-18,amazon_us,product,new_releases,New Releases Women Sandals,15,"CUSHIONAIRE Shana Heeled Thong Sandals for Women with Square Toe | Memory Foam Padding, Flip Flop Heels, Summer Sandals for Women, Comfortable Heels, Crossover Straps, Open Back",,4.1,$49.98,,,,,,https://www.amazon.com/CUSHIONAIRE-Heeled-Sandals-Square-Smooth/dp/B0H964RKJG/ref=zg_bsnr_g_679425011_d_sccl_15/130-3661958-8730615?psc=1,"https://images-na.ssl-images-amazon.com/images/I/71IHOrwtqML._AC_UL600_SR600,400_.jpg",48,排名进入前30；标题包含 comfort、summer，符合美国女鞋舒适化趋势；评分达到4.0以上。
2026-09-18,amazon_us,product,new_releases,New Releases Women Sandals,25,IDIFU Bow Kitten Heels Low Slingback Strappy Short Small Heeled Sandals | Dress Shoes for Women Open Round Toe Small Ankle Strap Wedding Work Prom Homecoming Comfortable Cute Fashion Ladies Heel,,4.3,$29.99,,,,,,https://www.amazon.com/IDIFU-Kitten-Slingback-Strappy-Sandals/dp/B0H5NMSGPX/ref=zg_bsnr_g_679425011_d_sccl_25/130-3661958-8730615?psc=1,"https://images-na.ssl-images-amazon.com/images/I/71po8PNG4HL._AC_UL600_SR600,400_.jpg",48,排名进入前30；标题包含 comfort，符合美国女鞋舒适化趋势；评分达到4.3以上。
2026-09-18,amazon_us,product,new_releases,New Releases Women Sandals,35,IDIFU Women's IN3 Chunky Platform Block Heels Thick Mule Sandals | Square Open Toe Fashion Comfortable Slip On Casual for Work Wedding Bridal Prom Party Vacation Dress Shoes,,4.0,$31.99,,,,,,https://www.amazon.com/IDIFU-Womens-Chunky-Platform-Sandals/dp/B0H5VBG777/ref=zg_bsnr_g_679425011_d_sccl_35/130-3661958-8730615?psc=1,"https://images-na.ssl-images-amazon.com/images/I/51zKUCxeaML._AC_UL300_SR300,200_.jpg",48,排名进入前50；标题包含 platform、comfort，符合美国女鞋舒适化趋势；platform + comfort组合趋势加分；评分达到4.0以上。
2026-09-18,amazon_us,product,search,women slides,27,Coach,¥342.00,4.6,Coach,,,,,,https://www.amazon.com/COACH-Udele-Signature-Canvas-Slide/dp/B0G98VNR94/ref=sr_1_16?dib=eyJ2IjoiMSJ9.6owUC4TDSG3NkE2e1xmDHJ12JppxBTHI9OeicpSnPHQ1x9_7V7cYRq0WIXECWC22UmSeVE8s1Y6U6t4Q5WXsi7dCWYg7Nd99nxsPfiwRUtgkj_aQbsPXVEllSOPIVf7F7SuxuweBVNS-cR53zbH1sVGAKq5vg7EW_ST9VCj93pxbaOMZD32R_zcEBOPatSX7aMfV-4OmuTgYWjmuXOCjCDwnUh-m_Bg01a0F7RslOHhHCjlCUweMf7JwowpYKOMnmqyxIqiASDaTlH4cweedJBRboNk7GEqG9BMcfkuy0dU.nS6kMhTCxw5LXvhzIKjYzhDpHT1S6cVU3pVwW_rfuMA&dib_tag=se&keywords=women+slides&qid=1789709594&sr=8-16,https://m.media-amazon.com/images/I/71FAds2GnbL._AC_UL320_.jpg,48,排名进入前30；价格高于人民币等值¥288.00；评分达到4.6以上。
2026-09-18,amazon_us,product,search,women slides,42,Womens Comfortable Beach Sandals Waterproof Pool Eva Slides,¥71.93,4.1,"Price, product page $9.99 $ 9 . 99 List: $18.99 List: $18.99 $18.99",,,,,,https://www.amazon.com/SUITSER-Womens-Comfortable-Sandals-Waterproof/dp/B0H14F4G37/ref=sr_1_31?dib=eyJ2IjoiMSJ9.6owUC4TDSG3NkE2e1xmDHJ12JppxBTHI9OeicpSnPHQ1x9_7V7cYRq0WIXECWC22UmSeVE8s1Y6U6t4Q5WXsi7dCWYg7Nd99nxsPfiwRUtgkj_aQbsPXVEllSOPIVf7F7SuxuweBVNS-cR53zbH1sVGAKq5vg7EW_ST9VCj93pxbaOMZD32R_zcEBOPatSX7aMfV-4OmuTgYWjmuXOCjCDwnUh-m_Bg01a0F7RslOHhHCjlCUweMf7JwowpYKOMnmqyxIqiASDaTlH4cweedJBRboNk7GEqG9BMcfkuy0dU.nS6kMhTCxw5LXvhzIKjYzhDpHT1S6cVU3pVwW_rfuMA&dib_tag=se&keywords=women+slides&qid=1789709594&sr=8-31,https://m.media-amazon.com/images/I/71IwB6FPJSL._AC_UL320_.jpg,48,排名进入前50；价格处于人民币等值¥57.60-¥180.00黄金区间；标题包含 comfort、beach，符合美国女鞋舒适化趋势；评分达到4.0以上。
2026-09-18,amazon_us,product,best_sellers,Best Sellers Women Sandals,32,KuaiLu Flip Flops for Women with Arch Support Summer Beach Thong Sandals | Comfortable Walking Shoes Lightweight Soft Yoga Mat Cushion Floral Outfits Slip On Indoor Outdoor,,4.5,$13.99,,,,,,https://www.amazon.com/KuaiLu-Comfortable-Waterproof-Supportive-Flipflops/dp/B0CTML36SJ/ref=zg_bs_g_679425011_d_sccl_32/130-3661958-8730615?psc=1,"https://images-na.ssl-images-amazon.com/images/I/71FLg8v7ZyL._AC_UL300_SR300,200_.jpg",47,排名进入前50；标题包含 comfort、arch support、soft、beach、summer，符合美国女鞋舒适化趋势；评分达到4.3以上。
2026-09-18,amazon_us,product,best_sellers,Best Sellers Women Sandals,14,"mysoft Women's Chunky Heels Open Toe Dress Sandals with Ankle Strap | Block Low Prom Heel, Adjustable Ankle Strap, Perfect for Wedding and Party, Four Seasons Classic Versatile",,4.4,$27.99,,,,,,https://www.amazon.com/mysoft-Womens-Chunky-Wedding-Sandals/dp/B09K7FR2NB/ref=zg_bs_g_679425011_d_sccl_14/139-3123351-6292918?psc=1,"https://images-na.ssl-images-amazon.com/images/I/61iOEGXBpSL._AC_UL600_SR600,400_.jpg",45,排名进入前30；标题包含 soft，符合美国女鞋舒适化趋势；评分达到4.3以上。
2026-09-18,amazon_us,product,best_sellers,Best Sellers Women Sandals,17,"WHITIN Women's Slides with Cushioned Thick Sole Slippers for Home Wear Y13 | Comfort for Daily Wear, Waterproof & Easy to Clean, Indoor & Outdoor Versatility, Lightweight EVA for All-Day",,4.1,$9.99,,,,,,https://www.amazon.com/WHITIN-Slippers-Sandals-Fashionable-Lightweight/dp/B0C1C3MKLF/ref=zg_bs_g_679425011_d_sccl_17/139-3123351-6292918?psc=1,"https://images-na.ssl-images-amazon.com/images/I/71nA8egRirL._AC_UL600_SR600,400_.jpg",45,排名进入前30；标题包含 comfort，符合美国女鞋舒适化趋势；评分达到4.0以上。
2026-09-18,amazon_us,product,best_sellers,Best Sellers Women Sandals,22,"Weweya Slides for Women Men Shower Shoes House Slippers Beach Sandals | Bathroom, Non Slip, Lightweight",,4.4,$9.99,,,,,,https://www.amazon.com/Weweya-Shower-Bathroom-Slippers-Sandals/dp/B0F1XJ9TM4/ref=zg_bs_g_679425011_d_sccl_22/139-3123351-6292918?psc=1,"https://images-na.ssl-images-amazon.com/images/I/718rk3GaK+L._AC_UL600_SR600,400_.jpg",45,排名进入前30；标题包含 beach，符合美国女鞋舒适化趋势；评分达到4.3以上。
2026-09-18,amazon_us,product,best_sellers,Best Sellers Women Sandals,25,Clarks Women's Breeze Sea Flip-Flop,,4.7,$45.28,,,,,,https://www.amazon.com/Clarks-Womens-Breeze-Black-Synthetic/dp/B01FH9EEGE/ref=zg_bs_g_679425011_d_sccl_25/139-3123351-6292918?psc=1,"https://images-na.ssl-images-amazon.com/images/I/61f5Z2idq9L._AC_UL600_SR600,400_.jpg",45,排名进入前30；评分达到4.6以上。
2026-09-18,amazon_us,product,new_releases,New Releases Women Sandals,1,CUSHIONAIRE Riot Jelly Thong Kitten Heels for Women,,3.8,$31.99,,,,,,https://www.amazon.com/CUSHIONAIRE-Jelly-Thong-Kitten-CHOCOLATE/dp/B0H6C47CT3/ref=zg_bsnr_g_679425011_d_sccl_1/130-3661958-8730615?psc=1,"https://images-na.ssl-images-amazon.com/images/I/71cl7MmlX-L._AC_UL600_SR600,400_.jpg",45,排名靠前。
2026-09-18,amazon_us,product,new_releases,New Releases Women Sandals,13,IDIFU IN1 Kitten Flip Flop Heels for Women Square Open Toe Low Heel | Wedding Bride Graduation Party Slide Dress Shoes Comfortable Cute Trendy Casual Thong Slip On Strappy Low Heeled Sandals,,4.0,$28.49,,,,,,https://www.amazon.com/IDIFU-Gold-Heels-Kitten-Square/dp/B0H33K63NB/ref=zg_bsnr_g_679425011_d_sccl_13/130-3661958-8730615?psc=1,"https://images-na.ssl-images-amazon.com/images/I/612hFK868jL._AC_UL600_SR600,400_.jpg",45,排名进入前30；标题包含 comfort，符合美国女鞋舒适化趋势；评分达到4.0以上。
2026-09-18,amazon_us,product,new_releases,New Releases Women Sandals,23,threepurple Women's Non-Slip Flip Flops Ultra Lightweight Basic Thongs Rubber Soft Slide Slip-on Shoes Beach Pool Shower Sandals,,4.0,$7.99,,,,,,https://www.amazon.com/threepurple-Womens-Non-Slip-Lightweight-Sandals/dp/B0HB9L47CH/ref=zg_bsnr_g_679425011_d_sccl_23/130-3661958-8730615?psc=1,"https://images-na.ssl-images-amazon.com/images/I/71-qSzOW17L._AC_UL600_SR600,400_.jpg",45,排名进入前30；标题包含 soft、beach，符合美国女鞋舒适化趋势；评分达到4.0以上。
2026-09-18,amazon_us,product,new_releases,New Releases Women Sandals,26,"LOOPCHARM Women's Strappy High Heels Square Open Toe Ankle Strap Sandals | Comfortable Sexy Dress Sandals Adjustable Ankle Strap Shoes 3.55-Inch Stiletto Heel for Parties,Weddings Work.",,4.2,$42.99,,,,,,https://www.amazon.com/LOOPCHARM-Womens-Strappy-Sandals-Rhinestone/dp/B0H25XZS94/ref=zg_bsnr_g_679425011_d_sccl_26/130-3661958-8730615?psc=1,"https://images-na.ssl-images-amazon.com/images/I/71B6aseG3wL._AC_UL600_SR600,400_.jpg",45,排名进入前30；标题包含 comfort，符合美国女鞋舒适化趋势；评分达到4.0以上。
2026-09-18,amazon_us,product,new_releases,New Releases Women Sandals,34,"Littleplum Women's Dressy Summer Flat Sandals Comfortable Open Toe Slip On Leather Slide Sandals Soft Cushion Slippers for Walking,Beach,Travel",,4.8,$36.99,,,,,,https://www.amazon.com/Littleplum-Sandals-Comfortable-Leather-Slippers/dp/B0GZSYKRFB/ref=zg_bsnr_g_679425011_d_sccl_34/130-3661958-8730615?psc=1,"https://images-na.ssl-images-amazon.com/images/I/71gdulqGP+L._AC_UL300_SR300,200_.jpg",45,排名进入前50；标题包含 comfort、soft、beach、summer，符合美国女鞋舒适化趋势；评分达到4.6以上。
2026-09-18,amazon_us,product,search,women slides,1,3.8,,,3.8,,,,,,https://aax-us-east-retail-direct.amazon.com/x/c/JMLdtGOiKbSOwU5VmO9vQoMAAAGgswEvjQEAAAH2AQBvbm9fdHhuX2JpZDUgICBvbm9fdHhuX2ltcDEgICCHsEYr/clv1c_ek-wBXfWVcba3TK2Z7rC7XdcuEa5bm8JHvS3MRdHNTksQ1rrnx-xjCgPMsm7e0BQ4_ZMUwrhzMfTUKJkts6pztkcYh5p8xZWGg3hkFD_Xg2vylK2OXXPRVz44Opu0l8ZtTwBAYplpNYpm2L-q-Wur0BbosX0ttVO0UXwxEf-jOadXzaPhQ7qAJ8RAVnc30bkx3GD9EdDr6cJc6b4u-7lOcCZAVW1jouP2EuDw6cbayVqw19T573sD086Hp6khUtZ-5B0MRYDnUYNWUU02FBl2PiR1INgpcgUlgNMNG3g4tG_fsEBgV5tiA-JI5LDGXaLpcsnhUcY6DWrNFY6-9oH_EY27eKtNnjNb6I8OpdHDKQseTabgVejBy4Gdk7UYkoZ-AMcXZo0jLjot_6qWPMU-sFFiyvKUIiJYlWxkMflN9FktOkp1hAajSvf_ZY17xqQwsuW1tndP69khuNvyeqmTV7yInUQP_PeQyNHa4v4_8feWboTf4ITFnMpTD1Riq4jFvepACKC6s7y6jIN7gkCLlIfJISSuX_UbepDeMZCMOVKe90QNTB3ffrNZf29WeT4rDZrDH9FherwjD8_hhNCNY_VQ3XN4yvjul0IteLwRi9d871a9NnViWSro7MKka36EWMcEQ1tItltH_umwVOoEk1cdguKedk4jHS9iLCS0lr0NYJeAO0oYdO5H49-8rTSnKgu8kzKrcy0MmrX09QUnksaXaEkL1bouyev4RkgIXKbvj6eu9ZxGtlvh9uHL2a2NdiZfuf8KmSPyGCM7PvUKWLn3l3mfXKqcTl9sdR-HH0NakiKVwRVStI_HRgqvdf3ciPNQTP8V_uqyQU_Jzaw-H8btbDk_qoapJXckzGRKYdReKEqjoMQQvtBbFyNVSmjCjzuLdfa1iCsVqMs78G06Jbf0O67MLrq92wBwjxOOalLnARWdthS6Q5rMJK-I_f_sdU-bZPikwN0dSrHtELQXt4mi_hXMFsz7oCNamHPtu64my8gw4CXkuVMmpNaE_P63K8aGWOED9nWfxwjEsDX7R--xHxql2jgAZvsPMtUF4nF36kBMWP5ltYru_dlOyQmb0t1ZtKwQoWMMimjifAKLzuJny7MJwOjbU2Klywg8-EfaRjZrv7II-DHe1kTqKZHKXITbwitMWX9zFnEdyritRDQCuU_oMMmWHcmltnIwPz5YuzWioxvulQZMukY9Tp24CoiocoIz8aT36R4vhfkYRMAV4XqmCrRBqGaihhpt0y4Ib09OfPko5pOLJ4dIhO0rUGPMKc155fm5X52RZ70f7BC-EFKtt9ij0H564Tr24QTc06OcJEoQX-e79rCEazhNBMGKeodYqFGg7r0AjmXlJD8PrrIyQg46JApsHbba_W295wrquKW12DuiMNWdNH7v_QvjIIJv7D3DKMrBsHSYovUeQ1F14N1jmvedg9Ny4XFquG-JQ1aPpdDP3W5CwtxBWM-y0v3RU0kZeJQUEwjHg75D8uuBzNY6-xTydgTNYE77x3GryAb891Bn234s2yaY-BP8B8u8E3aF2OEf9lJGiNzHdEiO9LDXz_Lj67xxUCXfPkG_DkesEGuPoGT135qIKOw91cyuO4trw-F3qLTcUZ9/https://www.amazon.com/dp/B0GXHRJG76/?_encoding=UTF8&pd_rd_i=B0GXHRJG76&ref_=sbx_be_s_sparkle_ssd_img&qid=1789709594&pd_rd_w=LIHFw&content-id=amzn1.sym.8de9b3d5-f5c5-40e9-9b39-d65f08d6ea68%3Aamzn1.sym.8de9b3d5-f5c5-40e9-9b39-d65f08d6ea68&pf_rd_p=8de9b3d5-f5c5-40e9-9b39-d65f08d6ea68&pf_rd_r=TXD17K3X2VDPS5HVRGPX&pd_rd_wg=72hTB&pd_rd_r=82fc2c32-dc82-4044-8313-619d39c5dabc&pd_rd_plhdr=t,"https://m.media-amazon.com/images/I/41q3WaAU8FL._AC_SR250,250_QL65_.jpg",45,排名靠前。
2026-09-18,amazon_us,product,search,women slides,15,KIDMI,¥359.93,4.4,KIDMI,,,,,,https://www.amazon.com/KIDMI-Leather-Footbed-Sandals-Support/dp/B0BS6G9WG6/ref=sr_1_4?dib=eyJ2IjoiMSJ9.6owUC4TDSG3NkE2e1xmDHJ12JppxBTHI9OeicpSnPHQ1x9_7V7cYRq0WIXECWC22UmSeVE8s1Y6U6t4Q5WXsi7dCWYg7Nd99nxsPfiwRUtgkj_aQbsPXVEllSOPIVf7F7SuxuweBVNS-cR53zbH1sVGAKq5vg7EW_ST9VCj93pxbaOMZD32R_zcEBOPatSX7aMfV-4OmuTgYWjmuXOCjCDwnUh-m_Bg01a0F7RslOHhHCjlCUweMf7JwowpYKOMnmqyxIqiASDaTlH4cweedJBRboNk7GEqG9BMcfkuy0dU.nS6kMhTCxw5LXvhzIKjYzhDpHT1S6cVU3pVwW_rfuMA&dib_tag=se&keywords=women+slides&qid=1789709594&sr=8-4,https://m.media-amazon.com/images/I/81zCzavhSUL._AC_UL320_.jpg,45,排名进入前30；价格高于人民币等值¥288.00；评分达到4.3以上。
2026-09-18,amazon_us,product,search,women slides,45,Calvin Klein,¥127.73,4.7,Calvin Klein,,,,,,https://www.amazon.com/Calvin-Klein-Womens-CALUHA-Flip-Flop/dp/B0CQPRM9NJ/ref=sr_1_34?dib=eyJ2IjoiMSJ9.6owUC4TDSG3NkE2e1xmDHJ12JppxBTHI9OeicpSnPHQ1x9_7V7cYRq0WIXECWC22UmSeVE8s1Y6U6t4Q5WXsi7dCWYg7Nd99nxsPfiwRUtgkj_aQbsPXVEllSOPIVf7F7SuxuweBVNS-cR53zbH1sVGAKq5vg7EW_ST9VCj93pxbaOMZD32R_zcEBOPatSX7aMfV-4OmuTgYWjmuXOCjCDwnUh-m_Bg01a0F7RslOHhHCjlCUweMf7JwowpYKOMnmqyxIqiASDaTlH4cweedJBRboNk7GEqG9BMcfkuy0dU.nS6kMhTCxw5LXvhzIKjYzhDpHT1S6cVU3pVwW_rfuMA&dib_tag=se&keywords=women+slides&qid=1789709594&sr=8-34,https://m.media-amazon.com/images/I/61zpId3qHPL._AC_UL320_.jpg,45,排名进入前50；价格处于人民币等值¥57.60-¥180.00黄金区间；评分达到4.6以上。
2026-09-18,amazon_us,product,new_releases,New Releases Women Sandals,16,"DREAM PAIRS Women's Chunky Low Heel Thong Sandals | Square Open Toe Slip On, Flip Flop Summer Heels, Comfortable Elgeant Going Out Sandals, Causal for Travel Daily Party Events",,3.9,$25.99,,,,,,https://www.amazon.com/DREAM-PAIRS-Womens-Chunky-Sandals/dp/B0H4FNT36P/ref=zg_bsnr_g_679425011_d_sccl_16/130-3661958-8730615?psc=1,"https://images-na.ssl-images-amazon.com/images/I/61B769rYVcL._AC_UL600_SR600,400_.jpg",44,排名进入前30；标题包含 comfort、summer，符合美国女鞋舒适化趋势。
2026-09-18,amazon_us,product,search,women summer slippers,46,Women and Men Linen House Slippers Indoor,¥100.73,4.1,100+ bought in past month,,,,,,https://www.amazon.com/EitCaton-Slippers-Non-Slip-Open-Toe-Washable/dp/B0DVR24MMK/ref=sr_1_40?dib=eyJ2IjoiMSJ9.aC2Y5Er8ydnBrykCP8gA0XzZ6uHfbRgqpxkxgFGcrYww3sivVP3DIIWvV1o8hMT2aeRBzgTc4mqkuZyK_8_QhkDqZHouxnLKNt3UNJpK30oXBx66krxHMhMHI4yWI44_lZked5pTdxIvywyxLdps9nggrw_LCL8XmD6ZAWHtXionOfNRx0iWtOFW-s2_w_yypGEBIsaJy5-KBa-KAEO36G_tWb48zLJz1fkfYGMcUd7PjPFDu5bBHZfZ9NRxaiWjEXfSXnjET3MZf-XHqIIIH_r_dcoWHgIaiHPl4D9yNts.f_clnWNNHjG6vM-MPq0p57edIWJUWzQHnz-wFSvPdOE&dib_tag=se&keywords=women+summer+slippers&qid=1789709593&sr=8-40,https://m.media-amazon.com/images/I/81HinGlzSrL._AC_UL320_.jpg,44,排名进入前50；评论数达到50以上；价格处于人民币等值¥57.60-¥180.00黄金区间；评分达到4.0以上。
2026-09-18,amazon_us,product,new_releases,New Releases Women Sandals,19,Mostrin Chunky Heels for Women Round Open Toe Strappy Heeled Sandals Ankle Strap Dressy Block Low Heels for Party Wedding Prom Daily,,4.3,$35.99,,,,,,https://www.amazon.com/Mostrin-Chunky-Strappy-Sandals-Wedding/dp/B0H36XRZWW/ref=zg_bsnr_g_679425011_d_sccl_19/130-3661958-8730615?psc=1,"https://images-na.ssl-images-amazon.com/images/I/61anNXDNT1L._AC_UL600_SR600,400_.jpg",42,排名进入前30；评分达到4.3以上。
2026-09-18,amazon_us,product,new_releases,New Releases Women Sandals,22,CUSHIONAIRE Markie Chunky Block Heel Sandals for Women with Faux Wood Heel and Memory Foam,,4.3,$49.99,,,,,,https://www.amazon.com/CUSHIONAIRE-Markie-Chunky-Sandals-WHISKEY/dp/B0H7CZG34V/ref=zg_bsnr_g_679425011_d_sccl_22/130-3661958-8730615?psc=1,"https://images-na.ssl-images-amazon.com/images/I/81bd02BLg7L._AC_UL600_SR600,400_.jpg",42,排名进入前30；评分达到4.3以上。
2026-09-18,amazon_us,product,new_releases,New Releases Women Sandals,31,"VIVASUN Flip Flops for Women with Arch Support Non-Slip Thong Sandals for Beach, Pool, Shower, Casual Summer Wear Comfortable Flip Flops",,4.2,$9.99,,,,,,https://www.amazon.com/VIVASUN-Support-Non-Slip-Sandals-Comfortable/dp/B0H3JMZ11X/ref=zg_bsnr_g_679425011_d_sccl_31/130-3661958-8730615?psc=1,"https://images-na.ssl-images-amazon.com/images/I/61u9FrNqQQL._AC_UL300_SR300,200_.jpg",42,排名进入前50；标题包含 comfort、arch support、beach、summer，符合美国女鞋舒适化趋势；评分达到4.0以上。
2026-09-18,amazon_us,product,search,women summer slippers,27,EverFoams,,4.4,EverFoams,,,,,,https://www.amazon.com/EverFoams-Womens-Slippers-Memory-Outdoor/dp/B0CLGNDTXV/ref=sr_1_21?dib=eyJ2IjoiMSJ9.aC2Y5Er8ydnBrykCP8gA0XzZ6uHfbRgqpxkxgFGcrYww3sivVP3DIIWvV1o8hMT2aeRBzgTc4mqkuZyK_8_QhkDqZHouxnLKNt3UNJpK30oXBx66krxHMhMHI4yWI44_lZked5pTdxIvywyxLdps9nggrw_LCL8XmD6ZAWHtXionOfNRx0iWtOFW-s2_w_yypGEBIsaJy5-KBa-KAEO36G_tWb48zLJz1fkfYGMcUd7PjPFDu5bBHZfZ9NRxaiWjEXfSXnjET3MZf-XHqIIIH_r_dcoWHgIaiHPl4D9yNts.f_clnWNNHjG6vM-MPq0p57edIWJUWzQHnz-wFSvPdOE&dib_tag=se&keywords=women+summer+slippers&qid=1789709593&sr=8-21,https://m.media-amazon.com/images/I/71-cnoGr1xL._AC_UL320_.jpg,42,排名进入前30；评分达到4.3以上。
2026-09-18,amazon_us,product,search,women summer slippers,34,VeraCosy,¥115.13,4.5,VeraCosy,,,,,,https://www.amazon.com/VeraCosy-Two-Tone-Slippers-Non-slip-Evening/dp/B0DCVZ52Y5/ref=sr_1_28?dib=eyJ2IjoiMSJ9.aC2Y5Er8ydnBrykCP8gA0XzZ6uHfbRgqpxkxgFGcrYww3sivVP3DIIWvV1o8hMT2aeRBzgTc4mqkuZyK_8_QhkDqZHouxnLKNt3UNJpK30oXBx66krxHMhMHI4yWI44_lZked5pTdxIvywyxLdps9nggrw_LCL8XmD6ZAWHtXionOfNRx0iWtOFW-s2_w_yypGEBIsaJy5-KBa-KAEO36G_tWb48zLJz1fkfYGMcUd7PjPFDu5bBHZfZ9NRxaiWjEXfSXnjET3MZf-XHqIIIH_r_dcoWHgIaiHPl4D9yNts.f_clnWNNHjG6vM-MPq0p57edIWJUWzQHnz-wFSvPdOE&dib_tag=se&keywords=women+summer+slippers&qid=1789709593&sr=8-28,https://m.media-amazon.com/images/I/81RJZ2gB8sL._AC_UL320_.jpg,42,排名进入前50；价格处于人民币等值¥57.60-¥180.00黄金区间；评分达到4.3以上。
2026-09-18,amazon_us,product,search,women summer slippers,37,IPSAE,¥71.93,4.4,IPSAE,,,,,,https://www.amazon.com/IPSAE-Slippers-Corduroy-Slipper-Bedroom/dp/B0DB4W73J3/ref=sr_1_31?dib=eyJ2IjoiMSJ9.aC2Y5Er8ydnBrykCP8gA0XzZ6uHfbRgqpxkxgFGcrYww3sivVP3DIIWvV1o8hMT2aeRBzgTc4mqkuZyK_8_QhkDqZHouxnLKNt3UNJpK30oXBx66krxHMhMHI4yWI44_lZked5pTdxIvywyxLdps9nggrw_LCL8XmD6ZAWHtXionOfNRx0iWtOFW-s2_w_yypGEBIsaJy5-KBa-KAEO36G_tWb48zLJz1fkfYGMcUd7PjPFDu5bBHZfZ9NRxaiWjEXfSXnjET3MZf-XHqIIIH_r_dcoWHgIaiHPl4D9yNts.f_clnWNNHjG6vM-MPq0p57edIWJUWzQHnz-wFSvPdOE&dib_tag=se&keywords=women+summer+slippers&qid=1789709593&sr=8-31,https://m.media-amazon.com/images/I/71GcxKVQLUL._AC_UL320_.jpg,42,排名进入前50；价格处于人民币等值¥57.60-¥180.00黄金区间；评分达到4.3以上。
2026-09-18,amazon_us,product,search,women summer slippers,38,GOEWY,¥122.33,4.3,GOEWY,,,,,,https://www.amazon.com/GOEWY-House-Slippers-Summer-Memory/dp/B0GVYCBV2P/ref=sr_1_32?dib=eyJ2IjoiMSJ9.aC2Y5Er8ydnBrykCP8gA0XzZ6uHfbRgqpxkxgFGcrYww3sivVP3DIIWvV1o8hMT2aeRBzgTc4mqkuZyK_8_QhkDqZHouxnLKNt3UNJpK30oXBx66krxHMhMHI4yWI44_lZked5pTdxIvywyxLdps9nggrw_LCL8XmD6ZAWHtXionOfNRx0iWtOFW-s2_w_yypGEBIsaJy5-KBa-KAEO36G_tWb48zLJz1fkfYGMcUd7PjPFDu5bBHZfZ9NRxaiWjEXfSXnjET3MZf-XHqIIIH_r_dcoWHgIaiHPl4D9yNts.f_clnWNNHjG6vM-MPq0p57edIWJUWzQHnz-wFSvPdOE&dib_tag=se&keywords=women+summer+slippers&qid=1789709593&sr=8-32,https://m.media-amazon.com/images/I/71mtwAgrcLL._AC_UL320_.jpg,42,排名进入前50；价格处于人民币等值¥57.60-¥180.00黄金区间；评分达到4.3以上。
2026-09-18,amazon_us,product,search,women summer slippers,44,KIDMI,¥151.13,4.4,KIDMI,,,,,,https://www.amazon.com/KIDMI-Womens-Comfortable-Walking-Sandals/dp/B0FC28GT31/ref=sr_1_38?dib=eyJ2IjoiMSJ9.aC2Y5Er8ydnBrykCP8gA0XzZ6uHfbRgqpxkxgFGcrYww3sivVP3DIIWvV1o8hMT2aeRBzgTc4mqkuZyK_8_QhkDqZHouxnLKNt3UNJpK30oXBx66krxHMhMHI4yWI44_lZked5pTdxIvywyxLdps9nggrw_LCL8XmD6ZAWHtXionOfNRx0iWtOFW-s2_w_yypGEBIsaJy5-KBa-KAEO36G_tWb48zLJz1fkfYGMcUd7PjPFDu5bBHZfZ9NRxaiWjEXfSXnjET3MZf-XHqIIIH_r_dcoWHgIaiHPl4D9yNts.f_clnWNNHjG6vM-MPq0p57edIWJUWzQHnz-wFSvPdOE&dib_tag=se&keywords=women+summer+slippers&qid=1789709593&sr=8-38,https://m.media-amazon.com/images/I/71xyikXkd0L._AC_UL320_.jpg,42,排名进入前50；价格处于人民币等值¥57.60-¥180.00黄金区间；评分达到4.3以上。
2026-09-18,amazon_us,product,search,women summer slippers,45,EverFoams,¥107.93,4.3,EverFoams,,,,,,https://www.amazon.com/EverFoams-Slippers-Outdoor-Outsole-Vanilla/dp/B0DPZPQ4JW/ref=sr_1_39?dib=eyJ2IjoiMSJ9.aC2Y5Er8ydnBrykCP8gA0XzZ6uHfbRgqpxkxgFGcrYww3sivVP3DIIWvV1o8hMT2aeRBzgTc4mqkuZyK_8_QhkDqZHouxnLKNt3UNJpK30oXBx66krxHMhMHI4yWI44_lZked5pTdxIvywyxLdps9nggrw_LCL8XmD6ZAWHtXionOfNRx0iWtOFW-s2_w_yypGEBIsaJy5-KBa-KAEO36G_tWb48zLJz1fkfYGMcUd7PjPFDu5bBHZfZ9NRxaiWjEXfSXnjET3MZf-XHqIIIH_r_dcoWHgIaiHPl4D9yNts.f_clnWNNHjG6vM-MPq0p57edIWJUWzQHnz-wFSvPdOE&dib_tag=se&keywords=women+summer+slippers&qid=1789709593&sr=8-39,https://m.media-amazon.com/images/I/61-syU96aOL._AC_UL320_.jpg,42,排名进入前50；价格处于人民币等值¥57.60-¥180.00黄金区间；评分达到4.3以上。
2026-09-18,amazon_us,product,search,women summer slippers,48,ATHMILE,¥122.33,4.5,ATHMILE,,,,,,https://www.amazon.com/ATHMILE-Slippers-Barefoot-Bedroom-8-5-9-5/dp/B0CXDKD35S/ref=sr_1_42?dib=eyJ2IjoiMSJ9.aC2Y5Er8ydnBrykCP8gA0XzZ6uHfbRgqpxkxgFGcrYww3sivVP3DIIWvV1o8hMT2aeRBzgTc4mqkuZyK_8_QhkDqZHouxnLKNt3UNJpK30oXBx66krxHMhMHI4yWI44_lZked5pTdxIvywyxLdps9nggrw_LCL8XmD6ZAWHtXionOfNRx0iWtOFW-s2_w_yypGEBIsaJy5-KBa-KAEO36G_tWb48zLJz1fkfYGMcUd7PjPFDu5bBHZfZ9NRxaiWjEXfSXnjET3MZf-XHqIIIH_r_dcoWHgIaiHPl4D9yNts.f_clnWNNHjG6vM-MPq0p57edIWJUWzQHnz-wFSvPdOE&dib_tag=se&keywords=women+summer+slippers&qid=1789709593&sr=8-42,https://m.media-amazon.com/images/I/71pjxDZzLbL._AC_UL320_.jpg,42,排名进入前50；价格处于人民币等值¥57.60-¥180.00黄金区间；评分达到4.3以上。
2026-09-18,amazon_us,product,search,women summer slippers,50,HomeTop,¥122.33,4.4,HomeTop,,,,,,https://www.amazon.com/Womens-Comfort-Cotton-Slippers-Anti-Skid/dp/B07J5QBSWK/ref=sr_1_44?dib=eyJ2IjoiMSJ9.aC2Y5Er8ydnBrykCP8gA0XzZ6uHfbRgqpxkxgFGcrYww3sivVP3DIIWvV1o8hMT2aeRBzgTc4mqkuZyK_8_QhkDqZHouxnLKNt3UNJpK30oXBx66krxHMhMHI4yWI44_lZked5pTdxIvywyxLdps9nggrw_LCL8XmD6ZAWHtXionOfNRx0iWtOFW-s2_w_yypGEBIsaJy5-KBa-KAEO36G_tWb48zLJz1fkfYGMcUd7PjPFDu5bBHZfZ9NRxaiWjEXfSXnjET3MZf-XHqIIIH_r_dcoWHgIaiHPl4D9yNts.f_clnWNNHjG6vM-MPq0p57edIWJUWzQHnz-wFSvPdOE&dib_tag=se&keywords=women+summer+slippers&qid=1789709593&sr=8-44,https://m.media-amazon.com/images/I/71h+wvVaLcL._AC_UL320_.jpg,42,排名进入前50；价格处于人民币等值¥57.60-¥180.00黄金区间；评分达到4.3以上。
2026-09-18,amazon_us,product,search,women slides,35,RockDove,¥136.73,4.3,RockDove,,,,,,https://www.amazon.com/RockDove-Womens-Velcro-Memory-Slide/dp/B07N6GYGF2/ref=sr_1_24?dib=eyJ2IjoiMSJ9.6owUC4TDSG3NkE2e1xmDHJ12JppxBTHI9OeicpSnPHQ1x9_7V7cYRq0WIXECWC22UmSeVE8s1Y6U6t4Q5WXsi7dCWYg7Nd99nxsPfiwRUtgkj_aQbsPXVEllSOPIVf7F7SuxuweBVNS-cR53zbH1sVGAKq5vg7EW_ST9VCj93pxbaOMZD32R_zcEBOPatSX7aMfV-4OmuTgYWjmuXOCjCDwnUh-m_Bg01a0F7RslOHhHCjlCUweMf7JwowpYKOMnmqyxIqiASDaTlH4cweedJBRboNk7GEqG9BMcfkuy0dU.nS6kMhTCxw5LXvhzIKjYzhDpHT1S6cVU3pVwW_rfuMA&dib_tag=se&keywords=women+slides&qid=1789709594&sr=8-24,https://m.media-amazon.com/images/I/81yJ955n5jL._AC_UL320_.jpg,42,排名进入前50；价格处于人民币等值¥57.60-¥180.00黄金区间；评分达到4.3以上。
2026-09-18,amazon_us,product,search,women slides,37,Joomra,¥172.73,4.3,Joomra,,,,,,https://www.amazon.com/Joomra-Slippers-Massage-Bathroom-Platform/dp/B09DCLQRLN/ref=sr_1_26?dib=eyJ2IjoiMSJ9.6owUC4TDSG3NkE2e1xmDHJ12JppxBTHI9OeicpSnPHQ1x9_7V7cYRq0WIXECWC22UmSeVE8s1Y6U6t4Q5WXsi7dCWYg7Nd99nxsPfiwRUtgkj_aQbsPXVEllSOPIVf7F7SuxuweBVNS-cR53zbH1sVGAKq5vg7EW_ST9VCj93pxbaOMZD32R_zcEBOPatSX7aMfV-4OmuTgYWjmuXOCjCDwnUh-m_Bg01a0F7RslOHhHCjlCUweMf7JwowpYKOMnmqyxIqiASDaTlH4cweedJBRboNk7GEqG9BMcfkuy0dU.nS6kMhTCxw5LXvhzIKjYzhDpHT1S6cVU3pVwW_rfuMA&dib_tag=se&keywords=women+slides&qid=1789709594&sr=8-26,https://m.media-amazon.com/images/I/61zEQHgVrKL._AC_UL320_.jpg,42,排名进入前50；价格处于人民币等值¥57.60-¥180.00黄金区间；评分达到4.3以上。
2026-09-18,amazon_us,product,search,platform sandals women,27,Aerosoles,¥359.93,4.2,Aerosoles,,,,,,https://www.amazon.com/Aerosoles-Womens-CAMILIA-Heeled-Natural/dp/B0CTKDTBST/ref=sr_1_24?dib=eyJ2IjoiMSJ9.EIJh1jY9ea3EISWsO86Abd4I7-jIjt1r5OmRcG_UIuA7eY3gCbmUpSzi8VFDinmhYAJoPcJYsndhZKLRAQe2x98SLgyMrHm3FZjSjk6gPdHN5QYUDLUf2wuynf0rpZvnNnh-80ByR6lHadfJDyHhuVyOztOJwovDIxl818EPFFAoGYrZCZcouGvXVVvv3aRP_ZokqphMYQoss5FVFrWJvdspfLkoLBxOBQU8t1pXCSnqBs3oHO3fYBjBrPZlNECsIjpi0gGKx6OgHyCJFI22QyKA33zYS_1PdoxK70NFbkM.ivqtQYsDB_RsQbQZnecvCCmcWCxSZMxDwsK8gal6KXo&dib_tag=se&keywords=platform+sandals+women&qid=1789709594&sr=8-24,https://m.media-amazon.com/images/I/71bCv2s89xL._AC_UL320_.jpg,42,排名进入前30；价格高于人民币等值¥288.00；评分达到4.0以上。
2026-09-18,amazon_us,product,best_sellers,Best Sellers Women Sandals,43,Project Cloud Flip Flops for Women Memory Foam Flats Sandals | Lightweight and Durable Non-Slip Sole Womens Sandals - Beach Essentials Womens Flat Sandals for Everyday Comfort Daily Wear,,4.2,$24.90,,,,,,https://www.amazon.com/Project-Cloud-Flip-flops-Women/dp/B0D2F7FF1F/ref=zg_bs_g_679425011_d_sccl_43/130-3661958-8730615?psc=1,"https://images-na.ssl-images-amazon.com/images/I/41JMYLSDC3L._AC_UL300_SR300,200_.jpg",41,排名进入前50；标题包含 cloud、comfort、beach，符合美国女鞋舒适化趋势；评分达到4.0以上。
2026-09-18,amazon_us,product,search,platform sandals women,40,Platform Sandals for Women Fashion Chunky Ankle Buckle Casual,¥403.06,4.2,50+ bought in past month,,,,,,https://www.amazon.com/KIFIWUI-Platform-Comfortable-Decoration-Fisherman/dp/B0F7X21PJV/ref=sr_1_37?dib=eyJ2IjoiMSJ9.EIJh1jY9ea3EISWsO86Abd4I7-jIjt1r5OmRcG_UIuA7eY3gCbmUpSzi8VFDinmhYAJoPcJYsndhZKLRAQe2x98SLgyMrHm3FZjSjk6gPdHN5QYUDLUf2wuynf0rpZvnNnh-80ByR6lHadfJDyHhuVyOztOJwovDIxl818EPFFAoGYrZCZcouGvXVVvv3aRP_ZokqphMYQoss5FVFrWJvdspfLkoLBxOBQU8t1pXCSnqBs3oHO3fYBjBrPZlNECsIjpi0gGKx6OgHyCJFI22QyKA33zYS_1PdoxK70NFbkM.ivqtQYsDB_RsQbQZnecvCCmcWCxSZMxDwsK8gal6KXo&dib_tag=se&keywords=platform+sandals+women&qid=1789709594&sr=8-37,https://m.media-amazon.com/images/I/71-etU3EJ4L._AC_UL320_.jpg,40,排名进入前50；评论数达到50以上；价格高于人民币等值¥288.00；标题包含 platform，符合美国女鞋舒适化趋势；评分达到4.0以上。
2026-09-18,amazon_us,product,best_sellers,Best Sellers Women Sandals,19,Susanny High Heels for Women Pointed Open Toe Strappy Chunky Block Heels Ankle Strap Stiletto Kitten Heeled Sandals Wedding Bridal Party Prom Sexy Dress Shoes,,4.2,$28.04,,,,,,https://www.amazon.com/Susanny-Pointed-Strappy-Stiletto-Sandals/dp/B0DSVWD76J/ref=zg_bs_g_679425011_d_sccl_19/139-3123351-6292918?psc=1,"https://images-na.ssl-images-amazon.com/images/I/71xlGjMZFaL._AC_UL600_SR600,400_.jpg",39,排名进入前30；评分达到4.0以上。
2026-09-18,amazon_us,product,best_sellers,Best Sellers Women Sandals,20,Havaianas Women's Slim Square Solid Flip Flops,,4.1,$26.00,,,,,,https://www.amazon.com/Havaianas-Womens-Square-Solid-Medium/dp/B0BBPX6J6F/ref=zg_bs_g_679425011_d_sccl_20/139-3123351-6292918?psc=1,"https://images-na.ssl-images-amazon.com/images/I/51Z+TNRYqLL._AC_UL600_SR600,400_.jpg",39,排名进入前30；评分达到4.0以上。
2026-09-18,amazon_us,product,best_sellers,Best Sellers Women Sandals,34,KuaiLu Womens Flip Flops Arch Support Yoga Mat Cushioned Thong Sandals | Ladies Comfortable Walking Slides For Plantar Fasciitis Slip On Indoor Outdoor For Summer,,4.1,$25.99,,,,,,https://www.amazon.com/KuaiLu-Comfortable-Walking-Sandals-Fasciitis/dp/B08XX52FHY/ref=zg_bs_g_679425011_d_sccl_34/130-3661958-8730615?psc=1,"https://images-na.ssl-images-amazon.com/images/I/61giVB09JoL._AC_UL300_SR300,200_.jpg",39,排名进入前50；标题包含 comfort、arch support、summer，符合美国女鞋舒适化趋势；评分达到4.0以上。
2026-09-18,amazon_us,product,best_sellers,Best Sellers Women Sandals,35,"shevalues Slim Basic Flip Flops for Women with Comfortable Yoga Mat | Lightweight Non Slip Rubber Sandals for Beach, Shower, Pool & Summer Casual Wear",,4.4,$8.54,,,,,,https://www.amazon.com/shevalues-Shower-Rubber-Sandals-Comfortable/dp/B0B68G2D52/ref=zg_bs_g_679425011_d_sccl_35/130-3661958-8730615?psc=1,"https://images-na.ssl-images-amazon.com/images/I/61b4HXgBWfL._AC_UL300_SR300,200_.jpg",39,排名进入前50；标题包含 comfort、beach、summer，符合美国女鞋舒适化趋势；评分达到4.3以上。
2026-09-18,amazon_us,product,new_releases,New Releases Women Sandals,29,"LOOPCHARM Women's Strappy Chunky Block Heels Square Open Toe Sandals | 3 Inch Adjustable Ankle Buckle Strap Heeled Sandals, Dressy Shoes for Bridal Guest Wedding Prom Party",,4.1,$49.99,,,,,,https://www.amazon.com/LOOPCHARM-Womens-Strappy-Sandals-Rhinestone/dp/B0H25P4GPD/ref=zg_bsnr_g_679425011_d_sccl_29/130-3661958-8730615?psc=1,"https://images-na.ssl-images-amazon.com/images/I/71J+8jet30L._AC_UL600_SR600,400_.jpg",39,排名进入前30；评分达到4.0以上。
2026-09-18,amazon_us,product,search,women summer slippers,32,KuaiLu,¥71.93,4.2,KuaiLu,,,,,,https://www.amazon.com/KuaiLu-Support-Comfortable-Cushion-Walking/dp/B08GKGCH2R/ref=sr_1_26?dib=eyJ2IjoiMSJ9.aC2Y5Er8ydnBrykCP8gA0XzZ6uHfbRgqpxkxgFGcrYww3sivVP3DIIWvV1o8hMT2aeRBzgTc4mqkuZyK_8_QhkDqZHouxnLKNt3UNJpK30oXBx66krxHMhMHI4yWI44_lZked5pTdxIvywyxLdps9nggrw_LCL8XmD6ZAWHtXionOfNRx0iWtOFW-s2_w_yypGEBIsaJy5-KBa-KAEO36G_tWb48zLJz1fkfYGMcUd7PjPFDu5bBHZfZ9NRxaiWjEXfSXnjET3MZf-XHqIIIH_r_dcoWHgIaiHPl4D9yNts.f_clnWNNHjG6vM-MPq0p57edIWJUWzQHnz-wFSvPdOE&dib_tag=se&keywords=women+summer+slippers&qid=1789709593&sr=8-26,https://m.media-amazon.com/images/I/81-DUybjK+L._AC_UL320_.jpg,39,排名进入前50；价格处于人民币等值¥57.60-¥180.00黄金区间；评分达到4.0以上。
2026-09-18,amazon_us,product,search,women summer slippers,35,COCOMUSE,¥107.93,4.1,COCOMUSE,,,,,,https://www.amazon.com/Ultralight-Indoor-Cotton-Slippers-Absorb/dp/B09MRP87ZZ/ref=sr_1_29?dib=eyJ2IjoiMSJ9.aC2Y5Er8ydnBrykCP8gA0XzZ6uHfbRgqpxkxgFGcrYww3sivVP3DIIWvV1o8hMT2aeRBzgTc4mqkuZyK_8_QhkDqZHouxnLKNt3UNJpK30oXBx66krxHMhMHI4yWI44_lZked5pTdxIvywyxLdps9nggrw_LCL8XmD6ZAWHtXionOfNRx0iWtOFW-s2_w_yypGEBIsaJy5-KBa-KAEO36G_tWb48zLJz1fkfYGMcUd7PjPFDu5bBHZfZ9NRxaiWjEXfSXnjET3MZf-XHqIIIH_r_dcoWHgIaiHPl4D9yNts.f_clnWNNHjG6vM-MPq0p57edIWJUWzQHnz-wFSvPdOE&dib_tag=se&keywords=women+summer+slippers&qid=1789709593&sr=8-29,https://m.media-amazon.com/images/I/81KNq3E0H3L._AC_UL320_.jpg,39,排名进入前50；价格处于人民币等值¥57.60-¥180.00黄金区间；评分达到4.0以上。
2026-09-18,amazon_us,product,search,women summer slippers,36,FRALOSHA,¥71.93,4.2,FRALOSHA,,,,,,https://www.amazon.com/FRALOSHA-Slippers-Breathable-Outdoor-Sandals/dp/B07FSG6P3M/ref=sr_1_30?dib=eyJ2IjoiMSJ9.aC2Y5Er8ydnBrykCP8gA0XzZ6uHfbRgqpxkxgFGcrYww3sivVP3DIIWvV1o8hMT2aeRBzgTc4mqkuZyK_8_QhkDqZHouxnLKNt3UNJpK30oXBx66krxHMhMHI4yWI44_lZked5pTdxIvywyxLdps9nggrw_LCL8XmD6ZAWHtXionOfNRx0iWtOFW-s2_w_yypGEBIsaJy5-KBa-KAEO36G_tWb48zLJz1fkfYGMcUd7PjPFDu5bBHZfZ9NRxaiWjEXfSXnjET3MZf-XHqIIIH_r_dcoWHgIaiHPl4D9yNts.f_clnWNNHjG6vM-MPq0p57edIWJUWzQHnz-wFSvPdOE&dib_tag=se&keywords=women+summer+slippers&qid=1789709593&sr=8-30,https://m.media-amazon.com/images/I/810Hfh0qwIL._AC_UL320_.jpg,39,排名进入前50；价格处于人民币等值¥57.60-¥180.00黄金区间；评分达到4.0以上。
2026-09-18,amazon_us,product,search,women summer slippers,43,Garonne,¥115.13,4.2,Garonne,,,,,,https://www.amazon.com/Garonne-Slippers-Non-Slip-Bedroom-Outdoor/dp/B0F37BTNB5/ref=sr_1_37?dib=eyJ2IjoiMSJ9.aC2Y5Er8ydnBrykCP8gA0XzZ6uHfbRgqpxkxgFGcrYww3sivVP3DIIWvV1o8hMT2aeRBzgTc4mqkuZyK_8_QhkDqZHouxnLKNt3UNJpK30oXBx66krxHMhMHI4yWI44_lZked5pTdxIvywyxLdps9nggrw_LCL8XmD6ZAWHtXionOfNRx0iWtOFW-s2_w_yypGEBIsaJy5-KBa-KAEO36G_tWb48zLJz1fkfYGMcUd7PjPFDu5bBHZfZ9NRxaiWjEXfSXnjET3MZf-XHqIIIH_r_dcoWHgIaiHPl4D9yNts.f_clnWNNHjG6vM-MPq0p57edIWJUWzQHnz-wFSvPdOE&dib_tag=se&keywords=women+summer+slippers&qid=1789709593&sr=8-37,https://m.media-amazon.com/images/I/81JmkmTRcmL._AC_UL320_.jpg,39,排名进入前50；价格处于人民币等值¥57.60-¥180.00黄金区间；评分达到4.0以上。
2026-09-18,amazon_us,product,search,women slides,39,Comwarm,¥86.33,4.2,Comwarm,,,,,,https://www.amazon.com/Sandals-Lightweight-Bathroom-Non-Slip-Slippers/dp/B099DTRKSL/ref=sr_1_28?dib=eyJ2IjoiMSJ9.6owUC4TDSG3NkE2e1xmDHJ12JppxBTHI9OeicpSnPHQ1x9_7V7cYRq0WIXECWC22UmSeVE8s1Y6U6t4Q5WXsi7dCWYg7Nd99nxsPfiwRUtgkj_aQbsPXVEllSOPIVf7F7SuxuweBVNS-cR53zbH1sVGAKq5vg7EW_ST9VCj93pxbaOMZD32R_zcEBOPatSX7aMfV-4OmuTgYWjmuXOCjCDwnUh-m_Bg01a0F7RslOHhHCjlCUweMf7JwowpYKOMnmqyxIqiASDaTlH4cweedJBRboNk7GEqG9BMcfkuy0dU.nS6kMhTCxw5LXvhzIKjYzhDpHT1S6cVU3pVwW_rfuMA&dib_tag=se&keywords=women+slides&qid=1789709594&sr=8-28,https://m.media-amazon.com/images/I/71outwcHwWL._AC_UL320_.jpg,39,排名进入前50；价格处于人民币等值¥57.60-¥180.00黄金区间；评分达到4.0以上。
2026-09-18,amazon_us,product,search,women slides,50,Crocs,¥162.00,4.2,Crocs,,,,,,https://www.amazon.com/Crocs-Womens-Slide-Sandal-Taupe/dp/B0F9XF5RX9/ref=sr_1_39?dib=eyJ2IjoiMSJ9.6owUC4TDSG3NkE2e1xmDHJ12JppxBTHI9OeicpSnPHQ1x9_7V7cYRq0WIXECWC22UmSeVE8s1Y6U6t4Q5WXsi7dCWYg7Nd99nxsPfiwRUtgkj_aQbsPXVEllSOPIVf7F7SuxuweBVNS-cR53zbH1sVGAKq5vg7EW_ST9VCj93pxbaOMZD32R_zcEBOPatSX7aMfV-4OmuTgYWjmuXOCjCDwnUh-m_Bg01a0F7RslOHhHCjlCUweMf7JwowpYKOMnmqyxIqiASDaTlH4cweedJBRboNk7GEqG9BMcfkuy0dU.nS6kMhTCxw5LXvhzIKjYzhDpHT1S6cVU3pVwW_rfuMA&dib_tag=se&keywords=women+slides&qid=1789709594&sr=8-39,https://m.media-amazon.com/images/I/61cPOC2WmbL._AC_UL320_.jpg,39,排名进入前50；价格处于人民币等值¥57.60-¥180.00黄金区间；评分达到4.0以上。
2026-09-18,amazon_us,product,search,platform sandals women,32,Athlefit,¥122.33,4.0,Athlefit,,,,,,https://www.amazon.com/Athlefit-Espadrilles-Sandals-Studded-Platform/dp/B083NZVCQH/ref=sr_1_29?dib=eyJ2IjoiMSJ9.EIJh1jY9ea3EISWsO86Abd4I7-jIjt1r5OmRcG_UIuA7eY3gCbmUpSzi8VFDinmhYAJoPcJYsndhZKLRAQe2x98SLgyMrHm3FZjSjk6gPdHN5QYUDLUf2wuynf0rpZvnNnh-80ByR6lHadfJDyHhuVyOztOJwovDIxl818EPFFAoGYrZCZcouGvXVVvv3aRP_ZokqphMYQoss5FVFrWJvdspfLkoLBxOBQU8t1pXCSnqBs3oHO3fYBjBrPZlNECsIjpi0gGKx6OgHyCJFI22QyKA33zYS_1PdoxK70NFbkM.ivqtQYsDB_RsQbQZnecvCCmcWCxSZMxDwsK8gal6KXo&dib_tag=se&keywords=platform+sandals+women&qid=1789709594&sr=8-29,https://m.media-amazon.com/images/I/71PoCinhRsL._AC_UL320_.jpg,39,排名进入前50；价格处于人民币等值¥57.60-¥180.00黄金区间；评分达到4.0以上。
2026-09-18,amazon_us,product,search,platform sandals women,36,IDIFU,¥143.93,4.0,IDIFU,,,,,,https://www.amazon.com/IDIFU-Comfortable-Lightweight-Adjustable-Slingback/dp/B0GY1JH9QK/ref=sr_1_33?dib=eyJ2IjoiMSJ9.EIJh1jY9ea3EISWsO86Abd4I7-jIjt1r5OmRcG_UIuA7eY3gCbmUpSzi8VFDinmhYAJoPcJYsndhZKLRAQe2x98SLgyMrHm3FZjSjk6gPdHN5QYUDLUf2wuynf0rpZvnNnh-80ByR6lHadfJDyHhuVyOztOJwovDIxl818EPFFAoGYrZCZcouGvXVVvv3aRP_ZokqphMYQoss5FVFrWJvdspfLkoLBxOBQU8t1pXCSnqBs3oHO3fYBjBrPZlNECsIjpi0gGKx6OgHyCJFI22QyKA33zYS_1PdoxK70NFbkM.ivqtQYsDB_RsQbQZnecvCCmcWCxSZMxDwsK8gal6KXo&dib_tag=se&keywords=platform+sandals+women&qid=1789709594&sr=8-33,https://m.media-amazon.com/images/I/71hU11hGHAL._AC_UL320_.jpg,39,排名进入前50；价格处于人民币等值¥57.60-¥180.00黄金区间；评分达到4.0以上。
2026-09-18,amazon_us,product,search,platform sandals women,45,Soda,¥227.66,4.5,Soda,,,,,,https://www.amazon.com/Soda-CLIP-Espadrille-us_footwear_size_system-numeric_6/dp/B0BXFMTFG5/ref=sr_1_42?dib=eyJ2IjoiMSJ9.EIJh1jY9ea3EISWsO86Abd4I7-jIjt1r5OmRcG_UIuA7eY3gCbmUpSzi8VFDinmhYAJoPcJYsndhZKLRAQe2x98SLgyMrHm3FZjSjk6gPdHN5QYUDLUf2wuynf0rpZvnNnh-80ByR6lHadfJDyHhuVyOztOJwovDIxl818EPFFAoGYrZCZcouGvXVVvv3aRP_ZokqphMYQoss5FVFrWJvdspfLkoLBxOBQU8t1pXCSnqBs3oHO3fYBjBrPZlNECsIjpi0gGKx6OgHyCJFI22QyKA33zYS_1PdoxK70NFbkM.ivqtQYsDB_RsQbQZnecvCCmcWCxSZMxDwsK8gal6KXo&dib_tag=se&keywords=platform+sandals+women&qid=1789709594&sr=8-42,https://m.media-amazon.com/images/I/71w4I8bkhQL._AC_UL320_.jpg,37,排名进入前50；价格处于人民币等值¥180.00-¥288.00区间；评分达到4.3以上。
2026-09-18,amazon_us,product,new_releases,New Releases Women Sandals,12,DREAM PAIRS Women's Slingback kitten Heeled Sandals | Square Toe Dress Heels for Party Wedding,,3.6,$40.99,,,,,,https://www.amazon.com/DREAM-PAIRS-Womens-Slingback-Sandals/dp/B0H8S94YCT/ref=zg_bsnr_g_679425011_d_sccl_12/130-3661958-8730615?psc=1,"https://images-na.ssl-images-amazon.com/images/I/71s9ROaphnL._AC_UL600_SR600,400_.jpg",35,排名进入前30。
2026-09-18,amazon_us,product,new_releases,New Releases Women Sandals,33,"wetkiss Mule Heels for Women Open Toe High Heel Slides Stiletto Sandals | Stiletto Heel, Slip-On, Round Toe, Backless, Single Strap, 3.93 Inch, Dressy Shoes, Wedding, Bridal, Party, Prom, Evening",,4.7,$52.99,,,,,,https://www.amazon.com/wetkiss-Black-Heels-Women-Sandals/dp/B0H6Q4WK6X/ref=zg_bsnr_g_679425011_d_sccl_33/130-3661958-8730615?psc=1,"https://images-na.ssl-images-amazon.com/images/I/618ljWrT0KL._AC_UL300_SR300,200_.jpg",35,排名进入前50；评论数达到50以上；评分达到4.6以上。
2026-09-18,amazon_us,product,new_releases,New Releases Women Sandals,36,Project Cloud Square Toe Flip Flops For Women-Sandals Women | Womens Flip Flop with Memory Foam Insole Beach Essentials Womens Sandals-Thong Sandals Women Footwear-Square Toe Sandals,,4.2,$29.90,,,,,,https://www.amazon.com/Project-Cloud-Square-Flops-Women-Sandals/dp/B0GY6CNC29/ref=zg_bsnr_g_679425011_d_sccl_36/130-3661958-8730615?psc=1,"https://images-na.ssl-images-amazon.com/images/I/71nllf30glL._AC_UL300_SR300,200_.jpg",35,排名进入前50；标题包含 cloud、beach，符合美国女鞋舒适化趋势；评分达到4.0以上。
2026-09-18,amazon_us,product,search,women summer slippers,41,NineCiFun,¥71.93,3.2,NineCiFun,,,,,,https://www.amazon.com/NineCiFun-Slippers-Women-House-Slides/dp/B0GKZXS8WW/ref=sr_1_35?dib=eyJ2IjoiMSJ9.aC2Y5Er8ydnBrykCP8gA0XzZ6uHfbRgqpxkxgFGcrYww3sivVP3DIIWvV1o8hMT2aeRBzgTc4mqkuZyK_8_QhkDqZHouxnLKNt3UNJpK30oXBx66krxHMhMHI4yWI44_lZked5pTdxIvywyxLdps9nggrw_LCL8XmD6ZAWHtXionOfNRx0iWtOFW-s2_w_yypGEBIsaJy5-KBa-KAEO36G_tWb48zLJz1fkfYGMcUd7PjPFDu5bBHZfZ9NRxaiWjEXfSXnjET3MZf-XHqIIIH_r_dcoWHgIaiHPl4D9yNts.f_clnWNNHjG6vM-MPq0p57edIWJUWzQHnz-wFSvPdOE&dib_tag=se&keywords=women+summer+slippers&qid=1789709593&sr=8-35,https://m.media-amazon.com/images/I/71R7sXc96FL._AC_UL320_.jpg,35,排名进入前50；价格处于人民币等值¥57.60-¥180.00黄金区间。
2026-09-18,amazon_us,product,search,platform sandals women,34,Lovee Cosee,¥266.33,4.0,Lovee Cosee,,,,,,https://www.amazon.com/Platform-Water-Sandals-Women-Chunky/dp/B0F1MXL45K/ref=sr_1_31?dib=eyJ2IjoiMSJ9.EIJh1jY9ea3EISWsO86Abd4I7-jIjt1r5OmRcG_UIuA7eY3gCbmUpSzi8VFDinmhYAJoPcJYsndhZKLRAQe2x98SLgyMrHm3FZjSjk6gPdHN5QYUDLUf2wuynf0rpZvnNnh-80ByR6lHadfJDyHhuVyOztOJwovDIxl818EPFFAoGYrZCZcouGvXVVvv3aRP_ZokqphMYQoss5FVFrWJvdspfLkoLBxOBQU8t1pXCSnqBs3oHO3fYBjBrPZlNECsIjpi0gGKx6OgHyCJFI22QyKA33zYS_1PdoxK70NFbkM.ivqtQYsDB_RsQbQZnecvCCmcWCxSZMxDwsK8gal6KXo&dib_tag=se&keywords=platform+sandals+women&qid=1789709594&sr=8-31,https://m.media-amazon.com/images/I/81IarpEqdRL._AC_UL320_.jpg,34,排名进入前50；价格处于人民币等值¥180.00-¥288.00区间；评分达到4.0以上。
2026-09-18,amazon_us,product,search,platform sandals women,35,Accloris,¥259.06,4.0,Accloris,,,,,,https://www.amazon.com/Accloris-Platform-Comfortable-Lightweight-Beach-Ready/dp/B0G1YB2ZGH/ref=sr_1_32?dib=eyJ2IjoiMSJ9.EIJh1jY9ea3EISWsO86Abd4I7-jIjt1r5OmRcG_UIuA7eY3gCbmUpSzi8VFDinmhYAJoPcJYsndhZKLRAQe2x98SLgyMrHm3FZjSjk6gPdHN5QYUDLUf2wuynf0rpZvnNnh-80ByR6lHadfJDyHhuVyOztOJwovDIxl818EPFFAoGYrZCZcouGvXVVvv3aRP_ZokqphMYQoss5FVFrWJvdspfLkoLBxOBQU8t1pXCSnqBs3oHO3fYBjBrPZlNECsIjpi0gGKx6OgHyCJFI22QyKA33zYS_1PdoxK70NFbkM.ivqtQYsDB_RsQbQZnecvCCmcWCxSZMxDwsK8gal6KXo&dib_tag=se&keywords=platform+sandals+women&qid=1789709594&sr=8-32,https://m.media-amazon.com/images/I/716qZhNTI0L._AC_UL320_.jpg,34,排名进入前50；价格处于人民币等值¥180.00-¥288.00区间；评分达到4.0以上。
2026-09-18,amazon_us,product,search,platform sandals women,43,Amazon Essentials,¥184.46,4.2,Amazon Essentials,,,,,,https://www.amazon.com/Amazon-Essentials-Womens-Flatform-Sandal/dp/B08MXVJC71/ref=sr_1_40?dib=eyJ2IjoiMSJ9.EIJh1jY9ea3EISWsO86Abd4I7-jIjt1r5OmRcG_UIuA7eY3gCbmUpSzi8VFDinmhYAJoPcJYsndhZKLRAQe2x98SLgyMrHm3FZjSjk6gPdHN5QYUDLUf2wuynf0rpZvnNnh-80ByR6lHadfJDyHhuVyOztOJwovDIxl818EPFFAoGYrZCZcouGvXVVvv3aRP_ZokqphMYQoss5FVFrWJvdspfLkoLBxOBQU8t1pXCSnqBs3oHO3fYBjBrPZlNECsIjpi0gGKx6OgHyCJFI22QyKA33zYS_1PdoxK70NFbkM.ivqtQYsDB_RsQbQZnecvCCmcWCxSZMxDwsK8gal6KXo&dib_tag=se&keywords=platform+sandals+women&qid=1789709594&sr=8-40,https://m.media-amazon.com/images/I/71hpTdzYZzS._AC_UL320_.jpg,34,排名进入前50；价格处于人民币等值¥180.00-¥288.00区间；评分达到4.0以上。
2026-09-18,amazon_us,product,search,platform sandals women,44,EQAUDES,¥287.93,4.0,EQAUDES,,,,,,https://www.amazon.com/EQAUDES-Platform-Espadrille-Sandals-Flatform/dp/B0C6XLWPN9/ref=sr_1_41?dib=eyJ2IjoiMSJ9.EIJh1jY9ea3EISWsO86Abd4I7-jIjt1r5OmRcG_UIuA7eY3gCbmUpSzi8VFDinmhYAJoPcJYsndhZKLRAQe2x98SLgyMrHm3FZjSjk6gPdHN5QYUDLUf2wuynf0rpZvnNnh-80ByR6lHadfJDyHhuVyOztOJwovDIxl818EPFFAoGYrZCZcouGvXVVvv3aRP_ZokqphMYQoss5FVFrWJvdspfLkoLBxOBQU8t1pXCSnqBs3oHO3fYBjBrPZlNECsIjpi0gGKx6OgHyCJFI22QyKA33zYS_1PdoxK70NFbkM.ivqtQYsDB_RsQbQZnecvCCmcWCxSZMxDwsK8gal6KXo&dib_tag=se&keywords=platform+sandals+women&qid=1789709594&sr=8-41,https://m.media-amazon.com/images/I/81juIfWU4pL._AC_UL320_.jpg,34,排名进入前50；价格处于人民币等值¥180.00-¥288.00区间；评分达到4.0以上。
2026-09-18,amazon_us,product,search,platform sandals women,46,Rocket Dog,¥192.17,4.2,Rocket Dog,,,,,,https://www.amazon.com/Rocket-Dog-Womens-Platform-Sandal/dp/B000W91BWU/ref=sr_1_43?dib=eyJ2IjoiMSJ9.EIJh1jY9ea3EISWsO86Abd4I7-jIjt1r5OmRcG_UIuA7eY3gCbmUpSzi8VFDinmhYAJoPcJYsndhZKLRAQe2x98SLgyMrHm3FZjSjk6gPdHN5QYUDLUf2wuynf0rpZvnNnh-80ByR6lHadfJDyHhuVyOztOJwovDIxl818EPFFAoGYrZCZcouGvXVVvv3aRP_ZokqphMYQoss5FVFrWJvdspfLkoLBxOBQU8t1pXCSnqBs3oHO3fYBjBrPZlNECsIjpi0gGKx6OgHyCJFI22QyKA33zYS_1PdoxK70NFbkM.ivqtQYsDB_RsQbQZnecvCCmcWCxSZMxDwsK8gal6KXo&dib_tag=se&keywords=platform+sandals+women&qid=1789709594&sr=8-43,https://m.media-amazon.com/images/I/71kguy0F5cL._AC_UL320_.jpg,34,排名进入前50；价格处于人民币等值¥180.00-¥288.00区间；评分达到4.0以上。
2026-09-18,amazon_us,product,search,platform sandals women,47,YorFotMae,¥215.93,4.2,YorFotMae,,,,,,https://www.amazon.com/YorFotMae-Platform-Sandals-Footbed-Buckles%EF%BC%8C/dp/B0F9KJZ1XJ/ref=sr_1_44?dib=eyJ2IjoiMSJ9.EIJh1jY9ea3EISWsO86Abd4I7-jIjt1r5OmRcG_UIuA7eY3gCbmUpSzi8VFDinmhYAJoPcJYsndhZKLRAQe2x98SLgyMrHm3FZjSjk6gPdHN5QYUDLUf2wuynf0rpZvnNnh-80ByR6lHadfJDyHhuVyOztOJwovDIxl818EPFFAoGYrZCZcouGvXVVvv3aRP_ZokqphMYQoss5FVFrWJvdspfLkoLBxOBQU8t1pXCSnqBs3oHO3fYBjBrPZlNECsIjpi0gGKx6OgHyCJFI22QyKA33zYS_1PdoxK70NFbkM.ivqtQYsDB_RsQbQZnecvCCmcWCxSZMxDwsK8gal6KXo&dib_tag=se&keywords=platform+sandals+women&qid=1789709594&sr=8-44,https://m.media-amazon.com/images/I/716H0att18L._AC_UL320_.jpg,34,排名进入前50；价格处于人民币等值¥180.00-¥288.00区间；评分达到4.0以上。
2026-09-18,amazon_us,product,best_sellers,Best Sellers Women Sandals,31,"AIUNIIND Women's Kitten Low Heel Sandals, Strappy Square Open Toe 2.5 inch | Adjustable Ankle Strap, Comfortable All Day, for Summer, Going out, Dress, Party, Prom, Wedding Guest Occasions",,4.1,$39.99,,,,,,https://www.amazon.com/AIUNIIND-Womens-Sandals-Strappy-Comfort/dp/B0DPHLM5HD/ref=zg_bs_g_679425011_d_sccl_31/130-3661958-8730615?psc=1,"https://images-na.ssl-images-amazon.com/images/I/61FchW-aFQL._AC_UL300_SR300,200_.jpg",33,排名进入前50；标题包含 comfort、summer，符合美国女鞋舒适化趋势；评分达到4.0以上。
2026-09-18,amazon_us,product,best_sellers,Best Sellers Women Sandals,38,"DREAM PAIRS Women's Comfort Low Block Heel Sandals | Chunky Heel Sandals, Open Toe Ankle Strap Dress Shoes, Comfortable Wedding Heels for Party, Prom and Formal Events",,4.3,$31.99,,,,,,https://www.amazon.com/DREAM-PAIRS-Low-Chunk-Glitter-Sandals/dp/B06ZZM1LMG/ref=zg_bs_g_679425011_d_sccl_38/130-3661958-8730615?psc=1,"https://images-na.ssl-images-amazon.com/images/I/71pCcrVD38L._AC_UL300_SR300,200_.jpg",33,排名进入前50；标题包含 comfort，符合美国女鞋舒适化趋势；评分达到4.3以上。
2026-09-18,amazon_us,product,best_sellers,Best Sellers Women Sandals,45,"IDIFU Women's Dressy Strappy 2 Inch Low Kitten Heels Open Toe Heel Sandals | Short Small Slingback Heeled Sandal, Comfortable Dress Shoes for Women Lady Bridesmaids in Wedding Bridal Prom Dance Evening",,4.4,$37.99,,,,,,https://www.amazon.com/IDIFU-Strappy-Sandals-Wedding-Glitter/dp/B07TG8S96G/ref=zg_bs_g_679425011_d_sccl_45/130-3661958-8730615?psc=1,"https://images-na.ssl-images-amazon.com/images/I/716u32p-+2L._AC_UL300_SR300,200_.jpg",33,排名进入前50；标题包含 comfort，符合美国女鞋舒适化趋势；评分达到4.3以上。
2026-09-18,amazon_us,product,new_releases,New Releases Women Sandals,32,"Womens Jelly Shoes, Clear Hollow Ballet Flats for Women Breathable | Rounded Toe Mesh Flats, Water-Resistant Slip On Jellies Sandals for Beach, Garden, Party, Travel, Casual",,4.6,$28.99,,,,,,https://www.amazon.com/Womens-Hollow-Ballet-Transparent-07/dp/B0GTV9JN1Y/ref=zg_bsnr_g_679425011_d_sccl_32/130-3661958-8730615?psc=1,"https://images-na.ssl-images-amazon.com/images/I/71vG5Bfi3LL._AC_UL300_SR300,200_.jpg",33,排名进入前50；标题包含 beach，符合美国女鞋舒适化趋势；评分达到4.6以上。
2026-09-18,amazon_us,product,new_releases,New Releases Women Sandals,37,Riekhany Kitten Heeled Sandals for Women Slip On Square Clip Toe Flip Flips | Casual Low Heel Pumps Comfortable Thong Slide Shoes Dressy Slippers for Party Daliy Work Travel,,4.4,$40.37,,,,,,https://www.amazon.com/Riekhany-Kitten-Sandals-Comfortable-Slippers/dp/B0HCV31H3D/ref=zg_bsnr_g_679425011_d_sccl_37/130-3661958-8730615?psc=1,"https://images-na.ssl-images-amazon.com/images/I/71GDJdxQMEL._AC_UL300_SR300,200_.jpg",33,排名进入前50；标题包含 comfort，符合美国女鞋舒适化趋势；评分达到4.3以上。
2026-09-18,amazon_us,product,new_releases,New Releases Women Sandals,38,"Ankis Women Kitten Heel Sandals Strappy Low Heels for Wedding Party Prom | Comfortable 2.5 Inch Cross Strappy Heels, Square Toe, Adjustable Ankle Strap,Anti-Slip Sole, Gold Silver Black Available",,4.3,$37.98,,,,,,https://www.amazon.com/Ankis-Kitten-Sandals-Strappy-Wedding/dp/B0GX1FPPB7/ref=zg_bsnr_g_679425011_d_sccl_38/130-3661958-8730615?psc=1,"https://images-na.ssl-images-amazon.com/images/I/61tvlj6BO3L._AC_UL300_SR300,200_.jpg",33,排名进入前50；标题包含 comfort，符合美国女鞋舒适化趋势；评分达到4.3以上。
2026-09-18,amazon_us,product,search,women slides,38,Michael Kors,¥321.34,4.6,Michael Kors,,,,,,https://www.amazon.com/Michael-Kors-Womens-Sandal-Vanilla/dp/B0CLPH9557/ref=sr_1_27?dib=eyJ2IjoiMSJ9.6owUC4TDSG3NkE2e1xmDHJ12JppxBTHI9OeicpSnPHQ1x9_7V7cYRq0WIXECWC22UmSeVE8s1Y6U6t4Q5WXsi7dCWYg7Nd99nxsPfiwRUtgkj_aQbsPXVEllSOPIVf7F7SuxuweBVNS-cR53zbH1sVGAKq5vg7EW_ST9VCj93pxbaOMZD32R_zcEBOPatSX7aMfV-4OmuTgYWjmuXOCjCDwnUh-m_Bg01a0F7RslOHhHCjlCUweMf7JwowpYKOMnmqyxIqiASDaTlH4cweedJBRboNk7GEqG9BMcfkuy0dU.nS6kMhTCxw5LXvhzIKjYzhDpHT1S6cVU3pVwW_rfuMA&dib_tag=se&keywords=women+slides&qid=1789709594&sr=8-27,https://m.media-amazon.com/images/I/61s2RS-TgKL._AC_UL320_.jpg,33,排名进入前50；价格高于人民币等值¥288.00；评分达到4.6以上。
2026-09-18,amazon_us,product,search,women slides,32,OOFOS,¥395.93,4.3,OOFOS,,,,,,https://www.amazon.com/OOFOS-Unisex-Ooahh-Slide-Sandal/dp/B00BRC4ZS8/ref=sr_1_21?dib=eyJ2IjoiMSJ9.6owUC4TDSG3NkE2e1xmDHJ12JppxBTHI9OeicpSnPHQ1x9_7V7cYRq0WIXECWC22UmSeVE8s1Y6U6t4Q5WXsi7dCWYg7Nd99nxsPfiwRUtgkj_aQbsPXVEllSOPIVf7F7SuxuweBVNS-cR53zbH1sVGAKq5vg7EW_ST9VCj93pxbaOMZD32R_zcEBOPatSX7aMfV-4OmuTgYWjmuXOCjCDwnUh-m_Bg01a0F7RslOHhHCjlCUweMf7JwowpYKOMnmqyxIqiASDaTlH4cweedJBRboNk7GEqG9BMcfkuy0dU.nS6kMhTCxw5LXvhzIKjYzhDpHT1S6cVU3pVwW_rfuMA&dib_tag=se&keywords=women+slides&qid=1789709594&sr=8-21,https://m.media-amazon.com/images/I/61K4HakbXxL._AC_UL320_.jpg,30,排名进入前50；价格高于人民币等值¥288.00；评分达到4.3以上。
2026-09-18,amazon_us,product,search,women slides,48,Nike,¥396.00,4.5,Nike,,,,,,https://www.amazon.com/Nike-Womens-Slides-Sport-Sandal/dp/B0FDW13VXN/ref=sr_1_37?dib=eyJ2IjoiMSJ9.6owUC4TDSG3NkE2e1xmDHJ12JppxBTHI9OeicpSnPHQ1x9_7V7cYRq0WIXECWC22UmSeVE8s1Y6U6t4Q5WXsi7dCWYg7Nd99nxsPfiwRUtgkj_aQbsPXVEllSOPIVf7F7SuxuweBVNS-cR53zbH1sVGAKq5vg7EW_ST9VCj93pxbaOMZD32R_zcEBOPatSX7aMfV-4OmuTgYWjmuXOCjCDwnUh-m_Bg01a0F7RslOHhHCjlCUweMf7JwowpYKOMnmqyxIqiASDaTlH4cweedJBRboNk7GEqG9BMcfkuy0dU.nS6kMhTCxw5LXvhzIKjYzhDpHT1S6cVU3pVwW_rfuMA&dib_tag=se&keywords=women+slides&qid=1789709594&sr=8-37,https://m.media-amazon.com/images/I/71uR+BhroRL._AC_UL320_.jpg,30,排名进入前50；价格高于人民币等值¥288.00；评分达到4.3以上。
2026-09-18,amazon_us,product,search,platform sandals women,31,REEF,¥397.80,4.5,REEF,,,,,,https://www.amazon.com/Reef-Womens-Cushion-Sandal-Natural/dp/B0B7TTVGVJ/ref=sr_1_28?dib=eyJ2IjoiMSJ9.EIJh1jY9ea3EISWsO86Abd4I7-jIjt1r5OmRcG_UIuA7eY3gCbmUpSzi8VFDinmhYAJoPcJYsndhZKLRAQe2x98SLgyMrHm3FZjSjk6gPdHN5QYUDLUf2wuynf0rpZvnNnh-80ByR6lHadfJDyHhuVyOztOJwovDIxl818EPFFAoGYrZCZcouGvXVVvv3aRP_ZokqphMYQoss5FVFrWJvdspfLkoLBxOBQU8t1pXCSnqBs3oHO3fYBjBrPZlNECsIjpi0gGKx6OgHyCJFI22QyKA33zYS_1PdoxK70NFbkM.ivqtQYsDB_RsQbQZnecvCCmcWCxSZMxDwsK8gal6KXo&dib_tag=se&keywords=platform+sandals+women&qid=1789709594&sr=8-28,https://m.media-amazon.com/images/I/81cCTkHhaSL._AC_UL320_.jpg,30,排名进入前50；价格高于人民币等值¥288.00；评分达到4.3以上。
2026-09-18,amazon_us,product,search,platform sandals women,49,HEYDUDE,¥395.64,4.4,HEYDUDE,,,,,,https://www.amazon.com/HEYDUDE-Womens-Austin-Classic-Cognac/dp/B0F7NWHTF1/ref=sr_1_46?dib=eyJ2IjoiMSJ9.EIJh1jY9ea3EISWsO86Abd4I7-jIjt1r5OmRcG_UIuA7eY3gCbmUpSzi8VFDinmhYAJoPcJYsndhZKLRAQe2x98SLgyMrHm3FZjSjk6gPdHN5QYUDLUf2wuynf0rpZvnNnh-80ByR6lHadfJDyHhuVyOztOJwovDIxl818EPFFAoGYrZCZcouGvXVVvv3aRP_ZokqphMYQoss5FVFrWJvdspfLkoLBxOBQU8t1pXCSnqBs3oHO3fYBjBrPZlNECsIjpi0gGKx6OgHyCJFI22QyKA33zYS_1PdoxK70NFbkM.ivqtQYsDB_RsQbQZnecvCCmcWCxSZMxDwsK8gal6KXo&dib_tag=se&keywords=platform+sandals+women&qid=1789709594&sr=8-46,https://m.media-amazon.com/images/I/71+OUCJdJzL._AC_UL320_.jpg,30,排名进入前50；价格高于人民币等值¥288.00；评分达到4.3以上。
2026-09-18,amazon_us,product,best_sellers,Best Sellers Women Sandals,33,IDIFU Women's Cookie-LO Low Block Heels Chunky Sandals Ankle Strap Wedding Dress Pump Shoes,,4.3,$28.49,,,,,,https://www.amazon.com/IDIFU-Womens-Cookie-LO-Ankle-Sandal/dp/B07CVSC8NN/ref=zg_bs_g_679425011_d_sccl_33/130-3661958-8730615?psc=1,"https://images-na.ssl-images-amazon.com/images/I/710+HIt2AHL._AC_UL300_SR300,200_.jpg",27,排名进入前50；评分达到4.3以上。
2026-09-18,amazon_us,product,best_sellers,Best Sellers Women Sandals,36,Havaianas Women's Slim Sandals,,4.5,$29.00,,,,,,https://www.amazon.com/Havaianas-Womens-Slim-Sandal-Black/dp/B000NBGN0W/ref=zg_bs_g_679425011_d_sccl_36/130-3661958-8730615?psc=1,"https://images-na.ssl-images-amazon.com/images/I/61JHkRJJEFL._AC_UL300_SR300,200_.jpg",27,排名进入前50；评分达到4.3以上。
2026-09-18,amazon_us,product,best_sellers,Best Sellers Women Sandals,42,PARTY Women's Open Toe Ankle Strap Low Block Chunky Heels Sandals,,4.4,$29.99,,,,,,https://www.amazon.com/PARTY-Womens-Ankle-Chunky-Sandals/dp/B0CR9QXJTK/ref=zg_bs_g_679425011_d_sccl_42/130-3661958-8730615?psc=1,"https://images-na.ssl-images-amazon.com/images/I/615IvQVkYsL._AC_UL300_SR300,200_.jpg",27,排名进入前50；评分达到4.3以上。
2026-09-18,amazon_us,product,best_sellers,Best Sellers Women Sandals,39,"CUSHIONAIRE Java Casual Womens Jelly Flats with Adjustable Strap, Closed Toe Mary Janes Mule Design, Waterproof Jelly Sandals for Women",,4.2,$34.98,,,,,,https://www.amazon.com/CUSHIONAIRE-Casual-Adjustable-Waterproof-Sandals/dp/B0H4MJCG6Z/ref=zg_bs_g_679425011_d_sccl_39/130-3661958-8730615?psc=1,"https://images-na.ssl-images-amazon.com/images/I/713AgXedTJL._AC_UL300_SR300,200_.jpg",24,排名进入前50；评分达到4.0以上。
2026-09-18,amazon_us,product,best_sellers,Best Sellers Women Sandals,41,PiePieBuy Women's Lace Up Heeled Sandals Square Flip Flop High Heels Strappy Party Shoes,,4.1,$34.99,,,,,,https://www.amazon.com/PiePieBuy-Womens-Kitten-Sandals-Square/dp/B09N3LZTJX/ref=zg_bs_g_679425011_d_sccl_41/130-3661958-8730615?psc=1,"https://images-na.ssl-images-amazon.com/images/I/61L4UgP8LlL._AC_UL300_SR300,200_.jpg",24,排名进入前50；评分达到4.0以上。
2026-09-18,amazon_us,product,best_sellers,Best Sellers Women Sandals,44,"DREAM PAIRS Women's Chunky Heel Sandal | sleek thin straps square-toe design,3.15 inch chunky block ankle buckle heeled sandals,for wedding party dress prom",,4.1,$30.50,,,,,,https://www.amazon.com/DREAM-PAIRS-Strappy-Sandals-SDHS2428W/dp/B0CPHVPMB5/ref=zg_bs_g_679425011_d_sccl_44/130-3661958-8730615?psc=1,"https://images-na.ssl-images-amazon.com/images/I/71GkoNRfxkL._AC_UL300_SR300,200_.jpg",24,排名进入前50；评分达到4.0以上。
2026-09-18,amazon_us,product,best_sellers,Best Sellers Women Sandals,46,Avidirk Women's Square Open Toe Heeled Sandals Two Strap Mules Slip On Block Chunky Mid Heels Sandals,,4.2,$33.99,,,,,,https://www.amazon.com/Avidirk-Womens-Square-Heeled-Sandals/dp/B0CNP75QFF/ref=zg_bs_g_679425011_d_sccl_46/130-3661958-8730615?psc=1,"https://images-na.ssl-images-amazon.com/images/I/610H7PguBpL._AC_UL300_SR300,200_.jpg",24,排名进入前50；评分达到4.0以上。
