date,source,data_type,list_type,keyword,rank,title,price,rating,review_count,likes,comments,views,published_at,competition_count,product_url,image_url,hot_score,reason
2026-07-07,amazon_us,product,search,women slides,3,"CUSHIONAIRE Feather EVA Slides for Women – Comfortable Slip On Womens Slippers, Indoor Outdoor Shower Shoes, Beach Essential Cloud Slides CUSHIONAIRE Feather EVA Slides for Women – Comfort…",¥170.78,4.4,,,,,,,https://aax-us-east-retail-direct.amazon.com/x/c/JEk6msmhOqThXMEANpNunwsAAAGfPFqnNwEAAAH2AQBvbm9fdHhuX2JpZDUgICBvbm9fdHhuX2ltcDEgICDfqT4k/clv1c_ek-wBXfWVcba3TK2Zzp473dcOO1DnziMgudAJr-oyu5-ZlSfuv7IDa8z4kVUDUHs3hjTS73KtZiZKXQ90bIGxoehiAPEKRIVYcxVHEvHusQwDgnf3nmQwOz08dlEB7ERlZ1P0_ZDLvfQWJAwy9Sl1fcrgN-drnVqkwi0TTeh5PK_GGoQWNLuPM-X4lm3yXOXaf-UYx8CLyYIV-pmuUWQogfCS0rf1J7ill8jgSf2sL3NQDnhwwUMT5jfy2b_cfrr34rKjrQ8WhRPYGlxJzbtWg21IVDJcN0KR4J5FSFgDwmEeaCyKLCPVn_P0OK0hU5xftBYby2rfZi0sAbatXCLh2T1bOPPrCfBPYJINBlpeqg9Jo5MqVdlrY8WMtmtG0LJrhCV6LmNpP_MrPY0t7BfsrZ-nooDZxDnZEVMOAJ2m61u-yKhYgR6FhYCxB3-Os3AKeCotqHzoFHICwo3ebpdaJgu2wZLS5ls-sgt4YvAFR8GVz2Pw--QZRladZreO5O7OPaE0OQ12cFyYcUK0_AFCH_L7dG0x0jQH837GCV14zfaqeIm5q4qtSoX5m_oF8Z9QwOn1GChXThfhTU-l1pme6m5YQt5JhnVJzraDdN5ooUCXal02yGes9Cwvxx5k2vMG5zk5Zb6xxdYEBwJG3gGbd5iwnWv601FlvhchQ5GAm81eHc4QtnK2tDC7YxlNSoSgZtOQJ5NDWfvEQ34Sk-OvFqXVk6NFfGIjwHpIKyjvY5r2drd6YI81DtIA1ZcOqD9nC3PsOdGJbbo19Fv2nK95VA_QfAfoW1wUCug6KY3BQTOKcKhCJkYwuyP0_4WD6iz0wdB6oIVjm3PtIF9bC8X37nYhW20yEVbS2DwN7AVgPAZw_8j89uWNISHSw8IKRc_lwHVjs_9TwfOEB0g6iQ0G9FZ_eBwJWSNgBJ1OfuNeo6e45FlZe3pBtSlM79FEcAoQEOqx8ZbFEDTWInOG0TmPNLNQcsHIfwTVAVpDtDiZOyOy4vX93S2XjCuCNiUfXSZWzdqdEoTkLeE2-Ayv_h4SSE0hVTW8O4VmngiHGxoXwx6gmly8uljG0AcxtJAiycsdNpQ6p3IBXmlTpIX9Cbnzbt4xeUVls6blPLnG_Rpn1kbJWk_biI9N_ej3Dn5IWrxVeNE0QixlfRTMJvyW9QZRhdP2EHfeNRJoW0lQLS0ylHo4N9xAvLdlCsOCFcQOeI4dasFbwddrbbHWlH738p1TTrxbTO9vVqAQa16BpVaZzxrTPxDaXtWZPpVfHf5fl1AhlkwNqZF7W9-tQeP9zUzTTIxQPkxlGqWFP-OIaZtP75Fw07_f7TAu3ep3BolV7wXwrmqL6lCgAlG0n1oGXOMeEQmoc23lhznSQ2EyDoTc2BNQXj6-oN1i1XmMTjto-fGYFN5tEwCnJ7np2QhanT6Tey5G-bJyJmzwK_0dEhnEdJymtjaO4Mwm6Pkfq0eEdK_31N_ZaXPot2l2b2XlVEHwGrFlBrYRdnu0CdtOV6AqbYnfHQM-wSEmP_y8ktn8x3b4cUsQqNcAiMXgf71S3GvDuIRF29zwO2rG2TYeTTjm5J1Hh9gQeOYU8ahXKs3epi2OvLMVPBiuDrYtxawknI5sZnMJ1OVhZY3RwEsvcWu5xS1xYnrFha911tmP3Q6CL35aJA/https://www.amazon.com/gp/aw/d/B09DMRYJG5/?_encoding=UTF8&pd_rd_plhdr=t&hsa_cr_id=0&qid=1783424001&sr=1-3-9e67e56a-6f64-441f-a281-df67fc737124&i=aps&aref=0zSApxiNBo&ref_=sbx__sbtcd_asin_2_bkgd&pd_rd_w=EGsCk&content-id=amzn1.sym.2fb72bc8-96ef-420d-b08f-c04b69f36507%3Aamzn1.sym.2fb72bc8-96ef-420d-b08f-c04b69f36507&pf_rd_p=2fb72bc8-96ef-420d-b08f-c04b69f36507&pf_rd_r=5GC1XEM44GMFSCZ1NQPC&pd_rd_wg=hZr6W&pd_rd_r=2cf02b2e-a71a-4800-8e33-f0e386be9f2f,"https://m.media-amazon.com/images/I/81ggD2FCOrL._AC_SR160,134_CB1169409_QL70_.jpg",94,排名靠前；价格处于人民币等值¥57.60-¥180.00黄金区间；标题包含 cloud、comfort、beach，符合美国女鞋舒适化趋势；cloud + slides组合趋势加分；评分达到4.3以上。
2026-07-07,amazon_us,product,search,platform sandals women,17,"Women's Platform Clogs Sandals Cork Footbed with Comfort Double Buckles, Summer Platform Slides Mules, Summer Beach Comfort Wide Widths Availab",¥215.93,4.4,200+ bought in past month,,,,,,https://www.amazon.com/BiuYorBTY-Platform-Sandals-Footbed-Comfort/dp/B0DZ1NT6L9/ref=sr_1_14?dib=eyJ2IjoiMSJ9.Eno-3pT4ZhH3sPPabT7cSo-udsfQW29AVpi-WOzQl-UhnpOHkv9SLh4cxoLSh7YAdHjC7nxBIzFH1q6oIT8_C1nAkYQhhU7ejh2L4-g495a4MqprgiNpKp5S2-TxNHH2Ep1Hi5bJnk_3tYYtl45rDw-_DK_fE_2G3FaZwUeOczdJSxhW54wktl4cUVXXFlgU0ghf9sIemxH44_Ik_Dxf3oBkRWXwxPiSGaJHmAJotSM1ZyW33hJd9Hzm4Jh_qC-ySdCEav7G0d4eFAeLT9iKeTr8phws7ytEqt8u7xRWqxw.6VH9YV9gRZTATG33rMoVtLefM1WL7ZpzFFJiWdLmqDs&dib_tag=se&keywords=platform+sandals+women&qid=1783424001&sr=8-14,https://m.media-amazon.com/images/I/716g0SFJuTL._AC_UL320_.jpg,87,排名进入前30；评论数达到50以上；价格处于人民币等值¥180.00-¥288.00区间；标题包含 platform、comfort、beach、summer，符合美国女鞋舒适化趋势；platform + comfort组合趋势加分；评分达到4.3以上。
2026-07-07,amazon_us,product,best_sellers,Best Sellers Women Sandals,23,shevalues Orthopedic Sandals for Women Arch Support Recovery Flip Flops Pillow Soft Summer Beach Shoes,,4.3,$18.99,,,,,,https://www.amazon.com/Orthotic-Pillow-Recovery-Sandals-Support/dp/B09LC836QG/ref=zg_bs_g_679425011_d_sccl_23/135-3238873-6254037?psc=1,"https://images-na.ssl-images-amazon.com/images/I/61o9ArJVVsL._AC_UL600_SR600,400_.jpg",77,排名进入前30；标题包含 recovery、orthopedic、arch support、soft、beach、summer，符合美国女鞋舒适化趋势；orthopedic + arch support组合趋势加分；评分达到4.3以上。
2026-07-07,amazon_us,product,best_sellers,Best Sellers Women Sandals,6,Project Cloud 100% Genuine Leather Flat Sandals For Women 2026 Cork Footbed Womens Sandals with Memory Foam and arch support Vacation Essentials Slides for Women Footwear (Venita),,4.4,$39.90,,,,,,https://www.amazon.com/Project-Cloud-Comfortable-Essentials-Vacation/dp/B0CNYDF946/ref=zg_bs_g_679425011_d_sccl_6/135-3238873-6254037?psc=1,"https://images-na.ssl-images-amazon.com/images/I/61PPWwEkHDL._AC_UL600_SR600,400_.jpg",76,排名靠前；标题包含 cloud、arch support，符合美国女鞋舒适化趋势；cloud + slides组合趋势加分；评分达到4.3以上。
2026-07-07,amazon_us,product,best_sellers,Best Sellers Women Sandals,16,"Goosecret Women's Comfortable Arch Support Walking Platform Sandals | Lightweight Chunky Slip-On Foam Slides with Adjustable Buckle, Sandals for Beach and Daily Wear",,4.3,$18.98,,,,,,https://www.amazon.com/Goosecret-Platform-Lightweight-Comfortable-Adjustable/dp/B0CZ75N4PP/ref=zg_bs_g_679425011_d_sccl_16/135-3238873-6254037?psc=1,"https://images-na.ssl-images-amazon.com/images/I/61l3YNTRtgL._AC_UL600_SR600,400_.jpg",72,排名进入前30；标题包含 platform、comfort、arch support、beach，符合美国女鞋舒适化趋势；platform + comfort组合趋势加分；评分达到4.3以上。
2026-07-07,amazon_us,product,new_releases,New Releases Women Sandals,30,SHIBEVER Womens Wedge Sandals Dressy: Arch Support Slip-On Comfortable Summer Sandals Open Toe Flower Casual Platform Shoes Size 5-11,,4.5,$32.39,,,,,,https://www.amazon.com/SHIBEVER-Comfortable-Lightweight-Platform-Vacation/dp/B0GZQ2W66D/ref=zg_bsnr_g_679425011_d_sccl_30/146-1935481-6911605?psc=1,"https://images-na.ssl-images-amazon.com/images/I/71s6gVMM2nL._AC_UL600_SR600,400_.jpg",72,排名进入前30；标题包含 platform、comfort、arch support、summer、wedge，符合美国女鞋舒适化趋势；platform + comfort组合趋势加分；评分达到4.3以上。
2026-07-07,amazon_us,product,new_releases,New Releases Women Sandals,4,Project Cloud Platform Sandals Women - Memory Foam Insole Flip Flops and Lightweight Womens Sandals - Non-Slip Summer Thong Sandals for Women 2026 (ELEVATION),,4.3,$42.90,,,,,,https://www.amazon.com/Project-Cloud-Platform-Sandals-Women/dp/B0GTZM2X7L/ref=zg_bsnr_g_679425011_d_sccl_4/146-1935481-6911605?psc=1,"https://images-na.ssl-images-amazon.com/images/I/61E9Kh8oh9L._AC_UL600_SR600,400_.jpg",71,排名靠前；标题包含 cloud、platform、summer，符合美国女鞋舒适化趋势；评分达到4.3以上。
2026-07-07,amazon_us,product,best_sellers,Best Sellers Women Sandals,1,KuaiLu Flip Flops for Women with Arch Support Yoga Mat Comfortable Summer Beach Walking Thong Cushion Sandals Slip On Indoor Outdoor,,4.3,$13.29,,,,,,https://www.amazon.com/KuaiLu-Support-Comfortable-Walking-Sandals/dp/B0C5ZRQS2X/ref=zg_bs_g_679425011_d_sccl_1/135-3238873-6254037?psc=1,"https://images-na.ssl-images-amazon.com/images/I/710PdcSAm6L._AC_UL600_SR600,400_.jpg",70,排名靠前；标题包含 comfort、arch support、beach、summer，符合美国女鞋舒适化趋势；评分达到4.3以上。
2026-07-07,amazon_us,product,search,women summer slippers,6,GOEWY,¥93.53,4.7,GOEWY,,,,,,https://www.amazon.com/GOEWY-Slippers-Breathable-Birthday-Outdoor/dp/B0GQGLFHFJ/ref=sr_1_6?dib=eyJ2IjoiMSJ9.eryIOQYLmpfoJ5akPXBuO7sOS6ntc4QruTbqDWb3OBOQn_myWp8a9LOIVfyKSOy0EzJPqVSewteBaa1pbSDDv7FkwlxKyH2U3zsRnD7GCEqIAkwfAR6ukf09NdIy2nDTSkMY8bMDfvWy5UGlwBc4DwQVkpF7pXzjuoy0nw4EU5VtoUOKs4ijt9KW_PZ4nxfZtWrfFt3RUpTvjXP-3ubrbn25t9NsQDHClb1alKvwjzF82m-3LlCmtL2g9MxHG1szxBEIjAwBM4xeMR6BjTutCBbUXLs7m3ui27tH-iSqa4I.8aoP0JOW3VPvShmjrcI8oyzKM9ab5vK4t6sZYkPyuoY&dib_tag=se&keywords=women+summer+slippers&qid=1783424000&sr=8-6,https://m.media-amazon.com/images/I/61PJ6PNvlqL._AC_UL320_.jpg,70,排名靠前；价格处于人民币等值¥57.60-¥180.00黄金区间；评分达到4.6以上。
2026-07-07,amazon_us,product,search,women summer slippers,7,GOEWY,¥71.93,4.6,GOEWY,,,,,,https://www.amazon.com/GOEWY-Slippers-Outdoor-Slipper-Bridesmaid/dp/B0DT12FRRT/ref=sr_1_7?dib=eyJ2IjoiMSJ9.eryIOQYLmpfoJ5akPXBuO7sOS6ntc4QruTbqDWb3OBOQn_myWp8a9LOIVfyKSOy0EzJPqVSewteBaa1pbSDDv7FkwlxKyH2U3zsRnD7GCEqIAkwfAR6ukf09NdIy2nDTSkMY8bMDfvWy5UGlwBc4DwQVkpF7pXzjuoy0nw4EU5VtoUOKs4ijt9KW_PZ4nxfZtWrfFt3RUpTvjXP-3ubrbn25t9NsQDHClb1alKvwjzF82m-3LlCmtL2g9MxHG1szxBEIjAwBM4xeMR6BjTutCBbUXLs7m3ui27tH-iSqa4I.8aoP0JOW3VPvShmjrcI8oyzKM9ab5vK4t6sZYkPyuoY&dib_tag=se&keywords=women+summer+slippers&qid=1783424000&sr=8-7,https://m.media-amazon.com/images/I/612fmVMoiKL._AC_UL320_.jpg,70,排名靠前；价格处于人民币等值¥57.60-¥180.00黄金区间；评分达到4.6以上。
2026-07-07,amazon_us,product,best_sellers,Best Sellers Women Sandals,29,Project Cloud 100% Genuine Leather Flat Sandals for Women 2026 Comfortable Beach Essentials Womens Sandals Memory Foam Vacation Essentials Slides for Women Footwear (Santorini),,4.3,$39.90,,,,,,https://www.amazon.com/Project-Cloud-Comfortable-Essentials-Santorini/dp/B0DQFB8GPS/ref=zg_bs_g_679425011_d_sccl_29/135-3238873-6254037?psc=1,"https://images-na.ssl-images-amazon.com/images/I/81gswZHf+6L._AC_UL600_SR600,400_.jpg",69,排名进入前30；标题包含 cloud、comfort、beach，符合美国女鞋舒适化趋势；cloud + slides组合趋势加分；评分达到4.3以上。
2026-07-07,amazon_us,product,new_releases,New Releases Women Sandals,12,"CUSHIONAIRE Eden Footbed Sandals for Women, Comfortable Arch Support Womens Sandals with Platform, Slingback Strap and Memory Foam",,4.2,$37.98,,,,,,https://www.amazon.com/CUSHIONAIRE-Footbed-Comfortable-Platform-Slingback/dp/B0GXWNKBW7/ref=zg_bsnr_g_679425011_d_sccl_12/146-1935481-6911605?psc=1,"https://images-na.ssl-images-amazon.com/images/I/81L+sK-IZtL._AC_UL600_SR600,400_.jpg",69,排名进入前30；标题包含 platform、comfort、arch support，符合美国女鞋舒适化趋势；platform + comfort组合趋势加分；评分达到4.0以上。
2026-07-07,amazon_us,product,search,women summer slippers,1,LongBay,¥114.62,4.5,LongBay,,,,,,https://www.amazon.com/LongBay-Slippers-Memory-Bedroom-Dual-Strap/dp/B0DP277YRM/ref=sr_1_1?dib=eyJ2IjoiMSJ9.eryIOQYLmpfoJ5akPXBuO7sOS6ntc4QruTbqDWb3OBOQn_myWp8a9LOIVfyKSOy0EzJPqVSewteBaa1pbSDDv7FkwlxKyH2U3zsRnD7GCEqIAkwfAR6ukf09NdIy2nDTSkMY8bMDfvWy5UGlwBc4DwQVkpF7pXzjuoy0nw4EU5VtoUOKs4ijt9KW_PZ4nxfZtWrfFt3RUpTvjXP-3ubrbn25t9NsQDHClb1alKvwjzF82m-3LlCmtL2g9MxHG1szxBEIjAwBM4xeMR6BjTutCBbUXLs7m3ui27tH-iSqa4I.8aoP0JOW3VPvShmjrcI8oyzKM9ab5vK4t6sZYkPyuoY&dib_tag=se&keywords=women+summer+slippers&qid=1783424000&sr=8-1,https://m.media-amazon.com/images/I/71BlGXBbl-L._AC_UL320_.jpg,67,排名靠前；价格处于人民币等值¥57.60-¥180.00黄金区间；评分达到4.3以上。
2026-07-07,amazon_us,product,search,women summer slippers,2,Evshine,¥86.33,4.4,Products highlighted as 'Overall Pick' are:,,,,,,https://www.amazon.com/Evshine-Summer-Slippers-Corduroy-Bedroom/dp/B0CSN39WDS/ref=sr_1_2?dib=eyJ2IjoiMSJ9.eryIOQYLmpfoJ5akPXBuO7sOS6ntc4QruTbqDWb3OBOQn_myWp8a9LOIVfyKSOy0EzJPqVSewteBaa1pbSDDv7FkwlxKyH2U3zsRnD7GCEqIAkwfAR6ukf09NdIy2nDTSkMY8bMDfvWy5UGlwBc4DwQVkpF7pXzjuoy0nw4EU5VtoUOKs4ijt9KW_PZ4nxfZtWrfFt3RUpTvjXP-3ubrbn25t9NsQDHClb1alKvwjzF82m-3LlCmtL2g9MxHG1szxBEIjAwBM4xeMR6BjTutCBbUXLs7m3ui27tH-iSqa4I.8aoP0JOW3VPvShmjrcI8oyzKM9ab5vK4t6sZYkPyuoY&dib_tag=se&keywords=women+summer+slippers&qid=1783424000&sr=8-2,https://m.media-amazon.com/images/I/71SaoMUrpoL._AC_UL320_.jpg,67,排名靠前；价格处于人民币等值¥57.60-¥180.00黄金区间；评分达到4.3以上。
2026-07-07,amazon_us,product,search,women summer slippers,3,WHITIN,¥71.93,4.4,WHITIN,,,,,,https://www.amazon.com/WHITIN-Slippers-Cushioned-Fashionable-Lightweight/dp/B0C1C17KH8/ref=sr_1_3?dib=eyJ2IjoiMSJ9.eryIOQYLmpfoJ5akPXBuO7sOS6ntc4QruTbqDWb3OBOQn_myWp8a9LOIVfyKSOy0EzJPqVSewteBaa1pbSDDv7FkwlxKyH2U3zsRnD7GCEqIAkwfAR6ukf09NdIy2nDTSkMY8bMDfvWy5UGlwBc4DwQVkpF7pXzjuoy0nw4EU5VtoUOKs4ijt9KW_PZ4nxfZtWrfFt3RUpTvjXP-3ubrbn25t9NsQDHClb1alKvwjzF82m-3LlCmtL2g9MxHG1szxBEIjAwBM4xeMR6BjTutCBbUXLs7m3ui27tH-iSqa4I.8aoP0JOW3VPvShmjrcI8oyzKM9ab5vK4t6sZYkPyuoY&dib_tag=se&keywords=women+summer+slippers&qid=1783424000&sr=8-3,https://m.media-amazon.com/images/I/71nA8egRirL._AC_UL320_.jpg,67,排名靠前；价格处于人民币等值¥57.60-¥180.00黄金区间；评分达到4.3以上。
2026-07-07,amazon_us,product,search,women summer slippers,4,shevalues,¥129.74,4.3,shevalues,,,,,,https://www.amazon.com/shevalues-Summer-Slippers-Support-Breathable/dp/B0BK8PN8CL/ref=sr_1_4?dib=eyJ2IjoiMSJ9.eryIOQYLmpfoJ5akPXBuO7sOS6ntc4QruTbqDWb3OBOQn_myWp8a9LOIVfyKSOy0EzJPqVSewteBaa1pbSDDv7FkwlxKyH2U3zsRnD7GCEqIAkwfAR6ukf09NdIy2nDTSkMY8bMDfvWy5UGlwBc4DwQVkpF7pXzjuoy0nw4EU5VtoUOKs4ijt9KW_PZ4nxfZtWrfFt3RUpTvjXP-3ubrbn25t9NsQDHClb1alKvwjzF82m-3LlCmtL2g9MxHG1szxBEIjAwBM4xeMR6BjTutCBbUXLs7m3ui27tH-iSqa4I.8aoP0JOW3VPvShmjrcI8oyzKM9ab5vK4t6sZYkPyuoY&dib_tag=se&keywords=women+summer+slippers&qid=1783424000&sr=8-4,https://m.media-amazon.com/images/I/71wQ2tOj0+L._AC_UL320_.jpg,67,排名靠前；价格处于人民币等值¥57.60-¥180.00黄金区间；评分达到4.3以上。
2026-07-07,amazon_us,product,search,women summer slippers,5,Litfun,¥129.53,4.5,Litfun,,,,,,https://www.amazon.com/Litfun-Orthopedic-Slippers-Support-Corduroy/dp/B0FH4NQLCJ/ref=sr_1_5?dib=eyJ2IjoiMSJ9.eryIOQYLmpfoJ5akPXBuO7sOS6ntc4QruTbqDWb3OBOQn_myWp8a9LOIVfyKSOy0EzJPqVSewteBaa1pbSDDv7FkwlxKyH2U3zsRnD7GCEqIAkwfAR6ukf09NdIy2nDTSkMY8bMDfvWy5UGlwBc4DwQVkpF7pXzjuoy0nw4EU5VtoUOKs4ijt9KW_PZ4nxfZtWrfFt3RUpTvjXP-3ubrbn25t9NsQDHClb1alKvwjzF82m-3LlCmtL2g9MxHG1szxBEIjAwBM4xeMR6BjTutCBbUXLs7m3ui27tH-iSqa4I.8aoP0JOW3VPvShmjrcI8oyzKM9ab5vK4t6sZYkPyuoY&dib_tag=se&keywords=women+summer+slippers&qid=1783424000&sr=8-5,https://m.media-amazon.com/images/I/71YnbijMiKL._AC_UL320_.jpg,67,排名靠前；价格处于人民币等值¥57.60-¥180.00黄金区间；评分达到4.3以上。
2026-07-07,amazon_us,product,search,women summer slippers,9,shevalues,¥95.47,4.3,shevalues,,,,,,https://www.amazon.com/Shevalues-Womens-Indoor-Slippers-Cotton/dp/B074HBC1BR/ref=sr_1_9?dib=eyJ2IjoiMSJ9.eryIOQYLmpfoJ5akPXBuO7sOS6ntc4QruTbqDWb3OBOQn_myWp8a9LOIVfyKSOy0EzJPqVSewteBaa1pbSDDv7FkwlxKyH2U3zsRnD7GCEqIAkwfAR6ukf09NdIy2nDTSkMY8bMDfvWy5UGlwBc4DwQVkpF7pXzjuoy0nw4EU5VtoUOKs4ijt9KW_PZ4nxfZtWrfFt3RUpTvjXP-3ubrbn25t9NsQDHClb1alKvwjzF82m-3LlCmtL2g9MxHG1szxBEIjAwBM4xeMR6BjTutCBbUXLs7m3ui27tH-iSqa4I.8aoP0JOW3VPvShmjrcI8oyzKM9ab5vK4t6sZYkPyuoY&dib_tag=se&keywords=women+summer+slippers&qid=1783424000&sr=8-9,https://m.media-amazon.com/images/I/71JYzlHXkPL._AC_UL320_.jpg,67,排名靠前；价格处于人民币等值¥57.60-¥180.00黄金区间；评分达到4.3以上。
2026-07-07,amazon_us,product,search,women slides,5,adidas,¥143.86,4.4,adidas,,,,,,https://www.amazon.com/adidas-Unisex-Adilette-Shower-Sandal/dp/B091ZGQF6G/ref=sr_1_2?dib=eyJ2IjoiMSJ9.wrqHnvIFpzxZDCy1gVq3f2HcNswV2RaHhxwkGjsTd_XuNiUmGi-M-lWtR9c2N2re6Xw3wrFItUvsbQKqG_DbrXAIB3PBBMlTgzufnVHZ6bPV0AfCvLiusJgvsRVsSCpdtNoA4_-EtsTsLI3hnvfltwNmgtDP0F6xSpoEFBRvc093OKeX5vhblSWuvZseXfCGUqAFLNIUpbTUz_c4-_jM_qWCITTfUPwqdrZ9OCsf_4ZMGtMW86vOOvCjVmMlJj45eynDQpuGfsVLWGBjhZUFFUFowMHm5WZ2pDFB-NuSnXk.SoH3lsf2fUFJzM6ytFMUJ41DhvK_wNZPfbC8wzI4bFw&dib_tag=se&keywords=women+slides&qid=1783424001&sr=8-2,https://m.media-amazon.com/images/I/61CCABduhML._AC_UL320_.jpg,67,排名靠前；价格处于人民币等值¥57.60-¥180.00黄金区间；评分达到4.3以上。
2026-07-07,amazon_us,product,search,platform sandals women,8,Goosecret,¥136.66,4.3,Goosecret,,,,,,https://www.amazon.com/Goosecret-Platform-Lightweight-Comfortable-Adjustable/dp/B0CZ75N4PP/ref=sr_1_5?dib=eyJ2IjoiMSJ9.Eno-3pT4ZhH3sPPabT7cSo-udsfQW29AVpi-WOzQl-UhnpOHkv9SLh4cxoLSh7YAdHjC7nxBIzFH1q6oIT8_C1nAkYQhhU7ejh2L4-g495a4MqprgiNpKp5S2-TxNHH2Ep1Hi5bJnk_3tYYtl45rDw-_DK_fE_2G3FaZwUeOczdJSxhW54wktl4cUVXXFlgU0ghf9sIemxH44_Ik_Dxf3oBkRWXwxPiSGaJHmAJotSM1ZyW33hJd9Hzm4Jh_qC-ySdCEav7G0d4eFAeLT9iKeTr8phws7ytEqt8u7xRWqxw.6VH9YV9gRZTATG33rMoVtLefM1WL7ZpzFFJiWdLmqDs&dib_tag=se&keywords=platform+sandals+women&qid=1783424001&sr=8-5,https://m.media-amazon.com/images/I/61l3YNTRtgL._AC_UL320_.jpg,67,排名靠前；价格处于人民币等值¥57.60-¥180.00黄金区间；评分达到4.3以上。
2026-07-07,amazon_us,product,best_sellers,Best Sellers Women Sandals,18,"FUNKYMONKEY Jelly Sandals for Women with Adjustable Buckle, Comfortable Chunky Slip-on Beach Slides, Waterproof Platform Shoes for Pool Shower Casual Wear",,4.1,$18.99,,,,,,https://www.amazon.com/FUNKYMONKEY-Comfort-Adjustable-Sandals-US-Women/dp/B07CV9YZBB/ref=zg_bs_g_679425011_d_sccl_18/135-3238873-6254037?psc=1,"https://images-na.ssl-images-amazon.com/images/I/51o3wxcasIL._AC_UL600_SR600,400_.jpg",66,排名进入前30；标题包含 platform、comfort、beach，符合美国女鞋舒适化趋势；platform + comfort组合趋势加分；评分达到4.0以上。
2026-07-07,amazon_us,product,search,platform sandals women,3,"Sorel Women's Sunpeak Platform Sandal, Honest Beige/Honest Beige, 12 Regular Sorel Women's Sunpeak Platform Sandal, Honest Bei…",¥936.00,4.7,,,,,,,https://aax-us-east-retail-direct.amazon.com/x/c/JKUn8iqnkbFdfv2izm-ZJdYAAAGfPFqnTAEAAAH2AQBvbm9fdHhuX2JpZDMgICBvbm9fdHhuX2ltcDIgICD7ifRe/clv1c_ek-wBfHXLcTWXmxhtw-AI4-UbjTDGkQUB7GzQBKgt_pPyUgrdrEPP5KGYhRaLtZujKJ0Ag86DxNrhrnWda5eQzEwe58xkC6DtotBxVzy_UAGTRlqq5Lbu3VoQ_pwkCZZ_U3rTkZCXwgFGR4ayKZFbkJZrMzs1lTpCk343jE6ZMaeX20pK-GnDsjFui0SfhehCgDeoCSrv0RM1PHbqkLgUrEpsXUfpO4e7AyN-gUdpdMC40TDqKJD7dZwprGOFqNjCLrIjrQ8WhBPYGlxspD6_J4GeJP87RT5f5-HiCQIcDHKKjgxsjycXmv70eI0_E5xmtFQby2rfZi0sH6qtXCvksHq1Tx2e-oXumTvcO41eV8w24zMrtflgcRQSF0PCxWv_s99zK4C3Y545DBbGnjUOJ_o9rQnZ2SUJ9oxyACnu1UB0fpTcgAoZNkFAdjkWau5xNdkZ2OFZDkHteXLodw_vkOmkhWrvWnAZKoSTP_OdckQmjEXH5_75q7RxtWRkb-qmV5jIyTPXg4GMxHGGDCDh_69oDhLfE6xa8zKZQOkogToNpEbp53jqB5IA7nNaQAJVSSfIDEJwf3Csv_I1fyaZnFgSUB5jZzKOwvbdzn8Tlo0ZCLv8XgP_OHjFPPSTgyE7jWfedhAH7UUJMVjztum9uPzhJkkZ8KXFcfkSmnlpp9KhwAgyiL5HeM3fr_wDm23Oz0nfN_4i9rouBxAUSl9SOR3QJe3Wo_Sa9zUwVVA0KKAnPKz4yafLB5NlBz8AeM-e5b-lNH2tNZP7DkLvR0EKKpICEqZkAGH9vQAuIhVXMtsnNCTxDq_ZVdDhEeQJxjosRYE3KcVSVFXV_RCPKGyY8CS4t4NLnTeuURwnvSQ6lY2jKlt-6qXVIQvTccCu3NcbNGEvy0gTvzCEC4sfFuono8zHCnQjMU3Sx2MKKNAZcbQgtaO3F_Rxs-xd33ZhKAV6ms30Ijqwl97QUOyhWXRkKaon4xY09iZFAtOR2YlvB-CDDYN1j7LFSefKl3sSrt7QB_UmTYNqoi7NAsvpHKFIFe-ku1HGUAK29ZvrsUWFpIVdq4SBK6rED6Y9-lvwd4qq6MqHYPBRso04V3i-SSBJ3Gz5K1XZi-xWldT2OZd0a1rDtVNdMt1PSR70RtLxPdnrbHtKLwoQ1SizmvH8DBsQ-ujqf-otteiRW1Uudaao6JmtbG3Prd8dmxic9Ycqu3cDQQLwnHD6Y_N0s0NhOnyHHHOdTBx3S27GThfFQfb_rPq3Bph8D8lvnmHVou4zVWdq18AkHZQdeCyuit11mOyBUSSxfxZmSu0F8JQlcQ_jLfwo1x1F32s2GZ71JklnaSwc2l0Svq-t9yQawJ6887FQ8jZmugXAnFeunkQEV62ZKRgsqmOsS-fMgSuBPGioYPdmUvXrR3mRESsfLUnZLcHW0nT8VW471qtUTmM3cxJuIZdPTtPJA_ROcWiYP6truGGIbHa3yQCE__UcHq6j_1toHhWewDcq5UtlC74RTelXd_jLpIIoULrEyHzwuMw1ElH0JshHAzqPZWU34FBcaYgGCK2PiJn-vamKyhu4YD2fZDFSzbBIVdu9xCypD-wu00yT79sha9T6yDJxCSOGNphNIzIGoNAUx7r-Sr5p8VDfsvheXJ3i-JvI1ThJfc4swTzeqM-Gw/https://www.amazon.com/gp/aw/d/B0F8DF6JD8/?_encoding=UTF8&pd_rd_plhdr=t&hsa_cr_id=0&qid=1783424001&sr=1-3-9e67e56a-6f64-441f-a281-df67fc737124&i=aps&aref=rDDkVfxPg8&ref_=sbx__sbtcd_asin_2_bkgd&pd_rd_w=wYJ6n&content-id=amzn1.sym.2fb72bc8-96ef-420d-b08f-c04b69f36507%3Aamzn1.sym.2fb72bc8-96ef-420d-b08f-c04b69f36507&pf_rd_p=2fb72bc8-96ef-420d-b08f-c04b69f36507&pf_rd_r=2KFH3PR3JA97BAKVM3V8&pd_rd_wg=E6xv9&pd_rd_r=ca2c38a0-8d97-4aa6-bbef-23d83a644211,"https://m.media-amazon.com/images/I/61jQ5aKvWfL._AC_SR160,134_CB1169409_QL70_.jpg",66,排名靠前；价格高于人民币等值¥288.00；标题包含 platform，符合美国女鞋舒适化趋势；评分达到4.6以上。
2026-07-07,amazon_us,product,search,platform sandals women,42,Platform Suede Sandals for Women Soft Cork Footbed Summer Slides with Adjustable Buckle,¥122.26,4.3,700+ bought in past month,,,,,,https://www.amazon.com/ORADO-Platform-Sandals-Footbed-Adjustable/dp/B0CYBQZHF4/ref=sr_1_39?dib=eyJ2IjoiMSJ9.Eno-3pT4ZhH3sPPabT7cSo-udsfQW29AVpi-WOzQl-UhnpOHkv9SLh4cxoLSh7YAdHjC7nxBIzFH1q6oIT8_C1nAkYQhhU7ejh2L4-g495a4MqprgiNpKp5S2-TxNHH2Ep1Hi5bJnk_3tYYtl45rDw-_DK_fE_2G3FaZwUeOczdJSxhW54wktl4cUVXXFlgU0ghf9sIemxH44_Ik_Dxf3oBkRWXwxPiSGaJHmAJotSM1ZyW33hJd9Hzm4Jh_qC-ySdCEav7G0d4eFAeLT9iKeTr8phws7ytEqt8u7xRWqxw.6VH9YV9gRZTATG33rMoVtLefM1WL7ZpzFFJiWdLmqDs&dib_tag=se&keywords=platform+sandals+women&qid=1783424001&sr=8-39,https://m.media-amazon.com/images/I/71S9BABQKnL._AC_UL320_.jpg,66,排名进入前50；评论数达到300以上；价格处于人民币等值¥57.60-¥180.00黄金区间；标题包含 platform、soft、summer，符合美国女鞋舒适化趋势；评分达到4.3以上。
2026-07-07,amazon_us,product,best_sellers,Best Sellers Women Sandals,10,OOFOS OOahh Recovery Slide - Women’s and Men’s,,4.4,$59.95,,,,,,https://www.amazon.com/OOFOS-Unisex-Ooahh-Slide-Sandal/dp/B00BRC4L14/ref=zg_bs_g_679425011_d_sccl_10/135-3238873-6254037?psc=1,"https://images-na.ssl-images-amazon.com/images/I/51NSD3PLF-L._AC_UL600_SR600,400_.jpg",65,排名靠前；评论数达到50以上；标题包含 recovery，符合美国女鞋舒适化趋势；评分达到4.3以上。
2026-07-07,amazon_us,product,new_releases,New Releases Women Sandals,20,"MellowSoft Cloud Slides for Women & Men – Ultra Soft CloudFoam Cushioning Slides, Thick Shock-Absorbing Sole, Lightweight Anti-Slip Recovery Sandals for Indoor & Outdoor Comfort",,1.0,$39.00,,,,,,https://www.amazon.com/MellowSoft-Cloud-Slides-Women-Shock-Absorbing/dp/B0H52VV17P/ref=zg_bsnr_g_679425011_d_sccl_20/146-1935481-6911605?psc=1,"https://images-na.ssl-images-amazon.com/images/I/51KGd55hl5L._AC_UL600_SR600,400_.jpg",65,排名进入前30；标题包含 cloud、recovery、comfort、soft，符合美国女鞋舒适化趋势；cloud + slides组合趋势加分。
2026-07-07,amazon_us,product,best_sellers,Best Sellers Women Sandals,2,"Archies Arch Support Flip Flops for Men & Women – Orthotic Sandals for Plantar Fasciitis Relief – Lightweight, Cushioning, Shock-Absorbing Thong Sandals for Walking, Foot Pain & All-Day Comfort",,4.3,$40.00,,,,,,https://www.amazon.com/Archies-Womens-Arch-Support-Black/dp/B086SYFKLP/ref=zg_bs_g_679425011_d_sccl_2/135-3238873-6254037?psc=1,"https://images-na.ssl-images-amazon.com/images/I/81xintmVcHL._AC_UL600_SR600,400_.jpg",64,排名靠前；标题包含 comfort、arch support，符合美国女鞋舒适化趋势；评分达到4.3以上。
2026-07-07,amazon_us,product,best_sellers,Best Sellers Women Sandals,4,mazeskin Women's Memory Foam Comfortable Flat Thong Sandals Dressy Summer Beach Leather Slide Flip Flops,,4.3,$9.99,,,,,,https://www.amazon.com/mazeskin-Womens-Comfortable-Sandals-Leather/dp/B0F32KMZ18/ref=zg_bs_g_679425011_d_sccl_4/135-3238873-6254037?psc=1,"https://images-na.ssl-images-amazon.com/images/I/71jV8GHPNSL._AC_UL600_SR600,400_.jpg",64,排名靠前；标题包含 comfort、beach、summer，符合美国女鞋舒适化趋势；评分达到4.3以上。
2026-07-07,amazon_us,product,best_sellers,Best Sellers Women Sandals,5,CUSHIONAIRE Lane Cork Footbed Womens Sandals Comfortable Double Buckle Slip On Sandals for Women with Arch Support and Classic Two Strap Design,,4.5,$28.49,,,,,,https://www.amazon.com/CUSHIONAIRE-Womens-Slide-Sandals-Brown/dp/B075PBVR9N/ref=zg_bs_g_679425011_d_sccl_5/135-3238873-6254037?psc=1,"https://images-na.ssl-images-amazon.com/images/I/81suZ76XHpL._AC_UL600_SR600,400_.jpg",64,排名靠前；标题包含 comfort、arch support，符合美国女鞋舒适化趋势；评分达到4.3以上。
2026-07-07,amazon_us,product,best_sellers,Best Sellers Women Sandals,3,Project Cloud Flip Flops for Women Footwear- Lightweight and Memory Foam Insole Sandals for Women 2026 - Durable Non-Slip Beach Essentials Flats for Women Sandals (Foundations),,4.3,$26.90,,,,,,https://www.amazon.com/Project-Cloud-Flip-flops-Women/dp/B0D2DV8PTH/ref=zg_bs_g_679425011_d_sccl_3/135-3238873-6254037?psc=1,"https://images-na.ssl-images-amazon.com/images/I/71C3a048GxL._AC_UL600_SR600,400_.jpg",63,排名靠前；标题包含 cloud、beach，符合美国女鞋舒适化趋势；评分达到4.3以上。
2026-07-07,amazon_us,product,new_releases,New Releases Women Sandals,6,Project Cloud Square Toe Flip Flops For Women Footwear - Non Slip with Memory Foam Insole Beach Essentials Womens Sandals - Lightweight Thong Sandals Women (DEDICATION),,4.4,$26.90,,,,,,https://www.amazon.com/Project-Cloud-Square-Flops-Footwear/dp/B0GY6CNC29/ref=zg_bsnr_g_679425011_d_sccl_6/146-1935481-6911605?psc=1,"https://images-na.ssl-images-amazon.com/images/I/71nllf30glL._AC_UL600_SR600,400_.jpg",63,排名靠前；标题包含 cloud、beach，符合美国女鞋舒适化趋势；评分达到4.3以上。
2026-07-07,amazon_us,product,best_sellers,Best Sellers Women Sandals,40,Athlefit Women's Orthopedic Arch Support Sandals Comfortable Thong T-Strap Orthotic Casual Flat Sandals,,4.3,$30.56,,,,,,https://www.amazon.com/Athlefit-Orthopedic-Support-Sandals-Adjustable/dp/B0CQYB2MRD/ref=zg_bs_g_679425011_d_sccl_40/146-1935481-6911605?psc=1,"https://images-na.ssl-images-amazon.com/images/I/61i6aJbj0IL._AC_UL300_SR300,200_.jpg",62,排名进入前50；标题包含 orthopedic、comfort、arch support，符合美国女鞋舒适化趋势；orthopedic + arch support组合趋势加分；评分达到4.3以上。
2026-07-07,amazon_us,product,new_releases,New Releases Women Sandals,36,COFACE Womens Fashion Orthopedic Flip Flops Comfortable Plantar Fasciitis Arch Support Lightweight Thick Yoga Mat Cushion Recovery Walking Thong Sandals Adjustable Summer Beach Slippers,,4.3,$29.39,,,,,,https://www.amazon.com/COFACE-Orthopedic-Comfortable-Fasciitis-Recovery/dp/B0GJ3VBQC3/ref=zg_bsnr_g_679425011_d_sccl_36/146-1935481-6911605?psc=1,"https://images-na.ssl-images-amazon.com/images/I/71L9Bm05AFL._AC_UL300_SR300,200_.jpg",62,排名进入前50；标题包含 recovery、orthopedic、comfort、arch support、beach、summer，符合美国女鞋舒适化趋势；orthopedic + arch support组合趋势加分；评分达到4.3以上。
2026-07-07,amazon_us,product,search,women summer slippers,12,"Women's Open Toe House Slippers – Breathable Waffle Fabric, Memory Foam Cushioning, Slip-On Summer Indoor Slippers, Non-Slip TPR Sole, Easy Care",¥79.13,4.2,100+ bought in past month,,,,,,https://www.amazon.com/Yoerpe-Womens-House-Slippers-Slip/dp/B0DRNTXHFS/ref=sr_1_12?dib=eyJ2IjoiMSJ9.eryIOQYLmpfoJ5akPXBuO7sOS6ntc4QruTbqDWb3OBOQn_myWp8a9LOIVfyKSOy0EzJPqVSewteBaa1pbSDDv7FkwlxKyH2U3zsRnD7GCEqIAkwfAR6ukf09NdIy2nDTSkMY8bMDfvWy5UGlwBc4DwQVkpF7pXzjuoy0nw4EU5VtoUOKs4ijt9KW_PZ4nxfZtWrfFt3RUpTvjXP-3ubrbn25t9NsQDHClb1alKvwjzF82m-3LlCmtL2g9MxHG1szxBEIjAwBM4xeMR6BjTutCBbUXLs7m3ui27tH-iSqa4I.8aoP0JOW3VPvShmjrcI8oyzKM9ab5vK4t6sZYkPyuoY&dib_tag=se&keywords=women+summer+slippers&qid=1783424000&sr=8-12,https://m.media-amazon.com/images/I/81KV6CQuzNL._AC_UL320_.jpg,62,排名进入前30；评论数达到50以上；价格处于人民币等值¥57.60-¥180.00黄金区间；标题包含 summer，符合美国女鞋舒适化趋势；评分达到4.0以上。
2026-07-07,amazon_us,product,search,women slides,8,CUSHIONAIRE,¥184.61,4.4,CUSHIONAIRE,,,,,,https://www.amazon.com/CUSHIONAIRE-Womens-Feather-recovery-Comfort/dp/B0BTQ7ZS7B/ref=sr_1_5?dib=eyJ2IjoiMSJ9.wrqHnvIFpzxZDCy1gVq3f2HcNswV2RaHhxwkGjsTd_XuNiUmGi-M-lWtR9c2N2re6Xw3wrFItUvsbQKqG_DbrXAIB3PBBMlTgzufnVHZ6bPV0AfCvLiusJgvsRVsSCpdtNoA4_-EtsTsLI3hnvfltwNmgtDP0F6xSpoEFBRvc093OKeX5vhblSWuvZseXfCGUqAFLNIUpbTUz_c4-_jM_qWCITTfUPwqdrZ9OCsf_4ZMGtMW86vOOvCjVmMlJj45eynDQpuGfsVLWGBjhZUFFUFowMHm5WZ2pDFB-NuSnXk.SoH3lsf2fUFJzM6ytFMUJ41DhvK_wNZPfbC8wzI4bFw&dib_tag=se&keywords=women+slides&qid=1783424001&sr=8-5,https://m.media-amazon.com/images/I/81PBXKFp76L._AC_UL320_.jpg,62,排名靠前；价格处于人民币等值¥180.00-¥288.00区间；评分达到4.3以上。
2026-07-07,amazon_us,product,best_sellers,Best Sellers Women Sandals,9,"ODOLY Unisex Cork Footbed Slide Sandal, Arch Support Summer Outdoor Sandals with Adjustable Buckle for Women and Men",,4.5,$17.99,,,,,,https://www.amazon.com/ODOLY-Footbed-Comfortable-Sandals-Adjustable/dp/B0CSMN1X4W/ref=zg_bs_g_679425011_d_sccl_9/135-3238873-6254037?psc=1,"https://images-na.ssl-images-amazon.com/images/I/61iYsM+H9QL._AC_UL600_SR600,400_.jpg",61,排名靠前；标题包含 arch support、summer，符合美国女鞋舒适化趋势；评分达到4.3以上。
2026-07-07,amazon_us,product,new_releases,New Releases Women Sandals,8,"CUSHIONAIRE Expo Thong Sandals for Women, Comfortable Slingback Sandals with Arch Support and Cushioned Footbed",,4.2,$39.99,,,,,,https://www.amazon.com/CUSHIONAIRE-Comfortable-Slingback-Cushioned-CHOCOLATE/dp/B0GZJBNK94/ref=zg_bsnr_g_679425011_d_sccl_8/146-1935481-6911605?psc=1,"https://images-na.ssl-images-amazon.com/images/I/71P3k5SiVZL._AC_UL600_SR600,400_.jpg",61,排名靠前；标题包含 comfort、arch support，符合美国女鞋舒适化趋势；评分达到4.0以上。
2026-07-07,amazon_us,product,search,platform sandals women,2,"Sorel Women's Sunpeak Wedge Ankle Strap, Iced Tea/Snow, 7.5 Regular Sorel Women's Sunpeak Wedge Ankle Strap, Iced Tea…",¥810.00,4.9,,,,,,,https://aax-us-east-retail-direct.amazon.com/x/c/JKUn8iqnkbFdfv2izm-ZJdYAAAGfPFqnTAEAAAH2AQBvbm9fdHhuX2JpZDMgICBvbm9fdHhuX2ltcDIgICD7ifRe/clv1c_ek-wBfHXLcTWXmxhtw-AI4-UbjTDGkQUB7GzQBKgt_pPyUgrdrEPP5KGYhRaLtZujKJ0Ag86DxNrhrnWda5eQzEwe58xkC6DtotBxVzy_UAGTRlqq5Lbu3VoQ_pwkCZZ_U3rTkZCXwgFGR4ayKZFbkJZrMzs1lTpCk343jE6ZMaeX20pK-GnDsjFui0SfhehCgDeoCSrv0RM1PHbqkLgUrEpsXUfpO4e7AyN-gUdpdMC40TDqKJD7dZwprGOFqNjCLrIjrQ8WhBPYGlxspD6_J4GeJP87RT5f5-HiCQIcDHKKjgxsjycXmv70eI0_E5xmtFQby2rfZi0sH6qtXCvksHq1Tx2e-oXumTvcO41eV8w24zMrtflgcRQSF0PCxWv_s99zK4C3Y545DBbGnjUOJ_o9rQnZ2SUJ9oxyACnu1UB0fpTcgAoZNkFAdjkWau5xNdkZ2OFZDkHteXLodw_vkOmkhWrvWnAZKoSTP_OdckQmjEXH5_75q7RxtWRkb-qmV5jIyTPXg4GMxHGGDCDh_69oDhLfE6xa8zKZQOkogToNpEbp53jqB5IA7nNaQAJVSSfIDEJwf3Csv_I1fyaZnFgSUB5jZzKOwvbdzn8Tlo0ZCLv8XgP_OHjFPPSTgyE7jWfedhAH7UUJMVjztum9uPzhJkkZ8KXFcfkSmnlpp9KhwAgyiL5HeM3fr_wDm23Oz0nfN_4i9rouBxAUSl9SOR3QJe3Wo_Sa9zUwVVA0KKAnPKz4yafLB5NlBz8AeM-e5b-lNH2tNZP7DkLvR0EKKpICEqZkAGH9vQAuIhVXMtsnNCTxDq_ZVdDhEeQJxjosRYE3KcVSVFXV_RCPKGyY8CS4t4NLnTeuURwnvSQ6lY2jKlt-6qXVIQvTccCu3NcbNGEvy0gTvzCEC4sfFuono8zHCnQjMU3Sx2MKKNAZcbQgtaO3F_Rxs-xd33ZhKAV6ms30Ijqwl97QUOyhWXRkKaon4xY09iZFAtOR2YlvB-CDDYN1j7LFSefKl3sSrt7QB_UmTYNqoi7NAsvpHKFIFe-ku1HGUAK29ZvrsUWFpIVdq4SBK6rED6Y9-lvwd4qq6MqHYPBRso04V3i-SSBJ3Gz5K1XZi-xWldT2OZd0a1rDtVNdMt1PSR70RtLxPdnrbHtKLwoQ1SizmvH8DBsQ-ujqf-otteiRW1Uudaao6JmtbG3Prd8dmxic9Ycqu3cDQQLwnHD6Y_N0s0NhOnyHHHOdTBx3S27GThfFQfb_rPq3Bph8D8lvnmHVou4zVWdq18AkHZQdeCyuit11mOyBUSSxfxZmSu0F8JQlcQ_jLfwo1x1F32s2GZ71JklnaSwc2l0Svq-t9yQawJ6887FQ8jZmugXAnFeunkQEV62ZKRgsqmOsS-fMgSuBPGioYPdmUvXrR3mRESsfLUnZLcHW0nT8VW471qtUTmM3cxJuIZdPTtPJA_ROcWiYP6truGGIbHa3yQCE__UcHq6j_1toHhWewDcq5UtlC74RTelXd_jLpIIoULrEyHzwuMw1ElH0JshHAzqPZWU34FBcaYgGCK2PiJn-vamKyhu4YD2fZDFSzbBIVdu9xCypD-wu00yT79sha9T6yDJxCSOGNphNIzIGoNAUx7r-Sr5p8VDfsvheXJ3i-JvI1ThJfc4swTzeqM-Gw/https://www.amazon.com/gp/aw/d/B0F8D6PCQL/?_encoding=UTF8&pd_rd_plhdr=t&hsa_cr_id=0&qid=1783424001&sr=1-2-9e67e56a-6f64-441f-a281-df67fc737124&i=aps&aref=rDDkVfxPg8&ref_=sbx__sbtcd_asin_1_bkgd&pd_rd_w=wYJ6n&content-id=amzn1.sym.2fb72bc8-96ef-420d-b08f-c04b69f36507%3Aamzn1.sym.2fb72bc8-96ef-420d-b08f-c04b69f36507&pf_rd_p=2fb72bc8-96ef-420d-b08f-c04b69f36507&pf_rd_r=2KFH3PR3JA97BAKVM3V8&pd_rd_wg=E6xv9&pd_rd_r=ca2c38a0-8d97-4aa6-bbef-23d83a644211,"https://m.media-amazon.com/images/I/71-mn-Y6B1L._AC_SR160,134_CB1169409_QL70_.jpg",61,排名靠前；价格高于人民币等值¥288.00；标题包含 wedge，符合美国女鞋舒适化趋势；评分达到4.6以上。
2026-07-07,amazon_us,product,best_sellers,Best Sellers Women Sandals,15,ONCAI Women's Flip Flops Comfortable Arch Support Yoga Mat Summer Beach Walking Thong Cushion Sandals Ladies Outdoor Vacation Essentials Slide Shoes Rubber Soles US Size 5-11,,4.3,$13.98,,,,,,https://www.amazon.com/ONCAI-Support-Athletic-Orthotic-Fasciitis/dp/B0D2292JM9/ref=zg_bs_g_679425011_d_sccl_15/135-3238873-6254037?psc=1,"https://images-na.ssl-images-amazon.com/images/I/71iVIX1IyIL._AC_UL600_SR600,400_.jpg",60,排名进入前30；标题包含 comfort、arch support、beach、summer，符合美国女鞋舒适化趋势；评分达到4.3以上。
2026-07-07,amazon_us,product,search,women summer slippers,18,GOEWY,¥136.73,4.9,GOEWY,,,,,,https://www.amazon.com/GOEWY-Slippers-Breathable-Birthday-Checkered/dp/B0GVYCBV2P/ref=sr_1_18?dib=eyJ2IjoiMSJ9.eryIOQYLmpfoJ5akPXBuO7sOS6ntc4QruTbqDWb3OBOQn_myWp8a9LOIVfyKSOy0EzJPqVSewteBaa1pbSDDv7FkwlxKyH2U3zsRnD7GCEqIAkwfAR6ukf09NdIy2nDTSkMY8bMDfvWy5UGlwBc4DwQVkpF7pXzjuoy0nw4EU5VtoUOKs4ijt9KW_PZ4nxfZtWrfFt3RUpTvjXP-3ubrbn25t9NsQDHClb1alKvwjzF82m-3LlCmtL2g9MxHG1szxBEIjAwBM4xeMR6BjTutCBbUXLs7m3ui27tH-iSqa4I.8aoP0JOW3VPvShmjrcI8oyzKM9ab5vK4t6sZYkPyuoY&dib_tag=se&keywords=women+summer+slippers&qid=1783424000&sr=8-18,https://m.media-amazon.com/images/I/71prwg4iI5L._AC_UL320_.jpg,60,排名进入前30；价格处于人民币等值¥57.60-¥180.00黄金区间；评分达到4.6以上。
2026-07-07,amazon_us,product,best_sellers,Best Sellers Women Sandals,25,KuaiLu Womens Fashion Orthotic Slides Ladies Athletic Yoga Mat Memory Foam Walking Sandals Thick Cushion Recovery Summer Beach Slippers Comfortable Plantar Fasciitis Arch Support,,4.0,$23.99,,,,,,https://www.amazon.com/Orthotic-Lightweight-Athletic-Comfortable-Fasciitis/dp/B092ZS2B5S/ref=zg_bs_g_679425011_d_sccl_25/135-3238873-6254037?psc=1,"https://images-na.ssl-images-amazon.com/images/I/71Rxka3CPTL._AC_UL600_SR600,400_.jpg",59,排名进入前30；标题包含 recovery、comfort、arch support、beach、summer，符合美国女鞋舒适化趋势；评分达到4.0以上。
2026-07-07,amazon_us,product,best_sellers,Best Sellers Women Sandals,28,"Reef Cushion Vista Hi Womens Platform Fashion Sandal, Arch Support, Ultra Soft Cushion Footbed",,4.4,$49.31,,,,,,https://www.amazon.com/Reef-Sandals-Cushion-Platform-Footbed/dp/B07WWTCM9T/ref=zg_bs_g_679425011_d_sccl_28/135-3238873-6254037?psc=1,"https://images-na.ssl-images-amazon.com/images/I/61Uv1VDRdFL._AC_UL600_SR600,400_.jpg",59,排名进入前30；标题包含 platform、arch support、soft，符合美国女鞋舒适化趋势；评分达到4.3以上。
2026-07-07,amazon_us,product,search,women slides,34,"Arch Support Slides Comfortable Beach Pool Slippers, Lightweight Indoor Outdoor Slide Shower Bathroom Sandals Quick Drying",¥71.93,4.0,100+ bought in past month,,,,,,https://www.amazon.com/INUUINUU-Comfortable-Slippers-Lightweight-Bathroom/dp/B0GLGC8BGQ/ref=sr_1_31?dib=eyJ2IjoiMSJ9.wrqHnvIFpzxZDCy1gVq3f2HcNswV2RaHhxwkGjsTd_XuNiUmGi-M-lWtR9c2N2re6Xw3wrFItUvsbQKqG_DbrXAIB3PBBMlTgzufnVHZ6bPV0AfCvLiusJgvsRVsSCpdtNoA4_-EtsTsLI3hnvfltwNmgtDP0F6xSpoEFBRvc093OKeX5vhblSWuvZseXfCGUqAFLNIUpbTUz_c4-_jM_qWCITTfUPwqdrZ9OCsf_4ZMGtMW86vOOvCjVmMlJj45eynDQpuGfsVLWGBjhZUFFUFowMHm5WZ2pDFB-NuSnXk.SoH3lsf2fUFJzM6ytFMUJ41DhvK_wNZPfbC8wzI4bFw&dib_tag=se&keywords=women+slides&qid=1783424001&sr=8-31,https://m.media-amazon.com/images/I/71ao+6pV3pL._AC_UL320_.jpg,59,排名进入前50；评论数达到50以上；价格处于人民币等值¥57.60-¥180.00黄金区间；标题包含 comfort、arch support、beach，符合美国女鞋舒适化趋势；评分达到4.0以上。
2026-07-07,amazon_us,product,search,platform sandals women,5,CUSHIONAIRE,¥273.46,4.2,CUSHIONAIRE,,,,,,https://www.amazon.com/CUSHIONAIRE-Womens-platform-sandal-Memory/dp/B09M96YX6M/ref=sr_1_2?dib=eyJ2IjoiMSJ9.Eno-3pT4ZhH3sPPabT7cSo-udsfQW29AVpi-WOzQl-UhnpOHkv9SLh4cxoLSh7YAdHjC7nxBIzFH1q6oIT8_C1nAkYQhhU7ejh2L4-g495a4MqprgiNpKp5S2-TxNHH2Ep1Hi5bJnk_3tYYtl45rDw-_DK_fE_2G3FaZwUeOczdJSxhW54wktl4cUVXXFlgU0ghf9sIemxH44_Ik_Dxf3oBkRWXwxPiSGaJHmAJotSM1ZyW33hJd9Hzm4Jh_qC-ySdCEav7G0d4eFAeLT9iKeTr8phws7ytEqt8u7xRWqxw.6VH9YV9gRZTATG33rMoVtLefM1WL7ZpzFFJiWdLmqDs&dib_tag=se&keywords=platform+sandals+women&qid=1783424001&sr=8-2,https://m.media-amazon.com/images/I/71oz-qD6L5L._AC_UL320_.jpg,59,排名靠前；价格处于人民币等值¥180.00-¥288.00区间；评分达到4.0以上。
2026-07-07,amazon_us,product,search,platform sandals women,6,IDIFU,¥236.02,4.2,IDIFU,,,,,,https://www.amazon.com/IDIFU-Platform-Sandals-Comfortable-Cushioned/dp/B0GXV5TRTY/ref=sr_1_3?dib=eyJ2IjoiMSJ9.Eno-3pT4ZhH3sPPabT7cSo-udsfQW29AVpi-WOzQl-UhnpOHkv9SLh4cxoLSh7YAdHjC7nxBIzFH1q6oIT8_C1nAkYQhhU7ejh2L4-g495a4MqprgiNpKp5S2-TxNHH2Ep1Hi5bJnk_3tYYtl45rDw-_DK_fE_2G3FaZwUeOczdJSxhW54wktl4cUVXXFlgU0ghf9sIemxH44_Ik_Dxf3oBkRWXwxPiSGaJHmAJotSM1ZyW33hJd9Hzm4Jh_qC-ySdCEav7G0d4eFAeLT9iKeTr8phws7ytEqt8u7xRWqxw.6VH9YV9gRZTATG33rMoVtLefM1WL7ZpzFFJiWdLmqDs&dib_tag=se&keywords=platform+sandals+women&qid=1783424001&sr=8-3,https://m.media-amazon.com/images/I/71OEoyMZHAL._AC_UL320_.jpg,59,排名靠前；价格处于人民币等值¥180.00-¥288.00区间；评分达到4.0以上。
2026-07-07,amazon_us,product,new_releases,New Releases Women Sandals,2,"CUSHIONAIRE Siesta Modern Lattice Ballet Flats for Women, Comfortable Slip On Pointed Toe Womens Jelly Shoes",,4.3,$39.98,,,,,,https://www.amazon.com/CUSHIONAIRE-Siesta-Lattice-Comfortable-Pointed/dp/B0GYQ3JK18/ref=zg_bsnr_g_679425011_d_sccl_2/146-1935481-6911605?psc=1,"https://images-na.ssl-images-amazon.com/images/I/81aIqaR3TYL._AC_UL600_SR600,400_.jpg",58,排名靠前；标题包含 comfort，符合美国女鞋舒适化趋势；评分达到4.3以上。
2026-07-07,amazon_us,product,new_releases,New Releases Women Sandals,5,adidas Unisex Adult Adilette Comfort 2.0 Slide,,4.5,$28.36,,,,,,https://www.amazon.com/adidas-Unisex-Adilette-Comfort-Sandal/dp/B0F2B84XX9/ref=zg_bsnr_g_679425011_d_sccl_5/146-1935481-6911605?psc=1,"https://images-na.ssl-images-amazon.com/images/I/51qn7G+PVyL._AC_UL600_SR600,400_.jpg",58,排名靠前；标题包含 comfort，符合美国女鞋舒适化趋势；评分达到4.3以上。
2026-07-07,amazon_us,product,new_releases,New Releases Women Sandals,10,"CUSHIONAIRE Lab Jelly Flats for Women, Closed Toe Slip On Lightweight Womens Mules with Woven Design and Cushioned Comfort",,4.4,$39.99,,,,,,https://www.amazon.com/CUSHIONAIRE-Lightweight-Cushioned-Comfort-CHOCOLATE/dp/B0GXLQJB8T/ref=zg_bsnr_g_679425011_d_sccl_10/146-1935481-6911605?psc=1,"https://images-na.ssl-images-amazon.com/images/I/81yCFR3A49L._AC_UL600_SR600,400_.jpg",58,排名靠前；标题包含 comfort，符合美国女鞋舒适化趋势；评分达到4.3以上。
2026-07-07,amazon_us,product,search,platform sandals women,4,Crocs,¥395.64,4.6,Products highlighted as 'Overall Pick' are:,,,,,,https://www.amazon.com/Crocs-Brooklyn-Low-Wedge-Black/dp/B07YQRHTG4/ref=sr_1_1?dib=eyJ2IjoiMSJ9.Eno-3pT4ZhH3sPPabT7cSo-udsfQW29AVpi-WOzQl-UhnpOHkv9SLh4cxoLSh7YAdHjC7nxBIzFH1q6oIT8_C1nAkYQhhU7ejh2L4-g495a4MqprgiNpKp5S2-TxNHH2Ep1Hi5bJnk_3tYYtl45rDw-_DK_fE_2G3FaZwUeOczdJSxhW54wktl4cUVXXFlgU0ghf9sIemxH44_Ik_Dxf3oBkRWXwxPiSGaJHmAJotSM1ZyW33hJd9Hzm4Jh_qC-ySdCEav7G0d4eFAeLT9iKeTr8phws7ytEqt8u7xRWqxw.6VH9YV9gRZTATG33rMoVtLefM1WL7ZpzFFJiWdLmqDs&dib_tag=se&keywords=platform+sandals+women&qid=1783424001&sr=8-1,https://m.media-amazon.com/images/I/7146HmICxBL._AC_UL320_.jpg,58,排名靠前；价格高于人民币等值¥288.00；评分达到4.6以上。
2026-07-07,amazon_us,product,best_sellers,Best Sellers Women Sandals,17,KuaiLu Womens Arch Support Flip Flops Comfortable Yoga Mat Slip on Summer Beach Walking Thong Cushion Sandals,,4.2,$13.98,,,,,,https://www.amazon.com/KuaiLu-Support-Comfortable-Cushion-Walking/dp/B08GKGCH2R/ref=zg_bs_g_679425011_d_sccl_17/135-3238873-6254037?psc=1,"https://images-na.ssl-images-amazon.com/images/I/81-DUybjK+L._AC_UL600_SR600,400_.jpg",57,排名进入前30；标题包含 comfort、arch support、beach、summer，符合美国女鞋舒适化趋势；评分达到4.0以上。
2026-07-07,amazon_us,product,best_sellers,Best Sellers Women Sandals,21,KuaiLu Womens Arch Support Flip Flops Ladies Comfort Lightweight Soft Yoga Mat Cushion Walking Thong Sandals,,4.5,$15.98,,,,,,https://www.amazon.com/KuaiLu-Comfortable-Waterproof-Supportive-Flipflops/dp/B0CTML36SJ/ref=zg_bs_g_679425011_d_sccl_21/135-3238873-6254037?psc=1,"https://images-na.ssl-images-amazon.com/images/I/71FLg8v7ZyL._AC_UL600_SR600,400_.jpg",57,排名进入前30；标题包含 comfort、arch support、soft，符合美国女鞋舒适化趋势；评分达到4.3以上。
2026-07-07,amazon_us,product,best_sellers,Best Sellers Women Sandals,22,UBFEN Womens Hiking Comfort Sport Sandals Beach Vacation Camping Casual Sport Sandals with Adjustable Straps and Arch Support,,4.5,$39.97,,,,,,https://www.amazon.com/UBFEN-Sandals-Adjustable-Support-Vacation/dp/B0DQ7YQ2MD/ref=zg_bs_g_679425011_d_sccl_22/135-3238873-6254037?psc=1,"https://images-na.ssl-images-amazon.com/images/I/71kBI1vUNtL._AC_UL600_SR600,400_.jpg",57,排名进入前30；标题包含 comfort、arch support、beach，符合美国女鞋舒适化趋势；评分达到4.3以上。
2026-07-07,amazon_us,product,new_releases,New Releases Women Sandals,37,SHIBEVER Women's Wedge Sandals Espadrille: Arch Support for All-Day Comfort | Dressy Low Heels Platform Sandals for Summer Vacation Beach Wedges Outdoors Shoes Size 6-11,,4.4,$39.59,,,,,,https://www.amazon.com/SHIBEVER-Sandals-Comfortable-Support-All-Day/dp/B0GYP6WDQ7/ref=zg_bsnr_g_679425011_d_sccl_37/146-1935481-6911605?psc=1,"https://images-na.ssl-images-amazon.com/images/I/71mGbHBwXQL._AC_UL300_SR300,200_.jpg",57,排名进入前50；标题包含 platform、comfort、arch support、beach、summer、wedge，符合美国女鞋舒适化趋势；platform + comfort组合趋势加分；评分达到4.3以上。
2026-07-07,amazon_us,product,new_releases,New Releases Women Sandals,38,UBFEN Womens Platform Sandals Comfortable Arch Support for Summer Dressy Casual Lightweight Chunky Heel 2 Adjustable Straps,,4.4,$26.99,,,,,,https://www.amazon.com/UBFEN-Platform-Comfortable-Lightweight-Adjustable/dp/B0GY43CQ2W/ref=zg_bsnr_g_679425011_d_sccl_38/146-1935481-6911605?psc=1,"https://images-na.ssl-images-amazon.com/images/I/61uneAduWOL._AC_UL300_SR300,200_.jpg",57,排名进入前50；标题包含 platform、comfort、arch support、summer，符合美国女鞋舒适化趋势；platform + comfort组合趋势加分；评分达到4.3以上。
2026-07-07,amazon_us,product,search,women summer slippers,14,IPSAE,¥71.93,4.4,IPSAE,,,,,,https://www.amazon.com/IPSAE-Slippers-Corduroy-Slipper-Bedroom/dp/B0DB4W73J3/ref=sr_1_14?dib=eyJ2IjoiMSJ9.eryIOQYLmpfoJ5akPXBuO7sOS6ntc4QruTbqDWb3OBOQn_myWp8a9LOIVfyKSOy0EzJPqVSewteBaa1pbSDDv7FkwlxKyH2U3zsRnD7GCEqIAkwfAR6ukf09NdIy2nDTSkMY8bMDfvWy5UGlwBc4DwQVkpF7pXzjuoy0nw4EU5VtoUOKs4ijt9KW_PZ4nxfZtWrfFt3RUpTvjXP-3ubrbn25t9NsQDHClb1alKvwjzF82m-3LlCmtL2g9MxHG1szxBEIjAwBM4xeMR6BjTutCBbUXLs7m3ui27tH-iSqa4I.8aoP0JOW3VPvShmjrcI8oyzKM9ab5vK4t6sZYkPyuoY&dib_tag=se&keywords=women+summer+slippers&qid=1783424000&sr=8-14,https://m.media-amazon.com/images/I/71GcxKVQLUL._AC_UL320_.jpg,57,排名进入前30；价格处于人民币等值¥57.60-¥180.00黄金区间；评分达到4.3以上。
2026-07-07,amazon_us,product,search,women summer slippers,15,ULTRAIDEAS,¥102.53,4.5,ULTRAIDEAS,,,,,,https://www.amazon.com/ULTRAIDEAS-Slippers-Bowknot-Outdoor-Anti-Skid/dp/B07MZ3H6MN/ref=sr_1_15?dib=eyJ2IjoiMSJ9.eryIOQYLmpfoJ5akPXBuO7sOS6ntc4QruTbqDWb3OBOQn_myWp8a9LOIVfyKSOy0EzJPqVSewteBaa1pbSDDv7FkwlxKyH2U3zsRnD7GCEqIAkwfAR6ukf09NdIy2nDTSkMY8bMDfvWy5UGlwBc4DwQVkpF7pXzjuoy0nw4EU5VtoUOKs4ijt9KW_PZ4nxfZtWrfFt3RUpTvjXP-3ubrbn25t9NsQDHClb1alKvwjzF82m-3LlCmtL2g9MxHG1szxBEIjAwBM4xeMR6BjTutCBbUXLs7m3ui27tH-iSqa4I.8aoP0JOW3VPvShmjrcI8oyzKM9ab5vK4t6sZYkPyuoY&dib_tag=se&keywords=women+summer+slippers&qid=1783424000&sr=8-15,https://m.media-amazon.com/images/I/71cvxwhDe7L._AC_UL320_.jpg,57,排名进入前30；价格处于人民币等值¥57.60-¥180.00黄金区间；评分达到4.3以上。
2026-07-07,amazon_us,product,search,women summer slippers,19,FITORY,¥143.71,4.3,FITORY,,,,,,https://www.amazon.com/FITORY-Sandals-Fashion-Leather-Slippers/dp/B0BN3GQFKN/ref=sr_1_19?dib=eyJ2IjoiMSJ9.eryIOQYLmpfoJ5akPXBuO7sOS6ntc4QruTbqDWb3OBOQn_myWp8a9LOIVfyKSOy0EzJPqVSewteBaa1pbSDDv7FkwlxKyH2U3zsRnD7GCEqIAkwfAR6ukf09NdIy2nDTSkMY8bMDfvWy5UGlwBc4DwQVkpF7pXzjuoy0nw4EU5VtoUOKs4ijt9KW_PZ4nxfZtWrfFt3RUpTvjXP-3ubrbn25t9NsQDHClb1alKvwjzF82m-3LlCmtL2g9MxHG1szxBEIjAwBM4xeMR6BjTutCBbUXLs7m3ui27tH-iSqa4I.8aoP0JOW3VPvShmjrcI8oyzKM9ab5vK4t6sZYkPyuoY&dib_tag=se&keywords=women+summer+slippers&qid=1783424000&sr=8-19,https://m.media-amazon.com/images/I/61cA2WpKDqL._AC_UL320_.jpg,57,排名进入前30；价格处于人民币等值¥57.60-¥180.00黄金区间；评分达到4.3以上。
2026-07-07,amazon_us,product,search,women summer slippers,20,EverFoams,¥150.62,4.5,EverFoams,,,,,,https://www.amazon.com/EverFoams-Womens-Slippers-Memory-Outdoor/dp/B0CLGMLRK3/ref=sr_1_20?dib=eyJ2IjoiMSJ9.eryIOQYLmpfoJ5akPXBuO7sOS6ntc4QruTbqDWb3OBOQn_myWp8a9LOIVfyKSOy0EzJPqVSewteBaa1pbSDDv7FkwlxKyH2U3zsRnD7GCEqIAkwfAR6ukf09NdIy2nDTSkMY8bMDfvWy5UGlwBc4DwQVkpF7pXzjuoy0nw4EU5VtoUOKs4ijt9KW_PZ4nxfZtWrfFt3RUpTvjXP-3ubrbn25t9NsQDHClb1alKvwjzF82m-3LlCmtL2g9MxHG1szxBEIjAwBM4xeMR6BjTutCBbUXLs7m3ui27tH-iSqa4I.8aoP0JOW3VPvShmjrcI8oyzKM9ab5vK4t6sZYkPyuoY&dib_tag=se&keywords=women+summer+slippers&qid=1783424000&sr=8-20,https://m.media-amazon.com/images/I/71LrwEKwjJL._AC_UL320_.jpg,57,排名进入前30；价格处于人民币等值¥57.60-¥180.00黄金区间；评分达到4.3以上。
2026-07-07,amazon_us,product,search,women summer slippers,23,isotoner,¥125.42,4.3,isotoner,,,,,,https://www.amazon.com/isotoner-Outdoor-Slippers-Comfort-Support/dp/B00OLKGOUK/ref=sr_1_23?dib=eyJ2IjoiMSJ9.eryIOQYLmpfoJ5akPXBuO7sOS6ntc4QruTbqDWb3OBOQn_myWp8a9LOIVfyKSOy0EzJPqVSewteBaa1pbSDDv7FkwlxKyH2U3zsRnD7GCEqIAkwfAR6ukf09NdIy2nDTSkMY8bMDfvWy5UGlwBc4DwQVkpF7pXzjuoy0nw4EU5VtoUOKs4ijt9KW_PZ4nxfZtWrfFt3RUpTvjXP-3ubrbn25t9NsQDHClb1alKvwjzF82m-3LlCmtL2g9MxHG1szxBEIjAwBM4xeMR6BjTutCBbUXLs7m3ui27tH-iSqa4I.8aoP0JOW3VPvShmjrcI8oyzKM9ab5vK4t6sZYkPyuoY&dib_tag=se&keywords=women+summer+slippers&qid=1783424000&sr=8-23,https://m.media-amazon.com/images/I/71c6V9jox-L._AC_UL320_.jpg,57,排名进入前30；价格处于人民币等值¥57.60-¥180.00黄金区间；评分达到4.3以上。
2026-07-07,amazon_us,product,search,women summer slippers,25,KuaiLu,¥115.06,4.5,KuaiLu,,,,,,https://www.amazon.com/KuaiLu-Comfortable-Waterproof-Supportive-Flipflops/dp/B0CTML36SJ/ref=sr_1_25?dib=eyJ2IjoiMSJ9.eryIOQYLmpfoJ5akPXBuO7sOS6ntc4QruTbqDWb3OBOQn_myWp8a9LOIVfyKSOy0EzJPqVSewteBaa1pbSDDv7FkwlxKyH2U3zsRnD7GCEqIAkwfAR6ukf09NdIy2nDTSkMY8bMDfvWy5UGlwBc4DwQVkpF7pXzjuoy0nw4EU5VtoUOKs4ijt9KW_PZ4nxfZtWrfFt3RUpTvjXP-3ubrbn25t9NsQDHClb1alKvwjzF82m-3LlCmtL2g9MxHG1szxBEIjAwBM4xeMR6BjTutCBbUXLs7m3ui27tH-iSqa4I.8aoP0JOW3VPvShmjrcI8oyzKM9ab5vK4t6sZYkPyuoY&dib_tag=se&keywords=women+summer+slippers&qid=1783424000&sr=8-25,https://m.media-amazon.com/images/I/71FLg8v7ZyL._AC_UL320_.jpg,57,排名进入前30；价格处于人民币等值¥57.60-¥180.00黄金区间；评分达到4.3以上。
2026-07-07,amazon_us,product,search,women summer slippers,27,mazeskin,¥100.73,4.3,mazeskin,,,,,,https://www.amazon.com/mazeskin-Womens-Comfortable-Sandals-Leather/dp/B0F32J6ZSF/ref=sr_1_27?dib=eyJ2IjoiMSJ9.eryIOQYLmpfoJ5akPXBuO7sOS6ntc4QruTbqDWb3OBOQn_myWp8a9LOIVfyKSOy0EzJPqVSewteBaa1pbSDDv7FkwlxKyH2U3zsRnD7GCEqIAkwfAR6ukf09NdIy2nDTSkMY8bMDfvWy5UGlwBc4DwQVkpF7pXzjuoy0nw4EU5VtoUOKs4ijt9KW_PZ4nxfZtWrfFt3RUpTvjXP-3ubrbn25t9NsQDHClb1alKvwjzF82m-3LlCmtL2g9MxHG1szxBEIjAwBM4xeMR6BjTutCBbUXLs7m3ui27tH-iSqa4I.8aoP0JOW3VPvShmjrcI8oyzKM9ab5vK4t6sZYkPyuoY&dib_tag=se&keywords=women+summer+slippers&qid=1783424000&sr=8-27,https://m.media-amazon.com/images/I/71jV8GHPNSL._AC_UL320_.jpg,57,排名进入前30；价格处于人民币等值¥57.60-¥180.00黄金区间；评分达到4.3以上。
2026-07-07,amazon_us,product,search,women summer slippers,28,VeraCosy,¥122.33,4.5,VeraCosy,,,,,,https://www.amazon.com/VeraCosy-Two-Tone-Slippers-Non-slip-Evening/dp/B0DCVZ52Y5/ref=sr_1_28?dib=eyJ2IjoiMSJ9.eryIOQYLmpfoJ5akPXBuO7sOS6ntc4QruTbqDWb3OBOQn_myWp8a9LOIVfyKSOy0EzJPqVSewteBaa1pbSDDv7FkwlxKyH2U3zsRnD7GCEqIAkwfAR6ukf09NdIy2nDTSkMY8bMDfvWy5UGlwBc4DwQVkpF7pXzjuoy0nw4EU5VtoUOKs4ijt9KW_PZ4nxfZtWrfFt3RUpTvjXP-3ubrbn25t9NsQDHClb1alKvwjzF82m-3LlCmtL2g9MxHG1szxBEIjAwBM4xeMR6BjTutCBbUXLs7m3ui27tH-iSqa4I.8aoP0JOW3VPvShmjrcI8oyzKM9ab5vK4t6sZYkPyuoY&dib_tag=se&keywords=women+summer+slippers&qid=1783424000&sr=8-28,https://m.media-amazon.com/images/I/81RJZ2gB8sL._AC_UL320_.jpg,57,排名进入前30；价格处于人民币等值¥57.60-¥180.00黄金区间；评分达到4.3以上。
2026-07-07,amazon_us,product,search,women slides,12,Comwarm,¥71.93,4.3,Comwarm,,,,,,https://www.amazon.com/Sandals-Lightweight-Bathroom-Non-Slip-Slippers/dp/B099DTRKSL/ref=sr_1_9?dib=eyJ2IjoiMSJ9.wrqHnvIFpzxZDCy1gVq3f2HcNswV2RaHhxwkGjsTd_XuNiUmGi-M-lWtR9c2N2re6Xw3wrFItUvsbQKqG_DbrXAIB3PBBMlTgzufnVHZ6bPV0AfCvLiusJgvsRVsSCpdtNoA4_-EtsTsLI3hnvfltwNmgtDP0F6xSpoEFBRvc093OKeX5vhblSWuvZseXfCGUqAFLNIUpbTUz_c4-_jM_qWCITTfUPwqdrZ9OCsf_4ZMGtMW86vOOvCjVmMlJj45eynDQpuGfsVLWGBjhZUFFUFowMHm5WZ2pDFB-NuSnXk.SoH3lsf2fUFJzM6ytFMUJ41DhvK_wNZPfbC8wzI4bFw&dib_tag=se&keywords=women+slides&qid=1783424001&sr=8-9,https://m.media-amazon.com/images/I/71uNAZpAhiL._AC_UL320_.jpg,57,排名进入前30；价格处于人民币等值¥57.60-¥180.00黄金区间；评分达到4.3以上。
2026-07-07,amazon_us,product,search,women slides,19,adidas,¥108.36,4.4,adidas,,,,,,https://www.amazon.com/adidas-Unisex-Adilette-Shower-Metallic/dp/B0DF12B7P4/ref=sr_1_16?dib=eyJ2IjoiMSJ9.wrqHnvIFpzxZDCy1gVq3f2HcNswV2RaHhxwkGjsTd_XuNiUmGi-M-lWtR9c2N2re6Xw3wrFItUvsbQKqG_DbrXAIB3PBBMlTgzufnVHZ6bPV0AfCvLiusJgvsRVsSCpdtNoA4_-EtsTsLI3hnvfltwNmgtDP0F6xSpoEFBRvc093OKeX5vhblSWuvZseXfCGUqAFLNIUpbTUz_c4-_jM_qWCITTfUPwqdrZ9OCsf_4ZMGtMW86vOOvCjVmMlJj45eynDQpuGfsVLWGBjhZUFFUFowMHm5WZ2pDFB-NuSnXk.SoH3lsf2fUFJzM6ytFMUJ41DhvK_wNZPfbC8wzI4bFw&dib_tag=se&keywords=women+slides&qid=1783424001&sr=8-16,https://m.media-amazon.com/images/I/61mi711hnuL._AC_UL320_.jpg,57,排名进入前30；价格处于人民币等值¥57.60-¥180.00黄金区间；评分达到4.3以上。
2026-07-07,amazon_us,product,search,women slides,20,ODOLY,¥129.53,4.5,ODOLY,,,,,,https://www.amazon.com/ODOLY-Footbed-Comfortable-Sandals-Adjustable/dp/B0CSMN1X4W/ref=sr_1_17?dib=eyJ2IjoiMSJ9.wrqHnvIFpzxZDCy1gVq3f2HcNswV2RaHhxwkGjsTd_XuNiUmGi-M-lWtR9c2N2re6Xw3wrFItUvsbQKqG_DbrXAIB3PBBMlTgzufnVHZ6bPV0AfCvLiusJgvsRVsSCpdtNoA4_-EtsTsLI3hnvfltwNmgtDP0F6xSpoEFBRvc093OKeX5vhblSWuvZseXfCGUqAFLNIUpbTUz_c4-_jM_qWCITTfUPwqdrZ9OCsf_4ZMGtMW86vOOvCjVmMlJj45eynDQpuGfsVLWGBjhZUFFUFowMHm5WZ2pDFB-NuSnXk.SoH3lsf2fUFJzM6ytFMUJ41DhvK_wNZPfbC8wzI4bFw&dib_tag=se&keywords=women+slides&qid=1783424001&sr=8-17,https://m.media-amazon.com/images/I/61iYsM+H9QL._AC_UL320_.jpg,57,排名进入前30；价格处于人民币等值¥57.60-¥180.00黄金区间；评分达到4.3以上。
2026-07-07,amazon_us,product,search,women slides,23,BRONAX,¥146.52,4.3,BRONAX,,,,,,https://www.amazon.com/BRONAX-Slippers-Non-Slip-Bathroom-Sandals/dp/B092QWYYQ9/ref=sr_1_20?dib=eyJ2IjoiMSJ9.wrqHnvIFpzxZDCy1gVq3f2HcNswV2RaHhxwkGjsTd_XuNiUmGi-M-lWtR9c2N2re6Xw3wrFItUvsbQKqG_DbrXAIB3PBBMlTgzufnVHZ6bPV0AfCvLiusJgvsRVsSCpdtNoA4_-EtsTsLI3hnvfltwNmgtDP0F6xSpoEFBRvc093OKeX5vhblSWuvZseXfCGUqAFLNIUpbTUz_c4-_jM_qWCITTfUPwqdrZ9OCsf_4ZMGtMW86vOOvCjVmMlJj45eynDQpuGfsVLWGBjhZUFFUFowMHm5WZ2pDFB-NuSnXk.SoH3lsf2fUFJzM6ytFMUJ41DhvK_wNZPfbC8wzI4bFw&dib_tag=se&keywords=women+slides&qid=1783424001&sr=8-20,https://m.media-amazon.com/images/I/71HU6hqqL+L._AC_UL320_.jpg,57,排名进入前30；价格处于人民币等值¥57.60-¥180.00黄金区间；评分达到4.3以上。
2026-07-07,amazon_us,product,search,women slides,28,KIDMI,¥151.13,4.5,KIDMI,,,,,,https://www.amazon.com/KIDMI-Genuine-Sandals-Footbed-Adjustable/dp/B0DQH21M77/ref=sr_1_25?dib=eyJ2IjoiMSJ9.wrqHnvIFpzxZDCy1gVq3f2HcNswV2RaHhxwkGjsTd_XuNiUmGi-M-lWtR9c2N2re6Xw3wrFItUvsbQKqG_DbrXAIB3PBBMlTgzufnVHZ6bPV0AfCvLiusJgvsRVsSCpdtNoA4_-EtsTsLI3hnvfltwNmgtDP0F6xSpoEFBRvc093OKeX5vhblSWuvZseXfCGUqAFLNIUpbTUz_c4-_jM_qWCITTfUPwqdrZ9OCsf_4ZMGtMW86vOOvCjVmMlJj45eynDQpuGfsVLWGBjhZUFFUFowMHm5WZ2pDFB-NuSnXk.SoH3lsf2fUFJzM6ytFMUJ41DhvK_wNZPfbC8wzI4bFw&dib_tag=se&keywords=women+slides&qid=1783424001&sr=8-25,https://m.media-amazon.com/images/I/81JaarSAG2L._AC_UL320_.jpg,57,排名进入前30；价格处于人民币等值¥57.60-¥180.00黄金区间；评分达到4.3以上。
2026-07-07,amazon_us,product,new_releases,New Releases Women Sandals,17,"Monrovia Raffia Platform Sandals for Women Slip-On Espadrille Wedges Slides, Flatform Woven Straw Summer Vacation Beach Shoes",,4.1,$39.99,,,,,,https://www.amazon.com/Monrovia-Platform-Espadrille-Flatform-Vacation/dp/B0GZH32RSB/ref=zg_bsnr_g_679425011_d_sccl_17/146-1935481-6911605?psc=1,"https://images-na.ssl-images-amazon.com/images/I/71Td3IAnifL._AC_UL600_SR600,400_.jpg",56,排名进入前30；标题包含 platform、beach、summer、wedge，符合美国女鞋舒适化趋势；评分达到4.0以上。
2026-07-07,amazon_us,product,best_sellers,Best Sellers Women Sandals,7,Clarks Women's Breeze Sea Flip-Flop,,4.7,$27.99,,,,,,https://www.amazon.com/Clarks-Womens-Breeze-Flip-Synthetic/dp/B01FH9EJCI/ref=zg_bs_g_679425011_d_sccl_7/135-3238873-6254037?psc=1,"https://images-na.ssl-images-amazon.com/images/I/61CUHH0LXiL._AC_UL600_SR600,400_.jpg",55,排名靠前；评分达到4.6以上。
2026-07-07,amazon_us,product,new_releases,New Releases Women Sandals,7,"CUSHIONAIRE Talisa Espadrilles for Women, Closed Toe Wedge Sandal with Elastic Ankle Strap and Jute Wrapped Sole",,4.4,$37.98,,,,,,https://www.amazon.com/CUSHIONAIRE-Talisa-Espadrilles-Elastic-Wrapped/dp/B0GXGJMWZG/ref=zg_bsnr_g_679425011_d_sccl_7/146-1935481-6911605?psc=1,"https://images-na.ssl-images-amazon.com/images/I/810XN0i4gjL._AC_UL600_SR600,400_.jpg",55,排名靠前；标题包含 wedge，符合美国女鞋舒适化趋势；评分达到4.3以上。
2026-07-07,amazon_us,product,search,women slides,49,Arch Support Slides for Women and Men Recovery House Sandals for Men Soft and Comfortable Summer Beach Shoes Slippers Women,¥71.93,3.9,"Price, product page $9.99 $ 9 . 99 List: $29.99 List: $29.99 $29.99",,,,,,https://www.amazon.com/SKETOE-Support-Recovery-Comfortable-Slippers/dp/B0GLFF6C8J/ref=sr_1_46?dib=eyJ2IjoiMSJ9.wrqHnvIFpzxZDCy1gVq3f2HcNswV2RaHhxwkGjsTd_XuNiUmGi-M-lWtR9c2N2re6Xw3wrFItUvsbQKqG_DbrXAIB3PBBMlTgzufnVHZ6bPV0AfCvLiusJgvsRVsSCpdtNoA4_-EtsTsLI3hnvfltwNmgtDP0F6xSpoEFBRvc093OKeX5vhblSWuvZseXfCGUqAFLNIUpbTUz_c4-_jM_qWCITTfUPwqdrZ9OCsf_4ZMGtMW86vOOvCjVmMlJj45eynDQpuGfsVLWGBjhZUFFUFowMHm5WZ2pDFB-NuSnXk.SoH3lsf2fUFJzM6ytFMUJ41DhvK_wNZPfbC8wzI4bFw&dib_tag=se&keywords=women+slides&qid=1783424001&sr=8-46,https://m.media-amazon.com/images/I/81ECHpu6ZvL._AC_UL320_.jpg,55,排名进入前50；价格处于人民币等值¥57.60-¥180.00黄金区间；标题包含 recovery、comfort、arch support、soft、beach、summer，符合美国女鞋舒适化趋势。
2026-07-07,amazon_us,product,search,platform sandals women,1,Sorel Women's Ona Ave T-Toe Sneaker Sorel Women's Ona Ave T-Toe Sneaker,¥594.00,4.3,,,,,,,https://aax-us-east-retail-direct.amazon.com/x/c/JKUn8iqnkbFdfv2izm-ZJdYAAAGfPFqnTAEAAAH2AQBvbm9fdHhuX2JpZDMgICBvbm9fdHhuX2ltcDIgICD7ifRe/clv1c_ek-wBfHXLcTWXmxhtw-AI4-UbjTDGkQUB7GzQBKgt_pPyUgrdrEPP5KGYhRaLtZujKJ0Ag86DxNrhrnWda5eQzEwe58xkC6DtotBxVzy_UAGTRlqq5Lbu3VoQ_pwkCZZ_U3rTkZCXwgFGR4ayKZFbkJZrMzs1lTpCk343jE6ZMaeX20pK-GnDsjFui0SfhehCgDeoCSrv0RM1PHbqkLgUrEpsXUfpO4e7AyN-gUdpdMC40TDqKJD7dZwprGOFqNjCLrIjrQ8WhBPYGlxspD6_J4GeJP87RT5f5-HiCQIcDHKKjgxsjycXmv70eI0_E5xmtFQby2rfZi0sH6qtXCvksHq1Tx2e-oXumTvcO41eV8w24zMrtflgcRQSF0PCxWv_s99zK4C3Y545DBbGnjUOJ_o9rQnZ2SUJ9oxyACnu1UB0fpTcgAoZNkFAdjkWau5xNdkZ2OFZDkHteXLodw_vkOmkhWrvWnAZKoSTP_OdckQmjEXH5_75q7RxtWRkb-qmV5jIyTPXg4GMxHGGDCDh_69oDhLfE6xa8zKZQOkogToNpEbp53jqB5IA7nNaQAJVSSfIDEJwf3Csv_I1fyaZnFgSUB5jZzKOwvbdzn8Tlo0ZCLv8XgP_OHjFPPSTgyE7jWfedhAH7UUJMVjztum9uPzhJkkZ8KXFcfkSmnlpp9KhwAgyiL5HeM3fr_wDm23Oz0nfN_4i9rouBxAUSl9SOR3QJe3Wo_Sa9zUwVVA0KKAnPKz4yafLB5NlBz8AeM-e5b-lNH2tNZP7DkLvR0EKKpICEqZkAGH9vQAuIhVXMtsnNCTxDq_ZVdDhEeQJxjosRYE3KcVSVFXV_RCPKGyY8CS4t4NLnTeuURwnvSQ6lY2jKlt-6qXVIQvTccCu3NcbNGEvy0gTvzCEC4sfFuono8zHCnQjMU3Sx2MKKNAZcbQgtaO3F_Rxs-xd33ZhKAV6ms30Ijqwl97QUOyhWXRkKaon4xY09iZFAtOR2YlvB-CDDYN1j7LFSefKl3sSrt7QB_UmTYNqoi7NAsvpHKFIFe-ku1HGUAK29ZvrsUWFpIVdq4SBK6rED6Y9-lvwd4qq6MqHYPBRso04V3i-SSBJ3Gz5K1XZi-xWldT2OZd0a1rDtVNdMt1PSR70RtLxPdnrbHtKLwoQ1SizmvH8DBsQ-ujqf-otteiRW1Uudaao6JmtbG3Prd8dmxic9Ycqu3cDQQLwnHD6Y_N0s0NhOnyHHHOdTBx3S27GThfFQfb_rPq3Bph8D8lvnmHVou4zVWdq18AkHZQdeCyuit11mOyBUSSxfxZmSu0F8JQlcQ_jLfwo1x1F32s2GZ71JklnaSwc2l0Svq-t9yQawJ6887FQ8jZmugXAnFeunkQEV62ZKRgsqmOsS-fMgSuBPGioYPdmUvXrR3mRESsfLUnZLcHW0nT8VW471qtUTmM3cxJuIZdPTtPJA_ROcWiYP6truGGIbHa3yQCE__UcHq6j_1toHhWewDcq5UtlC74RTelXd_jLpIIoULrEyHzwuMw1ElH0JshHAzqPZWU34FBcaYgGCK2PiJn-vamKyhu4YD2fZDFSzbBIVdu9xCypD-wu00yT79sha9T6yDJxCSOGNphNIzIGoNAUx7r-Sr5p8VDfsvheXJ3i-JvI1ThJfc4swTzeqM-Gw/https://www.amazon.com/gp/aw/d/B0F8CMP4J6/?_encoding=UTF8&pd_rd_plhdr=t&hsa_cr_id=0&qid=1783424001&sr=1-1-9e67e56a-6f64-441f-a281-df67fc737124&i=aps&aref=rDDkVfxPg8&ref_=sbx__sbtcd_asin_0_bkgd&pd_rd_w=wYJ6n&content-id=amzn1.sym.2fb72bc8-96ef-420d-b08f-c04b69f36507%3Aamzn1.sym.2fb72bc8-96ef-420d-b08f-c04b69f36507&pf_rd_p=2fb72bc8-96ef-420d-b08f-c04b69f36507&pf_rd_r=2KFH3PR3JA97BAKVM3V8&pd_rd_wg=E6xv9&pd_rd_r=ca2c38a0-8d97-4aa6-bbef-23d83a644211,"https://m.media-amazon.com/images/I/71Gjc0LInbL._AC_SR160,134_CB1169409_QL70_.jpg",55,排名靠前；价格高于人民币等值¥288.00；评分达到4.3以上。
2026-07-07,amazon_us,product,search,platform sandals women,9,REEF,¥355.03,4.4,REEF,,,,,,https://www.amazon.com/Reef-Sandals-Cushion-Platform-Natural/dp/B09TRZZP54/ref=sr_1_6?dib=eyJ2IjoiMSJ9.Eno-3pT4ZhH3sPPabT7cSo-udsfQW29AVpi-WOzQl-UhnpOHkv9SLh4cxoLSh7YAdHjC7nxBIzFH1q6oIT8_C1nAkYQhhU7ejh2L4-g495a4MqprgiNpKp5S2-TxNHH2Ep1Hi5bJnk_3tYYtl45rDw-_DK_fE_2G3FaZwUeOczdJSxhW54wktl4cUVXXFlgU0ghf9sIemxH44_Ik_Dxf3oBkRWXwxPiSGaJHmAJotSM1ZyW33hJd9Hzm4Jh_qC-ySdCEav7G0d4eFAeLT9iKeTr8phws7ytEqt8u7xRWqxw.6VH9YV9gRZTATG33rMoVtLefM1WL7ZpzFFJiWdLmqDs&dib_tag=se&keywords=platform+sandals+women&qid=1783424001&sr=8-6,https://m.media-amazon.com/images/I/61Uv1VDRdFL._AC_UL320_.jpg,55,排名靠前；价格高于人民币等值¥288.00；评分达到4.3以上。
2026-07-07,amazon_us,product,search,platform sandals women,23,UBFEN,¥287.86,4.7,UBFEN,,,,,,https://www.amazon.com/UBFEN-Womens-Espadrille-Platform-Sandals/dp/B0G6YZGM42/ref=sr_1_20?dib=eyJ2IjoiMSJ9.Eno-3pT4ZhH3sPPabT7cSo-udsfQW29AVpi-WOzQl-UhnpOHkv9SLh4cxoLSh7YAdHjC7nxBIzFH1q6oIT8_C1nAkYQhhU7ejh2L4-g495a4MqprgiNpKp5S2-TxNHH2Ep1Hi5bJnk_3tYYtl45rDw-_DK_fE_2G3FaZwUeOczdJSxhW54wktl4cUVXXFlgU0ghf9sIemxH44_Ik_Dxf3oBkRWXwxPiSGaJHmAJotSM1ZyW33hJd9Hzm4Jh_qC-ySdCEav7G0d4eFAeLT9iKeTr8phws7ytEqt8u7xRWqxw.6VH9YV9gRZTATG33rMoVtLefM1WL7ZpzFFJiWdLmqDs&dib_tag=se&keywords=platform+sandals+women&qid=1783424001&sr=8-20,https://m.media-amazon.com/images/I/71hqwCz4-2L._AC_UL320_.jpg,55,排名进入前30；价格处于人民币等值¥180.00-¥288.00区间；评分达到4.6以上。
2026-07-07,amazon_us,product,best_sellers,Best Sellers Women Sandals,24,KuaiLu Womens Flip Flops Ladies Yoga Mat Comfortable Walking Thong Sandals With Plantar Fasciitis Arch Support Slip On Indoor Outdoor For Summer,,4.2,$23.08,,,,,,https://www.amazon.com/KuaiLu-Comfortable-Walking-Sandals-Fasciitis/dp/B08XX52FHY/ref=zg_bs_g_679425011_d_sccl_24/135-3238873-6254037?psc=1,"https://images-na.ssl-images-amazon.com/images/I/61k31MTJEYL._AC_UL600_SR600,400_.jpg",54,排名进入前30；标题包含 comfort、arch support、summer，符合美国女鞋舒适化趋势；评分达到4.0以上。
2026-07-07,amazon_us,product,best_sellers,Best Sellers Women Sandals,31,"CUSHIONAIRE Feather EVA Slides for Women – Comfortable Slip On Womens Slippers, Indoor Outdoor Shower Shoes, Beach Essential Cloud Slides",,4.4,$25.64,,,,,,https://www.amazon.com/Cushionaire-Womens-Feather-recovery-Comfort/dp/B094TD7Z1K/ref=zg_bs_g_679425011_d_sccl_31/146-1935481-6911605?psc=1,"https://images-na.ssl-images-amazon.com/images/I/817PhiYQjLL._AC_UL300_SR300,200_.jpg",54,排名进入前50；标题包含 cloud、comfort、beach，符合美国女鞋舒适化趋势；cloud + slides组合趋势加分；评分达到4.3以上。
2026-07-07,amazon_us,product,new_releases,New Releases Women Sandals,16,Noctivelle Women Jelly Shoes Clear Mesh Flat Sandal V-Shaped Breathable Comfort Slip On Waterproof Transparent Summer Beach Pool Ballet Flats,,4.4,$20.99,,,,,,https://www.amazon.com/Noctivelle-Women-Clear-Flat-Transparent/dp/B0H2V55F3P/ref=zg_bsnr_g_679425011_d_sccl_16/146-1935481-6911605?psc=1,"https://images-na.ssl-images-amazon.com/images/I/71xmW9YikiL._AC_UL600_SR600,400_.jpg",54,排名进入前30；标题包含 comfort、beach、summer，符合美国女鞋舒适化趋势；评分达到4.3以上。
2026-07-07,amazon_us,product,new_releases,New Releases Women Sandals,25,Uniwill Shower Shoes Women with Arch Support Non-Slip Flip Flop Sandals for Public Shower Bathroom Pool Beach Quick Dry with Drain Holes,,4.8,$13.89,,,,,,https://www.amazon.com/Uniwill-Support-Non-Slip-Sandals-Bathroom/dp/B0GY4471BY/ref=zg_bsnr_g_679425011_d_sccl_25/146-1935481-6911605?psc=1,"https://images-na.ssl-images-amazon.com/images/I/71SL6HBtLiL._AC_UL600_SR600,400_.jpg",54,排名进入前30；标题包含 arch support、beach，符合美国女鞋舒适化趋势；评分达到4.6以上。
2026-07-07,amazon_us,product,new_releases,New Releases Women Sandals,27,QIY Women's Flip Flops Flat Sandals Minimalist Knot Design Slip on Slide Sandals Comfortable Non Slip Summer Casual Thong Flats for Beach Vacation,,4.3,$29.99,,,,,,https://www.amazon.com/QIY-Womens-Sandals-Leather-Errands/dp/B0H4TZH8BV/ref=zg_bsnr_g_679425011_d_sccl_27/146-1935481-6911605?psc=1,"https://images-na.ssl-images-amazon.com/images/I/716pVHs663L._AC_UL600_SR600,400_.jpg",54,排名进入前30；标题包含 comfort、beach、summer，符合美国女鞋舒适化趋势；评分达到4.3以上。
2026-07-07,amazon_us,product,new_releases,New Releases Women Sandals,32,IDIFU Women's Wedge Thong Flip Flops Platform Round Toe Slip On Slides Sandals Comfortable Cushioned Summer Pool Beach Casual Wedge Heels,,4.2,$32.78,,,,,,https://www.amazon.com/IDIFU-Platform-Sandals-Comfortable-Cushioned/dp/B0GXTVCPD2/ref=zg_bsnr_g_679425011_d_sccl_32/146-1935481-6911605?psc=1,"https://images-na.ssl-images-amazon.com/images/I/71rQjmDLrRL._AC_UL300_SR300,200_.jpg",54,排名进入前50；标题包含 platform、comfort、beach、summer、wedge，符合美国女鞋舒适化趋势；platform + comfort组合趋势加分；评分达到4.0以上。
2026-07-07,amazon_us,product,search,women summer slippers,17,Garonne,¥71.93,4.1,Garonne,,,,,,https://www.amazon.com/Garonne-Adjustable-Open-toe-Slippers-Support/dp/B0F1XJRQGY/ref=sr_1_17?dib=eyJ2IjoiMSJ9.eryIOQYLmpfoJ5akPXBuO7sOS6ntc4QruTbqDWb3OBOQn_myWp8a9LOIVfyKSOy0EzJPqVSewteBaa1pbSDDv7FkwlxKyH2U3zsRnD7GCEqIAkwfAR6ukf09NdIy2nDTSkMY8bMDfvWy5UGlwBc4DwQVkpF7pXzjuoy0nw4EU5VtoUOKs4ijt9KW_PZ4nxfZtWrfFt3RUpTvjXP-3ubrbn25t9NsQDHClb1alKvwjzF82m-3LlCmtL2g9MxHG1szxBEIjAwBM4xeMR6BjTutCBbUXLs7m3ui27tH-iSqa4I.8aoP0JOW3VPvShmjrcI8oyzKM9ab5vK4t6sZYkPyuoY&dib_tag=se&keywords=women+summer+slippers&qid=1783424000&sr=8-17,https://m.media-amazon.com/images/I/71rNuYd2TiL._AC_UL320_.jpg,54,排名进入前30；价格处于人民币等值¥57.60-¥180.00黄金区间；评分达到4.0以上。
2026-07-07,amazon_us,product,search,women summer slippers,24,Garonne,¥107.93,4.1,Garonne,,,,,,https://www.amazon.com/Garonne-Womens-Slippers-Bedroom-Outdoor/dp/B0F2H8K8BL/ref=sr_1_24?dib=eyJ2IjoiMSJ9.eryIOQYLmpfoJ5akPXBuO7sOS6ntc4QruTbqDWb3OBOQn_myWp8a9LOIVfyKSOy0EzJPqVSewteBaa1pbSDDv7FkwlxKyH2U3zsRnD7GCEqIAkwfAR6ukf09NdIy2nDTSkMY8bMDfvWy5UGlwBc4DwQVkpF7pXzjuoy0nw4EU5VtoUOKs4ijt9KW_PZ4nxfZtWrfFt3RUpTvjXP-3ubrbn25t9NsQDHClb1alKvwjzF82m-3LlCmtL2g9MxHG1szxBEIjAwBM4xeMR6BjTutCBbUXLs7m3ui27tH-iSqa4I.8aoP0JOW3VPvShmjrcI8oyzKM9ab5vK4t6sZYkPyuoY&dib_tag=se&keywords=women+summer+slippers&qid=1783424000&sr=8-24,https://m.media-amazon.com/images/I/81Ts-c2v3fL._AC_UL320_.jpg,54,排名进入前30；价格处于人民币等值¥57.60-¥180.00黄金区间；评分达到4.0以上。
2026-07-07,amazon_us,product,search,women summer slippers,29,Dearfoams,¥123.19,4.2,Dearfoams,,,,,,https://www.amazon.com/Dearfoams-Womens-Beatrice-Microfiber-Quilted/dp/B01NH595UN/ref=sr_1_29?dib=eyJ2IjoiMSJ9.eryIOQYLmpfoJ5akPXBuO7sOS6ntc4QruTbqDWb3OBOQn_myWp8a9LOIVfyKSOy0EzJPqVSewteBaa1pbSDDv7FkwlxKyH2U3zsRnD7GCEqIAkwfAR6ukf09NdIy2nDTSkMY8bMDfvWy5UGlwBc4DwQVkpF7pXzjuoy0nw4EU5VtoUOKs4ijt9KW_PZ4nxfZtWrfFt3RUpTvjXP-3ubrbn25t9NsQDHClb1alKvwjzF82m-3LlCmtL2g9MxHG1szxBEIjAwBM4xeMR6BjTutCBbUXLs7m3ui27tH-iSqa4I.8aoP0JOW3VPvShmjrcI8oyzKM9ab5vK4t6sZYkPyuoY&dib_tag=se&keywords=women+summer+slippers&qid=1783424000&sr=8-29,https://m.media-amazon.com/images/I/61YDnLJiKCL._AC_UL320_.jpg,54,排名进入前30；价格处于人民币等值¥57.60-¥180.00黄金区间；评分达到4.0以上。
2026-07-07,amazon_us,product,search,women slides,27,KuaiLu,¥172.73,4.0,KuaiLu,,,,,,https://www.amazon.com/Orthotic-Lightweight-Athletic-Comfortable-Fasciitis/dp/B092ZTSYSF/ref=sr_1_24?dib=eyJ2IjoiMSJ9.wrqHnvIFpzxZDCy1gVq3f2HcNswV2RaHhxwkGjsTd_XuNiUmGi-M-lWtR9c2N2re6Xw3wrFItUvsbQKqG_DbrXAIB3PBBMlTgzufnVHZ6bPV0AfCvLiusJgvsRVsSCpdtNoA4_-EtsTsLI3hnvfltwNmgtDP0F6xSpoEFBRvc093OKeX5vhblSWuvZseXfCGUqAFLNIUpbTUz_c4-_jM_qWCITTfUPwqdrZ9OCsf_4ZMGtMW86vOOvCjVmMlJj45eynDQpuGfsVLWGBjhZUFFUFowMHm5WZ2pDFB-NuSnXk.SoH3lsf2fUFJzM6ytFMUJ41DhvK_wNZPfbC8wzI4bFw&dib_tag=se&keywords=women+slides&qid=1783424001&sr=8-24,https://m.media-amazon.com/images/I/71FIt3eq-6L._AC_UL320_.jpg,54,排名进入前30；价格处于人民币等值¥57.60-¥180.00黄金区间；评分达到4.0以上。
2026-07-07,amazon_us,product,search,platform sandals women,30,FUNKYMONKEY,¥151.13,4.1,FUNKYMONKEY,,,,,,https://www.amazon.com/FUNKYMONKEY-Thick-sole-Adjustable-Waterproof-Platform/dp/B0CX8JWVQP/ref=sr_1_27?dib=eyJ2IjoiMSJ9.Eno-3pT4ZhH3sPPabT7cSo-udsfQW29AVpi-WOzQl-UhnpOHkv9SLh4cxoLSh7YAdHjC7nxBIzFH1q6oIT8_C1nAkYQhhU7ejh2L4-g495a4MqprgiNpKp5S2-TxNHH2Ep1Hi5bJnk_3tYYtl45rDw-_DK_fE_2G3FaZwUeOczdJSxhW54wktl4cUVXXFlgU0ghf9sIemxH44_Ik_Dxf3oBkRWXwxPiSGaJHmAJotSM1ZyW33hJd9Hzm4Jh_qC-ySdCEav7G0d4eFAeLT9iKeTr8phws7ytEqt8u7xRWqxw.6VH9YV9gRZTATG33rMoVtLefM1WL7ZpzFFJiWdLmqDs&dib_tag=se&keywords=platform+sandals+women&qid=1783424001&sr=8-27,https://m.media-amazon.com/images/I/61gRcMpyJjL._AC_UL320_.jpg,54,排名进入前30；价格处于人民币等值¥57.60-¥180.00黄金区间；评分达到4.0以上。
2026-07-07,amazon_us,product,best_sellers,Best Sellers Women Sandals,35,"CUSHIONAIRE Fame Pillow Recovery Sandals for Women, Adjustable Double Buckle Waterproof EVA Cloud Slides for Women",,4.4,$26.99,,,,,,https://www.amazon.com/CUSHIONAIRE-Double-Adjustable-Buckle-Shower/dp/B09CK8R425/ref=zg_bs_g_679425011_d_sccl_35/146-1935481-6911605?psc=1,"https://images-na.ssl-images-amazon.com/images/I/81w0A8kWZPL._AC_UL300_SR300,200_.jpg",53,排名进入前50；标题包含 cloud、recovery，符合美国女鞋舒适化趋势；cloud + slides组合趋势加分；评分达到4.3以上。
2026-07-07,amazon_us,product,new_releases,New Releases Women Sandals,18,Project Cloud Womens Sandals with Memory Foam - Genuine Leather Sandals for Women 2026 - Flats - Non Slip & Comfortable Sandals Women (Lisa),,4.0,$39.90,,,,,,https://www.amazon.com/Project-Cloud-Womens-Sandals-Memory/dp/B0GY5YWSMV/ref=zg_bsnr_g_679425011_d_sccl_18/146-1935481-6911605?psc=1,"https://images-na.ssl-images-amazon.com/images/I/81U8JrVbpYL._AC_UL600_SR600,400_.jpg",53,排名进入前30；标题包含 cloud、comfort，符合美国女鞋舒适化趋势；评分达到4.0以上。
2026-07-07,amazon_us,product,search,women slides,25,Project Cloud,¥359.28,4.3,Project Cloud,,,,,,https://www.amazon.com/Project-Cloud-Fashion-Sandals-Women/dp/B0CQ716Z3L/ref=sr_1_22?dib=eyJ2IjoiMSJ9.wrqHnvIFpzxZDCy1gVq3f2HcNswV2RaHhxwkGjsTd_XuNiUmGi-M-lWtR9c2N2re6Xw3wrFItUvsbQKqG_DbrXAIB3PBBMlTgzufnVHZ6bPV0AfCvLiusJgvsRVsSCpdtNoA4_-EtsTsLI3hnvfltwNmgtDP0F6xSpoEFBRvc093OKeX5vhblSWuvZseXfCGUqAFLNIUpbTUz_c4-_jM_qWCITTfUPwqdrZ9OCsf_4ZMGtMW86vOOvCjVmMlJj45eynDQpuGfsVLWGBjhZUFFUFowMHm5WZ2pDFB-NuSnXk.SoH3lsf2fUFJzM6ytFMUJ41DhvK_wNZPfbC8wzI4bFw&dib_tag=se&keywords=women+slides&qid=1783424001&sr=8-22,https://m.media-amazon.com/images/I/71WxLxLw-rL._AC_UL320_.jpg,53,排名进入前30；价格高于人民币等值¥288.00；标题包含 cloud，符合美国女鞋舒适化趋势；评分达到4.3以上。
2026-07-07,amazon_us,product,best_sellers,Best Sellers Women Sandals,8,CUSHIONAIRE Pool Slides for Women Water Resistant Double Buckle Adjustable Slip-On Womens Sandals for Beach Shower Casual Wear,,4.0,$44.99,,,,,,https://www.amazon.com/CUSHIONAIRE-Slides-Resistant-Adjustable-Sandals/dp/B0GXHKZW5C/ref=zg_bs_g_679425011_d_sccl_8/135-3238873-6254037?psc=1,"https://images-na.ssl-images-amazon.com/images/I/71NStLIJ8SL._AC_UL600_SR600,400_.jpg",52,排名靠前；标题包含 beach，符合美国女鞋舒适化趋势；评分达到4.0以上。
2026-07-07,amazon_us,product,new_releases,New Releases Women Sandals,1,CUSHIONAIRE Pool Slides for Women Water Resistant Double Buckle Adjustable Slip-On Womens Sandals for Beach Shower Casual Wear,,4.0,$44.99,,,,,,https://www.amazon.com/CUSHIONAIRE-Slides-Resistant-Adjustable-Sandals/dp/B0GXHKZW5C/ref=zg_bsnr_g_679425011_d_sccl_1/146-1935481-6911605?psc=1,"https://images-na.ssl-images-amazon.com/images/I/71NStLIJ8SL._AC_UL600_SR600,400_.jpg",52,排名靠前；标题包含 beach，符合美国女鞋舒适化趋势；评分达到4.0以上。
2026-07-07,amazon_us,product,new_releases,New Releases Women Sandals,9,"CUSHIONAIRE Java Casual Womens Jelly Flats with Adjustable Strap, Closed Toe Mary Janes Mule Design, Waterproof Jelly Sandals for Women",,4.4,$34.99,,,,,,https://www.amazon.com/CUSHIONAIRE-Casual-Adjustable-Waterproof-Sandals/dp/B0H4MJCG6Z/ref=zg_bsnr_g_679425011_d_sccl_9/146-1935481-6911605?psc=1,"https://images-na.ssl-images-amazon.com/images/I/713AgXedTJL._AC_UL600_SR600,400_.jpg",52,排名靠前；评分达到4.3以上。
2026-07-07,amazon_us,product,search,women summer slippers,21,Havaianas,¥230.40,4.3,Havaianas,,,,,,https://www.amazon.com/Havaianas-Womens-Square-Solid-Medium/dp/B0BBPX6J6F/ref=sr_1_21?dib=eyJ2IjoiMSJ9.eryIOQYLmpfoJ5akPXBuO7sOS6ntc4QruTbqDWb3OBOQn_myWp8a9LOIVfyKSOy0EzJPqVSewteBaa1pbSDDv7FkwlxKyH2U3zsRnD7GCEqIAkwfAR6ukf09NdIy2nDTSkMY8bMDfvWy5UGlwBc4DwQVkpF7pXzjuoy0nw4EU5VtoUOKs4ijt9KW_PZ4nxfZtWrfFt3RUpTvjXP-3ubrbn25t9NsQDHClb1alKvwjzF82m-3LlCmtL2g9MxHG1szxBEIjAwBM4xeMR6BjTutCBbUXLs7m3ui27tH-iSqa4I.8aoP0JOW3VPvShmjrcI8oyzKM9ab5vK4t6sZYkPyuoY&dib_tag=se&keywords=women+summer+slippers&qid=1783424000&sr=8-21,https://m.media-amazon.com/images/I/519tF5UFGFL._AC_UL320_.jpg,52,排名进入前30；价格处于人民币等值¥180.00-¥288.00区间；评分达到4.3以上。
2026-07-07,amazon_us,product,search,women summer slippers,22,Dearfoams,¥194.40,4.3,Dearfoams,,,,,,https://www.amazon.com/Dearfoams-womens-Slipper-Dusty-Large/dp/B083VY1Q3M/ref=sr_1_22?dib=eyJ2IjoiMSJ9.eryIOQYLmpfoJ5akPXBuO7sOS6ntc4QruTbqDWb3OBOQn_myWp8a9LOIVfyKSOy0EzJPqVSewteBaa1pbSDDv7FkwlxKyH2U3zsRnD7GCEqIAkwfAR6ukf09NdIy2nDTSkMY8bMDfvWy5UGlwBc4DwQVkpF7pXzjuoy0nw4EU5VtoUOKs4ijt9KW_PZ4nxfZtWrfFt3RUpTvjXP-3ubrbn25t9NsQDHClb1alKvwjzF82m-3LlCmtL2g9MxHG1szxBEIjAwBM4xeMR6BjTutCBbUXLs7m3ui27tH-iSqa4I.8aoP0JOW3VPvShmjrcI8oyzKM9ab5vK4t6sZYkPyuoY&dib_tag=se&keywords=women+summer+slippers&qid=1783424000&sr=8-22,https://m.media-amazon.com/images/I/716X6dZXCuL._AC_UL320_.jpg,52,排名进入前30；价格处于人民币等值¥180.00-¥288.00区间；评分达到4.3以上。
2026-07-07,amazon_us,product,search,women slides,15,Under Armour,¥205.78,4.3,Under Armour,,,,,,https://www.amazon.com/Under-Armour-Womens-Ignite-Slides/dp/B0F343Z28R/ref=sr_1_12?dib=eyJ2IjoiMSJ9.wrqHnvIFpzxZDCy1gVq3f2HcNswV2RaHhxwkGjsTd_XuNiUmGi-M-lWtR9c2N2re6Xw3wrFItUvsbQKqG_DbrXAIB3PBBMlTgzufnVHZ6bPV0AfCvLiusJgvsRVsSCpdtNoA4_-EtsTsLI3hnvfltwNmgtDP0F6xSpoEFBRvc093OKeX5vhblSWuvZseXfCGUqAFLNIUpbTUz_c4-_jM_qWCITTfUPwqdrZ9OCsf_4ZMGtMW86vOOvCjVmMlJj45eynDQpuGfsVLWGBjhZUFFUFowMHm5WZ2pDFB-NuSnXk.SoH3lsf2fUFJzM6ytFMUJ41DhvK_wNZPfbC8wzI4bFw&dib_tag=se&keywords=women+slides&qid=1783424001&sr=8-12,https://m.media-amazon.com/images/I/41S9a3VMv1L._AC_UL320_.jpg,52,排名进入前30；价格处于人民币等值¥180.00-¥288.00区间；评分达到4.3以上。
2026-07-07,amazon_us,product,search,women slides,17,adidas,¥215.93,4.5,adidas,,,,,,https://www.amazon.com/adidas-Unisex-Adilette-Sportswear-Sandal/dp/B0D224KWLQ/ref=sr_1_14?dib=eyJ2IjoiMSJ9.wrqHnvIFpzxZDCy1gVq3f2HcNswV2RaHhxwkGjsTd_XuNiUmGi-M-lWtR9c2N2re6Xw3wrFItUvsbQKqG_DbrXAIB3PBBMlTgzufnVHZ6bPV0AfCvLiusJgvsRVsSCpdtNoA4_-EtsTsLI3hnvfltwNmgtDP0F6xSpoEFBRvc093OKeX5vhblSWuvZseXfCGUqAFLNIUpbTUz_c4-_jM_qWCITTfUPwqdrZ9OCsf_4ZMGtMW86vOOvCjVmMlJj45eynDQpuGfsVLWGBjhZUFFUFowMHm5WZ2pDFB-NuSnXk.SoH3lsf2fUFJzM6ytFMUJ41DhvK_wNZPfbC8wzI4bFw&dib_tag=se&keywords=women+slides&qid=1783424001&sr=8-14,https://m.media-amazon.com/images/I/51EzGCn-OoL._AC_UL320_.jpg,52,排名进入前30；价格处于人民币等值¥180.00-¥288.00区间；评分达到4.3以上。
2026-07-07,amazon_us,product,search,women slides,22,Calvin Klein,¥201.67,4.5,Calvin Klein,,,,,,https://www.amazon.com/Calvin-Klein-Athens-Brown/dp/B091ZF5PQQ/ref=sr_1_19?dib=eyJ2IjoiMSJ9.wrqHnvIFpzxZDCy1gVq3f2HcNswV2RaHhxwkGjsTd_XuNiUmGi-M-lWtR9c2N2re6Xw3wrFItUvsbQKqG_DbrXAIB3PBBMlTgzufnVHZ6bPV0AfCvLiusJgvsRVsSCpdtNoA4_-EtsTsLI3hnvfltwNmgtDP0F6xSpoEFBRvc093OKeX5vhblSWuvZseXfCGUqAFLNIUpbTUz_c4-_jM_qWCITTfUPwqdrZ9OCsf_4ZMGtMW86vOOvCjVmMlJj45eynDQpuGfsVLWGBjhZUFFUFowMHm5WZ2pDFB-NuSnXk.SoH3lsf2fUFJzM6ytFMUJ41DhvK_wNZPfbC8wzI4bFw&dib_tag=se&keywords=women+slides&qid=1783424001&sr=8-19,https://m.media-amazon.com/images/I/71nyc3qEKeS._AC_UL320_.jpg,52,排名进入前30；价格处于人民币等值¥180.00-¥288.00区间；评分达到4.3以上。
2026-07-07,amazon_us,product,search,platform sandals women,13,Soda,¥215.21,4.5,Soda,,,,,,https://www.amazon.com/Soda-Buckle-Espadrilles-Flatform-Casual/dp/B0C5S26DHB/ref=sr_1_10?dib=eyJ2IjoiMSJ9.Eno-3pT4ZhH3sPPabT7cSo-udsfQW29AVpi-WOzQl-UhnpOHkv9SLh4cxoLSh7YAdHjC7nxBIzFH1q6oIT8_C1nAkYQhhU7ejh2L4-g495a4MqprgiNpKp5S2-TxNHH2Ep1Hi5bJnk_3tYYtl45rDw-_DK_fE_2G3FaZwUeOczdJSxhW54wktl4cUVXXFlgU0ghf9sIemxH44_Ik_Dxf3oBkRWXwxPiSGaJHmAJotSM1ZyW33hJd9Hzm4Jh_qC-ySdCEav7G0d4eFAeLT9iKeTr8phws7ytEqt8u7xRWqxw.6VH9YV9gRZTATG33rMoVtLefM1WL7ZpzFFJiWdLmqDs&dib_tag=se&keywords=platform+sandals+women&qid=1783424001&sr=8-10,https://m.media-amazon.com/images/I/71q-Jp+UEkL._AC_UL320_.jpg,52,排名进入前30；价格处于人民币等值¥180.00-¥288.00区间；评分达到4.3以上。
2026-07-07,amazon_us,product,search,platform sandals women,14,DREAM PAIRS,¥278.57,4.5,DREAM PAIRS,,,,,,https://www.amazon.com/DREAM-PAIRS-Adjustable-Lightweight-Waterproof/dp/B0G1RBS19X/ref=sr_1_11?dib=eyJ2IjoiMSJ9.Eno-3pT4ZhH3sPPabT7cSo-udsfQW29AVpi-WOzQl-UhnpOHkv9SLh4cxoLSh7YAdHjC7nxBIzFH1q6oIT8_C1nAkYQhhU7ejh2L4-g495a4MqprgiNpKp5S2-TxNHH2Ep1Hi5bJnk_3tYYtl45rDw-_DK_fE_2G3FaZwUeOczdJSxhW54wktl4cUVXXFlgU0ghf9sIemxH44_Ik_Dxf3oBkRWXwxPiSGaJHmAJotSM1ZyW33hJd9Hzm4Jh_qC-ySdCEav7G0d4eFAeLT9iKeTr8phws7ytEqt8u7xRWqxw.6VH9YV9gRZTATG33rMoVtLefM1WL7ZpzFFJiWdLmqDs&dib_tag=se&keywords=platform+sandals+women&qid=1783424001&sr=8-11,https://m.media-amazon.com/images/I/61VKPpZxLML._AC_UL320_.jpg,52,排名进入前30；价格处于人民币等值¥180.00-¥288.00区间；评分达到4.3以上。
2026-07-07,amazon_us,product,search,platform sandals women,21,VICKI·VICKI,¥286.78,4.4,VICKI·VICKI,,,,,,https://www.amazon.com/VICKI%C2%B7VICKI-Womens-Platform-Sandals-Wedge/dp/B08B4VCB7H/ref=sr_1_18?dib=eyJ2IjoiMSJ9.Eno-3pT4ZhH3sPPabT7cSo-udsfQW29AVpi-WOzQl-UhnpOHkv9SLh4cxoLSh7YAdHjC7nxBIzFH1q6oIT8_C1nAkYQhhU7ejh2L4-g495a4MqprgiNpKp5S2-TxNHH2Ep1Hi5bJnk_3tYYtl45rDw-_DK_fE_2G3FaZwUeOczdJSxhW54wktl4cUVXXFlgU0ghf9sIemxH44_Ik_Dxf3oBkRWXwxPiSGaJHmAJotSM1ZyW33hJd9Hzm4Jh_qC-ySdCEav7G0d4eFAeLT9iKeTr8phws7ytEqt8u7xRWqxw.6VH9YV9gRZTATG33rMoVtLefM1WL7ZpzFFJiWdLmqDs&dib_tag=se&keywords=platform+sandals+women&qid=1783424001&sr=8-18,https://m.media-amazon.com/images/I/51Q0yOuTnXL._AC_UL320_.jpg,52,排名进入前30；价格处于人民币等值¥180.00-¥288.00区间；评分达到4.3以上。
2026-07-07,amazon_us,product,search,platform sandals women,29,mikarka,¥225.58,4.5,mikarka,,,,,,https://www.amazon.com/mikarka-Wedge-Sandals-Women-Comfortable/dp/B0DPMBZT18/ref=sr_1_26?dib=eyJ2IjoiMSJ9.Eno-3pT4ZhH3sPPabT7cSo-udsfQW29AVpi-WOzQl-UhnpOHkv9SLh4cxoLSh7YAdHjC7nxBIzFH1q6oIT8_C1nAkYQhhU7ejh2L4-g495a4MqprgiNpKp5S2-TxNHH2Ep1Hi5bJnk_3tYYtl45rDw-_DK_fE_2G3FaZwUeOczdJSxhW54wktl4cUVXXFlgU0ghf9sIemxH44_Ik_Dxf3oBkRWXwxPiSGaJHmAJotSM1ZyW33hJd9Hzm4Jh_qC-ySdCEav7G0d4eFAeLT9iKeTr8phws7ytEqt8u7xRWqxw.6VH9YV9gRZTATG33rMoVtLefM1WL7ZpzFFJiWdLmqDs&dib_tag=se&keywords=platform+sandals+women&qid=1783424001&sr=8-26,https://m.media-amazon.com/images/I/610FEH2unfS._AC_UL320_.jpg,52,排名进入前30；价格处于人民币等值¥180.00-¥288.00区间；评分达到4.3以上。
2026-07-07,amazon_us,product,best_sellers,Best Sellers Women Sandals,11,"CUSHIONAIRE Luna Sandals for Women, Cork Footbed Womens Sandals for Summer Comfort with Adjustable Straps, Wide Width Available",,4.5,$33.23,,,,,,https://www.amazon.com/CUSHIONAIRE-Next-Womens-Slide-Sandals-Brown/dp/B073XSLL5P/ref=zg_bs_g_679425011_d_sccl_11/135-3238873-6254037?psc=1,"https://images-na.ssl-images-amazon.com/images/I/81TDeaArVJL._AC_UL600_SR600,400_.jpg",51,排名进入前30；标题包含 comfort、summer，符合美国女鞋舒适化趋势；评分达到4.3以上。
2026-07-07,amazon_us,product,new_releases,New Releases Women Sandals,23,Noctivelle Women Kitten Heeled Sandals Waterproof Thong Flip Flops Memory Foam Comfort Insole Summer Quick Dry Casual Pool Beach Shoes,,4.0,$22.99,,,,,,https://www.amazon.com/Noctivelle-Women-Kitten-Heeled-Sandals/dp/B0H5C4GKMC/ref=zg_bsnr_g_679425011_d_sccl_23/146-1935481-6911605?psc=1,"https://images-na.ssl-images-amazon.com/images/I/71O8VgpBC3L._AC_UL600_SR600,400_.jpg",51,排名进入前30；标题包含 comfort、beach、summer，符合美国女鞋舒适化趋势；评分达到4.0以上。
2026-07-07,amazon_us,product,new_releases,New Releases Women Sandals,19,Women's Sandals Summer Fashion Flat Sandals Comfort Slip On Leather Sandals,,,$71.99,,,,,,https://www.amazon.com/Womens-Sandals-Fashion-Comfort-Leather/dp/B0H6GMC15S/ref=zg_bsnr_g_679425011_d_sccl_19/146-1935481-6911605?psc=1,"https://images-na.ssl-images-amazon.com/images/I/51dA1K-kTRL._AC_UL600_SR600,400_.jpg",49,排名进入前30；评论数达到50以上；标题包含 comfort、summer，符合美国女鞋舒适化趋势。
2026-07-07,amazon_us,product,search,platform sandals women,12,EQAUDES,¥220.61,4.2,EQAUDES,,,,,,https://www.amazon.com/EQAUDES-Platform-Espadrille-Sandals-Flatform/dp/B0C6XLWPN9/ref=sr_1_9?dib=eyJ2IjoiMSJ9.Eno-3pT4ZhH3sPPabT7cSo-udsfQW29AVpi-WOzQl-UhnpOHkv9SLh4cxoLSh7YAdHjC7nxBIzFH1q6oIT8_C1nAkYQhhU7ejh2L4-g495a4MqprgiNpKp5S2-TxNHH2Ep1Hi5bJnk_3tYYtl45rDw-_DK_fE_2G3FaZwUeOczdJSxhW54wktl4cUVXXFlgU0ghf9sIemxH44_Ik_Dxf3oBkRWXwxPiSGaJHmAJotSM1ZyW33hJd9Hzm4Jh_qC-ySdCEav7G0d4eFAeLT9iKeTr8phws7ytEqt8u7xRWqxw.6VH9YV9gRZTATG33rMoVtLefM1WL7ZpzFFJiWdLmqDs&dib_tag=se&keywords=platform+sandals+women&qid=1783424001&sr=8-9,https://m.media-amazon.com/images/I/81juIfWU4pL._AC_UL320_.jpg,49,排名进入前30；价格处于人民币等值¥180.00-¥288.00区间；评分达到4.0以上。
2026-07-07,amazon_us,product,search,platform sandals women,26,Coutgo,¥287.93,4.1,Coutgo,,,,,,https://www.amazon.com/Coutgo-Womens-Platform-Sandals-Espadrilles/dp/B0DJVQ5L69/ref=sr_1_23?dib=eyJ2IjoiMSJ9.Eno-3pT4ZhH3sPPabT7cSo-udsfQW29AVpi-WOzQl-UhnpOHkv9SLh4cxoLSh7YAdHjC7nxBIzFH1q6oIT8_C1nAkYQhhU7ejh2L4-g495a4MqprgiNpKp5S2-TxNHH2Ep1Hi5bJnk_3tYYtl45rDw-_DK_fE_2G3FaZwUeOczdJSxhW54wktl4cUVXXFlgU0ghf9sIemxH44_Ik_Dxf3oBkRWXwxPiSGaJHmAJotSM1ZyW33hJd9Hzm4Jh_qC-ySdCEav7G0d4eFAeLT9iKeTr8phws7ytEqt8u7xRWqxw.6VH9YV9gRZTATG33rMoVtLefM1WL7ZpzFFJiWdLmqDs&dib_tag=se&keywords=platform+sandals+women&qid=1783424001&sr=8-23,https://m.media-amazon.com/images/I/71969BHDGrL._AC_UL320_.jpg,49,排名进入前30；价格处于人民币等值¥180.00-¥288.00区间；评分达到4.0以上。
2026-07-07,amazon_us,product,new_releases,New Releases Women Sandals,14,BRONAX Jelly Slides Sandals for Women | Hollow Out Breathable Flats | Slip-on Summer Beach Shoes,,4.4,$19.99,,,,,,https://www.amazon.com/BRONAX-Jellies-Breathable-Non-Slip-Water-Resistant/dp/B0H149XQJB/ref=zg_bsnr_g_679425011_d_sccl_14/146-1935481-6911605?psc=1,"https://images-na.ssl-images-amazon.com/images/I/81YBWZSREvL._AC_UL600_SR600,400_.jpg",48,排名进入前30；标题包含 beach、summer，符合美国女鞋舒适化趋势；评分达到4.3以上。
2026-07-07,amazon_us,product,new_releases,New Releases Women Sandals,22,Glamnest Women's Kitten Heel Sandals Square Open Toe Slip On Flip Flop Heels Comfortable 2 Inch Heeled Sandals Thong Party Dress Summer Travel Wedding,,4.1,$31.99,,,,,,https://www.amazon.com/Glamnest-Womens-Kitten-Comfortable-Wedding/dp/B0GLZ4Q81C/ref=zg_bsnr_g_679425011_d_sccl_22/146-1935481-6911605?psc=1,"https://images-na.ssl-images-amazon.com/images/I/61TP1DPnvlL._AC_UL600_SR600,400_.jpg",48,排名进入前30；标题包含 comfort、summer，符合美国女鞋舒适化趋势；评分达到4.0以上。
2026-07-07,amazon_us,product,search,women summer slippers,42,Open Toe Summer Slippers for Women - Arch Support Comfy & Cute Slip-On Indoor/Outdoor House Slippers with Non-Slip TPR Outsole,¥168.41,4.1,"Price, product page $23.39 $ 23 . 39 Typical: $25.99 Typical: $25.99 $25.99",,,,,,https://www.amazon.com/SaDuck-Summer-Slippers-Women-Slip/dp/B0GLNVHZ5M/ref=sr_1_42?dib=eyJ2IjoiMSJ9.eryIOQYLmpfoJ5akPXBuO7sOS6ntc4QruTbqDWb3OBOQn_myWp8a9LOIVfyKSOy0EzJPqVSewteBaa1pbSDDv7FkwlxKyH2U3zsRnD7GCEqIAkwfAR6ukf09NdIy2nDTSkMY8bMDfvWy5UGlwBc4DwQVkpF7pXzjuoy0nw4EU5VtoUOKs4ijt9KW_PZ4nxfZtWrfFt3RUpTvjXP-3ubrbn25t9NsQDHClb1alKvwjzF82m-3LlCmtL2g9MxHG1szxBEIjAwBM4xeMR6BjTutCBbUXLs7m3ui27tH-iSqa4I.8aoP0JOW3VPvShmjrcI8oyzKM9ab5vK4t6sZYkPyuoY&dib_tag=se&keywords=women+summer+slippers&qid=1783424000&sr=8-42,https://m.media-amazon.com/images/I/71LNEIAFQiL._AC_UL320_.jpg,48,排名进入前50；价格处于人民币等值¥57.60-¥180.00黄金区间；标题包含 arch support、summer，符合美国女鞋舒适化趋势；评分达到4.0以上。
2026-07-07,amazon_us,product,search,women slides,18,Nike,¥396.00,4.6,Nike,,,,,,https://www.amazon.com/Nike-Womens-Slides-Sandal-Sail-Sail/dp/B0F8RWJWPP/ref=sr_1_15?dib=eyJ2IjoiMSJ9.wrqHnvIFpzxZDCy1gVq3f2HcNswV2RaHhxwkGjsTd_XuNiUmGi-M-lWtR9c2N2re6Xw3wrFItUvsbQKqG_DbrXAIB3PBBMlTgzufnVHZ6bPV0AfCvLiusJgvsRVsSCpdtNoA4_-EtsTsLI3hnvfltwNmgtDP0F6xSpoEFBRvc093OKeX5vhblSWuvZseXfCGUqAFLNIUpbTUz_c4-_jM_qWCITTfUPwqdrZ9OCsf_4ZMGtMW86vOOvCjVmMlJj45eynDQpuGfsVLWGBjhZUFFUFowMHm5WZ2pDFB-NuSnXk.SoH3lsf2fUFJzM6ytFMUJ41DhvK_wNZPfbC8wzI4bFw&dib_tag=se&keywords=women+slides&qid=1783424001&sr=8-15,https://m.media-amazon.com/images/I/51cWuQbsCJL._AC_UL320_.jpg,48,排名进入前30；价格高于人民币等值¥288.00；评分达到4.6以上。
2026-07-07,amazon_us,product,search,platform sandals women,28,Teva,¥467.93,4.6,Teva,,,,,,https://www.amazon.com/Teva-Womens-Flatform-Universal-Platform/dp/B00KXD9RDA/ref=sr_1_25?dib=eyJ2IjoiMSJ9.Eno-3pT4ZhH3sPPabT7cSo-udsfQW29AVpi-WOzQl-UhnpOHkv9SLh4cxoLSh7YAdHjC7nxBIzFH1q6oIT8_C1nAkYQhhU7ejh2L4-g495a4MqprgiNpKp5S2-TxNHH2Ep1Hi5bJnk_3tYYtl45rDw-_DK_fE_2G3FaZwUeOczdJSxhW54wktl4cUVXXFlgU0ghf9sIemxH44_Ik_Dxf3oBkRWXwxPiSGaJHmAJotSM1ZyW33hJd9Hzm4Jh_qC-ySdCEav7G0d4eFAeLT9iKeTr8phws7ytEqt8u7xRWqxw.6VH9YV9gRZTATG33rMoVtLefM1WL7ZpzFFJiWdLmqDs&dib_tag=se&keywords=platform+sandals+women&qid=1783424001&sr=8-25,https://m.media-amazon.com/images/I/51hzsC5dKSL._AC_UL320_.jpg,48,排名进入前30；价格高于人民币等值¥288.00；评分达到4.6以上。
2026-07-07,amazon_us,product,best_sellers,Best Sellers Women Sandals,44,KIDMI Women's Arch Support Flip Flops with Soft Cushion Comfortable Summer Beach Slip On Walking Thong Sandals,,4.4,$19.98,,,,,,https://www.amazon.com/KIDMI-Womens-Comfortable-Walking-Sandals/dp/B0FC28GT31/ref=zg_bs_g_679425011_d_sccl_44/146-1935481-6911605?psc=1,"https://images-na.ssl-images-amazon.com/images/I/71ZQBGX7l8L._AC_UL300_SR300,200_.jpg",47,排名进入前50；标题包含 comfort、arch support、soft、beach、summer，符合美国女鞋舒适化趋势；评分达到4.3以上。
2026-07-07,amazon_us,product,best_sellers,Best Sellers Women Sandals,47,Comwarm Cloud Slide Sandals for Women Men Ultra Comfort Recovery Pillow Slippers Soft Summer Beach Shoes with Low Arch Support,,4.3,$9.99,,,,,,https://www.amazon.com/Sandals-Lightweight-Bathroom-Non-Slip-Slippers/dp/B099DTRKSL/ref=zg_bs_g_679425011_d_sccl_47/146-1935481-6911605?psc=1,"https://images-na.ssl-images-amazon.com/images/I/71uNAZpAhiL._AC_UL300_SR300,200_.jpg",47,排名进入前50；标题包含 cloud、recovery、comfort、arch support、soft、beach、summer，符合美国女鞋舒适化趋势；评分达到4.3以上。
2026-07-07,amazon_us,product,best_sellers,Best Sellers Women Sandals,13,shevalues Slim Flip Flops for Women Beach Rubber Shower Shoes Basic Thong Sandals,,4.4,$8.54,,,,,,https://www.amazon.com/shevalues-Shower-Rubber-Sandals-Comfortable/dp/B0B68G2D52/ref=zg_bs_g_679425011_d_sccl_13/135-3238873-6254037?psc=1,"https://images-na.ssl-images-amazon.com/images/I/61X4Xy4XRFL._AC_UL600_SR600,400_.jpg",45,排名进入前30；标题包含 beach，符合美国女鞋舒适化趋势；评分达到4.3以上。
2026-07-07,amazon_us,product,best_sellers,Best Sellers Women Sandals,36,Project Cloud 100% Genuine Leather Sandals Women Dressy Beach Essentials Slides for Women Footwear - Lightweight with Memory Foam Insole Sandals for Women 2026 - Womens Slides,,4.1,$32.90,,,,,,https://www.amazon.com/Project-Cloud-Genuine-Leather-Essentials/dp/B0CP4K9S8T/ref=zg_bs_g_679425011_d_sccl_36/146-1935481-6911605?psc=1,"https://images-na.ssl-images-amazon.com/images/I/813h1QBU5fL._AC_UL300_SR300,200_.jpg",45,排名进入前50；标题包含 cloud、beach，符合美国女鞋舒适化趋势；cloud + slides组合趋势加分；评分达到4.0以上。
2026-07-07,amazon_us,product,best_sellers,Best Sellers Women Sandals,49,Project Cloud 100% Genuine Leather Sandals for Women 2026 - Fashion Flat Womens Sandals with Memory Foam Insole Slides Sandals Women Footwear - Mules Women's Sandals (Jannel),,4.3,$49.90,,,,,,https://www.amazon.com/Project-Cloud-Fashion-Sandals-Women/dp/B0CQ716Z3L/ref=zg_bs_g_679425011_d_sccl_49/146-1935481-6911605?psc=1,"https://images-na.ssl-images-amazon.com/images/I/71WxLxLw-rL._AC_UL300_SR300,200_.jpg",45,排名进入前50；标题包含 cloud，符合美国女鞋舒适化趋势；cloud + slides组合趋势加分；评分达到4.3以上。
2026-07-07,amazon_us,product,new_releases,New Releases Women Sandals,3,"CUSHIONAIRE Vita Jelly Sandals for Women, Casual Lightweight Womens Strappy Sandals with Adjustable Buckle Strap and Gold Hardware Accent",,3.9,$39.99,,,,,,https://www.amazon.com/CUSHIONAIRE-Sandals-Lightweight-Adjustable-Hardware/dp/B0H1Y94T1T/ref=zg_bsnr_g_679425011_d_sccl_3/146-1935481-6911605?psc=1,"https://images-na.ssl-images-amazon.com/images/I/81Uy6Bt6XaL._AC_UL600_SR600,400_.jpg",45,排名靠前。
2026-07-07,amazon_us,product,new_releases,New Releases Women Sandals,11,"CUSHIONAIRE Mezzo Clear Strap Kitten Heels for Women, Square Toe Flip Flop Sandal Heels with Memory Foam Comfort",,4.1,$49.99,,,,,,https://www.amazon.com/CUSHIONAIRE-Kitten-Square-Sandal-Comfort/dp/B0GZHWP9H3/ref=zg_bsnr_g_679425011_d_sccl_11/146-1935481-6911605?psc=1,"https://images-na.ssl-images-amazon.com/images/I/713Q6uXZZqL._AC_UL600_SR600,400_.jpg",45,排名进入前30；标题包含 comfort，符合美国女鞋舒适化趋势；评分达到4.0以上。
2026-07-07,amazon_us,product,new_releases,New Releases Women Sandals,50,SUITSER Womens Sport Hiking Sandals Comfortable Walking Sandals Quick-Drying Water Beach Outdoor Summer Shoes with Arch Support & Adjustable Straps,,4.3,$18.49,,,,,,https://www.amazon.com/SUITSER-Sandals-Comfortable-Quick-Drying-Adjustable/dp/B0GVN5117T/ref=zg_bsnr_g_679425011_d_sccl_50/146-1935481-6911605?psc=1,"https://images-na.ssl-images-amazon.com/images/I/811sNtzmyIL._AC_UL300_SR300,200_.jpg",45,排名进入前50；标题包含 comfort、arch support、beach、summer，符合美国女鞋舒适化趋势；评分达到4.3以上。
2026-07-07,amazon_us,product,search,women summer slippers,34,Project Cloud,¥287.28,4.4,Project Cloud,,,,,,https://www.amazon.com/Project-Cloud-Comfortable-Essentials-Vacation/dp/B0CNYCN928/ref=sr_1_34?dib=eyJ2IjoiMSJ9.eryIOQYLmpfoJ5akPXBuO7sOS6ntc4QruTbqDWb3OBOQn_myWp8a9LOIVfyKSOy0EzJPqVSewteBaa1pbSDDv7FkwlxKyH2U3zsRnD7GCEqIAkwfAR6ukf09NdIy2nDTSkMY8bMDfvWy5UGlwBc4DwQVkpF7pXzjuoy0nw4EU5VtoUOKs4ijt9KW_PZ4nxfZtWrfFt3RUpTvjXP-3ubrbn25t9NsQDHClb1alKvwjzF82m-3LlCmtL2g9MxHG1szxBEIjAwBM4xeMR6BjTutCBbUXLs7m3ui27tH-iSqa4I.8aoP0JOW3VPvShmjrcI8oyzKM9ab5vK4t6sZYkPyuoY&dib_tag=se&keywords=women+summer+slippers&qid=1783424000&sr=8-34,https://m.media-amazon.com/images/I/61PPWwEkHDL._AC_UL320_.jpg,45,排名进入前50；价格处于人民币等值¥180.00-¥288.00区间；标题包含 cloud，符合美国女鞋舒适化趋势；评分达到4.3以上。
2026-07-07,amazon_us,product,search,women slides,21,OOFOS,¥431.64,4.4,OOFOS,,,,,,https://www.amazon.com/OOFOS-OOahh-Unisex-Slide-Sandal/dp/B0B6GN7M6R/ref=sr_1_18?dib=eyJ2IjoiMSJ9.wrqHnvIFpzxZDCy1gVq3f2HcNswV2RaHhxwkGjsTd_XuNiUmGi-M-lWtR9c2N2re6Xw3wrFItUvsbQKqG_DbrXAIB3PBBMlTgzufnVHZ6bPV0AfCvLiusJgvsRVsSCpdtNoA4_-EtsTsLI3hnvfltwNmgtDP0F6xSpoEFBRvc093OKeX5vhblSWuvZseXfCGUqAFLNIUpbTUz_c4-_jM_qWCITTfUPwqdrZ9OCsf_4ZMGtMW86vOOvCjVmMlJj45eynDQpuGfsVLWGBjhZUFFUFowMHm5WZ2pDFB-NuSnXk.SoH3lsf2fUFJzM6ytFMUJ41DhvK_wNZPfbC8wzI4bFw&dib_tag=se&keywords=women+slides&qid=1783424001&sr=8-18,https://m.media-amazon.com/images/I/51dH7-05JjL._AC_UL320_.jpg,45,排名进入前30；价格高于人民币等值¥288.00；评分达到4.3以上。
2026-07-07,amazon_us,product,new_releases,New Releases Women Sandals,43,"KuaiLu Womens Recovery Flip Flops with Comfortable Plantar Fasciitis Arch Support Orthotic Thong Sandals Cushion Sport Slides Reduces Stress on Feet, Joints & Back Post-Exercise",,4.1,$39.98,,,,,,https://www.amazon.com/KuaiLu-Recovery-Comfortable-Fasciitis-Orthopedic/dp/B0GQSYMH2J/ref=zg_bsnr_g_679425011_d_sccl_43/146-1935481-6911605?psc=1,"https://images-na.ssl-images-amazon.com/images/I/71o4Iu4D0WL._AC_UL300_SR300,200_.jpg",44,排名进入前50；标题包含 recovery、comfort、arch support，符合美国女鞋舒适化趋势；评分达到4.0以上。
2026-07-07,amazon_us,product,best_sellers,Best Sellers Women Sandals,39,OOFOS OOriginal Recovery Sandal - Women’s and Men’s,,4.6,$54.99,,,,,,https://www.amazon.com/OOFOS-Unisex-Original-Thong-Black/dp/B007VDSTW0/ref=zg_bs_g_679425011_d_sccl_39/146-1935481-6911605?psc=1,"https://images-na.ssl-images-amazon.com/images/I/51qiZpHX64L._AC_UL300_SR300,200_.jpg",43,排名进入前50；评论数达到50以上；标题包含 recovery，符合美国女鞋舒适化趋势；评分达到4.6以上。
2026-07-07,amazon_us,product,best_sellers,Best Sellers Women Sandals,12,Joomra Pillow Slippers for Women and Men Non Slip Quick Drying Shower Slides Bathroom Sandals | Ultra Cushion | Thick Sole,,4.3,$20.34,,,,,,https://www.amazon.com/Joomra-Slippers-Massage-Bathroom-Platform/dp/B09652VJP1/ref=zg_bs_g_679425011_d_sccl_12/135-3238873-6254037?psc=1,"https://images-na.ssl-images-amazon.com/images/I/71pkhgTTRXL._AC_UL600_SR600,400_.jpg",42,排名进入前30；评分达到4.3以上。
2026-07-07,amazon_us,product,best_sellers,Best Sellers Women Sandals,14,WHITIN Slippers for Women Non Slip | Cushioned Thick Sole Slides | Quick Drying Bathroom Sandals,,4.4,$9.98,,,,,,https://www.amazon.com/WHITIN-Slippers-Sandals-Fashionable-Lightweight/dp/B0C1C3MKLF/ref=zg_bs_g_679425011_d_sccl_14/135-3238873-6254037?psc=1,"https://images-na.ssl-images-amazon.com/images/I/71nA8egRirL._AC_UL600_SR600,400_.jpg",42,排名进入前30；评分达到4.3以上。
2026-07-07,amazon_us,product,best_sellers,Best Sellers Women Sandals,26,Havaianas Women's Slim Square Solid Flip Flops,,4.3,$32.00,,,,,,https://www.amazon.com/Havaianas-Womens-Square-Solid-Medium/dp/B0BBPX6J6F/ref=zg_bs_g_679425011_d_sccl_26/135-3238873-6254037?psc=1,"https://images-na.ssl-images-amazon.com/images/I/519tF5UFGFL._AC_UL600_SR600,400_.jpg",42,排名进入前30；评分达到4.3以上。
2026-07-07,amazon_us,product,best_sellers,Best Sellers Women Sandals,27,REEF Womens Bliss Nights Flip Flop,,4.3,$34.99,,,,,,https://www.amazon.com/Reef-Womens-Bliss-Nights-Flip-Flop/dp/B01GQO5292/ref=zg_bs_g_679425011_d_sccl_27/135-3238873-6254037?psc=1,"https://images-na.ssl-images-amazon.com/images/I/51QnLKsP3vL._AC_UL600_SR600,400_.jpg",42,排名进入前30；评分达到4.3以上。
2026-07-07,amazon_us,product,best_sellers,Best Sellers Women Sandals,30,REEF Women's Cushion Breeze Flip Flops,,4.4,$44.99,,,,,,https://www.amazon.com/Reef-Womens-Cushion-Breeze-Flip-Flop/dp/B07CZ32X2L/ref=zg_bs_g_679425011_d_sccl_30/135-3238873-6254037?psc=1,"https://images-na.ssl-images-amazon.com/images/I/51aJDTYSrJL._AC_UL600_SR600,400_.jpg",42,排名进入前30；评分达到4.3以上。
2026-07-07,amazon_us,product,best_sellers,Best Sellers Women Sandals,41,KuaiLu Womens Casual Flip Flops with Comfortable Arch Support Yoga Mat Summer Beach Walking Thong Cushion Sandals Lightweight Flats Non-Slip Shoes Indoor Outdoor,,4.2,$23.98,,,,,,https://www.amazon.com/KuaiLu-Comfortable-Orthotic-Recovery-Fasciitis/dp/B08TTPF1X9/ref=zg_bs_g_679425011_d_sccl_41/146-1935481-6911605?psc=1,"https://images-na.ssl-images-amazon.com/images/I/61TtgwlEaSL._AC_UL300_SR300,200_.jpg",42,排名进入前50；标题包含 comfort、arch support、beach、summer，符合美国女鞋舒适化趋势；评分达到4.0以上。
2026-07-07,amazon_us,product,new_releases,New Releases Women Sandals,21,iiimmu 3.5 IN Stiletto Mules High Heels with Pointed Peep Toe Heeled Sandals Faux Leather,,4.4,$49.99,,,,,,https://www.amazon.com/iiimmu-Black-Heels-Open-Toe/dp/B0GXFD9BTT/ref=zg_bsnr_g_679425011_d_sccl_21/146-1935481-6911605?psc=1,"https://images-na.ssl-images-amazon.com/images/I/71Yh8ITyR9L._AC_UL600_SR600,400_.jpg",42,排名进入前30；评分达到4.3以上。
2026-07-07,amazon_us,product,search,women summer slippers,32,EverFoams,¥93.53,4.4,EverFoams,,,,,,https://www.amazon.com/EverFoams-Slippers-Outdoor-Outsole-Vanilla/dp/B0DPZPQ4JW/ref=sr_1_32?dib=eyJ2IjoiMSJ9.eryIOQYLmpfoJ5akPXBuO7sOS6ntc4QruTbqDWb3OBOQn_myWp8a9LOIVfyKSOy0EzJPqVSewteBaa1pbSDDv7FkwlxKyH2U3zsRnD7GCEqIAkwfAR6ukf09NdIy2nDTSkMY8bMDfvWy5UGlwBc4DwQVkpF7pXzjuoy0nw4EU5VtoUOKs4ijt9KW_PZ4nxfZtWrfFt3RUpTvjXP-3ubrbn25t9NsQDHClb1alKvwjzF82m-3LlCmtL2g9MxHG1szxBEIjAwBM4xeMR6BjTutCBbUXLs7m3ui27tH-iSqa4I.8aoP0JOW3VPvShmjrcI8oyzKM9ab5vK4t6sZYkPyuoY&dib_tag=se&keywords=women+summer+slippers&qid=1783424000&sr=8-32,https://m.media-amazon.com/images/I/61CsE2rT4gL._AC_UL320_.jpg,42,排名进入前50；价格处于人民币等值¥57.60-¥180.00黄金区间；评分达到4.3以上。
2026-07-07,amazon_us,product,search,women summer slippers,41,NineCiFun,¥143.93,4.4,NineCiFun,,,,,,https://www.amazon.com/NineCiFun-Slippers-Open-toe-Crossbands-Bedroom/dp/B0GLG28339/ref=sr_1_41?dib=eyJ2IjoiMSJ9.eryIOQYLmpfoJ5akPXBuO7sOS6ntc4QruTbqDWb3OBOQn_myWp8a9LOIVfyKSOy0EzJPqVSewteBaa1pbSDDv7FkwlxKyH2U3zsRnD7GCEqIAkwfAR6ukf09NdIy2nDTSkMY8bMDfvWy5UGlwBc4DwQVkpF7pXzjuoy0nw4EU5VtoUOKs4ijt9KW_PZ4nxfZtWrfFt3RUpTvjXP-3ubrbn25t9NsQDHClb1alKvwjzF82m-3LlCmtL2g9MxHG1szxBEIjAwBM4xeMR6BjTutCBbUXLs7m3ui27tH-iSqa4I.8aoP0JOW3VPvShmjrcI8oyzKM9ab5vK4t6sZYkPyuoY&dib_tag=se&keywords=women+summer+slippers&qid=1783424000&sr=8-41,https://m.media-amazon.com/images/I/610PLirjsKL._AC_UL320_.jpg,42,排名进入前50；价格处于人民币等值¥57.60-¥180.00黄金区间；评分达到4.3以上。
2026-07-07,amazon_us,product,search,women summer slippers,47,Crocs,¥179.93,4.4,Crocs,,,,,,https://www.amazon.com/Crocs-Womens-Kadee-Ii-Flip/dp/B010123EV8/ref=sr_1_47?dib=eyJ2IjoiMSJ9.eryIOQYLmpfoJ5akPXBuO7sOS6ntc4QruTbqDWb3OBOQn_myWp8a9LOIVfyKSOy0EzJPqVSewteBaa1pbSDDv7FkwlxKyH2U3zsRnD7GCEqIAkwfAR6ukf09NdIy2nDTSkMY8bMDfvWy5UGlwBc4DwQVkpF7pXzjuoy0nw4EU5VtoUOKs4ijt9KW_PZ4nxfZtWrfFt3RUpTvjXP-3ubrbn25t9NsQDHClb1alKvwjzF82m-3LlCmtL2g9MxHG1szxBEIjAwBM4xeMR6BjTutCBbUXLs7m3ui27tH-iSqa4I.8aoP0JOW3VPvShmjrcI8oyzKM9ab5vK4t6sZYkPyuoY&dib_tag=se&keywords=women+summer+slippers&qid=1783424000&sr=8-47,https://m.media-amazon.com/images/I/61zhSrNbuaL._AC_UL320_.jpg,42,排名进入前50；价格处于人民币等值¥57.60-¥180.00黄金区间；评分达到4.3以上。
2026-07-07,amazon_us,product,search,women slides,35,mazeskin,¥71.93,4.3,mazeskin,,,,,,https://www.amazon.com/mazeskin-Womens-Comfortable-Sandals-Leather/dp/B0F32KMZ18/ref=sr_1_32?dib=eyJ2IjoiMSJ9.wrqHnvIFpzxZDCy1gVq3f2HcNswV2RaHhxwkGjsTd_XuNiUmGi-M-lWtR9c2N2re6Xw3wrFItUvsbQKqG_DbrXAIB3PBBMlTgzufnVHZ6bPV0AfCvLiusJgvsRVsSCpdtNoA4_-EtsTsLI3hnvfltwNmgtDP0F6xSpoEFBRvc093OKeX5vhblSWuvZseXfCGUqAFLNIUpbTUz_c4-_jM_qWCITTfUPwqdrZ9OCsf_4ZMGtMW86vOOvCjVmMlJj45eynDQpuGfsVLWGBjhZUFFUFowMHm5WZ2pDFB-NuSnXk.SoH3lsf2fUFJzM6ytFMUJ41DhvK_wNZPfbC8wzI4bFw&dib_tag=se&keywords=women+slides&qid=1783424001&sr=8-32,https://m.media-amazon.com/images/I/71jV8GHPNSL._AC_UL320_.jpg,42,排名进入前50；价格处于人民币等值¥57.60-¥180.00黄金区间；评分达到4.3以上。
2026-07-07,amazon_us,product,search,women slides,41,Joomra,¥146.52,4.3,Joomra,,,,,,https://www.amazon.com/Joomra-Slippers-Massage-Cushioned-Bathroom/dp/B09C1RFQ87/ref=sr_1_38?dib=eyJ2IjoiMSJ9.wrqHnvIFpzxZDCy1gVq3f2HcNswV2RaHhxwkGjsTd_XuNiUmGi-M-lWtR9c2N2re6Xw3wrFItUvsbQKqG_DbrXAIB3PBBMlTgzufnVHZ6bPV0AfCvLiusJgvsRVsSCpdtNoA4_-EtsTsLI3hnvfltwNmgtDP0F6xSpoEFBRvc093OKeX5vhblSWuvZseXfCGUqAFLNIUpbTUz_c4-_jM_qWCITTfUPwqdrZ9OCsf_4ZMGtMW86vOOvCjVmMlJj45eynDQpuGfsVLWGBjhZUFFUFowMHm5WZ2pDFB-NuSnXk.SoH3lsf2fUFJzM6ytFMUJ41DhvK_wNZPfbC8wzI4bFw&dib_tag=se&keywords=women+slides&qid=1783424001&sr=8-38,https://m.media-amazon.com/images/I/61-Aatjne0L._AC_UL320_.jpg,42,排名进入前50；价格处于人民币等值¥57.60-¥180.00黄金区间；评分达到4.3以上。
2026-07-07,amazon_us,product,search,women slides,45,shevalues,¥71.86,4.4,shevalues,,,,,,https://www.amazon.com/shevalues-Quick-Dry-Shower-Pink-Update/dp/B07759MD3B/ref=sr_1_42?dib=eyJ2IjoiMSJ9.wrqHnvIFpzxZDCy1gVq3f2HcNswV2RaHhxwkGjsTd_XuNiUmGi-M-lWtR9c2N2re6Xw3wrFItUvsbQKqG_DbrXAIB3PBBMlTgzufnVHZ6bPV0AfCvLiusJgvsRVsSCpdtNoA4_-EtsTsLI3hnvfltwNmgtDP0F6xSpoEFBRvc093OKeX5vhblSWuvZseXfCGUqAFLNIUpbTUz_c4-_jM_qWCITTfUPwqdrZ9OCsf_4ZMGtMW86vOOvCjVmMlJj45eynDQpuGfsVLWGBjhZUFFUFowMHm5WZ2pDFB-NuSnXk.SoH3lsf2fUFJzM6ytFMUJ41DhvK_wNZPfbC8wzI4bFw&dib_tag=se&keywords=women+slides&qid=1783424001&sr=8-42,https://m.media-amazon.com/images/I/51tSepxKI5L._AC_UL320_.jpg,42,排名进入前50；价格处于人民币等值¥57.60-¥180.00黄金区间；评分达到4.3以上。
2026-07-07,amazon_us,product,search,women slides,47,Weweya,¥71.93,4.4,Weweya,,,,,,https://www.amazon.com/Weweya-Shower-Non-Slip-Outdoor-Sandals/dp/B0F1XTPHY8/ref=sr_1_44?dib=eyJ2IjoiMSJ9.wrqHnvIFpzxZDCy1gVq3f2HcNswV2RaHhxwkGjsTd_XuNiUmGi-M-lWtR9c2N2re6Xw3wrFItUvsbQKqG_DbrXAIB3PBBMlTgzufnVHZ6bPV0AfCvLiusJgvsRVsSCpdtNoA4_-EtsTsLI3hnvfltwNmgtDP0F6xSpoEFBRvc093OKeX5vhblSWuvZseXfCGUqAFLNIUpbTUz_c4-_jM_qWCITTfUPwqdrZ9OCsf_4ZMGtMW86vOOvCjVmMlJj45eynDQpuGfsVLWGBjhZUFFUFowMHm5WZ2pDFB-NuSnXk.SoH3lsf2fUFJzM6ytFMUJ41DhvK_wNZPfbC8wzI4bFw&dib_tag=se&keywords=women+slides&qid=1783424001&sr=8-44,https://m.media-amazon.com/images/I/61QGXLFgg+L._AC_UL320_.jpg,42,排名进入前50；价格处于人民币等值¥57.60-¥180.00黄金区间；评分达到4.3以上。
2026-07-07,amazon_us,product,best_sellers,Best Sellers Women Sandals,19,"CUSHIONAIRE Splash Jelly Flip Flops for Women With Flexible Sole, Soft Footbed Summer Sandals for Women",,3.7,$29.99,,,,,,https://www.amazon.com/CUSHIONAIRE-Flexible-Footbed-Sandals-WHISKEY/dp/B0FCZFSVZD/ref=zg_bs_g_679425011_d_sccl_19/135-3238873-6254037?psc=1,"https://images-na.ssl-images-amazon.com/images/I/71jSCW+w9gL._AC_UL600_SR600,400_.jpg",41,排名进入前30；标题包含 soft、summer，符合美国女鞋舒适化趋势。
2026-07-07,amazon_us,product,new_releases,New Releases Women Sandals,15,"CUSHIONAIRE Caper Jelly Sandals for Women, Comfortable Womens Slides with Cushioned Footbed and Wide Widths Available",,3.7,$39.99,,,,,,https://www.amazon.com/CUSHIONAIRE-Sandals-Comfortable-Cushioned-Available/dp/B0GXKGMJB1/ref=zg_bsnr_g_679425011_d_sccl_15/146-1935481-6911605?psc=1,"https://images-na.ssl-images-amazon.com/images/I/71jXtJ3qqEL._AC_UL600_SR600,400_.jpg",41,排名进入前30；标题包含 comfort，符合美国女鞋舒适化趋势。
2026-07-07,amazon_us,product,new_releases,New Releases Women Sandals,24,"CUSHIONAIRE Tropic Thong Jelly Flip Flops for Women with Square Toe and Wide Strap Design, Comfortable Lightweight Womens Sandals",,3.2,$34.99,,,,,,https://www.amazon.com/CUSHIONAIRE-Comfortable-Lightweight-Sandals-TORTOISE/dp/B0H2FP1P95/ref=zg_bsnr_g_679425011_d_sccl_24/146-1935481-6911605?psc=1,"https://images-na.ssl-images-amazon.com/images/I/71r1GbHxUpL._AC_UL600_SR600,400_.jpg",41,排名进入前30；标题包含 comfort，符合美国女鞋舒适化趋势。
2026-07-07,amazon_us,product,search,women slides,31,Nike,¥252.00,4.6,Nike,,,,,,https://www.amazon.com/Nike-Womens-Gymnastics-White-Black/dp/B08Q8RRJ5H/ref=sr_1_28?dib=eyJ2IjoiMSJ9.wrqHnvIFpzxZDCy1gVq3f2HcNswV2RaHhxwkGjsTd_XuNiUmGi-M-lWtR9c2N2re6Xw3wrFItUvsbQKqG_DbrXAIB3PBBMlTgzufnVHZ6bPV0AfCvLiusJgvsRVsSCpdtNoA4_-EtsTsLI3hnvfltwNmgtDP0F6xSpoEFBRvc093OKeX5vhblSWuvZseXfCGUqAFLNIUpbTUz_c4-_jM_qWCITTfUPwqdrZ9OCsf_4ZMGtMW86vOOvCjVmMlJj45eynDQpuGfsVLWGBjhZUFFUFowMHm5WZ2pDFB-NuSnXk.SoH3lsf2fUFJzM6ytFMUJ41DhvK_wNZPfbC8wzI4bFw&dib_tag=se&keywords=women+slides&qid=1783424001&sr=8-28,https://m.media-amazon.com/images/I/51npEYHZuAL._AC_UL320_.jpg,40,排名进入前50；价格处于人民币等值¥180.00-¥288.00区间；评分达到4.6以上。
2026-07-07,amazon_us,product,search,women slides,40,PUMA,¥252.00,4.6,PUMA,,,,,,https://www.amazon.com/PUMA-Womens-Slide-Sandal-Black-White-Pale/dp/B0B6QKC2XL/ref=sr_1_37?dib=eyJ2IjoiMSJ9.wrqHnvIFpzxZDCy1gVq3f2HcNswV2RaHhxwkGjsTd_XuNiUmGi-M-lWtR9c2N2re6Xw3wrFItUvsbQKqG_DbrXAIB3PBBMlTgzufnVHZ6bPV0AfCvLiusJgvsRVsSCpdtNoA4_-EtsTsLI3hnvfltwNmgtDP0F6xSpoEFBRvc093OKeX5vhblSWuvZseXfCGUqAFLNIUpbTUz_c4-_jM_qWCITTfUPwqdrZ9OCsf_4ZMGtMW86vOOvCjVmMlJj45eynDQpuGfsVLWGBjhZUFFUFowMHm5WZ2pDFB-NuSnXk.SoH3lsf2fUFJzM6ytFMUJ41DhvK_wNZPfbC8wzI4bFw&dib_tag=se&keywords=women+slides&qid=1783424001&sr=8-37,https://m.media-amazon.com/images/I/41vASSR+XuL._AC_UL320_.jpg,40,排名进入前50；价格处于人民币等值¥180.00-¥288.00区间；评分达到4.6以上。
2026-07-07,amazon_us,product,search,platform sandals women,32,vodvob,¥259.13,4.6,vodvob,,,,,,https://www.amazon.com/vodvob-Platform-Sandals-Adjustable-Flatform/dp/B0CW8YF5XW/ref=sr_1_29?dib=eyJ2IjoiMSJ9.Eno-3pT4ZhH3sPPabT7cSo-udsfQW29AVpi-WOzQl-UhnpOHkv9SLh4cxoLSh7YAdHjC7nxBIzFH1q6oIT8_C1nAkYQhhU7ejh2L4-g495a4MqprgiNpKp5S2-TxNHH2Ep1Hi5bJnk_3tYYtl45rDw-_DK_fE_2G3FaZwUeOczdJSxhW54wktl4cUVXXFlgU0ghf9sIemxH44_Ik_Dxf3oBkRWXwxPiSGaJHmAJotSM1ZyW33hJd9Hzm4Jh_qC-ySdCEav7G0d4eFAeLT9iKeTr8phws7ytEqt8u7xRWqxw.6VH9YV9gRZTATG33rMoVtLefM1WL7ZpzFFJiWdLmqDs&dib_tag=se&keywords=platform+sandals+women&qid=1783424001&sr=8-29,https://m.media-amazon.com/images/I/71ZrpOD4Q9L._AC_UL320_.jpg,40,排名进入前50；价格处于人民币等值¥180.00-¥288.00区间；评分达到4.6以上。
2026-07-07,amazon_us,product,best_sellers,Best Sellers Women Sandals,20,LULLASONG Women's Kitten Heels Sandals Square Open Toe Flip Flop Heels 1.8-2 Inch Heeled Sandals for Women,,4.2,$29.59,,,,,,https://www.amazon.com/LULLASONG-Womens-Kitten-Sandals-Square/dp/B0DCFSM597/ref=zg_bs_g_679425011_d_sccl_20/135-3238873-6254037?psc=1,"https://images-na.ssl-images-amazon.com/images/I/61aVZl7OhqL._AC_UL600_SR600,400_.jpg",39,排名进入前30；评分达到4.0以上。
2026-07-07,amazon_us,product,best_sellers,Best Sellers Women Sandals,33,COFACE Womens Fashion Orthotic Flip Flops Ladies Slip On Lightweight Athletic Yoga Mat Cushion Thong Sandals With Comfortable Plantar Fasciitis Arch Support,,4.4,$24.69,,,,,,https://www.amazon.com/COFACE-FlipFlops-Comfortable-Fasciitis-Fantastic/dp/B0BL74DGYW/ref=zg_bs_g_679425011_d_sccl_33/146-1935481-6911605?psc=1,"https://images-na.ssl-images-amazon.com/images/I/61N4A12WSZL._AC_UL300_SR300,200_.jpg",39,排名进入前50；标题包含 comfort、arch support，符合美国女鞋舒适化趋势；评分达到4.3以上。
2026-07-07,amazon_us,product,best_sellers,Best Sellers Women Sandals,37,Muboliy Women's Original Sandals Comfortable Quick-Drying Casual Sport Sandal Walking Hiking Water Sandals With Arch Support,,4.4,$19.99,,,,,,https://www.amazon.com/Original-Sandals-Support-Outdoor-Light-Weight/dp/B08Z2S9RTZ/ref=zg_bs_g_679425011_d_sccl_37/146-1935481-6911605?psc=1,"https://images-na.ssl-images-amazon.com/images/I/71stfT8jseL._AC_UL300_SR300,200_.jpg",39,排名进入前50；标题包含 comfort、arch support，符合美国女鞋舒适化趋势；评分达到4.3以上。
2026-07-07,amazon_us,product,new_releases,New Releases Women Sandals,13,"CUSHIONAIRE Shana Clear Jelly Strap Heels for Women, Flared Kitten Heel Slide with Cushioned Footbed and Split Toe",,4.2,$49.98,,,,,,https://www.amazon.com/CUSHIONAIRE-Flared-Cushioned-Footbed-TORTOISE/dp/B0H2FRHF7F/ref=zg_bsnr_g_679425011_d_sccl_13/146-1935481-6911605?psc=1,"https://images-na.ssl-images-amazon.com/images/I/71YZfL+oAFL._AC_UL600_SR600,400_.jpg",39,排名进入前30；评分达到4.0以上。
2026-07-07,amazon_us,product,new_releases,New Releases Women Sandals,28,"CUSHIONAIRE Tory Strappy Flat Sandals for Women, Toe Ring Sandals with Adjustable Buckle Ankle Strap, Wrap Style",,4.1,$39.99,,,,,,https://www.amazon.com/CUSHIONAIRE-Strappy-Sandals-Adjustable-Buckle/dp/B0H42DFYZ8/ref=zg_bsnr_g_679425011_d_sccl_28/146-1935481-6911605?psc=1,"https://images-na.ssl-images-amazon.com/images/I/81hP4YBoUmL._AC_UL600_SR600,400_.jpg",39,排名进入前30；评分达到4.0以上。
2026-07-07,amazon_us,product,new_releases,New Releases Women Sandals,33,"SHIBEVER Flat Sandals for Women Comfortable: Adjustable Buckle Ankle Strap Strappy Sandals Dressy Casual, Summer Walking Shoes for Beach Travel",,4.3,$26.99,,,,,,https://www.amazon.com/SHIBEVER-Sandals-Comfortable-Dressy-Walking/dp/B0GWZ3BYZ1/ref=zg_bsnr_g_679425011_d_sccl_33/146-1935481-6911605?psc=1,"https://images-na.ssl-images-amazon.com/images/I/71xAlpR57kL._AC_UL300_SR300,200_.jpg",39,排名进入前50；标题包含 comfort、beach、summer，符合美国女鞋舒适化趋势；评分达到4.3以上。
2026-07-07,amazon_us,product,new_releases,New Releases Women Sandals,47,"CUSHIONAIRE Trio Flip Flops for Women, Comfortable Beach Sandals with Braided Thong Strap, Memory Foam Footbed and Metallic Ring Accents",,4.8,$39.98,,,,,,https://www.amazon.com/CUSHIONAIRE-Comfortable-Sandals-Braided-Metallic/dp/B0H37DQXYT/ref=zg_bsnr_g_679425011_d_sccl_47/146-1935481-6911605?psc=1,"https://images-na.ssl-images-amazon.com/images/I/71Bu6Js8cPL._AC_UL300_SR300,200_.jpg",39,排名进入前50；标题包含 comfort、beach，符合美国女鞋舒适化趋势；评分达到4.6以上。
2026-07-07,amazon_us,product,search,women summer slippers,31,Dokela,¥71.93,4.2,Dokela,,,,,,https://www.amazon.com/Dokela-Slippers-Breathable-Machine-Washable/dp/B0GLH28M2B/ref=sr_1_31?dib=eyJ2IjoiMSJ9.eryIOQYLmpfoJ5akPXBuO7sOS6ntc4QruTbqDWb3OBOQn_myWp8a9LOIVfyKSOy0EzJPqVSewteBaa1pbSDDv7FkwlxKyH2U3zsRnD7GCEqIAkwfAR6ukf09NdIy2nDTSkMY8bMDfvWy5UGlwBc4DwQVkpF7pXzjuoy0nw4EU5VtoUOKs4ijt9KW_PZ4nxfZtWrfFt3RUpTvjXP-3ubrbn25t9NsQDHClb1alKvwjzF82m-3LlCmtL2g9MxHG1szxBEIjAwBM4xeMR6BjTutCBbUXLs7m3ui27tH-iSqa4I.8aoP0JOW3VPvShmjrcI8oyzKM9ab5vK4t6sZYkPyuoY&dib_tag=se&keywords=women+summer+slippers&qid=1783424000&sr=8-31,https://m.media-amazon.com/images/I/81r1tSkHqHL._AC_UL320_.jpg,39,排名进入前50；价格处于人民币等值¥57.60-¥180.00黄金区间；评分达到4.0以上。
2026-07-07,amazon_us,product,search,women summer slippers,33,Sksshion,¥122.33,4.2,Sksshion,,,,,,https://www.amazon.com/Sksshion-Womens-Slides-Sandals-Slippers/dp/B0DP76L4RQ/ref=sr_1_33?dib=eyJ2IjoiMSJ9.eryIOQYLmpfoJ5akPXBuO7sOS6ntc4QruTbqDWb3OBOQn_myWp8a9LOIVfyKSOy0EzJPqVSewteBaa1pbSDDv7FkwlxKyH2U3zsRnD7GCEqIAkwfAR6ukf09NdIy2nDTSkMY8bMDfvWy5UGlwBc4DwQVkpF7pXzjuoy0nw4EU5VtoUOKs4ijt9KW_PZ4nxfZtWrfFt3RUpTvjXP-3ubrbn25t9NsQDHClb1alKvwjzF82m-3LlCmtL2g9MxHG1szxBEIjAwBM4xeMR6BjTutCBbUXLs7m3ui27tH-iSqa4I.8aoP0JOW3VPvShmjrcI8oyzKM9ab5vK4t6sZYkPyuoY&dib_tag=se&keywords=women+summer+slippers&qid=1783424000&sr=8-33,https://m.media-amazon.com/images/I/71E9gKBPQjL._AC_UL320_.jpg,39,排名进入前50；价格处于人民币等值¥57.60-¥180.00黄金区间；评分达到4.0以上。
2026-07-07,amazon_us,product,search,women summer slippers,40,MAGILONA,¥143.93,4.0,MAGILONA,,,,,,https://www.amazon.com/MAGILONA-Unisex-Open-Toe-Slippers-Non-Slip/dp/B0C4KQJ1R6/ref=sr_1_40?dib=eyJ2IjoiMSJ9.eryIOQYLmpfoJ5akPXBuO7sOS6ntc4QruTbqDWb3OBOQn_myWp8a9LOIVfyKSOy0EzJPqVSewteBaa1pbSDDv7FkwlxKyH2U3zsRnD7GCEqIAkwfAR6ukf09NdIy2nDTSkMY8bMDfvWy5UGlwBc4DwQVkpF7pXzjuoy0nw4EU5VtoUOKs4ijt9KW_PZ4nxfZtWrfFt3RUpTvjXP-3ubrbn25t9NsQDHClb1alKvwjzF82m-3LlCmtL2g9MxHG1szxBEIjAwBM4xeMR6BjTutCBbUXLs7m3ui27tH-iSqa4I.8aoP0JOW3VPvShmjrcI8oyzKM9ab5vK4t6sZYkPyuoY&dib_tag=se&keywords=women+summer+slippers&qid=1783424000&sr=8-40,https://m.media-amazon.com/images/I/71YgTA6teCL._AC_UL320_.jpg,39,排名进入前50；价格处于人民币等值¥57.60-¥180.00黄金区间；评分达到4.0以上。
2026-07-07,amazon_us,product,search,platform sandals women,20,Madden Girl,¥394.99,3.9,Madden Girl,,,,,,https://www.amazon.com/Madden-Girl-Womens-Mythicall-Natural/dp/B0CNKPC4Y5/ref=sr_1_17?dib=eyJ2IjoiMSJ9.Eno-3pT4ZhH3sPPabT7cSo-udsfQW29AVpi-WOzQl-UhnpOHkv9SLh4cxoLSh7YAdHjC7nxBIzFH1q6oIT8_C1nAkYQhhU7ejh2L4-g495a4MqprgiNpKp5S2-TxNHH2Ep1Hi5bJnk_3tYYtl45rDw-_DK_fE_2G3FaZwUeOczdJSxhW54wktl4cUVXXFlgU0ghf9sIemxH44_Ik_Dxf3oBkRWXwxPiSGaJHmAJotSM1ZyW33hJd9Hzm4Jh_qC-ySdCEav7G0d4eFAeLT9iKeTr8phws7ytEqt8u7xRWqxw.6VH9YV9gRZTATG33rMoVtLefM1WL7ZpzFFJiWdLmqDs&dib_tag=se&keywords=platform+sandals+women&qid=1783424001&sr=8-17,https://m.media-amazon.com/images/I/71SNHrdlHML._AC_UL320_.jpg,38,排名进入前30；价格高于人民币等值¥288.00。
2026-07-07,amazon_us,product,search,women summer slippers,39,FITORY,¥196.27,4.3,FITORY,,,,,,https://www.amazon.com/FITORY-Sandals-Fashion-Leather-Slippers/dp/B0CM5N7R34/ref=sr_1_39?dib=eyJ2IjoiMSJ9.eryIOQYLmpfoJ5akPXBuO7sOS6ntc4QruTbqDWb3OBOQn_myWp8a9LOIVfyKSOy0EzJPqVSewteBaa1pbSDDv7FkwlxKyH2U3zsRnD7GCEqIAkwfAR6ukf09NdIy2nDTSkMY8bMDfvWy5UGlwBc4DwQVkpF7pXzjuoy0nw4EU5VtoUOKs4ijt9KW_PZ4nxfZtWrfFt3RUpTvjXP-3ubrbn25t9NsQDHClb1alKvwjzF82m-3LlCmtL2g9MxHG1szxBEIjAwBM4xeMR6BjTutCBbUXLs7m3ui27tH-iSqa4I.8aoP0JOW3VPvShmjrcI8oyzKM9ab5vK4t6sZYkPyuoY&dib_tag=se&keywords=women+summer+slippers&qid=1783424000&sr=8-39,https://m.media-amazon.com/images/I/71fgVPQ6SpL._AC_UL320_.jpg,37,排名进入前50；价格处于人民币等值¥180.00-¥288.00区间；评分达到4.3以上。
2026-07-07,amazon_us,product,search,women slides,36,Crocs,¥287.64,4.5,Crocs,,,,,,https://www.amazon.com/Crocs-Getaway-Strappy-Sandals-Truffle/dp/B0D7VHLQFZ/ref=sr_1_33?dib=eyJ2IjoiMSJ9.wrqHnvIFpzxZDCy1gVq3f2HcNswV2RaHhxwkGjsTd_XuNiUmGi-M-lWtR9c2N2re6Xw3wrFItUvsbQKqG_DbrXAIB3PBBMlTgzufnVHZ6bPV0AfCvLiusJgvsRVsSCpdtNoA4_-EtsTsLI3hnvfltwNmgtDP0F6xSpoEFBRvc093OKeX5vhblSWuvZseXfCGUqAFLNIUpbTUz_c4-_jM_qWCITTfUPwqdrZ9OCsf_4ZMGtMW86vOOvCjVmMlJj45eynDQpuGfsVLWGBjhZUFFUFowMHm5WZ2pDFB-NuSnXk.SoH3lsf2fUFJzM6ytFMUJ41DhvK_wNZPfbC8wzI4bFw&dib_tag=se&keywords=women+slides&qid=1783424001&sr=8-33,https://m.media-amazon.com/images/I/41XlH+hu26L._AC_UL320_.jpg,37,排名进入前50；价格处于人民币等值¥180.00-¥288.00区间；评分达到4.3以上。
2026-07-07,amazon_us,product,search,platform sandals women,37,ONCAI,¥244.73,4.4,ONCAI,,,,,,https://www.amazon.com/ONCAI-Platform-Essentials-Flatform-Comfortable/dp/B0F43HJVG4/ref=sr_1_34?dib=eyJ2IjoiMSJ9.Eno-3pT4ZhH3sPPabT7cSo-udsfQW29AVpi-WOzQl-UhnpOHkv9SLh4cxoLSh7YAdHjC7nxBIzFH1q6oIT8_C1nAkYQhhU7ejh2L4-g495a4MqprgiNpKp5S2-TxNHH2Ep1Hi5bJnk_3tYYtl45rDw-_DK_fE_2G3FaZwUeOczdJSxhW54wktl4cUVXXFlgU0ghf9sIemxH44_Ik_Dxf3oBkRWXwxPiSGaJHmAJotSM1ZyW33hJd9Hzm4Jh_qC-ySdCEav7G0d4eFAeLT9iKeTr8phws7ytEqt8u7xRWqxw.6VH9YV9gRZTATG33rMoVtLefM1WL7ZpzFFJiWdLmqDs&dib_tag=se&keywords=platform+sandals+women&qid=1783424001&sr=8-34,https://m.media-amazon.com/images/I/6107ZWz1NoL._AC_UL320_.jpg,37,排名进入前50；价格处于人民币等值¥180.00-¥288.00区间；评分达到4.3以上。
2026-07-07,amazon_us,product,search,platform sandals women,38,DREAM PAIRS,¥182.81,4.3,DREAM PAIRS,,,,,,https://www.amazon.com/DREAM-PAIRS-Espadrilles-Comfortable-Nude-Suede/dp/B0BYDBX2ZJ/ref=sr_1_35?dib=eyJ2IjoiMSJ9.Eno-3pT4ZhH3sPPabT7cSo-udsfQW29AVpi-WOzQl-UhnpOHkv9SLh4cxoLSh7YAdHjC7nxBIzFH1q6oIT8_C1nAkYQhhU7ejh2L4-g495a4MqprgiNpKp5S2-TxNHH2Ep1Hi5bJnk_3tYYtl45rDw-_DK_fE_2G3FaZwUeOczdJSxhW54wktl4cUVXXFlgU0ghf9sIemxH44_Ik_Dxf3oBkRWXwxPiSGaJHmAJotSM1ZyW33hJd9Hzm4Jh_qC-ySdCEav7G0d4eFAeLT9iKeTr8phws7ytEqt8u7xRWqxw.6VH9YV9gRZTATG33rMoVtLefM1WL7ZpzFFJiWdLmqDs&dib_tag=se&keywords=platform+sandals+women&qid=1783424001&sr=8-35,https://m.media-amazon.com/images/I/71qztPeVs6L._AC_UL320_.jpg,37,排名进入前50；价格处于人民币等值¥180.00-¥288.00区间；评分达到4.3以上。
2026-07-07,amazon_us,product,best_sellers,Best Sellers Women Sandals,34,KIDMI Unisex Summer Sandals Arch Support Cork Footbed Slide Sandals with Double Adjustable Buckle for Women Men,,4.5,$20.99,,,,,,https://www.amazon.com/KIDMI-Genuine-Sandals-Footbed-Adjustable/dp/B0DQH21M77/ref=zg_bs_g_679425011_d_sccl_34/146-1935481-6911605?psc=1,"https://images-na.ssl-images-amazon.com/images/I/81JaarSAG2L._AC_UL300_SR300,200_.jpg",36,排名进入前50；标题包含 arch support、summer，符合美国女鞋舒适化趋势；评分达到4.3以上。
2026-07-07,amazon_us,product,new_releases,New Releases Women Sandals,26,"CUSHIONAIRE Titan Square Toe Flip Flops for Women, Dressy Slip On Flat Womens Sandals with Cushioned Footbed",,3.9,$39.98,,,,,,https://www.amazon.com/CUSHIONAIRE-Sandals-Cushioned-Footbed-TORTOISE/dp/B0H2WYSPWK/ref=zg_bsnr_g_679425011_d_sccl_26/146-1935481-6911605?psc=1,"https://images-na.ssl-images-amazon.com/images/I/71vL4TDR7VL._AC_UL600_SR600,400_.jpg",35,排名进入前30。
2026-07-07,amazon_us,product,new_releases,New Releases Women Sandals,29,"CUSHIONAIRE Elle Pointed Heel Womens Sandal, Open Toe Heeled Mule with Cushioned Memory and Stiletto Design",,3.6,$49.99,,,,,,https://www.amazon.com/CUSHIONAIRE-Pointed-Cushioned-Stiletto-CHAMPAGNE/dp/B0GXGX1M8Z/ref=zg_bsnr_g_679425011_d_sccl_29/146-1935481-6911605?psc=1,"https://images-na.ssl-images-amazon.com/images/I/71ch+3yhREL._AC_UL600_SR600,400_.jpg",35,排名进入前30。
2026-07-07,amazon_us,product,search,platform sandals women,33,EQAUDES,¥287.93,4.2,EQAUDES,,,,,,https://www.amazon.com/EQAUDES-Platform-Espadrille-Comfortable-Vacation/dp/B0DM7H3WH8/ref=sr_1_30?dib=eyJ2IjoiMSJ9.Eno-3pT4ZhH3sPPabT7cSo-udsfQW29AVpi-WOzQl-UhnpOHkv9SLh4cxoLSh7YAdHjC7nxBIzFH1q6oIT8_C1nAkYQhhU7ejh2L4-g495a4MqprgiNpKp5S2-TxNHH2Ep1Hi5bJnk_3tYYtl45rDw-_DK_fE_2G3FaZwUeOczdJSxhW54wktl4cUVXXFlgU0ghf9sIemxH44_Ik_Dxf3oBkRWXwxPiSGaJHmAJotSM1ZyW33hJd9Hzm4Jh_qC-ySdCEav7G0d4eFAeLT9iKeTr8phws7ytEqt8u7xRWqxw.6VH9YV9gRZTATG33rMoVtLefM1WL7ZpzFFJiWdLmqDs&dib_tag=se&keywords=platform+sandals+women&qid=1783424001&sr=8-30,https://m.media-amazon.com/images/I/91UzoqnwFZL._AC_UL320_.jpg,34,排名进入前50；价格处于人民币等值¥180.00-¥288.00区间；评分达到4.0以上。
2026-07-07,amazon_us,product,search,platform sandals women,35,Lovee Cosee,¥273.53,4.2,Lovee Cosee,,,,,,https://www.amazon.com/Lovee-Cosee-Lightweight-Comfortable-Essentials/dp/B0F1MYF4FQ/ref=sr_1_32?dib=eyJ2IjoiMSJ9.Eno-3pT4ZhH3sPPabT7cSo-udsfQW29AVpi-WOzQl-UhnpOHkv9SLh4cxoLSh7YAdHjC7nxBIzFH1q6oIT8_C1nAkYQhhU7ejh2L4-g495a4MqprgiNpKp5S2-TxNHH2Ep1Hi5bJnk_3tYYtl45rDw-_DK_fE_2G3FaZwUeOczdJSxhW54wktl4cUVXXFlgU0ghf9sIemxH44_Ik_Dxf3oBkRWXwxPiSGaJHmAJotSM1ZyW33hJd9Hzm4Jh_qC-ySdCEav7G0d4eFAeLT9iKeTr8phws7ytEqt8u7xRWqxw.6VH9YV9gRZTATG33rMoVtLefM1WL7ZpzFFJiWdLmqDs&dib_tag=se&keywords=platform+sandals+women&qid=1783424001&sr=8-32,https://m.media-amazon.com/images/I/71tL3Y0loaL._AC_UL320_.jpg,34,排名进入前50；价格处于人民币等值¥180.00-¥288.00区间；评分达到4.0以上。
2026-07-07,amazon_us,product,search,platform sandals women,49,Rocket Dog,¥251.64,4.2,Rocket Dog,,,,,,https://www.amazon.com/Rocket-Dog-Womens-Platform-Sandal/dp/B000W94KVY/ref=sr_1_46?dib=eyJ2IjoiMSJ9.Eno-3pT4ZhH3sPPabT7cSo-udsfQW29AVpi-WOzQl-UhnpOHkv9SLh4cxoLSh7YAdHjC7nxBIzFH1q6oIT8_C1nAkYQhhU7ejh2L4-g495a4MqprgiNpKp5S2-TxNHH2Ep1Hi5bJnk_3tYYtl45rDw-_DK_fE_2G3FaZwUeOczdJSxhW54wktl4cUVXXFlgU0ghf9sIemxH44_Ik_Dxf3oBkRWXwxPiSGaJHmAJotSM1ZyW33hJd9Hzm4Jh_qC-ySdCEav7G0d4eFAeLT9iKeTr8phws7ytEqt8u7xRWqxw.6VH9YV9gRZTATG33rMoVtLefM1WL7ZpzFFJiWdLmqDs&dib_tag=se&keywords=platform+sandals+women&qid=1783424001&sr=8-46,https://m.media-amazon.com/images/I/71eBTqo1s2L._AC_UL320_.jpg,34,排名进入前50；价格处于人民币等值¥180.00-¥288.00区间；评分达到4.0以上。
2026-07-07,amazon_us,product,best_sellers,Best Sellers Women Sandals,42,Crocs Women's Brooklyn Low Wedge Sandals,,4.6,$49.44,,,,,,https://www.amazon.com/Crocs-Brooklyn-Low-Wedge-Black/dp/B07YQRHPBF/ref=zg_bs_g_679425011_d_sccl_42/146-1935481-6911605?psc=1,"https://images-na.ssl-images-amazon.com/images/I/7146HmICxBL._AC_UL300_SR300,200_.jpg",33,排名进入前50；标题包含 wedge，符合美国女鞋舒适化趋势；评分达到4.6以上。
2026-07-07,amazon_us,product,best_sellers,Best Sellers Women Sandals,43,"CUSHIONAIRE Siesta Modern Lattice Ballet Flats for Women, Comfortable Slip On Pointed Toe Womens Jelly Shoes",,4.3,$39.98,,,,,,https://www.amazon.com/CUSHIONAIRE-Siesta-Lattice-Comfortable-Pointed/dp/B0GYQ3JK18/ref=zg_bs_g_679425011_d_sccl_43/146-1935481-6911605?psc=1,"https://images-na.ssl-images-amazon.com/images/I/81aIqaR3TYL._AC_UL300_SR300,200_.jpg",33,排名进入前50；标题包含 comfort，符合美国女鞋舒适化趋势；评分达到4.3以上。
2026-07-07,amazon_us,product,best_sellers,Best Sellers Women Sandals,45,FITORY Women's Flat Sandals Fashion Slides With Soft Leather Slippers for Summer Size 6-11,,4.3,$19.96,,,,,,https://www.amazon.com/FITORY-Sandals-Fashion-Leather-Slippers/dp/B0BN3GQFKN/ref=zg_bs_g_679425011_d_sccl_45/146-1935481-6911605?psc=1,"https://images-na.ssl-images-amazon.com/images/I/61cA2WpKDqL._AC_UL300_SR300,200_.jpg",33,排名进入前50；标题包含 soft、summer，符合美国女鞋舒适化趋势；评分达到4.3以上。
2026-07-07,amazon_us,product,new_releases,New Releases Women Sandals,34,IDAWIVI Heeled Sandals for Women Low Block Chunky Heels Cutout Strap Square Open Toe Mule Sandals Casual Summer Slip On Slides,,4.6,$39.88,,,,,,https://www.amazon.com/IDAWIVI-Raffia-Heeled-Sandals-Natural/dp/B0GRTQ557S/ref=zg_bsnr_g_679425011_d_sccl_34/146-1935481-6911605?psc=1,"https://images-na.ssl-images-amazon.com/images/I/71mNYasheoL._AC_UL300_SR300,200_.jpg",33,排名进入前50；标题包含 summer，符合美国女鞋舒适化趋势；评分达到4.6以上。
2026-07-07,amazon_us,product,new_releases,New Releases Women Sandals,44,Womens Flip Flops Comfortable Yoga Mat Thong Sandals Non Slip Lightw Walking Slides,,4.5,$17.99,,,,,,https://www.amazon.com/QIGEGE-Support-Comfortable-Sandals-Walking/dp/B0H1HQ6THD/ref=zg_bsnr_g_679425011_d_sccl_44/146-1935481-6911605?psc=1,"https://images-na.ssl-images-amazon.com/images/I/71Zho8kYiqL._AC_UL300_SR300,200_.jpg",33,排名进入前50；标题包含 comfort，符合美国女鞋舒适化趋势；评分达到4.3以上。
2026-07-07,amazon_us,product,new_releases,New Releases Women Sandals,45,"DREAM PAIRS Women's Kitten Low Heels with Square Open Toe Heeled Sandals, Comfortable Strappy Ankle Shoes for Women 2026 Fashion Dress Party Shoes",,4.5,$32.99,,,,,,https://www.amazon.com/DREAM-PAIRS-Sandals-Comfortable-SDHS26030W/dp/B0GY36B3NX/ref=zg_bsnr_g_679425011_d_sccl_45/146-1935481-6911605?psc=1,"https://images-na.ssl-images-amazon.com/images/I/61n6gngVKOL._AC_UL300_SR300,200_.jpg",33,排名进入前50；标题包含 comfort，符合美国女鞋舒适化趋势；评分达到4.3以上。
2026-07-07,amazon_us,product,new_releases,New Releases Women Sandals,46,STQ Women‘s Flip-flop Non Slip Comfortable Yoga-Mat Thong Sandals for Outdoor,,4.3,$9.99,,,,,,https://www.amazon.com/STQ-Flip-Flops-Orthopedic-Fasciitis/dp/B0GVSLCBK9/ref=zg_bsnr_g_679425011_d_sccl_46/146-1935481-6911605?psc=1,"https://images-na.ssl-images-amazon.com/images/I/61lQQe08nWL._AC_UL300_SR300,200_.jpg",33,排名进入前50；标题包含 comfort，符合美国女鞋舒适化趋势；评分达到4.3以上。
2026-07-07,amazon_us,product,search,women slides,39,Coach,¥684.00,4.6,Coach,,,,,,https://www.amazon.com/Coach-Womens-Udele-Slide-Tan/dp/B07PGQ6MQ8/ref=sr_1_36?dib=eyJ2IjoiMSJ9.wrqHnvIFpzxZDCy1gVq3f2HcNswV2RaHhxwkGjsTd_XuNiUmGi-M-lWtR9c2N2re6Xw3wrFItUvsbQKqG_DbrXAIB3PBBMlTgzufnVHZ6bPV0AfCvLiusJgvsRVsSCpdtNoA4_-EtsTsLI3hnvfltwNmgtDP0F6xSpoEFBRvc093OKeX5vhblSWuvZseXfCGUqAFLNIUpbTUz_c4-_jM_qWCITTfUPwqdrZ9OCsf_4ZMGtMW86vOOvCjVmMlJj45eynDQpuGfsVLWGBjhZUFFUFowMHm5WZ2pDFB-NuSnXk.SoH3lsf2fUFJzM6ytFMUJ41DhvK_wNZPfbC8wzI4bFw&dib_tag=se&keywords=women+slides&qid=1783424001&sr=8-36,https://m.media-amazon.com/images/I/71BQOaIl59L._AC_UL320_.jpg,33,排名进入前50；价格高于人民币等值¥288.00；评分达到4.6以上。
2026-07-07,amazon_us,product,best_sellers,Best Sellers Women Sandals,50,REEF Water Vista Womens Sandal,,4.4,$64.95,,,,,,https://www.amazon.com/REEF-Platform-Friendly-Adjustable-Vintage/dp/B0BPK22YCJ/ref=zg_bs_g_679425011_d_sccl_50/146-1935481-6911605?psc=1,"https://images-na.ssl-images-amazon.com/images/I/51DfOQI44UL._AC_UL300_SR300,200_.jpg",32,排名进入前50；评论数达到50以上；评分达到4.3以上。
2026-07-07,amazon_us,product,new_releases,New Releases Women Sandals,31,Cape Robbin Women's Platform Sandals Chunky Block Heel - Slip On Elastic Band Round Open Toe Heeled Sandals - 4.5 Inch Dressy Platform Heels for Women (Echoya),,4.1,$44.90,,,,,,https://www.amazon.com/Cape-Robbin-Platform-Sandals-Echoya/dp/B0GS5MM6N6/ref=zg_bsnr_g_679425011_d_sccl_31/146-1935481-6911605?psc=1,"https://images-na.ssl-images-amazon.com/images/I/715flvg-G0L._AC_UL300_SR300,200_.jpg",32,排名进入前50；标题包含 platform，符合美国女鞋舒适化趋势；评分达到4.0以上。
2026-07-07,amazon_us,product,new_releases,New Releases Women Sandals,35,"CUSHIONAIRE Flora Platform Espadrilles for Women, Dressy Wedge Closed Toe Sandals with Ankle Strap and Cushioned Footbed",,3.9,$49.99,,,,,,https://www.amazon.com/CUSHIONAIRE-Platform-Espadrilles-Sandals-Cushioned/dp/B0GXHTQQWG/ref=zg_bsnr_g_679425011_d_sccl_35/146-1935481-6911605?psc=1,"https://images-na.ssl-images-amazon.com/images/I/81lROjN+zUL._AC_UL300_SR300,200_.jpg",31,排名进入前50；标题包含 platform、wedge，符合美国女鞋舒适化趋势。
2026-07-07,amazon_us,product,best_sellers,Best Sellers Women Sandals,38,Weweya Slides for Women and Men - Bathroom Shower Shoes - Non Slip House Slippers - Lightweight Beach Sandals,,4.4,$9.99,,,,,,https://www.amazon.com/Weweya-Shower-Bathroom-Slippers-Sandals/dp/B0F1XJ9TM4/ref=zg_bs_g_679425011_d_sccl_38/146-1935481-6911605?psc=1,"https://images-na.ssl-images-amazon.com/images/I/718rk3GaK+L._AC_UL300_SR300,200_.jpg",30,排名进入前50；标题包含 beach，符合美国女鞋舒适化趋势；评分达到4.3以上。
2026-07-07,amazon_us,product,new_releases,New Releases Women Sandals,42,Modatope Womens Flat Sandals Cute Bow Sandals Fashion Slip On Summer Shoes,,4.5,$19.98,,,,,,https://www.amazon.com/Modatope-Sandals-Dressy-Summer-Walking/dp/B0GX1GZ12P/ref=zg_bsnr_g_679425011_d_sccl_42/146-1935481-6911605?psc=1,"https://images-na.ssl-images-amazon.com/images/I/61wkAAsOIBL._AC_UL300_SR300,200_.jpg",30,排名进入前50；标题包含 summer，符合美国女鞋舒适化趋势；评分达到4.3以上。
2026-07-07,amazon_us,product,new_releases,New Releases Women Sandals,49,adidas Women's Adilette Comfort 2.0 Slide,,4.2,$39.95,,,,,,https://www.amazon.com/adidas-Womens-Adilette-Comfort-Metallic/dp/B0F34DTCBS/ref=zg_bsnr_g_679425011_d_sccl_49/146-1935481-6911605?psc=1,"https://images-na.ssl-images-amazon.com/images/I/51EFZHqJ7EL._AC_UL300_SR300,200_.jpg",30,排名进入前50；标题包含 comfort，符合美国女鞋舒适化趋势；评分达到4.0以上。
2026-07-07,amazon_us,product,search,platform sandals women,47,TOMS,¥418.03,4.5,TOMS,,,,,,https://www.amazon.com/TOMS-Womens-Diana-Sandal-Black/dp/B09TT44N4V/ref=sr_1_44?dib=eyJ2IjoiMSJ9.Eno-3pT4ZhH3sPPabT7cSo-udsfQW29AVpi-WOzQl-UhnpOHkv9SLh4cxoLSh7YAdHjC7nxBIzFH1q6oIT8_C1nAkYQhhU7ejh2L4-g495a4MqprgiNpKp5S2-TxNHH2Ep1Hi5bJnk_3tYYtl45rDw-_DK_fE_2G3FaZwUeOczdJSxhW54wktl4cUVXXFlgU0ghf9sIemxH44_Ik_Dxf3oBkRWXwxPiSGaJHmAJotSM1ZyW33hJd9Hzm4Jh_qC-ySdCEav7G0d4eFAeLT9iKeTr8phws7ytEqt8u7xRWqxw.6VH9YV9gRZTATG33rMoVtLefM1WL7ZpzFFJiWdLmqDs&dib_tag=se&keywords=platform+sandals+women&qid=1783424001&sr=8-44,https://m.media-amazon.com/images/I/71tGQVFxBAL._AC_UL320_.jpg,30,排名进入前50；价格高于人民币等值¥288.00；评分达到4.3以上。
2026-07-07,amazon_us,product,search,platform sandals women,50,Aerosoles,¥316.15,4.4,Aerosoles,,,,,,https://www.amazon.com/Aerosoles-Womens-CAMILIA-Heeled-Natural/dp/B0CTKDTBST/ref=sr_1_47?dib=eyJ2IjoiMSJ9.Eno-3pT4ZhH3sPPabT7cSo-udsfQW29AVpi-WOzQl-UhnpOHkv9SLh4cxoLSh7YAdHjC7nxBIzFH1q6oIT8_C1nAkYQhhU7ejh2L4-g495a4MqprgiNpKp5S2-TxNHH2Ep1Hi5bJnk_3tYYtl45rDw-_DK_fE_2G3FaZwUeOczdJSxhW54wktl4cUVXXFlgU0ghf9sIemxH44_Ik_Dxf3oBkRWXwxPiSGaJHmAJotSM1ZyW33hJd9Hzm4Jh_qC-ySdCEav7G0d4eFAeLT9iKeTr8phws7ytEqt8u7xRWqxw.6VH9YV9gRZTATG33rMoVtLefM1WL7ZpzFFJiWdLmqDs&dib_tag=se&keywords=platform+sandals+women&qid=1783424001&sr=8-47,https://m.media-amazon.com/images/I/71bCv2s89xL._AC_UL320_.jpg,30,排名进入前50；价格高于人民币等值¥288.00；评分达到4.3以上。
2026-07-07,amazon_us,product,new_releases,New Releases Women Sandals,39,CUSHIONAIRE Chica Espadrille Wedge Sandals for Women Slip On Closed Toe Women Shoes with Elastic Straps and Stylish Everyday Comfort,,3.8,$49.99,,,,,,https://www.amazon.com/CUSHIONAIRE-Espadrille-Sandals-Elastic-Everyday/dp/B0GZ8KF3WV/ref=zg_bsnr_g_679425011_d_sccl_39/146-1935481-6911605?psc=1,"https://images-na.ssl-images-amazon.com/images/I/81A0k0gSvYL._AC_UL300_SR300,200_.jpg",29,排名进入前50；标题包含 comfort、wedge，符合美国女鞋舒适化趋势。
2026-07-07,amazon_us,product,search,women summer slippers,44,CHGANG,¥53.21,4.0,CHGANG,,,,,,https://www.amazon.com/CHGANG-House-Slippers-Womens-Cotton/dp/B0G58LHD6Y/ref=sr_1_44?dib=eyJ2IjoiMSJ9.eryIOQYLmpfoJ5akPXBuO7sOS6ntc4QruTbqDWb3OBOQn_myWp8a9LOIVfyKSOy0EzJPqVSewteBaa1pbSDDv7FkwlxKyH2U3zsRnD7GCEqIAkwfAR6ukf09NdIy2nDTSkMY8bMDfvWy5UGlwBc4DwQVkpF7pXzjuoy0nw4EU5VtoUOKs4ijt9KW_PZ4nxfZtWrfFt3RUpTvjXP-3ubrbn25t9NsQDHClb1alKvwjzF82m-3LlCmtL2g9MxHG1szxBEIjAwBM4xeMR6BjTutCBbUXLs7m3ui27tH-iSqa4I.8aoP0JOW3VPvShmjrcI8oyzKM9ab5vK4t6sZYkPyuoY&dib_tag=se&keywords=women+summer+slippers&qid=1783424000&sr=8-44,https://m.media-amazon.com/images/I/71eCq66Oq9L._AC_UL320_.jpg,29,排名进入前50；价格低于人民币等值¥57.60；评分达到4.0以上。
2026-07-07,amazon_us,product,best_sellers,Best Sellers Women Sandals,32,REEF Cushion Vista Womens Sandal,,4.4,$41.97,,,,,,https://www.amazon.com/REEF-Cushion-Womens-Sandal-BLN-Black-Natural/dp/B07HJFX7RK/ref=zg_bs_g_679425011_d_sccl_32/146-1935481-6911605?psc=1,"https://images-na.ssl-images-amazon.com/images/I/71Z+sIgDvlL._AC_UL300_SR300,200_.jpg",27,排名进入前50；评分达到4.3以上。
2026-07-07,amazon_us,product,best_sellers,Best Sellers Women Sandals,46,Crocs Women Getaway Strappy Sandals,,4.5,$39.85,,,,,,https://www.amazon.com/Crocs-Getaway-Strappy-Sandals-Truffle/dp/B0D7VHLQFZ/ref=zg_bs_g_679425011_d_sccl_46/146-1935481-6911605?psc=1,"https://images-na.ssl-images-amazon.com/images/I/41XlH+hu26L._AC_UL300_SR300,200_.jpg",27,排名进入前50；评分达到4.3以上。
2026-07-07,amazon_us,product,best_sellers,Best Sellers Women Sandals,48,Crocs Women's Kadee II Flip Flops,,4.4,$24.99,,,,,,https://www.amazon.com/Crocs-Womens-Kadee-Ii-Flip/dp/B010123EV8/ref=zg_bs_g_679425011_d_sccl_48/146-1935481-6911605?psc=1,"https://images-na.ssl-images-amazon.com/images/I/61zhSrNbuaL._AC_UL300_SR300,200_.jpg",27,排名进入前50；评分达到4.3以上。
2026-07-07,amazon_us,product,new_releases,New Releases Women Sandals,40,"DREAM PAIRS 2026 Women’s Stiletto Heels, Strappy Open Toe Ankle Strap Dress Sandals, Elegant High Heel Pumps for Wedding, Party, Prom & Special Occasions",,4.3,$33.29,,,,,,https://www.amazon.com/DREAM-PAIRS-Stiletto-Occasions-SDHS26031W/dp/B0GYMMN71S/ref=zg_bsnr_g_679425011_d_sccl_40/146-1935481-6911605?psc=1,"https://images-na.ssl-images-amazon.com/images/I/61qkFw+mJWL._AC_UL300_SR300,200_.jpg",27,排名进入前50；评分达到4.3以上。
2026-07-07,amazon_us,product,new_releases,New Releases Women Sandals,41,"CELLENZ Women Kitten Heels Sandals: 2.5 Inch Heeled Flip Flop | 2026 Fashion Heel Sandals, Square Toe Thong Sandal for Daily Wear & Dressy Casual",,4.5,$39.99,,,,,,https://www.amazon.com/CELLENZ-Women-Kitten-Heels-Sandals/dp/B0GXK38Y1X/ref=zg_bsnr_g_679425011_d_sccl_41/146-1935481-6911605?psc=1,"https://images-na.ssl-images-amazon.com/images/I/614oMI7jadL._AC_UL300_SR300,200_.jpg",27,排名进入前50；评分达到4.3以上。
2026-07-07,amazon_us,product,search,women slides,44,adidas,,4.4,adidas,,,,,,https://www.amazon.com/adidas-Unisex-Adilette-Shower-Sandal/dp/B091ZDXQ2Z/ref=sr_1_41?dib=eyJ2IjoiMSJ9.wrqHnvIFpzxZDCy1gVq3f2HcNswV2RaHhxwkGjsTd_XuNiUmGi-M-lWtR9c2N2re6Xw3wrFItUvsbQKqG_DbrXAIB3PBBMlTgzufnVHZ6bPV0AfCvLiusJgvsRVsSCpdtNoA4_-EtsTsLI3hnvfltwNmgtDP0F6xSpoEFBRvc093OKeX5vhblSWuvZseXfCGUqAFLNIUpbTUz_c4-_jM_qWCITTfUPwqdrZ9OCsf_4ZMGtMW86vOOvCjVmMlJj45eynDQpuGfsVLWGBjhZUFFUFowMHm5WZ2pDFB-NuSnXk.SoH3lsf2fUFJzM6ytFMUJ41DhvK_wNZPfbC8wzI4bFw&dib_tag=se&keywords=women+slides&qid=1783424001&sr=8-41,https://m.media-amazon.com/images/I/51EuQODcuHL._AC_UL320_.jpg,27,排名进入前50；评分达到4.3以上。
2026-07-07,amazon_us,product,search,platform sandals women,48,CUSHIONAIRE,¥359.93,4.2,CUSHIONAIRE,,,,,,https://www.amazon.com/CUSHIONAIRE-Womens-platform-sandal-Memory/dp/B0CCF6M3TX/ref=sr_1_45?dib=eyJ2IjoiMSJ9.Eno-3pT4ZhH3sPPabT7cSo-udsfQW29AVpi-WOzQl-UhnpOHkv9SLh4cxoLSh7YAdHjC7nxBIzFH1q6oIT8_C1nAkYQhhU7ejh2L4-g495a4MqprgiNpKp5S2-TxNHH2Ep1Hi5bJnk_3tYYtl45rDw-_DK_fE_2G3FaZwUeOczdJSxhW54wktl4cUVXXFlgU0ghf9sIemxH44_Ik_Dxf3oBkRWXwxPiSGaJHmAJotSM1ZyW33hJd9Hzm4Jh_qC-ySdCEav7G0d4eFAeLT9iKeTr8phws7ytEqt8u7xRWqxw.6VH9YV9gRZTATG33rMoVtLefM1WL7ZpzFFJiWdLmqDs&dib_tag=se&keywords=platform+sandals+women&qid=1783424001&sr=8-45,https://m.media-amazon.com/images/I/81IyApfBfXL._AC_UL320_.jpg,27,排名进入前50；价格高于人民币等值¥288.00；评分达到4.0以上。
2026-07-07,amazon_us,product,new_releases,New Releases Women Sandals,48,"CUSHIONAIRE Lanky Strappy Sandals for Women, Trendy Multi-Strap Square Toe Flat Slide Womens Sandals with Cushioned Footbed",,4.2,$39.99,,,,,,https://www.amazon.com/CUSHIONAIRE-Strappy-Sandals-Multi-Strap-Cushioned/dp/B0GXLVZS56/ref=zg_bsnr_g_679425011_d_sccl_48/146-1935481-6911605?psc=1,"https://images-na.ssl-images-amazon.com/images/I/71gjdmwBJuL._AC_UL300_SR300,200_.jpg",24,排名进入前50；评分达到4.0以上。
