date,source,data_type,list_type,keyword,rank,title,price,rating,review_count,likes,comments,views,published_at,competition_count,product_url,image_url,hot_score,reason
2026-08-26,amazon_us,product,search,platform sandals women,26,"UBFEN Womens Platform Wedge Sandals Orthopedic Arch Support | Espadrille Slides, Comfortable Cushioned, Dressy for Summer Walking, Beach Vacation UBFEN Womens Platform Wedge Sandals Orthopedic Arch Support | Espadrille Slides, Comfortable Cushio…",¥287.78,4.6,4.6,,,,,,https://sponsored-ads.amazon.com/clk/?_encoding=UTF8&p=eAFVUMtu00AUVaiAypSHsihS2AWRRaRJZkxsx0ER8qvBxLXzbNNsRhPP2DFxbMceNS2L_AEbhMSGn0BdsWXBgjUfhESKEGd1pPO4V0fwD39--fbrXvmhNjkbmH27P4OmNaqWUP04YEl0hecjdnIqKsj27MuYt9adY1nS1m9n0kQfgmjqOS1zdb02wtEDud0QRdiQYQPO74z1xaFmTd5YI3tcfircp6xY8TQrH03dkWV4PdeeW2blpiQ8v1VwwUjuL3HGcj-NCWc4SuIoYXjBg7JA1uR9mjT8dF15ViyAH5OiiHywz4C9E2SoepcleDquS8UC8CVbMwr8NI6Zz6M0AZciuD0GfJLTAmQkSjjLgZ8mnCVcfKGPNNfEhuc4ljGxPXeMbdexXQs79pmFTWvcn3iDqiyU4JOPX29-fPhuVh79rdw_UX0sQghVhCSktGSkIPFgOjY7B8bAqPfLr0xdM7ITGyjaTt_sEWo7fZi92yor7X_s9HCnD3e69oeElSMjtK56mhVeb3wmfi4Jn0pLzrOi02xut9vGv4maYdYk2yZt6rAnX8xnF475OqM4pziLlzTv8tqyINjPcUS7sLaJaBcpbUVBCEqwVuRdBEQgEUmSxUAFAQ0oaCGIgBqoFFBFJkRV1XbrpViLuiQraiRnQXe4UtXpqRZ4578Bale7nA&v=c1&r=https%3A%2F%2Fwww.amazon.com%2Fgp%2Faw%2Fd%2FB0G6YZXYLD%3Fpd_rd_plhdr%3Dt%26hsa_cr_id%3D0%26qid%3D1787711050%26sr%3D1-2-5a5562f9-fdfd-4101-9f9d-d76aa9998432%26i%3Daps%26aref%3DQk99UMAfOW&ref_=sbx__sbtcd2_asin_1_bkgd&pd_rd_w=4q5CS&content-id=amzn1.sym.90f77631-9599-4fe0-95f8-a40adfe1c762%3Aamzn1.sym.90f77631-9599-4fe0-95f8-a40adfe1c762&pf_rd_p=90f77631-9599-4fe0-95f8-a40adfe1c762&pf_rd_r=APJQXD6RKHM0K2P1VKMC&pd_rd_wg=YBNvt&pd_rd_r=6d4bec22-5479-46e3-aa69-38efeaabc725,"https://m.media-amazon.com/images/I/71LWkfwnDvL._AC_SR322,134_CB1169409_QL70_.jpg",100,排名进入前30；价格处于人民币等值¥180.00-¥288.00区间；标题包含 platform、orthopedic、comfort、arch support、beach、summer、wedge，符合美国女鞋舒适化趋势；platform + comfort组合趋势加分；orthopedic + arch support组合趋势加分；评分达到4.6以上。
2026-08-26,amazon_us,product,search,platform sandals women,25,"UBFEN Womens Espadrille Platform Sandals Low Wedge Orthopedic Arch Support | Cushion Insole, Comfortable Dressy Buckle Sandals for Walking and Vacation, Low Heel, Adjustable Strap UBFEN Womens Espadrille Platform Sandals Low Wedge Orthopedic Arch Support | Cushion Insole, Comfortable…",¥287.93,4.4,4.4,,,,,,https://sponsored-ads.amazon.com/clk/?_encoding=UTF8&p=eAFVUDtv01AYVaiAypSHMhQpbEFkiHTje01sx0EW8qvBJLUTOykly9WN77Vj4tiObTUtQ_4BC0Ji4U-gTqwMDMz8ICRShDjTkc7j-3S44PDnl2-_7tTva9OzsTm0h-fQtLxmDbWPQ5bGl3jusZNTQUa2a18kVXfdP5ZEbf36XJzqExDP3FHXXF2tjci7J_U6ggA7EuzA-S1fXxxq1vSV5dl-_TF3l7JyVWV5_WjmeJbhDhx7bpmN6xr39EbBJSNFsMQ5K4IsIRXDcZrEKcOLKqxzZE3eZ2knyNaNJ-UCBAkpyzgA-wzYO0GOmrdZimd-WywXoFqyNaMgyJKEBVWcpeBCADfHQEAKWoKcxGnFChBkacXSSnime5pjYsMdjSxjaruOj21nZDsWHtlnFjYtfzh1x02Jq8FHH79e__jw3Ww8-Fu5f6L5UIAQKgiJSO5KSEbCwcw3-wfG2GgP6y9MXTPyExvI2k7f7BFpO32Sv9vKK-1_7PRop092uvaHRI0jI7IuB5oVXW0CJnyucZ9qy6rKyz7Pb7fbzr-J-CjnyZanvA4H0ltPMse9lznFBcV5sqSFWrWWJcFBgWOqwtYmpiqSe7KMEBRhqyxUBBAQiShKQqiAkIYUdBFEQAkVCqgsEaIoSq_7XGjFKsnLFilYqE5WijI71UL3zW9Le7tU&v=c1&r=https%3A%2F%2Fwww.amazon.com%2Fgp%2Faw%2Fd%2FB0G6YR6DP8%3Fpd_rd_plhdr%3Dt%26hsa_cr_id%3D0%26qid%3D1787711050%26sr%3D1-1-5a5562f9-fdfd-4101-9f9d-d76aa9998432%26i%3Daps%26aref%3DQk99UMAfOW&ref_=sbx__sbtcd2_asin_0_bkgd&pd_rd_w=4q5CS&content-id=amzn1.sym.90f77631-9599-4fe0-95f8-a40adfe1c762%3Aamzn1.sym.90f77631-9599-4fe0-95f8-a40adfe1c762&pf_rd_p=90f77631-9599-4fe0-95f8-a40adfe1c762&pf_rd_r=APJQXD6RKHM0K2P1VKMC&pd_rd_wg=YBNvt&pd_rd_r=6d4bec22-5479-46e3-aa69-38efeaabc725,"https://m.media-amazon.com/images/I/71Cs5sEmDeL._AC_SR322,134_CB1169409_QL70_.jpg",97,排名进入前30；价格处于人民币等值¥180.00-¥288.00区间；标题包含 platform、orthopedic、comfort、arch support、wedge，符合美国女鞋舒适化趋势；platform + comfort组合趋势加分；orthopedic + arch support组合趋势加分；评分达到4.3以上。
2026-08-26,amazon_us,product,search,platform sandals women,29,"UBFEN Womens Platform Sandals Low Wedge Espadrille Orthopedic Arch Support | Cushion Insole, Adjustable Back Strap, Dressy, Comfortable, Lightweight, Walking Sandals for Vacation UBFEN Womens Platform Sandals Low Wedge Espadrille Orthopedic Arch Support | Cushion Insole, Adj…",¥287.93,4.4,4.4,,,,,,https://sponsored-ads.amazon.com/clk/?_encoding=UTF8&p=eAFVUE2P0kAYDm7UTV0_wmE3wRtGDiQDM5W2FENMvxYLbAsUdjdcJkNnWiqlLe1k2fXAP_BiTLz4J8yevHrw4NkfZCJrjM_pSZ6P980j-Ic_v3z79aD8WJuej8yBPbiEpjWpllD9OGBJdI3nE3Z6JirIdu2rmLfWnWNZ0tb9S2mqj0E0c4ctc3WzNsLJI7ndEEXYkGEDzu95-uJQs6ZvrYntlU-Eh5QVK55m5aOZM7EMt-fYc8us3JaEF3cKLhjJ_SXOWO6nMeEMR0kcJQwveFAWyJq8T5OGn64rz4sF8GNSFJEP9hmwd4IMVe-zBM-8ulQsAF-yNaPAT-OY-TxKE3AlgrtjwCc5LUBGooSzHPhpwlnCxZf6RHNMbLjDoWVMbdfxsO0MbcfCQ_vcwqblDabuqCoLJfjs49fbHx--m5Unfyv3T1SfihBCFSEJKS0ZKUg8mHlm58AYGfVB-bWpa0Z2agNF2-mbPUJtp4-zd1tlpf2PnR7u9PFO1_6QsHJkhNZ1T7PCm43PxM8l4VNpyXlWdJrN7Xbb-DdRM8yaZNukTR32-p447EsXbzKKc4qzeEnzLq8tC4L9HEe0C2ubiHaR0lYUhKAEa0XeRUACEpEkWQxUENCAghaCCKiBSgFVZEJUVW23Xom1qEuyokZyFnTHK1WdnWmBe_EbUmC7Zg&v=c1&r=https%3A%2F%2Fwww.amazon.com%2Fgp%2Faw%2Fd%2FB0GJS2LJ5W%3Fpd_rd_plhdr%3Dt%26hsa_cr_id%3D0%26qid%3D1787711050%26sr%3D1-5-5a5562f9-fdfd-4101-9f9d-d76aa9998432%26i%3Daps%26aref%3DQk99UMAfOW&ref_=sbx__sbtcd2_asin_4_bkgd&pd_rd_w=4q5CS&content-id=amzn1.sym.90f77631-9599-4fe0-95f8-a40adfe1c762%3Aamzn1.sym.90f77631-9599-4fe0-95f8-a40adfe1c762&pf_rd_p=90f77631-9599-4fe0-95f8-a40adfe1c762&pf_rd_r=APJQXD6RKHM0K2P1VKMC&pd_rd_wg=YBNvt&pd_rd_r=6d4bec22-5479-46e3-aa69-38efeaabc725,"https://m.media-amazon.com/images/I/81mta1Mp3vL._AC_SR322,134_CB1169409_QL70_.jpg",97,排名进入前30；价格处于人民币等值¥180.00-¥288.00区间；标题包含 platform、orthopedic、comfort、arch support、wedge，符合美国女鞋舒适化趋势；platform + comfort组合趋势加分；orthopedic + arch support组合趋势加分；评分达到4.3以上。
2026-08-26,amazon_us,product,search,women slides,11,"Joomra Pillow Slippers for Women and Men Thick Sole Ultra Cushion Slides | Cloud-Like Sole, Quick Drying Shower Shoes, Soft Open Toe Indoor Outdoor Sandals Joomra Pillow Slippers for Women and Men Thick Sole Ultra Cushion Slides | Cloud-Like Sole, Quick Drying Sho…",¥144.79,4.3,4.3,,,,,,https://sponsored-ads.amazon.com/clk/?_encoding=UTF8&p=eAFVUMtu00AUVaiAypSHsihS2AWRRaSJx05tx0EW8iuJSXAedpq2m9HEM3bcOLZjm6bNIl-BxIa_qITEjjVrvoKfKBIpQpzVkc7jXh3GO_zx5dvPR-Wnqns6MvpW_wwa5qRa4urHPo3DazSUP3a00ezKbdLL6c0yax-3mm7PzrQzh-uuR2RVYHOrzoLJE7HV4HnYEGEDXjxwtPmharo9c2I55ZfMY0LzZZGk5aOpPTH1Yde2LkyjcltiXt8rKKc48xYopZmXRLigKIyjMKZoXvhlBq_wNokbXrKqvMrnwItwnoce2GfA3glSrvqQxmjq1IV8DooFXVECvCSKqFeESQyueHB_DHg4IzlIcRgXNANeEhc0Lvg32kS1DaQPBwNTd62h7SDLHli2iQbWqYkM0-m7w1FVZErwxde7X7d3343Ks7-V-yeqz3kIYYuTmlASYFPi-IOpY7QP9JFe75ffGpqqpx0LSOpOW-8RqDttnF5upKX6P3ZasNPGO039Q4LKkR6Y113VDG7WHuU_l5hPpUVRpHmbZTebTePfRGyQsnjDElaDsvt-5vbOO-9SgjKC0mhBMqWoLXKMvAyFRIG1dUgUTmpJEsdBAdbyTOEABwQsCCLvy8AnPgEnHOSA7MsEEEnEWJbl1kmTr4UKTvMazqivBGI-Dj80z7f6b8Cdvek&v=c1&r=https%3A%2F%2Fwww.amazon.com%2Fgp%2Faw%2Fd%2FB09TJWTHYF%3Fpd_rd_plhdr%3Dt%26hsa_cr_id%3D0%26qid%3D1787711050%26sr%3D1-1-5a5562f9-fdfd-4101-9f9d-d76aa9998432%26i%3Daps%26aref%3Dg6sQiM3YzC&ref_=sbx__sbtcd2_asin_0_bkgd&pd_rd_w=SjMKn&content-id=amzn1.sym.90f77631-9599-4fe0-95f8-a40adfe1c762%3Aamzn1.sym.90f77631-9599-4fe0-95f8-a40adfe1c762&pf_rd_p=90f77631-9599-4fe0-95f8-a40adfe1c762&pf_rd_r=V919K30WNMRWYMGBYH47&pd_rd_wg=2KXd0&pd_rd_r=c484c062-46b1-42a9-af9c-462da87882c6,"https://m.media-amazon.com/images/I/71CIVcXsl4L._AC_SR322,134_CB1169409_QL70_.jpg",78,排名进入前30；价格处于人民币等值¥57.60-¥180.00黄金区间；标题包含 cloud、soft，符合美国女鞋舒适化趋势；cloud + slides组合趋势加分；评分达到4.3以上。
2026-08-26,amazon_us,product,best_sellers,Best Sellers Women Sandals,4,Project Cloud 100% Genuine Leather Womens Sandals Slides for Women (Venita) | Cork Footbed Sandals for Women with Memory Foam and Arch Support Vacation Essentials Slides Women Footwear Flat Sandals,,4.3,$24.90,,,,,,https://www.amazon.com/Project-Cloud-Comfortable-Essentials-Vacation/dp/B0CNYD3SZ4/ref=zg_bs_g_679425011_d_sccl_4/131-4614456-4768840?psc=1,"https://images-na.ssl-images-amazon.com/images/I/61PPWwEkHDL._AC_UL600_SR600,400_.jpg",76,排名靠前；标题包含 cloud、arch support，符合美国女鞋舒适化趋势；cloud + slides组合趋势加分；评分达到4.3以上。
2026-08-26,amazon_us,product,new_releases,New Releases Women Sandals,7,"MellowSoft Cloud Slides for Women & Men, Thick Shock-Absorbing Sole | Ultra Soft CloudFoam Cushioning Slides, Lightweight Anti-Slip Recovery Sandals for Indoor & Outdoor Comfort",,3.5,$31.20,,,,,,https://www.amazon.com/MellowSoft-Cloud-Slides-CloudFoam-Cushioning/dp/B0H52VV17P/ref=zg_bsnr_g_679425011_d_sccl_7/146-4045039-7902150?psc=1,"https://images-na.ssl-images-amazon.com/images/I/51KGd55hl5L._AC_UL600_SR600,400_.jpg",75,排名靠前；标题包含 cloud、recovery、comfort、soft，符合美国女鞋舒适化趋势；cloud + slides组合趋势加分。
2026-08-26,amazon_us,product,best_sellers,Best Sellers Women Sandals,17,"shevalues Orthopedic Sandals for Women, Arch Support Recovery Flip Flops | Orthotic Pillow Soft Summer Beach Shoes, Comfortable for Plantar Fasciitis",,4.2,$16.17,,,,,,https://www.amazon.com/Orthotic-Pillow-Recovery-Sandals-Support/dp/B09LC836QG/ref=zg_bs_g_679425011_d_sccl_17/131-4614456-4768840?psc=1,"https://images-na.ssl-images-amazon.com/images/I/61o9ArJVVsL._AC_UL600_SR600,400_.jpg",74,排名进入前30；标题包含 recovery、orthopedic、comfort、arch support、soft、beach、summer，符合美国女鞋舒适化趋势；orthopedic + arch support组合趋势加分；评分达到4.0以上。
2026-08-26,amazon_us,product,search,platform sandals women,27,UBFEN Womens Platform Sandals With Arch Support Comfy Walking Wedge Crisscross Band Summer Casual UBFEN Womens Platform Sandals With Arch Support Comfy Walking Wedge Crisscross Band Summer Ca…,¥143.64,4.2,4.2,,,,,,https://sponsored-ads.amazon.com/clk/?_encoding=UTF8&p=eAFVUEuP0lAYDU7UCY6PsBgT3GFkQXLh3g5tKYaYvoapMC20MA82N5fe21IpbWlvhhkX_AM3xsSNf8LMyq0LF679QSYyxnhWJzmP78sp-_s_v3z79aDyWJ2cjYyBNbiAhunWSqhxGLAkusYzlx2fCjKyHOsq5u1V91AS1dXbC3GijUE0dYZtY3mz0kP3kdRpCgJsSrAJZ_c8bb6vmpMT07W8yvPyQ8qKJU-zysHUdk3d6dvWzDSqt6XyyzsFF4zk_gJnLPfTmHCGoySOEobnPKiUyYq8T5Omn66qL4o58GNSFJEPdhmwc4IM1e6zBE-9hljMAV-wFaPAT-OY-TxKE3AlgLtjwCc5LUBGooSzHPhpwlnChVeaq9oG1p3h0NQnlmN72LKHlm3ioXVmYsP0BhNnVJPKJfjs49fbHx--G9Unfyt3T9SeChBCBSERyW0JyUjYm3pGd08f6Y1B5bWhqXp2bAFZ3WrrHUJ1q42zdxt5qf6PrRZutfFWU_-QsHqgh-Z1XzXDm7XPhM-l8qfSgvOs6LZam82m-W-iVpi1yKZFWxrsn0wuz7zz8ZuM4pziLF7QvMfri4JgP8cR7cH6OqI9JHdkGSEownqR9xA4AiIRRUkIFBDQgII2gggogUIBlSVCFEXptI-EetQjWVEnOQt646WiTE_VwDn_DXaru7k&v=c1&r=https%3A%2F%2Fwww.amazon.com%2Fgp%2Faw%2Fd%2FB0GHTYVSWQ%3Fpd_rd_plhdr%3Dt%26hsa_cr_id%3D0%26qid%3D1787711050%26sr%3D1-3-5a5562f9-fdfd-4101-9f9d-d76aa9998432%26i%3Daps%26aref%3DQk99UMAfOW&ref_=sbx__sbtcd2_asin_2_bkgd&pd_rd_w=4q5CS&content-id=amzn1.sym.90f77631-9599-4fe0-95f8-a40adfe1c762%3Aamzn1.sym.90f77631-9599-4fe0-95f8-a40adfe1c762&pf_rd_p=90f77631-9599-4fe0-95f8-a40adfe1c762&pf_rd_r=APJQXD6RKHM0K2P1VKMC&pd_rd_wg=YBNvt&pd_rd_r=6d4bec22-5479-46e3-aa69-38efeaabc725,"https://m.media-amazon.com/images/I/71-57TQ9MzL._AC_SR322,134_CB1169409_QL70_.jpg",74,排名进入前30；价格处于人民币等值¥57.60-¥180.00黄金区间；标题包含 platform、arch support、summer、wedge，符合美国女鞋舒适化趋势；评分达到4.0以上。
2026-08-26,amazon_us,product,best_sellers,Best Sellers Women Sandals,5,"Joomra Pillow Slippers for Women and Men Thick Sole Ultra Cushion Slides | Cloud-Like Sole, Quick Drying Shower Shoes, Soft Open Toe Indoor Outdoor Sandals",,4.3,$20.34,,,,,,https://www.amazon.com/Joomra-Slippers-Massage-Bathroom-Platform/dp/B09652VJP1/ref=zg_bs_g_679425011_d_sccl_5/131-4614456-4768840?psc=1,"https://images-na.ssl-images-amazon.com/images/I/71pkhgTTRXL._AC_UL600_SR600,400_.jpg",73,排名靠前；标题包含 cloud、soft，符合美国女鞋舒适化趋势；cloud + slides组合趋势加分；评分达到4.3以上。
2026-08-26,amazon_us,product,best_sellers,Best Sellers Women Sandals,2,KuaiLu Flip Flops for Women with Arch Support Summer Beach Thong Sandals | Comfortable Yoga Mat Walking Shoes Cushion Slip On Casual Outfits Indoor Outdoor,,4.3,$11.99,,,,,,https://www.amazon.com/KuaiLu-Support-Comfortable-Walking-Sandals/dp/B0C5ZRQS2X/ref=zg_bs_g_679425011_d_sccl_2/131-4614456-4768840?psc=1,"https://images-na.ssl-images-amazon.com/images/I/710PdcSAm6L._AC_UL600_SR600,400_.jpg",70,排名靠前；标题包含 comfort、arch support、beach、summer，符合美国女鞋舒适化趋势；评分达到4.3以上。
2026-08-26,amazon_us,product,search,platform sandals women,10,Project Cloud,¥263.16,4.3,Project Cloud,,,,,,https://www.amazon.com/sspa/click?ie=UTF8&spc=MTo1NzE0MDc4ODc4MTYyNzk1OjE3ODc3MTEwNTA6c3Bfc2VhcmNoX3RoZW1hdGljOjMwMDY2NTQ0NjI5MDEwMjo6MDo6&url=%2FProject-Cloud-Genuine-Platform-Footwear%2Fdp%2FB0DNKLBMXB%2Fref%3Dsxin_18_pa_sp_search_thematic_sspa%3Fcontent-id%3Damzn1.sym.d45862ba-a141-4749-99ed-fdbc59982e34%253Aamzn1.sym.d45862ba-a141-4749-99ed-fdbc59982e34%26cv_ct_cx%3Dplatform%2Bsandals%2Bwomen%26keywords%3Dplatform%2Bsandals%2Bwomen%26pd_rd_i%3DB0DNKLBMXB%26pd_rd_r%3D6d4bec22-5479-46e3-aa69-38efeaabc725%26pd_rd_w%3DQs8rj%26pd_rd_wg%3DYBNvt%26pf_rd_p%3Dd45862ba-a141-4749-99ed-fdbc59982e34%26pf_rd_r%3DAPJQXD6RKHM0K2P1VKMC%26qid%3D1787711050%26sbo%3D9ZOMT9Jm0JH%252Ft%252BWi68iDSA%253D%253D%26sr%3D1-1-2c727eeb-987f-452f-86bd-c2978cc9d8b9-spons%26aref%3DUkPs8oeo3s%26sp_csd%3Dd2lkZ2V0TmFtZT1zcF9zZWFyY2hfdGhlbWF0aWM%26psc%3D1&aref=UkPs8oeo3s,https://m.media-amazon.com/images/I/71RGSE3mTzL._AC_UL320_.jpg,70,排名靠前；价格处于人民币等值¥180.00-¥288.00区间；标题包含 cloud，符合美国女鞋舒适化趋势；评分达到4.3以上。
2026-08-26,amazon_us,product,best_sellers,Best Sellers Women Sandals,21,Project Cloud 100% Genuine Leather Womens Sandals Slides for Women (Lian) | Sandals Women Memory Foam Insole Cork Footbed Non Slip Sandals for Women Lightweight Beach Vacation Summer Essentials Comfort,,4.1,$24.90,,,,,,https://www.amazon.com/Project-Cloud-Genuine-Leather-Sandals/dp/B0FW746LWG/ref=zg_bs_g_679425011_d_sccl_21/131-4614456-4768840?psc=1,"https://images-na.ssl-images-amazon.com/images/I/81ljCfCOosL._AC_UL600_SR600,400_.jpg",69,排名进入前30；标题包含 cloud、comfort、beach、summer，符合美国女鞋舒适化趋势；cloud + slides组合趋势加分；评分达到4.0以上。
2026-08-26,amazon_us,product,best_sellers,Best Sellers Women Sandals,22,Project Cloud 100% Genuine Leather Sandals Women Comfortable Womens Slides | Slides for Women Beach Essential Lightweight Footwear with Memory Foam Insole Everyday Summer Sandals for Women,,4.0,$37.90,,,,,,https://www.amazon.com/Project-Cloud-Essentials-Footwear-Lightweight-2026-Womens/dp/B0FWFCG3WF/ref=zg_bs_g_679425011_d_sccl_22/131-4614456-4768840?psc=1,"https://images-na.ssl-images-amazon.com/images/I/813ApkmeC+L._AC_UL600_SR600,400_.jpg",69,排名进入前30；标题包含 cloud、comfort、beach、summer，符合美国女鞋舒适化趋势；cloud + slides组合趋势加分；评分达到4.0以上。
2026-08-26,amazon_us,product,best_sellers,Best Sellers Women Sandals,25,Project Cloud Platform Sandals for Women Strappy Wedges Plush Insole 2026 | Comfortable and Lightweight Fashion Wedge Sandals for Women - Non-Slip Sole with Adjustable Strap for Every Occasions,,4.2,$37.90,,,,,,https://www.amazon.com/Project-Cloud-Platform-Sandals-Footwear/dp/B0DR3KSN3X/ref=zg_bs_g_679425011_d_sccl_25/131-4614456-4768840?psc=1,"https://images-na.ssl-images-amazon.com/images/I/71lJvDGljyL._AC_UL600_SR600,400_.jpg",69,排名进入前30；标题包含 cloud、platform、comfort、wedge，符合美国女鞋舒适化趋势；platform + comfort组合趋势加分；评分达到4.0以上。
2026-08-26,amazon_us,product,best_sellers,Best Sellers Women Sandals,29,"CUSHIONAIRE Feather EVA Slides for Women – Comfortable Slip On Womens Slippers, Indoor Outdoor Shower Shoes, Beach Essential Cloud Slides",,4.4,$26.99,,,,,,https://www.amazon.com/Cushionaire-Womens-Feather-recovery-Comfort/dp/B094TB7BQH/ref=zg_bs_g_679425011_d_sccl_29/131-4614456-4768840?psc=1,"https://images-na.ssl-images-amazon.com/images/I/817PhiYQjLL._AC_UL600_SR600,400_.jpg",69,排名进入前30；标题包含 cloud、comfort、beach，符合美国女鞋舒适化趋势；cloud + slides组合趋势加分；评分达到4.3以上。
2026-08-26,amazon_us,product,new_releases,New Releases Women Sandals,12,Project Cloud Platform Sandals Women Memory Foam Flip Flops (ELEVATION) | Durable and Lightweight Non-Slip Sole Summer Thong Sandals - Platform Flip Flops for Women Everyday Comfort Daily.,,4.0,$39.90,,,,,,https://www.amazon.com/Project-Cloud-Platform-Sandals-ELEVATION/dp/B0GTZM2X7L/ref=zg_bsnr_g_679425011_d_sccl_12/146-4045039-7902150?psc=1,"https://images-na.ssl-images-amazon.com/images/I/61E9Kh8oh9L._AC_UL600_SR600,400_.jpg",69,排名进入前30；标题包含 cloud、platform、comfort、summer，符合美国女鞋舒适化趋势；platform + comfort组合趋势加分；评分达到4.0以上。
2026-08-26,amazon_us,product,new_releases,New Releases Women Sandals,18,IDIFU Platform Chunky Block Strappy Heels Sandals | Slingback Heeled Sandals Thick Open Square Toe Comfortable Dress Shoes for Women Wedding Work Prom Ladies Cute Heel,,4.8,$36.98,,,,,,https://www.amazon.com/IDIFU-Platform-Chunky-Strappy-Sandals/dp/B0H1LR1GFW/ref=zg_bsnr_g_679425011_d_sccl_18/146-4045039-7902150?psc=1,"https://images-na.ssl-images-amazon.com/images/I/61zeFLRuxkL._AC_UL600_SR600,400_.jpg",69,排名进入前30；标题包含 platform、comfort，符合美国女鞋舒适化趋势；platform + comfort组合趋势加分；评分达到4.6以上。
2026-08-26,amazon_us,product,search,women summer slippers,30,Womens Comfortable Slides Sandals: Lightweight Soft Cushioned Slip On Flat Sandals - Dressy Summer Shoes for Casual Walking Travel,¥100.73,4.4,"Price, product page $13.99 $ 13 . 99 Typical: $21.99 Typical: $21.99 $21.99",,,,,,https://www.amazon.com/Diarilip-Womens-Comfortable-Slides-Sandals/dp/B0GZN9H21P/ref=sr_1_17?dib=eyJ2IjoiMSJ9.SLcwjNPgU_aswlE5gVkWSBcdKYdi0ZOYJvfTySkYscvaQqhCTWpxOdN-kabWC0WWpwsE25z8mihiRdEjMZtc9_qbuuHwf20eOaDo4qAZzUadEHp-t8GD-9lMHVsIjEC2Jo5WPT0q5TrbvDgefMHf4QlPNzweHETkwVGfgrriwag0vTLTRsfhBwLVhlqJFgGL8KC9gpybkCfi4pLMJJP3WBP5X_At4c-UtiNDsGu0GwNwCJM1LcAORy1Z5HviJJnRBKjMGuyTLD_gfJCOQGYcpkeyj-zulgkvlyfug7VUJYM.KpxthUkcnsEb9ywMpfoM9Nld4b5hqSc46_Bq5_fXCSM&dib_tag=se&keywords=women+summer+slippers&qid=1787711049&sr=8-17,https://m.media-amazon.com/images/I/81PtNHs+1kL._AC_UL320_.jpg,69,排名进入前30；价格处于人民币等值¥57.60-¥180.00黄金区间；标题包含 comfort、soft、summer，符合美国女鞋舒适化趋势；评分达到4.3以上。
2026-08-26,amazon_us,product,search,platform sandals women,28,UBFEN Womens Chunky Wedge Platform Sandals Adjustable Double-Strap Square | Toed Open-Toe Style Suitable for Outdoor Casual Wear UBFEN Womens Chunky Wedge Platform Sandals Adjustable Double-Strap Square | Toed Open-Toe Sty…,¥143.93,4.5,4.5,,,,,,https://sponsored-ads.amazon.com/clk/?_encoding=UTF8&p=eAFVUDmP00AYVVgBK7McSrFIoQsiRaSJZ4yPOMhCvjaYZO3NtYQ0o4ln7Jj4im1tdinyD2gQEg1_Am1FS0FBzQ9CIosQr3rSO75Pj_MPf3759utO_b4-PT-zBs5gDi173Kyh9nHA0ugSL8bs5FRQkOM5F3ElJr1jWdKT13NpaoxANPOGorW-SsxwfE_udgQBdmTYgYtbE2N5qNvTV_bYmdQfc3cpK9dVltePZu7YNr2-6yxsq3Fd457eKLhkpPBXOGeFn8WkYjhK4yhleFkFdY4k5H2WdvwsaTwpl8CPSVlGPthnwN4JctS8zVI8m7SlcgmqFUsYBX4Wx8yvoiwFFwK4OQZ8UtAS5CRKK1YAP0srllbCM2OsuxY2veHQNqeO506w4w4d18ZD59zGlj0ZTL2zpszV4KOPX69_fPhuNR78rdw_0XwoQAhVhCSkiDJSkHAwm1i9A_PMbA_qLyxDN_MTByj6ztjsEeo7Y5S_2ypr_X_sjHBnjHaG_oeEjSMztC_7uh1ebXwmfK5xn2qrqsrLHs9vt9vOv4n4MOfJlqe8AfvWW6Hbnw9e5hQXFOfxihZa1VqVBPsFjqgGW5uIakjpKgpCUIKtstAQEIFEJEkWAhUENKBARBABNVApoIpMiKqqXfG50Io0kpctUrBAG61VdXaqB96b31H_u2U&v=c1&r=https%3A%2F%2Fwww.amazon.com%2Fgp%2Faw%2Fd%2FB0GDY28GXK%3Fpd_rd_plhdr%3Dt%26hsa_cr_id%3D0%26qid%3D1787711050%26sr%3D1-4-5a5562f9-fdfd-4101-9f9d-d76aa9998432%26i%3Daps%26aref%3DQk99UMAfOW&ref_=sbx__sbtcd2_asin_3_bkgd&pd_rd_w=4q5CS&content-id=amzn1.sym.90f77631-9599-4fe0-95f8-a40adfe1c762%3Aamzn1.sym.90f77631-9599-4fe0-95f8-a40adfe1c762&pf_rd_p=90f77631-9599-4fe0-95f8-a40adfe1c762&pf_rd_r=APJQXD6RKHM0K2P1VKMC&pd_rd_wg=YBNvt&pd_rd_r=6d4bec22-5479-46e3-aa69-38efeaabc725,"https://m.media-amazon.com/images/I/61M8szgUVaL._AC_SR322,134_CB1169409_QL70_.jpg",68,排名进入前30；价格处于人民币等值¥57.60-¥180.00黄金区间；标题包含 platform、wedge，符合美国女鞋舒适化趋势；评分达到4.3以上。
2026-08-26,amazon_us,product,new_releases,New Releases Women Sandals,9,Uniwill Shower Shoes Womens Quick Dry Arch Support Flip Flops | Darin Holes Comfortable Non Slip Beach Lightweight Thong Sandalas,,4.4,$16.88,,,,,,https://www.amazon.com/Uniwill-Shower-Shoes-Womens-Quickly/dp/B0GY5P9KS2/ref=zg_bsnr_g_679425011_d_sccl_9/146-4045039-7902150?psc=1,"https://images-na.ssl-images-amazon.com/images/I/61PrHay7LLL._AC_UL600_SR600,400_.jpg",67,排名靠前；标题包含 comfort、arch support、beach，符合美国女鞋舒适化趋势；评分达到4.3以上。
2026-08-26,amazon_us,product,search,women summer slippers,6,shevalues,¥134.57,4.3,shevalues,,,,,,https://www.amazon.com/sspa/click?ie=UTF8&spc=MToyODk5NjQwNzAyODU1Njg2OjE3ODc3MTEwNDk6c3Bfc2VhcmNoX3RoZW1hdGljOjMwMTMwMDg5NjA0NDIwMjo6MDo6&url=%2Fshevalues-Summer-House-Slippers-for-Women-Men-Breathable-Waffle-Indoor-Slippers-Slip-on-Open-Toe-Home-Shoes-Grey-7-5-8-5-Women-Men-6-7men%2Fdp%2FB0BQ36952C%2Fref%3Dsxin_18_pa_sp_search_thematic_sspa%3Fcontent-id%3Damzn1.sym.8f580787-d4c7-42df-832f-97da9b694989%253Aamzn1.sym.8f580787-d4c7-42df-832f-97da9b694989%26cv_ct_cx%3Dwomen%2Bsummer%2Bslippers%26keywords%3Dwomen%2Bsummer%2Bslippers%26pd_rd_i%3DB0BQ36952C%26pd_rd_r%3D01a5c58b-af79-497f-abdd-49d196637da2%26pd_rd_w%3DLyBmh%26pd_rd_wg%3DStu1w%26pf_rd_p%3D8f580787-d4c7-42df-832f-97da9b694989%26pf_rd_r%3DDKPRW35X54N8Y8KSD26B%26qid%3D1787711049%26sbo%3DRZvfv%252F%252FHxDF%252BO5021pAnSA%253D%253D%26sr%3D1-1-7efdef4d-9875-47e1-927f-8c2c1c47ed49-spons%26aref%3Dr4EJlpbvOS%26sp_csd%3Dd2lkZ2V0TmFtZT1zcF9zZWFyY2hfdGhlbWF0aWM%26psc%3D1&aref=r4EJlpbvOS,https://m.media-amazon.com/images/I/81h-1T74bdL._AC_UL320_.jpg,67,排名靠前；价格处于人民币等值¥57.60-¥180.00黄金区间；评分达到4.3以上。
2026-08-26,amazon_us,product,search,women summer slippers,9,Evshine,¥115.13,4.4,Evshine,,,,,,https://www.amazon.com/sspa/click?ie=UTF8&spc=MToyODk5NjQwNzAyODU1Njg2OjE3ODc3MTEwNDk6c3Bfc2VhcmNoX3RoZW1hdGljOjMwMTIzNjA5MzQ2MTAwMjo6Mzo6&url=%2FEvshine-Summer-Slippers-Corduroy-Bedroom%2Fdp%2FB0CT4DHQRY%2Fref%3Dsxin_18_pa_sp_search_thematic_sspa%3Fcontent-id%3Damzn1.sym.8f580787-d4c7-42df-832f-97da9b694989%253Aamzn1.sym.8f580787-d4c7-42df-832f-97da9b694989%26cv_ct_cx%3Dwomen%2Bsummer%2Bslippers%26keywords%3Dwomen%2Bsummer%2Bslippers%26pd_rd_i%3DB0CT4DHQRY%26pd_rd_r%3D01a5c58b-af79-497f-abdd-49d196637da2%26pd_rd_w%3DLyBmh%26pd_rd_wg%3DStu1w%26pf_rd_p%3D8f580787-d4c7-42df-832f-97da9b694989%26pf_rd_r%3DDKPRW35X54N8Y8KSD26B%26qid%3D1787711049%26sbo%3DRZvfv%252F%252FHxDF%252BO5021pAnSA%253D%253D%26sr%3D1-4-7efdef4d-9875-47e1-927f-8c2c1c47ed49-spons%26aref%3DoCubCzka3A%26sp_csd%3Dd2lkZ2V0TmFtZT1zcF9zZWFyY2hfdGhlbWF0aWM%26psc%3D1&aref=oCubCzka3A,https://m.media-amazon.com/images/I/716HtWr+puL._AC_UL320_.jpg,67,排名靠前；价格处于人民币等值¥57.60-¥180.00黄金区间；评分达到4.3以上。
2026-08-26,amazon_us,product,search,women slides,3,adidas,¥151.20,4.4,adidas,,,,,,https://www.amazon.com/adidas-Unisex-Adilette-Shower-Sandal/dp/B091ZGQF6G/ref=sr_1_2?dib=eyJ2IjoiMSJ9.wrqHnvIFpzxZDCy1gVq3f2HcNswV2RaHhxwkGjsTd_XP6ATNvzTBKMST9QTJlXh-zOXQMqSowLEhJEu4WCu31R6dqnnDAUd_dwoe_Rs16y5s-edgEi3MXBSxp9w_9h5ZRRUL7Qq5Fr5PkXrZSk4BI7oocPnA8GDNyDY5_HocPSQyXaHIv083cW3KXk8CW1iaTmEqx5oorF5-vkwcKBDC4Um5qx-yqKUXN--n9XwUDJ9P-K5yxNiYacXuoATKNveTdoNygleZ0txwfyOXPGx03Y4sTaT_0d0lccP9bViYRZE.L9ZGP_z5OIUHn_G1ViJI_fTilH4Pv4p59ZYXvX-W0m0&dib_tag=se&keywords=women+slides&qid=1787711050&sr=8-2,https://m.media-amazon.com/images/I/61CCABduhML._AC_UL320_.jpg,67,排名靠前；价格处于人民币等值¥57.60-¥180.00黄金区间；评分达到4.3以上。
2026-08-26,amazon_us,product,search,platform sandals women,7,Goosecret,¥136.73,4.4,Goosecret,,,,,,https://www.amazon.com/sspa/click?ie=UTF8&spc=MTo3NjExMTQyMjUzODg3MDEzOjE3ODc3MTEwNTA6c3BfYXRmOjMwMTIzNzI2NjA2MTcwMjo6MDo6&url=%2FGoosecret-Platform-Comfortable-Lightweight-Adjustable%2Fdp%2FB0BZ7K2R1S%2Fref%3Dsr_1_4_sspa%3Fdib%3DeyJ2IjoiMSJ9.c2JOP7efvUWHssCgWAsKBU3PqZJnkHZUa6YP2GiVYL9Vb184hK-kgGIIxB_46DZbILYOBrAVo-SspzzZF0awuWJx9tDRnaIGjp-EQfJi4JwOq8sTyyFyKGekiR3U_8KbXkynfBIp9D7VijnQSicdSL-vt8JF1-TIDt1_uD8Sgpzzmz6MvVTkRenzR-8_kFDmwKv38Fdn9sSXzThc40He3wsSZjZK1FzTa4OZJYzyZadOD4pLnne_fqefk0aMbHA5FeQjcBeZxZmPRGt18bdlm4-A34GOPuggRSuU61IcLic.zhyIMEMCi5X0sDdVghuilhH_7dAS9KpHzwZwJYOG-Xs%26dib_tag%3Dse%26keywords%3Dplatform%2Bsandals%2Bwomen%26qid%3D1787711050%26sr%3D8-4-spons%26sp_csd%3Dd2lkZ2V0TmFtZT1zcF9hdGY%26psc%3D1,https://m.media-amazon.com/images/I/61HSQ2aKNuL._AC_UL320_.jpg,67,排名靠前；价格处于人民币等值¥57.60-¥180.00黄金区间；评分达到4.3以上。
2026-08-26,amazon_us,product,new_releases,New Releases Women Sandals,11,Project Cloud Platform Sandals Women - Wedge Sandals for Women 2026 (Silly) | Womens Sandals Comfortable with Soft & Plush Insole - Non Slip Beach Essentials Womens Slide - Stylish Women Footwear,,3.5,$32.90,,,,,,https://www.amazon.com/Project-Cloud-Platform-Sandals-Women/dp/B0H27CBFH3/ref=zg_bsnr_g_679425011_d_sccl_11/146-4045039-7902150?psc=1,"https://images-na.ssl-images-amazon.com/images/I/71lcJ5wbS4L._AC_UL600_SR600,400_.jpg",65,排名进入前30；标题包含 cloud、platform、comfort、soft、beach、wedge，符合美国女鞋舒适化趋势；platform + comfort组合趋势加分。
2026-08-26,amazon_us,product,search,women slides,10,Nike,¥226.80,4.6,Nike,,,,,,https://www.amazon.com/Nike-Womens-Benassi-Sandal-Regular/dp/B004051CSK/ref=sr_1_9?dib=eyJ2IjoiMSJ9.wrqHnvIFpzxZDCy1gVq3f2HcNswV2RaHhxwkGjsTd_XP6ATNvzTBKMST9QTJlXh-zOXQMqSowLEhJEu4WCu31R6dqnnDAUd_dwoe_Rs16y5s-edgEi3MXBSxp9w_9h5ZRRUL7Qq5Fr5PkXrZSk4BI7oocPnA8GDNyDY5_HocPSQyXaHIv083cW3KXk8CW1iaTmEqx5oorF5-vkwcKBDC4Um5qx-yqKUXN--n9XwUDJ9P-K5yxNiYacXuoATKNveTdoNygleZ0txwfyOXPGx03Y4sTaT_0d0lccP9bViYRZE.L9ZGP_z5OIUHn_G1ViJI_fTilH4Pv4p59ZYXvX-W0m0&dib_tag=se&keywords=women+slides&qid=1787711050&sr=8-9,https://m.media-amazon.com/images/I/61r+GaHXF7L._AC_UL320_.jpg,65,排名靠前；价格处于人民币等值¥180.00-¥288.00区间；评分达到4.6以上。
2026-08-26,amazon_us,product,best_sellers,Best Sellers Women Sandals,1,mazeskin Womens Memory Foam Flip Flops Flat Thong Sandals | Soft Vegan Leather Comfortable Cushioned Casual Dressy Beach Summer Minimalist Slim Slide Shoes Indoor Outdoor,,4.1,$9.48,,,,,,https://www.amazon.com/mazeskin-Womens-Comfortable-Sandals-Leather/dp/B0F32KMZ18/ref=zg_bs_g_679425011_d_sccl_1/131-4614456-4768840?psc=1,"https://images-na.ssl-images-amazon.com/images/I/71jV8GHPNSL._AC_UL600_SR600,400_.jpg",64,排名靠前；标题包含 comfort、soft、beach、summer，符合美国女鞋舒适化趋势；评分达到4.0以上。
2026-08-26,amazon_us,product,best_sellers,Best Sellers Women Sandals,7,CUSHIONAIRE Lane Cork Footbed Womens Sandals Comfortable Double Buckle Slip On Sandals for Women with Arch Support and Classic Two Strap Design,,4.5,$34.99,,,,,,https://www.amazon.com/CUSHIONAIRE-Womens-Slide-Sandals-Brown/dp/B075PBVR9N/ref=zg_bs_g_679425011_d_sccl_7/131-4614456-4768840?psc=1,"https://images-na.ssl-images-amazon.com/images/I/81suZ76XHpL._AC_UL600_SR600,400_.jpg",64,排名靠前；标题包含 comfort、arch support，符合美国女鞋舒适化趋势；评分达到4.3以上。
2026-08-26,amazon_us,product,best_sellers,Best Sellers Women Sandals,10,"shevalues Slim Basic Flip Flops for Women with Comfortable Yoga Mat | Lightweight Non Slip Rubber Sandals for Beach, Shower, Pool & Summer Casual Wear",,4.4,$9.99,,,,,,https://www.amazon.com/shevalues-Shower-Rubber-Sandals-Comfortable/dp/B0B68G2D52/ref=zg_bs_g_679425011_d_sccl_10/131-4614456-4768840?psc=1,"https://images-na.ssl-images-amazon.com/images/I/61b4HXgBWfL._AC_UL600_SR600,400_.jpg",64,排名靠前；标题包含 comfort、beach、summer，符合美国女鞋舒适化趋势；评分达到4.3以上。
2026-08-26,amazon_us,product,search,women summer slippers,4,WHITIN,¥71.93,4.1,Products highlighted as 'Overall Pick' are:,,,,,,https://www.amazon.com/WHITIN-Slippers-Cushioned-Fashionable-Lightweight/dp/B0C1C17KH8/ref=sr_1_1?dib=eyJ2IjoiMSJ9.SLcwjNPgU_aswlE5gVkWSBcdKYdi0ZOYJvfTySkYscvaQqhCTWpxOdN-kabWC0WWpwsE25z8mihiRdEjMZtc9_qbuuHwf20eOaDo4qAZzUadEHp-t8GD-9lMHVsIjEC2Jo5WPT0q5TrbvDgefMHf4QlPNzweHETkwVGfgrriwag0vTLTRsfhBwLVhlqJFgGL8KC9gpybkCfi4pLMJJP3WBP5X_At4c-UtiNDsGu0GwNwCJM1LcAORy1Z5HviJJnRBKjMGuyTLD_gfJCOQGYcpkeyj-zulgkvlyfug7VUJYM.KpxthUkcnsEb9ywMpfoM9Nld4b5hqSc46_Bq5_fXCSM&dib_tag=se&keywords=women+summer+slippers&qid=1787711049&sr=8-1,https://m.media-amazon.com/images/I/71nA8egRirL._AC_UL320_.jpg,64,排名靠前；价格处于人民币等值¥57.60-¥180.00黄金区间；评分达到4.0以上。
2026-08-26,amazon_us,product,search,women summer slippers,7,Dearfoams,¥115.13,4.2,Dearfoams,,,,,,https://www.amazon.com/sspa/click?ie=UTF8&spc=MToyODk5NjQwNzAyODU1Njg2OjE3ODc3MTEwNDk6c3Bfc2VhcmNoX3RoZW1hdGljOjMwMTI5MDM1MjIzODYwMjo6MTo6&url=%2FDearfoams-Womens-Memory-Indoor-Slipper%2Fdp%2FB01N9R5FUR%2Fref%3Dsxin_18_pa_sp_search_thematic_sspa%3Fcontent-id%3Damzn1.sym.8f580787-d4c7-42df-832f-97da9b694989%253Aamzn1.sym.8f580787-d4c7-42df-832f-97da9b694989%26cv_ct_cx%3Dwomen%2Bsummer%2Bslippers%26keywords%3Dwomen%2Bsummer%2Bslippers%26pd_rd_i%3DB01N9R5FUR%26pd_rd_r%3D01a5c58b-af79-497f-abdd-49d196637da2%26pd_rd_w%3DLyBmh%26pd_rd_wg%3DStu1w%26pf_rd_p%3D8f580787-d4c7-42df-832f-97da9b694989%26pf_rd_r%3DDKPRW35X54N8Y8KSD26B%26qid%3D1787711049%26sbo%3DRZvfv%252F%252FHxDF%252BO5021pAnSA%253D%253D%26sr%3D1-2-7efdef4d-9875-47e1-927f-8c2c1c47ed49-spons%26aref%3DlkCduysLdM%26sp_csd%3Dd2lkZ2V0TmFtZT1zcF9zZWFyY2hfdGhlbWF0aWM%26psc%3D1&aref=lkCduysLdM,https://m.media-amazon.com/images/I/61YDnLJiKCL._AC_UL320_.jpg,64,排名靠前；价格处于人民币等值¥57.60-¥180.00黄金区间；评分达到4.0以上。
2026-08-26,amazon_us,product,search,women summer slippers,8,GOEWY,¥93.53,4.2,GOEWY,,,,,,https://www.amazon.com/sspa/click?ie=UTF8&spc=MToyODk5NjQwNzAyODU1Njg2OjE3ODc3MTEwNDk6c3Bfc2VhcmNoX3RoZW1hdGljOjMwMTQ0MDIwNjU4OTUwMjo6Mjo6&url=%2FGOEWY-House-Slippers-Summer-Memory%2Fdp%2FB0GVYMZHKG%2Fref%3Dsxin_18_pa_sp_search_thematic_sspa%3Fcontent-id%3Damzn1.sym.8f580787-d4c7-42df-832f-97da9b694989%253Aamzn1.sym.8f580787-d4c7-42df-832f-97da9b694989%26cv_ct_cx%3Dwomen%2Bsummer%2Bslippers%26keywords%3Dwomen%2Bsummer%2Bslippers%26pd_rd_i%3DB0GVYMZHKG%26pd_rd_r%3D01a5c58b-af79-497f-abdd-49d196637da2%26pd_rd_w%3DLyBmh%26pd_rd_wg%3DStu1w%26pf_rd_p%3D8f580787-d4c7-42df-832f-97da9b694989%26pf_rd_r%3DDKPRW35X54N8Y8KSD26B%26qid%3D1787711049%26sbo%3D9ZOMT9Jm0JH%252Ft%252BWi68iDSA%253D%253D%26sr%3D1-3-7efdef4d-9875-47e1-927f-8c2c1c47ed49-spons%26aref%3DTWaS7RVxHa%26sp_csd%3Dd2lkZ2V0TmFtZT1zcF9zZWFyY2hfdGhlbWF0aWM%26psc%3D1&aref=TWaS7RVxHa,https://m.media-amazon.com/images/I/81wxouP5EZL._AC_UL320_.jpg,64,排名靠前；价格处于人民币等值¥57.60-¥180.00黄金区间；评分达到4.0以上。
2026-08-26,amazon_us,product,search,women summer slippers,10,FRALOSHA,¥71.93,4.2,FRALOSHA,,,,,,https://www.amazon.com/sspa/click?ie=UTF8&spc=MToyODk5NjQwNzAyODU1Njg2OjE3ODc3MTEwNDk6c3Bfc2VhcmNoX3RoZW1hdGljOjIwMDAxMzgxNDQ5NzYxMTo6NDo6&url=%2FFRALOSHA-Slippers-Breathable-Outdoor-Sandals%2Fdp%2FB07FSJ1H3T%2Fref%3Dsxin_18_pa_sp_search_thematic_sspa%3Fcontent-id%3Damzn1.sym.8f580787-d4c7-42df-832f-97da9b694989%253Aamzn1.sym.8f580787-d4c7-42df-832f-97da9b694989%26cv_ct_cx%3Dwomen%2Bsummer%2Bslippers%26keywords%3Dwomen%2Bsummer%2Bslippers%26pd_rd_i%3DB07FSJ1H3T%26pd_rd_r%3D01a5c58b-af79-497f-abdd-49d196637da2%26pd_rd_w%3DLyBmh%26pd_rd_wg%3DStu1w%26pf_rd_p%3D8f580787-d4c7-42df-832f-97da9b694989%26pf_rd_r%3DDKPRW35X54N8Y8KSD26B%26qid%3D1787711049%26sbo%3DRZvfv%252F%252FHxDF%252BO5021pAnSA%253D%253D%26sr%3D1-5-7efdef4d-9875-47e1-927f-8c2c1c47ed49-spons%26aref%3Deo0jYSEhcE%26sp_csd%3Dd2lkZ2V0TmFtZT1zcF9zZWFyY2hfdGhlbWF0aWM%26psc%3D1&aref=eo0jYSEhcE,https://m.media-amazon.com/images/I/810Hfh0qwIL._AC_UL320_.jpg,64,排名靠前；价格处于人民币等值¥57.60-¥180.00黄金区间；评分达到4.0以上。
2026-08-26,amazon_us,product,search,platform sandals women,3,Sorel Women's Sunpeak Platform Sandal | Casual Sandals Sorel Women's Sunpeak Platform Sandal | Casual San…,¥936.00,4.5,,,,,,,https://aax-us-east-retail-direct.amazon.com/x/c/JPiNBsgXrQ8q2QMRdrjkBpMAAAGgO-HTTAEAAAH2AQBvbm9fdHhuX2JpZDEgICBvbm9fdHhuX2ltcDEgICDDdKJY/clv1c_ek-wBXfWFcTanSVvYs7nSZr77RkGS5OvchJLJlnw3QKOaSV84ktvZru0H_ifCkHngSyXwsRHEzjQmakbKpIRmn_LSnBi9Agc6gWqPcYlzMD1m9KqxaW-e0RI4_9_gF75cosVqP-CNk6arTF-9gICoNLSsB0cEl3-lf60d7cJz4cFRTNoSJGoSOn7o-oeLISexPYhx4rNFxDuDajlt8muOdgxHdi1rlz_uhSkOQzgEQzS0Nrp29YYs7B0UtGSl6TRmSeI_1-1-Pi9d2RNCSZydpnqVwIRQ8vDY-MbYzqtzQR331ZG2XP5q_6a02_PJj9TiktofaNebZDiDClDoonBJMpmjkQs7MXLDudd16_RMgCRTMp8_f81_4dUMTrFpqX9KxmeSIL5SvqZpEppBrb0Eni6r1CjVQgYQMJpgn8yzD3r0Drq4mA7ngofIJ3AMXCG3ssbvFo_eFFua_PiH3kKIIFJm-7zvP3RpFjQsX56EI_D9R_VM2fVhqgN84_6Vb01hGocxM7e9cHX5O7JJfThwgOiszhr9E-vb7zK5XDH3gXoMJAbkSptrpRrfLHPaQJJV3_EC65zfuw_v1-h0fTcZ3pZ1DSnet02NDBe2Nb7P1WPCamYrrGe1wWvtLrR9QQgzdafR4CkpbwcAb13HDEqRbUIqYsFiwyVT3jx5bb1i60zG7EGdgRYfKBBe-KG5wwULeyqPY_N51TixPRRTGqWr0z9ZBbK9FlI4PQjO5lsiIBC9ELfO9gEi5gETjJk_MOnBDK9LvrvrAaE5X-CCa8TAP9iqDIA4isg-A95W56RklYq5zHdqqxmcQmp4lkvASokwpEycXFWfCRUUij-rKTryrR69cUSWK7dmkOjxFMKlvqrbCzBXEIFi-LOoTIWcMWukplt-Nv0M9-7XZsdMT6zBK8l-z46NmodDj8lEamsmdkdsi-zP46U2unuaUrm1MxH3x7FkkOS9056GOps-_TComXudJEvaEwD0lbAiW9znNCCGPzD48-QfxmmT63X5dYJE881vprQZwcBW3NCU8kDwSoywcTOLhnhd39J4mHxvRYBvE6ez9aaEyrCYPeGTKEAQze8bCmcGx8EZ0S1rVYrF2_1nuaWOug0WhdTGKajXWrGPYlGXwXsD0V70TtLRkuGt9KG4AFbW9TGAHUpsiBsU6STThqgcs2MnQBT2ss3hwfjKHY_vVALVDgQTjn-PlnRNk6YOJPjB1eKvkPz56iLWpIPwgVPc0a8afqmo-nblY-EaZPVkZ769Al-J3C1THqKbtPaKGiu542XFLjxd7BBU2YO-4Fnh-8HPeyPpFjD7oq9Vm_QrKIV27ik_9lw6-mFD8dwMvq1VxFOg5hSVKiyjx-DMIXRSzwE7Okn4Ct0HV00xkArvUGI1PPHgaBjLVnk2KFxzh9pUvzd4nsOZEafIW2yCx9gPLKu0PGf1_nVkmBY7AtjovsP6EZbR40P11DBsnyDiuy4_JH4Dre86M4US9qj43LAEJZa2tB7CtroLL0i0Qjal-og3ph5m6-eCSBetCLN_y41dgHohDTRMEKf2TJsprxmI_XsElMt_o_MixkZy7RIHWZJBwW20xL_4DUcUNRponbCd-59LVEPMc7cxOdNKxADsru5bARBzZXZfFx5qL0gDqH1qprMbWP42rDChf0WDf1YjCp_cS6x63pZBcx48gwJDZJx5_r_46I/https://www.amazon.com/gp/aw/d/B0F8DF6JD8/?_encoding=UTF8&pd_rd_plhdr=t&aaxitk=b8fdff5d0a92fb43ad129171fd02a1a5&hsa_cr_id=0&qid=1787711050&sr=1-3-9e67e56a-6f64-441f-a281-df67fc737124&i=aps&aref=rDDkVfxPg8&ref_=sbx_s_sparkle_sbtcd_asin_2_bkgd&pd_rd_w=b8tfU&content-id=amzn1.sym.8de9b3d5-f5c5-40e9-9b39-d65f08d6ea68%3Aamzn1.sym.8de9b3d5-f5c5-40e9-9b39-d65f08d6ea68&pf_rd_p=8de9b3d5-f5c5-40e9-9b39-d65f08d6ea68&pf_rd_r=APJQXD6RKHM0K2P1VKMC&pd_rd_wg=AOUqR&pd_rd_r=530981f4-6cb8-4273-b29b-634315ae1531,"https://m.media-amazon.com/images/I/61jQ5aKvWfL._AC_SR160,134_CB1169409_QL70_.jpg",63,排名靠前；价格高于人民币等值¥288.00；标题包含 platform，符合美国女鞋舒适化趋势；评分达到4.3以上。
2026-08-26,amazon_us,product,best_sellers,Best Sellers Women Sandals,23,KuaiLu Flip Flops for Women with Arch Support Summer Beach Thong Sandals | Comfortable Walking Shoes Lightweight Soft Yoga Mat Cushion Floral Outfits Slip On Indoor Outdoor,,4.5,$13.99,,,,,,https://www.amazon.com/KuaiLu-Comfortable-Waterproof-Supportive-Flipflops/dp/B0CTML36SJ/ref=zg_bs_g_679425011_d_sccl_23/131-4614456-4768840?psc=1,"https://images-na.ssl-images-amazon.com/images/I/71FLg8v7ZyL._AC_UL600_SR600,400_.jpg",62,排名进入前30；标题包含 comfort、arch support、soft、beach、summer，符合美国女鞋舒适化趋势；评分达到4.3以上。
2026-08-26,amazon_us,product,best_sellers,Best Sellers Women Sandals,33,COFACE Womens Orthopedic Flip Flops Arch Support Yoga Walking Thong Sandals | Fashion Orthotic Ladies Slip On Lightweight Athletic Mat Recovery Cushion With Comfortable Plantar Fasciitis,,4.3,$24.67,,,,,,https://www.amazon.com/COFACE-Orthotic-Athletic-FlipFlops-Fasciitis/dp/B09ZKZW1LR/ref=zg_bs_g_679425011_d_sccl_33/131-4614456-4768840?psc=1,"https://images-na.ssl-images-amazon.com/images/I/71wrTj6AkpL._AC_UL300_SR300,200_.jpg",62,排名进入前50；标题包含 recovery、orthopedic、comfort、arch support，符合美国女鞋舒适化趋势；orthopedic + arch support组合趋势加分；评分达到4.3以上。
2026-08-26,amazon_us,product,new_releases,New Releases Women Sandals,3,Coutgo Womens Wedge Heels Sandals Platform Flip Flops Slides Slip On Summer Beach Shoes,,3.7,$43.98,,,,,,https://www.amazon.com/Coutgo-Womens-Sandals-Platform-Slides/dp/B0H4VMX5HT/ref=zg_bsnr_g_679425011_d_sccl_3/146-4045039-7902150?psc=1,"https://images-na.ssl-images-amazon.com/images/I/51zx+vVXyGL._AC_UL600_SR600,400_.jpg",62,排名靠前；标题包含 platform、beach、summer、wedge，符合美国女鞋舒适化趋势。
2026-08-26,amazon_us,product,search,women summer slippers,1,Chantomoo Slippers for Women Memory Foam House Bedroom Corduroy Bow Crossbands Slipper Shoes Comfy Trendy Gift Slippers Chantomoo Slippers for Women Memory Foam Hous…,¥215.93,4.4,,,,,,,https://aax-us-east-retail-direct.amazon.com/x/c/JOhV2WW7jTdDJzsfXddpnLoAAAGgO-HO1gEAAAH2AQBvbm9fdHhuX2JpZDMgICBvbm9fdHhuX2ltcDIgICCTLo8G/clv1c_ek-IBQfWIrTWnm9ycA9BCerAHPAyIHax-mamI0PGG60u0WkQutwC3CKlssCxQyg-i2KeeBiWVvenDxmYW5-RMeMk_-m_p3se_AFJV5fe1Q4-6JUrbTfsViIYI_9ghGpRhbWf6tS44P68gLjB0k4JKsGap8H09nTp1Uf61hH6JEafUlWFNr8CqyjGC0rnYlwduHACpU9QLUvQxbdctE5efK3QP5eXrFy09S7Pji1mUdw5N1_XF-YE6p8S820lOUZGK-bX-WhU1Sfif0HYGDtzWCMxGPj7bBxz_d-3snZo_5XVrLyzOUScXgr7ofo3rFC2Rq0w33nQ9-P62S_aSfWXVRzett70QIbRw93WHi2G7EamWrVirZyMkyFo-f7jmYSzTLJ0lUk7eDUC1DToFOBVNNo9yZzLhAAZ1rjqvf4PuqepyFEraaUCblo_3WYmALVfDWqLpgLU_hnrtP8TL0F1N0IjRU1is8If0EVqx8rgNlnaVU8rk2_r9slX_gQx9arFlGZ09WxSOg3Xky7KOR6QyoxhNlIKoCL1mAPi4Vqw3aUtiPY_sRnLK4sWcWweuxoa5I0oYHTOamqJ_o8Y-HlT803AwWHVeVw-H5Xje6XmrESh7-UdH4DboRjHJBX4qnsCerUnhBmGVs7vhlErFnJAWvvLs-c_1Z-vHnne8-gt33_XoJYbVRgHhDXGfMOd0rGS3UrWT78QY2_jCU7kzFN4iyvxp3g1V9Smjr8wqRAvhLky-yBJN3ecaGOZYZOUxyHEGK6-qGrZIbv6P1fxeJ_w2Hjv6yikME0Qjn_kJ8qhfRhjxzBfuiWb2iFJjYi_5gPpNbkZ05TjiyRQ8CApmcK2nVACg_Mj54FtPfMEVpETNhSiVM3E3-lCst2Bwn3Yd7dKkoiWbIE3R34FDMeuRS5Wcc9f1l56UQXEaOUmeBXr1JkJ06CP0kyrEakUNSgIzCGmloIg395FQAGyEIsYXxpCM8g3gLGFcF2K1zyQX9Y72JuPpmfI7dqW-IKXJKKuXjxVTi-cgfmpVWauajdXljoNW5KRsXOs6S0aJeQRYUYP8-BWM0Y_PAbtkuJJxD_bwj7vY3V1VpAHyqGz8aY9Rlj_bucYOlUpGX2zKUMrUgRGyIdvGZrRVXVACeqD5PtkHzU7bKM_ueGtbGOXsMTdJLE0RuhACHKp-n40IL-guFcQYCjuV-HNe4KZO1-3pbHXJHUl7AH3OEa8amgU3BJdlLYn6tWLdeZ3nnWFluSsY95ywcGmE_l4v9p9FRrjn14lspAPZe5MlV_z3Q7EqNgJ2dp2O81AkY_VOoJ2YsocIjCoQPCTEMavsFZ8A6QgD7iaIPk73YsNREL55V8XJpv3gT8a-3MFtgu8VaDbf-vfKBJlUeRUgGzG1adlJDduARH2GdR6kAK9Pv90GemV-f2Kifdt4GHSbZKVv7qydD0nNPXqKQA6nXTqNlIK_RSnrboEZJtaNomTUIoqJ3JWPFaEF0wCeS_86QqTnG2WcQovu2rIGI8eE23iDYHlDXclm6LBrDEMdsmvhz3ffjEOA4fL1lnBEO3Zo4sL7gEat1Nk2F7XBe4tw9lM0106CAIDzE2E8kfefNgvVejHgBmaZvTaN1TY6BhcGSo4KeDufgj6PSYUeJsg_NJihJguBHNiBmEVXCmLDaUSq7s_Dk4nTVaRXw/https://www.amazon.com/gp/aw/d/B0C7H38YBT/?_encoding=UTF8&pd_rd_plhdr=t&aaxitk=e1dc8951dc6a869de52e94b8a9c6e0fe&hsa_cr_id=0&qid=1787711049&sr=1-1-9e67e56a-6f64-441f-a281-df67fc737124&i=aps&aref=qwdxKUM9Cs&ref_=sbx_s_sparkle_sbtcd_asin_0_bkgd&pd_rd_w=FJ82l&content-id=amzn1.sym.8de9b3d5-f5c5-40e9-9b39-d65f08d6ea68%3Aamzn1.sym.8de9b3d5-f5c5-40e9-9b39-d65f08d6ea68&pf_rd_p=8de9b3d5-f5c5-40e9-9b39-d65f08d6ea68&pf_rd_r=DKPRW35X54N8Y8KSD26B&pd_rd_wg=MBQOv&pd_rd_r=28c7d47a-e765-42bd-b6bc-3abc60b1214a,"https://m.media-amazon.com/images/I/711Z9Ju3AqL._AC_SR160,134_CB1169409_QL70_.jpg",62,排名靠前；价格处于人民币等值¥180.00-¥288.00区间；评分达到4.3以上。
2026-08-26,amazon_us,product,search,women summer slippers,3,Chantomoo Slippers for Women Memory Foam House Bedroom Corduroy Bow Crossbands Slipper Shoes Comfy Trendy Gift Slippers Chantomoo Slippers for Women Memory Foam Hous…,¥287.93,4.4,,,,,,,https://aax-us-east-retail-direct.amazon.com/x/c/JOhV2WW7jTdDJzsfXddpnLoAAAGgO-HO1gEAAAH2AQBvbm9fdHhuX2JpZDMgICBvbm9fdHhuX2ltcDIgICCTLo8G/clv1c_ek-IBQfWIrTWnm9ycA9BCerAHPAyIHax-mamI0PGG60u0WkQutwC3CKlssCxQyg-i2KeeBiWVvenDxmYW5-RMeMk_-m_p3se_AFJV5fe1Q4-6JUrbTfsViIYI_9ghGpRhbWf6tS44P68gLjB0k4JKsGap8H09nTp1Uf61hH6JEafUlWFNr8CqyjGC0rnYlwduHACpU9QLUvQxbdctE5efK3QP5eXrFy09S7Pji1mUdw5N1_XF-YE6p8S820lOUZGK-bX-WhU1Sfif0HYGDtzWCMxGPj7bBxz_d-3snZo_5XVrLyzOUScXgr7ofo3rFC2Rq0w33nQ9-P62S_aSfWXVRzett70QIbRw93WHi2G7EamWrVirZyMkyFo-f7jmYSzTLJ0lUk7eDUC1DToFOBVNNo9yZzLhAAZ1rjqvf4PuqepyFEraaUCblo_3WYmALVfDWqLpgLU_hnrtP8TL0F1N0IjRU1is8If0EVqx8rgNlnaVU8rk2_r9slX_gQx9arFlGZ09WxSOg3Xky7KOR6QyoxhNlIKoCL1mAPi4Vqw3aUtiPY_sRnLK4sWcWweuxoa5I0oYHTOamqJ_o8Y-HlT803AwWHVeVw-H5Xje6XmrESh7-UdH4DboRjHJBX4qnsCerUnhBmGVs7vhlErFnJAWvvLs-c_1Z-vHnne8-gt33_XoJYbVRgHhDXGfMOd0rGS3UrWT78QY2_jCU7kzFN4iyvxp3g1V9Smjr8wqRAvhLky-yBJN3ecaGOZYZOUxyHEGK6-qGrZIbv6P1fxeJ_w2Hjv6yikME0Qjn_kJ8qhfRhjxzBfuiWb2iFJjYi_5gPpNbkZ05TjiyRQ8CApmcK2nVACg_Mj54FtPfMEVpETNhSiVM3E3-lCst2Bwn3Yd7dKkoiWbIE3R34FDMeuRS5Wcc9f1l56UQXEaOUmeBXr1JkJ06CP0kyrEakUNSgIzCGmloIg395FQAGyEIsYXxpCM8g3gLGFcF2K1zyQX9Y72JuPpmfI7dqW-IKXJKKuXjxVTi-cgfmpVWauajdXljoNW5KRsXOs6S0aJeQRYUYP8-BWM0Y_PAbtkuJJxD_bwj7vY3V1VpAHyqGz8aY9Rlj_bucYOlUpGX2zKUMrUgRGyIdvGZrRVXVACeqD5PtkHzU7bKM_ueGtbGOXsMTdJLE0RuhACHKp-n40IL-guFcQYCjuV-HNe4KZO1-3pbHXJHUl7AH3OEa8amgU3BJdlLYn6tWLdeZ3nnWFluSsY95ywcGmE_l4v9p9FRrjn14lspAPZe5MlV_z3Q7EqNgJ2dp2O81AkY_VOoJ2YsocIjCoQPCTEMavsFZ8A6QgD7iaIPk73YsNREL55V8XJpv3gT8a-3MFtgu8VaDbf-vfKBJlUeRUgGzG1adlJDduARH2GdR6kAK9Pv90GemV-f2Kifdt4GHSbZKVv7qydD0nNPXqKQA6nXTqNlIK_RSnrboEZJtaNomTUIoqJ3JWPFaEF0wCeS_86QqTnG2WcQovu2rIGI8eE23iDYHlDXclm6LBrDEMdsmvhz3ffjEOA4fL1lnBEO3Zo4sL7gEat1Nk2F7XBe4tw9lM0106CAIDzE2E8kfefNgvVejHgBmaZvTaN1TY6BhcGSo4KeDufgj6PSYUeJsg_NJihJguBHNiBmEVXCmLDaUSq7s_Dk4nTVaRXw/https://www.amazon.com/gp/aw/d/B0FRZFL2QW/?_encoding=UTF8&pd_rd_plhdr=t&aaxitk=e1dc8951dc6a869de52e94b8a9c6e0fe&hsa_cr_id=0&qid=1787711049&sr=1-3-9e67e56a-6f64-441f-a281-df67fc737124&i=aps&aref=qwdxKUM9Cs&ref_=sbx_s_sparkle_sbtcd_asin_2_bkgd&pd_rd_w=FJ82l&content-id=amzn1.sym.8de9b3d5-f5c5-40e9-9b39-d65f08d6ea68%3Aamzn1.sym.8de9b3d5-f5c5-40e9-9b39-d65f08d6ea68&pf_rd_p=8de9b3d5-f5c5-40e9-9b39-d65f08d6ea68&pf_rd_r=DKPRW35X54N8Y8KSD26B&pd_rd_wg=MBQOv&pd_rd_r=28c7d47a-e765-42bd-b6bc-3abc60b1214a,"https://m.media-amazon.com/images/I/71Ku9McB09L._AC_SR160,134_CB1169409_QL70_.jpg",62,排名靠前；价格处于人民币等值¥180.00-¥288.00区间；评分达到4.3以上。
2026-08-26,amazon_us,product,search,women slides,5,CUSHIONAIRE,¥194.33,4.4,CUSHIONAIRE,,,,,,https://www.amazon.com/CUSHIONAIRE-Womens-Feather-recovery-Comfort/dp/B0BTQ7ZS7B/ref=sr_1_4?dib=eyJ2IjoiMSJ9.wrqHnvIFpzxZDCy1gVq3f2HcNswV2RaHhxwkGjsTd_XP6ATNvzTBKMST9QTJlXh-zOXQMqSowLEhJEu4WCu31R6dqnnDAUd_dwoe_Rs16y5s-edgEi3MXBSxp9w_9h5ZRRUL7Qq5Fr5PkXrZSk4BI7oocPnA8GDNyDY5_HocPSQyXaHIv083cW3KXk8CW1iaTmEqx5oorF5-vkwcKBDC4Um5qx-yqKUXN--n9XwUDJ9P-K5yxNiYacXuoATKNveTdoNygleZ0txwfyOXPGx03Y4sTaT_0d0lccP9bViYRZE.L9ZGP_z5OIUHn_G1ViJI_fTilH4Pv4p59ZYXvX-W0m0&dib_tag=se&keywords=women+slides&qid=1787711050&sr=8-4,https://m.media-amazon.com/images/I/81PBXKFp76L._AC_UL320_.jpg,62,排名靠前；价格处于人民币等值¥180.00-¥288.00区间；评分达到4.3以上。
2026-08-26,amazon_us,product,search,women slides,7,adidas,¥201.60,4.4,adidas,,,,,,https://www.amazon.com/adidas-Unisex-Adilette-Sportswear-Sandal/dp/B0D28BLH78/ref=sr_1_6?dib=eyJ2IjoiMSJ9.wrqHnvIFpzxZDCy1gVq3f2HcNswV2RaHhxwkGjsTd_XP6ATNvzTBKMST9QTJlXh-zOXQMqSowLEhJEu4WCu31R6dqnnDAUd_dwoe_Rs16y5s-edgEi3MXBSxp9w_9h5ZRRUL7Qq5Fr5PkXrZSk4BI7oocPnA8GDNyDY5_HocPSQyXaHIv083cW3KXk8CW1iaTmEqx5oorF5-vkwcKBDC4Um5qx-yqKUXN--n9XwUDJ9P-K5yxNiYacXuoATKNveTdoNygleZ0txwfyOXPGx03Y4sTaT_0d0lccP9bViYRZE.L9ZGP_z5OIUHn_G1ViJI_fTilH4Pv4p59ZYXvX-W0m0&dib_tag=se&keywords=women+slides&qid=1787711050&sr=8-6,https://m.media-amazon.com/images/I/61J+U+PiJmL._AC_UL320_.jpg,62,排名靠前；价格处于人民币等值¥180.00-¥288.00区间；评分达到4.3以上。
2026-08-26,amazon_us,product,search,platform sandals women,6,Vilanva,¥194.33,4.4,Vilanva,,,,,,https://www.amazon.com/sspa/click?ie=UTF8&spc=MTo3NjExMTQyMjUzODg3MDEzOjE3ODc3MTEwNTA6c3BfYXRmOjMwMTE4NzI3MDgwMjkwMjo6MDo6&url=%2FVilanva-Womens-platform-sandals-Black%2Fdp%2FB0G79B7X4L%2Fref%3Dsr_1_3_sspa%3Fdib%3DeyJ2IjoiMSJ9.c2JOP7efvUWHssCgWAsKBU3PqZJnkHZUa6YP2GiVYL9Vb184hK-kgGIIxB_46DZbILYOBrAVo-SspzzZF0awuWJx9tDRnaIGjp-EQfJi4JwOq8sTyyFyKGekiR3U_8KbXkynfBIp9D7VijnQSicdSL-vt8JF1-TIDt1_uD8Sgpzzmz6MvVTkRenzR-8_kFDmwKv38Fdn9sSXzThc40He3wsSZjZK1FzTa4OZJYzyZadOD4pLnne_fqefk0aMbHA5FeQjcBeZxZmPRGt18bdlm4-A34GOPuggRSuU61IcLic.zhyIMEMCi5X0sDdVghuilhH_7dAS9KpHzwZwJYOG-Xs%26dib_tag%3Dse%26keywords%3Dplatform%2Bsandals%2Bwomen%26qid%3D1787711050%26sr%3D8-3-spons%26sp_csd%3Dd2lkZ2V0TmFtZT1zcF9hdGY%26psc%3D1,https://m.media-amazon.com/images/I/71jxWMtxOyL._AC_UL320_.jpg,62,排名靠前；价格处于人民币等值¥180.00-¥288.00区间；评分达到4.3以上。
2026-08-26,amazon_us,product,best_sellers,Best Sellers Women Sandals,3,"Archies Arch Support Flip Flops for Men & Women – Orthotic Sandals for Plantar Fasciitis Relief – Lightweight, Cushioning, Shock-Absorbing Thong Sandals for Walking, Foot Pain & All-Day Comfort",,4.2,$40.00,,,,,,https://www.amazon.com/Archies-Womens-Arch-Support-Black/dp/B086SYFKLP/ref=zg_bs_g_679425011_d_sccl_3/131-4614456-4768840?psc=1,"https://images-na.ssl-images-amazon.com/images/I/81xintmVcHL._AC_UL600_SR600,400_.jpg",61,排名靠前；标题包含 comfort、arch support，符合美国女鞋舒适化趋势；评分达到4.0以上。
2026-08-26,amazon_us,product,search,platform sandals women,38,Womens Platform Espadrille Wedge Sandals Open Toe Adjustable Ankle Strap Comfortable Flatform Sandals,¥194.26,4.1,"Price, product page $26.98 $ 26 . 98 Typical: $29.98 Typical: $29.98 $29.98",,,,,,https://www.amazon.com/sspa/click?ie=UTF8&spc=MTo3NjExMTQyMjUzODg3MDEzOjE3ODc3MTEwNTA6c3BfbXRmOjMwMTIzMDAxMTc3NzEwMjo6MDo6&url=%2FGoodValue-Platform-Espadrille-Adjustable-Comfortable%2Fdp%2FB0G5N2C7Y9%2Fref%3Dsr_1_21_sspa%3Fdib%3DeyJ2IjoiMSJ9.c2JOP7efvUWHssCgWAsKBU3PqZJnkHZUa6YP2GiVYL9Vb184hK-kgGIIxB_46DZbILYOBrAVo-SspzzZF0awuWJx9tDRnaIGjp-EQfJi4JwOq8sTyyFyKGekiR3U_8KbXkynfBIp9D7VijnQSicdSL-vt8JF1-TIDt1_uD8Sgpzzmz6MvVTkRenzR-8_kFDmwKv38Fdn9sSXzThc40He3wsSZjZK1FzTa4OZJYzyZadOD4pLnne_fqefk0aMbHA5FeQjcBeZxZmPRGt18bdlm4-A34GOPuggRSuU61IcLic.zhyIMEMCi5X0sDdVghuilhH_7dAS9KpHzwZwJYOG-Xs%26dib_tag%3Dse%26keywords%3Dplatform%2Bsandals%2Bwomen%26qid%3D1787711050%26sr%3D8-21-spons%26sp_csd%3Dd2lkZ2V0TmFtZT1zcF9tdGY%26psc%3D1,https://m.media-amazon.com/images/I/71ochZ7OO-L._AC_UL320_.jpg,61,排名进入前50；价格处于人民币等值¥180.00-¥288.00区间；标题包含 platform、comfort、wedge，符合美国女鞋舒适化趋势；platform + comfort组合趋势加分；评分达到4.0以上。
2026-08-26,amazon_us,product,best_sellers,Best Sellers Women Sandals,26,ONCAI Women's Flip Flops Comfortable Arch Support Yoga Mat Summer Beach Walking Thong Cushion Sandals Ladies Outdoor Vacation Essentials Slide Shoes Rubber Soles US Size 5-11,,4.3,$13.98,,,,,,https://www.amazon.com/ONCAI-Support-Athletic-Orthotic-Fasciitis/dp/B0D2292JM9/ref=zg_bs_g_679425011_d_sccl_26/131-4614456-4768840?psc=1,"https://images-na.ssl-images-amazon.com/images/I/71iVIX1IyIL._AC_UL600_SR600,400_.jpg",60,排名进入前30；标题包含 comfort、arch support、beach、summer，符合美国女鞋舒适化趋势；评分达到4.3以上。
2026-08-26,amazon_us,product,best_sellers,Best Sellers Women Sandals,28,Project Cloud 100% Genuine Leather Sandals Women Flats For Women (Jannel) | Sandals for Women Fashion Flat Womens Sandals with Memory Foam Insole Slides Sandals Footwear Mules Women's Sandals,,4.3,$49.90,,,,,,https://www.amazon.com/Project-Cloud-Fashion-Sandals-Women/dp/B0CQ716Z3L/ref=zg_bs_g_679425011_d_sccl_28/131-4614456-4768840?psc=1,"https://images-na.ssl-images-amazon.com/images/I/71WxLxLw-rL._AC_UL600_SR600,400_.jpg",60,排名进入前30；标题包含 cloud，符合美国女鞋舒适化趋势；cloud + slides组合趋势加分；评分达到4.3以上。
2026-08-26,amazon_us,product,new_releases,New Releases Women Sandals,19,"VIVASUN Flip Flops for Women with Arch Support Non-Slip Thong Sandals for Beach, Pool, Shower, Casual Summer Wear Comfortable Flip Flops",,4.3,$9.99,,,,,,https://www.amazon.com/VIVASUN-Support-Non-Slip-Sandals-Comfortable/dp/B0H3JMZ11X/ref=zg_bsnr_g_679425011_d_sccl_19/146-4045039-7902150?psc=1,"https://images-na.ssl-images-amazon.com/images/I/61u9FrNqQQL._AC_UL600_SR600,400_.jpg",60,排名进入前30；标题包含 comfort、arch support、beach、summer，符合美国女鞋舒适化趋势；评分达到4.3以上。
2026-08-26,amazon_us,product,search,women summer slippers,24,GOEWY,¥71.93,4.6,GOEWY,,,,,,https://www.amazon.com/GOEWY-Slippers-Outdoor-Slipper-Bridesmaid/dp/B0DT12FRRT/ref=sr_1_11?dib=eyJ2IjoiMSJ9.SLcwjNPgU_aswlE5gVkWSBcdKYdi0ZOYJvfTySkYscvaQqhCTWpxOdN-kabWC0WWpwsE25z8mihiRdEjMZtc9_qbuuHwf20eOaDo4qAZzUadEHp-t8GD-9lMHVsIjEC2Jo5WPT0q5TrbvDgefMHf4QlPNzweHETkwVGfgrriwag0vTLTRsfhBwLVhlqJFgGL8KC9gpybkCfi4pLMJJP3WBP5X_At4c-UtiNDsGu0GwNwCJM1LcAORy1Z5HviJJnRBKjMGuyTLD_gfJCOQGYcpkeyj-zulgkvlyfug7VUJYM.KpxthUkcnsEb9ywMpfoM9Nld4b5hqSc46_Bq5_fXCSM&dib_tag=se&keywords=women+summer+slippers&qid=1787711049&sr=8-11,https://m.media-amazon.com/images/I/612fmVMoiKL._AC_UL320_.jpg,60,排名进入前30；价格处于人民币等值¥57.60-¥180.00黄金区间；评分达到4.6以上。
2026-08-26,amazon_us,product,search,platform sandals women,20,"Women's Platform Sandals, Cork Footbed Slides with Double Buckles",¥183.53,4.4,"Price, product page $25.49 $ 25 . 49 Typical: $29.99 Typical: $29.99 $29.99",,,,,,https://www.amazon.com/sspa/click?ie=UTF8&spc=MTo3NjExMTQyMjUzODg3MDEzOjE3ODc3MTEwNTA6c3BfbXRmOjMwMDc4NzA5MjE5ODgwMjo6MDo6&url=%2FBiuYorBTY-Platform-Sandals-Footbed-Comfort%2Fdp%2FB0DZ1N2Y36%2Fref%3Dsr_1_12_sspa%3Fdib%3DeyJ2IjoiMSJ9.c2JOP7efvUWHssCgWAsKBU3PqZJnkHZUa6YP2GiVYL9Vb184hK-kgGIIxB_46DZbILYOBrAVo-SspzzZF0awuWJx9tDRnaIGjp-EQfJi4JwOq8sTyyFyKGekiR3U_8KbXkynfBIp9D7VijnQSicdSL-vt8JF1-TIDt1_uD8Sgpzzmz6MvVTkRenzR-8_kFDmwKv38Fdn9sSXzThc40He3wsSZjZK1FzTa4OZJYzyZadOD4pLnne_fqefk0aMbHA5FeQjcBeZxZmPRGt18bdlm4-A34GOPuggRSuU61IcLic.zhyIMEMCi5X0sDdVghuilhH_7dAS9KpHzwZwJYOG-Xs%26dib_tag%3Dse%26keywords%3Dplatform%2Bsandals%2Bwomen%26qid%3D1787711050%26sr%3D8-12-spons%26sp_csd%3Dd2lkZ2V0TmFtZT1zcF9tdGY%26psc%3D1,https://m.media-amazon.com/images/I/716g0SFJuTL._AC_UL320_.jpg,60,排名进入前30；价格处于人民币等值¥180.00-¥288.00区间；标题包含 platform，符合美国女鞋舒适化趋势；评分达到4.3以上。
2026-08-26,amazon_us,product,search,platform sandals women,5,Ampeo,¥194.33,4.0,Ampeo,,,,,,https://www.amazon.com/sspa/click?ie=UTF8&spc=MTo3NjExMTQyMjUzODg3MDEzOjE3ODc3MTEwNTA6c3BfYXRmOjMwMTIxNjcwMDQ5NTMwMjo6MDo6&url=%2FAmpeo-Sandals-Comfortable-Rhinestone-Platform%2Fdp%2FB0CNT74H25%2Fref%3Dsr_1_2_sspa%3Fdib%3DeyJ2IjoiMSJ9.c2JOP7efvUWHssCgWAsKBU3PqZJnkHZUa6YP2GiVYL9Vb184hK-kgGIIxB_46DZbILYOBrAVo-SspzzZF0awuWJx9tDRnaIGjp-EQfJi4JwOq8sTyyFyKGekiR3U_8KbXkynfBIp9D7VijnQSicdSL-vt8JF1-TIDt1_uD8Sgpzzmz6MvVTkRenzR-8_kFDmwKv38Fdn9sSXzThc40He3wsSZjZK1FzTa4OZJYzyZadOD4pLnne_fqefk0aMbHA5FeQjcBeZxZmPRGt18bdlm4-A34GOPuggRSuU61IcLic.zhyIMEMCi5X0sDdVghuilhH_7dAS9KpHzwZwJYOG-Xs%26dib_tag%3Dse%26keywords%3Dplatform%2Bsandals%2Bwomen%26qid%3D1787711050%26sr%3D8-2-spons%26sp_csd%3Dd2lkZ2V0TmFtZT1zcF9hdGY%26psc%3D1,https://m.media-amazon.com/images/I/61HE+7Q1Z1L._AC_UL320_.jpg,59,排名靠前；价格处于人民币等值¥180.00-¥288.00区间；评分达到4.0以上。
2026-08-26,amazon_us,product,search,platform sandals women,8,CUSHIONAIRE,¥287.93,4.0,CUSHIONAIRE,,,,,,https://www.amazon.com/CUSHIONAIRE-Womens-platform-sandal-Memory/dp/B09M96YX6M/ref=sr_1_5?dib=eyJ2IjoiMSJ9.c2JOP7efvUWHssCgWAsKBU3PqZJnkHZUa6YP2GiVYL9Vb184hK-kgGIIxB_46DZbILYOBrAVo-SspzzZF0awuWJx9tDRnaIGjp-EQfJi4JwOq8sTyyFyKGekiR3U_8KbXkynfBIp9D7VijnQSicdSL-vt8JF1-TIDt1_uD8Sgpzzmz6MvVTkRenzR-8_kFDmwKv38Fdn9sSXzThc40He3wsSZjZK1FzTa4OZJYzyZadOD4pLnne_fqefk0aMbHA5FeQjcBeZxZmPRGt18bdlm4-A34GOPuggRSuU61IcLic.zhyIMEMCi5X0sDdVghuilhH_7dAS9KpHzwZwJYOG-Xs&dib_tag=se&keywords=platform+sandals+women&qid=1787711050&sr=8-5,https://m.media-amazon.com/images/I/81v0nOOl2oL._AC_UL320_.jpg,59,排名靠前；价格处于人民币等值¥180.00-¥288.00区间；评分达到4.0以上。
2026-08-26,amazon_us,product,new_releases,New Releases Women Sandals,5,adidas Unisex-Adult Adilette Comfort 2.0 Slide Sandal,,4.3,$40.00,,,,,,https://www.amazon.com/adidas-Unisex-Adilette-Comfort-Sandal/dp/B0F2B84XX9/ref=zg_bsnr_g_679425011_d_sccl_5/146-4045039-7902150?psc=1,"https://images-na.ssl-images-amazon.com/images/I/51qn7G+PVyL._AC_UL600_SR600,400_.jpg",58,排名靠前；标题包含 comfort，符合美国女鞋舒适化趋势；评分达到4.3以上。
2026-08-26,amazon_us,product,new_releases,New Releases Women Sandals,10,mazeskin Womens Soft Jelly Flip Flops Square Thong Sandals | Waterproof Beach Pool Vacation Summer Non Slip Splash Flexible Casual Transparent Crystal Clear Shoes,,4.1,$13.99,,,,,,https://www.amazon.com/mazeskin-Womens-Jelly-Square-Sandals/dp/B0H4NZ94ZG/ref=zg_bsnr_g_679425011_d_sccl_10/146-4045039-7902150?psc=1,"https://images-na.ssl-images-amazon.com/images/I/711Rr+br5KL._AC_UL600_SR600,400_.jpg",58,排名靠前；标题包含 soft、beach、summer，符合美国女鞋舒适化趋势；评分达到4.0以上。
2026-08-26,amazon_us,product,search,platform sandals women,2,"Sorel Women's Sunpeak Wedge Ankle Strap, Iced Tea/Snow, 7.5 Regular Sorel Women's Sunpeak Wedge Ankle Strap, Iced Tea…",¥810.00,4.5,,,,,,,https://aax-us-east-retail-direct.amazon.com/x/c/JPiNBsgXrQ8q2QMRdrjkBpMAAAGgO-HTTAEAAAH2AQBvbm9fdHhuX2JpZDEgICBvbm9fdHhuX2ltcDEgICDDdKJY/clv1c_ek-wBXfWFcTanSVvYs7nSZr77RkGS5OvchJLJlnw3QKOaSV84ktvZru0H_ifCkHngSyXwsRHEzjQmakbKpIRmn_LSnBi9Agc6gWqPcYlzMD1m9KqxaW-e0RI4_9_gF75cosVqP-CNk6arTF-9gICoNLSsB0cEl3-lf60d7cJz4cFRTNoSJGoSOn7o-oeLISexPYhx4rNFxDuDajlt8muOdgxHdi1rlz_uhSkOQzgEQzS0Nrp29YYs7B0UtGSl6TRmSeI_1-1-Pi9d2RNCSZydpnqVwIRQ8vDY-MbYzqtzQR331ZG2XP5q_6a02_PJj9TiktofaNebZDiDClDoonBJMpmjkQs7MXLDudd16_RMgCRTMp8_f81_4dUMTrFpqX9KxmeSIL5SvqZpEppBrb0Eni6r1CjVQgYQMJpgn8yzD3r0Drq4mA7ngofIJ3AMXCG3ssbvFo_eFFua_PiH3kKIIFJm-7zvP3RpFjQsX56EI_D9R_VM2fVhqgN84_6Vb01hGocxM7e9cHX5O7JJfThwgOiszhr9E-vb7zK5XDH3gXoMJAbkSptrpRrfLHPaQJJV3_EC65zfuw_v1-h0fTcZ3pZ1DSnet02NDBe2Nb7P1WPCamYrrGe1wWvtLrR9QQgzdafR4CkpbwcAb13HDEqRbUIqYsFiwyVT3jx5bb1i60zG7EGdgRYfKBBe-KG5wwULeyqPY_N51TixPRRTGqWr0z9ZBbK9FlI4PQjO5lsiIBC9ELfO9gEi5gETjJk_MOnBDK9LvrvrAaE5X-CCa8TAP9iqDIA4isg-A95W56RklYq5zHdqqxmcQmp4lkvASokwpEycXFWfCRUUij-rKTryrR69cUSWK7dmkOjxFMKlvqrbCzBXEIFi-LOoTIWcMWukplt-Nv0M9-7XZsdMT6zBK8l-z46NmodDj8lEamsmdkdsi-zP46U2unuaUrm1MxH3x7FkkOS9056GOps-_TComXudJEvaEwD0lbAiW9znNCCGPzD48-QfxmmT63X5dYJE881vprQZwcBW3NCU8kDwSoywcTOLhnhd39J4mHxvRYBvE6ez9aaEyrCYPeGTKEAQze8bCmcGx8EZ0S1rVYrF2_1nuaWOug0WhdTGKajXWrGPYlGXwXsD0V70TtLRkuGt9KG4AFbW9TGAHUpsiBsU6STThqgcs2MnQBT2ss3hwfjKHY_vVALVDgQTjn-PlnRNk6YOJPjB1eKvkPz56iLWpIPwgVPc0a8afqmo-nblY-EaZPVkZ769Al-J3C1THqKbtPaKGiu542XFLjxd7BBU2YO-4Fnh-8HPeyPpFjD7oq9Vm_QrKIV27ik_9lw6-mFD8dwMvq1VxFOg5hSVKiyjx-DMIXRSzwE7Okn4Ct0HV00xkArvUGI1PPHgaBjLVnk2KFxzh9pUvzd4nsOZEafIW2yCx9gPLKu0PGf1_nVkmBY7AtjovsP6EZbR40P11DBsnyDiuy4_JH4Dre86M4US9qj43LAEJZa2tB7CtroLL0i0Qjal-og3ph5m6-eCSBetCLN_y41dgHohDTRMEKf2TJsprxmI_XsElMt_o_MixkZy7RIHWZJBwW20xL_4DUcUNRponbCd-59LVEPMc7cxOdNKxADsru5bARBzZXZfFx5qL0gDqH1qprMbWP42rDChf0WDf1YjCp_cS6x63pZBcx48gwJDZJx5_r_46I/https://www.amazon.com/gp/aw/d/B0F8D6PCQL/?_encoding=UTF8&pd_rd_plhdr=t&aaxitk=b8fdff5d0a92fb43ad129171fd02a1a5&hsa_cr_id=0&qid=1787711050&sr=1-2-9e67e56a-6f64-441f-a281-df67fc737124&i=aps&aref=rDDkVfxPg8&ref_=sbx_s_sparkle_sbtcd_asin_1_bkgd&pd_rd_w=b8tfU&content-id=amzn1.sym.8de9b3d5-f5c5-40e9-9b39-d65f08d6ea68%3Aamzn1.sym.8de9b3d5-f5c5-40e9-9b39-d65f08d6ea68&pf_rd_p=8de9b3d5-f5c5-40e9-9b39-d65f08d6ea68&pf_rd_r=APJQXD6RKHM0K2P1VKMC&pd_rd_wg=AOUqR&pd_rd_r=530981f4-6cb8-4273-b29b-634315ae1531,"https://m.media-amazon.com/images/I/71-mn-Y6B1L._AC_SR160,134_CB1169409_QL70_.jpg",58,排名靠前；价格高于人民币等值¥288.00；标题包含 wedge，符合美国女鞋舒适化趋势；评分达到4.3以上。
2026-08-26,amazon_us,product,best_sellers,Best Sellers Women Sandals,12,"ODOLY Unisex Comfortable Cork Footbed Slide Sandals with Arch Support | Adjustable Buckle, Lightweight Summer Sandals for Travel and Everyday Wear",,4.5,$17.99,,,,,,https://www.amazon.com/ODOLY-Footbed-Comfortable-Sandals-Adjustable/dp/B0CSMN1X4W/ref=zg_bs_g_679425011_d_sccl_12/131-4614456-4768840?psc=1,"https://images-na.ssl-images-amazon.com/images/I/61iYsM+H9QL._AC_UL600_SR600,400_.jpg",57,排名进入前30；标题包含 comfort、arch support、summer，符合美国女鞋舒适化趋势；评分达到4.3以上。
2026-08-26,amazon_us,product,best_sellers,Best Sellers Women Sandals,27,KuaiLu Flip Flops for Women with Arch Support Summer Beach Thong Sandals | Comfortable Yoga Mat Cushion Walking Shoes Slip on Casual Outfits Faux Leather Indoor Outdoor,,4.2,$11.99,,,,,,https://www.amazon.com/KuaiLu-Support-Comfortable-Cushion-Walking/dp/B08GKGCH2R/ref=zg_bs_g_679425011_d_sccl_27/131-4614456-4768840?psc=1,"https://images-na.ssl-images-amazon.com/images/I/81-DUybjK+L._AC_UL600_SR600,400_.jpg",57,排名进入前30；标题包含 comfort、arch support、beach、summer，符合美国女鞋舒适化趋势；评分达到4.0以上。
2026-08-26,amazon_us,product,new_releases,New Releases Women Sandals,13,Project Cloud 100% Genuine Leather Block Heeled Sandals for Women(Opal) | Sandals Women Footwear-Memory Foam Insole & Non-Slip Womens Sandals Block Heels For Women-Womens Slides & Women's Sandals,,4.1,$49.90,,,,,,https://www.amazon.com/Project-Cloud-Genuine-Leather-Sandals/dp/B0GYFT1J3P/ref=zg_bsnr_g_679425011_d_sccl_13/146-4045039-7902150?psc=1,"https://images-na.ssl-images-amazon.com/images/I/81FmD-R2JoL._AC_UL600_SR600,400_.jpg",57,排名进入前30；标题包含 cloud，符合美国女鞋舒适化趋势；cloud + slides组合趋势加分；评分达到4.0以上。
2026-08-26,amazon_us,product,new_releases,New Releases Women Sandals,29,GETOEU Arch Support Flip Flops for Women Square Toe Thong Sandals Comfortable Summer Beach Lightweight Flip Flops,,4.2,$9.99,,,,,,https://www.amazon.com/GETOEU-Support-Sandals-Comfortable-Lightweight/dp/B0H33X2P5N/ref=zg_bsnr_g_679425011_d_sccl_29/146-4045039-7902150?psc=1,"https://images-na.ssl-images-amazon.com/images/I/812JKZIwOpL._AC_UL600_SR600,400_.jpg",57,排名进入前30；标题包含 comfort、arch support、beach、summer，符合美国女鞋舒适化趋势；评分达到4.0以上。
2026-08-26,amazon_us,product,search,women summer slippers,11,shevalues,¥95.47,4.3,shevalues,,,,,,https://www.amazon.com/Shevalues-Womens-Indoor-Slippers-Cotton/dp/B074HBC1BR/ref=sr_1_3?dib=eyJ2IjoiMSJ9.SLcwjNPgU_aswlE5gVkWSBcdKYdi0ZOYJvfTySkYscvaQqhCTWpxOdN-kabWC0WWpwsE25z8mihiRdEjMZtc9_qbuuHwf20eOaDo4qAZzUadEHp-t8GD-9lMHVsIjEC2Jo5WPT0q5TrbvDgefMHf4QlPNzweHETkwVGfgrriwag0vTLTRsfhBwLVhlqJFgGL8KC9gpybkCfi4pLMJJP3WBP5X_At4c-UtiNDsGu0GwNwCJM1LcAORy1Z5HviJJnRBKjMGuyTLD_gfJCOQGYcpkeyj-zulgkvlyfug7VUJYM.KpxthUkcnsEb9ywMpfoM9Nld4b5hqSc46_Bq5_fXCSM&dib_tag=se&keywords=women+summer+slippers&qid=1787711049&sr=8-3,https://m.media-amazon.com/images/I/71JYzlHXkPL._AC_UL320_.jpg,57,排名进入前30；价格处于人民币等值¥57.60-¥180.00黄金区间；评分达到4.3以上。
2026-08-26,amazon_us,product,search,women summer slippers,12,"Cloth Slippers Linen Slippers - Breathable, Anti-Slip, Easy to Clean - Summer Silent Slippers for Women and Men",¥64.73,4.2,"Price, product page $8.99 $ 8 . 99",,,,,,https://www.amazon.com/VIDSID-Linen-Slippers-Breathable-Anti-Slip/dp/B0D4DNFVWP/ref=sr_1_4?dib=eyJ2IjoiMSJ9.SLcwjNPgU_aswlE5gVkWSBcdKYdi0ZOYJvfTySkYscvaQqhCTWpxOdN-kabWC0WWpwsE25z8mihiRdEjMZtc9_qbuuHwf20eOaDo4qAZzUadEHp-t8GD-9lMHVsIjEC2Jo5WPT0q5TrbvDgefMHf4QlPNzweHETkwVGfgrriwag0vTLTRsfhBwLVhlqJFgGL8KC9gpybkCfi4pLMJJP3WBP5X_At4c-UtiNDsGu0GwNwCJM1LcAORy1Z5HviJJnRBKjMGuyTLD_gfJCOQGYcpkeyj-zulgkvlyfug7VUJYM.KpxthUkcnsEb9ywMpfoM9Nld4b5hqSc46_Bq5_fXCSM&dib_tag=se&keywords=women+summer+slippers&qid=1787711049&sr=8-4,https://m.media-amazon.com/images/I/81CG5b2e3QL._AC_UL320_.jpg,57,排名进入前30；价格处于人民币等值¥57.60-¥180.00黄金区间；标题包含 summer，符合美国女鞋舒适化趋势；评分达到4.0以上。
2026-08-26,amazon_us,product,search,women summer slippers,13,EverFoams,¥136.66,4.4,EverFoams,,,,,,https://www.amazon.com/EverFoams-Womens-Slippers-Memory-Outdoor/dp/B0CLGNYKFR/ref=sr_1_5?dib=eyJ2IjoiMSJ9.SLcwjNPgU_aswlE5gVkWSBcdKYdi0ZOYJvfTySkYscvaQqhCTWpxOdN-kabWC0WWpwsE25z8mihiRdEjMZtc9_qbuuHwf20eOaDo4qAZzUadEHp-t8GD-9lMHVsIjEC2Jo5WPT0q5TrbvDgefMHf4QlPNzweHETkwVGfgrriwag0vTLTRsfhBwLVhlqJFgGL8KC9gpybkCfi4pLMJJP3WBP5X_At4c-UtiNDsGu0GwNwCJM1LcAORy1Z5HviJJnRBKjMGuyTLD_gfJCOQGYcpkeyj-zulgkvlyfug7VUJYM.KpxthUkcnsEb9ywMpfoM9Nld4b5hqSc46_Bq5_fXCSM&dib_tag=se&keywords=women+summer+slippers&qid=1787711049&sr=8-5,https://m.media-amazon.com/images/I/81rGYT3pkaL._AC_UL320_.jpg,57,排名进入前30；价格处于人民币等值¥57.60-¥180.00黄金区间；评分达到4.3以上。
2026-08-26,amazon_us,product,search,women summer slippers,16,Litfun,¥136.73,4.3,Litfun,,,,,,https://www.amazon.com/Litfun-Orthopedic-Slippers-Support-Corduroy/dp/B0FH4NQLCJ/ref=sr_1_8?dib=eyJ2IjoiMSJ9.SLcwjNPgU_aswlE5gVkWSBcdKYdi0ZOYJvfTySkYscvaQqhCTWpxOdN-kabWC0WWpwsE25z8mihiRdEjMZtc9_qbuuHwf20eOaDo4qAZzUadEHp-t8GD-9lMHVsIjEC2Jo5WPT0q5TrbvDgefMHf4QlPNzweHETkwVGfgrriwag0vTLTRsfhBwLVhlqJFgGL8KC9gpybkCfi4pLMJJP3WBP5X_At4c-UtiNDsGu0GwNwCJM1LcAORy1Z5HviJJnRBKjMGuyTLD_gfJCOQGYcpkeyj-zulgkvlyfug7VUJYM.KpxthUkcnsEb9ywMpfoM9Nld4b5hqSc46_Bq5_fXCSM&dib_tag=se&keywords=women+summer+slippers&qid=1787711049&sr=8-8,https://m.media-amazon.com/images/I/71YnbijMiKL._AC_UL320_.jpg,57,排名进入前30；价格处于人民币等值¥57.60-¥180.00黄金区间；评分达到4.3以上。
2026-08-26,amazon_us,product,search,women summer slippers,17,LongBay,¥114.62,4.5,LongBay,,,,,,https://www.amazon.com/LongBay-Slippers-Memory-Bedroom-Dual-Strap/dp/B0DP277YRM/ref=sr_1_9?dib=eyJ2IjoiMSJ9.SLcwjNPgU_aswlE5gVkWSBcdKYdi0ZOYJvfTySkYscvaQqhCTWpxOdN-kabWC0WWpwsE25z8mihiRdEjMZtc9_qbuuHwf20eOaDo4qAZzUadEHp-t8GD-9lMHVsIjEC2Jo5WPT0q5TrbvDgefMHf4QlPNzweHETkwVGfgrriwag0vTLTRsfhBwLVhlqJFgGL8KC9gpybkCfi4pLMJJP3WBP5X_At4c-UtiNDsGu0GwNwCJM1LcAORy1Z5HviJJnRBKjMGuyTLD_gfJCOQGYcpkeyj-zulgkvlyfug7VUJYM.KpxthUkcnsEb9ywMpfoM9Nld4b5hqSc46_Bq5_fXCSM&dib_tag=se&keywords=women+summer+slippers&qid=1787711049&sr=8-9,https://m.media-amazon.com/images/I/71BlGXBbl-L._AC_UL320_.jpg,57,排名进入前30；价格处于人民币等值¥57.60-¥180.00黄金区间；评分达到4.3以上。
2026-08-26,amazon_us,product,search,women summer slippers,18,"Tunmigame Slippers for Women Cross Band Bow Memory Foam House Slippers | Open Toe,Slides Sandals,Non-slip,House Shoes,Bedroom,Indoor Outdoor,pantuflas para mujer Tunmigame Slippers for Women Cross Band Bow Memory Foam House Slippers | Open Toe,Slides Sandals,N…",¥92.81,4.4,4.4,,,,,,https://sponsored-ads.amazon.com/clk/?_encoding=UTF8&p=eAFVUEuPk1AYTZ2oExwf6WJM6q7GLprccsEWSg0xvNrBVvqAdpzZ3Fy4F8qUAgUs1UV_hYkb165cTOLKjXv3_gx_hIkdYzyrk5zH9-Uw3vGPT99-3qneV5zFRB-awzdQN2b1Ctc89Wkc7hAv8eeqI1zYYrTasVd673SshG73LWduXWX7amO33bPX01E5uyd0WzwPWwJswctbtuoeK4ZzZsxMu_qYuUtoviqStHoyt2aGNh5Y5qWh175WmKc3CsopzrwlSmnmJREuKArjKIwpcgu_yuA1fp_ELS9Z157kLvAinOehBw4ZcHCClKvfpjGa281O7oJiSdeUAC-JIuoVYRKDLQ9ujgEPZyQHKQ7jgmbAS-KCxgX_TJ0plo608WhkaI45tmxkWiPTMtDIXBhIN-yhM57UBaYCH32-_nX95btee_C38vBE_SEPIRQESeiKHRGKHH80t_XekTbRmsPqC11VtLRvAlHZq5sDAmWvTtOrUsTK_9irwV6d7lXlDwlqJ1pg7AaKEbzbeJT_WGE-VJZFkeY9li3LsvVvIjZIWVyyhFXhoC9eLCTbeZkSlBGURkuSyUVjmWPkZSgkMmxsQiJzYlcUOQ62pUaeyRzgQAd3OgLvS8AnPgFtDnJA8iUCiChgLElSt_2cb4QyTvMGzqgvi8IqtNVJX2__Bk_Uu-w&v=c1&r=https%3A%2F%2Fwww.amazon.com%2Fgp%2Faw%2Fd%2FB0GF7YV9ST%3Fpd_rd_plhdr%3Dt%26hsa_cr_id%3D0%26qid%3D1787711049%26sr%3D1-1-5a5562f9-fdfd-4101-9f9d-d76aa9998432%26i%3Daps%26aref%3D76kiSBPFD4&ref_=sbx__sbtcd2_asin_0_bkgd&pd_rd_w=XiBm4&content-id=amzn1.sym.90f77631-9599-4fe0-95f8-a40adfe1c762%3Aamzn1.sym.90f77631-9599-4fe0-95f8-a40adfe1c762&pf_rd_p=90f77631-9599-4fe0-95f8-a40adfe1c762&pf_rd_r=DKPRW35X54N8Y8KSD26B&pd_rd_wg=Stu1w&pd_rd_r=01a5c58b-af79-497f-abdd-49d196637da2,"https://m.media-amazon.com/images/I/71Xzskcx8VL._AC_SR322,134_CB1169409_QL70_.jpg",57,排名进入前30；价格处于人民币等值¥57.60-¥180.00黄金区间；评分达到4.3以上。
2026-08-26,amazon_us,product,search,women summer slippers,20,"Tunmigame Slippers for Women Cross Band Bow Memory Foam House Slippers | Open Toe,Slides Sandals,Non-slip,House Shoes,Bedroom,Indoor Outdoor,pantuflas para mujer Tunmigame Slippers for Women Cross Band Bow Memory Foam House Slippers | Open Toe,Slides Sandals,N…",¥122.33,4.4,4.4,,,,,,https://sponsored-ads.amazon.com/clk/?_encoding=UTF8&p=eAFVUEuPk1AYTZ2oExwf6WJM6q7GLprccmFaKDXE8GqLRfqgHcfZ3Fy4F8qUAgUs1UV_hYkb165cTOLKjXv3_gx_hIkdYzyrk5zH9-Uw3vGPT99-3qneV-bnE31kji6gbszqFa556tM43CFe4l-rc-GNI0arHXul907HSuh233Lm1lW2LzdO2x2-mlrl7J7QbfE8bAmwBS9vOap7rBjzoTEznepj5i6h-apI0urJwp4Z2nhgm5eGXvtaYZ7eKCinOPOWKKWZl0S4oCiMozCmyC38KoPX-H0St7xkXXuSu8CLcJ6HHjhkwMEJUq5-m8Zo4TQ7uQuKJV1TArwkiqhXhEkMtjy4OQY8nJEcpDiMC5oBL4kLGhf8M3Wm2DrSxpZlaHNzbDvItC3TNpBlnhtIN5zRfDypC0wFPvp8_ev6y3e99uBv5eGJ-kMeQigIktAVOyIUOf5o4ei9I22iNUfV57qqaGnfBKKyVzcHBMpenaZXpYiV_7FXg7063avKHxLUTrTA2A0UI3i38Sj_scJ8qCyLIs17LFuWZevfRGyQsrhkCavCQV-0hIvB8EVKUEZQGi1JJheNZY6Rl6GQyLCxCYnMiV1R5DjYlhp5JnPgDHRwpyPwvgR84hPQ5iAHJF8igIgCxpIkddtnfCOUcZo3cEZ9WRRWoaNO-nr7Nz_iu8g&v=c1&r=https%3A%2F%2Fwww.amazon.com%2Fgp%2Faw%2Fd%2FB0GF7L6XGH%3Fpd_rd_plhdr%3Dt%26hsa_cr_id%3D0%26qid%3D1787711049%26sr%3D1-3-5a5562f9-fdfd-4101-9f9d-d76aa9998432%26i%3Daps%26aref%3D76kiSBPFD4&ref_=sbx__sbtcd2_asin_2_bkgd&pd_rd_w=XiBm4&content-id=amzn1.sym.90f77631-9599-4fe0-95f8-a40adfe1c762%3Aamzn1.sym.90f77631-9599-4fe0-95f8-a40adfe1c762&pf_rd_p=90f77631-9599-4fe0-95f8-a40adfe1c762&pf_rd_r=DKPRW35X54N8Y8KSD26B&pd_rd_wg=Stu1w&pd_rd_r=01a5c58b-af79-497f-abdd-49d196637da2,"https://m.media-amazon.com/images/I/71bPuvq-tzL._AC_SR322,134_CB1169409_QL70_.jpg",57,排名进入前30；价格处于人民币等值¥57.60-¥180.00黄金区间；评分达到4.3以上。
2026-08-26,amazon_us,product,search,women summer slippers,29,ULTRAIDEAS,¥122.33,4.5,ULTRAIDEAS,,,,,,https://www.amazon.com/ULTRAIDEAS-Slippers-Bowknot-Outdoor-Anti-Skid/dp/B07MZ3H6MN/ref=sr_1_16?dib=eyJ2IjoiMSJ9.SLcwjNPgU_aswlE5gVkWSBcdKYdi0ZOYJvfTySkYscvaQqhCTWpxOdN-kabWC0WWpwsE25z8mihiRdEjMZtc9_qbuuHwf20eOaDo4qAZzUadEHp-t8GD-9lMHVsIjEC2Jo5WPT0q5TrbvDgefMHf4QlPNzweHETkwVGfgrriwag0vTLTRsfhBwLVhlqJFgGL8KC9gpybkCfi4pLMJJP3WBP5X_At4c-UtiNDsGu0GwNwCJM1LcAORy1Z5HviJJnRBKjMGuyTLD_gfJCOQGYcpkeyj-zulgkvlyfug7VUJYM.KpxthUkcnsEb9ywMpfoM9Nld4b5hqSc46_Bq5_fXCSM&dib_tag=se&keywords=women+summer+slippers&qid=1787711049&sr=8-16,https://m.media-amazon.com/images/I/71cvxwhDe7L._AC_UL320_.jpg,57,排名进入前30；价格处于人民币等值¥57.60-¥180.00黄金区间；评分达到4.3以上。
2026-08-26,amazon_us,product,search,women slides,30,Weweya,¥71.86,4.4,Weweya,,,,,,https://www.amazon.com/Weweya-Shower-Non-Slip-Outdoor-Sandals/dp/B0F1XTPHY8/ref=sr_1_19?dib=eyJ2IjoiMSJ9.wrqHnvIFpzxZDCy1gVq3f2HcNswV2RaHhxwkGjsTd_XP6ATNvzTBKMST9QTJlXh-zOXQMqSowLEhJEu4WCu31R6dqnnDAUd_dwoe_Rs16y5s-edgEi3MXBSxp9w_9h5ZRRUL7Qq5Fr5PkXrZSk4BI7oocPnA8GDNyDY5_HocPSQyXaHIv083cW3KXk8CW1iaTmEqx5oorF5-vkwcKBDC4Um5qx-yqKUXN--n9XwUDJ9P-K5yxNiYacXuoATKNveTdoNygleZ0txwfyOXPGx03Y4sTaT_0d0lccP9bViYRZE.L9ZGP_z5OIUHn_G1ViJI_fTilH4Pv4p59ZYXvX-W0m0&dib_tag=se&keywords=women+slides&qid=1787711050&sr=8-19,https://m.media-amazon.com/images/I/61QGXLFgg+L._AC_UL320_.jpg,57,排名进入前30；价格处于人民币等值¥57.60-¥180.00黄金区间；评分达到4.3以上。
2026-08-26,amazon_us,product,best_sellers,Best Sellers Women Sandals,20,Project Cloud Flip Flops for Women Memory Foam Flats Sandals | Lightweight and Durable Non-Slip SoleWomens Sandals - Beach Essentials Womens Flat Sandals for Everyday Comfort Daily Wear,,4.1,$24.90,,,,,,https://www.amazon.com/Project-Cloud-Flip-flops-Women/dp/B0D2DVSMH3/ref=zg_bs_g_679425011_d_sccl_20/131-4614456-4768840?psc=1,"https://images-na.ssl-images-amazon.com/images/I/41JMYLSDC3L._AC_UL600_SR600,400_.jpg",56,排名进入前30；标题包含 cloud、comfort、beach，符合美国女鞋舒适化趋势；评分达到4.0以上。
2026-08-26,amazon_us,product,best_sellers,Best Sellers Women Sandals,9,Clarks Women's Breeze Sea Flip-Flop | Casual Sandals,,4.7,$33.24,,,,,,https://www.amazon.com/Clarks-Womens-Breeze-Black-Synthetic/dp/B01FH9EEGE/ref=zg_bs_g_679425011_d_sccl_9/131-4614456-4768840?psc=1,"https://images-na.ssl-images-amazon.com/images/I/61f5Z2idq9L._AC_UL600_SR600,400_.jpg",55,排名靠前；评分达到4.6以上。
2026-08-26,amazon_us,product,best_sellers,Best Sellers Women Sandals,15,OOFOS OOriginal Recovery Sandal - Women’s and Men’s,,4.5,$58.90,,,,,,https://www.amazon.com/OOFOS-Unisex-Original-Thong-Black/dp/B007VDSTW0/ref=zg_bs_g_679425011_d_sccl_15/131-4614456-4768840?psc=1,"https://images-na.ssl-images-amazon.com/images/I/51qiZpHX64L._AC_UL600_SR600,400_.jpg",55,排名进入前30；评论数达到50以上；标题包含 recovery，符合美国女鞋舒适化趋势；评分达到4.3以上。
2026-08-26,amazon_us,product,new_releases,New Releases Women Sandals,4,"Joomra Women's Cork-Inspired Footbed Slides Adjustable Buckle Sandals | Natural Foot-Shaped, Vegan Upper, Two-Strap, Casual Daily Slippers, Walking Comfort, Fashion Indoor Outdoor Sandles",,4.0,$9.98,,,,,,https://www.amazon.com/Joomra-Footbed-Slides-Double-Sandals/dp/B0H4QR5RZ6/ref=zg_bsnr_g_679425011_d_sccl_4/146-4045039-7902150?psc=1,"https://images-na.ssl-images-amazon.com/images/I/81g9PA4Ey0L._AC_UL600_SR600,400_.jpg",55,排名靠前；标题包含 comfort，符合美国女鞋舒适化趋势；评分达到4.0以上。
2026-08-26,amazon_us,product,search,women slides,6,OOFOS,¥431.64,4.4,OOFOS,,,,,,https://www.amazon.com/OOFOS-Unisex-Ooahh-Slide-Sandal/dp/B00BRC4PFG/ref=sr_1_5?dib=eyJ2IjoiMSJ9.wrqHnvIFpzxZDCy1gVq3f2HcNswV2RaHhxwkGjsTd_XP6ATNvzTBKMST9QTJlXh-zOXQMqSowLEhJEu4WCu31R6dqnnDAUd_dwoe_Rs16y5s-edgEi3MXBSxp9w_9h5ZRRUL7Qq5Fr5PkXrZSk4BI7oocPnA8GDNyDY5_HocPSQyXaHIv083cW3KXk8CW1iaTmEqx5oorF5-vkwcKBDC4Um5qx-yqKUXN--n9XwUDJ9P-K5yxNiYacXuoATKNveTdoNygleZ0txwfyOXPGx03Y4sTaT_0d0lccP9bViYRZE.L9ZGP_z5OIUHn_G1ViJI_fTilH4Pv4p59ZYXvX-W0m0&dib_tag=se&keywords=women+slides&qid=1787711050&sr=8-5,https://m.media-amazon.com/images/I/51xksaC-aaL._AC_UL320_.jpg,55,排名靠前；价格高于人民币等值¥288.00；评分达到4.3以上。
2026-08-26,amazon_us,product,search,women slides,41,Arch Support Slides for Women and Men Recovery House Sandals for Men Soft and Comfortable Summer Beach Shoes Slippers Women,¥71.93,3.8,"Price, product page $9.99 $ 9 . 99 Typical: $14.99 Typical: $14.99 $14.99",,,,,,https://www.amazon.com/SKETOE-Support-Recovery-Comfortable-Slippers/dp/B0GLF1516G/ref=sr_1_30?dib=eyJ2IjoiMSJ9.wrqHnvIFpzxZDCy1gVq3f2HcNswV2RaHhxwkGjsTd_XP6ATNvzTBKMST9QTJlXh-zOXQMqSowLEhJEu4WCu31R6dqnnDAUd_dwoe_Rs16y5s-edgEi3MXBSxp9w_9h5ZRRUL7Qq5Fr5PkXrZSk4BI7oocPnA8GDNyDY5_HocPSQyXaHIv083cW3KXk8CW1iaTmEqx5oorF5-vkwcKBDC4Um5qx-yqKUXN--n9XwUDJ9P-K5yxNiYacXuoATKNveTdoNygleZ0txwfyOXPGx03Y4sTaT_0d0lccP9bViYRZE.L9ZGP_z5OIUHn_G1ViJI_fTilH4Pv4p59ZYXvX-W0m0&dib_tag=se&keywords=women+slides&qid=1787711050&sr=8-30,https://m.media-amazon.com/images/I/81ECHpu6ZvL._AC_UL320_.jpg,55,排名进入前50；价格处于人民币等值¥57.60-¥180.00黄金区间；标题包含 recovery、comfort、arch support、soft、beach、summer，符合美国女鞋舒适化趋势。
2026-08-26,amazon_us,product,best_sellers,Best Sellers Women Sandals,30,KuaiLu Womens Flip Flops Arch Support Yoga Mat Cushioned Thong Sandals | Ladies Comfortable Walking Slides For Plantar Fasciitis Slip On Indoor Outdoor For Summer,,4.1,$25.99,,,,,,https://www.amazon.com/KuaiLu-Comfortable-Walking-Sandals-Fasciitis/dp/B08XX52FHY/ref=zg_bs_g_679425011_d_sccl_30/131-4614456-4768840?psc=1,"https://images-na.ssl-images-amazon.com/images/I/61giVB09JoL._AC_UL600_SR600,400_.jpg",54,排名进入前30；标题包含 comfort、arch support、summer，符合美国女鞋舒适化趋势；评分达到4.0以上。
2026-08-26,amazon_us,product,new_releases,New Releases Women Sandals,24,"ZURIN Women Shower Shoes Quick Dry Flip Flops, Pool Flip Flops for Women | Comfortable, Arch Support, Drainage Holes, Non Slip, for Beach Bath Gym College Dorm",,4.1,$11.99,,,,,,https://www.amazon.com/ZURIN-Support%EF%BC%8CPool-Drainage-Sandals-Slippers/dp/B0GZVHXYJS/ref=zg_bsnr_g_679425011_d_sccl_24/146-4045039-7902150?psc=1,"https://images-na.ssl-images-amazon.com/images/I/71mdYp+i5oL._AC_UL600_SR600,400_.jpg",54,排名进入前30；标题包含 comfort、arch support、beach，符合美国女鞋舒适化趋势；评分达到4.0以上。
2026-08-26,amazon_us,product,search,women summer slippers,27,Women's Open Toe House Slippers Breathable Waffle Fabric Memory Foam,¥64.15,4.1,"Price, product page $8.91 $ 8 . 91 Typical: $10.99 Typical: $10.99 $10.99",,,,,,https://www.amazon.com/Yoerpe-Womens-House-Slippers-Slip/dp/B0F8BKW8PC/ref=sr_1_14?dib=eyJ2IjoiMSJ9.SLcwjNPgU_aswlE5gVkWSBcdKYdi0ZOYJvfTySkYscvaQqhCTWpxOdN-kabWC0WWpwsE25z8mihiRdEjMZtc9_qbuuHwf20eOaDo4qAZzUadEHp-t8GD-9lMHVsIjEC2Jo5WPT0q5TrbvDgefMHf4QlPNzweHETkwVGfgrriwag0vTLTRsfhBwLVhlqJFgGL8KC9gpybkCfi4pLMJJP3WBP5X_At4c-UtiNDsGu0GwNwCJM1LcAORy1Z5HviJJnRBKjMGuyTLD_gfJCOQGYcpkeyj-zulgkvlyfug7VUJYM.KpxthUkcnsEb9ywMpfoM9Nld4b5hqSc46_Bq5_fXCSM&dib_tag=se&keywords=women+summer+slippers&qid=1787711049&sr=8-14,https://m.media-amazon.com/images/I/71GbfDOMPSL._AC_UL320_.jpg,54,排名进入前30；价格处于人民币等值¥57.60-¥180.00黄金区间；评分达到4.0以上。
2026-08-26,amazon_us,product,search,women summer slippers,28,NineCiFun,¥82.30,4.1,NineCiFun,,,,,,https://www.amazon.com/NineCiFun-Womens-Cross-Band-Slippers/dp/B0GL1D8YHQ/ref=sr_1_15?dib=eyJ2IjoiMSJ9.SLcwjNPgU_aswlE5gVkWSBcdKYdi0ZOYJvfTySkYscvaQqhCTWpxOdN-kabWC0WWpwsE25z8mihiRdEjMZtc9_qbuuHwf20eOaDo4qAZzUadEHp-t8GD-9lMHVsIjEC2Jo5WPT0q5TrbvDgefMHf4QlPNzweHETkwVGfgrriwag0vTLTRsfhBwLVhlqJFgGL8KC9gpybkCfi4pLMJJP3WBP5X_At4c-UtiNDsGu0GwNwCJM1LcAORy1Z5HviJJnRBKjMGuyTLD_gfJCOQGYcpkeyj-zulgkvlyfug7VUJYM.KpxthUkcnsEb9ywMpfoM9Nld4b5hqSc46_Bq5_fXCSM&dib_tag=se&keywords=women+summer+slippers&qid=1787711049&sr=8-15,https://m.media-amazon.com/images/I/618YkrjZtvL._AC_UL320_.jpg,54,排名进入前30；价格处于人民币等值¥57.60-¥180.00黄金区间；评分达到4.0以上。
2026-08-26,amazon_us,product,search,women slides,23,Happy Lily,¥71.93,4.2,Happy Lily,,,,,,https://www.amazon.com/Slippers-Non-Slip-Shower-Sandals-Bathroom/dp/B01LYNR9VM/ref=sr_1_12?dib=eyJ2IjoiMSJ9.wrqHnvIFpzxZDCy1gVq3f2HcNswV2RaHhxwkGjsTd_XP6ATNvzTBKMST9QTJlXh-zOXQMqSowLEhJEu4WCu31R6dqnnDAUd_dwoe_Rs16y5s-edgEi3MXBSxp9w_9h5ZRRUL7Qq5Fr5PkXrZSk4BI7oocPnA8GDNyDY5_HocPSQyXaHIv083cW3KXk8CW1iaTmEqx5oorF5-vkwcKBDC4Um5qx-yqKUXN--n9XwUDJ9P-K5yxNiYacXuoATKNveTdoNygleZ0txwfyOXPGx03Y4sTaT_0d0lccP9bViYRZE.L9ZGP_z5OIUHn_G1ViJI_fTilH4Pv4p59ZYXvX-W0m0&dib_tag=se&keywords=women+slides&qid=1787711050&sr=8-12,https://m.media-amazon.com/images/I/81oTjdeU9ZL._AC_UL320_.jpg,54,排名进入前30；价格处于人民币等值¥57.60-¥180.00黄金区间；评分达到4.0以上。
2026-08-26,amazon_us,product,search,women slides,29,Leevar,¥93.53,4.2,Leevar,,,,,,https://www.amazon.com/Leevar-Slippers-Non-slip-Swimming-Footwear/dp/B09YCLK5DG/ref=sr_1_18?dib=eyJ2IjoiMSJ9.wrqHnvIFpzxZDCy1gVq3f2HcNswV2RaHhxwkGjsTd_XP6ATNvzTBKMST9QTJlXh-zOXQMqSowLEhJEu4WCu31R6dqnnDAUd_dwoe_Rs16y5s-edgEi3MXBSxp9w_9h5ZRRUL7Qq5Fr5PkXrZSk4BI7oocPnA8GDNyDY5_HocPSQyXaHIv083cW3KXk8CW1iaTmEqx5oorF5-vkwcKBDC4Um5qx-yqKUXN--n9XwUDJ9P-K5yxNiYacXuoATKNveTdoNygleZ0txwfyOXPGx03Y4sTaT_0d0lccP9bViYRZE.L9ZGP_z5OIUHn_G1ViJI_fTilH4Pv4p59ZYXvX-W0m0&dib_tag=se&keywords=women+slides&qid=1787711050&sr=8-18,https://m.media-amazon.com/images/I/71Epw-42KBL._AC_UL320_.jpg,54,排名进入前30；价格处于人民币等值¥57.60-¥180.00黄金区间；评分达到4.0以上。
2026-08-26,amazon_us,product,search,women slides,9,Nike,¥396.00,4.2,Nike,,,,,,https://www.amazon.com/Nike-Womens-Slides-Sandal-Pink-Pearl/dp/B0F8S9MQHP/ref=sr_1_8?dib=eyJ2IjoiMSJ9.wrqHnvIFpzxZDCy1gVq3f2HcNswV2RaHhxwkGjsTd_XP6ATNvzTBKMST9QTJlXh-zOXQMqSowLEhJEu4WCu31R6dqnnDAUd_dwoe_Rs16y5s-edgEi3MXBSxp9w_9h5ZRRUL7Qq5Fr5PkXrZSk4BI7oocPnA8GDNyDY5_HocPSQyXaHIv083cW3KXk8CW1iaTmEqx5oorF5-vkwcKBDC4Um5qx-yqKUXN--n9XwUDJ9P-K5yxNiYacXuoATKNveTdoNygleZ0txwfyOXPGx03Y4sTaT_0d0lccP9bViYRZE.L9ZGP_z5OIUHn_G1ViJI_fTilH4Pv4p59ZYXvX-W0m0&dib_tag=se&keywords=women+slides&qid=1787711050&sr=8-8,https://m.media-amazon.com/images/I/51z4fzmeiWL._AC_UL320_.jpg,52,排名靠前；价格高于人民币等值¥288.00；评分达到4.0以上。
2026-08-26,amazon_us,product,search,women slides,26,adidas,¥288.00,4.3,adidas,,,,,,https://www.amazon.com/adidas-Unisex-Adult-Adilette-Comfort-Auburn/dp/B0FWTX279V/ref=sr_1_15?dib=eyJ2IjoiMSJ9.wrqHnvIFpzxZDCy1gVq3f2HcNswV2RaHhxwkGjsTd_XP6ATNvzTBKMST9QTJlXh-zOXQMqSowLEhJEu4WCu31R6dqnnDAUd_dwoe_Rs16y5s-edgEi3MXBSxp9w_9h5ZRRUL7Qq5Fr5PkXrZSk4BI7oocPnA8GDNyDY5_HocPSQyXaHIv083cW3KXk8CW1iaTmEqx5oorF5-vkwcKBDC4Um5qx-yqKUXN--n9XwUDJ9P-K5yxNiYacXuoATKNveTdoNygleZ0txwfyOXPGx03Y4sTaT_0d0lccP9bViYRZE.L9ZGP_z5OIUHn_G1ViJI_fTilH4Pv4p59ZYXvX-W0m0&dib_tag=se&keywords=women+slides&qid=1787711050&sr=8-15,https://m.media-amazon.com/images/I/614x3gJbyxL._AC_UL320_.jpg,52,排名进入前30；价格处于人民币等值¥180.00-¥288.00区间；评分达到4.3以上。
2026-08-26,amazon_us,product,search,platform sandals women,1,Sorel Women's Ona Ave T-Toe Sneaker | Casual Shoes Sorel Women's Ona Ave T-Toe Sneaker | Casual Shoes,¥539.71,4.2,,,,,,,https://aax-us-east-retail-direct.amazon.com/x/c/JPiNBsgXrQ8q2QMRdrjkBpMAAAGgO-HTTAEAAAH2AQBvbm9fdHhuX2JpZDEgICBvbm9fdHhuX2ltcDEgICDDdKJY/clv1c_ek-wBXfWFcTanSVvYs7nSZr77RkGS5OvchJLJlnw3QKOaSV84ktvZru0H_ifCkHngSyXwsRHEzjQmakbKpIRmn_LSnBi9Agc6gWqPcYlzMD1m9KqxaW-e0RI4_9_gF75cosVqP-CNk6arTF-9gICoNLSsB0cEl3-lf60d7cJz4cFRTNoSJGoSOn7o-oeLISexPYhx4rNFxDuDajlt8muOdgxHdi1rlz_uhSkOQzgEQzS0Nrp29YYs7B0UtGSl6TRmSeI_1-1-Pi9d2RNCSZydpnqVwIRQ8vDY-MbYzqtzQR331ZG2XP5q_6a02_PJj9TiktofaNebZDiDClDoonBJMpmjkQs7MXLDudd16_RMgCRTMp8_f81_4dUMTrFpqX9KxmeSIL5SvqZpEppBrb0Eni6r1CjVQgYQMJpgn8yzD3r0Drq4mA7ngofIJ3AMXCG3ssbvFo_eFFua_PiH3kKIIFJm-7zvP3RpFjQsX56EI_D9R_VM2fVhqgN84_6Vb01hGocxM7e9cHX5O7JJfThwgOiszhr9E-vb7zK5XDH3gXoMJAbkSptrpRrfLHPaQJJV3_EC65zfuw_v1-h0fTcZ3pZ1DSnet02NDBe2Nb7P1WPCamYrrGe1wWvtLrR9QQgzdafR4CkpbwcAb13HDEqRbUIqYsFiwyVT3jx5bb1i60zG7EGdgRYfKBBe-KG5wwULeyqPY_N51TixPRRTGqWr0z9ZBbK9FlI4PQjO5lsiIBC9ELfO9gEi5gETjJk_MOnBDK9LvrvrAaE5X-CCa8TAP9iqDIA4isg-A95W56RklYq5zHdqqxmcQmp4lkvASokwpEycXFWfCRUUij-rKTryrR69cUSWK7dmkOjxFMKlvqrbCzBXEIFi-LOoTIWcMWukplt-Nv0M9-7XZsdMT6zBK8l-z46NmodDj8lEamsmdkdsi-zP46U2unuaUrm1MxH3x7FkkOS9056GOps-_TComXudJEvaEwD0lbAiW9znNCCGPzD48-QfxmmT63X5dYJE881vprQZwcBW3NCU8kDwSoywcTOLhnhd39J4mHxvRYBvE6ez9aaEyrCYPeGTKEAQze8bCmcGx8EZ0S1rVYrF2_1nuaWOug0WhdTGKajXWrGPYlGXwXsD0V70TtLRkuGt9KG4AFbW9TGAHUpsiBsU6STThqgcs2MnQBT2ss3hwfjKHY_vVALVDgQTjn-PlnRNk6YOJPjB1eKvkPz56iLWpIPwgVPc0a8afqmo-nblY-EaZPVkZ769Al-J3C1THqKbtPaKGiu542XFLjxd7BBU2YO-4Fnh-8HPeyPpFjD7oq9Vm_QrKIV27ik_9lw6-mFD8dwMvq1VxFOg5hSVKiyjx-DMIXRSzwE7Okn4Ct0HV00xkArvUGI1PPHgaBjLVnk2KFxzh9pUvzd4nsOZEafIW2yCx9gPLKu0PGf1_nVkmBY7AtjovsP6EZbR40P11DBsnyDiuy4_JH4Dre86M4US9qj43LAEJZa2tB7CtroLL0i0Qjal-og3ph5m6-eCSBetCLN_y41dgHohDTRMEKf2TJsprxmI_XsElMt_o_MixkZy7RIHWZJBwW20xL_4DUcUNRponbCd-59LVEPMc7cxOdNKxADsru5bARBzZXZfFx5qL0gDqH1qprMbWP42rDChf0WDf1YjCp_cS6x63pZBcx48gwJDZJx5_r_46I/https://www.amazon.com/gp/aw/d/B0F8CMP4J6/?_encoding=UTF8&pd_rd_plhdr=t&aaxitk=b8fdff5d0a92fb43ad129171fd02a1a5&hsa_cr_id=0&qid=1787711050&sr=1-1-9e67e56a-6f64-441f-a281-df67fc737124&i=aps&aref=rDDkVfxPg8&ref_=sbx_s_sparkle_sbtcd_asin_0_bkgd&pd_rd_w=b8tfU&content-id=amzn1.sym.8de9b3d5-f5c5-40e9-9b39-d65f08d6ea68%3Aamzn1.sym.8de9b3d5-f5c5-40e9-9b39-d65f08d6ea68&pf_rd_p=8de9b3d5-f5c5-40e9-9b39-d65f08d6ea68&pf_rd_r=APJQXD6RKHM0K2P1VKMC&pd_rd_wg=AOUqR&pd_rd_r=530981f4-6cb8-4273-b29b-634315ae1531,"https://m.media-amazon.com/images/I/71Gjc0LInbL._AC_SR160,134_CB1169409_QL70_.jpg",52,排名靠前；价格高于人民币等值¥288.00；评分达到4.0以上。
2026-08-26,amazon_us,product,search,platform sandals women,15,UBFEN,¥287.93,4.5,UBFEN,,,,,,https://www.amazon.com/UBFEN-Womens-Espadrille-Wedge-Sandals/dp/B0H6VGSSL5/ref=sr_1_7?dib=eyJ2IjoiMSJ9.c2JOP7efvUWHssCgWAsKBU3PqZJnkHZUa6YP2GiVYL9Vb184hK-kgGIIxB_46DZbILYOBrAVo-SspzzZF0awuWJx9tDRnaIGjp-EQfJi4JwOq8sTyyFyKGekiR3U_8KbXkynfBIp9D7VijnQSicdSL-vt8JF1-TIDt1_uD8Sgpzzmz6MvVTkRenzR-8_kFDmwKv38Fdn9sSXzThc40He3wsSZjZK1FzTa4OZJYzyZadOD4pLnne_fqefk0aMbHA5FeQjcBeZxZmPRGt18bdlm4-A34GOPuggRSuU61IcLic.zhyIMEMCi5X0sDdVghuilhH_7dAS9KpHzwZwJYOG-Xs&dib_tag=se&keywords=platform+sandals+women&qid=1787711050&sr=8-7,https://m.media-amazon.com/images/I/81yMa5fGVqL._AC_UL320_.jpg,52,排名进入前30；价格处于人民币等值¥180.00-¥288.00区间；评分达到4.3以上。
2026-08-26,amazon_us,product,search,platform sandals women,17,DREAM PAIRS,¥287.93,4.4,Products highlighted as 'Overall Pick' are:,,,,,,https://www.amazon.com/DREAM-PAIRS-Adjustable-Lightweight-Waterproof/dp/B0G1RBS19X/ref=sr_1_9?dib=eyJ2IjoiMSJ9.c2JOP7efvUWHssCgWAsKBU3PqZJnkHZUa6YP2GiVYL9Vb184hK-kgGIIxB_46DZbILYOBrAVo-SspzzZF0awuWJx9tDRnaIGjp-EQfJi4JwOq8sTyyFyKGekiR3U_8KbXkynfBIp9D7VijnQSicdSL-vt8JF1-TIDt1_uD8Sgpzzmz6MvVTkRenzR-8_kFDmwKv38Fdn9sSXzThc40He3wsSZjZK1FzTa4OZJYzyZadOD4pLnne_fqefk0aMbHA5FeQjcBeZxZmPRGt18bdlm4-A34GOPuggRSuU61IcLic.zhyIMEMCi5X0sDdVghuilhH_7dAS9KpHzwZwJYOG-Xs&dib_tag=se&keywords=platform+sandals+women&qid=1787711050&sr=8-9,https://m.media-amazon.com/images/I/61VKPpZxLML._AC_UL320_.jpg,52,排名进入前30；价格处于人民币等值¥180.00-¥288.00区间；评分达到4.3以上。
2026-08-26,amazon_us,product,search,platform sandals women,19,EQAUDES,¥215.93,4.3,EQAUDES,,,,,,https://www.amazon.com/sspa/click?ie=UTF8&spc=MTo3NjExMTQyMjUzODg3MDEzOjE3ODc3MTEwNTA6c3BfbXRmOjMwMTQ3NDg3OTAzNzUwMjo6MDo6&url=%2FEQAUDES-Platform-Sandals-Espadrille-Raffia%2Fdp%2FB0GSTSQDM3%2Fref%3Dsr_1_11_sspa%3Fdib%3DeyJ2IjoiMSJ9.c2JOP7efvUWHssCgWAsKBU3PqZJnkHZUa6YP2GiVYL9Vb184hK-kgGIIxB_46DZbILYOBrAVo-SspzzZF0awuWJx9tDRnaIGjp-EQfJi4JwOq8sTyyFyKGekiR3U_8KbXkynfBIp9D7VijnQSicdSL-vt8JF1-TIDt1_uD8Sgpzzmz6MvVTkRenzR-8_kFDmwKv38Fdn9sSXzThc40He3wsSZjZK1FzTa4OZJYzyZadOD4pLnne_fqefk0aMbHA5FeQjcBeZxZmPRGt18bdlm4-A34GOPuggRSuU61IcLic.zhyIMEMCi5X0sDdVghuilhH_7dAS9KpHzwZwJYOG-Xs%26dib_tag%3Dse%26keywords%3Dplatform%2Bsandals%2Bwomen%26qid%3D1787711050%26sr%3D8-11-spons%26sp_csd%3Dd2lkZ2V0TmFtZT1zcF9tdGY%26psc%3D1,https://m.media-amazon.com/images/I/71JGCdl06dL._AC_UL320_.jpg,52,排名进入前30；价格处于人民币等值¥180.00-¥288.00区间；评分达到4.3以上。
2026-08-26,amazon_us,product,search,platform sandals women,22,mysoft,¥215.93,4.2,mysoft,,,,,,https://www.amazon.com/sspa/click?ie=UTF8&spc=MTo3NjExMTQyMjUzODg3MDEzOjE3ODc3MTEwNTA6c3BfbXRmOjMwMTIzNTEwOTAwMTQwMjo6MDo6&url=%2Fmysoft-Womens-Sandals%2Fdp%2FB0D9XT32VF%2Fref%3Dsr_1_14_sspa%3Fdib%3DeyJ2IjoiMSJ9.c2JOP7efvUWHssCgWAsKBU3PqZJnkHZUa6YP2GiVYL9Vb184hK-kgGIIxB_46DZbILYOBrAVo-SspzzZF0awuWJx9tDRnaIGjp-EQfJi4JwOq8sTyyFyKGekiR3U_8KbXkynfBIp9D7VijnQSicdSL-vt8JF1-TIDt1_uD8Sgpzzmz6MvVTkRenzR-8_kFDmwKv38Fdn9sSXzThc40He3wsSZjZK1FzTa4OZJYzyZadOD4pLnne_fqefk0aMbHA5FeQjcBeZxZmPRGt18bdlm4-A34GOPuggRSuU61IcLic.zhyIMEMCi5X0sDdVghuilhH_7dAS9KpHzwZwJYOG-Xs%26dib_tag%3Dse%26keywords%3Dplatform%2Bsandals%2Bwomen%26qid%3D1787711050%26sr%3D8-14-spons%26sp_csd%3Dd2lkZ2V0TmFtZT1zcF9tdGY%26psc%3D1,https://m.media-amazon.com/images/I/71L8DlpeChL._AC_UL320_.jpg,52,排名进入前30；价格处于人民币等值¥180.00-¥288.00区间；标题包含 soft，符合美国女鞋舒适化趋势；评分达到4.0以上。
2026-08-26,amazon_us,product,search,platform sandals women,24,Soda,¥186.55,4.5,Soda,,,,,,https://www.amazon.com/Soda-Buckle-Espadrilles-Flatform-Casual/dp/B0C5S26DHB/ref=sr_1_16?dib=eyJ2IjoiMSJ9.c2JOP7efvUWHssCgWAsKBU3PqZJnkHZUa6YP2GiVYL9Vb184hK-kgGIIxB_46DZbILYOBrAVo-SspzzZF0awuWJx9tDRnaIGjp-EQfJi4JwOq8sTyyFyKGekiR3U_8KbXkynfBIp9D7VijnQSicdSL-vt8JF1-TIDt1_uD8Sgpzzmz6MvVTkRenzR-8_kFDmwKv38Fdn9sSXzThc40He3wsSZjZK1FzTa4OZJYzyZadOD4pLnne_fqefk0aMbHA5FeQjcBeZxZmPRGt18bdlm4-A34GOPuggRSuU61IcLic.zhyIMEMCi5X0sDdVghuilhH_7dAS9KpHzwZwJYOG-Xs&dib_tag=se&keywords=platform+sandals+women&qid=1787711050&sr=8-16,https://m.media-amazon.com/images/I/71q-Jp+UEkL._AC_UL320_.jpg,52,排名进入前30；价格处于人民币等值¥180.00-¥288.00区间；评分达到4.3以上。
2026-08-26,amazon_us,product,best_sellers,Best Sellers Women Sandals,18,mazeskin Womens Memory Foam Flip Flops Leather Flat Sandals | Vegan Leather Square Toe Cushion Summer Casual Comfortable Slim Thong Beach Slide Shoes Non Slip,,4.0,$9.99,,,,,,https://www.amazon.com/mazeskin-Womens-Memory-Leather-Sandals/dp/B0GRMZ5PFS/ref=zg_bs_g_679425011_d_sccl_18/131-4614456-4768840?psc=1,"https://images-na.ssl-images-amazon.com/images/I/717PAaaaLdL._AC_UL600_SR600,400_.jpg",51,排名进入前30；标题包含 comfort、beach、summer，符合美国女鞋舒适化趋势；评分达到4.0以上。
2026-08-26,amazon_us,product,best_sellers,Best Sellers Women Sandals,24,"CUSHIONAIRE Luna Sandals for Women, Cork Footbed Womens Sandals for Summer Comfort with Adjustable Straps, Wide Width Available",,4.5,$34.99,,,,,,https://www.amazon.com/CUSHIONAIRE-Next-Womens-Slide-Sandals-Brown/dp/B073XSLL5P/ref=zg_bs_g_679425011_d_sccl_24/131-4614456-4768840?psc=1,"https://images-na.ssl-images-amazon.com/images/I/81TDeaArVJL._AC_UL600_SR600,400_.jpg",51,排名进入前30；标题包含 comfort、summer，符合美国女鞋舒适化趋势；评分达到4.3以上。
2026-08-26,amazon_us,product,new_releases,New Releases Women Sandals,25,RJYLP Jelly Sandals for Women Clear Sandals Jelly Shoes Women Kitten Heel Mules Open Toe Slide Pumps Dress Shoes Beach Summer Sandal Cute Comfortable,,4.0,$49.99,,,,,,https://www.amazon.com/RJYLP-Sandals-Kitten-Summer-Comfortable/dp/B0H3NBYHJS/ref=zg_bsnr_g_679425011_d_sccl_25/146-4045039-7902150?psc=1,"https://images-na.ssl-images-amazon.com/images/I/61SdeC7gxAL._AC_UL600_SR600,400_.jpg",51,排名进入前30；标题包含 comfort、beach、summer，符合美国女鞋舒适化趋势；评分达到4.0以上。
2026-08-26,amazon_us,product,new_releases,New Releases Women Sandals,30,"UBFEN Womens Flat Sandals T-Strap Thong Sandals with Arch Support | Braided Upper, Lightweight, Comfortable for Walking, Flip Flop with Back Elastic Strap",,4.0,$33.99,,,,,,https://www.amazon.com/UBFEN-Womens-Sandals-T-Strap-Support/dp/B0GW44Y5KZ/ref=zg_bsnr_g_679425011_d_sccl_30/146-4045039-7902150?psc=1,"https://images-na.ssl-images-amazon.com/images/I/814UqhNlwuL._AC_UL600_SR600,400_.jpg",51,排名进入前30；标题包含 comfort、arch support，符合美国女鞋舒适化趋势；评分达到4.0以上。
2026-08-26,amazon_us,product,new_releases,New Releases Women Sandals,14,Project Cloud Square Toe Flip Flops For Women-Sandals Women | Womens Flip Flop with Memory Foam Insole Beach Essentials Womens Sandals-Thong Sandals Women Footwear-Square Toe Sandals,,4.1,$29.90,,,,,,https://www.amazon.com/Project-Cloud-Square-Flops-Women-Sandals/dp/B0GY5Y8N35/ref=zg_bsnr_g_679425011_d_sccl_14/146-4045039-7902150?psc=1,"https://images-na.ssl-images-amazon.com/images/I/71nllf30glL._AC_UL600_SR600,400_.jpg",50,排名进入前30；标题包含 cloud、beach，符合美国女鞋舒适化趋势；评分达到4.0以上。
2026-08-26,amazon_us,product,search,women slides,38,Unisex Arch Support Slides Cushioned Non Slip Shower Sandals,¥143.93,4.1,100+ bought in past month,,,,,,https://www.amazon.com/VIVASUN-Unisex-Support-Cushioned-Sandals/dp/B0H8CX577D/ref=sr_1_27?dib=eyJ2IjoiMSJ9.wrqHnvIFpzxZDCy1gVq3f2HcNswV2RaHhxwkGjsTd_XP6ATNvzTBKMST9QTJlXh-zOXQMqSowLEhJEu4WCu31R6dqnnDAUd_dwoe_Rs16y5s-edgEi3MXBSxp9w_9h5ZRRUL7Qq5Fr5PkXrZSk4BI7oocPnA8GDNyDY5_HocPSQyXaHIv083cW3KXk8CW1iaTmEqx5oorF5-vkwcKBDC4Um5qx-yqKUXN--n9XwUDJ9P-K5yxNiYacXuoATKNveTdoNygleZ0txwfyOXPGx03Y4sTaT_0d0lccP9bViYRZE.L9ZGP_z5OIUHn_G1ViJI_fTilH4Pv4p59ZYXvX-W0m0&dib_tag=se&keywords=women+slides&qid=1787711050&sr=8-27,https://m.media-amazon.com/images/I/71DfPnwadBL._AC_UL320_.jpg,50,排名进入前50；评论数达到50以上；价格处于人民币等值¥57.60-¥180.00黄金区间；标题包含 arch support，符合美国女鞋舒适化趋势；评分达到4.0以上。
2026-08-26,amazon_us,product,search,women slides,48,"Arch Support Slides Comfortable Beach Pool Slippers, Lightweight Indoor Outdoor Slide Shower Bathroom Sandals Quick Drying",¥71.93,3.8,"Price, product page $9.99 $ 9 . 99 List: $19.99 List: $19.99 $19.99",,,,,,https://www.amazon.com/INUUINUU-Comfortable-Slippers-Lightweight-Bathroom/dp/B0GLGC8BGQ/ref=sr_1_37?dib=eyJ2IjoiMSJ9.wrqHnvIFpzxZDCy1gVq3f2HcNswV2RaHhxwkGjsTd_XP6ATNvzTBKMST9QTJlXh-zOXQMqSowLEhJEu4WCu31R6dqnnDAUd_dwoe_Rs16y5s-edgEi3MXBSxp9w_9h5ZRRUL7Qq5Fr5PkXrZSk4BI7oocPnA8GDNyDY5_HocPSQyXaHIv083cW3KXk8CW1iaTmEqx5oorF5-vkwcKBDC4Um5qx-yqKUXN--n9XwUDJ9P-K5yxNiYacXuoATKNveTdoNygleZ0txwfyOXPGx03Y4sTaT_0d0lccP9bViYRZE.L9ZGP_z5OIUHn_G1ViJI_fTilH4Pv4p59ZYXvX-W0m0&dib_tag=se&keywords=women+slides&qid=1787711050&sr=8-37,https://m.media-amazon.com/images/I/71ao+6pV3pL._AC_UL320_.jpg,50,排名进入前50；价格处于人民币等值¥57.60-¥180.00黄金区间；标题包含 comfort、arch support、beach，符合美国女鞋舒适化趋势。
2026-08-26,amazon_us,product,best_sellers,Best Sellers Women Sandals,6,LULLASONG Women's Kitten Heels Sandals Square Open Toe Flip Flop Heels 1.8-2 Inch Heeled Sandals for Women,,4.0,$35.99,,,,,,https://www.amazon.com/LULLASONG-Womens-Kitten-Sandals-Square/dp/B0DCFSM597/ref=zg_bs_g_679425011_d_sccl_6/131-4614456-4768840?psc=1,"https://images-na.ssl-images-amazon.com/images/I/61aVZl7OhqL._AC_UL600_SR600,400_.jpg",49,排名靠前；评分达到4.0以上。
2026-08-26,amazon_us,product,best_sellers,Best Sellers Women Sandals,8,Havaianas Women's Slim Square Solid Flip Flops,,4.1,$21.00,,,,,,https://www.amazon.com/Havaianas-Womens-Square-Solid-Medium/dp/B0BBPX6J6F/ref=zg_bs_g_679425011_d_sccl_8/131-4614456-4768840?psc=1,"https://images-na.ssl-images-amazon.com/images/I/519tF5UFGFL._AC_UL600_SR600,400_.jpg",49,排名靠前；评分达到4.0以上。
2026-08-26,amazon_us,product,new_releases,New Releases Women Sandals,1,"CUSHIONAIRE Java Casual Womens Jelly Flats with Adjustable Strap, Closed Toe Mary Janes Mule Design, Waterproof Jelly Sandals for Women",,4.2,$34.98,,,,,,https://www.amazon.com/CUSHIONAIRE-Adjustable-Waterproof-Sandals-WHISKEY/dp/B0H6GSWXPJ/ref=zg_bsnr_g_679425011_d_sccl_1/146-4045039-7902150?psc=1,"https://images-na.ssl-images-amazon.com/images/I/71gErrKwjVL._AC_UL600_SR600,400_.jpg",49,排名靠前；评分达到4.0以上。
2026-08-26,amazon_us,product,search,women slides,25,Under Armour,¥258.84,4.2,Under Armour,,,,,,https://www.amazon.com/Under-Armour-Womens-Ignite-Slides/dp/B0F343Z28R/ref=sr_1_14?dib=eyJ2IjoiMSJ9.wrqHnvIFpzxZDCy1gVq3f2HcNswV2RaHhxwkGjsTd_XP6ATNvzTBKMST9QTJlXh-zOXQMqSowLEhJEu4WCu31R6dqnnDAUd_dwoe_Rs16y5s-edgEi3MXBSxp9w_9h5ZRRUL7Qq5Fr5PkXrZSk4BI7oocPnA8GDNyDY5_HocPSQyXaHIv083cW3KXk8CW1iaTmEqx5oorF5-vkwcKBDC4Um5qx-yqKUXN--n9XwUDJ9P-K5yxNiYacXuoATKNveTdoNygleZ0txwfyOXPGx03Y4sTaT_0d0lccP9bViYRZE.L9ZGP_z5OIUHn_G1ViJI_fTilH4Pv4p59ZYXvX-W0m0&dib_tag=se&keywords=women+slides&qid=1787711050&sr=8-14,https://m.media-amazon.com/images/I/41S9a3VMv1L._AC_UL320_.jpg,49,排名进入前30；价格处于人民币等值¥180.00-¥288.00区间；评分达到4.0以上。
2026-08-26,amazon_us,product,search,platform sandals women,14,Soda,¥287.64,4.0,Soda,,,,,,https://www.amazon.com/sspa/click?ie=UTF8&spc=MTo1NzE0MDc4ODc4MTYyNzk1OjE3ODc3MTEwNTA6c3Bfc2VhcmNoX3RoZW1hdGljOjMwMDI5MzAxMjgwMjAwMjo6NDo6&url=%2FSoda-Magic-Platform-Adjustable-us_Footwear_Size_System%2Fdp%2FB0D3FQ2MD3%2Fref%3Dsxin_18_pa_sp_search_thematic_sspa%3Fcontent-id%3Damzn1.sym.d45862ba-a141-4749-99ed-fdbc59982e34%253Aamzn1.sym.d45862ba-a141-4749-99ed-fdbc59982e34%26cv_ct_cx%3Dplatform%2Bsandals%2Bwomen%26keywords%3Dplatform%2Bsandals%2Bwomen%26pd_rd_i%3DB0D3FQ2MD3%26pd_rd_r%3D6d4bec22-5479-46e3-aa69-38efeaabc725%26pd_rd_w%3DQs8rj%26pd_rd_wg%3DYBNvt%26pf_rd_p%3Dd45862ba-a141-4749-99ed-fdbc59982e34%26pf_rd_r%3DAPJQXD6RKHM0K2P1VKMC%26qid%3D1787711050%26sbo%3DRZvfv%252F%252FHxDF%252BO5021pAnSA%253D%253D%26sr%3D1-5-2c727eeb-987f-452f-86bd-c2978cc9d8b9-spons%26aref%3DLi8GzvTRjv%26sp_csd%3Dd2lkZ2V0TmFtZT1zcF9zZWFyY2hfdGhlbWF0aWM%26psc%3D1&aref=Li8GzvTRjv,https://m.media-amazon.com/images/I/61XC8GTS8lL._AC_UL320_.jpg,49,排名进入前30；价格处于人民币等值¥180.00-¥288.00区间；评分达到4.0以上。
2026-08-26,amazon_us,product,best_sellers,Best Sellers Women Sandals,14,"Ankis Heels for Women Open Toe Ankle Strap Chunky Heel Sandals 2.75 Inch | nude white gold black, adjustable ankle strap, Cushioned footbed, All-day comfort, for various occasions",,4.4,$24.49,,,,,,https://www.amazon.com/Ankis-Nude-Heels-Women-numeric_8/dp/B094CTB3TY/ref=zg_bs_g_679425011_d_sccl_14/131-4614456-4768840?psc=1,"https://images-na.ssl-images-amazon.com/images/I/71dUhT7TubL._AC_UL600_SR600,400_.jpg",48,排名进入前30；标题包含 comfort，符合美国女鞋舒适化趋势；评分达到4.3以上。
2026-08-26,amazon_us,product,best_sellers,Best Sellers Women Sandals,19,SKETOE Kitten Heels for Women Square Toe Sandals Flip Flop Heels Thong Sandals Comfortable Summer 2 Inch Heels Sandals,,4.1,$28.99,,,,,,https://www.amazon.com/SKETOE-Kitten-Square-Sandals-Comfortable/dp/B0F4QHKCDM/ref=zg_bs_g_679425011_d_sccl_19/131-4614456-4768840?psc=1,"https://images-na.ssl-images-amazon.com/images/I/61WGe4p1FWL._AC_UL600_SR600,400_.jpg",48,排名进入前30；标题包含 comfort、summer，符合美国女鞋舒适化趋势；评分达到4.0以上。
2026-08-26,amazon_us,product,new_releases,New Releases Women Sandals,8,"CUSHIONAIRE Aqua Jelly Flip Flops for Women | Jelly Shoes Glossy Upper, Slip-On Thong Design, Open Round Toe, Quick-Dry Beach and Pool Friendly, Travel-Ready Resort Style",,3.2,$29.99,,,,,,https://www.amazon.com/CUSHIONAIRE-Jelly-Flops-Women-CHOCOLATE/dp/B0H6BZ8F8Y/ref=zg_bsnr_g_679425011_d_sccl_8/146-4045039-7902150?psc=1,"https://images-na.ssl-images-amazon.com/images/I/71LKwjHednL._AC_UL600_SR600,400_.jpg",48,排名靠前；标题包含 beach，符合美国女鞋舒适化趋势。
2026-08-26,amazon_us,product,new_releases,New Releases Women Sandals,22,adidas Womens Adilette Comfort 2.0 Slides Casual Sandals Casual - White,,4.3,$39.95,,,,,,https://www.amazon.com/adidas-Womens-Adilette-Comfort-Metallic/dp/B0F34DTCBS/ref=zg_bsnr_g_679425011_d_sccl_22/146-4045039-7902150?psc=1,"https://images-na.ssl-images-amazon.com/images/I/51EFZHqJ7EL._AC_UL600_SR600,400_.jpg",48,排名进入前30；标题包含 comfort，符合美国女鞋舒适化趋势；评分达到4.3以上。
2026-08-26,amazon_us,product,new_releases,New Releases Women Sandals,27,"VIVASUN Women's Arch Support Waterproof Slip On EVA Slides | Non-slip wet sole,eases plantar fasciitis & sore feet,lightweight odor-free for shower,beach, daily walks",,4.2,$9.99,,,,,,https://www.amazon.com/VIVASUN-Womens-Support-Waterproof-Slides/dp/B0GWXZXSJW/ref=zg_bsnr_g_679425011_d_sccl_27/146-4045039-7902150?psc=1,"https://images-na.ssl-images-amazon.com/images/I/612YI-yGyyL._AC_UL600_SR600,400_.jpg",48,排名进入前30；标题包含 arch support、beach，符合美国女鞋舒适化趋势；评分达到4.0以上。
2026-08-26,amazon_us,product,search,platform sandals women,4,Marc Ford,¥330.34,3.8,Marc Ford,,,,,,https://www.amazon.com/sspa/click?ie=UTF8&spc=MTo3NjExMTQyMjUzODg3MDEzOjE3ODc3MTEwNTA6c3BfYXRmOjMwMTQxNTEwNDAwOTMwMjo6MDo6&url=%2FMarc-Ford-Sandals-Platform-Wedges%2Fdp%2FB0H216X4YW%2Fref%3Dsr_1_1_sspa%3Fdib%3DeyJ2IjoiMSJ9.c2JOP7efvUWHssCgWAsKBU3PqZJnkHZUa6YP2GiVYL9Vb184hK-kgGIIxB_46DZbILYOBrAVo-SspzzZF0awuWJx9tDRnaIGjp-EQfJi4JwOq8sTyyFyKGekiR3U_8KbXkynfBIp9D7VijnQSicdSL-vt8JF1-TIDt1_uD8Sgpzzmz6MvVTkRenzR-8_kFDmwKv38Fdn9sSXzThc40He3wsSZjZK1FzTa4OZJYzyZadOD4pLnne_fqefk0aMbHA5FeQjcBeZxZmPRGt18bdlm4-A34GOPuggRSuU61IcLic.zhyIMEMCi5X0sDdVghuilhH_7dAS9KpHzwZwJYOG-Xs%26dib_tag%3Dse%26keywords%3Dplatform%2Bsandals%2Bwomen%26qid%3D1787711050%26sr%3D8-1-spons%26sp_csd%3Dd2lkZ2V0TmFtZT1zcF9hdGY%26psc%3D1,https://m.media-amazon.com/images/I/81lxf55QJnL._AC_UL320_.jpg,48,排名靠前；价格高于人民币等值¥288.00。
2026-08-26,amazon_us,product,new_releases,New Releases Women Sandals,23,Noctivelle Women Jelly Shoes Clear Mesh Flat Sandal V-Shaped Breathable Comfort Slip On Waterproof Transparent Summer Beach Pool Ballet Flats,,3.9,$22.99,,,,,,https://www.amazon.com/Noctivelle-Women-Clear-Flat-Transparent/dp/B0H5JVSQWM/ref=zg_bsnr_g_679425011_d_sccl_23/146-4045039-7902150?psc=1,"https://images-na.ssl-images-amazon.com/images/I/81WNgzdjKrL._AC_UL600_SR600,400_.jpg",47,排名进入前30；标题包含 comfort、beach、summer，符合美国女鞋舒适化趋势。
2026-08-26,amazon_us,product,new_releases,New Releases Women Sandals,28,"CUSHIONAIRE Ferry Espadrille Wedge Sandals for Women, Thong Platform Flip Flops with Cross Strap and Slip-On Design",,3.8,$49.99,,,,,,https://www.amazon.com/CUSHIONAIRE-Espadrille-Sandals-Platform-Design/dp/B0H42RRPBZ/ref=zg_bsnr_g_679425011_d_sccl_28/146-4045039-7902150?psc=1,"https://images-na.ssl-images-amazon.com/images/I/81rI8wTUKAL._AC_UL600_SR600,400_.jpg",46,排名进入前30；标题包含 platform、wedge，符合美国女鞋舒适化趋势。
2026-08-26,amazon_us,product,best_sellers,Best Sellers Women Sandals,11,"WHITIN Women's Slides with Cushioned Thick Sole Slippers for Home Wear Y13 | Comfort for Daily Wear, Waterproof & Easy to Clean, Indoor & Outdoor Versatility, Lightweight EVA for All-Day",,4.1,$9.99,,,,,,https://www.amazon.com/WHITIN-Slippers-Sandals-Fashionable-Lightweight/dp/B0C1C3MKLF/ref=zg_bs_g_679425011_d_sccl_11/131-4614456-4768840?psc=1,"https://images-na.ssl-images-amazon.com/images/I/71nA8egRirL._AC_UL600_SR600,400_.jpg",45,排名进入前30；标题包含 comfort，符合美国女鞋舒适化趋势；评分达到4.0以上。
2026-08-26,amazon_us,product,best_sellers,Best Sellers Women Sandals,13,"Weweya Slides for Women Men Shower Shoes House Slippers Beach Sandals | Bathroom, Non Slip, Lightweight",,4.4,$9.98,,,,,,https://www.amazon.com/Weweya-Shower-Bathroom-Slippers-Sandals/dp/B0F1XJ9TM4/ref=zg_bs_g_679425011_d_sccl_13/131-4614456-4768840?psc=1,"https://images-na.ssl-images-amazon.com/images/I/718rk3GaK+L._AC_UL600_SR600,400_.jpg",45,排名进入前30；标题包含 beach，符合美国女鞋舒适化趋势；评分达到4.3以上。
2026-08-26,amazon_us,product,best_sellers,Best Sellers Women Sandals,16,"DREAM PAIRS Women's Comfort Block Heel Sandals | Open Toe Adjustable Ankle Strap Chunky Dress Heels, Fashion Heeled Sandals for Prom, Wedding Guest and Formal Events",,4.2,$27.30,,,,,,https://www.amazon.com/DREAM-PAIRS-Womens-Chunk-Sandals/dp/B01LT7H4EM/ref=zg_bs_g_679425011_d_sccl_16/131-4614456-4768840?psc=1,"https://images-na.ssl-images-amazon.com/images/I/61kVt4DybFL._AC_UL600_SR600,400_.jpg",45,排名进入前30；标题包含 comfort，符合美国女鞋舒适化趋势；评分达到4.0以上。
2026-08-26,amazon_us,product,new_releases,New Releases Women Sandals,2,CUSHIONAIRE Riot Jelly Thong Kitten Heels for Women,,3.7,$39.99,,,,,,https://www.amazon.com/CUSHIONAIRE-Jelly-Thong-Kitten-CHOCOLATE/dp/B0H6C2T8B3/ref=zg_bsnr_g_679425011_d_sccl_2/146-4045039-7902150?psc=1,"https://images-na.ssl-images-amazon.com/images/I/71cl7MmlX-L._AC_UL600_SR600,400_.jpg",45,排名靠前。
2026-08-26,amazon_us,product,new_releases,New Releases Women Sandals,6,"CUSHIONAIRE Tory Strappy Flat Sandals for Women, Toe Ring Sandals with Adjustable Buckle Ankle Strap, Wrap Style",,3.2,$39.99,,,,,,https://www.amazon.com/CUSHIONAIRE-Strappy-Sandals-Adjustable-Buckle/dp/B0H421635H/ref=zg_bsnr_g_679425011_d_sccl_6/146-4045039-7902150?psc=1,"https://images-na.ssl-images-amazon.com/images/I/81hP4YBoUmL._AC_UL600_SR600,400_.jpg",45,排名靠前。
2026-08-26,amazon_us,product,new_releases,New Releases Women Sandals,16,"DREAM PAIRS Women's Stiletto Kitten Heeled Sandals | Pointed Open Toe Chunky Block Heels, Heeled Sandals Wedding Bridal Party, 3.78-inch stiletto heel Comfortable Shoes",,4.1,$39.99,,,,,,https://www.amazon.com/DREAM-PAIRS-Womens-Stiletto-Sandals/dp/B0H2TR91HX/ref=zg_bsnr_g_679425011_d_sccl_16/146-4045039-7902150?psc=1,"https://images-na.ssl-images-amazon.com/images/I/61UGcx94nZL._AC_UL600_SR600,400_.jpg",45,排名进入前30；标题包含 comfort，符合美国女鞋舒适化趋势；评分达到4.0以上。
2026-08-26,amazon_us,product,search,women summer slippers,50,"Linen Open-Toe Slide Slippers for Women, Non-Slip Indoor Outdoor House Shoes with Comfortable Sole",¥64.73,4.0,"Price, product page $8.99 $ 8 . 99",,,,,,https://www.amazon.com/VIDSID-Open-Toe-Slippers-Non-Slip-Comfortable/dp/B0DPRRQH9F/ref=sr_1_37?dib=eyJ2IjoiMSJ9.SLcwjNPgU_aswlE5gVkWSBcdKYdi0ZOYJvfTySkYscvaQqhCTWpxOdN-kabWC0WWpwsE25z8mihiRdEjMZtc9_qbuuHwf20eOaDo4qAZzUadEHp-t8GD-9lMHVsIjEC2Jo5WPT0q5TrbvDgefMHf4QlPNzweHETkwVGfgrriwag0vTLTRsfhBwLVhlqJFgGL8KC9gpybkCfi4pLMJJP3WBP5X_At4c-UtiNDsGu0GwNwCJM1LcAORy1Z5HviJJnRBKjMGuyTLD_gfJCOQGYcpkeyj-zulgkvlyfug7VUJYM.KpxthUkcnsEb9ywMpfoM9Nld4b5hqSc46_Bq5_fXCSM&dib_tag=se&keywords=women+summer+slippers&qid=1787711049&sr=8-37,https://m.media-amazon.com/images/I/71BezUOJ7TL._AC_UL320_.jpg,45,排名进入前50；价格处于人民币等值¥57.60-¥180.00黄金区间；标题包含 comfort，符合美国女鞋舒适化趋势；评分达到4.0以上。
2026-08-26,amazon_us,product,search,women slides,1,4.3,,,4.3,,,,,,https://aax-us-east-retail-direct.amazon.com/x/c/JEOdD1fzm6fLokcAUSH8k2gAAAGgO-HSyQEAAAH2AQBvbm9fdHhuX2JpZDcgICBvbm9fdHhuX2ltcDEgICCArGmj/clv1c_ek-wBff3Vcba3jI2mMVTJvBwCvKxcAcQ-YNuBs8J1d6YEZhRLYce9q59xVggLKXQd9o_ykb5Ufjxut6s1s9Z_pfj5cslNsuNWAgR6FX-GNQykicBNkCXT-rx8lGkx5KgfypBhQYdMB0ek93iZfpj9OwbsNyfmdxkltr-b5-6rUeZyL0AXARh8t8hxRX33DE8BByeqrs7v8RldaV_0oNyWGoWn_1ddWDlZYbchxD17OCMKvmHHJGDtHz8egW1E6yJLCEePd16GXN_JJURJhF0hVo6Z0xxUcJVrD75dyS2rZ_MLFCokEuN0FGBRN17O8IyCzAYVbBL0KJzmfiF1l9sNGTPZ105_HR2vtUJpxsa5hntsXJ8wVRM-dq9TWEbe8xAtpPgWKa2aVBfcYuX8DRqp5Wq7OR7s9KgA_YTATjCLcSqOBS-0JmzmoNuUNqr-H7rp-c7p_IQDdx3pdX6_xE2v1mKInYwPxmmKTA8LlG4_ozPczOeIMQQXrWl3tknWTE5y65tYaP9Ex5DOq320wFbrsrDPJFZVhY65nzEYr8r_xdHyTsUp3IP0tZDlO6Mjev4ZDZtlHjG1gdyOfizpLsQIVL3aa9HvnNb6pEEpA95nDZ2gCbUdlSWAYH8itvba2XlU10Tl29PyqyFrmS55OQuVFi6CkOOY4ojgeRd6AfOH0ldBGj3YJ4CCWu0PC9ivaOivl2int55n6tkfR2CplTFDpm2goV0JMQKT0yDvKy0ie0sifa_efwGvhndtk2H8RARYjMnHupMxDXO_nDh8tY0DeVFiGrSpRqHgi7MyJaqq44XMh1e-YE53D9joHu-iQVXpbH_v9i_la3CAw8Xmg-Jw5MMQ_6vSJAWYH02QvMNMGzm79yv6NvB1-qES_ohY60jH7lgztHLb82oB_cWhKQsp5iPqDfiZ5yOVCvdLtbHKrxF_3CVUutdZlrjSeZdDCeeUteYHXdlLqri3exnmEGuPZ4uCziYAN8q6oDOdN5t6qJUzR3IliAEs08vWhalfnj61pe00GK1HBZJwcwb65Dg5ttFItVhHVevtSLGO7K0mZGJEFAmJRtovUb5lx6xV9Ehgj_m_DU6f4MWtrEkVXufI4ecxpsjaIqwN4bOkz-Jr7bOXdTWdnujE-R9j0Y77Y2lOoVCyo_xP3h2g1djfN3PafM4_iMiFTQHK5bBUobuq2oMSM7wQYpBbB-oydbHczYBJiZo-udHm7U_WfHpBeKvlJx4Jdo9E7UsB5tX6UutOZrPnieoYGTDki3CSFaTmIJQJRNfb8cAqsXl4SPmH3O79fwHe0Nx3kIVwLzh7yuKWL18VC-3HezBEGunF0BZt-v9wf-sCdE0uMnd7N1M4NUXqejRl811YZ28AN6N3IaqFefDcz7osWPAITcxZZ76xubmB659adWFmf1zz3xayX0q-AFyA86NdEcPqDj1Dyi1rl-wwSuPP6Fj4E_G-aSkV9DypxuIxl6-WdNlzEjJHzwToUSJWRkDI26ROaCVd_TP7KDaH4wUqSy8K7_1kpme6NdFSPnX6anGdCigTTuADk6lPVVpAUoF6_W2bvoMlLNzmYSnmmPg9MnvDfbVxPy0xR6flw/https://www.amazon.com/dp/B09C1QWSL8/?_encoding=UTF8&pd_rd_i=B09C1QWSL8&ref_=sbx_be_s_sparkle_ssd_img&qid=1787711050&pd_rd_w=eUm0M&content-id=amzn1.sym.8de9b3d5-f5c5-40e9-9b39-d65f08d6ea68%3Aamzn1.sym.8de9b3d5-f5c5-40e9-9b39-d65f08d6ea68&pf_rd_p=8de9b3d5-f5c5-40e9-9b39-d65f08d6ea68&pf_rd_r=V919K30WNMRWYMGBYH47&pd_rd_wg=0EraJ&pd_rd_r=5f6094c5-8012-45bd-9290-1dd3054b2af4&pd_rd_plhdr=t,"https://m.media-amazon.com/images/I/31zGbEI4DFL._AC_SR250,250_QL65_.jpg",45,排名靠前。
2026-08-26,amazon_us,product,search,women slides,34,PUMA,¥122.33,4.6,PUMA,,,,,,https://www.amazon.com/PUMA-Womens-Slide-Sandal-Black-Rose/dp/B0BXTQ43KB/ref=sr_1_23?dib=eyJ2IjoiMSJ9.wrqHnvIFpzxZDCy1gVq3f2HcNswV2RaHhxwkGjsTd_XP6ATNvzTBKMST9QTJlXh-zOXQMqSowLEhJEu4WCu31R6dqnnDAUd_dwoe_Rs16y5s-edgEi3MXBSxp9w_9h5ZRRUL7Qq5Fr5PkXrZSk4BI7oocPnA8GDNyDY5_HocPSQyXaHIv083cW3KXk8CW1iaTmEqx5oorF5-vkwcKBDC4Um5qx-yqKUXN--n9XwUDJ9P-K5yxNiYacXuoATKNveTdoNygleZ0txwfyOXPGx03Y4sTaT_0d0lccP9bViYRZE.L9ZGP_z5OIUHn_G1ViJI_fTilH4Pv4p59ZYXvX-W0m0&dib_tag=se&keywords=women+slides&qid=1787711050&sr=8-23,https://m.media-amazon.com/images/I/619ZjmwISWL._AC_UL320_.jpg,45,排名进入前50；价格处于人民币等值¥57.60-¥180.00黄金区间；评分达到4.6以上。
2026-08-26,amazon_us,product,search,platform sandals women,16,Crocs,¥359.64,4.5,Crocs,,,,,,https://www.amazon.com/Crocs-Womens-Brooklyn-Cashew-Medium/dp/B0FKTLNH1L/ref=sr_1_8?dib=eyJ2IjoiMSJ9.c2JOP7efvUWHssCgWAsKBU3PqZJnkHZUa6YP2GiVYL9Vb184hK-kgGIIxB_46DZbILYOBrAVo-SspzzZF0awuWJx9tDRnaIGjp-EQfJi4JwOq8sTyyFyKGekiR3U_8KbXkynfBIp9D7VijnQSicdSL-vt8JF1-TIDt1_uD8Sgpzzmz6MvVTkRenzR-8_kFDmwKv38Fdn9sSXzThc40He3wsSZjZK1FzTa4OZJYzyZadOD4pLnne_fqefk0aMbHA5FeQjcBeZxZmPRGt18bdlm4-A34GOPuggRSuU61IcLic.zhyIMEMCi5X0sDdVghuilhH_7dAS9KpHzwZwJYOG-Xs&dib_tag=se&keywords=platform+sandals+women&qid=1787711050&sr=8-8,https://m.media-amazon.com/images/I/71q74-BOFGL._AC_UL320_.jpg,45,排名进入前30；价格高于人民币等值¥288.00；评分达到4.3以上。
2026-08-26,amazon_us,product,search,platform sandals women,21,girgod,¥323.93,4.5,girgod,,,,,,https://www.amazon.com/sspa/click?ie=UTF8&spc=MTo3NjExMTQyMjUzODg3MDEzOjE3ODc3MTEwNTA6c3BfbXRmOjMwMTQzNTk3OTQ0MTcwMjo6MDo6&url=%2Fgirgod-Espadrilles-Sandals-Platform-Wedding%2Fdp%2FB0CMQGN1WV%2Fref%3Dsr_1_13_sspa%3Fdib%3DeyJ2IjoiMSJ9.c2JOP7efvUWHssCgWAsKBU3PqZJnkHZUa6YP2GiVYL9Vb184hK-kgGIIxB_46DZbILYOBrAVo-SspzzZF0awuWJx9tDRnaIGjp-EQfJi4JwOq8sTyyFyKGekiR3U_8KbXkynfBIp9D7VijnQSicdSL-vt8JF1-TIDt1_uD8Sgpzzmz6MvVTkRenzR-8_kFDmwKv38Fdn9sSXzThc40He3wsSZjZK1FzTa4OZJYzyZadOD4pLnne_fqefk0aMbHA5FeQjcBeZxZmPRGt18bdlm4-A34GOPuggRSuU61IcLic.zhyIMEMCi5X0sDdVghuilhH_7dAS9KpHzwZwJYOG-Xs%26dib_tag%3Dse%26keywords%3Dplatform%2Bsandals%2Bwomen%26qid%3D1787711050%26sr%3D8-13-spons%26sp_csd%3Dd2lkZ2V0TmFtZT1zcF9tdGY%26psc%3D1,https://m.media-amazon.com/images/I/71AAGkfwf1L._AC_UL320_.jpg,45,排名进入前30；价格高于人民币等值¥288.00；评分达到4.3以上。
2026-08-26,amazon_us,product,best_sellers,Best Sellers Women Sandals,34,"Reef Cushion Vista Hi Womens Platform Fashion Sandal, Arch Support, Ultra Soft Cushion Footbed",,4.3,$39.73,,,,,,https://www.amazon.com/Reef-Womens-Cushion-Vista-Hi/dp/B09K8WMWN6/ref=zg_bs_g_679425011_d_sccl_34/131-4614456-4768840?psc=1,"https://images-na.ssl-images-amazon.com/images/I/61wij8MIiAL._AC_UL300_SR300,200_.jpg",44,排名进入前50；标题包含 platform、arch support、soft，符合美国女鞋舒适化趋势；评分达到4.3以上。
2026-08-26,amazon_us,product,new_releases,New Releases Women Sandals,15,"DREAM PAIRS Women's High Heels Kitten Mules | Dressy Comfortable Fashion Pointed Peep Toe Slip On Sandals tacones,Suitable for Wedding Daily Work Travel Vacation Summer",,3.8,$25.99,,,,,,https://www.amazon.com/DREAM-PAIRS-Womens-Heels-Kitten/dp/B0GYPWKV5G/ref=zg_bsnr_g_679425011_d_sccl_15/146-4045039-7902150?psc=1,"https://images-na.ssl-images-amazon.com/images/I/61OpOQRzPqL._AC_UL600_SR600,400_.jpg",44,排名进入前30；标题包含 comfort、summer，符合美国女鞋舒适化趋势。
2026-08-26,amazon_us,product,new_releases,New Releases Women Sandals,21,"DREAM PAIRS Women's Kitten Low Heel Ankle Strap Sandals | Square Open Toe Summer Sandals, Comfortable for Women 2026 Fashion Dress Wedding Party Shoes",,3.9,$37.99,,,,,,https://www.amazon.com/DREAM-PAIRS-Womens-Kitten-Sandals/dp/B0GY391HL3/ref=zg_bsnr_g_679425011_d_sccl_21/146-4045039-7902150?psc=1,"https://images-na.ssl-images-amazon.com/images/I/61sEtGuZwDL._AC_UL600_SR600,400_.jpg",44,排名进入前30；标题包含 comfort、summer，符合美国女鞋舒适化趋势。
2026-08-26,amazon_us,product,search,women summer slippers,43,Women and Men Linen House Slippers Indoor,¥100.73,4.1,100+ bought in past month,,,,,,https://www.amazon.com/EitCaton-Slippers-Non-Slip-Open-Toe-Washable/dp/B0DVR24MMK/ref=sr_1_30?dib=eyJ2IjoiMSJ9.SLcwjNPgU_aswlE5gVkWSBcdKYdi0ZOYJvfTySkYscvaQqhCTWpxOdN-kabWC0WWpwsE25z8mihiRdEjMZtc9_qbuuHwf20eOaDo4qAZzUadEHp-t8GD-9lMHVsIjEC2Jo5WPT0q5TrbvDgefMHf4QlPNzweHETkwVGfgrriwag0vTLTRsfhBwLVhlqJFgGL8KC9gpybkCfi4pLMJJP3WBP5X_At4c-UtiNDsGu0GwNwCJM1LcAORy1Z5HviJJnRBKjMGuyTLD_gfJCOQGYcpkeyj-zulgkvlyfug7VUJYM.KpxthUkcnsEb9ywMpfoM9Nld4b5hqSc46_Bq5_fXCSM&dib_tag=se&keywords=women+summer+slippers&qid=1787711049&sr=8-30,https://m.media-amazon.com/images/I/81HinGlzSrL._AC_UL320_.jpg,44,排名进入前50；评论数达到50以上；价格处于人民币等值¥57.60-¥180.00黄金区间；评分达到4.0以上。
2026-08-26,amazon_us,product,new_releases,New Releases Women Sandals,26,"CUSHIONAIRE Fuse Chunky Womens Sandals with Double Buckle Straps and Durable Lug Sole, Casual Platform Sandals Women Footwear",,3.9,$44.99,,,,,,https://www.amazon.com/CUSHIONAIRE-Sandals-Platform-Footwear-TORTOISE/dp/B0H426HH9G/ref=zg_bsnr_g_679425011_d_sccl_26/146-4045039-7902150?psc=1,"https://images-na.ssl-images-amazon.com/images/I/81J+-tsF-qL._AC_UL600_SR600,400_.jpg",43,排名进入前30；标题包含 platform，符合美国女鞋舒适化趋势。
2026-08-26,amazon_us,product,best_sellers,Best Sellers Women Sandals,36,"UBFEN Womens Hiking Sandals with Comfortable Arch Support | Lightweight, Adjustable Straps, Water Sandals for All-Day Wear, Beach, Vacation, Camping, Walking, Sport",,4.5,$39.99,,,,,,https://www.amazon.com/UBFEN-Sandals-Adjustable-Support-Vacation/dp/B0DQ7ZMY71/ref=zg_bs_g_679425011_d_sccl_36/131-4614456-4768840?psc=1,"https://images-na.ssl-images-amazon.com/images/I/71kBI1vUNtL._AC_UL300_SR300,200_.jpg",42,排名进入前50；标题包含 comfort、arch support、beach，符合美国女鞋舒适化趋势；评分达到4.3以上。
2026-08-26,amazon_us,product,best_sellers,Best Sellers Women Sandals,38,"FUNKYMONKEY Women's Comfort Slides Non-Slip Lightweight Flat Beach Sandals | Adjustable Buckle Plastic Sandals with Arch Support, Waterproof Non-Slip Summer Slippers for Pool, Shower & Daily Wear",,4.1,$18.99,,,,,,https://www.amazon.com/FUNKYMONKEY-Comfort-Adjustable-Sandals-US-Women/dp/B07CV9HRQT/ref=zg_bs_g_679425011_d_sccl_38/131-4614456-4768840?psc=1,"https://images-na.ssl-images-amazon.com/images/I/61e3d7mh76L._AC_UL300_SR300,200_.jpg",42,排名进入前50；标题包含 comfort、arch support、beach、summer，符合美国女鞋舒适化趋势；评分达到4.0以上。
2026-08-26,amazon_us,product,new_releases,New Releases Women Sandals,17,"VICKI·VICKI Women’s Raffia Slide Sandals, Low Heel Square Toe Open Toe Slip On Sandals for Women, Memory Foam Insole, Summer Vacation Casual Sandals",,4.1,$25.99,,,,,,https://www.amazon.com/VICKI%C2%B7VICKI-Womens-Raffia-Sandals-Vacation/dp/B0GJ4TC8SW/ref=zg_bsnr_g_679425011_d_sccl_17/146-4045039-7902150?psc=1,"https://images-na.ssl-images-amazon.com/images/I/71V+JB6FiUL._AC_UL600_SR600,400_.jpg",42,排名进入前30；标题包含 summer，符合美国女鞋舒适化趋势；评分达到4.0以上。
2026-08-26,amazon_us,product,search,women summer slippers,31,IPSAE,¥71.86,4.5,IPSAE,,,,,,https://www.amazon.com/IPSAE-Slippers-Corduroy-Slipper-Bedroom/dp/B0DB4W73J3/ref=sr_1_18?dib=eyJ2IjoiMSJ9.SLcwjNPgU_aswlE5gVkWSBcdKYdi0ZOYJvfTySkYscvaQqhCTWpxOdN-kabWC0WWpwsE25z8mihiRdEjMZtc9_qbuuHwf20eOaDo4qAZzUadEHp-t8GD-9lMHVsIjEC2Jo5WPT0q5TrbvDgefMHf4QlPNzweHETkwVGfgrriwag0vTLTRsfhBwLVhlqJFgGL8KC9gpybkCfi4pLMJJP3WBP5X_At4c-UtiNDsGu0GwNwCJM1LcAORy1Z5HviJJnRBKjMGuyTLD_gfJCOQGYcpkeyj-zulgkvlyfug7VUJYM.KpxthUkcnsEb9ywMpfoM9Nld4b5hqSc46_Bq5_fXCSM&dib_tag=se&keywords=women+summer+slippers&qid=1787711049&sr=8-18,https://m.media-amazon.com/images/I/71GcxKVQLUL._AC_UL320_.jpg,42,排名进入前50；价格处于人民币等值¥57.60-¥180.00黄金区间；评分达到4.3以上。
2026-08-26,amazon_us,product,search,women summer slippers,32,KuaiLu,¥100.66,4.3,KuaiLu,,,,,,https://www.amazon.com/KuaiLu-Support-Comfortable-Walking-Sandals/dp/B0C5ZZ51RT/ref=sr_1_19?dib=eyJ2IjoiMSJ9.SLcwjNPgU_aswlE5gVkWSBcdKYdi0ZOYJvfTySkYscvaQqhCTWpxOdN-kabWC0WWpwsE25z8mihiRdEjMZtc9_qbuuHwf20eOaDo4qAZzUadEHp-t8GD-9lMHVsIjEC2Jo5WPT0q5TrbvDgefMHf4QlPNzweHETkwVGfgrriwag0vTLTRsfhBwLVhlqJFgGL8KC9gpybkCfi4pLMJJP3WBP5X_At4c-UtiNDsGu0GwNwCJM1LcAORy1Z5HviJJnRBKjMGuyTLD_gfJCOQGYcpkeyj-zulgkvlyfug7VUJYM.KpxthUkcnsEb9ywMpfoM9Nld4b5hqSc46_Bq5_fXCSM&dib_tag=se&keywords=women+summer+slippers&qid=1787711049&sr=8-19,https://m.media-amazon.com/images/I/710PdcSAm6L._AC_UL320_.jpg,42,排名进入前50；价格处于人民币等值¥57.60-¥180.00黄金区间；评分达到4.3以上。
2026-08-26,amazon_us,product,search,women summer slippers,39,VeraCosy,¥104.40,4.5,VeraCosy,,,,,,https://www.amazon.com/VeraCosy-Two-Tone-Slippers-Non-slip-Evening/dp/B0DCVZ52Y5/ref=sr_1_26?dib=eyJ2IjoiMSJ9.SLcwjNPgU_aswlE5gVkWSBcdKYdi0ZOYJvfTySkYscvaQqhCTWpxOdN-kabWC0WWpwsE25z8mihiRdEjMZtc9_qbuuHwf20eOaDo4qAZzUadEHp-t8GD-9lMHVsIjEC2Jo5WPT0q5TrbvDgefMHf4QlPNzweHETkwVGfgrriwag0vTLTRsfhBwLVhlqJFgGL8KC9gpybkCfi4pLMJJP3WBP5X_At4c-UtiNDsGu0GwNwCJM1LcAORy1Z5HviJJnRBKjMGuyTLD_gfJCOQGYcpkeyj-zulgkvlyfug7VUJYM.KpxthUkcnsEb9ywMpfoM9Nld4b5hqSc46_Bq5_fXCSM&dib_tag=se&keywords=women+summer+slippers&qid=1787711049&sr=8-26,https://m.media-amazon.com/images/I/81RJZ2gB8sL._AC_UL320_.jpg,42,排名进入前50；价格处于人民币等值¥57.60-¥180.00黄金区间；评分达到4.3以上。
2026-08-26,amazon_us,product,search,women summer slippers,40,EverFoams,¥93.53,4.3,EverFoams,,,,,,https://www.amazon.com/EverFoams-Slippers-Outdoor-Outsole-Vanilla/dp/B0DPZPQ4JW/ref=sr_1_27?dib=eyJ2IjoiMSJ9.SLcwjNPgU_aswlE5gVkWSBcdKYdi0ZOYJvfTySkYscvaQqhCTWpxOdN-kabWC0WWpwsE25z8mihiRdEjMZtc9_qbuuHwf20eOaDo4qAZzUadEHp-t8GD-9lMHVsIjEC2Jo5WPT0q5TrbvDgefMHf4QlPNzweHETkwVGfgrriwag0vTLTRsfhBwLVhlqJFgGL8KC9gpybkCfi4pLMJJP3WBP5X_At4c-UtiNDsGu0GwNwCJM1LcAORy1Z5HviJJnRBKjMGuyTLD_gfJCOQGYcpkeyj-zulgkvlyfug7VUJYM.KpxthUkcnsEb9ywMpfoM9Nld4b5hqSc46_Bq5_fXCSM&dib_tag=se&keywords=women+summer+slippers&qid=1787711049&sr=8-27,https://m.media-amazon.com/images/I/61-syU96aOL._AC_UL320_.jpg,42,排名进入前50；价格处于人民币等值¥57.60-¥180.00黄金区间；评分达到4.3以上。
2026-08-26,amazon_us,product,search,women summer slippers,44,Evshine,¥71.93,4.3,Evshine,,,,,,https://www.amazon.com/Evshine-Slippers-Bedroom-Corduroy-Outdoor/dp/B0FFZ8GWMZ/ref=sr_1_31?dib=eyJ2IjoiMSJ9.SLcwjNPgU_aswlE5gVkWSBcdKYdi0ZOYJvfTySkYscvaQqhCTWpxOdN-kabWC0WWpwsE25z8mihiRdEjMZtc9_qbuuHwf20eOaDo4qAZzUadEHp-t8GD-9lMHVsIjEC2Jo5WPT0q5TrbvDgefMHf4QlPNzweHETkwVGfgrriwag0vTLTRsfhBwLVhlqJFgGL8KC9gpybkCfi4pLMJJP3WBP5X_At4c-UtiNDsGu0GwNwCJM1LcAORy1Z5HviJJnRBKjMGuyTLD_gfJCOQGYcpkeyj-zulgkvlyfug7VUJYM.KpxthUkcnsEb9ywMpfoM9Nld4b5hqSc46_Bq5_fXCSM&dib_tag=se&keywords=women+summer+slippers&qid=1787711049&sr=8-31,https://m.media-amazon.com/images/I/81L2e-mi2FL._AC_UL320_.jpg,42,排名进入前50；价格处于人民币等值¥57.60-¥180.00黄金区间；评分达到4.3以上。
2026-08-26,amazon_us,product,search,women summer slippers,45,ATHMILE,¥110.09,4.5,ATHMILE,,,,,,https://www.amazon.com/ATHMILE-Slippers-Barefoot-Bedroom-8-5-9-5/dp/B0CXDKD35S/ref=sr_1_32?dib=eyJ2IjoiMSJ9.SLcwjNPgU_aswlE5gVkWSBcdKYdi0ZOYJvfTySkYscvaQqhCTWpxOdN-kabWC0WWpwsE25z8mihiRdEjMZtc9_qbuuHwf20eOaDo4qAZzUadEHp-t8GD-9lMHVsIjEC2Jo5WPT0q5TrbvDgefMHf4QlPNzweHETkwVGfgrriwag0vTLTRsfhBwLVhlqJFgGL8KC9gpybkCfi4pLMJJP3WBP5X_At4c-UtiNDsGu0GwNwCJM1LcAORy1Z5HviJJnRBKjMGuyTLD_gfJCOQGYcpkeyj-zulgkvlyfug7VUJYM.KpxthUkcnsEb9ywMpfoM9Nld4b5hqSc46_Bq5_fXCSM&dib_tag=se&keywords=women+summer+slippers&qid=1787711049&sr=8-32,https://m.media-amazon.com/images/I/71pjxDZzLbL._AC_UL320_.jpg,42,排名进入前50；价格处于人民币等值¥57.60-¥180.00黄金区间；评分达到4.3以上。
2026-08-26,amazon_us,product,search,women slides,35,welltree,¥100.73,4.3,welltree,,,,,,https://www.amazon.com/welltree-Slippers-Non-Slip-Bathroom-Sandals/dp/B09JVKT6L8/ref=sr_1_24?dib=eyJ2IjoiMSJ9.wrqHnvIFpzxZDCy1gVq3f2HcNswV2RaHhxwkGjsTd_XP6ATNvzTBKMST9QTJlXh-zOXQMqSowLEhJEu4WCu31R6dqnnDAUd_dwoe_Rs16y5s-edgEi3MXBSxp9w_9h5ZRRUL7Qq5Fr5PkXrZSk4BI7oocPnA8GDNyDY5_HocPSQyXaHIv083cW3KXk8CW1iaTmEqx5oorF5-vkwcKBDC4Um5qx-yqKUXN--n9XwUDJ9P-K5yxNiYacXuoATKNveTdoNygleZ0txwfyOXPGx03Y4sTaT_0d0lccP9bViYRZE.L9ZGP_z5OIUHn_G1ViJI_fTilH4Pv4p59ZYXvX-W0m0&dib_tag=se&keywords=women+slides&qid=1787711050&sr=8-24,https://m.media-amazon.com/images/I/51gpb9lx2LL._AC_UL320_.jpg,42,排名进入前50；价格处于人民币等值¥57.60-¥180.00黄金区间；评分达到4.3以上。
2026-08-26,amazon_us,product,search,women slides,40,KIDMI,¥158.33,4.4,KIDMI,,,,,,https://www.amazon.com/KIDMI-Genuine-Sandals-Footbed-Adjustable/dp/B0DQH21M77/ref=sr_1_29?dib=eyJ2IjoiMSJ9.wrqHnvIFpzxZDCy1gVq3f2HcNswV2RaHhxwkGjsTd_XP6ATNvzTBKMST9QTJlXh-zOXQMqSowLEhJEu4WCu31R6dqnnDAUd_dwoe_Rs16y5s-edgEi3MXBSxp9w_9h5ZRRUL7Qq5Fr5PkXrZSk4BI7oocPnA8GDNyDY5_HocPSQyXaHIv083cW3KXk8CW1iaTmEqx5oorF5-vkwcKBDC4Um5qx-yqKUXN--n9XwUDJ9P-K5yxNiYacXuoATKNveTdoNygleZ0txwfyOXPGx03Y4sTaT_0d0lccP9bViYRZE.L9ZGP_z5OIUHn_G1ViJI_fTilH4Pv4p59ZYXvX-W0m0&dib_tag=se&keywords=women+slides&qid=1787711050&sr=8-29,https://m.media-amazon.com/images/I/81JaarSAG2L._AC_UL320_.jpg,42,排名进入前50；价格处于人民币等值¥57.60-¥180.00黄金区间；评分达到4.3以上。
2026-08-26,amazon_us,product,search,women slides,44,Joomra,¥146.52,4.3,Joomra,,,,,,https://www.amazon.com/Joomra-Slippers-Massage-Cushioning-Bathroom/dp/B09652TFRP/ref=sr_1_33?dib=eyJ2IjoiMSJ9.wrqHnvIFpzxZDCy1gVq3f2HcNswV2RaHhxwkGjsTd_XP6ATNvzTBKMST9QTJlXh-zOXQMqSowLEhJEu4WCu31R6dqnnDAUd_dwoe_Rs16y5s-edgEi3MXBSxp9w_9h5ZRRUL7Qq5Fr5PkXrZSk4BI7oocPnA8GDNyDY5_HocPSQyXaHIv083cW3KXk8CW1iaTmEqx5oorF5-vkwcKBDC4Um5qx-yqKUXN--n9XwUDJ9P-K5yxNiYacXuoATKNveTdoNygleZ0txwfyOXPGx03Y4sTaT_0d0lccP9bViYRZE.L9ZGP_z5OIUHn_G1ViJI_fTilH4Pv4p59ZYXvX-W0m0&dib_tag=se&keywords=women+slides&qid=1787711050&sr=8-33,https://m.media-amazon.com/images/I/61zEQHgVrKL._AC_UL320_.jpg,42,排名进入前50；价格处于人民币等值¥57.60-¥180.00黄金区间；评分达到4.3以上。
2026-08-26,amazon_us,product,search,women slides,47,Spesoul,¥122.33,4.4,Spesoul,,,,,,https://www.amazon.com/Womens-Slippers-Indoor-Outdoor-Sandals/dp/B07Q1NHLZC/ref=sr_1_36?dib=eyJ2IjoiMSJ9.wrqHnvIFpzxZDCy1gVq3f2HcNswV2RaHhxwkGjsTd_XP6ATNvzTBKMST9QTJlXh-zOXQMqSowLEhJEu4WCu31R6dqnnDAUd_dwoe_Rs16y5s-edgEi3MXBSxp9w_9h5ZRRUL7Qq5Fr5PkXrZSk4BI7oocPnA8GDNyDY5_HocPSQyXaHIv083cW3KXk8CW1iaTmEqx5oorF5-vkwcKBDC4Um5qx-yqKUXN--n9XwUDJ9P-K5yxNiYacXuoATKNveTdoNygleZ0txwfyOXPGx03Y4sTaT_0d0lccP9bViYRZE.L9ZGP_z5OIUHn_G1ViJI_fTilH4Pv4p59ZYXvX-W0m0&dib_tag=se&keywords=women+slides&qid=1787711050&sr=8-36,https://m.media-amazon.com/images/I/7160g5DAKLL._AC_UL320_.jpg,42,排名进入前50；价格处于人民币等值¥57.60-¥180.00黄金区间；评分达到4.3以上。
2026-08-26,amazon_us,product,search,platform sandals women,23,LACIKOSZ,¥424.73,4.0,LACIKOSZ,,,,,,https://www.amazon.com/LACIKOSZ-Platform-Heeled-Sandals-Chunky/dp/B0H5QL57P9/ref=sr_1_15?dib=eyJ2IjoiMSJ9.c2JOP7efvUWHssCgWAsKBU3PqZJnkHZUa6YP2GiVYL9Vb184hK-kgGIIxB_46DZbILYOBrAVo-SspzzZF0awuWJx9tDRnaIGjp-EQfJi4JwOq8sTyyFyKGekiR3U_8KbXkynfBIp9D7VijnQSicdSL-vt8JF1-TIDt1_uD8Sgpzzmz6MvVTkRenzR-8_kFDmwKv38Fdn9sSXzThc40He3wsSZjZK1FzTa4OZJYzyZadOD4pLnne_fqefk0aMbHA5FeQjcBeZxZmPRGt18bdlm4-A34GOPuggRSuU61IcLic.zhyIMEMCi5X0sDdVghuilhH_7dAS9KpHzwZwJYOG-Xs&dib_tag=se&keywords=platform+sandals+women&qid=1787711050&sr=8-15,https://m.media-amazon.com/images/I/710etJ0IbtL._AC_UL320_.jpg,42,排名进入前30；价格高于人民币等值¥288.00；评分达到4.0以上。
2026-08-26,amazon_us,product,new_releases,New Releases Women Sandals,20,IDIFU IN1 Kitten Flip Flop Heels for Women Square Open Toe Low Heel | Wedding Bride Graduation Party Slide Dress Shoes Comfortable Cute Trendy Casual Thong Slip On Strappy Low Heeled Sandals,,3.8,$29.99,,,,,,https://www.amazon.com/IDIFU-Gold-Heels-Kitten-Square/dp/B0H33YNWQG/ref=zg_bsnr_g_679425011_d_sccl_20/146-4045039-7902150?psc=1,"https://images-na.ssl-images-amazon.com/images/I/612hFK868jL._AC_UL600_SR600,400_.jpg",41,排名进入前30；标题包含 comfort，符合美国女鞋舒适化趋势。
2026-08-26,amazon_us,product,new_releases,New Releases Women Sandals,35,GTBINGGO Jelly Sandals for Women Jelly Fisherman Sandals Rhinestone Adjustable Buckle Flat Caged Jelly Shoes for Summer Beach Party Cute Fashion Casual,,5.0,$54.99,,,,,,https://www.amazon.com/GTBINGGO-Sandals-Fisherman-Rhinestone-Adjustable/dp/B0H7HNKLHP/ref=zg_bsnr_g_679425011_d_sccl_35/131-4614456-4768840?psc=1,"https://images-na.ssl-images-amazon.com/images/I/71C-fGsZ-NL._AC_UL300_SR300,200_.jpg",41,排名进入前50；评论数达到50以上；标题包含 beach、summer，符合美国女鞋舒适化趋势；评分达到4.6以上。
2026-08-26,amazon_us,product,search,women summer slippers,47,Women's Waffle Knit Open Toe Slippers Twin-Strap Arch Support Memory Foam,¥104.33,3.8,"Price, product page $14.49 $ 14 . 49 Typical: $17.91 Typical: $17.91 $17.91",,,,,,https://www.amazon.com/Yoerpe-Womens-Slippers-Twin-Strap-Support/dp/B0GRR58Z98/ref=sr_1_34?dib=eyJ2IjoiMSJ9.SLcwjNPgU_aswlE5gVkWSBcdKYdi0ZOYJvfTySkYscvaQqhCTWpxOdN-kabWC0WWpwsE25z8mihiRdEjMZtc9_qbuuHwf20eOaDo4qAZzUadEHp-t8GD-9lMHVsIjEC2Jo5WPT0q5TrbvDgefMHf4QlPNzweHETkwVGfgrriwag0vTLTRsfhBwLVhlqJFgGL8KC9gpybkCfi4pLMJJP3WBP5X_At4c-UtiNDsGu0GwNwCJM1LcAORy1Z5HviJJnRBKjMGuyTLD_gfJCOQGYcpkeyj-zulgkvlyfug7VUJYM.KpxthUkcnsEb9ywMpfoM9Nld4b5hqSc46_Bq5_fXCSM&dib_tag=se&keywords=women+summer+slippers&qid=1787711049&sr=8-34,https://m.media-amazon.com/images/I/814b6zdNX5L._AC_UL320_.jpg,41,排名进入前50；价格处于人民币等值¥57.60-¥180.00黄金区间；标题包含 arch support，符合美国女鞋舒适化趋势。
2026-08-26,amazon_us,product,search,women summer slippers,33,mazeskin,¥68.26,4.1,mazeskin,,,,,,https://www.amazon.com/mazeskin-Womens-Comfortable-Sandals-Leather/dp/B0F32KMZ18/ref=sr_1_20?dib=eyJ2IjoiMSJ9.SLcwjNPgU_aswlE5gVkWSBcdKYdi0ZOYJvfTySkYscvaQqhCTWpxOdN-kabWC0WWpwsE25z8mihiRdEjMZtc9_qbuuHwf20eOaDo4qAZzUadEHp-t8GD-9lMHVsIjEC2Jo5WPT0q5TrbvDgefMHf4QlPNzweHETkwVGfgrriwag0vTLTRsfhBwLVhlqJFgGL8KC9gpybkCfi4pLMJJP3WBP5X_At4c-UtiNDsGu0GwNwCJM1LcAORy1Z5HviJJnRBKjMGuyTLD_gfJCOQGYcpkeyj-zulgkvlyfug7VUJYM.KpxthUkcnsEb9ywMpfoM9Nld4b5hqSc46_Bq5_fXCSM&dib_tag=se&keywords=women+summer+slippers&qid=1787711049&sr=8-20,https://m.media-amazon.com/images/I/71jV8GHPNSL._AC_UL320_.jpg,39,排名进入前50；价格处于人民币等值¥57.60-¥180.00黄金区间；评分达到4.0以上。
2026-08-26,amazon_us,product,search,women summer slippers,37,GOEWY,¥129.53,4.2,GOEWY,,,,,,https://www.amazon.com/GOEWY-House-Slippers-Summer-Memory/dp/B0GVYCBV2P/ref=sr_1_24?dib=eyJ2IjoiMSJ9.SLcwjNPgU_aswlE5gVkWSBcdKYdi0ZOYJvfTySkYscvaQqhCTWpxOdN-kabWC0WWpwsE25z8mihiRdEjMZtc9_qbuuHwf20eOaDo4qAZzUadEHp-t8GD-9lMHVsIjEC2Jo5WPT0q5TrbvDgefMHf4QlPNzweHETkwVGfgrriwag0vTLTRsfhBwLVhlqJFgGL8KC9gpybkCfi4pLMJJP3WBP5X_At4c-UtiNDsGu0GwNwCJM1LcAORy1Z5HviJJnRBKjMGuyTLD_gfJCOQGYcpkeyj-zulgkvlyfug7VUJYM.KpxthUkcnsEb9ywMpfoM9Nld4b5hqSc46_Bq5_fXCSM&dib_tag=se&keywords=women+summer+slippers&qid=1787711049&sr=8-24,https://m.media-amazon.com/images/I/71mtwAgrcLL._AC_UL320_.jpg,39,排名进入前50；价格处于人民币等值¥57.60-¥180.00黄金区间；评分达到4.0以上。
2026-08-26,amazon_us,product,search,women summer slippers,46,DL,¥127.15,4.2,DL,,,,,,https://www.amazon.com/DL-Slippers-Flannel-Bedroom-Non-Slip/dp/B08NJV6WYX/ref=sr_1_33?dib=eyJ2IjoiMSJ9.SLcwjNPgU_aswlE5gVkWSBcdKYdi0ZOYJvfTySkYscvaQqhCTWpxOdN-kabWC0WWpwsE25z8mihiRdEjMZtc9_qbuuHwf20eOaDo4qAZzUadEHp-t8GD-9lMHVsIjEC2Jo5WPT0q5TrbvDgefMHf4QlPNzweHETkwVGfgrriwag0vTLTRsfhBwLVhlqJFgGL8KC9gpybkCfi4pLMJJP3WBP5X_At4c-UtiNDsGu0GwNwCJM1LcAORy1Z5HviJJnRBKjMGuyTLD_gfJCOQGYcpkeyj-zulgkvlyfug7VUJYM.KpxthUkcnsEb9ywMpfoM9Nld4b5hqSc46_Bq5_fXCSM&dib_tag=se&keywords=women+summer+slippers&qid=1787711049&sr=8-33,https://m.media-amazon.com/images/I/71rpTD70hUL._AC_UL320_.jpg,39,排名进入前50；价格处于人民币等值¥57.60-¥180.00黄金区间；评分达到4.0以上。
2026-08-26,amazon_us,product,search,women slides,45,Crocs,¥162.00,4.1,Crocs,,,,,,https://www.amazon.com/Crocs-Womens-Slide-Sandal-Taupe/dp/B0F9XF5RX9/ref=sr_1_34?dib=eyJ2IjoiMSJ9.wrqHnvIFpzxZDCy1gVq3f2HcNswV2RaHhxwkGjsTd_XP6ATNvzTBKMST9QTJlXh-zOXQMqSowLEhJEu4WCu31R6dqnnDAUd_dwoe_Rs16y5s-edgEi3MXBSxp9w_9h5ZRRUL7Qq5Fr5PkXrZSk4BI7oocPnA8GDNyDY5_HocPSQyXaHIv083cW3KXk8CW1iaTmEqx5oorF5-vkwcKBDC4Um5qx-yqKUXN--n9XwUDJ9P-K5yxNiYacXuoATKNveTdoNygleZ0txwfyOXPGx03Y4sTaT_0d0lccP9bViYRZE.L9ZGP_z5OIUHn_G1ViJI_fTilH4Pv4p59ZYXvX-W0m0&dib_tag=se&keywords=women+slides&qid=1787711050&sr=8-34,https://m.media-amazon.com/images/I/61cPOC2WmbL._AC_UL320_.jpg,39,排名进入前50；价格处于人民币等值¥57.60-¥180.00黄金区间；评分达到4.0以上。
2026-08-26,amazon_us,product,search,platform sandals women,48,Monrovia,¥179.93,4.0,Monrovia,,,,,,https://www.amazon.com/Monrovia-Platform-Espadrille-Flatform-Vacation/dp/B0FVX54GF6/ref=sr_1_31?dib=eyJ2IjoiMSJ9.c2JOP7efvUWHssCgWAsKBU3PqZJnkHZUa6YP2GiVYL9Vb184hK-kgGIIxB_46DZbILYOBrAVo-SspzzZF0awuWJx9tDRnaIGjp-EQfJi4JwOq8sTyyFyKGekiR3U_8KbXkynfBIp9D7VijnQSicdSL-vt8JF1-TIDt1_uD8Sgpzzmz6MvVTkRenzR-8_kFDmwKv38Fdn9sSXzThc40He3wsSZjZK1FzTa4OZJYzyZadOD4pLnne_fqefk0aMbHA5FeQjcBeZxZmPRGt18bdlm4-A34GOPuggRSuU61IcLic.zhyIMEMCi5X0sDdVghuilhH_7dAS9KpHzwZwJYOG-Xs&dib_tag=se&keywords=platform+sandals+women&qid=1787711050&sr=8-31,https://m.media-amazon.com/images/I/71Td3IAnifL._AC_UL320_.jpg,39,排名进入前50；价格处于人民币等值¥57.60-¥180.00黄金区间；评分达到4.0以上。
2026-08-26,amazon_us,product,search,women slides,33,Calvin Klein,¥244.08,4.5,Calvin Klein,,,,,,https://www.amazon.com/Calvin-Klein-Athens-Brown/dp/B091ZF5PQQ/ref=sr_1_22?dib=eyJ2IjoiMSJ9.wrqHnvIFpzxZDCy1gVq3f2HcNswV2RaHhxwkGjsTd_XP6ATNvzTBKMST9QTJlXh-zOXQMqSowLEhJEu4WCu31R6dqnnDAUd_dwoe_Rs16y5s-edgEi3MXBSxp9w_9h5ZRRUL7Qq5Fr5PkXrZSk4BI7oocPnA8GDNyDY5_HocPSQyXaHIv083cW3KXk8CW1iaTmEqx5oorF5-vkwcKBDC4Um5qx-yqKUXN--n9XwUDJ9P-K5yxNiYacXuoATKNveTdoNygleZ0txwfyOXPGx03Y4sTaT_0d0lccP9bViYRZE.L9ZGP_z5OIUHn_G1ViJI_fTilH4Pv4p59ZYXvX-W0m0&dib_tag=se&keywords=women+slides&qid=1787711050&sr=8-22,https://m.media-amazon.com/images/I/71nyc3qEKeS._AC_UL320_.jpg,37,排名进入前50；价格处于人民币等值¥180.00-¥288.00区间；评分达到4.3以上。
2026-08-26,amazon_us,product,search,platform sandals women,44,DREAM PAIRS,¥223.13,4.3,DREAM PAIRS,,,,,,https://www.amazon.com/DREAM-PAIRS-Lightweight-Comfortable-Adjustable/dp/B0CNCLDB9P/ref=sr_1_27?dib=eyJ2IjoiMSJ9.c2JOP7efvUWHssCgWAsKBU3PqZJnkHZUa6YP2GiVYL9Vb184hK-kgGIIxB_46DZbILYOBrAVo-SspzzZF0awuWJx9tDRnaIGjp-EQfJi4JwOq8sTyyFyKGekiR3U_8KbXkynfBIp9D7VijnQSicdSL-vt8JF1-TIDt1_uD8Sgpzzmz6MvVTkRenzR-8_kFDmwKv38Fdn9sSXzThc40He3wsSZjZK1FzTa4OZJYzyZadOD4pLnne_fqefk0aMbHA5FeQjcBeZxZmPRGt18bdlm4-A34GOPuggRSuU61IcLic.zhyIMEMCi5X0sDdVghuilhH_7dAS9KpHzwZwJYOG-Xs&dib_tag=se&keywords=platform+sandals+women&qid=1787711050&sr=8-27,https://m.media-amazon.com/images/I/61XHiZMaOcL._AC_UL320_.jpg,37,排名进入前50；价格处于人民币等值¥180.00-¥288.00区间；评分达到4.3以上。
2026-08-26,amazon_us,product,best_sellers,Best Sellers Women Sandals,37,Rainbow Sandals Women’s Flirty Braidy Premier Leather w/Single Braided Strap,,4.6,$71.00,,,,,,https://www.amazon.com/Rainbow-Sandals-Womens-Flirty-7-5-8-5/dp/B00LGF8TAQ/ref=zg_bs_g_679425011_d_sccl_37/131-4614456-4768840?psc=1,"https://images-na.ssl-images-amazon.com/images/I/71B9WRizBDL._AC_UL300_SR300,200_.jpg",35,排名进入前50；评论数达到50以上；评分达到4.6以上。
2026-08-26,amazon_us,product,search,platform sandals women,41,Vilanva,¥143.93,3.9,Vilanva,,,,,,https://www.amazon.com/Vilanva-Platform-Lightweight-Comfortable-Non-Slip/dp/B0GH6HQ54N/ref=sr_1_24?dib=eyJ2IjoiMSJ9.c2JOP7efvUWHssCgWAsKBU3PqZJnkHZUa6YP2GiVYL9Vb184hK-kgGIIxB_46DZbILYOBrAVo-SspzzZF0awuWJx9tDRnaIGjp-EQfJi4JwOq8sTyyFyKGekiR3U_8KbXkynfBIp9D7VijnQSicdSL-vt8JF1-TIDt1_uD8Sgpzzmz6MvVTkRenzR-8_kFDmwKv38Fdn9sSXzThc40He3wsSZjZK1FzTa4OZJYzyZadOD4pLnne_fqefk0aMbHA5FeQjcBeZxZmPRGt18bdlm4-A34GOPuggRSuU61IcLic.zhyIMEMCi5X0sDdVghuilhH_7dAS9KpHzwZwJYOG-Xs&dib_tag=se&keywords=platform+sandals+women&qid=1787711050&sr=8-24,https://m.media-amazon.com/images/I/71PL6JGVN0L._AC_UL320_.jpg,35,排名进入前50；价格处于人民币等值¥57.60-¥180.00黄金区间。
2026-08-26,amazon_us,product,search,platform sandals women,36,Erocalli,¥194.33,4.0,Erocalli,,,,,,https://www.amazon.com/sspa/click?ie=UTF8&spc=MTo3NjExMTQyMjUzODg3MDEzOjE3ODc3MTEwNTA6c3BfbXRmOjMwMTQ1Njk3OTc3OTQwMjo6MDo6&url=%2FErocalli-Platform-Comfortable-Espadrilles-Vacation%2Fdp%2FB0FRRSJ778%2Fref%3Dsr_1_19_sspa%3Fdib%3DeyJ2IjoiMSJ9.c2JOP7efvUWHssCgWAsKBU3PqZJnkHZUa6YP2GiVYL9Vb184hK-kgGIIxB_46DZbILYOBrAVo-SspzzZF0awuWJx9tDRnaIGjp-EQfJi4JwOq8sTyyFyKGekiR3U_8KbXkynfBIp9D7VijnQSicdSL-vt8JF1-TIDt1_uD8Sgpzzmz6MvVTkRenzR-8_kFDmwKv38Fdn9sSXzThc40He3wsSZjZK1FzTa4OZJYzyZadOD4pLnne_fqefk0aMbHA5FeQjcBeZxZmPRGt18bdlm4-A34GOPuggRSuU61IcLic.zhyIMEMCi5X0sDdVghuilhH_7dAS9KpHzwZwJYOG-Xs%26dib_tag%3Dse%26keywords%3Dplatform%2Bsandals%2Bwomen%26qid%3D1787711050%26sr%3D8-19-spons%26sp_csd%3Dd2lkZ2V0TmFtZT1zcF9tdGY%26psc%3D1,https://m.media-amazon.com/images/I/81asTReijCL._AC_UL320_.jpg,34,排名进入前50；价格处于人民币等值¥180.00-¥288.00区间；评分达到4.0以上。
2026-08-26,amazon_us,product,search,platform sandals women,39,DREAMSTORY,¥215.86,4.0,DREAMSTORY,,,,,,https://www.amazon.com/sspa/click?ie=UTF8&spc=MTo3NjExMTQyMjUzODg3MDEzOjE3ODc3MTEwNTA6c3BfbXRmOjMwMTM3MzQ4MzkzMzUwMjo6MDo6&url=%2FDREAMSTORY-Platform-Espadrilles-Comfortable-Fashionable%2Fdp%2FB0G49NPQCL%2Fref%3Dsr_1_22_sspa%3Fdib%3DeyJ2IjoiMSJ9.c2JOP7efvUWHssCgWAsKBU3PqZJnkHZUa6YP2GiVYL9Vb184hK-kgGIIxB_46DZbILYOBrAVo-SspzzZF0awuWJx9tDRnaIGjp-EQfJi4JwOq8sTyyFyKGekiR3U_8KbXkynfBIp9D7VijnQSicdSL-vt8JF1-TIDt1_uD8Sgpzzmz6MvVTkRenzR-8_kFDmwKv38Fdn9sSXzThc40He3wsSZjZK1FzTa4OZJYzyZadOD4pLnne_fqefk0aMbHA5FeQjcBeZxZmPRGt18bdlm4-A34GOPuggRSuU61IcLic.zhyIMEMCi5X0sDdVghuilhH_7dAS9KpHzwZwJYOG-Xs%26dib_tag%3Dse%26keywords%3Dplatform%2Bsandals%2Bwomen%26qid%3D1787711050%26sr%3D8-22-spons%26sp_csd%3Dd2lkZ2V0TmFtZT1zcF9tdGY%26psc%3D1,https://m.media-amazon.com/images/I/71mRJDLEjQL._AC_UL320_.jpg,34,排名进入前50；价格处于人民币等值¥180.00-¥288.00区间；评分达到4.0以上。
2026-08-26,amazon_us,product,best_sellers,Best Sellers Women Sandals,32,"Coutgo Womens Kitten Heel Sandals Heeled Mules Pointed Open Toe High Heels | Comfortable, Sexy, Slip On, Backless, Dress Shoes, 3.2 Inch, Peep Toe, Wedding, Bridal, Party, Prom, Graduation",,4.3,$33.99,,,,,,https://www.amazon.com/Coutgo-Womens-Pointed-Backless-Sandals/dp/B0DG1Z3TRQ/ref=zg_bs_g_679425011_d_sccl_32/131-4614456-4768840?psc=1,"https://images-na.ssl-images-amazon.com/images/I/510Qb5untyL._AC_UL300_SR300,200_.jpg",33,排名进入前50；标题包含 comfort，符合美国女鞋舒适化趋势；评分达到4.3以上。
2026-08-26,amazon_us,product,new_releases,New Releases Women Sandals,34,"IDAWIVI Women's Strappy Kitten Heels Sandals Square Open Toe Low Heel shoes | Adjustable Ankle Strap with Comfort and Elegant Style for Weddings, Proms, Parties, Vacations & Daily Wear",,4.3,$33.02,,,,,,https://www.amazon.com/IDAWIVI-Strappy-Kitten-Heels-Sandals/dp/B0GWP9QTPD/ref=zg_bsnr_g_679425011_d_sccl_34/131-4614456-4768840?psc=1,"https://images-na.ssl-images-amazon.com/images/I/61rbXB6nhRL._AC_UL300_SR300,200_.jpg",33,排名进入前50；标题包含 comfort，符合美国女鞋舒适化趋势；评分达到4.3以上。
2026-08-26,amazon_us,product,new_releases,New Releases Women Sandals,36,DOBOLIN Rhinestone Heels 1.3 Inch Strappy Square Open Toe Heeled Sandals Slip on Sparkly Low Block Chunky Heels for Women Dressy Shoes Comfortable,,4.3,$32.29,,,,,,https://www.amazon.com/DOBOLIN-Rhinestone-Strappy-Sandals-Comfortable/dp/B0GWM8R1QT/ref=zg_bsnr_g_679425011_d_sccl_36/131-4614456-4768840?psc=1,"https://images-na.ssl-images-amazon.com/images/I/61rNnk31FgL._AC_UL300_SR300,200_.jpg",33,排名进入前50；标题包含 comfort，符合美国女鞋舒适化趋势；评分达到4.3以上。
2026-08-26,amazon_us,product,new_releases,New Releases Women Sandals,37,"DREAM PAIRS Women's Kitten Strappy Heel Sandals | Slip On Heeled Sandals for Women, Open Toe Summer Sandals for Weddings, Parties, Work and Dressy Occasions",,4.6,$35.99,,,,,,https://www.amazon.com/DREAM-PAIRS-Womens-Strappy-Sandals/dp/B0H6J38P73/ref=zg_bsnr_g_679425011_d_sccl_37/131-4614456-4768840?psc=1,"https://images-na.ssl-images-amazon.com/images/I/61bZ3gmvjCL._AC_UL300_SR300,200_.jpg",33,排名进入前50；标题包含 summer，符合美国女鞋舒适化趋势；评分达到4.6以上。
2026-08-26,amazon_us,product,search,women slides,31,Coach,¥684.00,4.6,Coach,,,,,,https://www.amazon.com/Coach-Womens-Udele-Slide-Tan/dp/B07PGQ6MQ8/ref=sr_1_20?dib=eyJ2IjoiMSJ9.wrqHnvIFpzxZDCy1gVq3f2HcNswV2RaHhxwkGjsTd_XP6ATNvzTBKMST9QTJlXh-zOXQMqSowLEhJEu4WCu31R6dqnnDAUd_dwoe_Rs16y5s-edgEi3MXBSxp9w_9h5ZRRUL7Qq5Fr5PkXrZSk4BI7oocPnA8GDNyDY5_HocPSQyXaHIv083cW3KXk8CW1iaTmEqx5oorF5-vkwcKBDC4Um5qx-yqKUXN--n9XwUDJ9P-K5yxNiYacXuoATKNveTdoNygleZ0txwfyOXPGx03Y4sTaT_0d0lccP9bViYRZE.L9ZGP_z5OIUHn_G1ViJI_fTilH4Pv4p59ZYXvX-W0m0&dib_tag=se&keywords=women+slides&qid=1787711050&sr=8-20,https://m.media-amazon.com/images/I/71BQOaIl59L._AC_UL320_.jpg,33,排名进入前50；价格高于人民币等值¥288.00；评分达到4.6以上。
2026-08-26,amazon_us,product,search,women slides,50,Nike,¥302.40,4.6,Nike,,,,,,https://www.amazon.com/OffCourt-Adjust-Womens-Slides-DV1033-002/dp/B0BWTFYBH1/ref=sr_1_39?dib=eyJ2IjoiMSJ9.wrqHnvIFpzxZDCy1gVq3f2HcNswV2RaHhxwkGjsTd_XP6ATNvzTBKMST9QTJlXh-zOXQMqSowLEhJEu4WCu31R6dqnnDAUd_dwoe_Rs16y5s-edgEi3MXBSxp9w_9h5ZRRUL7Qq5Fr5PkXrZSk4BI7oocPnA8GDNyDY5_HocPSQyXaHIv083cW3KXk8CW1iaTmEqx5oorF5-vkwcKBDC4Um5qx-yqKUXN--n9XwUDJ9P-K5yxNiYacXuoATKNveTdoNygleZ0txwfyOXPGx03Y4sTaT_0d0lccP9bViYRZE.L9ZGP_z5OIUHn_G1ViJI_fTilH4Pv4p59ZYXvX-W0m0&dib_tag=se&keywords=women+slides&qid=1787711050&sr=8-39,https://m.media-amazon.com/images/I/61zEg5Er3mL._AC_UL320_.jpg,33,排名进入前50；价格高于人民币等值¥288.00；评分达到4.6以上。
2026-08-26,amazon_us,product,new_releases,New Releases Women Sandals,38,Noctivelle Women Kitten Heeled Sandals Waterproof Thong Flip Flops Memory Foam Comfort Insole Summer Quick Dry Casual Pool Beach Shoes,,3.8,$23.99,,,,,,https://www.amazon.com/Noctivelle-Women-Kitten-Heeled-Sandals/dp/B0H5C8RNJ3/ref=zg_bsnr_g_679425011_d_sccl_38/131-4614456-4768840?psc=1,"https://images-na.ssl-images-amazon.com/images/I/71rZILq3kdL._AC_UL300_SR300,200_.jpg",32,排名进入前50；标题包含 comfort、beach、summer，符合美国女鞋舒适化趋势。
2026-08-26,amazon_us,product,best_sellers,Best Sellers Women Sandals,31,Havaianas Women's Slim Sandals | Casual Sandals,,4.6,$30.00,,,,,,https://www.amazon.com/Havaianas-Womens-Slim-Sandal-Black/dp/B000NBGN2A/ref=zg_bs_g_679425011_d_sccl_31/131-4614456-4768840?psc=1,"https://images-na.ssl-images-amazon.com/images/I/61JHkRJJEFL._AC_UL300_SR300,200_.jpg",30,排名进入前50；评分达到4.6以上。
2026-08-26,amazon_us,product,search,platform sandals women,37,Modatope,¥323.86,4.3,Modatope,,,,,,https://www.amazon.com/sspa/click?ie=UTF8&spc=MTo3NjExMTQyMjUzODg3MDEzOjE3ODc3MTEwNTA6c3BfbXRmOjMwMTMwMzQ1NzUyODUwMjo6MDo6&url=%2FModatope-Platform-Sandals-Square-Wedding%2Fdp%2FB0FQ5F82XM%2Fref%3Dsr_1_20_sspa%3Fdib%3DeyJ2IjoiMSJ9.c2JOP7efvUWHssCgWAsKBU3PqZJnkHZUa6YP2GiVYL9Vb184hK-kgGIIxB_46DZbILYOBrAVo-SspzzZF0awuWJx9tDRnaIGjp-EQfJi4JwOq8sTyyFyKGekiR3U_8KbXkynfBIp9D7VijnQSicdSL-vt8JF1-TIDt1_uD8Sgpzzmz6MvVTkRenzR-8_kFDmwKv38Fdn9sSXzThc40He3wsSZjZK1FzTa4OZJYzyZadOD4pLnne_fqefk0aMbHA5FeQjcBeZxZmPRGt18bdlm4-A34GOPuggRSuU61IcLic.zhyIMEMCi5X0sDdVghuilhH_7dAS9KpHzwZwJYOG-Xs%26dib_tag%3Dse%26keywords%3Dplatform%2Bsandals%2Bwomen%26qid%3D1787711050%26sr%3D8-20-spons%26sp_csd%3Dd2lkZ2V0TmFtZT1zcF9tdGY%26psc%3D1,https://m.media-amazon.com/images/I/51OSQybpqUL._AC_UL320_.jpg,30,排名进入前50；价格高于人民币等值¥288.00；评分达到4.3以上。
2026-08-26,amazon_us,product,search,platform sandals women,46,HEYDUDE,¥395.64,4.4,HEYDUDE,,,,,,https://www.amazon.com/HEYDUDE-Womens-Austin-Classic-Cognac/dp/B0F7NWHTF1/ref=sr_1_29?dib=eyJ2IjoiMSJ9.c2JOP7efvUWHssCgWAsKBU3PqZJnkHZUa6YP2GiVYL9Vb184hK-kgGIIxB_46DZbILYOBrAVo-SspzzZF0awuWJx9tDRnaIGjp-EQfJi4JwOq8sTyyFyKGekiR3U_8KbXkynfBIp9D7VijnQSicdSL-vt8JF1-TIDt1_uD8Sgpzzmz6MvVTkRenzR-8_kFDmwKv38Fdn9sSXzThc40He3wsSZjZK1FzTa4OZJYzyZadOD4pLnne_fqefk0aMbHA5FeQjcBeZxZmPRGt18bdlm4-A34GOPuggRSuU61IcLic.zhyIMEMCi5X0sDdVghuilhH_7dAS9KpHzwZwJYOG-Xs&dib_tag=se&keywords=platform+sandals+women&qid=1787711050&sr=8-29,https://m.media-amazon.com/images/I/71+OUCJdJzL._AC_UL320_.jpg,30,排名进入前50；价格高于人民币等值¥288.00；评分达到4.3以上。
2026-08-26,amazon_us,product,search,platform sandals women,47,REEF,¥575.64,4.4,REEF,,,,,,https://www.amazon.com/REEF-Higher-Womens-Platform-Adjustable/dp/B0D9HYMNMN/ref=sr_1_30?dib=eyJ2IjoiMSJ9.c2JOP7efvUWHssCgWAsKBU3PqZJnkHZUa6YP2GiVYL9Vb184hK-kgGIIxB_46DZbILYOBrAVo-SspzzZF0awuWJx9tDRnaIGjp-EQfJi4JwOq8sTyyFyKGekiR3U_8KbXkynfBIp9D7VijnQSicdSL-vt8JF1-TIDt1_uD8Sgpzzmz6MvVTkRenzR-8_kFDmwKv38Fdn9sSXzThc40He3wsSZjZK1FzTa4OZJYzyZadOD4pLnne_fqefk0aMbHA5FeQjcBeZxZmPRGt18bdlm4-A34GOPuggRSuU61IcLic.zhyIMEMCi5X0sDdVghuilhH_7dAS9KpHzwZwJYOG-Xs&dib_tag=se&keywords=platform+sandals+women&qid=1787711050&sr=8-30,https://m.media-amazon.com/images/I/51WBYuiSZiL._AC_UL320_.jpg,30,排名进入前50；价格高于人民币等值¥288.00；评分达到4.3以上。
2026-08-26,amazon_us,product,search,platform sandals women,49,REEF,¥336.60,4.5,REEF,,,,,,https://www.amazon.com/Reef-Womens-Cushion-Sandal-Natural/dp/B0B7TTVGVJ/ref=sr_1_32?dib=eyJ2IjoiMSJ9.c2JOP7efvUWHssCgWAsKBU3PqZJnkHZUa6YP2GiVYL9Vb184hK-kgGIIxB_46DZbILYOBrAVo-SspzzZF0awuWJx9tDRnaIGjp-EQfJi4JwOq8sTyyFyKGekiR3U_8KbXkynfBIp9D7VijnQSicdSL-vt8JF1-TIDt1_uD8Sgpzzmz6MvVTkRenzR-8_kFDmwKv38Fdn9sSXzThc40He3wsSZjZK1FzTa4OZJYzyZadOD4pLnne_fqefk0aMbHA5FeQjcBeZxZmPRGt18bdlm4-A34GOPuggRSuU61IcLic.zhyIMEMCi5X0sDdVghuilhH_7dAS9KpHzwZwJYOG-Xs&dib_tag=se&keywords=platform+sandals+women&qid=1787711050&sr=8-32,https://m.media-amazon.com/images/I/81cCTkHhaSL._AC_UL320_.jpg,30,排名进入前50；价格高于人民币等值¥288.00；评分达到4.3以上。
2026-08-26,amazon_us,product,new_releases,New Releases Women Sandals,32,"DREAM PAIRS Women's Chunky Low Heel Thong Sandals | Square Open Toe Slip On, Flip Flop Summer Heels, Comfortable Elgeant Going Out Sandals, Causal for Travel Daily Party Events",,3.8,$36.99,,,,,,https://www.amazon.com/DREAM-PAIRS-Womens-Chunky-Sandals/dp/B0H4FNT36P/ref=zg_bsnr_g_679425011_d_sccl_32/131-4614456-4768840?psc=1,"https://images-na.ssl-images-amazon.com/images/I/61B769rYVcL._AC_UL300_SR300,200_.jpg",29,排名进入前50；标题包含 comfort、summer，符合美国女鞋舒适化趋势。
2026-08-26,amazon_us,product,search,women summer slippers,34,Women's Corduroy Memory Foam Open Toe House Slippers,¥50.33,4.1,"Price, product page $6.99 $ 6 . 99 List: $13.99 List: $13.99 $13.99",,,,,,https://www.amazon.com/Eunoia-Soles-Slippers-Corduroy-Footwear/dp/B0G3L297DG/ref=sr_1_21?dib=eyJ2IjoiMSJ9.SLcwjNPgU_aswlE5gVkWSBcdKYdi0ZOYJvfTySkYscvaQqhCTWpxOdN-kabWC0WWpwsE25z8mihiRdEjMZtc9_qbuuHwf20eOaDo4qAZzUadEHp-t8GD-9lMHVsIjEC2Jo5WPT0q5TrbvDgefMHf4QlPNzweHETkwVGfgrriwag0vTLTRsfhBwLVhlqJFgGL8KC9gpybkCfi4pLMJJP3WBP5X_At4c-UtiNDsGu0GwNwCJM1LcAORy1Z5HviJJnRBKjMGuyTLD_gfJCOQGYcpkeyj-zulgkvlyfug7VUJYM.KpxthUkcnsEb9ywMpfoM9Nld4b5hqSc46_Bq5_fXCSM&dib_tag=se&keywords=women+summer+slippers&qid=1787711049&sr=8-21,https://m.media-amazon.com/images/I/71aiUCTLD0L._AC_UL320_.jpg,29,排名进入前50；价格低于人民币等值¥57.60；评分达到4.0以上。
2026-08-26,amazon_us,product,new_releases,New Releases Women Sandals,31,Caradise Jelly Mule Kitten Heel Sandals for Women Summer Jelly Shoes,,4.1,$49.99,,,,,,https://www.amazon.com/Caradise-Jelly-Kitten-Sandals-Summer/dp/B0H5PJ9H4G/ref=zg_bsnr_g_679425011_d_sccl_31/131-4614456-4768840?psc=1,"https://images-na.ssl-images-amazon.com/images/I/61GKR9y5HSL._AC_UL300_SR300,200_.jpg",27,排名进入前50；标题包含 summer，符合美国女鞋舒适化趋势；评分达到4.0以上。
2026-08-26,amazon_us,product,new_releases,New Releases Women Sandals,33,threepurple Women's Non-Slip Flip Flops Ultra Lightweight Basic Thongs Rubber Soft Slide Slip-on Shoes Beach Pool Shower Sandals,,3.8,$7.99,,,,,,https://www.amazon.com/threepurple-Womens-Non-Slip-Lightweight-Sandals/dp/B0HB9L47CH/ref=zg_bsnr_g_679425011_d_sccl_33/131-4614456-4768840?psc=1,"https://images-na.ssl-images-amazon.com/images/I/71-qSzOW17L._AC_UL300_SR300,200_.jpg",26,排名进入前50；标题包含 soft、beach，符合美国女鞋舒适化趋势。
2026-08-26,amazon_us,product,best_sellers,Best Sellers Women Sandals,35,PiePieBuy Women's Lace Up Heeled Sandals Square Flip Flop High Heels Strappy Party Shoes,,4.1,$24.98,,,,,,https://www.amazon.com/PiePieBuy-Womens-Kitten-Sandals-Square/dp/B09N3LZTJX/ref=zg_bs_g_679425011_d_sccl_35/131-4614456-4768840?psc=1,"https://images-na.ssl-images-amazon.com/images/I/61L4UgP8LlL._AC_UL300_SR300,200_.jpg",24,排名进入前50；评分达到4.0以上。
2026-08-26,amazon_us,product,search,platform sandals women,50,Madden Girl,¥397.51,3.7,Madden Girl,,,,,,https://www.amazon.com/Madden-Girl-Womens-Mythicall-Natural/dp/B0CNKPC4Y5/ref=sr_1_33?dib=eyJ2IjoiMSJ9.c2JOP7efvUWHssCgWAsKBU3PqZJnkHZUa6YP2GiVYL9Vb184hK-kgGIIxB_46DZbILYOBrAVo-SspzzZF0awuWJx9tDRnaIGjp-EQfJi4JwOq8sTyyFyKGekiR3U_8KbXkynfBIp9D7VijnQSicdSL-vt8JF1-TIDt1_uD8Sgpzzmz6MvVTkRenzR-8_kFDmwKv38Fdn9sSXzThc40He3wsSZjZK1FzTa4OZJYzyZadOD4pLnne_fqefk0aMbHA5FeQjcBeZxZmPRGt18bdlm4-A34GOPuggRSuU61IcLic.zhyIMEMCi5X0sDdVghuilhH_7dAS9KpHzwZwJYOG-Xs&dib_tag=se&keywords=platform+sandals+women&qid=1787711050&sr=8-33,https://m.media-amazon.com/images/I/71SNHrdlHML._AC_UL320_.jpg,23,排名进入前50；价格高于人民币等值¥288.00。
