date,source,data_type,list_type,keyword,rank,title,price,rating,review_count,likes,comments,views,published_at,competition_count,product_url,image_url,hot_score,reason
2026-08-13,amazon_us,product,search,women summer slippers,18,Women's Orthopedic Summer Slippers with Arch Support for Plantar Fasciitis,¥129.74,4.2,1K+ bought in past month,,,,,,https://www.amazon.com/shevalues-Summer-Slippers-Support-Breathable/dp/B0BK8PN8CL/ref=sr_1_10?dib=eyJ2IjoiMSJ9.3B_wBrVg1UMy5tWehIloEqh3GcRQaYuBAiGuYjezoF910vaZZiwjsPuQ7mqpnKXT9aAvcre6scfsVhZvNblL5NKBMAnXLmVkQZ6TCI0y3KliaeA1Mjx3LymzbAdH_qoSpfH1MeCRmFOTyCgRnphnklZpVE7zpyTWWMq9kRFl1ApASPRXOQJSD83VKFHnkNosclvsXAzzWyVHg7wrMHgTAC_PxXqJfP3JCC0x3zgsngUVRxJ5JWuyAukVbiaYhb2LnF3NNqOUNAicWwWTCRqVPsCIFL9bO-rEl2LFixmonB0.IEtYwhqjNl_7rZgPT2ckn9fCWtZhbwpoFnsOKhJe5fE&dib_tag=se&keywords=women+summer+slippers&qid=1786591563&sr=8-10,https://m.media-amazon.com/images/I/71wQ2tOj0+L._AC_UL320_.jpg,100,排名进入前30；评论数达到1000以上；价格处于人民币等值¥57.60-¥180.00黄金区间；标题包含 orthopedic、arch support、summer，符合美国女鞋舒适化趋势；orthopedic + arch support组合趋势加分；评分达到4.0以上。
2026-08-13,amazon_us,product,search,platform sandals women,6,"UBFEN Womens Espadrille Platform Sandals Low Wedge Orthopedic Arch Support | Cushion Insole, Comfortable Dressy Buckle Sandals for Walking and Vacation, Low Heel, Adjustable Strap UBFEN Womens Espadrille Platform Sandals Low Wedge Orthopedic Arch Support | Cushion Insole, Comfortable…",¥287.86,4.5,4.5,,,,,,https://sponsored-ads.amazon.com/clk/?_encoding=UTF8&p=eAFVT8uK01AApQ7qEOqDLkaouwpdFG6SG_PorQTJazqlTKevqDObcJt7k8amSXrvZVpm0S_QjQh-h_gHLly580_EDxDsiHhWB86LI5Hj7z9__bjXeODMX4394WD4RvWDaasGOycJLbJddA6H16eMQbK53OWcW72TZJR4ATC643A4eVvO5e7VGV5NpnVDkyFSZahDWb26M3MXx04wPwumg1njiXSfUL4SZdWoh6Np4F30R4OrwG--q0nPbpWIU8ziZVRRFpc5FjTKijwraLQQSUPCa3xTFnJcrptP-QLEOeY8i8EhAw5OUMHWXVpE4axj8AUQS7qmBMRlntNYZGUBrjVwOwZizAgHFc4KQRmIy0LQQrRMqaY-_vD5y7f3X_3mw7_eQ3vrkaaqKoLQgJZuQgtqR-HM7x15Y68zbLzwXcerTgfAcvbu5oDU2buT0vBvdOd_7N107072rvOHpM26lwa7vhOkKzOk2qea9LG2FKLiPUXZbrfyv-9KWil4qxDFVfvm5dT0x92XFYkYiap8SZgt2kuOo5hFGbHV9iYjNrS6poGgYeptzmwIIDCwYZhagkBCEgJ0qEKAEkQAsUyMEUJd_bnWzmxc8TZmNLEnK4TCcye5eP0beeqwew&v=c1&r=https%3A%2F%2Fwww.amazon.com%2Fgp%2Faw%2Fd%2FB0G6YR6DP8%3Fpd_rd_plhdr%3Dt%26hsa_cr_id%3D0%26qid%3D1786591564%26sr%3D1-1-5a5562f9-fdfd-4101-9f9d-d76aa9998432%26i%3Daps%26aref%3DQk99UMAfOW&ref_=sbx__sbtcd2_asin_0_bkgd&pd_rd_w=EXuR2&content-id=amzn1.sym.90f77631-9599-4fe0-95f8-a40adfe1c762%3Aamzn1.sym.90f77631-9599-4fe0-95f8-a40adfe1c762&pf_rd_p=90f77631-9599-4fe0-95f8-a40adfe1c762&pf_rd_r=FDDRDEZZS96FZW2G2PBF&pd_rd_wg=QrhXM&pd_rd_r=348d07d3-9b8f-426f-97b6-95a436dc67a6,"https://m.media-amazon.com/images/I/71Cs5sEmDeL._AC_SR322,134_CB1169409_QL70_.jpg",100,排名靠前；价格处于人民币等值¥180.00-¥288.00区间；标题包含 platform、orthopedic、comfort、arch support、wedge，符合美国女鞋舒适化趋势；platform + comfort组合趋势加分；orthopedic + arch support组合趋势加分；评分达到4.3以上。
2026-08-13,amazon_us,product,search,platform sandals women,7,"UBFEN Womens Platform Wedge Sandals Orthopedic Arch Support | Espadrille Slides, Comfortable Cushioned, Dressy for Summer Walking, Beach Vacation UBFEN Womens Platform Wedge Sandals Orthopedic Arch Support | Espadrille Slides, Comfortable Cushio…",¥287.93,4.6,4.6,,,,,,https://sponsored-ads.amazon.com/clk/?_encoding=UTF8&p=eAFVT8uK01AApQ7qEOqDLkaouwpdFG6SG_PorQTJazqlM52-otNuwm3uTRqbJmnuZVpm0S_QjQh-h_gHLly5808GP0CwI-JZHTgvjkCOf9z--vmg9siavhm6_V7_Sna9caMCWycRzZJdcAH716dlCclmtksZMzon0SByPKC1h35_9C6fiu35GV6NxlVNESGSRahCUZ7fm9iLY8ubnnnj3qT2THhIKFvxvKhV_cHYcy67g97cc-vvK8KLOyVgFJfhMihoGeYp5jRIsjTJaLDgUU3Aa3yTZ2KYr-vP2QKEKWYsCcEhAw5OUMDGfZoF_qSlsQXgS7qmBIR5mtKQJ3kGrhVwNwZCXBIGCpxknJYgzDNOM97QhYr89OOXr98_fHPrj_96D-2NJ4osywhCDRqqDg2oHPkTt3PkDJ1Wv_bKtS2nOO0Bw9rbmwNia2-Pcs29Ua3_sbfjvT3a29YfEterTuztupYXr3SfKp8rwqfKkvOCdSRpu92K_75LcSHhrUQkW-7qs_nV7Nx9XZCgJEGRLklp8uaS4SAsg4SYcnOTEBMabV1DUNPVJitNCBSgYU3TlQiBiEQEqFCGAEWIAGLoGCOE2upLpZmYuGBNXNLIHK0Q8i-s6PLtb5jGsMM&v=c1&r=https%3A%2F%2Fwww.amazon.com%2Fgp%2Faw%2Fd%2FB0G6YZXYLD%3Fpd_rd_plhdr%3Dt%26hsa_cr_id%3D0%26qid%3D1786591564%26sr%3D1-2-5a5562f9-fdfd-4101-9f9d-d76aa9998432%26i%3Daps%26aref%3DQk99UMAfOW&ref_=sbx__sbtcd2_asin_1_bkgd&pd_rd_w=EXuR2&content-id=amzn1.sym.90f77631-9599-4fe0-95f8-a40adfe1c762%3Aamzn1.sym.90f77631-9599-4fe0-95f8-a40adfe1c762&pf_rd_p=90f77631-9599-4fe0-95f8-a40adfe1c762&pf_rd_r=FDDRDEZZS96FZW2G2PBF&pd_rd_wg=QrhXM&pd_rd_r=348d07d3-9b8f-426f-97b6-95a436dc67a6,"https://m.media-amazon.com/images/I/71LWkfwnDvL._AC_SR322,134_CB1169409_QL70_.jpg",100,排名靠前；价格处于人民币等值¥180.00-¥288.00区间；标题包含 platform、orthopedic、comfort、arch support、beach、summer、wedge，符合美国女鞋舒适化趋势；platform + comfort组合趋势加分；orthopedic + arch support组合趋势加分；评分达到4.6以上。
2026-08-13,amazon_us,product,search,platform sandals women,9,"UBFEN Womens Platform Sandals Low Wedge Espadrille Orthopedic Arch Support | Cushion Insole, Adjustable Back Strap, Dressy, Comfortable, Lightweight, Walking Sandals for Vacation UBFEN Womens Platform Sandals Low Wedge Espadrille Orthopedic Arch Support | Cushion Insole, Adj…",¥287.86,4.6,4.6,,,,,,https://sponsored-ads.amazon.com/clk/?_encoding=UTF8&p=eAFVT8uK01AApQ7qEOqDLkbo7Cp0UbhJbsxNmkqQvKbTqdPpK47TTbjNvUkzTZM09zIts-gX6EYEv0P8Axeu3Pkn4gcIdkQ8qwPnxRHI4fefv348qD2ypm-Gbr_Xfyu73rhRga2jiGbJNjiH_ZuTsoRkfbVNGdM7R9EgcjyA2kO_P7rOp2J7doqXo3EVKSI0ZBGqUJRn9yb2_NDypqfeuDepPRMeEsqWPC9qVX8w9pyL7qA389z6u4rw_E4JGMVluAgKWoZ5ijkNkixNMhrMeVQT8Arf5pkY5qv6MZuDMMWMJSHYZ8DeCQrYuE-zwJ-0EJsDvqArSkCYpykNeZJn4EYBd2MgxCVhoMBJxmkJwjzjNOMNTajITz98_vLt_Ve3_vivd9_eeKLIsmxAiKCualCHyoE_cTsHztBp9WsvXdtyipMe0K2dvd4jtnb2KEfurWr9j50d7-zRzrb-kLhedWJv27W8eKn5VPlUET5WFpwXrCNJm81G_PddigsJbyQi2XL3bKK8PkOXrwoSlCQo0gUpTd5cMByEZZAQU26uE2JCva0hAyJNbbLShEAFCCOkKZEBIhIRoEIZAiMyCCC6hrFhGG31hdJMTFywJi5pZI6WhuGfW9HF5W-Ak7CM&v=c1&r=https%3A%2F%2Fwww.amazon.com%2Fgp%2Faw%2Fd%2FB0GJS2LJ5W%3Fpd_rd_plhdr%3Dt%26hsa_cr_id%3D0%26qid%3D1786591564%26sr%3D1-4-5a5562f9-fdfd-4101-9f9d-d76aa9998432%26i%3Daps%26aref%3DQk99UMAfOW&ref_=sbx__sbtcd2_asin_3_bkgd&pd_rd_w=EXuR2&content-id=amzn1.sym.90f77631-9599-4fe0-95f8-a40adfe1c762%3Aamzn1.sym.90f77631-9599-4fe0-95f8-a40adfe1c762&pf_rd_p=90f77631-9599-4fe0-95f8-a40adfe1c762&pf_rd_r=FDDRDEZZS96FZW2G2PBF&pd_rd_wg=QrhXM&pd_rd_r=348d07d3-9b8f-426f-97b6-95a436dc67a6,"https://m.media-amazon.com/images/I/81mta1Mp3vL._AC_SR322,134_CB1169409_QL70_.jpg",100,排名靠前；价格处于人民币等值¥180.00-¥288.00区间；标题包含 platform、orthopedic、comfort、arch support、wedge，符合美国女鞋舒适化趋势；platform + comfort组合趋势加分；orthopedic + arch support组合趋势加分；评分达到4.6以上。
2026-08-13,amazon_us,product,search,women slides,17,Cloud Slide Sandals for Women Men Ultra Comfort Recovery Slippers,¥71.93,4.2,3K+ bought in past month,,,,,,https://www.amazon.com/Sandals-Lightweight-Bathroom-Non-Slip-Slippers/dp/B099DTRKSL/ref=sr_1_6?dib=eyJ2IjoiMSJ9.wrqHnvIFpzxZDCy1gVq3f0L_foJ7eCfF1K6HgQ1qAHLtJxkWDuf9uByv38J6B5A8orobvWMFtPsWMgoHdHYII5h4CQjEdF5qPzO1TOYA6p87mNSdQOH6FS1f-eD5Y5yvfGOe0bOVJux5PKspNJMI5ow_GRR8DHQczszIWg_V5YyUCEivSS-1s9KQDjiC7X-odFptvG5yv9N49xr98ZyDd2xN6rJgnJouRHRe5WB6xzKiICQHKpFOBJGHgGsMu4ltxVZNeV3ZeXKTPQXSMzJ2uMfGQw7k48_mF1f7rOZOVV4.JnFjfaV79JsHXdxAM6TRyqQ5D_a9d6X90Pu_uzsLqE8&dib_tag=se&keywords=women+slides&qid=1786591564&sr=8-6,https://m.media-amazon.com/images/I/71uNAZpAhiL._AC_UL320_.jpg,94,排名进入前30；评论数达到1000以上；价格处于人民币等值¥57.60-¥180.00黄金区间；标题包含 cloud、recovery、comfort，符合美国女鞋舒适化趋势；评分达到4.0以上。
2026-08-13,amazon_us,product,search,women slides,4,"Joomra Pillow Slippers for Women and Men Thick Sole Ultra Cushion Slides | Cloud-Like Sole, Quick Drying Shower Shoes, Soft Open Toe Indoor Outdoor Sandals Joomra Pillow Slippers for Women and Men Thick Sole Ultra Cushion Slides | Cloud-Like Sole, Quick Drying Sho…",¥172.73,4.3,4.3,,,,,,https://sponsored-ads.amazon.com/clk/?_encoding=UTF8&p=eAFVT82O0kAADm7UTYM_4bAmeMOEA8nQTrctDKYxLa3AroHlb2X30gwz09Ld0g6dWdhw4AX0aOJbePTsA3jzJbxqfAATWWP8Tl_y_eVT6OHXn7--PSg9cibnZ95p73Smef6oUoC1o5Cl8W1wM8UngxDddPlsNegn29aRKaNJkl8YyfJiuU6i4Zur9dW5Myqaeh0irQ4NWNcu743d-aHjT7r-qDcuPVMeUiauZcZLxWl_5LcHnX7v0vfK7wvKizslEAznZBFwlpMswZIFcZrEKQvmMiwpeIm3WVon2bL8XMwBSbAQMQH7DNg7AYeV-ywNpuOaKeZALtiSUUCyJGFExlkK1jq4GwME51QAjuNUshyQLJUslRVLKWhPP__49O77F6_8-K933155omua1oSm1jTRMWpA_WA69loH7bN27bT00nOdNn_dAw1n5672iJydO8xMb2s4_2PnRjt3uHOdPyQqF9uRf9tx_OjamjL9Y0H5UFhIyUVLVTebTf3fdzXiKt6oVHU1NDmZzbyu94rTIKcBTxY0t2V1IXBA8iCmtlZdxdSGjaZlImhaRlXkNgQQmNg0LT1EIKQhBQbUIEAhooA2LIwRQk3jWK_GNuaiinMW2iSLXd7o5N7b3wHOswY&v=c1&r=https%3A%2F%2Fwww.amazon.com%2Fgp%2Faw%2Fd%2FB09TJXXDHD%3Fpd_rd_plhdr%3Dt%26hsa_cr_id%3D0%26qid%3D1786591564%26sr%3D1-1-5a5562f9-fdfd-4101-9f9d-d76aa9998432%26i%3Daps%26aref%3DcoiBp7GrDW&ref_=sbx__sbtcd2_asin_0_bkgd&pd_rd_w=cjVsd&content-id=amzn1.sym.90f77631-9599-4fe0-95f8-a40adfe1c762%3Aamzn1.sym.90f77631-9599-4fe0-95f8-a40adfe1c762&pf_rd_p=90f77631-9599-4fe0-95f8-a40adfe1c762&pf_rd_r=MGMHKJKJQEKH100NDQVN&pd_rd_wg=qogl2&pd_rd_r=757c3a77-d1ef-4a93-be50-0f6aabaa5892,"https://m.media-amazon.com/images/I/71CIVcXsl4L._AC_SR322,134_CB1169409_QL70_.jpg",88,排名靠前；价格处于人民币等值¥57.60-¥180.00黄金区间；标题包含 cloud、soft，符合美国女鞋舒适化趋势；cloud + slides组合趋势加分；评分达到4.3以上。
2026-08-13,amazon_us,product,search,platform sandals women,8,UBFEN Womens Chunky Wedge Platform Sandals Adjustable Double-Strap Square | Toed Open-Toe Style Suitable for Outdoor Casual Wear UBFEN Womens Chunky Wedge Platform Sandals Adjustable Double-Strap Square | Toed Open-Toe Sty…,¥143.93,4.6,4.6,,,,,,https://sponsored-ads.amazon.com/clk/?_encoding=UTF8&p=eAFVT8uK01AApQ7qEOqDLkaouwpdFG6Sm8mjtxIkr-mUMJ2-ojPdhNvcmzQ2TdJ7w7TMol-gGxH8DvEPXLhy55-IHyDYEfGsDpwXRyDH33_--vGg8ciavR65_sC_kl1v0qrBzklM83QXXkD_5owxSDbXu4xzo3cSD2PHA1p3FPjjt8VM7M7P8Wo8qWuKCJEsQhWK8vze1F4cW97s3JsMpo1nwkNC-aoqykY9GE4857I_HMw9t_muJry4U0JOMYuWYUlZVGS4omGaZ2lOw0UVNwS8xrdFLkbFuvmcL0CUYc7TCBwy4OAEJWzdp3kYTDsaX4BqSdeUgKjIMhpVaZGDGwXcjYEIM8JBidO8ogxERV7RvGrpQk1--uHzl2_vv7rNx3-9h_bWE0WWZQShBg1VhwZUjoKp2ztyRk7Hb7x0bcspzwbAsPb25oDE2tvjQnNvVet_7O1kb4_3tvWHJM26k3i7vuUlKz2gyqea8LG2rKqS9yRpu92K_75LSSnhrUQkW-6710q3f-W_KknISFhmS8LMqr3kOIxYmBJTbm9SYkKjq2sIarra5syE4BRoWNN0JUYgJjEBKpQhQDEigBg6xgihrnqqtFMTl7yNGY3N8Qqh4MKKL9_8BoAysIs&v=c1&r=https%3A%2F%2Fwww.amazon.com%2Fgp%2Faw%2Fd%2FB0GDY28GXK%3Fpd_rd_plhdr%3Dt%26hsa_cr_id%3D0%26qid%3D1786591564%26sr%3D1-3-5a5562f9-fdfd-4101-9f9d-d76aa9998432%26i%3Daps%26aref%3DQk99UMAfOW&ref_=sbx__sbtcd2_asin_2_bkgd&pd_rd_w=EXuR2&content-id=amzn1.sym.90f77631-9599-4fe0-95f8-a40adfe1c762%3Aamzn1.sym.90f77631-9599-4fe0-95f8-a40adfe1c762&pf_rd_p=90f77631-9599-4fe0-95f8-a40adfe1c762&pf_rd_r=FDDRDEZZS96FZW2G2PBF&pd_rd_wg=QrhXM&pd_rd_r=348d07d3-9b8f-426f-97b6-95a436dc67a6,"https://m.media-amazon.com/images/I/61M8szgUVaL._AC_SR322,134_CB1169409_QL70_.jpg",81,排名靠前；价格处于人民币等值¥57.60-¥180.00黄金区间；标题包含 platform、wedge，符合美国女鞋舒适化趋势；评分达到4.6以上。
2026-08-13,amazon_us,product,new_releases,New Releases Women Sandals,3,Project Cloud Platform Sandals Women Memory Foam Flip Flops (ELEVATION) | Durable and Lightweight Non-Slip Sole Summer Thong Sandals - Platform Flip Flops for Women Everyday Comfort Daily.,,4.0,$39.90,,,,,,https://www.amazon.com/Project-Cloud-Platform-Sandals-ELEVATION/dp/B0GTZM2X7L/ref=zg_bsnr_g_679425011_d_sccl_3/140-6911237-6589943?psc=1,"https://images-na.ssl-images-amazon.com/images/I/61E9Kh8oh9L._AC_UL600_SR600,400_.jpg",79,排名靠前；标题包含 cloud、platform、comfort、summer，符合美国女鞋舒适化趋势；platform + comfort组合趋势加分；评分达到4.0以上。
2026-08-13,amazon_us,product,best_sellers,Best Sellers Women Sandals,29,"shevalues Orthopedic Sandals for Women, Arch Support Recovery Flip Flops | Orthotic Pillow Soft Summer Beach Shoes, Comfortable for Plantar Fasciitis",,4.3,$18.99,,,,,,https://www.amazon.com/Orthotic-Pillow-Recovery-Sandals-Support/dp/B09LC836QG/ref=zg_bs_g_679425011_d_sccl_29/130-2560457-7836624?psc=1,"https://images-na.ssl-images-amazon.com/images/I/61o9ArJVVsL._AC_UL600_SR600,400_.jpg",77,排名进入前30；标题包含 recovery、orthopedic、comfort、arch support、soft、beach、summer，符合美国女鞋舒适化趋势；orthopedic + arch support组合趋势加分；评分达到4.3以上。
2026-08-13,amazon_us,product,search,platform sandals women,11,UBFEN Womens Platform Sandals With Arch Support Comfy Walking Wedge Crisscross Band Summer Casual UBFEN Womens Platform Sandals With Arch Support Comfy Walking Wedge Crisscross Band Summer Ca…,¥143.64,4.4,4.4,,,,,,https://sponsored-ads.amazon.com/clk/?_encoding=UTF8&p=eAFVT82K00AApi7qEroqPaxQb13ooTBJJmaSphIkf9uW0m7_4movYZqZpLFpks6EbdlDn0AvIvgc4ht48OTNNxEfQLAr4nf64PvjE8jp95-_fjyonVnzV2N30B-8ll1v2qjA1nlEs2QfDOHg5pIxSLZv9inneuc8GkWOB1B77A8mb_O52F708HoyrSJFhIYsQhWK8uLezF6eWt685037s9pT4SGhfF3mRa3qj6aec9Ud9ReeW39XES7ulIBTzMJVUFAW5ikuaZBkaZLRYFlGNQFv8G2eiWG-qT_jSxCmmPMkBMcMODpBARv3aRb4sxbiS1Cu6IYSEOZpSsMyyTNwo4C7MRBiRjgocJKVlIEwz0qalQ1NqMhPPnz-8u39V7f-6K_32N54rMiybECIoK5qUIfKiT9zOyfO2GkNai9c23KKyz7QrYO9PSK2DvYkR-6tav2Pgx0f7MnBtv6QuF51Ym_ftbx4rflU-VQRPlZWZVnwjiTtdjvx33cpLiS8k4hky93eNURDZ_ayIAEjQZGuCDPL5orjIGRBQky5uU2ICfW2hgyINLXJmQmBBhBGSFMiA0QkIkCFMgRGZBBAdA1jwzDa6nOlmZi44E3MaGRO1obhD63o6vo3fRKwhQ&v=c1&r=https%3A%2F%2Fwww.amazon.com%2Fgp%2Faw%2Fd%2FB0GHW15MCS%3Fpd_rd_plhdr%3Dt%26hsa_cr_id%3D0%26qid%3D1786591564%26sr%3D1-6-5a5562f9-fdfd-4101-9f9d-d76aa9998432%26i%3Daps%26aref%3DQk99UMAfOW&ref_=sbx__sbtcd2_asin_5_bkgd&pd_rd_w=EXuR2&content-id=amzn1.sym.90f77631-9599-4fe0-95f8-a40adfe1c762%3Aamzn1.sym.90f77631-9599-4fe0-95f8-a40adfe1c762&pf_rd_p=90f77631-9599-4fe0-95f8-a40adfe1c762&pf_rd_r=FDDRDEZZS96FZW2G2PBF&pd_rd_wg=QrhXM&pd_rd_r=348d07d3-9b8f-426f-97b6-95a436dc67a6,"https://m.media-amazon.com/images/I/61cow9BW-yL._AC_SR322,134_CB1169409_QL70_.jpg",77,排名进入前30；价格处于人民币等值¥57.60-¥180.00黄金区间；标题包含 platform、arch support、summer、wedge，符合美国女鞋舒适化趋势；评分达到4.3以上。
2026-08-13,amazon_us,product,best_sellers,Best Sellers Women Sandals,7,Project Cloud 100% Genuine Leather Womens Sandals Slides for Women (Venita) | Cork Footbed Sandals for Women with Memory Foam and Arch Support Vacation Essentials Slides Women Footwear Flat Sandals,,4.3,$28.40,,,,,,https://www.amazon.com/Project-Cloud-Comfortable-Essentials-Vacation/dp/B0CNYDF946/ref=zg_bs_g_679425011_d_sccl_7/130-2560457-7836624?psc=1,"https://images-na.ssl-images-amazon.com/images/I/61PPWwEkHDL._AC_UL600_SR600,400_.jpg",76,排名靠前；标题包含 cloud、arch support，符合美国女鞋舒适化趋势；cloud + slides组合趋势加分；评分达到4.3以上。
2026-08-13,amazon_us,product,search,platform sandals women,25,Women's Suede Platform Wedge Heel Slide Sandals Y2K Round Open Toe One Strap Slip-On Heeled Sandals Stylish Comfortable Daily Casual Summer Slippers,¥237.53,3.7,"Price, product page $32.99 $ 32 . 99",,,,,,https://www.amazon.com/NBZKBNG-Platform-Sandals-Comfortable-Slippers/dp/B0FXRQXXLG/ref=sr_1_14?dib=eyJ2IjoiMSJ9.o3FdTlUi3PheyYZBHWEQOLqoyQIC8OIT0T3DX7SLczYhnpOHkv9SLh4cxoLSh7YAtSNsg73eXewcMJfHJPDLwE_PxwrfDkIX3SGOprWzbs3T60lcbgtM38d7dK6JGysYsoJsV35BnOuzSMmJYUJmSBl75QALcK3ZL_f2y4EdBpqJ8GahynZ2dYjFcJWxmmEPufm57X-BH2WDcB8brd9vdHByetth_7aj7IHrtcufr6X_tQWiJYmABG2L9EwVMcWz3Fp6KYBXc5NVnwkTRyzLLbOxLiY0jm_ivHFMne0ksQk.bgl-gabY0QKnFX6ytqdnQWIJBhiRMA4q6nlWaDL0lrU&dib_tag=se&keywords=platform+sandals+women&qid=1786591564&sr=8-14,https://m.media-amazon.com/images/I/61psKHoQPtL._AC_UL320_.jpg,75,排名进入前30；价格处于人民币等值¥180.00-¥288.00区间；标题包含 platform、comfort、summer、wedge，符合美国女鞋舒适化趋势；platform + comfort组合趋势加分。
2026-08-13,amazon_us,product,best_sellers,Best Sellers Women Sandals,2,KuaiLu Flip Flops for Women with Arch Support Summer Beach Thong Sandals | Comfortable Yoga Mat Walking Shoes Cushion Slip On Casual Outfits Indoor Outdoor,,4.3,$11.99,,,,,,https://www.amazon.com/KuaiLu-Support-Comfortable-Walking-Sandals/dp/B0C5ZRQS2X/ref=zg_bs_g_679425011_d_sccl_2/130-2560457-7836624?psc=1,"https://images-na.ssl-images-amazon.com/images/I/710PdcSAm6L._AC_UL600_SR600,400_.jpg",70,排名靠前；标题包含 comfort、arch support、beach、summer，符合美国女鞋舒适化趋势；评分达到4.3以上。
2026-08-13,amazon_us,product,new_releases,New Releases Women Sandals,9,Uniwill Shower Shoes Womens Quick Dry Arch Support Flip Flops | Darin Holes Comfortable Non Slip Beach Lightweight Thong Sandalas,,4.6,$10.99,,,,,,https://www.amazon.com/Uniwill-Shower-Shoes-Womens-Quickly/dp/B0GY5JL3N1/ref=zg_bsnr_g_679425011_d_sccl_9/140-6911237-6589943?psc=1,"https://images-na.ssl-images-amazon.com/images/I/61PrHay7LLL._AC_UL600_SR600,400_.jpg",70,排名靠前；标题包含 comfort、arch support、beach，符合美国女鞋舒适化趋势；评分达到4.6以上。
2026-08-13,amazon_us,product,best_sellers,Best Sellers Women Sandals,20,"CUSHIONAIRE Feather EVA Slides for Women – Comfortable Slip On Womens Slippers, Indoor Outdoor Shower Shoes, Beach Essential Cloud Slides",,4.4,$25.64,,,,,,https://www.amazon.com/Cushionaire-Womens-Feather-recovery-Comfort/dp/B094TB7BQH/ref=zg_bs_g_679425011_d_sccl_20/130-2560457-7836624?psc=1,"https://images-na.ssl-images-amazon.com/images/I/817PhiYQjLL._AC_UL600_SR600,400_.jpg",69,排名进入前30；标题包含 cloud、comfort、beach，符合美国女鞋舒适化趋势；cloud + slides组合趋势加分；评分达到4.3以上。
2026-08-13,amazon_us,product,new_releases,New Releases Women Sandals,26,"QIY Flip Flops for Women Square Toe Platform Sandals Slides | Memory Foam Insole - Lightweight and Comfortable, Women Footwear Summer Thong Sandals for Women 2026",,4.4,$25.99,,,,,,https://www.amazon.com/QIY-Square-Platform-Sandals-Slides/dp/B0HC6J8PSH/ref=zg_bsnr_g_679425011_d_sccl_26/140-6911237-6589943?psc=1,"https://images-na.ssl-images-amazon.com/images/I/61c-vvOzT2L._AC_UL600_SR600,400_.jpg",69,排名进入前30；标题包含 platform、comfort、summer，符合美国女鞋舒适化趋势；platform + comfort组合趋势加分；评分达到4.3以上。
2026-08-13,amazon_us,product,new_releases,New Releases Women Sandals,27,IDIFU Espadrille Platform Wedge Sandals for Women | 4 Inch Ankle Strap Open Toe Wedges Comfortable Casual Dressy Summer Wedding Prom Work Beach Cute High Heel Wedges Heels,,4.2,$19.99,,,,,,https://www.amazon.com/IDIFU-Espadrille-Platform-Sandals-Comfortable/dp/B0GGH5Z657/ref=zg_bsnr_g_679425011_d_sccl_27/140-6911237-6589943?psc=1,"https://images-na.ssl-images-amazon.com/images/I/81wNGYQ9UyL._AC_UL600_SR600,400_.jpg",69,排名进入前30；标题包含 platform、comfort、beach、summer、wedge，符合美国女鞋舒适化趋势；platform + comfort组合趋势加分；评分达到4.0以上。
2026-08-13,amazon_us,product,search,women summer slippers,4,Slippers Women Flip Flops Memory Foam House Open Toe Shoes,¥143.93,4.3,"Price, product page $19.99 $ 19 . 99",,,,,,https://www.amazon.com/sspa/click?ie=UTF8&spc=MTo1NTA1NTQ5NTE1MzIzMTQ2OjE3ODY1OTE1NjM6c3BfYXRmOjMwMTI1MzAyNDA2NjMwMjo6MDo6&url=%2FNineCiFun-Slippers-Women-Flops-Memory%2Fdp%2FB0GKZZS2JZ%2Fref%3Dsr_1_1_sspa%3Fdib%3DeyJ2IjoiMSJ9.3B_wBrVg1UMy5tWehIloEqh3GcRQaYuBAiGuYjezoF910vaZZiwjsPuQ7mqpnKXT9aAvcre6scfsVhZvNblL5NKBMAnXLmVkQZ6TCI0y3KliaeA1Mjx3LymzbAdH_qoSpfH1MeCRmFOTyCgRnphnklZpVE7zpyTWWMq9kRFl1ApASPRXOQJSD83VKFHnkNosclvsXAzzWyVHg7wrMHgTAC_PxXqJfP3JCC0x3zgsngUVRxJ5JWuyAukVbiaYhb2LnF3NNqOUNAicWwWTCRqVPsCIFL9bO-rEl2LFixmonB0.IEtYwhqjNl_7rZgPT2ckn9fCWtZhbwpoFnsOKhJe5fE%26dib_tag%3Dse%26keywords%3Dwomen%2Bsummer%2Bslippers%26qid%3D1786591563%26sr%3D8-1-spons%26sp_csd%3Dd2lkZ2V0TmFtZT1zcF9hdGY%26psc%3D1,https://m.media-amazon.com/images/I/71GlYKtEkZL._AC_UL320_.jpg,67,排名靠前；价格处于人民币等值¥57.60-¥180.00黄金区间；评分达到4.3以上。
2026-08-13,amazon_us,product,search,women summer slippers,8,GOEWY,¥93.53,4.4,GOEWY,,,,,,https://www.amazon.com/GOEWY-Slippers-Summer-Breathable-Slides/dp/B0GQGLFHFJ/ref=sr_1_5?dib=eyJ2IjoiMSJ9.3B_wBrVg1UMy5tWehIloEqh3GcRQaYuBAiGuYjezoF910vaZZiwjsPuQ7mqpnKXT9aAvcre6scfsVhZvNblL5NKBMAnXLmVkQZ6TCI0y3KliaeA1Mjx3LymzbAdH_qoSpfH1MeCRmFOTyCgRnphnklZpVE7zpyTWWMq9kRFl1ApASPRXOQJSD83VKFHnkNosclvsXAzzWyVHg7wrMHgTAC_PxXqJfP3JCC0x3zgsngUVRxJ5JWuyAukVbiaYhb2LnF3NNqOUNAicWwWTCRqVPsCIFL9bO-rEl2LFixmonB0.IEtYwhqjNl_7rZgPT2ckn9fCWtZhbwpoFnsOKhJe5fE&dib_tag=se&keywords=women+summer+slippers&qid=1786591563&sr=8-5,https://m.media-amazon.com/images/I/61PJ6PNvlqL._AC_UL320_.jpg,67,排名靠前；价格处于人民币等值¥57.60-¥180.00黄金区间；评分达到4.3以上。
2026-08-13,amazon_us,product,search,women slides,3,adidas,¥151.20,4.4,adidas,,,,,,https://www.amazon.com/adidas-Unisex-Adilette-Shower-Sandal/dp/B091ZGQF6G/ref=sr_1_2?dib=eyJ2IjoiMSJ9.wrqHnvIFpzxZDCy1gVq3f0L_foJ7eCfF1K6HgQ1qAHLtJxkWDuf9uByv38J6B5A8orobvWMFtPsWMgoHdHYII5h4CQjEdF5qPzO1TOYA6p87mNSdQOH6FS1f-eD5Y5yvfGOe0bOVJux5PKspNJMI5ow_GRR8DHQczszIWg_V5YyUCEivSS-1s9KQDjiC7X-odFptvG5yv9N49xr98ZyDd2xN6rJgnJouRHRe5WB6xzKiICQHKpFOBJGHgGsMu4ltxVZNeV3ZeXKTPQXSMzJ2uMfGQw7k48_mF1f7rOZOVV4.JnFjfaV79JsHXdxAM6TRyqQ5D_a9d6X90Pu_uzsLqE8&dib_tag=se&keywords=women+slides&qid=1786591564&sr=8-2,https://m.media-amazon.com/images/I/61CCABduhML._AC_UL320_.jpg,67,排名靠前；价格处于人民币等值¥57.60-¥180.00黄金区间；评分达到4.3以上。
2026-08-13,amazon_us,product,best_sellers,Best Sellers Women Sandals,9,Project Cloud Flip Flops for Women Memory Foam Flats Sandals (Foundations) | Lightweight and Durable Non-Slip SoleWomens Sandals - Beach Essentials Womens Flat Sandals for Everyday Comfort Daily Wear,,4.2,$24.90,,,,,,https://www.amazon.com/Project-Cloud-Flip-flops-Women/dp/B0D2F94XKW/ref=zg_bs_g_679425011_d_sccl_9/130-2560457-7836624?psc=1,"https://images-na.ssl-images-amazon.com/images/I/41JMYLSDC3L._AC_UL600_SR600,400_.jpg",66,排名靠前；标题包含 cloud、comfort、beach，符合美国女鞋舒适化趋势；评分达到4.0以上。
2026-08-13,amazon_us,product,best_sellers,Best Sellers Women Sandals,22,Project Cloud 100% Genuine Leather Footbed Sandals for Women (Santorini) | Comfortable Beach Essentials Womens Sandals Plush Memory Foam Cushioning Vacation Essentials Slides for Women Footwear,,4.2,$33.92,,,,,,https://www.amazon.com/Project-Cloud-Comfortable-Essentials-Santorini/dp/B0DQF8F5XV/ref=zg_bs_g_679425011_d_sccl_22/130-2560457-7836624?psc=1,"https://images-na.ssl-images-amazon.com/images/I/91yOyl7MMNL._AC_UL600_SR600,400_.jpg",66,排名进入前30；标题包含 cloud、comfort、beach，符合美国女鞋舒适化趋势；cloud + slides组合趋势加分；评分达到4.0以上。
2026-08-13,amazon_us,product,best_sellers,Best Sellers Women Sandals,6,OOFOS OOahh Recovery Slide - Women’s and Men’s,,4.4,$59.95,,,,,,https://www.amazon.com/OOFOS-Unisex-Ooahh-Slide-Sandal/dp/B00BRC4LLE/ref=zg_bs_g_679425011_d_sccl_6/130-2560457-7836624?psc=1,"https://images-na.ssl-images-amazon.com/images/I/51xksaC-aaL._AC_UL600_SR600,400_.jpg",65,排名靠前；评论数达到50以上；标题包含 recovery，符合美国女鞋舒适化趋势；评分达到4.3以上。
2026-08-13,amazon_us,product,new_releases,New Releases Women Sandals,15,"MellowSoft Cloud Slides for Women & Men, Thick Shock-Absorbing Sole | Ultra Soft CloudFoam Cushioning Slides, Lightweight Anti-Slip Recovery Sandals for Indoor & Outdoor Comfort",,3.4,$31.20,,,,,,https://www.amazon.com/MellowSoft-Cloud-Slides-CloudFoam-Cushioning/dp/B0H53FBMK7/ref=zg_bsnr_g_679425011_d_sccl_15/140-6911237-6589943?psc=1,"https://images-na.ssl-images-amazon.com/images/I/51DtA9ZHO4L._AC_UL600_SR600,400_.jpg",65,排名进入前30；标题包含 cloud、recovery、comfort、soft，符合美国女鞋舒适化趋势；cloud + slides组合趋势加分。
2026-08-13,amazon_us,product,search,platform sandals women,24,"Women's Platform Sandals, Cork Footbed Slides with Double Buckles",¥215.93,4.3,100+ bought in past month,,,,,,https://www.amazon.com/BiuYorBTY-Platform-Sandals-Footbed-Comfort/dp/B0DZ1P3782/ref=sr_1_13?dib=eyJ2IjoiMSJ9.o3FdTlUi3PheyYZBHWEQOLqoyQIC8OIT0T3DX7SLczYhnpOHkv9SLh4cxoLSh7YAtSNsg73eXewcMJfHJPDLwE_PxwrfDkIX3SGOprWzbs3T60lcbgtM38d7dK6JGysYsoJsV35BnOuzSMmJYUJmSBl75QALcK3ZL_f2y4EdBpqJ8GahynZ2dYjFcJWxmmEPufm57X-BH2WDcB8brd9vdHByetth_7aj7IHrtcufr6X_tQWiJYmABG2L9EwVMcWz3Fp6KYBXc5NVnwkTRyzLLbOxLiY0jm_ivHFMne0ksQk.bgl-gabY0QKnFX6ytqdnQWIJBhiRMA4q6nlWaDL0lrU&dib_tag=se&keywords=platform+sandals+women&qid=1786591564&sr=8-13,https://m.media-amazon.com/images/I/716g0SFJuTL._AC_UL320_.jpg,65,排名进入前30；评论数达到50以上；价格处于人民币等值¥180.00-¥288.00区间；标题包含 platform，符合美国女鞋舒适化趋势；评分达到4.3以上。
2026-08-13,amazon_us,product,best_sellers,Best Sellers Women Sandals,1,mazeskin Womens Memory Foam Flip Flops Flat Thong Sandals | Soft Vegan Leather Comfortable Cushioned Casual Dressy Beach Summer Minimalist Slim Slide Shoes Indoor Outdoor,,4.2,$9.99,,,,,,https://www.amazon.com/mazeskin-Womens-Comfortable-Sandals-Leather/dp/B0F32KMZ18/ref=zg_bs_g_679425011_d_sccl_1/130-2560457-7836624?psc=1,"https://images-na.ssl-images-amazon.com/images/I/71jV8GHPNSL._AC_UL600_SR600,400_.jpg",64,排名靠前；标题包含 comfort、soft、beach、summer，符合美国女鞋舒适化趋势；评分达到4.0以上。
2026-08-13,amazon_us,product,best_sellers,Best Sellers Women Sandals,3,CUSHIONAIRE Lane Cork Footbed Womens Sandals Comfortable Double Buckle Slip On Sandals for Women with Arch Support and Classic Two Strap Design,,4.5,$28.49,,,,,,https://www.amazon.com/CUSHIONAIRE-Womens-Slide-Sandals-Brown/dp/B075PBVR9N/ref=zg_bs_g_679425011_d_sccl_3/130-2560457-7836624?psc=1,"https://images-na.ssl-images-amazon.com/images/I/81suZ76XHpL._AC_UL600_SR600,400_.jpg",64,排名靠前；标题包含 comfort、arch support，符合美国女鞋舒适化趋势；评分达到4.3以上。
2026-08-13,amazon_us,product,best_sellers,Best Sellers Women Sandals,4,"Archies Arch Support Flip Flops for Men & Women – Orthotic Sandals for Plantar Fasciitis Relief – Lightweight, Cushioning, Shock-Absorbing Thong Sandals for Walking, Foot Pain & All-Day Comfort",,4.3,$40.00,,,,,,https://www.amazon.com/Archies-Womens-Arch-Support-Black/dp/B086SYFKLP/ref=zg_bs_g_679425011_d_sccl_4/130-2560457-7836624?psc=1,"https://images-na.ssl-images-amazon.com/images/I/81xintmVcHL._AC_UL600_SR600,400_.jpg",64,排名靠前；标题包含 comfort、arch support，符合美国女鞋舒适化趋势；评分达到4.3以上。
2026-08-13,amazon_us,product,best_sellers,Best Sellers Women Sandals,5,"shevalues Slim Basic Flip Flops for Women with Comfortable Yoga Mat | Lightweight Non Slip Rubber Sandals for Beach, Shower, Pool & Summer Casual Wear",,4.4,$8.54,,,,,,https://www.amazon.com/shevalues-Shower-Rubber-Sandals-Comfortable/dp/B0B68G2D52/ref=zg_bs_g_679425011_d_sccl_5/130-2560457-7836624?psc=1,"https://images-na.ssl-images-amazon.com/images/I/61b4HXgBWfL._AC_UL600_SR600,400_.jpg",64,排名靠前；标题包含 comfort、beach、summer，符合美国女鞋舒适化趋势；评分达到4.3以上。
2026-08-13,amazon_us,product,search,women summer slippers,5,Garonne,¥115.13,4.2,Garonne,,,,,,https://www.amazon.com/sspa/click?ie=UTF8&spc=MTo1NTA1NTQ5NTE1MzIzMTQ2OjE3ODY1OTE1NjM6c3BfYXRmOjMwMTA2MzM1NTg0NDMwMjo6MDo6&url=%2FGaronne-Slippers-Non-Slip-Bedroom-Outdoor%2Fdp%2FB0F37BTNB5%2Fref%3Dsr_1_2_sspa%3Fdib%3DeyJ2IjoiMSJ9.3B_wBrVg1UMy5tWehIloEqh3GcRQaYuBAiGuYjezoF910vaZZiwjsPuQ7mqpnKXT9aAvcre6scfsVhZvNblL5NKBMAnXLmVkQZ6TCI0y3KliaeA1Mjx3LymzbAdH_qoSpfH1MeCRmFOTyCgRnphnklZpVE7zpyTWWMq9kRFl1ApASPRXOQJSD83VKFHnkNosclvsXAzzWyVHg7wrMHgTAC_PxXqJfP3JCC0x3zgsngUVRxJ5JWuyAukVbiaYhb2LnF3NNqOUNAicWwWTCRqVPsCIFL9bO-rEl2LFixmonB0.IEtYwhqjNl_7rZgPT2ckn9fCWtZhbwpoFnsOKhJe5fE%26dib_tag%3Dse%26keywords%3Dwomen%2Bsummer%2Bslippers%26qid%3D1786591563%26sr%3D8-2-spons%26sp_csd%3Dd2lkZ2V0TmFtZT1zcF9hdGY%26psc%3D1,https://m.media-amazon.com/images/I/81JmkmTRcmL._AC_UL320_.jpg,64,排名靠前；价格处于人民币等值¥57.60-¥180.00黄金区间；评分达到4.0以上。
2026-08-13,amazon_us,product,search,women summer slippers,9,WHITIN,¥71.93,4.2,Products highlighted as 'Overall Pick' are:,,,,,,https://www.amazon.com/WHITIN-Slippers-Cushioned-Fashionable-Lightweight/dp/B0C1C17KH8/ref=sr_1_6?dib=eyJ2IjoiMSJ9.3B_wBrVg1UMy5tWehIloEqh3GcRQaYuBAiGuYjezoF910vaZZiwjsPuQ7mqpnKXT9aAvcre6scfsVhZvNblL5NKBMAnXLmVkQZ6TCI0y3KliaeA1Mjx3LymzbAdH_qoSpfH1MeCRmFOTyCgRnphnklZpVE7zpyTWWMq9kRFl1ApASPRXOQJSD83VKFHnkNosclvsXAzzWyVHg7wrMHgTAC_PxXqJfP3JCC0x3zgsngUVRxJ5JWuyAukVbiaYhb2LnF3NNqOUNAicWwWTCRqVPsCIFL9bO-rEl2LFixmonB0.IEtYwhqjNl_7rZgPT2ckn9fCWtZhbwpoFnsOKhJe5fE&dib_tag=se&keywords=women+summer+slippers&qid=1786591563&sr=8-6,https://m.media-amazon.com/images/I/71nA8egRirL._AC_UL320_.jpg,64,排名靠前；价格处于人民币等值¥57.60-¥180.00黄金区间；评分达到4.0以上。
2026-08-13,amazon_us,product,search,women summer slippers,10,"Tunmigame Women’s Fuzzy Cross Band Open Toe Slippers Indoor House Shoes | Memory Foam,Bedroom,Outdoor,Cozy,Anti-slip,Faux Fur,Comfy,Gifts,Bride,Bridesmaids Tunmigame Women’s Fuzzy Cross Band Open Toe Slippers Indoor House Shoes | Memory Foam,Bedroom,Outdoor,Coz…",¥158.33,4.2,4.2,,,,,,https://sponsored-ads.amazon.com/clk/?_encoding=UTF8&p=eAFVT0uL00AApi7qEuqDHlaotwo9FKbJpE3SVIIkmXRb6tY-F-0lTGYmDzZNspnUdHvo0YN4FP0_Xj148O6PEH-AYFfE7_TB9-IT6OnXn7--36s9MJeXUzQejV9LyJk3KrB15rMk2rkiiUjpbfco3w3pgN_0z1Q0244xgp61vqB7T9Js8nJSzquK3Ia61IZd2JbWdxaWd2o6y6EzHy1qT4T7lPGrIs1q1dVk7tivziejtYPqHyrCs1vF5QznJHQzlpM0xgVzoySOEuZ6hV8T8Abv06RN0k39KfcAiTHnEQHHDDg6QQYbd1nirhYthXugCNmGUUDSOGakiNIEvJXB7RggOKccZDhKCpYDkiYFS4qGKlSkx-8_vfvx7QuqP_zrPbY3HsmSJOmyqqmq1oMalE9WC9Q_sad2a1x7jizTzgYjoJkH6_qIwDxYs1RB-635Pw5WcLBmB8v8Q4J61Q6c3bnpBFfqismfK8LHSlgUGe-LYlmW7X_fxSATcSlS0ZIG84sOulwOX2TUzambxSHNjaIZcuyS3I2oITWvI2pAracqOlTUTpPnBgQQKFhRVNnXgU99CrpQgkD3dQqopmKs63qv25GbkYEz3sQ584036s2gY3dCOv0NGfixkw&v=c1&r=https%3A%2F%2Fwww.amazon.com%2Fgp%2Faw%2Fd%2FB0FRM3DVTH%3Fpd_rd_plhdr%3Dt%26hsa_cr_id%3D0%26qid%3D1786591563%26sr%3D1-1-5a5562f9-fdfd-4101-9f9d-d76aa9998432%26i%3Daps%26aref%3DY6yF3C3hdP&ref_=sbx__sbtcd2_asin_0_bkgd&pd_rd_w=lU8ol&content-id=amzn1.sym.90f77631-9599-4fe0-95f8-a40adfe1c762%3Aamzn1.sym.90f77631-9599-4fe0-95f8-a40adfe1c762&pf_rd_p=90f77631-9599-4fe0-95f8-a40adfe1c762&pf_rd_r=ZQ2MD8JBTBT1YSNCXFKS&pd_rd_wg=hiDyv&pd_rd_r=388ffdd9-f1e2-4dc5-b3bb-675a28043422,"https://m.media-amazon.com/images/I/71sFy+9o-sL._AC_SR322,134_CB1169409_QL70_.jpg",64,排名靠前；价格处于人民币等值¥57.60-¥180.00黄金区间；评分达到4.0以上。
2026-08-13,amazon_us,product,best_sellers,Best Sellers Women Sandals,11,"Joomra Pillow Slippers for Women and Men Thick Sole Ultra Cushion Slides | Cloud-Like Sole, Quick Drying Shower Shoes, Soft Open Toe Indoor Outdoor Sandals",,4.3,$23.99,,,,,,https://www.amazon.com/Joomra-Slippers-Massage-Bathroom-Platform/dp/B09652VJP1/ref=zg_bs_g_679425011_d_sccl_11/130-2560457-7836624?psc=1,"https://images-na.ssl-images-amazon.com/images/I/71pkhgTTRXL._AC_UL600_SR600,400_.jpg",63,排名进入前30；标题包含 cloud、soft，符合美国女鞋舒适化趋势；cloud + slides组合趋势加分；评分达到4.3以上。
2026-08-13,amazon_us,product,search,women summer slippers,13,"Tunmigame Memory Foam Fuzzy House Slippers for Women | Fluffy Slippers,Soft Indoor Outdoor House Shoes,Double Strap,Open Toe,Gifts for Women Tunmigame Memory Foam Fuzzy House Slippers for Women | Fluffy Slippers,Soft Indoor Outdoor House Shoe…",¥143.21,4.6,4.6,,,,,,https://sponsored-ads.amazon.com/clk/?_encoding=UTF8&p=eAFVT0uL00AApi6rS6gPetiFeqvQQ2GaTNokTSUsebVb6tY-tqK9hMnM5MGmSTYzNd0eevQgHkX_j1cPHrz7I8QfINgV8Tt98L34BHLy9eev7_drD82rV1NnPBq_lhx33qjA1mlA03jriTjGpb_ZOcX2ggzYbf9UdWabMXKgb60uyc6XNBu_mJTzqiK3oS61YRe2pdW9heWfmO7VhTsfLWpnwgNC2TXP8lp1OZm79svhZLRynfqHivDsTvEYRQWOvJwWOEsQp16cJnFKPZ8HNQGt0S5L2zhb158yH-AEMRZjcMiAgxPksHFMU2-5aCnMBzyia0oAzpKEYh5nKXgrg7sxgFFBGMhRnHJaAJylnKa8oQoV6cn7T-9-fPvi1B_99R7aG49lSZJ0WdVUVetBDcpHy4XTP7Kndmtce-5Ypp0PRkAz99bNAaG5t2aZ4uw25v_YW-Hemu0t8w8J61U7dLdD0w2v1SWVP1eEj5WI85z1RbEsy_a_72KYi6gUiWhJw4E2vBzOxuc58Qri5UlECoM3I4Y8XHgxMaTmTUwMqPVURYeK2mmywoCgCxSkKKoc6CAgAQFdKEGgBzoBRFMR0nW91-3IzdhAOWuiggbGG_V20LE7EZn-BhJDsYM&v=c1&r=https%3A%2F%2Fwww.amazon.com%2Fgp%2Faw%2Fd%2FB0GF7GMGQK%3Fpd_rd_plhdr%3Dt%26hsa_cr_id%3D0%26qid%3D1786591563%26sr%3D1-4-5a5562f9-fdfd-4101-9f9d-d76aa9998432%26i%3Daps%26aref%3DY6yF3C3hdP&ref_=sbx__sbtcd2_asin_3_bkgd&pd_rd_w=lU8ol&content-id=amzn1.sym.90f77631-9599-4fe0-95f8-a40adfe1c762%3Aamzn1.sym.90f77631-9599-4fe0-95f8-a40adfe1c762&pf_rd_p=90f77631-9599-4fe0-95f8-a40adfe1c762&pf_rd_r=ZQ2MD8JBTBT1YSNCXFKS&pd_rd_wg=hiDyv&pd_rd_r=388ffdd9-f1e2-4dc5-b3bb-675a28043422,"https://m.media-amazon.com/images/I/61D52mQxVSL._AC_SR322,134_CB1169409_QL70_.jpg",63,排名进入前30；价格处于人民币等值¥57.60-¥180.00黄金区间；标题包含 soft，符合美国女鞋舒适化趋势；评分达到4.6以上。
2026-08-13,amazon_us,product,search,women slides,43,"Men's and Women's Capybara Slides,Cute Capybara Slippers for Indoor Outdoor,Non Slip Quick Drying Shower Shoes,Comfort Cloud Slides Sandals",¥71.93,4.0,"Price, product page $9.99 $ 9 . 99 List: $16.99 List: $16.99 $16.99",,,,,,https://www.amazon.com/XUNBAI-Capybara-Slippers-Outdoor-Comfort/dp/B0GL1B5RRN/ref=sr_1_32?dib=eyJ2IjoiMSJ9.wrqHnvIFpzxZDCy1gVq3f0L_foJ7eCfF1K6HgQ1qAHLtJxkWDuf9uByv38J6B5A8orobvWMFtPsWMgoHdHYII5h4CQjEdF5qPzO1TOYA6p87mNSdQOH6FS1f-eD5Y5yvfGOe0bOVJux5PKspNJMI5ow_GRR8DHQczszIWg_V5YyUCEivSS-1s9KQDjiC7X-odFptvG5yv9N49xr98ZyDd2xN6rJgnJouRHRe5WB6xzKiICQHKpFOBJGHgGsMu4ltxVZNeV3ZeXKTPQXSMzJ2uMfGQw7k48_mF1f7rOZOVV4.JnFjfaV79JsHXdxAM6TRyqQ5D_a9d6X90Pu_uzsLqE8&dib_tag=se&keywords=women+slides&qid=1786591564&sr=8-32,https://m.media-amazon.com/images/I/61wFDL2ZcbL._AC_UL320_.jpg,63,排名进入前50；价格处于人民币等值¥57.60-¥180.00黄金区间；标题包含 cloud、comfort，符合美国女鞋舒适化趋势；cloud + slides组合趋势加分；评分达到4.0以上。
2026-08-13,amazon_us,product,search,platform sandals women,3,Sorel Women's Sunpeak Platform Sandal Sorel Women's Sunpeak Platform Sandal,¥936.00,4.3,,,,,,,https://aax-us-east-retail-direct.amazon.com/x/c/JK7-QLPYgQ2XWbez6L-jSLMAAAGf-SfSqwEAAAH2AQBvbm9fdHhuX2JpZDQgICBvbm9fdHhuX2ltcDIgICDundw7/clv1c_ek-wBXfWasTaBQtfqlqBJs2FRCSLD4wRRH7NBE2uE-L1Bti01MGQNESnn-mMc9ZeAfRn6wIknDFmDFU0ALPqetskq-FY2ZX1jXlsr7djyEpWk5f_PFL9X1dZIv1wupoBN3G-CTUfvgFQ5_4bRFwUfvrape28Flf-MsL53VuKHQcZWn0RopSeWgAET8MnlAnqNmD51Q7PFg7-oZTkZ0jGIfj-n109LmS32_qWvK4bOToq1Zi0ONaCuj_EWzIU95mBa-C3Vndtx11LRu9i2ztzUCJlW8n-x8xPqRU7IyX2Ou89QO7zhsgwoB47usQE6Q2kY1HgllXvTHCJND_aDVK6SVoL1mofkiYDR1NHGMQS6s-Ty1mInw-v00wBUakuGgelzvH1xpjIzAj_TtJtAA2EWxsdhE3lkMjYLoVYXguQGAEZPfluAggjQI8Sc91O4VVBMpiI-mX7ag1UlsrpcUKa3K-Yw_lNORKF8qoBXjvbvGl9dfgnnO7KV61helDOamMcci-CVL83z_pdKkcjAXCGPMxY9EzbOUwWJQ21dde_E6ALsDJYCjmAdAkm7vAaDzoHe63sIMOUgaZNUsl20YZl6oc-3C_AphUM0qcMabpa5zOFptbmrh_eElK4n8KnZ-vu8O7zo3yzhWhLng2L2HgGAMizO_xSgvZ1jAQvkfemnMti7bNgvhLi1U5WVpd6AetVqiGApcElUf7ScEP1yOpynhlWvcFzE4uYGEK_W9hEULKWAYGHRd0a27sPnKDZpfsFoso7oygfy4-ufP62Hu6dS9F8dhLbI-GqUiedAh5x1fDcq4QcUuyGMW3f66zGNCf4bfNnShpOFh2qt0HyuVw-OMsde8oPRrIfxZGCsQ14zm8NE-oMx-MUHOI8qO5wmC8at-_o-_QkiZCSKYIedAciPFZiyJ5OqnpwnRie_W1FTNoG0E6xmUT5HdDR-GG0tWWYMmKLBv6IdiEndxnyFccwZs_g18XejCjPuUiVa30hcdQSFkQTOqmi_4EBM1t_sNMMrkC-9C4n26pCIjwc9Gg7r_VY8TKOfJYVbfQb-2FInWiVuHzRJxnIppj0qOpcq63NRAblnkOnF6lVcWUEMG2_pgVU-pzA97Z5M-scf7DGgRq6eVeW2SAYqadWdcxmq2WdEWym1EFT_dyo0L32BOtBd_rsVShGs7RV2wJePtkMoSRSReXh__wa-VG-eDfZByM9RXRAFdWVhk5KhKO42bacSyDCRVLyqC-XGtPx5_vxQ0NopYWOea-jpPEzNVa7L3dil0gR9QBZZfXk5fBsuDqx8WgJ0YzhE97X1DKTdyKog_1p-FNz0_3hG5AcKSX8y_AarglHNl7lg5amEbBaXyos4VJ-gSFB-O1iiOziCpdmZ97blWuiKHP1SmBktYVieIGS_tRjI_NcsCUGWnoCWxdemr2Y_zU1r6v5cSwkdKcTxdmchLKnGgrG_1-__cZ7V9scXYIj1px1CMwyMvo9WV7yh_1FVMUj4_OuwXootK27R8P2gfzlxhmaB4tGacOWPn4luWgNw0RoD2uNXlexLA3tIUY2Nw-IfX7ILPWnXToFqsdvHhVS_86sM_2IUQCVGiwRhx_5W_NhHQ6sVtMnYR-g4dLEq08BApvSkDlf8V0M-gnE691v42sCpvaIi9W1qLXtzD_3CftHSRzZIOjjwwByvj6Mi88lYnjmAjlW8F2IIEQ/https://www.amazon.com/gp/aw/d/B0F8DF6JD8/?_encoding=UTF8&pd_rd_plhdr=t&aaxitk=b8fdff5d0a92fb43ad129171fd02a1a5&hsa_cr_id=0&qid=1786591564&sr=1-3-9e67e56a-6f64-441f-a281-df67fc737124&i=aps&aref=rDDkVfxPg8&ref_=sbx_s_sparkle_sbtcd_asin_2_bkgd&pd_rd_w=DzjL8&content-id=amzn1.sym.8de9b3d5-f5c5-40e9-9b39-d65f08d6ea68%3Aamzn1.sym.8de9b3d5-f5c5-40e9-9b39-d65f08d6ea68&pf_rd_p=8de9b3d5-f5c5-40e9-9b39-d65f08d6ea68&pf_rd_r=FDDRDEZZS96FZW2G2PBF&pd_rd_wg=XTflC&pd_rd_r=fe798180-d8bb-4a69-8ab2-d7fc4b16e365,"https://m.media-amazon.com/images/I/61jQ5aKvWfL._AC_SR160,134_CB1169409_QL70_.jpg",63,排名靠前；价格高于人民币等值¥288.00；标题包含 platform，符合美国女鞋舒适化趋势；评分达到4.3以上。
2026-08-13,amazon_us,product,best_sellers,Best Sellers Women Sandals,24,KuaiLu Flip Flops for Women with Arch Support Summer Beach Thong Sandals | Comfortable Walking Shoes Lightweight Soft Yoga Mat Cushion Floral Outfits Slip On Indoor Outdoor,,4.5,$13.99,,,,,,https://www.amazon.com/KuaiLu-Comfortable-Waterproof-Supportive-Flipflops/dp/B0CTML36SJ/ref=zg_bs_g_679425011_d_sccl_24/130-2560457-7836624?psc=1,"https://images-na.ssl-images-amazon.com/images/I/71FLg8v7ZyL._AC_UL600_SR600,400_.jpg",62,排名进入前30；标题包含 comfort、arch support、soft、beach、summer，符合美国女鞋舒适化趋势；评分达到4.3以上。
2026-08-13,amazon_us,product,search,women summer slippers,1,Chantomoo Slippers for Women Memory Foam House Bedroom Corduroy Bow Crossbands Slipper Shoes Comfy Trendy Gift Slippers Chantomoo Slippers for Women Memory Foam Hous…,¥215.93,4.4,,,,,,,https://aax-us-east-retail-direct.amazon.com/x/c/JFn616j2EfgBxFiTegdc4bMAAAGf-SfOVwEAAAH2AQBvbm9fdHhuX2JpZDMgICBvbm9fdHhuX2ltcDIgICCvAO0b/clv1c_ek-wBXfWLbTaXU6htplh_VZOmETDGPwVRba9VLj2lipjZDYEuEwWGCPlQQPAOL8foYPAgrHL-vUgGzpG9WZoqt4NccHiVs_c1xE9hLXejKw-DfErGnmGKvjr0PU0Z_c36sUNJIZOwp27kx7Q7xO-POOysnUcl1j-csSDXhdqzpQCQVt8XP9dascEawMVkAaFZaftc8nuVzfoFWb7LEXV4tq3RAkqFB_nwZw_CBCx_37Cq0DUBJt9Y8AsRI-dC-5GlqeeAvK3a03EbsACTkXiIqcUPa5TYSGAJbRKD0SvW0njGUTuXLY-qGVdEUc_BI0sevDLkNOIKqwlvUN92OALjbf5PGiwNYy3Heq1dIIvPeGlyldDcldyT_yWrkdsPqU4QWCg5Ic-yCSIj39P_qyUX0RjyoYFI1pg5yu9R9liMMp_oWKzAqDoWs-iAIuxJtfRyOqP4XM3oHzjS70f9BXYfoXv7cRyMwK6zmx1CoVaE01mxoYOBPOUvHNAhVkLP5qG5RMjDN73Dj3b0EdNgqbXfJ3USRLlCiYXqUR3bRnW9MXGkZEjDfOOIsiZbzKhZ2XLQ4-3KXnV32w9K_g6t8XFHz-wbA4-l9zBGpMfA-jjovN4OMFrH_UPtHGR2tTIbx9oWgcBu2FQpb9NLN807E8We-ZT_LReuQRhAz1Tp40fiEIVfFWw3FBgwzF7gok3Ez7AkN37PZcht-FRbKSMpuyVKDs_5pFPqUql1AKj_lRFQdBeMUcx-kcEdCLOZqQAM6LdZYew0uF4FlQk01MeEBc1TLSXj22xTowQk1EwICtc5mQKnVbgghudOv1cpmNtXIJAKktxo26GArC3Yjs8q34SmxVqr94_4Hln879PlI8icT4dvWbZDhQNbN1ckEAuiPdWsbBO-p2KXY4lzdYjoubDJWJ-w0dBhTUxU_0YJhpjYeOJHTAiVNmzpsWuFUMSOiHRBM2YWf58ScVrJcgWMy9cyY7jcFnaTNK-dL-WK4bV8-9BcjKVvntTP1kfSwEyFgHj1S891Zlv_HVN5Q1FHupLPjqvNzcDblJRXxxuu5m1fpBp-zweFj6EASXHL7nR75WhO1Mba9hjybyQBEwXFl1Kcuyxm742Kiqp6yPkgjeAPCPIa5e9K83pPB0hJCQVErBQmvg2onHx8wcV3WLCyw-gRJxJniLoaZzkBTWB2quBRs_RRlBaFnkkVPfv3-3gLZRYvDzvtWvNO4QWpPNEtv-R4nLnaXNGOIwlizDoT_a6PwiP7W2etMEJItdQvhc6o_NqQ73KfiXBq2YYdM1mVC7uXcG9EEeB1TPYB_oXvf7v__q6c34zRS32iXnPUgsntZUtjKbKkEMq5x0NlmS6PsAYi8x9uBHmUgodxoiuhrmlCd4wGKljIrxD5Ona_yZpLKhiRQqQoRrj8vU-OObhPpjKftzB7KMXoBEsy7UEY5bFBljNax3dpxW0eyxnMDYf-TeM8VzkkRJE20R8oWJffclRgylCxnBOI4wtBv2KSeOimYx-vE52DdmsDhuMHjnIZiB7lGvjt3HcKYCbOqLy_lODPComaEiQnQByIadaAcQljykAytNMG4iSqIKm3yQmUOIDSG6eqbWGdXF_wVbM0AN0YPvWceYCZhkviXoFGSjI-6VlsIoy9hx-AIbnFuZBsRPeNMf-yUeZUfjn15sWl8yU32XaAsE/https://www.amazon.com/gp/aw/d/B0C7H38YBT/?_encoding=UTF8&pd_rd_plhdr=t&aaxitk=e1dc8951dc6a869de52e94b8a9c6e0fe&hsa_cr_id=0&qid=1786591563&sr=1-1-a094db1c-5033-42c6-82a2-587d01f975e8&i=aps&aref=qwdxKUM9Cs&ref_=sbx_s_sparkle_sbtcd_asin_0_bkgd&pd_rd_w=EGGyo&content-id=amzn1.sym.c56732d8-bc10-437d-8fb9-e3f95a7a60c9%3Aamzn1.sym.c56732d8-bc10-437d-8fb9-e3f95a7a60c9&pf_rd_p=c56732d8-bc10-437d-8fb9-e3f95a7a60c9&pf_rd_r=ZQ2MD8JBTBT1YSNCXFKS&pd_rd_wg=IPXfX&pd_rd_r=5140d3e3-2115-430d-aecb-a3a4437c1fd1,"https://m.media-amazon.com/images/I/711Z9Ju3AqL._AC_SR160,134_CB1169409_QL70_.jpg",62,排名靠前；价格处于人民币等值¥180.00-¥288.00区间；评分达到4.3以上。
2026-08-13,amazon_us,product,search,women summer slippers,3,Chantomoo Slippers for Women Memory Foam House Bedroom Corduroy Bow Crossbands Slipper Shoes Comfy Trendy Gift Slippers Chantomoo Slippers for Women Memory Foam Hous…,¥287.93,4.4,,,,,,,https://aax-us-east-retail-direct.amazon.com/x/c/JFn616j2EfgBxFiTegdc4bMAAAGf-SfOVwEAAAH2AQBvbm9fdHhuX2JpZDMgICBvbm9fdHhuX2ltcDIgICCvAO0b/clv1c_ek-wBXfWLbTaXU6htplh_VZOmETDGPwVRba9VLj2lipjZDYEuEwWGCPlQQPAOL8foYPAgrHL-vUgGzpG9WZoqt4NccHiVs_c1xE9hLXejKw-DfErGnmGKvjr0PU0Z_c36sUNJIZOwp27kx7Q7xO-POOysnUcl1j-csSDXhdqzpQCQVt8XP9dascEawMVkAaFZaftc8nuVzfoFWb7LEXV4tq3RAkqFB_nwZw_CBCx_37Cq0DUBJt9Y8AsRI-dC-5GlqeeAvK3a03EbsACTkXiIqcUPa5TYSGAJbRKD0SvW0njGUTuXLY-qGVdEUc_BI0sevDLkNOIKqwlvUN92OALjbf5PGiwNYy3Heq1dIIvPeGlyldDcldyT_yWrkdsPqU4QWCg5Ic-yCSIj39P_qyUX0RjyoYFI1pg5yu9R9liMMp_oWKzAqDoWs-iAIuxJtfRyOqP4XM3oHzjS70f9BXYfoXv7cRyMwK6zmx1CoVaE01mxoYOBPOUvHNAhVkLP5qG5RMjDN73Dj3b0EdNgqbXfJ3USRLlCiYXqUR3bRnW9MXGkZEjDfOOIsiZbzKhZ2XLQ4-3KXnV32w9K_g6t8XFHz-wbA4-l9zBGpMfA-jjovN4OMFrH_UPtHGR2tTIbx9oWgcBu2FQpb9NLN807E8We-ZT_LReuQRhAz1Tp40fiEIVfFWw3FBgwzF7gok3Ez7AkN37PZcht-FRbKSMpuyVKDs_5pFPqUql1AKj_lRFQdBeMUcx-kcEdCLOZqQAM6LdZYew0uF4FlQk01MeEBc1TLSXj22xTowQk1EwICtc5mQKnVbgghudOv1cpmNtXIJAKktxo26GArC3Yjs8q34SmxVqr94_4Hln879PlI8icT4dvWbZDhQNbN1ckEAuiPdWsbBO-p2KXY4lzdYjoubDJWJ-w0dBhTUxU_0YJhpjYeOJHTAiVNmzpsWuFUMSOiHRBM2YWf58ScVrJcgWMy9cyY7jcFnaTNK-dL-WK4bV8-9BcjKVvntTP1kfSwEyFgHj1S891Zlv_HVN5Q1FHupLPjqvNzcDblJRXxxuu5m1fpBp-zweFj6EASXHL7nR75WhO1Mba9hjybyQBEwXFl1Kcuyxm742Kiqp6yPkgjeAPCPIa5e9K83pPB0hJCQVErBQmvg2onHx8wcV3WLCyw-gRJxJniLoaZzkBTWB2quBRs_RRlBaFnkkVPfv3-3gLZRYvDzvtWvNO4QWpPNEtv-R4nLnaXNGOIwlizDoT_a6PwiP7W2etMEJItdQvhc6o_NqQ73KfiXBq2YYdM1mVC7uXcG9EEeB1TPYB_oXvf7v__q6c34zRS32iXnPUgsntZUtjKbKkEMq5x0NlmS6PsAYi8x9uBHmUgodxoiuhrmlCd4wGKljIrxD5Ona_yZpLKhiRQqQoRrj8vU-OObhPpjKftzB7KMXoBEsy7UEY5bFBljNax3dpxW0eyxnMDYf-TeM8VzkkRJE20R8oWJffclRgylCxnBOI4wtBv2KSeOimYx-vE52DdmsDhuMHjnIZiB7lGvjt3HcKYCbOqLy_lODPComaEiQnQByIadaAcQljykAytNMG4iSqIKm3yQmUOIDSG6eqbWGdXF_wVbM0AN0YPvWceYCZhkviXoFGSjI-6VlsIoy9hx-AIbnFuZBsRPeNMf-yUeZUfjn15sWl8yU32XaAsE/https://www.amazon.com/gp/aw/d/B0FRZFL2QW/?_encoding=UTF8&pd_rd_plhdr=t&aaxitk=e1dc8951dc6a869de52e94b8a9c6e0fe&hsa_cr_id=0&qid=1786591563&sr=1-3-a094db1c-5033-42c6-82a2-587d01f975e8&i=aps&aref=qwdxKUM9Cs&ref_=sbx_s_sparkle_sbtcd_asin_2_bkgd&pd_rd_w=EGGyo&content-id=amzn1.sym.c56732d8-bc10-437d-8fb9-e3f95a7a60c9%3Aamzn1.sym.c56732d8-bc10-437d-8fb9-e3f95a7a60c9&pf_rd_p=c56732d8-bc10-437d-8fb9-e3f95a7a60c9&pf_rd_r=ZQ2MD8JBTBT1YSNCXFKS&pd_rd_wg=IPXfX&pd_rd_r=5140d3e3-2115-430d-aecb-a3a4437c1fd1,"https://m.media-amazon.com/images/I/71Ku9McB09L._AC_SR160,134_CB1169409_QL70_.jpg",62,排名靠前；价格处于人民币等值¥180.00-¥288.00区间；评分达到4.3以上。
2026-08-13,amazon_us,product,search,women summer slippers,6,Jerzmy,¥187.13,4.4,Jerzmy,,,,,,https://www.amazon.com/sspa/click?ie=UTF8&spc=MTo1NTA1NTQ5NTE1MzIzMTQ2OjE3ODY1OTE1NjM6c3BfYXRmOjMwMTM4ODY0MzY0MTYwMjo6MDo6&url=%2FWomens-Slip-House-Slippers-Support%2Fdp%2FB0GYVVYQLS%2Fref%3Dsr_1_3_sspa%3Fdib%3DeyJ2IjoiMSJ9.3B_wBrVg1UMy5tWehIloEqh3GcRQaYuBAiGuYjezoF910vaZZiwjsPuQ7mqpnKXT9aAvcre6scfsVhZvNblL5NKBMAnXLmVkQZ6TCI0y3KliaeA1Mjx3LymzbAdH_qoSpfH1MeCRmFOTyCgRnphnklZpVE7zpyTWWMq9kRFl1ApASPRXOQJSD83VKFHnkNosclvsXAzzWyVHg7wrMHgTAC_PxXqJfP3JCC0x3zgsngUVRxJ5JWuyAukVbiaYhb2LnF3NNqOUNAicWwWTCRqVPsCIFL9bO-rEl2LFixmonB0.IEtYwhqjNl_7rZgPT2ckn9fCWtZhbwpoFnsOKhJe5fE%26dib_tag%3Dse%26keywords%3Dwomen%2Bsummer%2Bslippers%26qid%3D1786591563%26sr%3D8-3-spons%26sp_csd%3Dd2lkZ2V0TmFtZT1zcF9hdGY%26psc%3D1,https://m.media-amazon.com/images/I/81sz1fUYeyL._AC_UL320_.jpg,62,排名靠前；价格处于人民币等值¥180.00-¥288.00区间；评分达到4.3以上。
2026-08-13,amazon_us,product,search,platform sandals women,5,DREAM PAIRS,¥273.53,4.4,DREAM PAIRS,,,,,,https://www.amazon.com/DREAM-PAIRS-Adjustable-Lightweight-Waterproof/dp/B0G1RBS19X/ref=sr_1_2?dib=eyJ2IjoiMSJ9.o3FdTlUi3PheyYZBHWEQOLqoyQIC8OIT0T3DX7SLczYhnpOHkv9SLh4cxoLSh7YAtSNsg73eXewcMJfHJPDLwE_PxwrfDkIX3SGOprWzbs3T60lcbgtM38d7dK6JGysYsoJsV35BnOuzSMmJYUJmSBl75QALcK3ZL_f2y4EdBpqJ8GahynZ2dYjFcJWxmmEPufm57X-BH2WDcB8brd9vdHByetth_7aj7IHrtcufr6X_tQWiJYmABG2L9EwVMcWz3Fp6KYBXc5NVnwkTRyzLLbOxLiY0jm_ivHFMne0ksQk.bgl-gabY0QKnFX6ytqdnQWIJBhiRMA4q6nlWaDL0lrU&dib_tag=se&keywords=platform+sandals+women&qid=1786591564&sr=8-2,https://m.media-amazon.com/images/I/61VKPpZxLML._AC_UL320_.jpg,62,排名靠前；价格处于人民币等值¥180.00-¥288.00区间；评分达到4.3以上。
2026-08-13,amazon_us,product,new_releases,New Releases Women Sandals,10,RJYLP Jelly Sandals for Women Clear Sandals Jelly Shoes Women Kitten Heel Mules Open Toe Slide Pumps Dress Shoes Beach Summer Sandal Cute Comfortable,,4.2,$49.99,,,,,,https://www.amazon.com/RJYLP-Sandals-Kitten-Summer-Comfortable/dp/B0H3NBYHJS/ref=zg_bsnr_g_679425011_d_sccl_10/140-6911237-6589943?psc=1,"https://images-na.ssl-images-amazon.com/images/I/61SdeC7gxAL._AC_UL600_SR600,400_.jpg",61,排名靠前；标题包含 comfort、beach、summer，符合美国女鞋舒适化趋势；评分达到4.0以上。
2026-08-13,amazon_us,product,best_sellers,Best Sellers Women Sandals,16,ONCAI Women's Flip Flops Comfortable Arch Support Yoga Mat Summer Beach Walking Thong Cushion Sandals Ladies Outdoor Vacation Essentials Slide Shoes Rubber Soles US Size 5-11,,4.3,$13.98,,,,,,https://www.amazon.com/ONCAI-Support-Athletic-Orthotic-Fasciitis/dp/B0D2292JM9/ref=zg_bs_g_679425011_d_sccl_16/130-2560457-7836624?psc=1,"https://images-na.ssl-images-amazon.com/images/I/71iVIX1IyIL._AC_UL600_SR600,400_.jpg",60,排名进入前30；标题包含 comfort、arch support、beach、summer，符合美国女鞋舒适化趋势；评分达到4.3以上。
2026-08-13,amazon_us,product,new_releases,New Releases Women Sandals,5,Project Cloud Square Toe Flip Flops For Women-Sandals Women(DEDICATION) | Womens Flip Flop with Memory Foam Insole Beach Essentials Womens Sandals-Thong Sandals Women Footwear-Square Toe Sandals,,4.0,$26.90,,,,,,https://www.amazon.com/Project-Cloud-Square-Women-Sandals-DEDICATION/dp/B0GY5Y8N35/ref=zg_bsnr_g_679425011_d_sccl_5/140-6911237-6589943?psc=1,"https://images-na.ssl-images-amazon.com/images/I/71nllf30glL._AC_UL600_SR600,400_.jpg",60,排名靠前；标题包含 cloud、beach，符合美国女鞋舒适化趋势；评分达到4.0以上。
2026-08-13,amazon_us,product,new_releases,New Releases Women Sandals,24,"FITORY Flip Flops for Women Men Summer Thong Sandals Arch Support Shower | Slip on, Rubber, Beach, Pool, Comfortable, Cushion, Waterproof, EVA, Unisex",,4.3,$9.99,,,,,,https://www.amazon.com/FITORY-Flops-Summer-Support-Shower/dp/B0GZZK1C98/ref=zg_bsnr_g_679425011_d_sccl_24/140-6911237-6589943?psc=1,"https://images-na.ssl-images-amazon.com/images/I/51lPFR4H9aL._AC_UL600_SR600,400_.jpg",60,排名进入前30；标题包含 comfort、arch support、beach、summer，符合美国女鞋舒适化趋势；评分达到4.3以上。
2026-08-13,amazon_us,product,search,women summer slippers,16,"Cloth Slippers Linen Slippers - Breathable, Anti-Slip, Easy to Clean - Summer Silent Slippers for Women and Men",¥64.73,4.3,"Price, product page $8.99 $ 8 . 99",,,,,,https://www.amazon.com/VIDSID-Linen-Slippers-Breathable-Anti-Slip/dp/B0D4DNFVWP/ref=sr_1_8?dib=eyJ2IjoiMSJ9.3B_wBrVg1UMy5tWehIloEqh3GcRQaYuBAiGuYjezoF910vaZZiwjsPuQ7mqpnKXT9aAvcre6scfsVhZvNblL5NKBMAnXLmVkQZ6TCI0y3KliaeA1Mjx3LymzbAdH_qoSpfH1MeCRmFOTyCgRnphnklZpVE7zpyTWWMq9kRFl1ApASPRXOQJSD83VKFHnkNosclvsXAzzWyVHg7wrMHgTAC_PxXqJfP3JCC0x3zgsngUVRxJ5JWuyAukVbiaYhb2LnF3NNqOUNAicWwWTCRqVPsCIFL9bO-rEl2LFixmonB0.IEtYwhqjNl_7rZgPT2ckn9fCWtZhbwpoFnsOKhJe5fE&dib_tag=se&keywords=women+summer+slippers&qid=1786591563&sr=8-8,https://m.media-amazon.com/images/I/81CG5b2e3QL._AC_UL320_.jpg,60,排名进入前30；价格处于人民币等值¥57.60-¥180.00黄金区间；标题包含 summer，符合美国女鞋舒适化趋势；评分达到4.3以上。
2026-08-13,amazon_us,product,search,women summer slippers,23,GOEWY,¥71.93,4.6,GOEWY,,,,,,https://www.amazon.com/GOEWY-Slippers-Outdoor-Slipper-Bridesmaid/dp/B0DT12FRRT/ref=sr_1_15?dib=eyJ2IjoiMSJ9.3B_wBrVg1UMy5tWehIloEqh3GcRQaYuBAiGuYjezoF910vaZZiwjsPuQ7mqpnKXT9aAvcre6scfsVhZvNblL5NKBMAnXLmVkQZ6TCI0y3KliaeA1Mjx3LymzbAdH_qoSpfH1MeCRmFOTyCgRnphnklZpVE7zpyTWWMq9kRFl1ApASPRXOQJSD83VKFHnkNosclvsXAzzWyVHg7wrMHgTAC_PxXqJfP3JCC0x3zgsngUVRxJ5JWuyAukVbiaYhb2LnF3NNqOUNAicWwWTCRqVPsCIFL9bO-rEl2LFixmonB0.IEtYwhqjNl_7rZgPT2ckn9fCWtZhbwpoFnsOKhJe5fE&dib_tag=se&keywords=women+summer+slippers&qid=1786591563&sr=8-15,https://m.media-amazon.com/images/I/612fmVMoiKL._AC_UL320_.jpg,60,排名进入前30；价格处于人民币等值¥57.60-¥180.00黄金区间；评分达到4.6以上。
2026-08-13,amazon_us,product,search,women slides,29,Litfun,¥158.26,4.6,Litfun,,,,,,https://www.amazon.com/Litfun-Womens-Footbed-Sandals-Adjustable/dp/B0DZ6MG247/ref=sr_1_18?dib=eyJ2IjoiMSJ9.wrqHnvIFpzxZDCy1gVq3f0L_foJ7eCfF1K6HgQ1qAHLtJxkWDuf9uByv38J6B5A8orobvWMFtPsWMgoHdHYII5h4CQjEdF5qPzO1TOYA6p87mNSdQOH6FS1f-eD5Y5yvfGOe0bOVJux5PKspNJMI5ow_GRR8DHQczszIWg_V5YyUCEivSS-1s9KQDjiC7X-odFptvG5yv9N49xr98ZyDd2xN6rJgnJouRHRe5WB6xzKiICQHKpFOBJGHgGsMu4ltxVZNeV3ZeXKTPQXSMzJ2uMfGQw7k48_mF1f7rOZOVV4.JnFjfaV79JsHXdxAM6TRyqQ5D_a9d6X90Pu_uzsLqE8&dib_tag=se&keywords=women+slides&qid=1786591564&sr=8-18,https://m.media-amazon.com/images/I/81XXLyFZLVL._AC_UL320_.jpg,60,排名进入前30；价格处于人民币等值¥57.60-¥180.00黄金区间；评分达到4.6以上。
2026-08-13,amazon_us,product,best_sellers,Best Sellers Women Sandals,17,OOFOS OOriginal Recovery Sandal - Women’s and Men’s,,4.6,$59.95,,,,,,https://www.amazon.com/OOFOS-Unisex-Original-Thong-Black/dp/B00D1A5PH4/ref=zg_bs_g_679425011_d_sccl_17/130-2560457-7836624?psc=1,"https://images-na.ssl-images-amazon.com/images/I/51qiZpHX64L._AC_UL600_SR600,400_.jpg",58,排名进入前30；评论数达到50以上；标题包含 recovery，符合美国女鞋舒适化趋势；评分达到4.6以上。
2026-08-13,amazon_us,product,new_releases,New Releases Women Sandals,8,adidas Unisex-Adult Adilette Comfort 2.0 Slide Sandal,,4.4,$30.00,,,,,,https://www.amazon.com/adidas-Unisex-Adilette-Comfort-Sandal/dp/B0F2B84XX9/ref=zg_bsnr_g_679425011_d_sccl_8/140-6911237-6589943?psc=1,"https://images-na.ssl-images-amazon.com/images/I/51qn7G+PVyL._AC_UL600_SR600,400_.jpg",58,排名靠前；标题包含 comfort，符合美国女鞋舒适化趋势；评分达到4.3以上。
2026-08-13,amazon_us,product,search,platform sandals women,2,"Sorel Women's Sunpeak Wedge Ankle Strap, Iced Tea/Snow, 7.5 Regular | Casual Sandals Sorel Women's Sunpeak Wedge Ankle Strap, Iced Tea…",¥810.00,4.5,,,,,,,https://aax-us-east-retail-direct.amazon.com/x/c/JK7-QLPYgQ2XWbez6L-jSLMAAAGf-SfSqwEAAAH2AQBvbm9fdHhuX2JpZDQgICBvbm9fdHhuX2ltcDIgICDundw7/clv1c_ek-wBXfWasTaBQtfqlqBJs2FRCSLD4wRRH7NBE2uE-L1Bti01MGQNESnn-mMc9ZeAfRn6wIknDFmDFU0ALPqetskq-FY2ZX1jXlsr7djyEpWk5f_PFL9X1dZIv1wupoBN3G-CTUfvgFQ5_4bRFwUfvrape28Flf-MsL53VuKHQcZWn0RopSeWgAET8MnlAnqNmD51Q7PFg7-oZTkZ0jGIfj-n109LmS32_qWvK4bOToq1Zi0ONaCuj_EWzIU95mBa-C3Vndtx11LRu9i2ztzUCJlW8n-x8xPqRU7IyX2Ou89QO7zhsgwoB47usQE6Q2kY1HgllXvTHCJND_aDVK6SVoL1mofkiYDR1NHGMQS6s-Ty1mInw-v00wBUakuGgelzvH1xpjIzAj_TtJtAA2EWxsdhE3lkMjYLoVYXguQGAEZPfluAggjQI8Sc91O4VVBMpiI-mX7ag1UlsrpcUKa3K-Yw_lNORKF8qoBXjvbvGl9dfgnnO7KV61helDOamMcci-CVL83z_pdKkcjAXCGPMxY9EzbOUwWJQ21dde_E6ALsDJYCjmAdAkm7vAaDzoHe63sIMOUgaZNUsl20YZl6oc-3C_AphUM0qcMabpa5zOFptbmrh_eElK4n8KnZ-vu8O7zo3yzhWhLng2L2HgGAMizO_xSgvZ1jAQvkfemnMti7bNgvhLi1U5WVpd6AetVqiGApcElUf7ScEP1yOpynhlWvcFzE4uYGEK_W9hEULKWAYGHRd0a27sPnKDZpfsFoso7oygfy4-ufP62Hu6dS9F8dhLbI-GqUiedAh5x1fDcq4QcUuyGMW3f66zGNCf4bfNnShpOFh2qt0HyuVw-OMsde8oPRrIfxZGCsQ14zm8NE-oMx-MUHOI8qO5wmC8at-_o-_QkiZCSKYIedAciPFZiyJ5OqnpwnRie_W1FTNoG0E6xmUT5HdDR-GG0tWWYMmKLBv6IdiEndxnyFccwZs_g18XejCjPuUiVa30hcdQSFkQTOqmi_4EBM1t_sNMMrkC-9C4n26pCIjwc9Gg7r_VY8TKOfJYVbfQb-2FInWiVuHzRJxnIppj0qOpcq63NRAblnkOnF6lVcWUEMG2_pgVU-pzA97Z5M-scf7DGgRq6eVeW2SAYqadWdcxmq2WdEWym1EFT_dyo0L32BOtBd_rsVShGs7RV2wJePtkMoSRSReXh__wa-VG-eDfZByM9RXRAFdWVhk5KhKO42bacSyDCRVLyqC-XGtPx5_vxQ0NopYWOea-jpPEzNVa7L3dil0gR9QBZZfXk5fBsuDqx8WgJ0YzhE97X1DKTdyKog_1p-FNz0_3hG5AcKSX8y_AarglHNl7lg5amEbBaXyos4VJ-gSFB-O1iiOziCpdmZ97blWuiKHP1SmBktYVieIGS_tRjI_NcsCUGWnoCWxdemr2Y_zU1r6v5cSwkdKcTxdmchLKnGgrG_1-__cZ7V9scXYIj1px1CMwyMvo9WV7yh_1FVMUj4_OuwXootK27R8P2gfzlxhmaB4tGacOWPn4luWgNw0RoD2uNXlexLA3tIUY2Nw-IfX7ILPWnXToFqsdvHhVS_86sM_2IUQCVGiwRhx_5W_NhHQ6sVtMnYR-g4dLEq08BApvSkDlf8V0M-gnE691v42sCpvaIi9W1qLXtzD_3CftHSRzZIOjjwwByvj6Mi88lYnjmAjlW8F2IIEQ/https://www.amazon.com/gp/aw/d/B0F8D6PCQL/?_encoding=UTF8&pd_rd_plhdr=t&aaxitk=b8fdff5d0a92fb43ad129171fd02a1a5&hsa_cr_id=0&qid=1786591564&sr=1-2-9e67e56a-6f64-441f-a281-df67fc737124&i=aps&aref=rDDkVfxPg8&ref_=sbx_s_sparkle_sbtcd_asin_1_bkgd&pd_rd_w=DzjL8&content-id=amzn1.sym.8de9b3d5-f5c5-40e9-9b39-d65f08d6ea68%3Aamzn1.sym.8de9b3d5-f5c5-40e9-9b39-d65f08d6ea68&pf_rd_p=8de9b3d5-f5c5-40e9-9b39-d65f08d6ea68&pf_rd_r=FDDRDEZZS96FZW2G2PBF&pd_rd_wg=XTflC&pd_rd_r=fe798180-d8bb-4a69-8ab2-d7fc4b16e365,"https://m.media-amazon.com/images/I/71-mn-Y6B1L._AC_SR160,134_CB1169409_QL70_.jpg",58,排名靠前；价格高于人民币等值¥288.00；标题包含 wedge，符合美国女鞋舒适化趋势；评分达到4.3以上。
2026-08-13,amazon_us,product,best_sellers,Best Sellers Women Sandals,13,"ODOLY Unisex Comfortable Cork Footbed Slide Sandals with Arch Support | Adjustable Buckle, Lightweight Summer Sandals for Travel and Everyday Wear",,4.5,$19.99,,,,,,https://www.amazon.com/ODOLY-Footbed-Comfortable-Sandals-Adjustable/dp/B0CSMN1X4W/ref=zg_bs_g_679425011_d_sccl_13/130-2560457-7836624?psc=1,"https://images-na.ssl-images-amazon.com/images/I/61iYsM+H9QL._AC_UL600_SR600,400_.jpg",57,排名进入前30；标题包含 comfort、arch support、summer，符合美国女鞋舒适化趋势；评分达到4.3以上。
2026-08-13,amazon_us,product,best_sellers,Best Sellers Women Sandals,25,KuaiLu Flip Flops for Women with Arch Support Summer Beach Thong Sandals | Comfortable Yoga Mat Cushion Walking Shoes Slip on Casual Outfits Faux Leather Indoor Outdoor,,4.2,$13.99,,,,,,https://www.amazon.com/KuaiLu-Support-Comfortable-Cushion-Walking/dp/B08GKGCH2R/ref=zg_bs_g_679425011_d_sccl_25/130-2560457-7836624?psc=1,"https://images-na.ssl-images-amazon.com/images/I/81-DUybjK+L._AC_UL600_SR600,400_.jpg",57,排名进入前30；标题包含 comfort、arch support、beach、summer，符合美国女鞋舒适化趋势；评分达到4.0以上。
2026-08-13,amazon_us,product,best_sellers,Best Sellers Women Sandals,30,"UBFEN Womens Hiking Sandals with Comfortable Arch Support | Lightweight, Adjustable Straps, Water Sandals for All-Day Wear, Beach, Vacation, Camping, Walking, Sport",,4.5,$39.97,,,,,,https://www.amazon.com/UBFEN-Sandals-Adjustable-Support-Vacation/dp/B0DQ7YQ2MD/ref=zg_bs_g_679425011_d_sccl_30/130-2560457-7836624?psc=1,"https://images-na.ssl-images-amazon.com/images/I/71kBI1vUNtL._AC_UL600_SR600,400_.jpg",57,排名进入前30；标题包含 comfort、arch support、beach，符合美国女鞋舒适化趋势；评分达到4.3以上。
2026-08-13,amazon_us,product,new_releases,New Releases Women Sandals,11,Uniwill Shower Shoes Women Non-Slip Quick Dry Flip Flop Sandals | Comfortable Arch Support for Public Shower Bathroom Pool Beach Quick Dry with Drain Holes,,4.5,$12.89,,,,,,https://www.amazon.com/Uniwill-Shower-Shoes-Non-Slip-Sandals/dp/B0GY4471BY/ref=zg_bsnr_g_679425011_d_sccl_11/140-6911237-6589943?psc=1,"https://images-na.ssl-images-amazon.com/images/I/71SL6HBtLiL._AC_UL600_SR600,400_.jpg",57,排名进入前30；标题包含 comfort、arch support、beach，符合美国女鞋舒适化趋势；评分达到4.3以上。
2026-08-13,amazon_us,product,new_releases,New Releases Women Sandals,12,"ZURIN Women Shower Shoes Quick Dry Flip Flops, Pool Flip Flops for Women | Comfortable, Arch Support, Drainage Holes, Non Slip, for Beach Bath Gym College Dorm",,4.5,$11.99,,,,,,https://www.amazon.com/ZURIN-Support%EF%BC%8CPool-Drainage-Sandals-Slippers/dp/B0GZVLD24B/ref=zg_bsnr_g_679425011_d_sccl_12/140-6911237-6589943?psc=1,"https://images-na.ssl-images-amazon.com/images/I/71mdYp+i5oL._AC_UL600_SR600,400_.jpg",57,排名进入前30；标题包含 comfort、arch support、beach，符合美国女鞋舒适化趋势；评分达到4.3以上。
2026-08-13,amazon_us,product,new_releases,New Releases Women Sandals,14,Project Cloud 100% Genuine Leather Block Heeled Sandals for Women(Opal) | Sandals Women Footwear-Memory Foam Insole & Non-Slip Womens Sandals Block Heels For Women-Womens Slides & Women's Sandals,,4.0,$49.90,,,,,,https://www.amazon.com/Project-Cloud-Genuine-Leather-Sandals/dp/B0GYFZJR99/ref=zg_bsnr_g_679425011_d_sccl_14/140-6911237-6589943?psc=1,"https://images-na.ssl-images-amazon.com/images/I/81mSAaUxMtL._AC_UL600_SR600,400_.jpg",57,排名进入前30；标题包含 cloud，符合美国女鞋舒适化趋势；cloud + slides组合趋势加分；评分达到4.0以上。
2026-08-13,amazon_us,product,search,women summer slippers,11,"Tunmigame Slippers for Women Cross Band Bow Memory Foam House Slippers | Open Toe,Slides Sandals,Non-slip,House Shoes,Bedroom,Indoor Outdoor,pantuflas para mujer Tunmigame Slippers for Women Cross Band Bow Memory Foam House Slippers | Open Toe,Slides Sandals,N…",¥86.33,4.4,4.4,,,,,,https://sponsored-ads.amazon.com/clk/?_encoding=UTF8&p=eAFVT0uL00AApi7qEuqDHlaotwo9FKaZSZukqQTJq91SrX0ubi9hMjN5sGmSzaSm20OPHsSj6P_x6sGDd3-E-AMEuyJ-pw--F59AT7_-_PX9Xu2BsbyY2uPR-A20nXmjglpnPkuinSuSiJTedm_nu3M64Df9M8WebcfYRp65fkX3HlQt8nJSzquy1EYabKMuasP1nYXpnRrO8tyZjxa1J8J9yvhVkWa16moyd6zXw8lo7dj1DxXh2a3icoZzEroZy0ka44K5URJHCXO9wq8JeIP3adIm6ab-lHuAxJjziIBjBhydIEONuyxxV4uWzD1QhGzDKCBpHDNSRGkC3krgdgwQnFMOMhwlBcsBSZOCJUVDESrw8ftP7358-2LXH_71HtsbjyQIoSYpqqKoPaQi6WS1sPsn1tRqjWvPbdOwssEIqMbBvD4iMA7mLJXt_db4HwczOJizg2n8IUG9agXObmg4wZWyYtLnivCxEhZFxvuiWJZl-993MchEXIpUNOFwoF5eaIvli4y6OXWzOKS5XjRDjl2SuxHVYfM6ojpSe4qsIVnpNHmuIyABGcuyIvka8KlPQRdBBDRfo4CqCsaapvW6HakZ6TjjTZwzX79UbgYdqxPS6W8cNLGZ&v=c1&r=https%3A%2F%2Fwww.amazon.com%2Fgp%2Faw%2Fd%2FB0GF7YV9ST%3Fpd_rd_plhdr%3Dt%26hsa_cr_id%3D0%26qid%3D1786591563%26sr%3D1-2-5a5562f9-fdfd-4101-9f9d-d76aa9998432%26i%3Daps%26aref%3DY6yF3C3hdP&ref_=sbx__sbtcd2_asin_1_bkgd&pd_rd_w=lU8ol&content-id=amzn1.sym.90f77631-9599-4fe0-95f8-a40adfe1c762%3Aamzn1.sym.90f77631-9599-4fe0-95f8-a40adfe1c762&pf_rd_p=90f77631-9599-4fe0-95f8-a40adfe1c762&pf_rd_r=ZQ2MD8JBTBT1YSNCXFKS&pd_rd_wg=hiDyv&pd_rd_r=388ffdd9-f1e2-4dc5-b3bb-675a28043422,"https://m.media-amazon.com/images/I/71Xzskcx8VL._AC_SR322,134_CB1169409_QL70_.jpg",57,排名进入前30；价格处于人民币等值¥57.60-¥180.00黄金区间；评分达到4.3以上。
2026-08-13,amazon_us,product,search,women summer slippers,12,"Tunmigame Open Toe Bedroom House Slippers for Women | Memory Foam,Corduroy, Indoor Outdoor, Slip-on，Bedroom，Soft,pantuflas para mujer，Gifts，Cooling Tunmigame Open Toe Bedroom House Slippers for Women | Memory Foam,Corduroy, Indoor Out…",¥122.33,4.2,4.2,,,,,,https://sponsored-ads.amazon.com/clk/?_encoding=UTF8&p=eAFVT0uL00AApi7qEuqDHnah3ir0UJgmkzZJUwmSZNJuqdY-Ze0lTGYmDzZNspnUdHvo0YN4FP0_Xj148O6PEH-AYFfE7_TB9-IT6OnXn7--36s9MJevp2g8Gl9KyJk3KrB15rMk2rkiiUjpbfco313QAb_pn6loth1jBD1r_ZLuPUmzyYtJOa8qchvqUht2YVta31lY3qnpLC-c-WhROxfuU8avijSrVVeTuWO_Gk5GawfVP1SEp7eKyxnOSehmLCdpjAvmRkkcJcz1Cr8m4A3ep0mbpJv6E-4BEmPOIwKOGXB0ggw27rLEXS1aCvdAEbINo4CkccxIEaUJeCuD2zFAcE45yHCUFCwHJE0KlhQNVahIj99_evfj2xdUf_jXe2xvPJIlSdJlVVNVrQc1KJ-sFqh_Yk_t1rj2DFmmnQ1GQDMP1vURgXmwZqmC9lvzfxys4GDNDpb5hwT1qh04u6HpBFfqismfK8LHSlgUGe-LYlmW7X_fxSATcSlS0ZKG6HK6RNPF84y6OXWzOKS5UTRDjl2SuxE1pOZ1RA2o9VRFh4raafLcgKADFKwoquzrwKc-BV0oQaD7OgVUUzHWdb3X7cjNyMAZb-Kc-cYb9WbQsTshnf4GKFaxtQ&v=c1&r=https%3A%2F%2Fwww.amazon.com%2Fgp%2Faw%2Fd%2FB0GDXPTDPS%3Fpd_rd_plhdr%3Dt%26hsa_cr_id%3D0%26qid%3D1786591563%26sr%3D1-3-5a5562f9-fdfd-4101-9f9d-d76aa9998432%26i%3Daps%26aref%3DY6yF3C3hdP&ref_=sbx__sbtcd2_asin_2_bkgd&pd_rd_w=lU8ol&content-id=amzn1.sym.90f77631-9599-4fe0-95f8-a40adfe1c762%3Aamzn1.sym.90f77631-9599-4fe0-95f8-a40adfe1c762&pf_rd_p=90f77631-9599-4fe0-95f8-a40adfe1c762&pf_rd_r=ZQ2MD8JBTBT1YSNCXFKS&pd_rd_wg=hiDyv&pd_rd_r=388ffdd9-f1e2-4dc5-b3bb-675a28043422,"https://m.media-amazon.com/images/I/71LQrDPQezL._AC_SR322,134_CB1169409_QL70_.jpg",57,排名进入前30；价格处于人民币等值¥57.60-¥180.00黄金区间；标题包含 soft，符合美国女鞋舒适化趋势；评分达到4.0以上。
2026-08-13,amazon_us,product,search,women summer slippers,15,LongBay,¥143.93,4.4,LongBay,,,,,,https://www.amazon.com/LongBay-Slippers-Memory-Bedroom-Dual-Strap/dp/B0DP277YRM/ref=sr_1_7?dib=eyJ2IjoiMSJ9.3B_wBrVg1UMy5tWehIloEqh3GcRQaYuBAiGuYjezoF910vaZZiwjsPuQ7mqpnKXT9aAvcre6scfsVhZvNblL5NKBMAnXLmVkQZ6TCI0y3KliaeA1Mjx3LymzbAdH_qoSpfH1MeCRmFOTyCgRnphnklZpVE7zpyTWWMq9kRFl1ApASPRXOQJSD83VKFHnkNosclvsXAzzWyVHg7wrMHgTAC_PxXqJfP3JCC0x3zgsngUVRxJ5JWuyAukVbiaYhb2LnF3NNqOUNAicWwWTCRqVPsCIFL9bO-rEl2LFixmonB0.IEtYwhqjNl_7rZgPT2ckn9fCWtZhbwpoFnsOKhJe5fE&dib_tag=se&keywords=women+summer+slippers&qid=1786591563&sr=8-7,https://m.media-amazon.com/images/I/71BlGXBbl-L._AC_UL320_.jpg,57,排名进入前30；价格处于人民币等值¥57.60-¥180.00黄金区间；评分达到4.3以上。
2026-08-13,amazon_us,product,search,women summer slippers,19,IPSAE,¥93.53,4.4,IPSAE,,,,,,https://www.amazon.com/sspa/click?ie=UTF8&spc=MTo1NTA1NTQ5NTE1MzIzMTQ2OjE3ODY1OTE1NjM6c3BfbXRmOjMwMDgzNzEzMDQwNDkwMjo6MDo6&url=%2FIPSAE-Slippers-Corduroy-Slipper-Bedroom%2Fdp%2FB0DB4TYJYK%2Fref%3Dsr_1_11_sspa%3Fdib%3DeyJ2IjoiMSJ9.3B_wBrVg1UMy5tWehIloEqh3GcRQaYuBAiGuYjezoF910vaZZiwjsPuQ7mqpnKXT9aAvcre6scfsVhZvNblL5NKBMAnXLmVkQZ6TCI0y3KliaeA1Mjx3LymzbAdH_qoSpfH1MeCRmFOTyCgRnphnklZpVE7zpyTWWMq9kRFl1ApASPRXOQJSD83VKFHnkNosclvsXAzzWyVHg7wrMHgTAC_PxXqJfP3JCC0x3zgsngUVRxJ5JWuyAukVbiaYhb2LnF3NNqOUNAicWwWTCRqVPsCIFL9bO-rEl2LFixmonB0.IEtYwhqjNl_7rZgPT2ckn9fCWtZhbwpoFnsOKhJe5fE%26dib_tag%3Dse%26keywords%3Dwomen%2Bsummer%2Bslippers%26qid%3D1786591563%26sr%3D8-11-spons%26sp_csd%3Dd2lkZ2V0TmFtZT1zcF9tdGY%26psc%3D1,https://m.media-amazon.com/images/I/8119tbBaf3L._AC_UL320_.jpg,57,排名进入前30；价格处于人民币等值¥57.60-¥180.00黄金区间；评分达到4.3以上。
2026-08-13,amazon_us,product,search,women summer slippers,24,shevalues,¥71.86,4.4,shevalues,,,,,,https://www.amazon.com/shevalues-Quick-Dry-Shower-Pink-Update/dp/B07759MD3B/ref=sr_1_16?dib=eyJ2IjoiMSJ9.3B_wBrVg1UMy5tWehIloEqh3GcRQaYuBAiGuYjezoF910vaZZiwjsPuQ7mqpnKXT9aAvcre6scfsVhZvNblL5NKBMAnXLmVkQZ6TCI0y3KliaeA1Mjx3LymzbAdH_qoSpfH1MeCRmFOTyCgRnphnklZpVE7zpyTWWMq9kRFl1ApASPRXOQJSD83VKFHnkNosclvsXAzzWyVHg7wrMHgTAC_PxXqJfP3JCC0x3zgsngUVRxJ5JWuyAukVbiaYhb2LnF3NNqOUNAicWwWTCRqVPsCIFL9bO-rEl2LFixmonB0.IEtYwhqjNl_7rZgPT2ckn9fCWtZhbwpoFnsOKhJe5fE&dib_tag=se&keywords=women+summer+slippers&qid=1786591563&sr=8-16,https://m.media-amazon.com/images/I/51tSepxKI5L._AC_UL320_.jpg,57,排名进入前30；价格处于人民币等值¥57.60-¥180.00黄金区间；评分达到4.3以上。
2026-08-13,amazon_us,product,search,women summer slippers,25,Evshine,¥71.86,4.4,Evshine,,,,,,https://www.amazon.com/Evshine-Slippers-Bedroom-Corduroy-Outdoor/dp/B0FFZ8GWMZ/ref=sr_1_17?dib=eyJ2IjoiMSJ9.3B_wBrVg1UMy5tWehIloEqh3GcRQaYuBAiGuYjezoF910vaZZiwjsPuQ7mqpnKXT9aAvcre6scfsVhZvNblL5NKBMAnXLmVkQZ6TCI0y3KliaeA1Mjx3LymzbAdH_qoSpfH1MeCRmFOTyCgRnphnklZpVE7zpyTWWMq9kRFl1ApASPRXOQJSD83VKFHnkNosclvsXAzzWyVHg7wrMHgTAC_PxXqJfP3JCC0x3zgsngUVRxJ5JWuyAukVbiaYhb2LnF3NNqOUNAicWwWTCRqVPsCIFL9bO-rEl2LFixmonB0.IEtYwhqjNl_7rZgPT2ckn9fCWtZhbwpoFnsOKhJe5fE&dib_tag=se&keywords=women+summer+slippers&qid=1786591563&sr=8-17,https://m.media-amazon.com/images/I/81L2e-mi2FL._AC_UL320_.jpg,57,排名进入前30；价格处于人民币等值¥57.60-¥180.00黄金区间；评分达到4.3以上。
2026-08-13,amazon_us,product,search,women summer slippers,26,ULTRAIDEAS,¥97.42,4.5,ULTRAIDEAS,,,,,,https://www.amazon.com/ULTRAIDEAS-Slippers-Bowknot-Outdoor-Anti-Skid/dp/B07MZ3H6MN/ref=sr_1_18?dib=eyJ2IjoiMSJ9.3B_wBrVg1UMy5tWehIloEqh3GcRQaYuBAiGuYjezoF910vaZZiwjsPuQ7mqpnKXT9aAvcre6scfsVhZvNblL5NKBMAnXLmVkQZ6TCI0y3KliaeA1Mjx3LymzbAdH_qoSpfH1MeCRmFOTyCgRnphnklZpVE7zpyTWWMq9kRFl1ApASPRXOQJSD83VKFHnkNosclvsXAzzWyVHg7wrMHgTAC_PxXqJfP3JCC0x3zgsngUVRxJ5JWuyAukVbiaYhb2LnF3NNqOUNAicWwWTCRqVPsCIFL9bO-rEl2LFixmonB0.IEtYwhqjNl_7rZgPT2ckn9fCWtZhbwpoFnsOKhJe5fE&dib_tag=se&keywords=women+summer+slippers&qid=1786591563&sr=8-18,https://m.media-amazon.com/images/I/71cvxwhDe7L._AC_UL320_.jpg,57,排名进入前30；价格处于人民币等值¥57.60-¥180.00黄金区间；评分达到4.3以上。
2026-08-13,amazon_us,product,search,women slides,21,adidas,¥114.98,4.4,adidas,,,,,,https://www.amazon.com/adidas-Unisex-Adilette-Slide-Sandal/dp/B0BHXQXLFT/ref=sr_1_10?dib=eyJ2IjoiMSJ9.wrqHnvIFpzxZDCy1gVq3f0L_foJ7eCfF1K6HgQ1qAHLtJxkWDuf9uByv38J6B5A8orobvWMFtPsWMgoHdHYII5h4CQjEdF5qPzO1TOYA6p87mNSdQOH6FS1f-eD5Y5yvfGOe0bOVJux5PKspNJMI5ow_GRR8DHQczszIWg_V5YyUCEivSS-1s9KQDjiC7X-odFptvG5yv9N49xr98ZyDd2xN6rJgnJouRHRe5WB6xzKiICQHKpFOBJGHgGsMu4ltxVZNeV3ZeXKTPQXSMzJ2uMfGQw7k48_mF1f7rOZOVV4.JnFjfaV79JsHXdxAM6TRyqQ5D_a9d6X90Pu_uzsLqE8&dib_tag=se&keywords=women+slides&qid=1786591564&sr=8-10,https://m.media-amazon.com/images/I/51MKnxJBP5L._AC_UL320_.jpg,57,排名进入前30；价格处于人民币等值¥57.60-¥180.00黄金区间；评分达到4.3以上。
2026-08-13,amazon_us,product,search,women slides,22,Happy Lily,¥64.73,4.3,Happy Lily,,,,,,https://www.amazon.com/Slippers-Non-Slip-Shower-Sandals-Bathroom/dp/B01LYNR9VM/ref=sr_1_11?dib=eyJ2IjoiMSJ9.wrqHnvIFpzxZDCy1gVq3f0L_foJ7eCfF1K6HgQ1qAHLtJxkWDuf9uByv38J6B5A8orobvWMFtPsWMgoHdHYII5h4CQjEdF5qPzO1TOYA6p87mNSdQOH6FS1f-eD5Y5yvfGOe0bOVJux5PKspNJMI5ow_GRR8DHQczszIWg_V5YyUCEivSS-1s9KQDjiC7X-odFptvG5yv9N49xr98ZyDd2xN6rJgnJouRHRe5WB6xzKiICQHKpFOBJGHgGsMu4ltxVZNeV3ZeXKTPQXSMzJ2uMfGQw7k48_mF1f7rOZOVV4.JnFjfaV79JsHXdxAM6TRyqQ5D_a9d6X90Pu_uzsLqE8&dib_tag=se&keywords=women+slides&qid=1786591564&sr=8-11,https://m.media-amazon.com/images/I/81oTjdeU9ZL._AC_UL320_.jpg,57,排名进入前30；价格处于人民币等值¥57.60-¥180.00黄金区间；评分达到4.3以上。
2026-08-13,amazon_us,product,search,women slides,30,Weweya,¥71.93,4.4,Weweya,,,,,,https://www.amazon.com/Weweya-Shower-Non-Slip-Outdoor-Sandals/dp/B0F1XTPHY8/ref=sr_1_19?dib=eyJ2IjoiMSJ9.wrqHnvIFpzxZDCy1gVq3f0L_foJ7eCfF1K6HgQ1qAHLtJxkWDuf9uByv38J6B5A8orobvWMFtPsWMgoHdHYII5h4CQjEdF5qPzO1TOYA6p87mNSdQOH6FS1f-eD5Y5yvfGOe0bOVJux5PKspNJMI5ow_GRR8DHQczszIWg_V5YyUCEivSS-1s9KQDjiC7X-odFptvG5yv9N49xr98ZyDd2xN6rJgnJouRHRe5WB6xzKiICQHKpFOBJGHgGsMu4ltxVZNeV3ZeXKTPQXSMzJ2uMfGQw7k48_mF1f7rOZOVV4.JnFjfaV79JsHXdxAM6TRyqQ5D_a9d6X90Pu_uzsLqE8&dib_tag=se&keywords=women+slides&qid=1786591564&sr=8-19,https://m.media-amazon.com/images/I/61QGXLFgg+L._AC_UL320_.jpg,57,排名进入前30；价格处于人民币等值¥57.60-¥180.00黄金区间；评分达到4.3以上。
2026-08-13,amazon_us,product,search,platform sandals women,21,Project Cloud,¥247.68,4.2,Project Cloud,,,,,,https://www.amazon.com/Project-Cloud-Genuine-Platform-Footwear/dp/B0DNRXPSX5/ref=sr_1_10?dib=eyJ2IjoiMSJ9.o3FdTlUi3PheyYZBHWEQOLqoyQIC8OIT0T3DX7SLczYhnpOHkv9SLh4cxoLSh7YAtSNsg73eXewcMJfHJPDLwE_PxwrfDkIX3SGOprWzbs3T60lcbgtM38d7dK6JGysYsoJsV35BnOuzSMmJYUJmSBl75QALcK3ZL_f2y4EdBpqJ8GahynZ2dYjFcJWxmmEPufm57X-BH2WDcB8brd9vdHByetth_7aj7IHrtcufr6X_tQWiJYmABG2L9EwVMcWz3Fp6KYBXc5NVnwkTRyzLLbOxLiY0jm_ivHFMne0ksQk.bgl-gabY0QKnFX6ytqdnQWIJBhiRMA4q6nlWaDL0lrU&dib_tag=se&keywords=platform+sandals+women&qid=1786591564&sr=8-10,https://m.media-amazon.com/images/I/71-gfihl+zL._AC_UL320_.jpg,57,排名进入前30；价格处于人民币等值¥180.00-¥288.00区间；标题包含 cloud，符合美国女鞋舒适化趋势；评分达到4.0以上。
2026-08-13,amazon_us,product,search,women summer slippers,37,Summer House Slippers for Women Men Waffle Indoor Slippers,¥122.33,4.3,600+ bought in past month,,,,,,https://www.amazon.com/Shevalues-Summer-House-Slippers-Men-Breathable-Waffle-Indoor-Slippers-Slip-Open-Toe-Home-Shoes-7-5-8-5-6-5-7-5/dp/B09SLQJ637/ref=sr_1_29?dib=eyJ2IjoiMSJ9.3B_wBrVg1UMy5tWehIloEqh3GcRQaYuBAiGuYjezoF910vaZZiwjsPuQ7mqpnKXT9aAvcre6scfsVhZvNblL5NKBMAnXLmVkQZ6TCI0y3KliaeA1Mjx3LymzbAdH_qoSpfH1MeCRmFOTyCgRnphnklZpVE7zpyTWWMq9kRFl1ApASPRXOQJSD83VKFHnkNosclvsXAzzWyVHg7wrMHgTAC_PxXqJfP3JCC0x3zgsngUVRxJ5JWuyAukVbiaYhb2LnF3NNqOUNAicWwWTCRqVPsCIFL9bO-rEl2LFixmonB0.IEtYwhqjNl_7rZgPT2ckn9fCWtZhbwpoFnsOKhJe5fE&dib_tag=se&keywords=women+summer+slippers&qid=1786591563&sr=8-29,https://m.media-amazon.com/images/I/81-CmH5PjYL._AC_UL320_.jpg,55,排名进入前50；评论数达到300以上；价格处于人民币等值¥57.60-¥180.00黄金区间；标题包含 summer，符合美国女鞋舒适化趋势；评分达到4.3以上。
2026-08-13,amazon_us,product,search,women slides,16,Nike,¥199.80,4.6,Nike,,,,,,https://www.amazon.com/Nike-Womens-Gymnastics-White-Black/dp/B08Q8RRJ5H/ref=sr_1_5?dib=eyJ2IjoiMSJ9.wrqHnvIFpzxZDCy1gVq3f0L_foJ7eCfF1K6HgQ1qAHLtJxkWDuf9uByv38J6B5A8orobvWMFtPsWMgoHdHYII5h4CQjEdF5qPzO1TOYA6p87mNSdQOH6FS1f-eD5Y5yvfGOe0bOVJux5PKspNJMI5ow_GRR8DHQczszIWg_V5YyUCEivSS-1s9KQDjiC7X-odFptvG5yv9N49xr98ZyDd2xN6rJgnJouRHRe5WB6xzKiICQHKpFOBJGHgGsMu4ltxVZNeV3ZeXKTPQXSMzJ2uMfGQw7k48_mF1f7rOZOVV4.JnFjfaV79JsHXdxAM6TRyqQ5D_a9d6X90Pu_uzsLqE8&dib_tag=se&keywords=women+slides&qid=1786591564&sr=8-5,https://m.media-amazon.com/images/I/51npEYHZuAL._AC_UL320_.jpg,55,排名进入前30；价格处于人民币等值¥180.00-¥288.00区间；评分达到4.6以上。
2026-08-13,amazon_us,product,search,women slides,45,Arch Support Slides for Women and Men Recovery House Sandals for Men Soft and Comfortable Summer Beach Shoes Slippers Women,¥71.93,3.8,"Price, product page $9.99 $ 9 . 99 Typical: $14.99 Typical: $14.99 $14.99",,,,,,https://www.amazon.com/SKETOE-Support-Recovery-Comfortable-Slippers/dp/B0GLF1516G/ref=sr_1_34?dib=eyJ2IjoiMSJ9.wrqHnvIFpzxZDCy1gVq3f0L_foJ7eCfF1K6HgQ1qAHLtJxkWDuf9uByv38J6B5A8orobvWMFtPsWMgoHdHYII5h4CQjEdF5qPzO1TOYA6p87mNSdQOH6FS1f-eD5Y5yvfGOe0bOVJux5PKspNJMI5ow_GRR8DHQczszIWg_V5YyUCEivSS-1s9KQDjiC7X-odFptvG5yv9N49xr98ZyDd2xN6rJgnJouRHRe5WB6xzKiICQHKpFOBJGHgGsMu4ltxVZNeV3ZeXKTPQXSMzJ2uMfGQw7k48_mF1f7rOZOVV4.JnFjfaV79JsHXdxAM6TRyqQ5D_a9d6X90Pu_uzsLqE8&dib_tag=se&keywords=women+slides&qid=1786591564&sr=8-34,https://m.media-amazon.com/images/I/81ECHpu6ZvL._AC_UL320_.jpg,55,排名进入前50；价格处于人民币等值¥57.60-¥180.00黄金区间；标题包含 recovery、comfort、arch support、soft、beach、summer，符合美国女鞋舒适化趋势。
2026-08-13,amazon_us,product,search,platform sandals women,1,Sorel Women's Ona Ave T-Toe Sneaker Sorel Women's Ona Ave T-Toe Sneaker,¥594.00,4.3,,,,,,,https://aax-us-east-retail-direct.amazon.com/x/c/JK7-QLPYgQ2XWbez6L-jSLMAAAGf-SfSqwEAAAH2AQBvbm9fdHhuX2JpZDQgICBvbm9fdHhuX2ltcDIgICDundw7/clv1c_ek-wBXfWasTaBQtfqlqBJs2FRCSLD4wRRH7NBE2uE-L1Bti01MGQNESnn-mMc9ZeAfRn6wIknDFmDFU0ALPqetskq-FY2ZX1jXlsr7djyEpWk5f_PFL9X1dZIv1wupoBN3G-CTUfvgFQ5_4bRFwUfvrape28Flf-MsL53VuKHQcZWn0RopSeWgAET8MnlAnqNmD51Q7PFg7-oZTkZ0jGIfj-n109LmS32_qWvK4bOToq1Zi0ONaCuj_EWzIU95mBa-C3Vndtx11LRu9i2ztzUCJlW8n-x8xPqRU7IyX2Ou89QO7zhsgwoB47usQE6Q2kY1HgllXvTHCJND_aDVK6SVoL1mofkiYDR1NHGMQS6s-Ty1mInw-v00wBUakuGgelzvH1xpjIzAj_TtJtAA2EWxsdhE3lkMjYLoVYXguQGAEZPfluAggjQI8Sc91O4VVBMpiI-mX7ag1UlsrpcUKa3K-Yw_lNORKF8qoBXjvbvGl9dfgnnO7KV61helDOamMcci-CVL83z_pdKkcjAXCGPMxY9EzbOUwWJQ21dde_E6ALsDJYCjmAdAkm7vAaDzoHe63sIMOUgaZNUsl20YZl6oc-3C_AphUM0qcMabpa5zOFptbmrh_eElK4n8KnZ-vu8O7zo3yzhWhLng2L2HgGAMizO_xSgvZ1jAQvkfemnMti7bNgvhLi1U5WVpd6AetVqiGApcElUf7ScEP1yOpynhlWvcFzE4uYGEK_W9hEULKWAYGHRd0a27sPnKDZpfsFoso7oygfy4-ufP62Hu6dS9F8dhLbI-GqUiedAh5x1fDcq4QcUuyGMW3f66zGNCf4bfNnShpOFh2qt0HyuVw-OMsde8oPRrIfxZGCsQ14zm8NE-oMx-MUHOI8qO5wmC8at-_o-_QkiZCSKYIedAciPFZiyJ5OqnpwnRie_W1FTNoG0E6xmUT5HdDR-GG0tWWYMmKLBv6IdiEndxnyFccwZs_g18XejCjPuUiVa30hcdQSFkQTOqmi_4EBM1t_sNMMrkC-9C4n26pCIjwc9Gg7r_VY8TKOfJYVbfQb-2FInWiVuHzRJxnIppj0qOpcq63NRAblnkOnF6lVcWUEMG2_pgVU-pzA97Z5M-scf7DGgRq6eVeW2SAYqadWdcxmq2WdEWym1EFT_dyo0L32BOtBd_rsVShGs7RV2wJePtkMoSRSReXh__wa-VG-eDfZByM9RXRAFdWVhk5KhKO42bacSyDCRVLyqC-XGtPx5_vxQ0NopYWOea-jpPEzNVa7L3dil0gR9QBZZfXk5fBsuDqx8WgJ0YzhE97X1DKTdyKog_1p-FNz0_3hG5AcKSX8y_AarglHNl7lg5amEbBaXyos4VJ-gSFB-O1iiOziCpdmZ97blWuiKHP1SmBktYVieIGS_tRjI_NcsCUGWnoCWxdemr2Y_zU1r6v5cSwkdKcTxdmchLKnGgrG_1-__cZ7V9scXYIj1px1CMwyMvo9WV7yh_1FVMUj4_OuwXootK27R8P2gfzlxhmaB4tGacOWPn4luWgNw0RoD2uNXlexLA3tIUY2Nw-IfX7ILPWnXToFqsdvHhVS_86sM_2IUQCVGiwRhx_5W_NhHQ6sVtMnYR-g4dLEq08BApvSkDlf8V0M-gnE691v42sCpvaIi9W1qLXtzD_3CftHSRzZIOjjwwByvj6Mi88lYnjmAjlW8F2IIEQ/https://www.amazon.com/gp/aw/d/B0F8CMP4J6/?_encoding=UTF8&pd_rd_plhdr=t&aaxitk=b8fdff5d0a92fb43ad129171fd02a1a5&hsa_cr_id=0&qid=1786591564&sr=1-1-9e67e56a-6f64-441f-a281-df67fc737124&i=aps&aref=rDDkVfxPg8&ref_=sbx_s_sparkle_sbtcd_asin_0_bkgd&pd_rd_w=DzjL8&content-id=amzn1.sym.8de9b3d5-f5c5-40e9-9b39-d65f08d6ea68%3Aamzn1.sym.8de9b3d5-f5c5-40e9-9b39-d65f08d6ea68&pf_rd_p=8de9b3d5-f5c5-40e9-9b39-d65f08d6ea68&pf_rd_r=FDDRDEZZS96FZW2G2PBF&pd_rd_wg=XTflC&pd_rd_r=fe798180-d8bb-4a69-8ab2-d7fc4b16e365,"https://m.media-amazon.com/images/I/71Gjc0LInbL._AC_SR160,134_CB1169409_QL70_.jpg",55,排名靠前；价格高于人民币等值¥288.00；评分达到4.3以上。
2026-08-13,amazon_us,product,search,platform sandals women,4,Crocs,¥296.71,4.5,Products highlighted as 'Overall Pick' are:,,,,,,https://www.amazon.com/Crocs-Brooklyn-Low-Wedge-Black/dp/B07YQRHTG4/ref=sr_1_1?dib=eyJ2IjoiMSJ9.o3FdTlUi3PheyYZBHWEQOLqoyQIC8OIT0T3DX7SLczYhnpOHkv9SLh4cxoLSh7YAtSNsg73eXewcMJfHJPDLwE_PxwrfDkIX3SGOprWzbs3T60lcbgtM38d7dK6JGysYsoJsV35BnOuzSMmJYUJmSBl75QALcK3ZL_f2y4EdBpqJ8GahynZ2dYjFcJWxmmEPufm57X-BH2WDcB8brd9vdHByetth_7aj7IHrtcufr6X_tQWiJYmABG2L9EwVMcWz3Fp6KYBXc5NVnwkTRyzLLbOxLiY0jm_ivHFMne0ksQk.bgl-gabY0QKnFX6ytqdnQWIJBhiRMA4q6nlWaDL0lrU&dib_tag=se&keywords=platform+sandals+women&qid=1786591564&sr=8-1,https://m.media-amazon.com/images/I/7146HmICxBL._AC_UL320_.jpg,55,排名靠前；价格高于人民币等值¥288.00；评分达到4.3以上。
2026-08-13,amazon_us,product,search,platform sandals women,18,UBFEN,¥287.93,4.7,UBFEN,,,,,,https://www.amazon.com/UBFEN-Platform-Sandals-Espadrille-Orthopedic/dp/B0H6W4W6VQ/ref=sr_1_7?dib=eyJ2IjoiMSJ9.o3FdTlUi3PheyYZBHWEQOLqoyQIC8OIT0T3DX7SLczYhnpOHkv9SLh4cxoLSh7YAtSNsg73eXewcMJfHJPDLwE_PxwrfDkIX3SGOprWzbs3T60lcbgtM38d7dK6JGysYsoJsV35BnOuzSMmJYUJmSBl75QALcK3ZL_f2y4EdBpqJ8GahynZ2dYjFcJWxmmEPufm57X-BH2WDcB8brd9vdHByetth_7aj7IHrtcufr6X_tQWiJYmABG2L9EwVMcWz3Fp6KYBXc5NVnwkTRyzLLbOxLiY0jm_ivHFMne0ksQk.bgl-gabY0QKnFX6ytqdnQWIJBhiRMA4q6nlWaDL0lrU&dib_tag=se&keywords=platform+sandals+women&qid=1786591564&sr=8-7,https://m.media-amazon.com/images/I/71T8DOKXrLL._AC_UL320_.jpg,55,排名进入前30；价格处于人民币等值¥180.00-¥288.00区间；评分达到4.6以上。
2026-08-13,amazon_us,product,best_sellers,Best Sellers Women Sandals,21,KuaiLu Womens Flip Flops Arch Support Yoga Mat Cushioned Thong Sandals | Ladies Comfortable Walking Slides For Plantar Fasciitis Slip On Indoor Outdoor For Summer,,4.2,$32.99,,,,,,https://www.amazon.com/KuaiLu-Comfortable-Walking-Sandals-Fasciitis/dp/B0937BNPB3/ref=zg_bs_g_679425011_d_sccl_21/130-2560457-7836624?psc=1,"https://images-na.ssl-images-amazon.com/images/I/61k31MTJEYL._AC_UL600_SR600,400_.jpg",54,排名进入前30；标题包含 comfort、arch support、summer，符合美国女鞋舒适化趋势；评分达到4.0以上。
2026-08-13,amazon_us,product,best_sellers,Best Sellers Women Sandals,37,Project Cloud 100% Genuine Leather Sandals Women Comfortable Womens Slides | Slides for Women Beach Essential Lightweight Footwear with Memory Foam Insole Everyday Summer Sandals for Women,,4.0,$27.90,,,,,,https://www.amazon.com/Project-Cloud-Genuine-Leather-Essentials/dp/B0CP4LB912/ref=zg_bs_g_679425011_d_sccl_37/130-2560457-7836624?psc=1,"https://images-na.ssl-images-amazon.com/images/I/71vp2CsL3sL._AC_UL300_SR300,200_.jpg",54,排名进入前50；标题包含 cloud、comfort、beach、summer，符合美国女鞋舒适化趋势；cloud + slides组合趋势加分；评分达到4.0以上。
2026-08-13,amazon_us,product,new_releases,New Releases Women Sandals,33,Project Cloud Platform Sandals Women - Wedge Sandals for Women 2026 (Silly) | Womens Sandals Comfortable with Soft & Plush Insole - Non Slip Beach Essentials Womens Slide - Stylish Women Footwear,,4.0,$39.90,,,,,,https://www.amazon.com/Project-Cloud-Platform-Sandals-Women/dp/B0H277SDZ9/ref=zg_bsnr_g_679425011_d_sccl_33/130-2560457-7836624?psc=1,"https://images-na.ssl-images-amazon.com/images/I/71lcJ5wbS4L._AC_UL300_SR300,200_.jpg",54,排名进入前50；标题包含 cloud、platform、comfort、soft、beach、wedge，符合美国女鞋舒适化趋势；platform + comfort组合趋势加分；评分达到4.0以上。
2026-08-13,amazon_us,product,search,women summer slippers,14,"Tunmigame Fuzzy Indoor Outdoor Slippers for Women Open Toe | Memory Foam,Gifts for Women,House Slippers,Slip on,Open Toe,pantuflas para mujer,Indoor,Cozy Tunmigame Fuzzy Indoor Outdoor Slippers for Women Open Toe | Memory Foam,Gifts for Women,Hou…",¥162.65,4.1,4.1,,,,,,https://sponsored-ads.amazon.com/clk/?_encoding=UTF8&p=eAFVT0uL00AApi6rS6gPetiFeqvQQ2GaTNpMmkpY8mq31K19bEV7CZOZyYNNk2wmNd0eevQgHkX_j1cPHrz7I8QfINgV8Tt98L34BHry9eev7_drD42rV1N7PBq_lmxn3qjA1qnPkmjriiQipbfZ2fn2gg74bf8U2bPNGNvQM1eXdOdJqkVeTMp5VZHbUJPasAvb0urewvRODOfqwpmPFrUz4QFl_LpIs1p1OZk71svhZLRy7PqHivDsTnE5wzkJ3YzlJI1xwdwoiaOEuV7h1wS8xrs0aZN0XX_KPUBizHlEwCEDDk6QwcYxS9zloqVwDxQhWzMKSBrHjBRRmoC3MrgbAwTnlIMMR0nBckDSpGBJ0UBCRXry_tO7H9--2PVHf72H9sZjWZIkTUYqQmoPqlA-Wi7s_pE1tVrj2nPbNKxsMAKqsTdvDgiMvTlLFXu3Mf7H3gz25mxvGn9IUK9agbMdGk5wjZZM_lwRPlbCosh4XxTLsmz_-y4GmYhLkYqmNByoaHw5g-cZdXPqZnFIc71ohhy7JHcjqkvNm4jqUO0hRYMK6jR5rkOgAAUrCpJ9DfjUp6ALJQg0X6OAqghjTdN63Y7cjHSc8SbOma-_QbeDjtUJ6fQ3Ac2xXQ&v=c1&r=https%3A%2F%2Fwww.amazon.com%2Fgp%2Faw%2Fd%2FB0GF76KMQ1%3Fpd_rd_plhdr%3Dt%26hsa_cr_id%3D0%26qid%3D1786591563%26sr%3D1-5-5a5562f9-fdfd-4101-9f9d-d76aa9998432%26i%3Daps%26aref%3DY6yF3C3hdP&ref_=sbx__sbtcd2_asin_4_bkgd&pd_rd_w=lU8ol&content-id=amzn1.sym.90f77631-9599-4fe0-95f8-a40adfe1c762%3Aamzn1.sym.90f77631-9599-4fe0-95f8-a40adfe1c762&pf_rd_p=90f77631-9599-4fe0-95f8-a40adfe1c762&pf_rd_r=ZQ2MD8JBTBT1YSNCXFKS&pd_rd_wg=hiDyv&pd_rd_r=388ffdd9-f1e2-4dc5-b3bb-675a28043422,"https://m.media-amazon.com/images/I/71432FcOFsL._AC_SR322,134_CB1169409_QL70_.jpg",54,排名进入前30；价格处于人民币等值¥57.60-¥180.00黄金区间；评分达到4.0以上。
2026-08-13,amazon_us,product,search,women summer slippers,28,Women’s Fuzzy Cross Band Open Toe Slippers Indoor House Shoes,¥143.86,4.2,"Price, product page $19.98 $ 19 . 98 List: $29.99 List: $29.99 $29.99",,,,,,https://www.amazon.com/sspa/click?ie=UTF8&spc=MTo1NTA1NTQ5NTE1MzIzMTQ2OjE3ODY1OTE1NjM6c3BfbXRmOjMwMTA3NTU5NTcxMjMwMjo6MDo6&url=%2FTunmigame-Womens-Fuzzy-Slippers-Memory%2Fdp%2FB0FRM7QLVT%2Fref%3Dsr_1_20_sspa%3Fdib%3DeyJ2IjoiMSJ9.3B_wBrVg1UMy5tWehIloEqh3GcRQaYuBAiGuYjezoF910vaZZiwjsPuQ7mqpnKXT9aAvcre6scfsVhZvNblL5NKBMAnXLmVkQZ6TCI0y3KliaeA1Mjx3LymzbAdH_qoSpfH1MeCRmFOTyCgRnphnklZpVE7zpyTWWMq9kRFl1ApASPRXOQJSD83VKFHnkNosclvsXAzzWyVHg7wrMHgTAC_PxXqJfP3JCC0x3zgsngUVRxJ5JWuyAukVbiaYhb2LnF3NNqOUNAicWwWTCRqVPsCIFL9bO-rEl2LFixmonB0.IEtYwhqjNl_7rZgPT2ckn9fCWtZhbwpoFnsOKhJe5fE%26dib_tag%3Dse%26keywords%3Dwomen%2Bsummer%2Bslippers%26qid%3D1786591563%26sr%3D8-20-spons%26sp_csd%3Dd2lkZ2V0TmFtZT1zcF9tdGY%26psc%3D1,https://m.media-amazon.com/images/I/71TCu6rRyQL._AC_UL320_.jpg,54,排名进入前30；价格处于人民币等值¥57.60-¥180.00黄金区间；评分达到4.0以上。
2026-08-13,amazon_us,product,search,women summer slippers,29,BCTEX COLL,¥179.93,4.2,BCTEX COLL,,,,,,https://www.amazon.com/sspa/click?ie=UTF8&spc=MTo1NTA1NTQ5NTE1MzIzMTQ2OjE3ODY1OTE1NjM6c3BfbXRmOjMwMTM4MDM1MjE0MTcwMjo6MDo6&url=%2FBCTEX-Womens-Slippers-Memory-Lining%2Fdp%2FB0H2D82VGL%2Fref%3Dsr_1_21_sspa%3Fdib%3DeyJ2IjoiMSJ9.3B_wBrVg1UMy5tWehIloEqh3GcRQaYuBAiGuYjezoF910vaZZiwjsPuQ7mqpnKXT9aAvcre6scfsVhZvNblL5NKBMAnXLmVkQZ6TCI0y3KliaeA1Mjx3LymzbAdH_qoSpfH1MeCRmFOTyCgRnphnklZpVE7zpyTWWMq9kRFl1ApASPRXOQJSD83VKFHnkNosclvsXAzzWyVHg7wrMHgTAC_PxXqJfP3JCC0x3zgsngUVRxJ5JWuyAukVbiaYhb2LnF3NNqOUNAicWwWTCRqVPsCIFL9bO-rEl2LFixmonB0.IEtYwhqjNl_7rZgPT2ckn9fCWtZhbwpoFnsOKhJe5fE%26dib_tag%3Dse%26keywords%3Dwomen%2Bsummer%2Bslippers%26qid%3D1786591563%26sr%3D8-21-spons%26sp_csd%3Dd2lkZ2V0TmFtZT1zcF9tdGY%26psc%3D1,https://m.media-amazon.com/images/I/51OQm2aYO6L._AC_UL320_.jpg,54,排名进入前30；价格处于人民币等值¥57.60-¥180.00黄金区间；评分达到4.0以上。
2026-08-13,amazon_us,product,search,women slides,23,shevalues,¥143.93,4.2,shevalues,,,,,,https://www.amazon.com/shevalues-Comfort-Sandals-Support-Adjustable/dp/B0GG1VL4SZ/ref=sr_1_12?dib=eyJ2IjoiMSJ9.wrqHnvIFpzxZDCy1gVq3f0L_foJ7eCfF1K6HgQ1qAHLtJxkWDuf9uByv38J6B5A8orobvWMFtPsWMgoHdHYII5h4CQjEdF5qPzO1TOYA6p87mNSdQOH6FS1f-eD5Y5yvfGOe0bOVJux5PKspNJMI5ow_GRR8DHQczszIWg_V5YyUCEivSS-1s9KQDjiC7X-odFptvG5yv9N49xr98ZyDd2xN6rJgnJouRHRe5WB6xzKiICQHKpFOBJGHgGsMu4ltxVZNeV3ZeXKTPQXSMzJ2uMfGQw7k48_mF1f7rOZOVV4.JnFjfaV79JsHXdxAM6TRyqQ5D_a9d6X90Pu_uzsLqE8&dib_tag=se&keywords=women+slides&qid=1786591564&sr=8-12,https://m.media-amazon.com/images/I/71N1gcg2qHL._AC_UL320_.jpg,54,排名进入前30；价格处于人民币等值¥57.60-¥180.00黄金区间；评分达到4.0以上。
2026-08-13,amazon_us,product,search,platform sandals women,16,Goosecret,¥136.73,4.2,Goosecret,,,,,,https://www.amazon.com/Goosecret-Platform-Lightweight-Comfortable-Adjustable/dp/B0CZ75N4PP/ref=sr_1_5?dib=eyJ2IjoiMSJ9.o3FdTlUi3PheyYZBHWEQOLqoyQIC8OIT0T3DX7SLczYhnpOHkv9SLh4cxoLSh7YAtSNsg73eXewcMJfHJPDLwE_PxwrfDkIX3SGOprWzbs3T60lcbgtM38d7dK6JGysYsoJsV35BnOuzSMmJYUJmSBl75QALcK3ZL_f2y4EdBpqJ8GahynZ2dYjFcJWxmmEPufm57X-BH2WDcB8brd9vdHByetth_7aj7IHrtcufr6X_tQWiJYmABG2L9EwVMcWz3Fp6KYBXc5NVnwkTRyzLLbOxLiY0jm_ivHFMne0ksQk.bgl-gabY0QKnFX6ytqdnQWIJBhiRMA4q6nlWaDL0lrU&dib_tag=se&keywords=platform+sandals+women&qid=1786591564&sr=8-5,https://m.media-amazon.com/images/I/61l3YNTRtgL._AC_UL320_.jpg,54,排名进入前30；价格处于人民币等值¥57.60-¥180.00黄金区间；评分达到4.0以上。
2026-08-13,amazon_us,product,new_releases,New Releases Women Sandals,25,shevalues Women's Flip Flops Mild Arch Support Comfortable Thong Sandals | Yoga Mat Footbed Lightweight Summer Beach Walking Slides,,3.8,$9.99,,,,,,https://www.amazon.com/shevalues-Womens-Support-Comfortable-Sandals/dp/B0GVJY1R7G/ref=zg_bsnr_g_679425011_d_sccl_25/140-6911237-6589943?psc=1,"https://images-na.ssl-images-amazon.com/images/I/51Q0RjuKlEL._AC_UL600_SR600,400_.jpg",53,排名进入前30；标题包含 comfort、arch support、beach、summer，符合美国女鞋舒适化趋势。
2026-08-13,amazon_us,product,best_sellers,Best Sellers Women Sandals,10,Havaianas Women's Slim Square Solid Flip Flops | Beach Sandals,,4.2,$25.70,,,,,,https://www.amazon.com/Havaianas-Womens-Square-Solid-Medium/dp/B0BBPX6J6F/ref=zg_bs_g_679425011_d_sccl_10/130-2560457-7836624?psc=1,"https://images-na.ssl-images-amazon.com/images/I/519tF5UFGFL._AC_UL600_SR600,400_.jpg",52,排名靠前；标题包含 beach，符合美国女鞋舒适化趋势；评分达到4.0以上。
2026-08-13,amazon_us,product,search,women summer slippers,31,Open Toe House Slippers for Women Men Memory Foam Bedroom Shoes,¥100.73,4.3,700+ bought in past month,,,,,,https://www.amazon.com/Shevalues-Womens-Indoor-Slippers-Cotton/dp/B074HBC1BR/ref=sr_1_23?dib=eyJ2IjoiMSJ9.3B_wBrVg1UMy5tWehIloEqh3GcRQaYuBAiGuYjezoF910vaZZiwjsPuQ7mqpnKXT9aAvcre6scfsVhZvNblL5NKBMAnXLmVkQZ6TCI0y3KliaeA1Mjx3LymzbAdH_qoSpfH1MeCRmFOTyCgRnphnklZpVE7zpyTWWMq9kRFl1ApASPRXOQJSD83VKFHnkNosclvsXAzzWyVHg7wrMHgTAC_PxXqJfP3JCC0x3zgsngUVRxJ5JWuyAukVbiaYhb2LnF3NNqOUNAicWwWTCRqVPsCIFL9bO-rEl2LFixmonB0.IEtYwhqjNl_7rZgPT2ckn9fCWtZhbwpoFnsOKhJe5fE&dib_tag=se&keywords=women+summer+slippers&qid=1786591563&sr=8-23,https://m.media-amazon.com/images/I/71JYzlHXkPL._AC_UL320_.jpg,52,排名进入前50；评论数达到300以上；价格处于人民币等值¥57.60-¥180.00黄金区间；评分达到4.3以上。
2026-08-13,amazon_us,product,search,women slides,18,CUSHIONAIRE,¥184.61,4.4,CUSHIONAIRE,,,,,,https://www.amazon.com/CUSHIONAIRE-Womens-Feather-recovery-Comfort/dp/B0BTQ7ZS7B/ref=sr_1_7?dib=eyJ2IjoiMSJ9.wrqHnvIFpzxZDCy1gVq3f0L_foJ7eCfF1K6HgQ1qAHLtJxkWDuf9uByv38J6B5A8orobvWMFtPsWMgoHdHYII5h4CQjEdF5qPzO1TOYA6p87mNSdQOH6FS1f-eD5Y5yvfGOe0bOVJux5PKspNJMI5ow_GRR8DHQczszIWg_V5YyUCEivSS-1s9KQDjiC7X-odFptvG5yv9N49xr98ZyDd2xN6rJgnJouRHRe5WB6xzKiICQHKpFOBJGHgGsMu4ltxVZNeV3ZeXKTPQXSMzJ2uMfGQw7k48_mF1f7rOZOVV4.JnFjfaV79JsHXdxAM6TRyqQ5D_a9d6X90Pu_uzsLqE8&dib_tag=se&keywords=women+slides&qid=1786591564&sr=8-7,https://m.media-amazon.com/images/I/81PBXKFp76L._AC_UL320_.jpg,52,排名进入前30；价格处于人民币等值¥180.00-¥288.00区间；评分达到4.3以上。
2026-08-13,amazon_us,product,search,women slides,19,adidas,¥189.00,4.4,adidas,,,,,,https://www.amazon.com/adidas-Unisex-Adilette-Sportswear-Sandal/dp/B0D28BLH78/ref=sr_1_8?dib=eyJ2IjoiMSJ9.wrqHnvIFpzxZDCy1gVq3f0L_foJ7eCfF1K6HgQ1qAHLtJxkWDuf9uByv38J6B5A8orobvWMFtPsWMgoHdHYII5h4CQjEdF5qPzO1TOYA6p87mNSdQOH6FS1f-eD5Y5yvfGOe0bOVJux5PKspNJMI5ow_GRR8DHQczszIWg_V5YyUCEivSS-1s9KQDjiC7X-odFptvG5yv9N49xr98ZyDd2xN6rJgnJouRHRe5WB6xzKiICQHKpFOBJGHgGsMu4ltxVZNeV3ZeXKTPQXSMzJ2uMfGQw7k48_mF1f7rOZOVV4.JnFjfaV79JsHXdxAM6TRyqQ5D_a9d6X90Pu_uzsLqE8&dib_tag=se&keywords=women+slides&qid=1786591564&sr=8-8,https://m.media-amazon.com/images/I/61J+U+PiJmL._AC_UL320_.jpg,52,排名进入前30；价格处于人民币等值¥180.00-¥288.00区间；评分达到4.3以上。
2026-08-13,amazon_us,product,search,platform sandals women,19,Soda,¥199.51,4.5,Soda,,,,,,https://www.amazon.com/Soda-Buckle-Espadrilles-Flatform-Casual/dp/B0C5S26DHB/ref=sr_1_8?dib=eyJ2IjoiMSJ9.o3FdTlUi3PheyYZBHWEQOLqoyQIC8OIT0T3DX7SLczYhnpOHkv9SLh4cxoLSh7YAtSNsg73eXewcMJfHJPDLwE_PxwrfDkIX3SGOprWzbs3T60lcbgtM38d7dK6JGysYsoJsV35BnOuzSMmJYUJmSBl75QALcK3ZL_f2y4EdBpqJ8GahynZ2dYjFcJWxmmEPufm57X-BH2WDcB8brd9vdHByetth_7aj7IHrtcufr6X_tQWiJYmABG2L9EwVMcWz3Fp6KYBXc5NVnwkTRyzLLbOxLiY0jm_ivHFMne0ksQk.bgl-gabY0QKnFX6ytqdnQWIJBhiRMA4q6nlWaDL0lrU&dib_tag=se&keywords=platform+sandals+women&qid=1786591564&sr=8-8,https://m.media-amazon.com/images/I/71q-Jp+UEkL._AC_UL320_.jpg,52,排名进入前30；价格处于人民币等值¥180.00-¥288.00区间；评分达到4.3以上。
2026-08-13,amazon_us,product,search,platform sandals women,22,ONCAI,¥215.93,4.3,ONCAI,,,,,,https://www.amazon.com/ONCAI-Platform-Essentials-Flatform-Comfortable/dp/B0F43HJVG4/ref=sr_1_11?dib=eyJ2IjoiMSJ9.o3FdTlUi3PheyYZBHWEQOLqoyQIC8OIT0T3DX7SLczYhnpOHkv9SLh4cxoLSh7YAtSNsg73eXewcMJfHJPDLwE_PxwrfDkIX3SGOprWzbs3T60lcbgtM38d7dK6JGysYsoJsV35BnOuzSMmJYUJmSBl75QALcK3ZL_f2y4EdBpqJ8GahynZ2dYjFcJWxmmEPufm57X-BH2WDcB8brd9vdHByetth_7aj7IHrtcufr6X_tQWiJYmABG2L9EwVMcWz3Fp6KYBXc5NVnwkTRyzLLbOxLiY0jm_ivHFMne0ksQk.bgl-gabY0QKnFX6ytqdnQWIJBhiRMA4q6nlWaDL0lrU&dib_tag=se&keywords=platform+sandals+women&qid=1786591564&sr=8-11,https://m.media-amazon.com/images/I/6107ZWz1NoL._AC_UL320_.jpg,52,排名进入前30；价格处于人民币等值¥180.00-¥288.00区间；评分达到4.3以上。
2026-08-13,amazon_us,product,best_sellers,Best Sellers Women Sandals,15,"CUSHIONAIRE Luna Sandals for Women, Cork Footbed Womens Sandals for Summer Comfort with Adjustable Straps, Wide Width Available",,4.5,$33.23,,,,,,https://www.amazon.com/CUSHIONAIRE-Next-Womens-Slide-Sandals-Brown/dp/B073XSLL5P/ref=zg_bs_g_679425011_d_sccl_15/130-2560457-7836624?psc=1,"https://images-na.ssl-images-amazon.com/images/I/81TDeaArVJL._AC_UL600_SR600,400_.jpg",51,排名进入前30；标题包含 comfort、summer，符合美国女鞋舒适化趋势；评分达到4.3以上。
2026-08-13,amazon_us,product,best_sellers,Best Sellers Women Sandals,27,KuaiLu Womens Fashion Orthotic Slides Arch Support Slip On Walking Sandals | Ladies Lightweight Athletic Yoga Mat Thick Cushion Slippers Sandals With Comfortable Plantar Fasciitis,,4.0,$25.99,,,,,,https://www.amazon.com/Orthotic-Lightweight-Athletic-Comfortable-Fasciitis/dp/B092ZT26V3/ref=zg_bs_g_679425011_d_sccl_27/130-2560457-7836624?psc=1,"https://images-na.ssl-images-amazon.com/images/I/71Rxka3CPTL._AC_UL600_SR600,400_.jpg",51,排名进入前30；标题包含 comfort、arch support，符合美国女鞋舒适化趋势；评分达到4.0以上。
2026-08-13,amazon_us,product,new_releases,New Releases Women Sandals,17,"UBFEN Womens Flat Sandals T-Strap Thong Sandals with Arch Support | Braided Upper, Lightweight, Comfortable for Walking, Flip Flop with Back Elastic Strap",,4.1,$29.99,,,,,,https://www.amazon.com/UBFEN-Womens-Sandals-T-Strap-Support/dp/B0H17RQHQX/ref=zg_bsnr_g_679425011_d_sccl_17/140-6911237-6589943?psc=1,"https://images-na.ssl-images-amazon.com/images/I/814WWPR2TOL._AC_UL600_SR600,400_.jpg",51,排名进入前30；标题包含 comfort、arch support，符合美国女鞋舒适化趋势；评分达到4.0以上。
2026-08-13,amazon_us,product,new_releases,New Releases Women Sandals,18,IDIFU Flat Sandals for Women Dressy Comfortable Summer Beach Cute Vacation Slip On Slides Open Round Toe Cute Casual Fashion Sandals,,4.1,$9.99,,,,,,https://www.amazon.com/IDIFU-Sandals-Comfortable-Vacation-Fashion/dp/B0GXTRKQ9V/ref=zg_bsnr_g_679425011_d_sccl_18/140-6911237-6589943?psc=1,"https://images-na.ssl-images-amazon.com/images/I/615IK0HptHL._AC_UL600_SR600,400_.jpg",51,排名进入前30；标题包含 comfort、beach、summer，符合美国女鞋舒适化趋势；评分达到4.0以上。
2026-08-13,amazon_us,product,new_releases,New Releases Women Sandals,19,"DREAM PAIRS Women's Stiletto Kitten Heeled Sandals | Pointed Open Toe Chunky Block Heels, Heeled Sandals Wedding Bridal Party, 3.78-inch stiletto heel Comfortable Shoes",,4.6,$37.99,,,,,,https://www.amazon.com/DREAM-PAIRS-Womens-Stiletto-Sandals/dp/B0H2THMG4R/ref=zg_bsnr_g_679425011_d_sccl_19/140-6911237-6589943?psc=1,"https://images-na.ssl-images-amazon.com/images/I/61xj+RP20CL._AC_UL600_SR600,400_.jpg",51,排名进入前30；标题包含 comfort，符合美国女鞋舒适化趋势；评分达到4.6以上。
2026-08-13,amazon_us,product,search,women summer slippers,21,Open-toe Ladies House Slippers for Women Memory Foam,¥143.93,3.8,"Price, product page $19.99 $ 19 . 99",,,,,,https://www.amazon.com/sspa/click?ie=UTF8&spc=MTo1NTA1NTQ5NTE1MzIzMTQ2OjE3ODY1OTE1NjM6c3BfbXRmOjMwMTIzMzM4ODE0MjMwMjo6MDo6&url=%2FNineCiFun-Open-toe-Ladies-Slippers-Memory%2Fdp%2FB0GLFPXRD6%2Fref%3Dsr_1_13_sspa%3Fdib%3DeyJ2IjoiMSJ9.3B_wBrVg1UMy5tWehIloEqh3GcRQaYuBAiGuYjezoF910vaZZiwjsPuQ7mqpnKXT9aAvcre6scfsVhZvNblL5NKBMAnXLmVkQZ6TCI0y3KliaeA1Mjx3LymzbAdH_qoSpfH1MeCRmFOTyCgRnphnklZpVE7zpyTWWMq9kRFl1ApASPRXOQJSD83VKFHnkNosclvsXAzzWyVHg7wrMHgTAC_PxXqJfP3JCC0x3zgsngUVRxJ5JWuyAukVbiaYhb2LnF3NNqOUNAicWwWTCRqVPsCIFL9bO-rEl2LFixmonB0.IEtYwhqjNl_7rZgPT2ckn9fCWtZhbwpoFnsOKhJe5fE%26dib_tag%3Dse%26keywords%3Dwomen%2Bsummer%2Bslippers%26qid%3D1786591563%26sr%3D8-13-spons%26sp_csd%3Dd2lkZ2V0TmFtZT1zcF9tdGY%26psc%3D1,https://m.media-amazon.com/images/I/51-nvo2VPOL._AC_UL320_.jpg,50,排名进入前30；价格处于人民币等值¥57.60-¥180.00黄金区间。
2026-08-13,amazon_us,product,search,women summer slippers,27,Adjustable Slippers for Women Memory Foam Open Toe House Shoes,¥115.13,3.8,"Price, product page $15.99 $ 15 . 99",,,,,,https://www.amazon.com/sspa/click?ie=UTF8&spc=MTo1NTA1NTQ5NTE1MzIzMTQ2OjE3ODY1OTE1NjM6c3BfbXRmOjMwMTIwNzIyMDU3MDEwMjo6MDo6&url=%2FNineCiFun-Adjustable-Slippers-Women-House%2Fdp%2FB0GKZXK64R%2Fref%3Dsr_1_19_sspa%3Fdib%3DeyJ2IjoiMSJ9.3B_wBrVg1UMy5tWehIloEqh3GcRQaYuBAiGuYjezoF910vaZZiwjsPuQ7mqpnKXT9aAvcre6scfsVhZvNblL5NKBMAnXLmVkQZ6TCI0y3KliaeA1Mjx3LymzbAdH_qoSpfH1MeCRmFOTyCgRnphnklZpVE7zpyTWWMq9kRFl1ApASPRXOQJSD83VKFHnkNosclvsXAzzWyVHg7wrMHgTAC_PxXqJfP3JCC0x3zgsngUVRxJ5JWuyAukVbiaYhb2LnF3NNqOUNAicWwWTCRqVPsCIFL9bO-rEl2LFixmonB0.IEtYwhqjNl_7rZgPT2ckn9fCWtZhbwpoFnsOKhJe5fE%26dib_tag%3Dse%26keywords%3Dwomen%2Bsummer%2Bslippers%26qid%3D1786591563%26sr%3D8-19-spons%26sp_csd%3Dd2lkZ2V0TmFtZT1zcF9tdGY%26psc%3D1,https://m.media-amazon.com/images/I/61cnHvPEgDL._AC_UL320_.jpg,50,排名进入前30；价格处于人民币等值¥57.60-¥180.00黄金区间。
2026-08-13,amazon_us,product,search,women summer slippers,30,Women's Slippers Open Toe Cross Band Breathable House Shoes,¥71.93,3.9,"Price, product page $9.99 $ 9 . 99 List: $18.99 List: $18.99 $18.99",,,,,,https://www.amazon.com/sspa/click?ie=UTF8&spc=MTo1NTA1NTQ5NTE1MzIzMTQ2OjE3ODY1OTE1NjM6c3BfbXRmOjMwMTIwMjA4MjUyNjkwMjo6MDo6&url=%2FNineCiFun-Slippers-Breathable-Footbed-Non-Slip%2Fdp%2FB0GKLT97PP%2Fref%3Dsr_1_22_sspa%3Fdib%3DeyJ2IjoiMSJ9.3B_wBrVg1UMy5tWehIloEqh3GcRQaYuBAiGuYjezoF910vaZZiwjsPuQ7mqpnKXT9aAvcre6scfsVhZvNblL5NKBMAnXLmVkQZ6TCI0y3KliaeA1Mjx3LymzbAdH_qoSpfH1MeCRmFOTyCgRnphnklZpVE7zpyTWWMq9kRFl1ApASPRXOQJSD83VKFHnkNosclvsXAzzWyVHg7wrMHgTAC_PxXqJfP3JCC0x3zgsngUVRxJ5JWuyAukVbiaYhb2LnF3NNqOUNAicWwWTCRqVPsCIFL9bO-rEl2LFixmonB0.IEtYwhqjNl_7rZgPT2ckn9fCWtZhbwpoFnsOKhJe5fE%26dib_tag%3Dse%26keywords%3Dwomen%2Bsummer%2Bslippers%26qid%3D1786591563%26sr%3D8-22-spons%26sp_csd%3Dd2lkZ2V0TmFtZT1zcF9tdGY%26psc%3D1,https://m.media-amazon.com/images/I/61YRX1dIG9L._AC_UL320_.jpg,50,排名进入前30；价格处于人民币等值¥57.60-¥180.00黄金区间。
2026-08-13,amazon_us,product,search,women slides,34,Slides for Women and Men Arch Support Slide Sandals Slip Resistant Shower Slippers Cushioned Pool Slides,¥122.33,4.0,100+ bought in past month,,,,,,https://www.amazon.com/VIVASUN-Unisex-Support-Cushioned-Sandals/dp/B0H8CX577D/ref=sr_1_23?dib=eyJ2IjoiMSJ9.wrqHnvIFpzxZDCy1gVq3f0L_foJ7eCfF1K6HgQ1qAHLtJxkWDuf9uByv38J6B5A8orobvWMFtPsWMgoHdHYII5h4CQjEdF5qPzO1TOYA6p87mNSdQOH6FS1f-eD5Y5yvfGOe0bOVJux5PKspNJMI5ow_GRR8DHQczszIWg_V5YyUCEivSS-1s9KQDjiC7X-odFptvG5yv9N49xr98ZyDd2xN6rJgnJouRHRe5WB6xzKiICQHKpFOBJGHgGsMu4ltxVZNeV3ZeXKTPQXSMzJ2uMfGQw7k48_mF1f7rOZOVV4.JnFjfaV79JsHXdxAM6TRyqQ5D_a9d6X90Pu_uzsLqE8&dib_tag=se&keywords=women+slides&qid=1786591564&sr=8-23,https://m.media-amazon.com/images/I/71DfPnwadBL._AC_UL320_.jpg,50,排名进入前50；评论数达到50以上；价格处于人民币等值¥57.60-¥180.00黄金区间；标题包含 arch support，符合美国女鞋舒适化趋势；评分达到4.0以上。
2026-08-13,amazon_us,product,search,women slides,36,"Arch Support Slides Comfortable Beach Pool Slippers, Lightweight Indoor Outdoor Slide Shower Bathroom Sandals Quick Drying",¥71.93,3.9,"Price, product page $9.99 $ 9 . 99 List: $19.99 List: $19.99 $19.99",,,,,,https://www.amazon.com/INUUINUU-Comfortable-Slippers-Lightweight-Bathroom/dp/B0GLGC8BGQ/ref=sr_1_25?dib=eyJ2IjoiMSJ9.wrqHnvIFpzxZDCy1gVq3f0L_foJ7eCfF1K6HgQ1qAHLtJxkWDuf9uByv38J6B5A8orobvWMFtPsWMgoHdHYII5h4CQjEdF5qPzO1TOYA6p87mNSdQOH6FS1f-eD5Y5yvfGOe0bOVJux5PKspNJMI5ow_GRR8DHQczszIWg_V5YyUCEivSS-1s9KQDjiC7X-odFptvG5yv9N49xr98ZyDd2xN6rJgnJouRHRe5WB6xzKiICQHKpFOBJGHgGsMu4ltxVZNeV3ZeXKTPQXSMzJ2uMfGQw7k48_mF1f7rOZOVV4.JnFjfaV79JsHXdxAM6TRyqQ5D_a9d6X90Pu_uzsLqE8&dib_tag=se&keywords=women+slides&qid=1786591564&sr=8-25,https://m.media-amazon.com/images/I/71ao+6pV3pL._AC_UL320_.jpg,50,排名进入前50；价格处于人民币等值¥57.60-¥180.00黄金区间；标题包含 comfort、arch support、beach，符合美国女鞋舒适化趋势。
2026-08-13,amazon_us,product,best_sellers,Best Sellers Women Sandals,8,LULLASONG Women's Kitten Heels Sandals Square Open Toe Flip Flop Heels 1.8-2 Inch Heeled Sandals for Women,,4.1,$29.59,,,,,,https://www.amazon.com/LULLASONG-Womens-Kitten-Sandals-Square/dp/B0DCFSM597/ref=zg_bs_g_679425011_d_sccl_8/130-2560457-7836624?psc=1,"https://images-na.ssl-images-amazon.com/images/I/61aVZl7OhqL._AC_UL600_SR600,400_.jpg",49,排名靠前；评分达到4.0以上。
2026-08-13,amazon_us,product,new_releases,New Releases Women Sandals,1,"CUSHIONAIRE Java Casual Womens Jelly Flats with Adjustable Strap, Closed Toe Mary Janes Mule Design, Waterproof Jelly Sandals for Women",,4.2,$34.99,,,,,,https://www.amazon.com/CUSHIONAIRE-Adjustable-Waterproof-Sandals-WHISKEY/dp/B0H6GSWXPJ/ref=zg_bsnr_g_679425011_d_sccl_1/140-6911237-6589943?psc=1,"https://images-na.ssl-images-amazon.com/images/I/71gErrKwjVL._AC_UL600_SR600,400_.jpg",49,排名靠前；评分达到4.0以上。
2026-08-13,amazon_us,product,search,women summer slippers,20,Garonne,¥237.53,4.0,Garonne,,,,,,https://www.amazon.com/sspa/click?ie=UTF8&spc=MTo1NTA1NTQ5NTE1MzIzMTQ2OjE3ODY1OTE1NjM6c3BfbXRmOjMwMTI3Nzc4MzU5MTcwMjo6MDo6&url=%2FGaronne-Adjustable-Open-toe-Slippers-Support%2Fdp%2FB0FJQYTDJ2%2Fref%3Dsr_1_12_sspa%3Fdib%3DeyJ2IjoiMSJ9.3B_wBrVg1UMy5tWehIloEqh3GcRQaYuBAiGuYjezoF910vaZZiwjsPuQ7mqpnKXT9aAvcre6scfsVhZvNblL5NKBMAnXLmVkQZ6TCI0y3KliaeA1Mjx3LymzbAdH_qoSpfH1MeCRmFOTyCgRnphnklZpVE7zpyTWWMq9kRFl1ApASPRXOQJSD83VKFHnkNosclvsXAzzWyVHg7wrMHgTAC_PxXqJfP3JCC0x3zgsngUVRxJ5JWuyAukVbiaYhb2LnF3NNqOUNAicWwWTCRqVPsCIFL9bO-rEl2LFixmonB0.IEtYwhqjNl_7rZgPT2ckn9fCWtZhbwpoFnsOKhJe5fE%26dib_tag%3Dse%26keywords%3Dwomen%2Bsummer%2Bslippers%26qid%3D1786591563%26sr%3D8-12-spons%26sp_csd%3Dd2lkZ2V0TmFtZT1zcF9tdGY%26psc%3D1,https://m.media-amazon.com/images/I/71nIg4hmoBL._AC_UL320_.jpg,49,排名进入前30；价格处于人民币等值¥180.00-¥288.00区间；评分达到4.0以上。
2026-08-13,amazon_us,product,search,platform sandals women,15,CUSHIONAIRE,¥287.86,4.0,CUSHIONAIRE,,,,,,https://www.amazon.com/CUSHIONAIRE-Womens-Melissa-Espadrille-Sandal/dp/B07S758RTR/ref=sr_1_4?dib=eyJ2IjoiMSJ9.o3FdTlUi3PheyYZBHWEQOLqoyQIC8OIT0T3DX7SLczYhnpOHkv9SLh4cxoLSh7YAtSNsg73eXewcMJfHJPDLwE_PxwrfDkIX3SGOprWzbs3T60lcbgtM38d7dK6JGysYsoJsV35BnOuzSMmJYUJmSBl75QALcK3ZL_f2y4EdBpqJ8GahynZ2dYjFcJWxmmEPufm57X-BH2WDcB8brd9vdHByetth_7aj7IHrtcufr6X_tQWiJYmABG2L9EwVMcWz3Fp6KYBXc5NVnwkTRyzLLbOxLiY0jm_ivHFMne0ksQk.bgl-gabY0QKnFX6ytqdnQWIJBhiRMA4q6nlWaDL0lrU&dib_tag=se&keywords=platform+sandals+women&qid=1786591564&sr=8-4,https://m.media-amazon.com/images/I/81ZJ-NyvHwL._AC_UL320_.jpg,49,排名进入前30；价格处于人民币等值¥180.00-¥288.00区间；评分达到4.0以上。
2026-08-13,amazon_us,product,search,platform sandals women,23,EQAUDES,¥273.53,4.1,EQAUDES,,,,,,https://www.amazon.com/EQAUDES-Platform-Espadrille-Sandals-Flatform/dp/B0BS6R3NX1/ref=sr_1_12?dib=eyJ2IjoiMSJ9.o3FdTlUi3PheyYZBHWEQOLqoyQIC8OIT0T3DX7SLczYhnpOHkv9SLh4cxoLSh7YAtSNsg73eXewcMJfHJPDLwE_PxwrfDkIX3SGOprWzbs3T60lcbgtM38d7dK6JGysYsoJsV35BnOuzSMmJYUJmSBl75QALcK3ZL_f2y4EdBpqJ8GahynZ2dYjFcJWxmmEPufm57X-BH2WDcB8brd9vdHByetth_7aj7IHrtcufr6X_tQWiJYmABG2L9EwVMcWz3Fp6KYBXc5NVnwkTRyzLLbOxLiY0jm_ivHFMne0ksQk.bgl-gabY0QKnFX6ytqdnQWIJBhiRMA4q6nlWaDL0lrU&dib_tag=se&keywords=platform+sandals+women&qid=1786591564&sr=8-12,https://m.media-amazon.com/images/I/81juIfWU4pL._AC_UL320_.jpg,49,排名进入前30；价格处于人民币等值¥180.00-¥288.00区间；评分达到4.0以上。
2026-08-13,amazon_us,product,best_sellers,Best Sellers Women Sandals,18,SKETOE Kitten Heels for Women Square Toe Sandals Flip Flop Heels Thong Sandals Comfortable Summer 2 Inch Heels Sandals,,4.2,$25.99,,,,,,https://www.amazon.com/SKETOE-Kitten-Square-Sandals-Comfortable/dp/B0F4QHKCDM/ref=zg_bs_g_679425011_d_sccl_18/130-2560457-7836624?psc=1,"https://images-na.ssl-images-amazon.com/images/I/61WGe4p1FWL._AC_UL600_SR600,400_.jpg",48,排名进入前30；标题包含 comfort、summer，符合美国女鞋舒适化趋势；评分达到4.0以上。
2026-08-13,amazon_us,product,best_sellers,Best Sellers Women Sandals,26,"DREAM PAIRS Women's Comfort Block Heel Sandals | Open Toe Adjustable Ankle Strap Chunky Dress Heels, Fashion Heeled Sandals for Prom, Wedding Guest and Formal Events",,4.3,$29.99,,,,,,https://www.amazon.com/DREAM-PAIRS-Womens-Chunk-Sandals/dp/B01LT7HVJA/ref=zg_bs_g_679425011_d_sccl_26/130-2560457-7836624?psc=1,"https://images-na.ssl-images-amazon.com/images/I/71Pi8-WnUlL._AC_UL600_SR600,400_.jpg",48,排名进入前30；标题包含 comfort，符合美国女鞋舒适化趋势；评分达到4.3以上。
2026-08-13,amazon_us,product,new_releases,New Releases Women Sandals,7,"CUSHIONAIRE Aqua Jelly Flip Flops for Women | Jelly Shoes Glossy Upper, Slip-On Thong Design, Open Round Toe, Quick-Dry Beach and Pool Friendly, Travel-Ready Resort Style",,3.1,$29.99,,,,,,https://www.amazon.com/CUSHIONAIRE-Jelly-Flops-Women-CHOCOLATE/dp/B0H6BZ8F8Y/ref=zg_bsnr_g_679425011_d_sccl_7/140-6911237-6589943?psc=1,"https://images-na.ssl-images-amazon.com/images/I/71LKwjHednL._AC_UL600_SR600,400_.jpg",48,排名靠前；标题包含 beach，符合美国女鞋舒适化趋势。
2026-08-13,amazon_us,product,new_releases,New Releases Women Sandals,20,"DREAM PAIRS Women's Kitten Low Heel Ankle Strap Sandals | Square Open Toe Summer Sandals, Comfortable for Women 2026 Fashion Dress Wedding Party Shoes",,4.2,$32.99,,,,,,https://www.amazon.com/DREAM-PAIRS-Womens-Kitten-Sandals/dp/B0GY3J31MK/ref=zg_bsnr_g_679425011_d_sccl_20/140-6911237-6589943?psc=1,"https://images-na.ssl-images-amazon.com/images/I/61n6gngVKOL._AC_UL600_SR600,400_.jpg",48,排名进入前30；标题包含 comfort、summer，符合美国女鞋舒适化趋势；评分达到4.0以上。
2026-08-13,amazon_us,product,new_releases,New Releases Women Sandals,28,"DREAM PAIRS Women's Chunky Low Heel Thong Sandals | Square Open Toe Slip On, Flip Flop Summer Heels, Comfortable Elgeant Going Out Sandals, Causal for Travel Daily Party Events",,4.2,$36.99,,,,,,https://www.amazon.com/DREAM-PAIRS-Womens-Chunky-Sandals/dp/B0H4FNT36P/ref=zg_bsnr_g_679425011_d_sccl_28/140-6911237-6589943?psc=1,"https://images-na.ssl-images-amazon.com/images/I/61B769rYVcL._AC_UL600_SR600,400_.jpg",48,排名进入前30；标题包含 comfort、summer，符合美国女鞋舒适化趋势；评分达到4.0以上。
2026-08-13,amazon_us,product,search,women slides,24,Coach,¥684.00,4.6,Coach,,,,,,https://www.amazon.com/Coach-Womens-Udele-Slide-Tan/dp/B07PGQ6GGP/ref=sr_1_13?dib=eyJ2IjoiMSJ9.wrqHnvIFpzxZDCy1gVq3f0L_foJ7eCfF1K6HgQ1qAHLtJxkWDuf9uByv38J6B5A8orobvWMFtPsWMgoHdHYII5h4CQjEdF5qPzO1TOYA6p87mNSdQOH6FS1f-eD5Y5yvfGOe0bOVJux5PKspNJMI5ow_GRR8DHQczszIWg_V5YyUCEivSS-1s9KQDjiC7X-odFptvG5yv9N49xr98ZyDd2xN6rJgnJouRHRe5WB6xzKiICQHKpFOBJGHgGsMu4ltxVZNeV3ZeXKTPQXSMzJ2uMfGQw7k48_mF1f7rOZOVV4.JnFjfaV79JsHXdxAM6TRyqQ5D_a9d6X90Pu_uzsLqE8&dib_tag=se&keywords=women+slides&qid=1786591564&sr=8-13,https://m.media-amazon.com/images/I/71BQOaIl59L._AC_UL320_.jpg,48,排名进入前30；价格高于人民币等值¥288.00；评分达到4.6以上。
2026-08-13,amazon_us,product,search,platform sandals women,14,SheSole,¥345.53,5.0,SheSole,,,,,,https://www.amazon.com/SheSole-Womens-Platform-Espadrille-Sandals/dp/B0H69RZ5H1/ref=sr_1_3?dib=eyJ2IjoiMSJ9.o3FdTlUi3PheyYZBHWEQOLqoyQIC8OIT0T3DX7SLczYhnpOHkv9SLh4cxoLSh7YAtSNsg73eXewcMJfHJPDLwE_PxwrfDkIX3SGOprWzbs3T60lcbgtM38d7dK6JGysYsoJsV35BnOuzSMmJYUJmSBl75QALcK3ZL_f2y4EdBpqJ8GahynZ2dYjFcJWxmmEPufm57X-BH2WDcB8brd9vdHByetth_7aj7IHrtcufr6X_tQWiJYmABG2L9EwVMcWz3Fp6KYBXc5NVnwkTRyzLLbOxLiY0jm_ivHFMne0ksQk.bgl-gabY0QKnFX6ytqdnQWIJBhiRMA4q6nlWaDL0lrU&dib_tag=se&keywords=platform+sandals+women&qid=1786591564&sr=8-3,https://m.media-amazon.com/images/I/71cn8n5nL4L._AC_UL320_.jpg,48,排名进入前30；价格高于人民币等值¥288.00；评分达到4.6以上。
2026-08-13,amazon_us,product,new_releases,New Releases Women Sandals,29,Noctivelle Women Jelly Shoes Clear Mesh Flat Sandal V-Shaped Breathable Comfort Slip On Waterproof Transparent Summer Beach Pool Ballet Flats,,3.9,$19.99,,,,,,https://www.amazon.com/Noctivelle-Women-Clear-Flat-Transparent/dp/B0H2TXBL22/ref=zg_bsnr_g_679425011_d_sccl_29/140-6911237-6589943?psc=1,"https://images-na.ssl-images-amazon.com/images/I/71XZbrymaBL._AC_UL600_SR600,400_.jpg",47,排名进入前30；标题包含 comfort、beach、summer，符合美国女鞋舒适化趋势。
2026-08-13,amazon_us,product,new_releases,New Releases Women Sandals,22,"CUSHIONAIRE Ferry Espadrille Wedge Sandals for Women, Thong Platform Flip Flops with Cross Strap and Slip-On Design",,3.8,$49.99,,,,,,https://www.amazon.com/CUSHIONAIRE-Espadrille-Sandals-Platform-Design/dp/B0H42V7M96/ref=zg_bsnr_g_679425011_d_sccl_22/140-6911237-6589943?psc=1,"https://images-na.ssl-images-amazon.com/images/I/81rI8wTUKAL._AC_UL600_SR600,400_.jpg",46,排名进入前30；标题包含 platform、wedge，符合美国女鞋舒适化趋势。
2026-08-13,amazon_us,product,best_sellers,Best Sellers Women Sandals,12,"WHITIN Women's Slides with Cushioned Thick Sole Slippers for Home Wear Y13 | Comfort for Daily Wear, Waterproof & Easy to Clean, Indoor & Outdoor Versatility, Lightweight EVA for All-Day",,4.2,$9.99,,,,,,https://www.amazon.com/WHITIN-Slippers-Sandals-Fashionable-Lightweight/dp/B0C1C3MKLF/ref=zg_bs_g_679425011_d_sccl_12/130-2560457-7836624?psc=1,"https://images-na.ssl-images-amazon.com/images/I/71nA8egRirL._AC_UL600_SR600,400_.jpg",45,排名进入前30；标题包含 comfort，符合美国女鞋舒适化趋势；评分达到4.0以上。
2026-08-13,amazon_us,product,best_sellers,Best Sellers Women Sandals,14,Clarks Women's Breeze Sea Flip-Flop,,4.7,$33.00,,,,,,https://www.amazon.com/Clarks-Womens-Breeze-Flip-Synthetic/dp/B01FH9EJCI/ref=zg_bs_g_679425011_d_sccl_14/130-2560457-7836624?psc=1,"https://images-na.ssl-images-amazon.com/images/I/61CUHH0LXiL._AC_UL600_SR600,400_.jpg",45,排名进入前30；评分达到4.6以上。
2026-08-13,amazon_us,product,best_sellers,Best Sellers Women Sandals,19,"Weweya Slides for Women Men Shower Shoes House Slippers Beach Sandals | Bathroom, Non Slip, Lightweight",,4.4,$9.99,,,,,,https://www.amazon.com/Weweya-Shower-Bathroom-Slippers-Sandals/dp/B0F1XJ9TM4/ref=zg_bs_g_679425011_d_sccl_19/130-2560457-7836624?psc=1,"https://images-na.ssl-images-amazon.com/images/I/718rk3GaK+L._AC_UL600_SR600,400_.jpg",45,排名进入前30；标题包含 beach，符合美国女鞋舒适化趋势；评分达到4.3以上。
2026-08-13,amazon_us,product,best_sellers,Best Sellers Women Sandals,38,Project Cloud 100% Genuine Leather Sandals Women Flats For Women (Jannel) | Sandals for Women Fashion Flat Womens Sandals with Memory Foam Insole Slides Sandals Footwear Mules Women's Sandals,,4.3,$39.90,,,,,,https://www.amazon.com/Project-Cloud-Fashion-Sandals-Women/dp/B0CQ716Z3L/ref=zg_bs_g_679425011_d_sccl_38/130-2560457-7836624?psc=1,"https://images-na.ssl-images-amazon.com/images/I/71WxLxLw-rL._AC_UL300_SR300,200_.jpg",45,排名进入前50；标题包含 cloud，符合美国女鞋舒适化趋势；cloud + slides组合趋势加分；评分达到4.3以上。
2026-08-13,amazon_us,product,new_releases,New Releases Women Sandals,2,"CUSHIONAIRE Vita Jelly Sandals for Women, Casual Lightweight Womens Strappy Sandals with Adjustable Buckle Strap and Gold Hardware Accent",,3.5,$39.99,,,,,,https://www.amazon.com/CUSHIONAIRE-Sandals-Lightweight-Adjustable-Hardware/dp/B0H1Y94T1T/ref=zg_bsnr_g_679425011_d_sccl_2/140-6911237-6589943?psc=1,"https://images-na.ssl-images-amazon.com/images/I/81Uy6Bt6XaL._AC_UL600_SR600,400_.jpg",45,排名靠前。
2026-08-13,amazon_us,product,new_releases,New Releases Women Sandals,4,CUSHIONAIRE Riot Jelly Thong Kitten Heels for Women,,3.6,$39.99,,,,,,https://www.amazon.com/CUSHIONAIRE-Jelly-Thong-Kitten-CHOCOLATE/dp/B0H6C2T8B3/ref=zg_bsnr_g_679425011_d_sccl_4/140-6911237-6589943?psc=1,"https://images-na.ssl-images-amazon.com/images/I/71cl7MmlX-L._AC_UL600_SR600,400_.jpg",45,排名靠前。
2026-08-13,amazon_us,product,new_releases,New Releases Women Sandals,6,"CUSHIONAIRE Tory Strappy Flat Sandals for Women, Toe Ring Sandals with Adjustable Buckle Ankle Strap, Wrap Style",,3.5,$39.99,,,,,,https://www.amazon.com/CUSHIONAIRE-Strappy-Sandals-Adjustable-Buckle/dp/B0H42DFYZ8/ref=zg_bsnr_g_679425011_d_sccl_6/140-6911237-6589943?psc=1,"https://images-na.ssl-images-amazon.com/images/I/81hP4YBoUmL._AC_UL600_SR600,400_.jpg",45,排名靠前。
2026-08-13,amazon_us,product,new_releases,New Releases Women Sandals,21,SKETOE Kitten Heels Dressy Women Strappy Heel Sandals Square Open Toe Flip Flop Heels,,4.6,$24.99,,,,,,https://www.amazon.com/SKETOE-Kitten-Dressy-Strappy-Sandals/dp/B0H25P6NQW/ref=zg_bsnr_g_679425011_d_sccl_21/140-6911237-6589943?psc=1,"https://images-na.ssl-images-amazon.com/images/I/51BaV0poB-L._AC_UL600_SR600,400_.jpg",45,排名进入前30；评分达到4.6以上。
2026-08-13,amazon_us,product,new_releases,New Releases Women Sandals,23,"VICKI·VICKI Women’s Raffia Slide Sandals, Low Heel Square Toe Open Toe Slip On Sandals for Women, Memory Foam Insole, Summer Vacation Casual Sandals",,4.3,$26.99,,,,,,https://www.amazon.com/VICKI%C2%B7VICKI-Womens-Raffia-Sandals-Vacation/dp/B0GJ4TC8SW/ref=zg_bsnr_g_679425011_d_sccl_23/140-6911237-6589943?psc=1,"https://images-na.ssl-images-amazon.com/images/I/71M-HPbHQSL._AC_UL600_SR600,400_.jpg",45,排名进入前30；标题包含 summer，符合美国女鞋舒适化趋势；评分达到4.3以上。
2026-08-13,amazon_us,product,search,women summer slippers,35,Star-Wind,¥86.33,4.6,Star-Wind,,,,,,https://www.amazon.com/Slippers-Lightweight-Skidproof-Breathable-Sandals/dp/B0C8MLCLM1/ref=sr_1_27?dib=eyJ2IjoiMSJ9.3B_wBrVg1UMy5tWehIloEqh3GcRQaYuBAiGuYjezoF910vaZZiwjsPuQ7mqpnKXT9aAvcre6scfsVhZvNblL5NKBMAnXLmVkQZ6TCI0y3KliaeA1Mjx3LymzbAdH_qoSpfH1MeCRmFOTyCgRnphnklZpVE7zpyTWWMq9kRFl1ApASPRXOQJSD83VKFHnkNosclvsXAzzWyVHg7wrMHgTAC_PxXqJfP3JCC0x3zgsngUVRxJ5JWuyAukVbiaYhb2LnF3NNqOUNAicWwWTCRqVPsCIFL9bO-rEl2LFixmonB0.IEtYwhqjNl_7rZgPT2ckn9fCWtZhbwpoFnsOKhJe5fE&dib_tag=se&keywords=women+summer+slippers&qid=1786591563&sr=8-27,https://m.media-amazon.com/images/I/71Gv2NZM-dL._AC_UL320_.jpg,45,排名进入前50；价格处于人民币等值¥57.60-¥180.00黄金区间；评分达到4.6以上。
2026-08-13,amazon_us,product,search,women slides,1,3.9,,,3.9,,,,,,https://aax-us-east-retail-direct.amazon.com/x/c/JBKPpjQ3fpKx7j8fTILKOsYAAAGf-SfSbQEAAAH2AQBvbm9fdHhuX2JpZDUgICBvbm9fdHhuX2ltcDEgICCEjfGI/clv1c_ek-wxfHXFbbWDfHXL5uMCQuvcbyIGJdq2ctMVPcrJ8tMeMmuN4LhA6KM536tsDOa-CpR_0ob3EQAMmECty4BEqpnpE0kyDJcfi88HjmdvNe2yh3nae9-EDu36ql1oGEDQz4wOiX7ueAR3dC8V4hMv_TqpsSMttTshuTG3Q-yjCccX2YnipzGQ52kcCwuV18vASSg_PlDEBLU2SzNLthAcoxTr_U_i8QchjrHDkG3-beha7mHAhH1JLH9-xxt0Jsw5mv_xJBaJlWNH8pABytUUZqLzTey2XRxpeWVif98jOs7Bi4wZWNb29j5OaxAoa5g2P1xgJZ3MHQ1n3rIBX4EVOEicFdnHA3uTknE0eSJXtKhIIHYqpWA2hADEWUKxaxmQCyonIXsmI-d3FNo-i2EX-kT6Zy3pxp4Z2p8hDFixMwJ3yJfefCGP4FDlFddcvdvuIWZ2Drwsu4OrO6jqkOh75ZQaYRSMwC7ztZp-IRSU90ZpTCb7nsyG0Rp6x04yz4FCl-_f97nSWq5Z_G_0fnlyLeFDOFeBU5uni0jHLGYB-u5WSZ9RSp1CiTMYl0R84CTG5Quom_wy0GXQ2zzFqZ2hfjuCyKKtKbMdNaa1DEEO2Rn2lVBkNpQ0_qWaIPiW1x4zHNnbPdbR7STprg3QLQmeav0uJD9W0FO10sGO6M2sUJYRU1CkxmydrL9WiNC_UFHd6IsSDmNM_h71tSwnlLZeTfcvdJBsQsjZlch_FJ1RwWywtLxFZlO5-C6xNdcYGDCNb5gyHOia-I6_iRfWXu1CUYAFu9QYOniL46sObk66Rq21M1i1tSuivSls5psdq1wP0zP6US3dGNAtOlfXUyW6X12mZ0XE0WHh_e-5Oa_-shxpRuBU6vF53nHASqYnvZW2mv0JOdCcihGTIRfM3gcvfrmO93y9V0giaN_GYcz2PM9v9wErRH2i8RjLyhCFuSxN7MSKusuE4QIzxiqLwTCUw1KJQOthltPVT9fTv-VuHmjDHLUK7TgamaZ6B-Qul3K7SxwW4bpFmy94KUwWBjVufqKmQDWfqNGO26mVVTSQWl95ZDI41ByO76APAXfo5bJSGvE1nrQH9vadXU-lczQaKPdMS6Y6vDtdZiWhebw1Z93hc1JiuZiZWEC7OUOcvfojCRf4njdlF5VovpAe9Bfw6hTGmJsKG06TwdZX2c_JyxHBv6auHsIC1LUkLBBKBBPKDo4QZ2qww_fv9aPQ9UeAYgfvkHsrOcFZbG7eaXlMxV4v4vQ7lZ5150t4t-hUb7E_rZ0SMjmBKfUaVfHrp3JIv0BY452Oa5trBHz5fxosOPafo62z9_O0iER23MkL0RdW4TXNrMTv0MgW2k-jbj5KtvuZaUgcYqNJM6pPs64tPYiykgMUBrrIpmdaMDLjW51jXCavtad3rrGEpMVUKLREnBgcKzROvz8zzmKRDA13ld42y7-jo3LxgnePMWBEt7nm7eMjg56PLmRean-J9SKr7M0yDFC_m77MFbgwp2KanP72-A5Nn-53oVBagdvGV0ga4y4P678xldq7dZN6-lSLHkL8jLqvXqi1P5lzgNPhJMDf3yGvkXQcr4qrpvH491iZsK2SUkQkBE/https://www.amazon.com/dp/B0CB98LX2M/?_encoding=UTF8&pd_rd_i=B0CB98LX2M&ref_=sbx_be_s_sparkle_ssd_img&qid=1786591564&pd_rd_w=FJrLn&content-id=amzn1.sym.8de9b3d5-f5c5-40e9-9b39-d65f08d6ea68%3Aamzn1.sym.8de9b3d5-f5c5-40e9-9b39-d65f08d6ea68&pf_rd_p=8de9b3d5-f5c5-40e9-9b39-d65f08d6ea68&pf_rd_r=MGMHKJKJQEKH100NDQVN&pd_rd_wg=AIOo8&pd_rd_r=1a3d00cc-54fd-42ec-9c32-690961a64693&pd_rd_plhdr=t,"https://m.media-amazon.com/images/I/31ZTiaIGWVL._AC_SR250,250_QL65_.jpg",45,排名靠前。
2026-08-13,amazon_us,product,search,women slides,25,Nike,¥396.00,4.4,Nike,,,,,,https://www.amazon.com/Nike-Womens-Slides-Sandal-Pink-Pearl/dp/B0F8S9MQHP/ref=sr_1_14?dib=eyJ2IjoiMSJ9.wrqHnvIFpzxZDCy1gVq3f0L_foJ7eCfF1K6HgQ1qAHLtJxkWDuf9uByv38J6B5A8orobvWMFtPsWMgoHdHYII5h4CQjEdF5qPzO1TOYA6p87mNSdQOH6FS1f-eD5Y5yvfGOe0bOVJux5PKspNJMI5ow_GRR8DHQczszIWg_V5YyUCEivSS-1s9KQDjiC7X-odFptvG5yv9N49xr98ZyDd2xN6rJgnJouRHRe5WB6xzKiICQHKpFOBJGHgGsMu4ltxVZNeV3ZeXKTPQXSMzJ2uMfGQw7k48_mF1f7rOZOVV4.JnFjfaV79JsHXdxAM6TRyqQ5D_a9d6X90Pu_uzsLqE8&dib_tag=se&keywords=women+slides&qid=1786591564&sr=8-14,https://m.media-amazon.com/images/I/51z4fzmeiWL._AC_UL320_.jpg,45,排名进入前30；价格高于人民币等值¥288.00；评分达到4.3以上。
2026-08-13,amazon_us,product,search,women slides,26,OOFOS,¥431.64,4.4,OOFOS,,,,,,https://www.amazon.com/OOFOS-Womens-Unisex-Slide-Sandal/dp/B01L9XP0Q0/ref=sr_1_15?dib=eyJ2IjoiMSJ9.wrqHnvIFpzxZDCy1gVq3f0L_foJ7eCfF1K6HgQ1qAHLtJxkWDuf9uByv38J6B5A8orobvWMFtPsWMgoHdHYII5h4CQjEdF5qPzO1TOYA6p87mNSdQOH6FS1f-eD5Y5yvfGOe0bOVJux5PKspNJMI5ow_GRR8DHQczszIWg_V5YyUCEivSS-1s9KQDjiC7X-odFptvG5yv9N49xr98ZyDd2xN6rJgnJouRHRe5WB6xzKiICQHKpFOBJGHgGsMu4ltxVZNeV3ZeXKTPQXSMzJ2uMfGQw7k48_mF1f7rOZOVV4.JnFjfaV79JsHXdxAM6TRyqQ5D_a9d6X90Pu_uzsLqE8&dib_tag=se&keywords=women+slides&qid=1786591564&sr=8-15,https://m.media-amazon.com/images/I/519Avbo2jAL._AC_UL320_.jpg,45,排名进入前30；价格高于人民币等值¥288.00；评分达到4.3以上。
2026-08-13,amazon_us,product,search,platform sandals women,27,REEF,¥352.80,4.3,REEF,,,,,,https://www.amazon.com/Reef-Sandals-Cushion-Platform-Footbed/dp/B07WWTCM9T/ref=sr_1_16?dib=eyJ2IjoiMSJ9.o3FdTlUi3PheyYZBHWEQOLqoyQIC8OIT0T3DX7SLczYhnpOHkv9SLh4cxoLSh7YAtSNsg73eXewcMJfHJPDLwE_PxwrfDkIX3SGOprWzbs3T60lcbgtM38d7dK6JGysYsoJsV35BnOuzSMmJYUJmSBl75QALcK3ZL_f2y4EdBpqJ8GahynZ2dYjFcJWxmmEPufm57X-BH2WDcB8brd9vdHByetth_7aj7IHrtcufr6X_tQWiJYmABG2L9EwVMcWz3Fp6KYBXc5NVnwkTRyzLLbOxLiY0jm_ivHFMne0ksQk.bgl-gabY0QKnFX6ytqdnQWIJBhiRMA4q6nlWaDL0lrU&dib_tag=se&keywords=platform+sandals+women&qid=1786591564&sr=8-16,https://m.media-amazon.com/images/I/61Uv1VDRdFL._AC_UL320_.jpg,45,排名进入前30；价格高于人民币等值¥288.00；评分达到4.3以上。
2026-08-13,amazon_us,product,search,platform sandals women,28,REEF,¥575.64,4.4,REEF,,,,,,https://www.amazon.com/REEF-Higher-Womens-Platform-Adjustable/dp/B0D9HYMNMN/ref=sr_1_17?dib=eyJ2IjoiMSJ9.o3FdTlUi3PheyYZBHWEQOLqoyQIC8OIT0T3DX7SLczYhnpOHkv9SLh4cxoLSh7YAtSNsg73eXewcMJfHJPDLwE_PxwrfDkIX3SGOprWzbs3T60lcbgtM38d7dK6JGysYsoJsV35BnOuzSMmJYUJmSBl75QALcK3ZL_f2y4EdBpqJ8GahynZ2dYjFcJWxmmEPufm57X-BH2WDcB8brd9vdHByetth_7aj7IHrtcufr6X_tQWiJYmABG2L9EwVMcWz3Fp6KYBXc5NVnwkTRyzLLbOxLiY0jm_ivHFMne0ksQk.bgl-gabY0QKnFX6ytqdnQWIJBhiRMA4q6nlWaDL0lrU&dib_tag=se&keywords=platform+sandals+women&qid=1786591564&sr=8-17,https://m.media-amazon.com/images/I/51WBYuiSZiL._AC_UL320_.jpg,45,排名进入前30；价格高于人民币等值¥288.00；评分达到4.3以上。
2026-08-13,amazon_us,product,best_sellers,Best Sellers Women Sandals,33,"Reef Cushion Vista Hi Womens Platform Fashion Sandal, Arch Support, Ultra Soft Cushion Footbed",,4.3,$49.00,,,,,,https://www.amazon.com/Reef-Sandals-Cushion-Platform-Footbed/dp/B07WWTCM9T/ref=zg_bs_g_679425011_d_sccl_33/130-2560457-7836624?psc=1,"https://images-na.ssl-images-amazon.com/images/I/61Uv1VDRdFL._AC_UL300_SR300,200_.jpg",44,排名进入前50；标题包含 platform、arch support、soft，符合美国女鞋舒适化趋势；评分达到4.3以上。
2026-08-13,amazon_us,product,search,women summer slippers,49,Women and Men Linen House Slippers Indoor,¥100.73,4.2,100+ bought in past month,,,,,,https://www.amazon.com/EitCaton-Slippers-Non-Slip-Open-Toe-Washable/dp/B0DVR24MMK/ref=sr_1_41?dib=eyJ2IjoiMSJ9.3B_wBrVg1UMy5tWehIloEqh3GcRQaYuBAiGuYjezoF910vaZZiwjsPuQ7mqpnKXT9aAvcre6scfsVhZvNblL5NKBMAnXLmVkQZ6TCI0y3KliaeA1Mjx3LymzbAdH_qoSpfH1MeCRmFOTyCgRnphnklZpVE7zpyTWWMq9kRFl1ApASPRXOQJSD83VKFHnkNosclvsXAzzWyVHg7wrMHgTAC_PxXqJfP3JCC0x3zgsngUVRxJ5JWuyAukVbiaYhb2LnF3NNqOUNAicWwWTCRqVPsCIFL9bO-rEl2LFixmonB0.IEtYwhqjNl_7rZgPT2ckn9fCWtZhbwpoFnsOKhJe5fE&dib_tag=se&keywords=women+summer+slippers&qid=1786591563&sr=8-41,https://m.media-amazon.com/images/I/81HinGlzSrL._AC_UL320_.jpg,44,排名进入前50；评论数达到50以上；价格处于人民币等值¥57.60-¥180.00黄金区间；评分达到4.0以上。
2026-08-13,amazon_us,product,best_sellers,Best Sellers Women Sandals,23,Ankis Heels for Women Open Toe Ankle Strap Chunky Heel Sandals 2.75 Inch,,4.4,$26.99,,,,,,https://www.amazon.com/Ankis-Nude-Heels-Women-numeric_8/dp/B094CTB3TY/ref=zg_bs_g_679425011_d_sccl_23/130-2560457-7836624?psc=1,"https://images-na.ssl-images-amazon.com/images/I/71dUhT7TubL._AC_UL600_SR600,400_.jpg",42,排名进入前30；评分达到4.3以上。
2026-08-13,amazon_us,product,best_sellers,Best Sellers Women Sandals,28,Litfun Non-Slip Shower Shoes for Women Quick Dry Slippers Bathroom Sandals,,4.4,$9.98,,,,,,https://www.amazon.com/Litfun-Non-Slip-Slippers-Lightweight-Bathroom/dp/B0DLKTMBYS/ref=zg_bs_g_679425011_d_sccl_28/130-2560457-7836624?psc=1,"https://images-na.ssl-images-amazon.com/images/I/6153U7gq4yL._AC_UL600_SR600,400_.jpg",42,排名进入前30；评分达到4.3以上。
2026-08-13,amazon_us,product,best_sellers,Best Sellers Women Sandals,32,"FUNKYMONKEY Women's Comfort Slides Non-Slip Lightweight Flat Beach Sandals | Adjustable Buckle Plastic Sandals with Arch Support, Waterproof Non-Slip Summer Slippers for Pool, Shower & Daily Wear",,4.1,$18.99,,,,,,https://www.amazon.com/FUNKYMONKEY-Comfort-Adjustable-Sandals-US-Women/dp/B07CV9YZBB/ref=zg_bs_g_679425011_d_sccl_32/130-2560457-7836624?psc=1,"https://images-na.ssl-images-amazon.com/images/I/51o3wxcasIL._AC_UL300_SR300,200_.jpg",42,排名进入前50；标题包含 comfort、arch support、beach、summer，符合美国女鞋舒适化趋势；评分达到4.0以上。
2026-08-13,amazon_us,product,new_releases,New Releases Women Sandals,13,Caradise Jelly Mule Kitten Heel Sandals for Women Jelly Summer Shoes,,4.1,$49.99,,,,,,https://www.amazon.com/Caradise-Jelly-Kitten-Sandals-Summer/dp/B0H5PJ9H4G/ref=zg_bsnr_g_679425011_d_sccl_13/140-6911237-6589943?psc=1,"https://images-na.ssl-images-amazon.com/images/I/61GKR9y5HSL._AC_UL600_SR600,400_.jpg",42,排名进入前30；标题包含 summer，符合美国女鞋舒适化趋势；评分达到4.0以上。
2026-08-13,amazon_us,product,new_releases,New Releases Women Sandals,35,"SUITSER Womens Sport Hiking Water Sandals Quick Dry Outdoor | Comfortable Walking,Yoga Mat Insole,Athletic Sandals,Summer Shoes, Arch Support, Adjustable Straps，Ladies,Beach,River,Camping",,4.2,$15.99,,,,,,https://www.amazon.com/SUITSER-Womens-Hiking-Sandals-Outdoor/dp/B0GVN5117T/ref=zg_bsnr_g_679425011_d_sccl_35/130-2560457-7836624?psc=1,"https://images-na.ssl-images-amazon.com/images/I/811sNtzmyIL._AC_UL300_SR300,200_.jpg",42,排名进入前50；标题包含 comfort、arch support、beach、summer，符合美国女鞋舒适化趋势；评分达到4.0以上。
2026-08-13,amazon_us,product,search,women summer slippers,32,Evshine,¥93.53,4.4,Evshine,,,,,,https://www.amazon.com/Evshine-Summer-Slippers-Corduroy-Bedroom/dp/B0CSN39WDS/ref=sr_1_24?dib=eyJ2IjoiMSJ9.3B_wBrVg1UMy5tWehIloEqh3GcRQaYuBAiGuYjezoF910vaZZiwjsPuQ7mqpnKXT9aAvcre6scfsVhZvNblL5NKBMAnXLmVkQZ6TCI0y3KliaeA1Mjx3LymzbAdH_qoSpfH1MeCRmFOTyCgRnphnklZpVE7zpyTWWMq9kRFl1ApASPRXOQJSD83VKFHnkNosclvsXAzzWyVHg7wrMHgTAC_PxXqJfP3JCC0x3zgsngUVRxJ5JWuyAukVbiaYhb2LnF3NNqOUNAicWwWTCRqVPsCIFL9bO-rEl2LFixmonB0.IEtYwhqjNl_7rZgPT2ckn9fCWtZhbwpoFnsOKhJe5fE&dib_tag=se&keywords=women+summer+slippers&qid=1786591563&sr=8-24,https://m.media-amazon.com/images/I/71SaoMUrpoL._AC_UL320_.jpg,42,排名进入前50；价格处于人民币等值¥57.60-¥180.00黄金区间；评分达到4.3以上。
2026-08-13,amazon_us,product,search,women summer slippers,33,IPSAE,¥71.93,4.4,IPSAE,,,,,,https://www.amazon.com/IPSAE-Slippers-Corduroy-Slipper-Bedroom/dp/B0DB4W73J3/ref=sr_1_25?dib=eyJ2IjoiMSJ9.3B_wBrVg1UMy5tWehIloEqh3GcRQaYuBAiGuYjezoF910vaZZiwjsPuQ7mqpnKXT9aAvcre6scfsVhZvNblL5NKBMAnXLmVkQZ6TCI0y3KliaeA1Mjx3LymzbAdH_qoSpfH1MeCRmFOTyCgRnphnklZpVE7zpyTWWMq9kRFl1ApASPRXOQJSD83VKFHnkNosclvsXAzzWyVHg7wrMHgTAC_PxXqJfP3JCC0x3zgsngUVRxJ5JWuyAukVbiaYhb2LnF3NNqOUNAicWwWTCRqVPsCIFL9bO-rEl2LFixmonB0.IEtYwhqjNl_7rZgPT2ckn9fCWtZhbwpoFnsOKhJe5fE&dib_tag=se&keywords=women+summer+slippers&qid=1786591563&sr=8-25,https://m.media-amazon.com/images/I/71GcxKVQLUL._AC_UL320_.jpg,42,排名进入前50；价格处于人民币等值¥57.60-¥180.00黄金区间；评分达到4.3以上。
2026-08-13,amazon_us,product,search,women summer slippers,39,KuaiLu,¥100.73,4.3,KuaiLu,,,,,,https://www.amazon.com/KuaiLu-Support-Comfortable-Walking-Sandals/dp/B0C5ZZ51RT/ref=sr_1_31?dib=eyJ2IjoiMSJ9.3B_wBrVg1UMy5tWehIloEqh3GcRQaYuBAiGuYjezoF910vaZZiwjsPuQ7mqpnKXT9aAvcre6scfsVhZvNblL5NKBMAnXLmVkQZ6TCI0y3KliaeA1Mjx3LymzbAdH_qoSpfH1MeCRmFOTyCgRnphnklZpVE7zpyTWWMq9kRFl1ApASPRXOQJSD83VKFHnkNosclvsXAzzWyVHg7wrMHgTAC_PxXqJfP3JCC0x3zgsngUVRxJ5JWuyAukVbiaYhb2LnF3NNqOUNAicWwWTCRqVPsCIFL9bO-rEl2LFixmonB0.IEtYwhqjNl_7rZgPT2ckn9fCWtZhbwpoFnsOKhJe5fE&dib_tag=se&keywords=women+summer+slippers&qid=1786591563&sr=8-31,https://m.media-amazon.com/images/I/710PdcSAm6L._AC_UL320_.jpg,42,排名进入前50；价格处于人民币等值¥57.60-¥180.00黄金区间；评分达到4.3以上。
2026-08-13,amazon_us,product,search,women summer slippers,41,GOEWY,¥129.53,4.5,GOEWY,,,,,,https://www.amazon.com/GOEWY-House-Slippers-Summer-Memory/dp/B0GVYCBV2P/ref=sr_1_33?dib=eyJ2IjoiMSJ9.3B_wBrVg1UMy5tWehIloEqh3GcRQaYuBAiGuYjezoF910vaZZiwjsPuQ7mqpnKXT9aAvcre6scfsVhZvNblL5NKBMAnXLmVkQZ6TCI0y3KliaeA1Mjx3LymzbAdH_qoSpfH1MeCRmFOTyCgRnphnklZpVE7zpyTWWMq9kRFl1ApASPRXOQJSD83VKFHnkNosclvsXAzzWyVHg7wrMHgTAC_PxXqJfP3JCC0x3zgsngUVRxJ5JWuyAukVbiaYhb2LnF3NNqOUNAicWwWTCRqVPsCIFL9bO-rEl2LFixmonB0.IEtYwhqjNl_7rZgPT2ckn9fCWtZhbwpoFnsOKhJe5fE&dib_tag=se&keywords=women+summer+slippers&qid=1786591563&sr=8-33,https://m.media-amazon.com/images/I/71prwg4iI5L._AC_UL320_.jpg,42,排名进入前50；价格处于人民币等值¥57.60-¥180.00黄金区间；评分达到4.3以上。
2026-08-13,amazon_us,product,search,women summer slippers,42,Dearfoams,¥129.53,4.3,Dearfoams,,,,,,https://www.amazon.com/Dearfoams-womens-Slipper-Dusty-Large/dp/B083VY1Q3M/ref=sr_1_34?dib=eyJ2IjoiMSJ9.3B_wBrVg1UMy5tWehIloEqh3GcRQaYuBAiGuYjezoF910vaZZiwjsPuQ7mqpnKXT9aAvcre6scfsVhZvNblL5NKBMAnXLmVkQZ6TCI0y3KliaeA1Mjx3LymzbAdH_qoSpfH1MeCRmFOTyCgRnphnklZpVE7zpyTWWMq9kRFl1ApASPRXOQJSD83VKFHnkNosclvsXAzzWyVHg7wrMHgTAC_PxXqJfP3JCC0x3zgsngUVRxJ5JWuyAukVbiaYhb2LnF3NNqOUNAicWwWTCRqVPsCIFL9bO-rEl2LFixmonB0.IEtYwhqjNl_7rZgPT2ckn9fCWtZhbwpoFnsOKhJe5fE&dib_tag=se&keywords=women+summer+slippers&qid=1786591563&sr=8-34,https://m.media-amazon.com/images/I/716X6dZXCuL._AC_UL320_.jpg,42,排名进入前50；价格处于人民币等值¥57.60-¥180.00黄金区间；评分达到4.3以上。
2026-08-13,amazon_us,product,search,women summer slippers,46,EverFoams,¥93.53,4.4,EverFoams,,,,,,https://www.amazon.com/EverFoams-Slippers-Outdoor-Outsole-Vanilla/dp/B0DPZPQ4JW/ref=sr_1_38?dib=eyJ2IjoiMSJ9.3B_wBrVg1UMy5tWehIloEqh3GcRQaYuBAiGuYjezoF910vaZZiwjsPuQ7mqpnKXT9aAvcre6scfsVhZvNblL5NKBMAnXLmVkQZ6TCI0y3KliaeA1Mjx3LymzbAdH_qoSpfH1MeCRmFOTyCgRnphnklZpVE7zpyTWWMq9kRFl1ApASPRXOQJSD83VKFHnkNosclvsXAzzWyVHg7wrMHgTAC_PxXqJfP3JCC0x3zgsngUVRxJ5JWuyAukVbiaYhb2LnF3NNqOUNAicWwWTCRqVPsCIFL9bO-rEl2LFixmonB0.IEtYwhqjNl_7rZgPT2ckn9fCWtZhbwpoFnsOKhJe5fE&dib_tag=se&keywords=women+summer+slippers&qid=1786591563&sr=8-38,https://m.media-amazon.com/images/I/61-syU96aOL._AC_UL320_.jpg,42,排名进入前50；价格处于人民币等值¥57.60-¥180.00黄金区间；评分达到4.3以上。
2026-08-13,amazon_us,product,search,women slides,31,welltree,¥93.46,4.3,welltree,,,,,,https://www.amazon.com/welltree-Slippers-Non-Slip-Bathroom-Sandals/dp/B09JVKT6L8/ref=sr_1_20?dib=eyJ2IjoiMSJ9.wrqHnvIFpzxZDCy1gVq3f0L_foJ7eCfF1K6HgQ1qAHLtJxkWDuf9uByv38J6B5A8orobvWMFtPsWMgoHdHYII5h4CQjEdF5qPzO1TOYA6p87mNSdQOH6FS1f-eD5Y5yvfGOe0bOVJux5PKspNJMI5ow_GRR8DHQczszIWg_V5YyUCEivSS-1s9KQDjiC7X-odFptvG5yv9N49xr98ZyDd2xN6rJgnJouRHRe5WB6xzKiICQHKpFOBJGHgGsMu4ltxVZNeV3ZeXKTPQXSMzJ2uMfGQw7k48_mF1f7rOZOVV4.JnFjfaV79JsHXdxAM6TRyqQ5D_a9d6X90Pu_uzsLqE8&dib_tag=se&keywords=women+slides&qid=1786591564&sr=8-20,https://m.media-amazon.com/images/I/51gpb9lx2LL._AC_UL320_.jpg,42,排名进入前50；价格处于人民币等值¥57.60-¥180.00黄金区间；评分达到4.3以上。
2026-08-13,amazon_us,product,search,women slides,35,KIDMI,¥151.13,4.5,KIDMI,,,,,,https://www.amazon.com/KIDMI-Genuine-Sandals-Footbed-Adjustable/dp/B0DQH21M77/ref=sr_1_24?dib=eyJ2IjoiMSJ9.wrqHnvIFpzxZDCy1gVq3f0L_foJ7eCfF1K6HgQ1qAHLtJxkWDuf9uByv38J6B5A8orobvWMFtPsWMgoHdHYII5h4CQjEdF5qPzO1TOYA6p87mNSdQOH6FS1f-eD5Y5yvfGOe0bOVJux5PKspNJMI5ow_GRR8DHQczszIWg_V5YyUCEivSS-1s9KQDjiC7X-odFptvG5yv9N49xr98ZyDd2xN6rJgnJouRHRe5WB6xzKiICQHKpFOBJGHgGsMu4ltxVZNeV3ZeXKTPQXSMzJ2uMfGQw7k48_mF1f7rOZOVV4.JnFjfaV79JsHXdxAM6TRyqQ5D_a9d6X90Pu_uzsLqE8&dib_tag=se&keywords=women+slides&qid=1786591564&sr=8-24,https://m.media-amazon.com/images/I/81JaarSAG2L._AC_UL320_.jpg,42,排名进入前50；价格处于人民币等值¥57.60-¥180.00黄金区间；评分达到4.3以上。
2026-08-13,amazon_us,product,search,women slides,38,Joomra,¥172.73,4.3,Joomra,,,,,,https://www.amazon.com/Joomra-Slippers-Massage-Cushioning-Bathroom/dp/B09652TFRP/ref=sr_1_27?dib=eyJ2IjoiMSJ9.wrqHnvIFpzxZDCy1gVq3f0L_foJ7eCfF1K6HgQ1qAHLtJxkWDuf9uByv38J6B5A8orobvWMFtPsWMgoHdHYII5h4CQjEdF5qPzO1TOYA6p87mNSdQOH6FS1f-eD5Y5yvfGOe0bOVJux5PKspNJMI5ow_GRR8DHQczszIWg_V5YyUCEivSS-1s9KQDjiC7X-odFptvG5yv9N49xr98ZyDd2xN6rJgnJouRHRe5WB6xzKiICQHKpFOBJGHgGsMu4ltxVZNeV3ZeXKTPQXSMzJ2uMfGQw7k48_mF1f7rOZOVV4.JnFjfaV79JsHXdxAM6TRyqQ5D_a9d6X90Pu_uzsLqE8&dib_tag=se&keywords=women+slides&qid=1786591564&sr=8-27,https://m.media-amazon.com/images/I/61zEQHgVrKL._AC_UL320_.jpg,42,排名进入前50；价格处于人民币等值¥57.60-¥180.00黄金区间；评分达到4.3以上。
2026-08-13,amazon_us,product,search,women slides,41,BRONAX,¥146.52,4.3,BRONAX,,,,,,https://www.amazon.com/BRONAX-Slides-Slippers-Sandals-Cushioned/dp/B0BPWYWZDK/ref=sr_1_30?dib=eyJ2IjoiMSJ9.wrqHnvIFpzxZDCy1gVq3f0L_foJ7eCfF1K6HgQ1qAHLtJxkWDuf9uByv38J6B5A8orobvWMFtPsWMgoHdHYII5h4CQjEdF5qPzO1TOYA6p87mNSdQOH6FS1f-eD5Y5yvfGOe0bOVJux5PKspNJMI5ow_GRR8DHQczszIWg_V5YyUCEivSS-1s9KQDjiC7X-odFptvG5yv9N49xr98ZyDd2xN6rJgnJouRHRe5WB6xzKiICQHKpFOBJGHgGsMu4ltxVZNeV3ZeXKTPQXSMzJ2uMfGQw7k48_mF1f7rOZOVV4.JnFjfaV79JsHXdxAM6TRyqQ5D_a9d6X90Pu_uzsLqE8&dib_tag=se&keywords=women+slides&qid=1786591564&sr=8-30,https://m.media-amazon.com/images/I/61i-dRRb1oL._AC_UL320_.jpg,42,排名进入前50；价格处于人民币等值¥57.60-¥180.00黄金区间；评分达到4.3以上。
2026-08-13,amazon_us,product,search,women slides,42,EverFoams,¥165.53,4.4,EverFoams,,,,,,https://www.amazon.com/EverFoams-Womens-Slippers-Memory-Outdoor/dp/B0CLGPHDXC/ref=sr_1_31?dib=eyJ2IjoiMSJ9.wrqHnvIFpzxZDCy1gVq3f0L_foJ7eCfF1K6HgQ1qAHLtJxkWDuf9uByv38J6B5A8orobvWMFtPsWMgoHdHYII5h4CQjEdF5qPzO1TOYA6p87mNSdQOH6FS1f-eD5Y5yvfGOe0bOVJux5PKspNJMI5ow_GRR8DHQczszIWg_V5YyUCEivSS-1s9KQDjiC7X-odFptvG5yv9N49xr98ZyDd2xN6rJgnJouRHRe5WB6xzKiICQHKpFOBJGHgGsMu4ltxVZNeV3ZeXKTPQXSMzJ2uMfGQw7k48_mF1f7rOZOVV4.JnFjfaV79JsHXdxAM6TRyqQ5D_a9d6X90Pu_uzsLqE8&dib_tag=se&keywords=women+slides&qid=1786591564&sr=8-31,https://m.media-amazon.com/images/I/71-cnoGr1xL._AC_UL320_.jpg,42,排名进入前50；价格处于人民币等值¥57.60-¥180.00黄金区间；评分达到4.3以上。
2026-08-13,amazon_us,product,search,platform sandals women,36,DREAM PAIRS,¥179.93,4.3,DREAM PAIRS,,,,,,https://www.amazon.com/DREAM-PAIRS-Elastic-Flatform-Platform/dp/B08138FWSP/ref=sr_1_25?dib=eyJ2IjoiMSJ9.o3FdTlUi3PheyYZBHWEQOLqoyQIC8OIT0T3DX7SLczYhnpOHkv9SLh4cxoLSh7YAtSNsg73eXewcMJfHJPDLwE_PxwrfDkIX3SGOprWzbs3T60lcbgtM38d7dK6JGysYsoJsV35BnOuzSMmJYUJmSBl75QALcK3ZL_f2y4EdBpqJ8GahynZ2dYjFcJWxmmEPufm57X-BH2WDcB8brd9vdHByetth_7aj7IHrtcufr6X_tQWiJYmABG2L9EwVMcWz3Fp6KYBXc5NVnwkTRyzLLbOxLiY0jm_ivHFMne0ksQk.bgl-gabY0QKnFX6ytqdnQWIJBhiRMA4q6nlWaDL0lrU&dib_tag=se&keywords=platform+sandals+women&qid=1786591564&sr=8-25,https://m.media-amazon.com/images/I/716T8wDzQRL._AC_UL320_.jpg,42,排名进入前50；价格处于人民币等值¥57.60-¥180.00黄金区间；评分达到4.3以上。
2026-08-13,amazon_us,product,search,platform sandals women,48,Platform Sandals for Women Fashion Chunky Ankle Buckle Casual,¥431.86,4.2,100+ bought in past month,,,,,,https://www.amazon.com/KIFIWUI-Platform-Comfortable-Decoration-Fisherman/dp/B0F7X21PJV/ref=sr_1_37?dib=eyJ2IjoiMSJ9.o3FdTlUi3PheyYZBHWEQOLqoyQIC8OIT0T3DX7SLczYhnpOHkv9SLh4cxoLSh7YAtSNsg73eXewcMJfHJPDLwE_PxwrfDkIX3SGOprWzbs3T60lcbgtM38d7dK6JGysYsoJsV35BnOuzSMmJYUJmSBl75QALcK3ZL_f2y4EdBpqJ8GahynZ2dYjFcJWxmmEPufm57X-BH2WDcB8brd9vdHByetth_7aj7IHrtcufr6X_tQWiJYmABG2L9EwVMcWz3Fp6KYBXc5NVnwkTRyzLLbOxLiY0jm_ivHFMne0ksQk.bgl-gabY0QKnFX6ytqdnQWIJBhiRMA4q6nlWaDL0lrU&dib_tag=se&keywords=platform+sandals+women&qid=1786591564&sr=8-37,https://m.media-amazon.com/images/I/71-etU3EJ4L._AC_UL320_.jpg,40,排名进入前50；评论数达到50以上；价格高于人民币等值¥288.00；标题包含 platform，符合美国女鞋舒适化趋势；评分达到4.0以上。
2026-08-13,amazon_us,product,new_releases,New Releases Women Sandals,16,"CUSHIONAIRE Shana Clear Jelly Strap Heels for Women, Flared Kitten Heel Slide with Cushioned Footbed and Split Toe",,4.2,$49.98,,,,,,https://www.amazon.com/CUSHIONAIRE-Flared-Cushioned-Footbed-TORTOISE/dp/B0H2FR7D24/ref=zg_bsnr_g_679425011_d_sccl_16/140-6911237-6589943?psc=1,"https://images-na.ssl-images-amazon.com/images/I/71YZfL+oAFL._AC_UL600_SR600,400_.jpg",39,排名进入前30；评分达到4.0以上。
2026-08-13,amazon_us,product,search,women summer slippers,43,MAGILONA,¥143.93,4.1,MAGILONA,,,,,,https://www.amazon.com/MAGILONA-Unisex-Open-Toe-Slippers-Non-Slip/dp/B0C4KQJ1R6/ref=sr_1_35?dib=eyJ2IjoiMSJ9.3B_wBrVg1UMy5tWehIloEqh3GcRQaYuBAiGuYjezoF910vaZZiwjsPuQ7mqpnKXT9aAvcre6scfsVhZvNblL5NKBMAnXLmVkQZ6TCI0y3KliaeA1Mjx3LymzbAdH_qoSpfH1MeCRmFOTyCgRnphnklZpVE7zpyTWWMq9kRFl1ApASPRXOQJSD83VKFHnkNosclvsXAzzWyVHg7wrMHgTAC_PxXqJfP3JCC0x3zgsngUVRxJ5JWuyAukVbiaYhb2LnF3NNqOUNAicWwWTCRqVPsCIFL9bO-rEl2LFixmonB0.IEtYwhqjNl_7rZgPT2ckn9fCWtZhbwpoFnsOKhJe5fE&dib_tag=se&keywords=women+summer+slippers&qid=1786591563&sr=8-35,https://m.media-amazon.com/images/I/71YgTA6teCL._AC_UL320_.jpg,39,排名进入前50；价格处于人民币等值¥57.60-¥180.00黄金区间；评分达到4.0以上。
2026-08-13,amazon_us,product,search,women summer slippers,44,FRALOSHA,¥85.39,4.2,FRALOSHA,,,,,,https://www.amazon.com/FRALOSHA-Slippers-Breathable-Outdoor-Sandals/dp/B07FSG6P3M/ref=sr_1_36?dib=eyJ2IjoiMSJ9.3B_wBrVg1UMy5tWehIloEqh3GcRQaYuBAiGuYjezoF910vaZZiwjsPuQ7mqpnKXT9aAvcre6scfsVhZvNblL5NKBMAnXLmVkQZ6TCI0y3KliaeA1Mjx3LymzbAdH_qoSpfH1MeCRmFOTyCgRnphnklZpVE7zpyTWWMq9kRFl1ApASPRXOQJSD83VKFHnkNosclvsXAzzWyVHg7wrMHgTAC_PxXqJfP3JCC0x3zgsngUVRxJ5JWuyAukVbiaYhb2LnF3NNqOUNAicWwWTCRqVPsCIFL9bO-rEl2LFixmonB0.IEtYwhqjNl_7rZgPT2ckn9fCWtZhbwpoFnsOKhJe5fE&dib_tag=se&keywords=women+summer+slippers&qid=1786591563&sr=8-36,https://m.media-amazon.com/images/I/810Hfh0qwIL._AC_UL320_.jpg,39,排名进入前50；价格处于人民币等值¥57.60-¥180.00黄金区间；评分达到4.0以上。
2026-08-13,amazon_us,product,search,women summer slippers,47,DL,¥127.15,4.2,DL,,,,,,https://www.amazon.com/DL-Slippers-Flannel-Bedroom-Non-Slip/dp/B08NJV6WYX/ref=sr_1_39?dib=eyJ2IjoiMSJ9.3B_wBrVg1UMy5tWehIloEqh3GcRQaYuBAiGuYjezoF910vaZZiwjsPuQ7mqpnKXT9aAvcre6scfsVhZvNblL5NKBMAnXLmVkQZ6TCI0y3KliaeA1Mjx3LymzbAdH_qoSpfH1MeCRmFOTyCgRnphnklZpVE7zpyTWWMq9kRFl1ApASPRXOQJSD83VKFHnkNosclvsXAzzWyVHg7wrMHgTAC_PxXqJfP3JCC0x3zgsngUVRxJ5JWuyAukVbiaYhb2LnF3NNqOUNAicWwWTCRqVPsCIFL9bO-rEl2LFixmonB0.IEtYwhqjNl_7rZgPT2ckn9fCWtZhbwpoFnsOKhJe5fE&dib_tag=se&keywords=women+summer+slippers&qid=1786591563&sr=8-39,https://m.media-amazon.com/images/I/71rpTD70hUL._AC_UL320_.jpg,39,排名进入前50；价格处于人民币等值¥57.60-¥180.00黄金区间；评分达到4.0以上。
2026-08-13,amazon_us,product,search,women slides,32,mazeskin,¥71.93,4.2,mazeskin,,,,,,https://www.amazon.com/mazeskin-Womens-Comfortable-Sandals-Leather/dp/B0F32KMZ18/ref=sr_1_21?dib=eyJ2IjoiMSJ9.wrqHnvIFpzxZDCy1gVq3f0L_foJ7eCfF1K6HgQ1qAHLtJxkWDuf9uByv38J6B5A8orobvWMFtPsWMgoHdHYII5h4CQjEdF5qPzO1TOYA6p87mNSdQOH6FS1f-eD5Y5yvfGOe0bOVJux5PKspNJMI5ow_GRR8DHQczszIWg_V5YyUCEivSS-1s9KQDjiC7X-odFptvG5yv9N49xr98ZyDd2xN6rJgnJouRHRe5WB6xzKiICQHKpFOBJGHgGsMu4ltxVZNeV3ZeXKTPQXSMzJ2uMfGQw7k48_mF1f7rOZOVV4.JnFjfaV79JsHXdxAM6TRyqQ5D_a9d6X90Pu_uzsLqE8&dib_tag=se&keywords=women+slides&qid=1786591564&sr=8-21,https://m.media-amazon.com/images/I/71jV8GHPNSL._AC_UL320_.jpg,39,排名进入前50；价格处于人民币等值¥57.60-¥180.00黄金区间；评分达到4.0以上。
2026-08-13,amazon_us,product,search,women slides,47,Under Armour,¥156.24,4.0,Under Armour,,,,,,https://www.amazon.com/Under-Armour-Womens-Locker-White/dp/B0D15Y328Q/ref=sr_1_36?dib=eyJ2IjoiMSJ9.wrqHnvIFpzxZDCy1gVq3f0L_foJ7eCfF1K6HgQ1qAHLtJxkWDuf9uByv38J6B5A8orobvWMFtPsWMgoHdHYII5h4CQjEdF5qPzO1TOYA6p87mNSdQOH6FS1f-eD5Y5yvfGOe0bOVJux5PKspNJMI5ow_GRR8DHQczszIWg_V5YyUCEivSS-1s9KQDjiC7X-odFptvG5yv9N49xr98ZyDd2xN6rJgnJouRHRe5WB6xzKiICQHKpFOBJGHgGsMu4ltxVZNeV3ZeXKTPQXSMzJ2uMfGQw7k48_mF1f7rOZOVV4.JnFjfaV79JsHXdxAM6TRyqQ5D_a9d6X90Pu_uzsLqE8&dib_tag=se&keywords=women+slides&qid=1786591564&sr=8-36,https://m.media-amazon.com/images/I/51IqrJOHQ2L._AC_UL320_.jpg,39,排名进入前50；价格处于人民币等值¥57.60-¥180.00黄金区间；评分达到4.0以上。
2026-08-13,amazon_us,product,search,platform sandals women,38,Athlefit,¥143.93,4.0,Athlefit,,,,,,https://www.amazon.com/Athlefit-Espadrilles-Sandals-Studded-Platform/dp/B083NZVCQH/ref=sr_1_27?dib=eyJ2IjoiMSJ9.o3FdTlUi3PheyYZBHWEQOLqoyQIC8OIT0T3DX7SLczYhnpOHkv9SLh4cxoLSh7YAtSNsg73eXewcMJfHJPDLwE_PxwrfDkIX3SGOprWzbs3T60lcbgtM38d7dK6JGysYsoJsV35BnOuzSMmJYUJmSBl75QALcK3ZL_f2y4EdBpqJ8GahynZ2dYjFcJWxmmEPufm57X-BH2WDcB8brd9vdHByetth_7aj7IHrtcufr6X_tQWiJYmABG2L9EwVMcWz3Fp6KYBXc5NVnwkTRyzLLbOxLiY0jm_ivHFMne0ksQk.bgl-gabY0QKnFX6ytqdnQWIJBhiRMA4q6nlWaDL0lrU&dib_tag=se&keywords=platform+sandals+women&qid=1786591564&sr=8-27,https://m.media-amazon.com/images/I/71PoCinhRsL._AC_UL320_.jpg,39,排名进入前50；价格处于人民币等值¥57.60-¥180.00黄金区间；评分达到4.0以上。
2026-08-13,amazon_us,product,search,platform sandals women,42,Vilanva,¥143.93,4.0,Vilanva,,,,,,https://www.amazon.com/Vilanva-Platform-Lightweight-Comfortable-Non-Slip/dp/B0GH6T887F/ref=sr_1_31?dib=eyJ2IjoiMSJ9.o3FdTlUi3PheyYZBHWEQOLqoyQIC8OIT0T3DX7SLczYhnpOHkv9SLh4cxoLSh7YAtSNsg73eXewcMJfHJPDLwE_PxwrfDkIX3SGOprWzbs3T60lcbgtM38d7dK6JGysYsoJsV35BnOuzSMmJYUJmSBl75QALcK3ZL_f2y4EdBpqJ8GahynZ2dYjFcJWxmmEPufm57X-BH2WDcB8brd9vdHByetth_7aj7IHrtcufr6X_tQWiJYmABG2L9EwVMcWz3Fp6KYBXc5NVnwkTRyzLLbOxLiY0jm_ivHFMne0ksQk.bgl-gabY0QKnFX6ytqdnQWIJBhiRMA4q6nlWaDL0lrU&dib_tag=se&keywords=platform+sandals+women&qid=1786591564&sr=8-31,https://m.media-amazon.com/images/I/71ohCPS2CgL._AC_UL320_.jpg,39,排名进入前50；价格处于人民币等值¥57.60-¥180.00黄金区间；评分达到4.0以上。
2026-08-13,amazon_us,product,search,platform sandals women,46,FUNKYMONKEY,¥151.13,4.1,FUNKYMONKEY,,,,,,https://www.amazon.com/FUNKYMONKEY-Thick-sole-Adjustable-Waterproof-Platform/dp/B0CX8JWVQP/ref=sr_1_35?dib=eyJ2IjoiMSJ9.o3FdTlUi3PheyYZBHWEQOLqoyQIC8OIT0T3DX7SLczYhnpOHkv9SLh4cxoLSh7YAtSNsg73eXewcMJfHJPDLwE_PxwrfDkIX3SGOprWzbs3T60lcbgtM38d7dK6JGysYsoJsV35BnOuzSMmJYUJmSBl75QALcK3ZL_f2y4EdBpqJ8GahynZ2dYjFcJWxmmEPufm57X-BH2WDcB8brd9vdHByetth_7aj7IHrtcufr6X_tQWiJYmABG2L9EwVMcWz3Fp6KYBXc5NVnwkTRyzLLbOxLiY0jm_ivHFMne0ksQk.bgl-gabY0QKnFX6ytqdnQWIJBhiRMA4q6nlWaDL0lrU&dib_tag=se&keywords=platform+sandals+women&qid=1786591564&sr=8-35,https://m.media-amazon.com/images/I/61gRcMpyJjL._AC_UL320_.jpg,39,排名进入前50；价格处于人民币等值¥57.60-¥180.00黄金区间；评分达到4.0以上。
2026-08-13,amazon_us,product,new_releases,New Releases Women Sandals,43,Susanny Wedge Heels Sandals Platform Women Flip Flops Slides Slip,,4.4,25,,,,,,https://www.amazon.com/Susanny-Black-Sandals-Platform-Slides/dp/B0GXYD9HDN/ref=zg_bsnr_g_679425011_d_sccl_43/130-2560457-7836624?psc=1,"https://images-na.ssl-images-amazon.com/images/I/61YzBN4r2QL._AC_UL300_SR300,200_.jpg",38,排名进入前50；标题包含 platform、wedge，符合美国女鞋舒适化趋势；评分达到4.3以上。
2026-08-13,amazon_us,product,search,women slides,14,Nike,¥1188.00,,Nike,,,,,,https://www.amazon.com/Nike-HQ4309-100-Futuristic-Sandals-Comforts/dp/B0GZL4GSN2/ref=sr_1_3?dib=eyJ2IjoiMSJ9.wrqHnvIFpzxZDCy1gVq3f0L_foJ7eCfF1K6HgQ1qAHLtJxkWDuf9uByv38J6B5A8orobvWMFtPsWMgoHdHYII5h4CQjEdF5qPzO1TOYA6p87mNSdQOH6FS1f-eD5Y5yvfGOe0bOVJux5PKspNJMI5ow_GRR8DHQczszIWg_V5YyUCEivSS-1s9KQDjiC7X-odFptvG5yv9N49xr98ZyDd2xN6rJgnJouRHRe5WB6xzKiICQHKpFOBJGHgGsMu4ltxVZNeV3ZeXKTPQXSMzJ2uMfGQw7k48_mF1f7rOZOVV4.JnFjfaV79JsHXdxAM6TRyqQ5D_a9d6X90Pu_uzsLqE8&dib_tag=se&keywords=women+slides&qid=1786591564&sr=8-3,https://m.media-amazon.com/images/I/61jMhAR3qkL._AC_UL320_.jpg,38,排名进入前30；价格高于人民币等值¥288.00。
2026-08-13,amazon_us,product,new_releases,New Releases Women Sandals,44,Coutgo Womens Strappy Low Kitten Heels Square Open Toe Sandals Ankle Strap Comfortable Summer Dressy Shoes,,4.4,$33.24,,,,,,https://www.amazon.com/Coutgo-Womens-Strappy-Sandals-Comfortable/dp/B0H13PV4WL/ref=zg_bsnr_g_679425011_d_sccl_44/130-2560457-7836624?psc=1,"https://images-na.ssl-images-amazon.com/images/I/61GRcdOL+aL._AC_UL300_SR300,200_.jpg",36,排名进入前50；标题包含 comfort、summer，符合美国女鞋舒适化趋势；评分达到4.3以上。
2026-08-13,amazon_us,product,new_releases,New Releases Women Sandals,30,"CUSHIONAIRE Titan Square Toe Flip Flops for Women, Dressy Slip On Flat Womens Sandals with Cushioned Footbed",,3.4,$39.99,,,,,,https://www.amazon.com/CUSHIONAIRE-Sandals-Cushioned-Footbed-TORTOISE/dp/B0H2WR546B/ref=zg_bsnr_g_679425011_d_sccl_30/140-6911237-6589943?psc=1,"https://images-na.ssl-images-amazon.com/images/I/71vL4TDR7VL._AC_UL600_SR600,400_.jpg",35,排名进入前30。
2026-08-13,amazon_us,product,search,women slides,33,Under Armour,¥244.44,4.1,Under Armour,,,,,,https://www.amazon.com/Under-Armour-Womens-Ignite-Slides/dp/B0F343Z28R/ref=sr_1_22?dib=eyJ2IjoiMSJ9.wrqHnvIFpzxZDCy1gVq3f0L_foJ7eCfF1K6HgQ1qAHLtJxkWDuf9uByv38J6B5A8orobvWMFtPsWMgoHdHYII5h4CQjEdF5qPzO1TOYA6p87mNSdQOH6FS1f-eD5Y5yvfGOe0bOVJux5PKspNJMI5ow_GRR8DHQczszIWg_V5YyUCEivSS-1s9KQDjiC7X-odFptvG5yv9N49xr98ZyDd2xN6rJgnJouRHRe5WB6xzKiICQHKpFOBJGHgGsMu4ltxVZNeV3ZeXKTPQXSMzJ2uMfGQw7k48_mF1f7rOZOVV4.JnFjfaV79JsHXdxAM6TRyqQ5D_a9d6X90Pu_uzsLqE8&dib_tag=se&keywords=women+slides&qid=1786591564&sr=8-22,https://m.media-amazon.com/images/I/41S9a3VMv1L._AC_UL320_.jpg,34,排名进入前50；价格处于人民币等值¥180.00-¥288.00区间；评分达到4.0以上。
2026-08-13,amazon_us,product,search,platform sandals women,40,Monrovia,¥194.33,4.0,Monrovia,,,,,,https://www.amazon.com/Monrovia-Platform-Espadrille-Flatform-Vacation/dp/B0FVX54GF6/ref=sr_1_29?dib=eyJ2IjoiMSJ9.o3FdTlUi3PheyYZBHWEQOLqoyQIC8OIT0T3DX7SLczYhnpOHkv9SLh4cxoLSh7YAtSNsg73eXewcMJfHJPDLwE_PxwrfDkIX3SGOprWzbs3T60lcbgtM38d7dK6JGysYsoJsV35BnOuzSMmJYUJmSBl75QALcK3ZL_f2y4EdBpqJ8GahynZ2dYjFcJWxmmEPufm57X-BH2WDcB8brd9vdHByetth_7aj7IHrtcufr6X_tQWiJYmABG2L9EwVMcWz3Fp6KYBXc5NVnwkTRyzLLbOxLiY0jm_ivHFMne0ksQk.bgl-gabY0QKnFX6ytqdnQWIJBhiRMA4q6nlWaDL0lrU&dib_tag=se&keywords=platform+sandals+women&qid=1786591564&sr=8-29,https://m.media-amazon.com/images/I/71Td3IAnifL._AC_UL320_.jpg,34,排名进入前50；价格处于人民币等值¥180.00-¥288.00区间；评分达到4.0以上。
2026-08-13,amazon_us,product,search,platform sandals women,43,Lovee Cosee,¥266.26,4.1,Lovee Cosee,,,,,,https://www.amazon.com/Lovee-Cosee-Lightweight-Comfortable-Essentials/dp/B0GDDP3T2P/ref=sr_1_32?dib=eyJ2IjoiMSJ9.o3FdTlUi3PheyYZBHWEQOLqoyQIC8OIT0T3DX7SLczYhnpOHkv9SLh4cxoLSh7YAtSNsg73eXewcMJfHJPDLwE_PxwrfDkIX3SGOprWzbs3T60lcbgtM38d7dK6JGysYsoJsV35BnOuzSMmJYUJmSBl75QALcK3ZL_f2y4EdBpqJ8GahynZ2dYjFcJWxmmEPufm57X-BH2WDcB8brd9vdHByetth_7aj7IHrtcufr6X_tQWiJYmABG2L9EwVMcWz3Fp6KYBXc5NVnwkTRyzLLbOxLiY0jm_ivHFMne0ksQk.bgl-gabY0QKnFX6ytqdnQWIJBhiRMA4q6nlWaDL0lrU&dib_tag=se&keywords=platform+sandals+women&qid=1786591564&sr=8-32,https://m.media-amazon.com/images/I/71tL3Y0loaL._AC_UL320_.jpg,34,排名进入前50；价格处于人民币等值¥180.00-¥288.00区间；评分达到4.0以上。
2026-08-13,amazon_us,product,search,platform sandals women,49,YorFotMae,¥215.93,4.1,YorFotMae,,,,,,https://www.amazon.com/YorFotMae-Platform-Sandals-Footbed-Buckles%EF%BC%8C/dp/B0F9K2JNWD/ref=sr_1_38?dib=eyJ2IjoiMSJ9.o3FdTlUi3PheyYZBHWEQOLqoyQIC8OIT0T3DX7SLczYhnpOHkv9SLh4cxoLSh7YAtSNsg73eXewcMJfHJPDLwE_PxwrfDkIX3SGOprWzbs3T60lcbgtM38d7dK6JGysYsoJsV35BnOuzSMmJYUJmSBl75QALcK3ZL_f2y4EdBpqJ8GahynZ2dYjFcJWxmmEPufm57X-BH2WDcB8brd9vdHByetth_7aj7IHrtcufr6X_tQWiJYmABG2L9EwVMcWz3Fp6KYBXc5NVnwkTRyzLLbOxLiY0jm_ivHFMne0ksQk.bgl-gabY0QKnFX6ytqdnQWIJBhiRMA4q6nlWaDL0lrU&dib_tag=se&keywords=platform+sandals+women&qid=1786591564&sr=8-38,https://m.media-amazon.com/images/I/716H0att18L._AC_UL320_.jpg,34,排名进入前50；价格处于人民币等值¥180.00-¥288.00区间；评分达到4.0以上。
2026-08-13,amazon_us,product,search,platform sandals women,50,Rocket Dog,¥251.64,4.2,Rocket Dog,,,,,,https://www.amazon.com/Rocket-Dog-Womens-Platform-Sandal/dp/B000W91BWU/ref=sr_1_39?dib=eyJ2IjoiMSJ9.o3FdTlUi3PheyYZBHWEQOLqoyQIC8OIT0T3DX7SLczYhnpOHkv9SLh4cxoLSh7YAtSNsg73eXewcMJfHJPDLwE_PxwrfDkIX3SGOprWzbs3T60lcbgtM38d7dK6JGysYsoJsV35BnOuzSMmJYUJmSBl75QALcK3ZL_f2y4EdBpqJ8GahynZ2dYjFcJWxmmEPufm57X-BH2WDcB8brd9vdHByetth_7aj7IHrtcufr6X_tQWiJYmABG2L9EwVMcWz3Fp6KYBXc5NVnwkTRyzLLbOxLiY0jm_ivHFMne0ksQk.bgl-gabY0QKnFX6ytqdnQWIJBhiRMA4q6nlWaDL0lrU&dib_tag=se&keywords=platform+sandals+women&qid=1786591564&sr=8-39,https://m.media-amazon.com/images/I/71kguy0F5cL._AC_UL320_.jpg,34,排名进入前50；价格处于人民币等值¥180.00-¥288.00区间；评分达到4.0以上。
2026-08-13,amazon_us,product,new_releases,New Releases Women Sandals,36,adidas Womens Adilette Comfort 2.0 Slides Casual Sandals Casual - White,,4.3,$30.00,,,,,,https://www.amazon.com/adidas-Womens-Adilette-Comfort-Metallic/dp/B0F33YVXNJ/ref=zg_bsnr_g_679425011_d_sccl_36/130-2560457-7836624?psc=1,"https://images-na.ssl-images-amazon.com/images/I/51KXzkGNdgL._AC_UL300_SR300,200_.jpg",33,排名进入前50；标题包含 comfort，符合美国女鞋舒适化趋势；评分达到4.3以上。
2026-08-13,amazon_us,product,new_releases,New Releases Women Sandals,39,"VIVASUN Women's Arch Support Waterproof Slip On EVA Slides | Non-slip wet sole,eases plantar fasciitis & sore feet,lightweight odor-free for shower,beach, daily walks",,4.0,$9.99,,,,,,https://www.amazon.com/VIVASUN-Womens-Support-Waterproof-Slides/dp/B0H93WRH34/ref=zg_bsnr_g_679425011_d_sccl_39/130-2560457-7836624?psc=1,"https://images-na.ssl-images-amazon.com/images/I/61NH8ZyCw3L._AC_UL300_SR300,200_.jpg",33,排名进入前50；标题包含 arch support、beach，符合美国女鞋舒适化趋势；评分达到4.0以上。
2026-08-13,amazon_us,product,new_releases,New Releases Women Sandals,41,"DREAM PAIRS Women's Elegant Bow Strappy Block Heel Sandals | Square Open Toe Adjustable Ankle Strap Chunky Dress Heels, Comfort Formal Heels for Party, Wedding Guest and Prom Occasions",,4.4,$36.99,,,,,,https://www.amazon.com/DREAM-PAIRS-Elegant-Strappy-Sandals/dp/B0H32PRZT9/ref=zg_bsnr_g_679425011_d_sccl_41/130-2560457-7836624?psc=1,"https://images-na.ssl-images-amazon.com/images/I/61PLKmXTy8L._AC_UL300_SR300,200_.jpg",33,排名进入前50；标题包含 comfort，符合美国女鞋舒适化趋势；评分达到4.3以上。
2026-08-13,amazon_us,product,new_releases,New Releases Women Sandals,42,"SMILIN Raffia Sandals Women, Woven Slides Flat Summer Vacation Beach Shoes | Breathable Woven Sandals & Rattan Flat Sandals for Women, Comfy Cute Gold Trim Slides for Women, Summer Beach Vacation Shoes",,4.4,$29.99,,,,,,https://www.amazon.com/Raffia-Sandals-Slides-Summer-Vacation/dp/B0H6NYD4H9/ref=zg_bsnr_g_679425011_d_sccl_42/130-2560457-7836624?psc=1,"https://images-na.ssl-images-amazon.com/images/I/71+ItJzm42L._AC_UL300_SR300,200_.jpg",33,排名进入前50；标题包含 beach、summer，符合美国女鞋舒适化趋势；评分达到4.3以上。
2026-08-13,amazon_us,product,search,platform sandals women,35,Teva,¥467.93,4.6,Teva,,,,,,https://www.amazon.com/Teva-Womens-Flatform-Universal-Platform/dp/B00KXD9RDA/ref=sr_1_24?dib=eyJ2IjoiMSJ9.o3FdTlUi3PheyYZBHWEQOLqoyQIC8OIT0T3DX7SLczYhnpOHkv9SLh4cxoLSh7YAtSNsg73eXewcMJfHJPDLwE_PxwrfDkIX3SGOprWzbs3T60lcbgtM38d7dK6JGysYsoJsV35BnOuzSMmJYUJmSBl75QALcK3ZL_f2y4EdBpqJ8GahynZ2dYjFcJWxmmEPufm57X-BH2WDcB8brd9vdHByetth_7aj7IHrtcufr6X_tQWiJYmABG2L9EwVMcWz3Fp6KYBXc5NVnwkTRyzLLbOxLiY0jm_ivHFMne0ksQk.bgl-gabY0QKnFX6ytqdnQWIJBhiRMA4q6nlWaDL0lrU&dib_tag=se&keywords=platform+sandals+women&qid=1786591564&sr=8-24,https://m.media-amazon.com/images/I/51hzsC5dKSL._AC_UL320_.jpg,33,排名进入前50；价格高于人民币等值¥288.00；评分达到4.6以上。
2026-08-13,amazon_us,product,new_releases,New Releases Women Sandals,40,Yamvim Heel Mules for Women Pointed Open Toe High Heel Sandals | 3 Inch Peep Toe Slip On Backless Sexy Stiletto Heels for Party Wedding Daily Summer,,4.2,72,,,,,,https://www.amazon.com/Yamvim-Silver-Heels-Pointed-Mules/dp/B0GX1DD1WJ/ref=zg_bsnr_g_679425011_d_sccl_40/130-2560457-7836624?psc=1,"https://images-na.ssl-images-amazon.com/images/I/71+ja2Gva3L._AC_UL300_SR300,200_.jpg",32,排名进入前50；评论数达到50以上；标题包含 summer，符合美国女鞋舒适化趋势；评分达到4.0以上。
2026-08-13,amazon_us,product,best_sellers,Best Sellers Women Sandals,35,Havaianas Women's Slim Sandals,,4.6,$30.00,,,,,,https://www.amazon.com/Havaianas-Womens-Slim-Sandal-Black/dp/B000NBGN0W/ref=zg_bs_g_679425011_d_sccl_35/130-2560457-7836624?psc=1,"https://images-na.ssl-images-amazon.com/images/I/51wqhZix1lL._AC_UL300_SR300,200_.jpg",30,排名进入前50；评分达到4.6以上。
2026-08-13,amazon_us,product,best_sellers,Best Sellers Women Sandals,36,Crocs Women's Brooklyn Low Wedge Sandals,,4.5,$41.21,,,,,,https://www.amazon.com/Crocs-Brooklyn-Low-Wedge-Black/dp/B07YQRHPBF/ref=zg_bs_g_679425011_d_sccl_36/130-2560457-7836624?psc=1,"https://images-na.ssl-images-amazon.com/images/I/7146HmICxBL._AC_UL300_SR300,200_.jpg",30,排名进入前50；标题包含 wedge，符合美国女鞋舒适化趋势；评分达到4.3以上。
2026-08-13,amazon_us,product,new_releases,New Releases Women Sandals,32,IDIFU IN1 Kitten Flip Flop Heels for Women Square Open Toe Low Heel | Wedding Bride Graduation Party Slide Dress Shoes Comfortable Cute Trendy Casual Thong Slip On Strappy Low Heeled Sandals,,4.1,$28.99,,,,,,https://www.amazon.com/IDIFU-Black-Heels-Kitten-Square/dp/B0H33K5SGS/ref=zg_bsnr_g_679425011_d_sccl_32/130-2560457-7836624?psc=1,"https://images-na.ssl-images-amazon.com/images/I/61RO1a8KWKL._AC_UL300_SR300,200_.jpg",30,排名进入前50；标题包含 comfort，符合美国女鞋舒适化趋势；评分达到4.0以上。
2026-08-13,amazon_us,product,new_releases,New Releases Women Sandals,45,"IDIFU IN4 High Heels for Women Peep Toe Mesh Heeled Sandals | Block Chunky Dance Heels, Open Toe Booties, Lace Up Zipper Summer Boots, Buckle Sexy Dance Shoes for Ballroom Prom Party",,4.4,$35.09,,,,,,https://www.amazon.com/IDIFU-Heels-Women-Heeled-Sandals/dp/B0H24XNPSN/ref=zg_bsnr_g_679425011_d_sccl_45/130-2560457-7836624?psc=1,"https://images-na.ssl-images-amazon.com/images/I/81XjNsNSnPL._AC_UL300_SR300,200_.jpg",30,排名进入前50；标题包含 summer，符合美国女鞋舒适化趋势；评分达到4.3以上。
2026-08-13,amazon_us,product,search,platform sandals women,39,HEYDUDE,¥296.93,4.4,HEYDUDE,,,,,,https://www.amazon.com/HEYDUDE-Womens-Austin-Classic-Cognac/dp/B0F7NWHTF1/ref=sr_1_28?dib=eyJ2IjoiMSJ9.o3FdTlUi3PheyYZBHWEQOLqoyQIC8OIT0T3DX7SLczYhnpOHkv9SLh4cxoLSh7YAtSNsg73eXewcMJfHJPDLwE_PxwrfDkIX3SGOprWzbs3T60lcbgtM38d7dK6JGysYsoJsV35BnOuzSMmJYUJmSBl75QALcK3ZL_f2y4EdBpqJ8GahynZ2dYjFcJWxmmEPufm57X-BH2WDcB8brd9vdHByetth_7aj7IHrtcufr6X_tQWiJYmABG2L9EwVMcWz3Fp6KYBXc5NVnwkTRyzLLbOxLiY0jm_ivHFMne0ksQk.bgl-gabY0QKnFX6ytqdnQWIJBhiRMA4q6nlWaDL0lrU&dib_tag=se&keywords=platform+sandals+women&qid=1786591564&sr=8-28,https://m.media-amazon.com/images/I/71+OUCJdJzL._AC_UL320_.jpg,30,排名进入前50；价格高于人民币等值¥288.00；评分达到4.3以上。
2026-08-13,amazon_us,product,search,platform sandals women,47,TOMS,¥395.64,4.4,TOMS,,,,,,https://www.amazon.com/TOMS-Womens-Diana-Sandal-Black/dp/B09TT44N4V/ref=sr_1_36?dib=eyJ2IjoiMSJ9.o3FdTlUi3PheyYZBHWEQOLqoyQIC8OIT0T3DX7SLczYhnpOHkv9SLh4cxoLSh7YAtSNsg73eXewcMJfHJPDLwE_PxwrfDkIX3SGOprWzbs3T60lcbgtM38d7dK6JGysYsoJsV35BnOuzSMmJYUJmSBl75QALcK3ZL_f2y4EdBpqJ8GahynZ2dYjFcJWxmmEPufm57X-BH2WDcB8brd9vdHByetth_7aj7IHrtcufr6X_tQWiJYmABG2L9EwVMcWz3Fp6KYBXc5NVnwkTRyzLLbOxLiY0jm_ivHFMne0ksQk.bgl-gabY0QKnFX6ytqdnQWIJBhiRMA4q6nlWaDL0lrU&dib_tag=se&keywords=platform+sandals+women&qid=1786591564&sr=8-36,https://m.media-amazon.com/images/I/71tGQVFxBAL._AC_UL320_.jpg,30,排名进入前50；价格高于人民币等值¥288.00；评分达到4.3以上。
2026-08-13,amazon_us,product,new_releases,New Releases Women Sandals,37,"CUSHIONAIRE Trio Flip Flops for Women, Comfortable Beach Sandals with Braided Thong Strap, Memory Foam Footbed and Metallic Ring Accents",,3.6,$39.99,,,,,,https://www.amazon.com/CUSHIONAIRE-Comfortable-Sandals-Braided-Metallic/dp/B0H37V36JH/ref=zg_bsnr_g_679425011_d_sccl_37/130-2560457-7836624?psc=1,"https://images-na.ssl-images-amazon.com/images/I/71Bu6Js8cPL._AC_UL300_SR300,200_.jpg",29,排名进入前50；标题包含 comfort、beach，符合美国女鞋舒适化趋势。
2026-08-13,amazon_us,product,new_releases,New Releases Women Sandals,46,"DREAM PAIRS Women's High Heels Kitten Mules | Dressy Comfortable Fashion Pointed Peep Toe Slip On Sandals tacones,Suitable for Wedding Daily Work Travel Vacation Summer",,3.7,$25.99,,,,,,https://www.amazon.com/DREAM-PAIRS-Womens-Heels-Kitten/dp/B0GYPVF22S/ref=zg_bsnr_g_679425011_d_sccl_46/130-2560457-7836624?psc=1,"https://images-na.ssl-images-amazon.com/images/I/61ySebuBdYL._AC_UL300_SR300,200_.jpg",29,排名进入前50；标题包含 comfort、summer，符合美国女鞋舒适化趋势。
2026-08-13,amazon_us,product,new_releases,New Releases Women Sandals,34,"CUSHIONAIRE Fuse Chunky Womens Sandals with Double Buckle Straps and Durable Lug Sole, Casual Platform Sandals Women Footwear",,3.9,$44.99,,,,,,https://www.amazon.com/CUSHIONAIRE-Sandals-Platform-Footwear-TORTOISE/dp/B0H427B8X1/ref=zg_bsnr_g_679425011_d_sccl_34/130-2560457-7836624?psc=1,"https://images-na.ssl-images-amazon.com/images/I/81J+-tsF-qL._AC_UL300_SR300,200_.jpg",28,排名进入前50；标题包含 platform，符合美国女鞋舒适化趋势。
2026-08-13,amazon_us,product,new_releases,New Releases Women Sandals,31,"Joomra Women's Cork-Inspired Footbed Slides Adjustable Buckle Sandals | Natural Foot-Shaped, Vegan Upper, Two-Strap, Casual Daily Slippers, Comfy Indoor Outdoor Sandles",,4.3,$9.99,,,,,,https://www.amazon.com/Joomra-Footbed-Slides-Double-Sandals/dp/B0H4QRWZ96/ref=zg_bsnr_g_679425011_d_sccl_31/130-2560457-7836624?psc=1,"https://images-na.ssl-images-amazon.com/images/I/81g9PA4Ey0L._AC_UL300_SR300,200_.jpg",27,排名进入前50；评分达到4.3以上。
2026-08-13,amazon_us,product,search,platform sandals women,33,CUSHIONAIRE,¥359.93,4.1,CUSHIONAIRE,,,,,,https://www.amazon.com/CUSHIONAIRE-Womens-platform-sandal-Memory/dp/B0CCF6M3TX/ref=sr_1_22?dib=eyJ2IjoiMSJ9.o3FdTlUi3PheyYZBHWEQOLqoyQIC8OIT0T3DX7SLczYhnpOHkv9SLh4cxoLSh7YAtSNsg73eXewcMJfHJPDLwE_PxwrfDkIX3SGOprWzbs3T60lcbgtM38d7dK6JGysYsoJsV35BnOuzSMmJYUJmSBl75QALcK3ZL_f2y4EdBpqJ8GahynZ2dYjFcJWxmmEPufm57X-BH2WDcB8brd9vdHByetth_7aj7IHrtcufr6X_tQWiJYmABG2L9EwVMcWz3Fp6KYBXc5NVnwkTRyzLLbOxLiY0jm_ivHFMne0ksQk.bgl-gabY0QKnFX6ytqdnQWIJBhiRMA4q6nlWaDL0lrU&dib_tag=se&keywords=platform+sandals+women&qid=1786591564&sr=8-22,https://m.media-amazon.com/images/I/81IyApfBfXL._AC_UL320_.jpg,27,排名进入前50；价格高于人民币等值¥288.00；评分达到4.0以上。
2026-08-13,amazon_us,product,search,women summer slippers,50,CHGANG,¥53.21,3.8,CHGANG,,,,,,https://www.amazon.com/CHGANG-House-Slippers-Womens-Cotton/dp/B0G58LHD6Y/ref=sr_1_42?dib=eyJ2IjoiMSJ9.3B_wBrVg1UMy5tWehIloEqh3GcRQaYuBAiGuYjezoF910vaZZiwjsPuQ7mqpnKXT9aAvcre6scfsVhZvNblL5NKBMAnXLmVkQZ6TCI0y3KliaeA1Mjx3LymzbAdH_qoSpfH1MeCRmFOTyCgRnphnklZpVE7zpyTWWMq9kRFl1ApASPRXOQJSD83VKFHnkNosclvsXAzzWyVHg7wrMHgTAC_PxXqJfP3JCC0x3zgsngUVRxJ5JWuyAukVbiaYhb2LnF3NNqOUNAicWwWTCRqVPsCIFL9bO-rEl2LFixmonB0.IEtYwhqjNl_7rZgPT2ckn9fCWtZhbwpoFnsOKhJe5fE&dib_tag=se&keywords=women+summer+slippers&qid=1786591563&sr=8-42,https://m.media-amazon.com/images/I/71eCq66Oq9L._AC_UL320_.jpg,25,排名进入前50；价格低于人民币等值¥57.60。
2026-08-13,amazon_us,product,new_releases,New Releases Women Sandals,38,"CUSHIONAIRE Naty Jelly Kitten Heels for Women, Chic Slip-On Mule Design with Modern Open Square Toe Womens Heels",,4.0,$49.99,,,,,,https://www.amazon.com/CUSHIONAIRE-Kitten-Design-Modern-Square/dp/B0H4WP4VGQ/ref=zg_bsnr_g_679425011_d_sccl_38/130-2560457-7836624?psc=1,"https://images-na.ssl-images-amazon.com/images/I/71fKFGGvKPL._AC_UL300_SR300,200_.jpg",24,排名进入前50；评分达到4.0以上。
2026-08-13,amazon_us,product,best_sellers,Best Sellers Women Sandals,31,CUSHIONAIRE Pool Slides for Women Water Resistant Double Buckle Adjustable Slip-On Womens Sandals for Beach Shower Casual Wear,,3.8,$44.99,,,,,,https://www.amazon.com/CUSHIONAIRE-Sandals-Resistant-Double-Buckle/dp/B0GXHKZW5C/ref=zg_bs_g_679425011_d_sccl_31/130-2560457-7836624?psc=1,"https://images-na.ssl-images-amazon.com/images/I/71NStLIJ8SL._AC_UL300_SR300,200_.jpg",23,排名进入前50；标题包含 beach，符合美国女鞋舒适化趋势。
2026-08-13,amazon_us,product,search,platform sandals women,31,Madden Girl,¥403.34,3.8,Madden Girl,,,,,,https://www.amazon.com/Madden-Girl-Womens-Mythicall-Natural/dp/B0CNKPC4Y5/ref=sr_1_20?dib=eyJ2IjoiMSJ9.o3FdTlUi3PheyYZBHWEQOLqoyQIC8OIT0T3DX7SLczYhnpOHkv9SLh4cxoLSh7YAtSNsg73eXewcMJfHJPDLwE_PxwrfDkIX3SGOprWzbs3T60lcbgtM38d7dK6JGysYsoJsV35BnOuzSMmJYUJmSBl75QALcK3ZL_f2y4EdBpqJ8GahynZ2dYjFcJWxmmEPufm57X-BH2WDcB8brd9vdHByetth_7aj7IHrtcufr6X_tQWiJYmABG2L9EwVMcWz3Fp6KYBXc5NVnwkTRyzLLbOxLiY0jm_ivHFMne0ksQk.bgl-gabY0QKnFX6ytqdnQWIJBhiRMA4q6nlWaDL0lrU&dib_tag=se&keywords=platform+sandals+women&qid=1786591564&sr=8-20,https://m.media-amazon.com/images/I/71SNHrdlHML._AC_UL320_.jpg,23,排名进入前50；价格高于人民币等值¥288.00。
2026-08-13,amazon_us,product,best_sellers,Best Sellers Women Sandals,34,"CUSHIONAIRE Miami Kitten Heels for Women, Thong Flip Flop Heeled Sandals with Memory Foam, Slip On Dressy Sandal",,3.9,$39.99,,,,,,https://www.amazon.com/CUSHIONAIRE-Womens-Kitten-sandals-Available/dp/B0DB9JN4K3/ref=zg_bs_g_679425011_d_sccl_34/130-2560457-7836624?psc=1,"https://images-na.ssl-images-amazon.com/images/I/71P702x5XoL._AC_UL300_SR300,200_.jpg",20,排名进入前50。
